GaiaDR3                               RA         DEC   Gmag  Bp-Rp  Voff(km/s) Sep(deg)   3D(pc) Vr(pred)  Vr(obs)    Vrerr Plx(mas)  SpT    FnuvJ  W1-W3    RUWE  XCrate                               RVsrc    PMRApred   PMDecpred        PMRA     PMRAerr       PMDec    PMDecerr
Gaia DR3 1411414596649598208 247.6669945  49.0467976 10.254  0.933       0.000   0.0000   0.0000   -28.76      nan      nan    9.888  nan      nan    nan   0.950     nan                                None     -25.207      61.451     -25.207       0.014      61.451       0.017
Gaia DR3 1411826295034475904 248.1432460  50.3616193 17.496  3.339       2.665   1.3504   3.1210   -28.14      nan      nan    9.698  nan      nan    nan   0.964     nan                                None     -24.022      61.757     -28.267       0.077      65.173       0.107
Gaia DR3 1406715966851090432 248.4748612  45.6995673 18.281  3.657       1.890   3.3916   8.2595   -30.55      nan      nan   10.498  nan      nan    nan   0.984     nan                                None     -25.475      61.672     -28.630       0.123      58.927       0.159
Gaia DR3 1399718503053169536 240.0026426  48.1231269 11.980  1.520       1.852   5.1511   9.7749   -27.91      nan      nan   10.299  nan      nan    nan   1.043     nan                                None     -37.927      59.784     -40.316       0.011      56.550       0.015
Gaia DR3 1408801675985509888 251.0895917  47.7012209 15.280  2.468       0.488   2.6415  10.8492   -29.88      nan      nan    9.024  nan      nan    nan   1.085     nan                                None     -18.291      55.689     -18.662       0.025      56.541       0.028
Gaia DR3 1397228938145659136 238.4980303  46.1265316 18.293  3.661       0.935   6.8330  12.9447   -28.52      nan      nan    9.507  nan      nan    nan   1.006     nan                                None     -37.059      52.523     -35.344       0.133      53.276       0.144
Gaia DR3 1415779039336387968 258.3857660  52.2453687 13.699  2.076       2.928   7.5021  13.2087   -28.01      nan      nan    9.938  nan      nan    nan   1.101     nan                                None      -8.866      67.560     -10.804       0.016      73.379       0.014
Gaia DR3 1415713407940128640 258.4754161  51.9930991 12.299  1.544       2.727   7.4677  13.2657   -28.15      nan      nan    9.797  nan      nan    nan   1.114     nan                                None      -8.603      66.363     -10.555       0.013      71.646       0.012
Gaia DR3 1397140393099782144 239.1450500  45.6374702 17.511  3.117       0.583   6.7002  13.8490   -28.89      nan      nan    9.286  nan      nan    nan   4.792     nan                                None     -35.341      51.112     -34.485       0.450      51.869       0.523
Gaia DR3 1357102463153027328 248.2062285  42.0123788 18.833  3.827       1.356   7.0445  14.2589   -32.23      nan      nan    9.311  nan      nan    nan   0.988     nan                                None     -22.974      50.656     -22.624       0.150      53.295       0.185
Gaia DR3 1359994286109654144 257.3010332  47.3961718 14.322  2.435       1.052   6.6224  14.5140   -30.57      nan      nan   10.892  nan      nan    nan   1.038     nan                                None     -11.570      68.193     -12.660       0.014      66.039       0.017
Gaia DR3 1430777236932556800 250.7329040  57.1666934 15.321  2.436       1.954   8.3237  14.8082   -24.63      nan      nan    9.776  nan      nan    nan   1.096     nan                                None     -20.352      69.539     -22.056       0.029      65.891       0.031
Gaia DR3 1419034487107427200 256.8685001  53.1532783 16.820  3.043       2.265   7.0801  14.9773   -27.42      nan      nan   10.863  nan      nan    nan   0.963     nan                                None     -12.275      74.629      -8.912       0.051      78.578       0.063
Gaia DR3 1597604349508327040 237.6362818  55.1098152 11.665  1.333       1.369   8.6309  15.1819   -23.92      nan      nan    9.960  nan      nan    nan   0.903     nan                                None     -40.042      63.223     -39.096       0.012      60.507       0.015
Gaia DR3 1380906825470882816 244.4606541  41.5359738 15.932  2.739       0.919   7.8403  15.7853   -31.81      nan      nan    9.272  nan      nan    nan   1.036     nan                                None     -28.094      48.811     -29.890       0.032      48.876       0.036
Gaia DR3 1384269991022042496 238.2359558  42.9697938 12.644  1.699       2.320   8.9229  15.7976   -29.86      nan      nan   10.202  nan      nan    nan   1.132     nan                                None     -40.146      52.769     -41.030       0.010      57.680       0.013
Gaia DR3 1419491162390012288 259.7329519  53.9974087 16.212  2.828       2.024   8.9746  15.9655   -27.06      nan      nan    9.771  nan      nan    nan   1.092     nan                                None      -6.649      68.307      -3.679       0.042      71.231       0.053
Gaia DR3 1357987230711856256 254.7694337  42.9599070 14.080  2.135       2.592   7.8279  16.8070   -32.58      nan      nan    9.106  nan      nan    nan   1.136     nan                                None     -13.273      51.955     -18.165       0.015      52.869       0.017
Gaia DR3 1382287635980344704 245.7573982  43.7004313 17.741  3.650       1.960   5.5058  18.4877   -31.07      nan      nan    8.591  nan      nan    nan   1.001     nan                                None     -24.370      47.768     -23.045       0.096      51.061       0.119
Gaia DR3 1410161870656850176 247.2690749  47.6332087 19.672  2.888       0.991   1.4381  19.1619   -29.42      nan      nan    8.327  nan      nan    nan   1.059     nan                                None     -21.728      50.376     -20.971       0.314      51.943       0.374
Gaia DR3 1431084412993113088 247.8017494  56.8767282 15.714  2.836       2.238   7.8303  19.2273   -24.49      nan      nan   11.524  nan      nan    nan   0.950     nan                                None     -29.142      80.531     -24.327       0.031      78.004       0.037
Gaia DR3 1403230725445415808 237.1265710  49.6278105 15.273  2.541       2.168   6.8870  20.2741   -26.58      nan      nan    8.573  nan      nan    nan   1.013     nan                                None     -35.081      49.799     -31.408       0.023      48.436       0.028
Gaia DR3 1361928739379374336 263.0692578  46.2240943 16.289  3.068       2.085  10.7346  20.6049   -31.37      nan      nan   10.988  nan      nan    nan   0.984     nan                                None      -1.703      67.821      -1.958       0.042      62.999       0.046
Gaia DR3 1431675263054748672 249.1003661  58.1340074 15.264  2.709       2.703   9.1264  20.6116   -23.90      nan      nan    8.866  nan      nan    nan   1.900     nan                                None     -20.671      63.360     -25.572       0.053      62.140       0.047
Gaia DR3 1368180425056141440 264.9913986  50.9824289 14.758  2.439       2.121  11.2722  20.6672   -28.84      nan      nan    9.505  nan      nan    nan   1.058     nan                                None       1.409      63.683      -2.804       0.022      64.235       0.020
Gaia DR3 1348238101626698368 260.9026662  42.9286241  8.135  0.662       2.438  11.0214  20.8375   -32.96      nan      nan   10.930  nan      nan    nan  19.439     nan                                None      -5.426      63.101      -9.539       0.390      66.926       0.447
Gaia DR3 1405476542369521152 246.9769903  43.1526370 16.844  3.265       2.300   5.9135  21.4293   -31.52      nan      nan   12.215  nan      nan    nan   0.973     nan                                None     -32.412      67.638     -37.403       0.053      70.829       0.066
Gaia DR3 1588085946066374272 229.7447412  46.8056218 12.158  1.499       2.342  12.1867  21.4916   -25.98      nan      nan    9.869  nan      nan    nan   1.085     nan                                None     -50.265      50.269     -50.404       0.011      45.398       0.014
Gaia DR3 1412310492467681792 252.1370038  50.0169568 16.211  3.466       2.482   3.0585  21.5797   -28.78      nan      nan   12.486  nan      nan    nan   1.093     nan                                None     -23.295      80.513     -26.053       0.052      86.435       0.062
Gaia DR3 1404509904145750656 236.7367130  51.9793851 10.918  0.967       1.114   7.5343  21.7159   -25.34      nan      nan    8.514  nan      nan    nan   0.909     nan                                None     -35.306      51.186     -34.275       0.013      52.899       0.020
Gaia DR3 1382001664173978624 243.3403690  42.8010703 18.069  3.709       1.257   6.9302  22.0240   -31.04      nan      nan    8.423  nan      nan    nan   1.539     nan                                None     -26.919      45.231     -24.860       0.166      46.091       0.176
Gaia DR3 1391044666275921024 232.3021543  43.2490414 11.193  1.133       2.320  12.0897  22.0652   -28.19      nan      nan    9.517  nan      nan    nan   0.935     nan                                None     -45.257      46.584     -48.019       0.012      42.836       0.017
Gaia DR3 1399079828532113920 243.3083539  47.6975460 19.877  2.901       2.446   3.1937  22.2989   -28.75      nan      nan    8.160  nan      nan    nan   1.042     nan                                None     -26.118      48.210     -29.142       0.373      51.137       0.493
Gaia DR3 1601786513783528064 236.4291536  57.2632640  7.689  0.582       2.993  10.5988  22.5971   -22.55      nan      nan    8.910  nan      nan    nan   0.849     nan                                None     -37.331      57.558     -32.105       0.017      59.626       0.017
Gaia DR3 1424108183514450304 246.7742147  51.6516902 15.640  3.124       2.015   2.6664  22.8461   -27.27      nan      nan   12.713  nan      nan    nan   1.104     nan                                None     -34.120      82.018     -29.223       0.037      84.297       0.040
Gaia DR3 1341938823417037184 258.7275412  40.4563838 19.167  3.695       1.508  11.6164  23.5009   -34.02      nan      nan   11.452  nan      nan    nan   0.994     nan                                None      -9.602      62.426      -9.520       0.263      58.787       0.275
Gaia DR3 1340970948242036224 257.0774550  37.6221003 10.220  0.995       2.002  13.2949  23.5689   -35.15      nan      nan   10.572  nan      nan    nan   1.352     nan                                None     -11.601      53.630     -11.206       0.016      58.075       0.018
Gaia DR3 1340970948242035968 257.0777496  37.6207171 16.584  2.360       2.127  13.2962  23.6091   -35.15      nan      nan   10.598  nan      nan    nan   1.041     nan                                None     -11.628      53.758      -8.200       0.070      57.051       0.105
Gaia DR3 1390852423539881856 231.1220654  41.8441954 16.769  3.206       1.701  13.6166  24.0501   -28.39      nan      nan   10.539  nan      nan    nan   0.957     nan                                None     -51.775      49.335     -48.082       0.044      48.527       0.063
Gaia DR3 1587830825008931840 227.4499112  46.4347744 12.031  1.467       1.580  13.8009  24.1240   -25.45      nan      nan   10.176  nan      nan    nan   1.046     nan                                None     -54.828      49.922     -53.369       0.011      46.863       0.012
Gaia DR3 1339391018751588736 255.9069107  36.8682192 19.088  3.603       2.602  13.5706  24.8461   -35.37      nan      nan    9.463  nan      nan    nan   1.060     nan                                None     -12.116      46.940     -16.963       0.221      48.796       0.253
Gaia DR3 1422422559173170944 262.9402184  57.8331253 17.629  3.640       2.845  12.5938  24.8718   -24.84      nan      nan   11.470  nan      nan    nan   1.076     nan                                None      -2.010      84.615      -5.754       0.127      90.387       0.115
Gaia DR3 1410134730754673536 246.9033704  47.3811086 12.631  1.460       2.909   1.7417  25.9406   -29.49      nan      nan    7.884  nan      nan    nan   0.989     nan                                None     -21.007      47.382     -20.783       0.011      52.212       0.013
Gaia DR3 1378814587985680896 244.1939187  38.1735139 19.671  3.118       2.483  11.1571  26.0464   -33.17      nan      nan   12.191  nan      nan    nan   1.010     nan                                None     -37.423      59.165     -43.804       0.248      59.277       0.321
Gaia DR3 1401174776140330368 234.5251743  47.8236794 15.001  2.818       2.921   8.7931  26.1045   -26.81      nan      nan    8.266  nan      nan    nan   1.467     nan                                None     -36.814      45.346     -34.807       0.028      40.669       0.036
Gaia DR3 1624346155923181440 250.1101186  60.4952692 14.897  2.427       1.579  11.5329  27.3711   -22.58      nan      nan    8.508  nan      nan    nan   1.012     nan                                None     -18.524      62.812     -19.066       0.024      60.032       0.024
Gaia DR3 1401514215995451008 235.9244741  48.1805687 16.838  2.885       1.874   7.8036  27.7615   -26.99      nan      nan    8.044  nan      nan    nan   1.084     nan                                None     -34.268      45.046     -35.751       0.055      42.236       0.065
Gaia DR3 1630077360283685888 245.4864952  64.9685513 17.796  3.438       2.554  15.9636  27.8760   -19.37      nan      nan   10.487  nan      nan    nan   0.932     nan                                None     -30.173      79.144     -27.755       0.110      74.042       0.102
Gaia DR3 1350719733730395520 269.6654517  46.6420674 15.408  2.585       1.644  14.9043  27.8938   -31.02      nan      nan   11.409  nan      nan    nan   1.025     nan                                None      10.086      70.618      12.103       0.030      67.219       0.029
Gaia DR3 1394067361179656448 231.9624119  43.5175637 12.495  2.069       1.774  12.1489  28.3415   -27.98      nan      nan   12.477  nan      nan    nan  33.268     nan                                None     -59.899      61.175     -55.250       0.350      61.567       0.466
Gaia DR3 1314306279440328448 250.8029294  32.9631300 17.494  3.733       2.779  16.2531  28.3467   -36.30      nan      nan   10.468  nan      nan    nan   1.059     nan                                None     -21.680      45.633     -23.107       0.078      51.598       0.094
Gaia DR3 1378008547179437824 236.8236687  41.0462793 13.608  2.212       1.733  11.0558  28.3966   -30.31      nan      nan   12.738  nan      nan    nan   1.065     nan                                None     -52.665      62.325     -56.365       0.012      65.145       0.014
Gaia DR3 1419552700681435136 259.2380520  54.1959806 15.627  2.710       2.744   8.8213  28.4239   -26.93      nan      nan   13.139  nan      nan    nan   1.037     nan                                None      -9.963      92.044     -11.276       0.033      84.557       0.036
Gaia DR3 1371714251131163264 238.2053405  34.3293899 18.279  0.395       2.502  16.2956  28.5970   -33.20      nan      nan   10.694  nan      nan    nan   1.017     nan                                None     -42.129      44.553     -38.288       0.100      48.682       0.130
Gaia DR3 1387381024813904640 231.1549187  37.6882422  9.342  0.803       1.015  16.4589  28.6529   -29.94      nan      nan   10.292  nan      nan    nan   1.029     nan                                None     -50.513      43.599     -52.471       0.014      44.606       0.018
Gaia DR3 1387381196612028672 231.1270348  37.7043304 15.319  2.632       0.403  16.4613  28.6610   -29.92      nan      nan   10.366  nan      nan    nan   1.366     nan                                None     -50.918      43.919     -50.392       0.032      44.625       0.042
Gaia DR3 1327022818610110336 252.6191936  35.1972153 16.684  3.060       2.831  14.3203  29.0628   -35.70      nan      nan   12.021  nan      nan    nan   1.012     nan                                None     -21.532      56.375     -21.943       0.043      49.212       0.051
Gaia DR3 1595631104093744256 230.5245860  51.1822304  9.383  0.876       1.797  11.1711  29.1352   -24.26      nan      nan    8.280  nan      nan    nan   0.961     nan                                None     -41.327      45.958     -38.318       0.011      45.074       0.013
Gaia DR3 1387585701478045568 230.7782736  37.8855868 14.307  2.433       0.574  16.5089  29.1950   -29.75      nan      nan    9.793  nan      nan    nan   1.218     nan                                None     -48.554      41.505     -47.396       0.031      41.751       0.052
Gaia DR3 1387585705774539776 230.7779847  37.8855765 15.062    nan       1.952  16.5090  29.2079   -29.75      nan      nan    9.787  nan      nan    nan   1.226     nan                                None     -48.521      41.476     -44.660       0.050      42.623       0.142
Gaia DR3 1387585018579306240 230.7864791  37.8409669 16.467  3.067       1.297  16.5377  29.3194   -29.77      nan      nan    9.755  nan      nan    nan   1.065     nan                                None     -48.353      41.299     -45.847       0.039      42.211       0.057
Gaia DR3 1343027859620377088 265.0523381  38.8831384 17.634  3.876       1.916  16.0544  29.5028   -34.86      nan      nan   11.391  nan      nan    nan   0.962     nan                                None       1.798      60.097       6.161       0.081      58.638       0.099
Gaia DR3 1433389985797136512 255.5206351  57.0026739 19.356  2.951       2.602   9.2391  29.8085   -25.09      nan      nan    8.012  nan      nan    nan   1.066     nan                                None     -10.740      57.832      -6.563       0.318      56.465       0.366
Gaia DR3 1605664353854448128 221.1802322  52.5236228 10.815  1.155       2.994  17.0007  29.8493   -21.02      nan      nan   10.797  nan      nan    nan   1.017     nan                                None     -66.380      53.405     -60.598       0.012      49.798       0.012
Gaia DR3 1372462743672240384 240.2922490  36.9179066 18.142  3.326       1.576  13.2592  29.9891   -32.80      nan      nan    8.515  nan      nan    nan   0.976     nan                                None     -31.002      38.839     -32.999       0.110      40.843       0.130
Gaia DR3 1589840182508765056 222.2968983  46.0907320 16.172  2.829       1.442  17.2865  30.0502   -23.90      nan      nan   10.346  nan      nan    nan   1.008     nan                                None     -62.265      46.600     -61.695       0.038      43.507       0.044
Gaia DR3 1374700185411646464 235.1630396  36.7768383 16.005  2.779       1.628  15.2679  30.0996   -31.49      nan      nan    8.962  nan      nan    nan   1.010     nan                                None     -39.124      38.800     -38.631       0.032      35.765       0.037
Gaia DR3 1345280621506802944 267.9965162  42.0508403 16.954  3.310       2.482  15.7957  30.1083   -33.35      nan      nan   11.749  nan      nan    nan   1.044     nan                                None       7.304      66.507       1.256       0.054      65.408       0.061
Gaia DR3 1401157076579625984 234.7834247  47.6806924 18.589  3.321       1.892   8.6572  30.1711   -26.94      nan      nan    7.935  nan      nan    nan   0.981     nan                                None     -35.057      43.534     -31.954       0.153      42.914       0.183
Gaia DR3 1328633117812455552 244.3713662  33.2505033 18.066  3.585       2.553  15.9860  30.2105   -35.05      nan      nan    9.181  nan      nan    nan   1.031     nan                                None     -27.941      38.927     -31.115       0.104      42.713       0.131
Gaia DR3 1374700185412216832 235.1617668  36.7768819 13.411  2.000       2.820  15.2685  30.3233   -31.49      nan      nan    8.924  nan      nan    nan   1.102     nan                                None     -38.961      38.636     -38.553       0.023      33.347       0.026
Gaia DR3 1376178203916348800 236.1961531  37.1584342  8.753  0.697       2.643  14.5070  30.4467   -31.64      nan      nan    8.711  nan      nan    nan   6.793     nan                                None     -36.782      38.508     -36.466       0.085      33.665       0.103
Gaia DR3 2158715782049718784 270.8005942  60.4116648 14.283  2.300       2.798  17.3753  30.5542   -23.10      nan      nan    9.886  nan      nan    nan   1.010     nan                                None      10.499      74.666      15.893       0.022      72.453       0.019
Gaia DR3 2158715610251025152 270.7393148  60.4176483 11.164  1.156       2.916  17.3523  30.5875   -23.10      nan      nan    9.841  nan      nan    nan   0.944     nan                                None      10.357      74.341      16.149       0.021      72.594       0.016
Gaia DR3 1324643093194831104 248.8197002  31.7927004 19.432  3.257       0.862  17.2759  30.7132   -36.40      nan      nan   11.095  nan      nan    nan   1.116     nan                                None     -26.341      46.169     -27.289       0.262      44.390       0.336
Gaia DR3 1312599970536547968 249.5918381  31.3938694 17.655  3.473       1.933  17.7125  30.7672   -36.67      nan      nan   10.377  nan      nan    nan   1.025     nan                                None     -23.415      42.794     -23.891       0.072      38.593       0.091
Gaia DR3 1360139833961363712 259.9474301  42.7981674  9.340  0.843       2.949  10.5629  30.9943   -32.99      nan      nan   13.409  nan      nan    nan   0.888     nan                                None      -8.673      77.113      -0.513       0.011      75.404       0.011
Gaia DR3 1388174906567489152 231.8679254  39.4162600 14.002  2.450       1.445  14.8102  31.0078   -29.54      nan      nan   12.400  nan      nan    nan   1.263     nan                                None     -59.686      55.345     -59.712       0.014      51.569       0.017
Gaia DR3 1403720386076365952 239.3413211  50.6092029 16.469  2.846       2.222   5.5899  31.0304   -26.56      nan      nan    7.688  nan      nan    nan   1.021     nan                                None     -29.043      46.294     -25.627       0.040      47.433       0.048
Gaia DR3 1361992270535761920 262.3783484  46.3553286  8.180  0.637       1.143  10.2416  31.0333   -31.30      nan      nan   13.473  nan      nan    nan   9.647     nan                                None      -3.555      83.336      -4.734       0.191      86.361       0.206
Gaia DR3 1635753520342407552 253.8738493  66.6335620 14.025  2.276       1.551  17.8735  31.1970   -18.94      nan      nan   10.061  nan      nan    nan   1.169     nan                                None     -16.066      80.119     -18.786       0.017      78.268       0.017
Gaia DR3 1630954044711781376 255.4990029  62.5303243 19.098  3.969       0.572  14.1599  31.3167   -21.68      nan      nan   12.682  nan      nan    nan   1.069     nan                                None     -17.044      97.575     -17.027       0.360      96.047       0.330
Gaia DR3 2149404086793636096 272.8724404  53.6980141 15.860  2.961       2.793  16.3094  31.3553   -27.01      nan      nan    9.062  nan      nan    nan   1.050     nan                                None      12.558      62.488       9.937       0.038      67.136       0.037
Gaia DR3 1644403447036663040 233.1128759  65.3724689 11.959  1.486       2.529  18.0263  31.4864   -17.50      nan      nan   10.037  nan      nan    nan   1.114     nan                                None     -46.630      68.589     -41.613       0.011      70.449       0.014
Gaia DR3 1624081414138880256 246.8844841  59.8873697  9.941  0.772       2.023  10.8499  31.5745   -22.62      nan      nan    8.031  nan      nan    nan   0.929     nan                                None     -21.422      57.936     -23.005       0.014      60.974       0.014
Gaia DR3 1394080624038638080 231.0871619  43.2311499 17.275  3.551       2.607  12.8391  32.5368   -27.84      nan      nan   13.321  nan      nan    nan   1.037     nan                                None     -65.501      64.241     -60.437       0.073      69.528       0.094
Gaia DR3 1334403015534057728 257.6856576  32.5198517 13.866  2.180       1.848  18.1474  32.5800   -37.20      nan      nan    9.576  nan      nan    nan   1.415     nan                                None      -9.595      42.127      -6.280       0.017      43.837       0.017
Gaia DR3 1348169068616696832 261.2411625  42.4989944 18.749  3.400       1.888  11.4846  32.6026   -33.18      nan      nan    8.016  nan      nan    nan   1.048     nan                                None      -3.552      45.875      -4.931       0.202      42.998       0.218
Gaia DR3 1376178169556611200 236.1865391  37.1624694 13.981  1.965       2.420  14.5075  32.6413   -31.64      nan      nan    8.440  nan      nan    nan   0.980     nan                                None     -35.647      37.308     -33.386       0.013      40.971       0.015
Gaia DR3 1428301514703769856 244.9066445  53.6693897 14.904  2.467       0.988   4.9325  32.6810   -25.92      nan      nan    7.561  nan      nan    nan   0.983     nan                                None     -22.409      49.723     -23.000       0.022      51.182       0.025
Gaia DR3 1593708092616800512 223.0233504  52.5892902  7.637  0.382       2.845  15.8833  32.9726   -21.55      nan      nan    8.681  nan      nan    nan   1.211     nan                                None     -51.498      44.326     -48.405       0.024      40.138       0.026
Gaia DR3 1312442572871501312 251.4470681  31.5810357 17.545  3.170       0.795  17.6962  32.9863   -36.88      nan      nan    9.233  nan      nan    nan   0.962     nan                                None     -18.208      38.642     -19.429       0.072      37.692       0.084
Gaia DR3 1412126319974269696 252.5357044  49.8158253 18.530  0.833       2.759   3.2578  33.0487   -28.93      nan      nan   14.616  nan      nan    nan   1.010     nan                                None     -26.369      94.077     -26.084       0.159      85.579       0.184
Gaia DR3 1370364467465621376 235.6158284  32.2772979 10.236  0.853       1.833  19.0454  33.1300   -33.14      nan      nan   10.150  nan      nan    nan   0.920     nan                                None     -43.674      38.705     -45.847       0.010      41.970       0.012
Gaia DR3 1326320677356406016 250.5086511  33.1023496  7.803  0.545       1.048  16.0847  33.1837   -36.21      nan      nan   12.596  nan      nan    nan   1.015     nan                                None     -26.656      55.070     -28.452       0.018      52.944       0.020
Gaia DR3 1376736927622582272 237.3411765  38.6104168 17.696  2.968       2.672  12.7968  33.2877   -31.41      nan      nan    8.114  nan      nan    nan   0.989     nan                                None     -32.959      37.649     -35.339       0.072      33.748       0.093
Gaia DR3 1364081067750442112 267.6619083  48.7843763 15.069  2.629       2.677  13.1046  33.3750   -29.98      nan      nan    8.147  nan      nan    nan   2.221     nan                                None       4.636      52.540       0.589       0.055      54.721       0.055
Gaia DR3 1593903049772189440 226.5738501  52.8705731 15.406  2.705       1.385  13.7686  33.4393   -22.44      nan      nan    8.235  nan      nan    nan   1.120     nan                                None     -45.279      44.555     -47.662       0.030      44.230       0.028
Gaia DR3 1607738921843325440 220.2585235  56.6567511 18.389  0.485       2.976  18.0564  33.5003   -19.01      nan      nan   11.859  nan      nan    nan   1.030     nan                                None     -74.165      61.308     -80.877       0.108      64.519       0.127
Gaia DR3 1591350224290808960 220.0694545  48.7092234  7.806  0.503       2.641  18.0525  33.6539   -22.15      nan      nan    9.224  nan      nan    nan   4.401     nan                                None     -57.883      41.968     -61.823       0.082      45.262       0.084
Gaia DR3 1619373545866994048 224.8977961  61.9891767 16.857  3.133       1.569  18.0830  33.7151   -17.73      nan      nan   11.929  nan      nan    nan   1.077     nan                                None     -68.066      70.952     -71.900       0.064      71.879       0.065
Gaia DR3 1347761085378652416 260.2226051  41.0390991 16.024  2.469       2.165  11.9229  33.7740   -33.82      nan      nan    7.969  nan      nan    nan   0.992     nan                                None      -4.809      44.121      -2.492       0.032      46.925       0.041
Gaia DR3 2121083514823898496 277.9864779  50.2511727 11.617  1.395       2.821  19.5319  33.8103   -28.44      nan      nan   10.484  nan      nan    nan   0.913     nan                                None      22.815      67.288      25.545       0.011      72.894       0.013
Gaia DR3 1437333246811915776 258.8108223  60.1769593 15.841  2.988       1.158  12.8269  33.9039   -23.31      nan      nan   13.661  nan      nan    nan   0.965     nan                                None     -11.277     103.201      -9.340       0.039     105.917       0.042
Gaia DR3 1644793838090290688 232.2596470  66.9980212 15.474  2.577       1.083  19.5902  33.9078   -16.45      nan      nan   10.515  nan      nan    nan   1.063     nan                                None     -50.064      72.257     -51.048       0.036      70.067       0.040
Gaia DR3 1644793842384119680 232.2560445  66.9979493 11.166  1.161       0.920  19.5909  33.9084   -16.45      nan      nan   10.493  nan      nan    nan   0.797     nan                                None     -49.959      72.097     -51.365       0.015      70.624       0.015
Gaia DR3 1333670672070554880 260.5209602  31.9876561  8.099  0.680       2.722  19.5977  33.9201   -37.54      nan      nan   10.517  nan      nan    nan   1.806     nan                                None      -5.853      45.712     -10.236       0.030      41.564       0.031
Gaia DR3 1644793838088690176 232.2739091  67.0039813 16.152  3.085       1.311  19.5924  33.9228   -16.45      nan      nan   10.596  nan      nan    nan   1.035     nan                                None     -50.426      72.825     -50.537       0.048      69.899       0.049
Gaia DR3 4609935325336062976 269.6277016  37.8712753  8.613  0.702       1.811  19.3528  34.0927   -35.14      nan      nan   11.217  nan      nan    nan   0.980     nan                                None       9.850      57.429       5.983       0.014      59.270       0.017
Gaia DR3 1421076963099435264 265.8035952  55.9464795 18.188  3.190       1.794  12.9610  34.1050   -25.98      nan      nan    8.063  nan      nan    nan   0.951     nan                                None       2.228      58.045       5.276       0.146      57.939       0.157
Gaia DR3 1400598803846235136 242.2061708  50.8577048  8.959  0.640       2.722   3.9515  34.1718   -26.97      nan      nan    7.444  nan      nan    nan   0.921     nan                                None     -25.031      46.035     -26.791       0.012      49.926       0.014
Gaia DR3 1643392136857899392 243.9009377  67.2559887 12.004  1.359       0.848  18.3093  34.3307   -17.77      nan      nan    9.173  nan      nan    nan   1.208     nan                                None     -28.555      69.962     -29.956       0.014      69.109       0.014
Gaia DR3 1404545805775274752 237.4407650  52.4548825 10.474  0.851       0.391   7.3036  34.4384   -25.25      nan      nan    7.561  nan      nan    nan   1.004     nan                                None     -30.606      46.093     -30.469       0.012      45.485       0.013
Gaia DR3 1344503094987064192 268.3251562  40.0081857  4.805  1.373       1.917  17.1953  34.7516   -34.27      nan      nan    8.747  nan      nan    nan   0.975     nan                                None       5.890      47.268       7.426       0.072      50.451       0.067
Gaia DR3 1274234337647881600 234.0124827  31.9216855 16.842  3.111       2.365  19.9584  34.8608   -32.75      nan      nan   10.007  nan      nan    nan   0.999     nan                                None     -45.271      37.075     -46.583       0.044      41.889       0.059
Gaia DR3 4609721985720106624 269.2274947  36.6671217 15.454  2.829       2.320  19.9548  34.8810   -35.66      nan      nan    9.989  nan      nan    nan   0.984     nan                                None       8.143      49.609       4.458       0.023      46.401       0.027
Gaia DR3 4600278619649443584 260.8300292  31.8057658 17.975  3.497       2.188  19.8759  34.9105   -37.62      nan      nan    9.886  nan      nan    nan   1.041     nan                                None      -5.020      42.735      -5.859       0.113      47.216       0.118
Gaia DR3 2148813850911203968 276.5384686  53.4721971  9.143  0.660       2.374  18.4631  35.0863   -26.83      nan      nan    9.070  nan      nan    nan   1.063     nan                                None      17.722      61.560      13.192       0.015      61.282       0.015
Gaia DR3 1642237718366944512 244.3618898  65.9431402 15.854  2.728       2.043  16.9837  35.0886   -18.64      nan      nan    8.646  nan      nan    nan   1.040     nan                                None     -26.326      65.384     -26.381       0.034      61.661       0.038
Gaia DR3 2148002411330992896 278.9897244  56.0592402 19.509  3.501       1.863  20.0853  35.1114   -25.11      nan      nan   11.135  nan      nan    nan   0.999     nan                                None      25.937      77.493      28.422       0.344      73.895       0.290
Gaia DR3 1322375320398378112 243.1317854  31.5679407 11.566  1.477       2.980  17.8094  35.1764   -35.36      nan      nan   12.574  nan      nan    nan   1.004     nan                                None     -40.573      50.115     -42.984       0.012      57.639       0.013
Gaia DR3 1489620178673823488 220.9879012  40.9691611 16.605  3.116       1.485  20.3824  35.2254   -25.21      nan      nan   10.489  nan      nan    nan   1.012     nan                                None     -64.722      41.376     -62.730       0.038      38.765       0.051
Gaia DR3 2149357804225926144 273.2932928  53.2039110 16.732  3.219       2.536  16.5137  35.6659   -27.26      nan      nan   13.185  nan      nan    nan   0.975     nan                                None      19.136      90.157      15.594       0.053      84.062       0.052
Gaia DR3 1379818034080918016 241.8429206  39.1561966  8.289  0.710       2.177  10.7304  35.6818   -32.28      nan      nan   14.482  nan      nan    nan   0.883     nan                                None     -49.468      70.795     -49.883       0.015      64.161       0.017
Gaia DR3 1437333865287205504 258.7532085  60.1743768 14.037  2.654       0.890  12.8085  35.9454   -23.31      nan      nan   14.181  nan      nan    nan   6.645     nan                                None     -11.834     107.117      -9.832       0.113     105.365       0.122
Gaia DR3 1374315730002673920 235.6744620  35.3345634 18.429  3.873       1.386  16.2953  36.1527   -32.14      nan      nan   13.393  nan      nan    nan   1.070     nan                                None     -57.525      56.030     -53.774       0.128      54.916       0.160
Gaia DR3 2118552198538345216 278.6632838  46.2904074  9.961  1.004       2.870  20.9060  36.2775   -30.39      nan      nan   10.184  nan      nan    nan   3.981     nan                                None      23.216      60.794      17.302       0.051      62.521       0.056
Gaia DR3 1291555047399077248 227.1118899  35.2082332 17.270  3.375       2.746  20.4662  36.3488   -29.37      nan      nan    9.693  nan      nan    nan   1.160     nan                                None     -52.643      36.336     -53.674       0.061      30.820       0.072
Gaia DR3 1610970528251812992 217.0835785  57.2999020 13.415  2.105       2.668  19.8837  36.4511   -17.82      nan      nan   12.044  nan      nan    nan   1.055     nan                                None     -79.558      59.191     -85.549       0.012      56.028       0.013
Gaia DR3 1618336156646136448 216.8923707  60.9511055  9.692  0.838       2.926  20.9842  36.4610   -16.25      nan      nan   10.137  nan      nan    nan   0.902     nan                                None     -67.170      51.949     -67.654       0.013      45.715       0.016
Gaia DR3 1350727499031337216 269.9190218  46.8858557 15.651  2.902       2.208  14.9996  36.5146   -30.89      nan      nan   13.846  nan      nan    nan   1.103     nan                                None      12.791      86.049      19.209       0.032      85.454       0.036
Gaia DR3 1320984060232576640 236.6943997  29.5789642 16.411  2.996       1.110  21.1867  36.5925   -34.28      nan      nan   10.811  nan      nan    nan   0.995     nan                                None     -44.896      38.049     -47.257       0.036      38.956       0.049
Gaia DR3 1637692474737869568 264.1763376  68.3849118 15.387  1.657       2.772  20.9926  36.7594   -18.02      nan      nan    9.936  nan      nan    nan   1.086     nan                                None       0.195      81.617       5.939       0.081      82.468       0.075
Gaia DR3 1611406106654871808 214.9985258  57.5900159 16.161  3.355       1.512  21.0398  36.7900   -17.08      nan      nan   11.307  nan      nan    nan   1.541     nan                                None     -77.177      53.450     -76.240       0.056      49.971       0.061
Gaia DR3 1360133133810720512 259.7859670  42.5666628 18.843  3.661       2.928  10.6257  36.9412   -33.09      nan      nan   14.814  nan      nan    nan   0.977     nan                                None      -9.957      84.755     -13.665       0.184      93.113       0.213
Gaia DR3 1358866393336209024 257.5598983  45.7403352 20.600  1.080       2.216   7.4610  37.1667   -31.43      nan      nan    7.405  nan      nan    nan   0.974     nan                                None      -7.566      44.990      -5.094       0.920      47.411       0.814
Gaia DR3 1646580991159966720 236.1898887  68.6803095  7.215  0.218       1.248  20.4305  37.4915   -16.02      nan      nan    9.311  nan      nan    nan   1.060     nan                                None     -39.325      67.579     -41.768       0.023      67.393       0.026
Gaia DR3 1339401459816500864 256.7797761  36.5846275 18.136  3.919       0.338  14.1179  37.5274   -35.56      nan      nan   14.328  nan      nan    nan   0.919     nan                                None     -16.390      70.699     -16.502       0.126      71.712       0.133
Gaia DR3 1295780951620761600 226.5932225  39.0326846 16.440  2.813       1.462  18.0636  37.6757   -27.93      nan      nan    8.545  nan      nan    nan   0.996     nan                                None     -46.963      35.225     -47.485       0.033      32.644       0.044
Gaia DR3 2159364425190459008 271.7835495  62.4702700 11.466  1.521       2.315  18.8730  37.7419   -21.76      nan      nan   13.010  nan      nan    nan   0.907     nan                                None      15.817     100.247       9.787       0.019      98.258       0.013
Gaia DR3 2159364420895489920 271.7819244  62.4709348 11.901  1.697       1.948  18.8727  37.8139   -21.76      nan      nan   13.034  nan      nan    nan   1.107     nan                                None      15.844     100.437      10.889       0.019      98.410       0.012
Gaia DR3 1349004426871671936 266.4620507  43.0810899 14.703  2.378       2.505  14.2904  37.8755   -32.91      nan      nan    7.906  nan      nan    nan   4.380     nan                                None       3.005      45.819       4.785       0.081      42.042       0.084
Gaia DR3 2159042818039379584 272.6009629  61.5777182 13.315  1.808       2.744  18.7194  37.9190   -22.28      nan      nan    8.666  nan      nan    nan   1.188     nan                                None      11.643      66.013      16.603       0.015      66.733       0.015
Gaia DR3 1365495486380116736 261.5333429  48.2625755 13.301  1.751       1.076   9.1806  38.4350   -30.29      nan      nan    7.423  nan      nan    nan   1.124     nan                                None      -2.947      47.493      -2.926       0.012      49.176       0.013
Gaia DR3 1392531480874747648 228.0792439  41.5233634 16.718  2.837       2.761  15.6361  38.5180   -27.56      nan      nan    8.026  nan      nan    nan   1.071     nan                                None     -42.601      35.854     -46.897       0.050      34.020       0.056
Gaia DR3 1642249022722317824 244.0430150  65.9761514 14.182  2.195       2.681  17.0340  38.6954   -18.59      nan      nan   13.928  nan      nan    nan   1.144     nan                                None     -43.067     105.139     -50.193       0.017     101.793       0.019
Gaia DR3 1273543672546898048 232.8899119  29.5769355 16.619  3.199       1.801  22.4874  38.8570   -33.07      nan      nan   11.145  nan      nan    nan   1.025     nan                                None     -52.114      37.607     -47.989       0.038      36.668       0.053
Gaia DR3 1273543569467681280 232.8917538  29.5606989 14.283  2.480       1.978  22.5014  38.8663   -33.08      nan      nan   11.128  nan      nan    nan   1.074     nan                                None     -52.035      37.531     -47.525       0.012      36.441       0.017
Gaia DR3 2143980367734133632 282.1402178  50.0810912 13.274  1.940       2.956  22.1840  38.9625   -27.98      nan      nan    9.863  nan      nan    nan   1.038     nan                                None      27.673      61.759      22.734       0.012      58.100       0.013
Gaia DR3 1316543991762045696 239.4873540  27.3171148 14.250  2.386       1.323  22.6289  39.0384   -35.72      nan      nan   11.089  nan      nan    nan   1.064     nan                                None     -41.659      36.814     -39.053       0.011      35.148       0.015
Gaia DR3 1329223662931979648 245.7384721  35.1065258 16.564  2.668       1.535  14.0123  39.0719   -34.66      nan      nan    7.778  nan      nan    nan   1.005     nan                                None     -22.086      35.139     -24.459       0.041      34.302       0.066
Gaia DR3 1604144279030618752 218.8755865  50.7795713 18.821  3.477       1.611  18.5026  39.3979   -20.96      nan      nan    8.421  nan      nan    nan   0.992     nan                                None     -53.974      38.850     -52.800       0.153      41.458       0.196
Gaia DR3 1610837178107032192 219.0881475  57.5609606  8.200  0.690       1.747  18.8899  39.4117   -18.29      nan      nan   13.561  nan      nan    nan   1.320     nan                                None     -86.599      69.479     -82.125       0.022      67.259       0.025
Gaia DR3 1490968248648643840 217.3775076  40.8718736 16.072  2.872       2.360  22.7532  39.5066   -23.80      nan      nan   11.404  nan      nan    nan   1.063     nan                                None     -74.966      41.883     -70.978       0.028      37.849       0.034
Gaia DR3 4600450285199290880 264.1002585  30.3378367 16.714  3.019       1.260  22.4742  39.6766   -38.19      nan      nan    9.767  nan      nan    nan   1.016     nan                                None       0.075      40.295      -2.076       0.049      41.747       0.057
Gaia DR3 1364508296737370496 269.1764011  50.4669016 14.655  2.749       2.443  13.9188  39.8130   -29.02      nan      nan   15.006  nan      nan    nan   1.268     nan                                None      12.113      99.308      15.234       0.024     106.378       0.026
Gaia DR3 1667612694390042496 214.1595054  63.0925006 15.636  2.621       0.849  22.9555  39.8571   -14.64      nan      nan   10.115  nan      nan    nan   1.003     nan                                None     -69.914      50.185     -68.498       0.029      49.055       0.029
Gaia DR3 2118607345919619328 278.3332838  46.6221319 18.338  3.458       1.147  20.5852  39.9412   -30.27      nan      nan    8.860  nan      nan    nan   0.977     nan                                None      19.752      53.302      18.650       0.164      55.140       0.174
Gaia DR3 1395277923481693440 228.6164335  44.4611364 13.444  2.368       1.428  13.7896  40.1412   -26.60      nan      nan   15.125  nan      nan    nan   1.174     nan                                None     -79.246      72.511     -83.579       0.012      71.114       0.015
Gaia DR3 4609767787251447296 269.7748385  37.2755058 10.809  0.994       2.273  19.8435  40.2797   -35.38      nan      nan    8.606  nan      nan    nan   0.926     nan                                None       7.756      43.384       5.963       0.010      39.670       0.012
Gaia DR3 4607775437822462720 268.6222098  34.7850812 16.228  3.562       1.960  21.0006  40.3240   -36.45      nan      nan   13.032  nan      nan    nan   1.180     nan                                None       9.385      61.530       4.903       0.044      58.543       0.048
Gaia DR3 1290871322965460864 229.2781071  34.6686894 14.928  2.653       2.882  19.7541  40.5587   -30.31      nan      nan    8.546  nan      nan    nan   1.197     nan                                None     -44.047      32.510     -40.646       0.019      28.587       0.024
Gaia DR3 1224118494575188352 235.3179604  27.5386090 15.219  2.837       2.596  23.5204  40.5659   -34.42      nan      nan   11.284  nan      nan    nan   4.926     nan                                None     -49.022      36.251     -55.139       0.071      37.099       0.102
Gaia DR3 4598066543990705152 267.0894657  31.9090545 15.672  2.957       2.187  22.4916  40.7645   -37.59      nan      nan   12.409  nan      nan    nan   1.062     nan                                None       5.943      53.831       3.504       0.028      59.007       0.031
Gaia DR3 1315205714312126976 242.7254917  25.6015422 16.374  3.050       0.952  23.7596  40.8166   -37.03      nan      nan   10.528  nan      nan    nan   0.992     nan                                None     -34.601      33.467     -34.435       0.028      35.573       0.043
Gaia DR3 4609767787249082624 269.7751980  37.2751474 11.472  1.306       1.038  19.8439  40.8661   -35.38      nan      nan    8.526  nan      nan    nan   1.472     nan                                None       7.683      42.977       5.927       0.021      42.347       0.024
Gaia DR3 1432631799514944768 257.7477467  56.8149785 18.736  3.466       2.677   9.8414  40.8972   -25.32      nan      nan    7.315  nan      nan    nan   0.959     nan                                None      -7.258      52.952      -4.504       0.220      49.876       0.190
Gaia DR3 1300343409481305344 252.0186882  25.5476339  8.051  0.563       2.694  23.7429  40.9053   -38.84      nan      nan   11.280  nan      nan    nan   1.203     nan                                None     -21.251      37.817     -20.941       0.016      44.215       0.020
Gaia DR3 1658392185584567552 210.2790987  58.1815332 20.477  2.733       2.776  23.6064  41.0571   -15.40      nan      nan   10.058  nan      nan    nan   1.141     nan                                None     -73.319      42.946     -79.205       0.716      42.897       0.757
Gaia DR3 1614571188314632192 229.2792376  58.0420441 16.611  2.753       0.782  14.0726  41.0848   -20.67      nan      nan    7.633  nan      nan    nan   1.003     nan                                None     -39.340      46.018     -38.559       0.047      45.032       0.050
Gaia DR3 1337821186730370048 256.4955842  34.4139138 15.056  2.420       1.102  16.0216  41.1678   -36.40      nan      nan    7.846  nan      nan    nan   1.024     nan                                None      -9.323      36.429      -7.578       0.022      36.956       0.022
Gaia DR3 1272365511478392576 233.0909463  28.0779389 18.454  3.708       2.069  23.7712  41.3424   -33.55      nan      nan   11.675  nan      nan    nan   1.006     nan                                None     -54.277      37.343     -49.705       0.105      39.585       0.155
Gaia DR3 2111911221323525888 276.9432226  42.7342226 14.576  2.286       1.489  21.1808  41.3727   -32.31      nan      nan    8.795  nan      nan    nan   1.024     nan                                None      17.732      49.288      14.985       0.022      49.007       0.022
Gaia DR3 2159944245775488256 277.0176410  62.6597551 16.912  3.038       2.687  21.0501  41.4636   -21.32      nan      nan    8.743  nan      nan    nan   1.359     nan                                None      17.728      66.352      22.600       0.112      65.469       0.141
Gaia DR3 1694685316366036608 224.2243573  69.6145691 14.519  2.564       2.764  23.4494  41.4640   -13.72      nan      nan    9.731  nan      nan    nan   1.127     nan                                None     -56.321      61.579     -51.884       0.019      58.051       0.020
Gaia DR3 1599732209450537728 229.8379035  54.6162521 17.859  3.275       2.162  12.2983  41.5290   -22.48      nan      nan    7.445  nan      nan    nan   0.923     nan                                None     -37.831      43.168     -39.088       0.092      46.321       0.101
Gaia DR3 1646313573611373184 238.4881947  68.0647111 18.946  4.097       2.598  19.5617  41.6752   -16.67      nan      nan   14.086  nan      nan    nan   1.042     nan                                None     -54.927     103.839     -58.054       0.288      96.788       0.227
Gaia DR3 1621238141494190848 224.8268218  65.7002426 19.661  2.873       2.637  20.4615  41.7312   -15.85      nan      nan    8.553  nan      nan    nan   1.068     nan                                None     -48.875      52.779     -48.139       0.439      48.082       0.373
Gaia DR3 4595693523020334592 264.2509412  28.7381419 11.159  1.276       1.822  23.9458  41.8728   -38.72      nan      nan   11.885  nan      nan    nan   0.976     nan                                None       0.374      46.339       3.550       0.011      49.617       0.013
Gaia DR3 1493065562782737792 219.3842998  43.1190850 20.650  1.209       2.359  20.3578  41.8760   -23.89      nan      nan    8.509  nan      nan    nan   1.014     nan                                None     -54.055      34.219     -55.364       0.681      30.196       0.677
Gaia DR3 1346227232298734976 268.8697323  43.1904053 14.725  2.286       2.463  15.7549  42.0986   -32.77      nan      nan    7.738  nan      nan    nan   0.992     nan                                None       5.873      44.818       9.818       0.019      44.059       0.020
Gaia DR3 4605219691763408256 272.1638617  33.8040336 10.663  1.014       2.048  23.6812  42.1495   -36.58      nan      nan    9.627  nan      nan    nan   0.981     nan                                None      12.277      43.849      16.006       0.010      42.012       0.011
Gaia DR3 1337150179695650304 262.3097609  36.5756389 10.995  1.004       2.149  16.4010  42.2166   -35.82      nan      nan    7.806  nan      nan    nan   2.413     nan                                None      -2.144      38.826      -5.205       0.033      40.598       0.035
Gaia DR3 2107470190781433728 283.3663867  46.8053746 16.318  2.918       2.761  23.8040  42.2571   -29.43      nan      nan    9.665  nan      nan    nan   1.102     nan                                None      28.889      56.725      23.575       0.051      54.879       0.047
Gaia DR3 1321012230921687168 237.4152092  30.0230705 18.305  3.369       1.149  20.5569  42.2595   -34.36      nan      nan    8.503  nan      nan    nan   0.996     nan                                None     -34.451      30.623     -36.285       0.101      29.682       0.136
Gaia DR3 1647819114268466560 239.5575799  70.3364048 14.520  2.235       2.838  21.6350  42.5207   -15.39      nan      nan    8.738  nan      nan    nan   1.019     nan                                None     -32.738      66.170     -35.466       0.022      61.711       0.022
Gaia DR3 2110220687833863168 277.8812233  39.6135134 18.109  3.591       2.991  23.3815  42.5817   -33.58      nan      nan    9.341  nan      nan    nan   1.178     nan                                None      20.177      48.601      14.506       0.132      50.193       0.138
Gaia DR3 2098037201351870848 280.2176443  39.6043978 17.748  3.551       1.314  24.8890  42.6236   -33.24      nan      nan   10.633  nan      nan    nan   1.042     nan                                None      26.754      54.666      23.824       0.104      54.978       0.110
Gaia DR3 2152827480669989760 284.2475561  55.1974712  8.789  0.769       2.382  22.9927  42.6478   -24.93      nan      nan   12.984  nan      nan    nan   3.740     nan                                None      40.507      86.652      34.140       0.053      88.055       0.052
Gaia DR3 1219946157185067904 239.0946280  25.1804006 17.107  3.162       1.987  24.7881  42.6754   -36.17      nan      nan   10.346  nan      nan    nan   0.996     nan                                None     -39.448      31.301     -43.441       0.052      29.615       0.068
Gaia DR3 1508269510788404480 214.9682590  49.2992099  8.100  0.508       0.523  21.2111  42.6755   -20.12      nan      nan    8.603  nan      nan    nan   1.029     nan                                None     -58.746      35.748     -57.798       0.017      35.738       0.018
Gaia DR3 1219946088465590016 239.1030234  25.1761421  8.281  0.683       2.196  24.7904  42.6999   -36.18      nan      nan   10.327  nan      nan    nan   1.083     nan                                None     -39.364      31.240     -42.457       0.016      27.596       0.021
Gaia DR3 1439063500156563328 263.2283210  61.5613100 15.430  3.017       1.603  15.2473  42.7913   -22.52      nan      nan   15.614  nan      nan    nan   3.245     nan                                None      -2.028     120.278      -7.288       0.093     119.880       0.093
Gaia DR3 1668057790440859008 215.4632630  63.9795566 14.746  2.411       2.746  22.7807  42.8092   -14.60      nan      nan    9.046  nan      nan    nan   1.188     nan                                None     -61.311      46.575     -61.234       0.022      41.339       0.021
Gaia DR3 1492498837554535296 216.6101092  43.0594902 16.234  2.847       0.447  22.1958  42.8731   -22.82      nan      nan    8.842  nan      nan    nan   1.045     nan                                None     -58.858      33.613     -59.166       0.033      34.388       0.039
Gaia DR3 1595004378169836672 234.4487083  50.8920176 17.380  3.766       1.406   8.6872  42.8884   -25.37      nan      nan   16.697  nan      nan    nan   0.972     nan                                None     -74.536      96.441     -79.360       0.072      97.551       0.073
Gaia DR3 1318926599098960768 242.8597994  30.5125763 14.558  2.685       2.178  18.8890  42.9192   -35.64      nan      nan   14.721  nan      nan    nan  12.144     nan                                None     -48.091      56.525     -44.108       0.306      61.987       0.379
Gaia DR3 1512280013810747776 210.7129994  51.2602665 15.676  2.557       1.473  23.5288  42.9274   -17.89      nan      nan    9.319  nan      nan    nan   1.057     nan                                None     -67.552      36.252     -66.264       0.027      33.663       0.028
Gaia DR3 1436212397786316672 266.9621193  61.5928040 15.372  2.714       1.262  16.5429  43.0038   -22.47      nan      nan    7.759  nan      nan    nan   2.103     nan                                None       3.560      59.716       4.216       0.067      57.759       0.065
Gaia DR3 1652126103176931840 259.3758719  72.7358863 18.555  3.835       1.019  24.2598  43.1221   -14.97      nan      nan   12.397  nan      nan    nan   1.010     nan                                None      -9.132     104.756      -9.691       0.173     102.151       0.191
Gaia DR3 4596963149712965120 268.7861127  30.6321248 15.219  3.083       1.723  24.3680  43.2303   -37.96      nan      nan   12.375  nan      nan    nan   1.110     nan                                None       9.230      51.368       4.741       0.025      51.121       0.026
Gaia DR3 2155960199752466176 285.7309973  60.5864412 14.720  2.766       2.406  24.3106  43.2418   -21.65      nan      nan   12.426  nan      nan    nan   5.564     nan                                None      41.483      87.796      35.182       0.127      87.742       0.115
Gaia DR3 4597998442989472640 266.1164418  31.6617131  8.118  0.650       0.728  22.2343  43.4131   -37.70      nan      nan   13.679  nan      nan    nan   1.000     nan                                None       4.454      58.920       2.382       0.017      58.589       0.019
Gaia DR3 4597779571456243712 267.9263411  31.0813274 11.369  1.438       0.779  23.5782  43.5211   -37.85      nan      nan   13.050  nan      nan    nan   0.882     nan                                None       7.969      55.056      10.085       0.011      54.717       0.011
Gaia DR3 4593654650503447552 275.4768710  35.2004659 13.656    nan       2.428  24.6214  43.5746   -35.70      nan      nan    9.704  nan      nan    nan   1.174     nan                                None      17.371      45.513      15.240       0.285      41.026       0.102
Gaia DR3 1363240521175766016 267.6348769  48.0736950 17.732  3.311       0.645  13.2127  43.5783   -30.36      nan      nan    7.386  nan      nan    nan   0.988     nan                                None       4.171      47.051       5.144       0.092      46.798       0.103
Gaia DR3 1305241493264402432 245.7673110  27.1659407 17.197  3.124       1.594  21.9301  43.5934   -37.29      nan      nan    8.652  nan      nan    nan   0.885     nan                                None     -24.530      29.979     -25.574       0.055      27.267       0.068
Gaia DR3 2106822131756839808 284.0923543  45.5073043  8.268  0.619       2.833  24.7216  43.6265   -29.92      nan      nan    9.750  nan      nan    nan   0.927     nan                                None      30.194      55.569      25.089       0.016      58.369       0.018
Gaia DR3 4606323287902835968 272.0782711  36.0416525 12.279  1.749       2.372  22.0326  43.6301   -35.72      nan      nan   13.852  nan      nan    nan   1.070     nan                                None      17.479      67.231      11.631       0.012      63.516       0.013
Gaia DR3 4606323257840681472 272.0744617  36.0409890 14.712  2.434       1.989  22.0308  43.6387   -35.72      nan      nan   13.856  nan      nan    nan   1.057     nan                                None      17.476      67.250      13.027       0.020      63.515       0.021
Gaia DR3 4606163450697684352 271.3354400  35.0393341 17.342  3.351       2.680  22.3130  43.7202   -36.18      nan      nan    8.736  nan      nan    nan   1.059     nan                                None      10.009      41.322      11.709       0.073      36.689       0.085
Gaia DR3 2143655736925559168 288.5244469  59.7001470 14.092  2.450       2.643  25.5528  43.7217   -21.75      nan      nan   11.329  nan      nan    nan   1.277     nan                                None      42.412      77.545      38.460       0.027      72.624       0.021
Gaia DR3 1484638600725753344 215.1852996  38.6139814 12.704  1.880       1.933  25.3980  43.7889   -23.52      nan      nan   10.271  nan      nan    nan   1.300     nan                                None     -69.905      34.019     -69.515       0.011      29.853       0.013
Gaia DR3 1378201610254154624 241.5587849  36.5813959 18.831  3.496       1.448  13.2352  43.8270   -33.22      nan      nan    7.372  nan      nan    nan   0.984     nan                                None     -25.485      33.670     -25.320       0.162      35.914       0.201
Gaia DR3 4593654650506574976 275.4768184  35.2001549 10.807  1.109       2.653  24.6215  43.8524   -35.70      nan      nan    9.607  nan      nan    nan   1.070     nan                                None      17.197      45.057      12.471       0.011      42.501       0.013
Gaia DR3 4608925595704090112 267.3314594  36.3477321 14.784  2.615       2.133  19.1348  43.9069   -35.88      nan      nan   14.982  nan      nan    nan   7.323     nan                                None       7.746      73.971       7.075       0.117      80.674       0.129
Gaia DR3 4573694356932308224 258.0790512  25.5265866 15.743  2.826       2.351  24.8815  43.9730   -39.49      nan      nan   12.401  nan      nan    nan   1.080     nan                                None     -11.660      42.336     -11.365       0.028      36.196       0.032
Gaia DR3 4570803397265739392 261.8721216  25.7194326 14.348  2.444       2.747  25.8154  44.0711   -39.61      nan      nan   10.784  nan      nan    nan   1.075     nan                                None      -3.706      37.318      -9.274       0.015      40.149       0.017
Gaia DR3 4574216796754636288 260.8458773  27.4279882 15.691  2.659       2.936  23.8887  44.1151   -39.07      nan      nan    9.186  nan      nan    nan   1.014     nan                                None      -4.642      34.029     -10.319       0.025      33.715       0.030
Gaia DR3 4592991503257106560 273.8997947  33.1836037 12.399  1.518       1.560  25.1202  44.1205   -36.64      nan      nan    9.829  nan      nan    nan   1.044     nan                                None      15.192      43.714      17.981       0.011      42.080       0.012
Gaia DR3 1664874699983021568 208.0691612  63.4564602 17.729  3.460       2.653  25.6664  44.1460   -12.87      nan      nan   10.346  nan      nan    nan   1.041     nan                                None     -77.497      44.442     -77.492       0.126      38.655       0.103
Gaia DR3 1508269510787926784 214.9722434  49.2986111 19.530  1.909       1.050  21.2086  44.1788   -20.13      nan      nan    8.400  nan      nan    nan   1.035     nan                                None     -57.360      34.909     -56.475       0.357      36.545       0.399
Gaia DR3 2095483899131626496 278.0884689  35.6036145 14.093  2.331       1.296  25.9428  44.2459   -35.19      nan      nan   10.917  nan      nan    nan   1.085     nan                                None      23.927      51.202      26.106       0.015      49.165       0.018
Gaia DR3 1271853242139342336 231.3229038  28.2516502 12.767  1.668       2.694  24.2832  44.5200   -32.89      nan      nan    9.253  nan      nan    nan   1.154     nan                                None     -45.211      29.151     -40.171       0.008      27.658       0.011
Gaia DR3 1601991469622648576 234.7357356  57.7713894 14.459  2.140       2.933  11.6032  44.5939   -21.96      nan      nan    7.207  nan      nan    nan   1.063     nan                                None     -31.890      46.085     -30.850       0.019      41.752       0.020
Gaia DR3 2133974399604661504 284.5146597  51.5298800 16.825  3.082       2.291  23.4216  44.5970   -26.86      nan      nan    8.920  nan      nan    nan   0.946     nan                                None      28.180      56.305      24.060       0.057      55.051       0.056
Gaia DR3 1323411816265926656 240.5637577  33.4496049 14.244  2.684       2.027  16.4680  44.6111   -34.11      nan      nan   15.924  nan      nan    nan   1.566     nan                                None     -57.352      65.987     -60.052       0.023      59.742       0.027
Gaia DR3 4597657525665579008 267.6994239  30.6095686 13.403  2.086       2.879  23.8593  44.7820   -38.02      nan      nan    9.033  nan      nan    nan  15.598     nan                                None       5.193      37.523      -0.245       0.141      36.833       0.152
Gaia DR3 2266680161675988992 273.9496716  72.6032780 14.025  2.250       2.572  26.3102  44.8501   -14.92      nan      nan   10.845  nan      nan    nan   1.200     nan                                None      16.846      90.479      19.573       0.022      85.268       0.020
Gaia DR3 1611243997409784960 214.7601987  56.5941373 14.983  2.645       2.743  21.0228  44.9938   -17.40      nan      nan   14.753  nan      nan    nan   1.181     nan                                None    -101.062      68.456    -100.077       0.023      59.982       0.028
Gaia DR3 4591108147217645824 273.4814098  31.5358783 10.902  1.270       2.768  26.1150  45.3421   -37.28      nan      nan   12.169  nan      nan    nan   1.690     nan                                None      18.017      51.463      11.565       0.020      54.426       0.021
Gaia DR3 2151036758481620352 277.6144456  56.0332962 11.064  1.240       2.275  19.3208  45.3557   -25.27      nan      nan    7.933  nan      nan    nan   1.695     nan                                None      16.812      55.544      17.403       0.026      59.302       0.025
Gaia DR3 1370867871991981184 235.9301968  33.4941430 11.750  1.173       1.524  17.8324  45.3697   -32.84      nan      nan    7.726  nan      nan    nan   0.950     nan                                None     -32.910      30.705     -30.943       0.009      29.191       0.012
Gaia DR3 2158679429446484608 272.1089218  60.4429733 11.400  1.102       1.058  17.9532  45.4281   -23.02      nan      nan    7.737  nan      nan    nan   0.777     nan                                None       9.800      58.277       8.765       0.015      56.896       0.014
Gaia DR3 1301162030247673856 251.3672926  25.9435240 15.741  3.013       1.787  23.2820  45.4323   -38.64      nan      nan   14.026  nan      nan    nan   1.030     nan                                None     -27.831      47.681     -26.821       0.024      52.867       0.029
Gaia DR3 1391543088640964736 233.3588370  43.8789557 18.034  3.322       1.542  11.1037  45.4642   -28.22      nan      nan    7.127  nan      nan    nan   1.014     nan                                None     -32.874      35.774     -35.170       0.111      35.468       0.141
Gaia DR3 1219767692704426112 236.8436414  25.0605430 12.639  2.010       2.149  25.4340  45.4669   -35.53      nan      nan   12.841  nan      nan    nan   4.137     nan                                None     -53.057      37.796     -58.604       0.039      39.547       0.049
Gaia DR3 1402521746603559808 235.4473008  49.4457126  8.472  0.794       1.968   7.9783  45.5272   -26.29      nan      nan   17.593  nan      nan    nan   0.935     nan                                None     -76.117     100.235     -78.638       0.012      93.386       0.016
Gaia DR3 1674182654322582272 214.6669395  70.2952076 10.502  0.986       2.712  26.3158  45.5544   -11.67      nan      nan   10.129  nan      nan    nan   2.107     nan                                None     -69.482      54.358     -66.866       0.033      49.193       0.030
Gaia DR3 4590382916219270912 270.9090030  29.2544997 16.284  3.270       2.099  26.5533  45.5779   -38.29      nan      nan   11.812  nan      nan    nan   1.461     nan                                None      12.745      46.548      16.588       0.049      50.090       0.061
Gaia DR3 1308478902171832960 257.0595153  28.5351623 15.874  3.069       1.132  21.7389  45.6274   -38.51      nan      nan   14.732  nan      nan    nan  13.214     nan                                None     -16.206      56.539     -19.141       0.353      54.601       0.367
Gaia DR3 1331479001798460288 248.4240570  38.0914329  6.475  0.608       2.225  10.9689  45.7773   -33.96      nan      nan   17.318  nan      nan    nan   4.634     nan                                None     -42.158      86.044     -34.719       0.087      82.783       0.137
Gaia DR3 1219807687441247616 238.0759100  25.0210578 16.549  3.000       1.595  25.1685  45.8551   -35.92      nan      nan    9.308  nan      nan    nan   9.172     nan                                None     -36.842      27.692     -34.252       0.510      29.448       0.673
Gaia DR3 1373437735607811072 238.5043655  37.6011855 19.436  3.427       2.527  13.2229  45.9393   -32.09      nan      nan    7.239  nan      nan    nan   1.027     nan                                None     -28.212      33.096     -26.918       0.229      36.729       0.309
Gaia DR3 1355905679105888640 249.8414630  40.0191274 18.461  3.326       2.614   9.1587  45.9514   -33.35      nan      nan    6.999  nan      nan    nan   0.980     nan                                None     -15.526      36.700     -17.680       0.122      39.900       0.156
Gaia DR3 1673502125345501184 211.0365042  68.4026454 15.896  2.758       1.658  26.3847  46.0278   -11.73      nan      nan    9.947  nan      nan    nan   3.925     nan                                None     -71.800      48.416     -68.514       0.345      47.281       0.240
Gaia DR3 4592289430724765568 276.2057716  32.5464384 12.328  1.618       1.881  26.9143  46.0683   -36.60      nan      nan   10.487  nan      nan    nan   1.086     nan                                None      19.954      45.346      16.225       0.010      43.506       0.011
Gaia DR3 1674293361400214272 209.2171444  68.6182169 10.809  1.064       2.027  27.0756  46.2644   -11.24      nan      nan   10.560  nan      nan    nan   1.097     nan                                None     -78.013      49.220     -80.856       0.015      45.717       0.014
Gaia DR3 1438547794843783680 260.3141087  62.2575827 18.197  3.292       1.043  14.9540  46.2734   -22.03      nan      nan    7.357  nan      nan    nan   0.957     nan                                None      -4.334      56.978      -4.723       0.139      58.549       0.141
Gaia DR3 4604349119072493440 268.7563252  33.9451002 16.046  2.626       2.599  21.7135  46.2944   -36.76      nan      nan    8.250  nan      nan    nan   1.006     nan                                None       6.115      38.007       4.643       0.032      42.281       0.036
Gaia DR3 1510452384967600128 208.7333661  48.8954738 17.049  3.416       1.318  25.2735  46.3386   -17.84      nan      nan   13.401  nan      nan    nan   0.950     nan                                None     -99.586      47.442     -96.169       0.048      45.965       0.055
Gaia DR3 1480535498208890240 218.2078999  36.7926520 16.939  3.202       1.982  24.5840  46.3565   -25.34      nan      nan    8.975  nan      nan    nan   2.058     nan                                None     -58.186      30.181     -61.869       0.257      30.887       0.265
Gaia DR3 1379661555538846080 240.7739336  39.0776091 18.780  2.916       1.058  11.1206  46.4165   -32.07      nan      nan    7.075  nan      nan    nan   1.038     nan                                None     -25.266      34.227     -26.674       0.149      34.939       0.211
Gaia DR3 1388934394224413056 230.5433646  40.0207662 12.866  1.615       2.883  15.1233  46.4883   -28.91      nan      nan    7.358  nan      nan    nan   1.042     nan                                None     -36.709      32.788     -32.631       0.011      34.625       0.014
Gaia DR3 1303457840590065280 244.8588279  25.7905765 19.395  3.542       2.132  23.3588  46.5223   -37.48      nan      nan    8.589  nan      nan    nan   1.080     nan                                None     -25.516      27.958     -22.359       0.221      30.178       0.294
Gaia DR3 2154164383729817472 279.9553938  57.0996652  9.854  0.810       2.516  20.7577  46.5856   -24.40      nan      nan    8.044  nan      nan    nan   5.784     nan                                None      19.918      56.472      21.633       0.105      60.379       0.093
Gaia DR3 1655032799604461184 250.2119103  74.8149049 17.523  3.565       2.258  25.7904  46.8518   -13.22      nan      nan    9.332  nan      nan    nan   1.136     nan                                None     -20.173      77.784     -21.999       0.126      81.833       0.119
Gaia DR3 2107719779917501312 275.6182944  36.4122831 18.540  3.999       2.231  23.9001  46.8610   -35.21      nan      nan   14.345  nan      nan    nan   1.011     nan                                None      25.992      69.512      27.943       0.144      75.970       0.154
Gaia DR3 1561040468284404352 206.6829610  53.9796770 12.189  1.436       0.867  25.6017  46.9909   -15.54      nan      nan    9.218  nan      nan    nan   1.044     nan                                None     -70.156      33.574     -70.074       0.011      31.891       0.011
Gaia DR3 4603057261629431040 268.9585989  31.4299457 10.086  0.804       2.650  23.8045  47.0127   -37.68      nan      nan    8.632  nan      nan    nan   0.931     nan                                None       6.672      36.779      11.479       0.011      36.401       0.012
Gaia DR3 1314324627540689408 251.2173834  33.1504839 12.387  2.008       2.621  16.1152  47.0420   -36.29      nan      nan   16.834  nan      nan    nan   1.214     nan                                None     -33.791      73.939     -37.011       0.012      65.213       0.012
Gaia DR3 2153907755141289600 281.1229115  56.7789861  8.232  0.616       0.350  21.3445  47.0515   -24.45      nan      nan    8.097  nan      nan    nan   1.060     nan                                None      21.481      56.260      21.495       0.023      55.662       0.022
Gaia DR3 4592632791887728128 274.0117279  32.1738338 17.083  3.112       2.947  25.9298  47.0828   -37.00      nan      nan    9.336  nan      nan    nan   0.962     nan                                None      14.592      40.227      17.331       0.059      45.339       0.063
Gaia DR3 1503739557241864064 206.3214194  45.9785088 10.142  1.000       1.534  27.7446  47.1576   -17.63      nan      nan   11.525  nan      nan    nan   0.891     nan                                None     -88.066      35.912     -85.514       0.009      38.630       0.013
Gaia DR3 4568592313743144192 259.5001726  23.5359631 15.202  2.729       2.606  27.1602  47.1965   -40.11      nan      nan   12.476  nan      nan    nan   1.105     nan                                None      -8.947      39.060      -3.804       0.019      34.530       0.024
Gaia DR3 1664443798799459072 204.7517706  61.9410676 14.178  2.172       1.826  26.8402  47.2456   -12.42      nan      nan    9.768  nan      nan    nan   1.123     nan                                None     -75.903      37.433     -79.636       0.016      36.976       0.015
Gaia DR3 1308478902173670400 257.0596108  28.5353622 16.183  3.045       2.050  21.7387  47.2684   -38.51      nan      nan   15.361  nan      nan    nan   1.160     nan                                None     -16.898      58.952     -22.823       0.195      55.955       0.112
Gaia DR3 4571700942351632128 255.7557633  24.2592712 17.520  3.142       2.883  25.5879  47.3069   -39.64      nan      nan    9.142  nan      nan    nan   0.951     nan                                None     -11.920      29.349     -16.997       0.056      31.606       0.073
Gaia DR3 4592362930503090048 275.9545054  32.9283282 14.884  2.721       2.953  26.4926  47.5232   -36.49      nan      nan   13.234  nan      nan    nan   1.230     nan                                None      24.667      57.962      22.647       0.024      49.976       0.025
Gaia DR3 2153694518605386752 282.4775767  57.8086479 12.870  2.196       2.980  22.2045  47.6115   -23.69      nan      nan   15.330  nan      nan    nan   1.335     nan                                None      43.786     107.070      34.557       0.017     104.324       0.019
Gaia DR3 1699291754689643392 212.1532626  72.1206795 19.070  3.825       2.480  28.0464  47.6397   -10.41      nan      nan   11.586  nan      nan    nan   1.079     nan                                None     -82.388      59.674     -81.708       0.241      65.693       0.277
Gaia DR3 1565709235173302656 203.7613296  56.7638370 16.140  2.697       2.113  27.0602  47.6704   -13.65      nan      nan    9.752  nan      nan    nan   1.078     nan                                None     -76.541      33.812     -75.696       0.041      29.552       0.045
Gaia DR3 4595344874754941824 262.7638850  28.2521017  9.888  1.074       2.203  23.8039  47.7631   -38.87      nan      nan   14.767  nan      nan    nan   0.851     nan                                None      -2.999      56.534       3.099       0.009      59.671       0.012
Gaia DR3 1398997567022327168 242.7986441  47.5601859  7.907  0.511       1.028   3.5624  47.8233   -28.72      nan      nan    6.741  nan      nan    nan   0.995     nan                                None     -22.082      39.586     -23.269       0.021      40.439       0.023
Gaia DR3 1604301303034878464 219.7302319  51.9499518 17.445  3.163       2.981  17.8917  47.8391   -20.79      nan      nan    7.541  nan      nan    nan   1.128     nan                                None     -47.611      36.026     -51.768       0.072      33.750       0.091
Gaia DR3 1641620411308592128 240.4805418  64.1717438 17.431  2.993       2.868  15.6100  47.8457   -19.28      nan      nan    7.313  nan      nan    nan   0.958     nan                                None     -26.425      52.897     -30.800       0.100      53.539       0.097
Gaia DR3 2117802267187082240 279.4276098  46.1610957 16.561  2.887       1.957  21.4479  47.9471   -30.35      nan      nan    8.023  nan      nan    nan   1.049     nan                                None      19.223      47.595      21.506       0.048      49.991       0.047
Gaia DR3 4573879933879433984 259.2573749  26.7155723  7.412  0.563       1.834  24.0677  48.0166   -39.22      nan      nan   14.761  nan      nan    nan   1.198     nan                                None     -11.149      53.051      -5.798       0.017      51.068       0.023
Gaia DR3 4595344874753023488 262.7633844  28.2521339 13.661    nan       1.644  23.8037  48.0400   -38.87      nan      nan   14.883  nan      nan    nan   1.075     nan                                None      -3.024      56.979      -0.066       0.042      61.206       0.080
Gaia DR3 1294379211734624128 223.0280676  36.8690540 13.932  2.080       0.932  21.6031  48.0635   -27.30      nan      nan    8.037  nan      nan    nan   1.248     nan                                None     -47.674      29.606     -46.819       0.012      30.934       0.016
Gaia DR3 2239300221906696320 294.1343683  60.9536780 20.389  2.412       0.652  28.4250  48.2020   -20.11      nan      nan   10.938  nan      nan    nan   1.068     nan                                None      49.545      72.070      49.738       0.793      70.580       0.721
Gaia DR3 1322808871577824256 243.4840828  33.2865110 15.495  2.616       2.952  16.0653  48.2195   -34.85      nan      nan    7.329  nan      nan    nan   1.199     nan                                None     -23.267      30.915     -26.778       0.039      28.003       0.053
Gaia DR3 4592033798570367232 277.5713373  32.1645736 14.456  2.411       1.466  27.9898  48.2280   -36.54      nan      nan   10.218  nan      nan    nan   1.050     nan                                None      21.587      43.394      24.229       0.016      45.122       0.019
Gaia DR3 1323500876707737984 241.7499149  32.9530982 15.702  3.162       1.700  16.6887  48.3404   -34.57      nan      nan   17.175  nan      nan    nan   1.045     nan                                None     -58.899      70.779     -60.182       0.026      76.799       0.032
Gaia DR3 1269304745983408256 222.8744714  27.7584633 16.217  2.958       0.358  28.5612  48.3644   -29.66      nan      nan   11.415  nan      nan    nan   1.017     nan                                None     -67.918      31.024     -68.777       0.043      30.962       0.042
Gaia DR3 2150772463373968512 275.0727125  55.4433801 10.351  0.854       2.973  17.8150  48.3965   -25.84      nan      nan    7.491  nan      nan    nan   1.282     nan                                None      12.941      52.561      17.252       0.020      50.703       0.018
Gaia DR3 4589737021857469312 274.1306816  28.8034247  9.317  0.822       2.148  28.5921  48.4092   -38.12      nan      nan   11.402  nan      nan    nan   1.019     nan                                None      18.033      43.796      13.251       0.011      45.745       0.011
Gaia DR3 4589737021858888832 274.1300604  28.8033761 12.816    nan       2.176  28.5918  48.4160   -38.12      nan      nan   11.440  nan      nan    nan   1.082     nan                                None      18.091      43.940      13.050       0.027      45.403       0.036
Gaia DR3 4582806319031263104 269.2798326  26.1335886 17.579  3.647       1.539  28.3908  48.4387   -39.36      nan      nan   12.031  nan      nan    nan   0.919     nan                                None       9.907      42.194       8.877       0.071      45.959       0.095
Gaia DR3 2136865118754171392 293.7577530  53.5842107 14.193  2.419       2.860  28.6441  48.4837   -24.03      nan      nan   11.169  nan      nan    nan   1.025     nan                                None      50.018      67.177      44.037       0.016      70.273       0.019
Gaia DR3 4571723963376533120 257.4072935  23.5780638  7.798  0.578       1.051  26.5992  48.5365   -39.96      nan      nan    9.267  nan      nan    nan   1.031     nan                                None      -9.690      28.953     -10.097       0.014      30.966       0.017
Gaia DR3 4603229610077339520 269.7692196  32.4742728  9.549  0.695       1.873  23.3898  48.5882   -37.26      nan      nan    8.320  nan      nan    nan  28.618     nan                                None       7.491      36.599       7.592       0.539      39.883       0.515
Gaia DR3 1398997571318849408 242.7989450  47.5594986 10.486  0.643       1.841   3.5625  48.6311   -28.72      nan      nan    6.704  nan      nan    nan   1.035     nan                                None     -21.961      39.369     -23.369       0.022      41.558       0.020
Gaia DR3 1397139602825800192 239.0808247  45.5654984 10.406  0.821       1.188   6.7775  48.6600   -28.91      nan      nan    6.775  nan      nan    nan   0.932     nan                                None     -25.847      37.219     -24.693       0.011      38.463       0.013
Gaia DR3 2141413244305099776 286.2037782  56.5528790 19.653  3.628       2.841  24.1115  48.6885   -23.88      nan      nan    8.470  nan      nan    nan   0.991     nan                                None      28.860      56.774      23.806       0.360      56.347       0.347
Gaia DR3 2103261943168228096 283.8931364  39.3887288 15.196  2.920       1.729  27.3891  48.8543   -32.67      nan      nan   13.355  nan      nan    nan   1.045     nan                                None      40.964      66.789      42.500       0.025      71.407       0.024
Gaia DR3 1383678277672258560 240.1141997  42.4321361 20.706  2.119       2.885   8.4493  48.9321   -30.53      nan      nan    6.819  nan      nan    nan   1.126     nan                                None     -25.002      35.440     -21.721       0.852      32.904       0.956
Gaia DR3 2109351519597068928 274.3164566  39.7579137 18.405  3.364       2.929  21.0353  48.9445   -33.95      nan      nan    7.860  nan      nan    nan   1.002     nan                                None      12.658      41.627       7.970       0.138      42.886       0.149
Gaia DR3 4586890592412797696 275.8552677  29.5639976 12.244  1.681       1.894  28.9400  49.2732   -37.66      nan      nan   10.609  nan      nan    nan  10.250     nan                                None      19.611      41.607      16.334       0.085      44.291       0.091
Gaia DR3 2113903295874491776 272.1437986  42.3755375 15.424  2.685       2.486  18.2474  49.4322   -32.96      nan      nan    7.463  nan      nan    nan   1.046     nan                                None       9.493      42.195      13.123       0.025      40.739       0.027
Gaia DR3 2139256693983088512 291.1680149  52.0181771 17.410  3.347       0.643  27.3925  49.4759   -25.37      nan      nan    9.380  nan      nan    nan   1.285     nan                                None      38.634      56.530      38.481       0.103      55.268       0.108
Gaia DR3 4567848253608786432 256.9841665  21.1876040 17.427  3.576       2.555  28.8322  49.5404   -40.51      nan      nan   12.519  nan      nan    nan   0.995     nan                                None     -13.919      34.639     -20.649       0.061      35.052       0.067
Gaia DR3 1364551212050585984 268.7535352  50.6088560 18.233  4.236       1.095  13.6451  49.5898   -28.96      nan      nan   18.248  nan      nan    nan   0.999     nan                                None      13.518     121.125       9.307       0.156     121.277       0.148
Gaia DR3 2145011194244051968 279.5934095  51.0150903 15.354  2.789       1.886  20.4409  49.8337   -27.84      nan      nan   16.778  nan      nan    nan   1.103     nan                                None      40.624     108.175      38.325       0.035     101.913       0.032
Gaia DR3 1350775980622195968 269.9289255  47.0000400 15.140  2.423       2.697  14.9741  49.8931   -30.83      nan      nan    7.133  nan      nan    nan   1.011     nan                                None       6.600      44.419       2.846       0.025      42.884       0.026
Gaia DR3 1565173876090551040 202.3994358  55.7011654 14.768  2.712       1.969  27.8883  49.9459   -13.45      nan      nan    9.486  nan      nan    nan   1.270     nan                                None     -75.445      30.907     -72.948       0.021      27.861       0.023
Gaia DR3 2253356142331151104 282.0403422  63.7694114 11.444  1.582       2.607  23.5689  49.9545   -20.17      nan      nan   15.783  nan      nan    nan   0.830     nan                                None      44.047     118.137      43.537       0.016     126.797       0.015
Gaia DR3 1483471572212459008 210.5937596  36.5459095 15.631  2.869       2.328  29.5582  50.0470   -21.93      nan      nan   10.874  nan      nan    nan   1.064     nan                                None     -78.949      30.396     -73.631       0.018      30.839       0.025
Gaia DR3 1307034384412261376 254.4622718  27.4642734 15.881  2.601       1.106  22.2102  50.1066   -38.59      nan      nan    7.935  nan      nan    nan   0.960     nan                                None     -11.946      29.028     -13.337       0.030      27.808       0.034
Gaia DR3 1328079586732791808 250.0706993  36.3502817 16.953  2.958       2.655  12.8170  50.1989   -34.91      nan      nan    6.968  nan      nan    nan   1.027     nan                                None     -15.213      33.362     -17.956       0.059      36.134       0.065
Gaia DR3 2141566286876513152 291.3109072  55.4005816 16.574  2.943       2.110  27.0006  50.2392   -23.61      nan      nan    9.050  nan      nan    nan   1.058     nan                                None      37.456      57.226      34.466       0.058      59.922       0.049
Gaia DR3 2238612241160656896 292.9723902  58.8108014 15.714  2.825       1.376  27.7713  50.2582   -21.48      nan      nan    9.349  nan      nan    nan   1.138     nan                                None      40.858      60.799      43.445       0.061      59.986       0.049
Gaia DR3 1271145117994098688 229.2866814  26.1466485 18.145  3.753       1.039  26.9796  50.2658   -32.65      nan      nan    9.037  nan      nan    nan   1.080     nan                                None     -46.566      25.436     -45.894       0.125      27.299       0.151
Gaia DR3 1264893127375768064 226.1325663  25.3144462 14.862  2.516       0.708  29.0641  50.3266   -31.58      nan      nan   10.069  nan      nan    nan   1.061     nan                                None     -55.917      26.061     -54.698       0.018      26.939       0.023
Gaia DR3 2238612241161228032 292.9720932  58.8112305 15.755  2.847       1.883  27.7711  50.3593   -21.48      nan      nan    9.324  nan      nan    nan   1.069     nan                                None      40.747      60.635      44.447       0.061      60.499       0.052
Gaia DR3 4579549393791725312 270.9832827  25.3398198  9.854  0.910       1.513  29.8609  50.4268   -39.47      nan      nan   11.055  nan      nan    nan   0.968     nan                                None      12.056      37.360      10.890       0.009      40.687       0.012
Gaia DR3 1214424822106544768 232.7718317  21.4824167 13.193  1.995       2.329  30.0032  50.5691   -34.95      nan      nan   11.403  nan      nan    nan   1.051     nan                                None     -53.504      26.854     -48.438       0.013      24.472       0.013
Gaia DR3 1214424100552037248 232.7212715  21.4184520 11.766  1.488       2.297  30.0793  50.6852   -34.95      nan      nan   11.427  nan      nan    nan   1.404     nan                                None     -53.693      26.799     -48.723       0.017      24.367       0.017
Gaia DR3 1268273335357089536 224.8226717  26.7384806 17.131  3.052       2.453  28.4490  50.9256   -30.72      nan      nan    9.485  nan      nan    nan   1.007     nan                                None     -54.209      25.565     -59.107       0.053      25.300       0.064
Gaia DR3 1326968942540108928 251.1651997  35.0629195 14.892  2.975       2.870  14.2190  51.2051   -35.57      nan      nan   18.778  nan      nan    nan   1.047     nan                                None     -37.845      87.211     -27.911       0.021      81.701       0.023
Gaia DR3 1634540277980119808 265.1689386  67.6211881 16.536  2.887       2.018  20.5512  51.2517   -18.54      nan      nan    7.595  nan      nan    nan   1.034     nan                                None       1.338      61.986       4.569       0.058      62.020       0.059
Gaia DR3 1430992874355250816 252.6913201  58.4220160 17.745  3.224       2.975   9.8282  51.3516   -24.05      nan      nan    6.756  nan      nan    nan   0.976     nan                                None     -12.027      49.197     -16.015       0.087      47.768       0.089
Gaia DR3 2144735869660424320 282.1151151  51.8020550 16.355  2.721       2.357  21.9105  51.3652   -27.08      nan      nan    7.772  nan      nan    nan   1.002     nan                                None      21.777      50.029      20.559       0.046      46.364       0.043
Gaia DR3 2252567861213307776 289.4822689  63.6028375 17.991  3.269       2.909  26.6605  51.4654   -19.36      nan      nan    8.721  nan      nan    nan   0.990     nan                                None      33.844      61.784      38.636       0.154      59.409       0.178
Gaia DR3 1678666359662093184 198.0829793  67.1465329 15.983  2.782       2.631  30.5712  51.4665    -9.00      nan      nan   11.729  nan      nan    nan   1.052     nan                                None     -96.804      37.458     -90.492       0.041      35.884       0.036
Gaia DR3 1301159899944004352 251.3768852  25.8072840 16.592  2.992       2.237  23.4184  51.5393   -38.68      nan      nan    7.996  nan      nan    nan   1.003     nan                                None     -15.855      27.029     -19.199       0.039      28.773       0.045
Gaia DR3 1353090590037235200 252.7498443  40.0392640 12.455  1.321       2.567   9.7031  51.5576   -33.71      nan      nan    6.741  nan      nan    nan   1.029     nan                                None     -11.939      35.805      -8.493       0.009      34.609       0.011
Gaia DR3 1549830260044507520 203.0759867  43.9686941 14.849  2.800       1.765  30.6520  51.5782   -16.63      nan      nan   11.692  nan      nan    nan   1.615     nan                                None     -92.387      31.309     -92.872       0.026      35.631       0.028
Gaia DR3 4556186592772733952 266.0370170  22.0379969 12.968  1.972       2.298  30.6861  51.6096   -40.59      nan      nan   11.533  nan      nan    nan   2.058     nan                                None       3.611      33.643       3.659       0.015      39.229       0.025
Gaia DR3 4556186210511261056 266.0315022  22.0367374 17.835  3.644       1.754  30.6851  51.6281   -40.59      nan      nan   11.694  nan      nan    nan   0.972     nan                                None       3.651      34.112       3.983       0.064      38.422       0.103
Gaia DR3 4556186524053257984 266.0387758  22.0380519 14.988  2.835       1.916  30.6867  51.6298   -40.59      nan      nan   11.691  nan      nan    nan   1.185     nan                                None       3.663      34.106       4.578       0.014      38.739       0.025
Gaia DR3 2098080189681776640 279.8556875  39.5396909 15.963  2.566       2.889  24.6910  51.6616   -33.32      nan      nan    8.222  nan      nan    nan   1.025     nan                                None      20.236      42.288      20.637       0.038      37.297       0.041
Gaia DR3 1263671638677195392 227.0085398  23.7213282 12.857  1.864       2.444  30.0821  51.6688   -32.27      nan      nan   10.254  nan      nan    nan   1.006     nan                                None     -55.824      24.979     -50.552       0.022      24.627       0.021
Gaia DR3 4556803968547372160 262.1265944  21.5246795 15.664  3.109       1.847  29.8284  51.6805   -40.71      nan      nan   13.180  nan      nan    nan   2.451     nan                                None      -4.001      37.438      -2.970       0.050      32.411       0.067
Gaia DR3 2235479457651643008 298.5004582  57.6021539 15.228  2.903       1.894  30.7408  51.6922   -20.96      nan      nan   11.487  nan      nan    nan   1.180     nan                                None      58.722      69.149      54.147       0.033      68.802       0.029
Gaia DR3 1280843811279331072 219.4592170  28.3760511 15.568  2.619       2.340  29.8724  51.6997   -27.99      nan      nan   10.066  nan      nan    nan   1.388     nan                                None     -63.861      26.280     -59.653       0.039      23.644       0.041
Gaia DR3 4587475292081457408 278.3537585  29.8213848 17.670  3.549       2.886  30.1626  51.7131   -37.21      nan      nan   10.304  nan      nan    nan   1.037     nan                                None      23.004      40.325      27.915       0.076      36.428       0.089
Gaia DR3 1484378256988614528 213.6898249  37.4965396 13.855  2.040       0.999  27.0057  51.7840   -23.15      nan      nan    8.769  nan      nan    nan   1.116     nan                                None     -61.025      27.233     -61.701       0.009      28.951       0.013
Gaia DR3 2131156007706673536 286.8060231  48.3259300 16.021  2.823       2.005  25.5599  51.8037   -28.07      nan      nan    8.392  nan      nan    nan   0.988     nan                                None      29.333      49.400      29.075       0.038      45.862       0.038
Gaia DR3 1370670200417498880 234.7988727  33.2412573 13.311  2.531       2.831  18.4819  51.8538   -32.58      nan      nan   18.131  nan      nan    nan   1.258     nan                                None     -80.064      70.645     -75.794       0.010      80.589       0.014
Gaia DR3 1696135915800294400 232.6602791  71.8107496 18.542    nan       2.849  23.7760  51.9825   -13.71      nan      nan    8.013  nan      nan    nan   1.296     nan                                None     -37.719      57.454     -37.824       0.353      52.642       0.450
Gaia DR3 4577775159982934400 269.9782910  23.5149393  9.461  0.865       2.059  30.9796  52.1127   -40.03      nan      nan   11.873  nan      nan    nan   0.928     nan                                None      11.079      37.041      10.310       0.009      42.137       0.011
Gaia DR3 4596610103401521408 268.4795308  29.5509176 16.889  3.287       2.794  25.1147  52.1917   -38.34      nan      nan    8.247  nan      nan    nan   1.024     nan                                None       5.754      32.996       2.153       0.047      29.736       0.054
Gaia DR3 1280843811279330688 219.4600253  28.3748641 18.522  3.412       2.138  29.8729  52.2407   -27.99      nan      nan    9.848  nan      nan    nan   1.010     nan                                None     -62.476      25.709     -58.640       0.149      23.476       0.148
Gaia DR3 1206824649841731456 241.9370341  23.3952396 18.054  3.367       1.187  26.0465  52.4125   -37.38      nan      nan    8.425  nan      nan    nan   0.939     nan                                None     -28.661      24.072     -27.528       0.093      22.294       0.104
Gaia DR3 2150209822658669312 271.0956907  55.4719581 16.312  2.670       2.136  15.6155  52.4808   -26.08      nan      nan    7.029  nan      nan    nan   1.011     nan                                None       7.790      49.910       4.720       0.048      49.142       0.047
Gaia DR3 4577259489030858240 268.7009035  22.5804298 17.409  0.178       1.937  31.2545  52.4818   -40.35      nan      nan   11.416  nan      nan    nan   1.011     nan                                None       8.362      34.121       6.802       0.048      38.514       0.070
Gaia DR3 2103386810754796416 285.1980610  40.4247288 15.923  2.928       1.701  27.6961  52.5534   -31.98      nan      nan   15.144  nan      nan    nan   0.959     nan                                None      49.370      76.901      54.074       0.034      79.611       0.037
Gaia DR3 4585900031216906752 274.2961681  26.8184577 17.293  0.226       2.876  30.2726  52.6027   -38.71      nan      nan    9.970  nan      nan    nan   1.016     nan                                None      16.024      35.474      18.879       0.056      30.147       0.068
Gaia DR3 4579067086145390720 271.2502944  23.7939709 16.253  3.179       0.673  31.3126  52.6375   -39.86      nan      nan   11.978  nan      nan    nan   1.091     nan                                None      13.564      37.750      12.869       0.031      39.301       0.044
Gaia DR3 1386866174197655680 243.1918199  46.4009975 18.420  3.281       2.572   4.0066  52.6379   -29.35      nan      nan    6.534  nan      nan    nan   0.998     nan                                None     -21.026      37.666     -17.942       0.153      39.409       0.169
Gaia DR3 1612297020311497856 224.9931568  54.6660859 11.655  1.113       1.634  15.0062  52.7036   -21.21      nan      nan    6.973  nan      nan    nan   0.960     nan                                None     -39.704      37.864     -40.590       0.012      35.632       0.017
Gaia DR3 1507367773813585408 216.4553336  48.3953336 20.491  2.764       1.991  20.4556  52.8107   -20.98      nan      nan    7.463  nan      nan    nan   1.145     nan                                None     -49.801      31.486     -47.920       0.803      28.981       0.801
Gaia DR3 1477520877842658304 213.0965507  31.4147061 14.956  2.353       2.624  31.3226  52.8235   -24.29      nan      nan   10.925  nan      nan    nan   1.624     nan                                None     -76.674      27.672     -82.465       0.038      25.946       0.038
Gaia DR3 1284414372211192320 217.7878023  29.8490234 14.551  2.825       1.358  29.6777  52.8284   -26.89      nan      nan   14.081  nan      nan    nan   1.139     nan                                None     -91.941      37.572     -89.042       0.022      34.773       0.022
Gaia DR3 1551456609542293120 199.6642423  47.4803783 10.668  1.275       2.075  31.4558  52.8478   -14.29      nan      nan   11.225  nan      nan    nan   9.380     nan                                None     -91.473      28.461     -94.406       0.155      24.523       0.228
Gaia DR3 4557492400264463872 263.4677945  23.7194247 17.010  3.177       1.998  28.2121  52.8623   -40.19      nan      nan    8.955  nan      nan    nan   0.982     nan                                None      -0.825      28.379      -0.150       0.043      32.089       0.056
Gaia DR3 1703549819627449984 239.0774010  74.7246819 15.214  2.869       1.342  25.9328  52.9843   -12.56      nan      nan   16.190  nan      nan    nan   1.006     nan                                None     -61.774     125.774     -57.225       0.026     125.246       0.031
Gaia DR3 1685720070351584000 197.4073418  69.5544298 15.904  2.201       2.256  31.3459  53.0209    -8.19      nan      nan   10.755  nan      nan    nan   1.101     nan                                None     -89.228      34.192     -85.550       0.039      30.638       0.036
Gaia DR3 1292608757494360576 221.7521372  33.3307379 19.900  2.910       1.994  24.8312  53.0526   -27.80      nan      nan    8.092  nan      nan    nan   1.088     nan                                None     -49.216      26.280     -46.397       0.250      24.377       0.395
Gaia DR3 2234709868237666048 299.4849861  57.3014023 13.378  2.093       1.427  31.3024  53.0894   -20.89      nan      nan   12.690  nan      nan    nan   5.272     nan                                None      66.487      75.145      68.827       0.204      78.161       0.204
Gaia DR3 1622515640861195648 238.0640605  56.6465755 17.055  3.119       2.339   9.5413  53.1813   -23.19      nan      nan    6.658  nan      nan    nan   7.187     nan                                None     -26.363      43.312     -24.904       0.351      40.372       0.396
Gaia DR3 1367397504057740928 266.2798387  50.9684827 15.941  2.643       1.499  12.0821  53.3190   -28.83      nan      nan    6.765  nan      nan    nan   1.026     nan                                None       2.377      45.284       2.581       0.033      43.156       0.035
Gaia DR3 1558774787137081984 204.5180106  50.6046886 14.382  2.543       2.452  27.4842  53.3336   -15.65      nan      nan   15.649  nan      nan    nan   3.915     nan                                None    -121.891      50.358    -120.896       0.054      42.332       0.061
Gaia DR3 4586208585965652480 273.4406201  27.7614734 14.715  2.461       2.062  29.0631  53.3584   -38.52      nan      nan    9.156  nan      nan    nan   1.104     nan                                None      13.497      33.900      17.015       0.017      32.039       0.022
Gaia DR3 1551456609541659520 199.6666690  47.4803919 16.778  3.064       2.776  31.4542  53.3655   -14.29      nan      nan   12.768  nan      nan    nan   1.114     nan                                None    -104.044      32.376    -102.289       0.070      25.112       0.107
Gaia DR3 2266330791856546048 279.8077656  73.0932829 14.808  2.700       2.280  27.8710  53.3666   -14.30      nan      nan   15.471  nan      nan    nan   1.214     nan                                None      37.964     126.449      38.282       0.027     119.021       0.027
Gaia DR3 1214905166953449728 229.2771775  21.4179415 14.891  2.855       1.872  31.2613  53.4687   -33.64      nan      nan   13.122  nan      nan    nan   1.152     nan                                None     -67.632      29.354     -71.533       0.030      25.948       0.039
Gaia DR3 1209928609826457856 235.5829760  19.1196989 14.915  2.801       1.405  31.4673  53.4740   -36.37      nan      nan   12.865  nan      nan    nan   1.388     nan                                None     -55.418      27.291     -52.346       0.033      29.547       0.027
Gaia DR3 1667537309124356480 212.5602084  62.5634194 12.036  1.983       2.736  23.4566  53.5494   -14.43      nan      nan   17.405  nan      nan    nan   1.198     nan                                None    -123.075      82.834    -113.376       0.012      80.252       0.013
Gaia DR3 1341339284637752320 256.5956504  38.9104039 13.742  1.894       2.831  11.9824  53.5571   -34.57      nan      nan    6.748  nan      nan    nan   1.183     nan                                None      -7.913      35.306     -10.430       0.014      32.163       0.020
Gaia DR3 4581248276695101056 268.1285456  25.4272632 13.553  2.362       0.711  28.4927  53.6716   -39.63      nan      nan   15.301  nan      nan    nan   1.162     nan                                None       9.830      52.187      12.036       0.010      51.563       0.012
Gaia DR3 1707916564415905408 244.2134715  79.1809235 17.693  3.606       2.206  30.1596  53.6940    -9.93      nan      nan   14.271  nan      nan    nan   0.993     nan                                None     -43.767     117.794     -38.361       0.110     113.942       0.111
Gaia DR3 2248515301874172032 294.7701794  65.6867666 12.100  1.543       2.953  29.3139  53.7214   -17.36      nan      nan    9.172  nan      nan    nan   9.140     nan                                None      42.341      63.016      36.803       0.086      61.622       0.084
Gaia DR3 1504729255145762560 212.6978115  44.4983919 16.730  3.449       1.036  24.1543  53.7547   -20.77      nan      nan   17.252  nan      nan    nan   1.105     nan                                None    -121.764      61.981    -123.919       0.061      58.889       0.077
Gaia DR3 1306461294040420480 252.5297518  26.4802903 17.910  3.035       2.422  22.8797  53.7767   -38.65      nan      nan    7.701  nan      nan    nan   0.978     nan                                None     -13.900      26.897     -17.711       0.083      27.863       0.088
Gaia DR3 4466839281459537152 245.4688774  17.1980005 14.156  2.701       2.846  31.8988  53.7909   -39.50      nan      nan   12.546  nan      nan    nan   3.344     nan                                None     -36.131      25.678     -42.308       0.046      21.378       0.044
Gaia DR3 1707346020961777024 236.4072938  77.5996125  9.590  0.993       2.553  28.8759  53.8068   -10.50      nan      nan   15.159  nan      nan    nan   0.874     nan                                None     -63.561     116.865     -70.129       0.014     121.706       0.013
Gaia DR3 1558150333251062016 196.2883546  53.5074839 18.274  3.569       2.830  31.7370  53.8123   -11.58      nan      nan   10.623  nan      nan    nan   1.045     nan                                None     -88.863      25.993     -90.096       0.121      32.209       0.143
Gaia DR3 1556839676734810880 198.5231022  50.6008466 18.508  3.470       2.493  31.1567  53.8638   -13.13      nan      nan   10.067  nan      nan    nan   0.979     nan                                None     -82.798      25.869     -77.962       0.113      28.014       0.142
Gaia DR3 2101652640402405248 291.6151488  41.3902910 14.991  2.532       1.347  31.4182  53.8675   -30.09      nan      nan   10.269  nan      nan    nan   1.051     nan                                None      42.942      50.475      44.336       0.021      47.915       0.023
Gaia DR3 2263242504210398208 296.7806145  70.7936289 18.594  3.708       2.266  31.3125  53.9409   -14.13      nan      nan   10.148  nan      nan    nan   1.148     nan                                None      49.583      71.155      54.429       0.202      71.005       0.233
Gaia DR3 4561924634713943936 255.3998443  20.7865343 13.106  1.836       1.783  28.9274  53.9701   -40.45      nan      nan    8.984  nan      nan    nan   0.964     nan                                None     -12.212      24.210     -12.974       0.008      20.921       0.009
Gaia DR3 1359406390985191680 253.5380202  45.4222142 14.905  2.094       2.043   5.3850  53.9802   -31.28      nan      nan    6.501  nan      nan    nan   1.007     nan                                None     -10.720      38.823     -12.992       0.020      40.460       0.024
Gaia DR3 1323696589777779328 242.7260629  34.3006031 13.796  2.174       2.733  15.1925  54.0138   -34.32      nan      nan    6.913  nan      nan    nan   1.712     nan                                None     -22.718      29.888     -26.314       0.019      31.600       0.022
Gaia DR3 4561921404898531840 255.4337623  20.7544045 15.987  2.742       1.857  28.9648  54.0259   -40.46      nan      nan    8.985  nan      nan    nan   1.060     nan                                None     -12.167      24.175     -13.335       0.028      20.856       0.034
Gaia DR3 1261705673230699008 226.5558779  21.8477206 19.208  0.973       0.385  31.9411  54.1521   -32.44      nan      nan   10.617  nan      nan    nan   0.967     nan                                None     -58.403      23.316     -58.800       0.330      24.081       0.276
Gaia DR3 2247822502171867520 297.9086405  65.9853237 17.145  3.022       2.616  30.6306  54.2120   -16.68      nan      nan    9.627  nan      nan    nan   1.033     nan                                None      48.469      63.999      49.992       0.093      58.913       0.087
Gaia DR3 1471515517131288448 206.3629259  36.7251361 15.015  2.693       0.344  32.1920  54.2527   -19.80      nan      nan   12.626  nan      nan    nan   1.065     nan                                None     -96.428      31.320     -96.702       0.014      32.193       0.020
Gaia DR3 1471515517131288576 206.3647182  36.7268681 15.160  2.727       0.419  32.1898  54.2590   -19.80      nan      nan   12.638  nan      nan    nan   1.072     nan                                None     -96.521      31.354     -97.454       0.015      31.966       0.021
Gaia DR3 2097118426246905984 282.4844492  38.3355449 14.331  2.310       1.647  27.0594  54.2617   -33.37      nan      nan    8.415  nan      nan    nan   1.038     nan                                None      24.046      41.391      21.123       0.016      41.374       0.016
Gaia DR3 2090892819612286720 279.3049004  32.2481773 13.361  1.908       2.608  28.9620  54.3412   -36.24      nan      nan    8.925  nan      nan    nan   1.061     nan                                None      21.220      37.682      16.584       0.011      36.071       0.013
Gaia DR3 1720870220141193344 223.6360528  80.2634967 14.163  2.468       2.074  32.2631  54.3843    -7.89      nan      nan   10.857  nan      nan    nan   2.073     nan                                None     -63.607      72.687     -59.041       0.034      73.984       0.035
Gaia DR3 4608300488982341120 268.6406212  36.8987960 11.061  1.860       0.877  19.4591  54.4356   -35.60      nan      nan   19.014  nan      nan    nan   2.223     nan                                None      13.747      95.098      13.260       0.028      91.616       0.032
Gaia DR3 4539456355123513216 280.6421251  28.8098368 16.001  3.037       2.615  32.2474  54.4366   -37.14      nan      nan   10.785  nan      nan    nan   0.994     nan                                None      27.828      40.205      26.856       0.030      46.070       0.039
Gaia DR3 2257424816390266240 276.4047496  67.8193125 18.823  3.314       1.217  23.6053  54.5053   -18.03      nan      nan    7.743  nan      nan    nan   1.073     nan                                None      14.970      61.807      14.914       0.192      59.821       0.269
Gaia DR3 1579844453580792960 192.7063784  60.5791946 10.326  0.991       2.816  32.5738  54.5312    -8.83      nan      nan   11.329  nan      nan    nan   3.368     nan                                None     -96.996      25.692     -93.312       0.041      31.318       0.051
Gaia DR3 1287052066251525760 218.6425620  32.3274814 14.231  2.314       2.009  27.3560  54.5778   -26.70      nan      nan    8.443  nan      nan    nan   5.512     nan                                None     -54.334      25.014     -57.506       0.049      26.667       0.084
Gaia DR3 2098024007212001920 280.3019032  39.5105845 12.483  1.469       2.094  24.9947  54.6699   -33.26      nan      nan    7.952  nan      nan    nan   1.005     nan                                None      20.108      40.770      17.940       0.011      38.010       0.011
Gaia DR3 1598818004187091968 228.8924026  51.7887849 18.520    nan       2.069  12.2360  54.6878   -23.56      nan      nan    6.705  nan      nan    nan   0.940     nan                                None     -34.892      36.813     -37.224       0.154      35.049       0.338
Gaia DR3 2103866610142486016 285.6462790  41.5368538 11.123  1.055       2.679  27.4360  54.7262   -31.41      nan      nan    8.442  nan      nan    nan   1.246     nan                                None      28.077      43.822      25.706       0.018      39.685       0.019
Gaia DR3 4466586806101247744 246.7594936  16.3901760 15.102  2.876       1.797  32.6650  54.8080   -39.92      nan      nan   12.476  nan      nan    nan   1.101     nan                                None     -33.512      24.286     -34.964       0.021      19.789       0.021
Gaia DR3 4547780341036764928 257.8913678  17.2912930 12.886  1.808       2.665  32.8214  54.8144   -41.38      nan      nan   11.808  nan      nan    nan   0.953     nan                                None     -11.450      25.797      -9.301       0.012      19.520       0.012
Gaia DR3 2091335677980891776 280.1733406  33.8890496 19.762  3.131       1.112  28.3616  54.8292   -35.51      nan      nan   15.984  nan      nan    nan   1.142     nan                                None      40.110      70.625      37.389       0.356      73.201       0.411
Gaia DR3 1613312934695563264 227.7239510  57.9886746 15.724  2.599       1.209  14.7578  54.9161   -20.34      nan      nan    6.836  nan      nan    nan   0.953     nan                                None     -36.594      40.356     -35.697       0.033      41.849       0.040
Gaia DR3 1554699447288723712 196.7393741  48.4543047 15.150  2.809       2.199  32.9402  54.9898   -12.76      nan      nan   11.770  nan      nan    nan   2.033     nan                                None     -98.133      26.733     -99.622       0.032      21.485       0.037
Gaia DR3 2079562451071085568 295.7303122  43.8800416 12.429  1.774       2.643  32.9407  55.0102   -27.95      nan      nan   11.991  nan      nan    nan   1.086     nan                                None      56.906      59.522      51.033       0.012      56.340       0.012
Gaia DR3 1472434360960945408 204.9905999  36.9710255 20.684  1.795       2.992  32.9439  55.0116   -19.05      nan      nan   11.599  nan      nan    nan   0.997     nan                                None     -89.906      27.696     -94.055       0.603      21.672       0.702
Gaia DR3 4584318761696248448 270.2876321  28.5005389 13.562  1.901       0.882  26.8645  55.0343   -38.58      nan      nan    8.273  nan      nan    nan   1.082     nan                                None       8.120      31.762       8.695       0.010      33.188       0.012
Gaia DR3 2118615768352305280 277.7693587  46.6272360 12.831  2.391       2.560  20.2152  55.0978   -30.33      nan      nan   19.120  nan      nan    nan   1.228     nan                                None      40.975     115.337      31.367       0.019     111.577       0.021
Gaia DR3 2275823322415697024 300.7157397  72.4686118 11.567  1.341       2.366  32.9809  55.1067   -12.65      nan      nan   11.450  nan      nan    nan   0.851     nan                                None      61.788      77.393      66.172       0.012      73.731       0.012
Gaia DR3 4580259369064371712 266.8536475  22.7794017 17.020    nan       2.250  30.3256  55.2145   -40.38      nan      nan   15.087  nan      nan    nan   0.817     nan                                None       6.665      45.650      13.453       0.152      47.914       0.170
Gaia DR3 2102580726995578624 287.3802375  42.8431538 19.529  3.293       1.732  27.9630  55.2334   -30.48      nan      nan    8.500  nan      nan    nan   1.205     nan                                None      30.419      44.793      27.315       0.395      44.827       0.395
Gaia DR3 1220332188845485952 238.3090633  26.4838377 15.715  2.448       1.261  23.7016  55.2697   -35.61      nan      nan    7.690  nan      nan    nan  22.197     nan                                None     -30.182      24.412     -31.171       0.412      22.623       0.662
Gaia DR3 2288367856735069696 298.2300050  74.9517676 15.704  3.061       1.497  33.1287  55.2784   -11.53      nan      nan   11.955  nan      nan    nan   3.333     nan                                None      60.693      84.735      59.227       0.106      81.260       0.105
Gaia DR3 2244936391522398080 303.9415486  65.5464329 19.402  3.497       1.774  33.0557  55.3034   -15.80      nan      nan   11.270  nan      nan    nan   1.779     nan                                None      65.316      68.762      68.031       0.463      65.539       0.495
Gaia DR3 1569697679243840384 194.0883816  52.9508040 12.459  1.826       2.419  33.1505  55.3046   -10.77      nan      nan   11.721  nan      nan    nan   1.195     nan                                None     -99.507      25.371     -95.158       0.011      29.473       0.011
Gaia DR3 2120231427672164096 278.9977998  47.7342230 17.830  3.233       1.453  20.6982  55.3999   -29.62      nan      nan    7.303  nan      nan    nan   0.972     nan                                None      17.021      44.689      15.942       0.104      42.730       0.138
Gaia DR3 1676690296748814336 193.2961253  63.4741213 17.081    nan       1.523  32.1924  55.4417    -8.46      nan      nan   13.792  nan      nan    nan   0.939     nan                                None    -117.675      33.623    -113.835       0.111      31.419       0.246
Gaia DR3 4560846563563745792 256.6263447  19.5918961 14.819  2.518       1.891  30.3212  55.5224   -40.83      nan      nan    9.164  nan      nan    nan   1.077     nan                                None     -10.703      23.145      -7.054       0.016      22.980       0.017
Gaia DR3 4582750931133156992 269.5723668  25.9887859 17.757  3.327       2.402  28.6492  55.5548   -39.39      nan      nan    8.631  nan      nan    nan   1.016     nan                                None       7.503      30.071       3.239       0.071      29.110       0.088
Gaia DR3 1209636071010139392 232.6374622  18.7126631 15.089  2.819       2.751  32.6631  55.5554   -35.40      nan      nan   13.376  nan      nan    nan   1.081     nan                                None     -63.001      26.650     -68.355       0.026      32.262       0.032
Gaia DR3 1366880871031638912 264.6824461  48.7524819 17.147  2.853       2.548  11.1660  55.6012   -30.06      nan      nan    6.611  nan      nan    nan   1.003     nan                                None       0.658      42.701      -2.656       0.058      41.425       0.066
Gaia DR3 1676690296748060544 193.2964934  63.4741030 16.866  3.404       2.444  32.1923  55.6643    -8.46      nan      nan   13.969  nan      nan    nan   2.913     nan                                None    -119.178      34.053    -114.200       0.218      28.857       0.320
Gaia DR3 1271299363160784512 229.7581708  26.7920386 14.772  2.359       0.489  26.2127  55.7124   -32.68      nan      nan    8.063  nan      nan    nan   1.079     nan                                None     -41.054      23.473     -40.813       0.015      22.677       0.018
Gaia DR3 4576631667898035840 270.5001540  22.3776096 15.632  2.870       2.458  32.2079  55.7854   -40.28      nan      nan   14.047  nan      nan    nan   1.063     nan                                None      14.257      41.415      19.469       0.020      46.494       0.032
Gaia DR3 4560858555112550400 256.7770421  19.7894881 13.073  2.026       0.457  30.1568  55.8443   -40.80      nan      nan    9.039  nan      nan    nan  11.069     nan                                None     -10.344      23.107     -10.603       0.083      22.275       0.098
Gaia DR3 1526616167968296064 198.8947479  43.9085436  9.999  0.976       1.390  33.3860  55.8556   -14.64      nan      nan   11.205  nan      nan    nan   0.955     nan                                None     -91.885      25.396     -93.673       0.008      28.149       0.011
Gaia DR3 1196589162958842240 237.3890368  16.8161466 16.949  3.330       2.081  33.2966  55.8647   -37.34      nan      nan   12.772  nan      nan    nan   1.008     nan                                None     -51.790      23.620     -46.782       0.070      26.128       0.061
Gaia DR3 4589789832775784704 274.3183840  29.3396914 13.186  1.787       2.328  28.2704  56.0535   -37.93      nan      nan    8.461  nan      nan    nan   1.017     nan                                None      13.628      33.114      10.624       0.009      35.982       0.010
Gaia DR3 2077349447701892224 294.3189006  41.1613159 13.676  2.346       0.915  33.2996  56.0630   -29.44      nan      nan   10.834  nan      nan    nan   1.145     nan                                None      49.348      51.507      51.436       0.014      51.606       0.015
Gaia DR3 1198365870669434112 241.0422678  16.0423621 15.567  2.771       2.080  33.4442  56.1402   -38.56      nan      nan   10.974  nan      nan    nan   1.072     nan                                None     -38.764      19.860     -38.022       0.031      15.106       0.030
Gaia DR3 1333261786887663360 259.7756005  31.3716445 18.231  3.308       2.295  19.8908  56.1545   -37.73      nan      nan    7.170  nan      nan    nan   1.051     nan                                None      -4.831      30.522      -1.768       0.127      32.150       0.155
Gaia DR3 2244619285500994432 304.1921351  64.7696314 16.093  3.175       2.670  33.1441  56.2341   -16.14      nan      nan   13.437  nan      nan    nan   1.105     nan                                None      78.281      81.059      85.537       0.054      78.921       0.050
Gaia DR3 1611321822216741760 215.7780663  56.9336935 14.472  2.981       1.581  20.5171  56.2567   -17.58      nan      nan   19.598  nan      nan    nan   1.201     nan                                None    -132.176      93.343    -126.006       0.017      91.195       0.021
Gaia DR3 1319997248546686464 239.0151011  28.9447880 14.514  2.821       2.087  21.1633  56.2954   -35.13      nan      nan   19.434  nan      nan    nan   1.592     nan                                None     -74.322      68.357     -78.254       0.022      60.764       0.029
Gaia DR3 2138021152151474944 297.3943162  55.0382280 12.600  1.617       2.545  30.4876  56.3368   -22.48      nan      nan    9.057  nan      nan    nan   1.285     nan                                None      44.986      53.394      41.025       0.013      56.210       0.014
Gaia DR3 1676792242092392704 192.3053467  63.3997528 14.465  2.390       2.359  32.6355  56.3572    -8.16      nan      nan   10.064  nan      nan    nan   1.110     nan                                None     -86.368      23.178     -81.363       0.019      23.073       0.020
Gaia DR3 4554230870819953280 262.9830014  20.1976346 11.052  1.051       0.279  31.3455  56.4936   -41.03      nan      nan    9.349  nan      nan    nan   1.300     nan                                None      -1.576      24.701      -1.047       0.013      24.851       0.017
Gaia DR3 1649107153484779648 255.2763315  69.4840273 16.005  2.599       1.777  20.7666  56.5320   -17.10      nan      nan    7.233  nan      nan    nan   0.984     nan                                None      -9.971      59.208     -12.508       0.032      60.159       0.035
Gaia DR3 1663201144501842944 201.4034333  60.5189478 16.938  3.076       2.940  28.3022  56.5420   -11.79      nan      nan    8.403  nan      nan    nan   1.043     nan                                None     -67.446      28.267     -72.097       0.059      30.609       0.055
Gaia DR3 4598841046852990336 262.5144272  29.5036910 12.996  2.535       2.391  22.5801  56.7172   -38.46      nan      nan   19.218  nan      nan    nan   1.254     nan                                None      -4.659      76.988     -10.864       0.012      84.424       0.016
Gaia DR3 1565885324541933184 202.0111231  57.1862365 19.508  3.299       2.509  27.9934  56.8047   -12.91      nan      nan    8.299  nan      nan    nan   1.000     nan                                None     -66.241      27.262     -69.747       0.271      29.904       0.362
Gaia DR3 1691422618689494656 191.7767133  73.7462703 16.844  2.988       2.927  34.1127  56.8503    -5.97      nan      nan   11.409  nan      nan    nan   1.051     nan                                None     -98.208      28.510     -92.987       0.064      33.232       0.056
Gaia DR3 1696135911504517760 232.6594117  71.8110151 15.469  2.547       0.739  23.7763  56.8823   -13.71      nan      nan    7.564  nan      nan    nan   1.191     nan                                None     -35.604      54.230     -36.292       0.034      53.274       0.039
Gaia DR3 1241575028371339136 221.2274518  22.4120637 11.664  1.532       1.538  33.8494  56.9016   -29.97      nan      nan   13.169  nan      nan    nan   1.373     nan                                None     -80.892      27.084     -76.751       0.013      28.124       0.016
Gaia DR3 1631079732635189504 258.0057447  63.2311938 18.649  3.732       1.913  15.2648  56.9669   -21.34      nan      nan    6.760  nan      nan    nan   1.197     nan                                None      -6.435      52.692      -4.489       0.265      54.602       0.250
Gaia DR3 1270656286294682496 231.6723537  26.5262034 13.674  2.577       1.355  25.7050  57.0007   -33.45      nan      nan   18.275  nan      nan    nan   1.147     nan                                None     -88.443      53.972     -84.091       0.023      51.091       0.028
Gaia DR3 1454450237674605952 210.6092557  31.6501844 10.587  0.947       2.648  32.6941  57.0020   -22.99      nan      nan    9.862  nan      nan    nan   1.027     nan                                None     -71.589      23.584     -73.161       0.017      28.861       0.014
Gaia DR3 4580844652850476544 268.6694270  24.3627964 13.384  2.014       0.710  29.6622  57.0924   -39.89      nan      nan    8.669  nan      nan    nan   3.331     nan                                None       6.307      28.195       5.014       0.061      28.311       0.077
Gaia DR3 1649107363939137408 255.2701848  69.4888940  9.591  0.804       1.749  20.7708  57.1125   -17.09      nan      nan    7.194  nan      nan    nan   1.145     nan                                None      -9.925      58.894     -12.463       0.013      59.664       0.014
Gaia DR3 1396507035747261952 236.0044310  43.6427491 16.618  2.749       1.289   9.6797  57.2184   -29.02      nan      nan    6.480  nan      nan    nan   0.965     nan                                None     -27.534      33.283     -27.314       0.044      31.536       0.052
Gaia DR3 1207804112839827712 232.7683828  17.4486399 20.333  1.631       1.012  33.8269  57.2327   -35.65      nan      nan   10.602  nan      nan    nan   1.046     nan                                None     -49.752      19.407     -52.002       0.699      19.635       0.578
Gaia DR3 2143897251526841472 282.9473487  49.6103787  9.994  1.351       0.210  22.7876  57.2854   -28.10      nan      nan   19.443  nan      nan    nan   0.996     nan                                None      56.901     120.205      57.761       0.012     120.154       0.013
Gaia DR3 4544054886405235456 261.8866015  16.4569834  7.238  0.417       0.603  34.5846  57.4061   -41.74      nan      nan   12.105  nan      nan    nan   0.910     nan                                None      -4.133      25.062      -3.941       0.017      26.588       0.018
Gaia DR3 1507046128010826240 217.2311578  47.1507142  8.116  0.333       1.961  20.2772  57.4191   -21.70      nan      nan    7.125  nan      nan    nan   1.458     nan                                None     -46.955      29.838     -45.298       0.028      32.274       0.031
Gaia DR3 1623729398619240960 247.6933259  58.7375588 14.425  2.052       1.719   9.6908  57.4779   -23.39      nan      nan    6.469  nan      nan    nan   1.012     nan                                None     -16.465      46.240     -17.726       0.016      44.263       0.021
Gaia DR3 1430737585794663552 249.9818861  56.6693995 16.143  2.710       1.584   7.7485  57.4813   -24.85      nan      nan    6.408  nan      nan    nan   1.020     nan                                None     -14.078      45.143     -15.592       0.038      46.655       0.043
Gaia DR3 2234315074842687232 298.9502450  56.7956139 13.725  2.076       2.613  31.0813  57.4912   -21.26      nan      nan    9.035  nan      nan    nan   1.014     nan                                None      46.711      53.512      48.396       0.015      48.829       0.017
Gaia DR3 2157958596495985920 278.1921968  60.3101503 16.709  2.940       2.589  20.6510  57.4964   -22.67      nan      nan    7.157  nan      nan    nan   0.942     nan                                None      15.800      52.678      12.008       0.060      51.741       0.054
Gaia DR3 4558042808913367168 252.6839922  16.0617756 13.617  2.576       2.712  33.2381  57.5585   -41.03      nan      nan   14.477  nan      nan    nan   8.417     nan                                None     -25.786      28.408     -25.120       0.084      20.159       0.078
Gaia DR3 1207804044120332032 232.7853246  17.4366815 16.635  2.946       1.643  33.8334  57.5623   -35.66      nan      nan   10.421  nan      nan    nan   1.023     nan                                None     -48.876      19.062     -52.479       0.059      19.288       0.059
Gaia DR3 4574670895056352896 257.3782826  27.2249762  9.756  0.712       1.850  23.0750  57.5640   -38.94      nan      nan    7.419  nan      nan    nan   1.070     nan                                None      -7.792      27.109      -6.069       0.012      24.784       0.015
Gaia DR3 1287156073179681408 218.6156918  33.0078396 17.908  3.204       2.639  26.8845  57.5714   -26.52      nan      nan    7.989  nan      nan    nan   1.043     nan                                None     -51.436      24.189     -54.183       0.049      27.683       0.102
Gaia DR3 1648551079774886016 249.1693879  67.9254535 16.409  2.630       2.506  18.8936  57.6235   -17.79      nan      nan    6.988  nan      nan    nan   0.968     nan                                None     -16.220      55.225     -19.588       0.042      56.735       0.043
Gaia DR3 2043149241599383936 289.2961028  32.9118969 16.773  3.442       0.951  34.7496  57.6580   -33.84      nan      nan   12.235  nan      nan    nan   3.198     nan                                None      47.153      49.112      48.795       0.161      47.291       0.189
Gaia DR3 1583842552737210368 188.1201830  63.7045197 14.914  2.484       2.635  34.4866  57.6676    -6.78      nan      nan   11.087  nan      nan    nan   1.037     nan                                None     -97.182      19.335     -99.196       0.019      25.156       0.019
Gaia DR3 1477248439477146496 214.0407386  30.8955895 16.864  2.930       1.920  31.1159  57.7368   -24.86      nan      nan    8.999  nan      nan    nan   1.018     nan                                None     -62.307      22.907     -65.753       0.061      24.087       0.055
Gaia DR3 4528087336172846848 273.4524063  21.3225667 15.293 -0.198       0.505  34.4721  57.7411   -40.25      nan      nan   13.198  nan      nan    nan   1.074     nan                                None      19.480      36.530      18.136       0.017      36.118       0.033
Gaia DR3 2079369387997168256 297.5712080  45.3185618 18.006  2.852       2.690  33.5047  57.7917   -26.83      nan      nan   10.073  nan      nan    nan   0.979     nan                                None      50.265      50.354      45.224       0.117      47.668       0.113
Gaia DR3 2194906653958216704 307.3965528  61.5507346 11.790  1.577       1.691  34.7712  57.7934   -16.96      nan      nan   11.522  nan      nan    nan   1.014     nan                                None      71.467      63.783      71.577       0.014      67.890       0.013
Gaia DR3 2288026183496982528 301.4354104  73.9115531 14.491  2.322       2.925  33.5895  57.8042   -11.75      nan      nan   10.124  nan      nan    nan   1.058     nan                                None      55.549      68.423      53.410       0.020      74.288       0.019
Gaia DR3 1495285893372009856 207.7323390  36.4142465 16.678  2.994       1.303  31.4851  57.8160   -20.55      nan      nan    9.111  nan      nan    nan   1.051     nan                                None     -68.514      23.375     -66.994       0.033      21.387       0.047
Gaia DR3 1201067435163162624 245.4799991  19.1509926 12.856  1.875       1.927  29.9476  57.8655   -39.15      nan      nan   16.851  nan      nan    nan   1.507     nan                                None     -48.498      39.256     -42.934       0.047      43.242       0.050
Gaia DR3 1201067439457715072 245.4798385  19.1533203  3.692  0.441       1.137  29.9453  57.8916   -39.15      nan      nan   16.867  nan      nan    nan   2.338     nan                                None     -48.546      39.300     -47.283       0.113      43.139       0.116
Gaia DR3 4574764697142222592 257.4112376  27.2251018  9.265  0.650       2.025  23.0832  57.9236   -38.94      nan      nan    7.393  nan      nan    nan   0.980     nan                                None      -7.726      27.016      -5.867       0.010      24.466       0.013
Gaia DR3 1238445745263425536 221.6297240  21.5101245 18.502  0.785       1.833  34.4291  57.9408   -30.31      nan      nan   13.508  nan      nan    nan   0.983     nan                                None     -82.344      26.647     -78.352       0.132      23.283       0.145
Gaia DR3 4567696795881971840 260.5270075  22.6889058 17.452  3.177       2.352  28.2525  57.9933   -40.38      nan      nan    8.209  nan      nan    nan   1.014     nan                                None      -4.561      24.707      -3.721       0.055      20.724       0.073
Gaia DR3 2115330290168841600 274.3739931  44.9369237 17.188  2.928       1.544  18.5710  57.9973   -31.54      nan      nan    6.940  nan      nan    nan   1.036     nan                                None      11.238      41.081      11.922       0.064      43.233       0.071
Gaia DR3 2053439875858928512 291.6733679  40.1266877 18.872  3.327       2.202  32.0905  58.0531   -30.58      nan      nan    9.288  nan      nan    nan   1.008     nan                                None      38.912      44.313      40.228       0.198      40.207       0.192
Gaia DR3 1285466600544458880 217.1191115  31.5452373 20.266  2.705       2.951  28.8151  58.0658   -26.19      nan      nan    8.322  nan      nan    nan   1.042     nan                                None     -54.941      23.259     -50.049       0.576      24.952       0.602
Gaia DR3 1673151411199729664 214.1684164  67.3467622 10.548  1.552       2.590  24.8386  58.0932   -12.86      nan      nan   19.177  nan      nan    nan   8.978     nan                                None    -132.525      99.291    -124.377       0.125      92.718       0.124
Gaia DR3 1702013453990691840 225.9947284  76.5894832 17.370  3.268       1.098  28.8458  58.1056   -10.17      nan      nan    8.324  nan      nan    nan   1.056     nan                                None     -46.370      56.632     -44.445       0.093      56.554       0.083
Gaia DR3 1308369736988105216 255.6060675  27.7986198 11.987  2.140       1.873  22.1101  58.1640   -38.61      nan      nan   20.116  nan      nan    nan   1.362     nan                                None     -26.699      74.807     -34.625       0.015      74.300       0.015
Gaia DR3 1690012048350157056 186.8454005  71.3282343 15.332  2.859       2.241  35.1351  58.2062    -5.32      nan      nan   12.219  nan      nan    nan   1.115     nan                                None    -107.682      21.175    -109.127       0.033      15.587       0.033
Gaia DR3 4588062568728988800 276.9821018  28.9601898 16.974  3.090       2.086  30.0333  58.2418   -37.70      nan      nan    8.594  nan      nan    nan   0.961     nan                                None      17.378      32.824      15.328       0.052      36.000       0.056
Gaia DR3 1286601507000552832 221.5082928  33.1339314    nan    nan       2.921  25.1143  58.2463   -27.75      nan      nan    7.637  nan      nan    nan   1.509     nan                                None     -46.663      24.539     -51.356       0.046      24.833       0.087
Gaia DR3 4557010092617252352 262.6722657  22.4099767  9.195  0.726       1.913  29.1668  58.3240   -40.51      nan      nan    8.369  nan      nan    nan   3.854     nan                                None      -1.821      24.887      -3.250       0.031      27.944       0.045
Gaia DR3 1458056979412690304 206.8489996  31.8243696 16.233  3.087       2.537  34.9436  58.4059   -20.99      nan      nan   11.063  nan      nan    nan   1.072     nan                                None     -84.037      23.774     -87.519       0.031      28.558       0.033
Gaia DR3 1695018949425764992 222.2781670  70.5263285 15.901    nan       1.175  24.5713  58.4202   -12.92      nan      nan   19.449  nan      nan    nan   1.236     nan                                None    -117.087     120.280    -113.360       0.098     123.330       0.098
Gaia DR3 1207901106086171392 230.9309583  16.9976263 20.483  2.605       2.380  34.8107  58.5142   -35.02      nan      nan   10.802  nan      nan    nan   1.132     nan                                None     -53.338      18.645     -54.309       0.880      23.977       0.772
Gaia DR3 1209483612559704320 234.0918961  18.5413157 11.969  1.365       2.795  32.4115  58.5815   -35.95      nan      nan    9.294  nan      nan    nan   9.464     nan                                None     -41.944      18.656     -43.891       0.137      13.537       0.144
Gaia DR3 4552752646154854400 268.2518111  20.4827271 15.007  2.825       2.626  32.9568  58.5999   -40.87      nan      nan   15.463  nan      nan    nan   1.095     nan                                None      10.234      41.396      15.601       0.023      48.063       0.025
Gaia DR3 4465191216608281984 244.9287290  16.0516340 14.211  2.702       2.096  33.0708  58.6041   -39.56      nan      nan   15.381  nan      nan    nan   1.133     nan                                None     -45.535      28.792     -47.519       0.016      22.293       0.015
Gaia DR3 1695018949425335168 222.2767487  70.5269450 10.197  1.276       0.741  24.5720  58.6474   -12.92      nan      nan   19.573  nan      nan    nan   1.083     nan                                None    -117.837     121.045    -120.034       0.016     123.172       0.014
Gaia DR3 1672316336414142336 203.5793102  66.2668111 13.525  2.686       2.836  28.2542  58.6952   -10.71      nan      nan   18.143  nan      nan    nan   7.743     nan                                None    -142.659      70.255    -133.434       0.102      64.553       0.091
Gaia DR3 1529090550167888384 196.4274783  43.0524379 15.555  2.716       2.934  35.3695  58.7083   -13.56      nan      nan   11.503  nan      nan    nan   0.998     nan                                None     -96.121      22.738     -93.428       0.018      29.322       0.020
Gaia DR3 1374859408438793216 232.0462245  35.5168397 12.615  1.315       1.767  17.7223  58.7279   -30.97      nan      nan    6.833  nan      nan    nan  23.467     nan                                None     -32.728      27.592     -30.364       0.362      28.535       0.346
Gaia DR3 1640748154990430848 231.3371727  63.2992795 15.981  2.625       2.271  16.7960  58.7741   -18.35      nan      nan    6.766  nan      nan    nan   1.051     nan                                None     -33.043      44.409     -32.659       0.041      41.193       0.041
Gaia DR3 2128420349757596032 293.5668477  47.3362707 17.801  3.308       0.745  30.1763  58.8044   -27.04      nan      nan    8.548  nan      nan    nan   1.050     nan                                None      38.056      46.484      36.824       0.102      45.953       0.115
Gaia DR3 4548470666841786624 258.2318526  18.5143011 15.312  2.694       2.000  31.7006  58.8864   -41.18      nan      nan    8.976  nan      nan    nan   1.011     nan                                None      -8.225      21.294      -6.377       0.018      17.991       0.021
Gaia DR3 4527817234266103296 272.9831326  19.7518859 11.229  1.353       1.739  35.6228  58.9278   -40.64      nan      nan   12.430  nan      nan    nan   1.443     nan                                None      17.440      31.550      21.846       0.018      30.392       0.020
Gaia DR3 2106281481273000576 286.1396193  44.4636592 16.689  2.973       2.854  26.4596  59.0832   -30.02      nan      nan    7.767  nan      nan    nan   1.002     nan                                None      26.393      42.736      23.292       0.048      39.240       0.056
Gaia DR3 2292098293529791616 301.4702703  79.7308273 17.056  3.411       1.452  35.6932  59.1196    -8.44      nan      nan   11.648  nan      nan    nan   0.967     nan                                None      63.962      81.207      60.541       0.077      80.205       0.069
Gaia DR3 2133842973605959168 286.3509972  51.7595179 13.964  2.268       1.601  24.5123  59.1238   -26.43      nan      nan    7.481  nan      nan    nan   1.087     nan                                None      25.653      46.772      24.805       0.015      44.394       0.013
Gaia DR3 4556012285812273920 265.8354743  21.3525878 16.381    nan       1.266  31.2396  59.1453   -40.76      nan      nan    8.787  nan      nan    nan   0.962     nan                                None       2.472      24.735       4.799       0.042      25.026       0.089
Gaia DR3 1489538677373737984 223.5669872  42.9334036 16.781  2.662       1.732  17.7334  59.2422   -25.50      nan      nan    6.806  nan      nan    nan   1.039     nan                                None     -39.932      29.329     -42.416       0.042      29.376       0.050
Gaia DR3 1328219980614726912 250.8151802  37.0512246  8.205  1.154       2.463  12.2113  59.3259   -34.73      nan      nan    6.486  nan      nan    nan   1.033     nan                                None     -13.421      31.745     -15.659       0.018      34.260       0.018
Gaia DR3 1712697756370546688 205.7677561  75.4617249 13.903  2.542       1.624  31.4025  59.3727    -7.99      nan      nan   16.962  nan      nan    nan   1.205     nan                                None    -130.394      75.837    -127.467       0.016      70.822       0.015
Gaia DR3 4577123699348391680 267.9528750  22.0517425 15.358  2.657       2.040  31.4204  59.3804   -40.52      nan      nan    8.801  nan      nan    nan   2.243     nan                                None       5.411      25.641       7.375       0.032      28.877       0.056
Gaia DR3 2260304299905105792 275.3258794  70.2552766 15.123  2.614       1.835  24.9105  59.3927   -16.46      nan      nan    7.513  nan      nan    nan   1.625     nan                                None      13.273      61.374      12.179       0.041      58.681       0.042
Gaia DR3 4539338977955815936 281.9797571  29.0477061 18.290  3.539       2.064  32.8619  59.4114   -36.80      nan      nan    9.283  nan      nan    nan   1.020     nan                                None      25.824      34.627      26.500       0.105      30.644       0.132
Gaia DR3 4552172791209491072 266.2770781  19.0506741 15.544  2.719       2.199  33.5229  59.4401   -41.25      nan      nan    9.556  nan      nan    nan   0.981     nan                                None       3.353      23.569       7.501       0.024      25.123       0.030
Gaia DR3 1706599624365686784 259.8439277  79.4750346 14.641  2.356       2.926  30.7316  59.4784   -10.18      nan      nan    8.593  nan      nan    nan   1.014     nan                                None      -5.698      75.344      -0.692       0.024      73.600       0.022
Gaia DR3 4458199589670036224 242.7269946  13.2640659 19.804  3.159       1.579  36.0143  59.4822   -39.39      nan      nan   12.462  nan      nan    nan   1.072     nan                                None     -40.952      17.898     -45.090       0.438      17.603       0.394
Gaia DR3 2133842973605959424 286.3594829  51.7560375 13.439  1.807       1.108  24.5181  59.5912   -26.43      nan      nan    7.445  nan      nan    nan   1.059     nan                                None      25.538      46.541      24.416       0.012      45.212       0.011
Gaia DR3 2114998753053671936 273.1638185  44.7388360 16.656    nan       1.816  17.8557  59.6574   -31.74      nan      nan    6.792  nan      nan    nan   2.116     nan                                None       9.721      40.206      12.091       0.361      39.137       0.338
Gaia DR3 1285241681695929472 216.6085146  30.4030855 19.646  3.403       2.960  29.9476  59.6634   -26.21      nan      nan    8.374  nan      nan    nan   1.000     nan                                None     -55.739      22.226     -60.916       0.432      22.937       0.400
Gaia DR3 2105905242136150272 285.9542508  44.2542728 19.904  3.167       2.160  26.4235  59.6811   -30.15      nan      nan    7.706  nan      nan    nan   1.100     nan                                None      25.978      42.283      22.590       0.442      41.368       0.484
Gaia DR3 1200995657667869184 246.6797208  19.4738654 19.985  2.773       1.423  29.5836  59.7089   -39.35      nan      nan    8.285  nan      nan    nan   1.063     nan                                None     -22.355      19.849     -21.158       0.406      22.027       0.440
Gaia DR3 2115330285873488640 274.3769523  44.9380689 15.034  2.370       1.881  18.5725  59.8001   -31.54      nan      nan    6.838  nan      nan    nan   1.056     nan                                None      11.075      40.477      12.022       0.022      43.019       0.028
Gaia DR3 4552906062386705408 267.0891961  20.8020032 16.988  3.073       2.889  32.2136  59.8072   -40.85      nan      nan    8.972  nan      nan    nan   1.008     nan                                None       4.296      24.487       8.835       0.053      27.528       0.073
Gaia DR3 2294914142806771584 288.1004157  79.6976046 18.254  3.461       2.416  33.6650  59.8128    -9.37      nan      nan    9.522  nan      nan    nan   0.997     nan                                None      35.065      76.443      38.256       0.146      80.094       0.161
Gaia DR3 2048132400105800192 293.9885127  35.3406428 16.812  3.117       1.577  36.2829  59.8664   -31.68      nan      nan   12.030  nan      nan    nan   1.058     nan                                None      54.251      49.499      51.985       0.052      52.795       0.058
Gaia DR3 1272794832112488576 233.4661557  29.3629203 17.661  3.116       2.393  22.4656  59.9367   -33.32      nan      nan    7.180  nan      nan    nan   0.996     nan                                None     -33.016      24.207     -35.993       0.061      26.271       0.087
Gaia DR3 4556012285822022272 265.8357004  21.3527843 13.931  1.981       0.985  31.2395  60.0638   -40.76      nan      nan    8.640  nan      nan    nan   1.413     nan                                None       2.431      24.322       2.422       0.011      26.115       0.022
Gaia DR3 4528677430320698496 274.9436334  20.4554171 16.698    nan       1.926  35.9267  60.2060   -40.26      nan      nan   10.860  nan      nan    nan   1.487     nan                                None      18.544      28.503      15.687       0.085      25.144       0.102
Gaia DR3 1653360859031257472 247.8605188  72.0420525 12.707  1.394       1.799  22.9954  60.3337   -14.98      nan      nan    7.210  nan      nan    nan   6.392     nan                                None     -18.169      58.394     -17.358       0.080      55.782       0.084
Gaia DR3 1680999656479824256 184.2903925  65.4619085 12.011  1.575       0.118  36.0000  60.3422    -5.36      nan      nan   10.846  nan      nan    nan   1.576     nan                                None     -96.452      13.557     -96.667       0.018      13.394       0.018
Gaia DR3 1188597843725406336 225.9987904  18.4688351 13.973  2.105       1.573  35.2136  60.4245   -32.76      nan      nan   10.157  nan      nan    nan  23.704     nan                                None     -56.575      17.995     -59.111       0.690      15.777       0.715
Gaia DR3 4544067672524671872 261.0783012  16.2096795 13.882  2.260       1.859  34.6085  60.4604   -41.75      nan      nan    9.793  nan      nan    nan   2.815     nan                                None      -4.591      19.887      -1.780       0.035      17.275       0.036
Gaia DR3 1490058849451967744 220.4522858  42.2970197 20.421  2.550       2.853  20.0489  60.5589   -24.57      nan      nan   22.052  nan      nan    nan   1.124     nan                                None    -137.429      88.824    -127.663       0.611      97.801       0.725
Gaia DR3 1557519076138043136 194.6607453  51.6515836 16.654  2.965       1.347  33.1749  60.5606   -11.25      nan      nan    9.153  nan      nan    nan   1.061     nan                                None     -77.424      19.945     -80.022       0.042      19.955       0.043
Gaia DR3 1398961940270018816 242.1904242  47.1486488 15.455  2.289       2.235   4.1194  60.5875   -28.81      nan      nan    6.211  nan      nan    nan   1.045     nan                                None     -20.898      36.038     -22.327       0.026      38.591       0.028
Gaia DR3 4567508298358112640 259.5848443  21.6856899 17.663  3.614       1.825  28.9551  60.5982   -40.58      nan      nan    8.052  nan      nan    nan   1.007     nan                                None      -5.667      22.999      -4.835       0.062      25.983       0.079
Gaia DR3 4538675117751175552 280.5070050  27.1437515 16.502  2.693       2.902  33.4252  60.6470   -37.66      nan      nan    9.227  nan      nan    nan   0.959     nan                                None      23.619      32.306      20.287       0.036      36.861       0.045
Gaia DR3 1628373284762434048 243.1596292  61.7589394 12.758  1.410       1.643  12.9595  60.6477   -21.06      nan      nan    6.460  nan      nan    nan   1.153     nan                                None     -20.818      46.492     -18.826       0.016      45.473       0.014
Gaia DR3 1493702768426542208 221.5542534  44.9819888 17.087  2.980       2.583  18.1649  60.7383   -24.05      nan      nan    6.757  nan      nan    nan   1.138     nan                                None     -41.248      29.392     -37.968       0.057      27.727       0.063
Gaia DR3 1288829697375405440 226.5703860  32.9245162  8.965  0.516       1.911  22.5125  60.7480   -29.85      nan      nan    7.131  nan      nan    nan   1.051     nan                                None     -39.214      24.750     -39.834       0.010      27.555       0.014
Gaia DR3 2048656592271334784 295.1913848  36.3729402 15.469  2.813       2.941  36.4608  60.7817   -30.95      nan      nan   13.843  nan      nan    nan   1.028     nan                                None      64.690      57.826      64.459       0.026      66.407       0.028
Gaia DR3 1725022246629599104 213.2098767  82.1315368 19.962  3.399       2.957  34.7023  60.8477    -6.09      nan      nan    9.725  nan      nan    nan   1.290     nan                                None     -68.143      54.294     -62.391       0.816      56.205       0.550
Gaia DR3 2090080108721158144 280.3093522  31.7397324 12.554  1.516       1.690  29.9247  60.9227   -36.24      nan      nan    8.210  nan      nan    nan   1.061     nan                                None      20.771      33.918      18.074       0.010      35.048       0.011
Gaia DR3 2098259096542295936 282.0538319  39.6641200 18.230  3.326       2.834  26.0454  61.0144   -32.90      nan      nan    7.536  nan      nan    nan   1.041     nan                                None      21.046      38.387      18.009       0.145      35.063       0.149
Gaia DR3 1284626990272708352 218.0830116  30.9767081 13.289  1.753       1.985  28.6677  61.0568   -26.77      nan      nan    7.949  nan      nan    nan   1.105     nan                                None     -51.645      22.230     -54.804       0.014      23.272       0.013
Gaia DR3 4538726382482014336 280.4575928  27.3067333 14.547  2.328       2.810  33.2725  61.1794   -37.62      nan      nan    9.063  nan      nan    nan   1.167     nan                                None      23.133      31.947      18.801       0.015      35.117       0.021
Gaia DR3 2261637698272081152 293.5317839  69.8025463 14.413  2.562       1.409  29.9587  61.2412   -15.14      nan      nan   18.878  nan      nan    nan   1.223     nan                                None      83.953     136.059      79.065       0.024     133.309       0.021
Gaia DR3 2075176743995856768 300.3057672  41.1513476 17.802  3.486       2.139  37.2045  61.2533   -27.60      nan      nan   12.994  nan      nan    nan   1.099     nan                                None      69.441      57.334      69.933       0.117      63.174       0.137
Gaia DR3 1203263434759003648 240.8424243  19.5906029 17.982  3.454       0.996  29.9620  61.2836   -37.90      nan      nan    8.175  nan      nan    nan   0.938     nan                                None     -29.114      18.848     -29.943       0.120      17.344       0.137
Gaia DR3 1374329924870157568 235.5343427  35.4560604 14.894  3.056       1.973  16.2451  61.3534   -32.06      nan      nan   23.447  nan      nan    nan   1.086     nan                                None    -101.162      98.284    -109.843       0.020     102.726       0.026
Gaia DR3 4553624146557171328 261.8866250  18.9006157 14.601  2.293       1.205  32.2479  61.3667   -41.28      nan      nan    8.714  nan      nan    nan   1.091     nan                                None      -2.975      21.297      -0.774       0.019      21.533       0.023
Gaia DR3 1451092191723933824 208.3723952  27.1929170 14.585  2.405       2.784  37.2199  61.3799   -22.59      nan      nan   13.253  nan      nan    nan   1.088     nan                                None     -98.912      24.862     -91.150       0.024      25.344       0.017
Gaia DR3 1706658757475379840 257.5331264  79.5544615 15.315  3.083       1.950  30.7054  61.4020   -10.09      nan      nan   18.612  nan      nan    nan   1.107     nan                                None     -19.094     162.621     -25.965       0.026     159.253       0.029
Gaia DR3 2107634018013553024 282.8426168  47.3408341 16.097  2.487       1.392  23.2994  61.4208   -29.26      nan      nan    7.169  nan      nan    nan   1.046     nan                                None      20.868      42.631      19.345       0.038      44.083       0.039
Gaia DR3 2107634018013553536 282.8431255  47.3443548 14.581  2.080       1.486  23.2987  61.4213   -29.25      nan      nan    7.169  nan      nan    nan   1.017     nan                                None      20.868      42.633      19.293       0.019      44.235       0.020
Gaia DR3 4611658156977048960 270.0708648  41.3133015 16.294  2.517       2.083  17.4946  61.4432   -33.59      nan      nan    6.674  nan      nan    nan   1.098     nan                                None       6.324      37.044       5.005       0.041      34.427       0.041
Gaia DR3 1677775308566994560 200.5170651  64.8949050 16.561  2.763       1.861  29.1882  61.5220   -10.28      nan      nan    7.996  nan      nan    nan   0.932     nan                                None     -64.684      27.434     -65.860       0.051      24.526       0.042
Gaia DR3 4557595307680218752 263.7841084  23.9702022  8.617  0.555       2.493  28.0908  61.5226   -40.12      nan      nan    7.802  nan      nan    nan   2.572     nan                                None      -0.329      25.017      -2.968       0.034      21.879       0.042
Gaia DR3 4543443626658633600 260.2577556  14.8433539 10.505  1.004       1.722  35.7268  61.5643   -41.94      nan      nan   10.049  nan      nan    nan   0.878     nan                                None      -6.009      18.272      -9.517       0.012      17.269       0.010
Gaia DR3 1670631644082773888 216.9238001  67.8244913 16.856  3.179       2.679  24.2157  61.6027   -13.23      nan      nan    7.258  nan      nan    nan   1.086     nan                                None     -48.070      39.932     -44.845       0.065      37.402       0.063
Gaia DR3 1253728239630450688 214.1510460  22.5123270 18.033  3.895       2.764  37.4399  61.7104   -26.41      nan      nan   13.342  nan      nan    nan   1.132     nan                                None     -92.226      23.464     -84.803       0.139      25.768       0.133
Gaia DR3 4595464270548165504 264.0337621  28.1852173  5.951  1.526       1.156  24.3515  61.7114   -38.90      nan      nan    7.266  nan      nan    nan   1.212     nan                                None      -0.021      27.756       1.746       0.020      27.888       0.023
Gaia DR3 2298328431353863936 302.3589420  81.2413493 12.024  1.859       2.557  36.4744  61.7220    -7.50      nan      nan   14.851  nan      nan    nan   1.063     nan                                None      83.192     102.934      85.934       0.018      95.412       0.015
Gaia DR3 1253825305891376256 213.7969646  23.1793057 15.740  2.993       1.881  37.1025  61.8150   -26.13      nan      nan   14.148  nan      nan    nan   1.083     nan                                None     -98.308      25.560     -92.698       0.037      25.603       0.034
Gaia DR3 1434695754639503232 261.6432748  58.3986831 18.541  3.488       1.369  12.4349  61.8751   -24.48      nan      nan    6.383  nan      nan    nan   1.040     nan                                None      -2.424      47.382      -2.684       0.216      45.558       0.202
Gaia DR3 4596273687203419520 266.8686763  28.8635469 17.663  3.014       1.689  24.9523  61.8948   -38.64      nan      nan    7.324  nan      nan    nan   1.020     nan                                None       3.253      28.649       1.186       0.069      30.239       0.086
Gaia DR3 4538073719253434496 282.7401398  27.0446110 11.978  1.453       2.890  34.7981  61.9021   -37.24      nan      nan    9.485  nan      nan    nan   1.031     nan                                None      27.465      32.620      32.577       0.008      29.927       0.011
Gaia DR3 2137001458197454464 297.8312716  51.9393959 15.424  2.663       1.856  31.4060  61.9099   -23.85      nan      nan    8.417  nan      nan    nan   1.072     nan                                None      42.292      47.140      44.538       0.030      49.547       0.030
Gaia DR3 2049692504017575424 289.6933052  35.4029382 15.914  2.612       0.950  33.4475  61.9421   -32.88      nan      nan    8.977  nan      nan    nan   0.993     nan                                None      35.105      38.645      33.366       0.030      38.188       0.034
Gaia DR3 1373969731733190144 232.3029846  34.1800434 16.292  2.837       2.858  18.7113  62.0080   -31.49      nan      nan    6.728  nan      nan    nan   5.451     nan                                None     -31.994      26.215     -34.970       0.198      23.462       0.228
Gaia DR3 2298328435648555520 302.3659421  81.2415664 18.573  2.496       1.620  36.4754  62.0137    -7.50      nan      nan   15.128  nan      nan    nan   1.010     nan                                None      84.755     104.841      84.574       0.253      99.678       0.278
Gaia DR3 4501133358368989568 266.7752838  15.8892298 11.495  1.332       2.180  36.6367  62.0213   -41.82      nan      nan   10.475  nan      nan    nan   1.135     nan                                None       4.498      20.762      -0.031       0.015      22.393       0.014
Gaia DR3 4500907683608184448 267.3716027  15.5203147 13.856  2.197       0.554  37.1886  62.0626   -41.85      nan      nan   10.952  nan      nan    nan   1.079     nan                                None       5.732      21.070       6.978       0.013      21.362       0.013
Gaia DR3 2124875734724929024 271.1405592  50.8765235 10.105  0.694       2.471  15.1458  62.0679   -28.70      nan      nan    6.503  nan      nan    nan   0.898     nan                                None       7.252      43.153       8.036       0.021      46.450       0.016
Gaia DR3 1556861739983081984 198.0988589  50.8772045 17.218  3.203       1.039  31.3355  62.0735   -12.89      nan      nan    8.379  nan      nan    nan   1.010     nan                                None     -69.145      21.247     -69.645       0.055      19.481       0.063
Gaia DR3 4611235222957423232 269.9916238  39.6538062 11.242  0.977       1.989  18.4196  62.1118   -34.34      nan      nan    6.702  nan      nan    nan   0.850     nan                                None       6.268      35.817       3.564       0.016      36.583       0.013
Gaia DR3 2124875734724286080 271.1405600  50.8802075  9.718  0.640       2.729  15.1457  62.1250   -28.69      nan      nan    6.500  nan      nan    nan   0.885     nan                                None       7.249      43.138       7.699       0.015      46.850       0.012
Gaia DR3 1193614296808004736 233.9622974  12.9163717  7.559  0.738       1.406  37.8623  62.1968   -36.67      nan      nan   13.184  nan      nan    nan  21.917     nan                                None     -59.730      16.505     -59.325       0.525      12.617       0.482
Gaia DR3 2085707385336998912 299.3185066  47.8021282 13.597  2.100       2.318  33.6269  62.2138   -25.28      nan      nan    8.985  nan      nan    nan   4.337     nan                                None      46.879      46.040      43.369       0.112      43.403       0.116
Gaia DR3 1632831946148691328 263.9714461  65.4279011 16.191  2.493       2.296  18.4779  62.3110   -20.01      nan      nan    6.696  nan      nan    nan   1.095     nan                                None      -0.085      53.612      -2.791       0.053      55.395       0.048
Gaia DR3 1718551659355853312 198.4292117  79.9726742 14.578  2.431       1.613  35.0927  62.3201    -5.45      nan      nan    9.507  nan      nan    nan   1.038     nan                                None     -78.251      34.076     -76.271       0.023      36.632       0.020
Gaia DR3 4535207601677577856 278.2914148  22.6708524 14.823  2.645       2.430  35.7529  62.3215   -39.24      nan      nan   16.062  nan      nan    nan   1.062     nan                                None      35.705      46.689      42.538       0.014      42.106       0.021
Gaia DR3 2140873216593370752 286.3088296  55.4129780 16.587  2.726       0.337  24.1643  62.3800   -24.49      nan      nan    7.198  nan      nan    nan   1.004     nan                                None      24.637      47.481      25.147       0.050      47.505       0.066
Gaia DR3 1607707864935451264 221.4721163  56.7847805 15.456  2.387       0.901  17.4422  62.3922   -19.30      nan      nan    6.622  nan      nan    nan   1.002     nan                                None     -40.490      35.019     -39.267       0.027      34.725       0.029
Gaia DR3 2078574990839912064 298.1927419  43.0328883 19.401  1.244       1.375  34.9178  62.4241   -27.56      nan      nan    9.408  nan      nan    nan   1.123     nan                                None      47.717      44.522      49.021       0.243      46.917       0.258
Gaia DR3 2037611272105280640 286.3411952  28.2870038 19.812  2.996       0.257  36.0496  62.5542   -36.05      nan      nan    9.898  nan      nan    nan   1.088     nan                                None      33.925      34.786      33.841       0.331      34.256       0.392
Gaia DR3 1194315647787626112 234.2912822  14.2799927  9.950  0.844       2.089  36.4622  62.6016   -36.63      nan      nan   10.116  nan      nan    nan   6.274     nan                                None     -45.376      14.587     -47.300       0.093      18.606       0.089
Gaia DR3 2041385246989532032 282.3353594  29.6344710 16.371  2.726       2.858  32.6476  62.6112   -36.55      nan      nan    8.630  nan      nan    nan   1.029     nan                                None      24.467      32.800      22.183       0.036      28.128       0.043
Gaia DR3 2119854265120092288 280.6393992  48.3095998 13.003    nan       2.887  21.6116  62.6940   -29.11      nan      nan    6.923  nan      nan    nan   6.044     nan                                None      17.860      42.430      21.930       0.293      41.338       0.321
Gaia DR3 2077632567645823616 293.4970733  42.0603642 13.345  2.381       0.774  32.3255  62.7113   -29.31      nan      nan   18.622  nan      nan    nan   1.196     nan                                None      82.729      91.141      82.950       0.013      88.110       0.015
Gaia DR3 4464420218439920512 243.8697613  14.5384253 15.398  2.555       2.709  34.6490  62.7151   -39.53      nan      nan    9.239  nan      nan    nan   1.051     nan                                None     -28.804      15.122     -34.054       0.033      15.650       0.033
Gaia DR3 4542576562959950592 262.8973322  14.2467548 13.359  2.401       2.087  36.9809  62.7539   -42.11      nan      nan   15.296  nan      nan    nan   1.193     nan                                None      -2.785      26.468       3.881       0.013      27.392       0.013
Gaia DR3 1677513006324150272 192.7581897  65.7913273 17.892  3.192       2.701  32.5056  62.7887    -7.83      nan      nan    8.566  nan      nan    nan   1.021     nan                                None     -73.324      20.858     -71.020       0.110      16.559       0.097
Gaia DR3 2270733648731771648 315.6565272  69.1964009 16.090  3.225       2.623  37.5097  62.8134   -11.70      nan      nan   10.796  nan      nan    nan   1.152     nan                                None      76.466      54.694      73.995       0.058      49.260       0.047
Gaia DR3 1372639872418873984 238.4070443  35.4091353 16.387  2.902       1.263  15.2375  62.8200   -32.87      nan      nan    6.473  nan      nan    nan   6.173     nan                                None     -25.315      27.869     -26.946       0.249      28.426       0.310
Gaia DR3 2047308865900263040 295.3429250  34.2943473 10.759  1.209       1.356  37.8013  62.8533   -31.60      nan      nan   14.391  nan      nan    nan   0.965     nan                                None      67.546      56.569      64.636       0.011      59.474       0.014
Gaia DR3 4607579243716228736 266.7071447  34.5198187 13.523  1.630       2.918  20.2015  62.9131   -36.62      nan      nan    6.792  nan      nan    nan   1.033     nan                                None       2.844      31.897       4.225       0.011      27.954       0.012
Gaia DR3 2196435799754135040 316.0472684  63.5515103 15.346  2.729       1.303  38.3941  62.9202   -13.91      nan      nan   12.044  nan      nan    nan   1.100     nan                                None      85.762      57.272      82.508       0.033      57.872       0.029
Gaia DR3 4532233147846974464 280.2972040  22.7759031  9.570  0.812       0.461  36.7429  62.9275   -38.85      nan      nan   10.167  nan      nan    nan   0.941     nan                                None      25.704      29.380      26.639       0.009      29.699       0.011
Gaia DR3 4574070802226386048 259.7092406  26.7790535 13.203  2.339       2.981  24.1403  62.9395   -39.22      nan      nan   22.301  nan      nan    nan   1.182     nan                                None     -15.259      80.411      -3.884       0.010      88.600       0.012
Gaia DR3 2036945831349901824 286.6461494  27.3923030 16.031 -0.222       2.977  36.8824  62.9429   -36.23      nan      nan   10.250  nan      nan    nan   0.989     nan                                None      35.588      34.715      29.232       0.028      33.730       0.036
Gaia DR3 1201008787383698048 246.2387917  19.5415870 16.975  3.113       1.985  29.5275  62.9741   -39.24      nan      nan    7.906  nan      nan    nan   0.971     nan                                None     -21.856      18.962     -18.655       0.060      18.125       0.056
Gaia DR3 1630810871977796224 253.7638830  62.7621517 20.260  0.496       2.479  14.1196  62.9762   -21.44      nan      nan    6.410  nan      nan    nan   1.102     nan                                None     -10.344      49.179     -10.154       0.643      52.524       0.813
Gaia DR3 1638932650838550784 269.4084508  70.7916863 17.835  3.235       0.730  24.0060  63.0782   -16.31      nan      nan    7.133  nan      nan    nan   1.046     nan                                None       6.018      59.411       7.107       0.132      59.544       0.131
Gaia DR3 4458881085018090880 247.2212981  10.5919741 14.596  2.450       0.649  38.4566  63.1067   -40.75      nan      nan   11.852  nan      nan    nan   1.076     nan                                None     -31.012      12.918     -29.751       0.020      13.938       0.016
Gaia DR3 1323148208353113472 240.7166027  32.5771491 13.245  1.622       2.716  17.2710  63.1233   -34.44      nan      nan    6.575  nan      nan    nan   0.996     nan                                None     -23.535      26.556     -20.465       0.009      28.735       0.012
Gaia DR3 1296305968423789056 222.8600102  38.9911889 17.880  3.195       1.961  20.3425  63.1615   -26.57      nan      nan    6.789  nan      nan    nan   1.019     nan                                None     -40.405      26.365     -40.422       0.083      23.558       0.106
Gaia DR3 1608082008125673600 213.6111577  52.4447526 11.095  0.980       2.435  21.6083  63.2964   -18.54      nan      nan    6.887  nan      nan    nan   5.032     nan                                None     -47.982      29.287     -51.471       0.061      28.723       0.080
Gaia DR3 2076248458610385920 294.8247485  39.3937373 17.529  2.789       2.185  34.5387  63.3409   -29.98      nan      nan    9.073  nan      nan    nan   0.979     nan                                None      41.948      41.139      37.836       0.073      41.880       0.080
Gaia DR3 4536209011950781056 279.5696328  25.3776345 17.464  3.925       1.036  34.2666  63.4787   -38.33      nan      nan   18.014  nan      nan    nan   0.884     nan                                None      43.552      58.944      39.736       0.065      57.982       0.084
Gaia DR3 2140505017636944256 287.9688394  54.1298608 15.467  2.637       2.547  25.1888  63.4803   -24.90      nan      nan    7.237  nan      nan    nan   5.905     nan                                None      26.515      46.290      23.325       0.175      48.508       0.162
Gaia DR3 4555502215494738048 264.2683392  20.2589650  7.754  0.338       2.196  31.7037  63.5995   -41.02      nan      nan    8.266  nan      nan    nan   0.897     nan                                None       0.283      21.921       4.064       0.019      21.331       0.020
Gaia DR3 2038523561828436224 291.0035379  29.2775232 17.412    nan       0.339  38.2631  63.6236   -34.49      nan      nan   14.667  nan      nan    nan   0.998     nan                                None      60.075      51.271      59.031       0.165      51.357       0.253
Gaia DR3 2047235950227739520 294.9355920  34.4497290 15.852  3.075       2.884  37.4403  63.6651   -31.68      nan      nan   15.685  nan      nan    nan   1.123     nan                                None      72.757      62.233      80.616       0.038      67.636       0.040
Gaia DR3 1558352849549238144 205.3382599  49.0742232 17.649  3.467       2.747  27.3694  63.7044   -16.40      nan      nan    7.498  nan      nan    nan   1.042     nan                                None     -57.908      24.089     -54.338       0.073      21.620       0.083
Gaia DR3 1475582984303597824 203.5170928  37.9441973 19.352  3.179       2.270  33.3557  63.7334   -18.10      nan      nan    8.649  nan      nan    nan   1.037     nan                                None     -68.052      20.171     -63.993       0.178      19.360       0.217
Gaia DR3 2035565016578200320 297.7741585  34.8878351 16.617  3.200       0.057  39.0317  63.7400   -30.61      nan      nan   13.172  nan      nan    nan   0.984     nan                                None      66.084      51.131      65.952       0.043      51.043       0.051
Gaia DR3 2081693205828252416 304.9348642  45.7097482 15.702  2.792       2.742  37.9924  63.7961   -24.34      nan      nan   10.677  nan      nan    nan   1.044     nan                                None      63.153      48.425      57.203       0.034      46.782       0.036
Gaia DR3 1668773121538652672 221.7978176  64.9121836 18.210  3.254       2.108  20.9235  63.8695   -15.63      nan      nan    6.796  nan      nan    nan   1.041     nan                                None     -41.298      39.705     -42.411       0.156      36.897       0.171
Gaia DR3 1725406564598426112 205.0305199  83.4566073 17.787    nan       1.626  36.3633  63.8856    -4.91      nan      nan   16.840  nan      nan    nan   2.142     nan                                None    -130.469      76.842    -124.728       0.225      76.227       0.208
Gaia DR3 4583335768239757568 270.3459101  27.2304733 16.470  2.736       2.836  27.9548  63.8889   -38.96      nan      nan    7.567  nan      nan    nan   1.046     nan                                None       7.497      27.677      12.006       0.038      27.319       0.042
Gaia DR3 1433597651760590976 255.3148222  57.3434266 10.514  0.846       2.370   9.4643  63.9397   -24.88      nan      nan    6.192  nan      nan    nan   1.119     nan                                None      -8.500      44.866      -8.671       0.016      41.777       0.018
Gaia DR3 4530557732641959424 275.2425768  23.8356324 17.399  3.405       2.018  33.2133  63.9938   -39.41      nan      nan    8.573  nan      nan    nan   2.179     nan                                None      15.035      26.722      14.030       0.186      30.228       0.232
Gaia DR3 2222362696251917312 320.0381731  68.2990480 17.560  3.449       0.847  39.1844  64.0021   -11.10      nan      nan   12.181  nan      nan    nan   1.054     nan                                None      91.243      54.920      91.278       0.088      52.746       0.099
Gaia DR3 4545471057382933120 254.8582924  14.2872348 17.658  3.569       1.326  35.2586  64.0812   -41.58      nan      nan    9.174  nan      nan    nan   1.048     nan                                None     -13.245      15.674     -15.183       0.130      17.353       0.117
Gaia DR3 2180421584702550400 310.0771695  50.8282838 16.233  2.952       2.284  38.9904  64.0847   -20.66      nan      nan   11.596  nan      nan    nan   0.983     nan                                None      75.416      52.684      79.381       0.039      48.753       0.044
Gaia DR3 2099962171337182336 285.9965529  38.2033766 19.765  3.765       2.751  29.4101  64.1108   -32.72      nan      nan    7.773  nan      nan    nan   1.167     nan                                None      26.252      37.189      21.802       0.436      36.475       0.458
Gaia DR3 4577923353538791808 272.8655501  22.3322875  9.958  0.833       0.166  33.3255  64.1393   -40.07      nan      nan    8.580  nan      nan    nan   0.967     nan                                None      11.881      25.077      12.179       0.009      25.035       0.014
Gaia DR3 4453922631173730560 244.7372420  10.9410248 12.648  1.734       2.244  38.1838  64.1947   -40.15      nan      nan   10.630  nan      nan    nan   1.135     nan                                None     -31.772      11.897     -30.065       0.012      16.627       0.012
Gaia DR3 1266971822827276416 220.2834686  24.4947936 15.002  2.449       2.465  32.5683  64.2023   -29.15      nan      nan    8.385  nan      nan    nan   1.049     nan                                None     -52.415      18.805     -52.961       0.021      23.128       0.025
Gaia DR3 2084513861163062144 304.1086202  48.9819753 12.229  1.509       1.625  36.1356  64.2286   -23.34      nan      nan    9.476  nan      nan    nan   0.962     nan                                None      55.111      46.291      54.131       0.011      43.195       0.012
Gaia DR3 2254473825964033024 288.5136298  64.9595024 18.091  3.567       2.187  26.6046  64.3009   -18.69      nan      nan    7.349  nan      nan    nan   1.158     nan                                None      27.502      53.189      28.642       0.143      49.997       0.124
Gaia DR3 1590754456491635456 222.5721791  48.8125998 18.689  3.227       0.955  16.4131  64.3148   -22.95      nan      nan    6.467  nan      nan    nan   0.914     nan                                None     -38.710      30.785     -40.012       0.153      30.797       0.168
Gaia DR3 4461097047624878720 249.6247182  12.6624771  7.521  0.767       0.775  36.4204  64.3304   -41.01      nan      nan   17.160  nan      nan    nan   2.432     nan                                None     -38.634      24.403     -39.942       0.035      21.921       0.030
 Gaia DR3 864492018067010560 175.9999493  64.9642024  8.069  0.770       1.038  39.5086  64.3566    -2.80      nan      nan   12.561  nan      nan    nan   1.062     nan                                None    -113.443       0.792    -116.178       0.018       1.067       0.021
Gaia DR3 1371943297443269632 240.4510463  34.8618817  8.767  0.401       1.835  15.1488  64.3846   -33.59      nan      nan    6.397  nan      nan    nan   0.961     nan                                None     -23.144      27.609     -20.681       0.016      27.370       0.021
Gaia DR3 1580961900992333184 187.6533765  58.9007179 15.000  2.572       0.575  35.3233  64.4306    -7.27      nan      nan    9.126  nan      nan    nan   3.466     nan                                None     -80.159      14.209     -81.245       0.138      13.991       0.117
Gaia DR3 1637348598180018176 258.8784508  67.5237098 18.140  3.179       2.881  19.3228  64.4495   -18.54      nan      nan    6.644  nan      nan    nan   0.997     nan                                None      -5.414      53.961      -9.444       0.140      53.776       0.137
Gaia DR3 2238500498992799744 294.2915860  58.6003049 11.609  1.117       2.056  28.4578  64.4587   -21.34      nan      nan    7.592  nan      nan    nan   0.864     nan                                None      34.552      48.579      37.806       0.013      48.093       0.012
Gaia DR3 1490673682611496192 222.1691890  44.7463884 20.308  2.418       1.604  17.8534  64.4775   -24.35      nan      nan    6.545  nan      nan    nan   1.112     nan                                None     -39.485      28.634     -38.716       0.593      26.559       0.605
Gaia DR3 4547917097093764096 256.5999412  17.2471731 16.676  3.072       2.439  32.6158  64.4794   -41.28      nan      nan    8.359  nan      nan    nan   1.013     nan                                None      -9.797      18.147      -6.184       0.041      15.818       0.043
Gaia DR3 1304811103181371776 248.9365560  27.8733382  8.360  0.583       1.006  21.1960  64.5087   -37.69      nan      nan    6.783  nan      nan    nan   0.984     nan                                None     -15.983      24.615     -14.717       0.016      23.933       0.020
Gaia DR3 1357194551547717120 249.6157329  42.6984371 16.734  2.734       2.647   6.4911  64.5293   -32.13      nan      nan    6.098  nan      nan    nan   1.070     nan                                None     -13.738      33.910     -10.339       0.048      34.070       0.056
Gaia DR3 1470949096844520704 204.8835247  35.1098161 14.022  2.303       2.149  34.1168  64.5727   -19.35      nan      nan    8.727  nan      nan    nan   7.223     nan                                None     -67.720      19.616     -71.499       0.059      18.454       0.078
Gaia DR3 4559010001188482560 252.1006789  17.1333035  7.310  0.372       1.071  32.1161  64.5812   -40.76      nan      nan    8.235  nan      nan    nan   1.028     nan                                None     -15.410      17.445     -16.328       0.031      15.827       0.029
Gaia DR3 4458234743979038080 242.0119120  13.2596427 20.167  2.782       1.418  36.0903  64.6990   -39.20      nan      nan    9.349  nan      nan    nan   1.132     nan                                None     -31.702      13.332     -33.661       0.611      15.326       0.641
Gaia DR3 4456380555055376000 242.2667280  10.3959799 15.759    nan       2.460  38.9126  64.7290   -39.56      nan      nan   10.973  nan      nan    nan   1.682     nan                                None     -36.802      11.125     -32.489       0.172       7.412       0.267
Gaia DR3 4456380555057425920 242.2671791  10.3960395 11.145  1.332       2.170  38.9125  64.7402   -39.56      nan      nan   10.966  nan      nan    nan   2.974     nan                                None     -36.777      11.118     -32.146       0.049      13.043       0.043
Gaia DR3 2150429858126351360 270.2168537  56.8001821 18.999  3.337       1.545  15.5453  64.7543   -25.34      nan      nan    6.400  nan      nan    nan   0.957     nan                                None       6.212      46.336       8.291       0.220      46.177       0.272
Gaia DR3 2190296229906009856 311.8875121  58.0641610 13.811  2.200       2.729  37.6536  64.7553   -17.26      nan      nan   10.053  nan      nan    nan   1.122     nan                                None      67.336      49.045      61.930       0.018      46.992       0.014
Gaia DR3 4542451493511824256 262.9592657  13.4891123 13.515  2.040       2.082  37.7244  64.7811   -42.21      nan      nan   10.084  nan      nan    nan   1.200     nan                                None      -1.737      16.264       1.787       0.013      13.587       0.013
Gaia DR3 4577923417959444096 272.8642568  22.3342815 17.839  0.323       0.633  33.3232  64.8240   -40.07      nan      nan    8.482  nan      nan    nan   1.007     nan                                None      11.742      24.791      12.859       0.063      24.602       0.098
Gaia DR3 4521439173486794624 286.2121313  23.4329176 17.388  3.333       2.807  39.5835  64.8334   -37.36      nan      nan   11.754  nan      nan    nan   1.043     nan                                None      40.065      33.633      42.353       0.051      40.202       0.078
Gaia DR3 1207561979763460224 232.0065173  16.2621674 12.001  1.453       2.038  35.1792  64.8569   -35.53      nan      nan    8.997  nan      nan    nan   1.332     nan                                None     -43.139      14.905     -46.871       0.019      15.908       0.017
Gaia DR3 1597400802418458496 237.2385364  54.1826287 16.122  2.527       1.410   8.2508  64.8577   -24.33      nan      nan    6.124  nan      nan    nan   1.020     nan                                None     -24.963      38.227     -26.690       0.036      37.651       0.045
Gaia DR3 2047434553827608576 295.2694363  35.3206986 15.252  2.399       1.305  37.1324  64.8905   -31.29      nan      nan    9.744  nan      nan    nan   1.019     nan                                None      45.639      39.494      45.168       0.025      42.134       0.028
Gaia DR3 2023521790832419712 288.9622471  25.1712660 16.543  3.239       2.847  39.9229  64.9542   -36.19      nan      nan   12.465  nan      nan    nan   0.945     nan                                None      47.448      37.715      41.647       0.031      42.438       0.047
Gaia DR3 1306286132390344960 253.3548841  26.0613370 14.190  1.970       2.856  23.4072  64.9566   -38.87      nan      nan    6.952  nan      nan    nan   0.999     nan                                None     -11.660      23.943     -15.832       0.013      23.592       0.015
Gaia DR3 1187305917562118272 226.9262506  16.2396616 12.949    nan       2.884  36.8970  65.0110   -33.47      nan      nan    9.605  nan      nan    nan   2.791     nan                                None     -52.388      14.662     -50.079       0.183      20.027       0.311
Gaia DR3 4563558990027686656 248.1781992  19.0105990 14.161  2.720       2.191  30.0390  65.0845   -39.74      nan      nan   21.441  nan      nan    nan   1.167     nan                                None     -52.996      50.396     -43.353       0.017      52.656       0.018
Gaia DR3 1667902175185949824 211.8857737  63.7847786  9.921  0.747       2.896  24.1538  65.1053   -13.77      nan      nan    7.016  nan      nan    nan   0.953     nan                                None     -50.072      33.311     -49.083       0.014      37.479       0.014
Gaia DR3 1257650678642994048 209.5105623  23.6352012 14.584  2.657       2.778  39.1999  65.1096   -23.73      nan      nan   15.161  nan      nan    nan   1.199     nan                                None    -111.600      24.800    -102.801       0.022      23.620       0.020
Gaia DR3 2239294110167634688 294.4224245  60.7603686 15.182  2.540       0.474  28.5547  65.1293   -20.16      nan      nan    7.549  nan      nan    nan   1.061     nan                                None      34.489      49.479      35.209       0.026      49.705       0.024
Gaia DR3 4536071233699932288 278.7333494  24.7778709 14.966  2.518       2.586  34.2824  65.1313   -38.64      nan      nan    8.685  nan      nan    nan   1.066     nan                                None      19.892      27.808      24.213       0.017      25.873       0.021
Gaia DR3 4496555919664575744 270.6883881  13.6637669 16.368  2.430       2.122  40.1307  65.3017   -41.92      nan      nan   12.300  nan      nan    nan   1.763     nan                                None      12.847      20.001       8.280       0.197      16.934       0.169
Gaia DR3 2116622005875847936 270.7753012  47.0284923 19.285  3.536       1.147  15.5209  65.3503   -30.76      nan      nan    6.372  nan      nan    nan   1.045     nan                                None       6.742      39.637       5.688       0.250      40.759       0.262
 Gaia DR3 846442091588327424 177.7898254  58.9095354 16.080  3.133       2.580  40.2529  65.3513    -3.51      nan      nan   13.109  nan      nan    nan   1.066     nan                                None    -118.213       3.170    -113.901       0.034      -2.508       0.039
Gaia DR3 1344022397951343104 265.0981292  40.6086992 18.361  3.191       0.818  14.9115  65.3858   -34.09      nan      nan    6.341  nan      nan    nan   0.999     nan                                None       1.047      34.842       1.028       0.115      35.935       0.159
Gaia DR3 1649832423138059136 245.9827880  69.5625520  8.847  0.566       1.766  20.5319  65.3969   -16.48      nan      nan    6.682  nan      nan    nan  10.012     nan                                None     -18.730      52.609     -18.374       0.176      55.071       0.206
Gaia DR3 1463507567787968128 199.0775534  31.7105677 16.242  2.878       1.295  40.0219  65.3988   -16.68      nan      nan   11.856  nan      nan    nan   1.002     nan                                None     -97.079      18.692     -93.842       0.038      18.725       0.037
Gaia DR3 4536071023238114560 278.7343198  24.7758519 11.744  1.289       2.746  34.2846  65.4593   -38.64      nan      nan    8.635  nan      nan    nan   1.105     nan                                None      19.779      27.646      23.741       0.010      24.599       0.012
Gaia DR3 1644861973450134016 234.3208019  67.2643550 16.646  2.976       1.358  19.4323  65.4594   -16.60      nan      nan    6.600  nan      nan    nan   1.115     nan                                None     -29.578      46.469     -31.261       0.058      47.328       0.061
Gaia DR3 4494198871675247872 265.1597372  13.0350125 19.225  3.929       0.850  38.7974  65.4657   -42.27      nan      nan   10.496  nan      nan    nan   1.033     nan                                None       1.834      16.188       2.375       0.242      14.387       0.229
Gaia DR3 2087051503943970688 299.4852595  49.6465658 16.032  2.594       0.989  33.0819  65.4658   -24.44      nan      nan    8.338  nan      nan    nan   1.034     nan                                None      43.685      44.040      45.362       0.036      44.496       0.037
Gaia DR3 1335760259559485824 261.5142121  34.6046463 15.841  2.506       1.911  17.6888  65.5113   -36.60      nan      nan    6.485  nan      nan    nan   0.947     nan                                None      -2.594      30.533      -0.559       0.033      32.170       0.033
Gaia DR3 2037096253990049152 285.0929527  27.3086918 17.453  3.232       2.953  36.0022  65.5394   -36.63      nan      nan    9.140  nan      nan    nan   1.162     nan                                None      29.655      31.235      33.246       0.076      35.647       0.099
Gaia DR3 1234142394191647744 220.1687392  15.4693550 17.321  3.556       2.039  40.3793  65.5938   -30.40      nan      nan   13.545  nan      nan    nan   0.841     nan                                None     -84.851      16.891     -90.476       0.131      15.385       0.121
Gaia DR3 1714317543156797312 220.0707829  78.1195284 17.918  3.310       2.655  30.8344  65.6156    -8.71      nan      nan    7.870  nan      nan    nan   0.982     nan                                None     -49.386      49.255     -45.192       0.126      47.907       0.116
Gaia DR3 2272491355506819200 322.2510113  71.1009429 15.480  2.703       1.164  39.5594  65.6728    -9.59      nan      nan   11.013  nan      nan    nan   1.007     nan                                None      84.582      47.803      82.734       0.040      49.776       0.031
Gaia DR3 1516129369659984384 195.1389849  35.2528258 16.339  3.132       2.088  40.3995  65.6810   -13.98      nan      nan   13.746  nan      nan    nan   1.001     nan                                None    -115.902      20.086    -121.618       0.028      22.068       0.035
Gaia DR3 4593604107331290112 275.4018504  34.7679264 19.821    nan       1.263  24.8723  65.7434   -35.88      nan      nan    7.048  nan      nan    nan   1.038     nan                                None      12.535      32.666      11.615       0.361      34.301       0.341
Gaia DR3 4525658068317272448 278.1009563  20.2891972 13.789  2.334       1.956  37.6314  65.7485   -39.82      nan      nan    9.739  nan      nan    nan   4.228     nan                                None      21.366      24.959      19.559       0.031      28.544       0.051
Gaia DR3 1498645691668588288 209.2348214  40.7599268 12.559  1.464       1.194  28.1158  65.7847   -20.27      nan      nan    7.433  nan      nan    nan   1.157     nan                                None     -54.897      22.404     -53.899       0.009      20.821       0.012
Gaia DR3 1203514780541788672 240.7870626  20.2952517 12.002  1.298       2.535  29.2745  65.8324   -37.75      nan      nan    7.595  nan      nan    nan   1.235     nan                                None     -27.108      18.246     -28.028       0.013      22.199       0.015
Gaia DR3 1294640723703282048 221.4375543  37.7363459  8.667  0.730       1.939  21.9967  65.9266   -26.41      nan      nan    6.769  nan      nan    nan   0.864     nan                                None     -41.418      24.830     -39.250       0.010      26.550       0.013
Gaia DR3 2070569068727638016 308.1096283  44.0443642 16.243  3.053       1.828  40.7587  66.0249   -23.81      nan      nan   12.995  nan      nan    nan   1.033     nan                                None      81.659      53.917      85.741       0.043      56.819       0.048
Gaia DR3 1298465993377312768 245.2861264  21.7659398 15.481  2.331       1.198  27.3465  66.0322   -38.56      nan      nan    7.312  nan      nan    nan  25.869     nan                                None     -21.258      19.747     -19.866       0.647      18.532       0.772
Gaia DR3 1534430637623631744 188.9916519  41.9829845 14.274  2.669       1.700  40.6688  66.0575    -9.82      nan      nan   13.851  nan      nan    nan   1.071     nan                                None    -120.936      16.347    -116.151       0.015      15.029       0.015
Gaia DR3 2243196586172303872 304.4013217  62.4335706 19.021  3.617       2.574  33.2918  66.0598   -17.25      nan      nan    8.309  nan      nan    nan   1.038     nan                                None      48.618      48.775      53.127       0.254      48.846       0.247
Gaia DR3 1501306677310597888 203.7082980  42.6929711  8.832  0.862       2.170  30.8077  66.1433   -17.21      nan      nan    7.813  nan      nan    nan   8.820     nan                                None     -61.354      20.766     -57.837       0.098      21.400       0.124
Gaia DR3 1209518869942447616 232.6052792  17.8736925 15.913  2.656       1.758  33.4697  66.1871   -35.52      nan      nan    8.333  nan      nan    nan   0.954     nan                                None     -39.288      15.684     -39.539       0.046      18.762       0.053
Gaia DR3 1129421161550146816 164.9661679  77.7157973 10.090  1.071       1.706  40.9160  66.2401    -0.92      nan      nan   13.243  nan      nan    nan   1.487     nan                                None    -118.170     -19.898    -114.508       0.021     -22.945       0.023
Gaia DR3 2243929853051352192 303.4079076  62.2827925 19.630  3.294       2.466  32.8392  66.2687   -17.54      nan      nan    8.185  nan      nan    nan   1.076     nan                                None      46.907      48.694      46.440       0.397      52.924       0.414
Gaia DR3 4527003866241226240 273.8704507  19.3356898 18.459  3.457       1.649  36.3920  66.2771   -40.63      nan      nan    9.127  nan      nan    nan   0.951     nan                                None      14.066      22.529      16.543       0.123      20.547       0.149
Gaia DR3 4598974774954601216 263.1171226  30.0822131 17.342  4.402       2.305  22.2978  66.2928   -38.27      nan      nan   25.313  nan      nan    nan   1.063     nan                                None      -3.731     103.499     -16.026       0.086     103.229       0.115
Gaia DR3 2185000260355038848 307.2993906  54.3890295 11.618  1.245       2.184  36.2012  66.3580   -20.13      nan      nan    9.048  nan      nan    nan   0.843     nan                                None      56.024      45.741      53.562       0.011      42.381       0.012
Gaia DR3 4594105965668890496 264.6074307  26.2561106 13.319  1.754       0.943  26.3086  66.4759   -39.48      nan      nan    7.156  nan      nan    nan   1.085     nan                                None       0.627      25.341       2.049       0.009      25.391       0.011
Gaia DR3 4491343371257893376 259.8475694   9.2703611 19.104  3.394       2.783  41.0633  66.4806   -42.55      nan      nan   13.576  nan      nan    nan   1.036     nan                                None      -8.994      12.894      -1.112       0.230      14.050       0.194
Gaia DR3 4582588920667541888 271.0339272  25.6577912 17.727  3.079       1.963  29.6140  66.5391   -39.37      nan      nan    7.584  nan      nan    nan   0.983     nan                                None       8.332      25.979       5.679       0.069      24.301       0.097
Gaia DR3 2059070410510213376 301.4810966  35.6250016  9.334  0.788       2.332  41.0212  66.6523   -29.06      nan      nan   12.139  nan      nan    nan   0.881     nan                                None      66.671      45.720      69.764       0.010      40.617       0.011
Gaia DR3 1412533418449953024 253.4158239  50.5248900 13.835  1.664       2.821   3.9939  66.6977   -28.63      nan      nan    5.981  nan      nan    nan   2.122     nan                                None      -9.975      39.067     -10.828       0.026      35.615       0.029
Gaia DR3 2080308744582859008 297.3334885  46.8268503  9.110  0.654       2.248  32.7489  66.7038   -26.26      nan      nan    8.116  nan      nan    nan   0.907     nan                                None      40.245      41.888      36.820       0.012      40.137       0.011
Gaia DR3 2026165081190700160 292.6001687  28.1079249 12.165  1.914       1.971  40.0836  66.7355   -34.33      nan      nan   15.933  nan      nan    nan   1.038     nan                                None      68.809      52.437      63.804       0.009      48.104       0.011
Gaia DR3 2091685395691358080 281.1010364  34.1394002 19.874  2.972       1.821  28.7685  66.7393   -35.25      nan      nan   23.267  nan      nan    nan   1.135     nan                                None      61.646     103.015      58.009       0.390     111.175       0.449
Gaia DR3 2026165081196063488 292.5978921  28.1084208 11.791  1.773       2.795  40.0819  66.7421   -34.33      nan      nan   15.942  nan      nan    nan   0.953     nan                                None      68.846      52.471      59.919       0.010      49.543       0.011
Gaia DR3 1600887559948525568 228.0301724  56.5336788 15.969  2.536       2.734  13.9625  66.7441   -21.12      nan      nan    6.240  nan      nan    nan   8.960     nan                                None     -33.161      36.294     -35.013       0.266      33.211       0.284
Gaia DR3 4502439161569940352 271.4310145  17.6423471 18.599  3.617       1.744  36.8172  66.7453   -41.22      nan      nan    9.180  nan      nan    nan   1.043     nan                                None      10.655      20.485      12.284       0.140      23.442       0.159
Gaia DR3 4568950376577419648 262.0402104  22.6246545 11.075  0.957       2.322  28.7648  66.8007   -40.45      nan      nan    7.440  nan      nan    nan   1.068     nan                                None      -2.360      22.354       1.243       0.011      22.882       0.014
Gaia DR3 1134869623919051648 173.4812340  83.6782320  9.213  0.755       2.431  39.6173  66.8064    -2.35      nan      nan   10.487  nan      nan    nan  23.773     nan                                None     -94.761      -1.525    -100.087       0.355      -0.810       0.355
Gaia DR3 1610956234600686336 217.3001868  57.1549716 16.408  2.652       2.807  19.7404  66.8190   -17.95      nan      nan    6.552  nan      nan    nan   1.112     nan                                None     -43.131      32.277     -42.897       0.046      28.407       0.051
Gaia DR3 4491415565364339456 261.1175875   9.6692457 12.740  2.142       1.700  40.9520  66.8474   -42.58      nan      nan   14.771  nan      nan    nan   4.704     nan                                None      -6.832      14.983     -10.870       0.057      11.559       0.051
Gaia DR3 1403327031495670656 238.5862911  50.3439698 17.614  2.846       2.129   6.0113  66.8999   -26.54      nan      nan    6.001  nan      nan    nan   0.994     nan                                None     -23.319      35.749     -22.286       0.073      33.261       0.090
Gaia DR3 1455856405671249920 204.1857003  29.5283447 19.631  2.963       0.751  38.1830  66.9299   -19.90      nan      nan    9.671  nan      nan    nan   1.044     nan                                None     -75.587      17.344     -74.159       0.408      17.892       0.239
Gaia DR3 1209518869942447744 232.6056859  17.8733208 17.275    nan       2.202  33.4700  67.0070   -35.52      nan      nan    8.231  nan      nan    nan   1.157     nan                                None     -38.802      15.490     -40.812       0.127      18.739       0.144
Gaia DR3 1387300485586554752 231.8500938  37.2380554 14.135  3.033       2.550  16.4476  67.0582   -30.32      nan      nan   27.509  nan      nan    nan   1.342     nan                                None    -132.475     116.150    -141.717       0.016     127.693       0.021
Gaia DR3 1400199642469147776 242.3882439  49.0679693 18.055  3.047       0.906   3.4585  67.0743   -27.91      nan      nan    5.962  nan      nan    nan   0.969     nan                                None     -19.888      35.839     -20.147       0.118      34.731       0.136
Gaia DR3 1134435282466919296 165.5177081  81.9656739 15.824  3.059       2.032  40.5054  67.0994    -1.50      nan      nan   15.826  nan      nan    nan   1.218     nan                                None    -141.437     -22.141    -148.216       0.073     -22.021       0.070
Gaia DR3 4607371058061799680 268.5049914  34.2516845 16.922  2.912       2.801  21.3446  67.1776   -36.66      nan      nan    6.649  nan      nan    nan   0.966     nan                                None       4.666      30.922       3.535       0.058      34.682       0.056
Gaia DR3 1462757322900594688 198.7330293  29.7673331 17.449  3.914       1.981  41.5198  67.2249   -16.73      nan      nan   14.149  nan      nan    nan   1.257     nan                                None    -116.183      20.260    -120.597       0.107      16.332       0.096
Gaia DR3 1376920889661589632 237.4645801  39.4851337 16.191  2.438       1.591  12.0107  67.2421   -31.10      nan      nan    6.143  nan      nan    nan   1.016     nan                                None     -24.847      29.156     -26.872       0.034      28.776       0.044
Gaia DR3 1321137957500763392 237.6585336  30.6849393 17.020  4.360       2.593  19.8630  67.2804   -34.23      nan      nan   26.833  nan      nan    nan   1.193     nan                                None    -107.793      99.108    -109.530       0.073     113.675       0.100
Gaia DR3 1628654386078581760 247.2815959  62.4817311 16.956  2.801       2.654  13.4366  67.3096   -21.09      nan      nan    6.194  nan      nan    nan   1.008     nan                                None     -16.152      46.078     -18.632       0.068      43.657       0.065
Gaia DR3 1298110988559391232 248.3226850  22.5618239 17.304  3.151       2.409  26.4901  67.3888   -39.00      nan      nan    7.114  nan      nan    nan   0.963     nan                                None     -17.427      20.399     -15.315       0.051      17.468       0.066
Gaia DR3 4529440147792177408 276.7327585  22.7072973 15.785  2.743       1.188  34.9118  67.4105   -39.49      nan      nan    8.511  nan      nan    nan   1.010     nan                                None      16.885      24.973      15.028       0.021      26.021       0.031
Gaia DR3 4595867039698703744 264.1780610  29.3231442 16.325  2.102       1.287  23.3982  67.4127   -38.53      nan      nan    6.805  nan      nan    nan   0.988     nan                                None       0.136      27.097       0.703       0.036      28.853       0.044
Gaia DR3 1205477821112992128 244.1640261  22.1472930 19.475  3.060       2.819  27.0428  67.4787   -38.22      nan      nan    7.170  nan      nan    nan   0.990     nan                                None     -22.043      19.593     -18.681       0.240      16.975       0.279
Gaia DR3 1180612193852187648 226.4573414  11.4707654 12.984  2.011       1.248  41.4932  67.4907   -33.74      nan      nan   11.923  nan      nan    nan   0.938     nan                                None     -65.735      11.034     -67.339       0.016       8.339       0.016
Gaia DR3 1203084974574462464 240.6106330  18.9353461 16.170  3.002       2.787  30.6435  67.5111   -37.96      nan      nan    7.657  nan      nan    nan   1.054     nan                                None     -27.525      16.915     -31.005       0.044      14.066       0.044
Gaia DR3 1191519108684560256 238.6749537  12.9811835 17.525  3.142       0.428  36.8227  67.5157   -38.26      nan      nan    9.034  nan      nan    nan   0.975     nan                                None     -34.986      12.090     -35.738       0.098      12.405       0.072
Gaia DR3 4579605090928143232 272.8464771  24.8517320 16.455  2.629       2.478  31.1692  67.5181   -39.43      nan      nan    7.741  nan      nan    nan   1.018     nan                                None      10.696      25.481      14.270       0.032      27.374       0.043
Gaia DR3 1585990242543985152 227.0625447  44.5667747 16.089  2.262       2.648  14.7436  67.6369   -26.07      nan      nan    6.236  nan      nan    nan   1.088     nan                                None     -33.908      29.329     -30.821       0.038      30.939       0.042
Gaia DR3 1232421113033331712 214.9834881  16.5603767 14.102  2.461       0.723  41.9229  67.6438   -27.59      nan      nan   12.743  nan      nan    nan   1.159     nan                                None     -86.998      15.290     -86.335       0.019      17.115       0.018
Gaia DR3 1556834389631417088 199.5253293  51.8167900 13.625  1.951       1.132  30.2285  67.6763   -13.29      nan      nan    7.578  nan      nan    nan   1.198     nan                                None     -61.822      20.768     -60.133       0.013      21.412       0.016
Gaia DR3 1370673395873172352 234.7647866  33.2955698 16.720    nan       1.461  18.4469  67.6902   -32.55      nan      nan    6.428  nan      nan    nan   1.416     nan                                None     -28.414      25.077     -29.150       0.451      23.239       0.385
Gaia DR3 4495476233607698560 271.1108668  11.9113913 16.763  3.387       2.637  41.9036  67.6952   -42.10      nan      nan   14.144  nan      nan    nan   0.951     nan                                None      15.708      19.140       8.778       0.052      15.426       0.048
Gaia DR3 4541414413528452992 258.3684493  12.6846070 15.359  2.384       2.443  37.4236  67.7074   -42.12      nan      nan    9.197  nan      nan    nan   1.001     nan                                None      -8.231      13.596      -3.662       0.029      12.345       0.026
Gaia DR3 1316859173641650176 241.9523232  28.2713914 15.955  2.463       2.180  21.2340  67.7795   -36.10      nan      nan    6.610  nan      nan    nan   1.014     nan                                None     -22.471      23.251     -19.511       0.030      23.930       0.032
Gaia DR3 2235423107684276480 295.3527848  58.1008432 14.611  2.228       0.082  29.0318  67.8104   -21.39      nan      nan    7.396  nan      nan    nan   1.105     nan                                None      34.722      46.493      34.844       0.024      46.533       0.022
Gaia DR3 4450292971492091776 243.8993995   7.0798157 14.690  2.613       2.929  42.0873  67.8195   -40.21      nan      nan   12.937  nan      nan    nan   1.038     nan                                None     -40.277       6.996     -32.328       0.023       6.195       0.019
Gaia DR3 2083722556394812800 307.3970608  48.4217572  7.797  0.831       1.004  38.3511  67.8246   -22.48      nan      nan   18.671  nan      nan    nan  10.125     nan                                None     115.811      85.483     112.752       0.175      82.980       0.169
Gaia DR3 1475675313216668928 205.0053262  38.5953226 13.531  1.859       2.900  32.0220  67.8609   -18.73      nan      nan    7.854  nan      nan    nan   1.106     nan                                None     -60.864      19.649     -65.247       0.008      21.609       0.011
Gaia DR3 2067245446933399936 305.9819335  39.4418566 19.060  1.013       2.331  41.7830  67.8743   -26.14      nan      nan   14.869  nan      nan    nan   0.977     nan                                None      89.788      57.665      96.976       0.182      58.976       0.228
Gaia DR3 4453645416805016576 245.4461947  10.4546236 12.753  1.691       2.220  38.6366  67.8873   -40.36      nan      nan    9.622  nan      nan    nan   1.097     nan                                None     -27.742      10.140     -23.403       0.014       8.940       0.013
Gaia DR3 4458256523756285184 242.8052958  13.4783897 19.359  0.750       2.850  35.7937  67.8959   -39.39      nan      nan    8.668  nan      nan    nan   1.030     nan                                None     -28.385      12.728     -30.765       0.267       8.096       0.248
Gaia DR3 4449028876715868416 253.4877625  12.3729382 15.880  2.892       2.862  36.9894  67.9197   -41.65      nan      nan    9.012  nan      nan    nan   1.071     nan                                None     -14.931      12.677     -12.473       0.043      17.527       0.039
Gaia DR3 1308238551506365824 252.8712940  29.2415038 12.138  1.207       2.639  20.2002  67.9228   -37.85      nan      nan    6.529  nan      nan    nan   0.960     nan                                None     -11.440      25.376      -7.967       0.009      26.437       0.010
Gaia DR3 2239300501079132544 294.0612011  60.9758586 16.641  2.898       2.891  28.3908  67.9643   -20.11      nan      nan    7.299  nan      nan    nan   1.042     nan                                None      32.992      48.146      28.597       0.059      47.456       0.051
Gaia DR3 2265929775053712384 283.2461503  71.6278725 17.304  2.902       2.629  27.7768  68.0026   -15.04      nan      nan    7.220  nan      nan    nan   0.935     nan                                None      21.452      57.323      18.563       0.069      60.092       0.084
Gaia DR3 1660855095925737728 211.0430379  60.0758591 16.633  2.763       0.995  23.5121  68.0170   -14.95      nan      nan    6.780  nan      nan    nan   1.084     nan                                None     -48.938      30.230     -50.346       0.053      30.432       0.052
Gaia DR3 1410248079236075264 248.7595905  47.3582490 18.160  3.127       1.361   1.8388  68.0285   -29.77      nan      nan    5.916  nan      nan    nan   0.974     nan                                None     -14.101      35.897     -14.339       0.102      34.216       0.155
Gaia DR3 4521752942307302912 275.6036743  15.5998666 19.438  3.173       2.618  40.4627  68.0771   -41.07      nan      nan   10.522  nan      nan    nan   1.087     nan                                None      19.041      19.896      17.974       0.257      25.603       0.292
Gaia DR3 1693009420127130496 186.3840639  76.7127168 14.488  2.418       1.917  36.1565  68.0897    -4.45      nan      nan    8.737  nan      nan    nan   0.999     nan                                None     -77.131      15.390     -73.859       0.022      16.717       0.024
Gaia DR3 4560648891990709248 258.5760910  19.4867869 11.703  1.137       1.779  30.8321  68.1363   -41.01      nan      nan    7.630  nan      nan    nan   1.364     nan                                None      -6.579      19.237      -7.198       0.012      22.031       0.015
Gaia DR3 1685627604000268032 198.2313059  69.0709855 13.056  1.650       0.158  30.9437  68.1578    -8.52      nan      nan    7.645  nan      nan    nan   0.932     nan                                None     -63.029      25.043     -62.983       0.013      24.792       0.013
Gaia DR3 1168656134475859328 227.8432628  11.6314386 18.099  3.767       2.223  40.8690  68.1756   -34.34      nan      nan   10.766  nan      nan    nan   1.001     nan                                None     -57.472      10.463     -53.176       0.158       7.817       0.163
Gaia DR3 2031807156390624896 296.7941902  29.7088091 19.928  3.312       2.916  41.6839  68.2262   -32.49      nan      nan   11.493  nan      nan    nan   1.117     nan                                None      56.172      38.214      55.783       0.383      45.267       0.483
Gaia DR3 1535136043052268416 186.2366070  42.8548278  7.038  0.502       1.954  41.9732  68.2273    -8.27      nan      nan   11.880  nan      nan    nan   4.470     nan                                None    -104.941      10.982    -102.449       0.093      15.192       0.097
Gaia DR3 1235575783691981952 218.2496908  17.4573764 16.383  2.929       2.141  39.5376  68.2480   -29.21      nan      nan    9.935  nan      nan    nan   0.941     nan                                None     -64.370      13.956     -65.608       0.059       9.645       0.055
Gaia DR3 1168653767949415936 227.7321875  11.5509149 14.030  2.662       1.990  40.9817  68.2502   -34.30      nan      nan   16.602  nan      nan    nan   1.142     nan                                None     -88.862      15.931     -88.684       0.022       8.969       0.026
Gaia DR3 1167195540653202304 230.1232949   9.6299637 16.745  3.470       2.245  42.0560  68.2576   -35.45      nan      nan   14.991  nan      nan    nan   0.944     nan                                None     -75.614      11.285     -77.260       0.084       4.384       0.090
Gaia DR3 1610956234600667776 217.3019551  57.1671970  8.565  0.467       2.722  19.7419  68.2786   -17.94      nan      nan    6.481  nan      nan    nan   0.939     nan                                None     -42.657      31.930     -42.019       0.014      28.266       0.019
Gaia DR3 2090405770321820928 283.3258340  32.6532010 16.336  2.881       1.766  31.1435  68.2878   -35.35      nan      nan    7.665  nan      nan    nan   1.008     nan                                None      22.865      31.996      20.098       0.039      31.299       0.038
Gaia DR3 4454587595190633088 238.6844271   9.2502035  7.842  0.701       1.225  40.5016  68.3024   -38.59      nan      nan   17.197  nan      nan    nan   0.883     nan                                None     -66.578      13.937     -70.885       0.022      15.027       0.015
Gaia DR3 2038672476946407552 291.2390019  29.9602701 14.294  2.142       1.872  37.9464  68.3360   -34.22      nan      nan    9.252  nan      nan    nan   3.780     nan                                None      38.202      33.065      34.777       0.049      34.330       0.054
Gaia DR3 1189746695940113920 237.7074670  11.9829441 14.606  2.538       1.903  37.9729  68.3550   -38.05      nan      nan    9.258  nan      nan    nan   1.244     nan                                None     -37.126      10.959     -39.806       0.029       8.387       0.023
Gaia DR3 4538626086406121344 279.6613225  26.8327239 12.440  1.452       2.504  33.1820  68.3684   -37.90      nan      nan    8.015  nan      nan    nan   0.971     nan                                None      19.488      27.848      16.240       0.007      30.557       0.010
Gaia DR3 1417609378303213440 263.1727937  53.7273718 20.120  0.610       1.188  10.7190  68.4127   -27.29      nan      nan    6.055  nan      nan    nan   1.008     nan                                None      -0.839      42.290      -1.416       0.569      43.692       0.628
Gaia DR3 1395284280033307904 229.0309986  44.6480103 14.841  2.319       1.790  13.4422  68.4853   -26.65      nan      nan    6.147  nan      nan    nan   1.001     nan                                None     -31.878      29.745     -31.789       0.018      32.063       0.021
Gaia DR3 2044994909317533312 291.6386192  31.2388125 17.089  3.084       2.377  37.3453  68.5513   -33.71      nan      nan    9.010  nan      nan    nan   0.964     nan                                None      37.705      33.505      42.207       0.059      33.171       0.062
Gaia DR3 2087051503938484352 299.4858848  49.6464116 18.336    nan       2.221  33.0823  68.5610   -24.44      nan      nan    7.975  nan      nan    nan   1.309     nan                                None      41.781      42.119      45.137       0.174      43.756       0.197
Gaia DR3 1292086317674035840 228.0183382  36.7544563 16.016  2.636       1.415  18.8272  68.6057   -29.20      nan      nan    6.408  nan      nan    nan   1.025     nan                                None     -34.063      25.408     -32.763       0.029      26.810       0.040
Gaia DR3 1350311230799405056 264.1903988  44.8180086 16.704    nan       2.908  12.0194  68.7559   -32.09      nan      nan    6.084  nan      nan    nan   1.006     nan                                None       0.133      36.558       3.824       0.167      36.025       0.139
 Gaia DR3 844696372065225472 175.4756940  56.3581140 10.963  1.377       2.227  42.2848  68.7563    -2.60      nan      nan   15.404  nan      nan    nan   9.909     nan                                None    -139.156      -1.461    -139.027       0.120      -8.692       0.126
Gaia DR3 1538210483722144768 184.6670136  43.3559166 14.582  2.698       2.075  42.7048  68.7937    -7.39      nan      nan   14.495  nan      nan    nan   1.194     nan                                None    -128.751      11.205    -134.369       0.023       8.266       0.025
Gaia DR3 1593528150667544576 221.9253560  51.3704462 12.009  1.095       2.205  16.5501  68.8081   -21.72      nan      nan    6.272  nan      nan    nan   1.017     nan                                None     -38.021      30.850     -39.852       0.010      28.580       0.012
Gaia DR3 1308058064097406464 252.7767985  28.6029700 12.422  2.283       2.857  20.8157  68.8222   -38.04      nan      nan   27.907  nan      nan    nan   2.829     nan                                None     -49.308     105.940     -37.136       0.029     117.528       0.035
Gaia DR3 1497303187971480576 207.2584554  40.8164177 16.118  2.680       1.441  29.3823  68.8878   -19.33      nan      nan    7.358  nan      nan    nan   1.018     nan                                None     -55.634      20.970     -56.667       0.028      18.987       0.038
Gaia DR3 4450462193203693696 242.7470594   7.2971290 15.251  2.587       2.095  41.9554  68.9032   -39.89      nan      nan   11.300  nan      nan    nan   1.060     nan                                None     -37.101       6.382     -32.999       0.029       3.541       0.023
Gaia DR3 4439597678294327680 246.8349557   7.0884128 15.929  3.202       1.496  41.9643  69.0109   -40.90      nan      nan   11.239  nan      nan    nan   1.214     nan                                None     -30.062       6.298     -28.006       0.050       9.184       0.036
Gaia DR3 4435686951652614528 251.3539685   6.0888120 10.999  1.301       1.989  43.0713  69.0624   -41.81      nan      nan   13.458  nan      nan    nan   1.098     nan                                None     -26.732       5.776     -28.944       0.016      10.967       0.015
Gaia DR3 4435685925156760192 251.3893147   6.0592469 15.883  2.942       2.017  43.1030  69.1078   -41.82      nan      nan   13.379  nan      nan    nan   1.011     nan                                None     -26.504       5.684     -28.110       0.043      11.142       0.038
Gaia DR3 4509997105722849280 279.5864200  15.8612928 11.169  1.239       1.979  42.1348  69.1316   -40.36      nan      nan   11.329  nan      nan    nan   0.982     nan                                None      27.418      21.414      31.429       0.016      23.916       0.020
Gaia DR3 1180325015158714496 223.9719921  10.9652293 13.820  2.558       2.945  42.8710  69.1344   -32.64      nan      nan   14.848  nan      nan    nan   1.141     nan                                None     -86.392      12.113     -82.708       0.021       3.662       0.024
Gaia DR3 1280022647892030848 220.8392632  27.6527158 17.146  3.081       1.898  29.7031  69.1718   -28.77      nan      nan    7.379  nan      nan    nan   0.995     nan                                None     -45.656      19.230     -43.084       0.089      20.678       0.088
Gaia DR3 1588337661213412096 230.9366017  48.4349690 12.461  2.497       1.380  11.0276  69.1883   -25.61      nan      nan   30.459  nan      nan    nan   1.252     nan                                None    -150.374     162.211    -146.472       0.014     154.254       0.019
Gaia DR3 2286939522411793024 338.5278507  81.3252630 14.231  2.339       2.909  41.8306  69.1980    -4.11      nan      nan   11.010  nan      nan    nan   1.019     nan                                None      95.864      25.479     102.565       0.023      24.662       0.017
Gaia DR3 4520910995583650944 285.5159147  22.0986549 16.764  3.531       1.696  40.2119  69.2083   -37.85      nan      nan   18.426  nan      nan    nan   1.030     nan                                None      60.931      49.613      58.471       0.039      55.725       0.053
Gaia DR3 2234992270925337088 296.8010618  56.5813512 11.245  1.061       1.950  29.9376  69.2206   -21.86      nan      nan    7.407  nan      nan    nan   0.869     nan                                None      36.209      44.912      35.414       0.014      41.974       0.017
Gaia DR3 1240911434448910208 220.1712870  20.5520415 19.398  3.506       1.224  35.9492  69.2712   -29.76      nan      nan    8.506  nan      nan    nan   1.034     nan                                None     -53.284      15.399     -55.455       0.282      15.720       0.296
Gaia DR3 4394445580462811904 257.4700724   6.6063541 14.880  2.693       1.436  43.2415  69.2876   -42.55      nan      nan   13.763  nan      nan    nan   0.697     nan                                None     -14.255       7.259     -13.213       0.127      11.294       0.104
Gaia DR3 4523870846519784576 278.3893156  17.0954299 16.554  3.527       2.182  40.4853  69.3888   -40.38      nan      nan   18.359  nan      nan    nan   1.074     nan                                None      41.086      38.326      42.360       0.057      29.978       0.058
Gaia DR3 4443805715449819648 257.1547701   9.8503932 10.410  0.949       2.722  39.9906  69.4283   -42.31      nan      nan    9.813  nan      nan    nan   4.993     nan                                None     -10.649      10.143     -15.684       0.107      12.664       0.123
Gaia DR3 1475069791548262144 203.2395387  36.4691947 16.294  2.836       2.108  34.3784  69.4669   -18.23      nan      nan    8.129  nan      nan    nan   0.905     nan                                None     -64.129      17.967     -60.865       0.032      16.420       0.035
Gaia DR3 1184499792089906688 222.3448737  12.5235098 13.524  2.386       0.889  42.0862  69.4751   -31.74      nan      nan   16.722  nan      nan    nan   1.204     nan                                None    -100.539      16.158    -103.166       0.018      14.454       0.019
Gaia DR3 4535650945383335296 278.1320882  24.1826542 18.011  3.550       1.134  34.4361  69.5147   -38.89      nan      nan    8.135  nan      nan    nan   2.932     nan                                None      17.885      25.434      17.130       0.237      27.226       0.323
Gaia DR3 2285613816328768640 340.1462343  78.8006560 13.460  2.133       1.919  42.6626  69.6267    -4.37      nan      nan   11.539  nan      nan    nan   1.134     nan                                None     101.222      23.443     104.972       0.014      20.662       0.013
Gaia DR3 1381785335260882432 242.3899742  41.4763071 16.513  2.767       2.742   8.4275  69.6427   -31.43      nan      nan    5.949  nan      nan    nan   1.035     nan                                None     -19.846      30.826     -23.216       0.041      31.510       0.049
Gaia DR3 4394445580461482496 257.4697787   6.6065487 14.120  2.684       1.459  43.2413  69.6445   -42.55      nan      nan   15.026  nan      nan    nan  20.794     nan                                None     -15.564       7.926     -14.037       0.402       3.563       0.281
Gaia DR3 2103449311119113984 284.5073725  40.5380347 17.646  3.361       0.458  27.1866  69.7953   -32.07      nan      nan    7.029  nan      nan    nan   1.199     nan                                None      22.199      35.964      22.751       0.102      36.360       0.105
Gaia DR3 1500861173239153664 204.2086258  40.7158634 16.371  3.090       2.967  31.4316  69.8503   -17.89      nan      nan    7.570  nan      nan    nan   1.167     nan                                None     -59.153      19.500     -61.059       0.037      23.835       0.044
Gaia DR3 1343262399194105344 263.4243623  38.0339836 18.420  3.243       1.562  15.8072  69.8663   -35.23      nan      nan    6.192  nan      nan    nan   0.986     nan                                None      -0.613      31.991      -2.415       0.137      31.037       0.160
Gaia DR3 4510539233682736256 282.3186133  15.6514091 14.623  2.784       2.715  43.7020  69.8716   -39.82      nan      nan   13.591  nan      nan    nan   1.336     nan                                None      38.496      24.806      32.137       0.029      29.286       0.028
Gaia DR3 1233293330696322176 212.4951539  17.2267738 11.957  1.884       2.076  42.6580  69.8739   -26.15      nan      nan   16.471  nan      nan    nan   1.285     nan                                None    -116.576      19.403    -115.686       0.021      12.249       0.016
Gaia DR3 1385477009974787072 244.2439964  44.1207561 11.373  0.907       2.280   5.4576  69.8891   -30.61      nan      nan    5.886  nan      nan    nan   0.948     nan                                None     -18.025      32.690     -15.456       0.013      31.504       0.016
Gaia DR3 1691594417381436928 190.4535585  74.2806679 14.075  2.720       2.475  34.5978  69.8953    -5.60      nan      nan   23.045  nan      nan    nan   1.172     nan                                None    -199.779      53.430    -210.995       0.018      49.093       0.017
Gaia DR3 2055243457191916928 302.4874465  33.4044896 14.307  2.457       2.619  43.0262  69.9013   -29.34      nan      nan   11.751  nan      nan    nan   1.108     nan                                None      66.012      40.804      60.239       0.016      37.842       0.021
Gaia DR3 1539048723899621760 183.6093305  45.7818620 12.935  1.862       1.860  42.1626  69.9050    -6.69      nan      nan   10.910  nan      nan    nan   1.005     nan                                None     -97.222       7.862    -101.480       0.012       7.459       0.017
Gaia DR3 1191782029402366080 240.5894665  13.6473678 13.072  1.777       2.781  35.8767  69.9123   -38.76      nan      nan    8.401  nan      nan    nan   4.793     nan                                None     -30.228      12.279     -25.414       0.050      11.238       0.048
Gaia DR3 1168921086715240576 230.8121142  10.9042572 16.652  3.624       1.687  40.6390  69.9257   -35.64      nan      nan   18.778  nan      nan    nan   1.409     nan                                None     -93.017      17.468     -99.083       0.127      14.677       0.099
Gaia DR3 4557502398947542656 264.3646769  23.3573964 16.971  2.808       2.713  28.8620  69.9742   -40.28      nan      nan    7.210  nan      nan    nan   0.991     nan                                None       0.356      22.463       2.767       0.038      19.118       0.056
Gaia DR3 4430707847604759808 234.2336150   6.8077861 18.920  3.534       2.851  43.7353  69.9764   -37.19      nan      nan   13.148  nan      nan    nan   1.083     nan                                None     -59.082       5.578     -66.526       0.275       8.231       0.245
Gaia DR3 4536541412357660800 276.5124063  24.1838414 12.643  1.462       2.774  33.5785  69.9934   -39.15      nan      nan    7.916  nan      nan    nan  13.701     nan                                None      15.435      24.940      10.816       0.131      24.621       0.173
Gaia DR3 4510540333194083584 282.5347863  15.6224238 13.261  2.667       2.706  43.8388  70.0488   -39.78      nan      nan   13.564  nan      nan    nan   1.874     nan                                None      38.859      24.660      31.426       0.022      26.807       0.024
Gaia DR3 1180467264475852672 224.6325986  11.5729970 12.902  2.205       2.437  42.0607  70.0901   -32.90      nan      nan   17.510  nan      nan    nan   1.056     nan                                None    -100.475      15.796    -108.651       0.039      19.549       0.036
Gaia DR3 1695894332479713536 230.2171311  70.4705356 10.516  0.818       2.721  22.9536  70.1049   -14.17      nan      nan    6.619  nan      nan    nan   1.350     nan                                None     -33.305      45.701     -36.910       0.018      44.509       0.020
Gaia DR3 2034182964801011968 299.9497518  33.0581450 15.021  2.586       2.539  41.5788  70.1093   -30.40      nan      nan   10.425  nan      nan    nan   1.137     nan                                None      55.239      37.184      60.042       0.020      40.025       0.023
Gaia DR3 1074474304902531072 167.3494939  70.9010171 12.412  2.183       1.457  41.4319  70.1164    -0.64      nan      nan   18.219  nan      nan    nan   1.337     nan                                None    -163.513     -21.190    -163.105       0.015     -26.769       0.020
Gaia DR3 1178680729878987648 220.8701770  12.2221838 15.409  3.072       2.680  42.9724  70.1240   -31.04      nan      nan   16.359  nan      nan    nan   1.084     nan                                None    -101.166      14.688    -102.723       0.042      23.798       0.037
 Gaia DR3 860990657648737920 169.6086202  60.5970008  9.346  0.843       1.990  43.5691  70.1595    -0.47      nan      nan   12.302  nan      nan    nan   1.059     nan                                None    -110.840     -10.576    -106.902       0.011     -13.912       0.013
Gaia DR3 2129101432791706368 291.2866483  47.0547807 17.392  2.946       2.995  28.8224  70.2291   -27.72      nan      nan    7.187  nan      nan    nan   0.966     nan                                None      29.721      39.778      28.035       0.081      43.991       0.074
Gaia DR3 4586311871339426944 273.9297428  28.0857512 15.667  2.577       2.588  29.0575  70.2303   -38.37      nan      nan    7.215  nan      nan    nan   1.037     nan                                None      11.186      27.003       9.431       0.026      23.480       0.032
Gaia DR3 2024040657243842560 289.8368856  25.9697434 15.676  2.791       1.400  39.8743  70.2563   -35.73      nan      nan    9.553  nan      nan    nan   1.028     nan                                None      37.554      29.671      34.800       0.022      29.067       0.029
Gaia DR3 4528441894310346240 275.2829640  19.9216806 13.114  1.834       2.913  36.5482  70.3848   -40.33      nan      nan    8.498  nan      nan    nan   1.082     nan                                None      14.957      21.601      17.242       0.010      16.910       0.013
Gaia DR3 1397633764583309312 234.7360238  45.1463119 11.029  0.780       1.822   9.6122  70.4634   -28.05      nan      nan    5.948  nan      nan    nan   0.887     nan                                None     -26.318      31.092     -27.077       0.013      28.936       0.018
Gaia DR3 2018772209855667712 291.1541326  21.2931520 14.334  2.566       2.409  44.1648  70.4705   -36.41      nan      nan   13.540  nan      nan    nan   1.440     nan                                None      55.744      33.136      60.247       0.021      27.939       0.028
Gaia DR3 4434749725365419520 250.8813680   4.9456779 16.566  0.083       2.438  44.1856  70.5029   -41.76      nan      nan   14.101  nan      nan    nan   0.938     nan                                None     -29.034       3.550     -32.351       0.059      -2.893       0.052
Gaia DR3 1340920027110046848 260.1873557  39.7907164 17.415  2.961       2.568  12.8379  70.5226   -34.39      nan      nan    6.044  nan      nan    nan   1.071     nan                                None      -3.681      32.514      -1.486       0.072      34.941       0.081
Gaia DR3 2018772278575147392 291.1513828  21.2953630 14.436  2.508       2.300  44.1614  70.5699   -36.41      nan      nan   13.057  nan      nan    nan   4.399     nan                                None      53.749      31.958      59.928       0.068      30.585       0.080
Gaia DR3 1178183505809994624 219.7595793  11.6825468 17.889  4.058       0.950  43.9333  70.6177   -30.52      nan      nan   15.422  nan      nan    nan   0.996     nan                                None     -97.324      12.517     -99.980       0.158      14.092       0.124
Gaia DR3 1185674482825255424 220.4207110  14.0129953 15.336  3.115       2.787  41.5606  70.6254   -30.67      nan      nan   18.656  nan      nan    nan   7.296     nan                                None    -116.328      20.339    -119.720       0.210      30.762       0.204
Gaia DR3 1325149078998427776 248.8932754  33.5403221 17.359  2.927       2.406  15.5333  70.7269   -35.80      nan      nan    6.144  nan      nan    nan   1.023     nan                                None     -14.517      27.003     -17.375       0.064      25.759       0.083
Gaia DR3 2054960229868447616 303.5195058  32.9164973 15.263  3.209       2.433  44.0062  70.7476   -29.07      nan      nan   15.523  nan      nan    nan   3.102     nan                                None      89.165      52.217      82.030       0.059      55.751       0.074
 Gaia DR3 774242042075495680 179.6406718  46.4417656 11.632  1.366       1.835  44.2494  70.8623    -4.62      nan      nan   15.161  nan      nan    nan   4.381     nan                                None    -136.357       4.355    -140.546       0.143       0.252       0.129
Gaia DR3 4452523124671547904 247.0745477   9.2478322 13.029  1.793       2.900  39.8021  70.8692   -40.83      nan      nan    9.387  nan      nan    nan   0.992     nan                                None     -24.769       8.325     -22.464       0.011      13.581       0.009
Gaia DR3 1239231728573815936 219.1628151  19.3111663 14.027  2.311       2.749  37.5010  70.8850   -29.44      nan      nan    8.668  nan      nan    nan   3.005     nan                                None     -55.282      14.191     -58.199       0.057      18.280       0.047
Gaia DR3 2240164579779065728 293.3675947  61.9032777 13.231  1.769       2.850  28.1358  70.8956   -19.72      nan      nan    7.060  nan      nan    nan  11.871     nan                                None      31.239      47.384      35.138       0.129      45.713       0.127
Gaia DR3 1599965619449232512 227.2687375  53.6188882 18.605  3.159       2.685  13.4831  70.9540   -22.29      nan      nan    6.051  nan      nan    nan   0.946     nan                                None     -32.743      33.433     -29.833       0.134      31.626       0.147
Gaia DR3 1343507452848149120 262.3193987  38.4219960  9.645  0.614       1.353  14.9491  70.9997   -35.05      nan      nan    6.107  nan      nan    nan   0.987     nan                                None      -1.668      31.848      -3.354       0.012      31.408       0.013
Gaia DR3 1508785555402520960 209.5824386  45.6714223 19.258  3.129       1.017  25.7423  71.0012   -19.12      nan      nan    6.808  nan      nan    nan   1.036     nan                                None     -50.070      23.157     -48.620       0.214      23.316       0.232
Gaia DR3 1410589962928195712 248.5814315  48.4664890 13.465    nan       2.402   0.8368  71.0356   -29.18      nan      nan   33.226  nan      nan    nan   1.193     nan                                None     -80.090     205.412     -93.292       0.051     215.846       0.061
Gaia DR3 1410589958632313344 248.5808625  48.4666986 12.065  2.619       2.863   0.8363  71.0379   -29.18      nan      nan   33.229  nan      nan    nan   1.240     nan                                None     -80.099     205.428     -88.424       0.017     223.673       0.018
Gaia DR3 1693558999846335744 227.5205892  68.1492245 18.325  3.237       1.598  21.5638  71.1156   -15.05      nan      nan    6.465  nan      nan    nan   1.041     nan                                None     -34.777      42.348     -35.003       0.146      40.182       0.138
Gaia DR3 1522370060219818880 197.8446119  36.8076235 14.608  2.578       2.195  37.7156  71.1599   -15.28      nan      nan    8.683  nan      nan    nan   1.258     nan                                None     -71.801      15.430     -75.606       0.015      14.139       0.021
Gaia DR3 2110300814747453952 277.6149638  40.2597212 14.554  2.096       2.389  22.8569  71.1745   -33.34      nan      nan    6.556  nan      nan    nan   1.076     nan                                None      13.893      34.673      17.179       0.019      34.345       0.018
Gaia DR3 2110300883466928896 277.5996871  40.2627791 14.789  2.189       2.093  22.8454  71.2161   -33.34      nan      nan    6.553  nan      nan    nan   0.988     nan                                None      13.872      34.662      16.748       0.021      34.375       0.020
Gaia DR3 2131784339942401792 284.0332472  48.8062452 17.861  3.046       0.829  23.6635  71.2364   -28.33      nan      nan    6.615  nan      nan    nan   1.020     nan                                None      20.428      40.060      19.367       0.111      39.599       0.116
Gaia DR3 4609351209782907648 267.3213723  37.8915514 14.616  2.251       1.779  18.0160  71.2494   -35.23      nan      nan    6.243  nan      nan    nan   1.449     nan                                None       3.218      32.085       1.174       0.026      33.226       0.025
Gaia DR3 2021923685066418688 294.1259377  25.8674027 16.798  3.096       2.520  42.6265  71.2550   -34.41      nan      nan   10.629  nan      nan    nan   1.063     nan                                None      48.135      31.400      44.506       0.039      35.727       0.052
Gaia DR3 1551791960587613184 202.6494598  46.1515842 15.136  2.373       1.417  30.0448  71.2870   -15.94      nan      nan    7.261  nan      nan    nan   1.103     nan                                None     -57.612      20.092     -56.328       0.019      18.342       0.023
Gaia DR3 1343507452848148736 262.3140382  38.4154546 17.456  3.126       1.294  14.9514  71.2875   -35.05      nan      nan    6.096  nan      nan    nan   1.025     nan                                None      -1.670      31.783      -3.166       0.066      32.511       0.071
Gaia DR3 1240427992930398592 217.4000857  20.9031196 18.978  3.577       1.035  37.0317  71.3103   -28.33      nan      nan    8.487  nan      nan    nan   1.039     nan                                None     -55.775      14.751     -56.977       0.186      13.341       0.196
Gaia DR3 1701374843893489664 220.4020199  75.2712549 17.623  3.098       1.865  28.5314  71.3232   -10.21      nan      nan    7.076  nan      nan    nan   1.051     nan                                None     -44.137      43.833     -45.278       0.102      41.295       0.092
Gaia DR3 4507917512616870784 282.7907804  15.7883735 17.659  3.659       2.235  43.8332  71.3410   -39.69      nan      nan   11.557  nan      nan    nan   0.987     nan                                None      33.553      21.253      37.683       0.103      17.703       0.110
Gaia DR3 2100509109650494592 287.5956324  39.6185170 19.098  3.304       1.289  29.6836  71.3444   -31.79      nan      nan    7.211  nan      nan    nan   0.985     nan                                None      26.031      35.270      24.089       0.209      35.017       0.238
Gaia DR3 2116301846130528896 272.3200414  46.3801039 13.933  1.817       2.912  16.7240  71.3668   -30.99      nan      nan    6.172  nan      nan    nan   1.005     nan                                None       8.021      37.793       7.457       0.014      41.541       0.017
Gaia DR3 4577238048553816576 268.4820642  22.5303412 15.036  2.412       0.864  31.2080  71.4612   -40.38      nan      nan    7.403  nan      nan    nan   1.029     nan                                None       5.168      22.078       5.441       0.014      20.758       0.022
Gaia DR3 4394662081173513856 258.0525122   7.6047558 16.269  3.035       2.604  42.3552  71.4713   -42.55      nan      nan   10.382  nan      nan    nan   0.977     nan                                None      -9.805       7.113      -7.647       0.051      12.388       0.038
Gaia DR3 1179489936077493888 219.4342023  12.8338883 15.769  2.738       1.265  43.0466  71.4937   -30.27      nan      nan   10.809  nan      nan    nan   1.055     nan                                None     -68.608      10.083     -71.351       0.049       9.194       0.038
Gaia DR3 1335419406658890112 261.1715737  33.7001764 20.155  2.846       0.356  18.3291  71.7052   -36.93      nan      nan    6.240  nan      nan    nan   1.057     nan                                None      -2.833      28.606      -3.203       0.608      28.893       0.928
Gaia DR3 2048377934789409536 292.9827900  35.6894134 16.717  2.891       1.707  35.4178  71.7099   -31.86      nan      nan    8.082  nan      nan    nan   1.014     nan                                None      35.330      33.950      37.859       0.046      32.514       0.052
Gaia DR3 2145331147830381184 278.0225190  52.3175297 13.053  1.520       2.180  19.3620  71.7124   -27.32      nan      nan    6.297  nan      nan    nan   0.974     nan                                None      13.739      41.746      10.896       0.010      41.203       0.011
 Gaia DR3 840043518031498880 174.4765271  52.4998985 15.956  3.108       1.011  44.3924  71.7252    -2.11      nan      nan   16.542  nan      nan    nan   0.987     nan                                None    -149.487      -4.244    -149.065       0.024      -7.743       0.032
Gaia DR3 1463832026797092864 194.6403914  28.3196173  6.900  0.316       2.676  45.1453  71.7426   -14.41      nan      nan   13.497  nan      nan    nan   1.117     nan                                None    -114.180      14.303    -107.361       0.026      10.918       0.036
Gaia DR3 1713995691191888640 210.6153057  76.8286335 20.043  2.998       1.516  31.2874  71.7428    -8.16      nan      nan    7.391  nan      nan    nan   1.063     nan                                None     -53.648      37.886     -56.002       0.671      38.073       0.643
Gaia DR3 4488038106165156608 268.1105000   8.4622273 14.215  2.778       2.374  44.0598  71.7480   -42.62      nan      nan   17.107  nan      nan    nan   1.112     nan                                None      10.942      14.085      18.517       0.017      18.079       0.014
Gaia DR3 2057849535959767680 307.1138595  37.5365129 12.475  2.142       0.807  43.5851  71.7509   -26.29      nan      nan   17.760  nan      nan    nan   1.086     nan                                None     109.586      64.279     106.973       0.011      62.761       0.011
Gaia DR3 1376436447414956672 237.4201128  37.5915562 18.538  3.143       1.325  13.6400  71.8077   -31.81      nan      nan    6.024  nan      nan    nan   1.054     nan                                None     -24.401      27.256     -25.950       0.119      27.912       0.163
Gaia DR3 4592676772353236864 274.0106339  32.5237138 15.204  2.312       0.679  25.6689  71.8245   -36.87      nan      nan    6.754  nan      nan    nan   1.048     nan                                None      10.555      29.422      11.516       0.023      29.526       0.026
Gaia DR3 4458559890183173760 241.8363636  14.3096745 12.925  1.689       1.340  35.0661  71.8395   -39.02      nan      nan    7.998  nan      nan    nan   0.933     nan                                None     -27.328      12.596     -26.846       0.013      10.389       0.012
Gaia DR3 1429670578479082880 243.6916581  55.9181295 16.825  2.609       2.660   7.2823  71.8870   -24.50      nan      nan    5.846  nan      nan    nan   1.030     nan                                None     -18.381      39.357     -21.651       0.065      39.127       0.080
Gaia DR3 2217243748073165056 322.0036312  63.6599968 13.902  2.687       0.751  40.9441  71.8909   -12.25      nan      nan   20.609  nan      nan    nan   1.340     nan                                None     157.856      83.911     156.430       0.022      80.978       0.022
Gaia DR3 2116208490721726720 272.2223023  45.6592451 17.971  2.988       2.457  16.8983  71.9381   -31.36      nan      nan    6.157  nan      nan    nan   1.047     nan                                None       7.907      37.199       9.493       0.136      34.432       0.126
Gaia DR3 2070208291476617216 310.9004614  45.2318529 12.982  2.425       2.870  41.9203  71.9607   -22.35      nan      nan   19.811  nan      nan    nan   1.241     nan                                None     130.611      79.832     136.206       0.017      69.233       0.018
Gaia DR3 4390606601254584960 262.0359679   5.6162269 15.886  2.934       0.126  45.1056  72.0130   -42.84      nan      nan   12.707  nan      nan    nan   1.028     nan                                None      -4.039       4.797      -3.722       0.037       4.916       0.029
Gaia DR3 4579580351917390336 271.2168667  25.4729549 14.582  2.342       2.157  29.8580  72.0487   -39.41      nan      nan    7.182  nan      nan    nan  39.082     nan                                None       8.095      24.396       4.931       0.508      23.589       0.692
Gaia DR3 1372874996109091456 237.1859937  36.1139698 17.121  2.709       1.712  15.0281  72.0577   -32.29      nan      nan    6.068  nan      nan    nan   1.032     nan                                None     -24.782      26.340     -25.599       0.052      28.372       0.071
Gaia DR3 1274897240078834688 226.7382399  28.6730072 12.965    nan       1.685  25.9074  72.0772   -31.05      nan      nan    6.761  nan      nan    nan   2.973     nan                                None     -37.035      20.297     -37.656       0.082      22.617       0.078
Gaia DR3 2037646495139760512 286.6576094  28.6289718  5.456  0.405       1.828  35.9994  72.1343   -35.87      nan      nan   24.422  nan      nan    nan   0.867     nan                                None      84.833      86.713      75.628       0.041      84.754       0.044
Gaia DR3 4578953286692854016 274.2898840  25.3100035 19.986  3.105       2.922  31.5064  72.1554   -39.14      nan      nan    7.388  nan      nan    nan   1.079     nan                                None      11.867      24.692       9.001       0.354      28.226       0.401
Gaia DR3 2135895212060341888 293.2379038  50.5936409 16.546  3.097       2.898  28.9762  72.1608   -25.61      nan      nan    7.070  nan      nan    nan   1.051     nan                                None      31.154      40.813      32.676       0.051      36.771       0.055
Gaia DR3 4491256647276648448 260.5396126   8.8671646 18.619  4.075       2.936  41.6042  72.1611   -42.62      nan      nan    9.799  nan      nan    nan   1.066     nan                                None      -5.425       8.699     -11.480       0.190       8.366       0.167
Gaia DR3 1249079263950353408 203.9445203  20.0559954 16.516  3.355       1.185  45.2542  72.2133   -20.88      nan      nan   15.696  nan      nan    nan   1.143     nan                                None    -122.973      16.742    -122.752       0.071      20.657       0.046
Gaia DR3 1183027339862950912 229.6121958  14.7724885 11.521  1.143       1.503  37.3311  72.2327   -34.78      nan      nan    8.433  nan      nan    nan   1.105     nan                                None     -43.099      11.878     -43.741       0.021       9.284       0.019
Gaia DR3 2175768520208254592 318.6773978  53.7472840 13.956  2.653       2.517  42.6789  72.3172   -16.61      nan      nan   19.486  nan      nan    nan  18.074     nan                                None     143.580      76.344     133.579       0.688      73.727       0.600
Gaia DR3 1681486229030330752 180.2000452  67.2856583 14.773  3.191       0.371  37.4713  72.3237    -4.00      nan      nan   23.675  nan      nan    nan   8.185     nan                                None    -212.715      16.487    -211.126       0.158      15.535       0.187
Gaia DR3 1481608204944713600 217.0092575  38.1179191 19.041  3.333       1.797  24.5239  72.3316   -24.46      nan      nan    6.626  nan      nan    nan   1.132     nan                                None     -43.825      22.537     -45.618       0.193      20.781       0.237
 Gaia DR3 858452121522198272 173.6636597  59.7255233 20.121  2.761       2.500  41.9861  72.3538    -1.94      nan      nan    9.917  nan      nan    nan   1.152     nan                                None     -89.620      -3.068     -94.830       0.497      -3.487       0.492
Gaia DR3 4603708413028530304 271.9399975  33.4001046 19.562  2.872       1.845  23.8553  72.3625   -36.75      nan      nan    6.571  nan      nan    nan   2.375     nan                                None       8.150      29.588       5.843       0.935      30.690       0.811
Gaia DR3 2149994417162884736 272.3787408  54.9814204 19.397  3.631       2.216  16.2200  72.3838   -26.30      nan      nan    6.107  nan      nan    nan   1.112     nan                                None       7.992      42.938       5.474       0.316      41.598       0.337
Gaia DR3 4527500884155318528 272.3641580  19.7269241 15.114  2.541       2.069  35.3667  72.3905   -40.72      nan      nan    7.996  nan      nan    nan   1.264     nan                                None      10.447      20.305      12.639       0.026      23.018       0.037
Gaia DR3 1698757151520821504 220.2745881  72.3751837 14.775  2.213       2.058  26.3630  72.4092   -11.66      nan      nan    6.784  nan      nan    nan   3.750     nan                                None     -42.413      41.140     -39.477       0.087      41.360       0.073
Gaia DR3 1457084186497999104 208.9002505  31.1773902 16.958  2.985       2.043  34.0836  72.4268   -22.19      nan      nan    7.761  nan      nan    nan   1.101     nan                                None     -57.555      17.368     -59.484       0.090      20.097       0.064
Gaia DR3 4426435871273922560 237.3947367   5.5880792 15.920 -0.309       2.648  44.3228  72.4538   -38.34      nan      nan   11.315  nan      nan    nan   1.039     nan                                None     -45.875       3.170     -50.516       0.051      -1.115       0.049
Gaia DR3 4463562530650923648 244.4302137  13.6985471  9.051  0.663       1.082  35.4487  72.4698   -39.77      nan      nan    8.003  nan      nan    nan   2.231     nan                                None     -24.287      12.177     -25.012       0.048      13.852       0.045
Gaia DR3 1527243645509685760 193.6193710  41.1288242 11.177  1.070       1.461  38.1289  72.4799   -12.39      nan      nan    8.594  nan      nan    nan   1.303     nan                                None     -73.181      13.816     -75.773       0.017      13.280       0.018
Gaia DR3 1444846033669990400 203.1748489  24.5837634 18.858  3.599       1.534  42.3218  72.4943   -19.96      nan      nan   10.034  nan      nan    nan   0.959     nan                                None     -79.214      13.718     -76.875       0.277      11.468       0.126
Gaia DR3 4566005678277607296 251.8054946  22.7334553 16.898  2.907       0.999  26.5164  72.4945   -39.54      nan      nan    6.793  nan      nan    nan   0.994     nan                                None     -13.021      19.996     -13.428       0.044      21.367       0.055
Gaia DR3 1550400081945949568 200.5159744  43.9034389  6.288  0.370       1.471  32.3404  72.5477   -15.43      nan      nan    7.475  nan      nan    nan  11.026     nan                                None     -60.472      18.135     -60.067       0.188      15.852       0.286
Gaia DR3 2141346693788383616 286.9015193  56.3766542 16.358  0.966       2.962  24.4935  72.5700   -23.87      nan      nan    6.611  nan      nan    nan  13.467     nan                                None      23.199      43.982      19.918       0.712      46.485       0.748
Gaia DR3 1263560450563746176 226.9414400  22.9346403 15.964  2.571       2.264  30.8099  72.5719   -32.40      nan      nan    7.263  nan      nan    nan   1.070     nan                                None     -39.600      16.994     -42.795       0.036      18.340       0.038
Gaia DR3 4586101417941242368 273.6285372  27.1317179 16.321  2.553       1.376  29.6719  72.6013   -38.69      nan      nan    7.120  nan      nan    nan   1.007     nan                                None      10.705      25.710      12.464       0.031      24.629       0.037
Gaia DR3 2225964107933056256 337.2681431  68.7503110 15.848  3.201       2.675  45.1260  72.6313    -6.73      nan      nan   16.794  nan      nan    nan   1.090     nan                                None     145.300      37.747     152.999       0.042      43.262       0.038
Gaia DR3 1175021589541590912 222.9832939  10.4073157 17.512  3.915       2.420  43.7647  72.6350   -32.20      nan      nan   18.703  nan      nan    nan   0.898     nan                                None    -111.037      13.661    -106.174       0.133       5.450       0.120
Gaia DR3 4475275971621903360 270.3409773   7.4451212 15.276  3.018       0.940  45.7693  72.6604   -42.53      nan      nan   13.174  nan      nan    nan   1.130     nan                                None      13.042       8.688      11.137       0.028       6.904       0.026
Gaia DR3 1180337453384032128 224.3770573  11.0338720 16.254  3.788       2.853  42.6547  72.6942   -32.82      nan      nan   19.959  nan      nan    nan   1.157     nan                                None    -115.153      16.604    -104.841       0.084      22.748       0.079
Gaia DR3 1696646742031063552 237.4025559  73.1370204 14.178  2.083       2.801  24.5139  72.7326   -13.41      nan      nan    6.604  nan      nan    nan   0.988     nan                                None     -26.768      50.072     -29.386       0.018      52.963       0.016
Gaia DR3 1541385838943749376 188.3775316  43.9412263 15.935  2.728       1.477  40.0835  72.7465    -9.31      nan      nan    9.107  nan      nan    nan   1.037     nan                                None     -79.739      10.795     -82.571       0.027      10.664       0.032
Gaia DR3 1516293918446402176 195.8487166  36.0470628 18.113  4.316       2.314  39.4648  72.7882   -14.28      nan      nan   22.770  nan      nan    nan   1.022     nan                                None    -191.056      35.595    -201.234       0.094      40.049       0.111
Gaia DR3 1325627607074065408 245.9473954  33.1544636 10.921  0.806       1.144  15.9440  72.8052   -35.41      nan      nan    6.078  nan      nan    nan   0.949     nan                                None     -17.067      25.962     -18.014       0.011      24.843       0.013
Gaia DR3 2080669079462878208 303.6103787  42.0293753 16.799  3.002       1.440  38.8953  72.8067   -26.15      nan      nan    8.747  nan      nan    nan   0.947     nan                                None      50.340      37.495      52.977       0.049      37.799       0.052
Gaia DR3 1533902734603764736 188.3592490  40.4042866  9.738  1.211       1.262  41.9016  72.8094    -9.62      nan      nan   20.803  nan      nan    nan   0.955     nan                                None    -182.159      22.054    -180.205       0.011      16.874       0.016
Gaia DR3 1325627400915634432 245.9610269  33.1338430 13.462  1.587       1.115  15.9637  72.8475   -35.42      nan      nan    6.077  nan      nan    nan   1.077     nan                                None     -17.053      25.944     -17.977       0.011      24.855       0.012
Gaia DR3 2251605204424989312 298.8366464  70.9641382 16.127  2.420       1.392  32.0066  72.8612   -13.76      nan      nan    7.401  nan      nan    nan   1.110     nan                                None      38.158      50.701      38.071       0.037      52.871       0.039
Gaia DR3 1448590424813877760 203.9240553  26.9453606 11.418  1.264       2.234  40.1508  72.8768   -20.11      nan      nan    9.104  nan      nan    nan   1.648     nan                                None     -71.342      14.440     -71.492       0.034      10.154       0.018
Gaia DR3 1561288098918500608 208.7103384  54.4205172 15.806  2.739       0.185  24.3839  72.8965   -16.14      nan      nan    6.585  nan      nan    nan   1.113     nan                                None     -48.947      25.574     -49.197       0.030      25.515       0.036
Gaia DR3 4388471452752133376 259.5478654   4.0461792  9.119  0.876       1.886  46.1245  72.9027   -42.77      nan      nan   14.440  nan      nan    nan   0.991     nan                                None     -10.247       1.851     -13.600       0.013       6.512       0.009
Gaia DR3 4388471418392395136 259.5440772   4.0430403 11.680  1.692       2.472  46.1269  72.9055   -42.77      nan      nan   14.439  nan      nan    nan   1.519     nan                                None     -10.255       1.844     -14.648       0.019       7.951       0.014
Gaia DR3 4535176334314767104 278.9822816  22.7556461  7.621  0.221       1.684  36.0501  72.9899   -39.10      nan      nan    8.063  nan      nan    nan   4.619     nan                                None      18.774      23.450      18.017       0.079      20.690       0.102
Gaia DR3 1270574544479912576 230.5450729  27.1156671 17.971  3.207       2.461  25.6073  73.0816   -32.89      nan      nan    6.677  nan      nan    nan   1.015     nan                                None     -33.309      19.908     -29.875       0.074      19.452       0.093
Gaia DR3 4498922137411007360 272.0814384  15.8364563 16.783  2.829       1.579  38.7138  73.0952   -41.47      nan      nan    8.654  nan      nan    nan   1.057     nan                                None      10.925      16.897      11.573       0.049      19.704       0.053
Gaia DR3 2061381205989070336 304.3966516  39.3497326 11.778  1.286       2.648  40.8069  73.1177   -26.78      nan      nan    9.274  nan      nan    nan   0.880     nan                                None      54.257      36.852      57.159       0.011      32.566       0.011
Gaia DR3 2172941263501623680 321.7212608  53.6398246  9.610  1.102       0.852  44.3602  73.1524   -15.52      nan      nan   18.678  nan      nan    nan   0.949     nan                                None     142.621      67.059     139.994       0.013      64.975       0.012
Gaia DR3 2098766491098824064 286.3011891  36.2888830 12.753  1.432       1.326  30.7183  73.1762   -33.39      nan      nan    7.206  nan      nan    nan   1.024     nan                                None      24.658      32.718      25.455       0.010      34.569       0.012
Gaia DR3 1701839460570645888 225.8754837  75.9753587 13.051  1.590       0.499  28.3309  73.2060   -10.50      nan      nan    6.930  nan      nan    nan   1.073     nan                                None     -38.709      46.910     -38.242       0.013      46.350       0.011
Gaia DR3 4544002492101393024 261.8340269  15.9790331 16.396  2.880       1.386  35.0290  73.2670   -41.82      nan      nan    7.842  nan      nan    nan   0.987     nan                                None      -2.742      15.659      -1.840       0.043      13.553       0.044
Gaia DR3 2080175776699143424 296.3216594  45.6008082 12.294  1.375       2.891  32.5899  73.2700   -27.07      nan      nan    7.451  nan      nan    nan   0.951     nan                                None      35.950      38.026      31.708       0.011      39.647       0.011
Gaia DR3 4430185034123000960 237.3642209   7.2229094 10.149  0.909       2.304  42.7170  73.3093   -38.27      nan      nan    9.986  nan      nan    nan   1.011     nan                                None     -40.528       5.097     -36.645       0.017       2.193       0.014
Gaia DR3 4430185068482324864 237.3759577   7.2267265  9.893  0.853       2.414  42.7112  73.3652   -38.28      nan      nan    9.967  nan      nan    nan   0.989     nan                                None     -40.437       5.094     -35.990       0.015       2.654       0.013
Gaia DR3 2124932084695307520 270.5491221  51.1441117 16.538  2.857       2.877  14.7668  73.4309   -28.58      nan      nan    6.004  nan      nan    nan   3.600     nan                                None       6.140      40.066       5.125       0.169      36.569       0.181
Gaia DR3 2167868494807090560 309.5592356  48.8496735 15.258  2.582       2.308  39.4761  73.4492   -21.57      nan      nan    8.805  nan      nan    nan   1.075     nan                                None      56.759      39.041      53.121       0.026      36.779       0.027
Gaia DR3 4453302231737912448 242.4418541   9.6718946 10.167  0.863       2.315  39.6168  73.4594   -39.67      nan      nan    8.843  nan      nan    nan   1.071     nan                                None     -29.429       8.047     -28.611       0.015       3.809       0.015
Gaia DR3 1500485964896324224 207.1623341  41.7384048 17.547  3.254       0.342  28.9943  73.4774   -19.07      nan      nan    6.984  nan      nan    nan   1.260     nan                                None     -52.863      20.300     -53.184       0.082      20.688       0.095
Gaia DR3 2031237682441232256 295.3262803  28.2691727 17.185  3.313       2.404  41.7112  73.4956   -33.39      nan      nan    9.519  nan      nan    nan   1.284     nan                                None      44.657      30.555      39.834       0.072      30.692       0.082
Gaia DR3 1389952164034571648 234.9500772  40.7580130 17.601 -0.160       2.229  12.2110  73.5000   -29.93      nan      nan    5.912  nan      nan    nan   1.035     nan                                None     -25.982      28.196     -25.238       0.075      25.520       0.084
Gaia DR3 2280808370696739200 332.6451153  76.5200198 19.875  3.022       2.161  41.5987  73.5398    -5.99      nan      nan    9.467  nan      nan    nan   1.152     nan                                None      79.649      29.242      77.052       0.579      25.800       0.522
Gaia DR3 4424988536012640512 239.9587616   3.6872972 15.045  2.459       2.883  45.8335  73.5622   -39.18      nan      nan   12.095  nan      nan    nan   6.205     nan                                None     -44.620       0.277     -38.603       0.158       4.502       0.139
Gaia DR3 2073033383540845696 297.3746438  38.8923885 16.821  2.942       2.535  36.4771  73.5749   -29.37      nan      nan    8.082  nan      nan    nan   1.013     nan                                None      40.124      35.118      37.708       0.055      31.538       0.070
Gaia DR3 4391068224338974080 255.9797751   2.9859500 15.447  2.906       2.821  46.6056  73.6730   -42.48      nan      nan   13.377  nan      nan    nan   1.023     nan                                None     -16.974      -0.561     -24.839       0.035       0.641       0.024
Gaia DR3 2040788109097473280 284.8630753  29.3878796 16.396  2.581       2.873  34.3573  73.6743   -36.07      nan      nan    7.688  nan      nan    nan   0.978     nan                                None      24.684      28.460      21.204       0.037      25.365       0.044
Gaia DR3 2271529828291459328 314.9414948  69.8466755 14.835  2.465       0.995  37.2272  73.6792   -11.57      nan      nan    8.225  nan      nan    nan   1.123     nan                                None      57.674      42.575      59.007       0.023      41.481       0.024
Gaia DR3 1728032267086751872 237.5037100  87.0310459 10.594  0.938       0.538  38.0338  73.7186    -4.39      nan      nan    8.400  nan      nan    nan   1.148     nan                                None     -33.926      67.591     -33.693       0.016      68.515       0.016
Gaia DR3 1727283705826474880 234.1564391  85.2541359 12.993  1.694       0.932  36.3526  73.7208    -5.48      nan      nan    8.041  nan      nan    nan   1.240     nan                                None     -36.218      62.443     -34.670       0.015      62.755       0.017
Gaia DR3 1433082328700919808 257.9045510  57.4043343 14.978  2.138       0.173  10.3404  73.7413   -24.98      nan      nan    5.849  nan      nan    nan  14.127     nan                                None      -5.660      42.675      -5.867       0.358      42.622       0.344
Gaia DR3 4448503172719274496 251.4410452  11.2004821 11.886  1.297       1.647  37.9763  73.7423   -41.48      nan      nan    8.383  nan      nan    nan   1.028     nan                                None     -16.540      10.177     -18.899       0.014       8.471       0.012
Gaia DR3 1066136540726247296 156.2538077  67.2130704 15.814  2.941       1.667  46.3668  73.7507     2.85      nan      nan   12.686  nan      nan    nan   1.080     nan                                None    -109.151     -34.805    -109.178       0.028     -30.346       0.028
Gaia DR3 2042353087799129472 283.9023078  32.2640987 18.156  3.465       0.705  31.7650  73.7839   -35.36      nan      nan    7.296  nan      nan    nan   1.047     nan                                None      22.388      29.965      23.254       0.120      29.313       0.139
Gaia DR3 4389157754167139712 261.1443021   3.9240972 12.526  1.964       1.579  46.5609  73.8178   -42.85      nan      nan   12.971  nan      nan    nan   1.037     nan                                None      -5.945       1.428      -1.776       0.012       0.310       0.009
Gaia DR3 2071008357992625024 307.6407386  45.7740578  9.974  0.789       2.999  39.6490  73.8603   -23.37      nan      nan    8.787  nan      nan    nan   1.057     nan                                None      54.750      38.097      50.020       0.014      35.186       0.014
Gaia DR3 1537265590917165440 180.1133427  42.3397408 15.641  3.026       2.583  46.0795  73.8815    -4.97      nan      nan   12.122  nan      nan    nan   1.371     nan                                None    -108.933       3.233    -109.987       0.044      -3.284       0.043
Gaia DR3 4447541409282712832 253.2345879  10.8940334 13.387  1.859       1.478  38.4335  73.9016   -41.78      nan      nan    8.469  nan      nan    nan   2.840     nan                                None     -14.364       9.977     -16.383       0.036       8.278       0.030
Gaia DR3 1235984149182413696 218.6406142  17.9628347 16.833  2.999       1.513  38.9132  73.9665   -29.35      nan      nan    8.578  nan      nan    nan   1.121     nan                                None     -55.204      12.631     -56.124       0.094      10.054       0.082
Gaia DR3 4466980358248992512 246.1298821  17.8494468 19.030  3.352       0.597  31.2222  73.9761   -39.54      nan      nan    7.211  nan      nan    nan   1.070     nan                                None     -20.052      15.513     -19.144       0.202      15.522       0.196
Gaia DR3 4556727586849574272 264.0254800  22.2987782 14.721  2.219       2.332  29.7215  74.1521   -40.55      nan      nan    7.020  nan      nan    nan   1.113     nan                                None      -0.029      20.766       1.079       0.013      17.498       0.020
Gaia DR3 1709673377839678336 255.0783413  81.0438055 18.245  3.395       0.870  32.0891  74.1573    -8.97      nan      nan    7.310  nan      nan    nan   0.986     nan                                None     -10.304      63.877     -10.303       0.144      65.218       0.118
Gaia DR3 4390773001170538624 261.4221798   5.9065987 17.758  3.363       2.248  44.6849  74.1790   -42.81      nan      nan   10.752  nan      nan    nan   1.056     nan                                None      -4.458       4.548      -8.443       0.117       1.374       0.092
Gaia DR3 1470899721900579712 205.8358503  35.0579615 16.460  2.864       1.219  33.5307  74.1825   -19.86      nan      nan    7.513  nan      nan    nan   1.028     nan                                None     -57.709      17.412     -59.585       0.024      17.864       0.036
Gaia DR3 2067836301293804416 308.1758723  41.4636524 15.000  2.909       0.191  42.1082  74.2026   -24.64      nan      nan   22.275  nan      nan    nan   1.035     nan                                None     140.144      87.185     140.259       0.022      88.075       0.024
Gaia DR3 1335890238153930496 263.1017755  34.4927308 18.935  3.304       2.515  18.4812  74.2038   -36.67      nan      nan    6.141  nan      nan    nan   1.065     nan                                None      -0.920      28.849      -1.977       0.176      31.929       0.208
Gaia DR3 2225586189468649472 345.1988238  69.7165658 19.344  0.952       1.888  47.2634  74.2783    -4.55      nan      nan   14.465  nan      nan    nan   1.000     nan                                None     129.156      16.318     134.862       0.244      15.548       0.248
Gaia DR3 4524129953304876544 278.9872543  18.4140656 18.470  2.114       1.452  39.6616  74.2859   -40.03      nan      nan    8.724  nan      nan    nan   2.613     nan                                None      20.319      19.851      17.678       0.459      20.253       0.512
Gaia DR3 4497667525928684928 275.0462110  14.7796390  9.914  0.862       0.803  40.9371  74.3343   -41.28      nan      nan    9.084  nan      nan    nan   1.109     nan                                None      15.656      16.089      14.461       0.014      17.055       0.015
Gaia DR3 1626024040730903168 238.4633524  58.8651491 18.127  3.069       0.478  11.1896  74.3483   -22.04      nan      nan    5.851  nan      nan    nan   0.905     nan                                None     -22.836      39.279     -22.983       0.138      39.849       0.141
Gaia DR3 2117965338504892288 278.6475674  44.4365293 16.656  2.774       2.117  21.5652  74.4292   -31.29      nan      nan    6.308  nan      nan    nan   0.912     nan                                None      14.365      36.330      14.422       0.047      39.145       0.050
Gaia DR3 2246255491942875008 306.2181750  65.7304565 18.559  3.408       2.153  33.9980  74.4327   -15.25      nan      nan    7.562  nan      nan    nan   0.982     nan                                None      45.873      44.593      48.444       0.178      46.866       0.167
Gaia DR3 2078580385329835008 298.3596014  43.1737413 13.705  1.749       2.819  34.9598  74.4827   -27.46      nan      nan    7.712  nan      nan    nan   1.076     nan                                None      39.279      36.525      42.890       0.014      39.345       0.015
 Gaia DR3 857790632134910208 168.6153052  59.4132235 15.874  2.870       1.340  44.4794  74.4917    -0.01      nan      nan   10.510  nan      nan    nan   1.121     nan                                None     -94.553     -10.467     -97.229       0.032     -11.751       0.039
Gaia DR3 4444921857189512192 256.1609118  11.0389933 17.166  3.290       2.373  38.6596  74.6093   -42.11      nan      nan    8.427  nan      nan    nan   1.708     nan                                None     -10.455      10.236      -7.787       0.170      13.501       0.162
Gaia DR3 1521891257264941568 191.6141044  40.2454886 10.681  0.971       0.656  39.8869  74.6377   -11.42      nan      nan    8.730  nan      nan    nan   0.999     nan                                None     -75.216      11.990     -76.388       0.011      11.704       0.010
Gaia DR3 1615754194106273920 226.9317124  59.8428429 12.416  1.132       2.126  16.0602  74.6959   -19.25      nan      nan    6.008  nan      nan    nan   1.189     nan                                None     -32.766      35.898     -30.971       0.014      37.905       0.016
Gaia DR3 4528700313906735232 275.3984325  20.7670160 17.929  0.226       1.618  35.8796  74.7118   -40.13      nan      nan    7.848  nan      nan    nan   1.075     nan                                None      13.953      20.921      14.958       0.060      18.440       0.113
Gaia DR3 1311120169621017856 251.9101106  28.8960128 15.622  2.338       1.528  20.4108  74.7193   -37.83      nan      nan    6.225  nan      nan    nan   1.008     nan                                None     -11.831      23.801     -13.608       0.023      22.872       0.030
Gaia DR3 1717552478164568320 181.3214876  79.4842186 15.090  2.545       2.891  37.7625  74.7270    -3.36      nan      nan    8.212  nan      nan    nan   2.574     nan                                None     -73.618       8.471     -70.178       0.075       4.836       0.074
Gaia DR3 1488616118398570752 223.2433109  39.9142656 15.920  2.591       1.930  19.5523  74.7704   -26.42      nan      nan    6.174  nan      nan    nan   1.043     nan                                None     -36.463      24.688     -38.839       0.027      23.873       0.031
Gaia DR3 2055661546498684416 303.4309546  34.2324783 15.657  0.029       1.449  43.1357  74.7969   -28.73      nan      nan   22.089  nan      nan    nan   1.114     nan                                None     126.645      77.508     129.683       0.029      83.533       0.032
Gaia DR3 1329300388227708800 246.8253728  35.6438286 16.086  4.036       1.302  13.4172  74.7983   -34.66      nan      nan   36.569  nan      nan    nan   0.976     nan                                None     -97.867     168.821    -105.334       0.040     162.119       0.052
 Gaia DR3 843799140513262848 167.0353984  55.0226971 15.853  3.142       2.857  47.1568  74.8138     1.02      nan      nan   17.003  nan      nan    nan   1.077     nan                                None    -152.504     -20.338    -142.286       0.032     -21.027       0.035
Gaia DR3 4479755347651868160 278.9429374   9.5522351 15.319  2.947       2.772  47.3316  74.8298   -41.23      nan      nan   12.999  nan      nan    nan   1.196     nan                                None      30.188      12.318      34.116       0.039      18.819       0.041
 Gaia DR3 570976667477742208  59.4936547  83.5439425 15.726  2.693       0.968  47.3510  74.8560     1.98      nan      nan   16.639  nan      nan    nan   1.048     nan                                None      62.494    -136.849      60.815       0.038    -133.897       0.034
Gaia DR3 1374692179592617088 234.8597380  36.5951384 13.287  1.462       0.240  15.5523  74.8885   -31.46      nan      nan    5.980  nan      nan    nan   2.430     nan                                None     -26.356      25.681     -26.297       0.022      25.978       0.029
Gaia DR3 2172251938429944320 319.4939507  51.4879567 10.206  0.949       2.856  44.0896  74.9004   -17.02      nan      nan   10.172  nan      nan    nan   0.898     nan                                None      75.704      37.578      69.836       0.014      39.332       0.014
Gaia DR3 4525973284554572544 277.7097417  21.2374427  9.204  0.963       2.486  36.6374  74.9072   -39.67      nan      nan    7.967  nan      nan    nan   0.973     nan                                None      17.000      21.563      16.238       0.008      17.459       0.012
Gaia DR3 1718790322099256320 202.1236319  80.7592320  9.498  0.691       2.122  34.9992  74.9362    -5.62      nan      nan    7.675  nan      nan    nan   0.980     nan                                None     -61.202      31.590     -57.778       0.015      31.845       0.014
Gaia DR3 2095547980040679296 277.7245977  35.8227323 15.703    nan       1.812  25.5759  74.9597   -35.16      nan      nan    6.572  nan      nan    nan   1.941     nan                                None      14.039      31.065      14.741       0.081      28.655       0.104
Gaia DR3 1320567993864001024 240.4684676  30.4602808 12.259  2.543       1.618  19.3711  74.9787   -35.06      nan      nan   35.279  nan      nan    nan   1.419     nan                                None    -127.549     132.648    -139.391       0.015     130.511       0.019
Gaia DR3 1489655741002954112 220.3478013  40.9241910 16.738  2.747       0.109  20.8153  74.9867   -24.98      nan      nan    6.237  nan      nan    nan   1.012     nan                                None     -38.941      24.292     -39.047       0.043      24.388       0.054
Gaia DR3 1311120169621017728 251.9127946  28.8969254 13.610  1.647       0.906  20.4102  74.9891   -37.83      nan      nan    6.213  nan      nan    nan   1.063     nan                                None     -11.806      23.757     -12.781       0.010      23.082       0.013
Gaia DR3 1174757397513295744 220.7175061   9.9233493 15.769  2.627       1.599  45.1158  75.0034   -31.11      nan      nan   10.692  nan      nan    nan   1.027     nan                                None     -66.304       6.753     -69.520       0.047       5.128       0.037
Gaia DR3 1275562474678738560 229.2362533  30.6943029 18.108  3.102       2.046  23.0406  75.0506   -31.47      nan      nan    6.376  nan      nan    nan   0.970     nan                                None     -32.899      21.359     -33.304       0.075      18.639       0.099
Gaia DR3 1254110521784729984 213.0936715  23.9032273 18.139  4.337       1.992  36.9250  75.0519   -25.65      nan      nan   27.189  nan      nan    nan   1.040     nan                                None    -190.834      50.065    -180.127       0.176      54.026       0.150
Gaia DR3 1551062778220116992 200.3113995  46.3902768 14.530 -0.117       1.741  31.4492  75.0637   -14.82      nan      nan   30.413  nan      nan    nan   1.115     nan                                None    -246.470      77.372    -237.406       0.018      83.887       0.023
Gaia DR3 1464667655635276672 195.6826468  30.3759886 11.270  1.376       1.899  43.0998  75.0685   -14.84      nan      nan    9.692  nan      nan    nan   5.941     nan                                None     -81.416      12.072     -78.045       0.115      13.991       0.133
Gaia DR3 1251670396244109056 208.3853116  23.3453314 11.916  1.342       2.638  40.0851  75.0873   -23.14      nan      nan    8.714  nan      nan    nan   1.358     nan                                None     -65.027      13.530     -60.455       0.017      15.138       0.014
Gaia DR3 2068160687284229888 307.6224768  42.2066551 17.531  3.294       2.228  41.3700  75.0879   -24.61      nan      nan    9.082  nan      nan    nan   0.966     nan                                None      56.567      36.524      57.782       0.092      32.435       0.100
Gaia DR3 4444513830999318656 255.6659395   9.9375344 16.500  2.652       2.647  39.6764  75.1054   -42.16      nan      nan    8.606  nan      nan    nan   7.139     nan                                None     -11.341       8.965      -6.817       0.555       7.357       0.496
Gaia DR3 1320567792002123648 240.4347779  30.4619293 14.079  3.145       0.523  19.3767  75.1509   -35.06      nan      nan   35.518  nan      nan    nan   3.174     nan                                None    -128.588     133.518    -128.635       0.116     137.437       0.146
Gaia DR3 1320119259977124992 240.4178716  28.7504296 16.138  2.535       2.908  21.0420  75.1525   -35.57      nan      nan    6.243  nan      nan    nan   1.040     nan                                None     -22.616      22.075     -18.791       0.033      22.156       0.041
Gaia DR3 1297575693899664896 247.7847702  21.6751578 20.278  0.682       0.814  27.3718  75.1565   -39.11      nan      nan    6.718  nan      nan    nan   1.061     nan                                None     -17.005      18.349     -18.104       0.499      18.000       0.502
Gaia DR3 1625722572682911744 250.1718784  62.8121425 11.775  1.184       1.503  13.8341  75.1684   -21.15      nan      nan    5.904  nan      nan    nan   1.637     nan                                None     -12.799      44.703     -13.991       0.026      43.261       0.026
Gaia DR3 2260733036424029184 272.1907762  71.8413330 17.698  3.075       2.882  25.3816  75.2115   -15.51      nan      nan    6.543  nan      nan    nan   1.002     nan                                None       8.371      54.582       4.739       0.104      56.197       0.117
 Gaia DR3 565874486849999872  24.0756290  80.7277357 17.230  3.304       2.674  48.0188  75.2215     1.07      nan      nan   15.386  nan      nan    nan   1.142     nan                                None     120.381     -69.921     113.773       0.084     -75.538       0.084
Gaia DR3 1059924128230565888 161.0179070  67.0125651 13.661  2.547       1.195  44.7461  75.2650     1.55      nan      nan   21.098  nan      nan    nan   1.207     nan                                None    -185.750     -43.776    -188.895       0.014     -39.493       0.015
Gaia DR3 1427733234694862720 242.0694433  52.0795479 18.983  3.206       0.860   4.6710  75.2742   -26.32      nan      nan    5.694  nan      nan    nan   1.028     nan                                None     -19.262      35.862     -18.399       0.232      36.429       0.269
Gaia DR3 4580262354065113472 266.7331808  22.8004534 10.948  2.010       1.651  30.2592  75.2985   -40.38      nan      nan   31.333  nan      nan    nan   1.220     nan                                None      13.247      94.913       2.467       0.010      93.274       0.017
Gaia DR3 1497079295619655040 209.0195521  40.1772309 12.219  1.226       1.725  28.5536  75.3262   -20.31      nan      nan    6.821  nan      nan    nan   1.110     nan                                None     -50.515      20.141     -48.352       0.008      18.928       0.011
Gaia DR3 2142014127410150912 290.5009881  57.0834453 20.263  2.729       2.699  26.4664  75.3416   -22.87      nan      nan    6.627  nan      nan    nan   1.104     nan                                None      26.673      43.177      26.102       0.595      39.450       0.665
Gaia DR3 1837448826710642432 303.8397037  29.7333108 17.484  3.431       1.682  46.2578  75.3733   -29.78      nan      nan   11.306  nan      nan    nan   0.918     nan                                None      65.384      33.943      66.792       0.062      30.190       0.086
Gaia DR3 4322486701963225472 291.9938048  16.7067759 14.208  2.592       2.414  48.2254  75.4287   -36.94      nan      nan   14.572  nan      nan    nan   1.181     nan                                None      61.706      26.343      55.755       0.018      21.916       0.017
Gaia DR3 4322486324006100736 291.9926323  16.7028750  8.433  0.707       2.879  48.2278  75.4295   -36.94      nan      nan   14.600  nan      nan    nan   0.899     nan                                None      61.820      26.385      54.585       0.013      21.272       0.015
Gaia DR3 1159360936189658496 222.9528468   6.0488505 14.367  2.636       2.894  47.8034  75.4740   -32.36      nan      nan   12.978  nan      nan    nan   1.252     nan                                None     -77.096       2.748     -81.808       0.027       9.110       0.024
Gaia DR3 1326821161304316928 249.8034539  34.8605769 19.575  2.876       0.771  14.2734  75.5153   -35.45      nan      nan    5.907  nan      nan    nan   0.963     nan                                None     -13.138      27.108     -14.001       0.232      27.529       0.319
Gaia DR3 2269520784326115968 275.3879146  77.1753763 16.648  2.877       2.732  30.0952  75.5317   -11.67      nan      nan    6.970  nan      nan    nan   1.064     nan                                None      12.381      59.429      13.015       0.065      55.466       0.068
Gaia DR3 2292696737091261184 282.1455515  76.8344774 20.266  2.247       2.635  30.8562  75.5634   -11.62      nan      nan    7.054  nan      nan    nan   1.104     nan                                None      19.798      58.183      23.357       0.537      56.545       0.533
Gaia DR3 1596519234611103744 232.4484476  54.1001511 16.207  2.751       2.360  10.6931  75.5887   -23.35      nan      nan    5.794  nan      nan    nan   1.015     nan                                None     -27.438      34.395     -25.021       0.037      35.966       0.049
Gaia DR3 1550454473411684096 199.5034196  44.1402160 11.427  0.977       1.872  32.8910  75.6185   -14.89      nan      nan    7.305  nan      nan    nan   1.224     nan                                None     -59.603      17.089     -57.393       0.013      15.237       0.019
Gaia DR3 4385911549163997184 251.7322215   3.1412848 17.137  0.050       1.112  46.0367  75.6233   -41.92      nan      nan   11.024  nan      nan    nan   0.977     nan                                None     -21.256      -0.266     -23.496       0.087       1.024       0.072
Gaia DR3 2074971100978405248 301.7833539  42.5294717 13.293  2.776       2.895  37.4732  75.6576   -26.60      nan      nan   27.603  nan      nan    nan   1.092     nan                                None     152.650     123.007     159.023       0.012     138.597       0.013
Gaia DR3 4389918959810711168 260.5135573   3.9006704 14.866  3.032       0.423  46.4543  75.6590   -42.82      nan      nan   19.637  nan      nan    nan   1.055     nan                                None     -10.951       2.082     -10.276       0.025       3.696       0.019
Gaia DR3 2085713226496180992 298.8853297  47.6331345 15.989  2.940       1.984  33.4194  75.6654   -25.48      nan      nan    7.373  nan      nan    nan   1.258     nan                                None      38.060      37.881      35.016       0.047      38.380       0.044
Gaia DR3 4438921439982132736 249.0926820   6.6679752  8.515  0.587       2.890  42.3960  75.6746   -41.39      nan      nan    9.302  nan      nan    nan   0.934     nan                                None     -21.698       4.730     -26.682       0.025       7.428       0.017
Gaia DR3 4321198314875135872 289.8212196  16.8237056 11.894  1.529       2.080  46.8667  75.7020   -37.63      nan      nan   11.627  nan      nan    nan   0.883     nan                                None      45.680      21.725      44.997       0.011      16.672       0.012
Gaia DR3 2244255106633765376 301.7719113  63.3928964 12.872  1.586       2.963  32.0727  75.7065   -17.33      nan      nan    7.191  nan      nan    nan   1.186     nan                                None      39.758      44.322      43.880       0.018      46.106       0.016
Gaia DR3 4412419881156230016 240.3298744   1.3918368 12.423  2.125       2.884  48.0695  75.7252   -39.27      nan      nan   16.957  nan      nan    nan   6.228     nan                                None     -61.648      -5.216     -68.687       0.081     -12.747       0.069
Gaia DR3 1247481909777914368 210.8627506  21.6682854 20.209  3.050       1.157  39.9521  75.7283   -24.74      nan      nan    8.585  nan      nan    nan   1.090     nan                                None     -62.114      13.105     -62.626       0.626      11.076       0.522
Gaia DR3 2107154420489247616 284.4874929  45.6352556 20.122  2.565       1.437  24.9326  75.7676   -29.79      nan      nan    6.479  nan      nan    nan   1.129     nan                                None      20.444      36.919      19.653       0.527      38.716       0.541
Gaia DR3 4495443209598540160 270.6018787  11.6084041 19.161  3.712       2.857  41.9907  75.7794   -42.17      nan      nan    9.149  nan      nan    nan   1.072     nan                                None       9.432      11.969      12.891       0.211      16.257       0.214
Gaia DR3 2198749447103859072 333.6471079  57.7238047 13.936  2.469       2.817  48.4645  75.8022   -10.01      nan      nan   14.082  nan      nan    nan   1.055     nan                                None     119.271      33.686     110.952       0.017      32.817       0.014
Gaia DR3 2198755043438851712 333.7003657  57.7108856  8.475  0.761       2.881  48.4956  75.8320   -10.00      nan      nan   14.115  nan      nan    nan   0.992     nan                                None     119.595      33.665     113.550       0.018      27.585       0.015
Gaia DR3 2149755067225515264 270.1439523  54.8275789 18.877  3.124       2.511  14.9319  75.8920   -26.51      nan      nan    5.917  nan      nan    nan   1.023     nan                                None       5.675      41.731       3.016       0.193      40.075       0.239
Gaia DR3 1305506299471063552 247.2714678  27.6834578 18.029  3.091       2.867  21.3655  75.9296   -37.44      nan      nan    6.228  nan      nan    nan   1.034     nan                                None     -16.248      22.228     -19.938       0.093      22.965       0.108
Gaia DR3 1318935326472024576 243.0807057  30.6909385 10.026  0.747       2.395  18.6814  75.9824   -35.63      nan      nan    6.078  nan      nan    nan   0.953     nan                                None     -19.657      23.518     -18.969       0.010      26.508       0.013
Gaia DR3 4538612136352211840 279.9481126  26.8208847 17.748  3.253       2.307  33.3538  75.9858   -37.86      nan      nan    7.339  nan      nan    nan   0.953     nan                                None      18.165      25.447      15.282       0.073      27.552       0.090
Gaia DR3 1490622143003874304 221.7317998  43.9263952 15.267  2.454       2.129  18.4741  75.9999   -24.49      nan      nan    6.067  nan      nan    nan   1.066     nan                                None     -36.912      25.899     -36.916       0.021      28.622       0.025
Gaia DR3 2146914925611533184 281.3849835  54.6639734 18.020  3.238       2.624  21.3415  76.0056   -25.62      nan      nan    6.223  nan      nan    nan   0.957     nan                                None      16.754      41.962      19.889       0.115      43.383       0.145
Gaia DR3 1237759757382227200 220.0674631  19.7747534 16.987  2.864       1.526  36.6668  76.0289   -29.82      nan      nan    7.855  nan      nan    nan   1.025     nan                                None     -49.296      13.520     -51.425       0.080      12.158       0.070
Gaia DR3 2123876484813660544 274.7627167  49.9684614  8.565  0.598       1.426  17.5222  76.0675   -28.92      nan      nan    6.019  nan      nan    nan   0.876     nan                                None      10.109      38.952       9.899       0.013      40.749       0.014
Gaia DR3 4428812190775468416 233.1564912   5.3834800 13.723  2.206       2.880  45.3645  76.0914   -36.82      nan      nan   10.441  nan      nan    nan   1.141     nan                                None     -48.446       2.308     -52.941       0.020       6.778       0.014
Gaia DR3 4311626619496795776 282.6510170  10.5996660 14.020  2.655       2.806  48.1816  76.0928   -40.35      nan      nan   17.561  nan      nan    nan   1.039     nan                                None      50.617      18.886      44.904       0.018      10.210       0.020
Gaia DR3 4471451045548313344 271.1969136   5.2822020 12.913  2.065       2.485  48.0932  76.1051   -42.55      nan      nan   12.684  nan      nan    nan   1.143     nan                                None      14.258       4.045       7.665       0.020       4.869       0.019
Gaia DR3 4520971640523800960 285.6171367  22.7847341 16.276  2.664       1.220  39.7359  76.1299   -37.67      nan      nan    8.476  nan      nan    nan   1.038     nan                                None      28.155      23.612      28.244       0.024      21.434       0.040
Gaia DR3 1190297551263466624 235.2923311  11.9410864 14.607  2.477       2.111  38.4984  76.1344   -37.24      nan      nan    8.199  nan      nan    nan   1.117     nan                                None     -35.649       9.358     -38.893       0.028      11.028       0.023
Gaia DR3 2211418604187429760 342.6400099  64.4937399 10.914  1.402       1.123  48.9155  76.2337    -5.83      nan      nan   14.781  nan      nan    nan   0.950     nan                                None     130.933      20.615     133.598       0.014      22.882       0.013
Gaia DR3 4478674493349134592 274.9008886   8.6963754 11.152  1.795       0.206  46.3481  76.2388   -41.95      nan      nan   20.663  nan      nan    nan   1.053     nan                                None      35.147      17.337      35.805       0.017      16.730       0.017
Gaia DR3 2072801450994941440 296.5276509  37.5177256 18.331  3.411       1.457  36.6813  76.2509   -30.13      nan      nan    7.835  nan      nan    nan   0.984     nan                                None      38.019      33.216      39.877       0.129      31.686       0.138
Gaia DR3 1356638714059870592 252.7187751  42.9758035  9.378  0.674       2.753   7.0081  76.2614   -32.38      nan      nan    5.694  nan      nan    nan   3.070     nan                                None     -10.111      32.272     -12.353       0.068      29.845       0.071
Gaia DR3 4524506364245112960 279.5162521  18.7401922 13.889  2.100       2.659  39.6564  76.2687   -39.87      nan      nan    8.439  nan      nan    nan   1.032     nan                                None      20.334      19.548      15.970       0.015      21.374       0.018
Gaia DR3 2225427413114055168 342.5934054  68.7484835 16.492  3.092       2.616  46.8834  76.2743    -5.33      nan      nan   11.323  nan      nan    nan   3.432     nan                                None     100.287      16.857      94.110       0.161      15.946       0.164
Gaia DR3 2274724910299505408 305.9198150  71.2191683 14.491  2.192       2.237  34.3033  76.2807   -12.55      nan      nan    7.449  nan      nan    nan   1.414     nan                                None      44.930      46.242      41.915       0.088      44.438       0.077
Gaia DR3 4469800197557223936 270.2670379   4.5048496 14.014  2.525       2.078  48.5045  76.3008   -42.64      nan      nan   17.296  nan      nan    nan   1.192     nan                                None      16.922       3.432      17.291       0.022      -4.134       0.019
Gaia DR3 1599754650653918336 229.7497767  54.7799433 15.031  1.817       2.040  12.4018  76.3120   -22.38      nan      nan    5.817  nan      nan    nan   1.755     nan                                None     -29.622      33.766     -31.952       0.100      32.854       0.103
Gaia DR3 2056131381550027648 306.9620907  34.3039185 15.415  2.751       0.984  45.4036  76.3203   -27.28      nan      nan   10.386  nan      nan    nan   1.022     nan                                None      63.900      34.376      66.053       0.022      34.324       0.028
Gaia DR3 4388002236163835136 256.1473279   2.3204833 14.948  2.637       2.446  47.2872  76.3313   -42.49      nan      nan   11.619  nan      nan    nan   1.065     nan                                None     -14.439      -1.695     -11.147       0.027       3.309       0.018
Gaia DR3 2279923435636109824 340.1028795  76.3914017 16.691  3.037       2.647  43.3238  76.3590    -4.77      nan      nan    9.483  nan      nan    nan   1.072     nan                                None      83.172      18.943      79.995       0.053      14.710       0.052
Gaia DR3 1473207596806973952 199.8268405  35.1041685 15.762  2.688       2.009  37.4176  76.4496   -16.63      nan      nan    7.949  nan      nan    nan   1.036     nan                                None     -64.687      14.654     -67.094       0.028      17.007       0.032
Gaia DR3 3745474986945908864 204.6475738  16.7636072 15.255  2.883       1.704  47.4157  76.4877   -21.57      nan      nan   11.637  nan      nan    nan  14.613     nan                                None     -90.523       9.770     -90.275       0.533       5.598       0.437
Gaia DR3 2127546276673425536 291.0430959  46.0045352 16.190  2.675       2.554  29.0450  76.4997   -28.25      nan      nan    6.799  nan      nan    nan   1.159     nan                                None      27.887      36.985      24.234       0.046      37.225       0.048
Gaia DR3 3741010664794268928 207.6382876  14.6472744 19.126  3.879       0.513  47.4251  76.5434   -23.54      nan      nan   19.715  nan      nan    nan   1.163     nan                                None    -148.415      15.218    -149.135       0.409      17.223       0.248
Gaia DR3 2257908429708748672 271.8942197  67.2235174 16.415  2.631       1.237  21.9132  76.5499   -18.65      nan      nan    6.234  nan      nan    nan   0.984     nan                                None       7.687      50.226       7.707       0.045      48.601       0.043
Gaia DR3 4033234703402044288 180.7860551  37.5730550 20.389  2.833       2.234  48.3559  76.5672    -5.45      nan      nan   12.578  nan      nan    nan   1.183     nan                                None    -112.877       3.056    -116.897       0.666       7.408       0.603
Gaia DR3 4554194857514403840 262.6204384  19.8108228 20.526  2.544       1.571  31.5993  76.5689   -41.11      nan      nan    7.072  nan      nan    nan   1.117     nan                                None      -1.596      18.268      -2.670       0.820      20.349       0.798
Gaia DR3 1053150621207820160 153.3215648  63.8483656 16.235  3.175       2.574  49.0012  76.5732     4.52      nan      nan   16.620  nan      nan    nan   1.065     nan                                None    -140.470     -51.448    -137.670       0.037     -60.022       0.042
Gaia DR3 2256313141415064448 279.9563305  63.7511305 16.377  2.544       2.161  22.7173  76.6130   -20.38      nan      nan    6.282  nan      nan    nan   1.016     nan                                None      15.556      47.550      12.840       0.051      46.646       0.056
Gaia DR3 1334865944288923008 258.6587424  33.6938785 16.483  2.607       2.840  17.3869  76.6167   -36.82      nan      nan    5.991  nan      nan    nan   1.103     nan                                None      -5.088      27.366      -8.223       0.042      25.623       0.045
Gaia DR3 4543926866314113920 260.3841516  15.5827155 15.880    nan       2.713  35.0408  76.7104   -41.83      nan      nan    7.523  nan      nan    nan   0.872     nan                                None      -4.349      14.538      -0.102       0.062      13.848       0.054
Gaia DR3 1426839129879041408 248.9237209  54.2249350 14.182  1.853       1.089   5.2363  76.7393   -26.13      nan      nan    5.653  nan      nan    nan   1.180     nan                                None     -13.333      38.331     -13.843       0.018      39.524       0.023
Gaia DR3 1202625133899529216 239.4703567  17.8952677 18.006  3.325       2.899  31.8502  76.7726   -37.81      nan      nan    7.088  nan      nan    nan   0.944     nan                                None     -26.643      14.466     -22.828       0.156      16.516       0.145
Gaia DR3 2064272612307218176 307.4849245  39.2260160 13.374 -0.350       1.650  42.8724  76.7740   -25.62      nan      nan   24.968  nan      nan    nan   1.126     nan                                None     155.122      93.774     146.837       0.025      91.165       0.026
Gaia DR3 1408083243920469248 255.7587913  47.4958023 17.724  2.837       2.857   5.6017  76.8322   -30.42      nan      nan    5.655  nan      nan    nan   1.036     nan                                None      -7.371      35.336      -7.724       0.118      38.723       0.123
Gaia DR3 4421365129800725248 231.7126006   3.0160029 16.477  3.098       0.355  48.0055  76.8336   -36.27      nan      nan   11.960  nan      nan    nan   1.096     nan                                None     -57.814      -1.271     -58.697       0.069      -1.121       0.074
Gaia DR3 1505681707093180928 210.4679182  44.7226984 17.277  3.017       2.576  25.5245  76.8451   -19.77      nan      nan    6.470  nan      nan    nan   0.987     nan                                None     -47.053      22.086     -50.361       0.052      20.901       0.064
Gaia DR3 4439653581588763904 246.2367041   7.1202216 11.298  1.223       2.725  41.9439  76.8459   -40.77      nan      nan    8.947  nan      nan    nan   1.270     nan                                None     -24.735       5.025     -19.597       0.021       5.160       0.019
Gaia DR3 2304252879178785024 328.7582619  86.4800626 15.429  2.496       2.702  40.5312  76.8465    -3.53      nan      nan    8.570  nan      nan    nan   1.063     nan                                None      70.018      32.757      65.136       0.031      32.738       0.027
Gaia DR3 1306598153174358400 253.1186973  26.9759468 16.630  3.086       0.195  22.4703  76.8508   -38.58      nan      nan    6.255  nan      nan    nan   1.086     nan                                None     -10.720      22.339     -10.931       0.052      22.191       0.054
Gaia DR3 2150478374077779712 277.5267374  54.6221454 16.451  2.649       2.773  19.1099  76.8511   -26.09      nan      nan    6.064  nan      nan    nan   1.134     nan                                None      12.769      41.664       9.558       0.052      43.165       0.057
Gaia DR3 4376094319077976960 265.2151617   1.9270457 15.159  2.685       2.949  49.4596  76.8521   -42.89      nan      nan   15.240  nan      nan    nan   0.997     nan                                None       2.796      -3.118      -6.673       0.027      -2.779       0.024
Gaia DR3 2229969014614648576 339.9399339  71.8901942 16.695  3.259       1.084  44.7853  76.8699    -5.54      nan      nan    9.935  nan      nan    nan   3.049     nan                                None      87.073      19.235      88.871       0.410      17.848       0.432
Gaia DR3 1517265783646271744 194.2028444  36.6965345 16.227  2.538       1.953  40.1654  76.8924   -13.27      nan      nan    8.475  nan      nan    nan   1.102     nan                                None     -71.897      12.309     -72.512       0.034      15.744       0.033
Gaia DR3 4407624979666369664 245.3816142  -0.3515996 15.888  3.044       2.440  49.4377  76.8931   -40.57      nan      nan   15.982  nan      nan    nan   1.050     nan                                None     -46.235      -8.970     -40.195       0.048     -14.548       0.036
 Gaia DR3 854075897741129728 160.6821723  56.5491300 10.568  1.264       0.331  49.5225  76.9271     3.45      nan      nan   15.395  nan      nan    nan   1.102     nan                                None    -135.350     -31.157    -134.586       0.011     -31.915       0.011
Gaia DR3 4432332930088477952 249.3657895   2.4612015 16.058  2.783       2.203  46.6083  76.9286   -41.50      nan      nan   10.843  nan      nan    nan   0.999     nan                                None     -24.841      -1.441     -29.767       0.056      -0.390       0.041
Gaia DR3 3961241091492230912 190.8916258  25.8974216 14.659  2.619       1.930  49.2372  76.9418   -12.22      nan      nan   13.640  nan      nan    nan   1.240     nan                                None    -117.978       9.354    -112.487       0.027      10.148       0.027
 Gaia DR3 786679270938798976 178.9617601  48.2356131 14.522  2.622       2.935  43.7903  76.9522    -4.24      nan      nan    9.524  nan      nan    nan   1.162     nan                                None     -85.747       2.267     -84.497       0.010      -3.491       0.024
Gaia DR3 1349234907701058688 265.0716946  43.7174190 17.302  3.002       1.495  13.0969  76.9591   -32.62      nan      nan    5.815  nan      nan    nan   1.011     nan                                None       0.936      34.174      -0.146       0.070      32.694       0.078
Gaia DR3 1522788974149758080 198.4974509  37.4187629 15.373  2.844       1.949  36.9396  76.9659   -15.55      nan      nan    7.809  nan      nan    nan   1.399     nan                                None     -64.245      14.590     -66.578       0.026      12.388       0.032
Gaia DR3 4536541412350601344 276.5125255  24.1840039 12.690  1.451       2.857  33.5784  76.9738   -39.15      nan      nan    7.292  nan      nan    nan   9.782     nan                                None      14.219      22.976      10.467       0.114      25.259       0.151
Gaia DR3 2148692634051091584 274.9937430  53.4520376 16.784  2.714       2.095  17.5436  77.0052   -26.98      nan      nan    5.983  nan      nan    nan   0.974     nan                                None      10.263      40.834      10.583       0.057      38.211       0.053
Gaia DR3 4555160366163051904 261.4069149  20.7905724 14.677  3.197       2.520  30.3103  77.0061   -40.86      nan      nan   33.738  nan      nan    nan   4.971     nan                                None     -14.068      92.057      -2.751       0.063      78.162       0.079
Gaia DR3 4381580744661063552 256.6503630   0.6622451 16.821  3.558       2.938  48.9978  77.0240   -42.51      nan      nan   17.871  nan      nan    nan   1.013     nan                                None     -20.804      -7.240     -18.111       0.069     -17.978       0.049
Gaia DR3 2106146237045724928 287.7446371  44.5147040 19.429  3.178       2.376  27.4864  77.0457   -29.66      nan      nan    6.622  nan      nan    nan   1.125     nan                                None      24.047      36.016      20.751       0.304      35.647       0.304
Gaia DR3 1121338587151187840 143.3082961  74.6129484 14.737  2.837       1.840  46.7609  77.0559     3.49      nan      nan   21.417  nan      nan    nan   0.988     nan                                None    -166.341     -98.281    -159.684       0.021     -93.307       0.024
Gaia DR3 1356221857417697664 251.3182237  40.8086044 19.311  3.509       2.927   8.6315  77.0736   -33.20      nan      nan    5.696  nan      nan    nan   1.805     nan                                None     -11.347      30.622     -14.282       0.548      32.554       0.652
Gaia DR3 1402524147489214080 235.2484774  49.4606803 18.911  3.311       2.950   8.1071  77.0762   -26.23      nan      nan    5.686  nan      nan    nan   1.031     nan                                None     -24.758      32.339     -27.122       0.200      29.709       0.221
Gaia DR3 4510939077957570176 282.5353633  16.0296081 16.624  2.885       0.028  43.4971  77.1060   -39.72      nan      nan    9.387  nan      nan    nan   0.965     nan                                None      26.895      17.627      26.949       0.046      17.640       0.056
Gaia DR3 4473960131080452992 268.1271738   5.9613874 13.505  2.115       0.423  46.4323  77.1232   -42.75      nan      nan   10.665  nan      nan    nan   1.073     nan                                None       6.850       4.588       5.903       0.015       4.678       0.013
Gaia DR3 4548732724265110016 263.9818197  15.1341481 12.521  1.495       2.910  36.4465  77.1540   -41.98      nan      nan    7.707  nan      nan    nan   1.031     nan                                None      -0.085      14.398      -4.736       0.011      13.547       0.011
Gaia DR3 1352496712022830720 251.2405856  38.1923830 18.760  3.132       2.784  11.1551  77.2916   -34.32      nan      nan    5.747  nan      nan    nan   0.977     nan                                None     -11.517      29.016     -13.376       0.155      26.202       0.216
Gaia DR3 2032659694543099264 292.9139625  30.3561134 12.203  1.386       1.918  38.7504  77.2997   -33.59      nan      nan    8.115  nan      nan    nan   0.938     nan                                None      35.397      28.893      33.670       0.009      26.104       0.010
Gaia DR3 4539722436931525632 258.1293975  10.2137400 13.372  1.999       0.074  39.8028  77.3243   -42.36      nan      nan    8.335  nan      nan    nan   1.332     nan                                None      -7.771       9.112      -7.643       0.017       9.135       0.013
Gaia DR3 4600029825080608000 262.1133304  31.1105483 17.596  2.969       2.912  20.9878  77.3752   -37.90      nan      nan    6.143  nan      nan    nan   0.958     nan                                None      -1.878      25.990      -4.677       0.077      23.464       0.081
Gaia DR3 1357790585633205760 250.9960857  44.3169412 20.204  0.537       2.328   5.2511  77.4019   -31.54      nan      nan    5.632  nan      nan    nan   0.938     nan                                None     -11.497      32.589     -14.104       0.461      31.669       0.522
Gaia DR3 1422552786877428224 265.3570909  58.5102819 13.486  1.673       2.678  14.0223  77.4400   -24.43      nan      nan    5.828  nan      nan    nan  18.328     nan                                None       1.200      43.353       3.151       0.354      40.703       0.255
Gaia DR3 1863610846901349120 308.6881916  32.8439477 18.919  3.605       2.041  47.4369  77.4546   -26.92      nan      nan   11.155  nan      nan    nan   0.977     nan                                None      70.825      34.135      66.033       0.161      33.862       0.189
Gaia DR3 1613610249511696640 224.2391870  57.3938783 17.001  3.101       2.689  16.2007  77.4681   -19.76      nan      nan    5.908  nan      nan    nan   1.477     nan                                None     -34.185      32.928     -30.838       0.103      33.066       0.096
Gaia DR3 4527510951558886016 272.0006197  19.7949456 12.414  1.583       2.493  35.1455  77.4721   -40.74      nan      nan    7.473  nan      nan    nan   1.365     nan                                None       9.340      19.074       5.749       0.013      20.668       0.014
Gaia DR3 2155975764714313216 285.2900674  60.6958343 16.909  2.773       2.986  24.1203  77.4898   -21.65      nan      nan    6.335  nan      nan    nan   0.946     nan                                None      20.739      44.956      21.031       0.057      48.933       0.056
Gaia DR3 4380281980909458816 255.9539227  -0.4568174 13.753  2.563       2.945  50.0173  77.5041   -42.39      nan      nan   15.771  nan      nan    nan   1.152     nan                                None     -20.076      -9.148     -14.445       0.017     -17.156       0.011
Gaia DR3 1124625061766206592 137.5199936  75.7754113 11.858  2.102       2.888  47.4202  77.5466     3.93      nan      nan   21.377  nan      nan    nan   1.086     nan                                None    -155.228    -114.142    -153.797       0.013    -127.079       0.014
 Gaia DR3 842908707893640448 171.1654053  54.1129105 14.207  2.270       0.579  45.4475  77.5844    -0.69      nan      nan   10.031  nan      nan    nan   1.113     nan                                None     -90.536      -6.690     -90.637       0.012      -7.910       0.016
Gaia DR3 1445934039080661632 200.2360665  23.8089595 10.054  0.912       0.794  44.7210  77.6112   -18.27      nan      nan    9.724  nan      nan    nan   1.054     nan                                None     -78.857      11.127     -77.409       0.020      11.872       0.012
 Gaia DR3 568168544844912128  57.0296869  80.8096239 17.712  0.526       2.416  50.0092  77.6226     3.71      nan      nan   16.592  nan      nan    nan   1.034     nan                                None      68.121    -133.202      59.732       0.082    -134.214       0.089
Gaia DR3 4413000835613011328 242.2754795   2.7741999 13.471  2.137       2.412  46.5018  77.6710   -39.85      nan      nan   10.512  nan      nan    nan   1.150     nan                                None     -35.240      -1.072     -35.970       0.015       4.224       0.012
Gaia DR3 1293114635923708672 223.4740022  34.5140471 17.208  3.025       1.938  22.9905  77.6732   -28.18      nan      nan    6.251  nan      nan    nan   1.001     nan                                None     -36.745      21.690     -39.055       0.045      22.777       0.062
Gaia DR3 2183034952036789504 313.5349017  55.1101989 15.072  2.632       2.944  39.3965  77.6833   -17.90      nan      nan    8.203  nan      nan    nan  13.480     nan                                None      56.352      37.115      53.668       0.319      41.441       0.305
Gaia DR3 1677622747033219328 199.2521907  63.9734565 18.280  3.270       0.692  29.5941  77.6942   -10.17      nan      nan    6.782  nan      nan    nan   1.018     nan                                None     -55.454      21.935     -54.466       0.132      22.000       0.143
Gaia DR3 1421938636618051200 269.7104707  58.3960103 17.300  3.044       2.740  15.9279  77.6987   -24.39      nan      nan    5.889  nan      nan    nan   1.032     nan                                None       5.247      43.532       7.793       0.093      41.275       0.093
Gaia DR3 1697620497016110208 232.6827601  73.7893331 17.131  3.196       2.526  25.5810  77.7133   -12.53      nan      nan    6.431  nan      nan    nan   1.282     nan                                None     -30.251      46.734     -30.467       0.101      50.151       0.102
Gaia DR3 2004617646887917696 332.5389724  53.5668237 17.210  3.741       1.770  50.0271  77.7373   -11.27      nan      nan   16.981  nan      nan    nan   0.944     nan                                None     142.766      40.144     137.279       0.070      36.978       0.067
Gaia DR3 4519775268806661888 286.0260197  21.1757487 11.429  2.225       2.700  41.2300  77.7376   -37.92      nan      nan   27.742  nan      nan    nan   2.353     nan                                None      93.809      70.820     109.512       0.066      72.476       0.069
Gaia DR3 3958038248479978880 192.3182751  25.2033095 13.985  2.591       2.964  48.7915  77.7659   -13.18      nan      nan   12.088  nan      nan    nan   2.525     nan                                None    -103.732       9.016     -96.389       0.039       7.251       0.039
Gaia DR3 2213939921789016960 350.6692599  68.5760598 14.414  2.781       2.410  49.5190  77.7702    -3.17      nan      nan   18.455  nan      nan    nan   1.210     nan                                None     166.488       5.731     173.816       0.023      11.580       0.020
Gaia DR3 4511303531700259840 281.6788850  17.1902604 16.712  2.995       1.617  42.0766  77.7943   -39.72      nan      nan    8.829  nan      nan    nan   1.050     nan                                None      24.161      18.182      22.308       0.061      20.554       0.063
Gaia DR3 1249669151939224320 205.4458329  21.4857610 10.319  1.626       0.942  43.2572  77.7986   -21.65      nan      nan   26.114  nan      nan    nan   1.094     nan                                None    -201.440      32.664    -206.231       0.020      34.657       0.012
Gaia DR3 1609881079731470592 211.9941272  56.2144257 15.529  2.366       2.084  22.5128  77.8404   -16.65      nan      nan    6.213  nan      nan    nan   3.485     nan                                None     -44.280      26.936     -46.962       0.078      26.431       0.072
Gaia DR3 1301531088197447808 250.1592284  27.0633156 10.633  0.790       2.410  22.0678  77.8961   -38.13      nan      nan    6.183  nan      nan    nan   0.954     nan                                None     -13.417      21.879     -11.832       0.009      24.591       0.011
Gaia DR3 4381580675939120384 256.6507320   0.6518672  9.479  1.016       2.963  49.0081  77.9324   -42.51      nan      nan   19.755  nan      nan    nan   4.692     nan                                None     -22.995      -8.035     -29.514       0.457     -18.510       0.272
Gaia DR3 1535326116829867392 188.2129194  43.0419311 19.477  3.535       1.215  40.6293  77.9709    -9.31      nan      nan    8.439  nan      nan    nan   1.063     nan                                None     -73.942       9.596     -74.828       0.311      11.567       0.313
Gaia DR3 1299364156937439104 249.8848087  22.5068909 16.923  2.745       2.914  26.5980  77.9885   -39.30      nan      nan    6.497  nan      nan    nan   1.283     nan                                None     -14.369      18.737     -17.220       0.074      15.945       0.068
Gaia DR3 1551235538985020032 199.6326322  46.2406610 16.620  2.910       2.413  31.9394  78.0066   -14.54      nan      nan    7.013  nan      nan    nan   1.125     nan                                None     -57.164      17.297     -53.730       0.044      18.264       0.060
Gaia DR3 2054290592931084928 304.9868399  32.1526567 18.553  0.325       1.823  45.4483  78.0093   -28.68      nan      nan    9.919  nan      nan    nan   0.996     nan                                None      58.732      31.766      56.827       0.110      28.464       0.126
Gaia DR3 1383262838371012864 239.9615812  41.0802852 10.487  0.733       1.626   9.6370  78.0756   -31.06      nan      nan    5.684  nan      nan    nan   0.907     nan                                None     -20.968      28.636     -20.167       0.012      26.860       0.013
Gaia DR3 2037290974928721792 285.5788248  28.2127094 15.481  2.469       2.599  35.6373  78.0913   -36.26      nan      nan    7.494  nan      nan    nan   1.036     nan                                None      24.851      26.423      28.721       0.022      25.052       0.026
Gaia DR3 1478131038081571456 214.4414444  32.8532763 19.487  2.895       0.102  29.5052  78.1024   -24.63      nan      nan    6.749  nan      nan    nan   1.071     nan                                None     -46.452      18.555     -46.465       0.223      18.699       0.276
Gaia DR3 1452392604742141952 208.2552033  29.7440369 16.884  2.876       1.488  35.4743  78.1290   -22.10      nan      nan    7.467  nan      nan    nan   1.096     nan                                None     -55.804      15.520     -53.942       0.075      14.099       0.052
Gaia DR3 3944344793229394432 195.1713794  21.7847574  9.502  0.893       2.388  49.3953  78.1522   -15.23      nan      nan   12.437  nan      nan    nan   0.972     nan                                None    -104.838       9.154     -99.966       0.028       5.221       0.021
Gaia DR3 4426854304167041920 238.0644649   6.0373881 15.377  2.840       2.349  43.7711  78.1609   -38.55      nan      nan    9.269  nan      nan    nan   1.328     nan                                None     -36.704       3.230     -35.360       0.038      -1.160       0.034
Gaia DR3 2037825509378045312 286.7037588  29.4083434 13.426  1.747       1.321  35.4763  78.1706   -35.62      nan      nan    7.463  nan      nan    nan   1.028     nan                                None      25.976      27.255      23.899       0.010      27.183       0.013
Gaia DR3 1157656280848980096 222.4333463   3.5410817 17.578  3.729       2.241  50.3264  78.1735   -32.11      nan      nan   13.927  nan      nan    nan   0.988     nan                                None     -83.592      -1.260     -88.324       0.165       3.309       0.145
Gaia DR3 4475597162159234048 269.3884187   6.7882693 18.808  0.598       1.897  46.0600  78.1901   -42.64      nan      nan   10.137  nan      nan    nan   0.996     nan                                None       8.520       5.660      12.483       0.191       6.511       0.170
Gaia DR3 1059040808076748928 165.4716565  66.0859408 11.940  2.279       1.740  43.4070  78.2011     0.39      nan      nan   26.592  nan      nan    nan   1.321     nan                                None    -237.619     -38.258    -230.875       0.016     -31.211       0.019
 Gaia DR3 571884344390559360  86.8966594  86.5735494 17.801  3.541       2.171  44.2003  78.2282     0.15      nan      nan    9.399  nan      nan    nan   1.076     nan                                None      -4.216     -84.966      -6.396       0.133     -88.674       0.129
Gaia DR3 4013719681973955712 184.2532357  30.4295822 17.951  4.219       1.655  50.5467  78.2416    -7.76      nan      nan   16.858  nan      nan    nan   1.214     nan                                None    -149.938       6.271    -145.886       0.220      10.535       0.199
Gaia DR3 1197950805030809600 236.2619213  19.2990751 17.341  2.892       2.896  31.1293  78.2665   -36.57      nan      nan    6.906  nan      nan    nan   1.062     nan                                None     -29.095      14.930     -25.133       0.083      16.371       0.074
Gaia DR3 1428573124140702464 244.5434833  54.4891379 20.644  2.340       1.286   5.7740  78.3051   -25.42      nan      nan    5.610  nan      nan    nan   1.114     nan                                None     -16.929      37.240     -16.285       1.145      35.862       0.929
Gaia DR3 4382303501757074432 249.4016027  -1.5303194 17.585  3.885       1.491  50.5994  78.3082   -41.37      nan      nan   16.913  nan      nan    nan   1.061     nan                                None     -38.656     -12.550     -43.839       0.174     -11.363       0.135
Gaia DR3 4405630912255540608 243.1090703  -1.5063584 15.376  2.562       2.148  50.7067  78.3433   -39.93      nan      nan   14.802  nan      nan    nan   1.043     nan                                None     -47.811     -10.812     -41.424       0.037     -12.844       0.023
Gaia DR3 2274724910298085504 305.9198950  71.2193821 14.588  2.152       1.764  34.3033  78.3638   -12.55      nan      nan    7.282  nan      nan    nan   1.810     nan                                None      43.921      45.204      41.655       0.134      46.685       0.085
Gaia DR3 1387762963369208960 231.5369116  37.8951474 17.585  2.952       1.604  16.1046  78.4273   -29.99      nan      nan    5.869  nan      nan    nan   1.036     nan                                None     -28.506      25.112     -26.550       0.072      25.449       0.086
Gaia DR3 4531003790769580160 280.2805884  20.9623978 14.083  2.376       1.753  38.2101  78.4309   -39.27      nan      nan    7.888  nan      nan    nan   7.541     nan                                None      19.922      20.738      22.829       0.068      20.542       0.096
Gaia DR3 1210677888341613440 231.4867515  19.3821636 11.991  1.248       2.343  32.3873  78.5179   -34.86      nan      nan    7.030  nan      nan    nan   1.056     nan                                None     -34.197      14.396     -32.526       0.014      17.440       0.015
 Gaia DR3 570894788223127040  57.6501996  83.5598411 10.123  0.952       2.887  47.3061  78.5456     1.91      nan      nan   10.642  nan      nan    nan   0.845     nan                                None      42.763     -86.204      38.624       0.013     -81.221       0.011
 Gaia DR3 846407422612381696 176.5620404  58.5151641 16.091  2.843       1.557  40.9823  78.5787    -3.04      nan      nan    8.440  nan      nan    nan   1.075     nan                                None     -76.197       0.606     -74.128       0.033       2.448       0.046
Gaia DR3 1964790037180791424 318.7114264  37.9476487 15.795    nan       2.678  50.7780  78.5999   -21.02      nan      nan   14.228  nan      nan    nan   1.440     nan                                None     104.885      40.027     109.506       0.071      46.599       0.140
Gaia DR3 1211415046465591040 233.2530064  21.4781157 15.927  2.531       2.342  29.8585  78.6058   -35.13      nan      nan    6.754  nan      nan    nan   1.053     nan                                None     -31.249      15.998     -31.947       0.042      19.259       0.042
 Gaia DR3 855317005850453632 162.1186496  58.8665379 10.824  1.754       2.832  47.7190  78.6332     2.52      nan      nan   22.807  nan      nan    nan   1.205     nan                                None    -201.652     -42.477    -199.412       0.010     -55.908       0.013
Gaia DR3 4420839730745577984 230.6832350   2.1977944  8.314  0.646       0.377  49.0531  78.6353   -35.84      nan      nan   11.771  nan      nan    nan   1.044     nan                                None     -58.505      -2.577     -58.151       0.028      -3.444       0.024
 Gaia DR3 561661085276050560  37.2842729  78.7024510 13.162  2.280       2.373  50.9616  78.6435     3.38      nan      nan   14.802  nan      nan    nan   1.095     nan                                None      97.457     -91.323      91.787       0.010     -96.085       0.012
Gaia DR3 4373507614893299840 261.1281984  -0.6637303  9.203  0.920       0.040  51.0498  78.6548   -42.75      nan      nan   15.452  nan      nan    nan   1.033     nan                                None      -7.122      -9.476      -7.239       0.019      -9.534       0.015
Gaia DR3 4587162343584870400 278.7669930  28.9368553 14.850  2.188       2.494  31.0644  78.6693   -37.43      nan      nan    6.873  nan      nan    nan   1.007     nan                                None      15.777      26.006      17.301       0.017      29.283       0.020
Gaia DR3 4358934584699567872 247.7809903  -2.0327625  9.125  0.862       1.944  51.0797  78.6796   -41.01      nan      nan   15.740  nan      nan    nan   0.954     nan                                None     -39.853     -12.846     -38.790       0.024      -6.484       0.017
Gaia DR3 4358934584699566080 247.7810946  -2.0366380 15.035  2.660       2.375  51.0835  78.6839   -41.01      nan      nan   15.735  nan      nan    nan   1.015     nan                                None     -39.839     -12.851     -40.497       0.037      -5.001       0.028
Gaia DR3 2058222858851690624 300.6112829  33.4192623 16.386  2.792       2.129  41.7875  78.6940   -30.05      nan      nan    8.618  nan      nan    nan   1.007     nan                                None      46.387      30.792      46.226       0.036      26.928       0.039
Gaia DR3 3727326795910381184 209.5281495  11.4037431 17.046  3.362       1.609  49.1056  78.7073   -24.85      nan      nan   11.773  nan      nan    nan   0.980     nan                                None     -86.637       6.337     -85.083       0.094      10.015       0.058
Gaia DR3 1964790037187338368 318.7121117  37.9474475 10.338  1.121       2.284  50.7785  78.7095   -21.02      nan      nan   13.983  nan      nan    nan   0.810     nan                                None     103.079      39.337     106.465       0.009      45.156       0.012
Gaia DR3 4432352751360313088 249.5466030   2.4701000 13.305  2.696       1.128  46.6045  78.7387   -41.54      nan      nan   24.277  nan      nan    nan   1.215     nan                                None     -54.948      -3.185     -56.079       0.018      -8.847       0.016
 Gaia DR3 863221906043276416 178.0046768  63.3902552 19.339  3.320       1.130  38.9876  78.7632    -3.48      nan      nan    7.998  nan      nan    nan   1.068     nan                                None     -72.104       2.632     -72.204       0.312       0.730       0.311
Gaia DR3 1071877434532267392 157.7446014  66.8252898 15.450  2.660       1.425  46.0004  78.7705     2.52      nan      nan    9.954  nan      nan    nan   1.059     nan                                None     -86.334     -25.212     -89.189       0.026     -26.102       0.027
Gaia DR3 1240396729863563136 216.8884263  20.6187972 10.066  0.770       2.603  37.5322  78.7732   -28.11      nan      nan    7.735  nan      nan    nan   8.511     nan                                None     -51.256      13.053     -49.865       0.123       9.043       0.127
Gaia DR3 4455624400297843328 237.8597460   9.9736368  8.538  0.494       1.701  39.9230  78.8032   -38.28      nan      nan    8.180  nan      nan    nan   1.179     nan                                None     -32.626       7.389     -35.294       0.022       6.169       0.019
Gaia DR3 4425413256738329984 240.8383283   4.3144172 12.467  1.567       1.732  45.1086  78.8209   -39.44      nan      nan    9.594  nan      nan    nan   1.080     nan                                None     -34.172       1.127     -37.555       0.012       2.034       0.010
Gaia DR3 4383288183138546560 249.3852206  -0.3612007 14.098  2.397       2.362  49.4302  78.8246   -41.43      nan      nan   11.984  nan      nan    nan   1.011     nan                                None     -27.421      -6.757     -33.243       0.025      -5.447       0.017
Gaia DR3 1343364550696492928 263.5366198  38.4192231 16.908  2.887       2.077  15.5762  78.8470   -35.06      nan      nan    5.833  nan      nan    nan   2.272     nan                                None      -0.474      30.430      -0.257       0.138      32.974       0.140
Gaia DR3 1821318200874242560 298.7639391  18.1252455 15.032  2.705       2.372  51.2334  78.8624   -34.22      nan      nan   16.152  nan      nan    nan   1.005     nan                                None      83.118      29.517      83.009       0.021      21.441       0.022
Gaia DR3 4548732728563692928 263.9815009  15.1339126 15.237    nan       2.830  36.4467  78.9009   -41.98      nan      nan    7.547  nan      nan    nan   0.957     nan                                None      -0.084      14.100      -4.554       0.117      14.640       0.170
Gaia DR3 4482557826677716992 271.0939145   9.8114899 14.468  3.154       2.268  43.8368  78.9362   -42.30      nan      nan   27.364  nan      nan    nan   1.089     nan                                None      30.318      28.104      43.221       0.022      25.933       0.020
Gaia DR3 1399734896944212352 239.9990285  48.3688777 16.951  2.683       2.983   5.1030  78.9431   -27.79      nan      nan    5.582  nan      nan    nan   1.059     nan                                None     -20.559      32.542     -21.595       0.059      29.189       0.065
Gaia DR3 4546870739980834304 259.2119651  16.5028696 16.353  2.899       2.018  33.8741  78.9972   -41.61      nan      nan    7.178  nan      nan    nan   1.014     nan                                None      -5.473      14.860      -8.436       0.049      15.599       0.046
Gaia DR3 2206919265165419520 344.3106541  61.5748697 14.431  2.601       2.820  51.0902  79.0080    -5.57      nan      nan   14.167  nan      nan    nan   1.062     nan                                None     126.179      15.619     117.882       0.017      14.178       0.017
Gaia DR3 4493873248727890176 262.1089577  12.3103261 19.593    nan       2.086  38.6331  79.0103   -42.34      nan      nan    7.905  nan      nan    nan   1.079     nan                                None      -2.422      11.293      -0.974       0.362      14.455       0.334
 Gaia DR3 561702935437377024  38.3883040  78.6136580 18.485  0.868       1.618  51.1332  79.0160     3.55      nan      nan   14.271  nan      nan    nan   0.985     nan                                None      92.244     -89.791      89.975       0.144     -85.483       0.167
Gaia DR3 1166029298118016640 233.9258110  10.4561839 19.563  3.280       1.686  40.2551  79.0438   -36.87      nan      nan    8.220  nan      nan    nan   1.032     nan                                None     -37.285       7.548     -35.602       0.380       5.160       0.335
Gaia DR3 4405555217751970304 243.7004505  -1.7979853 17.008  3.336       1.903  50.9606  79.0543   -40.07      nan      nan   13.768  nan      nan    nan   1.003     nan                                None     -43.269     -10.661     -43.860       0.086      -5.168       0.051
Gaia DR3 1609881084027084544 211.9940071  56.2146832 17.402    nan       1.294  22.5129  79.0675   -16.65      nan      nan    6.159  nan      nan    nan   1.154     nan                                None     -43.895      26.702     -44.801       0.141      25.287       0.095
Gaia DR3 1223046642536926080 235.9692077  25.7543391 12.978  1.483       0.853  25.0095  79.0795   -35.09      nan      nan    6.322  nan      nan    nan   0.953     nan                                None     -26.895      19.006     -25.843       0.008      18.575       0.014
Gaia DR3 2063251470947395584 311.0337139  37.6960143 19.472  0.649       0.608  46.0284  79.1141   -24.60      nan      nan    9.878  nan      nan    nan   0.940     nan                                None      65.269      33.263      64.005       0.236      33.178       0.277
 Gaia DR3 854229176534135040 161.8106719  57.4250774 16.824  3.285       0.784  48.5524  79.1500     2.86      nan      nan   11.146  nan      nan    nan   1.024     nan                                None     -98.434     -21.049     -99.480       0.043     -22.566       0.058
Gaia DR3 1821071807208583552 297.0588258  17.8105570 16.376  3.203       1.572  50.4184  79.1651   -34.94      nan      nan   12.771  nan      nan    nan   1.099     nan                                None      62.868      23.417      58.645       0.053      23.146       0.050
 Gaia DR3 564876645688324224   7.7495913  79.7945862 15.121  3.145       0.958  46.7576  79.1931    -0.58      nan      nan   24.864  nan      nan    nan   0.988     nan                                None     218.297     -54.606     218.041       0.024     -49.589       0.029
Gaia DR3 1120722620121914880 138.9677764  72.9460719  5.907  0.245       1.352  48.6689  79.2088     4.92      nan      nan   11.196  nan      nan    nan   0.986     nan                                None     -82.797     -57.269     -85.956       0.025     -56.819       0.028
Gaia DR3 4528583211622450560 276.0459806  20.5632408 20.214  2.770       0.888  36.3701  79.2344   -40.08      nan      nan    7.507  nan      nan    nan   1.195     nan                                None      14.097      19.731      15.366       0.379      20.338       0.671
Gaia DR3 4014778820908949760 181.6623636  31.4979643 17.395  3.724       2.359  51.5477  79.2507    -6.10      nan      nan   15.190  nan      nan    nan   0.990     nan                                None    -136.061       2.910    -143.540       0.103       3.957       0.084
Gaia DR3 4278064542422042496 276.5505338   3.7120699 12.539  2.094       1.316  51.5669  79.2833   -41.89      nan      nan   15.128  nan      nan    nan   2.881     nan                                None      29.587       0.961      31.443       0.050      -2.802       0.050
Gaia DR3 2167225795901271424 313.5795699  48.3940793  8.579  0.726       1.297  42.0685  79.2979   -20.27      nan      nan    8.601  nan      nan    nan   1.002     nan                                None      59.127      34.817      58.478       0.014      37.078       0.015
Gaia DR3 1120726743290524288 138.7989643  73.0095475 16.612  3.113       1.544  48.6740  79.3079     4.92      nan      nan   11.157  nan      nan    nan   1.042     nan                                None     -82.331     -57.310     -85.858       0.044     -58.175       0.051
Gaia DR3 1065377667253288704 152.6508032  65.5319697 19.240  3.573       2.624  48.4187  79.3109     4.28      nan      nan   10.995  nan      nan    nan   0.991     nan                                None     -92.510     -35.316     -98.577       0.204     -34.899       0.224
Gaia DR3 4358494711328942720 246.1642296  -2.4881528  7.122  0.547       2.873  51.5514  79.3246   -40.62      nan      nan   14.853  nan      nan    nan   0.945     nan                                None     -41.226     -13.094     -32.253       0.029     -13.740       0.018
Gaia DR3 1401397255446521856 236.6477792  47.9631398 18.464  3.131       0.589   7.3740  79.3674   -27.26      nan      nan    5.599  nan      nan    nan   1.090     nan                                None     -23.290      31.457     -22.668       0.169      31.768       0.173
 Gaia DR3 784046215460579712 169.4809488  44.0571448 15.532  3.111       2.465  51.5658  79.3703     0.78      nan      nan   17.267  nan      nan    nan   0.931     nan                                None    -155.547     -14.960    -156.181       0.034      -6.010       0.036
Gaia DR3 3722603671914630912 209.8501586   8.4261035 10.990  1.396       2.758  51.4745  79.3704   -25.14      nan      nan   14.421  nan      nan    nan   1.034     nan                                None    -105.698       3.913     -99.728       0.019       9.799       0.012
Gaia DR3 1451566149955227520 207.4345741  27.9230181 16.275  0.480       0.999  37.2692  79.3708   -21.96      nan      nan   33.350  nan      nan    nan   0.920     nan                                None    -251.654      62.664    -254.965       0.048      68.861       0.033
Gaia DR3 4013315336573186048 184.7113021  29.2145534 15.969  3.071       0.130  51.0436  79.4036    -8.09      nan      nan   13.410  nan      nan    nan   1.136     nan                                None    -119.093       4.987    -118.744       0.062       5.105       0.058
Gaia DR3 1449445569982083200 200.1603266  27.6876140 17.530  3.143       2.314  42.0140  79.4401   -17.81      nan      nan    8.567  nan      nan    nan   1.063     nan                                None     -69.522      11.972     -73.219       0.141      10.023       0.096
 Gaia DR3 788497175972029440 168.1812343  46.5810722 17.677  3.616       1.702  50.8924  79.4420     1.26      nan      nan   13.129  nan      nan    nan   1.150     nan                                None    -118.020     -13.405    -117.502       0.087     -18.088       0.116
Gaia DR3 1320194262990216960 240.0334049  29.1869410 19.064  3.444       1.630  20.6982  79.4533   -35.34      nan      nan    6.040  nan      nan    nan   1.026     nan                                None     -22.217      21.631     -20.737       0.180      20.175       0.214
Gaia DR3 4410080257851570432 240.1834663   0.3568906  8.393  0.699       0.878  49.1144  79.4543   -39.19      nan      nan   11.387  nan      nan    nan   1.722     nan                                None     -41.638      -5.207     -43.199       0.033      -3.792       0.024
Gaia DR3 4408899897762685696 244.8296714   1.5579182 16.607  2.851       1.152  47.5513  79.4669   -40.50      nan      nan   10.462  nan      nan    nan   1.059     nan                                None     -31.127      -2.893     -32.863       0.076      -4.749       0.038
Gaia DR3 1637717179389828224 264.2379137  68.7593958  4.646  0.602       2.856  21.3248  79.4690   -17.77      nan      nan   42.094  nan      nan    nan   0.933     nan                                None       1.237     346.793       1.690       0.137     321.452       0.189
Gaia DR3 1836003930997579520 305.7442214  27.3313219 14.216  2.380       2.455  49.1068  79.4693   -29.53      nan      nan   11.375  nan      nan    nan   1.060     nan                                None      68.369      30.101      65.517       0.012      35.252       0.017
Gaia DR3 4505291505204430592 281.3609098  12.1747816 14.736  2.455       1.354  46.1837  79.4852   -40.49      nan      nan    9.849  nan      nan    nan   1.068     nan                                None      26.482      13.023      24.154       0.022      14.602       0.024
Gaia DR3 4277972939356455552 275.8244214   3.2593959 13.600  2.683       1.123  51.6927  79.4989   -42.01      nan      nan   17.270  nan      nan    nan   3.378     nan                                None      31.843      -0.085      31.395       0.088      -4.150       0.079
Gaia DR3 4482525257941762816 271.0985404   9.3960957 19.654  1.492       2.158  44.2236  79.5192   -42.34      nan      nan    9.158  nan      nan    nan   1.786     nan                                None      10.153       8.813       8.878       0.609       4.846       0.717
Gaia DR3 1232349301180166016 215.6799748  16.4131110 13.457  3.110       2.846  41.6969  79.5236   -27.98      nan      nan   30.214  nan      nan    nan   1.371     nan                                None    -204.090      36.506    -189.893       0.024      47.779       0.018
Gaia DR3 1153623890674541312 226.4195763   2.3179825 15.929  2.983       1.206  50.1385  79.5631   -34.00      nan      nan   12.155  nan      nan    nan   1.112     nan                                None     -67.070      -2.660     -64.049       0.056      -2.014       0.045
Gaia DR3 2195815400318293248 313.9566004  61.7428144 14.844  3.344       1.665  37.8124  79.5828   -15.19      nan      nan   33.335  nan      nan    nan   1.026     nan                                None     230.444     162.868     218.845       0.028     164.400       0.023
Gaia DR3 2001025095719170560 332.7922254  50.8235735  5.353  0.212       2.423  51.6360  79.5884   -11.68      nan      nan   17.885  nan      nan    nan   0.968     nan                                None     150.625      39.682     142.430       0.068      35.646       0.061
Gaia DR3 1498835391784358272 210.2896320  42.3156406 14.115  2.191       1.419  26.6730  79.6570   -20.35      nan      nan    6.418  nan      nan    nan   3.064     nan                                None     -46.777      20.666     -48.663       0.031      21.017       0.037
Gaia DR3 1498296489352379904 211.6116678  41.2241415 19.426  3.294       1.708  26.3289  79.6606   -21.23      nan      nan    6.391  nan      nan    nan   1.012     nan                                None     -45.783      20.756     -43.502       0.214      20.452       0.265
Gaia DR3 2063790132864045568 308.1490489  37.5877851 13.420  2.092       2.957  44.2271  79.6706   -25.85      nan      nan    9.132  nan      nan    nan   1.672     nan                                None      57.427      32.469      56.279       0.017      38.045       0.018
Gaia DR3 1177866227989496960 220.0311490  10.7202823 19.112  0.919       2.188  44.6822  79.6997   -30.72      nan      nan    9.268  nan      nan    nan   0.954     nan                                None     -58.203       6.571     -60.606       0.326      10.106       0.240
Gaia DR3 4420839735040387328 230.6830966   2.1975192    nan    nan       2.215  49.0534  79.7116   -35.84      nan      nan   11.228  nan      nan    nan   3.984     nan                                None     -55.807      -2.458     -59.330       0.128       1.425       0.160
Gaia DR3 4471529007797266048 272.9805716   5.2094050 14.515  2.406       2.858  48.8043  79.7135   -42.36      nan      nan   11.068  nan      nan    nan   1.036     nan                                None      15.524       3.364      11.054       0.025       8.312       0.022
Gaia DR3 1503227116104066432 206.5866509  44.4865239 18.133  3.413       2.763  28.1512  79.7210   -18.13      nan      nan    6.535  nan      nan    nan   1.067     nan                                None     -49.784      19.883     -53.249       0.098      18.306       0.123
Gaia DR3 1683482766051893760 184.4838604  69.8925473 18.166  3.367       2.127  35.8192  79.7220    -4.93      nan      nan    7.385  nan      nan    nan   1.007     nan                                None     -65.631      10.056     -68.940       0.125       9.933       0.123
Gaia DR3 4550955558821699968 267.4503097  17.8055037 15.585  2.544       2.673  35.0991  79.7315   -41.45      nan      nan    7.284  nan      nan    nan   1.082     nan                                None       3.902      16.564       7.254       0.028      18.931       0.031
Gaia DR3 2048537741926460544 293.5733020  36.6676216 18.008  3.196       1.585  35.2305  79.7647   -31.34      nan      nan    7.299  nan      nan    nan   0.982     nan                                None      32.502      31.297      33.344       0.102      33.587       0.119
Gaia DR3 1488956073650029056 221.6022011  41.0577275 11.481  0.964       2.046  19.9434  79.7666   -25.42      nan      nan    5.989  nan      nan    nan   0.915     nan                                None     -36.526      23.931     -38.372       0.012      22.125       0.013
Gaia DR3 2105909193508646016 285.6659347  44.0917724 18.816  3.115       1.215  26.3017  79.7763   -30.28      nan      nan    6.383  nan      nan    nan   0.965     nan                                None      21.248      34.982      22.880       0.207      35.088       0.216
Gaia DR3 4526375465285830656 273.8264693  18.5002616  9.507  1.623       2.889  37.1033  79.8149   -40.80      nan      nan   34.260  nan      nan    nan   0.987     nan                                None      52.562      80.284      50.137       0.012      59.561       0.015
Gaia DR3 1153623920739391488 226.4242013   2.3179292 17.226  3.491       0.609  50.1371  79.8191   -34.00      nan      nan   11.989  nan      nan    nan   0.995     nan                                None     -66.146      -2.624     -64.929       0.103      -1.680       0.084
Gaia DR3 4567506679153344000 259.7040385  21.6941419 18.916  3.259       2.906  28.9781  79.8271   -40.58      nan      nan    6.601  nan      nan    nan   1.022     nan                                None      -4.522      18.867      -4.405       0.138      22.909       0.173
 Gaia DR3 789148224296850304 172.5357161  48.7655907 12.894  1.968       2.992  47.2485  79.8560    -1.07      nan      nan   10.202  nan      nan    nan   4.290     nan                                None     -92.163      -5.255     -97.030       0.038      -1.045       0.062
Gaia DR3 1522289520992963712 196.5961116  36.1799712 16.784  2.940       1.824  38.8973  79.8823   -14.68      nan      nan    7.864  nan      nan    nan   0.965     nan                                None     -65.631      12.854     -67.255       0.033      10.303       0.045
Gaia DR3 1387777364395014400 232.0662488  37.9640167 16.822  2.620       1.252  15.7800  79.8842   -30.13      nan      nan    5.803  nan      nan    nan   0.981     nan                                None     -27.779      25.036     -26.728       0.042      26.151       0.064
Gaia DR3 4444232944432831616 253.6165525   9.3248656 18.215  3.196       2.693  40.0333  79.9079   -41.96      nan      nan    8.075  nan      nan    nan   1.125     nan                                None     -13.217       7.574      -8.654       0.163       8.020       0.139
Gaia DR3 4550955563118586496 267.4529252  17.8059281 14.895  2.249       2.976  35.0996  79.9139   -41.45      nan      nan    7.270  nan      nan    nan   1.054     nan                                None       3.898      16.533       7.940       0.019      18.646       0.021
Gaia DR3 4577868721550985728 269.6771039  24.1395142 16.729  2.932       2.607  30.2998  79.9168   -39.89      nan      nan    6.719  nan      nan    nan   1.017     nan                                None       5.952      21.594       9.108       0.040      19.675       0.056
Gaia DR3 1315110434757640576 241.9669900  25.3578180 17.550  2.890       2.935  24.1032  79.9306   -36.90      nan      nan    6.221  nan      nan    nan   0.979     nan                                None     -21.137      19.450     -21.996       0.048      23.201       0.085
Gaia DR3 2043588492194306048 285.3520302  32.0213082 15.683  2.377       2.749  32.8343  79.9769   -35.12      nan      nan    6.984  nan      nan    nan   1.165     nan                                None      22.925      28.165      22.262       0.032      32.157       0.034
Gaia DR3 1582465173905221504 184.3720501  60.8556315 16.188  2.560       2.111  36.5749  79.9866    -5.84      nan      nan    7.473  nan      nan    nan   1.049     nan                                None     -66.441       8.715     -68.455       0.037      11.361       0.040
Gaia DR3 4423768524780558080 234.9367018   1.8852394 15.550  2.878       1.670  48.4074  79.9974   -37.48      nan      nan   10.730  nan      nan    nan   1.152     nan                                None     -47.179      -2.669     -43.434       0.046      -2.176       0.036
Gaia DR3 1177676738324142080 216.4975062  11.7121788 16.532  4.018       1.038  45.3755  80.0058   -28.80      nan      nan   27.699  nan      nan    nan   7.332     nan                                None    -184.706      20.494    -190.733       0.645      19.829       0.576
Gaia DR3 1046985109754886656 153.1102124  59.5184847 14.976  2.649       2.966  51.3581  80.0390     5.69      nan      nan   13.144  nan      nan    nan   1.124     nan                                None    -110.934     -39.978    -108.604       0.015     -32.096       0.020
Gaia DR3 1569536562137024128 193.2431720  51.8356568 15.890    nan       2.829  33.9593  80.0991   -10.60      nan      nan    7.109  nan      nan    nan   1.503     nan                                None     -60.673      14.370     -60.700       0.060      10.130       0.064
Gaia DR3 2167480710805430784 310.0564489  47.6107739 10.455  0.914       1.881  40.3059  80.1239   -21.84      nan      nan    8.105  nan      nan    nan   0.924     nan                                None      52.689      34.794      49.679       0.013      33.667       0.014
Gaia DR3 1289259095325284736 223.2036242  32.3105500 17.449  3.135       2.968  24.7819  80.1300   -28.68      nan      nan    6.257  nan      nan    nan   1.031     nan                                None     -36.984      20.173     -33.852       0.051      22.521       0.079
Gaia DR3 4415411480494597760 231.4345931  -1.2545160  7.020  0.545       2.534  52.2203  80.1302   -36.02      nan      nan   17.770  nan      nan    nan   1.080     nan                                None     -86.560     -11.999     -85.314       0.027     -21.410       0.027
Gaia DR3 4590422945314324352 271.0660535  29.6666171 10.368  0.777       2.250  26.2982  80.1475   -38.14      nan      nan    6.365  nan      nan    nan   1.052     nan                                None       7.024      25.442       8.355       0.013      22.732       0.014
Gaia DR3 4415414435431520640 231.4340850  -1.2520470 15.807  2.764       2.776  52.2180  80.1494   -36.02      nan      nan   17.864  nan      nan    nan   1.332     nan                                None     -87.016     -12.057     -83.767       0.059     -21.994       0.060
Gaia DR3 1396065311246318208 230.8084805  47.2703152 15.607  2.369       2.871  11.3609  80.1516   -26.08      nan      nan    5.657  nan      nan    nan   0.982     nan                                None     -28.023      29.452     -31.237       0.030      30.632       0.031
Gaia DR3 1487107554086286080 219.6244530  38.4700154 15.629  2.149       2.874  22.6665  80.1651   -25.45      nan      nan    6.121  nan      nan    nan   0.973     nan                                None     -38.720      22.137     -36.500       0.024      25.107       0.033
Gaia DR3 4375975468743161984 266.3476627   2.1375946 15.987  2.920       2.120  49.5600  80.1715   -42.86      nan      nan   11.359  nan      nan    nan   0.977     nan                                None       4.112      -1.949      -0.346       0.045       0.478       0.041
Gaia DR3 1436413397959804416 267.4489233  61.9089606 18.486  3.293       0.974  16.9233  80.2031   -22.26      nan      nan    5.836  nan      nan    nan   1.025     nan                                None       3.125      45.045       4.143       0.163      45.678       0.169
Gaia DR3 2282556216228614016 338.3267006  78.1042226 15.117  2.481       1.766  42.4837  80.2130    -4.75      nan      nan    8.573  nan      nan    nan   1.004     nan                                None      74.576      19.647      75.453       0.024      16.579       0.025
Gaia DR3 4319124872133457920 290.2730831  13.0976019 12.159  2.529       1.641  50.1322  80.2246   -37.98      nan      nan   22.451  nan      nan    nan   1.709     nan                                None      89.642      30.120      97.348       0.024      31.092       0.023
Gaia DR3 1500822243655510400 206.0845717  43.2788323 15.502  2.567       1.869  28.9918  80.2365   -18.20      nan      nan    6.580  nan      nan    nan   1.063     nan                                None     -50.407      19.184     -47.824       0.022      18.969       0.028
Gaia DR3 1689818328145609344 188.3387438  72.6711283 16.172  2.712       1.740  34.8597  80.2444    -5.45      nan      nan    7.213  nan      nan    nan   1.033     nan                                None     -63.165      14.262     -64.749       0.038      12.143       0.045
Gaia DR3 1528662084229813376 193.6396114  43.6334882 12.852  1.547       2.077  36.8884  80.2464   -12.06      nan      nan    7.498  nan      nan    nan   1.067     nan                                None     -63.837      12.914     -66.987       0.010      13.843       0.012
Gaia DR3 2072974319148787584 297.9320284  38.7794018 15.424  2.336       2.421  36.9031  80.2799   -29.24      nan      nan    7.497  nan      nan    nan   1.470     nan                                None      37.770      32.257      41.593       0.035      32.414       0.037
Gaia DR3 1357700769277351936 251.2133057  43.6569698 17.472  2.760       2.473   5.9179  80.3055   -31.88      nan      nan    5.549  nan      nan    nan   0.976     nan                                None     -11.142      31.709      -8.334       0.069      31.015       0.081
Gaia DR3 4277772141040987264 274.4370041   2.9703621  8.954  0.769       1.408  51.4247  80.3098   -42.21      nan      nan   12.959  nan      nan    nan   0.844     nan                                None      21.111      -0.615      23.276       0.016      -3.796       0.015
Gaia DR3 2241443758480875520 296.3726942  63.4564427 19.837  2.681       2.420  29.6651  80.3332   -18.34      nan      nan    6.635  nan      nan    nan   1.088     nan                                None      32.060      43.822      32.417       0.467      40.457       0.503
Gaia DR3 4387858371937869952 257.7676480   2.4467995 19.842  3.191       2.804  47.3952  80.3418   -42.65      nan      nan   10.132  nan      nan    nan   1.152     nan                                None     -10.022      -1.264      -5.444       0.518       2.598       0.419
Gaia DR3 1660071414717696512 211.5770654  59.4382396 19.135  3.129       1.125  23.1263  80.3494   -15.34      nan      nan    6.141  nan      nan    nan   1.054     nan                                None     -44.010      27.517     -42.692       0.263      26.898       0.242
Gaia DR3 4277772141037634560 274.4363475   2.9699937 11.576    nan       2.704  51.4247  80.3524   -42.21      nan      nan   12.919  nan      nan    nan   0.995     nan                                None      21.044      -0.614      21.694       0.027      -7.949       0.025
Gaia DR3 4277772347199432960 274.4266784   2.9782296 15.657  2.846       1.894  51.4135  80.3663   -42.21      nan      nan   12.892  nan      nan    nan   1.040     nan                                None      20.981      -0.596      24.041       0.041      -4.736       0.038
Gaia DR3 4313359449825740032 285.8070992  11.2115356 14.602  2.680       1.172  49.2686  80.3931   -39.50      nan      nan   11.076  nan      nan    nan   1.081     nan                                None      37.098      12.547      37.468       0.022      15.259       0.023
Gaia DR3 2184535063857222400 303.3897228  52.2914243 11.935  1.184       2.708  34.5851  80.4052   -22.17      nan      nan    7.165  nan      nan    nan   1.105     nan                                None      41.047      37.391      39.014       0.015      33.841       0.014
Gaia DR3 1597892387195108992 235.1240626  54.5326918 19.160  3.209       2.434   9.4800  80.4314   -23.72      nan      nan    5.604  nan      nan    nan   1.014     nan                                None     -24.497      34.447     -22.948       0.191      36.869       0.247
Gaia DR3 1198447509407195648 242.1628030  16.5301493 16.930  3.154       1.960  32.8242  80.4322   -38.79      nan      nan    6.952  nan      nan    nan   1.176     nan                                None     -23.422      13.196     -22.898       0.097      10.372       0.077
Gaia DR3 1301814315520854400 245.3719821  23.7309056 10.780  0.900       2.739  25.3803  80.4804   -38.12      nan      nan    6.282  nan      nan    nan   1.051     nan                                None     -18.183      18.718     -19.255       0.009      15.253       0.013
Gaia DR3 3656061228201689728 218.4640508   2.5756003  8.937  0.888       0.934  52.7356  80.4882   -30.06      nan      nan   16.588  nan      nan    nan  12.175     nan                                None    -107.080      -3.716    -110.345       0.255      -3.718       0.205
Gaia DR3 1165594819226560000 231.2962399   9.1756813 18.532  3.940       0.371  42.1615  80.5035   -35.95      nan      nan    8.457  nan      nan    nan   1.190     nan                                None     -41.351       6.002     -40.702       0.301       6.127       0.237
Gaia DR3 3656061228201101184 218.4640876   2.5748766 15.159    nan       0.364  52.7362  80.5160   -30.06      nan      nan   16.967  nan      nan    nan   1.084     nan                                None    -109.527      -3.802    -109.924       0.165      -2.561       0.124
Gaia DR3 1963831847161184768 321.5809358  37.6391351 10.775  1.435       2.169  52.7690  80.5522   -19.68      nan      nan   16.993  nan      nan    nan   0.969     nan                                None     129.555      43.501     133.594       0.008      36.865       0.010
Gaia DR3 4434008826327369728 250.7618935   3.4543775  7.356  0.401       1.256  45.6689  80.6324   -41.76      nan      nan    9.408  nan      nan    nan   1.080     nan                                None     -19.544       0.208     -21.181       0.030       2.086       0.025
Gaia DR3 4559699635495319040 252.3243488  18.2865277 11.908  1.149       2.191  30.9897  80.6480   -40.58      nan      nan    6.744  nan      nan    nan   1.535     nan                                None     -12.387      15.466      -9.372       0.015      16.246       0.015
Gaia DR3 1544384580814013056 188.9580742  49.4484958 12.421  1.386       0.853  37.3283  80.6857    -9.00      nan      nan    7.527  nan      nan    nan   1.119     nan                                None     -65.732      10.806     -66.464       0.009      11.944       0.011
Gaia DR3 1609411695641655552 211.0970370  55.0365330 14.784  2.357       2.512  22.9867  80.7347   -16.77      nan      nan    6.116  nan      nan    nan   1.218     nan                                None     -44.111      25.503     -46.761       0.022      23.641       0.024
Gaia DR3 2293846718879714816 272.1675191  78.3979102 17.542  3.364       1.952  30.7100  80.7500   -10.89      nan      nan    6.710  nan      nan    nan   0.784     nan                                None       8.561      58.121      10.216       0.082      55.911       0.092
Gaia DR3 4406543438183029120 241.7064611  -1.0579476 15.271  2.732       1.047  50.3688  80.8082   -39.57      nan      nan   11.622  nan      nan    nan   1.061     nan                                None     -39.931      -7.705     -37.900       0.038      -9.274       0.028
Gaia DR3 1613736585974230272 222.3866681  57.2198392 19.722  0.320       2.053  17.0875  80.8179   -19.35      nan      nan    5.820  nan      nan    nan   1.019     nan                                None     -34.963      31.431     -36.147       0.335      29.207       0.317
Gaia DR3 2073666255552629504 297.6928211  40.0193772 15.829  2.794       2.913  36.0859  80.9089   -28.86      nan      nan    7.327  nan      nan    nan   1.058     nan                                None      36.681      32.592      32.182       0.032      32.576       0.037
Gaia DR3 1478131038081079424 214.4376531  32.8506969 13.611  1.801       1.385  29.5093  80.9255   -24.63      nan      nan    6.588  nan      nan    nan   1.503     nan                                None     -45.348      18.110     -46.931       0.012      19.204       0.017
Gaia DR3 4417263637895790976 230.8911595  -0.1072198 19.203  3.542       1.191  51.2346  80.9278   -35.86      nan      nan   12.265  nan      nan    nan   1.119     nan                                None     -60.624      -6.413     -61.552       0.520      -3.478       0.445
Gaia DR3 4565505744084660992 254.6560236  23.0716495 18.322  3.167       2.710  26.5553  80.9453   -39.83      nan      nan    6.345  nan      nan    nan   1.043     nan                                None      -9.361      19.199      -6.135       0.098      20.852       0.118
Gaia DR3 1630937655116407680 255.6825297  62.4084325 18.528  3.204       2.770  14.0781  80.9555   -21.77      nan      nan    5.707  nan      nan    nan   0.992     nan                                None      -7.507      43.878      -8.729       0.169      46.978       0.184
Gaia DR3 2072384946537107072 300.0418806  38.3812702 19.822  3.429       1.782  38.5011  81.0284   -28.67      nan      nan    7.683  nan      nan    nan   1.092     nan                                None      40.801      31.817      42.139       0.359      34.374       0.444
Gaia DR3 4418752415295179520 230.1083421  -0.1739966 15.953  3.009       1.145  51.4932  81.0305   -35.53      nan      nan   12.441  nan      nan    nan   1.088     nan                                None     -62.774      -6.612     -62.397       0.056      -3.633       0.049
Gaia DR3 4014851934136928512 182.8446100  31.9823933  8.096  0.631       2.983  50.4658  81.0394    -6.83      nan      nan   11.577  nan      nan    nan   1.000     nan                                None    -103.390       3.475     -98.476       0.036       8.847       0.029
Gaia DR3 4594831677701240448 262.9060580  26.5062337 19.864  2.997       0.919  25.4469  81.0399   -39.40      nan      nan    6.261  nan      nan    nan   1.024     nan                                None      -1.131      22.395      -1.538       0.327      21.253       0.370
 Gaia DR3 850037352876685568 163.7066538  55.3854760 17.266 -0.216       1.851  48.6440  81.0661     2.39      nan      nan   10.496  nan      nan    nan   0.985     nan                                None     -93.310     -17.051     -90.792       0.055     -13.821       0.066
Gaia DR3 1561691138650134528 204.9747930  53.8153548 14.085  3.077       2.770  26.6203  81.0875   -14.94      nan      nan   43.173  nan      nan    nan   1.323     nan                                None    -334.689     148.853    -338.504       0.017     173.769       0.020
Gaia DR3 4520969372785548288 285.5598709  22.7115041 14.131  1.751       2.423  39.7595  81.1006   -37.70      nan      nan    7.895  nan      nan    nan   9.051     nan                                None      26.156      21.922      27.872       0.249      25.571       0.424
Gaia DR3 3738265454842624000 203.1804282  11.2478665 12.230  2.155       2.674  52.7039  81.1023   -20.92      nan      nan   19.607  nan      nan    nan   1.456     nan                                None    -154.777       7.040    -165.527       0.030       9.607       0.013
Gaia DR3 4354403531641415168 248.8555097  -3.8605118 14.781  2.593       2.414  52.9174  81.1044   -41.08      nan      nan   14.431  nan      nan    nan   1.074     nan                                None     -34.183     -15.798     -33.425       0.034      -8.493       0.024
Gaia DR3 3960540118468838272 189.7300027  25.8943344 13.318    nan       1.333  49.9965  81.1099   -11.47      nan      nan   11.229  nan      nan    nan   1.502     nan                                None     -97.703       6.837     -94.807       0.103       8.087       0.070
Gaia DR3 4375695810536761984 264.4117899   1.5300003 19.125  3.809       1.405  49.6397  81.1455   -42.89      nan      nan   10.999  nan      nan    nan   0.973     nan                                None       0.625      -2.940       3.772       0.245      -2.100       0.210
 Gaia DR3 847702750389294080 158.1476127  51.8450980  8.965  0.807       1.545  53.3248  81.1494     5.36      nan      nan   15.875  nan      nan    nan   1.068     nan                                None    -137.970     -35.902    -141.955       0.012     -39.198       0.016
 Gaia DR3 847702750388281728 158.1487165  51.8422375 13.390  2.322       1.509  53.3258  81.1522     5.36      nan      nan   15.862  nan      nan    nan   3.583     nan                                None    -137.860     -35.871    -142.746       0.036     -34.608       0.044
 Gaia DR3 788188797317611520 168.6812058  45.8005502  9.491  0.875       2.630  51.0421  81.1571     1.07      nan      nan   11.955  nan      nan    nan   1.018     nan                                None    -107.560     -11.489    -114.189       0.010     -11.464       0.016
Gaia DR3 4532861587463443200 280.9804583  24.3260242 16.747  2.872       2.984  35.8830  81.1644   -38.34      nan      nan    7.279  nan      nan    nan   1.151     nan                                None      19.154      22.548      15.571       0.042      25.398       0.055
Gaia DR3 1416858897193494144 265.6205438  53.5213767 14.332  2.080       1.204  12.0468  81.2273   -27.40      nan      nan    5.639  nan      nan    nan   2.446     nan                                None       1.395      39.254       1.772       0.052      37.873       0.052
Gaia DR3 1611961394386795392 216.6415186  58.9725734 17.120  2.785       2.954  20.4956  81.2357   -17.01      nan      nan    5.958  nan      nan    nan   1.016     nan                                None     -39.639      29.662     -42.933       0.059      31.370       0.067
Gaia DR3 1823065629768216960 299.6783878  19.4539713 15.668    nan       1.112  50.8073  81.2403   -33.64      nan      nan   11.725  nan      nan    nan   1.485     nan                                None      61.722      23.060      63.737       0.100      21.189       0.089
Gaia DR3 1829302098382758272 305.8043711  22.4798909 18.501    nan       1.746  52.5202  81.2465   -30.45      nan      nan   13.476  nan      nan    nan   0.930     nan                                None      81.093      28.402      80.301       0.224      23.505       0.372
Gaia DR3 1298766400569094272 247.7437522  22.5090307 16.388  2.492       1.665  26.5378  81.2511   -38.91      nan      nan    6.329  nan      nan    nan   1.060     nan                                None     -16.060      18.040     -15.814       0.037      20.247       0.051
Gaia DR3 4575171516444581120 258.3758808  27.8192573 11.907  1.109       2.342  22.7718  81.2552   -38.83      nan      nan    6.081  nan      nan    nan   1.020     nan                                None      -5.435      22.783      -8.036       0.010      21.286       0.013
Gaia DR3 4491002183352450304 262.6808607   9.8196513 18.096  3.392       2.410  41.1841  81.2831   -42.61      nan      nan    8.149  nan      nan    nan   1.034     nan                                None      -1.762       8.470      -2.270       0.132      12.579       0.119
Gaia DR3 4316733610479927808 295.2822446  12.5311228 10.678  1.557       1.535  53.4747  81.2853   -36.28      nan      nan   16.138  nan      nan    nan   1.293     nan                                None      75.612      19.042      78.214       0.021      14.514       0.017
Gaia DR3 4033241476565293824 180.5992248  37.5796264 15.370  2.807       2.598  48.4715  81.2878    -5.34      nan      nan   10.347  nan      nan    nan   1.093     nan                                None     -92.893       2.331     -95.801       0.026      -2.534       0.028
 Gaia DR3 570624480159356928  70.3786101  84.0276916 19.320  1.046       2.304  46.9195  81.3149     1.93      nan      nan    9.701  nan      nan    nan   1.161     nan                                None      20.724     -85.237      19.908       0.561     -89.878       0.429
Gaia DR3 1329390754340227456 246.6072629  36.0181380 12.254  1.333       2.928  13.0517  81.3152   -34.47      nan      nan    5.664  nan      nan    nan   1.663     nan                                None     -15.344      26.383     -18.828       0.018      26.669       0.020
Gaia DR3 1386543368751275520 241.8987212  46.4343782 13.038  1.384       2.163   4.6747  81.3987   -29.09      nan      nan    5.501  nan      nan    nan   0.860     nan                                None     -18.747      31.435     -21.194       0.010      30.881       0.013
Gaia DR3 4530233204911587200 276.2863933  23.2279425 15.430  2.367       2.620  34.2505  81.4407   -39.42      nan      nan    7.050  nan      nan    nan   1.081     nan                                None      13.501      21.260      13.506       0.020      17.366       0.028
Gaia DR3 1371419483231766400 238.8220068  33.3107224 16.830  2.895       1.363  17.0582  81.4666   -33.71      nan      nan    5.795  nan      nan    nan   0.985     nan                                None     -22.323      23.554     -23.772       0.046      24.374       0.054
Gaia DR3 1459644017070391552 197.1793694  26.5740005 18.669  4.142       2.217  44.6977  81.4709   -16.13      nan      nan    8.960  nan      nan    nan   1.019     nan                                None     -74.461      10.151     -74.233       0.324       5.969       0.262
Gaia DR3 1256109949319781504 217.2019569  25.7107939 20.413  3.015       2.193  33.2103  81.5188   -27.44      nan      nan    6.924  nan      nan    nan   1.099     nan                                None     -45.651      15.392     -44.220       0.844      18.255       0.787
Gaia DR3 1823065634085302272 299.6782698  19.4535717 15.133  2.786       1.610  50.8076  81.5262   -33.64      nan      nan   11.581  nan      nan    nan   1.944     nan                                None      60.964      22.776      64.822       0.079      23.525       0.080
Gaia DR3 4582873728539292288 270.3928923  26.4549229 17.924  3.035       1.423  28.6330  81.5535   -39.19      nan      nan    6.479  nan      nan    nan   1.041     nan                                None       6.466      22.971       4.631       0.081      22.333       0.105
Gaia DR3 1309767014404485120 254.3006268  30.1331363 14.600  1.945       2.791  19.5734  81.5845   -37.73      nan      nan    5.900  nan      nan    nan   1.034     nan                                None      -9.030      23.782     -12.451       0.017      24.369       0.017
Gaia DR3 4536265366219956736 277.0376850  23.6437682 16.533  2.913       2.981  34.2960  81.5867   -39.21      nan      nan    7.045  nan      nan    nan   0.984     nan                                None      14.307      21.598      10.193       0.033      23.232       0.043
Gaia DR3 3726954405066019840 208.5155267  10.8074342 19.875  1.297       1.452  50.1424  81.6020   -24.26      nan      nan   11.116  nan      nan    nan   0.984     nan                                None     -82.822       5.104     -80.900       0.524       7.913       0.320
Gaia DR3 3960540118469885184 189.7302751  25.8938846 10.710  1.141       1.129  49.9966  81.6048   -11.47      nan      nan   11.029  nan      nan    nan   1.140     nan                                None     -95.958       6.715     -94.113       0.019       8.583       0.017
Gaia DR3 1728245125665433344 254.6389115  88.2207449 14.651  2.249       0.865  39.1876  81.7207    -3.72      nan      nan    7.732  nan      nan    nan   1.060     nan                                None     -11.428      68.780     -10.293       0.019      67.944       0.028
Gaia DR3 2013276537160336000 345.7363574  58.5991236 12.431  2.213       2.248  53.3663  81.7374    -5.29      nan      nan   19.772  nan      nan    nan   1.106     nan                                None     176.798      16.815     168.421       0.014      21.012       0.013
Gaia DR3 2227081731438097792 349.6414635  70.2394944 12.996  2.537       1.858  48.3334  81.7422    -3.38      nan      nan   27.771  nan      nan    nan   1.387     nan                                None     250.218      13.385     239.585       0.019      15.676       0.019
Gaia DR3 2227081731441517184 349.6398642  70.2385174 14.839  3.044       2.321  48.3334  81.7521    -3.38      nan      nan   27.791  nan      nan    nan   1.181     nan                                None     250.397      13.401     237.025       0.023      15.871       0.023
Gaia DR3 3667036450190992384 215.3520002   3.3375133 11.026  1.651       2.917  53.3477  81.7556   -28.37      nan      nan   19.884  nan      nan    nan   1.135     nan                                None    -134.992      -3.194    -123.615       0.025       1.282       0.018
Gaia DR3 4450666083890534912 243.0828986   8.0101746 12.669  1.451       1.104  41.2175  81.7785   -39.95      nan      nan    8.099  nan      nan    nan   1.086     nan                                None     -26.190       5.443     -27.184       0.013       7.045       0.012
Gaia DR3 4028773709849883520 181.8272001  33.8361170 12.294  1.722       1.765  49.9568  81.7963    -6.16      nan      nan   10.934  nan      nan    nan   6.417     nan                                None     -97.897       2.823     -99.698       0.054      -0.826       0.058
Gaia DR3 1661918529828186240 203.4533908  58.0947256 16.874    nan       2.433  27.1978  81.8120   -13.16      nan      nan    6.351  nan      nan    nan   1.163     nan                                None     -50.002      22.212     -50.912       0.181      19.084       0.194
Gaia DR3 1364337352743216640 267.2534221  49.4474573 20.680  1.675       1.607  12.7563  81.8269   -29.64      nan      nan    5.638  nan      nan    nan   1.001     nan                                None       2.846      36.790       1.132       0.633      37.633       1.316
Gaia DR3 1153254420407737856 224.8566617   1.2718542 10.454  1.315       1.518  51.6256  81.8295   -33.25      nan      nan   12.042  nan      nan    nan   1.843     nan                                None     -68.772      -4.253     -65.376       0.029      -2.430       0.024
 Gaia DR3 852099933610711680 153.9761221  54.1153046 12.052  2.000       2.543  54.0438  81.9069     6.67      nan      nan   17.669  nan      nan    nan   1.191     nan                                None    -149.967     -49.674    -150.873       0.013     -59.103       0.014
Gaia DR3 4591351448523805312 272.4198854  31.8711090 10.573  2.075       1.486  25.2759  81.9495   -37.27      nan      nan   45.882  nan      nan    nan   1.145     nan                                None      60.342     196.773      45.983       0.013     196.210       0.013
Gaia DR3 1390988312008777472 231.9895578  42.4772134 18.046  3.128       0.929  12.7221  82.0051   -28.40      nan      nan    5.632  nan      nan    nan   0.966     nan                                None     -27.015      27.012     -26.632       0.104      28.046       0.126
Gaia DR3 1823067317695766784 299.6895908  19.4922471  2.859  1.697       2.226  50.7859  82.0248   -33.63      nan      nan   11.338  nan      nan    nan   8.186     nan                                None      59.697      22.347      65.005       0.152      22.721       0.152
Gaia DR3 4357498244556922240 248.0150092  -3.3445548 11.194  1.388       2.955  52.3922  82.0320   -40.96      nan      nan   12.603  nan      nan    nan   1.173     nan                                None     -31.462     -12.786     -23.982       0.023     -10.399       0.017
Gaia DR3 1265893717316570624 221.2435060  23.5160934  9.181  0.720       2.402  32.9056  82.0504   -29.78      nan      nan    6.857  nan      nan    nan   8.323     nan                                None     -42.105      14.939     -44.301       0.101      17.629       0.119
Gaia DR3 1479643038364982528 217.6110928  34.5065610 14.464  2.423       1.678  26.4472  82.0599   -25.69      nan      nan    6.284  nan      nan    nan   1.909     nan                                None     -41.150      19.534     -43.104       0.019      20.595       0.031
Gaia DR3 2106649336632623232 283.5782956  44.1755124 14.277  2.139       1.719  24.9011  82.0933   -30.64      nan      nan    6.176  nan      nan    nan   2.139     nan                                None      18.655      34.403      19.989       0.034      32.605       0.033
Gaia DR3 4355814273779091200 246.6191039  -4.4640544 11.387  1.816       2.142  53.5186  82.1095   -40.56      nan      nan   20.529  nan      nan    nan   1.360     nan                                None     -55.579     -24.189     -53.038       0.031     -15.273       0.021
 Gaia DR3 832090028873370496 162.3005002  47.3931262 14.198  2.348       2.016  53.7211  82.1307     4.13      nan      nan   14.326  nan      nan    nan   1.153     nan                                None    -126.746     -24.339    -132.666       0.014     -22.914       0.028
Gaia DR3 2039807001127793920 290.0701681  31.5166914 19.645  2.991       1.744  36.1575  82.1656   -34.08      nan      nan    7.239  nan      nan    nan   1.065     nan                                None      28.696      27.592      27.019       0.347      25.525       0.377
Gaia DR3 3942229672158400640 192.5252629  19.9233841 18.066  0.330       1.220  52.4426  82.2216   -13.58      nan      nan   12.515  nan      nan    nan   0.974     nan                                None    -107.270       6.226    -106.987       0.201       3.019       0.162
Gaia DR3 2132813727643857408 287.1847414  49.6009390 15.543  2.434       2.470  25.4639  82.3073   -27.37      nan      nan    6.204  nan      nan    nan   1.024     nan                                None      22.025      37.216      19.382       0.029      35.360       0.032
Gaia DR3 4502500085682243072 268.4199133  16.1677268 13.151  1.628       1.387  36.9678  82.3760   -41.70      nan      nan    7.333  nan      nan    nan   1.059     nan                                None       5.048      14.816       3.879       0.010      16.614       0.012
Gaia DR3 1502935092687304704 207.4877779  45.6967110 12.326  1.230       1.873  27.0935  82.3855   -18.21      nan      nan    6.316  nan      nan    nan   1.365     nan                                None     -47.627      20.261     -45.479       0.012      18.995       0.014
Gaia DR3 2002857809797874304 343.0946225  54.6980682 16.525  3.461       1.016  54.5113  82.3882    -6.67      nan      nan   17.878  nan      nan    nan   1.070     nan                                None     158.614      19.806     157.140       0.052      16.270       0.047
Gaia DR3 4442666685824394752 253.0099809   8.5773712 18.792  3.612       2.064  40.7174  82.3884   -41.94      nan      nan    7.936  nan      nan    nan   0.987     nan                                None     -13.736       6.506     -10.743       0.234       8.230       0.187
Gaia DR3 4426540526737917952 239.4968080   5.5263183 19.241  3.798       2.275  44.0687  82.4134   -39.02      nan      nan    8.650  nan      nan    nan   1.028     nan                                None     -32.483       2.467     -28.743       0.339       4.261       0.215
Gaia DR3 4469652175804249216 269.2541242   3.7684973 14.761  2.455       2.382  48.8685  82.4159   -42.73      nan      nan   10.205  nan      nan    nan   1.070     nan                                None       8.362       0.856       9.581       0.025       5.832       0.023
Gaia DR3 1683102889080800640 188.3698437  69.7882838  3.893 -0.116       2.961  34.4763  82.4241    -5.92      nan      nan    7.009  nan      nan    nan   2.441     nan                                None     -61.374      13.468     -58.571       0.335      10.110       0.427
Gaia DR3 4026749204000838016 180.0397296  32.2409219  8.196  0.613       1.903  52.1263  82.4458    -5.07      nan      nan   12.092  nan      nan    nan   1.039     nan                                None    -108.677       0.878    -107.749       0.019      -3.882       0.021
Gaia DR3 1373276347916575360 239.4939606  37.3758807 17.176  2.997       2.656  13.0850  82.4634   -32.43      nan      nan    5.627  nan      nan    nan   0.945     nan                                None     -21.133      25.800     -24.266       0.061      25.469       0.073
 Gaia DR3 503117730390332288  85.3214895  75.8251112 14.906  2.769       2.720  54.5985  82.4673     8.15      nan      nan   16.381  nan      nan    nan   1.083     nan                                None      -3.281    -145.534      -1.590       0.017    -136.296       0.022
Gaia DR3 2032511123054623360 294.7837434  30.3807085 16.657  3.003       0.984  39.9375  82.4678   -32.99      nan      nan    7.788  nan      nan    nan   1.820     nan                                None      35.967      27.178      35.102       0.079      28.543       0.087
Gaia DR3 1172867405744664832 219.6915635   8.5436740 14.225  2.309       2.856  46.7934  82.4882   -30.65      nan      nan    9.411  nan      nan    nan   1.227     nan                                None     -59.459       4.299     -55.359       0.026       8.210       0.023
Gaia DR3 4399284874735520896 236.9407396  -4.5952342 14.945  2.586       2.127  54.4500  82.4935   -37.82      nan      nan   15.444  nan      nan    nan   1.047     nan                                None     -63.603     -17.785     -58.184       0.029     -22.098       0.021
Gaia DR3 2015503116924956800 353.1647634  61.3079952 17.360  0.316       2.527  54.6599  82.4986    -2.43      nan      nan   16.829  nan      nan    nan   1.004     nan                                None     152.061      -2.045     150.742       0.082       6.821       0.070
Gaia DR3 1156855080470670976 226.3990935   5.7753643 13.144  1.826       2.502  46.8664  82.5565   -33.99      nan      nan    9.421  nan      nan    nan   1.159     nan                                None     -52.008       2.014     -47.896       0.016       4.806       0.015
Gaia DR3 4540077029431441024 258.7537588  11.1224465 17.056  1.673       0.902  39.0296  82.5715   -42.32      nan      nan    7.627  nan      nan    nan  11.848     nan                                None      -6.364       9.431      -7.462       0.653       8.485       0.597
Gaia DR3 1699414522035238272 214.1784483  72.6372706 13.776  1.736       1.920  27.8763  82.6240   -10.54      nan      nan    6.363  nan      nan    nan   0.972     nan                                None     -43.969      34.406     -46.090       0.015      32.944       0.015
Gaia DR3 2147457745054648192 278.0013415  54.3651420 13.824  1.705       2.322  19.3670  82.6302   -26.18      nan      nan    5.851  nan      nan    nan   0.936     nan                                None      12.745      39.969       9.934       0.016      39.420       0.015
Gaia DR3 1503638230373459200 204.8437359  46.4363891 15.768  2.423       2.296  28.5306  82.6621   -16.86      nan      nan    6.413  nan      nan    nan   5.617     nan                                None     -49.785      19.250     -51.731       0.137      21.669       0.158
Gaia DR3 1070394674382869376 152.2798161  69.4656852 16.715  3.101       2.678  46.7114  82.6666     3.32      nan      nan    9.349  nan      nan    nan   1.004     nan                                None     -78.463     -31.015     -73.189       0.044     -31.255       0.053
Gaia DR3 3940853397134158848 195.0612592  18.2929416 16.441  0.202       2.064  52.0492  82.7259   -15.34      nan      nan   11.876  nan      nan    nan   1.009     nan                                None    -100.185       6.341    -101.316       0.069      11.381       0.069
Gaia DR3 4483608689218225664 276.3969920  11.2317867 13.018  1.891       2.700  44.6958  82.7524   -41.52      nan      nan    8.758  nan      nan    nan  10.559     nan                                None      16.921      10.689      20.192       0.156      14.452       0.161
Gaia DR3 1224434672886977920 236.0941823  27.5370616 13.449  1.448       2.868  23.2864  82.7633   -34.67      nan      nan    6.048  nan      nan    nan   1.031     nan                                None     -25.621      19.589     -25.445       0.010      23.242       0.013
Gaia DR3 2083833611371863680 305.9186512  47.9844284 17.429  3.012       2.682  37.6306  82.7876   -23.14      nan      nan    7.394  nan      nan    nan   0.982     nan                                None      44.597      34.453      45.407       0.076      38.556       0.080
Gaia DR3 3656410391863098752 219.8102360   3.0363411 16.840  2.893       2.578  51.7802  82.8522   -30.77      nan      nan   11.619  nan      nan    nan   3.710     nan                                None     -73.259      -1.918     -67.565       0.336       0.815       0.278
Gaia DR3 1319295210371938944 243.7226805  30.9543751 11.698  0.921       2.971  18.3365  82.8694   -35.69      nan      nan    5.797  nan      nan    nan   1.094     nan                                None     -18.199      22.737     -14.604       0.011      22.230       0.014
Gaia DR3 1443916675762492288 204.8983265  23.9511299 10.159  0.833       0.371  41.7268  82.8719   -21.05      nan      nan    8.076  nan      nan    nan   1.058     nan                                None     -62.659      11.437     -62.387       0.023      12.007       0.012
Gaia DR3 1953472042441641216 325.1973386  37.6343422 18.447  4.245       2.360  55.0232  82.8777   -17.84      nan      nan   17.734  nan      nan    nan   1.095     nan                                None     140.361      40.079     137.518       0.133      31.725       0.151
Gaia DR3 1115049792957622784  99.0111924  74.2922534  8.700  0.893       1.569  54.8661  82.8834     8.88      nan      nan   18.962  nan      nan    nan   0.850     nan                                None     -44.232    -161.974     -50.329       0.010    -160.505       0.013
Gaia DR3 1980755976816265472 326.3047636  50.9425163 16.352  3.043       1.829  48.1007  82.8856   -14.44      nan      nan    9.781  nan      nan    nan   1.061     nan                                None      78.227      28.820      77.605       0.050      25.101       0.046
Gaia DR3 1653505101212990464 251.3056039  72.0536959 15.502  2.308       1.406  23.0665  82.8868   -15.17      nan      nan    6.030  nan      nan    nan   1.080     nan                                None     -12.022      49.615     -13.412       0.031      50.739       0.036
Gaia DR3 4007684600088197376 180.3609434  27.9297100 15.343  3.218       1.495  54.7483  82.9249    -5.29      nan      nan   19.665  nan      nan    nan   1.170     nan                                None    -176.631       0.308    -170.991       0.077       2.872       0.068
Gaia DR3 1634639062228062848 266.0306543  68.2381300 15.887 -0.415       2.461  21.2431  82.9447   -18.11      nan      nan    5.929  nan      nan    nan   1.133     nan                                None       1.850      48.611       4.194       0.049      46.619       0.071
Gaia DR3 1291066348840336128 229.8404144  35.6072590 16.783  0.223       2.396  18.7322  82.9588   -30.21      nan      nan    5.810  nan      nan    nan   1.027     nan                                None     -29.522      22.878     -27.758       0.043      20.532       0.059
Gaia DR3 1854618731566773120 320.0241133  33.2187381 16.354  3.328       1.324  54.5536  82.9740   -21.38      nan      nan   14.594  nan      nan    nan   1.004     nan                                None     109.303      34.220     106.616       0.031      37.283       0.037
Gaia DR3 1616342261028999936 229.7731902  61.4910108 20.630  0.681       1.772  15.9768  83.0272   -19.01      nan      nan    5.700  nan      nan    nan   1.001     nan                                None     -29.010      36.017     -26.883       0.853      35.915       1.176
Gaia DR3 4540018446077913600 258.2005048  10.9641610 14.070  2.024       0.996  39.0789  83.0330   -42.30      nan      nan    7.593  nan      nan    nan   1.005     nan                                None      -6.995       9.190      -7.610       0.016       7.720       0.013
Gaia DR3 1865666899280752512 314.1501903  32.1354441 13.945  2.205       1.795  51.4501  83.0416   -24.55      nan      nan   11.320  nan      nan    nan   1.066     nan                                None      78.477      30.029      75.193       0.011      27.279       0.014
Gaia DR3 2072384946565080192 300.0411705  38.3811992 16.391  2.625       2.587  38.5007  83.0513   -28.67      nan      nan    7.501  nan      nan    nan   0.986     nan                                None      39.834      31.063      43.407       0.040      33.057       0.044
Gaia DR3 1821082012052405504 296.5272259  17.4821746  9.740  0.850       2.628  50.3438  83.0740   -35.19      nan      nan   10.694  nan      nan    nan   0.862     nan                                None      51.888      19.302      57.632       0.013      17.855       0.012
Gaia DR3 3724099901081748224 212.1456565  10.7197800 16.167  2.797       1.771  48.3457  83.0967   -26.42      nan      nan    9.824  nan      nan    nan   1.061     nan                                None     -69.867       5.277     -66.761       0.056       3.327       0.045
Gaia DR3 4474592827003416960 270.6133705   6.2703533 18.560  3.824       1.824  46.9643  83.1097   -42.57      nan      nan    9.345  nan      nan    nan   1.374     nan                                None       9.650       4.438      10.730       0.270       1.011       0.266
Gaia DR3 2101399271692262272 290.3004240  41.0181565 16.889  2.753       2.150  30.7401  83.1206   -30.57      nan      nan    6.578  nan      nan    nan   1.070     nan                                None      26.292      32.467      26.277       0.054      29.486       0.059
Gaia DR3 1340482692064033152 259.8135223  38.0894313 18.916  3.199       2.316  14.0179  83.1213   -35.11      nan      nan    5.632  nan      nan    nan   1.089     nan                                None      -3.761      29.058      -5.450       0.175      31.228       0.232
Gaia DR3 2150395537044558592 271.0316558  56.8331144 16.867  2.673       2.839  15.9761  83.1226   -25.28      nan      nan    5.697  nan      nan    nan   1.056     nan                                None       6.256      41.187       8.116       0.070      38.330       0.067
Gaia DR3 2263308234392385792 296.0305823  71.0995240 16.904  2.791       2.981  31.1754  83.1372   -14.05      nan      nan    6.618  nan      nan    nan   1.022     nan                                None      31.672      46.902      32.580       0.067      42.844       0.081
Gaia DR3 2036356012096538240 288.7620484  26.9932287 15.971  2.643       2.417  38.4696  83.2031   -35.77      nan      nan    7.483  nan      nan    nan   3.254     nan                                None      28.270      24.492      31.755       0.076      26.039       0.093
Gaia DR3 1403567004204724352 240.4814779  50.9574063 17.970  2.950       1.313   4.9955  83.2174   -26.61      nan      nan    5.450  nan      nan    nan   1.077     nan                                None     -19.693      33.313     -21.188       0.115      33.116       0.134
Gaia DR3 4341407647798185216 252.7148381  -5.4655162 13.881  2.670       2.939  54.6902  83.3075   -41.58      nan      nan   14.317  nan      nan    nan   1.360     nan                                None     -25.433     -19.333     -33.798       0.025     -16.379       0.018
Gaia DR3 4341407647798185088 252.7145655  -5.4650288 13.926  2.750       2.062  54.6897  83.3754   -41.58      nan      nan   14.217  nan      nan    nan   1.839     nan                                None     -25.256     -19.197     -30.857       0.038     -21.808       0.027
Gaia DR3 4537161605635864704 277.9852718  26.0848468 18.182  3.291       2.971  32.8332  83.4193   -38.40      nan      nan    6.764  nan      nan    nan   0.986     nan                                None      14.719      22.996      18.712       0.096      24.411       0.118
Gaia DR3 1714654371671955840 220.6159651  78.9955813 17.127  2.955       1.090  31.4841  83.4642    -8.31      nan      nan    6.628  nan      nan    nan   1.004     nan                                None     -41.183      42.052     -41.054       0.068      43.569       0.059
Gaia DR3 1540072059987437952 180.4232636  47.0834081 16.829  2.989       2.121  43.4696  83.4740    -5.00      nan      nan    8.367  nan      nan    nan   1.001     nan                                None     -75.144       3.247     -71.857       0.039       5.031       0.061
Gaia DR3 4341270277564016640 252.2951440  -6.0125183 13.744  2.413       2.003  55.2077  83.5117   -41.46      nan      nan   15.041  nan      nan    nan   1.167     nan                                None     -27.695     -21.549     -32.493       0.021     -25.710       0.016
Gaia DR3 3667974333609345664 212.7580520   3.4384364 14.102  2.816       2.883  54.4204  83.5192   -26.88      nan      nan   13.632  nan      nan    nan   1.352     nan                                None     -96.135      -2.302     -88.407       0.030       0.684       0.023
Gaia DR3 4587661246987591680 280.8082596  29.8579434 19.792  3.347       1.776  31.5735  83.5271   -36.78      nan      nan    6.633  nan      nan    nan   1.156     nan                                None      17.282      25.649      15.913       0.343      27.722       0.371
Gaia DR3 1607350416281651456 220.8332717  55.4910963 18.917  3.402       2.511  17.5039  83.5339   -19.67      nan      nan    5.739  nan      nan    nan   1.080     nan                                None     -35.515      29.490     -38.551       0.199      29.586       0.220
Gaia DR3 4532861583159205632 280.9801137  24.3265116 15.622  2.559       2.888  35.8824  83.5813   -38.34      nan      nan    7.099  nan      nan    nan   1.088     nan                                None      18.680      21.991      15.210       0.022      24.568       0.031
Gaia DR3 4387726426248113408 256.7139199   1.8486628 19.189  2.819       1.331  47.8313  83.5898   -42.54      nan      nan    9.534  nan      nan    nan   2.481     nan                                None     -11.003      -2.091      -8.957       0.749      -0.369       0.523
Gaia DR3 3720060187987124992 207.9096848   5.4326348 17.847  4.329       0.743  55.0321  83.6072   -23.99      nan      nan   21.326  nan      nan    nan   0.891     nan                                None    -160.035      -0.635    -162.492       0.187      -2.897       0.127
Gaia DR3 2090382130822676352 283.3088873  32.3889578 16.223  2.551       2.041  31.3116  83.6659   -35.44      nan      nan    6.601  nan      nan    nan   1.011     nan                                None      19.673      27.329      21.326       0.038      25.019       0.039
Gaia DR3 2183897995647073664 311.7608928  55.7324846 19.028  3.403       2.850  38.2436  83.7212   -18.22      nan      nan    7.406  nan      nan    nan   1.042     nan                                None      49.511      35.098      48.501       0.296      30.763       0.271
Gaia DR3 4441052263452471040 252.9484228   6.5096189 19.345  3.363       0.942  42.7710  83.7321   -42.04      nan      nan    8.187  nan      nan    nan   1.005     nan                                None     -14.248       4.093     -14.250       0.313       2.467       0.240
 Gaia DR3 570407910729061888  78.7190937  84.0894116 15.713  2.644       0.493  46.7654  83.7473     1.99      nan      nan    9.167  nan      nan    nan   0.952     nan                                None       7.699     -82.524       8.498       0.031     -83.042       0.033
Gaia DR3 3667168941342155520 212.4089798   2.0270948 13.256  2.505       1.541  55.8343  83.7640   -26.65      nan      nan   16.487  nan      nan    nan   5.610     nan                                None    -116.834      -5.112    -112.480       0.105      -1.994       0.085
Gaia DR3 1416737774820070912 263.1807433  52.6175937 17.546  3.063       2.100  10.4036  83.7763   -27.92      nan      nan    5.518  nan      nan    nan   1.007     nan                                None      -0.758      37.914       0.156       0.082      40.179       0.097
Gaia DR3 2005026081097783296 334.4477275  54.2246741 17.004  3.170       0.589  50.6348  83.7896   -10.36      nan      nan   10.607  nan      nan    nan   1.075     nan                                None      90.301      22.939      91.239       0.070      22.014       0.064
Gaia DR3 1364222148834972032 269.2775609  49.6000277 19.787  2.843       0.221  14.0479  83.7910   -29.49      nan      nan    5.611  nan      nan    nan   0.990     nan                                None       4.618      36.604       4.366       0.381      36.674       0.350
Gaia DR3 3715387714540578048 205.3466260   6.5915891 16.338  3.065       1.746  55.3807  83.8175   -22.38      nan      nan   14.832  nan      nan    nan   1.495     nan                                None    -114.536       0.497    -114.011       0.128      -4.937       0.111
Gaia DR3 4578622161893325568 275.1363796  24.2060445 13.684  1.914       0.235  32.8514  83.8310   -39.33      nan      nan    6.741  nan      nan    nan   0.971     nan                                None      11.712      21.384      12.007       0.010      21.228       0.012
Gaia DR3 4356637189514502912 243.3564699  -4.0516309  6.909  0.373       2.609  53.2308  83.8558   -39.80      nan      nan   12.166  nan      nan    nan   0.931     nan                                None     -38.852     -13.440     -45.475       0.028     -12.495       0.019
Gaia DR3 4350142717928632448 242.3835697  -5.8720584 14.530  2.848       2.378  55.1126  83.8659   -39.36      nan      nan   21.978  nan      nan    nan   1.332     nan                                None     -73.332     -30.005     -64.467       0.034     -36.545       0.019
Gaia DR3 1446279698048764416 201.2920615  24.1039680 15.776  2.713       1.626  43.8447  83.8682   -18.88      nan      nan    8.400  nan      nan    nan   1.011     nan                                None     -67.489      10.289     -67.602       0.046      13.166       0.032
Gaia DR3 2302425009817260288 298.5587308  85.0737783 15.741  2.500       2.372  38.0048  83.8715    -5.43      nan      nan    7.360  nan      nan    nan   2.102     nan                                None      37.678      54.283      34.137       0.064      53.281       0.070
Gaia DR3 4588910120395266432 277.4172104  31.0544163 13.196  1.527       1.745  28.7067  83.8831   -36.95      nan      nan    6.366  nan      nan    nan   1.076     nan                                None      13.298      26.098      15.408       0.011      25.082       0.012
Gaia DR3 4394554260314781312 257.8398925   6.9989535 12.716  1.627       2.307  42.9155  83.8964   -42.56      nan      nan    8.198  nan      nan    nan   2.969     nan                                None      -8.016       4.834     -11.917       0.031       5.656       0.025
Gaia DR3 1062275158968685184 171.8239008  70.5608398 16.774  2.664       2.937  40.0446  83.9083    -1.72      nan      nan    7.669  nan      nan    nan   1.032     nan                                None     -69.248      -3.839     -70.093       0.061       0.833       0.075
Gaia DR3 4419645390535497344 226.6628984   0.6862427 13.107  2.002       2.707  51.6186  83.9085   -34.06      nan      nan   11.075  nan      nan    nan   1.181     nan                                None     -60.774      -4.682     -62.060       0.015     -10.871       0.015
Gaia DR3 2273817675766257792 323.8044750  73.2105193 19.562  3.783       2.376  39.7884  83.9397    -8.54      nan      nan   41.234  nan      nan    nan   1.997     nan                                None     321.893     173.641     304.612       0.786     162.325       0.839
Gaia DR3 2139306790481714048 289.8475590  52.0753274 14.565  2.049       1.975  26.5842  83.9512   -25.61      nan      nan    6.206  nan      nan    nan   1.174     nan                                None      24.404      37.888      26.696       0.020      36.697       0.021
Gaia DR3 4362010154942755200 262.2539413  -5.6138730 18.551  1.044       1.745  56.1244  83.9624   -42.38      nan      nan   17.613  nan      nan    nan   1.014     nan                                None      -4.993     -24.479      -9.782       0.196     -20.115       0.148
Gaia DR3 4356637120795019648 243.3709741  -4.0598520 16.967  3.330       2.952  53.2381  83.9703   -39.81      nan      nan   12.107  nan      nan    nan   1.017     nan                                None     -38.638     -13.390     -46.040       0.087     -11.983       0.061
Gaia DR3 1631574650306390144 253.0585608  62.8470704 17.171  2.868       1.959  14.1146  83.9740   -21.34      nan      nan    5.607  nan      nan    nan   0.992     nan                                None      -9.662      42.957     -11.841       0.074      43.742       0.071
Gaia DR3 3715387714540578176 205.3460359   6.5917695 14.196  2.655       1.152  55.3809  83.9850   -22.38      nan      nan   14.547  nan      nan    nan   1.327     nan                                None    -112.336       0.487    -115.749       0.029       1.403       0.023
Gaia DR3 1185806591724390528 220.8760512  14.4712933 17.962  3.354       2.629  40.9524  84.0035   -30.85      nan      nan    7.813  nan      nan    nan   1.037     nan                                None     -48.313       9.019     -44.301       0.189      10.650       0.178
Gaia DR3 4420241531996137216 227.5271745   1.8873818 13.930  2.564       2.337  50.2152  84.0450   -34.49      nan      nan   30.575  nan      nan    nan   1.636     nan                                None    -164.445      -8.233    -153.540       0.031     -18.623       0.032
Gaia DR3 4032135088694261504 174.9869715  35.1549017 17.084  3.277       2.250  53.5301  84.0486    -1.96      nan      nan   12.295  nan      nan    nan   0.998     nan                                None    -111.089      -4.069    -114.152       0.063      -9.030       0.077
Gaia DR3 2125704766497301888 292.2934308  42.0167542 16.052  2.544       2.385  31.5600  84.0545   -29.65      nan      nan    6.602  nan      nan    nan   0.961     nan                                None      28.232      32.685      24.935       0.042      32.296       0.048
Gaia DR3 1075666832637957120 169.6114517  72.6639048 16.456  2.734       0.715  40.4159  84.0809    -1.31      nan      nan    7.714  nan      nan    nan   1.001     nan                                None     -69.501      -6.321     -70.128       0.049      -5.343       0.053
Gaia DR3 1498163040424489216 213.2464828  41.4300503 13.121  1.496       2.643  25.1587  84.0837   -21.89      nan      nan    6.105  nan      nan    nan   1.067     nan                                None     -42.758      20.742     -45.794       0.009      22.276       0.012
Gaia DR3 4397577195735557760 234.9237618  -5.9741576 14.826  2.844       2.049  56.1362  84.0982   -36.97      nan      nan   16.411  nan      nan    nan   3.028     nan                                None     -72.187     -21.786     -67.879       0.306     -27.414       0.273
Gaia DR3 4178914324728291584 269.8977020  -1.3644871 15.742  3.144       1.276  53.9447  84.0995   -42.55      nan      nan   12.621  nan      nan    nan   2.887     nan                                None      11.617      -9.121      11.362       0.129     -12.505       0.112
Gaia DR3 1147196145699645696 177.7452410  84.7952390  9.320  0.684       1.452  39.4171  84.1020    -2.65      nan      nan    7.551  nan      nan    nan   3.250     nan                                None     -68.092       4.029     -68.173       0.051       6.339       0.050
Gaia DR3 4491146940930377088 262.6864224  10.0263187 12.136  1.340       2.047  40.9858  84.1041   -42.59      nan      nan    7.809  nan      nan    nan   1.032     nan                                None      -1.681       8.371      -2.642       0.012      11.601       0.011
Gaia DR3 4178914329030219904 269.8973925  -1.3646130 17.175    nan       2.319  53.9447  84.1257   -42.55      nan      nan   12.603  nan      nan    nan   0.858     nan                                None      11.600      -9.108      16.868       0.576      -5.913       0.540
Gaia DR3 4278652781128983936 281.3408634   1.1382988 16.101  3.399       2.987  55.9193  84.1293   -40.94      nan      nan   15.492  nan      nan    nan   1.805     nan                                None      41.606      -5.224      48.741       0.108     -11.873       0.088
Gaia DR3 4026543251728779392 179.6286766  31.3373616  8.624  0.723       2.979  52.9758  84.1798    -4.81      nan      nan   11.804  nan      nan    nan   5.028     nan                                None    -106.166       0.262    -106.899       0.119      -7.113       0.112
Gaia DR3 4549765749802523904 263.0349775  15.9127639 18.126  3.235       2.249  35.4269  84.1929   -41.85      nan      nan    7.001  nan      nan    nan   0.988     nan                                None      -1.123      13.918       1.473       0.130      15.987       0.134
Gaia DR3 2122084654520623744 274.7390504  48.0406785 17.729  2.872       0.672  17.8558  84.2152   -29.94      nan      nan    5.729  nan      nan    nan   0.985     nan                                None       9.601      35.881       9.420       0.091      36.672       0.097
Gaia DR3 4268749750473879424 285.6703293   2.8372642 18.710  4.334       2.552  56.4116  84.2488   -39.90      nan      nan   17.562  nan      nan    nan   1.083     nan                                None      58.472      -1.620      50.858       0.237       3.972       0.215
Gaia DR3 4356045308659804160 245.9472783  -4.3026874 17.411  3.490       2.429  53.3705  84.2489   -40.42      nan      nan   12.055  nan      nan    nan   1.037     nan                                None     -33.852     -13.884     -27.836       0.134     -15.272       0.099
Gaia DR3 4352989044290732288 251.1110282  -5.6873077  8.602  0.879       0.936  54.8167  84.2697   -41.31      nan      nan   13.388  nan      nan    nan   9.120     nan                                None     -27.093     -18.462     -28.926       0.185     -20.365       0.145
Gaia DR3 1324345885753436928 246.7029575  30.8815362 17.722  2.988       2.783  18.1799  84.2735   -36.33      nan      nan    5.740  nan      nan    nan   1.001     nan                                None     -15.467      22.905     -16.232       0.079      19.626       0.088
Gaia DR3 1306210708468121344 253.6737615  25.7391517 18.590  3.294       1.134  23.7727  84.2856   -39.00      nan      nan    6.013  nan      nan    nan   0.994     nan                                None      -9.788      20.455     -11.192       0.141      20.763       0.182
 Gaia DR3 502087522355276800  69.1705498  74.4847605 14.639  2.460       2.962  56.4643  84.2962     8.75      nan      nan   18.078  nan      nan    nan   1.001     nan                                None      41.956    -154.597      33.321       0.016    -147.328       0.019
Gaia DR3 4394554260312485888 257.8391634   6.9992517 15.018  2.287       2.169  42.9151  84.2981   -42.56      nan      nan    8.151  nan      nan    nan   1.377     nan                                None      -7.971       4.807      -9.453       0.033       8.226       0.028
 Gaia DR3 831661047540406272 166.5799350  48.0441124 18.932  3.711       2.882  50.9840  84.3171     1.93      nan      nan   10.610  nan      nan    nan   1.045     nan                                None     -95.066     -12.880     -89.000       0.156     -10.697       0.219
Gaia DR3 1229947521108362880 211.3169890  13.7794711 17.576  3.499       1.572  46.1640  84.3223   -25.77      nan      nan    8.902  nan      nan    nan   0.952     nan                                None     -64.020       7.203     -65.423       0.113       4.609       0.102
Gaia DR3 4397577642411667456 234.9220145  -5.9673197 16.284  3.350       2.818  56.1298  84.3280   -36.97      nan      nan   15.587  nan      nan    nan   1.470     nan                                None     -68.566     -20.678     -77.602       0.088     -22.695       0.072
 Gaia DR3 786082236117965440 176.6531473  46.7035411 14.692  2.705       2.572  45.8999  84.3423    -3.09      nan      nan    8.829  nan      nan    nan   1.038     nan                                None     -79.701      -0.444     -82.544       0.014      -4.296       0.020
Gaia DR3 2161679515642469760 270.2624739  65.6321644 15.308  2.464       1.359  20.3415  84.3598   -19.77      nan      nan    5.831  nan      nan    nan   1.500     nan                                None       5.700      46.491       4.047       0.041      46.254       0.038
Gaia DR3 4027725295448535424 177.6295976  32.9722300 18.174  3.677       0.741  53.2189  84.3627    -3.56      nan      nan   11.884  nan      nan    nan   1.086     nan                                None    -107.186      -1.425    -105.926       0.144      -2.787       0.131
Gaia DR3 1477734801573927040 213.5735126  32.6011321 13.376  1.641       2.084  30.2104  84.3782   -24.27      nan      nan    6.464  nan      nan    nan   0.988     nan                                None     -45.060      17.258     -43.378       0.009      14.971       0.013
Gaia DR3 2260741390134801024 271.1630035  71.4144730 20.358  2.405       1.384  24.8460  84.3818   -15.83      nan      nan    6.073  nan      nan    nan   1.046     nan                                None       6.794      50.632       5.384       0.904      49.559       1.283
Gaia DR3 2126923094099978752 289.4418446  44.3060778 14.523  2.248       0.849  28.6778  84.3964   -29.38      nan      nan    6.338  nan      nan    nan   4.902     nan                                None      24.560      33.836      23.436       0.078      33.676       0.089
Gaia DR3 2125704732137561856 292.2907462  42.0129919 15.600  2.420       2.306  31.5600  84.4190   -29.65      nan      nan    6.582  nan      nan    nan   0.966     nan                                None      28.142      32.583      24.948       0.031      32.393       0.034
Gaia DR3 4280590498574128256 281.4297569   4.2296340 19.114  4.460       2.178  53.1933  84.4259   -40.95      nan      nan   27.265  nan      nan    nan   1.225     nan                                None      73.591       3.510      61.147       0.322       4.875       0.296
Gaia DR3 4405969183875738240 240.0496339  -2.5166726 11.676  2.179       2.539  51.9849  84.4285   -38.99      nan      nan   29.114  nan      nan    nan   1.358     nan                                None    -107.020     -25.351    -109.325       0.026     -40.763       0.020
Gaia DR3 3673996530593543552 213.5748801   7.0756136 16.429  3.078       2.103  50.8248  84.4319   -27.35      nan      nan   10.501  nan      nan    nan   0.939     nan                                None     -73.198       2.137     -70.480       0.065      -1.641       0.055
Gaia DR3 4570853145869197312 262.5144554  26.3670734 17.525  2.876       1.892  25.4358  84.4412   -39.44      nan      nan    6.107  nan      nan    nan   0.988     nan                                None      -1.481      21.719       0.889       0.067      22.285       0.079
Gaia DR3 2175046656473481472 324.9623177  55.8005077  9.664  0.780       1.807  45.1159  84.4768   -13.70      nan      nan    8.613  nan      nan    nan   0.933     nan                                None      68.013      28.833      65.777       0.013      26.433       0.013
Gaia DR3 4467991775809939328 269.3247657   1.7266806 10.333  1.028       1.281  50.8279  84.4931   -42.71      nan      nan   10.484  nan      nan    nan   0.899     nan                                None       8.707      -2.488       9.211       0.018      -5.273       0.016
Gaia DR3 1401277507462257024 235.4813391  47.4352049 18.095  3.193       1.034   8.2645  84.5015   -27.22      nan      nan    5.455  nan      nan    nan   0.954     nan                                None     -23.575      30.009     -22.462       0.096      30.425       0.114
Gaia DR3 2010467392330833152 349.9666524  58.7516580 15.649  2.852       2.964  55.0229  84.5292    -3.64      nan      nan   13.391  nan      nan    nan   1.045     nan                                None     120.707       3.836     112.486       0.029       2.274       0.030
Gaia DR3 3668298483381277184 216.8438389   3.2304311 14.830  2.675       2.732  52.8051  84.5371   -29.19      nan      nan   11.525  nan      nan    nan   1.115     nan                                None     -76.426      -1.867     -80.744       0.031       3.174       0.027
Gaia DR3 2085432400053891200 299.9732063  46.9260746 18.065  3.090       2.618  34.3725  84.5374   -25.45      nan      nan    6.858  nan      nan    nan   1.021     nan                                None      36.359      34.279      38.182       0.107      37.596       0.118
Gaia DR3 4554644115397925888 259.1513079  19.5461426 16.873  1.613       2.314  30.9090  84.5517   -41.03      nan      nan    6.516  nan      nan    nan  12.398     nan                                None      -5.030      16.504      -2.938       0.452      14.110       0.588
Gaia DR3 4555409096307797120 264.1859873  19.6848634 18.617  3.552       2.055  32.2135  84.5632   -41.15      nan      nan    6.635  nan      nan    nan   1.064     nan                                None       0.141      17.019       3.015       0.151      17.078       0.179
Gaia DR3 4405234435229785984 244.1079180  -2.7537217 13.919  2.633       0.712  51.8925  84.6247   -40.11      nan      nan   10.964  nan      nan    nan   1.827     nan                                None     -33.795     -10.046     -32.504       0.036     -11.067       0.024
Gaia DR3 4370842600569769344 266.9384382  -1.6749185 15.759  3.201       2.609  53.3892  84.6467   -42.70      nan      nan   11.862  nan      nan    nan   1.567     nan                                None       5.399      -9.161      10.624       0.066      -5.257       0.049
Gaia DR3 1986970210372408448 338.7587090  47.9526766 14.900  2.818       2.745  56.4630  84.6616    -9.36      nan      nan   20.842  nan      nan    nan   1.072     nan                                None     181.674      29.788     173.953       0.023      39.056       0.022
Gaia DR3 2167065434694631808 314.0387498  48.6053957 17.956  3.305       0.929  42.2452  84.6649   -20.02      nan      nan    7.980  nan      nan    nan   1.020     nan                                None      55.230      32.097      56.632       0.117      31.404       0.109
Gaia DR3 3668251543683142400 216.8476575   3.2275726 15.418  2.774       2.619  52.8061  84.6772   -29.19      nan      nan   11.465  nan      nan    nan   1.137     nan                                None     -76.024      -1.860     -80.376       0.039       2.735       0.034
Gaia DR3 1489718516244430208 221.7081243  41.3960521 19.841  3.009       1.936  19.6965  84.6905   -25.35      nan      nan    5.789  nan      nan    nan   1.040     nan                                None     -35.238      23.359     -37.290       0.283      24.529       0.314
Gaia DR3 1234117281517819520 219.1756227  15.4689298 15.593  2.629       0.984  40.8321  84.7413   -29.90      nan      nan    7.721  nan      nan    nan   1.047     nan                                None     -49.231       9.402     -47.819       0.041       8.646       0.037
Gaia DR3 4281580707572320768 285.2460538   4.9586060 18.919  3.884       1.385  54.3535  84.7498   -40.00      nan      nan   12.555  nan      nan    nan   1.093     nan                                None      41.019       2.780      37.675       0.282       4.283       0.271
Gaia DR3 4284152847546316288 276.6469936   4.3725798 11.564  2.306       2.428  51.0025  84.7976   -41.87      nan      nan   31.445  nan      nan    nan   1.066     nan                                None      61.966       5.193      77.403       0.021       0.640       0.020
Gaia DR3 2264424822809260032 289.7123379  72.5366938 14.093  1.934       2.137  29.9451  84.8503   -13.89      nan      nan    6.417  nan      nan    nan   1.028     nan                                None      25.113      48.884      27.338       0.017      47.037       0.016
Gaia DR3 4364018795186774912 256.0226677  -6.6658762 14.330  2.798       0.819  56.1905  84.8558   -41.85      nan      nan   14.683  nan      nan    nan   1.235     nan                                None     -18.533     -22.671     -16.064       0.027     -22.098       0.021
Gaia DR3 1332439768802510720 245.7909586  39.3801383 16.792  2.851       2.265   9.7589  84.8585   -32.97      nan      nan    5.471  nan      nan    nan   0.956     nan                                None     -15.492      27.638     -13.072       0.047      28.621       0.052
Gaia DR3 4278423910922816384 281.3406015   0.1931055 15.369  3.231       2.887  56.7696  84.8908   -40.91      nan      nan   20.709  nan      nan    nan   1.062     nan                                None      55.617      -9.933      48.417       0.041     -20.277       0.038
Gaia DR3 4384929547842911360 254.5458346   1.9798083 12.161  1.592       0.439  47.4349  84.8972   -42.31      nan      nan    9.162  nan      nan    nan  16.840     nan                                None     -13.673      -1.837     -14.519       0.542      -1.903       0.429
Gaia DR3 1468882392942262400 204.5460165  32.2600922 11.286  1.020       2.487  36.1295  84.9040   -19.67      nan      nan    7.036  nan      nan    nan   1.278     nan                                None     -54.789      14.196     -56.241       0.017      10.805       0.016
Gaia DR3 1858771518264467200 314.1454787  30.7955316 13.534  2.533       2.625  52.3116  84.9253   -24.84      nan      nan   29.938  nan      nan    nan   1.136     nan                                None     207.535      75.778     196.681       0.010      88.293       0.013
Gaia DR3 1858771621343683712 314.1465961  30.7981415 13.103  2.429       2.745  52.3106  84.9295   -24.84      nan      nan   29.951  nan      nan    nan   1.145     nan                                None     207.626      75.815     198.818       0.009      90.740       0.011
Gaia DR3 1636503730869528960 253.4202294  66.7670481 17.389  2.812       2.702  17.9638  84.9366   -18.82      nan      nan    5.708  nan      nan    nan   1.043     nan                                None      -9.516      45.438     -10.427       0.085      48.559       0.088
Gaia DR3 4355229123137665792 245.3565171  -5.8723235 17.881  1.223       1.170  54.9562  84.9532   -40.12      nan      nan   25.615  nan      nan    nan   0.965     nan                                None     -74.195     -35.396     -68.311       0.167     -33.098       0.134
Gaia DR3 4408885256213297152 244.6758241   1.2981386 11.063  1.341       2.953  47.8177  85.0079   -40.46      nan      nan    9.256  nan      nan    nan   5.036     nan                                None     -27.750      -2.920     -33.464       0.073      -2.178       0.046
Gaia DR3 1140793277174071552  97.9911201  78.5869835 13.831  2.887       2.310  51.0710  85.0110     5.86      nan      nan   31.921  nan      nan    nan   1.265     nan                                None     -69.489    -277.642     -81.816       0.015    -268.178       0.019
Gaia DR3 2252460658830601856 287.5139308  62.7664728 16.423  2.791       1.410  25.6031  85.0197   -20.13      nan      nan    6.093  nan      nan    nan   8.432     nan                                None      21.922      43.491      20.667       0.436      44.796       0.392
Gaia DR3 4470132628029393792 272.0973144   3.4121256 15.681  2.821       2.991  50.1597  85.0422   -42.49      nan      nan   10.053  nan      nan    nan   1.048     nan                                None      12.716       0.249       6.522       0.040       1.592       0.039
Gaia DR3 4368253426779933440 258.3337934  -1.2610412 19.086  1.502       2.634  51.1459  85.0855   -42.56      nan      nan   10.455  nan      nan    nan   4.283     nan                                None      -9.413      -7.386      -7.231       0.822      -2.007       0.575
Gaia DR3 4272169369076860288 278.3253520  -0.5778108 11.212  1.924       2.547  56.2079  85.0862   -41.49      nan      nan   23.275  nan      nan    nan   0.944     nan                                None      51.857     -13.895      49.209       0.019     -26.107       0.016
Gaia DR3 4177705446049579648 271.6202119  -3.0307671  9.515  0.942       0.787  56.0669  85.0917   -42.28      nan      nan   14.161  nan      nan    nan   1.015     nan                                None      16.856     -13.902      16.654       0.018     -16.242       0.017
Gaia DR3 4457778687172456704 239.9343689  12.0559440 12.983  1.868       2.225  37.5424  85.1088   -38.74      nan      nan    7.200  nan      nan    nan   6.695     nan                                None     -26.586       8.822     -26.661       0.091       5.445       0.071
Gaia DR3 2011711421019023488 356.3525929  59.9774538 16.502  3.162       1.514  56.7120  85.1355    -1.23      nan      nan   15.245  nan      nan    nan   1.034     nan                                None     137.651      -8.669     136.476       0.047     -13.390       0.048
Gaia DR3 1335298052358993664 258.9734419  35.3832763 10.757  0.771       1.368  15.9860  85.1482   -36.19      nan      nan    5.628  nan      nan    nan   0.941     nan                                None      -4.502      27.000      -2.975       0.011      27.550       0.014
Gaia DR3 1966521213942097408 324.8163117  41.6018986 18.349  3.788       1.207  52.3776  85.1646   -17.25      nan      nan   11.029  nan      nan    nan   0.979     nan                                None      86.972      28.124      85.734       0.119      30.644       0.123
Gaia DR3 4176132972624599808 266.5891646  -4.9307654 13.715  1.545       2.091  56.4398  85.1740   -42.43      nan      nan   14.646  nan      nan    nan  35.135     nan                                None       5.860     -18.788      -0.100       0.769     -16.309       0.542
Gaia DR3 1242769338516926976 218.7846830  23.2648712 16.438  2.739       2.790  34.3550  85.1862   -28.65      nan      nan    6.815  nan      nan    nan   0.996     nan                                None     -43.751      13.936     -42.011       0.040      10.325       0.046
Gaia DR3 4272169751334230656 278.3207276  -0.5688221 12.659  2.706       2.753  56.1978  85.1956   -41.49      nan      nan   23.676  nan      nan    nan   4.753     nan                                None      52.735     -14.103      47.661       0.337     -26.874       0.284
Gaia DR3 1823778220705815680 299.8574168  20.8979593 14.748  2.672       1.023  49.8509  85.1981   -33.32      nan      nan    9.898  nan      nan    nan   1.152     nan                                None      52.329      21.171      52.108       0.023      19.048       0.022
Gaia DR3 1456875313650759552 204.8770215  32.2339254 11.412  1.021       1.541  35.9340  85.2047   -19.85      nan      nan    6.992  nan      nan    nan   1.407     nan                                None     -54.260      14.261     -52.080       0.019      13.620       0.017
Gaia DR3 2079020739736838144 299.4052892  44.1723796 16.478  2.773       1.036  35.1757  85.2048   -26.74      nan      nan    6.904  nan      nan    nan   1.076     nan                                None      36.102      32.940      34.896       0.050      33.844       0.049
Gaia DR3 2258334417448083200 271.6163008  68.0327698 11.913  1.073       2.599  22.4086  85.2149   -18.12      nan      nan    5.900  nan      nan    nan   1.228     nan                                None       7.019      47.894       8.906       0.017      45.269       0.019
Gaia DR3 4525781179255716608 278.9616944  20.7515647 13.903  1.946       2.972  37.6890  85.2369   -39.57      nan      nan    7.210  nan      nan    nan   1.060     nan                                None      16.764      18.878      17.876       0.009      14.500       0.013
Gaia DR3 2019661508611904768 291.3930196  23.2592477 12.036  1.569       2.596  42.8276  85.2773   -35.91      nan      nan    8.024  nan      nan    nan   3.809     nan                                None      33.304      21.685      33.014       0.025      17.303       0.052
Gaia DR3 3655776282891553664 220.8656221   3.2818038 17.588  4.809       2.258  51.1482  85.2935   -31.32      nan      nan   32.585  nan      nan    nan   0.943     nan                                None    -201.524      -4.259    -211.736       0.148       7.413       0.133
Gaia DR3 1209182041427374080 230.6940612  18.9193052  6.958  0.954       2.936  33.0806  85.2969   -34.63      nan      nan   50.745  nan      nan    nan   0.902     nan                                None    -252.154      99.771    -229.905       0.017      77.607       0.020
 Gaia DR3 844860066155048832 174.9406668  56.2859633 16.421  2.807       2.557  42.5868  85.3114    -2.37      nan      nan    7.975  nan      nan    nan   1.052     nan                                None     -72.058      -1.322     -70.916       0.038       2.823       0.046
Gaia DR3 4404171654163858560 236.7279989  -1.3437412 14.985  2.407       2.682  51.2705  85.3141   -37.99      nan      nan   10.444  nan      nan    nan  21.142     nan                                None     -43.323      -7.278     -38.205       0.726     -10.225       0.636
Gaia DR3 3647842275704926336 214.0007597  -0.4387895 14.413  2.850       2.626  57.3359  85.3302   -27.49      nan      nan   20.490  nan      nan    nan   1.208     nan                                None    -141.948     -11.334    -132.119       0.030      -5.678       0.025
Gaia DR3 4015371320236765952 184.7727734  31.8450597    nan    nan       2.710  49.2942  85.3609    -8.04      nan      nan   35.198  nan      nan    nan   1.162     nan                                None    -312.527      16.010    -295.607       0.065       5.138       0.080
Gaia DR3 1243649428855335552 208.9529962  16.3103713 17.108  3.105       2.205  45.3360  85.3648   -24.20      nan      nan    8.542  nan      nan    nan   1.055     nan                                None     -63.312       8.234     -64.213       0.105       4.367       0.078
 Gaia DR3 572548762948308096  35.9311343  83.1689493 14.141  2.232       1.351  46.8759  85.3671     1.01      nan      nan    8.927  nan      nan    nan   1.115     nan                                None      60.065     -54.012      60.271       0.018     -56.545       0.018
Gaia DR3 4271059313313247616 273.8416172  -1.6812133 16.108  3.050       2.079  55.5409  85.3773   -42.13      nan      nan   13.234  nan      nan    nan   0.897     nan                                None      20.335     -10.187      17.712       0.051     -15.359       0.045
Gaia DR3 1026110056867700096 140.2316291  57.9249801 10.552  1.467       1.734  57.6106  85.4094    10.62      nan      nan   19.008  nan      nan    nan   1.147     nan                                None    -142.707     -86.147    -149.285       0.013     -88.382       0.012
Gaia DR3 1708527343126812416 232.0527073  79.2739412 16.174  2.549       2.418  30.7356  85.4256    -9.13      nan      nan    6.454  nan      nan    nan   1.157     nan                                None     -30.907      47.988     -29.538       0.057      44.996       0.061
Gaia DR3 4278193455844887424 275.1675057   3.5487096 12.803  1.803       2.629  51.1698  85.4645   -42.10      nan      nan   10.358  nan      nan    nan   1.136     nan                                None      18.046       0.426      21.284       0.017      -4.314       0.016
Gaia DR3 1632407637740255616 256.2325855  65.4588733 18.221  3.228       0.600  17.0170  85.5137   -19.82      nan      nan    5.652  nan      nan    nan   0.991     nan                                None      -6.949      44.836      -6.538       0.122      44.251       0.138
Gaia DR3 2129316421675128448 291.3316043  48.2508233 17.025  2.814       2.810  28.4562  85.5826   -27.15      nan      nan    6.264  nan      nan    nan   1.028     nan                                None      25.946      35.414      28.138       0.063      38.408       0.077
Gaia DR3 4368679964277537408 265.6374475  -3.5784860 12.936  1.958       2.473  54.8925  85.5848   -42.59      nan      nan   12.488  nan      nan    nan   1.063     nan                                None       3.123     -13.381      -1.799       0.016     -17.644       0.012
Gaia DR3 2064641429738924544 308.3967768  39.8065626 15.655  2.759       2.447  43.1395  85.6165   -25.08      nan      nan    8.047  nan      nan    nan   2.718     nan                                None      50.827      30.147      48.852       0.069      33.798       0.073
Gaia DR3 3713464496904874368 206.0029299   3.6266475 10.168  1.269       1.826  57.5581  85.6199   -22.78      nan      nan   21.097  nan      nan    nan   1.240     nan                                None    -161.764      -4.329    -153.646       0.021      -4.165       0.015
Gaia DR3 1333193930700525056 258.4934574  31.0426985 14.509  2.053       1.777  19.7733  85.6418   -37.77      nan      nan    5.758  nan      nan    nan   0.983     nan                                None      -5.040      24.196      -7.144       0.016      24.668       0.017
Gaia DR3 4491146940930377216 262.6820363  10.0227787 17.476  3.139       2.457  40.9881  85.6537   -42.59      nan      nan    7.661  nan      nan    nan   1.066     nan                                None      -1.655       8.208      -3.319       0.094      11.811       0.088
Gaia DR3 4377099788102653824 264.7649065   3.2695268 19.826  1.963       1.424  48.0464  85.6781   -42.90      nan      nan    9.204  nan      nan    nan   2.126     nan                                None       1.035       0.069      -1.327       0.926      -1.363       0.836
Gaia DR3 4387474333141811584 259.3468098   2.6103110 16.073  2.466       2.461  47.4992  85.6782   -42.76      nan      nan    9.047  nan      nan    nan   4.084     nan                                None      -6.706      -0.887      -3.051       0.695      -3.832       0.471
Gaia DR3 1317889033783384960 245.7778326  28.9635756 19.191  3.488       2.209  20.1352  85.6884   -36.76      nan      nan    5.772  nan      nan    nan   1.092     nan                                None     -16.356      21.417     -18.089       0.290      19.361       0.308
Gaia DR3 4376196711100023808 264.7411348   2.6584769  7.624  0.554       2.837  48.6307  85.7076   -42.90      nan      nan    9.375  nan      nan    nan   5.607     nan                                None       1.020      -0.835      -1.283       0.160       4.278       0.140
Gaia DR3 4011268939274325376 190.6139647  30.2275538 18.654  3.824       2.312  46.5107  85.7110   -11.77      nan      nan    8.779  nan      nan    nan   0.994     nan                                None     -76.042       7.526     -74.643       0.236       3.482       0.219
Gaia DR3 1445449051373934208 204.1572556  25.7279058 15.353  2.445       2.080  40.8793  85.7207   -20.40      nan      nan    7.637  nan      nan    nan   1.034     nan                                None     -59.706      11.528     -56.791       0.035       9.878       0.018
Gaia DR3 4420485486138676096 231.7010978   1.2293697 11.270  1.238       1.706  49.7430  85.7388   -36.23      nan      nan    9.737  nan      nan    nan   1.201     nan                                None     -47.084      -3.358     -43.590       0.021      -3.131       0.018
Gaia DR3 1809106955991688576 304.6843964  17.1181872 15.354  3.048       2.819  55.7152  85.7675   -31.78      nan      nan   13.104  nan      nan    nan   0.983     nan                                None      77.114      20.081      84.883       0.033      19.537       0.030
Gaia DR3 4470208391254023168 271.7872055   3.8194075 11.888  1.415       2.915  49.6695  85.7852   -42.52      nan      nan    9.701  nan      nan    nan   0.973     nan                                None      11.800       0.862       8.797       0.015      -4.286       0.014
Gaia DR3 4467991775807290880 269.3244425   1.7272797 14.033    nan       2.846  50.8273  85.7886   -42.71      nan      nan   10.131  nan      nan    nan   1.497     nan                                None       8.413      -2.404      12.988       0.083      -6.404       0.071
Gaia DR3 1317772421127955840 245.2737172  29.2930972 15.144  2.303       0.391  19.8381  85.8541   -36.55      nan      nan    5.753  nan      nan    nan   1.105     nan                                None     -16.735      21.530     -16.652       0.024      21.063       0.026
Gaia DR3 4302294720696768640 294.1459922   9.5410425  9.023  1.205       2.246  55.2294  85.8591   -36.95      nan      nan   27.802  nan      nan    nan   0.944     nan                                None     125.978      22.082     137.149       0.013      15.125       0.012
Gaia DR3 4302293037069575040 294.1469222   9.5345818 16.169  3.733       2.322  55.2352  85.8648   -36.95      nan      nan   27.808  nan      nan    nan   1.106     nan                                None     126.011      22.063     138.878       0.051      17.616       0.047
Gaia DR3 2153335665497723264 285.6007915  56.7474420 17.611  3.026       1.917  23.7874  85.9480   -23.86      nan      nan    5.946  nan      nan    nan   0.964     nan                                None      19.735      40.133      18.856       0.092      42.370       0.105
Gaia DR3 1440788187224073216 268.8404558  64.9658405 16.861  2.641       1.459  19.4511  85.9583   -20.25      nan      nan    5.733  nan      nan    nan   1.077     nan                                None       4.325      45.539       3.015       0.064      46.720       0.059
Gaia DR3 1108783607471996160 111.4145758  69.3266064 15.214  3.444       2.506  57.3536  85.9658    11.18      nan      nan   23.393  nan      nan    nan   3.359     nan                                None     -97.163    -179.856     -86.602       0.074    -186.270       0.097
Gaia DR3 4492796174012463232 264.3428305  11.3070207  8.328  0.577       1.781  40.2025  85.9724   -42.48      nan      nan    7.508  nan      nan    nan   8.256     nan                                None       0.345       9.558      -0.857       0.116      12.108       0.120
Gaia DR3 4269876887331004544 275.9935202  -3.0786792 13.262  2.650       1.076  57.6179  85.9908   -41.72      nan      nan   22.668  nan      nan    nan   1.220     nan                                None      42.386     -22.279      38.106       0.019     -25.131       0.017
Gaia DR3 4269876685470510208 275.9978377  -3.0817588 16.067  3.480       1.103  57.6223  86.0035   -41.72      nan      nan   22.709  nan      nan    nan   0.997     nan                                None      42.478     -22.329      39.289       0.054     -26.539       0.050
Gaia DR3 6337450645860102400 223.1360987  -4.8895384 14.321  2.832       1.410  58.0123  86.0363   -32.05      nan      nan   21.348  nan      nan    nan   1.210     nan                                None    -126.350     -23.247    -129.879       0.030     -28.523       0.023
Gaia DR3 1470403498559437568 202.6004489  35.2770891 14.856  2.321       1.477  35.5017  86.0371   -18.11      nan      nan    6.887  nan      nan    nan   1.093     nan                                None     -54.668      14.317     -54.620       0.012      12.173       0.017
Gaia DR3 1208897199196240128 230.8884499  18.4057113 17.024  2.860       2.010  33.4985  86.0397   -34.79      nan      nan    6.675  nan      nan    nan   0.994     nan                                None     -32.997      12.722     -34.516       0.066      15.107       0.070
Gaia DR3 3646675590788840064 215.1831413  -2.0618958 16.418  3.393       2.755  58.3073  86.0943   -28.07      nan      nan   17.869  nan      nan    nan   2.578     nan                                None    -121.625     -12.906    -111.458       0.421     -14.982       0.397
Gaia DR3 4338002696507241984 252.2490012  -8.9301396  7.845  0.644       2.306  58.1167  86.1056   -41.05      nan      nan   16.729  nan      nan    nan   1.801     nan                                None     -30.922     -31.378     -39.028       0.055     -32.032       0.044
Gaia DR3 4389584570837628672 263.8617784   5.2141290 14.599  1.201       2.813  45.9358  86.1062   -42.88      nan      nan    8.582  nan      nan    nan   6.050     nan                                None      -0.257       2.700      -1.086       0.641       7.722       0.533
Gaia DR3 3962185846857912192 190.6002519  26.7643240 16.183  2.655       2.129  48.8322  86.1077   -11.98      nan      nan    9.363  nan      nan    nan   0.985     nan                                None     -81.104       6.599     -84.222       0.050       9.416       0.048
Gaia DR3 1966521317021584896 324.8216340  41.6119697 18.334  2.509       0.805  52.3749  86.1224   -17.24      nan      nan   10.708  nan      nan    nan   1.110     nan                                None      84.444      27.307      84.870       0.188      29.072       0.206
Gaia DR3 2090823619098654336 279.8002527  31.7941858 15.736  2.556       2.214  29.5800  86.1442   -36.31      nan      nan    6.323  nan      nan    nan   1.104     nan                                None      15.509      26.241      12.632       0.033      25.578       0.034
Gaia DR3 4548312195429988352 259.0758025  18.3347756 18.188  3.174       2.020  32.0644  86.1616   -41.27      nan      nan    6.532  nan      nan    nan   0.914     nan                                None      -5.120      15.344      -3.066       0.123      17.219       0.125
Gaia DR3 1135649933578366464 125.2696881  75.1877183 16.240  2.766       2.466  50.1808  86.2203     5.91      nan      nan    9.786  nan      nan    nan   1.024     nan                                None     -58.272     -65.583     -57.864       0.033     -70.655       0.045
Gaia DR3 4402177101412630912 233.8998470  -2.9975186 17.416  3.458       2.124  53.3984  86.2264   -36.87      nan      nan   11.192  nan      nan    nan   1.134     nan                                None     -50.803     -10.259     -55.008       0.157      -7.533       0.148
Gaia DR3 1728741830043504768 201.4401394  87.9233345 16.336  2.753       2.539  39.5400  86.2530    -3.12      nan      nan    7.386  nan      nan    nan   1.014     nan                                None     -59.265      30.549     -55.848       0.042      32.536       0.044
 Gaia DR3 759275348063151616 170.8341513  34.7965134 17.784  3.619       2.831  56.3858  86.2724     0.60      nan      nan   13.387  nan      nan    nan   1.041     nan                                None    -120.783      -9.467    -127.403       0.107      -4.997       0.108
Gaia DR3 3726438012558075264 205.8641022  11.2192523 13.989  2.583       0.850  51.2296  86.2944   -22.62      nan      nan   10.163  nan      nan    nan   4.390     nan                                None     -78.042       4.348     -77.624       0.095       2.575       0.058
Gaia DR3 6321459761063043840 231.5444505  -7.7474024 14.288  2.637       2.716  58.5265  86.3188   -35.47      nan      nan   20.260  nan      nan    nan   1.079     nan                                None     -98.392     -31.027     -88.783       0.025     -24.527       0.022
Gaia DR3 1230894097540611968 208.9569739  14.0565409  6.035  0.688       2.928  47.1896  86.3641   -24.37      nan      nan   40.800  nan      nan    nan   0.926     nan                                None    -302.370      31.108    -290.879       0.023       8.703       0.017
Gaia DR3 4580472296365392640 266.5152649  23.1610547 13.463  1.689       2.121  29.8476  86.3919   -40.30      nan      nan    6.332  nan      nan    nan   1.058     nan                                None       2.460      19.523      -0.084       0.008      18.280       0.013
 Gaia DR3 428949864311548416   5.4260249  61.6916258  7.138  0.656       1.526  58.6572  86.4023     1.88      nan      nan   18.198  nan      nan    nan   0.937     nan                                None     161.224     -32.945     155.766       0.015     -35.062       0.017
Gaia DR3 1714194019897221376 220.8369202  77.1562345 20.166  2.898       1.074  29.9611  86.4593    -9.29      nan      nan    6.338  nan      nan    nan   1.293     nan                                None     -39.216      39.978     -40.581       0.665      40.419       0.689
Gaia DR3 1026504128706986368 144.6232300  58.9388338 14.325  2.486       2.682  55.2058  86.5541     8.79      nan      nan   12.181  nan      nan    nan   1.035     nan                                None     -95.874     -49.527     -96.184       0.013     -56.408       0.016
Gaia DR3 1368006152462981120 264.3483310  50.2470036 10.871  0.841       2.646  10.8445  86.5618   -29.25      nan      nan    5.442  nan      nan    nan   4.079     nan                                None       0.255      36.036       2.691       0.058      34.226       0.063
Gaia DR3 4372214726657091584 265.5298976   0.1032493 19.657  3.695       2.558  51.3027  86.5668   -42.83      nan      nan   10.123  nan      nan    nan   1.156     nan                                None       2.360      -4.985       7.009       0.560      -7.846       0.540
Gaia DR3 4528745050286601856 274.3330537  20.7706086 11.785  1.393       2.197  35.3641  86.5835   -40.27      nan      nan    6.837  nan      nan    nan   2.955     nan                                None      11.027      18.305       7.883       0.023      18.686       0.041
Gaia DR3 1573556376645920256 182.4930432  55.2888768 18.188  3.334       2.440  38.9637  86.6405    -5.56      nan      nan    7.274  nan      nan    nan   1.090     nan                                None     -65.022       5.825     -68.708       0.112       5.180       0.114
Gaia DR3 1555845825599389440 193.8099361  50.2104917 13.004  1.546       2.241  34.1337  86.6732   -11.12      nan      nan    6.701  nan      nan    nan   0.966     nan                                None     -56.994      13.549     -55.326       0.011      10.859       0.012
Gaia DR3 2298236385911984256 310.8334594  81.7209032 15.307  2.512       1.249  37.8166  86.6828    -6.61      nan      nan    7.119  nan      nan    nan   0.999     nan                                None      46.885      43.075      46.913       0.029      44.950       0.025
Gaia DR3 1036562632876890112 137.9499897  57.1651099  9.817  1.204       2.482  59.0237  86.7074    11.66      nan      nan   19.449  nan      nan    nan   1.127     nan                                None    -142.008     -92.380    -150.522       0.013     -97.951       0.013
Gaia DR3 4473891514680992384 266.9981704   5.6679291 15.702  2.509       2.681  46.3655  86.7268   -42.81      nan      nan    8.598  nan      nan    nan   1.033     nan                                None       3.994       3.311       8.337       0.032       5.492       0.030
Gaia DR3 4604886642819750144 269.6460034  34.9565684 14.983  2.163       2.677  21.4290  86.7798   -36.32      nan      nan    5.792  nan      nan    nan   1.041     nan                                None       5.102      27.430       6.956       0.020      24.739       0.023
Gaia DR3 1600222149255496704 226.3790883  54.0710149 13.616  1.554       2.282  14.0898  86.8003   -21.85      nan      nan    5.515  nan      nan    nan   1.058     nan                                None     -30.459      30.297     -29.684       0.012      27.760       0.013
Gaia DR3 2305732199057551872 318.2248014  89.1009494 14.959  2.452       2.777  40.6612  86.8299    -2.80      nan      nan    7.504  nan      nan    nan   2.159     nan                                None      54.983      39.629      53.939       0.088      35.362       0.086
Gaia DR3 4472267707810590080 268.3971840   3.6955895 19.801  1.631       1.264  48.6687  86.8306   -42.78      nan      nan    9.183  nan      nan    nan   1.885     nan                                None       6.288       0.672       5.322       1.044      -1.576       0.800
Gaia DR3 1272818299814494848 233.1688704  29.6612707 19.654  2.659       2.046  22.3061  86.8449   -33.14      nan      nan    5.832  nan      nan    nan   1.091     nan                                None     -27.052      19.806     -29.517       0.302      19.299       0.323
Gaia DR3 4021092354114314112 175.7068205  30.6473939 13.290  2.101       2.169  55.9709  86.8495    -2.29      nan      nan   12.600  nan      nan    nan   1.175     nan                                None    -113.813      -3.838    -114.488       0.013       1.882       0.016
Gaia DR3 4174848094513331200 267.4756269  -6.9092650 15.509  3.116       2.696  58.5787  86.8608   -42.16      nan      nan   23.337  nan      nan    nan   1.089     nan                                None      12.595     -37.110      13.416       0.043     -23.871       0.033
Gaia DR3 2193668913103620736 309.6633631  59.4297706 17.570  3.121       0.873  36.2165  86.8797   -17.32      nan      nan    6.913  nan      nan    nan   0.985     nan                                None      44.642      35.836      45.665       0.084      35.081       0.092
Gaia DR3 4394885316394268416 256.9569101   7.6564652 18.579  1.639       2.461  42.1233  86.8821   -42.45      nan      nan    7.734  nan      nan    nan   5.558     nan                                None      -8.632       5.341      -7.182       0.856       1.599       0.713
Gaia DR3 1834014536502533120 302.8257911  25.4192469 15.401  2.679       2.207  48.5179  86.8840   -31.20      nan      nan    9.131  nan      nan    nan   0.979     nan                                None      51.674      23.417      52.008       0.023      19.182       0.023
Gaia DR3 4021092354114313984 175.7112442  30.6474273 10.933  1.247       1.717  55.9681  86.9163    -2.30      nan      nan   12.557  nan      nan    nan   1.222     nan                                None    -113.430      -3.821    -112.450       0.017       0.617       0.021
Gaia DR3 2093728941136954240 284.2825900  36.8089988 15.538  2.346       1.839  29.1067  86.9429   -33.63      nan      nan    6.248  nan      nan    nan   0.991     nan                                None      19.526      29.198      17.450       0.025      27.948       0.028
Gaia DR3 1157897516278016256 222.6582029   4.2119001 18.299  3.698       2.392  49.6199  86.9429   -32.23      nan      nan    9.450  nan      nan    nan   0.822     nan                                None     -56.466      -0.089     -60.316       0.221       2.720       0.176
Gaia DR3 1581561478426496128 186.8008360  60.4808682 13.120  1.605       2.932  35.4685  86.9626    -6.76      nan      nan    6.824  nan      nan    nan   1.048     nan                                None     -60.146      10.132     -56.070       0.011       9.051       0.012
Gaia DR3 2177457404428069760 319.0200535  56.8190086 18.255  3.388       0.600  41.6867  86.9827   -15.48      nan      nan    7.652  nan      nan    nan   0.977     nan                                None      56.624      31.092      55.678       0.158      30.886       0.133
Gaia DR3 1453180404823190912 213.4857779  30.2179652  7.676  1.287       2.751  31.9345  86.9892   -24.73      nan      nan   58.059  nan      nan    nan   0.951     nan                                None    -405.228     142.205    -398.118       0.022     175.114       0.021
Gaia DR3 3653824855910718208 215.8338858   0.5003852 17.380  3.899       1.267  55.7066  87.0221   -28.56      nan      nan   12.297  nan      nan    nan   2.145     nan                                None     -82.865      -5.609     -81.457       0.273      -8.575       0.248
Gaia DR3 4351937945535749632 245.6076574  -7.2885750 14.621  2.657       2.338  56.3643  87.0434   -40.00      nan      nan   12.805  nan      nan    nan   1.264     nan                                None     -36.610     -20.388     -30.566       0.032     -22.204       0.027
 Gaia DR3 534863856604131712  20.0181803  71.7976166 12.490  1.818       2.978  54.5831  87.0566     3.57      nan      nan   11.540  nan      nan    nan   1.021     nan                                None      93.760     -45.211      87.163       0.010     -42.213       0.011
Gaia DR3 1413644195775978496 252.6148904  51.9129280 18.812  3.076       0.334   4.2560  87.0572   -27.80      nan      nan    5.331  nan      nan    nan   0.902     nan                                None      -9.552      35.492      -9.733       0.169      35.162       0.195
Gaia DR3 1484523392523565184 215.0117629  37.5820236 15.250  2.343       2.841  26.1110  87.0779   -23.73      nan      nan    6.037  nan      nan    nan   2.368     nan                                None     -41.197      19.377     -37.590       0.171      19.125       0.230
Gaia DR3 2248583918271502976 296.8104595  66.0658097 16.114  2.540       2.391  30.2029  87.0993   -16.82      nan      nan    6.325  nan      nan    nan   1.019     nan                                None      30.929      42.630      28.046       0.040      41.270       0.042
Gaia DR3 4368957659684954240 264.7075754  -3.0078108 16.705  3.392       1.725  54.1140  87.1032   -42.65      nan      nan   11.256  nan      nan    nan   0.986     nan                                None       1.164     -11.055       5.200       0.064     -10.366       0.053
Gaia DR3 4482747114476627584 271.6918708  10.4909829 18.063  3.329       2.907  43.4338  87.1125   -42.19      nan      nan    7.942  nan      nan    nan   1.031     nan                                None       9.542       8.979      12.179       0.142       4.889       0.136
Gaia DR3 4387259069383281536 261.3448811   2.3988392 13.502  2.068       2.434  48.0942  87.1205   -42.85      nan      nan    8.975  nan      nan    nan   1.052     nan                                None      -3.830      -1.171      -6.716       0.014      -4.761       0.011
 Gaia DR3 838993724944397312 168.7980601  51.2115194 10.165  0.878       2.683  48.0906  87.1364     0.58      nan      nan    8.971  nan      nan    nan   0.816     nan                                None     -80.732      -8.645     -81.475       0.010     -13.666       0.010
Gaia DR3 4594264776379993472 265.8277810  26.4750947 12.440  1.259       2.788  26.5975  87.1584   -39.40      nan      nan    6.064  nan      nan    nan   3.703     nan                                None       1.699      21.658      -1.668       0.032      20.488       0.042
Gaia DR3 1834041538945027584 301.8525458  25.2560335 18.518  3.490       2.257  48.0013  87.1664   -31.64      nan      nan    8.943  nan      nan    nan   1.008     nan                                None      49.532      23.130      45.769       0.128      21.142       0.151
Gaia DR3 1567233600670886656 198.6432265  60.1573754 19.438  3.159       1.915  29.6603  87.1882   -10.96      nan      nan    6.278  nan      nan    nan   1.018     nan                                None     -51.591      18.891     -50.312       0.267      16.703       0.251
Gaia DR3 1657469562184503168 210.6420413  55.3467037 19.418  3.282       2.952  23.2463  87.2119   -16.50      nan      nan    5.866  nan      nan    nan   0.990     nan                                None     -42.566      24.298     -40.973       0.243      27.583       0.235
Gaia DR3 4434534805202131328 252.7812563   4.6137665  8.887  0.617       2.347  44.6455  87.2243   -42.07      nan      nan    8.162  nan      nan    nan   0.992     nan                                None     -14.415       1.680     -17.621       0.020       4.135       0.017
Gaia DR3 4611331803886157568 270.9413332  40.4868930 18.624  2.472       2.464  18.5052  87.2278   -33.91      nan      nan    5.650  nan      nan    nan   1.052     nan                                None       6.124      30.722       5.127       0.155      27.963       0.162
Gaia DR3 1299364156935542144 249.8846116  22.5065562 16.863  2.954       2.433  26.5983  87.2465   -39.30      nan      nan    6.060  nan      nan    nan   1.446     nan                                None     -13.404      17.479     -16.498       0.079      17.176       0.078
 Gaia DR3 774603609602542976 179.3584029  47.7102512 13.966  2.112       1.756  43.8047  87.2621    -4.45      nan      nan    7.995  nan      nan    nan   0.964     nan                                None     -71.936       2.206     -73.776       0.012      -0.112       0.015
Gaia DR3 4380105715452035584 255.0106146  -1.3252469 14.335  2.343       1.305  50.7707  87.2658   -42.24      nan      nan    9.765  nan      nan    nan   1.086     nan                                None     -13.866      -6.982     -15.763       0.022      -5.079       0.018
Gaia DR3 4172867736638817024 272.0628481  -6.5133959 15.054  2.929       1.616  59.5095  87.2815   -41.87      nan      nan   17.786  nan      nan    nan   1.106     nan                                None      22.401     -27.045      21.150       0.034     -21.116       0.027
Gaia DR3 1165523179172748160 232.2871749   9.4406225 19.958  2.957       2.680  41.6438  87.2902   -36.32      nan      nan    7.617  nan      nan    nan   1.047     nan                                None     -36.236       5.777     -33.252       0.497       8.877       0.370
Gaia DR3 1116120717283861760  91.7547192  75.1200623 13.890  2.211       2.808  54.8120  87.3179     8.57      nan      nan   11.568  nan      nan    nan   7.898     nan                                None     -14.012    -101.629     -18.815       0.092    -106.509       0.107
Gaia DR3 1836723664429484032 301.3582412  27.4245290  7.778  0.712       2.827  46.1840  87.3324   -31.36      nan      nan    8.475  nan      nan    nan   0.937     nan                                None      46.417      24.230      41.918       0.014      26.525       0.015
Gaia DR3 4266239427997522944 283.8351706   0.1172086 12.815  2.543       2.882  57.9489  87.3331   -40.32      nan      nan   27.082  nan      nan    nan   1.154     nan                                None      82.834     -13.306      69.787       0.023     -23.328       0.021
Gaia DR3 4426021660329037696 237.6719751   4.3178082 19.673  3.205       2.931  45.5309  87.3537   -38.45      nan      nan    8.329  nan      nan    nan   1.030     nan                                None     -33.443       0.852     -30.784       0.501      -3.555       0.358
Gaia DR3 2091108663189231360 279.0239893  32.5610610 18.627  3.442       1.299  28.5734  87.3574   -36.18      nan      nan    6.190  nan      nan    nan   1.046     nan                                None      14.451      26.429      13.854       0.186      24.842       0.185
Gaia DR3 3927318168478156928 192.3355955  10.6432378 15.132  3.006       1.672  59.6083  87.3764   -13.65      nan      nan   17.797  nan      nan    nan   1.074     nan                                None    -152.711       0.421    -146.939       0.037       2.877       0.036
Gaia DR3 1511899269253269376 211.5589190  51.3195939 19.044  3.119       1.710  22.9970  87.3943   -18.18      nan      nan    5.846  nan      nan    nan   1.005     nan                                None     -41.911      23.253     -43.191       0.179      21.579       0.202
Gaia DR3 4172288259645084544 270.5953191  -5.7353959  7.636  0.564       2.163  58.3209  87.3983   -42.11      nan      nan   14.632  nan      nan    nan   1.685     nan                                None      15.069     -20.534      21.589       0.055     -21.949       0.042
Gaia DR3 1193240703375121920 238.7033585  15.9003572 15.253  2.473       2.716  33.9446  87.4030   -37.89      nan      nan    6.640  nan      nan    nan   0.995     nan                                None     -25.689      11.607     -26.302       0.029       7.856       0.026
Gaia DR3 1536104949019868288 181.5008054  40.3245970 18.520  3.361       1.387  46.3180  87.4275    -5.79      nan      nan    8.493  nan      nan    nan   0.991     nan                                None     -76.098       3.145     -75.610       0.161       5.580       0.147
Gaia DR3 2264345619316352512 290.8597868  71.9849905 11.283  1.130       2.650  30.0025  87.4354   -14.12      nan      nan    6.293  nan      nan    nan   4.908     nan                                None      25.648      47.278      22.401       0.080      45.931       0.097
Gaia DR3 4312714277017972736 286.3763029  11.4863089 13.436  1.900       0.591  49.3367  87.4465   -39.31      nan      nan    9.270  nan      nan    nan   0.969     nan                                None      31.820      10.810      31.236       0.018      11.806       0.019
Gaia DR3 1308484812048669824 257.0739549  28.5527833 16.529  2.707       2.749  21.7257  87.4521   -38.50      nan      nan    5.781  nan      nan    nan   1.091     nan                                None      -6.347      22.202      -3.424       0.039      20.564       0.044
Gaia DR3 6321026725280433920 231.0262641  -8.4207078 14.028  2.717       1.106  59.2946  87.4705   -35.18      nan      nan   16.349  nan      nan    nan   1.399     nan                                None     -80.524     -26.368     -81.845       0.035     -29.942       0.036
 Gaia DR3 502607728794339328  78.8810179  74.4885257 13.655  2.152       1.755  56.2343  87.4767     9.09      nan      nan   12.440  nan      nan    nan   1.132     nan                                None      10.132    -109.579      12.820       0.012    -113.316       0.013
Gaia DR3 4267119007228438016 283.8236603   1.8911517 15.828  3.777       1.934  56.3689  87.4818   -40.37      nan      nan   30.982  nan      nan    nan   0.941     nan                                None      94.711      -7.058      89.935       0.055       4.638       0.046
Gaia DR3 1102124999414277248 109.7838386  66.7389579  7.586  0.710       2.234  59.8777  87.4828    13.02      nan      nan   19.168  nan      nan    nan   1.040     nan                                None     -75.204    -147.204     -82.989       0.012    -151.776       0.019
Gaia DR3 1102125102494078848 109.7873835  66.7408793 11.056  1.765       0.615  59.8753  87.4890    13.02      nan      nan   19.005  nan      nan    nan   2.548     nan                                None     -74.576    -145.955     -75.799       0.035    -148.096       0.055
Gaia DR3 4268847611328000256 285.4631990   3.4708049  9.325  1.419       1.519  55.7573  87.5001   -39.95      nan      nan   32.188  nan      nan    nan   1.050     nan                                None     106.189       0.049     114.727       0.017       5.827       0.016
Gaia DR3 4268847611328001152 285.4632364   3.4723089 15.391  3.240       1.346  55.7560  87.5138   -39.95      nan      nan   32.238  nan      nan    nan   1.135     nan                                None     106.355       0.057     115.502       0.047       0.236       0.046
Gaia DR3 4424365589657554048 236.9036812   3.0405577 18.310  3.744       2.502  46.9164  87.5151   -38.19      nan      nan    8.619  nan      nan    nan   0.900     nan                                None     -35.540      -0.702     -36.052       0.162       3.815       0.146
Gaia DR3 4473560385584245376 264.6743630   4.7312225 18.026  1.102       2.375  46.6119  87.5527   -42.89      nan      nan    8.543  nan      nan    nan   9.370     nan                                None       0.839       2.036      -2.288       0.662      -0.883       0.524
Gaia DR3 4408913744737288320 244.7957159   1.6780196 12.919  2.947       1.759  47.4328  87.6104   -40.50      nan      nan   44.896  nan      nan    nan   1.661     nan                                None    -133.802     -11.614    -150.390       0.034     -12.994       0.019
Gaia DR3 1190479039401613952 234.3237725  12.3769729 16.142  2.788       1.075  38.2971  87.6964   -36.85      nan      nan    7.107  nan      nan    nan  10.172     nan                                None     -31.848       8.423     -31.281       0.577       9.930       0.486
Gaia DR3 1334567117644317184 256.0484909  32.8531805 16.681  2.644       2.079  17.3610  87.7219   -36.95      nan      nan    5.590  nan      nan    nan   1.015     nan                                None      -7.033      24.749      -6.028       0.043      22.515       0.053
Gaia DR3 4537092783080184320 279.0299407  26.5020400 18.253  3.231       2.000  33.0835  87.7283   -38.11      nan      nan    6.540  nan      nan    nan   1.058     nan                                None      15.274      22.497      12.928       0.109      23.947       0.132
Gaia DR3 4323447228474223744 292.4834487  19.2025834 17.545  3.678       2.180  46.5684  87.7331   -36.37      nan      nan    8.509  nan      nan    nan   1.289     nan                                None      36.610      18.153      32.748       0.116      17.538       0.117
Gaia DR3 1186655418995777664 221.8393000  16.4105752 17.200  3.239       1.722  38.8030  87.7341   -31.12      nan      nan    7.169  nan      nan    nan   1.673     nan                                None     -43.530      10.058     -43.730       0.147       7.463       0.135
Gaia DR3 2197391584595192960 316.4955804  64.8685007 10.805  1.026       1.201  38.3455  87.7345   -13.27      nan      nan    7.110  nan      nan    nan  22.083     nan                                None      50.938      33.922      49.905       0.275      35.396       0.270
Gaia DR3 4348470188942137216 242.2715898  -8.1631267 13.648  3.235       2.820  57.4056  87.7434   -39.04      nan      nan   29.845  nan      nan    nan   1.429     nan                                None    -100.071     -50.591    -106.825       0.034     -34.185       0.021
Gaia DR3 4312017667676562688 282.8972449  10.9625626 17.023  3.014       0.780  47.9912  87.7662   -40.26      nan      nan    8.847  nan      nan    nan   0.997     nan                                None      25.826       9.970      24.416       0.068       9.612       0.072
Gaia DR3 1260651829990924800 214.7438639  28.7573513 17.957  3.101       1.704  32.2560  87.7801   -25.65      nan      nan    6.462  nan      nan    nan   0.924     nan                                None     -44.278      15.436     -42.373       0.122      14.111       0.108
Gaia DR3 4165686718806400768 266.4889736  -7.9248654 12.932  2.216       2.659  59.3136  87.8017   -42.06      nan      nan   15.702  nan      nan    nan   1.257     nan                                None       6.034     -27.458      12.476       0.024     -33.457       0.015
Gaia DR3 4276624250897321984 275.5721261   1.7069819  9.581  1.624       2.377  53.0247  87.8153   -42.03      nan      nan   37.864  nan      nan    nan   1.060     nan                                None      68.338      -9.267      84.197       0.016     -19.688       0.014
Gaia DR3 1324633545483585792 249.1362965  31.7353290 15.854  2.563       2.028  17.3467  87.8234   -36.47      nan      nan    5.586  nan      nan    nan   1.010     nan                                None     -12.993      23.241     -15.361       0.028      22.928       0.035
Gaia DR3 1840988734444547968 317.1092303  24.0529825 12.695  2.147       2.344  58.8019  87.8272   -24.49      nan      nan   14.798  nan      nan    nan   1.144     nan                                None     106.878      25.883     109.258       0.016      32.799       0.014
Gaia DR3 1528000350028730368 193.4616487  41.3774807 18.612  3.737       2.154  38.1042  87.8314   -12.28      nan      nan    7.073  nan      nan    nan   1.194     nan                                None     -60.285      11.341     -58.143       0.178       8.949       0.173
Gaia DR3 4388879509005485824 261.8094206   3.3577107 12.863  1.674       1.847  47.2563  87.8351   -42.87      nan      nan    8.655  nan      nan    nan   1.084     nan                                None      -3.060       0.182      -5.478       0.015      -2.166       0.012
Gaia DR3 1023136427670462848 141.8343958  54.6297505 13.123  2.297       2.831  59.1805  87.8449    11.25      nan      nan   15.381  nan      nan    nan   1.040     nan                                None    -117.598     -64.957    -124.260       0.011     -71.271       0.011
Gaia DR3 1206844475410867200 241.8673449  23.6449726 17.961  3.102       1.268  25.8093  87.8485   -37.30      nan      nan    5.986  nan      nan    nan   1.021     nan                                None     -20.425      17.300     -19.259       0.093      18.396       0.105
Gaia DR3 1802299982578840704 304.6147837  11.7588560 14.595  2.759       0.575  59.7422  87.8789   -32.35      nan      nan   16.508  nan      nan    nan   1.004     nan                                None      97.011      14.874      95.440       0.024      16.111       0.021
Gaia DR3 4569899079013982976 263.1842968  24.9203306 18.714  3.197       2.246  27.0035  87.8825   -39.86      nan      nan    6.059  nan      nan    nan   3.660     nan                                None      -0.829      20.274      -1.613       0.823      23.033       0.770
Gaia DR3 1330701196104716160 244.6966161  37.6758351 17.812  2.382       2.544  11.5718  87.9203   -33.46      nan      nan    5.417  nan      nan    nan   5.317     nan                                None     -16.222      26.045     -13.828       0.400      27.690       0.425
Gaia DR3 2150715735446111488 276.8028601  55.9510430 16.582  2.662       1.914  18.8597  88.0176   -25.39      nan      nan    5.636  nan      nan    nan   1.030     nan                                None      11.242      39.556       9.853       0.066      37.756       0.056
Gaia DR3 1453498472921088000 211.8913618  30.8586423 16.871  2.885       2.458  32.4489  88.0560   -23.80      nan      nan    6.464  nan      nan    nan   1.540     nan                                None     -46.135      15.559     -45.125       0.133      12.365       0.104
Gaia DR3 4521841796587767552 276.1479092  15.7877002 19.499  2.547       1.270  40.5475  88.0692   -40.96      nan      nan    7.383  nan      nan    nan   1.777     nan                                None      13.981      14.135      12.059       0.744      13.675       0.815
Gaia DR3 4445572179660400000 249.9391375   9.0274819 17.178  3.026       0.684  40.0646  88.0838   -41.41      nan      nan    7.313  nan      nan    nan   0.977     nan                                None     -16.114       6.382     -16.193       0.088       7.434       0.075
Gaia DR3 1559587463668798848 203.0127317  51.0295495 17.977  3.064       2.389  28.3071  88.0871   -14.92      nan      nan    6.138  nan      nan    nan   1.073     nan                                None     -48.530      18.917     -51.619       0.083      19.029       0.097
Gaia DR3 4503150687330251648 270.0115530  17.8658351 16.781  2.932       2.959  36.0314  88.1413   -41.29      nan      nan    6.811  nan      nan    nan   0.986     nan                                None       6.391      15.483       8.193       0.048      19.329       0.057
Gaia DR3 1681543541073565952 185.5692716  66.8364298 10.806  0.830       2.706  35.4113  88.1524    -5.58      nan      nan    6.744  nan      nan    nan   1.033     nan                                None     -59.718       9.838     -57.091       0.011      12.649       0.013
Gaia DR3 4274958933155342592 274.3433662   0.5701118 18.388  4.126       2.138  53.6184  88.1662   -42.17      nan      nan   10.659  nan      nan    nan   0.961     nan                                None      17.209      -4.479      15.209       0.211      -0.112       0.190
Gaia DR3 1054550196430387456 168.2151654  62.9305902 13.021  1.567       1.582  43.3549  88.2036    -0.17      nan      nan    7.816  nan      nan    nan   1.069     nan                                None     -70.269      -8.206     -72.554       0.012      -9.460       0.013
Gaia DR3 1540781004469888384 189.0965407  44.5483016 13.546  1.821       1.964  39.3411  88.2073    -9.62      nan      nan    7.205  nan      nan    nan   1.314     nan                                None     -62.877       9.244     -64.437       0.011      11.786       0.014
Gaia DR3 2275573320959762432 303.2522666  72.0824606 17.249  2.849       1.307  33.6351  88.2163   -12.51      nan      nan    6.564  nan      nan    nan   1.012     nan                                None      37.491      42.710      39.155       0.070      43.417       0.074
Gaia DR3 4494238286591218304 265.3484864  13.4583955 16.858  2.860       2.218  38.4542  88.2221   -42.21      nan      nan    7.089  nan      nan    nan   0.934     nan                                None       1.450      11.399       1.252       0.062      14.708       0.062
Gaia DR3 1207648841182159872 232.2344983  16.6908968 17.656  3.088       1.823  34.7041  88.2371   -35.56      nan      nan    6.667  nan      nan    nan   1.004     nan                                None     -31.762      11.454     -29.408       0.124      10.440       0.119
Gaia DR3 1657020274246504064 269.6711227  77.1859674 12.634  1.227       1.904  29.3998  88.2631   -11.81      nan      nan    6.208  nan      nan    nan   4.756     nan                                None       5.493      53.740       4.867       0.067      51.328       0.088
Gaia DR3 4460264236285363328 247.8228267  12.3290463 17.624  3.179       2.175  36.7180  88.2762   -40.70      nan      nan    6.878  nan      nan    nan   1.300     nan                                None     -17.372       9.325     -14.255       0.099       8.838       0.087
Gaia DR3 4452543633136969600 246.7377223   9.4508911 18.061  3.154       2.612  39.6036  88.2812   -40.74      nan      nan    7.234  nan      nan    nan   1.038     nan                                None     -19.456       6.618     -22.115       0.124       9.583       0.113
Gaia DR3 4256856608075840128 279.1038917  -4.6435518  8.778  0.854       2.119  60.2474  88.2932   -41.04      nan      nan   16.797  nan      nan    nan   0.983     nan                                None      39.421     -20.384      46.285       0.019     -23.415       0.018
Gaia DR3 1299357937823355008 250.6626302  22.9129773 18.281    nan       2.656  26.2409  88.3045   -39.33      nan      nan    5.993  nan      nan    nan   1.153     nan                                None     -12.541      17.705     -13.421       0.134      14.466       0.204
Gaia DR3 2091942887577103232 284.0227309  33.1922352  9.542  0.632       2.452  31.2188  88.3573   -35.01      nan      nan    6.345  nan      nan    nan   1.409     nan                                None      19.582      26.799      17.916       0.019      29.624       0.021
Gaia DR3 4170583776094715520 270.7705506  -8.1805199  5.126  0.520       2.204  60.7071  88.3682   -41.77      nan      nan   18.188  nan      nan    nan   1.662     nan                                None      19.230     -32.386      12.654       0.136     -37.697       0.104
Gaia DR3 4414721880545554304 229.6080283  -2.8031191 10.933  1.125       1.820  54.1635  88.3805   -35.17      nan      nan   10.844  nan      nan    nan   1.118     nan                                None     -55.424      -9.462     -59.565       0.017      -9.859       0.015
Gaia DR3 4554816773081785216 259.9172183  20.4757008 14.787  2.292       0.914  30.2036  88.4172   -40.87      nan      nan    6.261  nan      nan    nan   1.071     nan                                None      -4.079      16.757      -3.269       0.015      15.863       0.019
Gaia DR3 1846692214792689024 320.9245492  25.7827445 16.005  3.104       0.615  60.0980  88.4236   -22.13      nan      nan   16.138  nan      nan    nan   5.295     nan                                None     122.131      27.273     120.114       0.375      26.712       0.377
Gaia DR3 4178633335089673216 267.8372568  -1.9303183 10.822  1.216       2.340  53.8815  88.4346   -42.64      nan      nan   10.697  nan      nan    nan  12.174     nan                                None       6.382      -8.688       1.263       0.144      -9.970       0.130
Gaia DR3 1533761339984742400 187.7853857  39.6980242 17.393    nan       0.470  42.6536  88.4555    -9.37      nan      nan    7.674  nan      nan    nan   1.600     nan                                None     -67.363       7.512     -66.908       0.112       8.122       0.294
Gaia DR3 1467362283756067584 194.7948740  32.6724944 19.566  3.171       2.213  42.2062  88.4891   -14.07      nan      nan    7.598  nan      nan    nan   1.059     nan                                None     -64.214       9.875     -67.713       0.371       9.308       0.393
Gaia DR3 4358609915234613504 246.7728019  -2.2536290 13.008  1.841       0.934  51.3063  88.5359   -40.78      nan      nan    9.678  nan      nan    nan   0.910     nan                                None     -25.977      -8.203     -24.177       0.018      -7.579       0.012
Gaia DR3 3907992774150765312 187.1845788  13.1010461 12.517  2.216       2.055  60.9406  88.5372   -10.03      nan      nan   18.488  nan      nan    nan  30.695     nan                                None    -162.703      -0.556    -162.748       0.595       7.453       0.414
 Gaia DR3 531078654684696960   4.4205737  70.7375441 16.490  2.888       2.313  52.0024  88.5455     0.27      nan      nan    9.916  nan      nan    nan   1.221     nan                                None      88.143     -16.889      88.549       0.051     -21.708       0.056
Gaia DR3 1707409616541649280 235.0701256  77.7391368 17.702  3.019       2.806  29.0897  88.5854   -10.31      nan      nan    6.171  nan      nan    nan   1.050     nan                                None     -27.018      47.000     -25.705       0.096      50.405       0.092
Gaia DR3 2197628559412296960 315.5226744  65.3451955 17.885  3.283       1.733  37.8652  88.5974   -13.32      nan      nan    6.990  nan      nan    nan   0.941     nan                                None      49.418      34.279      49.637       0.119      31.735       0.124
Gaia DR3 1185151282793420288 224.3077876  13.9335439 14.742  2.252       2.985  40.0151  88.5989   -32.55      nan      nan    7.266  nan      nan    nan   1.117     nan                                None     -41.980       8.569     -45.094       0.029      11.917       0.026
Gaia DR3 4342550315257729664 242.7909005 -11.3685485 14.505  2.806       2.103  60.5685  88.6374   -38.66      nan      nan   25.165  nan      nan    nan   1.291     nan                                None     -82.461     -54.326     -91.578       0.039     -47.900       0.031
Gaia DR3 3957838309162521344 191.8180046  24.2461916  9.301  0.805       1.219  49.7863  88.6496   -12.91      nan      nan    9.189  nan      nan    nan   2.651     nan                                None     -79.081       6.143     -81.379       0.054       5.601       0.049
Gaia DR3 4385294345184182144 254.7027580   2.9712190 15.017  2.210       1.194  46.4664  88.6702   -42.34      nan      nan    8.366  nan      nan    nan   0.982     nan                                None     -12.282      -0.384     -12.524       0.029      -2.475       0.019
Gaia DR3 1416557287410160000 265.3318239  52.7173772 18.884  3.358       2.342  11.6986  88.6741   -27.86      nan      nan    5.397  nan      nan    nan   1.027     nan                                None       1.090      37.131       2.556       0.279      34.906       0.209
Gaia DR3 3711602611402182144 203.7000672   1.6658147 14.261  2.611       1.049  60.4288  88.7003   -21.25      nan      nan   16.292  nan      nan    nan   1.267     nan                                None    -127.956      -6.168    -125.148       0.030      -3.907       0.020
Gaia DR3 3709553976430923264 193.4552685   7.6678986 17.728  4.055       0.254  61.2726  88.7586   -14.43      nan      nan   19.112  nan      nan    nan   1.081     nan                                None    -162.902      -1.980    -163.516       0.175      -1.159       0.156
Gaia DR3 3709553976426586240 193.4566508   7.6668163 18.373  4.279       0.673  61.2726  88.7634   -14.43      nan      nan   19.071  nan      nan    nan   1.019     nan                                None    -162.549      -1.976    -165.040       0.242      -0.926       0.196
Gaia DR3 4541815730975252608 258.2428825  13.7219344 18.775  3.153       2.836  36.3830  88.8015   -41.97      nan      nan    6.808  nan      nan    nan   0.957     nan                                None      -6.226      11.154      -7.752       0.198      14.927       0.182
Gaia DR3 2033172994673247232 294.4271826  31.2298058 16.753  2.731       0.906  39.1476  88.8134   -32.85      nan      nan    7.134  nan      nan    nan   1.013     nan                                None      32.601      25.735      33.808       0.049      25.101       0.053
Gaia DR3 1847855257578239104 319.9545685  27.5046820  8.197  0.665       2.446  58.2873  88.8220   -22.41      nan      nan   13.288  nan      nan    nan   1.170     nan                                None      99.435      25.092      98.541       0.019      18.298       0.020
 Gaia DR3 519216878428083840  27.5606265  66.1355817 12.551  2.191       2.977  60.8002  88.8421     7.36      nan      nan   25.425  nan      nan    nan   1.042     nan                                None     191.575    -121.232     188.862       0.010    -105.505       0.013
Gaia DR3 1274586078291448576 228.0211289  28.1265311 18.518  3.214       2.483  25.7854  88.8591   -31.69      nan      nan    5.943  nan      nan    nan   1.071     nan                                None     -31.591      17.809     -34.578       0.119      16.940       0.142
Gaia DR3 4458795765491198848 247.7458866  10.7935964 20.030  2.724       2.577  38.2533  88.8694   -40.84      nan      nan    7.018  nan      nan    nan   1.122     nan                                None     -17.807       7.893     -15.539       0.669       4.827       0.541
Gaia DR3 1038500174228188416 138.3011375  59.5582876 18.483  0.498       1.128  57.2475  88.8859    10.60      nan      nan   12.416  nan      nan    nan   1.024     nan                                None     -91.059     -59.718     -92.458       0.102     -62.318       0.124
Gaia DR3 1263362263592482816 227.3214511  22.8356231 16.900  2.952       1.762  30.7411  88.9146   -32.58      nan      nan    6.279  nan      nan    nan   0.980     nan                                None     -33.934      14.705     -35.915       0.063      15.938       0.060
Gaia DR3 4388879509005485568 261.8094998   3.3569576 18.289  2.273       1.725  47.2570  88.9204   -42.87      nan      nan    8.508  nan      nan    nan   1.034     nan                                None      -3.008       0.178      -5.502       0.171      -1.654       0.154
Gaia DR3 4257863868149064064 279.2078582  -3.2260088 13.407  2.339       0.798  58.9875  88.9703   -41.15      nan      nan   13.851  nan      nan    nan  29.776     nan                                None      32.727     -13.834      34.244       0.509     -12.066       0.457
 Gaia DR3 762237780281072000 164.5891588  34.4218022 17.331  3.830       2.223  60.5221  88.9870     4.45      nan      nan   15.940  nan      nan    nan   0.993     nan                                None    -142.085     -20.076    -138.482       0.089     -13.534       0.092
Gaia DR3 1236694639852452608 222.1627329  18.7654853 15.209  2.338       2.817  36.5743  88.9923   -30.97      nan      nan    6.817  nan      nan    nan   1.008     nan                                None     -41.130      11.469     -43.484       0.035      14.762       0.034
Gaia DR3 4160666795398010240 274.7643704  -6.6756474 13.121  2.580       2.336  60.5447  89.0443   -41.53      nan      nan   27.397  nan      nan    nan   1.078     nan                                None      46.022     -42.123      47.911       0.017     -28.762       0.014
Gaia DR3 4271174379774544896 275.3607406  -1.9457923 16.375  2.901       1.282  56.3320  89.0974   -41.90      nan      nan   11.724  nan      nan    nan   1.095     nan                                None      20.776      -9.488      17.617       0.062      -9.724       0.056
Gaia DR3 2187650633130043648 305.1826179  56.3487730 17.584  3.106       2.599  34.5379  89.1018   -19.89      nan      nan    6.600  nan      nan    nan   1.113     nan                                None      39.234      35.536      39.662       0.120      31.946       0.114
Gaia DR3 2098097988026474752 279.6312832  39.7064449 11.212  1.113       2.723  24.4550  89.1021   -33.29      nan      nan    5.858  nan      nan    nan   8.602     nan                                None      14.218      30.284      14.421       0.129      33.640       0.137
Gaia DR3 4473652641490199936 265.8297711   5.2423527 20.099  1.295       2.526  46.4343  89.1519   -42.86      nan      nan    8.300  nan      nan    nan   1.387     nan                                None       2.327       2.645       5.662       0.895       5.546       0.823
Gaia DR3 4528426668646487424 275.7057191  20.0482781 10.311  0.812       2.661  36.6435  89.1569   -40.24      nan      nan    6.814  nan      nan    nan   1.180     nan                                None      12.438      17.417      15.572       0.014      15.229       0.017
Gaia DR3 1166973095707107072 228.0539897   9.3438223 18.188  3.358       1.742  42.9589  89.1889   -34.59      nan      nan    7.656  nan      nan    nan   1.037     nan                                None     -40.662       5.244     -38.608       0.173       7.164       0.161
Gaia DR3 1485436090253564928 211.0092117  38.6183331 16.023  2.591       2.515  28.0918  89.1918   -21.63      nan      nan    6.074  nan      nan    nan   1.031     nan                                None     -43.863      18.183     -44.599       0.024      15.049       0.031
Gaia DR3 4372214726660290176 265.5299568   0.1030682 19.649  4.238       2.623  51.3029  89.2010   -42.83      nan      nan    9.543  nan      nan    nan   1.110     nan                                None       2.225      -4.700       4.532       0.742      -9.445       0.543
Gaia DR3 3936440262402010368 196.4276357  15.4281208 17.311  0.190       0.842  53.3816  89.2067   -16.36      nan      nan   10.274  nan      nan    nan   0.978     nan                                None     -85.857       4.364     -87.670       0.116       4.569       0.137
Gaia DR3 2096458581830749056 281.1637836  36.3265197 15.939  2.336       2.500  27.4075  89.2414   -34.41      nan      nan    6.027  nan      nan    nan   1.051     nan                                None      16.026      28.367      12.937       0.035      29.104       0.035
Gaia DR3 3930841038092265472 192.2561717  14.3903034 16.776    nan       1.989  56.7625  89.2511   -13.56      nan      nan   11.917  nan      nan    nan   1.295     nan                                None    -102.303       2.489    -106.639       0.131       4.973       0.130
Gaia DR3 4169219488325795200 263.1971424  -8.1054695 13.814  2.484       0.981  58.7538  89.2578   -42.07      nan      nan   13.399  nan      nan    nan   1.143     nan                                None      -1.806     -23.819      -3.919       0.020     -22.026       0.014
Gaia DR3 4455502972980183040 237.2893500   9.3359313 13.142  1.727       0.651  40.6504  89.2669   -38.13      nan      nan    7.301  nan      nan    nan   1.130     nan                                None     -29.710       5.892     -30.659       0.014       6.212       0.015
Gaia DR3 1227673142651079936 216.4919801  13.5294251 17.630  3.207       2.764  43.7873  89.2972   -28.67      nan      nan    7.784  nan      nan    nan   0.959     nan                                None     -51.909       7.255     -53.818       0.113      11.368       0.099
Gaia DR3 4309207796949093632 287.6078847   9.7036340  9.206  0.871       2.983  51.4908  89.3050   -39.11      nan      nan    9.582  nan      nan    nan   7.631     nan                                None      34.607       8.574      29.496       0.107      11.767       0.095
Gaia DR3 1390238277576188928 234.1213796  41.6686976 17.765  2.884       2.284  12.0128  89.3088   -29.34      nan      nan    5.385  nan      nan    nan   0.986     nan                                None     -24.280      25.991     -23.033       0.079      23.717       0.118
Gaia DR3 1533761344280064384 187.7850803  39.6980945 15.693  2.701       1.287  42.6537  89.3360    -9.37      nan      nan    7.593  nan      nan    nan   1.942     nan                                None     -66.656       7.433     -66.007       0.062       9.388       0.109
Gaia DR3 4582795839310902528 268.9164468  26.0906398 15.469  2.323       2.208  28.2632  89.3431   -39.40      nan      nan    6.079  nan      nan    nan   1.036     nan                                None       4.659      21.296       1.942       0.022      22.088       0.028
Gaia DR3 4546597305183113728 259.2196059  15.5137960 14.538  2.048       1.569  34.8377  89.3678   -41.78      nan      nan    6.614  nan      nan    nan   0.961     nan                                None      -5.035      12.688      -6.319       0.020      10.918       0.018
Gaia DR3 2003275280608702720 337.8341201  53.7960539 10.971  1.256       1.297  52.5338  89.3704    -9.01      nan      nan    9.919  nan      nan    nan   6.431     nan                                None      86.072      17.220      83.962       0.077      18.925       0.085
Gaia DR3 4455502972980183168 237.2880676   9.3352839 10.935  1.003       1.373  40.6513  89.3740   -38.13      nan      nan    7.293  nan      nan    nan   0.932     nan                                None     -29.678       5.884     -31.784       0.013       5.746       0.013
Gaia DR3 6322965370438563968 231.1577392  -5.2919963  9.933  0.946       2.175  56.2145  89.3809   -35.60      nan      nan   11.542  nan      nan    nan   1.059     nan                                None     -56.644     -13.924     -51.458       0.020     -14.976       0.016
Gaia DR3 1584759579794910976 184.3639168  64.1742222  9.482  0.635       2.449  36.0897  89.4016    -5.51      nan      nan    6.739  nan      nan    nan   0.933     nan                                None     -59.917       8.320     -59.978       0.019      11.798       0.018
Gaia DR3 1197853047278618880 236.5520168  18.5771176 19.680  2.676       2.595  31.7618  89.4017   -36.79      nan      nan    6.337  nan      nan    nan   1.022     nan                                None     -26.441      13.126     -25.737       0.394       9.732       0.390
Gaia DR3 4169462136799175296 263.6946482  -6.9033084 10.535  1.967       2.360  57.6818  89.4131   -42.24      nan      nan   35.996  nan      nan    nan  16.053     nan                                None      -2.027     -57.277      -8.682       0.248     -73.907       0.183
Gaia DR3 4511311915471128192 281.9439169  17.1472207 20.586  0.809       0.764  42.2514  89.4202   -39.67      nan      nan    7.523  nan      nan    nan   0.991     nan                                None      20.886      15.417      20.086       1.001      14.507       1.352
Gaia DR3 4491205764801008640 262.7721508  10.6340383 18.008  3.043       2.687  40.4212  89.4440   -42.54      nan      nan    7.256  nan      nan    nan   5.340     nan                                None      -1.464       8.469      -3.323       0.512       4.803       0.545
Gaia DR3 2076562197379631104 294.7625021  40.6696800 16.515  2.693       2.781  33.8362  89.4571   -29.51      nan      nan    6.514  nan      nan    nan   0.957     nan                                None      30.064      30.470      32.700       0.045      33.234       0.051
Gaia DR3 2069967945102659840 310.6760354  43.5206388 11.961  1.276       2.908  42.6269  89.4648   -22.99      nan      nan    7.577  nan      nan    nan   1.017     nan                                None      49.773      29.589      46.961       0.011      33.286       0.011
Gaia DR3 4433514832070732160 246.8556572   3.0865021 12.501  1.554       0.931  45.9655  89.4670   -40.99      nan      nan    8.168  nan      nan    nan   1.225     nan                                None     -21.821      -0.353     -21.493       0.017      -1.921       0.015
Gaia DR3 4268663511830737408 284.2610852   2.4718724 16.566  0.084       1.081  56.0600  89.4681   -40.27      nan      nan   11.424  nan      nan    nan   1.009     nan                                None      35.662      -1.628      33.408       0.066      -2.929       0.068
Gaia DR3 1120916958802000256 142.1016395  73.0633892 14.962  2.411       2.952  47.8362  89.4758     4.30      nan      nan    8.566  nan      nan    nan   1.072     nan                                None     -65.683     -40.456     -70.949       0.020     -39.635       0.024
Gaia DR3 4301707203502930176 297.8660173   9.7996312 19.166  0.889       1.555  57.1810  89.4904   -35.48      nan      nan   12.071  nan      nan    nan   1.045     nan                                None      60.706       9.375      59.066       0.324      12.975       0.255
Gaia DR3 1640054633734923776 239.0197135  63.2186201 18.517  3.401       2.513  14.9372  89.5213   -19.64      nan      nan    5.454  nan      nan    nan   0.982     nan                                None     -20.854      38.617     -19.273       0.175      36.199       0.168
Gaia DR3 2172431983454981120 321.9266036  51.5623500 16.482  2.750       1.257  45.4036  89.5277   -16.05      nan      nan    8.052  nan      nan    nan   0.996     nan                                None      61.621      27.761      63.647       0.044      28.428       0.043
Gaia DR3 4502763551858716800 267.8842370  16.6006488 17.685  2.990       2.741  36.3707  89.5333   -41.65      nan      nan    6.761  nan      nan    nan   1.011     nan                                None       4.084      14.120       7.834       0.085      13.023       0.092
Gaia DR3 4392632584570197376 254.0823437   5.1722925 16.847  0.012       1.188  44.2114  89.5939   -42.24      nan      nan    7.828  nan      nan    nan   1.059     nan                                None     -12.246       2.315     -13.595       0.073       3.738       0.051
Gaia DR3 4528426672941655040 275.7043738  20.0481846 16.454  2.200       1.808  36.6429  89.6141   -40.24      nan      nan    6.785  nan      nan    nan   1.109     nan                                None      12.384      17.344       9.861       0.063      17.907       0.079
Gaia DR3 1991103549456421504 348.4183905  50.4226383 10.339  1.386       2.366  59.7207  89.6150    -4.54      nan      nan   14.067  nan      nan    nan   1.009     nan                                None     126.505       5.058     128.705       0.011      -1.605       0.010
Gaia DR3 4363682688226111616 262.5154185  -3.3223129 10.166  1.079       2.247  53.9336  89.6759   -42.61      nan      nan   10.373  nan      nan    nan   7.918     nan                                None      -2.513     -10.698       1.818       0.158      -8.376       0.113
Gaia DR3 3727780477600866176 209.8389447  12.7814409 18.930  3.500       1.172  47.7814  89.6801   -24.96      nan      nan    8.526  nan      nan    nan   0.928     nan                                None     -62.503       5.738     -61.669       0.269       7.672       0.186
Gaia DR3 4588041604990102784 279.8599720  31.3209873 11.885  1.094       1.683  29.9524  89.6854   -36.47      nan      nan    6.183  nan      nan    nan   0.862     nan                                None      15.220      25.258      14.496       0.010      23.188       0.010
 Gaia DR3 520593986679054976  32.5980451  68.1580929 14.283  3.052       0.206  59.9045  89.7004     7.69      nan      nan   32.319  nan      nan    nan   1.758     nan                                None     228.423    -175.050     227.050       0.022    -174.761       0.025
Gaia DR3 4280710134883522304 284.4693037   2.8406137 11.842  1.363       0.794  55.8334  89.7044   -40.22      nan      nan   11.220  nan      nan    nan   0.936     nan                                None      35.371      -0.992      34.025       0.019      -2.302       0.014
Gaia DR3 4143272697538124416 258.3428398 -10.0716983 16.312  3.164       2.218  59.8614  89.7457   -41.55      nan      nan   14.101  nan      nan    nan   1.001     nan                                None     -12.676     -29.238     -16.835       0.069     -34.354       0.051
Gaia DR3 4552413240659586304 265.3593782  19.8344391 18.049  3.209       1.370  32.4719  89.7672   -41.11      nan      nan    6.377  nan      nan    nan   1.067     nan                                None       1.315      16.498       3.071       0.114      15.941       0.142
Gaia DR3 4558393892420625792 255.8051814  16.9476136 20.622  0.863       2.903  32.7737  89.7751   -41.26      nan      nan    6.403  nan      nan    nan   0.980     nan                                None      -8.299      13.576     -10.928       0.578      10.671       0.624
 Gaia DR3 810054200942782464 151.7194397  45.8833780 13.147    nan       2.656  60.3348  89.7792     9.60      nan      nan   14.609  nan      nan    nan   3.267     nan                                None    -122.115     -41.187    -128.730       0.107     -45.997       0.255
Gaia DR3 1255613352316153728 215.2546830  24.6638904 11.481  0.973       2.002  35.1137  89.7828   -26.65      nan      nan    6.617  nan      nan    nan   1.081     nan                                None     -44.993      13.379     -46.015       0.016      15.977       0.017
Gaia DR3 2093613767293084416 284.2206687  35.8629670 16.285    nan       2.124  29.6389  89.8050   -34.00      nan      nan    6.154  nan      nan    nan   1.975     nan                                None      19.176      28.047      18.108       0.117      30.587       0.202
 Gaia DR3 543830653103045248  48.1838508  71.2708568 11.731  2.282       2.529  58.8792  89.8143     8.86      nan      nan   35.263  nan      nan    nan   1.020     nan                                None     186.709    -250.320     199.581       0.011    -236.616       0.014
Gaia DR3 2052820404134399104 290.0731297  38.3061482 10.555  0.827       1.554  32.0135  89.8277   -31.70      nan      nan    6.336  nan      nan    nan   0.789     nan                                None      25.120      29.365      23.763       0.011      27.795       0.012
Gaia DR3 3958277564058621312 195.1164685  25.6847140 15.647  2.696       2.352  46.6458  89.8297   -14.92      nan      nan    8.263  nan      nan    nan   1.034     nan                                None     -69.680       7.844     -73.708       0.044       8.598       0.053
 Gaia DR3 543830859261475072  48.1839447  71.2716007 16.278  3.108       0.819  58.8785  89.8306     8.86      nan      nan   35.341  nan      nan    nan   1.186     nan                                None     187.122    -250.875     191.319       0.068    -246.447       0.075
Gaia DR3 4609614744679125376 270.9775181  36.9315746 12.588  1.480       2.789  20.7782  89.8425   -35.44      nan      nan    5.652  nan      nan    nan   1.519     nan                                None       6.159      28.169       2.837       0.015      28.077       0.017
 Gaia DR3 810054200944070528 151.7200039  45.8833216  9.142  0.872       2.693  60.3345  89.8563     9.60      nan      nan   14.529  nan      nan    nan   0.965     nan                                None    -121.451     -40.962    -123.587       0.011     -48.930       0.011
Gaia DR3 4494217632089745152 265.6679543  13.2449836 11.293  1.047       0.299  38.7563  89.8588   -42.24      nan      nan    7.011  nan      nan    nan   1.000     nan                                None       1.787      11.038       2.218       0.018      11.139       0.018
Gaia DR3 4370781753767575168 267.6510869  -1.9308847 19.360  1.895       2.771  53.8302  89.8933   -42.65      nan      nan   10.276  nan      nan    nan   3.264     nan                                None       5.830      -8.347      11.601       0.969      -6.697       0.773
 Gaia DR3 539447931036368896   8.3345946  74.6726201 16.582  2.878       2.973  50.2073  89.9057     0.47      nan      nan    9.095  nan      nan    nan   1.059     nan                                None      79.651     -20.779      84.922       0.044     -18.610       0.055
Gaia DR3 4578354082915657216 272.5820698  23.6344244 20.554  2.658       1.856  32.0744  89.9109   -39.78      nan      nan    6.337  nan      nan    nan   1.089     nan                                None       8.495      19.751       8.680       0.619      17.278       0.745
Gaia DR3 4379194632631053568 253.0839912  -2.1999157 12.323  1.675       1.018  51.4613  89.9266   -41.93      nan      nan    9.453  nan      nan    nan   5.050     nan                                None     -16.253      -8.025     -14.434       0.101      -7.126       0.079
Gaia DR3 1932376979850360704 340.1997397  40.3124552 19.008  3.735       0.997  62.1911  89.9290    -9.38      nan      nan   26.389  nan      nan    nan   1.062     nan                                None     231.536      26.700     232.797       0.308      32.099       0.262
Gaia DR3 2096907972848655360 281.4816198  38.0080352 16.067  2.597       1.959  26.6020  89.9477   -33.69      nan      nan    5.947  nan      nan    nan   1.005     nan                                None      16.099      29.192      16.783       0.036      31.551       0.036
Gaia DR3 1639697777788668288 233.2842772  62.0100286 19.996  2.830       2.903  15.2313  89.9508   -19.40      nan      nan    5.449  nan      nan    nan   1.089     nan                                None     -25.191      36.062     -24.404       0.506      32.821       0.514
Gaia DR3 4609776858222429440 269.4989709  37.2967749 16.755  2.469       2.419  19.6696  89.9638   -35.39      nan      nan    5.602  nan      nan    nan   0.939     nan                                None       4.806      28.271       4.319       0.051      25.456       0.052
Gaia DR3 1864390572441605504 309.5667514  34.7798784 11.713  1.213       1.470  46.8131  89.9803   -26.03      nan      nan    8.279  nan      nan    nan   0.930     nan                                None      53.379      26.447      55.613       0.010      25.187       0.011
Gaia DR3 1131239483201350528 155.2998265  78.6971744 18.015  0.066       0.460  42.6682  89.9835     0.33      nan      nan    7.538  nan      nan    nan   1.019     nan                                None     -64.503     -22.225     -64.835       0.108     -22.876       0.129
