GaiaDR3                               RA         DEC   Gmag  Bp-Rp  Voff(km/s) Sep(deg)   3D(pc) Vr(pred)  Vr(obs)    Vrerr Plx(mas)  SpT    FnuvJ  W1-W3    RUWE  XCrate                               RVsrc    PMRApred   PMDecpred        PMRA     PMRAerr       PMDec    PMDecerr
Gaia DR3 5838450865699668736 189.7758326 -74.5740214  9.145  0.783       0.000   0.0000   0.0000    10.73    10.73     0.23   12.569  nan      nan    nan   0.911     nan                            Gaia_DR3     -50.489      -6.764     -50.489       0.012      -6.764       0.014
Gaia DR3 5836907662468994560 186.5900859 -76.6473684 19.060  4.264       1.220   2.2186   6.1565    11.06      nan      nan   11.788  nan      nan    nan   0.998     nan                                None     -47.224      -2.815     -46.473       0.220       0.122       0.224
Gaia DR3 5227091236372916864 176.6936810 -72.8922553 14.833  3.183       0.559   4.0210   6.9861    11.92      nan      nan   11.966  nan      nan    nan   1.197     nan                                None     -46.594       3.142     -46.737       0.027       4.544       0.025
Gaia DR3 5838885615170608640 194.3243024 -72.9248791 20.814  3.035       2.345   2.0821   7.3254    10.21      nan      nan   13.740  nan      nan    nan   1.133     nan                                None     -55.112     -12.474     -48.764       1.122     -10.056       1.617
Gaia DR3 5789857090314674816 206.2487288 -76.1150048 14.482  2.976       2.019   4.4256   7.4923     9.50    14.62     2.95   13.328  nan      nan    nan   1.133     nan                            Gaia_DR3     -51.656     -21.140     -54.489       0.019     -26.054       0.023
Gaia DR3 5787367211869748608 189.0448399 -79.5273738 11.263  1.406       2.975   4.9560   7.6516    10.96    22.88     0.33   13.174  nan      nan    nan   0.925     nan                            Gaia_DR3     -52.905      -3.824     -58.086       0.014     -10.262       0.017
Gaia DR3 5844883348015456640 195.0185360 -69.4389661 13.299  2.693       2.810   5.3794   8.2030     9.85      nan      nan   12.103  nan      nan    nan   1.095     nan                                None     -48.507     -13.102     -47.434       0.010     -20.191       0.014
Gaia DR3 5785280922917504640 208.9143638 -79.4183735 15.872  3.376       1.132   6.4205   9.3524     9.76      nan      nan   12.203  nan      nan    nan   1.119     nan                                None     -46.645     -20.064     -48.445       0.041     -17.775       0.043
Gaia DR3 5855726117550417408 191.4775577 -68.5245114 13.699  2.788       2.787   6.0728   9.9571    10.20    14.77     9.48   11.843  nan      nan    nan  19.548     nan                            Gaia_DR3     -47.584     -10.478     -41.230       0.787     -13.313       0.735
Gaia DR3 5857058450764658304 194.4071322 -68.2638097 14.433  2.845       0.780   6.4757  10.0885     9.82    13.96     2.94   11.952  nan      nan    nan   1.112     nan                            Gaia_DR3     -47.937     -12.971     -48.568       0.017     -11.111       0.020
Gaia DR3 5837177665590302464 185.5888525 -76.1252110 12.793  2.253       0.913   1.8773  10.2782    11.13    14.44     0.63   11.178  nan      nan    nan   1.118     nan                            Gaia_DR3     -44.715      -2.148     -44.942       0.015      -0.009       0.015
Gaia DR3 5200395815602796672 173.4861879 -78.1232406 17.937  4.576       2.534   5.2000  10.4162    11.96      nan      nan   13.943  nan      nan    nan   4.722     nan                                None     -53.437       9.794     -60.805       0.755       8.713       0.646
Gaia DR3 5204523004293421696 160.3870549 -76.0404605 14.123  2.873       1.877   7.5132  10.4710    13.03    14.95     3.27   12.871  nan      nan    nan   1.409     nan                            Gaia_DR3     -44.525      18.312     -44.586       0.023      23.404       0.020
Gaia DR3 5200926055081946752 159.9597773 -78.0113458 13.579  2.270       2.841   7.7410  10.9049    12.82     1.61     1.80   13.017  nan      nan    nan   1.065     nan                            Gaia_DR3     -44.829      20.067     -42.215       0.012      12.721       0.013
Gaia DR3 5857592641624233856 198.2125623 -67.0630072 14.274  2.556       0.594   7.9877  11.0607     9.22   -25.23     5.75   12.641  nan      nan    nan   1.089     nan                            Gaia_DR3     -50.385     -17.357     -50.513       0.014     -18.934       0.018
Gaia DR3 5837202576401198976 188.4900712 -75.7998833 16.277  3.215       1.838   1.2691  11.7503    10.89      nan      nan   14.722  nan      nan    nan   1.045     nan                                None     -59.097      -5.921     -56.318       0.042      -0.939       0.048
Gaia DR3 5786985543901306880 215.2557582 -76.7277930 12.785  2.241       1.340   6.6093  11.9225     8.93      nan      nan   11.538  nan      nan    nan   0.867     nan                                None     -42.256     -24.721     -44.293       0.029     -22.177       0.031
Gaia DR3 5796793153264201856 220.3695471 -73.0311261 16.550  3.067       0.812   8.5713  12.2396     7.81      nan      nan   13.220  nan      nan    nan   0.969     nan                                None     -46.275     -33.915     -47.394       0.040     -31.950       0.049
Gaia DR3 5786985539601624448 215.2479112 -76.7266726 14.724  2.952       1.013   6.6074  12.2423     8.93     4.39     5.66   11.473  nan      nan    nan   1.168     nan                            Gaia_DR3     -42.019     -24.576     -42.620       0.025     -22.201       0.025
Gaia DR3 5796793153264201600 220.3637003 -73.0315645 12.678  1.917       0.690   8.5696  12.2616     7.81    14.61     0.63   13.237  nan      nan    nan   1.038     nan                            Gaia_DR3     -46.336     -33.954     -46.925       0.010     -32.121       0.012
Gaia DR3 5786987227525797376 215.5051671 -76.6538228 13.935  2.796       1.265   6.6591  12.3857     8.90     1.39     5.14   11.456  nan      nan    nan   1.286     nan                            Gaia_DR3     -41.872     -24.751     -43.825       0.017     -22.400       0.019
Gaia DR3 5229115299838780416 159.4891706 -73.4947995 13.884  2.859       1.565   8.3069  12.4167    13.39    22.52     2.20   13.507  nan      nan    nan   1.306     nan                            Gaia_DR3     -46.286      18.246     -46.322       0.018      22.703       0.018
Gaia DR3 5204956727269231744 157.5140714 -74.5421558 10.084  1.050       2.351   8.4848  12.4482    13.42    16.92     0.33   13.413  nan      nan    nan   0.895     nan                            Gaia_DR3     -44.968      20.320     -39.549       0.016      24.173       0.013
Gaia DR3 5197565359135041024 163.9402757 -82.2780086 17.506  4.564       2.898   9.1044  12.5899    12.09      nan      nan   12.718  nan      nan    nan   1.104     nan                                None     -45.520      19.034     -46.134       0.124      26.781       0.108
Gaia DR3 5786948023061001344 211.6156496 -76.5686926 19.707  1.000       2.419   5.7551  13.0402     9.16      nan      nan   11.176  nan      nan    nan   0.983     nan                                None     -42.020     -21.440     -39.990       0.382     -16.115       0.425
Gaia DR3 5797338476673447936 212.8705406 -73.2333500 15.647  3.208       2.761   6.4975  13.2020     8.50      nan      nan   11.273  nan      nan    nan   1.050     nan                                None     -42.024     -23.742     -46.929       0.033     -19.384       0.037
Gaia DR3 5856560337637521280 191.8311720 -67.8539968 11.025  1.403       0.917   6.7515  13.3452    10.10    14.11     0.38   11.296  nan      nan    nan   0.923     nan                            Gaia_DR3     -45.380     -10.537     -46.353       0.013      -8.581       0.016
Gaia DR3 5858017809064422016 199.8202283 -65.5555067 14.371  2.515       2.439   9.6156  13.3676     8.82     4.36     4.36   12.986  nan      nan    nan   1.057     nan                            Gaia_DR3     -51.554     -19.807     -56.094       0.016     -24.704       0.019
Gaia DR3 5863729634514831360 203.7092954 -65.8154716 16.506  2.848       1.399   9.8923  13.8713     8.33      nan      nan   13.155  nan      nan    nan   0.971     nan                                None     -51.553     -23.168     -52.223       0.036     -19.346       0.059
Gaia DR3 6053080105353531520 183.3370776 -64.8165615 11.455  1.716       0.868   9.9959  14.1281    11.05    13.24     0.78   12.295  nan      nan    nan   0.855     nan                            Gaia_DR3     -48.964      -6.231     -46.843       0.012      -6.986       0.016
Gaia DR3 5779730515201249024 231.8399211 -77.4167350 18.969  3.929       2.059  10.3139  14.2859     8.04      nan      nan   12.954  nan      nan    nan   1.088     nan                                None     -39.355     -39.804     -43.727       0.219     -43.340       0.250
Gaia DR3 5843249890363582848 188.8135021 -70.7188922 15.672  3.540       2.649   3.8657  14.4292    10.64      nan      nan   10.778  nan      nan    nan   1.124     nan                                None     -43.277      -6.741     -43.654       0.034     -12.749       0.041
Gaia DR3 5191022337237027456 173.7078651 -84.7894356 20.656  2.007       1.512  10.5159  14.5340    11.49      nan      nan   12.884  nan      nan    nan   1.041     nan                                None     -49.438      12.573     -45.375       1.145      11.985       2.013
Gaia DR3 5840881503650431616 206.7860293 -70.3519497 10.485  1.032       2.666   6.5996  14.6073     8.64    14.07     0.24   11.059  nan      nan    nan   1.014     nan                            Gaia_DR3     -42.750     -20.055     -41.826       0.013     -13.910       0.016
Gaia DR3 5232033197544843904 163.0377213 -68.3116915 20.154  3.250       0.144  10.4157  14.6220    13.54      nan      nan   12.364  nan      nan    nan   1.075     nan                                None     -43.894      10.995     -44.158       0.655      11.260       0.614
Gaia DR3 5236935022238989568 169.0734422 -66.4387126 19.950  3.386       1.449  10.5576  14.8055    12.94      nan      nan   12.376  nan      nan    nan   1.023     nan                                None     -46.140       5.491     -49.882       0.533       4.949       0.406
Gaia DR3 6053080174073021696 183.3312305 -64.7972875 11.108  1.899       0.501  10.0154  14.8835    11.05    14.88     0.80   11.928  nan      nan    nan  15.573     nan                            Gaia_DR3     -47.503      -6.050     -46.387       0.231      -6.632       0.276
Gaia DR3 5840882328285253376 206.7413180 -70.3255512 17.427  4.268       2.454   6.6089  14.9106     8.64      nan      nan   11.013  nan      nan    nan   0.975     nan                                None     -42.583     -19.950     -42.763       0.071     -14.256       0.096
Gaia DR3 5772354067786638208 231.5842447 -81.0084616 15.551  2.967       2.956  10.5437  15.0216     8.95      nan      nan   12.207  nan      nan    nan   0.991     nan                                None     -37.230     -35.975     -35.962       0.027     -43.475       0.031
Gaia DR3 5858851238887936512 199.0441645 -64.9929474 15.248  3.060       1.375  10.0739  15.0576     8.86      nan      nan   13.776  nan      nan    nan   1.057     nan                                None     -54.804     -20.592     -55.903       0.023     -24.430       0.030
Gaia DR3 5858851238843331328 199.0457573 -64.9915285 16.356  3.068       1.120  10.0754  15.2721     8.86      nan      nan   13.879  nan      nan    nan   0.986     nan                                None     -55.211     -20.747     -56.391       0.036     -23.804       0.050
Gaia DR3 5851696304375719808 204.2069061 -66.1725327 16.003  3.009       2.836   9.6404  15.5384     8.32      nan      nan   14.195  nan      nan    nan   0.984     nan                                None     -55.520     -25.286     -47.215       0.028     -27.027       0.037
Gaia DR3 5854711092186163200 181.3299595 -71.8177384 13.816  2.939       2.595   3.6756  15.7535    11.47      nan      nan   10.604  nan      nan    nan  10.143     nan                                None     -42.005      -0.919     -39.960       0.174      -6.348       0.172
Gaia DR3 6054055784462350464 180.6170629 -64.1527362 16.772  3.770       0.407  10.8796  15.8102    11.41      nan      nan   12.037  nan      nan    nan   1.028     nan                                None     -47.578      -4.384     -47.472       0.056      -5.413       0.056
Gaia DR3 5231963962676292224 164.2620874 -68.6672898  7.324  0.318       1.319   9.8515  15.8257    13.38    18.04     0.16   11.566  nan      nan    nan   0.910     nan                            Gaia_DR3     -41.515       9.668     -41.128       0.023      12.861       0.021
Gaia DR3 5795113752331085184 228.6856432 -73.0452270 15.027  2.472       0.874  10.7549  15.9458     7.15     9.96     3.74   11.907  nan      nan    nan   1.021     nan                            Gaia_DR3     -37.844     -36.073     -35.742       0.018     -35.447       0.021
Gaia DR3 5842775554171002496 185.5925739 -71.6178478 12.526  2.348       2.737   3.1948  16.1675    11.02      nan      nan   10.528  nan      nan    nan   1.264     nan                                None     -42.114      -3.961     -42.995       0.015      -9.971       0.017
Gaia DR3 5841324542416019712 185.7019614 -74.1723818 16.155  4.042       2.941   1.1683  16.2422    11.08      nan      nan   10.448  nan      nan    nan   1.069     nan                                None     -41.805      -2.922     -42.727       0.050      -9.333       0.062
Gaia DR3 5838505428954577536 193.9794378 -74.2890481 14.252    nan       0.967   1.1634  16.3961    10.34      nan      nan   10.432  nan      nan    nan   1.099     nan                                None     -41.856      -8.690     -41.470       0.261      -6.599       0.088
Gaia DR3 5226193446465971072 167.3160411 -73.8795472 12.566  2.498       0.665   6.1073  16.4275    12.71     9.90    14.17   15.377  nan      nan    nan   1.312     nan                            Gaia_DR3     -56.595      13.881     -54.854       0.019      12.610       0.017
Gaia DR3 5842571697842877440 186.3941918 -71.9172329 16.054  3.626       1.279   2.8289  16.4299    10.95      nan      nan   10.480  nan      nan    nan   1.150     nan                                None     -41.974      -4.374     -41.256       0.050      -1.642       0.059
Gaia DR3 5191376624795031808 161.0553706 -83.6697473 13.897  2.425       1.610  10.3216  16.6060    12.00    50.98    24.69   11.522  nan      nan    nan   2.523     nan                            Gaia_DR3     -40.128      19.989     -41.317       0.150      16.263       0.121
Gaia DR3 5844952827734654720 194.5726302 -69.1060873 15.003  3.357       2.446   5.6642  16.7249     9.87      nan      nan   10.645  nan      nan    nan   1.049     nan                                None     -42.686     -11.342     -41.966       0.023     -16.784       0.031
Gaia DR3 5217554622264363008 143.5176473 -74.0933453 14.287  2.887       2.061  12.1858  16.7945    14.45    11.14     3.26   12.853  nan      nan    nan   1.277     nan                            Gaia_DR3     -34.924      28.395     -33.411       0.022      33.769       0.021
Gaia DR3 5841058323178039680 205.0493151 -70.3137374 15.141  3.470       1.822   6.2418  16.7981     8.82    18.38     3.76   15.458  nan      nan    nan   1.204     nan                            Gaia_DR3     -60.242     -26.339     -58.998       0.029     -32.144       0.035
Gaia DR3 5846634393323760768 214.4232794 -69.0817787 16.998  3.716       2.370   9.3351  16.8255     7.59      nan      nan   11.198  nan      nan    nan   1.011     nan                                None     -41.273     -26.026     -45.643       0.054     -22.531       0.061
Gaia DR3 5784574830293653120 202.3909522 -79.5213420  9.957  0.861       1.942   5.6705  16.8590    10.15     7.63     0.19   10.628  nan      nan    nan   1.167     nan                            Gaia_DR3     -41.858     -12.813     -38.347       0.015     -10.243       0.019
Gaia DR3 5838505463323964416 193.9794043 -74.2887447 13.525  2.907       1.082   1.1634  16.8985    10.34     2.65     4.08   10.377  nan      nan    nan   1.392     nan                            Gaia_DR3     -41.636      -8.645     -42.318       0.053      -6.378       0.056
Gaia DR3 5844573358774024320 194.6060529 -70.4803923  9.651  1.164       2.653   4.3396  16.9028     9.99    10.68     1.00   10.512  nan      nan    nan   0.981     nan                            Gaia_DR3     -42.152     -10.695     -41.135       0.011     -16.485       0.015
Gaia DR3 5232721079509476480 158.7074784 -68.5549624 15.229  2.817       1.951  11.3227  16.9976    13.98    22.93     4.15   11.804  nan      nan    nan   1.085     nan                            Gaia_DR3     -40.109      13.526     -44.565       0.028      11.598       0.026
Gaia DR3 5190496190858991360 166.0931393 -86.2465776 16.541  3.152       1.128  12.0808  17.0060    11.52      nan      nan   13.450  nan      nan    nan   1.047     nan                                None     -49.029      20.633     -47.627       0.053      17.758       0.051
Gaia DR3 5845290064241075456 202.8108733 -68.1513592 19.188  3.174       2.063   7.6184  17.0216     8.78      nan      nan   10.844  nan      nan    nan   3.597     nan                                None     -42.641     -17.685     -38.236       0.701     -15.999       0.891
Gaia DR3 5228361962579665152 169.9692375 -70.6184111  8.050  0.546       2.719   7.0703  17.0469    12.66    22.03     0.47   10.763  nan      nan    nan   1.629     nan                            Gaia_DR3     -40.374       6.311     -39.821       0.039      12.456       0.035
Gaia DR3 5218453026341853952 147.2518214 -71.6342075 14.200    nan       0.727  12.4082  17.0964    14.61    15.28     6.83   12.856  nan      nan    nan   1.020     nan                            Gaia_DR3     -37.337      24.459     -39.102       0.058      23.583       0.073
Gaia DR3 5218453026345066368 147.2531200 -71.6341483 13.897  2.554       1.377  12.4079  17.1102    14.61    15.34     6.48   12.754  nan      nan    nan   2.566     nan                            Gaia_DR3     -37.042      24.264     -36.117       0.077      27.850       0.083
Gaia DR3 5191392121037221760 167.2152639 -83.8464125 14.633  2.726       2.471  10.0185  17.1344    11.78    23.09     4.45   11.306  nan      nan    nan   1.071     nan                            Gaia_DR3     -41.580      15.372     -46.761       0.022      12.574       0.020
Gaia DR3 5191039487043372160 171.3215814 -84.9544914  7.548  0.587       1.890  10.7563  17.1504    11.54    19.42     0.26   11.528  nan      nan    nan   3.538     nan                            Gaia_DR3     -43.623      13.153     -46.340       0.122       9.451       0.145
Gaia DR3 5217846817480160640 142.9056603 -73.7510656 13.905  3.131       2.437  12.4852  17.2057    14.55     8.76     4.06   12.804  nan      nan    nan   1.966     nan                            Gaia_DR3     -34.385      28.409     -32.245       0.033      34.628       0.029
Gaia DR3 5217846851839896832 142.8545558 -73.7472570  9.193  0.804       2.643  12.4997  17.2222    14.55      nan      nan   12.832  nan      nan    nan   1.589     nan                                None     -34.426      28.497     -31.110       0.032      34.832       0.033
Gaia DR3 5217846851839896704 142.8531331 -73.7468919  7.413  0.517       1.291  12.5002  17.2252    14.55      nan      nan   12.811  nan      nan    nan   1.106     nan                                None     -34.368      28.451     -34.553       0.026      31.934       0.022
Gaia DR3 5794040010503936896 235.1584801 -74.3310232 13.769  2.958       1.257  11.8721  17.3065     7.03      nan      nan   13.843  nan      nan    nan   1.122     nan                                None     -39.878     -46.024     -43.024       0.012     -44.137       0.015
Gaia DR3 5217868876431672960 142.9766663 -73.4602296 13.444  2.684       2.026  12.5979  17.3613    14.60    19.84     2.50   12.792  nan      nan    nan   1.361     nan                            Gaia_DR3     -34.401      28.142     -32.326       0.016      33.197       0.016
Gaia DR3 5773290714256100864 226.2667686 -79.6567121 17.072  3.328       1.099   9.3533  17.3693     8.87      nan      nan   11.098  nan      nan    nan   1.025     nan                                None     -36.394     -29.985     -33.849       0.059     -29.609       0.068
Gaia DR3 5230321361014440704 151.3556439 -71.6244436 12.446  2.559       1.023  11.3280  17.4091    14.29    16.39     1.37   11.671  nan      nan    nan   5.079     nan                            Gaia_DR3     -36.127      19.817     -35.573       0.072      22.272       0.058
Gaia DR3 5230688284360121472 155.1552482 -71.0902310 14.821  3.323       1.419  10.6146  17.4194    14.04     3.87     8.29   11.413  nan      nan    nan   1.295     nan                            Gaia_DR3     -37.189      16.783     -36.985       0.031      20.192       0.028
Gaia DR3 5191257877539468672 165.6363397 -84.4914441 15.208  3.256       2.238  10.6346  17.5102    11.75    25.33     3.51   14.565  nan      nan    nan   1.404     nan                            Gaia_DR3     -52.897      21.670     -58.756       0.037      18.081       0.033
Gaia DR3 5846840105074976384 209.0415957 -70.3259170 14.936  3.005       0.985   7.1436  17.5497     8.39      nan      nan   10.702  nan      nan    nan   0.982     nan                                None     -40.878     -20.942     -41.881       0.022     -18.960       0.022
Gaia DR3 5189160902706509696 155.0521883 -86.5566985  7.713  0.549       2.189  12.7440  17.5515    11.67    23.63     0.32   12.897  nan      nan    nan   0.875     nan                            Gaia_DR3     -41.969      28.539     -47.916       0.021      28.298       0.018
Gaia DR3 5840881503651804800 206.7900527 -70.3504258 12.856  2.150       2.504   6.6017  17.5621     8.63    12.99     3.39   10.635  nan      nan    nan  62.630     nan                            Gaia_DR3     -41.112     -19.290     -42.194       0.657     -13.781       0.767
Gaia DR3 5226891709370642944 175.3421247 -73.2661206 16.486  3.546       0.962   4.1940  17.6356    12.03      nan      nan   10.417  nan      nan    nan   1.037     nan                                None     -40.308       3.820     -40.715       0.049       5.894       0.052
Gaia DR3 5226891709370645376 175.3211009 -73.2602491 15.448  3.220       0.817   4.2020  17.6647    12.04      nan      nan   10.414  nan      nan    nan   1.068     nan                                None     -40.293       3.830     -40.742       0.030       5.566       0.033
Gaia DR3 5855730103274382464 192.1324901 -68.4816997 13.559  2.712       2.408   6.1367  17.7021    10.11     8.01     3.20   10.567  nan      nan    nan   1.071     nan                            Gaia_DR3     -42.450      -9.818     -41.313       0.013     -15.061       0.016
Gaia DR3 5230321567172871040 151.3446691 -71.6162637 14.600  2.926       0.644  11.3353  17.7133    14.29    15.02     3.92   11.583  nan      nan    nan   2.216     nan                            Gaia_DR3     -35.850      19.670     -35.516       0.044      21.206       0.037
Gaia DR3 5191257980618688640 165.7332058 -84.4853004 16.146  3.615       1.838  10.6241  17.8482    11.75      nan      nan   14.699  nan      nan    nan   1.275     nan                                None     -53.425      21.775     -58.353       0.057      18.919       0.051
Gaia DR3 5216186726719969792 139.3643706 -74.7344300  5.862 -0.029       1.879  12.9432  17.8580    14.56    15.91     0.20   13.090  nan      nan    nan   1.070     nan                            Gaia_DR3     -32.669      31.750     -29.777       0.039      36.054       0.039
Gaia DR3 5217812354662195328 140.9506524 -73.6796897 15.087  3.224       1.662  13.0072  17.9383    14.68    26.15     3.09   13.076  nan      nan    nan   1.195     nan                            Gaia_DR3     -33.763      30.090     -32.481       0.030      34.488       0.030
Gaia DR3 5217812354662194048 140.9457046 -73.6818466 13.385  2.624       2.284  13.0074  17.9427    14.68    15.57     3.60   13.088  nan      nan    nan   1.227     nan                            Gaia_DR3     -33.789      30.121     -31.043       0.013      35.793       0.014
Gaia DR3 5843305312627594624 190.7486339 -70.4362872 12.357  1.631       2.822   4.1479  18.0232    10.41    -8.97     1.20   10.370  nan      nan    nan   1.101     nan                            Gaia_DR3     -41.665      -7.926     -45.772       0.012      -3.324       0.014
Gaia DR3 5239284339287940864 160.2742672 -65.6863542 17.854  4.807       0.343  13.1461  18.1092    14.05      nan      nan   12.791  nan      nan    nan   1.628     nan                                None     -44.195      11.659     -43.276       0.264      11.553       0.228
Gaia DR3 6055724499483732096 194.0389421 -61.4578649 13.718    nan       1.918  13.2046  18.1761     9.20      nan      nan   12.873  nan      nan    nan   1.092     nan                                None     -51.648     -16.739     -52.082       0.082     -21.925       0.076
Gaia DR3 6055724499479516544 194.0386748 -61.4571508  9.162  1.003       0.146  13.2053  18.1794     9.20    13.24     3.24   12.849  nan      nan    nan   0.975     nan                            Gaia_DR3     -51.552     -16.708     -51.181       0.011     -16.842       0.012
Gaia DR3 6055724499479516800 194.0265702 -61.4558867 12.723  2.401       0.084  13.2061  18.1919     9.20    12.69     0.96   12.787  nan      nan    nan   1.107     nan                            Gaia_DR3     -51.305     -16.619     -51.128       0.014     -16.478       0.016
Gaia DR3 5196186610209196928 130.1089107 -81.7212784 10.863  1.255       2.791  13.2768  18.3790    13.30    -5.57     0.22   13.252  nan      nan    nan   0.827     nan                            Gaia_DR3     -25.932      41.585     -30.562       0.012      35.310       0.011
Gaia DR3 5236895478498273664 170.7415724 -66.5338810 14.746  2.624       2.665  10.1405  18.4619    12.73      nan      nan   11.069  nan      nan    nan   1.133     nan                                None     -41.731       3.853     -37.333       0.024       8.247       0.021
Gaia DR3 5335090216297084416 179.6330385 -61.6173881 13.942  2.882       0.547  13.4523  18.5098    11.48      nan      nan   12.901  nan      nan    nan   1.220     nan                                None     -50.826      -5.299     -51.104       0.018      -6.762       0.018
Gaia DR3 5237261714644058624 172.0759513 -65.0857407 15.598  2.594       1.545  11.1823  18.6932    12.59    22.06     6.86   11.286  nan      nan    nan   1.046     nan                            Gaia_DR3     -42.905       2.259     -44.253       0.027       5.677       0.029
Gaia DR3 5768238454028080128 240.9834622 -83.9277706 12.733  1.880       2.651  12.5269  18.7088     9.42     7.27     9.63   11.779  nan      nan    nan   1.080     nan                            Gaia_DR3     -30.411     -38.960     -34.930       0.014     -43.747       0.013
Gaia DR3 5842062452165903872 190.6509413 -72.3770175 13.645  2.908       0.842   2.2110  18.7794    10.54    14.98     5.87   10.201  nan      nan    nan  63.679     nan                            Gaia_DR3     -40.986      -6.967     -41.322       0.642      -8.746       0.774
Gaia DR3 5188770777939967744 167.1521660 -87.6942857 17.890  3.994       2.677  13.3265  18.8432    11.32      nan      nan   12.233  nan      nan    nan   0.883     nan                                None     -44.966      18.684     -51.312       0.123      15.964       0.115
Gaia DR3 5844015768940264320 201.1460664 -70.3406837 16.263  3.755       2.865   5.4283  18.9497     9.25      nan      nan   10.352  nan      nan    nan   0.998     nan                                None     -40.940     -15.022     -38.811       0.042     -20.901       0.052
Gaia DR3 5859373919170289024 185.4949864 -67.9152550 13.387  2.660       2.648   6.7952  19.0612    10.90    13.72     2.39   10.463  nan      nan    nan   1.210     nan                            Gaia_DR3     -41.847      -5.434     -42.739       0.013     -11.205       0.017
Gaia DR3 5847715041464758144 210.5493157 -68.1581868 14.481  3.341       2.835   9.1398  19.1614     7.86      nan      nan   15.588  nan      nan    nan   4.573     nan                                None     -59.010     -32.973     -67.331       0.080     -28.786       0.086
Gaia DR3 5848684638927564288 224.1582884 -66.3951130 13.177  2.586       0.325  13.7795  19.2153     5.93     8.70     1.56   12.430  nan      nan    nan   1.143     nan                            Gaia_DR3     -41.794     -36.628     -42.053       0.008     -35.818       0.013
Gaia DR3 5852326358912797440 210.2203287 -64.3378751 18.983  4.296       2.159  12.3584  19.2347     7.22      nan      nan   11.539  nan      nan    nan   4.844     nan                                None     -43.769     -25.401     -38.703       0.781     -26.788       0.837
Gaia DR3 5240144982036017536 168.4196703 -64.8164732 12.278  2.356       0.374  12.1058  19.3182    13.08      nan      nan   14.693  nan      nan    nan   1.058     nan                                None     -54.525       5.946     -55.430       0.015       5.223       0.013
Gaia DR3 5198580865499165440 153.5840690 -81.6450028 12.022  1.748       2.974   9.9574  19.3475    12.59    27.15     3.69   10.873  nan      nan    nan   1.219     nan                            Gaia_DR3     -34.716      22.569     -37.660       0.015      16.419       0.013
Gaia DR3 5794661062777003392 237.0902274 -72.5398687 14.205  3.037       1.724  13.1773  19.4753     6.40     4.86     2.80   14.209  nan      nan    nan   1.178     nan                            Gaia_DR3     -39.571     -49.174     -34.777       0.016     -47.253       0.018
Gaia DR3 5785588202059869952 222.6749967 -78.6948829 19.632  3.449       1.486   8.4859  19.5371     8.85      nan      nan   10.604  nan      nan    nan   1.086     nan                                None     -36.245     -26.793     -37.427       0.351     -23.688       0.452
Gaia DR3 5794661131496481280 237.0845309 -72.5378599 13.001  2.685       1.744  13.1769  19.5525     6.40      nan      nan   14.252  nan      nan    nan   1.239     nan                                None     -39.693     -49.318     -35.190       0.014     -46.638       0.016
Gaia DR3 5218262707753446144 147.6712840 -71.7827449 18.420    nan       1.903  12.2170  19.5827    14.55      nan      nan   11.394  nan      nan    nan   1.014     nan                                None     -33.323      21.538     -30.989       0.145      25.469       0.167
Gaia DR3 5786748732284567680 219.0603831 -76.9149170 12.315  2.071       1.057   7.4892  19.6042     8.71    10.92     2.56   10.469  nan      nan    nan   7.348     nan                            Gaia_DR3     -37.107     -24.806     -36.496       0.065     -22.555       0.075
Gaia DR3 5839655827366901120 208.8034976 -72.7338276  8.653  0.666       1.427   5.6333  19.6067     8.79     0.10     0.14   10.292  nan      nan    nan   0.967     nan                            Gaia_DR3     -39.365     -19.200     -42.173       0.013     -20.502       0.015
Gaia DR3 5847335052788164224 209.9861174 -68.4547315 13.000  2.511       2.650   8.7777  19.6223     7.97     7.47     5.05   10.633  nan      nan    nan   1.236     nan                            Gaia_DR3     -40.390     -22.031     -36.466       0.012     -26.490       0.018
Gaia DR3 5199797749993133440 169.6491336 -79.5986381 16.575    nan       1.270   6.6735  19.7178    12.09      nan      nan   10.369  nan      nan    nan   2.728     nan                                None     -38.813      10.543     -39.392       0.224       7.829       0.375
Gaia DR3 5239744961641742208 159.2486065 -65.0879045 17.859  3.527       1.851  13.8813  19.7299    14.22      nan      nan   12.161  nan      nan    nan   1.032     nan                                None     -41.565      11.386     -45.166       0.104      14.476       0.093
Gaia DR3 5859191606387521536 180.7584156 -69.0868973 13.522  2.530       1.170   6.1503  19.7380    11.50      nan      nan   10.319  nan      nan    nan   1.155     nan                                None     -40.806      -1.702     -38.468       0.014      -0.693       0.014
Gaia DR3 5856965846936162816 193.7715131 -68.7552318 15.025  2.791       2.785   5.9497  19.7674     9.94      nan      nan   10.299  nan      nan    nan  14.448     nan                                None     -41.330     -10.566     -41.773       0.355     -16.595       0.335
Gaia DR3 5845197224226679168 199.9865102 -68.5206444 12.041  2.125       1.862   6.8405  19.7914     9.16      nan      nan   10.376  nan      nan    nan   2.137     nan                                None     -41.176     -14.919     -39.116       0.025     -18.432       0.028
Gaia DR3 5215182391566488448 135.4216223 -77.9327175 15.124  2.891       0.548  12.8177  19.9201    14.06    18.90     4.51   11.519  nan      nan    nan   1.112     nan                            Gaia_DR3     -26.186      31.720     -24.860       0.024      31.597       0.026
Gaia DR3 5843962129072074496 199.1040758 -69.8144970 14.595  3.540       1.957   5.5347  20.0385     9.42      nan      nan   10.235  nan      nan    nan   5.356     nan                                None     -40.710     -13.677     -40.505       0.098     -17.894       0.115
Gaia DR3 5855209896823545344 185.5021567 -70.0177621 14.018  2.618       2.799   4.7351  20.2228    10.98    13.84     3.96   10.161  nan      nan    nan   1.279     nan                            Gaia_DR3     -40.640      -4.421     -41.161       0.021     -10.393       0.021
Gaia DR3 5238901533146004480 160.0836719 -67.2794620 20.163  3.372       1.978  11.9255  20.2279    13.94      nan      nan   11.157  nan      nan    nan   1.063     nan                                None     -38.473      11.203     -33.991       0.561      12.449       0.461
Gaia DR3 5251766991739367552 158.5628834 -64.7283890 16.588  3.124       1.663  14.3420  20.2644    14.33      nan      nan   13.818  nan      nan    nan   1.017     nan                                None     -46.876      13.186     -47.737       0.049      17.952       0.050
Gaia DR3 5786748736583239168 219.0869418 -76.9086170 14.528  2.908       0.839   7.4948  20.3203     8.70    17.81     6.53   10.378  nan      nan    nan   1.204     nan                            Gaia_DR3     -36.777     -24.611     -38.337       0.019     -23.642       0.024
Gaia DR3 5236079778323444736 178.3705668 -67.1869415 14.707  3.021       2.635   8.2451  20.4635    11.77     5.46     2.93   10.446  nan      nan    nan   0.974     nan                            Gaia_DR3     -40.963      -0.982     -43.059       0.022      -6.392       0.028
Gaia DR3 5844296281847839232 200.5309359 -69.6368165  9.973  1.309       2.670   5.9217  20.4723     9.23     7.20     1.65   10.215  nan      nan    nan   0.963     nan                            Gaia_DR3     -40.474     -14.660     -38.353       0.012     -20.004       0.015
Gaia DR3 5238340129374896512 166.1417110 -67.1977323 12.529  2.016       1.236  10.5555  20.5030    13.26    14.41     1.55   10.795  nan      nan    nan   1.037     nan                            Gaia_DR3     -39.366       7.058     -38.827       0.012       9.818       0.012
Gaia DR3 5854831974036429056 185.2702660 -71.2803976 11.195  1.717       2.806   3.5470  20.5547    11.05    11.56     0.68   10.064  nan      nan    nan   0.976     nan                            Gaia_DR3     -40.236      -3.710     -40.556       0.015      -9.654       0.017
Gaia DR3 5843299883788891392 190.7321249 -70.5724925 15.950  3.647       2.632   4.0116  20.5564    10.42      nan      nan   10.085  nan      nan    nan   1.040     nan                                None     -40.521      -7.645     -40.727       0.043     -13.236       0.049
Gaia DR3 5768168398818832896 245.3734540 -84.2447957 14.908  3.268       0.546  13.0467  20.5869     9.41      nan      nan   11.419  nan      nan    nan   1.022     nan                                None     -26.704     -39.786     -25.450       0.025     -39.393       0.026
Gaia DR3 5855802671046171648 191.5695495 -68.1081470  3.549 -0.158       1.824   6.4906  20.6543    10.15      nan      nan   10.241  nan      nan    nan   2.731     nan                                None     -41.146      -9.282     -37.428       0.447     -10.578       0.703
Gaia DR3 5218262707753445760 147.6715273 -71.7833035 14.792  2.935       2.320  12.2166  20.7446    14.55    12.21     4.76   11.126  nan      nan    nan   1.111     nan                            Gaia_DR3     -32.537      21.031     -31.067       0.023      26.269       0.023
Gaia DR3 5785588197760834944 222.6706223 -78.6940760 20.577  2.762       1.106   8.4849  20.7690     8.85      nan      nan   10.436  nan      nan    nan   1.135     nan                                None     -35.672     -26.366     -37.542       0.906     -24.809       0.983
Gaia DR3 5779624176110464896 226.3406543 -78.1673135  7.588  0.508       2.116   9.1415  20.7690     8.53    16.57     0.20   10.523  nan      nan    nan   0.935     nan                            Gaia_DR3     -34.474     -28.975     -30.670       0.019     -26.225       0.021
Gaia DR3 5845026082698840576 197.1275252 -68.7469524 12.596  2.355       2.437   6.2585  20.8611     9.53     7.76     3.25   10.198  nan      nan    nan   1.167     nan                            Gaia_DR3     -40.737     -12.695     -39.302       0.012     -17.733       0.016
Gaia DR3 5843314967714767872 191.8999740 -70.5205628 13.249  2.507       2.755   4.1026  21.0205    10.29    15.56     5.07   10.041  nan      nan    nan   1.215     nan                            Gaia_DR3     -40.338      -8.406     -40.255       0.012     -14.237       0.015
Gaia DR3 5845050203239172608 196.8230436 -68.7363301 13.372  2.701       2.458   6.2348  21.1417     9.57      nan      nan   10.164  nan      nan    nan   1.173     nan                                None     -40.625     -12.455     -39.396       0.012     -17.577       0.015
Gaia DR3 5244271552233795200 145.1522693 -67.7545717 16.456  3.815       0.285  15.4426  21.1890    15.37      nan      nan   13.104  nan      nan    nan   1.108     nan                                None     -36.699      23.409     -36.074       0.061      23.888       0.055
Gaia DR3 5244343501525187200 147.5332701 -67.2994270 12.583  2.153       1.551  15.1395  21.1910    15.22      nan      nan   13.765  nan      nan    nan   1.191     nan                                None     -40.164      22.726     -40.637       0.014      27.201       0.014
Gaia DR3 5798019241866519552 220.4479876 -70.8613278 18.204  4.211       0.656   9.7008  21.2518     7.34      nan      nan   10.536  nan      nan    nan   0.932     nan                                None     -36.850     -27.715     -36.009       0.113     -28.905       0.151
Gaia DR3 5856794430544385152 189.5103807 -67.7320017 13.951  2.901       1.857   6.8425  21.2519    10.38    29.36     2.71   10.202  nan      nan    nan   9.875     nan                            Gaia_DR3     -40.979      -8.027     -43.857       0.121      -5.259       0.138
Gaia DR3 5791768934876065152 224.9578364 -76.9113465 14.546  2.927       1.218   8.8239  21.4135     8.33    24.19     5.25   10.393  nan      nan    nan   1.175     nan                            Gaia_DR3     -34.623     -28.214     -36.608       0.022     -26.431       0.025
Gaia DR3 6061934403756610688 197.7221883 -59.7580043 14.394  3.150       1.651  15.1016  21.4571     8.39     7.41     3.26   12.142  nan      nan    nan   1.179     nan                            Gaia_DR3     -48.447     -19.179     -46.313       0.018     -22.825       0.022
Gaia DR3 5864061893213196032 201.3000961 -64.9391591 10.638  1.257       0.454  10.3836  21.4630     8.54      nan      nan   10.612  nan      nan    nan   0.802     nan                                None     -41.948     -17.382     -40.996       0.010     -17.734       0.013
Gaia DR3 5221973868734158976 136.0956881 -71.6208095 15.630  3.305       2.018  15.3172  21.4717    15.37      nan      nan   12.326  nan      nan    nan   1.018     nan                                None     -28.499      29.401     -25.976       0.039      33.997       0.034
Gaia DR3 5824011318784489728 232.5591098 -66.7900204 12.531  2.150       2.955  15.6572  21.5805     5.15     5.82     3.67   13.431  nan      nan    nan   1.030     nan                            Gaia_DR3     -40.358     -45.232     -45.360       0.008     -38.527       0.012
Gaia DR3 5788542967753682048 181.7722491 -78.7415539 12.140    nan       1.847   4.5489  21.6034    11.41      nan      nan   10.003  nan      nan    nan   4.431     nan                                None     -39.674       1.756     -39.459       0.282      -2.134       0.126
Gaia DR3 5860509641630862848 184.6984511 -66.3621829 17.776  4.566       2.359   8.3780  21.6299    10.93      nan      nan   10.312  nan      nan    nan   1.078     nan                                None     -41.185      -5.471     -41.042       0.130     -10.598       0.139
Gaia DR3 5856410391736766976 188.3530464 -68.8154468 15.676  3.486       2.810   5.7755  21.6595    10.59      nan      nan   10.072  nan      nan    nan   1.190     nan                                None     -40.427      -6.744     -41.286       0.040     -12.649       0.040
Gaia DR3 5855405094500214016 190.5543226 -69.7301753 15.114  3.365       2.501   4.8496  21.6905    10.39    -2.77     4.51   10.010  nan      nan    nan   1.187     nan                            Gaia_DR3     -40.219      -7.793     -39.919       0.032     -13.063       0.035
Gaia DR3 5238791169661093632 164.7416589 -65.3191125 16.112  2.987       2.780  12.4330  21.7061    13.53      nan      nan   10.986  nan      nan    nan  27.162     nan                                None     -39.597       7.056     -33.736       0.664       4.391       0.646
Gaia DR3 5844909156504880128 194.0367552 -69.4473730 16.166  3.410       2.820   5.2896  21.7608     9.96      nan      nan   10.029  nan      nan    nan   1.326     nan                                None     -40.238     -10.209     -37.244       0.050     -15.365       0.058
Gaia DR3 5234117008292638464 174.0696902 -69.4643178 13.451  2.966       2.071   7.0019  21.7650    12.26    35.28    29.77   10.157  nan      nan    nan   1.162     nan                            Gaia_DR3     -39.049       2.822     -42.815       0.018       0.479       0.016
Gaia DR3 5240822208157707648 167.0324902 -63.6963393 11.170  1.725       0.530  13.3773  21.7780    13.31    13.03     4.36   11.231  nan      nan    nan   7.007     nan                            Gaia_DR3     -41.245       4.838     -40.242       0.101       5.591       0.089
Gaia DR3 5841149170330789120 205.8610666 -69.7371409 13.272  2.297       2.354   6.8642  21.7790     8.65    11.23     3.16   10.143  nan      nan    nan   1.129     nan                            Gaia_DR3     -39.386     -17.997     -42.817       0.012     -14.314       0.014
Gaia DR3 5234888938486545408 172.9909949 -68.9217577 13.468  2.663       2.840   7.6661  21.9154    12.40      nan      nan   10.201  nan      nan    nan   1.248     nan                                None     -38.988       3.271     -41.494       0.014      -2.299       0.015
Gaia DR3 5820393380087501952 237.8956342 -68.7477086 14.341  2.549       1.334  15.6806  21.9228     5.23    -2.54     4.39   12.366  nan      nan    nan   1.118     nan                            Gaia_DR3     -33.930     -44.252     -33.136       0.013     -47.638       0.018
Gaia DR3 5842130724965127040 190.9056602 -71.9975966 15.594  3.447       2.923   2.5967  22.1201    10.49      nan      nan    9.871  nan      nan    nan   1.107     nan                                None     -39.662      -7.055     -38.796       0.037     -13.075       0.041
Gaia DR3 5843083383076334720 191.4014695 -70.8957252 13.697  3.211       2.562   3.7095  22.1592    10.37      nan      nan    9.906  nan      nan    nan   2.663     nan                                None     -39.801      -7.825     -38.435       0.040     -12.998       0.043
Gaia DR3 5861105924894081280 188.1770105 -64.9476271 11.673  1.821       2.384   9.6414  22.1963    10.38    12.67     0.70   10.396  nan      nan    nan   0.835     nan                            Gaia_DR3     -41.721      -8.396     -41.794       0.013     -13.621       0.012
Gaia DR3 6057193240892194432 194.3620449 -58.4465732 15.067  3.417       1.084  16.2191  22.2235     8.80     9.33     3.09   13.064  nan      nan    nan   1.173     nan                            Gaia_DR3     -52.397     -18.547     -51.164       0.025     -21.265       0.029
Gaia DR3 6057193240892192256 194.3601718 -58.4487011 14.968  3.509       0.431  16.2169  22.2238     8.80      nan      nan   13.159  nan      nan    nan   8.543     nan                                None     -52.779     -18.679     -52.717       0.153     -19.872       0.176
Gaia DR3 5193207655251945088 112.7468007 -84.3241002  9.701  1.014       2.860  15.1700  22.3043    12.81    23.89     0.37   14.537  nan      nan    nan   1.630     nan                            Gaia_DR3     -11.926      53.554     -19.498       0.028      57.970       0.023
Gaia DR3 5842526858383628416 184.4427112 -72.3739224 13.346  2.629       2.912   2.6703  22.3335    11.16    15.86     7.44    9.852  nan      nan    nan   1.188     nan                            Gaia_DR3     -39.329      -2.652     -40.191       0.014      -8.639       0.015
Gaia DR3 5860587917472173056 185.1171357 -65.8427088  6.196 -0.060       2.575   8.8660  22.3439    10.85    16.67     0.83   10.278  nan      nan    nan   0.754     nan                            Gaia_DR3     -41.084      -5.942     -41.880       0.032     -11.464       0.038
Gaia DR3 6071982256374864256 180.4718738 -58.6827354 12.816  2.759       0.233  16.2675  22.4379    11.22     9.89     8.04   12.663  nan      nan    nan   5.752     nan                            Gaia_DR3     -50.028      -7.389     -49.854       0.087      -6.793       0.086
Gaia DR3 5782053409616978688 237.7357003 -74.0255417 16.299  2.955       2.934  12.6381  22.4791     6.78      nan      nan   10.886  nan      nan    nan   1.015     nan                                None     -29.959     -37.607     -36.492       0.036     -39.236       0.042
Gaia DR3 5848805310334669056 221.3295898 -66.7017286 13.182  2.497       0.330  12.8331  22.4809     6.32      nan      nan   10.932  nan      nan    nan   1.161     nan                                None     -37.900     -30.448     -38.259       0.009     -31.119       0.013
Gaia DR3 5341341180412323840 178.7360302 -59.9465463 15.076  3.163       0.786  15.1767  22.4923    11.56    26.09     7.82   11.727  nan      nan    nan   1.081     nan                            Gaia_DR3     -46.048      -5.018     -44.155       0.023      -5.457       0.025
Gaia DR3 5855695468655866752 190.2162308 -68.9496313 11.448  2.029       2.745   5.6260  22.5666    10.38    13.94    11.97    9.965  nan      nan    nan   0.889     nan                            Gaia_DR3     -40.034      -7.834     -39.512       0.013     -13.578       0.015
Gaia DR3 6347061060385819776 274.7896225 -84.1743588 12.926  2.400       2.468  15.9831  22.6838     9.04      nan      nan   12.140  nan      nan    nan   5.341     nan                                None      -5.247     -51.112      -3.432       0.083     -57.162       0.086
Gaia DR3 5819367535732144128 243.5173196 -69.7274674 15.842  3.725       0.963  16.5101  22.7154     5.10      nan      nan   12.745  nan      nan    nan   1.113     nan                                None     -31.137     -48.406     -32.777       0.029     -46.403       0.037
Gaia DR3 5339106732288098048 169.3103247 -59.7696940  7.104  0.359       0.610  16.5942  22.7382    13.06    16.75     0.33   12.972  nan      nan    nan   0.915     nan                            Gaia_DR3     -48.443       1.431     -47.078       0.018       0.471       0.017
Gaia DR3 5855593385874666368 189.2968785 -69.1394208 13.090  2.077       0.897   5.4366  22.7506    10.50      nan      nan    9.933  nan      nan    nan   1.108     nan                                None     -39.895      -7.139     -38.423       0.047      -8.308       0.073
Gaia DR3 5839112118864486272 202.9425928 -73.9425514 12.668  2.153       0.742   3.6197  22.7664     9.50      nan      nan    9.842  nan      nan    nan   1.146     nan                                None     -38.682     -14.216     -39.145       0.014     -15.683       0.017
Gaia DR3 5796192888624311936 217.1990514 -74.5059132 11.694  2.171       0.716   7.2457  22.8066     8.37     9.26     1.34   17.109  nan      nan    nan   1.044     nan                            Gaia_DR3     -61.664     -39.911     -63.724       0.015     -38.356       0.015
Gaia DR3 5205653370967009664 153.0813992 -74.6477392 15.706  3.117       2.646   9.5836  22.8834    13.73   -35.84     4.66   10.297  nan      nan    nan   1.029     nan                            Gaia_DR3     -32.655      18.160     -31.695       0.036      23.823       0.034
Gaia DR3 5243624042960510336 143.1285575 -69.7394527 15.525  2.793       2.213  14.6329  22.9109    15.23     0.05     5.19   11.366  nan      nan    nan   1.141     nan                            Gaia_DR3     -30.656      22.605     -31.588       0.038      27.825       0.032
Gaia DR3 5236118845347751552 178.0741174 -66.7626862 14.551  3.179       2.653   8.6826  22.9411    11.81    35.66     4.76   10.184  nan      nan    nan   1.116     nan                            Gaia_DR3     -39.886      -0.955     -41.594       0.021      -6.388       0.024
Gaia DR3 5859820114746274944 186.2997714 -67.3624950 15.168  3.224       2.595   7.2970  22.9435    10.77      nan      nan   10.049  nan      nan    nan   1.055     nan                                None     -40.241      -5.963     -40.924       0.026     -11.418       0.028
Gaia DR3 5861825550891696000 192.1994211 -64.7699810 13.943  2.910       2.235   9.8381  22.9547     9.80    10.80     6.93   10.321  nan      nan    nan   1.050     nan                            Gaia_DR3     -41.460     -11.038     -40.570       0.017     -15.819       0.019
Gaia DR3 5823842994751989376 233.3640698 -66.8570510 10.543  1.258       1.656  15.8201  23.0070     5.09     8.31     0.25   11.874  nan      nan    nan   1.305     nan                            Gaia_DR3     -35.230     -40.431     -38.177       0.010     -37.517       0.015
Gaia DR3 5861825349107118976 192.2196603 -64.7697123 14.184  2.963       2.117   9.8389  23.0197     9.79    13.02     3.12   10.313  nan      nan    nan   1.106     nan                            Gaia_DR3     -41.426     -11.042     -40.787       0.019     -15.599       0.023
Gaia DR3 5251591477884660352 154.7695764 -64.6757173  6.480  0.081       0.568  15.3057  23.1389    14.78      nan      nan   11.567  nan      nan    nan   1.119     nan                                None     -37.506      13.304     -37.095       0.032      14.627       0.031
Gaia DR3 5251591482193162112 154.7707933 -64.6762041  6.340  0.039       1.670  15.3050  23.1457    14.77    13.01    29.76   11.565  nan      nan    nan   1.181     nan                            Gaia_DR3     -37.499      13.300     -33.553       0.041      12.294       0.035
Gaia DR3 5841638968385624960 187.7068959 -73.0789758 15.074  3.147       2.997   1.6020  23.1578    10.86      nan      nan    9.748  nan      nan    nan   1.147     nan                                None     -39.105      -4.468     -39.381       0.025     -10.620       0.026
Gaia DR3 5788025991134329600 195.3618362 -78.2530393 12.566  1.643       2.098   3.9019  23.1815    10.49    10.00     0.57    9.812  nan      nan    nan   1.844     nan                            Gaia_DR3     -39.307      -7.604     -42.918       0.020      -5.196       0.024
Gaia DR3 6345893761291645952 278.8620206 -85.8139959 14.316  2.781       2.525  15.9059  23.1843     9.60     4.82     4.91   14.569  nan      nan    nan   1.121     nan                            Gaia_DR3      -2.148     -60.814      -0.151       0.021     -68.307       0.022
Gaia DR3 5338475956197469056 165.9445235 -60.0201579 16.209  3.479       1.718  16.9461  23.1911    13.57      nan      nan   13.111  nan      nan    nan   7.761     nan                                None     -47.736       4.065     -43.712       0.346       6.586       0.385
Gaia DR3 5335755730084266624 174.0930286 -60.8873877 13.403  2.662       0.565  14.8082  23.2723    12.32      nan      nan   11.333  nan      nan    nan   1.039     nan                                None     -43.575      -1.275     -43.830       0.013      -2.601       0.012
Gaia DR3 5251591482193147776 154.7628224 -64.6810746 13.385  2.512       1.320  15.3030  23.2836    14.78      nan      nan   11.521  nan      nan    nan   1.303     nan                                None     -37.353      13.257     -34.355       0.015      12.119       0.014
Gaia DR3 6347119952978580480 279.9679845 -83.4276703 18.095  3.914       2.750  16.7567  23.3272     8.77      nan      nan   12.434  nan      nan    nan   0.930     nan                                None      -0.869     -52.933       1.088       0.144     -59.870       0.128
Gaia DR3 5825097743693582976 231.5445763 -64.6424119 12.082  2.412       1.992  17.0476  23.3282     4.65    -2.01    17.02   13.084  nan      nan    nan  10.377     nan                            Gaia_DR3     -39.927     -43.931     -34.599       0.072     -42.589       0.134
Gaia DR3 5208412423595025408 112.3388296 -78.3695551 15.376  2.965       1.600  17.0895  23.3816    14.56    18.35     5.02   13.179  nan      nan    nan   1.121     nan                            Gaia_DR3     -10.442      44.668     -14.829       0.029      43.944       0.035
Gaia DR3 5765884021676288000 215.9895592 -87.4890925 18.194  4.793       0.288  13.2188  23.4219    10.66      nan      nan   15.948  nan      nan    nan   1.016     nan                                None     -58.062     -28.704     -57.153       0.155     -28.375       0.157
Gaia DR3 5241274691556266240 164.0198339 -63.1461695 20.899  3.037       0.933  14.4793  23.4518    13.73      nan      nan   11.179  nan      nan    nan   1.183     nan                                None     -40.040       6.416     -39.791       1.605       4.231       1.369
Gaia DR3 5252895434280467072 155.1854080 -63.1892317 13.525  2.850       1.192  16.4402  23.4909    14.86      nan      nan   14.364  nan      nan    nan   7.036     nan                                None     -46.822      15.051     -43.229       0.308      15.404       0.290
Gaia DR3 5241865163655827968 164.0171662 -61.8681505 11.157  1.558       0.370  15.6240  23.5001    13.79    17.01     0.57   11.591  nan      nan    nan   0.833     nan                            Gaia_DR3     -41.517       5.904     -42.042       0.013       5.168       0.011
Gaia DR3 6057951010563595136 186.6822024 -61.2307379 15.062  3.140       2.377  13.3895  23.5534    10.35      nan      nan   10.861  nan      nan    nan  18.988     nan                                None     -43.517      -9.298     -38.182       0.617      -8.224       0.512
Gaia DR3 6055325578610485760 192.3093062 -61.8743603 20.168  2.834       1.103  12.7316  23.5818     9.51      nan      nan   10.709  nan      nan    nan   1.095     nan                                None     -43.018     -12.630     -45.479       0.413     -13.010       0.595
Gaia DR3 5241455011463200000 161.1794627 -63.2406114 19.676  4.138       0.740  15.0077  23.5876    14.10      nan      nan   11.321  nan      nan    nan   1.133     nan                                None     -39.477       8.323     -40.967       0.417       7.374       0.383
Gaia DR3 5789860491928908288 206.6088317 -75.9560170 15.657  3.209       0.726   4.4809  23.6392     9.45      nan      nan    9.792  nan      nan    nan   1.049     nan                                None     -37.885     -15.817     -38.306       0.030     -17.255       0.039
Gaia DR3 5861194641755494528 186.8078477 -65.0986797 19.844  3.150       2.060   9.5275  23.6399    10.58      nan      nan   10.194  nan      nan    nan   1.161     nan                                None     -40.851      -7.288     -38.406       0.400     -10.977       0.373
Gaia DR3 5841818184478099968 189.6512272 -73.0283040 17.015  2.411       2.876   1.5461  23.7601    10.67      nan      nan    9.690  nan      nan    nan   1.201     nan                                None     -38.925      -5.723     -39.061       0.072     -11.596       0.078
Gaia DR3 5836666560185012352 180.0335789 -78.1942825 13.011  2.623       2.772   4.2735  23.7733    11.53    14.99     0.87    9.769  nan      nan    nan   1.427     nan                            Gaia_DR3     -38.539       2.638     -38.746       0.020      -3.066       0.021
Gaia DR3 5797150387158145920 221.1045133 -71.8154487 12.276  2.498       0.508   9.3416  23.7777     7.49    11.41     2.41   17.081  nan      nan    nan   1.027     nan                            Gaia_DR3     -59.353     -45.135     -60.922       0.012     -44.191       0.018
Gaia DR3 6060173875135512064 192.8135929 -58.7094392 20.316  2.662       1.016  15.9052  23.8462     9.10      nan      nan   11.605  nan      nan    nan   1.109     nan                                None     -46.603     -15.300     -48.270       0.535     -17.143       0.685
Gaia DR3 5791422313839597312 205.7002207 -73.9836646 14.987  3.304       0.959   4.3415  23.8660     9.26    -1.88     4.54    9.763  nan      nan    nan   6.326     nan                            Gaia_DR3     -37.937     -15.854     -39.108       0.140     -17.442       0.146
Gaia DR3 5799673869426979456 222.9219795 -69.8023079 17.509  3.286       2.510  11.0111  23.9248     6.86      nan      nan   10.354  nan      nan    nan   1.051     nan                                None     -35.298     -28.979     -37.537       0.075     -33.981       0.092
Gaia DR3 5208790376420706432 116.3977217 -79.6687592  8.843  0.722       1.835  15.8475  24.0190    14.14    26.35     0.36   11.524  nan      nan    nan   7.633     nan                            Gaia_DR3     -12.321      39.103     -16.166       0.138      41.357       0.122
Gaia DR3 5857261551179958016 194.3586617 -67.9607724  6.776  0.063       2.361   6.7702  24.0928     9.79     8.41     0.69    9.881  nan      nan    nan   0.769     nan                            Gaia_DR3     -39.633     -10.801     -38.513       0.021     -15.589       0.026
Gaia DR3 5338621572726212736 166.4343082 -59.2749053 18.668  4.309       2.720  17.5528  24.1102    13.52      nan      nan   13.604  nan      nan    nan   1.311     nan                                None     -49.727       3.346     -52.385       0.243      10.682       0.223
Gaia DR3 6053654393972421504 189.1824439 -63.1793325 10.326  1.165       1.047  11.3966  24.1399    10.10    12.04     0.62   10.383  nan      nan    nan   0.849     nan                            Gaia_DR3     -41.698      -9.735     -39.411       0.010      -9.888       0.012
Gaia DR3 5843724192198636416 194.3011512 -71.3263311 15.444  3.361       2.887   3.5059  24.1729    10.09     7.89     5.71    9.700  nan      nan    nan   0.957     nan                            Gaia_DR3     -38.908      -9.370     -37.851       0.027     -15.178       0.032
Gaia DR3 5801573211339123200 261.4480929 -75.3975109 10.865  1.183       1.258  17.4605  24.2027     6.14     2.67     0.23   12.519  nan      nan    nan   0.906     nan                            Gaia_DR3     -16.805     -53.218     -13.493       0.009     -53.461       0.013
Gaia DR3 5854897321965963264 184.0103129 -71.0510200 12.284  2.087       2.808   3.9093  24.2327    11.17    13.77     0.68    9.709  nan      nan    nan   1.253     nan                            Gaia_DR3     -38.724      -2.864     -39.406       0.016      -8.570       0.015
Gaia DR3 5253033285548628864 155.3143692 -62.4344688 13.594  3.003       0.438  17.0525  24.2371    14.91      nan      nan   12.102  nan      nan    nan   2.114     nan                                None     -39.514      12.102     -38.467       0.028      11.712       0.028
Gaia DR3 5857263986382224128 194.7836721 -67.8629689 13.296  2.588       2.288   6.8961  24.2575     9.73      nan      nan    9.873  nan      nan    nan   1.125     nan                                None     -39.582     -11.098     -38.465       0.012     -15.728       0.016
Gaia DR3 6052983932435878656 182.8929353 -65.5159284 12.987  2.520       2.405   9.3428  24.2846    11.14      nan      nan   10.094  nan      nan    nan   1.184     nan                                None     -40.154      -4.545     -40.530       0.018      -9.648       0.021
Gaia DR3 5863410879175831168 194.6108377 -62.5150783 12.107  1.993       1.748  12.1782  24.3213     9.22     9.95     1.63   10.485  nan      nan    nan  15.410     nan                            Gaia_DR3     -42.043     -13.629     -44.916       0.147     -16.213       0.167
Gaia DR3 5855642348500099072 189.3903639 -69.0011026 13.587  2.942       2.827   5.5742  24.3571    10.48    16.14    35.66    9.777  nan      nan    nan   3.036     nan                            Gaia_DR3     -39.267      -7.139     -38.496       0.037     -12.914       0.045
Gaia DR3 5233727510607269888 174.3104813 -69.6742367  6.524  0.681       2.040   6.7832  24.3590    12.23    20.98     1.31    9.854  nan      nan    nan   8.924     nan                            Gaia_DR3     -37.933       2.682     -34.588       0.187       0.081       0.193
Gaia DR3 5233403459606590720 178.1574116 -70.9835293 13.203  2.620       1.836   4.9560  24.4061    11.80    12.14    22.83    9.739  nan      nan    nan   1.359     nan                            Gaia_DR3     -38.156       0.822     -37.236       0.014      -2.834       0.016
Gaia DR3 6062196431114002688 199.0107791 -58.6148375 14.280  2.569       2.766  16.3292  24.4092     8.02   -10.34     2.14   15.018  nan      nan    nan   1.033     nan                            Gaia_DR3     -59.748     -25.397     -51.070       0.014     -24.216       0.017
Gaia DR3 5855713370080738176 191.7306849 -68.7250588 13.962  2.817       2.463   5.8805  24.4272    10.18    10.64     2.76    9.787  nan      nan    nan   1.193     nan                            Gaia_DR3     -39.322      -8.748     -38.437       0.017     -13.753       0.019
Gaia DR3 5822329276475245824 237.5673761 -66.8719305 15.164  3.132       0.899  16.9241  24.4422     4.70      nan      nan   11.915  nan      nan    nan   1.109     nan                                None     -32.893     -42.873     -34.265       0.017     -41.080       0.027
Gaia DR3 6058642912562699392 183.3433058 -60.4868674 16.782  3.864       0.959  14.2800  24.4600    10.84      nan      nan   15.998  nan      nan    nan   1.123     nan                                None     -63.714     -10.907     -66.818       0.102      -9.993       0.108
Gaia DR3 5841786783980215680 190.4812409 -73.1848060 12.444  2.388       2.609   1.4029  24.4914    10.60      nan      nan    9.620  nan      nan    nan   3.336     nan                                None     -38.650      -6.159     -39.219       0.038     -11.418       0.043
Gaia DR3 5213934514587912320 121.6500678 -74.7400644 12.572  2.294       2.312  17.0459  24.4920    15.32    16.59     1.27   14.579  nan      nan    nan   1.339     nan                            Gaia_DR3     -20.691      43.947     -16.213       0.017      49.464       0.016
Gaia DR3 5859592996863478272 181.7237177 -67.5596728 14.249  2.821       2.579   7.4693  24.5289    11.36    19.56     3.37    9.888  nan      nan    nan   1.726     nan                            Gaia_DR3     -39.215      -2.880     -40.688       0.030      -8.049       0.030
Gaia DR3 5860519953903225728 185.4195144 -66.1164750 12.550  2.258       2.022   8.5779  24.5450    10.82     7.51    18.31    9.984  nan      nan    nan   1.020     nan                            Gaia_DR3     -39.928      -5.855     -40.103       0.012     -10.106       0.015
Gaia DR3 5223338912419663360 129.9467650 -69.9063885 15.295  3.053       1.718  17.9682  24.5456    16.08    16.85    10.98   13.174  nan      nan    nan   1.075     nan                            Gaia_DR3     -25.647      32.961     -24.047       0.027      37.454       0.025
Gaia DR3 6058642912602616960 183.3428782 -60.4870335 17.669    nan       0.453  14.2799  24.5694    10.84      nan      nan   16.045  nan      nan    nan   1.085     nan                                None     -63.900     -10.938     -64.987       0.154      -9.859       0.151
Gaia DR3 5244962938886572672 151.8059104 -67.0918085 20.434  1.902       2.344  14.1710  24.5843    14.84      nan      nan   10.853  nan      nan    nan   1.579     nan                                None     -33.812      15.541     -32.194       1.392      10.428       1.773
Gaia DR3 6053654393972419584 189.1822918 -63.1825182 16.937  3.930       1.680  11.3934  24.5887    10.10      nan      nan   10.319  nan      nan    nan   1.138     nan                                None     -41.443      -9.675     -37.806       0.068     -10.033       0.074
Gaia DR3 5855357197022512896 189.1402379 -69.9181619 13.658  2.674       2.537   4.6598  24.6686    10.56    12.92     1.83    9.699  nan      nan    nan   1.328     nan                            Gaia_DR3     -38.949      -6.578     -38.988       0.016     -11.764       0.017
Gaia DR3 5224035654899133440 135.0277459 -67.8517700 19.840  3.354       0.569  18.0616  24.8054    16.16      nan      nan   13.692  nan      nan    nan   1.121     nan                                None     -30.814      30.210     -30.652       0.487      31.844       0.444
Gaia DR3 5869984172064201856 202.7193371 -59.3716987 14.763  3.030       0.599  15.9373  24.8132     7.51     7.83     2.52   11.329  nan      nan    nan   1.076     nan                            Gaia_DR3     -44.565     -21.400     -43.643       0.017     -22.496       0.021
Gaia DR3 5863824329964744192 203.4659329 -65.1425948 13.762  2.841       2.275  10.4840  24.8241     8.27      nan      nan   10.163  nan      nan    nan   1.306     nan                                None     -39.865     -17.953     -36.948       0.015     -21.858       0.022
Gaia DR3 5221537843653900544 130.5034505 -71.2225286 14.664  3.213       1.785  16.9780  24.8633    15.77      nan      nan   11.771  nan      nan    nan   1.133     nan                                None     -23.318      30.149     -20.798       0.025      33.792       0.024
Gaia DR3 5221537843653900288 130.4995248 -71.2212380 15.620  3.193       1.701  16.9798  24.8685    15.77      nan      nan   11.770  nan      nan    nan   1.075     nan                                None     -23.313      30.147     -21.180       0.035      33.788       0.034
Gaia DR3 5859897836485814016 189.7330116 -66.8879680 14.099  2.845       2.257   7.6861  24.9114    10.30    15.19     3.50    9.865  nan      nan    nan   1.214     nan                            Gaia_DR3     -39.626      -8.220     -39.300       0.018     -12.903       0.022
Gaia DR3 5226962112476020096 173.5246894 -72.8791542 14.631  2.334       2.590   4.8403  24.9809    12.22   -19.32     6.06    9.677  nan      nan    nan   1.951     nan                            Gaia_DR3     -37.093       4.512     -38.735       0.034      -0.509       0.032
Gaia DR3 5253041703685170048 155.5155040 -62.2745649 16.314  3.770       0.765  17.1423  24.9832    14.90      nan      nan   11.814  nan      nan    nan   1.111     nan                                None     -38.670      11.590     -36.973       0.055      10.724       0.053
Gaia DR3 5858423253960853632 192.2652501 -66.4186918  9.324  0.735       1.616   8.1958  24.9895     9.93    14.91     0.51    9.899  nan      nan    nan   0.880     nan                            Gaia_DR3     -39.765     -10.036     -41.601       0.011      -7.208       0.014
Gaia DR3 6057647854580472064 180.5506605 -62.2307931 15.729  3.497       0.846  12.7657  25.0418    11.36      nan      nan   10.479  nan      nan    nan   1.727     nan                                None     -41.410      -4.618     -39.565       0.053      -4.323       0.058
Gaia DR3 5210501598768099328 123.7534869 -76.4162698 14.707  2.380       1.066  15.7621  25.0435    14.84     3.49     4.33   11.208  nan      nan    nan   1.013     nan                            Gaia_DR3     -17.443      34.235     -19.802       0.019      33.356       0.020
Gaia DR3 6059610242278014464 189.8082796 -59.9381741 19.585    nan       2.564  14.6359  25.0998     9.73      nan      nan   10.868  nan      nan    nan   1.219     nan                                None     -43.660     -11.897     -38.204       0.554     -14.073       0.687
Gaia DR3 5855983953014704896 185.4220450 -69.6406253 14.747  3.075       2.725   5.1082  25.1286    10.97     0.38     4.12   18.136  nan      nan    nan  10.366     nan                            Gaia_DR3     -72.530      -8.073     -82.079       0.195     -12.236       0.199
Gaia DR3 5869105181216442240 202.7758283 -60.7992772 16.440  3.572       1.457  14.5535  25.2223     7.72      nan      nan   10.824  nan      nan    nan   1.087     nan                                None     -42.570     -20.050     -39.381       0.041     -19.108       0.051
Gaia DR3 6054478787194977280 182.5381538 -62.7348582 13.896  3.006       2.030  12.1073  25.2773    11.08    16.18     2.33   10.333  nan      nan    nan   1.425     nan                            Gaia_DR3     -41.069      -5.599     -42.004       0.022      -9.921       0.022
Gaia DR3 5852576669596560512 215.4948227 -65.3733972 12.643  1.724       2.137  12.5376  25.3361     6.73   -12.52     1.66   10.395  nan      nan    nan   0.966     nan                            Gaia_DR3     -37.996     -25.835     -42.085       0.009     -28.117       0.011
Gaia DR3 5228614918975422720 167.5318434 -70.3215582 16.209  3.336       2.007   7.8701  25.4208    12.93      nan      nan    9.825  nan      nan    nan   1.021     nan                                None     -36.220       7.089     -36.515       0.043      11.235       0.047
Gaia DR3 5855563626011876864 188.2058059 -69.6681399 14.001  2.805       2.846   4.9291  25.4662    10.65    16.41     3.92    9.634  nan      nan    nan   1.055     nan                            Gaia_DR3     -38.664      -6.036     -38.782       0.014     -11.816       0.016
Gaia DR3 5858220149181921536 194.4240161 -66.8602745 12.841  2.683       2.796   7.8591  25.4738     9.68      nan      nan    9.818  nan      nan    nan  18.004     nan                                None     -39.378     -11.161     -34.477       0.249     -14.239       0.271
Gaia DR3 5800452912095772928 222.7006505 -67.8447351 16.384  3.143       1.336  12.3124  25.4946     6.43      nan      nan   17.035  nan      nan    nan   1.077     nan                                None     -58.211     -48.282     -53.686       0.036     -49.881       0.048
Gaia DR3 5219983787046519168 124.9292288 -74.0228967 13.104  2.924       1.364  16.6929  25.5068    15.39    30.77    14.31   15.412  nan      nan    nan   8.699     nan                            Gaia_DR3     -25.152      44.537     -23.531       0.114      48.662       0.101
Gaia DR3 5858719434929192320 197.3653834 -65.5570081 14.756  3.402       2.069   9.3629  25.5144     9.16      nan      nan    9.951  nan      nan    nan   1.237     nan                                None     -39.734     -13.633     -37.796       0.026     -17.517       0.033
Gaia DR3 5869984034630588544 202.6392978 -59.3850935 12.589  2.401       2.198  15.9154  25.5194     7.52      nan      nan   11.142  nan      nan    nan   3.946     nan                                None     -43.842     -20.990     -48.945       0.061     -21.763       0.073
Gaia DR3 5860870217105595136 185.1300375 -65.0669609 12.094  2.112       2.936   9.6340  25.5217    10.81    -0.31     4.04    9.979  nan      nan    nan  14.230     nan                            Gaia_DR3     -39.886      -6.085     -36.446       0.190     -11.215       0.216
Gaia DR3 5878773221280041472 218.2750306 -59.9719302 18.174  3.805       2.637  17.9045  25.5263     5.17      nan      nan   14.618  nan      nan    nan   1.001     nan                                None     -52.187     -40.340     -53.081       0.144     -48.418       0.146
Gaia DR3 5855802808484610304 191.6106228 -68.0866324 14.839  3.494       2.238   6.5131  25.5328    10.15      nan      nan    9.715  nan      nan    nan   2.103     nan                                None     -39.032      -8.839     -39.596       0.055     -13.388       0.057
Gaia DR3 5253295141117135104 152.1297979 -61.6332935 15.459  2.965       2.356  18.5060  25.5339    15.37      nan      nan   12.623  nan      nan    nan   1.138     nan                                None     -39.507      14.040     -37.479       0.029      19.973       0.027
Gaia DR3 5840441634588412672 198.3424864 -72.0069671 17.193  4.026       1.074   3.5513  25.5946     9.73      nan      nan    9.567  nan      nan    nan   1.047     nan                                None     -38.122     -11.566     -39.317       0.078      -9.760       0.093
Gaia DR3 5857292715465278976 193.1185940 -68.0241128 12.756  2.285       2.301   6.6344  25.6028     9.95    13.24    19.47    9.716  nan      nan    nan   1.008     nan                            Gaia_DR3     -39.010      -9.815     -38.150       0.012     -14.449       0.015
Gaia DR3 5855802808484620288 191.6432092 -68.0794502 10.974  1.532       2.290   6.5212  25.6557    10.14    11.02     0.46    9.703  nan      nan    nan   0.797     nan                            Gaia_DR3     -38.984      -8.851     -38.048       0.012     -13.440       0.014
Gaia DR3 5855802430512817152 191.4237968 -68.1129222 10.964  1.521       1.836   6.4819  25.6587    10.17    12.35     0.80    9.700  nan      nan    nan   0.963     nan                            Gaia_DR3     -38.974      -8.698     -38.088       0.013     -12.346       0.014
Gaia DR3 5236154781294978176 179.4231590 -66.7431780 16.242  4.125       2.317   8.5198  25.6629    11.63      nan      nan    9.854  nan      nan    nan   0.953     nan                                None     -38.793      -1.769     -39.872       0.050      -6.460       0.054
Gaia DR3 5253986626519519232 158.0867871 -60.9441094 12.517  1.787       1.681  17.7156  25.7036    14.66    -1.82     0.69   11.845  nan      nan    nan   1.016     nan                            Gaia_DR3     -39.970       9.208     -43.153       0.012      11.946       0.012
Gaia DR3 5215852436526214144 140.3012175 -75.6682541 11.743  1.622       2.847  12.3770  25.7362    14.33    13.45     0.43   10.310  nan      nan    nan   5.972     nan                            Gaia_DR3     -26.259      25.109     -27.685       0.083      31.131       0.095
Gaia DR3 5199300461500141312 161.3227469 -79.3248331 14.809  2.978       1.484   7.8569  25.7738    12.58    16.47     3.29    9.786  nan      nan    nan   1.155     nan                            Gaia_DR3     -34.175      14.896     -33.698       0.024      17.919       0.022
Gaia DR3 5785897302266228096 221.4729601 -77.7117116 17.453  3.848       0.754   8.0866  25.8007     8.71      nan      nan    9.802  nan      nan    nan   0.984     nan                                None     -33.932     -24.387     -35.477       0.074     -24.188       0.101
Gaia DR3 5856545013160961408 190.9858298 -68.2105132 14.425  2.865       2.212   6.3749  25.8257    10.23    22.37     2.95    9.677  nan      nan    nan   1.542     nan                            Gaia_DR3     -38.881      -8.366     -37.798       0.027     -12.746       0.033
Gaia DR3 5338400330411457280 163.1904431 -59.5852275 17.938    nan       1.182  17.8731  25.8543    14.00      nan      nan   11.874  nan      nan    nan   1.216     nan                                None     -42.212       5.195     -41.561       0.232       8.081       0.209
Gaia DR3 6056695059045701120 192.1310145 -59.7471054 10.469  1.751       2.049  14.8522  25.8956     9.33    20.13     5.81   10.769  nan      nan    nan   6.814     nan                            Gaia_DR3     -43.259     -13.376     -43.074       0.085     -18.023       0.101
Gaia DR3 5233289252143166336 178.0155107 -71.5468193 17.613  4.402       2.539   4.5581  25.9202    11.81      nan      nan    9.574  nan      nan    nan   0.993     nan                                None     -37.490       1.130     -39.854       0.092      -3.416       0.095
Gaia DR3 5871845576506673792 207.7381030 -56.8532240 14.440  3.002       0.830  19.0099  25.9231     6.22      nan      nan   13.190  nan      nan    nan   1.071     nan                                None     -50.744     -29.577     -49.299       0.015     -31.376       0.019
Gaia DR3 6075552027025817600 183.2595369 -55.9060609 16.692  3.250       1.203  18.8396  25.9280    10.56      nan      nan   13.924  nan      nan    nan   1.010     nan                                None     -55.443     -11.938     -52.283       0.046     -13.516       0.053
Gaia DR3 5857041236534485504 194.5440054 -68.4130194 13.575  2.796       2.560   6.3392  25.9658     9.81      nan      nan    9.661  nan      nan    nan   1.238     nan                                None     -38.741     -10.518     -37.691       0.014     -15.624       0.017
Gaia DR3 5855801434094995584 191.4957878 -68.1464915 13.558  2.710       2.918   6.4503  25.9802    10.17    15.79    38.99    9.666  nan      nan    nan   1.333     nan                            Gaia_DR3     -38.837      -8.701     -38.111       0.016     -14.602       0.021
Gaia DR3 5866052760803082624 210.6209173 -62.3408383 13.380  2.667       1.854  14.2546  26.0376     6.79    13.14     3.53   10.608  nan      nan    nan   1.229     nan                            Gaia_DR3     -40.141     -24.150     -38.903       0.040     -20.192       0.053
Gaia DR3 5855744912322363264 190.4647353 -68.7451703 14.026  2.823       1.977   5.8328  26.0396    10.33    12.44     2.59    9.624  nan      nan    nan   1.307     nan                            Gaia_DR3     -38.669      -7.798     -37.220       0.017     -11.539       0.020
Gaia DR3 5859187277060333184 180.6565667 -69.1923193  5.877 -0.101       2.688   6.0677  26.0565    11.51      nan      nan    9.636  nan      nan    nan   0.733     nan                                None     -38.091      -1.483     -38.824       0.047      -6.893       0.040
Gaia DR3 5856567140834185344 190.7558421 -67.9395352 19.870  2.146       2.816   6.6417  26.0748    10.24      nan      nan    9.669  nan      nan    nan   1.397     nan                                None     -38.848      -8.313     -36.737       0.740     -13.650       0.733
Gaia DR3 5855622827840644224 187.4818966 -69.2693169 11.779  2.007       2.055   5.3513  26.1191    10.72    12.28     3.74    9.591  nan      nan    nan  10.691     nan                            Gaia_DR3     -38.467      -5.705     -37.897       0.154      -9.822       0.149
Gaia DR3 6053684115117688064 185.3785604 -64.0649339    nan    nan       2.497  10.6161  26.1358    10.72      nan      nan   10.016  nan      nan    nan  27.438     nan                                None     -40.053      -6.663     -42.310       0.629     -11.427       0.735
Gaia DR3 5855362900730353792 189.2832408 -69.7701427 18.715  4.573       2.786   4.8062  26.1521    10.54      nan      nan    9.563  nan      nan    nan   0.971     nan                                None     -38.407      -6.631     -38.920       0.200     -12.224       0.173
Gaia DR3 5219822639873434112 129.1143682 -74.3542344 11.276  1.386       2.734  15.5482  26.1550    15.14    17.46     0.67   10.894  nan      nan    nan   0.901     nan                            Gaia_DR3     -20.650      30.333     -16.725       0.014      35.234       0.014
Gaia DR3 5861960966976370944 193.7817868 -63.9436261 15.143  3.230       2.203  10.7187  26.1857     9.49     3.76     4.66   10.022  nan      nan    nan   1.037     nan                            Gaia_DR3     -40.220     -12.014     -39.491       0.022     -16.612       0.027
Gaia DR3 5855801777692580992 191.6467647 -68.1283533 15.085  3.281       2.271   6.4726  26.2002    10.15      nan      nan    9.646  nan      nan    nan   1.101     nan                                None     -38.753      -8.783     -39.926       0.029     -13.250       0.031
Gaia DR3 6052875248228897408 181.6780173 -65.9000840    nan    nan       1.593   9.0761  26.2178    11.32      nan      nan    9.844  nan      nan    nan   1.237     nan                                None     -39.034      -3.520     -40.275       0.651      -6.584       0.593
Gaia DR3 5214408163580895488 109.5490362 -75.3471921 14.714  2.717       2.456  19.2577  26.2422    15.43    30.65     3.63   13.280  nan      nan    nan   1.192     nan                            Gaia_DR3      -7.964      43.232     -13.587       0.025      47.189       0.026
Gaia DR3 5858525783431826048 196.2220687 -65.7418653 15.312  3.395       2.170   9.0864  26.2673     9.33      nan      nan    9.839  nan      nan    nan   1.026     nan                                None     -39.368     -12.703     -37.816       0.025     -16.927       0.032
Gaia DR3 5862730792572288512 193.7658898 -63.6408463  7.975  0.481       0.339  11.0193  26.2695     9.46      nan      nan   10.049  nan      nan    nan   1.318     nan                                None     -40.327     -12.142     -39.832       0.025     -11.621       0.033
Gaia DR3 5233029492521493120 156.6805775 -67.5663791 16.759  3.324       1.513  12.5618  26.3069    14.28      nan      nan   10.259  nan      nan    nan   1.400     nan                                None     -34.059      12.359     -33.600       0.093      15.599       0.087
Gaia DR3 5863747467220735744 203.4716720 -65.6132360 11.792  2.009       2.926  10.0446  26.3111     8.34    13.13    12.89    9.931  nan      nan    nan   4.399     nan                            Gaia_DR3     -38.954     -17.404     -32.833       0.058     -17.195       0.071
Gaia DR3 5862081981988722048 196.2716457 -64.2320993  8.958  0.923       2.139  10.5762  26.3230     9.16      nan      nan    9.989  nan      nan    nan   0.891     nan                                None     -39.963     -13.440     -37.314       0.011     -17.084       0.014
Gaia DR3 6062897988210000512 203.5298505 -56.4075043 13.873    nan       1.863  18.9267  26.3242     6.89     7.06     7.55   12.429  nan      nan    nan   1.217     nan                            Gaia_DR3     -48.745     -25.041     -47.939       0.049     -29.856       0.078
Gaia DR3 5252222670597991040 157.5905174 -62.8786002 13.555  2.758       0.742  16.1360  26.3820    14.59    17.78     2.29   16.119  nan      nan    nan   1.143     nan                            Gaia_DR3     -54.085      14.623     -51.912       0.016      13.343       0.015
Gaia DR3 5855616338158089984 186.5407823 -69.4875941 20.066    nan       2.181   5.1815  26.4035    10.84      nan      nan    9.556  nan      nan    nan   1.659     nan                                None     -38.282      -5.012     -34.729       1.143      -2.426       1.322
Gaia DR3 6056690729718614272 192.2286119 -59.8299750 12.735  2.359       1.758  14.7716  26.4148     9.32   -11.61     7.18   10.655  nan      nan    nan   1.081     nan                            Gaia_DR3     -42.801     -13.268     -41.801       0.012     -17.087       0.014
Gaia DR3 5863806600310376832 203.5764091 -65.3474282 17.458    nan       2.665  10.3083  26.5129     8.28      nan      nan    9.936  nan      nan    nan   1.023     nan                                None     -38.959     -17.559     -36.240       0.083     -22.435       0.132
Gaia DR3 5856485807039227264 188.9877183 -68.3003323 14.795  2.884       2.419   6.2786  26.5290    10.48    14.15     6.35    9.602  nan      nan    nan   8.174     nan                            Gaia_DR3     -38.557      -7.018     -38.037       0.151     -11.887       0.160
Gaia DR3 5855801434082120448 191.4963384 -68.1469649 14.394    nan       2.813   6.4499  26.5334    10.17      nan      nan    9.611  nan      nan    nan   1.195     nan                                None     -38.617      -8.652     -38.163       0.055     -14.332       0.063
Gaia DR3 5855799303791243776 191.8410335 -68.1445263 10.648  1.469       2.738   6.4623  26.5417    10.12    11.37     1.54    9.611  nan      nan    nan   0.952     nan                            Gaia_DR3     -38.614      -8.868     -37.873       0.013     -14.366       0.013
Gaia DR3 5335253699937967616 179.8729495 -60.6851730 15.347  3.175       1.316  14.3447  26.5458    11.41    17.10     4.62   10.542  nan      nan    nan   1.875     nan                            Gaia_DR3     -41.565      -4.896     -38.703       0.052      -5.501       0.049
Gaia DR3 6055197867775111936 191.2897606 -62.5431744 14.754  3.138       1.265  12.0426  26.5946     9.73    21.79     3.28   10.143  nan      nan    nan   1.210     nan                            Gaia_DR3     -40.754     -11.080     -39.976       0.023     -13.671       0.027
Gaia DR3 5870103365962655104 204.5705091 -58.8556787 19.713  3.019       2.537  16.6557  26.5955     7.12      nan      nan   11.122  nan      nan    nan   1.385     nan                                None     -43.435     -22.373     -38.822       0.415     -26.129       0.400
Gaia DR3 5860974155299146624 186.3552256 -65.4910222 18.314  4.025       0.892   9.1541  26.6228    10.66      nan      nan    9.807  nan      nan    nan   1.209     nan                                None     -39.275      -6.578     -37.550       0.144      -7.228       0.149
Gaia DR3 5194120112463898496  99.5438135 -84.0456018 13.489  2.571       1.140  16.5317  26.6255    12.94    25.52     3.54   16.061  nan      nan    nan   1.285     nan                            Gaia_DR3       1.601      60.292      -1.989       0.017      61.709       0.018
Gaia DR3 6053684115167848192 185.3778553 -64.0646886 10.610  1.547       2.546  10.6164  26.6413    10.72    10.21     1.18    9.955  nan      nan    nan   2.619     nan                            Gaia_DR3     -39.811      -6.622     -39.862       0.037     -11.965       0.036
Gaia DR3 6072881034095240960 184.9677575 -55.8864773 17.475  3.353       2.366  18.7812  26.6967    10.24      nan      nan   12.071  nan      nan    nan   1.025     nan                                None     -48.234     -11.546     -42.226       0.075     -11.158       0.085
Gaia DR3 5236539580341818624 175.4252213 -65.3583206 12.501  2.238       2.299  10.3808  26.7380    12.15     2.72     7.48    9.918  nan      nan    nan   1.148     nan                            Gaia_DR3     -38.392       0.088     -40.176       0.016      -4.376       0.019
Gaia DR3 5789994632346704128 211.1121352 -76.1450000 14.626  2.906       1.498   5.5817  26.8012     9.13    10.02     4.15    9.538  nan      nan    nan   1.112     nan                            Gaia_DR3     -35.978     -18.126     -37.457       0.020     -15.503       0.025
Gaia DR3 5855892624824190336 181.2878852 -70.0707571 12.828  2.333       2.798   5.1776  26.8035    11.45    10.91    18.02    9.518  nan      nan    nan   1.160     nan                            Gaia_DR3     -37.699      -1.501     -39.201       0.015      -6.910       0.017
Gaia DR3 6055287959001150208 193.0603876 -61.9878776 17.420  3.967       1.885  12.6400  26.8167     9.40      nan      nan   10.201  nan      nan    nan   1.031     nan                                None     -40.959     -12.463     -40.521       0.091     -16.493       0.108
Gaia DR3 5863734784140858240 204.4703996 -65.6339351 12.575  2.879       2.043  10.1785  26.8351     8.21    15.63    30.54    9.885  nan      nan    nan   2.965     nan                            Gaia_DR3     -38.618     -17.932     -34.406       0.049     -18.547       0.059
Gaia DR3 5854812388999707008 182.9084119 -71.1767068  8.845  0.932       2.707   3.9481  26.8360    11.29    14.26     0.69    9.466  nan      nan    nan   0.824     nan                            Gaia_DR3     -37.657      -2.056     -38.777       0.014      -7.341       0.013
Gaia DR3 6054195353727048960 183.0424038 -63.4541585  6.977  0.102       2.185  11.3609  26.8481    11.03     8.10     0.59   10.020  nan      nan    nan   0.864     nan                            Gaia_DR3     -39.875      -5.449     -40.782       0.021      -9.974       0.023
Gaia DR3 5842913371084380544 189.6963056 -71.6643237 13.050  2.511       2.901   2.9098  26.8527    10.60      nan      nan    9.433  nan      nan    nan   1.512     nan                                None     -37.893      -6.104     -37.679       0.016     -11.869       0.018
Gaia DR3 5869404140942539008 199.4805476 -61.0108615  8.370  0.584       1.435  14.0068  26.8544     8.28    11.97     0.27   10.426  nan      nan    nan   0.976     nan                            Gaia_DR3     -41.429     -17.175     -38.286       0.014     -16.926       0.018
Gaia DR3 5212899599267627136 106.6442931 -75.8246870 15.807  3.139       1.733  19.5392  26.8959    15.33      nan      nan   12.676  nan      nan    nan   1.076     nan                                None      -5.040      41.919      -8.591       0.040      38.947       0.042
Gaia DR3 6055854551117476480 197.3171125 -60.3084375  8.106  0.568       1.982  14.5282  26.9016     8.53     7.56     0.19   10.520  nan      nan    nan   0.944     nan                            Gaia_DR3     -42.010     -16.180     -39.769       0.017     -19.961       0.021
Gaia DR3 5212899427468919296 106.5298113 -75.8195539  9.252  0.864       1.301  19.5645  26.9232    15.33      nan      nan   12.684  nan      nan    nan   0.893     nan                                None      -4.942      41.951      -5.941       0.013      38.620       0.013
Gaia DR3 5337530376215985024 169.9936768 -60.2981938 19.858  2.939       1.296  15.9833  26.9264    12.95      nan      nan   10.853  nan      nan    nan  10.218     nan                                None     -40.718       1.052     -38.173       0.813      -0.467       0.822
Gaia DR3 6056717736475418368 191.7867321 -59.7692077 15.670  3.368       1.753  14.8233  26.9339     9.39      nan      nan   10.576  nan      nan    nan   1.134     nan                                None     -42.490     -12.909     -41.119       0.030     -16.568       0.034
Gaia DR3 5855795696018326272 191.1935365 -68.2135818 15.274  3.507       2.396   6.3760  26.9412    10.21      nan      nan    9.567  nan      nan    nan   1.251     nan                                None     -38.441      -8.399     -37.270       0.037     -13.088       0.039
Gaia DR3 5235055548862530560 173.2842843 -68.0252467 13.446  2.520       2.816   8.3575  26.9555    12.39    14.45     2.15    9.702  nan      nan    nan   1.258     nan                            Gaia_DR3     -37.142       2.537     -39.831       0.014      -2.556       0.014
Gaia DR3 5858423249602542208 192.2666663 -66.4200665 16.567  2.175       2.327   8.1945  26.9630     9.93      nan      nan    9.689  nan      nan    nan   1.122     nan                                None     -38.919      -9.823     -42.149       0.107      -6.338       0.105
Gaia DR3 5864546021863527552 206.1779609 -63.7971720 10.523  1.578       2.239  12.1546  26.9732     7.68    12.13     7.34   10.109  nan      nan    nan   2.495     nan                            Gaia_DR3     -39.195     -19.943     -35.635       0.024     -23.119       0.028
Gaia DR3 5858333197069833344 196.2089833 -65.9181579 16.204  3.659       2.755   8.9123  26.9750     9.35      nan      nan    9.747  nan      nan    nan   1.017     nan                                None     -38.999     -12.516     -36.899       0.044     -17.772       0.051
Gaia DR3 5868548755256438656 199.3868001 -62.1200234 12.201  2.100       1.895  12.9096  26.9979     8.44    11.42     2.33   10.217  nan      nan    nan   0.983     nan                            Gaia_DR3     -40.610     -16.425     -38.424       0.011     -19.872       0.013
Gaia DR3 5862692760682280064 192.0428844 -63.8207984 13.416  2.936       0.200  10.7814  27.0015     9.73    16.38     5.73    9.932  nan      nan    nan  13.508     nan                            Gaia_DR3     -39.898     -10.862     -40.271       0.164     -10.674       0.164
Gaia DR3 5866342142821746432 210.0718652 -61.4811816  6.411  0.450       0.978  14.9571  27.0085     6.71    12.50     0.18   16.856  nan      nan    nan   0.833     nan                            Gaia_DR3     -63.998     -38.194     -64.229       0.011     -34.725       0.014
Gaia DR3 5874603220396582016 225.9825819 -62.0745896 12.239  2.070       0.385  17.7788  27.0111     4.62     7.49     2.30   11.419  nan      nan    nan   1.178     nan                            Gaia_DR3     -37.577     -35.699     -37.424       0.015     -36.612       0.015
Gaia DR3 5860899560245289472 186.2700236 -65.9950357 15.957  3.435       2.428   8.6564  27.0570    10.70      nan      nan    9.716  nan      nan    nan   1.042     nan                                None     -38.909      -6.272     -39.086       0.035     -11.242       0.043
Gaia DR3 6053770907860723200 185.1815033 -63.5689057 15.121  3.304       2.235  11.1187  27.0595    10.73      nan      nan    9.964  nan      nan    nan   1.031     nan                                None     -39.832      -6.701     -40.447       0.027     -11.355       0.029
Gaia DR3 5874556284989708672 225.9817536 -62.0773253 14.197  2.891       0.279  17.7763  27.0727     4.62     9.39     1.92   11.400  nan      nan    nan   1.289     nan                            Gaia_DR3     -37.514     -35.637     -36.961       0.020     -36.017       0.020
Gaia DR3 6066553039756468352 199.1508619 -55.7169511 15.374  3.514       0.736  19.2087  27.1068     7.58      nan      nan   14.685  nan      nan    nan   1.091     nan                                None     -58.403     -26.176     -56.225       0.027     -26.842       0.031
Gaia DR3 5862730792562250496 193.7617821 -63.6392362 15.517  2.935       0.922  11.0207  27.1142     9.46      nan      nan    9.946  nan      nan    nan   1.188     nan                                None     -39.915     -12.016     -38.588       0.037     -10.612       0.050
Gaia DR3 5208216951043609216 105.1270906 -79.6958408  9.777  1.191       2.435  17.6616  27.1278    14.24    17.08     0.38   15.764  nan      nan    nan   1.120     nan                            Gaia_DR3      -4.597      55.597       2.085       0.016      60.162       0.016
Gaia DR3 5856567140866125440 190.7567738 -67.9390473 13.481  2.600       1.858   6.6422  27.1571    10.24      nan      nan    9.562  nan      nan    nan   1.096     nan                                None     -38.420      -8.222     -37.479       0.014     -11.848       0.016
Gaia DR3 5855283735881031424 188.6917474 -70.3239696 15.982  3.491       1.729   4.2624  27.1942    10.63      nan      nan    9.444  nan      nan    nan   1.969     nan                                None     -37.916      -5.977     -37.416       0.143      -9.383       0.136
Gaia DR3 5333169609995989888 176.7186899 -63.3400926 12.592  2.160       0.712  12.1079  27.2022    11.95    13.03     2.28   10.073  nan      nan    nan   0.979     nan                            Gaia_DR3     -39.229      -1.609     -40.176       0.012      -2.787       0.012
Gaia DR3 5859866294238119040 187.9301949 -66.8040759 13.580  2.601       2.498   7.7929  27.2171    10.53    11.21     5.13    9.632  nan      nan    nan   1.121     nan                            Gaia_DR3     -38.648      -6.939     -38.649       0.013     -12.012       0.015
Gaia DR3 5237215367676211072 172.3029688 -65.6550566 12.399  2.124       2.562  10.6268  27.2461    12.56    13.83     5.34    9.886  nan      nan    nan   1.489     nan                            Gaia_DR3     -37.632       2.104     -40.340       0.018      -2.499       0.019
Gaia DR3 6055197867775111808 191.2920369 -62.5435098 13.614  2.908       2.724  12.0423  27.2820     9.73    10.12     3.18   10.054  nan      nan    nan   8.255     nan                            Gaia_DR3     -40.396     -10.984     -41.706       0.094     -16.607       0.099
Gaia DR3 5855749344728646912 190.1447089 -68.7069441 13.558  2.658       2.363   5.8682  27.3056    10.37    11.74     2.86    9.505  nan      nan    nan   1.245     nan                            Gaia_DR3     -38.185      -7.516     -37.994       0.013     -12.247       0.016
Gaia DR3 6054046850929570560 181.2032048 -64.1654139  9.244  0.901       0.455  10.8116  27.3709    11.33      nan      nan    9.892  nan      nan    nan   0.816     nan                                None     -39.169      -3.958     -38.221       0.012      -3.954       0.013
Gaia DR3 5855794837024822400 191.1454992 -68.2549244 15.122  3.244       2.434   6.3337  27.4020    10.22    28.79     5.50    9.521  nan      nan    nan   1.077     nan                            Gaia_DR3     -38.253      -8.314     -37.345       0.025     -13.113       0.027
Gaia DR3 5254979283697117440 154.0167950 -59.9088703 13.879  2.726       2.249  19.5619  27.4193    15.28    24.09     2.83   12.276  nan      nan    nan   1.225     nan                            Gaia_DR3     -39.418      11.340     -37.279       0.019       5.929       0.019
Gaia DR3 5864339794779803136 206.0307289 -64.2101984 15.167  3.280       2.643  11.7461  27.4461     7.77    12.38     7.10    9.995  nan      nan    nan   0.983     nan                            Gaia_DR3     -38.778     -19.510     -35.419       0.021     -23.951       0.028
Gaia DR3 5255082603415689600 154.3064014 -59.6398044 15.424  3.234       1.180  19.7335  27.5034    15.26    25.42     7.77   12.378  nan      nan    nan   1.181     nan                            Gaia_DR3     -39.899      11.074     -37.338       0.034       9.362       0.032
Gaia DR3 5856824731492431104 189.8766999 -67.3071099 17.728  4.468       1.227   7.2670  27.5103    10.31      nan      nan    9.567  nan      nan    nan   1.039     nan                                None     -38.432      -7.909     -40.899       0.101      -8.098       0.113
Gaia DR3 5855753394852554368 189.6729064 -68.7664597 13.026  2.451       2.624   5.8076  27.5160    10.43      nan      nan    9.482  nan      nan    nan   5.437     nan                                None     -38.087      -7.184     -37.211       0.076     -12.355       0.084
Gaia DR3 5879125816598787840 221.2529834 -58.7753105 17.443  4.065       0.666  19.6212  27.5185     4.45      nan      nan   12.265  nan      nan    nan   0.982     nan                                None     -42.553     -36.038     -43.654       0.085     -37.361       0.079
Gaia DR3 5851543918941235456 205.9809797 -66.2957410 15.220  3.392       2.384   9.8256  27.6186     8.11      nan      nan    9.761  nan      nan    nan   1.009     nan                                None     -37.881     -18.429     -34.846       0.023     -22.284       0.029
Gaia DR3 5245345500221851264 153.3772518 -66.3727597  5.107  0.305       1.170  14.3094  27.6987    14.76   -11.37     0.16   10.352  nan      nan    nan   1.170     nan                            Gaia_DR3     -32.959      13.597     -34.517       0.102      11.575       0.092
Gaia DR3 5861945711251717888 193.0947760 -64.3108684 14.023  3.007       1.743  10.3252  27.7267     9.63    34.73     3.65    9.799  nan      nan    nan   1.142     nan                            Gaia_DR3     -39.344     -11.196     -38.664       0.017     -14.731       0.019
Gaia DR3 6057500245143971328 182.5055472 -62.4452886 14.574  2.921       2.245  12.3956  27.7534    11.07      nan      nan   10.042  nan      nan    nan   1.588     nan                                None     -39.908      -5.539     -41.285       0.026     -10.087       0.029
Gaia DR3 6348992769173130368 308.4916666 -82.0400735 15.644  3.023       0.378  20.4481  27.8152     8.58      nan      nan   13.602  nan      nan    nan   1.049     nan                                None      25.258     -52.377      26.294       0.032     -52.059       0.035
Gaia DR3 6348992769173130624 308.4875766 -82.0394339 15.725  3.222       1.178  20.4482  27.8154     8.58      nan      nan   13.602  nan      nan    nan   1.177     nan                                None      25.255     -52.380      23.114       0.038     -49.766       0.041
Gaia DR3 5856506049252350208 188.4976578 -68.1060607 18.405    nan       2.336   6.4805  27.8397    10.53      nan      nan    9.487  nan      nan    nan   1.105     nan                                None     -38.083      -6.703     -39.088       0.396     -11.265       0.189
Gaia DR3 5860707936033672064 182.6148618 -66.0661329 15.128  3.195       2.498   8.8279  27.8428    11.20      nan      nan    9.648  nan      nan    nan   1.042     nan                                None     -38.356      -3.956     -39.485       0.028      -8.910       0.030
Gaia DR3 6064046737351943296 201.4056977 -55.1466514 15.098  3.149       2.849  19.9580  27.8480     7.07     6.65     5.60   12.354  nan      nan    nan   1.009     nan                            Gaia_DR3     -48.815     -23.798     -45.604       0.024     -17.109       0.020
Gaia DR3 5220464995182613120 131.5213108 -72.4859168 13.292  2.337       2.600  15.9702  27.8844    15.45    16.35     5.48   10.665  nan      nan    nan   1.126     nan                            Gaia_DR3     -21.785      27.727     -18.373       0.012      32.473       0.012
Gaia DR3 6054321385237966336 180.1532846 -63.6182635 11.425  1.666       2.232  11.4463  27.8949    11.46     6.30     7.15    9.903  nan      nan    nan   0.917     nan                            Gaia_DR3     -39.085      -3.546     -40.402       0.014      -8.015       0.016
Gaia DR3 6057951732118101504 186.6635504 -61.2279659 11.292  1.487       0.201  13.3928  27.9117    10.35    15.09     0.38   10.166  nan      nan    nan   0.821     nan                            Gaia_DR3     -40.734      -8.693     -40.610       0.012      -8.279       0.013
Gaia DR3 5250988846733325312 142.9930221 -62.1570689 12.833  2.688       0.159  20.3729  27.9610    16.36    17.94    20.06   12.753  nan      nan    nan   1.310     nan                            Gaia_DR3     -34.307      19.807     -34.575       0.024      19.474       0.020
Gaia DR3 5204406834016933760 152.7158703 -76.2863971 17.387  3.774       2.612   9.3141  27.9842    13.50      nan      nan    9.675  nan      nan    nan   1.070     nan                                None     -30.528      18.046     -35.571       0.099      16.326       0.089
Gaia DR3 5861015833652416000 188.6951608 -65.4989870 16.029  3.550       2.453   9.0822  28.0834    10.34      nan      nan    9.645  nan      nan    nan   1.016     nan                                None     -38.721      -7.904     -38.300       0.040     -12.873       0.044
Gaia DR3 5863747467220738432 203.4780496 -65.6116493 10.739  1.506       2.716  10.0470  28.1195     8.34    11.09     0.83    9.728  nan      nan    nan   0.865     nan                            Gaia_DR3     -38.158     -17.053     -34.021       0.009     -20.781       0.012
Gaia DR3 5861176323636716288 185.5560407 -65.3179169 13.641  2.647       2.268   9.3628  28.1220    10.77     7.36     7.30    9.665  nan      nan    nan   1.236     nan                            Gaia_DR3     -38.659      -6.058     -39.715       0.016     -10.557       0.018
Gaia DR3 5860846745058284672 184.7625073 -65.4295065 18.944  5.435       1.834   9.2958  28.1295    10.88      nan      nan    9.658  nan      nan    nan   1.206     nan                                None     -38.579      -5.525     -37.155       0.237      -8.976       0.226
Gaia DR3 6073532258504150656 189.8381327 -55.6541184  8.458  0.641       2.275  18.9199  28.1762     9.31    12.28     1.31   11.548  nan      nan    nan   9.756     nan                            Gaia_DR3     -46.391     -14.397     -40.863       0.135     -14.734       0.164
Gaia DR3 6059992460039778560 190.3681253 -58.5710536 16.897  4.217       2.026  16.0045  28.1929     9.51      nan      nan   10.617  nan      nan    nan   1.047     nan                                None     -42.656     -12.494     -43.227       0.067     -16.992       0.074
Gaia DR3 6066680097748070912 197.2190132 -55.8504337 18.142  3.791       1.715  18.9469  28.2289     7.96      nan      nan   11.543  nan      nan    nan   1.042     nan                                None     -46.104     -19.249     -42.109       0.091     -18.039       0.118
Gaia DR3 4615414226136652160  53.3032985 -83.8746331 16.033  2.964       1.687  20.2994  28.2406    12.33      nan      nan   12.408  nan      nan    nan   5.897     nan                                None      36.853      30.308      40.841       0.550      28.421       0.501
Gaia DR3 5857065971210881408 194.8984263 -68.1337128 13.064  2.852       2.417   6.6394  28.2828     9.74      nan      nan    9.454  nan      nan    nan   2.794     nan                                None     -37.897     -10.606     -37.884       0.030     -15.422       0.038
Gaia DR3 6341993754891983616 323.8441301 -87.1057520 18.713  3.355       2.542  17.5595  28.3202    10.30      nan      nan   11.003  nan      nan    nan   1.053     nan                                None      30.083     -33.647      32.196       0.197     -39.152       0.207
Gaia DR3 6062898091306143360 203.5303032 -56.4073128 13.201  2.982       2.353  18.9269  28.3421     6.89      nan      nan   11.497  nan      nan    nan   8.702     nan                                None     -45.089     -23.163     -47.636       0.195     -28.266       0.219
Gaia DR3 5336159388291513984 171.7451476 -59.5799156 14.409  2.937       0.286  16.3951  28.3765    12.68    15.39     3.35   10.675  nan      nan    nan   1.160     nan                            Gaia_DR3     -40.502      -0.393     -40.042       0.018      -0.842       0.018
Gaia DR3 5860165876807095296 187.7346200 -65.8401357 12.878  2.807       2.596   8.7599  28.4206    10.50    10.16     3.77    9.584  nan      nan    nan   2.004     nan                            Gaia_DR3     -38.446      -7.141     -38.155       0.033     -12.377       0.038
Gaia DR3 6053774103316625664 185.4580479 -63.4111993 11.643  1.784       2.222  11.2624  28.4392    10.68    -4.48     9.08    9.818  nan      nan    nan   0.821     nan                            Gaia_DR3     -39.268      -6.833     -39.281       0.012     -11.431       0.013
Gaia DR3 5250926999202194688 143.8353630 -62.3666562 14.446  2.858       0.675  19.9802  28.4674    16.24    12.62     4.88   12.017  nan      nan    nan   1.206     nan                            Gaia_DR3     -32.849      18.390     -31.299       0.025      17.665       0.024
Gaia DR3 5875010761224023552 230.5685669 -62.5018404 13.287  2.480       2.510  18.5492  28.4944     4.17      nan      nan   11.297  nan      nan    nan   1.130     nan                                None     -34.973     -37.796     -40.377       0.015     -35.243       0.015
Gaia DR3 5251098523021221376 144.8371541 -61.3279590  4.482 -0.073       0.690  20.5915  28.5019    16.26    20.64     0.78   14.479  nan      nan    nan   0.791     nan                            Gaia_DR3     -40.319      20.642     -42.412       0.110      20.414       0.087
Gaia DR3 5230897092794662400 154.8525000 -70.0732509 13.529  2.751       0.547  11.3069  28.5074    14.19      nan      nan    9.815  nan      nan    nan   2.149     nan                                None     -31.861      14.073     -31.430       0.032      15.121       0.029
Gaia DR3 6067196013523931264 199.4836735 -54.9282095 14.424  2.979       1.349  20.0155  28.5096     7.40    10.43     2.25   12.020  nan      nan    nan   1.118     nan                            Gaia_DR3     -47.763     -21.915     -44.346       0.019     -21.857       0.019
Gaia DR3 5863747462890662144 203.4781799 -65.6112816 14.597    nan       1.880  10.0474  28.5649     8.34      nan      nan    9.680  nan      nan    nan   0.612     nan                                None     -37.969     -16.969     -35.473       0.388     -19.882       0.076
Gaia DR3 6064270144382706176 206.1812133 -56.0471140 10.683  1.111       2.570  19.5882  28.6263     6.35    -0.90     0.19   11.717  nan      nan    nan   0.938     nan                            Gaia_DR3     -45.427     -25.466     -41.786       0.008     -30.664       0.014
Gaia DR3 5271055930355497728 124.4091061 -68.2877356 14.057  3.238       1.725  20.5119  28.6373    16.71    10.03     2.83   14.712  nan      nan    nan   7.628     nan                            Gaia_DR3     -23.517      37.728     -19.466       0.110      41.223       0.125
Gaia DR3 5297100607744079872 135.8510933 -63.8090667 11.912  1.949       0.567  20.9116  28.6377    16.79    25.99     9.38   12.818  nan      nan    nan   1.151     nan                            Gaia_DR3     -29.456      24.753     -30.339       0.016      26.004       0.014
Gaia DR3 5808810540477458432 246.9284307 -69.8072637 16.089  3.028       2.405  17.3450  28.6427     4.90      nan      nan   10.869  nan      nan    nan   0.964     nan                                None     -24.445     -42.691     -21.500       0.026     -47.349       0.038
Gaia DR3 5271055930358373248 124.4098335 -68.2874001 14.530    nan       1.411  20.5120  28.6567    16.71      nan      nan   14.730  nan      nan    nan   0.976     nan                                None     -23.547      37.774     -23.678       0.061      42.153       0.077
Gaia DR3 5863745955392204288 203.3990693 -65.6327877  6.356 -0.022       2.972  10.0155  28.7479     8.35      nan      nan    9.657  nan      nan    nan   0.795     nan                                None     -37.892     -16.876     -36.438       0.024     -22.748       0.032
Gaia DR3 5855749344728646656 190.1436258 -68.7067196 14.834    nan       2.066   5.8684  28.7479    10.37    20.29     7.18    9.370  nan      nan    nan   1.050     nan                            Gaia_DR3     -37.646      -7.410     -36.763       0.051     -11.393       0.066
Gaia DR3 6053530424082173696 186.5480104 -63.7633641 15.859  3.599       2.047  10.8675  28.7519    10.54      nan      nan    9.740  nan      nan    nan   1.123     nan                                None     -39.020      -7.309     -39.169       0.042     -11.510       0.048
Gaia DR3 5860044105883909376 186.8071252 -66.7389277 13.182  2.495       2.406   7.8941  28.7954    10.67      nan      nan    9.483  nan      nan    nan   3.954     nan                                None     -38.002      -6.170     -37.769       0.047     -10.976       0.050
Gaia DR3 5856245430623577600 183.2893932 -69.1981696 17.486  4.172       2.920   5.7338  28.7964    11.21      nan      nan    9.360  nan      nan    nan   1.076     nan                                None     -37.269      -3.034     -38.697       0.092      -8.616       0.095
Gaia DR3 5235996662114005504 174.4698597 -66.5221662 13.884  2.726       2.551   9.4662  28.7979    12.27    14.07     2.63    9.603  nan      nan    nan   1.136     nan                            Gaia_DR3     -36.997       1.152     -39.205       0.016      -3.517       0.015
Gaia DR3 5219724577180022528 128.0238304 -74.4608019 14.123  2.389       2.792  15.7479  28.7994    15.16    25.97     2.19   10.457  nan      nan    nan   1.185     nan                            Gaia_DR3     -19.113      29.534     -24.328       0.018      26.265       0.017
Gaia DR3 5845204409739401600 199.0669232 -68.6045729 13.823  2.598       2.664   6.6340  28.8153     9.28    10.86     2.17    9.404  nan      nan    nan   1.143     nan                            Gaia_DR3     -37.407     -12.935     -35.900       0.014     -17.996       0.015
Gaia DR3 6053028904976989312 184.9396829 -64.8840565 13.601  2.633       2.405   9.8258  28.8767    10.83      nan      nan    9.626  nan      nan    nan   1.083     nan                                None     -38.465      -5.825     -38.611       0.015     -10.704       0.015
Gaia DR3 5237970319826886272 164.4472910 -68.5484558 20.282  1.521       2.399   9.8952  28.8850    13.37      nan      nan    9.632  nan      nan    nan   1.812     nan                                None     -34.628       7.891     -32.194       1.486       3.672       1.787
Gaia DR3 5235128047906547968 172.3367215 -67.6395418 14.395  3.059       2.728   8.8726  28.9254    12.51    13.89     2.32    9.542  nan      nan    nan   1.087     nan                            Gaia_DR3     -36.329       2.885     -39.122       0.019      -1.838       0.021
Gaia DR3 5255691457974847616 155.3718591 -57.6581580 13.923  2.388       0.452  21.2763  28.9283    15.24     8.45     2.01   13.164  nan      nan    nan   1.054     nan                            Gaia_DR3     -43.012       9.634     -42.584       0.016      10.813       0.013
Gaia DR3 5856118192189502208 181.0094386 -69.6157131 15.387  3.334       2.604   5.6304  28.9308    11.48      nan      nan    9.343  nan      nan    nan   1.332     nan                                None     -36.973      -1.484     -37.425       0.043      -6.592       0.040
Gaia DR3 5860035206711187456 186.4332520 -66.8709815 15.431  3.392       2.387   7.7787  28.9408    10.73    13.30     4.24    9.461  nan      nan    nan   1.065     nan                            Gaia_DR3     -37.896      -5.880     -38.187       0.033     -10.632       0.040
Gaia DR3 5863794471348452480 203.4405373 -65.5857592 13.152  2.447       2.096  10.0656  28.9540     8.34    10.80     5.31    9.640  nan      nan    nan   1.048     nan                            Gaia_DR3     -37.818     -16.884     -35.323       0.011     -20.337       0.014
Gaia DR3 5856351499141796736 184.9474138 -68.3963791 13.691  2.689       2.591   6.3600  28.9584    10.98      nan      nan    9.376  nan      nan    nan   1.204     nan                                None     -37.464      -4.355     -37.612       0.016      -9.475       0.018
Gaia DR3 5863794540067932416 203.4375959 -65.5836775 15.230  3.210       2.274  10.0671  28.9727     8.34      nan      nan    9.638  nan      nan    nan   1.010     nan                                None     -37.812     -16.880     -35.098       0.023     -20.619       0.027
Gaia DR3 5855641145909188736 189.3433067 -69.0685047 11.932  1.981       2.572   5.5071  29.0019    10.49    11.81     0.87    9.331  nan      nan    nan  11.017     nan                            Gaia_DR3     -37.475      -6.760     -40.724       0.134     -10.638       0.170
Gaia DR3 5215276979629320064 135.4395903 -77.3683872 17.567  3.300       2.653  12.9524  29.0311    14.19      nan      nan    9.955  nan      nan    nan   0.936     nan                                None     -22.642      27.115     -26.345       0.097      31.273       0.084
Gaia DR3 6053266232030676864 182.8227935 -64.7370331 18.960  2.646       2.529  10.1131  29.0346    11.12      nan      nan    9.636  nan      nan    nan   1.786     nan                                None     -38.326      -4.603     -40.395       0.431      -9.305       0.431
Gaia DR3 6064816945248121088 209.2322915 -54.6237573 14.940  2.715       1.666  21.3781  29.0398     5.53    10.93     7.34   13.235  nan      nan    nan   1.125     nan                            Gaia_DR3     -50.497     -31.408     -53.042       0.024     -35.297       0.028
Gaia DR3 5250150091153808768 142.0970446 -64.2485053 13.972  2.776       0.486  18.9065  29.0565    16.16    23.51     3.52   11.277  nan      nan    nan   1.271     nan                            Gaia_DR3     -29.806      19.346     -30.549       0.020      20.229       0.017
Gaia DR3 6074733165726906368 189.8372380 -53.6329968 12.899    nan       0.799  20.9410  29.0614     9.10      nan      nan   12.453  nan      nan    nan   1.383     nan                                None     -50.026     -16.377     -48.492       0.039     -17.808       0.036
Gaia DR3 6053693083047384576 185.9254261 -63.8701254  7.391  0.202       2.081  10.7852  29.0638    10.63     9.38     0.65    9.698  nan      nan    nan   3.273     nan                            Gaia_DR3     -38.814      -6.858     -36.468       0.088     -10.406       0.089
Gaia DR3 5818845542586254848 241.0099881 -70.9984215  9.534  1.018       2.017  15.0555  29.0761     5.67   -14.13     0.15   17.737  nan      nan    nan   0.871     nan                            Gaia_DR3     -45.766     -65.081     -38.566       0.009     -67.328       0.010
Gaia DR3 5235460547101891840 178.6164612 -68.9244253 16.574  3.564       1.006   6.6193  29.0823    11.75      nan      nan    9.378  nan      nan    nan   1.053     nan                                None     -36.809      -0.322     -34.934       0.062      -0.988       0.058
Gaia DR3 5334717344428210432 179.2378899 -61.8470259 14.034  2.782       2.206  13.2663  29.0836    11.55    12.82     2.79    9.992  nan      nan    nan   1.389     nan                            Gaia_DR3     -39.310      -3.768     -41.297       0.020      -7.969       0.021
Gaia DR3 5798227912866968576 216.0124989 -70.6013880 15.806  2.632       1.192   8.6994  29.1049     7.72      nan      nan    9.510  nan      nan    nan   1.008     nan                                None     -34.619     -22.605     -32.261       0.029     -22.220       0.035
Gaia DR3 5824338256022812416 228.1479080 -67.1916300 14.288  2.911       1.138  14.2017  29.1902     5.70    12.07     2.63   10.118  nan      nan    nan   1.807     nan                            Gaia_DR3     -32.389     -31.768     -33.946       0.019     -29.906       0.029
Gaia DR3 6052999669198183168 183.1098596 -65.3397859 12.692  2.323       2.806   9.4984  29.2020    11.10     7.20    16.42    9.564  nan      nan    nan   0.967     nan                            Gaia_DR3     -38.068      -4.506     -39.268       0.012     -10.035       0.016
Gaia DR3 5856198632657339520 181.9071391 -69.2042451 15.952  3.563       2.761   5.8891  29.2119    11.37      nan      nan    9.329  nan      nan    nan   1.151     nan                                None     -37.017      -2.185     -38.288       0.042      -7.464       0.047
Gaia DR3 5860967833106246912 185.8653235 -65.6038622 13.666  2.878       2.476   9.0637  29.2199    10.74    15.78     7.25    9.527  nan      nan    nan   1.169     nan                            Gaia_DR3     -38.128      -6.051     -38.633       0.015     -10.998       0.016
Gaia DR3 5864148441008187136 205.1221419 -64.3101700 13.091  2.737       2.381  11.5111  29.2500     7.91      nan      nan    9.753  nan      nan    nan   1.670     nan                                None     -37.999     -18.469     -34.778       0.016     -22.155       0.021
Gaia DR3 5855753399177548416 189.6777870 -68.7637000  8.012  0.479       2.686   5.8104  29.2711    10.43    14.69     0.29    9.320  nan      nan    nan   0.970     nan                            Gaia_DR3     -37.438      -7.066     -36.641       0.020     -12.283       0.024
Gaia DR3 5332613291464347392 176.2169650 -64.6486063 11.437  1.701       2.015  10.9302  29.2910    12.04    -0.62     8.41    9.687  nan      nan    nan   0.861     nan                            Gaia_DR3     -37.641      -0.690     -39.094       0.013      -4.541       0.013
Gaia DR3 5862028930545927936 196.2581254 -64.4416573  6.634 -0.014       1.987  10.3686  29.3466     9.19     9.73     0.53    9.626  nan      nan    nan   0.846     nan                            Gaia_DR3     -38.514     -12.876     -36.798       0.027     -16.524       0.030
Gaia DR3 6053049696982672768 182.9398799 -65.2454371 13.883  3.093       2.607   9.6044  29.3812    11.12    14.05     3.26    9.555  nan      nan    nan   5.630     nan                            Gaia_DR3     -38.015      -4.436     -37.614       0.084      -9.673       0.089
Gaia DR3 5254474058096434432 159.6848347 -59.9121366 14.737  3.069       0.366  18.2928  29.3835    14.50    23.79     4.91   10.986  nan      nan    nan   1.119     nan                            Gaia_DR3     -37.724       7.024     -36.920       0.024       6.756       0.020
Gaia DR3 5861474604890033792 192.4641007 -65.9381761 15.282  3.562       0.836   8.6813  29.4011     9.86      nan      nan    9.480  nan      nan    nan   2.563     nan                                None     -38.076      -9.897     -37.011       0.063     -11.185       0.076
Gaia DR3 5862938875139037440 190.4533683 -63.3042997 13.566  2.612       2.286  11.2722  29.4393     9.92    11.31     3.59    9.706  nan      nan    nan   1.219     nan                            Gaia_DR3     -38.999      -9.829     -38.957       0.013     -14.506       0.019
Gaia DR3 5334906387354901504 175.9698561 -61.7686356 15.712  2.806       2.740  13.7135  29.4652    12.04      nan      nan   10.007  nan      nan    nan   1.146     nan                                None     -38.838      -1.841     -41.014       0.040       3.514       0.039
Gaia DR3 5859345503663163776 183.7273642 -68.2672447 16.911  3.964       2.568   6.5866  29.4792    11.13      nan      nan    9.340  nan      nan    nan   0.960     nan                                None     -37.228      -3.650     -38.710       0.088      -8.483       0.082
Gaia DR3 5343295802829737984 173.4833459 -55.8614599 17.180  2.592       1.938  19.7552  29.4871    12.33      nan      nan   11.498  nan      nan    nan   1.105     nan                                None     -44.063      -3.518     -44.896       0.082       1.105       0.101
Gaia DR3 5854998824943562240 182.4049562 -71.1112557 18.487  4.065       2.093   4.0824  29.5238    11.35      nan      nan   19.847  nan      nan    nan   1.012     nan                                None     -78.855      -3.710     -77.377       0.232       4.922       0.193
Gaia DR3 5209201563706924288 131.0488396 -78.2779123 16.057  3.075       2.342  13.6090  29.5255    14.14      nan      nan    9.984  nan      nan    nan   1.076     nan                                None     -20.108      29.271     -24.859       0.037      27.958       0.037
Gaia DR3 5860528715637670912 183.3603783 -66.4910215 14.491  3.019       1.539   8.3494  29.5779    11.11    22.70     4.90    9.439  nan      nan    nan   1.167     nan                            Gaia_DR3     -37.590      -4.153     -37.339       0.018      -1.101       0.020
Gaia DR3 5860886228720919936 186.5398462 -66.0313817 13.337  2.606       2.435   8.6088  29.5984    10.67      nan      nan    9.455  nan      nan    nan   1.111     nan                                None     -37.877      -6.253     -37.916       0.011     -11.107       0.013
Gaia DR3 5339969947634358656 168.7228372 -57.2493854 16.756  3.081       2.691  19.0862  29.6687    13.17      nan      nan   11.179  nan      nan    nan   1.028     nan                                None     -41.576       0.237     -40.749       0.053       6.523       0.046
Gaia DR3 5257392295070412032 148.5563760 -60.2754706 12.320  2.027       1.699  20.5544  29.6697    15.94    18.39     1.77   11.835  nan      nan    nan   1.070     nan                            Gaia_DR3     -35.110      14.205     -30.956       0.015      15.052       0.013
Gaia DR3 5336748898292825088 172.0950903 -57.8542169 15.508  2.880       2.426  18.0035  29.6809    12.61   -10.84     8.90   16.935  nan      nan    nan   0.998     nan                            Gaia_DR3     -64.389      -2.320     -62.415       0.029     -10.754       0.031
Gaia DR3 6053774412534875904 185.4624042 -63.4160509 17.092  3.825       2.294  11.2574  29.6955    10.68      nan      nan    9.677  nan      nan    nan   0.997     nan                                None     -38.701      -6.735     -39.461       0.069     -11.353       0.069
Gaia DR3 5864076496104483072 202.8747412 -64.7982191 15.070  3.396       2.243  10.7247  29.7163     8.30     8.34     5.71    9.621  nan      nan    nan   1.011     nan                            Gaia_DR3     -37.825     -16.744     -35.346       0.025     -20.558       0.031
Gaia DR3 6074733165738763264 189.8374756 -53.6326143 12.750  2.348       1.279  20.9414  29.7350     9.10    12.20    34.73   12.049  nan      nan    nan   1.376     nan                            Gaia_DR3     -48.402     -15.846     -45.278       0.035     -14.950       0.035
Gaia DR3 5850623284049165056 207.1136128 -67.4553247  9.208  0.781       2.283   9.0111  29.7526     8.15    27.96     0.35    9.470  nan      nan    nan   3.413     nan                            Gaia_DR3     -36.548     -18.217     -31.995       0.047     -18.426       0.055
Gaia DR3 5818846161065204608 240.9943209 -70.9677773 15.319  3.115       2.192  15.0699  29.7702     5.66    -4.43    10.59   18.045  nan      nan    nan   4.717     nan                            Gaia_DR3     -46.575     -66.210     -38.744       0.262     -69.069       0.307
Gaia DR3 5259151277463246336 149.3860156 -58.3902367 15.560  3.413       0.984  22.0062  29.8159    16.01      nan      nan   13.480  nan      nan    nan   1.915     nan                                None     -40.516      14.183     -37.974       0.341      13.021       0.294
Gaia DR3 5861250373258628224 186.1001039 -64.8954996 14.633  3.023       2.475   9.7573  29.8202    10.67    14.50     3.56    9.523  nan      nan    nan   1.095     nan                            Gaia_DR3     -38.125      -6.457     -38.600       0.019     -11.402       0.024
Gaia DR3 5862844115301741056 190.5469275 -64.0517082 15.878  3.633       2.276  10.5256  29.8496     9.97      nan      nan    9.588  nan      nan    nan   1.085     nan                                None     -38.523      -9.503     -38.691       0.041     -14.100       0.044
Gaia DR3 5876963493870292224 229.1336963 -58.9237613 11.823  1.902       0.902  21.2849  29.8557     3.37     6.79     1.05   12.240  nan      nan    nan   1.224     nan                            Gaia_DR3     -38.665     -40.722     -36.481       0.018     -39.919       0.020
Gaia DR3 4615635124893868544  66.4088525 -83.8333920 14.724  3.027       1.190  19.4931  29.8590    12.64      nan      nan   11.278  nan      nan    nan   4.308     nan                                None      25.704      34.288      26.078       0.098      37.092       0.091
Gaia DR3 5876963493870292736 229.1342694 -58.9231878 11.852  1.779       1.055  21.2856  29.8656     3.37    -4.89     5.32   12.235  nan      nan    nan   1.247     nan                            Gaia_DR3     -38.648     -40.705     -40.894       0.018     -39.167       0.020
Gaia DR3 5864225823524331904 205.0853028 -63.8728745 17.714  4.206       2.415  11.9157  29.8779     7.85      nan      nan    9.727  nan      nan    nan   1.500     nan                                None     -37.902     -18.521     -34.512       0.136     -22.131       0.174
Gaia DR3 5860949137043373568 185.9404594 -65.8412157 11.915  1.890       2.178   8.8243  29.8785    10.74      nan      nan    9.443  nan      nan    nan   0.844     nan                                None     -37.798      -5.955     -38.451       0.011     -10.241       0.012
Gaia DR3 5793058902533594368 217.1901804 -75.7519874 16.823  3.596       1.659   7.0512  29.9250     8.61      nan      nan    9.324  nan      nan    nan   1.080     nan                                None     -33.608     -21.383     -35.839       0.059     -19.004       0.070
Gaia DR3 5861423821187455360 189.1619745 -63.7454774  9.730  1.265       2.884  10.8306  29.9689    10.15    16.16     3.24    9.604  nan      nan    nan   4.600     nan                            Gaia_DR3     -38.571      -8.790     -43.156       0.070     -12.406       0.069
Gaia DR3 5236514527759257472 174.8354941 -65.6401937 17.718  4.270       2.726  10.2117  29.9740    12.22      nan      nan    9.546  nan      nan    nan   1.105     nan                                None     -36.848       0.551     -39.928       0.121      -3.988       0.114
Gaia DR3 6058353191286687872 187.3097469 -60.0202905 12.367  2.010       1.964  14.5818  29.9815    10.16    12.86     1.05   10.070  nan      nan    nan   1.096     nan                            Gaia_DR3     -40.377      -9.466     -39.575       0.010     -13.558       0.012
Gaia DR3 5846885150693418752 207.8626609 -70.0930543 14.760  3.538       0.251   7.0366  29.9966     8.48      nan      nan   19.765  nan      nan    nan   1.176     nan                                None     -75.985     -37.352     -76.980       0.027     -37.031       0.030
Gaia DR3 5845204405417681408 199.0636838 -68.6057725 20.029  3.664       2.839   6.6324  29.9995     9.28      nan      nan    9.295  nan      nan    nan   1.050     nan                                None     -36.973     -12.783     -35.912       0.398     -18.243       0.437
