Catalog,Type,GaiaDR3,RA,DEC,Gmag,Bp-Rp,Voff(km/s),Sep(deg),3D(pc),Vr(pred),Vr(obs),Vrerr,Plx(mas),SpT,FnuvJ,W1-W3,RUWE,XCrate,RVsrc,PMRApred,PMDecpred,PMRA,PMRAerr,PMDec,PMDecerr
Gaia,DR3,3527332159168527744,189.8598262410813,-14.035953179852328,15.981915473937988,,0.6943436193435671,17.121828462193253,69.22376427121063,9.161433729845605,,,4.355206824076585,nan,,,1.4070336818695068,,None,5.999992439102707,-23.22568535597898,5.362745346423291,0.10031380504369736,-23.243343860475246,0.08879011124372482
Gaia,DR3,3529891066323881216,190.70136534577549,-12.096414610700894,16.76685333251953,2.4714431762695312,3.241091135690261,15.681764215242172,67.67147576661374,8.394076082263307,,,4.955160091252606,nan,,,0.9994383454322815,,None,6.783466336027507,-26.71317456595868,4.430523847402633,0.07164011150598526,-29.147551610141306,0.05138217285275459
Gaia,DR3,3574381906692712960,181.72705300077902,-12.228230699649716,18.336973190307617,3.1602134704589844,4.461886874055154,14.333823862114826,65.8368970443215,7.429373917516324,,,5.103811204456589,nan,,,0.9924003481864929,,None,7.3804700290520415,-27.732497229604927,3.240305768265145,0.22144284844398499,-30.162672009033955,0.2215242236852646
Gaia,DR3,3575895904140475520,186.06225788281293,-14.051822317213897,13.42076301574707,1.303370475769043,2.010293731507566,16.1872520175101,69.77760536259088,8.74296459694595,-2.16988205909729,1.5302419662475586,4.006921182322463,nan,,,1.6991881132125854,,Gaia_DR3,5.662378781181283,-21.456195044790388,4.312387019847748,0.03129127621650696,-20.4261250772516,0.022330226376652718
Gaia,DR3,3576053237382373120,186.4590963800088,-13.299301427676939,18.157485961914062,2.7982330322265625,4.08543395630328,15.507345788545418,62.675015580976854,8.453924320120631,,,4.397958273515093,nan,,,1.715043067932129,,None,6.199928425284703,-23.644722553803536,3.6798758003466103,0.3061484694480896,-26.47250235502172,0.22266772389411926
Gaia,DR3,3579983029379093504,189.49536834935054,-8.42966851404325,12.151687622070312,0.8819360733032227,3.7433344412745995,11.885597388369165,57.87604972152676,6.606784739998654,-6.801350116729736,0.732782781124115,3.82758449747045,nan,,,1.0481655597686768,,Gaia_DR3,5.28716007731536,-21.0418859148893,7.879414413708904,0.02072383463382721,-19.491574710648276,0.015134324319660664
Gaia,DR3,3579628814836168960,186.1794338045738,-9.424581716771021,16.63060188293457,1.7755241394042969,3.599680490253032,11.653155451191811,52.60119553966052,6.6801640803613385,,,4.840829080258962,nan,,,1.110862135887146,,None,6.8359599539455305,-26.55506491714065,9.388011296831198,0.10375326871871948,-23.91284550129991,0.07941567152738571
Gaia,DR3,3578680589136860672,189.80774311993883,-10.598021005758971,16.848175048828125,2.721529006958008,2.371272821883634,13.95008520471851,65.84862273150111,7.623123713174177,,,5.16507000361224,nan,,,0.9862189888954163,,None,7.118435598200397,-28.094781069809915,9.637565217877768,0.10232601314783096,-27.528663500365855,0.06798628717660904
Gaia,DR3,3581587732240645504,181.0841959071954,-10.062136962968067,17.693214416503906,2.621047019958496,2.0996605025791673,12.31329094395353,65.00715885541817,6.374654999579056,,,5.336649766401151,nan,,,0.9466103315353394,,None,7.739484518587818,-29.30821745430878,8.424191062793943,0.15516580641269684,-27.047471757436526,0.11524385213851929
Gaia,DR3,3576579181897489920,187.88087728978286,-12.215323226160082,15.674054145812988,2.1099157333374023,3.342061533295986,14.773394756159403,59.90274011631126,8.131616524800528,,,4.333419553693363,nan,,,0.9883092641830444,,None,6.053436605408214,-23.407840712021322,4.8706489140868126,0.048954859375953674,-26.22248775632304,0.035598404705524445
Gaia,DR3,3578154575901887232,189.04032001902726,-11.499596979103549,18.413103103637695,3.0077075958251953,4.4378680991992345,14.46909797273623,67.81966607269888,7.941916339089333,,,5.1895585746397845,nan,,,0.9804735779762268,,None,7.191876571286688,-28.11232874346834,10.392280332480667,0.20554016530513763,-31.76324477393881,0.14490580558776855
Gaia,DR3,3584752676461063936,185.61545226678868,-5.579104696104641,16.848085403442383,2.352184295654297,3.0936874213559364,7.780994429759585,31.837493969539214,4.855414830274015,,,4.258343755856303,nan,,,0.9810711145401001,,None,6.033731736531927,-23.715375158971256,3.261178048451823,0.09556976705789566,-23.554651561118757,0.08789685368537903
Gaia,DR3,3583418693978070912,187.26104783510414,-7.069806780827441,14.016891479492188,1.5631179809570312,4.909777642382632,9.704145037082053,48.14700715716304,5.7310661586810845,0.7783240079879761,2.885812997817993,3.8681532897417212,nan,,,1.6002415418624878,,Gaia_DR3,5.425509564470958,-21.412706311846193,1.4226911441371568,0.03987274318933487,-21.33079171713809,0.02877238765358925
Gaia,DR3,3577613680605218944,185.9399512917063,-11.26396236898269,18.4977970123291,3.008382797241211,4.109556099243373,13.414962285465595,57.30144107080553,7.483947397763037,,,4.064228031429732,nan,,,0.9263043403625488,,None,5.747591241911696,-22.104278639917606,3.84346326647544,0.22640471160411835,-19.142583430000432,0.16146579384803772
Gaia,DR3,3577832934390895232,184.83765215571674,-11.316679036298556,16.300670623779297,2.6437482833862305,0.8083381581522289,13.331221319152277,55.30595110581408,7.380788067360412,,,4.624326693148854,nan,,,1.1653597354888916,,None,6.581700159316092,-25.1685507507522,7.368105269565565,0.08157382160425186,-25.118250624887043,0.05670800432562828
Gaia,DR3,3579208694019317376,189.77454561118364,-8.748854360840252,17.642383575439453,2.7031822204589844,0.9315163452835148,12.299252794353787,62.51679402739022,6.783363055426848,,,3.7508977825535657,nan,,,1.0267118215560913,,None,5.170701153671657,-20.58702774459535,4.74526716569934,0.15563556551933289,-19.98573849653154,0.10192845016717911
Gaia,DR3,3590057888784001920,172.94562589341385,-9.903643639098016,16.925573348999023,2.8714914321899414,2.8317526346390953,16.0017950799795,64.75799369308042,5.326713297463488,,,4.529520297157118,nan,,,1.5147846937179565,,None,6.736532706360411,-25.05512038290414,6.2042429011179,0.13907822966575623,-22.40407925480545,0.09544254094362259
Gaia,DR3,3587630437692659200,176.7859010717176,-10.193042236869298,17.61615753173828,2.288148880004883,4.021788706837269,13.983975389134304,57.28326475834688,5.922202533638729,,,4.2367941551766375,nan,,,0.9698680639266968,,None,6.2428887531230215,-23.337133920849638,6.630851893419559,0.12583796679973602,-26.90821744983899,0.07554101198911667
Gaia,DR3,3580342157364491008,188.63002507442152,-7.437424855112347,11.075231552124023,0.773320198059082,2.0765540095754207,10.60474350683084,44.80422183292543,6.056135772234035,2.197723627090454,0.24847614765167236,4.123936053850717,nan,,,1.2938358783721924,,Gaia_DR3,5.7315414245027725,-22.77836016917226,5.867276248146789,0.03024251013994217,-20.978182310830675,0.021074818447232246
Gaia,DR3,3580963656312202880,184.61426035812627,-10.32080795913504,15.239131927490234,1.970036506652832,4.772699332180105,12.321143644588485,54.20059462801389,6.905351642232146,17.799062728881836,5.366281032562256,4.002356532317333,nan,,,1.0232335329055786,,Gaia_DR3,5.7035784161033165,-21.892388408610817,7.695680362407116,0.03835216537117958,-25.392027930464145,0.02690180577337742
Gaia,DR3,3571042380641476992,183.44797519325877,-13.137126445737424,12.531105041503906,1.0709209442138672,4.028679475592502,15.107709865141102,61.725371994390834,8.036715603226591,18.0020694732666,1.5669819116592407,4.252473496712375,nan,,,1.1274070739746094,,Gaia_DR3,6.097974372640804,-22.956165719954498,7.30879538677859,0.019535157829523087,-19.553618659559163,0.016161052510142326
Gaia,DR3,3582863337526934912,186.3939333996887,-8.218195779011797,13.861154556274414,1.3175039291381836,4.415415541566499,10.529469540137761,65.90048888386006,6.1559756036003455,-7.060351848602295,2.7627151012420654,3.5651884926749133,nan,,,1.056674838066101,,Gaia_DR3,5.027968019022309,-19.65610153836483,4.416142171450412,0.025535233318805695,-16.394462049952296,0.02697303704917431
Gaia,DR3,3584630012195826560,185.53440321195626,-6.0400541591284425,16.018508911132812,2.0782651901245117,2.6783397574610124,8.210529309994902,58.14173375265645,5.058198000070833,,,3.5779595791909387,nan,,,0.9584593772888184,,None,5.07209593221566,-19.896837726171768,6.386252811792462,0.07080379873514175,-18.362509569705953,0.05667885020375252
Gaia,DR3,3588392094309015040,176.47391288315305,-9.94400533745528,15.322897911071777,2.001620292663574,0.9775203976339341,13.927145369495618,60.23178351023766,5.771171804684539,22.908157348632812,7.678772449493408,4.022750979878286,nan,,,0.9905445575714111,,Gaia_DR3,5.932991118442325,-22.185350678195622,6.370711765416367,0.03458885848522186,-22.889336867782664,0.02260144054889679
Gaia,DR3,3584630012195505024,185.53705564803002,-6.037934538877326,14.044116020202637,1.3714933395385742,2.4850424103701503,8.209047257456131,63.06368230548277,5.057532138830842,4.887780666351318,2.8980674743652344,3.5038485400117625,nan,,,1.7272846698760986,,Gaia_DR3,4.966959319716063,-19.48482439698814,6.704889417327026,0.045885708183050156,-18.894139844680947,0.03571576252579689
Gaia,DR3,3592906311094582144,173.43150772313348,-7.573241924394535,11.60346794128418,0.8115425109863281,4.072552492433938,14.014250196442122,56.78526175032486,4.315309380166025,62.81869888305664,0.5709628462791443,4.359872854163597,nan,,,0.9093977808952332,,Gaia_DR3,6.478240292834148,-24.28872833130267,4.377218919346145,0.02088165283203125,-21.190901319638357,0.016571087762713432
Gaia,DR3,3588633677629652480,175.08779603870994,-9.435260066806405,11.357183456420898,0.8181972503662109,2.406312535718358,14.282661575002507,68.78083162753511,5.371637128170399,-2.2370643615722656,0.5359929800033569,5.267467870630862,nan,,,1.0175015926361084,,Gaia_DR3,7.797944622136978,-29.136591280892915,10.256037047950693,0.025311142206192017,-28.088901240345532,0.016806630417704582
Gaia,DR3,3588535782438110336,175.32926273050842,-9.936868648425321,19.748964309692383,2.6110973358154297,2.398967926751529,14.544545926688143,58.882826864346654,5.630113801841251,,,4.371886374626432,nan,,,1.082273244857788,,None,6.468182612027696,-24.13374918184072,8.352542283490846,0.47881412506103516,-25.290302999686716,0.27124273777008057
Gaia,DR3,3588895395756974976,176.6017481540329,-9.057796395447404,16.663061141967773,2.5676565170288086,4.356830057646719,13.11086708353529,53.514989925648415,5.381530095867797,,,4.266102512231664,nan,,,0.9647257924079895,,None,6.289535766128061,-23.602731756479873,8.554535352826486,0.07745698094367981,-26.800001815169924,0.049276202917099
Gaia,DR3,3594273725603971712,179.43395898553752,-8.065707532116416,17.167604446411133,2.7258358001708984,4.180041840213265,10.906540627689447,47.92543481419125,5.267096532429521,,,4.718611048559497,nan,,,0.9885654449462891,,None,6.889869294098814,-26.147097748846225,5.142563176945668,0.10350078344345093,-22.374033302851352,0.05189744755625725
Gaia,DR3,3588426179169830016,176.87946038957602,-9.672773232710613,17.303075790405273,2.3997230529785156,3.7851791942567643,13.488340949377212,61.05369730814051,5.696100982248137,,,4.982926308074347,nan,,,1.0599056482315063,,None,7.340226565164883,-27.500363262976357,6.63706413432977,0.12177560478448868,-31.413838944799682,0.09020611643791199
Gaia,DR3,3596314556623606272,183.91753731766113,-6.001262493891028,10.868561744689941,0.7172994613647461,4.94764980531193,7.971859730917386,36.428828542872374,4.8508821434934415,14.622260093688965,0.3554689288139343,4.637615409238044,nan,,,1.0749455690383911,,Gaia_DR3,6.633921909071344,-25.81235612179468,1.849664555824976,0.021931586787104607,-26.525384850093076,0.014901038259267807
Gaia,DR3,3597010547483530752,183.87017243776205,-4.912113606048728,17.011613845825195,2.50518798828125,4.854211129420207,6.881906728118492,51.41699638680731,4.342894629470512,,,5.274628986704284,nan,,,0.9265522956848145,,None,7.547041703621568,-29.45571561909365,6.1122050251535835,0.10489996522665024,-24.2523043221303,0.07888847589492798
Gaia,DR3,3597998694903558016,184.06920230033893,-3.673191791269454,18.63176727294922,3.1193695068359375,1.438885298735656,5.652121182238633,39.63476899814122,3.7929972240736074,,,4.9754528344769655,nan,,,0.9784926176071167,,None,7.111420588554108,-27.875467884460086,6.833140089474205,0.23557744920253754,-29.358801706425474,0.15624697506427765
Gaia,DR3,3530802698902122368,191.39734638861833,-9.848780184852641,15.988102912902832,2.329214096069336,1.5715425325418007,14.074318238781851,62.52220793153872,7.462815758650691,,,4.96040861081886,nan,,,1.0268886089324951,,None,6.753896553255208,-27.05130183463867,7.893146447735486,0.06252120435237885,-25.866916345526658,0.04615320265293121
Gaia,DR3,3570015681595250048,183.85155932625935,-14.273991559317098,16.612714767456055,2.385499954223633,3.1884574724274777,16.242677115365417,65.90046323400318,8.589224025561723,,,4.583143187036192,nan,,,0.9842203855514526,,None,6.55829707946305,-24.570788189784192,4.068322660021002,0.07799877971410751,-26.384658641067773,0.06951773911714554
Gaia,DR3,3530347118835397888,190.71589435552812,-11.560278799842683,17.53017234802246,3.0607452392578125,3.756131735751697,15.211275226510363,68.82929088253304,8.1561901661114,,,3.8900246392784337,nan,,,1.0304595232009888,,None,5.324733983332251,-21.0343147023515,6.90677770562915,0.11673398315906525,-18.391397259158268,0.07685549557209015
Gaia,DR3,3576215415347455360,184.52733764292188,-13.363995737621492,14.108628273010254,1.8797101974487305,3.838287427070459,15.353044804847448,65.76292289133417,8.262217935226305,7.178918361663818,2.7000226974487305,4.897359121682058,nan,,,5.511183738708496,,Gaia_DR3,6.982364991020425,-26.373883165871693,7.765324234450868,0.10131510347127914,-30.25845961700495,0.09472960233688354
Gaia,DR3,3598010690748021504,183.81165661153022,-3.5513139991571765,11.269881248474121,0.7388458251953125,4.120050712159092,5.520233634006347,22.992717107088854,3.7060746013583845,6.772845268249512,0.45075541734695435,4.205516566591402,nan,,,0.9142823815345764,,Gaia_DR3,6.019198309275629,-23.570602923988886,6.8214661042887,0.025252094492316246,-27.134103359072185,0.01978829689323902
Gaia,DR3,3578637330225707136,188.09083253125033,-9.932552544186702,16.310781478881836,2.1583986282348633,1.214867288230085,12.671484591668614,51.782704401800245,7.129103717290755,,,4.496208839054933,nan,,,1.0235867500305176,,None,6.27200638036984,-24.57114275596561,7.390529487784761,0.07014859467744827,-24.84477511830955,0.05149437487125397
Gaia,DR3,3591995876813375232,173.0392896277968,-8.38002316202264,18.36359405517578,-0.05186653137207031,3.6257367392958617,14.849245702516974,63.57421052192438,4.639013162784735,,,4.862150257154705,nan,,,0.8448925018310547,,None,7.22999087083379,-27.02910511233391,10.470808434320718,0.215725377202034,-25.210227143708696,0.18457554280757904
Gaia,DR3,3592083975180536704,174.5787298052912,-7.9211257758810945,18.571434020996094,2.980825424194336,3.953486347588264,13.45113274521184,56.1105275396711,4.615099631229851,,,4.659294429145655,nan,,,0.9029944539070129,,None,6.906070130715179,-25.91148611264027,6.667848989117535,0.226970836520195,-29.78738964602939,0.15956242382526398
Gaia,DR3,3597910016714889728,182.46166942286246,-4.151380338000333,14.734319686889648,1.778212547302246,2.954025801751608,6.247485162031322,30.303146396697795,3.824128248862638,10.946649551391602,3.725421190261841,4.010854989915206,nan,,,0.9608638286590576,,Gaia_DR3,5.779920817156831,-22.455338874020782,6.26609421065656,0.03477547690272331,-24.905278916030213,0.026101933792233467
Gaia,DR3,3598016085226947968,183.89847788959975,-3.525026074499108,12.722314834594727,1.0278806686401367,2.685874942981424,5.496075611885663,24.633081148253222,3.704143537496101,-8.537799835205078,1.454573154449463,4.108144486117698,nan,,,0.9230696558952332,,Gaia_DR3,5.877130281549054,-23.025786377356003,7.152148206286192,0.01666933111846447,-21.080296317674026,0.013559908606112003
Gaia,DR3,3575589552714233472,179.54737073653874,-11.080505152456444,15.34239387512207,2.1256790161132812,2.821086417375931,13.692897916528763,59.76977971895046,6.654797112075256,12.723344802856445,4.97382926940918,4.001018043282104,nan,,,1.056788444519043,,Gaia_DR3,5.839511065111063,-21.904008714924952,3.4616291129854315,0.03599457070231438,-21.990623338128955,0.018833979964256287
Gaia,DR3,3578358810186565760,189.22416071533254,-10.683560959539742,17.558698654174805,2.715696334838867,2.312395870781843,13.786163435450238,57.07471400973517,7.596081675144231,,,4.633684188776103,nan,,,1.035513162612915,,None,6.413140810400801,-25.2053027514863,4.345390417152235,0.14058782160282135,-24.296107414501478,0.10387813299894333
Gaia,DR3,3578846615392068864,190.5632318602558,-9.72825402485182,17.246978759765625,2.5861892700195312,3.4554114922097146,13.53706537451478,68.43629321886236,7.315502175342441,,,3.7208284253509722,nan,,,1.0000425577163696,,None,5.0990857523993105,-20.316103140634027,2.492571466377758,0.10618895292282104,-21.05924603312009,0.08359012007713318
Gaia,DR3,3579453374012125952,187.30225111356106,-9.695733497046286,16.507898330688477,2.401341438293457,3.1488084308550324,12.197271371484224,65.89058982334525,6.932017628323601,,,3.6692907583336654,nan,,,1.0573694705963135,,None,5.145213653927206,-20.0866853137726,6.606221054326014,0.07286792248487473,-18.137844818752214,0.0515066497027874
Gaia,DR3,3579628814836168832,186.1785437233629,-9.425030764518883,11.50267219543457,0.8469791412353516,3.0239475286965805,11.653407895589208,50.53111680700654,6.6802652966742775,-30.359214782714844,0.6447724103927612,4.720685245064148,nan,,,0.9135010838508606,,Gaia_DR3,6.666335326570972,-25.895963432064114,9.194592497060686,0.02089453861117363,-24.26378217762818,0.01581631973385811
Gaia,DR3,3572427151114030336,178.40573284411653,-13.769798055967062,13.474267959594727,1.2741432189941406,4.445652219378728,16.596639188552356,67.40693330640458,7.730955581910802,1.1790872812271118,1.6754192113876343,4.300542904311345,nan,,,1.0180764198303223,,Gaia_DR3,6.303313884179882,-23.26442790484815,5.022319813907597,0.01751030422747135,-19.442998514191448,0.011005954816937447
Gaia,DR3,3573791056632365440,181.2400112833275,-13.385226825321576,18.36725425720215,3.1629905700683594,3.238956692275457,15.54928723593343,66.78591209621327,7.8912185534362225,,,4.025122583725784,nan,,,0.958041250705719,,None,5.833428400699601,-21.750875135268096,8.30306941176743,0.20088258385658264,-20.544880315623708,0.1809956133365631
Gaia,DR3,3601337228817541248,181.9931667799626,-2.84856774947054,14.869779586791992,1.8084297180175781,3.4780668772217247,5.11685416480352,25.14302671320382,3.1638580612652536,-1.1890909671783447,5.85917854309082,4.5571079629424895,nan,,,1.0049114227294922,,Gaia_DR3,6.5817682099101615,-25.593273426995957,6.815652077724843,0.03676804527640343,-28.92640147375477,0.027213914319872856
Gaia,DR3,3600840799318022400,180.37777505157945,-3.7807976112216433,17.409465789794922,2.740041732788086,4.084710158358612,6.649158036020758,42.983149199523844,3.403275071820879,,,5.014148021703929,nan,,,0.9926842451095581,,None,7.293758182565989,-28.115404193310887,3.0875883618714544,0.12781719863414764,-27.140503254588406,0.07644613087177277
Gaia,DR3,3601461091379273728,181.84393330630485,-2.053445280756854,18.133760452270508,2.9511775970458984,3.8919437264790027,4.437668149067204,18.212218123610427,2.7762761203521915,,,4.3114099161460935,nan,,,0.890983521938324,,None,6.231240109757564,-24.25158427612673,3.41160132438459,0.21262826025485992,-26.387569486084153,0.15308859944343567
Gaia,DR3,3595156839599297664,179.1201499392411,-7.608198896702561,14.96172046661377,2.0034866333007812,3.0625687121869647,10.61922523202863,46.969272403352996,5.019578771341802,-42.25651168823242,3.506330728530884,4.7199892037248645,nan,,,1.0222338438034058,,Gaia_DR3,6.900118166121162,-26.200777052359477,5.091517893393003,0.031567081809043884,-23.748201220107074,0.016528887674212456
Gaia,DR3,3600031451384916352,175.7834109335146,-4.0888996974230585,18.09635353088379,2.9492721557617188,1.7787345366856988,9.98012630653527,60.39565251187478,2.989952252300024,,,5.373439227917013,nan,,,1.0309797525405884,,None,7.940471201041758,-30.15391753711861,6.601906352223248,0.24342551827430725,-31.659935559973796,0.1394137293100357
Gaia,DR3,3576551140055350144,186.82540018402824,-12.291042127832121,11.801383018493652,0.9111261367797852,4.7344978331108365,14.588953783196438,60.66242604440605,8.04584468446484,22.9542236328125,0.79316246509552,4.153206709546116,nan,,,0.9367004036903381,,Gaia_DR3,5.841531949835136,-22.447780361275502,7.325800373647749,0.018688609823584557,-18.577394015814132,0.018116900697350502
Gaia,DR3,3575687233153980928,179.24843843944026,-10.660865879146113,18.814529418945312,2.8917064666748047,4.243734236011371,13.390058329765557,54.27717526490742,6.429049041833037,,,4.403526759700167,nan,,,0.9702419638633728,,None,6.434365891415516,-24.15842224742169,5.1692406505577715,0.30746880173683167,-20.427598147825694,0.13917629420757294
Gaia,DR3,3576218022392071040,184.50523559262842,-13.314535622569064,17.339813232421875,2.680307388305664,1.7124887015794932,15.30252350429459,68.88955340484287,8.237639909410193,,,3.9004565580653447,nan,,,0.9485663175582886,,None,5.561718396686671,-21.011590971197688,4.162625719280354,0.11310657113790512,-21.170632308365043,0.09021954238414764
Gaia,DR3,3581641363495757824,182.3595918647303,-9.847605862481682,19.38726234436035,2.7425689697265625,1.3367815922948307,11.893224201763054,48.302849008470645,6.427476542175367,,,4.345683510523077,nan,,,1.0365978479385376,,None,6.265513403923721,-23.86374295817385,5.100987926492321,0.43902459740638733,-24.242732852124718,0.31063440442085266
Gaia,DR3,3578189382316761344,188.24909874024587,-11.530409223496791,13.341999053955078,1.3045997619628906,2.277903710873981,14.229620782017559,58.82996784481558,7.8665887743794345,-7.359371185302734,1.284268856048584,4.646573651320916,nan,,,0.9943261742591858,,Gaia_DR3,6.474819291711773,-25.184562206493336,8.186046713428823,0.018286263570189476,-26.61649638484619,0.01441490650177002
Gaia,DR3,3578189485395976832,188.26074659112902,-11.52243545306017,16.772777557373047,2.490786552429199,2.1756455580884415,14.225739424028276,59.22697926655131,7.864328744165972,,,4.687591504326181,nan,,,1.021896243095398,,None,6.531458895924475,-25.407697226476017,8.085459649055515,0.07956721633672714,-26.8934242483403,0.0650608092546463
Gaia,DR3,3575425141366001792,179.8404180297303,-11.06093223936567,17.19182777404785,2.6062183380126953,3.8107461687024062,13.588634775580378,66.70446405715862,6.680640721832141,,,3.7672938452830844,nan,,,2.367636203765869,,None,5.492045350399798,-20.620873371685203,6.469500661362421,0.23312030732631683,-17.756633892753396,0.1582033336162567
Gaia,DR3,3627505055802755200,193.33393569447892,-7.945781399633281,12.542469024658203,1.0943994522094727,4.638145942030978,13.79214168863932,58.98265521026574,6.814589316505446,25.94157600402832,0.8218880891799927,4.792066530363803,nan,,,1.049961805343628,,Gaia_DR3,6.420838436905771,-26.339117750458005,4.962911547765093,0.019923103973269463,-21.886183457969718,0.013909841887652874
Gaia,DR3,3602670794690245376,179.03506615132432,-1.4154671690619747,19.260032653808594,2.832735061645508,3.6115650137923723,5.778762566915132,51.245423762960556,2.1413711453392867,,,3.5887795278582915,nan,,,0.9951189160346985,,None,5.248081771558743,-20.215275169165952,5.755112881769394,0.4433935880661011,-22.90015124403204,0.1836850345134735
Gaia,DR3,3627161458418145024,193.6547953975858,-9.188080217873551,19.498611450195312,3.0835342407226562,2.851705980879341,14.91468529648674,60.41096842573402,7.412949151794504,,,4.351028833780014,nan,,,1.02375328540802,,None,5.81362803908311,-23.76856461887415,5.168060993354546,0.43659868836402893,-26.303349090976276,0.3643289804458618
Gaia,DR3,3627505055802755584,193.3332486709919,-7.942647022783714,12.38424015045166,1.281519889831543,4.472843665890983,13.78942733376161,59.72808311345649,6.813088501941553,24.02049446105957,0.7893866896629333,4.84397452839604,nan,,,1.081102728843689,,Gaia_DR3,6.490427968444407,-26.624816553565353,5.231042561928291,0.019816836342215538,-22.234390212528574,0.013928349129855633
Gaia,DR3,3583910931590115712,184.8390677791892,-7.398047151658459,9.587882041931152,0.694025993347168,3.076350643106159,9.432487827862529,46.483918222105785,5.6004866305247,-22.84636688232422,0.22968554496765137,4.878229539945178,nan,,,0.8740810751914978,,Gaia_DR3,6.943019083344322,-27.007417665323437,5.3247485556000616,0.02092556096613407,-24.28897595245813,0.0153975123539567
Gaia,DR3,3599232935361281024,178.10407730308316,-5.0846684467408165,16.603517532348633,2.4213218688964844,0.7094171478486381,9.012319238067718,42.95490258077324,3.733453411019153,,,3.940742145991701,nan,,,1.0300350189208984,,None,5.782021850863763,-22.0467400931906,6.351747378867046,0.0784369632601738,-21.895933594298192,0.043639298528432846
Gaia,DR3,3599647378228919040,176.41874471182146,-5.261437334516044,18.97675132751465,3.100522994995117,3.0865156611771964,10.269655945701942,62.721568345535836,3.610968864606325,,,3.605242371705759,nan,,,1.0442246198654175,,None,5.318078924713882,-20.175216051748034,6.465907682768025,0.28973689675331116,-18.12940329121355,0.22372198104858398
Gaia,DR3,3580724684332138496,182.04571453037576,-10.860600844156291,16.895671844482422,2.491680145263672,4.88610190450436,12.936497697213698,61.079801965031244,6.849891624202296,,,3.8509328375136973,nan,,,0.9347618818283081,,None,5.560478335666272,-21.057006063378473,1.9966687974810298,0.09709051996469498,-19.31537576934667,0.0905168354511261
Gaia,DR3,3582007539523856768,181.09393987624824,-8.905492922678668,16.287235260009766,2.3209104537963867,4.612046769541079,11.184293754271959,65.62561667581421,5.848990583242678,,,3.6071001425912406,nan,,,1.0216044187545776,,None,5.230978829486948,-19.90348490069456,8.594267292098964,0.07937104254961014,-18.909623041206416,0.049047891050577164
Gaia,DR3,3601572043270139904,180.49184977268294,-2.2384692577216905,9.00782585144043,0.9158000946044922,2.5052113163293,5.302295826533762,61.056171009921265,2.70032214926983,,,5.673499783443673,nan,,,1.5465987920761108,,None,8.248943012131598,-31.909993906066553,9.041362846647921,0.035689231008291245,-29.020367067167435,0.01621018536388874
Gaia,DR3,3579405923213544320,187.88709854594882,-9.743946789474089,17.35222053527832,2.6553573608398438,3.0916630956520943,12.425551503462733,51.924701576069,7.020597680744514,,,4.145103538846031,nan,,,1.1205220222473145,,None,5.790134168067204,-22.676281740498567,3.3701278145302096,0.12074916064739227,-23.877172267771403,0.10918774455785751
Gaia,DR3,3580877791325978752,182.1543828588717,-10.188077951862226,15.174446105957031,1.9641895294189453,4.627337278401243,12.25580077320643,57.7080964987768,6.557946782869794,27.98032569885254,3.5642778873443604,3.872132392941656,nan,,,1.045701265335083,,Gaia_DR3,5.588223531194052,-21.23526510869703,9.360419702995673,0.03909899294376373,-21.04045230567703,0.02689644880592823
Gaia,DR3,3581587732239025408,181.0843180356526,-10.061811027043854,17.78682518005371,2.325993537902832,2.2084506537772097,12.31294675031844,63.81876577428417,6.374521329314819,,,5.283568370343896,nan,,,1.1825389862060547,,None,7.662499037057402,-29.016738586112147,9.225959410189434,0.18655486404895782,-27.11768882177578,0.13954800367355347
Gaia,DR3,3578697253609337472,189.6880522286779,-10.46427588895678,17.73242950439453,2.7043819427490234,3.3067395282396346,13.778312544693787,59.367217599521325,7.54948586312697,,,4.822245523603854,nan,,,1.007487177848816,,None,6.651790046174471,-26.250581009916733,4.298384335652199,0.15308362245559692,-28.650904739752548,0.10015115886926651
Gaia,DR3,3587232002166316544,177.41025151559893,-11.209607515451538,19.076078414916992,3.1802291870117188,3.0667158092017344,14.595703108317153,59.29735176859275,6.459118844237869,,,4.5161757886528235,nan,,,1.0382267236709595,,None,6.641621184169912,-24.757929635636124,5.947044828096823,0.3285955488681793,-21.922067928973195,0.21925589442253113
Gaia,DR3,3601421135298592896,181.52303612932243,-2.444689168126304,17.0142879486084,2.6467456817626953,3.371163333979114,4.9294083337194365,32.0537881842307,2.9199261866188735,,,3.8696794535249732,nan,,,1.0091346502304077,,None,5.6010399429266,-21.752214681541624,5.124817936377595,0.111997090280056,-24.460752907413422,0.08203090727329254
Gaia,DR3,3601405432898178048,181.8378619969223,-2.539480290448664,17.457271575927734,2.7051467895507812,3.1295935079415482,4.884748598619306,20.782022157055923,3.001645389812502,,,4.17885056189673,nan,,,0.9835350513458252,,None,6.039823207890997,-23.484362998339858,3.3866507062680595,0.13616445660591125,-24.23382994826543,0.09455619752407074
Gaia,DR3,3599276812747189120,178.12258503700969,-4.780068949214532,10.332927703857422,0.9702110290527344,3.791105754632105,8.764624383206872,37.69035697602207,3.594648212460676,-7.6529107093811035,1.4940011501312256,4.554754807572799,nan,,,5.334873199462891,,Gaia_DR3,6.6825019178188825,-25.500404532808076,10.245624034399325,0.10215959697961807,-24.755400074253526,0.0601455494761467
Gaia,DR3,3601572043268663296,180.4892610678725,-2.238248732868165,17.856243133544922,1.005044937133789,2.362542153618754,5.303696896515768,57.248482683250394,2.6999083579700542,,,5.544712534960616,nan,,,1.0726062059402466,,None,8.061781297214964,-31.185670156187328,9.230719424300146,0.21206043660640717,-28.683743567281702,0.11711571365594864
Gaia,DR3,3625695500181643904,193.5539856199899,-11.03075986635324,10.563599586486816,0.6805915832519531,4.627167204586615,16.267961508513952,67.61408084995254,8.230865209371384,12.388224601745605,0.32790279388427734,4.7898044014761485,nan,,,1.0291513204574585,,Gaia_DR3,6.405546621122081,-25.913262788011426,2.098332012731415,0.02160533331334591,-24.102836818191037,0.01572829857468605
Gaia,DR3,3582849593631529088,185.86716188887044,-8.307779670367742,12.14754867553711,0.9730768203735352,4.089621350769842,10.496535498250303,42.69301486734627,6.135914168070023,-15.426301956176758,0.6949382424354553,4.3438509965966405,nan,,,0.887661337852478,,Gaia_DR3,6.145708201955173,-23.94843595135579,2.70704140586349,0.016726847738027573,-22.46504977485111,0.012226606719195843
Gaia,DR3,3582090655731376256,183.07294138267775,-9.150646428257199,17.675235748291016,2.6293182373046875,3.3092092919313463,11.13751150021779,45.95678395907874,6.194218656929899,,,4.204099497765925,nan,,,0.9614320993423462,,None,6.040146270306388,-23.1419018166419,8.116996167810289,0.14464369416236877,-21.071092494734206,0.11203187704086304
Gaia,DR3,3583910931590115200,184.84074309466047,-7.3997136528019505,14.75659465789795,1.9521818161010742,1.5128194595191542,9.434340391861237,44.58906237988315,5.601445616283089,-19.694673538208008,6.975069522857666,4.795306031516182,nan,,,1.1609879732131958,,Gaia_DR3,6.824932537295757,-26.54813647041695,5.718836247930274,0.03825479373335838,-25.492043872293188,0.025670260190963745
Gaia,DR3,3583252289765388288,186.64380228600822,-7.902736917715241,13.870969772338867,1.4191207885742188,2.347076796152846,10.292571677889567,58.59442437567968,6.0408408205427735,-18.308076858520508,2.238407611846924,3.6823645677291976,nan,,,1.093000888824463,,Gaia_DR3,5.18518750194468,-20.32504218513679,5.821900670012283,0.023410864174365997,-22.032155176427594,0.018425025045871735
Gaia,DR3,3580000587205357440,189.30767333317428,-8.289896636277524,14.299485206604004,1.801325798034668,1.0431392293868746,11.673341984433568,61.65209046361129,6.521949974271827,19.039106369018555,2.615680694580078,3.718788011596369,nan,,,1.3898289203643799,,Gaia_DR3,5.1438259460738704,-20.45879519101571,4.623416752690673,0.037530042231082916,-21.089615176101773,0.02722492814064026
Gaia,DR3,3582392123779246336,182.36638230161842,-8.309617183124884,12.608036994934082,1.0990095138549805,3.8610806849579613,10.366075693316724,42.35018892354861,5.727279400009927,12.298818588256836,0.9002420902252197,4.413160438600092,nan,,,0.9844713807106018,,Gaia_DR3,6.3625926546418565,-24.38604471713169,3.3044677512579144,0.02022395469248295,-22.501597149660874,0.016815748065710068
Gaia,DR3,3587138616693833728,177.08469683827104,-11.695372568616122,18.084550857543945,2.862071990966797,3.8957780522757908,15.172196414049072,61.494653177312934,6.6404018522963995,,,4.509972404520392,nan,,,1.0122634172439575,,None,6.639331883153349,-24.67857858236083,6.363559766368333,0.17777957022190094,-20.98495783634783,0.11019972711801529
Gaia,DR3,3588078385600998400,178.14526530336803,-9.330710238293388,19.026485443115234,2.925100326538086,2.8104767075087556,12.590331383612106,51.61668811853994,5.691734415195852,,,4.2351777729037146,nan,,,1.06301748752594,,None,6.213149759951245,-23.381263415159605,6.293607816495585,0.31071263551712036,-20.873309393430027,0.2108575850725174
Gaia,DR3,3626673236601697792,193.53455107399557,-10.022967257217157,18.57274055480957,3.3012752532958984,3.3428753483009435,15.468476537053839,62.605363731403,7.776396000357089,,,4.499063400500144,nan,,,0.9594559073448181,,None,6.017750816176134,-24.474313929907098,9.055268302477671,0.30515286326408386,-23.565562903901544,0.28663370013237
Gaia,DR3,3587889303960862976,179.61988314103712,-9.408212296860185,18.91095733642578,3.2459182739257812,3.703557019038492,12.087570441409447,66.66018570913656,5.903239615319048,,,5.433696099143551,nan,,,0.9992598295211792,,None,7.92826896796381,-29.95565643618312,10.830577400361635,0.2908148765563965,-33.04985623950378,0.13860851526260376
Gaia,DR3,3584838644526413440,185.60782819667136,-5.123515206261251,15.155625343322754,2.41446590423584,2.5609975872394637,7.338064930557475,60.65231430921399,4.644449462955303,24.079587936401367,7.385788917541504,5.565582070402579,nan,,,7.625436305999756,,Gaia_DR3,7.886337536973699,-31.040028928716364,5.053869561140488,0.4650050401687622,-32.042905308918954,0.4236496090888977
Gaia,DR3,3584840603030333056,185.81004336036978,-5.138223819299887,19.153522491455078,2.7265701293945312,4.941179033472815,7.4066576047495705,53.21355984829789,4.674834050115191,,,3.6205797218777835,nan,,,1.0726557970046997,,None,5.124164425048674,-20.18994712382913,2.5761859566945824,0.3688083589076996,-17.4094625528707,0.22097384929656982
Gaia,DR3,3587997163476954624,178.2525099257555,-9.832615245501271,15.186090469360352,2.164487838745117,2.0582139236242756,12.996475368095059,53.056297783198424,5.933590492450394,13.521801948547363,4.439872741699219,4.4998751965951875,nan,,,1.0204477310180664,,Gaia_DR3,6.599018316893221,-24.792195076056164,8.548913517888991,0.036458514630794525,-24.89225146742003,0.02422213926911354
Gaia,DR3,3584665467148759296,184.81760463149766,-6.025779942705414,18.487812042236328,2.8986663818359375,2.1410809086664364,8.068682127395581,37.39206762450537,4.967850113132822,,,4.0030441041612255,nan,,,1.0619210004806519,,None,5.698084731631241,-22.269241019462864,7.386962576486673,0.21858453750610352,-22.911337766224626,0.1680428385734558
Gaia,DR3,3587508945954097664,176.39222072678487,-10.686941608863918,18.602935791015625,2.3932762145996094,2.5393690251759775,14.605534024471087,66.7860417372763,6.099875563894674,,,3.8775913760666643,nan,,,1.4336990118026733,,None,5.720259698596549,-21.32330451006075,3.9782477690656908,0.3673652112483978,-22.45211550425816,0.2278461903333664
Gaia,DR3,3680973997023013504,186.21818879422995,-4.51478445074997,19.282480239868164,3.1879940032958984,4.028948295226204,6.946799255073404,30.74086421967412,4.4345082382766545,,,4.530503353237578,nan,,,0.9964204430580139,,None,6.396225736444871,-25.30760864580544,6.57219738551742,0.4020357131958008,-29.151533176315077,0.3099094331264496
Gaia,DR3,3592906311094582272,173.4325458140461,-7.570702669705559,16.59291648864746,1.720442771911621,3.45741508769921,14.011775802184038,57.6023759961877,4.314265478335083,,,4.598817359153953,nan,,,1.1200186014175415,,None,6.8332687262276615,-25.620050605029682,3.4944704557148567,0.07583492249250412,-25.915944376706705,0.05984734743833542
Gaia,DR3,3627065491669835392,192.7636439637082,-8.67520229922491,17.038955688476562,2.8950910568237305,3.792958892075559,13.94792952165413,57.66257856433112,7.083084427925219,,,4.6327639764248065,nan,,,1.009832501411438,,None,6.2376979861295965,-25.38602396158232,8.498789031038251,0.1062367632985115,-28.320223153702266,0.07453969120979309
Gaia,DR3,3588706279756848768,175.97959082305616,-9.132523805606503,6.624856472015381,1.1760501861572266,3.6367037275044334,13.517452892371335,66.6044578109979,5.34073624809414,38.385494232177734,0.11955839395523071,5.264116261474285,nan,,,1.2334256172180176,,Gaia_DR3,7.774748864894468,-29.129933294366957,10.666283886686134,0.03975153714418411,-26.314558219802986,0.020263459533452988
Gaia,DR3,3675815221609622144,191.95831688383893,-7.2623180956470925,15.682174682617188,2.2015609741210938,1.7186476044245926,12.360144322052872,51.144767534027686,6.351143223354784,,,4.186091073363211,nan,,,0.96727454662323,,None,5.674003551591378,-23.09570068477568,4.706821641384179,0.05296722799539566,-24.263947970669896,0.04196111857891083
Gaia,DR3,3588633677629652352,175.0861161087435,-9.436532110659767,11.518503189086914,0.8536863327026367,2.2786349698196298,14.284679119033246,69.35452630427974,5.372016301204289,-2.270627021789551,0.2801240086555481,5.296445523512107,nan,,,1.2025943994522095,,Gaia_DR3,7.840875826388631,-29.296783368421373,10.273175005089461,0.026931211352348328,-28.55055665186214,0.017632942646741867
Gaia,DR3,3587184967980922624,177.47396539546855,-11.220953178643729,12.905217170715332,1.3789491653442383,1.0328298065954058,14.578804031032856,62.70292263322138,6.471868170587962,13.469293594360352,7.528438568115234,4.031214290348351,nan,,,1.0806752443313599,,Gaia_DR3,5.927204694909884,-22.09697260835172,5.415301902818875,0.023858683183789253,-22.809957737099698,0.014691166579723358
Gaia,DR3,3593452115538656256,175.11442231528608,-6.460855375657821,13.783245086669922,1.4640388488769531,3.748796132121364,12.035885798694542,50.122207641541245,4.0070091519108155,18.271013259887695,2.174989700317383,4.160736392022664,nan,,,1.0211474895477295,,Gaia_DR3,6.159133746308729,-23.228110199536737,3.7488057494365057,0.0205382127314806,-25.464700150150755,0.013600044883787632
Gaia,DR3,3588025819496958208,178.33225462064067,-9.449483006272093,17.570159912109375,0.9834537506103516,4.420536351158424,12.616409595286054,63.34806287473059,5.768354792073525,,,5.225551272660977,nan,,,4.768088340759277,,None,7.661080128842935,-28.831671515053273,4.161689748641167,0.46957123279571533,-32.21808967916859,0.2679674029350281
Gaia,DR3,3587452969643675520,176.6151141501146,-10.857540213959089,18.802602767944336,2.980073928833008,4.967341671236357,14.644662198596132,63.939497822254395,6.204176548684314,,,3.9876722581573065,nan,,,0.9888713955879211,,None,5.878811895775901,-21.90896674312938,9.632623127711037,0.2615792155265808,-23.73812340759348,0.15878283977508545
Gaia,DR3,3679940456093890304,188.0610559306344,-5.481368005000365,16.63973617553711,2.327014923095703,3.3092814511704156,8.619329183484645,37.237359313580164,5.093622972666108,,,4.559406347836497,nan,,,1.0140705108642578,,None,6.361439659102141,-25.37382580585534,9.452338871809584,0.08040281385183334,-24.6230338222983,0.04998156055808067
Gaia,DR3,3685838545702758784,198.079531491594,-1.0594898620420627,19.147850036621094,3.0613269805908203,1.8437286496124607,14.67280841630924,65.4823348823948,4.155998989900185,,,3.9315679633328666,nan,,,1.0655003786087036,,None,5.033852620810018,-22.123332899361394,6.543567636556793,0.37170442938804626,-21.886953591982127,0.26949164271354675
Gaia,DR3,3682178821249798784,191.71321180039476,-2.88226720380271,15.366483688354492,1.976297378540039,4.065634221899543,9.347195260941158,40.440585892102156,4.307657698562192,8.210132598876953,6.947760105133057,4.08328740979675,nan,,,1.0241955518722534,,Gaia_DR3,5.545640738375505,-22.881707690733474,8.052407872952683,0.04643223062157631,-25.323827215059598,0.03643088787794113
Gaia,DR3,3595926390363171712,179.0263433994878,-6.0473711566110175,18.001447677612305,2.544414520263672,4.929479781130867,9.285402071129752,44.07642850371114,4.28967226086962,,,3.93817150315213,nan,,,0.9946087002754211,,None,5.759205306230147,-21.96735429369957,6.055937242155332,0.21435104310512543,-26.049066925004272,0.14151935279369354
Gaia,DR3,3676504757134903296,189.6706275808713,-6.9281200479705385,13.262986183166504,1.1493549346923828,4.715278400394205,10.696342225036432,45.4117032908273,5.941500839482575,-25.42103385925293,1.5380492210388184,4.10969758910942,nan,,,1.0501304864883423,,Gaia_DR3,5.669625077812301,-22.73302011419902,5.626065253952454,0.01906166411936283,-18.648097601259323,0.01729539781808853
Gaia,DR3,3677046537193608576,190.5230976125317,-5.480475040178981,18.96220588684082,2.6040191650390625,4.986607830259211,10.08219110866572,55.61380334311534,5.3736934216162195,,,3.727500009547468,nan,,,1.0773932933807373,,None,5.1097897522847795,-20.72303596941059,2.996184745029536,0.36587539315223694,-24.022568490458028,0.31233617663383484
Gaia,DR3,3593986714412683904,180.00127351443135,-8.717245703520293,18.500606536865234,2.986818313598633,4.784914897457767,11.310230431287266,45.9740012190114,5.633127537165629,,,4.330673328474605,nan,,,0.9853067398071289,,None,6.309279487577447,-23.93168396627096,10.245291741970595,0.30298781394958496,-22.0367963840962,0.15133902430534363
Gaia,DR3,3678809024268961280,192.2242790101635,-4.401330697310716,13.403358459472656,1.5235366821289062,4.601143783685206,10.619783359034232,69.37912876314041,5.067493619659558,19.30752944946289,1.1909794807434082,5.680672255617714,nan,,,0.9846336841583252,,Gaia_DR3,7.683084596708903,-31.679747048314667,3.5284031986272026,0.021507421508431435,-28.060429952728338,0.017769012600183487
Gaia,DR3,3591536693268259968,171.82719504476995,-7.748840756698938,18.1989803314209,2.9041061401367188,3.9297292318336203,15.335109267783528,69.59694476666049,4.2005145520857665,,,3.8809594897805133,nan,,,1.0461201667785645,,None,5.782643646149597,-21.63158912610716,2.960632269591954,0.1964099407196045,-23.172060238411788,0.15819768607616425
Gaia,DR3,3594880793460919296,181.1155603847961,-6.897664491459852,16.503999710083008,2.529560089111328,4.014219116864515,9.239144943241925,37.69783206510969,4.9315276177675695,,,4.367246837521477,nan,,,0.9046517014503479,,None,6.332734010505823,-24.271579856518024,8.302243436895449,0.08718249201774597,-21.144369320086806,0.054714251309633255
Gaia,DR3,3591593597290272256,171.50425781088774,-7.550013574791666,16.77286148071289,2.724325180053711,4.1202344998070535,15.463782868635136,64.90951976668383,4.069323841350702,,,4.801116180791613,nan,,,1.2497419118881226,,None,7.156989645769833,-26.78023500507092,10.761975356799182,0.1183200255036354,-24.683921127518396,0.09817979484796524
Gaia,DR3,3592291649734273792,175.89668103324902,-7.6620953556464775,19.724571228027344,2.83087158203125,3.1138839812323096,12.39579676182061,57.20104845793373,4.655789892045895,,,3.9045617941452857,nan,,,1.0046429634094238,,None,5.768093879433179,-21.713474309876187,7.517273211647468,0.41253742575645447,-19.84001014866372,0.26901155710220337
Gaia,DR3,3683103957205358976,189.2400807258122,-2.8183359963786394,11.94132137298584,0.8793697357177734,3.996756182497883,7.304687549049774,45.27210435332541,3.9977773365691807,-24.747156143188477,0.5553287267684937,3.751926345561254,nan,,,1.1168696880340576,,Gaia_DR3,5.192174298522216,-21.039554289373847,6.382661394815806,0.029064441099762917,-23.968032647660678,0.01935845986008644
Gaia,DR3,3686449010879081600,200.2803353097277,-0.9987913421716598,17.869712829589844,2.8397293090820312,3.757273461023691,16.82124642910567,67.81764618114416,4.358082763803562,,,4.452091230414143,nan,,,1.0425801277160645,,None,5.5640346262280795,-25.05271966296798,5.556263580577793,0.1695958822965622,-28.579083457634503,0.134494349360466
Gaia,DR3,3682900581913828480,189.78059758683258,-3.00331458212792,10.658524513244629,0.651641845703125,3.173815610295688,7.836835279665254,32.99699045582822,4.145261357700527,-23.007211685180664,0.25491708517074585,4.465734159817946,nan,,,1.063162088394165,,Gaia_DR3,6.1558466071563025,-25.027013066023297,4.319337079335878,0.024477669969201088,-27.383869295823295,0.019257742911577225
Gaia,DR3,3679009307183984128,193.84000451248937,-3.7786095761227347,17.589662551879883,2.6383838653564453,3.808831060116951,11.632753691747755,49.308128282508385,4.959059406472136,,,4.104754386157494,nan,,,1.1395552158355713,,None,5.475630829600714,-22.927321064263854,6.308336495891626,0.14450183510780334,-26.116265461356647,0.11482392251491547
Gaia,DR3,3595919488351424768,178.88355628439245,-6.0858104249017755,17.465747833251953,2.8001441955566406,1.6927328899905467,9.391080248822579,41.96299572861127,4.290227748565686,,,4.67454908889796,nan,,,1.0589817762374878,,None,6.83970416664325,-26.073875027173017,8.463968531652103,0.12885378301143646,-26.45372941333847,0.07506705075502396
Gaia,DR3,3682225619213384448,191.21084298446002,-2.838378840870009,17.451980590820312,2.5114803314208984,2.658112683524785,8.897975921708058,66.70670537216186,4.230814382584484,,,3.47794669355886,nan,,,1.0013347864151,,None,4.74240934578322,-19.494001858414858,4.035017070107549,0.12705525755882263,-17.67802457966139,0.12383157759904861
Gaia,DR3,3683504999776307968,191.060420601095,-1.598555419529867,17.55573844909668,2.6302032470703125,3.885870061568585,8.159654217654541,33.282884703135956,3.6379363345832925,,,4.333164057554778,nan,,,1.0397685766220093,,None,5.915517287151202,-24.365947265876326,9.012239323787096,0.12664741277694702,-22.630931339952834,0.1143258661031723
Gaia,DR3,3594359792451913088,180.39906694589595,-7.631608104635293,18.85080909729004,2.9816722869873047,4.296391391977185,10.155480934038238,48.51344881039695,5.183266498110083,,,3.9047811535491515,nan,,,1.0086159706115723,,None,5.679530288111221,-21.656966337211315,5.994048162617982,0.35834747552871704,-25.179601434554172,0.1838809996843338
Gaia,DR3,3594709437149013632,182.07436274819935,-6.809007999799087,17.70003318786621,2.7886905670166016,3.376482646143988,8.929610450752953,36.51539376780696,5.004728244364823,,,4.379914518815035,nan,,,1.0251165628433228,,None,6.3234386919062535,-24.336429971557568,8.092461249320875,0.15951311588287354,-21.769323245721367,0.09562470018863678
Gaia,DR3,3595135089885063168,178.46625972841093,-7.36683544686788,18.126554489135742,2.8613452911376953,3.4316859130160253,10.706316523197684,58.32355814826337,4.830151233339405,,,3.7163873548826745,nan,,,0.9938324093818665,,None,5.445949457607833,-20.654112413855536,7.717994216646833,0.1846679300069809,-22.091530302038155,0.13186872005462646
Gaia,DR3,3600161232412943744,176.6415346127989,-4.089477659658359,19.04899787902832,3.1697425842285156,3.0415304938453924,9.313482097929048,65.36797815261711,3.094744339042439,,,5.617438749420279,nan,,,1.0975173711776733,,None,8.280839914279566,-31.51426876392111,7.785931901725497,0.3396410048007965,-27.946613673250923,0.18962520360946655
Gaia,DR3,3595436557932538496,178.81918654059868,-6.8363191668987024,17.891862869262695,2.74078369140625,2.8643810716392477,10.072222906831913,66.5560335900174,4.628465925827248,,,3.5313789326703175,nan,,,0.9883370399475098,,None,5.168262041662138,-19.654596572362117,7.20954103520478,0.14252805709838867,-19.03794209337298,0.07216200977563858
Gaia,DR3,3690861900796566272,197.4318777880036,0.903291120662367,18.79261016845703,2.9127883911132812,1.4985188112005234,13.748292287965862,64.32270583700752,3.171098159837955,,,5.116320723839321,nan,,,0.925690770149231,,None,6.595029019951818,-28.925624391760003,7.957240696775137,0.2871398329734802,-29.795495795763955,0.2119883894920349
Gaia,DR3,3600866702264641024,180.3168619525248,-3.5163512962920573,18.202720642089844,2.87744140625,3.922283982418042,6.453897067300787,33.60702487577861,3.27323837336945,,,3.941163611780426,nan,,,1.0081151723861694,,None,5.73440596122102,-22.112147894526068,8.217850301447239,0.19030214846134186,-24.222157325443362,0.11912525445222855
Gaia,DR3,3601572043268663424,180.48945011257265,-2.237955860707097,17.807632446289062,1.5493030548095703,2.409017208881541,5.3033495733327465,53.10151216281858,2.6997947953455643,,,5.4094641218606965,nan,,,0.9797518849372864,,None,7.865129495459017,-30.424993985151428,8.975401275332572,0.23750701546669006,-27.91217946489989,0.13665084540843964
Gaia,DR3,3597642629230714880,180.66721404523588,-4.6133639935955975,16.451223373413086,2.5029830932617188,1.0885075794078933,7.25417296275434,66.29956308523231,3.8238495909678862,,,5.775603843592587,nan,,,1.037285566329956,,None,8.391178643905702,-32.31797032795095,7.344992274033652,0.07586733251810074,-33.131581055194154,0.04607478156685829
Gaia,DR3,3597692897527948800,181.37830033374001,-4.491081834639908,16.47099494934082,2.320859909057617,3.685238991446568,6.870128375679068,28.04135548602864,3.8523119368386434,,,4.285014756738054,nan,,,0.9679407477378845,,None,6.206249471434664,-23.9785111363182,8.578959278245337,0.07677996903657913,-21.64350382576019,0.05910954996943474
Gaia,DR3,3596912484790751360,184.6846941148751,-4.775651750383308,18.006330490112305,2.588184356689453,4.035798445639099,6.81229540956344,31.791119020569525,4.375710802512564,,,4.030322639457598,nan,,,0.9794475436210632,,None,5.7411822885680275,-22.50891294492928,6.176588732878571,0.16607345640659332,-25.91010228778952,0.10728365927934647
Gaia,DR3,3692906099071169536,196.40626339862828,4.232531966877359,13.175055503845215,1.2035560607910156,3.6534123770870317,12.867230523035976,57.488609719997605,1.499683297276631,-5.520724296569824,1.3034647703170776,3.9592185619466944,nan,,,4.239739894866943,,Gaia_DR3,5.156402658567547,-22.493085503043474,7.084051483051388,0.0712057575583458,-20.130381185141818,0.07275674492120743
Gaia,DR3,3694503861265294080,184.32334744318277,-2.1992571694277183,19.162288665771484,0.1682872772216797,0.1608503484542728,4.210800148005364,27.583370108693657,3.1385995553724335,,,3.9173767299847,nan,,,0.9385116100311279,,None,5.591418327852069,-22.01990136242762,5.64475928632941,0.37533268332481384,-21.898247898876573,0.32775306701660156
Gaia,DR3,3625964051600795136,195.50756825821006,-10.669538462064667,18.924625396728516,3.029560089111328,3.106959279396106,17.241712980362905,69.84609739475584,8.279582166598107,,,4.619037454928745,nan,,,1.150997281074524,,None,6.068230706680313,-25.000808996221956,4.102274928445094,0.325068861246109,-22.7012708883234,0.26217636466026306
Gaia,DR3,3599004855417779584,179.0125769163969,-5.190366456214421,17.796937942504883,2.6522750854492188,4.037287958151376,8.565128438082267,47.608201338357894,3.8920312797408787,,,3.7862672275201215,nan,,,0.9843305349349976,,None,5.537343466950567,-21.16902686194819,4.73072225223446,0.13070756196975708,-18.049116864234374,0.08517841249704361
Gaia,DR3,3601084547302236928,179.9293524852109,-3.057408081919938,14.632217407226562,1.759629249572754,4.140695895086196,6.2942548132339615,42.72713039763317,3.013474234287079,3.658362865447998,3.311119318008423,3.744279815776647,nan,,,1.0547376871109009,,Gaia_DR3,5.456553274587003,-21.029520629369582,2.462547440957353,0.03307591751217842,-19.718697831576332,0.018058255314826965
Gaia,DR3,3600899898068008192,180.47905353276198,-3.198937523135423,17.537830352783203,2.8918304443359375,4.651343975945352,6.098910821168162,31.837600479315597,3.1453333846545126,,,3.954710693935408,nan,,,0.9557927846908569,,None,5.750230898296218,-22.202033187463105,9.623273454352441,0.12800610065460205,-22.010172952932333,0.060103144496679306
Gaia,DR3,3601405432898177792,181.83748154975245,-2.5403132297939575,17.653560638427734,2.398744583129883,3.339467650280221,4.88566367840527,21.374740801529125,3.0019872275725934,,,4.427803193763212,nan,,,0.9205892086029053,,None,6.399653497856762,-24.883391613011653,3.3114893481772274,0.15060614049434662,-24.4593296091698,0.10371965169906616
Gaia,DR3,3598848484249135104,177.64774470310448,-5.346591073507537,15.747023582458496,2.063953399658203,4.677196314066683,9.5026365226763,43.28672972448394,3.799453749421038,,,4.723267897158589,nan,,,1.0215942859649658,,None,6.940814572356052,-26.41249750137796,2.657487856215886,0.046287912875413895,-28.240634377604103,0.036844003945589066
Gaia,DR3,3689456694872335488,195.1304233106944,0.30530722137652594,13.601669311523438,1.229323387145996,2.645606217062196,11.527965240799048,63.12459301727467,3.202356566929957,0.3573460876941681,2.2788312435150146,3.677225326394464,nan,,,1.101204514503479,,Gaia_DR3,4.848115351240865,-20.761725499949325,3.7129115333273583,0.02255931869149208,-19.05369934634372,0.019557081162929535
Gaia,DR3,3697265976209492352,187.26198220692993,1.2338873108009802,15.452921867370605,2.0426464080810547,4.901799509497599,3.615557325460406,14.805125245214322,1.8812895297303012,,,4.259455451095142,nan,,,1.0240641832351685,,None,5.974317781749921,-24.075323470205973,4.729740105152737,0.04497235640883446,-19.853446059029263,0.03303580731153488
Gaia,DR3,3691574182468064256,197.65746999725664,2.2392221304083786,19.78508186340332,2.6721668243408203,1.453081813808504,13.930290189329424,58.33071004198235,2.569409686042988,,,4.127566419233701,nan,,,0.9444730877876282,,None,5.308147338783795,-23.39445197940729,4.776853112667452,0.49453094601631165,-22.24712149325434,0.3260418474674225
Gaia,DR3,3688120135409420800,199.80380548367782,1.2442200811501267,11.483816146850586,0.8431940078735352,4.609346956888127,16.093263997124673,65.20512855883148,3.2613243410229966,-10.614837646484375,0.49167370796203613,4.555145396462895,nan,,,1.0325356721878052,,Gaia_DR3,5.723737895101449,-25.77585206161312,9.762181960562426,0.03003448061645031,-23.964115593432535,0.022355230525135994
Gaia,DR3,3691131835197122560,197.08115659727287,1.4273153172837292,17.008718490600586,2.469620704650879,3.549532225990714,13.365798051492002,54.17489728803361,2.8883913825365948,,,4.378250450660359,nan,,,1.076804757118225,,None,5.663851633711642,-24.777760144651662,4.413015567738205,0.10969086736440659,-27.805718389789725,0.07528219372034073
Gaia,DR3,3602517279672916096,180.88419050932137,-1.1451650568980656,12.485167503356934,0.9792375564575195,2.6506385657699854,4.2112129319653056,53.93395648122652,2.238246272573484,41.32630157470703,4.354959011077881,3.5108732356068373,nan,,,1.0209804773330688,,Gaia_DR3,5.096085774668052,-19.78039823506564,6.404406406389287,0.01997554488480091,-21.242245033027288,0.009673161432147026
Gaia,DR3,3625944299047092608,193.8577581536735,-9.982918879622067,16.650121688842773,2.2287826538085938,3.625623311459622,15.643376576147128,66.89529433600677,7.793545597939621,,,4.038493901596453,nan,,,0.9544086456298828,,None,5.386395285092519,-21.968226752434838,8.471669154298507,0.07653217762708664,-22.061811448332865,0.05199209973216057
Gaia,DR3,3626989968964978944,193.21384520601583,-9.100336165158645,11.954895973205566,0.9772052764892578,4.035091406912826,14.560414026966345,59.7128259123474,7.325057237110159,11.00699234008789,0.929797887802124,4.606326245589509,nan,,,2.7011141777038574,,Gaia_DR3,6.1783635647663875,-25.181697269477898,2.308242048506009,0.06230703368782997,-24.569035694798878,0.04527662321925163
Gaia,DR3,3627283877871581952,194.97681902959224,-8.3571167977313,18.820959091186523,3.1163673400878906,2.528252539662905,15.25054202587863,62.16513651158454,7.180357198394706,,,4.586041501428253,nan,,,1.0201570987701416,,None,6.054967347824343,-25.13332015564792,5.5269116486521535,0.33284977078437805,-27.51987175162203,0.2681657373905182
Gaia,DR3,3601048710095011456,179.3703063338826,-3.0518124847691395,12.86227035522461,1.0154123306274414,2.3086594970459577,6.6414893139696485,33.484404819721014,2.9434894556998312,-1.9474092721939087,1.1417590379714966,3.9613910369276133,nan,,,0.9951003193855286,,Gaia_DR3,5.7856324143614115,-22.25216062386416,6.715204710609669,0.021753385663032532,-23.94122554287321,0.011098789051175117
Gaia,DR3,3695739166873845632,188.403955574818,-0.36853057412323076,19.800554275512695,2.4481544494628906,1.97827858444651,5.233436341387703,39.559278670268675,2.7618424712836767,,,3.7501320922278008,nan,,,1.1182008981704712,,None,5.220144556224769,-21.1459438592813,5.987181439350597,0.5438477396965027,-22.508889830257296,0.37914860248565674
Gaia,DR3,3697652381531158656,183.7200297065904,-1.2019919688684995,19.218889236450195,3.0748844146728516,4.912183909060022,3.170157414089238,19.58958193843719,2.603000903596463,,,4.559991155406527,nan,,,1.018267273902893,,None,6.5296946411479855,-25.682194690201587,5.990164883207373,0.43138736486434937,-20.99107577938629,0.2978331744670868
Gaia,DR3,3676322783664697472,190.63165811260183,-6.921148379650247,17.494670867919922,2.7278270721435547,3.7795935940531455,11.251682376053944,65.32750915482562,6.046817132493376,,,3.6166395798509208,nan,,,1.0867825746536255,,None,4.95371550662073,-19.99614494872859,4.836647207487997,0.14999309182167053,-22.87541872984391,0.14206233620643616
Gaia,DR3,3676667794092705920,191.51118054062184,-6.684048615914755,19.52703857421875,2.702016830444336,3.6527377178623084,11.633525278429302,58.842712543314185,6.0369627650391084,,,3.779366996535174,nan,,,1.0296130180358887,,None,5.141184278395084,-20.90640625632664,7.1520283842708166,0.5960521697998047,-18.802598967501748,0.5444591641426086
Gaia,DR3,3688634054016457728,195.2635795671944,-1.2794741449755485,15.986767768859863,2.174121856689453,4.9714151143763115,11.989680855006345,53.73294771642562,3.9558556668841334,,,3.968591930534971,nan,,,1.057757019996643,,None,5.225735928054668,-22.323804130020505,8.706764855203616,0.06800409406423569,-24.60003371232461,0.05000730976462364
Gaia,DR3,3688981843288175104,193.9239987652897,-0.4259501678431009,13.270528793334961,1.0147504806518555,4.875881471263823,10.479116124422445,59.113596049221755,3.4113552739326245,28.209150314331055,2.2516367435455322,3.6846119019597308,nan,,,1.9601736068725586,,Gaia_DR3,4.911516836290849,-20.770733689616677,7.660605380982308,0.05070103332400322,-18.165626739039862,0.061351824551820755
Gaia,DR3,3691023773819779072,196.54964134430273,1.1017899572291574,16.651002883911133,2.5039825439453125,2.304323450153564,12.853762580376497,54.27967807270527,2.9837347333123088,,,4.105319340398638,nan,,,1.0681239366531372,,None,5.339115813239701,-23.217629254223883,6.491804109606112,0.0936632752418518,-21.590244519148236,0.06098499894142151
Gaia,DR3,3676018051439932288,192.16764027163833,-6.486127718184256,19.173927307128906,3.081239700317383,1.9809289962899759,11.941126945241635,49.70634090390892,6.019560682126672,,,4.580046626981446,nan,,,0.9765530824661255,,None,6.197378106385104,-25.34749765725467,8.079596366934053,0.3972718417644501,-25.007801213625836,0.34181660413742065
Gaia,DR3,3675722592049894016,193.28974845234572,-7.205094047547571,18.98595428466797,3.2036914825439453,3.8564191912573063,13.241360542988089,59.376558258669625,6.472337464443035,,,4.932545559160517,nan,,,1.0011018514633179,,None,6.611588440965886,-27.20128285694558,7.011117866279161,0.37364599108695984,-31.191351129128567,0.27486950159072876
Gaia,DR3,3678375129492953472,192.88761427676943,-5.305867819184425,14.669219017028809,1.7460212707519531,4.932102295378478,11.694676348636122,47.56834026632852,5.557907825439833,18.129026412963867,6.534945964813232,4.406087422641028,nan,,,1.0160017013549805,,Gaia_DR3,5.926277629825904,-24.487913678574316,7.279370669263114,0.03659501299262047,-28.86470086661477,0.0335848331451416
Gaia,DR3,3626915988152293248,191.90339875522403,-9.436377939169205,12.053794860839844,0.9286623001098633,4.665350864963587,14.018486782505384,56.85318820219878,7.332670455319375,-4.7697577476501465,2.3076233863830566,4.459496658714072,nan,,,5.045111656188965,,Gaia_DR3,6.0472858092928305,-24.360734144697915,2.3610913386795724,0.10408580303192139,-21.984112258043886,0.0698496401309967
Gaia,DR3,3697698393516668160,183.02985699211067,-1.0544032868480613,15.933480262756348,2.322014808654785,3.5948262643000986,3.10041629038976,41.78252463866555,2.4523183027081146,,,5.149578395943013,nan,,,0.9237173795700073,,None,7.400145514074574,-29.01161696702903,4.13499648502419,0.05213842913508415,-26.87429009103729,0.038102421909570694
Gaia,DR3,3703373003090907008,189.1709410582174,1.9665961160624668,19.329923629760742,2.7894420623779297,1.9410289281262114,5.4473615494747,43.307046462591025,1.7584908064133575,,,3.6976085162541144,nan,,,1.1147527694702148,,None,5.119529888413547,-20.92259672716195,6.537286579104732,0.5042033195495605,-21.450982017922204,0.34371769428253174
Gaia,DR3,3690516280484070912,192.96503169673912,1.2328327559124792,16.423006057739258,2.6395063400268555,2.543248139176863,9.270199397554562,52.543690854052755,2.530195151533844,,,5.1350641596408595,nan,,,1.0350632667541504,,None,6.902225834580995,-29.039523100605333,8.720672987967209,0.07274934649467468,-26.972412364633097,0.05949009954929352
Gaia,DR3,3691449559697585664,199.47381223983112,2.347539968239183,10.733084678649902,1.0532035827636719,2.885774734111942,15.746747749177251,69.07334420225256,2.7098615844745986,-32.61259841918945,0.24076364934444427,3.9603435917033,nan,,,0.9971293210983276,,Gaia_DR3,4.994752252443593,-22.457225169953105,6.492416625385007,0.02101963385939598,-24.34444893003962,0.016465285792946815
Gaia,DR3,3692486016910251648,196.52299815657872,3.0542785527560543,19.068946838378906,2.9652156829833984,4.0222457905565925,12.836127374375694,68.04441444935547,2.0657115556605703,,,3.672388565382869,nan,,,1.0529286861419678,,None,4.777333582962159,-20.835766625695054,6.74533983199165,0.36022406816482544,-18.422574168427424,0.33968883752822876
Gaia,DR3,3694464248783308672,183.2001145392635,-2.1267906567297468,14.691438674926758,1.9388532638549805,2.6819268267043457,4.127857736076945,35.67257307277921,2.9719426524828005,2.2573771476745605,6.231503963470459,4.942974181158036,nan,,,1.0416876077651978,,Gaia_DR3,7.097141381602359,-27.7941354795968,9.634392130711243,0.031116463243961334,-26.622642122734277,0.025136834010481834
Gaia,DR3,3694912742151474048,186.14452103520892,-0.7990792049881195,18.610353469848633,2.967367172241211,4.1322899121901004,3.6786443115249,67.18367647868138,2.7004894843213965,,,3.3406381101272506,nan,,,0.9398518204689026,,None,4.718470896812261,-18.824341511889465,3.0390354481060067,0.22883190214633942,-21.200960825974974,0.16408038139343262
Gaia,DR3,3695117942805463296,185.90202131333916,-0.6268508668429991,17.37489891052246,2.610809326171875,4.320750080524136,3.39002514277926,15.350852194237877,2.59182353208379,,,4.157286374379123,nan,,,0.9946653842926025,,None,5.880529627743214,-23.43340192585459,5.623518982233392,0.10945623368024826,-19.65543829116948,0.07755407691001892
Gaia,DR3,3697078814418326400,189.66584151654348,1.142995169699952,18.29294776916504,3.063995361328125,3.11960630410353,6.000243247152899,27.94710251832688,2.2004527953556465,,,4.55348438564005,nan,,,0.9987687468528748,,None,6.282080498161758,-25.739638870750376,7.682226294890361,0.187479630112648,-23.09255348274071,0.14578832685947418
Gaia,DR3,3675680462716391168,193.81341729162142,-7.270852305719132,17.1605281829834,2.9262495040893555,4.5601204741892944,13.66706717354723,69.10762680182133,6.559813537708644,,,5.365920074882881,nan,,,1.0289654731750488,,None,7.1596734007952625,-29.574464762360307,2.369484632737072,0.10113373398780823,-27.66062279774394,0.07176274061203003
Gaia,DR3,3629789703525556480,197.0034288107172,-5.55111456729581,19.434741973876953,3.0389347076416016,1.285705939104323,15.249659916753645,66.15392355625686,6.118155811231376,,,3.9981579666702083,nan,,,0.9622331261634827,,None,5.176214872742402,-22.163793308378303,6.091427715354879,0.5342958569526672,-22.74405507295552,0.36277809739112854
Gaia,DR3,3675249252294759168,190.65830921493972,-8.49707896783059,17.035593032836914,2.5418243408203125,3.9920669724541464,12.544534172188502,54.35326570226885,6.768329023579576,,,4.035218586233074,nan,,,1.0021871328353882,,None,5.525916835550979,-22.16006285446699,8.342976021949816,0.0993553176522255,-24.056476140207522,0.06466653943061829
Gaia,DR3,3698494233776113792,184.44740343894213,0.53497854332831,16.701366424560547,2.6310834884643555,4.902565189310437,1.606963180956752,41.47259894062541,1.8785410749234952,,,5.173130470519833,nan,,,1.018500804901123,,None,7.378790985830657,-29.20902913132824,9.021532225951507,0.08159740269184113,-34.296884484461756,0.05831940472126007
Gaia,DR3,3704550343821950976,193.5029557272277,3.5988345521980283,11.700754165649414,1.0510778427124023,4.3760166195012555,9.905828985877491,41.471488847864904,1.4808944215902873,26.671966552734375,0.548037588596344,4.156608804924895,nan,,,1.1789802312850952,,Gaia_DR3,5.561230218260369,-23.581052408529214,1.7302142623593264,0.02747741900384426,-23.74461643751154,0.024172112345695496
Gaia,DR3,3694787397826033664,186.22540244394452,-1.6235752421384142,19.19106101989746,3.031320571899414,3.0385751236011087,4.3787789101179415,18.006270980051738,3.094037422712944,,,4.317024219469029,nan,,,1.0175262689590454,,None,6.09456509784649,-24.288081643000247,7.269199905463093,0.3447537422180176,-21.784635809026828,0.24783162772655487
Gaia,DR3,3679940456093890688,188.06134979474135,-5.4801882312296115,15.854877471923828,2.2820281982421875,3.26512791662823,8.618458390160445,35.985115875467315,5.093113520046711,,,4.4673093419791865,nan,,,1.0389434099197388,,None,6.232930440324825,-24.861387013772404,9.304550396827839,0.057223040610551834,-25.004374982995266,0.03492918238043785
Gaia,DR3,3677650104653666432,194.44711095090247,-5.523874934729429,14.597480773925781,2.1198863983154297,4.591978223101032,13.073571721113069,69.19248702351528,5.829689303662321,24.386938095092773,5.740166664123535,5.440596137202256,nan,,,1.043826937675476,,Gaia_DR3,7.218245194535295,-30.19391679123787,10.120741935058415,0.0335373654961586,-34.58863162104526,0.02269170992076397
Gaia,DR3,3680597341276023808,187.1095581221729,-5.488512450345477,18.71394157409668,2.916685104370117,4.288589868262933,8.189114101497745,35.69191163603645,4.9872328102217605,,,4.088427123879711,nan,,,0.8933756947517395,,None,5.740052131148394,-22.76129228727366,4.02607998464147,0.24309884011745453,-26.03613740426954,0.18252594769001007
Gaia,DR3,3676475654436540544,188.9486390373265,-6.810606963353376,13.52397632598877,1.4848861694335938,4.738933460865333,10.212697319567754,51.37492027406615,5.805666218025425,1.8683017492294312,1.0619944334030151,4.9895358187339545,nan,,,0.9874011278152466,,Gaia_DR3,6.919154016406898,-27.622975193864058,2.114918567170904,0.021716201677918434,-26.294156458147075,0.01604475826025009
Gaia,DR3,3676052205020793472,192.47793909654214,-6.271440462324316,17.73392677307129,2.758453369140625,2.9267342197741852,12.014376979685057,57.63816309161579,5.955701792150822,,,3.8474078017138624,nan,,,1.053466558456421,,None,5.192686574532087,-21.30791187735172,3.2081202448064285,0.151304230093956,-20.00545691885577,0.12359514832496643
Gaia,DR3,3707108765645551744,189.74585440876714,4.210649590740326,18.412578582763672,3.0152816772460938,3.0807012945345194,6.4206736626972845,31.80660004289236,0.7723817150516101,,,3.985622405250779,nan,,,1.0303410291671753,,None,5.495430414601687,-22.59695168563909,5.558851176323262,0.24884310364723206,-25.184608347336585,0.19616979360580444
Gaia,DR3,3707117974055392000,189.25914668294533,4.1377412673403935,17.776844024658203,2.79156494140625,4.5966722898956185,5.940908621418138,29.126115114265403,0.751105053742382,,,4.609054440431195,nan,,,0.9057129621505737,,None,6.377457901267366,-26.126693593215787,2.4451615022940008,0.16782471537590027,-24.00896596922462,0.1543838381767273
Gaia,DR3,3702778618272752384,193.5453716230812,2.6331764424126156,8.318109512329102,0.5969319343566895,4.816511714250397,9.839511076898846,58.310545701342186,1.938610861386735,-20.3583927154541,0.22537930309772491,5.304560647440587,nan,,,0.9709106087684631,,Gaia_DR3,7.094478830256836,-30.061591674482273,6.160833001779834,0.030697040259838104,-24.757043010730523,0.024605661630630493
Gaia,DR3,3682892438656543104,189.57598334769585,-3.133733210910915,10.16857624053955,0.7113351821899414,4.355956198216163,7.764755320244932,53.21809987114583,4.182403883364069,-16.52543830871582,0.21667350828647614,5.279172576587118,nan,,,0.9277842044830322,,Gaia_DR3,7.288021861880719,-29.57654845061449,3.07264614748657,0.03576202318072319,-31.9705695612474,0.022760219871997833
Gaia,DR3,3697338333522596992,188.18809529528593,1.5194984288628186,18.52804946899414,3.0659313201904297,3.1235908800643224,4.488131649246982,24.207564087196094,1.854810930733633,,,4.009124362301808,nan,,,1.0873758792877197,,None,5.5888713531913385,-22.670452828895005,7.269381530284858,0.257960706949234,-24.70642887934415,0.19918034970760345
Gaia,DR3,3698753684160460544,182.05642194767614,-0.1385696805455554,17.089248657226562,2.5727367401123047,2.2714336068132606,2.6844029759257966,33.275683540798575,1.9091189321493953,,,3.766426415964251,nan,,,1.0804924964904785,,None,5.438183190756406,-21.24789147913671,3.6717516830412156,0.12969280779361725,-20.88402018504957,0.09151597321033478
Gaia,DR3,3700089827010896640,184.48958750725282,1.2973891552005623,17.509296417236328,2.695941925048828,3.9649958253076045,1.0203714311171581,28.209103976011757,1.5271965392212437,,,3.8137537612224413,nan,,,1.0291575193405151,,None,5.438556546073445,-21.55187896990768,8.201743865339033,0.14221511781215668,-23.141426062766765,0.08172363042831421
Gaia,DR3,3678581975117914368,193.28287815582135,-4.489800428677008,15.21007251739502,1.9721784591674805,3.865663340629063,11.532807561355375,48.548629210652955,5.225881561095187,-12.026888847351074,9.621114730834961,4.6104925383386925,nan,,,1.037289023399353,,Gaia_DR3,6.18027471975897,-25.69499155164985,9.625209034779822,0.04398476332426071,-27.19461548622346,0.040230996906757355
Gaia,DR3,3700726238084955008,187.0819330383143,2.929547296314298,19.321603775024414,3.0615081787109375,4.21771183408818,3.493350374817727,24.150150503891453,1.0667346160934343,,,4.663406574574255,nan,,,1.0295004844665527,,None,6.548465899666182,-26.400708778629916,4.72494934020356,0.44634148478507996,-30.12461047774148,0.313336044549942
Gaia,DR3,3680267934464671104,190.37924040520494,-4.599662385670296,17.03685760498047,2.594143867492676,3.548819385960031,9.349062014530423,44.32444852050812,4.951649901442682,,,3.9379949949161053,nan,,,1.0244282484054565,,None,5.404233786456679,-21.96040648217983,8.312720061573229,0.11938369274139404,-22.42979752763163,0.10031012445688248
Gaia,DR3,3682828353448173440,190.06163586789862,-3.3573829733002944,17.293655395507812,2.6089439392089844,3.6458381192214,8.278786448768612,48.855613313823504,4.341318474274509,,,3.7420158998888184,nan,,,1.0188136100769043,,None,5.147527535406152,-20.949026172359087,7.939330247720684,0.12516368925571442,-21.639982541101375,0.09348907321691513
Gaia,DR3,3677938176700098816,196.64732476900556,-4.8583919409138785,17.843570709228516,2.5767345428466797,3.6424371353208524,14.608329989913262,60.74477092520143,5.761922888424074,,,4.700317141142687,nan,,,1.0335713624954224,,None,6.107008626221933,-26.130860010475867,8.31160058436538,0.19712162017822266,-28.988494370007015,0.13595114648342133
Gaia,DR3,3708438178282104320,187.68866325434757,5.540847932273351,15.078598022460938,2.1480941772460938,2.9696454668425334,5.332800399790284,44.57997160054069,-0.08704280368006323,40.78635787963867,4.628208160400391,5.143085359574757,nan,,,1.0664710998535156,,Gaia_DR3,7.193640427711873,-29.146153869994954,8.31473550734892,0.04262902960181236,-26.12790666560448,0.03744401037693024
Gaia,DR3,3708483846670390528,188.27538462837526,6.042127229154442,15.69409465789795,1.5168323516845703,4.32200271133842,6.102071201858489,32.26328454769344,-0.25468469536775906,,,3.944429373172406,nan,,,8.053167343139648,,None,5.4954261977144485,-22.357748998074594,1.9072954849406902,0.44345197081565857,-22.154992075241818,0.2709859609603882
Gaia,DR3,3707412265214532352,188.76057714173186,5.046942576896769,19.461458206176758,2.7859020233154297,0.3476375647422882,5.89756783139945,41.421058404168605,0.2676581006746179,,,5.0149461563118125,nan,,,1.062847375869751,,None,6.963564181313989,-28.431222565925086,6.6885314281715225,0.5666808485984802,-28.675005236134556,0.4984891414642334
Gaia,DR3,3689456724936670976,195.13934311208413,0.3017507225876756,17.96868896484375,2.6364097595214844,2.987422642073302,11.537308193375223,60.82938833458123,3.204990856526397,,,3.7259887629398025,nan,,,1.0767220258712769,,None,4.9119965236951,-21.03689308653207,3.885003059613078,0.18409475684165955,-18.927017771732682,0.14548563957214355
Gaia,DR3,3700771047480139648,186.71046775845863,2.9504479531324432,15.884952545166016,2.286494255065918,3.829138245124142,3.1446639745550478,31.115114082371825,1.013793963274889,,,3.8119980105472697,nan,,,0.9990572929382324,,None,5.36549008305537,-21.57919541064264,4.983401450997564,0.058427099138498306,-24.63250531348948,0.03878231346607208
Gaia,DR3,3701551524640691200,186.40743417612694,3.2945106858347906,19.428863525390625,2.8542652130126953,2.480766348698989,2.9939925065837603,14.158671052513041,0.8173663360027525,,,4.146901449164533,nan,,,1.093709945678711,,None,5.847869006682643,-23.478164142415334,7.449914682666442,0.6258724331855774,-22.01640500172552,0.5389605164527893
Gaia,DR3,3702229790171746816,191.78377821959782,1.542730948678091,16.06195068359375,2.422578811645508,4.66031651104551,8.070825396139568,32.940502606123395,2.2531913537920882,,,4.339761208010001,nan,,,1.0342715978622437,,None,5.8906166847097525,-24.550886565162074,7.192509809465664,0.06187814846634865,-28.610816725483573,0.058386847376823425
Gaia,DR3,3683462123118079488,191.01977604121385,-1.8709133934198579,13.137939453125,1.3492012023925781,4.301985863097802,8.24620864612366,46.535854078171496,3.7600174753459257,31.947261810302734,0.9373939037322998,5.00650911912194,nan,,,0.9898514151573181,,Gaia_DR3,6.836915207300292,-28.133831193958912,9.48288993836646,0.020378150045871735,-24.44409376794147,0.016371548175811768
Gaia,DR3,3684654401743542912,198.93064314114687,-2.8038520116181953,17.343534469604492,2.49609375,3.2955561833121156,15.936700707104421,64.9026215865874,5.055714144997074,,,4.276748127127472,nan,,,1.0197738409042358,,None,5.426130526073604,-23.93644965331649,2.454919241307855,0.12984974682331085,-23.933848894852062,0.09671112149953842
Gaia,DR3,3682146690599071872,191.21795439908368,-3.113890808040767,19.633621215820312,2.5419483184814453,4.321045496491506,9.055310409766589,50.65804243578731,4.359332666025132,,,5.083851777635027,nan,,,1.1175360679626465,,None,6.931779296693853,-28.472956935015052,7.102222642144271,0.6434966325759888,-23.845113281877754,0.5305151343345642
Gaia,DR3,3683287777510181760,190.5203545279188,-1.7845094513465642,15.420907974243164,2.329914093017578,4.259365781248446,7.765679668989727,54.32870666463083,3.6633318118411733,9.502195358276367,4.722104072570801,5.317686530135153,nan,,,1.1256409883499146,,Gaia_DR3,7.289826152537071,-29.89077894531678,4.327704732701271,0.045762158930301666,-33.63576893487016,0.04130684211850166
Gaia,DR3,3683652991464571008,191.81643057355703,-0.8082666221605038,15.942777633666992,2.11995792388916,3.1527551890203966,8.557762712943553,42.57289019945524,3.355056615889467,,,3.9038281862627673,nan,,,0.9790951609611511,,None,5.297502029006104,-21.989979729503094,6.539676758587332,0.05691792443394661,-24.26791917564963,0.05171215534210205
Gaia,DR3,3681135900111231744,188.34209641436829,-4.600879161221888,11.162757873535156,0.8369131088256836,3.908022393510609,8.029822160045804,40.26486683476522,4.719929299120167,33.170928955078125,0.5165095329284668,4.7937423570651525,nan,,,1.0003806352615356,,Gaia_DR3,6.675662763916645,-26.751316465517785,9.441211648428425,0.024454660713672638,-23.93193368181367,0.018227826803922653
Gaia,DR3,3680417266183262592,189.14533966928408,-4.470342339851435,10.813055992126465,0.8663492202758789,3.1990682141110462,8.416631634347237,51.93542384867753,4.751657041938223,15.691781997680664,4.162963390350342,5.18598945120689,nan,,,3.1187286376953125,,Gaia_DR3,7.181578461076972,-28.944057480964382,8.246474034893296,0.0649937316775322,-32.27540375025562,0.04490981996059418
Gaia,DR3,3708244629876157824,187.84518486852903,5.3831568388973015,17.695526123046875,2.542451858520508,2.9134527824829775,5.348015991520905,22.242284961688572,0.004918816044783725,,,4.364368554372425,nan,,,0.9729081392288208,,None,6.09811941162553,-24.73481251981246,6.454422202138488,0.1602656990289688,-27.391556893611458,0.11075606942176819
Gaia,DR3,3729240805136469632,197.68698313890908,6.262708903054574,16.824033737182617,2.65787410736084,4.095377482946763,14.574207634551499,66.96517420936124,0.6809730318852889,,,5.126240123820228,nan,,,1.0830249786376953,,None,6.590449425323555,-29.178506567046483,4.1925511726798765,0.10061522573232651,-25.458680662876944,0.09565017372369766
Gaia,DR3,3706262798822750336,193.27182005277444,5.942169451647569,17.594064712524414,2.7166385650634766,3.518735194708491,10.32235554055818,44.07122729672251,0.3545787214868703,,,4.6045451302057465,nan,,,0.9796829223632812,,None,6.172891182622537,-26.156654931485036,3.100851261158587,0.14033937454223633,-24.663749596058928,0.14951346814632416
Gaia,DR3,3685195400119913472,195.2972330513216,-2.7208067535087097,12.335722923278809,1.038477897644043,0.8279237961943448,12.487180611180081,63.37233902286574,4.628997663016568,-7.768155574798584,0.5939643979072571,3.7472398088862895,nan,,,1.4850094318389893,,Gaia_DR3,4.932704725088847,-20.99321024342926,4.935013542659859,0.026633143424987793,-21.647229378087307,0.01858130469918251
Gaia,DR3,3706465177681943168,188.52247644987162,2.519508462450038,17.931779861450195,1.9795894622802734,2.9839661499591594,4.829980440702016,29.127024124125878,1.4251802230062705,,,4.714979877439037,nan,,,2.157682418823242,,None,6.557860003985703,-26.691684806572102,9.430136576885008,0.3613027334213257,-25.9521335471288,0.2507465183734894
Gaia,DR3,3706980058361405440,187.97869784150777,4.262470808089405,17.47862434387207,2.690286636352539,1.779943302481318,4.831275452182413,46.064423240406455,0.5457661545348813,,,3.6345595010814282,nan,,,0.9351009130477905,,None,5.073867131348434,-20.595526101830536,5.321956245712373,0.21225418150424957,-21.936566749048655,0.13064227998256683
Gaia,DR3,3687740906977079424,197.49690557073836,0.44830548932585107,17.480113983154297,2.6347312927246094,3.705921747774681,13.856663236038875,57.14041863428003,3.390753003798025,,,4.197216288137253,nan,,,0.9708871841430664,,None,5.4066726998112795,-23.706380918255878,8.424376398078213,0.12298816442489624,-22.42354185588592,0.08544223010540009
Gaia,DR3,3687656824401694336,197.7313219903409,-0.10806315746275344,18.96304702758789,2.933603286743164,2.7857036849593646,14.161361645650853,67.24943561157463,3.6755376666165738,,,3.8113735820778887,nan,,,0.9205056428909302,,None,4.8977631844565135,-21.49957012231106,6.977374604956471,0.31052732467651367,-20.671947099108625,0.22180907428264618
Gaia,DR3,3729135939214243200,197.6321447109668,5.688834492202629,18.98810386657715,1.108612060546875,3.2128375977440156,14.368202103845622,66.31780613468274,0.9453870931002761,,,5.124538392267813,nan,,,0.9015933275222778,,None,6.592004456634699,-29.15935889317538,3.695201249082455,0.46399274468421936,-27.247481609864007,0.584295928478241
Gaia,DR3,3692030441138883712,196.6239348858559,2.490970802402123,17.61910057067871,2.5526199340820312,2.8707889526964583,12.904310550328013,67.29787366170085,2.340882406775977,,,3.6936157595004375,nan,,,0.9716143012046814,,None,4.800141622439537,-20.939732745009998,7.027249986150443,0.1525186449289322,-21.131433948416245,0.10462270677089691
Gaia,DR3,3693036601654524672,185.331556395709,-4.171664349153859,14.110247611999512,1.3807201385498047,4.164969473230687,6.3474406701278445,64.43610657398904,4.172282151395272,-6.0041422843933105,2.0886805057525635,3.425730403455485,nan,,,1.581748604774475,,Gaia_DR3,4.862038781995523,-19.160600877751946,6.012346420264527,0.036778274923563004,-16.381399600767327,0.029874037951231003
Gaia,DR3,3706948206884061696,188.76404925367856,4.28255960986874,14.544836044311523,1.998011589050293,2.4252074771871928,5.5422045731598475,25.978497581393892,0.6265626273184388,3.2679600715637207,4.014405727386475,4.535163665840539,nan,,,1.895375370979309,,Gaia_DR3,6.297203860031926,-25.705517197753682,5.180314495266341,0.0531606525182724,-23.673610254575614,0.04131225869059563
Gaia,DR3,3708820125428909056,191.2288512209984,5.415105789500957,19.86492156982422,2.790294647216797,4.375004674742091,8.246670101798934,60.5468550727109,0.37474862179229085,,,3.5425409281172753,nan,,,0.9491969347000122,,None,4.829804132160673,-20.10440943608365,2.63255399863175,0.5603601336479187,-22.522493270646162,0.4504118263721466
Gaia,DR3,3708619258399464192,188.95109122854618,6.52398108235719,17.67824935913086,2.8131961822509766,1.255625345169079,6.924686993064571,48.802865903999304,-0.40344223133653756,,,3.6706646857228407,nan,,,1.0458890199661255,,None,5.09014397447031,-20.810442866358343,4.255596561966477,0.15029168128967285,-21.308011472342475,0.1257796287536621
Gaia,DR3,3689850629272815488,193.45187968677934,0.4762861634557818,16.104066848754883,2.5994949340820312,1.270994718878225,9.842740691076784,60.60822677798229,2.937971274487264,,,5.393252736044637,nan,,,0.9833289980888367,,None,7.218975037094146,-30.45945988721757,7.497337460654475,0.06262074410915375,-29.04146402802166,0.054607950150966644
Gaia,DR3,3690199037019147904,194.41203323471078,0.6566826272162531,19.508953094482422,2.7245941162109375,4.903963973506249,10.768780268530056,68.59123416604115,2.9595389286274862,,,3.533359892416774,nan,,,0.9461658000946045,,None,4.689333927717888,-19.963048121437662,4.467389757781413,0.6129600405693054,-23.60910394274969,0.5590008497238159
Gaia,DR3,3688824372607261056,192.8482416115676,-1.1476467845305056,16.654470443725586,2.4333505630493164,2.352414184512949,9.643733858345064,41.18744783929335,3.62849839633879,,,4.5750340543958465,nan,,,1.0330864191055298,,None,6.155567300087617,-25.748972205557507,4.166687301349008,0.10026281327009201,-24.65723688397208,0.0716969296336174
Gaia,DR3,3686073153996201088,196.69304404120334,-1.033685137016334,16.548425674438477,2.4904632568359375,2.754229117558485,13.31359265942815,55.601320590762846,3.9960754138937684,,,4.141880400876858,nan,,,1.0029752254486084,,None,5.378996942146623,-23.310747195440264,3.024568568279334,0.07653914391994476,-22.82085388218308,0.05538629740476608
Gaia,DR3,3708684541902302080,188.38897976593375,6.752394225236974,16.001087188720703,2.240598678588867,4.238751572075595,6.674274961579103,60.33569750202137,-0.574750458613023,,,3.48921701810018,nan,,,0.9549217820167542,,None,4.857451595426029,-19.774811259696257,6.163302542098135,0.054250918328762054,-16.943586593385607,0.048092834651470184
Gaia,DR3,3710469526014552960,191.52340338351965,7.904067912362881,11.780108451843262,1.0109882354736328,1.965155176875234,9.778321647679316,50.79863097676476,-0.7610399157059025,4.958106994628906,0.42678719758987427,3.8093993744679286,nan,,,1.3748579025268555,,Gaia_DR3,5.181533448183284,-21.6152180579051,4.3359164525271305,0.02746317721903324,-22.947677383178185,0.024107061326503754
Gaia,DR3,3690997862281457024,196.30589922569973,0.940235206655817,18.68444061279297,2.8968868255615234,4.3310182604551235,12.62321852692356,56.21170485949931,3.03306191002641,,,3.9705616059905546,nan,,,0.9710360169410706,,None,5.176278270024177,-22.448010127705757,5.836479160637425,0.28318774700164795,-18.883422081762443,0.2045586258172989
Gaia,DR3,3712110688853554176,200.879181590822,1.3868914891268784,16.136520385742188,2.3789215087890625,4.347390569699377,17.161181096147065,69.24022373010068,3.3056015984335616,,,4.538931162291941,nan,,,1.000775694847107,,None,5.633300913246216,-25.694372935107907,3.938434796729788,0.07791482657194138,-29.49324824007461,0.05612516775727272
Gaia,DR3,3693929130217684352,186.3779805337926,-1.984519831156322,13.672492027282715,1.465566635131836,1.8704750804843497,4.762755790007013,20.835092299883677,3.279792636560055,31.569320678710938,1.7341017723083496,4.4230406690943145,nan,,,0.9822059273719788,,Gaia_DR3,6.238404804118998,-24.86528708670521,4.670787255302253,0.019245324656367302,-25.629720844669915,0.015980930998921394
Gaia,DR3,3693600475023992192,186.84150366014703,-2.9619643935414057,17.833982467651367,2.7427005767822266,1.4136317170399642,5.834461850006561,24.78291295499917,3.7878699089215466,,,4.167262162308124,nan,,,4.472865581512451,,None,5.860706140840086,-23.37231436675796,7.009792859232561,0.47507715225219727,-22.901297408525416,0.37110844254493713
Gaia,DR3,3689654263367946112,192.43764866989517,-0.6929130764397533,14.01264762878418,1.3119573593139648,1.3371932601261178,9.113138093399522,59.918161615399974,3.370854433114385,-33.36406707763672,2.410426616668701,3.591610139887759,nan,,,0.9692590832710266,,Gaia_DR3,4.849071992749841,-20.235717493966078,3.837796249016276,0.02493469975888729,-20.18691661600125,0.022794440388679504
Gaia,DR3,3785204813119303424,169.1194896686405,-5.112136646906065,16.730188369750977,2.664398193359375,1.2454360962352504,16.21366234427256,66.6275394595424,2.647547770449874,,,4.706448943960051,nan,,,1.0927760601043701,,None,7.032919517375705,-26.426335292829656,6.039018560876314,0.0807339996099472,-27.16054683808591,0.05601654201745987
Gaia,DR3,3735481525761018880,193.43422701036795,10.583955274408979,12.45218276977539,1.0958547592163086,2.971023590160095,12.933615334720551,58.029586056339625,-1.80812505080449,1.1353847980499268,0.6454834938049316,4.912114863990674,nan,,,0.9892098903656006,,Gaia_DR3,6.575971179035923,-27.84547916883594,4.982430355974383,0.020336028188467026,-30.477184378792828,0.019925791770219803
Gaia,DR3,3717521626092159744,198.916100176547,5.9556121700363835,17.256935119628906,2.8349761962890625,3.658857771743312,15.67185711909429,64.72811948338972,0.9547815633888366,,,4.1816511617005645,nan,,,1.0707520246505737,,None,5.306315973518615,-23.81024332173629,3.1874701827667358,0.12312391400337219,-26.24206326326419,0.09626433253288269
Gaia,DR3,3729495956257821056,196.26913794082404,6.583290436815796,19.636919021606445,2.9963722229003906,4.686499810264679,13.33439546942393,60.97365429078634,0.37908328941924196,,,5.004850321874209,nan,,,1.0761011838912964,,None,6.526994093183616,-28.472746658311863,2.6845275830718522,0.566479504108429,-25.36075333901272,0.5366738438606262
Gaia,DR3,3697010820792143872,188.68471806254786,0.9226491130282422,14.872599601745605,1.9528427124023438,3.09091081471424,5.071640406279339,45.640239353371285,2.1911181507165907,-11.60629653930664,3.448533296585083,5.187738405187261,nan,,,0.9180546402931213,,Gaia_DR3,7.2073025407187,-29.31345038374017,6.429030857344027,0.03182831034064293,-32.60294170267037,0.024612896144390106
Gaia,DR3,3694842824380238080,186.50796311927158,-1.0500240164534935,17.887086868286133,2.9671592712402344,4.896995660991018,4.1082694661343115,17.114284214595706,2.859876304951902,,,4.339823449770632,nan,,,1.0692827701568604,,None,6.11612571945148,-24.44293048854328,10.093636965644025,0.15346074104309082,-26.504773778104468,0.10136337578296661
Gaia,DR3,3694222768542133760,184.84446603826694,-2.9001760704940076,18.710054397583008,-0.18245697021484375,3.087880718214353,4.996349613310519,30.758357380175518,3.525706975684896,,,3.8991212858803252,nan,,,1.0632803440093994,,None,5.5493188845217665,-21.88150834127378,4.012620926817128,0.24842049181461334,-23.90160806736224,0.166598841547966
Gaia,DR3,3695190162679633536,185.54169547677444,-0.25700995967277573,18.471458435058594,3.405790328979492,3.1339189261988616,2.8753253060266464,63.77589246368409,2.377076083307852,,,5.835355292245822,nan,,,1.0262744426727295,,None,8.271814194016084,-32.91232526377639,6.5302818235451445,0.2305949479341507,-36.351743064355404,0.16056181490421295
Gaia,DR3,3696457418550157440,186.76063754356574,-0.3188086593470509,19.10639190673828,3.107921600341797,4.4897259257770665,3.8039937345662005,23.780904021968617,2.548349480746518,,,3.9710003566579064,nan,,,1.0838346481323242,,None,5.587532251338083,-22.394244376937102,5.462487788674247,0.378341943025589,-26.150633482759265,0.2728666067123413
Gaia,DR3,3693707711769576192,188.26193120810558,-2.288836223927162,17.96317481994629,2.0178890228271484,2.1400189090757853,6.224005165360805,31.11110643431388,3.6396517281229883,,,4.65092825780952,nan,,,1.0781090259552002,,None,6.4803219340814255,-26.120394642473922,8.532146381846701,0.36272937059402466,-25.681653633631896,0.5967031121253967
Gaia,DR3,3694452257234585088,182.91799591967896,-2.4021723335518144,18.72575569152832,2.770427703857422,3.77201589613079,4.443346247701248,37.48268120317805,3.0665140906258426,,,3.7532594419654863,nan,,,0.9573866724967957,,None,5.396600693528639,-21.09397946831424,6.400149927795091,0.2664920687675476,-23.904709632501223,0.19543081521987915
Gaia,DR3,3694943601493049088,184.85213281557702,-1.4663022393199334,17.632160186767578,2.531951904296875,3.158343469038595,3.6160834888325892,61.867330303212896,2.8598110045344534,,,3.4018630980902294,nan,,,0.973399817943573,,None,4.841400705652686,-19.14825861600761,6.811344666653163,0.1324424296617508,-20.266081974922017,0.126952663064003
Gaia,DR3,3693516023083327104,186.96211769363177,-3.512818527324963,14.853728294372559,1.9372072219848633,0.6144167564973094,6.367120321462885,58.22473031746054,4.057308656992218,-19.226900100708008,5.139287948608398,3.5087154105970817,nan,,,1.2308907508850098,,Gaia_DR3,4.930782344947551,-19.650319349876067,5.375763563679314,0.03863151744008064,-19.74268878367773,0.028012273833155632
Gaia,DR3,3694291041341876608,184.68392102911437,-2.5883315007456322,17.685768127441406,2.8612117767333984,3.1071932663495345,4.657208292413148,45.231178591390254,3.361968623039491,,,5.193744128964167,nan,,,0.9604412317276001,,None,7.398504523394774,-29.16834033401498,6.319218550667899,0.14411795139312744,-25.94203349849159,0.0901247188448906
Gaia,DR3,3693707716064019584,188.26201260657027,-2.290828453672004,8.566986083984375,0.4896230697631836,2.401295591326054,6.225426429539007,29.70891067667463,3.6405868192599513,-0.5552010536193848,1.0465781688690186,4.596081193462025,nan,,,0.9367096424102783,,Gaia_DR3,6.40389780954118,-25.81224123376202,8.713746684035591,0.025383170694112778,-25.533425812766126,0.02397044375538826
Gaia,DR3,3701161992582378368,184.1036947691816,2.4001988176188345,18.85839080810547,2.8688697814941406,4.109175841579419,0.5773914628053286,35.99077958948196,0.9657850598558078,,,3.7002962905081733,nan,,,0.9550901055335999,,None,5.287857728158329,-20.92830053701106,7.619835627150196,0.3768627345561981,-23.127500969555204,0.255351722240448
Gaia,DR3,3701884852758146560,185.9603303836762,4.330451138826746,16.248355865478516,2.5676307678222656,3.867058583541878,3.2529956681208176,55.16107591698508,0.27991232749539385,,,5.542145242017144,nan,,,1.07125723361969,,None,7.836688721133092,-31.385035677187428,10.68961500862672,0.08957367390394211,-34.88838933067419,0.059089068323373795
Gaia,DR3,3701906877350359552,185.15218644524282,4.114512922977518,14.05594253540039,1.525796890258789,4.5317338884269045,2.578935738729586,40.02131927861503,0.2865572656982458,-22.421829223632812,3.133939266204834,5.115017654230082,nan,,,19.229873657226562,,Gaia_DR3,7.267100216503814,-28.9575412055169,10.322784958949228,0.5671244859695435,-32.77083589716487,0.3328692317008972
Gaia,DR3,3730635810514657408,195.4633830391853,7.8702330359812125,15.823797225952148,2.3110246658325195,2.448536942952936,13.099294269287086,56.95741860735252,-0.31317419462857465,,,4.018939635364609,nan,,,2.481555700302124,,None,5.282068253209508,-22.85518909360693,3.7805292885323416,0.1211237758398056,-21.42380795035796,0.12229536473751068
Gaia,DR3,3734666448343280384,192.85347411593597,9.002615649636612,10.746438980102539,0.8112564086914062,2.341141137197792,11.490282438449752,61.24014546093966,-1.1295535728376596,5.041981220245361,1.500346302986145,3.713498151958381,nan,,,4.540804862976074,,Gaia_DR3,4.996175976727124,-21.07400388603624,4.588001426794047,0.10843939334154129,-22.860718442598372,0.08303477615118027
Gaia,DR3,3698495019754320384,184.41682278466106,0.5525755156573485,18.19625473022461,2.9398422241210938,3.9349596398357938,1.577558153752256,15.025332700003457,1.8667113884060544,,,4.035053139130069,nan,,,0.9688976407051086,,None,5.756439310936127,-22.783567323287027,4.774120323358661,0.2002473920583725,-19.58376181953948,0.1360969841480255
Gaia,DR3,3699540006772378112,182.29545898825774,1.3568290227243038,19.474000930786133,2.8941097259521484,2.40917698225468,1.5499545976614337,6.581824436637976,1.2391005509396162,,,4.301272061636944,nan,,,0.9588000774383545,,None,6.203388055048601,-24.302720708779777,4.913868559240237,0.6595501899719238,-22.539403688548052,0.35519734025001526
Gaia,DR3,3695220777205951744,188.6330202465257,-1.9665015115779338,19.698572158813477,-0.1647968292236328,3.6468339675756782,6.293354033948918,44.870801269271304,3.5325175087360297,,,5.098254910998166,nan,,,1.0560976266860962,,None,7.08552516284608,-28.65264767394958,5.306369412620392,0.612267255783081,-25.160233594052645,0.33841046690940857
Gaia,DR3,3793642980746472192,173.4130943175992,-1.6763889488217276,11.818584442138672,0.7701797485351562,0.5731985484620924,10.930967839643092,48.252646734075725,1.5770039940131024,-27.535831451416016,0.736632227897644,4.017705546683223,nan,,,1.0593178272247314,,Gaia_DR3,5.970038139813331,-22.63989234161958,5.498587877886677,0.019911378622055054,-22.524009203223788,0.013675643131136894
Gaia,DR3,3699749807336409984,186.0065725205695,0.5336279071380365,13.007262229919434,1.2277488708496094,4.033708788367933,2.698496061050994,12.349608705986295,2.0623559014448425,11.684219360351562,1.017569661140442,4.3756168713398,nan,,,0.9944705367088318,,Gaia_DR3,6.1854775254587135,-24.707564733496714,5.179175963891172,0.020914806053042412,-21.125437707723673,0.016684789210557938
Gaia,DR3,3701107081424965248,184.8720826934825,2.7624219112906507,18.11296272277832,3.1756839752197266,2.7736952022898804,1.3982194964745327,10.713396729472251,0.8868195300750035,,,4.440145018479847,nan,,,0.9925693273544312,,None,6.318333522770913,-25.122079372401046,3.77451910043447,0.2259243130683899,-25.641255287936705,0.12916140258312225
Gaia,DR3,3704818933896728448,195.96588458324774,4.106879935196044,15.829998016357422,2.0851612091064453,2.767346270218426,12.413165534451824,55.42321469388439,1.511308420374819,,,4.860053828788583,nan,,,0.9412211179733276,,None,6.356892168444616,-27.60397476055466,3.6687437998658066,0.04751560837030411,-26.702493350815743,0.04764167219400406
Gaia,DR3,3793584740989835008,172.85852590040085,-2.222070879793815,9.817031860351562,0.5256757736206055,2.5372623960919,11.639777204364076,48.53500160382914,1.7631746587842887,15.530749320983887,0.36346015334129333,4.158217625167879,nan,,,1.0065288543701172,,Gaia_DR3,6.185288618755303,-23.419765169997106,4.416138182668338,0.020115939900279045,-22.071823720821758,0.017571372911334038
Gaia,DR3,3795278259479481216,178.7278985366763,0.24675341963231345,18.994884490966797,3.0302791595458984,2.9846486950599633,5.279846709552704,30.25497333398288,1.328717047048226,,,3.928132510381212,nan,,,0.9206745028495789,,None,5.7508345336611,-22.168847586104743,8.129032627092837,0.36495140194892883,-22.841728414927687,0.2614353895187378
Gaia,DR3,3794970915915645440,178.39879980530176,-0.31712176249768836,9.976110458374023,0.683990478515625,3.082177568662335,5.790677670598803,67.35980098085626,1.5520551597524275,-14.98567008972168,0.30346888303756714,5.879662253418003,nan,,,1.284477710723877,,Gaia_DR3,8.618042891675268,-33.16496835482245,8.985957092081746,0.03223665431141853,-29.36239137750383,0.019709665328264236
Gaia,DR3,3795519572217103872,175.73444247829596,-0.4294354496592239,16.462465286254883,2.47745418548584,3.5924885552730683,8.336822442235416,36.18110382380546,1.2799674063753672,,,4.557058739966695,nan,,,1.0135747194290161,,None,6.734973867042433,-25.70402227245609,4.178985471365284,0.07114142179489136,-28.023024344731287,0.05894261971116066
Gaia,DR3,3707473356828878976,189.6187390124309,5.168225712309775,18.80286979675293,2.991750717163086,3.3511402725384607,6.699792247792628,32.95604548166888,0.30866024546465454,,,3.9817189757869604,nan,,,1.0297333002090454,,None,5.49514758314556,-22.581412371231927,3.151676313021784,0.29057082533836365,-24.137226336459072,0.2635951042175293
Gaia,DR3,3785949251210537344,172.91132952113927,-5.232097907803199,16.602670669555664,2.5320138931274414,2.2759817033947516,12.978052265661349,64.36459022029129,3.169202697415212,,,3.767688009816072,nan,,,0.9924115538597107,,None,5.603846824124118,-21.11690465664924,4.326768938548461,0.08827867358922958,-22.396350449242874,0.0573357529938221
Gaia,DR3,3785946090114607872,172.98163885935097,-5.253357753446463,16.919967651367188,2.5139551162719727,3.5607349157292787,12.931455596743925,53.81696331441706,3.187676293902787,,,4.15826670977304,nan,,,2.6113131046295166,,None,6.183977739476813,-23.304268012237607,9.037185194006828,0.2707299292087555,-22.038538972959046,0.18255627155303955
Gaia,DR3,3788644807045201024,167.3442469282609,-3.838385376030723,17.530012130737305,2.825439453125,2.3369689415702566,17.366385244055085,69.98982459367413,1.8361259681425848,,,4.519750711204247,nan,,,0.9924609661102295,,None,6.758526940469535,-25.441896022595266,7.512064172900073,0.11017898470163345,-23.34659019172925,0.08366924524307251
Gaia,DR3,3705921847139568512,193.79585861202406,5.040080255348497,19.075708389282227,3.125631332397461,4.424544758336986,10.514158207956397,58.299593586117396,0.8362644255036287,,,5.2414307140394145,nan,,,0.9402327537536621,,None,6.994653059513203,-29.77032828491605,2.187730606577487,0.51778644323349,-30.661779484397545,0.4016250669956207
Gaia,DR3,3707784385477372416,187.97645929312097,4.7315972132514315,16.445415496826172,2.194451332092285,4.495254850776507,5.068084903861678,48.28959081842273,0.32554981790351434,,,3.6093523030551764,nan,,,0.984821617603302,,None,5.038753308927504,-20.455387993600546,2.224440582209739,0.08751694858074188,-18.511507211923202,0.06788823753595352
Gaia,DR3,3701998892730113920,191.51473239996645,0.41659442269671526,15.773094177246094,1.8080024719238281,3.9104591622616423,7.945406222547073,41.538941706615724,2.749573315038216,,,4.852128950832922,nan,,,4.629374980926514,,None,6.600307174458639,-27.398598959388107,4.468809260040508,0.22589439153671265,-24.013915306298113,0.18617525696754456
Gaia,DR3,3703416403736829056,189.57855043048778,2.4218627765017193,16.46980094909668,2.4270706176757812,3.737838069743425,5.871423837725795,25.757564820803797,1.591883537860479,,,4.470331599816128,nan,,,0.9355030655860901,,None,6.171282766983516,-25.309219031440445,9.471449195403343,0.08225614577531815,-24.077578653285773,0.09983246773481369
Gaia,DR3,3787163039032441984,172.4173833706711,-3.5720270203496542,17.491235733032227,2.7003211975097656,4.4894816109451074,12.582779622032493,52.93637515712484,2.3374827612415716,,,4.120055615089844,nan,,,1.832515001296997,,None,6.133204031920034,-23.165228674693417,8.353948482849523,0.236800879240036,-26.370397943446683,0.16181649267673492
Gaia,DR3,3703336001950263168,190.45436684403205,2.5299568943389237,17.080829620361328,2.8671159744262695,3.982225952486993,6.752193548762029,39.84194735046742,1.640861611052431,,,4.903315438815169,nan,,,1.0754530429840088,,None,6.725148593392957,-27.768208988498976,3.6464658866694317,0.1120336577296257,-25.03587663279296,0.09844068437814713
Gaia,DR3,3704295974383032192,193.78735956699157,3.002728547977148,18.294376373291016,2.9354934692382812,2.5931726146791605,10.110433754036425,61.444704768849405,1.7920083049665987,,,5.403428825025333,nan,,,1.0100873708724976,,None,7.211379139123671,-30.637102307519385,8.043045530470543,0.22024768590927124,-27.80272216022735,0.2331567257642746
Gaia,DR3,3705376351932859648,192.95821629910577,3.99226806102726,12.998363494873047,1.2410478591918945,3.827169923840292,9.444299731927204,43.464886370218345,1.235896077185192,28.966073989868164,1.0585764646530151,4.741360424866964,nan,,,1.0213744640350342,,Gaia_DR3,6.373403909895825,-26.903761899963825,10.175562612612266,0.024560874328017235,-26.483108969386382,0.01928682066500187
Gaia,DR3,3702336644662568192,190.0062644572486,1.2914563445513623,18.432708740234375,2.8098297119140625,2.8671305217697673,6.319653453321029,32.23637698101432,2.16981115019186,,,3.9642255308774983,nan,,,1.124182939529419,,None,5.455443600158899,-22.414139200969835,7.737287161374069,0.28304940462112427,-23.14508284744594,0.26101574301719666
Gaia,DR3,3702710684774209792,193.95513900399837,2.4163390491849475,18.38250732421875,2.872579574584961,4.76290157344711,10.23705273729894,63.594169509931305,2.0854883417190493,,,3.588406334280348,nan,,,1.0100202560424805,,None,4.781954247862037,-20.33168119450702,4.090773181385726,0.26255640387535095,-16.795596673913302,0.23084715008735657
Gaia,DR3,3797565282320269824,173.49654555938358,0.5251418287901529,12.990945816040039,1.2865781784057617,3.0769732400146923,10.322482562785776,47.73027688048605,0.559943342060178,-2.446338176727295,1.3782576322555542,4.810825012461818,nan,,,1.017014741897583,,Gaia_DR3,7.147377424766908,-27.150709345840305,7.697762421853436,0.02122088521718979,-30.222364116328272,0.01734187640249729
Gaia,DR3,3799184553710415872,173.95473236866462,1.4702877312329543,16.0221004486084,2.3351049423217773,1.7287661105545427,9.773883607883409,56.040533002736545,0.17483729080464094,,,5.2225850429826455,nan,,,0.9407398104667664,,None,7.7517824022641495,-29.482304025932258,8.341086077032127,0.05389474332332611,-27.672505917843974,0.045946747064590454
Gaia,DR3,3800112335366300160,173.86344556179824,2.407695450281818,15.841172218322754,2.253223419189453,3.5476346039385986,9.859492769147113,43.97997493356961,-0.27419591608760374,,,4.697340274000045,nan,,,1.0268645286560059,,None,6.973522832232836,-26.516034369334978,9.601131778356395,0.047869812697172165,-24.184281571034077,0.044829487800598145
Gaia,DR3,3708716290300731776,191.21746773409296,4.898969765293736,17.68173599243164,2.963838577270508,4.156964637516664,8.036288169969792,69.14759159020609,0.6157986959904953,,,5.842753796976116,nan,,,0.9512003064155579,,None,7.9665648193720315,-33.15279412207497,3.293274767092012,0.14331361651420593,-31.060760942464974,0.11865773797035217
Gaia,DR3,3710282750773129728,189.79934109147462,7.45121011302485,11.177035331726074,0.7616996765136719,3.8705283354646496,8.169442125444032,41.80412536586085,-0.7420957818760208,-1.3666325807571411,0.3832421898841858,3.887415850743274,nan,,,8.455511093139648,,Gaia_DR3,5.35791917700908,-22.041369128434088,3.2712573313042417,0.19927361607551575,-19.65245004866367,0.16756008565425873
Gaia,DR3,3709281782874663808,192.59126746106134,6.088810237302181,16.356895446777344,2.126585006713867,4.695608560482769,9.759570115079434,53.46063656609075,0.21037905173971616,,,3.7490791225490416,nan,,,0.9651015996932983,,None,5.0551921342162265,-21.29137791112842,5.020346216484563,0.06981877982616425,-25.002358262782202,0.06315553933382034
Gaia,DR3,3704697639724847616,194.5401323751358,4.339649081454661,17.236005783081055,2.678415298461914,1.7115244345374203,11.059795283875477,46.01822753675381,1.2470164766384944,,,4.169673548172479,nan,,,0.9023852944374084,,None,5.527386793938408,-23.67764139700508,4.358888294597787,0.10720771551132202,-22.730029877025142,0.09448234736919403
Gaia,DR3,3704854771103767296,195.28079932999802,4.1469094395219015,15.942421913146973,2.145112991333008,1.4411033213816076,11.747036370992072,54.95459936924531,1.418308982356887,,,3.8954556868322645,nan,,,1.035257339477539,,None,5.128602165885233,-22.12172393671875,5.798932437283924,0.07126010209321976,-21.146440606440194,0.06869232654571533
Gaia,DR3,3706863716287799936,187.87871166282497,3.9044232107292536,18.62093162536621,0.08367729187011719,3.843344922174903,4.581909767394583,62.29188732380787,0.7020940461551604,,,5.740985807734491,nan,,,1.0073184967041016,,None,8.019808592332044,-32.52604335094004,10.495128091236023,0.24864332377910614,-28.58793979694789,0.1645042598247528
Gaia,DR3,3798978425344368640,175.62520960279147,1.2582208608481,17.15250015258789,2.7504053115844727,3.478183109533194,8.122972994558738,44.87528539162156,0.4785821606312801,,,4.957645402771792,nan,,,0.9526832103729248,,None,7.329148459407355,-27.99051200701571,4.575231575602131,0.09260167181491852,-30.36328825411476,0.07110217958688736
Gaia,DR3,3810845523062668672,170.2915154718719,2.4992607754545615,16.946592330932617,2.6286020278930664,4.247602668096244,13.429055907943678,54.52276136775945,-0.7566438994509417,,,4.450815897405272,nan,,,0.9313557147979736,,None,6.64443730693827,-25.105965774435226,6.3996222088157095,0.08525235205888748,-29.083866149826417,0.06508711725473404
Gaia,DR3,3729665250984627712,198.48446918243997,6.959403397220347,17.592449188232422,2.799346923828125,3.9297257456477475,15.537820508987194,68.5562133178219,0.4366834214876967,,,5.0446520175999465,nan,,,1.0432610511779785,,None,6.431306133035404,-28.73168881886938,8.528834501691591,0.174513041973114,-32.34629979253967,0.15305811166763306
Gaia,DR3,3709271028277185408,191.31579979642126,6.99994689344355,18.16496467590332,2.838632583618164,1.8812061514557763,9.089487035229729,61.13234182169585,-0.35971923257154614,,,3.570765160211362,nan,,,1.067713737487793,,None,4.864950102225109,-20.265541083138455,3.637518547653849,0.255963534116745,-20.971731858157238,0.21788056194782257
Gaia,DR3,3794415422025315968,177.2551594686191,-1.4027790090605246,14.997817039489746,2.1398210525512695,1.6574557069412748,7.290340283106735,61.201108353090966,1.9194900825663384,0.1687202751636505,8.331387519836426,5.587765716398736,nan,,,1.0252106189727783,,Gaia_DR3,8.221599475369652,-31.48217825639707,6.447305630723675,0.036452509462833405,-30.667443163126148,0.02437373623251915
Gaia,DR3,3715925616245192704,199.77252326936357,4.105549741348974,17.21917152404785,2.648895263671875,4.9221245194088,16.170410112552656,65.29422877875014,1.9149634530354245,,,4.482120096253258,nan,,,0.9953105449676514,,None,5.633961451808943,-25.484718125057,6.4692334394366044,0.12264979630708694,-20.909542233018634,0.08349993824958801
Gaia,DR3,3707339255066249344,189.02282941673332,4.643323868399879,15.207755088806152,2.3949851989746094,4.166010967119195,5.930759524503908,66.6995902246438,0.4869735925684253,-7.674651622772217,3.593641757965088,5.849871580348683,nan,,,1.949673056602478,,Gaia_DR3,8.107964833693632,-33.16452073284642,12.44014532934214,0.11266704648733139,-30.40284120694343,0.07661720365285873
Gaia,DR3,3707220370371502592,190.6662124474805,4.701478333790382,13.965116500854492,1.2793607711791992,1.7017979521372526,7.452726914327789,55.71508213424686,0.646397927757576,-15.210104942321777,2.5475103855133057,3.5834550194818866,nan,,,0.971306324005127,,Gaia_DR3,4.9069649498460075,-20.327555975729172,5.213267905349802,0.025058850646018982,-19.078992465588474,0.020688995718955994
Gaia,DR3,3709736327853656704,193.01894580169173,7.56699329386369,16.576087951660156,2.5182085037231445,3.827761408487216,10.823220566687606,44.894695287499374,-0.4369566046361655,,,4.518996821136571,nan,,,1.0279299020767212,,None,6.0713582239767625,-25.666425684663015,4.727062549215965,0.09995641559362411,-29.05610900241195,0.06763242930173874
Gaia,DR3,3715893043213206400,199.65544722518317,3.6356969816885556,15.714776992797852,2.1646270751953125,0.40450750001673486,16.002461687049717,64.70224643837811,2.1237702176026723,,,4.510354161297619,nan,,,1.0459507703781128,,None,5.676904605228266,-25.628714598230893,6.008475425302027,0.0595594197511673,-25.433801628539022,0.037573330104351044
Gaia,DR3,3709612525420729088,192.16235219618247,7.126225546218367,17.58849334716797,2.9758338928222656,4.879688304853115,9.867888997801137,48.93912541949114,-0.324644714350125,,,4.928179306721033,nan,,,1.0373353958129883,,None,6.668734819326063,-27.98079038614334,2.8908690667595756,0.1798754781484604,-24.600239483793498,0.16993790864944458
Gaia,DR3,3810777838673353984,170.92797723591661,2.1950211127871806,16.567703247070312,2.23740291595459,1.836867807379208,12.78591469952343,54.15432920904788,-0.5361182253886305,,,4.096313899782322,nan,,,0.9684022068977356,,None,6.11090228804378,-23.11205350106575,7.234078084214802,0.06839276850223541,-24.232124325690652,0.0665384903550148
Gaia,DR3,3800356495666456192,172.7000974400176,2.63724366764414,16.414518356323242,2.0713090896606445,3.401802159767545,11.031586530877979,67.73503678055205,-0.5243081220233297,,,3.5614680316752496,nan,,,1.0241351127624512,,None,5.2991215080636636,-20.09821277008947,7.853039720246472,0.06309718638658524,-20.07225788606024,0.047244925051927567
Gaia,DR3,3796975085094341888,171.45783608714135,-0.9561622514835171,10.333606719970703,0.7170801162719727,1.9922046892349268,12.60463588823895,55.847699908706346,1.0003363304719448,4.581787586212158,0.314222127199173,3.9818059827987486,nan,,,0.8692603707313538,,Gaia_DR3,5.936028794978112,-22.45585020035047,6.391250019776139,0.018530672416090965,-24.064964002364395,0.017488747835159302
Gaia,DR3,3795015205618304512,179.4125333038995,-0.17929373210222224,10.120747566223145,1.0660581588745117,4.239681878146949,4.812721842281679,19.922665911376704,1.6104373088167154,-1.6493459939956665,0.24079902470111847,4.342050118958647,nan,,,0.8188971281051636,,Gaia_DR3,6.3405580843664335,-24.49487248672801,7.403503715440578,0.02014380320906639,-28.227247989280364,0.010909494012594223
Gaia,DR3,3797447840734593024,172.67727567800577,0.22239285671412842,17.4410343170166,2.7877426147460938,3.8459860026590977,11.177807710416186,65.37573467846383,0.6005167001542899,,,5.46778619599126,nan,,,0.9241191148757935,,None,8.135863621846463,-30.854086891696785,4.7252728695577275,0.11509446054697037,-28.022034951482937,0.09492313116788864
Gaia,DR3,3799231690975673472,174.07295382928476,1.4782471175198202,18.78916358947754,3.0491294860839844,2.463035269077148,9.655445093901493,52.148671624812934,0.18563123244305224,,,3.7693235068516624,nan,,,0.9543355107307434,,None,5.593309094575549,-21.27873372652649,7.484727954548633,0.2679139971733093,-20.77574994012877,0.19826491177082062
Gaia,DR3,3716900367662573184,197.28274237970953,4.477670519030776,16.3095760345459,2.2668991088867188,1.9532751017418506,13.770329787704668,59.70710145792961,1.4781905280678913,,,4.0176276899031516,nan,,,0.9893276691436768,,None,5.186703113652326,-22.836369916195643,6.253941200936736,0.08046518266201019,-24.100426548751045,0.0606670044362545
Gaia,DR3,3730219469269167104,195.4831590409849,6.814933490772873,19.6608943939209,2.8745899200439453,2.7486982318366624,12.686876907346122,57.11840157921874,0.1855186601025256,,,3.9463959108396116,nan,,,0.9873330593109131,,None,5.1857526125789954,-22.443849822990547,4.533748967870261,0.4595591723918915,-24.6356812273085,0.4346403181552887
Gaia,DR3,3729135939214950016,197.63127975147873,5.689035611747189,11.702553749084473,0.9226541519165039,3.1868442850307077,14.3674189330046,59.078694907398706,0.9452008050625604,10.942920684814453,2.998857259750366,4.617062525782112,nan,,,2.4632315635681152,,Gaia_DR3,5.939260624558206,-26.27174272707121,4.1874452862881135,0.07571294903755188,-28.83152565590573,0.07658271491527557
Gaia,DR3,3709572943002019072,192.07446131094528,6.9055926610522755,17.79549789428711,2.941709518432617,0.8549272567063614,9.680236628088704,45.737324858869336,-0.23077119081819575,,,3.933453118172583,nan,,,1.0175272226333618,,None,5.326520639359308,-22.33290970760088,5.534913744237692,0.2302665263414383,-23.01050357508553,0.23085568845272064
Gaia,DR3,3710137679661922176,189.35198675238087,6.937424987500622,19.104738235473633,2.9723243713378906,4.6130222646748456,7.496483510251813,31.916257100794663,-0.551769256985402,,,4.480557820188228,nan,,,0.9927152395248413,,None,6.195534702329311,-25.403876416487748,7.628229621838013,0.3398968279361725,-29.518813099711167,0.38298267126083374
Gaia,DR3,3810465577371010688,168.02008003519845,1.667866703688468,17.282230377197266,2.611867904663086,2.1645108107768767,15.695186629454449,63.95966092243978,-0.6492523875357348,,,4.271940386470928,nan,,,1.053944706916809,,None,6.387038188044288,-24.096964489211445,7.907664313736957,0.11390384286642075,-22.877364502277135,0.09549792855978012
Gaia,DR3,3812436933000249728,171.53418700588284,3.5103543877405743,13.799564361572266,1.2686395645141602,4.080300633730144,12.2691399275053,67.37401972203246,-1.0752856605500734,-13.611624717712402,4.137451171875,3.6446638203240984,nan,,,0.953369677066803,,Gaia_DR3,5.432848798333534,-20.552412714529147,7.642728041722599,0.019595304504036903,-22.776106194553915,0.01878947578370571
Gaia,DR3,3813163946409064064,172.01268386849011,4.466853883260277,19.52318000793457,2.7830352783203125,1.5777754796795915,11.952323997910533,64.81452982392982,-1.4625625332927532,,,3.6734196301964204,nan,,,0.9908883571624756,,None,5.471875588198171,-20.70133220523543,5.220654776172092,0.4382193088531494,-19.505618609952084,0.33385488390922546
Gaia,DR3,3799296394658772480,174.18063616706797,1.9224632561407615,16.096426010131836,2.513138771057129,4.465923155476192,9.534326848021355,59.13631975322098,-0.008640391137262782,,,5.362021624925248,nan,,,1.0273948907852173,,None,7.954841888141116,-30.271115703005826,8.533442882768176,0.0529046393930912,-25.25624720488587,0.03796952962875366
Gaia,DR3,3797476767338774656,171.863063266595,0.04887045295111409,18.52901840209961,2.9864444732666016,2.5637148906113056,12.009263336541443,58.312646282706964,0.5812221293319153,,,5.070026351462477,nan,,,0.9753626585006714,,None,7.553954615492739,-28.60740613804379,9.385335141188706,0.2686145007610321,-26.56918125658571,0.2073320895433426
Gaia,DR3,3800612063400642688,174.3390445393551,3.410339364834974,17.700075149536133,3.0605926513671875,2.390030788726092,9.481043296962653,56.85809925206711,-0.6841225023413422,,,5.279826988590621,nan,,,1.0712039470672607,,None,7.830133889438914,-29.798077030405103,9.204152959758918,0.16686369478702545,-32.075958143464135,0.16803057491779327
Gaia,DR3,3799046736799611904,175.21268350263753,1.4991064586125193,15.804564476013184,1.9112739562988281,4.656530991110569,8.51668228327053,63.91308312819068,0.3155865786506382,,,3.503460160023396,nan,,,1.145275354385376,,None,5.184888710916821,-19.780622047992864,7.4559944101987154,0.05296234041452408,-17.19802169036942,0.03808101266622543
Gaia,DR3,3730300936208682368,196.38227588336267,7.116975529624061,18.436996459960938,2.826435089111328,4.856184832026763,13.62773494168042,55.668519511109935,0.13997581563866213,,,4.531864923473063,nan,,,1.013480544090271,,None,5.903598803853203,-25.785620493749796,8.927592649550755,0.2760310173034668,-29.304094260598315,0.22207650542259216
Gaia,DR3,3730857190308692736,198.2232699514445,8.393089472855147,8.221635818481445,1.0495190620422363,4.765227876765569,15.800808586614503,64.21691520959999,-0.26626617284247267,,,4.581140226153731,nan,,,1.0573464632034302,,None,5.856647273675587,-26.09026794885005,6.727320092767647,0.03363510221242905,-21.571360630748504,0.03912384435534477
Gaia,DR3,3799658752459461888,175.08413926015962,2.175678961359547,14.01752758026123,1.7873611450195312,4.936564761239802,8.633057954047247,53.390632367727804,-0.01620896305352204,19.270889282226562,2.4702014923095703,5.221164540404912,nan,,,1.0027191638946533,,Gaia_DR3,7.729467608431916,-29.48021405191109,7.423660043602885,0.020559530705213547,-24.055278274719335,0.014966905117034912
Gaia,DR3,3811097590398561792,170.3692565434176,3.1141233434760407,9.880539894104004,0.6660690307617188,3.851189514398846,13.386834526838602,60.263504920543056,-1.033962491801514,19.497671127319336,0.5049097537994385,4.9565586723076995,nan,,,2.92252779006958,,Gaia_DR3,7.398850965512354,-27.94918299647137,4.328174467629142,0.06171267107129097,-30.54998173475782,0.04630901291966438
Gaia,DR3,3785656089626951424,170.63096433677322,-5.87237698004763,12.481698989868164,0.9344406127929688,3.6894549234695124,15.242654542649918,62.808186082874094,3.186259084665801,-10.05972671508789,1.1411305665969849,4.196312686713094,nan,,,1.0659173727035522,,Gaia_DR3,6.262239383013739,-23.511876413908197,3.1310724446628355,0.01730864867568016,-24.432787457639574,0.01404463592916727
Gaia,DR3,3786570058667748736,170.82900537891655,-4.985453522296468,17.985431671142578,2.656312942504883,2.3833801468742104,14.636248960330839,62.33219309779172,2.7990967103422513,,,4.061624758638472,nan,,,1.0911785364151,,None,6.059867080697282,-22.794932703605298,7.853265129546427,0.23556356132030487,-21.821135605282876,0.12225884199142456
Gaia,DR3,3735920024742131072,197.88495426284732,10.761022271488118,19.507875442504883,3.2017669677734375,2.131429663046307,16.58516878789838,68.8040017939694,-1.4167053590032417,,,4.796373715457397,nan,,,1.0479028224945068,,None,6.153669568540366,-27.274826232692945,4.173023503109752,0.5178509950637817,-28.124335605958546,0.532077968120575
Gaia,DR3,3891407328441190528,179.44910542944723,0.9450851765743825,17.340106964111328,2.8100814819335938,3.2592142378780546,4.390679513004511,26.42769802766338,1.089780947907606,,,3.951563454433791,nan,,,0.9768283367156982,,None,5.769529269521475,-22.314124989278035,4.528496442892674,0.11810771375894547,-19.899342178109933,0.06671720743179321
Gaia,DR3,3895807127298548864,178.4025858822894,3.716922513224684,15.295973777770996,2.0803356170654297,0.9244121874582149,5.591521888797655,30.0065284516499,-0.33241434777766266,-27.849166870117188,8.556591987609863,4.67805487918609,nan,,,1.0505610704421997,,Gaia_DR3,6.8567100374224275,-26.429553561230932,6.223409342276839,0.038648754358291626,-25.773799376692573,0.024608299136161804
Gaia,DR3,3891710243894807040,181.74402819900394,1.614860358207975,17.98610496520996,-0.2191028594970703,3.0402978186071365,2.0067134659501673,58.62398726764212,1.0526066883937073,,,3.421723202357244,nan,,,0.9548901915550232,,None,4.947666216853535,-19.335652205277473,2.7638985426077896,0.19940344989299774,-19.133883238184623,0.10508548468351364
Gaia,DR3,3811069655931313536,170.63042284153497,2.8710109836713467,16.474613189697266,2.235820770263672,4.164047329271123,13.109211089132819,53.230562758835624,-0.8883219339455524,,,4.326486638327523,nan,,,1.0213682651519775,,None,6.456504412186481,-24.401573770659446,9.69681771802115,0.06848235428333282,-26.382567167461815,0.05823111906647682
Gaia,DR3,3786235669693886336,172.39238565884904,-4.552519872590955,13.18000602722168,1.2024097442626953,4.880638558216541,13.062855795571394,63.56560994549957,2.7901666030322465,37.802398681640625,1.778578281402588,3.7961241773620746,nan,,,0.8318283557891846,,Gaia_DR3,5.651227040352244,-21.308946873584453,1.8397899817683616,0.01753239333629608,-20.455655432815288,0.013286829926073551
Gaia,DR3,3734567281842272256,195.10607615545237,10.279143753501412,19.051076889038086,2.803050994873047,4.149056484579213,14.035457856803628,57.1119230037196,-1.4842832997575552,,,4.292325816734142,nan,,,1.008196473121643,,None,5.660360626573031,-24.370122977685426,8.461006283192807,0.43744927644729614,-26.87041007638669,0.27847594022750854
Gaia,DR3,3735686760772954624,193.55368641899722,11.414492662177961,19.196979522705078,3.1955394744873047,3.7998928886697643,13.578884399286233,61.25549681897299,-2.1844912809502386,,,3.92586041141328,nan,,,0.9231504201889038,,None,5.250182572278415,-22.232787936924886,2.3615973577909335,0.35262560844421387,-20.989386626348097,0.2548062801361084
Gaia,DR3,3897224535225610368,176.08061245436676,5.43330797217202,9.514277458190918,0.6532688140869141,4.495934799403838,8.373264707617084,61.99790040232653,-1.4158369467057508,-9.861747741699219,0.22237980365753174,5.552819656105864,nan,,,1.090612530708313,,Gaia_DR3,8.198840351404446,-31.31461352109877,13.45977565096606,0.020956283435225487,-31.170926326708095,0.014801650308072567
Gaia,DR3,3817000078053804672,169.48365527849265,5.988285649359488,14.244256973266602,1.527571678161621,4.789088471897908,14.757391931697175,66.76258050506763,-2.4818319431776494,8.340960502624512,4.204433441162109,3.8984300949532686,nan,,,1.0366679430007935,,Gaia_DR3,5.823980250574248,-21.902901141503634,8.946558052236457,0.022563165053725243,-24.298750382167622,0.020129095762968063
Gaia,DR3,3816860985537875072,168.9442669319543,5.468520717556662,18.95638656616211,2.9853267669677734,3.0800864924286517,15.15234718597759,62.07739219052903,-2.306500875600465,,,4.6268394996834115,nan,,,1.3234200477600098,,None,6.914717361738411,-26.01009148968555,4.029081680697198,0.44010964035987854,-26.845993537049296,0.38194596767425537
Gaia,DR3,3891958699162593024,180.7638493977741,1.9775193332874605,12.564726829528809,1.2187461853027344,4.749348427378348,2.9547769426555552,45.06852436719775,0.7655801560527067,-8.727185249328613,1.124756097793579,5.246139426852715,nan,,,3.818448543548584,,Gaia_DR3,7.618795007503886,-29.647450142913115,4.18818022831532,0.0856296643614769,-33.62482681017049,0.03890126198530197
Gaia,DR3,3897342281753371648,177.48272108728386,5.198747737438785,19.172826766967773,2.6832523345947266,4.997111985865575,7.013010650885971,38.658411848627765,-1.1361538475256987,,,3.867124660773223,nan,,,1.0721385478973389,,None,5.685778129085213,-21.825472770795784,2.136716548878034,0.39438802003860474,-19.825492488032797,0.2691512107849121
Gaia,DR3,3897594005492320128,176.6166179981396,5.590377375442945,13.957435607910156,1.758753776550293,3.9401602204653083,7.95909260475208,37.56221270139193,-1.4239995217346912,-4.127494812011719,2.847494125366211,3.9839041586260553,nan,,,5.0931572914123535,,Gaia_DR3,5.8732306013774505,-22.46886981751831,8.629950121998302,0.10274834930896759,-24.299402834556854,0.09230314195156097
Gaia,DR3,3897857540390077184,177.21492721950995,6.953725551130052,17.335617065429688,3.0661354064941406,0.6182460668966234,8.178825552657772,57.26377368336409,-1.987337600484513,,,5.393577856091203,nan,,,0.9922950267791748,,None,7.936888509875301,-30.382189349740223,7.2868356810596255,0.12438101321458817,-30.649737152782702,0.09842856973409653
Gaia,DR3,3900891848885012096,187.38220022379116,6.952633801416325,19.21641731262207,3.1498546600341797,2.182902521483045,6.177724341550012,34.0077540252761,-0.7841391673360061,,,3.909276880623138,nan,,,1.0073128938674927,,None,5.478892005302939,-22.142054463306557,4.0540597923168304,0.3971036374568939,-21.04382005391642,0.30071815848350525
Gaia,DR3,3897262635879741056,175.54819079720903,5.5758605209577095,19.086938858032227,3.048940658569336,4.407286655916133,8.915609722737653,49.40318871310184,-1.5471270595618325,,,5.049854251321491,nan,,,0.9643959403038025,,None,7.466985625542097,-28.467608847512487,5.942625514796433,0.32846036553382874,-24.03032227160918,0.253154993057251
Gaia,DR3,3899456440751025664,178.991136264691,7.740409951224197,15.523073196411133,2.1899309158325195,3.155571157835813,7.450165393400795,32.242295315860254,-2.1401298115947025,,,4.1126848746856,nan,,,1.039536952972412,,None,6.015202579661624,-23.166218292117165,8.74656598845964,0.038415975868701935,-23.00933240062657,0.026053166016936302
Gaia,DR3,3893952869657550848,184.21710989045044,3.9637731577196083,16.42833709716797,2.415593147277832,3.870125291148116,2.0563366907187355,27.68954684656215,0.24722036162007655,,,4.811982518150323,nan,,,1.055120825767517,,None,6.872289211005326,-27.2333822976151,10.268580658386423,0.07270065695047379,-25.264124514374025,0.0515117384493351
Gaia,DR3,3795841621749576960,175.93267816822515,0.2753174836310259,18.830522537231445,2.86962890625,3.1782280983895523,7.967816177971231,36.700992884727135,0.975220912407762,,,4.013408095219007,nan,,,1.0384624004364014,,None,5.928303377537947,-22.649283879746335,5.365129335972502,0.28760048747062683,-20.019926718078782,0.21601830422878265
Gaia,DR3,3790681922917895936,169.52104325809626,-2.398667397220517,18.87105369567871,3.228374481201172,4.447767112148734,14.852251632248496,60.17090197516186,1.4340750761578525,,,4.347686622725468,nan,,,1.0769656896591187,,None,6.49495080961343,-24.497589872569378,10.309390505742995,0.32890209555625916,-25.93572005510218,0.2785675823688507
Gaia,DR3,3798773503864609024,171.28897790930205,2.061774518078061,16.765235900878906,2.882784843444824,3.3026766668689764,12.424020826973283,56.74065792861189,-0.4293969476353503,,,3.923297890063743,nan,,,1.018464207649231,,None,5.8501316555724365,-22.138168111910836,7.916815895185855,0.07589022070169449,-23.924271234633174,0.059293232858181
Gaia,DR3,3794895732512276864,179.0226140678625,-0.5804968625232853,18.84016990661621,2.9808387756347656,2.9436459195778983,5.34393665516378,62.32428773096273,1.750513817820348,,,3.42810414381403,nan,,,1.03132963180542,,None,5.013349437056725,-19.33073181058426,4.063311301223301,0.3539753258228302,-21.234117615424488,0.2513742446899414
Gaia,DR3,3787144244255473536,172.72883336945208,-3.71088869313122,16.343469619750977,2.414979934692383,4.601803384291051,12.36682457148735,51.67370681933268,2.4403420291494875,,,4.145887146390522,nan,,,1.098486065864563,,None,6.168369925134087,-23.303274084391166,6.34644560799336,0.0800127163529396,-27.32128155062438,0.050195418298244476
Gaia,DR3,3786837897124060288,170.1990867419957,-4.5017970279954405,10.49063777923584,0.7036676406860352,1.7940510462236143,14.980016688770327,65.69323116176676,2.496872438650435,-11.378646850585938,0.29848238825798035,4.976103449885176,nan,,,0.9124260544776917,,Gaia_DR3,7.429301968540413,-27.95744992791557,8.950456433727142,0.018646573647856712,-26.84932268613527,0.01599040813744068
Gaia,DR3,3900025468082071296,180.47578221172452,8.9614533830554,18.549327850341797,2.919198989868164,4.035594480760451,7.702244828720163,62.988150513847195,-2.5317070904327963,,,3.4863646332654223,nan,,,0.911935031414032,,None,5.069315568336102,-19.620760920548378,6.8978067393711635,0.21410900354385376,-21.956097261275005,0.139071524143219
Gaia,DR3,3796730886137959424,172.59602926489487,-1.1969472121834253,13.083200454711914,1.0940618515014648,2.601742414394472,11.564240244926554,51.96412213497904,1.252917397505282,21.461210250854492,2.0770790576934814,3.971410133653873,nan,,,0.9606273174285889,,Gaia_DR3,5.9101421816451065,-22.39104720750317,3.8395485353799548,0.016142074018716812,-21.71484175660859,0.01139499619603157
Gaia,DR3,3897321425392446208,176.97378645766406,5.001384647719161,18.81075668334961,2.9066810607910156,3.3584959319574037,7.384961858057711,35.06049437734922,-1.1057122884427937,,,3.9944842631507886,nan,,,0.9500983357429504,,None,5.882477385449578,-22.54288365438088,3.1058003062638733,0.35002097487449646,-22.005956373815714,0.26823630928993225
Gaia,DR3,3896671751459501312,178.29570117627588,5.1950592830540065,19.53457260131836,2.7389583587646484,2.3345003037116445,6.302146380027986,46.18443343491503,-1.0360742633890716,,,3.6861208484317585,nan,,,0.9728137850761414,,None,5.404842231518565,-20.81092485700193,6.274132238090006,0.42531058192253113,-19.218694805441267,0.2919072210788727
Gaia,DR3,3798274536039673088,172.12597904808027,0.6556680043956195,16.909862518310547,2.934401512145996,4.107946442193441,11.665154242107043,50.310560427921374,0.3303195511329715,,,4.7037643129422335,nan,,,0.9600057005882263,,None,7.005427882082882,-26.545775549061716,5.035970309209791,0.08837566524744034,-30.11146959274959,0.06234585866332054
Gaia,DR3,3797537996392180992,172.84960783338528,0.22043360605603207,18.237916946411133,2.896883010864258,4.589269377081451,11.007974728293709,59.264571439949265,0.622643743924276,,,3.718945301289062,nan,,,0.9649209380149841,,None,5.531966049206231,-20.985627322769332,2.0207045041699887,0.17565616965293884,-20.200606119960053,0.1434202939271927
Gaia,DR3,3794092543563464448,173.17580320231409,-1.2102378255859305,10.624855041503906,0.8098869323730469,4.404961085819753,11.01165774950085,57.77723626910413,1.330450034780137,-12.301523208618164,0.3055800795555115,5.1679251869071035,nan,,,1.1187416315078735,,Gaia_DR3,7.682709491294666,-29.13510997150015,6.70436376490693,0.032648246735334396,-24.43690617140036,0.020024366676807404
Gaia,DR3,3799319896719816960,174.20901885819248,1.9467845732017375,16.42337989807129,2.4627485275268555,4.56720621240175,9.505806436892133,38.73090291962764,-0.01651888724028261,,,4.354822248410867,nan,,,0.966985285282135,,None,6.4602030684065035,-24.585108075871645,2.312113255095352,0.06676045805215836,-23.973889742061527,0.05175254866480827
Gaia,DR3,3794081651526170880,173.48646931699258,-1.2661068904728427,17.238645553588867,2.5096511840820312,3.6845856398554493,10.73132587953298,50.86579604021948,1.3946996229289583,,,3.900355616159945,nan,,,1.0280864238739014,,None,5.794821809736119,-21.987185650362804,7.56868614366872,0.09994187951087952,-24.44316489022578,0.07071832567453384
Gaia,DR3,3794684286977652224,176.50073506826138,-0.9041766195180919,15.221532821655273,2.2097082138061523,3.7498148943727596,7.7690395314534335,56.30206442635504,1.5950612585278456,9.331888198852539,6.308335304260254,5.386418648463613,nan,,,0.9813698530197144,,Gaia_DR3,7.9435857210340615,-30.367242746640372,6.607581725414276,0.04136942699551582,-26.32431202841939,0.022499918937683105
Gaia,DR3,3799059690420977792,175.1598399734123,1.5660990472466714,16.755258560180664,2.3823461532592773,2.9836897117897214,8.565869286458772,62.24476345328796,0.27782340716999165,,,3.530200710193072,nan,,,1.0354067087173462,,None,5.225158327533842,-19.931729316838688,7.213833793357983,0.08852402120828629,-18.94398213399499,0.08345893025398254
Gaia,DR3,3800449026441933312,173.12855158197644,3.164080167933633,11.57423210144043,0.7577295303344727,3.5192160277430786,10.64833755737055,59.94141794111199,-0.7176203782869042,7.087550163269043,0.7455140948295593,3.6797359658270725,nan,,,1.1145844459533691,,Gaia_DR3,5.4708349909867175,-20.76326581178563,2.8840274234403784,0.021239906549453735,-21.635633942996872,0.017008954659104347
Gaia,DR3,3896045893120170112,177.32026064025135,3.7978017207052566,18.20940589904785,2.8034000396728516,4.057797691396411,6.64843360119478,35.97906552871286,-0.5014263170478017,,,3.90014415940639,nan,,,1.0638853311538696,,None,5.737318984857751,-22.027026453991667,9.073576435707071,0.23235106468200684,-22.015041191387002,0.20671230554580688
Gaia,DR3,3902865957588684544,188.1851811705004,8.88885787499187,15.009411811828613,2.081915855407715,4.231220350303822,8.2235875017349,61.08005444334468,-1.599121244993908,-15.577595710754395,3.891228199005127,5.528613793121498,nan,,,0.9470048546791077,,Gaia_DR3,7.707249363156838,-31.2818994780192,3.5644189998655866,0.03592007979750633,-28.606830222048117,0.031047284603118896
Gaia,DR3,3811280349847072384,167.37112929301995,1.9397933640097846,19.184795379638672,2.861936569213867,1.6353928555721131,16.33968808934853,67.28610541434627,-0.8563886498195421,,,4.729522595512737,nan,,,1.0034161806106567,,None,7.072183340459805,-26.671987209678605,7.949152157249341,0.33884716033935547,-25.29736827084851,0.22344113886356354
Gaia,DR3,3900223968586486144,185.59700642419085,5.4365405912354,15.113409996032715,1.795858383178711,1.501089770529193,3.941527749600725,56.64633406021356,-0.28071145768341665,18.78370475769043,5.618237018585205,3.4710092925104408,nan,,,0.9670719504356384,,Gaia_DR3,4.918675766592604,-19.653584288805547,5.904197777687343,0.03685717284679413,-19.168619043707068,0.02697981894016266
Gaia,DR3,3800433392760909568,172.71247417493728,3.078326945563769,16.707563400268555,2.2419071197509766,4.725235556999229,11.052905399185738,53.16227709125886,-0.7287124961908971,,,3.8696626710016306,nan,,,0.9511501789093018,,None,5.75756062742653,-21.83355343711068,9.58033962145213,0.07502193748950958,-22.328414854938785,0.053446073085069656
Gaia,DR3,3799187955324483712,173.68834705836036,1.4957059787801659,9.704610824584961,0.7894811630249023,2.878463542164535,10.03851838667511,52.633388089299764,0.13025396951027624,,,5.06152432941633,nan,,,1.0413269996643066,,None,7.516918118899747,-28.572259306258903,10.587950494173095,0.020195623859763145,-28.61838265667905,0.016580596566200256
Gaia,DR3,3800643296402755328,175.11833931834218,3.3770357709531114,17.40270233154297,2.7127838134765625,3.4532685673864085,8.70717060282463,44.24583280573345,-0.5732039696570892,,,4.8731565356054904,nan,,,0.9719616770744324,,None,7.213657991174047,-27.509115704175507,10.542534126440176,0.1230173259973526,-28.73545072089889,0.102347232401371
Gaia,DR3,3911698093976811904,176.80632289240873,8.23653281249717,17.474849700927734,2.863292694091797,2.833905119304969,9.309639187355739,47.52388790017445,-2.6339195689529182,,,4.935790164122194,nan,,,1.907212495803833,,None,7.272406112838082,-27.742739320866747,5.089598968069778,0.22028645873069763,-29.725236047944822,0.20668144524097443
Gaia,DR3,3908201681360883072,185.33978009396307,12.107533147742112,16.35615348815918,2.7131519317626953,2.8655037793871903,10.265615345858638,55.32188558047451,-3.4264460515159048,,,5.146290831442201,nan,,,1.04523766040802,,None,7.303631849857085,-28.89982137703354,9.683128266309975,0.06683307141065598,-30.900411271957786,0.04082692787051201
Gaia,DR3,3811091714883300608,170.35709928601128,3.1107152990291485,14.80323314666748,1.8965387344360352,4.983286310406875,13.39866283289363,61.606657866537674,-1.0338717785919345,25.700389862060547,5.562826633453369,5.028281694235927,nan,,,1.0957759618759155,,Gaia_DR3,7.506009047496876,-28.35359555745544,2.8160885823015573,0.031619712710380554,-30.78419484200396,0.02677389793097973
Gaia,DR3,3900069074886136320,179.4147440827958,8.947643909258629,17.843448638916016,2.684978485107422,4.641363827404508,8.189038301324315,33.87124662697,-2.651642403454985,,,4.420633390119839,nan,,,1.4245103597640991,,None,6.4552558028366605,-24.860706394155095,10.287586768372682,0.2501024901866913,-22.85523730381585,0.162153422832489
Gaia,DR3,3903075070957649152,190.63905647765597,9.087586172969598,11.626666069030762,0.7583494186401367,4.5572897986091885,9.90186633065367,48.01939612229686,-1.4150730430216347,-5.3654913902282715,0.4866695702075958,3.8915158062448563,nan,,,1.6600428819656372,,Gaia_DR3,5.329912245154224,-22.050597805517494,7.328131942616608,0.04398515075445175,-18.890732781231094,0.03720223903656006
Gaia,DR3,3904692108964195712,182.49334685824923,7.564094003537322,15.434480667114258,2.054755210876465,1.175840423144658,5.727860038215519,40.774767787681654,-1.640825253301534,-2.3831334114074707,6.383314609527588,5.005571295848964,nan,,,1.0044974088668823,,Gaia_DR3,7.212270044557812,-28.261039477840434,7.850062129244023,0.040590088814496994,-27.196734038530245,0.022488683462142944
Gaia,DR3,3813049876372867840,174.1860012752505,4.773655877797332,16.75292205810547,2.754227638244629,4.120729746020622,9.921771197403961,44.366967169535684,-1.3391816355732118,,,4.706807245291221,nan,,,1.176389217376709,,None,6.982714099351401,-26.5388584366115,9.119222834156718,0.09537085890769958,-30.02501776488577,0.08096403628587723
Gaia,DR3,3903062014256649472,189.68304338358493,9.341161605482661,15.540553092956543,2.32961368560791,3.321379151302199,9.461452806360974,48.459829264160334,-1.6412215136069452,1.9624117612838745,9.031718254089355,4.956390295398546,nan,,,1.0492192506790161,,Gaia_DR3,6.837079065661414,-28.05924974036185,4.893982471988901,0.04463252052664757,-30.93463054823645,0.049696631729602814
Gaia,DR3,3903450141860619776,189.29702842129456,10.28215784323412,15.848751068115234,2.502223014831543,3.618367134964428,9.99056889998228,62.154465063615206,-2.1251449379860983,,,3.5996183748824166,nan,,,1.1389178037643433,,None,4.979370475750779,-20.349061467580423,4.292369516378004,0.06080813333392143,-17.690649886816843,0.07507365942001343
Gaia,DR3,3810609819552494976,170.10310335573425,1.285865186862783,13.902961730957031,1.4602365493774414,3.7365880006833327,13.62875421123221,61.78218126052911,-0.21349494943278646,56.00098419189453,5.309919834136963,3.9145175657925617,nan,,,1.027782678604126,,Gaia_DR3,5.844901937164773,-22.088686227729124,4.41094984623809,0.01967789977788925,-19.358889640057082,0.01687372289597988
Gaia,DR3,3800449026441956864,173.12878373216762,3.1647266844923885,18.63583755493164,,3.005422289928571,10.648176870445957,56.17752371106235,-0.7178936918804704,,,3.757975951583781,nan,,,1.0690330266952515,,None,5.5871555841772285,-21.204737322016477,3.5283949929647727,0.5228386521339417,-22.400748040386027,0.5983278155326843
Gaia,DR3,3813534825424517632,170.0967533719624,4.378870489266874,19.71282196044922,2.6175765991210938,2.2740434797435785,13.813587159309554,58.291526694917344,-1.6572779119182623,,,4.734254614465473,nan,,,1.030727744102478,,None,7.068922526212665,-26.66378645324142,8.938776337011717,0.5291728973388672,-27.950079451632593,0.42231377959251404
Gaia,DR3,3817489154570064512,170.09692501485583,6.838425362773869,13.96947956085205,1.7677936553955078,3.2403595811316923,14.42585030684668,64.13068049841307,-2.801486136393949,0.42659875750541687,3.7234160900115967,4.989506796710631,nan,,,1.1025949716567993,,Gaia_DR3,7.450049500769504,-28.000649489415753,5.528848109389903,0.021019138395786285,-30.815915931566067,0.01648665964603424
Gaia,DR3,3909886339332315136,176.627975406491,7.1979465982349415,15.696566581726074,2.4839839935302734,4.1705993942835535,8.791793784471754,60.51341113259377,-2.1721037164415957,,,5.4698653887143225,nan,,,1.0234079360961914,,None,8.063622271733543,-30.79152404428249,6.970580761973391,0.04683775082230568,-26.10825792083335,0.030258338898420334
Gaia,DR3,3911305323511548544,174.6772944499023,9.243624555286782,10.47317886352539,0.8419256210327148,1.627047994982767,11.56786056708865,49.601388477837666,-3.3587616654113805,4.48582649230957,0.2715318202972412,4.6791292450081,nan,,,1.0348608493804932,,Gaia_DR3,6.933866569652471,-26.20908611342326,7.59129324518563,0.0209804717451334,-27.67318918645354,0.016715675592422485
Gaia,DR3,3912387728285517312,178.4335773651128,10.02616115222183,18.401199340820312,2.939760208129883,3.141151241808909,9.61919940582208,51.505643557980655,-3.269916970258693,,,3.780580645103001,nan,,,1.1263384819030762,,None,5.5406590683121415,-21.201125046482524,5.790306700290559,0.3214128315448761,-23.692094832892003,0.415240079164505
Gaia,DR3,3913335404229353856,177.5910416569226,11.155209848731781,12.277487754821777,1.0392532348632812,2.598723771775053,11.018016469283776,52.21646947940665,-3.8934819150786364,21.453317642211914,2.048450231552124,4.92165778719712,nan,,,1.1998730897903442,,Gaia_DR3,7.23369272886441,-27.50737049449765,4.857540456178261,0.020705049857497215,-26.233104335044903,0.01351151429116726
Gaia,DR3,3914015138637951104,170.86791928364667,8.411169684508408,19.111970901489258,2.8063831329345703,4.486107914738041,14.32352547716126,58.32168562511534,-3.4363969804104144,,,4.284568118754783,nan,,,1.0529179573059082,,None,6.392200381867175,-23.97863321708735,3.344393466133217,0.4620918035507202,-21.30852569498861,0.4691745340824127
Gaia,DR3,3815243402070210432,167.19498004777213,4.593015077496156,14.864389419555664,1.9601669311523438,2.942980557001947,16.704175494804083,67.62238944087058,-2.1147222220179165,24.169279098510742,5.222568988800049,4.339784057329169,nan,,,0.9679597616195679,,Gaia_DR3,6.489504040229182,-24.40994353890354,3.8927453103363074,0.02874908410012722,-25.121353081937272,0.024556651711463928
Gaia,DR3,3900050825569266944,179.72672121450788,8.85257548434971,18.221452713012695,2.8571853637695312,2.157851175661667,7.948767231502702,36.72439440975115,-2.570183410987868,,,4.65505751785993,nan,,,0.9589995741844177,,None,6.789309467222241,-26.189035082335764,8.78244007642074,0.20194478332996368,-25.47381862213276,0.12941230833530426
Gaia,DR3,3817274543643948544,169.32160463673353,6.679050193055756,15.354491233825684,2.040172576904297,3.9511678313573784,15.106750121513569,64.64933509246379,-2.8226393330387554,-33.42363357543945,7.110785007476807,4.041272866971445,nan,,,1.0934199094772339,,Gaia_DR3,6.038101301069098,-22.676303931350265,8.637844817903941,0.0402815118432045,-24.81461577246861,0.041369084268808365
Gaia,DR3,3891387567295395456,180.62481044297988,1.6128408924139683,19.22110366821289,2.9466896057128906,4.341798628655951,3.114373409772421,23.629429320165055,0.9193713803278616,,,4.670818930523041,nan,,,1.0064786672592163,,None,6.787295890483481,-26.39034846407335,4.978593435305507,0.5061615705490112,-22.516625856166026,0.34906506538391113
Gaia,DR3,3804068068964953472,167.76078208486044,-0.12197056691330596,14.376877784729004,1.5998735427856445,4.491017152909906,16.092920746503314,64.96209887521906,0.15416549598294793,-13.958500862121582,6.073399066925049,4.4512220237860705,nan,,,3.472907543182373,,Gaia_DR3,6.6555660014244165,-25.11510337796558,10.86612524186086,0.06895848363637924,-24.93993577055736,0.06058157980442047
Gaia,DR3,3891919803938553088,182.10202008687628,2.4476794966719138,17.10028076171875,2.674701690673828,1.217640705547182,1.686733261387821,28.998849981110478,0.7058917099919668,,,4.852501549263086,nan,,,1.058567762374878,,None,7.004816184001715,-27.43540442109135,5.840861918998482,0.14871689677238464,-27.87892704856809,0.07573696970939636
Gaia,DR3,3817609894690579840,170.5018894465444,7.474645552338839,17.83875274658203,2.7408924102783203,3.4848383744318325,14.273188339305966,63.278110485649464,-3.0471182264724677,,,3.9538440069565124,nan,,,1.0557894706726074,,None,5.901233001163758,-22.166719531319487,7.94035032268784,0.1484030783176422,-24.235288935774708,0.11438863724470139
Gaia,DR3,3812188615170827136,168.59705871890242,4.033606454518366,16.35523796081543,2.2338123321533203,1.989259012345778,15.242211187514005,69.0110139592589,-1.6812831179905814,,,3.88808389582939,nan,,,7.186621189117432,,None,5.811766246487618,-21.895168115473552,4.464308430702093,0.45892348885536194,-22.81324037470951,0.3448309302330017
Gaia,DR3,3819042794564174208,168.53499707654473,9.36959981467553,16.321186065673828,2.558591842651367,4.59647570882732,16.816243499567456,67.92234998449972,-4.164124628357543,,,4.377446680479316,nan,,,1.0332640409469604,,None,6.543444795388915,-24.398583419179595,9.502077398261365,0.0714484378695488,-21.35912960861451,0.08770032227039337
Gaia,DR3,3906204998308382336,181.77721165388047,9.955836282403457,18.594470977783203,2.997426986694336,3.587917472249666,8.217769645856876,52.818526947839565,-2.8405439851913368,,,5.232789553881197,nan,,,1.0005872249603271,,None,7.565234574560009,-29.426251651787105,5.6398733186195535,0.24680133163928986,-25.968200821719833,0.13123130798339844
Gaia,DR3,3908201677064864640,185.34013095531196,12.106057001470383,16.766067504882812,3.1067867279052734,4.064637696829434,10.264212241089506,51.5483518175565,-3.4257199185273164,,,4.990705875020093,nan,,,1.0067342519760132,,None,7.082810800072716,-28.026211130537625,10.350457338177536,0.08154928684234619,-30.784800242798,0.04899813234806061
Gaia,DR3,3894209193305790848,183.67087815343652,4.324377409680889,16.431859970092773,2.8146324157714844,4.882802710453394,2.356729952112528,20.44957582379165,0.013910111434345396,,,4.627220836491623,nan,,,1.0232281684875488,,None,6.627672170120211,-26.183967447018063,1.9217269876231744,0.08128561824560165,-25.448941867501482,0.0570252500474453
Gaia,DR3,3891526041337231744,179.35224362850292,1.5954390064324293,12.097284317016602,0.8772687911987305,4.224186458382062,4.381880949055803,28.412429559822424,0.7741685066360979,-6.474571228027344,0.8194330334663391,3.910480346660535,nan,,,1.2007516622543335,,Gaia_DR3,5.711672514206352,-22.090644927494672,3.1742227133997716,0.019769182428717613,-24.475528068148687,0.017585940659046173
Gaia,DR3,3813907804680182912,170.5413491430879,5.469520284371041,16.101165771484375,2.539867401123047,4.27115204190755,13.607257817328648,57.43433094145344,-2.110507742070933,,,4.724180118497082,nan,,,1.0980205535888672,,None,7.050682212947349,-26.576004904461747,4.412246163567882,0.05639640614390373,-23.23949778076106,0.04784843698143959
Gaia,DR3,3917359646851070976,171.89404711786048,11.839672275410184,18.206327438354492,2.8456554412841797,1.57002391545245,15.327230372456691,69.59968679679612,-4.892940246106564,,,5.147196606631517,nan,,,1.039078950881958,,None,7.668576649020743,-28.55984527146827,8.45026598572756,0.22815808653831482,-30.073524274670593,0.24657019972801208
Gaia,DR3,3909911662459448448,176.38780828986796,7.240276905695827,16.033706665039062,2.24239444732666,0.5572822412019454,9.009782133345114,60.611726806689234,-2.220888323747417,,,3.5753349143271937,nan,,,1.0917325019836426,,None,5.274435444166098,-20.122638654437672,5.308989964084071,0.06520482152700424,-19.704029567101934,0.04519258439540863
Gaia,DR3,3913708722786719744,171.31975902801338,7.7209741440252975,12.508305549621582,1.027491569519043,4.129640630341754,13.624889720823903,56.75498320868831,-3.061316660444092,-33.24349594116211,1.4920538663864136,4.660387773121938,nan,,,1.0530201196670532,,Gaia_DR3,6.948942939413477,-26.12807937168008,10.988422651056212,0.016593601554632187,-26.506781498816128,0.01586666889488697
Gaia,DR3,3914192885860280064,172.98124383599963,8.506116008277397,14.97498893737793,1.7319831848144531,3.406582421936142,12.529265410775503,53.01746726181221,-3.222747123937612,9.370609283447266,7.510544300079346,4.678920367552734,nan,,,1.0909738540649414,,Gaia_DR3,6.958274302033274,-26.218001179507027,6.198394747619218,0.03653045371174812,-22.944922291443593,0.02910052426159382
Gaia,DR3,3892844046541141248,180.49244962118107,2.8848816995096964,16.335521697998047,2.172856330871582,3.1079039998279825,3.352744749546583,30.968721567541248,0.3086589900897998,,,3.820918957644533,nan,,,1.018547773361206,,None,5.555382852383319,-21.598857906989327,7.212244999099858,0.07208874821662903,-19.72223384711491,0.03543860837817192
Gaia,DR3,3893016704226417280,180.34498478359163,3.455114147586029,17.918325424194336,2.7050018310546875,3.3255746686795216,3.6848411397165917,15.303743300183806,0.024241436306015274,,,4.22694985704084,nan,,,1.1345878839492798,,None,6.149509206089334,-23.894668066368762,3.567685159735131,0.2035161852836609,-25.34921786765928,0.09230335801839828
Gaia,DR3,3891403205272616064,179.6004568297969,0.8883949202068896,11.729162216186523,0.8489131927490234,0.6789811392332316,4.257756395462486,30.157424773559217,1.1345423449415382,6.57468318939209,0.6616302728652954,4.783128589881769,nan,,,1.1757664680480957,,Gaia_DR3,6.979560817884515,-27.00908360735629,6.654373555749797,0.032279495149850845,-27.611563978671974,0.019236251711845398
Gaia,DR3,3891730035102815488,181.64524577380527,1.842974166092195,19.507719039916992,2.7318496704101562,2.956446803979618,2.077745532364065,63.316875090181135,0.9341334794921519,,,3.367712444214681,nan,,,1.0053374767303467,,None,4.871775070984567,-19.03300169757393,5.618167459457681,0.5151165127754211,-17.071274505258497,0.2904617488384247
Gaia,DR3,3893086557574847232,179.20133909507967,3.1623333852021704,15.257621765136719,1.719862937927246,1.613796502906325,4.669684646136488,69.4188683217653,0.02340978482730982,,,3.3298355211118533,nan,,,0.9490786790847778,,None,4.866373171204527,-18.817660770528285,5.6602077199052285,0.03893691673874855,-19.62581879936441,0.026620035991072655
Gaia,DR3,3817190053047356288,168.1580708590402,6.087214436878686,10.143016815185547,0.61279296875,3.7230760881747034,16.057518257348942,65.39708561638302,-2.6908054435770783,-14.778348922729492,0.5456946492195129,4.618024824856961,nan,,,0.8664588332176208,,Gaia_DR3,6.904150509667728,-25.924718972144497,8.599113885047528,0.017820999026298523,-29.12849531586355,0.015303206630051136
Gaia,DR3,3924989845231479296,179.51576424811122,15.271002756456733,17.628450393676758,2.7702388763427734,2.4911156333824755,13.934266543570487,58.17741024659806,-5.559992481430243,,,4.139221626518914,nan,,,1.0465075969696045,,None,6.041962381398589,-22.884282754478946,6.299507989917827,0.12960337102413177,-20.7258724880731,0.07228802889585495
Gaia,DR3,3918970538761039232,182.22694585162986,12.49638607436339,17.659547805786133,2.7406044006347656,4.041663167925636,10.631646181452377,44.94354749796249,-3.966928098973624,,,4.122077743115731,nan,,,1.011826515197754,,None,5.946893365588032,-23.058077154963865,5.630801800083503,0.12745939195156097,-26.555929927284062,0.09264387935400009
Gaia,DR3,3897093727701419008,174.81833728247497,4.579798331015079,17.54377555847168,2.8786163330078125,1.5354258716445752,9.262499970741812,52.07324242433624,-1.1714275733847614,,,5.117927956456267,nan,,,1.001991629600525,,None,7.581561729933167,-28.868333802544576,7.583693429684553,0.14507956802845,-30.524919742798286,0.11253848671913147
Gaia,DR3,3897857510325777024,177.20850934257362,6.94727161156875,16.57335090637207,2.8587865829467773,0.8599323843291565,8.179993935827396,55.22454111621609,-1.9851053241440786,,,5.320820494839791,nan,,,0.9941480755805969,,None,7.829981221101338,-29.97248989395306,7.120114210493318,0.08032844960689545,-30.625548946596663,0.06769611686468124
Gaia,DR3,3896569810411020032,177.8019983070152,4.9649104514596765,12.34384822845459,0.973179817199707,3.4760274998702942,6.62354262268755,35.87803863003078,-0.9882802674443463,-3.5177013874053955,1.021489143371582,3.9005393546375737,nan,,,6.198109149932861,,Gaia_DR3,5.728890802681592,-22.020456609204057,2.8830722511098767,0.08346538990736008,-22.28667241465315,0.05922785401344299
Gaia,DR3,3898260000301549056,179.30238897867872,6.201968845186573,16.776212692260742,2.6412620544433594,1.4296207871409328,6.110280169421328,28.794579305661774,-1.3850380126750519,,,4.5738967777534825,nan,,,1.0335941314697266,,None,6.681935918894409,-25.81424010680344,7.97230570338907,0.0783095508813858,-25.329331982575383,0.053315144032239914
Gaia,DR3,3896852041301907840,175.77090781586278,4.375645419335155,13.507088661193848,1.232893943786621,2.0146377055055735,8.293773325261776,59.795527840811516,-0.9598726850457986,33.31561279296875,1.6857409477233887,3.5559404756417465,nan,,,6.684347629547119,,Gaia_DR3,5.2548834885982805,-20.067419084753784,3.9731197293294596,0.11177068203687668,-19.268749752719977,0.08053995668888092
Gaia,DR3,3891253602971709696,180.84151583331905,0.7313740870515919,16.779003143310547,2.5076217651367188,4.370141688371807,3.1324910158229033,23.026707497369724,1.3573426450161872,,,4.654197280548225,nan,,,1.0048178434371948,,None,6.756882183055939,-26.279763713185666,6.833589991004013,0.12690280377864838,-21.992678602830757,0.10124270617961884
Gaia,DR3,3921988728242982912,181.66234313847212,15.162958261886914,17.674739837646484,2.488475799560547,1.1536039696252196,13.350073825995969,65.34243140117147,-5.261445197621809,,,3.7786724877614706,nan,,,1.0506569147109985,,None,5.465847756534309,-20.953068240868838,5.049278608742837,0.13476456701755524,-21.77216618080919,0.07417110353708267
Gaia,DR3,3927367852659735808,191.40890607908634,10.682663623040803,17.595083236694336,2.509481430053711,3.1727743246857742,11.585366515360748,49.81491476049803,-2.0767512740500687,,,4.066702492039722,nan,,,1.0378473997116089,,None,5.53655418884675,-23.014374095244097,3.00708015781032,0.1354173719882965,-24.01452259589023,0.12045247852802277
Gaia,DR3,3924778910797391488,177.11468322194253,16.206320021726654,19.012500762939453,3.1242008209228516,2.6033323983891754,15.653571927296653,63.231701139076364,-6.266738982742179,,,4.4330541689184475,nan,,,1.0356254577636719,,None,6.52548722194406,-24.344624943447002,4.108143893362667,0.3013600707054138,-24.06995100534084,0.2133391946554184
Gaia,DR3,3915528345811103872,171.91172999234558,10.539833282728353,17.915321350097656,2.9727840423583984,3.8043295469703384,14.525500448467028,61.045020920766845,-4.292865509218487,,,4.753506362238337,nan,,,1.1014231443405151,,None,7.081846813935583,-26.4803190961798,5.001578460989791,0.1513744592666626,-29.67498296140345,0.10983392596244812
Gaia,DR3,3919729717179925888,179.00612823694414,12.6563453683626,16.659042358398438,2.8096799850463867,4.791332636778231,11.663378944366011,55.408829168759944,-4.418728045792805,,,3.872325115960444,nan,,,6.809417724609375,,None,5.663337369394,-21.582581145935617,4.4912208366655895,0.510422945022583,-17.85105439512721,0.3473868668079376
Gaia,DR3,3920641555917267968,183.8482903623212,13.563189068161433,16.480623245239258,2.3704299926757812,3.3564855683887704,11.595713930207875,47.83339682350427,-4.27256061231012,,,4.203787002817169,nan,,,0.9835434556007385,,None,6.015557458421171,-23.485658373295134,8.695927586749352,0.060990892350673676,-24.7753797490749,0.03989633917808533
Gaia,DR3,3902503256190732928,188.53626680148025,8.173609591793024,12.655403137207031,1.012618064880371,1.3868805964450397,7.841946205406875,46.83896384476508,-1.2241339228331833,-32.693199157714844,2.9519336223602295,3.753990880327878,nan,,,1.0510530471801758,,Gaia_DR3,5.220765913445691,-21.259467854862564,6.220452273374133,0.01806468889117241,-21.712501173749242,0.01664070598781109
Gaia,DR3,3920296584144035584,180.22461128379555,13.81396083787488,18.198734283447266,,1.6532217044415014,12.339673452082597,61.48633096453038,-4.808768304830121,,,3.7792311679754933,nan,,,1.1248399019241333,,None,5.500886318257212,-21.01624991877503,6.533776041194964,0.23636163771152496,-20.19896901936399,0.2185918539762497
Gaia,DR3,3901343511941546368,183.88496506776383,6.7195515003193504,12.746471405029297,1.0468034744262695,4.854994340145121,4.754218322809748,19.428410267452712,-1.0819690271055373,-20.719650268554688,2.354382038116455,4.290266951253289,nan,,,2.5940096378326416,,Gaia_DR3,6.138115785477955,-24.259254379699954,8.351964133399427,0.06370632350444794,-28.051330031871657,0.04108048602938652
Gaia,DR3,3900220738771037056,185.27323191316802,5.563507937874703,11.59809398651123,0.8099279403686523,3.9695499500637013,3.914930963197144,18.495282840939364,-0.37800914848941325,31.231054306030273,0.9821569919586182,4.113906963534324,nan,,,0.9945783615112305,,Gaia_DR3,5.840716754994857,-23.290012178834367,4.943159521230317,0.020666578784585,-19.966473097618856,0.018090276047587395
Gaia,DR3,3900853198474893312,187.56571977122275,7.03456689449542,14.976484298706055,2.0486364364624023,4.253314531322328,6.352504411801094,27.940192856945732,-0.8014263152917174,4.306198596954346,3.826138734817505,4.494368828751916,nan,,,1.1158440113067627,,Gaia_DR3,6.291365996895167,-25.45738206616226,3.3877405663296805,0.04235530272126198,-28.251760073089486,0.028330450877547264
Gaia,DR3,3894767985731473024,182.12499371959552,5.309925409662979,12.10472297668457,0.8700923919677734,2.734683817297053,3.7015653254213943,30.489337560673047,-0.63061033342413,-41.67512893676758,1.9178889989852905,3.841290084309255,nan,,,1.9177759885787964,,Gaia_DR3,5.544482972992277,-21.719822482401625,6.366588547273038,0.03886675462126732,-19.66357607713508,0.018686428666114807
Gaia,DR3,3895786030419098624,177.82102898027532,3.4226928722239633,15.897878646850586,2.4707822799682617,4.095602631208797,6.069505507842904,35.68758109805616,-0.2653466250543186,,,4.822750363811308,nan,,,0.9992298483848572,,None,7.082931635698866,-27.244127542863836,11.131212069473737,0.05144231393933296,-26.26956238917818,0.034216709434986115
Gaia,DR3,3896746346451493120,175.80558897487708,3.7694467521073136,18.79344940185547,2.626962661743164,3.272564658377596,8.107153019507047,69.26125221030777,-0.6725513073515339,,,3.414447686071048,nan,,,1.0315243005752563,,None,5.045315316351168,-19.2753626717,3.6955041037842933,0.3016320466995239,-21.205860469030686,0.20271669328212738
Gaia,DR3,3898565939411572864,181.2669005202293,7.007023560721782,14.27087116241455,1.7608747482299805,3.403984176144635,5.600784893588433,55.63597019197342,-1.5260645018525434,-4.46439790725708,3.0346767902374268,5.47911776081335,nan,,,1.0108580589294434,,Gaia_DR3,7.939689601224073,-30.930945446625174,6.7388915689995095,0.024294348433613777,-27.18701742637687,0.015686627477407455
Gaia,DR3,3925164981113296384,180.63680082261067,16.17354918839564,17.686429977416992,2.8854141235351562,3.0345505102177506,14.526310778465934,58.92939781103089,-5.8423928156753355,,,4.491088389176063,nan,,,1.068583607673645,,None,6.525792673053852,-24.779223846935125,3.9643359057071526,0.12862956523895264,-23.47802011082253,0.09407106786966324
Gaia,DR3,3917464448348775040,173.30886239311485,12.398292644674605,16.314481735229492,2.4829978942871094,3.7705369852547133,14.668957807122966,59.47645261153664,-4.979019506414621,,,4.489302993112767,nan,,,2.4179956912994385,,None,6.672158342456504,-24.898501261551647,3.1591236467471506,0.12059711664915085,-24.272354340995545,0.104659304022789
Gaia,DR3,3921501683248086528,184.1810819919322,15.451445725294652,14.747689247131348,1.838456153869629,4.827381012863142,13.490930851088697,61.64252417077391,-5.104953752458371,-27.558168411254883,5.264401435852051,3.9008177623632525,nan,,,8.345598220825195,,Gaia_DR3,5.572084698867286,-21.673984203457493,2.0038251296509366,0.16282311081886292,-19.934414088358686,0.13304761052131653
Gaia,DR3,3905418508192510208,184.25279831285798,9.610738538959957,14.858209609985352,1.6826229095458984,4.505511116303282,7.660880891511497,69.1397790483887,-2.3897260676685406,-1.501222848892212,5.63991641998291,3.4021144916024344,nan,,,0.9780007600784302,,Gaia_DR3,4.857829447620203,-19.17876791780513,1.634320894773176,0.037494052201509476,-18.953757322839976,0.02757289819419384
Gaia,DR3,3905905282606189952,181.96658973288848,9.169670378819733,14.742831230163574,1.6398754119873047,2.632121376428498,7.40974391963851,62.86668616706948,-2.452159214722723,-34.84450912475586,4.119806289672852,3.478068814554425,nan,,,1.0154370069503784,,Gaia_DR3,5.023951447931313,-19.588095385410192,5.896446019142879,0.028561191633343697,-17.866678159468435,0.017758777365088463
Gaia,DR3,3923523955713232000,178.39066321384152,14.349530934946271,19.501142501831055,2.794588088989258,4.9457704334274135,13.454229429023139,56.71413832677407,-5.269707800109777,,,4.106436808047646,nan,,,0.940394401550293,,None,6.019132085222244,-22.748314408437388,4.501625600879979,0.5219902992248535,-18.744822372261847,0.5925829410552979
Gaia,DR3,3901879970536548352,185.34803323297575,7.629775026002081,18.411840438842773,3.0826416015625,3.76873971854789,5.889176442566356,42.5728994663531,-1.3366798979939247,,,5.051063782684269,nan,,,1.2657488584518433,,None,7.168142462855521,-28.563654419360955,11.176691419857645,0.2802557945251465,-28.752834884810383,0.1913909614086151
Gaia,DR3,3902612653302769152,188.71940347586164,8.554707022198702,18.18067741394043,3.069164276123047,2.8150570541073434,8.254371714707501,47.42170329456419,-1.3818447559522058,,,5.0377746511243195,nan,,,1.0382719039916992,,None,6.99727031892612,-28.523791719102324,7.438828474672961,0.1879119575023651,-31.48063223738603,0.16328547894954681
Gaia,DR3,3902347709654919040,185.74789528501265,9.266884987696944,15.882379531860352,2.3497695922851562,2.1573829709906667,7.572128308798511,65.9371181725622,-2.0557098289780065,,,5.745637767259227,nan,,,1.0029464960098267,,None,8.134738353887682,-32.44106055127405,10.667942979529904,0.04770733416080475,-31.799819517606156,0.034863587468862534
Gaia,DR3,3898565935116812928,181.2666779733813,7.008531304676818,18.78105354309082,0.34747314453125,4.13348369083443,5.602236897438261,61.67597673213728,-1.5267952046455715,,,5.683372122736451,nan,,,0.9938941597938538,,None,8.23567902024696,-32.08395867901182,7.2602805220735585,0.2396293729543686,-27.22858763368787,0.1485813856124878
Gaia,DR3,3897842014083801728,177.53382654478258,6.876475434571163,14.437864303588867,1.5217370986938477,3.04231435723724,7.881198462628801,63.19297186967268,-1.9128052858241835,-11.86373519897461,5.43845796585083,3.489830413907501,nan,,,1.0057345628738403,,Gaia_DR3,5.130196865145737,-19.663696851472533,4.984207326046367,0.02638206258416176,-17.43025883426344,0.019997447729110718
Gaia,DR3,3900177063247716608,185.79560579378148,5.424048850213612,18.407119750976562,2.765636444091797,3.7152380898318866,4.028714640133967,35.83711814353662,-0.25169263102689143,,,4.952037697093995,nan,,,1.002088189125061,,None,7.009163626458246,-28.041839612514043,4.906538437620935,0.2151113897562027,-31.30091897801579,0.170389786362648
Gaia,DR3,3902612657597758208,188.71977287940007,8.554054135335639,16.75871467590332,2.749042510986328,1.093465567958637,8.25407427614008,59.79405177401143,-1.3814969292325854,,,5.479793799282916,nan,,,1.0095711946487427,,None,7.611197911713408,-31.026521882543374,7.478570219224448,0.08454731851816177,-32.2827064944676,0.07482501119375229
Gaia,DR3,3906581100004406656,183.35085659778298,11.178603584936717,17.226409912109375,2.5425548553466797,4.42208828289577,9.217733772789213,39.98667462256801,-3.2247969020425797,,,4.596713064106134,nan,,,1.0147826671600342,,None,6.594902453536196,-25.81990520296562,2.412207908661311,0.09883774816989899,-24.88846335997058,0.054321881383657455
Gaia,DR3,3903220408354219776,189.1256980037324,9.178826006905627,18.30474853515625,2.908853530883789,4.461346370771068,8.994228336945154,55.10385901833014,-1.628101085962781,,,5.254715192940191,nan,,,1.0315057039260864,,None,7.2777662168597645,-29.74189938758661,4.209856625402197,0.20417214930057526,-25.867404584981497,0.1909838765859604
Gaia,DR3,3926401003981257472,177.94860370543358,17.062128896649934,19.099491119384766,3.1409168243408203,1.5874521127205505,16.12533160826628,68.26660133984701,-6.55790703998851,,,4.8890850387278935,nan,,,1.058091640472412,,None,7.177273080638969,-26.780132929763624,8.027455713657568,0.3531040847301483,-28.17803569169122,0.2551099359989166
Gaia,DR3,3929366111963645440,191.46339218510926,14.130066948587736,14.002218246459961,1.5637311935424805,2.0921580208252446,14.368537211994415,59.047325426005266,-3.6802331377566473,-11.00987434387207,1.7997671365737915,4.2150960217816715,nan,,,0.9727184772491455,,Gaia_DR3,5.736100463080247,-23.70129239358525,4.119020289099455,0.024010563269257545,-24.618436621586294,0.022250059992074966
Gaia,DR3,3929200875981562368,190.05592946076723,13.256937252938668,17.108186721801758,2.6861419677734375,2.484960163959944,12.91263302992839,52.42958404906241,-3.428713122522182,,,4.426942259139058,nan,,,1.0207393169403076,,None,6.0899726520084645,-24.907852709253536,4.846977285427097,0.10470788180828094,-26.865674582820933,0.08340375870466232
Gaia,DR3,3921430111913087872,184.40808809802076,15.230017918661416,14.545008659362793,1.730154037475586,3.979616789650118,13.279190982395377,55.370109373288486,-4.977253358323047,15.74018383026123,4.266696453094482,4.148427089391643,nan,,,1.020731806755066,,Gaia_DR3,5.918462896663593,-23.0730241218931,3.6204381652145226,0.025868544355034828,-20.459303828924227,0.019639981910586357
Gaia,DR3,3918837291696014464,182.08486346278673,11.523396361317298,19.270963668823242,2.9620742797851562,4.458115887703449,9.691956329208166,61.8189502145008,-3.532688541335915,,,3.5894360157517364,nan,,,1.1409591436386108,,None,5.181940364222091,-20.124131033336152,2.73744021647565,0.4059593379497528,-17.79941578957317,0.2441534399986267
Gaia,DR3,3908950758017028608,185.00612605446045,13.332303284748487,18.147274017333984,2.9028549194335938,3.7376708812360406,11.435116816022534,49.12783256691093,-4.032833410011722,,,4.678799702233987,nan,,,1.0343070030212402,,None,6.652891168715556,-26.187335561428387,4.824387582570856,0.17242136597633362,-29.388529758965408,0.11633501946926117
Gaia,DR3,3927479758031901568,190.73753425561193,10.8208936126578,19.86564064025879,2.975057601928711,2.0828296665795527,11.264966073588008,48.13618117491051,-2.215943291652186,,,4.086447248868136,nan,,,1.0917121171951294,,None,5.5926711149403,-23.1094566069061,3.8810521110402134,0.6090880632400513,-23.647798631452204,0.5312212705612183
Gaia,DR3,3908387533185335936,183.48680953281837,12.126582977482679,16.93539810180664,2.4361419677734375,4.0477880679043405,10.161054404026535,41.50124810654125,-3.6491229811946635,,,4.268074834851785,nan,,,1.035521388053894,,None,6.1191183603198525,-23.925665870610842,7.2813996980881805,0.10181982070207596,-27.37723607113768,0.07281245291233063
Gaia,DR3,3900419097540732544,184.87404212523668,5.649552573563766,16.77389144897461,2.6061630249023438,4.999454613551901,3.857103615595135,39.965023749393296,-0.46502840783888644,,,5.0737747977787055,nan,,,0.9881457090377808,,None,7.219909979174117,-28.718514122967562,1.9612877062836933,0.08043761551380157,-27.74799793975446,0.05705723166465759
Gaia,DR3,3933016181330201088,187.69148466034702,14.569710636384997,15.780722618103027,2.230668067932129,4.867236982039101,13.197581393192673,53.54720551085875,-4.301549780285445,,,4.341899935640334,nan,,,0.986454963684082,,None,6.072908202875085,-24.28847472063729,3.572750079186015,0.04851427301764488,-20.60109436892124,0.04342104122042656
Gaia,DR3,3933267415441344128,186.59248433176887,14.992006087590106,12.062544822692871,0.970210075378418,4.684355729226997,13.328652268687994,61.43550386753382,-4.620168753446564,-14.213335990905762,0.9140145778656006,5.0305621568998795,nan,,,1.6142096519470215,,Gaia_DR3,7.085867767633204,-28.071387854453423,9.671334140455963,0.025742245838046074,-23.8294929620767,0.016185233369469643
Gaia,DR3,3906418307859925376,182.92739442844345,10.345148955454986,17.25046730041504,2.421293258666992,2.9528476986787586,8.413933411303548,47.85322071971285,-2.8866353637337507,,,3.770697015799038,nan,,,1.0282872915267944,,None,5.421419068007579,-21.20802611721859,5.174101836839444,0.10857900977134705,-23.542181402120985,0.06894154101610184
Gaia,DR3,3912715378454995584,176.14014061368925,9.429009766526047,19.63063621520996,2.691469192504883,4.1518836521536375,10.605366525034936,48.5015437150038,-3.268052457922254,,,3.959930138247245,nan,,,1.0051206350326538,,None,5.845932893405983,-22.19595996180537,6.4986665310317955,0.5448579788208008,-25.59990517636634,0.3302620053291321
Gaia,DR3,3909574627786076160,174.3378546155748,6.369061102586858,19.474584579467773,2.7127857208251953,4.834560088649816,10.338733239584734,49.61481052405755,-2.0643072258543675,,,4.896639286818743,nan,,,1.0072154998779297,,None,7.261875097438729,-27.56212691610741,7.206271659007117,0.4514668881893158,-32.55234384605358,0.37040191888809204
Gaia,DR3,3903505426679677568,187.20910322270115,8.616537990322161,13.965978622436523,1.4910163879394531,3.9336494129576973,7.500312035120447,41.971058087748396,-1.5832930821674118,-10.321600914001465,3.0059707164764404,3.830248406381399,nan,,,3.411540985107422,,Gaia_DR3,5.374141943769538,-21.66446361001835,3.347516846697828,0.062381017953157425,-24.11013705843183,0.0519130602478981
Gaia,DR3,3933156742724409088,186.30683686171886,14.572462873011723,19.598560333251953,2.8146705627441406,4.380623890775622,12.86046605513631,52.39895656745148,-4.458596590828347,,,4.474778785752124,nan,,,0.9908218383789062,,None,6.3141333508286905,-24.993374261403204,2.761814775195873,0.44982317090034485,-22.882098170137674,0.35970431566238403
Gaia,DR3,3934862914187964416,191.8252363610015,17.225209185615213,15.630644798278809,2.0506105422973633,4.273451996374999,17.21125101164712,69.53533713595522,-5.075245702080684,,,4.5729711602917265,nan,,,0.9924859404563904,,None,6.205088679112742,-25.4960298420409,9.779690046896835,0.0579972118139267,-23.44800924784772,0.04761214554309845
Gaia,DR3,3924868284772223232,177.41864894616964,16.744771595460982,17.369007110595703,2.669841766357422,4.32315018259721,16.024260397971823,64.7776682743261,-6.475675786678402,,,4.374340387017346,nan,,,0.94853675365448,,None,6.432860148852779,-23.97662408613978,3.544150894325645,0.11667290329933167,-21.229179573463146,0.08478356897830963
Gaia,DR3,3910343255132210304,172.35683932339407,6.571534210342207,19.43334197998047,2.90240478515625,4.516404220676584,12.228338320014023,54.08485518396502,-2.4005549710164438,,,3.991859447371854,nan,,,1.0376523733139038,,None,5.942963383523356,-22.439560257464784,5.486050905955713,0.3936949372291565,-18.66646210605997,0.2961578071117401
Gaia,DR3,3909700277053596160,176.0516842799093,6.3199891158821275,18.014307022094727,2.926492691040039,3.2494684917950405,8.798345173064341,39.47426524477608,-1.832877073774477,,,4.030262039982599,nan,,,1.1351062059402466,,None,5.951236817122753,-22.706610763183484,8.685703544030844,0.16231371462345123,-23.087107455017666,0.1117103323340416
Gaia,DR3,3910713790551694208,173.19403935132658,7.661319484260661,14.015637397766113,1.6264610290527344,4.5121896564369495,11.930641519995984,52.737721522967476,-2.80481093192269,-10.034018516540527,3.086907386779785,4.797396217832257,nan,,,9.47414493560791,,Gaia_DR3,7.131628978824258,-26.930568719757574,11.449206855879526,0.17956312000751495,-28.407974853701315,0.15949954092502594
Gaia,DR3,3913335399933828736,177.59177598888834,11.149591428832707,18.628175735473633,3.1889915466308594,3.750926540850639,11.012953402112004,59.394167626376905,-3.890796215346189,,,5.235625593663374,nan,,,0.9062724709510803,,None,7.695133924595821,-29.262591530619986,4.890165631284386,0.26447999477386475,-26.217660734577432,0.15861603617668152
Gaia,DR3,3906396386346801536,182.65345827937801,10.275438049904158,16.74379539489746,2.64334774017334,1.6836667383105488,8.374609311085786,58.73088896003612,-2.886279221021958,,,5.433204420423335,nan,,,0.9734726548194885,,None,7.822319626317844,-30.556020668577496,9.558833517262068,0.06535366922616959,-31.394683318600713,0.04390132427215576
Gaia,DR3,3907078839469305216,186.77231177940658,10.965032737157903,18.34038543701172,2.7088241577148438,3.6726007758437444,9.493165815473889,39.897218837819295,-2.7305344070658393,,,4.148822261726771,nan,,,1.445128321647644,,None,5.837314642529548,-23.3814207073056,5.888956384323489,0.35040903091430664,-20.169729927415403,0.2675740718841553
Gaia,DR3,3915178147062467200,170.14396435552487,9.702818048665304,18.139690399169922,2.880025863647461,2.3743106068815654,15.554522711291195,64.87079376410689,-4.121674190111936,,,4.76949669907544,nan,,,0.951745867729187,,None,7.121221559317874,-26.5926635430763,5.841593587777622,0.174025759100914,-24.577320779808822,0.15940429270267487
Gaia,DR3,3929366107670115328,191.4644322492048,14.130653255349882,18.459705352783203,2.5540084838867188,2.2510390354483296,14.369576979593695,58.87048977549037,-3.6803923431112073,,,4.58941841150657,nan,,,0.9554775357246399,,None,6.245444296448806,-25.806081309361794,4.255272310684519,0.22954940795898438,-24.92158485277858,0.2003951519727707
Gaia,DR3,3912163805871183872,179.0137616855894,9.547188691107248,15.360403060913086,2.2106637954711914,4.816686600650491,8.90716932485856,53.082356679399965,-2.9782678851092257,25.69322395324707,7.415009498596191,5.18735027838762,nan,,,1.0758955478668213,,Gaia_DR3,7.5863672012765555,-29.131801422358365,3.1480797880811857,0.03595706820487976,-26.295307325024872,0.027911927551031113
Gaia,DR3,3914103408806062464,171.70175312077305,8.870264170889202,17.631256103515625,2.6629066467285156,2.2207643053900323,13.806336591179743,57.004285544872644,-3.5472221080416997,,,4.618176796284352,nan,,,0.9921265244483948,,None,6.882362515394167,-25.833477167810713,6.513685830836808,0.12390612810850143,-23.703099846520928,0.11883888393640518
Gaia,DR3,3908462231256697984,184.49028925366383,12.522753913158082,10.030102729797363,0.7435102462768555,1.1044657204991153,10.582105765902238,51.46749373114751,-3.716885614754209,3.2182538509368896,0.25550681352615356,3.8671465423189884,nan,,,0.883382260799408,,Gaia_DR3,5.514675347874739,-21.678068395552067,5.454583023196955,0.01946260593831539,-22.5764581729686,0.013060536235570908
Gaia,DR3,3914491021014537088,172.1082121834786,9.225496084646146,18.38109016418457,3.0508060455322266,4.320462679123916,13.63965127445703,55.59745315011414,-3.662107401169777,,,4.276582530501933,nan,,,1.077149748802185,,None,6.369393645295878,-23.90958961793369,3.4855139379426117,0.21123996376991272,-26.527800592921242,0.19935673475265503
Gaia,DR3,3914295140441564672,172.66639466466208,9.218251183851887,18.184537887573242,2.673198699951172,4.29189052860934,13.169031049859843,57.58344823852253,-3.5908929809294303,,,4.003899513360714,nan,,,1.0621979236602783,,None,5.957767253068258,-22.394762077253723,2.904401796274824,0.18303394317626953,-20.445312103848295,0.15367421507835388
Gaia,DR3,3916158434693430272,174.92924855847141,11.268559690193657,10.157777786254883,0.7160758972167969,3.719466610109717,12.75061064106831,55.20069429120258,-4.264601577009613,0.7723913788795471,0.6278642416000366,4.034640272097834,nan,,,1.9089634418487549,,Gaia_DR3,5.975203313823146,-22.48914135229483,6.612705715234249,0.03460785746574402,-25.587808093356056,0.027885181829333305
Gaia,DR3,3917197301382993408,174.20391851847424,12.06419791639641,10.789316177368164,0.9388551712036133,4.672624729006814,13.816537665797158,57.386979149267844,-4.718095208592061,-26.241411209106445,5.9883270263671875,4.653926560982052,nan,,,1.5139540433883667,,Gaia_DR3,6.903990228554109,-25.862161085463,4.760716901650628,0.027142561972141266,-21.80974689337656,0.02242191880941391
Gaia,DR3,3918032032571328384,174.59092060146926,13.721478001898051,18.20659828186035,3.101278305053711,2.37925527618022,14.819837603957401,62.691126078384045,-5.431864986581457,,,4.803332786472526,nan,,,0.954250156879425,,None,7.119363375259617,-26.554405646225014,7.444572316673869,0.19241298735141754,-28.941567524025356,0.18382634222507477
Gaia,DR3,3918870448843192320,182.12003144293587,12.001977755647523,16.87543487548828,2.53397274017334,3.838337403255551,10.158436587606296,41.780507606672565,-3.7504504786305084,,,4.223346885659718,nan,,,1.0012558698654175,,None,6.0960831917880025,-23.651808372967068,3.271158312406602,0.08079984039068222,-21.728744533588102,0.06719979643821716
Gaia,DR3,3913997859984922624,170.29189618287725,8.27122378474121,19.310274124145508,2.8307132720947266,3.8557568787699235,14.77920243810724,64.42954826541764,-3.4419719204782417,,,4.936699047173264,nan,,,0.9631431698799133,,None,7.369789145840805,-27.626294144464193,3.4728570005647286,0.3876150846481323,-28.583241734461676,0.30043312907218933
Gaia,DR3,3918407485728243200,180.80968674984587,11.269989925851524,13.88692855834961,1.5443077087402344,2.3259238978270713,9.739829616641375,39.70690731098294,-3.564920398195196,0.3969097435474396,3.8350589275360107,4.288623466099828,nan,,,1.0831236839294434,,Gaia_DR3,6.227001373053625,-24.031008910767888,6.017634157072901,0.02766801230609417,-26.123392918286306,0.016235463321208954
Gaia,DR3,3919449818455565568,179.85108391611925,12.106142214327173,18.234375,3.0360679626464844,1.726164406622364,10.839042787408463,44.96456162058059,-4.065000519139439,,,4.5200246074803,nan,,,1.0153201818466187,,None,6.589112838923064,-25.252273603919715,5.016154858086369,0.19763268530368805,-24.771456823954324,0.12590108811855316
Gaia,DR3,3947338351074194560,185.2902394815431,18.681980895032787,14.603145599365234,2.036614418029785,1.8027399863197435,16.784466748016307,68.50369006395951,-6.457358272012131,-9.580412864685059,4.908109664916992,4.2553296514891725,nan,,,4.26869535446167,,Gaia_DR3,6.040908223999127,-23.385509028518534,6.928821154699064,0.09883270412683487,-24.737127586090082,0.0745677798986435
Gaia,DR3,3918407481434005120,180.80992833614044,11.270239371839692,15.065893173217773,,2.851937023566306,9.739996505441077,39.65094122365125,-3.565007581194635,,,4.341011044609449,nan,,,0.9856874942779541,,None,6.303060616001817,-24.32455011295164,5.6230439395623275,0.07219545543193817,-26.844292330523153,0.10727603733539581
Gaia,DR3,3920296584143796608,180.2242190607509,13.813750813727868,15.057171821594238,1.9345159530639648,2.8147582274249863,12.339580762757935,50.86737131409627,-4.808717541620597,-37.81912612915039,5.621433258056641,4.20447711287106,nan,,,1.072196125984192,,Gaia_DR3,6.119865887343009,-23.381042104920965,6.486872929039322,0.03224629536271095,-20.913334427597857,0.02249586395919323
Gaia,DR3,3922143999901410432,182.42879655600734,14.85410797174189,18.24152946472168,2.265340805053711,4.873079083796502,12.948846616555128,56.18178619101781,-5.031169504347492,,,4.798049925483411,nan,,,1.0965615510940552,,None,6.915421461074446,-26.657682869682333,2.5548605321402524,0.26328039169311523,-28.955644811645048,0.1887395828962326
Gaia,DR3,3917919714882090112,174.00083189708008,13.496230659722835,16.359481811523438,2.43228816986084,2.596302468764009,15.010690051724128,64.81816318170011,-5.399207560876562,,,4.9114947018689215,nan,,,1.0958850383758545,,None,7.289316546674165,-27.156766082708458,9.777323212521276,0.07319771498441696,-28.174704556474172,0.05621163174510002
Gaia,DR3,3918764174172478848,181.69864214251405,11.6339041301628,17.111631393432617,2.41342830657959,2.6945450307256196,9.871502836656584,56.922065923603874,-3.62916734199231,,,3.6872985093554593,nan,,,0.93839430809021,,None,5.3327885814565965,-20.660215078642395,3.9361930897565696,0.08567237108945847,-19.099271139800038,0.05584629997611046
Gaia,DR3,3917197301382993280,174.2016690646324,12.063283977071071,14.210440635681152,1.6568374633789062,4.381246808675498,13.8173999902271,56.374977748451606,-4.717945000274245,-49.80219650268555,8.290802001953125,4.5287703712550735,nan,,,1.0860539674758911,,Gaia_DR3,6.718357426199997,-25.166677079101248,4.9294805534628265,0.025770604610443115,-21.385683170616986,0.023036828264594078
Gaia,DR3,3927185123274927616,191.85051260666128,10.141112272602614,18.70867919921875,3.0589122772216797,3.939002269221231,11.49108831023878,48.324292222220016,-1.7742142384037152,,,4.13005432497509,nan,,,1.0114941596984863,,None,5.602946961056796,-23.39657065526452,3.110779836382083,0.27083146572113037,-25.75256481663598,0.2605489194393158
Gaia,DR3,3922816351261252224,178.20459320161038,13.094968486570005,18.90915870666504,3.1885948181152344,2.247069972710814,12.393845654724403,58.00366808956362,-4.715466642343063,,,5.000057913844525,nan,,,0.9802423715591431,,None,7.333751146048668,-27.808344167779488,9.60564250668352,0.2549355626106262,-27.138606439664933,0.18055284023284912
Gaia,DR3,3925164976818707840,180.63670725979745,16.173955104303253,18.54736328125,,3.1140691074226265,14.526726521058421,59.02090133514929,-5.842588916655759,,,4.513712170785214,nan,,,0.9761734008789062,,None,6.558668846294665,-24.904006371990985,4.381568567264514,0.2374098002910614,-22.893911006309597,0.14605236053466797
Gaia,DR3,3926019129849118592,178.5018588455707,15.90313767137499,16.224151611328125,2.3977203369140625,1.8934144150048269,14.853210999760359,60.280745674598776,-5.96678904633566,,,4.319430216314719,nan,,,0.8931934237480164,,None,6.32884050500085,-23.792614465948468,5.63444830412069,0.05270380899310112,-22.214528936057047,0.04757630079984665
Gaia,DR3,3925366947655467904,180.07537572264818,16.322937048371593,16.018630981445312,1.5044679641723633,4.452302849506454,14.79650457392623,68.76849938849338,-5.975418192156738,,,5.189249946060744,nan,,,1.1811728477478027,,None,7.5578557765051535,-28.593712709942633,4.25940751103621,0.30837541818618774,-32.17739506750514,0.11167383193969727
Gaia,DR3,3918765789080134400,181.12179562641,11.19025130671713,16.13412094116211,2.5409793853759766,4.446386593204394,9.575792257522238,40.29453917022201,-3.4911926536823428,,,4.527146939777848,nan,,,1.126882553100586,,None,6.564417415385224,-25.379216689539188,4.274834374148855,0.06151663884520531,-28.952032326752118,0.04200541973114014
Gaia,DR3,3919776132891337984,178.08262997916475,12.738429365795731,18.314414978027344,2.889404296875,3.0480347967490866,12.131151332647418,65.22605453733394,-4.565754456955796,,,5.36634391692648,nan,,,1.1087428331375122,,None,7.874303702572842,-29.874426213142897,4.724120998459338,0.2776184380054474,-28.472183923367922,0.1735708862543106
Gaia,DR3,3974583557719900032,178.12143839456007,17.968920300939853,18.131778717041016,3.0746841430664062,3.0195195233801857,16.91790951375732,68.34734987633715,-6.94805824673873,,,4.37137636127122,nan,,,0.925909161567688,,None,6.413483786988887,-23.85163347884027,4.718903293510584,0.17598856985569,-21.64456814837035,0.12625306844711304
Gaia,DR3,3928668884152595584,189.33159732414828,12.427237411932381,17.26040267944336,2.3064918518066406,4.812941696557847,11.844543014620262,65.78429004687666,-3.122856597055862,,,3.646530333833296,nan,,,1.0563056468963623,,None,5.043013543052402,-20.539281722925196,5.506595925042311,0.11126507073640823,-16.868609914619025,0.09586826711893082
Gaia,DR3,3925490814512321536,181.63572288512074,16.17076011842,13.93033504486084,1.5385570526123047,3.7457965828318547,14.35019314921532,60.484988064226116,-5.726029701575359,-7.683774471282959,2.1884584426879883,4.099818228870157,nan,,,1.1333143711090088,,Gaia_DR3,5.931106460628197,-22.649530540330893,3.6334367296116454,0.02027282677590847,-20.36881728593682,0.013251682743430138
Gaia,DR3,3926597507325582720,179.93117192643706,17.305194366625035,14.995500564575195,2.0946130752563477,2.940257184462824,15.782561733935951,66.94931281887372,-6.438919370070002,-13.618879318237305,4.407186508178711,4.877304826498564,nan,,,1.1419920921325684,,Gaia_DR3,7.107663026432618,-26.76017725613088,10.117240463094111,0.032199665904045105,-26.47426430255389,0.02154962159693241
Gaia,DR3,3928142080644451968,192.4903288495985,12.232352901472142,17.20077896118164,2.7103805541992188,4.7129462390205195,13.449024372084498,54.504537150828305,-2.682978801241517,,,4.387760471169117,nan,,,0.9838024973869324,,None,5.9213671112871875,-24.7940309230073,6.320090089261796,0.10198444873094559,-20.452903524880305,0.0918508991599083
Gaia,DR3,3926019404727025408,178.48456518694869,15.908434490388842,8.846806526184082,0.6980419158935547,2.41476781450391,14.864067945495005,60.11640725727497,-5.9712191933075385,-18.5660400390625,0.15053217113018036,4.416640432018687,nan,,,0.7700388431549072,,Gaia_DR3,6.471671220232844,-24.32702574634736,5.546980111263759,0.017143139615654945,-22.277659183344266,0.016384391114115715
Gaia,DR3,3929792928632951168,193.42385322178598,13.606615249784065,19.47319984436035,3.0104427337646484,4.121771765092472,15.08450678457266,61.49596745647301,-3.223736028271464,,,4.270487767067912,nan,,,0.9515580534934998,,None,5.717523988891359,-24.088450488393825,2.007795134340431,0.4887770712375641,-24.17216949913475,0.43971818685531616
Gaia,DR3,3932546552425965312,189.28562641257196,14.50783655709254,16.334468841552734,2.460233688354492,4.069445320422013,13.69124792220385,59.31196792141704,-4.095278042931315,,,4.838342753862606,nan,,,1.025952696800232,,None,6.693450955857473,-27.11720198707589,10.251300504799861,0.06568954885005951,-24.979408539102096,0.07129891216754913
Gaia,DR3,3932632172598410240,189.7755956235039,14.575705121361409,19.453210830688477,2.6934070587158203,3.902947458105818,13.953565486902233,63.4891797460456,-4.072565679864151,,,5.038000067045081,nan,,,1.151051640510559,,None,6.944948540096381,-28.24600822006255,8.799835224863648,0.5712013840675354,-31.95300386627907,0.40645328164100647
Gaia,DR3,3929243860014278272,190.62806802714343,13.702112369177888,16.423778533935547,2.713191032409668,4.357204881124203,13.577219798589276,61.34551603124228,-3.572711444100255,,,4.983647431719854,nan,,,1.0662771463394165,,None,6.826295132578103,-28.02744049657893,6.066211342776529,0.08312185853719711,-32.54158933495285,0.07757332921028137
Gaia,DR3,3925554551826932992,180.99926073546575,16.54624814824518,17.845104217529297,2.931509017944336,3.62886110435221,14.821983017517807,59.95530665289264,-5.970664318915197,,,4.4297136670857915,nan,,,0.9901520013809204,,None,6.426585697322043,-24.41615169900426,9.294362420037135,0.13275353610515594,-26.221523056545195,0.09586971998214722
Gaia,DR3,3947832749053746816,188.39650033873926,18.39495070406421,18.28519058227539,3.093545913696289,2.57320245305686,17.05468983295778,68.7460551448847,-5.983843443966093,,,4.492863878481536,nan,,,1.0469439029693604,,None,6.254338749238329,-24.829332765888932,8.644117352762986,0.20417523384094238,-25.30769429879833,0.15524685382843018
Gaia,DR3,3929429948062170752,194.51833998802937,12.534160117437068,18.412235260009766,3.0598583221435547,3.8268686593293686,15.034365948401181,60.82007764833328,-2.6049151971227484,,,4.380967299177942,nan,,,0.9464333653450012,,None,5.808633854826182,-24.78726227782582,4.00509244686819,0.21050360798835754,-27.82676869049042,0.2464304268360138
Gaia,DR3,3933391041780391808,188.58284912708336,15.14015435927527,17.206392288208008,2.951791763305664,2.8043284156901858,14.018300599047329,60.95733618795963,-4.466076195926428,,,4.8743393687169245,nan,,,0.8635842204093933,,None,6.7766816278582445,-27.249159288505687,7.072141157541864,0.12069089710712433,-30.115587067218804,0.08645907044410706
Gaia,DR3,3947570446811435392,188.96894504397045,17.956384954131565,17.681005477905273,2.854616165161133,4.203732275985393,16.797497374983795,69.9790892531042,-5.720546220243091,,,4.132742851270441,nan,,,1.062829613685608,,None,5.730191029184041,-22.89610906456724,4.247293454867846,0.13257789611816406,-26.244858779072754,0.1187247633934021
Gaia,DR3,3934182660087828992,190.5448612636036,15.287898589661975,17.76174545288086,2.806428909301758,3.6394427288793127,14.92381184974952,64.19471229467933,-4.318217316999976,,,4.888372393111175,nan,,,0.9837815165519714,,None,6.700045147005151,-27.37657660525275,6.3894902480676,0.14769570529460907,-31.11420831889321,0.13915567100048065
Gaia,DR3,3946940877620882304,185.24233502139347,17.69786288594839,9.759051322937012,0.8496665954589844,4.149072577308657,15.800531386453414,68.18107808783206,-6.014323244342884,1.8974910974502563,0.21205225586891174,4.963429767316638,nan,,,1.090702772140503,,Gaia_DR3,7.048081794946384,-27.387239024005854,8.390978970332158,0.022196020931005478,-23.258813567949407,0.015641523525118828
Gaia,DR3,3965873265259933696,171.5328563483476,13.717995014275095,11.767776489257812,1.096959114074707,3.806272146539548,16.83082801477907,69.46246202217799,-5.795712220471403,8.054213523864746,1.1558046340942383,4.774420006006304,nan,,,1.6165053844451904,,Gaia_DR3,7.116911545735547,-26.30505356716877,7.478556386439474,0.030371295288205147,-22.491164743579997,0.02296181581914425
Gaia,DR3,3963334110658921600,169.22824611247015,10.588431639810732,9.965715408325195,0.6918668746948242,4.402075316136583,16.77495789747355,69.999880165803,-4.640942621061665,-2.1076269149780273,0.3957294523715973,4.125186033606129,nan,,,1.1916242837905884,,Gaia_DR3,6.163880079238884,-22.923984086440008,9.949109196265455,0.023473454639315605,-22.352144652189338,0.02023986168205738
Gaia,DR3,3972377971754828800,175.49948321314997,15.802699988439842,19.600234985351562,2.9062423706054688,1.6145620465790536,16.031767880448584,66.62431848385039,-6.272927890353285,,,4.775160317283147,nan,,,1.2384419441223145,,None,7.0617107965577635,-26.21306699560744,5.633126650600599,0.4821074306964874,-26.988149659222778,0.4024403989315033
Gaia,DR3,3972355809723147648,175.36879902112602,15.541340926159725,18.19512176513672,3.0807647705078125,0.8784540418447985,15.875114531115287,69.45758787441764,-6.169566611622072,,,5.033509523927746,nan,,,1.1322779655456543,,None,7.446294123611288,-27.656811346884037,6.7082561358948,0.20443569123744965,-27.087438601630318,0.15760350227355957
