Catalog,Type,GaiaDR3,RA,DEC,Gmag,Bp-Rp,Voff(km/s),Sep(deg),3D(pc),Vr(pred),Vr(obs),Vrerr,Plx(mas),SpT,FnuvJ,W1-W3,RUWE,XCrate,RVsrc,PMRApred,PMDecpred,PMRA,PMRAerr,PMDec,PMDecerr
Gaia,DR3,139425156804734848,46.57497101409058,37.23160691502738,16.546852111816406,2.760533332824707,3.681127086689581,10.450685628083448,61.49315446519683,-13.176383659897985,,,4.849651425215449,nan,,,0.9878566265106201,,None,57.663414525820016,-31.34893657069012,60.55463196823921,0.06546445190906525,-33.75812499897127,0.05975913628935814
Gaia,DR3,138895845035034240,45.413054766404116,36.03247767011761,17.4769344329834,2.7715530395507812,4.63295138534271,9.117682324611105,40.47358847683771,-13.45785867208605,,,4.1419115824699695,nan,,,1.0193521976470947,,None,49.38072038515585,-26.420755543593074,45.932943218075366,0.11923164874315262,-28.536699763460618,0.10671897232532501
Gaia,DR3,140377570096860544,44.71985334622003,35.780625871117756,10.348540306091309,0.8230714797973633,3.0184130634739033,8.502850087056174,64.60090827279606,-13.879928613665333,22.699880599975586,1.1044670343399048,5.101790174290145,nan,,,2.310375213623047,,Gaia_DR3,60.91004086555875,-32.1764825716281,57.790414609085175,0.05866397172212601,-31.278381226608527,0.05105002969503403
Gaia,DR3,141690734873659136,41.6208209525799,37.39832523140744,17.01317024230957,2.719268798828125,3.786125147337319,7.260347690892547,36.48121250537071,-17.15637578222118,,,4.316175358574707,nan,,,1.0090609788894653,,None,51.76145076160408,-25.157052397272714,52.37803927470304,0.08593995869159698,-21.767711458375466,0.07964888960123062
Gaia,DR3,141468216912000512,42.93079079447237,36.87197097876376,18.934410095214844,2.9963741302490234,3.590306427611883,7.743574652907202,61.075393114816805,-15.86278796422271,,,3.332222510890291,nan,,,1.0285578966140747,,None,39.90037026001416,-20.07982068478608,40.583875369655175,0.3188720941543579,-17.652136900834606,0.256492555141449
Gaia,DR3,138953225798124032,46.904770761975996,36.34617186850486,13.553620338439941,1.5486640930175781,4.223492912825044,10.354528505315887,64.22641209363809,-12.440062603231278,28.93888282775879,1.7375775575637817,3.4117868777618625,nan,,,6.9653120040893555,,Gaia_DR3,40.53287296276985,-22.336591401950635,43.490008221405986,0.1279638111591339,-21.641626482644412,0.0879746824502945
Gaia,DR3,142272612746961024,44.03907937110879,37.49254842289729,17.808847427368164,2.799182891845703,4.616155917604187,8.82268122804016,47.59844229761252,-15.30079324656981,,,3.6168942840304474,nan,,,0.9776917099952698,,None,43.23527855589927,-22.172353220966208,39.84893062677552,0.18076559901237488,-23.132065023617216,0.138205885887146
Gaia,DR3,142428369737029120,46.38249632149969,37.32565239063416,11.160686492919922,0.7806005477905273,4.749647195670801,10.353332005114579,45.67111164229983,-13.377269987690658,41.58051300048828,0.3961219787597656,4.14838905705429,nan,,,1.0814577341079712,,Gaia_DR3,49.34863634619651,-26.696405157317983,53.262895589180246,0.024637611582875252,-25.306599070263413,0.02456554025411606
Gaia,DR3,142298352485800576,45.25911372601083,37.578000405127284,17.560867309570312,3.0115585327148438,1.2134802949377417,9.687241798749717,59.02139369383856,-14.388904675944318,,,4.833771396515608,nan,,,0.9283275008201599,,None,57.647923612130384,-30.358269256721567,58.312779205772564,0.12450107932090759,-29.315670524732575,0.11763965338468552
Gaia,DR3,142606280169525888,47.58308804881119,38.53987162883479,19.605119705200195,3.1657581329345703,4.948712763506866,11.753345232224007,53.955090104432344,-13.097877239830495,,,3.7995487525172265,nan,,,1.0769816637039185,,None,45.056961263208265,-24.807993870661214,47.7125181703619,0.4374018609523773,-27.7507826912554,0.37452414631843567
Gaia,DR3,142428369736692480,46.37546344331514,37.322885465455734,10.939765930175781,0.7501363754272461,4.631640430404516,10.347092352630511,45.356616209805374,-13.381301333331741,,,4.105168566679753,nan,,,0.8614222407341003,,None,48.83532675825485,-26.415190455633436,52.6771322209597,0.01827653869986534,-25.272049233183104,0.018155695870518684
Gaia,DR3,142161974389623680,44.4641244245696,36.91266328220207,11.972554206848145,0.8716182708740234,4.36450444552396,8.806923549239288,43.44108341920856,-14.669913894985147,6.588296890258789,1.147005319595337,3.7215167729734904,nan,,,0.881227433681488,,Gaia_DR3,44.4523728079465,-23.132245686028394,47.58931855248832,0.015595491975545883,-21.759649296911007,0.014680199325084686
Gaia,DR3,143183145813284992,44.43760390314228,38.53598064061248,19.356088638305664,2.898731231689453,3.7812650529238163,9.688540160555872,42.428710866975905,-15.519250472873525,,,3.9882978659144124,nan,,,0.9964687824249268,,None,47.641309777554106,-24.417183151236344,44.94470971401783,0.6035867929458618,-26.101099822524425,0.38930222392082214
Gaia,DR3,139274317554202752,48.18466380010108,37.14775813638794,17.427906036376953,2.7761287689208984,4.390792725098435,11.59670197826595,70.35908935476678,-11.872006138163979,,,5.062249233151737,nan,,,0.9777081608772278,,None,59.92603674839492,-33.762749718669326,56.14856077408028,0.13573947548866272,-30.99024323423442,0.10793741047382355
Gaia,DR3,143119344075248768,43.40243824618353,38.351372852762,16.723230361938477,2.7074851989746094,2.994848678136667,8.943305683650268,74.83482831563475,-16.228688396079196,,,5.4132831785778865,nan,,,1.100206971168518,,None,64.77517116412479,-32.47262548894876,63.102100947842494,0.09636908024549484,-29.49250253812867,0.1210174560546875
Gaia,DR3,142877692035738368,46.537281787776394,39.23107759931955,15.097410202026367,2.05682373046875,4.709442644924394,11.419593016973952,67.51550171212669,-14.26623094257218,22.416847229003906,4.238173961639404,4.974247125957368,nan,,,0.9763162136077881,,Gaia_DR3,59.15042778102204,-31.627760313288277,55.926718921487904,0.03121308796107769,-35.368844479232735,0.02967938221991062
Gaia,DR3,231098210084355328,56.99179904643005,41.29998013804273,15.383316993713379,2.030306816101074,1.1740275646169767,19.45777571106531,83.85041670504438,-7.760534564422759,23.052555084228516,5.304287433624268,4.1684788412444505,nan,,,0.9128404855728149,,Gaia_DR3,47.467456528986176,-31.893467765828536,48.0312156029929,0.03595958277583122,-31.029436473936702,0.029659772291779518
Gaia,DR3,144065469535475072,44.58411199818192,41.01492812600565,17.45039176940918,-0.20786094665527344,3.5544059234237664,11.449202481167466,83.37781066082223,-16.650762100857857,,,5.56120855413785,nan,,,1.0593397617340088,,None,66.41211815157693,-33.33900690714604,63.65311666719862,0.12961243093013763,-36.461845485925636,0.11465117335319519
Gaia,DR3,239969791449509248,47.29835193986574,41.398646439750905,16.796897888183594,2.49176025390625,4.071886153635308,13.194782411088845,57.53133015355705,-14.834901772898077,,,4.140601823027911,nan,,,1.0376224517822266,,None,49.139972796006425,-26.26913813729532,48.510361295144875,0.07940196990966797,-22.771078114580042,0.08214496076107025
Gaia,DR3,144032930863242496,45.05999411308561,41.021338704684126,18.3769474029541,2.865476608276367,3.1094074016831903,11.702011849996294,67.50188014452202,-16.299359708441607,,,3.4417491099833932,nan,,,1.0584523677825928,,None,41.06335113682287,-20.85561860128422,41.11476904465426,0.2481456696987152,-18.60015760269829,0.20554094016551971
Gaia,DR3,224905618859970688,55.5486696024646,39.725710311897444,18.262481689453125,3.077169418334961,4.432666646924092,17.895605992616368,89.54133212261614,-7.811193726833012,,,3.513778554457464,nan,,,1.0614049434661865,,None,40.33757043414208,-26.38542006766809,42.45069409242412,0.2107955366373062,-23.87230044688775,0.14499187469482422
Gaia,DR3,241653006315946112,53.171510765246,44.43873729550332,16.539262771606445,2.6749792098999023,3.905095114050424,18.454821788419522,84.35426424144215,-12.331516037530108,,,3.75305924914939,nan,,,0.9986400008201599,,None,43.5971892425687,-26.319626835006524,40.50768616233157,0.07337898761034012,-26.290189801036668,0.06196149066090584
Gaia,DR3,224897097643292800,57.020556376570255,40.922403867539174,18.15513038635254,3.217447280883789,3.388370671799128,19.34742267639295,83.45004138845803,-7.500881331982984,,,4.141597233493881,nan,,,0.9700591564178467,,None,47.15340297306627,-31.747290006483492,47.145542913901814,0.1698525846004486,-28.788946834075478,0.15966470539569855
Gaia,DR3,230086178349138560,58.568855602199235,40.675477144658444,11.998485565185547,0.9783525466918945,0.9691659086297617,20.38191625796085,88.12050423173987,-6.243236554406299,-24.158523559570312,0.43002408742904663,4.078466544246754,nan,,,0.9975866079330444,,Gaia_DR3,45.99611370794017,-32.10491846017854,45.16936015634607,0.016304945573210716,-32.2089346176444,0.012240278534591198
Gaia,DR3,144072719440500096,44.603211746246,41.12572961466657,17.124984741210938,2.4452476501464844,1.3095473759784046,11.540296166573341,70.57047740780435,-16.69147356289618,,,3.3787239809279077,nan,,,0.9475269913673401,,None,40.347374072090744,-20.241042136112235,39.44396724181903,0.10268629342317581,-20.473159735465742,0.09287139773368835
Gaia,DR3,143427894526541568,43.82356743423652,39.18803976646267,13.466948509216309,1.1251106262207031,2.0980927284522544,9.745431605239858,77.68243535895748,-16.31914602209315,-40.55379867553711,2.411972999572754,3.1956205052609308,nan,,,1.0788766145706177,,Gaia_DR3,38.21329322609804,-19.18529003199327,38.382033113813264,0.019324911758303642,-17.781978761287967,0.01730792596936226
Gaia,DR3,143510976374249856,43.32578201110353,39.630919786696374,17.18113899230957,2.5545787811279297,4.852262105232919,9.78348659194451,57.669993060721694,-16.9180972049476,,,3.4887327601835874,nan,,,1.4865190982818604,,None,41.750867791140166,-20.620289967227745,44.75822823749089,0.13950055837631226,-22.541488910329896,0.12800827622413635
Gaia,DR3,143778840598842496,45.52493670109796,40.27313916673478,19.87755012512207,2.645275115966797,3.8968050062664603,11.4437032313593,77.91661223948124,-15.57286576575185,,,3.263536614158306,nan,,,0.9821426868438721,,None,38.89919732686426,-20.12471636486531,36.59343287571207,0.5609489679336548,-21.49253769342625,0.45620471239089966
Gaia,DR3,143722838520550656,45.781484290008905,40.03834294698593,16.47031593322754,2.3988351821899414,3.1403891211387687,11.440207500488064,50.12971157215695,-15.259297249181326,,,4.135373609563752,nan,,,1.0125008821487427,,None,49.263022364400754,-25.69832718750489,49.19292306364839,0.06911944597959518,-22.961501653751952,0.06629568338394165
Gaia,DR3,234586062826932736,50.225929225044275,37.54801015132674,20.108057022094727,0.29505348205566406,2.654075152372879,13.257900819597053,79.88173453321566,-10.51265649138692,,,3.3318937865097804,nan,,,0.9153481721878052,,None,39.17627956730208,-23.016854647322138,37.467342682595685,0.5596646070480347,-23.76172180921192,0.541577935218811
Gaia,DR3,236225846980414336,50.31282231109299,40.4690969350093,18.440200805664062,2.923229217529297,4.431079666668727,14.533818728998222,70.31990995221588,-12.103521506103748,,,3.642976037855392,nan,,,0.9459455609321594,,None,42.82037829552707,-24.763579631341162,42.80194763418754,0.1847410947084427,-21.360666901114833,0.17053180932998657
Gaia,DR3,235752683319981952,49.36066567206495,39.20582157815657,14.84016227722168,2.331899642944336,4.7160729787643305,13.287904918635203,85.97294197983727,-12.108896667799142,37.80183792114258,9.071635246276855,5.517695043635941,nan,,,1.903780221939087,,Gaia_DR3,65.07373311900217,-37.12624473252045,60.019536766285725,0.054769035428762436,-34.9937221583246,0.051922284066677094
Gaia,DR3,236292848470807424,49.95607169801086,40.804766352645046,19.730487823486328,2.797351837158203,2.6262808607274275,14.472283519258518,69.56447852347488,-12.55488291355714,,,3.6580300452474077,nan,,,0.940629780292511,,None,43.0527402257241,-24.635702106841116,44.538968496571414,0.5480380058288574,-23.259917257303794,0.42289677262306213
Gaia,DR3,236618067694666880,54.62808884094117,40.045371549123736,16.056737899780273,2.1611080169677734,1.6717625979413784,17.336854514277157,84.36374739364459,-8.680658556929828,,,3.58620995926006,nan,,,1.0413349866867065,,None,41.36725460042337,-26.469309919736766,40.44601448410179,0.05459174886345863,-27.334571895832923,0.04481430724263191
Gaia,DR3,235892763676831232,50.78078188580492,39.18207609343779,17.432279586791992,2.784515380859375,1.2329306695259241,14.268533732567883,86.12587202107332,-11.024234582113742,,,5.43307501971409,nan,,,1.0268244743347168,,None,63.7499011659158,-37.56350089837477,63.606704674996394,0.11812325567007065,-38.968354969891166,0.10110485553741455
Gaia,DR3,234725327142748160,50.744645037082684,38.22721347063794,17.25754165649414,2.556377410888672,3.0904328910468633,13.875138089647658,61.14764902350111,-10.504079376552783,,,3.933960682408732,nan,,,0.9626396298408508,,None,46.16614664594566,-27.329506256739343,46.51884878034804,0.11604930460453033,-24.790937911074096,0.09614187479019165
Gaia,DR3,235494229368067328,50.210968062194716,38.472817739468304,13.420361518859863,1.234029769897461,4.102599062326239,13.577988329582833,79.68959685027048,-11.051232247517696,-51.574867248535156,1.7917968034744263,3.355102847821414,nan,,,1.0787619352340698,,Gaia_DR3,39.451317384582815,-23.047665789351104,38.55587228564582,0.021051665768027306,-25.80777175230746,0.01652280054986477
Gaia,DR3,236095696588566144,50.964143058960715,40.18964631218543,15.490933418273926,2.067615509033203,2.2926440647788326,14.835947105440054,89.71587348263799,-11.462926283667736,,,5.532158857763317,nan,,,1.1022248268127441,,None,64.8667662515884,-38.15041688799274,64.62234425469066,0.0433063805103302,-35.487851238734564,0.03745368495583534
Gaia,DR3,235483298674504448,50.02463714825883,38.4923163955641,17.890710830688477,3.066852569580078,1.0511361700144812,13.451348669203218,64.72242581615873,-11.2042444756776,,,3.672067090627521,nan,,,1.029223918914795,,None,43.20738646542767,-25.13468864770913,42.42767018301254,0.17246314883232117,-25.367368217496526,0.14267367124557495
Gaia,DR3,236447643390156416,53.43786686382,39.03109182209114,16.78169059753418,2.685579299926758,2.760519419129893,16.12709825422153,70.06405750523142,-8.944925164899255,,,4.225300653864481,nan,,,0.9833332300186157,,None,49.02246102377556,-30.678950991500077,49.87853610241188,0.08401986956596375,-32.98400913914965,0.07575022429227829
Gaia,DR3,335233604886896512,39.953006075184796,40.8182923319916,18.066179275512695,2.631071090698242,4.717078570341006,9.32178639186865,40.76811293280464,-20.027261763483605,,,4.046382808345708,nan,,,1.0639281272888184,,None,48.58372070445604,-21.745015069934365,52.562429495017895,0.2557869553565979,-21.14462359266318,0.17860373854637146
Gaia,DR3,237349414724922240,54.442933231790725,41.943226221550944,17.821060180664062,2.8332786560058594,4.803062315300362,17.968646632888767,81.84130567227572,-9.966143787349976,,,3.76960610350192,nan,,,1.0042082071304321,,None,43.52329047790897,-27.48509758050386,41.08036340388152,0.14525695145130157,-24.552440310771274,0.12692633271217346
Gaia,DR3,238339559301409920,54.04790755932395,43.09412813797687,18.88065528869629,3.052377700805664,4.59579432961947,18.259102968239638,79.28952919000913,-10.934199378122448,,,4.340842989352591,nan,,,0.9862579107284546,,None,50.216563164993666,-31.224129152692107,47.74695217844877,0.244528129696846,-27.82002419165287,0.19725660979747772
Gaia,DR3,237025844768641920,54.55761107522738,40.65795251830725,19.370197296142578,2.872285842895508,3.9182081698535915,17.51300490007323,84.82177133776675,-9.105274521268333,,,3.594844956165907,nan,,,1.032762050628662,,None,41.481628671532825,-26.427908811824903,43.96138597366388,0.46512681245803833,-28.06123216444093,0.35379189252853394
Gaia,DR3,238870898296090752,48.92333481996809,40.07200238208147,17.095396041870117,2.3076133728027344,2.683875413422246,13.41909236365095,63.22814355339351,-12.916487628000862,,,3.717670628578958,nan,,,0.9810924530029297,,None,43.90813161118771,-24.652628848949202,41.80553465284346,0.09532982856035233,-24.59404026589241,0.08500608056783676
Gaia,DR3,237060135788260224,54.97116858730034,41.03769539079739,18.6506290435791,3.0548763275146484,1.520238757991275,17.948712178043127,89.24221486771691,-9.038552451541129,,,3.5268473531897224,nan,,,1.0019097328186035,,None,40.61109041153822,-26.07520921939204,40.5863056376229,0.23553422093391418,-24.945191284417746,0.17295880615711212
Gaia,DR3,237812034242322560,52.7817660198972,41.91031382085544,19.433130264282227,3.1518192291259766,3.259192208177591,16.860767484333337,73.92999083314825,-11.13195465944974,,,4.36837481967942,nan,,,1.050416111946106,,None,50.834501700823104,-30.875444400036564,47.95870461059445,0.9874563813209534,-31.734560800671186,0.9964573979377747
Gaia,DR3,239523424088655616,49.647292323702494,42.21292659846187,15.657404899597168,2.592930793762207,3.832413716334185,15.072731579004085,73.85288373673144,-13.55846760558755,51.36211013793945,5.528936386108398,4.792181378579986,nan,,,1.0404831171035767,,Gaia_DR3,56.46206413025673,-31.74788176395365,53.03370208768343,0.051654182374477386,-29.94897481401472,0.04088486358523369
Gaia,DR3,239864199676660096,47.00246173000943,41.030790347492214,16.51169204711914,2.687161445617676,2.9437840478339625,12.788081800160008,55.742428910616276,-14.860763084766962,,,4.0354615314608235,nan,,,1.2192026376724243,,None,47.93005867831336,-25.520223717163585,49.90171868148252,0.16291816532611847,-27.064307311131124,0.10621651262044907
Gaia,DR3,239944120428867328,46.32266860906243,41.48231641288859,19.43421745300293,2.8868980407714844,0.9181618209525189,12.703374044182148,69.55490106446656,-15.597439613851396,,,3.477223900268501,nan,,,1.0810494422912598,,None,41.37055031464477,-21.57849136418953,40.699088951186866,0.5651389360427856,-21.532368533796813,0.4487069547176361
Gaia,DR3,238815647837571456,47.63180855686817,39.766625617561196,19.623010635375977,3.704763412475586,4.608594693264723,12.41930533801721,62.63538927502371,-13.720782587812401,,,4.669593763920016,nan,,,1.0012532472610474,,None,55.36680097010194,-30.23559332485734,50.855029510909056,0.46719643473625183,-29.760769788919305,0.4093133509159088
Gaia,DR3,240465941774868736,47.72392628594122,42.678237716756435,18.349163055419922,2.9184093475341797,3.9772238050497206,14.279601588030047,64.42954978936716,-15.195782006890514,,,4.415220347901661,nan,,,1.0168051719665527,,None,52.33705076349851,-27.95953627285487,55.28273531454555,0.23381973803043365,-30.201621337170145,0.17573264241218567
Gaia,DR3,242142044171315968,49.19003422595308,44.026054784287034,17.967973709106445,3.2281341552734375,4.257796797430625,15.977855628405257,74.26466224372379,-14.866085087735092,,,3.721805032629549,nan,,,0.9978700280189514,,None,43.91865340651501,-24.06415678001118,43.84918387154359,0.1738719642162323,-27.404075777077768,0.1642245650291443
Gaia,DR3,242071164329570432,49.45294061632533,43.57820021604451,12.822029113769531,1.1589422225952148,2.240009049298433,15.819638218079012,73.33957993790456,-14.440184519220196,-6.367557048797607,2.9087040424346924,3.73085301325974,nan,,,1.290745496749878,,Gaia_DR3,43.98663400640264,-24.35256981089135,43.835348277074104,0.0324973464012146,-26.107832271094935,0.024508655071258545
Gaia,DR3,244457512582321024,55.37105841515021,44.79402648768651,17.401582717895508,2.6965866088867188,2.631613338274359,19.954663343793715,86.73488401949199,-11.045169647645615,,,4.019924337356912,nan,,,1.0581616163253784,,None,46.19182656903678,-29.38209212308087,45.537561796072495,0.12219466269016266,-31.514096415899974,0.0896734893321991
Gaia,DR3,243481116194498816,55.70619462547643,42.8132036454716,14.362236022949219,1.6719903945922852,1.61846446053778,19.192445172027558,86.35576275477482,-9.607420568234527,-70.38719177246094,2.5887556076049805,3.8104050869833417,nan,,,1.0335562229156494,,Gaia_DR3,43.70562645840111,-28.31481785337127,42.86380079552796,0.024647945538163185,-29.305526133699757,0.020643899217247963
Gaia,DR3,335206391973591040,39.976283631281504,40.401278798159716,18.250682830810547,3.0174388885498047,4.154352400617078,8.951932208265308,40.552190204128316,-19.823710035210095,,,4.202562104255338,nan,,,1.0368661880493164,,None,50.45837641798239,-22.726224072286183,51.91510429534822,0.20269672572612762,-26.106186558447092,0.21310719847679138
Gaia,DR3,349819073305266304,29.076608070669757,45.08774562936763,17.958288192749023,3.0901412963867188,3.444818568179764,13.742335737696513,62.369860069369736,-29.469741577348678,,,4.413890275836207,nan,,,0.8948436379432678,,None,52.307056376510126,-15.16635326390216,50.03723541846047,0.19229838252067566,-12.903090522161037,0.18256008625030518
Gaia,DR3,338436349113854336,37.61247508047187,41.24157520817439,19.25183868408203,2.6744155883789062,4.7426894802496,9.170178273064,84.64981275305132,-21.963676247739787,,,3.0966799693368516,nan,,,1.0120725631713867,,None,37.18980309155438,-15.5427344855244,38.84898565418672,0.3648300766944885,-12.928766004077868,0.3679445683956146
Gaia,DR3,340271915058452480,39.989490249284366,43.61896930241793,15.632257461547852,2.1357784271240234,3.9767889871637876,11.933826785357097,64.41969632932964,-21.22185107653198,,,3.5193378517534395,nan,,,1.0410826206207275,,None,42.25493227297188,-18.182191266586404,39.40926284238953,0.040206316858530045,-17.402971993596996,0.03876742720603943
Gaia,DR3,352471237087699456,32.20367395654752,44.41452636629335,16.246231079101562,2.3560428619384766,4.904108265177012,12.418779450921939,54.8842356296033,-27.07750866956314,,,3.922889141222294,nan,,,1.0865695476531982,,None,46.83771218620781,-15.547634441163126,50.77265241238847,0.06499446928501129,-14.565641887435874,0.08289727568626404
Gaia,DR3,346278890679386368,31.12056275680017,42.807672230554644,12.700860977172852,1.148575782775879,1.053332488805162,11.085399306629558,49.233198479924795,-27.324118322523173,-0.010724424384534359,1.419814109802246,3.905408973588554,nan,,,1.2476564645767212,,Gaia_DR3,46.52423665010865,-15.499464843612348,45.974707756485515,0.024665366858243942,-14.828593900517244,0.033462632447481155
Gaia,DR3,356649415633451008,29.794310599921275,47.74004205032046,16.295869827270508,2.5371084213256836,0.5012134613649952,16.063760485331347,76.97906706300404,-29.718212930691713,,,3.641405965035574,nan,,,5.04243803024292,,None,43.2385058305594,-11.851578700590002,43.088776011661466,0.20625239610671997,-11.497154356754146,0.2049752026796341
Gaia,DR3,351892030682411008,35.28982555622222,44.28322614213877,19.26835060119629,2.9935760498046875,1.736487197551143,12.037407406010768,58.9550010258234,-24.846497750219445,,,4.562551455531472,nan,,,1.0610233545303345,,None,54.716902732475035,-20.19622193687487,55.37214822892167,0.4664030075073242,-18.65991157899764,0.39836356043815613
Gaia,DR3,354118168066423424,36.933899803449286,46.94148299787714,17.03856086730957,2.407597541809082,3.088782018814598,14.743111255464033,64.25043030716913,-24.678470721062105,,,4.202689304400729,nan,,,0.9705466032028198,,None,50.46024829775093,-18.61904153382097,49.5922548162077,0.08978326618671417,-16.02378080305006,0.08697599172592163
Gaia,DR3,353997221788208640,35.994754512725905,47.243556906845676,17.580625534057617,2.4396896362304688,4.236849868344145,15.00474854850476,76.85387752915713,-25.42204314629618,,,3.523592091698688,nan,,,1.0147589445114136,,None,42.28255261381121,-15.004498632253464,41.92212593703212,0.12963542342185974,-18.13096034399094,0.17963598668575287
Gaia,DR3,355692355185106688,35.31706177508973,50.42268314933154,14.787761688232422,1.813730239868164,4.941552096171101,18.17670862369505,81.0902950159209,-26.930963809442876,41.711647033691406,3.999500274658203,3.854573703016706,nan,,,1.4396512508392334,,Gaia_DR3,46.2276083987944,-14.820713748868949,43.8779339812613,0.03827579692006111,-18.07688213982089,0.04221537336707115
Gaia,DR3,398183467372382208,21.448834984765544,46.3139080970164,17.704622268676758,3.065763473510742,2.455516728140967,17.670713860071164,77.05615271263699,-34.90534094621951,,,4.358182922098255,nan,,,1.0012435913085938,,None,50.058524874046235,-9.488872570323487,50.038716453113146,0.12414134293794632,-7.2329566005756645,0.1257960945367813
Gaia,DR3,340208998085333248,40.54556620038342,43.359693942726594,11.999326705932617,1.1521568298339844,2.138825865067798,11.832073319945247,52.99757902861445,-20.70924321820491,49.292606353759766,7.185166358947754,4.2716977327862296,nan,,,4.715300559997559,,Gaia_DR3,51.27232873183907,-22.49717598941192,53.04697868291438,0.08546662330627441,-23.245695132330304,0.09252862632274628
Gaia,DR3,334336476414257024,40.44919621107245,39.440135055966614,16.750259399414062,2.2708559036254883,4.003682980612569,8.279892518615057,86.5839318182032,-19.028144173126414,,,3.0524409691716903,nan,,,0.9782955050468445,,None,36.64004051918912,-16.910649046652786,38.682545337461725,0.07197919487953186,-18.480856585289683,0.07371234893798828
Gaia,DR3,333916944008472320,40.614689680635344,38.06093991058109,12.843024253845215,0.9940023422241211,2.665137280238138,7.215483286037393,82.21402145369733,-18.26111665017949,-1.8996483087539673,1.721272349357605,3.072231050803473,nan,,,1.0464643239974976,,Gaia_DR3,36.873714947936776,-17.377838433513183,37.109391866342385,0.018555786460638046,-19.08776864616416,0.018214857205748558
Gaia,DR3,336118750403455232,44.059001718063435,40.77619022271533,13.511281967163086,1.2953147888183594,4.083761274874962,11.005157174222026,55.58059410296371,-16.925286561539018,0.7045056223869324,2.5167222023010254,3.6371954662867996,nan,,,1.0363621711730957,,Gaia_DR3,43.47647021756155,-21.597629055013478,46.44531098240152,0.02075381390750408,-20.60227181504071,0.01627800613641739
Gaia,DR3,335115957143217280,40.00011390172444,39.7989503157978,18.9955997467041,2.804513931274414,2.8498837699240878,8.422185536713501,44.784316854918494,-19.534940437864567,,,3.645270792318234,nan,,,1.082230806350708,,None,43.76672703285869,-19.883367938425998,41.61342167683939,0.46999284625053406,-20.28270166734506,0.3117145001888275
Gaia,DR3,333804587664170496,39.544300440142884,38.21848396007535,17.89218521118164,2.834819793701172,4.781562839273953,6.869709107852701,45.85408371145258,-19.170120499998408,,,4.647134027100348,nan,,,0.9612109661102295,,None,55.80580217768271,-25.591997865369926,59.003463173404676,0.13026133179664612,-22.1688706838558,0.12877416610717773
Gaia,DR3,335168944155800192,39.81024969493975,39.99008093960639,17.545297622680664,2.9120635986328125,1.536608395950827,8.526705552600347,73.12038431520435,-19.765595586869715,,,5.378651123906992,nan,,,1.0641074180603027,,None,64.58389987395259,-29.12657024668626,65.5522346811152,0.15794245898723602,-30.57501982393759,0.12715446949005127
Gaia,DR3,336224887635046400,44.40999979352591,41.20176371783133,16.168621063232422,2.266228675842285,3.0014504813969043,11.498960641112086,59.730647033279425,-16.87279997916639,,,4.670677582760623,nan,,,1.0262320041656494,,None,55.79533620463138,-27.835029593404155,58.62815428936173,0.06874318420886993,-26.993024715145093,0.06133969500660896
Gaia,DR3,336038314255407872,41.77726764706363,41.09612584029076,16.069976806640625,2.1377220153808594,2.5791990635301953,10.221261443581753,56.41082047981238,-18.78565944548248,,,3.545095599525253,nan,,,0.9891825318336487,,None,42.50773316467496,-19.86858782052483,41.021407620132166,0.058277059346437454,-21.095885336999856,0.050662435591220856
Gaia,DR3,336508351179432448,43.54431804110178,41.984887868953166,18.741941452026367,2.9709205627441406,2.748454563595093,11.700015469521418,57.461987599450204,-17.893818334541322,,,4.546981466861476,nan,,,1.0505303144454956,,None,54.3971859637912,-26.324731778417224,56.79896135140696,0.2870228588581085,-25.24204054832237,0.23757043480873108
Gaia,DR3,338023134605629312,37.24110552615352,40.46753273767008,18.504623413085938,2.9243812561035156,3.6411923470366117,8.355883649726119,65.68712235871583,-21.9209600250984,,,3.2949893422741874,nan,,,1.0540190935134888,,None,39.566843428217396,-16.57635357709535,40.62163942754704,0.23877036571502686,-18.875141962161358,0.2411845475435257
Gaia,DR3,337699092209874304,42.42063911889592,44.52250246893378,12.81482982635498,1.1701030731201172,2.163232385820525,13.445751734940822,77.55212166158452,-19.885036977398673,2.2951619625091553,1.2820855379104614,5.160414810181362,nan,,,1.0526784658432007,,Gaia_DR3,61.83201678873501,-28.13480870917389,60.51310745661553,0.017009325325489044,-30.083794352804397,0.018629305064678192
Gaia,DR3,336242754699408640,44.16914043978071,41.37911866246516,12.030974388122559,0.931239128112793,1.7523227883429533,11.513950743434322,51.800955377215466,-17.138832802321346,-32.26576232910156,0.7544355392456055,3.85756277473311,nan,,,0.9403835535049438,,Gaia_DR3,46.10179185696363,-22.81855542814182,45.53223826678884,0.016369303688406944,-21.512313891296618,0.01475594937801361
Gaia,DR3,338420608058553088,37.77573730118819,41.15493746470096,18.812973022460938,3.1639556884765625,4.2551489692477675,9.111929819315106,40.97731402678887,-21.805527873261838,,,4.186909717786832,nan,,,1.1237601041793823,,None,50.284881186524004,-21.13837588233093,46.91495546498315,0.28132569789886475,-19.480228293344464,0.291784405708313
Gaia,DR3,338447202496349056,37.9564461593211,41.389545228309544,18.565155029296875,3.010303497314453,4.838176398798647,9.371330744417328,50.05206840000968,-21.768625499562233,,,3.6102572847519383,nan,,,0.8852165341377258,,None,43.36066062685695,-18.249308994877858,41.51802627315642,0.33832529187202454,-21.437338463910343,0.20381656289100647
Gaia,DR3,339858773564876928,35.735933909839375,43.83716421242465,14.945225715637207,1.6921358108520508,3.8941162033644665,11.594413716656295,75.85954172045172,-24.363034284770016,-6.8592143058776855,6.320663928985596,3.3002661066259122,nan,,,0.9884257912635803,,Gaia_DR3,39.594608125401884,-14.956396481251433,36.96117997132826,0.03283447399735451,-14.319925859543709,0.03451848775148392
Gaia,DR3,339428658359934336,34.9011844346507,42.78481555137014,14.976469993591309,1.937943458557129,0.9011986703452592,10.545661753827522,72.99883941935077,-24.572248330643063,44.106021881103516,7.839169025421143,3.289632090174608,nan,,,1.8177211284637451,,Gaia_DR3,39.43560510308067,-14.825777370544582,39.368727157588125,0.05440804362297058,-14.204395959200099,0.06112435832619667
Gaia,DR3,339637118892894848,37.54176684635554,43.163357256517855,15.23765754699707,1.7729482650756836,4.280459774290972,11.048924866439735,75.4340458805876,-22.800476379938754,-9.869803428649902,5.0461506843566895,3.2793408214665636,nan,,,1.0810471773147583,,Gaia_DR3,39.38274330279567,-15.907502341682022,42.26784681265147,0.04029228538274765,-16.565376967825106,0.03420748934149742
Gaia,DR3,339177179434691584,35.700971901417155,42.56949159062348,17.182056427001953,3.3196182250976562,4.664798709730913,10.326507098428543,64.70664087066363,-23.907350397031376,,,4.9722869758572,nan,,,0.8512693047523499,,None,59.65277378595082,-23.06899501011903,54.76586937540126,0.13866929709911346,-23.233712608185684,0.12317916750907898
Gaia,DR3,339126361381715584,35.3496222279445,41.747158554652536,14.446524620056152,2.2229881286621094,2.0631185829863794,9.501155778868284,81.54666977334527,-23.849397573831517,-9.115226745605469,3.353647470474243,5.619257585211373,nan,,,1.3463289737701416,,Gaia_DR3,67.39341138906843,-26.199444590998024,65.22233046265214,0.028401460498571396,-27.321655629279263,0.030328605324029922
Gaia,DR3,339446662862787712,34.67594408744065,43.02928338708305,14.272314071655273,1.5672130584716797,4.7256710156781025,10.797669745507955,51.25266636625166,-24.82646886397436,1.721172571182251,3.344723701477051,3.7415673980724056,nan,,,1.126839280128479,,Gaia_DR3,44.84206134608766,-16.659357837006397,42.734561547994794,0.023724732920527458,-19.733785694458028,0.023417232558131218
Gaia,DR3,339987309049404800,36.200157812216126,44.30139269564569,17.659509658813477,2.462339401245117,4.651321585313469,12.072206943918273,77.56819377198136,-24.206452790874202,,,3.300129493027411,nan,,,0.9972066283226013,,None,39.60686369720233,-15.041959779781452,38.54827613308986,0.1225200816988945,-11.984082562195427,0.12351246178150177
Gaia,DR3,341021026075816320,40.56829186556895,45.39580094740836,17.219684600830078,2.794581413269043,4.736106754037743,13.74838469236338,59.88251904127081,-21.567344947242816,,,4.147642117894065,nan,,,0.9793049693107605,,None,49.78258691514069,-21.200326229842105,46.84574130809946,0.09029504656791687,-24.119832477713047,0.09243922680616379
Gaia,DR3,339479923089593088,36.3825915145484,42.210454193182535,18.331275939941406,2.2868309020996094,3.0001666708342833,9.995898598821013,77.00865193652945,-23.267804871411318,,,3.213367082253952,nan,,,0.947685956954956,,None,38.57019908938346,-15.317927956039345,36.93112239455641,0.16590183973312378,-14.116326469146713,0.15292192995548248
Gaia,DR3,340208796219274624,40.55207932495063,43.34486916682183,13.697856903076172,1.5320625305175781,4.657049688298972,11.820069364319432,52.159185202174775,-20.698079037056218,,,4.1979174152029,nan,,,1.6302454471588135,,None,50.38654828290892,-22.117282880939996,54.40684449349966,0.0372597761452198,-23.024187567685743,0.04138920083642006
Gaia,DR3,340419726356257408,38.58894077993334,43.775983443751215,10.139850616455078,1.203420639038086,4.2581772622430405,11.800685379716237,70.69023866766248,-22.293689432885127,-3.588505268096924,0.18655769526958466,5.055655167989586,nan,,,1.0994343757629395,,Gaia_DR3,60.722525718126,-25.0304739852369,62.22249231686858,0.021951111033558846,-20.747227602787326,0.018879160284996033
Gaia,DR3,340559226896449536,39.252845524654624,44.50019888462395,18.554929733276367,2.3061389923095703,4.150559139828816,12.619978524530536,60.77930389892633,-22.118014624319596,,,3.683964958280745,nan,,,1.2371881008148193,,None,44.24317787616148,-18.37816709200758,44.814892952224625,0.39019882678985596,-21.55045511966516,0.39080798625946045
Gaia,DR3,345371205174961792,31.59046143671078,41.11887498054,18.985172271728516,3.007953643798828,2.7300122832513156,9.377075873153716,62.16244485142604,-26.408710391787316,,,4.9628563858706505,nan,,,1.0884051322937012,,None,59.181721914867,-20.84968709111984,59.35894456338016,0.45542705059051514,-17.998997157284673,0.4530462324619293
Gaia,DR3,345749093577636224,29.22414824259627,41.15473621333667,18.92254638671875,3.0384674072265625,4.854717947004426,10.179045846746552,68.68276431660459,-28.174166471458243,,,5.120821442247817,nan,,,0.8880273699760437,,None,60.71017175345947,-19.84033933806566,64.69564995246984,0.38151025772094727,-23.243516376105227,0.2785288989543915
Gaia,DR3,340956704644434304,39.25054615936026,44.95461389611265,13.415668487548828,1.3588228225708008,3.9193826558801854,13.058735130285523,69.00921836916176,-22.30649299338866,-1.0693110227584839,1.2349135875701904,4.855323925855878,nan,,,1.0411443710327148,,Gaia_DR3,58.31083723815155,-24.03963418038728,56.41084598081635,0.016613736748695374,-20.506409531943035,0.016868090257048607
Gaia,DR3,344799119826796800,31.6789026176667,40.74951941719835,19.724578857421875,2.7923507690429688,3.562527467297102,9.007429063876092,53.16242648843265,-26.213667636739917,,,4.699586404226815,nan,,,0.975738525390625,,None,56.05258161661852,-19.968487080712396,57.353143591665926,0.5407925248146057,-23.249596392481497,0.731391191482544
Gaia,DR3,345373133616303104,31.705934719220544,41.187188014453945,18.03844451904297,2.812969207763672,2.049075547759888,9.41202928135531,89.05389934752525,-26.346687139477048,,,3.056391630495144,nan,,,0.8698639273643494,,None,36.45601996946751,-12.868416951131172,35.57387714043364,0.17457546293735504,-13.850710688747988,0.15416894853115082
Gaia,DR3,346546170787423104,30.205379458375468,43.486651092056256,18.057096481323242,2.64422607421875,2.867852511402603,11.95434300703741,69.47040019973429,-28.19889554976246,,,3.42379651857518,nan,,,1.034576416015625,,None,40.697927689753286,-12.905402032648775,42.57060916402332,0.14562806487083435,-12.023539032018228,0.16165362298488617
Gaia,DR3,346271262817516160,30.95773987937753,42.67814164192513,16.39046287536621,2.3112173080444336,4.167356481107008,11.00332251423259,74.124984330484,-27.39947652724483,,,3.295623999192649,nan,,,1.045080542564392,,None,39.24550426975761,-13.046695717750302,36.74067865090566,0.07831470668315887,-11.594642650923207,0.09366974979639053
Gaia,DR3,346627126627475840,29.418198499560763,43.92902798526026,14.597648620605469,1.8366050720214844,2.4965397358358135,12.582167856820982,76.3881902348449,-28.893000669855677,-15.293642044067383,5.851558685302734,5.199205595770655,nan,,,1.1023900508880615,,Gaia_DR3,61.67300582706934,-18.769658332280848,64.3286134702025,0.026790235191583633,-18.10996774874871,0.0461873933672905
Gaia,DR3,346149732423135616,28.831550525666405,42.41584553719053,16.5191707611084,2.450716018676758,2.279739219323587,11.417514869488468,49.979254379920036,-28.85571325268724,,,3.9873574956714406,nan,,,1.0675063133239746,,None,47.21862043644128,-14.705127193672647,49.05656288113452,0.07131728529930115,-14.162778550378372,0.06726859509944916
Gaia,DR3,345060764937515904,30.971906012788995,41.33778103791236,18.844409942626953,2.771463394165039,4.110962873312651,9.750307590940043,51.358514134285464,-26.942520753428116,,,3.614923284465129,nan,,,0.9410538673400879,,None,43.04923576836228,-14.802591679217707,44.66820866775441,0.2889138460159302,-17.484646927755534,0.28184616565704346
Gaia,DR3,396468091794632704,22.90806345361561,42.94966680765538,19.380859375,3.232044219970703,3.845636170391863,14.537343944944299,63.391921753282716,-33.22063494312859,,,4.015315233324558,nan,,,1.0891191959381104,,None,46.464405395458556,-11.265672939083384,45.954083996844474,0.3416515588760376,-14.480633426585758,0.3120272159576416
Gaia,DR3,347530615948117376,27.78915711006768,41.79983350841039,16.157968521118164,2.403120994567871,3.79034986972373,11.304330432965454,57.877393086946455,-29.426236889996744,,,4.620716013408529,nan,,,0.9604019522666931,,None,54.541191392522315,-16.679846916854032,51.85994958399889,0.07228442281484604,-14.141550547660426,0.07186684012413025
Gaia,DR3,348428672134324864,23.11826642065731,42.834338812132096,12.309610366821289,0.8176469802856445,4.769421569592265,14.34621157949727,89.0582266734291,-33.04613930854593,24.791946411132812,1.5325088500976562,3.2536558303944156,nan,,,1.1519955396652222,,Gaia_DR3,37.688795208247555,-9.26854030366197,34.50943033188291,0.015726663172245026,-8.498183475977207,0.013250777497887611
Gaia,DR3,397221394698127232,21.92779869343938,45.07641190391736,17.028783798217773,2.701822280883789,4.888348709285195,16.53674462544445,72.07332225593677,-34.35246413215134,,,4.010565921295901,nan,,,1.0774184465408325,,None,46.18187488785715,-9.640759939735801,42.24060672807024,0.07331009209156036,-10.884786441412619,0.07045957446098328
Gaia,DR3,349886010373231488,28.119154889668774,44.62794022545072,16.270343780517578,2.455288887023926,4.57258192745709,13.612744366258283,60.184048070865224,-30.005225448117976,,,4.2778936510527235,nan,,,1.0616514682769775,,None,50.54854195410272,-14.317727555220594,51.34675387911594,0.06050211191177368,-18.363394945470645,0.04396378621459007
Gaia,DR3,352256140827956864,33.3880203633633,45.47469564925034,11.626843452453613,0.8275060653686523,4.577989742908768,13.318404351022973,83.18693177074985,-26.599229338564868,-11.698486328125,0.6393734812736511,3.2840900690358334,nan,,,1.0977367162704468,,Gaia_DR3,39.29100683865133,-13.245026924856017,37.49033238355329,0.02105586789548397,-15.853255998740485,0.025504793971776962
Gaia,DR3,350281765839687808,25.52628757325239,44.62054670171105,16.83338165283203,2.3071136474609375,2.1731344230287037,14.5609451635108,63.89137372014482,-31.79938676717359,,,3.960019497975688,nan,,,0.9132751822471619,,None,46.35878149265727,-11.776320960929624,45.562700485280885,0.06876223534345627,-13.406482312010084,0.06498567014932632
Gaia,DR3,350982081731055488,26.82954347827834,46.8306674582014,19.2322940826416,2.7983875274658203,4.809669539085755,15.98368234830982,69.27887952931526,-31.45359065440916,,,4.1364212925350365,nan,,,1.0475214719772339,,None,48.664017653139275,-12.027051767001721,44.82993972508732,0.3826802670955658,-13.726968284328589,0.33410388231277466
Gaia,DR3,353482646048869248,31.929257280587805,47.34972730859045,11.101144790649414,0.8362283706665039,3.760421853429289,15.330932951394745,75.153982748404,-28.187665853837437,-18.419832229614258,0.5115494132041931,4.815544479521341,nan,,,1.7033140659332275,,Gaia_DR3,57.464867701969204,-17.449479824398516,53.97663737508748,0.027215832844376564,-15.898619370183301,0.03099709376692772
Gaia,DR3,352602285129676800,32.453074464420844,44.97884334609431,10.343172073364258,0.8897857666015625,4.888796530979139,12.93460084860865,68.54545392680122,-27.0869242157406,40.073272705078125,0.2651585042476654,3.5176134353761954,nan,,,0.9005333185195923,,Gaia_DR3,42.01848828607092,-13.87208435035424,44.1659695389294,0.02328302711248398,-16.79286658952152,0.02386430650949478
Gaia,DR3,353027933568284032,32.86466627192871,45.76073651824192,9.261280059814453,0.4526329040527344,3.3739423661544006,13.653765051225603,61.32995220177309,-27.055615343248288,-12.155912399291992,3.179717779159546,4.363520522533691,nan,,,1.5299657583236694,,Gaia_DR3,52.16096557198084,-17.13452055078855,55.2097572124628,0.030733652412891388,-16.55381969571028,0.0318450890481472
Gaia,DR3,353870945453541504,35.172503184228425,46.61370969237294,19.291034698486328,3.1973915100097656,1.6019457168403757,14.368578208033062,62.44136984281804,-25.759178798837198,,,4.087308021499944,nan,,,1.0404163599014282,,None,49.011852909379314,-17.133510297557912,50.31065410595908,0.3177206516265869,-16.66620983783075,0.43384942412376404
Gaia,DR3,353948598462984832,34.89036144544835,47.114239746624044,14.464897155761719,1.7891216278076172,3.669059980351577,14.872958274639213,64.59183666728015,-26.12225601856956,63.28520202636719,2.8368468284606934,4.135763734935395,nan,,,1.6248986721038818,,Gaia_DR3,49.57832019800067,-16.960737699266108,48.72399829843053,0.034532442688941956,-13.878019620647125,0.03810620307922363
Gaia,DR3,354222037555270528,36.87010363623164,47.72304392059188,10.940536499023438,1.023651123046875,3.092958840304588,15.518066871597993,81.27435232542678,-25.005276592914072,-63.000457763671875,0.2699020206928253,3.4726054622063676,nan,,,1.0599210262298584,,Gaia_DR3,41.69312940847749,-15.102201646997207,43.94506826945119,0.023465491831302643,-15.337822503733374,0.024225369095802307
Gaia,DR3,354837042513750016,35.11036399900803,47.92657469550568,17.074874877929688,2.345534324645996,3.48882130303812,15.68189873522778,88.87502783789722,-26.249017409874412,,,3.3394967053499545,nan,,,1.051831841468811,,None,40.042166141049336,-13.54709485329451,42.47913569049396,0.09018756449222565,-13.240915568518101,0.08565537631511688
Gaia,DR3,356440096106786944,30.112293884714447,47.31910718895197,18.763050079345703,3.3160648345947266,4.709869599492607,15.59836201982964,69.40158517527681,-29.39219637244837,,,3.878749125067769,nan,,,0.9698371291160583,,None,46.09493933262738,-12.990339446937622,43.856180147277705,0.24236539006233215,-16.123933631196632,0.25606441497802734
Gaia,DR3,357057437527030016,28.191238263407257,47.614063905033355,14.086350440979004,1.3908519744873047,2.7615405113261664,16.30979016973443,83.65844288895349,-30.743493486395433,48.95676040649414,4.81898307800293,3.493304573052932,nan,,,6.906406879425049,,Gaia_DR3,41.28709463156269,-10.562402569361634,43.32070717253779,0.157011479139328,-10.57685563616543,0.11302441358566284
Gaia,DR3,356649415633450240,29.79917368273536,47.741061434859915,17.486507415771484,-0.23014259338378906,4.9484483241776065,16.063760554168876,70.43595264240558,-29.715274538129087,,,3.960741775925512,nan,,,1.0485421419143677,,None,47.03094617332503,-12.893424353457876,43.28090738894439,0.08956551551818848,-11.158837792634898,0.08206521719694138
Gaia,DR3,357317192851279104,26.27307102668628,48.47976697888304,17.490739822387695,2.756765365600586,2.702003760496583,17.62535488839857,80.59241740716601,-32.19591777518765,,,3.758233074241195,nan,,,1.0458027124404907,,None,44.1243483862706,-9.884088521842301,45.39770134270855,0.11028405278921127,-11.604924831999437,0.09826795756816864
Gaia,DR3,357126118345822848,27.684385313484036,47.89671095699204,17.05605125427246,2.3433732986450195,3.2560260819710907,16.701996489198613,73.76044289195018,-31.14586246344526,,,3.913063433628417,nan,,,0.9294480085372925,,None,46.17235392975173,-11.402960505790382,43.54468389733013,0.08041933923959732,-11.95939205438735,0.08653495460748672
Gaia,DR3,357773563193965568,27.477071671728297,49.22592450135672,17.962839126586914,2.822021484375,2.145847120412778,17.981410900293223,77.67735434903895,-31.590059396922797,,,4.199947559155054,nan,,,0.9599560499191284,,None,49.52304362913822,-11.459811210517156,51.100116802550204,0.1366412490606308,-12.51929863111729,0.11420179903507233
Gaia,DR3,358254320356296064,32.138913146953925,49.575784720076115,17.20867919921875,2.945646286010742,3.4572140590932716,17.49805168719419,81.70538973341098,-28.69935198064754,,,4.783049837224428,nan,,,1.0195298194885254,,None,57.100584670050516,-16.372974223578954,53.73340445828583,0.09566794335842133,-15.47074402918122,0.09646967798471451
Gaia,DR3,377383108259632512,14.531792478770912,45.267513536112276,18.06778335571289,2.784465789794922,4.0183969781400855,20.723355353956645,89.16720159822432,-39.24089793786126,,,4.161204638267328,nan,,,0.9739280939102173,,None,45.688414997725666,-5.6044001339711835,42.243108713716076,0.1459474265575409,-6.34986924471338,0.10319116711616516
Gaia,DR3,359513402906106240,28.87079510411498,51.57475922856189,15.875870704650879,-0.32679080963134766,4.994571911110293,19.90757934614028,85.86932627670876,-31.246680211495327,,,4.124726085774637,nan,,,0.9764907360076904,,None,48.85100774818781,-11.047544841061882,50.24522690066059,0.03890887275338173,-6.934473515300602,0.04326951131224632
Gaia,DR3,359011200970069248,31.679941793271162,51.73868989679948,16.357227325439453,2.5102405548095703,4.842335101144836,19.67959462386967,85.4718056570895,-29.571934939495783,,,4.432135419589645,nan,,,0.9961096048355103,,None,52.862772536616056,-13.815600880814142,56.00135445512357,0.052803441882133484,-10.556869993834985,0.04865964502096176
Gaia,DR3,359421765480646784,30.28369907961345,51.60497424508964,19.34597396850586,0.2280902862548828,2.714937895733127,19.71520146062232,85.22104742922224,-30.391791116259867,,,4.364047982421751,nan,,,1.0170739889144897,,None,51.884716386081635,-12.674270851000136,53.826795934696065,0.3396989405155182,-14.244890243452428,0.29526835680007935
Gaia,DR3,358379943856552576,31.31049456647929,49.79781643060497,,,4.446629867606584,17.811877086527943,78.87060271007341,-29.289746747432098,,,4.498952782687073,nan,,,1.0597083568572998,,None,53.6175375653524,-14.702191598933886,55.05331555716835,0.2597333788871765,-18.667553833982232,0.20415876805782318
Gaia,DR3,358715191823671424,33.21793496713237,50.79257886515746,14.081242561340332,1.3211126327514648,4.895514441149881,18.615195706687548,87.81452078828691,-28.363104735968484,-34.638206481933594,3.5863964557647705,3.650332092715366,nan,,,1.0407823324203491,,Gaia_DR3,43.661072506150134,-12.659970250081235,46.550575662376,0.022322485223412514,-15.077155777945901,0.021267516538500786
Gaia,DR3,435355820907955200,50.79152578798267,48.092724207340034,19.06525993347168,0.4079170227050781,4.871839244813853,19.662328352638937,87.58863931670123,-15.960857731550263,,,4.663345085699182,nan,,,0.9913133978843689,,None,54.71590096618972,-30.180406701858633,55.56227722904079,0.2637573480606079,-25.466377239572168,0.25524628162384033
Gaia,DR3,359404615676649984,29.737787834629774,51.438849914872726,18.75978660583496,3.050344467163086,3.129188349516113,19.633650393923233,88.76101206689268,-30.686247889399883,,,4.76411565784035,nan,,,0.9744281768798828,,None,56.561179213606074,-13.502965865110648,58.627348675804825,0.21630804240703583,-15.871006292104575,0.1989675760269165
Gaia,DR3,398148179921080704,21.32270738784451,45.93115500586686,10.753327369689941,1.1281328201293945,4.147446328977285,17.448698320054483,76.45070758544946,-34.91895238190952,-38.32157897949219,0.21551480889320374,3.9618850074430396,nan,,,1.0318318605422974,,Gaia_DR3,45.47587253015002,-8.74876544880605,45.46416347661356,0.014292532578110695,-12.212714279407237,0.01694236323237419
Gaia,DR3,406278381213935744,24.941301031565377,51.38033709611776,11.653558731079102,0.8813199996948242,2.1895192540534545,20.608029057482074,88.85449312297169,-33.590896645548106,-11.86203670501709,0.6040579676628113,4.382567762283117,nan,,,0.917549192905426,,Gaia_DR3,51.18257920799505,-9.07309700709513,50.53071151605185,0.013826459646224976,-7.158133416677597,0.015360796824097633
Gaia,DR3,397284273019045248,21.65040798669666,45.561287294261255,17.085914611816406,2.7293949127197266,4.258285618620422,17.022653299583936,82.50475803295559,-34.632565581483576,,,3.6004018615404116,nan,,,0.9740881323814392,,None,41.39879750300574,-8.290476771309683,38.19718304408247,0.08192133158445358,-8.732929140140545,0.06396772712469101
Gaia,DR3,377087412646531328,16.506846371583837,45.84671937574395,17.11184310913086,,4.9023027810181095,19.9026322390459,86.17668638590642,-38.044342494764116,,,4.063338751988047,nan,,,1.1443477869033813,,None,45.26925893096053,-6.243914289243305,41.204436265058526,0.2181282937526703,-7.298020381237211,0.09208982437849045
Gaia,DR3,433538018954776448,43.85845302618518,44.3795202227306,19.857112884521484,3.1562957763671875,3.3147492782216,13.817873985021409,60.55156547922509,-18.80272205202265,,,3.9717194478902895,nan,,,0.988737165927887,,None,47.49116972183058,-22.529935161296194,44.71695583443252,0.4636024236679077,-22.449909335234942,0.4771501123905182
Gaia,DR3,399455941625802496,23.70082196126758,48.021300676168806,19.21391487121582,2.9188899993896484,4.199190097822886,18.081386619524995,82.93886318106813,-33.757710589753714,,,3.743615425487009,nan,,,0.9246621131896973,,None,43.482871701853554,-8.589489931429192,46.002219039648246,0.34027689695358276,-6.436524339283203,0.24089187383651733
Gaia,DR3,396797528668572416,21.417991710222417,44.19622998221072,19.48561668395996,3.0540924072265625,4.617413072023737,16.177286739133084,70.64522293963387,-34.52112527312315,,,3.9932438436358084,nan,,,1.0976608991622925,,None,45.85924324772831,-9.75767093486125,49.47974412066106,0.38253170251846313,-11.172179590143523,0.37078532576560974
Gaia,DR3,399907501605076096,21.410372771708968,47.8878820467376,16.02493667602539,2.383045196533203,1.7827268347116232,18.88267483604229,84.95027615476951,-35.200177911325056,,,4.676745766782624,nan,,,1.1478122472763062,,None,53.70653352143552,-9.205998471069208,54.603807929524216,0.05277341604232788,-10.717307159262313,0.049136579036712646
Gaia,DR3,399830909450495744,20.941836772881345,47.8846032910349,18.639400482177734,3.0856590270996094,4.308685386944341,19.080668138267885,82.71801118183812,-35.4978085222902,,,4.055072754247017,nan,,,1.0430952310562134,,None,46.44915123495501,-7.701859348341395,42.82367231256103,0.18451005220413208,-8.351824450271637,0.19635926187038422
Gaia,DR3,400611601361304576,20.700464166464425,49.44174213188242,19.471385955810547,3.3231449127197266,0.5881838281753302,20.39025445315963,87.65916517624932,-35.87800415136838,,,4.229941390853744,nan,,,1.130839467048645,,None,48.387387243810146,-7.015322327071586,48.71635791212768,0.4071638882160187,-7.42381956359125,0.35124969482421875
Gaia,DR3,433359524406030336,46.6187881131974,45.54074695214031,19.67275047302246,2.951618194580078,4.1250515541911055,15.877784229462936,77.7850471578747,-17.436247457209628,,,3.5942404294542776,nan,,,1.0858407020568848,,None,42.73162383400702,-21.569440856037954,39.829538460769314,0.5586442947387695,-20.40882695816626,0.38799428939819336
Gaia,DR3,434620664239932160,47.708051639909726,45.38417725859216,19.244964599609375,2.845113754272461,4.9337857346902885,16.232521933678818,82.74899555258197,-16.606979749910018,,,3.5067488013393366,nan,,,1.1033762693405151,,None,41.570108381656546,-21.642960319962413,44.56982948144457,0.4377196431159973,-23.7177524689579,0.3196418583393097
Gaia,DR3,438868799215580288,41.38889157202826,49.71742740196886,13.38260269165039,1.3410358428955078,4.684529248154847,18.03529029200401,79.22101977395562,-22.8051926153163,-8.23022174835205,1.774739146232605,3.9420796553501187,nan,,,1.0516643524169922,,Gaia_DR3,47.28535406909923,-19.25763564014185,50.31496478678728,0.019670559093356133,-21.7023822765543,0.019133485853672028
Gaia,DR3,432756437980171264,44.009151827531426,43.84683862507878,17.91365623474121,2.6299362182617188,4.279806152539968,13.425314209879541,77.35025282950416,-18.444400583255796,,,3.3850194869940116,nan,,,1.0507915019989014,,None,40.46557980727036,-19.3995598744468,42.35701546118919,0.16754895448684692,-21.79741544919881,0.1367005705833435
Gaia,DR3,436397887351562368,48.17370359455779,49.140455223940165,17.40268898010254,2.5346622467041016,4.160636171143658,19.418926119828694,84.23372152302065,-18.18943915448618,,,4.045247876219365,nan,,,1.0133599042892456,,None,47.8885204162125,-24.278987223121447,51.39883810540226,0.10382813960313797,-24.7954199847405,0.10446204245090485
Gaia,DR3,437730873400838272,43.00908976653752,47.919023440954916,15.04690170288086,1.8425531387329102,3.3516667114732233,16.703180116433803,73.63797186531042,-20.990518211197493,-15.90587329864502,7.110746383666992,3.9231990032021278,nan,,,1.0403313636779785,,Gaia_DR3,46.97170549849187,-20.735076580422614,48.35260942329536,0.02900666557252407,-18.33152468963811,0.027081379666924477
Gaia,DR3,439228369580978304,44.88670434108254,49.372307787947804,16.787572860717773,2.4899988174438477,2.7028970609646246,18.54028046270737,82.85802631369316,-20.409906842296223,,,4.609297390628635,nan,,,1.03170907497406,,None,55.01234536794599,-25.206332804989813,53.91980232362589,0.08417356759309769,-22.817994998003712,0.07379475235939026
Gaia,DR3,438217716529190400,40.52389544980592,48.33182198814643,18.68010902404785,2.425966262817383,4.3482187387669065,16.546976822882023,72.81987579321594,-22.80945242307047,,,3.934629362156976,nan,,,1.1454591751098633,,None,47.22721580253164,-19.14088640397194,48.346687824929,0.32500919699668884,-15.712350617604834,0.3406279981136322
Gaia,DR3,433463531333898880,46.57957894151074,46.273965497134746,17.906023025512695,2.933391571044922,4.650649368103703,16.453113747380286,71.28397504453929,-17.825522340951434,,,4.111675995371139,nan,,,1.0538060665130615,,None,48.8881638596191,-24.454903351361978,52.87081899249144,0.1637343168258667,-25.07799375259717,0.15142908692359924
Gaia,DR3,432562064941010688,45.335455023513816,43.231182436813995,17.68117904663086,2.876422882080078,4.361990502359141,13.491541073636094,61.07020806326492,-17.196812139196343,,,3.8239669012970294,nan,,,1.057328701019287,,None,45.59762031916964,-22.797684307136777,42.3237437607617,0.13469868898391724,-24.080781618037452,0.14324888586997986
Gaia,DR3,436981831102733056,42.003516105251045,46.26786152995002,17.5551700592041,2.667673110961914,1.945229489691323,14.915765688767959,83.12631222389065,-20.948922629189497,,,5.235731202305756,nan,,,0.9707460999488831,,None,62.76451381682102,-27.533173654665354,64.91065816028569,0.11299353092908859,-27.471273498889843,0.1200857162475586
Gaia,DR3,436901051357148160,42.47899320425386,45.875224403296926,18.11037254333496,2.7610225677490234,3.1508719150304216,14.685585700392249,77.81671423527105,-20.44935612465541,,,3.4728179747547805,nan,,,1.6431523561477661,,None,41.60829059436041,-18.615199735184124,43.10730496727716,0.5485537052154541,-20.368521850159645,0.7611789703369141
Gaia,DR3,437914869799748992,43.08251164913227,48.80636982601011,15.094761848449707,2.0267715454101562,4.816077656756813,17.541507676224995,76.49288545698916,-21.328109624463533,-1.7844513654708862,6.235376358032227,4.000781409395411,nan,,,1.1040043830871582,,Gaia_DR3,47.895648312884134,-20.91442343338627,48.5877012629161,0.04029218852519989,-24.9169380963949,0.03220158442854881
Gaia,DR3,432503451523491712,45.90503205691863,43.14723314259161,15.741186141967773,2.1093082427978516,2.9392620157982403,13.692623353599652,60.91917402717879,-16.745657114387754,,,3.8871003270344753,nan,,,1.1055078506469727,,None,46.29248540074807,-23.509622886016935,47.7640012148437,0.047879405319690704,-25.416386149734727,0.04848172515630722
Gaia,DR3,450739161108575744,37.11297229667739,49.822036910448894,15.982134819030762,2.3685970306396484,0.3562240037892147,17.623097101559914,79.49177663326155,-25.587928120087906,,,4.607371377697492,nan,,,0.9563800096511841,,None,55.32342604198289,-19.312834977011864,55.63611263979155,0.05305635556578636,-19.164718582747494,0.05436524748802185
Gaia,DR3,450521556589234176,39.16649592186529,49.35228993102574,9.765315055847168,0.8640174865722656,4.643649676878694,17.338550028990387,80.3383328502897,-24.094943925456313,26.161996841430664,0.3187849223613739,4.7325000619065465,nan,,,1.0788021087646484,,Gaia_DR3,56.83687035528225,-21.591709742301937,52.65170290820756,0.018462305888533592,-23.578414332195255,0.01800968125462532
Gaia,DR3,433553549550522880,43.50515367767529,44.204830959968334,19.234111785888672,3.010812759399414,2.3395101817159984,13.537719100529358,81.40447253776148,-18.97127541126627,,,3.3244878553676718,nan,,,1.027804970741272,,None,39.77446753876677,-18.72761902308409,38.80883879183221,0.32817307114601135,-20.05271808615835,0.3483034372329712
Gaia,DR3,433572206888938496,43.27095161801761,44.436056433171586,15.27435302734375,2.2618865966796875,1.9034066353036057,13.65386546890877,74.49893456992983,-19.244452634481913,-3.5734124183654785,14.341318130493164,5.0124700513036835,nan,,,1.01399564743042,,Gaia_DR3,59.99082902642182,-27.983583799665283,61.872061731315455,0.06109748035669327,-27.27207085367337,0.05891191586852074
Gaia,DR3,450583782075665152,39.04625864038196,49.731966989002046,17.800201416015625,2.9594593048095703,2.9747090374665115,17.697616143859925,81.24935327221625,-24.31496016327258,,,4.711180680880659,nan,,,0.9119033813476562,,None,56.5821916786351,-21.24468851711276,53.777505075089614,0.16873790323734283,-22.17316165443273,0.12502017617225647
Gaia,DR3,450521560885707264,39.16737914373505,49.351532548537996,11.601948738098145,,4.737700961780006,17.337913788489725,80.1895807884235,-24.094086327723545,,,4.723321648347041,nan,,,1.1092193126678467,,None,56.72662751441164,-21.550814669079514,52.11857249105263,0.019062386825680733,-22.56080388685875,0.01898367330431938
Gaia,DR3,452701819426365824,40.82434066254244,52.01661560790759,19.050792694091797,2.891580581665039,4.636436128877577,20.164046258715466,87.06898639879124,-24.060768370526837,,,4.377447625448525,nan,,,1.0461350679397583,,None,52.53163718043138,-20.114544555122368,51.774414076627686,0.227317675948143,-24.32555369094296,0.29745715856552124
Gaia,DR3,73379138295557120,33.21357807963853,12.003073097863611,19.285850524902344,3.216062545776367,1.3910123392717972,20.340973177181663,87.70108374638583,-11.812423760887004,,,4.124133145200216,nan,,,0.9378777146339417,,None,49.32779207368019,-26.606087960535593,49.729929474522436,0.3659454882144928,-25.46554735719009,0.3937544524669647
Gaia,DR3,2593174706408663808,21.697075645081124,17.028579419935987,17.1882381439209,2.80621337890625,4.80797364777353,19.61423425778543,85.09887860766688,-25.16981931640403,,,4.414138283922728,nan,,,0.9541611075401306,,None,50.767912575972744,-24.345654093373504,46.59544940239971,0.10025515407323837,-25.96044048951745,0.07087709754705429
Gaia,DR3,78950776030075264,33.583038607573,15.55332794039724,17.361316680908203,2.674448013305664,3.764752994785171,16.772765574746987,80.55319565413456,-13.33120097787736,,,4.85454452067661,nan,,,1.0374369621276855,,None,58.09716371944093,-30.60944731859098,54.25793141059436,0.11356271803379059,-30.286413667577452,0.0888093113899231
Gaia,DR3,84206510330181632,43.37435108484729,19.393229722796853,19.358762741088867,3.1078243255615234,3.1470840870878716,14.715619894973893,77.68496687322657,-6.136196092730205,,,5.0207675926840025,nan,,,0.9871857762336731,,None,60.08088835202635,-34.05862542635047,60.78501919264137,0.6327242255210876,-30.802936174835708,0.7237611413002014
Gaia,DR3,94810406627549056,25.387094428531324,18.229909880813114,18.92574119567871,3.2224578857421875,1.457553160235095,16.65814379911465,76.5227281141658,-22.347351086724046,,,4.641391943455009,nan,,,1.0483769178390503,,None,54.304963333299746,-26.161914176501558,55.729104044540314,0.2725400924682617,-26.23751407993734,0.24386030435562134
Gaia,DR3,96597594058266752,25.08643182701742,20.796085543252648,11.191137313842773,0.8367156982421875,3.6118713899753474,14.67820979774807,71.81721095364429,-23.79322129901501,-4.583221912384033,0.8343068957328796,3.617305498868743,nan,,,2.5195388793945312,,Gaia_DR3,42.27089832522675,-19.52674482967825,39.66739862473892,0.061849433928728104,-20.425561607232797,0.04564247280359268
Gaia,DR3,99944099432062336,34.42611481700367,21.69131436617336,15.574732780456543,1.9884281158447266,4.268536820401371,10.588988040292696,46.43483563098526,-15.674606509224873,,,3.9740516879522567,nan,,,0.9439993500709534,,None,47.61420298282248,-23.977859457433123,46.96712493185678,0.05427030101418495,-27.494880847975573,0.039896976202726364
Gaia,DR3,127431095557360512,39.03485978504035,27.435240490725633,17.55331802368164,2.789236068725586,4.71053802966736,5.7586992896611555,25.829905878480186,-14.396601069976649,,,3.909467935767313,nan,,,0.9958614110946655,,None,46.95356312057084,-23.91500439703268,43.954517045364916,0.11456333845853806,-26.38022419589443,0.1030510663986206
Gaia,DR3,131563442507095168,37.42899535336344,30.20468812447492,19.77510643005371,2.6930675506591797,3.187547327250391,2.6881143866986688,12.518080418414085,-17.160005948119686,,,4.046405836599261,nan,,,1.0432943105697632,,None,48.59308698433852,-23.44474859934642,48.809230886526805,0.5503988265991211,-26.155195305267796,0.6031370759010315
Gaia,DR3,131664150900417152,37.683378956925054,30.56956136794069,14.877372741699219,1.7445955276489258,3.048328542314105,2.5812462894884622,47.41431002412205,-17.11693809592783,-20.986602783203125,9.21560001373291,3.362751226951391,nan,,,0.9114505648612976,,Gaia_DR3,40.38590287598363,-19.496950800133202,38.674062844715294,0.03792523220181465,-18.178097007122727,0.03807566687464714
Gaia,DR3,132732498245572992,36.741409685067644,31.837944556253706,15.941744804382324,2.040102958679199,3.7367235030451127,1.2212345777741846,26.239073351785684,-18.516179351233443,,,3.607263572287364,nan,,,0.9988759756088257,,None,43.30708605834418,-20.245506057822972,40.47450723960463,0.0497850701212883,-20.4715233756504,0.04423398897051811
Gaia,DR3,291312925720195968,27.327256436688987,24.972540080660544,18.912311553955078,2.6856250762939453,0.6598401665663378,10.138026823833199,67.42703632098444,-23.621103720401692,,,3.3500005150361725,nan,,,1.1227973699569702,,None,39.4808652858623,-17.4604371813393,39.79571547344923,0.31742843985557556,-17.116904979619914,0.3171698749065399
Gaia,DR3,292500638796459776,25.20996113247905,25.991488706492092,17.997291564941406,2.963773727416992,3.745079640735291,10.858655752339061,72.47587633396542,-25.905310572514804,,,5.201415254611052,nan,,,0.9426594376564026,,None,60.81338085316588,-25.656052642562777,57.55371324781487,0.1960330456495285,-23.15843982542664,0.13919344544410706
Gaia,DR3,292708652651917824,25.538023819471064,26.88724995560825,11.075098991394043,0.8862628936767578,4.026486047213535,10.094536334869192,47.985895854212075,-25.98446089552015,,,4.371165786015301,nan,,,1.0545010566711426,,None,51.174353669212415,-21.317187731181157,50.97078749345667,0.025490660220384598,-17.612427010148366,0.023320769891142845
Gaia,DR3,292763387716023296,19.797994537155645,22.500797354817536,17.67827033996582,2.8425350189208984,4.525228562784922,16.894950507662557,76.01280469751795,-29.2093388257665,,,4.546506912169735,nan,,,0.9690021276473999,,None,51.74003885042763,-21.99952585448644,49.75876562473332,0.12575602531433105,-18.141303391445504,0.09165146201848984
Gaia,DR3,26401821099155200,37.662794351146836,12.596659842977672,13.031298637390137,1.2245025634765625,3.6903914155226927,19.76035045779704,89.27632219183269,-7.820714471793644,25.538471221923828,1.975515604019165,4.769597630893224,nan,,,1.0114227533340454,,Gaia_DR3,57.28154061585514,-31.613987174838712,58.78876606172496,0.016938885673880577,-28.2232779661879,0.01560145802795887
Gaia,DR3,32250909426066944,44.047415478952324,14.109899383130058,18.46181297302246,3.1035842895507812,4.761908589972162,19.786646883901803,86.72414482352237,-2.5031289352324153,,,4.53759330298301,nan,,,0.9947460293769836,,None,54.240267642920074,-31.346478659952723,49.837571111554894,0.2608124613761902,-30.178060615580016,0.21356648206710815
Gaia,DR3,77919502843213568,29.751771070538368,14.489597791383412,16.627756118774414,2.3963537216186523,4.4262116811447205,18.484578842153507,80.18789826287878,-16.43372761315988,,,4.340261925563909,nan,,,1.704535722732544,,None,51.53097059411829,-26.722694550731664,47.48931518559958,0.15773417055606842,-26.465122128163614,0.14824506640434265
Gaia,DR3,301466095264318080,30.11329079205136,30.900371425590592,16.749773025512695,2.273585319519043,3.035566401003142,4.686757390090256,73.944938633237,-23.705260820700016,,,3.1077226110066563,nan,,,0.9561996459960938,,None,36.93217729752867,-15.430397552319139,36.80034684414459,0.08092514425516129,-17.414741683175592,0.08691184967756271
Gaia,DR3,301983724722719360,25.62540105959367,28.789043842265873,11.293425559997559,0.7201375961303711,4.654171935633243,9.084578451384585,78.50568956242398,-26.6631723061846,-8.082775115966797,0.6566126942634583,3.1630753893727603,nan,,,0.930691123008728,,Gaia_DR3,37.04383203457272,-14.868917676397187,39.9715785404426,0.022787097841501236,-15.8983042574342,0.024546721950173378
Gaia,DR3,305218075614748416,26.477227149724126,32.23624400980729,18.070432662963867,2.933856964111328,4.83037150835584,7.530863352504896,46.53255066002535,-27.255519463837555,,,4.617086460289098,nan,,,1.0006197690963745,,None,54.24922995173239,-20.53265794465621,54.803866361381,0.1594468206167221,-15.863950656107603,0.1624498814344406
Gaia,DR3,86221021791014912,37.428033569922974,18.77831836195946,18.288362503051758,2.4051856994628906,3.763980366092423,13.592560987206765,62.06637228478066,-11.379526437434837,,,3.7962841302955033,nan,,,1.1175165176391602,,None,45.58937420512228,-24.28179183892065,43.38318158556911,0.2391309142112732,-22.230784841221524,0.2407171130180359
Gaia,DR3,87917052837020672,39.021012630056326,20.13621152972724,19.673498153686523,0.35260581970214844,0.8714209870294628,12.539242927642434,55.41271828064541,-10.608673591391014,,,4.232564995725943,nan,,,0.936430811882019,,None,50.83415373904417,-27.31050301618563,51.21160693999219,0.5279702544212341,-26.630725006140448,0.43061020970344543
Gaia,DR3,89390020460400256,37.86707529076019,22.3788073794178,18.727949142456055,2.9304428100585938,4.034312178159679,10.10989446668501,50.71740921083606,-12.85780067046231,,,3.6680984540655284,nan,,,0.9558531641960144,,None,44.05471380530302,-22.99113725744448,40.95962996816367,0.31896859407424927,-22.600638400680232,0.26344332098960876
Gaia,DR3,308129891642550144,17.888463521285555,28.6053522664756,19.037038803100586,2.6245479583740234,2.108649177923889,15.499088611407247,82.44634224147046,-33.052321810906506,,,3.4463324627048273,nan,,,1.0465688705444336,,None,38.75701231376372,-13.701072004580954,37.50323371041261,0.2961452007293701,-14.581412194144942,0.2409725934267044
Gaia,DR3,309080316365760000,21.064705056519553,28.996500008273863,14.373234748840332,1.6434507369995117,4.748519737273619,12.731999918584364,67.95465548423738,-30.56979271371189,58.06924057006836,3.4436357021331787,4.851570296518689,nan,,,1.0382698774337769,,Gaia_DR3,55.61015608027114,-20.53696515498336,50.84292232869083,0.022088127210736275,-19.609604971706027,0.017101144418120384
Gaia,DR3,83715651403432064,41.779048632569335,18.546341192451735,10.939088821411133,0.858647346496582,3.9621433792655263,14.858925600985541,64.60066966681616,-7.159262383952402,49.808170318603516,0.38800832629203796,4.168301285029983,nan,,,1.0360790491104126,,Gaia_DR3,49.980237005371755,-27.910321266515968,50.04528916368286,0.020917823538184166,-31.391327304403383,0.01918262243270874
Gaia,DR3,85213976514337152,43.18508194099729,20.934600726458864,18.45842933654785,3.3102645874023438,3.614591368463464,13.278793047735004,59.35318353378472,-7.174008987075669,,,4.322985339777752,nan,,,0.9529852867126465,,None,51.74534252766823,-29.102987613745036,51.72236329988134,0.20764634013175964,-32.39698849435722,0.1766403168439865
Gaia,DR3,312652217327558912,14.513273491190132,31.233324691370882,14.440714836120605,1.8282842636108398,3.9522448539895025,17.75003327607606,85.27439203210503,-36.535724741634546,-32.488311767578125,2.9393043518066406,4.941968048490393,nan,,,0.9664498567581177,,Gaia_DR3,54.25311432921357,-16.368617577140633,50.37465160532981,0.023497629910707474,-17.751168994498425,0.016974594444036484
Gaia,DR3,91746931009192064,26.564338773527865,17.909328729265717,12.890193939208984,1.2505416870117188,0.41848863740296205,16.39422041733961,81.44414127921861,-21.110597673350224,-5.984351634979248,1.0916430950164795,4.96333819097905,nan,,,0.9586602449417114,,Gaia_DR3,58.336303834425856,-28.47485899116839,58.029163582096544,0.015146801248192787,-28.786945886786448,0.013136230409145355
Gaia,DR3,313525843740589568,16.5233669301654,32.2998675498479,18.00776481628418,2.8903656005859375,3.6484661515890346,15.925919343185132,79.78966241046315,-35.26672010306714,,,4.952299028788963,nan,,,0.9953390955924988,,None,55.179484350376114,-16.716449804570928,58.988295164322814,0.13148124516010284,-16.680738208285888,0.10442174226045609
Gaia,DR3,314413424502029440,14.607341148356591,32.280751794646065,11.992971420288086,0.9460086822509766,2.4033994707157236,17.540744220486793,83.44417028836202,-36.74437752088386,-24.376903533935547,1.4457796812057495,3.639980104297986,nan,,,1.6429228782653809,,Gaia_DR3,39.98890663336544,-11.576425134409067,39.616392533772604,0.02657265029847622,-13.382646684489616,0.019382698461413383
Gaia,DR3,99847995243805696,36.27045630304224,22.19960121490027,16.48777961730957,2.5452871322631836,4.1843936615674595,10.077209513604833,44.27568627163187,-14.233343645842565,,,3.961313917198192,nan,,,0.968494176864624,,None,47.54439418580642,-24.361668662939774,48.97998086225225,0.0628141537308693,-27.54747897163473,0.05785556510090828
Gaia,DR3,100075967812671744,35.445090300388536,22.32621483683501,18.869312286376953,3.1897430419921875,4.8848987602286,9.91997655877579,47.893033558560084,-15.055664525848366,,,3.728485703947054,nan,,,0.9359845519065857,,None,44.72079797458468,-22.660195238071953,48.03647527006882,0.31985485553741455,-20.724126423524407,0.24972380697727203
Gaia,DR3,98789126891416064,28.839882108057008,23.68212926020699,18.90928077697754,2.9879074096679688,4.689275646987586,10.325765012127242,55.204001817724986,-21.704623604385493,,,3.579660706746937,nan,,,1.0041120052337646,,None,42.39168494997934,-19.502863723247096,45.88587697099318,0.28576233983039856,-20.06209747611956,0.30985915660858154
Gaia,DR3,2593841392707564160,22.18868445528669,18.175142251539793,17.499895095825195,2.6807804107666016,3.583180537963548,18.417222467285963,87.18273769714509,-25.242919893127002,,,3.6427165036540714,nan,,,0.996749222278595,,None,42.00228187898777,-19.812200400262533,40.60763397255339,0.11742115765810013,-17.440226059820546,0.08327546715736389
Gaia,DR3,323986842180644736,21.947241989145905,39.6916631997766,14.992746353149414,1.8931264877319336,3.618556341592594,13.155742902605871,57.798884125527096,-33.117235411779596,17.067157745361328,4.677145481109619,4.217186008548627,nan,,,0.9816229343414307,,Gaia_DR3,48.566000721198165,-12.971120062556148,48.762994597685534,0.027366390451788902,-16.182070617568183,0.02302069403231144
Gaia,DR3,102945697456423040,35.449680788929264,25.42324473649366,14.636780738830566,1.6481475830078125,3.969109360201471,6.823042073252225,44.12779150448585,-16.586113812943402,0.6512728929519653,5.858382225036621,3.542685612907857,nan,,,0.9804671406745911,,Gaia_DR3,42.492423324768424,-20.893107711128852,40.49438080819441,0.029098359867930412,-23.082786114822028,0.02776939794421196
Gaia,DR3,105373487849968512,30.562441514787935,25.433738281445173,17.974891662597656,2.6577510833740234,2.341723446871973,8.012460199368286,78.31342111853249,-20.95609292747194,,,3.1332557723831065,nan,,,1.0064231157302856,,None,37.27723103536857,-17.104495922958993,38.772112017255196,0.21503382921218872,-16.70726115483791,0.2170962691307068
Gaia,DR3,109557919867726208,43.306828977082084,22.157002904619777,17.44028091430664,3.0230369567871094,4.802888104405807,12.29644222114742,89.26430277683862,-7.741540789370159,,,5.733158266963694,nan,,,1.0083975791931152,,None,68.61261488482333,-38.45759634156319,71.2295960505964,0.11827071756124496,-43.6390229769255,0.10102563351392746
Gaia,DR3,326974107898601216,36.807060365224366,34.78210459600034,18.892290115356445,3.0062179565429688,4.879724741851017,2.7999600710500783,52.30090809151616,-19.804711090386693,,,3.309873766370767,nan,,,0.9070619344711304,,None,39.738096151793194,-17.913849657992063,41.90215829233381,0.2975243926048279,-20.542507651296667,0.2748700678348541
Gaia,DR3,329225461035749504,31.215325811723122,34.77893009771081,18.163564682006836,3.1124649047851562,3.119170795260636,4.29964296348615,60.372558743844515,-24.35187617631701,,,5.167107448120247,nan,,,1.084429383277893,,None,61.5675662807547,-24.523685701663048,59.77151858455581,0.18164101243019104,-21.639556382693335,0.2304469496011734
Gaia,DR3,129739073543674112,41.53581505805921,30.315344600496665,16.94746971130371,2.4574155807495117,3.8150155438806466,5.60010792566591,60.0717835847302,-13.69128881225931,,,3.276377933847656,nan,,,1.1983972787857056,,None,39.29493660415154,-20.38350600640233,36.90808624999062,0.10545593500137329,-21.499840246864494,0.10577952861785889
Gaia,DR3,129743780827451264,41.252407504800985,30.262099604698026,18.330516815185547,2.858470916748047,2.354245301720712,5.394154399680095,23.769761155532187,-13.90680886565805,,,3.954954030633363,nan,,,1.1233116388320923,,None,47.44545400574894,-24.49751664272113,46.359598128830314,0.2633063793182373,-22.862386650539264,0.230851948261261
Gaia,DR3,130606725655982592,36.66460960743799,27.396592459414332,13.104985237121582,1.24603271484375,0.5536179688942754,4.9750403359048745,33.49879492671746,-16.468008939130005,34.194122314453125,1.6307520866394043,4.440037087196055,nan,,,1.1104286909103394,,Gaia_DR3,53.30279133327249,-26.154674209726323,53.14664675800126,0.018341682851314545,-25.660570394258254,0.017487140372395515
Gaia,DR3,2591869826624814080,23.109296714347053,15.141396941974367,19.496795654296875,3.1938037872314453,2.778829621987118,20.428690267157783,88.05619440148787,-22.993295048359933,,,4.361870036970401,nan,,,1.0249897241592407,,None,50.52365041482177,-25.131152377743156,50.24098370405492,0.4759012460708618,-27.670675594346772,0.26464033126831055
Gaia,DR3,290640956611915008,25.860345705135995,22.893181827623618,15.682879447937012,2.420398712158203,3.022501021350535,12.586360996239948,88.44341537235185,-24.023295261088503,,,5.677207837826479,nan,,,1.0362924337387085,,None,66.54917066944796,-29.932307539772154,69.76479478066857,0.04328727349638939,-28.275471777002434,0.036378245800733566
Gaia,DR3,291175486767449216,26.57671083828621,24.365952575643476,19.193944931030273,2.8802490234375,2.5716071706406787,11.045913182707007,51.24449167444836,-24.023985368169573,,,3.7833026146606787,nan,,,1.0057339668273926,,None,44.46884450066973,-19.67666091949898,46.44644007459708,0.3619020879268646,-19.132838313089177,0.28159239888191223
Gaia,DR3,294480172043093248,19.816445214703084,25.24214675417749,18.103151321411133,3.0298519134521484,4.2726063395436285,15.31784564170279,66.64236166603254,-30.25726429207129,,,4.0398772646834695,nan,,,0.9869258403778076,,None,45.979499748370884,-18.341460778945528,42.37028826505774,0.1553254872560501,-17.878748492013067,0.1325916200876236
Gaia,DR3,295138264111783808,23.51485723952569,25.613113020449124,16.907169342041016,2.5730485916137695,4.740870744703115,12.311639073737327,55.906094294260264,-27.2235719393991,,,3.823529304088418,nan,,,1.6089342832565308,,None,44.372912306480714,-18.427524106983398,48.13985821977363,0.12687937915325165,-19.069890471938052,0.086668960750103
Gaia,DR3,361022306518513280,13.457989691966095,32.67487293007481,18.367650985717773,3.0924949645996094,3.067844991282721,18.471956937794697,86.35030586107393,-37.72263194798363,,,3.6788335803309895,nan,,,0.9586000442504883,,None,40.04938329792375,-11.067843188870606,42.36570426876579,0.18068788945674896,-10.524380432755715,0.11993035674095154
Gaia,DR3,296591715404740352,21.224212289063388,27.949843660516535,18.041841506958008,2.946950912475586,1.0959429321868022,12.968813564334566,62.19370078410672,-30.064459549892835,,,4.564246987131409,nan,,,0.9245403409004211,,None,52.362162507315524,-19.92342717160668,51.40321829235633,0.15475313365459442,-19.48478669157442,0.11193346977233887
Gaia,DR3,297924564015840640,29.36622474577239,26.854275737012333,17.518299102783203,2.883790969848633,3.4204168985721126,7.511726927739099,39.53251116017017,-22.64009968998267,,,4.3956401515719605,nan,,,1.0884621143341064,,None,52.133570351439474,-23.014318509894295,51.30706494692698,0.17300668358802795,-26.07417128116591,0.15043215453624725
Gaia,DR3,300677882866128640,29.914994758602283,29.428930825899347,15.05307674407959,2.0509414672851562,3.8982182425745804,5.474418237280673,41.009102512092134,-23.262809944604527,,,4.604233172772085,nan,,,1.0053801536560059,,None,54.688639688220746,-23.351504493011063,56.74623829202825,0.030540311709046364,-26.52680709218025,0.030272377654910088
Gaia,DR3,2804491740231964672,15.6510246098496,25.003876296039948,15.340154647827148,1.9684438705444336,3.0925034354261913,18.73524867515441,85.90462546792793,-33.675628784334464,-15.833011627197266,6.133724689483643,3.7396650197494754,nan,,,0.9548285603523254,,Gaia_DR3,41.40791631238593,-15.786850571349781,43.617968192102616,0.0427263006567955,-16.816184517470838,0.02598457597196102
Gaia,DR3,305784354167418880,27.620672944918038,33.679448423588994,13.4717378616333,1.3399982452392578,4.948993028703867,6.6672516848091545,32.365567724634104,-26.850930159693668,-3.434941530227661,2.0388286113739014,4.238181314800214,nan,,,1.0353533029556274,,Gaia_DR3,49.997993779282496,-18.780162718910812,46.05108460086609,0.01645723357796669,-20.773450356505908,0.017338206991553307
Gaia,DR3,305809093179067648,28.016560629102205,33.90030933044463,10.644547462463379,0.8429374694824219,4.299953528997612,6.389417898126243,72.81424514005731,-26.61077304715218,-18.563762664794922,0.4705852270126343,5.470119306782655,nan,,,0.9405904412269592,,Gaia_DR3,64.61494883694367,-24.368344891626222,59.73442219668348,0.019098423421382904,-25.244334411667936,0.016300763934850693
Gaia,DR3,2575960447421958528,28.481321089422522,13.753715856325911,17.064002990722656,2.6796340942382812,3.0269735762528325,19.53927556865491,84.199180240873,-17.267565277001946,,,4.2719599904642935,nan,,,0.9732820987701416,,None,50.53556958491161,-26.223289815014365,49.9358535746967,0.12463259696960449,-28.882511494390467,0.08554141223430634
Gaia,DR3,35757428101211136,44.43807619711074,17.814114364317664,19.197717666625977,3.2447967529296875,2.1039238408247436,16.582341715734774,88.99688943442047,-4.2458949332188824,,,3.404729070993873,nan,,,1.0666329860687256,,None,40.67038559658856,-23.44003560964073,40.00842742896014,0.5528217554092407,-22.082761051810284,0.4542413651943207
Gaia,DR3,2592299254634975232,22.75609958869315,16.31987040227638,17.45389175415039,2.741710662841797,2.55764069672735,19.612670335441017,88.28667247091352,-23.874730562509274,,,4.7338149964300245,nan,,,1.0212547779083252,,None,54.73814460506881,-26.701230818895567,55.33293855906622,0.11369394510984421,-24.219141472236775,0.07826975733041763
Gaia,DR3,2589402797409878016,24.80656871239159,15.895789534826582,18.332937240600586,3.0679683685302734,4.2612190602994655,18.96132097419038,83.39167986344461,-21.78040832309403,,,4.515305477799803,nan,,,1.1688400506973267,,None,52.70284889051976,-26.15056762760407,51.80191808323458,0.31594589352607727,-22.19575440064548,0.18648676574230194
Gaia,DR3,75071767726768128,38.72114999591767,14.490298525225805,18.853816986083984,3.343839645385742,3.660071839140776,18.014873036591904,79.27753009590575,-7.836473679624336,,,3.9300297398367268,nan,,,0.9717649221420288,,None,47.202455761032,-26.038829275623883,49.94841717896233,0.2721075713634491,-27.325193726407896,0.26536548137664795
Gaia,DR3,376194501831082112,17.165210107850847,42.83802094528167,14.897316932678223,1.94879150390625,2.1965545470768233,17.848026641078853,85.23026459733859,-37.163545406602395,26.482662200927734,6.274453639984131,4.9218456863778375,nan,,,0.9124811887741089,,Gaia_DR3,55.083985534616886,-10.05535420700231,53.124570067338595,0.025408288463950157,-11.21937221219493,0.020712431520223618
Gaia,DR3,2785542958701965952,19.984915242394163,17.728977732571124,17.253536224365234,2.4789257049560547,3.788442615982108,20.090092528380474,86.67974602734164,-27.032199917440693,,,4.115567275434974,nan,,,0.9730371236801147,,None,46.88719093607771,-22.00138194682905,49.455692619760185,0.09972984343767166,-19.95046174548868,0.061345696449279785
Gaia,DR3,79698272138193152,34.703591548489364,16.800913291003454,17.43596076965332,2.989116668701172,1.4836389797790126,15.457387641189102,67.31346408444222,-12.915849702230638,,,4.226753348007668,nan,,,1.1590911149978638,,None,50.65853962549069,-26.67207505940925,49.626662378710094,0.14514896273612976,-25.84571372503268,0.11226113885641098
Gaia,DR3,80344888054748160,31.402402896612458,17.178335053373683,18.007118225097656,2.803722381591797,4.868144439681605,15.491620950644872,74.54398226589134,-16.23248123591656,,,3.640126894040957,nan,,,0.9183920621871948,,None,43.39089596988678,-22.16386023770008,44.756297882806464,0.18150506913661957,-18.686636232633333,0.1591680347919464
Gaia,DR3,2786722601534824320,18.310766524156595,19.175683977131698,17.0778751373291,2.387383460998535,2.9031331018946482,20.13393264189208,86.60329156996781,-29.14639621628612,,,4.223028348150491,nan,,,1.0508630275726318,,None,47.62163101745346,-21.501236843383925,48.63902635169347,0.10140062868595123,-19.125374300001013,0.06150659918785095
Gaia,DR3,81307377341310080,39.70982381464154,15.854780746270283,13.435088157653809,1.4989089965820312,3.8355297979439937,16.85555940373054,86.60715824496285,-7.637153757177746,-19.380233764648438,2.1867008209228516,5.1519157871475,nan,,,1.094794511795044,,Gaia_DR3,61.8638699504583,-34.213765744767315,58.8194516298995,0.019783662632107735,-31.370463338118704,0.016423873603343964
Gaia,DR3,32538264213381248,43.5562077317433,14.876130024387002,15.209970474243164,2.1476964950561523,1.8252895620193128,18.898188353058696,86.13576282535485,-3.41055108184786,-3.2806236743927,4.761551856994629,3.760197852373035,nan,,,4.80724573135376,,Gaia_DR3,44.98377512121489,-25.848251795074415,45.539622862015975,0.15777845680713654,-24.512397314922413,0.12161960452795029
Gaia,DR3,81140732610104576,38.87600460438411,14.921192289513609,16.064983367919922,2.484015464782715,3.071279163456699,17.614534624099193,83.83449971479872,-7.923764438301337,,,4.885270263803382,nan,,,0.9756454229354858,,None,58.674603582815585,-32.347060998594614,59.85818758351933,0.07285290211439133,-29.413854880876904,0.05455738678574562
Gaia,DR3,82608374474653568,37.362241040625136,17.475785737757533,16.495737075805664,2.6070804595947266,2.1472726581306762,14.877980746363782,65.78418120417379,-10.749695942325797,,,4.3342019256748125,nan,,,1.1023907661437988,,None,52.04810228511903,-27.933815012546777,50.70151497732682,0.0705796405673027,-29.360680545576777,0.06434430181980133
Gaia,DR3,82302401004470784,37.87785543111501,16.51737566992961,17.364303588867188,2.867887496948242,0.8689456548662945,15.890240010857232,85.62762762346223,-9.745967529183506,,,5.232494799290445,nan,,,1.1181155443191528,,None,62.84359572874352,-34.07781641783968,63.017784533800686,0.1364387422800064,-35.020357186856735,0.11461322009563446
Gaia,DR3,315408933496723328,23.400896700410737,31.10583578090315,14.950724601745605,2.050347328186035,2.5698528239679583,10.25565622028095,75.08500440457573,-29.379108829347945,32.3024787902832,4.069623947143555,5.338737181176498,nan,,,0.9992374777793884,,Gaia_DR3,61.924250668934675,-22.61360047428888,59.665924660881515,0.03060602955520153,-20.80662475894048,0.022676030173897743
Gaia,DR3,74728445220827264,35.755409472809795,13.701734101624263,12.344829559326172,0.9747934341430664,2.1379971857352316,18.547425228820003,80.30991111977599,-10.265813642374123,12.94050121307373,1.282279372215271,4.077581751482816,nan,,,1.0590678453445435,,Gaia_DR3,48.92115858271315,-26.5063902578654,47.85465651967307,0.01752508245408535,-25.009684946479997,0.017107678577303886
Gaia,DR3,85237096322910208,42.51537642627038,20.742425300857164,18.72852325439453,3.3256473541259766,2.351403625982221,13.146272067920327,57.80397452421708,-7.687463425072173,,,4.222814459138925,nan,,,0.939044177532196,,None,50.59182307727626,-28.240553315596838,52.39419453910686,0.28572115302085876,-29.305043995599753,0.27118048071861267
Gaia,DR3,2804426143196285952,14.394286614181231,24.63374599299546,17.928953170776367,2.964000701904297,0.745226927989584,19.918844479052183,85.93328931371272,-34.58727876595996,,,4.120744298357918,nan,,,1.0557711124420166,,None,45.19589246428668,-17.16910757107263,44.55732885592734,0.16076381504535675,-17.06266454650361,0.14262504875659943
Gaia,DR3,319170534574275840,24.183931022110436,36.87274789866955,17.567644119262695,2.827848434448242,4.601475411735676,10.309016909199679,58.262323826477434,-30.64581467109427,,,3.514857941283195,nan,,,1.002996563911438,,None,40.91496369518445,-12.958836536343,40.76681096738076,0.14422541856765747,-16.365159371850595,0.08511699736118317
Gaia,DR3,86087293689494272,36.017850637066715,18.9743597650854,17.81170082092285,2.770448684692383,0.913625206965253,13.28390989113833,69.08772936437013,-12.80778174862316,,,3.5374509086546015,nan,,,0.9585429430007935,,None,42.44958581808097,-22.257206419307586,42.194314557476766,0.14308643341064453,-21.62551767221219,0.1449584811925888
Gaia,DR3,2804491740231964800,15.650367560795171,25.003394881700846,18.40986442565918,2.6892833709716797,3.5855956837637684,18.735998480723016,85.8385777631015,-33.67600615851592,,,3.7425344550817785,nan,,,1.0481133460998535,,None,41.439488766668035,-15.798986306548336,44.02475880273393,0.23325170576572418,-16.947500510241483,0.14378508925437927
Gaia,DR3,91661856297111808,26.984659659913365,17.493994370082532,11.591778755187988,0.8838567733764648,1.471343369905544,16.587317951324895,77.83839416966492,-20.522769910411782,5.496070861816406,0.49907243251800537,4.736730474928584,nan,,,0.9863751530647278,,Gaia_DR3,55.75732745425341,-27.449861306660363,54.6688769372204,0.018389256671071053,-26.46302042942032,0.019125651568174362
Gaia,DR3,320528839456097152,22.085622859481933,35.963770678277044,19.71058464050293,2.558530807495117,1.572655140946019,11.609764125777955,73.10752081946362,-31.99240051245408,,,3.34247029682864,nan,,,1.0521079301834106,,None,38.52001742650019,-11.831773232132683,39.310572002905374,0.43959856033325195,-11.055252210444188,0.3745300769805908
Gaia,DR3,79848703368265984,35.591873859806725,17.656641176370602,17.751113891601562,2.8808822631835938,4.795647504789266,14.59061213214779,82.9989921365155,-12.521428881416014,,,5.266336471231729,nan,,,0.905903697013855,,None,63.17461390891483,-33.311100413790875,65.56001891471021,0.16043078899383545,-28.551267514534384,0.12324658036231995
Gaia,DR3,2593102898850858496,21.8141695648682,16.655189144098347,17.93987464904785,2.8675479888916016,1.329566001019341,19.849485334667015,87.86401407592594,-24.892117068143467,,,3.8881671151687547,nan,,,1.029052972793579,,None,44.746023024440156,-21.605005624529653,45.23648336907965,0.17703352868556976,-20.63181036220322,0.09591664373874664
Gaia,DR3,25879243838351104,40.57315155666663,12.845995417416475,8.469029426574707,0.7218084335327148,3.471216084549103,19.974931953754798,85.94638291479518,-5.138121398241176,12.336441993713379,2.664118766784668,4.236150711136698,nan,,,1.8559187650680542,,Gaia_DR3,50.84476237283335,-28.622003694877822,47.78129106356906,0.053985241800546646,-28.148319752696707,0.04655376076698303
Gaia,DR3,2592565890499827072,24.90811057437576,16.828065777225145,14.591222763061523,1.8225994110107422,0.9195401750309798,18.099324932964226,85.76933390512959,-22.130346738829232,4.02454137802124,6.544161796569824,4.906200087696335,nan,,,1.080583930015564,,Gaia_DR3,57.28992814777997,-28.073305770654898,56.48056325681574,0.0308099165558815,-28.57274637373227,0.02020253799855709
Gaia,DR3,93126229691071872,32.65979563537418,19.582785311157544,15.555593490600586,2.149142265319824,2.47241536137752,12.896421217301826,58.77677217867658,-16.25926339894997,,,3.807905200720362,nan,,,1.0120879411697388,,None,45.50300988703601,-22.952271650577856,46.240672089735675,0.04408983141183853,-21.109729623224084,0.039832428097724915
Gaia,DR3,322680003891802752,23.976485221387165,38.14818303778814,17.412151336669922,2.489248275756836,1.9738321175252938,11.019922319016558,49.02837502122506,-31.184295684015535,,,3.898792359245552,nan,,,0.9745813012123108,,None,45.342109596082025,-13.708318875409976,46.05398216204106,0.10805285722017288,-15.166091247656544,0.07544044405221939
Gaia,DR3,81323217180721920,40.309366479897456,15.996442853227558,15.690865516662598,2.251126289367676,2.512420926127782,16.85352823024326,77.53005605010748,-7.142462956572393,,,4.661769562139098,nan,,,1.061572551727295,,None,55.962256526089156,-31.10145075709421,57.405648395941135,0.047257546335458755,-29.098213944351606,0.0430709607899189
Gaia,DR3,83292506930406272,39.63836672582711,19.105395369433005,18.358348846435547,3.2217636108398438,1.7276785393495877,13.684704379592223,72.76501432197131,-9.477052605974471,,,3.492776410335055,nan,,,0.9299429059028625,,None,41.942151922543665,-22.82194131979005,40.93924714999234,0.22211146354675293,-23.60453226920785,0.17303471267223358
Gaia,DR3,2786402742435399808,20.351316496261084,19.450047777679767,16.275192260742188,2.6046009063720703,4.640928472370199,18.580903551380032,89.21478524280593,-27.45512111351939,,,5.016814660029621,nan,,,1.072449803352356,,None,57.2756423291459,-26.06988165604828,61.11932043069302,0.06277413666248322,-23.01754049460482,0.0507160946726799
Gaia,DR3,2804271283855133824,15.741965189762539,24.51219724075041,18.083616256713867,2.797243118286133,3.9951251839707025,18.892538462132087,82.96655139540064,-33.426833551256095,,,3.940769617553983,nan,,,1.0222663879394531,,None,43.66372603744979,-16.90416789502223,40.64456085086459,0.2014153152704239,-15.525699902295536,0.11510235071182251
Gaia,DR3,2804534415027001472,15.523584467829684,25.27831425292943,14.510763168334961,1.666295051574707,3.2610463288836815,18.714295334402866,86.33873786992345,-33.876615932801656,1.2801345586776733,2.684691905975342,3.718584320060321,nan,,,1.0756583213806152,,Gaia_DR3,41.13590428695263,-15.532060846018348,40.55390489477657,0.02631293796002865,-18.02131182780829,0.01934174820780754
Gaia,DR3,32638693433459328,43.39018159875248,15.41395090843829,18.64677619934082,2.6539134979248047,1.8101667483897084,18.339393488606728,80.06986481570755,-3.874721255686108,,,3.986645536492602,nan,,,1.0087511539459229,,None,47.7049549375187,-27.340025466284974,46.39960210469752,0.26724061369895935,-28.121329444451504,0.2263992726802826
Gaia,DR3,2805381897973911808,14.938685572483246,26.093949412612073,13.535112380981445,1.4108037948608398,4.852743799730959,18.845053393843557,82.86414103220459,-34.634763628264146,-8.093219757080078,2.112353563308716,4.506352883213643,nan,,,1.0411773920059204,,Gaia_DR3,49.63258458331022,-18.138798698833767,46.182469588363844,0.021150581538677216,-21.196427622066146,0.013262772932648659
Gaia,DR3,323517110197121792,19.90747665767616,38.86016098121718,15.533885955810547,1.9591360092163086,4.258052101125553,14.195233639238223,69.3058801386136,-34.40723414729098,,,3.630018213190817,nan,,,0.983371913433075,,None,41.336804121362405,-10.603323552836613,38.137342715362365,0.035670205950737,-9.98611677596706,0.03238063305616379
Gaia,DR3,324325006430214528,34.19248467197159,30.927693903460003,19.59442901611328,2.4908599853515625,2.3255800751947335,1.6635123539062344,46.39096961114081,-20.26088424228628,,,3.363643527759878,nan,,,0.9892757534980774,,None,40.28884701422621,-18.162140008674008,38.85361656806241,0.4112289845943451,-18.974213754627225,0.43017706274986267
Gaia,DR3,74178483248851328,33.955915137442894,13.490596210270159,16.92583656311035,2.786686897277832,4.585551365798389,18.80088091170539,81.35772658934685,-11.88758798811497,,,4.3200099709254545,nan,,,0.9957183003425598,,None,51.72761810006674,-27.737178339650296,55.837247683091974,0.09299340844154358,-26.99522596613854,0.07722974568605423
Gaia,DR3,74260465584860416,33.3126944876268,13.864191081353942,16.859994888305664,2.5724220275878906,4.261634945018861,18.479033175495708,86.58870420662086,-12.704175679182292,,,3.671595756920811,nan,,,1.0544604063034058,,None,43.92199186839006,-23.395205704020498,45.6818326618213,0.08643270283937454,-20.60533841900294,0.06768593192100525
Gaia,DR3,73776302510939264,33.83189908907762,12.481682476642701,17.186899185180664,2.8528852462768555,3.1456655988768634,19.81559646288557,87.28546714004861,-11.469762212671327,,,4.584527278781504,nan,,,1.0074926614761353,,None,54.88547445791393,-29.607734696143766,52.934944087552196,0.12228357791900635,-27.275763757881066,0.0885646641254425
Gaia,DR3,326351857331994496,33.16542923674766,34.687831061965774,12.740768432617188,0.9711494445800781,3.8076904139457266,3.063448292279525,37.8035529405945,-22.73217969961358,26.769847869873047,1.7304781675338745,3.489641049267711,nan,,,1.025748610496521,,Gaia_DR3,41.73555256836211,-17.39770445861619,43.19267914543607,0.016699204221367836,-19.790010248864306,0.01577947475016117
Gaia,DR3,73879832698081408,33.6666309526536,13.019111367889014,13.081812858581543,1.292952537536621,1.7910514848371526,19.291187678652463,87.63767456338792,-11.915891807014328,-37.65547180175781,1.470862865447998,4.769117948931047,nan,,,1.0355193614959717,,Gaia_DR3,57.08184045407103,-30.653170664517095,58.33415320979199,0.018054835498332977,-29.359271642910617,0.020376864820718765
Gaia,DR3,73998472579220992,34.34492978677363,13.40403209687419,11.337484359741211,0.8800363540649414,2.5110458470513803,18.86597243305382,87.41287362665047,-11.466598960635594,-34.01221466064453,0.3034025728702545,3.7029677045193705,nan,,,0.9527009129524231,,Gaia_DR3,44.3618071602062,-23.8591866607707,46.0687222494524,0.020017361268401146,-22.895472430881128,0.016591375693678856
Gaia,DR3,327221605390545920,38.63959037032229,35.17307501949306,8.980368614196777,0.5633745193481445,1.8866989117574269,3.9874536223292703,34.52121205971928,-18.49094367505223,4.429864883422852,0.47237512469291687,4.5203543055559,nan,,,2.5178346633911133,,Gaia_DR3,54.2929879804608,-25.33601715461741,53.80627080282171,0.054756563156843185,-27.066786771954757,0.0454842671751976
Gaia,DR3,327722570374889984,34.885773438817274,35.01773597978903,18.38219451904297,3.041109085083008,4.524609245802642,2.8024907576447102,20.930330933089714,-21.472006676280337,,,3.7282350269777154,nan,,,1.0845139026641846,,None,44.69276318493479,-19.25317729995582,47.137976089498736,0.26445290446281433,-16.67114703079944,0.29245683550834656
Gaia,DR3,89292133861359104,37.77834669432381,22.19818687523039,9.443015098571777,0.7481307983398438,3.0052478595812584,10.270029942140258,69.12142878475836,-12.845703283869126,,,5.129024393949838,nan,,,2.6273136138916016,,None,61.59973277115131,-32.155674942077106,61.02721377285761,0.04984176158905029,-28.957084997657205,0.04049323871731758
Gaia,DR3,26669891482332800,39.74799684123756,12.965333879537825,18.831031799316406,2.8385257720947266,4.98903347537534,19.69123770075863,87.15146738299163,-6.003542819785726,,,3.8895868275719705,nan,,,1.052375316619873,,None,46.70520991368184,-26.1206868571969,50.638874474391635,0.32770273089408875,-24.997675238592635,0.2892424464225769
Gaia,DR3,78166652440640768,29.652105704743356,15.061260173520163,17.039363861083984,2.4852800369262695,4.23149817480881,17.9596073792605,77.69961054736928,-16.81863958237342,,,4.255912028462555,nan,,,0.9922603368759155,,None,50.51598292046843,-26.032013911624436,53.785107491891054,0.0903475359082222,-27.96226915075188,0.07828900963068008
Gaia,DR3,78885561246696448,33.489329472960144,14.877051714708529,11.719206809997559,0.8955068588256836,4.43846385720781,17.454510664053693,78.13031368399841,-13.067149864507943,7.389544486999512,0.7859667539596558,4.550222390214877,nan,,,0.9645504951477051,,Gaia_DR3,54.447510467281234,-28.816768978842525,55.093152396090126,0.01968933455646038,-24.60848945148818,0.017244800925254822
Gaia,DR3,35963586531179648,44.61006517780089,18.684129845343772,14.475171089172363,1.803940773010254,4.259463713033368,15.897908863647944,71.93243083536449,-4.579957098172263,31.689970016479492,6.039167404174805,4.517583648988553,nan,,,1.0416585206985474,,Gaia_DR3,53.94648563663529,-31.08840142227419,50.46739596649722,0.02730824053287506,-33.17435434302921,0.023479701951146126
Gaia,DR3,79016540569662848,34.789894264191375,15.785117708231446,17.291292190551758,2.844188690185547,4.655569037263276,16.46975301281189,73.7326373230385,-12.301150835939204,,,4.492539873438513,nan,,,0.9295508861541748,,None,53.849294151712876,-28.583873177433617,55.900310194595285,0.11226358264684677,-24.680792404451584,0.09629172086715698
Gaia,DR3,99889055131125760,35.88704240411677,22.08622336218407,12.548274040222168,1.1251201629638672,4.810133127779809,10.169643582582685,53.34528621664811,-14.528378560770555,12.810373306274414,1.2188040018081665,4.585042622675655,nan,,,1.1411103010177612,,Gaia_DR3,55.01526439380395,-28.08627605766049,59.31312189161238,0.019087929278612137,-29.859643101025974,0.014893127605319023
Gaia,DR3,75672719550641536,35.31840730709424,14.616638170291317,19.097015380859375,3.0809288024902344,1.6015534546431816,17.629502818821553,81.369806968492,-11.176217226202265,,,3.7268358267286237,nan,,,0.9598576426506042,,None,44.69571518918318,-24.00836001766565,44.15908881448287,0.3538057804107666,-25.146459068900462,0.3195171654224396
Gaia,DR3,35272955789940480,42.39952715295113,16.864244011399418,10.983968734741211,0.7840118408203125,3.6324990529352745,16.64077598853095,73.9738206604204,-5.635557609777988,15.531811714172363,0.7120423913002014,4.458633814048763,nan,,,1.1002064943313599,,Gaia_DR3,53.42465041988848,-30.207039403771326,52.4408802837741,0.02453038841485977,-26.937562866483873,0.02064315788447857
Gaia,DR3,82281780866393984,37.548741524805294,16.340939661476817,18.296518325805664,3.0581436157226562,4.353658438984263,16.02580651505339,82.93292004833445,-9.96466602619244,,,5.089172617790571,nan,,,1.046911358833313,,None,61.11775935124846,-33.07768234634848,58.75808761978728,0.2015305906534195,-37.10862267849037,0.1657046377658844
Gaia,DR3,80850873857207040,33.25581733850108,18.381446929675082,16.99881362915039,2.803630828857422,4.860077974541852,13.996287185650154,85.54678175036514,-15.097137537685871,,,5.435048825103719,nan,,,0.9660441279411316,,None,65.01172053768897,-33.35672381759606,69.01911892695874,0.08805598318576813,-29.490340785619644,0.08575207740068436
Gaia,DR3,79797056386245632,34.40903208492461,17.47522746610807,18.525930404663086,2.943157196044922,4.808219464477204,14.797011416749898,76.51310833043114,-13.545564089454652,,,3.5114026208592097,nan,,,0.9125842452049255,,None,42.070193898699245,-21.978910614333973,43.31208794104954,0.2500717341899872,-25.314450612267834,0.24311602115631104
Gaia,DR3,80916805900109440,33.012462725972725,18.630896365001654,13.619638442993164,1.1929025650024414,3.4403789023625357,13.78115757737742,76.10706225152687,-15.451833716240115,50.24999237060547,2.756138563156128,3.4334049377581883,nan,,,1.1506956815719604,,Gaia_DR3,41.05269550237428,-20.96844101515092,43.44533259516481,0.022819284349679947,-20.27847577254377,0.02280500903725624
Gaia,DR3,81889255215221760,41.55272898269801,17.321930022912596,19.296695709228516,2.7985496520996094,3.943403888920647,15.931206051951476,88.69518712449724,-6.6937276999187825,,,3.3603703623928403,nan,,,0.9471533894538879,,None,40.30164843483387,-22.556450448152766,39.20228095436884,0.3241170048713684,-25.124537425603943,0.2898159325122833
Gaia,DR3,330848516292543104,30.45393252755193,37.47917706339575,17.955331802368164,3.0430755615234375,4.800148632835988,6.611743990050495,65.02167660759768,-25.979916364546924,,,5.216353217239574,nan,,,1.0547702312469482,,None,62.04404162847596,-22.96538528283207,59.39351584953581,0.20667997002601624,-18.40056427192333,0.18845106661319733
Gaia,DR3,77990425638035712,28.749553094684984,14.217883706743446,17.597368240356445,2.898538589477539,2.049971046461359,19.018189476180698,82.08758726109997,-17.24814399185312,,,4.277884196401451,nan,,,1.0228549242019653,,None,50.646726597183445,-26.190768400768956,49.756337809968784,0.1279534548521042,-24.570606381830267,0.13488514721393585
Gaia,DR3,103260123422251008,37.06547563790458,26.087986257612325,16.598724365234375,2.365163803100586,4.335344644520786,6.3304561199853735,54.924232051322576,-15.468355414031205,,,3.3617982426890007,nan,,,1.064283013343811,,None,40.366301076422644,-20.188882387558966,42.31793413160051,0.07950806617736816,-22.561887624654283,0.061845097690820694
Gaia,DR3,104692958871976448,32.18415229001116,25.56674949742327,15.68116283416748,1.9570083618164062,4.07798668186516,7.241519760460882,57.33582657681154,-19.573468886615924,,,3.3630389184968936,nan,,,0.9139676690101624,,None,40.151827409352265,-18.81395147998019,39.40474993960663,0.04410161077976227,-16.021002997957183,0.04282977059483528
Gaia,DR3,104732919247489024,29.364448771314777,23.656973591106567,11.535276412963867,0.9235572814941406,4.049864772832081,10.096434510323245,47.216631728768434,-21.222145155081158,13.18651294708252,0.42278942465782166,3.779992404226669,nan,,,0.9122780561447144,,Gaia_DR3,44.83158690674418,-20.766491334236385,42.26858419492051,0.018192248418927193,-22.727533696056724,0.019532421603798866
Gaia,DR3,105791091814758528,30.572717209102763,26.674830138667215,13.175236701965332,1.2843847274780273,2.2889192725204954,6.968089604894006,34.96032078588093,-21.502648173980024,44.79855728149414,1.5915740728378296,4.297671078230238,nan,,,1.2551428079605103,,Gaia_DR3,51.13187882726287,-23.04817198948469,50.09298481256414,0.01800885796546936,-21.25342695163722,0.019479097798466682
Gaia,DR3,111221923341712640,48.93560234009591,24.484162727898507,18.713645935058594,2.9491958618164062,4.664306744871291,14.208938495629033,61.83611451157093,-3.9834305497339115,,,4.0476055155917,nan,,,1.0784826278686523,,None,47.80298568774716,-28.82109235296211,51.19747062502819,0.2684110105037689,-30.898927585204653,0.24578158557415009
Gaia,DR3,75111560599086592,38.306912173220574,14.566484642739473,16.369226455688477,2.3663997650146484,1.997366125643532,17.879445411688007,78.11333034983431,-8.276642168789856,,,3.9828888966092295,nan,,,0.9643000364303589,,None,47.83773213030597,-26.29329061405591,47.25716883904766,0.05792826786637306,-27.866649477855233,0.05340997502207756
Gaia,DR3,85194288384289408,43.48267570247636,20.780039411096677,15.247185707092285,2.005067825317383,0.5696890672017254,13.552482990901831,68.0845074656055,-6.812404783848477,9.655064582824707,8.851773262023926,3.588885856175339,nan,,,0.9643157124519348,,Gaia_DR3,42.939236135993426,-24.254626100636376,42.80865816341007,0.03901941329240799,-23.843870345543454,0.03570795804262161
Gaia,DR3,85565304839180288,42.065158455602365,21.86432831610539,17.321680068969727,2.743947982788086,4.907601443144248,11.958545495167467,57.654060474947954,-8.720995029393624,,,3.6933700196889,nan,,,1.0264071226119995,,None,44.27212415724446,-24.448306810267965,48.065058835740274,0.1269969344139099,-23.985579882896495,0.14300130307674408
Gaia,DR3,83971494015229696,43.176067530157106,18.863243395791443,12.090827941894531,1.026188850402832,3.824510801485189,15.10396155844944,82.67107552102314,-6.02428146117018,53.093502044677734,0.7357603311538696,5.193922851990195,nan,,,1.0163569450378418,,Gaia_DR3,62.17111481235857,-35.224361783886614,62.843369574775565,0.01625560224056244,-31.091098460778433,0.015507091768085957
Gaia,DR3,76843944247947648,30.215587878618567,12.714382238163434,16.02179527282715,2.5131044387817383,2.630722335444647,20.09851330120316,87.84605532834215,-15.076968526518094,,,3.9707948762450864,nan,,,1.6491705179214478,,None,47.20119614252509,-24.946657490719822,45.033599872660524,0.09618504345417023,-24.55817163911275,0.0820331871509552
Gaia,DR3,88391457744211072,40.770977442228364,20.995487756649432,18.183942794799805,2.927886962890625,2.834374453683581,12.23265607617047,71.47935229924893,-9.443221831024765,,,3.407184209202698,nan,,,0.9658451080322266,,None,40.88953678600888,-22.315609434844802,42.4108906879306,0.20776818692684174,-23.66843479041229,0.21576416492462158
Gaia,DR3,87566862678328704,35.8522795512439,20.5324176370342,12.462828636169434,1.0391845703125,2.795411133809104,11.721102508389722,64.03428124116256,-13.76795867960558,24.608470916748047,0.6997117400169373,3.5097485711589473,nan,,,1.100943922996521,,Gaia_DR3,42.111815884266015,-21.774225879331397,40.188961028963874,0.01812206767499447,-21.012331062492134,0.014815148897469044
Gaia,DR3,86532359675561472,37.41210625073713,19.80005940839741,17.51694679260254,3.1143360137939453,4.240637583175971,12.577879076748921,59.50145462271104,-11.933284538365392,,,4.497570830652587,nan,,,1.0856295824050903,,None,54.010819567359036,-28.56518178121111,54.46145879317129,0.12661460041999817,-24.56982647215697,0.1220276951789856
Gaia,DR3,98464088061402752,26.218109352475146,22.566971922358363,15.382499694824219,2.042729377746582,4.119036804615388,12.632312228989308,56.1923562986219,-23.559975402578992,,,3.892369309063468,nan,,,1.1281887292861938,,None,45.68972513430003,-20.743371028925853,43.22905108114627,0.042067356407642365,-18.42633449567637,0.036223337054252625
Gaia,DR3,98472918514393856,26.415011049031197,22.74270243827148,19.254676818847656,2.981952667236328,3.987091444455584,12.381972852298947,69.06932371988796,-23.46092240919471,,,4.9356305573021775,nan,,,1.0063562393188477,,None,57.978631683515566,-26.304801871706644,58.52276330455841,0.40240153670310974,-30.417452854810048,0.29138192534446716
Gaia,DR3,99094039504689280,33.83923636432785,19.791129483843932,12.436481475830078,1.225325584411621,1.3241393318942716,12.531465896005106,60.061911817381095,-15.26478463694434,-5.9444475173950195,5.041647911071777,4.5341778857988135,nan,,,1.5796873569488525,,Gaia_DR3,54.28325764931674,-27.651184346083802,53.01869236889274,0.029298730194568634,-27.704267239342784,0.020338622853159904
Gaia,DR3,343907308521026816,26.450487636608166,39.51237504269456,18.282453536987305,2.8414077758789062,4.871482240239711,10.245551197119868,47.22114856001624,-29.726075244565465,,,4.301041353843863,nan,,,0.9440527558326721,,None,50.5307991984477,-15.826179798583844,47.836817906618386,0.15611635148525238,-19.326498726232035,0.1530238687992096
Gaia,DR3,344811283174565632,30.16123629122978,39.57473822513041,19.30298614501953,2.611907958984375,1.8449560556309628,8.45772131567593,37.038463169985185,-26.947627328880976,,,3.9927100614020192,nan,,,0.9613738059997559,,None,47.45516889794958,-16.611808708500266,46.12941832388364,0.4738721549510956,-17.42045065905006,0.6089364886283875
Gaia,DR3,109648797080088704,43.641436644187635,22.31291465102035,17.66961669921875,2.9433765411376953,1.018989870948667,12.339879960648485,71.48793588976326,-7.521609596332834,,,5.033591675229366,nan,,,1.03135347366333,,None,60.209489946299435,-33.875996175569625,60.57633553809305,0.13731221854686737,-32.85884521833236,0.12940636277198792
Gaia,DR3,116715053371499392,46.0764222954585,28.60388751080431,17.243959426879883,2.822683334350586,2.673617349097559,9.90756872112971,55.979967038429145,-8.861237875619405,,,4.709349314721416,nan,,,2.48775577545166,,None,56.06265093030187,-31.827773050899424,53.939036682295686,0.6030130386352539,-33.42013554066125,0.4220092296600342
Gaia,DR3,78414081212136832,31.345860704739554,15.401847180207506,16.89646339416504,2.59554386138916,2.2861019393448725,17.23984637857527,78.82075546104977,-15.383648944801909,,,4.656886609653597,nan,,,1.0144386291503906,,None,55.504037488124744,-28.820833950509595,55.20740230253417,0.07630220055580139,-26.596215234228133,0.06684757769107819
Gaia,DR3,83304670277814528,39.099369441392646,19.154795371562756,18.380096435546875,3.321897506713867,2.7639063731153577,13.509553356551573,84.1601912015347,-10.009656126100074,,,5.423261138396499,nan,,,0.8430374264717102,,None,65.1337570465104,-35.22540835429777,67.8038843228369,0.20859603583812714,-33.53559424153382,0.1823320835828781
Gaia,DR3,88221308319538304,38.77238847101786,21.066850064151918,19.19694709777832,3.211027145385742,1.5431441416596028,11.579963233753514,70.8615098445125,-11.334626955410979,,,5.08227764427712,nan,,,1.0492489337921143,,None,61.04148869547061,-32.50898279834173,60.241674985419735,0.3590482771396637,-31.062001158595415,0.2912799119949341
Gaia,DR3,89448264512518656,37.86082547356413,22.602804316509815,14.303858757019043,1.8147010803222656,3.6481088235928167,9.889713935507737,56.3361323482938,-12.97959647819757,5.394628047943115,3.2678122520446777,4.723545056330395,nan,,,1.2372004985809326,,Gaia_DR3,56.73080941723448,-29.553839191879298,58.156975201630445,0.02591642364859581,-26.212819001656214,0.021654007956385612
Gaia,DR3,347719972466852608,25.56379455567191,41.95176789132993,18.01857566833496,2.8206138610839844,4.231896843654047,12.453510679029272,57.2864785702026,-31.081480213078603,,,3.7870213083840545,nan,,,1.019007682800293,,None,44.340191430291654,-12.451891478251794,42.77251302445742,0.16901668906211853,-15.444659015596955,0.14778509736061096
Gaia,DR3,112619235117364352,42.31868700644174,22.500427645769218,17.938846588134766,2.985258102416992,4.117920910868214,11.520891755664362,81.75207165355899,-8.836561929161531,,,5.493443631382437,nan,,,0.9973307847976685,,None,65.83039366803838,-36.3609686566025,70.56396122500627,0.19930635392665863,-36.94002134031153,0.1382504254579544
Gaia,DR3,118732382328133888,48.77872990669311,27.934112263800063,14.916328430175781,1.9696216583251953,4.829215623258053,12.354777987743175,54.51954751932575,-6.142912341053766,31.64996910095215,6.059747695922852,4.217120366747207,nan,,,1.135474681854248,,Gaia_DR3,49.830044957769765,-29.6965676799028,48.39166657863833,0.03411667421460152,-25.651463232548835,0.030254751443862915
Gaia,DR3,100470250105572736,32.85151640392923,22.267642069929483,16.63312530517578,2.247650146484375,4.99574423989378,10.227977343216521,62.47790554113307,-17.404417667146966,,,3.433240275891701,nan,,,1.0126863718032837,,None,41.039592802883135,-20.171680559517984,37.428926090064785,0.07893594354391098,-20.36291838548422,0.07706710696220398
Gaia,DR3,80606541757636352,33.374230237760244,17.829367813066643,13.3106107711792,1.2411231994628906,0.9742625607526145,14.530157235252252,63.28980842295465,-14.70453336035734,5.852970600128174,2.202505588531494,4.185345812957889,nan,,,1.0198339223861694,,Gaia_DR3,50.07260410683786,-25.84579874883832,49.215593649176554,0.01825549080967903,-25.779068437782314,0.013858365826308727
Gaia,DR3,91898143922694784,28.082921574288537,18.05571592526301,19.445449829101562,2.5175209045410156,0.9000589771243956,15.64141787454961,81.39533220018083,-19.772249510597057,,,5.068799292846904,nan,,,0.9799469709396362,,None,59.8871439578288,-29.512836169475815,58.9306048497878,0.38450267910957336,-29.61292636134029,0.4151005148887634
Gaia,DR3,89682013812708608,39.91882401698748,23.158250813996947,9.557320594787598,0.7433757781982422,3.179020384310384,9.932182004916829,58.24737760434895,-11.386348235145185,24.653850555419922,0.2921983301639557,4.785479414200822,nan,,,1.0070703029632568,,Gaia_DR3,57.458725445844884,-30.62477056902543,57.734366311188964,0.01740843802690506,-33.81998535066305,0.016642482951283455
Gaia,DR3,90020178062312320,38.897793812419465,23.897478250446113,15.488700866699219,2.0219173431396484,3.0696916446547626,8.904024107384775,40.354909624696596,-12.704305034685687,,,3.8588199856993497,nan,,,1.0000330209732056,,None,46.346273742834015,-24.238424555241266,46.93019107215448,0.04146084934473038,-21.810527863011902,0.04028843715786934
Gaia,DR3,90302275809458944,28.24850327231468,15.660231787532947,17.581872940063477,2.731588363647461,4.487233252848658,17.807937930038737,82.7745419486771,-18.445435430772168,,,3.7029591447537973,nan,,,1.087410569190979,,None,43.772878684395394,-22.221142278901556,42.5280345486534,0.13828100264072418,-25.49530943355406,0.15900233387947083
Gaia,DR3,101730152992393728,36.08923300355112,23.619744293280206,17.306446075439453,2.656301498413086,4.639528476641483,8.648722792851084,87.34540580206563,-15.116371379386734,,,3.0538458438985066,nan,,,0.9428331851959229,,None,36.64821009016029,-18.501372430366775,34.76711438786621,0.10651040077209473,-20.82143808914906,0.10273067653179169
Gaia,DR3,102234553951423360,37.34308157884849,24.663408017096764,15.983792304992676,2.4029321670532227,4.032757931944166,7.775365947429806,35.073380130566086,-14.505179984840941,,,4.15254433375385,nan,,,1.8021273612976074,,None,49.866313209103744,-25.36758708425089,50.67013294197298,0.09834980964660645,-28.80512540017368,0.0849539190530777
Gaia,DR3,81773020515670016,41.418026141408276,16.43322103188037,16.814729690551758,2.6692657470703125,2.8961065977484366,16.7319939696844,73.69621243195077,-6.327590914807539,,,3.9287787393951166,nan,,,0.9167433381080627,,None,47.124571937255205,-26.423417595578865,48.834299048734124,0.084083691239357,-28.10575625109447,0.0842764750123024
Gaia,DR3,120939475827478784,52.53107683505948,30.650971305088888,18.235136032104492,3.3956146240234375,0.5723519623434532,14.699596255017807,73.75711587673337,-4.583524535966493,,,3.5676905857181205,nan,,,0.9508970975875854,,None,41.56300965773452,-26.274060412266802,41.72211232158577,0.18683156371116638,-25.874073263373553,0.1780800074338913
Gaia,DR3,86600357598068352,38.61268211693242,20.087399954894174,19.5955753326416,2.9525623321533203,3.5972204614868324,12.497096928858138,57.65933817347417,-10.963693437931354,,,4.412340904854953,nan,,,1.0704593658447266,,None,52.995740123905854,-28.349188907133993,54.10696532428703,0.5210013389587402,-31.505289536294512,0.49823081493377686
Gaia,DR3,82637614612147072,37.79116155004496,17.33117337016365,16.390995025634766,2.3163747787475586,3.4320936786600904,15.07271011820106,67.15182133485749,-10.26571349581043,,,4.389763079130021,nan,,,0.9877595901489258,,None,52.72131923707621,-28.434505096315675,55.020568949940994,0.06725414097309113,-26.243400554167234,0.0638197511434555
Gaia,DR3,91388932600019072,27.84683601994514,16.988599899130545,18.801652908325195,3.149120330810547,4.4955015519651855,16.711353174011688,81.69601315948069,-19.475411998450046,,,4.925839551360146,nan,,,1.0930203199386597,,None,58.15374106264355,-28.988076155646045,53.97222441028957,0.3047163188457489,-31.063416267117862,0.35747525095939636
Gaia,DR3,91398072294791296,27.584255018057245,16.97246978605882,18.85063362121582,3.189769744873047,4.734272072896564,16.82443466247084,82.00199539654875,-19.71276388071069,,,3.590349232594215,nan,,,1.0065680742263794,,None,42.350335585287034,-21.07631888600292,43.14606129197964,0.29158297181129456,-17.58250378746468,0.28712785243988037
Gaia,DR3,90954904680125952,29.23265500712951,16.77202886863187,17.325817108154297,2.7468910217285156,2.32692359151005,16.445425048944724,74.63033475037037,-18.070962664515754,,,4.5659308316420635,nan,,,1.0043801069259644,,None,54.13294102570948,-27.31780604416562,56.355818679085765,0.13025209307670593,-27.04327143687091,0.10340912640094757
Gaia,DR3,87533121415232640,37.41513419980462,21.238846074446123,12.508806228637695,1.0534954071044922,4.131098852864636,11.154917412440938,51.0667795917972,-12.682695015134613,3.6013166904449463,3.5038065910339355,3.8126029080168733,nan,,,1.070105791091919,,Gaia_DR3,45.78516090899923,-23.96703963927229,47.137653003761656,0.01711464300751686,-26.999400989581584,0.014068316668272018
Gaia,DR3,126732360213532288,41.1485736340682,26.840182759994352,12.353580474853516,1.1039867401123047,2.0594516783435104,7.371361433924148,43.099223352424666,-12.221343746732925,14.93403434753418,2.6170668601989746,4.525867781133964,nan,,,7.09537410736084,,Gaia_DR3,54.29913007192721,-28.731918224666888,52.45096042699956,0.1470596343278885,-28.0647017213739,0.13181686401367188
Gaia,DR3,84675628132997248,40.87449061245845,19.415406469774197,19.609004974365234,3.334127426147461,4.833860709363222,13.743153717797139,68.85733206366446,-8.486575660724172,,,3.589687539913639,nan,,,1.0130622386932373,,None,43.076527011546474,-23.72503720707145,43.66976537781869,0.6679728031158447,-27.33459851311814,0.5729231834411621
Gaia,DR3,96101851753209856,23.32036125669648,19.740536498373526,17.86681365966797,3.0522422790527344,4.494967793934789,16.524841291827347,77.05333501054838,-24.918800425795155,,,3.7068486695855714,nan,,,1.0632715225219727,,None,42.97961400170834,-19.90020184965686,46.419253070934374,0.21708133816719055,-19.188230018002645,0.10563986003398895
Gaia,DR3,96743313709212160,25.58794067450838,21.405662346069267,18.543010711669922,2.8319034576416016,4.8096101746111914,13.909850458418767,61.386844046557556,-23.61222634426503,,,4.278885464489448,nan,,,1.0240734815597534,,None,50.10398863633115,-23.028155366337053,53.93510658965529,0.24783717095851898,-25.063946453934516,0.18090695142745972
Gaia,DR3,95175719365407360,27.035747331723712,18.64086353074112,19.394453048706055,2.8419017791748047,3.741314677534898,15.538844194220326,73.40128121048394,-21.02136054404248,,,3.683708310932211,nan,,,0.98820960521698,,None,43.369743555569634,-21.036368422833146,41.41307031700748,0.362542062997818,-23.18405990800366,0.357562780380249
Gaia,DR3,95743861934622208,24.317015893259295,18.738660996266795,19.196210861206055,2.86309814453125,2.6649752291350373,16.77479276412521,89.69752583216707,-23.562508981426078,,,3.4066280204600874,nan,,,0.93228679895401,,None,39.67841478311267,-18.820016645494142,38.155590647735764,0.2896007001399994,-17.6607710066683,0.24658618867397308
Gaia,DR3,92945536122411776,32.382003832897446,18.86719390199932,17.09990692138672,2.837527275085449,1.0738244176661498,13.648050167868114,80.78044601326025,-16.160963930272416,,,3.3414569406833645,nan,,,1.0029605627059937,,None,39.909039345350095,-20.219716882993147,39.37867663052844,0.10601213574409485,-20.759049698885544,0.08797761797904968
Gaia,DR3,92810880307877760,31.324263691868936,18.96718380803742,17.835025787353516,2.9010372161865234,3.0268242105662413,13.770442179454552,63.98117189583906,-17.198456150202837,,,4.507790296665697,nan,,,0.9605568051338196,,None,53.7244761839616,-26.927817082864916,56.52902664110062,0.14882595837116241,-26.289143154812333,0.15608461201190948
Gaia,DR3,84949917629669376,40.52124288113811,20.114116944062523,17.94925880432129,2.7259674072265625,4.6903819797322415,12.97311707859588,56.83482465209324,-9.197379795994804,,,4.187046783725157,nan,,,1.059931993484497,,None,50.257057397974336,-27.473108306496826,46.38406247568376,0.12861523032188416,-28.936003495702437,0.11868418753147125
Gaia,DR3,97425771127842304,29.907200739894,21.10731383919418,17.55501365661621,2.7073326110839844,3.810974144289644,12.160586983152996,54.5550565006358,-19.545372621888358,,,4.2917657947413455,nan,,,1.0042730569839478,,None,50.976141275808125,-24.583208135240284,51.25217523043237,0.12963038682937622,-28.02010993252179,0.1443253755569458
Gaia,DR3,91664983033302144,27.250946298817272,17.500441878914522,16.860000610351562,2.4176502227783203,3.75383384358929,16.472955934378103,86.22285062997977,-20.278408032125373,,,3.4520129494898812,nan,,,0.973854124546051,,None,40.67242887556597,-20.05992050034977,42.18442482215383,0.07965531200170517,-22.335058154530333,0.07943027466535568
Gaia,DR3,98748479320683264,28.369204474790592,23.33153343337231,18.49327278137207,2.847871780395508,2.263395740574194,10.85457526720057,64.94569651644105,-21.96934045452332,,,3.430418339357378,nan,,,0.9302030205726624,,None,40.56643865195253,-18.65343486555215,41.492693381788946,0.2550399899482727,-17.30391392020703,0.25221070647239685
Gaia,DR3,96604569085809920,24.624545593475357,20.75344984110739,18.204771041870117,3.00115966796875,4.008677333917838,14.973003970148604,65.25689951028814,-24.19136256457101,,,4.214355957151479,nan,,,0.9614976644515991,,None,49.15197926994704,-22.62490194014629,45.66475259146712,0.21235103905200958,-23.348080783832522,0.18957939743995667
Gaia,DR3,95107107263133312,25.368541853702407,19.024298703778054,16.423816680908203,2.4608278274536133,3.3028483878133152,15.990238122771638,70.49789067690428,-22.732639401184862,,,3.925233104275426,nan,,,1.0261857509613037,,None,45.92234815065934,-21.861654929717112,46.25804867864648,0.07105715572834015,-24.573995720706247,0.05225101113319397
Gaia,DR3,94950117618592000,24.06234918319646,18.206911035781445,13.26623249053955,1.3396291732788086,2.921389125222527,17.35065527002618,86.35587218468332,-23.551441064197636,13.924385070800781,1.814208984375,5.066183232794493,nan,,,1.0551373958587646,,Gaia_DR3,58.94133371587062,-28.138871154425622,55.957929931099315,0.022305989637970924,-29.052116123768222,0.014310390688478947
Gaia,DR3,107521620037606400,32.31995534188423,28.51599588964501,18.43294334411621,2.832977294921875,2.324771209252305,4.570834851878612,65.02885561722248,-20.794132569709067,,,3.1984550671442054,nan,,,1.0198084115982056,,None,38.196663027778904,-17.233241064977772,38.68940461048184,0.19474025070667267,-15.74518533268549,0.18062415719032288
Gaia,DR3,90404633470091392,28.005295363169772,15.770852942993239,19.31424903869629,2.742074966430664,4.89612806636941,17.78612623404022,89.83733831441155,-18.72914798214771,,,3.495409090365326,nan,,,1.042982816696167,,None,41.28749070320042,-20.90170232302403,37.952751665144056,0.3570801019668579,-19.524852847201576,0.3513886630535126
Gaia,DR3,85213976514059264,43.18482601150023,20.93451709576588,18.78890037536621,,2.716301868684052,13.278746006245564,60.83993939039631,-7.174199132532409,,,4.428019474732165,nan,,,0.9195143580436707,,None,53.00260149986548,-29.810018399834778,51.58694149760867,0.3066338300704956,-31.91361495203243,0.23051899671554565
Gaia,DR3,85826262757010816,37.58027594361906,18.498667168274924,17.716672897338867,2.8039627075195312,4.672874962038229,13.888779876191808,74.14360413093114,-11.087946937160776,,,3.4813085309021683,nan,,,1.0419955253601074,,None,41.80867860268788,-22.342914754698313,43.02892693697989,0.11870905011892319,-25.54787492072508,0.10791455209255219
Gaia,DR3,86104477853583232,36.543991899886414,19.097584651050703,16.935388565063477,2.3799657821655273,1.4471409750723172,13.1896830254123,80.03853372067937,-12.378183035616324,,,3.3252822802757307,nan,,,0.9659401774406433,,None,39.91741850145647,-21.022806503667194,38.95195187091146,0.09155072271823883,-21.33422757720283,0.08448247611522675
Gaia,DR3,85781492017551488,36.87412670456373,18.0124830840518,18.868101119995117,3.085407257080078,3.121122350388525,14.29684659031465,78.693009195123,-11.49656655849612,,,3.4235444934006027,nan,,,0.8722063899040222,,None,41.10416827827446,-21.882670905985062,42.327715732809814,0.3081669807434082,-19.99137554202581,0.25391319394111633
Gaia,DR3,130175339141813120,42.17431820256218,31.163464158600622,19.78009605407715,2.907896041870117,3.6115961261862997,5.8768579666431515,45.84636932948834,-13.584349341552278,,,3.4699005948815906,nan,,,1.1007318496704102,,None,41.588329169700316,-21.676687668836422,41.70047142517726,0.5606914162635803,-19.03722273767535,0.5332690477371216
Gaia,DR3,370660281849842176,15.802923953408628,38.800931927912394,16.875839233398438,2.535196304321289,4.776221858653386,17.186829291446802,83.11121121602889,-37.367925093830564,,,4.921319478909831,nan,,,1.0296424627304077,,None,54.552462051118226,-11.928829231096909,50.961421367776886,0.0669669657945633,-8.514447744447335,0.05529768019914627
Gaia,DR3,101550825222572416,36.90361623711971,23.306894398881184,11.539135932922363,1.0448598861694336,0.4175996473920206,9.039385691878318,83.172211054918,-14.216521494277242,-25.080595016479492,1.7881685495376587,5.704934916366947,nan,,,1.096831202507019,,Gaia_DR3,68.49622950995939,-35.046623065666,68.23870504525706,0.020494038239121437,-35.47780227770528,0.018662147223949432
Gaia,DR3,98193230243913600,27.173050688807745,22.15323263890043,16.628459930419922,2.825839042663574,4.4627448662555755,12.446890356700756,86.85871485532321,-22.516459617351995,,,5.623517843140723,nan,,,1.023695468902588,,None,66.23971832645589,-30.585709127339854,68.48420880575861,0.0748463049530983,-25.794857226647885,0.0723971426486969
Gaia,DR3,109313274235182848,43.30962079788928,21.59630146399796,18.277812957763672,3.145864486694336,3.135112975900556,12.77066695528634,66.01619621218437,-7.427419731787037,,,3.559519579892761,nan,,,0.9937101006507874,,None,42.59902182749647,-23.933496700423785,40.34505450818395,0.2575087249279022,-23.259666551595796,0.20286238193511963
Gaia,DR3,91664983033302272,27.253107498527022,17.500201978875037,14.35950756072998,1.4592113494873047,3.3604683585893835,16.472303858007837,86.08480080244112,-20.276283403032124,-11.644335746765137,3.3905537128448486,3.4548915761166885,nan,,,1.006917953491211,,Gaia_DR3,40.70664943953823,-20.077172032194365,41.94870728098077,0.02371213771402836,-22.186111799547675,0.024559808894991875
Gaia,DR3,98071906007848064,26.977984556896224,21.755064656030203,11.92842960357666,0.9920978546142578,1.229200445690671,12.878300841117285,70.304762138727,-22.51324695549437,1.9692115783691406,0.9866101145744324,4.929648103046317,nan,,,1.1915074586868286,,Gaia_DR3,58.02684142140109,-26.900649603369942,57.866813013105336,0.026709120720624924,-25.633304190434366,0.02335161715745926
Gaia,DR3,98911486214835968,27.38555704657852,23.591071722138793,16.490234375,2.3893890380859375,4.4637328633096045,11.165093975861812,53.26267265504233,-22.966463050505773,,,3.726353939932477,nan,,,0.9643057584762573,,None,43.92507599741509,-19.88190847083619,40.43039137260095,0.08603537827730179,-20.169498922305426,0.07813943922519684
Gaia,DR3,99249822263183616,34.5106099437416,20.58153214453098,17.549734115600586,2.9012203216552734,4.802876801816702,11.690519426131347,52.21555179716083,-15.039278870533721,,,4.253997083982905,nan,,,0.9911101460456848,,None,50.97353456882696,-25.96098276085966,52.9184887714482,0.2606234848499298,-29.803988054255303,0.1312028020620346
Gaia,DR3,87702751148657792,36.2710909256634,21.059233084159235,18.348901748657227,3.097078323364258,2.0827541530578246,11.2147421311411,70.30066773656044,-13.649729436648494,,,5.094009603447984,nan,,,1.0157390832901,,None,61.13923501355191,-31.626063932572162,60.588263559925146,0.2276531308889389,-29.45838604112028,0.2181704342365265
Gaia,DR3,87989246942184832,40.05469366147557,20.533220130291816,14.161035537719727,1.7781391143798828,2.9948352151982904,12.43347807021103,80.92302727593821,-9.858600251718372,83.87928771972656,3.192814350128174,5.388777871563309,nan,,,1.0929979085922241,,Gaia_DR3,64.6983414476315,-35.09602574121842,63.43327140101326,0.02331187203526497,-38.25423395430778,0.022949641570448875
Gaia,DR3,133008127770614656,40.35463445784512,31.00247000549559,17.909374237060547,3.0461254119873047,4.449137971691038,4.41131398486391,23.56468659912625,-15.049114485551991,,,4.2123364910140655,nan,,,1.0370728969573975,,None,50.56571865561774,-25.52194185691548,54.24742469070955,0.16809611022472382,-26.95520199607997,0.16101780533790588
Gaia,DR3,133174703782144768,39.03312114358824,31.17370632756378,18.550031661987305,3.0782203674316406,3.502560112186811,3.2845422276435037,45.14319761676943,-16.258206165600342,,,4.798532570511537,nan,,,1.0204821825027466,,None,57.631441310645044,-28.34003651329995,59.43072402888118,0.23514197766780853,-25.28778297976087,0.21377891302108765
Gaia,DR3,133418108169160576,39.31811258058003,32.685482323647534,18.317888259887695,3.0332813262939453,0.8942376618621121,3.3484344927735537,14.709018749214936,-16.752837355602328,,,3.991765127492745,nan,,,1.0093210935592651,,None,47.938955672261415,-23.33466646898278,47.33346419809601,0.23373590409755707,-22.88785166215148,0.19030264019966125
Gaia,DR3,133686324583027712,41.3535310131044,33.11444220129223,10.214317321777344,1.1085290908813477,4.178598816853456,5.098681734810526,50.57917347430793,-15.266688541155354,-16.28400230407715,0.1965641975402832,4.8726762789690055,nan,,,1.0393630266189575,,Gaia_DR3,58.449728369415965,-29.489645625124126,58.116879168454645,0.021035470068454742,-33.76901547250127,0.01862545870244503
Gaia,DR3,125931258618056192,49.796916414358634,34.44838741783366,19.160171508789062,2.5698471069335938,1.9809795791442906,12.228920367205733,59.4859000364433,-9.070981669052138,,,3.6722513025779686,nan,,,0.9524125456809998,,None,43.2443927230529,-25.588272070838638,44.651474582641484,0.3485773503780365,-26.198156182251115,0.3022032678127289
Gaia,DR3,91120411244638080,29.89893663853786,17.680398128944816,17.455890655517578,2.6932849884033203,3.630583880201528,15.383657255100712,89.6927530909475,-17.895058326357884,,,5.474737984842771,nan,,,1.0386615991592407,,None,65.0256752995881,-32.649639597666166,60.83649579102634,0.11716827005147934,-32.558768352192345,0.10679013282060623
Gaia,DR3,102258743207179648,37.17443537662708,24.667848589733605,16.688087463378906,2.5029726028442383,3.5019778017614005,7.739595671728374,62.722094745303416,-14.65968801148113,,,5.088668599602927,nan,,,0.9771625995635986,,None,61.10413779009775,-31.010027849526246,64.81941675301216,0.07321622967720032,-30.453565906131672,0.06315992772579193
Gaia,DR3,99641768094001152,33.78726584911984,21.979481486570208,16.863845825195312,2.724093437194824,4.643542951327705,10.363942614686628,45.26348557792571,-16.40527636237678,,,4.048210620373774,nan,,,0.9231696724891663,,None,48.4616854862247,-24.155347605495525,46.77186412997585,0.1039958968758583,-20.570879432647754,0.07366658002138138
Gaia,DR3,113287940049746432,43.7082772960528,24.46245032989691,12.307971000671387,0.9848251342773438,1.8416104452663218,10.680772888299042,72.29685725475842,-8.652727123508333,26.751890182495117,7.362006187438965,3.3059862644045146,nan,,,1.1793935298919678,,Gaia_DR3,39.540454792917075,-22.055936037407257,40.255325145711105,0.019908279180526733,-23.121904613630477,0.017065025866031647
Gaia,DR3,89568420517578240,39.54411105560954,22.680243768285013,14.199477195739746,1.9770288467407227,4.466358077084354,10.250597897187143,88.96386345935252,-11.476347158858454,9.969078063964844,2.897191286087036,5.858316730678294,nan,,,1.0413002967834473,,Gaia_DR3,70.35047479641446,-37.429109754158596,64.85101070786857,0.02444903925061226,-37.003397147656514,0.02052094228565693
Gaia,DR3,134498004682850048,37.327690233709056,33.525996951917044,15.663793563842773,2.015383720397949,4.447921568665514,2.074479308507035,66.77326176167941,-18.806350464376322,,,3.1488659623333577,nan,,,1.7058777809143066,,None,37.813327134587915,-17.516479466677964,38.269935550743796,0.07378450781106949,-20.43354558514233,0.06271384656429291
Gaia,DR3,115186354250273280,44.599938581943185,26.040195581771382,14.435626029968262,1.6395483016967773,2.8981741318139074,10.156489972898605,44.43598025082953,-8.728043767906803,15.267257690429688,5.2869415283203125,3.9973957435369565,nan,,,0.9908573627471924,,Gaia_DR3,47.735599510434824,-26.784066155302092,47.88587097419785,0.028008125722408295,-24.346427794507044,0.024962948635220528
Gaia,DR3,116637606522185856,44.94108427773876,28.04065926850127,16.892024993896484,2.6541357040405273,4.814832186848045,9.267998933630686,41.090857029130746,-9.5340977379089,,,4.141197258387068,nan,,,1.1133671998977661,,None,49.420215192709115,-27.602894977030214,47.16748106189159,0.11598459631204605,-24.05415291628333,0.09296059608459473
Gaia,DR3,92748070706328832,30.940198162157177,18.332778077001418,18.672809600830078,2.9261245727539062,3.1975581809225355,14.477038652058551,68.49096638036337,-17.243201211917196,,,3.693913298127692,nan,,,0.977607011795044,,None,43.98670721801723,-22.12027757942652,45.33275400637612,0.23652222752571106,-24.21507486115292,0.2355470210313797
Gaia,DR3,102813721701319040,34.073195248972226,24.440946388213046,16.358747482299805,2.6130685806274414,4.721691683808629,7.889585475441325,69.83645464460437,-17.347078501803384,,,5.3047952583418585,nan,,,0.9597886800765991,,None,63.52947677133678,-30.966793216590823,68.6154285306555,0.06914109736680984,-32.38613447048371,0.05995284020900726
Gaia,DR3,93469831370216192,29.416463775877343,18.481320417529236,17.22757339477539,2.552398681640625,4.287974593537791,14.774982255128569,79.82721230600316,-18.737868999077307,,,3.439197396661851,nan,,,1.0414199829101562,,None,40.79558243417789,-20.217856835443776,43.296270416537695,0.11113037914037704,-18.37081984573392,0.09755322337150574
Gaia,DR3,91768165327632768,28.2023938180524,17.19221662443471,15.609329223632812,2.216360092163086,2.14878808394839,16.393807017109484,72.808222024661,-19.242455457073966,,,4.439067849857286,nan,,,1.001234531402588,,None,52.46684449993524,-26.154680452362033,50.45910724963515,0.06004774942994118,-26.26627368570462,0.04826316982507706
Gaia,DR3,93491886027309824,29.89111773406348,18.73212811551193,19.591203689575195,0.5280532836914062,4.284982166688182,14.387840100331253,73.80930723113636,-18.41823213113993,,,4.890873397086259,nan,,,0.9926943182945251,,None,58.08968745869404,-28.821305256736363,55.34990574467655,0.5218048691749573,-32.28719812066497,0.6381654143333435
Gaia,DR3,104434882877078272,31.679147198443278,24.242159337527667,11.453292846679688,0.7783660888671875,3.141582855912515,8.641652435402293,78.02520314600648,-19.40982965585169,2.4933323860168457,1.7195844650268555,3.1546713276178493,nan,,,0.9132456183433533,,Gaia_DR3,37.62619652992604,-17.808427413227086,38.31020306053102,0.018526598811149597,-19.782552960155627,0.01719113066792488
Gaia,DR3,98764594038094720,28.822863581836256,23.453490780264996,15.505078315734863,1.815577507019043,4.162473396769151,10.52749637328499,85.76586864254712,-21.61668438321072,,,3.127322164335026,nan,,,1.0012807846069336,,None,37.033058471635925,-17.091037867515347,38.31907031563652,0.04880591481924057,-19.515247999707924,0.04156870022416115
Gaia,DR3,96413670674415488,26.03351953227212,20.39994105171298,12.795536041259766,1.2730340957641602,3.440552817395661,14.494712629283288,63.903562183093804,-22.75582629023632,32.25522994995117,1.467874526977539,4.297321121542953,nan,,,1.5484192371368408,,Gaia_DR3,50.407677189336155,-23.636039417432748,47.45526134779162,0.02748510241508484,-22.63701028815649,0.021479398012161255
Gaia,DR3,102334983170961280,37.766913539137136,24.866215236237196,18.83173942565918,2.880624771118164,4.642412262026096,7.670256845388102,47.04874921041146,-14.225509685448548,,,3.5424183548770514,nan,,,1.0523844957351685,,None,42.544447868838105,-21.734199450506026,41.774348241398,0.30360814929008484,-18.353964986900902,0.26198136806488037
Gaia,DR3,103109623473106944,36.06970586206368,25.246655684659817,18.628177642822266,2.9344100952148438,2.5723344672223285,7.0251335574653275,66.67045071986747,-15.943196290945794,,,5.247784443499475,nan,,,1.0227079391479492,,None,62.976065538400924,-31.296025633119257,60.25285496743482,0.28487467765808105,-30.469985539404718,0.19725175201892853
Gaia,DR3,101676620520024192,36.284368827137776,23.451194023536615,16.51390266418457,2.4761247634887695,4.607767268462803,8.83071371883665,70.68162793982701,-14.85406186343959,,,3.2488220849170517,nan,,,1.008433222770691,,None,38.99329931383925,-19.76585170578047,41.56684986683548,0.06771416962146759,-17.939425343690356,0.06165051832795143
Gaia,DR3,126958893968313728,40.15616309754947,26.931700658731128,14.052322387695312,1.4822874069213867,4.948745471317218,6.740931431832053,53.22114556305369,-13.147977078405319,0.17464858293533325,3.2023236751556396,3.3998911033699946,nan,,,1.2106927633285522,,Gaia_DR3,40.81742596536915,-21.249647181482764,43.784941968256575,0.02628304809331894,-19.306841850566883,0.021874696016311646
Gaia,DR3,104992747589044352,28.900318443546933,24.098227148297795,16.504995346069336,2.6453561782836914,4.021802435076349,9.946828911614357,76.11713309384564,-21.83755464730465,,,5.396162587263679,nan,,,1.0260463953018188,,None,63.914756483678815,-29.246932004857918,61.70766184059566,0.09977893531322479,-25.239447305215176,0.10314182192087173
Gaia,DR3,376340736876108032,15.507209116271191,42.978456304926894,17.886974334716797,2.674306869506836,1.899338310551414,18.97742475972678,82.28290823409739,-38.30389417821364,,,4.363712717971012,nan,,,0.9993131160736084,,None,48.2666383466599,-7.87333466324923,49.146610184653056,0.10540030896663666,-6.3638784163136375,0.08365826308727264
Gaia,DR3,31034196730399488,47.408831354844324,14.885135101800541,18.149213790893555,3.065744400024414,1.5510640238399962,20.526983041464447,88.4237351603676,0.2558115073650571,,,4.355151139754524,nan,,,1.0217229127883911,,None,51.67059345979666,-30.834134571257763,51.29193161397437,0.18256761133670807,-32.20691442059115,0.14292041957378387
Gaia,DR3,31352028605985792,47.240613589641676,15.84149905388895,16.776437759399414,2.5680017471313477,3.1119961411588593,19.621597071254318,84.53456388917877,-0.4632971833850883,,,4.169184154382035,nan,,,0.9825825691223145,,None,49.48692208926988,-29.477493791724378,46.810240174266156,0.07733681052923203,-30.04001434158179,0.06629239767789841
Gaia,DR3,129015049434066176,43.380563392087055,29.448182342822307,15.03345012664795,1.9861717224121094,0.9007800738554609,7.411307768543626,34.29719753556422,-11.651005755172196,13.478436470031738,6.030221462249756,4.194750420499514,nan,,,1.1408240795135498,,Gaia_DR3,50.19590532821845,-27.072917643651664,49.5424958685956,0.041467051953077316,-27.528502129297387,0.03868904337286949
Gaia,DR3,129608235954006272,40.61110515144796,29.67010714394666,11.320466995239258,0.864598274230957,3.970037248218469,5.169244743730006,31.47131562574944,-14.155895301842452,15.91494369506836,0.5117743611335754,4.37186204141339,nan,,,0.8870974779129028,,Gaia_DR3,52.47234773167504,-26.92031207406258,51.80426562362723,0.019603576511144638,-30.51771758322431,0.01788167841732502
Gaia,DR3,130055084355842944,42.29020880806408,30.319306361260512,16.063396453857422,2.1203012466430664,2.6756854630323677,6.20761360200729,50.515546178293235,-13.047380973243602,,,3.4167082460570573,nan,,,0.9275297522544861,,None,40.945316040252386,-21.52813475261497,39.9663194603292,0.05819564312696457,-19.86807649617858,0.047190457582473755
Gaia,DR3,105840088801369600,33.61741286892572,24.764628740853762,17.426742553710938,2.762706756591797,4.387374982343473,7.6402687694605556,36.58727427718874,-17.91308060778406,,,4.263795168020364,nan,,,1.0126396417617798,,None,51.029918217636826,-24.6313041040912,51.77013208135517,0.12476935982704163,-28.50480785517516,0.11263373494148254
Gaia,DR3,103560187017444608,36.77860118091611,26.967822102018825,15.116683006286621,2.108989715576172,3.0020834188047205,5.415604493931528,30.457239755080426,-16.157664242182427,17.666282653808594,6.418756008148193,3.7100063258446747,nan,,,1.1213209629058838,,Gaia_DR3,44.54141844777068,-21.99034481605093,46.88935814892495,0.037573616951704025,-21.997057662608356,0.03260146453976631
Gaia,DR3,129359570233262592,43.48069848257147,30.399540312722465,18.77615737915039,3.2360382080078125,3.5273789187085436,7.157151245840831,50.668880483234524,-12.071882498603012,,,4.765972445436241,nan,,,0.9246425032615662,,None,57.02266567753768,-30.611288650754652,54.997120933024306,0.22711287438869476,-27.703166222637453,0.2165306657552719
Gaia,DR3,106160046685409280,33.56889282418367,25.791257412130456,17.963726043701172,2.888843536376953,3.290947089484752,6.646579007778431,88.74795451004844,-18.444121916594806,,,6.0217424762880745,nan,,,0.9366798400878906,,None,72.06418545698885,-34.34686636408042,68.44405698881023,0.1630934476852417,-36.431960376924266,0.16498824954032898
Gaia,DR3,131410949693082752,38.213374276928455,30.193648411023617,13.289671897888184,1.3632011413574219,4.463824143112408,3.1729146904304826,19.981183268411147,-16.481040783811693,67.96054077148438,1.760732889175415,4.221632257475078,nan,,,9.66298770904541,,Gaia_DR3,50.704962887608346,-24.812033485951055,46.73269316889957,0.12658897042274475,-24.758081039607625,0.10487740486860275
Gaia,DR3,97534171807016448,30.335201267825656,21.536220055101015,19.224655151367188,2.997007369995117,2.9188578401817047,11.613121056537738,52.71446916746019,-19.356632371118547,,,4.313746204775119,nan,,,1.032143473625183,,None,51.293265161159695,-24.71585653906041,53.9042750128682,0.36577045917510986,-25.193583141401433,0.3280180096626282
Gaia,DR3,103853172506373120,31.3881660585868,23.709418566385306,17.492002487182617,2.804180145263672,4.105786137482108,9.234709067136073,52.6033050592267,-19.423001435900417,,,3.5454906988036936,nan,,,0.9651623368263245,,None,42.26151820203228,-20.062425431311002,45.283308217535364,0.1136646643280983,-19.527524570993627,0.1040915995836258
Gaia,DR3,98899116708789632,27.00737608131767,23.452238558557085,13.59427547454834,1.3798828125,4.03745400662775,11.487403580912313,51.03186938091693,-23.24325050697791,12.118330955505371,2.4725863933563232,4.221766733886056,nan,,,1.0687413215637207,,Gaia_DR3,49.69954236927011,-22.444029061361206,51.10899293558869,0.020867176353931427,-19.138694989352654,0.018138613551855087
Gaia,DR3,99450380055795840,32.52038386370415,20.69094093563665,18.173297882080078,2.965789794921875,4.822968076749011,11.834279247450912,66.84364114372966,-16.93775033962651,,,3.4633451614488133,nan,,,0.9268009066581726,,None,41.37531954850632,-20.60621065943934,41.08958462807239,0.15794645249843597,-24.11588592299422,0.15354950726032257
Gaia,DR3,106724645906810880,34.982669693143315,27.201274174291072,18.58970069885254,2.8295974731445312,1.505704679797003,5.056746691760022,83.54933767188892,-17.85767087028824,,,3.019654825167971,nan,,,0.9855984449386597,,None,36.202313181569224,-17.337209653649563,36.94455111365541,0.2207607477903366,-17.943666098535996,0.2194773107767105
Gaia,DR3,106372703401633920,33.89298799894632,26.87792149529084,16.090423583984375,2.1553573608398438,2.4462380420047114,5.522239982453547,35.38396588424956,-18.66728646428153,,,3.620215307640659,nan,,,1.7042458057403564,,None,43.34453997851922,-20.488992510877733,43.927947511117324,0.11412668228149414,-18.71557622244595,0.11366498470306396
Gaia,DR3,107024129681274496,32.69466092355472,26.74557313943797,13.586385726928711,1.4663333892822266,4.533227919512646,5.976944841087431,48.914288265074845,-19.664367766710033,26.1774959564209,2.487346887588501,4.786628520285431,nan,,,1.0545843839645386,,Gaia_DR3,57.20189647183082,-26.594972401311292,55.58819938826116,0.020556239411234856,-30.875227324966723,0.01770510897040367
Gaia,DR3,97322378379440768,27.873849046204224,21.18098387145909,18.227458953857422,2.8150386810302734,2.2686203051271017,12.929602647283627,65.75000470381232,-21.43813760956071,,,3.5818897511896552,nan,,,1.122063159942627,,None,42.29099308139783,-19.954073915876663,40.9234610481767,0.23814751207828522,-18.92240880363304,0.2062908262014389
Gaia,DR3,97505520080582784,29.729264944630717,21.610774544763085,12.705131530761719,0.9782066345214844,2.30535932824027,11.763857125185634,63.843676787074074,-19.945744474850176,2.6175007820129395,3.429544687271118,3.517182583955095,nan,,,1.2801100015640259,,Gaia_DR3,41.75621942153788,-19.970426311268685,43.4429110530798,0.026260312646627426,-19.693179035915936,0.021663043648004532
Gaia,DR3,35957470497766528,45.33427649890074,19.068666413786943,18.067672729492188,3.104227066040039,3.80796477440022,15.92034782928217,69.01179387335837,-4.123016847141738,,,4.129254006666823,nan,,,0.9313753247261047,,None,49.2380371068852,-28.592116839812434,52.28425815963698,0.1848773956298828,-27.28507422217597,0.15520142018795013
Gaia,DR3,290580032500629504,24.92033271877061,22.719816804733064,16.577537536621094,2.116884231567383,2.784387067156034,13.28533657992463,75.1404091211504,-24.786916396476194,,,3.4147027901055016,nan,,,1.0212074518203735,,None,39.8756917215974,-17.802673789050008,38.64847763596989,0.0971745103597641,-16.217943711497945,0.08458753675222397
Gaia,DR3,100201488232086144,35.12863108459527,23.16985023681764,17.400253295898438,2.7796669006347656,4.816571057676526,9.07898456235532,43.820495342085124,-15.766903738472028,,,4.349965041005371,nan,,,0.9629384279251099,,None,52.15913286694241,-26.117641839558907,55.30418439056142,0.10700640082359314,-29.218840014938408,0.1017654687166214
Gaia,DR3,104231163988320512,32.092148751121215,24.009291030447187,16.762359619140625,2.536651611328125,3.114297575159881,8.731660214374372,39.83112161113789,-18.928457209101808,,,3.8464608884126776,nan,,,1.0000948905944824,,None,45.915322034558464,-21.912088509479698,43.40148883366207,0.07569050043821335,-22.15245411282328,0.06453102082014084
Gaia,DR3,116339978171102336,42.504208482992254,27.266762727397083,16.531089782714844,2.1863508224487305,3.435126139426824,7.933977484900934,71.02309110450203,-11.249714065869426,,,5.341078166838604,nan,,,0.9911113977432251,,None,63.99017163915753,-34.497867907304474,67.70616113985079,0.1006431132555008,-33.42491654088957,0.10865294933319092
Gaia,DR3,109573072512328320,42.72798129193281,21.892275542994646,14.46388053894043,1.7130136489868164,4.359300489546135,12.237291230034073,54.72465800350412,-8.12658045487422,4.631814479827881,3.4572951793670654,4.281079078956611,nan,,,1.0405616760253906,,Gaia_DR3,51.27598048483751,-28.556075617366446,48.94615932831728,0.02506706491112709,-25.38586829377433,0.020134683698415756
Gaia,DR3,110152068463558528,43.8362540864575,23.408507210657543,13.864593505859375,1.3813161849975586,4.471507463426893,11.56528381785767,61.256919859894396,-7.953335794766415,19.86936378479004,2.7026350498199463,3.555659992679985,nan,,,1.1058381795883179,,Gaia_DR3,42.517765556321756,-23.874735482502583,40.975704553623174,0.02159823104739189,-26.85063183105593,0.0199428703635931
Gaia,DR3,103336161523341568,35.86040907851563,25.902268215785373,13.893613815307617,1.3016862869262695,4.140292150510881,6.357424348602371,68.88035775454567,-16.452550835519926,-6.735589027404785,2.8211190700531006,3.194497227552348,nan,,,1.012002944946289,,Gaia_DR3,38.32951000491857,-18.865560043197174,40.97433551248554,0.020265283063054085,-17.98295646468543,0.017923828214406967
Gaia,DR3,113527259923239424,42.262968739871376,24.60518527566048,16.166898727416992,2.6834230422973633,4.725499961742243,9.740316486801984,87.21088554114971,-10.033204367377294,,,5.819186931704747,nan,,,1.0214993953704834,,None,69.73847701629633,-38.06444605430035,64.9061654445094,0.06793231517076492,-34.86230976681529,0.052061427384614944
Gaia,DR3,134193680480190080,38.308685564888016,32.51806566132695,17.405277252197266,2.5597686767578125,3.567942106000347,2.4851556679986926,66.91445546041724,-17.517608156127416,,,3.150868204095247,nan,,,0.8409174084663391,,None,37.84449037662023,-18.093087998117138,39.44402430219406,0.1177436038851738,-19.84184709999672,0.10869032144546509
Gaia,DR3,107617488003459072,33.14241260932068,27.9735142000956,13.481867790222168,1.4925212860107422,0.4926247758284332,4.691415954414603,31.400894392112978,-19.833152171243896,1.9990956783294678,2.027299642562866,4.40473529905078,nan,,,12.84166145324707,,Gaia_DR3,52.677973591054716,-24.26897969977652,52.480308565346505,0.4905175268650055,-23.856458945539146,0.438789963722229
Gaia,DR3,127038642920869248,39.516724507774555,27.310381582247068,16.09120750427246,2.396820068359375,4.262089426772231,6.100275560111165,74.67414275294934,-13.907946552810962,,,5.541951618808139,nan,,,1.0800883769989014,,None,66.55195810328507,-34.19465154703556,61.732759691001164,0.06202024221420288,-32.94177357427457,0.057466816157102585
Gaia,DR3,103849083697509888,31.563315058584447,23.605624770265944,13.713778495788574,1.5683784484863281,1.5330856285961807,9.27410245934057,55.68718937848881,-19.21606721991199,-2.644716739654541,2.3140528202056885,4.75896882607321,nan,,,1.4745802879333496,,Gaia_DR3,56.74713692895813,-27.03371323154222,56.58461467779887,0.029357532039284706,-28.56315290073286,0.02623857744038105
Gaia,DR3,295922593859426432,22.60515720571896,27.213852521300833,16.541885375976562,2.640456199645996,1.7374734290269302,12.172487922911689,58.284565805601375,-28.626270219634982,,,4.508749272426534,nan,,,1.1788814067840576,,None,52.09689401733312,-20.619056076910592,53.15123137018247,0.09190981090068817,-21.89014283906262,0.07147475332021713
Gaia,DR3,295837828385593088,23.234764090288294,26.885399480126367,18.370372772216797,2.8689098358154297,4.104008650863626,11.83775517892062,59.64684383947491,-27.96385711539172,,,3.6213595733986583,nan,,,1.0069975852966309,,None,41.97139334182967,-16.894252209853363,39.01135518525527,0.20782268047332764,-17.92106897954318,0.13050046563148499
Gaia,DR3,137131850427244800,44.52907005031489,34.131564288687905,16.228038787841797,2.7412633895874023,2.0697854029162417,7.879362942083947,89.17058985368418,-13.169818684199749,,,5.98857707301648,nan,,,0.9793250560760498,,None,71.52311904897626,-38.12470753162354,71.0872492574423,0.07912909984588623,-35.548312061085674,0.06206590309739113
Gaia,DR3,126870005325366272,41.93077472310386,27.477590509586637,17.197948455810547,2.5488357543945312,1.1641514830237991,7.411604280875883,42.18231963762626,-11.86676734700318,,,3.6175010807089913,nan,,,1.0099494457244873,,None,43.368999895653516,-23.133379704292757,44.2065027173087,0.10522760450839996,-23.427925616101223,0.1048377975821495
Gaia,DR3,104682685310271104,32.499830895469884,25.506056713400323,14.954949378967285,1.8276519775390625,3.689935668938044,7.19647868877622,54.615987506368455,-19.263843505510646,14.344740867614746,9.194228172302246,3.3988993005796613,nan,,,1.0175316333770752,,Gaia_DR3,40.60389351806776,-19.125725721413453,43.24221068786286,0.03781701624393463,-18.95368385781589,0.038471199572086334
Gaia,DR3,127372413419512960,38.63664588752403,26.761454898912003,16.29264259338379,2.2335424423217773,1.407434265432255,6.171251498064387,34.767000031004734,-14.407924533153402,,,3.6767621067421143,nan,,,1.0082955360412598,,None,44.16079392563435,-22.483051233151812,45.100920218754695,0.06613238900899887,-21.929674814014728,0.05711616575717926
Gaia,DR3,126539739519813248,39.52332874686603,26.373186788172994,18.469139099121094,3.245349884033203,2.1504682800315638,6.891882980295259,64.39578107573051,-13.421792246664134,,,5.184251369826924,nan,,,0.7800843119621277,,None,62.256287914005874,-32.23527730628922,64.1468569661578,0.20619821548461914,-33.6314616059683,0.17822974920272827
Gaia,DR3,107681633338929536,34.631326717225534,28.43391571915072,12.6854829788208,1.0500297546386719,4.148794788067482,3.866961510180775,39.81337277545115,-18.745439541949033,18.180063247680664,1.1845009326934814,3.483903308025551,nan,,,1.1416683197021484,,Gaia_DR3,41.7518439960675,-19.593787003562607,44.54864044233054,0.016342492774128914,-20.803098255318133,0.01496990118175745
Gaia,DR3,103206964612789888,37.89463455276495,25.90952585915974,18.19502067565918,2.748861312866211,4.239154808207182,6.705086140304928,29.81366484171369,-14.638574871990365,,,3.9221435284289266,nan,,,0.995150625705719,,None,47.106078291729936,-23.891555798817667,44.20935699339323,0.20330913364887238,-21.918139287519107,0.17591001093387604
Gaia,DR3,103846300558738560,31.848358345048972,23.77064420534851,15.227736473083496,2.1384267807006836,4.982479120181239,9.029955199147969,40.792180429443846,-19.036109386706855,-7.185802459716797,9.740574836730957,4.1974981690535005,nan,,,2.759416341781616,,Gaia_DR3,50.08146487236324,-23.895526772133437,54.49032271349264,0.14672821760177612,-23.885095875256958,0.11043808609247208
Gaia,DR3,104564316011752832,31.60690276484312,25.110423108057702,18.73122215270996,2.978191375732422,4.566093811466596,7.865574253726405,43.34483944551006,-19.877663765815964,,,3.6290416284669704,nan,,,1.0264270305633545,,None,43.27756404156527,-20.235616041265477,46.72918954583007,0.2772890031337738,-19.698039828730053,0.21964947879314423
Gaia,DR3,102927280636659456,35.740131918985306,25.330541368563726,17.95284080505371,3.2294387817382812,4.144457379780363,6.922542796997125,72.5985957354245,-16.280299711255108,,,5.440881407503206,nan,,,1.0026189088821411,,None,65.2766496014555,-32.26009870373451,61.1078489284038,0.24603404104709625,-29.975717414184203,0.15836980938911438
Gaia,DR3,103862651499257088,31.692585015917835,23.861754126691146,18.315717697143555,2.855123519897461,2.5000202432893537,8.992778392049932,45.269429759496205,-19.219604768253895,,,3.6911194865153534,nan,,,1.0069694519042969,,None,44.02571137237012,-20.940788439026445,43.69495039952848,0.24645748734474182,-22.857791294623865,0.18705475330352783
Gaia,DR3,61062069741503232,51.523599810977984,21.176587229576093,17.59012794494629,2.796621322631836,2.988317749722597,18.137840114693585,88.29935991994323,0.3181169834510422,,,5.042507984325296,nan,,,0.9653132557868958,,None,58.99443539824984,-37.05732030537674,57.5660406619264,0.19978463649749756,-34.219966652427736,0.17567868530750275
Gaia,DR3,296621853190503168,20.570920399905383,27.794440656916855,13.145216941833496,1.5886945724487305,3.4452383899024785,13.561446178794208,61.086432268708286,-30.555790715947023,6.22016716003418,7.867362022399902,3.839899399029622,nan,,,7.78634786605835,,Gaia_DR3,43.89369885478699,-16.593764643909953,41.88452034369158,0.1407528668642044,-18.527950527500366,0.10735739767551422
Gaia,DR3,126435900094898816,38.88054304554484,25.866546037233196,18.82895278930664,3.0025711059570312,3.944237683831639,7.072721374232511,40.20900776895639,-13.735341847696844,,,4.463460940643151,nan,,,1.1732932329177856,,None,53.60842517786576,-27.601750828651117,50.090922483557236,0.2964188754558563,-28.785358244366847,0.29283633828163147
Gaia,DR3,127040051670142464,39.52144440157267,27.308120597976266,16.67305564880371,2.3723278045654297,3.055686237352745,6.104533608071663,71.2080903514889,-13.902625426014596,,,5.429679898446567,nan,,,1.0051405429840088,,None,65.20361368839957,-33.50501145257222,61.74604597401827,0.07450021803379059,-32.97712392871078,0.07061269879341125
Gaia,DR3,109463391931794560,44.20698663791041,22.152166057068456,18.815166473388672,3.4054107666015625,4.875448970182924,12.773527383347314,81.24503852316172,-6.913925545030116,,,5.372065586936872,nan,,,1.319867730140686,,None,64.1973753057594,-36.416745253635916,62.90667437569584,0.44769519567489624,-41.785140818697485,0.44545218348503113
Gaia,DR3,129107717647540864,44.858282607865895,30.077944717742007,18.48974609375,2.7060165405273438,3.243345651728911,8.38915227164127,78.97442631558924,-10.722103330873379,,,3.136525261048842,nan,,,0.9920921325683594,,None,37.43677936023913,-20.641732020449233,36.61980597316224,0.38689106702804565,-22.624555504774314,0.46822863817214966
Gaia,DR3,104690377596704256,32.455992960013724,25.69989172996942,17.292402267456055,2.6720523834228516,3.8423913297783563,7.028328249154632,61.292533533876885,-19.393016710755013,,,5.0839107788060565,nan,,,1.1187043190002441,,None,60.72850009858079,-28.517138235440363,62.40342948262601,0.17657621204853058,-32.279170322208216,0.12895096838474274
Gaia,DR3,106661806240238080,35.653608101545686,27.498252166446235,16.358617782592773,2.39056396484375,4.801423167904242,4.753556115139124,32.96983715808753,-17.40797593912057,,,4.440805305828669,nan,,,0.9180610179901123,,None,53.27443063999438,-25.697583534664027,49.30525873498037,0.0667349249124527,-27.807104499182692,0.058959219604730606
Gaia,DR3,107515851896970112,32.294259759122006,28.364809509360892,16.558490753173828,2.3485145568847656,0.9726337188228746,4.708649630593154,22.90877645882123,-20.749003734336398,,,4.152344744500281,nan,,,0.9780552387237549,,None,49.58583353409333,-22.410207305616943,50.26593087040041,0.0639752745628357,-22.92240928304659,0.060092464089393616
Gaia,DR3,107946134604964480,33.733086533155976,28.68995569674954,18.930587768554688,3.107715606689453,4.170614204902487,3.829873126844265,77.05802876934955,-19.645245823855163,,,3.0653058044021173,nan,,,0.8792576789855957,,None,36.69235180573379,-16.908897897047513,38.8562499151336,0.25043079257011414,-18.515379410365476,0.28489115834236145
Gaia,DR3,130344633870345984,41.37829802149485,31.07181536041506,17.16255760192871,2.7401018142700195,4.6109825343136,5.2352470638858914,42.27789350686204,-14.213353264591277,,,3.4959756362403467,nan,,,1.1041855812072754,,None,41.9347217054687,-21.555003291943166,44.11802732031754,0.12024639546871185,-18.950936144861384,0.10276799649000168
Gaia,DR3,116467010418775168,43.2545453759049,27.81547479556871,16.141544342041016,2.3185338973999023,4.485147331189778,8.124125843183196,41.11744689800752,-10.88491449964365,,,3.70757349970089,nan,,,1.0126738548278809,,None,44.37448415748218,-24.133057829520748,47.031458651778486,0.062839075922966,-21.84625671698967,0.054668620228767395
Gaia,DR3,107945589145080832,33.03670500868703,29.300353667884913,13.759876251220703,1.5871248245239258,2.7081680772173855,3.5694271766419634,47.12306662040877,-20.52383858509049,-36.14021682739258,2.832531690597534,4.838899907691245,nan,,,1.1032204627990723,,Gaia_DR3,57.860307065324285,-26.132937082700685,58.72194365272664,0.025566130876541138,-23.508173302675857,0.024220973253250122
Gaia,DR3,109513252208030080,42.738369566167634,21.678303385797474,10.030401229858398,0.6515789031982422,4.852305503931825,12.426660645856986,58.688929137094725,-7.998870981072818,18.617816925048828,0.3981514275074005,4.483497021229578,nan,,,1.007354497909546,,Gaia_DR3,53.69968133769726,-29.93835536781539,50.448909616104494,0.02687869593501091,-33.17348090122944,0.02670854888856411
Gaia,DR3,299184879218802816,29.03744831630657,28.955672321473543,10.0679931640625,0.7335071563720703,2.9405471061496535,6.374806988574899,85.49792734723604,-23.81712857808364,22.393531799316406,0.2950299382209778,5.909153911514905,nan,,,1.0211929082870483,,Gaia_DR3,70.01884776977819,-29.688397510563895,72.99136364275087,0.0188578050583601,-31.829005454869176,0.020545141771435738
Gaia,DR3,110324756213248256,44.902562854396535,24.33782901787746,18.821569442749023,3.0975112915039062,3.51675746740032,11.513114136128099,53.89513136367833,-7.508245413540337,,,3.7579746689449247,nan,,,1.1187647581100464,,None,44.85033556549008,-25.47194483659214,44.13178666951683,0.3490515649318695,-28.163731325609824,0.3044542670249939
Gaia,DR3,131121816789692416,36.079035668601406,29.393403770526717,15.922449111938477,2.5138912200927734,3.581119761207089,2.9144757167480106,70.67179734333334,-17.937668247040797,,,5.501747737340181,nan,,,1.0907888412475586,,None,66.02419901142235,-31.39194656086567,69.24412827740913,0.05827009305357933,-28.768332902919155,0.048832643777132034
Gaia,DR3,113918376825239296,41.8657524519933,24.668692300774758,17.166728973388672,2.631795883178711,2.659969500511505,9.476177258231907,45.276671305931984,-10.425558001548227,,,3.7531913733792615,nan,,,0.942728579044342,,None,44.99882407498007,-24.411366056089985,45.082200542978484,0.10812398791313171,-22.30842256058487,0.09875686466693878
Gaia,DR3,131031210159728640,36.482396676117695,28.75785448722269,16.485857009887695,2.5958337783813477,4.477220358174615,3.614324668101809,16.72571340162414,-17.285395269197945,,,4.068690585252063,nan,,,1.058529019355774,,None,48.83968153070535,-23.549932062643787,45.06443911308611,0.06520984321832657,-24.253296410094343,0.06297974288463593
Gaia,DR3,129488384892553728,40.912094593665735,28.86090617573115,18.132232666015625,2.588369369506836,2.965927669847961,5.840204634904542,47.44169148938831,-13.48049889398354,,,3.445590549190023,nan,,,0.9961407780647278,,None,41.346193047640426,-21.464721019268172,40.775317505815806,0.21510542929172516,-23.542053310352088,0.16127608716487885
Gaia,DR3,292799774678717440,20.108415210855718,22.882345789802393,18.187320709228516,2.9268341064453125,3.2120959975441195,16.43371629991635,75.52493919241256,-29.091917492670035,,,4.628456885368493,nan,,,1.0878897905349731,,None,52.76818476039368,-22.3167167501688,54.007881447103664,0.1794811189174652,-19.438196368655703,0.11518392711877823
Gaia,DR3,131665933310929792,37.48265493195467,30.54745977051728,18.71142578125,-0.04855155944824219,1.6123440615209834,2.4688286367165526,37.90271200608113,-17.27809799983443,,,3.4761202847730104,nan,,,0.9635223746299744,,None,41.745232966227725,-20.08476357625247,40.68546707522316,0.25512465834617615,-20.60716518547764,0.2591320276260376
Gaia,DR3,132524381310498944,36.843813673704176,31.35443246612065,14.78824234008789,1.6603679656982422,4.506527940098963,1.5281418660307473,50.76306646403607,-18.204136078917852,44.71672821044922,3.713531255722046,3.3132495443689427,nan,,,0.9253022074699402,,Gaia_DR3,39.779348173468144,-18.740914813619263,37.111295575210306,0.039307933300733566,-20.4110182514779,0.03191684931516647
Gaia,DR3,107591920062857856,34.09472836258015,28.164234209008608,17.792160034179688,2.8485374450683594,4.453148951965391,4.2309122098183405,32.475298487678835,-19.0886510079267,,,4.459178512104211,nan,,,0.9533481001853943,,None,53.40402192121238,-24.92538886845454,55.8964159434226,0.1811767965555191,-21.562100134431063,0.14141486585140228
Gaia,DR3,301201211745472256,30.727774038817085,30.374315112655164,17.524433135986328,2.8839855194091797,0.6777941218814431,4.3954657351163355,62.60232838777956,-22.966502938010052,,,5.227626268946079,nan,,,0.926002025604248,,None,62.21914714788444,-26.532173780588757,62.60408432216415,0.12265216559171677,-25.892046381593946,0.12678052484989166
Gaia,DR3,302707650050351232,26.150979474028446,30.400717893874376,17.494773864746094,2.533397674560547,1.8633792579499626,8.096904882539363,58.35532439023647,-26.83967014118464,,,3.3847084247050243,nan,,,0.8638469576835632,,None,39.720542059573226,-15.553228840722209,41.046644022761626,0.13384541869163513,-15.457149184701155,0.09882085770368576
Gaia,DR3,292235038018909824,25.78293727587437,25.415290997900694,18.264863967895508,2.9628677368164062,1.1749481833971118,10.825803016635126,52.75939443294717,-25.16765901094757,,,3.695811412240811,nan,,,1.0373622179031372,,None,43.30980441754553,-18.61749255782003,43.96297419912417,0.1970546841621399,-19.25886671209683,0.15888027846813202
Gaia,DR3,292323033308207872,26.2587021543388,25.55791393057423,12.72167682647705,1.2005510330200195,3.342457837181894,10.410251556294307,49.608566016867805,-24.810493887664784,13.684782028198242,1.4949835538864136,4.393827530361659,nan,,,1.0383175611495972,,Gaia_DR3,51.583889853093225,-22.260209196864704,52.11532707563192,0.019729966297745705,-25.310251748452156,0.014616352505981922
Gaia,DR3,292399969057902336,25.51371057731959,25.83070272721013,16.16651725769043,2.647976875305176,2.2469382493080583,10.743588524033896,81.2683565529426,-25.57495860883609,,,5.53065267288849,nan,,,1.0141279697418213,,None,64.74245908875277,-27.51418467581342,66.36113638812013,0.06903228163719177,-29.5740248857737,0.05434363707900047
Gaia,DR3,292964254746201600,19.81589372835424,23.254753316006724,19.666046142578125,2.8838729858398438,4.197684886985159,16.42200285729248,73.32737834281599,-29.493158828676865,,,4.474304113144062,nan,,,1.0646429061889648,,None,50.92372459673528,-21.29178460774122,48.91420184544123,0.4991461932659149,-24.703304657401777,0.3160569667816162
Gaia,DR3,127597400986220928,36.72341874755278,27.198223910799594,13.130884170532227,1.2295236587524414,4.77378119622937,5.180034941547033,26.632857955974206,-16.31927611853262,3.708855390548706,1.8895692825317383,3.7811843984893523,nan,,,1.002303957939148,,Gaia_DR3,45.39466968850208,-22.34024839975384,48.85185406970344,0.017553159967064857,-20.750373437945505,0.016099652275443077
Gaia,DR3,114540425528562176,42.98768539150613,26.335396995228802,14.081931114196777,1.6599712371826172,3.434632217698408,8.878483817039116,52.546938414422996,-10.321159764470195,19.681650161743164,2.1958107948303223,4.69103820156797,nan,,,1.055049180984497,,Gaia_DR3,56.166566231282914,-30.686552685677682,58.602707629152654,0.022508366033434868,-33.05338603286157,0.021498853340744972
Gaia,DR3,135004604665783168,39.73615598189857,34.76206641703863,14.28050708770752,1.6704740524291992,2.7976622126027113,4.415476603467212,29.362349317276433,-17.40474289132582,-11.494475364685059,4.046133995056152,4.371084947610433,nan,,,1.130654215812683,,Gaia_DR3,52.48716698148799,-25.193901745001444,52.48219246908564,0.02439305931329727,-27.7718549125091,0.022122656926512718
Gaia,DR3,133812253026253312,40.00246636431804,32.99288058993012,18.427892684936523,2.8852081298828125,1.927751487972509,3.961087643935534,23.443944740057447,-16.33100112804545,,,3.7492001302854856,nan,,,0.9218528270721436,,None,45.014498323500206,-22.138119752801185,44.02318658617729,0.19449706375598907,-20.981069596901698,0.20152153074741364
Gaia,DR3,132758405488281984,36.86640398177752,31.98011051736836,17.43882179260254,-0.06501388549804688,4.495285817120084,1.283850271159527,78.85283697009802,-18.476820666457566,,,5.78449264591557,nan,,,0.992172360420227,,None,69.45020782485751,-32.489125973582425,74.92070361471158,0.10564752668142319,-32.83915569863936,0.11129849404096603
Gaia,DR3,134036690834740096,38.18234999124297,32.0448667613596,19.979888916015625,0.5020580291748047,1.8641879999611144,2.3782393743462475,20.410260327701636,-17.39861351271885,,,4.276511183362311,nan,,,0.9306702017784119,,None,51.36397857094171,-24.626401838624854,51.72581801510999,0.5942064523696899,-22.985191881910836,0.6152591109275818
Gaia,DR3,134830503873423744,38.78282517276203,33.72762102669082,14.490541458129883,1.5837841033935547,3.943903944198182,3.2130162554173927,83.90902732743326,-17.696451855420896,0.18090197443962097,4.745802879333496,2.9948150826095588,nan,,,1.0040173530578613,,Gaia_DR3,35.96965614254017,-17.124824064518716,37.90589222590593,0.02829388901591301,-18.6903130706676,0.02470991387963295
Gaia,DR3,301889166722782848,26.062028788538232,28.19304195347346,16.767545700073242,2.412020683288574,3.740805330501977,9.011897103333713,42.38351679848613,-26.056731685514666,,,4.293933738317223,nan,,,1.3571096658706665,,None,50.3734536435594,-20.61617165180781,53.16478820905981,0.11120666563510895,-22.53313719245194,0.0955764427781105
Gaia,DR3,302367312546292352,27.02473547706296,29.436323902443288,17.122100830078125,2.5452518463134766,3.31115706864258,7.7042248997922895,53.28452324969892,-25.729192062396095,,,3.441506303014955,nan,,,1.0749742984771729,,None,40.51663162664177,-16.443118257914932,41.824098694145405,0.08700153231620789,-18.45840327021199,0.07897432148456573
Gaia,DR3,136280209952003072,44.235120072026696,32.03822487069544,13.763835906982422,1.3135137557983398,4.35131106735342,7.495698047378246,56.69987598060235,-12.304958997926835,-4.869126796722412,2.679553508758545,3.382085211967359,nan,,,1.1120597124099731,,Gaia_DR3,40.41466199727371,-21.750040152373035,39.849530095178594,0.02229345589876175,-18.699559596645113,0.01796429045498371
Gaia,DR3,127260572471060096,37.981982149726974,26.523131388080113,19.44274139404297,2.479391098022461,4.134040614398801,6.153832177571893,82.63565088520626,-14.86931676490942,,,3.0464480708872004,nan,,,1.0053175687789917,,None,36.58921849565603,-18.480395954477945,39.2298522303512,0.44657033681869507,-18.20484929533179,0.41250723600387573
Gaia,DR3,135209423065249280,44.544246222162826,30.81620514568063,11.816141128540039,1.0151710510253906,2.3542442185676467,7.935387187457173,41.319717099617804,-11.38959895045717,6.633894920349121,3.265153408050537,4.409162487916241,nan,,,1.7459207773208618,,Gaia_DR3,52.658275806004255,-28.738346998205763,53.97627579863592,0.03604070469737053,-30.48516064434083,0.03281594067811966
Gaia,DR3,135601325945514240,44.71343422807181,31.825226811959062,17.15067481994629,2.884798049926758,3.9226536660429265,7.917843501204311,42.65077772685954,-11.789915708417986,,,4.457659695852341,nan,,,1.0636184215545654,,None,53.22045137092527,-28.944222174736648,52.24004254599306,0.12698939442634583,-32.49764651576753,0.14577744901180267
Gaia,DR3,134709282714529024,39.770912109576294,33.885737013063526,17.44676971435547,2.5638084411621094,2.854196238061995,4.025382199641698,80.93449130773628,-16.956158696398912,,,3.030729173888479,nan,,,1.006331443786621,,None,36.39192341433241,-17.648857370164734,37.82850822717275,0.10859822481870651,-18.77207996277421,0.11518049985170364
Gaia,DR3,129795256010785024,40.43276014940305,29.69114091697931,14.001157760620117,1.7004785537719727,3.6984393709471384,5.026158494708521,42.026769472979424,-14.320469132326213,-40.98661804199219,2.0835721492767334,4.6546235251081765,nan,,,1.1034454107284546,,Gaia_DR3,55.872430937901164,-28.570208985966403,55.777632723550184,0.021666064858436584,-24.942385485939408,0.01879209280014038
Gaia,DR3,136281923642321664,44.21415546359054,32.135262594771625,18.7384090423584,2.6585121154785156,1.3989820750550177,7.4719223299224815,76.01485823249021,-12.374124829760135,,,3.143983665499846,nan,,,0.9371379017829895,,None,37.57082773045856,-20.19765682426561,37.20522077289268,0.2390580028295517,-21.049755549132552,0.20873844623565674
Gaia,DR3,126551353111383296,39.363382932664365,26.399747214085515,18.568147659301758,2.970132827758789,3.8075207913120943,6.796927222843416,79.04390051424771,-13.57780203939114,,,3.095561401186066,nan,,,1.00143563747406,,None,37.17557231095488,-19.197756175372408,36.85377627767093,0.251861572265625,-21.66152453438407,0.25318488478660583
Gaia,DR3,116294352733536896,43.367782722559674,27.183672093499705,16.843849182128906,2.4882125854492188,1.3861165909164976,8.580912158569104,37.672988422186336,-10.444267053837843,,,3.969020256666883,nan,,,1.0427883863449097,,None,47.495649492316524,-25.9766569411977,46.9136259628769,0.08310652524232864,-24.973496613624995,0.07545962929725647
Gaia,DR3,116018718912291712,44.12562387464073,26.67295926810388,18.72037696838379,2.9763717651367188,2.2295946357263845,9.427723757401921,41.24024070058746,-9.49723088700999,,,4.004224079981748,nan,,,0.9357050657272339,,None,47.85817108394771,-26.568991802721854,49.67974296124255,0.22734223306179047,-27.0423420383391,0.2176913321018219
Gaia,DR3,71021446064547840,54.33524055610558,26.55522007401126,16.662015914916992,2.6827259063720703,3.9744240702937303,17.43426592188697,77.00366267656601,-0.5292345635758013,,,4.4583212912934895,nan,,,0.9825581312179565,,None,51.502733313937,-33.78524260781228,50.794397593278035,0.08434411138296127,-37.45286558821117,0.06822051107883453
Gaia,DR3,220611682355287296,58.60563344441728,37.72972360469058,18.2285213470459,2.793153762817383,4.244522134130691,19.740914099846357,85.19625780959927,-4.290158032835944,,,4.1171814304352985,nan,,,1.0557076930999756,,None,46.421803216132425,-32.66374393737395,50.10492386709302,0.19163498282432556,-32.74442354668301,0.13329939544200897
Gaia,DR3,110721267594272640,46.67674573547428,23.460060736822584,19.442235946655273,2.886819839477539,4.221748043819135,13.28388134698063,58.77684481572365,-5.411120742741611,,,4.269157713474715,nan,,,1.0402499437332153,,None,50.748260982228246,-29.663891805785735,50.74611404509652,0.4576182961463928,-25.864397929264165,0.35657253861427307
Gaia,DR3,296099997484154752,23.598334345769352,28.29329202703087,16.089160919189453,2.3275985717773438,4.186880950149188,10.91091123393262,54.42575224629802,-28.191534695723615,,,4.5312065427429005,nan,,,0.9115393161773682,,None,52.60604170324151,-20.633808791405357,56.48425377643079,0.05577053502202034,-19.656700551997048,0.0372011661529541
Gaia,DR3,131617799613184256,37.981553151189004,30.48292595954144,17.326309204101562,2.6454410552978516,4.23579857067676,2.833523611624622,80.35553895412937,-16.820022506282616,,,5.817489854478338,nan,,,0.906291127204895,,None,69.87067872728352,-33.94549489012209,72.80686578124838,0.11336418986320496,-29.66017882997194,0.11032082885503769
Gaia,DR3,132007675269243904,35.762458750969046,30.46565382430817,17.566173553466797,2.796091079711914,3.6895890303010614,1.80955376710041,57.38002940411792,-18.71158223288014,,,5.137758541900059,nan,,,1.0300015211105347,,None,61.64108238047669,-28.773449722002248,64.75683028084539,0.14350095391273499,-26.27116698136794,0.15214449167251587
Gaia,DR3,140945231630428160,41.78326310025073,35.88878854290554,15.40119457244873,2.5494556427001953,4.5255213245835275,6.429860791760565,79.17886933930147,-16.291984564134946,-5.125733375549316,6.358331203460693,5.681455695254267,nan,,,2.1911773681640625,,Gaia_DR3,68.12350312485385,-33.758067928120155,65.52315807711511,0.09565419703722,-29.00229807961164,0.09098872542381287
Gaia,DR3,298135017413317888,29.023452616481617,27.166337911556152,18.2419376373291,2.8578624725341797,3.309204291817407,7.501528092145288,77.46474355270001,-23.074050575568496,,,3.128974349518657,nan,,,1.1632637977600098,,None,37.07439439101933,-16.199466756332125,35.05043571806733,0.24590344727039337,-15.381987856257798,0.23750630021095276
Gaia,DR3,130892809133562240,35.825854673046265,28.15542989501789,17.26676368713379,2.826536178588867,4.839055701970232,4.108422616666324,47.96710440244068,-17.57071728826049,,,4.84279932733084,nan,,,1.1167584657669067,,None,58.105241502880844,-27.900402741514366,59.9224607163764,0.1042291596531868,-32.49428187849651,0.09905067086219788
Gaia,DR3,108228266712463360,45.662285291090214,20.165045547496735,17.90091896057129,2.806669235229492,4.039294600205814,15.179291106323719,67.77060628944318,-4.446670411182936,,,3.8651366324801466,nan,,,1.0257542133331299,,None,46.0560279974319,-26.784994355938544,48.27671239711299,0.20463526248931885,-29.214176948789092,0.171028733253479
Gaia,DR3,309726343871421056,17.924367385699885,29.56106743638905,17.57718276977539,2.8442440032958984,0.7465510445080117,15.20127400060735,66.30732308827456,-33.33300575033314,,,4.008487448209002,nan,,,1.0907927751541138,,None,45.089521157909275,-15.48149648979097,45.71019611280013,0.11111374944448471,-15.594385461683244,0.09716645628213882
Gaia,DR3,222507966251784576,54.10906731771004,36.55979468828223,16.59857749938965,2.6063127517700195,4.1950449581187454,16.01131450986531,78.20918400226539,-6.935774007724941,,,4.859991361329814,nan,,,0.9965172410011292,,None,56.20548542000215,-36.04273246955973,52.614547847511275,0.08663691580295563,-33.681013321207395,0.06381110101938248
Gaia,DR3,141116411847041024,39.78707039982307,35.76656964851561,9.55931568145752,0.6626253128051758,3.3126055973900086,5.070301083518002,28.374718266714506,-17.840023785236774,10.150943756103516,0.2912214994430542,4.292244862401239,nan,,,1.1660841703414917,,Gaia_DR3,51.53941959993717,-24.486181173091634,48.542118330074146,0.02352037839591503,-24.51120203990655,0.019362136721611023
Gaia,DR3,132248541330147712,34.55679396283144,30.7921284710498,12.694311141967773,1.2990045547485352,2.943173921362119,1.6156924202597909,76.18588399349196,-19.890057524198244,23.199644088745117,0.6808199286460876,5.6936157809179315,nan,,,1.2622722387313843,,Gaia_DR3,68.2275331642934,-31.022450628648155,69.24189544877287,0.01727065071463585,-34.40629240848817,0.017350422218441963
Gaia,DR3,290931468199850368,25.379079824059765,23.712827375253678,12.188546180725098,1.0432262420654297,4.636832765874278,12.270431970848074,54.1201286151748,-24.805314620427247,-3.7970025539398193,0.7808930277824402,3.93376514187793,nan,,,1.106609582901001,,Gaia_DR3,46.024132463382536,-20.297330520800802,42.559802712764494,0.020397327840328217,-21.96590314629926,0.016747811809182167
Gaia,DR3,289098474941796224,22.952058361675615,21.714366659231917,18.86985206604004,0.227020263671875,2.5631810561338626,15.262141205747625,86.84138523480004,-26.108518282408504,,,5.360647224271976,nan,,,1.0141059160232544,,None,62.04553833622389,-27.643281966747026,59.57394617039494,0.2808895409107208,-26.13281962984743,0.16896718740463257
Gaia,DR3,130288593135444608,42.92320770176149,31.476194815746403,16.939430236816406,2.3498125076293945,4.165246807102773,6.448425044025698,67.30937312860873,-13.112717300441918,,,3.2145043281445536,nan,,,0.9059779047966003,,None,38.491199876857365,-20.293453104001635,40.54764855441039,0.081636443734169,-22.22683601547493,0.08112505823373795
Gaia,DR3,128828643556048000,42.408505124426334,29.268096663272875,18.22650718688965,2.710763931274414,3.719525340587114,6.729287436496858,47.22077150679773,-12.394897033619607,,,3.4874269862864216,nan,,,0.9319116473197937,,None,41.78691417199694,-22.188302931679097,44.372527434083494,0.19038116931915283,-23.078416312827773,0.17339998483657837
Gaia,DR3,118019241663512064,51.15762690398146,27.242681516310107,19.22930145263672,2.7655906677246094,4.17686553676362,14.562978782571655,73.46824716978155,-3.6803434315772545,,,3.5604234243981305,nan,,,0.9803497791290283,,None,41.715848452571514,-25.92235603153337,38.58890788613847,0.5831257104873657,-25.697111564864667,0.5123745799064636
Gaia,DR3,118393109976865664,49.84338128899603,27.180383144011902,18.688461303710938,3.285928726196289,4.010857622167991,13.526667261073031,59.29005218433543,-4.778975720994708,,,4.2127942465705255,nan,,,1.0290216207504272,,None,49.601729394493226,-30.15713256035535,46.64620486681555,0.2688812017440796,-28.168916187157812,0.26235514879226685
Gaia,DR3,300297795440181376,32.63044757620707,30.257089982159666,10.8895902633667,0.7825984954833984,0.21673035962359274,3.0812021665770213,36.60644825262697,-21.29549795485353,-6.367206573486328,2.8786306381225586,4.603848157084908,nan,,,1.562535285949707,,Gaia_DR3,55.01136003558827,-24.330620034424545,54.84993658216374,0.03130459412932396,-24.195759147420333,0.026486091315746307
Gaia,DR3,291175491061629952,26.57599686820451,24.36308821129196,10.487028121948242,0.8550252914428711,3.163329496950095,11.04846399959273,48.26007542994412,-24.023385275471142,1.64938223361969,0.41432175040245056,4.015701571963261,nan,,,1.0031336545944214,,Gaia_DR3,47.200332404099406,-20.886124455967977,44.99596426870557,0.01937640830874443,-19.36559741245996,0.014094858430325985
Gaia,DR3,131885736852307840,35.90291976418754,29.66127604578438,16.980623245239258,2.322678565979004,2.887116315910225,2.622853482197517,38.423451198877686,-18.21586992733493,,,3.47240675030023,nan,,,1.1615750789642334,,None,41.665421970105356,-19.687876016822443,43.12113446107841,0.1318819373846054,-18.155736070474084,0.11494521796703339
Gaia,DR3,132026611780211840,34.5421085374733,29.67113286610521,16.260318756103516,2.473123550415039,3.5453758852596,2.6740550055251817,57.13710598538043,-19.393585540633506,,,5.117763951597084,nan,,,1.036375641822815,,None,61.32593499566568,-28.29182053552463,62.07078382425531,0.058473680168390274,-24.54002265373832,0.05785112455487251
Gaia,DR3,130618240464354944,36.69902027153834,27.602879136887214,14.901902198791504,1.6404647827148438,4.743277820635691,4.7809450182289766,61.83379473284727,-16.53815180862409,-7.518614292144775,5.67622709274292,3.237455313209152,nan,,,1.0742998123168945,,Gaia_DR3,38.866477220756266,-19.04089368823167,37.09470813251239,0.0339834988117218,-21.75022885755073,0.0316816046833992
Gaia,DR3,111884241658519040,45.732636871106656,25.14551887030629,18.99498748779297,3.4022045135498047,4.169401647241667,11.514184605920313,52.079359398603295,-7.219098554143812,,,3.841447164237328,nan,,,1.0253111124038696,,None,45.76660081510438,-26.231367356505302,49.02171119210565,0.34692293405532837,-25.334344969176225,0.3046768605709076
Gaia,DR3,311882383094206976,12.619003262723792,28.89882425011827,12.149794578552246,0.9772605895996094,4.95104042348996,19.844798362352883,87.95107771315362,-37.360802733741245,-3.643467426300049,0.7021099925041199,4.637061516049943,nan,,,1.3082796335220337,,Gaia_DR3,50.13113743541378,-15.994507395538822,47.9518589423397,0.022265834733843803,-20.315937358955807,0.016009094193577766
Gaia,DR3,119176305853257600,49.9447562185484,28.856207645137083,18.350502014160156,3.26202392578125,4.916520590590373,12.977830063951233,72.80763139172637,-5.682851332854668,,,5.018969716204737,nan,,,1.0794799327850342,,None,59.07252842411174,-35.81522480367814,63.35159205783964,0.19965068995952606,-32.8572532514318,0.16964609920978546
Gaia,DR3,119576326223332096,53.71323122922963,28.560783748343773,16.068979263305664,2.267831802368164,2.6875580949071987,16.21059229642241,73.71598116964756,-2.309059551369631,,,3.7883217163961964,nan,,,1.0598068237304688,,None,43.89550816888633,-28.448101639018766,43.648305251716735,0.07760468870401382,-30.580145998344854,0.05044487118721008
Gaia,DR3,292000468379405568,23.15415422726456,24.802224750692613,14.347920417785645,1.6754131317138672,1.5218618171299751,13.055888836651826,57.30157359092851,-27.21164176186472,-6.980172157287598,3.7750167846679688,3.9621634570053734,nan,,,1.4951802492141724,,Gaia_DR3,45.90368043539134,-19.29444885716361,46.86469589351403,0.03396644443273544,-20.12648693010747,0.022165609523653984
Gaia,DR3,292574890191183104,24.709526772799947,26.36823446163999,19.07132911682129,3.0783119201660156,1.6646489326693426,10.998886834236759,62.2863375010346,-26.491770298256768,,,4.824481412692128,nan,,,1.0024563074111938,,None,56.288337406089155,-23.404365673052908,57.65008307247907,0.4468752443790436,-24.410347107028834,0.38036414980888367
Gaia,DR3,291785445137276032,24.87884537041788,24.37980755576923,14.05162525177002,1.8570938110351562,3.181702073759936,12.128364158128582,54.421949369767326,-25.528959556429257,-41.58051300048828,6.214515686035156,4.291315263600908,nan,,,1.4527658224105835,,Gaia_DR3,50.10371923416561,-21.698557192047545,47.85702809330504,0.03284483030438423,-19.899338596301565,0.028001688420772552
Gaia,DR3,292209955409747200,25.720902723958105,25.140110214401464,16.56231117248535,2.695859909057617,1.463701943290697,11.050957651569643,77.06052950605661,-25.107120554833955,,,5.352752704869287,nan,,,0.9349207282066345,,None,62.71156931817219,-27.07159111902272,61.24155470794018,0.06753122806549072,-27.824614299530516,0.05920596793293953
Gaia,DR3,302262824582097920,25.036508198345306,29.45632934293353,18.874126434326172,3.1337928771972656,3.4773827585483947,9.305905774844465,56.36040509933643,-27.417144046370723,,,4.778409194536134,nan,,,1.0170376300811768,,None,55.82767879158357,-21.865200563132397,52.49002993033273,0.3815118670463562,-20.80200972874725,0.3567417562007904
Gaia,DR3,303007193953931904,23.85053769857045,29.93224651828166,17.583890914916992,2.7862701416015625,1.1309086594455533,10.138128961544886,73.47140845863446,-28.587345958546415,,,3.264915199158899,nan,,,0.9399259090423584,,None,37.94862284888091,-14.389368274782688,38.27850857456761,0.11532120406627655,-15.094384765197484,0.10953400284051895
Gaia,DR3,294151589864879616,17.668987568843107,24.217015055408233,19.51557159423828,2.219959259033203,4.249569154209597,17.517682511005088,77.76486816485159,-31.69950895633809,,,4.499563975156626,nan,,,1.0392282009124756,,None,50.528447778515584,-20.1568647214216,48.35994852342772,0.5024632215499878,-23.55482163836793,0.3632161617279053
Gaia,DR3,314088007714851072,17.80342575013733,33.70106257763905,9.633520126342773,0.5630197525024414,3.5475817846860807,14.801854888377754,72.0569651582406,-34.661392534887575,-9.53641128540039,0.5463628768920898,3.625656338141758,nan,,,0.9208250045776367,,Gaia_DR3,40.75092337941845,-12.078135317747293,39.224988673111945,0.019898589700460434,-14.319514581190619,0.014490047469735146
Gaia,DR3,292500638796407680,25.206296555367462,25.987579339571372,11.143133163452148,0.9304208755493164,3.9437214323452046,10.863649659675133,71.94558207931429,-25.906901518398804,-4.306229591369629,4.344947814941406,5.182072156580808,nan,,,1.1255697011947632,,Gaia_DR3,60.586315461709646,-25.560876734120257,57.5959867416248,0.03151359409093857,-22.45943181138786,0.027022352442145348
Gaia,DR3,295965616547410944,23.273344040822263,27.788091641833727,10.636895179748535,0.6921396255493164,4.830414764539907,11.384794314260368,56.33981901043524,-28.276062800985812,2.4566853046417236,0.30183932185173035,4.544701323517529,nan,,,1.040940761566162,,Gaia_DR3,52.68251526235942,-20.793344718794444,49.65412852970055,0.01716604270040989,-24.292780013610958,0.013216749764978886
Gaia,DR3,293735287274775808,21.32793402091479,25.03384773304819,12.135625839233398,1.0076560974121094,0.38445257102215796,14.26995442999916,83.70909389562553,-28.883633088459252,38.217041015625,0.8989009857177734,5.330455534175582,nan,,,0.9572147130966187,,Gaia_DR3,61.18651306313646,-25.004520227109612,61.069797903736934,0.017254438251256943,-25.420469945127486,0.01120469719171524
Gaia,DR3,294819302660876544,19.198116669634114,26.18515241814535,19.549888610839844,3.1206703186035156,3.615591459056959,15.34963007555377,77.69056284597019,-31.128915251577528,,,3.5382929549012787,nan,,,1.1054668426513672,,None,40.1218986966413,-15.498932853080312,37.44334542351849,0.4950513541698456,-15.184912582527259,0.3313152492046356
Gaia,DR3,293618915135894016,20.685186807868565,24.471402675545036,19.33930015563965,,4.791656245377239,15.068287876001188,68.21430501704758,-29.218570708191535,,,4.472906586904853,nan,,,0.9790601134300232,,None,51.16236030425538,-21.01020866704944,54.55662715630117,0.3671570420265198,-18.028060160160372,0.2624736726284027
Gaia,DR3,141585559714709888,41.50081957505661,36.60801006737141,14.622014999389648,2.087794303894043,3.5567046913305256,6.667083642785449,70.64916111673512,-16.869222319385276,-8.467641830444336,3.857438564300537,5.389068675319071,nan,,,1.0161373615264893,,Gaia_DR3,64.63541590117522,-31.595773250140617,66.82296973457083,0.02730465680360794,-28.198483007264073,0.026650765910744667
Gaia,DR3,288326759513325440,22.006881526192988,20.22361700555351,17.02352523803711,2.539151191711426,2.7292246670823554,16.9547370007431,77.05420102272912,-26.311063170103697,,,3.7849653095549725,nan,,,0.943864107131958,,None,43.60187272770789,-19.80443076923121,43.34639714941281,0.1083393543958664,-17.641796200266764,0.06533399969339371
Gaia,DR3,295401670161451392,21.86247238043539,26.384374904299037,14.491251945495605,1.6075963973999023,2.514278389985016,13.151440567253186,64.17075563143537,-28.944290632288055,-8.132121086120605,3.260727643966675,3.6497249527851308,nan,,,1.6832159757614136,,Gaia_DR3,42.012533227494266,-16.76547711945537,43.51438002321945,0.04895297437906265,-17.98477150102571,0.02863447554409504
Gaia,DR3,294973513461846400,19.45196613824863,26.956103197365668,13.644076347351074,1.5574541091918945,1.4285933729704106,14.808648835209981,81.00413013506214,-31.19304795630755,-3.315725803375244,1.9068137407302856,5.1553580255261835,nan,,,1.09835946559906,,Gaia_DR3,58.548216504590194,-22.24217959988362,57.00225815697597,0.020272361114621162,-22.385603949572133,0.014585498720407486
Gaia,DR3,136612606060819200,42.53155546704922,32.86764503752213,19.305795669555664,3.368864059448242,3.7204947271561917,6.0555837477067795,87.39176617777292,-14.161555840702317,,,5.990807879502601,nan,,,0.9732440114021301,,None,71.77198926445146,-37.14076724218431,69.79363543855432,0.37010154128074646,-41.40267584836866,0.3742625117301941
Gaia,DR3,295351333144760960,21.537303563047747,25.93542581882182,17.048900604248047,2.5628767013549805,3.381263932494358,13.629639542458913,69.66937320015843,-29.051038301466047,,,4.809704636359913,nan,,,0.9574130177497864,,None,55.270760092968544,-22.1861141176078,55.341279911884,0.0963355228304863,-18.758460776174314,0.0601927787065506
Gaia,DR3,289830337369110016,21.603859852680788,22.751741164413033,18.570266723632812,1.8815727233886719,3.617217738865002,15.451975987180028,74.0631228734099,-27.733417299603726,,,3.649706367234224,nan,,,1.7487566471099854,,None,41.955413960517,-18.0703307524691,40.72223349193944,0.3545606732368469,-20.56527280437837,0.28659793734550476
Gaia,DR3,297513930782225920,28.840083865123415,26.45368333911266,18.5261287689209,2.8218002319335938,2.173464308266412,8.12521238319998,44.0417156962562,-22.927905217127922,,,3.6357038593127795,nan,,,0.9365805387496948,,None,43.0553946508043,-18.980181525989828,44.45451230940277,0.2258283495903015,-19.88432773481452,0.23599126935005188
Gaia,DR3,297631887764453376,27.492329856732777,26.184651702699323,11.567007064819336,0.9771699905395508,4.965044433774204,9.169093690332254,70.52462744844125,-23.993995766993294,25.38184356689453,0.8827980160713196,3.2637415931963214,nan,,,0.9579821228981018,,Gaia_DR3,38.48589849158855,-16.71193859529999,35.63661995027144,0.021236389875411987,-14.827440893968735,0.020353440195322037
Gaia,DR3,295469530644744320,22.67055080992544,26.765377763026123,16.871047973632812,2.667666435241699,4.8383798062208525,12.334826421073082,57.93734909416526,-28.399880887253875,,,3.7394529868960436,nan,,,0.9938380718231201,,None,43.221932239457054,-17.299410266286415,40.05054850964117,0.072984978556633,-19.41841260794448,0.051324255764484406
Gaia,DR3,288842189948733312,24.329920645739854,21.366334234545825,13.942276954650879,1.4793424606323242,2.198305765813907,14.667018838856615,64.52308369927623,-24.72679360044272,-44.45847702026367,2.575559139251709,4.289325802654195,nan,,,1.0106213092803955,,Gaia_DR3,49.962394888059016,-22.698260500386233,48.4952369626709,0.020436346530914307,-21.357097110294347,0.016724733635783195
Gaia,DR3,289263783938562048,24.51580452797209,22.715654829235437,18.215469360351562,3.1077537536621094,3.2255254990829503,13.540203911269094,63.86471499249228,-25.145338683827795,,,3.713671050949243,nan,,,0.9155187010765076,,None,43.29219356704607,-19.244631181081502,41.86732477156889,0.2578839063644409,-17.15983682770588,0.1649101972579956
Gaia,DR3,297273824930743168,28.52314782236492,25.06698623775496,16.286766052246094,2.1616287231445312,1.680775982968222,9.363741776732638,78.42942862173777,-22.603449421839997,,,3.17321692697397,nan,,,0.8607383370399475,,None,37.54268613210518,-16.844305790817167,37.20668378512961,0.07665958255529404,-15.771337134813779,0.06773433089256287
Gaia,DR3,297287641840840576,28.572306354283118,25.298764160795596,17.120750427246094,-0.20087432861328125,4.11028524328239,9.15510027680044,79.69952683965495,-22.66155075696641,,,5.5720295300368194,nan,,,0.9380823373794556,,None,65.9331798348591,-29.49431456156141,61.16303940573364,0.09640862792730331,-30.240206846860268,0.0900718942284584
Gaia,DR3,136485337589932800,44.258522291839164,32.97492972040362,16.453622817993164,2.7933406829833984,3.3890426065746726,7.50907981247046,68.21591078345153,-12.782281774336226,,,5.272507992967129,nan,,,1.0145831108093262,,None,63.00189853366979,-33.69300360502621,60.492556179813775,0.0778997540473938,-36.502422425680166,0.06292571872472763
Gaia,DR3,134886231070670592,38.82000148982667,34.27873069982864,18.090641021728516,2.4933700561523438,4.0638189280408445,3.5193807112361606,84.78987603445104,-17.925834216898135,,,2.9896506286757853,nan,,,1.0240806341171265,,None,35.90748390262199,-17.000276320440015,33.54686017397482,0.1456291675567627,-17.99389581649699,0.15916240215301514
Gaia,DR3,120151199006163584,55.14258919281511,30.182101369573516,16.633394241333008,2.617229461669922,2.4605605522351954,16.99985422161712,73.94422658663554,-2.134965595677595,,,4.291069441303885,nan,,,1.0757986307144165,,None,49.36691083079759,-32.77282427525075,48.08827420702122,0.0904410257935524,-30.950906918576063,0.06175695359706879
Gaia,DR3,314591790198850560,15.816236889394222,33.443046607925105,15.062363624572754,2.0551414489746094,2.255736697613549,16.4585705725855,72.23440308247575,-36.121531263052105,-26.344337463378906,5.416566371917725,4.355699680348067,nan,,,1.0670934915542603,,Gaia_DR3,48.287287341801395,-13.72394375780954,46.91685748133757,0.03346623480319977,-15.277037352843458,0.026870252564549446
Gaia,DR3,123195162586702720,46.779237784024254,30.698416321054708,16.499305725097656,,3.692188374738768,9.836846212073809,44.562926262911795,-9.43153044218571,,,3.851276989426796,nan,,,1.825758457183838,,None,45.768919478917624,-26.03492007468091,47.614884262418386,0.17291969060897827,-28.396757861879948,0.13531002402305603
Gaia,DR3,298261671704352384,29.938634770676114,27.797831049517338,14.702402114868164,2.1292476654052734,1.8936727223207879,6.479593269441452,58.8994532192895,-22.5484825752281,3.682861566543579,8.005681991577148,5.040872360252625,nan,,,1.322109580039978,,Gaia_DR3,59.87869944341835,-26.27130839544902,60.262586597947504,0.041651442646980286,-24.29592144405297,0.04160112887620926
Gaia,DR3,297423976987500288,29.369724293281255,25.88381460182013,19.20069122314453,2.876291275024414,2.146218707185658,8.249095376375156,37.78287756069483,-22.213392178126618,,,3.843992609394865,nan,,,1.001525640487671,,None,45.59131511232556,-20.435316289123136,47.168624225608305,0.3644281029701233,-21.168043348685128,0.42131608724594116
Gaia,DR3,297868076605936256,29.729827458176025,26.797478290438924,19.356977462768555,2.974061965942383,1.8023578794598636,7.338202465662096,57.60722702004273,-22.29684622603045,,,3.3631383475709526,nan,,,0.9281110167503357,,None,39.92745638185531,-17.73852522626744,40.53118321124198,0.39588308334350586,-16.612295482961123,0.35526591539382935
Gaia,DR3,297225790016815232,22.18546269083393,29.66258635453883,19.384187698364258,3.112957000732422,4.135106973767494,11.601017679202469,52.00967852966902,-29.87464531191095,,,4.266266593319983,nan,,,0.9525178670883179,,None,49.19130899244164,-18.213102200610383,45.74835026902024,0.4179290533065796,-19.619156225355603,0.30412736535072327
Gaia,DR3,291202429096647296,27.539373239596095,24.357074596373536,10.902273178100586,0.9036979675292969,4.30596687397677,10.477469004692097,63.59742507067071,-23.165849086164908,-2.002842903137207,0.5355259776115417,3.429702346367882,nan,,,0.9330982565879822,,Gaia_DR3,40.44931461283209,-18.12012756434976,43.385405805508476,0.021205103024840355,-17.0848055591061,0.017684191465377808
Gaia,DR3,141147954086818560,39.74082994969646,36.05562569627239,11.329586029052734,0.8399763107299805,4.481024896726556,5.244283760303122,36.5172684179266,-18.01336761548758,-4.193310260772705,0.45059940218925476,3.585458964447813,nan,,,0.725721001625061,,Gaia_DR3,43.05343861312631,-20.365360850891303,45.33910396628334,0.01997697353363037,-22.86484262138609,0.01637025736272335
Gaia,DR3,124589446411231104,53.03321975875921,32.54880896770943,18.97464370727539,3.4161415100097656,0.9876500959411602,14.888590935625643,67.66704567265388,-5.32964510328528,,,3.8001971638899055,nan,,,0.9188429117202759,,None,44.172635373391934,-28.057822911991458,44.9638554045002,0.32503676414489746,-28.054750391889563,0.22797995805740356
Gaia,DR3,290182593407433472,23.39584609945924,23.742799936774595,19.034704208374023,3.1843814849853516,2.45284921143445,13.56011568305153,69.17476036611191,-26.56798403504212,,,3.5624255748284623,nan,,,1.0548771619796753,,None,41.31975379267226,-17.79312418180485,42.67781020160266,0.3048306405544281,-19.037685656236714,0.2341470569372177
Gaia,DR3,293336134489648768,21.5628311883854,23.84258312928479,13.157317161560059,1.2004356384277344,1.39437744638897,14.790269605634537,65.88442328440047,-28.210909910568027,-6.96330451965332,1.2440980672836304,3.8768390422883754,nan,,,1.0840667486190796,,Gaia_DR3,44.55675766671812,-18.74673649565296,45.695654329206015,0.018454020842909813,-18.78654274648538,0.013454648666083813
Gaia,DR3,293917501262798464,18.38360803076588,23.94869763049057,14.9702730178833,2.110363006591797,3.4811522225520024,17.106711613570933,79.24188523821387,-30.9914964384992,-55.31177520751953,7.515293121337891,4.714030697851806,nan,,,1.7730772495269775,,Gaia_DR3,53.18323266017836,-21.533645104083355,49.73015225468977,0.05876261740922928,-21.323855005604496,0.03597934916615486
Gaia,DR3,294109739703693952,19.00218859461163,24.777220286496938,18.494129180908203,3.0287132263183594,3.5669532653964757,16.189801923720097,85.93395226791806,-30.77610685666446,,,3.4334750748728524,nan,,,1.008393406867981,,None,38.886613652209924,-15.533468555987408,36.30648345760018,0.22390420734882355,-15.440622749097663,0.1562945693731308
Gaia,DR3,298860733742678656,26.259830961552648,27.72826042251478,16.07815170288086,2.394923210144043,1.7797779354820447,9.097241024554515,40.77842611321347,-25.701241363775058,,,4.17618315110725,nan,,,1.0407320261001587,,None,49.028935912767764,-20.3150973097808,50.59418489529465,0.06607648730278015,-20.3866447209285,0.053561732172966
Gaia,DR3,299378908661577216,28.22628261688709,29.169748951379027,19.06622886657715,2.885650634765625,4.689162697984012,6.877453632520299,40.004824315604026,-24.599498929384584,,,3.621874496040016,nan,,,1.0102533102035522,,None,42.81138210846036,-17.832894706266668,45.28145774922301,0.30421409010887146,-20.424671927996762,0.29843631386756897
Gaia,DR3,294634962664634880,20.06818362490912,25.72289813147742,16.96282958984375,2.7042226791381836,3.894334630512893,14.879792682322734,66.08207192949125,-30.223064629038586,,,3.8904301022262398,nan,,,1.0179818868637085,,None,44.34374266771513,-17.538479584627417,41.180172070732766,0.09827718883752823,-17.09932185258453,0.05717672035098076
Gaia,DR3,318152489886022272,26.55247229607754,34.966650970373685,13.09080696105957,1.0344429016113281,3.9879234149124554,7.8384570526377475,72.75440176479276,-28.168868454377257,4.410080909729004,1.8283408880233765,3.1908642073933127,nan,,,1.3334310054779053,,Gaia_DR3,37.501999712006295,-13.328272834032223,40.01937800076685,0.021927151829004288,-14.255006424507764,0.019871115684509277
Gaia,DR3,137508600661753984,48.44443787330537,33.785165562900396,17.50341796875,2.935028076171875,2.615074963224235,11.051770989126958,48.304918621482734,-9.785723992092937,,,4.094770006977192,nan,,,0.9244911670684814,,None,48.43497342224748,-27.986775129622227,48.97011623943703,0.11595329642295837,-25.793742189500506,0.11533547192811966
Gaia,DR3,290289834445729280,21.213389917943545,23.215272792516924,14.368915557861328,1.6722526550292969,1.8213122329243914,15.430494484920265,67.7095714024316,-28.26334391516584,-14.520560264587402,2.951747179031372,3.9572901041114177,nan,,,1.0645664930343628,,Gaia_DR3,45.39634491890886,-19.283212968074636,44.93325300963423,0.023642102256417274,-17.836099296940063,0.018514806404709816
Gaia,DR3,299699386236834688,31.951137192027858,28.8483104722543,9.161739349365234,0.7334508895874023,2.924459346472711,4.502947790321682,35.856568489573675,-21.26100154212555,-0.4082754850387573,0.633676290512085,3.5620254474065223,nan,,,1.2051360607147217,,Gaia_DR3,42.50822280534844,-18.96913649889061,43.53498603465586,0.023113463073968887,-20.91032385089705,0.021114017814397812
Gaia,DR3,301704861086500096,30.63207570431468,32.37951624312987,16.708656311035156,2.5949697494506836,0.8993095432627551,4.017519850899924,42.5394807293947,-23.873868929872437,,,4.71128446725694,nan,,,0.9571322798728943,,None,56.060878669141346,-23.04809704949873,55.450392648088695,0.08306289464235306,-22.396115111672763,0.09184041619300842
Gaia,DR3,300209971949035776,33.177632664290996,29.745692699873867,17.06508445739746,2.2311391830444336,2.680087755654217,3.134624994744553,57.1643487230125,-20.60114199023658,,,3.260536401909326,nan,,,2.044217109680176,,None,38.996264401379044,-17.546166582426032,40.54169970134434,0.21726331114768982,-18.548770640239525,0.1685040444135666
Gaia,DR3,300834219675589888,29.859460688125786,29.91137449018745,17.37065887451172,2.3588390350341797,4.838201757006715,5.274752881588867,79.43903581136954,-23.51172850555068,,,3.0625785658658833,nan,,,1.0796340703964233,,None,36.37170714543222,-15.387945916148132,34.98536726203744,0.12651288509368896,-12.58879281928117,0.12901799380779266
Gaia,DR3,301592470381958400,30.2523677371744,31.815674844888395,13.74382209777832,1.2476539611816406,1.2000168551459405,4.370791626413361,65.1358176587433,-23.96200873954814,5.102861404418945,2.7300305366516113,3.1937824886599717,nan,,,1.0318188667297363,,Gaia_DR3,37.96829795064152,-15.649130411584487,38.41922751509589,0.017880719155073166,-16.319536438533987,0.019163893535733223
Gaia,DR3,311882417454005632,12.622414949495251,28.90034559563394,16.96070098876953,2.5323171615600586,4.800564733854202,19.841514641769876,86.76318306307573,-37.35856525716917,,,4.518645382606905,nan,,,1.0460028648376465,,None,48.85235195413782,-15.586517625628149,48.10456572578248,0.07545085996389389,-20.097864305928482,0.056397754698991776
Gaia,DR3,291538192459948800,26.355315552243074,25.02195477753462,16.72899627685547,2.164853096008301,4.442423083797303,10.714009301857589,64.19744552822458,-24.499704414461956,,,3.434328190984415,nan,,,1.130226969718933,,None,40.333918567938966,-17.59528534063446,37.20109980727874,0.09771788120269775,-18.323203002823693,0.08303925395011902
Gaia,DR3,291485205447838720,26.526288583288352,24.816095316950452,12.665383338928223,1.1230497360229492,2.116130880590234,10.750311513024236,52.14568701964482,-24.261444775980127,-10.03756332397461,1.400960922241211,3.7049538159958133,nan,,,1.0440444946289062,,Gaia_DR3,43.53986199645373,-19.104984283751424,45.04547737719595,0.018801290541887283,-18.42320428388207,0.015457856468856335
Gaia,DR3,291227065029094528,27.636018154134028,24.4944875175483,14.435306549072266,1.874464988708496,4.104923887673397,10.315457403493989,66.48062067346237,-23.14001760970994,6.217604160308838,4.5475754737854,5.034336243022202,nan,,,0.9960119128227234,,Gaia_DR3,59.39330509531222,-26.580331315652295,55.176968994116635,0.03457775339484215,-27.676544040567116,0.02917349338531494
Gaia,DR3,319614290595267584,24.606523393075985,37.84641962770702,17.20944595336914,2.66717529296875,1.6547370867546038,10.439350189057322,82.2769162220002,-30.61669478715027,,,5.5887018509988735,nan,,,1.0275700092315674,,None,65.17590982950207,-20.28258572393381,66.77016335794238,0.10004527121782303,-19.160513468975786,0.07325752824544907
Gaia,DR3,294140079353323648,19.015346588923812,25.2090512370805,19.51301383972168,2.5861854553222656,1.9324242789672224,15.960035582416841,71.36041386762756,-30.925714654962157,,,4.456665863867203,nan,,,1.017568588256836,,None,50.47908793371969,-19.948808999780773,52.14936593321924,0.42846912145614624,-19.23724224972557,0.3737308979034424
Gaia,DR3,302006329135548032,25.825140856783115,28.884963027217168,19.50433921813965,2.9592437744140625,1.4362803346429882,8.885535970387847,76.8348115530414,-26.53091207196093,,,5.485824279456217,nan,,,1.0944037437438965,,None,64.29690590698355,-25.84418702428556,65.86633899755671,0.4257861375808716,-26.3880952206887,0.41625502705574036
Gaia,DR3,302180502944323584,25.478900883930546,29.075126915244102,17.04090690612793,2.5372180938720703,3.6676152198191434,9.086220690120047,42.11044022227001,-26.898132995994903,,,3.8111606097615045,nan,,,1.0967597961425781,,None,44.60765334402258,-17.752723864337952,43.34713823383362,0.0818265900015831,-15.08926770630027,0.08273795247077942
Gaia,DR3,298160688433245824,28.4723040600618,27.219784002807344,13.352675437927246,1.0947942733764648,2.885683396607741,7.8244857112282755,72.909947747198,-23.577014548438477,-6.247085094451904,3.1152963638305664,3.1886555127088663,nan,,,1.2934820652008057,,Gaia_DR3,37.719469429837076,-16.327864436977862,39.51449247299981,0.02148430049419403,-17.063088257771188,0.022852372378110886
Gaia,DR3,304820292923656960,30.043730754332845,33.03547238583634,17.565427780151367,2.548421859741211,4.888824765000232,4.564684049047621,68.25328706575529,-24.62303894377002,,,3.164130861153502,nan,,,1.0789350271224976,,None,37.5958174216756,-15.085197357195549,36.373627539002655,0.12165255844593048,-12.061897118218218,0.1252911239862442
Gaia,DR3,313598896839117696,18.693527466140033,31.801880320192257,17.2509822845459,2.7051029205322266,3.0564449932675464,14.142950694160582,69.00310944989225,-33.413495617150204,,,3.6323074097772756,nan,,,0.9645184874534607,,None,41.05969593669143,-13.30902180638569,41.2872529493363,0.08831014484167099,-15.63833502092161,0.06641523540019989
Gaia,DR3,303560493116286080,25.215069592247275,31.131165531003678,17.906753540039062,2.8630828857421875,1.096600913080717,8.720603478798683,67.99908556388606,-27.891615033610517,,,3.278967904594835,nan,,,0.9978609085083008,,None,38.33750927190025,-14.505070175193922,39.08510064819091,0.160564124584198,-14.379802611509893,0.13078220188617706
Gaia,DR3,303883676520097280,25.271926739906686,31.908353381354566,17.827259063720703,2.7162857055664062,4.910230234207813,8.571359924393114,51.970735338424845,-28.126795903099794,,,3.5116660541096945,nan,,,1.001440167427063,,None,41.06776369039687,-15.274302579537222,43.982009576409155,0.17542488873004913,-13.101627936311914,0.13916954398155212
Gaia,DR3,304060942705854848,28.355397250535017,30.91750455015466,16.62517738342285,2.577672004699707,4.727230662903238,6.131539250763254,57.909484622974254,-25.191574826865853,,,5.028811512414802,nan,,,0.9846737384796143,,None,59.46570062564183,-24.021595432162894,62.28630008138394,0.06937628984451294,-19.8792704097795,0.07591179013252258
Gaia,DR3,314290146055607936,15.881244945490492,32.453509121975095,15.976554870605469,2.190251350402832,4.763019404029767,16.45379038871185,77.28868525543216,-35.80787076788528,,,3.6871678654814364,nan,,,0.9682615399360657,,None,40.89525244493107,-12.125898797047665,44.47435999162058,0.044093962758779526,-13.072839379790452,0.03821084275841713
Gaia,DR3,314948478643191936,17.83354566234534,34.67097608522444,10.089683532714844,0.6697912216186523,4.746603535092894,14.821351538963478,67.54266931049959,-34.900703836596584,-31.660329818725586,2.013289451599121,3.791989857538759,nan,,,2.1535167694091797,,Gaia_DR3,42.628880890484,-12.173845084571015,43.40886572457047,0.04400651901960373,-15.887197178406558,0.03971674293279648
Gaia,DR3,298751126177224832,26.05124066540967,27.338282871069655,18.99343490600586,2.6492061614990234,2.670956504356092,9.463718575855305,61.5085733551702,-25.72360280150381,,,3.4049978413861153,nan,,,1.285839319229126,,None,39.943421617782676,-16.62211426282105,41.08690625780888,0.4907363951206207,-18.161018558135247,0.37035509943962097
Gaia,DR3,295837828385478656,23.236682515616998,26.887494029849098,12.319867134094238,0.9876432418823242,3.924933574641434,11.835229278997476,74.81287441140121,-27.963024805919744,-29.064729690551758,0.6162925958633423,3.3287687472730356,nan,,,1.071325659751892,,Gaia_DR3,38.58063018700895,-15.529133082947052,38.88714650297002,0.01648247428238392,-18.2662988789622,0.011091162450611591
Gaia,DR3,296560757280348544,21.074082582783713,27.678997081153327,19.72549057006836,2.6854400634765625,4.233572309514024,13.197751908633032,59.49876060867475,-30.092447570256823,,,3.8394097383842474,nan,,,0.963606059551239,,None,44.01072201443326,-16.820763226585328,44.474290168462844,0.5814300775527954,-20.215856235775604,0.34352755546569824
Gaia,DR3,293746213671721344,21.15493472076494,25.02289644702818,19.488080978393555,2.1854171752929688,3.7945587842952575,14.406789401739672,85.40008237787808,-29.028190390798443,,,3.3137623069559816,nan,,,0.9866999387741089,,None,38.002017698930445,-15.499758828517342,40.23448632754343,0.47240421175956726,-14.07051885209582,0.2736983299255371
Gaia,DR3,315275029300449152,22.28084072551893,30.373282564188255,10.771278381347656,0.7578763961791992,4.917529297552003,11.342545273434494,56.73130896010015,-30.044847184264313,-7.575254440307617,1.252399206161499,3.6439694440977837,nan,,,0.9121876955032349,,Gaia_DR3,42.036384157794274,-15.305789321680681,39.213686483280654,0.014925258234143257,-12.795322463026402,0.010846554301679134
Gaia,DR3,298385671704702976,26.473532510265127,26.238238031310626,17.572595596313477,2.903736114501953,3.37622431550067,9.818351804118821,71.0762728709772,-24.90665915682547,,,5.229094260778723,nan,,,0.9927774667739868,,None,61.43927789251606,-26.266858170357903,58.42139963577741,0.12590695917606354,-28.444920040535695,0.11258329451084137
Gaia,DR3,297319660821800576,28.113308739825356,25.273750190947556,18.08621597290039,2.9882354736328125,1.227415403916,9.44057839601895,43.176685165496394,-23.056657620419152,,,4.246574293158356,nan,,,0.9690585136413574,,None,50.17753211282145,-22.315425536443545,50.43927058933821,0.23992201685905457,-21.248246624040533,0.20568454265594482
Gaia,DR3,305109705000071680,29.388444142436686,34.008669929779686,14.316915512084961,1.4900827407836914,2.0174157401077286,5.319959447452462,44.39216386737289,-25.536891316213158,-8.160926818847656,3.105350971221924,3.4688993319944195,nan,,,1.0502883195877075,,Gaia_DR3,41.14470195426918,-15.966349534300912,40.464771111662614,0.024339068681001663,-17.27561832672975,0.027170823886990547
Gaia,DR3,315658075959475712,21.552501615928694,31.657392691072864,15.6007661819458,2.2395095825195312,4.961661034238185,11.742165944008038,70.59689856550784,-31.074131197896055,,,5.057642800105397,nan,,,1.6313155889511108,,None,58.12462848539748,-20.13143085193305,63.38356806521568,0.05566772073507309,-19.557796103939975,0.04413114860653877
Gaia,DR3,295799379838186624,24.697471392484854,27.527321860072917,17.11554718017578,2.6131553649902344,1.5656721048861622,10.389730721495308,46.82321715867536,-26.961860423786305,,,4.239082114113064,nan,,,1.110009789466858,,None,49.45580353020402,-20.076269232564208,50.30771916409502,0.1450648158788681,-21.186160012484645,0.09180789440870285
Gaia,DR3,317112008288680320,23.294991865889074,34.095121095909384,15.237622261047363,2.106743812561035,2.3801464570755266,10.279664554768956,51.55655220980347,-30.470404656184225,,,4.5002975892862915,nan,,,1.0064356327056885,,None,52.1731258704001,-17.52768813551644,53.303127142793464,0.028630878776311874,-19.482668847788815,0.026149606332182884
Gaia,DR3,299567062589520000,30.654699419071786,27.868827945279698,18.45404052734375,2.782632827758789,2.6466755536610456,5.991078784683203,26.819534396336476,-21.956385287289223,,,3.9113097161448778,nan,,,0.9337313175201416,,None,46.54427642788581,-20.63301734091023,46.13389456601702,0.20721732079982758,-18.48965201019073,0.2477513700723648
Gaia,DR3,302025059487915648,24.713832874365508,28.08455300069178,13.174661636352539,1.102884292602539,3.351721624027206,10.113201254701506,88.80354181412555,-27.164993962131778,-8.087279319763184,1.5571796894073486,3.079611028436877,nan,,,0.9452798366546631,,Gaia_DR3,35.931192267864766,-14.418815814842596,38.05601720953983,0.015108734369277954,-14.887870875545632,0.015019817277789116
Gaia,DR3,302293305965293312,25.171303075179953,29.702049248096277,16.21633529663086,2.579103469848633,3.55633045200805,9.113636392178195,41.322743603657614,-27.39670822840973,,,3.8558320030931985,nan,,,1.017541527748108,,None,45.07406106895276,-17.600368507707405,42.6320872512308,0.06910012662410736,-19.147377683397913,0.054571449756622314
Gaia,DR3,299597848914523264,31.10939416079644,28.118973638742958,17.362472534179688,2.842580795288086,4.202531672397858,5.5380232158896,67.61664171711871,-21.67030644790627,,,5.338772965307935,nan,,,1.0441614389419556,,None,63.59797607540558,-28.292721214777053,60.345829199633734,0.14564961194992065,-24.858387273279405,0.11360528320074081
Gaia,DR3,310395740294461824,20.68679230792827,31.65723838784941,18.206628799438477,2.777301788330078,3.9001505121075293,12.474253095479764,55.32802127546606,-31.773120140881243,,,4.250596731925363,nan,,,1.7460025548934937,,None,48.619954230414145,-16.532666575589175,52.06330795238204,0.3470126986503601,-15.935208293854014,0.2587452530860901
Gaia,DR3,298747003008553600,25.58252733491174,27.441612715601924,16.662416458129883,2.3201427459716797,2.045235666693292,9.75834483401856,49.49168388101092,-26.16866022040374,,,3.6620623118595628,nan,,,1.0110572576522827,,None,42.880318150218145,-17.67934724401298,42.07802148886737,0.07405953854322433,-16.31945330215204,0.07365718483924866
Gaia,DR3,326749876246266752,36.85561750839803,34.32308851773377,19.445924758911133,2.4040565490722656,2.9174144337410723,2.414156763427866,49.899628156062306,-19.558699003541367,,,3.3319089549896588,nan,,,0.973861575126648,,None,40.00360564267103,-18.163163654912974,40.49787080846537,0.5321477055549622,-20.15185368899181,0.4857238829135895
Gaia,DR3,319457605892323712,25.79299776559689,37.417803168968,18.182985305786133,2.6858863830566406,3.758736783315533,9.411049568731817,83.80127902793343,-29.575646866005137,,,3.113204486098415,nan,,,1.0837167501449585,,None,36.483894981354645,-11.906538979033904,38.63745088060666,0.167878657579422,-10.703420764637077,0.1467551440000534
Gaia,DR3,308730053192745600,19.746433499752744,28.600477663297713,17.257173538208008,2.9669055938720703,1.9673687165660712,13.953201997721896,82.35920301407296,-31.52395433396558,,,3.334795319899471,nan,,,0.9740623235702515,,None,37.939008516032885,-13.845224628617798,36.89999771171308,0.0928376242518425,-14.758108849597827,0.07285945117473602
Gaia,DR3,311143786158001024,13.38278392422564,28.913076091563966,17.71923828125,2.662477493286133,3.7191073950509588,19.196565296334576,85.25185432933125,-36.76493679343359,,,3.872944165998345,nan,,,0.933684229850769,,None,42.136724929977,-13.62198128650615,43.48194990672776,0.11299380660057068,-10.89973659222414,0.07464226335287094
Gaia,DR3,312057244097937536,13.725710034081846,29.897196125298276,16.515918731689453,2.337167739868164,4.75591791875472,18.66632541669917,80.91726248351732,-36.77790121516724,,,4.340683775252136,nan,,,0.9909583926200867,,None,47.3569697108173,-14.827759227905636,49.0494142334467,0.05861271917819977,-18.837134801543407,0.03817189484834671
Gaia,DR3,300869880788414976,30.215212160680487,30.28188205442322,18.983264923095703,3.1981754302978516,3.587776266925636,4.833952695888666,40.88967683750583,-23.363256105387766,,,4.635393773109079,nan,,,0.9490075707435608,,None,55.101290780131805,-23.31384984221615,53.4094192705591,0.265645295381546,-26.384536896668276,0.29020899534225464
Gaia,DR3,299707873092169856,31.35326067197375,28.554169531993107,15.854212760925293,2.222410202026367,0.2163326664621328,5.069876676580443,24.90506694641646,-21.649319795467175,,,4.177400783167113,nan,,,1.0458111763000488,,None,49.78999020710815,-22.093635449858883,49.96911550276243,0.04453686624765396,-22.158508293320317,0.044505808502435684
Gaia,DR3,321402057846827392,17.890819190152307,36.55529801847519,18.24542999267578,3.0116043090820312,3.113109113565498,15.037781394864675,65.31999643862021,-35.33945355837875,,,4.075716845710626,nan,,,0.9132822155952454,,None,45.83569501978398,-12.118265922237185,43.72726697965527,0.2683255076408386,-10.472352320722251,0.1492389291524887
Gaia,DR3,301524055848059648,30.732277785212506,31.53487244932369,19.562211990356445,3.3236446380615234,0.7773250620409373,4.012338031637333,48.680460172712124,-23.44532014653026,,,4.864104801761691,nan,,,1.026259422302246,,None,57.89313557392395,-24.207182048575255,58.24470718390289,0.4446408152580261,-24.922527609482277,0.5545768737792969
Gaia,DR3,302813821641936256,26.532716232141958,30.80638550224962,17.65804100036621,2.5532894134521484,2.7289923704466488,7.678117828350172,33.92784298637297,-26.6746501912081,,,3.938003899504492,nan,,,0.953956663608551,,None,46.27971487201208,-18.095188707024477,48.32214128217013,0.1213080957531929,-17.11482170456305,0.1119924858212471
Gaia,DR3,312126444610924672,13.20221711718603,30.185527811286427,11.72369384765625,0.9052448272705078,4.84154615841815,19.047379744839205,82.85461289750292,-37.266522607483076,-8.574612617492676,0.4786006510257721,4.410995910975239,nan,,,1.3361579179763794,,Gaia_DR3,47.91962967057704,-14.674928976758263,51.241291443181105,0.027464035898447037,-11.635985344147835,0.015013955533504486
Gaia,DR3,321768130794927744,19.35338933252329,37.052371897755606,15.330676078796387,2.019868850708008,3.3640821819659927,14.01374027055514,80.09996928885924,-34.36923527209868,11.709653854370117,9.541977882385254,5.2056376419125705,nan,,,0.9890093803405762,,Gaia_DR3,59.08412854624971,-16.045245741702097,59.723024631115464,0.057310763746500015,-19.681287816399536,0.0329970121383667
Gaia,DR3,329931244420738176,29.944378181368553,34.876830410971905,10.98020076751709,0.7742300033569336,4.548456349570928,5.239321271484211,28.502066343106225,-25.416645478295926,-15.941849708557129,0.5773952603340149,4.279532087555074,nan,,,0.8642899394035339,,Gaia_DR3,50.83577586653296,-19.627734886616004,49.72901197733454,0.018514811992645264,-15.676334127582846,0.015874329954385757
Gaia,DR3,329907059461015168,29.429582440374617,34.51151048544166,17.727659225463867,2.7231616973876953,4.252208482278232,5.462352931067527,29.04499934572413,-25.694126125326633,,,4.273234132714803,nan,,,1.025708794593811,,None,50.69072661304102,-19.48630925968873,47.03691997431568,0.1344069391489029,-20.636485635314692,0.14882849156856537
Gaia,DR3,307608070295941632,15.64539222770476,27.42639112479123,17.333065032958984,2.606128692626953,4.5831361038755976,17.75722336100283,84.07963678867903,-34.49597296074241,,,4.872638636076024,nan,,,0.9529783725738525,,None,53.95068130214555,-19.085732413496864,58.62680358448787,0.09793610125780106,-18.54049111923371,0.08059412240982056
Gaia,DR3,302926620367746304,24.11579756074615,29.36366290379444,11.152606010437012,0.8687210083007812,4.241716796474195,10.092170711855086,81.66795899586224,-28.156160290436873,6.438943862915039,0.4857563078403473,5.588109404538839,nan,,,3.0468294620513916,,Gaia_DR3,65.02908964654328,-25.109054101258998,68.93719125747657,0.05552792176604271,-28.222802913054856,0.04765898361802101
Gaia,DR3,334439040231893504,38.64132180650474,37.90286924773372,19.236448287963867,2.852069854736328,3.0702197325012937,6.252477458971732,82.09802586046769,-19.73401046080258,,,3.0535823740336405,nan,,,0.8994013071060181,,None,36.67590703548043,-16.528934060491146,38.5978004937402,0.4490375816822052,-16.98980569200603,0.33574339747428894
Gaia,DR3,314832304071510272,17.63410936078486,33.64541317474597,12.1400146484375,0.8288326263427734,3.5042277400793465,14.942147351277914,69.38073633018712,-34.77704104063099,24.222097396850586,1.433495044708252,3.7356782590653532,nan,,,1.1560779809951782,,Gaia_DR3,41.940594816620674,-12.402467193990296,44.69813310111216,0.014679264277219772,-12.294676325407861,0.013896699994802475
Gaia,DR3,304977591805956096,28.829780835213555,33.43334678075138,15.226424217224121,2.033596992492676,1.7781469180138134,5.6318491994160995,38.7405975537292,-25.773675432131206,52.85865020751953,6.1108198165893555,4.534688830909857,nan,,,0.9857771396636963,,Gaia_DR3,53.699882770406056,-20.82738812881648,52.01257145406981,0.039051469415426254,-21.033337657253178,0.041571229696273804
Gaia,DR3,305283256039009024,27.161799291755095,32.458493241340214,18.935962677001953,2.6617794036865234,4.0028807068475345,6.947012697358565,52.62492182091773,-26.774860394898653,,,3.4167258063354318,nan,,,1.225480556488037,,None,40.2442201865409,-15.375962835897386,38.32566823060271,0.38522303104400635,-17.528165054638738,0.39172807335853577
Gaia,DR3,138082064695704832,49.79367236325564,35.24947841728753,19.582622528076172,3.2283458709716797,3.048108780320779,12.340013235445284,83.6861437449464,-9.534498739636097,,,3.2267909173223965,nan,,,0.9823709726333618,,None,37.99908767509708,-22.394534301524732,37.268434999390394,0.4744841456413269,-24.334978154840606,0.32446107268333435
Gaia,DR3,138720713448624896,46.47442741370241,35.72230712480193,11.935176849365234,1.1155853271484375,3.311357938620603,9.824261437760637,74.10446472312589,-12.445006745101463,20.369041442871094,0.4433352053165436,5.333425398029899,nan,,,1.0633759498596191,,Gaia_DR3,63.431386939491006,-34.78965430245374,59.83090355562925,0.01654179021716118,-35.73724420184284,0.014143633656203747
Gaia,DR3,342382835649527168,28.169602713340986,36.611847356426075,19.481645584106445,2.830097198486328,2.850873394878975,7.376258691526315,72.05592971709815,-27.45992716856247,,,3.185535488164601,nan,,,0.9859562516212463,,None,37.647020606855214,-13.389066631289364,39.55456371098912,0.35935479402542114,-13.551938912177288,0.3793886601924896
Gaia,DR3,168471917550532096,59.90889004132777,30.905326317930893,14.760656356811523,1.9991283416748047,4.545111495354399,20.892130375518846,89.82098634307197,1.2478538106572552,8.800933837890625,2.413928270339966,4.178554423152594,nan,,,2.946915864944458,,Gaia_DR3,46.708239816724856,-33.913212857520286,49.28266971993652,0.08387745171785355,-30.846952471507535,0.050297100096940994
Gaia,DR3,307072157162066944,18.85934878558227,27.502397914301678,17.384872436523438,2.6082935333251953,1.7041124065687594,15.073736749247677,66.43217759718553,-31.87965301706408,,,3.9302835650574135,nan,,,0.9269492030143738,,None,44.474015604727256,-16.49658185404491,43.42516710813223,0.1261064112186432,-15.551348762155767,0.0854487270116806
Gaia,DR3,317450447416203648,22.323368671134354,35.05551235629136,19.320323944091797,2.9382762908935547,4.689514201204866,11.219320070422729,72.27750959246667,-31.536707387214022,,,3.3337781196794603,nan,,,1.0550702810287476,,None,38.46631989770901,-12.24778438727471,36.788000132330296,0.34139305353164673,-9.411362238374553,0.24410834908485413
Gaia,DR3,307373182829774592,15.550682761574445,26.0630288126119,16.95528793334961,2.771821975708008,2.96166177690277,18.355845253518687,79.25428203576084,-34.122330959602266,,,4.222323193541513,nan,,,1.0223259925842285,,None,46.7177262721852,-17.230924775134497,46.1707374924379,0.08608311414718628,-14.652097509574418,0.0592268705368042
Gaia,DR3,345747169432256896,28.99295212866596,41.12596813974821,16.78448486328125,2.256279945373535,3.872941092529871,10.245283057631502,68.3395321313786,-28.335708732461768,,,3.34190959154774,nan,,,0.9850928783416748,,None,39.59390369027044,-12.852898623414609,40.84825273293484,0.08060675859451294,-15.276000245846323,0.08352310210466385
Gaia,DR3,347360088567187072,26.664889601674066,40.56056654030724,9.366010665893555,0.5955419540405273,2.1516492135779437,10.867937501550221,66.92955868592445,-29.881801708999795,-3.173679828643799,0.2910386919975281,3.397963191028046,nan,,,1.5034525394439697,,Gaia_DR3,39.95244796545455,-12.208495047727277,41.38931541459119,0.025751225650310516,-11.65086172019019,0.01967741921544075
Gaia,DR3,319517602291650816,24.945989140480844,37.10307908358486,16.587799072265625,2.4688539505004883,3.0948140715304784,9.853852431546251,49.83287047241617,-30.12949880755673,,,4.488551927364489,nan,,,0.9995790719985962,,None,52.42136377308564,-16.851857676158417,50.67654126401777,0.0651809424161911,-14.500009643219638,0.04720387980341911
Gaia,DR3,317307618279043840,21.52935174050093,34.256425807931215,16.113191604614258,2.1214189529418945,1.2898952893587816,11.749262345490395,73.54570067664204,-31.915992979104004,,,3.343521707715461,nan,,,0.9917165040969849,,None,38.420485453472025,-12.29226564961785,37.517836303947085,0.04569527134299278,-12.40104493339486,0.03895073011517525
Gaia,DR3,327173055081041792,37.74399573176472,35.08658100595893,17.429546356201172,2.63970947265625,4.087269434718066,3.453444525953149,27.725826183574686,-19.179061131445415,,,4.387579454680066,nan,,,0.9622045755386353,,None,52.69457881737053,-24.14415424843344,54.24716520733371,0.12287794053554535,-27.591135148032503,0.12230674177408218
Gaia,DR3,308849139751130752,18.713011136233906,28.376224715389156,18.21067237854004,3.0070629119873047,4.392131135370379,14.884872999284013,84.42851136842619,-32.29987735668674,,,3.3616301330771576,nan,,,0.9109146595001221,,None,38.004591431191656,-13.717209858383324,35.02215716129389,0.1820540726184845,-12.826669480379401,0.15170449018478394
Gaia,DR3,311140698076850304,13.28620852666775,28.798876985482202,17.124813079833984,2.494654655456543,2.4460898977421346,19.30882981549121,83.23893244021698,-36.807782235744405,,,4.262432923561172,nan,,,0.9915198683738708,,None,46.33764789901349,-15.020115300521416,44.69978242635808,0.07750385999679565,-16.485877262026992,0.05911203846335411
Gaia,DR3,321941883696448128,19.22965889420631,37.71150603086934,19.294565200805664,2.7736988067626953,3.848944779856186,14.295052232812523,66.61296817964177,-34.62693285436203,,,4.550536033112584,nan,,,0.897847592830658,,None,51.60997680089384,-13.577374580148547,48.25611170722763,0.3095971941947937,-15.121582533297374,0.3330612778663635
Gaia,DR3,319481833803092224,24.57755477525474,36.67767102250711,13.113901138305664,1.5033836364746094,2.9804916998776427,9.942239870102213,83.01809013403847,-30.281825838025096,,,5.647638623604205,nan,,,4.41334867477417,,None,65.85502226394124,-21.216324788879938,64.02011426218405,0.04980461299419403,-24.253600071432583,0.03763531520962715
Gaia,DR3,329179079684414080,30.38690868220518,34.7610916858246,15.786943435668945,2.2413110733032227,3.0468115882104527,4.865665498183541,38.38072464308262,-25.015164537674522,,,4.5707529773235445,nan,,,1.063708782196045,,None,54.35621327113295,-21.25209083939875,56.34769913589914,0.0674702450633049,-23.40913370407032,0.06734968721866608
Gaia,DR3,321210850198524800,18.176149650188616,35.71176590446397,13.16905689239502,1.2137222290039062,2.337871326765271,14.662557399399939,64.00956966855055,-34.91235429149955,23.822708129882812,1.742780327796936,4.220319248819184,nan,,,2.1329243183135986,,Gaia_DR3,47.54994961774633,-13.148119539631377,48.65240902904494,0.03123287297785282,-11.384356129489063,0.02711791917681694
Gaia,DR3,330981037508186624,30.938810458309497,38.02889311780641,18.95526885986328,3.0022411346435547,3.779442487196325,6.828081700165978,74.10539606626942,-25.802876268091236,,,5.49434293434174,nan,,,0.9129494428634644,,None,65.42581350173035,-24.240151882503923,61.15206506291444,0.34915390610694885,-23.292341493829937,0.4316885471343994
Gaia,DR3,313064602907462656,17.358436082719045,30.849788005349637,11.020828247070312,0.6898670196533203,1.8784175387723225,15.406142745404065,69.42089386914184,-34.18767350931208,4.563284397125244,0.9784055352210999,3.826838101783868,nan,,,5.010392189025879,,Gaia_DR3,42.884971843589994,-13.953381696664803,41.59722896527989,0.11051639169454575,-14.752203188308842,0.0843876302242279
Gaia,DR3,313457850113246336,17.199677973127365,31.768747609067454,16.85820198059082,2.8265552520751953,4.100119147095845,15.408505100530919,76.32720614396007,-34.585567984116956,,,4.8613101451978125,nan,,,1.0731003284454346,,None,54.419227324631464,-17.08126798330093,57.77362749735307,0.07833569496870041,-14.550736561264536,0.06490851938724518
Gaia,DR3,320064020915037312,19.04453582098301,33.9381396312385,18.205432891845703,3.0505104064941406,2.1646210713281016,13.77795375410873,69.6367549042005,-33.76508196159527,,,4.7877085369603085,nan,,,0.8492807745933533,,None,54.23843135980801,-16.45767014079686,54.403871395560465,0.14099493622779846,-18.63614285903641,0.11439677327871323
Gaia,DR3,321385496452787328,18.201230915319176,36.40534831088329,17.08209991455078,2.9245967864990234,4.115348816527636,14.763414918806863,71.62977482802188,-35.06975142032844,,,4.731709527784045,nan,,,0.9372290372848511,,None,53.32035139508876,-14.332259932290231,53.31795381165468,0.12274888902902603,-10.227233458324937,0.07386407256126404
Gaia,DR3,315797782655675648,22.344341309666113,32.334265243834,15.222900390625,2.1890077590942383,3.9479754663863513,11.016240941812562,54.80346172843484,-30.657381299632267,-12.537359237670898,5.85465145111084,4.532156436001113,nan,,,0.9976577758789062,,Gaia_DR3,52.29916620388549,-18.07337190695759,53.15067229877596,0.02836468257009983,-21.74799478886905,0.026649536564946175
Gaia,DR3,322214601235221888,23.467251752194926,37.334887139042834,8.396001815795898,1.3729629516601562,4.630087544612381,11.01808455014828,48.58689611602552,-31.33371062086493,-23.788257598876953,0.12817776203155518,3.93812925038641,nan,,,1.094414472579956,,Gaia_DR3,45.69272729629761,-13.966369959454667,47.46950180470582,0.02251409739255905,-10.557773414851855,0.02138020470738411
Gaia,DR3,311882421749031168,12.623015821458734,28.900722128979965,17.30691909790039,2.5958251953125,4.56386950196769,19.840907462415263,86.90992044134721,-37.35820217754173,,,4.535474730813188,nan,,,0.9848165512084961,,None,49.034547659809576,-15.644582046370054,48.38611088813025,0.09283281862735748,-19.959757630332938,0.06993182748556137
Gaia,DR3,310363957536131840,20.824797836043764,31.182539715208957,18.56416130065918,2.962779998779297,1.3467768299077452,12.420782039325832,55.63438187573402,-31.507492851504082,,,4.295790083432044,nan,,,0.9187914133071899,,None,49.174660718103404,-17.007721315450013,48.75715171198613,0.22559447586536407,-18.153669203895856,0.17243075370788574
Gaia,DR3,363848669877563776,13.709960846092413,35.57165026723067,18.68544578552246,2.9493961334228516,3.326768302011341,18.253285465972436,78.83971059929928,-38.21038585056926,,,4.1434086467211415,nan,,,0.9973295331001282,,None,45.19897041942186,-10.898839170864319,48.09939106102853,0.19564974308013916,-10.721459290080174,0.13177970051765442
Gaia,DR3,332606910264792320,32.889046817582084,39.31229172086761,12.787153244018555,0.963475227355957,4.025272928940312,7.349402628743876,82.11457418517128,-24.775183625467687,44.71052551269531,2.872096538543701,3.076277241743543,nan,,,3.698467493057251,,Gaia_DR3,36.77495051156876,-13.985169270298314,39.302610050001945,0.059212688356637955,-14.637307274855335,0.059760622680187225
Gaia,DR3,333059737256471424,32.60130483970801,39.9650991404988,16.73600196838379,2.6212472915649414,4.491235062164257,8.038431586366054,40.992503578073375,-25.237182727102475,,,4.3844379415918375,nan,,,1.0638724565505981,,None,52.38690677218659,-19.500845843824113,54.43021499838882,0.0806916207075119,-23.114312839620332,0.0852346271276474
Gaia,DR3,314699954655171456,17.043238086786324,33.133686670188446,15.535185813903809,2.1639766693115234,3.7122177476035185,15.441115752078442,67.00492908143603,-35.093791382737884,,,4.096217284632403,nan,,,1.030700922012329,,None,45.805653046607105,-13.608587942660133,42.97821873797607,0.041881900280714035,-15.11902206229532,0.03409062698483467
Gaia,DR3,321653506707580800,20.783454918423352,37.40594903015045,16.205108642578125,2.2859020233154297,3.699024853000379,13.029696444892409,65.5636453311121,-33.38749707188994,,,4.711827380453989,nan,,,0.9485782384872437,,None,53.92473530619806,-15.126354130927702,55.23471234979126,0.055885426700115204,-18.5591409155954,0.04836972802877426
Gaia,DR3,322151963432235136,23.29013783567458,36.630400349330145,16.993860244750977,2.4809837341308594,4.484664809341906,10.88414141012631,47.98474811950499,-31.2610228003366,,,3.9397310142460054,nan,,,1.0124151706695557,,None,45.67328304130604,-14.206901884541832,45.15303093450278,0.07368135452270508,-17.89505978067033,0.0677768662571907
Gaia,DR3,323133307624146816,21.10838856930938,37.18886814023465,18.120332717895508,2.8869190216064453,4.662905029433193,12.715005952367196,59.70507545394001,-33.08427034785568,,,4.482318421773274,nan,,,1.033975601196289,,None,51.38992807335467,-14.685070977498091,52.10568464917672,0.15888404846191406,-10.337534540265823,0.12768465280532837
Gaia,DR3,332758604213072896,34.02270215758283,39.40767621150316,17.920732498168945,2.461515426635742,4.1187852276661925,7.245843746829805,72.46139828948071,-23.94390874913984,,,3.177378338225113,nan,,,0.9947908520698547,,None,38.049252933519746,-14.894656670187873,40.31632894481355,0.16618803143501282,-13.32250364314882,0.17072971165180206
Gaia,DR3,312527731995330560,13.59068538778313,30.641716951460545,17.993959426879883,2.777616500854492,4.80781296029575,18.629681269122468,86.83760125317909,-37.09001952899708,,,3.6860728239310805,nan,,,1.102323055267334,,None,40.17140167723982,-12.170675334847175,43.607762285853944,0.13330821692943573,-10.704776550208617,0.12007862329483032
Gaia,DR3,317030090376568064,21.934916326169258,33.4254918770213,17.009469985961914,2.5081892013549805,3.7640316971674834,11.353208583998857,49.956088648006876,-31.337742258820573,,,4.164316600202018,nan,,,0.9210115671157837,,None,47.95408834805599,-15.901636915124538,44.86295997876161,0.07567422837018967,-17.06944207876149,0.061418384313583374
Gaia,DR3,326647488520996736,36.4998641330613,34.003009546251384,16.72041130065918,2.3908815383911133,4.72572692629113,1.990195994698374,52.42665552239723,-19.70696785590456,,,3.2988934903569103,nan,,,1.1331549882888794,,None,39.59961617065085,-17.921425670217634,37.29277638435533,0.07938235998153687,-15.580634507239552,0.07744516432285309
Gaia,DR3,326781319703190144,37.001199287402414,34.641979513515516,16.65932846069336,,4.445438556456802,2.7499013355677415,13.48598624973912,-19.58324067093561,,,4.076877146840463,nan,,,0.9859737157821655,,None,48.9511505991663,-22.200930151267062,48.686647326475494,0.09538184851408005,-18.389479634240594,0.09593751281499863
Gaia,DR3,324412593698452480,34.7242257256435,31.067431569581593,15.969623565673828,2.131405830383301,4.121830926139769,1.3053810665141476,75.66980793108607,-19.871731883794624,,,3.058315406570118,nan,,,1.0440566539764404,,None,36.655423371462305,-16.657075028615882,38.66364393989244,0.0641535222530365,-14.916659324548341,0.0548909492790699
Gaia,DR3,333059737256472064,32.60035499711927,39.96398551153854,15.953901290893555,2.4059391021728516,4.032393728131374,8.037580822283036,41.69707836374175,-25.237492599737372,,,4.410487640941817,nan,,,1.0315303802490234,,None,52.6980688754136,-19.616603408456243,54.75146782981058,0.0549817830324173,-22.75351245710218,0.05662010237574577
Gaia,DR3,222460755970812544,52.957221735384216,36.52782245499003,13.93769359588623,1.4438600540161133,2.9349611888536495,15.096153617596029,75.73655047912835,-7.804234419683436,1.3354917764663696,1.6554924249649048,3.5601159466146743,nan,,,1.0035206079483032,,Gaia_DR3,41.396231867528684,-25.911461832585807,39.9943195440362,0.02311973087489605,-27.61045686773265,0.020210549235343933
Gaia,DR3,326100099233435520,34.686421392956895,33.82853699604408,16.216062545776367,2.481212615966797,4.223301116675623,1.6869308083918222,79.66024253082941,-21.12354494668838,,,5.808346926673065,nan,,,1.0302700996398926,,None,69.61290738514163,-30.399893941885068,71.2001196254907,0.06461527943611145,-25.47824488359288,0.06000439077615738
Gaia,DR3,320183219143040896,19.63231850455437,34.424885805881004,15.717179298400879,2.21498966217041,4.229937523121688,13.324547579977192,79.79275493275492,-33.44703952015878,,,5.263126955651533,nan,,,1.080816388130188,,None,59.836595969129036,-18.119204418358606,62.02466310138166,0.04636069014668465,-13.967277990997255,0.037518423050642014
Gaia,DR3,318008930603449472,25.165392210355158,34.981976825091905,18.07840347290039,2.9488449096679688,4.944125098069909,8.933417807547544,40.077834068793656,-29.276351114993076,,,4.173607194094366,nan,,,1.0086894035339355,,None,48.78761448041487,-16.74754777604874,44.46980768282584,0.15675880014896393,-17.276047908162674,0.12962669134140015
Gaia,DR3,318021991599573248,24.71468304609596,35.04031566864694,17.699857711791992,2.960865020751953,4.378563836431796,9.305289468413672,48.795421302022625,-29.65226697085499,,,4.518058162460064,nan,,,1.0078898668289185,,None,52.71438623800954,-17.863005024370796,48.77616949183628,0.22318902611732483,-19.235030069903928,0.11016499251127243
Gaia,DR3,318041675434302592,25.460715069034407,35.233702660815695,18.78337287902832,2.7733211517333984,3.5854956242994036,8.770643974042482,41.67716760173341,-29.12620157273471,,,4.3036705663642545,nan,,,1.0409327745437622,,None,50.36854175190987,-17.302205014913994,47.55526474816998,0.26349663734436035,-15.669030085272205,0.25505128502845764
Gaia,DR3,326105016972039040,34.66160692668255,33.95967731265404,14.659161567687988,2.0860824584960938,1.5978849938305157,1.8171897079067232,67.64108287029984,-21.200685987073673,15.116421699523926,3.6674492359161377,5.426089317730439,nan,,,1.1023149490356445,,Gaia_DR3,65.02970083603304,-28.32807493900936,63.5700522328031,0.03287079557776451,-29.428167336959262,0.029303105548024178
Gaia,DR3,326267809116532608,33.51291487328394,34.06225467948194,17.60303497314453,2.6504440307617188,3.0804225471659805,2.3980495196491454,29.745111990290297,-22.187859527152845,,,3.5817905002255954,nan,,,0.9976975917816162,,None,42.86087738556011,-18.18913537425225,44.65842240685072,0.11741279810667038,-16.713022110469957,0.1261347383260727
Gaia,DR3,326552037167967488,36.759017594717164,33.340234666572485,11.974634170532227,1.081315040588379,4.922470369026318,1.5919118111368198,72.89471197556708,-19.19271851909278,-16.566570281982422,9.614554405212402,5.588643689308693,nan,,,1.8272157907485962,,Gaia_DR3,67.09520184632461,-30.79411806814816,61.47190130453933,0.03156927227973938,-32.212281300644335,0.028623508289456367
Gaia,DR3,343560481321081344,27.32410759870433,38.27620318480672,18.334083557128906,2.837320327758789,4.262692515416611,8.918804781230483,41.656562387306465,-28.675150806993656,,,4.274888671503003,nan,,,1.0857514142990112,,None,50.380434125206946,-16.77971913748553,52.47159266419656,0.3581876754760742,-20.002160715057112,0.22223712503910065
Gaia,DR3,319663489444988416,25.725361252115125,37.85780768339082,18.933544158935547,3.3491287231445312,1.1970024018501715,9.686655878010201,42.384239337503566,-29.76577488187506,,,3.9984597832118807,nan,,,0.8994044661521912,,None,46.84582079934937,-15.06625574963225,47.850940107149604,0.21660755574703217,-15.154343381096691,0.20706085860729218
Gaia,DR3,234198832871684480,50.93041085642947,36.04207722759741,13.906381607055664,1.399942398071289,4.125701666280909,13.397976388932612,59.046628612585096,-9.09498549343342,-3.2735815048217773,3.3223893642425537,4.248751351115201,nan,,,1.079728603363037,,Gaia_DR3,49.824804484849956,-29.948961082305996,51.70316031615549,0.024194294586777687,-26.766655603996384,0.017886418849229813
Gaia,DR3,319572951534531584,24.264326518201464,37.32843215052973,18.925931930541992,3.1113929748535156,1.2273934440850536,10.440462052482259,63.91648317251043,-30.722265426355854,,,4.935142268661976,nan,,,1.0252189636230469,,None,57.46832455744719,-17.989819892369013,56.2766947388419,0.24478362500667572,-17.530879398759915,0.1913248598575592
Gaia,DR3,322729241395809280,24.48255078337342,38.18318707767533,15.939732551574707,,1.3830511788775803,10.691611696549819,89.01621513532798,-30.81128643142549,,,3.095781998540757,nan,,,1.1843576431274414,,None,36.08393774960712,-11.069258306848578,35.55387026154265,0.06227117404341698,-11.799828276119273,0.05201972275972366
Gaia,DR3,327320149119868800,38.315269935436866,36.03035875696987,17.350250244140625,2.5556602478027344,4.154748336660395,4.494871866913361,61.75411953777251,-19.14704406870058,,,3.232706633909368,nan,,,0.9641733765602112,,None,38.8274470660922,-17.79894305270727,41.63949861254814,0.10815412551164627,-18.12944658925658,0.09245751053094864
Gaia,DR3,322406569093332224,22.00065811643678,37.51882093485722,18.415767669677734,3.104999542236328,3.49186136564234,12.162913737484864,74.30139267017425,-32.50023825770678,,,5.157910879787451,nan,,,0.9701842069625854,,None,59.4159643690462,-17.25308330192648,60.79575820935028,0.25119704008102417,-13.715831224118586,0.16330286860466003
Gaia,DR3,319925276291545344,20.454280609496315,34.0116959220378,18.79241943359375,0.027286529541015625,3.6943049155037326,12.614815773761512,55.00425379106538,-32.686038604640444,,,4.115386567817508,nan,,,0.9728670120239258,,None,47.01179233686542,-14.753300519321689,49.78723549211173,0.2200624644756317,-13.150411009580353,0.18049144744873047
Gaia,DR3,317504052903388416,25.29478942666408,32.83181865292782,15.329593658447266,2.1659812927246094,4.916478708737213,8.521937416861402,59.353765351047095,-28.43686799033196,,,4.9351161521484235,nan,,,1.0607012510299683,,None,57.71992472899354,-21.003496024323105,59.84729258159811,0.03625946491956711,-16.35191617747353,0.040809083729982376
Gaia,DR3,373135145086032896,18.24119784183593,42.38548874687182,18.2038631439209,3.0484886169433594,4.456245002014526,16.936117349071004,73.84769717141164,-36.347330572132726,,,4.004149823742362,nan,,,0.9121683835983276,,None,45.13327691928237,-8.997531258129921,41.55403000678446,0.20468297600746155,-7.840595338931494,0.1694241613149643
Gaia,DR3,348418849544606592,22.900003662610956,42.60290000350754,15.943410873413086,2.0022449493408203,4.337139600666466,14.306128014158213,89.38790995029824,-33.14521085583143,,,3.246579691548044,nan,,,1.0964783430099487,,None,37.56728525673472,-9.242803197778244,37.30364368922635,0.057625818997621536,-6.286145472640334,0.046538256108760834
Gaia,DR3,320854367912535296,21.026645158275656,36.715256038306,16.285634994506836,2.5229263305664062,4.667076644970045,12.634255927796389,76.83141745729922,-33.01690586907344,,,5.211565103239551,nan,,,1.0912299156188965,,None,59.72408908955845,-17.323361447967166,54.625538849932646,0.060329221189022064,-16.779404526594128,0.04713840037584305
Gaia,DR3,331733794951117312,36.053904377704136,38.330731877750615,18.077211380004883,2.982433319091797,3.5936104153134387,6.109190214762019,84.17427173952683,-21.941510846005393,,,5.869950458700368,nan,,,0.9898011088371277,,None,70.44156271032497,-29.61638451087618,66.83356356940568,0.15250733494758606,-32.21584692155453,0.18161597847938538
Gaia,DR3,332726585233069696,33.43257547673399,39.032911749936,15.02219295501709,2.094302177429199,0.7563212058954385,6.9690685803305445,68.8299212065792,-24.252030747480276,-0.11788684129714966,6.347499370574951,5.317986646287137,nan,,,11.492029190063477,,Gaia_DR3,63.62900176405961,-24.69148513574971,63.80587183571596,0.2780105471611023,-23.862237267656816,0.2434868961572647
Gaia,DR3,328887636087818368,30.747564091356427,33.802958403928834,18.480194091796875,2.856372833251953,3.331744337913264,4.186618303523952,29.09118863043157,-24.348098782043863,,,4.379063925998218,nan,,,0.9020365476608276,,None,52.12200526027631,-20.926827534865556,53.470848278477746,0.17287881672382355,-18.16267023092059,0.18723690509796143
Gaia,DR3,327707653952928512,34.80208540853231,34.63892387357809,19.57018280029297,2.9196910858154297,4.685438800269333,2.441553968133264,52.93083005721461,-21.377973161101785,,,3.29819408330492,nan,,,0.9170671701431274,,None,39.53394743098304,-17.097954090327853,41.55265261287914,0.46144554018974304,-19.65485965284307,0.41466009616851807
Gaia,DR3,328953572425429376,32.085246936747886,34.24998061168682,18.538135528564453,0.06792259216308594,4.132721695686339,3.4090832863893312,29.74868121374904,-23.43359772028453,,,4.435927517280198,nan,,,0.9769923686981201,,None,52.95109248472504,-21.714962788370116,51.552915955875854,0.20795030891895294,-25.317842440699167,0.2420760989189148
Gaia,DR3,331288664542699392,34.394277591574486,37.64035903007138,12.613272666931152,1.0185575485229492,0.6576833088757781,5.454814515028482,26.661248581129396,-22.955586070493563,-18.798084259033203,1.594170331954956,4.189915553400056,nan,,,1.1412359476089478,,Gaia_DR3,50.19855824025204,-20.48325228398817,50.779010478945615,0.018483178690075874,-20.506462008198003,0.017578594386577606
Gaia,DR3,320709125002685824,20.40910970627657,35.86094343546223,17.848745346069336,2.676532745361328,1.1430893489099354,12.907054564404005,62.453336823504436,-33.25201041717436,,,3.6700285798373375,nan,,,1.082399845123291,,None,41.913532461928185,-12.313922688080005,42.21668788998357,0.157815620303154,-11.483120637494586,0.11491329222917557
Gaia,DR3,321652093662555648,20.696931883917784,37.36352034445714,17.12203025817871,2.366558074951172,4.270651789878832,13.081078141220278,73.8618703283475,-33.44131877034209,,,5.050056431224648,nan,,,1.0422310829162598,,None,57.76775412128436,-16.1855498245581,59.92112781495174,0.09437814354896545,-20.189806680951417,0.06802742183208466
Gaia,DR3,363225281144665600,15.595748881932844,35.442021038372374,15.921812057495117,1.7806482315063477,2.4561167509908084,16.712727723152454,86.61045048884014,-36.78518074728689,,,3.465325291607243,nan,,,3.2550952434539795,,None,38.35467875051641,-9.905194156326816,37.47528272849668,0.1547771394252777,-11.469168578290958,0.09461477398872375
Gaia,DR3,324799759230261888,34.04105177737273,32.49089254926803,16.812049865722656,2.222519874572754,4.245678626911098,1.1599907084508423,60.28520332315089,-21.078170380434372,,,3.2091565223860914,nan,,,1.0031511783599854,,None,38.43074861477218,-16.892798154078164,37.03400659177872,0.07707951217889786,-19.402619075412954,0.07317095249891281
Gaia,DR3,325433142352047360,32.98553161919096,32.14341567830018,18.907712936401367,1.6766796112060547,3.511849910512903,2.031814473983382,16.005861986772896,-21.8112796621454,,,3.7775480394947425,nan,,,1.0434446334838867,,None,45.16553667627705,-19.543223296127547,45.00472451318543,0.35916075110435486,-22.335240389739297,0.3274071514606476
Gaia,DR3,333383852668354560,39.65864368332253,36.807997839111266,14.574055671691895,1.4478778839111328,4.776498986864592,5.761859127552102,56.45733785949153,-18.430751919815137,,,3.3243431153509304,nan,,,1.2113405466079712,,None,39.91926574217067,-18.68041821118797,37.231263964663825,0.040487825870513916,-20.67533510419534,0.031626686453819275
Gaia,DR3,321284861074947840,17.806875862015186,36.157117539504426,17.914827346801758,2.7043418884277344,3.859839003415348,15.029928719812903,68.48228247999823,-35.30369419128605,,,3.7908162988827803,nan,,,1.0415226221084595,,None,42.60822165458361,-11.430455017867953,39.613023456736755,0.12295683473348618,-10.693366943746893,0.11204051226377487
Gaia,DR3,323240823541047680,21.055775091163344,38.068468734128736,15.815425872802734,2.1155471801757812,4.43044981654801,13.060860414150646,76.24341854129038,-33.35807635286009,,,3.379747487316594,nan,,,1.3881688117980957,,None,38.73779027020334,-10.687460456980077,35.58761325448962,0.05069025233387947,-10.889163596359069,0.04663956165313721
Gaia,DR3,324192549638646656,22.1996987721298,40.843593398472876,17.539100646972656,2.730712890625,2.7786224315355583,13.615020200074714,73.57579147457024,-33.22157631711989,,,4.978516975617308,nan,,,1.0087921619415283,,None,57.4079242499001,-14.775822402087968,56.915464681404266,0.11963114887475967,-17.65016482404401,0.08941585570573807
Gaia,DR3,324656650920016384,33.223784980276406,31.668237089164506,16.432104110717773,2.4124937057495117,1.3013923165038512,1.9212944551729085,9.75444915351079,-21.406503377942137,,,4.0559759043888866,nan,,,1.1036349534988403,,None,48.51337018339522,-21.24361271827122,48.880077597950056,0.07314722239971161,-20.193030548217823,0.062475476413965225
Gaia,DR3,342923662226678656,29.284824069593288,37.99808972349234,15.160191535949707,2.0523900985717773,4.573580262828542,7.609814309575398,41.31188011979256,-27.073133177568298,42.162353515625,8.402787208557129,4.445466802085806,nan,,,1.0688624382019043,,Gaia_DR3,52.712502477554885,-18.686836491694304,51.28312222056649,0.034177400171756744,-22.727597864402327,0.04369986057281494
Gaia,DR3,343277597595102592,29.34030911564183,38.97428056351452,18.093597412109375,2.7264270782470703,4.721220199793731,8.326445093048594,49.02862846587948,-27.366374996631265,,,3.5492851606052516,nan,,,0.9874797463417053,,None,42.09250628403518,-14.597802246914524,41.58916547558232,0.17362043261528015,-11.101311050869949,0.1971573680639267
Gaia,DR3,325448913471978752,32.768454320382965,32.20038428717942,18.18303680419922,2.9626903533935547,3.6463291496731975,2.2126870851874476,38.95908389205297,-22.01733009323367,,,3.4586354307189695,nan,,,1.0654085874557495,,None,41.337240253472736,-17.79401804734829,41.19855049909582,0.18985359370708466,-20.448991751877166,0.16725791990756989
Gaia,DR3,325678711401712896,31.84331250436271,32.42226580702633,18.464487075805664,3.2509403228759766,4.739532233937814,2.996306865979001,34.13856599382867,-22.883190475294985,,,4.550781789837907,nan,,,1.0105853080749512,,None,54.29603211051892,-22.86040629100175,58.097869299080614,0.23734483122825623,-25.35441629621459,0.2523553967475891
Gaia,DR3,328206767809529600,36.526508567838576,35.91727013394508,16.79587745666504,2.4892892837524414,1.162027459621477,3.791226102334093,28.957206948867704,-20.534786297235804,,,4.398741959740774,nan,,,0.9654977321624756,,None,52.802926136641744,-23.286647478295755,52.173198136356135,0.07209984213113785,-22.412261987798136,0.07020777463912964
Gaia,DR3,328401999842336640,37.44117754615185,37.32417496459154,17.08565902709961,2.395648956298828,3.968086145096782,5.351517899626266,52.06315360550773,-20.42219905322483,,,3.367352840062478,nan,,,0.9977348446846008,,None,40.438525206492734,-17.85437257593496,39.84073425549879,0.09684961289167404,-15.101702706493647,0.08517342060804367
Gaia,DR3,347348303176928128,26.667047482483774,40.55274116948372,14.598520278930664,1.6506242752075195,0.44372031710612,10.861085464595325,57.412767637625585,-29.877880245044928,-3.7390973567962646,4.938573837280273,3.5782136534312454,nan,,,1.7969030141830444,,Gaia_DR3,42.0721207902776,-12.86022508779138,42.406554838192335,0.03886297345161438,-12.873779607474031,0.029881734400987625
Gaia,DR3,334426602008088960,37.94413018774355,37.83774285320629,15.996343612670898,,1.8328398430555686,5.971049422229374,50.3820488229509,-20.25198610539401,,,4.826852287259417,nan,,,1.1422325372695923,,None,57.97235399516434,-25.717665571411125,57.319558011490386,0.10054859519004822,-23.970639987757107,0.061528872698545456
Gaia,DR3,342355867549808128,28.05545734382361,36.434208139046014,16.114181518554688,2.382040023803711,4.4489737584826194,7.355119319200245,71.24181022378514,-27.487800125166192,,,5.377076330814609,nan,,,1.4364193677902222,,None,63.52381639280077,-22.621579752008103,68.27756908828319,0.0799289122223854,-24.30522653112287,0.08183412253856659
Gaia,DR3,369571872713530496,17.692341071675706,37.77616499626545,17.22356605529785,2.685670852661133,4.01234860731306,15.47838978516247,75.25426557764922,-35.77761672783133,,,4.796622990710917,nan,,,1.0250358581542969,,None,53.87263728601917,-13.382212851423361,50.354790120761656,0.09608080983161926,-15.403489086651925,0.08935987949371338
Gaia,DR3,328055310081435264,34.40079899389681,36.218119363020335,17.18859100341797,2.56121826171875,3.6960503770951063,4.054240836239415,38.39322490078,-22.36809652892981,,,3.5089594035116285,nan,,,1.0803052186965942,,None,42.04049469149939,-17.57354844339654,41.565790758099816,0.12080447375774384,-20.266079373116508,0.11974053829908371
Gaia,DR3,326846293967313792,36.07165925752192,34.17263228808196,19.00078582763672,2.907756805419922,3.87276018657796,2.010767357741569,10.472284295204169,-20.134927605054415,,,4.068325812025968,nan,,,1.0361964702606201,,None,48.822034960412125,-21.846267557621072,51.35504155406112,0.34267863631248474,-23.994732975880112,0.37832871079444885
Gaia,DR3,334426602006340736,37.9440829548592,37.8379886927347,15.511301040649414,2.1472597122192383,1.6092082016160123,5.971264922232896,48.57023536700186,-20.25213154458365,,,4.777602002612464,nan,,,1.0758881568908691,,None,57.38083870259444,-25.455141455599367,57.45983407390967,0.048955921083688736,-23.836327120133838,0.04713169485330582
Gaia,DR3,347053904641064320,26.11042302538497,40.87121931806715,18.491430282592773,2.726591110229492,2.885949167297326,11.38217789187025,56.974387205473434,-30.381163284319683,,,3.6418686942973384,nan,,,1.0198031663894653,,None,42.73178801216416,-12.68928068604295,42.57449144733849,0.19010324776172638,-10.479205333220932,0.13223478198051453
Gaia,DR3,326405114926625408,33.770013066855235,34.914294315206,14.77917194366455,1.9782114028930664,3.4962900029437884,2.9875914867733706,24.434883862734775,-22.3346165510401,8.244206428527832,7.558099269866943,4.33595088088291,nan,,,4.036269187927246,,Gaia_DR3,51.90498716899779,-21.847990424708964,55.100775850643004,0.11939743161201477,-21.832569284107496,0.110760398209095
Gaia,DR3,55699717170642560,49.347531192076225,17.732838456841225,12.840614318847656,1.1253118515014648,2.9330870538445497,19.21626904784791,82.89839446225137,0.39552911548240655,21.27121353149414,2.105196952819824,4.141442849349687,nan,,,1.0957753658294678,,Gaia_DR3,48.84486165185678,-29.80092775308703,47.035289313651276,0.020432068035006523,-27.98904717124303,0.016366679221391678
Gaia,DR3,328966186745245824,31.94865899816062,34.27803144521357,17.60629653930664,2.580677032470703,4.652846107640849,3.517855985341437,22.10662347357327,-23.556408215905495,,,3.7461627762084895,nan,,,1.0125117301940918,,None,44.70544633198045,-18.269293867867393,44.17379584830733,0.11900939047336578,-21.90511535238493,0.12884096801280975
Gaia,DR3,329390697017524096,32.739227223752096,35.133606329031316,17.42720603942871,2.573667526245117,3.5138131952916103,3.6298968787462895,76.24455250815205,-23.260144579210348,,,3.0708034261619175,nan,,,1.0189179182052612,,None,36.70004703541071,-15.037383733336894,35.94309698605858,0.09867992997169495,-17.18243288871987,0.11101343482732773
Gaia,DR3,360341060281428736,11.414884930986952,30.557120924571148,10.689375877380371,0.7325706481933594,2.7841038098849373,20.48525768767672,89.19274365581016,-38.74101787002679,-11.339156150817871,0.32737720012664795,4.515958883867985,nan,,,0.9698082804679871,,Gaia_DR3,48.31451761871339,-14.021358633667486,50.59384055356727,0.015030539594590664,-15.374060278193923,0.010893107391893864
Gaia,DR3,343164249114653312,29.436437723670576,38.6152518025403,16.895498275756836,2.5017547607421875,2.4476357799824844,7.9987706492678745,55.54023998107453,-27.169956504229283,,,3.421616863465661,nan,,,0.9373844861984253,,None,40.58928949888097,-14.23870949723859,38.96443170104915,0.0936051532626152,-14.929254653056962,0.09860000759363174
Gaia,DR3,331002615422876160,30.655602174213158,38.28609500186123,18.634822845458984,2.9578819274902344,1.5844673956825845,7.165634088332554,75.62729973739896,-26.11543961565923,,,3.140371089091817,nan,,,0.8908814191818237,,None,37.370248288428286,-13.663449814707443,38.19157444591973,0.3154134154319763,-13.010974917291907,0.2918168008327484
Gaia,DR3,374583343633948544,15.994019797717138,41.73536351550218,13.474763870239258,1.3113460540771484,3.9019796377951153,18.099070590316106,79.32089294735191,-37.77628542331402,17.649185180664062,1.6834274530410767,4.432298255290406,nan,,,1.1039758920669556,,Gaia_DR3,49.19978605030451,-9.049939839028653,51.947665976272056,0.01612524688243866,-11.446140009225644,0.010645389556884766
Gaia,DR3,329753604574373504,32.247164240775255,35.87310585034289,17.468994140625,2.6691150665283203,4.67777855036167,4.461050736006889,19.58781396821136,-23.95190095358144,,,4.000470563412863,nan,,,0.9223588109016418,,None,47.767956057888945,-19.094383301235993,50.309977375521356,0.13607461750507355,-22.11113602580967,0.12001892924308777
Gaia,DR3,363280703401780864,16.523385666502314,35.47709080297148,16.566146850585938,2.498948097229004,3.1602831579452215,15.9645638366527,74.94371316701009,-36.09936909850464,,,3.6946022845321678,nan,,,1.0110365152359009,,None,41.16598666351526,-10.928542120607217,43.418384636947884,0.05625827983021736,-11.9211505738696,0.05553753301501274
Gaia,DR3,344346529056257152,26.911444313037514,40.433098489334974,17.155906677246094,2.6831560134887695,1.7990864310525843,10.647178594786359,82.16174561056657,-29.661190836369208,,,3.174534971418854,nan,,,0.9977108240127563,,None,37.35859081625255,-11.554450600319521,37.66629901570335,0.08455977588891983,-12.718457217583543,0.08553732186555862
Gaia,DR3,331820858232596352,35.333625673659434,38.872572612362596,18.78447151184082,2.855592727661133,1.5699048204236086,6.626655415511705,50.45821220937853,-22.72332397919066,,,3.434325148922322,nan,,,0.993902325630188,,None,41.18824908144679,-16.85146404114262,40.8651395780741,0.27072474360466003,-15.761762141847314,0.24216921627521515
Gaia,DR3,363269673926096256,15.982343651783117,35.4679209154143,17.623003005981445,2.9716053009033203,1.0475057781724357,16.401801979388754,80.40645159792888,-36.50256525904413,,,3.5840838975736404,nan,,,0.9946953654289246,,None,39.78101119352542,-10.387606970066493,39.23413210548024,0.10393939912319183,-10.959728762083824,0.11052911728620529
Gaia,DR3,330698364235930880,31.651929648779138,37.24883450081013,11.859856605529785,0.8834009170532227,4.628565718469372,5.866294802983706,41.93224115125247,-24.956049461740673,-8.313417434692383,0.8694419264793396,3.528644267524914,nan,,,1.2036750316619873,,Gaia_DR3,42.08424534091421,-16.144645561809718,43.21341219627137,0.019161514937877655,-19.397290732566454,0.019577573984861374
Gaia,DR3,371066143375844992,16.843581674156244,39.441049689346535,16.83086585998535,2.6304121017456055,4.030298618901473,16.61899006291266,71.97123227094873,-36.754133722918965,,,4.173350473949827,nan,,,1.0637516975402832,,None,46.60416024736716,-10.283444571683745,43.78438273999177,0.0692237913608551,-8.133676305052568,0.07175195962190628
Gaia,DR3,333690307174602880,39.367355217286665,37.28341454377282,17.461734771728516,2.6319618225097656,3.7971209364476035,6.005635374326756,28.724620828270982,-18.881418631254107,,,4.189159944114064,nan,,,1.015772819519043,,None,50.30888595086118,-23.24918683909534,51.650479145325534,0.11571518331766129,-20.17595358555953,0.13929776847362518
Gaia,DR3,343261349737392256,29.61557412192783,38.837277439787336,10.682439804077148,0.911280632019043,4.275019556459407,8.087264713266235,88.13117460629647,-27.109212457037533,1.1647096872329712,0.4510640799999237,5.939069459156251,nan,,,1.02333402633667,,Gaia_DR3,70.48742315254297,-24.720908924172043,67.79597009438761,0.01859830878674984,-29.347372814357875,0.020236177369952202
Gaia,DR3,369300877456280192,16.75921812503919,35.86484333615561,17.625391006469727,2.5690670013427734,3.0041670002499323,15.822002519796444,86.2447029223657,-36.017105487287246,,,3.3975017407370403,nan,,,1.064736247062683,,None,37.91802745501408,-9.965767796417342,35.95921946985385,0.17877952754497528,-9.07540700728193,0.11444288492202759
Gaia,DR3,370293869600538496,18.339680472156203,39.01152940884712,18.66576385498047,2.791055679321289,4.517252777141312,15.383018944494465,69.72465268679177,-35.586039369018636,,,3.8057497478925284,nan,,,1.0380432605743408,,None,42.92406031491534,-10.300666014571355,46.3330603244648,0.27018991112709045,-11.530774925693173,0.20596180856227875
Gaia,DR3,362697622936588928,14.932273853873689,33.97645115947581,19.274755477905273,3.276935577392578,2.995418513777745,17.188653096289073,74.49924799509748,-36.92918751523451,,,4.243854200366414,nan,,,1.0332657098770142,,None,46.73917096312469,-12.665593235652906,44.05955291080475,0.31332337856292725,-12.630908778531936,0.27039027214050293
Gaia,DR3,347569300717044480,26.88142351759906,41.67919428363015,19.00443458557129,3.1834373474121094,4.385876219781065,11.611293989029424,58.31059211465389,-30.051225870739696,,,4.597087018076646,nan,,,0.8559161424636841,,None,54.09368733244148,-16.083826581825925,51.58640297512072,0.27361205220222473,-19.51595060190608,0.20834723114967346
Gaia,DR3,369616093696992384,16.61813379134573,37.0446984777222,16.76348304748535,2.5620346069335938,3.4605227155134473,16.13465943080601,70.83254591523908,-36.39971745128773,,,3.951958102659149,nan,,,1.0170974731445312,,None,44.06274375204362,-10.906014752487799,42.2896198983598,0.06424974650144577,-13.179282812501336,0.06421780586242676
Gaia,DR3,371869332324407680,19.21734235330942,40.04047501596884,18.366125106811523,3.2152156829833984,1.543812074581382,15.169176216395796,85.9477014677033,-35.18195080121546,,,5.331321227617855,nan,,,1.044352412223816,,None,60.46073217497613,-14.302973088890838,58.72985426847183,0.17542846500873566,-14.18222801030251,0.22963349521160126
Gaia,DR3,347011302861257472,25.4373914987135,40.245888978175905,15.068878173828125,1.8563261032104492,3.038490667006678,11.314169030059867,50.088140795723014,-30.69714190518918,44.94359588623047,5.885011196136475,3.918259465008062,nan,,,1.1521403789520264,,Gaia_DR3,45.853526098756326,-13.577102732218613,48.30155921616639,0.032948415726423264,-14.130569423005454,0.027228308841586113
Gaia,DR3,372726440293664640,18.517744282089453,40.93447306867504,16.606367111206055,2.311491012573242,2.1368491230022086,16.045658656588493,81.25634099013715,-35.87093404637314,,,3.5233447938312588,nan,,,0.9901489615440369,,None,39.78391082964805,-8.724384498414533,39.694769255536904,0.06956455111503601,-7.139731212221161,0.05404406040906906
Gaia,DR3,376425506646861184,14.577365632615367,43.371839655496444,13.792818069458008,1.3673086166381836,4.90977793885765,19.760591881792422,89.45850216467419,-38.978123261006786,-12.194979667663574,2.057741641998291,4.783086086248758,nan,,,2.7900638580322266,,Gaia_DR3,52.534940329270796,-7.776875914176069,56.04425108836157,0.042798589915037155,-11.268805963547196,0.036472707986831665
Gaia,DR3,347907709780368640,23.83951334937414,40.38683032425821,17.63482093811035,2.7963428497314453,2.5907273391346006,12.341333883324776,55.708740683095996,-31.91192245183779,,,3.8412543850439254,nan,,,0.9141361713409424,,None,44.645265769785965,-12.439476665486481,45.25524958324983,0.11294456571340561,-14.446746093926802,0.09652116149663925
Gaia,DR3,370195360230206208,17.909847963854027,38.68676379701308,12.695036888122559,1.0750923156738281,3.3196183862238633,15.586821496707756,75.5120577309209,-35.82540136129233,-26.04632568359375,0.8985312581062317,3.623399174874756,nan,,,1.3364931344985962,,Gaia_DR3,40.753983120040566,-9.769763359944836,40.06379508958142,0.01940738409757614,-12.209711974872285,0.0168839730322361
Gaia,DR3,55402127476659840,49.46827826550597,17.010001682637753,16.944185256958008,2.868483543395996,3.78650861737421,19.85802622154049,86.11268877878244,0.9384806157853323,,,4.045484446567317,nan,,,1.08677077293396,,None,47.69364348782468,-29.133266388364902,45.039230479834735,0.09054684638977051,-27.29421632144262,0.07871447503566742
Gaia,DR3,112349889131413888,47.396171572000235,25.807022375168792,15.814624786376953,2.3336362838745117,3.9207102776560956,12.307398111835585,81.96569425024745,-6.119051661934993,,,3.2489122185603536,nan,,,1.0291997194290161,,None,38.547242564068085,-22.61490900001768,40.053409569216875,0.04936925694346428,-24.838045910968194,0.04082144796848297
Gaia,DR3,55597423934647424,49.12445770221762,17.129814759689395,17.847217559814453,3.0430355072021484,2.0680553063136746,19.564269711034587,87.28939012519173,0.5464155477550929,,,4.667967816337036,nan,,,1.0601112842559814,,None,55.09564305101583,-33.520570974133896,53.24411336356068,0.1505812257528305,-32.675949715280126,0.13637512922286987
Gaia,DR3,111644926080896512,47.37483451278463,24.448767406401828,18.950162887573242,3.4886035919189453,1.5888552026200837,13.105611460014641,72.45130158099926,-5.354238922705262,,,4.9906654786358535,nan,,,1.134582757949829,,None,59.21602286714272,-34.87265383733984,60.800807932345435,0.35215896368026733,-35.40437281917767,0.2995662987232208
Gaia,DR3,372108720916912000,19.74498188227088,41.73559690220206,15.893339157104492,2.050699234008789,2.0081049564932774,15.644758156552927,73.4143100683218,-35.17273388322539,,,3.699410872402864,nan,,,1.0819494724273682,,None,42.08677396745538,-9.36594379035633,43.43217104126262,0.050278663635253906,-8.564400303220316,0.0420038141310215
Gaia,DR3,369300877457051392,16.758799178820443,35.86555539287443,14.932636260986328,1.7185182571411133,2.751753209136105,15.822435947794926,88.82201541336188,-36.01759179360895,22.146461486816406,8.53264331817627,3.350285917197747,nan,,,1.068900227546692,,Gaia_DR3,37.390963610218726,-9.826794816732157,35.61505264987512,0.040207359939813614,-9.03730146368428,0.027951104566454887
Gaia,DR3,370124544810298496,18.860799002888427,39.01716575305782,18.831571578979492,2.7247180938720703,4.032311807703677,15.007807624233207,80.35048487321696,-35.208850447923595,,,3.447825601433219,nan,,,0.9623772501945496,,None,39.01500442564881,-9.552392882474278,36.2053923063537,0.20576758682727814,-8.718218258305438,0.1918862909078598
Gaia,DR3,112455236087506816,47.663257516144164,26.135028517037636,12.747294425964355,1.161452293395996,3.328466104038142,12.326890276366914,58.25521715359869,-6.072562717476363,23.764184951782227,2.8048903942108154,4.479581558370381,nan,,,1.0112775564193726,,Gaia_DR3,53.109128000911134,-31.25678619932881,53.91648964314681,0.018715884536504745,-34.29453428351218,0.016290757805109024
Gaia,DR3,115567541188717952,46.836260508750854,26.88343872819205,16.654699325561523,2.418458938598633,2.272481989741194,11.303437098507853,68.89502568580951,-7.228458851508108,,,3.391876298458894,nan,,,1.0016794204711914,,None,40.30346569076679,-23.345669865613555,40.60419374955378,0.09585471451282501,-21.748821419871305,0.07936032861471176
Gaia,DR3,370831015390783872,14.52181662842007,39.08504393969228,18.919164657592773,2.921051025390625,4.388314493083046,18.222939989365752,78.80296755672835,-38.33211813454748,,,4.10775668375841,nan,,,1.0040175914764404,,None,45.09809402746605,-9.157288795405535,48.578671764781426,0.21746797859668732,-10.682495245976845,0.16699256002902985
Gaia,DR3,60123258607552768,46.391330622199604,19.910763435778453,18.001733779907227,2.89154052734375,4.050210740996924,15.786258791564059,87.2226697293209,-3.6256133786992684,,,3.376478215111483,nan,,,1.005882740020752,,None,40.165232917875414,-23.586666803635744,39.49913566963703,0.193653866648674,-26.391582720089325,0.14508676528930664
Gaia,DR3,371216703453216768,17.160295156678423,40.262702193756354,17.466571807861328,2.5299720764160156,4.320379403902545,16.69289409273815,88.2713016756845,-36.69431974838014,,,3.4284645977294623,nan,,,1.075889229774475,,None,38.36918000464493,-8.202863577579425,40.0731049262338,0.09569603949785233,-10.819562620635335,0.09408029913902283
Gaia,DR3,59071811958503808,47.36709693077622,19.0078934695774,11.755532264709473,0.9493188858032227,2.20517871121286,17.059623591858156,78.60450076154982,-2.196491777186402,19.784141540527344,0.7637494802474976,3.7375129758093584,nan,,,1.0933513641357422,,Gaia_DR3,44.34786256070995,-26.396809814853626,45.03041703070912,0.01872324012219906,-27.994598369359196,0.015909219160676003
Gaia,DR3,61666594977500928,51.00427700358125,21.7191756268413,16.39766502380371,2.194167137145996,3.5802201998328043,17.41755211514952,80.94507530062536,-0.4792923432906129,,,3.707415505144785,nan,,,1.0444204807281494,,None,43.464153151325604,-27.10124204849327,43.63596408675478,0.0645461231470108,-24.308363263283923,0.053443748503923416
Gaia,DR3,376060086534650112,16.968120705598878,42.11474672507792,18.841747283935547,2.8591232299804688,3.0843166452233834,17.6218724649887,89.1818450117712,-37.173618411114425,,,3.4943350481370623,nan,,,1.0260323286056519,,None,39.05503379144683,-7.394023491410223,38.19474627637949,0.25498688220977783,-5.2911579438375185,0.1712198257446289
Gaia,DR3,373318492945385600,19.164338674672173,42.610967001104754,15.91628360748291,2.174933433532715,4.831840432628198,16.482130084590203,71.83445777106851,-35.75352203974552,,,4.010953748025794,nan,,,0.9814055562019348,,None,45.472187806575796,-9.386314782991688,41.52764024882829,0.03807266056537628,-8.322199433609033,0.03646185249090195
Gaia,DR3,372165238391212544,21.326412064258182,40.96435540030863,17.48492431640625,2.8796768188476562,4.736938359845811,14.229121626933697,66.12532567982741,-33.878867164222214,,,3.7413027904579295,nan,,,1.0157145261764526,,None,42.944809787125735,-10.618478267913751,39.43471455695387,0.12600097060203552,-9.338927201125703,0.09641344100236893
Gaia,DR3,122727973225151104,46.30315276075888,28.776580280712633,16.469440460205078,2.5572500228881836,2.2080657514404343,10.020754933827693,45.505055125684024,-8.762076573466896,,,4.2492729131545035,nan,,,1.0341956615447998,,None,50.558444275222165,-28.790649645289257,51.698186810703874,0.06886432319879532,-30.40722641920852,0.05913141369819641
Gaia,DR3,69292768971662080,53.84256860164413,25.309546288101025,19.04326629638672,3.1129703521728516,3.740414544881891,17.571109500400407,80.88112277944586,-0.17435875663448464,,,4.715888973712013,nan,,,0.9824938178062439,,None,54.60948087404635,-35.53958884565742,53.98741990934042,0.29649466276168823,-31.873430443619043,0.25027045607566833
Gaia,DR3,396356216486191104,22.649309010737483,42.46550735907577,17.00594139099121,2.4055862426757812,4.191840923850984,14.352441721747498,87.72354979785175,-33.28969573870416,,,3.274069579465027,nan,,,0.9173508882522583,,None,37.83889811201831,-9.264085232160182,35.62222143638302,0.07704510539770126,-11.123430465145834,0.07728233188390732
Gaia,DR3,30510696052244992,46.23284256647012,14.015108329516893,15.286423683166504,1.9785470962524414,0.6708567224920797,20.749919043510513,89.58872307304489,-0.3563348200758014,27.104455947875977,5.37438440322876,4.09386803991612,nan,,,1.011157751083374,,Gaia_DR3,48.71762551790451,-28.73577194871826,48.55776824774732,0.04357406869530678,-29.29223413019848,0.03152413293719292
Gaia,DR3,33981025332135296,46.04219930373569,15.80990494168984,18.484703063964844,2.9923439025878906,3.427560106769693,19.074362690981758,89.46165959032766,-1.5789580417131939,,,3.66246350954868,nan,,,1.0494908094406128,,None,43.603434255697934,-25.64689421205182,43.36103743264292,0.208446204662323,-23.011654206854388,0.1970950812101364
Gaia,DR3,69867538674935936,56.63054053951179,25.32385521699616,10.595325469970703,0.8055753707885742,4.978128302920409,19.822828833104104,85.76857838906437,2.2140232922806966,37.09767150878906,0.2724648714065552,4.387940599681544,nan,,,1.2001376152038574,,Gaia_DR3,50.071208294102675,-34.118142719917024,46.70241454945416,0.02174103446304798,-37.257590220506486,0.01400788500905037
Gaia,DR3,58052397177672192,53.768544453402676,20.310729069103395,15.990341186523438,2.085127830505371,4.008599137413588,20.29873314721693,87.42605021175731,2.8726710512332816,,,4.1492081552853,nan,,,1.0178712606430054,,None,48.06443103229075,-31.141819291310988,51.22368058919551,0.05528433248400688,-32.662768639925126,0.04251812770962715
Gaia,DR3,69112796957546752,52.227656669375044,24.930252338097713,16.388395309448242,2.1473007202148438,3.6077502956455447,16.472851845517482,83.39772964063897,-1.3461718049296083,,,3.51547825128708,nan,,,0.9730424880981445,,None,41.008580331869204,-26.007944939138184,38.46904408316115,0.061456188559532166,-25.17163668896724,0.052287861704826355
Gaia,DR3,111275322672420480,47.86452942236297,24.585325912030388,17.62925148010254,2.900287628173828,2.4628599516851284,13.369424163093894,65.02122014290552,-4.996318656514315,,,3.652113520551027,nan,,,1.0606567859649658,,None,43.27386838356566,-25.663500114811534,45.16929145016294,0.1688501238822937,-25.716408757470518,0.12604622542858124
Gaia,DR3,111999209343289088,46.47116747386767,25.530334298996664,18.89651107788086,3.3644676208496094,3.332362197846416,11.792782264374594,54.48790347614089,-6.7800018907105795,,,3.7834283211194304,nan,,,1.1239495277404785,,None,44.9973540463644,-26.046102153491237,42.39392301008368,0.3773926794528961,-25.511063538735392,0.33471596240997314
Gaia,DR3,167923398686145152,58.042316547111604,29.676850621456783,12.11793327331543,1.2199249267578125,3.8915920953752905,19.562402982198545,85.030640507871,0.5632316417964081,6.0311079025268555,0.4872875213623047,4.434490208173227,nan,,,1.2834995985031128,,Gaia_DR3,50.17754215524362,-35.15258782082833,51.98321083227083,0.02221759222447872,-31.994331677824256,0.014857679605484009
Gaia,DR3,60270004754892288,47.74992638322302,20.015270922902925,17.941631317138672,3.1876659393310547,4.956922926823897,16.49106463298965,89.33003689175703,-2.431830700232626,,,3.390975927555557,nan,,,1.0064462423324585,,None,40.192899376603194,-24.00997665121973,42.82989093833006,0.17263081669807434,-21.643033121158666,0.15227292478084564
Gaia,DR3,116702817007415168,45.65557588543725,28.448430224531766,18.15113067626953,3.388418197631836,3.3788228091410177,9.637972846448026,68.7416502374725,-9.13891073462259,,,3.307274213911109,nan,,,1.0547007322311401,,None,39.40925901305799,-22.23082097907239,40.68510291123134,0.24034802615642548,-24.211154893768967,0.24991469085216522
Gaia,DR3,71988874561360896,55.90687861669522,29.064672773342842,17.969209671020508,2.835237503051758,4.296676216297923,17.910602276854778,77.60705583445163,-0.7939153632725864,,,4.0744777352202535,nan,,,0.9749940633773804,,None,46.68341823097678,-31.451628390165695,43.01521885279865,0.18099352717399597,-31.045705766916402,0.15915079414844513
Gaia,DR3,110533049245124352,48.672892286585366,23.242843892248995,11.774850845336914,0.9284896850585938,4.639400045726035,14.789678330145595,64.98105439591873,-3.4872240329721773,72.7410888671875,0.6726547479629517,3.950288057823947,nan,,,2.645866870880127,,Gaia_DR3,46.69275742698952,-28.108997512958453,47.641187169906004,0.055717919021844864,-31.854285304843298,0.049816835671663284
Gaia,DR3,62060112763982848,49.244108153399196,21.876258468655056,18.997709274291992,2.968637466430664,2.2015592302755858,16.093113379897975,83.41470234855197,-2.1638365451281305,,,3.478331749274171,nan,,,0.9722368717193604,,None,41.038212647345226,-24.957277628400146,41.013317150014025,0.3376477360725403,-26.571417013210926,0.3164908289909363
Gaia,DR3,65076352333485312,55.85028947980778,23.30157552361927,15.516966819763184,2.2013940811157227,2.93586406402085,20.148124207976522,88.47971570400709,2.8352798511898496,,,3.936274878953797,nan,,,1.0170520544052124,,None,45.11394364729435,-30.27981247728162,43.00552245792177,0.043617796152830124,-31.500313677953933,0.028380051255226135
Gaia,DR3,115115053497618944,45.76366350184379,26.337166968048408,19.072223663330078,3.4046096801757812,4.8787355284778515,10.801657565258555,64.75861842061404,-7.863325398802411,,,4.93237511368102,nan,,,0.970451831817627,,None,58.75972607144404,-33.53140366971648,56.94373931219178,0.34142324328422546,-28.794704963932176,0.2751402258872986
Gaia,DR3,120139276177141632,55.12378696692169,29.93235031479622,10.592798233032227,0.8620767593383789,4.10094587916124,17.03781635895364,77.59490803325373,-1.9926390748675074,23.92789077758789,0.3953484892845154,4.622697819352123,nan,,,0.9049264788627625,,Gaia_DR3,53.18738425097511,-35.305650014352686,49.19559192330358,0.019588138908147812,-35.4978654943287,0.013064532540738583
Gaia,DR3,111053633640155392,50.24321158956987,24.2888539829071,11.083150863647461,0.7483453750610352,4.189659319342554,15.292858922665653,76.90039688644767,-2.7062915903703075,28.493310928344727,0.551730215549469,3.5518358663942275,nan,,,0.9362139701843262,,Gaia_DR3,41.759721581596885,-25.6938995546008,38.68756435242987,0.026735961437225342,-25.059077454877666,0.017708105966448784
Gaia,DR3,112391017738127104,46.991418314043756,25.92605338036465,10.587664604187012,0.9813137054443359,3.8315010687940303,11.939812226489478,55.562629239932974,-6.545122190602337,7.815472602844238,0.4005231261253357,3.7652092281095886,nan,,,1.2704112529754639,,Gaia_DR3,44.72150878958268,-26.060525377621037,46.910538426245836,0.026747778058052063,-23.94930919712029,0.021487833932042122
Gaia,DR3,112455167368030720,47.67596896274827,26.11865020700239,16.08409881591797,2.4007034301757812,3.0582225148564053,12.34532990059991,58.69150893309316,-6.051911820722659,,,4.498543495150612,nan,,,0.9874850511550903,,None,53.33201632595802,-31.39595019657087,53.933825087751885,0.05717869848012924,-34.233053534164895,0.051064133644104004
Gaia,DR3,121506892547145472,53.87419075030663,32.14639937282114,19.610946655273438,3.2206649780273438,2.5975962455300903,15.62824274696875,68.0062543610168,-4.400247551522965,,,4.03441020679051,nan,,,1.0748172998428345,,None,46.710924184301305,-30.183727130264646,48.71005354826802,0.5930607914924622,-31.124059884364975,0.439706414937973
Gaia,DR3,121951885518859776,46.89035495454845,28.451098219983738,19.611650466918945,2.969053268432617,2.3945458244398474,10.623054217358902,78.6642821653207,-8.071610833997452,,,3.2173425098957127,nan,,,0.9400414228439331,,None,38.22425441163619,-22.01907763647319,39.82137883275298,0.427530974149704,-22.313835413339635,0.3866339325904846
Gaia,DR3,122637912055313536,49.53952107874845,30.67402978960088,18.899744033813477,3.1711063385009766,3.3046625612747658,12.167913887243717,56.17848682972727,-7.092713070595805,,,3.7809709578069017,nan,,,0.936358630657196,,None,44.56437187119255,-26.662858453603288,45.592844676940985,0.3633629083633423,-24.23790662313473,0.26711761951446533
Gaia,DR3,69523086593291136,54.18938447976167,26.535448637338398,12.111774444580078,0.9259891510009766,4.627435433572467,17.32263722119552,77.82322986248192,-0.6416042003430746,13.475653648376465,1.0212721824645996,3.8274976725094976,nan,,,0.9837082028388977,,Gaia_DR3,44.24732288668616,-28.954691548982584,40.51751667405665,0.018944179639220238,-28.782868944070557,0.017149796709418297
Gaia,DR3,69851359534336128,56.723079304478574,25.224798290006873,12.231356620788574,0.9838161468505859,3.0209255984893475,19.940936572149408,86.8217773970889,2.3567600857464375,49.276493072509766,0.5825238227844238,4.003948886319656,nan,,,1.0046383142471313,,Gaia_DR3,45.66514520096342,-31.16060110990977,48.14918841843593,0.016301454976201057,-31.736292777643275,0.011623295955359936
Gaia,DR3,122368845239490688,50.14901766252271,30.222648657416748,16.479520797729492,2.6391515731811523,4.536190204061009,12.775734786219857,60.876309207582594,-6.316105448264221,,,4.532041922949021,nan,,,1.0976414680480957,,None,53.30244262119732,-32.29745316891137,49.29303574700925,0.09114855527877808,-33.942791397529014,0.0651724562048912
Gaia,DR3,70063462199542656,57.19744738164765,26.24145344880663,16.835065841674805,2.4815616607666016,3.139742694438944,19.915779924170682,86.12378187412457,2.1027379322503976,,,4.080573343937782,nan,,,0.998906135559082,,None,46.41021034621264,-31.95805623090715,45.54499889276812,0.09415718168020248,-34.51661138076617,0.05217057839035988
Gaia,DR3,70308206615249408,56.10922172066573,26.554386372971564,18.71822738647461,2.8437442779541016,2.401968851141195,18.895571110790307,87.73464473453262,0.9810372257845352,,,3.6958367781371506,nan,,,1.1070096492767334,,None,42.29783328541231,-28.595379409872443,44.16207285607917,0.2701287567615509,-28.43159052135818,0.20032277703285217
Gaia,DR3,35949945715152128,45.34549672621913,18.883533327122905,16.970386505126953,2.6177711486816406,3.164545064872189,16.082913688726407,74.17250327398668,-4.006460420633398,,,3.7436800879605414,nan,,,1.015812635421753,,None,44.63932118488291,-25.93550934699331,45.190841925020706,0.08432403206825256,-28.371327734473315,0.07715719193220139
Gaia,DR3,120579321345788928,52.09820833263558,29.43031335691013,17.366291046142578,2.7720680236816406,4.507839314773693,14.609025250288191,63.85604213532772,-4.2025089306798655,,,4.23146965580288,nan,,,0.8034802675247192,,None,49.38795199436487,-31.059340603941926,51.938184179676284,0.1324470341205597,-27.950319105079153,0.09401995688676834
Gaia,DR3,71353494279440128,54.16286837286352,27.90684624072154,12.208606719970703,0.9442377090454102,4.560189428989819,16.79486397209095,83.93939453541144,-1.522105970197996,14.318255424499512,0.9765226244926453,3.5357627011794674,nan,,,0.9766166806221008,,Gaia_DR3,40.88008378762035,-26.71977251098177,43.43003197513714,0.015322019346058369,-28.96728041639515,0.011587332934141159
Gaia,DR3,71582918549044736,55.70800051252839,27.81976052298824,10.701286315917969,0.8961477279663086,4.033761279201267,18.11273501954251,82.54864359634053,-0.1655432161505037,39.88866424560547,0.4534243643283844,3.7662775627986154,nan,,,0.9657793641090393,,Gaia_DR3,43.19905748486376,-29.009476110943126,41.25660440107409,0.019046735018491745,-31.555855552055565,0.01608670875430107
Gaia,DR3,125456273891231104,49.27609580081931,33.546807162492925,16.31835174560547,2.50992488861084,4.6477083143414015,11.728296489501489,72.30554574149744,-8.973407198410289,,,5.122342452898808,nan,,,1.0785751342773438,,None,60.42821141249592,-35.53904504025531,56.897430990109406,0.05603514239192009,-39.10581033382252,0.049402687698602676
Gaia,DR3,121946525399601408,47.39631344758807,28.854618036636317,19.02448844909668,3.408679962158203,0.8035821393513389,10.879336705358616,47.59931857593696,-7.864593194623472,,,3.9942713763109774,nan,,,1.004416584968567,,None,47.390657924210174,-27.489799363050018,47.63874134676162,0.3894740045070648,-26.86027618297885,0.3150608539581299
Gaia,DR3,71942042241267712,56.12486354049209,29.073333834692196,18.755739212036133,2.848957061767578,4.270989735990461,18.09204500935468,81.04777432414024,-0.6189516205457837,,,3.83579019427211,nan,,,1.0576907396316528,,None,43.89574401028827,-29.690259687799035,41.71062015127855,0.3031749725341797,-32.36471887969878,0.24134770035743713
Gaia,DR3,125012444853603712,49.69528321084042,31.875750081833417,19.023866653442383,3.344654083251953,1.5417975785391478,12.125697721226913,56.79415444745819,-7.6632885126396655,,,4.4409457026100005,nan,,,1.0381882190704346,,None,52.31506679881286,-31.24578839566339,53.66901675404897,0.3588607907295227,-31.746082675368385,0.2848336100578308
Gaia,DR3,59202589418210816,48.59308920546696,18.816671036743376,17.74560546875,2.777170181274414,2.536291663159774,17.92232012631421,86.58229808109733,-0.947480800230458,,,4.984541931779583,nan,,,1.0376032590866089,,None,58.93247590965913,-35.61914858947304,58.5668150386782,0.1626998335123062,-32.9792388110656,0.15610666573047638
Gaia,DR3,112295291505313024,48.42199356619558,26.348888215967193,13.64207649230957,1.5006799697875977,4.148142998136982,12.795078199503372,56.23904947150451,-5.529786320132003,22.614721298217773,2.528740167617798,3.9529141107357226,nan,,,4.072134017944336,,Gaia_DR3,46.76025635829694,-27.837956064673023,49.67375137171335,0.09088930487632751,-29.698160651023827,0.07091715186834335
Gaia,DR3,116807270612857600,45.789473957603505,29.180517233445496,18.632692337036133,2.858152389526367,3.940367199597182,9.45188196628461,46.761764467508684,-9.430058798726044,,,3.702666487778748,nan,,,1.0091439485549927,,None,44.107566530855756,-24.84559533610844,46.316520385422976,0.22041286528110504,-26.98578072936834,0.22193634510040283
Gaia,DR3,60087966861158144,45.715755175434396,19.898647610754736,12.530679702758789,1.0816802978515625,4.079216084768708,15.426361000628345,79.34091697983715,-4.244317373500551,20.09463119506836,1.5925263166427612,3.5069955499948233,nan,,,2.547393560409546,,Gaia_DR3,41.78355109712971,-24.331418969817243,40.087741212558825,0.05414561554789543,-21.83756498441988,0.05347295105457306
Gaia,DR3,61117938675201664,50.353899245002516,20.556266141718098,13.336824417114258,1.282200813293457,1.472915777477721,17.752781609946755,77.16413624221994,-0.3673203826093525,32.0416374206543,1.5777746438980103,4.323884526479725,nan,,,1.055554986000061,,Gaia_DR3,50.81626491005965,-31.407705747848773,50.069625897903656,0.019137367606163025,-30.29187543920857,0.015127778053283691
Gaia,DR3,111560267981009408,45.82536506567321,24.082892631410182,15.077306747436523,2.24661922454834,1.4455073395775524,12.29060473634103,88.3328796683532,-6.534101186349866,34.47412872314453,15.088468551635742,5.695463993492033,nan,,,1.0747750997543335,,Gaia_DR3,67.84103649529456,-39.09051293789065,68.94746202717765,0.043385814875364304,-40.42767640840925,0.031655408442020416
Gaia,DR3,117184235597876608,50.17537047872333,25.264351789169925,17.37350845336914,2.5055007934570312,1.9767701292000341,14.706916495660181,86.63757143723487,-3.3494102688784726,,,3.312544199307029,nan,,,0.9130082726478577,,None,38.955919120331814,-23.90751657549968,37.76871162454334,0.1541614830493927,-23.20318749006469,0.11782378703355789
Gaia,DR3,135738700474979712,46.69099246760337,32.29134113129531,15.68444538116455,,1.4336064478647383,9.556762807250466,66.93010724617316,-10.392061398334242,,,3.3289527030769395,nan,,,2.798016309738159,,None,39.570447303611544,-22.278604284065853,38.793418587498884,0.17683660984039307,-21.639537473426792,0.16843649744987488
Gaia,DR3,117579200790230272,51.01841213121934,26.735500457088804,16.392568588256836,3.142237663269043,3.0588660738386175,14.663405937421071,86.81468629158536,-3.4952454832305553,,,5.423035545673077,nan,,,1.4083918333053589,,None,63.573853050894876,-39.44971561759651,64.06816629097406,0.10074926912784576,-35.98783982460311,0.0899880975484848
Gaia,DR3,123986914038787712,50.48778948985728,31.23762088899874,17.386499404907227,2.971698760986328,3.008136492967022,12.873952469655048,56.12454029111844,-6.631843965741018,,,4.123809628695674,nan,,,1.0421333312988281,,None,48.44088195555225,-29.434884859828262,46.12208079370873,0.1635938435792923,-28.22580150938274,0.11071406304836273
Gaia,DR3,64300814382743552,54.60889132611802,21.61257779605223,18.05462646484375,2.8928756713867188,0.5510256967495284,20.11970335511718,89.59651392074083,2.8108303860478805,,,4.693854363907427,nan,,,1.0239142179489136,,None,54.14929329408225,-35.57832074116972,53.67499663964733,0.17589300870895386,-35.30936670826581,0.140290305018425
Gaia,DR3,121706595642104832,47.8985634992653,28.127691398006696,14.869424819946289,2.2284440994262695,1.6514338482673656,11.565811917947318,80.1170489917237,-7.01554698032379,24.440340042114258,6.2296671867370605,5.427772787481795,nan,,,6.686399459838867,,Gaia_DR3,64.30729573705689,-37.73277867670984,62.4903224131253,0.195276141166687,-37.213869917497334,0.18092387914657593
Gaia,DR3,120951398656720768,52.197133206389786,30.687619586293312,11.929973602294922,1.0651426315307617,3.844843481567837,14.410529302467188,83.06096668530851,-4.882857932045429,29.837783813476562,0.7903277277946472,5.288305820431885,nan,,,0.8101100921630859,,Gaia_DR3,61.696930622018975,-38.75876764195333,61.39507606562773,0.014735100790858269,-43.034464956988955,0.011538329534232616
Gaia,DR3,121126706337342208,52.821694127368595,30.64736049819682,17.562166213989258,2.9323387145996094,1.50532760505695,14.945963230222684,66.39020844176888,-4.340487923870768,,,4.366206944982616,nan,,,1.004584789276123,,None,50.80021419746703,-32.28638899823736,50.76122135449326,0.11684967577457428,-33.67140440694254,0.09931010007858276
Gaia,DR3,121775349478795392,48.96580727025367,28.397780241359545,17.057104110717773,2.654799461364746,4.361150395173332,12.328761581742448,60.93271679496573,-6.252016650922709,,,4.607639044577752,nan,,,1.1356552839279175,,None,54.41176927834577,-32.481702205636196,54.9688853324502,0.12303148955106735,-28.282351477025028,0.09718969464302063
Gaia,DR3,121769920640073344,48.37780415541747,28.45137502384842,12.206024169921875,1.2167434692382812,2.004468692465384,11.828522102714265,69.90479897308627,-6.7888618940066445,37.868690490722656,1.6220182180404663,5.023700890785783,nan,,,16.228742599487305,,Gaia_DR3,59.434970524937945,-35.118205688490924,60.79292108383948,0.2668839991092682,-36.749879585481736,0.21239513158798218
Gaia,DR3,123438051578201600,48.76347095812107,30.98836965287674,17.216270446777344,2.952983856201172,4.475872222648547,11.45558950705745,85.01551618422536,-7.925619118228643,,,5.624386351978683,nan,,,0.9709056615829468,,None,66.46170763014662,-39.15269664988463,62.33107556957685,0.13981319963932037,-42.48458579598919,0.1017351895570755
Gaia,DR3,135300884392429184,46.17318400780756,31.504556503765283,18.5153751373291,2.818462371826172,1.8699095797271432,9.188635143499695,64.74619318146154,-10.389912414347938,,,3.342960996010263,nan,,,0.9406113624572754,,None,39.787364021091726,-22.28308958330203,40.716300569791805,0.21169695258140564,-21.348411287950203,0.18937897682189941
Gaia,DR3,216325373712380928,57.2503066675947,31.036000804200864,12.69246768951416,1.344527244567871,2.253500331068036,18.62353951826005,83.8428678921386,-0.9651269189185467,-20.829669952392578,1.075377106666565,4.663056010741321,nan,,,0.937707245349884,,Gaia_DR3,53.018418470449056,-36.59023416138781,53.16237303949001,0.015719296410679817,-38.80078563381159,0.010635550133883953
Gaia,DR3,124398956020031744,50.364590003772165,32.39638718414191,11.03701114654541,0.952174186706543,2.6980789312751354,12.650505261655365,65.10139993536256,-7.415882526054807,,,3.5694326612209824,nan,,,3.132361650466919,,None,41.94795107563608,-25.323349035561954,43.96121900067932,0.07796871662139893,-25.061462738880387,0.053534090518951416
Gaia,DR3,124654867352755968,52.32900334800616,32.99940868281728,17.893598556518555,2.913675308227539,4.6339302926087935,14.276610332586285,77.23336182322664,-6.173625445625921,,,3.450458829043194,nan,,,1.0603302717208862,,None,40.232595159992904,-25.175418687482974,42.07581450823875,0.18448948860168457,-22.353356866037966,0.15282697975635529
Gaia,DR3,124326491333190272,50.87112957540632,32.04276855736762,14.843798637390137,1.741072654724121,4.6044886472952635,13.103729903767876,69.24599992287611,-6.791086063078684,40.711265563964844,4.954586982727051,3.5173918901638883,nan,,,1.0646512508392334,,Gaia_DR3,41.25762996366913,-25.181335411127122,43.716106164637324,0.034867070615291595,-22.812179701964247,0.026999326422810555
Gaia,DR3,71431289023845760,54.48453858338727,27.84013824482029,15.560916900634766,2.029092788696289,3.0803214781646187,17.0851266402287,81.63631414757516,-1.2085208659478441,,,3.634471314080349,nan,,,0.998996376991272,,None,41.95429918645367,-27.577140780007497,40.48582990985453,0.04895388334989548,-25.729541353059375,0.034413088113069534
Gaia,DR3,217734363503573504,54.908840845102446,33.10539809201902,15.999320983886719,2.1104440689086914,2.699267678751673,16.43402813271536,81.89047632011778,-4.165101281063841,,,3.548539217368087,nan,,,0.9827756285667419,,None,40.874030935895156,-26.8939935837539,40.948555149230216,0.06267614662647247,-24.876134259278714,0.04250185564160347
Gaia,DR3,124747118954061568,51.52493527538312,32.725154245955665,16.00008773803711,2.1834850311279297,1.8126530095035298,13.611014962074034,61.48192229285643,-6.661681115319061,,,3.8300058719280106,nan,,,1.1135332584381104,,None,44.80861734221939,-27.62885966062312,44.62169486393813,0.059425294399261475,-26.17730274270006,0.04876374453306198
Gaia,DR3,124841853049691904,51.98967898999231,33.03487420400696,15.347702026367188,2.021791458129883,3.2724409489722595,13.991281208634671,61.51597071133291,-6.469664855867978,-18.532108306884766,10.250004768371582,4.256186186380225,nan,,,1.2029542922973633,,Gaia_DR3,49.699196114344005,-30.890430801962932,46.766505532130495,0.0529332160949707,-31.033683612243316,0.037993110716342926
Gaia,DR3,111415785282239232,48.58723604529893,25.21548048145927,14.276375770568848,1.4245805740356445,2.998132890478731,13.528691882569902,68.58359435131665,-4.7220724922214075,42.39437484741211,5.078506946563721,3.5737260325099047,nan,,,0.9679633378982544,,Gaia_DR3,42.25310471984189,-25.297030474600255,42.44279400763499,0.028586342930793762,-23.046284247777667,0.024676857516169548
Gaia,DR3,135681594589975552,46.58986168530349,31.688049636531535,13.266890525817871,1.2420501708984375,4.918997625918006,9.518974337024982,43.03795866592995,-10.142088201742506,15.629796028137207,2.016542434692383,3.8590159191020525,nan,,,1.0342918634414673,,Gaia_DR3,45.88283750715737,-25.871093483730345,47.2439824051422,0.017734088003635406,-29.634188594907304,0.01622805744409561
Gaia,DR3,71857792159734784,55.447078889880686,28.586041539706173,16.12615203857422,2.7535457611083984,2.268578332821525,17.656897636883684,79.96157312376477,-0.8714256518855374,,,4.6327530367703815,nan,,,1.3968387842178345,,None,53.21213223970062,-35.562218865665145,51.1695810950132,0.10090316087007523,-36.420535388576965,0.06488379836082458
Gaia,DR3,137482182317915136,47.916338599857504,33.96254468962173,19.33089256286621,3.041074752807617,4.549880523640582,10.630814022434427,52.255019576703155,-10.314981156775486,,,4.479003127446991,nan,,,1.0491414070129395,,None,53.06369695766257,-30.311128232580742,53.1995408495263,0.3719463348388672,-34.605063008967896,0.3453601896762848
Gaia,DR3,137508566302015872,48.44255797175129,33.78575470983281,18.11275291442871,2.875509262084961,2.918618206583144,11.050258335311879,48.3678915971308,-9.787586225062867,,,4.112254826612309,nan,,,0.9280766844749451,,None,48.6420738434892,-28.105304908770997,49.30888633823554,0.17877879738807678,-25.664589999119457,0.16619230806827545
Gaia,DR3,108779530059542016,46.24153775736038,21.76083717242871,17.563371658325195,2.8126983642578125,4.250839737039436,14.248076000993112,61.97603995165341,-4.829761099711455,,,4.0576399025356755,nan,,,0.8995606303215027,,None,48.28550298935507,-28.18322075295897,45.41978880983001,0.12594927847385406,-25.945111684614677,0.10283980518579483
Gaia,DR3,109832999637659264,45.138643866884784,22.654640430815085,18.723554611206055,3.343229293823242,3.7599243154603075,12.906573357735262,59.35201132395572,-6.346132796738141,,,4.422103926542181,nan,,,0.8587324023246765,,None,52.75147449665806,-30.25001800225038,56.11189765912161,0.26264238357543945,-31.246623443649412,0.2743608355522156
Gaia,DR3,111641838001571712,47.493590841785526,24.42249627736842,15.289312362670898,2.270374298095703,0.8693209320155566,13.20606796683655,65.42174565233427,-5.232916003951727,27.619848251342773,4.921055793762207,4.679695565240829,nan,,,8.521310806274414,,Gaia_DR3,55.5080566646089,-32.749725065706784,54.707649846483534,0.36628592014312744,-33.0576879894843,0.2852412760257721
Gaia,DR3,125969470943103360,50.83658659735526,34.47905790316676,13.655437469482422,1.2892112731933594,2.3873307736583502,13.08471110444249,60.95727615203361,-8.255213020001822,17.69941520690918,2.899590015411377,3.7484883592409246,nan,,,1.0711146593093872,,Gaia_DR3,43.97413260380638,-26.56824228848142,45.52813924218083,0.019588375464081764,-27.637821212453794,0.01573236659169197
Gaia,DR3,118749764060924672,49.295962341745984,28.087293821709714,19.139657974243164,3.071247100830078,4.3525835557503285,12.714790837470819,78.47889509156713,-5.786400437038153,,,5.268438703201007,nan,,,1.0094064474105835,,None,62.14758136420705,-37.34583597905622,57.52056686324639,0.4005459249019623,-35.94591873380205,0.3661879301071167
Gaia,DR3,119214758696469120,50.77150752845723,28.88163580779441,14.507695198059082,1.6303443908691406,4.745466485950031,13.656696951331675,61.98739942488414,-4.993969871255805,26.714879989624023,5.030824661254883,3.813958928075738,nan,,,1.0911262035369873,,Gaia_DR3,44.75331291174523,-27.52665889545288,43.55572210074797,0.042980749160051346,-31.14929137389217,0.032061465084552765
Gaia,DR3,111643315470320000,47.508866378544546,24.4321796627353,18.293405532836914,3.220022201538086,1.8142015527397817,13.21077937078783,64.19718335313459,-5.224874356013767,,,4.621557302969278,nan,,,1.0045231580734253,,None,54.81612281734587,-32.34804062139962,53.164880211055426,0.23029865324497223,-31.71753526055681,0.1823018491268158
Gaia,DR3,115272425395251328,45.02895430908697,26.229697240066177,17.630876541137695,2.724699020385742,4.97066596687619,10.337767218072674,89.09355170529662,-8.452978626894694,,,3.083439310063412,nan,,,0.9809063076972961,,None,36.79067821471993,-20.763127092390857,38.21496097820321,0.11469228565692902,-23.663297429746827,0.09982897341251373
Gaia,DR3,111815973153880320,45.362744109075756,24.315626639248393,13.434420585632324,1.5398225784301758,2.3094561836183467,11.825699942988185,78.0774351325464,-7.081894535562784,-17.070755004882812,1.978960633277893,5.329961569608999,nan,,,1.1375324726104736,,Gaia_DR3,63.55168864149809,-36.340579707360035,66.09728380672863,0.027930306270718575,-35.83700210396716,0.022085631266236305
Gaia,DR3,115645155541244416,46.91990401473316,27.446987126141366,17.73158073425293,2.907024383544922,4.1525346806580865,11.088514045921698,65.66397600578003,-7.476057074893841,,,4.938180601014789,nan,,,1.0612616539001465,,None,58.664502402073424,-33.952375421627494,62.20551528273796,0.13789236545562744,-36.431967853460336,0.12043719738721848
Gaia,DR3,119838422307505536,53.09622901495591,29.033823160862493,15.740643501281738,2.249627113342285,3.371119309520464,15.5551068070749,77.8554594153688,-3.1208024903301395,,,4.913475015141254,nan,,,1.0173276662826538,,None,57.09674829893944,-36.57835312756096,58.9975203397145,0.05751429870724678,-33.649188793066365,0.03874608501791954
Gaia,DR3,120016367096870656,54.91299432205766,29.429307922556802,18.57720947265625,2.814149856567383,2.7865143963410834,16.97873505146978,75.36417546844082,-1.8495603978763775,,,3.8846883260644685,nan,,,1.001899242401123,,None,44.74502312441835,-29.601487228298435,42.905361375524635,0.23872005939483643,-30.951673933043654,0.19121211767196655
Gaia,DR3,118386448483555328,49.7305130125428,27.081551227718247,16.736652374267578,2.6901607513427734,4.684659784387571,13.479029823483096,65.2724644608635,-4.8183484651907715,,,4.629658515669715,nan,,,1.07576322555542,,None,54.53145541523722,-33.100346080003696,51.129569515824414,0.09195475280284882,-36.1550999656714,0.08241791278123856
Gaia,DR3,120759469453818752,51.31822112808364,29.51739393952603,15.48628044128418,2.33658504486084,2.932367103110297,13.931113582231772,69.48790278810328,-4.911898889313417,4.493378639221191,7.6356892585754395,4.75881371704287,nan,,,1.0094317197799683,,Gaia_DR3,55.721371188110446,-34.550500225093636,53.061441657973106,0.043941449373960495,-35.80699183476547,0.03482333943247795
Gaia,DR3,224102601711236096,55.31154905411718,37.86333874511653,12.333776473999023,0.9704532623291016,3.5777781642867756,17.21203157512401,74.88799518298352,-6.828131568889747,-2.840492010116577,0.5532765984535217,4.025253486343447,nan,,,0.9257064461708069,,Gaia_DR3,46.26765442608714,-30.308287048373725,49.05724116315924,0.013606124557554722,-29.110230326458574,0.011120347306132317
Gaia,DR3,137493138780305024,47.752778725021265,33.958471200049395,17.47872543334961,2.83099365234375,3.5852157316151874,10.495451661459642,45.86950545784644,-10.445709288698959,,,4.074069686737493,nan,,,0.967051088809967,,None,48.2891477343352,-27.494435638279327,45.59692439045956,0.11576874554157257,-28.98885257211618,0.10471625626087189
Gaia,DR3,222759204658219520,52.69455028290919,37.40715556008696,19.561481475830078,2.8743228912353516,1.7760406089512433,15.09081538487974,74.34628253045376,-8.533660894853623,,,3.5960356191185565,nan,,,1.1021475791931152,,None,41.86306781526906,-25.962439211437687,40.859847123373626,0.4648333489894867,-25.064501686709185,0.39523500204086304
Gaia,DR3,222867296098940800,53.32449816792493,37.808692526855694,17.94762420654297,2.8104515075683594,1.711146517423491,15.677328111578761,69.32331277031365,-8.294610604872863,,,3.9094768092023706,nan,,,1.0077561140060425,,None,45.38217635201085,-28.481706256514382,46.75200253130731,0.15463708341121674,-28.146458860002845,0.12664808332920074
Gaia,DR3,217922418648827008,56.379213051113915,33.59942486284627,19.2014217376709,3.0357666015625,0.7359892669668492,17.64554770562527,85.89976186111376,-3.3121157016658236,,,4.99442032389114,nan,,,1.046303629875183,,None,57.07336846673403,-38.62672296434246,56.89982009547951,0.3731093108654022,-39.381942869696864,0.25725728273391724
Gaia,DR3,219486916318850432,60.129823487141266,36.28857244419385,18.06233787536621,2.809734344482422,4.8288891561378895,20.786523826178417,89.83027198516858,-2.2025750951391716,,,4.437706534492725,nan,,,0.9499803781509399,,None,49.529499092653495,-36.08035786803054,46.628716599010716,0.17125625908374786,-32.6172422639345,0.12647701799869537
Gaia,DR3,216611972586472064,56.3739254717179,31.849741159550863,17.316791534423828,3.0828170776367188,2.966383889926055,17.76765455136903,76.98332857275612,-2.195396582324601,,,4.077415142641278,nan,,,0.9894600510597229,,None,46.59575092394028,-31.604639596308168,49.139880477015495,0.12987133860588074,-31.434906523292852,0.08376444876194
Gaia,DR3,219758770569089792,58.567183199767946,35.89688959726298,18.871440887451172,3.0297794342041016,4.388289574189095,19.499478729421206,83.98261464517873,-3.1141667791467103,,,4.227441599552597,nan,,,1.0667259693145752,,None,47.676733813428896,-33.62494415838474,51.55222151546958,0.32030370831489563,-34.149208278740865,0.2098361849784851
Gaia,DR3,168836916753245056,58.4342920850465,32.05055916813255,17.851896286010742,3.2562484741210938,2.4868788903393475,19.479774953475484,84.70324502551442,-0.6829811287558116,,,4.433740353325752,nan,,,1.0204434394836426,,None,50.04570569972735,-35.32021614841143,51.36096412165739,0.16073478758335114,-33.40369237812041,0.11128053814172745
Gaia,DR3,217420147990826752,55.01932079460268,32.528622128181325,18.995540618896484,3.0188140869140625,3.9307257111681326,16.560302219653707,72.01756313826598,-3.7144814024415105,,,4.0353468832404875,nan,,,1.0256977081298828,,None,46.454780980181354,-30.66577835028128,43.51913379530268,0.30778056383132935,-29.064774813491027,0.247713103890419
Gaia,DR3,218598755737639808,59.76969856622724,34.118978733761445,18.36330795288086,2.5982284545898438,1.6077335478485517,20.44674671231421,88.49860685544944,-1.0175461701820616,,,4.437034376935318,nan,,,1.1463686227798462,,None,49.64477239032134,-35.95227017544436,51.13866129659225,0.3630264103412628,-35.77965880396951,0.20895346999168396
Gaia,DR3,222438624003605888,53.19463563909099,36.220599038530665,16.989938735961914,2.4485397338867188,3.0727727225426715,15.227320822188304,75.4347688589582,-7.434954959888127,,,4.845602322548463,nan,,,0.9826074838638306,,None,56.28267605993502,-35.44771906005871,54.41076273214601,0.11330515146255493,-32.928141246438514,0.09278977662324905
Gaia,DR3,222323145219132544,51.701346366431885,36.5631505309069,11.135697364807129,0.8706197738647461,4.875202957480151,14.117335036418712,85.2068961592797,-8.79861571569269,25.34587287902832,0.6944442987442017,5.409000340775041,nan,,,1.1129708290100098,,Gaia_DR3,63.23628267691787,-38.53912569229634,58.75823394863418,0.029813041910529137,-41.833086639427876,0.023617051541805267
Gaia,DR3,222507966251784960,54.108955259221666,36.55787363342748,16.868837356567383,2.8156251907348633,3.4983468644379254,16.01088786667707,76.45643021433044,-6.934681383581832,,,4.767908501185448,nan,,,1.0006767511367798,,None,55.14058333938633,-35.35999597800897,52.367183360262075,0.09821435809135437,-33.1984224623058,0.07353093475103378
Gaia,DR3,222890974254988416,53.12717415032457,38.15943221307637,14.770392417907715,2.265486717224121,4.296223351157131,15.625369648018612,84.16099337256178,-8.654949693542006,-9.721660614013672,9.565897941589355,5.197977957584235,nan,,,1.0476325750350952,,Gaia_DR3,60.39426203911104,-37.683984477993015,55.76023567332143,0.03091338276863098,-38.51382070878822,0.026973016560077667
Gaia,DR3,223143140376083072,56.68866372694342,37.00382387746961,12.841160774230957,1.1513805389404297,1.4151350608656459,18.12229436272584,79.15714203830525,-5.249966776394906,16.086719512939453,1.0171003341674805,4.40138347697244,nan,,,0.9342143535614014,,Gaia_DR3,50.20784586336081,-33.960857021161544,50.347358502131456,0.01624341681599617,-32.6552484077649,0.012551250867545605
Gaia,DR3,221395088686878976,55.66881400818295,35.36192220345015,17.715660095214844,3.0026473999023438,4.399403570597726,17.109744905821486,84.41987305673378,-4.9869977535350865,,,3.558076142563099,nan,,,1.0939518213272095,,None,40.81965812710863,-27.13625538170891,38.8172040057444,0.13196639716625214,-29.75913470213571,0.10803166776895523
Gaia,DR3,221884779380846976,51.91999042319294,34.93195244401228,19.086973190307617,2.755645751953125,4.655848032248249,14.017431869523858,77.6744677869735,-7.660282677747398,,,3.4215905323676763,nan,,,0.9994803071022034,,None,39.96535434867192,-24.63709805794155,37.36262388362547,0.3194054365158081,-26.759338135583413,0.2592063546180725
Gaia,DR3,217853797954774272,54.89011592693998,33.97207912718365,18.967689514160156,3.3460845947265625,1.6530279961125398,16.405285901556184,88.09832641158893,-4.722859067917636,,,3.4080030981220406,nan,,,0.9768271446228027,,None,39.25904701866888,-25.773469334987016,39.757380699778764,0.36269864439964294,-26.85146089641449,0.23292335867881775
Gaia,DR3,216530402566513792,55.040453957305594,31.200550513067917,18.843109130859375,3.0898818969726562,3.0338953813538287,16.729495959567043,73.00035311228977,-2.8613287903299662,,,4.3147344761242,nan,,,1.0404188632965088,,None,49.665626615160974,-32.86796788744763,50.759661077980454,0.31114688515663147,-30.334496865910303,0.21211282908916473
Gaia,DR3,220471975658013440,58.0027583081395,37.0142959489936,18.60822296142578,2.954679489135742,2.361733342223967,19.16216799415464,84.39391331964299,-4.2701633119735405,,,3.9209414063583043,nan,,,1.0071672201156616,,None,44.37748220404716,-30.868173712819672,45.25891723320085,0.2501319944858551,-32.609997546664445,0.16000381112098694
Gaia,DR3,223573186861471744,57.625253323411535,37.90925387938885,12.368467330932617,1.0551080703735352,4.2913103751995605,19.00872024489942,83.38032838564291,-5.131789540023218,47.61735153198242,1.4479756355285645,4.49495606373397,nan,,,0.9519793391227722,,Gaia_DR3,50.992175446419566,-35.113439158608664,53.65362019996329,0.01635397970676422,-32.039018714009984,0.012911593541502953
Gaia,DR3,229968491946511616,58.429479376125926,39.629942648055014,19.1225643157959,2.8800487518310547,3.313140649131472,19.99533760423886,87.33054552542185,-5.661496968903338,,,3.9770653888386533,nan,,,0.974736213684082,,None,44.892372584256016,-31.32744773986554,42.83552625408288,0.3851706087589264,-33.19434492982869,0.2626824676990509
Gaia,DR3,234867743961928832,52.33566991111069,38.33422525799363,18.06292152404785,-0.154144287109375,2.8915603088108583,15.086690513450494,68.57217318759814,-9.35764951070357,,,3.798446300674309,nan,,,1.0207374095916748,,None,44.2888799804041,-27.137638801932077,46.44955544791276,0.21979013085365295,-27.969892200209408,0.16589705646038055
