Catalog,Type,GaiaDR3,RA,DEC,Gmag,Bp-Rp,Voff(km/s),Sep(deg),3D(pc),Vr(pred),Vr(obs),Vrerr,Plx(mas),SpT,FnuvJ,W1-W3,RUWE,XCrate,RVsrc,PMRApred,PMDecpred,PMRA,PMRAerr,PMDec,PMDecerr
Gaia,DR3,3593027807129445504,173.64957088643115,-6.627127350994079,15.13301944732666,1.5353374481201172,3.6838942721845824,6.783866288359254,64.55340359153531,-19.505499918496035,7.247048854827881,5.18732213973999,2.3532510503254516,nan,,,1.1990705728530884,,Gaia_DR3,-1.1571228557334958,-0.2747077850893453,0.35583689767766585,0.04565342143177986,-1.2998188570495912,0.03274582326412201
Gaia,DR3,3588804857846163584,175.73983215125637,-8.48475866045005,17.3973445892334,2.3477554321289062,1.8768763527342034,9.236268415398383,63.30695065062488,-19.54860567645374,,,2.547253474551348,nan,,,0.9727568030357361,,None,-0.8706986399843044,-0.6426706495521112,-1.806424250853601,0.1107802540063858,-1.017095985432735,0.06395675987005234
Gaia,DR3,3591540064817979904,171.811941522414,-7.704583228261549,10.87120246887207,0.626582145690918,4.6485488791466425,7.642698021330472,61.20081443393242,-19.407666206191905,-2.9236371517181396,0.43017247319221497,2.425778042303475,nan,,,0.8232980966567993,,Gaia_DR3,-1.5111530625043819,-0.46499906938456836,-0.02657456256822997,0.018318505957722664,1.3915977250319327,0.015409469604492188
Gaia,DR3,3589988821414557056,173.20215241218582,-10.157971516862167,19.49655532836914,2.4524078369140625,2.790970034255234,10.173671118482687,67.90887489500747,-19.41589383355663,,,2.6043823989653743,nan,,,1.0629982948303223,,None,-1.3639641482983422,-0.9615912902237398,0.11499517418366415,0.5233038067817688,-1.3624690450745838,0.293977826833725
Gaia,DR3,3591071668568670336,171.73358801242352,-9.289332536471983,18.158157348632812,2.711740493774414,2.1958617880726745,9.228633722189763,62.68126982146754,-19.37110892710986,,,2.5630968314369906,nan,,,1.1097605228424072,,None,-1.6110056924104867,-0.7809811953381374,-2.787261809667849,0.172958642244339,-0.9364230861458798,0.11541639268398285
Gaia,DR3,3590879808085514624,169.1358832039565,-9.403164803189087,15.247836112976074,1.928105354309082,3.344738331557975,9.74670055164049,65.47774946352345,-19.2153552131444,-16.422636032104492,6.674381256103516,2.585511521576035,nan,,,0.9706167578697205,,Gaia_DR3,-2.1017563887511503,-0.7949943584381219,-0.7178784696245493,0.035766031593084335,0.39177180112538157,0.02421245537698269
Gaia,DR3,3592319648625855744,175.87936886228405,-7.296091068422791,12.11400318145752,0.6777143478393555,0.8997113644974031,8.234283620361163,66.47755690065641,-19.573066829014856,-6.9355974197387695,0.6733236908912659,2.407670719252244,nan,,,1.405059814453125,,Gaia_DR3,-0.7988505554019792,-0.40160688051482046,-0.43689294406401696,0.02536807209253311,-0.12317604387085648,0.01600908488035202
Gaia,DR3,3593133287230671488,171.9263503321551,-6.912444297362621,17.32161521911621,2.6623172760009766,4.269586871727944,6.849599574852799,47.326748528513136,-19.424189865519953,,,2.7353614350576967,nan,,,1.0103999376296997,,None,-1.68170639529147,-0.36987846793489854,-2.3078823958478303,0.11663711071014404,2.0111831935489524,0.08410800993442535
Gaia,DR3,3593819691723786496,174.19904873680034,-5.230994624304241,13.214160919189453,0.9771242141723633,0.9962024239020448,5.641567477658797,54.45280632468777,-19.534563030891295,-21.5846004486084,2.75080943107605,2.9408127678304767,nan,,,1.0262130498886108,,Gaia_DR3,-1.3303188791869702,-0.049584040137094165,-1.9179036474398858,0.018150651827454567,0.14060567230495338,0.012104416266083717
Gaia,DR3,3589873991168695424,171.42076698942114,-10.1907638806245,18.837194442749023,2.6754817962646484,4.848156880542264,10.140755837973035,67.97095730522321,-19.329692465574627,,,2.5909119946934553,nan,,,1.055037260055542,,None,-1.686205892796388,-0.9543205962075292,-4.265642852455168,0.2902411222457886,-1.5530648380322678,0.22788195312023163
Gaia,DR3,3592803747275808640,173.23576354679403,-7.71512592684203,18.64284324645996,2.7199268341064453,3.4235517654436056,7.761603007132505,60.81981497844209,-19.474291026652907,,,2.894012899328013,nan,,,0.9787859916687012,,None,-1.5086938881101202,-0.562459556887122,-2.902436916096678,0.2332804948091507,-2.1180943005559776,0.1842430979013443
Gaia,DR3,3592059206105016064,174.56523385807887,-8.005408212770226,16.529985427856445,2.067507743835449,4.586991003021153,8.364445978058896,57.20202918653223,-19.520974908346545,,,2.7518718979178147,nan,,,1.028535008430481,,None,-1.1726235868890453,-0.5963148937555772,-0.4130923638264472,0.07651299983263016,1.954001948835869,0.04839053377509117
Gaia,DR3,3592762171992364800,173.17300426082647,-8.049620286295632,19.283702850341797,2.798715591430664,3.476272707536036,8.08172634245808,53.70400128575355,-19.465888679610018,,,2.670035182665627,nan,,,1.0166347026824951,,None,-1.403912225324035,-0.5827411088470655,-2.1313320258365396,0.41503119468688965,1.2337109422046322,0.25715169310569763
Gaia,DR3,3592578931507530112,175.08561544033617,-6.946541226202734,16.942495346069336,2.2591114044189453,4.825928846084669,7.567752427348353,64.44087088906385,-19.554038551904103,,,2.3898893528504384,nan,,,1.0773485898971558,,None,-0.9291678910383065,-0.33699039764224825,-3.1985053673240476,0.09026997536420822,-1.2097098692344563,0.06239844113588333
Gaia,DR3,3588595327865524608,174.70987760834615,-9.837335320029668,17.33674430847168,2.5737762451171875,2.2458400275107686,10.157342295822717,67.91812677507784,-19.483122883459913,,,2.5983779194960936,nan,,,0.9803283214569092,,None,-1.0802665708356942,-0.9052910181344007,-0.2271078656790766,0.11148414015769958,-0.019012614232195735,0.08897572755813599
Gaia,DR3,3588839659964533248,177.26616828780573,-9.06868836945566,19.550745010375977,2.579660415649414,1.416633529818254,10.454719921823024,69.58878131998745,-19.571186868477476,,,2.6153991680844504,nan,,,1.0812342166900635,,None,-0.6069437686212402,-0.7728972837686308,0.0916019232927792,0.39330196380615234,-1.1223188181540362,0.2601306140422821
Gaia,DR3,3593177959186234112,173.11070991830525,-6.9961078106256815,19.072668075561523,2.349081039428711,3.621751734730726,7.0319682816555344,63.86158424058126,-19.478919650360638,,,2.3692114509888755,nan,,,1.0448637008666992,,None,-1.256289494058657,-0.33795777062356785,-1.0399922205256014,0.35727038979530334,-2.1338763071775793,0.21657976508140564
Gaia,DR3,3589202052125090944,176.63728518707472,-8.20415014498719,19.086341857910156,2.628263473510742,3.3006692125752677,9.39426690987975,65.07715441562384,-19.576979895308526,,,2.798791455490475,nan,,,1.057173728942871,,None,-0.7761342137352951,-0.6515365979541974,-2.2468627079203336,0.32848629355430603,0.6249727546540518,0.20841585099697113
Gaia,DR3,3591612117189547648,171.56776603726,-7.446378496518147,18.982179641723633,2.5702686309814453,2.76812597082139,7.3925388193127475,64.1814962304187,-19.398910970888863,,,2.9687546427989595,nan,,,1.1100605726242065,,None,-1.9010413202146452,-0.5132681876837161,-3.3013377178000174,0.3495599925518036,-1.5332805517220365,0.24868862330913544
Gaia,DR3,3592272786239191680,175.19430999120772,-7.879256180399406,17.466529846191406,2.5514163970947266,4.529525616587706,8.465247613482715,64.93530274248519,-19.54399533282644,,,2.4399004497363572,nan,,,0.9727783203125,,None,-0.9295783686271435,-0.5080712461111356,-3.246653806825838,0.11956421285867691,-0.2650345634365061,0.10016945004463196
Gaia,DR3,3590693028547638400,170.9382384545716,-9.62601473803256,14.648378372192383,1.3353195190429688,3.4746067643858614,9.614343810939872,63.7022333379451,-19.31967154065488,-6.2168121337890625,9.107227325439453,2.665541318561718,nan,,,1.0507630109786987,,Gaia_DR3,-1.8262675262275851,-0.8721230575220815,-2.628416283572739,0.026914549991488457,0.9079504482684418,0.02018030174076557
Gaia,DR3,3592598138600430848,175.1155453058839,-6.77705051045446,19.943572998046875,2.3847732543945312,2.6542293086834325,7.4267893142090715,55.71058019598686,-19.556883743228916,,,2.8390647941454876,nan,,,0.9730668663978577,,None,-1.0977053240270038,-0.3657504455413393,0.2019519258488117,0.5293772220611572,-1.27922213557431,0.3569779694080353
Gaia,DR3,3588652266248074496,174.83460454117747,-9.322089267297141,16.130550384521484,2.0916805267333984,1.8025619422975745,9.699181520713374,64.82531951767727,-19.501375480357336,,,2.7223195292972258,nan,,,0.9476064443588257,,None,-1.1074411160644657,-0.8482145717718824,-0.6247709069223528,0.06248652562499046,-1.7631850502219022,0.04094577580690384
Gaia,DR3,3592037417734991872,173.72004863231146,-7.966372015457653,19.238994598388672,2.7225399017333984,3.836701547791395,8.101611971569428,66.87148303598151,-19.490063019585456,,,2.396010557263217,nan,,,0.980783224105835,,None,-1.1660616634915422,-0.5102437780376005,0.5506876074942579,0.41169148683547974,-1.409323339151925,0.2461518943309784
Gaia,DR3,3593202766917286272,173.01356897681447,-6.650480278487216,17.583772659301758,2.394908905029297,2.9594358558819565,6.675163304802843,56.683646788670515,-19.47838354966102,,,2.911453185011081,nan,,,0.9723760485649109,,None,-1.5640321841981586,-0.34282692922417124,-0.9789311806316779,0.12741483747959137,1.3767497226369936,0.10373050719499588
Gaia,DR3,3591981450016847232,173.495338849312,-8.506517280199212,12.90737247467041,0.9766826629638672,4.294229710792756,8.585820067880489,63.836205163417866,-19.470583783412643,-3.061577320098877,1.7651230096817017,2.871592921798436,nan,,,5.642765998840332,,Gaia_DR3,-1.4436905787048888,-0.7219706277508853,1.1516894007262992,0.11087469011545181,-0.8692893089503864,0.08155333995819092
Gaia,DR3,3759077977301685888,168.1317450786915,-9.27773465276367,15.569329261779785,1.5868759155273438,4.451038851693624,9.961988954707184,66.14405020254983,-19.148942870091815,,,2.629284974834936,nan,,,0.9888894557952881,,None,-2.3235892386064885,-0.7788180838642839,-4.399885779799616,0.04259380325675011,0.5537268447523207,0.030145511031150818
Gaia,DR3,3760291730763613568,165.46483254996727,-8.21632478700239,18.99173927307129,2.533853530883789,4.20692728878199,10.39399863751396,68.89755895693014,-18.958240468860485,,,2.691128827266205,nan,,,1.0506137609481812,,None,-2.880839578901748,-0.57813576864165,-4.940221945519944,0.34272903203964233,-1.7844096738643396,0.2104884833097458
Gaia,DR3,3592803747275808896,173.2356151001163,-7.714301709701656,17.558696746826172,2.3935985565185547,2.3284460341239965,7.760765789575906,52.931180601746874,-19.474297933241704,,,2.7347589726845114,nan,,,1.0257515907287598,,None,-1.425701370879239,-0.5313459981413216,-1.9507045097676279,0.12000497430562973,-1.766807301624052,0.09476818889379501
Gaia,DR3,3785905060291345920,173.27680251956076,-5.238343953414651,19.380767822265625,2.7655811309814453,4.591683645688038,5.346465829200549,52.91800386812903,-19.497670765994705,,,2.9367738626432014,nan,,,0.9963114857673645,,None,-1.5223673818087518,-0.048973434321874065,-1.555593719212534,0.40445923805236816,-2.8914972095995846,0.28359851241111755
Gaia,DR3,3785828167492572032,171.46615342082725,-5.007411740675243,17.105012893676758,2.41971492767334,2.848228465380793,4.96655837366793,38.68068603384985,-19.410821993874947,,,2.4993877454576285,nan,,,1.6906976699829102,,None,-1.61856520819676,0.003774132994497359,-2.7447034970244046,0.1585349589586258,0.9957288068775255,0.1358594447374344
Gaia,DR3,3786092806197320064,173.60215950884336,-4.546140705315426,15.941017150878906,2.1669836044311523,4.963040657911737,4.783082281889638,66.74516947399445,-19.5108010414379,,,3.111685755328123,nan,,,0.9169535636901855,,None,-1.5406127848946207,0.10202089023278638,1.4605338717839675,0.05616509169340134,-1.1598179315722466,0.036180682480335236
Gaia,DR3,3760157663360865024,166.33770121458005,-8.512887292152628,17.627656936645508,2.2497920989990234,3.617059777295915,10.123501128717693,69.24282128731052,-19.02699994180045,,,2.7925349830447597,nan,,,0.893132209777832,,None,-2.8193562027096006,-0.6642680533717344,-0.8533464180515232,0.13341175019741058,0.15359928558891306,0.10229843109846115
Gaia,DR3,3784615612325661824,167.67563478177837,-6.610854078817815,13.944890975952148,1.0433197021484375,3.138465523066812,7.805499080189233,53.72263799131191,-19.159808631435276,-10.271740913391113,5.161769866943359,2.5503278396051585,nan,,,0.9416564702987671,,Gaia_DR3,-2.3356465087238165,-0.27316923924937964,-2.171592804606188,0.022660011425614357,1.4061847833922516,0.018315643072128296
Gaia,DR3,3785367296025943296,171.11797361628848,-6.573332051219797,18.68354606628418,2.8953781127929688,3.8242219277944103,6.5611574606678,69.23111021464311,-19.384881471778307,,,2.311192635762762,nan,,,0.9392970204353333,,None,-1.553953107206226,-0.25406398859420476,-1.500235769184974,0.2685772180557251,1.608408988829718,0.24845224618911743
Gaia,DR3,3785621558090500352,171.31618096169294,-5.834725020333272,18.743989944458008,2.675416946411133,0.7057853944247264,5.80469663229227,54.73440891150512,-19.40084221327324,,,2.390868869725605,nan,,,1.0879896879196167,,None,-1.5738112798587798,-0.1373295061484493,-1.9206248757888627,0.38759946823120117,-0.05818584072027176,0.24200522899627686
Gaia,DR3,3783061104746992512,169.1963566573364,-9.197935854481008,19.329328536987305,2.547882080078125,3.2645005117176487,9.532980386024542,63.25642876859856,-19.224457335385168,,,2.6346142780634745,nan,,,1.0732240676879883,,None,-2.1304108624161278,-0.7721952408761308,-1.9534322180673362,0.3556576073169708,1.032260527906278,0.26409396529197693
Gaia,DR3,3784698689877720192,167.22196964224014,-6.258884973875782,17.651033401489258,2.4144058227539062,3.096263839058674,7.778275748383602,51.868538858205326,-19.127801444184637,,,2.6110759648672115,nan,,,1.0228116512298584,,None,-2.4744651843061103,-0.21274179352617462,-1.1653255592517633,0.1478203535079956,0.8785090846393888,0.11178319901227951
Gaia,DR3,3784787204858965120,168.50089860350494,-6.675503353265437,15.234877586364746,1.6237287521362305,4.213683959453399,7.446956379454622,49.458295329662114,-19.219362616434392,,,2.6327117546876995,nan,,,1.0153907537460327,,None,-2.258137074209919,-0.2979088031757219,-0.7217272282499267,0.04054056853055954,-2.061005716416173,0.029232947155833244
Gaia,DR3,3784638354177025536,167.66439407126464,-6.452671639138335,19.815631866455078,2.1777114868164062,2.8453296397238446,7.679749468342875,54.62292353151041,-19.1602907304936,,,2.515033052511555,nan,,,1.0362663269042969,,None,-2.3053098167896,-0.2412730011562556,-1.6788700741807439,0.6031534671783447,1.1310895524287825,0.4294198453426361
Gaia,DR3,3785547581574460160,172.04644104115312,-5.58335956053568,19.23694610595703,2.3948917388916016,1.566408427255233,5.521659201126231,37.45953580904334,-19.439869522636126,,,2.583116677614803,nan,,,1.0295947790145874,,None,-1.565991012034301,-0.10401652495997671,-2.152796409956424,0.43340757489204407,0.515046729276525,0.24372637271881104
Gaia,DR3,3785673235137102592,171.00937776940916,-5.731974111056781,18.177173614501953,2.6529178619384766,1.8890695371314936,5.743726657004299,50.9550704607942,-19.38439804004512,,,2.892623644726002,nan,,,0.9054900407791138,,None,-1.9672214822028535,-0.14388422392007982,-0.8727641862733387,0.1779535412788391,0.21547227581532913,0.1489182859659195
Gaia,DR3,3785400178297981824,171.35328244287655,-6.340711501180199,12.704745292663574,0.8881330490112305,4.085805104763398,6.304522925907564,55.7306249112363,-19.399685350580498,-9.14025592803955,1.9478951692581177,2.9213747173151883,nan,,,1.3580303192138672,,Gaia_DR3,-1.9153082289705887,-0.27351576352141094,-3.3798670514576177,0.03344225883483887,-2.3196468629879705,0.01606661267578602
Gaia,DR3,3786601326029867008,170.92675485144488,-4.738823273986678,19.779237747192383,2.3522167205810547,4.235914001713853,4.782912367950631,32.33078043400841,-19.380919960294097,,,2.6722554551465603,nan,,,1.1110981702804565,,None,-1.8330489678838735,0.056714560488379195,0.41663364896704064,0.5086711645126343,0.8524089790696843,0.3267935514450073
Gaia,DR3,3786838408224361472,170.20068369573931,-4.444987084092518,19.4562931060791,2.1477432250976562,4.670304564126107,4.711711600953422,31.400389563880587,-19.337521380548253,,,2.6162194940661125,nan,,,1.019885778427124,,None,-1.9294866513199285,0.11220729459196288,-3.9499340915111008,0.4089488089084625,1.7098597842797036,0.3125881254673004
Gaia,DR3,3763794671730605696,164.9801726201213,-6.5054200492833845,19.487356185913086,2.2650890350341797,0.6640726134801773,9.46823730962192,66.32497928502838,-18.936873284846666,,,2.5144424305275894,nan,,,0.9987798929214478,,None,-2.7764417314397813,-0.2370851430648686,-2.429100686461976,0.5381158590316772,-0.2941953153328003,0.3968850374221802
Gaia,DR3,3786305664776635008,173.5374498424984,-4.23664062748798,15.253371238708496,1.9438714981079102,1.4028653798318222,4.470785770187539,37.12974240623731,-19.50702097705647,32.167930603027344,6.575195789337158,2.793491863644038,nan,,,1.4656498432159424,,Gaia_DR3,-1.3960084650106817,0.15380957118201016,-0.9257532564360481,0.0593324638903141,-0.5254331621622462,0.03649779036641121
Gaia,DR3,3786723818496982400,169.65906702747876,-4.940134112082302,19.17447280883789,2.5313053131103516,2.7069146050307786,5.380398505768916,58.14587338643852,-19.304773068173837,,,2.9953487381926727,nan,,,1.0100388526916504,,None,-2.3240598803750174,0.024715658378705152,-1.2530046870016138,0.3578481376171112,-1.3073802490384876,0.2958970367908478
Gaia,DR3,3785154609245693696,168.6486514496083,-5.728701092019114,19.293092727661133,2.4971446990966797,4.979791447833766,6.546508067114601,44.39162969931209,-19.235971911767948,,,2.7030854884216295,nan,,,1.0582492351531982,,None,-2.290329267272724,-0.1253335827441815,-5.019198509949829,0.4109483063220978,-0.9035731807056452,0.3344769775867462
Gaia,DR3,3599894527827416064,174.94288082797297,-4.656161002448431,19.512710571289062,2.5815067291259766,4.985704666133816,5.489418665399101,50.64767609885297,-19.560494163607526,,,2.411026825061013,nan,,,1.0360357761383057,,None,-0.9620791576008341,0.05794625123446018,-2.008217660863523,0.49114343523979187,-2.250114236014052,0.3774561882019043
Gaia,DR3,3787128919812647040,172.0061278549919,-3.8439042912169024,18.707263946533203,3.1233863830566406,3.2713646359809943,3.7817490500428725,63.76588746026352,-19.434683574012446,,,3.106028590805169,nan,,,1.0371243953704834,,None,-1.8919291205939908,0.26170869521616746,-0.69064025539066,0.302036851644516,-1.5117627671491,0.22965079545974731
Gaia,DR3,3789283481566266624,166.14426721473419,-4.041786670949667,18.935041427612305,2.52276611328125,3.3493930770505704,7.02085980016837,47.01340708898393,-19.04077680072509,,,2.5999850613367093,nan,,,1.0481536388397217,,None,-2.6600942160153584,0.1975698346759831,-0.8964227418633881,0.3165668249130249,-0.3120082214113442,0.25897452235221863
Gaia,DR3,3788861509619840896,165.44676266298734,-4.603483864752623,18.07714080810547,2.5904998779296875,2.054548995144307,7.912349349931943,57.91211808291072,-18.98314065443437,,,2.4863616980618923,nan,,,1.0531673431396484,,None,-2.664765155399481,0.09356729637677552,-3.645486289403937,0.16356049478054047,0.538406886605769,0.15362821519374847
Gaia,DR3,3763821373542892160,164.17086832145142,-6.626132888554902,17.472705841064453,2.3704833984375,2.2990401037092134,10.152134147823313,67.56304221380523,-18.860580209438904,,,2.7126885404454373,nan,,,1.037784218788147,,None,-3.147529560528664,-0.27360148253955807,-3.901044476916273,0.11613506078720093,0.8037749219946078,0.1075325459241867
Gaia,DR3,3786437292638489600,170.58701574327534,-5.601434369238901,19.77666664123535,2.2747249603271484,4.723090318751575,5.699432691068553,45.40351317457177,-19.360711084969957,,,2.4719801012877274,nan,,,1.0061477422714233,,None,-1.7553349918544447,-0.09869393598938325,0.4092392528725575,0.6549990177154541,-1.2702568292750245,0.3618253469467163
Gaia,DR3,3788355120090982144,167.92802526560928,-4.533738079584078,15.993229866027832,1.8311080932617188,3.8347628443158825,5.999997460144734,42.323473487298486,-19.184502799988568,,,2.541262593290896,nan,,,1.2021515369415283,,None,-2.2822398179544243,0.09945167753478468,-4.3344867092177015,0.062484174966812134,0.1928988333865529,0.05029146745800972
Gaia,DR3,3786624557508532352,170.8131748212955,-4.758501838267412,13.798880577087402,1.3232231140136719,4.821298078129185,4.827185209205269,68.39993860427047,-19.374491693597488,-11.440370559692383,4.303191661834717,3.128679590720849,nan,,,2.8324289321899414,,Gaia_DR3,-2.1713906748610965,0.06236323000518629,0.9337238771144444,0.05996230989694595,-0.6233214563170411,0.042611267417669296
Gaia,DR3,3788301553258841472,167.71066785255525,-5.047584104352303,15.219919204711914,1.572707176208496,2.2159792392233646,6.529508626185838,45.39151483070965,-19.169170278871185,,,2.5490318337170654,nan,,,1.0575193166732788,,None,-2.3281824077905147,0.008007986101470355,-1.5806681085809628,0.04233116656541824,-0.9189138569518119,0.03270532190799713
Gaia,DR3,3789276025502991232,166.1190429068751,-4.114947413743639,17.740036010742188,2.3739662170410156,4.822511429786334,7.0830904838941935,48.61648685255703,-19.039089688132705,,,2.5588702126477454,nan,,,0.995076060295105,,None,-2.6225361809640555,0.1814041659188459,-5.181292047876807,0.12860745191574097,-0.28788030735104486,0.11408958584070206
Gaia,DR3,3790097910444785920,168.39448930049514,-3.7403216227519502,19.697669982910156,2.6178836822509766,4.552714282985092,5.102099743749234,34.97591988178988,-19.214048357786254,,,2.6930577738431607,nan,,,1.0033578872680664,,None,-2.3300993244397157,0.2550384859747943,-3.6707494552830657,0.46882444620132446,2.4648452996805537,0.30364441871643066
Gaia,DR3,3787321544801014528,170.46679282068246,-3.71842635349087,16.57706069946289,1.9515838623046875,2.315819749850078,3.9385112278042564,28.125872648150374,-19.349384671536274,,,2.7009603430133735,nan,,,0.9602413773536682,,None,-1.940985869442137,0.2549525997528872,-0.7183456484385489,0.06904882937669754,0.7487809533210914,0.048532288521528244
Gaia,DR3,3790450926692375296,170.2116570874329,-2.846615948689818,15.716492652893066,1.8385028839111328,0.7470586353344272,3.2729428718172344,34.309866784881116,-19.324994625869152,,,2.4553554088606626,nan,,,1.0124362707138062,,None,-1.8089368849782517,0.3846279097268549,-2.130753207992018,0.045521512627601624,0.5990145581925974,0.03159169852733612
Gaia,DR3,3790963672772320768,167.38903311568217,-2.976729511097194,17.983034133911133,2.4672012329101562,1.3992559902813146,5.396788847000322,40.13099587162591,-19.131539880016316,,,2.5145510711301506,nan,,,0.9842885732650757,,None,-2.3535071584432403,0.37600241817221514,-2.7060309872560184,0.16010650992393494,-0.27660634273035933,0.14646850526332855
Gaia,DR3,3786517561283244544,170.35559530845288,-5.116912329331529,12.172138214111328,0.7065296173095703,4.459526052315465,5.294066285132018,50.16507783361284,-19.347920700514507,10.196096420288086,10.967101097106934,2.406704988021491,nan,,,1.0331275463104248,,Gaia_DR3,-1.7485189029063075,-0.012341071716521879,-3.9396844936666993,0.023394091054797173,-0.5762881767610565,0.014094316400587559
Gaia,DR3,3788984659217129472,164.2232805038269,-4.746797963122762,15.413152694702148,1.7090978622436523,1.3880368408049606,9.013947420720386,59.75361181098956,-18.87112163529152,,,2.6572562595211995,nan,,,0.9341461658477783,,None,-3.0735754501929367,0.0786140126514745,-3.6615124074306014,0.04281048849225044,0.5874430002395692,0.035427577793598175
Gaia,DR3,3789971569687471488,169.927250403925,-3.531893024350681,18.413780212402344,2.4855918884277344,3.2593913619396857,4.006837997487968,51.035694090995875,-19.314953983721715,,,2.358640515806706,nan,,,1.0183391571044922,,None,-1.785240826499279,0.25499118295639733,-0.2660429701874824,0.2504238784313202,0.8193921062468015,0.20055252313613892
Gaia,DR3,3791745150662186880,169.38563262548286,-0.7911524863267048,18.117542266845703,2.4320125579833984,3.890148723337373,2.6499840961841787,28.95736323720929,-19.233580737711613,,,2.475604802227329,nan,,,1.034648060798645,,None,-1.9686989854770347,0.7498984540417244,-3.7308835449610003,0.1725963056087494,-0.25827699759645334,0.1329173594713211
Gaia,DR3,3788352886708298880,168.26169617735877,-4.398116587147125,19.377426147460938,,4.189016474320068,5.678994097114179,41.52533606593698,-19.20840667135397,,,2.761021394483434,nan,,,0.990635871887207,,None,-2.4147389136008623,0.13340738724707935,-0.0187935369890345,0.39148882031440735,0.5854799690209903,0.35393333435058594
Gaia,DR3,3788292963324371584,168.39796013734457,-4.728562086816927,15.445658683776855,1.7177238464355469,2.8966129315988405,5.851603490070625,44.07555004900772,-19.219180801425196,,,2.788336730127444,nan,,,1.0154002904891968,,None,-2.4118548732621505,0.06908817158693625,-2.874011560730432,0.03992961719632149,1.7078223537819779,0.028851218521595
Gaia,DR3,3792864182915889152,176.21736560583085,-2.0383880337587463,9.334792137145996,0.6035289764404297,4.108731536189683,4.716450861382444,34.68656921440131,-19.572107191779057,-20.760623931884766,0.706877589225769,2.7377511564070254,nan,,,1.1945959329605103,,Gaia_DR3,-0.8418676892403021,0.5809183147055205,-3.2079261483622075,0.02925623580813408,0.422802822225071,0.018835164606571198
Gaia,DR3,3793469356692889600,172.16019283786702,-2.574618568796676,19.4969482421875,2.1105995178222656,3.590651668350116,2.5219576996604323,37.59234376823476,-19.428753552425828,,,2.411677761627102,nan,,,0.9795398116111755,,None,-1.4424944386036058,0.4219945308059415,0.22674146778232054,0.4680139124393463,1.1610025332134926,0.3437389135360718
Gaia,DR3,3787260895567708288,170.9597597963062,-3.8349136703830204,19.45391273498535,2.4390335083007812,1.3122501104801765,3.8955761730931715,41.159646910129055,-19.37878676619024,,,2.424363250635942,nan,,,1.0180832147598267,,None,-1.6573179604094959,0.2077464190581626,-1.8946495570367006,0.38581767678260803,-0.41952163062293213,0.3125988245010376
Gaia,DR3,3787321544801014144,170.46936033418268,-3.7271626702663463,15.38270092010498,1.7733135223388672,2.770333228138547,3.9456672747051753,45.21847097631657,-19.34960498996032,,,2.9099235610032936,nan,,,1.027702808380127,,None,-2.0906223642295103,0.2728601758104645,-0.7377134412977533,0.03644716367125511,1.3013159673227108,0.02748534269630909
Gaia,DR3,3787271409647491712,170.6308541833978,-3.8008612716405823,12.382328033447266,0.845667839050293,1.7402116965150674,3.958220072247919,27.61328977545894,-19.359662708016916,-7.169119834899902,1.026792287826538,2.5720034476918765,nan,,,0.9070842266082764,,Gaia_DR3,-1.818353830654208,0.22732721312040083,-1.162658774309022,0.014384052716195583,0.9058186826993984,0.010792822577059269
Gaia,DR3,3790437728257699072,169.58973803841826,-2.9322586199167255,18.164297103881836,2.7462215423583984,4.993257128362877,3.704399469871519,36.02376668564308,-19.2870910775176,,,2.4578396799047346,nan,,,1.0736085176467896,,None,-1.919074950972699,0.371075379513122,-2.3722695398393414,0.16693612933158875,2.918266212246835,0.14195899665355682
Gaia,DR3,3788914217459268224,165.2825443603808,-4.463755564231621,19.486061096191406,2.6309776306152344,3.8403216298582725,7.9695928732789545,53.63957066705474,-18.968054116974372,,,2.585938916958185,nan,,,1.0218192338943481,,None,-2.8010377567422653,0.12318961329253941,-0.7075461456581995,0.3844243884086609,0.11223659941413189,0.322074830532074
Gaia,DR3,3789493080265895424,166.7267012675126,-3.0817178026988676,18.215648651123047,2.7979373931884766,1.8018476854283656,6.016582848825534,56.20596691987491,-19.08032009229004,,,2.9431855729591754,nan,,,1.0477920770645142,,None,-2.891362326890005,0.42008481530161546,-2.916120775757932,0.20256952941417694,1.5377726014656086,0.1429486721754074
Gaia,DR3,3789845851700152576,169.0821778450581,-4.024570986015504,16.640840530395508,2.252110481262207,2.827012569523536,4.879815233854666,55.682719453208634,-19.26376983358064,,,2.9873757553475846,nan,,,1.0853164196014404,,None,-2.439768407964129,0.2207206011181203,-1.0032835576539165,0.07870779931545258,1.2724851410074525,0.05774865299463272
Gaia,DR3,3783042275609840384,168.63633789564756,-9.34529570040282,18.73142433166504,2.755605697631836,4.876527402543269,9.845755111959088,65.76584301840576,-19.182946349689697,,,2.60240329697488,nan,,,1.117579698562622,,None,-2.2072817547499612,-0.7864734632425491,-4.7844618412053155,0.28876644372940063,-0.06848485279195914,0.23922045528888702
Gaia,DR3,3784666460442488064,166.81627268429355,-6.549001617473068,17.64771842956543,2.594118118286133,1.2385187129015156,8.254847862117227,55.35039081122522,-19.09352387657058,,,2.707487828727829,nan,,,0.910643994808197,,None,-2.6428322024989717,-0.27380802521880154,-2.9413128091402685,0.12327800691127777,-0.9146063469699893,0.09602820873260498
Gaia,DR3,3792315384880033024,173.7734800972239,-4.039095222540736,15.221177101135254,,4.588038139605931,4.380614301956211,32.99782477181432,-19.515575398548304,,,2.7414923689098334,nan,,,4.780425071716309,,None,-1.32371078556618,0.1894503241113396,-3.954853681592142,0.20501796901226044,0.5180596723148659,0.14661532640457153
Gaia,DR3,3789774757105653504,165.84035114274604,-2.5956474563365717,18.527570724487305,2.805013656616211,4.0186840633955905,6.596773077946634,44.75204889827628,-18.99965468974973,,,2.5775017921796373,nan,,,1.0860426425933838,,None,-2.691759277487431,0.4577174441553318,-4.251925065502167,0.23127594590187073,1.9854657946135923,0.1709919273853302
Gaia,DR3,3791119670280177664,167.71208612213124,-2.545438354154003,17.418508529663086,2.466541290283203,2.308866824385509,4.896212843665773,41.68533282619793,-19.1503510519138,,,2.4628829899870786,nan,,,1.5254567861557007,,None,-2.2492519908022874,0.4425155133403802,-3.3918239208147885,0.15270577371120453,0.8052362855275078,0.13104014098644257
Gaia,DR3,3791568953923571840,168.48954385099628,-1.598978064668739,17.926420211791992,2.621175765991211,2.1756340984700047,3.7707313792465875,34.26549431798419,-19.190632328891425,,,2.475856066964623,nan,,,0.9272564053535461,,None,-2.1255805793637403,0.6091669237695305,-2.7365380456280977,0.12903276085853577,-0.348007453539198,0.1036299616098404
Gaia,DR3,3790302939299321856,168.3007941265515,-2.8523943453599565,16.517080307006836,2.3098440170288086,4.9936723824393825,4.579095724731795,32.591493884884166,-19.198059677085748,,,2.7134322651440925,nan,,,1.1371709108352661,,None,-2.365643986472254,0.4275619626406504,-4.4837121825833295,0.07586587965488434,-1.4890061270613537,0.06325682997703552
Gaia,DR3,3792356071105907200,173.99457999361385,-3.6266206557337917,17.029891967773438,2.7979869842529297,3.054789757752638,4.116077416588429,40.736817608442756,-19.52138188971674,,,2.8552851325729525,nan,,,1.6673216819763184,,None,-1.3334507490948466,0.2815992326521113,-2.7758595062881444,0.1966838538646698,1.4219718483804462,0.12128544598817825
Gaia,DR3,3795526134927190784,176.106895866322,-0.2790941138575171,12.801058769226074,0.8818445205688477,4.74830002648828,4.178814921447711,55.1821173683103,-19.52915365453198,-3.216843366622925,2.0359790325164795,3.005776746651341,nan,,,2.0915331840515137,,Gaia_DR3,-0.9481531395517369,1.0184942908978032,-0.7598922035153395,0.03470960631966591,-1.984360622744076,0.029710611328482628
Gaia,DR3,3790654851739771648,169.4092155416197,-2.5615633995103257,16.657299041748047,2.150968551635742,2.6345944301873985,3.551342773811274,30.287309605098105,-19.270311443797862,,,2.7647692897186946,nan,,,1.076554536819458,,None,-2.1940419181631303,0.4904894135220397,-2.1239508423574436,0.06885109841823578,2.024438948563198,0.054233476519584656
Gaia,DR3,3791566381238859392,168.40907355558502,-1.6889497529933903,15.611135482788086,1.604914665222168,4.161558384823857,3.8811296934816695,26.23130669116785,-19.18670788389126,,,2.596299349911958,nan,,,1.127341389656067,,None,-2.2437126530539255,0.6223883042551188,-1.4075615760759521,0.05096433684229851,2.741090997255034,0.03999611735343933
Gaia,DR3,3787476193688347904,171.044319735025,-3.0450068107479034,19.10211181640625,2.7500667572021484,3.831533836808351,3.1118211770048916,26.773111546649424,-19.37609997994184,,,2.513868517722991,nan,,,0.9832072854042053,,None,-1.7033913237740004,0.3569346540880399,-3.32080486761367,0.4372633695602417,1.5845220732704215,0.27940431237220764
Gaia,DR3,3777040836203420544,162.84143644957896,-4.571076877502383,16.186508178710938,1.9745616912841797,4.647687671892984,10.139744561167102,67.17803014713728,-18.733346032458368,,,2.648092165953815,nan,,,1.351967453956604,,None,-3.3152730119630722,0.1168028918031081,-5.48130826621746,0.07048479467630386,1.5450742775900965,0.05478847026824951
Gaia,DR3,3783100103049349120,168.30384985813095,-9.130703650962756,12.150557518005371,0.750885009765625,3.966965484214074,9.761607772404982,64.7858670686724,-19.164822354242887,-10.737781524658203,0.7812325358390808,2.6891563947561528,nan,,,0.8936976790428162,,Gaia_DR3,-2.343900639884014,-0.7697992777487176,-3.6359678952600736,0.01690518856048584,1.0708560442662125,0.011906969361007214
Gaia,DR3,3783579764997800192,168.72827669887067,-7.377581024002388,17.96611976623535,2.2760696411132812,4.273621822594049,7.982633698058009,57.030691608601785,-19.22719966392464,,,2.5072977238078233,nan,,,0.9472469687461853,,None,-2.1103511161039474,-0.4093407217837062,-0.10983391302866143,0.17711664736270905,-1.4583751030444299,0.10825171321630478
Gaia,DR3,3786283056068678912,172.71041635751266,-4.507591970126012,15.432734489440918,1.957509994506836,4.570076632837742,4.511965544086145,50.40598830759386,-19.47193080327574,,,2.9438339718937634,nan,,,1.050695538520813,,None,-1.6451869764176932,0.10656705309878878,-1.6196594921869645,0.042911283671855927,2.9425950317156575,0.03637301176786423
Gaia,DR3,3794095429781229824,173.07176899543563,-1.1616223819803502,17.584653854370117,2.0613651275634766,1.798852518145766,1.581901102043546,47.98232853508751,-19.445040492189058,,,2.3361896798354507,nan,,,1.0105305910110474,,None,-1.2452825303767765,0.6443405709930149,-1.269045526599336,0.1483481228351593,1.5299427590432748,0.13503405451774597
Gaia,DR3,3791512569593398912,169.3223728995576,-1.8742363489820684,18.49104881286621,2.5747451782226562,3.6549326152581676,3.177644178255867,26.774792665264044,-19.253115605946714,,,2.744517211636126,nan,,,0.9895987510681152,,None,-2.194828061306811,0.6208030334864116,-2.669939143926122,0.22263596951961517,2.681379622219934,0.1844848096370697
Gaia,DR3,3792352051015655168,173.942025293364,-3.779107711672127,19.87558364868164,2.461618423461914,1.783093506772326,4.223525501978727,68.72449452059472,-19.520522607565262,,,2.256996264459374,nan,,,1.0822811126708984,,None,-1.062537871122819,0.19792085079447003,-0.21484275484082374,0.6626616716384888,0.16355532288104935,0.48713254928588867
Gaia,DR3,3785400182591630080,171.35492602469012,-6.340798589868247,10.38577938079834,0.8363485336303711,1.4245359232152912,6.304459177871973,50.309126326584135,-19.39977327679112,-9.364192962646484,0.722398579120636,2.847402929594915,nan,,,1.0934410095214844,,Gaia_DR3,-1.8664778676679936,-0.2666137283625981,-2.539862459105394,0.03256557881832123,0.2603950077959491,0.016589349135756493
Gaia,DR3,3791900838932113280,168.95455008446277,-0.9255381176022468,12.964869499206543,0.9289493560791016,3.2513987900967765,3.1013696434604574,50.42109057919551,-19.20799277410205,12.076623916625977,1.4864376783370972,2.342869366467076,nan,,,1.023417592048645,,Gaia_DR3,-1.9345280737256636,0.6876242169293447,-2.803973352943708,0.02016752026975155,-0.6625144070911415,0.019910015165805817
Gaia,DR3,3785002021943185152,167.99418446471273,-6.352358863967874,19.007854461669922,2.953624725341797,1.4770967916763378,7.417081816002693,61.08454109686498,-19.185600077389466,,,2.923720745518503,nan,,,0.9583505392074585,,None,-2.6121041034385772,-0.26147455909394424,-3.3514324968043736,0.34186920523643494,0.2697848748538374,0.22642214596271515
Gaia,DR3,3787744169583066368,166.13059072549262,-6.141746652518963,15.953800201416016,1.8667068481445312,2.649160024617219,8.396314630582793,56.143526199503235,-19.04003743092538,,,2.6013023186566246,nan,,,1.0414191484451294,,None,-2.6639263776581705,-0.1852594039009552,-2.787523975069753,0.05307405814528465,-1.6327402519438956,0.04425127059221268
Gaia,DR3,3788355120090981888,167.92676558243772,-4.534045219818428,13.401649475097656,1.1534538269042969,3.539629156966867,6.00106517879065,40.41075284293221,-19.1844104833651,-10.209308624267578,5.087456226348877,2.5915739315681434,nan,,,1.2674126625061035,,Gaia_DR3,-2.327652769150893,0.10136842238946309,-4.2564905992271935,0.022650888189673424,0.2398831799523205,0.0201130248606205
Gaia,DR3,3793085283537350528,176.17784309047804,-1.5317514331399784,17.34928321838379,2.523792266845703,4.304636828939826,4.490690315011226,40.91984505120486,-19.56143794104965,,,2.4498588652299502,nan,,,0.955435574054718,,None,-0.7602996597868146,0.6092633179714304,-2.981845568640497,0.14554111659526825,0.5248089696458546,0.10613811761140823
Gaia,DR3,3794720948818966400,177.41168659189793,-0.8348088419198164,16.28264045715332,2.0117921829223633,4.461931327924265,5.531944910579394,38.6357675462168,-19.572800122407116,,,2.7194038580578788,nan,,,0.9991410970687866,,None,-0.6025979676969122,0.8125153510568975,-0.9128570443338133,0.0756976455450058,-1.7265243132857733,0.03893114998936653
Gaia,DR3,3792902700183719936,175.14008604970599,-2.5904523506469546,17.66612434387207,2.523967742919922,0.3602816814584186,4.082006224703276,33.81018511391798,-19.55006465992181,,,2.7757709078822184,nan,,,0.9713032841682434,,None,-1.0683444031504077,0.47935180599168936,-0.8576005762871277,0.14976054430007935,0.485113460049361,0.08626438677310944
Gaia,DR3,3797367915687651200,173.50070415458714,0.30904188216066614,18.07992172241211,2.5976791381835938,4.119626980919181,1.6105631957700324,37.156309277808866,-19.423451513722604,,,2.8930788822224835,nan,,,0.971669614315033,,None,-1.4533820544576335,1.1023055358845828,-1.3608236717073234,0.20715701580047607,-1.408508722730088,0.1423218697309494
Gaia,DR3,3786830058807666688,170.06750834378238,-4.576839258530071,19.239421844482422,2.9096641540527344,4.365688686481007,4.8837603516149475,36.018815321485995,-19.329785852780116,,,2.52788061583374,nan,,,1.0523203611373901,,None,-1.8882075072088451,0.08503609722820049,-3.9648853859030693,0.4473598897457123,-0.9637492863723733,0.3092750608921051
Gaia,DR3,3796056408769472768,176.89472704186855,0.5979746818374307,16.670516967773438,2.2053871154785156,3.7091766070473016,5.004805276126017,38.2725327276482,-19.520992317652208,,,2.7700069759923034,nan,,,1.0512577295303345,,None,-0.7168571427664445,1.1132863767402594,1.2987025975668205,0.06982923299074173,0.32026337613514,0.050738200545310974
Gaia,DR3,3793732208691799808,174.58010827677188,-2.0801382097810452,19.524686813354492,2.9086132049560547,3.1265881358976326,3.3271577571625177,30.385525065421664,-19.52324776045124,,,2.490324252362623,nan,,,1.0613101720809937,,None,-1.0585174110037867,0.5218711094818952,-0.16579176277416507,0.4995515048503876,1.899288155472414,0.2776390612125397
Gaia,DR3,3787687849676065408,166.5678683157033,-6.338248367143115,18.479389190673828,2.8524227142333984,4.638562335843457,8.24945847905385,56.10012271844735,-19.075041710851746,,,2.7391738409045527,nan,,,1.028099536895752,,None,-2.7213933726377806,-0.23513728335690542,-1.8931874670781752,0.22583507001399994,-2.7823955737771358,0.17922469973564148
Gaia,DR3,3787738156628173696,166.97756389660964,-5.712183726664529,18.485313415527344,2.2466259002685547,4.557951618201811,7.509692788256761,51.237087619106326,-19.111375358247876,,,2.7304342621405877,nan,,,2.1196093559265137,,None,-2.63437468620927,-0.1162254213148255,-4.933611203393492,0.3797108232975006,1.1473543245314515,0.3357858955860138
Gaia,DR3,3788439606392455552,166.88446628325673,-4.598861648719292,18.4554443359375,2.6704177856445312,4.495279178451801,6.783376759493614,59.56294648982915,-19.10425548871533,,,2.9434103966134773,nan,,,0.9869343638420105,,None,-2.8590601974713787,0.1056681390919203,-0.6886604927335862,0.19491545855998993,1.8577205113552477,0.1537579894065857
Gaia,DR3,3797119082462261632,172.888066134925,-0.8633362222145912,18.89600372314453,2.605865478515625,3.971365859499842,1.2456321768282554,9.352197382752848,-19.42976975607307,,,2.6527869221439335,nan,,,0.9689324498176575,,None,-1.4488680285825115,0.7883697525591925,0.5565827469516011,0.30496591329574585,-0.16591941066383517,0.268972247838974
Gaia,DR3,3798765669844620416,171.58187289799193,2.079182889125092,19.463972091674805,2.7934303283691406,2.6713254670364774,2.170714047653271,20.08711600009964,-19.26781295800691,,,2.723694658556619,nan,,,1.0541824102401733,,None,-1.741381043234533,1.3801134242205744,-0.6006535253214935,0.4249410331249237,0.35475121496261175,0.35434091091156006
Gaia,DR3,3798618781962582912,170.89738741097432,1.4554071722807824,13.05960750579834,0.9381370544433594,4.632351567639825,1.838134241768409,56.654242812978026,-19.255246559869633,-10.905167579650879,2.524503469467163,3.06874818419288,nan,,,1.0373591184616089,,Gaia_DR3,-2.111431105364551,1.4184535592372522,-2.0069346971561175,0.018628614023327827,4.413405689268903,0.014374755322933197
Gaia,DR3,3794623435881030144,176.58407107534907,-1.1371592016037941,17.085411071777344,2.4878225326538086,1.3551058470148534,4.772574902857345,62.6151242166774,-19.56279288371374,,,3.066751652386882,nan,,,1.0276226997375488,,None,-0.8621789557998061,0.8496872860786571,-1.648023004747603,0.11196276545524597,1.2369379398427394,0.06266047060489655
Gaia,DR3,3787041336839498368,171.22478211020976,-4.313167768116805,18.858598709106445,2.995187759399414,3.2404071856590253,4.308915818409528,37.64505920312783,-19.396243465203426,,,2.4708667958748665,nan,,,1.0464770793914795,,None,-1.6425392102158338,0.12683324082492353,-3.2157553413622852,0.36899885535240173,0.738316954625759,0.2765839099884033
Gaia,DR3,3790977485387387264,166.9882864542832,-3.152296147333921,12.001104354858398,0.8769111633300781,3.4654394684834307,5.828910518267953,49.122659184323226,-19.102170595670312,-4.40538215637207,0.5984179973602295,2.4412797131892545,nan,,,1.2157536745071411,,Gaia_DR3,-2.3535581799681595,0.3357463137140868,-0.7892532295334571,0.022007478401064873,1.1923297464315277,0.01918051205575466
Gaia,DR3,3789186041643828352,164.50397005286405,-4.040650109952348,12.704567909240723,0.8377218246459961,1.1113413244548898,8.42200024246132,65.30651379929118,-18.894529979757767,77.46668243408203,3.151005268096924,2.4324844003463317,nan,,,0.9936481714248657,,Gaia_DR3,-2.76630792223402,0.19033629021396847,-2.2435717549585688,0.020096542313694954,0.4173125450004436,0.016938483342528343
Gaia,DR3,3797289369325971712,174.2258897755272,0.05209453758429959,19.347028732299805,2.8740196228027344,3.73369620850514,2.2951106926478047,39.25090371921019,-19.459940509407474,,,2.396751436009674,nan,,,0.9870618581771851,,None,-1.0795955361659062,0.8691613779034542,0.6652597566500599,0.3830236494541168,1.5863116180154835,0.302079975605011
Gaia,DR3,3798897924772822144,174.29775246072012,0.773197495044003,16.801612854003906,2.2991628646850586,4.20178322554677,2.507508340088205,40.51034271726695,-19.439426699658668,,,2.9061313661118504,nan,,,1.0309662818908691,,None,-1.2940760979924093,1.2039629266720318,-2.845513459097608,0.08741916716098785,3.2581011622775615,0.07518352568149567
Gaia,DR3,3797581225238850048,173.31986122574838,0.6100844165973107,17.43561363220215,2.359762191772461,1.5159895798735161,1.5408861662079494,69.26939375251094,-19.406080477876024,,,3.1975868656915716,nan,,,1.0070972442626953,,None,-1.6477212507798604,1.2870944156143005,-0.9136933645850924,0.12794923782348633,1.9980724562990204,0.11687269061803818
Gaia,DR3,3797852216200007936,171.38889917126374,0.0681079168383242,19.666255950927734,2.5521678924560547,4.61735018296577,0.5602789505722188,20.347000751813187,-19.329921237085784,,,2.491504921678057,nan,,,1.0379589796066284,,None,-1.627161739359255,0.9063004780438827,-0.2329388975347946,0.48486584424972534,2.8906623315733757,0.3857251703739166
Gaia,DR3,3795871755240168576,175.9820790028504,0.43624094831188137,18.339513778686523,2.7031898498535156,2.9771244899681437,4.079034078240947,29.51678939064937,-19.504273933817966,,,2.7116260386829096,nan,,,0.939059317111969,,None,-0.8796887030866731,1.0582022999261196,-0.06601255684051797,0.23452630639076233,2.552920380738499,0.17631693184375763
Gaia,DR3,3788918825958839424,165.06345437566392,-4.531682229390024,14.958191871643066,1.4196147918701172,2.7575215976857153,8.189642315062015,57.50839837782942,-18.948597653903192,-8.912664413452148,10.553311347961426,2.5230139859473764,nan,,,0.9628402590751648,,Gaia_DR3,-2.7713087691597353,0.109054899191108,-2.6375784456576175,0.03283042833209038,1.5696068934203633,0.025961004197597504
Gaia,DR3,3800123811518807808,173.31857037735287,2.155802392473331,17.348426818847656,2.265317916870117,4.074213263260991,2.6152462185562864,21.709098371510656,-19.347492763203217,,,2.7173662950829716,nan,,,1.0495433807373047,,None,-1.4005137477120582,1.393464451480708,-0.1855216590937266,0.10759483277797699,-0.5992494501864991,0.0901133343577385
Gaia,DR3,3793102639500836352,175.62691347503184,-1.7284927761666475,14.97101879119873,1.0773181915283203,3.8276884067149424,4.0509511830635345,43.48664865654253,-19.550329155126573,39.89004898071289,10.117154121398926,2.8877390561984924,nan,,,14.920494079589844,,Gaia_DR3,-1.0105050549117978,0.6775159005892032,0.06080721028070887,0.4104772210121155,2.746800289456534,0.24484337866306305
Gaia,DR3,3790974530450449280,167.6212452805838,-2.768364340399498,12.439950942993164,0.9134292602539062,1.4845390598398438,5.0893919146770985,64.68176661337623,-19.146640119518576,-20.93760871887207,18.800682067871094,2.2988275154579707,nan,,,1.0569934844970703,,Gaia_DR3,-2.1141042770182117,0.377064692279936,-1.6152826184910476,0.017393719404935837,0.8954837673565642,0.013011128641664982
Gaia,DR3,3790434193499730176,169.67904648756755,-2.946119029881473,16.08307456970215,1.997572898864746,2.476688675193777,3.65950079985874,32.67744602505362,-19.29300208372288,,,2.7870564562986795,nan,,,1.0546035766601562,,None,-2.1585055640369113,0.41786252687386527,-1.8218194280065938,0.050850629806518555,-0.9978037752462153,0.05339427292346954
Gaia,DR3,3790698797845072256,169.0173859869573,-2.550310856155441,19.796457290649414,2.552349090576172,4.588362486071532,3.8322780803495817,52.001412948638574,-19.243996168325246,,,2.9832813164980414,nan,,,1.0096944570541382,,None,-2.4500808398239347,0.5323696683653317,-5.3098078816890055,0.49522772431373596,0.9182727144551376,0.39646410942077637
Gaia,DR3,3794938102365477376,177.98220889525848,-0.6373100707310645,16.730422973632812,1.8724689483642578,0.7834895071860469,6.075630910034826,58.93170565051661,-19.577291474620075,,,2.3686901343720836,nan,,,0.972684383392334,,None,-0.4275867496109402,0.7413823247540199,-0.6469996220764702,0.09161042422056198,0.41746980046745163,0.05252150818705559
Gaia,DR3,3798385930311558656,172.1770886296752,0.9368408217820068,15.131367683410645,1.7145891189575195,4.794303954100963,1.0288984838140935,33.53892338955953,-19.342308080924077,,,2.8695559020066526,nan,,,0.9730285406112671,,None,-1.7129065962740617,1.2215091290992954,0.13580670339119116,0.033931948244571686,-1.0131181720730824,0.023634618148207664
Gaia,DR3,3798982136196023680,175.36569100028728,1.1421854130275155,19.011878967285156,2.566059112548828,4.6433243603540415,3.637234201258297,36.982241690712804,-19.462330672593815,,,2.4474920520212344,nan,,,1.0948328971862793,,None,-0.9023601702918529,1.0789405088921216,0.20125809986244952,0.3103674650192261,3.2053572268748436,0.2355494648218155
Gaia,DR3,3796036102163510144,177.7009640468773,0.7539175500056187,18.829490661621094,1.2284393310546875,4.834004134408807,5.824701104324991,44.0852182115778,-19.53106103287674,,,2.496772774312527,nan,,,1.0577478408813477,,None,-0.5012704701666757,1.0315575160831265,1.5592116766203021,0.41314950585365295,2.524254723985901,0.22360308468341827
Gaia,DR3,3798735368850539136,171.04924889522047,1.7573526812572013,12.31542682647705,,2.861958612561305,2.023629586164123,58.725944653002635,-19.25200500134033,-15.183475494384766,2.175355911254883,3.086600869319363,nan,,,1.4785220623016357,,Gaia_DR3,-2.0903915646881788,1.4929281559064695,-3.13042651925653,0.02939002588391304,3.0376795333975997,0.021440058946609497
Gaia,DR3,3799491970289495040,176.45972997601837,1.9048816390178696,13.89964771270752,1.0716962814331055,1.107758397763572,4.934569121024197,66.64147881289824,-19.46258845054999,-8.991678237915039,3.015416145324707,2.283241452932714,nan,,,1.5230317115783691,,Gaia_DR3,-0.6623201577460929,1.1317002176914812,-0.482798178767366,0.031129203736782074,0.62963293318675,0.02013538032770157
Gaia,DR3,3796124956448003840,178.1667403388256,0.9061006937356092,19.35808753967285,2.756284713745117,3.8770029042686565,6.307704530554158,55.80713572519561,-19.53287984381231,,,2.922179537887349,nan,,,1.0312105417251587,,None,-0.48866558093406914,1.2393601325508374,0.6102250343872268,0.4005586504936218,3.359869388510977,0.18919114768505096
Gaia,DR3,3797565449823084800,173.52981917235246,0.5571056036383673,15.163046836853027,1.4763755798339844,2.988094549519559,1.7123080867115836,32.67433580220794,-19.416657120676472,,,2.42817419108089,nan,,,1.0715038776397705,,None,-1.214771836460437,0.9682422442817438,-1.4286688776796912,0.038193028420209885,2.482768802439072,0.02925458550453186
Gaia,DR3,3792830476013568640,175.92723095767087,-2.3048846209175475,17.853654861450195,2.610321044921875,2.109978923703105,4.578918702954233,32.78312954742704,-19.568948342997786,,,2.717338123148627,nan,,,0.9830942749977112,,None,-0.8922514257138839,0.5245738253145619,0.3136139107167656,0.18435737490653992,0.4420629108105664,0.10794674605131149
Gaia,DR3,3797840469464174464,171.28903518529157,-0.11210137106032743,19.652162551879883,2.2543582916259766,3.3766486242348783,0.6465016699751313,48.23372910544231,-19.32982379182013,,,2.3288478586552266,nan,,,1.023153305053711,,None,-1.537483904929661,0.8172661563547314,0.11791496351747627,0.47388848662376404,0.9054720240488326,0.3148288130760193
Gaia,DR3,3798956263312957312,175.20989395767134,1.0279236046618772,18.468074798583984,2.3841190338134766,1.5517772664425442,3.4528850606753774,26.680873966737636,-19.461635725070106,,,2.723956715588625,nan,,,1.0275986194610596,,None,-1.0347541443599555,1.1784613181038817,-1.5011111135442214,0.2875652313232422,0.41915235582678867,0.25119534134864807
Gaia,DR3,3792888887568889984,175.14836489919216,-2.7180124993278354,18.220073699951172,2.5723705291748047,2.3715181261000784,4.168488044015913,67.5830081467164,-19.552101910067847,,,3.1373987529135636,nan,,,1.0061190128326416,,None,-1.2056643273924288,0.5129858524156092,-2.7301657563660475,0.19189970195293427,0.14403991634997362,0.13701249659061432
Gaia,DR3,3798043088841832704,169.00637137469698,0.09408540797965878,11.278264045715332,0.6292543411254883,4.408078770925667,2.931490029718083,25.32986811118938,-19.183725577024777,-6.67324686050415,0.8866257667541504,2.7418316997671255,nan,,,1.0055652856826782,,Gaia_DR3,-2.253918794935011,1.002289216413315,-2.9409363812717007,0.02544860541820526,-1.4512334401006501,0.01847659796476364
Gaia,DR3,3798239042429913728,171.72542959711396,0.33906478737389895,16.65028953552246,2.3009872436523438,3.659277369111991,0.4526514468533923,59.946989737490235,-19.339400623315974,,,3.110452379826699,nan,,,0.9347506165504456,,None,-1.9568477355309604,1.1914833706241517,-2.0085512478553094,0.07080002129077911,-1.2074011673291738,0.05579564720392227
Gaia,DR3,3801236066313508224,163.90425406178443,-3.636526660408603,12.504826545715332,0.9115371704101562,2.3698552116865743,8.783751080881617,64.19924248224736,-18.834101408965772,-1.6860466003417969,2.9908270835876465,2.8580219254010397,nan,,,0.9534311890602112,,Gaia_DR3,-3.368837668831582,0.3061719407874399,-3.0612795398260557,0.016414133831858635,-1.0881475806471044,0.014058931730687618
Gaia,DR3,3798337203907253888,171.56013149158065,0.839448494456694,18.301862716674805,2.6578502655029297,2.519964892682808,0.9765517847005254,41.120128570935705,-19.31412107485844,,,2.3700752805789294,nan,,,1.123373031616211,,None,-1.5189656439964065,0.9922198750961994,-2.4992099102211567,0.22263458371162415,0.2020526107911073,0.17061911523342133
Gaia,DR3,3799145825989689728,173.28332264906464,1.0899975457762663,19.566137313842773,2.4520206451416016,4.074180120594879,1.7749476037748988,18.181562726953754,-19.387855774604134,,,2.5315297220380875,nan,,,1.0673331022262573,,None,-1.3111161846692194,1.1057440388272086,-3.439327814395669,0.51338791847229,0.6605597621358008,0.39717498421669006
Gaia,DR3,3799601504840051200,176.34095842670192,2.5539507690997527,18.465362548828125,2.4871463775634766,2.5640472359725264,5.124389373238348,34.064205700871725,-19.431832937716788,,,2.6328436386193528,nan,,,1.0723203420639038,,None,-0.786215785743866,1.4272782548346528,0.42935449305263784,0.258591890335083,0.6872325817017904,0.15487629175186157
Gaia,DR3,3791171175528019712,167.9586049017596,-2.142346631293474,17.977949142456055,2.6032238006591797,4.490189692900866,4.485284397026907,34.3107164696001,-19.162322289293037,,,2.752922557009966,nan,,,0.9715096950531006,,None,-2.466402649037545,0.5724549052518055,-3.5349585066571843,0.15967418253421783,2.9491460276308623,0.11386486887931824
Gaia,DR3,3802219682543544960,162.0491319774745,-2.9852059708481935,17.436595916748047,2.482328414916992,4.216799506263685,10.303083840622685,69.65079955569621,-18.636647871750732,,,2.568611835232658,nan,,,1.0296266078948975,,None,-3.3552505269875477,0.39653951862032244,-1.550632595646442,0.11241863667964935,1.7954846300785523,0.08585046231746674
Gaia,DR3,3793342333036065536,174.22375230161182,-2.4749410739184965,11.809924125671387,0.7188129425048828,1.9967697687665007,3.3255632474749874,64.41602941494605,-19.516732752478532,6.629520893096924,1.4090001583099365,3.122659422052594,nan,,,0.9545596837997437,,Gaia_DR3,-1.407052635175417,0.5661191557008485,-2.381397999375165,0.02252291329205036,1.4484052329077175,0.015759170055389404
Gaia,DR3,3797254597270276224,173.88144968404674,-0.21099685145412433,18.57831573486328,2.8217124938964844,1.977527615481673,1.953410750258833,33.81317435885849,-19.454440955394432,,,2.857601028745222,nan,,,1.0011215209960938,,None,-1.3576831877878488,0.9824382007138963,-2.2210490797184663,0.23633897304534912,0.16161063899876751,0.18877968192100525
Gaia,DR3,3800727713984220544,175.01888523920277,3.7807364682612024,19.080245971679688,2.3762474060058594,4.097039524007509,4.9272885268398054,58.51046192947086,-19.33458215226982,,,2.3339854923963053,nan,,,1.0287151336669922,,None,-0.9186091662976483,1.468581192535235,0.3900146407760087,0.31034234166145325,-0.06477498799649721,0.25133150815963745
Gaia,DR3,3800847874284987392,173.19191831709523,3.5572977778774395,15.36803913116455,1.4794597625732422,3.4706846393221293,3.8323200916834685,62.5451874357604,-19.276811445369834,,,2.2849714952809004,nan,,,1.031694769859314,,None,-1.198354635953304,1.3993109418664917,-2.45045043858055,0.041408609598875046,2.507105609600195,0.032108355313539505
Gaia,DR3,3798624661773567872,170.9011364216957,1.463605199666779,18.192195892333984,2.7125186920166016,4.083930994629886,1.842807976387305,65.4097429712197,-19.2551461521964,,,3.155242687675457,nan,,,1.0853525400161743,,None,-2.170102297121979,1.4602709136299572,-2.0090820137665655,0.21376940608024597,4.1719491382045994,0.1611245572566986
Gaia,DR3,3799178712554856960,173.64599528083556,1.3596175007703717,17.864774703979492,2.581756591796875,2.3972620638518225,2.2259784336853237,21.772709056053486,-19.393044730957996,,,2.7387123285536346,nan,,,1.0185729265213013,,None,-1.3473598177467112,1.249142281828277,-2.2006966327487962,0.1737760305404663,0.15945262513902303,0.13083025813102722
Gaia,DR3,3801892857007739008,163.97350591463896,-2.7418576224367084,18.159170150756836,2.5489025115966797,4.470843143888967,8.395924505311976,58.29180789907257,-18.830608202612538,,,2.5346914299621104,nan,,,1.0880886316299438,,None,-2.9755894206603455,0.4285717158031752,-0.9662046960148865,0.1865665167570114,-0.8634898196031514,0.18197302520275116
Gaia,DR3,3803916336360125824,167.66819733593059,-0.4917693103837535,18.52876853942871,,0.9048479131564461,4.286912975425767,45.66345234564216,-19.104206458971717,,,2.901563169585326,nan,,,0.8885606527328491,,None,-2.658832383626941,0.9410685643422807,-2.790592169761563,0.20937258005142212,1.4786327281415599,0.1963157206773758
Gaia,DR3,3796407732799496448,177.33988070847207,1.5057678107825594,19.656747817993164,2.678895950317383,4.867104656572929,5.628617001179134,51.85614433013431,-19.497295566760595,,,2.406995190716175,nan,,,1.0019642114639282,,None,-0.5458108618436055,1.1244240440002304,1.9013107288812736,0.468517929315567,1.457317100967282,0.31614404916763306
Gaia,DR3,3799727575015361024,174.72320369546503,2.4159456513641353,18.30778694152832,2.626007080078125,2.88550489904002,3.7311507000226136,41.03878252454087,-19.390261486586937,,,2.8744925083663144,nan,,,1.021087408065796,,None,-1.1923130645366178,1.5286715168115876,-1.3782092470919785,0.22589878737926483,3.267296522929519,0.2351938933134079
Gaia,DR3,3792095486850034304,174.83597463832334,-4.04365681071684,15.738985061645508,1.8689689636230469,4.620427221953949,4.925044014480597,38.953788150824344,-19.554604023382954,,,2.786534339547829,nan,,,0.9741160869598389,,None,-1.1332898762059191,0.19002890356429541,-3.117088116952617,0.05879363790154457,2.0424031440987407,0.04133280739188194
Gaia,DR3,3796596951878334848,171.9215514718294,-1.7159377670694171,17.851064682006836,2.6754093170166016,1.1223396234988003,1.6531334875112202,55.504233699383576,-19.402168482599503,,,3.0598052108057736,nan,,,1.512224793434143,,None,-1.8822217935524386,0.7235110925838699,-1.3278220453371448,0.226937398314476,1.1890714864689345,0.18326398730278015
Gaia,DR3,3803820365315502464,166.0338194929548,-0.45844388558107374,12.347306251525879,0.7431936264038086,2.5238522820533866,5.913014447945471,68.12516768601762,-18.971652605389156,-5.85270357131958,1.568386197090149,2.2988246322278667,nan,,,1.0893758535385132,,Gaia_DR3,-2.3696981743994083,0.7514806353639123,-2.074532003180143,0.01708368957042694,1.9384281729762793,0.014589794911444187
Gaia,DR3,3804426608539142528,164.68544102472913,-0.9220881332939673,11.591913223266602,0.6587057113647461,4.692883045183764,7.298635605286475,51.94544961424616,-18.863347741373786,13.55812931060791,1.0465421676635742,2.7811862076917815,nan,,,0.8586218953132629,,Gaia_DR3,-3.1278742036839606,0.8202008637555729,-4.25459968054975,0.018942246213555336,-1.6899681975853234,0.01627339795231819
Gaia,DR3,3802151753341267712,164.31476117819773,-1.4888412080426863,18.67523193359375,2.573497772216797,4.385778697704308,7.750316021017456,53.196663176291395,-18.841379303954263,,,2.744945074404982,nan,,,1.0617408752441406,,None,-3.1576223934248744,0.7019555942000459,-4.247531809987467,0.2524331212043762,2.9938871129226423,0.23633000254631042
Gaia,DR3,3802903681855251840,164.19561942223083,-1.4260221980671415,18.171213150024414,2.6323318481445312,4.740630460101213,7.856369770197988,57.292498801888264,-18.828662353399316,,,2.490253099018961,nan,,,1.0210602283477783,,None,-2.885173708921091,0.6478242931802374,-0.9961775178877138,0.18766888976097107,2.2680940513907215,0.1472124308347702
Gaia,DR3,3805491245032215168,165.5164266002631,1.7451169555538182,19.757543563842773,2.424060821533203,0.9326469481665691,6.666131188240675,66.87214669825768,-18.853160970813096,,,2.3314366876592625,nan,,,1.056079387664795,,None,-2.4874156146125204,1.1196642874561507,-2.488722596762675,0.501514732837677,0.661279239688946,0.3679255545139313
Gaia,DR3,3805022131524593664,166.24737675926232,0.5560624602356457,18.852622985839844,2.3178462982177734,3.3619093588500726,5.719784968016879,38.44547642396981,-18.959322506218392,,,2.6758853609933864,nan,,,1.6130545139312744,,None,-2.7184764842529847,1.064312631590242,-3.5403525401937443,0.44656819105148315,2.7734348964945297,0.3867802321910858
Gaia,DR3,3798965235499634688,175.54110287279124,1.035670218616476,17.226938247680664,2.5456180572509766,2.587912197618854,3.7708168364324806,41.18092152208226,-19.471440517634576,,,2.874450583499843,nan,,,1.9018957614898682,,None,-1.023569738846894,1.245275281859478,-2.4675117256735666,0.3529416620731354,1.857008542925845,0.31062257289886475
Gaia,DR3,3793121812235122176,175.7893167935935,-1.7543416590379268,18.346384048461914,2.8981990814208984,4.899613730679262,4.209801376069982,28.64832155268799,-19.555450303076494,,,2.587813932907187,nan,,,1.0705949068069458,,None,-0.8753636111463396,0.6022558285909129,-3.4597885144186145,0.278806209564209,-0.07984171883420602,0.1604488044977188
Gaia,DR3,3805032095848707968,166.17348614320355,0.5081152223211134,18.681127548217773,2.7053146362304688,3.8794050087270184,5.788334163321413,62.439790991941564,-18.954667397151486,,,2.3330612783604048,nan,,,0.9223915934562683,,None,-2.382238425942911,0.9201209982092177,-4.15100142264201,0.22934222221374512,1.6356711190243756,0.20349934697151184
Gaia,DR3,3803721993384816896,166.07581353257171,-1.000627462521378,19.956716537475586,2.485301971435547,2.473829117694992,5.932120680850282,55.56750077952521,-18.989043064146905,,,2.3894533889342506,nan,,,0.9439836740493774,,None,-2.456116331830834,0.6905507404855251,-1.2898644003549669,0.5689840912818909,0.25160956382996985,0.47892215847969055
Gaia,DR3,3803631872085913472,165.37562654390115,-1.1308703936789153,13.480534553527832,1.088465690612793,4.942442817277585,6.643985201521486,51.436679138419784,-18.931158211616722,-36.25953674316406,2.1227147579193115,2.8377959189210658,nan,,,0.9949778914451599,,Gaia_DR3,-3.055466237167557,0.7949995300138237,-0.1183353034957497,0.018140321597456932,0.4549804753280221,0.01575363799929619
Gaia,DR3,3795852685584947328,175.70047587156637,0.3567690007190993,18.333316802978516,2.604167938232422,3.931113257917926,3.7900967255670563,42.008124692424836,-19.49902708626582,,,2.4145928287185456,nan,,,1.169258713722229,,None,-0.8321790344112125,0.9284807188589753,0.6726478635776463,0.2320863902568817,-0.39044494620621994,0.1738954484462738
Gaia,DR3,3800883711492131200,173.57687688302448,3.9109335688356084,11.22193717956543,0.6904258728027344,4.164935056053859,4.2996490121305335,29.062496994290314,-19.274753982533785,9.182543754577637,0.9250388145446777,2.593973238301392,nan,,,2.532414674758911,,Gaia_DR3,-1.2889836004962583,1.6542240112240703,-3.564841377274974,0.05676276236772537,1.7416106709061114,0.04296940565109253
Gaia,DR3,3803395580165398912,165.9581120467346,-1.766445013917432,17.17852783203125,2.367919921875,2.0276770381514697,6.212701499871415,68.22826444720815,-18.995612562399312,,,3.078715057107799,nan,,,0.9993192553520203,,None,-3.1898995025107757,0.725036956472336,-2.1768142487241793,0.09239494800567627,-0.11492956781800129,0.07404909282922745
Gaia,DR3,3803510577914141952,166.5310577831128,-1.2594448847947797,18.90798568725586,2.5017547607421875,2.85725073281462,5.533081381125111,67.73482773812823,-19.033145978347296,,,3.098670973222743,nan,,,1.1038581132888794,,None,-3.0865368822999377,0.8388879837539336,-1.2206384988372625,0.2542375922203064,0.8840433903456582,0.19546197354793549
Gaia,DR3,3803934512661594112,167.23543135164022,-0.6348261942294573,15.682571411132812,1.972212791442871,3.6569689771938716,4.732810712490863,45.21029988388025,-19.074633172616736,,,2.4239996475482566,nan,,,1.5810916423797607,,None,-2.294887204311713,0.7619753658774888,-1.4829956421977721,0.0738740935921669,2.4451156022399254,0.04685666784644127
Gaia,DR3,3801859489406484224,165.44734423182604,-2.103233096570372,19.681949615478516,0.0592498779296875,3.9251551570089207,6.798231213209104,45.223238028154086,-18.957338586068975,,,2.6592735717801377,nan,,,0.9449359178543091,,None,-2.8499762826771056,0.5645283108186834,-1.4192441202975312,0.4641065299510956,-1.1072904213674595,0.37017232179641724
Gaia,DR3,3803835071283727104,166.08721550251917,-0.17547119994277496,19.55717658996582,2.4373245239257812,4.369916382806686,5.8475143242322245,42.11993971322031,-18.968313609177336,,,2.7537840205951363,nan,,,0.9890364408493042,,None,-2.8284192315494265,0.9546161975413318,-0.9224932447599248,0.40065720677375793,-0.7196119499280577,0.31564512848854065
Gaia,DR3,3804656200311067264,165.04826667436038,0.1493150832606334,18.472990036010742,2.307323455810547,4.498142957261371,6.888654190357757,55.021726890182435,-18.867292185044803,,,2.8731581878654175,nan,,,0.9878762364387512,,None,-3.158943403651509,1.061006388882948,-2.151882994475419,0.22038184106349945,-1.4705221737686287,0.17927537858486176
Gaia,DR3,3808577402373062144,165.1019880649693,2.3348989988897775,17.866613388061523,2.5578765869140625,3.100559761718703,7.238489655306008,48.10116786709643,-18.79168106934708,,,2.628286338497737,nan,,,1.2670396566390991,,None,-2.8799030995373442,1.3689170376202484,-1.2334395682218087,0.17995338141918182,1.8592462017733096,0.12710240483283997
Gaia,DR3,3799118991033709696,174.24135974393292,1.2519733991217417,19.127153396606445,2.784496307373047,2.3908233951146993,2.6558300746655843,39.166104759000625,-19.42025088160821,,,2.4042920533011363,nan,,,0.9797738194465637,,None,-1.0803270302640473,1.0783872414123836,-0.911196066947802,0.3744909465312958,2.278312519746766,0.27118775248527527
Gaia,DR3,3803834903780308992,166.1184091642595,-0.18484792384395063,18.631065368652344,2.3756484985351562,4.727581477769998,5.816514498573979,59.457121561345794,-18.971230279708863,,,2.3551736880113543,nan,,,1.350616455078125,,None,-2.4138758083227962,0.8148889505600136,-4.337074191411182,0.3528249263763428,-0.5307470985938119,0.23106837272644043
Gaia,DR3,3803887744762668160,167.3219431621889,-0.6424114074550201,19.72666358947754,2.447265625,3.706593057602091,4.647884089521235,32.90905157432987,-19.081584593165836,,,2.554688256517902,nan,,,1.262236475944519,,None,-2.4031052181103516,0.8016551545361832,-4.0571646022486245,0.5933501124382019,1.9191986221154487,0.3961549997329712
Gaia,DR3,3798359335873900672,171.66311978451722,1.0754438757870557,17.565811157226562,2.2103328704833984,1.6749953477111652,1.1699970029009665,20.392916387006125,-19.311211809120728,,,2.4990768569043933,nan,,,1.0998101234436035,,None,-1.5833117488447952,1.0882090618138494,-2.374886724529898,0.16165542602539062,0.6982000291727011,0.1020764708518982
Gaia,DR3,3798735368849726336,171.04926616878515,1.756951301200173,12.133989334106445,0.7732620239257812,3.103805574661888,2.0232610419523187,55.72250648076524,-19.252022030802546,-19.302467346191406,3.939404010772705,3.057442336815261,nan,,,1.0576146841049194,,Gaia_DR3,-2.070640277018682,1.4787377807956605,-3.749119128445703,0.022240789607167244,2.567228035203138,0.01675417833030224
Gaia,DR3,3803575900072092288,165.16227864792882,-1.6888317375678437,15.895045280456543,1.6363306045532227,4.055341371332605,6.962873306524489,55.81693013474559,-18.924064676998942,,,2.439974332592238,nan,,,0.9562854766845703,,None,-2.6633378388871294,0.588920007791763,-4.2991787995703055,0.05283920094370842,-0.7053804058008569,0.04096395522356033
Gaia,DR3,3804084286761500416,167.6469953180372,-0.032868034480331904,17.7950439453125,2.452953338623047,0.22878604597236754,4.28676674827192,34.61607583555963,-19.08967085239502,,,2.500316526409451,nan,,,0.9979527592658997,,None,-2.294877927474746,0.8916099865178885,-2.1747317345176564,0.15952655673027039,0.9019610384458508,0.1267961710691452
Gaia,DR3,3803802085934411136,165.378081353643,-0.6252560174966828,17.44988441467285,2.196582794189453,2.282390134294222,6.57951373029308,60.21281158812235,-18.91892053460402,,,2.379297854840402,nan,,,0.9978630542755127,,None,-2.561393076163576,0.750374177043105,-3.46070514929509,0.1335020214319229,1.458757647442067,0.09807926416397095
Gaia,DR3,3805008971744769536,166.02210029497905,0.4518040536968192,17.99919891357422,2.633878707885742,3.5484075657936507,5.933864928367615,57.266783069910495,-18.94364068116842,,,2.9603015783874196,nan,,,0.9873148202896118,,None,-3.053990185398213,1.1557971011397448,-4.048657804967359,0.1583399474620819,-0.8226643140314829,0.1456834077835083
Gaia,DR3,3803916336359433728,167.66807854432662,-0.4920311408900505,17.577909469604492,2.5119094848632812,0.7374284010572061,4.287057314476579,29.72576777485982,-19.104204478826276,,,2.688920050986495,nan,,,1.5806100368499756,,None,-2.4640004139782654,0.8720522095092325,-2.0625734544377954,0.18621857464313507,0.9886312665933128,0.17822350561618805
Gaia,DR3,3804810166298526080,163.88749653565483,0.22450101150795188,12.17064094543457,0.7391748428344727,3.6484007579501703,8.051275162337001,58.31515235138152,-18.755523008503495,4.581700801849365,1.902296543121338,2.4936573063945184,nan,,,1.0209295749664307,,Gaia_DR3,-2.942236716886389,0.9336608706602114,-2.4396431421011053,0.0187736414372921,2.784557676359192,0.013782652094960213
Gaia,DR3,3800836638650557312,173.51973435701964,3.509238027402239,12.312468528747559,0.78607177734375,2.2204723648086357,3.9079850766377313,56.616639596908996,-19.293120126808617,26.790807723999023,2.397002696990967,3.028507730828026,nan,,,2.443566083908081,,Gaia_DR3,-1.5172932078057604,1.8448638385745435,-0.1071089805292269,0.04375723749399185,1.6996807033714132,0.03427016735076904
Gaia,DR3,3796859357199967232,171.161432383253,-1.2377116210544277,17.561384201049805,2.3708019256591797,4.79263031670781,1.4058943753610118,48.770102193556916,-19.35175746871883,,,2.3303015851240705,nan,,,0.9878205060958862,,None,-1.5595981782863477,0.6310309684498707,-1.2984542815435993,0.12889213860034943,-1.7088258050104697,0.12896421551704407
Gaia,DR3,3796875678076964864,171.01068833739632,-1.1552115292079508,18.514719009399414,,4.088551971137924,1.430038155674481,49.8176724001308,-19.341476704554267,,,2.3247109634762064,nan,,,1.045706033706665,,None,-1.5807776331013326,0.643264282487947,-1.0658245976286667,0.26653170585632324,-1.2931198170010254,0.2851715087890625
Gaia,DR3,3798385926015757952,172.17592533163995,0.9392525182041571,17.0778865814209,2.6200380325317383,4.331889086574908,1.0309679008295625,38.50868971665076,-19.342165676750586,,,2.911838221660765,nan,,,1.0419716835021973,,None,-1.7383875287849067,1.2400073336311541,-0.47076580155780345,0.0989113375544548,-1.097510012199578,0.07222089916467667
Gaia,DR3,3804016666796399104,167.7417583570579,-0.3318256117262607,19.214448928833008,2.5779190063476562,3.62496963199864,4.200492459727275,33.46319559470399,-19.1054013061689,,,2.762952318135968,nan,,,1.0275893211364746,,None,-2.5175296451759523,0.9271735643790422,-0.4901485751938235,0.36384379863739014,1.5168398000004495,0.3079598844051361
Gaia,DR3,3804654929000708096,164.876051804987,0.08742856995732103,18.6025390625,2.560029983520508,3.1975794106275983,7.059204521024139,65.07813151207199,-18.853421036509268,,,2.360508945370318,nan,,,1.1032572984695435,,None,-2.6235358152362656,0.8615339470113936,-3.4573468628229063,0.2459111362695694,2.216746517489508,0.17038494348526
Gaia,DR3,3797494432539781504,172.38692302269286,0.20742501922545484,14.037384986877441,1.215169906616211,3.190771510369137,0.5277268267965036,68.45282546555165,-19.376662722921427,9.981183052062988,4.908835411071777,2.223574983407175,nan,,,0.9855808019638062,,Gaia_DR3,-1.2940169447702372,0.8309700970904003,-2.748283211800122,0.022582290694117546,1.180497477201947,0.0163723211735487
Gaia,DR3,3800955897007059200,174.39246809577992,4.176523144383259,19.021480560302734,2.5515308380126953,4.777636552483015,4.899740952552039,34.29985434897609,-19.292011171910687,,,2.5593285685614786,nan,,,1.0217372179031372,,None,-1.122274572734503,1.6815909235817377,-2.8051277708734417,0.3631090819835663,-0.2709673886400366,0.22088079154491425
Gaia,DR3,3801592754757825792,163.1248608508922,-2.612859322968609,17.835365295410156,2.3861351013183594,3.1587667132539785,9.167456878877863,63.21040902192497,-18.74436012500039,,,2.5385092038338346,nan,,,1.2440065145492554,,None,-3.1286206856392154,0.4539815120179824,-3.852088192347327,0.15659789741039276,-1.0737691815000456,0.14162757992744446
Gaia,DR3,3810502067413185024,168.6962556776311,1.740446688138791,16.359413146972656,2.1388235092163086,2.000044417808902,3.7053394420070718,52.26850494683338,-19.104656191446686,,,2.343703196579596,nan,,,1.0605978965759277,,None,-1.9779521044800108,1.1285708503381646,-2.6790106946756973,0.06613394618034363,0.4321476093024031,0.04675484821200371
Gaia,DR3,3810968977602080896,169.2713814779873,2.266782396755655,18.118515014648438,1.9164314270019531,1.3051400241939084,3.5371318600718054,59.13104569240146,-19.122042296360974,,,2.299372374915921,nan,,,2.19094181060791,,None,-1.8471305077177198,1.193055066584497,-2.4635896356427045,0.341601699590683,1.335229258024388,0.27853924036026
Gaia,DR3,3803393686084124800,165.60289525903522,-1.5883673891580994,19.866682052612305,2.3370113372802734,2.264822589070218,6.511150083656102,68.03387313084946,-18.96124799897741,,,2.3178235047970883,nan,,,1.0024213790893555,,None,-2.4589324919144504,0.5751288722777599,-3.2308993992795023,0.47809919714927673,1.368045221068801,0.3940941393375397
Gaia,DR3,3798467839632944896,171.91189859303802,1.3962601007803395,19.72664451599121,2.1483592987060547,2.2379513286741037,1.4592709218643576,49.72462170892855,-19.312205422735254,,,2.325457228669874,nan,,,1.0355478525161743,,None,-1.4320917995853142,1.0657881621803893,-2.4969943307781053,0.4853886365890503,1.329670069543885,0.41144081950187683
Gaia,DR3,3802880248514274816,164.04639510077806,-1.4724850937870335,19.358646392822266,2.8462867736816406,2.415684395529869,8.011346876254612,62.599110718207804,-18.815292921553493,,,2.4347188251161507,nan,,,0.9674244523048401,,None,-2.845960266392926,0.6257247434750026,-3.686037377417728,0.38436296582221985,-0.2861839933369454,0.3285031020641327
Gaia,DR3,3798071465690686464,169.18732104937146,0.3401236745265383,18.76693344116211,2.3976364135742188,0.6871206067742237,2.77573094538551,34.45116934762938,-19.188318476747177,,,2.438937432316659,nan,,,1.0655535459518433,,None,-1.9737397143226927,0.9339768143709168,-1.642580867496619,0.24724562466144562,0.8109160105662837,0.19763284921646118
Gaia,DR3,3802880974363197312,163.91759824131398,-1.542918141750359,18.284021377563477,1.683145523071289,4.878171096222615,8.150559422885712,54.46013055517715,-18.804277295187674,,,2.603935599652623,nan,,,3.178419589996338,,None,-3.066937773193474,0.656693053606499,-2.721797377163316,0.5049451589584351,3.3121601386399937,0.3461720049381256
Gaia,DR3,3812823269602959488,171.2431694383794,4.380861259684743,16.945207595825195,2.3042783737182617,3.7602477951715585,4.496934121847454,40.69864376926358,-19.137599063212082,,,2.836097177840093,nan,,,0.9562722444534302,,None,-1.881620548729226,1.8980282719489634,-1.360821526970398,0.09109200537204742,-0.28898579230294014,0.08016838878393173
Gaia,DR3,3813278265553566208,172.1747520293377,5.196570334579812,17.587074279785156,2.7219791412353516,1.7627645887163246,5.264926964819198,47.043400399080795,-19.138875117350693,,,2.8708217623477448,nan,,,0.9808244705200195,,None,-1.7141406677766662,2.0887320774370832,-2.0356112095240393,0.14974693953990936,1.0714979314894746,0.11100706458091736
Gaia,DR3,3800569319886075520,173.79893399290998,3.0226648995542504,11.584531784057617,0.7480649948120117,2.771640743570223,3.6050634289232355,50.09265319973905,-19.32827430901486,-3.9264843463897705,1.0259219408035278,2.355132045452866,nan,,,0.8875110745429993,,Gaia_DR3,-1.1328677160055816,1.3535131706513162,-0.4894389182698935,0.0214597899466753,2.5698988068561075,0.016798105090856552
Gaia,DR3,3811284881036805760,167.31161504688157,2.0384566909253894,11.986967086791992,0.8400115966796875,3.568091280629748,5.076418342257608,56.7054643659202,-18.99032015534577,-5.753346920013428,6.535794258117676,2.991209519542529,nan,,,2.1122512817382812,,Gaia_DR3,-2.815893700912998,1.5007522230436843,-1.1076981467609104,0.03653765097260475,0.036384895848865985,0.028929434716701508
Gaia,DR3,3812399373511063680,171.0834139089511,3.118240431506136,14.661141395568848,1.3282527923583984,0.4563298306911725,3.292649990663461,23.536211076547893,-19.194027682808866,-16.469602584838867,6.943852424621582,2.5683175625101393,nan,,,1.4805470705032349,,Gaia_DR3,-1.7331459890541538,1.4896712095643903,-1.4959494802013233,0.041140757501125336,1.420525821221867,0.030555395409464836
Gaia,DR3,3812495924375356800,172.37783462794786,3.5902300351253307,19.669870376586914,2.329235076904297,4.524388915398687,3.679948623600085,27.48386320788495,-19.23792960767155,,,2.5439416035939137,nan,,,1.0324443578720093,,None,-1.4821053063151028,1.5625963787056327,-0.1507477649671873,0.5236955285072327,3.591092133750417,0.3326261341571808
Gaia,DR3,3808746005610760832,163.8832403979819,2.4973924484734016,19.216938018798828,2.532438278198242,4.277367212544134,8.44535234415112,57.21777474270282,-18.669961539117928,,,2.735541137858328,nan,,,0.9307997226715088,,None,-3.2284368451335776,1.452642420161953,-4.968939311863711,0.35869643092155457,-0.2952458061036809,0.2574957609176636
Gaia,DR3,3811925999395347968,170.0216862489553,3.62341675848335,18.075401306152344,2.4267120361328125,2.868364456466201,4.152035543068078,34.80879938879124,-19.106572777386376,,,2.784078579341359,nan,,,1.0183895826339722,,None,-2.0886187287566775,1.711820200494202,-3.5315353204889957,0.17363117635250092,0.8445914161635458,0.1500834971666336
Gaia,DR3,3804707121442889088,164.0482264559672,-0.3511043142491838,19.468332290649414,2.7135467529296875,3.5463948055583745,7.890639407589426,64.32763001154343,-18.788023612798725,,,2.9377635666602733,nan,,,1.077652096748352,,None,-3.4336009104784475,0.9830589621977452,-4.222128254680698,0.4314136505126953,3.032946181500109,0.35893359780311584
Gaia,DR3,3810478874589810944,168.99615911691427,1.4590832350525111,18.148929595947266,2.626253128051758,2.922499752818809,3.3080797945092164,32.224942569724355,-19.13630692261235,,,2.7995165115247485,nan,,,1.0199867486953735,,None,-2.30335803816888,1.2929503929955215,-1.9543483806629716,0.20259222388267517,2.982030442888973,0.1548566371202469
Gaia,DR3,3800523136102498816,175.0207813818856,3.0249894874868897,17.9658260345459,2.4572620391845703,1.6375911548411057,4.365362733621077,30.732878708031375,-19.372304422767797,,,2.7013665170104897,nan,,,0.939093291759491,,None,-1.0628353169924463,1.5542729966600515,-0.9499087115530865,0.15842625498771667,0.6285679472433293,0.1009262353181839
Gaia,DR3,3799727575015360896,174.72444665434526,2.4152848201093606,15.203083992004395,1.802382469177246,2.75730678148797,3.7316409878755055,26.32632405474459,-19.39033317578818,704.853515625,11.125907897949219,2.5684202464464936,nan,,,1.1652995347976685,,Gaia_DR3,-1.065128148054468,1.3657803450380932,-1.7713578085155393,0.040526583790779114,2.6811171169063446,0.032545458525419235
Gaia,DR3,3812947484352360448,172.8032878080872,4.280897596882205,17.992664337158203,2.9168453216552734,4.369593089599857,4.429785348834351,36.99648750038049,-19.22135040319017,,,2.7944155984535146,nan,,,1.0678461790084839,,None,-1.5431462581518578,1.8539007731858406,-0.04591629725484563,0.14831194281578064,-0.23995422841723696,0.12003927677869797
Gaia,DR3,3803147262335953152,162.41655712441272,-0.7081006079595507,12.444114685058594,0.9060745239257812,1.4558953268054622,9.538684761406628,63.24752386420289,-18.632178370216085,-18.06622886657715,1.4803354740142822,2.6763048721391938,nan,,,1.127545714378357,,Gaia_DR3,-3.4286100177330137,0.8306142829153083,-2.6200006611432314,0.01612536795437336,0.6861976647163708,0.013676892034709454
Gaia,DR3,3812975934215767808,173.1144838063631,4.419148258776491,16.08448600769043,1.9454240798950195,1.3858702203123208,4.634643054275945,54.56985050607639,-19.22759652234971,,,2.984212450743791,nan,,,0.9737743735313416,,None,-1.5815926142729455,2.00968470694198,-2.451143998743739,0.05921810865402222,1.9463661197986752,0.04129108041524887
Gaia,DR3,3815055827963424384,165.62538934466437,4.164302679640097,12.394207000732422,0.7564888000488281,4.634321435069287,7.589068478695939,50.416091326771586,-18.749821459249326,27.816083908081055,2.159822463989258,2.660758142829106,nan,,,0.9836462736129761,,Gaia_DR3,-2.818575276654725,1.723740389215214,-4.5829299674229524,0.01824156753718853,3.632728649258185,0.014047041535377502
Gaia,DR3,3811068796937854080,170.63985976954854,2.8408679768600837,18.169292449951172,2.515745162963867,3.6982191943040754,3.1787015408718817,24.347726003084386,-19.181801487183222,,,2.712033773863193,nan,,,1.0299246311187744,,None,-1.915617862250339,1.519132974125479,-4.029253512387699,0.17452950775623322,1.5744948862741897,0.156078040599823
Gaia,DR3,3811347312681255552,168.40841368075797,2.1269226190674573,19.25421714782715,-0.028423309326171875,1.6453146686496285,4.149325762550161,54.991401895208405,-19.068497921014554,,,2.33674062258735,nan,,,1.032979965209961,,None,-2.019511612781847,1.1883425223027029,-2.7214618435270945,0.3569823205471039,0.7831643275796444,0.2655019164085388
Gaia,DR3,3806359829153861632,162.5985921696042,0.18411977050642395,13.198108673095703,0.9187116622924805,2.340900668001452,9.338320461628754,62.147838557025544,-18.62621030085262,1.200920581817627,2.30096173286438,2.617495720105782,nan,,,0.8990252614021301,,Gaia_DR3,-3.3206013208583327,0.9724970490309848,-3.821557129748557,0.020170126110315323,2.163094177663418,0.022594915702939034
Gaia,DR3,3815022331513519872,166.50910230569704,4.254655444801462,18.046894073486328,1.7005939483642578,1.4080716108364222,6.929163149552324,49.39467903508638,-18.81994642481584,,,2.5216686130250228,nan,,,3.0605123043060303,,None,-2.515666828313029,1.6523268726535205,-3.1822400580241736,0.3295463025569916,1.3117919856343994,0.26273313164711
Gaia,DR3,3815869878884499584,165.35736723621585,4.71977234194082,18.589675903320312,2.6223487854003906,4.243838862546424,8.125540348419287,55.045241712797605,-18.695550412978825,,,2.5727049526266637,nan,,,1.0028189420700073,,None,-2.773310636450629,1.7642095147062204,-1.5122879446529394,0.22070041298866272,3.6896799196545045,0.16554830968379974
Gaia,DR3,3811908411504385152,169.50379340256052,3.4817766343543806,17.41999626159668,2.0584678649902344,4.538404826788274,4.296681521634536,31.19116765930756,-19.080849366811513,,,2.718870615592638,nan,,,1.0549066066741943,,None,-2.139424815021791,1.6434839680509097,-4.554841721616008,0.13326413929462433,2.609037456093022,0.14949803054332733
Gaia,DR3,3812687071895495680,171.00806334223915,3.7361127198633177,17.263017654418945,2.203645706176758,4.856602032907411,3.9099411058680946,27.69856209507705,-19.15904649588338,,,2.563924763505808,nan,,,1.1461268663406372,,None,-1.7439188744721976,1.5988363092168383,-0.45240263909175216,0.10685742646455765,-0.6864654885141425,0.07873456925153732
Gaia,DR3,3812357214111482624,171.79844151578493,3.0612032728133007,17.74713134765625,2.5381412506103516,4.8230504118158555,3.1269740603923477,42.11198320031208,-19.23511702232954,,,2.9053089822398053,nan,,,1.0141979455947876,,None,-1.8126745596498193,1.67467849323002,-4.562076561466751,0.15979395806789398,0.5945389100459827,0.12236274778842926
Gaia,DR3,3816753370836844672,165.37128657631314,6.610070958606145,19.116924285888672,2.785543441772461,1.8368635043187458,9.348956329298831,66.98967210914269,-18.57938062271549,,,2.8503649513365583,nan,,,1.0111759901046753,,None,-3.0698602181540835,2.3244401964764547,-3.900922879309246,0.3764592409133911,3.0507923114333875,0.24690943956375122
Gaia,DR3,3802835035393397888,163.1836283234476,-1.678497201770184,15.64523983001709,1.7792510986328125,4.124771910256013,8.89666018603953,58.98175378418085,-18.73402321145494,,,2.6553266458178064,nan,,,0.9897197484970093,,None,-3.261856482018235,0.6459260616164559,-1.4094333981022271,0.04829517751932144,2.0242032487951613,0.040368273854255676
Gaia,DR3,3806155285631334016,162.2331082411713,-0.575452593183204,18.944461822509766,1.0852336883544922,4.5194018401929075,9.713901830457331,68.44646695407413,-18.6091834265471,,,2.836178882101668,nan,,,1.408936619758606,,None,-3.6690599066852787,0.9061555649190565,-6.344754757607824,0.4289800822734833,0.5291254482850876,0.410251647233963
Gaia,DR3,3815904272982601344,164.77245822720968,4.71168684313053,19.32285499572754,2.619150161743164,3.0776678291840174,8.60027504450135,64.02150784099219,-18.643037705243955,,,2.461961859044536,nan,,,0.9757256507873535,,None,-2.753994948969869,1.68463077954845,-2.643276228048481,0.549203097820282,0.09114363887962254,0.4127090871334076
Gaia,DR3,3813405495369803776,172.79886074606668,5.558152316158035,19.021209716796875,3.0058231353759766,3.2616126719892793,5.686994134945656,39.39391212856546,-19.146270354138565,,,2.5600270244732615,nan,,,0.920657217502594,,None,-1.4145206203799927,1.929347703676136,-0.21065744790772103,0.30868425965309143,3.213523064362783,0.21689435839653015
Gaia,DR3,3811183558463871744,167.53217422430993,1.484187238307738,19.398954391479492,2.6137466430664062,4.509117975981144,4.665000195574433,64.82132838180229,-19.029471201394905,,,3.094080254849875,nan,,,1.0956188440322876,,None,-2.8648174175362686,1.4326759302221461,-2.5357133033342607,0.34892797470092773,4.355336792186667,0.2561323046684265
Gaia,DR3,3811784299834470656,169.2117293743623,3.020814437167234,19.131885528564453,2.637441635131836,4.661203799347501,4.112316859691133,67.99293095494389,-19.08404794721213,,,3.1431912348957574,nan,,,1.030625820159912,,None,-2.5382424421617036,1.7974544210844048,-5.107610936436716,0.3900611102581024,0.08347330543557646,0.25224846601486206
Gaia,DR3,3815595344574627968,167.5024646584143,5.477439319859791,12.316852569580078,0.8986940383911133,4.01254931380166,7.090209502179568,51.297551624320676,-18.82814572962502,-2.588818311691284,0.8958455324172974,2.792663330797314,nan,,,2.191181182861328,,Gaia_DR3,-2.591562690203585,2.0705268972427184,-0.6122555852573824,0.03726726397871971,3.3599771419452327,0.031314823776483536
Gaia,DR3,3813062005360478592,173.84986111825884,4.89326652624665,17.373563766479492,2.695096969604492,3.1727706257550916,5.312823110579439,36.261704713015014,-19.231055574867096,,,2.6917745008427123,nan,,,1.032324194908142,,None,-1.2849851101032748,1.9045123238652877,-2.6227533067203948,0.1318865865468979,3.109423632388906,0.11738423258066177
Gaia,DR3,3815334489736653184,167.99830385952356,4.754736281576392,18.83551788330078,2.694437026977539,4.050639638329284,6.21779919500889,42.25931007485309,-18.908205741397666,,,2.576926753222162,nan,,,0.8956651091575623,,None,-2.301525111739688,1.7830111028418654,-4.336836299356348,0.44554799795150757,0.9465836361157252,0.6029075980186462
Gaia,DR3,3818431229876420480,167.30097671700386,7.8149364344112415,15.704285621643066,1.7190990447998047,2.0070097296519234,9.13175684090669,61.24602923342668,-18.653687943004165,,,2.591321990002203,nan,,,1.1194522380828857,,None,-2.4413784914676997,2.3382657455658813,-3.292012409536188,0.05387439206242561,3.029986008063768,0.04363405704498291
Gaia,DR3,3818459679739755520,167.27259577586034,7.946166765946845,9.481966018676758,0.6353130340576172,2.292260184839284,9.259124895679705,61.45596762212679,-18.641648392646353,2.5175976753234863,0.729972243309021,2.6331506252181582,nan,,,0.7924045324325562,,Gaia_DR3,-2.486031257774434,2.3995650776886595,-3.735919590178134,0.019098429009318352,2.637966128132676,0.014807350002229214
Gaia,DR3,3817207404715220352,167.8819466993158,6.25614772959616,11.314750671386719,0.6396617889404297,1.900670343860383,7.5020941939963395,69.88702172249518,-18.807186960914468,-10.680606842041016,1.0889068841934204,3.0388045306958715,nan,,,0.9539676904678345,,Gaia_DR3,-2.7389197760042716,2.418849751165711,-1.8165097277165443,0.02265341579914093,1.6240644077561772,0.018390977755188942
Gaia,DR3,3810266290888282624,169.2319514363181,1.0878030208089382,17.163476943969727,2.5674285888671875,1.2149003805938512,2.936391026857453,34.342797319050355,-19.165978137928455,,,2.8357943386510835,nan,,,0.8939932584762573,,None,-2.285954172800125,1.2356780488098689,-2.5136501064794667,0.10704988986253738,0.5460088735588345,0.0949006974697113
Gaia,DR3,3817194000121855488,167.9888024880069,6.174294110721924,19.81434440612793,0.03646087646484375,3.0049155166552826,7.375916352870844,56.977123063741594,-18.820447617969748,,,2.4548003874300064,nan,,,0.9686205387115479,,None,-2.194092090725031,1.9405164286132277,-1.086525626403083,0.560596227645874,0.8489918953147957,0.5143097043037415
Gaia,DR3,3812116356641127552,167.8096264244679,3.757318701591299,19.161863327026367,2.626934051513672,2.268968139868582,5.619370640813881,47.42181635269638,-18.948421146084165,,,2.446339359958224,nan,,,0.9792948365211487,,None,-2.2173657990415383,1.5220695444840544,-1.2216440748011708,0.29953843355178833,0.9074502024810427,0.24862225353717804
Gaia,DR3,3814907462613096064,164.9086930914456,3.4611950326065584,16.899452209472656,1.9950275421142578,0.7174226387892971,7.855570753883522,68.91023734837749,-18.72191960389747,,,3.005456137407992,nan,,,5.233223915100098,,None,-3.3335370835830433,1.7985685583961861,-2.8991191559514986,0.447329580783844,1.6648071254354015,0.38034963607788086
Gaia,DR3,3804877614466695680,164.802616352281,0.39399129814222034,18.919586181640625,2.2384109497070312,3.407544647835083,7.145612220433528,48.0893113038051,-18.837125742100177,,,2.588720270753592,nan,,,1.048290729522705,,None,-2.8903715839340873,0.9998740512427738,-4.68920011292361,0.31709352135658264,1.4713646698582867,0.21799714863300323
Gaia,DR3,3806587526845122048,161.85962560036256,0.667497038845426,18.160558700561523,2.670572280883789,4.40572310774243,10.10026441693853,69.74543230412611,-18.531583648757707,,,2.8114093715453605,nan,,,0.9498727917671204,,None,-3.7088175040572913,1.1371529254753308,-5.751734448033067,0.15311893820762634,2.7633813850655544,0.13453912734985352
Gaia,DR3,3811636999635635840,167.73146289762198,2.945603573617118,18.86551284790039,2.5656204223632812,1.988384160001379,5.166623061648103,59.195033129399725,-18.98243152213442,,,2.336210547613381,nan,,,1.0371733903884888,,None,-2.1303847450499713,1.3209636379319498,-2.340844870397911,0.2811149060726166,2.2773533462560196,0.2639339864253998
Gaia,DR3,3816140500479221376,164.87573405740923,5.322268518041858,16.632761001586914,2.1909046173095703,4.331789994368875,8.869721126400647,59.1317049994567,-18.61689900738714,,,2.610740347753631,nan,,,0.9865837097167969,,None,-2.9017076013606378,1.896233489655554,-0.6083403481458576,0.07245781272649765,1.2448158895599508,0.054655734449625015
Gaia,DR3,3809965260925087744,163.2791903713787,4.265306627675014,12.88023567199707,1.0859909057617188,4.443327779690753,9.669340150887605,65.66853271376344,-18.52355538512138,21.852481842041016,2.981205940246582,2.766220531333781,nan,,,1.145508050918579,,Gaia_DR3,-3.37988368738709,1.8017373583720908,-3.1206492501058998,0.02578570321202278,4.379850506941917,0.017376041039824486
Gaia,DR3,3891370627944337536,180.83088883233634,1.517522204850998,19.25502586364746,2.472444534301758,4.779847537449712,9.035511634712371,69.1095776854591,-19.52601105631495,,,2.4323430986977903,nan,,,1.070394515991211,,None,0.060240734566272824,1.1387141369541047,-2.3826219979411833,0.4222206771373749,0.9400696892627718,0.2610009014606476
Gaia,DR3,3814603623741731584,166.0934095962014,2.9482691800855423,13.534886360168457,1.0358848571777344,4.4695372126633774,6.568549194029093,47.754399762054476,-18.851107286193937,-2.176001787185669,3.691481590270996,2.5106850152934155,nan,,,0.9819449782371521,,Gaia_DR3,-2.577645782759597,1.416505726078974,-0.7929323116656436,0.01792544312775135,-0.13622879691905815,0.016771668568253517
Gaia,DR3,3816313566186543488,165.53850924138135,5.2618222086026725,17.932130813598633,2.4295482635498047,3.4617531932600625,8.314822696081384,55.18016026103839,-18.679954037486468,,,2.6623122031605013,nan,,,1.047956109046936,,None,-2.8363333571857186,1.925733662445464,-4.779214989284533,0.18318095803260803,1.926667918623292,0.13672450184822083
Gaia,DR3,3813030566199866496,173.7108287662366,4.623927297814875,17.076068878173828,2.2837448120117188,0.28159843590637174,5.011729563725096,35.30223990197126,-19.241079355101437,,,2.5536740620179086,nan,,,1.0302029848098755,,None,-1.2444767575631246,1.757841865118406,-1.318946130836993,0.093819260597229,1.6257979997571148,0.08650745451450348
Gaia,DR3,3807985727678046464,164.3750794766734,1.2783991634284406,17.745676040649414,2.5102806091308594,4.736343808787175,7.676067900091873,63.870610684381276,-18.76661090099775,,,2.9460770249708625,nan,,,1.0014147758483887,,None,-3.3766884566775444,1.3179066251037561,-4.568161944395376,0.12687356770038605,-1.3715547708719034,0.10289501398801804
Gaia,DR3,3891587407829842816,180.2863327421856,1.7418543075323398,17.692825317382812,2.582660675048828,4.886032423998161,8.544199138050356,56.95596053725473,-19.517403688795845,,,2.69271418570983,nan,,,0.9046058654785156,,None,-0.039007496164526756,1.3040285787314894,-1.9638614769889433,0.16289670765399933,-0.6928651298092826,0.07954759150743484
Gaia,DR3,3892279344241293184,178.88442042295617,1.7315690692200105,14.064615249633789,1.1418743133544922,4.088694148201538,7.177660720181419,49.84507275214546,-19.51027856954375,-4.71834659576416,3.609515905380249,2.5444418147808507,nan,,,1.1210869550704956,,Gaia_DR3,-0.2939461214270677,1.2302203162963006,0.03983159365382218,0.024548331275582314,3.397823148689864,0.014498495496809483
Gaia,DR3,3892553706751717888,178.28327852016886,2.1915992990218696,17.24849510192871,2.5242481231689453,2.7765805144513864,6.736547594243538,64.08366377702787,-19.48442958547983,,,3.004234892395475,nan,,,1.0620596408843994,,None,-0.4771703669623121,1.55158884865893,-0.20760627838440712,0.12124566733837128,-0.18609901042714808,0.07150798290967941
Gaia,DR3,3816657030425358592,165.07286903282923,6.440495965636391,16.423978805541992,2.040064811706543,1.6662482387062294,9.442840102275284,68.49127294111129,-18.564062407045995,,,2.474828135514786,nan,,,1.0691946744918823,,None,-2.7167618043780313,1.9879057741831776,-2.2947378826918876,0.07758697122335434,1.2279054507708171,0.07284966111183167
Gaia,DR3,3816222169282028544,164.34297150754162,5.651763525061446,17.510173797607422,2.5002880096435547,0.6776052764364011,9.491583564799324,65.24756179923496,-18.547226765457047,,,2.787224488373441,nan,,,0.954252302646637,,None,-3.200814278943719,2.084448006651032,-3.598657000352893,0.13087449967861176,2.0999306568167087,0.12468698620796204
Gaia,DR3,3891597230418891136,180.38326447222684,1.918786315020269,17.780414581298828,2.530651092529297,2.6797897192387223,8.677374576101409,57.67121514321007,-19.51030947258748,,,2.680170489706111,nan,,,1.021669626235962,,None,-0.02009924996281942,1.3320251968208603,1.4754450753753132,0.1688186675310135,1.0957101865096903,0.12757420539855957
Gaia,DR3,3893005880908909824,180.9808049142575,3.706766095099469,14.994255065917969,1.4999628067016602,4.281675359923606,9.795322259250018,68.2953284434865,-19.42660887038336,24.506969451904297,7.211130142211914,2.8208385704149745,nan,,,1.038979411125183,,Gaia_DR3,0.10034455860839386,1.7634619613237914,2.4502737641894425,0.04420877993106842,0.783313293769465,0.029110947623848915
Gaia,DR3,3817655902380237184,169.5992968674806,6.840753547037511,19.66668128967285,2.4205245971679688,4.584307359954754,7.285827528474146,49.31200802250291,-18.88632247565774,,,2.7123113294999843,nan,,,1.050361156463623,,None,-2.1159305859607622,2.276787556832993,0.15723860081250654,0.4948706328868866,0.9715937097963736,0.4060010612010956
Gaia,DR3,3809695163316859904,163.4729190534073,3.374735970292421,11.14013957977295,0.6820917129516602,3.6755877640881827,9.127962491130301,60.520383392872674,-18.588751780300317,-11.36220645904541,0.3908194601535797,2.666231266308117,nan,,,0.9701748490333557,,Gaia_DR3,-3.222128220723941,1.575115283187475,-4.310867628122717,0.02379792369902134,-0.18065223068551217,0.01972164958715439
Gaia,DR3,3814253669806391296,172.18337419989123,6.288268280842794,10.294533729553223,0.5134735107421875,3.699707842916551,6.356004669235213,45.30256055989742,-19.07011122193778,-9.753349304199219,1.3708527088165283,2.528710744564339,nan,,,1.392701268196106,,Gaia_DR3,-1.508314275679642,2.0340248748782708,-1.7497790065007934,0.029472457244992256,3.991419035734773,0.02204791083931923
Gaia,DR3,3808742054238898432,163.53854647281264,2.6159633088124474,11.588034629821777,1.094350814819336,3.6444545942195514,8.80942932968379,60.329787509833125,-18.63075074780947,51.99148178100586,0.4051366150379181,2.7641586453093927,nan,,,0.8797635436058044,,Gaia_DR3,-3.3279670232082283,1.4894600371407116,-5.419336848035189,0.016273899003863335,1.8584343805145558,0.01590055413544178
Gaia,DR3,3810226536671040640,169.7393731561554,1.0535396976776574,15.708778381347656,1.9464130401611328,4.5647991174373095,2.46184888353292,26.06927172767666,-19.200293287584543,,,2.7720130066870263,nan,,,1.1742730140686035,,None,-2.135013325512242,1.2015392034752097,0.29446420565293274,0.04929676651954651,0.10003107054484096,0.034805238246917725
Gaia,DR3,3813424290146662656,170.12120515591775,3.657894163887164,18.619020462036133,2.773519515991211,4.438542844822427,4.138179019529417,58.28327685871882,-19.11095089113376,,,3.0394290441379708,nan,,,0.8966844081878662,,None,-2.258738613630601,1.8764479485682426,-1.6221231363061932,0.22627432644367218,-0.8953454303545151,0.18931306898593903
Gaia,DR3,3814486800631242496,171.2264369353958,6.5235859466097805,14.668120384216309,1.7451839447021484,3.3422212403170466,6.6241331614857035,63.70034693953207,-19.004687919631017,-8.641443252563477,5.382920265197754,3.0051144772669383,nan,,,1.4937660694122314,,Gaia_DR3,-1.9973331633047176,2.463265236894379,-3.504758366154507,0.035014793276786804,3.9501190913548725,0.02780076488852501
Gaia,DR3,3893153765223069568,179.09782024735128,3.4367003891437133,17.89381980895996,2.365682601928711,1.8454146703071561,7.969411967367548,58.02890341565186,-19.435340170873914,,,2.4900286870140405,nan,,,0.9984513521194458,,None,-0.24937046888422576,1.5083809533087669,-0.18439133900139612,0.15232592821121216,2.4748998718135904,0.0927618145942688
Gaia,DR3,3818972185302192128,168.96300165573703,9.093273717227666,19.06960105895996,2.9763240814208984,1.6272979545212274,9.622143924078904,63.74881493454493,-18.67360533653579,,,2.6623111325157773,nan,,,1.0040202140808105,,None,-2.196704792144696,2.6462263567026842,-3.021219562319398,0.3070708215236664,3.039045195887616,0.22629468142986298
Gaia,DR3,3817696584310298752,169.9979663828079,7.25920799957087,12.913820266723633,0.9176301956176758,2.919462653832124,7.5722861565866735,58.169392536456556,-18.881820615822445,3.0933492183685303,2.0440590381622314,2.867269537089819,nan,,,0.8052065372467041,,Gaia_DR3,-2.1558493630940303,2.4921593693380424,-0.9839519815594561,0.014342861250042915,1.1728011967543441,0.011731022037565708
Gaia,DR3,3816870571905068416,169.08869163078862,5.620652198084885,19.635074615478516,2.498746871948242,4.834274912562323,6.3537643553054455,50.63664227521923,-18.93321420275558,,,2.8485144183008266,nan,,,1.1317428350448608,,None,-2.325050277384175,2.1469445893063885,-1.7567176187209852,0.44970017671585083,4.993727972696997,0.33313414454460144
Gaia,DR3,3818271903769688704,167.0695580353588,7.281971262612955,15.03282356262207,1.4938888549804688,3.6744062923731162,8.802235639721891,58.57917238368384,-18.674622375018007,-0.2757515609264374,3.89520001411438,2.689399897780421,nan,,,1.0734944343566895,,Gaia_DR3,-2.5774401838156944,2.326913163722576,-2.5779187084246424,0.03727993369102478,4.410127027389105,0.02905249409377575
Gaia,DR3,3897122104549686400,174.82162725475456,4.983802049022894,17.56305694580078,2.1432552337646484,4.557990035341018,5.812766740383671,53.024552286205186,-19.26117969102811,,,2.405313439432942,nan,,,0.9742663502693176,,None,-0.9807219129098923,1.7188175226637594,0.2753429591530132,0.13211025297641754,3.6588993938492944,0.13265393674373627
Gaia,DR3,3817051067905546496,169.56242430595165,6.170149611088856,10.833037376403809,0.598292350769043,4.2470066929085695,6.667194546872667,60.45580285152055,-18.929232179623327,-14.123922348022461,0.9624527096748352,2.96174295865183,nan,,,1.1182916164398193,,Gaia_DR3,-2.3182471413060166,2.3477326522093267,-3.7000051316353857,0.02318255603313446,4.610953375857154,0.03004503808915615
Gaia,DR3,3818730189664537472,169.23372285620596,8.546168389270305,18.2785701751709,2.3669567108154297,2.664537120080556,9.019482839871053,61.89058371678222,-18.735809931259816,,,2.772595387823781,nan,,,1.0875627994537354,,None,-2.2346618239902476,2.6530182479978364,-1.7245821668868417,0.1740989089012146,1.1815200639013381,0.13812609016895294
Gaia,DR3,3811488840444236160,167.05003044190505,2.1874717918585085,19.106489181518555,2.6855831146240234,4.470067011133343,5.376104207871017,42.034155525416885,-18.96351239830245,,,2.488557898578002,nan,,,1.0396065711975098,,None,-2.3883663781480915,1.2740727752951484,-3.872341408905599,0.3372611999511719,-0.5417197640458538,0.25396886467933655
Gaia,DR3,3814714021581093504,166.47346997435199,3.3269178449959793,16.600027084350586,2.1112565994262695,3.6236793975562924,6.424271536978922,43.4745986326011,-18.86483316676355,,,2.6977984141910802,nan,,,1.0322870016098022,,None,-2.6981009346421776,1.593990858477145,-4.732891052199016,0.0736904963850975,1.267167043937936,0.06688414514064789
Gaia,DR3,3815071736522386816,165.67931605185726,4.352302285772417,18.6063232421875,2.1908702850341797,4.662230478750474,7.650889133700828,69.50900572824956,-18.74434812775361,,,2.3504308425268,nan,,,0.87697434425354,,None,-2.481009581670023,1.5533718753454582,-3.767797245593542,0.2331293225288391,-0.36516464970869206,0.19802580773830414
Gaia,DR3,3813753529454727296,169.9616886863547,4.775306836573751,14.394562721252441,1.3755435943603516,3.9880097078465533,5.223745965173817,57.956131998583736,-19.040395493316353,-13.135690689086914,6.441157817840576,2.9994647708419637,nan,,,0.9108945727348328,,Gaia_DR3,-2.2629566738616167,2.0867157208919496,-4.767399473345415,0.025010518729686737,1.792310300421911,0.02209613472223282
Gaia,DR3,3818704630314512384,169.21926069790655,8.265522860637073,14.027973175048828,1.1007318496704102,3.1133933773811773,8.756650119162819,66.40123965935231,-18.75684839059456,4.185573577880859,4.18447732925415,2.444068127822427,nan,,,1.024017572402954,,Gaia_DR3,-1.9723736021515883,2.291245289153026,-3.5237068966182967,0.0218337532132864,2.699395795849455,0.017176048830151558
Gaia,DR3,3897542156646923520,177.53318152061527,6.111332569079934,17.857847213745117,2.4336509704589844,4.336010715440125,8.328103220108204,62.16237199639851,-19.260020633957005,,,2.866566376068931,nan,,,0.9997745752334595,,None,-0.6101382929918148,2.281703600172951,-3.0057388190149705,0.14593297243118286,3.343229634723572,0.12618090212345123
Gaia,DR3,3892646306246499584,177.59338084776127,2.6851409209305146,17.117746353149414,2.3928213119506836,4.830521712160706,6.289750968489398,55.418956010110136,-19.452144887167066,,,2.91819951641012,nan,,,1.021838665008545,,None,-0.6084816890971144,1.6101143738582844,-2.0250638584049745,0.09049216657876968,-1.0021848630187118,0.07516804337501526
Gaia,DR3,3816484304021159552,166.6180153548672,6.013377513086618,16.726354598999023,2.064352035522461,3.644209098006964,8.066831807144226,59.883470760929946,-18.724655627831822,,,2.8511205523303293,nan,,,1.022132396697998,,None,-2.8226089392751708,2.215276183977811,-1.1711600762260916,0.08826500922441483,3.6541215486914433,0.07158348709344864
Gaia,DR3,3812135666814113792,168.09931257572094,3.875781012307206,11.830371856689453,0.7698030471801758,1.3240755042245536,5.494809628093992,36.63346937317936,-18.963713531665483,-6.051988124847412,0.8843873739242554,2.614256225056642,nan,,,0.9737553596496582,,Gaia_DR3,-2.316277552696831,1.6489468373624394,-1.8564816196662401,0.019911084324121475,2.215576410854093,0.017491726204752922
Gaia,DR3,3897758584343694720,177.2300516771761,6.504864358901883,18.528356552124023,2.5138587951660156,4.869797022274473,8.430129680795678,56.34383628957601,-19.228074396600334,,,2.6026379316696615,nan,,,1.0837825536727905,,None,-0.61074715751794,2.1438541066038206,2.0495867952529347,0.2507159113883972,1.8957971238358555,0.20084354281425476
Gaia,DR3,3896372448073233792,179.56277024417972,4.734027229452278,18.327587127685547,2.9176082611083984,1.0324068478185073,9.004578332402499,64.96390442433017,-19.368539715455892,,,2.84866244572099,nan,,,1.473801612854004,,None,-0.18983411326732813,1.9897710471623853,0.36360156759933654,0.5132036805152893,1.710318233432826,0.25210273265838623
Gaia,DR3,3812889278955634048,173.0949148316915,4.022441351918925,14.166476249694824,1.2247676849365234,2.6874167115974346,4.246872661845817,43.142015627922824,-19.248382153227503,2.4686567783355713,2.8140649795532227,2.875877314776834,nan,,,1.0184712409973145,,Gaia_DR3,-1.528199478950838,1.8558806726654227,-1.4699603921743971,0.02271733433008194,3.4841230215928323,0.016256488859653473
Gaia,DR3,3896304725030116608,178.37756398476242,4.454186832530246,16.546438217163086,2.1534900665283203,3.450357455464354,7.864154898463477,53.3358843567081,-19.37379098030158,,,2.726580332278703,nan,,,1.021479606628418,,None,-0.4145521304010107,1.8495857320216693,0.4123985741344389,0.07497705519199371,0.04698625732317961,0.05491657182574272
Gaia,DR3,3815416227258714112,166.3982241443864,4.488786447556279,17.491893768310547,2.5323619842529297,3.716357591923349,7.162159518563853,59.76566409956861,-18.79793702873305,,,2.9222957234907216,nan,,,1.1093641519546509,,None,-2.9379994360298203,1.9617875938299627,-3.484873733388898,0.11283364146947861,4.1849729961269055,0.08553075045347214
Gaia,DR3,3815632216869394688,166.94088489204097,5.450742064664449,17.1772403717041,2.2654266357421875,1.829541805164214,7.4332391042080035,50.26770571003059,-18.78594730907971,,,2.5787119628505737,nan,,,1.037643313407898,,None,-2.4946188840683132,1.904851939783523,-2.206931417571883,0.10403124243021011,2.856907891464296,0.09401678293943405
Gaia,DR3,3815055827963911680,165.62579200943912,4.165648982029217,16.65962028503418,1.9389963150024414,4.258799845503122,7.589481402182196,51.11913441840462,-18.74978448970852,,,2.707662129616301,nan,,,0.968376636505127,,None,-2.8681853110789914,1.7543796867674821,-4.734801775626619,0.07356651872396469,3.3116782317363525,0.05682338774204254
Gaia,DR3,3819038602676081280,168.61667010863857,9.302462732677517,18.33596420288086,2.4670143127441406,4.766189330879544,9.930520989576339,65.98567699339111,-18.632600011481323,,,2.624730292755372,nan,,,0.988135039806366,,None,-2.2298605036903716,2.6444568511493594,-3.45300120892198,0.18637438118457794,4.980882680795407,0.18052761256694794
Gaia,DR3,3897811983671519872,176.94566063342833,6.66433539401954,19.80642318725586,2.567575454711914,2.3556578073993246,8.382289564500041,57.907459082153736,-19.21140822724645,,,2.541286547360323,nan,,,1.1577699184417725,,None,-0.648353929922672,2.12164066272174,-0.6791977563805505,0.5187381505966187,0.8600240488000354,0.3614700138568878
Gaia,DR3,3896000778783841664,176.46783512301448,3.6021623340037343,16.891510009765625,2.3164987564086914,3.644278655069021,5.827900081961191,49.21406918224651,-19.384650041036913,,,2.4403407404492437,nan,,,1.195972204208374,,None,-0.706469114058768,1.50579726968444,0.298271825205288,0.10678312182426453,3.088625424656795,0.08423696458339691
Gaia,DR3,3893342090949285120,180.1691818084218,4.48778062812953,10.650867462158203,0.7396650314331055,4.608841673915997,9.401863329013759,69.06300440624999,-19.384831775398112,-1.064756989479065,0.907569169998169,2.4626915643611307,nan,,,1.1190541982650757,,Gaia_DR3,-0.056471415143474646,1.6770039197133868,1.4643303329359139,0.02853691577911377,-0.17023828168948943,0.016926733776926994
Gaia,DR3,3899012817872836352,178.50189872963864,6.289084529941043,19.092641830444336,2.558399200439453,1.6427102002566967,9.127813967135854,61.18740431551904,-19.26240008588458,,,2.5927620876703052,nan,,,0.9773299694061279,,None,-0.3709837989497434,2.0972885562174515,-1.25621869751273,0.44077643752098083,2.2474057263547174,0.2463100701570511
Gaia,DR3,3816365861707951616,165.72347042809253,5.661536345818153,18.180423736572266,2.3289260864257812,3.700585989947637,8.438643192525197,61.24551001191076,-18.67170406696492,,,2.4867990794420956,nan,,,0.903367280960083,,None,-2.6173009872472917,1.8679369584964365,-2.8613558503802925,0.16507728397846222,-0.056654085178161256,0.13651235401630402
Gaia,DR3,3817395489923298304,170.1199870238103,6.455811943332881,12.99637508392334,0.9257040023803711,3.1706249664811934,6.765245090349212,57.312051692942674,-18.945236170708405,-3.2276759147644043,2.154303789138794,2.9142601189125807,nan,,,1.0624234676361084,,Gaia_DR3,-2.165971578434775,2.3705166144959873,-2.8734792159450637,0.019354088231921196,4.185374623397342,0.015753012150526047
Gaia,DR3,3815850710445749248,165.58107331264887,4.48844935530762,14.966771125793457,1.4332780838012695,1.3814552469400914,7.809490462626343,59.69904138593118,-18.72826944104443,-5.435436248779297,5.769969463348389,2.4540974543878256,nan,,,1.9819098711013794,,Gaia_DR3,-2.6072333316363787,1.6445888333297893,-2.7505777920209944,0.06234455481171608,0.9444178521300259,0.05291754752397537
Gaia,DR3,3891749207838010752,180.90344410361388,1.6433930229303042,14.008851051330566,1.1243133544921875,3.144844752192496,9.129459017575307,69.09027359265211,-19.520924199698822,-7.133945941925049,2.66068434715271,2.4396676861244186,nan,,,1.0560691356658936,,Gaia_DR3,0.07318125823206473,1.164214224811474,-1.2931403709429878,0.022513076663017273,2.0297736954563983,0.01219936553388834
Gaia,DR3,3891597062916350976,180.49482119435515,1.96318943449062,15.457627296447754,1.6973047256469727,3.953383710194592,8.79604997387495,60.83403319284984,-19.50850986363259,,,2.780978452685735,nan,,,0.9886593222618103,,None,0.0015074421228866708,1.3909964034624693,-0.7842182731388414,0.047334037721157074,3.571451679681584,0.035228632390499115
Gaia,DR3,3913718034275800320,171.00834191173692,7.746116285224795,16.761207580566406,2.111846923828125,1.476095876742668,7.86326666789258,52.372318275711756,-18.905435451191444,,,2.679042857673011,nan,,,0.9602056741714478,,None,-1.8221663240121657,2.42371485971633,-2.5533034881087016,0.08151741325855255,2.824235113567234,0.07551687210798264
Gaia,DR3,3898221242515325312,179.021294000782,5.8530334337725884,18.300949096679688,,4.463032561609439,9.22274609799214,61.135624695716125,-19.296341965338023,,,2.664501748505439,nan,,,0.9452110528945923,,None,-0.28153692732542357,2.073165013808172,-1.8690300767512833,0.19175772368907928,4.013377274604707,0.12158119678497314
Gaia,DR3,3896950275794046976,176.86421099788598,5.0361721637654275,17.01198387145996,2.258920669555664,1.6326559672762522,7.088614682544845,57.7412528900053,-19.314368921539142,,,2.898444826303682,nan,,,1.0845340490341187,,None,-0.756458906078158,2.085001891775521,-0.13073278390622226,0.12199940532445908,1.3080541678016309,0.11685005575418472
Gaia,DR3,3911794782280540800,176.46781323872054,8.831227857673301,17.603769302368164,2.408336639404297,2.629383641207097,9.975027088880843,67.5379422872828,-19.03739119720035,,,2.7656916516382637,nan,,,0.993686318397522,,None,-0.8006612843348033,2.730166020028358,-0.05190106372159968,0.14015206694602966,4.067895990008817,0.10246168076992035
Gaia,DR3,3909268684380128384,175.1539397439911,5.5353633687826385,17.94556427001953,2.8867225646972656,4.107462105307294,6.455870019486265,55.371123449635036,-19.238509596804146,,,2.907561036747862,nan,,,0.8695717453956604,,None,-1.1161771395706945,2.191991860442557,-3.562477894891614,0.17704103887081146,1.5969067892713458,0.10016116499900818
Gaia,DR3,3914998621724675968,170.5571395162598,9.795828426338282,16.337448120117188,2.029282569885254,4.030200601875036,9.953388164210851,69.69184832154032,-18.71433730439109,,,2.832669071119031,nan,,,1.161024808883667,,None,-2.017466789041429,2.962471016272168,-1.8452672282142941,0.06806833297014236,0.5619846207051481,0.06049315258860588
Gaia,DR3,3909767763875097856,175.55464501994578,6.482273438443579,17.63357925415039,2.4053192138671875,1.3329843339624219,7.476275432035836,51.85356763952145,-19.188993650094453,,,2.543358130408568,nan,,,1.0372929573059082,,None,-0.9031967754655321,2.088480072731727,-0.8441402223722494,0.12142284959554672,2.800736082366866,0.11361202597618103
Gaia,DR3,3909248450789398528,174.22394983882083,5.591215858813229,16.345081329345703,2.4985694885253906,2.167004997765943,6.098967115649627,59.23926436035783,-19.20306488787713,,,2.9761233866811847,nan,,,1.0307732820510864,,None,-1.3409822041922639,2.253489660520622,-1.6507725806651397,0.06697505712509155,3.5772968416978723,0.052641790360212326
Gaia,DR3,3910543984724689664,172.49732275216365,6.8693700291433,13.202412605285645,0.9653615951538086,3.621543238417072,6.954988295416276,65.5806153578992,-19.04555154411426,6.948653221130371,3.408754825592041,3.0119545724648455,nan,,,0.9776639342308044,,Gaia_DR3,-1.7290841628857865,2.54664949987594,-2.385108511608927,0.02057827077805996,0.3427139344380684,0.013743655756115913
Gaia,DR3,3817795609076412928,170.3687816977984,7.415171973387818,11.54101848602295,0.6929607391357422,4.813022116213632,7.6391137105416345,66.77715604646706,-18.893009802210138,-1.0590938329696655,0.8064678907394409,2.9892372337464272,nan,,,0.9051108956336975,,Gaia_DR3,-2.1689430830987595,2.632415861199594,-1.0219491921930426,0.022108836099505424,-0.17531859812038708,0.0168826412409544
Gaia,DR3,3893198295444359424,179.5492202025428,3.8918812428170324,17.894804000854492,2.2632904052734375,4.745897572609899,8.576056878338635,57.718120071620376,-19.415039290158095,,,2.7227941311509136,nan,,,3.0947654247283936,,None,-0.1841053453202971,1.7381364020741308,-2.702726464380011,0.5281134843826294,0.7001974345331702,0.30136561393737793
Gaia,DR3,3891653447246963840,180.1871987422077,2.130288308148753,18.081884384155273,2.415496826171875,1.786989947309498,8.538163493683717,61.30618144935621,-19.50124356872631,,,2.49591703526902,nan,,,1.002411127090454,,None,-0.05399188068882943,1.2783590933684128,0.5951824811586196,0.17696821689605713,0.598179992077184,0.10698965936899185
Gaia,DR3,3897270572979524352,175.89714909618084,5.544807751747854,19.102725982666016,2.5884475708007812,3.3964169796178796,6.86341943016079,62.19771028203676,-19.259782411426457,,,2.3754579679572285,nan,,,0.9128913283348083,,None,-0.7851278661421803,1.7934953004262264,-2.05175933737483,0.32790082693099976,2.9285947731225934,0.2975846230983734
Gaia,DR3,3909162856385659776,174.86177754220887,5.249125152861836,18.312618255615234,2.448108673095703,1.4524950266678471,6.0635981767498714,57.42355605421947,-19.24663051784053,,,2.380007676171664,nan,,,1.0506254434585571,,None,-0.9635492975896383,1.7455586658143192,-0.23923627471592812,0.25498175621032715,1.8259407305220727,0.24548956751823425
Gaia,DR3,3911450184168510848,176.89357980141352,7.639715311563369,12.13148307800293,0.739013671875,4.140983885944795,9.153439432699269,68.90520090123879,-19.140156434573186,-9.850415229797363,1.6502834558486938,2.4438505535801043,nan,,,1.0308821201324463,,Gaia_DR3,-0.6326519932335517,2.208517054543366,0.8550648025728823,0.01719716005027294,0.6794533994729122,0.013359828852117062
Gaia,DR3,3899303677353995392,177.81092715345227,6.9756240927847735,19.56953239440918,2.655780792236328,4.513251333025753,9.160400940917924,63.555554034005205,-19.20553957340605,,,2.7954167249617083,nan,,,1.0761964321136475,,None,-0.5390959280775642,2.3964692326402544,1.9520406452497783,0.47050440311431885,3.328172563017954,0.30030199885368347
Gaia,DR3,3894899476154368128,180.51889465254735,5.133427495716015,18.544397354125977,2.6282176971435547,3.5341025910488466,10.02558351477069,67.2688954862692,-19.347523136281268,,,2.741680760096781,nan,,,0.8905168771743774,,None,0.006243719026070349,1.9932165334155878,-0.8030449788701314,0.2821284234523773,0.11775825397695974,0.21987900137901306
Gaia,DR3,3909752714309941632,176.17622671392868,6.732955705491085,18.942272186279297,2.710113525390625,0.31942066046498513,8.006256570207231,68.34809505825358,-19.188775601754408,,,2.377148659345274,nan,,,0.9601382613182068,,None,-0.7380106486453484,1.9950850395806579,-0.8906599221337691,0.289519339799881,1.9469115215980568,0.26546961069107056
Gaia,DR3,3913844473817424640,171.8337257142898,8.235782761845766,17.58222198486328,2.133768081665039,4.328208906710676,8.29922892677178,56.65962144849411,-18.91207713741328,,,2.747446778442371,nan,,,2.643631935119629,,None,-1.7072735670096257,2.5828396176072563,0.6151860951409339,0.361253023147583,1.6391810800511455,0.31964781880378723
Gaia,DR3,3909613694808357760,174.67632214745936,6.74977176421018,17.03388023376465,2.2355051040649414,4.9383103745561145,7.341626715185375,54.00014662775275,-19.14270838243474,,,2.8169416106474126,nan,,,1.0239254236221313,,None,-1.1779123755068042,2.3643817337711774,-3.954195314618021,0.0910525694489479,3.30893776941513,0.060227103531360626
Gaia,DR3,3913779881804857856,172.51475283708515,8.02297511777914,17.691740036010742,2.5030765533447266,3.0355385015272676,8.106541971235112,57.44662058290483,-18.961815015444614,,,2.514056208322779,nan,,,1.0093574523925781,,None,-1.4401256845214716,2.328653667837552,-1.4900433591176467,0.13435807824134827,3.9366789860295,0.10343410819768906
Gaia,DR3,3913783863239264000,172.36742877548207,8.11900867214671,18.06377601623535,2.5943965911865234,2.9736534619795,8.193271228293302,56.306408085510355,-18.94745307446398,,,2.756500367567562,nan,,,1.0434513092041016,,None,-1.6079893513353194,2.571116821398015,-2.828115315744322,0.17287398874759674,3.794726795205853,0.14536945521831512
Gaia,DR3,3897294938329477632,175.74265479138643,5.74532349992627,15.968971252441406,1.8114585876464844,2.839816029191189,6.942273708304885,56.4723143471429,-19.242864701622086,,,2.890491793114572,nan,,,1.023510456085205,,None,-0.987437792116396,2.223174146185295,-0.5728971026865131,0.05786309391260147,0.5431344922460932,0.05217215418815613
Gaia,DR3,3910951250703464320,174.23830633690233,8.254149743450242,15.678515434265137,1.7278385162353516,4.6472485589003085,8.628287147641487,57.70060158874583,-19.01609134419583,,,2.6006004114244576,nan,,,0.9860647320747375,,None,-1.1691037806724807,2.4565085215523315,-0.7101288247018891,0.06552596390247345,-0.04958254098506441,0.034015100449323654
Gaia,DR3,3914530362915094400,172.4124116099261,9.5819119725871,18.882827758789062,2.492677688598633,4.036503218107853,9.656525454888756,69.54501322024193,-18.830528653243615,,,2.8677887038792176,nan,,,1.0391074419021606,,None,-1.663702748781934,2.9668991847764308,-2.496571809093326,0.27781692147254944,0.6731232448777864,0.19926424324512482
Gaia,DR3,3914788301470911488,170.13242503385388,8.930411680594316,18.322832107543945,2.5789527893066406,4.163806448703814,9.17044372654587,60.825777759810826,-18.761835927180336,,,2.6725257431472587,nan,,,1.0394437313079834,,None,-1.9839498176416985,2.6330806815088437,-3.8212274716585988,0.2047298103570938,1.174481437831486,0.21141965687274933
Gaia,DR3,3911356141564796288,174.47496890597895,9.327903650985615,16.42823600769043,2.079477310180664,3.239871146065395,9.725620687688199,64.42820544987906,-18.937362674443825,,,2.663578291192273,nan,,,0.9313656091690063,,None,-1.1522368043443616,2.716568408041094,-0.08403508194571153,0.06814456731081009,1.2439871076691682,0.05857865884900093
Gaia,DR3,3911022203563159936,175.33845465459794,8.59901152272252,11.9525785446167,0.7361459732055664,2.9763596345221353,9.302359575230271,67.41084336161686,-19.025704920410867,-31.75334358215332,0.9982306361198425,2.477478872584052,nan,,,1.123679280281067,,Gaia_DR3,-0.9182603722442418,2.4029010669995996,-0.5391108193985931,0.018961245194077492,0.8953630837591742,0.015260953456163406
Gaia,DR3,3913988239258187648,170.50685017925315,8.328506290802087,15.367276191711426,1.6368227005004883,2.626168308474821,8.510955722827312,56.86794276715386,-18.8322119546107,,,2.6033958200020324,nan,,,0.9591347575187683,,None,-1.8634703313453986,2.4583852280644427,-1.5683132127859765,0.03992391750216484,1.047631913440261,0.02930355817079544
