Catalog,Type,GaiaDR3,RA,DEC,Gmag,Bp-Rp,Voff(km/s),Sep(deg),3D(pc),Vr(pred),Vr(obs),Vrerr,Plx(mas),SpT,FnuvJ,W1-W3,RUWE,XCrate,RVsrc,PMRApred,PMDecpred,PMRA,PMRAerr,PMDec,PMDecerr
Gaia,DR3,2527225552297803392,10.607754217148628,-5.277196337356039,19.32228660583496,3.03411865234375,3.2709287718866595,11.778974170153282,80.47327588535832,-7.588405810366066,,,2.5370731062973273,nan,,,0.9783000946044922,,None,-4.161525695069654,1.9565182551678884,-3.610612939651113,0.47053423523902893,3.616934965302087,0.3391222059726715
Gaia,DR3,2534447904878925056,18.924012683674277,-0.5748049176323367,12.969654083251953,1.030263900756836,4.735678695319786,10.378565549461106,73.05915267452096,-8.311852152684583,-6.0034871101379395,1.6677110195159912,2.4910989047117296,nan,,,0.945982038974762,,Gaia_DR3,-3.4943831447149094,2.2359794064565937,-4.385946470586591,0.02859429642558098,-0.08564989772144434,0.019759465008974075
Gaia,DR3,2542635345200485760,7.345168556103183,-1.4066948628600107,18.331390380859375,2.491191864013672,1.8984690854715882,8.82028085103289,87.15127582852436,-6.870232874590978,,,2.251648408964694,nan,,,1.0599147081375122,,None,-3.882535117018543,1.9810440010834867,-3.0283156722515328,0.21182121336460114,2.2680530774106367,0.17585237324237823
Gaia,DR3,2529826210830973184,13.01394718547362,-1.546235494529397,17.24526023864746,2.3233413696289062,3.4293029256877405,8.208463777325113,75.6138735285777,-7.654410877787278,,,3.043756407813799,nan,,,1.0222053527832031,,None,-4.793600771508335,2.6537891456351823,-2.5939203287010595,0.11590110510587692,2.7111201922777792,0.10164522379636765
Gaia,DR3,2445055651035953920,3.2326610148313013,-3.880372646872951,13.798652648925781,1.0910043716430664,3.233436543264074,13.123056980512416,88.72215141376486,-6.4416033693213155,8.682708740234375,4.131350994110107,2.7887447023379353,nan,,,5.875258922576904,,Gaia_DR3,-5.0817136602458115,2.300897080540616,-6.9693407195106465,0.16836486756801605,2.0764635740374304,0.1053030714392662
Gaia,DR3,2536714062771008256,13.00797238587866,-0.5903430798546135,16.135326385498047,1.829498291015625,4.036323105889841,7.274854808976571,56.91386188608849,-7.583615540979407,,,2.433910066972804,nan,,,1.0951004028320312,,None,-3.8335596933810425,2.187348697571684,-3.821909122686197,0.07177964597940445,4.25832384539108,0.06415748596191406
Gaia,DR3,2449586669735107712,1.2296304461141592,-1.1611713373596246,12.277721405029297,0.8128633499145508,3.0720683543983114,12.626210438572684,86.54365051740902,-5.943170744133791,7.9471564292907715,1.3667376041412354,2.820622539081374,nan,,,1.4212687015533447,,Gaia_DR3,-5.264815714596466,2.5100971869445408,-7.027558135524191,0.024693170562386513,2.030961596909632,0.011968065053224564
Gaia,DR3,2448825807688733056,1.5036476561919923,-1.3890687259423786,16.72670555114746,2.075986862182617,4.837911236318542,12.55158881942846,83.72146796184319,-6.002140814462624,,,2.6276290810627843,nan,,,1.0056650638580322,,None,-4.889003874983595,2.324661207226213,-5.591823437108361,0.07754018902778625,4.910726281337095,0.045032624155282974
Gaia,DR3,2476818132485339776,16.301811956337257,-5.651891801350675,18.086944580078125,2.539501190185547,4.8786864909142444,13.121007363721514,87.74194111242211,-8.3444296359794,,,2.736309414683388,nan,,,0.9205191135406494,,None,-4.05269359342328,2.0396420947632836,-3.771896069859972,0.22337515652179718,4.839827311230073,0.18974953889846802
Gaia,DR3,2524165027322271488,11.754961887876018,-5.515428629576699,18.000934600830078,2.4434070587158203,4.075481856695733,12.005670124455804,80.77264318061636,-7.757058657533993,,,2.7416028663903638,nan,,,1.0632150173187256,,None,-4.412510649992724,2.0874064656633373,-2.5760804432296753,0.16528017818927765,3.56242935163813,0.16423138976097107
Gaia,DR3,2535893350352615552,13.080801752806318,-1.178525266638466,16.984067916870117,2.086981773376465,3.8941589596821853,7.864023012734153,66.35985491373242,-7.636432383254952,,,2.3735149590174123,nan,,,0.9381255507469177,,None,-3.7336323338128548,2.0938829016900526,-2.6573740983855716,0.09570963680744171,3.718155073045263,0.1048620194196701
Gaia,DR3,2526263415199744768,13.149644275943555,-3.8065389619036805,16.782997131347656,1.9388198852539062,3.143208238623089,10.45283200511442,86.26381323280937,-7.829085098410317,,,3.054843567494223,nan,,,5.273646831512451,,None,-4.799540614426422,2.466087168789798,-5.837794057368895,0.4796461760997772,0.7284405522999753,0.483075350522995
Gaia,DR3,2527109901714557440,9.795548866978477,-5.621629108942504,17.749509811401367,2.4573707580566406,2.488422963414764,12.195810759952245,88.46682869635728,-7.499830671709686,,,2.4338951070410255,nan,,,0.9290692806243896,,None,-4.044430013731269,1.8590752556110872,-4.074972730295829,0.1471603661775589,0.5826568151693577,0.1377885341644287
Gaia,DR3,2485259804806200576,20.71936424815485,-2.101563127470121,19.20743751525879,2.7897090911865234,3.533614115930243,12.732995240352857,89.52122848860517,-8.626406330279421,,,2.4759656159480965,nan,,,1.0453708171844482,,None,-3.336143495164456,2.102025397362911,-4.396947851695174,0.3953191339969635,0.593216494051157,0.28581109642982483
Gaia,DR3,2530705923212269824,11.625001099646996,-0.9339422031159469,17.546192169189453,2.4100914001464844,4.3696979926510835,7.422693704656465,65.8334060976103,-7.426650263798468,,,2.958127564069506,nan,,,0.9864229559898376,,None,-4.771424708247533,2.6318899567537546,-5.474134881332234,0.16591933369636536,-0.0009009999222088693,0.14323537051677704
Gaia,DR3,2524979563575670144,16.18967203839595,-5.138823506348093,18.34416389465332,2.5619735717773438,1.2049073284090268,12.60450105128374,89.8669680060187,-8.29875204338382,,,2.9152969379716214,nan,,,1.0798476934432983,,None,-4.327356237651919,2.2196818842376977,-4.109815053529306,0.2230651080608368,1.5118521938684726,0.1934966892004013
Gaia,DR3,2524202758611029376,10.780978945438903,-5.544725895264772,14.88744068145752,1.3483457565307617,4.015339119476622,12.037396748852744,87.67073984501958,-7.628758363571749,5.50962495803833,4.351802825927734,2.430265307695685,nan,,,1.0441911220550537,,Gaia_DR3,-3.975121447715004,1.8548030503426718,-2.5449726450136962,0.03917835280299187,0.37609916190380754,0.030808493494987488
Gaia,DR3,2476404578673889408,15.2234794126135,-6.2724920863878415,18.1083984375,2.5808963775634766,4.910415637029124,13.342014249713817,88.76482468675458,-8.249472556785344,,,2.6924017138154963,nan,,,0.9891435503959656,,None,-4.071994022796599,1.9637493537534867,-2.1698136133263644,0.1906728893518448,-0.07328872018043718,0.14828889071941376
Gaia,DR3,2524088302026965632,10.137921969449415,-5.814325560874398,19.282629013061523,2.6939010620117188,4.007802127846142,12.35034051203659,86.6531998252158,-7.558668344947686,,,2.482028857156431,nan,,,1.0275371074676514,,None,-4.102098844562531,1.8801339437653386,-4.669773380578513,0.40557923913002014,-0.13859725189792754,0.4085233509540558
Gaia,DR3,2524963861175790464,15.406731467926402,-5.014350255068308,18.146316528320312,2.385009765625,2.7417345957625106,12.205564521565924,88.0745089436066,-8.194369553117749,,,2.440839009987741,nan,,,1.1446826457977295,,None,-3.6786293031950863,1.872072823839828,-2.3791065871731893,0.2804480493068695,2.4211715462063874,0.1904670000076294
Gaia,DR3,2530138884451218176,10.286775893573411,-2.182876524631794,19.66002655029297,2.4666519165039062,4.762529448520573,8.723122754220753,58.337327035673404,-7.336365261388865,,,2.6437000662729018,nan,,,1.010404109954834,,None,-4.3589132613242025,2.2651414879524268,-4.936656133197825,0.47059351205825806,-0.3254636095671843,0.42472007870674133
Gaia,DR3,2525890268442030080,12.362621495345493,-4.290481317561679,12.825494766235352,0.9631137847900391,4.146562815119585,10.824341313993555,83.76943334804473,-7.758402390106842,3.048858642578125,1.0755441188812256,2.380324349702523,nan,,,1.2214148044586182,,Gaia_DR3,-3.7915604189737566,1.8921644413800127,-4.163457168762505,0.02638196013867855,-0.15506038595957045,0.024044284597039223
Gaia,DR3,2524749417752580736,14.262630050383436,-5.3324639037822115,17.47198486328125,2.370279312133789,4.338974347050335,12.178942358287989,81.12079606145231,-8.070836787055363,,,2.6691543359080576,nan,,,1.0099709033966064,,None,-4.110125507605392,2.029084093986108,-5.756634340696097,0.12147782742977142,3.8318051559189445,0.11408399790525436
Gaia,DR3,2533042213622627712,16.611774078515616,-1.2038680573293603,16.602575302124023,1.9543237686157227,3.3688905535446327,9.337885951835759,81.79261189334831,-8.083112015685,,,2.3132928510025996,nan,,,0.9876529574394226,,None,-3.4051190562401237,2.0345456166159956,-3.3487053545900536,0.08888769149780273,0.3926231844148742,0.05288861691951752
Gaia,DR3,2527349350435729280,10.48972175140689,-4.472226394123845,17.521425247192383,2.218107223510742,3.295188854781168,10.983522526157847,73.39952784586056,-7.520313157074618,,,2.617393184510685,nan,,,1.050905704498291,,None,-4.3014767729563355,2.077812693318493,-2.9307471287239584,0.1348145753145218,0.883268752476047,0.11008013039827347
Gaia,DR3,2525553749164364032,13.167025043706316,-5.131141910738003,18.909822463989258,2.498504638671875,4.567760852400341,11.761587190562816,80.39899568071542,-7.917706634591102,,,2.7896240496029825,nan,,,2.1299679279327393,,None,-4.381498279710178,2.144759958240707,-5.841162393903521,0.6893694400787354,4.399780485828837,0.5898424386978149
Gaia,DR3,2526412703967838976,14.114526220707877,-3.03027719530863,19.567232131958008,2.701498031616211,2.5046315264751065,9.918713905208717,72.9838791098018,-7.900694239257075,,,2.8730272656337874,nan,,,0.9916491508483887,,None,-4.4361110914824655,2.3793991247203077,-3.282802008312494,0.46976274251937866,1.393978424846588,0.5085078477859497
Gaia,DR3,2528653959637665920,8.127582134489005,-3.2726166274846293,13.367464065551758,0.9739322662353516,1.80504718184336,10.255055942697394,68.84023425199841,-7.113199650692851,-10.934745788574219,1.878365159034729,2.695324038166106,nan,,,1.0121763944625854,,Gaia_DR3,-4.594605188725257,2.2393479463800525,-4.746644082999956,0.021090440452098846,1.2250493075001845,0.016060858964920044
Gaia,DR3,2527986998459944832,6.534137468796686,-4.6996522698451955,18.669485092163086,2.524171829223633,4.453585123190364,12.15073697724813,87.78241787834945,-6.9824757410841425,,,2.439765448639757,nan,,,0.9504812359809875,,None,-4.255773730416687,1.9448104108623663,-5.666336920607403,0.26042333245277405,0.1400508430727887,0.2012484222650528
Gaia,DR3,2528436737371492608,8.92550391235517,-3.4674237170650324,15.820722579956055,1.8427038192749023,4.782038980293931,10.227181863601496,70.31628357434695,-7.2382115397986615,,,2.7661533871617734,nan,,,0.9903542995452881,,None,-4.659006962621471,2.280121208297542,-5.666242612491587,0.04916621372103691,-0.3201802683575506,0.03733217716217041
Gaia,DR3,2530597483878337792,11.109215634034813,-1.3697954488675232,12.885502815246582,0.9959554672241211,3.304435606631366,7.853653711902895,61.97610646165381,-7.389408389282129,-7.8096489906311035,1.0612797737121582,2.4169056858079787,nan,,,1.5298271179199219,,Gaia_DR3,-3.932047890376959,2.122333704795774,-2.251186404365428,0.031069166958332062,2.218957572411188,0.029244203120470047
Gaia,DR3,2528446220659260032,8.774042956010286,-3.5261544638256783,15.311361312866211,1.6497249603271484,3.0392604600536646,10.320206247220586,70.31318664143409,-7.221122229388902,,,2.548500733618651,nan,,,0.9620608687400818,,None,-4.302333494281572,2.097420456736839,-3.7287070417977213,0.04431210085749626,0.5686550772203907,0.029763931408524513
Gaia,DR3,2532093403807238528,18.030670732150387,-1.7793781735500378,17.60664939880371,2.465730667114258,4.334238118289385,10.649520521338028,86.18239973383848,-8.294833945113625,,,3.03873661314876,nan,,,0.937271773815155,,None,-4.3447022648982205,2.617005316370943,-1.9176851465532796,0.17870411276817322,3.965530756427733,0.09672166407108307
Gaia,DR3,2531837423756608640,18.96992434485603,-2.23117705117121,16.80927848815918,2.0822105407714844,0.8938860516984799,11.600440237372359,84.96357162276861,-8.43669181226631,,,2.428001460402767,nan,,,1.12725830078125,,None,-3.4024786052992377,2.0552718739946925,-3.7995842001580695,0.10278292745351791,1.8280196305614627,0.0893532782793045
Gaia,DR3,2529714060645017600,11.609443023492297,-2.296150788181744,16.735143661499023,2.154996871948242,3.1537231265328978,8.783231274084653,81.7569884252142,-7.522742203388503,,,2.2890053077639934,nan,,,0.9612666964530945,,None,-3.6931029175675723,1.950775791891822,-2.344369847843138,0.0855182334780693,1.2459084429977387,0.07175794988870621
Gaia,DR3,2529745014473524736,11.701021266637625,-2.045519088505082,18.289400100708008,2.8804855346679688,4.091552355453016,8.536576976017008,83.75206007572841,-7.517205339551142,,,3.135522328220153,nan,,,1.0225495100021362,,None,-5.051099509832913,2.693661148573117,-6.1765636541148705,0.22363422811031342,5.152874294946374,0.1951352208852768
Gaia,DR3,2530660254824731648,12.131252101873802,-1.167288688226684,18.73821449279785,2.9527931213378906,4.714981208136161,7.693925497446031,87.35168459926524,-7.511024721647253,,,3.2211735989719736,nan,,,0.9725496768951416,,None,-5.151342156536324,2.844418487310836,-2.2000347816416324,0.2938283085823059,1.603091445625497,0.25331220030784607
Gaia,DR3,2528922206115705472,12.066197693747169,-3.951139840927162,16.206260681152344,1.3157682418823242,0.5720186532780351,10.460853688969927,69.91712290846569,-7.696876249120385,,,2.6178073644708335,nan,,,2.9571962356567383,,None,-4.191083429040132,2.107772600390685,-4.414085122040461,0.2917522192001343,2.3312015367504375,0.19668184220790863
Gaia,DR3,2528937736717401984,11.733808675619507,-3.774399820813317,18.011856079101562,2.6294116973876953,2.3910100073608698,10.265197870923314,81.10579150149483,-7.641008473451523,,,2.3711961340647587,nan,,,1.0282015800476074,,None,-3.8177159636193143,1.9225301426887083,-2.885293647926333,0.1901816576719284,2.6702526897282133,0.188107430934906
Gaia,DR3,2530492171280226304,11.146894942528148,-1.929874248121288,16.603328704833984,2.1707210540771484,4.751202485477914,8.412821604693125,79.06866155269091,-7.434813362480163,,,2.294049030947091,nan,,,1.0455328226089478,,None,-3.729853102092498,1.9793168246265118,-6.023352373429886,0.0777335837483406,2.1185611080280164,0.06246266886591911
Gaia,DR3,2530007286652790144,9.782681723198923,-2.868947161805803,17.84235954284668,2.3111648559570312,0.1404638583609488,9.472191962486658,63.32991729728393,-7.315516606258249,,,2.6184276652575202,nan,,,1.033187747001648,,None,-4.351951508604519,2.196714181200149,-4.274897288282997,0.18505524098873138,2.188095182460204,0.1670020967721939
Gaia,DR3,2531447642588949888,16.98344931187753,-3.4595376040317647,16.907184600830078,2.1954755783081055,2.2023600819576146,11.447375329816849,88.4555856654979,-8.285959612543298,,,3.011202143491197,nan,,,0.9797602891921997,,None,-4.39939512225752,2.442490832222226,-3.4029898731041905,0.10431315004825592,1.4618318908076455,0.06974809616804123
Gaia,DR3,2529411793730952704,12.369922058462956,-3.061662364973926,17.035886764526367,2.311838150024414,0.43457111112984126,9.603029670124576,65.65677966901715,-7.67676678544608,,,2.739277372682877,nan,,,1.1459351778030396,,None,-4.362778987126958,2.273115718656661,-4.319639070578443,0.10363130271434784,2.0259009705372684,0.10874816030263901
Gaia,DR3,2530159805235240576,10.75182634657451,-1.9979942948288851,18.407468795776367,2.636688232421875,3.6623689053960096,8.497118484645199,58.166748847194484,-7.38638562709197,,,2.7190574105167484,nan,,,1.047036051750183,,None,-4.44960453845974,2.3420105948917205,-5.636326546051774,0.21202853322029114,0.6103362829722975,0.1930823028087616
Gaia,DR3,2530413899797106176,9.325585749161997,-1.7660340285537297,18.394920349121094,2.6449413299560547,1.069554749880951,8.479493290342162,59.4094637980354,-7.174559137530899,,,2.7584565273249813,nan,,,1.1524578332901,,None,-4.617533801178838,2.3968303447829613,-5.210975474709881,0.2261018306016922,2.582996107803262,0.16833321750164032
Gaia,DR3,2538626083424333568,17.709867146093245,1.9729319854167529,17.142250061035156,2.705136299133301,3.4657928383523946,7.822421119656479,84.28401870835603,-7.971820871682643,,,3.1763004298763464,nan,,,1.0816854238510132,,None,-4.571944216194588,3.092460127216339,-5.761937856090852,0.1246204599738121,1.1001056626806471,0.07517793029546738
Gaia,DR3,2539896947067244160,16.88570970171126,3.812924336844942,17.170169830322266,2.308116912841797,2.2210463929894924,6.171138930183666,48.21327253852824,-7.7207515238552915,,,2.45653449295467,nan,,,1.1445904970169067,,None,-3.596121433701811,2.519689531666942,-2.6493862827521255,0.14082644879817963,3.1728687574693204,0.08235275000333786
Gaia,DR3,2543613639967683840,8.149849278473472,0.1335588862248831,19.466846466064453,2.508474349975586,4.258852617574773,7.082896521225174,47.47270636230724,-6.86977112142468,,,2.6040675310363546,nan,,,1.0573139190673828,,None,-4.437575631818372,2.3918699404938084,-6.422243698276208,0.4873420298099518,1.1561002990630913,0.34902846813201904
Gaia,DR3,2532988337552797696,17.62331857334709,-0.7100941957002846,15.450227737426758,1.389887809753418,4.258983498537698,9.569273426522463,85.40647851341409,-8.168813084836003,,,2.294740531083367,nan,,,0.987482488155365,,None,-3.3089713103827076,2.051142573593152,-1.3258499399221564,0.0400024950504303,2.6097778201595965,0.03194572031497955
Gaia,DR3,2531998978950807168,17.436331207536625,-1.978011824546205,18.855932235717773,2.5628929138183594,2.639390574855682,10.445694179896707,82.18952351895564,-8.238234433648879,,,2.3716264421869075,nan,,,0.9580483436584473,,None,-3.4330717721227826,2.0293027231339016,-2.5865757563173215,0.2601855397224426,3.041617007275895,0.19974850118160248
Gaia,DR3,2534754183291301248,17.22454167438848,-0.2074338031604057,19.53069496154785,2.6446399688720703,4.703436660807084,8.92844586799621,63.54795590870572,-8.083553603088273,,,2.793548022765334,nan,,,1.0324714183807373,,None,-4.061430579574114,2.5392368847234326,-1.7283076811963105,0.5630511045455933,1.0463081552076072,0.3135952353477478
Gaia,DR3,2530542332202718976,11.184569598026727,-1.7841722569599407,18.956886291503906,2.360586166381836,1.0824114257628932,8.266541117873139,72.80757629047353,-7.429452263503142,,,2.3371677276207583,nan,,,1.0135418176651,,None,-3.7975939483323993,2.0257569529324493,-3.9808855183981926,0.2925936281681061,2.526571963793638,0.2620256543159485
Gaia,DR3,2531934176484718336,17.909216724799066,-2.227786608216376,18.057178497314453,2.2590904235839844,2.2494111063032984,10.92757267154675,83.42334839941373,-8.312155729329982,,,2.39180063282899,nan,,,0.9804831147193909,,None,-3.4284549637734205,2.027319945194154,-2.8191234312331144,0.1616801917552948,1.070712434815669,0.12045889347791672
Gaia,DR3,2533701611361638016,19.606385005291983,-1.0849773587541154,16.58668327331543,1.9766530990600586,4.690742367961387,11.22595253344763,78.62882589232699,-8.428002353017714,,,2.832516146806829,nan,,,0.9524353742599487,,None,-3.9141827138457583,2.497219218199692,-6.185041299679998,0.10886060446500778,4.1368897790611845,0.0715445727109909
Gaia,DR3,2543570514199295104,7.660414980646361,-0.23647336053589815,19.76262664794922,2.744882583618164,2.538480643305657,7.636262651721644,76.28372610640163,-6.828492638772388,,,3.0823836680232892,nan,,,0.8796532154083252,,None,-5.2906928601075816,2.802487975402898,-6.859179745897338,0.4886949956417084,2.2919065719201144,0.39257487654685974
Gaia,DR3,2546751195180034432,2.879083964454953,1.871373933284214,18.44742202758789,2.3457679748535156,2.9016018982232685,9.577217201794179,69.79350627185477,-5.963803328908843,,,2.8473065576145373,nan,,,0.9766055345535278,,None,-5.211168010960606,2.72409149690929,-5.2136626477165615,0.263189435005188,0.9824333407150267,0.15739774703979492
Gaia,DR3,2533796199426205312,19.447204325608002,-0.47387284356326065,18.9769287109375,2.4363574981689453,1.6251677563651719,10.701274827321864,80.79044215014059,-8.364717079224462,,,2.941361807041729,nan,,,0.9680541157722473,,None,-4.078967515089609,2.648900994719437,-4.107761978846989,0.30579420924186707,3.656205061125742,0.2551087439060211
Gaia,DR3,2536749625097405440,12.28759843139829,-0.553024277685917,18.046672821044922,2.149057388305664,4.251746200220373,7.103555337629599,69.41035076900724,-7.486374074358297,,,2.3142883395567315,nan,,,1.5666389465332031,,None,-3.6911355288894683,2.0827011091466323,-3.4771117629451043,0.38927656412124634,0.01945020654776266,0.32452380657196045
Gaia,DR3,2542960255183218944,10.059626320685966,-0.3645402644427496,10.822383880615234,0.6022367477416992,3.779149163850342,6.9568490787034545,49.12868670956496,-7.172749267028922,1.1313412189483643,0.5547065734863281,2.516981321946631,nan,,,1.013136386871338,,Gaia_DR3,-4.165053712169957,2.2791867978662146,-4.382601898913687,0.030295301228761673,0.2857873697774308,0.030856158584356308
Gaia,DR3,2536207329641819008,15.711329357025672,-0.3051289178262556,16.5991268157959,2.0727052688598633,1.2350617028202966,8.090383558244968,78.46314189202886,-7.9060781605487955,,,2.2858450938870445,nan,,,1.2614672183990479,,None,-3.42487575090208,2.071578084899833,-2.9583465951558545,0.09869445115327835,1.702045144592628,0.07339347898960114
Gaia,DR3,2531793958687599872,19.22112105481097,-2.2421841147668613,16.506942749023438,1.9795522689819336,3.599835527583961,11.775675759464102,79.11792853988773,-8.46648524338691,,,2.5871062339903697,nan,,,0.9990857243537903,,None,-3.605608031478431,2.188447280551011,-5.276557986987379,0.10316163301467896,3.219224114772542,0.07096969336271286
Gaia,DR3,2535653583803475072,13.976418792251385,-1.4878255107308167,16.827674865722656,1.9907493591308594,2.1523984884093648,8.405848604071751,56.23445628511965,-7.774493658963363,,,2.641797618678938,nan,,,1.0364775657653809,,None,-4.089387380651355,2.305877734578368,-4.205200457286747,0.08639080822467804,3.498978335310792,0.08699709922075272
Gaia,DR3,2544350415837774848,7.368754967082471,1.2790950346589867,15.150162696838379,1.603118896484375,1.868174469821569,6.513549934238239,68.067997229822,-6.670613280049327,-9.235373497009277,5.837026119232178,3.032690013996136,nan,,,0.9567200541496277,,Gaia_DR3,-5.227509058007822,2.871289774035601,-6.012703244481556,0.03492892533540726,3.7712763482459195,0.025792187079787254
Gaia,DR3,2546869942436344576,5.426334313191374,0.6070377244952866,18.052974700927734,2.436290740966797,3.102151095299209,8.296310769991324,58.22060261005268,-6.441958506093705,,,2.5118241284721665,nan,,,1.0279779434204102,,None,-4.448767576175132,2.3349463120924394,-4.038564198632134,0.17715947329998016,3.925547737020457,0.12849734723567963
Gaia,DR3,2534519815515866368,18.348094663534756,-0.3245843569594263,18.341833114624023,2.643484115600586,4.6983474758665285,9.78878524486013,69.32393432509926,-8.225934774054913,,,2.8105618739151774,nan,,,1.0343070030212402,,None,-3.9915866711411616,2.544448536361521,-6.198897610872187,0.2611079514026642,0.848270567880511,0.17925335466861725
Gaia,DR3,2536044185308374016,13.556615820880753,-0.5326865485688299,18.083372116088867,2.6835880279541016,3.786963349153981,7.367468970439758,63.79942941978378,-7.6504716302903795,,,2.934142934886122,nan,,,1.0293601751327515,,None,-4.576561607242712,2.6412194001782536,-3.1743515217897538,0.1821841150522232,0.7648636843851638,0.15221238136291504
Gaia,DR3,2533693777341229312,18.843053338550945,-0.7689074778356745,10.516782760620117,1.1120014190673828,4.574311734988633,10.4534224675776,70.63159938769668,-8.31681571648726,-8.702336311340332,0.19577084481716156,2.7245731826197783,nan,,,0.9366540312767029,,Gaia_DR3,-3.828600056255949,2.429417636593396,-1.4177717775448195,0.023380670696496964,3.4738309463112413,0.01622682251036167
Gaia,DR3,2536830993253860992,13.77913739970799,-0.1821975290125525,19.18119239807129,2.687746047973633,3.7225966125899914,7.108776162168537,54.65384681230591,-7.652884012444455,,,2.4484831762345567,nan,,,1.0711619853973389,,None,-3.8037533130377645,2.2281280994246964,-5.0214425969156045,0.3881531357765198,3.714497303232568,0.3281324505805969
Gaia,DR3,2536974720038585216,12.156600259228489,-0.16706232733347137,15.661985397338867,1.6766777038574219,3.0281807079440552,6.703585026891443,45.558938931829495,-7.440160832936,,,2.5662121332422325,nan,,,0.9980588555335999,,None,-4.1021409239728674,2.336690108971612,-2.680956253433408,0.0529743954539299,3.1515015384694576,0.04731081798672676
Gaia,DR3,2548265604944972032,3.242886712639282,2.1904108024348634,13.867222785949707,0.9750118255615234,3.4757369772079585,9.10509427718458,76.40485432029097,-5.993382601428371,22.963411331176758,2.6653823852539062,2.34823290468227,nan,,,1.0151349306106567,,Gaia_DR3,-4.278458251253534,2.2640704515598737,-3.3455739911495033,0.02251068502664566,3.7098173178405967,0.018802503123879433
Gaia,DR3,2548383729432960256,4.664238120754015,2.998390649109801,19.725019454956055,2.4976730346679688,1.5043775446640908,7.471929235686663,80.61761626726766,-6.140388547944754,,,2.249936317422529,nan,,,1.0509098768234253,,None,-4.025537006644783,2.2144658857747737,-3.408968008262529,0.4677087962627411,1.8553250707939934,0.43003976345062256
Gaia,DR3,2536251615048994816,16.049260581975705,-0.28637268590328474,17.706777572631836,2.230438232421875,3.510610873384392,8.263409150728185,58.33036828668551,-7.946424919914921,,,2.5052187437682254,nan,,,1.057694673538208,,None,-3.7289263830029946,2.2716457718843754,-5.448490770891183,0.14480608701705933,1.5784131844852887,0.1081915870308876
Gaia,DR3,2536224711374009856,15.591764768009723,-0.12513115219662188,18.175025939941406,2.5391998291015625,4.2387350059123445,7.874310151377028,70.80120475658643,-7.877703825480482,,,2.9980911580064094,nan,,,0.9425362348556519,,None,-4.502426369128381,2.7327760845672975,-1.8338765227560383,0.16406267881393433,2.4964021581976588,0.14868834614753723
Gaia,DR3,2533755311337075456,19.737175574118222,-0.6152804745701542,18.93792152404785,2.5352401733398438,2.820781147008385,11.013657174302303,73.88620563281074,-8.408389401330412,,,2.594745092778869,nan,,,0.9700062870979309,,None,-3.5751737522096576,2.325246586051533,-4.882181763352903,0.3156931400299072,3.145285396968624,0.2826918065547943
Gaia,DR3,2549415144351270528,10.01573078668107,1.285196298756264,16.71038246154785,2.124028205871582,3.905160966053651,5.351538156588483,59.06326792102747,-7.0401843239213875,,,2.9773128357701264,nan,,,0.9998090267181396,,None,-4.930238380836638,2.824520027881276,-7.378059585844311,0.0726676806807518,2.6984727326292974,0.06616687029600143
Gaia,DR3,2745272628076383872,359.96639769996835,5.991228792977698,13.793230056762695,1.1813678741455078,4.564542058497625,11.275323074278464,85.82819324171443,-5.176254234282704,-2.8242993354797363,1.9063279628753662,2.9793336146500087,nan,,,0.9752815961837769,,Gaia_DR3,-5.640849745787052,3.0828825811098577,-8.30831113091197,0.020663399249315262,2.032368224436014,0.010171865113079548
Gaia,DR3,2535619292784485120,13.404004514011097,-1.8285850777944803,19.68282699584961,-0.12394142150878906,1.4659607138742674,8.571906498696356,61.42775634346976,-7.725309880726404,,,2.485672743181597,nan,,,1.0113470554351807,,None,-3.8876706804511745,2.146554931333063,-4.203627976148793,0.5278995633125305,1.4463715195396762,0.49743708968162537
Gaia,DR3,2536936026677467008,11.95293314515213,-0.47771472648590146,18.764204025268555,2.575336456298828,3.7731635264218064,6.9898962380340395,72.94591064804995,-7.4364727090353835,,,3.070685246574221,nan,,,1.062109112739563,,None,-4.925622550923995,2.7700173722442276,-6.587840157151624,0.33556070923805237,0.9803875900202529,0.33069729804992676
Gaia,DR3,2550295853164887808,9.876391577851525,2.150318980763845,16.965742111206055,2.022658348083496,1.818863182412844,4.557354676065952,47.67177629976861,-6.952382113798011,,,2.3817347015248513,nan,,,1.03896164894104,,None,-3.9527108874017673,2.3122950885691833,-3.3623740952773895,0.10213468223810196,3.00907984645648,0.06845244020223618
Gaia,DR3,2542152423374132864,5.9195582226138805,-0.9389333960722243,17.001115798950195,2.2027673721313477,4.179778164414164,9.159006293417598,62.542283554415334,-6.630525769478435,,,2.727100340370112,nan,,,1.0084160566329956,,None,-4.7977397115857725,2.4334789377217154,-2.787019017401317,0.08490321040153503,1.1177298815193866,0.06822217255830765
Gaia,DR3,2542354286836557824,8.065094148455039,-1.9923104919392167,17.52234649658203,2.1972103118896484,4.607977897518561,9.06784709302986,75.04248286372336,-7.01461099754277,,,2.981431691946997,nan,,,1.0048705339431763,,None,-5.087034764023057,2.57658765584588,-7.975690989127113,0.12075633555650711,2.7853046587526196,0.1080537736415863
Gaia,DR3,2544678894935434880,3.6071851405881565,-1.5782449375239,17.379459381103516,2.3484344482421875,3.071302167283196,11.131433855269272,81.40228549033573,-6.335607507478338,,,2.908387115962371,nan,,,1.113061547279358,,None,-5.274903018097682,2.5554716365752927,-6.046787193499215,0.1771189570426941,4.273069071492587,0.1017860695719719
Gaia,DR3,2550516373966276992,8.763606870840054,2.157357033857557,10.492066383361816,0.6346921920776367,3.202964489786678,5.008437586436237,78.07824681239222,-6.7977968710623315,6.2587714195251465,1.0530871152877808,3.199814188051946,nan,,,1.4103156328201294,,Gaia_DR3,-5.4027257980913,3.1031834745647053,-7.489431984827408,0.047787394374608994,2.5430791988257746,0.036114402115345
Gaia,DR3,2542701663790244224,7.653449436250949,-0.7121423043693218,20.04439353942871,2.618438720703125,1.9978227721381325,8.06126399165326,70.67454530274648,-6.863049420473336,,,2.985179120445606,nan,,,0.9996119141578674,,None,-5.124369511733349,2.6783257100425146,-3.868976917444374,0.6393526792526245,2.610169316577221,0.4516199827194214
Gaia,DR3,2542676581182482048,7.779606000414239,-0.9676786355106459,15.4537992477417,1.838357925415039,3.920656191872704,8.235719404323518,76.45351430749467,-6.899848580730224,,,3.053536912056222,nan,,,1.05704665184021,,None,-5.232041895897947,2.7197184716205194,-7.750151374880589,0.04784568026661873,2.550480705237465,0.034868575632572174
Gaia,DR3,2544749194960119552,3.2701702610339183,-1.2840737977749352,17.621183395385742,2.4110145568847656,1.959939741528929,11.159103796335843,80.54253386370058,-6.26347212077475,,,2.4507549735426153,nan,,,1.005477786064148,,None,-4.463734597999116,2.170745945087601,-4.709865040796074,0.1367802768945694,1.1885241452527986,0.10338687151670456
Gaia,DR3,2545087668446837632,2.6120675123636294,-0.1994154093426763,18.056835174560547,2.581472396850586,4.7472873684758845,10.944157172413684,74.85148859509668,-6.0832901737629514,,,2.5377000955118603,nan,,,1.0336049795150757,,None,-4.659712778171696,2.31101143943799,-3.2528200742265088,0.37466710805892944,0.19663876753235263,0.15408235788345337
Gaia,DR3,2745465519351097216,359.71510986833607,6.706770551622017,19.24768829345703,2.6981430053710938,4.788390576052566,11.508563584193693,78.07988924526025,-5.075444687543937,,,2.555483386619426,nan,,,1.0331122875213623,,None,-4.8516983212187,2.6764604740881976,-4.3098660848768,0.3429872691631317,0.15439741328386591,0.19538255035877228
Gaia,DR3,2541717012472664704,4.244851936486789,-1.3054104238929385,19.346248626708984,2.6034412384033203,3.137179392005017,10.498138623015208,83.86160486647566,-6.410977049543011,,,2.3576822805752924,nan,,,0.9739060997962952,,None,-4.241412182998501,2.085492959944988,-5.372826983404491,0.3968815803527832,1.0125702113925803,0.27915680408477783
Gaia,DR3,2542459320260586624,9.428249734529336,-1.4184939703765704,18.763166427612305,2.5644493103027344,4.8085391765453975,8.117650518269544,58.03024436562668,-7.163645627143019,,,2.776735913979194,nan,,,1.0673553943634033,,None,-4.640731880604873,2.4379540196717198,-2.212947366156833,0.27481809258461,3.862261337520941,0.2243628054857254
Gaia,DR3,2552919287908662272,12.594317688264843,5.358981042972088,13.558667182922363,1.0542316436767578,2.0586409752186023,1.7093306477444545,40.20997263028109,-7.047334968754207,-12.942635536193848,1.7465351819992065,2.8920941800788897,nan,,,1.0482771396636963,,Gaia_DR3,-4.588316827054433,3.0615834105061785,-3.3352701861319507,0.024104395881295204,2.989515248355803,0.02188722789287567
Gaia,DR3,2543700634528425600,6.5640563619191665,-0.34245854071157983,18.677249908447266,2.676250457763672,4.281956856450745,8.300021079561452,59.47336329483429,-6.6795231059931615,,,2.7848451226987336,nan,,,0.9917925596237183,,None,-4.855668608330299,2.5250937138528973,-7.361905370111876,0.2748134434223175,2.720239391538367,0.21940873563289642
Gaia,DR3,2553670524933191424,8.143198364876634,3.316417933538968,19.799257278442383,2.512907028198242,4.91242726946325,4.460740147157098,51.84209064751875,-6.616481256810264,,,2.932827001291508,nan,,,1.036353349685669,,None,-4.998306700504751,2.9256326441321043,-4.45644107522732,0.6138659715652466,-0.06284298479630937,0.4781031310558319
Gaia,DR3,2555607005427687552,7.172561532753483,6.037667152260673,18.81657600402832,2.5815982818603516,4.065956472191461,4.125142046808085,74.94412489604434,-6.2474285332203925,,,2.2068287815808634,nan,,,1.013814091682434,,None,-3.814723563355708,2.338420012983094,-3.847565046934562,0.2828911542892456,4.229706006175618,0.2100118100643158
Gaia,DR3,2555909096247308672,11.42291864325287,5.641695170001948,12.308537483215332,0.8250932693481445,4.143059059768083,0.8489759458665195,67.88854586560852,-6.867925873472544,-16.71694564819336,1.0698646306991577,3.156668114445952,nan,,,1.0104682445526123,,Gaia_DR3,-5.108915188836903,3.354610170776264,-7.175105812884582,0.021597934886813164,1.5292154254590364,0.01799285039305687
Gaia,DR3,2556633884863870848,13.313460313972277,7.663195987701556,17.94723892211914,2.3896236419677734,4.426017256758662,2.322732595308106,46.31756118278108,-6.932841664930139,,,2.936448844186222,nan,,,1.039541482925415,,None,-4.600123596336522,3.289285424081027,-5.900614972834814,0.19423441588878632,0.8777501441601354,0.12291574478149414
Gaia,DR3,2558995872063056128,23.16716826932172,2.458738485081609,17.460350036621094,2.1260147094726562,1.519858060081974,12.495373515336247,85.27590476064015,-8.543937905796946,,,2.5372030431918207,nan,,,1.0780458450317383,,None,-3.2218520206504544,2.5203742177781203,-4.010505350069515,0.13602891564369202,2.717529465904598,0.06961730867624283
Gaia,DR3,2559310130525632000,21.0558185247519,2.284188150165264,18.87396240234375,2.566194534301758,3.884088979262034,10.593656024488975,71.74249413856826,-8.33071873728153,,,2.7348613754469557,nan,,,0.9737764596939087,,None,-3.6562142703951923,2.6964565858990506,-5.309570205841204,0.2883349061012268,1.1861718957236926,0.22017252445220947
Gaia,DR3,2559753401214788096,22.438506713505415,2.646459162989857,19.842679977416992,2.501852035522461,4.7068140620318415,11.746305653786367,82.44798579268368,-8.451286264639158,,,2.48548514295738,nan,,,1.039453148841858,,None,-3.214186778704073,2.4817926881047754,-1.058395244193122,0.5982555747032166,1.2839864785210213,0.38172510266304016
Gaia,DR3,2564695671622259968,20.021642068982565,6.348617051889682,18.593645095825195,2.779592514038086,2.7237716829982186,8.669567159201794,62.578329969439174,-7.863428577241274,,,2.477121587153908,nan,,,0.9512331485748291,,None,-3.3913690484925034,2.738050894668331,-4.691406992099909,0.23227646946907043,2.1609828961623387,0.21695242822170258
Gaia,DR3,2577658196454543360,16.00380656648832,7.849922271739574,16.60476303100586,1.9497442245483398,4.096211916065912,4.864946328358718,47.03755266601649,-7.252531233579518,,,2.3980952833596776,nan,,,1.032162070274353,,None,-3.5726563356295746,2.721166629534391,-4.3022960613592485,0.08180444687604904,0.7831578375425353,0.05859488993883133
Gaia,DR3,2739360927714435328,359.1770235257063,1.743935096740427,18.091503143310547,2.4379329681396484,4.2182008450762725,12.981876303129589,86.96456595519483,-5.401197248354436,,,2.5987646543457603,nan,,,0.972766101360321,,None,-4.9625887428619855,2.469468319430853,-5.902844082512348,0.14411182701587677,0.3584766168069679,0.09327253699302673
Gaia,DR3,2739585640403873920,359.1867981637316,2.7596536092436694,19.965639114379883,2.104940414428711,3.639119661413094,12.630721084649155,86.79555533530281,-5.322038991239481,,,2.8279869617399487,nan,,,1.0170179605484009,,None,-5.399747107636937,2.744026360311154,-6.995753492208269,0.4866354763507843,4.2135877805072175,0.3505651652812958
Gaia,DR3,2544885633185838336,1.763746485714024,-1.4854141942577936,18.288009643554688,2.8994693756103516,3.479753682109729,12.412166033794414,83.29131924035629,-6.049150141765267,,,2.7389034751863424,nan,,,0.9172847867012024,,None,-5.080518783997629,2.4166720069055465,-3.1039522104557946,0.2201876938343048,2.056191842712031,0.13290756940841675
Gaia,DR3,2545761948248710016,0.9228409092932981,-0.4694439808391473,13.362839698791504,1.1606979370117188,4.511703753896864,12.47151385274051,83.68768684827447,-5.844347973736783,-17.015859603881836,1.4498414993286133,2.591495274913522,nan,,,1.8678652048110962,,Gaia_DR3,-4.854213016020962,2.3454630393736933,-3.2420706758590594,0.060162611305713654,4.209934400324348,0.017097555100917816
Gaia,DR3,2743269283530629632,358.7244292562683,3.8857870329357542,18.470977783203125,2.5805530548095703,2.3713041904306995,12.787448262480272,85.18453544714669,-5.157555401954401,,,2.6944743871975265,nan,,,0.9694376587867737,,None,-5.170050057982145,2.6706046593890136,-5.965223158891568,0.2442934811115265,3.757795421190125,0.12595196068286896
Gaia,DR3,2578807594127630976,19.400772265978556,8.885655397845046,18.895408630371094,2.7527008056640625,3.3768556176235958,8.381111586410846,84.00189969917253,-7.55381029843344,,,3.1466433608062574,nan,,,1.0315186977386475,,None,-4.36812309138552,3.6984740172604416,-2.351008710345097,0.2870596945285797,2.724345716567615,0.2600070834159851
Gaia,DR3,2578662531606851200,19.338406481147317,8.668721933094528,16.702608108520508,2.1423187255859375,4.515872212314978,8.263926273054103,59.71712143674566,-7.567766113053259,,,2.7944079706559,nan,,,1.0380107164382935,,None,-3.8844937967323117,3.2669470789638555,-2.434905044683786,0.08600695431232452,1.0363344550070446,0.060866691172122955
Gaia,DR3,2581701272508405120,12.94481613358279,8.718134432118783,12.208391189575195,0.8066883087158203,4.867116426071132,2.76860232365914,28.978884515011437,-6.786518749947423,-20.55982208251953,6.149663925170898,2.461367938970802,nan,,,0.990004301071167,,Gaia_DR3,-3.8811201940719733,2.819154395222768,-5.543596847125588,0.020206598564982414,0.9180776425667425,0.014185316860675812
Gaia,DR3,2743754443035005696,358.2580459215172,5.2542865545815935,18.33193588256836,2.333494186401367,3.7589949028078995,13.029373725428108,87.04521740286908,-4.969965054186197,,,2.727523714746538,nan,,,1.7124842405319214,,None,-5.2588810808916095,2.769551011204257,-4.238280295238392,0.575694739818573,0.8643089621815067,0.31909921765327454
Gaia,DR3,2743306696989956224,359.17917412611985,4.270533363128347,19.348608016967773,2.7954483032226562,4.320318139656336,12.265844872491437,84.59772730444351,-5.197707562066618,,,2.827365191255915,nan,,,0.963546097278595,,None,-5.398999317503316,2.8261099825475045,-2.8597346639188976,0.3794810473918915,2.3981875462896167,0.23050110042095184
Gaia,DR3,2743551926738867840,357.96771982761646,4.531706358841357,17.87872886657715,2.896984100341797,4.91556703606725,13.410702547779382,89.59291623998915,-4.984035675833052,,,2.6132441726492135,nan,,,1.852759838104248,,None,-5.05353206883613,2.6167280851870354,-4.01716782395529,0.2536429464817047,0.11491136065518734,0.1578047275543213
Gaia,DR3,2579528667596247296,17.873178163920667,9.023028956353777,17.8793888092041,2.620838165283203,3.2535503743310366,6.9923032763442645,59.99672764091442,-7.364249205328212,,,2.3857435837053873,nan,,,1.0030858516693115,,None,-3.4223518015091514,2.79916116196775,-2.743909311074869,0.16616252064704895,1.3100967547491789,0.12527623772621155
Gaia,DR3,2746336508655950848,359.25435325411206,7.460618529373882,8.834846496582031,1.3575716018676758,3.8681829245686816,11.99452319274578,87.81637883020073,-4.937741492625278,-2.8351781368255615,0.12537220120429993,2.4241259419744132,nan,,,1.197951078414917,,Gaia_DR3,-4.6252746205613136,2.567994466306112,-6.002812196543581,0.021291956305503845,3.9857258110194844,0.01342026237398386
Gaia,DR3,2746577370421515776,358.3196335894466,7.80050141530929,12.701600074768066,0.8636951446533203,4.623497320553872,12.94469987304036,86.64864414128343,-4.7609475574691835,5.260351181030273,1.427172303199768,2.738047467778994,nan,,,3.3582420349121094,,Gaia_DR3,-5.2758223180108175,2.905789020940677,-5.191310300273703,0.06194128841161728,5.573169808036907,0.040448740124702454
Gaia,DR3,2744952051717490688,359.9318690527258,5.008816435106952,18.105636596679688,2.330066680908203,3.602782248573061,11.404392742467486,76.5335496714541,-5.254206704383197,,,2.7168269450732185,nan,,,0.9537850618362427,,None,-5.145792955043969,2.759704882545739,-3.2216056903269075,0.16595084965229034,2.0145355826832008,0.10330263525247574
Gaia,DR3,2577414719052855552,15.606470389425676,7.089804081213474,17.056690216064453,2.237203598022461,4.980598707205439,4.320910814503892,46.67470870657655,-7.274463260689261,,,2.381032059441033,nan,,,0.9443386197090149,,None,-3.57473456780738,2.650193112795431,-4.14578462516557,0.12209457904100418,0.21629767950331075,0.07555130869150162
Gaia,DR3,2743308213114197248,358.758792698352,4.065697254760366,17.149158477783203,2.1061248779296875,4.76686519824864,12.716922037403696,84.74391539778223,-5.1482172250170715,,,2.6364650153597347,nan,,,0.9922917485237122,,None,-5.056920468483838,2.622318303756244,-4.815288021682832,0.08873577415943146,5.260668319190997,0.05595545098185539
Gaia,DR3,2745274479205805440,359.77032750372825,5.97061585589565,19.07864761352539,2.6240711212158203,1.4166961387829171,11.471161771224299,87.87405383668236,-5.147438374370951,,,2.3803613323881416,nan,,,1.0502654314041138,,None,-4.516499335024525,2.4605513574312554,-4.453560800941177,0.32378149032592773,1.7524389962303892,0.18236549198627472
Gaia,DR3,2582960110242961024,17.54634644112723,10.325627804789177,14.912871360778809,1.4948482513427734,4.826370036434129,7.277638853724679,54.750474635626865,-7.19761620996613,27.154958724975586,6.247069358825684,2.8060325081868074,nan,,,1.0248563289642334,,Gaia_DR3,-4.052694433934671,3.3863947906855247,-3.206092329486181,0.03460216894745827,6.112973956180868,0.024050364270806313
Gaia,DR3,2747002980204292864,358.8496342090141,8.315228586285059,18.920124053955078,2.4745616912841797,2.9355544331532006,12.479580066723585,89.99651867981311,-4.798935828387789,,,2.4390938296326805,nan,,,1.1027840375900269,,None,-4.673881225780399,2.6166923972346092,-3.1672767952493452,0.2918207347393036,2.708835166228141,0.1786441057920456
Gaia,DR3,2578059552558268416,16.26517826677745,8.24827410666312,13.438570022583008,1.1961774826049805,2.0371659004736093,5.232852971519336,85.9577529957545,-7.246759602427261,-8.74029541015625,1.888947606086731,3.285165878932586,nan,,,0.9944345951080322,,Gaia_DR3,-4.869118200496802,3.7657915418869785,-6.0427392556849195,0.01929619535803795,4.548771667136032,0.016002070158720016
Gaia,DR3,2578475374111893504,20.144328678834633,8.11984699271788,14.573877334594727,1.2441892623901367,3.195888589138991,8.925430143389315,76.41538062812454,-7.711453538706304,23.819904327392578,5.588369369506836,2.3387166892601114,nan,,,1.0302345752716064,,Gaia_DR3,-3.1930067008132292,2.7047077966364186,-2.854357734219953,0.04188578948378563,4.24353818119064,0.02704603224992752
Gaia,DR3,2745388282956466816,359.7363087371079,6.229959561697289,16.62816047668457,2.2249603271484375,3.84732568300115,11.493499454520576,78.15881725699522,-5.11989570982577,,,2.5493848265308428,nan,,,1.0105119943618774,,None,-4.8390012401748965,2.6474603815732327,-6.515954715684151,0.06796663254499435,3.857077466550337,0.03710804879665375
Gaia,DR3,2580977278461298816,13.347741476621938,8.76523417436138,16.2884521484375,1.8315258026123047,1.7117741772515715,3.056219181455373,33.95001279592464,-6.833820611690122,,,2.4331075956776176,nan,,,1.0017248392105103,,None,-3.8092811177258303,2.7937453663225353,-4.630068425611751,0.07251489162445068,2.4819626758458577,0.05172573775053024
Gaia,DR3,2759297860961616768,359.32394474581935,10.125255106123397,12.659309387207031,0.8645114898681641,3.729404413599918,12.394013474551631,87.10284885735598,-4.7097498404997165,10.037625312805176,1.6356312036514282,2.4789628180245367,nan,,,0.9224931001663208,,Gaia_DR3,-4.726376993002838,2.7442986787464974,-5.086356920519687,0.015105265192687511,0.8288816545529712,0.010293920524418354
Gaia,DR3,2586388383203309440,22.109988782599796,12.007609417464245,19.582490921020508,2.4531822204589844,3.437776304834617,12.012792848271939,85.99168060160073,-7.534293316564606,,,2.4537343036290884,nan,,,0.9922319054603577,,None,-3.1987789145456387,3.1252037339484975,-1.8061720722082741,0.5695720911026001,4.2310392745525265,0.30205607414245605
Gaia,DR3,2583330125970241536,16.200666406716422,11.39390749231343,19.27488899230957,2.592029571533203,3.6942936036407428,6.896923963832503,50.86081778129296,-6.929894446126539,,,2.48118322281586,nan,,,0.9961023330688477,,None,-3.682176565371708,3.0472175093351086,-2.624580473291391,0.5040274858474731,1.4299994864380705,0.30261528491973877
Gaia,DR3,2589785942852168448,19.998325322748947,13.082870032274759,19.018287658691406,2.339365005493164,4.641448654009436,10.81612385738053,73.20292554797787,-7.192159692623493,,,2.5639921575285474,nan,,,0.9797776341438293,,None,-3.5121489589962263,3.3129348563646603,-6.019743156827318,0.3077062666416168,3.389867586870548,0.18317319452762604
Gaia,DR3,2584440568289920128,15.069300349697382,12.53167601583813,17.671403884887695,2.2878551483154297,3.619913453594007,7.10081175597808,72.2942988947902,-6.675817303731787,,,2.293538281551404,nan,,,0.9443608522415161,,None,-3.4789236702934216,2.868040301090703,-3.001692434131755,0.14340505003929138,1.1841280243108774,0.10116738080978394
Gaia,DR3,2584353633856901888,14.575844771040845,12.469782767934769,18.903839111328125,2.7828311920166016,3.180390273346147,6.804322993805285,59.85759471005217,-6.621468209190651,,,2.377532035938271,nan,,,1.0001782178878784,,None,-3.6398991784569095,2.9627171257593825,-4.4068233352822785,0.2903275787830353,4.360135402252943,0.2424258440732956
Gaia,DR3,2740813554373505024,1.636382942891864,3.609836679178777,17.257888793945312,2.2426815032958984,4.408409291921141,10.042769374213488,68.16578087543978,-5.634246137135182,,,2.558271067165149,nan,,,0.9764201045036316,,None,-4.752567877832279,2.5376342458730994,-6.525051829946364,0.14465132355690002,4.12218067778272,0.0990506112575531
Gaia,DR3,2741248484238837504,4.61763179295245,5.029370203655021,11.25430965423584,0.7428817749023438,2.1554814668790536,6.803628900221347,72.73411057789777,-5.964303469632614,4.649580478668213,0.4099063277244568,3.076287071097199,nan,,,1.088168978691101,,Gaia_DR3,-5.507389662075318,3.166713544486144,-6.021285968222826,0.03013145923614502,1.8667473047056757,0.020076114684343338
Gaia,DR3,2741005178634577664,4.234089670792787,3.691712886822205,9.146267890930176,0.2614479064941406,3.005782432428946,7.5686599858646915,50.69457362942681,-6.019759577827261,8.29419994354248,0.9701376557350159,2.6398141699316033,nan,,,2.0108704566955566,,Gaia_DR3,-4.749620822796959,2.637093635412829,-3.3228542306638142,0.054049938917160034,3.5102006405627963,0.0425378642976284
Gaia,DR3,2748086072172824576,6.88077791935549,7.155036864760851,12.636241912841797,0.8267354965209961,1.4196882223268799,4.437702318130005,35.59663041529402,-6.106794447125285,-10.93701457977295,1.4210785627365112,2.4821545820957223,nan,,,1.1427024602890015,,Gaia_DR3,-4.308571305262541,2.690726251627351,-3.9513489861556033,0.018599949777126312,3.3420700891769584,0.015148414298892021
Gaia,DR3,2586756444720428032,22.44632429769119,12.096765359910053,19.61211395263672,2.6378822326660156,4.963515866910162,12.347239338718328,84.92549485393081,-7.560214830832583,,,2.8224152953234523,nan,,,1.021134376525879,,None,-3.6491954693070427,3.6062586384842654,-1.658219265557683,0.4304767847061157,1.4250303960499227,0.2936587631702423
Gaia,DR3,2765674547366742272,0.33825773172898366,11.310685874911048,16.369976043701172,2.016596794128418,1.3559270632298617,11.852775985661061,79.34260588927172,-4.756206415335934,,,2.71283354516822,nan,,,0.9851811528205872,,None,-5.115148275031498,3.076178831959486,-4.38397469334054,0.07223959267139435,3.3344413812034635,0.05174893140792847
Gaia,DR3,2747337545272383488,6.357100065107029,5.4673139393943035,16.960784912109375,2.5001726150512695,1.2575843808475893,5.017922131339372,33.67772954650039,-6.180349731310633,,,2.598695126005681,nan,,,1.0360766649246216,,None,-4.54424214198076,2.7132978847843825,-5.123593874256946,0.10144126415252686,2.340477440318465,0.06810487061738968
Gaia,DR3,2768211704806067840,5.455636378848275,14.449934097120249,16.939010620117188,2.0361928939819336,1.2141600922380786,9.820692572566708,77.26761407426302,-5.204673269983856,,,2.3826063268442383,nan,,,0.9350952506065369,,None,-4.218237702799412,2.925712757162349,-3.7059488271761665,0.0785951167345047,3.2565770476999116,0.06804464012384415
Gaia,DR3,2756028291336509568,4.894020071248672,13.318840970837636,17.39861297607422,2.580921173095703,0.645471314987041,9.300452773765839,66.1758171644321,-5.238211654622923,,,2.8037827861147173,nan,,,1.0903936624526978,,None,-5.00130271928214,3.370206253691135,-5.377361691455291,0.11863381415605545,3.3059099345976612,0.09553507715463638
Gaia,DR3,2767742621362948352,3.449166957335396,13.775136853978141,16.74019432067871,1.9630470275878906,4.087318386458769,10.621169007112194,79.15757364308283,-4.983606104572443,,,2.4203440818538104,nan,,,0.9526114463806152,,None,-4.398485535643587,2.9043427029613786,-3.853694876371685,0.08617733418941498,0.8912736113579212,0.07696648687124252
Gaia,DR3,2774304064375654784,11.101916266862204,10.288779900697374,13.430253982543945,0.9716720581054688,4.597949670807785,3.812147144182519,78.9326995119154,-6.394796023681296,-10.639066696166992,2.018519878387451,2.1819330578761127,nan,,,1.7984528541564941,,Gaia_DR3,-3.5501997903675377,2.5636980653118013,-4.64098002642205,0.043288156390190125,0.7517524617386535,0.026361720636487007
Gaia,DR3,2774487098701949952,11.6143490106709,11.111584160773367,15.099029541015625,1.6403923034667969,3.166322391355968,4.64050804473562,59.55702668252664,-6.381555868488262,14.328095436096191,5.742088317871094,3.008131574682929,nan,,,0.9694487452507019,,Gaia_DR3,-4.852948428389458,3.6007617907558274,-3.0911507280376607,0.034575674682855606,4.563961328548509,0.02640628069639206
Gaia,DR3,2755740665966655744,5.376337305405238,12.804380430213893,19.741870880126953,2.663999557495117,1.6633022831824256,8.603815276617377,58.51361550384095,-5.358353250428038,,,2.7070159826157174,nan,,,1.0572433471679688,,None,-4.797709049264784,3.235880890268641,-5.7454617200490885,0.7614409923553467,3.183658424152731,0.5272637605667114
Gaia,DR3,2774223039817226368,11.150403056746462,9.742134493740908,18.079143524169922,2.5196056365966797,4.845959907273838,3.2638341316852957,36.06147973731501,-6.45407580310863,,,2.42415430292632,nan,,,1.1410876512527466,,None,-3.9411605758620953,2.8175357579235407,-2.794836631005274,0.18939077854156494,5.01271170916753,0.15862628817558289
Gaia,DR3,2778064424207430912,13.312191829433582,15.104961211629858,12.337751388549805,0.8136167526245117,4.079169204142131,8.846898898690409,71.73743510590718,-6.186535262801735,-0.6843071579933167,0.8890284895896912,2.9473359361587135,nan,,,1.0818170309066772,,Gaia_DR3,-4.617283203009278,3.831924414436712,-6.95423249820508,0.02110142819583416,4.812928624372045,0.01724068820476532
Gaia,DR3,2779561065691174016,10.450470654354499,14.881571139215229,19.597042083740234,2.327573776245117,2.4720763972351176,8.441123463054305,65.35780019878668,-5.843051536038789,,,2.8788785501927765,nan,,,1.027463674545288,,None,-4.7342031031085385,3.6689421099606783,-4.2561441603251735,0.4242610037326813,2.246850877087033,0.28708451986312866
Gaia,DR3,2774583473472917376,10.322063276538398,10.835228840614786,18.32000732421875,2.505237579345703,3.7790604383992172,4.459290742330511,36.37716311240773,-6.237612030949332,,,2.757945336815038,nan,,,0.9821909666061401,,None,-4.544707797077508,3.2642727418664883,-2.3580787550565874,0.22675585746765137,3.4790885916757825,0.1503664255142212
Gaia,DR3,2782282356969979776,10.837733850423591,16.85800798196907,18.17645835876465,2.3621044158935547,1.6455578908498736,10.386190869105357,73.85909249869283,-5.681484072783546,,,2.477160801333726,nan,,,1.0549139976501465,,None,-4.048075799560939,3.268365243454762,-4.842529511705045,0.17075544595718384,3.5959120716706092,0.1245926097035408
Gaia,DR3,2783508248010657280,16.26002648497183,15.188092740683206,19.151954650878906,1.3637638092041016,4.860339239767695,9.974973823000314,84.83061328390586,-6.536483599986588,,,2.319043052818773,nan,,,1.2681164741516113,,None,-3.437526174111584,3.0671119086652174,-3.0446809280761378,0.4179462492465973,0.7237008216858698,0.3565758466720581
Gaia,DR3,2781556958468531456,12.50138925742057,16.02419529240969,17.18246841430664,2.256895065307617,1.9924362732793703,9.6150868945475,72.85634244991053,-5.985127534397041,,,2.901313275015679,nan,,,3.3197319507598877,,None,-4.610367145678909,3.8144651146025836,-5.1589238770392845,0.5259240865707397,2.7262857244902,0.46449047327041626
Gaia,DR3,2781660243842049664,12.409058068653119,16.55469409203033,13.257819175720215,0.9013996124267578,0.8004542303915116,10.131558335592489,69.85456482310809,-5.915520393055117,42.05369186401367,2.1890950202941895,2.5255087509957828,nan,,,1.0204217433929443,,Gaia_DR3,-4.01960095183675,3.3479170734933508,-3.7391568029187696,0.020491639152169228,3.0270327082700854,0.013990201987326145
Gaia,DR3,2782624511244620544,9.47354615840962,17.76416245410512,18.05034065246582,2.242124557495117,4.845434627903489,11.422252647997704,89.6920602942347,-5.404267609683122,,,2.35699236674633,nan,,,1.0069286823272705,,None,-3.9364428142449683,3.125811651522545,-5.787260148491118,0.1636018455028534,1.5860205651481054,0.09981828927993774
Gaia,DR3,2775948860755971712,11.636625610488931,12.552300873908901,17.969057083129883,2.2573719024658203,4.475359515076426,6.079862659192268,77.92753642320872,-6.239771443012536,,,2.2283655003656526,nan,,,1.0144932270050049,,None,-3.593625435224905,2.7422575962058175,-4.3823648440289125,0.16560807824134827,0.7934685420271043,0.10831804573535919
Gaia,DR3,2776366606454940288,11.75091603203861,13.714916229529022,19.395809173583984,2.596902847290039,3.3318765689982395,7.247016583475223,86.20258533432262,-6.134921363315577,,,2.209098681363979,nan,,,1.0117679834365845,,None,-3.555707076297539,2.7786703488174482,-2.734831468586569,0.4047092795372009,1.46193260202038,0.307748407125473
Gaia,DR3,2778425308834459008,14.633535570323765,16.01481759267507,12.91915512084961,0.8657350540161133,3.8260900755223526,10.07744198302311,67.76244120652986,-6.250554918616173,-0.06459005922079086,1.952602505683899,2.586298726209202,nan,,,11.317583084106445,,Gaia_DR3,-3.95525766170548,3.4411740364847803,-1.8825413513699436,0.2705863416194916,3.6766759122256487,0.1910865157842636
Gaia,DR3,2781788092133282688,13.288827173872109,17.13653165571633,18.669193267822266,2.8783092498779297,4.737302348340025,10.831039470802578,72.47464531170728,-5.961264420998516,,,2.6086203508024615,nan,,,0.9253897070884705,,None,-4.088353261188784,3.509612211285338,-3.765904794574886,0.2569681406021118,0.9244911547064045,0.20990793406963348
Gaia,DR3,2794265904136648704,5.3736786349351435,18.315544301053453,14.987407684326172,1.4612102508544922,3.3388875252722783,13.167702186802234,89.13061893860676,-4.788994861506201,3.2688193321228027,6.800538539886475,2.794481025365356,nan,,,1.0316368341445923,,Gaia_DR3,-4.952902707555711,3.6282829331043525,-3.2215438167449024,0.03614984452724457,4.561720392466922,0.030134836211800575
Gaia,DR3,2795052222453695744,9.714290172878293,18.367680160385003,17.173688888549805,2.3570518493652344,2.59772582975513,11.985928042595221,81.70336135783414,-5.369260289422655,,,2.7872585708674835,nan,,,1.0348814725875854,,None,-4.637541368281149,3.7358414406675022,-3.869264149421664,0.08320889621973038,2.416910971013171,0.06461036205291748
Gaia,DR3,2538539703041919488,19.08154607485466,2.365684098099787,15.116731643676758,1.9714078903198242,1.9856759994392001,8.782438979125109,70.04365519357663,-8.100869440667378,-13.591729164123535,6.2179765701293945,2.926002079174554,nan,,,2.0659613609313965,,Gaia_DR3,-4.090394302261523,2.886532802036373,-3.7893609182581147,0.0862816870212555,4.073788940658988,0.055630747228860855
Gaia,DR3,2547014322056373120,5.809847075001544,1.061061917444709,18.02516746520996,2.5942764282226562,3.345751784564684,7.704081051739323,66.10132450253539,-6.462881009642658,,,2.944425337242252,nan,,,1.0039608478546143,,None,-5.187868729375189,2.7693499052404635,-7.1110932873451835,0.1998358964920044,1.9856887855828143,0.14013417065143585
Gaia,DR3,2548141875526984320,4.410321414184334,2.330665031882597,14.648221015930176,1.2286138534545898,2.7682962696321263,8.023338957485224,61.03503886507731,-6.156726018284431,11.819998741149902,4.153744697570801,2.440255422972058,nan,,,0.9956302046775818,,Gaia_DR3,-4.3805545359823075,2.3639970948457383,-5.714758642684399,0.03266062214970589,1.866053477170258,0.02517252415418625
Gaia,DR3,2552762538781793664,12.214128534872243,4.867788508403689,17.586742401123047,2.163755416870117,2.4742745406519298,1.853297689427086,79.61484087567054,-7.040208532914322,,,2.160210949633656,nan,,,0.9861546158790588,,None,-3.449739817884389,2.257257423972621,-2.3434740342464333,0.13139234483242035,2.471236700673615,0.11553159356117249
Gaia,DR3,2553501513675275776,13.617242954899451,6.680352438523167,15.370667457580566,1.4935808181762695,4.043306207504631,2.3121524135669826,79.84284725066573,-7.061906077461538,,,2.1622106433858113,nan,,,1.1427958011627197,,None,-3.3688567694300295,2.3695027508348683,-5.019678297216694,0.05319307744503021,1.5500841942010994,0.037927258759737015
Gaia,DR3,2557837884455968384,10.11191640110684,8.16544549419507,16.228179931640625,2.030649185180664,2.3317880183321633,2.0542789633877354,70.00310672813391,-6.463780718554872,,,3.1685582937832386,nan,,,1.0119895935058594,,None,-5.238910240653487,3.5492718640137038,-6.562722772925597,0.06713911145925522,2.728611601780002,0.046349331736564636
Gaia,DR3,2559688706122898304,20.49513158309362,3.056413351331273,14.434998512268066,1.6902685165405273,1.249785182946425,9.782682408696926,67.20483977039922,-8.204634371162033,-11.045210838317871,3.3385939598083496,2.75392559542582,nan,,,2.7370753288269043,,Gaia_DR3,-3.7299053315257718,2.7782989788837247,-3.063906101600725,0.08175572007894516,3.06621527770839,0.05796561762690544
Gaia,DR3,2565059609971204352,23.309122382508797,6.2299289836621705,18.961244583129883,2.4685592651367188,2.729304950193124,11.93930703691471,80.1677311544334,-8.230513772712147,,,2.731132813293723,nan,,,1.0866971015930176,,None,-3.455629163197851,3.0318327319735907,-1.988275883153844,0.2750592827796936,2.469546352049258,0.18869806826114655
Gaia,DR3,2537840585445471488,17.253923317923405,0.6516743347196571,17.145963668823242,2.0725536346435547,4.882577110768196,8.323959932338889,69.86457335019173,-8.021571196704908,,,2.365997175509889,nan,,,0.9506590962409973,,None,-3.437765679382485,2.2108793543987404,-5.707631884182095,0.11477231979370117,1.3285796136607235,0.07161392271518707
Gaia,DR3,2544199847167284480,8.600103427241198,1.0846296403066102,12.615338325500488,0.7875051498413086,4.5732725261981075,6.030809010403644,50.84863026235096,-6.859809048576558,-32.309410095214844,1.104349970817566,2.84520277027033,nan,,,0.9609662890434265,,Gaia_DR3,-4.8158937674391,2.6821536795670458,-4.610691948347719,0.02063922770321369,-0.053196825877760916,0.017589949071407318
Gaia,DR3,2546621658967079808,2.4263700924225,1.5076458087689208,18.713542938232422,2.564441680908203,3.042983841121106,10.149864572864608,76.89784685321766,-5.923755686725181,,,2.410617467366633,nan,,,0.9839619994163513,,None,-4.436342196100278,2.2860813511442766,-4.078933283990844,0.2711871564388275,0.7815603853040202,0.26165977120399475
Gaia,DR3,2547972340282172928,4.326763316988595,1.8713122740714083,18.22802734375,2.6800537109375,4.252470519658214,8.341060275577457,55.95038824483842,-6.180935090630689,,,2.5984654339811253,nan,,,1.0430855751037598,,None,-4.669622612508108,2.48990381423321,-2.351031166218483,0.20131506025791168,2.2654593404269088,0.1658017486333847
Gaia,DR3,2576289506340849024,17.086794421779285,5.936259494690418,13.357369422912598,0.9752616882324219,4.79878099920744,5.780203755297196,43.07585539172243,-7.559472345208194,17.404335021972656,2.5837385654449463,2.7498611599079252,nan,,,0.9845430850982666,,Gaia_DR3,-4.00915588148532,2.9860167005610325,-1.3960055020303044,0.021157121285796165,2.0320201229309354,0.01482218038290739
Gaia,DR3,2576772535542661504,19.200786236671792,6.828777419731853,18.923215866088867,2.4447250366210938,4.476683358610714,7.856748125276335,78.56147711353312,-7.726067918701356,,,2.276535563062928,nan,,,1.010090947151184,,None,-3.1741857013280654,2.5425356649920303,-4.502658523750555,0.27404627203941345,4.231005655637995,0.21528533101081848
Gaia,DR3,2554240827870169728,9.796484871364456,4.607023317514785,18.966093063354492,2.5905418395996094,3.3189935934207506,2.3975784442992367,35.220722004457514,-6.737775381375857,,,2.4068655856848524,nan,,,0.9683957695960999,,None,-3.99945579761222,2.48540564863994,-4.0938200895258365,0.28401267528533936,4.166788701669683,0.22349469363689423
Gaia,DR3,2579719398503763840,17.55866690676536,9.052242624996042,17.26214599609375,2.2935409545898438,4.566484235022041,6.71389004448158,53.754878693210934,-7.324428165622026,,,2.431172095455178,nan,,,0.9761505722999573,,None,-3.510397262388831,2.8513652576593183,-4.0615123027469195,0.1024889200925827,0.5767848082794167,0.0793553814291954
Gaia,DR3,2581830705642824960,13.29345629149815,9.068056287539713,17.589014053344727,2.6214351654052734,4.003790084932516,3.2552489630026176,49.70561007849711,-6.798009949671923,,,2.9480564642130767,nan,,,1.0014798641204834,,None,-4.619952941232787,3.406745283114547,-6.993647416843837,0.1433238536119461,2.6603621060620286,0.11152023822069168
Gaia,DR3,2557865505390402304,10.093668352392497,8.529303158399607,12.39569091796875,0.7448520660400391,4.546576645526018,2.370551278242225,75.78208192883218,-6.4274599904214345,4.190720558166504,0.7361459732055664,2.1822308279596876,nan,,,1.1077715158462524,,Gaia_DR3,-3.609159901594725,2.4631099726216856,-2.0907927362012506,0.023502955213189125,1.0246006839614294,0.016762668266892433
Gaia,DR3,2558995876358467072,23.165653099879982,2.4593723701293575,15.792654037475586,1.6513900756835938,1.2151647438119852,12.49373552327114,87.96728032168429,-8.543726763060599,,,2.475172238240043,nan,,,0.9884704947471619,,None,-3.143203228306511,2.458800640315305,-3.6749839618439806,0.0550607405602932,2.804118149959413,0.02887539565563202
Gaia,DR3,2563773220021442944,18.044368623177,4.292244892276881,18.32040023803711,2.836404800415039,3.3897494438275326,7.063608707247546,70.06324613991809,-7.81810000371455,,,3.031612392537271,nan,,,0.9851903915405273,,None,-4.333267909554498,3.1573869733170055,-2.187471334528765,0.2120010405778885,2.8595365126088628,0.14375346899032593
Gaia,DR3,2538494893647509632,19.290039960191216,2.1265423447046214,17.93075180053711,2.765247344970703,1.9759800013625874,9.079749083481444,61.56377682957921,-8.144361012121108,,,2.563518041835947,nan,,,0.9391549825668335,,None,-3.567329995354351,2.5111148395888607,-2.543862584459106,0.18186134099960327,2.815775263602839,0.13631975650787354
Gaia,DR3,2543283133643266432,10.071681613781818,0.35285799246365784,16.693063735961914,2.037175178527832,4.394542072007243,6.249743996600667,42.24614458896855,-7.12009114593699,,,2.6562932900938696,nan,,,1.0020349025726318,,None,-4.394742037409124,2.4554772725142193,-6.442089111406943,0.10302899032831192,1.0901802154491231,0.09699079394340515
Gaia,DR3,2747566243691732992,4.429762494931342,5.928757051292545,17.569812774658203,2.059358596801758,3.546164438246932,6.850630259262909,80.45491080460546,-5.859259461988213,,,2.232940849318123,nan,,,1.0032539367675781,,None,-4.007386440794997,2.3410369290563207,-2.4093523783324047,0.15383951365947723,2.8234888441621178,0.08515316247940063
Gaia,DR3,2549184861089059840,11.974949054070287,0.7724549957991163,17.00385284423828,2.4135360717773438,4.854632944174647,5.748891331041892,44.66758945874083,-7.344323851735947,,,2.468079129594998,nan,,,0.9716311693191528,,None,-3.957513751443273,2.310379031944263,-2.36243276572804,0.11661504954099655,0.3519071097562616,0.08847912400960922
Gaia,DR3,2544184969400810752,8.905006410974554,1.0355382785619003,19.520301818847656,2.6442642211914062,4.181394654002021,5.946315417948911,66.55890307192985,-6.906229596919139,,,3.0387100624677177,nan,,,0.9750972390174866,,None,-5.119674009332826,2.8612966087718736,-2.484872839800411,0.41410088539123535,3.3434979497094206,0.32619231939315796
Gaia,DR3,2578109099300948096,16.025409579399536,8.293573700995406,15.27684497833252,1.7729597091674805,1.441378698702086,5.02560072000444,84.74740658249416,-7.213297242810741,,,3.2761551834230764,nan,,,0.9679219126701355,,None,-4.878716535994069,3.756483038151284,-4.402907513026273,0.04201139509677887,2.88207335643452,0.029565878212451935
Gaia,DR3,2534592452002956544,19.519473901259648,0.05635239952680287,17.895315170288086,2.830587387084961,4.7052214309142215,10.420114006466514,77.6829707959165,-8.333137555034204,,,2.9110904368941832,nan,,,0.9333668351173401,,None,-4.030533547980263,2.669067657778795,-6.485785779650806,0.20222008228302002,1.149334863565255,0.1383003443479538
Gaia,DR3,2547268309242484736,5.768014841686314,1.8509081356730794,18.267860412597656,2.883150100708008,2.3770151497173178,7.200667414674164,49.55922247108807,-6.39470846498659,,,2.5444876057771433,nan,,,1.0432871580123901,,None,-4.485770279620294,2.4406794916012036,-5.071806123709012,0.2193349450826645,1.3082981925300972,0.18799425661563873
Gaia,DR3,2536560921413686912,15.969804407453173,0.6090408071237434,14.671939849853516,1.484323501586914,1.3046243587956325,7.4970921110873245,79.39018845339388,-7.868488635308754,-7.978978633880615,4.797614574432373,3.128304496010331,nan,,,14.68175983428955,,Gaia_DR3,-4.6636146576815145,2.918172129457491,-5.489574951124203,0.5519677996635437,3.159062168341712,0.3070468306541443
Gaia,DR3,2539056400491887616,16.413871702493104,2.0675006455317564,18.145845413208008,2.6720848083496094,0.7193363482491772,6.744923249761311,82.50223880515301,-7.80788740769921,,,3.197204912620463,nan,,,1.095866084098816,,None,-4.724813180461205,3.1178771333412203,-5.133643578770831,0.20527108013629913,3.3784965685964643,0.14059798419475555
Gaia,DR3,2537412183932133760,15.068406617186193,1.2123098669273122,18.71610450744629,2.4720420837402344,4.634335086049404,6.473359364293446,82.87544902262965,-7.709363092391125,,,2.209137575156251,nan,,,0.9995356202125549,,None,-3.3509582792195576,2.0981344549867518,-3.246147551699962,0.26782530546188354,-0.05756786468290503,0.2571184039115906
Gaia,DR3,2536363971393983872,16.174016244138215,0.4035080031767217,19.359237670898438,2.7199325561523438,1.2779758479834749,7.785036003580625,62.37782048137398,-7.909437878863534,,,2.408082314595916,nan,,,1.1446678638458252,,None,-3.5755683464031556,2.232065367182049,-2.9330882223596095,0.4938671290874481,2.142003232288098,0.32726895809173584
Gaia,DR3,2538626083424333440,17.70784572725245,1.9731412751075559,13.640481948852539,1.1451873779296875,4.631631018523587,7.820653041339911,80.08969234485016,-7.971563418054158,6.620429515838623,2.1465580463409424,3.122418493119737,nan,,,1.4167821407318115,,Gaia_DR3,-4.49457577112948,3.0400141561316465,-5.693448703694676,0.031207047402858734,0.23691812284982935,0.01834402047097683
Gaia,DR3,2582583076538696704,13.819538008522477,10.827632468559292,18.910154342651367,2.8454837799072266,0.9320029689308328,5.009717049031307,57.92658621572134,-6.69328001551638,,,2.9778908675664812,nan,,,1.0236799716949463,,None,-4.6228107790317114,3.578735847656062,-4.834321525174525,0.33225351572036743,4.124249520710172,0.2544018626213074
Gaia,DR3,2538319182241288960,17.114853102687135,2.1406600474138897,16.654495239257812,2.480844497680664,4.676585406140642,7.24344217204043,59.73483573834896,-7.887027906333072,,,2.8859187941244016,nan,,,1.0729105472564697,,None,-4.2051200519230845,2.822316960991523,-1.3874998379567982,0.08517827838659286,3.2171104970898736,0.060878653079271317
Gaia,DR3,2536617928515293952,15.504871558895628,0.6583865919644617,11.55522632598877,0.6563739776611328,1.8262040904539798,7.177768813615347,87.8323499597982,-7.807075147989155,21.93248748779297,0.7189237475395203,2.197812244839102,nan,,,1.9576267004013062,,Gaia_DR3,-3.306124602459831,2.0530164936707123,-2.7159256549120343,0.05218232795596123,1.446731267116524,0.034468360245227814
Gaia,DR3,2538570558086920192,18.453792951728595,2.3093781177711903,19.956623077392578,2.4349403381347656,4.673466451394735,8.26337890149707,69.90628704572168,-8.03241774571686,,,2.9614544843387525,nan,,,1.0155587196350098,,None,-4.196426681585765,2.9146920122905198,-5.16454790895888,0.5570793747901917,0.16232698256715195,0.3828173279762268
Gaia,DR3,2751536408380553984,7.992968973121938,11.144912726901405,19.431859970092773,2.5787620544433594,3.4371833177238598,5.692924675446616,80.79474031928501,-5.889902871582187,,,2.203560621729396,nan,,,0.9977999329566956,,None,-3.763816679608699,2.5946864130143137,-5.28476228449731,0.35049498081207275,2.1087598220137584,0.31409555673599243
Gaia,DR3,2554730213624154880,7.389109070036343,4.281272396898069,17.58857536315918,2.348878860473633,2.141113640222479,4.470716524726146,33.356694628258865,-6.429288824403438,,,2.5128429303272375,nan,,,1.1044058799743652,,None,-4.330163166077144,2.561151693802127,-3.661383348052127,0.15663811564445496,1.6450823482757355,0.10179265588521957
Gaia,DR3,2539182191494369536,16.102736783379136,2.826962163715326,17.427955627441406,2.5484771728515625,4.984619922799797,6.023144009767341,56.13409473841159,-7.7078141769557345,,,2.3731007163103923,nan,,,0.9953787326812744,,None,-3.528569258084355,2.364883068094575,-1.2010936576631557,0.13890881836414337,1.469750078586804,0.09109555184841156
Gaia,DR3,2539681099190773504,17.36737229645733,3.406821207748778,14.767366409301758,1.730682373046875,2.5536880466470837,6.782639281633182,75.21584861675788,-7.812972102643343,-10.336503028869629,5.385434627532959,3.1072529704193257,nan,,,6.075850486755371,,Gaia_DR3,-4.504316947277056,3.1534491103402877,-6.168712840858952,0.21271181106567383,2.9862971979834403,0.14483879506587982
Gaia,DR3,2543187132535244160,9.299106134833632,0.08140958634410293,14.493160247802734,1.2169055938720703,2.348260173543464,6.703883117167358,77.00378401916484,-7.034371582807867,-17.1804141998291,3.028411388397217,2.250110707534199,nan,,,1.0742979049682617,,Gaia_DR3,-3.7681303258791585,2.0638955642307115,-2.8904529523229225,0.031443458050489426,2.7497732720789845,0.02279525436460972
Gaia,DR3,2539896947067244288,16.883249810984285,3.812114664958801,13.183972358703613,0.8585004806518555,3.153689836469314,6.169283421508206,60.862189162459714,-7.72052294867836,26.387285232543945,1.7599620819091797,2.342239636175352,nan,,,0.929182231426239,,Gaia_DR3,-3.4289754394600576,2.402392572697958,-1.9892315433600152,0.023092560470104218,2.995670151353078,0.013790803030133247
Gaia,DR3,2544415733699235968,8.237516865549441,1.4873330300145198,15.682920455932617,1.7091569900512695,4.259531961354124,5.853217334344855,50.76037158927797,-6.777331468788854,,,2.4113026219850946,nan,,,1.009497880935669,,None,-4.103726691722677,2.296915083766959,-6.2146240481226664,0.051223985850811005,2.7789442711510977,0.04158559441566467
Gaia,DR3,2556787610333542272,12.867740969031994,7.412942025322116,17.387990951538086,2.2654800415039062,3.687431162424755,1.815010342823736,73.33413435879959,-6.898453913107776,,,2.190080947197702,nan,,,1.0068577527999878,,None,-3.4580283112012893,2.4357655667955607,-1.755660515780052,0.1295778751373291,2.418629188037668,0.09424211829900742
Gaia,DR3,2556800598314602240,12.428073593899807,7.4728675025959514,15.571842193603516,1.6322088241577148,4.169123990939336,1.4966647976197065,50.05753030679683,-6.8357677844686995,,,2.3073918834126426,nan,,,0.923750102519989,,None,-3.6712405947584235,2.5660970152637694,-5.333072734215234,0.052998799830675125,1.4038149338727353,0.036747563630342484
Gaia,DR3,2543325155603285376,9.951607121750715,0.5860581156698622,15.890192985534668,1.8880462646484375,2.296104044463197,6.0466961230153995,56.34594949855952,-7.0857453996764805,,,2.914019490173174,nan,,,1.0530097484588623,,None,-4.83033723179453,2.711407595302935,-5.731778829160878,0.061769694089889526,1.6265418149217845,0.04642859473824501
Gaia,DR3,2544452292460918528,8.525954017708436,1.842654199730065,14.832953453063965,1.5530319213867188,4.553040834647343,5.400115102829969,71.68463362754322,-6.789703399458472,-13.46611499786377,10.253571510314941,3.1163112218556757,nan,,,0.973237156867981,,Gaia_DR3,-5.28068431805201,2.996908557572513,-2.3792560191251666,0.03167492151260376,2.269924298404463,0.025112517178058624
Gaia,DR3,2584575254169376000,16.518551903395693,12.41396562565484,17.381698608398438,2.1794910430908203,4.522868573784003,7.853853557157597,56.07366136884988,-6.863151278300634,,,2.497062203751745,nan,,,1.0199840068817139,,None,-3.682469862781015,3.1356240745295616,-2.827787310733708,0.13038097321987152,0.9134556719347771,0.10570213198661804
Gaia,DR3,2544525684862065536,8.501372990002036,2.1599806816093063,11.8687162399292,0.6829977035522461,0.5217419762514327,5.143082936555908,34.922180750226744,-6.76090631667987,27.185453414916992,0.7772409915924072,2.6503568315423895,nan,,,0.9422568082809448,,Gaia_DR3,-4.492772899252089,2.569719656581117,-4.212000184443156,0.026380058377981186,2.648103148769263,0.01995832659304142
Gaia,DR3,2547463579932888448,7.267468865904086,2.0036091695014804,18.217615127563477,2.4092063903808594,3.8769619425637685,6.016902217241843,70.18965676712516,-6.598881057430096,,,2.2736114940298977,nan,,,0.9915281534194946,,None,-3.9248032021324843,2.1926501306945134,-2.980632877038253,0.1888108253479004,3.7931360970535066,0.13460955023765564
Gaia,DR3,2755127997471412864,4.713051556475264,11.447221662214353,18.07419204711914,0.8339042663574219,2.6742962447681125,8.181769320470611,55.32930320569867,-5.395311253636462,,,2.6855790294127764,nan,,,1.4083178043365479,,None,-4.801900304796957,3.1264733491323007,-5.040032158594542,0.46864187717437744,1.6312726150951797,0.2710021138191223
Gaia,DR3,2547839368094291200,7.398752431097779,3.195375164578969,19.197385787963867,2.963712692260742,2.841610016859903,5.088588413822146,57.93417991257448,-6.521072241929065,,,2.975025053683629,nan,,,0.974951446056366,,None,-5.125885945715124,2.9552560019284795,-6.853033242268155,0.42194822430610657,2.515878747880194,0.27940425276756287
Gaia,DR3,2546644237610424704,2.0554974482299517,1.7390083233884635,19.529130935668945,2.589784622192383,2.193618396691358,10.365015416996576,76.41799091250427,-5.848983750059258,,,2.4349869726221702,nan,,,1.0396958589553833,,None,-4.501178505360802,2.320577721858685,-3.439551283255215,0.45994728803634644,2.695925247501525,0.5365729928016663
Gaia,DR3,2548965542878814976,6.057607278396914,4.410717231782348,18.49863052368164,2.4369888305664062,3.233818949982031,5.612793150510589,63.71185408021983,-6.227276396975732,,,2.303784214551274,nan,,,1.0224252939224243,,None,-4.045313654889915,2.347964130248566,-2.982595544058794,0.25049304962158203,1.1915801505456485,0.16863831877708435
Gaia,DR3,2548752649940378624,6.2013568434490285,4.0114474524023755,18.946407318115234,2.7304744720458984,3.6431208520396234,5.644435182687299,85.63400045673887,-6.281604991025979,,,2.176520516259269,nan,,,1.0703681707382202,,None,-3.8142537028153143,2.1989519893740423,-2.3337599665128512,0.30444276332855225,2.9750474995739453,0.2325483113527298
Gaia,DR3,2536617928515294080,15.503688405675327,0.6571377596691986,11.831583976745605,0.7319402694702148,1.8850785670104422,7.178093291971393,82.88942802035935,-7.8070244169087495,50.38645935058594,13.528759956359863,2.227099153191393,nan,,,1.2602087259292603,,Gaia_DR3,-3.3502565354500553,2.0802931904710724,-3.3441576972366653,0.028494440019130707,1.195279467490985,0.020016582682728767
Gaia,DR3,2555786127039352320,8.430185355012618,7.0070585891596355,13.652592658996582,1.0081701278686523,1.6399675033774477,2.8963847403909235,30.305305067155388,-6.338446033544317,-17.03633689880371,3.13714861869812,2.455502127306144,nan,,,1.231838583946228,,Gaia_DR3,-4.166919788139818,2.667560196341112,-3.4689175713277747,0.02655114233493805,3.1507355309891225,0.019507436081767082
Gaia,DR3,2548561579731556224,5.392621172461827,3.052198591000125,15.665985107421875,2.078289031982422,0.37836632972008555,6.810793894149739,47.38722347930821,-6.243156994750525,,,2.711039162705859,nan,,,1.0726985931396484,,None,-4.8037858456103635,2.6748636311629514,-4.964934388517868,0.06486242264509201,2.819056727378329,0.039468809962272644
Gaia,DR3,2548977779242548480,5.4370061794391855,4.148580359419143,18.189998626708984,2.426259994506836,3.2022673764713097,6.284790762112646,48.539669495162585,-6.1590068080167395,,,2.7933582266262253,nan,,,1.0203990936279297,,None,-4.946688915194244,2.8262487804039167,-6.7724592207877174,0.18614141643047333,2.354575904870644,0.13400818407535553
Gaia,DR3,2549098171469135360,11.366277176855927,0.6729872701078093,19.84831428527832,2.172283172607422,3.6552397202817297,5.808996037925825,55.312555659328176,-7.2708554110162495,,,2.370706767871987,nan,,,1.0798442363739014,,None,-3.8404965767941333,2.2123719666686523,-5.666193163071099,0.5723867416381836,2.149617283721016,0.616485059261322
Gaia,DR3,2537691635979561856,14.192653408136296,1.705465803098459,14.234006881713867,1.149618148803711,3.576432537017591,5.580380048096336,51.258216036535046,-7.559560590967655,-10.135699272155762,5.428348064422607,2.393925279191309,nan,,,0.9928407073020935,,Gaia_DR3,-3.69105809172145,2.3053965615176364,-1.9155944023662217,0.028378061950206757,2.6300110529099325,0.02788640558719635
Gaia,DR3,2551028677664807040,10.40362102033405,3.262167536135881,13.335777282714844,0.8755292892456055,1.9308023426738696,3.340546685627971,45.961742345902394,-6.933744224493186,12.307916641235352,2.0563271045684814,2.3587167278488836,nan,,,0.9156962037086487,,Gaia_DR3,-3.881744836958955,2.3586831643198787,-3.7447759814777224,0.020216582342982292,3.3089370691374382,0.015635622665286064
Gaia,DR3,2550839694810097152,11.217848404537055,3.2161876577101185,18.376066207885742,2.5164413452148438,4.197237116156082,3.2663857820949795,35.95925885916782,-7.047508055897744,,,2.4249939805443006,nan,,,1.0705710649490356,,None,-3.93813116460485,2.4252731221888335,-1.80878470521892,0.21706229448318481,2.1610053681310575,0.1900068074464798
Gaia,DR3,2767860410841186432,2.366419438582306,13.52832322402722,16.99292755126953,2.0570268630981445,2.6349334270376654,11.265730809195485,80.21220554920856,-4.848715741945314,,,2.46780526724944,nan,,,0.892009437084198,,None,-4.544874388778625,2.930132652780129,-5.8941753228296845,0.08513880521059036,2.6883473582622073,0.0946931317448616
Gaia,DR3,2556908213015805952,12.474147321308424,8.1534949189228,17.7532958984375,2.480958938598633,4.477867042906236,2.0384311888802444,81.2503363033011,-6.778661666467854,,,2.1536461278228334,nan,,,0.970939040184021,,None,-3.4238914091586214,2.4322256030398806,-4.91261858932396,0.15279671549797058,1.0477508760109195,0.12169593572616577
Gaia,DR3,2550516373965779968,8.763516949534942,2.1577384487132067,10.223479270935059,0.5265817642211914,2.1779536346349655,5.008153246363191,68.39983831055474,-6.797753714011591,,,3.0920054380034787,nan,,,1.1334675550460815,,None,-5.220703260730986,2.9986596326948836,-6.634059298086933,0.06038053333759308,2.8651656950452016,0.04801890254020691
Gaia,DR3,2550062962858186496,12.93348055222543,2.827728438158887,20.018037796020508,2.4079742431640625,4.534040993403876,4.000720123101589,78.99803342348349,-7.306421617511159,,,3.2337353675736438,nan,,,0.9944471120834351,,None,-5.1000165030950875,3.209085465403265,-3.5444064953484995,0.689814031124115,0.5382098913064578,0.6247019171714783
Gaia,DR3,2549513619361312512,11.402977175059743,1.7082452544032645,8.782119750976562,1.2679119110107422,4.596566597755882,4.774482614825001,39.187558056281745,-7.194654901958142,-20.142732620239258,0.12778310477733612,2.464485553483343,nan,,,0.924816906452179,,Gaia_DR3,-3.9899771232748975,2.3678838340781296,-2.0008713379306604,0.022092973813414574,1.0463529449709408,0.021879397332668304
Gaia,DR3,2539819633360592896,15.865063659706143,3.3245461730504036,17.972339630126953,2.3800926208496094,3.8466421382409037,5.5374949045120925,51.92345653262639,-7.637240318282403,,,2.3865653741739203,nan,,,1.060992956161499,,None,-3.5651231310308042,2.4110551202662136,-5.410326210554792,0.18285679817199707,2.994646984430249,0.13498064875602722
Gaia,DR3,2767618204749586048,3.683574931797659,12.969878141672828,19.145158767700195,2.8824291229248047,3.7929864318119453,9.917674792500629,81.2758655444343,-5.097354002079262,,,2.348194709236896,nan,,,1.068953514099121,,None,-4.254778858852774,2.786705837892721,-3.594280937120382,0.3248339295387268,4.544313054109761,0.3285248577594757
Gaia,DR3,2550637144150958720,10.409890465411616,3.0915731478339135,18.056943893432617,2.378225326538086,3.585895139399254,3.5036927635006143,29.434139032155485,-6.948680068587123,,,2.4907214972420513,nan,,,1.01043701171875,,None,-4.098571825360057,2.4798521195195224,-4.137504617577557,0.21293145418167114,4.362292361767527,0.1680005043745041
Gaia,DR3,2552197729107358464,15.17328430659836,4.894767824846797,17.770750045776367,2.625263214111328,1.4343616491054747,4.16946582282765,40.63955916141788,-7.417380353671012,,,2.4215339230067223,nan,,,0.9820128083229065,,None,-3.665832209976237,2.548615116798402,-3.0037610050116847,0.1546791046857834,2.235876824358093,0.1037660464644432
Gaia,DR3,2552447593124983808,12.556179396559026,4.055141377468021,18.597705841064453,2.281543731689453,3.9949182791238727,2.730596320898879,58.334010334120244,-7.154702744372277,,,2.275684559922363,nan,,,0.9821889996528625,,None,-3.6127720071699376,2.33127548106269,-2.7613418391748943,0.25337666273117065,0.6142780096284145,0.24544896185398102
Gaia,DR3,2552363244262690048,14.969270472920682,5.3112831571309105,14.50146198272705,1.1875324249267578,3.2843286456080905,3.8343713042866874,83.17891667200577,-7.355422535428142,-15.733509063720703,6.406915664672852,2.1611071071915733,nan,,,1.0742119550704956,,Gaia_DR3,-3.284252630512525,2.2979622725696958,-2.691573894268462,0.02967132069170475,0.9240628799462214,0.02238800935447216
Gaia,DR3,2552207968309585536,14.518378905109374,4.65852831704058,18.398340225219727,2.6193904876708984,3.785941094113628,3.6869259484649226,38.64692286026005,-7.355625084721627,,,2.8250063150432587,nan,,,1.0137842893600464,,None,-4.3295875481467645,2.9510161532654555,-2.7237587536396908,0.24142421782016754,1.3683323278678459,0.1477019339799881
Gaia,DR3,2551473906859336320,15.287143743392038,3.4401196023621043,18.587268829345703,2.4222335815429688,2.78832297970584,5.003803877378301,39.757638103060046,-7.555865288502413,,,2.4729743156217516,nan,,,0.9001461863517761,,None,-3.7355949830427355,2.5041337526065126,-2.305427872134901,0.24301306903362274,2.244011995151215,0.19255243241786957
Gaia,DR3,2552015729868829312,15.94053200974648,4.479098123373175,17.96752166748047,2.3313655853271484,2.372045839250395,5.0359472293657905,67.30770831343817,-7.548484337385485,,,3.079175073478626,nan,,,1.1688275337219238,,None,-4.592999533987106,3.210569752266643,-3.225185384315035,0.17336270213127136,3.9176049301672737,0.12227734923362732
Gaia,DR3,2539830735851333120,16.12352058685087,3.5710792656997943,15.958678245544434,1.8974847793579102,3.115770914713196,5.618653056286624,44.017249184906674,-7.648364555118427,,,2.7791718585584286,nan,,,0.925179123878479,,None,-4.130670423172712,2.828093448753554,-4.7742152839726115,0.060941558331251144,1.1198332694771431,0.040733639150857925
Gaia,DR3,2769419312170758400,3.258544832928368,15.981311087638623,8.945781707763672,1.1345109939575195,2.2503919663870473,12.339690352266162,85.10582559190514,-4.733346698467489,-17.610218048095703,0.13099922239780426,2.5139979334805442,nan,,,0.8949961066246033,,Gaia_DR3,-4.5795870940307415,3.1120398744447964,-5.703081724173283,0.021613657474517822,2.7118113336229577,0.01779341883957386
Gaia,DR3,2539604575758401408,16.8421959692247,3.4464866369926033,17.480998992919922,2.4457778930664062,0.5282714448646991,6.301450901102674,51.10056143441979,-7.746427649269698,,,2.433240664528906,nan,,,0.9774433374404907,,None,-3.5651496743400193,2.47023778295571,-3.7653768902101863,0.15389463305473328,2.2876509222370744,0.09152042120695114
Gaia,DR3,2774657179406837376,11.082311981502022,10.966037151028248,13.151164054870605,0.8835964202880859,3.044064780064073,4.489528169133968,53.562008610618875,-6.3259212600306975,-0.08164216578006744,2.139575958251953,2.3385881558075345,nan,,,12.868650436401367,,Gaia_DR3,-3.8063213703097434,2.7846118099616417,-3.009687186746822,0.24158893525600433,4.056432146084422,0.15287752449512482
Gaia,DR3,2554118374058280832,9.912635626899718,3.8692052670582644,16.008953094482422,1.867593765258789,4.625256472515463,2.9544598214998063,21.571399309589662,-6.816169435813465,,,2.6634795530476763,nan,,,0.9911782741546631,,None,-4.417761211882591,2.7020219426715624,-5.494625890692061,0.06010696664452553,0.3387799652921434,0.04533746838569641
Gaia,DR3,2555273582822173440,8.778506958523039,5.338817316561426,15.47687816619873,1.7209444046020508,3.668685438438384,2.7546453228161063,27.913039082780433,-6.534248485416072,,,2.7539463316293924,nan,,,0.9849597811698914,,None,-4.648847710865765,2.8859474401058924,-2.519787826767077,0.041164204478263855,2.9454213260194058,0.030927089974284172
Gaia,DR3,2552835480211716096,11.936385773082034,5.279575355999808,12.640517234802246,0.8611087799072266,1.6653269770943333,1.3592697966325533,41.75014610818982,-6.9677982472217055,,,2.910097768618781,nan,,,0.9564629793167114,,None,-4.6693393820661,3.0697373602901816,-5.227707513163913,0.02158402092754841,2.2141815139610523,0.01931827887892723
Gaia,DR3,2543687577828784512,7.731474638270183,0.4928138694603014,18.742721557617188,2.737730026245117,3.0091611391216553,6.966303371829089,85.07888760516975,-6.78316684096971,,,3.220801127642826,nan,,,1.0063384771347046,,None,-5.522533423792142,2.9872097587940907,-7.561020421657739,0.25853610038757324,3.125197352094488,0.21120944619178772
Gaia,DR3,2546954368609541120,6.324041276972789,0.973711787310768,17.74553108215332,2.4629573822021484,3.442061943677849,7.413281732041701,76.99320218933985,-6.544352901308786,,,2.271959872053747,nan,,,0.9873993992805481,,None,-3.9747233037865124,2.132752849952582,-2.393313455926772,0.12461069226264954,1.666956042479808,0.09604162722826004
Gaia,DR3,2546588643553711616,1.879547947452159,1.202807514732034,16.339759826660156,2.25125789642334,4.662893681876077,10.775763951620178,86.51044924089744,-5.864073701764212,,,3.034258298417451,nan,,,0.9989119172096252,,None,-5.620691933491917,2.8561677329608237,-8.497290209123442,0.08783824741840363,3.6443704962533547,0.06197430193424225
Gaia,DR3,2548181148707947904,4.589296381015775,2.6814785989378462,15.963818550109863,1.7659711837768555,1.679141920649643,7.690788475050927,84.26656844924554,-6.155014425460818,,,2.2333594715721072,nan,,,0.9984160661697388,,None,-3.9998037208666166,2.1818711214827324,-4.634360826719831,0.05823579058051109,1.7103527146130075,0.040903251618146896
Gaia,DR3,2576503331287981184,16.63795714541341,6.227303625873766,16.75159454345703,1.9430274963378906,2.591225079358548,5.312845513937933,77.40369874898929,-7.479159873150919,,,2.2145444001102814,nan,,,1.0611482858657837,,None,-3.258056529855995,2.419878962802885,-3.3749094763285017,0.09177976101636887,1.2158271524567124,0.05920586362481117
Gaia,DR3,2555484409881761920,9.149070157753888,6.22886821958771,19.32744789123535,2.8017501831054688,2.6107155514379192,2.1509833244613374,31.044327379009424,-6.507597601183422,,,2.803290352076792,nan,,,1.0563311576843262,,None,-4.705394676251624,3.000636379478639,-6.163909695437624,0.39922192692756653,2.4975778293077027,0.3139473497867584
Gaia,DR3,2556124536102365184,11.016612981306887,6.023925715304548,15.90474796295166,1.8753728866577148,3.335031243905022,0.536561515976479,4.363570982437526,-6.779876719693768,,,2.5844513202018295,nan,,,1.0270808935165405,,None,-4.21104288307332,2.7683063116951034,-2.542482635045491,0.06005216762423515,3.4876576250448506,0.050861895084381104
Gaia,DR3,2555729223017094400,8.094655611503551,6.4724904736388025,17.503141403198242,2.2648086547851562,1.1356213381478897,3.183270428745069,77.35832657238095,-6.3392910768814845,,,2.1822553271349343,nan,,,1.0017718076705933,,None,-3.7218172316103075,2.340938427676229,-3.64500672474929,0.11454806476831436,1.8241830206085174,0.09216614067554474
Gaia,DR3,2557727589695889280,11.614951807150405,8.65301438041842,15.984689712524414,1.9402503967285156,3.968628849212781,2.1939842249029167,25.077041292469666,-6.619175241435886,,,2.7480357846413432,nan,,,1.0316559076309204,,None,-4.43329710323491,3.1277121173476075,-5.770508877219995,0.05770367756485939,1.2575153896443394,0.05202323943376541
Gaia,DR3,2558286622639027840,22.790310027783093,1.2981564697871435,17.240680694580078,2.025869369506836,4.91829895027706,12.579027127216387,84.41840931068364,-8.597792274481955,,,2.590838894110235,nan,,,1.0583535432815552,,None,-3.321301445767294,2.4780534858961314,-4.723704930597054,0.10567867010831833,0.18693791871818047,0.05586937442421913
Gaia,DR3,2556633094589867008,13.250906114922236,7.584174611491038,17.363357543945312,2.2948570251464844,1.652859810025979,2.2295348234096415,15.528367124641493,-6.9321172972367995,,,2.6314544376429643,nan,,,1.0166354179382324,,None,-4.126922333926194,2.9417387706746077,-4.46155635199602,0.12586231529712677,3.79539582680168,0.08820369839668274
Gaia,DR3,2556660268847346688,11.734880756065158,6.914681861907234,20.041030883789062,2.7342567443847656,4.339739826261362,0.6127976872114226,7.248363104438475,-6.795674353201377,,,2.5612911229689725,nan,,,1.0474146604537964,,None,-4.123701601668765,2.8063760931399044,-2.0833358459574343,0.7118324637413025,1.654156571821474,0.6919060349464417
Gaia,DR3,2549920885340144512,12.397097130106186,2.25649295405398,16.18939208984375,2.0067005157470703,1.5821008517238497,4.364754063164176,29.546473392133038,-7.2826944073903555,,,2.6366444098551463,nan,,,1.0155138969421387,,None,-4.1973507155859995,2.574360575582736,-5.043685186025592,0.07631680369377136,2.8131675186289535,0.05777180194854736
Gaia,DR3,2550186348678659200,9.616942210106199,1.5227241527050626,12.576397895812988,0.7406711578369141,2.213005709130135,5.234688889971991,46.45301733630263,-6.966690223091714,-14.88594913482666,1.3261642456054688,2.4193706296726805,nan,,,1.1278600692749023,,Gaia_DR3,-4.031585127120631,2.309343340205473,-5.0868439793945095,0.020908737555146217,1.908869771585151,0.017506061121821404
Gaia,DR3,2549999122464424704,12.271643582105227,2.694682343314467,14.439324378967285,1.2209129333496094,3.267165737408722,3.909157505419071,26.2176049933106,-7.2305605858393385,29.400646209716797,4.237646579742432,2.6032613898838295,nan,,,1.0155766010284424,,Gaia_DR3,-4.153166579345539,2.571850793314542,-4.464997243489904,0.030074767768383026,0.8061752639494522,0.028161073103547096
Gaia,DR3,2749012238920602368,5.345705941724546,8.03213438403238,10.19917106628418,0.6682319641113281,2.59501043321874,6.1049358693964955,49.94125495189611,-5.806762985224701,10.733844757080078,0.2969391345977783,2.827839619797178,nan,,,1.0996521711349487,,Gaia_DR3,-5.01391383309457,3.102289455242965,-5.631422286325771,0.029945360496640205,1.683897457489435,0.021860279142856598
Gaia,DR3,2557602554608011648,11.33937720522531,8.146716218368187,14.286410331726074,1.394052505493164,2.7334304967197296,1.6656247038521266,73.5214829251481,-6.6300977747118575,5.48544979095459,3.2741305828094482,3.208713154620943,nan,,,0.9608444571495056,,Gaia_DR3,-5.200376196153162,3.608768543259318,-3.513165766968027,0.031108302995562553,2.8524505439499737,0.026281043887138367
Gaia,DR3,2557758646603808896,12.032310287382023,8.89009647465179,19.234445571899414,3.285646438598633,4.3335020805302635,2.515922709632404,26.018939212840795,-6.651637927957525,,,2.475782199592259,nan,,,1.0166397094726562,,None,-3.965992478799696,2.8366038796105,-6.013026473836626,0.374845951795578,1.8747715553583357,0.29919910430908203
Gaia,DR3,2551254008829024896,11.24647598954335,4.196664214085234,17.11430549621582,2.1370983123779297,3.396122369344807,2.2855079924720485,66.46862156676967,-6.9691845530035685,,,2.2279099550814827,nan,,,0.9476071000099182,,None,-3.61635629442158,2.2846492096284288,-4.880586445275518,0.093751922249794,3.257214302941313,0.0916999876499176
Gaia,DR3,2550280803599513088,10.154882692721252,2.100817074480713,17.3269100189209,2.475830078125,3.5929809176124077,4.526670672859617,52.404522697849096,-6.994485302935839,,,2.9363707467295708,nan,,,0.9863603711128235,,None,-4.851686435054204,2.84790533013788,-2.6625204634053037,0.12642383575439453,3.2406353801662515,0.09407377988100052
Gaia,DR3,2550839694808532992,11.218643374292872,3.216409526751533,17.666587829589844,2.728757858276367,3.7431152772538443,3.266144623169197,22.894476941783218,-7.04759634221603,,,2.560734857259393,nan,,,0.9804542660713196,,None,-4.158516310677729,2.561047603279545,-2.1615630906703145,0.13987897336483002,2.2525557966553746,0.12433543056249619
Gaia,DR3,2557221402030377088,8.98115274689299,6.87862866804279,16.5100154876709,1.8603239059448242,2.4087796918501923,2.335472878410736,80.99273280055272,-6.4264550159226275,,,2.1569179018670184,nan,,,1.095726728439331,,None,-3.6297870403073587,2.3409176750723435,-4.707183264446982,0.0816626325249672,2.53799186336442,0.059293657541275024
Gaia,DR3,2551256276572438656,11.329483125007,4.275549522791811,18.727535247802734,2.70867919921875,3.238288540056816,2.2062561865667454,57.723495562580744,-6.973594102759051,,,2.272781057797523,nan,,,0.8965124487876892,,None,-3.6841126102376216,2.3356594044909493,-5.088141486925679,0.316034734249115,2.9959590691872853,0.2604982256889343
Gaia,DR3,2579639615191403264,19.363936189036636,9.649655696465567,18.404804229736328,2.7516117095947266,4.235691256193505,8.590116164395523,81.33565254783508,-7.474672019829513,,,2.284325856201578,nan,,,1.025273323059082,,None,-3.173644963137874,2.7328859151940974,-4.735521610678799,0.2883283495903015,1.4209947123654716,0.1724473536014557
Gaia,DR3,2565881705365768576,23.35360905728159,7.894543543155357,18.20418930053711,2.488241195678711,3.8972814193078738,12.043007698823642,83.87189739035794,-8.078783717758059,,,2.8446201302809255,nan,,,0.9223753809928894,,None,-3.595142364410633,3.300335636738711,-1.2667035438784675,0.273932546377182,3.099311875435029,0.11987791955471039
Gaia,DR3,2559249137694503552,20.747650025685143,1.7385679820057742,19.155990600585938,3.1552085876464844,4.392389855759215,10.548645853619439,70.39026102029634,-8.340655519808175,,,2.640919850798018,nan,,,1.0470716953277588,,None,-3.5560738941191197,2.5589425417051515,-4.733943470546284,0.4279857575893402,4.701962749960727,0.2732444703578949
Gaia,DR3,2559745330971745536,22.775431737894227,2.6921402102726373,13.388713836669922,0.9955663681030273,1.771795807125839,12.04944174226303,80.50190102906252,-8.483369017097358,1.1101213693618774,1.9784059524536133,2.616344810382465,nan,,,1.0326178073883057,,Gaia_DR3,-3.3552450341089126,2.6171065941487086,-4.1720118125514,0.02330632694065571,2.0805579675964756,0.0124076372012496
Gaia,DR3,2552175193414653056,15.005065871202676,4.669168505050541,16.583812713623047,1.9217853546142578,4.794941757621193,4.110179832613278,28.73232551568433,-7.415934594964401,,,2.664107385063664,nan,,,1.0779622793197632,,None,-4.045930340843467,2.7865183326242144,-5.945879855036759,0.07690206170082092,4.694948961461957,0.05377505347132683
Gaia,DR3,2552269644039783552,14.881372226738222,5.280536976955763,17.410648345947266,2.226530075073242,4.314086410473609,3.7610029018666222,46.17924058864291,-7.3471122302502785,,,2.367775644560313,nan,,,0.957787275314331,,None,-3.6042938162965994,2.5152380696347736,-2.898775399193179,0.13170914351940155,4.54976249974348,0.0895567461848259
Gaia,DR3,2559468799501864320,20.48650359625341,2.166263218923976,19.37181854248047,3.031282424926758,3.969290019003308,10.12534359869697,85.79459864725158,-8.276974993565572,,,3.0707438250232393,nan,,,1.034643292427063,,None,-4.1598266357731974,3.0149570172633933,-5.172166784921251,0.4707603454589844,0.6532901312538851,0.3183198869228363
Gaia,DR3,2563077538398673280,19.639169894231983,4.273620511833695,15.84791088104248,1.670492172241211,3.327980683561747,8.592044670686153,77.30571736592344,-8.004603943622772,,,2.3153333686747404,nan,,,0.9875437021255493,,None,-3.197167458578453,2.4168983379722215,-2.9723599204944073,0.05819407477974892,4.025639362255671,0.04533448815345764
Gaia,DR3,2553004564483790848,14.08389569724586,5.1139401092076415,18.810274124145508,2.711942672729492,1.9548451367586448,3.090317223671393,82.15668315015829,-7.260938175694125,,,2.1578653683163784,nan,,,1.0458136796951294,,None,-3.3337310211786177,2.278415013629957,-3.8531388965199174,0.30073249340057373,3.0002156023699524,0.2258884161710739
Gaia,DR3,2780951333720334208,8.578526404548787,16.615753588461427,18.29827308654785,3.0794200897216797,2.415097584944418,10.477664107108298,70.36376095228782,-5.409851525558695,,,2.701470218612705,nan,,,0.9434010982513428,,None,-4.574096560659273,3.4999159638839954,-4.395634940427031,0.17097964882850647,4.86367981290654,0.13998137414455414
Gaia,DR3,2781660518719522176,12.481627805724242,16.5781935602856,13.97734260559082,1.5175771713256836,3.0579958129874667,10.162760001110374,88.0447471127328,-5.922095780417514,,,3.102439278641196,nan,,,1.6029813289642334,,None,-4.9316554133349495,4.116090489284406,-5.65924447208818,0.04738323763012886,2.2531246826838722,0.03219452127814293
Gaia,DR3,2782101933983796864,9.976868574884765,15.899670323831655,18.224754333496094,2.6456871032714844,4.796048985061801,9.506661813144337,76.2343259150145,-5.672575948423331,,,2.967181435097906,nan,,,1.0220268964767456,,None,-4.916491275728789,3.8347740895886657,-5.488607762789978,0.16244438290596008,0.8898479153707909,0.12518605589866638
Gaia,DR3,2552606987951097344,13.940284824393073,4.839758915041601,19.537832260131836,2.716245651245117,4.241793767604324,3.09950421426269,85.75268980140278,-7.266491954656085,,,2.140808723414149,nan,,,1.0964419841766357,,None,-3.316060663178485,2.2439878531591626,-5.115951957939298,0.5143560767173767,1.5920039169758247,0.39902177453041077
Gaia,DR3,2577271580678236416,15.311267836379102,6.669144343917228,15.255571365356445,1.7792749404907227,4.035932779190865,3.9909012575005183,85.37224286071842,-7.276480955711619,-2.503885269165039,5.174523830413818,3.3060194702041854,nan,,,1.0513712167739868,,Gaia_DR3,-4.9916663257084455,3.6394202761211334,-3.8549260005812176,0.04573562368750572,1.0665366114092967,0.028521550819277763
Gaia,DR3,2751753798149119872,2.987297656366942,7.718088733694035,17.367416381835938,2.429262161254883,3.8043811073041467,8.339244804718861,62.321139878404885,-5.4870042476995655,,,2.8361784803669243,nan,,,1.0623819828033447,,None,-5.183889287436876,3.064117155811628,-6.187135715788175,0.12681421637535095,1.022697690719031,0.09187259525060654
Gaia,DR3,2552586582562045824,13.456396238481595,4.696920598438562,14.964421272277832,1.3362350463867188,2.2340433902239774,2.792411486114981,49.0326368495486,-7.216779807628761,24.127750396728516,5.7418293952941895,2.3291650058882882,nan,,,0.9832672476768494,,Gaia_DR3,-3.639475728545565,2.4300079415733524,-3.6775903801445673,0.04333784058690071,1.3337295673321254,0.03124239481985569
Gaia,DR3,2553105655129540864,13.783044158240953,5.628080553606891,16.03997802734375,2.161722183227539,4.189602738277872,2.614054250051315,29.805545477845556,-7.177356506028101,,,2.777935986693393,nan,,,1.4469126462936401,,None,-4.3152576749834175,2.968972790756871,-3.83239412861143,0.09123239666223526,0.5634553731832718,0.05405493453145027
Gaia,DR3,2782033390600745216,12.285281494999586,17.419524779944105,16.772907257080078,2.096734046936035,3.6985353578506857,10.98032231275784,80.97440631521378,-5.804427644906291,,,2.4272212971583444,nan,,,0.9740384817123413,,None,-3.871410207082809,3.2604721176027835,-5.577550462612936,0.07107961177825928,2.441599657578262,0.05858944356441498
Gaia,DR3,2554521654307577984,9.23473167987318,5.2887109429846335,16.322786331176758,2.486175537109375,2.211562450624846,2.374155351056946,48.721037601813386,-6.6018172300080336,,,2.9576452078936555,nan,,,1.2515747547149658,,None,-4.957929717191529,3.0994951472019463,-5.264596035347131,0.09250633418560028,4.443873974015236,0.06681764870882034
Gaia,DR3,2555348070439076736,8.70695123346908,5.697773914866516,19.52704620361328,2.870908737182617,2.917317314264372,2.693344736549139,49.45985597246268,-6.493048126441918,,,2.3250499794966406,nan,,,0.9986147880554199,,None,-3.9291068269343663,2.456036783868387,-3.0601471494939427,0.4711165428161621,1.3204584294517168,0.3478361666202545
Gaia,DR3,2554766153910079360,6.753287592325131,4.293264246148977,18.369361877441406,2.630399703979492,2.7080715431634217,5.026107377567477,79.67106977139849,-6.337466796396079,,,2.196823408613737,nan,,,0.9745740294456482,,None,-3.820186649066598,2.2365210310632055,-4.6433539161487225,0.2249194085597992,3.182706487732807,0.19701436161994934
Gaia,DR3,2579555502552049536,18.353468899373752,9.23610380582489,16.31446647644043,1.853724479675293,2.471784235303264,7.51133362871544,87.61304639291538,-7.3994959463179235,,,2.2077736686099505,nan,,,0.9404029250144958,,None,-3.1351428443602014,2.6073278634301,-4.284680032626502,0.08513335883617401,2.6523876394371224,0.05386583134531975
Gaia,DR3,2579317874896733440,20.999458901408886,9.956618985366944,15.550411224365234,1.7731704711914062,2.6731862850004955,10.209264671991669,74.90284307031294,-7.625984836134803,,,2.8793053532013855,nan,,,0.9768970608711243,,None,-3.854403051465975,3.4883567160851507,-2.231949458584107,0.05715439096093178,3.509240372800846,0.0270951259881258
Gaia,DR3,2579714072744945920,18.885124222843164,10.016210649671685,17.91352653503418,2.5279312133789062,3.553019754644568,8.297402913414398,59.016337981745565,-7.383751685750973,,,2.7750947407609545,nan,,,1.0402114391326904,,None,-3.896042185777523,3.3423167884888976,-1.9830302939367999,0.17907927930355072,4.1552622554443674,0.1204623430967331
Gaia,DR3,2566436099744856192,20.580524690322953,7.652704507745051,18.44069480895996,2.6812477111816406,3.302275461513007,9.285465755443425,81.70178188551054,-7.804486497868491,,,3.0648733456138646,nan,,,0.9703771471977234,,None,-4.142906709892657,3.5079568207551075,-2.3714511512124985,0.2517246901988983,4.697192229347282,0.20002980530261993
Gaia,DR3,2565323187819156736,22.216457595214948,6.783946995399968,12.68332576751709,0.8405666351318359,3.855909348877218,10.848995586502323,73.33932117519507,-8.064087338538783,-12.906059265136719,25.54113006591797,2.567336568202399,nan,,,0.9199501276016235,,Gaia_DR3,-3.3381887091549864,2.8855505988951258,-4.067761360949736,0.016771288588643074,4.840764434516586,0.010036907158792019
Gaia,DR3,2565051848965233152,23.06068815829188,6.1148358334854755,14.528966903686523,1.348982810974121,4.19614502455207,11.696810432985703,82.83525565253873,-8.215127011300718,33.243934631347656,3.930727958679199,2.471992988545433,nan,,,8.83348274230957,,Gaia_DR3,-3.147508141152483,2.7340852383046803,-2.408920015744861,0.20979267358779907,4.792273926372742,0.11896172165870667
Gaia,DR3,2564299508133989376,20.059150419380398,5.454810834262323,18.605892181396484,2.4787540435791016,2.0926596411990284,8.773375990799428,61.006262032124035,-7.948436457973804,,,2.5201876775736163,nan,,,1.0161241292953491,,None,-3.4474075059160207,2.7203172139084053,-3.0576589220549635,0.3023354113101959,3.761553594872646,0.22684067487716675
Gaia,DR3,2555320586944172288,8.05593877980574,5.365388700664262,18.470903396606445,2.4952774047851562,1.1617522009220145,3.412756032702894,46.85873858704166,-6.430919385832318,,,2.3546695705786904,nan,,,1.0929564237594604,,None,-4.018173908663072,2.464324758389198,-4.585643140727704,0.2170850783586502,2.566981130220713,0.17197497189044952
Gaia,DR3,2565881705366381440,23.353703795054372,7.894369980752104,18.12046241760254,2.6790428161621094,4.678641942291946,12.043083025247947,80.49377751790738,-8.07881019068944,,,2.707120178468051,nan,,,0.9908703565597534,,None,-3.4213562690795483,3.140794638364641,-0.7533191877341208,0.25732874870300293,3.2443361409829357,0.10357159376144409
Gaia,DR3,2556670993382319232,12.01766972039068,7.108812093067821,9.916200637817383,1.091801643371582,2.2468503214428472,0.9505562008431067,31.49016512074203,-6.815327405854922,-10.231082916259766,0.28670406341552734,2.828128761916736,nan,,,1.4732109308242798,,Gaia_DR3,-4.531551333778164,3.115240269643841,-3.703514636703201,0.032705146819353104,2.062246188397649,0.028610877692699432
Gaia,DR3,2585511939291995264,22.206941936810356,11.131428266689554,10.240705490112305,1.143986701965332,3.405268261723017,11.736786486585299,80.82842902267765,-7.635987316757907,8.409290313720703,0.19954806566238403,2.808718975879971,nan,,,0.9396602511405945,,Gaia_DR3,-3.6528969091689,3.5098444430920974,-2.1066849801908965,0.021861741319298744,2.2157751623381987,0.012517961673438549
Gaia,DR3,2580462771443874944,19.927837398152782,11.280562584382958,18.36530113220215,2.389249801635742,3.6188318032570908,9.781313585587624,66.61919005645295,-7.373403786311805,,,2.551080967401985,nan,,,1.0455089807510376,,None,-3.5000165590273387,3.172050257336223,-4.514509232732976,0.19402027130126953,1.5111957552427973,0.16908030211925507
Gaia,DR3,2566519353391000064,22.557123025493222,7.661424308021663,17.535337448120117,2.3907470703125,2.224639124795457,11.234756497727473,79.5951174722931,-8.01771637068714,,,2.855483885430166,nan,,,1.0450235605239868,,None,-3.681854511938327,3.286356588254618,-3.9318090266313375,0.1062842607498169,4.6019768810362836,0.07509737461805344
Gaia,DR3,2557401515778277376,9.996844362086392,7.849168019845623,19.347524642944336,2.7016448974609375,4.6725559549058,1.8809031157517861,15.610077831235378,-6.477385674259895,,,2.6660578880182393,nan,,,1.0224488973617554,,None,-4.416143503239798,2.9650718031821803,-4.5788632709602926,0.4338289797306061,0.34399286535573104,0.30330491065979004
Gaia,DR3,2581753052634167808,13.163675496687263,9.142250651260207,15.403541564941406,1.4445228576660156,2.385243867375579,3.239377302267217,72.36957712195438,-6.774277954629703,,,2.2080023691182666,nan,,,1.0615098476409912,,None,-3.4681851945527447,2.554397340671687,-2.3600420496339267,0.04348495602607727,2.48591370417739,0.03278030827641487
Gaia,DR3,2566541755940452352,22.697174595617284,7.665609241444789,17.6217098236084,2.5100440979003906,3.2892055885201636,11.373352989329568,75.9255687043034,-8.032099435630714,,,2.625157185317764,nan,,,1.0565038919448853,,None,-3.3731209894745953,3.0227012266185858,-3.7634757667581478,0.10769539326429367,1.244771551990086,0.07210607826709747
Gaia,DR3,2571938124649696256,24.168282989777026,8.494633186510951,18.29401969909668,2.4395580291748047,3.6823542495383483,12.916838643192403,87.35142114370075,-8.10411248876929,,,2.5617341516425003,nan,,,1.0184270143508911,,None,-3.1700034416596723,3.0244208019700385,-1.3633136341373657,0.2494928240776062,2.1934782078659185,0.1354324221611023
Gaia,DR3,2582925643130232576,16.761783244481723,10.350673201327877,12.563094139099121,0.8610696792602539,2.7651206609237864,6.645826731386698,61.13528064050215,-7.102144258318147,-10.074682235717773,2.2232840061187744,2.9414006192827125,nan,,,0.9713809490203857,,Gaia_DR3,-4.316679765473926,3.5411762884983817,-5.577140952309135,0.016873015090823174,2.3788308859160794,0.01418709009885788
Gaia,DR3,2576067576790750848,16.84365736680184,5.035635029591112,10.245681762695312,0.64501953125,3.3978232540115236,5.703467126025412,85.85867741160878,-7.610161610228285,13.089677810668945,0.29158756136894226,3.2712890139946715,nan,,,0.775997519493103,,Gaia_DR3,-4.792905023369732,3.4680086807525132,-3.7813703446355533,0.022410616278648376,1.3543801580595347,0.013968361541628838
Gaia,DR3,2792407111010252288,6.2911164021424515,15.667046514270808,16.46910285949707,2.2119922637939453,3.452411521161608,10.41450263541695,70.1438098786265,-5.197019432489623,,,2.7123853056528686,nan,,,1.19368314743042,,None,-4.7474094863002065,3.4119700586506334,-6.0499995161734335,0.08786628395318985,1.9286427065653353,0.06260651350021362
Gaia,DR3,2578375078035679744,20.126101616267157,7.928398803232799,19.501087188720703,2.8853511810302734,4.96594863310693,8.876354072076145,59.43244758774538,-7.727689425825348,,,2.657255254572655,nan,,,0.9604116678237915,,None,-3.6294007592141586,3.0584751915674815,-6.355622572463731,0.6074767708778381,2.505159686164657,0.44306689500808716
Gaia,DR3,2559157087955479808,23.78878253053337,3.32531738945824,18.370586395263672,2.931560516357422,3.25737026892344,12.836981490362017,87.1404968012017,-8.536424920396383,,,2.795977979217544,nan,,,0.9597721695899963,,None,-3.494333119078034,2.8555465750297078,-4.30043254785753,0.2743576467037201,1.1130052836652757,0.14569422602653503
Gaia,DR3,2563363372766638720,21.679003924222105,4.951929619508853,16.987506866455078,2.071221351623535,4.088755544680852,10.441208456741677,72.21175532164015,-8.172318418285668,,,2.78431890001836,nan,,,1.0108528137207031,,None,-3.66774679785968,2.9734561790588767,-5.938549927208726,0.09023338556289673,2.1968012448935155,0.04542044922709465
Gaia,DR3,2561885972736727552,24.193092085115545,5.272313117121283,18.77149772644043,2.749185562133789,3.4125463082329657,12.883299405150323,87.3073152275042,-8.408419141084313,,,2.7912556479923607,nan,,,1.321026086807251,,None,-3.4517688864205582,3.0220985112416705,-2.4125273231750355,0.4821889102458954,1.3039168906667584,0.20688438415527344
Gaia,DR3,2578215885072588928,17.40607560690683,8.951148014996464,16.32101058959961,2.338019371032715,2.2395415903167146,6.536336104393795,67.47249693604678,-7.3161910059646384,,,3.024528730550191,nan,,,1.4378900527954102,,None,-4.380913208482911,3.5372115769290398,-3.6316857586951263,0.09251269698143005,2.321623683349188,0.07322382926940918
Gaia,DR3,2577581539878370048,14.963475904529798,7.397971735801219,17.322154998779297,2.549652099609375,4.1277806257932985,3.75184118597771,87.09990813869008,-7.166284006544561,,,3.3303390293424706,nan,,,0.9899460673332214,,None,-5.061697694243481,3.7269773581933148,-7.877821270785309,0.12277666479349136,4.410917397288437,0.07956358790397644
Gaia,DR3,2562766337952967296,20.052041441096897,3.482438955307137,17.68056297302246,2.3674144744873047,4.291774155119645,9.220896160885985,76.36458193624468,-8.119035988702551,,,2.3549775435516906,nan,,,0.972659707069397,,None,-3.221931424715414,2.4045548485774106,-4.519354112712976,0.2047019749879837,0.7144593376543055,0.13867275416851044
Gaia,DR3,2563369935477076224,22.020570791340187,5.094363552292416,15.691587448120117,1.7860231399536133,4.768888712930382,10.756937010038946,76.1713935833216,-8.196635753384355,,,2.8394485298195726,nan,,,1.6724141836166382,,None,-3.7096688347289364,3.046462045845006,-0.9802454795358243,0.0888129249215126,3.8824558056299927,0.03928424045443535
Gaia,DR3,2578963832152629760,20.558643687377625,8.966915720140104,13.588802337646484,1.0437641143798828,4.491380264988296,9.505956206904356,64.42713186905897,-7.675573519475433,-21.768054962158203,3.649165153503418,2.5633858469688295,nan,,,1.1659983396530151,,Gaia_DR3,-3.4667731405061812,3.0297844700279253,-5.641591931340432,0.0240879338234663,1.9523298908858044,0.014828306622803211
Gaia,DR3,2580388210811721216,18.951719482186757,10.893223423414055,18.312755584716797,2.7573814392089844,4.696144243338646,8.756014937521249,59.27007857612531,-7.303088170466934,,,2.56840352555117,nan,,,0.9248657822608948,,None,-3.600655166098383,3.155040474695476,-4.173536868848313,0.22130747139453888,0.6777121219313208,0.15257176756858826
Gaia,DR3,2564421893226536064,20.949260554852845,5.856628710935015,18.384340286254883,2.6144237518310547,2.9868190456798724,9.615156764515445,71.21367161758606,-8.01155815436045,,,2.4398772528528636,nan,,,0.9579875469207764,,None,-3.2699929859120127,2.667491888750237,-1.7442385144010937,0.1922779530286789,2.846951788068874,0.13538618385791779
Gaia,DR3,2578903565171568512,21.155187972498304,8.830813563060753,13.938515663146973,1.1536235809326172,1.604899737051071,10.04653981143789,73.67848973050467,-7.754366312207589,-13.62224006652832,2.474583864212036,2.8728057984471196,nan,,,0.9231710433959961,,Gaia_DR3,-3.831680626622962,3.3906105925657664,-3.562854245393199,0.03012220934033394,2.4565731409003457,0.01190655492246151
Gaia,DR3,2580761701167434880,14.810620736153973,8.38282238801933,12.347829818725586,0.8267478942871094,3.5772460082368833,3.9677419157746177,62.32372045658572,-7.054998380405464,-17.210708618164062,1.1091768741607666,3.056241028950411,nan,,,5.181859493255615,,Gaia_DR3,-4.6584847150713,3.4973322825510564,-6.890119661212023,0.10408040881156921,2.921334635354248,0.07509445399045944
Gaia,DR3,2564907057027714688,22.457573091946255,5.470750392894287,17.155179977416992,2.162588119506836,2.906450841456437,11.144158213639331,74.91130660935958,-8.209819772353855,,,2.719069250317624,nan,,,0.9670754671096802,,None,-3.5146004293250295,2.9506975040355607,-3.9605072970486206,0.08451085537672043,1.345481797952437,0.051111333072185516
Gaia,DR3,2741962307802781696,0.8875520546461552,4.962271937423457,17.855735778808594,2.7191696166992188,2.548310591023016,10.469316950386203,84.04098240356605,-5.406527289124117,,,3.017784820281681,nan,,,1.0108718872070312,,None,-5.654986209427726,3.0708974731197136,-5.007261339709784,0.1584220975637436,4.557062187053711,0.11644268780946732
Gaia,DR3,2581621381821438464,15.24226267015051,10.080226371022968,12.583564758300781,0.9437017440795898,4.050749597193618,5.308145097895291,80.8031978765324,-6.944596993811071,-16.19980239868164,0.9549389481544495,3.2229075913846854,nan,,,0.9967644214630127,,Gaia_DR3,-4.872588513039983,3.8349624451040008,-4.386518755425171,0.01733301393687725,6.543864728165347,0.013873408548533916
Gaia,DR3,2566894149417048064,21.68574558411869,8.603609402271227,8.387804985046387,1.295433521270752,3.0221174935783828,10.513026965603226,76.14091404877574,-7.834019093787177,-11.704607963562012,0.12788477540016174,2.870037917405462,nan,,,0.9810211062431335,,Gaia_DR3,-3.780052174622809,3.373970022541279,-2.2633974086834647,0.03519698604941368,4.395291989010544,0.013282416388392448
Gaia,DR3,2582136129357214720,12.467523696163111,9.96370223070497,16.386991500854492,1.9405155181884766,4.084763282587042,3.6692841016139015,69.99625211114812,-6.60530473454321,,,2.226072181692781,nan,,,0.9684464335441589,,None,-3.5394406479598084,2.6132477639917675,-1.6317030474721033,0.06518349796533585,2.426141385384178,0.04850652813911438
Gaia,DR3,2566583292568731776,21.898139251826034,7.842985446664057,17.04314422607422,2.319554328918457,2.633141968428013,10.604320760132824,74.65879769548128,-7.930177682648676,,,2.824165917534414,nan,,,0.9551674723625183,,None,-3.7006623474198133,3.25967120785535,-4.1845652974291045,0.08607438951730728,4.750791628032287,0.056240908801555634
Gaia,DR3,2576318647694275712,17.69590737983109,6.245701429377513,10.006633758544922,0.7081069946289062,4.893674923528564,6.3624503924953695,71.36311438243064,-7.604146408772258,12.295658111572266,0.410256952047348,2.2760340089550253,nan,,,3.6088855266571045,,Gaia_DR3,-3.277057625488739,2.4948778616537153,-3.309594344130452,0.09002283960580826,4.842690696536381,0.04604816436767578
Gaia,DR3,2581854615725243136,13.146024737715935,9.35483716156212,19.440553665161133,2.8703746795654297,4.1616297918526,3.4064443572557708,53.125450759759595,-6.751619595478916,,,2.3160788402408046,nan,,,1.0399174690246582,,None,-3.6390822606017625,2.6915086236651002,-5.574967161817574,0.4731873571872711,2.0741944489938855,0.34858646988868713
Gaia,DR3,2576781434715219328,18.753703906911714,6.783165763580122,19.093780517578125,2.4568347930908203,2.090978884302039,7.411502581814174,49.655616675017825,-7.6788151836980845,,,2.639661601137931,nan,,,1.0282258987426758,,None,-3.7164488793988038,2.941256470528102,-2.6506966977370423,0.5034221410751343,2.4743016274430154,0.2658841609954834
Gaia,DR3,2577261783857392640,15.01769345740684,6.477939850988648,18.069347381591797,2.518299102783203,1.8289894232512518,3.6955599371300867,50.75036381874921,-7.257313653467252,,,2.3366124680331732,nan,,,1.002050757408142,,None,-3.547723024740253,2.558223311813986,-3.063155350999952,0.1775541752576828,3.317737692800192,0.11887820810079575
Gaia,DR3,2584659130585747840,17.657957107201373,12.984582896730737,14.232770919799805,1.2832746505737305,4.678853887044224,9.0294138587234,63.13074736478118,-6.9374492007440605,-23.94716453552246,3.877596139907837,2.7688782465788573,nan,,,0.960032045841217,,Gaia_DR3,-3.9898021783984636,3.5347376743165686,-2.663326331410711,0.029101377353072166,1.14742377422216,0.020106637850403786
Gaia,DR3,2576434062055467520,15.535807600189138,5.974780106932689,16.926044464111328,2.216616630554199,4.17809552424692,4.242782672235354,33.07115807792575,-7.367025830543666,,,2.498145461851607,nan,,,1.084119200706482,,None,-3.7556735203741076,2.7049384238700283,-3.1129633657186324,0.11854966729879379,0.6005700347179985,0.07046744227409363
Gaia,DR3,2576780025965654784,19.146582650539383,6.988384417017637,16.660106658935547,2.4056215286254883,3.7561420877645104,7.810405918526562,79.26960609159549,-7.705079435134388,,,3.11234196012411,nan,,,1.0074416399002075,,None,-4.3447088101214515,3.4896183202258317,-6.4603347408439635,0.08134060353040695,4.753603284390915,0.06171546131372452
Gaia,DR3,2581828403540352640,12.588407698339058,9.51094582622316,16.111265182495117,1.9184513092041016,4.332954576765897,3.2876440830930154,33.47420166581521,-6.664740353911811,,,2.4447821957792835,nan,,,1.0454027652740479,,None,-3.8790530749931316,2.8443432418564383,-3.310784398859311,0.06774631887674332,0.6847188882565055,0.053143154829740524
Gaia,DR3,2747689728294844928,5.215747613793799,6.342839877857059,17.78066062927246,2.605316162109375,2.3604581684537127,6.046122749702889,61.84474976316915,-5.9385843656287385,,,2.979730253472459,nan,,,0.9956056475639343,,None,-5.292444290212418,3.158576438387204,-6.750981038766773,0.15346087515354156,2.8917730636105636,0.12408361583948135
Gaia,DR3,2578445274981109760,19.74288957361219,8.192727508370023,16.564817428588867,1.9258766174316406,4.092270878033648,8.54794656542769,76.93090075047857,-7.659386463192157,,,2.316358189025687,nan,,,1.3060959577560425,,None,-3.1911903882793773,2.6804693233279777,-3.7065462388832984,0.1040208712220192,4.611174971194493,0.07140250504016876
Gaia,DR3,2578754096014660352,19.56858972309129,8.685239462826075,19.083452224731445,2.385946273803711,4.273041827064024,8.488268655064147,77.14098932443962,-7.59227195099848,,,3.0485883904390545,nan,,,0.9889699220657349,,None,-4.216307712052153,3.568077119662867,-6.931195645881072,0.38729289174079895,3.1547647571464346,0.24375127255916595
Gaia,DR3,2577973889435044608,17.319362283232106,8.41001579383302,19.159929275512695,2.599811553955078,3.137366051673559,6.273622147794274,65.13737914325722,-7.3579354060258115,,,3.008399318188345,nan,,,1.063982605934143,,None,-4.36531517662114,3.4733753998625674,-3.0839060438836317,0.522158682346344,1.9512135713247805,0.30649513006210327
Gaia,DR3,2585620168172863104,22.299583270602337,11.838081133680387,19.38545799255371,2.9469051361083984,3.4388616418465565,12.10577945020399,81.36630560163157,-7.572093088382609,,,2.739528326008817,nan,,,1.1124898195266724,,None,-3.5548363953054225,3.4787264130320397,-2.151925717188219,0.44043266773223877,2.0729938024608487,0.25532352924346924
Gaia,DR3,2578903565171568384,21.15610936190465,8.831144068987287,14.505240440368652,1.3443412780761719,2.0413879389944443,10.047500939797914,72.77371337696489,-7.75443450938693,-17.676937103271484,3.747238874435425,2.854191969085933,nan,,,0.9700852036476135,,Gaia_DR3,-3.806771432392286,3.368678070145993,-2.9959401824071725,0.0372387059032917,2.4460498293231607,0.01468929648399353
Gaia,DR3,2589598888436489984,19.767210495133998,12.472250014045017,18.069509506225586,2.496135711669922,3.5484712937245138,10.275826689876753,89.53368605061682,-7.231386589512203,,,3.117570800521214,nan,,,0.9152045249938965,,None,-4.292666553585985,3.9738479082240197,-2.3282063811304177,0.1565520465373993,5.23068152618462,0.13079553842544556
Gaia,DR3,2584595565069785088,16.441949907932255,12.7051716843048,16.857006072998047,2.0397443771362305,4.33608921967303,8.026623733622127,73.0260190520122,-6.823683396323915,,,2.3244046761638826,nan,,,1.0410610437393188,,None,-3.4330779950137087,2.9348709430421067,-4.764261315474777,0.08336009830236435,1.2788586408795406,0.06456742435693741
Gaia,DR3,2580136766246056704,19.667813417572997,10.670627797377561,18.523691177368164,2.2518367767333984,4.945482520559872,9.273762203406667,69.34945987607546,-7.40664215755835,,,2.435426142537318,nan,,,0.96589195728302,,None,-3.360854317022288,2.9849308493685864,-3.8324542976943126,0.3074107766151428,5.479821209620978,0.1629287600517273
Gaia,DR3,2579751838392392832,17.641131782683345,9.512090267714573,17.199844360351562,2.2445755004882812,3.5414620122946228,6.973195669468767,46.6796843658427,-7.289278552900823,,,2.623083061417473,nan,,,0.977079451084137,,None,-3.7810385256793344,3.1097738042911285,-1.8425667608045513,0.12678156793117523,3.3879548634570185,0.07609754055738449
Gaia,DR3,2579588797138528768,19.230961292753367,9.266578556478093,19.4072265625,2.6113929748535156,3.5912658597003677,8.335856765166048,56.024951863850895,-7.497315196704207,,,2.6682411391036904,nan,,,1.0585784912109375,,None,-3.7178817260351646,3.1626005613751373,-4.3891685921058485,0.39455297589302063,1.2573420001774687,0.30062222480773926
Gaia,DR3,2751294515821794816,9.303439477592118,10.609731600314163,9.593021392822266,0.5268259048461914,2.2788624338305254,4.575108753606252,65.09721255240386,-6.122033945946777,,,3.069032221749389,nan,,,2.1604466438293457,,None,-5.139186094302655,3.5998614788639216,-3.794512528880131,0.08090440928936005,4.204562851239242,0.06638938933610916
Gaia,DR3,2753095717731233408,1.8458550945700296,9.965751135384567,18.369129180908203,2.6843128204345703,2.228453290874751,9.981409821721725,79.92870743676454,-5.11072924975,,,2.365229149442256,nan,,,1.030490756034851,,None,-4.3831222050260745,2.6457141512388036,-5.364237633367108,0.2526298761367798,2.124139086584759,0.18914993107318878
Gaia,DR3,2591408066100519680,20.391526965774354,15.384800836407699,19.024301528930664,2.622577667236328,4.08920955674419,12.60133998768286,84.70857802355643,-6.983110759158775,,,2.5837559450643144,nan,,,0.9271380305290222,,None,-3.5077485778745325,3.499642578713366,-4.588562720492217,0.2960764169692993,5.447149917990041,0.1836254894733429
Gaia,DR3,2739295476708948864,1.6459396811419404,3.3633372457170103,14.338607788085938,1.3863201141357422,2.780749109613415,10.108505451127746,88.90770294150889,-5.65589027496388,-7.145411491394043,3.9767985343933105,3.1188957307776874,nan,,,0.9765062928199768,,Gaia_DR3,-5.7934055068912835,3.0778165436763656,-5.870495303453952,0.03272981569170952,4.904518023382691,0.025911448523402214
Gaia,DR3,2582127947444207232,12.840477780161178,10.00469778408633,15.442695617675781,1.6525001525878906,2.931468939424782,3.839366914864588,43.120791278098814,-6.649481529041865,,,2.8651161085739494,nan,,,0.9836806654930115,,None,-4.526037542630786,3.3714296724010886,-3.023200409893441,0.04435792565345764,2.4352238154358643,0.032081760466098785
Gaia,DR3,2581121138390709760,13.974538096443231,9.3788430262506,19.831966400146484,2.2076778411865234,3.6698943357825873,3.9265814633370266,82.72601313905867,-6.854793127033721,,,2.164488139428302,nan,,,1.0214011669158936,,None,-3.350648013800497,2.524591960930466,-4.027818895513386,0.5626965165138245,4.056121458426877,0.4805866479873657
Gaia,DR3,2582938184434834304,16.739648841652077,10.424219154499774,19.063034057617188,2.7775726318359375,4.891192355521521,6.670791927119989,66.45989276321411,-7.092168863465416,,,2.319683731479696,nan,,,1.2336667776107788,,None,-3.4057877045561766,2.7969069363036,-1.9364989864821713,0.4367126524448395,0.9095382745286907,0.39025047421455383
Gaia,DR3,2581593314210503808,15.937794128010948,10.139678540910833,15.754705429077148,1.7897586822509766,3.2398315831552247,5.869273178741099,39.808105067501145,-7.023813425304118,,,2.6579501801834566,nan,,,0.9831502437591553,,None,-3.964898495224002,3.1752846683404723,-5.4548578950773186,0.05427931994199753,4.2123573738831634,0.035430800169706345
Gaia,DR3,2581913199079222912,13.09773042745355,9.5646847216923,19.30473518371582,2.5226879119873047,1.3124643557144235,3.5608008596946754,34.86989298983256,-6.725204342729979,,,2.44409599751678,nan,,,0.9833281636238098,,None,-3.8435089739424972,2.8524691337708474,-3.451901361057269,0.3559764623641968,2.3011651565101094,0.2707577049732208
Gaia,DR3,2750455725888721920,9.63577147600779,9.920153255423884,19.434621810913086,2.630584716796875,2.8861255329052056,3.8119341482130547,68.78959700728748,-6.233748314848591,,,2.234663373333148,nan,,,1.0376077890396118,,None,-3.7226953725878777,2.5899847773267126,-2.368339351167944,0.5345010757446289,2.7095490104100652,0.3635423183441162
Gaia,DR3,2739045166014050944,0.9128031770947405,2.069693316577673,14.03593921661377,,4.458644015950423,11.254761873312548,76.43765157622555,-5.646982009087991,11.737277030944824,2.6720852851867676,2.7583463642939456,nan,,,1.7068971395492554,,Gaia_DR3,-5.167339233597446,2.6446452548796584,-2.584897436605437,0.06127030402421951,2.874423159623392,0.05925040319561958
Gaia,DR3,2738897247341012736,2.067826381547677,1.9199051566866912,12.751755714416504,0.7837905883789062,4.356418995122909,10.271716411183995,70.52797241540101,-5.83657544038002,-10.354074478149414,1.6571180820465088,2.5325022078121378,nan,,,1.0840646028518677,,Gaia_DR3,-4.6807516918808885,2.423398304220263,-3.6567246059014016,0.023383960127830505,0.3351754341962393,0.020546970888972282
Gaia,DR3,2739045166015795072,0.9132443766527529,2.069616301925615,11.164674758911133,0.747349739074707,2.8910078830045984,11.25438781585392,82.1794706224644,-5.647056457208979,,,2.4354805458759037,nan,,,3.4383137226104736,,None,-4.562476622278194,2.335085577145306,-3.4421898742068002,0.0769997388124466,1.3613606525586894,0.04067191854119301
Gaia,DR3,2740302423202004992,0.14841725184733837,3.710573618658408,15.662750244140625,1.5825881958007812,4.4655800456607215,11.445142352300865,89.29164924681321,-5.395779496918388,,,2.3627795772440936,nan,,,1.1224641799926758,,None,-4.464527276091368,2.3412128377708292,-2.313783172506343,0.0439428947865963,1.773948994098532,0.026973186060786247
Gaia,DR3,2752321356602487552,4.316292604427461,9.024147496883872,15.750751495361328,2.2399072647094727,3.830483010279323,7.370037401341646,88.93312240072255,-5.565688566713618,,,3.254145589505794,nan,,,1.08920156955719,,None,-5.848718822004275,3.6220748710737443,-3.472446500999527,0.08711355924606323,2.500322032914775,0.05974042788147926
Gaia,DR3,2752443093156064640,5.195782744433873,9.417414992966858,19.111888885498047,2.7609596252441406,2.293772448020049,6.7185693786827185,64.1757570254367,-5.65762211868517,,,2.338557435725688,nan,,,1.0253279209136963,,None,-4.154735722222801,2.6322463509321516,-3.204441316025624,0.39397311210632324,3.245167256841029,0.29089605808258057
Gaia,DR3,2740857367336335104,2.1318968654206265,4.02420191190145,17.161930084228516,2.2266807556152344,4.838654970161523,9.452198641384914,67.19107023735215,-5.67584451730257,,,2.4861075515125965,nan,,,1.00400972366333,,None,-4.59148881100718,2.490152599874377,-5.013692448014789,0.10456162691116333,-0.010376149632034658,0.08024559170007706
Gaia,DR3,2740933744738214528,2.5215089128843546,3.9677794790360545,18.454721450805664,2.3803539276123047,2.4039141335463126,9.093947961762073,83.56784446854691,-5.739770110266845,,,2.288259467766232,nan,,,0.9862585663795471,,None,-4.20631553979645,2.2912673432914037,-4.8446869714946,0.20046907663345337,3.259357942265469,0.16598255932331085
Gaia,DR3,2745806024358531328,0.539661938363857,6.740684231839582,17.965656280517578,2.4775047302246094,4.445618604402973,10.69008621468907,80.31706070395138,-5.2005475610002385,,,2.933653362227828,nan,,,0.9375357031822205,,None,-5.519039091538222,3.083757244023084,-6.1706021378566325,0.14827567338943481,0.41271432970861965,0.1075458899140358
Gaia,DR3,2585445865515138816,21.364945718605398,10.880661490395328,13.108747482299805,0.9039592742919922,4.892715552285941,10.877562454511464,73.77609586108308,-7.5719550715637824,20.821044921875,2.149498224258423,2.5579626388624845,nan,,,1.1114768981933594,,Gaia_DR3,-3.394893815822809,3.169105741833574,-2.470189826259894,0.020454946905374527,5.640120010710934,0.011712921783328056
Gaia,DR3,2738971533095356672,1.933857900043448,2.2663566423079318,14.089829444885254,1.0925254821777344,4.262604173786383,10.242605592130959,88.72518936116029,-5.788552734414869,-8.766707420349121,2.6199679374694824,2.299349803775385,nan,,,1.1455519199371338,,Gaia_DR3,-4.256599212343097,2.216975183947995,-6.317535867044606,0.03403284773230553,2.069655976400059,0.025695281103253365
Gaia,DR3,2755202832982075520,4.132010460993358,11.688706694866262,13.680055618286133,1.0347681045532227,4.866050143266811,8.783593405964814,69.13018021062595,-5.28750921559355,-10.32652759552002,2.465420961380005,2.401145399843261,nan,,,0.9763006567955017,,Gaia_DR3,-4.325891318443546,2.7979829259141393,-1.889311346639643,0.02231818251311779,2.4373447649572935,0.02574143186211586
Gaia,DR3,2752939213419053952,1.4240867839031224,9.248649463470597,14.011919975280762,1.2458648681640625,4.26414913219705,10.164061662867532,67.92045822333007,-5.112708819365,-3.331554889678955,2.9505088329315186,2.6644041453861056,nan,,,11.412113189697266,,Gaia_DR3,-4.962027059479972,2.938327067919329,-3.15659562414476,0.2882896363735199,4.512152067881733,0.22890235483646393
Gaia,DR3,2795666299697645056,7.298844331021822,18.881798164396187,18.814966201782227,2.5437755584716797,3.621634212784908,12.996984416395792,86.51440217736453,-4.991539705001097,,,2.6892534720213384,nan,,,0.9567041397094727,,None,-4.640202689533459,3.5694841419047587,-6.693017421952272,0.33296313881874084,3.5306056095713636,0.24171191453933716
Gaia,DR3,2584766470408422528,17.719686474692537,13.658922281616045,11.416486740112305,0.7178049087524414,4.907062472955039,9.561811860469794,77.82811837118966,-6.8728922728067285,-4.188819408416748,0.510174572467804,2.988091028362606,nan,,,1.165783166885376,,Gaia_DR3,-4.300159056308386,3.8668799885255964,-3.8493105527830753,0.030859004706144333,0.8088812895865138,0.022148316726088524
Gaia,DR3,2742015977714288768,1.3650862598652818,5.125590708210663,15.598347663879395,1.5514945983886719,3.240565108158208,9.974602188017997,80.94267695229921,-5.466293999731212,,,2.3547357146048897,nan,,,1.0293657779693604,,None,-4.388327734502825,2.4071007429525584,-5.14247067802827,0.053537845611572266,3.8279933718732133,0.03488527238368988
Gaia,DR3,2754309823382127616,4.583103887716043,10.688180235834631,14.672844886779785,1.3345756530761719,2.507745222793446,7.858946708521219,70.5957077825873,-5.44903985201114,-17.11159324645996,8.61878776550293,2.3365241503175826,nan,,,0.9669151306152344,,Gaia_DR3,-4.184904093551379,2.6828876477856465,-5.371280025625357,0.03500979766249657,3.0268140507656836,0.02630264312028885
Gaia,DR3,2753967974049294336,5.747344143200478,9.967223498841825,19.075828552246094,2.5639610290527344,3.493391641060333,6.505580169781564,75.53382998007443,-5.685715948136431,,,2.2537133029018195,nan,,,0.9888590574264526,,None,-3.9742747911952616,2.5690873438492945,-2.405284331841891,0.31232979893684387,2.0278201344023836,0.2730397880077362
Gaia,DR3,2747904102998249344,7.6696208217249975,6.703501632613424,16.460201263427734,1.7808856964111328,4.760201143776963,3.61156594119513,36.793667103663935,-6.258984087964855,,,2.808838644996831,nan,,,2.080021381378174,,None,-4.820523787543741,3.0240425855349065,-7.62620828528575,0.13920675218105316,2.753848680782792,0.10595507174730301
Gaia,DR3,2590131468676965888,19.703772963856967,14.410161832337563,10.879008293151855,0.8496294021606445,4.905893668518391,11.448423184225373,84.24411763549188,-7.015910078865659,-34.93661880493164,0.32245931029319763,2.9312726288327142,nan,,,1.18552565574646,,Gaia_DR3,-4.041872595258436,3.884342417608384,-1.5147945413877857,0.026518482714891434,5.558920186403172,0.013158033601939678
Gaia,DR3,2748434097667193600,4.2026539500135724,6.76158563379422,18.7941951751709,2.903472900390625,3.17763985060642,7.053872519775898,56.90342242405765,-5.752864682876106,,,2.419366780218357,nan,,,0.9549545049667358,,None,-4.35475311976363,2.577655501112509,-2.797150876062073,0.27706092596054077,3.0254099189693937,0.20095618069171906
Gaia,DR3,2749391944093332864,5.331111060370692,9.007402804896904,17.816146850585938,2.5403480529785156,3.549004566639493,6.429208384795565,66.14050914760809,-5.715289379413391,,,3.0133830653657463,nan,,,0.8863561749458313,,None,-5.343940999172841,3.3679755958809268,-6.630669461302662,0.15321385860443115,5.219230908289448,0.114296093583107
Gaia,DR3,2748376274524158592,4.428066026144678,6.540912446956558,12.499579429626465,0.9221820831298828,3.4375363219500406,6.826189813464589,47.439786961913285,-5.80557615754825,-6.81743860244751,1.6624644994735718,2.5349168452021105,nan,,,0.9974150657653809,,Gaia_DR3,-4.54943335566803,2.690939105892482,-2.749843943716187,0.019322028383612633,3.0596405225565877,0.014238797128200531
Gaia,DR3,2749032064489404032,6.322916059516893,7.963765923251519,18.193002700805664,2.451192855834961,4.872387245959212,5.15354186342179,77.11464091465201,-5.953995842317653,,,2.212998735125777,nan,,,0.9633364081382751,,None,-3.8716333064972464,2.433750598399904,-2.4619730947956144,0.20929817855358124,4.216933171932554,0.13076210021972656
Gaia,DR3,2590644253412063744,20.551087079080734,15.027352335573603,16.986825942993164,2.147519111633301,4.97127570388016,12.469389653810428,85.13150941867168,-7.040310198919201,,,2.804633250203809,nan,,,1.0477402210235596,,None,-3.793700557728081,3.77571198362686,-1.5637180173441723,0.10768686234951019,1.860949050356099,0.052517205476760864
Gaia,DR3,2748540647215861120,4.553121748029141,7.107310867230277,17.846267700195312,2.441143035888672,0.9338284213930403,6.726949190129214,45.121910543240965,-5.773958607558797,,,2.6380216555971767,nan,,,0.9891670942306519,,None,-4.7267631367586,2.8334676626838884,-5.200619374132816,0.17305999994277954,2.6209690860127925,0.12359779328107834
Gaia,DR3,2749113359630356096,5.8098644684319485,8.247273094556437,16.51016616821289,1.844991683959961,4.762051927702466,5.722196673219412,58.04253402596984,-5.854370051388411,,,2.3466077932874017,nan,,,0.98272305727005,,None,-4.134555609633233,2.58994753827731,-6.469179598319944,0.07445507496595383,2.904599226919277,0.05066422373056412
Gaia,DR3,2748709014230455680,3.504600849589426,7.214181413001238,16.117149353027344,2.0525360107421875,1.6841069113774714,7.7726287544790145,73.12747027549491,-5.609194529267574,,,3.034620665003712,nan,,,1.01286780834198,,None,-5.510969612796749,3.253757985450176,-6.351430449964772,0.06490454822778702,3.9278161186567386,0.0487280897796154
Gaia,DR3,2751919656902638720,3.318691486299183,8.283758859953132,18.433719635009766,2.8601112365722656,2.566020106096246,8.115700358796065,74.66341108498683,-5.485664740855639,,,3.036177704683784,nan,,,1.0108485221862793,,None,-5.526659354181821,3.319340707928931,-7.130116286765311,0.2291778028011322,2.963814579230614,0.1824854165315628
Gaia,DR3,2749882876035297280,8.714469698321142,8.746295951275558,17.488544464111328,2.13580322265625,3.5768260528091784,3.418668937743597,88.93007118637297,-6.218589478589043,,,2.128925039976793,nan,,,0.9744850993156433,,None,-3.5972647994861178,2.400829719532344,-4.660227187715121,0.11990702152252197,1.1979085014902882,0.09344115853309631
Gaia,DR3,2741521506717663232,3.639281532711317,5.455544274510648,19.073204040527344,2.4784011840820312,3.832300678503725,7.686191938370777,52.85528603107215,-5.782666607647467,,,2.7114463690811488,nan,,,1.008745789527893,,None,-4.915720936927485,2.808515330884508,-3.5224152150320625,0.39772045612335205,4.498834964076998,0.26711973547935486
Gaia,DR3,2775599220353922688,10.758923801909226,12.25661999865306,13.397933959960938,1.0275259017944336,3.266377405419992,5.799484415887089,42.05678492323805,-6.154514177229721,16.142126083374023,1.4140527248382568,2.508663166630438,nan,,,0.9751518368721008,,Gaia_DR3,-4.104830028744955,3.0568608786119276,-4.137199909530852,0.017122434452176094,4.783985843271837,0.0128555316478014
Gaia,DR3,2775417972733907840,9.561196388699138,11.319257367196895,16.07912826538086,2.003911018371582,4.099224568098139,5.132901980928476,86.75321194525173,-6.087655179896165,,,3.2970990285876116,nan,,,1.068265676498413,,None,-5.499003613135999,3.924672127657404,-8.33019830202231,0.06462844461202621,4.244601572416636,0.04179779812693596
Gaia,DR3,2776298441029728384,10.51960706951325,13.411106776435497,18.361282348632812,2.848623275756836,0.6041125173755837,6.9717872290058684,89.17410801022137,-6.00530490085964,,,2.185192978223479,nan,,,0.9614607691764832,,None,-3.5894576330685797,2.715855152527338,-3.7850436405665975,0.1752288043498993,2.517885672246345,0.12048894166946411
Gaia,DR3,2752503836877929856,4.693345454396379,9.776557534920487,19.318147659301758,2.802492141723633,4.69101739575871,7.321022585161837,66.73683189602457,-5.551039773784204,,,2.3437801678977688,nan,,,0.9733320474624634,,None,-4.191838340116352,2.6493855065777074,-5.777150361188903,0.3617894947528839,4.340232790316222,0.28235504031181335
Gaia,DR3,2751546853740307584,7.412754249652511,11.106211270518415,16.529136657714844,2.1844797134399414,3.724377639633165,6.0102857201474755,40.944503599994945,-5.812868194049801,,,2.667374558659862,nan,,,2.6819233894348145,,None,-4.59488111702604,3.129661363575476,-6.202123186406403,0.20197442173957825,1.7870273553460239,0.150152787566185
Gaia,DR3,2740302423202005120,0.14762220722141464,3.7102725458699117,17.681636810302734,2.1275253295898438,3.5868871311065607,11.445985782086916,82.1005450805128,-5.395680147411782,,,2.4560880262628744,nan,,,1.0570520162582397,,None,-4.640876668982883,2.43365073802242,-2.885513213286804,0.12322692573070526,1.8271855714492264,0.07622472196817398
Gaia,DR3,2741073833688334208,3.8796711941878446,3.9095153906289966,18.983455657958984,2.8470096588134766,4.4278807873010955,7.822484704876518,61.24007956248581,-5.948957528938,,,2.8645758058917328,nan,,,0.9951170086860657,,None,-5.177513496774463,2.8732522144108517,-2.8955455920444395,0.3394748270511627,1.4795369389356177,0.2604844868183136
Gaia,DR3,2777321429224561408,14.741871715051476,14.075989257097595,17.71063804626465,2.7756271362304688,4.70033231971136,8.314837018845845,84.47153162418043,-6.47365387732378,,,3.156096696238564,nan,,,0.9793688058853149,,None,-4.8168940968440115,4.058333319031221,-1.7077752091854737,0.13756278157234192,3.7215643569818204,0.10620429366827011
Gaia,DR3,2751934156712167936,2.907089979638123,8.407563743539171,12.163928031921387,0.75341796875,4.489613174284183,8.540017611027597,87.54681935703307,-5.412973975104723,2.695366382598877,1.9928890466690063,2.2392161809365034,nan,,,1.0402971506118774,,Gaia_DR3,-4.096824192370631,2.449353313293353,-5.319839328252903,0.027256758883595467,4.180175497645623,0.023450741544365883
Gaia,DR3,2753314520545182976,1.713656497440159,10.386988187883096,18.47046661376953,2.5931777954101562,0.9723930217669147,10.251868325553449,72.89376146579139,-5.051654127302639,,,2.478536234147425,nan,,,1.0209932327270508,,None,-4.600264302608386,2.7901160430830263,-4.355794656172304,0.20292283594608307,2.3447224002405185,0.1648840606212616
Gaia,DR3,2752553731513006208,3.6560961086093386,9.199775480296996,18.379344940185547,2.7252044677734375,4.576778316053819,8.0431950094725,71.76063643051286,-5.452165291022151,,,3.0011429057122783,nan,,,1.008575677871704,,None,-5.439770248610346,3.3412724587429716,-2.567633479134707,0.3055781424045563,3.7091072752738357,0.24564380943775177
Gaia,DR3,2753073933657000448,2.2316588755676112,9.70956156960984,19.109867095947266,2.7258052825927734,2.1028482328428826,9.53775594405807,75.53170286379417,-5.19256007079046,,,2.9534200696168,nan,,,1.0529991388320923,,None,-5.448037232697377,3.2955878276863606,-6.311466585789791,0.38385340571403503,2.3113926565961966,0.2799183428287506
Gaia,DR3,2753731823863806464,2.509259490393105,10.857198344487163,17.605945587158203,2.3636417388916016,3.7606156060075313,9.726079488754728,85.73657552070271,-5.127112906214535,,,3.096049995157764,nan,,,0.9626662135124207,,None,-5.692054399988246,3.527176137879081,-3.4714625442383937,0.12536701560020447,4.572837824373576,0.11545468121767044
Gaia,DR3,2774598385599394816,10.342132121316164,10.94087355113499,18.75048065185547,2.531848907470703,4.060751232370224,4.558305947184769,33.41844585397467,-6.2299420258258404,,,2.704656226048482,nan,,,1.0088945627212524,,None,-4.455459422792801,3.208053122555789,-6.76987507126097,0.32780101895332336,3.272519037966199,0.23980295658111572
Gaia,DR3,2753353969821333376,1.4328716942395237,10.289271556525092,17.940065383911133,2.539548873901367,2.316768664569565,10.47445506622461,78.97158271064957,-5.018253253884344,,,2.929799970838694,nan,,,0.9841383099555969,,None,-5.455726512349637,3.2880114047420594,-5.750499582649681,0.16163893043994904,4.688228809561306,0.14513668417930603
Gaia,DR3,2754566937303527552,7.222515529008234,11.283242615859242,11.259127616882324,1.1119680404663086,3.6923605800188946,6.265942036200516,51.18410285729767,-5.769028795395373,-11.025257110595703,0.27458786964416504,2.8338432997512055,nan,,,1.1386710405349731,,Gaia_DR3,-4.895065356459118,3.3325262063598977,-7.020815857803424,0.031642526388168335,2.7435839122305103,0.027125390246510506
Gaia,DR3,2754559270787231488,7.500645709930408,11.321684128499427,19.70808982849121,2.627828598022461,2.125795910409977,6.1232969906054935,87.68067556510512,-5.804184969708981,,,3.2809522713940638,nan,,,0.9526662826538086,,None,-5.6446441651484385,3.8663828857715643,-6.917069215665094,0.4235176742076874,4.60312204423786,0.43449103832244873
Gaia,DR3,2754836382076762112,6.5458237046829515,11.866696337842978,19.284503936767578,2.4711246490478516,2.2821628530650493,7.141016211252134,49.907373189897996,-5.616860955920768,,,2.5261267011336095,nan,,,1.0676666498184204,,None,-4.405694071278376,2.99116153122512,-5.534666243821709,0.33500781655311584,3.4410960037130875,0.29683417081832886
Gaia,DR3,2753359845336614400,1.4188040980419185,10.3822764755855,15.16256046295166,1.7381038665771484,1.1463671385185124,10.520361355628854,86.29813472249538,-5.00747883594979,15.53272819519043,8.931260108947754,2.3353015689655776,nan,,,1.2823280096054077,,Gaia_DR3,-4.3493934362934965,2.6246437722649745,-4.886739765122353,0.05041905492544174,2.452122041542344,0.03871864080429077
Gaia,DR3,2753195292252783744,0.23469139482877488,9.498475866802256,18.082977294921875,2.3835697174072266,4.104313603663168,11.362433314678746,89.05113282844248,-4.907873171975853,,,2.35978563589672,nan,,,0.9948312640190125,,None,-4.4546012358688944,2.5983058625992603,-3.9056805312989433,0.16139812767505646,0.6317188851166298,0.09175623953342438
Gaia,DR3,2746848881074251648,0.3057942630968922,8.202535626509619,15.679479598999023,1.7426633834838867,3.6151996277225997,11.036737449830047,76.04148039698696,-5.035654535622646,,,2.791168496982813,nan,,,0.9964970350265503,,None,-5.264758493828605,3.0080823850736778,-6.730294595257086,0.04780266806483269,1.4662616004192017,0.02768346294760704
Gaia,DR3,2775958932454798080,11.76998673858194,12.765151488579784,13.386982917785645,0.9862451553344727,3.960719480563543,6.300725420490863,51.81882351631462,-6.235391389035644,15.75378131866455,1.5198686122894287,2.8402635860288545,nan,,,0.9656399488449097,,Gaia_DR3,-4.570142729617125,3.5114853738018055,-5.68762769070612,0.020170096307992935,1.4197723978978556,0.014007779769599438
Gaia,DR3,2754341773642924160,4.946627866118725,10.944269330224454,18.230865478515625,2.6365432739257812,3.0820598313811147,7.701431374103556,62.06429648757295,-5.477420754011605,,,2.406082631388375,nan,,,1.0084093809127808,,None,-4.288908162257318,2.7802701203684874,-2.8628648030100052,0.19537290930747986,3.420827533590604,0.14444488286972046
Gaia,DR3,2747443957382146432,6.3489574164585125,6.100631284679991,14.66341781616211,1.5336904525756836,0.7353660652901282,4.934304501818849,35.03710703807222,-6.1240923814809465,-27.47637176513672,9.895556449890137,2.5340236665861995,nan,,,1.2139273881912231,,Gaia_DR3,-4.4316567055700276,2.682062604661857,-4.779693181014575,0.038219720125198364,2.8642346918805393,0.03099323995411396
Gaia,DR3,2747650523833397632,5.532791008110291,6.454844619250323,19.209354400634766,2.602642059326172,2.733913963292142,5.728907040292041,56.959449365052386,-5.974946529257882,,,2.3548886864222722,nan,,,0.9780524373054504,,None,-4.1648186265357765,2.5045898297277738,-5.2437670936795575,0.3333815932273865,3.327927434219563,0.27312347292900085
Gaia,DR3,2754020647528425088,5.938946468546322,10.425450516216701,18.352508544921875,2.818124771118164,2.6238591082523883,6.606392301077586,88.92519978581834,-5.669774534253405,,,3.2810024383314,nan,,,0.9936281442642212,,None,-5.770673133142813,3.7749794494272697,-5.249214480503015,0.24757757782936096,2.0366683279863262,0.1683426797389984
Gaia,DR3,2748044904910735104,6.230858384604262,6.6959431242550425,19.67447280883789,3.106355667114258,3.325965380366647,5.038576330510149,57.872715261584354,-6.054645328319939,,,2.9762320293268676,nan,,,0.9506134986877441,,None,-5.213577247804555,3.188631534080068,-3.1484856195009017,0.5252527594566345,3.4886821178734397,0.3428981602191925
Gaia,DR3,2755228048734332032,5.018286287223596,11.641828058163348,19.08073616027832,2.855327606201172,4.779463182432019,8.06599163834615,62.42120080024486,-5.420673087334583,,,2.8630629422484906,nan,,,1.0631147623062134,,None,-5.098636365503479,3.3496357507090884,-6.448878825875924,0.3512393832206726,5.898824850548439,0.24532179534435272
Gaia,DR3,2755910746671570176,6.170451607216588,13.59793333923289,16.091510772705078,1.8778266906738281,3.1290119202754134,8.723665016891161,68.12584264873713,-5.39193208235285,,,2.4081556960266584,nan,,,0.9570905566215515,,None,-4.221992094238747,2.9298889117057145,-3.5755992279487674,0.06917702406644821,4.380909418107826,0.04547387734055519
Gaia,DR3,2780305228904806912,7.423898487025993,14.870671690184654,19.14014434814453,2.8247032165527344,4.097460968820785,9.211089238464986,61.92943624643793,-5.436685131510884,,,2.683618408757788,nan,,,1.0216363668441772,,None,-4.622117020452251,3.358209027198154,-2.78233840234409,0.3203239142894745,1.9480062716009092,0.24137750267982483
Gaia,DR3,2768064950068237440,4.489664916358258,13.693351991736304,19.311519622802734,2.3966598510742188,4.11714925013787,9.842720800555195,85.53686466073687,-5.142719841286563,,,2.3064601309597896,nan,,,1.0561083555221558,,None,-4.1361011555280305,2.782121871814372,-2.6324273386357633,0.3408123850822449,1.4606031865185984,0.3544345200061798
Gaia,DR3,2749886277649182208,8.560243752706263,8.7332189703177,19.916580200195312,2.3416881561279297,3.3448383143463545,3.5262929606801032,35.298893945710105,-6.198473564126177,,,2.439265082005991,nan,,,0.9904196858406067,,None,-4.1312733204333725,2.7483892795143783,-2.411598274361805,0.5138249397277832,2.781202756877443,0.44632571935653687
Gaia,DR3,2751769161249054720,3.1217278696503103,8.032747052225671,15.880061149597168,1.952117919921875,4.4762427260226785,8.257762674883224,55.4869894004895,-5.478908436715142,,,2.6661282023928115,nan,,,1.0620863437652588,,None,-4.864980116654104,2.898900815305863,-7.353198693451272,0.05809595435857773,3.27079480872014,0.041400257498025894
Gaia,DR3,2767936856963842432,3.3496852584203936,13.987937670473308,14.364694595336914,1.2038087844848633,4.016190340570709,10.836645203227716,77.02841146383463,-4.947921220447463,-8.057494163513184,4.297804832458496,2.473810156677235,nan,,,0.9829164147377014,,Gaia_DR3,-4.501255451243164,2.9762511470969364,-3.078809554350371,0.023832429200410843,1.438913120896622,0.023498907685279846
Gaia,DR3,2751622720042740096,8.861056129524995,11.528047935807088,12.067946434020996,0.8922491073608398,4.950435473074655,5.590855164897047,87.56406535440296,-5.971872628484872,46.564605712890625,0.8789198398590088,3.294847758659804,nan,,,1.083422064781189,,Gaia_DR3,-5.554942321967399,3.9238921917309812,-5.667192987674487,0.02120242267847061,0.48721669695531483,0.016680767759680748
Gaia,DR3,2768334948892179200,3.5047103065784633,14.31393148556493,19.518795013427734,2.662517547607422,2.665375538123228,10.954650391465735,79.31859220080088,-4.937983323294548,,,2.448892347822146,nan,,,0.9080184698104858,,None,-4.4472618578791865,2.9637456445133425,-3.508281839317634,0.4293069541454315,3.969579148141838,0.4233607053756714
Gaia,DR3,2769527236108971904,1.5575919291045581,15.769283457063874,15.392966270446777,2.020575523376465,4.406617837724374,13.318390823277593,88.57009919596688,-4.505738481975273,-5.657238960266113,18.44005584716797,2.674278940274369,nan,,,1.0516152381896973,,Gaia_DR3,-4.972666024819027,3.2608309571799534,-6.93455546572576,0.043937768787145615,1.7367843164532404,0.04335759952664375
Gaia,DR3,2751769161249054592,3.122612010632548,8.034143484775482,13.236882209777832,1.085653305053711,4.176167386593998,8.25715090005903,56.5776171259762,-5.478914981960733,-4.893655300140381,1.251319408416748,2.7161730166003144,nan,,,1.0551464557647705,,Gaia_DR3,-4.956244354453327,2.953402110063835,-7.346904804098489,0.021498670801520348,2.899897783721688,0.014230252243578434
Gaia,DR3,2752364370700205184,3.7906187949337373,9.132718009424092,17.548568725585938,2.821369171142578,2.702029962069543,7.895745182198454,69.15610143505194,-5.478239590863704,,,2.974479985409138,nan,,,1.0331975221633911,,None,-5.382255190830918,3.3095890238514087,-3.6890464307039172,0.14321006834506989,3.2485497910388457,0.11711036413908005
Gaia,DR3,2774238368555908096,11.118188347541588,9.881927025639992,16.34693717956543,1.8562049865722656,3.4337471519132032,3.4050111442446895,77.00028270584066,-6.436343611451214,,,2.1865643362236056,nan,,,0.9979985356330872,,None,-3.556780600748568,2.548303354542541,-4.8939870970966926,0.06181790679693222,3.3951130286409295,0.05334465950727463
Gaia,DR3,2774630271436643584,10.380949499650434,11.211007963289743,18.230876922607422,2.4623165130615234,3.936531849664318,4.815460555118457,33.3613356509278,-6.208551007613176,,,2.668920485992153,nan,,,0.9231423139572144,,None,-4.393849715401396,3.182746807582804,-2.1960280613784344,0.16842712461948395,3.4567158562200544,0.12832467257976532
Gaia,DR3,2775167623384964480,11.927392357311218,12.047105864325319,17.475873947143555,2.0944747924804688,1.9060390884583898,5.600006864591354,37.75901401009273,-6.328814702388312,,,2.642749208380537,nan,,,1.4979608058929443,,None,-4.241017924527696,3.2259092514092433,-4.643896835355085,0.18768210709095,4.20840430120117,0.13333554565906525
Gaia,DR3,2751294515821301632,9.303583424536969,10.609467036305077,12.254173278808594,,2.580290387743793,4.574809004820703,40.85595971838358,-6.12207922330345,,,2.80693712023728,nan,,,3.2520036697387695,,None,-4.700289546321844,3.292419037752423,-4.205166674612212,0.0747666209936142,1.8480909917255268,0.07358526438474655
Gaia,DR3,2774741738722963712,10.86900230236418,11.581721684044604,14.433568000793457,1.3095741271972656,4.71854608850613,5.117718695460516,36.031461613739594,-6.236712415758064,-9.878605842590332,3.3016698360443115,2.6888767149786372,nan,,,0.993842363357544,,Gaia_DR3,-4.3918081023917335,3.236803641997594,-4.866047434421564,0.028513649478554726,5.869095996618852,0.019326649606227875
Gaia,DR3,2775253904983186176,13.251957845522256,12.728649673418937,13.79276180267334,1.1952171325683594,1.1890641182423274,6.53697439626748,88.8028569469717,-6.429139324922698,,,3.281752064330704,nan,,,2.449350118637085,,None,-5.1466909416871065,4.084271198533191,-4.3441898018449026,0.0575483962893486,3.9034254090176925,0.0408930778503418
Gaia,DR3,2775796406596930944,9.771937622004671,12.436238790898864,18.46681785583496,2.6953773498535156,4.292249556418788,6.141881477983134,41.45087300518054,-6.004850670684425,,,2.651293810517569,nan,,,0.9361973404884338,,None,-4.407321927865507,3.2252124070165737,-4.4302282744864625,0.20994235575199127,0.8263003184626945,0.13604505360126495
Gaia,DR3,2754747703887499392,7.103184145643559,12.007875159068021,11.33928108215332,0.6686067581176758,4.3495081609443185,6.904392093344335,49.700707754700616,-5.6813696685630575,27.51197624206543,0.6593246459960938,2.751640020354475,nan,,,1.6184386014938354,,Gaia_DR3,-4.761218643954658,3.2758875097360693,-4.592939221452859,0.04299038648605347,0.7584718110151162,0.03283512592315674
Gaia,DR3,2783059814770226816,10.847461846791308,18.481310377325038,19.608840942382812,2.6853580474853516,1.859649382989223,12.00776152675575,80.4759159636797,-5.5032705585131305,,,2.598028559625737,nan,,,1.053955316543579,,None,-4.244918199716113,3.514897923854158,-5.230072281607266,0.48682984709739685,3.773430016688085,0.2610763907432556
Gaia,DR3,2775926325063016704,11.147357775390454,12.293109560500064,14.947169303894043,1.850168228149414,0.11467859465514181,5.813428997742595,80.16883159467824,-6.202051319654992,-11.856241226196289,6.4459052085876465,3.200724330383625,nan,,,1.0068347454071045,,Gaia_DR3,-5.203960404529468,3.910333805259797,-5.1381100373163004,0.031066609546542168,3.8696987651210115,0.024230267852544785
Gaia,DR3,2777294323686427648,16.350374041795213,14.84853778204304,14.218199729919434,1.1023378372192383,3.773089827283089,9.726531913295032,68.33788924738198,-6.584225415524284,12.233654975891113,5.150458812713623,2.498847146332816,nan,,,1.0245915651321411,,Gaia_DR3,-3.697437093992593,3.285934390298873,-1.7478864474123705,0.03307582810521126,2.8989063711329224,0.026027532294392586
Gaia,DR3,2776506386166255872,14.38954068549429,12.447521516932285,17.04006004333496,2.371255874633789,1.8702891217344135,6.699266848226957,59.2078697064988,-6.600679168363844,,,2.378090001480068,nan,,,1.0752652883529663,,None,-3.653360887044549,2.959565490873554,-3.507801269340202,0.10477333515882492,3.8858212097060605,0.0813160091638565
Gaia,DR3,2754807073219865728,6.5717415615521615,11.699215205811885,17.916133880615234,2.6136837005615234,4.324244297575776,6.999316310123472,77.3067763719759,-5.636906216340012,,,3.12378997374259,nan,,,0.9288509488105774,,None,-5.446066233724012,3.6885132663185676,-5.957370845128402,0.13363850116729736,0.887164194333722,0.11114292591810226
Gaia,DR3,2753772333995229568,1.602759592655626,10.968734123390576,17.946969985961914,2.3184070587158203,4.0771253983677544,10.579260798256723,70.59867412343914,-4.980482719374441,,,2.6540887570117344,nan,,,0.9819830656051636,,None,-4.93251486582432,3.014484591142181,-2.84227014025873,0.17337441444396973,3.92809801106407,0.12480435520410538
Gaia,DR3,2775039946892299904,13.46531545294271,12.288306147121805,19.82053565979004,2.152374267578125,3.371337531012585,6.187449238679235,72.7944997783668,-6.501289264407957,,,2.261987245217787,nan,,,0.978550374507904,,None,-3.5339416073463483,2.794279364534485,-5.141227141296087,0.5668301582336426,2.761434472505646,0.47527679800987244
Gaia,DR3,2777064315302330624,15.327584996075164,13.702601139421892,18.257509231567383,2.4970016479492188,3.884835909032573,8.237481927862937,66.61826343785789,-6.584700809696502,,,2.3924799799200627,nan,,,0.925326406955719,,None,-3.611212571317709,3.063857192987938,-2.655204960858803,0.22051584720611572,1.3535628317269695,0.15521091222763062
Gaia,DR3,2778929675434305664,9.36703048116405,13.435015282428402,16.974775314331055,2.245553970336914,4.9126529805902655,7.208591867913113,84.00918995451802,-5.8490825653043546,,,3.1982843826633833,nan,,,0.9905017614364624,,None,-5.350346957231245,3.951879115454097,-2.8722491606349583,0.11775621771812439,1.7541301949857602,0.06513524055480957
Gaia,DR3,2777793983001750400,13.501382758882636,14.49201745026148,17.407007217407227,2.232664108276367,4.980219084032352,8.297651822638418,58.09934887678963,-6.2758153242389065,,,2.514564772972525,nan,,,1.0004545450210571,,None,-3.9260097563730927,3.237221724186993,-1.3436658619222392,0.11242648959159851,2.688535201500518,0.09173267334699631
Gaia,DR3,2776725219044369408,14.978609485062515,13.48774526726348,18.539995193481445,2.733531951904297,3.4822248005565193,7.887028405752293,52.761040729077955,-6.5648991636123295,,,2.622252088502706,nan,,,1.0332762002944946,,None,-3.9843560664739663,3.3387840099872768,-5.107995404828208,0.2035161405801773,1.7757996763469146,0.1687735915184021
Gaia,DR3,2755939707635493376,4.781235847028238,12.842140045736443,17.600128173828125,2.6847686767578125,4.8828320590143655,9.038024395630382,86.82272715682026,-5.269197562873064,,,3.1512389369613474,nan,,,0.9950257539749146,,None,-5.629461285606868,3.756292775658747,-8.524682205503709,0.1349191516637802,5.2189845292971055,0.10064071416854858
Gaia,DR3,2765401318725547904,1.119648038250169,10.853741247660272,16.354658126831055,1.9344091415405273,1.4541725525483689,10.968607051004263,75.18273979553786,-4.918117340172748,,,2.5329422520010456,nan,,,1.9030715227127075,,None,-4.733845875727283,2.864045760025361,-3.9584852411902554,0.10538037121295929,2.9057994258150086,0.08696707338094711
Gaia,DR3,2776187424714891392,11.937531648604317,13.816049232121904,16.35245132446289,2.1337709426879883,3.4594659594102284,7.361356689430526,87.07941432399335,-6.148481757325841,,,3.230950808727774,nan,,,1.0753662586212158,,None,-5.184056886395909,4.075399257775925,-6.383756138817076,0.07124374061822891,2.0473768749505945,0.052454784512519836
Gaia,DR3,2776883484294746496,13.367817086718599,13.630730346677963,17.451692581176758,2.2197208404541016,4.581638400200684,7.433462743883288,65.68544674128509,-6.350054504967069,,,2.3576650830662764,nan,,,1.0374422073364258,,None,-3.6898463276464524,2.985945240441329,-3.8730566228208243,0.12936873733997345,0.71616375792692,0.11069875210523605
Gaia,DR3,2777842979988623360,13.314753725839557,14.588888350558898,14.443215370178223,1.3934259414672852,4.637612466688535,8.345714657553883,56.909917490750395,-6.242118217376623,-3.9360544681549072,2.713836431503296,2.708166708573427,nan,,,0.8971387147903442,,Gaia_DR3,-4.242408167945127,3.489044445013709,-6.768093504192578,0.026103859767317772,2.694700083243465,0.02159205451607704
Gaia,DR3,2778326863888817792,14.752148105010406,15.497665409309606,18.353044509887695,2.7160491943359375,3.9015902765547326,9.631106581673212,65.93965185187304,-6.321676460323044,,,2.7430321482675,nan,,,0.9853901267051697,,None,-4.185661609173964,3.6192382437151416,-2.28465048654815,0.22927331924438477,4.834258132098936,0.16417324542999268
Gaia,DR3,2779018907674756864,7.9581116283793865,13.051419071906928,14.087686538696289,1.1025829315185547,2.518363517233892,7.347510198100487,49.89140699272416,-5.696140380703383,13.854554176330566,2.5111491680145264,2.565571383641911,nan,,,1.0020216703414917,,Gaia_DR3,-4.384410412021765,3.1247275182810776,-3.114443301982956,0.030035177245736122,3.617038807021764,0.020159756764769554
Gaia,DR3,2767529079884068352,3.0381079404228553,12.768220912461713,17.050718307495117,2.164701461791992,4.132114868507401,10.284486770947343,68.64405631570077,-5.022367394122817,,,2.6416959067962797,nan,,,0.9788766503334045,,None,-4.825390532329283,3.113033659201538,-6.554112096951898,0.12012217193841934,1.5942012739787594,0.08857536315917969
Gaia,DR3,2780705897813590400,7.766457042611537,15.397315758764922,19.43631362915039,2.8155441284179688,2.3709227122285936,9.56494665121639,64.02180862440524,-5.428876243254767,,,2.6090513250961287,nan,,,1.0055023431777954,,None,-4.471306279791122,3.299378741524895,-3.1689938271760902,0.3573649227619171,3.366504343014598,0.2792128622531891
Gaia,DR3,2781153845722951936,12.274219001808529,15.555529180171812,13.323920249938965,0.9905004501342773,3.3850222556175624,9.124240610265412,61.10315107823912,-6.007077437069929,1.7026394605636597,2.1443276405334473,2.662582370211468,nan,,,0.9443163871765137,,Gaia_DR3,-4.247617614874704,3.468474656842877,-5.320814808153179,0.02095961384475231,1.9005824984152744,0.01512284204363823
Gaia,DR3,2781236691347220096,11.788184152473004,15.889510524269772,12.693609237670898,0.8759632110595703,1.537353381795194,9.420154672868424,63.9802846836342,-5.90902195745177,47.39191818237305,1.8388400077819824,2.55855279822494,nan,,,1.040513277053833,,Gaia_DR3,-4.115589700691546,3.342281238796634,-3.373970537580843,0.02401922270655632,2.9713715563845224,0.013516888953745365
Gaia,DR3,2779581887692275200,9.270916449190537,14.222989636710297,18.703693389892578,2.466266632080078,4.9236811070905935,7.993775079061671,54.204688343614876,-5.755071193279742,,,2.5663989290399973,nan,,,0.9783353805541992,,None,-4.299674730574281,3.212582947888258,-6.34245601334914,0.2242201864719391,1.5029050622248616,0.1831597536802292
Gaia,DR3,2781133195519785472,11.785879605225128,15.38462005320005,18.36309814453125,2.9695682525634766,2.4839199387810518,8.915861239258204,61.309824271465025,-5.963064933552483,,,2.73666011937952,nan,,,1.095577597618103,,None,-4.402257621570392,3.544700450739174,-5.548059746502441,0.1974075436592102,2.684084218929992,0.14862775802612305
Gaia,DR3,2781073890611764992,10.97846292517582,15.318653184352057,19.75181770324707,2.3209972381591797,2.008142181710153,8.842634153021812,80.75352496199581,-5.865784116373202,,,2.2991766630066572,nan,,,0.9858400225639343,,None,-3.74857187856279,2.9608487955099565,-4.448960015639901,0.5435212254524231,3.63673267786022,0.33051079511642456
Gaia,DR3,2775826299569441280,9.941358406350213,12.710970345784546,19.015512466430664,2.5768203735351562,3.3461031085702166,6.371309227451776,74.7018513625946,-5.999830961744598,,,2.25517410983663,nan,,,1.0146863460540771,,None,-3.738828608438937,2.7594476393726333,-2.151309675272631,0.25569453835487366,2.6576073957027435,0.21222330629825592
Gaia,DR3,2781743256970044672,13.64448787997214,17.10279476578566,14.389892578125,1.3160839080810547,2.27868995598593,10.865877996567907,73.95794294410686,-6.008957746701241,-1.0956594944000244,6.117135047912598,2.7558068734866725,nan,,,1.047767162322998,,Gaia_DR3,-4.291609661575421,3.713453834288581,-5.089230557325015,0.028162337839603424,2.6569164976054656,0.02030479907989502
Gaia,DR3,2774986586218649856,13.803297974243915,12.208252835385203,17.102571487426758,2.2990894317626953,2.3994564104375904,6.236858087716516,44.6457530812518,-6.55203544664648,,,2.5127477377309506,nan,,,1.0194602012634277,,None,-3.9018813922285527,3.10411321534288,-5.113612928547416,0.09968408197164536,3.4877844011526458,0.08355510979890823
Gaia,DR3,2776335515187203840,11.240330621938428,13.46199221359476,17.15497398376465,2.276613235473633,3.781126206099197,6.980637690846821,47.607851786560055,-6.094772176286475,,,2.559219500556358,nan,,,1.009523630142212,,None,-4.154562899736355,3.195828568604755,-2.1708739967050845,0.09903214871883392,2.7200304700132714,0.06668437272310257
Gaia,DR3,2781660239547438592,12.407660786271968,16.55608872012744,19.149993896484375,2.589139938354492,0.35963159085216845,10.132798046923819,68.33844153749426,-5.915191056079609,,,2.575880846169345,nan,,,1.0244104862213135,,None,-4.099872069483369,3.4147421198849357,-4.119614727721686,0.3801747262477875,3.220454917426084,0.23381300270557404
Gaia,DR3,2782303045827623552,10.895528283266563,17.084638026114227,15.582929611206055,1.8578901290893555,1.412139478207254,10.610356956520073,87.07510721756671,-5.664165847640021,,,3.0561469461057005,nan,,,1.007298231124878,,None,-4.989513498059735,4.048215143082419,-5.832626819875438,0.050095878541469574,4.3901000700155395,0.031180625781416893
Gaia,DR3,2783270405606258048,17.420034369270855,15.055786298257429,19.139375686645508,2.462505340576172,1.8321775753845218,10.46935182084033,79.29163058135013,-6.686742168184316,,,2.4062776432588504,nan,,,0.9393762946128845,,None,-3.4843998350093344,3.1933582497960846,-2.605731821755704,0.3938453495502472,3.496235449748448,0.2651122212409973
Gaia,DR3,2777155677846852864,15.288417940695858,14.065960142810361,17.70604705810547,2.818845748901367,2.2479843182427315,8.53884328317828,73.94414082806918,-6.541322747926279,,,2.3407343353004753,nan,,,1.0017914772033691,,None,-3.5357515618383077,3.0175626595045486,-2.4659838327250974,0.13915309309959412,2.7241793164541908,0.10049459338188171
Gaia,DR3,2775289222498956288,12.506324900862296,12.718931517288667,18.779787063598633,2.761350631713867,3.0926114873734103,6.349921729565469,43.122524839471616,-6.335142299013663,,,2.568821232817353,nan,,,0.9654057621955872,,None,-4.0816677648211215,3.1847903760371086,-2.8384044969377618,0.28462809324264526,4.306882777644905,0.2374705821275711
Gaia,DR3,2775765929509208064,9.860727034736593,12.083654113875061,17.75312614440918,2.8011817932128906,3.337889390800539,5.778792204991519,67.47844787448102,-6.05215601052446,,,3.055692866809287,nan,,,0.9988092184066772,,None,-5.072461932489715,3.6949077007371716,-5.893460835949381,0.20146505534648895,5.682165877617864,0.1191791221499443
Gaia,DR3,2782419937657487104,9.4127560145023,16.763683137694862,16.35044288635254,1.8852567672729492,3.1841323564955,10.44616462885557,74.40940103688794,-5.505168397401721,,,2.4744468562643402,nan,,,0.9918968677520752,,None,-4.136515266599191,3.2305569497725477,-5.335723716008308,0.06216927245259285,4.379776127399245,0.037901438772678375
Gaia,DR3,2776695777043975808,14.58637029319745,13.275181325034938,17.637161254882812,2.7523651123046875,1.801601004740302,7.52543570444382,86.87848133926886,-6.5390768993535,,,3.221944804138654,nan,,,1.0261508226394653,,None,-4.931692183473689,4.07803708568189,-6.111695423028282,0.15131786465644836,4.402052805243111,0.10595225542783737
Gaia,DR3,2778085972058893312,13.013252178558076,15.318203885273054,14.085972785949707,1.090256690979004,2.6078161103488613,8.995287431005243,65.02488301680529,-6.126084347158256,-9.499748229980469,3.76949143409729,2.4719417370386805,nan,,,6.790168285369873,,Gaia_DR3,-3.893099643007002,3.220481719027717,-2.945645484461728,0.19770368933677673,2.2462633431373904,0.12720291316509247
Gaia,DR3,2783013330339142144,10.90322596274439,18.496150986115303,16.055776596069336,1.8873491287231445,4.069907170598333,12.020729046131018,81.84773958634548,-5.508754926631797,,,2.7847101121841074,nan,,,0.946360170841217,,None,-4.545788529753533,3.7697026248070653,-2.1822329277126866,0.059263769537210464,4.118942154221896,0.03292486444115639
Gaia,DR3,2779098858490212096,7.2165578370761585,13.359871618124513,18.128173828125,2.3827037811279297,3.958190618429974,7.965927352679818,55.86020236054441,-5.562407393927387,,,2.5154537010971314,nan,,,1.0024141073226929,,None,-4.3454644657743176,3.066988568029628,-6.325336628385122,0.20717164874076843,2.370035957289332,0.14056484401226044
Gaia,DR3,2778908441116025600,9.803230703725962,13.216970643936634,13.723221778869629,1.0876455307006836,4.307602507136381,6.89439409746869,52.271741202578106,-5.929906473415979,-16.27208137512207,1.874152421951294,2.4615906505179925,nan,,,0.9947313070297241,,Gaia_DR3,-4.089957027181611,3.0371651898799548,-2.7447455965028564,0.02558773383498192,4.822419262974607,0.017696643248200417
Gaia,DR3,2785430641011909376,16.366457967294973,18.901316103152343,19.224000930786133,-0.07041168212890625,3.7195334010988983,13.363539283673845,89.10005359587049,-6.129059632597524,,,2.7203635696360022,nan,,,1.0031402111053467,,None,-4.023922711826152,3.8356859079414733,-2.6419402656194113,0.4574260711669922,2.210833311406344,0.3398910164833069
Gaia,DR3,2788056515297822208,14.040818724043326,18.20684847710408,15.343244552612305,1.634160041809082,4.1135024819204045,12.026233294498091,80.51036214525661,-5.933096433352233,,,2.7171974473785028,nan,,,1.7231892347335815,,None,-4.20116246073041,3.7362256578636286,-6.520427326392904,0.07585722953081131,3.320294468481223,0.054300952702760696
Gaia,DR3,2789186637157016064,12.47881828864027,19.544607593543034,18.101152420043945,2.411203384399414,4.262835731611452,13.113299620080312,88.952168271612,-5.588336800956576,,,2.800834360721873,nan,,,1.0569422245025635,,None,-4.452438917815227,3.8919649736264996,-2.501369102134979,0.1728702038526535,5.482073117915528,0.123822882771492
Gaia,DR3,2780334782575012864,7.446786605485341,15.280118517587182,15.60745620727539,1.6791601181030273,3.9824237343175355,9.575424844294899,63.96066433332482,-5.397300498443807,,,2.6425508590059055,nan,,,1.0616689920425415,,None,-4.5498750334928735,3.328870268391386,-6.081421107034988,0.0423244871199131,1.723825093166217,0.031386058777570724
Gaia,DR3,2787885953556572672,14.93847373685067,17.982904879757747,13.41836929321289,1.0354433059692383,4.86956754184776,12.036906013263554,80.20652418926005,-6.0668487112547425,-2.512178659439087,2.786545991897583,2.6449611780244306,nan,,,0.9625654816627502,,Gaia_DR3,-4.021905518448284,3.6435496066113813,-5.778182775478235,0.017899848520755768,1.5728556710543375,0.015352394431829453
Gaia,DR3,2792522899032924544,5.128241196953751,15.333124389554625,13.60872745513916,1.0200042724609375,2.7365256929052157,10.722619416185466,73.75665126023529,-5.067977867790409,-20.65632438659668,2.1984703540802,2.7793278509297012,nan,,,0.9173475503921509,,Gaia_DR3,-4.9422762309292105,3.452044229291648,-6.53741730065581,0.02254306524991989,3.289923278882435,0.01817101240158081
Gaia,DR3,2781675602645174656,12.634627793563133,16.895056276149695,15.665562629699707,1.969508171081543,2.9379769195945067,10.495108339387231,81.2647100313508,-5.9064520109869125,,,2.9688806242106147,nan,,,1.135979413986206,,None,-4.706839481083883,3.9630032844460326,-6.545217481742365,0.05674605816602707,3.9240223893761934,0.043187014758586884
Gaia,DR3,2792958516091637760,7.515318992514628,16.68047709103785,13.136419296264648,0.9808778762817383,4.836308903031513,10.84946709496795,76.6858822681842,-5.259097798034288,-13.527777671813965,1.5188325643539429,2.838919650332817,nan,,,0.947618305683136,,Gaia_DR3,-4.883117380859117,3.6558406496598,-3.4515734809313487,0.017357852309942245,1.1402434532734893,0.014018514193594456
Gaia,DR3,2781953676007674752,11.884043457750659,17.38136942176479,13.865693092346191,1.3445587158203125,4.701769637758311,10.914781784123788,75.03484747538037,-5.757961582895364,-2.400269031524658,1.900762677192688,2.7827776203717525,nan,,,6.568321704864502,,Gaia_DR3,-4.469016067388782,3.7265016674917164,-5.24991115099732,0.12072253227233887,1.0811171174836034,0.07461690902709961
Gaia,DR3,2781090726883183488,11.457127100938557,15.401504150978415,18.328449249267578,2.613616943359375,4.196968540999406,8.921274688493774,77.61510300856054,-5.918955225172441,,,2.3281842026874817,nan,,,1.0333776473999023,,None,-3.7659039006235453,3.0107558057113994,-2.9103239267809085,0.17586582899093628,4.884558407664461,0.126665860414505
Gaia,DR3,2781208688160429056,11.450628405697286,15.770321712248267,13.484395027160645,0.9113922119140625,4.266930467707295,9.289931931946734,80.09655729683084,-5.878534799431616,26.889575958251953,1.8306629657745361,2.325225470695833,nan,,,1.073623538017273,,Gaia_DR3,-3.76152609666729,3.025439902373083,-2.701382109742166,0.020597165450453758,4.828423696387193,0.01390827912837267
Gaia,DR3,2780282001721274368,7.271139732260977,14.822228925418651,13.336054801940918,1.0285863876342773,2.010170886572528,9.23037813203749,61.76109908709363,-5.420631462096826,-41.20989227294922,1.8419891595840454,2.6122658255704994,nan,,,2.4003944396972656,,Gaia_DR3,-4.509163979158997,3.2633140090223867,-5.192536484124415,0.03505690395832062,2.3924424007486444,0.03165839612483978
Gaia,DR3,2781675598349979008,12.63319346950883,16.895966021963286,17.821012496948242,2.5157432556152344,2.35328096630809,10.495836221972949,87.55972386505917,-5.906171515293725,,,3.072197430841486,nan,,,1.0272388458251953,,None,-4.870758638848668,4.1009408202961914,-5.758598260615006,0.14773617684841156,5.339742511317271,0.11109761893749237
Gaia,DR3,2782733298471389440,10.864195644969566,17.356351521494794,16.307771682739258,2.038092613220215,3.457302100626632,10.88302927925232,78.01441762607517,-5.630283342855937,,,2.865425177111146,nan,,,1.052414894104004,,None,-4.680536923259092,3.811012795910006,-3.278367321189936,0.06924451142549515,2.2632996963800136,0.041606757789850235
Gaia,DR3,2783513775633099264,16.138369731178997,15.310345543735366,19.375919342041016,2.7537460327148438,4.7239725150418375,10.024239726412775,78.15929732317181,-6.508683248614056,,,2.956491935201712,nan,,,1.0131845474243164,,None,-4.39293788976705,3.9164162836023784,-2.579422945837871,0.3793144226074219,6.235855650072702,0.3092416822910309
Gaia,DR3,2787878149601082112,14.952838000131319,17.789356228336764,19.08963966369629,2.3018741607666016,3.314464568802404,11.85677588027757,82.21506010557492,-6.090593999409606,,,2.5059378786851103,nan,,,1.0145740509033203,,None,-3.8094758070118995,3.441477317614301,-3.6282841186989607,0.3463439345359802,5.183032099512216,0.23647643625736237
Gaia,DR3,2795098745539944448,10.366347343165497,18.925403427948698,18.62681007385254,-0.2683238983154297,2.3107909887164446,12.476836146264336,83.13798083943597,-5.391631927580811,,,2.639359592560593,nan,,,0.9704684019088745,,None,-4.346203527885217,3.582665951858067,-4.950779055819171,0.23313531279563904,4.717388758550685,0.13746802508831024
Gaia,DR3,2794806485900420992,8.006715993582086,18.08796272497294,18.43857765197754,2.6661853790283203,3.875266625626488,12.042084702904422,82.67260439530388,-5.173803377640306,,,2.5250551592471897,nan,,,1.006636381149292,,None,-4.312072511289652,3.3310098552436673,-6.363687404158343,0.20354211330413818,3.1161835168435315,0.16599208116531372
