Catalog,Type,GaiaDR3,RA,DEC,Gmag,Bp-Rp,Voff(km/s),Sep(deg),3D(pc),Vr(pred),Vr(obs),Vrerr,Plx(mas),SpT,FnuvJ,W1-W3,RUWE,XCrate,RVsrc,PMRApred,PMDecpred,PMRA,PMRAerr,PMDec,PMDecerr
Gaia,DR3,2882837166390841216,89.88629801756018,-39.26733047647711,11.069308280944824,0.7873125076293945,3.1360824549258,14.25136492552656,61.39632549351151,36.812346556594,15.65383529663086,0.4065421521663666,4.350105648005844,nan,,,0.907357931137085,,Gaia_DR3,-4.313820272767132,-1.9690431023400654,-7.079420705491317,0.013234554789960384,-2.7579905455015776,0.01637713611125946
Gaia,DR3,2883120462435675392,92.14632404288992,-38.39512559217812,17.338773727416992,2.7693119049072266,4.374862323064786,12.9168041988117,60.06979658241142,36.61358096574183,,,4.618612562146286,nan,,,0.9919138550758362,,None,-5.619348297728088,-2.761252430923537,-9.778051677992723,0.06443535536527634,-3.6827977281466477,0.0734407901763916
Gaia,DR3,2882880287864726912,91.47595920926538,-39.87922244173826,15.681803703308105,2.3280630111694336,3.774129718515577,12.89793625395399,55.511922909122575,36.72507003746711,,,4.287509615889275,nan,,,1.0064574480056763,,None,-4.931118301360524,-1.6667152294653729,-2.386017129992821,0.026108432561159134,0.6046433871118134,0.028687719255685806
Gaia,DR3,2883103965464071296,91.5676264772886,-38.546428049276315,12.413094520568848,0.9160432815551758,4.530605377190023,13.276310455936532,58.325066110944455,36.66542266233062,29.335735321044922,1.896318793296814,3.937551915927069,nan,,,7.581967830657959,,Gaia_DR3,-4.564503995807272,-2.244319142031866,-0.8040041661484473,0.0844539925456047,-2.287223359062751,0.0810510516166687
Gaia,DR3,2884182070975111680,91.1166002054164,-37.21300690693377,17.740943908691406,3.0011444091796875,4.9492083146577786,14.154723099528328,61.064849790114316,36.626401900921664,,,4.020680392104956,nan,,,0.9579837322235107,,None,-4.480507501117847,-2.992989471212425,-0.5890235586811232,0.07512999325990677,-1.4264830203119083,0.08397796750068665
Gaia,DR3,2883673344985738752,88.88223477212273,-38.459416998471426,16.887569427490234,2.677186965942383,4.0245859048532155,15.261689548537428,67.63746662727641,36.83967231146953,,,3.892397411849116,nan,,,1.0670253038406372,,None,-3.4688071912955394,-2.1479529592759525,-4.688193284619415,0.05459042638540268,-5.216982741587096,0.05509590357542038
Gaia,DR3,2885141089930444032,94.00829862162887,-36.821836724242615,15.733691215515137,2.1397695541381836,2.770695448234784,12.325024083744168,55.37487914062452,36.360567052684054,,,3.874261763302467,nan,,,0.9821397662162781,,None,-5.426493512679299,-3.2356877300745426,-3.2480648755190282,0.027760552242398262,-2.623109344763882,0.03304018825292587
Gaia,DR3,2884469975519812992,90.28731118868411,-36.46892701687792,7.687052249908447,0.0004773139953613281,3.262468949493551,15.088795474374889,67.83812342625161,36.63669529413836,6.397954597473143,0.9846081137657166,3.8456097274972696,nan,,,3.720285654067993,,Gaia_DR3,-3.967544789112562,-3.2127785325650153,-6.547418426781889,0.08750870823860168,-2.6300750543492244,0.08808790892362595
Gaia,DR3,2882880287864664320,91.47805634550409,-39.878221042885805,17.696117401123047,2.8922977447509766,3.7010187267576558,12.89668443328071,57.03483829885109,36.72488466869275,,,4.435482055107035,nan,,,0.9765949845314026,,None,-5.102227957861271,-1.7249579468845975,-2.045946967084377,0.07384516298770905,-0.10168657634776383,0.08269193023443222
Gaia,DR3,2883006181945740032,91.42657239583407,-38.75840078099821,16.193511962890625,2.4402341842651367,3.8449826597676178,13.300014585742263,57.269446256824814,36.685653648430964,,,4.035281066500128,nan,,,3.318281412124634,,None,-4.621213595806844,-2.177371999537989,-6.233329275284718,0.1051694005727768,0.6685876591283625,0.10720403492450714
Gaia,DR3,2882713368255230464,89.09359054833519,-39.864780999556565,17.831674575805664,2.799589157104492,3.1988959512273425,14.65534964306224,62.394923050638575,36.880645307460426,,,4.191462111939085,nan,,,1.006179690361023,,None,-3.824083119278391,-1.5223462202408453,-4.657212665263467,0.08803041279315948,1.1786334022493357,0.10176695883274078
Gaia,DR3,2882837166390847872,89.88519735321852,-39.267631407242675,13.016274452209473,1.1563444137573242,3.365841627926614,14.252076027846305,62.27532360977236,36.81242773673955,13.946980476379395,1.2810992002487183,4.441111560251437,nan,,,1.4298036098480225,,Gaia_DR3,-4.403578601955579,-2.0100015712215598,-7.463141850930196,0.018893904983997345,-2.764432620888649,0.02341402694582939
Gaia,DR3,2885126349602672896,94.19647043295426,-36.901840450744,16.854625701904297,2.580885887145996,4.121189721168958,12.154822776740493,52.12403957316982,36.34850676716415,,,4.071222686060142,nan,,,1.0208392143249512,,None,-5.777741031550433,-3.3678971664605095,-4.128261900846935,0.04847424477338791,-6.496763030695734,0.060704901814460754
Gaia,DR3,2882634753172180736,89.7071054600153,-40.24520461397384,20.211700439453125,2.3547611236572266,1.8380594474634377,14.100842265070316,60.090938763178436,36.85472564461665,,,4.198065352811213,nan,,,1.0455058813095093,,None,-4.087853960407396,-1.335244851894087,-5.6620654032634885,0.5104852318763733,-1.7450264158724256,0.6056414842605591
Gaia,DR3,2882992060093340800,91.31558966554431,-39.151131623726265,15.568751335144043,2.29799747467041,3.9303396393519745,13.24333192992184,56.51228309947263,36.710439985074515,,,4.142695800949783,nan,,,1.1040643453598022,,None,-4.698501978987481,-2.009755683727053,-1.331368476180043,0.03377847000956535,-2.6761914310226125,0.030397390946745872
Gaia,DR3,2883882630152145280,88.68156486400693,-38.03799809353273,19.055103302001953,0.15319442749023438,3.2468871673382056,15.564675334428625,67.6570477808227,36.83095717318898,,,4.474632455190227,nan,,,0.9610002636909485,,None,-3.8976675912280663,-2.7164378018377047,-4.044171198753149,0.20330792665481567,-5.7757124030593054,0.196440190076828
Gaia,DR3,2883788961208943744,87.5706759010029,-38.77496169584895,20.181447982788086,0.23262405395507812,3.2802127571226327,16.112307149649457,69.7365219864092,36.923346528741604,,,4.4732611524471295,nan,,,0.9704744219779968,,None,-3.397488737514931,-2.2240758578034963,-1.5689990709778237,0.3975508511066437,-4.71905754427455,0.47263118624687195
Gaia,DR3,2884671529745151744,92.94434483337021,-37.605229933678366,16.926916122436523,2.8705339431762695,4.1674948142666235,12.682796240056255,64.17101082627809,36.5053217710493,,,4.850653220089041,nan,,,1.1216877698898315,,None,-6.284962040312911,-3.467972991694266,-5.76798376000481,0.06023646518588066,-7.698039129671216,0.07305794209241867
Gaia,DR3,2884938844213407616,91.71438935263679,-36.98626104032819,11.866756439208984,0.8579168319702148,0.28049739859986367,13.83670073069786,60.15163109524826,36.566950256214945,-0.7358105778694153,0.9500091671943665,4.392831597858716,nan,,,0.9064249992370605,,Gaia_DR3,-5.156328852665943,-3.4358573065094156,-5.398421232665963,0.011246022768318653,-3.5300070991078742,0.01343708485364914
Gaia,DR3,2885563469896204032,94.00414739568927,-35.3189388102355,17.866321563720703,2.6442489624023438,2.5304144849378174,13.17147223245185,63.49021370582983,36.244613518421005,,,3.708150169257681,nan,,,1.7155685424804688,,None,-5.192313780066631,-3.8416463337982316,-4.469889630307328,0.16336312890052795,-2.0002230811002892,0.20529185235500336
Gaia,DR3,2886003003966690048,90.9551742922863,-35.89834765639329,16.35381317138672,2.493680953979492,2.8710357869691014,14.906242082524827,63.62973854389074,36.547768544070315,,,4.284577218104667,nan,,,1.042917013168335,,None,-4.705722950920936,-3.940273273305471,-3.8815664334713937,0.03903762996196747,-1.4815113164737608,0.04354879632592201
Gaia,DR3,2885909403742774656,91.86040983645466,-35.58609477949011,19.530542373657227,2.725311279296875,2.962206987478464,14.450140428660143,63.36264979896185,36.453828693881235,,,4.469746356599776,nan,,,1.0966060161590576,,None,-5.311423282826589,-4.345289902872618,-5.213187065096272,0.281051367521286,-1.555827939988036,0.32714495062828064
Gaia,DR3,2884069680270736768,89.64755419736272,-38.081681982967545,17.520252227783203,2.521718978881836,3.577262495337739,14.845936110841848,65.93197221189624,36.77529827831439,,,3.887934903426804,nan,,,1.1365656852722168,,None,-3.762713803228593,-2.374409955093446,-6.537462437108368,0.08431068807840347,-3.3216589509314502,0.08338799327611923
Gaia,DR3,2884152491537574528,90.49781572938846,-37.6141309858786,14.340557098388672,1.7780342102050781,4.218337369824585,14.421441907765036,64.40862757638872,36.69415185282747,31.830223083496094,2.6609911918640137,4.556755325706225,nan,,,0.962743878364563,,Gaia_DR3,-4.796943804730676,-3.112934544867236,-4.551219998049643,0.015468019060790539,-7.1576536087517555,0.0180729478597641
Gaia,DR3,2884939226466747904,91.69670176192189,-36.95945559744609,10.93877124786377,0.6877145767211914,0.32669401148783767,13.861832111629456,60.19642121858385,36.56658317387837,-0.5461804270744324,0.37391626834869385,4.3875402681767754,nan,,,0.8953481912612915,,Gaia_DR3,-5.1424092971967434,-3.4465970465589053,-5.295264074855096,0.011754527688026428,-3.7072559676313506,0.014615751802921295
Gaia,DR3,2886213113766928896,91.49915191842511,-34.75129838694582,14.924384117126465,1.9673290252685547,2.066015194333005,15.163958923665493,68.50907944982464,36.41155856763257,59.17930603027344,10.845622062683105,3.8300617341667498,nan,,,9.023974418640137,,Gaia_DR3,-4.413832142094923,-4.136022481895206,-5.7336387352404765,0.17917579412460327,-3.1158375798679234,0.21629177033901215
Gaia,DR3,2886592131744749312,92.34797694689529,-34.10452699982555,12.006231307983398,0.9914531707763672,4.7762817598829805,14.991014015837568,63.79195322783001,36.28198857418599,23.081722259521484,0.3937191665172577,4.2013511433182265,nan,,,0.881377100944519,,Gaia_DR3,-5.195663678931055,-4.942644483530369,-1.5118720916579875,0.010869167745113373,-2.862971384003455,0.011271927505731583
Gaia,DR3,2886653055857232896,92.05726652891722,-33.82469454457973,16.85188102722168,2.5563907623291016,3.7292337158166284,15.353944054370396,67.84427550868354,36.27874089376671,,,3.9028667987549923,nan,,,1.0042870044708252,,None,-4.714043345665459,-4.723857690972434,-5.698310336711551,0.0500401072204113,-1.8177356180524644,0.050836652517318726
Gaia,DR3,2886492149202456832,93.44318318503943,-34.13597571438725,14.509451866149902,1.643967628479004,4.972057601514688,14.26706556765631,60.884437609772704,36.188227834816786,-5.114553928375244,2.880906820297241,4.121465337648631,nan,,,1.0723453760147095,,Gaia_DR3,-5.5432136627956545,-4.888415910627406,-9.744335529220875,0.015603330917656422,-5.894684604425777,0.01676197163760662
Gaia,DR3,2892374639491250304,96.64382764195395,-32.15890451897503,17.223119735717773,2.7074127197265625,1.5255254635775672,13.7974949613925,59.01251355885923,35.63595973649372,,,4.261027229986258,nan,,,0.9831231832504272,,None,-7.066867266258679,-6.363459714514542,-6.886591064989557,0.05745329707860947,-5.005040025416608,0.06170939281582832
Gaia,DR3,2892058323739686272,98.11073234382485,-32.82960024192081,13.14409351348877,1.1134576797485352,3.9560659986275724,12.507869596743495,59.228992128129086,35.53999798364567,10.660538673400879,1.1512582302093506,3.754267265746294,nan,,,1.0468989610671997,,Gaia_DR3,-6.759606506549756,-5.3660455754459075,-9.660084475377431,0.010034148581326008,-6.545134682379852,0.01056886836886406
Gaia,DR3,2886270494530133504,92.65630638726032,-35.173176326801716,12.416240692138672,1.0109930038452148,4.424220142729209,14.14649034951495,60.73199452392646,36.353583043844985,17.438512802124023,4.726306915283203,4.316135561047075,nan,,,1.5284407138824463,,Gaia_DR3,-5.469410393642091,-4.477447752672568,-3.3576833392124317,0.018361013382673264,-1.050276314449229,0.020131103694438934
Gaia,DR3,2891676174729668480,94.68931362034405,-34.27608569317302,16.95001792907715,2.8295936584472656,4.689756658650789,13.39320626458734,60.270966961444785,36.08205597700485,,,4.531254856187217,nan,,,5.096230506896973,,None,-6.649991213811003,-5.3679112934012725,-2.5920364459781053,0.23737213015556335,-3.4700841100505375,0.28282681107521057
Gaia,DR3,2892460710635227264,93.96340631082637,-33.818559232611165,17.529878616333008,3.0490827560424805,4.821202682865609,14.146859199903428,62.9592393204248,36.107511880883955,,,4.525922377515719,nan,,,1.403829574584961,,None,-6.319242969419532,-5.590809106353655,-10.78031894732134,0.12083328515291214,-6.712597043953604,0.13689744472503662
Gaia,DR3,2892076843638640256,98.12458886508219,-32.725730507276445,12.34367561340332,0.9184284210205078,3.748456182133804,12.583888111214835,58.20746972472942,35.525919054546115,12.485085487365723,0.8938829302787781,3.8011321737457777,nan,,,0.9522882699966431,,Gaia_DR3,-6.849066028425279,-5.48557915421331,-9.662928135435333,0.010144058614969254,-6.536483778492334,0.010738980025053024
Gaia,DR3,2892171470357986432,96.56722761287725,-33.067152210449436,13.089868545532227,1.0872182846069336,4.910222028382115,13.143310626045977,69.32893489388886,35.752489533812366,2.5474393367767334,1.516906499862671,3.559714193299597,nan,,,9.645581245422363,,Gaia_DR3,-5.8772380826970565,-4.886971671392382,-4.6903214563882925,0.10699276626110077,-1.3986220889554,0.1068769171833992
Gaia,DR3,2891366421687744512,95.86931971411023,-34.9752546039264,13.775547981262207,1.3103446960449219,0.9507161751056101,12.202306194662677,62.8263410520446,36.0258689956485,18.921314239501953,2.3132824897766113,3.6216586479769304,nan,,,1.0138989686965942,,Gaia_DR3,-5.733295191807061,-4.018888094437708,-6.089957759392242,0.013118063099682331,-3.3867038741406175,0.013137140311300755
Gaia,DR3,2891444688875297152,95.6541996506876,-34.465483238184895,19.02428436279297,2.8536949157714844,4.133544084280815,12.67432410774233,65.92902149027208,36.00071679673542,,,3.5935879740511893,nan,,,0.9991961717605591,,None,-5.613381573046754,-4.2185523831565055,-3.144932207718196,0.19574911892414093,-6.14535984216585,0.20539450645446777
Gaia,DR3,2886228644368509312,91.26186599020659,-34.643027354207376,17.45921516418457,2.535512924194336,4.5970269394701875,15.385725726917228,65.43201964447458,36.4202428963302,,,4.211326649628524,nan,,,1.0262492895126343,,None,-4.7538342308873816,-4.597553621989665,-1.3131781923518484,0.0681033506989479,-6.792555681229032,0.08558130264282227
Gaia,DR3,2893628151467056896,98.83088692725867,-31.889856448625995,17.01979637145996,2.5050764083862305,3.424329059396429,12.929237553959009,62.39103634377869,35.33124887488247,,,4.733811829413311,nan,,,0.9822741150856018,,None,-8.851333995353567,-7.404971230447107,-5.802672774815575,0.05045001581311226,-5.861171323168703,0.05638359487056732
Gaia,DR3,2893183021056203904,96.74359184629029,-31.48547581070723,16.727561950683594,2.4456071853637695,4.793529318363349,14.277802524834565,63.605882900876665,35.53858325222622,,,4.537514055630314,nan,,,0.9853063225746155,,None,-7.569406777467833,-7.1836707691151265,-12.131498204283112,0.04589573293924332,-7.644105471516229,0.05698120966553688
Gaia,DR3,2892283998500794496,96.11003220609525,-32.412930561976154,16.67731285095215,2.614744186401367,2.606869197207165,13.88956235482466,60.020399636737025,35.72786384074046,,,4.011361873656443,nan,,,0.9571225643157959,,None,-6.4443855254640265,-5.824151213799867,-7.809330321160383,0.05044423043727875,-7.555212553846941,0.058078452944755554
Gaia,DR3,2893348050879385728,95.24709409665512,-31.203238567606764,16.985633850097656,2.3486013412475586,3.2733002801174074,15.288131510281461,65.98525429000338,35.670131730422874,,,4.01447161200212,nan,,,0.9591944217681885,,None,-6.111019622171986,-6.417117615487772,-3.346559025992688,0.054829202592372894,-6.594792988706395,0.05473475158214569
Gaia,DR3,2892492733911219328,94.4959505126844,-33.50591396854434,17.024629592895508,2.5696630477905273,3.478463005133829,14.031088776940155,64.5864615149127,36.02276197766536,,,3.7924923255265104,nan,,,1.0124828815460205,,None,-5.493802700329456,-4.870048054378692,-4.208741857383884,0.05324946343898773,-2.4037419531432267,0.058831632137298584
Gaia,DR3,2892005512821284864,96.86128809930436,-33.01462475102198,13.971508979797363,1.3576421737670898,4.8212125886466515,13.021486274054004,68.18638105124944,35.7125334415674,4.255133152008057,2.1355576515197754,3.574066365493803,nan,,,1.0205529928207397,,Gaia_DR3,-6.003052725716296,-4.948029214637561,-2.5972752429282244,0.013358661904931068,-3.684694625551374,0.013319344259798527
Gaia,DR3,2884829477166048640,93.50408468038069,-36.713486979060804,18.728843688964844,3.233715057373047,4.320632855023553,12.72655835750684,54.41830500233979,36.399025068262624,,,4.211519373994101,nan,,,0.9767036437988281,,None,-5.689635900518418,-3.5479551960949087,-4.080770779071033,0.15571437776088715,-0.06566099651689039,0.1621195375919342
Gaia,DR3,2885169638575916672,94.79202318906592,-36.36235180983277,18.41802215576172,3.017374038696289,1.3064790737026573,12.04494390610346,52.26458141389674,36.252498456346586,,,4.309010810638774,nan,,,0.9989786148071289,,None,-6.367249778871311,-3.9140084113914178,-6.221043193261418,0.1376674920320511,-2.7362657657911615,0.128313347697258
Gaia,DR3,2892329658295409024,97.07901959755633,-32.21479793110645,16.958114624023438,2.5947980880737305,4.379273419659486,13.525277530220738,57.99885745378017,35.59168191097321,,,4.067081962677998,nan,,,0.9959816932678223,,None,-6.9170548240240075,-6.0716518972750215,-3.2447096238865125,0.05921035632491112,-6.853777907021886,0.06636632978916168
Gaia,DR3,2892712430078055424,95.07946529496152,-32.27542148090383,18.04546356201172,3.1635780334472656,2.002392802049758,14.56804108714754,62.35427113901599,35.823433062860516,,,4.3038700881039915,nan,,,1.0271292924880981,,None,-6.480914560537494,-6.262348226711563,-4.823723936357721,0.13279138505458832,-7.006907990218179,0.12319684773683548
Gaia,DR3,2892249466963870976,95.69999378079963,-32.78215730813113,13.736160278320312,1.4448728561401367,0.7124703986259707,13.841179382020016,64.85039840181615,35.8167271707167,-6.3043341636657715,2.1885454654693604,4.7051377169619215,nan,,,1.0867812633514404,,Gaia_DR3,-7.370728919640012,-6.573865912391261,-7.6128111077907725,0.013613247312605381,-7.237801513734836,0.014626055024564266
Gaia,DR3,2892250772633901568,95.82756257868789,-32.72568615911865,15.39000415802002,2.098461151123047,2.668885619562273,13.81111012897783,63.57660545556686,35.7962169237052,-5.2317657470703125,5.003921031951904,3.795268590707571,nan,,,2.6484673023223877,,Gaia_DR3,-5.9926633999269,-5.338071023641632,-4.253697968145623,0.08662387728691101,-4.098874543565206,0.09479642659425735
Gaia,DR3,2892460710633642880,93.96313216374425,-33.81856008359134,18.51910400390625,,4.764824995364909,14.14702902694372,63.84195576243821,36.107538278707956,,,4.58509452611577,nan,,,0.9981746077537537,,None,-6.401737339154909,-5.663886073467778,-10.962904554018637,0.16171087324619293,-6.302116584563863,0.2750447392463684
Gaia,DR3,2893797991653438336,98.5141760476917,-31.313889242023183,16.565387725830078,2.427456855773926,2.3447107998714865,13.559758837301805,60.250868755347526,35.29643978319453,,,4.488215796274316,nan,,,0.9511210918426514,,None,-8.255492855157545,-7.332787184806403,-10.372372906627415,0.04387310892343521,-6.6691266861516825,0.040865425020456314
Gaia,DR3,2894380079981524864,100.47610637898562,-29.732487261873114,15.520330429077148,2.0076637268066406,3.4846608924167315,14.15182488270711,60.37498478326903,34.79674165714353,,,4.128410782322948,nan,,,0.9752635955810547,,None,-8.368287631017338,-7.726237741398708,-11.340240443908389,0.027500584721565247,-8.330381347536392,0.02674242854118347
Gaia,DR3,2894828779505562368,96.97645264577541,-30.06196151406005,17.91330909729004,2.776060104370117,2.6611902737696287,15.328671331456704,67.77045708795752,35.31316824929983,,,3.9009115283915308,nan,,,0.9610829949378967,,None,-6.595630270119127,-6.913757116246501,-7.222623572249278,0.0861324816942215,-4.817064436104877,0.09622141718864441
Gaia,DR3,2892651063585762944,94.6693333804346,-32.96438473032078,17.31620216369629,2.7972183227539062,0.7603394959653001,14.305636962244767,61.51269349471423,35.946081893044756,,,4.3369548036646615,nan,,,1.2178503274917603,,None,-6.3563360915708165,-5.890846690079817,-5.706163271901515,0.07945266366004944,-5.644837621513146,0.08620147407054901
Gaia,DR3,2893783350106967936,99.02398406511242,-31.485930486931817,18.841800689697266,2.8329010009765625,4.262296894594662,13.183671473860025,64.31450465240194,35.252493414816335,,,3.685899996728135,nan,,,1.0437448024749756,,None,-6.960241591821285,-5.971467209266811,-8.171735371892382,0.18597006797790527,-2.8890927892539016,0.1997818499803543
Gaia,DR3,2893455665579809280,95.67172666853314,-30.789566366018583,15.898744583129883,2.1818151473999023,1.7382453387993366,15.386663554196026,65.5139681117567,35.567922950422,,,4.263238610745778,nan,,,0.9856730699539185,,None,-6.666711518588911,-7.071156655564321,-7.831978605359715,0.029273521155118942,-8.111676728404463,0.034847866743803024
Gaia,DR3,2891434110372143488,95.45512959751835,-34.764104327056856,15.617592811584473,2.0247535705566406,1.964340402171126,12.597073167458948,67.96974984399995,36.050235349641525,,,3.543119955771155,nan,,,4.344106674194336,,None,-5.465614248183975,-4.0081147758759155,-6.93147837940983,0.13665148615837097,-3.9451564975027935,0.19492991268634796
Gaia,DR3,2895247869529337984,96.99655510992369,-28.813014241284407,20.185087203979492,2.3773727416992188,2.9605896864821024,16.377939483550502,69.57474762900456,35.11918464749309,,,4.26664684992491,nan,,,1.0915234088897705,,None,-7.222334491491904,-8.254159867812149,-6.7480305900387245,0.42417317628860474,-5.633832221948808,0.4553891718387604
Gaia,DR3,2892801490520112000,93.44145262778473,-32.76502315814555,13.707980155944824,1.6793937683105469,1.6740469855509164,15.18153936714818,64.95019870312035,36.04350787525888,-14.546196937561035,1.2909702062606812,4.083262248162837,nan,,,1.5820050239562988,,Gaia_DR3,-5.491134768605523,-5.587408924266089,-5.734844612570457,0.01933843456208706,-7.0076581884886435,0.0197261031717062
Gaia,DR3,2883442584982873856,88.84544041073977,-39.80129530075114,17.47842788696289,2.9621124267578125,3.339764667507391,14.856070626787954,64.15704252252594,36.89290976139459,,,4.395454041924164,nan,,,1.011852741241455,,None,-3.900909733018647,-1.623359831532578,-6.973869072397957,0.07319416105747223,-1.9890812571295884,0.07901258021593094
Gaia,DR3,2895507526072925056,99.33773375634829,-28.39049860714753,18.795324325561523,2.918497085571289,4.343797077279678,15.786581895132471,68.70219907757486,34.74288098945984,,,4.493723669554704,nan,,,1.0171157121658325,,None,-8.620790787261711,-9.096379120229013,-5.898345778915543,0.1410987228155136,-12.1820415061487,0.1562691181898117
Gaia,DR3,2919023498518019072,102.40276478336058,-27.631981213318788,16.532541275024414,2.3872852325439453,2.1441337779917817,15.536732414742872,68.18084719551555,34.14905274325087,,,4.5305787308592205,nan,,,0.9598523378372192,,None,-10.007794822171817,-9.84177322859598,-11.959775284681516,0.03622283786535263,-10.460996370422667,0.04435956850647926
Gaia,DR3,2919332770523491712,102.75066830543294,-26.904270715402916,19.49329376220703,3.077455520629883,2.1872355031112876,16.153985932457715,69.48835802784397,33.95839146372902,,,4.03435938245208,nan,,,1.0085912942886353,,None,-9.0431701938396,-9.156906254266868,-7.7780170160591116,0.22928710281848907,-7.79317602947889,0.30850544571876526
Gaia,DR3,2918347749840886528,101.30569490754714,-29.616590026160026,15.902215957641602,2.5898542404174805,2.5321018847271257,13.97596093207997,60.22047578332402,34.655425290088154,,,4.339692202853043,nan,,,1.3087031841278076,,None,-9.137808267870389,-8.250231086300436,-11.384717568038926,0.03314252942800522,-8.81374577809079,0.04164355993270874
Gaia,DR3,2885419025853840640,93.26024179948763,-36.14119915824214,13.993008613586426,1.4202308654785156,4.370769517735981,13.196470150747041,59.77406274816486,36.379135728597575,56.993385314941406,2.4181156158447266,3.84343060930517,nan,,,0.9589654803276062,,Gaia_DR3,-5.099868217469249,-3.5195462659049386,-5.701616716949629,0.013292052783071995,-0.02970037586107806,0.014868294820189476
Gaia,DR3,2884469490187693312,90.19168909108083,-36.46074785524984,19.42862319946289,3.3395614624023438,3.918969741571412,15.160190287801665,66.77175553559294,36.64266386017309,,,4.530113016656742,nan,,,1.061079978942871,,None,-4.6305112593230024,-3.785024316486135,-1.5551625792857418,0.30358102917671204,-5.917912166157869,0.38226205110549927
Gaia,DR3,2884775296155131264,93.14764868796055,-37.20379662025358,18.422964096069336,2.9430198669433594,3.6099365708245115,12.728234343751366,68.20133926702333,36.46318641846903,,,3.5489325059533203,nan,,,0.95008385181427,,None,-4.669633505787867,-2.738666477322528,-2.7896673836923025,0.13218557834625244,-4.677717840369521,0.1345338076353073
Gaia,DR3,2885599242681639552,94.2844901159163,-34.94982197523222,13.273018836975098,1.2398395538330078,1.836331695984457,13.215752962128393,56.381120606452996,36.18533953527533,-11.191298484802246,1.062498927116394,4.1636517627532434,nan,,,1.0370320081710815,,Gaia_DR3,-5.944948855211009,-4.5350446293071665,-4.811662106881135,0.010580510832369328,-3.38890832926325,0.011314398609101772
Gaia,DR3,2886270494530133376,92.66031635517116,-35.17562041327183,9.349773406982422,0.3740415573120117,2.270772540603514,14.142402679253113,60.257003686965014,36.35344908200105,15.118083000183105,2.1078011989593506,4.186255944959941,nan,,,1.0108036994934082,,Gaia_DR3,-5.306488337475235,-4.341558451946824,-5.355362990319122,0.01460285484790802,-2.3381868306723765,0.01575467735528946
Gaia,DR3,2886139721365801984,91.79323685527731,-35.232980939183335,17.267969131469727,2.6300048828125,3.37031129825352,14.691421174831605,69.0849287195117,36.43011381197326,,,3.732829077937797,nan,,,1.043381929397583,,None,-4.410844782104112,-3.802739544695865,-6.411671031182374,0.062293194234371185,-2.061866906384709,0.07192794978618622
Gaia,DR3,2886154186815617280,91.82960703569194,-34.88517799970529,18.164335250854492,2.8522777557373047,4.925780469434616,14.86519586181181,63.96290845991379,36.39720653488364,,,4.3675365606061085,nan,,,0.9503068923950195,,None,-5.176610383260701,-4.65487213000209,-0.96629407864146,0.10415428131818771,-6.340662187764051,0.0998864471912384
Gaia,DR3,2887013489512422016,88.28096253127784,-36.94254833750052,8.471041679382324,0.1371316909790039,4.042088255877163,16.302951730506177,69.23004411339797,36.79174987180719,-1.4208653450012214,0.5081576704978943,4.218557562650279,nan,,,4.781611919403076,,Gaia_DR3,-3.5050661594855184,-3.1720401167607024,-5.905890870700737,0.10929922759532928,-0.49663075573571497,0.11871054768562317
Gaia,DR3,2891422359341619840,95.46233899657774,-34.763057693535636,7.6815314292907715,1.1563763618469238,2.2376064618598592,12.593304950909674,66.28581225665704,36.049381305548124,-4.861956596374512,0.12077757716178894,3.5784936233024105,nan,,,1.0630576610565186,,Gaia_DR3,-5.522704187637823,-4.04902409359996,-6.814252614972206,0.016334297135472298,-2.962155343282617,0.017506441101431847
Gaia,DR3,2892081928879635328,97.95910091337969,-32.622853311823775,12.687546730041504,1.0283422470092773,3.301437210622609,12.749751470271843,54.54348272679795,35.53426479953792,8.161503791809082,1.4300148487091064,4.096591481384531,nan,,,0.9772103428840637,,Gaia_DR3,-7.316042180228371,-5.955641277003901,-8.447181186531777,0.009786663576960564,-3.338492756487753,0.010094809345901012
Gaia,DR3,2891996098253032192,97.18459898199686,-33.08387148630734,14.556415557861328,1.690622329711914,4.698615162743108,12.793466707232485,58.21981104073277,35.6824425788023,65.95845794677734,3.2483956813812256,3.8361894150239886,nan,,,1.0578556060791016,,Gaia_DR3,-6.563633127555438,-5.296019330487662,-4.644578626479546,0.017058489844202995,-8.575614174934021,0.01895313151180744
Gaia,DR3,2889089706767505152,90.06923450760944,-35.08742601544209,20.049720764160156,2.6375179290771484,2.7442448542004985,15.947556357569654,67.81903154468051,36.54563507109805,,,4.16731735926232,nan,,,1.0242570638656616,,None,-4.208717997286977,-4.2477203899112705,-4.102501427542018,0.43413615226745605,-1.8392082891486439,0.5141945481300354
Gaia,DR3,2891367074522775424,95.86118925403605,-34.97291744552249,12.903925895690918,1.046950340270996,1.0498283920027898,12.208857012917152,61.1308736618362,36.02652677636375,20.147306442260742,1.1899312734603882,3.6639545332376664,nan,,,1.080385446548462,,Gaia_DR3,-5.797345028914478,-4.066487216469396,-5.814728204334715,0.014505952596664429,-3.2557877566080373,0.014359691180288792
Gaia,DR3,2891676174728860800,94.69475725664476,-34.27665520196299,13.686434745788574,1.4766426086425781,4.84034307069423,13.38945535889847,64.76826069073175,36.081565506429556,26.86736297607422,2.1332452297210693,4.776480912907237,nan,,,1.021863341331482,,Gaia_DR3,-7.012432232050315,-5.658429970714336,-2.518619818715078,0.012192841619253159,-3.771520000594934,0.01377891656011343
Gaia,DR3,2893569052717328640,98.37225398664944,-32.57304309956115,18.113662719726562,2.5481605529785156,4.555153512550437,12.58362409628634,56.54887667132507,35.47624165013764,,,3.8710623515751017,nan,,,1.0074362754821777,,None,-7.067444033413568,-5.680127948184204,-3.4041948601137832,0.1082889586687088,-6.311575730910301,0.11798213422298431
Gaia,DR3,2893633477226484096,98.05738136943188,-32.39466223724771,9.710189819335938,0.4842042922973633,3.3574489305643187,12.883902661108007,63.293741863584074,35.49424110375563,-0.9382973909378052,1.6867828369140625,3.6798769892309307,nan,,,5.969010353088379,,Gaia_DR3,-6.606731965080537,-5.465691644252636,-5.709703858785893,0.07995478808879852,-3.020479443625472,0.06494935601949692
Gaia,DR3,2893651516089091072,97.97067199294365,-32.16858188051597,12.429088592529297,0.9320602416992188,2.7397345934677673,13.110028096491602,57.04663549397201,35.47705961244038,34.81248474121094,1.0338354110717773,3.9780294538913075,nan,,,0.9332733750343323,,Gaia_DR3,-7.108746216705237,-6.020276524813634,-7.127613739005894,0.009668797254562378,-3.72278905188805,0.009470995515584946
Gaia,DR3,2894242641028126464,100.08123350216259,-30.378906445453207,14.888080596923828,1.8897600173950195,4.9655022035071665,13.71398850080754,62.79489103740473,34.951218046964684,-15.613602638244629,4.053740501403809,4.615187406928142,nan,,,1.0347785949707031,,Gaia_DR3,-9.181546610190502,-8.222179392083284,-11.782582113695785,0.018618477508425713,-12.29328552939864,0.020560119301080704
Gaia,DR3,2893808673233578368,98.81642748403365,-31.079278119832132,20.167390823364258,2.964405059814453,2.382559953865833,13.623312809946912,63.60055397971483,35.2247244291967,,,4.677786270635857,nan,,,1.0263526439666748,,None,-8.74008159094882,-7.808675136504718,-7.620559254363157,0.4288206100463867,-5.743046463898155,0.4607352018356323
Gaia,DR3,2893208992721299200,96.65494443854328,-31.177036724149275,19.268461227416992,2.848203659057617,4.830573474575127,14.570582262863601,62.64136822454286,35.50810808810956,,,4.043174368102491,nan,,,1.0386751890182495,,None,-6.709929394507749,-6.55873642568797,-6.896972773282348,0.24676689505577087,-10.671785285175503,0.24545033276081085
Gaia,DR3,2893740267293463936,99.43639666988793,-31.62065445917353,17.460105895996094,2.6047306060791016,4.765957310927405,12.886901165026288,58.19042371041983,35.21501268437548,,,4.516559354232665,nan,,,1.0218864679336548,,None,-8.707245815867003,-7.270731496106845,-9.399043090361797,0.07502049207687378,-11.755528964054253,0.08821668475866318
Gaia,DR3,2895438016326493952,99.68245319890995,-28.699969589921285,17.242361068725586,2.7440032958984375,3.561168054037446,15.378535792273976,65.77423955160754,34.745798466003365,,,4.085306586900808,nan,,,0.990822434425354,,None,-7.9719557328272925,-8.130642295596203,-6.815361685615503,0.05881844088435173,-5.290123382302044,0.06650656461715698
Gaia,DR3,2919332603022462464,102.74924917991915,-26.92217910289224,15.463093757629395,2.115931510925293,3.778965711104362,16.13700342723334,69.17921709414611,33.961987482307485,15.193917274475098,5.771371841430664,4.3948076322453025,nan,,,0.9999346733093262,,Gaia_DR3,-9.85054510076582,-9.965075378612076,-7.5142349076038055,0.021883439272642136,-7.357522096399974,0.029130754992365837
Gaia,DR3,2918425913945516416,100.69186718025152,-29.300053567054036,18.040374755859375,2.6085205078125,4.421889718915773,14.472617760993145,65.93358563564733,34.69707796670996,,,3.8137206836087616,nan,,,1.0637600421905518,,None,-7.808566118561723,-7.362696781625728,-7.960603835331944,0.10227076709270477,-10.914513755932315,0.10758370906114578
Gaia,DR3,4803294340683778816,89.58054298900366,-43.218367305813196,14.81014633178711,1.7585172653198242,4.927064815908349,13.727999891863936,68.36108850279837,36.89070428690505,-25.619787216186523,4.017496109008789,4.896112282052918,nan,,,1.0497061014175415,,Gaia_DR3,-4.7056069201241835,0.42634425650591334,-9.054079867846315,0.01798010803759098,-2.210466507149706,0.022547699511051178
Gaia,DR3,2918706602947777024,99.94609392874901,-28.677501526966747,9.57791519165039,0.5072526931762695,2.3320048870351946,15.30375074509023,68.41724024675023,34.70451160005958,-6.872870445251465,0.5613117218017578,4.612589863479898,nan,,,0.9814585447311401,,Gaia_DR3,-9.116955526554275,-9.21331005520808,-10.080478449971652,0.01033429242670536,-7.160601268401498,0.01519891619682312
Gaia,DR3,2919332603022462208,102.75000738406686,-26.920585934567153,16.539907455444336,2.5032424926757812,3.16994115527873,16.138369347126467,68.9012566829918,33.96156321455328,,,4.348974369784849,nan,,,1.0318803787231445,,None,-9.748122720818806,-9.862074788253778,-7.727823305444874,0.038536813110113144,-7.772926925923347,0.0505732037127018
Gaia,DR3,2919246841113980032,102.31515793508157,-27.00606393405181,13.24384593963623,1.2253570556640625,4.743063493622572,16.15941227969092,68.79120155396103,34.048760441256654,,,4.305633308633309,nan,,,1.0210165977478027,,None,-9.475508468117326,-9.684803617454737,-13.715316389637549,0.009195087477564812,-8.93763570252451,0.01107123214751482
Gaia,DR3,4803353366418770560,88.8340542549838,-43.130268845602004,19.72128677368164,2.914133071899414,4.954157689240891,14.276680125086017,62.82557748784367,36.93293170809624,,,4.479490232670043,nan,,,1.1157150268554688,,None,-3.9703786367280696,0.3733210873400016,-0.8093611303822175,0.3509392738342285,-3.075537647046276,0.3698332905769348
Gaia,DR3,4803499846279371008,87.20724483820106,-42.96525387627186,16.752120971679688,2.4584550857543945,4.894273658820031,15.474764394371258,66.07240749695443,37.01317458929526,,,4.316120372311862,nan,,,0.96236252784729,,None,-3.120352507038538,0.3300689854993457,-1.3528134412826773,0.05243014544248581,-3.7573358817241025,0.053664032369852066
Gaia,DR3,4805012636840345216,87.28560003381777,-40.21329921801461,14.652654647827148,1.663437843322754,3.651070792993709,15.896066669630136,68.45979668642862,36.98429594736777,26.72076416015625,6.058236122131348,4.026887979697961,nan,,,0.9233109354972839,,Gaia_DR3,-2.942999977909447,-1.2045691000483867,-5.412818775972175,0.017950011417269707,-3.0771153632965227,0.0171868484467268
Gaia,DR3,5534534165171223040,121.5583383025596,-40.41031345487901,18.276798248291016,3.1490859985351562,4.777634170524163,10.130496586509015,47.249385517687436,31.890522523913226,,,3.8240382644570157,nan,,,1.0694111585617065,,None,-14.723433613564644,-4.542838213599467,-13.642340479881847,0.12522085011005402,-0.8462110097110513,0.12454909086227417
Gaia,DR3,5512244835389313024,111.29573530771752,-42.969753171629385,13.072237014770508,1.0805139541625977,2.2333753233373534,2.270919742961776,35.438508152845245,34.24802939614878,-5.624813079833984,1.7803136110305786,3.565225797212286,nan,,,0.9422744512557983,,Gaia_DR3,-10.74290533032474,-1.662372098546573,-10.142868458661523,0.011642800644040108,-0.09471115048498538,0.013334892690181732
Gaia,DR3,4804097052892244992,88.33476357585349,-41.41063732390653,17.643342971801758,2.8732566833496094,2.844305682092873,14.858264534744446,69.89888535558765,36.954839080399296,,,4.7940004927588244,nan,,,1.011362075805664,,None,-4.009071006851173,-0.6976723828505297,-3.3536892248483605,0.10494783520698547,2.101140224408923,0.11548783630132675
Gaia,DR3,5534570006678990080,121.9929013701797,-39.99826684423856,12.203027725219727,1.0097370147705078,4.382464052666866,10.566724281629178,69.438773478529,31.742696836003734,-10.398907661437988,0.6614577174186707,5.270318499217914,nan,,,0.9422614574432373,,Gaia_DR3,-20.465332835942494,-6.615134830482483,-19.949739790377496,0.009382279589772224,-11.45683521538432,0.010757539421319962
Gaia,DR3,5529811006811171584,127.3238437451819,-37.867304581896484,9.546954154968262,0.5662260055541992,4.054312298211541,15.197288486998241,64.94006013180997,30.079400602511253,0.22900444269180298,0.47372907400131226,4.096096380347239,nan,,,0.9946810007095337,,Gaia_DR3,-17.481994985522796,-7.111723897853921,-18.302825169263517,0.012021086178719997,-10.515028232339517,0.012943523935973644
Gaia,DR3,5535473392915426560,115.1145586693453,-42.14694554508367,17.7686824798584,3.2761383056640625,3.3870491245898457,5.046438784825241,29.176559237296694,33.46862503965314,,,3.771146907355076,nan,,,0.99915611743927,,None,-12.586084126720106,-2.6852212895675653,-10.21343311117455,0.11031555384397507,-3.958446787582704,0.10294131189584732
Gaia,DR3,4803343509469432960,88.92491942340516,-43.061909776842974,11.503277778625488,0.743992805480957,4.380921458743045,14.215129814223888,66.13275929937511,36.928483336499056,2.9900529384613037,0.3751614987850189,3.764544621612616,nan,,,0.8650676608085632,,Gaia_DR3,-3.3709709933116168,0.27511284502687994,-6.256100508090868,0.01341846864670515,-1.6648825950530077,0.012551140040159225
Gaia,DR3,5536355643619185920,112.89658607022999,-42.171903280974156,18.956844329833984,3.3214111328125,4.983421800087112,3.407123932681223,25.43233516501472,33.91136753506,,,4.436636113968467,nan,,,0.9092797040939331,,None,-13.979280709788505,-2.771324269394316,-9.460436697055819,0.1935059130191803,-3.9133994934730905,0.18272869288921356
Gaia,DR3,5536883447860496256,115.87221078575733,-39.779779537967464,16.094324111938477,2.198331832885742,2.7672775534277907,6.279386652094819,59.5103880471291,33.13835815563782,,,3.3536482672536208,nan,,,1.8237944841384888,,None,-11.402661098853239,-3.4594460279357677,-11.171240953584514,0.06306428462266922,-5.402128239689661,0.08016441017389297
Gaia,DR3,5534593573159678848,121.2090816405194,-40.19980435827179,18.46613883972168,3.076873779296875,2.1283732615171456,9.934338311176555,42.813020315888565,31.954301852224962,,,4.037276222805098,nan,,,0.9639220833778381,,None,-15.437053779516752,-4.834964989129295,-13.740955110984185,0.13416244089603424,-4.198868471761486,0.13884425163269043
Gaia,DR3,5534625355918405632,121.46027787345577,-39.95867646587543,19.766569137573242,3.1071949005126953,3.488111233316368,10.190528503696294,62.56479345425783,31.869062189140436,,,3.477465684438794,nan,,,1.0935052633285522,,None,-13.363126715537543,-4.300691758633711,-12.233713450872635,0.3870817720890045,-2.006549439922251,0.3752901256084442
Gaia,DR3,5535855610648631040,115.77470779780897,-41.68819673186195,19.690977096557617,3.2403602600097656,2.350389882265319,5.5943054196921365,54.20975282274738,33.30328378442423,,,3.4010261191867244,nan,,,1.0196317434310913,,None,-11.53645961037698,-2.701546923529742,-9.934755869950088,0.3120718002319336,-3.225292960855251,0.43464088439941406
Gaia,DR3,5536417834746942464,113.07717774008358,-41.70656893171562,19.968931198120117,2.654165267944336,3.5208623803618857,3.614370764955356,51.90337694071557,33.850967187806624,,,3.3824238198474954,nan,,,1.121296763420105,,None,-10.709589680232718,-2.3316617206851156,-9.073162413565342,0.44490426778793335,-4.235592603364621,0.5984601974487305
Gaia,DR3,5535480883338497920,115.37704278935362,-42.0339850286817,16.71452522277832,2.630716323852539,4.784565635585722,5.251772540970239,38.088193799260104,33.40789521132817,,,4.653266882345622,nan,,,0.9814589619636536,,None,-15.631372140018012,-3.4258866606180214,-10.94102448357665,0.04887274652719498,-3.255386553649468,0.046649567782878876
Gaia,DR3,5536214635551626624,114.20626506489586,-42.14766637153121,17.474138259887695,2.9517288208007812,2.3063617035204262,4.375860329839191,27.39339248114392,33.652512888221,,,3.762148810420388,nan,,,1.1284843683242798,,None,-12.270790321045762,-2.5464250377505944,-12.853394946559192,0.08567418903112411,-0.81251489249226,0.08619830757379532
Gaia,DR3,5536336951920954624,112.83149265351203,-42.42586418962486,11.287213325500488,0.7728872299194336,4.079076595067252,3.3439584361635064,54.87381967268779,33.93667432852661,-2.2159037590026855,0.6843839883804321,3.342792226780163,nan,,,0.9416823983192444,,Gaia_DR3,-10.514167770271976,-1.9739808057006738,-13.264753427003564,0.016620060428977013,-1.1390928466225163,0.01615159399807453
Gaia,DR3,5536417014407976448,112.92861147838755,-41.72448757473958,18.627681732177734,2.786428451538086,3.5858059120836363,3.5022606461059467,68.59630902379561,33.88097701122168,,,3.1941002320506273,nan,,,0.9815558195114136,,None,-10.07292206714503,-2.17729008079382,-9.038703215417417,0.14730608463287354,0.004494965792118908,0.15582053363323212
Gaia,DR3,5536257340407074048,114.93932434356745,-41.60416500070668,19.772815704345703,2.818685531616211,4.425237325128323,4.996391664010111,29.810644954546184,33.4712503157532,,,4.44430985984335,nan,,,1.0584455728530884,,None,-14.768017923282674,-3.4315910479743037,-10.630980893594078,0.36010485887527466,-3.7044844659472034,0.4076675772666931
Gaia,DR3,4805033012165241856,88.05155105884408,-40.014317144984055,17.86103630065918,2.925487518310547,4.635506427501338,15.382838670220325,65.45979212852842,36.94180734980686,,,4.1651918719441205,nan,,,1.0797265768051147,,None,-3.364785021875436,-1.386332140217199,-2.960872617394228,0.10710015147924423,-5.436514199217007,0.12277507781982422
Gaia,DR3,5512334922325926272,112.61145337780394,-42.280476075520035,16.7536563873291,2.777364730834961,4.902406143835204,3.1878386693266605,55.142773571729634,33.97170097814052,,,5.186063287646452,nan,,,1.094515323638916,,None,-16.214421970559094,-3.1146467607818993,-16.742004263122222,0.07330834865570068,2.218998033958959,0.10167037695646286
Gaia,DR3,5535929827684781184,116.64755432551947,-41.39974111747247,17.494829177856445,2.991405487060547,3.552690494073902,6.290559017881892,27.63128012799556,33.09821505501759,,,3.985611538560523,nan,,,1.1511321067810059,,None,-13.804289283324858,-3.4444660878868962,-10.931664274706659,0.10719654709100723,-4.255775169935593,0.09657827019691467
Gaia,DR3,5536228654324801152,115.0267870960175,-42.02209653819279,17.207839965820312,2.7573089599609375,3.9260394720140983,4.994678751891228,25.7738149305253,33.479175765108465,,,3.8470811301146304,nan,,,0.9877792000770569,,None,-12.811463610591733,-2.785315717551517,-9.71819362062229,0.06945907324552536,-3.540123953823098,0.07498777657747269
Gaia,DR3,5535859660798452352,115.52874381712667,-41.833535507261345,17.56707000732422,2.773832321166992,3.629472222522778,5.389890537605016,29.165580302363853,33.364007347473624,,,3.798729852476891,nan,,,1.0416611433029175,,None,-12.808433746086381,-2.9129667612205004,-10.163118473933132,0.08068489283323288,-4.117193038610374,0.08576945960521698
Gaia,DR3,5536234358041186432,114.90473836199074,-41.86700167301763,19.1113224029541,3.0256118774414062,4.980090075663147,4.925259054452757,27.13543369343352,33.49476700538456,,,3.806962474259225,nan,,,0.9620437622070312,,None,-12.639216328650594,-2.811042131312148,-12.83850092364259,0.22512927651405334,-6.8028218024704135,0.2492266446352005
Gaia,DR3,5536518581792769792,114.49193203554968,-41.07037094186132,19.131437301635742,2.2066650390625,4.203360241323027,4.80816968367713,47.93934014829916,33.52790729167472,,,3.4601834254497086,nan,,,1.043081283569336,,None,-11.36871235733251,-2.840558200131053,-8.315087641108217,0.23829971253871918,-2.564194732526392,0.30850663781166077
Gaia,DR3,5536784148217115136,116.08346814068476,-40.3676749446775,18.34821128845215,-0.20081138610839844,2.4282234098992608,6.182424190890306,38.15243145932361,33.14139304552058,,,3.668754630834006,nan,,,1.0184332132339478,,None,-12.537705587403577,-3.5510126881801294,-11.708856780453251,0.12625154852867126,-1.8657996893032613,0.1374005675315857
Gaia,DR3,5534801900551096576,120.7123188598676,-39.977979130963355,18.634733200073242,,4.497201545518526,9.640520860629156,64.27401407427874,32.05190948122553,,,3.420176255371264,nan,,,1.0069659948349,,None,-12.947250355187284,-4.112678422935415,-10.738515773948938,0.24519404768943787,-1.7387781509941451,0.2070334404706955
Gaia,DR3,5537512467293246336,117.66767163029779,-40.290876131314214,17.909217834472656,2.685270309448242,3.642654056687346,7.338890381810022,33.11844204113195,32.7870938799478,,,3.924406473331741,nan,,,2.0292067527770996,,None,-13.916140760613455,-4.079556573868654,-11.040329422296997,0.21417109668254852,-3.178782314090022,0.21959921717643738
Gaia,DR3,5537664474772417280,118.43643279653185,-39.29243591970103,18.467241287231445,2.9352684020996094,3.9924252989924733,8.269009072883001,52.634933537192644,32.52017615743635,,,4.874182986578265,nan,,,0.9674174785614014,,None,-17.583589108426377,-5.801686074958884,-20.636392336478554,0.13404439389705658,-8.542024196776394,0.13296298682689667
Gaia,DR3,5536234869138276480,115.06425899670722,-41.96388926953303,11.139041900634766,0.7363853454589844,4.679163989561756,5.029442646564113,26.72694017940986,33.467991161012286,-7.519189357757568,0.4102596342563629,4.348697715946073,nan,,,0.8703823089599609,,Gaia_DR3,-14.495476132023246,-3.186025236147829,-10.577641179975263,0.014270283281803131,-4.932852865607365,0.01655331812798977
Gaia,DR3,5536604412417714304,113.90705037639336,-40.55969148446788,14.192471504211426,1.621978759765625,1.6932940431236827,4.587609281410172,28.131041046318828,33.61178060200566,-3.8498620986938477,3.2428650856018066,4.4292974843911255,nan,,,2.362957000732422,,Gaia_DR3,-14.335355559993484,-3.8193247997945137,-12.754275105881447,0.03800928592681885,-3.8120723522273714,0.044840116053819656
Gaia,DR3,5537913479797652224,120.28857031581875,-38.74239169471135,18.84847640991211,3.1228504180908203,4.944411887549964,9.804467895949854,60.52470779295879,32.024609523305244,,,5.014300294920289,nan,,,0.9881359934806824,,None,-18.817879000722925,-6.671765963197563,-14.590478202812527,0.19235120713710785,-3.5983223151661674,0.24760544300079346
Gaia,DR3,5538109983140671232,118.30504592718309,-38.73402742782108,19.218774795532227,3.200185775756836,4.721224782870372,8.433580670277241,47.7046883612309,32.494186087290934,,,3.635645698620374,nan,,,1.004152536392212,,None,-13.077559351082963,-4.551544321968627,-11.63270837379516,0.2181541919708252,-1.2340323939220883,0.23855328559875488
Gaia,DR3,5538406477615671168,116.29199066454649,-39.149393473215184,19.53741455078125,2.8337249755859375,3.643298411973943,6.8690334483695485,55.078780479637906,32.99050967324154,,,3.432160997783115,nan,,,1.053798794746399,,None,-11.787789942090427,-3.858442192308107,-9.886010905960104,0.31019866466522217,-2.033066051677427,0.3274424076080322
Gaia,DR3,5536582490909634176,113.80782838684242,-40.84179076105044,16.624008178710938,2.5901947021484375,3.8697368602756415,4.403527501003165,20.353378165239523,33.65157310314999,,,3.947070188785585,nan,,,0.9438408613204956,,None,-12.741627032969514,-3.251224977564238,-9.673358671362282,0.05257359519600868,-4.2278179972308925,0.05308965966105461
Gaia,DR3,5537036005099302400,115.36998101144422,-40.10016602499724,13.422774314880371,1.301915168762207,3.2913845215883377,5.791798763064197,24.954309264554688,33.272596248094516,5.56600284576416,1.7855654954910278,4.106340761580357,nan,,,0.9530441164970398,,Gaia_DR3,-13.791724226377701,-3.996952549605341,-16.638827664316324,0.011473494581878185,-3.887331731140141,0.012531560845673084
Gaia,DR3,5537254498677820032,117.80019952073812,-41.0703485839051,15.73928451538086,2.1035614013671875,2.2100067893077058,7.209112950960239,31.692373282060693,32.82174104939588,,,3.9762288849626986,nan,,,6.367178440093994,,None,-14.142206415406006,-3.7803784278802333,-12.528664435292681,0.1904982477426529,-2.870319026526363,0.21481096744537354
Gaia,DR3,5536582490910313344,113.81022852386774,-40.84460021315918,9.158929824829102,0.25308704376220703,3.904849244234057,4.404121373456513,19.368367858511213,33.65127957627555,28.916460037231445,1.6310793161392212,4.000815330372648,nan,,,0.9233684539794922,,Gaia_DR3,-12.915932702058626,-3.294456389607356,-9.780365302549903,0.014491859823465347,-4.301770088387573,0.016164813190698624
Gaia,DR3,5537512471587036544,117.66989020217791,-40.28794882731086,10.399578094482422,0.6206092834472656,3.057594069800957,7.34147582198631,40.66405344540207,32.78634554108792,,,3.6996704123201782,nan,,,2.76255202293396,,None,-13.119874956595368,-3.8475714783459596,-10.803042758045072,0.05590619891881943,-4.412455240664429,0.06290324032306671
Gaia,DR3,5537649253410163840,118.73786419080093,-39.35634589652361,9.906702995300293,0.6621456146240234,4.588920678263038,8.453453775243377,39.10188054542368,32.45665349993714,-14.642599105834961,0.30375412106513977,4.36133368281235,nan,,,0.9285147786140442,,Gaia_DR3,-15.83779323557333,-5.210535058356294,-19.062965833535923,0.013436978682875633,-2.490392110902774,0.013896028511226177
Gaia,DR3,5537306622390909568,117.92558845069422,-40.548184374431166,18.130252838134766,,4.829451614240606,7.442225633199902,40.81226904886659,32.75122737172082,,,4.563361945319609,nan,,,1.0479599237442017,,None,-16.27630757364556,-4.649476333163365,-12.112453405504173,0.19202913343906403,-2.588621799010912,0.16356879472732544
Gaia,DR3,5538371568124037632,117.06924849233407,-39.13446436170372,14.35991096496582,1.8227729797363281,4.596738403881256,7.3987602478287835,32.14499120241462,32.81622100162152,2.401630401611328,6.623685836791992,4.1738192298043675,nan,,,3.1409850120544434,,Gaia_DR3,-14.59908935407346,-4.82365154622477,-11.0579445326241,0.06702084839344025,-6.777882572684241,0.07673248648643494
Gaia,DR3,5537810439246197760,119.11309105073518,-39.74833007432066,11.091795921325684,0.7479791641235352,2.04423112891348,8.566183338020124,46.372348656526,32.40760666088006,-2.373424530029297,1.5785425901412964,4.639016194754012,nan,,,1.1564390659332275,,Gaia_DR3,-16.98362842980331,-5.395691792763779,-15.174292053707848,0.01767829805612564,-6.24594820712117,0.020798057317733765
Gaia,DR3,5538371671209651968,117.07865998058011,-39.12227128541948,16.491029739379883,2.4917125701904297,3.8197896912704263,7.4110701331875415,34.88546856739272,32.812941145908454,,,4.3433910911241425,nan,,,1.010007381439209,,None,-15.19552428179212,-5.027597758004035,-11.744223554099296,0.044118624180555344,-5.594290554491975,0.04569832608103752
Gaia,DR3,5536286378684448640,114.06025196800324,-41.73060023668239,16.436626434326172,2.497997283935547,3.050579610051298,4.327662610438803,25.09688217900452,33.65761588592221,,,4.365388268645497,nan,,,1.088995337486267,,None,-14.18479613791482,-3.1561230359199466,-11.711906769656476,0.04265260696411133,-4.485044310253705,0.04247592017054558
Gaia,DR3,5536789985069389952,116.358701679612,-40.51972601469186,12.622730255126953,0.9988985061645508,4.464277953393489,6.323792352319425,45.55049201892776,33.09409911093377,-8.190074920654297,1.6377712488174438,3.5501257145389387,nan,,,1.0418199300765991,,Gaia_DR3,-12.212307283496513,-3.408303353124081,-10.608433173870349,0.011320254765450954,-6.3392370243926734,0.01217515580356121
Gaia,DR3,5537201923974973696,117.91569532594818,-41.26419260229348,18.132349014282227,2.8693675994873047,3.3701636617307478,7.2500109190868685,69.0244224738041,32.81122089840269,,,3.2652617192214137,nan,,,0.94334876537323,,None,-11.64374012166667,-3.0433854588896456,-11.221348617214954,0.11468707770109177,-0.7623113347671769,0.11501365900039673
Gaia,DR3,5538874491621993600,118.26210710184945,-38.433863618702965,18.71407127380371,0.2280731201171875,2.935853333545127,8.554257613861841,45.67693221958454,32.47265464644082,,,4.615602072967013,nan,,,1.1111942529678345,,None,-16.586710009993073,-5.936310468330783,-13.770867901668954,0.16033554077148438,-5.45530179355274,0.18194913864135742
Gaia,DR3,5535826503649232640,116.15024045145312,-41.79820931874396,17.22713279724121,3.0307960510253906,3.5043921871585098,5.853170565116686,36.651845826685,33.231525242688306,,,3.6765758517815965,nan,,,1.0589733123779297,,None,-12.584562124056676,-2.9255537834139567,-10.024557848016983,0.06993034482002258,-3.833098832073485,0.07687168568372726
Gaia,DR3,5538797487145778816,116.49800185567658,-38.081757137652,19.169116973876953,,1.5399455014384933,7.601735717363308,34.63851617776931,32.83929239610231,,,4.295378917536672,nan,,,1.001816749572754,,None,-14.82481574452949,-5.417818461123432,-14.42957835088014,0.30597516894340515,-4.080569354496421,0.2677636742591858
Gaia,DR3,5539405487008951168,118.37776931677156,-35.992280652890756,11.187966346740723,0.7590770721435547,0.7153663808236345,10.094695621545894,44.86299057132007,32.15558234337838,,,3.924530441482282,nan,,,0.8973658084869385,,None,-14.139410548378985,-6.204919032136021,-14.667121673327,0.014568489044904709,-6.47287565725722,0.01524029579013586
Gaia,DR3,5537358952283697536,119.2474117789195,-40.340689681945705,10.619135856628418,0.5917129516601562,3.492685708977555,8.463697869201127,51.593540917414714,32.4318215963982,0.4013582170009613,1.2276145219802856,3.563840845785678,nan,,,1.0899436473846436,,Gaia_DR3,-13.085032797697577,-3.912867537117866,-10.911438329908576,0.014629501849412918,-2.4428230820885135,0.0165239330381155
Gaia,DR3,5537250719106628992,117.68918071639166,-41.25863300315665,16.32354164123535,2.448415756225586,4.811417027179319,7.084879620536072,43.634633872470225,32.86090270684929,,,4.684977615045356,nan,,,1.6409138441085815,,None,-16.62125903464922,-4.326332740133305,-11.892143694056362,0.061593230813741684,-4.791621322820721,0.06956847012042999
Gaia,DR3,5537831467399475456,118.91948399928505,-39.4931772787093,19.823606491088867,2.7427749633789062,3.7821903961018335,8.526065211645196,38.787134061569944,32.427892868782145,,,4.330023346109843,nan,,,1.0339170694351196,,None,-15.786277915182847,-5.134075495225183,-14.12637242746331,0.3340391516685486,-2.106867287116399,0.3730597496032715
Gaia,DR3,5538313912488952704,116.97016381722408,-39.83273140237015,13.164924621582031,1.2496166229248047,2.9485345900122635,7.0162408619168195,54.238026504098954,32.902543962001616,41.14662551879883,1.5366129875183105,5.008353349617264,nan,,,0.9660066962242126,,Gaia_DR3,-17.477887758262362,-5.345780490044074,-14.371015656995915,0.010176208801567554,-5.149027552202418,0.014409590512514114
Gaia,DR3,5539361708411758080,117.70580970976424,-36.67674803254274,19.139238357543945,2.8718738555908203,2.86939981417879,9.23469084627883,51.135131201403674,32.40227243675534,,,3.625811954200537,nan,,,0.9979128241539001,,None,-12.868417069409587,-5.347585061274112,-12.649563087191565,0.19000205397605896,-3.1652840504000292,0.20090387761592865
Gaia,DR3,5539129131640459392,118.69097916216664,-36.9059166444623,17.25013542175293,2.6618118286132812,3.109908952886821,9.697830150766384,52.925540766915326,32.19609012957077,,,3.6247156556956863,nan,,,0.9786077737808228,,None,-13.149370991150777,-5.381132839265886,-10.828843878672075,0.059722479432821274,-4.869020748087463,0.06495697051286697
Gaia,DR3,5538915070476742272,118.57094954443977,-37.8556823498927,11.527878761291504,1.002553939819336,4.502124595412803,9.067365413616866,68.59622501297498,32.336727081147984,13.712141036987305,0.9775251150131226,3.3326894273568106,nan,,,4.398005485534668,,Gaia_DR3,-12.0582693978477,-4.556208848513838,-11.975414567804162,0.04360353946685791,-1.39426165937033,0.049000490456819534
Gaia,DR3,5539412393325744512,118.05399396773899,-36.08466368314598,16.139280319213867,2.2634334564208984,3.6752831060390014,9.839708085322574,44.27031278247458,32.24534286605417,,,4.358516405206312,nan,,,1.1326926946640015,,None,-15.590447685412592,-6.791321239197904,-17.00414022590916,0.03846968337893486,-3.724553705036427,0.043156784027814865
Gaia,DR3,5535916599183047936,116.7348482092663,-41.515018831442404,14.33337116241455,2.0110559463500977,4.61383817943983,6.331756192952934,64.06156401359455,33.08764074018994,,,5.344431374316806,nan,,,3.0631887912750244,,None,-18.548574306900292,-4.562418113923087,-13.492359108858098,0.0777462050318718,-3.3556690778515748,0.08648674935102463
Gaia,DR3,5536223392987224064,114.44727116362942,-41.939904328178635,19.376121520996094,3.127096176147461,3.4809650792291373,4.5778446820409675,24.691726963451572,33.592129110885736,,,3.835274454617351,nan,,,1.0681861639022827,,None,-12.586772297603556,-2.7299067250708022,-10.188603249012678,0.32773250341415405,-4.202893811858084,0.4077400863170624
Gaia,DR3,5539390952848089344,117.83107249283198,-36.136088200274244,13.339653015136719,1.3804960250854492,4.5662829324992815,9.673131317381873,42.97556814764249,32.305108164984965,0.8797638416290283,1.8201563358306885,3.929245624920816,nan,,,7.5913591384887695,,Gaia_DR3,-13.984828604970417,-6.066285410766669,-13.533342893846415,0.06897140294313431,-2.3109642602202074,0.08254923671483994
Gaia,DR3,5537499105655055616,117.7743615643984,-40.37965648618226,19.989612579345703,2.621774673461914,4.457763389786832,7.386036609919023,67.88455738670353,32.770816912640946,,,3.28303017621893,nan,,,0.9971744418144226,,None,-11.669910326040814,-3.3916962490488074,-9.15975715647062,0.39901304244995117,-1.5979335671342811,0.44894060492515564
Gaia,DR3,5537356031705945472,119.26745999629244,-40.33742361066551,17.796401977539062,2.649099349975586,1.8504984233882091,8.479248167264672,52.58069489139854,32.42688163478034,,,3.5473633207641417,nan,,,1.0233128070831299,,None,-13.030123426571572,-3.899110274834552,-11.70212054921267,0.09104807674884796,-3.5099831632577274,0.10066080838441849
Gaia,DR3,5539207884154837376,117.79695141246795,-37.11139006452173,18.723115921020508,2.741485595703125,1.13776953240864,9.010432541786876,39.904890016234674,32.433012529149934,,,4.281879993433364,nan,,,0.9756112694740295,,None,-15.228196644994998,-6.107595629521373,-14.387808170539227,0.16474948823451996,-6.69795409209612,0.1663762927055359
Gaia,DR3,5538874968357037568,118.24513008434826,-38.371766736392225,18.08292007446289,2.9391345977783203,3.246525954132886,8.57487251568487,69.12957753167086,32.46998441272481,,,3.3068955296381475,nan,,,1.0002726316452026,,None,-11.879243929355981,-4.275493416776947,-13.895800929755554,0.12211446464061737,-3.2479943174790984,0.12171269953250885
Gaia,DR3,5539224273759528192,117.05360911333634,-37.27939047691269,9.614151000976562,0.5869369506835938,4.098590015802188,8.44673052927561,38.11364841446198,32.62527477125565,13.239055633544922,0.7018585801124573,3.9094733643412436,nan,,,2.1974267959594727,,Gaia_DR3,-13.669514257562007,-5.389609370757324,-17.030727704503615,0.03195543214678764,-5.724733829153652,0.033503152430057526
Gaia,DR3,5541330903682890240,124.14456429367297,-37.37004693161404,16.363704681396484,2.6921138763427734,1.0910669377647368,13.133392067547375,65.71806601256367,30.875728615981537,,,4.85834536666767,nan,,,1.002371072769165,,None,-19.64080119459086,-8.022280174009087,-19.910933274322367,0.039549607783555984,-9.10659578676762,0.040929023176431656
Gaia,DR3,5538637370767938176,116.13167456607009,-38.767437868575946,20.024885177612305,2.8087635040283203,1.6487447197768499,6.9687654763455456,57.39265674250983,32.989701555984595,,,3.4040226175268065,nan,,,1.0202685594558716,,None,-11.646458778934177,-3.964203491244864,-10.463430845825238,0.4108378291130066,-3.9806892852041713,0.5578511357307434
Gaia,DR3,5537345208387652608,118.93180746682323,-40.485541796942364,15.065679550170898,1.954071044921875,3.5991251701815155,8.191086618767839,35.6176185310392,32.517547973349,13.180163383483887,22.6431941986084,4.00105606937437,nan,,,1.0744233131408691,,Gaia_DR3,-14.590831824095071,-4.271324906557894,-13.985044353187059,0.023777823895215988,-7.245995937111292,0.024930793792009354
Gaia,DR3,5537556726936620416,117.20852626537028,-40.06938397783602,17.049453735351562,2.3936405181884766,4.635283998252456,7.090692200500027,63.259444936449526,32.870349065064204,,,3.3313012319893147,nan,,,1.0326005220413208,,None,-11.689690650237713,-3.4914277385896,-8.91969955496537,0.06901545822620392,-5.201300819246432,0.06710343807935715
Gaia,DR3,5540932227633373824,121.32873212299033,-38.624890680671484,17.50986099243164,2.6721439361572266,4.276606279867905,10.588291182953768,59.103438646428096,31.756594593859223,,,4.890600429024367,nan,,,1.037455439567566,,None,-18.744497615123954,-6.785127115345294,-14.922343150671427,0.07169027626514435,-8.983205746543085,0.07482923567295074
Gaia,DR3,5541404296070095744,122.93673217321565,-37.66279860730817,16.758045196533203,,4.922041150730464,12.148505185287254,59.78070795008541,31.23162745890253,,,3.693291399363716,nan,,,5.4743266105651855,,None,-14.60257442594272,-5.785300633062973,-10.924866218777167,0.5316936373710632,-4.708104492612385,0.6640849113464355
Gaia,DR3,5540648897231004800,121.82775385212189,-39.3642352037988,18.618276596069336,,1.3946584579381323,10.656294096895904,57.28432095220514,31.71586639917112,,,3.609713546756198,nan,,,1.090937852859497,,None,-13.971952077854414,-4.772405182026831,-13.648551385842408,0.3108847737312317,-3.761594984447279,0.22505031526088715
Gaia,DR3,5541457759836615040,123.22695382410593,-37.091679788317535,16.618242263793945,2.409459114074707,3.990988687528322,12.624078114571246,56.212771828813864,31.080122723013606,,,3.896864216669328,nan,,,1.2169713973999023,,None,-15.491319175817223,-6.406985454816116,-12.216587762097497,0.049872025847435,-6.247972863482866,0.052013371139764786
Gaia,DR3,5542235148918232448,126.56196106795367,-35.949205876665474,17.378698348999023,2.547910690307617,3.731753227156868,15.517346481869778,66.069106674392,30.003513966413124,,,4.147498204468749,nan,,,0.9740129113197327,,None,-17.48233627328046,-7.940450326340893,-14.245866235284502,0.06718847155570984,-8.354122272570617,0.07965065538883209
Gaia,DR3,5541282937486204160,124.23797326620577,-37.41965460387276,16.14249038696289,2.139873504638672,2.7412322300264753,13.176519684481574,58.37273366286102,30.857659776627422,,,4.456226001245046,nan,,,0.993887186050415,,None,-18.045456050227365,-7.351014834982017,-20.20158771825953,0.035431310534477234,-5.9429845890169855,0.03619765862822533
Gaia,DR3,5541279673315067264,124.23043098418509,-37.581737912917,17.639907836914062,2.616527557373047,2.7860990958900063,13.097843937075751,55.88755661869161,30.881660367886223,,,4.158361417343011,nan,,,0.9989097118377686,,None,-16.836974113382237,-6.781702928851569,-17.687307052090993,0.07852261513471603,-9.071259184553643,0.09663660079240799
Gaia,DR3,5541426801711208192,123.1027100525953,-37.39744587415067,15.393409729003906,2.3650007247924805,4.351075374013982,12.389349259432572,64.30084290048622,31.153700498696082,2.9913947582244873,8.953968048095703,4.893870917186904,nan,,,9.509673118591309,,Gaia_DR3,-19.409726677947223,-7.849266624070071,-19.488742633695956,0.25611841678619385,-12.337476241575898,0.3088248670101166
Gaia,DR3,5544556080513813760,122.69381132012968,-36.35980370467863,18.453365325927734,2.309123992919922,2.3155422539000257,12.638556718993003,54.01136293438784,31.11854384611269,,,4.115153687414537,nan,,,2.3640334606170654,,None,-16.196095816361474,-7.020162575543592,-17.78711815516557,0.39383450150489807,-5.793866400459828,0.4629897177219391
Gaia,DR3,5541817334495988096,126.47213329469483,-37.340658884642785,16.665359497070312,2.708104133605957,3.8498265457151293,14.801786601958973,69.71022304704108,30.23994042752259,,,4.793853709197842,nan,,,0.9865946173667908,,None,-20.176736782212604,-8.419218957560817,-17.772830572277552,0.04901374503970146,-5.360126005927155,0.055798906832933426
Gaia,DR3,5543961897562650880,121.02864870508908,-38.03063885410777,18.86408233642578,3.0041732788085938,1.2096982848384907,10.644793474926908,59.007600485471386,31.761406499178296,,,3.572990231507838,nan,,,1.85368013381958,,None,-13.612494353644205,-5.161024421059885,-13.737189942817485,0.4529931843280792,-4.258425507486093,0.44207271933555603
Gaia,DR3,5544443719873118592,120.5008975120839,-36.47097241066898,18.899311065673828,0.17854690551757812,4.705250750745617,11.120128048395099,47.57644148786468,31.696331190563054,,,4.151086952125055,nan,,,1.0040688514709473,,None,-15.646514662454877,-6.664708462725958,-15.834688786600465,0.15511776506900787,-10.777928201353642,0.1915634721517563
Gaia,DR3,5544771821016563712,123.0045278731576,-35.156212583365466,19.929452896118164,0.48537445068359375,4.7681501180828105,13.53435749869684,62.27375777623928,30.858846800322432,,,4.6214955346844535,nan,,,1.0012555122375488,,None,-18.29579119532172,-8.57641331475713,-17.757342762848182,0.3602146506309509,-3.962317617638374,0.3995477259159088
Gaia,DR3,5542079877261637376,125.93304275139666,-36.84728125678985,17.012216567993164,2.8406553268432617,2.3983932433916904,14.63949264499219,64.6992450218406,30.316680143620545,,,4.519618270868429,nan,,,1.0766233205795288,,None,-18.851303434672378,-8.07871145651135,-16.927193946068904,0.05792689695954323,-6.845957233985698,0.07424924522638321
Gaia,DR3,5543221651359065600,124.60742970118999,-35.12892066814808,18.731603622436523,3.205923080444336,3.890345286458644,14.614094501060514,66.64926872507422,30.41886467735383,,,4.656484735424615,nan,,,0.985202431678772,,None,-18.981141224145652,-8.95695655446387,-16.41540352776881,0.13731005787849426,-11.78555053855207,0.18833884596824646
Gaia,DR3,5544428739026623872,120.5306125790001,-36.63262369549219,18.715147018432617,3.230905532836914,1.729726362521729,11.045326606120275,66.60106635261283,31.71023954695752,,,5.125355835075047,nan,,,0.9888067245483398,,None,-19.33053778763441,-8.13819010681963,-20.844669344761787,0.1498473435640335,-9.233772209539545,0.1732325702905655
Gaia,DR3,5544498145701283072,122.43527056446356,-36.93259833483107,19.054529190063477,3.184947967529297,3.060599308247031,12.158666467677563,68.95522973972086,31.264963759827257,,,3.4911755671403752,nan,,,1.0052205324172974,,None,-13.67280546593788,-5.689131342485512,-15.05657686235032,0.16736701130867004,-3.9117618860752033,0.18195362389087677
Gaia,DR3,5541372096704474496,124.66031576104692,-36.901927101797604,18.431907653808594,,3.1628106421786137,13.716600423585172,58.719863138688126,30.672157199672895,,,4.083102044428438,nan,,,1.0521910190582275,,None,-16.659472732941353,-7.0488541433994385,-14.062446175748711,0.1371786743402481,-7.865561133788546,0.13610289990901947
Gaia,DR3,5543183168456222464,123.95414335848339,-35.53315335954747,17.093555450439453,2.711618423461914,0.9222265784805045,13.945903868325816,65.95156650348662,30.660694637920933,,,4.744641867035626,nan,,,1.0076695680618286,,None,-19.115208030411807,-8.784090040911881,-19.906975690924302,0.052171554416418076,-8.310827953118208,0.06707155704498291
Gaia,DR3,5543299849822197120,124.78644063696417,-35.17680978369648,18.283735275268555,2.673412322998047,2.1829740566132028,14.707443158788816,66.62083678572874,30.377049726910464,,,3.827054835525291,nan,,,0.9977684617042542,,None,-15.649592158540335,-7.369106399095463,-14.22500940967117,0.11524242907762527,-6.333572364095056,0.13778753578662872
Gaia,DR3,5543677364575610368,125.81818673051608,-34.50173596499176,13.526229858398438,1.3545904159545898,2.644481755797865,15.78808357007939,67.18111417489288,29.977126861373243,4.071183204650879,1.349694013595581,4.273509126454459,nan,,,0.9552004337310791,,Gaia_DR3,-17.790088189523733,-8.730699722295066,-18.739855319642384,0.010221254080533981,-6.545792350086744,0.012989719398319721
Gaia,DR3,5536912447478433792,114.4946786175776,-40.73850685503974,15.082706451416016,2.3359546661376953,2.9559421888248547,4.923927294349575,30.659487428895336,33.50423877028489,-4.143264293670654,10.3045654296875,4.47373861444205,nan,,,1.7301582098007202,,Gaia_DR3,-14.699857695696135,-3.856281085622692,-12.667132410340695,0.035669513046741486,-5.764086649262244,0.04032529145479202
Gaia,DR3,5545112192881844224,119.83733467197153,-36.469354266614395,14.507829666137695,1.5493278503417969,4.255763001765115,10.692859408320933,57.62060926447306,31.86139483471351,-4.290951251983643,5.249819755554199,3.6055152034565485,nan,,,1.117530345916748,,Gaia_DR3,-13.404537463883132,-5.696540748227728,-11.254025391127344,0.014849185012280941,-3.2802043786022352,0.016681088134646416
Gaia,DR3,5545763481728390656,121.76307547493909,-34.80483022959743,17.468589782714844,2.577146530151367,3.5087176049400455,12.954625079859683,58.585877326855716,31.13428590509696,,,3.8502528136940724,nan,,,0.9536290764808655,,None,-14.884149542903527,-7.1124412974330635,-12.214217269613455,0.07027749717235565,-6.1214043301680325,0.07355677336454391
Gaia,DR3,5546732117119880960,123.61880650462027,-33.11650307068896,18.34119987487793,3.028522491455078,2.1955376250979657,15.223853854993596,64.88218053455572,30.35669680272632,,,4.274074373217498,nan,,,1.022905707359314,,None,-17.114342984592746,-9.016606291195652,-15.136164691548364,0.11563814431428909,-9.00398774651002,0.13584411144256592
Gaia,DR3,5547319462481432064,122.54536714155974,-33.91671632951944,16.283605575561523,2.3762083053588867,4.549701491208788,14.023335303122455,61.18750601018828,30.785594740742567,,,4.4223606631866526,nan,,,1.0282877683639526,,None,-17.356136478887645,-8.74972817563956,-17.571489259874127,0.03652982413768768,-12.985844638179355,0.040492162108421326
Gaia,DR3,5559400724438261120,106.64705504264955,-42.99635206414415,16.530656814575195,2.436068534851074,1.870600100242006,1.3498281712814113,35.92786312785957,35.03910260069985,,,3.546062932896007,nan,,,1.0120539665222168,,None,-9.22209130361795,-1.0905069321008698,-9.248713290582831,0.048838306218385696,0.30759868992486017,0.05282125622034073
Gaia,DR3,5545641603432565120,120.88147833443345,-35.26831059065033,19.42923355102539,3.5534839630126953,1.3925994229863001,12.103611248692504,69.46660426060764,31.43232350540609,,,5.134831877608633,nan,,,1.069554090499878,,None,-19.50491524582289,-9.03746188472402,-20.900318993505813,0.24579791724681854,-8.467143913117049,0.2862165570259094
Gaia,DR3,5548237211097181184,122.7611363142892,-31.427124050679183,11.017857551574707,0.8079748153686523,4.942407039874475,15.902830954008127,69.29971473241854,30.289220358346896,53.97710037231445,0.3994136452674866,4.508342020447274,nan,,,1.0338891744613647,,Gaia_DR3,-17.76621006687119,-10.218018653711091,-16.238729443115847,0.011377912946045399,-14.660007533726557,0.012202199548482895
Gaia,DR3,5545838557758432256,121.32289887951619,-34.30922734653538,17.00067710876465,2.790048599243164,2.086829868742677,13.007709408289132,61.57563762611109,31.173163816264655,,,3.746162325994347,nan,,,1.0537519454956055,,None,-14.356475203510065,-7.070278489994138,-13.746629595874314,0.053273916244506836,-5.539236652978012,0.06003044173121452
Gaia,DR3,5556826763420887552,97.5061641901382,-44.3291507660351,19.693511962890625,3.063518524169922,2.7484253871599567,8.072184065102013,35.812381427263645,36.24075215288306,,,4.254478142423206,nan,,,1.0630971193313599,,None,-7.411798927158968,0.45551065766941967,-8.739944486806646,0.33442795276641846,2.5321386974012894,0.3206194043159485
Gaia,DR3,5557131225061346432,100.92227750745937,-43.179949492024,18.35894203186035,3.0549850463867188,2.3963446683457392,5.46738317917543,62.578729543481494,35.85075016065365,,,5.333488011778344,nan,,,0.8904485106468201,,None,-11.03682919707234,-0.6616625907752915,-10.446066012415077,0.12610392272472382,-3.2904362058781804,0.15666449069976807
Gaia,DR3,5557337555290170752,100.78650583680547,-42.933373213648494,19.919246673583984,2.7621917724609375,2.2868820899354065,5.548212554828778,61.28727367279906,35.864853536274424,,,3.31213750823176,nan,,,0.9874687790870667,,None,-6.811320213186539,-0.5076637515159046,-8.340507064821562,0.4261074364185333,-0.04801754020160029,0.4232732057571411
Gaia,DR3,5545025808198545408,122.42677375217163,-34.739521195021105,19.344640731811523,3.4483108520507812,4.851411816558768,13.41688432077556,69.23497112321779,30.948714695027125,,,3.5860385181982957,nan,,,1.2946473360061646,,None,-14.042042745669345,-6.743309131970063,-14.680955750047385,0.29006972908973694,-10.354764709834038,0.4350663423538208
Gaia,DR3,5546748163099600384,125.22708386077862,-34.11588714223099,17.674264907836914,2.487874984741211,4.327907531743527,15.621259811827116,66.44089786656511,30.07893065427602,,,4.173741015037269,nan,,,1.095839500427246,,None,-17.19927476478036,-8.604393122196258,-16.124498952380854,0.07357806712388992,-12.257552939245617,0.1071266382932663
Gaia,DR3,5560053456388579456,107.72407150517598,-43.50621225482196,16.471118927001953,2.0951156616210938,4.096636511204698,1.1750358146720783,59.000383047299344,34.87945914182699,,,3.274955688755908,nan,,,1.0274937152862549,,None,-8.835405611352622,-0.9039681961161383,-10.611324224995201,0.041820891201496124,-3.1051828318293726,0.04332830384373665
Gaia,DR3,5556735091638513280,97.08903562209545,-44.421719092352355,18.667871475219727,2.846059799194336,2.310378488117613,8.381868962598498,43.922510253544765,36.28232791658844,,,3.7144660217064893,nan,,,1.0485692024230957,,None,-6.320954140433347,0.47616413784878553,-7.45450590004885,0.16197340190410614,-0.9338102126698622,0.18210424482822418
Gaia,DR3,5560806239598053248,110.97110484971029,-40.568681214037895,18.389461517333984,2.8374557495117188,4.422114784569488,2.717974281716675,34.23702082086315,34.18655068250572,,,3.5904494955647164,nan,,,0.9771081805229187,,None,-10.717662649072524,-2.71970562684251,-10.318171568815448,0.12992475926876068,0.6034796385290284,0.14488878846168518
Gaia,DR3,5560808752156991744,110.91297286615128,-40.587625248671905,19.602807998657227,2.914548873901367,3.6253917321065,2.672956722001989,49.38953255056901,34.19862974414074,,,5.04245383247996,nan,,,0.9995412230491638,,None,-15.026450831875078,-3.797623674283202,-17.670682398405937,0.28740450739860535,-6.601147513667124,0.3401789963245392
Gaia,DR3,5557000658057200512,100.21876366883085,-43.700305781824085,19.239656448364258,2.6518383026123047,2.344829925698016,6.042657423409648,59.92690715313849,35.9402881118608,,,3.3416017751372573,nan,,,1.036467432975769,,None,-6.691622797357639,-0.1273108368454341,-7.322808147706904,0.23439054191112518,1.3991382721574863,0.2232111543416977
Gaia,DR3,5545447062886932096,118.98031243690332,-35.49965085310204,18.404958724975586,,4.044990078838172,10.788213355440206,48.72713649582461,31.94275856270893,,,3.878065026038506,nan,,,1.0481042861938477,,None,-14.157162527516734,-6.443292604837039,-17.14020532723561,0.14127397537231445,-5.015993067886048,0.32553449273109436
Gaia,DR3,5544039584934222080,121.09021111490978,-37.74514942699677,18.332155227661133,3.1685028076171875,4.8886935112746555,10.825317076005957,53.38782572392982,31.711539562848802,,,4.636538938590861,nan,,,1.1224138736724854,,None,-17.68628479134694,-6.863603660488581,-13.628264533971691,0.1555246114730835,-9.386520228321613,0.1917094737291336
Gaia,DR3,5545027148229792896,122.26236978394608,-34.7685615538311,18.372438430786133,2.8529720306396484,3.324910436856288,13.29378678317927,57.29476953001382,30.99691359163063,,,4.313525583420473,nan,,,0.9918558597564697,,None,-16.837493800688144,-8.069431138528065,-13.98609322061,0.11979610472917557,-7.064045498560999,0.13309337198734283
Gaia,DR3,5545108649530512768,120.09812164417534,-36.30645007728758,19.608135223388672,3.040935516357422,1.5873632461385103,10.958579819990868,47.26268577479589,31.775150500681704,,,4.234967861536935,nan,,,0.9698912501335144,,None,-15.830628282787396,-6.8144954160722655,-15.63343887560263,0.26424258947372437,-8.217865744429385,0.31077754497528076
Gaia,DR3,5560564037803198336,110.09107622454479,-42.08345821602615,19.24956703186035,3.2917232513427734,2.2911483296912882,1.3643801575183112,38.02546093819594,34.42875705162793,,,3.5196932010333253,nan,,,1.0132635831832886,,None,-10.235704189527059,-1.8874276101127694,-8.58863505516714,0.2291473150253296,-2.3083416470314093,0.2714006006717682
Gaia,DR3,5545132911803926912,119.04310684836236,-36.64023285140786,16.639381408691406,2.507565498352051,4.637159033784442,10.083654930601652,43.184139472910815,32.07798030109991,,,4.1298072824804235,nan,,,0.9454621076583862,,None,-15.096619718365949,-6.316131614490956,-12.158091974833402,0.041706785559654236,-3.5478289525407485,0.050086088478565216
Gaia,DR3,5557248013813009152,99.36432698111972,-43.270725850231834,18.338287353515625,2.880636215209961,4.983958353621477,6.606183490801282,28.374756785628392,36.03890309469138,,,4.088810798449621,nan,,,1.0799580812454224,,None,-7.854411647405894,-0.3062017423969037,-11.46464672703975,0.15548238158226013,2.022249971120603,0.15755918622016907
Gaia,DR3,5557111025831593600,100.38373499224576,-43.42550949582765,20.358413696289062,2.1844940185546875,2.507745937956714,5.884292997049515,63.00651962446683,35.9190797791586,,,3.3000241494007168,nan,,,1.088998794555664,,None,-6.660166232254177,-0.25885143756072937,-8.404156022393993,0.5406185388565063,-0.30439287815364113,0.6505926847457886
Gaia,DR3,5559446972646278016,105.18978485973975,-43.47585584766241,14.379413604736328,1.845719337463379,4.021756589283763,2.5147282874651284,53.69138660623465,35.271809708517324,-6.223140239715576,2.800346612930298,5.160250615057429,nan,,,0.9904356002807617,,Gaia_DR3,-12.733763022952598,-1.0387960363879118,-13.19116765757962,0.016757240518927574,3.3122257726161073,0.01690514199435711
Gaia,DR3,5560526310812340736,111.51067711469308,-41.391991439318126,17.22530174255371,2.655447006225586,3.7743431686847586,2.596227282990763,30.920123322175893,34.13386100763445,,,3.633790301685191,nan,,,1.0301165580749512,,None,-11.017160596702375,-2.443776434745317,-8.127783666475073,0.06552841514348984,-2.3384508997812414,0.07222799211740494
Gaia,DR3,5560008788726058752,108.14002853658502,-43.52436477177299,15.94194507598877,2.3970394134521484,3.8000212391144466,1.1208396229256614,16.786349485753856,34.81208464235359,,,4.338567161337125,nan,,,1.2915810346603394,,None,-11.866684762397181,-1.2463614715515732,-8.926327957844785,0.05969025194644928,-3.09940117396689,0.08248605579137802
Gaia,DR3,5548264595809930752,122.8904611723646,-31.219808515122992,13.5098876953125,1.181260108947754,4.279922440169597,16.130666615364028,69.10580415283387,30.21404275844269,-17.396255493164062,1.8216207027435303,4.0665601488575085,nan,,,0.9221618175506592,,Gaia_DR3,-16.06441844804592,-9.329460694266672,-15.88328824016799,0.011115754023194313,-12.994043610753737,0.011406473815441132
Gaia,DR3,5561814148163258496,109.90145438115634,-39.97270203020959,18.105098724365234,2.6150131225585938,3.0938235856327077,2.718136192176558,62.844654347834265,34.34663375350101,,,3.245850634311121,nan,,,1.0130904912948608,,None,-9.385242731389686,-2.587639213972334,-9.476280959278684,0.11469829827547073,-0.47262429935517836,0.12285169959068298
Gaia,DR3,5562586043984076288,104.62546948885914,-42.73998593049251,10.720467567443848,0.6833229064941406,4.173008852048888,2.7267814073235983,38.78423461945933,35.340373139960974,15.402589797973633,0.29831022024154663,4.776235570762056,nan,,,0.887501060962677,,Gaia_DR3,-11.538095005411645,-1.3398708855559684,-7.351844759487558,0.011326116509735584,-1.7000076140464868,0.012190761975944042
Gaia,DR3,5561218766916535296,107.7987321497575,-41.44109581000606,15.305115699768066,2.1907548904418945,2.3059321130805532,1.0383532606272596,62.867752302747185,34.79714551273376,,,5.438711857960681,nan,,,2.2254626750946045,,None,-14.709400709817746,-2.954936386574962,-15.492123017613496,0.10156931728124619,-5.480247086000595,0.08586527407169342
Gaia,DR3,5561609329765973760,110.23799296834261,-40.165706999113425,19.215595245361328,2.9656848907470703,4.364391384231895,2.674377392699819,34.000305036576634,34.29733022444484,,,3.592708372640415,nan,,,1.024776577949524,,None,-10.494352250967959,-2.816014367096061,-7.779086965461623,0.25547903776168823,-0.9309003775920242,0.23834043741226196
Gaia,DR3,5561859472954326912,109.88567460831315,-39.47779691229649,20.14122772216797,2.5045127868652344,2.6107043823022082,3.1666087075933222,35.24012777458341,34.31562252995377,,,3.587570210360868,nan,,,0.9960878491401672,,None,-10.368330209292605,-3.082661444904324,-10.424145706978749,0.5321432948112488,-5.056337263295721,0.5036066770553589
Gaia,DR3,5562025907232241024,102.23919241400327,-44.312030027301184,18.834985733032227,2.9883899688720703,4.577038806428351,4.7989074731085495,55.0499092381262,35.689186326530944,,,3.369394147308275,nan,,,1.004661202430725,,None,-7.391073321744973,-0.02978733249352139,-9.575691670758529,0.20014363527297974,2.3779017958224387,0.184748575091362
Gaia,DR3,5546076838237306624,120.93634421852013,-33.578468187259084,17.622272491455078,2.932361602783203,1.2564895977164847,13.282685825180618,62.15570076980241,31.15824182948211,,,4.662683567962921,nan,,,1.0126267671585083,,None,-17.73106221553461,-9.123982201942658,-18.94323589915756,0.06948474794626236,-8.887350070139119,0.07697887718677521
Gaia,DR3,5547433158853731968,122.11952550271356,-33.26358089804887,17.982282638549805,2.7063236236572266,3.286351309350682,14.206237403162715,60.92830594565102,30.79183078118249,,,4.309289920045823,nan,,,1.078270435333252,,None,-16.774661974872192,-8.775806412476566,-14.305965917232554,0.09375405311584473,-7.096967220954048,0.12011445313692093
Gaia,DR3,5540629926355678592,121.89156379050668,-39.61075322247356,19.10310173034668,2.9787731170654297,1.3865887899829403,10.616911404856467,45.4665010999118,31.72678578568946,,,4.097795584354207,nan,,,0.9741749167442322,,None,-15.88091813650794,-5.310959275106422,-15.721406395126708,0.20519950985908508,-6.498104469418603,0.2391224056482315
Gaia,DR3,5560423815710276608,111.62350337091941,-42.19733540848579,19.657020568847656,3.254701614379883,2.7214535650911316,2.465993071489858,56.724235949072416,34.154297454547496,,,5.244802441807314,nan,,,1.0263867378234863,,None,-15.95269845945803,-3.017115220149432,-12.952094118065778,0.37833741307258606,-2.7925700507545637,0.3600299060344696
Gaia,DR3,5561107853680441728,107.3005380061308,-42.36178052182101,18.02490234375,2.536834716796875,3.727832305831487,0.740815706931196,61.32220101902437,34.915729071735186,,,3.248494568597396,nan,,,0.9864935874938965,,None,-8.64019331946044,-1.3305265060150018,-7.881890043531149,0.10990102589130402,-3.76818009725256,0.11793608218431473
Gaia,DR3,5557332538770059520,100.50031438252057,-42.84402400249655,19.21540069580078,2.8811912536621094,4.567180975251216,5.754208419420096,27.78123042982069,35.8991441117243,,,3.875378389987233,nan,,,0.9860829710960388,,None,-7.864307261037067,-0.6128246405298328,-10.986968701209733,0.24484926462173462,-2.655168106205156,0.28377994894981384
Gaia,DR3,5561851776376241152,110.36579978961872,-39.44616395359934,17.014755249023438,2.6105470657348633,3.6616702043939235,3.348695200185038,53.09430822283184,34.22406642109361,,,3.36362956436678,nan,,,1.0151935815811157,,None,-9.862875556897631,-2.955814361979203,-11.245414186499401,0.05528668686747551,-5.153563248190895,0.06151133030653
Gaia,DR3,5560802292527611008,110.94065567833302,-40.75548958791705,18.06313705444336,2.884469985961914,2.7948422864301103,2.57540262020596,18.29175499462196,34.2037705551722,,,3.8325902367749918,nan,,,1.0550153255462646,,None,-11.430308244675693,-2.8090249447535096,-9.257843673791742,0.10757356882095337,-3.424948960729899,0.12003283202648163
Gaia,DR3,5561333528443220736,107.79172866200906,-41.00229559475528,10.439949989318848,0.6914396286010742,4.8757608545709195,1.4579867842542535,42.64549928408125,34.77758277242999,20.62744140625,0.23754799365997314,3.463590265002963,nan,,,0.9567562937736511,,Gaia_DR3,-9.365359984851045,-2.0757260640220823,-6.3588311362684635,0.015325414016842842,-0.16916355442946385,0.015655241906642914
Gaia,DR3,5561720036841268864,109.30327758169712,-40.20157212401491,18.78948402404785,3.221242904663086,4.167465481483048,2.332869203663313,57.81638679639641,34.469757302216365,,,5.277779091974178,nan,,,0.9776138663291931,,None,-14.981924402011789,-3.9528380518376225,-12.241542839755951,0.1786133497953415,-7.693137953658374,0.1749422699213028
Gaia,DR3,5561872151700871424,109.88729090527494,-39.273333743747955,15.905035972595215,2.023331642150879,3.549991580889362,3.3578849736803416,57.24704697340403,34.30056905463415,,,3.315787099116567,nan,,,0.9996005296707153,,None,-9.583329438112596,-2.9349358204772544,-8.28524948160481,0.03202255442738533,-0.8200894523034397,0.03313437104225159
Gaia,DR3,5562510315121779968,104.64160444434897,-43.262501795473604,18.26540184020996,0.9930953979492188,1.315575160060194,2.815671203279829,38.30358322484996,35.34868185682162,,,3.537870786070687,nan,,,3.2121047973632812,,None,-8.551805154272792,-0.7535565428147963,-8.956949571410004,0.4749763011932373,-1.647185837295848,0.5218064785003662
Gaia,DR3,5560072796625590272,107.8454706614861,-43.327103773005575,18.396636962890625,2.3635902404785156,3.686077649104391,0.9763051187867282,55.020626627880624,34.85544621612666,,,3.317405414545017,nan,,,2.4023659229278564,,None,-8.986084564622166,-1.0050217007317124,-8.434230232108245,0.45245620608329773,1.5130462592055869,0.43801429867744446
Gaia,DR3,5560368706988762368,110.76007449909596,-42.34554617716091,18.91138458251953,2.9092655181884766,4.696742785147889,1.8173339364866146,56.2797612387385,34.31985616900069,,,3.3087831654584154,nan,,,1.0130867958068848,,None,-9.816050761902265,-1.7408287854328135,-7.374789856771825,0.2040814459323883,-3.9255573700744657,0.28298985958099365
Gaia,DR3,5563881955876034560,104.74777319868215,-40.12993094980546,17.260990142822266,2.7484664916992188,3.3403574455051523,3.51105427515033,54.28527045815517,35.224418496337215,,,5.154337160167713,nan,,,1.0427947044372559,,None,-12.509604777169148,-3.2114538682440736,-8.889140972690871,0.06826803088188171,-2.9542859163538235,0.07419168949127197
Gaia,DR3,5563828590904619264,105.00545359369119,-40.33641545558543,18.396089553833008,2.6776046752929688,3.0132442359095064,3.2269632806983775,20.05476782396624,35.195199768227646,,,3.8358496837353697,nan,,,0.9598397016525269,,None,-9.400615795586234,-2.3144582526494903,-11.80762512525365,0.14184799790382385,-1.9357668132541521,0.13203613460063934
Gaia,DR3,5564006956604406912,102.9414739542212,-40.21097958035667,10.766058921813965,0.6684970855712891,2.531036316644092,4.58609352280823,56.65577360180004,35.496009371507036,-25.31133270263672,0.3656500577926636,3.3451502435622107,nan,,,1.3352477550506592,,Gaia_DR3,-7.557962499101227,-1.889512876707457,-6.7541000122325014,0.017077431082725525,-0.29591716543990976,0.01967588998377323
Gaia,DR3,5564541010018231040,106.5507289037919,-40.155960895145064,15.356307029724121,1.8598928451538086,4.268993948707695,2.6095096233462205,34.306247331871,34.93962931294531,,,3.587092501970309,nan,,,1.116843581199646,,None,-9.297444334636685,-2.405540397383243,-6.456262760137869,0.026920845732092857,-3.9381571325191054,0.027355987578630447
Gaia,DR3,5561708560688319488,109.51716591582954,-40.341997125121324,18.485671997070312,0.9320735931396484,4.524078146193304,2.2600038009388057,65.05740754601177,34.43993939016106,,,3.2180120252061024,nan,,,3.5811052322387695,,None,-9.19575106100471,-2.3749504071253518,-6.1736714460270035,0.4144825041294098,-1.8398577494155277,0.45375606417655945
Gaia,DR3,5562616005674529664,105.07669460886538,-42.45919140039804,19.61005973815918,2.989727020263672,4.987543734833136,2.3803671025976336,34.16466669013102,35.2663233588226,,,4.677041558627255,nan,,,1.073399543762207,,None,-11.492777444905983,-1.5434897867687742,-6.615346821693009,0.33461707830429077,-2.170403535022257,0.39174991846084595
Gaia,DR3,5563192218488170624,102.51390232567039,-42.145391982675775,8.037595748901367,1.296949863433838,3.1103297162412793,4.289459511470545,47.05542188867587,35.624904046553404,-7.418045520782471,0.12749598920345306,3.4576374567817783,nan,,,1.0174368619918823,,Gaia_DR3,-7.6737598500748625,-1.0392260733178873,-5.665952606799346,0.0200668852776289,-2.0921300109920664,0.020558957010507584
Gaia,DR3,5559515039289062528,104.8823205710552,-43.180149800880656,17.914833068847656,2.0674972534179688,1.9115603865101791,2.6242762627691647,50.33059983332184,35.31192789887963,,,5.068166370171349,nan,,,4.001750469207764,,None,-12.363270764441506,-1.1692052398772623,-10.444231021737268,0.4675910472869873,-0.47029148264298976,0.48799535632133484
Gaia,DR3,5562473034803965952,103.40099985104189,-42.2741737513222,17.683034896850586,2.8624954223632812,1.7642014004179434,3.6241099945078203,36.2257239126591,35.50523443170596,,,4.685530170338134,nan,,,0.9716091156005859,,None,-10.787229802399793,-1.4394609552175957,-11.996971499314917,0.08577780425548553,-0.18519352889890922,0.0893658772110939
Gaia,DR3,5562873463195261568,104.66477738641098,-41.732176548775996,14.72204303741455,1.879873275756836,2.7792651516617495,2.7830151538702803,48.87483719391233,35.30564874084375,22.26728057861328,4.805135250091553,5.02663951377266,nan,,,0.9788550138473511,,Gaia_DR3,-12.161225600151386,-2.0745621339407796,-15.097341899639355,0.01858563907444477,-2.3043328095386055,0.02070746012032032
Gaia,DR3,5564151679822137984,103.5336812669983,-39.36498111288451,12.47627067565918,0.860508918762207,3.6705578468365525,4.716902758008028,62.91227906958878,35.36597074212242,-7.527420997619629,0.886740505695343,3.275090851385801,nan,,,0.9881832003593445,,Gaia_DR3,-7.5804994487891175,-2.2609277702515085,-5.24010702179475,0.009868746623396873,-1.2888650968591056,0.01121770404279232
Gaia,DR3,5563079995285544576,101.84306026318082,-43.0487892303115,17.93023109436035,2.6921463012695312,4.709248382854747,4.7857060233219,52.50101820630504,35.73168095856109,,,3.400690843708807,nan,,,1.026282787322998,,None,-7.333034001732107,-0.5595800355904361,-5.725751567404883,0.09525248408317566,-3.5284887786279597,0.11808966845273972
Gaia,DR3,5563427234801919872,101.58465036502797,-41.966897845260476,17.87611961364746,2.277853012084961,2.622101453073353,4.995064914087866,23.532324688331947,35.744667893526,,,4.2363495478355535,nan,,,5.415230751037598,,None,-9.031806122404562,-1.2724867893974776,-8.479268663468615,0.42478957772254944,-3.5480734950045196,0.4417448341846466
Gaia,DR3,5556878440467771264,98.64968108474935,-43.487439369703125,17.618030548095703,2.888561248779297,1.6536525231879127,7.142241782081964,32.891370544841294,36.12092474553095,,,3.897050136437347,nan,,,1.1632636785507202,,None,-7.2189019966284995,-0.11666662142546036,-6.000575058980414,0.10721371322870255,-0.7177514778031897,0.10219188034534454
Gaia,DR3,5556958709113040128,99.35827952874395,-44.328659772009644,9.931681632995605,0.5780601501464844,4.219373519813849,6.774371086751561,61.001328827860014,36.0400018043139,-8.71798038482666,0.9031471014022827,3.349943928034781,nan,,,9.707305908203125,,Gaia_DR3,-6.433144309418315,0.21986523268305658,-9.160130906046513,0.15437521040439606,1.4208361395600633,0.15214788913726807
Gaia,DR3,5541916531054714112,126.75773335668993,-37.016680959329086,19.19210433959961,3.1009273529052734,3.8303073087434267,15.14873361741644,64.63380381348172,30.112782743999873,,,4.115987123824812,nan,,,1.0194905996322632,,None,-17.405663229271116,-7.429174813206304,-15.864231843216187,0.19651518762111664,-4.484721222184442,0.2156214863061905
Gaia,DR3,5562796836680484608,104.41140278232756,-42.37508242099598,19.593379974365234,3.2751083374023438,4.976098984881529,2.87289949050913,50.31221895473112,35.36266550283297,,,5.062366499603353,nan,,,0.9725258946418762,,None,-12.129267132475459,-1.629797640469337,-17.422521886551277,0.3030608296394348,-2.0571946351553922,0.33612021803855896
Gaia,DR3,5560532770440123136,111.83733828917221,-41.225447997593676,12.26735782623291,1.0429649353027344,4.139322606839517,2.8888068084743326,69.83336181711448,34.06253279582929,77.3370361328125,9.627056121826172,3.17438867210184,nan,,,0.9236974120140076,,Gaia_DR3,-9.713876152301259,-2.2375827878526713,-11.83905934450686,0.009707218036055565,-0.46092053944735795,0.011503586545586586
Gaia,DR3,5560910697501494912,107.41816833873938,-42.616311937704445,16.759910583496094,2.552225112915039,3.4526800913681996,0.6830308304808055,18.002138220610668,34.904922610236426,,,3.7827318590521206,nan,,,1.0317100286483765,,None,-10.101233995703138,-1.439567086092595,-10.634525126733315,0.0511757992208004,-4.140724243351208,0.053679995238780975
Gaia,DR3,5562394041765906048,103.25830034393961,-42.8399673075214,12.69168758392334,1.0211734771728516,0.8220618023620408,3.735012465616578,31.37941389191667,35.53775777077585,17.926231384277344,0.9981287717819214,3.6623650532812713,nan,,,1.0350711345672607,,Gaia_DR3,-8.382963283456053,-0.8399677887218284,-8.296888396502652,0.012369378469884396,-1.4687878194260469,0.011860433034598827
Gaia,DR3,5562411290354322816,103.8905342756635,-42.66693810857284,18.175519943237305,2.9172706604003906,4.8727600643631686,3.259824969482776,14.048717233158984,35.4451406248828,,,4.075357118890363,nan,,,1.0404976606369019,,None,-9.567892890152631,-1.097605719246292,-5.3997141816403715,0.11752988398075104,-1.4868715214998192,0.13633650541305542
Gaia,DR3,5563052339993778432,105.70331294537695,-40.53348754478729,15.83346176147461,2.3534488677978516,1.5134348269381483,2.70345498573647,28.163607265346663,35.09587934104742,,,4.531190602171483,nan,,,1.0694146156311035,,None,-11.394655853282135,-2.7073321654766564,-12.7321688100943,0.03313731402158737,-3.255969986929924,0.03950568661093712
Gaia,DR3,5563659472272311936,103.89325746581738,-41.318167675137964,19.4406681060791,3.091279983520508,0.4732971850495902,3.4591110242467176,32.13939310860121,35.40487045394402,,,4.593907660468306,nan,,,0.990939199924469,,None,-10.786477090197586,-2.045785108122465,-10.980457297952631,0.3394421935081482,-2.461075757932121,0.3526337444782257
Gaia,DR3,5561364795804523008,108.41721685818892,-40.47272267308855,16.46294593811035,2.5670461654663086,1.6667387532640248,1.9389836630554524,39.25966192236275,34.642288040215504,,,4.8050956466610915,nan,,,1.011994481086731,,None,-13.26174241435412,-3.2984051999592316,-12.506753692833318,0.04479970782995224,-1.788273847501322,0.0463048554956913
Gaia,DR3,5561893278641589376,109.1560741393708,-39.56054441998001,19.356388092041016,0.12462806701660156,2.9347601520275575,2.921302020061315,17.547802250307168,34.45447131058747,,,3.867852367848685,nan,,,1.0184495449066162,,None,-10.929173269291784,-3.193408300610786,-12.219517282504386,0.2485627681016922,-1.1781596910053858,0.30559447407722473
Gaia,DR3,5562351229528572544,102.42061486335892,-43.06956029737367,19.5306396484375,2.8813095092773438,4.3725920784814365,4.3682759501756445,34.69833616200524,35.65573955155765,,,4.614128713300917,nan,,,0.9985962510108948,,None,-10.200077556218934,-0.8159938001942884,-10.305737416405782,0.29878363013267517,3.4359344441797006,0.39793482422828674
Gaia,DR3,5565135807150335488,106.97327814171508,-38.656112525216514,17.898479461669922,2.89422607421875,3.114800898834391,3.886854158402062,25.635077861184485,34.77316598011849,,,3.7667152033226245,nan,,,0.9765748977661133,,None,-9.907216655056065,-3.2971050235628026,-10.221822501536629,0.09320270270109177,-5.750357923948788,0.10407693684101105
Gaia,DR3,5561070710803714176,108.87033007283533,-41.64055260012769,16.735506057739258,2.7461910247802734,3.3441013895209943,0.8776593540761478,19.540227804215583,34.62352331604451,,,4.397233378713696,nan,,,1.0163681507110596,,None,-12.313511657865257,-2.4271189256309595,-10.857930809234926,0.06017281487584114,0.30980972228699777,0.06132045015692711
Gaia,DR3,5564642504389510016,106.65369711554024,-39.82571308360517,18.05171012878418,2.7354393005371094,4.1778367519898,2.866579546767482,25.314700338637643,34.90373664833501,,,3.725577918464848,nan,,,1.074459195137024,,None,-9.691192313762752,-2.6677754598859456,-7.344774146149705,0.11552009731531143,-0.37413647724899735,0.11926554888486862
Gaia,DR3,5561728150037830784,109.40336949324049,-40.08333474581916,19.506290435791016,0.8223018646240234,4.635325298132754,2.4694996536256117,65.75687012816019,34.44434299508581,,,3.2125432618306706,nan,,,0.9714775681495667,,None,-9.147822374109381,-2.46453635792548,-10.023455804050133,0.42071089148521423,-5.479152742229084,0.40085580945014954
Gaia,DR3,5563967885285486464,103.8097880692833,-40.140928697961094,19.897212982177734,2.6238574981689453,3.819759932261658,4.066357810011334,34.07067252136936,35.36640069614178,,,3.6332524199712912,nan,,,1.0360451936721802,,None,-8.502719358446132,-2.1671452145105894,-6.871015074178187,0.4135233461856842,0.26122705503100235,0.4294559359550476
Gaia,DR3,5564285648442703232,106.30995483910338,-41.16550531905718,18.669660568237305,2.890033721923828,2.9584911354483183,1.9371655854950274,41.511146766456804,35.028922695656775,,,3.4826123871076815,nan,,,0.923965573310852,,None,-8.950448151364323,-1.8579952451694484,-7.773460877669922,0.16103821992874146,-0.03249945798350616,0.18013691902160645
Gaia,DR3,5560502606889504384,111.47063646108529,-41.45754725911312,17.131746292114258,2.722606658935547,3.54318508712495,2.542471083796682,62.11160000764213,34.14500949455862,,,5.398608208654571,nan,,,1.0162560939788818,,None,-16.349143420962154,-3.5785939767545925,-13.853876438567811,0.06100907549262047,-6.746265595062012,0.06820689886808395
Gaia,DR3,5560383649175585920,110.79803447421813,-42.1717717463696,11.88768482208252,0.8373174667358398,4.72259643285752,1.8620548640135668,39.105183706832754,34.30522468394847,-10.79575252532959,1.5607662200927734,3.5117121778526457,nan,,,0.883364737033844,,Gaia_DR3,-10.429695663662043,-1.929331548206373,-7.01629260340019,0.009712488390505314,-2.6855065415861237,0.013864756561815739
Gaia,DR3,5564035406467259904,103.50741518415167,-39.82760966299379,14.316804885864258,1.5182762145996094,1.930377161565655,4.43849635253905,42.8466923087732,35.39510224316714,-1.892669439315796,2.9046807289123535,3.518179161132288,nan,,,1.0219478607177734,,Gaia_DR3,-8.134552505675218,-2.2143451804306866,-9.437862640783946,0.016507355496287346,-1.6217728428767328,0.015846338123083115
Gaia,DR3,5564383466319826304,108.05020859026773,-40.32808670050308,15.288750648498535,2.1841554641723633,1.316798032907574,2.0901912626368273,65.92977770480186,34.6974730136862,9.581064224243164,5.332236289978027,5.520626593568951,nan,,,1.1910628080368042,,Gaia_DR3,-15.055420336380141,-3.82861692689727,-16.47436953026029,0.02674505114555359,-3.2497198908408604,0.027307873591780663
Gaia,DR3,5564657695690126976,107.36875331280024,-39.633616669290376,16.902790069580078,2.8231515884399414,3.430643268669615,2.863876489553151,63.417374349438525,34.772165433947684,,,5.431847237415206,nan,,,1.031084656715393,,None,-14.480773335767136,-4.137533083596198,-17.92157832359318,0.05817039683461189,-2.2419866636832264,0.06298204511404037
Gaia,DR3,5560210991491264000,108.77992871081102,-42.52906813365571,18.094215393066406,3.1653671264648438,4.1956065001303,0.372592644344214,31.960076476956875,34.67534795749556,,,3.5902663506592756,nan,,,1.0314137935638428,,None,-10.024918107692928,-1.564123831222782,-7.394925105117205,0.11103642731904984,-3.343720798485919,0.1229146271944046
Gaia,DR3,5563609203976102528,102.78081789579487,-40.72687617636879,18.601375579833984,-0.22418594360351562,1.0291289717559053,4.458884356114519,19.176523625341336,35.541363580950076,,,4.073404672721723,nan,,,1.034497857093811,,None,-9.142181763891912,-2.0093627143941477,-9.43397292595861,0.15050365030765533,-2.8435289404691693,0.1688361018896103
Gaia,DR3,5564675730254954112,107.09869042548877,-39.462329659992754,17.946374893188477,2.9824752807617188,2.7384659904094644,3.0841976381867697,27.99253171601078,34.80699361593055,,,4.512409008499104,nan,,,0.9745811820030212,,None,-11.919690258517447,-3.5002432494550417,-10.87139473805429,0.10629398375749588,-5.885003706986519,0.12135127186775208
Gaia,DR3,5561486910314526208,109.38428417990426,-40.7049501285553,16.309213638305664,2.232645034790039,1.432837621163842,1.8875416856659664,62.078860933259726,34.4851781493138,,,3.246462619333222,nan,,,1.0911486148834229,,None,-9.238930701199985,-2.232487726764027,-9.451470980823903,0.039795197546482086,-3.189792856479981,0.04109033942222595
Gaia,DR3,5561522610082346240,109.62342989108105,-40.31977874893125,19.498090744018555,3.5188636779785156,4.630426475884324,2.3134635330101903,62.036040782502305,34.41939320227187,,,5.4000583855364646,nan,,,0.940845251083374,,None,-15.48178667493979,-4.019101532569422,-10.664896095706698,0.2779019773006439,-6.159960253965949,0.29775896668434143
Gaia,DR3,5562505878416668416,103.89148608239039,-41.97719835544908,19.188404083251953,2.840137481689453,3.1287130086730386,3.295349488156933,37.7359792932938,35.42706556570973,,,3.556435043205823,nan,,,1.084869384765625,,None,-8.349911033557937,-1.2779813412355083,-8.692702257438933,0.23769304156303406,1.0425334106811777,0.23867294192314148
Gaia,DR3,5564154527383636352,103.65283731674822,-39.371913712500636,11.353514671325684,0.7255954742431641,3.3959536629921674,4.643843979031792,49.59316517540758,35.34868441228726,33.6771354675293,0.3763951063156128,3.4340310077371643,nan,,,0.9233652949333191,,Gaia_DR3,-7.9864285501507775,-2.3780616337226403,-8.48495281631676,0.015292550437152386,-4.785411991147646,0.016727939248085022
Gaia,DR3,5562661772848574208,106.18887605781494,-42.18896422170257,19.305147171020508,2.3212051391601562,4.510550521440771,1.5779896523969885,25.999420851632205,35.08754312871421,,,4.516182544297471,nan,,,2.2629075050354004,,None,-11.556999461887022,-1.7965141698007119,-8.062366710345225,0.5983664393424988,-4.2922208037833265,0.5968396067619324
Gaia,DR3,5563725756505174272,103.58497162982339,-41.028321184699806,15.180696487426758,2.224104881286621,2.648731666709321,3.781092315987329,16.334240578038354,35.438642411343764,14.438755989074707,7.761609077453613,4.089047419574895,nan,,,3.351778268814087,,Gaia_DR3,-9.483983221682811,-1.9417227466979994,-7.271783769734393,0.06837409734725952,-1.376607715365778,0.06999209523200989
Gaia,DR3,5566374926693607552,107.17891604458411,-36.26988790806733,17.004764556884766,2.760495185852051,1.5571199114453749,6.200768540667035,36.72206071748401,34.53404207309912,,,4.54760198663261,nan,,,1.0322107076644897,,None,-12.045598744461742,-5.391561857616999,-13.535839601931002,0.049955811351537704,-5.304530944747814,0.05855368450284004
Gaia,DR3,5561768866326998656,108.55328822383207,-39.92695136213062,15.768858909606934,2.4490184783935547,4.04802472581385,2.490037090119377,14.692275143117417,34.58584036751373,,,4.231365468703824,nan,,,2.3244967460632324,,None,-11.729639076128661,-3.216824148113692,-8.570726496897953,0.06753572821617126,-1.4675835757908469,0.07364511489868164
Gaia,DR3,5561994163130320640,103.00969550293796,-44.23315441911119,11.763461112976074,1.0296392440795898,3.88993070748497,4.258661687758109,65.99800727557023,35.58724948568399,8.695314407348633,0.5550549030303955,5.478578108251267,nan,,,5.183994770050049,,Gaia_DR3,-12.413099148189957,-0.21980841082923197,-16.32543476309157,0.09443234652280807,-2.4282896845191297,0.10954232513904572
Gaia,DR3,5565143439311571712,107.13699914758568,-38.50278705232764,11.443099975585938,0.7593812942504883,0.18712960912701374,4.006054480283885,45.81484158903998,34.73397722718388,33.51750564575195,1.6328378915786743,3.4666185569456855,nan,,,2.3674118518829346,,Gaia_DR3,-9.169191668207377,-3.1187260926519658,-9.276390249549912,0.03482769802212715,-3.203638440036487,0.0345030277967453
Gaia,DR3,5565535896243655936,105.7916158857373,-38.945178630006595,17.625640869140625,2.6273956298828125,0.3717716084291227,3.95252877719252,48.83054790381262,34.989576466454544,,,3.4269371983781767,nan,,,1.0656580924987793,,None,-8.645429642330296,-2.7583593799751083,-8.51120621087867,0.10008659213781357,-2.5257238528268466,0.08493732661008835
Gaia,DR3,5565962949132965760,106.40329147309409,-38.067683392740605,18.55682945251465,3.237079620361328,2.1980230140031547,4.577100256567072,19.87900852517186,34.82541184977861,,,4.11480770580257,nan,,,1.0126125812530518,,None,-10.610134612152367,-3.845856766262023,-10.514987672074053,0.1407136470079422,-1.9415730129531326,0.17821204662322998
Gaia,DR3,5561218766913280256,107.79874952431388,-41.441395437242676,15.312419891357422,2.2515602111816406,1.006118383044715,1.0380687779213422,63.814733621135716,34.79715606668476,-0.1458553820848465,4.729813098907471,5.466940809557771,nan,,,1.072080135345459,,Gaia_DR3,-14.785756535112428,-2.970066722841128,-15.351198811296811,0.0689724013209343,-3.9823917867669145,0.046354833990335464
Gaia,DR3,5561737079270631424,108.73151243711769,-40.4503424120139,17.655590057373047,2.5284900665283203,4.591492419121264,1.9857705776257775,42.894525603081654,34.58612328623848,,,3.466170439573713,nan,,,1.0046669244766235,,None,-9.663481789178483,-2.4234275716124696,-12.567590116658069,0.07939373701810837,-0.7434534577368097,0.10085322707891464
Gaia,DR3,5562129055167233408,104.16334460668749,-43.48569069438778,17.67089080810547,2.521512985229492,2.6863586057599282,3.2139387572929397,14.118435391693685,35.42111035278239,,,4.014691591481378,nan,,,1.020621418952942,,None,-9.526967124000338,-0.6832610657797575,-9.78653463927574,0.07842013984918594,-2.941960935103037,0.08340444415807724
Gaia,DR3,5568794573826616704,95.98431128346371,-44.20554645074973,14.65363883972168,1.9618406295776367,4.54647737847526,9.131748539411307,61.6041427605498,36.39234310604414,32.428802490234375,5.028306007385254,5.104184299689122,nan,,,6.218994617462158,,Gaia_DR3,-8.13747748235605,0.6200020716979493,-3.555484394818943,0.12020966410636902,-1.0939673767978335,0.11365622282028198
Gaia,DR3,5560806067799364480,111.03799467588287,-40.56564696614643,17.602008819580078,2.7154903411865234,3.7255285022141074,2.757096875693344,19.407564824704682,34.173798632517226,,,3.8213035449312502,nan,,,0.9265429377555847,,None,-11.429006446507893,-2.9047017284394707,-8.430734864290992,0.08636654168367386,-2.772812876829315,0.09754233807325363
Gaia,DR3,5561297553796181760,108.62605576030168,-41.00721728471274,16.167762756347656,2.2268619537353516,3.666583405647357,1.423328120139102,58.91398833807685,34.63502816250301,,,3.2772397956379673,nan,,,0.9873577356338501,,None,-9.10598548523474,-2.047820013834599,-9.19873042737241,0.03809592127799988,-4.5792727393078545,0.04466073960065842
Gaia,DR3,5565867570797181184,105.58424211159898,-37.47120564962748,17.65743064880371,2.8442249298095703,3.969348924313378,5.359172490850693,60.03124480427752,34.914074159164514,,,5.260339387496059,nan,,,1.0149335861206055,,None,-13.17096208331971,-5.202296858341142,-13.049220107634268,0.08893274515867233,-9.602352621875571,0.10145211964845657
Gaia,DR3,5565916013730195584,106.93526117311835,-38.118007645121146,18.00408935546875,2.816640853881836,2.1208214528915836,4.416365621784392,45.85828083837494,34.73916700494042,,,4.898536965984651,nan,,,0.9707551002502441,,None,-12.867290777824198,-4.619819402383903,-10.726825103467162,0.10706422477960587,-4.15624906998787,0.10788237303495407
Gaia,DR3,5565960479529211392,106.59993785660244,-38.09567075526311,19.593761444091797,2.891317367553711,4.9120786255622955,4.505007661871236,19.45760569551977,34.79444185731475,,,4.09805500340834,nan,,,1.138724446296692,,None,-10.640117397306112,-3.837946111176395,-12.301862725051013,0.3206196129322052,0.0667613238970449,0.35723909735679626
Gaia,DR3,5563777261753670016,104.76466969697917,-40.841842699115546,12.417081832885742,0.9625616073608398,2.815236414719897,3.0732903094609676,19.58260030367556,35.25582989678527,15.5515775680542,1.1061640977859497,4.313756091901779,nan,,,0.8416327834129333,,Gaia_DR3,-10.47622589591942,-2.291271595956262,-11.783858682749388,0.01010180078446865,-0.09028216742682602,0.010716531425714493
Gaia,DR3,5567219729579540864,95.73031252282374,-44.77977744489581,15.200240135192871,1.8978166580200195,3.7725088392891255,9.397082819475362,40.755284546051904,36.408341289842035,11.318431854248047,7.986900329589844,4.006408122065926,nan,,,1.0351643562316895,,Gaia_DR3,-6.288011826015558,0.8146697170464179,-9.158183545658385,0.022161301225423813,-0.568861657782159,0.025611668825149536
Gaia,DR3,5567277385220430976,95.25158120698934,-44.69099310079829,13.3118896484375,1.3455123901367188,3.9489268366771157,9.717614341020674,49.29106099006067,36.45332661111216,32.395835876464844,1.646314263343811,4.615086747870438,nan,,,1.0180872678756714,,Gaia_DR3,-7.027331392483764,0.9254420855834808,-6.284751312243848,0.011873445473611355,4.694932299255186,0.01432068645954132
Gaia,DR3,5564367489040697472,107.69466646467757,-40.43887018909327,12.344780921936035,1.0979108810424805,4.892538020907162,2.022703416347362,66.28527807363555,34.76446492462631,31.11707305908203,0.9197592735290527,5.532462514184666,nan,,,0.9007872939109802,,Gaia_DR3,-14.911251284899977,-3.698147142110359,-9.344869740242446,0.009161797352135181,-4.953402631127002,0.010670097544789314
Gaia,DR3,5569093537911307520,96.52899896332156,-43.23180250413115,11.461602210998535,0.6576452255249023,0.8037580119334548,8.666642526407921,68.89404315906431,36.34365489934035,9.169312477111816,0.6738017797470093,3.313314767425191,nan,,,0.8280770778656006,,Gaia_DR3,-5.458104471546707,-0.064828029021615,-5.945385563078463,0.012632865458726883,0.21398576028940694,0.014254627749323845
Gaia,DR3,5569234790795951360,97.9543187026961,-42.382874963884454,16.87397003173828,2.256113052368164,2.8626666194784773,7.636629769964597,60.849490900125595,36.18877530278926,,,3.38181895554074,nan,,,1.0892716646194458,,None,-6.037979658305995,-0.5476401778457416,-7.951777435348788,0.05919283255934715,-1.2564932632404004,0.07130490243434906
Gaia,DR3,5570505173402737920,98.63974695796547,-40.69326864819589,14.339486122131348,1.9655637741088867,0.2950561033119211,7.426795527496598,56.16084871073919,36.07221659745617,9.068163871765137,3.5316975116729736,5.042603203280222,nan,,,2.672732353210449,,Gaia_DR3,-9.33611083942619,-2.022780311731306,-9.200763967586253,0.041496191173791885,-1.7398315535218742,0.04845348745584488
Gaia,DR3,5563931738839010048,103.51710004081416,-40.54445433706206,17.99298095703125,2.374279022216797,3.982740928456184,4.039918966205844,60.42172317675733,35.42825232857907,,,3.290845636564274,nan,,,0.9658339619636536,,None,-7.61188897910049,-1.7645236963975157,-5.009784667311662,0.10689359903335571,-2.693621036227391,0.12611746788024902
Gaia,DR3,5568894178413782016,98.61168198268605,-43.26106012279807,19.570348739624023,2.849590301513672,1.1751320948119235,7.152260146139983,53.51411826702037,36.12431903019769,,,3.4658938666096946,nan,,,0.9933189153671265,,None,-6.407565992237569,-0.20518654602233277,-5.559556854452204,0.27260807156562805,-0.3396577819478076,0.274045467376709
Gaia,DR3,5568940083023638912,97.7085050594811,-43.29837824601307,19.766368865966797,0.4000377655029297,2.3463602860770836,7.810841678819814,34.02240000577499,36.22267283111268,,,3.997170575074678,nan,,,1.0359714031219482,,None,-7.041748519016927,-0.13879193394235,-5.318598132673885,0.35035109519958496,-1.1082547397766054,0.4407697021961212
Gaia,DR3,5564018501476037632,102.85710995268845,-40.028311163811516,13.72273063659668,1.4401092529296875,2.5296280654865684,4.7358570810096365,22.269567063404253,35.49934697360076,16.844152450561523,1.6546745300292969,4.223783590188027,nan,,,2.787390947341919,,Gaia_DR3,-9.50982269905041,-2.4776086533980903,-9.1697709401016,0.03494292497634888,-4.704212974533389,0.04005398601293564
Gaia,DR3,5564154531680449152,103.65269766862487,-39.3737353035915,15.396060943603516,1.9317493438720703,2.872877080678173,4.6426969454992175,42.69038797640056,35.34880953452989,31.40268325805664,5.0671706199646,3.526800877795975,nan,,,1.2448294162750244,,Gaia_DR3,-8.20213503202381,-2.4414558494155227,-8.533467087557582,0.033266328275203705,-4.551542076438321,0.0323818102478981
Gaia,DR3,5564706280360519552,106.7467740370799,-39.3488462181559,10.256083488464355,0.6183176040649414,4.856852460008673,3.278684029844715,29.713067697872937,34.85876005069576,9.618477821350098,0.2275993824005127,4.544202411697411,nan,,,0.8024473786354065,,Gaia_DR3,-11.858988655723014,-3.544519888393318,-15.058883348766894,0.012976208701729774,-0.16692085384993433,0.013409240171313286
Gaia,DR3,5569111950435116928,96.57075660328277,-42.959512930708584,17.80448341369629,2.920991897583008,4.468863855494546,8.633625242929861,45.92527757332184,36.33863345380126,,,4.615848685654921,nan,,,0.991756021976471,,None,-7.622544548126481,-0.2622700631845578,-11.612331601326423,0.0919439047574997,-1.9917488688895886,0.10450545698404312
Gaia,DR3,5562655794253160832,105.79016820281713,-42.32243249484189,17.122438430786133,2.7309532165527344,2.1751567153102918,1.8574253046249531,64.73611218777982,35.153812239869985,,,5.487089531106963,nan,,,1.0324372053146362,,None,-13.842027637047043,-2.022799416157318,-12.218873383953671,0.05732586979866028,-0.10029762340362551,0.06113792583346367
Gaia,DR3,5562716228736815872,106.46181421620025,-41.581452601703404,20.345420837402344,2.65313720703125,3.531057017110734,1.5984647964466205,56.53732696807366,35.02214075762694,,,3.304282781741068,nan,,,1.0153570175170898,,None,-8.537746594372411,-1.6005338119540926,-7.357633826993611,0.5001218914985657,0.5575232116702811,0.6375865936279297
Gaia,DR3,5569213758339940608,97.4130473480895,-42.62710966900575,16.8189640045166,,4.865506418591582,8.022775582258447,37.594325912848824,36.249687589837094,,,4.365252500173834,nan,,,1.2381742000579834,,None,-7.565442718726862,-0.5157038341189264,-5.769730664264005,0.11330216377973557,-4.617263357727826,0.18034444749355316
Gaia,DR3,5563536674865273088,102.98240790083995,-41.13264179911544,17.091516494750977,2.6785430908203125,4.28841115678385,4.166610160092046,54.0463374402143,35.5287198649416,,,3.3675244603316887,nan,,,1.0132275819778442,,None,-7.621392461474428,-1.4998823538338355,-10.240091687192056,0.056324295699596405,0.05274378161486355,0.06526394188404083
Gaia,DR3,5563937137616589184,103.20339974803616,-40.60470179042811,14.03600025177002,1.0327682495117188,3.8851822842237604,4.221994334204797,67.17782222475141,35.476196737478325,21.730154037475586,15.412485122680664,3.219318027324215,nan,,,20.74161148071289,,Gaia_DR3,-7.352372603854417,-1.674503870031712,-7.234977012849706,0.28660306334495544,-4.308624808279334,0.27313727140426636
Gaia,DR3,5564268228056480640,106.52460861667907,-41.315611088243685,15.237298965454102,0.9241924285888672,3.235244538743791,1.7169597637284868,55.96133555435888,35.0010161332666,,,3.3115115354363525,nan,,,8.415083885192871,,None,-8.57530916482891,-1.7237291269359276,-6.345275174432605,0.570298969745636,-2.0813304020248236,0.5963330864906311
Gaia,DR3,5564652266851578240,106.75984111234351,-39.61302295689341,10.47488021850586,0.7854547500610352,0.8917257965845449,3.028852951171535,16.49553925531716,34.87326420922889,41.44181442260742,0.23958899080753326,3.9003688910848497,nan,,,0.8892977237701416,,Gaia_DR3,-10.183396693932277,-2.911530777722623,-9.70132866145867,0.010319269262254238,-3.4639863647073774,0.011479686945676804
Gaia,DR3,4803482284156390784,87.52738069183229,-43.15891048171217,18.967071533203125,3.1293258666992188,2.197269797552043,15.225659902772598,68.35695723627249,36.997458400543486,,,3.848791310781723,nan,,,0.982154369354248,,None,-2.9064417277171337,0.38502822204542897,-1.4793843456321545,0.20106860995292664,1.4535930784755844,0.195485457777977
Gaia,DR3,4803804754598085376,89.93019953730224,-42.17379143289716,12.100255012512207,0.9376859664916992,2.3006115172243797,13.565216716466654,66.35167911344497,36.87111835737289,-4.095194339752197,0.8148531913757324,4.825520851383678,nan,,,0.9125014543533325,,Gaia_DR3,-4.806438570437128,-0.2838139091302314,-6.98442919377956,0.008999447338283062,-1.140285801612098,0.00970202311873436
Gaia,DR3,5567917404066664448,90.98273444553523,-44.88860685010708,13.103545188903809,1.291452407836914,3.756209725053663,12.748283663458603,64.90983236984029,36.778248750502414,16.531814575195312,1.190847635269165,4.874306098938972,nan,,,0.9618809223175049,,Gaia_DR3,-5.366796307270311,1.4430726942215863,-1.5080472030595038,0.011383650824427605,1.357246150020344,0.014465058222413063
Gaia,DR3,5568432868861960448,93.35951157251564,-43.84465858458809,17.769012451171875,3.0702857971191406,4.2045662114543685,10.983763215391722,47.09719793006603,36.624821730921404,,,4.185970652132366,nan,,,1.0192255973815918,,None,-5.595407983452219,0.5007524463236694,-1.8867857881460177,0.08958690613508224,0.3892815231698036,0.10182401537895203
Gaia,DR3,5568803984099994752,96.40478900890989,-43.949016587533244,19.622018814086914,2.5796852111816406,4.3799370511736875,8.802552771353682,44.2717433610772,36.3541120804845,,,4.533786324890951,nan,,,0.9830234050750732,,None,-7.4138298255873325,0.3575888662470972,-7.06419924095535,0.28845086693763733,4.529165215219454,0.35129255056381226
Gaia,DR3,5568803399985070208,96.30226650286589,-44.00335373201197,18.73801612854004,3.051362991333008,3.2891616753941877,8.88165539711064,47.04627594897619,36.36368791571274,,,4.629061255934653,nan,,,0.999799370765686,,None,-7.523428851140718,0.4081506532840604,-9.055837553556744,0.17731539905071259,3.228458367341747,0.20462201535701752
Gaia,DR3,5569077560633275136,96.09473991930709,-43.34223863208294,10.610469818115234,0.7164382934570312,3.021148684843038,8.985697464779618,55.15689598679923,36.38625875229073,7.615034580230713,0.27809393405914307,3.532709203193357,nan,,,0.9018246531486511,,Gaia_DR3,-5.670148591511408,0.012968466637067078,-7.302098654137511,0.012583132833242416,-1.5358947965546144,0.014212596230208874
Gaia,DR3,5565066263040880000,107.38576376475139,-39.020791274175586,17.85860824584961,2.595287322998047,3.66983781508739,3.459238985994329,45.42374401632421,34.728639873062534,,,3.459200240175818,nan,,,0.9710180759429932,,None,-9.227191629165581,-2.907895645163677,-7.704566830594814,0.10181398689746857,-0.7070990458218268,0.11276600509881973
Gaia,DR3,5569214140593394560,97.41329544430484,-42.62717692329242,16.327232360839844,2.7163686752319336,2.772858901000392,8.022590656571646,35.75279862956157,36.24966207183042,,,3.938893507763962,nan,,,2.655444383621216,,None,-6.826612240563104,-0.4653191391200482,-5.090508384889446,0.19939082860946655,-1.977699827461681,0.22396038472652435
Gaia,DR3,5569309553290148608,99.77171760172132,-42.683283424651414,18.22542381286621,3.189678192138672,3.844930383641213,6.2873405996700304,35.63986223771247,35.9852894306089,,,3.725960039676771,nan,,,1.0503077507019043,,None,-7.302500292123982,-0.6042832816649464,-9.95411889515788,0.14723190665245056,0.8413247049852699,0.11881906539201736
Gaia,DR3,5568283640221817600,94.49188169717904,-44.008817304280356,17.797710418701172,2.85003662109375,4.42251456658472,10.178919638859002,46.47117105333655,36.52921458298803,,,3.8630480699705765,nan,,,1.0577032566070557,,None,-5.594465938357171,0.4737684043703365,-8.812736698184061,0.10016032308340073,2.0905460789132553,0.10418735444545746
Gaia,DR3,5568662838589204608,94.66050050441814,-42.39134410155831,13.306260108947754,1.3822755813598633,1.406423224483819,10.062280922131947,44.92503527936026,36.51606288396798,8.824336051940918,2.219961643218994,4.345767559019174,nan,,,2.159388303756714,,Gaia_DR3,-6.365485040378401,-0.42504133197847094,-7.5718413147053765,0.02403952367603779,0.02756866816234494,0.024212546646595
Gaia,DR3,5568974653216990848,98.40922959063367,-42.88064145923718,16.600000381469727,2.3925180435180664,1.3589211466470974,7.287321041752657,41.67162807155823,36.1442317408074,,,3.6743733671098586,nan,,,1.0192255973815918,,None,-6.7214263952497335,-0.3871846035041555,-5.672196438318968,0.04524053633213043,-0.4715127720196582,0.04823407158255577
Gaia,DR3,5569060960582347008,96.05860564325118,-43.48212814983205,18.85858726501465,0.10840988159179688,2.4337527103690286,9.017280891689223,68.54543019459082,36.38958572623226,,,5.348721046892694,nan,,,1.0079783201217651,,None,-8.56608440075982,0.12359348845682261,-6.2793727332315346,0.20182792842388153,1.6407127485019957,0.1971791684627533
Gaia,DR3,5565700307589923712,104.27332124672598,-38.56349577407218,19.494985580444336,2.207437515258789,1.7860113498298085,4.915942651324684,23.689613639186597,35.20433811823355,,,3.899961005121607,nan,,,1.0717195272445679,,None,-9.29439763704977,-3.17274644449412,-10.655146107958718,0.3352850377559662,-2.620952206599843,0.3157268464565277
Gaia,DR3,5567440868855660672,94.64751627332771,-44.71335085557365,17.942691802978516,0.8294601440429688,2.2181773447517603,10.145437046334585,64.29180323521369,36.505982404541335,,,3.446426612861792,nan,,,6.236150741577148,,None,-5.04377886845921,0.7396074309660694,-6.173279617934046,0.5420052409172058,1.8891616249459116,0.5950900316238403
Gaia,DR3,5571075029662898944,91.36267866532071,-43.693385716900984,14.766313552856445,1.673405647277832,3.7763351809782133,12.42226407459811,68.10704352639121,36.77406582048186,13.149613380432129,7.0111541748046875,3.5266763176634783,nan,,,0.9567395448684692,,Gaia_DR3,-4.016351063289664,0.45504895726188566,-2.3965297615937704,0.02113834023475647,2.7481939498264776,0.02183489128947258
Gaia,DR3,5571490335820673664,92.63377105494651,-42.27781622401511,18.737316131591797,2.568849563598633,3.0021949260015184,11.564522423432203,65.89381031178358,36.68442709167057,,,3.5066457328906067,nan,,,1.9690666198730469,,None,-4.4358023673733324,-0.2825882463509365,-2.5414116294616336,0.34558725357055664,0.8735752373358727,0.34207919239997864
Gaia,DR3,5570345125741703168,96.4613857024392,-40.89687402806175,14.775788307189941,1.8659887313842773,3.787916063841482,8.967332280747796,38.941361047348494,36.3166534380847,12.189218521118164,7.228720664978027,4.002751423957121,nan,,,1.2651065587997437,,Gaia_DR3,-6.56750404393046,-1.323417261913245,-7.657083081953045,0.022410638630390167,1.6814588054073434,0.023500246927142143
Gaia,DR3,5565032178179566080,108.7575638541028,-38.2117265022419,18.542552947998047,2.9027137756347656,1.4451708287262177,4.212401701304863,22.048870271887683,34.42554049953997,,,3.8681743346703152,nan,,,1.0327589511871338,,None,-10.793211135622586,-3.8078493294658986,-10.29988121736846,0.1570906937122345,-2.7376136735452885,0.17787954211235046
Gaia,DR3,5566123031154894720,107.01543574185081,-37.05397367708632,8.428884506225586,0.3724803924560547,4.660540728776405,5.446129484755628,65.87837953140456,34.63623078796415,1.510233759880066,0.6481353044509888,3.256447667241399,nan,,,0.9746719598770142,,Gaia_DR3,-8.577523520392898,-3.521003945223002,-8.083402379301365,0.016848333179950714,-0.35996700998717035,0.018848584964871407
Gaia,DR3,5569272002393066624,98.8975636813183,-43.09676876592366,12.765104293823242,1.1054744720458984,4.080587521174335,6.935476401026741,33.946731132920796,36.091198090842795,16.55852699279785,0.9357503652572632,4.376075408198898,nan,,,1.055022120475769,,Gaia_DR3,-8.210447137388506,-0.3824759335724348,-8.282893253399351,0.014655093662440777,3.38125322372582,0.015638908371329308
Gaia,DR3,5569843748439051008,96.33866810817842,-42.89624248150102,13.184947967529297,1.4971332550048828,1.9874000353170351,8.804247583773716,37.767307896351134,36.361385660117804,17.761585235595703,1.231816053390503,4.082417189656314,nan,,,1.9667166471481323,,Gaia_DR3,-6.64945859992668,-0.2480571144917154,-7.820112049317789,0.020096994936466217,-1.4950490085059944,0.022680159658193588
Gaia,DR3,5565283214727027968,108.02134606442159,-37.696007353957555,15.082015037536621,1.8047103881835938,1.6967894189750703,4.7186186555368765,44.10282192361443,34.51504550508216,5.394687175750732,5.770951271057129,3.509508637379386,nan,,,1.0394798517227173,,Gaia_DR3,-9.56178442547073,-3.6080008395979646,-10.763084392753596,0.020703241229057312,-3.243600766436949,0.023113299161195755
Gaia,DR3,5570690750349903744,97.58530928538008,-40.65983528017121,11.453851699829102,0.6903648376464844,3.2720299445765364,8.204172184932231,61.0762224672196,36.19026878069315,-1.490094780921936,0.5456247925758362,3.401241422837729,nan,,,0.8211106657981873,,Gaia_DR3,-5.951400160198302,-1.3060307668485867,-3.6147347593753274,0.013513734564185143,-1.0958694061597778,0.015336078591644764
Gaia,DR3,5570717512290285824,98.33572097079457,-40.29383932073384,17.802391052246094,2.955137252807617,1.1997506415339512,7.769065619119539,41.17191140495004,36.09332488869202,,,3.724216014782007,nan,,,1.1141644716262817,,None,-6.786243675593834,-1.667974507783197,-6.26007700145202,0.10408757627010345,-0.8867096593080703,0.1171870231628418
Gaia,DR3,5564548122484032896,106.48938139529454,-39.955880845741106,15.238203048706055,1.7506656646728516,3.0426123267662435,2.8071965120515023,57.161384365190884,34.93838862015791,-0.4477172791957855,6.267216682434082,3.3091642680890705,nan,,,1.103346347808838,,Gaia_DR3,-8.558645451030468,-2.298425758284437,-10.137283547762664,0.025349363684654236,-0.8795933082621131,0.02444596216082573
Gaia,DR3,5569510802574599424,100.58409523902647,-41.72875414693891,7.700222015380859,1.1541829109191895,4.732646317288094,5.767121385338678,43.92887903802263,35.867234205140925,21.293272018432617,0.11904489994049072,3.5506361519326264,nan,,,1.044834852218628,,Gaia_DR3,-7.2335698992285105,-1.0917502406795445,-5.772327466037183,0.015874074772000313,2.135260047408343,0.019806532189249992
Gaia,DR3,5570736105204332544,98.22275659198206,-39.9948835194278,16.136764526367188,2.291079521179199,4.099495522837783,7.9524770245846295,34.20397150285282,36.09476401226314,,,4.054442772222785,nan,,,0.9409835934638977,,None,-7.34385910920788,-1.9675869451866128,-5.889858335891054,0.038630254566669464,-5.155574494481634,0.038761019706726074
Gaia,DR3,5565188072612008192,108.14199983160736,-38.522627647021224,12.958090782165527,1.5362586975097656,3.8440283130088977,3.8890238889465967,67.80451254875322,34.56044171321464,63.13969421386719,3.319324016571045,5.545101002466414,nan,,,3.072171449661255,,Gaia_DR3,-15.167728586485012,-5.137523177571922,-14.329644874443265,0.04012524336576462,-0.7228431413240709,0.05191614851355553
Gaia,DR3,5565867570797184000,105.59090532981135,-37.471955906152104,16.068531036376953,2.8123273849487305,3.567391233179232,5.356496926736103,62.12659574845168,34.91303990188163,,,5.3237974088531566,nan,,,0.998543918132782,,None,-13.333096248598416,-5.265484458811751,-13.058307554376066,0.033359188586473465,-9.259762312470293,0.038804300129413605
Gaia,DR3,5512367671453597440,111.76060422901456,-42.412677379402055,10.796233177185059,0.7684831619262695,4.35081102523818,2.5538311155740283,33.4882835664884,34.138782800988,16.292713165283203,0.40486782789230347,4.65685324955584,nan,,,0.879602313041687,,Gaia_DR3,-14.219511852293191,-2.575676325609911,-17.93185067663423,0.010759234428405762,-4.6880305817170775,0.012194312177598476
Gaia,DR3,5534703494262435200,120.40703290942324,-40.116478600243234,15.815888404846191,2.3007516860961914,4.496637581646906,9.375084270731525,67.57608665347675,32.138489489340145,,,5.2914560964670745,nan,,,1.0489124059677124,,None,-19.906495153317827,-6.207787346409253,-15.622567060302377,0.02988380938768387,-3.5986011352250524,0.03147461265325546
Gaia,DR3,5556865834739254400,98.10085460135494,-43.87716716461264,14.245928764343262,1.476846694946289,2.4164004456164796,7.580803409123247,35.92881468310763,36.180821894024845,0.9963845610618591,2.363879680633545,3.8505281568971395,nan,,,1.4832324981689453,,Gaia_DR3,-6.9292578232821125,0.13097849900067104,-6.965877837104248,0.018922466784715652,-1.8301444295399647,0.020160362124443054
Gaia,DR3,5557044157484957184,100.49396306182392,-43.74000760318771,19.082576751708984,2.962890625,2.5122763072719514,5.85366730215735,67.72237720235714,35.90724712852185,,,3.2445539534775065,nan,,,0.9949972033500671,,None,-6.582216521717849,-0.12828558719583305,-7.276383505573115,0.2009698450565338,1.4436200275282247,0.20391947031021118
Gaia,DR3,5566389117265716992,106.67258170900982,-36.49761877895193,15.428350448608398,2.2749805450439453,4.810356691586974,6.04407952753511,61.96029510526213,34.644538824644115,-7.905226707458496,6.463606834411621,5.291315311029766,nan,,,12.267452239990234,,Gaia_DR3,-13.773141748426275,-6.047003416583107,-8.407777807096203,0.334975928068161,-5.980813497917035,0.3580019772052765
Gaia,DR3,5571872519190842880,92.95428042383988,-42.033855904003836,16.358060836791992,2.589435577392578,1.6879453168946972,11.356051836856638,69.04332873774935,36.65724058019131,,,5.189209458066072,nan,,,1.0118286609649658,,None,-6.728724474780857,-0.614055461527474,-4.908687255552798,0.05155591294169426,-0.9255862438615567,0.0499747097492218
Gaia,DR3,5569797809469114496,99.75804750468596,-40.78580364056369,14.027915000915527,1.4357624053955078,4.05911287636431,6.588859978151048,31.11033612227892,35.941779039789864,32.397029876708984,2.0712015628814697,3.877265043462886,nan,,,1.052907943725586,,Gaia_DR3,-7.593981944005508,-1.6018435950224301,-4.501640005789804,0.013478153385221958,-0.39971931524753623,0.014234022237360477
Gaia,DR3,5570865126020985728,98.57898503187535,-39.60620162901661,19.464035034179688,2.7194385528564453,4.380651687331445,7.848348552424291,45.23649264950295,36.03680767126979,,,3.642852545071859,nan,,,1.103535532951355,,None,-6.723264717653136,-1.9823682572963497,-5.989992456506473,0.2668132483959198,-5.265601833292299,0.30629658699035645
Gaia,DR3,5568356895184420736,94.58248786385214,-43.51906704758813,18.154733657836914,2.8941707611083984,2.7698275804897565,10.088628543584289,51.55388313081181,36.52495286818575,,,3.6908860401505956,nan,,,0.9558683037757874,,None,-5.3779800323184865,0.2036930344896566,-6.10954521892027,0.10346166789531708,2.230864344952968,0.11520588397979736
Gaia,DR3,5569209158431133696,97.74212652659581,-42.555650538132596,17.470590591430664,2.923992156982422,4.711121526376192,7.7835958676922115,42.50671573009165,36.21388259946256,,,4.586064134906664,nan,,,1.0766483545303345,,None,-8.094092797070514,-0.6166847258647141,-10.655872416956562,0.08546791225671768,3.1492403342332036,0.0840994343161583
Gaia,DR3,5572951071378435968,92.06847674919469,-40.48385041251107,16.767414093017578,2.532843589782715,3.934332526110948,12.299625922182418,56.5662163322886,36.69849053267707,,,3.8178595017084445,nan,,,1.1169744729995728,,None,-4.615613744107303,-1.2021793890365586,-1.5616373526526968,0.058619048446416855,-0.3654711158733591,0.06392215192317963
Gaia,DR3,5571531086469489920,93.43321251359468,-42.99513923806594,18.27076530456543,2.894784927368164,2.4231014092089707,10.927795867823452,46.869030094568714,36.623225960508506,,,4.073956904358686,nan,,,0.9987875819206238,,None,-5.475308795934602,0.01584417938900673,-6.753304012553409,0.11735516786575317,1.6582307946606085,0.13976390659809113
Gaia,DR3,5571793835389701248,94.87597923770407,-41.16631260537715,14.240187644958496,1.7282609939575195,3.6362721363075274,10.076354165756495,64.23018916377343,36.47800404700635,35.983238220214844,2.8760876655578613,5.122076004412403,nan,,,1.0176922082901,,Gaia_DR3,-7.610854131511279,-1.3630903924451536,-3.749040571055999,0.015238701365888119,-2.072282628096078,0.017739083617925644
Gaia,DR3,5567556210201371904,95.8159945961122,-43.687907495055875,20.361732482910156,0.12214088439941406,3.9330665312752005,9.204054173203517,53.53695795850993,36.41203187919674,,,3.5760590261482994,nan,,,1.0046534538269043,,None,-5.64249758581855,0.197850118371935,-4.978847349295881,0.5189416408538818,3.087642136287835,0.4654289782047272
Gaia,DR3,5568775023137401728,96.17012774036685,-44.379842857075495,18.07672882080078,2.8089141845703125,4.569516157537437,9.02333930248259,39.922733954214685,36.37280562850354,,,4.27944827610825,nan,,,4.316093444824219,,None,-6.900137110703941,0.6041965227528414,-3.219785723587792,0.5276287794113159,2.4613801661829626,0.4505577087402344
Gaia,DR3,5567510412966033792,94.53041714606447,-44.386052872227424,12.040727615356445,0.9376811981201172,4.142450996851999,10.186322530651903,43.624064565428334,36.52129104520431,14.304098129272461,0.41877245903015137,4.104004651899036,nan,,,0.9649034142494202,,Gaia_DR3,-5.95895106847303,0.7087246609350615,-4.781054563810942,0.010280673392117023,4.0935344684746084,0.011261790059506893
Gaia,DR3,5573349987940857344,96.231395440404,-40.86625771434068,16.466127395629883,2.252364158630371,4.9546572061253,9.143532849930933,49.21386136504761,36.339260390208246,,,3.659629779523342,nan,,,1.0810948610305786,,None,-5.922591720073329,-1.2092905128108757,-2.418190111175093,0.049342915415763855,-2.7358261031395905,0.05573730543255806
Gaia,DR3,5566005658289478400,107.04734587051227,-37.547210409098135,18.43106460571289,2.957185745239258,2.6746316408389723,4.956423596087734,44.691891033482776,34.673554375879114,,,3.50902015727289,nan,,,1.0362812280654907,,None,-9.252923588102936,-3.576383579600983,-7.983219278922162,0.15240946412086487,-2.0590157729452425,0.17067041993141174
Gaia,DR3,5566405060185096448,106.36176939991029,-36.269704711213656,15.01974105834961,0.8239202499389648,2.531441566962272,6.320132561987379,65.78085786749178,34.6763897917164,16.882701873779297,13.478110313415527,3.2783151073596764,nan,,,29.19504737854004,,Gaia_DR3,-8.440843620461504,-3.814550905417196,-6.697929216498562,0.515983521938324,-3.6630823011326514,0.5361371636390686
Gaia,DR3,5571030946118708352,90.24544316640309,-44.30788121998211,8.216755867004395,0.13465499877929688,1.187383248205384,13.236782405154175,57.52753342928679,36.83704313682488,-0.4328202342987062,0.4196970462799072,3.9832973834377796,nan,,,0.9666222929954529,,Gaia_DR3,-4.092952003305841,0.904106339449626,-4.972164455640993,0.025798682123422623,0.43386078804601086,0.0240660198032856
Gaia,DR3,5572249101923495040,91.9812144566369,-42.03648978372094,16.9124813079834,2.249156951904297,4.445424693228921,12.07282023133701,68.4305533399136,36.73192141889277,,,3.494914580450207,nan,,,1.0050864219665527,,None,-4.19493036676241,-0.36270055849389393,-3.0751004829629456,0.05477021634578705,-3.4405373634352965,0.06042521074414253
Gaia,DR3,5568269316507123200,93.88269384119333,-43.6782711682265,14.898661613464355,2.06832218170166,3.0215107668353953,10.600023902375883,65.2587210097832,36.58365952255272,34.417240142822266,3.50229811668396,5.11518100783926,nan,,,1.0447570085525513,,Gaia_DR3,-7.101333572733767,0.45319193348977826,-3.8655922396115514,0.018998783081769943,0.8350070312302738,0.023497944697737694
Gaia,DR3,5537582354997299072,117.22184783387654,-39.884772295615036,17.75952911376953,2.558094024658203,3.95365042337826,7.171740394451893,48.03631345567773,32.851201880480616,,,3.551653906890504,nan,,,1.0253679752349854,,None,-12.466742819704866,-3.803561692019754,-14.913895237449003,0.10047479718923569,-5.469153235879004,0.09234225749969482
Gaia,DR3,5560310879549293056,110.78873745897641,-42.70694624233984,19.216205596923828,,3.209526903813355,1.8560139026534472,15.640287205386008,34.32973299736301,,,4.291109913944309,nan,,,0.9968271851539612,,None,-12.741009275903362,-2.065975354560787,-11.638241292340993,0.2457936704158783,0.6198101789943473,0.3221578001976013
Gaia,DR3,5560539852844245888,110.07398096879062,-42.4787772243168,19.880455017089844,2.9902725219726562,4.566211820787175,1.3098382921416658,34.5627452891346,34.44850958735578,,,4.706947168133985,nan,,,1.0636181831359863,,None,-13.681320063261678,-2.2854088538192587,-11.719924666402122,0.4125966429710388,1.798975034235855,0.4376736879348755
Gaia,DR3,5568876590523917184,97.9118006251913,-43.473727387086385,12.790604591369629,1.0803642272949219,3.225617132910624,7.674549709951343,46.39389595742409,36.201383754061524,19.9800968170166,0.7896929383277893,3.6090270975450687,nan,,,1.0556892156600952,,Gaia_DR3,-6.42883096659159,-0.05652425561589758,-8.881205023005458,0.013227502815425396,-0.14885046542133906,0.013944887556135654
Gaia,DR3,5568907132035174912,98.62116202589479,-43.18497469751796,18.10885238647461,2.8232269287109375,4.628844367358971,7.141090150575605,56.03424727017368,36.12285692931108,,,3.4292745967116014,nan,,,1.0651130676269531,,None,-6.342991842525262,-0.23843887536085195,-3.949983827162356,0.13495123386383057,-2.5775203501158614,0.12153906375169754
Gaia,DR3,5572577512302813952,90.98328432827573,-41.150176813520346,15.367205619812012,2.0006179809570312,2.5749552945660197,12.952860738184796,56.3922049780577,36.79145816671945,16.536075592041016,7.341440200805664,3.976280998474933,nan,,,1.0051714181900024,,Gaia_DR3,-4.378254266754716,-0.8367573887938637,-4.992164881272245,0.029074108228087425,1.2325265425569727,0.02666291780769825
Gaia,DR3,5572744122673722624,92.31103202875458,-40.831823833914115,17.622562408447266,2.8490734100341797,2.2854851102100606,12.039118683833294,51.600286416920646,36.688339514408455,,,4.217334906320374,nan,,,1.7170222997665405,,None,-5.199989256387186,-1.1439129069124467,-6.682279865044284,0.14014197885990143,0.2458842240077674,0.15386830270290375
Gaia,DR3,5571468586105407488,91.50688146159209,-42.61192114669134,20.23794937133789,2.2713088989257812,4.96257621816581,12.361384430386504,53.43684998410606,36.7689971038357,,,4.013532010831962,nan,,,1.0789047479629517,,None,-4.628350334868231,-0.07770079026946997,-7.742517174119817,0.5239872932434082,2.738660277494046,0.4697085916996002
Gaia,DR3,5571657942624838144,94.33435137109204,-42.50091342538799,16.481664657592773,2.547604560852051,3.8079393145931473,10.293685875941863,45.09568639553618,36.545705205884644,,,4.2904074321818975,nan,,,1.0352479219436646,,None,-6.146961689137027,-0.33252035945656,-2.879027668866188,0.04354443401098251,-1.420020516045577,0.04623258858919144
Gaia,DR3,5573136781467292416,92.55132152485548,-39.680880739257304,19.23729133605957,1.9248237609863281,2.6945555580480565,12.168621673736396,60.65300486638112,36.63606259538555,,,3.6721074394984043,nan,,,1.7217727899551392,,None,-4.615132320148497,-1.578918150848473,-3.807223460101874,0.4011312425136566,0.3441702564902098,0.4734545946121216
Gaia,DR3,5573606449027639168,95.02302270242787,-39.81824010377181,13.430855751037598,1.1981735229492188,4.570882760748794,10.322075567648191,50.37202693270852,36.4242765541707,-10.997650146484375,1.4249377250671387,3.7480552402506877,nan,,,1.0507566928863525,,Gaia_DR3,-5.6232247233146175,-1.684881268292728,-4.936671775736774,0.012817026115953922,-5.230605906615807,0.013635806739330292
Gaia,DR3,5573748487889953664,95.86934485272243,-38.95422042556354,15.79248332977295,2.2767534255981445,4.04679860249913,10.029333239205382,63.493781271887414,36.30405074493174,,,5.0998611056794445,nan,,,0.997596025466919,,None,-8.073387722695704,-2.95621805010784,-4.057824357246056,0.031229689717292786,-4.630740458280197,0.03559652715921402
Gaia,DR3,5573218183984634368,95.73073812260728,-41.440668897421304,11.220273971557617,0.7091073989868164,4.863750080431611,9.39414136733551,50.62816546788962,36.40263398473425,17.352235794067383,0.31606847047805786,3.649443306632438,nan,,,0.8722075819969177,,Gaia_DR3,-5.727911290317435,-0.8917601871335048,-8.75403774995585,0.013857923448085785,-3.0927102222190905,0.014438184909522533
Gaia,DR3,5568961832738875648,98.30695648229702,-43.008333696300106,18.01385498046875,2.2744197845458984,3.920379992175359,7.363955770260238,65.82555307049195,36.156543748641276,,,3.307734104396025,nan,,,1.044830560684204,,None,-6.0181693660470295,-0.28499516561274896,-8.640004217706204,0.11149642616510391,-1.0589916383600828,0.10739496350288391
Gaia,DR3,5570171604765722880,96.66077006236594,-41.6874723663802,17.333797454833984,2.511129379272461,1.5173303148125152,8.66733532398066,46.03424101694746,36.314490052543704,,,3.6905093819215162,nan,,,1.0070021152496338,,None,-6.1267468901296835,-0.8440495202358997,-5.630695978191871,0.07903751730918884,0.22714649205507312,0.07976166158914566
Gaia,DR3,5575337286489471360,95.56362144986846,-36.73542855082578,13.264786720275879,1.1410932540893555,1.735204980300749,11.322515591375284,66.73515403885624,36.2022345245037,21.54953384399414,1.4081530570983887,3.475325529225519,nan,,,1.8683010339736938,,Gaia_DR3,-5.397892160152987,-3.026046599369972,-6.123904006668491,0.020657861605286598,-1.9824793425224718,0.02207707054913044
Gaia,DR3,5575653804102796416,102.21621030742652,-40.20309517254135,19.156423568725586,2.9549484252929688,1.264189772762257,5.074205964073657,61.03694891114248,35.59763285004912,,,5.301009720055944,nan,,,1.0197540521621704,,None,-11.61680585832372,-2.903352678792408,-12.11688343124135,0.2262081354856491,-4.224623345343087,0.24455319344997406
Gaia,DR3,5568980661875447808,98.4824885140095,-42.738342080801566,17.776355743408203,2.880716323852539,0.5352157725154928,7.23406179215587,39.87101379396325,36.13472055602593,,,4.5527576948829465,nan,,,1.0447840690612793,,None,-8.360329225710782,-0.5731957120248565,-8.449167384167511,0.09737734496593475,-1.0791378688176136,0.10358476638793945
Gaia,DR3,5568996609089645184,96.38617180733937,-43.78481264656996,14.3377046585083,1.491480827331543,4.900995542872166,8.80043719781601,63.99297288771208,36.356851745375145,11.219017028808594,3.9364287853240967,3.3852467149131145,nan,,,0.9965155720710754,,Gaia_DR3,-5.529557888464195,0.1938423889057559,-3.0273104489518547,0.017671704292297363,2.637554106432243,0.02023462764918804
Gaia,DR3,5573151388653180032,92.67446908638021,-39.305276627207824,17.01747703552246,2.541104316711426,1.4105687067352124,12.200410197476712,54.80177737470121,36.61195676603633,,,4.462168483221679,nan,,,1.1869583129882812,,None,-5.662484769002513,-2.152324045803171,-4.340859368802482,0.06987588107585907,-2.2702892052869403,0.06768795102834702
Gaia,DR3,5573305728300756224,95.20081167444094,-40.88358117665461,10.013029098510742,0.5728530883789062,4.940191259721178,9.897468569000745,42.4601721690176,36.44081943343012,29.33204460144043,0.23338262736797333,4.075149052058733,nan,,,0.7880969643592834,,Gaia_DR3,-6.1849234188028674,-1.261918527477472,-1.995607271630861,0.01257928553968668,-0.5826312776735426,0.012441185303032398
Gaia,DR3,5570028668255135232,97.89089523670796,-41.684464422305815,20.060466766357422,2.7729740142822266,1.4868629546375156,7.759802317020404,35.96408500027281,36.18371451522559,,,3.8767761271589376,nan,,,1.081164002418518,,None,-6.897953354246655,-0.9834037324006109,-8.07702058188134,0.47419625520706177,-0.6894463476581867,0.5126157999038696
Gaia,DR3,5539047836500062848,119.26069229677502,-37.268702652883654,16.101232528686523,2.3542613983154297,4.728448996377217,9.849249120139834,62.7470822139288,32.10308111898201,,,5.088242549837446,nan,,,1.0384830236434937,,None,-18.687352351337548,-7.446704671170629,-14.985582336377286,0.03681869059801102,-3.979441446972591,0.049095269292593
Gaia,DR3,5573689492218932480,95.92339809623235,-39.369226282482096,18.67470359802246,3.018646240234375,3.901204910517732,9.8282075767265,42.108861760115815,36.31751952924409,,,4.132932082807532,nan,,,1.0919965505599976,,None,-6.564477547994355,-2.170325262841328,-9.956621558464859,0.17753684520721436,-2.385754333814256,0.21371416747570038
Gaia,DR3,5574752105784440448,93.52300967881702,-38.001079004483735,14.766653060913086,1.6188488006591797,4.751406480052636,12.096901588641483,62.63273153928334,36.4779049591414,31.58732795715332,11.224247932434082,3.61636439049152,nan,,,1.1142914295196533,,Gaia_DR3,-4.892350010786004,-2.4228333254429324,-8.226434483925807,0.018897656351327896,-3.8388185987476526,0.02131510339677334
Gaia,DR3,5575096459082854272,96.73018568880639,-37.08168218891784,12.521055221557617,1.0494461059570312,2.230474794651778,10.356602487793943,53.52164976350473,36.10254066042865,41.5909423828125,0.8045440316200256,3.6686348330306933,nan,,,1.593817114830017,,Gaia_DR3,-6.115178470030869,-3.097510025908236,-7.648919458068523,0.01815188303589821,-2.308004744587829,0.019086554646492004
Gaia,DR3,5571963499482355968,93.98895417758324,-41.305713386776574,19.895526885986328,2.725543975830078,4.808082967293283,10.704118540574331,46.81352436013854,36.560482349243266,,,4.298040887588774,nan,,,0.9465510249137878,,None,-6.011876739556829,-0.9999761037694637,-9.252484647701431,0.40269553661346436,1.9115888590346082,0.35080015659332275
Gaia,DR3,5575667170041430912,102.27879767298948,-39.8963849283178,17.982431411743164,2.7416248321533203,4.228066997391897,5.182851701537706,56.452163006905245,35.57450655751852,,,3.3615888402184027,nan,,,0.9602596163749695,,None,-7.3864533447878085,-1.9814063547588034,-4.954011875666741,0.09034372866153717,-0.23191191818521634,0.0953139141201973
Gaia,DR3,5571458278183134464,92.08447079661101,-42.55671473292737,19.521770477294922,2.966279983520508,2.9654271323074846,11.942196471640298,52.57383278099019,36.72728853679131,,,3.93822285724517,nan,,,0.9779425263404846,,None,-4.767375595744708,-0.13740893851764913,-2.3064090036225773,0.2757917642593384,-0.20691269298068343,0.3559349477291107
Gaia,DR3,5571510814222864768,92.7374901582488,-41.992824546616305,15.577288627624512,2.213650703430176,3.748433497128601,11.520989975173949,51.006682569279114,36.67397248879392,,,4.378316510169486,nan,,,0.9550168514251709,,None,-5.583381901177794,-0.5280929045621541,-4.565717797191471,0.03226880356669426,-3.834817229229843,0.028604820370674133
Gaia,DR3,5573709833184004480,95.52629918547903,-39.43804379425809,17.69072723388672,2.8451061248779297,4.535380503169881,10.088120977218217,55.36676985792717,36.36029399221525,,,3.6044342049901137,nan,,,1.0008291006088257,,None,-5.585276230825563,-1.8347289219604328,-8.053061355711487,0.08079843968153,0.5707693393419739,0.09219182282686234
Gaia,DR3,5574776020160984960,93.88627091370164,-38.31277341519747,18.74116325378418,3.335235595703125,0.41664391510102483,11.704822551451283,50.075482121664585,36.46231719882793,,,4.177507343153383,nan,,,1.0614840984344482,,None,-5.801046082840406,-2.6463690941218374,-5.779161341638736,0.16275115311145782,-3.0126377137299682,0.17982327938079834
Gaia,DR3,5570907869536371328,97.86943004936292,-39.35562893312917,13.62039852142334,1.3617982864379883,3.735894596124173,8.450599632709217,36.84119062345738,36.10740839932338,30.15772247314453,1.388280987739563,3.9911114289078626,nan,,,0.9632133841514587,,Gaia_DR3,-7.093118662769158,-2.2477746259591944,-5.471228932860056,0.012287382036447525,0.4447210617894821,0.013949401676654816
Gaia,DR3,5571610629264856320,93.06277436196704,-42.5478305558361,15.843268394470215,2.127070426940918,4.2319452380543225,11.224588117625212,59.34931836597943,36.65218721526019,,,4.830888169213917,nan,,,1.0196210145950317,,None,-6.31590177240181,-0.2445820059645425,-2.0103712554023296,0.03326183184981346,-0.052522312039681544,0.038744695484638214
Gaia,DR3,5577081657389877632,99.50861348478408,-38.052826792586615,17.641193389892578,2.9050521850585938,3.4738200168709934,7.9962037699465105,62.15819755336283,35.83915141484107,,,5.19791506360086,nan,,,0.9969273805618286,,None,-10.056702828118269,-3.996984692615408,-6.67674669914482,0.08196421712636948,-5.747833063225353,0.10252127796411514
Gaia,DR3,5569909100661347200,96.34482214877406,-42.61057790245226,16.017868041992188,2.0023717880249023,2.542310322392354,8.808840599671337,46.85243374146895,36.358887137005816,,,3.68411638220541,nan,,,1.0586521625518799,,None,-6.002911702201068,-0.36518041961706005,-4.034023753581495,0.0336151160299778,-0.21665439680597717,0.04152468591928482
Gaia,DR3,5570176793086316032,96.66691225709177,-41.55543847343181,18.09111785888672,3.152660369873047,4.8924408268611135,8.68366900994024,38.91194991063023,36.311263776391385,,,3.9201366868204492,nan,,,1.0844122171401978,,None,-6.510299565579604,-0.9662302012580498,-4.356205525446409,0.13352051377296448,-4.3877516136841095,0.13234743475914001
Gaia,DR3,5570652950341689344,99.25460616011574,-39.73099839628361,18.444293975830078,3.195058822631836,4.035460993009063,7.322857816391234,42.40051582237076,35.96160535048812,,,4.62643418704903,nan,,,1.0891700983047485,,None,-8.838557243624836,-2.506491571982456,-10.51927272889112,0.14754492044448853,1.0523793510638375,0.14801053702831268
Gaia,DR3,5571066542807564288,91.0213209054928,-43.89383346531007,16.383859634399414,2.1946725845336914,4.269535154003625,12.670074826139372,56.751730310210746,36.79453373168357,,,3.879259289809683,nan,,,0.9403006434440613,,None,-4.2861169593576225,0.6237969294757233,-7.621368764361761,0.04622757062315941,1.6568284315242106,0.053124573081731796
Gaia,DR3,5574162252155766656,96.29184976793152,-38.426074398978436,17.887033462524414,2.7041187286376953,4.079968042514998,9.96161931073699,66.1848488327156,36.23326201444071,,,3.407169896558387,nan,,,0.964061975479126,,None,-5.534081571559762,-2.240500213853473,-3.4947484458813385,0.09422831982374191,-4.345008696107123,0.09501926600933075
Gaia,DR3,5574393591977616256,94.51032598976867,-39.33148362583941,11.946988105773926,1.1327171325683594,4.2291166165209315,10.85921340677676,64.76818387602205,36.45325963065592,22.191694259643555,14.498574256896973,5.074198668044322,nan,,,0.9343827366828918,,Gaia_DR3,-7.357646006173633,-2.5697173570736216,-10.578927614594763,0.01216855924576521,-5.745970846530773,0.01246474776417017
Gaia,DR3,5540595566611860864,122.65282785468243,-39.59624114589104,18.678516387939453,2.9608535766601562,4.614602350302743,11.174855372849075,53.71345712611246,31.535749300994357,,,3.7530376568076718,nan,,,0.967784583568573,,None,-14.7594279579118,-4.994580036623976,-18.052927862701846,0.16617591679096222,-3.4189990006692383,0.15735676884651184
Gaia,DR3,5540952293721218816,121.92691973198131,-38.30263623781416,16.51017189025879,2.495182991027832,3.9815290174805247,11.149771948431454,58.870152236931865,31.569358927709526,,,4.820571019526122,nan,,,0.9981948733329773,,None,-18.694894642254344,-6.9897621062040525,-16.349993208242537,0.04338805750012398,-3.69240047995143,0.04726841300725937
Gaia,DR3,5540995861871872128,122.24979420307264,-38.33400034677571,12.05128288269043,0.9404621124267578,3.797564780023257,11.364520117270176,49.466754600759955,31.491597592956644,27.619953155517578,0.6993702054023743,4.300347774909418,nan,,,1.017991065979004,,Gaia_DR3,-16.781991987038875,-6.278241796889098,-13.460067679836172,0.011458096094429493,-7.182150665512039,0.011638198047876358
Gaia,DR3,5563130851995109248,102.35438981712586,-42.58133051623514,15.83804702758789,2.0296249389648438,2.3019564326054165,4.387364577192202,20.69038337928083,35.656207629675805,,,4.21232848314362,nan,,,1.3204725980758667,,None,-9.28567982778661,-1.0076141434322388,-7.712140430703951,0.04326970875263214,-2.3124061380133565,0.042826659977436066
Gaia,DR3,2919590919533986560,99.84197127802248,-27.54518055761293,11.371683120727539,0.8411455154418945,3.8091693587703213,16.380002939871943,69.81871744102516,34.525677997140384,6.537109375,0.5257477164268494,4.1193683821496885,nan,,,1.0889066457748413,,Gaia_DR3,-8.101164999092743,-8.815659558493934,-5.97982855486861,0.01409149169921875,-11.35379401725292,0.01706877164542675
Gaia,DR3,5577441648665365632,100.66403525053157,-37.50913350594741,16.904539108276367,2.6130237579345703,4.847742143756009,7.628896692061027,52.47158925136129,35.652051863291305,,,4.9157225778977125,nan,,,0.9597166180610657,,None,-10.051920455824966,-4.252580519385585,-5.034837435799404,0.05204175040125847,-4.509093776869325,0.05733173340559006
Gaia,DR3,5572395710630691968,90.77102532590743,-42.1421896102813,19.48285675048828,2.9188385009765625,2.876357251769061,12.950683785413704,58.56120786490294,36.81741515551929,,,3.850602925590534,nan,,,1.141436219215393,,None,-4.158452155676019,-0.2823497709034597,-1.825038320147664,0.32153066992759705,-0.3648236595905349,0.3658023476600647
Gaia,DR3,5572539372993369216,91.81559510180712,-41.240195318293424,17.093860626220703,2.5968875885009766,4.198047093910951,12.320971192089962,56.676676521067016,36.73381995990679,,,3.817080371857905,nan,,,1.047667384147644,,None,-4.518873313519274,-0.7984720027748621,-2.103813550343826,0.059732940047979355,-3.1604436864294034,0.06051400303840637
Gaia,DR3,5573430316712690048,95.99510932124679,-40.224012112195126,18.849153518676758,3.0735607147216797,3.3305727615604654,9.48844674504398,66.02484039291934,36.34340377762382,,,3.386772997695159,nan,,,1.0114647150039673,,None,-5.403016712498405,-1.3955756983349272,-7.193531281556944,0.18640875816345215,-2.9603559487708093,0.1949298232793808
Gaia,DR3,5573737497070002560,95.60025875402826,-39.23992635383996,16.364904403686523,2.290360450744629,4.993721868950202,10.10855528059348,46.45717429735273,36.344371997497035,,,3.851166050670042,nan,,,1.0049341917037964,,None,-5.9954373186992465,-2.067333173801966,-3.6291898115080374,0.03948942944407463,-5.359386833928955,0.04339239373803139
Gaia,DR3,5574046322398416512,97.6492595436118,-38.071393971083815,15.52721881866455,2.354127883911133,4.47842613715941,9.206448885003578,67.03871341090655,36.06383626554202,37.1617317199707,4.723777770996094,5.28423852053382,nan,,,0.9967162609100342,,Gaia_DR3,-9.278893153965623,-3.8552650376434303,-8.410854327696645,0.02854655683040619,1.0574717597721839,0.028138553723692894
Gaia,DR3,5575717992390144512,102.04251871928251,-39.74662345508234,19.076730728149414,3.7738914489746094,4.861785404764558,5.415667395771899,69.12473684661883,35.599942114683316,,,5.542399474781912,nan,,,0.9619394540786743,,None,-12.055316437350575,-3.3435871340069214,-7.843166861978416,0.21035794913768768,-7.154837807668487,0.21724995970726013
Gaia,DR3,5576037774178728704,102.48847683536646,-39.93767013382869,18.896806716918945,0.16192054748535156,3.755837404542041,5.023868692089654,67.42129370213128,35.54715206906988,,,5.500549741894598,nan,,,0.9701694250106812,,None,-12.194618354220054,-3.240941613418287,-8.927481941112404,0.16593074798583984,-0.36114220312690626,0.19733378291130066
Gaia,DR3,5575992320541528320,101.21083986165478,-39.13209828445914,13.604827880859375,1.19171142578125,3.6407987894100176,6.287886451774256,63.19230997618739,35.68122894742462,34.555728912353516,1.668155550956726,3.3083936164415233,nan,,,1.1281113624572754,,Gaia_DR3,-6.936596391856767,-2.1974920067012875,-4.422765906653247,0.012999589554965496,-1.8391096234512379,0.014949746429920197
Gaia,DR3,5576195592754518912,103.68719438301407,-39.00125964628864,14.082345962524414,1.4369697570800781,4.991301729273368,4.882497720853936,53.79308626369728,35.32156712308057,-7.608839988708496,3.268484592437744,3.3869571959598983,nan,,,1.0095659494400024,,Gaia_DR3,-7.887764099544285,-2.511770795573265,-9.015971783397243,0.019109439104795456,-5.892289483858198,0.018222998827695847
Gaia,DR3,5576227306792547584,103.58902820925043,-38.487247868349534,14.75644302368164,2.047426223754883,4.970076144940303,5.312907645042995,35.73401920025904,35.303384192675374,30.830585479736328,5.573394298553467,4.58566118534317,nan,,,4.758250713348389,,Gaia_DR3,-10.637540333236288,-3.695753635756393,-6.1523077173536995,0.08591780066490173,-1.973321791570199,0.10137361288070679
Gaia,DR3,5576431296261635456,101.84445619884731,-38.201461015997324,18.738525390625,2.8385257720947266,4.553170877778246,6.473901792729076,58.231971657444944,35.53777319617973,,,3.3760068504472196,nan,,,1.0153357982635498,,None,-7.280250828385361,-2.703930551134442,-4.924048156344663,0.16722573339939117,-4.928561406736443,0.18008549511432648
Gaia,DR3,5574017460218334080,97.74712149055536,-38.47966577925027,13.502203941345215,1.4936857223510742,2.747159784531249,8.933295899366657,66.35102410117722,36.0764050519155,-0.06902807205915451,1.6371217966079712,5.278693316248612,nan,,,1.0688806772232056,,Gaia_DR3,-9.319084142979232,-3.574845179715317,-6.270895952653672,0.012079702690243721,-3.807365034601924,0.012693247757852077
Gaia,DR3,5573098401640571776,92.76420139498268,-39.512319233403005,19.526668548583984,3.0239219665527344,2.5379142477635064,12.066452088108353,51.79713660828966,36.61268656371385,,,4.234486017652285,nan,,,0.9680488109588623,,None,-5.411155268752758,-1.929682902083412,-3.275662023655071,0.28234806656837463,-2.6861711077586445,0.28043270111083984
Gaia,DR3,5573488663843787904,95.02383516649213,-40.842737728806554,19.985984802246094,2.593496322631836,4.16107257045516,10.03711288167315,58.31503192057791,36.45647972633466,,,3.5429256246380243,nan,,,1.0797152519226074,,None,-5.315749840027898,-1.1057234327927696,-8.395126396759693,0.49610745906829834,-1.5253764816255824,0.4950791001319885
Gaia,DR3,5577040670518754304,100.2211508218297,-38.18238172158096,15.478585243225098,2.107028007507324,4.716892035882323,7.468030789248852,68.91688282816246,35.75606931727399,,,3.27296377335589,nan,,,1.1258491277694702,,None,-6.554917701814386,-2.5103550037249334,-5.274585249501578,0.02900558151304722,-5.502465012512083,0.02974558435380459
Gaia,DR3,5573786902076751232,96.89506968435653,-39.88601762178595,18.187252044677734,2.656129837036133,4.487402393042271,8.94413103375777,39.40919083616527,36.23759621345793,,,3.9568287443922583,nan,,,1.014317512512207,,None,-6.658922427784342,-1.8747281950495396,-9.76162538219042,0.11742329597473145,-3.9685692982077287,0.11579079180955887
Gaia,DR3,5577738100190748160,104.0806350480082,-38.12485331037107,18.275798797607422,2.9347152709960938,4.551607141449733,5.358688667886219,49.181771428183005,35.20355860369766,,,3.4602785683487762,nan,,,1.1564818620681763,,None,-8.184827061058781,-2.9946395961931582,-6.587602040521398,0.13042747974395752,-0.08384119976383808,0.12995320558547974
Gaia,DR3,5577965836536822912,105.03266086943042,-36.823731766412806,16.942689895629883,2.3962345123291016,3.2345569590251513,6.1260120680733445,57.61906916689916,34.94941066316571,,,3.3730738242216907,nan,,,1.0498735904693604,,None,-8.274917234507138,-3.568138065592697,-6.023155756229194,0.05951618030667305,-3.0994476938752853,0.06595916301012039
Gaia,DR3,5578061360907169664,102.94430788019004,-37.467672113857574,16.428176879882812,2.4949350357055664,1.8657359985877426,6.423232472699376,38.38595314695756,35.32675310295467,,,3.679755164426767,nan,,,1.043007731437683,,None,-8.314936235490435,-3.3951344386854334,-9.347731266192415,0.04582506790757179,-2.3812164608955206,0.04667074605822563
Gaia,DR3,5578533253255534592,106.33839641654609,-35.24647047653318,11.79157829284668,0.8584489822387695,4.109042225502949,7.324088865120703,65.97333391388025,34.576423109927404,9.049471855163574,0.6297560930252075,3.304641440584583,nan,,,4.467710494995117,,Gaia_DR3,-8.501604130424745,-4.27425219561269,-9.122085026679292,0.051156867295503616,-7.068767504349498,0.05426645651459694
Gaia,DR3,5573264672708606464,95.85361166426459,-40.91141138465618,19.472349166870117,2.883523941040039,1.3346187899887045,9.410744936260558,52.26861309995456,36.3782765120262,,,4.760965495813712,nan,,,0.9594637155532837,,None,-7.529585838186845,-1.5115620430781274,-6.239693898358944,0.3617243766784668,-1.1503887676565743,0.44325345754623413
Gaia,DR3,5576381405921065344,101.71428961833858,-38.77311275226264,18.335460662841797,2.7847843170166016,1.8513404739564283,6.18119247301057,35.4486386093646,35.59193975553546,,,3.722087096046098,nan,,,1.003230094909668,,None,-7.980913730818738,-2.691187576689106,-8.443967315215797,0.11274394392967224,-1.3143055980863285,0.12358590960502625
Gaia,DR3,5563545642756617856,103.13478262561087,-40.91570701474176,17.599586486816406,2.8930225372314453,3.611883686663677,4.138019434406495,24.536571920657074,35.498842217303824,,,3.8042209306037713,nan,,,1.0386672019958496,,None,-8.663841463370323,-1.8173683146546824,-5.818867177477426,0.0837869644165039,-2.3618869519334034,0.10342817008495331
Gaia,DR3,5563662358490375168,104.00530869973882,-41.29128814044036,19.19478988647461,2.7839412689208984,2.1911542788152,3.3894624568747345,55.67362803404742,35.387484505070205,,,3.3342748895960463,nan,,,1.0327460765838623,,None,-7.863509124703769,-1.506646421860942,-8.315572695891918,0.2320801317691803,-2.97896753756586,0.24391916394233704
Gaia,DR3,5563713107825663616,103.71377008683376,-41.077348816304685,16.374052047729492,2.5738296508789062,1.4798159440515861,3.672544005691948,54.89412766204744,35.421876071358554,,,5.166951657367522,nan,,,1.8067363500595093,,None,-12.045887491206475,-2.438269129888625,-12.97439930626422,0.11663687229156494,-1.1206837072205378,0.10992874205112457
Gaia,DR3,2919590919533986688,99.84251569481944,-27.545274913842363,11.524273872375488,0.7783241271972656,4.240103264252375,16.379729950261574,69.83043356734184,34.52561616171319,8.666784286499023,0.5991604328155518,4.116918872914575,nan,,,0.9913276433944702,,Gaia_DR3,-8.096561681955784,-8.810403681153932,-6.239770776318032,0.014017202891409397,-11.98754754134066,0.01825207844376564
Gaia,DR3,5574694037824782592,93.47636852509287,-38.68611839080215,19.187509536743164,2.7551918029785156,4.267653156252584,11.845784423915703,62.365605768653715,36.51733712402669,,,3.599886341229439,nan,,,0.9967096447944641,,None,-4.853495776867713,-2.0779555125957265,-1.6676566267442974,0.2372025102376938,-1.4952602578852359,0.21345940232276917
Gaia,DR3,5575493142262399616,101.56486256489046,-41.27364741162965,10.484240531921387,0.6286287307739258,4.2592920206937,5.144123008097293,47.73107569707588,35.72744540073165,0.014865266159176826,0.7795729637145996,4.9182912944005,nan,,,1.046436071395874,,Gaia_DR3,-10.47650871653663,-1.9235331001472014,-6.953485037132434,0.015039429999887943,-4.586352875521365,0.015079736709594727
Gaia,DR3,5577548851049184128,100.70228020125798,-36.721703429839785,18.264684677124023,2.8723068237304688,4.282405720897458,8.158751988633384,35.193721318738305,35.587135127805986,,,4.035213634259031,nan,,,0.9392055869102478,,None,-8.266059397360825,-3.9108872632975578,-4.811255658051457,0.11506815999746323,-2.7554852367119125,0.1505027860403061
Gaia,DR3,5578462231676345856,106.58518005830489,-35.63077108788152,12.142928123474121,0.937067985534668,2.205335034260044,6.908429589931065,49.58697585374654,34.57388972321893,37.870182037353516,0.6788144707679749,4.8759088132148936,nan,,,2.08903431892395,,Gaia_DR3,-12.653194003757871,-6.099474550110589,-10.415767457652585,0.023874668404459953,-6.46348013218922,0.025988763198256493
Gaia,DR3,5576752357952018816,100.69585616656333,-38.867400505665316,19.50245475769043,2.5710067749023438,3.119877171574639,6.767709570295914,32.09267757152852,35.73504903880624,,,4.323677326910012,nan,,,1.1150994300842285,,None,-8.85433570541295,-2.9716423228076114,-10.50472412831541,0.3175334930419922,-0.6558736567323822,0.31911346316337585
Gaia,DR3,5580149947666110208,99.59325445008044,-37.17069611463122,18.741086959838867,3.0383968353271484,4.284529356876336,8.490556076356839,37.39033058224756,35.76796490593189,,,4.247796480271096,nan,,,0.9527928829193115,,None,-8.25282838444092,-3.7677625289347585,-5.696429497112546,0.1614944189786911,-0.9067991820039687,0.15573345124721527
Gaia,DR3,5581512899705251328,96.95151798372228,-35.53129084974714,9.889144897460938,0.4984750747680664,3.261723734173567,11.171457512672736,48.585777535795344,35.956031405047824,4.351624488830566,0.7603259682655334,4.289342861835713,nan,,,1.0569546222686768,,Gaia_DR3,-7.242008507827721,-4.520254614858459,-9.461035794091599,0.013033075258135796,-2.577395705886663,0.015070742927491665
Gaia,DR3,5574283026636399232,96.46244726778586,-37.90749884109853,12.688342094421387,0.9259414672851562,4.8854918726127545,10.093776261941935,50.65555689743813,36.185383540798846,12.42523193359375,1.2196685075759888,3.714488415157538,nan,,,1.0003725290298462,,Gaia_DR3,-6.094920893985885,-2.7105428815176804,-3.8434324367227353,0.0101632010191679,-5.803430085819974,0.010645250789821148
Gaia,DR3,5574772446749945856,94.12795305258096,-38.38751696470581,16.38791275024414,2.3199586868286133,4.836367286187463,11.501455669719803,49.329248708342824,36.44425243826795,,,4.206143526639793,nan,,,1.0353527069091797,,None,-5.940868784067395,-2.6377332089090366,-1.8615474376261005,0.03927526995539665,-1.315061766757753,0.04283104091882706
Gaia,DR3,5575224414748595072,95.29799785789443,-37.18980226160623,16.156164169311523,2.2656078338623047,4.125095980309272,11.25459624294909,52.15689771871049,36.26079481199744,,,3.8173007800854992,nan,,,0.9888517260551453,,None,-5.8298933754736275,-3.0760487575404873,-2.5371048428566056,0.03412410616874695,-2.6552347650283687,0.03794598579406738
Gaia,DR3,5575616218845376384,101.7430307835573,-40.68772228096137,10.779618263244629,0.6808490753173828,4.360995171474766,5.199858138412834,24.21427489993115,35.682714303299214,51.0660400390625,0.3398340344429016,3.9228547447066124,nan,,,0.9358119964599609,,Gaia_DR3,-8.422027152998906,-1.8534861058950869,-5.070583577961113,0.01246911846101284,-0.521472137327139,0.015060994774103165
Gaia,DR3,5578779342001347840,105.26977546271351,-34.914898015515604,14.88416862487793,1.8495349884033203,4.038142085283343,7.858299310323063,37.935638732310714,34.72334385148883,-13.707198143005371,5.837588787078857,4.4069034849858735,nan,,,0.9956833124160767,,Gaia_DR3,-10.907112303265864,-5.767112568190578,-9.805664026727724,0.020321223884820938,-2.1809362357271436,0.023946499451994896
Gaia,DR3,5574876483740212864,94.10186805603526,-37.648099882780734,18.117551803588867,2.8178176879882812,2.4611591592070683,11.850295958400729,58.335368117694046,36.40526510749624,,,3.699428204114442,nan,,,1.0219287872314453,,None,-5.2156767557965376,-2.6853459710633345,-6.924516083741068,0.09917300194501877,-1.8112941632131527,0.12593084573745728
Gaia,DR3,5574907755399523584,95.65639754137597,-38.329175039563495,19.3941707611084,-0.1911449432373047,2.7844130367546738,10.449062014195308,60.6848494586855,36.29365005614556,,,3.526828341553436,nan,,,1.094115138053894,,None,-5.509856575659921,-2.326122034833412,-5.169938620395254,0.3061472177505493,-4.368210258558937,0.3363330364227295
Gaia,DR3,5575069040011741696,96.30495821478043,-37.23171238224074,14.187560081481934,1.4671001434326172,3.69375386964085,10.554724274088962,49.56887590731652,36.15901060837932,-1.9594318866729736,2.4458065032958984,3.804458888605222,nan,,,1.0389188528060913,,Gaia_DR3,-6.184232591118703,-3.1081862822165967,-6.85618095551833,0.014327405020594597,-5.993431676288701,0.016238322481513023
Gaia,DR3,5575593919374921984,101.13417573182971,-40.44151630104934,12.490245819091797,0.9916410446166992,3.099882004045924,5.72092195830878,28.789216034552254,35.75396845002805,20.47676658630371,1.3957253694534302,4.340173304651727,nan,,,1.1206175088882446,,Gaia_DR3,-9.068413394104876,-2.1276572612373137,-8.544268851703047,0.011176270432770252,0.6597341297838721,0.011141528375446796
Gaia,DR3,5577079320927930880,99.41063404249513,-38.17341629613802,17.20242691040039,2.7750320434570312,2.265812705865202,7.989451131452357,40.9451946542627,35.85904419608199,,,3.7506805330099025,nan,,,1.0744274854660034,,None,-7.221501391715043,-2.8167824708318867,-8.723631678090012,0.07307656854391098,-1.840460986400449,0.07697558403015137
Gaia,DR3,5574883119466828160,94.11437218188223,-37.4481466303162,17.231325149536133,2.5789413452148438,3.2757137371477456,11.937137241885896,52.59327075712847,36.39187635480488,,,4.376854840755908,nan,,,1.0022495985031128,,None,-6.17613814188586,-3.295180395810047,-5.6191986538466585,0.05719829723238945,-0.3244845663331626,0.06365174055099487
Gaia,DR3,5574010210313598464,97.31145255634831,-38.50005232398095,12.921462059020996,1.1867551803588867,4.616306789092476,9.22168614125983,47.25146073336084,36.12675275031076,6.694277763366699,1.6928752660751343,3.7129464392195413,nan,,,2.6422767639160156,,Gaia_DR3,-6.39840202692858,-2.4737758709491886,-3.2019689254095463,0.032253872603178024,-4.158646934127146,0.03575209155678749
Gaia,DR3,5574159915693564800,96.29335839091826,-38.471834261251594,13.557029724121094,1.4608736038208008,4.858791785894814,9.939616387661273,57.326845513462985,36.23558135562977,-11.335977554321289,1.4789793491363525,4.889542632640685,nan,,,1.8805996179580688,,Gaia_DR3,-7.9425376267339045,-3.1855657269581945,-12.942732569426058,0.022500749677419662,-3.4698727736943416,0.02275819703936577
Gaia,DR3,5574173487790182784,96.09009491593764,-38.406963155926256,17.504457473754883,-0.34644508361816406,4.369851118477363,10.110883691547858,48.57056967052439,36.253337776952975,,,4.52959068727907,nan,,,1.0719666481018066,,None,-7.268134944990899,-2.974137067588364,-3.0973120407070827,0.07319395244121552,-2.849072053116691,0.0746360495686531
Gaia,DR3,5574337521181292416,94.21394201730742,-39.958587171590686,16.117769241333008,2.4140968322753906,4.252008133825404,10.867926200728302,47.26046781812007,36.50433256149363,-104.0030288696289,12.451851844787598,4.278249809188231,nan,,,4.753116130828857,,Gaia_DR3,-6.078897850507555,-1.7860225763145556,-6.680417459165399,0.22590744495391846,-5.573430958027571,0.2807922065258026
Gaia,DR3,5574892224797433856,94.2504585178511,-37.23891764805124,16.87798309326172,2.454000473022461,3.1340949618069947,11.945939693666022,51.0484469238842,36.365892235463654,,,4.137561351050452,nan,,,1.0004298686981201,,None,-5.893852700527682,-3.2394267771992076,-4.530003487942147,0.05983152985572815,-5.608588993675516,0.06074459105730057
Gaia,DR3,5577602619742138624,101.61607979344076,-36.77226083456207,10.070223808288574,0.5891218185424805,2.7616624528823173,7.631831865969263,44.193751209220345,35.464496247142634,10.65134048461914,0.2989121079444885,4.656345352724584,nan,,,1.0582802295684814,,Gaia_DR3,-9.941033777119713,-4.5750277441132905,-7.658607023982589,0.012152547016739845,-3.112396556780226,0.01418533455580473
Gaia,DR3,5578539614102310784,105.93530228992759,-35.35832056626322,19.945941925048828,2.670818328857422,2.9571265203714403,7.287131865125063,44.135842005580784,34.65780071438597,,,3.626336297010945,nan,,,1.042266607284546,,None,-9.196046585187556,-4.600981016111917,-8.317245773650141,0.3588095009326935,-2.5181578027420572,0.39007261395454407
Gaia,DR3,5574337521180133632,94.214095246762,-39.958521303794214,16.258752822875977,2.3627233505249023,3.1177322228066635,10.86783417370482,47.141420681777035,36.50431647876337,,,4.265640338374663,nan,,,2.3090834617614746,,None,-6.061045528692893,-1.7808067270760788,-8.440400591763407,0.31646132469177246,-3.263635452746788,0.6165326237678528
Gaia,DR3,5574858444878194176,94.24380095702774,-37.86067239525688,9.882159233093262,0.649627685546875,3.588157059222898,11.652002742358222,57.44575873110066,36.404645164277355,-8.715904235839844,0.18620440363883972,4.696746067299338,nan,,,0.9569355249404907,,Gaia_DR3,-6.687322828866039,-3.285553569260998,-5.1438499312399735,0.012663149274885654,-6.485466710609572,0.014046482741832733
Gaia,DR3,5565771363530276864,105.28406475074954,-38.18873898420332,16.851900100708008,2.339174270629883,2.044590132631132,4.806739507548564,21.645333374200558,35.018653317725146,,,3.9652869161719484,nan,,,1.0803601741790771,,None,-9.81930753010365,-3.5235131709057184,-9.18839745187295,0.05211828276515007,-1.9351055829097403,0.057367902249097824
Gaia,DR3,5565863890008905728,105.7467124866281,-37.482367208164376,19.028160095214844,2.8618946075439453,3.9529805333436654,5.3016558809681875,51.12601138647398,34.88819922980581,,,3.432554831609785,nan,,,1.0650572776794434,,None,-8.645517187419937,-3.4046292477664375,-6.678823754613129,0.18845364451408386,-1.3275501734630075,0.24263669550418854
Gaia,DR3,4803878348861323264,89.04393892732776,-41.7343657690317,17.574018478393555,2.721559524536133,2.9126052053131994,14.280184540153211,60.95646095759703,36.91997341902998,,,4.2536501054374725,nan,,,1.0442818403244019,,None,-3.8596649662537064,-0.46222476140825736,-1.3241317367636944,0.07879695296287537,0.1641986999593686,0.08906096965074539
Gaia,DR3,5579003809873966080,103.45883294815067,-35.89679647392623,19.862092971801758,2.701324462890625,3.2261458467889526,7.51476130318151,45.61561476489618,35.11482345189866,,,3.613297967537266,nan,,,1.0867092609405518,,None,-8.338145168150431,-4.114171917880993,-5.892511856624204,0.3998907506465912,-4.354551288062057,0.41199254989624023
Gaia,DR3,5580320651142990592,97.54338884498124,-37.326800745570715,18.17608070373535,2.471477508544922,2.8622409753716456,9.684713379676012,42.73072443679977,36.02804164727203,,,4.294266744584185,nan,,,0.9500998258590698,,None,-7.496579992851993,-3.548859668412105,-9.067419276250032,0.11164557188749313,-5.6095235681019835,0.12594756484031677
Gaia,DR3,5576222290270770432,103.7767210563215,-38.59798757185001,15.838960647583008,2.0208568572998047,2.1981251562650415,5.133171945264277,60.41313797650911,35.2824427002921,,,3.3127203279428703,nan,,,1.0346462726593018,,None,-7.742424073213261,-2.6379197902184277,-6.405937434891516,0.030234944075345993,-3.3930666436882015,0.032161761075258255
Gaia,DR3,5576655978885502464,99.53351364815742,-39.666651826780786,16.713531494140625,2.4219131469726562,0.9920961077379025,7.155223057623045,33.375476789455185,35.92452561275303,,,3.879778718147487,nan,,,1.331944465637207,,None,-7.515667225073855,-2.158216589576678,-7.6063262215159595,0.07486438006162643,-1.3518652562115192,0.08193028718233109
Gaia,DR3,5576816576304857088,99.9139394882403,-38.69212466420589,15.600543022155762,2.138491630554199,3.9287760146191566,7.372933998945541,48.67825778072789,35.826443598269826,,,4.817172245999207,nan,,,1.01156485080719,,None,-9.506546373037164,-3.3392579606646824,-7.822472801738349,0.028150340542197227,0.2775970121794443,0.030396144837141037
Gaia,DR3,5577039845885289856,100.20808419329303,-38.259604822967994,12.938061714172363,1.032689094543457,2.756834558391787,7.430041130877443,60.57679271292884,35.76263691264246,17.480993270874023,2.247617483139038,3.3778317387741077,nan,,,1.0251710414886475,,Gaia_DR3,-6.760739487129793,-2.5554918320863726,-4.798477795622286,0.013678286224603653,-2.612483944127053,0.015051376074552536
Gaia,DR3,5576979162290701568,99.26859807801864,-38.433229388460575,19.611400604248047,2.8577308654785156,4.7626666377471025,7.937213892892462,34.10510413424167,35.89248056089817,,,4.125406058054669,nan,,,1.1085528135299683,,None,-7.886897998789923,-2.9444671295891647,-10.798223893334683,0.30181220173835754,-5.8906842676765745,0.31276339292526245
Gaia,DR3,5579310749713666176,102.82355482703022,-35.01887806700224,18.949777603149414,2.8479995727539062,3.083302925840497,8.533141063819555,64.50038437092194,35.126057775768906,,,3.366985903043814,nan,,,0.9268645644187927,,None,-7.570183546731694,-4.166606547385831,-6.868889792295818,0.16898369789123535,-6.239712661388762,0.197053462266922
Gaia,DR3,5579451001868307712,104.22243815787027,-35.05557411591923,14.847514152526855,1.6368894577026367,1.0514137886828039,8.010375065816548,44.59818242574888,34.91061471875273,10.286261558532715,9.695915222167969,3.667918126738164,nan,,,2.8319897651672363,,Gaia_DR3,-8.724125937268585,-4.640599049202381,-8.07295833877022,0.07793405652046204,-5.12735534413673,0.08762424439191818
Gaia,DR3,5579299823316909568,103.03340955852967,-35.01776446744546,13.95560073852539,1.6245908737182617,2.520968098608086,8.453675046762033,65.58861648254066,35.093833536008944,22.082996368408203,2.0325660705566406,5.2831981143182105,nan,,,1.126975178718567,,Gaia_DR3,-11.9821161099738,-6.56373259853912,-14.133955662238355,0.014731992967426777,-8.367324018814784,0.016480302438139915
Gaia,DR3,5579363045235382784,102.63264761784089,-34.87374766205777,17.60796356201172,1.4904499053955078,3.998052370703744,8.735389044208508,43.64944433607463,35.140105358605894,,,4.5179442544757356,nan,,,1.0584254264831543,,None,-10.077230719613645,-5.656408938155797,-7.503089616641238,0.07376956194639206,-8.462397917137228,0.09028445929288864
Gaia,DR3,5579458599668200832,104.4298283708716,-34.926546397583195,16.13266372680664,2.1468324661254883,4.3124980268478135,8.068256264540919,52.156152166638364,34.86342366775296,,,3.531193633908443,nan,,,1.086243748664856,,None,-8.466637476276844,-4.543643620392606,-6.618938631328175,0.03463349863886833,-7.168877225975134,0.039427388459444046
Gaia,DR3,5579299823316908672,103.0352034043911,-35.0120461554724,17.267602920532227,2.6045570373535156,2.4910480787832867,8.458072500351216,63.81024556922554,35.09296987307411,,,5.223658215130183,nan,,,1.02976655960083,,None,-11.847956571341504,-6.4938337703513795,-13.95775958741957,0.0644877701997757,-8.246989544398184,0.07470973581075668
Gaia,DR3,5575759739470838016,100.45597448396143,-40.545263162689324,17.1675968170166,2.6243200302124023,3.721391773196618,6.163799141786292,26.57567848883054,35.845838379357815,,,4.116386991458272,nan,,,0.9941419363021851,,None,-8.336038218287872,-1.8965697443272438,-11.458540705128161,0.05997762456536293,-2.7203252389005925,0.06793560087680817
Gaia,DR3,5575810179568594816,100.15916895945585,-40.47613916823775,8.527484893798828,0.2204875946044922,4.879179430001332,6.3994423676133865,28.072226167499316,35.880741680542954,-8.57496190071106,0.4468129575252533,4.17744709362351,nan,,,0.9756298065185547,,Gaia_DR3,-8.34171301537207,-1.9345618590891993,-4.163795970750305,0.018722422420978546,-0.9306532825672,0.023994291201233864
Gaia,DR3,5576609451505139456,99.86899842012573,-39.74680350333852,18.973569869995117,1.4960384368896484,3.4284382986502053,6.887706163343193,29.934898840830304,35.88649552159033,,,4.008605454876956,nan,,,2.886977195739746,,None,-7.893676721733449,-2.2166932835253355,-10.355536827125194,0.5259368419647217,-3.7441449644458893,0.5283454656600952
Gaia,DR3,5577044239633660160,100.11813273156787,-38.15811181787264,18.523710250854492,2.5655879974365234,4.339406420324624,7.547351939757563,36.71746542807936,35.76791553462784,,,4.4016016474628605,nan,,,1.06434166431427,,None,-8.772109481692368,-3.380311684999968,-12.43531657740723,0.14891256392002106,-1.708796045332964,0.16042226552963257
Gaia,DR3,5581797776296316928,99.13901736236944,-34.67812832466004,8.713629722595215,0.18272113800048828,0.7907532215982431,10.52916080428231,52.38496012910266,35.610633968867674,32.69872547149658,1.0360636711120605,4.634852045192749,nan,,,1.0287213325500488,,Gaia_DR3,-8.803308033749841,-5.58790796256116,-8.951597480608646,0.015209450386464596,-6.346167794232471,0.01828245259821415
Gaia,DR3,5581878590400663296,98.56902173192056,-34.34944401981121,13.530071258544922,1.220794677734375,4.670430055941442,11.083537351576165,48.75429337603543,35.65015027407154,21.005672454833984,1.7694218158721924,3.9465132705677313,nan,,,7.629099369049072,,Gaia_DR3,-7.27992087015443,-4.886548059362837,-6.156624940308373,0.08853335678577423,-1.1668238833008449,0.10550068318843842
Gaia,DR3,5576990294846078720,99.02685201440843,-38.3181708090522,17.498868942260742,2.8246421813964844,1.996863581363578,8.158826419431218,39.758795591246134,35.915432877651284,,,4.43937385003979,nan,,,0.9802863597869873,,None,-8.384279441690717,-3.2139831179667766,-6.879170950200282,0.07756785303354263,-2.10626504243292,0.07631698250770569
Gaia,DR3,5577150724761582720,101.12597148605677,-38.521893245053214,19.572425842285156,3.0763778686523438,3.6620381982686934,6.698031495451841,29.099802048263406,35.657168278839826,,,4.0106219429344865,nan,,,1.0228385925292969,,None,-8.376730604995911,-2.9775260195111373,-7.540444720361115,0.3157196640968323,-5.95862370396012,0.32773056626319885
Gaia,DR3,5579104209030299520,103.11079981378634,-35.26056852208636,16.214723587036133,2.2467031478881836,3.623536827124101,8.20925440648402,53.385014961557296,35.10659980690447,,,3.518485639288371,nan,,,0.9993612766265869,,None,-8.005225715259837,-4.267102769130351,-7.7210016653511495,0.034290194511413574,-6.9397258305448,0.03957080841064453
Gaia,DR3,5579414138164891392,104.23147127933171,-35.19477951766476,19.530807495117188,3.0837440490722656,4.675625821074786,7.878783243702266,53.33939600703815,34.92363041493231,,,3.5020518556804503,nan,,,1.0100351572036743,,None,-8.332540927933612,-4.368831110743998,-4.903584361577673,0.2853095233440399,-3.9718180869282658,0.3212609589099884
Gaia,DR3,5579894281151320192,103.60959542078581,-33.73423692794724,15.530434608459473,2.2519750595092773,4.63477040950834,9.424973151415953,55.32187825595985,34.862126507692714,7.901991844177246,4.740354537963867,4.866713116287678,nan,,,1.0576258897781372,,Gaia_DR3,-11.2988143786493,-6.914188031159573,-7.308710869204893,0.025321612134575844,-4.327762990090892,0.03175319731235504
Gaia,DR3,5580329339860763648,97.55705683965708,-36.99552758809945,19.064271926879883,3.199918746948242,1.526343147080303,9.86960198079287,58.485224829328395,36.00321140264343,,,4.937095713036192,nan,,,0.9435623288154602,,None,-8.625305622045232,-4.298220789865099,-7.782752899313473,0.2024098038673401,-2.951461559115898,0.21826858818531036
Gaia,DR3,5577279500763594624,101.37400011010801,-37.40016510780465,17.624544143676758,2.5142784118652344,3.5272997072346715,7.2983274189367195,41.599815148741826,35.54719694124389,,,3.6766501206821456,nan,,,1.0009492635726929,,None,-7.765416706654846,-3.2907589586853816,-5.588128092582684,0.07051568478345871,-1.6373567769894755,0.07445518672466278
Gaia,DR3,5579327959644594560,102.29177660594132,-35.216498108826784,9.638510704040527,0.6054220199584961,4.082499391139124,8.577747603084639,68.26537745568064,35.22600482260634,-13.280506134033203,0.5359073877334595,3.318228273237147,nan,,,0.9611812233924866,,Gaia_DR3,-7.295220017885066,-3.9819517365139263,-4.601154543185256,0.013367975130677223,-4.9292907165553945,0.013675021007657051
Gaia,DR3,5580131260265112320,99.19901064229757,-37.31644912664833,12.621594429016113,0.9645366668701172,3.6439160319660804,8.638028406106924,39.90914304876017,35.82845670553061,-6.221744537353516,1.4772311449050903,3.8658059868763885,nan,,,1.0070748329162598,,Gaia_DR3,-7.364828654238722,-3.3237031185852945,-4.5681931633437785,0.010744703002274036,-2.3249909823217303,0.012204207479953766
Gaia,DR3,5575480837178451712,101.06157113910518,-41.35626554875993,18.777786254882812,2.9965381622314453,3.25414972874887,5.490290111848995,65.28304753672589,35.79591775960319,,,3.264190620543286,nan,,,0.9957579374313354,,None,-6.797807898448112,-1.201237379867032,-8.873726693368566,0.1857219785451889,-2.0407864161840843,0.2002696692943573
Gaia,DR3,5575825018678556032,100.28713100922556,-40.12963068364405,18.6375675201416,3.180643081665039,4.395014595249545,6.437512143608999,30.379917649864105,35.850595647692344,,,4.301519114568209,nan,,,0.9988358616828918,,None,-8.641868308364971,-2.201286665592159,-9.310994976604889,0.14826048910617828,1.7275550913118862,0.16575799882411957
Gaia,DR3,5576425631201959424,101.76004175812717,-38.37469525398534,9.627228736877441,0.5756721496582031,3.713333439547702,6.407726823900296,36.31767241066501,35.56087598908853,35.515892028808594,2.7850847244262695,4.517106746217203,nan,,,0.9641960859298706,,Gaia_DR3,-9.705075588119078,-3.506571441857086,-9.696221936813714,0.012252210639417171,0.02944478487487556,0.016911378130316734
Gaia,DR3,5576787370527654016,101.01831284524711,-38.5042701581851,17.751758575439453,2.930845260620117,4.832591654428232,6.775510621705806,56.253367935761965,35.67060750052224,,,5.0826048569272375,nan,,,0.9860943555831909,,None,-10.563908369265917,-3.772747640236443,-5.396845303030678,0.09321022033691406,-4.10832692128414,0.09962010383605957
Gaia,DR3,5580950774385647488,99.74635910932233,-35.50578687599525,19.56234359741211,2.822996139526367,4.634552093730637,9.577535980844823,43.66824609180125,35.61058975661698,,,3.8741642805510734,nan,,,1.0609978437423706,,None,-7.583584888744951,-4.295921622451924,-7.417151233074864,0.30508723855018616,-8.077358577512431,0.3119608759880066
Gaia,DR3,5581488431273753088,96.53697856548398,-35.276689545669456,17.186676025390625,2.7856216430664062,4.192272715568802,11.593251484152955,60.23023360373346,35.98018787453336,,,4.822555354054073,nan,,,1.0146809816360474,,None,-7.948056009004015,-5.211046842303329,-9.103579212940238,0.05898445099592209,-9.313460258064524,0.0699707642197609
Gaia,DR3,5582008916888384896,97.4038058674625,-34.29711048557168,17.52475929260254,2.9062328338623047,2.276749290200605,11.764800559408389,68.36984087419869,35.787216253503914,,,5.1252922330406205,nan,,,0.913068413734436,,None,-8.878086499420856,-6.276264194217494,-9.93193404910083,0.0767139121890068,-8.49903901210465,0.08463398367166519
Gaia,DR3,5575718778368268544,102.18920775826851,-39.7379652678997,18.3253116607666,,1.9407028424445303,5.324345718261225,24.314917977819963,35.579145476379665,,,3.9405893607679015,nan,,,1.0745627880096436,,None,-8.625540605162415,-2.39580096898061,-10.237363172044036,0.14031730592250824,-2.429393317143666,0.1586059182882309
Gaia,DR3,5576253042236663552,102.78268740049333,-38.697037477230694,16.287689208984375,2.2887191772460938,1.622906439040237,5.598321519941811,40.35136893108172,35.43596432659152,,,3.5992602810296153,nan,,,1.0743755102157593,,None,-8.078661075923876,-2.7303387826449557,-7.09065269629688,0.041081883013248444,-1.9953709635989485,0.04434523358941078
Gaia,DR3,5576440337170983680,101.9822836609917,-37.995635456277306,19.35191535949707,2.4289722442626953,3.8016888793357735,6.536964396804689,51.44173600700639,35.504467183300626,,,3.4708068563571115,nan,,,1.9624022245407104,,None,-7.529713470261424,-2.8844280395173922,-4.78347055087788,0.504230797290802,-2.4421855289521615,0.5856274366378784
Gaia,DR3,5576546298306389632,102.23289264165119,-37.6347261255111,19.250471115112305,3.0613784790039062,1.8330792458391092,6.6596145177459105,69.6246932130691,35.44313131063909,,,3.2422102163800024,nan,,,1.039772391319275,,None,-7.110165509841316,-2.8662457129842602,-6.065726059396454,0.27106162905693054,-3.5582610267041526,0.2943493127822876
Gaia,DR3,5579534839631612032,103.92923195007536,-34.39398251786758,19.013694763183594,2.846799850463867,4.143186592971185,8.714077065181039,40.28776169467235,34.886375735559355,,,3.863405525924159,nan,,,1.0071605443954468,,None,-9.084152732435983,-5.189711290333496,-7.4002660254920265,0.17952297627925873,-8.113933674481752,0.20772205293178558
Gaia,DR3,5580040791074272384,98.27034158964682,-37.9886756118013,12.772530555725098,0.9666299819946289,2.5686080712820045,8.837121016663929,47.62956842169998,35.98647616452611,10.347789764404297,1.1593338251113892,3.669004871270559,nan,,,7.7869720458984375,,Gaia_DR3,-6.6625330664628395,-2.760839965057419,-6.540162471829269,0.09793674945831299,-0.7778886547856863,0.11590360105037689
Gaia,DR3,5580672426145156992,100.72921748434074,-36.224312927029594,16.77938461303711,2.8632001876831055,4.297072358236757,8.512237835806893,55.68345767024666,35.54222480374168,,,4.954148751995457,nan,,,1.0674909353256226,,None,-10.161145137890648,-5.127006924849887,-6.139981029487947,0.04817701503634453,-7.119629280472852,0.05570954456925392
Gaia,DR3,5575917381952414208,101.61231829661124,-39.653163628604766,14.501131057739258,1.6737327575683594,2.3875514751429123,5.747302740601699,26.20948465137259,35.654281920114386,7.8325886726379395,2.8327250480651855,3.9346406528315594,nan,,,1.2001999616622925,,Gaia_DR3,-8.398839047971684,-2.381238669424876,-10.132890307816771,0.019787002354860306,-3.3377855429555807,0.021741529926657677
Gaia,DR3,5577219581676733056,101.01557841587011,-38.06717164810569,17.62593650817871,2.579751968383789,2.3812845082149208,7.051728512749114,59.288736137525895,35.64309580895748,,,3.381502985514746,nan,,,1.0770344734191895,,None,-7.027388061915082,-2.703874810295027,-8.518173114320877,0.09311824291944504,-1.8920247563433437,0.09700378030538559
Gaia,DR3,5566371147122401024,107.17179953006881,-36.35370562633222,15.478084564208984,2.351487159729004,3.90825908774655,6.11849628277624,27.975677909681856,34.543482819625154,10.735584259033203,9.642229080200195,3.9248358223243813,nan,,,1.0299443006515503,,Gaia_DR3,-10.393506576904905,-4.610622904921882,-12.985524157365024,0.02358270436525345,-2.6772092666982745,0.027307609096169472
Gaia,DR3,5580922221442598272,99.37473669319614,-35.31539942116169,14.900090217590332,2.094546318054199,4.222144871220593,9.920818722854188,42.50909628702288,35.64159171049998,,,4.138822140545805,nan,,,1.0654443502426147,,None,-7.954604771460313,-4.662576572398396,-11.070318594475166,0.02370833232998848,-6.628036377404333,0.022744614630937576
Gaia,DR3,5580929054734245248,98.9316386110015,-35.380112315740774,17.998796463012695,2.809793472290039,2.5144449719915216,10.11692958830532,53.59344645806435,35.70441407198506,,,3.6451735481240193,nan,,,0.9684622883796692,,None,-6.851041129048158,-4.044477785104361,-6.791153823310732,0.10204574465751648,-2.113207978361445,0.1141105517745018
Gaia,DR3,5581865155742952832,98.7431402549574,-34.41024201920946,15.725024223327637,2.1347408294677734,4.483353423368813,10.944155695645009,47.32608018063477,35.634335248811425,,,4.251110206604006,nan,,,1.086199164390564,,None,-7.912944746458936,-5.243299187156789,-5.102219595562978,0.029857801273465157,-2.3722087163493657,0.03234194964170456
Gaia,DR3,5580877588142628096,98.91842774947688,-35.88104459219953,16.034852981567383,2.1467933654785156,3.671085263914336,9.765213089817816,45.20077563037784,35.75069844236584,,,3.8435876109342666,nan,,,0.9904541969299316,,None,-7.219083845866529,-4.010390225445784,-6.719403140271973,0.03392871841788292,-1.0781011013849575,0.04054228961467743
Gaia,DR3,5580132187978046080,99.138488281847,-37.3559750707698,17.29875373840332,2.7474288940429688,4.403222157457847,8.65079900010958,51.671177760146605,35.83883127222176,,,4.811412209238456,nan,,,1.0496171712875366,,None,-9.138417467324585,-4.105753276197749,-4.712001173432005,0.07289616018533707,-4.700262982310667,0.07914586365222931
Gaia,DR3,5580461938387485696,98.29125640704592,-36.54708253580731,13.973212242126465,1.3129987716674805,2.376156935931359,9.6876079972842,63.27316255460327,35.88281976091072,7.876749038696289,2.3018746376037598,3.438054636331698,nan,,,1.025453805923462,,Gaia_DR3,-6.250078311153299,-3.2442003971330933,-7.440905786669617,0.013417307287454605,-4.488323749139171,0.015057843178510666
Gaia,DR3,5580604943618582656,99.82378264288955,-36.43878638352381,17.442873001098633,2.492361068725586,4.973511455995197,8.85372131785849,58.639126373005006,35.68135502540379,,,3.467714523970359,nan,,,0.987285852432251,,None,-6.813600503810488,-3.4260020538575695,-7.849081822872909,0.07078196108341217,-6.911211534737743,0.07923080772161484
Gaia,DR3,5580922255802336000,99.37992610053254,-35.30443347357213,18.95940589904785,3.2114105224609375,4.17651456746751,9.926197831318436,42.53478081461458,35.63989543021313,,,4.092843689946071,nan,,,1.1891244649887085,,None,-7.868269337297965,-4.617080994845056,-11.157901276190335,0.2836185395717621,-6.0880973944349694,0.2836606502532959
Gaia,DR3,5580895764444170368,98.68365726215794,-35.69011546415537,9.565579414367676,0.6999225616455078,2.1550164233459457,10.03488591493959,61.26699335214336,35.76347046218596,11.037485122680664,0.1644192934036255,5.020735172003951,nan,,,1.044292688369751,,Gaia_DR3,-9.316814220239108,-5.342363665546895,-9.855897981002755,0.013672173023223877,-7.558658877917039,0.013575490564107895
Gaia,DR3,5577879387436403456,104.8385426838611,-37.324226952310866,19.44333267211914,2.832080841064453,4.88111799841343,5.7368719775547525,40.96082062226244,35.023098786624615,,,3.595917668817344,nan,,,1.0694265365600586,,None,-8.757378375223775,-3.5540887701891766,-6.948970493725784,0.25310343503952026,-0.32595687257476724,0.32920005917549133
Gaia,DR3,5584348952508443520,101.06702775708379,-30.91408158238948,19.702455520629883,2.804166793823242,3.0187848254996164,12.865091879402476,57.41109742996655,34.88608806865664,,,3.888263403336177,nan,,,1.086663842201233,,None,-8.099473296859628,-6.729042159095957,-10.530664871799019,0.32471612095832825,-6.268365105209323,0.29924890398979187
Gaia,DR3,5584543188113757824,112.30979959320673,-41.132296844573254,13.446101188659668,1.5440950393676758,4.831742097342813,3.2505723510345907,55.59337350082231,33.96636096882623,29.131742477416992,1.2671717405319214,5.1971384206012,nan,,,0.9975699186325073,,Gaia_DR3,-16.114803637385418,-3.8109379108373793,-12.045859908306205,0.011824170127511024,-0.42464818217813527,0.013985314406454563
Gaia,DR3,5577727792271183488,103.88852072280766,-38.334427803596675,20.097545623779297,2.260702133178711,0.20400533135443785,5.281455784631113,46.42546597628762,35.24770976184484,,,3.4956936419682116,nan,,,1.0552105903625488,,None,-8.206338766304217,-2.9131831079481665,-8.103611016109324,0.4693849980831146,-3.02294765248857,0.4996984302997589
Gaia,DR3,5578136917972196096,103.98296329059693,-36.902683309413845,15.424285888671875,2.28140926361084,0.4834850487244138,6.430665091369015,28.224849073016898,35.12330126399941,-9.62743854522705,6.2696332931518555,4.1795796441065045,nan,,,1.0412049293518066,,Gaia_DR3,-9.848407046505269,-4.268247582097294,-9.672907254977877,0.026647768914699554,-4.656414581610976,0.030508646741509438
Gaia,DR3,5578518414148002048,106.20124763343884,-35.5644849833535,14.101297378540039,1.579427719116211,2.6135145046973904,7.036555735512558,68.44463798090793,34.633611045981674,34.912052154541016,3.672865629196167,3.26610540189949,nan,,,1.2316780090332031,,Gaia_DR3,-8.361706624695504,-4.080450382972322,-6.867114703255519,0.01620912179350853,-3.078295586666804,0.018670694902539253
Gaia,DR3,5580886521674811520,99.12606089336525,-35.673930679354164,16.035987854003906,2.4524240493774414,4.797549567108649,9.794861645197708,58.520777749855505,35.706235321604666,,,4.9450305157997825,nan,,,1.7010128498077393,,None,-9.386311124726667,-5.3141405630498415,-4.586655561292281,0.05465639382600784,-6.719823727085787,0.06836710125207901
Gaia,DR3,5581482418320573952,96.56904453520602,-35.41062189290931,17.46445083618164,2.7267723083496094,4.797392441958305,11.485241598461581,57.779673750176464,35.9884963397506,,,4.734210928630409,nan,,,0.9632953405380249,,None,-7.817218078410991,-5.034109531277851,-10.690488341578236,0.06567709147930145,-8.864019199747876,0.07847882807254791
Gaia,DR3,5577256587114799744,101.0844136103746,-37.73667209487233,17.74774169921875,3.122966766357422,4.296546221176609,7.229618744476618,54.03999079783585,35.6112633798273,,,4.989611191269379,nan,,,1.1991454362869263,,None,-10.40185593322829,-4.213704770098132,-10.72998435377005,0.10945352911949158,-8.721143025278279,0.11968980729579926
Gaia,DR3,5577571459757550592,101.35093417139741,-36.94263985120779,14.655736923217773,1.7958450317382812,4.7623459236500185,7.643693951123413,40.33470699172789,35.515402694569005,30.76788330078125,3.641897201538086,4.525814960524632,nan,,,1.018578052520752,,Gaia_DR3,-9.54906551685592,-4.319356518883607,-5.005619118252054,0.017874041572213173,-4.27195795555978,0.019215386360883713
Gaia,DR3,5581683628947876992,98.45265144426594,-35.005441474587826,18.61920928955078,2.974853515625,2.5718909367119314,10.657970262006685,59.06919779570249,35.72951874252287,,,4.882161636354002,nan,,,0.9898766875267029,,None,-8.95120326535499,-5.613844058926084,-7.193346788204383,0.1482512354850769,-7.5928883637423805,0.165922611951828
Gaia,DR3,5568891910671013888,98.49386097551873,-43.35198342856311,18.815401077270508,2.5603389739990234,0.6429901127956711,7.243856920032105,51.02191660402249,36.137783334237845,,,3.50756076341594,nan,,,0.9641085267066956,,None,-6.444849171948142,-0.15611050650767533,-6.143775350413097,0.1877145618200302,0.2118610215230181,0.18445178866386414
Gaia,DR3,5570209439134585344,96.058351205968,-41.52412185040763,16.712223052978516,2.910445213317871,4.391813435739107,9.138034574348039,51.054281648834234,36.37210705466196,,,4.745266286390169,nan,,,0.976017415523529,,None,-7.59952174985611,-1.1349732726668544,-3.2237331502601756,0.04979162663221359,-1.5273968763064387,0.058771971613168716
Gaia,DR3,5570328152030980992,96.66370923891137,-41.045791328802174,16.49885368347168,2.2504234313964844,3.388672470265213,8.784608961034145,62.099504979886305,36.29976615018557,,,3.4118324462542184,nan,,,0.993046224117279,,None,-5.665079945812676,-1.0731631121761602,-3.912865614725556,0.039863426238298416,-2.767319403831948,0.04106287658214569
Gaia,DR3,5583050356260351744,103.51554510943998,-32.254698607524816,18.18726921081543,2.9306583404541016,3.3581991143273577,10.839695044918312,50.52452615489284,34.69185991497942,,,3.8130308601808274,nan,,,0.9695733189582825,,None,-8.819177648559041,-6.131697047457481,-6.224120539722907,0.10124977678060532,-5.3884159838474455,0.1247686818242073
Gaia,DR3,5579499930137324160,103.64243019353908,-34.73440163828412,19.190282821655273,3.2684497833251953,4.506999010171155,8.492253871102585,50.21762660649975,34.96918690484124,,,4.776985244278038,nan,,,0.9801708459854126,,None,-11.105078413378582,-6.176084873412581,-6.5667212162545034,0.22256343066692352,-6.232872564467189,0.2353559136390686
Gaia,DR3,5583026789778509440,103.21728370834926,-32.612321883091994,13.701498985290527,1.2451486587524414,4.948857846771252,10.58963441071525,50.70940235964318,34.78655356733581,-0.5715040564537048,1.8211698532104492,3.7712721669860754,nan,,,0.9333562254905701,,Gaia_DR3,-8.61782429176507,-5.867838127463775,-11.121993950487038,0.012482943944633007,-8.902478237025758,0.012618335895240307
Gaia,DR3,5582861893097023872,102.40136619648673,-33.4129247393199,19.340084075927734,3.088350296020508,3.865020578282631,10.123157754807671,43.45390040155941,35.012835079965754,,,4.171489055730312,nan,,,1.0540046691894531,,None,-9.214038552416449,-5.988688608132331,-12.491048456621888,0.30222460627555847,-5.086742937949957,0.29394349455833435
Gaia,DR3,5583448211968691072,99.79587642225518,-33.35521057218712,16.281404495239258,2.3398056030273438,3.377308545232858,11.258590976081106,48.170514757716894,35.381545148643404,,,4.109823104217232,nan,,,1.0779837369918823,,None,-8.064311513513646,-5.716392949288673,-5.930462888515201,0.03986356034874916,-3.7142455952137454,0.04499730467796326
Gaia,DR3,5578799957845275264,105.42734298433125,-34.892935246138485,17.292861938476562,1.9860095977783203,2.8568593067962307,7.843410566238932,33.79157413863829,34.69442094785188,,,4.144706115651692,nan,,,4.759703159332275,,None,-10.318058479592803,-5.451808860261022,-7.8531977104843165,0.48060667514801025,-5.057703911888112,0.4992864429950714
Gaia,DR3,5585815078250502784,111.50834580651147,-38.674561643688136,19.122312545776367,3.1563167572021484,2.252654721535254,4.459094377876879,59.01267662309463,33.94478823245124,,,3.3147624784953877,nan,,,0.9801113605499268,,None,-10.049242790891796,-3.358053726708106,-8.814867710190985,0.2131550908088684,-4.334873984928791,0.2534950375556946
Gaia,DR3,5579862700253159040,104.40115996537948,-33.56902537577729,17.255226135253906,2.643259048461914,0.8358228401249498,9.356968900969962,40.09643450967685,34.71386798638294,,,4.112340004208,nan,,,1.004921317100525,,None,-9.849142193104905,-6.003710160020633,-10.569517176718604,0.06882517039775848,-6.081786548812653,0.06494709849357605
Gaia,DR3,5583557269779118720,100.17496191827908,-32.85144513421679,14.444635391235352,1.5499839782714844,2.508237087757085,11.510336423219485,56.77426100489666,35.270027677135474,33.723480224609375,3.7355029582977295,3.704129192178206,nan,,,1.6031161546707153,,Gaia_DR3,-7.402141980305053,-5.4213127295084105,-5.552670524299538,0.025576382875442505,-6.0659630572612375,0.025427287444472313
Gaia,DR3,5584120666409872768,101.80985133780443,-31.516596003964757,17.584701538085938,2.754453659057617,1.239585598750835,12.055511080712398,52.764013652121406,34.859451531036335,,,3.9584994021223974,nan,,,1.0078208446502686,,None,-8.523475308087358,-6.600703406991419,-9.464843625470087,0.07729274034500122,-6.171916927424611,0.08937755972146988
Gaia,DR3,5580204858825277312,98.8119764455244,-36.898925583053376,19.26486587524414,3.091428756713867,4.823326849441173,9.14171966624115,69.64615786767095,35.84611617409301,,,3.3215614505058917,nan,,,1.0462143421173096,,None,-6.204660682173512,-3.0132253719374185,-3.858615704079669,0.2745502293109894,-5.442790726123941,0.27260124683380127
Gaia,DR3,5583493257586906368,100.64773295298805,-33.12343421293822,16.070106506347656,2.084139823913574,0.8810759110411969,11.072355311872133,53.55168361864616,35.236365147613384,,,4.607580042826345,nan,,,0.9921477437019348,,None,-9.414683808416655,-6.622762225354487,-9.353460371162326,0.0324740968644619,-5.769144622183279,0.03622478246688843
Gaia,DR3,5585305798209920384,114.61638875374813,-38.08206881579139,19.58885383605957,3.291667938232422,2.430001258718912,6.474378555357765,60.03934979122187,33.25276748815977,,,5.212887251558993,nan,,,1.0590039491653442,,None,-17.181592356648256,-6.2186302362011645,-15.391267924341008,0.29891425371170044,-4.237274978902866,0.3358781039714813
Gaia,DR3,5583531431256171392,100.69686433374252,-32.94757358993686,15.7197904586792,1.9578466415405273,4.9427716288324195,11.20298762107871,68.51305747328746,35.208307297346565,,,5.182833480466825,nan,,,5.166652202606201,,None,-10.61427305869279,-7.572764192439714,-11.545265211131312,0.13260015845298767,-2.2531776531739496,0.13373766839504242
Gaia,DR3,5579148331231601408,101.8390206291353,-35.81488918672902,13.819256782531738,1.2828702926635742,4.955445567746073,8.278974179939533,39.96824276749373,35.34963172969333,9.995677947998047,2.2012813091278076,3.8111477018568833,nan,,,1.0433844327926636,,Gaia_DR3,-8.216667199070084,-4.239078822127272,-11.715431450823914,0.012029044330120087,-2.3391431112472945,0.014156893827021122
Gaia,DR3,5579138882301711488,101.62913664981677,-36.06171749548768,19.974645614624023,2.489389419555664,4.874914639854099,8.179966280486509,69.18030410908504,35.40214429501565,,,3.292417838351456,nan,,,1.0267744064331055,,None,-7.033180459668181,-3.541066870279459,-6.021522700550654,0.4102410674095154,-0.3122908516886327,0.5469698905944824
Gaia,DR3,5580252240903965824,97.89030695662514,-37.58089035898786,17.755491256713867,3.0188350677490234,4.555821603515129,9.313620376823472,68.54555889658059,36.004969720453744,,,5.329412707487574,nan,,,0.983258843421936,,None,-9.482329023828115,-4.259342943695626,-4.386584399014912,0.10671676695346832,-4.740783625936737,0.10760918259620667
Gaia,DR3,5560936982700964608,108.40142303472867,-42.2030486547993,17.25652503967285,2.9169368743896484,2.8421543330613286,0.21954902392345677,50.96844100663097,34.7274194947028,,,5.111043110955629,nan,,,1.019221305847168,,None,-14.09893198697363,-2.376403467959183,-17.144315707682374,0.06711061298847198,-2.054918220702514,0.07518993318080902
Gaia,DR3,5571480852532880128,92.16063598539776,-42.55731256164545,17.088611602783203,2.712771415710449,4.099037813523088,11.886238205954378,69.08648307855523,36.721653626794556,,,3.4703482511105923,nan,,,0.996627688407898,,None,-4.227209752561342,-0.12459248793276101,-2.8285463169465648,0.06181100755929947,-2.7772311563233005,0.08059345930814743
Gaia,DR3,5585508456240235264,114.06651008778863,-37.8653294288219,19.27695083618164,3.3648605346679688,3.2594373801792798,6.32759514227716,31.79252991624154,33.348690974483276,,,3.8225401052492796,nan,,,1.0520081520080566,,None,-12.422888588303273,-4.587736214283823,-13.584710337066216,0.27303799986839294,-2.2321162203872436,0.2887510657310486
Gaia,DR3,5580468943478070912,98.2893826147615,-36.30236558843151,13.974864959716797,1.4894847869873047,4.604743814126724,9.848771227865136,57.69125472072487,35.86361417265403,22.0494327545166,1.9296890497207642,4.910955981628225,nan,,,1.1263411045074463,,Gaia_DR3,-8.926795863143687,-4.7926083099243995,-5.492031579126965,0.019647693261504173,-8.098441434793367,0.02215426415205002
Gaia,DR3,5581140951240064256,97.31556072480066,-36.47395049085606,17.489927291870117,2.6400680541992188,3.9656765292655223,10.340616503876422,50.96943571202882,35.99203262903505,,,3.7330883103040353,nan,,,1.0569441318511963,,None,-6.434597251169787,-3.4917431628054247,-4.018757173021707,0.07548787444829941,-1.5159903369086152,0.06934336572885513
Gaia,DR3,5585034120056970752,113.93591367735182,-39.91271109872226,14.822446823120117,1.9286346435546875,2.227307994815501,4.920786346983598,48.90765287005011,33.55755080797393,-4.891261577606201,4.895187854766846,4.960038062999988,nan,,,1.0110136270523071,,Gaia_DR3,-16.065146295240165,-4.679006604971898,-15.546184998038804,0.018145648762583733,-6.949380598746664,0.020654775202274323
Gaia,DR3,5584480958326807296,112.64820855008851,-41.2548093811905,11.83549690246582,0.8029747009277344,2.5470889690539145,3.438068519692148,34.031312481308724,33.90814374789076,8.88328742980957,0.6124373078346252,3.6124288019735777,nan,,,0.9057877063751221,,Gaia_DR3,-11.305742756215189,-2.6373850353744523,-10.266036255814855,0.011495513841509819,-0.9998719365276971,0.011446348391473293
Gaia,DR3,5585319031007462400,113.45605067938314,-39.135680841075846,13.48376750946045,1.2654285430908203,4.606316398161942,5.093157558610022,43.02673248829773,33.59294023393014,64.7870864868164,1.8518857955932617,3.5375345540779013,nan,,,8.740751266479492,,Gaia_DR3,-11.314440362177525,-3.616208826471655,-8.265707389653093,0.10391087085008621,-5.19908152311548,0.12524111568927765
Gaia,DR3,5581501694132847744,96.43838111797066,-35.17311012970422,18.744213104248047,2.9843521118164062,2.7886706366510574,11.722240615166173,55.881559292104654,35.98182674645835,,,3.7563266392830688,nan,,,1.2261549234390259,,None,-6.1547754964850245,-4.1043414276000565,-4.93520276364351,0.18712078034877777,-2.263392697102316,0.21001793444156647
Gaia,DR3,5587374426257127936,116.13752533072086,-36.298394424593745,18.84324073791504,3.2353267669677734,1.7327451343585558,8.59853334985111,37.83166914116241,32.71991591987792,,,3.963329557804933,nan,,,0.9561795592308044,,None,-13.561961798457494,-5.800285296603238,-12.783469163287977,0.15035097301006317,-7.0208826667148925,0.18052750825881958
Gaia,DR3,5584666608294218368,113.6046714159767,-40.130538461189666,13.957341194152832,1.7070331573486328,4.352490971698936,4.590314592071666,28.847606132236,33.64188501895532,-1.9885708093643188,3.549253225326538,3.747222742834194,nan,,,5.32181453704834,,Gaia_DR3,-12.03222176475613,-3.389005068510568,-14.669005576336337,0.07506516575813293,-5.595586580059196,0.0867505893111229
Gaia,DR3,5585155203773851520,113.58988610548217,-39.0832020460534,16.91306495666504,2.7301015853881836,4.694985013889779,5.205695477587511,36.812868432486404,33.560947791609834,,,3.6385993965864527,nan,,,1.0735503435134888,,None,-11.678887594243964,-3.7603051460126347,-8.078001923552845,0.05666673183441162,-3.7054270639087528,0.06598678231239319
Gaia,DR3,5581710223385801344,98.61025657617944,-34.80715586748322,18.365968704223633,2.7835464477539062,1.66324619081629,10.716824605250567,55.45506701320164,35.69072934268642,,,3.6563819671372526,nan,,,1.082040548324585,,None,-6.75922946531526,-4.310275863189024,-7.103239674964417,0.1375032216310501,-3.075258817597929,0.1551775485277176
Gaia,DR3,5584984195355293824,112.16059904306428,-39.322454305320406,16.474225997924805,2.439157485961914,3.934373764847605,4.247459954227785,37.78401783454208,33.869182972635784,,,3.584040858620782,nan,,,0.9661036729812622,,None,-11.067156849220178,-3.4195284248598092,-9.39362937899544,0.04265370965003967,-0.9627429189569233,0.0483478419482708
Gaia,DR3,5581255678405746688,97.81929308166484,-35.88839273629834,18.892642974853516,2.8542842864990234,3.1345560592219295,10.40773751587873,62.73463597692253,35.885815856568065,,,3.487646124720075,nan,,,1.0392957925796509,,None,-6.181458983881637,-3.5640370954391583,-8.26216732773553,0.16801343858242035,-4.554964334396914,0.19311746954917908
Gaia,DR3,5581348385277250816,97.94207246227054,-35.23136982198454,12.680405616760254,0.9867496490478516,3.41167044099042,10.786613170030696,49.15925422160215,35.813151164272924,4.171355724334717,1.1775906085968018,3.8582999515630854,nan,,,0.8771507740020752,,Gaia_DR3,-6.884139778635145,-4.285955711928952,-4.615062883578034,0.010154812596738338,-2.688579925367934,0.011183047667145729
Gaia,DR3,5586276362038022144,112.34507949475876,-37.659721520275845,13.741837501525879,1.3367700576782227,3.4720654658407613,5.6683052132429195,36.12485694275594,33.68627840957657,55.38298034667969,1.5189472436904907,3.675283208281148,nan,,,0.9963139295578003,,Gaia_DR3,-11.407095930460628,-4.289415237649092,-11.164803492501978,0.012670024298131466,-1.6102389296241186,0.01292713638395071
Gaia,DR3,5586605047295968384,112.60773193562243,-36.56087615243806,15.904821395874023,2.076343536376953,4.382561838003154,6.724903427852106,47.45189689379523,33.519611636079254,,,3.5389285140619258,nan,,,0.9859020113945007,,None,-11.063467259322683,-4.6418889920921576,-8.418024561261408,0.03355547413229942,-2.7204972864109283,0.0347285196185112
Gaia,DR3,5587069041196747648,114.27132252322033,-37.40912905038285,18.629322052001953,2.981203079223633,1.5103168919009184,6.776950439434812,45.54291239799807,33.25847414203712,,,3.572383343183223,nan,,,0.9958110451698303,,None,-11.6713427119186,-4.512744570580222,-10.699827310357124,0.15164124965667725,-3.9212534671332455,0.14876680076122284
Gaia,DR3,5584663344118936320,113.31414645127595,-40.158889638580206,19.44007682800293,0.10760688781738281,2.278654574447675,4.386934716913629,25.24112327972235,33.70276391200361,,,4.36446961560508,nan,,,0.9980148673057556,,None,-13.90682322154977,-3.8862668874679214,-13.075014016140548,0.23802532255649567,-5.810724072611681,0.2519374489784241
Gaia,DR3,5580847282854412544,99.46076674293572,-35.80767790037673,15.68222713470459,1.992384910583496,4.352066634200932,9.510683479944062,66.42695789353017,35.67504120017971,,,3.381957656095177,nan,,,1.0190640687942505,,None,-6.527789452111144,-3.5970476259988566,-4.127346591397588,0.03369763121008873,-5.563083316221735,0.03780898079276085
Gaia,DR3,5581078931913543808,99.86442764719564,-34.447025923632715,18.0540771484375,2.577360153198242,0.4268697200359409,10.337096760563622,47.42190301563499,35.49156645705451,,,4.433249707772768,nan,,,0.9580048322677612,,None,-8.727945354867538,-5.5405381163924305,-8.884326861118282,0.11447872966527939,-5.907551573599431,0.11739812791347504
Gaia,DR3,5561245670591556736,108.32056083713057,-41.56918054704499,19.95149040222168,0.9399776458740234,4.9144084223081554,0.840702463081657,51.66030121592042,34.714700001777786,,,3.354318626963785,nan,,,1.441935658454895,,None,-9.228745982720923,-1.8227031425582185,-5.782035418310515,0.5642634630203247,-2.2659660015679037,0.5569128394126892
Gaia,DR3,5573264672710443520,95.85083945668464,-40.91025754588415,10.598332405090332,0.6443090438842773,0.6498303203187097,9.413048849429574,41.68329012584979,36.37852031099753,17.047374725341797,0.2979952096939087,4.2959612736572454,nan,,,0.9446879029273987,,Gaia_DR3,-6.793007813792439,-1.3643761909755407,-6.275673305888029,0.012188879773020744,-1.0838311805098455,0.013649646192789078
Gaia,DR3,5573294703122460672,95.1776708687207,-41.10228253204136,17.10468864440918,1.593545913696289,1.0555029419953708,9.866915487325059,56.021402589999035,36.448345181721685,,,3.57469191560526,nan,,,6.686561584472656,,None,-5.41727238209192,-1.0006087368895038,-4.899059455051315,0.4219721555709839,-1.604038566118629,0.4329301714897156
Gaia,DR3,5536036652110683520,116.45028856648524,-40.710330099149004,17.704301834106445,2.653156280517578,4.6939662947445475,6.326980963010354,32.297183255648164,33.089275460381856,,,4.392422783281095,nan,,,0.9723902940750122,,None,-15.142642256887157,-4.13068920009697,-15.484203959887484,0.0830812156200409,0.20232661814457759,0.08626018464565277
Gaia,DR3,5586248874246479488,111.95049956896302,-37.78235121115834,13.146018981933594,1.2634239196777344,3.507745753439394,5.4028399701434395,38.70608379621662,33.77768737974611,-14.428915977478027,1.5994130373001099,3.6167984475609734,nan,,,2.091137647628784,,Gaia_DR3,-11.1029495173035,-4.119034873432984,-9.47901668738156,0.02128824219107628,-6.244082955365515,0.023010894656181335
Gaia,DR3,5582882547596393728,102.74141214805367,-33.38082844837763,11.276544570922852,0.7742710113525391,1.4029956735166156,10.032667844879862,62.45009573624738,34.956751068171904,25.942150115966797,0.321471631526947,5.062730688588747,nan,,,0.862363874912262,,Gaia_DR3,-11.343918720837014,-7.325901355564481,-12.827305294891302,0.0128575274720788,-7.530145466807742,0.014283528551459312
Gaia,DR3,5586231969251119360,112.3176580895329,-38.05534916582086,16.35366439819336,2.463682174682617,4.6231259307513195,5.324112506966155,59.73837510346434,33.72922021044395,,,5.252912473539751,nan,,,1.232408046722412,,None,-16.29128318196826,-5.867962627190835,-16.12240001943685,0.0443306602537632,-0.7512531024370197,0.05344940349459648
Gaia,DR3,5582940581195357952,103.22374777332037,-33.04821777107036,16.75457000732422,2.3554067611694336,2.4551052055591707,10.181467285815101,57.08324503788666,34.8406358737102,,,3.5767264990919654,nan,,,1.0215972661972046,,None,-8.17541916963232,-5.365801774600168,-7.391306958987612,0.053312595933675766,-7.042707178753945,0.0596701055765152
Gaia,DR3,5582524690918770688,100.52511636876847,-34.415840858872095,16.914350509643555,,1.9774135467159455,10.041572299698514,44.81337115917056,35.39813675408937,,,3.914581595961214,nan,,,0.9889516830444336,,None,-7.953088285320821,-4.95930528459716,-6.4725491936281765,0.10714954137802124,-5.645500558769038,0.07102640718221664
Gaia,DR3,5586427888483821056,113.32190200964128,-36.64130592608615,15.833110809326172,1.184382438659668,3.3149286990092657,6.944710579129072,60.15597031005915,33.3786445406108,,,3.3664102154755366,nan,,,15.510068893432617,,None,-10.728849002751087,-4.461234372246928,-8.871861899234991,0.4254728853702545,-3.016959759526989,0.4157904386520386
Gaia,DR3,5586667925611872000,111.92966318903113,-36.421752148163684,17.846176147460938,2.510007858276367,4.3110762431684,6.609886166440359,43.20487320402712,33.64422960708119,,,4.707942331306214,nan,,,1.0564619302749634,,None,-14.444125588002349,-6.153603683093662,-18.3142360464956,0.0971565991640091,-4.328992059359829,0.12105129659175873
Gaia,DR3,5582545508625378688,101.05763307763355,-34.11224119944687,19.82482147216797,1.1048564910888672,2.8606861683939333,10.050925371596588,55.068747232246736,35.29078474835616,,,3.607711702418655,nan,,,1.3494635820388794,,None,-7.51185913768908,-4.751900482361462,-5.337925881291415,0.47994717955589294,-4.838855981833515,0.586592972278595
Gaia,DR3,5583200134659207808,102.77676041002758,-32.59143039983586,15.421732902526855,1.7742347717285156,4.8223124838577105,10.745892062738763,56.13105958540465,34.8534025209496,,,3.6432094063298925,nan,,,1.0014430284500122,,None,-8.175286341101208,-5.644161273060139,-4.9310441544371635,0.026952026411890984,-3.857552790117938,0.028048692271113396
Gaia,DR3,5585921322858884992,110.80721763792833,-38.63015744477617,18.951072692871094,,3.535314025067482,4.231959999795427,54.97819695142501,34.07706189677401,,,3.3577037922738446,nan,,,1.126941204071045,,None,-9.974982405908197,-3.343203178873337,-12.412239239602679,0.33907389640808105,-3.910589960332455,0.3380250036716461
Gaia,DR3,5586269180851515264,112.78568144225778,-37.5770330527135,18.611324310302734,3.088977813720703,2.371469530822706,5.927357414699437,66.0149391067378,33.588043881908334,,,3.265813107866452,nan,,,1.3711539506912231,,None,-10.2592818590057,-3.892834925945768,-9.45972514978172,0.19553552567958832,-5.316331380840797,0.23366117477416992
Gaia,DR3,5586353495350956800,113.43562725831622,-37.05459821078036,18.560720443725586,3.167572021484375,4.772080633918178,6.650464980588207,51.241693018786506,33.3991228432604,,,3.4782536601606044,nan,,,1.0049359798431396,,None,-11.118820826292644,-4.445949670884378,-9.521393244495743,0.14724232256412506,-7.55917151415931,0.13725876808166504
Gaia,DR3,5582513386567407744,100.44350511033883,-34.62001378375338,14.947256088256836,1.729283332824707,3.801809278019568,9.914170028388222,68.78746333506241,35.430580615355964,3.3114519119262695,6.692695617675781,3.366413961958047,nan,,,2.3869025707244873,,Gaia_DR3,-6.813287723071542,-4.169713496043859,-4.154011447189941,0.05888138338923454,-3.713977454549906,0.0657484233379364
Gaia,DR3,5588635948351247488,115.60500922093951,-34.2306372306628,12.814778327941895,1.1439809799194336,2.957186910440023,9.977703068056517,47.65107787109742,32.57214265656098,39.319583892822266,20.837158203125,4.508636847795168,nan,,,1.0180691480636597,,Gaia_DR3,-15.23046338317729,-7.636736733153408,-13.70346645756167,0.01031111367046833,-5.277002498736386,0.012202160432934761
Gaia,DR3,5583689108095191040,99.51907870281009,-32.48857245934043,14.1579008102417,1.569000244140625,3.1956333038898084,12.110776089067727,52.44902323236869,35.315418444961615,7.342626094818115,2.4376840591430664,4.3003940852390485,nan,,,5.222906589508057,,Gaia_DR3,-8.324521506171017,-6.444496642599541,-7.7192850411816964,0.0675685703754425,-3.611369868601202,0.07131863385438919
Gaia,DR3,5583911553042121088,101.4245660510762,-32.44668430164502,17.58392333984375,2.926412582397461,4.967053123823294,11.351858022714291,60.80375940784482,35.040604324717364,,,4.8738730288037395,nan,,,0.9643864631652832,,None,-10.317340688507112,-7.506677894854594,-11.803386729789267,0.08158379048109055,-2.624370627687149,0.08479780703783035
Gaia,DR3,5583917703435219968,101.40746665759177,-32.33187997068904,16.368881225585938,2.3309221267700195,3.9761725582843805,11.460983957791267,51.98734524498969,35.02843401797788,,,3.8601103647654407,nan,,,1.0137412548065186,,None,-8.165105484963258,-6.001149951962995,-5.065717350563501,0.042341239750385284,-6.930111392287118,0.041703589260578156
Gaia,DR3,5575833986569159552,99.9694330143344,-40.098304820234404,17.57204246520996,2.8121166229248047,2.4917716463008257,6.673220341616919,28.660175859762106,35.889354706367655,,,4.077259237411541,nan,,,1.1860753297805786,,None,-8.067929410481169,-2.0743461527698326,-6.174720984924176,0.09917551279067993,-3.0757630804288736,0.11805939674377441
Gaia,DR3,5575813787341129216,100.06299595346255,-40.42603603573222,15.715615272521973,2.1879167556762695,3.1474502297555524,6.485491046345223,44.263822439316435,35.89087589985806,,,3.5786134490569275,nan,,,0.9934194087982178,,None,-7.113146104294168,-1.6731693256956337,-9.18236821277708,0.030933508649468422,-2.8378079204268816,0.03778183460235596
Gaia,DR3,5575816570479774976,100.21038459400354,-40.292988110899216,13.88647174835205,1.4630250930786133,2.3627216994335183,6.428832487130232,27.635053601611908,35.86707907085485,45.497562408447266,2.1170730590820312,4.062401755040043,nan,,,1.0247806310653687,,Gaia_DR3,-8.131798018374846,-1.9842600561448887,-6.277273146630007,0.013409614562988281,-2.7935680346203315,0.017540114000439644
Gaia,DR3,5537512471595566208,117.67023654694592,-40.28771010813831,10.257102966308594,0.6069154739379883,2.882408713598753,7.341805382161676,35.85978667134194,32.78624748451353,-5.640673637390137,1.1899685859680176,3.8211064470780625,nan,,,1.41170334815979,,Gaia_DR3,-13.55062115460069,-3.9740252154300517,-11.261846725299375,0.02861787937581539,-4.364595181362186,0.030777495354413986
Gaia,DR3,5536258066262159744,114.83648387329522,-41.59933411548603,19.205453872680664,2.271055221557617,4.390098284599961,4.9220213448777,21.26945522115463,33.49205749402818,,,4.034447830645247,nan,,,1.9984456300735474,,None,-13.371543981711955,-3.101570481698941,-9.701927233773628,0.5090553164482117,-2.412305834321505,0.6151637434959412
Gaia,DR3,5536387087077500416,113.53085218735312,-41.80423935838345,9.152560234069824,0.23363780975341797,2.7757002323863667,3.926002834577867,56.03045867583823,33.76735808720795,,,3.3393088938285658,nan,,,0.9145498275756836,,None,-10.70157695055556,-2.3174339140994316,-8.768058686462302,0.016144338995218277,-2.599481993814061,0.015568753704428673
Gaia,DR3,5586917583477368320,116.18240131463203,-37.00532405505136,11.926634788513184,0.7898473739624023,4.927795687713732,8.115429844003748,62.80615571594424,32.79286995567568,2.1377644538879395,1.1401782035827637,3.3735841850331925,nan,,,0.787804365158081,,Gaia_DR3,-11.55634120594984,-4.654976331050288,-12.159295646607456,0.009760330431163311,-1.202657848328755,0.01160385087132454
Gaia,DR3,5584506418893262208,112.80751128180073,-41.15685076025094,18.000215530395508,3.0075836181640625,4.417644543184117,3.5854888304169465,15.424456925599527,33.87105207988352,,,4.0665405119658855,nan,,,0.9973778128623962,,None,-12.782273918079344,-3.041991124145477,-9.050154410177703,0.10824605822563171,-3.684981998859787,0.12210390716791153
Gaia,DR3,5586857316495418880,116.00213983695623,-37.837117504412774,18.030431747436523,2.8640098571777344,4.711668879269347,7.450053780960633,35.805616215704106,32.92463207573994,,,4.377815429224482,nan,,,1.0865459442138672,,None,-14.931650682154894,-5.571494242148486,-18.93824273888015,0.10579300671815872,-3.881736008583251,0.13139618933200836
Gaia,DR3,5587175144076134272,115.76211500287391,-36.65142974320949,15.870748519897461,-0.40731143951416016,4.4674770859445845,8.134302681378934,39.60639761212833,32.84692720336073,,,3.8041503475906424,nan,,,1.0274771451950073,,None,-12.899933159192988,-5.3547518457889485,-15.656176319646507,0.041384633630514145,-3.065884348011725,0.045488666743040085
Gaia,DR3,5587770559681755008,117.09680551035227,-34.62860152650028,18.835731506347656,3.0058021545410156,3.6690419785670207,10.375656715265054,53.29783345665283,32.277832611349446,,,3.6758821120844525,nan,,,0.9978251457214355,,None,-12.86561847720972,-6.237682763663898,-13.486056899179964,0.15895575284957886,-3.4630163580523092,0.1785883903503418
Gaia,DR3,5583641348059340800,98.8946193123514,-33.185886075780914,14.753028869628906,1.9168624877929688,4.818674674926055,11.829963734931882,60.37143526981627,35.4816670943028,28.941022872924805,12.197413444519043,4.798815851782766,nan,,,1.0482432842254639,,Gaia_DR3,-9.002241769266575,-6.701247215108094,-4.127669434178661,0.017647169530391693,-6.658780253429503,0.017739780247211456
Gaia,DR3,5584865478158851072,111.86749144870497,-39.816900806328235,8.435184478759766,0.49160003662109375,3.967145232679221,3.733144636348012,21.398583713441145,33.96423571168667,-6.62631893157959,0.37697339057922363,3.8426426765568626,nan,,,1.2745413780212402,,Gaia_DR3,-11.76877340799383,-3.3904914496053413,-8.913609094105805,0.020341984927654266,-4.865490681497869,0.021767647936940193
Gaia,DR3,5589775557792417664,111.37947976962633,-35.411627826547246,17.669118881225586,2.552295684814453,0.8512303095115171,7.395193822450133,68.79491965350881,33.642711327726744,,,3.27226297567468,nan,,,0.9794024229049683,,None,-9.883888924180294,-4.6303972000446905,-9.314971119842452,0.0856572687625885,-4.48501072264844,0.0869305431842804
Gaia,DR3,5583538956038765056,100.68045686734185,-32.71900663720136,15.180313110351562,2.0084829330444336,4.208174330251754,11.407947335675175,55.78743340926948,35.18273414943163,29.129865646362305,4.812227725982666,4.658247764153952,nan,,,0.9812783598899841,,Gaia_DR3,-9.532684281020847,-6.942767055727391,-7.104139941631703,0.02353997901082039,-10.286315471814195,0.02476530522108078
Gaia,DR3,5587672771864212352,116.0514250955676,-35.40647594123142,10.807076454162598,0.665858268737793,2.158838159188835,9.23361631285489,39.5949977754145,32.627806112574675,32.48948669433594,0.2920246720314026,4.085530238273734,nan,,,1.0571402311325073,,Gaia_DR3,-13.951265993897,-6.405200148577289,-12.804434299167694,0.012719172053039074,-4.941663883830367,0.014543631114065647
Gaia,DR3,5588093408085366656,114.46223840189387,-35.49374409702328,10.903477668762207,0.8393259048461914,3.5950092039682056,8.408025073259322,48.47943906976673,32.997621634936735,31.949947357177734,0.6115386486053467,4.7267102683347,nan,,,14.087332725524902,,Gaia_DR3,-15.518246053587799,-7.10592885919996,-13.103099443740028,0.19775457680225372,-9.751538681998126,0.2251114845275879
Gaia,DR3,5583728072038672896,99.18368186090356,-32.63124425024304,13.945984840393066,1.429701805114746,2.80625637604305,12.145871158082018,52.845590890832455,35.37786142697347,-8.233263969421387,1.9519375562667847,3.982344313298002,nan,,,0.9658692479133606,,Gaia_DR3,-7.580999173400772,-5.869847807202953,-9.780846983866812,0.01306403148919344,-6.713026290077838,0.01261985395103693
Gaia,DR3,5584577646632501120,112.48098812974413,-40.669398830505614,18.60422134399414,3.214649200439453,3.867319878676384,3.579296667148964,16.632416823997183,33.90378001006242,,,3.9615328160836976,nan,,,1.0242806673049927,,None,-12.341666179240441,-3.1581008403828323,-9.188985501954697,0.13971999287605286,-3.8593038646181057,0.17121627926826477
Gaia,DR3,5584908565272981760,112.25624975795726,-39.848107965015615,12.452534675598145,1.082139015197754,2.6794786944413826,3.9280532553046803,28.742953885987106,33.89046518733627,-5.5191216468811035,1.4395190477371216,4.488672836858603,nan,,,7.095500469207764,,Gaia_DR3,-13.897436340600287,-4.003082520700291,-14.54375327004583,0.07250775396823883,-1.5513657965202223,0.08190948516130447
Gaia,DR3,5587160708685447168,114.99412616755376,-36.816247960178764,19.05510902404785,3.152843475341797,4.01064665941993,7.602201310346686,68.76166002305922,33.03686797183072,,,5.43714604626065,nan,,,1.0107728242874146,,None,-18.091900275305573,-7.398253603948206,-22.51491691851061,0.20327302813529968,-6.145437816933809,0.26203596591949463
Gaia,DR3,5587502416285138432,117.31780193472252,-35.62422608369653,19.54824447631836,2.937013626098633,3.7890784879329877,9.742076449495967,48.90031581783095,32.360583693342434,,,3.7236895514552413,nan,,,0.9987252354621887,,None,-13.099469420142658,-5.906646892849061,-11.678597381312066,0.2619442939758301,-8.519717388045846,0.30988559126853943
Gaia,DR3,5583557269779119744,100.17233919299744,-32.8508982116012,17.27645492553711,2.4791908264160156,2.832450014877692,11.511955080980652,52.98478026820513,35.27032571363411,,,3.8273644045516613,nan,,,0.9802501797676086,,None,-7.647452950904548,-5.601760015674362,-5.477177265315611,0.061845503747463226,-6.317821342253154,0.061751410365104675
Gaia,DR3,5588891928394911104,115.75446762495565,-33.29036542182941,18.6280460357666,2.3276939392089844,2.4983725868668314,10.84312048027258,48.09036889836011,32.40101206494816,,,3.92349362827944,nan,,,2.7304115295410156,,None,-13.302156852768913,-7.106130375892054,-15.356496883893094,0.3327680230140686,-7.329368098347311,0.3529496490955353
Gaia,DR3,5565306300172351488,108.14199311236061,-37.65372330409378,17.3730525970459,2.7208194732666016,4.433035754762001,4.757602420847418,36.403710946053,34.4898650924473,,,4.637085845027528,nan,,,1.042420744895935,,None,-12.68399692607552,-4.808421667281522,-15.859763134316767,0.06706923246383667,-7.756918601366122,0.07313799858093262
Gaia,DR3,5565558431932264192,105.57252339846995,-38.605104353898476,17.586637496948242,2.7468929290771484,4.869365544830137,4.3330070386577395,34.37591574457007,35.00190791287261,,,4.6078027273334214,nan,,,1.028968334197998,,None,-11.532183253236717,-3.8830182630129917,-8.367575299493632,0.076069176197052,-7.398382826525276,0.08482522517442703
Gaia,DR3,5576655978887658496,99.53314566028286,-39.66641806028499,18.113534927368164,,1.7341747619179242,7.155579164919326,39.08974636361285,35.92456025312967,,,3.719294139877054,nan,,,0.9454194903373718,,None,-7.204655565177603,-2.0690287944416488,-7.497777484265626,0.19466441869735718,-0.7412949215049993,0.24756182730197906
Gaia,DR3,5577622002932449024,101.45996142069176,-36.46993672853499,13.40628719329834,1.3117122650146484,2.6094372101458667,7.944097446588338,38.36353364761678,35.46152581223028,-4.2436652183532715,1.2364182472229004,4.41225078025561,nan,,,1.0584220886230469,,Gaia_DR3,-9.354896464958633,-4.494104628946261,-7.910027956807407,0.01056533120572567,-2.5438587264588453,0.01159611064940691
Gaia,DR3,5538980560136610816,118.25756376368602,-37.60078311905175,18.505760192871094,3.276571273803711,2.8517880411513605,9.006629102870887,56.19224777202516,32.3816464413519,,,3.516114397638204,nan,,,1.0085724592208862,,None,-12.634298259069622,-4.871319793194603,-10.594279923712554,0.13676272332668304,-4.317575136908289,0.16747283935546875
Gaia,DR3,5538989046992383104,117.91707300189563,-37.632873823056705,16.792526245117188,2.648771286010742,4.642760628570673,8.768839492158582,41.66766859736666,32.465181488046625,,,4.429299097926477,nan,,,1.0439614057540894,,None,-15.79512074667105,-6.061990531733029,-13.015323125102931,0.05669252574443817,-2.7354128353895217,0.057495664805173874
Gaia,DR3,5538360641733637760,116.84458037426532,-39.40088203305338,14.37370777130127,1.4565439224243164,4.733164673848537,7.119001865005975,67.44665412077632,32.891450569277865,3.193985939025879,2.7246756553649902,3.280415692602007,nan,,,0.9601184129714966,,Gaia_DR3,-11.414387230093286,-3.657033597735134,-12.763844604886158,0.016374317929148674,-0.6749593901946083,0.017389949411153793
Gaia,DR3,5589186528797916800,110.04984342699964,-37.24062585563332,16.595216751098633,2.3554725646972656,0.7449517862429292,5.3403425573977374,66.65640201321126,34.099132177394026,,,3.245429285794813,nan,,,1.046112060546875,,None,-9.426358564878722,-3.7199350607928903,-9.099395323536633,0.04454556107521057,-3.3289598660404605,0.0554187186062336
Gaia,DR3,5589319050011197056,108.61982913253188,-37.52643528263495,17.167926788330078,2.0004663467407227,1.3804464941750954,4.889409733049256,34.85125079754961,34.39242686252356,,,3.65607002105233,nan,,,1.1013197898864746,,None,-10.156557666477752,-3.90144320686777,-9.526116203091059,0.06832490116357803,-3.044381415306579,0.10053946822881699
Gaia,DR3,5589342105391673600,108.34076000007177,-37.19859759827915,16.843402862548828,2.3468055725097656,3.9499777972425094,5.211252379147861,24.08992337497741,34.41378255431089,,,3.929870546721805,nan,,,2.0946507453918457,,None,-10.819353890364148,-4.3246843332546545,-9.833823318208289,0.1071140393614769,-7.445136851042345,0.12453032284975052
Gaia,DR3,5589761088044697600,111.3586174409153,-35.73564863384387,17.089433670043945,2.7838783264160156,2.1766486353102814,7.082201189714533,52.17331445686759,33.684339051879995,,,4.942238863318729,nan,,,0.9679173231124878,,None,-14.919126426807546,-6.791847510458384,-13.245056091690898,0.055624429136514664,-8.321675153152011,0.06502356380224228
Gaia,DR3,5585606278418395648,111.20028297548829,-39.740613751907496,10.715057373046875,0.8245687484741211,0.9836039805981738,3.4491550980944212,36.181296080728835,34.08741743061552,-1.100553035736084,1.5055317878723145,4.691083760612529,nan,,,0.9044243693351746,,Gaia_DR3,-14.096543927810036,-4.077891679956636,-14.904979177347371,0.010238654911518097,-3.536963532929275,0.0121965566650033
Gaia,DR3,5586324014692879104,113.12081774104753,-37.41208963583974,10.68497085571289,0.8815078735351562,3.9061916698919172,6.213863725453823,68.36130947013987,33.50213643286055,0.16587886214256287,0.2834811508655548,5.487475938697534,nan,,,1.569394826889038,,Gaia_DR3,-17.39506474217478,-6.71448857462379,-17.704762241951553,0.018503665924072266,-11.222604720670901,0.021412266418337822
Gaia,DR3,5590054696300755200,110.63766668329507,-34.780781169781235,19.62266731262207,3.041292190551758,4.521754485912534,7.843528060262931,57.70136332182657,33.71745593223758,,,3.4343166318220786,nan,,,1.0091530084609985,,None,-10.151783401581085,-5.05197075051544,-8.173714865894357,0.2763094902038574,-2.4434570387467645,0.46404942870140076
Gaia,DR3,5585416574003965056,113.32191719021756,-38.49794808531526,19.43242835998535,1.9464702606201172,4.299641925405731,5.465769366964134,54.94313337272186,33.56465323105495,,,3.387954663219719,nan,,,1.6701633930206299,,None,-10.797516156965871,-3.7145460733804816,-13.867879790997145,0.4216385781764984,-3.7702156721478244,0.4950328767299652
Gaia,DR3,5586182559952229632,112.52768837980639,-38.08460192168194,13.483386993408203,1.357595443725586,0.6908566940068357,5.393984084235393,32.5956221126206,33.68937681617018,11.948904037475586,1.6073299646377563,4.4921472809271235,nan,,,1.006512999534607,,Gaia_DR3,-14.012685145142852,-5.033394935008806,-13.577545048976244,0.011199978180229664,-5.521939230516297,0.012884069234132767
Gaia,DR3,5585240549067340416,114.39589410729873,-38.86898520748702,18.208436965942383,2.6083908081054688,1.7728830185849702,5.821856286952628,68.12626403741501,33.373981439364414,,,3.239270959954028,nan,,,0.9955224990844727,,None,-10.616848739482775,-3.5260943552228463,-11.821315068809442,0.11810459941625595,-3.4038867956986127,0.1147230789065361
Gaia,DR3,5585771720559120256,112.05027657069903,-38.83021868644619,13.645797729492188,1.2122278213500977,3.1350583693475897,4.571723962477273,46.562815555201915,33.85099993873516,-2.2166829109191895,1.7545679807662964,3.4717187714432693,nan,,,0.9155616164207458,,Gaia_DR3,-10.687392139522997,-3.512411765637201,-10.075389505160526,0.012014610692858696,-5.723751489987196,0.014862047508358955
Gaia,DR3,5586116211296178688,110.70231756577458,-37.651502162988066,17.701501846313477,2.3526840209960938,2.6152678503612568,5.100433001887139,22.473974037943204,34.01185630738089,,,4.154529269112627,nan,,,1.0172842741012573,,None,-12.304164666241897,-4.632293969724311,-14.492449820296383,0.08417205512523651,-3.955703678335272,0.09151164442300797
Gaia,DR3,5589588086758611584,111.20445700899363,-36.4317641653981,12.167892456054688,0.8933620452880859,2.1081759846731236,6.383693106763235,28.920726791458282,33.79190919581588,47.66145706176758,1.2756340503692627,4.2392133405659616,nan,,,0.8135705590248108,,Gaia_DR3,-12.740224935255695,-5.438920549336499,-10.896858593447273,0.008614527992904186,-5.049692944206436,0.009180255234241486
Gaia,DR3,5589774080323674752,111.37059945914692,-35.43173702974791,10.755894660949707,0.6257991790771484,1.2396527553117307,7.37383329973981,63.39580547406498,33.6468715973237,-6.275700092315674,4.45427131652832,3.3388321261737914,nan,,,1.1148937940597534,,Gaia_DR3,-10.082392431875796,-4.715372739886817,-9.225013034825905,0.013729249127209187,-4.877325549430159,0.015114416368305683
Gaia,DR3,5585304359401183488,114.59090869906866,-38.1028488748103,10.417449951171875,0.6021795272827148,4.938567762929392,6.445520008654818,29.2907382070197,33.26028223737658,-2.1718952655792236,0.8387244939804077,4.246433106331349,nan,,,1.0363776683807373,,Gaia_DR3,-13.987136312679898,-5.051071083542891,-10.737900844242743,0.013529862277209759,-8.048963448881572,0.01830805465579033
Gaia,DR3,5586362776779712128,113.49299111171543,-36.87538182415963,14.983001708984375,1.8502740859985352,4.969853861675868,6.824124755632564,63.16342373886287,33.3678606877258,6.981362819671631,4.842586994171143,3.324204985778389,nan,,,1.1163921356201172,,Gaia_DR3,-10.642523113826769,-4.328669029485581,-10.156811760791816,0.021696098148822784,-0.8799510580204909,0.022405268624424934
Gaia,DR3,5589112449202362368,110.33594355159248,-37.78671626468,18.680715560913086,3.1861228942871094,3.9006111774988983,4.877541627196058,29.932680407087833,34.09480053132678,,,3.744144633329599,nan,,,1.2018651962280273,,None,-10.968837082279661,-4.068097074848711,-10.91505018030391,0.18447083234786987,-7.146392524568896,0.20814149081707
Gaia,DR3,5585223025598195328,114.8976555320801,-38.69635340621709,18.438209533691406,2.9597930908203125,3.2195161895860887,6.234442686811142,30.193151013639078,33.25140869937512,,,4.324953885758491,nan,,,1.001649022102356,,None,-14.356411715622496,-4.877736541978768,-15.91216080146815,0.13388629257678986,-7.36692590909097,0.16019083559513092
Gaia,DR3,5586290174653668736,112.33385610250497,-37.34695310459667,18.812591552734375,2.8896312713623047,2.7188107776785935,5.931884103869072,36.39978774873684,33.65786595820272,,,4.5597985555462595,nan,,,2.3232815265655518,,None,-14.148006850130583,-5.496849061253938,-15.981823258108681,0.3934594690799713,-7.358916030754665,0.3833048939704895
Gaia,DR3,5586667925611872128,111.92936420914646,-36.422151197190075,17.997100830078125,,4.735698349520975,6.609423816783976,38.612121805114214,33.644333828521304,,,4.570345314273171,nan,,,1.0368438959121704,,None,-14.021855615181172,-5.973485583989244,-18.400535118581562,0.1165027841925621,-4.69066408764286,0.1365196406841278
Gaia,DR3,5588827740108432640,115.29285559499638,-34.119878136791804,18.77461814880371,2.740457534790039,2.424591884253525,9.93429813469351,66.56205025177704,32.62851055763075,,,3.400112525500348,nan,,,1.2400517463684082,,None,-11.398043868428969,-5.769301304561928,-9.663460881104951,0.2545104920864105,-5.876524827055034,0.34829527139663696
Gaia,DR3,5590153205677720320,108.51874469387401,-36.32243055058839,19.59958839416504,1.7934322357177734,1.9072354276241983,6.089643856173014,26.691268046769867,34.297229146688345,,,3.9918083450905093,nan,,,1.734740138053894,,None,-11.053277272501848,-4.855737823130923,-9.903481473504877,0.4631277918815613,-3.7359704088641825,0.5905174016952515
Gaia,DR3,5577698041033199872,101.08596926678973,-35.961327239650196,12.291952133178711,1.129694938659668,4.968068925738377,8.529087722545151,37.10304535108739,35.46992716459829,2.2784976959228516,0.7986327409744263,3.998076834924953,nan,,,12.103593826293945,,Gaia_DR3,-8.335390371439201,-4.305351888383946,-9.223570263513665,0.12539732456207275,-0.2133727621102216,0.12896928191184998
Gaia,DR3,5540857422179872384,121.37664599971953,-39.07444491057241,18.65999984741211,3.1607666015625,4.252681973337158,10.439933754286166,54.02984144795391,31.79541863388276,,,4.713295021816483,nan,,,1.0866636037826538,,None,-18.08213715295219,-6.300724794165694,-15.70693042807208,0.16794653236865997,-2.8059710754011333,0.16676965355873108
Gaia,DR3,5541024105574394240,122.76459636550659,-37.99511446620146,12.57030963897705,1.0057058334350586,3.6619851263576084,11.876631158295108,50.89192516135625,31.318474666544052,77.92375946044922,0.7423311471939087,4.080478511856735,nan,,,0.8943665027618408,,Gaia_DR3,-16.081162897396005,-6.20598379894872,-13.208264133336147,0.00873066857457161,-4.913955272212762,0.012402677908539772
Gaia,DR3,5539405487018155520,118.37754832612427,-35.99196310323848,13.107654571533203,,2.1131690673344776,10.094778471947128,44.703592896636536,32.155594102378664,30.685073852539062,2.3386270999908447,3.933968223813306,nan,,,1.832432508468628,,Gaia_DR3,-14.17334408332682,-6.219956503648488,-13.916430803608101,0.03783019632101059,-7.953516085084511,0.037485748529434204
Gaia,DR3,5591024529982161152,108.78152801022962,-34.14175912193816,17.709259033203125,3.01123046875,2.6933415904741844,8.276547284913404,68.32927530569,34.002936966905345,,,5.386057150124407,nan,,,1.0373668670654297,,None,-15.039979545307325,-8.068306791383215,-16.945939165542004,0.1075635775923729,-10.459829434194056,0.13241079449653625
Gaia,DR3,5591015562089328256,108.59324896175157,-34.34279170664508,18.34523582458496,2.9150543212890625,3.1290737311215255,8.07019903841179,50.271094644793386,34.06345171700983,,,3.5634996344007615,nan,,,1.032825231552124,,None,-9.8909588772071,-5.230009677435476,-7.633344195376388,0.13556218147277832,-5.884704927984287,0.16634076833724976
Gaia,DR3,5591789725658848000,113.88995765120195,-33.96786363733539,12.932825088500977,1.2660160064697266,4.684804676333664,9.510721393274961,53.82569982973034,32.92413013139263,74.79597473144531,0.9439489841461182,4.8063224820724,nan,,,1.0258327722549438,,Gaia_DR3,-15.54867083463661,-8.026517847645076,-13.952093184451094,0.01273700688034296,-3.5563380580309465,0.014074758626520634
Gaia,DR3,5586804638719957888,114.7688046094048,-38.00630660373198,18.42457389831543,2.774873733520508,1.8991975204294103,6.613428004923672,28.4230583608543,33.21244770036423,,,4.064238174034539,nan,,,1.0431491136550903,,None,-13.447356120578291,-4.908045533214402,-11.88997818393512,0.12922410666942596,-5.379585175070295,0.15925247967243195
Gaia,DR3,5591281678265572736,112.79452952564131,-34.88763528004515,14.716705322265625,1.3298187255859375,3.615139812684401,8.297103671235279,54.13293551044761,33.284026334804224,-6.205892086029053,5.026771545410156,3.5109242325327266,nan,,,29.606706619262695,,Gaia_DR3,-11.031928531856158,-5.3486043863657,-8.51632217085412,0.4930602014064789,-6.260256621328372,0.5600675940513611
Gaia,DR3,5586852123875391360,115.24229586768065,-37.3816525715381,17.177831649780273,2.6538820266723633,3.178106262836278,7.319041069082052,40.00010445252081,33.04445354595846,,,3.71243898335358,nan,,,4.85374116897583,,None,-12.429487817714643,-4.828497074671931,-12.006696897340408,0.31541404128074646,-7.279547709826769,0.3266887366771698
Gaia,DR3,5587429234341061504,117.54046605766554,-36.145109138021,16.650001525878906,2.407374382019043,1.1657833051660793,9.49721915716647,46.65052059715248,32.375138422895915,,,4.536744283689704,nan,,,1.0327907800674438,,None,-16.04111463806654,-6.9511749657939,-15.027463551458546,0.04648226872086525,-7.415517304279618,0.05207496136426926
Gaia,DR3,5588145256927914624,112.98525735193704,-36.08508695150977,15.856905937194824,2.211883544921875,2.887936215278141,7.288041660563246,32.41882925870051,33.38750189828294,,,4.235034410649333,nan,,,1.0758018493652344,,None,-13.376043268650568,-5.85507028617465,-15.826928098027901,0.0331244133412838,-5.054528020318556,0.03755582869052887
Gaia,DR3,5589910449828177152,110.02412687116204,-35.53171104204731,19.775543212890625,3.1456832885742188,4.383637817010535,7.006784563367259,58.35339500864395,33.92695477725775,,,5.134162911862823,nan,,,1.0799363851547241,,None,-14.900591445056898,-6.979658778979884,-13.479807065631858,0.3930535316467285,-11.506488539151192,0.4461230933666229
Gaia,DR3,5590505358629109632,107.35777240548379,-35.25957737260632,19.3491153717041,2.5188674926757812,0.9754411035261352,7.187724083433151,68.08788863528707,34.39747237277106,,,3.274686816231399,nan,,,2.1654672622680664,,None,-8.726754072260201,-4.31812470704846,-9.39942171883796,0.5059739351272583,-4.287094593463289,0.4797305762767792
Gaia,DR3,5587153360001189632,115.48769716565432,-36.74186323361928,10.660909652709961,0.7562465667724609,2.3464286481238,7.919194097087415,65.0900592898124,32.91890843827552,-2.9752700328826904,0.25859344005584717,5.298107436658327,nan,,,0.8432105183601379,,Gaia_DR3,-17.846019032242438,-7.348402273425253,-17.097037510503533,0.01100508589297533,-4.836995894719761,0.011053452268242836
Gaia,DR3,5591758935031893888,112.74609790757796,-33.16440575351503,18.652088165283203,3.052562713623047,3.7416327221563015,9.886230204674847,45.45639730903024,33.06233880982979,,,3.8537154196493715,nan,,,1.004061222076416,,None,-12.093110396650351,-6.676239267199265,-9.227809932347139,0.13070932030677795,-5.661405248091983,0.14638522267341614
Gaia,DR3,5593098625534985984,113.62589263365105,-31.363140940965316,17.485349655151367,2.9152984619140625,2.5418166524980217,11.832494967272986,63.17208560053493,32.59048781345852,,,4.913655238276943,nan,,,1.3598859310150146,,None,-15.78641508513068,-9.710197166245699,-13.202656162930335,0.09828118234872818,-9.203700505983793,0.10249648988246918
Gaia,DR3,5588056192185022464,114.34625189426605,-35.86532596869598,18.95131492614746,3.185070037841797,1.6208560993508743,8.045674207693887,38.81936207148317,33.06864020785105,,,4.416455006433065,nan,,,1.1238887310028076,,None,-14.456753543794688,-6.422821669376654,-13.10660311683676,0.20936262607574463,-7.096904833206478,0.21707956492900848
Gaia,DR3,5586843366433549184,115.03668446690799,-37.57438350784052,19.774980545043945,3.253263473510742,4.015438877254846,7.067239609034919,52.046891667613906,33.11003250954354,,,4.9393662654946064,nan,,,1.0536242723464966,,None,-16.45302994230179,-6.272320658245112,-12.49055917026386,0.36470839381217957,-7.606796390567277,0.4325259029865265
Gaia,DR3,5587502420584901504,117.31547517517734,-35.62353372222894,14.323311805725098,1.5110244750976562,4.376384036525859,9.74128847045646,55.12172122062885,32.361043297853286,11.80958366394043,2.8952972888946533,3.583233100608946,nan,,,1.0344864130020142,,Gaia_DR3,-12.604688361570286,-5.683847379142206,-11.256976996844896,0.014733557589352131,-8.702497806941082,0.01673755794763565
Gaia,DR3,5569124938415432448,97.38564117765519,-43.27639712937437,17.672212600708008,2.6429691314697266,2.0824745410371994,8.04458167196931,47.1105907200736,36.25656523087103,,,4.714262698066918,nan,,,1.036548376083374,,None,-8.15780638146615,-0.14571349689876767,-9.099037220457294,0.09288636595010757,-1.9888891732234892,0.0980697050690651
Gaia,DR3,5591678297026933504,112.83145121075997,-33.734702245381705,14.548290252685547,1.4915637969970703,3.2598808356198217,9.375652005128847,59.11425547582551,33.123992533228474,42.56244659423828,4.171773433685303,3.4881398600303237,nan,,,1.0915123224258423,,Gaia_DR3,-10.971320979135163,-5.809531164150783,-9.77705871740927,0.018056020140647888,-7.887955199446599,0.020868578925728798
Gaia,DR3,5589500061410330752,109.6536536901615,-36.23623913038273,16.762813568115234,2.3502559661865234,4.479629341519003,6.261266578139967,36.61064529973922,34.0749812596976,,,3.7039375413297546,nan,,,0.9650174975395203,,None,-10.628938902548843,-4.668145455777683,-8.649377964931034,0.04822569712996483,-1.7843874948139724,0.05370771884918213
Gaia,DR3,5591179874660654848,109.25035827547394,-33.34880219984688,17.046812057495117,2.4527406692504883,1.4808322208092768,9.091684118591074,50.36603271525815,33.81025015427471,,,4.725686958501493,nan,,,0.9950462579727173,,None,-13.392575570948903,-7.607304971897821,-12.291371385779216,0.05358819290995598,-6.62563459609931,0.06090748310089111
Gaia,DR3,5591557969222442624,111.86118720996582,-34.27200057334872,17.1126651763916,2.175140380859375,3.933081117417001,8.601164980518044,48.013683746930155,33.402475477682174,,,3.6418852378932796,nan,,,1.2269259691238403,,None,-11.15193933002545,-5.718901069559245,-10.618000438019784,0.08221457153558731,-8.690926906351967,0.08793438225984573
Gaia,DR3,5591860369282274944,113.509432529744,-33.5935652112521,15.859109878540039,2.348316192626953,3.1318985502431467,9.719495880516279,55.33008901147916,32.956129877241295,,,4.839444265133639,nan,,,1.049081563949585,,None,-15.500332223260619,-8.2439876585545,-15.325887118609446,0.028870781883597374,-11.434395866400763,0.03125624358654022
Gaia,DR3,5592337278147226112,113.88397548877568,-31.661471887177886,18.733047485351562,3.0265464782714844,2.2589265082883663,11.628458322612156,53.21189823512677,32.580233841796286,,,4.493022725565577,nan,,,1.057111144065857,,None,-14.532867445655596,-8.75224704567897,-16.668295166415565,0.15028122067451477,-8.618737776862865,0.18018393218517303
Gaia,DR3,5592684242785911168,110.53656416306568,-32.80467430523269,18.20627212524414,2.7798004150390625,3.0858912506832117,9.765888158824458,43.1225174440158,33.47769565358377,,,3.9445507925222434,nan,,,0.9531313180923462,,None,-11.625187305662331,-6.755416589732215,-9.102346466090074,0.10698697715997696,-7.224478445953842,0.12308652698993683
Gaia,DR3,5591025565074426240,108.47828633571962,-34.37513522295882,17.077852249145508,2.618999481201172,1.5856669688509613,8.035817528255242,68.79455229694165,34.089123659354364,,,3.292423950100116,nan,,,0.953750491142273,,None,-9.104809540413557,-4.8084728450642675,-9.524789124107032,0.06208872050046921,-3.7911827613430935,0.06873057782649994
Gaia,DR3,5591047928965440000,108.90231810318089,-34.06064813128132,19.33254623413086,2.8589553833007812,4.9683430853899715,8.362377965393406,50.98757908230327,33.969686513097095,,,3.568441725776845,nan,,,1.1359108686447144,,None,-10.002800038092891,-5.393539023654551,-7.404960818353732,0.26641231775283813,-8.08057392425027,0.36483776569366455
Gaia,DR3,5592166686350228096,112.76064734068538,-32.54309398943563,12.18781852722168,0.8861989974975586,3.828377391835414,10.477916246034177,45.155690780223686,32.968156174945065,24.856922149658203,0.8928235769271851,4.214995805547337,nan,,,0.9021824598312378,,Gaia_DR3,-13.232056675380699,-7.622282637487352,-15.472012796635175,0.00928947702050209,-5.062098559226617,0.009421801194548607
Gaia,DR3,5588122300325644672,114.63408776674436,-35.00315776934003,17.95241355895996,2.9910316467285156,4.473168799902405,8.897726259375334,64.9452107818637,32.897072062122064,,,5.233263418186626,nan,,,1.0123710632324219,,None,-17.256487457672172,-8.208699367168057,-13.497715376807204,0.08395522832870483,-5.011049598592512,0.09102131426334381
Gaia,DR3,5588787028123116288,114.17580375597052,-34.095405508232226,12.418543815612793,0.9374380111694336,4.656935672080876,9.502365249912259,69.57352572294128,32.87807807074524,39.6140022277832,0.8270877003669739,3.3372324069954344,nan,,,1.3633410930633545,,Gaia_DR3,-10.876330198729994,-5.55184627377509,-7.7188961919375245,0.015024982392787933,-4.677505215629113,0.018034979701042175
Gaia,DR3,5594918141174070272,116.29048893227804,-33.00280321964434,19.378536224365234,2.7615509033203125,2.9398449273025506,11.321030869786279,48.413240369077755,32.230595736046276,,,4.130112988481279,nan,,,0.9740030765533447,,None,-14.184405362891367,-7.69375560860471,-16.164981993203355,0.22928325831890106,-6.072325315023946,0.25071415305137634
Gaia,DR3,5591482996275755136,113.05333861978114,-34.005496895328,15.871155738830566,2.2052431106567383,1.5838304792076447,9.192356738941335,46.56475340333459,33.11292610010598,,,3.7275626267847097,nan,,,0.925986647605896,,None,-11.79482657752144,-6.110591538981403,-12.673293852522693,0.027920978143811226,-6.992231974650775,0.03367422893643379
Gaia,DR3,5591642902192272384,112.4974243013716,-34.11241243460514,18.519813537597656,2.8087692260742188,4.4269897249318095,8.924391930462118,68.84748530671747,33.246962879744814,,,3.323696639609303,nan,,,0.9846146702766418,,None,-10.359242741906316,-5.348404285265666,-8.84958822810329,0.12871679663658142,-2.6387115436485082,0.15312284231185913
Gaia,DR3,5588267921194530432,113.80726025995179,-35.5595891894179,18.715518951416016,1.7571067810058594,0.7714947126932535,8.072858439174016,40.6289791050806,33.14931333412276,,,4.485731792689644,nan,,,1.0560685396194458,,None,-14.480277896298563,-6.610678115500787,-14.82458047246721,0.32073327898979187,-5.967479020921502,0.37821128964424133
Gaia,DR3,5588709272033933184,114.30121469733899,-34.55252975858826,13.185284614562988,1.1852874755859375,4.107602855327511,9.148077599236524,39.806218979011916,32.91205376864141,15.293487548828125,1.3355168104171753,3.994394839988152,nan,,,1.0206021070480347,,Gaia_DR3,-13.060109964476023,-6.440056634036642,-11.912079411403381,0.009974008426070213,-3.1772947471090127,0.011647222563624382
Gaia,DR3,5590222200030733056,107.9659189579249,-36.02054061179441,11.449130058288574,0.975651741027832,3.9868484639920414,6.394490488692861,45.76510077383038,34.367892786259084,6.9939422607421875,0.4924735128879547,4.796727491117047,nan,,,2.3608169555664062,,Gaia_DR3,-13.045036714126491,-5.9429437706835575,-11.331403321291612,0.033325571566820145,-2.293778196124391,0.03435676544904709
Gaia,DR3,5592185756005894912,113.29680526200671,-32.34963994212097,18.73566436767578,2.753744125366211,4.97855018530295,10.809610466951051,52.34234723064588,32.82052284726912,,,3.7488988752735293,nan,,,1.0813239812850952,,None,-11.939871786945538,-6.92675447088535,-15.819717205618426,0.16352857649326324,-6.272776835100556,0.21751755475997925
Gaia,DR3,5592355385730221440,111.2596250111019,-33.923943500362356,20.12320327758789,2.6606197357177734,4.108370538971856,8.797143383959792,62.7526143248475,33.48202963356556,,,5.166307114699693,nan,,,1.067923665046692,,None,-15.551177770068616,-8.241798050324814,-11.304526917533758,0.5404025316238403,-6.83226078139986,0.5709653496742249
Gaia,DR3,5588114848552484736,114.62372644281858,-35.21647741586504,18.387174606323242,2.5238723754882812,4.999617709316747,8.712543510811333,44.902893568405425,32.9268372854128,,,3.721827346061705,nan,,,1.554254174232483,,None,-12.26936388297019,-5.7404366337679935,-10.81837649194441,0.17907877266407013,-2.0959673249161606,0.19015783071517944
Gaia,DR3,5571146360479920128,92.21090110862603,-43.5756041987696,15.657702445983887,2.3216943740844727,4.313278638525521,11.808161162639868,52.585088261106414,36.7152013712846,,,4.412645225219206,nan,,,1.366317629814148,,None,-5.397008816350436,0.4458174036767599,-1.6937816519153244,0.03980686143040657,-1.0985234909825161,0.0478600412607193
Gaia,DR3,5541282868766930432,124.24123081271317,-37.419565819640596,12.85734748840332,1.0730571746826172,2.911876510681049,13.178861193550071,58.10372298129871,30.856780823728535,27.550153732299805,1.9995158910751343,4.435161266615906,nan,,,1.0076042413711548,,Gaia_DR3,-17.96120538834171,-7.316931570575982,-20.221758551847802,0.013335509225726128,-5.799663221685756,0.013770710676908493
Gaia,DR3,5542004212811611008,126.17221473958797,-37.228817681996446,18.057876586914062,2.9300384521484375,3.301211668417632,14.636244929484143,67.73450777287171,30.30658207535025,,,4.715509767724116,nan,,,0.9878765940666199,,None,-19.74783277077342,-8.277632055590248,-16.542932913432807,0.10546798259019852,-7.572014154334511,0.11796703189611435
Gaia,DR3,5594165529773130880,119.37034255279758,-32.999919829058186,15.63872241973877,2.425417900085449,4.783206874716488,12.832226998514827,58.24943180834681,31.46963251011003,30.350534439086914,6.8514323234558105,4.532391453742673,nan,,,5.688259601593018,,Gaia_DR3,-16.68493236441163,-8.916894842729354,-15.79829462030417,0.13726919889450073,-4.433496663155918,0.1660645604133606
Gaia,DR3,5594937077692828544,116.12125623763622,-32.77012285905778,15.782647132873535,2.134408950805664,4.974662465038777,11.4474482186324,66.24813936168567,32.234820794563575,,,5.074446370648807,nan,,,0.9966177940368652,,None,-17.357281030496452,-9.56512818286367,-22.146599788411056,0.026889288797974586,-11.885048577395853,0.03774159029126167
Gaia,DR3,5590195085900036480,107.8431966006628,-36.239277832580086,17.147199630737305,2.5620784759521484,4.771077098193247,6.180627328634793,54.249697330925116,34.41229129838503,,,5.053701030208459,nan,,,1.029621958732605,,None,-13.688276934737925,-6.104035158597491,-17.17774435508108,0.061327651143074036,-9.800001949333334,0.07179449498653412
Gaia,DR3,5593228642784304640,112.20884928324732,-31.523542356323233,15.672795295715332,2.1539907455444336,3.5815276487953747,11.321480626091576,52.81781309837798,32.93165252264127,,,3.8032774097819857,nan,,,1.0371713638305664,,None,-11.759898939413622,-7.287631543463279,-9.089571101803013,0.025694439187645912,-6.2316033036470255,0.028008563444018364
Gaia,DR3,5594493184238355968,119.90022472000196,-32.29050957474589,17.005870819091797,2.7989883422851562,2.451250608628451,13.663803395307704,59.44010929541401,31.214550581430146,,,3.977120227972102,nan,,,1.0311503410339355,,None,-14.805572338491189,-8.22350189988423,-16.62805820478132,0.04954158142209053,-7.27362358079699,0.05473058670759201
Gaia,DR3,5589705493987997184,111.81228899211884,-35.74842198215777,19.784887313842773,2.8357372283935547,3.0504630452444266,7.195518118688752,33.681594413586645,33.593233155354035,,,4.324357877881638,nan,,,1.0727239847183228,,None,-13.223530957855964,-5.996656544027881,-10.45390582645375,0.3647342622280121,-6.24634435181436,0.39528852701187134
Gaia,DR3,5590587340970514816,107.91396562805512,-35.20823756753095,,,2.9288590937303987,7.207826088512866,64.68491127366063,34.29071782755408,-1.243800401687622,4.12369441986084,3.3170645529512206,nan,,,1.8314317464828491,,Gaia_DR3,-9.00554053638023,-4.445509349427565,-10.823815666114607,0.1460362672805786,-5.38808311374493,0.11405320465564728
Gaia,DR3,5594111958633544960,119.14946960676066,-33.60691835154076,17.75286102294922,2.717966079711914,4.967802917525236,12.249809179299175,58.77606191869969,31.62256452324782,,,4.667859963373857,nan,,,0.9755343198776245,,None,-17.10259710124629,-8.818037782589617,-12.687646445864459,0.07657796144485474,-10.916944183826862,0.10869401693344116
Gaia,DR3,5593523002658759040,118.66623554750467,-34.846761728852194,5.561522006988525,1.7493577003479004,4.911573947201769,11.064126447917086,47.3292501387349,31.92852504845829,47.36363983154297,0.13337989151477814,4.124778766165908,nan,,,1.0248405933380127,,Gaia_DR3,-14.955361141748728,-7.122460568137463,-15.403573744836239,0.022046370431780815,-11.369709735497757,0.02846384234726429
Gaia,DR3,5590117054932787712,108.00116804763657,-36.732138968327824,18.432058334350586,3.142545700073242,4.395801531112395,5.682326724370691,38.420835075989515,34.431824257497574,,,4.635185462847797,nan,,,0.9699206948280334,,None,-12.620352994907472,-5.329648634873385,-9.289326294838126,0.13079214096069336,-8.041496334980422,0.15503787994384766
Gaia,DR3,5591106963296063104,109.80693063731296,-33.727195335399216,5.895987033843994,1.4522886276245117,4.488402920113554,8.762655805460453,39.27567907093101,33.75043000763935,-1.580044150352478,0.1215212419629097,4.3049862164978,nan,,,1.1019723415374756,,Gaia_DR3,-12.411874995525425,-6.7935181287844175,-16.473358314563548,0.019210392609238625,-7.104607490727895,0.02267320267856121
Gaia,DR3,5589239679012361472,110.21099037219462,-36.64551551717421,18.268186569213867,3.0005035400390625,3.9303537148453773,5.948975689716452,43.095242547511184,34.00971091943049,,,3.571617235790469,nan,,,1.002976417541504,,None,-10.424288124340302,-4.377891957733192,-9.19494783548748,0.11180737614631653,-1.686027731277253,0.1253187209367752
Gaia,DR3,5590079400959788800,110.99997715136014,-34.55623367138633,16.925945281982422,2.504648208618164,4.773851954685105,8.131399908732114,37.31742245298214,33.61650145880336,,,3.885059794523041,nan,,,1.0322647094726562,,None,-11.606847321382654,-5.864690218502725,-9.283622657180715,0.059042930603027344,-2.7199479444832604,0.055846985429525375
Gaia,DR3,5572109154708627072,90.63893829255734,-42.766385840985585,16.211936950683594,2.54935359954834,3.827461150236373,12.984915114496198,58.18938807264752,36.82762861438506,,,4.493342287032986,nan,,,1.0187582969665527,,None,-4.793420263547092,0.058271684867515994,-4.850211711992159,0.03904947638511658,-3.566814317693699,0.04470835626125336
Gaia,DR3,5584042772883495808,101.88124579851265,-31.996316300671676,16.72686767578125,2.296590805053711,3.8419698634546746,11.59234171955637,60.856178453039014,34.913608406501815,,,4.8481449933280745,nan,,,1.0080721378326416,,None,-10.47166484356897,-7.792292355964471,-11.944702235806858,0.04458967596292496,-4.152423318859662,0.048853904008865356
Gaia,DR3,5584653723392378240,113.68420390577141,-40.18442473415068,15.186806678771973,1.9097833633422852,4.0914944947513545,4.6146153286840494,24.883430658761498,33.62974344322308,-8.998011589050293,6.231838226318359,3.8338550432232053,nan,,,1.2490638494491577,,Gaia_DR3,-12.336157582284862,-3.452803011253798,-9.02948856389414,0.028466815128922462,-3.4831107618669934,0.029824985191226006
Gaia,DR3,5544920980943852160,122.22384769605246,-35.558930882877384,14.103760719299316,1.5254650115966797,0.9357124607033871,12.783199383341822,54.98905055296881,31.126409568816403,28.57557487487793,2.7789206504821777,4.278928137103377,nan,,,1.059388518333435,,Gaia_DR3,-16.690058020135677,-7.61147383807684,-17.521167016862307,0.013766628690063953,-7.464232508170301,0.015124953351914883
Gaia,DR3,5545356868579903744,118.71041237892878,-36.14755406428705,17.298538208007812,2.598642349243164,1.805075755049997,10.191672297151575,46.95203921560295,32.09541330107551,,,4.4366578390333204,nan,,,0.9655477404594421,,None,-16.10168128767756,-6.987981211926689,-16.22902599664454,0.06413823366165161,-5.30451779160653,0.06826972216367722
Gaia,DR3,5591797044283037184,113.97903793888742,-33.823415700936586,15.976001739501953,2.247579574584961,0.6455095234243993,9.672951024098804,62.26331431387557,32.884236478163466,,,5.085487461055134,nan,,,1.0399378538131714,,None,-16.489927961187387,-8.595994161802235,-17.077797773325454,0.02994699962437153,-8.230866518253595,0.034432221204042435
Gaia,DR3,5594833654879527936,116.88568625825549,-32.69025487465307,12.59412670135498,0.9687461853027344,0.5080672264468074,11.85103394101133,61.06854599403192,32.038601794613406,11.38934326171875,11.511143684387207,3.6300195060738862,nan,,,1.0044804811477661,,Gaia_DR3,-12.642969795706135,-6.967132395194397,-12.525204251393292,0.010021790862083435,-7.337663594315896,0.011482815258204937
Gaia,DR3,5595232743243036160,117.91827759735565,-32.29638270777329,16.969829559326172,2.4874067306518555,2.8688105960116026,12.659047384302596,54.08291150492515,31.72076411660399,,,4.190853310128675,nan,,,1.0418390035629272,,None,-14.94521437427294,-8.380298612160214,-13.314271113980816,0.04768829792737961,-6.440243612980609,0.05435651168227196
Gaia,DR3,5594567637483001984,119.46329079563294,-31.8830888325999,18.361982345581055,3.295602798461914,4.508828798755049,13.757544944293677,58.66451275579299,31.257812221586715,,,4.1510862224576055,nan,,,1.0896515846252441,,None,-15.311503470077241,-8.715398875392902,-14.423321597540774,0.13517548143863678,-4.871031386573294,0.15483441948890686
Gaia,DR3,5594881754214705664,116.03253878651019,-33.33499485441935,20.09756088256836,2.5842018127441406,2.727021017056622,10.924962319627937,60.80779729816977,32.34230192793267,,,3.558161323953364,nan,,,1.056447148323059,,None,-12.144891941583696,-6.457786750430981,-11.064680952980982,0.45261597633361816,-4.7207406919646155,0.4978746175765991
Gaia,DR3,5591737086531958912,111.906189384557,-33.42174380524576,18.589981079101562,,1.2374665827138807,9.42465978169011,55.6398882831602,33.27881194722124,,,3.551612374827504,nan,,,0.9819764494895935,,None,-10.889284793376332,-5.952597494781415,-11.086079408443366,0.1944005936384201,-6.857966811122871,0.2624310553073883
Gaia,DR3,5598411053404985856,115.3715903113749,-31.03982942269264,17.302444458007812,2.7228050231933594,4.0880344769473576,12.692210091741298,54.60009223587585,32.13045560425764,,,4.043502448140603,nan,,,1.003737211227417,,None,-13.581211434160092,-8.356112870263866,-14.421445385330385,0.05630546808242798,-11.737982004811721,0.0812431052327156
Gaia,DR3,5595396463093628928,118.25123174454009,-31.274074535046935,17.201457977294922,2.5597572326660156,4.110217773792148,13.668025614737976,62.51067522562262,31.46230982374444,,,3.8131169549945487,nan,,,0.916845977306366,,None,-13.699579906455218,-8.120152461710848,-11.533768288631956,0.05615554749965668,-5.625059988734822,0.06200140342116356
Gaia,DR3,5595881764331920128,121.47761430469923,-31.82067290999678,19.730661392211914,3.0334644317626953,3.52807091724714,14.882627127559571,66.39179235573647,30.71354598129555,,,4.577739524491154,nan,,,0.9901378750801086,,None,-17.597270853618866,-9.963683448702339,-20.74551208603401,0.2636496126651764,-8.667302274753869,0.29776397347450256
Gaia,DR3,5591506738851858688,111.69240145196426,-34.73774203953932,16.165889739990234,2.3592166900634766,2.2249983675070406,8.115223973813366,46.40096834526736,33.49693868013984,,,4.684504950559843,nan,,,5.883143424987793,,None,-14.276366516049606,-7.063564936745849,-12.746796818945453,0.22917057573795319,-5.486085783601705,0.26330745220184326
Gaia,DR3,5592141225785972096,112.8569917577451,-32.88091847008581,14.99841022491455,1.8707542419433594,2.3700680560049454,10.184503885731734,45.56704393475182,32.9970851502209,13.092073440551758,3.53069806098938,4.357153936349393,nan,,,1.0249780416488647,,Gaia_DR3,-13.71413811597817,-7.71305765640627,-15.885011648226616,0.025339292362332344,-7.876038937596165,0.025962378829717636
Gaia,DR3,5592373596392807168,111.21588116272409,-33.73611524272599,18.702861785888672,3.555936813354492,4.653162335141695,8.970349609260666,63.498934576101036,33.46611236640359,,,5.179518708529768,nan,,,1.1036278009414673,,None,-15.571286461150546,-8.376150611488685,-18.32665993762914,0.17359836399555206,-4.1074192465055575,0.22775430977344513
Gaia,DR3,5592870030190753536,110.68334049519689,-31.868130901125806,19.533653259277344,,3.930747779897574,10.70997555659931,46.25050571778855,33.31006511381776,,,4.023521672671458,nan,,,1.009289026260376,,None,-11.909505933029736,-7.3702505471639075,-9.174308494264334,0.28884151577949524,-5.463782250697302,0.6046372056007385
Gaia,DR3,5590137743794036992,108.88906964099081,-36.52215663632612,15.24946403503418,2.1223697662353516,4.340219407024595,5.90501268053728,37.112000490115015,34.24853566975942,23.094289779663086,6.291707992553711,4.582466055543822,nan,,,1.3851203918457031,,Gaia_DR3,-12.839846611406005,-5.507723479373876,-13.20745406254743,0.028887944296002388,-1.3310881090347604,0.03430972620844841
Gaia,DR3,5585254361681462784,114.3719117858603,-38.60423696634566,19.402971267700195,3.046548843383789,3.623306723955107,5.979304336476602,26.660000497186157,33.35486192826572,,,3.9619466860467174,nan,,,1.046452522277832,,None,-12.977490853553622,-4.438209091984263,-11.344972560639233,0.23433539271354675,-1.8900562483916965,0.25855541229248047
Gaia,DR3,5586008008182539392,110.3547627474981,-38.105149738643696,20.044572830200195,2.7963180541992188,2.84371683720264,4.580554193480729,50.25010282665167,34.119309166941335,,,3.4239744087883324,nan,,,1.0965925455093384,,None,-10.036510346795302,-3.585336672395349,-8.020673521211828,0.4891107678413391,-3.198499211118925,0.5293964743614197
Gaia,DR3,5545946138088606080,120.8328921138739,-34.33489567565508,20.262903213500977,3.0141372680664062,2.6775616281079446,12.693176589563397,68.05640875083647,31.304838062068626,,,3.5490911019473512,nan,,,0.9881715774536133,,None,-13.468160589461398,-6.622594117127171,-11.48771973695505,0.4364040791988373,-6.924423175923418,0.4990319013595581
Gaia,DR3,5597060440811873792,119.89185263360848,-30.266596528006108,15.434292793273926,2.1148719787597656,4.651963526466057,15.286055979207172,68.89890829117972,30.851135886949777,15.520828247070312,4.887596607208252,3.835971149764647,nan,,,1.0422394275665283,,Gaia_DR3,-14.277617507680253,-8.817699383594242,-12.27461553887192,0.024566207081079483,-5.633426445241717,0.029451068490743637
Gaia,DR3,5593841242557045888,116.94671330274099,-34.28615785547067,14.510419845581055,1.6344785690307617,3.778242513982816,10.569191388767074,45.88456956243682,32.26502679995522,7.270999908447266,3.5056257247924805,3.9979953014226886,nan,,,0.9875861406326294,,Gaia_DR3,-13.944389479953157,-6.9262494089226285,-17.111722933167986,0.020650671795010567,-6.597302348926583,0.025120463222265244
Gaia,DR3,5594534209768746240,119.15957634973314,-32.16806664309843,15.678268432617188,2.323711395263672,4.270103000466916,13.375017798143663,59.264807305204904,31.385134214351766,16.53408432006836,6.948692321777344,4.466869072864094,nan,,,2.4698846340179443,,Gaia_DR3,-16.369738984410116,-9.185438472483892,-14.045760194895008,0.08779728412628174,-5.904055390079138,0.10016690939664841
Gaia,DR3,5593139616703976320,112.78634594198812,-31.373773864011696,15.4364595413208,2.0370349884033203,2.630327935494105,11.599545298673894,51.19858404700614,32.78064947501019,,,4.369948311226912,nan,,,1.0396586656570435,,None,-13.72807906461042,-8.524251073996266,-14.369032036529356,0.024595284834504128,-10.86107791469092,0.027588803321123123
Gaia,DR3,5593243039514537088,112.03704668402463,-31.453192126540472,12.077743530273438,0.8816328048706055,4.283267904932848,11.35291597538391,49.09858998471681,32.957878776177786,2.9396541118621826,0.6558877825737,4.265288231953968,nan,,,0.9244486689567566,,Gaia_DR3,-13.125474269563455,-8.188701050465806,-15.248830095283951,0.0100428257137537,-11.401859877651763,0.011149274185299873
Gaia,DR3,5599602855290408192,113.69838178153218,-29.410061130586318,7.3819732666015625,1.1929936408996582,1.8769664337355783,13.70705792253927,58.450754295413006,32.235483682896685,45.7532958984375,0.12811405956745148,4.19541975726889,nan,,,1.0683300495147705,,Gaia_DR3,-13.504583655783316,-9.277420804318357,-14.073051634892796,0.015656638890504837,-7.717729693820824,0.01834123581647873
Gaia,DR3,5593461631868647168,112.35028371293983,-30.198428221018172,18.817455291748047,2.985750198364258,2.943404966751794,12.635506313052575,62.14966408638433,32.681452761187956,,,4.766811362185175,nan,,,0.998525857925415,,None,-14.797034255871854,-9.915590551539102,-17.076922724137813,0.16842542588710785,-8.031258024052333,0.18053267896175385
Gaia,DR3,5592906863834878336,111.08761884120942,-31.48110615073969,15.694958686828613,2.618511199951172,4.498662541112934,11.15136866685359,67.82357401050929,33.16571240489902,22.307416915893555,6.575506210327148,5.161543994011299,nan,,,5.88231897354126,,Gaia_DR3,-15.459751962138903,-9.756273642238995,-15.333741444766634,0.1639670729637146,-4.862877095283697,0.17317810654640198
Gaia,DR3,5594167243455158016,119.48930433664296,-33.03106102849031,19.520095825195312,3.2996673583984375,1.5037362034319666,12.872223134754277,66.64201758538267,31.444281566454983,,,4.933398476125124,nan,,,1.0549700260162354,,None,-18.2071592805661,-9.708602742834922,-17.0555099443364,0.2725895941257477,-8.650543650873294,0.3327867388725281
Gaia,DR3,5598874600626190848,116.31606746429301,-30.00395225279541,18.853525161743164,3.031698226928711,4.488275670501347,13.97406137861144,59.571801519133935,31.718173359631702,,,4.204459417812488,nan,,,0.9840471148490906,,None,-14.448536374941714,-9.320266089507506,-14.305484841894392,0.16181254386901855,-13.295841794245483,0.1819092333316803
Gaia,DR3,5592517976015107584,111.6672534575169,-32.94735303144308,18.091102600097656,2.4330711364746094,3.5056955206285383,9.827907586212639,42.48948259003351,33.26258105722931,,,4.215509953075907,nan,,,1.0049113035202026,,None,-12.837915013884633,-7.280871878330114,-9.738564559913625,0.11428991705179214,-7.596822233172286,0.12023758143186569
Gaia,DR3,5575903603697575552,101.10419773237241,-39.73747131895021,11.3486909866333,0.8046092987060547,4.693267781924336,6.045285764283894,46.966073886285905,35.726696561485156,28.734058380126953,0.6584075689315796,4.851693635042845,nan,,,0.9302284717559814,,Gaia_DR3,-10.123424969018444,-2.8244869322744863,-5.333882342975212,0.015558094717562199,-3.1442892826980615,0.016840776428580284
Gaia,DR3,5576890655900991488,99.18105492753826,-39.007677974199105,11.181557655334473,0.709080696105957,4.923379330001584,7.699551073717226,33.44907936915565,35.935335192302496,45.34443664550781,0.35616594552993774,4.0064077493831345,nan,,,2.5732836723327637,,Gaia_DR3,-7.62579910171503,-2.5479101933692023,-4.250880688694864,0.044221192598342896,-0.1187330330570363,0.04530663788318634
Gaia,DR3,5600005998098969216,114.77445190828759,-28.499222098146777,10.669841766357422,0.691431999206543,3.075434576249797,14.864386171763146,64.51143652515684,31.80938007289232,0.7378051280975342,0.38623717427253723,3.9843246637222007,nan,,,1.4782898426055908,,Gaia_DR3,-13.184821927260742,-9.356746287330441,-10.924173580633646,0.014550607651472092,-10.606635057861478,0.017727838829159737
Gaia,DR3,5594188031098847872,120.32842780090826,-33.18265611007843,19.920164108276367,3.017557144165039,3.7789281036121007,13.220684395589837,63.83502549499382,31.25251024593461,,,3.704035427916456,nan,,,1.0528137683868408,,None,-13.91208937862236,-7.334811200268841,-16.43086684073042,0.3190769851207733,-5.797673578449233,0.4375283718109131
Gaia,DR3,5594590731537023872,119.68375279941033,-31.5812440836562,17.36319351196289,2.7000560760498047,4.1716773764157224,14.111550248538702,66.10655993719251,31.147495146346227,,,3.7502807308287047,nan,,,2.113295316696167,,None,-13.897800985236813,-8.031994960379441,-10.621081759568591,0.12952128052711487,-8.407060268335547,0.15741565823554993
Gaia,DR3,5593539357894262016,118.48800201116242,-34.701218180344625,17.352781295776367,2.8582286834716797,4.600948633480723,11.069543050691559,51.19838323639374,31.95149996182791,,,3.824071910590585,nan,,,1.0165119171142578,,None,-13.81099256936824,-6.6441137775921915,-10.113267696912292,0.06392709910869598,-6.933963572256992,0.07435236871242523
Gaia,DR3,5577647978892091648,101.02186089129623,-36.512724127297595,19.71017074584961,2.6427249908447266,4.614198874711215,8.140023885189079,44.694679733023364,35.52628582444822,,,3.676076837117755,nan,,,1.0585123300552368,,None,-7.6417542392782,-3.688623403473801,-7.780147399119343,0.3264596462249756,-0.11551092602382088,0.35899215936660767
Gaia,DR3,5587902883334360832,114.25213605589079,-36.402190177119685,17.01226806640625,2.5142316818237305,1.6527572802751596,7.560795629635272,35.09401466443823,33.15227594363386,,,3.878412081666698,nan,,,1.043099045753479,,None,-12.664928239052381,-5.374237120554465,-13.930736804318819,0.05640900135040283,-4.901202337120488,0.05609119310975075
Gaia,DR3,5602551608028572672,106.56166211775518,-35.1678045647841,13.953985214233398,1.549117088317871,4.958000389381319,7.367333651869398,32.658774240089684,34.52897110616869,21.267314910888672,2.4706225395202637,4.22970533931354,nan,,,0.9753562211990356,,Gaia_DR3,-10.967240574704356,-5.537609209351574,-6.966903336385241,0.013247600756585598,-7.419473873234867,0.017014063894748688
Gaia,DR3,5597204545554596096,118.56274547893656,-30.1116888230027,18.04856300354004,2.1584815979003906,4.988365128171785,14.796943421544375,64.85158720965264,31.170669440795002,,,4.484549186059408,nan,,,5.019394397735596,,None,-16.222985142512908,-10.195912191604062,-13.50130429876767,0.42873886227607727,-6.344607219949174,0.520571231842041
Gaia,DR3,5599101817278876416,113.85870110700492,-31.281432735364575,11.955824851989746,0.9213352203369141,4.768028206626762,11.976847573419382,53.74298392960154,32.524045953981584,19.015239715576172,0.5643358826637268,4.447615932858062,nan,,,0.9259712100028992,,Gaia_DR3,-14.376524875704884,-8.86306243741324,-12.59629788326552,0.008824669755995274,-4.762296413985042,0.010456163436174393
Gaia,DR3,5590599156422067584,107.97528080443651,-34.99823033201746,18.604633331298828,3.0217018127441406,2.861983697054525,7.415882720141696,35.994187546892896,34.25590753577538,,,3.826176970138634,nan,,,1.0155006647109985,,None,-10.40876677593825,-5.235611563868607,-8.100505603002178,0.1652469038963318,-5.204846575479185,0.20137178897857666
Gaia,DR3,5590652590112978688,108.24773858112759,-34.376931764617844,18.774024963378906,2.223112106323242,3.410694225171003,8.032940312702777,45.54803877550644,34.13271470189606,,,3.649927747011419,nan,,,1.0149507522583008,,None,-10.01830453553531,-5.306925104559859,-12.633416852320309,0.16966180503368378,-5.087168711340337,0.16616767644882202
Gaia,DR3,5590707046002679168,110.20243608514203,-34.88200987506099,18.35788345336914,2.667184829711914,2.744456846255895,7.672169091275647,37.98604390272122,33.816480696529375,,,3.797173614177607,nan,,,1.0262269973754883,,None,-11.079758744088519,-5.48957024314862,-12.875389658483563,0.11896640807390213,-6.755284316553281,0.14616023004055023
Gaia,DR3,5556865830441983360,98.1017195309402,-43.87770348561405,13.335741996765137,1.3897409439086914,2.94539095943462,7.580256719812564,36.26376047636362,36.18072755409873,-0.6588524580001831,1.5520004034042358,3.8390194381799416,nan,,,3.269146203994751,,Gaia_DR3,-6.908867390403277,0.13078900467300714,-6.021540071141472,0.03306059539318085,-2.0816200214416574,0.03355756774544716
Gaia,DR3,5547102064110471296,124.18050612511084,-32.91686817836655,20.04899787902832,2.7682571411132812,4.772551726867009,15.707788621268842,67.81268908245885,30.164650792300737,,,4.433763401058552,nan,,,1.0622657537460327,,None,-17.935952205654456,-9.547426197812568,-14.994597995557587,0.3543987274169922,-12.901129996951825,0.38237643241882324
Gaia,DR3,5604263444553550592,106.35391925221688,-31.931806743014686,15.897943496704102,2.325176239013672,3.9321371610149978,10.591380068162968,53.68467764632289,34.16126098340512,,,4.680524478664675,nan,,,1.015313982963562,,None,-12.047842235403863,-8.019341170760914,-14.854862474459026,0.031046614050865173,-10.69774412063797,0.031130516901612282
Gaia,DR3,5604646383838376704,106.97572452328978,-30.741984565773564,16.18088150024414,2.5721473693847656,3.605657955713864,11.715801890295683,55.21104798895146,33.87017894445438,,,4.582338450409243,nan,,,1.1211975812911987,,None,-12.053483193555357,-8.601263118851309,-9.480155663041387,0.03689711168408394,-6.25396543219545,0.036636415868997574
Gaia,DR3,5599819321643880448,116.19754694735015,-28.958963410719537,18.2791805267334,3.084348678588867,3.834576681274888,14.884657683627324,64.72735196216738,31.550693143820915,,,4.443340666751679,nan,,,0.9437233805656433,,None,-15.226345391785971,-10.37510004362484,-13.117499570616909,0.0984022319316864,-13.28270471725929,0.10563310980796814
Gaia,DR3,5604316049309974784,107.55414294341357,-31.79626435020489,18.876924514770508,3.219076156616211,3.3825893513620415,10.630087982639314,54.912955121001325,33.920113331269576,,,3.661144456537538,nan,,,2.08306884765625,,None,-9.821366391835891,-6.441403657428767,-12.254466957155287,0.4082643389701843,-7.387866147600738,0.5257524251937866
Gaia,DR3,5599150818571212928,114.43221447973566,-30.68545735950164,14.607579231262207,1.74969482421875,2.950809766266063,12.707657615383054,60.4038923158403,32.2911386150959,102.71952819824219,3.1634774208068848,3.7433784604652924,nan,,,1.1343369483947754,,Gaia_DR3,-12.280466289155717,-7.788692189052913,-14.57324832596109,0.019252611324191093,-8.195585989720474,0.02268207259476185
Gaia,DR3,5599866909879104384,116.31091207450226,-28.553471856075554,9.947811126708984,0.7007637023925781,3.921395561924283,15.296624782688903,65.15270914132228,31.44329703806578,14.024044036865234,0.18940412998199463,4.265652287248573,nan,,,0.9523626565933228,,Gaia_DR3,-14.657025843377182,-10.174717532093691,-17.79308596380857,0.011040724813938141,-8.562323974134488,0.013744955882430077
Gaia,DR3,5598878410261483264,116.17046666836222,-29.962814933885944,18.808500289916992,0.018846511840820312,4.854795119632573,13.958035001465555,60.396285216402056,31.74642300826689,,,4.368885120362675,nan,,,1.0226900577545166,,None,-14.961510670489268,-9.686721574613202,-12.69939750921932,0.1660708487033844,-5.829873317552153,0.20095990598201752
Gaia,DR3,5598647753337678976,116.62471325586158,-30.525937401384535,19.48247718811035,0.026056289672851562,3.1213676592479644,13.622618146967962,58.26471898687648,31.736722199035984,,,4.094036354450702,nan,,,1.0295172929763794,,None,-14.172205815375996,-8.864188689041676,-16.051020989356772,0.23864734172821045,-6.933549773130412,0.25618475675582886
Gaia,DR3,5559075505217586304,103.80610393320772,-44.141431852402924,17.10391616821289,2.664984703063965,4.946884532294203,3.701999720655097,55.56545133475459,35.47800644701883,,,3.3407197485409186,nan,,,1.0568430423736572,,None,-7.816977209838451,-0.24865586013026286,-4.999262735850823,0.0613446980714798,-2.297533983637452,0.06615499407052994
Gaia,DR3,5559644502485505280,105.96722934517834,-42.59975272103998,12.617754936218262,0.9651546478271484,1.8176297321010757,1.731204927112201,31.551396563095338,35.13456872633685,-3.682093858718872,3.763354539871216,3.6079875208041665,nan,,,1.212907075881958,,Gaia_DR3,-9.160025819273708,-1.2196567852791182,-10.057732665966588,0.014294285327196121,-0.16827728287393923,0.017321696504950523
Gaia,DR3,5606061313563767552,109.37278419027061,-29.847577834598763,18.911052703857422,3.2530136108398438,2.883937981956246,12.59164334249708,55.70419034776625,33.25616690124745,,,4.4227056463987555,nan,,,1.0257800817489624,,None,-12.581838962071037,-9.046018299917368,-10.853611530583073,0.1574530303478241,-6.986139539891498,0.1937185823917389
Gaia,DR3,5602705397917506304,107.44436264222082,-34.12383413278717,18.8656063079834,3.00299072265625,4.705343339192694,8.313069758384465,61.81257208074235,34.25098539155813,,,3.395391271635044,nan,,,1.0265549421310425,,None,-9.074907741426204,-4.972434966339438,-8.302666441060962,0.18258772790431976,-8.250709940237273,0.20695503056049347
Gaia,DR3,5600301835449531776,117.71099662223637,-29.479768408424547,10.615362167358398,0.7930994033813477,4.846634124318789,14.984478270171229,65.21351095950054,31.269750177167694,22.679044723510742,0.8517162799835205,4.453166999678247,nan,,,2.035677671432495,,Gaia_DR3,-15.806648583836967,-10.330142379884556,-14.597537527256595,0.02212768979370594,-5.943855327287442,0.02467087283730507
Gaia,DR3,5599748093907231488,115.02336320713556,-29.297218895708838,15.210247993469238,1.8299388885498047,1.1362857814499803,14.187216058591687,65.20861724515284,31.901720420103313,6.509812355041504,13.019319534301758,3.7941459187954587,nan,,,6.663327693939209,,Gaia_DR3,-12.634100256722157,-8.581464640859656,-11.757876243251037,0.12185680121183395,-8.340129898574206,0.12841786444187164
Gaia,DR3,5602935062710547840,106.85057897806534,-33.56379184250703,18.24654769897461,2.965373992919922,3.3960280763705493,8.919155981550537,46.82531036011227,34.28980832892151,,,4.616727809364064,nan,,,0.971357524394989,,None,-12.091664380088227,-7.016772287000097,-9.614536428883552,0.10570206493139267,-4.8285905721589595,0.11803186684846878
Gaia,DR3,5602725738882037632,107.53680037922659,-34.130356895750836,11.193548202514648,0.8223133087158203,4.147687678080444,8.301030406258729,68.61568332175035,34.23482891593009,66.36036682128906,0.4185260534286499,3.303738232167073,nan,,,0.8957012295722961,,Gaia_DR3,-8.857435449524445,-4.843500102862191,-11.615690320821344,0.013946459628641605,-5.701776635953822,0.01704980805516243
Gaia,DR3,5603214510459747200,108.91076973726727,-32.90612998827385,19.067684173583984,3.1460304260253906,2.9790754521345,9.51579029758389,43.17024785269489,33.81677839979884,,,4.366242433725986,nan,,,1.000931739807129,,None,-12.242415937008433,-7.229435292876777,-12.563737775647521,0.21042612195014954,-4.506243494889857,0.25074824690818787
Gaia,DR3,5605184457344361728,109.593562323323,-30.844570525672907,17.062631607055664,2.3307886123657227,3.223185311264671,11.611170857655186,64.50817313936027,33.375073133755436,,,3.536431842560304,nan,,,0.9964280128479004,,None,-10.129512696710076,-6.820438206658147,-8.601195898379698,0.053121477365493774,-8.67471447076975,0.06123935803771019
Gaia,DR3,5605372091573866368,110.94291875618437,-30.81568283571537,18.309200286865234,3.0308609008789062,2.154823014514119,11.78461856025076,58.703361416859074,33.09014508998978,,,3.682271313996078,nan,,,0.9406418204307556,,None,-10.982722767900755,-7.244657640288279,-12.339154066480596,0.10807235538959503,-8.223446528741867,0.12496627122163773
Gaia,DR3,5599405630390890112,112.91188011378615,-30.307754893572337,18.6614933013916,0.4123859405517578,0.6744181697666879,12.653329057566518,64.17959266003017,32.57472326129768,,,4.854935941356071,nan,,,1.0080792903900146,,None,-15.303617431923582,-10.110138997021153,-14.614917457742582,0.14690348505973816,-10.156315531995405,0.14677377045154572
Gaia,DR3,5582524690921285504,100.52479847498209,-34.415500195478735,16.796234130859375,2.282233238220215,2.184788169416756,10.042001759924,44.61121862513403,35.39814512793748,,,3.9260298977349137,nan,,,1.207776665687561,,None,-7.976228723476068,-4.973958204362813,-7.040220429537046,0.08389714360237122,-6.521082272238206,0.08101120591163635
Gaia,DR3,5592988502573062656,112.29022267402861,-32.155850482186224,17.424415588378906,2.9906845092773438,4.256503311905499,10.73032896093664,61.58971403106425,33.012244571415046,,,4.968799316606875,nan,,,0.9665700197219849,,None,-15.398446630529863,-9.151061010783865,-15.35865411211891,0.061928197741508484,-4.692667036734637,0.06745097786188126
Gaia,DR3,5562393835607477760,103.26575295396705,-42.84186654473835,15.91380786895752,2.160623550415039,0.7440491814663875,3.7297309546841872,35.81996446818915,35.536758765010426,,,3.59556183188636,nan,,,1.0340657234191895,,None,-8.232552026261196,-0.8244809243936628,-8.197826210180974,0.03448779508471489,-1.3873856354543754,0.032273948192596436
Gaia,DR3,5561623898295068544,110.07909142292691,-39.99768516309076,18.990076065063477,2.9489288330078125,2.662058254723406,2.7579043049051046,47.09068460185732,34.315635407326496,,,4.98108407708381,nan,,,1.0316824913024902,,None,-14.480368080650477,-3.98403411024302,-11.893123797516067,0.2018566131591797,-5.04234608998498,0.2352941781282425
Gaia,DR3,5602807107042782848,106.74907440516111,-34.21823422735203,14.53373908996582,1.6509685516357422,2.6746200855128284,8.281144370948025,50.0595905052067,34.38802101371416,40.6334342956543,4.010206699371338,3.580134595332747,nan,,,8.28735637664795,,Gaia_DR3,-9.343810613803441,-5.135828153207597,-9.855510627031103,0.11108332872390747,-3.1831489979478884,0.13517417013645172
Gaia,DR3,5603828312826641024,105.94010550304523,-32.84704939404593,14.597829818725586,1.7600603103637695,4.081878120727339,9.742690388267082,43.83809127390153,34.36013594217003,-2.4046428203582764,3.3281376361846924,4.354659397859336,nan,,,1.132802128791809,,Gaia_DR3,-11.044913826785049,-6.915222966290496,-7.559690282101795,0.017626836895942688,-8.291681483297282,0.02031535655260086
Gaia,DR3,5604146960740990464,105.54986661551656,-31.65801723051629,10.218893051147461,0.8126020431518555,3.6404281214023384,10.972049810152122,48.02941853746639,34.2657413843602,66.58661651611328,0.2448681741952896,4.311652309017401,nan,,,0.996837317943573,,Gaia_DR3,-10.782050292870895,-7.455145789507941,-12.477326736007692,0.011246560141444206,-4.613482270402153,0.0130342748016119
Gaia,DR3,5604318935532723584,107.84334498234482,-31.777779642124163,16.89743423461914,2.7904605865478516,2.235108248756878,10.638210078184416,69.45390714076393,33.86259022814292,,,5.265200475082905,nan,,,2.164672374725342,,None,-14.26120699520899,-9.313454668368777,-14.463478810385244,0.11726050823926926,-11.786069480906104,0.129242405295372
Gaia,DR3,5603174069049910016,108.25711927447007,-33.07622976355778,13.601733207702637,1.4990129470825195,4.695033597138753,9.333597999610156,61.647256629233425,33.965676325086484,28.123634338378906,1.696120023727417,5.090604838684035,nan,,,1.0296540260314941,,Gaia_DR3,-13.976936778751336,-8.233009063165346,-15.989524769046906,0.011019404977560043,-3.613944883561543,0.012347068637609482
Gaia,DR3,5603828312826640256,105.93895995815144,-32.84730413009058,15.130388259887695,1.9616279602050781,4.260800224747536,9.742612850018958,43.37685162327031,34.3603713640168,-9.156208038330078,4.642714977264404,4.324674271638477,nan,,,1.0444326400756836,,Gaia_DR3,-10.968409183604223,-6.867348106624368,-7.374398802932144,0.021160772070288658,-8.341282382813896,0.024400636553764343
Gaia,DR3,5604143941382764288,105.72051265896803,-31.726572562929984,17.01034927368164,2.8780412673950195,4.621328296360692,10.878317670553555,46.59906883158512,34.245400048007795,,,4.0902682166441044,nan,,,0.9541407823562622,,None,-10.292293165088447,-7.053046118718492,-8.182355798677072,0.0514553003013134,-3.6726551421018874,0.05940299853682518
Gaia,DR3,5602971243512060032,106.60326875746537,-33.77218509886229,17.312320709228516,,4.341345841218054,8.73980923495843,41.305736636128444,34.36014384284601,,,3.8295159735189164,nan,,,1.2633814811706543,,None,-9.944044747823849,-5.695569570781777,-11.938936953081935,0.10659175366163254,-2.813934451611977,0.21030746400356293
Gaia,DR3,5602752784291425792,107.57056381111268,-33.697257062363015,17.5063533782959,2.7460289001464844,3.307172647254736,8.731387383735072,39.2969157476051,34.17508277120589,,,3.9107573601271417,nan,,,1.0163289308547974,,None,-10.496753514229388,-5.9501822979499135,-10.035681388600466,0.07218486070632935,-8.63743667878394,0.08015289157629013
Gaia,DR3,5600072415471412608,114.35907671944518,-28.3348587446548,19.11541748046875,2.6019210815429688,3.722804718300392,14.90584965883307,67.40515271912642,31.876889251177772,,,3.8299164931791587,nan,,,1.0100950002670288,,None,-12.540903262644003,-9.024441594974217,-14.234572568270343,0.1838274598121643,-6.541311578479068,0.2059432864189148
Gaia,DR3,5584908569571793920,112.25605696848392,-39.84337918664001,11.510591506958008,1.0185518264770508,3.2560558365045904,3.931107875976672,45.44206252313349,33.890154071085924,,,4.9054150722203484,nan,,,0.8459530472755432,,None,-15.187636044842066,-4.37760269381668,-14.108036306115476,0.011465526185929775,-1.188248817140498,0.013520204462110996
Gaia,DR3,5562713617396553216,106.64945822789652,-41.639346689011894,9.904823303222656,0.7342443466186523,4.986327093351039,1.448911813882176,68.91853230377987,34.99436509551371,,,5.621085640263065,nan,,,0.9018137454986572,,None,-14.61973754215855,-2.712496480957062,-8.952447372301778,0.012185782194137573,-4.384205649108445,0.014697922393679619
Gaia,DR3,5563526710541184512,102.64613351808197,-41.180485709721545,15.86522102355957,2.1038360595703125,1.7652540631723765,4.390747218018016,42.59207083063638,35.57753318558925,,,3.520244475665877,nan,,,4.37783670425415,,None,-7.856316721507532,-1.5152976637247408,-7.436177573880967,0.1445816159248352,-2.7560972270281443,0.14484846591949463
Gaia,DR3,5564021422052519168,103.35613871252588,-40.21334681694326,13.299576759338379,1.2698373794555664,3.2924885588740005,4.314248640513745,18.707081987904633,35.4364190445356,78.96257781982422,1.3706668615341187,4.027057743877714,nan,,,1.2558223009109497,,Gaia_DR3,-9.254440630261769,-2.3163222933211007,-11.05828259524489,0.01359849888831377,-4.451493779260406,0.014541038312017918
Gaia,DR3,5563291621211197312,103.05216176239762,-41.97219197044394,16.58445930480957,2.189011573791504,3.1020866792656596,3.913115471280526,56.10127144663994,35.5461179050864,,,3.3382444556735544,nan,,,1.0531210899353027,,None,-7.576871247029498,-1.1262481736051813,-8.378745264015679,0.048029400408267975,0.9041947773744038,0.04769599065184593
Gaia,DR3,5604145350127804672,105.60519475853195,-31.77609078713754,20.182876586914062,0.5570144653320312,3.9761483518782232,10.847297589196508,54.028756165962456,34.27281860864514,,,4.660933740234256,nan,,,1.0715901851654053,,None,-11.679093062265942,-7.995564436060329,-9.816582622818856,0.3771255910396576,-4.561246831575501,0.47359561920166016
Gaia,DR3,5604966857123070464,109.89383408520173,-31.252483539882178,11.309452056884766,0.8165578842163086,3.305932050495695,11.229230031729502,69.63840410710964,33.37820151543367,9.349743843078613,0.46822619438171387,5.22287090131094,nan,,,0.8709387183189392,,Gaia_DR3,-15.098213617378935,-9.85175991673696,-18.02550100966258,0.013003379106521606,-7.688389888348567,0.014912305399775505
Gaia,DR3,5605410406987903872,111.30239146810375,-30.376539836465906,14.589668273925781,1.8160696029663086,3.3140475322537233,12.270980570518374,52.558577884893445,32.94075972122509,43.10260009765625,2.4325151443481445,4.217704956555439,nan,,,1.0505372285842896,,Gaia_DR3,-12.711420474733117,-8.563617254248975,-12.716500142416841,0.01719631813466549,-11.510247159413161,0.02012045495212078
Gaia,DR3,5605246888990633344,109.14198897198132,-30.63790695536792,16.84589385986328,2.410536766052246,1.4649737566150745,11.79103991136924,51.12903065212315,33.43331524590652,,,4.295978735324877,nan,,,0.986614465713501,,None,-12.133543172654894,-8.345278541651233,-11.05251958922113,0.04849949851632118,-7.576119003061539,0.0535016693174839
Gaia,DR3,5602971243514325248,106.60293620256554,-33.77216660038497,13.913636207580566,1.297821044921875,4.031485158647336,8.739867350238203,39.093858504838984,34.360200956492505,17.84905433654785,2.337092876434326,3.9232167885021827,nan,,,1.2000023126602173,,Gaia_DR3,-10.187237828503857,-5.8349054031965055,-11.14380814091961,0.014528710395097733,-2.640813518745203,0.01653175801038742
Gaia,DR3,5603594048132063360,108.06434439193266,-31.66479013096542,16.172523498535156,2.260739326477051,0.9365682064410937,10.746625287813018,64.08981975388284,33.80368104080467,,,5.059452888431318,nan,,,0.9818118810653687,,None,-13.804148072725395,-9.048617727770482,-14.682054329684975,0.03748982772231102,-8.5720275878719,0.04101438820362091
Gaia,DR3,5609316314658561024,106.74241702088531,-29.274884787640158,12.307424545288086,0.9505319595336914,3.5649906215646885,13.194850708358116,67.04840707317206,33.67537179857784,31.059722900390625,0.4889112412929535,3.616282279528099,nan,,,0.9191290736198425,,Gaia_DR3,-9.435971055908828,-7.428368021706577,-7.419471067653785,0.007714099250733852,-9.250448848787435,0.008821653202176094
Gaia,DR3,5609789345181620992,106.88076816921206,-27.485405291496267,20.301179885864258,2.224435806274414,4.238906325743197,14.969082076141405,67.13367015143538,33.328309614880574,,,3.8544349009476027,nan,,,1.0185303688049316,,None,-10.10567739472366,-8.779979379769259,-7.195278952750281,0.41839566826820374,-6.937956164980719,0.5688003897666931
Gaia,DR3,5609928094106576384,108.10067494032309,-27.47479007528236,6.55306339263916,0.2976360321044922,3.547327836478087,14.935866108995235,68.90011922943123,33.08660421891468,,,4.723805695753794,nan,,,1.052531361579895,,None,-12.903737225403354,-10.890673339410528,-11.271218535061777,0.016881808638572693,-7.758009603741325,0.023343084380030632
Gaia,DR3,5605685177510843136,110.34460534701569,-29.79927824241222,18.83580780029297,,2.809433334134637,12.716944587967722,65.75712225061275,33.04649919659238,,,3.6013857212484384,nan,,,0.9577879309654236,,None,-10.553342992226714,-7.475080617612896,-8.804540051379334,0.1493673175573349,-6.253956920007985,0.177298441529274
Gaia,DR3,5606387975902404992,108.22566032614706,-29.18776097765853,12.1386137008667,0.9774942398071289,2.3467751101447463,13.222142595031903,59.58273182759727,33.3738052984813,13.142727851867676,2.934593915939331,3.857002467086052,nan,,,10.698015213012695,,Gaia_DR3,-10.579069313371212,-8.094809792669935,-8.691556083458536,0.10938019305467606,-8.374690770966417,0.12019096314907074
Gaia,DR3,5606015237159448960,108.79485470112522,-30.430115843456548,19.494449615478516,3.1159801483154297,4.945825453147568,11.986162112434364,51.65366349020534,33.46926182405736,,,4.033099505133412,nan,,,0.977776825428009,,None,-11.266772349108008,-7.902956436986645,-12.251757451729057,0.2291393131017685,-3.8149158144934256,0.293872594833374
Gaia,DR3,5564393396284388608,107.80370892414722,-40.275207940099506,17.90903091430664,3.0376129150390625,1.8555888676473415,2.1670002328414295,23.327735231916034,34.73668630196537,,,4.443317341128822,nan,,,1.0474209785461426,,None,-12.019267139026699,-3.0779399258406785,-11.449838394897288,0.10338545590639114,-1.4357398880135834,0.12416821718215942
Gaia,DR3,5565229025122361216,108.86357551016295,-37.96410879363657,18.580669403076172,2.7005577087402344,3.8770874644378797,4.46631675531188,19.418494576894634,34.38572401502634,,,4.020252489626644,nan,,,0.9438004493713379,,None,-11.255444089663628,-4.096482538023309,-9.125827052315291,0.13865134119987488,-1.594150440165952,0.18088260293006897
Gaia,DR3,5565392508755971200,105.77579702598432,-39.19652633099958,18.50183868408203,2.8308639526367188,4.924886081029193,3.738509072260062,23.901588188364435,35.00853643634327,,,3.7911063980523947,nan,,,1.083661437034607,,None,-9.558671235442201,-2.9270297971448747,-8.354242812853698,0.14812052249908447,0.820146828708878,0.1460782289505005
Gaia,DR3,5564127146969083008,103.74094637606939,-39.7862894343437,19.643129348754883,2.880178451538086,4.759545778136476,4.322504302957184,44.30745952871976,35.358450588652865,,,4.861573236701921,nan,,,1.0311236381530762,,None,-11.346220919258986,-3.115512337359437,-6.485762114840902,0.29422664642333984,-2.703284840754325,0.34879595041275024
Gaia,DR3,5564143188670563072,103.91395812073516,-39.36744942418741,17.94472312927246,2.5614566802978516,3.6067784294892653,4.499598775500615,60.5520768177576,35.30938224841351,,,3.2977822891744273,nan,,,1.0133917331695557,,None,-7.749512387690305,-2.3079118476191005,-7.168289874727062,0.10345697402954102,-4.747071446717028,0.13856080174446106
Gaia,DR3,5610334535452563456,108.46791722837877,-26.349329482806034,12.796656608581543,0.9045677185058594,3.839466566813593,16.06101162025921,68.5024536903674,32.790731761704194,72.27970886230469,5.268289089202881,4.113459779337897,nan,,,27.971364974975586,,Gaia_DR3,-11.371482435042829,-10.077777698364857,-14.56178694890806,0.3393586575984955,-9.125391723087821,0.46620452404022217
Gaia,DR3,5607749510590249856,106.61974297233371,-29.83882278719344,16.552732467651367,2.5065088272094727,3.5231725106359795,12.643350090617654,65.67656627451724,33.79250589342757,,,4.920654921363872,nan,,,1.2873005867004395,,None,-12.78474263807265,-9.749554748141936,-14.131343388560392,0.05410927161574364,-13.147094545734479,0.0635400041937828
Gaia,DR3,5604158716065895552,105.54639264886343,-31.657812551200276,19.855567932128906,0.39173126220703125,3.6860966945454177,10.972801903068348,48.314937431812176,34.26632386864353,,,4.335192943481786,nan,,,1.0308972597122192,,None,-10.839539077645297,-7.49561615899126,-12.256951149741335,0.29978153109550476,-4.439589594962492,0.3424413502216339
Gaia,DR3,5604499427237627776,106.7512769162134,-31.319632336525025,15.641472816467285,2.152432441711426,4.400060765526101,11.158677746032645,47.729627477478765,33.999733364584415,,,4.141809921424638,nan,,,1.0526362657546997,,None,-10.810556366676934,-7.453530944715174,-8.594305668969506,0.026667078956961632,-4.315374359916014,0.028536293655633926
Gaia,DR3,5610663697441190784,104.56152616846632,-27.593531438577582,18.595947265625,3.1031227111816406,1.8299137480661096,15.125300838313114,64.35891881617378,33.776530699478876,,,4.181351361254323,nan,,,1.0043575763702393,,None,-10.076347300483686,-9.271901794254749,-11.686557656078662,0.12574060261249542,-9.176811192951586,0.13932326436042786
Gaia,DR3,5606913576821574528,109.43860834136612,-28.158262426512646,15.481520652770996,2.133241653442383,3.288044639407199,14.28131021875285,62.98091985209662,32.94220402738796,,,4.4903775602114475,nan,,,0.9602432250976562,,None,-12.800484122118501,-10.116036939718388,-15.850237293806288,0.023562369868159294,-10.737948445160411,0.029324276372790337
Gaia,DR3,5607194742553485056,104.42733856756317,-31.582306082023194,16.025644302368164,2.271378517150879,1.9907421677017596,11.257395549570703,49.434038154703046,34.44865282217764,,,4.335566484626778,nan,,,1.0373069047927856,,None,-10.394260978970811,-7.428948122396973,-9.322759272289286,0.0409996397793293,-5.9584155353502695,0.03816166892647743
Gaia,DR3,5606035307546372224,109.39227688193927,-30.156460276015522,13.673943519592285,1.2762279510498047,4.283667861210317,12.284499826036791,65.14752232410868,33.303986187396376,-6.935159206390381,1.9771130084991455,3.576766266141293,nan,,,1.2716336250305176,,Gaia_DR3,-10.181451554901244,-7.182129740539445,-12.63201676143992,0.013610322028398514,-9.286267693002458,0.015924561768770218
Gaia,DR3,5603616996137217280,105.7253267436503,-33.791084437264146,19.640064239501953,2.805988311767578,3.2054677811495944,8.852615351993869,42.18046008186537,34.51681243797398,,,3.8155594699289206,nan,,,1.1203025579452515,,None,-9.602725958505818,-5.582552259550408,-7.308017481228663,0.303256094455719,-6.758211046719494,0.34073004126548767
Gaia,DR3,5605460189947193216,111.77184318875966,-30.285424409620344,20.203914642333984,2.798318862915039,4.185218355670398,12.439262181773946,53.317444038348796,32.823646304535984,,,4.0752309795003105,nan,,,1.1175106763839722,,None,-12.447503772117095,-8.370453217248606,-11.818167161099078,0.3859815299510956,-4.830439583703587,0.4219166934490204
Gaia,DR3,5605917900319022592,108.69496871936674,-30.620600121948367,16.25664520263672,2.375962257385254,4.576986284078129,11.793365168490961,51.87152377060609,33.51979499346187,,,4.363769609289255,nan,,,1.0356616973876953,,None,-12.151743647900878,-8.437628831772543,-14.622684046087686,0.03998475894331932,-5.0284225982093895,0.04297590255737305
Gaia,DR3,5603173927309503360,108.24132458113321,-33.090795042785366,18.02237892150879,3.0290145874023438,4.496583473307726,9.31908776495127,59.18545340380575,33.970629483067356,,,5.008022551693917,nan,,,0.9994756579399109,,None,-13.743125326304225,-8.088258115700143,-16.01327079536078,0.08640308678150177,-3.9190100798840466,0.10159651935100555
Gaia,DR3,5565872789181369856,105.35128360358557,-37.499025339736015,19.716657638549805,2.8187198638916016,4.868557692315669,5.405481611763863,23.70565304618201,34.95447042885999,,,4.152736012400961,nan,,,1.0359711647033691,,None,-10.309094608321141,-4.066437922776096,-7.4960356652052464,0.3212142884731293,-0.8645026158014184,0.33932924270629883
Gaia,DR3,5565890724962073472,106.81128218238662,-38.54528727899713,18.554040908813477,2.5520057678222656,3.994785035204337,4.027078532083644,53.2717790291871,34.79256962170655,,,3.373988051587721,nan,,,1.0817428827285767,,None,-8.82480119996798,-2.985615817668167,-11.65242860210361,0.1426251083612442,-3.264765076523476,0.14028693735599518
Gaia,DR3,5607889114207636736,105.06536915688595,-29.890119884908422,18.29909324645996,2.9886531829833984,2.5594530099023984,12.786627589381288,60.74171281491343,34.08269575659333,,,4.676251907338029,nan,,,1.035862684249878,,None,-11.485969535217261,-9.07567771833276,-9.353164000708915,0.10938851535320282,-7.727630993427427,0.1300111711025238
Gaia,DR3,5608517180162793984,101.76481465704543,-29.64696157777369,18.3668155670166,,2.515052961180652,13.803038692739937,69.18077678532534,34.589967954952485,,,3.6247558438033627,nan,,,1.061660647392273,,None,-7.7894757307773554,-6.907575338381816,-9.415843628287385,0.11993966996669769,-7.93148744268861,0.17711980640888214
Gaia,DR3,5607254081821102592,104.589771417063,-30.89806267792983,15.877633094787598,1.9838981628417969,4.309427858980627,11.887184417751705,50.99679138790288,34.32146079190806,,,4.06816611342067,nan,,,0.9576331973075867,,None,-9.81419309855584,-7.337549026834102,-11.882684605673612,0.02980203554034233,-4.2748129559501,0.031262144446372986
Gaia,DR3,5608588060003922560,102.7181005642805,-29.318381640683633,18.488121032714844,3.0569400787353516,4.184230516161894,13.84278643806942,64.48051470571623,34.3867279773706,,,4.68491959070006,nan,,,1.0190449953079224,,None,-10.487147501540921,-9.207520040665742,-13.712697830256825,0.11646836251020432,-6.624289178047153,0.14140188694000244
Gaia,DR3,5609083188133205888,103.13333590260689,-28.18418789520631,16.460124969482422,2.6230525970458984,3.1322833578611937,14.829866679923747,65.6032448447232,34.127201475573855,,,3.90205075063565,nan,,,1.2263084650039673,,None,-8.886115167259783,-8.257833023328704,-11.002509923211516,0.040128156542778015,-6.788245435458739,0.04621144011616707
Gaia,DR3,5604646207739781760,106.97307154975229,-30.751318141379347,11.236603736877441,0.7755041122436523,3.2378970001503435,11.706693562471374,54.812124206020925,33.87212417683104,56.373138427734375,0.3477047085762024,4.563813886288339,nan,,,1.0158214569091797,,Gaia_DR3,-12.003660837743658,-8.56089543577043,-9.202268741765803,0.012300414964556694,-7.198357616196282,0.012748654000461102
Gaia,DR3,5609106892053121024,104.10823898388642,-28.320067905480006,18.12860107421875,2.5401229858398438,3.7789843444656883,14.493513209698861,63.9939071519989,33.98597362745396,,,3.9112512861188877,nan,,,0.9644912481307983,,None,-9.261543243113145,-8.283833715722796,-7.538509606123335,0.09406265616416931,-5.687697028745666,0.11416472494602203
Gaia,DR3,5605484619717836160,112.3555171212867,-29.942031368654497,18.322084426879883,2.765775680541992,4.214980515476958,12.885718823296585,59.83000952055646,32.63583412766039,,,3.7884121940636915,nan,,,0.9924314618110657,,None,-11.761608156542069,-7.997725804516811,-9.052337528379486,0.110612653195858,-9.995568077364581,0.14132295548915863
Gaia,DR3,5607215530196589312,104.15810868990216,-31.38478246951958,16.207563400268555,2.0976486206054688,2.177905882773625,11.508086534684606,49.702160510406095,34.46579885135337,,,4.0209832313989216,nan,,,1.1145347356796265,,None,-9.53994825838035,-6.967138571091799,-10.196060517693493,0.04230103641748428,-8.692745402507239,0.05174412950873375
Gaia,DR3,5605163051227440640,109.95905164492156,-31.093942011669636,16.934873580932617,2.890066146850586,3.8255099648528326,11.392822345805442,52.65102031969454,33.3399606159085,,,4.508911208731139,nan,,,6.895317554473877,,None,-13.060169678774365,-8.600522535911288,-12.758940585621636,0.38034236431121826,-4.976782819523602,0.4477344751358032
Gaia,DR3,5605266297938589312,109.86509086298534,-30.503685004995972,19.740324020385742,2.966897964477539,4.108869677436306,11.971689762888845,62.10409916886986,33.26441432978305,,,4.8534765960109025,nan,,,1.0407607555389404,,None,-14.018097844664698,-9.597234334064474,-10.369326238929021,0.31079035997390747,-7.509077297235252,0.4054271876811981
Gaia,DR3,5588693878871287808,114.56625854431812,-34.64740377497633,9.77920913696289,0.45679473876953125,4.159520746055385,9.173754041379226,40.034714782033895,32.865479822176134,32.658180236816406,0.7519181966781616,3.9839927284553616,nan,,,0.9318619966506958,,Gaia_DR3,-13.114489268026894,-6.411849646143303,-9.66265296737351,0.011331822723150253,-5.874317465262468,0.01406458392739296
Gaia,DR3,5568660502128964864,94.87140978877174,-42.40701722050847,17.788942337036133,2.5638427734375,1.5833991623433181,9.90577464925903,45.748958008681726,36.497182288772834,,,4.428306992252207,nan,,,0.9525267481803894,,None,-6.578004000302575,-0.4399991184198655,-6.274556910171707,0.10649583488702774,1.006671772304271,0.10338607430458069
Gaia,DR3,5568769766094788864,97.27226488847099,-43.9181557197731,20.12887954711914,2.6331100463867188,2.6215058751309672,8.178284226468234,61.92588560884119,36.26758762300687,,,3.3882427251540794,nan,,,1.028493046760559,,None,-5.825988849723108,0.19355610366622056,-7.165284402460071,0.46705952286720276,-1.1150539317609165,0.49562719464302063
Gaia,DR3,5568662838590897408,94.66096425949495,-42.391671133844326,13.439684867858887,,0.1944225291237797,10.061912694557368,45.21173840623865,36.51602402087481,4.623157978057861,2.072739601135254,4.364417015269227,nan,,,1.7489013671875,,Gaia_DR3,-6.393000569839842,-0.42670835114386163,-6.245085897775816,0.025149403139948845,-0.32611187710874423,0.025269052013754845
Gaia,DR3,5568794573828048896,95.98380939211235,-44.20614661581623,13.171618461608887,1.340850830078125,1.3766960115539153,9.132179302199688,55.60022611588028,36.39238452772573,35.67042541503906,1.7483406066894531,4.90192117984093,nan,,,0.939860999584198,,Gaia_DR3,-7.814774347934136,0.5958752149829354,-6.397961424958919,0.011463583447039127,0.46722077914283483,0.01092175766825676
Gaia,DR3,5607719209595491328,106.21751272951333,-30.065482037042408,18.641925811767578,0.19706153869628906,2.9716512905463546,12.457032648559176,63.47210634772478,33.9037035617331,,,3.6306336137730906,nan,,,0.9852017760276794,,None,-9.300328105215982,-7.058183637037275,-7.075836934149284,0.12387768179178238,-7.532153157484206,0.15144817531108856
Gaia,DR3,5608194542219276672,102.45797348386776,-30.58984254896695,17.271291732788086,2.359285354614258,3.0745597477458086,12.710665036071187,57.77636245285995,34.626239642169764,,,3.840033708048852,nan,,,0.9809452295303345,,None,-8.502302477357713,-6.907324805534701,-9.625920680216868,0.06295822560787201,-4.686478643506209,0.07160881161689758
Gaia,DR3,5606803243398790912,108.5275407064178,-28.410150197876934,17.126083374023438,2.8270816802978516,2.0857607851473334,14.000810169781788,68.87993122962409,33.17515771393943,,,4.881066142161086,nan,,,1.0068563222885132,,None,-13.519451162072937,-10.743190240921553,-13.931030391131078,0.04486647993326187,-8.636822864996653,0.06058834120631218
Gaia,DR3,5610321822349129216,107.84301768344686,-26.37773624241031,16.050790786743164,2.432483673095703,4.033461634502241,16.036417401052894,69.69835894577525,32.92323968926594,,,4.498332960996091,nan,,,2.063997983932495,,None,-12.183954292998711,-10.945621095085261,-12.26056812206523,0.05706949159502983,-14.769760341933047,0.06793694943189621
Gaia,DR3,5610452595508675712,104.91168186997918,-27.928111164519837,17.51776885986328,0.7109184265136719,2.779155407209194,14.740880031467892,62.87156085836088,33.77524088730684,,,4.125572443008078,nan,,,1.0494436025619507,,None,-10.07505855764765,-9.005053782960616,-11.116257343227447,0.06399902701377869,-6.82374475348187,0.07369305938482285
Gaia,DR3,5608760923849321600,103.60308690844079,-29.338649475473595,12.219125747680664,0.9484968185424805,3.8761823930336283,13.608197413348291,65.19753891117188,34.244502000491146,28.983591079711914,0.669965922832489,4.762757997142383,nan,,,0.9240849018096924,,Gaia_DR3,-11.054584708218872,-9.43045363433758,-7.702413650450901,0.009152336046099663,-11.407649009181062,0.012240984477102757
Gaia,DR3,5609697501600849664,107.2585846235189,-28.07948818702654,18.78326988220215,2.9012680053710938,3.5427072349338395,14.355229541456639,62.41993838295857,33.365699082274574,,,4.417713964756872,nan,,,1.0033644437789917,,None,-11.733312986931164,-9.776673430525662,-9.120097938029502,0.13716602325439453,-7.762571686622456,0.1613888144493103
Gaia,DR3,5605902919467786624,108.84828448931168,-30.717913430446313,18.724763870239258,,1.2865213090197885,11.70002111084113,62.44650481258423,33.50487288841972,,,4.899659045996232,nan,,,1.0389395952224731,,None,-13.710847443050497,-9.433643964005682,-13.6529285278431,0.18754951655864716,-10.76122560499942,0.1895241141319275
Gaia,DR3,5605973872334395904,108.56053533885746,-30.32465179710496,13.349337577819824,1.1474542617797852,1.5639552436838575,12.086894279158042,66.2037037195916,33.49868086149803,31.744218826293945,1.5203938484191895,3.5388663059787344,nan,,,1.0211963653564453,,Gaia_DR3,-9.812269187221217,-6.960136285835899,-10.119382183334533,0.010128136724233627,-8.085747032398862,0.011695708148181438
Gaia,DR3,5607358393690133504,102.85864866371207,-31.31360294570358,19.976451873779297,2.797395706176758,3.6339446250240792,11.91315350736372,53.346387863686196,34.667948027511756,,,4.437290436845173,nan,,,1.0307226181030273,,None,-9.991170407134554,-7.607610052573835,-10.910430167974503,0.35443928837776184,-4.334982021785806,0.42673367261886597
Gaia,DR3,5570539636220611968,99.30646487397685,-40.7705928519826,7.349135875701904,1.2083563804626465,2.6512178458131093,6.920529688969713,64.79607898826586,35.99606709727883,-0.20018216967582703,0.1194324716925621,3.3068774456069345,nan,,,0.958644688129425,,Gaia_DR3,-6.334036874321374,-1.339882687790044,-6.148474705492799,0.015108337625861168,0.499003403186852,0.015877531841397285
Gaia,DR3,5569509806142064000,100.22945783783179,-41.46245778332027,14.371444702148438,2.054178237915039,1.3320717359811143,6.076487177637837,45.243780301023854,35.90449749668787,13.479162216186523,3.7429018020629883,4.80127150044965,nan,,,1.4570938348770142,,Gaia_DR3,-9.619528151674336,-1.6053635567843358,-10.406917913801738,0.022440358996391296,-2.6998201592857427,0.028820808976888657
Gaia,DR3,5569466027538752000,100.69783340549286,-41.64673369555042,19.227943420410156,2.920856475830078,3.727826493739285,5.697370469804555,62.6271640745743,35.85074701267075,,,3.299878792002824,nan,,,1.055613398551941,,None,-6.758347092440232,-1.059279801661152,-4.194393483989548,0.20336349308490753,-1.4480034206730976,0.2502235472202301
Gaia,DR3,5609118063268925440,103.8848032112723,-28.208153882767824,16.988073348999023,2.5496931076049805,4.221976311195061,14.646033590047926,62.59994471001927,34.00470467861484,,,4.290314381624292,nan,,,0.9886656999588013,,None,-10.070276254423812,-9.128088478261532,-13.832416694206504,0.046552982181310654,-8.474275508162037,0.05657999962568283
Gaia,DR3,5609991724035898624,109.13672291660646,-27.32630118792493,9.45299243927002,0.602290153503418,3.115891017502105,15.098801927954264,67.6902875773495,32.846625020953766,16.669904708862305,0.27195343375205994,4.613264245301683,nan,,,1.0424695014953613,,Gaia_DR3,-13.027529689870367,-10.825608400358167,-10.890623024603007,0.01044097077101469,-8.677076250392513,0.01387812104076147
Gaia,DR3,5613246901237520640,112.20159378206498,-26.81462409681652,11.206073760986328,0.8082084655761719,4.571640529725148,15.91714301114293,67.63381029009125,32.07646033142104,58.941505432128906,0.2808775305747986,4.217986545653148,nan,,,1.254869818687439,,Gaia_DR3,-13.03956962473231,-10.459756533139846,-15.521508753664614,0.014545162208378315,-7.240313462367908,0.020170386880636215
Gaia,DR3,5608396848061185152,101.93853389952248,-30.421414463962325,17.85125732421875,2.7458744049072266,3.6743249700412295,13.026016328491046,62.93895148634946,34.68217543519247,,,3.706556570685598,nan,,,0.9801669716835022,,None,-8.02589948349169,-6.70953042277103,-8.352087104380251,0.08352938294410706,-3.8570784476438624,0.0774557814002037
Gaia,DR3,5608116889211048576,102.88335615059894,-31.137491205143522,12.299527168273926,0.8935451507568359,4.024608693103995,12.071902790720653,57.38327163654684,34.638861131649136,39.93665313720703,0.6761674880981445,3.754952100774883,nan,,,1.006296992301941,,Gaia_DR3,-8.463464938012123,-6.5240224874800425,-7.217516082393818,0.00997045449912548,-9.456082073390224,0.011885588057339191
Gaia,DR3,5591482991975945216,113.05461728065063,-34.005072113784074,19.430301666259766,2.8876094818115234,2.4986718365469205,9.193155035029989,47.397494437393135,33.11259097723459,,,3.706515063652258,nan,,,1.0244635343551636,,None,-11.72863061048928,-6.076426610931723,-13.007951506273418,0.2408302277326584,-7.551268952031447,0.27931275963783264
Gaia,DR3,5604789182913853696,109.85636550289075,-32.06613429664459,15.590352058410645,2.1677703857421875,4.569020617187127,10.416896214454797,49.08694650789064,33.50940345841537,,,4.5039360571886,nan,,,1.005907416343689,,None,-13.005075671889966,-8.039944519226644,-17.32153871278353,0.02594330534338951,-8.473386923360145,0.02979668788611889
Gaia,DR3,5605048598938282112,109.42740576689431,-31.635992837619895,14.365303039550781,1.9207773208618164,4.369299721500725,10.810912593527195,46.2732556192915,33.53161030860874,54.37016296386719,8.488898277282715,4.148884293697319,nan,,,4.115903854370117,,Gaia_DR3,-11.822899376094421,-7.579370451216825,-8.009974609579132,0.057154580950737,-7.323425838411584,0.07107421010732651
Gaia,DR3,5572340052151083264,92.17825285149951,-41.36534697529894,16.669111251831055,2.4280900955200195,3.3651103840425836,12.030117974532832,65.6220243623189,36.708833610208345,,,3.546170686518206,nan,,,0.9809691905975342,,None,-4.325763466484316,-0.6996048584913602,-4.072877800734421,0.04934204742312431,-3.2025121573988518,0.05305930972099304
Gaia,DR3,5572666774607119360,92.68513342713828,-41.291870004962654,19.350135803222656,2.7218666076660156,4.6955427525124644,11.669273626006216,57.129480169318015,36.668375280487304,,,3.7123720101195556,nan,,,0.8744118213653564,,None,-4.714912382607427,-0.7962408001383552,-5.173435534287117,0.27173420786857605,-4.442278888306895,0.2583743631839752
Gaia,DR3,5571388356117349504,91.86284623545741,-43.05410390872515,17.621110916137695,2.683683395385742,1.297831048391432,12.072558325154972,53.143771302590636,36.7434127709426,,,3.937633828592842,nan,,,1.0966943502426147,,None,-4.680063551546224,0.13992208274110496,-4.699698386743211,0.08826611936092377,-0.93721915518476,0.102210134267807
Gaia,DR3,5571616951456857344,93.24808765084695,-42.46899131199962,9.721158027648926,0.6201534271240234,4.733613540058621,11.094782938460352,49.09006666555294,36.63693242929651,13.709835052490234,0.2504524886608124,3.928291541521487,nan,,,0.9393570423126221,,Gaia_DR3,-5.207756229272959,-0.2519714143191858,-1.4163647011887235,0.012839936651289463,0.743957420298321,0.014276169240474701
Gaia,DR3,5611971502108157824,112.92487787297667,-27.81805632776811,16.169586181640625,2.562053680419922,2.07447140293186,15.067397931136178,64.29611356487834,32.11214828070411,,,4.287463226927326,nan,,,1.0239472389221191,,None,-13.519590583785247,-10.201225938667971,-12.30044196086463,0.031211191788315773,-8.776702304104525,0.03798409551382065
Gaia,DR3,5609896551865889664,107.97613149292324,-27.785642249115867,13.926169395446777,1.7482175827026367,4.828565841351672,14.626508823117188,66.05918047694287,33.17026300682714,18.565561294555664,2.3545305728912354,4.6170976929659915,nan,,,12.283892631530762,,Gaia_DR3,-12.560746725017543,-10.456913614734983,-7.949562110550581,0.11300097405910492,-9.548612815586283,0.14290165901184082
Gaia,DR3,5609248114880046720,106.9108174787447,-29.641774683470874,18.762861251831055,2.4840240478515625,2.482718390207522,12.81689253678169,56.626121607380014,33.70534525444203,,,4.4275311474745225,nan,,,2.623914957046509,,None,-11.62027897407693,-8.91004533013052,-13.668372131525718,0.3549319803714752,-7.826003107329766,0.41852596402168274
Gaia,DR3,5610321822341546880,107.8431055060868,-26.378076458614117,16.92721939086914,,2.9524692874171636,16.036075580393742,69.34523124713716,32.92329054945761,,,4.462830692089793,nan,,,1.1840698719024658,,None,-12.087829832919077,-10.859058972342904,-12.632911419964394,0.06765773892402649,-13.582763475953117,0.07418173551559448
Gaia,DR3,5611033824839879296,106.79326583368827,-26.418164253909456,16.964767456054688,2.323716163635254,4.7989013336966995,16.039166587582283,68.50902088667355,33.13837492880087,,,4.096179404548632,nan,,,1.2571356296539307,,None,-10.707037712618742,-9.858137968122865,-13.540676745743642,0.052964188158512115,-6.834461229279181,0.07831625640392303
Gaia,DR3,5575139267020077056,96.00520333753855,-36.85373934315417,18.35799789428711,2.907550811767578,3.491281706435039,10.963381327889012,49.169232990111354,36.164643431810255,,,3.8929554019298527,nan,,,1.0797467231750488,,None,-6.214376168802027,-3.356627994468659,-8.941442125764278,0.15960846841335297,-4.235552498916981,0.14846840500831604
Gaia,DR3,5573149808105232384,92.65978067701944,-39.380336475861114,13.056884765625,1.1068906784057617,4.822755985265557,12.185943426782647,57.600956810857575,36.616112186723875,30.35394859313965,1.2717524766921997,3.7634184349592816,nan,,,0.9654871225357056,,Gaia_DR3,-4.77030095575573,-1.7764269706550433,-1.4871015418892455,0.011513033881783485,-3.7412437494534676,0.012191946618258953
Gaia,DR3,5573513746453788032,94.90463334104666,-40.51665390402254,16.12133026123047,2.167268753051758,2.809284124823834,10.204839650200187,43.72517055884622,36.45867476399219,,,4.091561700381137,nan,,,1.0153255462646484,,None,-6.091114910643071,-1.4477430990112974,-8.282433950395722,0.03946716710925102,-0.413498130554205,0.04586361348628998
Gaia,DR3,5612733841625357056,111.27745376253996,-27.488486144542478,11.968881607055664,0.9565277099609375,4.675483666822475,15.11658836827932,64.59393983129233,32.4194807227591,59.0783576965332,1.4199695587158203,4.0967770558789365,nan,,,6.055909633636475,,Gaia_DR3,-12.338105133162157,-9.739384672370951,-13.933746935069607,0.054336968809366226,-6.03008408627452,0.07314145565032959
Gaia,DR3,5574807424963492480,94.35381736658377,-37.968984730671366,15.506523132324219,2.151614189147949,2.841040291659633,11.525287878371604,50.276371119390184,36.4005930709661,,,4.316773657232616,nan,,,1.01856529712677,,None,-6.192995916860145,-2.964362856792458,-7.954165721075027,0.028882132843136787,-1.0715920564852244,0.03021492436528206
Gaia,DR3,5575917107074513024,101.63158939079943,-39.66471641701646,14.791332244873047,1.7625293731689453,0.22675464163108963,5.728643772632195,25.060895907081424,35.65223860214688,11.721229553222656,3.695038318634033,3.998673368876607,nan,,,2.6237952709198,,Gaia_DR3,-8.542790843985394,-2.415760209121696,-8.72473333870221,0.05112886056303978,-2.4743556081625036,0.05349129065871239
Gaia,DR3,5575956689493416576,100.84044606047982,-39.566709305160146,18.368587493896484,2.8442020416259766,4.638209456287974,6.305576075880617,27.716336004412234,35.75320357441864,,,3.984045523045611,nan,,,1.0296684503555298,,None,-8.213461356988898,-2.3846202873313027,-6.286520549675643,0.13292433321475983,-5.770179543372322,0.15756431221961975
Gaia,DR3,5576356396329348480,102.2619697548107,-38.69505834140428,17.392681121826172,2.646272659301758,0.7284654092329141,5.901236931094356,29.690181016641162,35.51049305554734,,,3.8350023764348466,nan,,,1.1218520402908325,,None,-8.420630294974508,-2.861783158547278,-9.009376231843408,0.07130587846040726,-2.8469411739304924,0.08763225376605988
Gaia,DR3,5576699959353116544,100.05045213897581,-39.091969948490295,17.646705627441406,2.62310791015625,3.612470182971439,7.071995570556261,30.87231616062938,35.83114657822107,,,3.9947696101853665,nan,,,0.9931445121765137,,None,-7.935556619627676,-2.5702972291833475,-7.650855916319778,0.08657751977443695,-5.599143111587503,0.09021677821874619
Gaia,DR3,5578428013676617344,106.4116813715048,-35.9448038427878,16.762937545776367,2.871967315673828,4.818856713373808,6.628328843389601,65.79979707851088,34.63593865405623,,,5.3866428149321965,nan,,,1.0676625967025757,,None,-13.893700575358114,-6.49817429116253,-8.48596744423446,0.04708229750394821,-7.334970776068042,0.05085664615035057
Gaia,DR3,5578585484353993216,104.66967972349462,-35.79767996813032,20.04722023010254,2.5592098236083984,2.5252766875867314,7.185732255065822,63.69633295508362,34.91336009391816,,,5.292367629965877,nan,,,1.02299165725708,,None,-12.80650859165602,-6.248444406975031,-11.429329088284291,0.42834794521331787,-3.7905623604757945,0.48310261964797974
Gaia,DR3,5579596137402685952,104.83329862977365,-34.246998351124084,18.160070419311523,2.754312515258789,2.9757930715797194,8.602070005875122,46.534539842295864,34.721954239765026,,,3.673610843604998,nan,,,0.9932875037193298,,None,-8.94481580025027,-5.082165361828531,-6.681125128533939,0.09736908227205276,-4.650099483380559,0.11509068310260773
Gaia,DR3,5579699594575236992,103.24592249881916,-34.57380514743031,19.106489181518555,3.0311050415039062,3.960551389281028,8.774091415802346,43.08729149669554,35.01416770096223,,,3.777309211433206,nan,,,1.0340404510498047,,None,-8.641705857013987,-4.927492094366946,-5.92632038309748,0.19742421805858612,-3.3234586849338354,0.2196180373430252
Gaia,DR3,5580288593507030528,98.4069215328737,-37.150248426665726,14.938470840454102,1.9497013092041016,4.226794529422125,9.235744695358703,44.632072585025185,35.91401196243528,25.933237075805664,4.28221321105957,4.488428464736406,nan,,,1.0157216787338257,,Gaia_DR3,-8.209556928767164,-3.887436378725101,-4.588203846436235,0.020420918241143227,-2.1900433903291456,0.02306078001856804
Gaia,DR3,5577551015712306432,100.33714763211927,-36.899692508651775,19.090116500854492,2.8462696075439453,1.5493219770469076,8.236830199726993,67.92157461898478,35.650305221472145,,,3.310369422458364,nan,,,1.017368197441101,,None,-6.666375853119538,-3.1054327021025223,-6.848710427667252,0.22137761116027832,-2.0397095087112875,0.2526005208492279
Gaia,DR3,5579736703092335872,103.49504002053294,-34.19284037607728,12.089258193969727,1.0797033309936523,3.9790888366385193,9.03722269191347,38.75629532335201,34.93307502862163,-4.034594535827637,0.5577351450920105,4.126286486146921,nan,,,1.8912291526794434,,Gaia_DR3,-9.535835544976575,-5.608443854181836,-8.103848150961786,0.020500097423791885,-8.759592578375305,0.021722571924328804
Gaia,DR3,5581019936241709184,99.39537322740786,-35.19686119813179,20.120880126953125,2.8763351440429688,1.7477342385536363,9.998548010059388,63.082650828457524,35.62778388781482,,,5.087877401281795,nan,,,1.0906919240951538,,None,-9.788689087408432,-5.812892640596167,-11.28579191892871,0.5807006359100342,-4.684742405429782,0.44822168350219727
Gaia,DR3,5582148864101319296,98.09819445019467,-33.60239729719407,18.585203170776367,3.131071090698242,2.3185909357268746,11.907080619639228,51.53008853629818,35.62970652918835,,,4.288714771230622,nan,,,0.9991694688796997,,None,-7.716700913851537,-5.694785728055789,-9.795741628477659,0.15487265586853027,-5.9628235261284335,0.1736924797296524
Gaia,DR3,5582224421168648960,101.5219464579771,-35.297820743647044,10.320114135742188,0.6552486419677734,4.224122355860985,8.850676100334002,53.43448982405908,35.34644975209528,-3.6439671516418457,2.893442153930664,3.5548921188248945,nan,,,1.9694160223007202,,Gaia_DR3,-7.557918842244341,-4.1687775391962525,-8.994848916904383,0.030563946813344955,-1.3481088918143587,0.035416699945926666
Gaia,DR3,5611803689146964736,112.1736065885102,-28.827260293961118,13.590082168579102,1.3514165878295898,1.6136253584707172,13.938193727099977,61.66599034471381,32.47579035609361,7.796328544616699,1.8852342367172241,3.907705402641045,nan,,,23.41037940979004,,Gaia_DR3,-12.070966969341656,-8.75287530788985,-13.222493004982493,0.21022547781467438,-8.08882114730656,0.28102660179138184
Gaia,DR3,5584499138925697024,112.84400779891769,-41.35194354024227,15.547931671142578,2.0563430786132812,4.211244747006494,3.5431572603180292,39.26321481909201,33.87580186429186,,,3.5419632881634557,nan,,,2.431844472885132,,None,-11.144405363220233,-2.568078949207859,-8.19915917881222,0.12166192382574081,-3.669506752274698,0.103825144469738
Gaia,DR3,5584761509887869312,111.92799912244921,-40.55615622863346,20.33527374267578,2.28546142578125,1.372724953211987,3.288466501513076,15.170756611125038,34.003714896930916,,,3.9731482261470563,nan,,,1.0159200429916382,,None,-12.189183072596109,-3.146433457136592,-12.038625775609292,0.5213249921798706,-4.286299774704992,0.525590717792511
Gaia,DR3,5585330232282278784,112.91970715253153,-39.12091173717715,14.208854675292969,1.5893945693969727,2.9454555674112823,4.799776502501424,20.740980901125187,33.70101825677041,32.832027435302734,2.966855764389038,4.034829520813752,nan,,,0.958125114440918,,Gaia_DR3,-12.721187374776424,-4.056254149759633,-11.519822283872188,0.014640274457633495,-1.8577280620123873,0.015477927401661873
Gaia,DR3,5584870361541677440,111.71229202774195,-39.9187603905253,16.40306282043457,,2.5611800267256104,3.5769305854505973,26.28103455318387,34.001714022080044,,,4.447815693831027,nan,,,1.018454909324646,,None,-13.562677561944172,-3.844169671583156,-12.762236879556385,0.12828482687473297,-6.108320788922824,0.06456232815980911
Gaia,DR3,5585358299888850432,113.6400424636787,-38.63242956770036,18.718719482421875,2.957315444946289,1.8549643424229623,5.541984227722269,24.410598268061833,33.510954847751485,,,4.1647059947458205,nan,,,1.0108814239501953,,None,-13.385197442207586,-4.543154217455168,-12.112848126411286,0.145898699760437,-3.526578597741327,0.1812478005886078
Gaia,DR3,5598042442120857728,115.56923904036965,-31.84194440939034,18.892841339111328,,2.6987843921776773,12.040840142505385,63.2633023331757,32.21767517923707,,,3.597020280154793,nan,,,0.9881263375282288,,None,-12.140344439349855,-7.113445141432254,-10.104783543443286,0.23850569128990173,-7.3243325068632394,0.19017475843429565
Gaia,DR3,5586567148502457216,111.77027638654066,-36.68619246828965,11.381956100463867,0.814906120300293,3.891453136655157,6.316239291244048,37.76498544615776,33.704840409906666,15.382286071777344,0.4394078254699707,4.569335236614447,nan,,,1.3553962707519531,,Gaia_DR3,-13.956092470447425,-5.799450806532807,-14.297811822264824,0.020506633445620537,-2.066571109611825,0.023044191300868988
Gaia,DR3,5587665320097844736,116.0218786453345,-35.66910071423987,19.924060821533203,3.1962814331054688,3.8691398392549443,9.013910317074604,38.672299308852985,32.66830833993896,,,4.078485385062268,nan,,,1.0604497194290161,,None,-13.917318955547156,-6.261231972323225,-10.947112706801269,0.39364612102508545,-4.763116687168169,0.5152860283851624
Gaia,DR3,5599452217894928256,112.86831028943125,-30.313169338545556,19.075782775878906,3.0799007415771484,2.691689322763878,12.637966491732023,56.74774364733564,32.585459715794244,,,3.8727005634156715,nan,,,1.003823161125183,,None,-12.193058197002353,-8.057490009003246,-10.575166127490087,0.21918392181396484,-9.544587806176052,0.22437629103660583
Gaia,DR3,5588706145293666304,114.58338471263333,-34.59613503770173,17.028404235839844,2.9307336807250977,4.363425082210193,9.225127670402442,52.21259956042378,32.854799464708385,,,4.777307049808673,nan,,,1.2118924856185913,,None,-15.732754961275486,-7.720915324694801,-11.343260235426204,0.08183690160512924,-7.929004199106708,0.09835710376501083
Gaia,DR3,5590687014271829120,109.61536017068063,-35.16710461053615,18.671419143676758,3.007122039794922,3.5761537751794013,7.314431753169219,43.62035599793616,33.96499970213215,,,4.665727753132603,nan,,,0.9513885974884033,,None,-13.37316380268215,-6.499908778970998,-10.092078667101578,0.14398819208145142,-7.7675346259916225,0.17121590673923492
Gaia,DR3,5591494639927295872,113.3089850953398,-33.6939559654711,19.914907455444336,2.7859764099121094,4.213471777697855,9.561662624418926,59.85602309659901,33.014306612740455,,,3.4863634422762755,nan,,,1.0330432653427124,,None,-11.107324244552114,-5.874924734747524,-13.624039145810988,0.3438873291015625,-7.6793399822431,0.4300229847431183
Gaia,DR3,5592500693060634368,111.86274425519976,-33.1204635472854,10.450488090515137,0.6252784729003906,3.5011374591272726,9.703996110220844,42.929645042045266,33.24579834888722,-5.109748363494873,0.41090449690818787,4.303559968587468,nan,,,0.8937923312187195,,Gaia_DR3,-13.178653353356667,-7.366180734780509,-14.563249821892473,0.013265463523566723,-10.22486766117528,0.013847684487700462
Gaia,DR3,5594050184117435520,119.66730267967571,-33.81151448753545,20.28712272644043,2.7176685333251953,1.537549362605942,12.38457827251973,53.056177067754064,31.52319008743558,,,4.080913363465283,nan,,,1.0259722471237183,,None,-15.117815551728453,-7.687595799856908,-14.727180021512638,0.40853142738342285,-6.423842940506028,0.5122618675231934
Gaia,DR3,5594084608282817280,120.02173873457792,-33.471893495498975,18.5162410736084,3.1417407989501953,4.904773782686252,12.834301388573918,55.008853758660756,31.3787471692994,,,4.247041629572735,nan,,,1.0420818328857422,,None,-15.850557747917716,-8.221688892316909,-14.011631185475771,0.13654646277427673,-4.2339334595102365,0.16347846388816833
Gaia,DR3,5609359917166579328,106.76309512858205,-28.985345800460074,13.269460678100586,1.1860227584838867,4.972434107496432,13.481741964366863,65.24063451505508,33.62182754071883,-9.535320281982422,1.482899785041809,3.694762025481388,nan,,,1.0913362503051758,,Gaia_DR3,-9.647671065115663,-7.723802107951465,-8.151345229057338,0.009695791639387608,-4.151535182906335,0.011505361646413803
Gaia,DR3,5612993395087891072,110.10204504939496,-27.087923417419564,9.458244323730469,0.6872940063476562,3.904561063758448,15.392064080892714,67.82437258646996,32.596225943090914,,,3.913407092074269,nan,,,1.2075921297073364,,None,-11.384441799071285,-9.382104135889845,-10.063711776217533,0.011150140315294266,-6.44410431047124,0.01672259159386158
Gaia,DR3,5602957117361246720,107.10484855727154,-33.46655170169694,18.389310836791992,2.9152870178222656,2.8174645343348397,8.992577812995723,38.892777491181825,34.23136517345545,,,4.020032442445537,nan,,,1.0074321031570435,,None,-10.62129612292795,-6.185101930920763,-11.551911133368417,0.10804102569818497,-3.9862259526633164,0.13487163186073303
Gaia,DR3,5603612735528104576,105.65100253192642,-34.01795228331592,17.892839431762695,2.9617385864257812,2.24328464367978,8.645030360272349,62.96167623179852,34.55681503208689,,,3.393204729337838,nan,,,1.000207781791687,,None,-8.51671271384107,-4.860546983060134,-7.378115881155046,0.09132938832044601,-5.991282727247965,0.09603647887706757
Gaia,DR3,5603994579599952768,104.8111832680108,-32.60463852803278,15.331141471862793,2.085810661315918,2.5375003848303077,10.185945631414004,50.018525574403256,34.52348291306264,50.830780029296875,6.252364635467529,4.582145607911057,nan,,,1.0518845319747925,,Gaia_DR3,-11.147660075457376,-7.296048994195155,-13.460395775753954,0.024869289249181747,-8.108016298144587,0.02549978718161583
Gaia,DR3,5602578026368045056,106.580966331913,-34.79372250027442,18.89797019958496,2.624361038208008,4.586518004528973,7.733304916366094,55.59725875280546,34.484312623543964,,,3.460441622586938,nan,,,1.0286891460418701,,None,-8.978672316118953,-4.696667864811964,-7.936750121915703,0.16843533515930176,-7.87614629784881,0.23433071374893188
Gaia,DR3,5608044424524724864,105.17238237169764,-29.390516657717864,16.66628074645996,2.6850757598876953,2.9349904245507092,13.260968287865783,56.69917856603977,33.98219063021263,,,4.233296540042572,nan,,,5.977324962615967,,None,-10.439587331950323,-8.49061905266997,-10.28279668726528,0.2707277238368988,-11.105170432839625,0.34782394766807556
Gaia,DR3,5608191926582850816,102.41107542485638,-30.674118212452647,19.964948654174805,2.8292160034179688,3.551228280802556,12.645405920990237,66.91308315494021,34.64612626950371,,,3.5693358998374403,nan,,,1.003512978553772,,None,-7.887245702441822,-6.378750159260699,-8.3571956487552,0.3505263328552246,-9.009228653769409,0.3842170238494873
Gaia,DR3,5605300868139628544,111.03622295521367,-31.097845358747552,17.634090423583984,2.707468032836914,1.7374988985102122,11.520355662743402,49.469334312637024,33.11593146397469,,,4.060636597065041,nan,,,0.9671082496643066,,None,-12.144193938062784,-7.8595860093342225,-11.82140634247564,0.07097084820270538,-6.407695683209727,0.07956364005804062
Gaia,DR3,5607032495867744128,104.56062346372397,-32.03195515557268,16.073699951171875,2.360231399536133,4.459541665056153,10.793735714727685,47.8538255808049,34.48886714198375,,,4.353031505430284,nan,,,0.9879050850868225,,None,-10.489704678961724,-7.223304055065915,-13.024124692071256,0.033791862428188324,-10.436415950243372,0.03894303739070892
Gaia,DR3,5608044424521351936,105.1722294369031,-29.390593074554296,17.04776382446289,,2.767466422989486,13.260916471948159,61.39297555391629,33.9822304987981,,,4.625587731534507,nan,,,1.0866981744766235,,None,-11.406938214463443,-9.27736870780494,-11.670932667535673,0.17423485219478607,-6.591699613329641,0.29151177406311035
Gaia,DR3,5612908629600818432,110.64355577211187,-27.537197780728228,19.75939178466797,2.7422657012939453,1.4511921760088813,14.994168664157517,64.8482459882305,32.567826439807234,,,4.0031041290659015,nan,,,1.035080075263977,,None,-11.835168242139835,-9.4323128440956,-11.659859808668028,0.2645193934440613,-10.644353449181303,0.3410177528858185
Gaia,DR3,5612974630366050432,110.35782799164944,-27.28668092474707,18.23809242248535,2.8237476348876953,3.471479067963526,15.215613061235958,69.66253119212685,32.58052994026246,,,3.7917489020625843,nan,,,1.0334982872009277,,None,-11.115565525490874,-9.022599935871257,-8.375207063111441,0.0998295471072197,-9.458991792847078,0.12637344002723694
Gaia,DR3,5613094825034997504,111.4492725985005,-26.598717240376992,15.850008010864258,2.19924259185791,2.8650521934956177,16.01918582132732,69.51635807687899,32.202191191370794,,,3.9806710409891286,nan,,,1.895102858543396,,None,-12.047701151818544,-9.901102479161752,-11.169927742213172,0.043219488114118576,-7.662811723031954,0.05506722256541252
Gaia,DR3,5611955623607800960,113.12838547820212,-27.895563776261007,18.852388381958008,3.0922012329101562,3.786892862988434,15.034190606314088,64.97639454153087,32.08032361583842,,,4.00704810104226,nan,,,0.9826626777648926,,None,-12.70474902000779,-9.51835702982272,-9.666682614639742,0.14223766326904297,-8.5168432838905,0.17939074337482452
Gaia,DR3,5612183737908639616,113.94823954266424,-27.439459469260658,18.884113311767578,3.0058975219726562,2.7143054346425446,15.660092395754434,66.92728420320977,31.796704589959077,,,4.3375131173193635,nan,,,1.1166421175003052,,None,-14.053341777412752,-10.628359096402408,-15.607914213713455,0.15342329442501068,-8.693593512244764,0.201703742146492
Gaia,DR3,5616000314568641152,110.01363139685667,-26.963158814377625,17.490537643432617,2.6957149505615234,2.153521581163755,15.509687062474514,66.21609186997198,32.59034260454683,,,4.10482372437495,nan,,,1.0043176412582397,,None,-11.909412863893387,-9.894106480044691,-11.167102894116276,0.06048079580068588,-8.184808806522081,0.08411524444818497
Gaia,DR3,5616102637868413184,109.6897369052592,-26.333730583101346,18.876577377319336,3.072988510131836,3.8282810372785496,16.116175362597005,68.52201524650015,32.5321935278744,,,4.168329886323666,nan,,,1.023999810218811,,None,-11.97483596556394,-10.331201936634201,-15.337275936658429,0.14021287858486176,-10.433948199884284,0.17739634215831757
Gaia,DR3,5519946089716228480,125.07923032749456,-45.028266437949554,16.245454788208008,2.2211532592773438,4.08744662711025,12.381294768759727,54.20778326783504,31.420673535818615,,,4.367766480137021,nan,,,0.9520114064216614,,None,-17.95258384003506,-3.5622669744893942,-16.868948715657307,0.039556052535772324,0.04194968962832725,0.04386400803923607
Gaia,DR3,5520799963576820352,121.20883780737368,-44.26141971129155,18.25774383544922,2.7043914794921875,2.339992289590326,9.55837046008944,49.18979834078736,32.27620678713127,,,3.697625629107872,nan,,,0.9315702319145203,,None,-14.138286448557656,-2.6516420223450936,-12.599792401270506,0.11785618960857391,-1.6718099513262437,0.12095759809017181
Gaia,DR3,5519398017527624192,122.73544038283191,-46.49069197263547,17.72212028503418,2.283365249633789,4.53332778879899,11.062243041247108,67.8873060320315,32.04648925182692,,,3.4398311378992434,nan,,,1.1017478704452515,,None,-13.548895697478251,-1.811888903834518,-10.347786448894576,0.10092431306838989,-2.559919747927897,0.12153539806604385
Gaia,DR3,5322989364933794560,127.73890734530927,-50.0039241469996,18.3828182220459,3.036174774169922,3.2972347327424867,15.381382641265471,69.44366077209548,31.042988552959482,,,3.8299982361713236,nan,,,1.0813173055648804,,None,-16.45527859527402,-1.4827248581183268,-18.739378426110903,0.14103901386260986,-0.1151845752408395,0.17916829884052277
Gaia,DR3,5522816016915025536,128.43831382486536,-44.32348639366753,13.181845664978027,1.2447500228881836,1.690180244214625,14.725667295152485,63.12302141458504,30.530053346860736,38.352439880371094,1.3593754768371582,4.066420808525163,nan,,,0.9655433297157288,,Gaia_DR3,-17.663947321627994,-4.352094313829175,-16.243114912238806,0.011055256240069866,-4.068317249774552,0.011050695553421974
Gaia,DR3,5323182707185004416,128.90437312821388,-48.64564695929255,18.623611450195312,2.9133834838867188,4.881519680849068,15.65965666697987,68.67910677006378,30.714520312765234,,,3.9313962035853334,nan,,,1.0225179195404053,,None,-17.20028101273604,-2.3920868854234927,-20.666447718147055,0.16011594235897064,-0.3056213264828576,0.19274047017097473
Gaia,DR3,5519854757228368128,124.33514230041737,-45.29002142644952,18.055767059326172,3.3132762908935547,4.825146603787142,11.894085327492837,63.91169043955384,31.61486719776393,,,4.9364082565602425,nan,,,0.9325709342956543,,None,-20.024810686025397,-3.6904779739194504,-15.484535976427338,0.12899547815322876,-5.835000922064571,0.12221402674913406
Gaia,DR3,5520461760666777216,122.29385880414846,-45.085519255310665,17.77658462524414,2.902923583984375,4.089568594974961,10.44122818513859,57.61532991827368,32.07679877581855,,,3.585614823491407,nan,,,1.0689265727996826,,None,-14.004634251429582,-2.4057621111645346,-10.993153699876217,0.09851809591054916,-3.1034275842378625,0.12498786300420761
Gaia,DR3,5611868727829559808,111.40652104634366,-28.450265692867955,19.82614517211914,2.832029342651367,2.7145847138874037,14.184093847981522,60.57656933596676,32.575750395310365,,,4.110098267676972,nan,,,1.0646697282791138,,None,-12.42420319036931,-9.311172997377387,-10.668832487010432,0.32996630668640137,-7.745662808218087,0.40565505623817444
Gaia,DR3,5612231021211751168,114.96322217809792,-27.39635587958997,13.128765106201172,1.2154369354248047,4.218740835039345,15.96305918568669,68.11074877128901,31.543219679448285,28.729543685913086,1.1819093227386475,4.331610225810076,nan,,,0.9815908670425415,,Gaia_DR3,-14.402139038567185,-10.751649805696887,-12.80310477010909,0.008504963479936123,-7.246861830687637,0.011681762523949146
Gaia,DR3,5516753348468012416,124.78750278166909,-46.2052497445043,6.736567497253418,1.498288631439209,2.302793344187549,12.36607597273647,66.13113499242219,31.56194398051005,10.878722190856934,0.12162977457046509,3.5626062013501993,nan,,,0.913411557674408,,Gaia_DR3,-14.568481492398789,-2.366258907985574,-14.43528321208742,0.01700662635266781,-0.6419215551458635,0.016437504440546036
Gaia,DR3,5519649324653622400,123.29280407006753,-45.538121122994966,15.95547103881836,2.387216567993164,3.1282951138633965,11.213871329814634,48.02622582677688,31.872654728088467,,,4.091138862266544,nan,,,1.0136795043945312,,None,-16.28354217468361,-2.726916279039168,-13.59155226040013,0.03533327206969261,-2.9070214763608933,0.033980756998062134
Gaia,DR3,5519676090891080576,122.15079178364108,-45.839958458465965,14.721396446228027,1.8209428787231445,4.469521715675767,10.500077191908407,45.37523651318522,32.148061531900886,10.886332511901855,4.226318359375,4.233065687178981,nan,,,0.9965378046035767,,Gaia_DR3,-16.487909311326394,-2.4331962237674007,-14.308568564752465,0.02008558064699173,0.9072293326359193,0.021375251933932304
Gaia,DR3,5526933554824564224,127.91436151234922,-41.21857532914666,14.812767028808594,1.7709541320800781,2.008556820448841,14.63350847451596,62.43202203995122,30.351500449950407,-4.812520980834961,3.8576385974884033,4.262215344685604,nan,,,1.0806751251220703,,Gaia_DR3,-18.363242844360368,-5.930648834069398,-16.770026966413532,0.016939811408519745,-6.7784060260703285,0.018736643716692924
Gaia,DR3,5521099473105872896,124.31570126078012,-43.1978834870126,19.445953369140625,2.8777999877929688,2.991009831915971,11.757827538754864,56.35189988042697,31.46916981835404,,,3.7461954005316,nan,,,1.007569670677185,,None,-15.191357539342373,-3.707351319179094,-15.907002899324437,0.2791031002998352,-5.958440260511965,0.31795915961265564
Gaia,DR3,5521264747751219200,122.744542893337,-42.93080401622207,19.985855102539062,0.15848922729492188,4.940260619302705,10.619254135191474,51.32667445262651,31.827439339763867,,,3.7559173561703614,nan,,,0.990065336227417,,None,-14.796453270856093,-3.552722556150271,-13.122923779314524,0.40988689661026,-0.017173376326966017,0.42710497975349426
Gaia,DR3,5527358477407411712,124.35781392329254,-41.92880732132852,17.802440643310547,2.7706356048583984,4.402627648774887,11.892430894456787,54.3756162817031,31.347032858308992,,,3.836427166619346,nan,,,1.0280128717422485,,None,-15.568991829313479,-4.367413345951131,-12.088136146577678,0.09463607519865036,-3.6177955601362077,0.09979226440191269
Gaia,DR3,5516028942100773248,124.17498492609292,-47.85331309484984,17.492841720581055,2.726583480834961,4.1746256266866,12.419951052362949,66.36143569021797,31.777750352636367,,,4.976016553498019,nan,,,1.1391053199768066,,None,-20.127534548182865,-2.190427523388398,-16.855605990442662,0.08893880248069763,0.720158716039252,0.09910203516483307
Gaia,DR3,5520973029267715840,123.53548156872606,-43.64830243230622,12.408186912536621,1.0778045654296875,4.111049627603705,11.188881581219801,57.66260001995618,31.69316248735299,29.02541732788086,0.8214613199234009,4.767388623761569,nan,,,0.8998816609382629,,Gaia_DR3,-19.060467322534343,-4.288586584990675,-17.397432169275888,0.010373927652835846,-0.506400832041626,0.011576054617762566
Gaia,DR3,5522497712603428352,130.32599138868014,-44.02621665680826,16.291141510009766,2.3380651473999023,1.8899837674310684,16.08332329444303,68.33506995002419,30.00846589237433,,,4.244595773075356,nan,,,1.034529685974121,,None,-18.967554590702285,-5.112834157198764,-19.919273458162284,0.03751534968614578,-6.51078508663828,0.037701722234487534
Gaia,DR3,5523364741940528896,130.20040064915906,-42.862064811324515,19.748010635375977,2.865598678588867,3.218763629255245,16.071399802467177,69.31459305146888,29.92026401541156,,,4.016795285040082,nan,,,1.0005136728286743,,None,-17.916849297308918,-5.327304227884248,-17.729424498516998,0.33593514561653137,-2.6081687189552585,0.3423687219619751
Gaia,DR3,5525920079984916352,126.09513100297706,-44.82470134556856,16.660799026489258,2.5063400268554688,1.8115322996825696,13.078611086691392,57.33403976449856,31.159546436603048,,,4.40389619009503,nan,,,0.9907421469688416,,None,-18.418958618127128,-3.9236595840251676,-17.16567334926829,0.04802456498146057,-5.045144660358133,0.04987733066082001
Gaia,DR3,5532304905345080576,118.55637952264225,-43.49352450732313,16.726116180419922,1.1456050872802734,3.76965811591232,7.578739917661383,35.67661544398378,32.820146745719335,,,3.859200254676312,nan,,,6.613727569580078,,None,-13.958817507356809,-2.6618565394459095,-12.309728286786285,0.5095404982566833,-0.07612853701283231,0.5669289827346802
Gaia,DR3,5519833076234027776,124.49481709940954,-45.559012281342,19.929189682006836,2.4268798828125,2.194662461820287,12.046223703630101,52.348208339098356,31.59358030994005,,,3.9882018733593725,nan,,,1.0162122249603271,,None,-16.224539268486385,-2.8889282903352846,-14.409556618876994,0.37673652172088623,-3.2213242129700665,0.38446781039237976
Gaia,DR3,5520248932145048960,124.23987890362706,-43.99899170438438,18.304149627685547,3.1514453887939453,2.3594155759501136,11.707200851525894,50.46561042579013,31.5499728244488,,,4.256165736045815,nan,,,1.0672613382339478,,None,-17.235903330716617,-3.8007309527274575,-18.604534967910368,0.1306767463684082,-5.415785352675988,0.12906990945339203
Gaia,DR3,5520876345272463872,122.94480334508405,-44.450232740310035,17.59596061706543,1.2966346740722656,3.2306930097555226,10.8127301395828,56.86269953761869,31.888462105158887,,,3.6324421305131693,nan,,,6.566176414489746,,None,-14.364166771069693,-2.823136993194945,-13.428397512299718,0.5853890180587769,-0.5330239930787593,0.5536063313484192
Gaia,DR3,5514849711576147456,126.52414307818376,-49.61578960496229,18.29559326171875,2.8122501373291016,3.883591367094204,14.508632195994837,65.77328192114517,31.306899801213433,,,4.625496523326079,nan,,,1.0735113620758057,,None,-19.484956113330615,-1.6780179756802855,-18.40071004876979,0.15571346879005432,-5.3063756812256235,0.1348317563533783
Gaia,DR3,5526960149255044992,128.0962642014111,-40.97769996336796,19.09999656677246,2.555095672607422,4.328553503778118,14.81638456688318,65.7509083979552,30.27447862019589,,,3.89080513611705,nan,,,1.021742820739746,,None,-16.81114699157559,-5.553481632643096,-14.50968296262975,0.1942325234413147,-2.850078526118383,0.19028326869010925
Gaia,DR3,5527469979059252736,125.14504645699628,-41.62090103824982,14.472294807434082,1.621694564819336,3.292672533744029,12.518512179723277,53.50106087008635,31.118597910535325,65.75800323486328,3.7595510482788086,4.115817788584896,nan,,,1.064956784248352,,Gaia_DR3,-16.93642207376408,-4.98516315642773,-17.838844458169806,0.01655069924890995,-2.2745272229725124,0.017824864014983177
Gaia,DR3,5533254230552756480,121.81624555818745,-43.08262373102267,18.137996673583984,2.7032432556152344,1.6304007018405802,9.936834974390994,64.69669525248649,32.058247115831634,,,3.4288091488422725,nan,,,0.9647829532623291,,None,-13.268748617804473,-3.034132255194967,-13.998471593005124,0.11135967820882797,-3.959530932985896,0.1238967776298523
Gaia,DR3,5533611056442186624,121.01897235788411,-41.73908778314681,19.597517013549805,3.085176467895508,4.965774197197874,9.454839645823085,40.81890691150569,32.14006271744425,,,4.196963289395575,nan,,,1.0106124877929688,,None,-15.986617033477089,-4.22905535841048,-15.537937640389016,0.3059294521808624,0.14150288329457555,0.3834942877292633
Gaia,DR3,5525993747259991040,125.7492455922773,-44.377853811871496,19.643531799316406,3.1800689697265625,4.293313322734616,12.805080372095421,56.37491106267814,31.21095825786677,,,3.9325683193950316,nan,,,1.2263362407684326,,None,-16.35159826188504,-3.6359760019081664,-16.97992393988821,0.3937843143939972,-7.139340831030276,0.3628632724285126
Gaia,DR3,5522304542158008320,130.48535704644144,-44.98056398206018,16.938688278198242,2.481196403503418,4.701655184219217,16.191760931583772,69.8610988327951,30.057684260395202,,,4.453680198717142,nan,,,0.9515367150306702,,None,-19.94781340276994,-4.933542410163365,-17.00542813844678,0.05733231082558632,-8.22418789573124,0.055735692381858826
Gaia,DR3,5520478352119365760,122.68878236634333,-44.94311178719602,17.776247024536133,3.060192108154297,4.546426491795188,10.693845847275437,59.702953177116214,31.978121371819807,,,3.5628139320754415,nan,,,1.104716420173645,,None,-14.020903849891083,-2.5183888550880953,-10.616719267356595,0.11833418905735016,-2.2504065052437783,0.1221877709031105
Gaia,DR3,5520669052968254720,120.4580902227822,-44.81024912899433,15.08499813079834,1.9769182205200195,4.983599051556189,9.113614978696885,40.91658377585375,32.47451504152315,-33.224365234375,7.971205711364746,4.322926628152744,nan,,,2.616692543029785,,Gaia_DR3,-16.27993433040816,-2.6664919865420487,-11.885125575026887,0.05569687858223915,-3.8119649031066416,0.05541922152042389
Gaia,DR3,5520987189787503232,123.29789737349108,-43.613434864895815,15.62197208404541,2.324387550354004,1.8105368806525473,11.016282420818241,65.23737823477731,31.747337158173256,,,5.07718261818833,nan,,,1.0778827667236328,,None,-20.21010215330448,-4.529988976870059,-21.51482166036852,0.032633647322654724,-3.097162291268245,0.03388393670320511
Gaia,DR3,5526167229580883840,127.11229402449597,-43.148703590385935,12.95971965789795,1.0408000946044922,4.968474902565953,13.797448753920664,68.18721360460191,30.763705988707382,29.541296005249023,1.5327295064926147,3.649638083782426,nan,,,0.9795043468475342,,Gaia_DR3,-15.523282076477063,-4.138793313655246,-12.406923354016929,0.013486416079103947,-1.9249867956082343,0.014630296267569065
Gaia,DR3,5522869244453779072,127.17940550190742,-45.03361455612349,14.822015762329102,1.700958251953125,4.595934531407214,13.859767529421891,61.13974344002479,30.90718250234242,12.597771644592285,4.195472717285156,3.91869607245052,nan,,,0.9842121601104736,,Gaia_DR3,-16.68584787991945,-3.61886203677681,-20.455269263001828,0.021841829642653465,-4.073199601336388,0.023604562506079674
Gaia,DR3,5531454781000158336,119.24331028149105,-44.19358292735695,17.91305160522461,2.4633445739746094,4.480548889195134,8.153640213084435,41.69674234149763,32.709146398797884,,,3.7478200191679334,nan,,,1.0257036685943604,,None,-13.759324152783655,-2.381956059337768,-10.446184985325699,0.09293850511312485,-1.135122845809715,0.10543562471866608
Gaia,DR3,5526769860727698560,127.20847661946979,-42.24435741160041,18.626747131347656,3.410785675048828,2.12213658855971,13.950298342112218,65.36948403772242,30.649949949635552,,,3.752132292118515,nan,,,0.9551742076873779,,None,-15.98414337099814,-4.656836822879092,-16.854624322055074,0.1618347316980362,-6.092073154591265,0.1848599761724472
Gaia,DR3,5526913999834580736,128.18979327987233,-41.44576008647023,13.407505989074707,1.229593276977539,4.05259877415202,14.794194238084224,62.97291998286663,30.30366171083326,2.632044792175293,1.4439234733581543,4.193675274101589,nan,,,0.9810448288917542,,Gaia_DR3,-18.14634418326393,-5.786383349912144,-15.445018274148678,0.011760256253182888,-3.432848618150536,0.011512686498463154
Gaia,DR3,5526007697318948736,125.7589281340729,-44.188975774717235,18.10602569580078,2.7774658203125,3.506717064525316,12.804366989619263,56.02933728059181,31.193951462473937,,,4.383015101146947,nan,,,1.0201027393341064,,None,-18.22755995552482,-4.149705000455465,-16.369054066489443,0.11788944154977798,-1.4955530874027914,0.11860838532447815
Gaia,DR3,5526498590596475520,127.57406436129443,-43.1080658820268,19.783203125,3.1765480041503906,4.6840536890865145,14.13633923469967,68.06902267253024,30.640804502165956,,,3.6919532431763007,nan,,,1.09152090549469,,None,-15.820556801454297,-4.290583225824721,-17.41954944566074,0.37643638253211975,-1.0143592910965236,0.42799222469329834
Gaia,DR3,5522899030043214720,126.32652511360985,-45.0726196696868,17.991783142089844,2.8191986083984375,4.275901301860924,13.262498032555715,58.39159706155327,31.120872440448277,,,4.432727954430126,nan,,,1.0244487524032593,,None,-18.611610563884092,-3.8763501618321747,-16.53500246406002,0.09373603016138077,-0.46268492479221834,0.09978193044662476
Gaia,DR3,5525191206846659328,130.18563204712518,-41.481144777124356,17.21869659423828,2.6218128204345703,3.601739211898456,16.25848328435296,69.47025173985696,29.764142950785132,,,4.365234231730163,nan,,,1.0221673250198364,,None,-19.466864376173113,-6.448399091030376,-19.31154615294006,0.06659276783466339,-3.137592922385968,0.07136740535497665
Gaia,DR3,5533574222802444032,121.71110266067807,-41.836619422252014,18.800931930541992,2.9118576049804688,4.874675343488734,9.952164632662459,59.53093027544842,31.984505459228487,,,3.515354070607177,nan,,,1.0092355012893677,,None,-13.575671943283897,-3.610297580813163,-14.877439324143838,0.16505134105682373,-0.24051254689160043,0.17398199439048767
Gaia,DR3,5528009422652138368,125.98719249326385,-39.74166863403933,18.030353546142578,2.9583568572998047,3.8883166080828278,13.570242865369039,68.97147353549393,30.691499151545518,,,4.945615054405434,nan,,,1.050440788269043,,None,-20.64703492259423,-7.244271556794914,-24.67223487460009,0.10665563493967056,-7.725817212871606,0.11359190195798874
Gaia,DR3,5532944859778499072,121.32731294283043,-42.98383039113346,16.144784927368164,2.780914306640625,3.805414912377161,9.580989400729464,67.91525193627812,32.16493639451598,,,5.289076742399431,nan,,,4.077249050140381,,None,-20.27118949161219,-4.623427810641191,-17.407775944615036,0.15690800547599792,-7.754549845176835,0.1796240508556366
Gaia,DR3,5527071234297388160,125.03951812031326,-42.899291903928265,18.259138107299805,2.8334789276123047,3.721885878052197,12.299519635760657,62.91942266399281,31.265247435275914,,,4.84660863006747,nan,,,1.0805909633636475,,None,-19.9069387767423,-5.1340606315889055,-18.877136177732325,0.12928301095962524,-8.794668556143993,0.15632136166095734
Gaia,DR3,5527510214307379200,125.61385495790137,-41.12369544639512,16.28262710571289,2.2066240310668945,2.788460351045874,12.953895733142492,58.92781874249046,30.946878746253635,,,3.83520315341691,nan,,,0.9987992644309998,,None,-15.90992304136661,-4.948846066515609,-15.018519485786573,0.038774698972702026,-7.0196013754041795,0.04132245108485222
Gaia,DR3,5528009426950206336,125.98486176113,-39.74323320450351,16.11907386779785,2.5916481018066406,3.7151576453997834,13.568070502952557,69.4231346776692,30.692307766059436,,,4.9661279319072085,nan,,,3.1066293716430664,,None,-20.731855875144444,-7.272901355977549,-24.592790816218944,0.10455116629600525,-7.7428820527569915,0.11865200847387314
Gaia,DR3,5532689841786839424,119.88987094757296,-44.76344141533695,20.007841110229492,2.7286338806152344,3.848031060483801,8.70897929329933,38.45631878026372,32.597088110946075,,,4.262924801901238,nan,,,1.1174979209899902,,None,-15.866095850066007,-2.5418788660229366,-18.970597093129918,0.5565850138664246,-1.018551026559231,0.48795169591903687
Gaia,DR3,5532913313232577408,120.93128054511064,-43.20102205883509,18.551183700561523,3.0605125427246094,4.714521344709835,9.290917067456315,39.8411490772342,32.271596298822814,,,4.133034428335981,nan,,,1.0059733390808105,,None,-15.715329193258079,-3.4318904593886295,-18.17881816707429,0.1464518904685974,-6.718889201857257,0.15584249794483185
Gaia,DR3,5534079143457330816,120.26477732240909,-41.06485519284227,16.294729232788086,2.246251106262207,2.4638031245547802,9.020055214757466,39.27893420054602,32.2594717517684,,,4.2257142368458425,nan,,,1.0139187574386597,,None,-15.850653341021765,-4.45674029276571,-17.89391798441617,0.04128210246562958,-5.258158861867326,0.04666167125105858
Gaia,DR3,5539517465404391040,123.20674600977237,-41.05776390832427,17.43480110168457,2.454944610595703,1.8877563402130955,11.190203803517234,47.90188302499488,31.54978072768692,,,4.099525331536321,nan,,,1.0819271802902222,,None,-16.290834912203383,-4.861238553795448,-15.994353788451175,0.08254151791334152,-6.4655115704412935,0.09375796467065811
Gaia,DR3,5532360881656576512,118.34285650489618,-43.17890819843091,19.90159797668457,2.8840694427490234,4.444081422022793,7.403888865956105,51.16819939941812,32.84818505521798,,,3.512927017024241,nan,,,1.0855294466018677,,None,-12.646712462227562,-2.524204386985121,-15.9365059549555,0.3976513743400574,-2.4311128363856165,0.5242363810539246
Gaia,DR3,5533009249924362624,120.06877615630671,-43.41863425260237,13.975115776062012,1.6574316024780273,1.1222499480351167,8.669581488469875,58.37003744391697,32.48168046148051,41.25947570800781,2.6254053115844727,5.030265094909169,nan,,,1.0440454483032227,,Gaia_DR3,-18.79204463151371,-3.8506485837921662,-17.610755278863074,0.01459483616054058,-3.706366583149645,0.016175854951143265
Gaia,DR3,5532300580315435520,118.85010912345014,-43.377372954400045,18.857147216796875,3.0745182037353516,4.4936007436019665,7.783169746844396,37.4459915257553,32.74935415822142,,,3.8273260377785037,nan,,,1.0537887811660767,,None,-13.932578858339696,-2.7424824784146287,-11.167046060159338,0.1638464629650116,-5.087026401300213,0.19909831881523132
Gaia,DR3,5532842742637637888,121.22831599994142,-43.60965852899475,19.21172523498535,1.6964130401611328,4.820802755369069,9.518604295658617,47.207317603720426,32.23098643807529,,,3.7453542590087903,nan,,,1.052199363708496,,None,-14.326352692921098,-2.9791291477431594,-10.542817007907601,0.21345213055610657,-3.39483897028626,0.27170994877815247
Gaia,DR3,5527467883115168768,125.26269343020556,-41.62378379922694,17.622594833374023,3.0517501831054688,2.360290184152848,12.604853407358059,54.96324679070729,31.088914923725255,,,4.357088255802624,nan,,,1.113881230354309,,None,-17.965908217335713,-5.300434448865233,-19.67163061562971,0.08387639373540878,-3.962301183550727,0.08129659295082092
Gaia,DR3,5523409547035575424,128.27072170574414,-43.640239976731834,18.456321716308594,2.6760597229003906,3.274285084776268,14.614963971702648,64.75106330656249,30.510915613039778,,,4.530357889336222,nan,,,1.0314347743988037,,None,-19.62799337742297,-5.1565282800947765,-21.802632851424804,0.15163882076740265,-7.403666869113988,0.17442399263381958
Gaia,DR3,5520130700285367296,123.66506867423742,-44.669325774516444,18.038188934326172,2.6004104614257812,3.5279117472457586,11.345815240098403,53.78367814189133,31.73359674958739,,,3.7734593289029053,nan,,,1.0357462167739868,,None,-15.122594137196701,-2.968412378239753,-14.779798585832772,0.115276999771595,-5.753792127476096,0.1271146833896637
Gaia,DR3,5529296164794041984,127.96156416587662,-40.10279349725259,18.68815803527832,3.095386505126953,3.197275011001396,14.924220068792721,66.10491884000744,30.204425526752974,,,4.546052651503833,nan,,,0.928115963935852,,None,-19.600718527431518,-6.9015823576163,-21.371388092369543,0.1418249011039734,-9.402294333607408,0.16231204569339752
Gaia,DR3,5533135414578368640,120.86344706833692,-42.80450386095276,17.58517837524414,2.5737972259521484,3.6040867752758263,9.245681683445758,39.645527126794306,32.259228552882625,,,4.086016333100515,nan,,,1.0071027278900146,,None,-15.515281729768429,-3.5727796917691537,-18.40245498817492,0.08065319806337357,-4.713800323824243,0.09120754897594452
Gaia,DR3,5322781733339268864,127.55239331491875,-50.52894665449844,14.980965614318848,1.9193105697631836,4.411417698742956,15.478278459785102,66.70818371815754,31.10058557642664,8.149109840393066,5.38470458984375,4.023332096741101,nan,,,1.0609978437423706,,Gaia_DR3,-17.234589730732978,-1.2727101254360642,-19.128374286124384,0.02272038161754608,1.9542114140097224,0.02180682308971882
Gaia,DR3,5526282987539991168,125.24927309744687,-43.4105716406103,10.938411712646484,0.7659330368041992,4.1685336409597245,12.43170876254445,63.32266592966517,31.25693547630994,21.496217727661133,0.5970344543457031,4.84682147851875,nan,,,2.1048011779785156,,Gaia_DR3,-19.980613159917198,-4.899007283219437,-17.16751399428916,0.034416791051626205,-1.7009517436436774,0.0321492999792099
Gaia,DR3,5526857516725883136,126.76710871493955,-41.67382338299306,14.920388221740723,1.7728919982910156,1.7258456070101649,13.706367223455905,67.71427487458568,30.705626853132816,-16.018287658691406,4.988678932189941,3.6522025795225623,nan,,,1.0253266096115112,,Gaia_DR3,-15.446795257047537,-4.688318741887965,-14.650757559553696,0.021216433495283127,-3.6243921334166735,0.02026393823325634
Gaia,DR3,5527526569547548672,125.52114574593475,-40.97817119853754,16.839536666870117,2.4435367584228516,3.1865352830291447,12.915069542883861,68.5226125567623,30.9552463719525,,,5.008263131002113,nan,,,1.0086966753005981,,None,-20.74323331262605,-6.523524654851659,-19.31323972631397,0.0575491338968277,-3.478239577619753,0.055663686245679855
Gaia,DR3,5529339354984975360,128.51269372506482,-39.54109192047185,16.609100341796875,2.3146257400512695,3.347588721756549,15.48787131406212,69.80690024138505,29.980151236893306,,,3.8341332333885676,nan,,,1.0288164615631104,,None,-16.6741203099094,-6.161667876186476,-18.327760089565533,0.04146725311875343,-8.303316208760434,0.0480009987950325
Gaia,DR3,5519323937930212992,123.18515538175274,-46.90150089371768,12.860377311706543,1.059164047241211,4.530717537774064,11.477477619635176,58.11483926092842,31.963008544500624,27.091901779174805,9.836000442504883,3.6654574479561393,nan,,,0.9375125169754028,,Gaia_DR3,-14.56006399685965,-1.8361166270729425,-11.131855491393075,0.013222363777458668,-2.546095150289938,0.013372424058616161
Gaia,DR3,5515614799873036928,126.20290845108165,-47.86212700173107,17.42918586730957,2.7894134521484375,3.1031621637054876,13.713544065692265,59.76933073896197,31.314524262103603,,,4.402056527473206,nan,,,1.0771623849868774,,None,-18.44463571671364,-2.408993902999085,-15.795033198056881,0.08152974396944046,-3.5370174001860866,0.08649702370166779
Gaia,DR3,5532895931503925760,121.14474613846764,-43.384752675921504,19.34168815612793,2.8823299407958984,2.787096582758258,9.449592022755548,47.30507007022049,32.23514216868927,,,3.735084866025026,nan,,,0.9758750200271606,,None,-14.263225390607023,-3.0563207133478736,-12.356877317636481,0.2504465579986572,-1.9691917003443178,0.2864645719528198
Gaia,DR3,5515132805762370304,125.34328492260715,-49.09288576128077,16.129676818847656,2.157111167907715,0.7988077799417677,13.59652143748601,66.43768751668995,31.556750017331638,,,3.6744140060211024,nan,,,1.05634605884552,,None,-15.172132524151383,-1.3156739418873977,-15.592073079261876,0.04188145697116852,-1.7701108468660944,0.040664639323949814
Gaia,DR3,5526007697318949888,125.76107635117481,-44.18858581543081,15.683319091796875,2.1562633514404297,3.663743611456207,12.805893608542636,56.68936528784123,31.193390898407838,,,4.435419329902608,nan,,,0.9689351320266724,,None,-18.446167315260865,-4.2000004310493155,-16.216446217562932,0.030839718878269196,-1.5992585489953703,0.02813081629574299
Gaia,DR3,5520461756362529664,122.2921541350468,-45.07878598634379,12.804399490356445,1.0471172332763672,3.900026286159017,10.438886302830387,60.11733670659873,32.07681375592828,25.651521682739258,7.556434154510498,3.5366648593412195,nan,,,1.0559813976287842,,Gaia_DR3,-13.812993582767053,-2.3754405332880406,-10.959096872652596,0.01334444060921669,-2.9323208044040685,0.016485929489135742
Gaia,DR3,5520863529087161472,123.1978397446749,-44.66681932838968,11.963303565979004,0.8995332717895508,3.6803010402599345,11.015283120666389,56.65410296053,31.843142775724566,25.587242126464844,0.3625704348087311,3.655965867177941,nan,,,0.8785164952278137,,Gaia_DR3,-14.525793492929687,-2.793424091469099,-13.420934088536981,0.01079124677926302,-0.18099312792522537,0.011272617615759373
Gaia,DR3,5532355757758535552,118.3021383872631,-43.37021786391237,18.388778686523438,2.994638442993164,3.863820174244538,7.3852514964927725,58.376816444948055,32.868187722496785,,,5.113769281411994,nan,,,0.9513051509857178,,None,-18.393243200292428,-3.5471682467680132,-17.827241253174886,0.1330326944589615,-7.67386307467544,0.15861117839813232
Gaia,DR3,5532609298266368640,117.49405601184961,-42.68849266206519,19.239765167236328,3.1294937133789062,4.594269743599972,6.774591460517605,31.308257808793797,33.00191213880127,,,3.899168910936645,nan,,,1.0126276016235352,,None,-13.772193814415708,-2.8932278947917704,-10.210804649615456,0.2308366894721985,-1.637112350104574,0.2709400951862335
Gaia,DR3,5533390539938413696,122.99746234744347,-42.20067153817039,15.179247856140137,2.0859031677246094,3.8529027874210358,10.857210198907664,61.591204168107666,31.7065008987774,46.83595275878906,5.860851764678955,4.956397967553827,nan,,,1.075372576713562,,Gaia_DR3,-19.619018503148467,-5.169959447376275,-16.966356290973554,0.023605892434716225,-2.1417666940483633,0.02356093004345894
Gaia,DR3,5532596623824857728,118.2949449846254,-42.399478835838764,16.66678237915039,2.8371829986572266,3.0803369985166293,7.374985093528328,55.01011687891203,32.8093426200111,,,3.453457589835679,nan,,,0.9902177453041077,,None,-12.419442936189238,-2.799762034598206,-10.244182958498687,0.04864823818206787,-3.3450234686510103,0.056873321533203125
Gaia,DR3,5523480435477567744,128.1182820857919,-43.35193461287004,14.061854362487793,1.3889999389648438,4.376716768946625,14.517528737367584,65.80898439087235,30.52306596866192,-5.687798500061035,3.3652894496917725,3.826970955110671,nan,,,1.0418305397033691,,Gaia_DR3,-16.541049238237616,-4.449561074512615,-18.262867073887513,0.015502166002988815,-1.3668441606821817,0.015683110803365707
Gaia,DR3,5515514267579834496,126.32163543777861,-48.57043993435546,13.619058609008789,1.4610109329223633,4.432352611548815,14.008519759986948,61.540584144284935,31.31693914977987,23.858030319213867,2.1183109283447266,4.457651961613307,nan,,,10.651851654052734,,Gaia_DR3,-18.71473027049529,-2.1042618126983266,-14.680792346031009,0.1398579329252243,-3.1415221491650422,0.14289742708206177
Gaia,DR3,5519227829437944704,122.71587803995938,-47.1761967138466,19.603668212890625,2.76507568359375,1.9473239498192356,11.262539348101201,63.35920359676866,32.07840227442654,,,3.533179521722085,nan,,,1.0571777820587158,,None,-13.91142427503033,-1.5716809981045916,-13.29784111108184,0.2917589843273163,-2.885929001285962,0.3780750036239624
Gaia,DR3,5520436639392344064,122.12576153030794,-45.43267573651089,18.44072914123535,3.296966552734375,3.75531771534162,10.391003166442104,56.122545971487874,32.133539184028564,,,3.612789827785514,nan,,,1.0694897174835205,,None,-14.065110336731166,-2.2463851595395425,-12.079767088013234,0.14044463634490967,-0.18760776167360926,0.17442432045936584
Gaia,DR3,5534145801348599040,119.08247884449727,-41.65007422875752,15.320242881774902,1.9264764785766602,4.4737251644913805,8.038600738967986,39.14681271963364,32.57965833642717,-11.314123153686523,5.484267711639404,4.43126274905924,nan,,,1.0216864347457886,,Gaia_DR3,-16.212348653613997,-4.140137818862704,-13.467342092275818,0.02673730067908764,-0.9889085523764541,0.02719690091907978
Gaia,DR3,5533202351657063936,120.86138612533914,-42.44834489869743,17.39812469482422,2.8504581451416016,4.791036233386323,9.262298484186436,52.62895032193865,32.23331711082767,,,4.788269300779979,nan,,,1.00931978225708,,None,-18.1810951243817,-4.388850472080123,-20.69953388170559,0.06647340953350067,-8.51750238579468,0.07935626804828644
Gaia,DR3,5532652767628945408,118.18332921526364,-42.147056280441255,19.454193115234375,3.1773204803466797,3.7455952241209403,7.312073840937988,65.85355333060676,32.81668529432935,,,3.3057541324812307,nan,,,1.01931893825531,,None,-11.858850782637795,-2.7652673282243936,-10.601698037961036,0.2581463158130646,-0.47769421639866044,0.33555638790130615
Gaia,DR3,5533696788288284288,122.7894836963939,-41.14529955725584,15.816522598266602,2.302875518798828,3.720152223861982,10.864569316748648,55.41711124000254,31.661238657538306,,,4.716422876246816,nan,,,1.060601830482483,,None,-18.59616554122532,-5.455337152906843,-18.33163108693982,0.0323895625770092,-1.7659755332473335,0.03449535369873047
Gaia,DR3,4792416665991680896,89.17095904832306,-52.38401671719853,15.426902770996094,2.159945487976074,2.5878383999872923,16.260605026678984,69.05634714844398,36.373383604072345,65.38261413574219,7.765646457672119,4.2335619256581865,nan,,,1.0277854204177856,,Gaia_DR3,-3.8952963745484315,5.63442354089624,-2.3091020227898387,0.0291144959628582,3.955679707511436,0.0318160317838192
Gaia,DR3,5520044972738555648,124.21266602103778,-45.143113940484746,18.79840087890625,3.2899398803710938,4.971277177423264,11.788087483839277,65.57183912202701,31.634638445905228,,,5.013867109925241,nan,,,1.0300992727279663,,None,-20.29438865067238,-3.8033244947608695,-17.39730209441954,0.16732093691825867,0.5803668627808085,0.18997082114219666
Gaia,DR3,4794689356526065024,89.95704553270063,-49.04623946285394,15.36420726776123,2.1632986068725586,3.4064580570710152,14.371599939836692,67.18858028500058,36.63810968168763,,,3.7509460323346557,nan,,,1.0024383068084717,,None,-3.746174152906319,3.2706709954015354,-2.862706274393414,0.027400393038988113,0.7260620824856645,0.026721665635704994
Gaia,DR3,4795933247774842240,86.33436038826272,-46.91067043355415,17.579761505126953,2.713541030883789,1.9944399800331962,16.199303453562077,69.66564737762894,36.93401112516587,,,4.0360401183883985,nan,,,1.0197638273239136,,None,-2.5630223550990863,2.506698630418692,-3.8837716833622853,0.08182372152805328,3.5721766365109024,0.08461052179336548
Gaia,DR3,5520712410652005888,121.70567145905108,-44.80524937097294,10.698256492614746,1.0666027069091797,4.713751559942308,9.984220711263118,67.86234095260299,32.19495047065688,-3.3031632900238037,0.2897501289844513,3.383184904257826,nan,,,1.6929963827133179,,Gaia_DR3,-13.063865628469703,-2.286844891339518,-12.08188610423606,0.020504042506217957,-5.502126012399623,0.02021062560379505
Gaia,DR3,5521008454160770560,124.23224544396375,-43.62649265157028,9.8699312210083,0.614283561706543,4.665566529097927,11.692798290039605,57.17350490761572,31.523635935814355,10.462929725646973,0.2690315246582031,4.6786770851683945,nan,,,2.528934955596924,,Gaia_DR3,-18.944320855525064,-4.378643042849597,-16.702095736535366,0.046502191573381424,-0.36017135162191294,0.045457083731889725
Gaia,DR3,5521868826314057856,128.87838816980465,-45.90788454468523,12.995277404785156,1.1458768844604492,1.81417948504142,15.124725937329153,66.67869208177895,30.54823518689075,20.277931213378906,1.3716181516647339,3.9131141346702494,nan,,,0.910798192024231,,Gaia_DR3,-17.113506517155585,-3.583693663606411,-16.155971391066565,0.012686639092862606,-4.733831793378535,0.013445592485368252
Gaia,DR3,5534145870068065408,119.07425528635508,-41.640721515219255,9.885228157043457,0.5554733276367188,4.678848500453172,8.034003438054594,39.81090890052731,32.580795079589706,-12.834017753601074,0.25692227482795715,4.458850000226862,nan,,,0.8154953122138977,,Gaia_DR3,-16.31039089727615,-4.16935917695935,-13.237796994954463,0.012124255299568176,-1.0227123523458514,0.013011124916374683
Gaia,DR3,5533002893375320064,120.21771928218443,-43.40898081096125,14.04271411895752,1.2950315475463867,4.405440654928615,8.777240700418647,65.09410094564508,32.447572843363595,-11.514627456665039,3.282911777496338,3.3687959485336636,nan,,,0.9187608361244202,,Gaia_DR3,-12.624069432032925,-2.6052064623271134,-12.148696396549498,0.014883450232446194,0.4871063683541643,0.016553860157728195
Gaia,DR3,5539562678519665792,123.8918422722906,-40.41058466593987,18.67787742614746,3.143939971923828,2.6968694197124283,11.844835790792843,52.29979088269846,31.311677278854273,,,4.38173320128128,nan,,,0.9433390498161316,,None,-17.633160417652288,-5.660769786104035,-19.61771936197502,0.1565537452697754,-4.155022013628294,0.16417790949344635
Gaia,DR3,4792493730588272256,88.55104173861923,-51.77982474654833,12.041573524475098,0.8887062072753906,2.9412130953024045,16.304024712022343,69.63319898994429,36.46610140821969,-5.418014049530029,0.9486799240112305,4.095877317658502,nan,,,1.0876895189285278,,Gaia_DR3,-3.51413412507549,5.150429127239092,-4.699831895172612,0.01313071046024561,7.396241175380851,0.013243075460195541
Gaia,DR3,5533779423460360832,122.464266885501,-40.54996173243274,14.095718383789062,1.5867929458618164,3.4883434704101433,10.759163743298526,46.126789334995784,31.68292201668385,65.97421264648438,2.460357189178467,4.079440363473027,nan,,,1.0607210397720337,,Gaia_DR3,-15.985540373036745,-4.942233855049871,-13.527710185622484,0.014080948196351528,-6.662306945734313,0.015266316942870617
Gaia,DR3,4795085313855472768,87.9552351678701,-47.83663982152256,11.313455581665039,0.8397159576416016,3.9795367838296785,15.291572787989974,65.43998118120416,36.817096981686305,24.48396873474121,2.552143096923828,4.079871440202468,nan,,,2.7865850925445557,,Gaia_DR3,-3.2563896203745175,2.9859767500303063,-0.4630054478726271,0.049915533512830734,4.963844223682785,0.04999207332730293
Gaia,DR3,4800863664072096256,89.55749884006653,-47.72152626760957,15.543803215026855,2.3466615676879883,3.42347598740889,14.219337836193633,67.57246634822253,36.74564425287785,17.090229034423828,7.035271167755127,4.781931866342973,nan,,,1.7068923711776733,,Gaia_DR3,-4.584846911089193,3.338254188532165,-7.90289560438185,0.04335308074951172,2.389103350658484,0.052632130682468414
Gaia,DR3,4801377239081512576,87.62507086711153,-45.38707662230516,14.988982200622559,1.944711685180664,4.90790508489705,15.148764784742262,64.44786393941065,36.946733369301015,-3.414743423461914,3.2513363361358643,4.205725129911965,nan,,,0.954512357711792,,Gaia_DR3,-3.2172933403053934,1.6927023209121925,-2.272981193190556,0.02231239341199398,-2.554991067638248,0.02552105486392975
Gaia,DR3,5519489758027732736,122.55362638152702,-46.570613517861645,16.339303970336914,2.5797128677368164,1.793480861751484,10.965564599539627,47.12077319368383,32.09060337493603,,,4.055910580979963,nan,,,1.125770926475525,,None,-15.92046014895982,-2.061400939008349,-15.05479153588431,0.04470274597406387,-3.327165714829511,0.050324104726314545
Gaia,DR3,4794684919823656448,89.77347410083397,-49.13460766383727,18.644569396972656,-0.11564445495605469,3.6481748649261903,14.515209324531215,64.35433379667947,36.64152450800893,,,3.8962484174671124,nan,,,0.9842117428779602,,None,-3.8198128359753483,3.4531507450830667,-2.699128381544743,0.15701080858707428,0.6741131134210092,0.16002768278121948
Gaia,DR3,5532300958273217280,118.88371700334,-43.326307873805625,20.132169723510742,2.7461395263671875,1.658755471432184,7.804611296007242,49.84266027866428,32.73894756395169,,,3.5555889710343878,nan,,,1.0738720893859863,,None,-12.95282094979984,-2.5748711479342803,-14.028124481971858,0.472284734249115,-1.950705014088273,0.5806725025177002
Gaia,DR3,5533059930540261376,119.8413437408795,-43.30642136329067,14.375611305236816,1.5093450546264648,4.488553152498317,8.499732582558869,48.78070591905044,32.52554465567561,2.239140272140503,4.32759428024292,3.6189295596396747,nan,,,0.9757494330406189,,Gaia_DR3,-13.455540003847132,-2.7821137884360354,-11.10423556621585,0.017009826377034187,-0.2926314741128042,0.017846684902906418
Gaia,DR3,5523107082566402688,129.00241193221558,-44.80289936670911,15.48870849609375,2.048489570617676,3.279145976139766,15.13680097333469,64.4930373463422,30.42696126664311,,,4.139624552589804,nan,,,1.026347041130066,,None,-18.138363728767548,-4.332509144538011,-16.978109787456603,0.02777767926454544,-1.7166499301349292,0.02636580541729927
Gaia,DR3,5526398986013968512,126.6686426995321,-42.524231074110546,7.207980632781982,0.22789573669433594,2.396942680197756,13.52279013178776,69.58858628911169,30.817935753566932,4.085945129394531,0.5253084897994995,3.5877086817636346,nan,,,1.1172919273376465,,Gaia_DR3,-15.149431117760395,-4.242502162370017,-15.014434666536998,0.026105282828211784,-6.050336645378225,0.02750902995467186
Gaia,DR3,5526585520743550976,127.8431703099954,-42.57799807060794,19.160968780517578,2.7522621154785156,4.829044082788964,14.378024989562633,64.89337066549359,30.51812116529443,,,3.8408321214156644,nan,,,1.0388128757476807,,None,-16.52914287087422,-4.745496654205537,-19.068472180805585,0.215977281332016,-7.718707090449065,0.22854769229888916
Gaia,DR3,5540071133926367104,124.90900156616095,-39.5358182733214,17.332921981811523,2.9129161834716797,3.758951302495736,12.841558011673012,55.164867013730984,30.950940015506866,,,4.2695374820932495,nan,,,3.177685499191284,,None,-17.4966572849796,-6.141675878958509,-19.704873334420196,0.25726619362831116,-3.578394248330194,0.27671581506729126
Gaia,DR3,4794098403386106368,89.65182729296775,-50.79174861922551,20.164958953857422,0.19419479370117188,4.373493548808718,15.244862431696706,64.92283617978114,36.51090147871396,,,4.2591349928831175,nan,,,0.8579939603805542,,None,-4.123778415141444,4.732044440463364,-0.4228977077705822,0.42771852016448975,6.044832384244923,0.512195885181427
Gaia,DR3,4794964539375722368,88.29762253609735,-48.32281838589137,19.10794448852539,2.915159225463867,2.8828421998129814,15.190368205568236,68.89506822354844,36.77097391983743,,,3.8183902112114274,nan,,,1.0184259414672852,,None,-3.178964993264982,3.03224546332127,-3.6386564408217534,0.24365033209323883,0.7576741454317049,0.3057126998901367
Gaia,DR3,5533390539938414848,122.9985294262796,-42.20053341595446,16.088909149169922,2.3441152572631836,4.586460153352481,10.858010849879852,63.389305713243296,31.706230091174927,,,5.0232717459735925,nan,,,1.0126469135284424,,None,-19.884124428514916,-5.240044433652853,-16.24360235091247,0.03573014214634895,-2.0251275829225035,0.034971050918102264
Gaia,DR3,5295033422803913856,121.4966031364544,-56.43703001060104,15.230615615844727,2.404132843017578,4.463355699884529,16.38184936518325,69.56991124156313,32.21668585114282,-39.10990524291992,7.286097526550293,4.252308397651598,nan,,,1.3881943225860596,,Gaia_DR3,-16.352422560367874,3.0572670734357184,-14.150964008921687,0.058125659823417664,6.398261753616605,0.046065814793109894
Gaia,DR3,5295633623011910400,116.73976368978643,-56.34259796420884,15.856012344360352,2.520627975463867,4.616557599829923,14.95058165652178,66.5354357529742,33.02067941196632,,,3.8799350097522436,nan,,,1.031212329864502,,None,-13.46739222412863,3.727516916533575,-13.023777625199134,0.037094876170158386,7.477385652432782,0.04041111469268799
Gaia,DR3,4801534945985019008,88.8242282578644,-45.19963477513151,19.06850242614746,3.2295761108398438,3.616602434832616,14.293820490246574,65.62536360471931,36.895087320029035,,,4.661989642687111,nan,,,0.9489859342575073,,None,-4.1275447360926565,1.7003268388367547,-3.906617465803588,0.19665919244289398,5.247830296239201,0.22093944251537323
Gaia,DR3,5319134962498519296,121.65404225920048,-55.70712470364449,17.780447006225586,2.9896907806396484,3.558239291075269,15.857588836313417,67.61200454699629,32.229222006239546,,,4.315511179169219,nan,,,0.9996744394302368,,None,-16.647067461290813,2.6911082694468877,-15.558007360119392,0.10984769463539124,5.739532365721953,0.11475399881601334
Gaia,DR3,5534021071196267392,120.16097423217091,-41.80039863802355,11.394325256347656,0.8092937469482422,4.399267444878325,8.812680659996664,37.88405363132928,32.344984895964735,27.042774200439453,1.3980815410614014,4.057228062439513,nan,,,1.342149019241333,,Gaia_DR3,-15.186015200948773,-3.9058952820790918,-16.403379419201894,0.022056899964809418,-7.466237047246338,0.022091960534453392
Gaia,DR3,5537187836481466752,118.33813262507783,-41.45289638311448,18.356582641601562,2.819580078125,4.162296216932596,7.523316457978866,37.591305123706206,32.73173955242961,,,3.79158791480218,nan,,,0.9597061276435852,,None,-13.6484796531758,-3.513800525541662,-16.44680388663027,0.12148912996053696,-5.313226659075601,0.1442851573228836
Gaia,DR3,4795362429441199744,86.51371149901486,-48.512075680377265,16.136234283447266,2.183246612548828,4.338459612689066,16.383863803003948,69.56690652993834,36.83097519493473,,,4.239083286731752,nan,,,0.9622701406478882,,None,-2.768593277554886,3.5483683425906003,-5.402691325102357,0.03956425189971924,0.7035721768101627,0.0469229631125927
Gaia,DR3,5319134962502123008,121.6540657244107,-55.70775775658932,17.487537384033203,2.9283008575439453,4.062725845407308,15.858091757732696,67.63266657002723,32.22918512319092,,,4.115856944394343,nan,,,0.9141647815704346,,None,-15.876909358421862,2.5669097514870556,-15.91167783454965,0.09166359901428223,6.091819251714428,0.09514258801937103
Gaia,DR3,5322457652285241472,126.19050189939404,-51.27844233852107,15.977208137512207,2.3494319915771484,4.1408394509559985,15.046655244829958,66.09087592452524,31.416154645910066,,,4.509426219218993,nan,,,1.0342141389846802,,None,-18.89058342627533,-0.6850708473942007,-22.47065828101058,0.037031155079603195,0.9515215925029941,0.03616200014948845
Gaia,DR3,5485086520222830464,104.63449396836526,-55.596181572082656,16.719444274902344,3.2129859924316406,4.861071347889601,13.399248049646618,65.43978337160362,34.749322190281035,,,4.807139393458863,nan,,,1.0189034938812256,,None,-11.616751649206684,6.6577484740397574,-11.059505772091775,0.0783459022641182,11.552306439582818,0.05607884004712105
Gaia,DR3,5320253608205088000,120.27884644127549,-54.25381948467975,18.750600814819336,2.995849609375,4.800084438438047,14.229382386185465,62.181197621711945,32.5467426083324,,,3.9541508243758265,nan,,,0.9746123552322388,,None,-14.836327670084412,2.0762418840530676,-13.48617034461887,0.18060316145420074,5.842793268079806,0.20763689279556274
Gaia,DR3,5487841209168763520,117.17210069203938,-55.71049882373836,13.930726051330566,1.6783771514892578,4.523406949396674,14.487890500603138,61.8163317337971,32.9986103401297,11.588969230651855,2.860227346420288,4.256406371964451,nan,,,3.2314534187316895,,Gaia_DR3,-14.923391203061477,3.669292991498848,-15.528238346835076,0.04781968146562576,7.682795155682305,0.04585542529821396
Gaia,DR3,5295332008931292416,117.24066601310116,-57.42290977871971,18.7553653717041,3.4490604400634766,4.1779545225823815,16.04650572124236,68.52795992319356,32.851037267645424,,,4.098160461970627,nan,,,0.8696436285972595,,None,-14.391280518457643,4.369275671996392,-13.497909720731048,0.21055929362773895,7.866445191904269,0.17600084841251373
Gaia,DR3,5320838071654998016,123.74210827083823,-52.479986359182384,12.672351837158203,1.2102651596069336,4.442249095486109,14.450464393079903,63.80575980936466,31.93040861276691,8.663558006286621,12.550873756408691,4.505179635908546,nan,,,2.1022937297821045,,Gaia_DR3,-18.080524163053653,0.5681264588080843,-17.265826435909496,0.026057811453938484,4.7076876130748975,0.023225821554660797
Gaia,DR3,4801108477206638720,88.6177803270854,-46.068586988499796,19.951528549194336,2.910612106323242,1.0135884667205735,14.527154085605767,66.97145578889028,36.87499334915303,,,4.6932417929551296,nan,,,0.9843884706497192,,None,-4.0580694658638,2.2761424613653922,-5.029927052312373,0.390605092048645,2.028848575088154,0.4100588858127594
Gaia,DR3,5295760925842609536,118.414733180027,-56.67738563109845,17.517362594604492,3.103361129760742,4.689358208752998,15.665832783682662,69.44896572665243,32.724106276666625,,,4.592557370303047,nan,,,1.0003856420516968,,None,-16.559701593066034,4.202011104379611,-14.967441422855043,0.09040916711091995,8.453673773428452,0.09420420974493027
Gaia,DR3,5491469799400681984,107.43683127841715,-53.67031140316018,18.99224090576172,3.3598289489746094,4.566439722721257,11.275151324686046,52.56926539784504,34.60078231698804,,,3.805223255803163,nan,,,0.9867888689041138,,None,-10.167690281522141,3.948180402329562,-7.997810449748939,0.2041635662317276,6.899442533518384,0.20828378200531006
Gaia,DR3,5491581301049765632,108.73096790414998,-54.202442558855275,14.14665699005127,1.0511045455932617,1.6573673710832761,11.796082366394854,63.3452821794189,34.38262676134695,33.90802764892578,5.3791399002075195,3.574487950648786,nan,,,6.553224086761475,,Gaia_DR3,-9.965291516801472,3.7721464935797333,-10.241564383588388,0.5563108921051025,2.554198348782157,0.5410473346710205
Gaia,DR3,5493101405938208640,115.6818990742127,-50.881903088606,18.187915802001953,3.049030303955078,3.8086884066625046,9.860320030676561,49.39001920386593,33.493504806540095,,,4.60056751425423,nan,,,1.0448646545410156,,None,-15.570187511486656,1.5760752330726753,-11.968169273416255,0.13782845437526703,0.7575866001488172,0.12354040145874023
Gaia,DR3,5493867593743327616,115.03429510813767,-50.63411152827361,18.442148208618164,2.8581466674804688,3.2114778121705783,9.430229247161215,49.63795330302796,33.614323195621985,,,3.6749340116848246,nan,,,1.0385627746582031,,None,-12.240476172802817,1.2544880078952838,-11.670832903715855,0.15504825115203857,3.67637147190701,0.1752103716135025
Gaia,DR3,5485866894304520832,110.30234615620384,-58.046696958543286,19.32950782775879,2.915315628051758,3.1213194170636296,15.68750089685496,69.86516674455113,33.773259679929154,,,3.8718248236013437,nan,,,1.0152860879898071,,None,-11.331493255757549,5.702049332438335,-8.953261192543629,0.22692331671714783,6.615666284619705,0.2595860958099365
Gaia,DR3,5500708553228233984,94.60697688691906,-53.28597780756862,17.371688842773438,2.575754165649414,2.4419234646080845,14.189756580470247,64.22910229509407,35.9494140927495,,,4.599889783490322,nan,,,1.1716476678848267,,None,-6.713545754426795,6.2602402029175215,-7.911055790975617,0.1005139946937561,4.217420622192045,0.08742798119783401
Gaia,DR3,5501960793893359232,102.98903126033763,-51.113432991363915,12.01079273223877,0.864680290222168,1.2740280278035079,9.427636800717005,42.28964747875956,35.35618789556748,70.15081787109375,0.7301504611968994,3.9093384560373043,nan,,,0.939862847328186,,Gaia_DR3,-8.85004628087809,3.3624957250250307,-8.31822961889628,0.011099175550043583,2.4571829931283027,0.011161541566252708
Gaia,DR3,5503922666232543104,106.37904776127783,-51.87988863006812,11.051807403564453,0.6794805526733398,3.5089934710207444,9.559039698658852,51.771129101220424,34.87934125013673,7.968735218048096,0.48167118430137634,3.638183572374874,nan,,,0.938057541847229,,Gaia_DR3,-9.37313005913695,3.0820113404108267,-9.464975834245807,0.014830484986305237,0.3923015382821926,0.014048733748495579
Gaia,DR3,5504546707803495680,104.30559212158215,-52.48516837227689,17.513286590576172,2.4797019958496094,4.69088871487547,10.427285696081295,47.38818408249464,35.09421474955197,,,3.8690381340394486,nan,,,0.9732077121734619,,None,-9.232249530932785,3.853717852015803,-12.279192547098333,0.07455461472272873,1.5396918230565668,0.07838749885559082
Gaia,DR3,4801073567713949824,88.56028915543662,-46.43213380570446,16.17723274230957,2.460390090942383,4.915049005128694,14.618123114786787,68.70914392266945,36.862488694989146,,,4.772644741366808,nan,,,0.9892861843109131,,None,-4.099206272643552,2.553156750802578,0.0026004470436523995,0.03842547908425331,-0.20900815264267644,0.047421086579561234
Gaia,DR3,5505524482879154432,108.61406949380482,-49.305458077750515,17.91295623779297,3.136005401611328,3.789269209998811,6.8991154531242715,47.7492585658091,34.701716102786186,,,4.8220254524012285,nan,,,0.9674188494682312,,None,-13.393106269788621,2.1053014152012315,-11.619831569970373,0.09390681236982346,5.52476289546059,0.09567559510469437
Gaia,DR3,5489021981578008320,115.64055884297004,-53.98103584749611,12.32461929321289,1.0753602981567383,3.7354623100673896,12.546812112627713,69.24047914084976,33.363524343880805,10.1428804397583,0.9515811800956726,5.07967893011176,nan,,,1.1054352521896362,,Gaia_DR3,-17.174378287250228,3.6880481129863707,-13.67595537935505,0.01261388324201107,1.7484819606830846,0.012224768288433552
Gaia,DR3,5489304448687807360,115.02305824347228,-53.18677784246146,18.82632827758789,3.2057552337646484,4.746773030150334,11.67212171418965,58.92777655612761,33.51075120801144,,,3.6647229327642394,nan,,,1.015868902206421,,None,-12.20304266098793,2.4090461451297998,-14.721015590199082,0.22074173390865326,-0.25702597264855265,0.22167734801769257
Gaia,DR3,5295055309958691328,120.23123817838271,-56.75037827842503,19.389148712158203,3.2802505493164062,4.4180207022352755,16.240380347848077,69.07579192140763,32.41552524757049,,,4.292482376000069,nan,,,0.9901543259620667,,None,-16.089946556414446,3.546677471769666,-14.78929398101028,0.28492945432662964,7.327046107585158,0.32157760858535767
Gaia,DR3,5293921855205566336,113.78748526107567,-58.200566705510404,19.606678009033203,2.773782730102539,4.889185512391272,16.161786591523725,69.00979388543402,33.286781977399684,,,4.351777822744324,nan,,,1.6995295286178589,,None,-14.040606548975699,5.799766169532192,-12.316662091773928,0.5790812373161316,9.940564827274102,0.5848041772842407
Gaia,DR3,5319676884298928000,124.42330733400904,-54.36808990004765,15.109189987182617,1.9982795715332031,4.271147097615684,15.974867049194957,68.0260710538846,31.760787445142014,6.693838119506836,4.967941761016846,4.3005835963773915,nan,,,3.136831045150757,,Gaia_DR3,-17.47306539090733,1.3286253587615082,-14.098218342420278,0.0734250620007515,-0.5699837643740953,0.07257375121116638
Gaia,DR3,5319689116365357568,123.79727587367847,-54.363392767130975,17.984447479248047,2.7833728790283203,3.6721371435214136,15.702894614730745,67.98434102318029,31.882833672958988,,,3.9947843840659725,nan,,,1.0004998445510864,,None,-16.04832412499805,1.3752792965739467,-16.00431634301583,0.10905785113573074,-1.7168636655085954,0.11632061749696732
Gaia,DR3,5320626484387891712,125.766141096932,-52.8638422461933,12.388602256774902,0.9689722061157227,3.3307008516464993,15.665893408146479,66.88444119193991,31.512531233466355,24.42271614074707,0.6571916341781616,4.103561452540251,nan,,,0.8703402280807495,,Gaia_DR3,-17.06749794741563,0.23037235624328822,-16.014307243197777,0.010165124200284481,2.9122851150492766,0.00914069451391697
Gaia,DR3,5320257770033226112,120.60436315629636,-54.206649408630504,11.092073440551758,0.8797578811645508,3.3429344748771244,14.312602749844604,61.14646851460757,32.48948090298823,3.8329315185546875,0.30314287543296814,4.10426382770968,nan,,,0.9110972285270691,,Gaia_DR3,-15.502778651283105,2.060659527414688,-13.129373126957011,0.014585482887923717,3.713769724564841,0.013989957049489021
Gaia,DR3,5295322220702360064,117.12035940662854,-57.57737298034076,9.967331886291504,0.5779552459716797,4.994338890019201,16.160769473447445,69.25998904792758,32.856007731725555,4.5517754554748535,2.672987937927246,4.39297114456069,nan,,,3.6502487659454346,,Gaia_DR3,-15.383811643830057,4.792947901527041,-19.379325542143157,0.06254599243402481,7.122768272339506,0.05139895901083946
Gaia,DR3,5295532811540095616,116.759571544901,-57.233530635551986,14.528308868408203,1.9915475845336914,4.965160115048155,15.767754233187397,68.08569793739488,32.94279362968799,,,4.0102258539972695,nan,,,4.525794982910156,,None,-13.926096418989662,4.28252457775226,-9.737804459952658,0.07457078993320465,4.004252550204562,0.07882621884346008
Gaia,DR3,5296044320665656064,117.45139714760093,-55.92975669460835,17.495765686035156,3.1345577239990234,4.6971128008821,14.754665897246797,66.4881176441968,32.93719654495208,,,3.841774284017848,nan,,,0.9316824078559875,,None,-13.55626935699397,3.3596033424654763,-13.02464394518002,0.08505643159151077,7.126392303679794,0.0744839534163475
Gaia,DR3,5483906538088255104,106.14838752479385,-57.046136524206425,18.117406845092773,3.106037139892578,4.3191506167317115,14.700526254138117,62.58323484596346,34.402678491258285,,,4.194938524596566,nan,,,1.1773022413253784,,None,-10.719461779725325,6.3548843767847885,-10.398335512134524,0.21089452505111694,10.160938187921653,0.22806574404239655
Gaia,DR3,5508356309435626880,105.37287361076433,-49.10029698313364,17.341838836669922,2.990915298461914,3.6208863334011587,6.994152611207296,32.16909348257787,35.17096986602391,,,4.2873129338799085,nan,,,0.9219157099723816,,None,-10.651666503146153,2.241890169582624,-9.054745522598104,0.07108091562986374,5.09840519607163,0.07614395767450333
Gaia,DR3,5508889332057871744,107.79818946824908,-47.99760356533992,17.285078048706055,2.8209476470947266,4.675897174792089,5.599042623688284,64.27661737927652,34.863730507042696,,,3.278228688490609,nan,,,1.649437665939331,,None,-8.866053604972775,0.9782597499405137,-6.545170168883656,0.12697166204452515,-1.2702233410591481,0.11916328966617584
Gaia,DR3,5493988200723352576,115.38340898991638,-50.19202271431921,14.749418258666992,1.899155616760254,2.6366192651280813,9.183069333691945,56.859957795836884,33.563946179532515,-0.8919945359230042,3.661550760269165,4.940265037533353,nan,,,1.089835524559021,,Gaia_DR3,-16.598066198659232,1.338724983464398,-18.750947857517588,0.02320121042430401,3.0431942065723843,0.024574441835284233
Gaia,DR3,5321360545840217344,126.27952940043247,-52.981758961682495,15.723729133605957,2.4309024810791016,3.9603029201807565,15.9877489158752,68.28775230751212,31.405087944921153,,,4.346743141292095,nan,,,6.359446048736572,,None,-18.236259398981716,0.17358532182267794,-14.971427764895694,0.20911762118339539,1.7579832205778794,0.1803039312362671
Gaia,DR3,5485035873968196992,104.04898806036306,-56.088552068362254,16.41084861755371,2.4607791900634766,4.388544699213374,13.950893618558466,59.712767283206695,34.75620112169489,,,4.276823805386561,nan,,,1.1076899766921997,,None,-10.103716181433214,6.279135541370902,-6.17195158415795,0.04946044832468033,6.722652299687081,0.05587650462985039
Gaia,DR3,4794642936518285568,86.89618928004145,-48.27777879537089,16.836475372314453,2.458585739135742,3.5117799833559658,16.08206687127932,68.39691020245256,36.83273305819531,,,4.28004952282586,nan,,,1.052648901939392,,None,-2.960257512509159,3.432308443290415,-1.7903600237842523,0.05441556125879288,0.4875902780723184,0.06291196495294571
Gaia,DR3,4801629950661163904,88.7668133605577,-45.12757994158115,19.506296157836914,2.7518653869628906,4.377600809302321,14.328949624153072,61.0801440870359,36.90019010539894,,,4.144225359742738,nan,,,1.0201714038848877,,None,-3.6452847331951395,1.4735200977981204,-3.5638022532732196,0.2946193516254425,-2.350077999350365,0.3176984488964081
Gaia,DR3,5493811626028099200,112.89451626556053,-50.2102701549586,17.844934463500977,1.3770885467529297,4.21936306758859,8.416917439345573,51.99171989197666,33.99259260653956,,,3.553949645457894,nan,,,3.879866361618042,,None,-11.197420158827883,1.3572878861909699,-9.108695010188136,0.402362197637558,3.730112733330068,0.40015584230422974
Gaia,DR3,5486120267312208640,113.15570103770621,-57.59614244471481,17.883949279785156,3.3182621002197266,4.635439185469966,15.493751617164227,66.35558943848588,33.44120484692861,,,4.071838447343472,nan,,,0.9742568731307983,,None,-12.919624933066004,5.246058481438617,-11.47424242997759,0.1188889890909195,8.953243750228125,0.10737602412700653
Gaia,DR3,5510354362579098496,111.16917102498999,-46.53402659976931,19.90724754333496,,1.647893834071607,4.603251095508522,59.967547463810874,34.3408636704524,,,3.306572906331175,nan,,,1.0938880443572998,,None,-9.927205455626032,-0.037725674778740004,-8.81880491849731,0.6570767760276794,-0.339240919223595,0.7528806924819946
Gaia,DR3,5485235882004835584,103.24451849079247,-55.353878853981165,13.659107208251953,1.5876455307006836,2.8125370817467554,13.355593789598643,57.28716995339076,34.930563711832335,28.074573516845703,2.0835864543914795,4.275386285590582,nan,,,1.156450629234314,,Gaia_DR3,-9.78064404999775,5.989407008446266,-8.747124823140863,0.015315797179937363,3.6747413386494205,0.01785295642912388
Gaia,DR3,5321521624292419968,127.32860724462364,-51.8722913566835,17.591604232788086,2.842100143432617,2.3872305557072377,15.953155505658687,68.5124068898937,31.176074790620277,,,4.047104423977444,nan,,,0.9936334490776062,,None,-17.274225821738618,-0.6042410996337724,-15.25639394964114,0.09190187603235245,-0.8809342788347438,0.09068956226110458
Gaia,DR3,5480802135724184192,106.34809716361801,-58.09701243223332,18.2550106048584,2.7822914123535156,4.345011613667999,15.735223694339197,66.93987629685626,34.24279207619958,,,4.163280345742791,nan,,,1.1247576475143433,,None,-10.714232815258967,6.82840160526162,-9.508819989718742,0.17536722123622894,10.446325147812894,0.15774811804294586
Gaia,DR3,5484221960485475200,104.76954554227859,-56.34585652417336,19.39434051513672,2.86358642578125,4.674113717190115,14.119790100735884,62.77350751887275,34.64544384690745,,,3.889792661625299,nan,,,1.0392975807189941,,None,-9.448351668008314,5.741367332816235,-5.644283781183283,0.29371970891952515,5.272877514308208,0.25259822607040405
Gaia,DR3,5320869334717958400,124.27845607663504,-52.52085451401208,16.901126861572266,2.444890022277832,3.2066067166767995,14.734402623496365,64.64162667300248,31.821080525074006,,,3.9349275353920783,nan,,,1.0124684572219849,,None,-15.9460441070521,0.39723324882038025,-15.879702718095533,0.0636560320854187,3.0563574822203146,0.054599370807409286
Gaia,DR3,5322208917837014656,125.9492201485358,-52.12499236194219,18.519502639770508,3.2598190307617188,4.784799513728276,15.350261947608105,67.85283770915728,31.474603853691498,,,4.55944239376629,nan,,,1.0635206699371338,,None,-19.02261728369874,-0.1827976930091424,-16.621270285561803,0.14215533435344696,-4.105126406221263,0.15508560836315155
Gaia,DR3,5484780267577049984,100.8665619280621,-56.46291372495565,17.450685501098633,2.531522750854492,3.5144409252281283,14.840765644237285,63.896432086689195,35.032027405057065,,,4.031954563295118,nan,,,1.0771595239639282,,None,-8.322213660792286,6.52589743075752,-6.9351212855001245,0.0890558585524559,9.17151508102636,0.080219566822052
Gaia,DR3,5486522207530583424,107.93404659344536,-58.5307827632611,15.868288040161133,2.4440975189208984,4.044277336978137,16.12265502223067,68.48804216663387,34.00174603459303,,,4.234210814081861,nan,,,1.335038185119629,,None,-11.503136059669815,6.911658400276828,-14.664740006471803,0.04716654494404793,5.169185662640427,0.04857775941491127
Gaia,DR3,5484930217772726656,103.38139891941773,-56.41037443264273,16.455204010009766,2.2282514572143555,2.5967984765206835,14.352717277776492,61.7162145485792,34.787804639543324,,,4.042406466221553,nan,,,1.0129743814468384,,None,-9.299223846371255,6.192824533815154,-10.496065856122003,0.05035664513707161,8.054187025594018,0.048867352306842804
Gaia,DR3,5484532155907716736,101.79234406050877,-56.90014302060676,19.523191452026367,2.9384708404541016,3.744757509452701,15.074040316973786,64.74227753593458,34.88428715136724,,,4.049168971783056,nan,,,1.0627063512802124,,None,-8.712027673980543,6.666384882643897,-8.784651425483224,0.3205079734325409,9.862105425680936,0.40147051215171814
Gaia,DR3,5487234961647499776,112.08418293783528,-56.278259072403785,18.9344482421875,3.0186824798583984,2.8699285464250788,14.080376002040522,66.65698400372442,33.7267405991122,,,4.758177366338527,nan,,,1.0566749572753906,,None,-14.661520721521352,5.588153860279724,-14.572681491134787,0.2143518030643463,8.46552655030217,0.1984260082244873
Gaia,DR3,5487294472714531328,112.10294572305139,-55.97929181418591,16.40381622314453,2.9550743103027344,4.161794529698726,13.789740928998334,67.41501663633372,33.752654633247495,,,4.842533969258735,nan,,,1.0194586515426636,,None,-14.929263127148776,5.503323378795442,-15.208696247044989,0.04913054779171944,9.74271215818266,0.04159332811832428
Gaia,DR3,5487758058599409920,115.5989792570719,-56.145980168494226,7.238542079925537,-0.09349775314331055,4.8639900872420885,14.51832707112215,62.86391111677096,33.216168496371004,,,3.997962628794312,nan,,,0.9835745096206665,,None,-13.503383800545695,3.971692450881932,-12.595821323146682,0.03796637803316116,7.969391567511723,0.03934594616293907
Gaia,DR3,5487836875545932928,116.73054346213051,-55.80460296977676,18.808828353881836,2.933382034301758,3.480821808200749,14.461810213860634,61.7264541557066,33.063474505918684,,,4.116501443707324,nan,,,0.9852980375289917,,None,-14.285435401403927,3.687275930456715,-15.423542522546544,0.17431266605854034,6.485325098116931,0.22211945056915283
Gaia,DR3,5512047060734555776,112.92533360909437,-43.26685085941191,13.633406639099121,1.2104606628417969,0.6428562686292609,3.4967409073716067,63.479252522751224,33.956300851324286,1.2682429552078247,1.871453881263733,3.248561285012586,nan,,,1.0846567153930664,,Gaia_DR3,-10.243763493761527,-1.5882717253063294,-9.808654415701822,0.013387702405452728,-1.6553342174643184,0.01494346372783184
Gaia,DR3,5512542390722227584,120.40010560305284,-53.05478294826198,16.548067092895508,2.9633655548095703,4.211225703581918,13.361035772662111,58.25265392915535,32.56904862994527,,,3.968164655528774,nan,,,5.647793769836426,,None,-14.926138571710048,1.4878253362788119,-13.515714646207378,0.36799970269203186,4.715968961638108,0.2908797562122345
Gaia,DR3,5486246436271152128,110.8152136914992,-57.941471878783986,16.83919906616211,2.8654346466064453,3.9161517721481967,15.61220207645251,66.38749378737468,33.71960237404479,,,4.236942314360658,nan,,,1.0125222206115723,,None,-12.589955041021705,6.089520907288151,-12.184543621230741,0.056743133813142776,9.563815044912703,0.05865231901407242
Gaia,DR3,5487167479120772096,110.12952627117372,-56.593966879890246,19.2421817779541,2.9413623809814453,4.447515202400869,14.23250217338221,62.47467428481904,33.96237583724675,,,3.935359431926833,nan,,,0.970748782157898,,None,-11.457796524476247,5.111872477021242,-8.23393207384238,0.26255562901496887,3.317237246171396,0.2201678454875946
Gaia,DR3,5485235882002866944,103.24694580121557,-55.35317498643756,15.650994300842285,2.243589401245117,2.4045437752734635,13.354529710029142,57.125395765437446,34.93038408745645,,,4.093998770024468,nan,,,1.1064072847366333,,None,-9.366616935934676,5.734603432479533,-7.781275647549095,0.035208236426115036,4.395431680901918,0.03843927010893822
Gaia,DR3,5486827184568303616,107.57826942628608,-57.747622736505186,17.411985397338867,3.2253284454345703,3.897642205378472,15.344656366068072,65.4016521042758,34.14676015969891,,,4.130264323876239,nan,,,0.9887496829032898,,None,-11.088788657103565,6.395008614604605,-10.250821891613112,0.07208626717329025,9.683608330910943,0.09016518294811249
Gaia,DR3,5485308793369945344,105.03306252977477,-54.91776857003062,16.76191520690918,2.132859230041504,2.490315735565062,12.689317783398263,57.61057857009825,34.77847302938743,,,4.525100811730607,nan,,,1.6425262689590454,,None,-11.10126854219639,5.811223205780969,-8.970641828341694,0.16473741829395294,6.861900326347342,0.1441483348608017
Gaia,DR3,5486083090075596160,112.51240176987116,-57.57196587042992,15.692765235900879,2.2841100692749023,4.428604246755157,15.394606059999555,65.7448114231951,33.53355583973182,37.85170364379883,11.210193634033203,4.101829235912471,nan,,,4.548335075378418,,Gaia_DR3,-12.78977165446908,5.394762552286092,-16.44470147874874,0.42850416898727417,4.251901401348411,0.43780890107154846
Gaia,DR3,5486286083112291072,111.60306154042209,-57.44792504063158,17.919879913330078,3.194904327392578,4.922646616312596,15.183096148123962,64.69005986569849,33.671619596377425,,,4.138965787404742,nan,,,0.9646764993667603,,None,-12.581850865927903,5.550691367475333,-11.078700290032547,0.11141367256641388,9.574265232028386,0.09654050320386887
Gaia,DR3,5486667441847932288,109.56564805428553,-57.64945894199396,17.50872039794922,2.993734359741211,1.9767265159935212,15.260645669310417,66.50559209020629,33.91524828508233,,,3.962093453606363,nan,,,1.0290141105651855,,None,-11.338987896447472,5.7637050464358275,-12.879054079545439,0.10099736601114273,5.168564554668229,0.08960383385419846
Gaia,DR3,5486158539764522496,112.81418024382634,-57.74312823677686,20.010929107666016,2.776296615600586,4.526263977254359,15.595876114455594,66.37113539766686,33.47305801567209,,,4.157225711009019,nan,,,1.0717480182647705,,None,-13.069687641884073,5.497471531634022,-11.197415930424373,0.49038732051849365,8.994570531062905,0.48256996273994446
Gaia,DR3,5486402017164360704,112.74027926559758,-56.802008441861595,16.497774124145508,,3.8414117643238717,14.669160036663083,62.4736424236207,33.58202057485215,,,4.163101928214664,nan,,,1.158968448638916,,None,-13.06190966589071,5.03578194078844,-12.663372076052912,0.05603089928627014,8.383456720288287,0.059359434992074966
Gaia,DR3,5497246019313735936,102.59983087775431,-55.364383829546185,18.55167007446289,2.884408950805664,4.525023113133019,13.474948726091103,62.11700251759409,34.99778522972147,,,4.624378113015073,nan,,,1.0404196977615356,,None,-10.300416785585515,6.581209408803447,-9.087463336976562,0.17009666562080383,10.822460269748083,0.15631243586540222
Gaia,DR3,5514492408957317248,121.1785123443492,-49.3779308518809,11.065082550048828,0.7626152038574219,3.4738924033773366,11.32646856814654,57.74580681944024,32.457014169194956,25.778167724609375,0.3302799165248871,4.753505852819624,nan,,,0.8406217098236084,,Gaia_DR3,-18.16455169119421,-0.501602642015424,-14.705500524972686,0.013002317398786545,-0.8931543188519729,0.015338814817368984
Gaia,DR3,5514572398429925632,122.2127576674906,-48.95361944630694,16.876018524169922,2.884502410888672,3.7492299986285516,11.688402403901687,68.05446590476733,32.23548754550947,,,3.475710370805329,nan,,,2.098005771636963,,None,-13.554190662978138,-0.7256622677635134,-10.873129077482961,0.1261969655752182,-1.3244561850922127,0.11748190969228745
Gaia,DR3,5488859009040754816,113.49638590942003,-55.05466083346788,15.899138450622559,2.318979263305664,3.023909556540941,13.091819584904037,62.64455917970928,33.627672970411986,,,3.723589751312559,nan,,,2.814918279647827,,None,-11.922233016063801,3.5700367879285304,-10.936608763818661,0.10879404842853546,5.72941063031803,0.08957032859325409
Gaia,DR3,5489694367299265536,115.94305954091615,-52.6417268632276,16.246957778930664,,3.0497312602213835,11.444365529152986,55.90459509621083,33.383318929288535,,,3.720951783061698,nan,,,5.978294372558594,,None,-12.673193186557029,2.0357299061806255,-12.044250617263968,0.40688908100128174,-0.2723647116995134,0.41233134269714355
Gaia,DR3,5502066931125371264,100.62421475275568,-51.44340621048275,18.101694107055664,2.6552963256835938,4.4137909948812455,10.431743768482336,59.12327501774043,35.59464939467881,,,3.555036880651787,nan,,,1.0912737846374512,,None,-7.256080342022895,3.457415160726532,-5.481618322039287,0.11644613742828369,6.249050072866637,0.13091592490673065
Gaia,DR3,5486973900651494912,109.28374817099066,-56.77650485907263,15.839171409606934,2.209780693054199,2.7925347336886306,14.380465305659694,64.34451127723881,34.052788029159075,,,4.562595566932434,nan,,,1.083483338356018,,None,-12.943861525136837,6.192679516842882,-10.748358360570688,0.038038142025470734,7.740007612176099,0.03838591277599335
Gaia,DR3,5487063820086541056,109.07377780642877,-56.12188371491451,12.231379508972168,1.0307302474975586,4.2235891217222115,13.721157104888256,60.626775311471796,34.151457817850364,17.352170944213867,0.6282491683959961,4.471299585303905,nan,,,0.9884657263755798,,Gaia_DR3,-12.601677469976954,5.739873700299718,-16.57478784239372,0.011743109673261642,5.99249567666422,0.01275827456265688
Gaia,DR3,5487518571224690560,111.30675875016033,-55.514618600975304,15.460946083068848,2.2131175994873047,1.198426961796329,13.249366717189107,60.470072064853866,33.908942075730984,38.74121856689453,5.813725471496582,4.575406823217485,nan,,,0.9664490222930908,,Gaia_DR3,-13.791203576816127,5.095142263937081,-14.81652669927968,0.03098416142165661,5.628896121674652,0.02985929138958454
Gaia,DR3,5488548951059946368,117.79396124201519,-54.101485520198835,13.384136199951172,1.2916574478149414,3.5113444342533344,13.26379534919443,56.95596921039108,32.993816743746734,-9.388484954833984,1.2469576597213745,4.055961085454038,nan,,,1.078788161277771,,Gaia_DR3,-14.423759635553868,2.5764251437718384,-12.143860809612498,0.013376773335039616,0.6229536976903673,0.012792122550308704
Gaia,DR3,5489846615299190144,117.11739499212898,-51.860314293523956,14.35383415222168,1.4287738800048828,4.270313895962353,11.174793167622287,63.92677610787608,33.208333519827534,-38.69874572753906,3.8050172328948975,3.516251019829903,nan,,,1.077557921409607,,Gaia_DR3,-12.312768644610458,1.3900807951840122,-9.822601296294462,0.018292095512151718,-0.5641284085830465,0.017005527392029762
Gaia,DR3,5487196242518946176,111.63189249949656,-56.084114839872534,15.688759803771973,2.7584104537963867,4.913834852670992,13.841983849263556,59.04665144029094,33.80934330181715,,,4.136372961161753,nan,,,1.1699714660644531,,None,-12.58427517218062,4.841107669082152,-11.60210809637572,0.036985743790864944,9.011832236800972,0.03894779086112976
Gaia,DR3,5487947788779153536,114.40096775362824,-56.04439632382426,18.220895767211914,3.6041126251220703,4.268152081024872,14.190972634548034,65.271050870874,33.40870872031078,,,4.66214201799749,nan,,,0.982252299785614,,None,-15.282350196298566,4.842669605918645,-16.3678290302393,0.1567227989435196,8.894647277229634,0.13314905762672424
Gaia,DR3,5500610078218237952,94.13481994095487,-53.79831198126507,16.821060180664062,2.638430595397949,2.2091959997789363,14.74941775225938,66.41404648632182,35.923427982530185,,,3.8441021409474905,nan,,,1.0191277265548706,,None,-5.432108732957816,5.5288235385789015,-3.80654529435428,0.05183940380811691,6.278916086795967,0.061461735516786575
Gaia,DR3,5500926286598052352,94.73914989727368,-52.694963291610435,18.724807739257812,2.792814254760742,4.68134924156102,13.723091547617912,59.80904407432821,36.00433325199642,,,3.968271353821551,nan,,,1.064680814743042,,None,-5.843170828893204,5.079261740195342,-4.954147450865693,0.18316663801670074,8.893207019188218,0.1775963455438614
Gaia,DR3,5500848225565947904,96.26458574319885,-52.57036857925728,19.31552505493164,2.7293624877929688,2.1715747687877736,12.979435554242894,69.5558928623997,35.89876515667836,,,3.5412524178888485,nan,,,0.9808520674705505,,None,-5.742462384732278,4.358360308586676,-7.065634841197882,0.26516398787498474,5.29502422699113,0.2551625967025757
Gaia,DR3,5490256355177080320,106.35819341698583,-55.80726183621947,16.517961502075195,2.8059072494506836,4.145939943416217,13.456377112807981,63.98944860831384,34.52488102391472,,,4.7272153636681145,nan,,,1.0386676788330078,,None,-12.169863391208732,6.381096619458798,-11.9959870941305,0.047010891139507294,10.509049912477526,0.04250434786081314
Gaia,DR3,5515880782907671552,123.11759858896673,-48.86041860041247,10.735368728637695,0.6891098022460938,4.885284159307535,12.172197521346796,56.413503946979034,32.04009822505473,-3.340970039367676,0.3216569423675537,3.803030672630187,nan,,,0.8327327370643616,,Gaia_DR3,-15.087509174832494,-1.0139848353484435,-15.630167229587771,0.01074011716991663,-4.892825024665777,0.011039298959076405
Gaia,DR3,5517482290310973184,120.37732845302072,-49.385006528362325,16.332408905029297,2.333529472351074,3.5792372553865044,10.898774208752386,54.435490943512974,32.62064351399886,,,3.700185998104897,nan,,,1.1242592334747314,,None,-13.91162829885442,-0.23844477957403765,-14.17824671529264,0.04427032545208931,2.540730886764834,0.043208666145801544
Gaia,DR3,5490358124425006336,109.08932368077697,-55.06253481515178,17.81731414794922,3.2095947265625,4.621698844156023,12.663225988314194,67.0246676202058,34.25605174804755,,,4.975103234849823,nan,,,1.0788105726242065,,None,-14.028430435896132,5.719756847545037,-15.153079417481923,0.14764942228794098,10.434728435317684,0.13401174545288086
Gaia,DR3,5491396441359889920,105.815333412272,-54.06475982392796,19.520631790161133,2.916484832763672,1.7682147129049497,11.770105550540578,59.96283133457089,34.77070234260419,,,3.6487992495517823,nan,,,1.01414155960083,,None,-9.2130458442031,4.18641332294095,-7.90301409834522,0.31091704964637756,4.552111502079814,0.2865082025527954
Gaia,DR3,5502736735569518080,99.56571866453109,-50.60684023407678,19.413076400756836,3.1676692962646484,1.6482254068552953,10.150658899107418,44.84915252073248,35.76880917116604,,,4.316077731416452,nan,,,1.3500162363052368,,None,-8.374128044649455,3.8466118936211102,-7.021301686723481,0.41261568665504456,4.49382603439085,0.4223070740699768
Gaia,DR3,5489132448133654656,112.73681743787827,-54.43005681330029,17.390485763549805,2.4740734100341797,2.298329908799612,12.36918218910459,66.54268776086877,33.791088434624484,,,3.554245765199284,nan,,,0.9103367924690247,,None,-11.150547162534396,3.2541020510039993,-10.768800565178914,0.09351758658885956,4.933327806170179,0.08930577337741852
Gaia,DR3,5502044631653344128,101.34144943771597,-51.37681168085874,19.661605834960938,2.9122962951660156,4.873881309138821,10.139503698322173,46.068538463835516,35.52312152901422,,,4.398365576383506,nan,,,1.077850580215454,,None,-9.276216422265644,4.149936103189238,-5.71663215663439,0.37270665168762207,1.3656670642011828,0.3833272457122803
Gaia,DR3,5518043831513235584,116.84193529324342,-49.37444938282348,14.211492538452148,1.6405506134033203,4.086942488552929,9.144689259394363,39.59718965506924,33.31016274050655,67.44681549072266,2.7258763313293457,4.014190978651157,nan,,,1.0169107913970947,,Gaia_DR3,-13.966736330127912,0.4168957352364959,-16.017053700367157,0.015659356489777565,3.202111280084875,0.0166182704269886
Gaia,DR3,5519002085956035072,119.05821990959419,-46.085089997838296,19.480627059936523,2.9472084045410156,2.251851459343275,8.527535990514947,65.32187150839961,32.82968597807705,,,3.3555261375528245,nan,,,0.9896658658981323,,None,-12.27021204588351,-1.338643817296374,-11.596249909558136,0.3018563687801361,0.10466571010022074,0.3040185272693634
Gaia,DR3,5519253397387948928,121.92723338388289,-47.297830578079505,18.193645477294922,2.9412593841552734,4.438993638012057,10.805310122573362,64.88532518401624,32.25573482018621,,,3.475009813134735,nan,,,1.0135843753814697,,None,-13.476689566367611,-1.3585173073549193,-10.257740696356564,0.12389284372329712,-1.8199963599286284,0.11209753900766373
Gaia,DR3,5504175858849849472,109.50031083018212,-51.4432714172979,17.75849723815918,2.8271656036376953,4.743260658829773,9.070198279154917,50.7874870771255,34.47162002090032,,,4.742620142466303,nan,,,0.9975324869155884,,None,-13.54539256315389,3.2026752088582198,-14.309696163009761,0.10781032592058182,-1.4776028274811444,0.10398032516241074
Gaia,DR3,5504770286621187840,106.19232704036327,-50.93753490620874,13.162064552307129,1.101628303527832,3.4283430743943817,8.648704926770971,48.96330855209016,34.96566766337652,37.699951171875,1.3532384634017944,3.626048971189264,nan,,,1.0001024007797241,,Gaia_DR3,-9.280269622007486,2.6560915635777356,-8.06865450905323,0.012689205817878246,4.97983905181312,0.010795936919748783
Gaia,DR3,5505323203530286720,108.5573279034962,-49.66218592857525,18.183469772338867,1.4878807067871094,2.269370266998287,7.254586933750739,53.6797224737852,34.69659004973926,,,3.4678307407390534,nan,,,1.043810486793518,,None,-9.614316408425282,1.6793450191894608,-8.76634335911021,0.1380539834499359,0.25339750087289975,0.15459948778152466
Gaia,DR3,5488577293547364224,116.56475371759967,-54.165538434293794,18.03196907043457,2.7148265838623047,3.3707829500995334,12.957359535058856,60.64149615534361,33.19921472403836,,,4.64153534984089,nan,,,1.0345358848571777,,None,-16.04478816880389,3.267593299418751,-15.499710533950001,0.11381735652685165,6.520492446711367,0.12836723029613495
Gaia,DR3,5489923649830483840,107.25817204847685,-56.931594173904664,12.727867126464844,1.133744239807129,4.502820108570177,14.537082773887706,69.27351422996216,34.286418151746545,-29.098913192749023,1.1668299436569214,4.816363541675663,nan,,,1.012541651725769,,Gaia_DR3,-12.791934806844251,7.022673752878752,-9.484911394303504,0.013155557215213776,10.179525963173168,0.0129080256447196
Gaia,DR3,5490574968734824576,110.10106025198952,-54.804464813447254,17.7996883392334,2.6188411712646484,3.6650370216881245,12.45060888144876,53.503270352029915,34.14205257893936,,,4.052204442683384,nan,,,0.9859497547149658,,None,-11.787865018922144,4.359288604694584,-14.666752001945651,0.1059698835015297,5.589807018435769,0.09902792423963547
Gaia,DR3,5491408535987423616,106.24364556274567,-54.01577327363187,18.767559051513672,3.028085708618164,2.2208634629964816,11.685416646167416,52.466071305023256,34.72235951938903,,,3.8825880639485013,nan,,,1.0189604759216309,,None,-9.954976692425582,4.37053955844337,-8.139731224211554,0.19485244154930115,4.275124856450926,0.2602559030056
Gaia,DR3,5491540928355857408,107.15261596912981,-53.270544217069016,16.17730140686035,2.1891775131225586,1.1869201350027552,10.887736361291642,61.24048956949182,34.6716542870672,,,3.5469489273875916,nan,,,0.9932851791381836,,None,-9.38666686770329,3.536978245997841,-8.906432334673568,0.0465446300804615,4.283321860564157,0.044347133487463
Gaia,DR3,5492360403818676096,114.09222567292151,-52.899408002392825,18.183006286621094,3.232919692993164,3.1463947373763643,11.182330996331881,59.87969028848075,33.67884818160996,,,4.856632288755357,nan,,,1.0385239124298096,,None,-15.794087409171997,3.2274329296129878,-12.819393767023357,0.12619473040103912,4.463709905265634,0.1322706788778305
Gaia,DR3,5489132448136396032,112.7361131305437,-54.430638286354316,16.220605850219727,2.156383514404297,2.193227189569462,12.369633431512428,68.69220573460788,33.79115072609193,,,3.511280440825068,nan,,,1.022297739982605,,None,-11.015543208578583,3.2151291541673808,-10.467248433423556,0.04785045608878136,4.7431937160380855,0.044534195214509964
Gaia,DR3,5492775744336040192,115.12999057720612,-52.24942275650265,17.914560317993164,2.9213790893554688,2.9974083696794755,10.862191422735107,62.974025107507124,33.53918503168933,,,3.5125516919978703,nan,,,1.029098391532898,,None,-11.72753054180222,1.8852155977301859,-9.510450676860103,0.11452414095401764,1.7810715115205733,0.11598178744316101
Gaia,DR3,5493362131929044992,111.44653000473801,-51.89516206628278,17.120363235473633,2.636307716369629,3.7106407863003588,9.721103837237333,50.49066365131758,34.15300950364426,,,3.681503650716543,nan,,,1.0512579679489136,,None,-11.14138183769225,2.4077213767312706,-11.69364859050025,0.06071881949901581,5.234091669237658,0.06011810898780823
Gaia,DR3,5507347163921108480,112.58244148435418,-47.86885960618847,15.490681648254395,2.1760129928588867,2.8374232840997458,6.236254032197825,37.33479120011218,34.0925187130078,14.619755744934082,8.238737106323242,4.563024255028522,nan,,,0.9355101585388184,,Gaia_DR3,-14.255148273497584,0.4622872825471509,-15.044605043728584,0.029642896726727486,-2.150454111510185,0.0274795088917017
Gaia,DR3,5505658554578388736,110.88847762375849,-50.96436880706969,18.983675003051758,1.0422496795654297,4.878199513704983,8.735266356918011,45.070831228964,34.286164328120904,,,3.7198508494936604,nan,,,1.1147849559783936,,None,-11.077175701988905,2.0816101988095728,-9.225676408139242,0.40169498324394226,-1.2658671413820044,0.3230886459350586
Gaia,DR3,5492396382759983616,114.65343331344442,-52.47976627256499,20.00518798828125,2.428403854370117,4.762982462681678,10.937655072477918,63.91274829110245,33.6083856688849,,,3.5005346677417384,nan,,,1.047727108001709,,None,-11.54853462708551,2.0549615871968268,-12.58940161585863,0.5725146532058716,5.412139824252055,0.47727450728416443
Gaia,DR3,5492494892130308480,111.9783844239105,-53.02291062542588,18.951095581054688,,3.2315784430021397,10.893881963591367,54.190995026995765,34.00466589930153,,,3.706191766407174,nan,,,1.1050173044204712,,None,-11.386269516890495,2.8651211451243115,-8.891784579954276,0.4399758279323578,3.2554581470771744,0.4661443829536438
Gaia,DR3,4795191794684147840,87.14831326797248,-47.03861103430572,18.01051139831543,2.7750377655029297,3.566177766317451,15.669921093233127,67.98638761609229,36.89631770962622,,,3.9830765675966027,nan,,,0.9715484976768494,,None,-2.8559550879729168,2.5150999058249583,-4.903245579036301,0.11445432901382446,4.70031443837279,0.10746972262859344
Gaia,DR3,5505716343360669696,111.87114159130205,-50.23453731918158,12.350895881652832,0.942474365234375,3.6446176719642054,8.201405356385,54.624763576369645,34.16009193434293,-4.933752059936523,0.8211687207221985,3.4979528829730664,nan,,,1.049157977104187,,Gaia_DR3,-10.714200328227768,1.4957352229166396,-13.125760111467514,0.011737918481230736,0.3094269640721492,0.011752542108297348
Gaia,DR3,5506146359784128000,111.73334126460827,-49.093670015389606,11.646681785583496,0.7659139633178711,4.987991758864733,7.097973478774024,44.28229891111455,34.21650292216841,-1.8691751956939697,0.759854793548584,3.611992118036096,nan,,,0.9677746295928955,,Gaia_DR3,-11.020572619394285,1.0460270375174643,-10.8407150881344,0.013842407613992691,-2.7477895697625687,0.012394488789141178
Gaia,DR3,5497165858044224768,100.34317677620241,-54.90343742453951,13.288716316223145,1.1797990798950195,1.2236146963801058,13.533926786767765,65.09936392595182,35.27863224223219,15.749364852905273,1.7709945440292358,3.7052676560875155,nan,,,1.4680978059768677,,Gaia_DR3,-7.463741616700142,5.306202984636216,-6.51173482673339,0.01982712745666504,5.221417660966418,0.01771681010723114
Gaia,DR3,5497377960710094720,103.75784725030421,-54.58751332228272,15.037384986877441,1.905670166015625,2.6642320438776586,12.53770614479237,64.75846795081993,34.95937488105848,7.78786039352417,8.467473983764648,3.607881261969809,nan,,,1.1908509731292725,,Gaia_DR3,-8.425945087586477,4.63736866863408,-6.457429522752523,0.035569824278354645,5.1180579494876675,0.03035792149603367
Gaia,DR3,5531058166537399936,117.64435862155757,-46.042502890987684,14.711563110351562,1.6042594909667969,4.2002818585990305,7.610188110372526,61.22285016865206,33.120633634292815,27.599817276000977,3.9569783210754395,3.375779897066571,nan,,,1.049349069595337,,Gaia_DR3,-11.964359515655392,-1.1481859592152617,-8.99585521984515,0.019479544833302498,-1.4986739300405212,0.01863664574921131
Gaia,DR3,5531092869874211328,118.43741432907741,-45.546116304236854,12.0265474319458,0.837677001953125,4.546113537633712,7.9322737439023525,58.27646045083223,32.94109942337598,28.33965492248535,1.1151256561279297,3.429795162540213,nan,,,0.8685523867607117,,Gaia_DR3,-12.37323539791006,-1.4952968715306225,-9.131399440668487,0.010953654535114765,-2.0383179517252574,0.0125660989433527
Gaia,DR3,5531198178168184448,118.84876339920415,-45.17676260449054,11.807106018066406,0.7982416152954102,3.8608913993729064,8.093278881520938,56.49449525694728,32.84015086278525,29.699636459350586,1.2800410985946655,3.463487333817678,nan,,,0.8397564888000488,,Gaia_DR3,-12.607731808039464,-1.72901692561154,-9.84220119896926,0.011531056836247444,-2.275374965479995,0.011321396566927433
Gaia,DR3,5531494707017052928,118.15160282494719,-44.3179167360019,16.203214645385742,2.3766231536865234,3.435104830015333,7.405836326476242,51.8932893470774,32.95007613050281,,,3.5016884696166004,nan,,,1.5436842441558838,,None,-12.552867425740708,-2.0039666745349956,-10.031859567496396,0.06503796577453613,-2.277129229818157,0.06693371385335922
Gaia,DR3,5498224103626405760,99.86857191027808,-53.709763508519835,9.246627807617188,0.6525163650512695,3.1388173103466444,12.607041388882024,58.31087710544701,35.45868981459006,15.276497840881348,0.25058069825172424,4.5819549225905165,nan,,,1.0337040424346924,,Gaia_DR3,-9.022520134995194,5.910838475118618,-6.0738338730036,0.01944224163889885,5.205584797159688,0.020387055352330208
Gaia,DR3,5498469569597001728,102.39176149779202,-52.96988887671496,17.44194221496582,2.667001724243164,2.662064970356217,11.275014850012434,59.56899077920411,35.2720818648793,,,3.6122609874749294,nan,,,1.0147815942764282,,None,-7.975553751620297,4.045344747215356,-8.48433878181753,0.08384541422128677,6.00762285218974,0.08532156050205231
Gaia,DR3,5509121084195169408,103.16728586420696,-48.94855103150128,17.394224166870117,2.539243698120117,2.8603407016811384,7.453897313082704,51.634631939387766,35.46296931833869,,,3.508021782179728,nan,,,0.98210209608078,,None,-7.999906541273155,2.0081029170606146,-8.796178149793148,0.06901922821998596,0.04840065120516488,0.07255467027425766
Gaia,DR3,5491664348536447744,109.17593017110899,-53.436948522152115,9.1834135055542,0.48052310943603516,3.3854852686203927,11.04252216713863,47.756780538893295,34.384818599955125,16.825294494628906,0.683139979839325,4.014741160450432,nan,,,0.9256705045700073,,Gaia_DR3,-11.351292519973471,3.7770260600038617,-10.125253982983478,0.017003236338496208,6.366767703949977,0.015007659792900085
Gaia,DR3,5492505371851500288,112.2121183545649,-52.826214894761875,17.44571304321289,,4.708772716449132,10.740657379225077,55.77668293917146,33.98103007226768,,,4.746224564158838,nan,,,1.062590479850769,,None,-14.676864778108158,3.5046793113084815,-10.039016846439655,0.1042446494102478,2.6755925828933833,0.10703529417514801
Gaia,DR3,5493195830796695936,115.80446560989614,-50.79970901556283,14.527552604675293,1.7567968368530273,3.494891941930724,9.835451415950187,42.19309206961723,33.4740760284713,13.549814224243164,3.3594703674316406,4.1558072144536995,nan,,,1.0051466226577759,,Gaia_DR3,-14.106898364977617,1.358233339579364,-13.879942608515831,0.016998665407299995,4.4116359079384875,0.018157383427023888
Gaia,DR3,4801247118752397568,87.0331878606965,-46.1842567775272,17.64272117614746,2.741943359375,3.490649450821239,15.631310637451158,67.3190100260501,36.94153931133805,,,4.027738205516074,nan,,,0.9536182880401611,,None,-2.8413049016727703,2.079736027395723,-2.1756964689438942,0.09426891058683395,-0.8084252876257845,0.09863676875829697
Gaia,DR3,5491268623131708800,108.08843439150273,-53.98943651222708,20.016212463378906,3.003753662109375,2.974931824626261,11.580529998425435,65.80245229166056,34.48722816246758,,,5.044177968905406,nan,,,1.0045055150985718,,None,-13.773351792914607,5.313313990089872,-14.799737128773097,0.3994627594947815,2.321016300682057,0.47444307804107666
Gaia,DR3,5493316227318971520,112.73419375939781,-52.01152930525362,14.061388969421387,1.650705337524414,4.906413273683372,10.057992157041335,43.10605188023729,33.94455673816631,-4.6507344245910645,4.103451728820801,4.08860376854031,nan,,,1.2911314964294434,,Gaia_DR3,-12.826044488786327,2.51060526297611,-11.088485363789877,0.020376116037368774,-1.3448757958022042,0.019634336233139038
Gaia,DR3,5494298980258186240,116.0606860633156,-48.871560460300536,20.13878059387207,2.5103626251220703,1.6396841713298878,8.428092258357177,36.8589277296393,33.45977360945765,,,4.224062669135244,nan,,,1.028442621231079,,None,-14.427536294589967,0.327728352518176,-13.741098877971023,0.5212216973304749,1.6164053727146586,0.5312015414237976
Gaia,DR3,5483894031143022464,105.49111432835329,-57.41982381837874,12.896472930908203,1.2074871063232422,1.7910876420133461,15.11548086883104,64.8211663823806,34.42905940034717,0.43449023365974426,2.0106282234191895,4.061466929213747,nan,,,13.098062515258789,,Gaia_DR3,-10.134567197643264,6.443939349254046,-9.42835093886013,0.18680819869041443,5.082704703731747,0.1988745629787445
Gaia,DR3,5493441537285121920,113.36874585989086,-51.269211228909526,16.38298988342285,2.4435672760009766,3.293530861651102,9.50763017114697,40.96951856184828,33.87548814950632,,,4.0387982399557485,nan,,,1.1018491983413696,,None,-12.88780944990244,1.9947334309528522,-14.12306343621098,0.04312986880540848,4.512182201300131,0.05843281000852585
Gaia,DR3,5507256797809088000,111.46574525905923,-47.34202793104259,14.206016540527344,1.438467025756836,3.092386174200818,5.416868794397649,52.25916412611831,34.28807859880753,31.520971298217773,2.578356981277466,3.4211206284896383,nan,,,1.0314140319824219,,Gaia_DR3,-10.359072231871057,0.2711941650154759,-8.130439180685723,0.015747223049402237,0.18630112230495108,0.01790052466094494
Gaia,DR3,5508532879833381504,107.58886093405644,-48.69594170894174,18.942707061767578,3.045368194580078,1.1319410695669498,6.30586874906814,27.675510499824096,34.87470930914991,,,3.9872506794371563,nan,,,1.0293629169464111,,None,-10.708628906885819,1.5766478309747138,-11.535343845706684,0.2914256751537323,1.1056799421792465,0.2757547199726105
Gaia,DR3,5499171294237154176,93.70172234245216,-55.306853905660944,18.663583755493164,3.0633373260498047,4.722257230794617,16.012216114379815,68.09245614619074,35.759872072472824,,,4.272265173649991,nan,,,0.9836933612823486,,None,-5.854954289492421,7.031772580967301,-2.571210789762806,0.18171465396881104,4.328931223202425,0.1977364718914032
Gaia,DR3,5499734042328879488,97.36153771815563,-53.731143541296625,18.98426055908203,2.539133071899414,3.5450510817806955,13.442489414082203,57.69149874920643,35.68328124144108,,,4.2841631532482225,nan,,,2.710477828979492,,None,-7.403541392402651,5.818079620824278,-6.673944199885232,0.5693798661231995,2.700623652282798,0.6370225548744202
Gaia,DR3,5534953289552079616,114.41162322182716,-44.405929616500806,19.390872955322266,3.0114803314208984,3.2168287398597486,4.865472814620904,27.296251521503986,33.713113951821555,,,3.7984544528388646,nan,,,1.100609540939331,,None,-12.454599534938701,-1.5376227758668821,-10.050037637861971,0.2856478989124298,-2.461341618131665,0.3884666860103607
Gaia,DR3,5536100114542595712,114.06858880980691,-42.54870974912942,18.0497989654541,2.7253646850585938,4.582720690728903,4.254870610418664,26.217420123213397,33.70146929442792,,,3.7776729255753962,nan,,,0.9591420292854309,,None,-12.277734757420163,-2.349175352046849,-8.632821306798212,0.10493240505456924,-2.1653147184038835,0.10335952788591385
Gaia,DR3,5509523234868594816,104.55428545344407,-47.597673749697485,18.875938415527344,2.248746871948242,3.0273531105181593,5.823531874172693,54.604584198470654,35.33562737583321,,,3.402782273602571,nan,,,2.0928308963775635,,None,-8.197854047080725,1.204560644588883,-6.606830198677333,0.41886603832244873,-0.27350531833462843,0.749997079372406
Gaia,DR3,5510553369890416384,109.84660230858887,-46.19321045427174,17.925630569458008,3.013751983642578,2.1204871315973164,3.9415286364331417,57.0980242246175,34.56297804882416,,,5.221674855455392,nan,,,0.974705159664154,,None,-15.073053097730556,-0.028443894102728073,-13.036052425823023,0.0948844701051712,-1.1682182345646108,0.09603641927242279
Gaia,DR3,5493520805198319616,113.68478286542188,-51.03464550617805,19.022424697875977,2.983896255493164,4.456502280865272,9.374976300629106,54.90391953878391,33.832099372765775,,,3.5619262832691505,nan,,,1.0062265396118164,,None,-11.46134924509311,1.6060390464230903,-11.656255426116749,0.21033762395381927,4.946700455723072,0.22127693891525269
Gaia,DR3,5494096227740667136,115.88500317104945,-49.2824652479975,19.288728713989258,3.018777847290039,4.613981854623684,8.65905871382152,63.19239206790471,33.48859312831034,,,3.390526652386501,nan,,,1.0231820344924927,,None,-11.531617327265907,0.46153351737013804,-13.228302591966138,0.25725647807121277,-2.3664068608058337,0.2891533374786377
Gaia,DR3,5497185992850609152,101.0531990189409,-54.695487545609,6.453283309936523,-0.16031789779663086,4.971121105114086,13.172399563618333,57.54414394189329,35.23350642836642,,,3.960471977070073,nan,,,1.0348000526428223,,None,-8.244702262338473,5.4826317512076175,-12.340986556006126,0.04478175938129425,6.150826888895237,0.047221146523952484
Gaia,DR3,5497370573365739904,103.34896964731898,-54.70322779837204,18.599319458007812,2.5948486328125,4.678885511279872,12.714946636919649,65.22314776077503,34.992276834440624,,,3.6136225351773716,nan,,,4.547598838806152,,None,-8.301926387300922,4.747313644253102,-8.248944740567111,0.6213113069534302,1.183388871779599,0.6082600355148315
Gaia,DR3,5496235052731834880,96.65998578002485,-56.26008320255843,17.31672477722168,2.5399436950683594,4.938155550673886,15.742941978583367,69.98856235810712,35.4190846844304,,,3.877669850959333,nan,,,1.0249472856521606,,None,-6.437163115037796,6.615723368434471,-3.9260440696291474,0.08382701873779297,9.776302473126028,0.09206727147102356
Gaia,DR3,5509139333512748800,103.89482436543044,-48.75091334565874,14.160018920898438,1.5826025009155273,1.5389263071398362,7.048407366046737,31.34635680722243,35.38026725713875,25.27643394470215,3.747122287750244,4.226932371414566,nan,,,1.2300394773483276,,Gaia_DR3,-9.925434986532162,2.2171474378897353,-11.08266616530937,0.01969403401017189,2.952876072435836,0.02097090147435665
Gaia,DR3,5509942969136422144,106.88499137133118,-46.20542011061846,12.734380722045898,1.1739511489868164,4.804360647393719,3.9284730293558145,47.643853445213125,35.03018746352976,-5.302201271057129,1.341559886932373,4.963038112402042,nan,,,0.9786257743835449,,Gaia_DR3,-13.0141448095859,0.490843396189395,-13.206152259379083,0.011358415707945824,5.513777113413727,0.010803359560668468
Gaia,DR3,5502687394984135552,98.17981229825095,-50.789523230783416,20.34408950805664,2.431842803955078,4.117040730341505,10.869347670924174,50.44102101953313,35.89098418939162,,,3.820770290401318,nan,,,0.9907367825508118,,None,-6.904791847954007,3.6312622406885873,-4.187896992209932,0.5208410620689392,5.532575072712783,0.6673649549484253
Gaia,DR3,5496721002511514112,98.4913604961366,-56.74465210313988,9.752708435058594,0.45038700103759766,0.16093854408887254,15.646301203418451,67.91882670257593,35.204112388825436,-5.069308757781982,0.599686324596405,3.980411004525082,nan,,,0.955211877822876,,Gaia_DR3,-7.312714267223535,6.856231864502808,-7.190560195167517,0.01650618389248848,6.913813117432115,0.015077970921993256
Gaia,DR3,5498565703848685824,102.67516163512799,-52.84126835788983,16.87251853942871,2.3209943771362305,4.417412324970064,11.090786427914985,65.66640662187983,35.2524517849722,,,3.4792988620581777,nan,,,0.9375994801521301,,None,-7.774392635154435,3.8078519672669726,-11.004081784393431,0.06649158149957657,3.549014762735456,0.06025415286421776
Gaia,DR3,5499779873923387264,94.92161395606924,-54.54259498666327,19.406919479370117,3.1963634490966797,3.324336345681442,14.975238754959083,63.86824617400402,35.777010002408105,,,4.273854449939679,nan,,,1.1547852754592896,,None,-6.369608716178841,6.4977062388588855,-7.379016985159693,0.3059055805206299,9.317619669069945,0.32736873626708984
Gaia,DR3,5486640061432735360,107.84244145203567,-57.75648030340267,11.175220489501953,0.6967535018920898,3.319731906111022,15.349453647656565,65.34707988865952,34.11417962137854,11.118208885192871,0.4754285514354706,4.153437787465529,nan,,,0.8296631574630737,,Gaia_DR3,-11.249574140593646,6.391836553744536,-13.845145432573215,0.013909841887652874,5.083407964700834,0.012600806541740894
Gaia,DR3,5510250046416568704,109.17530694849941,-47.24976991705094,11.389307022094727,0.7481203079223633,2.8511494420917773,4.87943460911698,62.51703544662693,34.66529135181925,10.396650314331055,0.6318421959877014,3.2828307126033702,nan,,,0.9192324876785278,,Gaia_DR3,-9.281705206994651,0.5041658303079757,-9.267256069493286,0.018002834171056747,2.4772614515356457,0.014884592965245247
Gaia,DR3,5510333574940845312,111.30163773366333,-46.76634196055969,18.053539276123047,2.9764137268066406,3.826875908768638,4.851398269162439,24.721386842484,34.3182188013359,,,3.8609352837334314,nan,,,1.0356303453445435,,None,-11.635927127523452,0.04979334802753854,-13.102885449841853,0.15064775943756104,2.7975060233904623,0.1663733571767807
Gaia,DR3,5551839932728765184,97.0225823984085,-49.25523235265264,16.534704208374023,2.5228824615478516,1.0245072456244608,10.402323720593946,57.973139499071756,36.108189500516126,,,4.867588536326172,nan,,,1.0356453657150269,,None,-8.251864625285524,3.7681845544635624,-7.9928721327237495,0.048625607043504715,2.7493019860700554,0.048961091786623
Gaia,DR3,5503927678460200320,106.75241885406317,-51.951801103229464,18.91340446472168,2.7572574615478516,4.695599982751257,9.599342483822252,41.16542483837879,34.82489966379911,,,4.143508010837345,nan,,,1.0568193197250366,,None,-10.815417294758959,3.493206357556012,-6.78446913618646,0.21653489768505096,2.7353351879323666,0.21508198976516724
Gaia,DR3,5504962804235736448,106.16715466965442,-50.803861144515515,15.281098365783691,1.9232597351074219,4.913606756070068,8.520201111835732,66.67597263890642,34.97704089350811,39.73270797729492,4.1837382316589355,3.3370297280834724,nan,,,1.0434397459030151,,Gaia_DR3,-8.532923672956715,2.3898587412232613,-10.657544919725716,0.024959245696663857,-0.3367168004037542,0.023499667644500732
Gaia,DR3,5498864466070659456,103.2290311231516,-51.903611720874146,14.151613235473633,1.4396114349365234,3.5494188475731865,10.094729012880867,47.451162187790274,35.26872331383072,17.98328971862793,2.6655030250549316,3.811379660566309,nan,,,0.9796573519706726,,Gaia_DR3,-8.713649736571657,3.641370407140988,-10.529767025950624,0.01837245374917984,5.840215489569322,0.016632556915283203
Gaia,DR3,5498839001207579904,102.97081101523911,-51.99577374645815,18.277637481689453,3.156373977661133,0.8833267282542372,10.240355148914793,48.73639377417255,35.29130806791355,,,3.7882743840197546,nan,,,1.011001706123352,,None,-8.569531201427111,3.695220860238338,-8.432179003311177,0.14250598847866058,4.387150247303579,0.14285482466220856
Gaia,DR3,5501747316838760064,101.80916385145896,-52.303730862476364,12.034953117370605,0.9616374969482422,2.6282890864204482,10.816827562265447,59.34059889295302,35.39569080186467,7.262969970703125,0.4641602337360382,4.875759274812828,nan,,,0.9911492466926575,,Gaia_DR3,-10.498211479853591,5.1237088510194955,-9.210439056985262,0.011504185386002064,7.498535659870485,0.011738911271095276
Gaia,DR3,5500848221270152320,96.26556928844956,-52.57064870211828,18.645668029785156,2.4493179321289062,2.021599676378814,12.979229706034566,65.95409939921744,35.89865642811769,,,3.6216148280112077,nan,,,1.0372532606124878,,None,-5.873124232496904,4.457319554257006,-7.07138041383723,0.17155393958091736,5.430139128997254,0.1552039384841919
Gaia,DR3,5501312352616129152,99.37095211043342,-53.115886614482726,19.744564056396484,3.0615406036376953,0.47849688959258474,12.252770244209097,53.534570982066334,35.56824227715206,,,4.352676394483645,nan,,,1.060478687286377,,None,-8.364045065646886,5.336123276394182,-8.658240499031555,0.407523512840271,5.010200991575891,0.4083157777786255
Gaia,DR3,5501337920555880576,100.51786360278786,-52.7549295070911,17.063440322875977,2.6194162368774414,3.9854231442923767,11.585319563998267,50.866684887352775,35.49064498349897,,,4.347912089724237,nan,,,0.9788528084754944,,None,-8.830470956980957,4.987729592806392,-12.462361283230644,0.06597549468278885,5.37963111729893,0.07762286812067032
Gaia,DR3,5512864272751616256,121.26091974593064,-52.2986368022079,12.939937591552734,1.0177936553955078,4.493825376194196,13.184235021398381,69.97083305058243,32.42439489747333,14.393133163452148,1.225793719291687,3.5494620857453634,nan,,,0.9625083208084106,,Gaia_DR3,-13.585878633386558,0.8487925786903059,-10.238426155696564,0.01593868061900139,1.167181733855009,0.017523864284157753
Gaia,DR3,5504769805584856320,106.28822817491194,-50.938365605440204,17.501497268676758,2.445606231689453,3.416158097139412,8.638844569909296,53.28512909130946,34.952798803440025,,,3.5445756854254906,nan,,,0.9463104009628296,,None,-9.102690599288335,2.584981028301337,-11.566041009186806,0.08061505109071732,3.2543048346751275,0.07813948392868042
Gaia,DR3,5506166941267291264,111.4343671610495,-48.87007411145036,14.039735794067383,1.4383659362792969,4.752834471010871,6.8199759105062014,36.432733951268666,34.27103322661334,-1.917052984237671,2.0536465644836426,3.751731409784391,nan,,,1.0489463806152344,,Gaia_DR3,-11.349962030841933,1.0256088306714508,-12.37863986689026,0.014973513782024384,-2.5899305312814977,0.014968478120863438
Gaia,DR3,5513946810668885888,118.72522805988511,-50.74646853578391,15.696492195129395,2.186354637145996,3.2826595796993017,10.971250065020682,62.782369210424356,32.93830335072422,,,4.989749806148312,nan,,,1.0133435726165771,,None,-18.114837688449626,0.9060627153979945,-19.04286802493531,0.032173190265893936,4.232011132456362,0.03308199718594551
Gaia,DR3,5500906430962495104,94.53044033452878,-53.00958030658466,10.822017669677734,0.7466926574707031,4.164182780969574,14.030666876168405,64.75430966396749,35.98566482616536,15.759733200073242,0.4017224609851837,3.786099828976049,nan,,,0.9902716279029846,,Gaia_DR3,-5.497366820302542,5.020022743134079,-2.866784467221824,0.012944178655743599,2.9886248430531914,0.01313747838139534
Gaia,DR3,5501126848683411584,96.73813566704229,-51.58917677546239,17.52358055114746,2.6574268341064453,1.2864159373431765,12.072624159389202,53.784707443771715,35.95337450772212,,,3.900112912394005,nan,,,1.0689102411270142,,None,-6.504037271277953,4.252019076327788,-5.479024161405848,0.09470826387405396,4.512811107679344,0.10573116689920425
Gaia,DR3,5499984864121718272,96.2013959576838,-53.294805349748756,9.207969665527344,0.5408010482788086,1.2115632405375567,13.54074391713365,57.9733868416798,35.82718767645686,16.27103614807129,1.7223966121673584,4.082692430460545,nan,,,3.910627603530884,,Gaia_DR3,-6.5953275954456085,5.421077915883755,-5.889778692185154,0.06092780828475952,6.1888979755985165,0.07241756469011307
Gaia,DR3,5501030229099307264,95.48160479355461,-52.35662314303648,16.42400360107422,2.335505485534668,4.393184591759509,13.162604116552103,64.04077858839419,35.982928040139285,,,3.6911536064140957,nan,,,0.9818984270095825,,None,-5.703525634590757,4.501783363734817,-8.907852940162025,0.04860186576843262,5.6927003084568994,0.06642383337020874
Gaia,DR3,5502789752646044928,98.75800131296415,-50.444075081402886,19.41258430480957,2.7862510681152344,4.31606372760966,10.366408846604482,50.965011657674566,35.86159291681972,,,3.7361744950060336,nan,,,1.1014595031738281,,None,-6.959786252701206,3.3269071111317357,-10.067070349018076,0.37327638268470764,4.7056459584726795,0.343091756105423
Gaia,DR3,5503489974049784960,105.11821214258588,-53.53709545293834,17.490123748779297,2.5442066192626953,1.1869812364028731,11.326569897433673,51.18316471896789,34.90477349664886,,,4.439135629934227,nan,,,0.9952566027641296,,None,-10.92511236093936,4.901414692143764,-11.746710440846543,0.08239736407995224,5.648970841702839,0.08250454068183899
Gaia,DR3,5502703376559089664,98.91285398991901,-50.939438606425156,18.16041374206543,2.625539779663086,3.9680895822149806,10.670913610115027,60.83957972302293,35.80865860889962,,,3.5391640508798785,nan,,,3.071787118911743,,None,-6.645417688409658,3.36894438551103,-6.190449784358111,0.37516337633132935,0.44355488868165616,0.387900710105896
Gaia,DR3,5503575942116054528,107.33670536646864,-53.085560175471265,12.911495208740234,1.1224498748779297,1.0095001333859128,10.695221258276378,47.23305842003304,34.66245007875186,2.9094324111938477,2.991450548171997,3.9369450752443194,nan,,,6.0869460105896,,Gaia_DR3,-10.48413884966263,3.8060433331181884,-9.913612403729198,0.10543561726808548,3.192478045507862,0.08856142312288284
Gaia,DR3,5489659247348529280,116.22459003465448,-52.984641467780456,20.128032684326172,2.492847442626953,4.975807327115844,11.826532928857112,65.18305246001962,33.31927596636478,,,3.5393055441248356,nan,,,0.9607720375061035,,None,-12.13625523203831,2.0380332913411046,-11.6046339485753,0.5262890458106995,-1.6362618723240931,0.5697216987609863
Gaia,DR3,5502196948375350016,103.50131792005061,-50.24619917779952,9.759641647338867,0.5203561782836914,3.01008357589648,8.504079967785062,47.35932073784683,35.35184291486514,1.838440179824829,1.3035098314285278,3.6480555447392105,nan,,,0.907646656036377,,Gaia_DR3,-8.432776345158873,2.6682190344297845,-8.295086231031897,0.014123653061687946,0.3574225297797438,0.014116637408733368
Gaia,DR3,5513837890298852736,118.1839954539525,-51.575982240993916,8.487785339355469,0.12613296508789062,4.039477308059884,11.356324934680208,50.77523800908077,33.02282447808752,,,4.406105834377819,nan,,,4.612356185913086,,None,-15.806416255257842,1.360897365800537,-12.325921648575811,0.10427997261285782,2.7624027315015445,0.11762359738349915
Gaia,DR3,5505923330722213120,112.72801411716549,-49.27310534525947,14.05337142944336,1.3800134658813477,1.8451730571873588,7.5209805790587465,59.038803671163926,34.045911779033794,32.41508483886719,2.2418057918548584,3.4021982468586383,nan,,,1.0465487241744995,,Gaia_DR3,-10.67097960445093,0.9236905759947973,-9.66260527138271,0.015030276030302048,0.06663529537722351,0.015437656082212925
Gaia,DR3,5506769920317679616,114.78736191289623,-46.83906041061356,16.061872482299805,2.260329246520996,3.526318492475565,6.393384895417576,62.411977809494715,33.694125777930495,,,3.320845999934742,nan,,,0.9396708011627197,,None,-10.99282966834475,-0.39278464859601137,-12.391494633160761,0.03470493480563164,1.6414294269544896,0.03547000512480736
Gaia,DR3,5506954702690541824,112.09435204875598,-48.394577362480064,17.42501449584961,2.377107620239258,4.144908505365569,6.548478569977667,31.003045275628942,34.16988537968246,,,3.87518535382994,nan,,,7.261960983276367,,None,-11.944118067135031,0.7248968593665399,-8.690293314839588,0.507144570350647,-0.2122491396446019,0.60539311170578
Gaia,DR3,5555782742769744768,99.94132289251412,-45.93667552302219,19.101242065429688,0.058185577392578125,2.800210595657115,6.951151383922134,34.13341517371745,35.9517186371602,,,4.381317682629411,nan,,,1.0412689447402954,,None,-8.657843843270813,1.1597415720997057,-6.8844064866387775,0.23766650259494781,-0.7228389359645757,0.27100443840026855
Gaia,DR3,5507883863030587392,114.02176233190059,-45.29281343397147,19.044410705566406,2.7973670959472656,2.51208940560993,5.030781898804533,58.98324783287148,33.81280876923407,,,3.3273230189446323,nan,,,0.9878737330436707,,None,-10.800959557099192,-0.9279820834068779,-9.103054902155808,0.1852833330631256,-1.3991347550735163,0.1803048551082611
Gaia,DR3,5508951660623244928,108.71381572660964,-47.19695385225487,12.156512260437012,0.847773551940918,4.11442949692617,4.796105515075,65.66433924448657,34.73876960293007,19.529909133911133,0.783482015132904,3.2457452742507353,nan,,,0.9666094779968262,,Gaia_DR3,-9.043837699061928,0.5304294565935899,-6.240816419321637,0.011520314030349255,0.7924329923752429,0.011394571512937546
Gaia,DR3,5509065150837770752,104.10354852630364,-49.20118074632027,17.646284103393555,2.5545921325683594,2.9365765029255875,7.392078056230891,58.28719766311379,35.33302925957896,,,3.407608882672002,nan,,,0.9974381923675537,,None,-8.067476309946409,1.965039735057574,-6.122930505775835,0.08653830736875534,1.1472438794479216,0.1119949072599411
Gaia,DR3,5509348240722043904,103.96243191794606,-48.363629042970516,15.926861763000488,2.137287139892578,2.60886208090494,6.685688887678498,33.73025655872968,35.387527864028975,,,3.8074728810443497,nan,,,1.0242751836776733,,None,-8.964358587001925,1.7971090111649692,-10.999388254310519,0.037531521171331406,1.303609108249287,0.040347710251808167
Gaia,DR3,5504474311835220224,109.00538159801134,-50.51541324811957,12.177145957946777,1.0216636657714844,4.053169101111065,8.120038206503013,57.090949410052204,34.59273652776172,11.249303817749023,1.1250828504562378,5.027365866487676,nan,,,0.9427740573883057,,Gaia_DR3,-14.138358964312346,2.897512923287458,-11.76298503898474,0.010714509524405003,6.4766198877710295,0.012450340203940868
Gaia,DR3,5504663977590167936,105.60294192391,-51.33607079193653,18.805179595947266,2.7583179473876953,3.259736028860542,9.113241699231503,55.88205882600691,35.0178207288364,,,3.5277516529461317,nan,,,1.0072578191757202,,None,-8.838904941811998,2.8367759902658256,-7.465859671393897,0.2100459337234497,0.8388817024441508,0.2549651265144348
Gaia,DR3,5504213555780407424,109.83865147986552,-51.08746055468063,18.466012954711914,2.877166748046875,3.1883672991312872,8.740856332590035,49.53579628427949,34.44035242925786,,,3.6212963157775198,nan,,,0.9709063768386841,,None,-10.450815005739571,2.2340999184170545,-8.566228207169107,0.15168502926826477,0.6937186789211855,0.16840431094169617
Gaia,DR3,5506105265537076992,111.88970748056623,-49.084060249859775,10.833002090454102,0.7146501541137695,3.0174507360583593,7.126415117667999,47.266542608731434,34.19082272570827,-36.92945861816406,0.40962791442871094,3.5620156649581842,nan,,,0.9327325820922852,,Gaia_DR3,-10.91612307706563,1.004778835534855,-10.65860271859021,0.011738719418644905,-1.2463695014404825,0.011015373282134533
Gaia,DR3,5506260983871842688,114.39798011958138,-48.92115682479494,12.7539644241333,1.0696840286254883,0.3712335239956121,7.775663774018635,47.0399588825962,33.76198281654587,62.82126235961914,1.183515191078186,3.6035118213350694,nan,,,1.0102903842926025,,Gaia_DR3,-11.811293207301828,0.565425020969414,-12.093188755234028,0.01112519670277834,0.5573927244170764,0.01163253653794527
Gaia,DR3,5503988602573701888,108.32164569955624,-52.33478010974401,16.867509841918945,2.4617462158203125,1.9629527500827912,9.925026998359698,58.97754658215176,34.584716492751085,,,3.523485472360434,nan,,,1.4516863822937012,,None,-9.694516647066257,2.9386439140062457,-10.961253289914103,0.08491011708974838,2.2166328016557446,0.08621780574321747
Gaia,DR3,5492654798058064384,113.02575282850573,-52.0535760650414,18.984148025512695,2.9971694946289062,4.123975909934172,10.157832799946464,50.15961502584227,33.895693628855376,,,4.592119015121814,nan,,,0.9311110377311707,,None,-14.519695547636976,2.7858820642989137,-10.57161217561594,0.18607822060585022,3.3782550416229933,0.1873435229063034
Gaia,DR3,5493614190672359552,111.98801053943268,-51.09774640915427,18.218778610229492,2.7651233673095703,4.915287842506551,9.04466234734717,55.553052398504065,34.10704731569852,,,3.5293537238529495,nan,,,1.048467993736267,,None,-10.845907043521596,1.8749535567553486,-12.334527075300134,0.1597331315279007,5.215358548374859,0.20067699253559113
Gaia,DR3,5507883858738571392,114.02240233085804,-45.293619319153365,19.086524963378906,2.8135852813720703,4.42708026393997,5.031597980589233,32.62484577206905,33.812706442076156,,,3.702466868969385,nan,,,0.9872120022773743,,None,-12.018928699130823,-1.0323327308485055,-8.57223340381451,0.18395213782787323,-1.2776208840100858,0.192579448223114
Gaia,DR3,5503076931338984192,102.24854996064221,-49.503040866039335,17.360740661621094,2.7178192138671875,2.4492770502123187,8.241234296126086,48.46659762266127,35.54549950730751,,,4.7412957944436,nan,,,1.0340639352798462,,None,-10.404631240390698,3.186553192662404,-9.80711459440937,0.0875072106719017,5.560597827522908,0.07595710456371307
Gaia,DR3,5504929784526204672,104.70690808804858,-50.971146251993744,10.043095588684082,0.7515506744384766,3.179464499926729,8.906508475960802,53.37109615112253,35.156438170205405,2.604231834411621,1.2005611658096313,4.846099024255084,nan,,,3.781818151473999,,Gaia_DR3,-11.743257343420604,3.8139100585888404,-9.249947338863866,0.07098036259412766,1.7320944252707318,0.05808379501104355
Gaia,DR3,5505448169899698176,107.05385317646775,-49.728317347704944,17.58110237121582,2.697011947631836,4.229380399368118,7.369265672816036,62.2587044291981,34.9114327730649,,,3.3534138144023955,nan,,,1.059732437133789,,None,-8.844577813758836,1.8338853477125898,-8.256965411828714,0.08932621031999588,-1.0976933524526857,0.08718255907297134
Gaia,DR3,5506093853805089408,111.74496124473715,-49.31430465011313,20.01646614074707,0.305206298828125,3.238341449417422,7.307072143088264,66.02334990569217,34.209050156712166,,,3.3034897910879026,nan,,,0.931434154510498,,None,-10.082612207222809,1.046947809550519,-12.321128824839523,0.35550087690353394,0.7730613399487003,0.37958797812461853
Gaia,DR3,5505373403109477376,107.24833203407805,-50.221111282332636,16.72774314880371,2.366941452026367,4.793578132365309,7.844914002520874,54.45201607293478,34.86060085826531,,,3.482992116238684,nan,,,1.0153989791870117,,None,-9.247499062274324,2.1012499516953813,-10.976736188020846,0.046948179602622986,-0.9643512608095263,0.05106978863477707
Gaia,DR3,5506255932990454144,114.1322172165586,-49.03332136941527,13.112787246704102,1.3093442916870117,2.023110742809613,7.769075096372512,60.20393715957492,33.80755302942509,-13.57843017578125,1.210251808166504,5.148755954279448,nan,,,1.0752753019332886,,Gaia_DR3,-16.76139473465565,0.9385800701598939,-16.885565740270962,0.013283560052514076,3.1309701372961385,0.012510431930422783
Gaia,DR3,5558734523471030656,103.89133477867178,-45.25698885509554,14.072734832763672,1.5803279876708984,3.630527244226097,4.268105108140428,23.588058160073608,35.466516764029784,-1.8372447490692139,2.235163688659668,4.326832070908002,nan,,,1.3483035564422607,,Gaia_DR3,-10.158612884179655,0.29774016204293874,-7.422523137495018,0.020736414939165115,2.163259596861576,0.01966085284948349
Gaia,DR3,5504969603165656064,105.59721923174119,-50.87234953838272,12.311262130737305,0.9394321441650391,2.997986324982857,8.66225349300532,67.70755611509097,35.0482740042834,83.88206481933594,0.9385579824447632,3.328745091290552,nan,,,1.0147126913070679,,Gaia_DR3,-8.338543875227113,2.4782956903902265,-10.070871598095371,0.011629287153482437,1.2845809614754993,0.011403837241232395
Gaia,DR3,5506629698225282176,113.73848542846993,-47.57363643192448,17.81412696838379,2.4195899963378906,3.594897950045757,6.4346878108149825,53.007203790032406,33.889776578421326,,,3.4447827794406125,nan,,,6.350068092346191,,None,-11.100029770277178,0.058537400832736175,-13.582560299330705,0.5687646269798279,0.8661605512293667,0.5414659976959229
Gaia,DR3,5505254724573248256,108.92777446236994,-50.081231253102764,15.8050537109375,2.0860824584960938,4.854403064884113,7.6836108314976,57.94949420945444,34.62402051324158,,,3.4240001553176054,nan,,,0.9397138357162476,,None,-9.605654158359181,1.7940104738307867,-6.574383359643628,0.03225094825029373,0.03638891725570709,0.033305712044239044
Gaia,DR3,5506927975112969344,111.62228811410688,-48.57974072690479,10.777318954467773,1.0176000595092773,1.668406751974929,6.592817808085097,69.56394864725311,34.24595786266798,34.38471984863281,0.3086690604686737,3.2412163117398287,nan,,,0.9451582431793213,,Gaia_DR3,-9.858209493638476,0.743119897041316,-8.836780212748637,0.01157458871603012,1.2493419319548231,0.011468246579170227
Gaia,DR3,5507125543607927936,110.51375555488329,-47.928546196830666,10.969255447387695,0.6770467758178711,4.575598839506051,5.7342846089183785,32.9717884786661,34.440060376038936,14.359467506408691,0.43189769983291626,3.741247630402345,nan,,,0.9118634462356567,,Gaia_DR3,-11.018562677068147,0.7113755143621594,-13.674998441712944,0.013030750676989555,-1.7312378539912876,0.013392596505582333
Gaia,DR3,5507724193331421824,112.16411303213505,-46.28957739880138,13.37807559967041,1.3089408874511719,4.409122572683037,4.761288028898976,32.49676755543642,34.16709370190594,10.62191104888916,2.0591037273406982,4.534608171112181,nan,,,21.854772567749023,,Gaia_DR3,-14.003781845907097,-0.3652228089045,-10.656507861016074,0.25941479206085205,2.1961848731354205,0.2595241069793701
Gaia,DR3,5496745359269511168,98.62737405205935,-56.43970503713404,18.755380630493164,3.034879684448242,2.8756647016875876,15.341736248118563,67.60363234937235,35.2356029145298,,,4.542562052695858,nan,,,1.0808793306350708,,None,-8.40490801878084,7.628310274955163,-11.15867609708987,0.24151358008384705,7.6386515450228885,0.2029821127653122
Gaia,DR3,5497204955129496064,101.19773983737761,-54.44376121317145,17.780405044555664,2.626859664916992,2.7222978011863597,12.908412555546626,55.620782918230525,35.24747371381734,,,4.296723829779214,nan,,,1.0893272161483765,,None,-9.003470506452086,5.789336589784573,-11.375951909703264,0.10279537737369537,6.461411406639702,0.11927876621484756
Gaia,DR3,5504930093763854592,104.71835901557104,-50.97801062605595,18.056865692138672,2.952037811279297,3.353309468770111,8.910908212728838,45.613585264834356,35.15454514944465,,,4.572194179408797,nan,,,1.0441746711730957,,None,-11.084346255227162,3.600686967782805,-9.961008261071346,0.1522938758134842,0.5700411480309011,0.14200367033481598
Gaia,DR3,5505108072913364352,107.52622932460396,-50.8813687829845,19.89273452758789,2.152376174926758,3.398462303693571,8.488171596406177,65.46519179899994,34.78663361614077,,,5.276945823532321,nan,,,0.9653915166854858,,None,-14.142653148640873,3.577514940449177,-11.853686390892042,0.45798295736312866,0.5686476128058497,0.5238385200500488
Gaia,DR3,5506104166025471488,111.9153421447597,-49.13776739768324,16.355276107788086,2.413545608520508,3.4989663885704183,7.18250844623397,31.381646053534485,34.18530029103779,,,4.186786772661158,nan,,,0.9982712268829346,,None,-12.840038107010859,1.2049775924047657,-15.863850692015657,0.042323336005210876,0.5774249342956951,0.04215964674949646
Gaia,DR3,5506324819968199552,113.63348178429844,-48.7415749281296,17.934537887573242,2.375375747680664,4.773971473976137,7.345617793662715,62.63870118832098,33.89952933404443,,,3.347658334743731,nan,,,0.9228616952896118,,None,-10.757383358227596,0.5595314801124944,-7.633299254342635,0.09998083859682083,-0.7017564529318692,0.1062970906496048
Gaia,DR3,5517404843459453696,118.25246663562244,-49.129171357278594,17.294479370117188,2.9237213134765625,3.1191766444699662,9.645731104487224,56.36168076936485,33.041916823122314,,,4.882801530258208,nan,,,1.1463464498519897,,None,-17.543170903805628,0.03877919923918771,-17.172357697709934,0.08335601538419724,-3.1504403943777906,0.1023012101650238
Gaia,DR3,5508977357408456320,107.55804926230788,-47.395757251611755,8.652576446533203,0.6313619613647461,2.7420384620888547,5.0136487255467515,41.148368013832325,34.912895773342186,,,4.747882288078251,nan,,,4.603147983551025,,None,-12.738311956170467,1.089416186145141,-12.771061847454146,0.05981333181262016,3.833730629209171,0.061326149851083755
Gaia,DR3,5509167611577251456,104.40668713978272,-48.2501134784025,14.510082244873047,1.8630084991455078,0.614925703963149,6.448168405707845,66.80897037156628,35.33376298540204,-4.688310146331787,3.2637903690338135,5.427161185197002,nan,,,1.0303336381912231,,Gaia_DR3,-13.000938766459283,2.4067609059468515,-13.570861325533503,0.018231231719255447,1.9942660835207386,0.01958957128226757
Gaia,DR3,5509610676108333056,106.12202083374783,-47.79088731445604,18.26869010925293,3.102052688598633,3.87288658617994,5.596061794702928,64.31223572789008,35.11354634722155,,,5.382297977796311,nan,,,1.0177451372146606,,None,-13.740631964683962,1.7699186155380353,-15.685766949533615,0.1374523788690567,-2.1704733663668,0.12700311839580536
Gaia,DR3,5519538961173533440,121.20388741274427,-46.45291044483688,17.24742889404297,2.5492992401123047,3.0988022690366575,10.046058958999526,59.19087794894777,32.383673434588836,,,4.946096231200963,nan,,,0.9428684711456299,,None,-18.910083901553488,-2.255407655352533,-15.826961522545583,0.06808635592460632,-1.288849052231509,0.06761129200458527
Gaia,DR3,5507209587528672512,111.27975806498199,-47.78202162003767,17.513534545898438,2.2427501678466797,4.994719110582358,5.767849159514583,27.42652859968303,34.31540787275436,,,4.2804062832649326,nan,,,2.9662771224975586,,None,-12.891989656950702,0.6081290631168752,-16.015037019639063,0.20333115756511688,-2.641425778745451,0.2174462378025055
Gaia,DR3,5507288924164268160,110.78332748159438,-47.42509926146738,13.001068115234375,1.0979852676391602,0.80320276427687,5.313600033229872,37.818825963939396,34.40203226233366,13.203033447265625,1.3395947217941284,3.627121947908003,nan,,,1.1463931798934937,,Gaia_DR3,-10.767809347587754,0.42094731158812637,-11.157214538271086,0.015847861766815186,-0.053974915970707346,0.016750602051615715
Gaia,DR3,5507322115671994368,111.23807461553902,-47.11134736541828,7.963417053222656,1.0936675071716309,4.883154049288807,5.142259760218726,41.43168305198226,34.3280053579147,-11.01045036315918,0.17823448777198792,4.748769523719764,nan,,,1.0950021743774414,,Gaia_DR3,-14.285462822025794,0.27987155612508907,-18.606926563262505,0.024231821298599243,-2.0053146335236596,0.025646595284342766
Gaia,DR3,5508882288310464000,107.26584068513664,-47.558511863598184,16.91822052001953,,3.487132255971875,5.200448531857007,58.57988187643396,34.95322314261149,,,3.336131202706492,nan,,,1.0159013271331787,,None,-8.862845822361052,0.8687982152727547,-8.59916230482699,0.0690191388130188,3.307046859714852,0.0662066787481308
Gaia,DR3,5322540695473602176,125.40720080439338,-50.79624297391294,18.541982650756836,2.868478775024414,3.263351969675246,14.38184244700605,66.47005440811874,31.579450823019485,,,3.7779198306754895,nan,,,1.054672122001648,,None,-15.616742680441778,-0.6180759135868605,-17.827847273604316,0.17110155522823334,-1.9840443828711822,0.1620953530073166
Gaia,DR3,5507785005771258752,113.1097595426068,-46.18717224384096,19.25443458557129,2.787006378173828,2.151488147710103,5.10803981429616,33.34934082864148,33.99688934484499,,,4.5344091598598215,nan,,,1.0136046409606934,,None,-14.369621411410844,-0.5925802609973525,-13.63771657840869,0.23280033469200134,1.329382562541038,0.24933138489723206
Gaia,DR3,5508537041659790976,106.4857277135852,-49.23295627463071,17.04226303100586,2.4512996673583984,4.71435674904784,6.938954239391423,53.76593269941899,35.012705400839785,,,3.4534472177459117,nan,,,0.9908984303474426,,None,-8.93066520411898,1.73637230109806,-11.245519197194914,0.06587832421064377,4.270365529599619,0.06374955177307129
Gaia,DR3,5508549239366912768,106.81634322586423,-48.967760040613335,15.618912696838379,2.112423896789551,1.8816964002384273,6.639173269645551,29.769086912591156,34.97665465505503,,,4.230013826870138,nan,,,1.0077065229415894,,None,-11.065709750203606,1.9343047138779235,-12.305208270915282,0.02841804176568985,0.8032844938186876,0.029660070315003395
Gaia,DR3,5509367928852101248,103.80513898034741,-48.119238875765724,14.350715637207031,1.5719547271728516,3.627757084279851,6.52508854291999,28.524255221526257,35.4171411243815,6.550275802612305,2.5144007205963135,3.994696247326656,nan,,,1.1105984449386597,,Gaia_DR3,-9.346864276980128,1.7774289202555522,-8.93903544346305,0.017345281317830086,4.805099466416067,0.018266020342707634
Gaia,DR3,5510247400717196672,109.05217665175584,-47.36789797007433,14.968955039978027,1.8209810256958008,3.115929366214868,4.986514257179883,36.0356765891304,34.68318721026461,25.288761138916016,4.018685340881348,3.6410056896968443,nan,,,5.003709316253662,,Gaia_DR3,-10.254644211234927,0.6303107480330672,-8.309543091776591,0.11945834755897522,2.021943263476247,0.11571931093931198
Gaia,DR3,5508488693211662336,106.54465762422491,-49.31322473556556,20.06330108642578,2.3917102813720703,4.926212973069483,7.010480137961533,54.45057742905017,35.00110358794476,,,3.4465251121679623,nan,,,1.0950983762741089,,None,-8.931205991735977,1.761594020791188,-7.445382205211244,0.45536941289901733,5.017818627572126,0.5349103212356567
Gaia,DR3,5508946193126398080,108.20904548489183,-47.34413738591954,18.568302154541016,2.789094924926758,4.745326397137406,4.93480789279675,49.687340373072374,34.81487794656773,,,3.4407663595743485,nan,,,1.0418270826339722,,None,-9.432296238616976,0.6886854666142015,-12.33561451183996,0.16859070956707,2.537523104250188,0.17236056923866272
Gaia,DR3,5497356584655647232,103.96275880017629,-54.82764099073458,18.41752815246582,2.4563846588134766,4.534980321014471,12.738545917865759,57.40571120047863,34.91063084809367,,,3.8619174638130205,nan,,,1.0578902959823608,,None,-9.092660597672083,5.056735961140172,-6.260633668257694,0.1564190536737442,2.687983054036777,0.1388355791568756
Gaia,DR3,5497509764665509632,101.40775463189286,-54.80824274658242,11.667561531066895,0.8306350708007812,1.8956296379662299,13.194262612065543,57.938624134417715,35.18504596703772,35.76494216918945,0.6128447651863098,3.9397234607306837,nan,,,0.8641020655632019,,Gaia_DR3,-8.333614400016076,5.469713274168868,-7.949841355812819,0.014157642610371113,6.996606113722103,0.015111558139324188
Gaia,DR3,5497938535545151744,100.11205488367749,-54.549753265841495,19.483976364135742,3.062225341796875,3.4069955907580964,13.277318521280991,56.90760381761702,35.34208503664921,,,4.072542846325776,nan,,,1.1505320072174072,,None,-8.11395829539402,5.671777656312889,-5.933423150322176,0.28137871623039246,3.7221631447915255,0.277499794960022
Gaia,DR3,5506862760328860800,110.34215795791083,-48.86484612167695,18.06424903869629,2.7876625061035156,3.310165146817358,6.6102262978414155,51.15026418177244,34.448169342545,,,4.9400299687893146,nan,,,1.0282648801803589,,None,-14.474988619894383,1.5583947859219904,-16.16415121231322,0.11916737258434296,-1.446624422571913,0.12096583843231201
Gaia,DR3,5510792002570846848,111.53153860284363,-46.04791725463712,14.491142272949219,1.548792839050293,2.5410921259807644,4.311130981521313,38.82150926968335,34.2763689602045,46.83905792236328,3.977025270462036,3.5710780252454053,nan,,,1.0691957473754883,,Gaia_DR3,-10.833470248796965,-0.30929334804142483,-12.218663450396452,0.019610513001680374,-1.6286654972207044,0.019598882645368576
Gaia,DR3,5511026469126066432,111.55732113322051,-45.284396667686316,20.03812026977539,0.5167312622070312,2.2974305700192437,3.711091188920777,58.91908900594553,34.2632996342377,,,3.302348875387436,nan,,,1.1926988363265991,,None,-10.025598682640249,-0.6073841995215483,-9.48247684213957,0.5253883600234985,-2.1117424999551475,0.6979578137397766
Gaia,DR3,5511065261272401408,112.19803713088174,-44.7969408083605,18.45354652404785,3.303447723388672,4.217414257703931,3.6952282182520357,24.688534239745056,34.1394010621965,,,4.401179496060224,nan,,,0.9488446712493896,,None,-13.604551783033541,-1.1863293994025943,-10.1627119948792,0.13652557134628296,-3.047802600022738,0.1406807005405426
Gaia,DR3,5513666980662616704,119.53653659377704,-51.42099602284522,19.495939254760742,2.985994338989258,2.8153391668928838,11.809343098138905,50.85362023531541,32.77258315772678,,,4.252183080321333,nan,,,0.9836767315864563,,None,-15.708799256579269,0.9475125237450799,-13.400053585382006,0.36993327736854553,1.9666520438593276,0.2864015996456146
Gaia,DR3,5509015260498296448,108.09159622840902,-47.0119525813103,17.085918426513672,2.6160287857055664,2.5097729123679993,4.60459977772732,29.08400050114521,34.83792243291219,,,4.454044847328478,nan,,,1.0295847654342651,,None,-12.163227855951817,0.7201065343756134,-9.819793064811792,0.07057168334722519,0.9685717377712477,0.07192768156528473
Gaia,DR3,5509331915549510272,103.05916860884969,-48.57366187056886,18.126564025878906,-0.3370189666748047,2.9009159784396257,7.17217279258479,37.66903107144674,35.49343278974863,,,3.7539364863457623,nan,,,1.0678937435150146,,None,-8.522830300214013,1.9771660087868876,-9.750982873291408,0.14385467767715454,0.0376204055254207,0.11910534650087357
Gaia,DR3,5509332435242465280,103.17285700027848,-48.52434242227968,16.60225486755371,2.5226879119873047,4.58955742828895,7.090130328875257,31.230187978887276,35.48139191682891,,,4.206106107926463,nan,,,1.0234100818634033,,None,-9.59404636718824,2.1739807733554084,-10.442758336297544,0.05164540186524391,-1.8060464268646799,0.043424997478723526
Gaia,DR3,5508321842321436928,104.52268160654813,-49.0911460890319,19.699432373046875,2.197530746459961,2.0399600254816743,7.180470882449908,35.973738092051775,35.28401042956072,,,3.79901513578451,nan,,,1.0024340152740479,,None,-9.141361044627756,2.0862338004666086,-10.775072456838421,0.3446526825428009,2.096543021970322,0.4478296935558319
Gaia,DR3,5509104728960680704,103.26115783486568,-49.08877484401637,20.240144729614258,2.374143600463867,3.2684166316449295,7.544312742708854,57.11678506583859,35.44460057249721,,,3.4301331731916185,nan,,,1.0685709714889526,,None,-7.85231025738841,2.01660782117527,-7.990737892624498,0.5928181409835815,-0.34274821418125434,0.558581531047821
Gaia,DR3,5509831918462653696,107.7218875672441,-46.355621263477055,18.983827590942383,2.9042491912841797,2.2265876719790865,3.9675026974574763,47.01751397501201,34.90171828091853,,,3.4502135102354017,nan,,,0.9639674425125122,,None,-9.307551636392697,0.311055767807094,-9.507070879156094,0.17864583432674408,-1.2960924987077727,0.21783466637134552
Gaia,DR3,5511558804555097600,110.49097863161403,-44.376201994203846,19.528907775878906,3.6775875091552734,3.9465912764790687,2.5292949657111294,28.799979527534322,34.433702581775094,,,4.551422396631626,nan,,,1.0333760976791382,,None,-13.395590418255765,-1.1813316489238463,-17.14549077598291,0.3171291649341583,-1.7079477876127935,0.41896045207977295
Gaia,DR3,5510310377820298368,110.95341325823571,-46.929595694461604,18.106578826904297,2.795072555541992,1.0138174468416719,4.896778378848375,48.80429534287541,34.376903353933336,,,3.451289260230208,nan,,,0.9638376235961914,,None,-10.296949280113312,0.16164955790541802,-10.553698892863764,0.11403829604387283,-0.5298432206368785,0.1240251287817955
Gaia,DR3,5508971692350116736,107.87981024123539,-47.38664196069142,16.007373809814453,2.379213333129883,3.8794760208948667,4.985809233989296,51.495052178149955,34.864450331673524,,,5.028650835401729,nan,,,0.9885789752006531,,None,-13.636944332246419,1.0918877198758992,-10.067913099450806,0.03629371151328087,3.135278857685722,0.036493364721536636
Gaia,DR3,5531327993563080448,118.16271388179153,-44.884538631393134,11.97404956817627,0.8298110961914062,1.5590953337860634,7.546721847365604,38.13152506946013,32.972958238036085,-6.210809707641602,2.9624743461608887,3.779240144393575,nan,,,0.9276530742645264,,Gaia_DR3,-13.551187285403294,-1.9047755944049856,-12.44414353509264,0.013092759996652603,-1.3414363100879712,0.01597018726170063
Gaia,DR3,5531413480593828224,118.53803237666693,-44.70630200883325,14.754548072814941,1.6540422439575195,4.2147108465684076,7.75934991377273,36.907546859304375,32.88590072319607,14.650530815124512,5.122092247009277,3.842007173331944,nan,,,0.909386932849884,,Gaia_DR3,-13.891033875310416,-2.083280897089966,-11.83109663589567,0.01772346720099449,0.6387720502043972,0.01939990557730198
Gaia,DR3,5531499139423199232,118.1150391993688,-44.1955545038789,17.244298934936523,2.640697479248047,4.41036659753903,7.356646874546289,40.476081027293084,32.95197928076782,,,4.560682247414663,nan,,,0.963347315788269,,None,-16.33583916123421,-2.670437742195043,-12.115993619798749,0.0693216472864151,-2.2545243761769136,0.076602503657341
Gaia,DR3,5531774494059819520,116.1237671479519,-44.86009752540237,12.601813316345215,1.083597183227539,4.147819844758517,6.165561793065266,26.634626685753155,33.390883728590744,30.865686416625977,1.1561354398727417,4.125588675485774,nan,,,1.0676045417785645,,Gaia_DR3,-14.11253690064715,-1.7287495370113124,-10.725038975397656,0.011645323596894741,-2.9690565540563574,0.012636713683605194
Gaia,DR3,5517383467404727552,119.24373115074998,-48.84957412727606,17.976009368896484,2.599336624145508,0.8447932717422075,9.983817854639561,45.73652086594,32.84568445247072,,,4.412267149400942,nan,,,1.0190311670303345,,None,-16.198846465845925,-0.3238116897819854,-15.415489579056338,0.09447364509105682,-0.38553318571297857,0.09432841092348099
Gaia,DR3,5532493402866562688,116.43247315489802,-43.1804463138003,18.74932289123535,3.1604385375976562,2.8968983081173096,6.013593043779761,38.3399924962283,33.254366917848955,,,3.655154338667259,nan,,,0.993985116481781,,None,-12.595631840410547,-2.331885856303913,-10.39868804428766,0.17963507771492004,-2.7269680774141127,0.17009422183036804
Gaia,DR3,5534989466063686016,114.90358656896458,-43.96322251617904,19.772056579589844,3.0400619506835938,3.5547942328638844,5.056597286796448,59.515828868401094,33.60061502823777,,,3.3215872306989334,nan,,,0.9986370205879211,,None,-11.02743921397465,-1.5923910041376175,-12.95403242189993,0.35807234048843384,-3.168499141332541,0.47731339931488037
Gaia,DR3,5535333789297285120,113.87319160235792,-43.020623884104424,14.038155555725098,1.840815544128418,2.605675346754769,4.138305575054593,25.146275290339958,33.76292324467622,1.2437258958816528,5.872848987579346,4.381967822924307,nan,,,1.0993741750717163,,Gaia_DR3,-14.169674148061498,-2.4352300430224725,-14.304223631048028,0.016056183725595474,-0.03196746793062796,0.01801234856247902
Gaia,DR3,5535413366452755456,115.32109037269534,-42.4197557200116,14.690963745117188,1.7189826965332031,2.6885290209410684,5.181037228094566,33.09159992532574,33.442108606136486,28.256174087524414,4.570817470550537,3.702537369029871,nan,,,2.1226394176483154,,Gaia_DR3,-12.420507669579978,-2.54199600393442,-10.460019483568834,0.040081657469272614,-3.290406071597345,0.043726831674575806
Gaia,DR3,5535446386161558912,114.79226082280351,-42.413876784721054,19.196197509765625,3.1550235748291016,3.7515848735152644,4.791138058721184,23.10734873419636,33.54942902066259,,,3.9027988734508283,nan,,,0.9995296597480774,,None,-12.920832648140804,-2.6013407318397865,-9.952052128593904,0.19990913569927216,-3.4460450029998113,0.2549598217010498
Gaia,DR3,5535420032242592768,114.60940872343193,-42.81262258123176,10.298892974853516,0.6213245391845703,4.686819746838585,4.658809348381755,26.779334721822302,33.60726310791909,12.362323760986328,0.482261061668396,3.7939839488745535,nan,,,1.3318904638290405,,Gaia_DR3,-12.502697923523945,-2.314705876356886,-15.317852449066631,0.01917092502117157,-4.789911874657239,0.018863022327423096
Gaia,DR3,5535538779500992896,116.96168754221357,-42.50618119259635,17.06326675415039,2.7522764205932617,3.6450757191391254,6.387269107164927,38.119693818310935,33.104546193563266,,,3.682556389927607,nan,,,1.0415987968444824,,None,-12.848659968622592,-2.732897862006017,-10.111113409645242,0.06226056441664696,-3.449343531254338,0.07295934855937958
Gaia,DR3,5509831918462653568,107.72131769270194,-46.356973859236895,18.282020568847656,2.9098129272460938,2.0780050941658756,3.9688898508433534,56.10278409680302,34.90179596590553,,,3.3392568369583637,nan,,,1.0898607969284058,,None,-9.008055755442209,0.3016976397979687,-9.617365000224854,0.13269437849521637,-1.0281721139661475,0.14349786937236786
Gaia,DR3,5510520972954298368,109.15952032855112,-46.534754803129985,17.14642906188965,2.550403594970703,2.5068006124305855,4.170118616119952,18.961366366540844,34.67421692042275,,,3.966339236911581,nan,,,0.998548150062561,,None,-11.208673392526187,0.2493846393212502,-13.024996523524523,0.06287290900945663,-0.7967425505321294,0.06631115078926086
Gaia,DR3,5511458650214279296,110.58845815119781,-45.225897910075794,17.038015365600586,2.4468326568603516,2.9302914217082523,3.263675148054826,39.632792463229926,34.431419785747636,,,3.5300907285844922,nan,,,3.626718521118164,,None,-10.419718597006922,-0.5484549871426951,-9.927647666745225,0.18385520577430725,1.5759613897620497,0.1936880499124527
Gaia,DR3,5510866357045578752,113.0160555868386,-45.45323385773669,15.893568992614746,2.37789249420166,4.117360796283286,4.558257585461108,47.17324186047418,34.00337771022516,,,4.927875263040526,nan,,,1.0570785999298096,,None,-15.57724765195059,-1.0784604729640055,-15.895564476826383,0.035280440002679825,3.1869807574455233,0.037917669862508774
Gaia,DR3,5512196383859379840,110.5152360539986,-43.67259868712622,11.117687225341797,0.906855583190918,4.780825980096251,2.0523561012476583,45.22481955381462,34.41172312230853,-6.94136905670166,0.6090438365936279,4.947946710578466,nan,,,4.30116605758667,,Gaia_DR3,-14.573121686000011,-1.7297610039091538,-17.773130368779693,0.06075369194149971,-5.554393047969888,0.06501230597496033
Gaia,DR3,5513235907684026112,123.77399097757491,-50.863631514180504,13.225968360900879,1.1343564987182617,3.799176376114761,13.530562157576647,65.37972270345468,31.92788188762818,25.14006805419922,2.3356289863586426,3.696623215387993,nan,,,0.965726375579834,,Gaia_DR3,-14.844206958349515,-0.2427628931116903,-11.907018456321543,0.011931700631976128,0.129160469375462,0.012361610308289528
Gaia,DR3,5510508977108863616,109.06354676092748,-46.75477343109975,9.726018905639648,0.49312305450439453,1.51069527114123,4.378724539207433,18.92144231208247,34.688167430350866,24.5393123626709,0.848090410232544,4.097909238024988,nan,,,1.9186372756958008,,Gaia_DR3,-11.545614966362148,0.3868660909997663,-11.269635740620982,0.028209133073687553,1.662411990691747,0.028895320370793343
Gaia,DR3,5510746780856464896,112.05271158786095,-46.022441192412494,17.331941604614258,2.669179916381836,3.7893173836728167,4.502182067232641,20.30329270671341,34.18467628788619,,,3.968627776176669,nan,,,1.891252875328064,,None,-12.21791564582992,-0.435876262320547,-15.057660537568724,0.14952652156352997,-1.8452358806440907,0.15496103465557098
Gaia,DR3,5511123367882909696,111.72519479434085,-44.68437247521988,18.585285186767578,,4.547218242445934,3.365750113595878,25.307811996284794,34.222238453454935,,,3.746050284170854,nan,,,1.0031530857086182,,None,-11.42696422695651,-0.9959850484779031,-8.510058004229794,0.15606461465358734,1.098450496182955,0.2238396853208542
Gaia,DR3,5531907638047078528,114.5854676503707,-45.08960558565606,17.816740036010742,3.0354576110839844,3.62956560894288,5.269133881818802,23.99760460979369,33.700241593123415,,,3.94463280152132,nan,,,0.9966632723808289,,None,-12.9912564662338,-1.2898015671229022,-10.731452120513293,0.11238115280866623,-3.2905527902572915,0.10414431989192963
Gaia,DR3,5532539998975247616,117.67945326236593,-43.05839511425147,9.988521575927734,0.45127201080322266,3.6593061059341947,6.915090732133344,41.55617353128419,32.98426301733403,32.854644775390625,1.602696418762207,3.651018589281279,nan,,,0.9286665916442871,,Gaia_DR3,-12.95014946265507,-2.5734964123555324,-10.214916474481411,0.014405927620828152,-3.245036350431466,0.014710021205246449
Gaia,DR3,5535064645171277056,114.6742270352228,-43.42439368717747,17.77928352355957,2.5617218017578125,3.603208172915504,4.77478423382762,39.017554437751265,33.623381608839445,,,3.584985093591314,nan,,,1.0685704946517944,,None,-11.833365964699105,-1.9248987815846919,-10.150017783210258,0.110814668238163,-4.065404251116235,0.10609393566846848
Gaia,DR3,5535203389794878336,115.69792479019611,-42.75752260017831,8.335284233093262,0.03971290588378906,1.0033489463272676,5.455317546281523,28.838654629783377,33.3835637546147,30.222185134887695,1.6809401512145996,3.8125569120328984,nan,,,1.1220427751541138,,Gaia_DR3,-12.908276394005481,-2.5163018622734827,-12.153299347611046,0.03194688633084297,-2.7997060646459664,0.033945295959711075
Gaia,DR3,5535303037330199680,113.6605054595606,-43.3032981775991,19.620990753173828,3.1105899810791016,3.712116840665095,4.028085786711415,17.33173003689093,33.81680441652517,,,4.073673892314434,nan,,,1.0151333808898926,,None,-13.099666420964798,-2.0872852911275124,-10.727160700405483,0.2941732108592987,-4.216526083425743,0.2926543653011322
Gaia,DR3,5535580320422976896,115.86473344380873,-42.56572505214464,12.642050743103027,1.0199346542358398,3.5049948372763593,5.577688057801068,26.73392284463846,33.338418853182546,29.633256912231445,1.1537442207336426,3.886712181984908,nan,,,0.9481547474861145,,Gaia_DR3,-13.212728935475797,-2.682822995458861,-10.441995322603992,0.011423340067267418,-3.4381585793477427,0.015166605822741985
Gaia,DR3,5535580556644450048,115.76308423043324,-42.61073038630715,19.269718170166016,3.370309829711914,4.0285242186029855,5.502309139217246,34.75953510041942,33.36199424858773,,,3.690632260192516,nan,,,0.9581422209739685,,None,-12.515286153304093,-2.512038812225074,-9.459185557389713,0.2727123498916626,-3.207720101661234,0.33118003606796265
Gaia,DR3,5518179307666857600,118.03376550266262,-48.71591419151083,19.446170806884766,3.047006607055664,2.6977509549468643,9.270726463845442,43.1869732261545,33.08411874026449,,,3.8413371753489023,nan,,,1.06279718875885,,None,-13.734282061871163,-0.12311928152600338,-11.818683808292109,0.2993450462818146,0.9271383074991952,0.3007802963256836
Gaia,DR3,5518994187518292864,118.84369364899453,-46.19358076360995,16.91533088684082,2.642730712890625,3.9335552097585063,8.43109709411928,56.80693413615294,32.87803210549508,,,3.4750710937565468,nan,,,1.069542407989502,,None,-12.648506061298985,-1.3065049784994711,-9.851024848353958,0.05747562274336815,-1.9978573937138786,0.0568939708173275
Gaia,DR3,5511641890698560896,108.44690726190441,-45.10537480661699,12.80416488647461,1.1415119171142578,4.961910689051607,2.697658677508115,51.149903591948465,34.78714387973307,20.550796508789062,2.01753568649292,3.3765703896947152,nan,,,6.28838586807251,,Gaia_DR3,-9.328054395592815,-0.3207179622702716,-12.811169702553844,0.0844922661781311,-0.9060942809597576,0.0845477283000946
Gaia,DR3,5512218855129715840,110.4254466195905,-43.34741299808033,20.36171531677246,2.766988754272461,4.757447094086906,1.8170109136160162,49.481546261804084,34.417653427413946,,,5.059896711794846,nan,,,1.012997031211853,,None,-14.863108661955515,-1.961324592063736,-9.79068696509948,0.534841775894165,-2.1120215030680995,0.5838497877120972
Gaia,DR3,5513741992269092096,120.79828256884082,-50.97565055331923,18.86937713623047,3.0908145904541016,2.186472062330917,12.086987894088956,51.64918730245678,32.533747602397234,,,4.130665900383117,nan,,,1.6982700824737549,,None,-15.664149133076414,0.43390799307643224,-13.921877420259918,0.8242163062095642,1.201704230859101,0.5105800628662109
Gaia,DR3,5488659726857151744,119.00463306935568,-53.74291933815976,17.640342712402344,2.625082015991211,2.0666215638776513,13.368234019722655,67.29237302794394,32.79848709650431,,,3.627535597487497,nan,,,1.036994457244873,,None,-13.249546558234055,1.9234439462022346,-12.893602459006315,0.09443369507789612,3.463227246513429,0.0939091220498085
Gaia,DR3,5488594855670264576,117.34828149565497,-53.986598053542735,14.747634887695312,2.241318702697754,4.253297416788497,13.029031600372889,69.78697653067273,33.07650201111853,45.496429443359375,7.147268295288086,3.5404983292166046,nan,,,1.044737696647644,,Gaia_DR3,-12.463734929501957,2.2783982397673164,-11.533348608255363,0.021805092692375183,5.313544975853536,0.020761359483003616
Gaia,DR3,5488692987083945984,117.83314069739737,-53.85728425807872,16.329862594604492,2.4513683319091797,1.5965860048008944,13.069929598941053,65.4016267267245,32.99954926507904,,,3.644441706833252,nan,,,6.101910591125488,,None,-12.971769076179907,2.1997289758905874,-12.607629235933814,0.2925833761692047,1.0283918657938895,0.29279792308807373
Gaia,DR3,5511301484471688448,108.75596647265225,-46.1604722316246,18.907278060913086,3.089345932006836,3.567268154117504,3.764779899274969,16.77065040783292,34.74036417575672,,,4.137013656875364,nan,,,0.9692033529281616,,None,-11.542754780895242,0.12145463470194073,-14.251349077310165,0.19051504135131836,-1.4090558446068753,0.2170795053243637
Gaia,DR3,5512056612739170176,112.09623665826294,-43.66518937540282,20.10383415222168,2.3389110565185547,4.536378410629785,3.0441609138272727,62.98592303073393,34.126309979166905,,,3.2480446548558133,nan,,,1.0520559549331665,,None,-10.011667758766652,-1.325049713392072,-6.984446223111817,0.4847906827926636,-0.6292736952961033,0.5048396587371826
Gaia,DR3,5513986594947339520,119.55469130140183,-50.63706991820342,19.729652404785156,2.7381629943847656,4.470883101974211,11.273531617170105,58.45745689046057,32.78044782181789,,,3.6374636591681333,nan,,,1.0475764274597168,,None,-13.443016130673534,0.4631121491946333,-12.226326274229624,0.37505659461021423,3.668287416507543,0.3458672761917114
Gaia,DR3,5512093274582513920,112.72115094808369,-43.17141928462333,17.8300724029541,2.713735580444336,1.7097720701053738,3.331178075317712,20.790907751458892,33.991136842027615,,,3.827560574486708,nan,,,1.067294955253601,,None,-12.002883813729861,-1.8876698499228874,-10.682678100779919,0.11394671350717545,-1.4872461606769147,0.10160209983587265
Gaia,DR3,5512456182139363968,120.9071175156987,-53.523709033734484,16.485095977783203,2.368485450744629,2.9288565090855143,13.912219767897213,62.647007327792636,32.4591202308589,,,3.852097471861633,nan,,,0.9336140751838684,,None,-14.63996315352349,1.557221725569545,-16.04154734632362,0.048148591071367264,-0.3643387223645791,0.042802851647138596
Gaia,DR3,5548829195013539200,91.2359914542835,-52.5225121362958,18.477602005004883,2.859142303466797,4.899340767862996,15.272466653597858,67.31252234998328,36.2516504062377,,,4.539870431897741,nan,,,1.1255372762680054,,None,-5.113014489569576,5.993396908953935,-3.525221720020902,0.17619472742080688,1.5814989651439186,0.17641405761241913
Gaia,DR3,5515017799417566208,123.67826839718072,-49.76820593847971,17.89830207824707,2.5894031524658203,2.26767219430622,12.917432500525447,59.237682683812494,31.936618084872304,,,3.816078386520733,nan,,,0.9601587057113647,,None,-15.297093936393887,-0.7223939638889618,-16.078546897003243,0.10590403527021408,0.9260260474068381,0.10521111637353897
Gaia,DR3,5531327989265522560,118.16402708021262,-44.88421776394366,11.713435173034668,0.7778520584106445,1.711111189676246,7.547531032098135,38.162936416915514,32.97266881906436,-5.460267543792725,0.414792001247406,3.7784767736285,nan,,,0.7425400614738464,,Gaia_DR3,-13.548846063724044,-1.904757164008645,-12.702528247991847,0.01192115806043148,-2.9731360175493027,0.014604817144572735
Gaia,DR3,5550497596533149952,93.42742963276541,-49.756782825771346,18.65779685974121,2.8566150665283203,4.351661313963765,12.628764433847087,59.06760748527733,36.36673962068635,,,3.776863047973136,nan,,,1.0184757709503174,,None,-5.0738661066900566,3.4504580631148576,-8.424888806519409,0.14907415211200714,4.331057956054104,0.2131311446428299
Gaia,DR3,5514093217515510400,120.0007258914889,-49.81661913740711,15.494606971740723,2.080982208251953,4.859883560049612,10.960481577927007,47.67309307950938,32.697314257773314,,,4.282467780785859,nan,,,1.083221197128296,,None,-15.975776952495227,0.026568318518024547,-18.819260308111513,0.03219268098473549,-3.3147248146485238,0.03213861957192421
Gaia,DR3,5517180366991106816,119.09291885262655,-49.2673818370078,18.157285690307617,3.1460914611816406,4.204978352305185,10.157890379846206,66.67969570096963,32.877191992190326,,,3.4095638533701207,nan,,,1.0133984088897705,,None,-12.477135392929858,-0.05302247902015278,-13.554315611824139,0.13105876743793488,2.7709228116102076,0.12818853557109833
Gaia,DR3,5514606036614724736,121.32686901345012,-48.98927394994096,14.60403060913086,1.6881074905395508,3.6694138359404476,11.202217213225607,49.45377588475256,32.42204974622039,9.357726097106934,9.856480598449707,3.9342992332216373,nan,,,0.986254870891571,,Gaia_DR3,-15.078665892989626,-0.6272900523613307,-12.036935663512466,0.019552728161215782,-0.7273164314733044,0.023409787565469742
Gaia,DR3,5514874798485132928,125.2311155091807,-49.86668403727917,16.351144790649414,2.678421974182129,4.850214272708942,13.851845758700378,63.82076459493596,31.601471552351548,,,4.646502880228718,nan,,,1.0192317962646484,,None,-19.14878521910818,-1.2171790693138433,-14.398761783251526,0.04745656996965408,-1.309881619936482,0.03971252217888832
Gaia,DR3,5505571693157307776,109.25465905906074,-48.870044287242386,20.171802520751953,2.322437286376953,1.8377965815513615,6.494419484789853,57.61948638046549,34.61862101885865,,,3.384652353517801,nan,,,1.0698271989822388,,None,-9.593378339375745,1.209435020479729,-9.439370182337367,0.5273545980453491,-0.09279197622122393,0.6582697629928589
Gaia,DR3,5505579836418474880,109.44823834933055,-48.585300512775675,19.69005584716797,2.4055233001708984,4.370269777763708,6.227429603617026,69.3409097419541,34.59649150611311,,,3.2348462026871516,nan,,,1.0879240036010742,,None,-9.224159560960269,1.0151880876185015,-11.13591410550739,0.34864702820777893,3.3014743589322504,0.37489673495292664
Gaia,DR3,5491036870994047232,105.66349155179297,-55.47478021021049,15.193550109863281,1.8648653030395508,1.6124394497203927,13.176939400753223,58.64151848614415,34.644266909305784,,,3.893990797183923,nan,,,0.9395790696144104,,None,-9.778099751258072,5.190609809717082,-8.460924615627501,0.026351282373070717,5.321264260186796,0.027902770787477493
Gaia,DR3,5491289827387821824,108.26436354781077,-53.801461580901965,18.39312171936035,,3.544111825210346,11.3917255496107,49.74354654758148,34.4798841460297,,,4.316422619524638,nan,,,0.9732878804206848,,None,-11.854110752417538,4.414391871646025,-10.529635613855103,0.17428766191005707,7.354809136063171,0.2417207658290863
Gaia,DR3,5491596007017125760,108.69308049554954,-54.016341312212184,15.932861328125,2.2361955642700195,4.85767555001815,11.60946512520156,65.99484502372317,34.403825850829406,,,3.507893477363287,nan,,,1.195561408996582,,None,-9.76780471619095,3.6244398319448843,-8.14739923508022,0.04426918178796768,0.4184258412928086,0.04103706777095795
Gaia,DR3,5551909408119668992,97.00607580511988,-48.8825844760858,12.733203887939453,1.2074766159057617,2.057462864658668,10.191808747838948,57.67739404943809,36.13281539922685,-5.000119686126709,1.1703468561172485,4.877828830958194,nan,,,1.0880448818206787,,Gaia_DR3,-8.261413726235617,3.5361776705043937,-9.780350164380934,0.0158147644251585,2.0634483401615,0.013920764438807964
Gaia,DR3,5552075056418644224,99.48091388102941,-47.63202728437037,15.082446098327637,2.0908384323120117,4.68067640588614,8.123914182118527,41.18181101447876,35.94902003716902,40.73149490356445,10.59558391571045,3.7582402099301153,nan,,,4.745057582855225,,Gaia_DR3,-7.261325480709105,1.8812282516732604,-10.379959273071607,0.12456218898296356,3.8877725699831887,0.11788596212863922
Gaia,DR3,5506336502278945280,114.20092590896695,-48.377927826312344,18.42875099182129,2.744152069091797,2.925578923593879,7.260222206355317,48.69012374999878,33.80292289457868,,,3.5455037616464105,nan,,,1.4513002634048462,,None,-11.562582347699472,0.3466927334320422,-12.34659011781654,0.20196841657161713,2.3879692311290435,0.209555521607399
Gaia,DR3,5506450821421964544,114.36844136502386,-47.98021807318441,19.223377227783203,3.240934371948242,4.3438364475382,7.017288926112007,31.40625822582057,33.775005184094155,,,4.23903256500181,nan,,,1.1125223636627197,,None,-13.883862671518253,0.17459023446433353,-14.878895966161247,0.2372286170721054,-3.577498106086623,0.2639063000679016
Gaia,DR3,5507447769231182720,113.11765078495274,-47.17570308507729,18.49443244934082,2.951387405395508,3.5909762484254784,5.862262797312864,52.175487509196195,34.00111089745414,,,3.4362007101068435,nan,,,1.0792838335037231,,None,-10.891684740916162,-0.02494380787288364,-13.375431510865113,0.17588511109352112,0.7480451899223127,0.17854776978492737
Gaia,DR3,5507555796253325312,113.4967059402947,-46.76673690861444,16.155048370361328,2.5612239837646484,3.326849200296196,5.713343717129455,53.73567398935574,33.93156259691201,,,5.060935976336557,nan,,,1.0336507558822632,,None,-16.204300806038752,-0.37354845160327077,-13.338439371007194,0.03812617436051369,1.7205139383200279,0.03793535754084587
Gaia,DR3,5554859191658594944,94.85582583089393,-46.610656749678654,17.186859130859375,2.5896244049072266,4.880765824367502,10.450663056129049,55.14179672454994,36.434839631445115,,,3.63944540733245,nan,,,1.566928744316101,,None,-5.400632726684896,1.694356340685142,-5.806094342056744,0.11569620668888092,5.417018668970784,0.10605020076036453
Gaia,DR3,5555351734211829376,98.1970403552633,-46.93278012479448,17.434803009033203,2.8136749267578125,4.326266157947794,8.48061903304828,36.44528431846979,36.11098243910408,,,4.060654342165645,nan,,,1.1346328258514404,,None,-7.3450465331152,1.7809933213437341,-4.960654235898481,0.09062390774488449,-1.0527041432216144,0.08816275000572205
Gaia,DR3,5531489243818431232,118.5083729125304,-44.24745169195489,12.418632507324219,0.9402847290039062,3.759350236059658,7.6432661372007855,47.11336313468739,32.87061445137185,27.525699615478516,1.5328694581985474,3.5939602398520454,nan,,,0.9841473698616028,,Gaia_DR3,-12.985738716449955,-2.1436926192763286,-10.187967376381712,0.011119642294943333,-2.6775239573590905,0.011433892883360386
Gaia,DR3,5531716877080102784,116.23402871253116,-45.19652558669838,14.172307014465332,1.4382743835449219,4.524565512933372,6.3634888815945825,46.51354799431916,33.379952360351986,-8.996623992919922,1.9552630186080933,3.5369247517667946,nan,,,1.0587244033813477,,Gaia_DR3,-12.130824748881786,-1.3523127451337507,-10.254865623250078,0.015511905774474144,-4.156234358652088,0.016522787511348724
Gaia,DR3,5532050368402128256,115.76396979353096,-44.24097608630415,18.615737915039062,3.321653366088867,3.88726924685986,5.726796727905485,62.823622065056774,33.44010748371281,,,5.330999126247562,nan,,,1.0343490839004517,,None,-18.078315520703374,-2.5599249942059243,-14.33493556501005,0.15995164215564728,-0.30782127337406984,0.19436606764793396
Gaia,DR3,5532261135338433408,118.43266493106364,-43.85282214012834,17.420846939086914,2.834278106689453,3.9060049884341255,7.528066346714944,46.56994495243762,32.86666718222462,,,3.5967424235460137,nan,,,0.999610960483551,,None,-12.974151583709387,-2.3051889211840018,-10.076545026957598,0.07543348520994186,-2.9177532761367697,0.08534367382526398
Gaia,DR3,5532417399130097280,116.68972502807829,-43.75684555614709,19.62348175048828,2.916677474975586,4.9212760696036195,6.269856902096152,30.28339960634651,33.22997103709493,,,4.3234599280251516,nan,,,1.0215153694152832,,None,-14.989280903767135,-2.4994036350499185,-10.508022863547854,0.3301098048686981,-2.306856692201127,0.3307390511035919
Gaia,DR3,5532601773481056768,117.36390695308522,-42.988126015997686,18.53396987915039,3.050222396850586,3.385847911868699,6.682056657963301,43.190291301046564,33.047636077715694,,,3.607243702235194,nan,,,1.0193679332733154,,None,-12.70324842380975,-2.5255464921596085,-10.199031417779965,0.1397678554058075,-3.124052516513411,0.1423664093017578
Gaia,DR3,5535254310922985472,114.41113607239745,-43.41931136830836,17.782577514648438,3.1274490356445312,3.6805319811498305,4.585894021191049,28.70742530484934,33.675169537733744,,,3.7496557842422717,nan,,,1.0557748079299927,,None,-12.294442597361211,-1.9767424740632449,-9.616621726983308,0.09912721812725067,-3.11405902161861,0.12009244412183762
Gaia,DR3,5555853352032831360,99.75158327487996,-45.578201182571895,17.914779663085938,2.6197681427001953,4.518069259118008,6.91386182588272,41.6243887585996,35.98047925240177,,,3.6496407993454687,nan,,,1.0191552639007568,,None,-7.1459061152019725,0.8098526792498828,-5.679965419767679,0.10751959681510925,3.961741536652873,0.12395183742046356
Gaia,DR3,5556122152562458496,99.71486533183871,-44.843485673298964,12.79266357421875,1.0299797058105469,4.920414162887458,6.670672050374805,29.524280132666576,35.99522322271851,3.195446252822876,0.7839446663856506,3.966863459998475,nan,,,0.9456907510757446,,Gaia_DR3,-7.753110369612179,0.49759852840928653,-5.035014668451638,0.011082928627729416,-2.591555274112925,0.01288207434117794
Gaia,DR3,5557492586431126144,104.01960935158027,-47.325701475630005,17.590761184692383,2.571249008178711,3.996354024068124,5.775040207165686,42.301876772338666,35.41469373925548,,,4.736957084491667,nan,,,0.9464455246925354,,None,-11.177854582345564,1.586718398958746,-9.291538413016738,0.07899567484855652,5.1035224629016795,0.09039552509784698
Gaia,DR3,5517574065171571456,119.82174628643327,-48.76475232439905,10.1129732131958,0.5013313293457031,4.49424845855125,10.246847648470931,57.07325329202803,32.72868919345522,38.94862365722656,4.1320719718933105,3.581795277847134,nan,,,1.750828504562378,,Gaia_DR3,-13.311999380933333,-0.3999813724022836,-9.991662590277617,0.02454342506825924,-1.1008910631324014,0.024356450885534286
Gaia,DR3,5514910081636782976,125.77535721480764,-49.49802394565966,18.068653106689453,2.9883651733398438,4.347936193670011,14.015913214004938,61.14766443199542,31.471737788337013,,,3.962399335836214,nan,,,1.0282622575759888,,None,-16.482963829722156,-1.3264106292145845,-19.055450631207503,0.10589291900396347,1.2373635854669987,0.1269008368253708
Gaia,DR3,5518259610670424192,118.05011748618148,-48.082025246596096,15.766715049743652,2.1174545288085938,3.774273078215425,8.892246149471584,46.922315097820565,33.07718094504917,,,4.62334297268301,nan,,,0.9766756892204285,,None,-16.536301924869463,-0.5086589236064158,-19.765071728411776,0.03395913168787956,-2.2713357688531994,0.03507997840642929
Gaia,DR3,5518111520198848256,116.37041390985327,-49.112779238007505,16.35036277770996,3.0953369140625,1.0453611513695409,8.743133882337231,58.86998458240245,33.40042319930946,,,5.04136940540239,nan,,,3.752159357070923,,None,-17.346958888495188,0.4703135172920305,-18.150881225698758,0.3568820357322693,1.237115399313879,0.35724738240242004
Gaia,DR3,5518878906294843904,120.44587000824954,-45.89784656335563,19.710201263427734,0.48484039306640625,2.4581812300570953,9.373406136854507,50.9375267734266,32.52681542852757,,,4.717043466006886,nan,,,1.001078486442566,,None,-17.759706869413428,-2.292995680952343,-19.477820970319257,0.2942020297050476,-0.554245379952549,0.2896384298801422
Gaia,DR3,5519038541641077376,119.33046703927455,-46.32958236524181,18.850852966308594,2.822620391845703,1.7573619206328748,8.794051287791946,41.78333924218287,32.78041510113135,,,3.8208002152264755,nan,,,1.0471473932266235,,None,-14.05341784529141,-1.4594931824222837,-15.28930576560058,0.18497471511363983,-0.7694255080259879,0.18405605852603912
Gaia,DR3,5530903612134693120,116.95389164170295,-45.66270557748543,17.304189682006836,2.8323020935058594,3.708471595598936,7.01415339080768,36.39517491147779,33.24960831254107,,,3.7706314872730795,nan,,,1.0372962951660156,,None,-13.153575132471758,-1.3428043266606897,-10.30030336414182,0.07276010513305664,-2.083384317682298,0.09151402860879898
Gaia,DR3,5519173751512805504,122.48800401492002,-47.75838630219412,18.797016143798828,3.175844192504883,2.8055323829669874,11.331014759999793,50.02628021720473,32.14796913436479,,,4.359815494581992,nan,,,3.579085111618042,,None,-17.09195640766997,-1.589089361328992,-14.974557926626945,0.4906195104122162,-3.060659162123399,0.5595235824584961
Gaia,DR3,5513849675689373056,118.80625026712869,-51.56626432258524,16.969526290893555,2.6635141372680664,4.748284556501856,11.602927303626997,50.65406241053715,32.907474644731984,,,3.9706245401334104,nan,,,1.0266481637954712,,None,-14.440456406324234,1.0996856516850064,-10.642756956671795,0.060507163405418396,-0.07268239153555969,0.06014776602387428
Gaia,DR3,5295612732291318656,116.940341035644,-56.57240330290112,16.8287410736084,3.222797393798828,3.6658784737512318,15.205689905310159,65.59845055989119,32.970340794544526,,,4.404008199664836,nan,,,1.034163236618042,,None,-15.358223168512659,4.309242693523702,-14.911076670697438,0.06417232751846313,7.683176810403543,0.06559573113918304
Gaia,DR3,5559876847334104704,109.95424177887978,-43.534576673749655,15.293818473815918,2.1069412231445312,4.3324413113076385,1.6515230627751307,24.973570329227314,34.5059099765892,-7.570282459259033,9.582499504089355,4.492907129134667,nan,,,1.0328214168548584,,Gaia_DR3,-13.01191344877209,-1.560745419980468,-9.73824727562922,0.027302097529172897,-4.034930022020123,0.029267486184835434
Gaia,DR3,5566910629372937856,92.65751397071334,-45.92863927718612,16.755977630615234,2.479084014892578,1.343579865364233,11.737290222103956,61.72343440961441,36.632576414656356,,,3.604673774666645,nan,,,1.0651488304138184,,None,-4.568276297809906,1.4849779665474157,-5.054734398480327,0.051420703530311584,0.587327917646279,0.05719227343797684
Gaia,DR3,5567030613579821440,93.21088805746227,-46.2630832502063,13.165480613708496,1.163015365600586,2.312833617137308,11.438870835776898,48.90952183764924,36.57957250269904,21.928621292114258,2.2441108226776123,4.137536561453782,nan,,,12.09870719909668,,Gaia_DR3,-5.4699541672308065,1.8537173654629502,-3.499763958255302,0.14157509803771973,1.4201483879100576,0.15734635293483734
Gaia,DR3,5518521431872352256,118.16376136688,-47.25285593650031,19.677501678466797,2.7088184356689453,4.0550787287221635,8.497018985474664,52.6705034829751,33.04331408526531,,,3.546852404081873,nan,,,1.1194672584533691,,None,-12.718213164652697,-0.7668266221675282,-11.666725048797183,0.3447190821170807,2.0770418747265715,0.36066362261772156
Gaia,DR3,5535400962587585408,115.1339437102225,-42.64456991186302,13.623089790344238,1.3246145248413086,3.8719310933531874,5.039382173850236,22.32639813818447,33.492740203800274,32.0815315246582,1.7711085081100464,3.983023905396484,nan,,,0.985746443271637,,Gaia_DR3,-13.299626390504823,-2.594795399869918,-10.205952523560464,0.012600330635905266,-3.594248682729239,0.013225934468209743
Gaia,DR3,5535557879222649088,115.98625221520909,-42.93208369044708,17.72418785095215,2.9719181060791016,3.9163767504818643,5.672431243525032,32.5565966968123,33.33359883365387,,,3.7454592014438375,nan,,,0.9693645238876343,,None,-12.769952722566423,-2.4352640415940945,-9.851754808436532,0.10139254480600357,-3.4582039138994043,0.10863658040761948
Gaia,DR3,5535620482658844160,116.62052849269529,-42.09197424878441,18.519737243652344,3.1116981506347656,2.9973155121788633,6.163602275116457,41.95874370405242,33.151040326474444,,,3.6004978829440715,nan,,,0.9711993932723999,,None,-12.462510755464441,-2.8037583023246584,-10.453878869612216,0.14567255973815918,-3.872000044798483,0.16293497383594513
Gaia,DR3,5496529923710664064,96.44753900990202,-55.374864400319915,17.603269577026367,2.7771663665771484,4.5671523713815505,15.08070068094498,66.67480565273394,35.55628474411103,,,3.902497262885763,nan,,,1.0627248287200928,,None,-6.397754792902013,6.226457234733428,-4.315764441992526,0.09738654643297195,9.35421200052241,0.10806091874837875
Gaia,DR3,5517871689219780224,120.10001193641777,-47.76711509130718,17.029111862182617,-0.4113140106201172,4.7125707924704265,9.887544742457541,67.17123734078254,32.65683059982001,,,3.388752457135953,nan,,,0.9911361336708069,,None,-12.667908861158919,-0.8311451320230052,-9.392520946653631,0.07444384694099426,-0.0528776755926157,0.06409268081188202
Gaia,DR3,5518737962650026752,119.48716252102398,-46.64393838342372,17.80219841003418,2.8150768280029297,4.603766744162784,9.017183934239403,38.6682927394198,32.75706469736304,,,4.124431434694346,nan,,,0.9703983068466187,,None,-15.22090024311738,-1.449190752567696,-13.220209869845313,0.10022280365228653,-4.916178103886727,0.10127107799053192
Gaia,DR3,5531640529740851328,114.48986158294855,-45.755498946441506,15.377431869506836,2.125600814819336,4.521576944841967,5.561006141284838,59.23989838753985,33.73413412194388,-9.337111473083496,9.181676864624023,5.228753670951436,nan,,,1.0331906080245972,,Gaia_DR3,-17.178587269425044,-1.2570053272180255,-21.913828260883566,0.025846313685178757,0.2979567163718686,0.02517976611852646
Gaia,DR3,5534953289552079744,114.41126542065359,-44.40570998911214,19.38684844970703,3.4428272247314453,4.359701791158666,4.8651533699782235,21.365931299809862,33.71317593912968,,,4.143104209580653,nan,,,0.9876688718795776,,None,-13.584533638140703,-1.6771913450787315,-10.196959548649396,0.29227349162101746,-3.4160618418027866,0.4543805420398712
Gaia,DR3,5535396736339517440,115.54536722613392,-42.58533424268437,17.286130905151367,2.948301315307617,3.9402507988798727,5.342270925212328,27.739787158114986,33.40541649531189,,,3.8297994669750497,nan,,,1.0189898014068604,,None,-12.918451305961742,-2.58540383980714,-9.812990947097457,0.0717184841632843,-3.2754475627109336,0.08297888189554214
Gaia,DR3,5531051432028414720,118.59975615713309,-45.50864164565562,16.941320419311523,2.516326904296875,3.4499472116506325,8.027143627618413,63.1705464301829,32.905722133883096,,,3.3652150809141483,nan,,,1.0021920204162598,,None,-12.183644624281515,-1.50701826414857,-9.810365518583232,0.060460325330495834,-2.1050432055771173,0.05830293148756027
Gaia,DR3,5531203469574554624,118.98206135063515,-45.157834076340215,19.106748580932617,2.6872787475585938,3.4218567442598014,8.17835436458947,37.47306906853804,32.81101689075781,,,4.33016826510076,nan,,,1.0308165550231934,,None,-15.808196314935703,-2.197624785780631,-13.102813837539209,0.2759602665901184,-0.6362489387724017,0.2654438614845276
Gaia,DR3,5531333727340149120,118.29762645200736,-44.68482143006168,18.45707130432129,2.983427047729492,3.571240043371076,7.588259532423756,51.724618507289975,32.93593026376583,,,3.513186499339493,nan,,,1.0301114320755005,,None,-12.634992539414831,-1.8767394849055892,-10.052645316321621,0.14120326936244965,-2.4486248839636406,0.1610613763332367
Gaia,DR3,5531499787956376448,118.12002677069931,-44.164780514180876,19.174840927124023,3.0005111694335938,3.8291709665566995,7.354548289600619,67.78806265339244,32.94942332590601,,,3.2832547390491613,nan,,,1.116650938987732,,None,-11.761548462859238,-1.935430790430996,-13.418677867457063,0.25635865330696106,0.1329486871138382,0.26758572459220886
Gaia,DR3,5531589986565509376,115.51701682414827,-45.8261625688299,17.650331497192383,2.6285266876220703,2.2964402279166984,6.201460431423848,50.80044739255747,33.538419278746034,,,3.4670729948270185,nan,,,1.0349966287612915,,None,-11.686805372651582,-0.9514323496858781,-13.312996884391335,0.08439002931118011,-0.5358496875102297,0.1042107567191124
Gaia,DR3,5531630256178430848,114.87901081704672,-45.80950792697257,15.030939102172852,2.154812812805176,4.4673982954806775,5.816017060277941,28.89101091723276,33.661095000499174,14.900196075439453,3.3133785724639893,4.331815753724055,nan,,,6.555852890014648,,Gaia_DR3,-14.372465426926855,-1.0819726120231348,-10.455815735533932,0.12368953973054886,0.05945932718248867,0.12804388999938965
Gaia,DR3,5514477050146630656,120.6457617960172,-49.45813439224251,18.291105270385742,2.712892532348633,3.9959350781498753,11.083744313414357,48.09770330284609,32.56658151337943,,,3.9981079381650297,nan,,,1.9459925889968872,,None,-15.11455479230246,-0.276193798784659,-17.99305503535546,0.30066636204719543,-2.0246934454348207,0.25330010056495667
Gaia,DR3,5514492408953411968,121.18081092891696,-49.377685641381035,12.3206148147583,1.0200605392456055,3.1341092921842493,11.327588583509149,57.705784615285005,32.45653886859865,26.32914161682129,1.2736364603042603,4.751700739305999,nan,,,0.9309816956520081,,Gaia_DR3,-18.15848830211708,-0.502104314428502,-15.168909774281904,0.010836093686521053,-1.4605457118632197,0.013984093442559242
Gaia,DR3,5320484097631831680,124.6230992150434,-53.72389745961608,15.210038185119629,2.3782901763916016,4.310408011513849,15.643012320691774,66.73752445689581,31.735437224999117,,,4.313392764827218,nan,,,1.148148536682129,,None,-17.587486406835605,0.9582277335641685,-17.07410561332617,0.03006562404334545,4.843942697847475,0.026543524116277695
Gaia,DR3,5530879044919489664,116.93110176280847,-46.074717283134376,19.687240600585938,2.597675323486328,3.094215378355787,7.1810302340438055,31.346066058916712,33.26545005216073,,,4.183968226691783,nan,,,0.9610647559165955,,None,-14.587735324904383,-1.2747574702826414,-12.153274342380572,0.29592859745025635,-0.041162647122427745,0.3725130558013916
Gaia,DR3,5531112244467543168,118.01851592237692,-45.38103414784966,18.18385887145996,3.3357982635498047,4.251571605247264,7.600092626762773,56.607046187472164,33.022423218141256,,,3.4397918854557172,nan,,,1.0132300853729248,,None,-12.294406558070726,-1.5042384997775828,-9.221100259996076,0.11858005821704865,-1.7484787279824485,0.1221158355474472
Gaia,DR3,5532107852242282496,116.12509568350275,-43.5005742208091,18.101499557495117,3.106996536254883,3.860912063597043,5.8266937931935905,51.91683157398873,33.33408217929822,,,3.438514362468585,nan,,,1.2102024555206299,,None,-11.762613706575571,-2.0152725044546282,-9.012737539644139,0.14119389653205872,-2.5356071470042663,0.14480021595954895
Gaia,DR3,5550429946504669184,93.73039507868049,-50.00964403524956,16.051015853881836,2.180819511413574,4.41794016964909,12.590152019255635,64.38303456097263,36.32539081443345,,,3.6216359603136996,nan,,,0.9872358441352844,,None,-4.973528942905866,3.411299731991361,-7.96392436874981,0.043261703103780746,1.8509655462971955,0.04078994691371918
Gaia,DR3,5550868686004655360,99.4016858217269,-49.84295153089373,9.426440238952637,0.5380783081054688,3.372444756042214,9.645290528989943,68.11570440104224,35.83886805166556,15.749897003173828,1.4753762483596802,5.291608938575918,nan,,,0.8575058579444885,,Gaia_DR3,-10.183849686692554,4.205676936866102,-6.8477050372299075,0.011876620352268219,5.944387798019157,0.012729191221296787
Gaia,DR3,5532108268859265792,116.0796804683071,-43.49870463464381,16.605541229248047,2.5996294021606445,4.096649860538556,5.793817279998815,25.038454132059012,33.34331048063015,,,4.120549014708307,nan,,,1.0560100078582764,,None,-14.080400242607988,-2.4082638277404547,-10.77624366218107,0.046766720712184906,-3.729609268146234,0.04925546422600746
Gaia,DR3,5532461383893295104,116.32511917375533,-43.752578064491246,5.996739387512207,-0.0658869743347168,3.8985505852642994,6.009633781058935,39.0552022333118,33.30498860894878,,,3.642141538078692,nan,,,0.889813244342804,,None,-12.51883881430274,-2.0521030251363865,-9.602607274990087,0.03637424111366272,-2.726997127177621,0.04252414405345917
Gaia,DR3,5535067123371186816,115.2633788648337,-44.044707236837745,16.72907829284668,3.0107192993164062,4.051773189241568,5.327761369244114,22.937455627943176,33.53245590350468,,,4.050594847818031,nan,,,1.4709744453430176,,None,-13.568733639700362,-1.9600210193321912,-10.50606580428694,0.07241269201040268,-3.5695289733139104,0.08086154609918594
Gaia,DR3,5531092865573133824,118.43645792894463,-45.546552851149315,11.606412887573242,0.8238096237182617,3.4592612561336593,7.9317901733048775,57.4584178368509,32.941315086862964,36.18799591064453,5.492094039916992,3.441713902853009,nan,,,0.8411697149276733,,Gaia_DR3,-12.41597141185523,-1.5001629529321745,-9.90685850438362,0.013117334805428982,-1.5613830495254888,0.015186978504061699
Gaia,DR3,5531349979497683072,117.47294380480297,-44.981681172908,18.623594284057617,3.213674545288086,4.357995374339645,7.107392486024446,40.68436935950817,33.12059090711413,,,3.6814655566568226,nan,,,0.9844048619270325,,None,-12.99698705249726,-1.7006065115999416,-10.510186829636663,0.1434156447649002,0.5917888991530799,0.14394649863243103
Gaia,DR3,5532104832885446912,115.94616238253965,-43.67780265699511,14.741437911987305,1.6858758926391602,3.874884487345131,5.726838908262909,40.569327880504844,33.37906517710711,22.053905487060547,4.086382865905762,3.6018032237231257,nan,,,1.0204813480377197,,Gaia_DR3,-12.268303306276783,-2.0061050997665206,-9.425201953782631,0.019911210983991623,-2.7632247963362895,0.022047141566872597
Gaia,DR3,5497753577071858176,103.79316892091337,-53.24812451876395,10.506251335144043,0.5947370529174805,3.5240052895134224,11.247232780267806,52.65898250637055,35.08816120376164,-7.7714457511901855,1.0386292934417725,3.7977924598339587,nan,,,2.7758429050445557,,Gaia_DR3,-8.881924781930673,4.221088877893318,-6.1457469382381085,0.03980591520667076,4.90914732908725,0.036733727902173996
Gaia,DR3,5531489273875993088,118.49720414569994,-44.250143658662985,18.714479446411133,3.224119186401367,4.532081320777052,7.635881547590006,46.95825270175369,32.87313859208214,,,3.596305746858996,nan,,,0.9268792867660522,,None,-12.991022953697122,-2.1421527345188727,-9.57212253078974,0.17563585937023163,-2.483921146924869,0.15930572152137756
Gaia,DR3,5535429854829212160,114.73679520027629,-42.66850015395063,18.004308700561523,3.1076908111572266,4.109882581577784,4.747596967515275,20.415363589319384,33.57430258812397,,,4.06231503258637,nan,,,1.0185952186584473,,None,-13.430149878899682,-2.5710539847038105,-10.084271222070722,0.11793618649244308,-3.6631794348884394,0.11820072680711746
Gaia,DR3,5549056274228697984,94.45979122226713,-52.02767804797926,17.91576385498047,2.7345447540283203,3.513856466418052,13.405974366818786,60.18264274584018,36.09330103950118,,,3.8658502038722404,nan,,,0.9141936898231506,,None,-5.5863384621294205,4.6275597302245695,-6.649409206091488,0.11210348457098007,1.9685397162008444,0.105243019759655
Gaia,DR3,5549253774004398592,96.63202176200808,-50.95049075371527,19.788131713867188,2.7594242095947266,3.978351103927729,11.679188168798488,67.7873258045847,36.01794573384804,,,3.479871000224216,nan,,,1.0492863655090332,,None,-5.7673347883757815,3.5077478205738837,-8.67118146874135,0.415445476770401,3.2158010325646686,0.5001105666160583
Gaia,DR3,5549618399548590848,91.03167589853834,-52.05659696989084,19.49205207824707,2.9623374938964844,3.2046270075140275,15.117640775142092,65.2783445882852,36.31294240226917,,,4.0122331635265125,nan,,,1.0537688732147217,,None,-4.437173815405526,5.059743488960294,-6.478109309917204,0.37228837609291077,3.276045004079019,0.32648324966430664
Gaia,DR3,5532440317071790464,117.28980991396136,-43.40986956665989,19.166139602661133,3.1881656646728516,3.5488030568495295,6.655480265717988,57.95729719603506,33.086841164549455,,,3.3855450851665805,nan,,,1.0211830139160156,,None,-11.902268682463502,-2.1859492546723542,-9.425386504793476,0.22523504495620728,-2.715248256956837,0.2534066438674927
Gaia,DR3,5535120892067744896,115.65339423867562,-43.41093330145317,19.2161808013916,3.2352867126464844,3.8879714902710143,5.475096980517306,27.353159622413557,33.42612950560662,,,3.85448560049349,nan,,,0.9606467485427856,,None,-13.036083998298112,-2.2272922133512614,-10.238978437922288,0.22117404639720917,-3.695936004056242,0.30210810899734497
Gaia,DR3,5536075856567497728,113.3166079774438,-42.85510048652276,17.908742904663086,2.925140380859375,2.124683389424176,3.7159615626200644,38.92836393893208,33.863539617967994,,,4.74829358755727,nan,,,1.0553739070892334,,None,-15.130820391099883,-2.6357904329346837,-13.036217184016646,0.09932857006788254,-3.004357321108624,0.11601614207029343
Gaia,DR3,5531480275926790016,118.21363474366576,-44.47753365073293,16.133607864379883,2.2577943801879883,2.219490450134917,7.482477523174395,33.437810642061834,32.94436921000772,,,3.9396766807783723,nan,,,1.030103087425232,,None,-14.142467766165435,-2.189045536263248,-14.301210591359194,0.03775022551417351,-4.025536414899724,0.040674734860658646
Gaia,DR3,5512894578040199680,121.28876917821714,-51.85954762648278,14.559182167053223,2.0288190841674805,2.4373755804010213,12.898914082810613,55.07236208110832,32.42668177632531,29.314416885375977,7.817988872528076,4.185570219423176,nan,,,1.0375207662582397,,Gaia_DR3,-16.02953151914074,0.7753541325435283,-17.775865798517337,0.020002352073788643,2.030576591670371,0.018323354423046112
Gaia,DR3,5320368438453440512,122.77696593705363,-53.25701863003494,19.31515884399414,2.8596744537353516,0.8008064557396001,14.508500023748189,62.33225461636829,32.10937994753933,,,4.338456104328646,nan,,,1.0328598022460938,,None,-17.10185157500229,1.1762894217634923,-16.478500831517934,0.324776828289032,0.7917665941235504,0.24004267156124115
Gaia,DR3,5532409981724799616,116.48017454280469,-43.88807469592742,15.63379955291748,2.0583696365356445,3.6159749593588417,6.144563511859776,37.070837473757265,33.27937397702712,,,3.686947674150508,nan,,,1.02363920211792,,None,-12.719548795135353,-2.0399041421117885,-10.020882788859023,0.030706612393260002,-2.8248346703473337,0.028161223977804184
Gaia,DR3,5552286987284991232,99.38724530944964,-47.21851254685469,13.904927253723145,1.4661598205566406,3.3396773501880097,7.935985664051576,35.31489689022975,35.97535577419791,-3.9194231033325195,2.1674177646636963,3.9428562297734997,nan,,,1.9874253273010254,,Gaia_DR3,-7.582688518429375,1.7669130436666365,-10.343661144124093,0.02701422944664955,1.479240579538837,0.03162603825330734
Gaia,DR3,5549015734033683712,93.66733804064245,-52.54239954271679,17.554868698120117,2.8263988494873047,2.6454367813242228,14.108494773640187,63.02468579117832,36.096935237880565,,,4.540332442457858,nan,,,0.9532743096351624,,None,-6.2069413429106906,5.815364143209375,-8.561098471146405,0.09102818369865417,4.882979226918846,0.10253904014825821
Gaia,DR3,5549070743974887040,93.85204783869817,-52.24063999775999,19.769990921020508,2.912839889526367,1.0153916044191365,13.828665972791848,58.95929234349812,36.115534024626385,,,4.197828304938854,nan,,,1.032665491104126,,None,-5.815115636780461,5.193529862639431,-5.856338342224465,0.45466941595077515,4.295910827168289,0.5223982930183411
Gaia,DR3,5549390972439906304,94.48583375423775,-51.008534117598835,15.151183128356934,1.7788610458374023,2.9122648173548704,12.755953522580583,54.83885032293125,36.186560113484276,38.8211669921875,7.735166072845459,4.2729169586372935,nan,,,6.654752731323242,,Gaia_DR3,-6.185499809920273,4.5331858217205445,-7.850695391455252,0.14690916240215302,2.5061721882586907,0.15395204722881317
Gaia,DR3,5532499553263198720,116.97543242204851,-43.23921445602536,19.835676193237305,3.1851882934570312,1.7016064018735182,6.4127318184911815,29.004630272821533,33.14395339507931,,,3.9345303439858235,nan,,,0.9648536443710327,,None,-13.732197726862182,-2.570391521212814,-13.541010643796861,0.3735091984272003,-1.1720227836598998,0.4267198443412781
Gaia,DR3,5532515156883536384,116.76689150492379,-43.08971528656066,13.080824851989746,1.1247568130493164,3.8692037674822757,6.250776281797449,37.68501438542065,33.179630742152455,29.707233428955078,1.6294549703598022,3.6820001471010424,nan,,,0.9707765579223633,,Gaia_DR3,-12.788476115136621,-2.44070333974049,-9.891632095918027,0.012258261442184448,-3.2331819631259315,0.012335590086877346
Gaia,DR3,5535247920011512960,114.3561512650737,-43.51118166216963,17.23894691467285,2.756795883178711,2.4609431160187047,4.564677895928908,69.7758950357311,33.68994361640874,,,5.590484910102284,nan,,,1.0153886079788208,,None,-18.304441511777522,-2.8714056281337,-15.58996883830272,0.06708493828773499,-1.849957379413163,0.07909092307090759
Gaia,DR3,5535323030400699904,114.45100117379843,-42.96356980969694,12.132068634033203,0.9969778060913086,4.1491419421434905,4.553142377427522,25.06245981974332,33.64630830618403,29.793659210205078,1.3259135484695435,3.8242988172762935,nan,,,0.9286186695098877,,Gaia_DR3,-12.551945818951925,-2.2380665034012983,-9.257486794260977,0.0099566001445055,-2.817581574489279,0.010827692225575447
Gaia,DR3,5531753568981343872,116.6285222233885,-44.82662139144959,17.953540802001953,2.7766685485839844,3.5317470987911745,6.490974506668247,48.40977076268092,33.28778620726908,,,3.513563169368057,nan,,,1.0258681774139404,,None,-12.163888909883473,-1.5618455716185178,-9.628507132556738,0.11819788068532944,-2.2060578525555252,0.11196884512901306
Gaia,DR3,5532014221957161472,116.38165282804428,-44.264307601822225,18.902408599853516,3.285982131958008,3.6976829979382333,6.159578828939131,30.655658582908927,33.31599392525214,,,3.8362632043015275,nan,,,1.080724835395813,,None,-13.203805819989809,-1.9297606827681903,-10.692470808573487,0.17414243519306183,-3.553242316715357,0.17724452912807465
Gaia,DR3,5532472482088555520,116.77038120590862,-43.42083192140467,13.763561248779297,1.3401174545288086,3.702754919693277,6.28134453938739,37.51113157054726,33.196507977229324,31.22186279296875,2.335136651992798,3.6873973868579464,nan,,,0.9453303217887878,,Gaia_DR3,-12.808268270575692,-2.295625462235676,-10.038861702485281,0.013422222808003426,-3.079847578941866,0.014599376358091831
Gaia,DR3,5549042087952908800,94.93965409552948,-52.16136938435713,15.461277961730957,1.9535512924194336,3.361587032761373,13.272112077968991,57.790964323650876,36.04419443009679,,,3.974283392182722,nan,,,0.9971045255661011,,None,-5.9301659302814285,4.789346728910374,-6.469902326161021,0.03025328740477562,7.553546357936112,0.026091700419783592
Gaia,DR3,5514567691145905792,122.54185294603656,-48.88452286630451,15.488000869750977,2.001824378967285,1.3796876490552348,11.846072912682809,50.970983752077636,32.1642264457107,,,4.0439512444523045,nan,,,1.0468852519989014,,None,-15.869956003562592,-0.9459206729996641,-14.703203292540948,0.02709188684821129,-1.0946294369946075,0.029105274006724358
Gaia,DR3,5518964809943307648,118.34533118980761,-46.587962822908125,11.177203178405762,0.840296745300293,2.1822449932781818,8.28411723369331,52.52560038437946,32.99210157494661,2.8764870166778564,0.4300338625907898,4.869489273388368,nan,,,0.7391349077224731,,Gaia_DR3,-17.53136355947955,-1.4868667644903004,-16.94428791436718,0.013504032976925373,0.6749936101150458,0.013205841183662415
Gaia,DR3,5486714759504503808,110.15410445238052,-57.29278330589123,9.018906593322754,1.0054187774658203,4.982731262224452,14.929473654449321,67.02391078065713,33.88154824214852,,,4.609337773535468,nan,,,2.358954906463623,,None,-13.43002614291909,6.384810519151145,-9.511573181570958,0.0314854234457016,9.228702900773005,0.037730053067207336
Gaia,DR3,5486896071547036672,107.20188993622686,-57.10082340962889,19.53096580505371,2.9707069396972656,1.5894864033644527,14.70773425860427,68.97702033154546,34.27256445412485,,,3.7386809324960484,nan,,,0.9815539717674255,,None,-9.910697141422865,5.5393453255178215,-10.602716965734514,0.36291953921318054,4.495072167925112,0.33229079842567444
Gaia,DR3,5554509748823551872,91.66343197180247,-47.744801181781305,17.844491958618164,3.0004920959472656,4.236076370178009,12.86904031509025,58.97391164464554,36.619648305244326,,,3.8183849710738387,nan,,,1.015055537223816,,None,-4.462711951946072,2.5671131828091487,-1.728063001661727,0.08665313571691513,4.603960454500021,0.11820250749588013
Gaia,DR3,5549600532484456832,90.91593429279428,-52.27305335708853,18.383989334106445,2.8546104431152344,2.1987140686691444,15.295147042482126,67.77379759475502,36.29654519798635,,,3.892810868410859,nan,,,1.062044620513916,,None,-4.260234735516179,5.028605006730855,-6.02496181690218,0.15903010964393616,5.4047113620167755,0.18027979135513306
Gaia,DR3,5550212135827672064,93.54456203499193,-50.609038122636655,19.963430404663086,2.589906692504883,4.466494524357471,13.012003377469211,60.73031695094821,36.29000227240985,,,3.775305367453061,nan,,,1.0619419813156128,,None,-5.115396140230931,3.871396342181723,-1.620092355993904,0.44766539335250854,4.518826012812492,0.6486401557922363
Gaia,DR3,5552830828928551424,101.37120805078031,-45.91332830167151,20.144235610961914,2.6277503967285156,2.4885278391574888,6.078437085471942,65.85810401611924,35.78398116660203,,,5.412123890884076,nan,,,1.0525736808776855,,None,-11.429466132810083,1.217564682095282,-14.260971184444028,0.4630490839481354,1.42694951902397,0.532476544380188
Gaia,DR3,5550951179440810752,99.26759499122366,-49.41721582635971,20.142038345336914,2.4674949645996094,3.311966826241669,9.399960488425569,40.369725985393266,35.87971746759328,,,4.064798678085402,nan,,,1.025136947631836,,None,-7.770639095087089,3.0160568796595824,-10.36630045222082,0.5930559039115906,1.8684802536944094,0.6110150218009949
Gaia,DR3,5516948683571340800,118.48187380980627,-50.632345707075736,14.02293586730957,1.4547309875488281,4.931896590778134,10.781840502306947,47.31290617837477,32.98619371579478,8.896316528320312,3.1028988361358643,3.9563783513952555,nan,,,1.0640963315963745,,Gaia_DR3,-14.286903231754913,0.7106989325553377,-12.312844142060257,0.014441113919019699,-2.8980844204265273,0.016598792746663094
Gaia,DR3,5517787847166729216,119.71942763301733,-48.23779570987951,20.029022216796875,2.348297119140625,1.5195652343227932,9.90357035951952,66.33021945018258,32.74336930511487,,,3.402083505150798,nan,,,1.1210970878601074,,None,-12.616929321482159,-0.5790943809207789,-13.480540270845708,0.5887918472290039,0.08565250753575288,0.6467515230178833
Gaia,DR3,5531223776176323840,119.09957307404004,-44.78351435145385,17.501585006713867,2.719511032104492,4.556863441698844,8.16522847591489,35.24960474088157,32.76937422019251,,,4.031020754034646,nan,,,0.9934021234512329,,None,-14.753440168636939,-2.2493238894561873,-10.939578716848954,0.07767537236213684,-1.578950737216215,0.07704766094684601
Gaia,DR3,5532209870607426432,117.08814424688008,-43.9713875847453,17.199790954589844,2.464048385620117,3.6455499380672554,6.59027181276807,32.89843081631597,33.15736646245305,,,3.8203546590293236,nan,,,1.0071747303009033,,None,-13.368594653835087,-2.1725098617630394,-10.545503448093838,0.06917957216501236,-1.3660787855691843,0.07435321062803268
Gaia,DR3,5532236087087510656,117.32217745044599,-43.77219098926647,17.411203384399414,3.0474720001220703,4.232392304158634,6.723344156549112,34.38900762345589,33.09873408167069,,,3.793611262902142,nan,,,1.0303446054458618,,None,-13.346785019699894,-2.287152540763913,-10.270209432313251,0.08254712074995041,-3.6983213558787407,0.09706677496433258
Gaia,DR3,5534989298562546816,114.85081145774873,-43.97722477966166,9.521684646606445,0.6249980926513672,4.074613381231724,5.023845322962478,24.825031896914503,33.611594278908896,,,4.284009925070272,nan,,,0.9421864151954651,,None,-14.203791058594879,-2.0372713956345976,-10.884786747878294,0.013638677075505257,-3.6264176795015652,0.014939717017114162
Gaia,DR3,5535352270539309440,114.66781173792265,-43.182359283506386,9.95215129852295,0.4252281188964844,4.100304939455741,4.733755747625765,33.71976352949291,33.61360688936038,32.116451263427734,0.7148805260658264,3.667568642901589,nan,,,0.9492699503898621,,Gaia_DR3,-12.103994895247027,-2.0781838585707684,-8.990499163500886,0.01479095034301281,-2.6750662489237342,0.016517776995897293
Gaia,DR3,5554883861950638720,95.83804027014935,-46.25117444159621,14.17052936553955,1.591395378112793,2.927673435162294,9.693859132423187,44.94589827548325,36.361878743757266,0.026539495214819908,2.9096152782440186,4.4267628211369665,nan,,,1.0561254024505615,,Gaia_DR3,-6.994308755397435,1.763402373100723,-4.281378332666821,0.016012802720069885,2.0866712761346764,0.01853976771235466
Gaia,DR3,5551742900828129920,101.24675218758233,-47.65908134935987,12.876008033752441,1.334702491760254,3.791318769868808,7.233540139533731,46.16607209248917,35.7494887022435,33.45539474487305,1.2339260578155518,4.750789277991853,nan,,,9.361059188842773,,Gaia_DR3,-9.97695392468604,2.1768630384630887,-6.274876978789405,0.12550249695777893,1.3328929954295967,0.12807893753051758
Gaia,DR3,5552459988567565312,100.0192398942879,-47.330823273738226,10.056575775146484,0.5334501266479492,1.7876216771955515,7.652138085131022,33.57883059679427,35.90189631960708,-1.741179347038269,0.2879660129547119,3.977251695245209,nan,,,1.3367503881454468,,Gaia_DR3,-7.8889249053338455,1.7784788094970772,-6.69727685263463,0.02096046507358551,2.68756717558062,0.02007952146232128
Gaia,DR3,5503793469321775360,105.43208642291283,-52.55630870467096,19.019716262817383,3.199247360229492,3.6421013342854702,10.327978247456794,44.72453479032809,34.95016815399224,,,4.2394046470957285,nan,,,1.0399038791656494,,None,-10.555648972504503,4.100236407094309,-7.424384729654932,0.22166113555431366,4.989097033102195,0.2638300061225891
Gaia,DR3,5552813408539137024,101.38888962437264,-46.12377522300063,10.102980613708496,0.8237094879150391,1.4564966025795578,6.18459661570773,26.59004469418882,35.777680550432564,63.0880126953125,0.38155171275138855,4.060888726510103,nan,,,1.2284172773361206,,Gaia_DR3,-8.582675820250454,1.0242548038215546,-9.792884802022748,0.019607190042734146,0.7241148128013498,0.017366154119372368
Gaia,DR3,5551539766054809728,100.19990090869736,-48.714205033625184,16.659019470214844,2.456477165222168,3.2451224964292837,8.471026732199318,56.912169884628916,35.82060916762258,,,4.997076058165214,nan,,,0.9886261224746704,,None,-9.997767862859511,3.1239381490928557,-7.172963784518393,0.05069132149219513,5.049236496155069,0.04665708169341087
Gaia,DR3,5552202737206208256,97.57265578813546,-47.919898636264,17.678495407104492,2.838827133178711,3.6166167546199817,9.344588729716408,53.78326441045944,36.131384442838964,,,4.820699785364941,nan,,,1.0040147304534912,,None,-8.429230518201964,2.8160223601629903,-11.348702950848642,0.08811359852552414,0.5832660642918075,0.10041338205337524
Gaia,DR3,5552632577531446912,102.10036331883722,-46.20369637004205,19.64576530456543,2.8200321197509766,1.8042561461712465,5.835108094671034,41.02573536687742,35.68850646217724,,,3.5995662928306227,nan,,,1.0747015476226807,,None,-7.8490224689089745,0.8765215266580184,-6.929339758554108,0.4029211401939392,1.890749032275639,0.47241371870040894
Gaia,DR3,5552783313705912320,100.22019948263964,-46.2099582872751,14.119016647338867,1.3812761306762695,3.691888074364654,6.914232517074233,61.809684758771176,35.913559996264766,3.153212308883667,2.7638750076293945,3.3440839275981205,nan,,,0.9830775260925293,,Gaia_DR3,-6.697050482756401,0.982765315090117,-9.085070207836022,0.01594889722764492,-0.05221648102568584,0.016161682084202766
Gaia,DR3,5519150283801906304,119.59780582556847,-45.314188536388706,13.439674377441406,,4.713525758566859,8.638116150652664,44.78447241979962,32.68580449734556,,,4.5736080619663815,nan,,,1.9372460842132568,,None,-16.91816357724135,-2.363201394403344,-13.411601163840956,0.4029093086719513,0.5277248000214625,0.5708528161048889
Gaia,DR3,5536081903880980480,113.38899156141134,-42.80847912096462,19.64700698852539,2.8380355834960938,4.776905807848231,3.7649890792696534,36.468360023692505,33.847373325342915,,,4.685852701369388,nan,,,1.0357887744903564,,None,-14.96060083805525,-2.641196921617828,-19.614986945834854,0.32567617297172546,-3.417892236612925,0.4200945496559143
Gaia,DR3,5553033723182155264,90.34076610548031,-50.39257831295293,19.682287216186523,2.634065628051758,1.3554047620658685,14.676576274433305,62.51329363422816,36.51027293816399,,,4.225942703589827,nan,,,1.0803817510604858,,None,-4.382481454550128,4.429045790127631,-4.498450857331069,0.42282143235206604,5.630954992530362,0.41121214628219604
Gaia,DR3,5553066266150728064,90.86918271560968,-50.134965670605055,15.730329513549805,2.4037742614746094,4.950646889918369,14.259946095329635,64.756508572902,36.50244237692752,,,4.617124728353901,nan,,,1.0074999332427979,,None,-5.031411264321955,4.644338310852258,-9.739254317778274,0.0417153462767601,3.6169404445687077,0.03349541872739792
Gaia,DR3,5556346620435582208,96.79258960352058,-45.9316228195778,17.992992401123047,2.7231826782226562,4.404561279700263,8.963995287207505,55.7457526899481,36.28250176956573,,,3.521250284504894,nan,,,0.9973013401031494,,None,-5.890851504560693,1.183471439373331,-3.589080841041253,0.11031214892864227,3.505528854639826,0.10951672494411469
Gaia,DR3,5558001011776169984,104.7674695902605,-45.209588357800556,17.663650512695312,2.956043243408203,4.838913551355372,3.7864105522474256,25.61901792421811,35.344802232109714,,,4.41888228443814,nan,,,1.2345515489578247,,None,-10.732671347965969,0.16219080936867947,-14.307395352247235,0.12604717910289764,-2.583786134626814,0.12038621306419373
Gaia,DR3,5557940469915610368,103.85736366416694,-45.96063077741828,19.824594497680664,,4.157850462843664,4.769623343777443,35.39737637816023,35.464420486767224,,,4.610216054277983,nan,,,1.135071039199829,,None,-10.80941557952205,0.7454079335441164,-7.638000871878088,0.7715911269187927,-1.758839152408647,0.5477445125579834
Gaia,DR3,5552656560630914048,102.20942480198595,-45.815450425606855,16.484704971313477,2.3730249404907227,1.6584557737500738,5.540692989576091,54.04550532357283,35.68176325702284,,,3.401576082585873,nan,,,1.0107580423355103,,None,-7.452156857317107,0.6446147025905438,-8.006230857649062,0.04359615594148636,1.6969131882832826,0.0480637326836586
Gaia,DR3,5552921371134354304,101.472178603176,-45.52172488662182,16.283313751220703,2.2964086532592773,2.3601431193490394,5.814539709098959,25.675564832776264,35.77804563852209,,,3.979865398218434,nan,,,1.1002646684646606,,None,-8.442739902851542,0.6794049708680387,-10.12399587280248,0.04540298879146576,-0.36671707598117687,0.059603720903396606
Gaia,DR3,5553716352400702208,95.1833352627235,-48.303936934816925,11.536575317382812,0.8767175674438477,1.8981403112560955,10.918688135607454,51.630970761140176,36.32668075862978,38.35337448120117,0.46277356147766113,4.5421582570272685,nan,,,0.7099816203117371,,Gaia_DR3,-6.885939758073347,3.1161895280606733,-5.510535964057663,0.011120714247226715,4.304332695483403,0.012812978588044643
Gaia,DR3,5552402539085260672,100.09068795182111,-47.64938616778709,15.472500801086426,2.1041059494018555,2.470215792208264,7.8104992940890146,39.36764957201027,35.88164315258401,,,4.470787459538822,nan,,,1.2188916206359863,,None,-8.898302101848053,2.17920887161747,-8.86410256465239,0.03526473045349121,-0.14868600387317443,0.03581533208489418
Gaia,DR3,5555329885714383616,97.62751053026,-46.6741614580038,11.402871131896973,0.666020393371582,1.2368888056715277,8.710630476312804,64.77780927487173,36.1775941590997,28.263614654541016,0.5202990770339966,3.3704243342876534,nan,,,0.7720823287963867,,Gaia_DR3,-5.911231456709079,1.405772197663863,-5.074863305895338,0.015131359919905663,1.1358899191649985,0.014936340041458607
Gaia,DR3,5555903040511080704,101.0477845711767,-45.5295718311217,16.460119247436523,2.6678123474121094,4.997088523998111,6.0781242811092815,65.71053602011797,35.82962268262294,,,5.407431387759472,nan,,,1.0231670141220093,,None,-11.254133950372122,0.9887555132821664,-6.900772565439722,0.046350907534360886,4.66258892509902,0.04792260751128197
Gaia,DR3,5556150190109216000,100.13419831303935,-44.70245126001125,10.539222717285156,0.7078485488891602,4.165750967450179,6.343720457478755,40.23277337086005,35.94788803219266,-29.239158630371094,0.3666476309299469,3.640254432368492,nan,,,2.2869837284088135,,Gaia_DR3,-7.260364559752896,0.3515857368743216,-10.438304675667775,0.030231712386012077,0.6983832454345924,0.031331755220890045
Gaia,DR3,5554734190930039680,93.94749256623562,-47.25952773836269,14.925565719604492,1.7926855087280273,3.098578353232602,11.252421663373086,54.19880591230543,36.480922079849876,36.87255859375,7.6132330894470215,3.747987306654884,nan,,,0.9862564206123352,,Gaia_DR3,-5.227192183045667,2.1338140344640886,-7.548771611221827,0.02121405489742756,2.9110465936859633,0.020812872797250748
Gaia,DR3,5553137459528669568,92.5322573334864,-49.714620501304225,16.37310028076172,2.569875717163086,4.7024709365065105,13.115104514712748,60.84697764576291,36.43213389341048,,,3.78676692098568,nan,,,1.6954690217971802,,None,-4.75208870287513,3.4967624901009753,-6.017587611827882,0.06956929713487625,7.030951524394977,0.07480663061141968
Gaia,DR3,5553738922452511744,95.2847998082283,-48.105987762849,19.250905990600586,2.9484081268310547,0.5883258386267832,10.767430293160668,59.47025004966991,36.329173878696054,,,4.885868775256524,nan,,,1.0925112962722778,,None,-7.455531529382535,3.2128263298317457,-7.446079070775381,0.23289334774017334,2.6069301900642143,0.2506851255893707
Gaia,DR3,5554743399339825664,94.46230653376048,-47.022438915262725,16.203187942504883,2.3388118743896484,3.2783438562139717,10.841910745212672,51.331530374804196,36.45054544670852,,,3.785122681427856,nan,,,0.9743916988372803,,None,-5.4706185719818885,1.9990701718886918,-6.153225465415851,0.04185069352388382,4.52436751666262,0.045130033046007156
Gaia,DR3,5554883861950638976,95.83981011620207,-46.25247235624966,11.441413879394531,0.7779150009155273,3.211074454730018,9.693120666959201,45.003530331507044,36.3616759657693,-1.359911322593689,0.5297735333442688,4.429842320658261,nan,,,0.9026417136192322,,Gaia_DR3,-6.999939553779513,1.7652426276065134,-4.001336843509276,0.014438292011618614,1.7438782159768516,0.018124328926205635
Gaia,DR3,5567373661205566720,93.51698531740034,-45.077304462660784,19.583812713623047,3.0034732818603516,4.839799926139053,10.991658939861692,67.89702479918563,36.591777493328834,,,3.435580274279508,nan,,,0.9689570069313049,,None,-4.645737226603307,0.9729022716645244,-1.6554291903747105,0.34425804018974304,2.80178859943738,0.30179792642593384
Gaia,DR3,5553162503481101184,92.46587311827632,-49.63838636604605,12.411575317382812,0.8878192901611328,3.3283150952615688,13.117820194087958,68.49476448638109,36.44237795738066,33.5148811340332,2.3551971912384033,3.575733879447231,nan,,,1.1945791244506836,,Gaia_DR3,-4.463750356954736,3.2692752405636174,-4.9993700071622875,0.014278124086558819,5.7203200542628165,0.014022496528923512
Gaia,DR3,5551002482825732992,97.33948938670495,-49.79156849071941,15.090680122375488,1.8414688110351562,3.619912110914936,10.575179028678347,48.94607870698516,36.04330041798324,14.851529121398926,4.617249011993408,4.468400574667036,nan,,,1.125791072845459,,Gaia_DR3,-7.712385180995987,3.7453175537929537,-9.13324140673898,0.032268404960632324,6.845087608500407,0.03676804155111313
Gaia,DR3,5505310898446974592,108.99183728553393,-49.717388581177076,18.810827255249023,3.038318634033203,4.029698242893681,7.323221996988261,37.554953578129705,34.6294711200047,,,3.771422497827263,nan,,,0.9747456312179565,,None,-10.601761184443257,1.7920453905800375,-12.66308447035245,0.17314964532852173,-0.6605964689233614,0.17305050790309906
Gaia,DR3,5555050055708183296,94.78407259098687,-46.48888992172706,20.027637481689453,3.022144317626953,3.9860382224133226,10.458938307552323,52.6486813626323,36.44549850883145,,,4.655234377078194,nan,,,1.068136215209961,,None,-6.875219885412566,2.0974745769073104,-4.373837035533304,0.4400233030319214,5.104981737790981,0.4966825544834137
Gaia,DR3,5567928772843514240,90.18444687388528,-45.22785801157071,19.277633666992188,2.820526123046875,4.1581263825955155,13.341809618984367,58.975424329029735,36.818660354618316,,,3.9148976697323525,nan,,,1.0656083822250366,,None,-3.998830592866217,1.3799470921107984,-7.429536498228855,0.26597172021865845,1.462572471952929,0.2718510329723358
Gaia,DR3,5506115539099076992,112.51750258239937,-49.00056878314865,15.637989044189453,2.4078311920166016,1.5933546738522106,7.215676630566718,57.446207753094335,34.087384916666636,,,5.0946591655394124,nan,,,1.0254130363464355,,None,-15.887704185647005,1.2533133507713217,-15.612655432258142,0.031170573085546494,-0.4357094787999263,0.034412261098623276
Gaia,DR3,5558323439263060096,105.99893847738556,-45.23311868882717,17.70399284362793,2.4973907470703125,2.398264257337641,3.2754782681907235,38.29470488154355,35.16639854777106,,,3.5483462867338553,nan,,,0.9738638997077942,,None,-9.01887048953445,0.006529751681431328,-7.699317018735547,0.08708802610635757,1.2218875602557688,0.10302755981683731
Gaia,DR3,5558489298019040000,107.42247565923068,-44.12694250735844,16.810245513916016,2.825267791748047,0.627856429133951,1.832535136837199,69.35608393659783,34.93966734185324,,,5.631141520191467,nan,,,1.4860819578170776,,None,-15.039327280582448,-1.0499778663785815,-15.771264497232742,0.0718224048614502,-0.9093243021418667,0.07749709486961365
Gaia,DR3,5531405852731995776,118.48570487887231,-44.9441826398408,14.914206504821777,1.697122573852539,3.720284885710609,7.783069283375418,68.71594793344403,32.9073622478453,12.516249656677246,5.97847318649292,3.2851675329823338,nan,,,1.6250661611557007,,Gaia_DR3,-11.864089539532564,-1.6790478860281373,-9.478111208611088,0.03627926856279373,-2.6513149172632335,0.033145345747470856
Gaia,DR3,5551679232233054208,101.50971482203641,-47.83074363855135,17.07160186767578,2.646127700805664,4.391762910021958,7.229886543041657,45.59255518324649,35.711965874801216,,,4.733550248443355,nan,,,0.9663845896720886,,None,-10.058353265982277,2.241890950434102,-8.399609308655958,0.0649394541978836,6.298300158612418,0.07207541167736053
Gaia,DR3,5551961428764083712,98.44444415510497,-48.619182260260565,17.543598175048828,2.6523075103759766,2.9116824297866266,9.274288990213128,56.73986247225071,36.00951665879434,,,3.522535703130538,nan,,,1.0129598379135132,,None,-6.455613637254549,2.3132029416365674,-7.698641545886645,0.08088033646345139,4.082349539641584,0.08366788923740387
Gaia,DR3,5552075056416531712,99.48050857717442,-47.63205304568062,16.96896743774414,,4.311834808664815,8.124148423280666,62.80116628919752,35.949062631401695,,,3.373994630091545,nan,,,1.0372719764709473,,None,-6.518790774468833,1.6889354975268307,-9.398783906348559,0.08754798769950867,2.7431825971742385,0.1584109663963318
Gaia,DR3,5491128027379721088,106.52262873973743,-54.753676524618136,15.825590133666992,2.5359907150268555,3.7434008060838893,12.398823006229387,55.457958883063135,34.61643433281822,,,4.456669445650958,nan,,,1.2742068767547607,,None,-11.539946345303935,5.3910893625728225,-14.48315419782684,0.04244750365614891,7.316335112756704,0.04602062329649925
Gaia,DR3,5491289827387821696,108.26365354956636,-53.80170918763646,17.38018226623535,2.7053356170654297,3.9653258580170654,11.3919741787087,48.98449623676504,34.479958468893145,,,4.22663721662519,nan,,,1.0986273288726807,,None,-11.607266566244963,4.322817550130062,-10.575460264093941,0.07908973842859268,7.701974570275587,0.09102839976549149
Gaia,DR3,5539687644886788480,124.56925216903959,-39.85996977524808,18.29085922241211,2.774229049682617,3.2526838246280265,12.494076665831516,56.31746480471472,31.07718439307171,,,4.489458771354486,nan,,,0.9968297481536865,,None,-18.287904140775673,-6.222382538860734,-20.004511426124203,0.12409000098705292,-8.777748939785798,0.14871326088905334
Gaia,DR3,5555219694033637376,97.09250911815674,-47.54719427286428,17.108076095581055,2.8008956909179688,3.4136335867037055,9.433528673949162,45.56334349013293,36.19489587090431,,,4.499358386472502,nan,,,1.0103226900100708,,None,-7.658130987185068,2.453177093153517,-4.475452292778564,0.06862589716911316,1.857921645712922,0.06580553203821182
Gaia,DR3,5557580929614438528,103.8844519758748,-46.69717439125095,13.45736026763916,1.5919485092163086,4.020316267754063,5.3167847322251305,48.54893651124803,35.44803144291254,11.08496379852295,1.75908362865448,4.932891859696457,nan,,,7.646621227264404,,Gaia_DR3,-11.578380905464652,1.2679241916495463,-8.238314367328567,0.09954410791397095,3.782390233629404,0.10520479828119278
Gaia,DR3,5508015044217961088,104.66515743727267,-50.23085078355487,17.551538467407227,2.6725330352783203,3.7729071622161983,8.211749358942713,64.38701837308334,35.20705662718716,,,3.355874457257816,nan,,,0.9207715392112732,,None,-8.119169358513311,2.3238665448166733,-6.057701742735139,0.08605264127254486,0.6283672141870942,0.10942920297384262
Gaia,DR3,5567897230603841920,90.78776126839703,-45.21622385589242,16.60642433166504,2.0860490798950195,3.354241160036913,12.917999874094829,66.62791023947844,36.78202398282336,,,3.5998824873819073,nan,,,0.9926328063011169,,None,-3.8936906159724223,1.2349399837598212,-2.079223435579371,0.045034654438495636,-0.5503620694917668,0.04792744293808937
Gaia,DR3,5558589658516790784,102.62054732467729,-46.109153601314574,9.496023178100586,0.5517463684082031,1.3418057520815916,5.4963533590271085,23.63834088671165,35.62457098239976,-9.250292778015137,0.26968052983283997,4.058860171632393,nan,,,1.6094815731048584,,Gaia_DR3,-9.04864850341653,0.8793840220473572,-8.240947238233783,0.024597138166427612,0.06342775129366612,0.025039220228791237
Gaia,DR3,5559246376196493184,105.82824393261643,-43.90922694401246,18.481327056884766,3.117595672607422,3.4836960224859417,2.3456543896098654,12.939746763601295,35.182994423284896,,,3.9291737237803672,nan,,,1.0684014558792114,,None,-9.925611543891236,-0.6456406065425577,-7.048987556402219,0.1665952354669571,-0.4184978576961439,0.1811293065547943
Gaia,DR3,5558246683907336960,107.13027527543483,-44.72461585310512,19.201427459716797,0.9879398345947266,2.8644717653524796,2.4654065535555314,24.40783790254108,34.99263510642331,,,3.7262008462188945,nan,,,1.7600759267807007,,None,-9.853523187739533,-0.3727263769189997,-7.671349421798584,0.4358600676059723,0.17597621676266428,0.4349767863750458
Gaia,DR3,5535117116791662848,116.01543129557787,-43.25164240156517,11.128101348876953,0.7477388381958008,3.649563841613866,5.717365028384209,39.162445755691614,33.34427367701019,24.455142974853516,2.2578320503234863,3.624672726308796,nan,,,0.8582010269165039,,Gaia_DR3,-12.366821812088217,-2.218854271259714,-9.648371846623974,0.014968246221542358,-2.8408282067898227,0.016979480162262917
Gaia,DR3,5535430752478398464,114.7674867729476,-42.58303275804137,19.436386108398438,2.8961524963378906,3.406776063317102,4.769555454793359,37.700266307421025,33.56360610990871,,,3.604927380307287,nan,,,1.1246131658554077,,None,-11.92723714477847,-2.3239761731501853,-10.406684518727348,0.3249816298484802,-4.4194047994435,0.33909735083580017
Gaia,DR3,5554748896897957888,94.65245672734586,-46.87094602926988,16.539216995239258,2.043118476867676,3.213770589857106,10.668211114461698,56.35387834601368,36.44139263055257,,,3.631198549381624,nan,,,15.4236478805542,,None,-5.315949786842206,1.831151933352063,-7.153543446322909,0.5287898778915405,0.19547569624380595,0.6429305076599121
Gaia,DR3,5485215536744490752,102.9577446709268,-55.608003646714515,20.210098266601562,2.5997486114501953,2.269645476678697,13.64563455835448,58.18085926062819,34.93124575483682,,,4.170864881527957,nan,,,1.0628424882888794,,None,-9.429905485683529,6.018414883163211,-7.534489139949894,0.5670052170753479,6.642796303538654,0.5349218845367432
Gaia,DR3,5486159501837053184,112.72324117244449,-57.72454248931038,19.339994430541992,3.4081363677978516,3.911945915605431,15.567327235274076,68.70905759126033,33.48770532900671,,,3.9058975875635324,nan,,,1.1904172897338867,,None,-12.24923867036377,5.172629335356772,-12.63859760396431,0.3291827440261841,8.370116283657513,0.31762850284576416
Gaia,DR3,5320222237765274624,121.45487223080211,-54.17655946384582,19.994157791137695,2.7315120697021484,1.025600651778269,14.613886499635864,62.27927656194583,32.33381340995755,,,4.2377723150021795,nan,,,1.019850254058838,,None,-16.283073100017376,1.9181116948916,-17.02618486964458,0.5655628442764282,2.4540900347963026,0.5148327350616455
Gaia,DR3,5491806696636004992,109.88581521966543,-52.911761583607664,18.726306915283203,1.2728347778320312,4.963615296586851,10.555376234080445,68.39875580347764,34.32299794245071,,,3.403683282827119,nan,,,2.597151517868042,,None,-9.836926165873592,2.8795474397568404,-12.011958004185256,0.5153478384017944,0.05929092963241678,0.6498473286628723
Gaia,DR3,5558509153648913920,106.93008470926789,-44.22129822082294,12.547255516052246,0.9593935012817383,2.789704219179636,2.068055188676175,14.784722178633377,35.01840103642467,-3.6494970321655273,0.8816297054290771,3.872039297046193,nan,,,1.002930760383606,,Gaia_DR3,-10.169112436381635,-0.6135119303973142,-11.707789519916242,0.010260443203151226,-2.292150449184938,0.011811978183686733
Gaia,DR3,5558766306229074816,104.362316830232,-45.03267494568344,13.629314422607422,1.4093523025512695,4.835931226293898,3.8700460104770515,26.405487767449195,35.40226576251895,18.606645584106445,4.135902404785156,4.433502256955633,nan,,,1.0087060928344727,,Gaia_DR3,-10.602417351104226,0.11411746170178994,-6.239544605562942,0.013530348427593708,1.294732801077255,0.014042221009731293
Gaia,DR3,5558217684284813184,106.71542098659576,-45.2664895253558,10.530428886413574,0.6601600646972656,2.5132526565072193,3.0770923720863026,46.70214060238324,35.058983129188285,15.47960376739502,0.7719284296035767,3.435867794551948,nan,,,30.721160888671875,,Gaia_DR3,-8.956808963656414,-0.05740564235216494,-8.32488958562802,0.42251330614089966,-1.7645932257941783,0.4032166600227356
Gaia,DR3,5509014397208746752,108.28227137873888,-46.93706677912849,18.060739517211914,2.8636035919189453,4.684553501050642,4.527324719806536,62.813410967294004,34.809386647895046,,,3.2725981216357645,nan,,,1.2816346883773804,,None,-8.992712554027724,0.47586504174096467,-8.992993722093411,0.14781181514263153,-2.755992334130841,0.17846067249774933
Gaia,DR3,5509799143566541568,108.22314892751879,-46.38894588117051,19.53050994873047,2.617269515991211,4.069023589343062,3.979575620020028,31.00559786405866,34.823650494013755,,,3.6781571185609954,nan,,,1.0118227005004883,,None,-10.087702533521426,0.2839804017845995,-7.37780345708335,0.31340277194976807,-1.3318914282966081,0.32552650570869446
Gaia,DR3,5567328233336922240,93.69055836352668,-45.07729623942419,18.911706924438477,3.1141796112060547,2.351870085733037,10.870574328990195,54.03968985935437,36.57797785263115,,,4.658210797766447,nan,,,1.000276803970337,,None,-6.378750526487915,1.305529828898578,-5.284487348437189,0.19639581441879272,3.3393737278038627,0.21731014549732208
Gaia,DR3,5559064102081613696,103.55884701780514,-44.379935392632234,8.542243003845215,1.1796212196350098,4.786433568588496,3.968600865786092,28.176403905917557,35.51321208665873,43.643680572509766,0.12965527176856995,3.7251813669916953,nan,,,0.8707870841026306,,Gaia_DR3,-8.630995432276638,-0.13503673525385596,-5.620951478557197,0.012089455500245094,-2.386328264222956,0.012503467500209808
Gaia,DR3,5555588064788627200,97.48849039826204,-46.20791756316152,16.909608840942383,2.441547393798828,4.314119267871404,8.6095535208151,62.14460105427978,36.20639272451108,,,5.1586942482490885,nan,,,1.421812653541565,,None,-8.978227455950867,1.84699338922547,-5.393254365675423,0.08692555874586105,4.8734282968712925,0.08866677433252335
Gaia,DR3,5486595290692060288,107.31770405490249,-58.13937852359617,17.56270408630371,2.8614349365234375,3.6300790061601718,15.741751229639432,67.1107245751505,34.12619525292339,,,4.307607614518223,nan,,,1.0655590295791626,,None,-11.463839578994351,6.926068467108167,-14.10040678494408,0.10635048896074295,4.947445894049599,0.0934276133775711
Gaia,DR3,5494343304319543808,114.64563831821185,-48.983628831967216,18.889686584472656,3.3301849365234375,4.012470949273202,7.921569140376725,68.64498708037635,33.71693575666801,,,5.416448912768265,nan,,,0.9717193245887756,,None,-17.865758783723514,0.833868586525166,-17.68069839680193,0.19122684001922607,5.411736865337111,0.18445615470409393
Gaia,DR3,5566684542294229888,91.77547598364626,-46.53780340644871,10.973706245422363,0.6675090789794922,2.6508361123120676,12.46569121712308,69.58795069378242,36.67116820845032,23.159439086914062,0.31446489691734314,3.5011449723180403,nan,,,0.93439120054245,,Gaia_DR3,-4.130903563633971,1.7777627875326314,-2.6790309316401126,0.014453797601163387,3.08926428494038,0.014522334560751915
Gaia,DR3,5567911902212312064,90.99506447205012,-45.03595734007893,17.31214141845703,2.4113121032714844,3.019410610049745,12.753550412480987,60.25106430297199,36.77372362614408,,,4.657207923713644,nan,,,1.0096464157104492,,None,-5.133481139785779,1.4709365796098068,-3.622396646804602,0.06429948657751083,4.0213060487602545,0.07846125215291977
Gaia,DR3,5558859073225136768,102.66072228720364,-45.475128483039555,18.503042221069336,3.1025524139404297,3.4640644589965595,5.086350012911361,62.8002705775952,35.62855427972255,,,3.2838950553809134,nan,,,0.9825224280357361,,None,-7.333329026546967,0.43469366984196833,-9.529467871836026,0.15664906799793243,1.3979371594380479,0.15222978591918945
Gaia,DR3,5510248603308027904,109.10351395574926,-47.29014564341703,12.630324363708496,0.9357404708862305,4.580286144436833,4.913322065320151,33.61044529914555,34.67614818934356,47.99836349487305,1.1522836685180664,3.678444251563914,nan,,,1.0796310901641846,,Gaia_DR3,-10.376835222999665,0.5934430872726915,-11.493416127502242,0.013102932833135128,-2.7782785454889476,0.011400253511965275
Gaia,DR3,5511287740576167552,108.71900528028026,-46.312536270752446,18.35752296447754,3.027578353881836,3.729189066603015,3.9141599681603885,33.29295376504335,34.745762470829604,,,4.601554982075963,nan,,,1.0682622194290161,,None,-12.823746426513004,0.23057729417274508,-9.358629581878692,0.14646652340888977,-0.8083544477323004,0.15853959321975708
Gaia,DR3,5551565364059795712,100.30063853697804,-48.24454746630305,17.356273651123047,2.6530609130859375,3.8655161104395033,8.0961730380541,49.50892444308759,35.832565983653254,,,3.5785848848018493,nan,,,1.0227078199386597,,None,-7.194073698133714,2.0060208031476034,-8.254953838659494,0.07622133195400238,4.72235552653951,0.07623711228370667
Gaia,DR3,5551972389518928256,98.20319586725212,-48.59183276095451,19.994670867919922,2.8920345306396484,4.376986692035758,9.383386247946007,41.0086033644042,36.03503996059838,,,3.9780630788680122,nan,,,1.073873519897461,,None,-7.198012715747899,2.620794533610149,-3.567302749102123,0.4164574444293976,2.0810536634234893,0.5005418062210083
Gaia,DR3,5489274830593735936,114.20716287381656,-53.60351333116212,19.887393951416016,0.2393341064453125,2.0355097794314063,11.860456758246876,50.99171541232518,33.61921540309302,,,4.241192702313213,nan,,,0.9914222359657288,,None,-13.833580589433966,3.1662087643609125,-12.18670805463988,0.3897624611854553,2.3916618938958596,0.3365299105644226
Gaia,DR3,5558929308825977856,102.51148953913673,-45.097474434564795,20.174633026123047,2.6980724334716797,4.19711348453181,4.969429765924238,55.615894590745505,35.6513189003134,,,3.3665661654077685,nan,,,1.0857160091400146,,None,-7.470878050784452,0.29267793528937647,-5.015668307074986,0.6853571534156799,1.979300968615458,0.5722415447235107
Gaia,DR3,5485857380952727424,110.74431158532586,-58.101586276941646,16.681001663208008,2.7676572799682617,3.647344286993599,15.766762938696996,67.01517019894729,33.70963242221682,,,4.200290894351987,nan,,,1.000151515007019,,None,-12.455081206675755,6.133411754594372,-12.13156049020512,0.04999188706278801,9.3467570678245,0.055866725742816925
Gaia,DR3,5511980127963694848,111.6665245698859,-43.59224739740108,11.385906219482422,0.9299507141113281,4.174946309981735,2.730101995119602,49.582722574520815,34.202714313796214,28.133176803588867,0.5265680551528931,3.3954988293940085,nan,,,0.8704150915145874,,Gaia_DR3,-10.340439171021469,-1.3625227615868125,-9.173745465976937,0.012506617233157158,1.388777065693822,0.015012587420642376
Gaia,DR3,5552459988567565568,100.01925083545053,-47.33219222611684,15.901362419128418,1.8733758926391602,2.247568606535977,7.65295593771795,33.43821299382942,35.90184444554372,,,3.9887789046459456,nan,,,1.048805832862854,,None,-7.911793419232277,1.7843540113837535,-6.413717131709613,0.05113033205270767,2.9365598750008495,0.04439544677734375
Gaia,DR3,5552984696132009984,91.58120827961915,-50.53365384238933,16.4542293548584,2.3285722732543945,4.889083121464268,14.040843261060829,63.67139257375061,36.42624635928021,,,3.831086699261823,nan,,,0.9808125495910645,,None,-4.446257887658485,4.017491065335824,-4.229315205714896,0.043337490409612656,0.07487730637087903,0.05228154733777046
Gaia,DR3,5553162507777907456,92.46941438312741,-49.63725239730119,16.671586990356445,2.249567985534668,3.1186492596402693,13.115262250013858,68.3285981117726,36.44222682414403,,,3.579204420840989,nan,,,1.0291820764541626,,None,-4.469338236672192,3.271693322117853,-4.465151216114334,0.05521763488650322,5.624811064602444,0.052898939698934555
Gaia,DR3,5554059052135870464,96.06500604512266,-46.77665452684805,18.23758888244629,2.977184295654297,2.8640133470858284,9.731963475517537,58.942885287720365,36.32256911720855,,,4.965310019291729,nan,,,0.9680444002151489,,None,-7.955142116686476,2.30434543353892,-5.344002041099558,0.14600040018558502,0.831535631027762,0.15115773677825928
Gaia,DR3,5553844067548261504,94.3194420277591,-48.00250552762554,18.073928833007812,2.800281524658203,4.1040054646731905,11.303473566916239,66.76836460705115,36.41376465262096,,,3.4735290637673497,nan,,,0.9987741708755493,,None,-4.97151169587396,2.300336113098535,-3.571166043866082,0.12713102996349335,-0.3586347078879832,0.14727064967155457
Gaia,DR3,5567771272099938560,92.52275475210567,-44.99864075576698,17.662506103515625,3.080270767211914,2.782727527730026,11.67636436858097,63.99760981262393,36.66938680867297,,,4.963872316269451,nan,,,0.9857169985771179,,None,-6.224590486377207,1.4324525118329356,-6.207968399362292,0.0927106961607933,4.344346224806115,0.12092099338769913
Gaia,DR3,5489905263073221120,107.01244170775243,-56.882807875208314,17.517183303833008,2.7053909301757812,1.280469358640712,14.496427836007795,62.823793459719035,34.32166975072095,,,4.403189293012258,nan,,,1.0866899490356445,,None,-11.596863385341088,6.43494335123421,-12.54843532571032,0.0947413370013237,7.147143880659325,0.10362957417964935
Gaia,DR3,5488184394231620608,116.01647071165755,-54.72879514771166,18.8682861328125,1.2496471405029297,4.253518061212084,13.315803131204088,67.50949775806339,33.25476685001976,,,4.91401651538182,nan,,,2.7317404747009277,,None,-16.766282395430817,3.929415500839803,-18.68547923975953,0.6076273322105408,-0.036987707021121405,0.648733377456665
Gaia,DR3,5555214780591122304,96.64308666449101,-47.67447384372649,12.49740982055664,1.0676774978637695,2.3379479299936854,9.760463738067454,52.913563268956196,36.23113382233122,17.262168884277344,1.0322673320770264,4.7480247377471985,nan,,,0.955310583114624,,Gaia_DR3,-7.874205363379849,2.7155491033630597,-6.450585042254757,0.013161285780370235,0.8582683761314507,0.012380385771393776
Gaia,DR3,5492264784964729216,112.96558369251834,-53.22927243750878,14.882986068725586,1.883493423461914,3.0260463051609103,11.25750053440889,48.7842636471852,33.838964326668076,11.2001371383667,3.975226879119873,4.273610460811322,nan,,,1.0975713729858398,,Gaia_DR3,-13.490724652013174,3.230454925912147,-10.847110792443143,0.029405418783426285,2.5644125363900234,0.02662329189479351
Gaia,DR3,5490139768288946048,108.55273956380604,-55.708837843147144,19.968969345092773,2.557435989379883,4.302276358407372,13.300072177337038,56.78292519199097,34.26232853928804,,,4.1262490720902445,nan,,,1.1047214269638062,,None,-11.438047329294456,5.169147988218831,-14.99352868588026,0.5370197296142578,6.336956949125587,0.5490727424621582
Gaia,DR3,5490140665938148352,108.63089728197902,-55.62158596874421,16.88425064086914,2.7838449478149414,4.3044955777515765,13.213551565076068,69.27699891441014,34.26119795802552,,,5.004529862197016,nan,,,1.2411586046218872,,None,-13.907511156540213,6.198684658566124,-9.39077730985424,0.0722140520811081,5.727298943262991,0.0682232603430748
Gaia,DR3,5490751547727086464,109.06504091130543,-54.80098169884421,18.46312713623047,2.9721813201904297,3.516124922069984,12.401307838883742,61.983179460934174,34.28383799914435,,,3.662166010460326,nan,,,1.0236221551895142,,None,-10.318419746926455,4.093029088546689,-10.194862954889135,0.1425725519657135,6.804739333641567,0.14945025742053986
Gaia,DR3,5491245331527103360,107.29053495376003,-54.35995903489523,12.960413932800293,1.1254768371582031,4.7578025354264115,11.968710254132354,51.38862478206364,34.55787363890154,14.397027969360352,1.7516647577285767,4.233104775067375,nan,,,1.1140345335006714,,Gaia_DR3,-11.25519496352084,4.7871248685355186,-12.253907413147072,0.02015719562768936,0.6604846823728292,0.015587422996759415
Gaia,DR3,5503703034490940288,104.67638955206817,-53.2030315483332,18.704673767089844,2.999225616455078,2.2773875795180185,11.060723999228955,47.44138738415428,34.988140208692684,,,4.072969372405105,nan,,,1.1186048984527588,,None,-9.858319902181291,4.383570814896973,-9.167767169366197,0.18647541105747223,6.212994990009939,0.18346169590950012
Gaia,DR3,5492494892132859008,111.9789601988616,-53.02296009311628,15.497129440307617,2.0423364639282227,3.1395407985307817,10.894016629937546,50.89649176109075,34.00457470328265,,,3.8077996108208403,nan,,,1.0804941654205322,,None,-11.698620808555262,2.9436001152797404,-9.243691081393276,0.03511478751897812,3.5133599001235583,0.02956344746053219
Gaia,DR3,5493596289248446336,112.26922597327756,-51.244296653376416,17.29829216003418,2.7050724029541016,1.7809929124315869,9.23867211655103,51.168356149826046,34.05555890077245,,,4.7392230685829135,nan,,,1.04071843624115,,None,-14.678445575319197,2.548936216745945,-12.97487388167071,0.07154234498739243,3.0626669146923615,0.07125279307365417
Gaia,DR3,5493716204737464448,112.78122483584099,-50.722466377963656,19.636816024780273,2.8379554748535156,4.663088635665283,8.860709370085816,43.48128961969477,33.993718004492735,,,3.7760090807490485,nan,,,1.0042197704315186,,None,-11.860584502031383,1.7022680908357373,-12.417555955984682,0.35832932591438293,-1.9676222210076828,0.345083624124527
Gaia,DR3,5494205354270240512,113.67610731809627,-49.606906637603544,19.312036514282227,2.2515430450439453,1.2918556324143868,8.10256985306764,61.09873594627833,33.87634919603516,,,3.3967148706965653,nan,,,2.3190464973449707,,None,-10.927253320225475,0.9283164838496321,-10.057843056968707,0.520546555519104,0.6123417197463928,0.6517787575721741
Gaia,DR3,5556137163471865984,99.3498179571631,-44.79721389687661,17.80821990966797,2.725475311279297,1.1343204620366285,6.903216760947273,30.173928638798802,36.03720617576049,,,4.180867697600096,nan,,,1.0141412019729614,,None,-8.025442143519959,0.5351603428663627,-7.293363499748244,0.08790795505046844,-0.14569979428036864,0.09614621102809906
Gaia,DR3,5557932532815267200,105.04486711954776,-45.53265076510111,20.23528480529785,2.0566024780273438,4.156333911702868,3.9037761410589082,21.606213245073576,35.304005318584004,,,3.851443830160259,nan,,,1.0799649953842163,,None,-9.452789549413817,0.2707861894131174,-10.960185531809733,0.6388949155807495,-2.748458769538331,0.8207516074180603
Gaia,DR3,5557984897056963968,104.834345000549,-45.33805383528295,18.986358642578125,,4.448481469940172,3.849063948140704,41.00007555906679,35.33486485061045,,,3.5264761993456353,nan,,,1.5301785469055176,,None,-8.586899821261387,0.1812692119431385,-9.6129200930128,0.9091001152992249,3.3251565850871803,0.5176966190338135
Gaia,DR3,5558241628725982208,106.65777870000552,-44.89573240253005,10.072627067565918,0.4586515426635742,4.122516361500764,2.7556177671377515,63.425883975678154,35.06653483800235,16.40094566345215,0.7209004163742065,3.2400316137224863,nan,,,1.1389265060424805,,Gaia_DR3,-8.429360010011639,-0.2031977817576145,-9.412571834000515,0.018263855949044228,2.435374892160265,0.018130527809262276
Gaia,DR3,5513840364200086528,118.47570809347712,-51.558662115790575,15.291969299316406,2.2455129623413086,2.7050240218841397,11.461024728568205,66.1032873984403,32.9692614251761,4.374955177307129,4.827162742614746,5.067585500917883,nan,,,4.830152988433838,,Gaia_DR3,-18.297107725809397,1.4818044593796502,-16.664442124460848,0.11523725092411041,-0.9025577127797159,0.10859131067991257
Gaia,DR3,5558860447614521216,102.74214144553395,-45.45610756708435,11.97045612335205,1.1636219024658203,2.352999234951384,5.0287206085244,47.89591707339234,35.618190561680926,32.49556350708008,2.085322618484497,4.927882757786148,nan,,,18.6219539642334,,Gaia_DR3,-11.042105040949467,0.6288507347153254,-9.163738139434509,0.2543119192123413,-0.9353940602787068,0.25237515568733215
Gaia,DR3,5558995962422174720,103.50428040247708,-44.773386633058294,16.724609375,2.6984872817993164,3.1363203068855188,4.201031475480218,50.6761281182393,35.52097231297871,,,5.035063568153027,nan,,,1.0040771961212158,,None,-11.640345833615713,0.08432413842625364,-10.76614581450081,0.05466918274760246,3.2965137919612886,0.04880950227379799
Gaia,DR3,5517384669992289920,118.80850715927221,-49.08852613486245,18.003740310668945,2.686115264892578,2.105785487701221,9.90107829661098,44.46498772440276,32.933022704582434,,,3.901370574629704,nan,,,1.0178724527359009,,None,-14.18928848505311,-0.09174066228866096,-15.911172959050731,0.10508231818675995,0.09424079002790196,0.11513030529022217
Gaia,DR3,5496775595839403648,99.43047733686724,-56.212193958758206,18.574766159057617,2.8287811279296875,1.3145234214239687,14.936384829517612,67.66545885554706,35.19714041877193,,,3.8243504409446447,nan,,,1.6537220478057861,,None,-7.370605470803346,6.225145695720813,-6.506726046582363,0.2902473211288452,6.839030261666215,0.27998390793800354
Gaia,DR3,5505530255315178240,108.52890051604176,-49.31895655563814,16.720922470092773,2.687922477722168,3.1929466900306194,6.911000761552226,48.25631622262289,34.71396797247801,,,4.83627470842605,nan,,,1.0294713973999023,,None,-13.395975325400165,2.134984893041227,-12.07400444564941,0.05302571505308151,5.109798088395653,0.04761342704296112
Gaia,DR3,5501736046844805760,101.03777992360878,-52.26538798036794,17.092470169067383,2.4714784622192383,4.154854147452569,11.003386438606615,48.484919474869905,35.48169522005749,,,4.33917650999294,nan,,,1.0685336589813232,,None,-9.026733990762475,4.635951885885774,-12.568249716073726,0.08531560003757477,3.256685413609052,0.08182956278324127
Gaia,DR3,5494258921102572288,115.08161175038425,-49.399457495235396,18.87025260925293,2.5098114013671875,2.5136211907839288,8.42534294446732,42.16615973579237,33.632896244915656,,,3.763827430838655,nan,,,2.3720479011535645,,None,-12.551358269955522,0.7015980368470398,-14.235842773308326,0.4488641917705536,1.7694465252755063,0.568594753742218
Gaia,DR3,5507717420162879360,111.96226508643873,-46.42286781734965,10.189708709716797,0.6101293563842773,4.5805133848371105,4.788578634251685,34.308699327381454,34.20334092681905,30.838973999023438,0.33279579877853394,4.580640513489065,nan,,,0.967262864112854,,Gaia_DR3,-14.066419484851021,-0.2561231485170774,-10.633874349596585,0.015903521329164505,-3.0457271464844258,0.016105949878692627
Gaia,DR3,5501884927591074688,102.87380710716899,-51.34506903668685,17.763887405395508,2.475606918334961,1.7041312941173834,9.668274833347969,50.511818885870255,35.35286343414641,,,3.676097855093875,nan,,,1.131966471672058,,None,-8.282450113545138,3.285737940885316,-9.522075458441677,0.1070462316274643,3.7411440555872595,0.10438767075538635
Gaia,DR3,5503818831105905664,105.75311940740798,-52.19594139541339,16.537492752075195,2.6261253356933594,4.989930262179535,9.935909186256625,61.70871574307446,34.93753623248115,,,5.04472121304796,nan,,,0.9806185364723206,,None,-12.709007045832639,4.589155024436684,-18.015574756054562,0.05054759234189987,4.623780767314457,0.050306323915719986
Gaia,DR3,5518614611190142976,119.33244288826057,-47.66429083032893,17.55332374572754,3.0102806091308594,4.997511465361112,9.386613017306338,45.80942366851288,32.81329498897234,,,3.7701860384798227,nan,,,1.3083395957946777,,None,-13.867836960726278,-0.8328541826101761,-9.983097861005678,0.11850793659687042,-1.6607961728551788,0.1267434060573578
Gaia,DR3,5497427468796243456,103.73278454716265,-54.43000235660995,17.798784255981445,2.630290985107422,3.40164635281971,12.39007728421582,53.019663280452555,34.978808921659684,,,4.209626348291533,nan,,,1.018373727798462,,None,-9.821478297651966,5.3289498831880096,-11.758031771988826,0.108664870262146,3.0132467811765453,0.09626099467277527
Gaia,DR3,5502162000228060160,102.64395807427609,-50.6741534401901,14.524866104125977,2.1256484985351562,4.465700336541304,9.128086395535766,42.66132199576467,35.42707696900696,16.821596145629883,8.187803268432617,4.415329632159767,nan,,,10.922075271606445,,Gaia_DR3,-9.853026396915265,3.591355927668355,-6.157079688609225,0.16668245196342468,1.689314468578376,0.1816471964120865
Gaia,DR3,5508913864911586176,107.83485742835762,-47.5629286790217,14.786004066467285,0.6849336624145508,1.4528887004470288,5.163691918157596,54.786102896133805,34.86791914324589,11.46132755279541,5.414721965789795,5.114386759994617,nan,,,26.822263717651367,,Gaia_DR3,-13.848821194476423,1.2342548613475097,-12.842233583064377,0.573550283908844,0.03402375062286456,0.5876376032829285
Gaia,DR3,5504552067922567040,104.83353225685362,-52.29163683365065,17.558834075927734,2.6377315521240234,4.302096176605019,10.154238910746967,50.935925768117635,35.045561245457485,,,3.7134858775207475,nan,,,1.023395299911499,,None,-9.041986767745469,3.5406465891950996,-9.801299844977116,0.08552010357379913,0.25950634637198766,0.08202894032001495
Gaia,DR3,5505395389044458880,107.12812850803111,-49.9241683599682,18.045818328857422,2.8741626739501953,3.997457825057594,7.55794376674162,47.48261971879926,34.89191918653577,,,4.766497373337993,nan,,,0.9671458601951599,,None,-12.603547414204131,2.714149257907102,-16.58075840290784,0.11731813102960587,2.1519615011415745,0.11016915738582611
Gaia,DR3,5505395462061386112,107.25481513084839,-50.078706392499285,16.69724464416504,2.4019899368286133,4.087964806943738,7.702807643098138,40.299369390392776,34.86668718061438,,,4.5179581851976645,nan,,,1.0363272428512573,,None,-11.99802232033732,2.6420071703836197,-14.065714258894939,0.050923220813274384,-0.6570875752997356,0.04749031364917755
Gaia,DR3,5498060791789551488,98.17011064683449,-54.823742972596705,15.425994873046875,2.0804319381713867,4.940833033560398,14.072831558257361,68.49681396032251,35.48592811320813,32.6388053894043,5.523682594299316,3.672164694714977,nan,,,1.0800482034683228,,Gaia_DR3,-6.632801813921475,5.4382766364828905,-9.176603013787016,0.028163406997919083,2.581967646209794,0.029498832300305367
Gaia,DR3,5510012139588463616,106.75142983426981,-45.868592897812555,18.293758392333984,1.0108318328857422,2.1117783052015837,3.633089219160094,27.692553625759384,35.05246837920396,,,3.717713873840818,nan,,,3.6951284408569336,,None,-9.70367291307483,0.22244542830400071,-9.324391885013558,0.5643191933631897,-1.3885768762631878,0.522510290145874
Gaia,DR3,5501299811311278592,99.82835351763329,-53.21085759395898,17.16179656982422,2.620027542114258,1.7016045745749844,12.188717543738415,61.91488270145553,35.514514636880804,,,3.6422207966479783,nan,,,0.9942792654037476,,None,-7.158071203750577,4.465183550375566,-5.858094083420574,0.07384350150823593,4.334587768899058,0.06938216090202332
Gaia,DR3,5504625975719656960,104.59949355048292,-51.88022457024651,16.523759841918945,2.18210506439209,4.339657010031831,9.796077191666301,68.7861883382775,35.1060884288075,,,3.361044064188548,nan,,,0.962702751159668,,None,-8.11132072497556,3.0522916750013143,-5.091034611360551,0.06271594017744064,2.4757128994525126,0.049441978335380554
Gaia,DR3,5506210818649267072,112.29509494997852,-48.320094909369814,20.2071533203125,2.515108108520508,2.9710699285120183,6.540269006948991,61.976305672183805,34.1368730747157,,,3.3304873280123655,nan,,,1.0542124509811401,,None,-10.322664527553515,0.5648600008179421,-10.335130257801563,0.45303863286972046,2.65081153095617,0.6002324819564819
Gaia,DR3,5502567346354295680,97.78616803240162,-51.57783805496253,18.131511688232422,2.4637203216552734,3.228029114710531,11.615851106845057,64.07961031388659,35.861794262872735,,,3.5452396366152072,nan,,,1.186995267868042,,None,-6.2721932890899526,3.772496818492024,-4.010817071337215,0.16006247699260712,4.613045545539854,0.14525465667247772
Gaia,DR3,5530700271203733120,117.47209472775269,-45.89651950377163,12.921180725097656,1.160355567932129,4.543591135569962,7.440099249131634,33.73014294641681,33.15150459293128,28.561864852905273,1.9323480129241943,3.915436610082973,nan,,,1.7713816165924072,,Gaia_DR3,-13.822726907181352,-1.3715315016378673,-10.086645984242974,0.02207876555621624,-1.6982674787585212,0.02128671482205391
Gaia,DR3,5530956118106960512,116.75189316723576,-45.48267109098272,17.750446319580078,2.1401443481445312,2.8419802114080657,6.811406946640142,38.738766792308034,33.28491984004749,,,3.699920616554055,nan,,,5.668916702270508,,None,-12.846205810361443,-1.3667900384489649,-10.829083835220418,0.504314661026001,-2.285990242913061,0.5824917554855347
Gaia,DR3,5531648569918766848,114.71524502461327,-45.610170382824776,9.792630195617676,0.5844440460205078,2.346643798708145,5.611612830739414,57.79409505340861,33.688155272556244,5.970898628234863,0.22259438037872314,5.183713285702033,nan,,,0.901340126991272,,Gaia_DR3,-17.12821186694599,-1.3877495117816032,-18.215361628179046,0.012937297113239765,0.9347623849626332,0.013262003660202026
Gaia,DR3,5507786414520061440,113.34249359246311,-46.09676329855758,18.745468139648438,2.8680896759033203,4.8074208672292045,5.158488816579883,59.027762662424166,33.95342255467876,,,5.237997467356722,nan,,,1.0426722764968872,,None,-16.702798685661623,-0.7925357390777981,-12.478913098122149,0.1628168672323227,2.4228277626034127,0.1748437136411667
Gaia,DR3,5506233663580654464,113.3933254875709,-49.34581873725132,18.430192947387695,3.179454803466797,1.092741304407802,7.785044453991718,60.05346292611278,33.93075448912194,,,5.1430089774550485,nan,,,0.9738743901252747,,None,-16.42206010066339,1.2998041820114636,-17.317907426585585,0.15237246453762054,0.5245073542494019,0.14146868884563446
Gaia,DR3,5506239813974175744,113.40648869672182,-49.133279101113764,18.76195526123047,2.9630985260009766,4.2423434828828945,7.603994441002303,44.41625169384373,33.93268953480552,,,3.6419503024439406,nan,,,0.9516938328742981,,None,-11.633115363024189,0.8217120732551377,-9.699554571514302,0.1474982649087906,-1.7993651822390662,0.15690116584300995
Gaia,DR3,5503329617151018112,101.60512908115524,-49.23025017401424,12.484070777893066,1.3519392013549805,3.550552769308391,8.256948933457508,58.51791195737276,35.635500607249206,,,5.0638825542417,nan,,,8.890057563781738,,None,-10.80587181320521,3.3157462657639907,-7.021551815284813,0.1066732257604599,3.5281583209160603,0.10684274137020111
Gaia,DR3,5511010736665367680,111.76748869544296,-45.409849205213355,15.405322074890137,2.25728702545166,4.023889884243638,3.9025141624773654,66.48963019265021,34.22795549472448,20.003828048706055,5.520913124084473,5.503329208088933,nan,,,1.0270740985870361,,Gaia_DR3,-16.80746083546012,-0.9688772010999527,-17.422349923182484,0.033005475997924805,-5.5965495038876,0.02869647741317749
Gaia,DR3,5511621584093329536,109.06121508850968,-44.90837050931521,14.033153533935547,1.281874656677246,4.274607778034978,2.5583240187469825,65.98471300512011,34.68496148215236,-1.3483953475952148,3.7207915782928467,3.2109895183694226,nan,,,1.0141513347625732,,Gaia_DR3,-9.046107433288359,-0.4538167675886151,-11.353973669926166,0.014281866140663624,-2.199156456599849,0.016549358144402504
Gaia,DR3,5512034381987903744,113.03953492292884,-43.393539939146656,18.051939010620117,2.7472171783447266,4.958762474983098,3.6069308491768814,18.16620928202253,33.939658843404985,,,3.912707375445425,nan,,,1.1327036619186401,,None,-12.376070600442981,-1.8679276584158981,-12.308024174035989,0.12257302552461624,2.2216821544610568,0.15710656344890594
Gaia,DR3,5532225534349634432,117.56153336470199,-43.85464186828234,19.983901977539062,2.5335025787353516,3.430850656319959,6.906572629524136,49.97507733157761,33.052433342589055,,,3.5081366152507565,nan,,,1.0338507890701294,,None,-12.41008962571806,-2.115611597774644,-13.885267668593967,0.39025232195854187,-0.05122892647522239,0.43044978380203247
Gaia,DR3,5532439015703205248,117.52095371143629,-43.312074766556385,13.650575637817383,1.2932720184326172,4.947604039629472,6.814367948275918,32.209007988568096,33.03251836862201,0.4927641451358795,2.5205488204956055,3.870956860878486,nan,,,0.8955801725387573,,Gaia_DR3,-13.680929932927029,-2.5832376714769807,-13.597589751274779,0.013681982643902302,-6.619803428008648,0.01346051786094904
Gaia,DR3,5534989298562547712,114.84565344427904,-43.97491072359399,8.62302017211914,0.2680511474609375,3.8675180837335206,5.019641373288089,24.47594138394618,33.61252138346424,28.281023025512695,1.3084079027175903,4.271344335819476,nan,,,1.5426722764968872,,Gaia_DR3,-14.159962780441697,-2.031586237439753,-10.733130594615961,0.02867893874645233,-2.6516399207043593,0.02950599417090416
Gaia,DR3,5535045816034431744,114.76699369881979,-43.691139384334015,17.95262908935547,3.1682376861572266,3.730976721734044,4.893949691823123,25.307764297009776,33.61652697013867,,,4.316822269670023,nan,,,1.0059765577316284,,None,-14.282430061525625,-2.1912298550379923,-11.252046853452294,0.10877791792154312,-3.7225144194953543,0.11819662898778915
Gaia,DR3,5535390173629864576,115.47584348090919,-42.793808478302694,13.426365852355957,1.3281030654907227,1.8980584673862453,5.2932639315615155,27.157446235558513,33.43106515975791,65.6875,4.4255523681640625,3.840335583282502,nan,,,1.4816396236419678,,Gaia_DR3,-12.931932744101726,-2.483362201493731,-12.590470195050838,0.018306473270058632,-3.9815755985856844,0.021322429180145264
Gaia,DR3,5535547777452329728,116.6054209609656,-42.50020502056469,18.6742000579834,3.0500450134277344,3.533266106685329,6.1249870198459915,45.93762989326415,33.17968951417581,,,3.5352791548822284,nan,,,1.0057414770126343,,None,-12.232415949386182,-2.574573778522729,-9.86214719704352,0.18413566052913666,-3.721660727154866,0.17792865633964539
Gaia,DR3,5510408376091059712,111.07882600427759,-46.26510438619319,15.950634002685547,2.2852535247802734,3.318367435969579,4.336329547921256,21.77331616921995,34.35572560117465,,,3.8887542807946613,nan,,,1.2745882272720337,,None,-11.644546225353663,-0.1633048617251207,-14.34898538883444,0.04366888850927353,0.1305727280987999,0.053339120000600815
Gaia,DR3,5508188251657142656,103.59462703344528,-50.35766255096268,18.515729904174805,2.9050445556640625,2.8973024612348266,8.58109721812858,51.31701718509994,35.33362411192799,,,3.5762297744069067,nan,,,1.0187263488769531,,None,-8.297784005879308,2.6571767283704406,-8.40028047197755,0.15311533212661743,0.47529153197757124,0.15848302841186523
Gaia,DR3,5505323203531968640,108.55675388854625,-49.66158502131271,12.938467025756836,0.9940500259399414,2.6480140007366555,7.253976537807359,62.62195807950117,34.696699352540506,9.48681640625,1.345388412475586,3.344782154779347,nan,,,1.3729254007339478,,Gaia_DR3,-9.273001745684926,1.6195710973952457,-9.465236893058018,0.01840122602880001,-0.23765753814367746,0.018825164064764977
Gaia,DR3,5505744969320225152,110.51488478077114,-50.421338176886536,17.126218795776367,2.760716438293457,2.8793534913102543,8.154603396382688,49.69025774437934,34.3680904763495,,,4.788539056043927,nan,,,0.9454473853111267,,None,-14.103473382350959,2.4225505642043315,-16.941627781202072,0.064595066010952,3.04973560223577,0.079581618309021
Gaia,DR3,5512618733764772608,120.9571916899409,-53.066570079582924,19.605941772460938,2.7979297637939453,3.0094738548133115,13.597001863055265,59.16439171585427,32.46391066396732,,,3.9761972576467564,nan,,,1.063855528831482,,None,-15.126875886558206,1.3795539827545964,-14.113972596846658,0.40102508664131165,3.6898741115886917,0.33971166610717773
Gaia,DR3,5511310383644494976,109.0694350624047,-45.940142289733664,19.633798599243164,0.00542449951171875,2.7043064284092555,3.5730432328088644,37.15344200446228,34.690069482330394,,,3.571909078357943,nan,,,1.0237302780151367,,None,-10.06550639693613,-0.03517584894033554,-8.037439153603916,0.32312044501304626,0.14805222309604632,0.3473879098892212
Gaia,DR3,5511339074026618624,109.20692326168248,-45.73104059515014,17.84427261352539,2.6878185272216797,4.735019025640408,3.3843335207614236,42.45086666491281,34.66724424020844,,,3.495739335513917,nan,,,1.0491279363632202,,None,-9.89346317580727,-0.14474796237575926,-12.03717648502638,0.10704665631055832,-2.898015058854992,0.10858746618032455
Gaia,DR3,5511471741274828800,110.81138213815636,-44.93316573261725,18.413389205932617,2.768770217895508,1.3677986729215792,3.108269312365896,15.888006116150892,34.38854001114929,,,4.207448337381348,nan,,,1.0387942790985107,,None,-12.500909456032094,-0.8440585671558782,-11.378449316708082,0.1422884166240692,-0.38369279869711803,0.15847477316856384
Gaia,DR3,5507585135170123264,113.80130053066299,-46.26908232807353,19.144861221313477,3.2000598907470703,4.924964588654456,5.508090383204274,31.5512374338976,33.8712404829863,,,4.452005893506568,nan,,,0.9553119540214539,,None,-14.369170605322541,-0.6603513580063591,-11.347147570865653,0.20952706038951874,-4.157814599787026,0.23906925320625305
Gaia,DR3,5507993157064613376,103.93849783967957,-50.49912240590334,20.37765121459961,2.264331817626953,2.899042585546149,8.625834413610018,53.07228519441858,35.282540868596605,,,4.859873747851017,nan,,,1.0296233892440796,,None,-11.431357529131992,3.6477814163756346,-14.180568940508168,0.6749280095100403,2.5238048775362945,0.5970392823219299
Gaia,DR3,5507980001580464640,104.00019072519906,-50.59255783999743,9.58042049407959,0.5549516677856445,4.86085754659995,8.698108224467568,38.890695322208195,35.26906027422464,22.399133682250977,0.30953288078308105,4.296359815982404,nan,,,1.0233837366104126,,Gaia_DR3,-10.130439130476132,3.2685372378165094,-8.453319932585007,0.014473794028162956,7.33913509193322,0.014274951070547104
Gaia,DR3,5508405031544618624,105.22765382842316,-49.01882386681049,15.6290922164917,2.1026124954223633,4.097345721987357,6.9472369097696465,52.70810107260499,35.19398322441248,,,3.4690823937528124,nan,,,1.0280449390411377,,None,-8.572589086965733,1.7938733092874966,-10.52381659429489,0.03269746154546738,-0.48021678462189277,0.03247306868433952
Gaia,DR3,5512777823651617664,119.15115618064809,-52.842681289356115,14.479061126708984,1.581404685974121,1.6601769600590435,12.710129758959665,55.42264879767531,32.80714358692638,17.13568878173828,4.249141693115234,3.9703841662314248,nan,,,22.294763565063477,,Gaia_DR3,-14.54763890816129,1.6437706360251214,-14.609615182039706,0.4428654909133911,0.2555905000977867,0.4169871509075165
Gaia,DR3,5511186104470484480,113.53515399477575,-44.22249358527945,18.676151275634766,3.1946163177490234,1.2385164164099576,4.216329241460784,23.973949927268432,33.8752792878699,,,4.342825434753189,nan,,,1.0388273000717163,,None,-13.919155038349663,-1.7066411582848424,-14.697771201418245,0.1716308444738388,-2.5309171901914067,0.19194483757019043
Gaia,DR3,5517360381955246720,118.65946483514746,-49.187706911819284,15.357037544250488,2.345521926879883,3.9930475759294413,9.887506408929559,47.25984326393072,32.96243126789247,,,4.505056802551476,nan,,,3.674067258834839,,None,-16.33173156506951,-0.019553043338167875,-15.864343659666199,0.09439667314291,-3.782882591540325,0.09395381808280945
Gaia,DR3,5552420474868402944,100.69990794508257,-47.49658819114161,18.212846755981445,2.7584896087646484,3.588990341509644,7.397116612690471,67.87000384630475,35.81890959066361,,,3.2835433514744086,nan,,,1.8362884521484375,,None,-6.725537652081853,1.4822443669822047,-7.869951115377977,0.21251675486564636,3.687268189671406,0.22659173607826233
Gaia,DR3,5514483368045762304,120.83040536394232,-49.576324222128534,17.813276290893555,2.947864532470703,3.731352826816337,11.249636081767406,66.278847749369,32.529668393164265,,,3.4786786280839745,nan,,,1.4038259983062744,,None,-13.200293530383481,-0.22333702775541475,-11.148936951544911,0.15352071821689606,-2.034291869417141,0.14643500745296478
Gaia,DR3,5517362237384301568,118.70763098391488,-49.058520993126265,15.969948768615723,2.323728561401367,4.0782492375085475,9.830697781815134,44.45591071794754,32.95282927240055,,,4.371877796329918,nan,,,1.0061659812927246,,None,-15.86561603499915,-0.09758677270458183,-12.665590236154424,0.033868350088596344,1.874052832726243,0.03488995507359505
Gaia,DR3,5511580043167435008,108.3218120375439,-45.467240456223834,20.006704330444336,2.4969558715820312,4.690399877072511,3.0575132628275634,43.536430392094914,34.80930582583775,,,3.4750348450122446,nan,,,0.9711092710494995,,None,-9.561261243410804,-0.1540961602733013,-6.329649344849471,0.4082924723625183,1.0134531023315927,0.39353734254837036
Gaia,DR3,5511639863473919488,108.23432117007178,-45.10266862914068,14.683976173400879,1.6535005569458008,3.712795038619769,2.6933417691659716,23.282490110702977,34.82130161176429,60.02214813232422,4.599243640899658,3.751819010195357,nan,,,1.020246982574463,,Gaia_DR3,-10.293475006292683,-0.3305127915056465,-8.195345304404597,0.019216742366552353,-2.385031985286652,0.019450172781944275
Gaia,DR3,5511666664071099776,108.58420693778494,-44.6637954596209,10.773567199707031,0.5074701309204102,2.228825351848036,2.2633325106721003,44.79717888488618,34.76027069764708,7.3456621170043945,0.8197891712188721,3.4464991216126886,nan,,,1.039167881011963,,Gaia_DR3,-9.563431883841687,-0.5383446950641169,-10.57180576632031,0.01945020817220211,0.7287521553217498,0.02299850434064865
Gaia,DR3,5510882815360082816,113.00592433098646,-45.27658607302862,12.617541313171387,0.9454717636108398,4.820705545223195,4.440665308930064,19.143861216263762,34.00188185389288,-5.180619716644287,1.5272216796875,4.04453228268545,nan,,,1.0140725374221802,,Gaia_DR3,-12.781471314342717,-0.9729760638032037,-16.350919644299807,0.011487862095236778,1.0650003481114245,0.01278578583151102
Gaia,DR3,5511556846050110720,110.6436006887644,-44.35822047434332,19.64942169189453,2.7422657012939453,3.775770348003517,2.587054622579622,48.6082094577767,34.40668239556709,,,3.405050999930309,nan,,,1.052018642425537,,None,-10.067038881182926,-0.9102567134174504,-12.59398586610653,0.3503471314907074,-1.8902419721844097,0.4358271062374115
Gaia,DR3,5518512189107626880,117.81393682770944,-47.414240453861524,14.961766242980957,1.615264892578125,2.2004690571538297,8.382181505117012,58.92746716473984,33.116026130780014,-1.9459550380706787,5.3029913902282715,3.4402998440668253,nan,,,0.9807184338569641,,Gaia_DR3,-12.239863912748401,-0.6210026426135897,-10.644141918461578,0.0212494395673275,-0.6441377158208308,0.022317130118608475
Gaia,DR3,5517792524388682112,120.10108715867158,-48.36582562107454,15.770599365234375,2.144595146179199,4.315688781778912,10.186896763133356,51.57388773203471,32.66697587117949,,,3.7002666477638897,nan,,,3.189424514770508,,None,-13.832726969874042,-0.6413315620370037,-10.810760986525075,0.16992364823818207,-2.124849740362139,0.1637974977493286
Gaia,DR3,5517851000362882176,119.315802995315,-48.109189227205604,17.507951736450195,2.7834339141845703,3.1452256623968586,9.60718342414968,50.712202985994146,32.82381780559736,,,3.6659071778323757,nan,,,0.9587746858596802,,None,-13.479479214575964,-0.6098441538845636,-15.575579276135237,0.07548456639051437,-1.8404873223788392,0.08380002528429031
Gaia,DR3,5556199668132390016,100.65866622444287,-44.54900726187869,10.552719116210938,0.6903839111328125,4.137379998201792,5.94111028475101,28.214912853620415,35.88653697843186,-6.323572158813477,0.3368586301803589,3.8863328871142744,nan,,,1.0259833335876465,,Gaia_DR3,-7.944991015791752,0.2460288916016684,-7.632156470360783,0.013147116638720036,-3.1291688888694935,0.013807966373860836
Gaia,DR3,5557672601396792832,104.1100926475611,-46.626724234689874,12.998770713806152,1.214132308959961,4.275878474594692,5.166849687038047,33.309351191315045,35.41927610477386,36.1507682800293,1.3628309965133667,4.529197614063649,nan,,,1.0172048807144165,,Gaia_DR3,-10.725570341007488,1.09194814371001,-10.210814588274289,0.014856526628136635,5.141977001983475,0.014991473406553268
Gaia,DR3,5559148249080930048,105.52493824857208,-44.441811732053424,13.294195175170898,1.4216384887695312,0.7505991977236428,2.862404425167406,63.273953765667734,35.2337262032247,41.605350494384766,1.4752891063690186,5.427564318871015,nan,,,1.048954963684082,,Gaia_DR3,-13.560198353453297,-0.46684161482984354,-14.072392962564676,0.014069671742618084,-1.156215287664227,0.013229787349700928
Gaia,DR3,5532206984383241728,117.00115777429278,-44.08092792755027,19.33850860595703,3.3203773498535156,4.927560068111089,6.550218562305526,48.50808311852213,33.18053294395096,,,3.514648732792238,nan,,,1.120430588722229,,None,-12.274067862686467,-1.9386853735828051,-8.627858288256713,0.3229517340660095,-2.1245542641453814,0.3250100314617157
Gaia,DR3,5532441558323810944,117.3998599946718,-43.36159489004302,13.826869010925293,1.670614242553711,3.3432370630904567,6.730674566038057,30.785729416425433,33.06094850834798,25.027969360351562,4.513561725616455,3.9136701701128187,nan,,,1.7833671569824219,,Gaia_DR3,-13.793706560292474,-2.5681266904759408,-11.410897205465918,0.02326962724328041,-3.9575440673075986,0.025966139510273933
Gaia,DR3,5535070829929391104,115.0865697872587,-43.965678477505,16.426467895507812,2.6186962127685547,4.583246321931815,5.184249658240806,33.380985836630536,33.564453182391865,,,3.6973864579443756,nan,,,1.1076465845108032,,None,-12.33131789438923,-1.7987060380397768,-9.124783639826347,0.05151485279202461,-3.3735511351274807,0.05040138587355614
Gaia,DR3,5535165323502320768,115.2393626291002,-43.18460763715544,7.329295635223389,-0.05016136169433594,3.224526069462807,5.147889418311641,23.213131829581634,33.499096805132375,37.89219665527344,1.0421220064163208,3.958270286995236,nan,,,1.0498688220977783,,Gaia_DR3,-13.25158461653516,-2.3316281469659885,-10.835032184819067,0.04104793444275856,-3.514866540403772,0.03761870041489601
Gaia,DR3,5535572722619614976,116.25219878934364,-42.57461946957658,19.326499938964844,3.5525341033935547,4.078286108087863,5.862833521670502,25.50433198374458,33.258299233576324,,,4.011059507333751,nan,,,0.9905659556388855,,None,-13.76296203169413,-2.826952135697503,-10.706366023168492,0.2741866707801819,-4.42359129877398,0.2845155894756317
Gaia,DR3,5549402659047453696,94.3181182643934,-51.01733878556982,11.431310653686523,0.8392267227172852,4.640529742991767,12.845697893629533,64.77638133910149,36.19835157118245,12.882181167602539,0.569314181804657,4.855511140554175,nan,,,0.8821976184844971,,Gaia_DR3,-6.948850992998836,5.1728647819985465,-11.587575101075199,0.01585870422422886,4.15072931557633,0.01597593165934086
Gaia,DR3,5549660009190724608,90.73390794534764,-51.86659957700972,17.569143295288086,2.5152339935302734,3.7570005540399207,15.171581262626118,67.01741499158261,36.349165047178666,,,3.9052319121615446,nan,,,1.0015875101089478,,None,-4.203003082476435,4.842997583491818,-5.29296410969345,0.08347220718860626,1.9484145530558823,0.10118386894464493
Gaia,DR3,5550892974045411968,99.86310461013201,-49.472389053316554,18.41919708251953,3.331357955932617,2.8881429937319503,9.170510019529118,53.348977196594866,35.81419574100173,,,4.82182258594464,nan,,,0.9698312878608704,,None,-9.492338163192525,3.53899917129927,-11.341069827473294,0.13527369499206543,1.258449912273185,0.15450872480869293
Gaia,DR3,5516095526972248576,123.04876843582613,-48.2892698589451,18.006229400634766,2.8021507263183594,4.101740991122855,11.886944371159895,55.840682863376,32.04092989041627,,,3.780483232811302,nan,,,1.036797285079956,,None,-14.97876485285508,-1.2491874402210277,-17.765419801098506,0.10241256654262543,0.4597649883606669,0.11501984298229218
Gaia,DR3,5517032585752060160,118.47478803601247,-49.91399675178097,19.518444061279297,2.882579803466797,4.213313932242293,10.275898065321176,67.31047264507164,32.9956403741431,,,3.405943212807482,nan,,,1.0753393173217773,,None,-12.297305680876754,0.3158056379466787,-15.298079401414096,0.28421249985694885,-0.06776485193053731,0.3112541139125824
Gaia,DR3,5519076131195415424,120.06526277801599,-45.831059270142646,19.518146514892578,3.023303985595703,4.980763755550185,9.100604976786856,64.09288854654349,32.60639452179403,,,3.3971066886084307,nan,,,0.9388669729232788,,None,-12.689970681275263,-1.6178280121987845,-15.063558091334277,0.29348739981651306,1.0447235656523461,0.3754875361919403
Gaia,DR3,5530504906029070336,115.8310592981788,-47.337698315153176,17.34109878540039,2.534332275390625,1.4666492342853588,7.257213579015836,45.77600725974298,33.50148285448945,,,3.594792380122457,nan,,,1.0382319688796997,,None,-12.210399908285396,-0.3642920657709503,-11.704828165165083,0.08306925743818283,-1.3541034451458647,0.09992852061986923
Gaia,DR3,5551520077925528448,102.17746491484694,-47.71182655680142,17.87360191345215,1.3284854888916016,2.0967961005567264,6.838193295805146,29.511075587676366,35.636388087972676,,,4.0353693721747605,nan,,,6.031859397888184,,None,-8.828552141365792,1.7730978778991888,-7.187511395836474,0.5982865691184998,2.472170606917389,0.5927276015281677
Gaia,DR3,5551909408118024576,97.00534648290007,-48.88290326278268,15.653214454650879,2.0453014373779297,1.7683453073062483,10.192384416954896,55.81069372416075,36.13286348242476,-9.190675735473633,8.526788711547852,4.8092293928638385,nan,,,1.1784591674804688,,Gaia_DR3,-8.144888899808791,3.4867286318038264,-9.608391430732405,0.06605502218008041,2.451198691553719,0.05998991057276726
Gaia,DR3,5553455454610477824,91.86388685179664,-48.868957673774574,18.545005798339844,3.1200809478759766,4.220079296454644,13.143798428349598,56.516188376308406,36.53721494247264,,,4.289205359770072,nan,,,1.021912932395935,,None,-5.098366001931088,3.5198183663098583,-2.6912765904955736,0.15165497362613678,0.5589972226937574,0.1714618057012558
Gaia,DR3,5511666664066236928,108.58489520770284,-44.66367937264035,9.772265434265137,0.37125587463378906,3.8126707010479293,2.263262148666403,44.21383570459906,34.76015680999088,6.477911472320557,0.7948874235153198,3.4536141168858503,nan,,,0.9356855154037476,,Gaia_DR3,-9.58338656112901,-0.5395882926569882,-10.300729782783455,0.013496024534106255,2.1419608739554423,0.01366599090397358
Gaia,DR3,5511929172471144832,111.24631463845465,-44.13470051466716,19.69000816345215,2.8449363708496094,4.688007330963216,2.7515937477107046,46.14870099262039,34.29472536980004,,,3.4371798320206417,nan,,,1.0620410442352295,,None,-10.342336942434374,-1.0912608809178508,-8.14050589320728,0.32019972801208496,1.4954012408439294,0.34467950463294983
Gaia,DR3,5512499544128582016,119.46961338924709,-53.575468179270494,14.006487846374512,1.8020477294921875,4.715798024389493,13.401658037698722,57.20251867158301,32.721842417896696,-12.51855182647705,6.345616340637207,4.207178452138427,nan,,,1.8997451066970825,,Gaia_DR3,-15.520487121016675,2.0448614374225116,-14.47980204639141,0.02498670667409897,6.095836719085515,0.025261854752898216
Gaia,DR3,5514164303518961024,121.90682287158181,-50.17945381054174,17.431577682495117,2.477724075317383,4.94850075916294,12.16317385106127,55.82600368435672,32.31230858191077,,,3.8242331956316806,nan,,,0.9980019330978394,,None,-14.82514221024524,-0.18093355435714198,-11.157796481445287,0.08105819672346115,1.3894214063997534,0.07540111243724823
Gaia,DR3,5554402516375314048,91.19504329601887,-48.09560178002887,17.319360733032227,2.6743927001953125,2.7360361564726476,13.278734352412863,56.64941086824479,36.62909677072893,,,4.153934292695221,nan,,,0.9194025993347168,,None,-4.661430230192752,3.018067830694582,-7.057125394286762,0.08018004149198532,2.9850643045471053,0.07709506154060364
Gaia,DR3,5556132387468117760,99.53030405403558,-44.8579500153427,17.880619049072266,2.7220096588134766,3.6050399257346513,6.79948825364589,29.422570121267043,36.016132209770845,,,4.024003631423928,nan,,,0.9483984112739563,,None,-7.793815856335716,0.5302685334164656,-10.184862921641432,0.08765954524278641,-1.3763559805498256,0.0959782525897026
Gaia,DR3,5556657168048847104,96.9333542034061,-44.965378003561575,15.776444435119629,2.135462760925293,1.6423960621069291,8.599935653473395,38.01166538231835,36.29036820857671,,,3.951643539089948,nan,,,1.0965207815170288,,None,-6.664880493218282,0.8063786127423529,-5.848231033865545,0.035710565745830536,1.9041182483179835,0.04110173135995865
Gaia,DR3,5531298542965936640,117.79322267328345,-45.07071324423451,17.433774948120117,2.614107131958008,3.94478888229012,7.350175111788567,36.859086717979025,33.05764363872847,,,3.792955612824733,nan,,,1.304854393005371,,None,-13.48823806978481,-1.7641138442754487,-11.349589225286183,0.10680653899908066,-4.082588346736843,0.10518208891153336
Gaia,DR3,5531971448379220736,115.75815523612681,-44.78350056814547,19.97774314880371,2.5345401763916016,4.2413083101854046,5.895968282679503,61.13772259552714,33.461320367650956,,,3.322767944489613,nan,,,1.0730267763137817,,None,-11.266474275881253,-1.3727627665823143,-12.930600671912007,0.48990398645401,1.088346206589188,0.534349799156189
Gaia,DR3,5532123765103562624,117.16572501397577,-44.603507823653594,14.283119201660156,1.4837121963500977,3.119165293537778,6.788952019104318,44.15636557341137,33.169082612207596,-22.83526611328125,3.7533955574035645,3.5964559155400693,nan,,,1.0152561664581299,,Gaia_DR3,-12.607683584235279,-1.7795135761333762,-11.119224935661922,0.01752617582678795,-3.6171827567544215,0.016078989952802658
Gaia,DR3,5532112731329910912,117.15541763666437,-44.784613171352895,18.549039840698242,2.656717300415039,3.9334461453165788,6.833331978114508,41.39095804577327,33.17845258908223,,,3.6488749009887553,nan,,,1.0467582941055298,,None,-12.788400542815022,-1.723119447422354,-9.97483023708444,0.17373298108577728,-2.836035673110473,0.15998181700706482
Gaia,DR3,5532470076907440256,116.64832537774907,-43.54175191492138,17.458110809326172,2.8539562225341797,4.060971906673179,6.208162820595541,35.90169645823625,33.22805279440653,,,3.714641916194367,nan,,,0.9294548034667969,,None,-12.866010825251646,-2.238774745224598,-9.814311088263791,0.07223021984100342,-3.133228196687344,0.08997446298599243
Gaia,DR3,5532502546858857600,116.83098712806967,-43.171589432761046,14.53042984008789,1.5948562622070312,3.6999600120239715,6.302727289675859,46.340221160157405,33.17064410053038,27.687664031982422,4.187680244445801,3.5368882852434194,nan,,,1.028814435005188,,Gaia_DR3,-12.302892264432925,-2.318544493396045,-9.576693813495893,0.02047181874513626,-2.740978122445841,0.02353038266301155
Gaia,DR3,5557952182291337600,103.79408929611132,-45.948184480303404,19.518064498901367,3.6811981201171875,4.495258461930478,4.791045431224172,58.12926536012502,35.473110100393285,,,5.224740289828929,nan,,,1.0385403633117676,,None,-12.219584473306783,0.8459879882254189,-8.790666386235813,0.29389724135398865,4.417671945252487,0.2992970943450928
Gaia,DR3,5558532453849873536,106.76564129446311,-43.86168076485617,14.72463607788086,1.822566032409668,4.933354498356667,1.834056719002576,19.597562758121036,35.038687308260734,-5.514624118804932,4.127455711364746,4.37537029927042,nan,,,1.012255311012268,,Gaia_DR3,-11.425867860998007,-0.8733256055006176,-13.556384550410625,0.02375875785946846,3.1474866549286142,0.028003651648759842
Gaia,DR3,5558932499986658688,102.72965114839884,-44.93465053629148,17.626962661743164,3.223508834838867,4.72818523073026,4.754003372100598,66.80377655296185,35.62385976678368,,,5.489450554351468,nan,,,1.013989806175232,,None,-12.294016355315934,0.3269988997052624,-9.566877612650861,0.0788358673453331,-4.416540490182868,0.10603056848049164
Gaia,DR3,5566847888490092160,91.51765741854126,-46.177036388762694,15.570601463317871,2.0030927658081055,4.3193743593141525,12.562162603075858,55.810976537933485,36.70283529793455,,,3.9042420858860623,nan,,,0.9974687099456787,,None,-4.506500604665085,1.8070256125751933,-4.706285622213865,0.03661895543336868,-1.7424323057251736,0.03811390697956085
Gaia,DR3,5535217614722987136,114.00404494353432,-43.823515499647534,18.887325286865234,3.204713821411133,4.666467907590593,4.395117109510693,22.205525024943707,33.77122325654204,,,3.8827580029769417,nan,,,1.1289989948272705,,None,-12.59819255476892,-1.7899704226609057,-13.261821408579467,0.19675365090370178,-5.551496354894245,0.2200758010149002
Gaia,DR3,5549390972439906944,94.47927708351949,-51.00687886530869,19.701461791992188,0.4015369415283203,3.387847090546904,12.758252227612749,55.04183589085901,36.18719940913605,,,4.024237850992578,nan,,,0.9505288600921631,,None,-5.8229188116863755,4.268989899323585,-7.904805829249879,0.35306617617607117,2.2875564775514916,0.32879894971847534
Gaia,DR3,5549736116011943552,92.53104469604841,-51.310963922336946,18.16769027709961,2.7559242248535156,4.3520123728473745,13.93156873240061,59.38613167557657,36.29612739177065,,,4.196976223349719,nan,,,1.061928153038025,,None,-5.2663644891398285,4.77269954850089,-5.726137861040855,0.1406111717224121,0.9497407382699128,0.14680130779743195
Gaia,DR3,5551267327689325056,100.02979048480562,-49.45209340727296,16.842809677124023,2.70394229888916,1.8158978232787852,9.082283103021345,45.39317613278135,35.797705321594776,,,4.541787340967578,nan,,,1.015869379043579,,None,-9.013255684382402,3.301466220313562,-7.988694776929536,0.05249173939228058,1.8967805480538245,0.053457725793123245
Gaia,DR3,5519099942491765888,119.53588527967119,-45.93544083275053,18.838130950927734,3.1248016357421875,4.989338040904813,8.78520839081494,69.21869658406331,32.72361245891672,,,3.3134939044586393,nan,,,1.0208940505981445,,None,-12.240839871582295,-1.4547630058396974,-11.37250895012905,0.16876623034477234,-4.8299981968951355,0.21551932394504547
Gaia,DR3,5519157048380816384,119.82980905834309,-45.25268230745395,17.891149520874023,3.2383289337158203,3.724726098830586,8.779469839997532,53.883436295971634,32.63304778199507,,,3.5425512987616123,nan,,,0.9641432762145996,,None,-13.168372987071484,-1.8944480699822197,-10.459895585586793,0.10697606205940247,-2.5282480763189596,0.10803767293691635
Gaia,DR3,5551580581126945920,100.90681356591011,-48.15877954790221,19.80971336364746,2.490102767944336,2.3820072738270652,7.746526634544414,68.88392769558942,35.76828408717699,,,3.2819382215604493,nan,,,1.0531153678894043,,None,-6.786653996984213,1.74984677457507,-5.147595457701654,0.43012887239456177,1.5781319314463824,0.4152747094631195
Gaia,DR3,5551630922440533760,100.38732674865511,-47.91633342251643,14.48747730255127,1.8643712997436523,4.473907403340705,7.831907421018583,62.2107626774247,35.83751690645216,10.797467231750488,5.517887115478516,5.2093403824935915,nan,,,0.9988368153572083,,Gaia_DR3,-10.51536097225698,2.6827650746242657,-10.250299100454743,0.017122332006692886,7.588771351389,0.01752248778939247
Gaia,DR3,5557876801322505600,104.53674370306537,-46.159497902597636,17.555767059326172,2.659820556640625,4.486106535659058,4.616549399618036,23.051877734007313,35.36903455194559,,,4.271774852072222,nan,,,1.0597550868988037,,None,-10.284481755387565,0.7147953943590806,-8.152546737431422,0.09324268996715546,-2.7167555949541558,0.09222518652677536
Gaia,DR3,5557997266564711168,104.73875201723705,-45.31751836171227,15.868002891540527,2.4630661010742188,4.747299989535181,3.8789952903515346,66.58855848022726,35.348467504155266,,,5.507014168818237,nan,,,1.026105284690857,,None,-13.360975736801045,0.2842396671862266,-8.847791586488025,0.03548671677708626,3.4474048922680263,0.036182552576065063
Gaia,DR3,5558477512628778624,107.4417876705101,-44.1350171988156,14.375226020812988,1.8165931701660156,0.6592476655232739,1.8352471931403973,68.77687858535657,34.93672788526668,-2.822478771209717,4.183061599731445,5.612683948790994,nan,,,1.0453383922576904,,Gaia_DR3,-14.999794068838678,-1.0442257081519895,-15.647929223290907,0.016765760257840157,-0.6102149309285848,0.018388375639915466
Gaia,DR3,5558734523468840576,103.89147750379304,-45.25663913163436,17.72166633605957,,4.850703279026719,4.267802348185116,31.58175703871836,35.46649923823514,,,4.540694722041659,nan,,,1.0371911525726318,,None,-10.660783522566597,0.31223036687646166,-6.34541567067177,0.26792678236961365,2.0259978634615523,0.1477353572845459
Gaia,DR3,5559920106244803072,109.35520015078389,-43.3430718800738,17.549711227416992,2.6860733032226562,3.556669068291294,1.2113513599598071,9.260197192028478,34.6036516921125,,,3.933689966270263,nan,,,0.9724765419960022,,None,-11.184555778861064,-1.3811725581056757,-9.243108999129712,0.07486715912818909,0.839141287556044,0.09809321910142899
Gaia,DR3,5531431931773336448,118.65441110683591,-44.580474997459376,12.571163177490234,0.9709053039550781,4.130016970200874,7.811562288319658,44.459223844572776,32.855348266574026,30.77142333984375,2.619985342025757,3.6558303694709195,nan,,,1.0267815589904785,,Gaia_DR3,-13.251651515034096,-2.0568892245563273,-10.108174446472434,0.011732849292457104,-2.5565820957427556,0.012855350971221924
Gaia,DR3,5532218765480796672,117.51702073740773,-43.94847439065661,18.481321334838867,,2.437752278001028,6.890072537139055,49.76407742085953,33.06644580707212,,,3.510620589410486,nan,,,1.04244065284729,,None,-12.40629985727393,-2.0703278796606734,-10.786758468467603,0.1496184766292572,-2.8652649715841436,0.14941197633743286
Gaia,DR3,5532437881831864576,117.53557745652066,-43.37514958208252,13.773505210876465,1.3292160034179688,3.799350422689808,6.830139394025522,38.75328399268972,33.03287218308055,28.233163833618164,2.5732405185699463,3.701013954478853,nan,,,0.9472150206565857,,Gaia_DR3,-13.084665797382616,-2.443729376137885,-10.229922069787978,0.014214604161679745,-3.242153770354867,0.015069840475916862
Gaia,DR3,5566784460413236480,90.94981339643208,-46.63620425345813,16.380779266357422,2.4251022338867188,4.850565810864902,13.040728996988003,65.1708997754293,36.72039778413357,,,4.846480256073437,nan,,,1.009155511856079,,None,-5.32026983110061,2.5830868052124933,-1.8352836452979777,0.0483674556016922,-0.9403229348821562,0.04425952211022377
Gaia,DR3,5535580320422977024,115.86449325535834,-42.56623122358387,,,4.592739293387958,5.577502754681548,40.83606197416101,33.33849751333108,,,3.5905326727123845,nan,,,2.320908308029175,,None,-12.205807122927157,-2.4781258812936264,-9.016227812003976,0.10730911791324615,-3.8606992436913097,0.1208299845457077
Gaia,DR3,5549254328056777344,96.53660751962043,-50.93742768686171,14.08983039855957,1.7293806076049805,2.3872734634730164,11.714859136937491,50.956409091924854,36.02725599325269,-1.3430132865905762,5.3476057052612305,3.9852531736412122,nan,,,5.895312786102295,,Gaia_DR3,-6.567954036005223,4.018791307012778,-6.626888660206064,0.09265916049480438,2.014033948415177,0.11568383127450943
Gaia,DR3,5552600382456491264,101.42050373114718,-46.58360254378309,16.157367706298828,1.1839075088500977,1.9969816028342338,6.438517426130803,69.61141557775707,35.763130508503906,,,3.2368409495473145,nan,,,14.630702018737793,,None,-6.850719661329519,1.0096955975072899,-6.5829576805325125,0.5631740093231201,2.3457865993953755,0.5034962892532349
Gaia,DR3,5558766306227006464,104.36262218122904,-45.03232718822152,17.10577964782715,,3.2998316849351688,3.869654414962712,23.207687384916305,35.40222380534861,,,4.350093520814973,nan,,,1.2385221719741821,,None,-10.40307384178069,0.11173413263370424,-7.39749300911475,0.10415294021368027,0.463441716540275,0.11108316481113434
Gaia,DR3,5558921917186856320,102.28760883809548,-45.27345084019044,16.605981826782227,2.5745410919189453,4.690184487700401,5.1953384764720205,30.398902927814284,35.67867505932412,,,4.44488040017708,nan,,,0.9966340661048889,,None,-9.77045786943215,0.5163453518587806,-7.3944463966464955,0.049624375998973846,4.2135107590866525,0.04483450576663017
Gaia,DR3,5559165463308675200,105.44787788997759,-44.28060744072274,20.38386344909668,2.1306304931640625,3.9402836432984767,2.7936704407769164,16.54064175363717,35.243827536447256,,,3.8806919565159808,nan,,,0.9888015985488892,,None,-9.668109287101112,-0.4058497599327704,-7.835134382188085,0.5885396003723145,2.245785421075574,0.7419760227203369
Gaia,DR3,5567383110135648896,93.0738505400113,-45.06122551692127,11.120500564575195,0.7274599075317383,4.725414469863593,11.29880513094892,56.4277222079308,36.626605943204375,-3.577725648880005,0.23793436586856842,3.6902923442048663,nan,,,0.9289121627807617,,Gaia_DR3,-4.828726156057114,1.063916777144021,-3.6567471164675975,0.014175894670188427,-2.4204005173055227,0.015348384156823158
Gaia,DR3,5531740615361329536,116.42868972145115,-45.102781267883536,19.944210052490234,2.5834922790527344,1.2897158458353182,6.454504614164975,38.605869456825026,33.33786227015835,,,4.5832450365340485,nan,,,1.0020712614059448,,None,-15.792408709871497,-1.8430846489849406,-14.624525233727685,0.39842578768730164,-2.2776567417896576,0.44036439061164856
Gaia,DR3,5532107886602017280,116.09351679222434,-43.507327154305216,18.253995895385742,3.1506080627441406,4.023025500123093,5.804979290980704,25.020643222171298,33.340889386564356,,,4.043418111482347,nan,,,1.1317603588104248,,None,-13.821423675898018,-2.3612019084541265,-10.680030202941843,0.13207291066646576,-3.73635860491985,0.13705936074256897
Gaia,DR3,5535068772638389376,115.30478998638742,-43.943315533112816,15.23654842376709,1.9686670303344727,4.0476374120340015,5.330524132129493,22.916847125697142,33.52007604636743,50.07523727416992,9.593732833862305,4.063860803605663,nan,,,1.0052847862243652,,Gaia_DR3,-13.627114716772649,-2.024138478141187,-10.636515206792788,0.026888888329267502,-3.7793353410296042,0.030352959409356117
Gaia,DR3,5551428848523134848,102.37651142680852,-48.34968396310893,18.083877563476562,2.897716522216797,4.816879648376294,7.247831113889632,43.76761738308743,35.58694484784742,,,3.6307109395345627,nan,,,1.0724411010742188,,None,-8.011095091455875,1.8783366781937305,-4.446065112473781,0.14405938982963562,0.9386530422953663,0.16646425426006317
Gaia,DR3,5551926416190094720,97.70606523743645,-48.583295532682314,17.133073806762695,2.596123695373535,3.9555698369298877,9.642151413690243,41.605080913701265,36.08408591070647,,,4.198875246234024,nan,,,1.0096489191055298,,None,-7.396098174142143,2.810292290853429,-5.824571092547663,0.07148260623216629,5.939130869861794,0.07085946202278137
Gaia,DR3,5551920025279024512,97.47749207312846,-48.760787708750335,15.838884353637695,2.040477752685547,3.305431983198276,9.868523781588586,50.935060517225786,36.095905380046176,,,3.6847283294905098,nan,,,1.0686235427856445,,None,-6.409005387795492,2.572399169310488,-6.6574496922578215,0.034096863120794296,0.016861352952381232,0.036680515855550766
Gaia,DR3,5554266894192439424,92.82017845841686,-48.09764778023906,10.189050674438477,0.631591796875,4.895254851499726,12.262310224482345,60.993043583826925,36.520955776681724,15.891267776489258,0.27661725878715515,4.767850827408011,nan,,,0.9332606196403503,,Gaia_DR3,-6.119132297861533,3.3443550657751504,-1.9962451519226105,0.012949625961482525,0.6590438717169573,0.015291205607354641
Gaia,DR3,5557637726262742784,104.96890602051396,-46.64414442622824,15.233198165893555,1.9310379028320312,3.647279415920986,4.854239953176568,23.47481982040451,35.30147200833713,103.93596649169922,7.1424479484558105,4.255643312055904,nan,,,1.0680586099624634,,Gaia_DR3,-10.415110330387028,0.9239897283734408,-12.357275466544758,0.027422042563557625,-1.7093700104247018,0.029108861461281776
Gaia,DR3,5558060449826928000,106.34052974604673,-45.81154193460779,17.508020401000977,2.7872142791748047,2.4383660979328403,3.68130116139581,33.5878012978628,35.11414193956176,,,4.619230775866359,nan,,,0.9407655596733093,,None,-11.88444601402843,0.3039340810225486,-9.84299772750574,0.090250663459301,1.516542813004361,0.10604044049978256
Gaia,DR3,5558143673409947008,106.44093912315869,-45.127370832154455,14.647499084472656,1.603184700012207,4.067884184921027,3.031351105703384,26.350105558305025,35.100256295132056,14.493565559387207,4.189586639404297,3.7151580995539515,nan,,,1.089859962463379,,Gaia_DR3,-9.592338043239353,-0.09606276523973856,-6.4131826945982295,0.017908724024891853,-0.30382717695668293,0.020373642444610596
Gaia,DR3,5559160103191393280,105.53664591000016,-44.40612165756393,19.29808235168457,1.6454410552978516,2.776845025922183,2.831575060981918,61.84588708865411,35.23173610873168,,,3.257867666063416,nan,,,1.6359649896621704,,None,-8.142931892656009,-0.2964665475740551,-6.855676662845802,0.5211312770843506,1.1106771421804456,0.5321676731109619
Gaia,DR3,5559911374572358400,109.07482330212858,-43.526925226758856,20.176668167114258,0.06550216674804688,4.328305930827425,1.252315126571033,40.45840388968929,34.65642776749791,,,3.4885123720745908,nan,,,1.038215160369873,,None,-9.83216473721778,-1.1098639890730517,-12.130340047812586,0.5550204515457153,1.0925166624251461,0.3994622528553009
Gaia,DR3,5566570090006032256,91.38694275882382,-46.94755762805441,12.70373249053955,1.1707067489624023,3.30232987257745,12.822924855581864,57.32689647745392,36.67848519940879,17.103662490844727,0.7066524028778076,4.475897009008743,nan,,,1.3195538520812988,,Gaia_DR3,-5.108170230425555,2.546008062368041,-5.736342369985987,0.022537199780344963,-0.5059757597286956,0.020597461611032486
Gaia,DR3,5322144699487618816,126.35102477425619,-52.34368415745857,19.6744384765625,3.1736602783203125,4.073740817940888,15.675032014056391,67.55496115263468,31.39007837477522,,,4.02286249738213,nan,,,1.228718638420105,,None,-16.89762480792112,-0.1528348333084084,-15.649000728202322,0.4222033619880676,3.06840948895495,0.4490792751312256
Gaia,DR3,5483614720829367808,101.92995099518512,-58.090080023279974,14.641565322875977,1.6791019439697266,2.968629231037953,16.18348940310523,69.60585553145023,34.70170207565326,12.295860290527344,3.5474555492401123,4.035238162660708,nan,,,0.9913445115089417,,Gaia_DR3,-8.734342293514224,7.240925958450767,-7.682637828700927,0.020568493753671646,9.536826535795909,0.024160344153642654
Gaia,DR3,5485291957098192768,105.2712624134312,-55.017436704352015,13.888043403625488,1.8444290161132812,4.703966045279235,12.762100702182357,67.54719635069101,34.73998719653198,-8.921687126159668,8.671438217163086,4.985300618186281,nan,,,5.410149574279785,,Gaia_DR3,-12.339328838864244,6.423989012707902,-11.045502838296068,0.07012365758419037,11.19531910239644,0.06291919946670532
Gaia,DR3,5486283162534525696,111.63569041202366,-57.45065194341051,17.737918853759766,2.8239974975585938,4.471089931596338,15.188650464268463,65.13637463282625,33.66689967786288,,,4.061039293132592,nan,,,1.034464955329895,,None,-12.356416805007358,5.4416296999581215,-14.404484228797873,0.10483364760875702,8.675354780517498,0.09497338533401489
Gaia,DR3,5486997780669452032,109.73130823182436,-56.42359922162915,10.675190925598145,0.666722297668457,4.599481481103386,14.043890946928434,60.095091892831896,34.03326826361874,-24.2674617767334,0.4464532434940338,4.277711347713981,nan,,,0.9396986365318298,,Gaia_DR3,-12.304742277647067,5.537106613440046,-8.944472113525732,0.015154961496591568,7.968637435274932,0.0134422043338418
Gaia,DR3,5487574882539021696,111.68153028215464,-55.24424077090049,8.227150917053223,0.21010780334472656,4.558662970421767,13.022000827392038,60.77570116278387,33.87990781167764,3.3084978580474846,0.7153373956680298,4.636897869342705,nan,,,3.8977863788604736,,Gaia_DR3,-14.12692742832568,4.9315272200868225,-13.068222168213083,0.11975712329149246,9.260048678024898,0.1043277382850647
Gaia,DR3,5488859219496592768,113.4960365557485,-55.05459126198233,18.76906394958496,,3.01682432521304,13.091694053816921,61.07233393984633,33.62773149912014,,,3.7751257692438367,nan,,,1.1865479946136475,,None,-12.087130018539433,3.6194754639496427,-10.06865659872345,0.5266091823577881,4.9194950400307835,0.882840096950531
Gaia,DR3,5491303640002829568,105.55420701459272,-54.79617060328865,12.279074668884277,0.9775371551513672,2.959944900825847,12.516400845278477,54.097180315848014,34.72973965370386,12.718847274780273,0.6922301054000854,4.303117537834004,nan,,,1.0155937671661377,,Gaia_DR3,-10.7624173942731,5.379911495271893,-8.281088126479274,0.01113145798444748,4.353904659851103,0.010426422581076622
Gaia,DR3,5493542692355928832,113.8227889296333,-50.58696489093795,17.86049461364746,2.2106361389160156,4.705553758246873,9.011125010308438,63.514087961099875,33.8243981641769,,,3.4014642915780806,nan,,,4.9713239669799805,,None,-10.984635152354139,1.3235599208924738,-9.07631529341964,0.5546861886978149,4.106254864600258,0.5304796099662781
Gaia,DR3,5501505969740537728,97.59012216104986,-52.92606308975082,17.923446655273438,3.007091522216797,4.583979799249985,12.722637496367291,55.02223255021946,35.750385900410706,,,4.314929728313427,nan,,,1.0678980350494385,,None,-7.552155614237703,5.37902367524624,-7.143451916523931,0.11760035902261734,9.528673451987679,0.11974087357521057
Gaia,DR3,5502652141894504192,97.53616383706523,-51.12010636430546,19.93036460876465,2.701681137084961,3.5430754845381998,11.38868026674195,66.51724603661688,35.92376168827301,,,3.483455260361031,nan,,,1.0730400085449219,,None,-6.078696922811279,3.5168990291194215,-3.5793005775602937,0.5606445074081421,2.7939662331219663,0.4629376232624054
Gaia,DR3,5504862057184488064,105.08681724699296,-51.24409291837775,17.659046173095703,2.698793411254883,2.577252601460411,9.101644005265804,49.74978111762024,35.090240658638145,,,3.6445218696215047,nan,,,0.9815652966499329,,None,-8.95898299042096,2.950992650432459,-9.817934108176601,0.08745992183685303,4.735097540561141,0.08758281171321869
Gaia,DR3,5505213183648805504,107.97077018212428,-50.12921979564724,16.818071365356445,2.476848602294922,4.98546456544767,7.722818254811912,41.51045174382005,34.76216215486546,,,4.558240359803183,nan,,,1.0370155572891235,,None,-12.398436085789909,2.577619500527387,-17.187351373938018,0.05135307088494301,2.448823742463441,0.05901717022061348
Gaia,DR3,5505499602130173568,107.70138285869832,-49.19810733282005,19.207902908325195,3.1273746490478516,4.464897012881156,6.801156788425003,30.29367050699329,34.84057219941882,,,3.9536932848509605,nan,,,1.0746948719024658,,None,-10.658493110055273,1.8024273196549334,-7.149851556964066,0.2756328880786896,0.5621803192645392,0.3193129003047943
Gaia,DR3,5505310181190793728,109.04316871099776,-49.726653165279174,15.645939826965332,2.3185834884643555,4.492094246046563,7.334862793459849,33.56403899968628,34.62138263412174,,,4.2924158722504755,nan,,,1.1178261041641235,,None,-12.085866391253516,2.0364185136844024,-11.847136110734262,0.03180545195937157,-2.021391026979134,0.031247658655047417
Gaia,DR3,5505648933851104000,109.26721652662712,-48.26509661976039,14.247445106506348,1.427464485168457,2.2607328559580555,5.894421005668722,67.76558111280109,34.63261522777658,-6.559337615966797,3.138726234436035,3.24499036994251,nan,,,0.9979666471481323,,Gaia_DR3,-9.201131212789964,0.9077596456029933,-9.966145809902088,0.018923217430710793,2.251805567500293,0.017058487981557846
Gaia,DR3,5506468447972764928,115.07949146480709,-47.78876788541596,12.16504955291748,0.9908790588378906,3.6910363431380264,7.193349880548286,30.92663784061575,33.64483826780942,19.224029541015625,11.947035789489746,4.0591316970343705,nan,,,0.9865723848342896,,Gaia_DR3,-13.535404224810879,-0.052767056580511174,-10.475590116786055,0.011615985073149204,-0.8358936898811621,0.011834167875349522
Gaia,DR3,5508369847172475776,106.0539894477001,-49.02568570990562,12.870402336120605,1.207982063293457,3.504540230069564,6.798608853687749,44.03933501210079,35.08121048011503,20.278060913085938,1.0093762874603271,4.7189800919324485,nan,,,1.0695552825927734,,Gaia_DR3,-12.017970466840545,2.3154727772900063,-9.651978748043105,0.014457476325333118,4.876076725754795,0.015717150643467903
Gaia,DR3,5508479489098174080,107.10497805380763,-49.29856920751292,16.94318962097168,2.387319564819336,3.5448207999716876,6.938769769648805,59.78551352194507,34.92261352079862,,,3.3710549896534974,nan,,,1.0098075866699219,,None,-8.906677327197578,1.6512526945723005,-6.388325067521333,0.06051158905029297,1.58846164256521,0.06191498413681984
Gaia,DR3,5509869439298004608,108.02517613635293,-46.0102541221623,19.780288696289062,2.4871997833251953,4.510652716721468,3.6059248779453545,49.999160184469204,34.85640832431744,,,3.4052927811767315,nan,,,1.1845359802246094,,None,-9.279012840370465,0.1207137327714971,-11.499437759080422,0.39570102095603943,-2.2361397986865112,0.3906930983066559
Gaia,DR3,5510173699079017472,109.28195648306954,-47.80016049870144,18.14592742919922,2.3378353118896484,3.683499018332515,5.434513840149914,58.827389773044445,34.63991247350292,,,3.3389011467999627,nan,,,4.604983329772949,,None,-9.471770526753033,0.7342550743555578,-12.026741211996473,0.5255876779556274,1.175067874445204,0.5372909307479858
Gaia,DR3,5510495684187046656,109.71599624159836,-46.48016975556883,7.765391826629639,1.198805809020996,2.668903809363221,4.1936186715420725,36.546351883164135,34.58411059958148,14.966561317443848,0.1371031105518341,3.600454017082222,nan,,,0.9732577204704285,,Gaia_DR3,-10.351768046558965,0.12900769591377692,-8.742412067486478,0.01988718844950199,1.359273606252719,0.01935880444943905
Gaia,DR3,5510745273326160640,112.00635807226016,-46.040472723200224,19.313528060913086,1.9854450225830078,1.203698470746381,4.496748742537641,21.634442320206354,34.193028944923086,,,4.234564726272433,nan,,,1.792371153831482,,None,-13.019747882131647,-0.44788702673415504,-12.36226982110298,0.4697945713996887,0.4020149201501383,0.395877480506897
Gaia,DR3,5510918167234025088,113.53586038116933,-44.88688733928093,19.77219009399414,3.0229263305664062,3.602937396435299,4.5242630219079185,26.839388199836797,33.89447062230129,,,4.398373119950102,nan,,,1.1434814929962158,,None,-14.09745331368052,-1.3640193788771935,-16.890629064136704,0.49151337146759033,-3.1966623206950273,0.4781753718852997
Gaia,DR3,5511369246174921728,108.40042313236513,-45.90169204024412,18.984254837036133,3.131021499633789,4.893769148417608,3.492651243949829,22.199616677350086,34.79742999319606,,,3.8095022795518183,nan,,,1.0244683027267456,,None,-10.508261143652119,0.03284424005565212,-9.461285098973024,0.20128771662712097,3.8209158067985283,0.18468870222568512
Gaia,DR3,5486344189726328192,112.01973190519861,-57.08295858894425,15.947962760925293,2.698582649230957,4.430332029374875,14.863042527203621,64.95923905966087,33.65414628637565,,,4.472237737078088,nan,,,0.9750350117683411,,None,-13.755652878641737,5.7116836259847386,-13.888487869273938,0.03757503628730774,9.886455350589687,0.03760301694273949
Gaia,DR3,5517553586768720512,120.0206012423416,-48.98123339880566,17.07242202758789,2.676632881164551,3.3759213692471897,10.4767518154645,64.65902344796642,32.690240690254456,,,3.459176082855566,nan,,,1.0883086919784546,,None,-12.909826648987769,-0.3297860800715311,-12.585471958463398,0.06215078756213188,2.1105728864067625,0.07317464053630829
Gaia,DR3,5488289702537408640,117.16790242179236,-55.1332120860802,18.642650604248047,2.8292369842529297,2.915098152359939,13.975137835357101,59.56262629760309,33.03880550533323,,,4.1915187291381155,nan,,,1.0168238878250122,,None,-14.694465322082149,3.3200829351878705,-12.199084769507376,0.1587078720331192,2.681383860789858,0.1782938838005066
Gaia,DR3,5532229524377515264,117.47465688488946,-43.785612555037154,16.39813995361328,2.4267568588256836,3.837540408028614,6.834210580770272,40.396785105504904,33.06730378363743,,,3.668040952870511,nan,,,1.0226120948791504,,None,-12.95009921727731,-2.2292533509808403,-10.071725717007329,0.04194647818803787,-2.9507269704196997,0.04451104253530502
Gaia,DR3,5532515156878144256,116.76898884309084,-43.09083463237147,18.846092224121094,2.7450008392333984,4.845790999909215,6.2523708724929365,34.05046086373093,33.17925197877774,,,3.758280478700749,nan,,,1.0179611444473267,,None,-13.054057027253023,-2.491080147724204,-9.270743390663144,0.20648333430290222,-3.143993506058637,0.20950397849082947
Gaia,DR3,5548674674975328640,92.56841914347275,-52.64887242272677,20.33972930908203,2.664522171020508,2.2012078610861274,14.694429179596483,65.94339786304909,36.15800736694451,,,3.8549245514970423,nan,,,1.009169340133667,,None,-4.851424292314551,5.069178011978635,-5.619539795671012,0.4567708373069763,3.453659765754634,0.7001952528953552
Gaia,DR3,5550025566743922816,92.91847963535243,-50.55770043611856,13.396873474121094,1.390162467956543,2.948728398343549,13.319427672387377,59.97533074561208,36.33791641005032,11.756160736083984,1.707897424697876,4.529565032720217,nan,,,1.001390814781189,,Gaia_DR3,-5.857346590037244,4.664392779624685,-7.482234915274425,0.012337257154285908,2.364878557879155,0.012656550854444504
Gaia,DR3,5498218533052399488,99.89959691284996,-53.87941397145347,18.582347869873047,3.1491222381591797,3.4540014837083532,12.745661130231701,61.90254626309403,35.437445303119304,,,4.738944877111253,nan,,,0.9832649827003479,,None,-9.345683134651265,6.214205746158552,-6.970109465906977,0.1825859099626541,3.7115396361353046,0.16548395156860352
Gaia,DR3,5551002478529810048,97.33907383999656,-49.79086442482142,12.424281120300293,1.0387897491455078,3.361172657974021,10.57493085773058,49.98413708868243,36.04338754990398,12.155284881591797,3.0149025917053223,4.520503415505235,nan,,,1.02926504611969,,Gaia_DR3,-7.802131904474267,3.7886098946769162,-7.893469259754388,0.010163485072553158,6.990395824483536,0.012502206489443779
Gaia,DR3,5551230043077308544,99.52832516205126,-48.48665059684033,18.515522003173828,2.9127674102783203,2.572271935840112,8.638684294847875,37.70972808695345,35.904599049152644,,,3.9859545508369454,nan,,,1.067565679550171,,None,-7.7193669848659905,2.441065678056864,-5.916613312223591,0.1471501737833023,3.6334770875358657,0.1907528042793274
Gaia,DR3,5500365505600375296,91.4489685712692,-54.24550877108114,16.11302947998047,2.267025947570801,3.734505993916913,16.216765955125634,68.93455388826727,36.03538620984478,,,4.275470183069564,nan,,,1.0325225591659546,,None,-4.905799142827392,6.610204557272594,-5.710931022909796,0.039455655962228775,9.87844844400666,0.04018530249595642
Gaia,DR3,5502567346354295424,97.78606004819348,-51.57686655920505,14.529411315917969,1.5974454879760742,2.969731517990082,11.615174145731853,57.687966371812976,35.861889611691105,37.12639617919922,3.594733953475952,3.6909362179168648,nan,,,1.0611199140548706,,Gaia_DR3,-6.529919342166542,3.9270690521928153,-4.290829152226941,0.020177075639367104,4.497898115930363,0.01895471103489399
Gaia,DR3,5553076574072171904,91.44827893067917,-49.84277078580757,16.150074005126953,2.279475212097168,4.77211911039245,13.796986581119869,58.81428594639907,36.491724047471955,,,4.170535182611728,nan,,,1.054031252861023,,None,-4.785107710516953,3.99525443635193,-1.4043583253144627,0.039156850427389145,1.5105780108293736,0.042238447815179825
Gaia,DR3,5503582814063139584,107.45054057835563,-52.87483097494639,17.308469772338867,2.731107711791992,4.4746909085025175,10.480557323639093,62.18329221590394,34.663903815155784,,,5.014045011449265,nan,,,0.973108172416687,,None,-13.403894744856661,4.6912622078734465,-10.868900713167763,0.0718756914138794,0.6981690665918704,0.07702544331550598
Gaia,DR3,5504087970936565376,108.7232309418302,-51.631239422184876,17.795942306518555,2.709726333618164,4.918134764888402,9.225916676963775,42.29288067794559,34.573540758648384,,,3.86941880900473,nan,,,0.9570332765579224,,None,-10.784863272894372,2.8214009086741973,-14.514239741392496,0.11664334684610367,1.3428351123677191,0.13189557194709778
Gaia,DR3,5554484082097831168,91.31195539898272,-47.492582249580614,17.579835891723633,2.6846046447753906,2.1794201971094815,13.018959438207654,55.70347124865876,36.655944355543156,,,4.092885989270169,nan,,,0.9235737323760986,,None,-4.640529860483914,2.6337637289806493,-5.864650196526324,0.09207481890916824,4.061217346115098,0.08863750845193863
Gaia,DR3,5505713598878976256,111.63569676171582,-50.36893687206549,17.205524444580078,3.0674686431884766,4.461772862319314,8.282528038139766,46.55000489145621,34.19317499046258,,,4.673678977392588,nan,,,2.717522621154785,,None,-14.220481926443561,2.12263038776799,-15.741962591852365,0.2742272615432739,6.246937493316889,0.2688157558441162
Gaia,DR3,5507011052661224320,110.95618386325658,-48.11883989700869,18.395837783813477,2.8822593688964844,1.2247732559034659,6.006074899312486,43.2441121907586,34.3644336789641,,,3.5718889499875917,nan,,,0.9996073246002197,,None,-10.657620684666846,0.7044799283634133,-9.886689579632211,0.13664625585079193,0.19832209578297913,0.14708377420902252
Gaia,DR3,5567000922469463168,92.39245700722567,-45.324270441073246,19.135679244995117,2.8011245727539062,4.99998257919145,11.812332422459127,52.163091180729786,36.670475766765335,,,3.9289323080423872,nan,,,0.9920251965522766,,None,-4.876089143103206,1.3144272215497637,-4.117900742106958,0.23024605214595795,-2.7568539917482315,0.27821868658065796
Gaia,DR3,5507846269182646912,113.30183069115361,-45.81883164840609,19.39798927307129,3.358827590942383,4.898006764449787,4.948923478858401,41.66369848367133,33.95701646837773,,,3.5521556942462618,nan,,,1.0078531503677368,,None,-11.314778459776003,-0.6551060744739368,-7.652786743977412,0.2630157768726349,-0.8609940990707468,0.26933562755584717
Gaia,DR3,5510004236847606016,106.4712866695163,-46.03443050540534,12.749520301818848,1.081024169921875,4.5238531870580445,3.8543587347727897,18.91661919948723,35.0932952757941,13.093327522277832,1.448546051979065,4.220353610410132,nan,,,0.9359242916107178,,Gaia_DR3,-10.90836080772921,0.3814212917301867,-8.304611054591101,0.010675478726625443,3.4505948861370426,0.012215827591717243
Gaia,DR3,5532474096996246272,116.78364497568283,-43.34122354705439,7.653602123260498,0.03477287292480469,4.2420725632209555,6.28262890045471,34.308447269125,33.189602705862335,34.29762649536133,0.933140754699707,3.7549073854947235,nan,,,0.8911588788032532,,Gaia_DR3,-13.046814899247762,-2.3762596016286723,-9.693213895204794,0.030240459367632866,-2.5462538046319865,0.02850341610610485
Gaia,DR3,5534940370294653568,114.44148647886894,-44.47618384264169,17.083316802978516,2.863088607788086,1.1795003963754533,4.911970627907487,30.032938814844723,33.709658691138166,,,3.744388168946396,nan,,,5.661839962005615,,None,-12.286684792240546,-1.487568612773312,-11.832074773565433,0.3961045444011688,-2.3000788546987314,0.4482884705066681
Gaia,DR3,5534990359415926400,114.7074022477882,-44.03398672912912,18.962234497070312,3.0555953979492188,4.159206689398473,4.940975569248419,21.369831390184935,33.64204245573559,,,4.109203978428806,nan,,,0.9904235601425171,,None,-13.575090830235402,-1.9016165060939914,-14.028601342331617,0.20385636389255524,-5.475921081519003,0.21451245248317719
Gaia,DR3,5535166178196746752,114.9824128623617,-43.250652840987726,19.339262008666992,3.344278335571289,3.045463987356751,4.969873417385582,42.53514810974648,33.55396735870577,,,3.5402080381506242,nan,,,1.1119496822357178,,None,-11.776461914619144,-2.02022557649898,-9.890973378157225,0.27986520528793335,-3.2894168048190204,0.29216963052749634
Gaia,DR3,5535491844098452992,116.13474308321662,-43.24540117669071,16.064128875732422,2.0994558334350586,4.089724815540416,5.80321754107143,56.55973024203714,33.3193888260154,,,3.377026038838933,nan,,,0.9777833819389343,,None,-11.554942638336707,-2.0863058758057442,-9.380465667789505,0.033891741186380386,-4.0224359479567635,0.036564916372299194
Gaia,DR3,5535567985277279232,116.20818025637784,-42.66282010862028,17.781856536865234,2.905977249145508,3.696154851249477,5.829463796822806,30.37573607406669,33.27258748995596,,,3.8091713187572562,nan,,,1.0035427808761597,,None,-13.056504652597472,-2.6367195570365185,-10.230458492427362,0.09180393069982529,-3.5438108945621636,0.11267770081758499
Gaia,DR3,5535782664923062528,115.90596985746943,-42.24684800336269,11.054686546325684,0.7063827514648438,3.5191991462992016,5.622523564336443,30.185816175161797,33.31110182456257,31.581613540649414,1.0671606063842773,3.794728715187621,nan,,,0.8841336369514465,,Gaia_DR3,-12.912902226206384,-2.7740616253860075,-10.102248041698143,0.012567084282636642,-2.9347356597650567,0.013296929188072681
Gaia,DR3,5550564945917149056,95.06081839263989,-49.38462501983832,17.42623519897461,2.591489791870117,4.218761374517608,11.529326405092483,55.269756862650326,36.268844565333225,,,3.7503340241675147,nan,,,0.9996906518936157,,None,-5.64053063634927,3.123719344861806,-2.8301369874703566,0.08839649707078934,1.327475110227305,0.09288357198238373
Gaia,DR3,5556508527819997952,98.8004425939622,-44.9212479016633,17.16855239868164,2.818387031555176,4.587744218709211,7.31187701347785,54.93321070664993,36.09674146802733,,,5.01184477953195,nan,,,0.9990991353988647,,None,-9.35655016024372,0.7882497417921805,-6.137542596228479,0.06420178711414337,4.412202385523386,0.07589355111122131
Gaia,DR3,5558104258493737728,105.82281575078008,-45.62967458433229,19.02474021911621,3.2754135131835938,4.395952562326406,3.679838420535715,61.97774978535429,35.191313999379645,,,3.267649637577191,nan,,,1.0125186443328857,,None,-8.252894313998878,0.1919775498248928,-6.771025023173449,0.21337561309337616,-2.4488286583540626,0.218641459941864
Gaia,DR3,5558190604516435072,107.8211835449073,-45.0694952004983,18.866214752197266,3.261911392211914,4.517179031732451,2.6822519309971176,42.00397486776325,34.88684011318742,,,4.855342629272576,nan,,,0.9487053155899048,,None,-13.14141928501433,-0.38083219652047706,-9.87329324048775,0.21705806255340576,-3.651436999217244,0.2599453032016754
Gaia,DR3,5558296398150305792,105.59665193119243,-45.50983472321645,19.852378845214844,2.7604408264160156,4.07373454769274,3.660224044154517,50.40210698754853,35.22480313121375,,,3.401437999851062,nan,,,1.104910135269165,,None,-8.520463845774781,0.17111434046530638,-9.120554986008848,0.4698813259601593,-2.6876830420977305,0.5606109499931335
Gaia,DR3,5559722743907390464,108.40800949707281,-44.4349657121842,13.301553726196289,1.0801429748535156,4.254005349842585,2.0266821873454703,39.26117207510932,34.78583860350806,3.070985794067383,1.7328548431396484,3.5119486465333645,nan,,,1.0545629262924194,,Gaia_DR3,-9.689857182343916,-0.6304908789147703,-6.542573473756471,0.011266257613897324,-0.747825873202205,0.011861952021718025
Gaia,DR3,5566834724413915392,90.73074685853055,-46.27817786502217,18.61745262145996,3.2243900299072266,3.2232234729182325,13.115828286445073,59.64502816882112,36.749083854156204,,,4.554791425066323,nan,,,1.0207691192626953,,None,-4.900656075388218,2.2207862017188753,-6.626868983465694,0.14597949385643005,-0.34801775234643506,0.1633693426847458
