Catalog,Type,GaiaDR3,RA,DEC,Gmag,Bp-Rp,Voff(km/s),Sep(deg),3D(pc),Vr(pred),Vr(obs),Vrerr,Plx(mas),SpT,FnuvJ,W1-W3,RUWE,XCrate,RVsrc,PMRApred,PMDecpred,PMRA,PMRAerr,PMDec,PMDecerr
Gaia,DR3,1362820061056231040,266.21814926448207,47.40396198755058,18.754972457885742,2.8443222045898438,2.0242591614444208,12.004143976734271,64.031261117478,-30.10032769567697,,,3.5460800267503747,nan,,,1.0148670673370361,,None,5.671073906824418,28.974571569385155,4.521302163178214,0.16659092903137207,27.99075215598743,0.18734334409236908
Gaia,DR3,1350963928389465216,268.7509096300473,47.03619406760921,17.285654067993164,2.451488494873047,3.7520628913928027,10.251025156892275,54.73501639343274,-30.087454324525076,,,3.4975157683152127,nan,,,0.9913685321807861,,None,7.181822465607141,28.227959942374397,4.415692746789791,0.07504141330718994,28.269325801035208,0.07778153568506241
Gaia,DR3,1362631769690424064,264.49383557573816,46.14267058812377,18.79245376586914,3.006101608276367,4.692683075565931,12.91129933061676,69.08393335368478,-31.088358957651256,,,3.23436954117638,nan,,,1.2367662191390991,,None,4.1665756181011515,26.07049996099162,5.865202656817647,0.2755415737628937,28.782033109263736,0.3240724503993988
Gaia,DR3,1350435196445075712,266.35221215138887,45.8317914608508,18.696674346923828,2.6482486724853516,3.5553443859271434,11.589563883548239,60.862472984135835,-31.13924799587966,,,3.454425484866371,nan,,,0.9657044410705566,,None,5.607834233688305,27.60391218762015,6.5070902585070165,0.1567324697971344,25.17599599819807,0.1647062599658966
Gaia,DR3,1362540720679082496,266.4106786433757,46.69795361066466,14.496926307678223,1.3877754211425781,2.2240019851387776,11.706130296908357,64.77640783253563,-30.557653721724062,-3.111910581588745,2.851625442504883,3.1590983703830426,nan,,,1.0863159894943237,,Gaia_DR3,5.1616362113244145,25.55097889896258,4.168231149564894,0.01775670237839222,24.452408648546758,0.019481398165225983
Gaia,DR3,1363203245154785536,267.07609482815957,47.68627159737886,16.01816749572754,2.038039207458496,2.9011940490055874,11.531543581173507,60.49473424534861,-29.829005135177333,,,3.327070262682105,nan,,,0.9771531224250793,,None,5.833971786458402,27.227072875939495,3.9706273862637063,0.03405863419175148,26.409443669132195,0.03907794505357742
Gaia,DR3,1364285469537987328,269.8724210457293,50.06042585792887,19.564102172851562,2.932882308959961,4.328145695210213,10.949630764948035,67.18286916411206,-27.898759159236846,,,3.832616930973232,nan,,,1.0299056768417358,,None,8.635953051872795,32.048937158050904,5.139058734908144,0.31916090846061707,32.067450981857235,0.3628205955028534
Gaia,DR3,2076017629889272192,299.51575990857026,44.07560142927515,12.069089889526367,0.9263973236083984,4.493107183799655,12.614120097704696,68.41356290264085,-23.542491479256146,-106.7236557006836,1.2327264547348022,3.196867492627446,nan,,,0.8852728009223938,,Gaia_DR3,22.37220177187085,19.181372362971388,20.657853201016213,0.010759958997368813,21.677385643818248,0.010992409661412239
Gaia,DR3,2078079008021093120,294.8598772749148,43.37097786132515,19.35567283630371,3.416271209716797,3.2006991427651985,9.271769242835456,55.898855083606634,-25.759935501105293,,,3.0746805783877047,nan,,,0.9662070870399475,,None,19.514013303125893,19.404530701493954,19.60592880207798,0.26472142338752747,17.331959294201717,0.26863768696784973
Gaia,DR3,2078467891548238848,298.11995667540225,42.63674390310791,13.271720886230469,1.0986318588256836,1.8289773585780655,11.710200510597616,61.64581482282056,-24.83575536613865,-49.294864654541016,1.5798643827438354,3.303975478728298,nan,,,0.914931058883667,,Gaia_DR3,22.491848462026105,19.78211249393454,21.99345971698592,0.011492270044982433,20.954476859300385,0.010826877318322659
Gaia,DR3,2076918507865287936,297.6850782116516,41.763326002679975,15.875909805297852,2.2463083267211914,3.420307228991109,11.536230028852856,69.20941406034613,-25.44741499509196,,,3.8245526183863987,nan,,,0.9978744387626648,,None,25.80532675196356,22.72194194872862,28.19390264388558,0.029811983928084373,21.343803361482184,0.033852577209472656
Gaia,DR3,1367573322838958848,268.8758063084107,50.95526686364835,17.425813674926758,2.508241653442383,2.4466504175849053,11.9865117249524,64.05628126129487,-27.388709142780126,,,3.5527917261055677,nan,,,0.9776254296302795,,None,7.374550072573607,30.135802874851844,9.168531450476692,0.07792385667562485,30.509322459518927,0.08778835833072662
Gaia,DR3,2075900978574502400,299.63284354183094,43.03019484908135,13.324715614318848,1.143376350402832,2.1609775018056707,12.766206937738383,66.70715849435683,-24.007898644803685,-14.218270301818848,1.4803231954574585,3.4382379375914334,nan,,,1.0068144798278809,,Gaia_DR3,24.115693756831927,20.28104971853032,22.85914590522146,0.012670102529227734,19.345949823110775,0.012687730602920055
Gaia,DR3,2079389900766017152,297.6420851705173,45.5307942258697,12.178954124450684,0.8161735534667969,3.1481671501824353,11.35744796160603,59.8974647961365,-23.5586798657476,-38.69947814941406,1.0521018505096436,3.2950749847617953,nan,,,0.8604345917701721,,Gaia_DR3,22.21310252268684,20.7081269318807,20.643419030225395,0.011061486788094044,19.185528720032842,0.012283798307180405
Gaia,DR3,2079791875343821056,296.1278129455965,45.33796075458199,13.04758358001709,0.9602041244506836,3.787417171036513,10.278735851697721,63.07540744975218,-24.243156908333262,-27.020402908325195,1.6717828512191772,3.0339224099399567,nan,,,0.9182025194168091,,Gaia_DR3,19.80676348989354,19.394463422020124,20.990644809336825,0.011101923882961273,21.507816056579237,0.012471217662096024
Gaia,DR3,2079979754391065728,295.2918459440434,45.36062195328923,18.45793914794922,2.8165931701660156,1.7356151045511725,9.701145985333524,55.60706033578541,-24.54554349801653,,,3.126872862244541,nan,,,0.9643117189407349,,None,20.039986699343686,20.20496764222172,20.875922754557756,0.13932248950004578,19.42386504176535,0.14320583641529083
Gaia,DR3,2078238677728999936,293.9014658139541,43.580829742425784,19.631587982177734,2.725799560546875,2.651445551886594,8.571394191775404,44.939900432803206,-26.010757319703245,,,3.354047923695809,nan,,,1.1211844682693481,,None,20.81933760108639,21.477031814127205,22.320697185886804,0.3668006658554077,22.599798803679498,0.43896037340164185
Gaia,DR3,2078499330709377664,297.3995010134705,42.44438116577085,17.876039505004883,2.663839340209961,4.089424318069382,11.210407565325731,62.01283050620773,-25.22815268506984,,,3.164533859394961,nan,,,1.0231657028198242,,None,21.226160221238743,19.07292713084591,20.0819784966409,0.09781412780284882,21.54951323365831,0.12219423800706863
Gaia,DR3,2079747001525110144,296.54731925982713,45.31295282904238,19.98235321044922,2.8973331451416016,2.373683948378155,10.567752216353588,55.927943159096685,-24.09630732017435,,,3.2811220709695306,nan,,,1.1486217975616455,,None,21.61560497572458,20.855358281583616,19.977476882534646,0.4261564314365387,20.74469478886514,0.5426488518714905
Gaia,DR3,2079992360115826816,295.26357289407815,45.608655122838584,18.997299194335938,2.902364730834961,4.7904172789668005,9.724283035830695,50.983015347245406,-24.423194340196144,,,3.3386613533701133,nan,,,1.0876054763793945,,None,21.38375826581484,21.655661199919734,18.030376832967555,0.23620425164699554,22.005762248496797,0.2327829897403717
Gaia,DR3,2106645247823820928,283.8213981713582,44.30406093509669,19.036245346069336,2.793943405151367,2.1407653763103056,1.756826752953871,59.33894752153065,-28.87188061159361,,,2.777789482606365,nan,,,1.0259952545166016,,None,12.897619493716283,19.83464858564423,12.151326130968888,0.2045987844467163,18.827392693327475,0.22172792255878448
Gaia,DR3,2079965456441621888,295.3054303611912,45.2142371898766,19.007415771484375,3.230457305908203,4.740572220533933,9.688354189413868,51.17466058869102,-24.618648661374625,,,3.2910492741622264,nan,,,1.0517233610153198,,None,21.098611708363837,21.218672926010665,20.598584828180982,0.21670322120189667,17.967961492000455,0.21677574515342712
Gaia,DR3,2080483017179748736,295.04375378960805,46.715508365315465,19.38311195373535,3.1808032989501953,1.5395773515286406,9.84335876924623,56.96624493940518,-23.90434050880873,,,3.112006881446654,nan,,,1.0445500612258911,,None,19.833544259208097,20.54698371031133,20.80253665655496,0.2905608117580414,20.262009862941994,0.321803480386734
Gaia,DR3,2079686390945632128,296.3998780877478,44.53814910890376,13.767467498779297,1.2034997940063477,3.40241409453155,10.392143553416105,60.89306696810748,-24.558744126378247,-50.588687896728516,2.0102126598358154,3.086809377297202,nan,,,0.9979905486106873,,Gaia_DR3,20.271140498980472,19.44295065960304,18.2974108730035,0.013550102710723877,18.439741676160075,0.014016960747539997
Gaia,DR3,2080081008239756800,295.234289279075,46.28061238993945,19.041780471801758,3.161031723022461,2.75310731230292,9.850636746945247,61.04579973020111,-24.07163289837789,,,3.7816138799812467,nan,,,1.0612726211547852,,None,24.204892915931083,24.76454477604948,23.94325551184008,0.2050851732492447,26.94367746171042,0.2392502725124359
Gaia,DR3,2080093755702765696,295.0118276498495,46.32339989717153,18.399921417236328,2.7766799926757812,3.380055566221445,9.71297771740796,62.9700459107652,-24.129597274109987,,,2.9911813239137715,nan,,,1.0522767305374146,,None,19.049718573509196,19.653228621792202,20.147557792227204,0.1326446831226349,21.48010219390434,0.16500219702720642
Gaia,DR3,2080619253543068032,295.64876187560895,47.40602656294715,19.570344924926758,3.2928104400634766,3.0441601505131826,10.453381118199188,54.71961149538701,-23.30801789680274,,,3.3593712929655366,nan,,,0.990346372127533,,None,21.70199192505678,22.2151789928933,21.441850537730858,0.3007441461086273,24.355267468747414,0.39193153381347656
Gaia,DR3,2080588123616587264,296.4414294230748,47.61631202722244,19.456449508666992,2.7725372314453125,4.571037834814811,11.028263179987334,65.44056749043912,-22.904715360552522,,,3.059332387718699,nan,,,1.1063783168792725,,None,20.108687648687756,20.08239350570293,20.02714678470548,0.380913108587265,23.029301646751396,0.3441523611545563
Gaia,DR3,2103008711897296384,288.0751860690727,43.607310668777124,19.156919479370117,3.0800704956054688,2.1848344508316075,4.35724111389017,51.14944918274503,-28.010832824095935,,,2.8869456332642627,nan,,,0.9891806840896606,,None,15.368846392118197,19.66171246508757,16.60268410237426,0.23394548892974854,20.15739794355587,0.23972032964229584
Gaia,DR3,2106056455047838976,287.05105876604534,44.30330394152867,18.773178100585938,2.7885990142822266,1.347874179351763,3.772718213754737,55.64426703544587,-27.934531238829212,,,2.833990051934876,nan,,,1.0113855600357056,,None,14.629869074770163,19.68854692452768,14.556607064245076,0.16447457671165466,20.490472654652027,0.2024582475423813
Gaia,DR3,2106972524331225728,282.40540053438275,45.45438663014381,16.77073860168457,2.207155227661133,3.461259282944565,2.422905045004323,57.59747383558301,-28.558571031687666,,,2.79778662278704,nan,,,1.0405670404434204,,None,12.340348515373813,20.538589992846433,13.289567781338857,0.051346804946660995,22.345943175182718,0.05271586403250694
Gaia,DR3,2106243479402924544,287.1349261269344,45.09798007530609,14.531246185302734,1.4974746704101562,4.670131697489245,4.1391103553099615,28.386247846828073,-27.449763751189426,-8.0899076461792,6.587100982666016,3.135154443259113,nan,,,1.0826917886734009,,Gaia_DR3,16.22616992721733,22.01815762836997,13.144080805206237,0.01902761124074459,21.851474123700736,0.020091356709599495
Gaia,DR3,2086577958028302208,296.83968325943385,47.593268762514974,9.754133224487305,0.6270322799682617,4.094605641653498,11.274985046682959,67.06836695737059,-22.77054535854872,-34.497711181640625,2.153177499771118,3.051712672317297,nan,,,7.537765026092529,,Gaia_DR3,20.230056860068483,19.923055691442887,22.41235986548996,0.12353654205799103,18.447756258952,0.12053806334733963
Gaia,DR3,2086665330542026752,295.96733060828655,48.111513669391016,18.84210968017578,2.75579833984375,3.2940891167118878,10.90783343630798,64.36149449539792,-22.806179356230025,,,3.068824148743355,nan,,,1.0424829721450806,,None,19.96455670295148,20.39571918996522,21.218362519417827,0.1628793627023697,18.67250997948964,0.16065987944602966
Gaia,DR3,2086638809121439744,296.97686534735897,48.360432631841306,18.91257095336914,3.0099945068359375,3.3082800604298233,11.624472756398363,66.13185684110769,-22.304070696964683,,,3.714374563289187,nan,,,1.0790904760360718,,None,24.69450530433643,24.441822151693547,26.968461295947954,0.20354235172271729,25.682660884712465,0.20016512274742126
Gaia,DR3,2086926262697519104,298.34923375213594,48.5993413993894,18.369739532470703,2.9982471466064453,1.4112195882036538,12.559464398793773,65.57905071812752,-21.667396128017007,,,3.3836820343827894,nan,,,0.9812192916870117,,None,23.141366979495892,21.921948709990993,23.419487959945208,0.14099159836769104,22.889408641457372,0.13810113072395325
Gaia,DR3,2107303408611680640,285.10067895465744,46.372685033371745,13.077983856201172,0.9223957061767578,4.684321708400001,3.943057692390171,57.94261860190018,-27.284563114775516,6.354442596435547,2.056230068206787,2.8175544550121376,nan,,,0.9718546271324158,,Gaia_DR3,13.666894125702935,20.508739506561234,13.413438246102864,0.011173330247402191,23.279512147335737,0.010959452949464321
Gaia,DR3,2116105480225779712,270.7271859291324,46.19719481612251,13.00961685180664,0.9811649322509766,3.726359363198329,8.703044035517348,50.81798890842514,-30.392131119743425,4.324594974517822,1.378099799156189,3.1207736332031177,nan,,,1.1871230602264404,,Gaia_DR3,7.505572491188719,24.72138877668016,7.099091763988367,0.017574504017829895,27.138991553677197,0.017363887280225754
Gaia,DR3,2106780865710636928,284.2117594510682,44.9271821525249,17.297548294067383,2.339384078979492,3.68186771203353,2.407346814910173,13.779610988527985,-28.39515472419614,,,3.2606401454683898,nan,,,0.9898871779441833,,None,15.346823207538286,23.423669535015936,17.24351240411695,0.06787880510091782,21.748064426886046,0.07620060443878174
Gaia,DR3,2115491089447975680,274.0429866379099,46.05657832433745,18.543659210205078,3.073434829711914,2.439169211575056,6.504551136844798,36.89853321932993,-29.970667984154304,,,3.501047259107087,nan,,,1.013819694519043,,None,10.46239687642125,27.285058927494664,11.95054442341115,0.1776687353849411,26.271997757706,0.18177928030490875
Gaia,DR3,2116245320064289152,272.1475117235157,46.160511871221665,16.70355987548828,2.4606552124023438,3.231576153419827,7.759377591552557,61.056970518928495,-30.210186283172533,,,3.948504462868117,nan,,,1.022855281829834,,None,10.48724575375782,31.083429112869148,13.035395744026088,0.04886741191148758,30.221705845200255,0.05760848522186279
Gaia,DR3,2103060182784429312,288.5968840880371,43.75053618979644,17.151399612426758,2.3503990173339844,4.713435433725179,4.747320044113698,43.13455516562734,-27.76278175732608,,,2.979077303118012,nan,,,1.0115001201629639,,None,16.102129191029867,20.232496581356205,18.29317955436222,0.06396933645009995,18.24210409851213,0.06288117170333862
Gaia,DR3,2106366964005331968,285.21886472044696,44.93358380330059,18.850431442260742,2.7761173248291016,4.820203869394074,2.91682303277845,21.1164279117704,-28.108898539782754,,,3.1681356904301237,nan,,,1.0577852725982666,,None,15.42778224135748,22.572929827772096,12.276926354395735,0.20674768090248108,21.912661818410115,0.2037556916475296
Gaia,DR3,2107182393613413760,284.59354152377995,45.89056033008374,16.990100860595703,2.1493635177612305,2.4249091899815256,3.347349282143282,64.71430178816946,-27.714410757161943,,,2.752662020757008,nan,,,0.9523813128471375,,None,13.126478200191857,19.98650830091802,14.105687785750256,0.06370919197797775,20.997059228723412,0.06585773825645447
Gaia,DR3,2116533941866993152,270.34105987698894,46.8328689535163,18.093034744262695,2.9304943084716797,3.6065168992805794,9.158504677662672,50.78157233517491,-30.025461138458354,,,3.557647695520816,nan,,,2.074641704559326,,None,8.31260814551877,28.474884933412117,5.838310081689668,0.2518799901008606,27.382168122583025,0.2369149923324585
Gaia,DR3,2117524193825172992,280.66975857051654,45.36310770458182,13.085318565368652,0.8810234069824219,4.877517573497856,2.5503391282273142,68.18523645202518,-29.04448213869788,-51.78181076049805,1.5763180255889893,2.7168064404844006,nan,,,0.9408148527145386,,Gaia_DR3,11.199409751989503,20.167887955006726,12.893733537822513,0.014466322027146816,22.38890470372821,0.01431271806359291
Gaia,DR3,2116684613616165888,270.20970525632106,47.87257323044274,12.527937889099121,0.9171819686889648,0.2935000585393167,9.64596850499888,65.56687784277804,-29.3489979706259,-0.3164680302143097,0.928492546081543,3.91430824811491,nan,,,1.0995577573776245,,Gaia_DR3,9.054666378161205,31.789727894920837,8.891435867585876,0.015256308950483799,31.610810758431995,0.013426994904875755
Gaia,DR3,2106996954104676864,283.41215005171944,45.45845186707839,12.33621597290039,0.8771352767944336,2.0997058668986943,2.5862052794409474,14.219340672262524,-28.293560092684952,-31.66595458984375,0.6742833256721497,3.3660275604073884,nan,,,0.9777332544326782,,Gaia_DR3,15.40378271234408,24.52206491413354,14.077256938713674,0.010148399509489536,23.843657325666936,0.011742371134459972
Gaia,DR3,2105965302961386368,285.2885659514697,44.35837378395532,19.120075225830078,2.82275390625,3.757771223351596,2.6334502556991155,57.21640279341362,-28.42646025002702,,,4.070112238727921,nan,,,1.0021369457244873,,None,19.865798556600712,28.738879688168876,18.048336417156854,0.20080098509788513,26.075688563344848,0.22040343284606934
Gaia,DR3,2118811275262790400,277.5096632699402,46.90016053374017,15.26513671875,1.7699766159057617,0.9647296314813796,5.059531221128763,50.20855838858392,-28.778940244384465,-24.17299461364746,4.423353672027588,2.915967755313756,nan,,,0.9885063767433167,,Gaia_DR3,10.461036420049496,22.570569800785954,10.19253119491561,0.027879616245627403,22.041802979801474,0.02719265967607498
Gaia,DR3,2115542079299779328,273.7466198575804,46.13046225952032,18.08230972290039,2.351268768310547,4.030008002070476,6.722195018042178,65.05818874002429,-29.97334458656511,,,2.824024225842233,nan,,,1.0196865797042847,,None,8.293037545026161,22.06295076154894,7.5452727621457525,0.11635587364435196,19.783260697343984,0.13290095329284668
Gaia,DR3,2119155456762891392,281.5539957341966,46.27125850314811,13.933253288269043,1.1843318939208984,1.0672001178951653,3.2584037975418703,24.91634778873737,-28.27088368461331,-17.484479904174805,3.3363707065582275,3.1335774025252103,nan,,,0.9858176112174988,,Gaia_DR3,13.379529250645863,23.416477795401963,12.67625231697766,0.014681894332170486,23.46546956348795,0.016460061073303223
Gaia,DR3,2119607459121356672,281.34136525303353,47.58683780579503,13.793540000915527,1.2041950225830078,4.949931109533576,4.581736202914527,38.84271458814406,-27.5005694608616,-27.413284301757812,2.695871353149414,3.0208261234746034,nan,,,0.9936648607254028,,Gaia_DR3,12.791271754969213,23.016775696460996,11.216539682206632,0.01463879831135273,20.28608076973856,0.015714453533291817
Gaia,DR3,2115380176212741504,273.05983136888955,45.073336104496384,20.04258155822754,2.596742630004883,2.5542924873640365,6.827798445810224,69.90387240237695,-30.766948567356756,,,2.7824143898927804,nan,,,1.1438379287719727,,None,7.836276042742737,21.47752008502426,9.116905427768504,0.5186379551887512,20.699872448938237,0.6106318831443787
Gaia,DR3,2118732003050331904,277.1081676210626,46.89377063180868,18.47011947631836,2.572284698486328,4.389058062583187,5.242793880703549,44.85807305318779,-28.86368822612708,,,2.9791727298106485,nan,,,0.9921334981918335,,None,10.482939989565704,23.11193561312795,7.729659789051915,0.15918515622615814,23.245170905871404,0.1578962206840515
Gaia,DR3,2121782945955142912,275.5994865430252,47.02412286167144,9.210062980651855,0.6901063919067383,4.153223308668224,6.096744040495912,40.766986693370015,-29.06831860246194,-29.452672958374023,0.3671649396419525,3.6417466365737856,nan,,,0.8942483067512512,,Gaia_DR3,11.8679193128796,28.54021759119388,9.537297599442047,0.014278744347393513,26.364274144664165,0.01365860179066658
Gaia,DR3,2118176272938550144,276.50450270874626,44.8292015885206,17.645191192626953,2.535440444946289,1.7519062910927017,4.431360661947566,41.51278303373039,-30.292631186896767,,,3.75565314682249,nan,,,1.0491701364517212,,None,12.825691379016654,28.389731773519284,12.252307753216819,0.09544556587934494,27.126759324853698,0.09129133820533752
Gaia,DR3,2118615764055484800,277.77731894600964,46.62016877413244,17.14783477783203,2.6422033309936523,4.493401762221293,4.7288956687625765,36.65255472346007,-28.902992253666923,,,3.655444869015346,nan,,,1.0006827116012573,,None,13.281111715242163,28.14077731062624,11.711849940046609,0.06577446311712265,25.054150797247,0.07987100630998611
Gaia,DR3,2119026573383200768,281.27045880558705,45.81271223988825,16.95699119567871,2.1643877029418945,2.9691570396367593,2.841445206692488,16.540352107580787,-28.62291076774482,,,3.2442518618843734,nan,,,1.0218080282211304,,None,13.699031760608248,24.136786172565813,12.461171383154653,0.06541471928358078,22.527029552059396,0.06619919836521149
Gaia,DR3,2118318483600081664,276.4894383189301,45.71031794301591,19.855241775512695,2.7287635803222656,2.593259103472072,4.8378071537927125,54.61921971097526,-29.740970616022278,,,3.9664750180774346,nan,,,1.0929735898971558,,None,13.535371177955497,30.372154218416036,11.743646190842995,0.36999642848968506,31.593520347893467,0.4070809483528137
Gaia,DR3,2119026573385077248,281.2708257078296,45.81371151587146,13.23868465423584,1.0611152648925781,2.7523789754781984,2.842362517941333,17.593048872500496,-28.62220631640987,-29.90638542175293,1.8098808526992798,3.2213832381636265,nan,,,1.0452836751937866,,Gaia_DR3,13.602664606795532,23.96692353488549,13.060410566671917,0.01225250493735075,22.178167946450753,0.013711853884160519
Gaia,DR3,2119387105822168448,280.38978253664914,46.97416485021062,19.05008888244629,2.8293018341064453,0.6952207242667039,4.123720705790104,41.47511807691168,-28.108426061664545,,,3.768050844493108,nan,,,0.983070433139801,,None,15.356214434395174,28.664858051538104,15.302640371254576,0.21481627225875854,28.115219145250087,0.23984387516975403
Gaia,DR3,2120166625205777024,278.21429805675183,47.40862382678202,18.696842193603516,2.0157737731933594,2.959676012394108,5.167551304532553,28.754150681034687,-28.308267517730986,,,3.228439732074773,nan,,,1.536588191986084,,None,11.97023506316278,25.055533475839397,13.883930713387144,0.30161216855049133,24.426845628551618,0.4246913194656372
Gaia,DR3,2121362618979577728,275.74519631638657,46.19751022959587,18.05758285522461,2.7128467559814453,4.147386165211966,5.534833082983309,46.44500818752551,-29.5739558321632,,,3.7892085451232975,nan,,,1.021615743637085,,None,12.443970579983878,29.334821832410775,14.156719276863196,0.12231139838695526,32.17068144856104,0.12635424733161926
Gaia,DR3,2119591305747594752,281.49304999319537,47.3351963792527,18.65060806274414,3.0021018981933594,4.060871066155787,4.3197557783850575,45.963033469124355,-27.62281762823083,,,2.935746314229069,nan,,,1.0201964378356934,,None,12.505100727227628,22.269234927963108,12.760887731448586,0.17171597480773926,24.76939590488523,0.1712275594472885
Gaia,DR3,2118310924456916224,276.78295478815255,45.4690734661321,18.286357879638672,2.382547378540039,3.4941865463505164,4.537498061072373,52.99693927877127,-29.834996907022557,,,2.874342361804066,nan,,,1.0885639190673828,,None,9.953618382835272,21.897250325315188,8.390933073534708,0.12640035152435303,23.325829897243388,0.13116568326950073
Gaia,DR3,2118574639745372928,278.8358526350372,46.454106736982595,17.28180503845215,2.4393882751464844,4.953529227871728,4.14085818498174,37.268179246797864,-28.783983377843647,,,3.0212820951961854,nan,,,1.006662368774414,,None,11.521203488854566,23.054661280955152,9.643506789758197,0.07587088644504547,25.590048077784154,0.07068277150392532
Gaia,DR3,2119508223899705472,282.3362977874106,46.68153922741477,11.960543632507324,0.7866115570068359,2.3455127432784977,3.645114540328702,35.46864758593544,-27.824018098214438,-35.6285285949707,0.81184321641922,3.023361672926315,nan,,,0.9217116236686707,,Gaia_DR3,13.300807812360064,22.59121022318474,14.095077185820516,0.012270517647266388,21.324744709365334,0.013062031008303165
Gaia,DR3,2120036234296143488,280.5234641570538,49.087521875565024,14.240245819091797,1.762411117553711,4.197294737370987,6.150488337506554,37.557300060408934,-26.729845238171357,-31.47957992553711,2.2272181510925293,3.135338389554227,nan,,,11.029468536376953,,Gaia_DR3,12.847919482536739,24.498351072098608,10.077074945244105,0.1564759463071823,24.36098494079512,0.14655877649784088
Gaia,DR3,2123148745555170944,272.08272881120814,49.96525072412637,15.554489135742188,1.8286972045898438,3.8947499882092123,9.77416645356309,51.76142201517608,-27.676454620506473,,,3.454596342179653,nan,,,1.0738600492477417,,None,9.135997438898368,28.604143689670146,8.932521697378919,0.032598190009593964,31.433240621738797,0.033800024539232254
Gaia,DR3,2122991030059219584,272.3163808671589,49.01366822382124,17.815170288085938,2.616189956665039,4.086860745449699,9.052011967939766,66.34423102614328,-28.29070933758514,,,2.9057089945243386,nan,,,0.9889799952507019,,None,7.803972519449761,23.750447658267927,9.22562332759951,0.09400290995836258,21.689863360872955,0.10018230974674225
Gaia,DR3,2120957865557842048,277.9271794642168,49.675172500630204,17.6837100982666,2.727293014526367,3.147022606020142,7.240828435856425,38.01733137291034,-26.887746940880312,,,3.354265153732521,nan,,,1.0156373977661133,,None,12.27263983848492,26.85105405734158,10.276593306494272,0.08950607478618622,25.867307044702844,0.09939593076705933
Gaia,DR3,2120447520364110208,276.4964211427512,48.288157406847105,16.671566009521484,2.0388736724853516,2.4127427844406992,6.559872781633042,60.34676657112886,-28.0769648121853,,,2.8644991311387966,nan,,,1.0643317699432373,,None,9.77838377417645,22.7192949460224,10.755803949157627,0.046823449432849884,21.638824918049846,0.05783802643418312
Gaia,DR3,2122759685940774912,271.38664907204475,48.6232030774494,17.881261825561523,2.6695556640625,3.7898349614765046,9.32763130631972,56.3382157328392,-28.68650417469717,,,3.0715605212053743,nan,,,0.9513636231422424,,None,7.745722565005375,25.077949651929167,7.909771312869696,0.1191011294722557,22.629461028393354,0.12661761045455933
Gaia,DR3,2122283739141935360,273.3137287630544,49.16082770334925,17.80111312866211,2.5236072540283203,4.300974225951233,8.643135039593702,66.40190440060665,-28.041442507329766,,,2.8848426375439993,nan,,,0.93938148021698,,None,8.253129052218213,23.51866969124889,7.626725575052305,0.09873192757368088,26.058209799266336,0.10038979351520538
Gaia,DR3,2123611468150999936,275.8149954617771,49.32991515330508,19.432575225830078,3.103485107421875,3.9422899147590633,7.657041079422157,40.9848222862245,-27.512014103825596,,,3.257985639905704,nan,,,1.022965908050537,,None,10.738712166512554,26.285325334476838,12.747410491040647,0.277040034532547,28.10091935923215,0.3509732484817505
Gaia,DR3,2123585006856180992,274.98864628227153,49.50565547270714,20.098894119262695,2.6925430297851562,4.717958517415275,8.12976209446061,48.86056277727961,-27.53773878035389,,,3.10219526767587,nan,,,0.9566875100135803,,None,9.781148270820225,25.19323422435065,7.10504558789855,0.4571641981601715,23.657557592846207,0.502007007598877
Gaia,DR3,2123908336291228544,274.9093032248419,50.29438747803352,19.541818618774414,3.058012008666992,4.996541057387124,8.778845959684656,64.78322947954112,-27.018380245581152,,,3.9620264770959244,nan,,,1.0912628173828125,,None,12.437582433110002,32.50306299155372,8.266494749272672,0.3173520565032959,32.367626362337425,0.41875705122947693
Gaia,DR3,2123906205987436928,274.85701755030067,50.22128063176556,14.385032653808594,1.5458927154541016,4.838320652441671,8.740937273360977,53.174603472768,-27.076655291058543,-72.7159194946289,2.9464211463928223,3.689433337418385,nan,,,1.0016493797302246,,Gaia_DR3,11.548345849375142,30.24806079250845,13.052880459018285,0.017702404409646988,26.798816187466343,0.0180505383759737
Gaia,DR3,2124682151959732736,272.4389638415025,50.66970972802306,12.81999397277832,1.1623220443725586,3.974412116654918,10.09221440281908,56.76349376771106,-27.14178880387346,-25.896411895751953,1.9873374700546265,3.621665416503533,nan,,,4.961573123931885,,Gaia_DR3,9.804959236905232,30.19857248936378,10.009826969794604,0.07694169878959656,33.226046679893614,0.0862581804394722
Gaia,DR3,2126740540809855488,292.34339672270403,45.76414774086645,12.437383651733398,0.9120960235595703,4.155458676454929,7.778511337271269,63.86460338605452,-25.383339355049376,-7.406590938568115,1.0748131275177002,2.8745858545589003,nan,,,1.0907341241836548,,Gaia_DR3,17.18091925234347,19.335628801043605,18.927785198968564,0.014401559717953205,17.521888316824253,0.01422879658639431
Gaia,DR3,2127163612267303936,288.89836140161515,44.91874650090143,16.87187385559082,2.381007194519043,3.920544757385315,5.214763394439468,64.3375894729053,-27.004746276062292,,,2.789504945211811,nan,,,1.0306499004364014,,None,15.208295646006658,19.217882058733494,15.602706614863042,0.054176174104213715,21.489393387895937,0.05563775822520256
Gaia,DR3,2126881484457031168,290.13158501241315,44.222843944768194,14.351662635803223,1.3016347885131836,0.060500169948382705,5.904718011589669,55.24489949007184,-26.993791099793725,-48.987098693847656,3.2194085121154785,2.893181178161114,nan,,,0.9864678978919983,,Gaia_DR3,16.323964791605555,19.48956920305824,16.341195202117994,0.017796659842133522,19.522199023704495,0.016895299777388573
Gaia,DR3,2127098672362973952,290.00965544615997,45.52714698829514,18.41938591003418,2.669462203979492,0.4789917251399467,6.158109695554048,65.87766563409983,-26.299720710234602,,,4.1254879262300514,nan,,,0.9767787456512451,,None,23.199783851560905,28.35367644536952,23.520243749834947,0.13097503781318665,28.0875160946093,0.14156121015548706
Gaia,DR3,2126602964418623104,291.9445492223373,45.0257691601669,19.598966598510742,2.9355926513671875,4.458934424982163,7.321272390344731,38.478839697875216,-25.930849204389265,,,3.3667855181024424,nan,,,0.9730589389801025,,None,19.92173208701021,22.51076264119282,16.882492734633956,0.3380146026611328,23.393142702865887,0.34757038950920105
Gaia,DR3,2123576867895750016,274.9928404994946,49.39181133352953,10.445781707763672,0.8229560852050781,2.983534066102312,8.041131583951014,65.94322569734572,-27.613465591726822,-2.791597843170166,0.2966633439064026,4.0343545590146075,nan,,,1.0157108306884766,,Gaia_DR3,12.723162363705466,32.71605427342795,14.620617281363582,0.014413397759199142,34.40077505633982,0.015012972988188267
Gaia,DR3,2123021885104566016,271.75441465017207,49.51158184099837,18.792766571044922,3.1080780029296875,4.420475948282659,9.647278520163606,63.72427775765425,-28.032508370640517,,,3.869437495842956,nan,,,1.0909380912780762,,None,10.009081214359085,31.90326765165231,6.869599899576967,0.21080166101455688,30.12961537263221,0.22123081982135773
Gaia,DR3,2125463453752896128,271.6085373939795,52.74259526537959,16.577472686767578,2.3553237915039062,2.1537698879079095,11.972840916498145,64.94817094924812,-25.80385479132805,,,3.20052078533421,nan,,,1.5037848949432373,,None,8.196382322694006,27.429550073535168,7.58254678478546,0.07837889343500137,28.74669045310016,0.07988756150007248
Gaia,DR3,2124485506880660736,274.73236976406906,51.883364216393545,18.159713745117188,2.8176822662353516,3.377707902180173,10.15014114113967,54.42348760938761,-25.957848453528126,,,3.5082191608782702,nan,,,0.9889228343963623,,None,10.905118106097204,29.350198995347263,8.426234718436625,0.12843625247478485,29.041391835129524,0.1360478550195694
Gaia,DR3,2125838215419513856,291.8721226792906,43.29318780995769,19.33725929260254,2.8777103424072266,2.421645879567721,7.102075471777536,67.09948158668855,-26.903077521262023,,,2.816881469230622,nan,,,1.0829861164093018,,None,16.63725217798133,18.373983367794175,17.68056611193487,0.27107346057891846,17.384311301348937,0.258887380361557
Gaia,DR3,2125476373014631808,270.99709378659213,52.808873550518996,17.433637619018555,2.634775161743164,3.7440741911401116,12.26497039716299,69.06187336987016,-25.8335018773721,,,3.1204880802302006,nan,,,0.9987563490867615,,None,7.654078212060316,26.82977785360231,5.232006069746291,0.08628612011671066,27.276727853183345,0.0850965604186058
Gaia,DR3,2128327475387169536,291.91596725463467,46.64972865329492,19.327411651611328,2.8632736206054688,4.286566008930241,7.8103920169689465,58.039003513342394,-25.031799721403004,,,3.881610700194441,nan,,,1.0216835737228394,,None,22.95137546466259,26.552584938491144,25.271977547177908,0.26360905170440674,23.922334202450017,0.25959908962249756
Gaia,DR3,2128438869659133696,293.2742658009895,47.614523920815216,19.9468994140625,2.7059326171875,4.109591029733534,9.057066311362947,65.8406679194336,-24.02660652529676,,,3.9660933615846017,nan,,,0.9944380521774292,,None,24.252758165740605,27.061610779937737,26.775610787214895,0.5042885541915894,29.394268891076116,0.4310448169708252
Gaia,DR3,2129663695545133184,291.92434636583096,48.59438163343003,20.351980209350586,1.8467140197753906,3.379295299143401,8.785986269414213,66.82655108525111,-23.914267298729357,,,4.006949350983863,nan,,,1.0274083614349365,,None,23.697522615226557,28.109586152402603,22.391321585014026,0.5447545051574707,25.57146552347148,0.5604490637779236
Gaia,DR3,2127075818837319040,290.0905331144404,45.141911986873026,19.83078384399414,2.535646438598633,3.4802922604739615,6.084969895034401,37.643187389425826,-26.49161050873268,,,3.127820719715044,nan,,,0.950049102306366,,None,17.62817388635012,21.362125037619197,15.970481109837822,0.43519747257232666,19.775222533697814,0.43271681666374207
Gaia,DR3,2126646012870326144,291.12646656823745,45.190586214630706,18.818742752075195,3.0941104888916016,3.1922271209517636,6.799616848726046,59.5279424512444,-26.11888614866206,,,3.9718815376641516,nan,,,1.003434658050537,,None,23.01228967687493,26.85449577440184,20.399539964751117,0.16335107386112213,27.41831268677649,0.1773371547460556
Gaia,DR3,2126372887308645888,292.7205708012257,44.41658832915124,18.391374588012695,2.7860469818115234,3.7897597179931704,7.766256269529496,51.67530013419275,-25.992347470668836,,,3.0253309228408534,nan,,,1.050339937210083,,None,18.251876579880964,19.879309124017503,17.29032743867108,0.129010409116745,17.661812504515193,0.14215657114982605
Gaia,DR3,2125396903235262336,272.34190075065175,53.19818096241088,19.084165573120117,2.660564422607422,3.561190237145967,12.056700444755394,65.77111392119278,-25.384558310271164,,,3.1865123687225307,nan,,,0.9876630902290344,,None,8.572448460072998,27.360800524624935,6.582155411810709,0.28731560707092285,26.033594518592814,0.2994717061519623
Gaia,DR3,2130485958448268800,286.70899071680657,45.92830758676704,18.004047393798828,2.8389720916748047,1.4041575950735856,4.356814718672108,62.238998690334114,-27.090463876531466,,,4.1188900215316755,nan,,,0.9978711009025574,,None,21.039487062193643,29.38262992222498,20.92319632077551,0.11987455934286118,28.1689536827337,0.1186615601181984
Gaia,DR3,2129396716084929408,290.6766663184614,47.91615921562543,17.39449119567871,2.549409866333008,4.1496574859609066,7.715500009404357,52.14118814802002,-24.708897574916143,,,3.760347050980544,nan,,,1.015071988105774,,None,21.529801136806796,26.506925556273128,18.273147289135174,0.07181324809789658,26.970709547226413,0.079310841858387
Gaia,DR3,2127935057110793856,289.3830387141127,47.70338845584565,13.045697212219238,,2.8685401246726143,6.8993573296860555,37.5787613727615,-25.238085812846194,-30.287019729614258,3.001110076904297,3.456235512056186,nan,,,9.77623176574707,,Gaia_DR3,19.102776881430227,24.62091980923637,20.317708228248126,0.5934520959854126,22.920264496586633,0.6108836531639099
Gaia,DR3,2126731534256889088,292.74355283402224,45.76140557975583,19.325193405151367,2.880617141723633,4.857600607087877,8.045511665314805,42.39651901378812,-25.24612676795562,,,3.304470674537652,nan,,,0.9809443950653076,,None,19.947216781791653,22.12704474357374,19.115394653803243,0.23766596615314484,18.846996112641662,0.26310354471206665
Gaia,DR3,2126929927386386688,289.38421635352944,44.50857542931295,19.295799255371094,2.362855911254883,3.8436336629799217,5.434268827832669,44.87547099201369,-27.0804792916001,,,2.986962962841825,nan,,,1.0698612928390503,,None,16.509628790513577,20.358428242178594,18.54523859112635,0.2565001845359802,21.667619282068916,0.2971053719520569
Gaia,DR3,2130287462240505728,287.2533810787577,45.78261644121844,15.230018615722656,1.7554740905761719,4.7407466643313345,4.569162916314122,54.945092848036595,-27.01456120581216,-91.44446563720703,7.824817657470703,2.857273952616402,nan,,,0.9278033971786499,,Gaia_DR3,14.841483122494946,20.240917023635255,12.005477371796676,0.023529820144176483,19.90738508171195,0.026602700352668762
Gaia,DR3,2127453883337512576,290.8167668602354,45.91021322375148,14.496723175048828,1.7329845428466797,4.838949903592401,6.822589497234099,64.45596427988049,-25.817155984118735,-34.335140228271484,2.7811241149902344,4.068280331366863,nan,,,2.605563163757324,,Gaia_DR3,23.379592389985305,27.876757515775253,25.396506102316565,0.047348812222480774,24.249779131764996,0.04308458790183067
Gaia,DR3,2132785995037491072,287.99004761388034,49.72853887359294,18.274288177490234,3.1558570861816406,1.9884425918316848,7.808319041852849,47.99438647533119,-24.432682857444455,,,3.653320277455313,nan,,,0.9186434149742126,,None,19.399944544199897,27.0631899752527,19.463205479519615,0.1270851343870163,28.593295034004157,0.13345159590244293
Gaia,DR3,2130045226085332480,290.467014571645,50.01146443492911,15.516886711120605,1.923624038696289,3.5739092852607848,9.014724757723135,47.24649740159037,-23.534275924547657,,,3.354575601375205,nan,,,1.0703617334365845,,None,19.09933855820591,24.323791324529576,20.157131281027677,0.027863604947924614,26.619173494871248,0.02620561234652996
Gaia,DR3,2129418878117892096,290.1971314457456,48.23918765463709,20.279144287109375,2.2160263061523438,4.8703061042880895,7.661077526396082,56.16756210089408,-24.670436997019277,,,3.8520124772977713,nan,,,1.0942130088806152,,None,21.772574352209382,27.402655023214287,20.030867622998375,0.5983163118362427,30.95338358162209,0.7060491442680359
Gaia,DR3,2130791687101169024,288.0988274839436,47.090067239264805,18.298917770385742,2.919130325317383,3.5879564779048727,5.840533391116835,30.93377934966379,-25.990739107707643,,,3.378015460765655,nan,,,1.0267722606658936,,None,17.995598505000736,24.17079496973567,17.20439182285878,0.1298413723707199,21.741331311507622,0.15778909623622894
Gaia,DR3,2131345978401598592,285.35519488318,47.115939459367745,19.495458602905273,3.0730342864990234,4.571639289440231,4.666826377035445,26.980748105049326,-26.764862359959807,,,3.207635655281064,nan,,,1.0446622371673584,,None,15.690535583619223,23.534773502550063,12.59918478576607,0.26699668169021606,23.534226125952372,0.32544460892677307
Gaia,DR3,2131412533214100224,284.732304064419,47.33881560724084,18.05621337890625,2.7233409881591797,2.2247814308095473,4.672182168918634,24.564660940711118,-26.798444917467855,,,3.332437736362466,nan,,,0.9618068933486938,,None,15.966095152377791,24.65244680408295,16.652287586382915,0.11339648813009262,23.248202040928334,0.12641294300556183
Gaia,DR3,2130675418043096448,287.1578383361107,47.37111571073136,20.358867645263672,3.31341552734375,4.642380187344853,5.590931892280809,51.15008833782435,-26.101035317717866,,,2.924279770211246,nan,,,1.1038671731948853,,None,15.145371965334276,21.188193637905496,17.766826681507787,0.4617510735988617,20.040015112397292,0.5520824790000916
Gaia,DR3,2131135563659064320,286.4139554568529,48.0109313454128,12.463775634765625,0.8610448837280273,4.64141738123797,5.8032130335940515,37.3437970573774,-25.926679631356826,-5.903576850891113,1.548561930656433,3.109980936332127,nan,,,2.087409019470215,,Gaia_DR3,15.739987310779146,22.877185548269125,14.97275179009619,0.03780647739768028,25.82185885503265,0.037561915814876556
Gaia,DR3,2131973077987099648,285.48481509899267,48.89190581964248,19.378524780273438,2.658954620361328,3.609516961217075,6.297078054713757,39.29457236799434,-25.639515030579012,,,3.115980859999344,nan,,,1.0487792491912842,,None,15.307138887062814,23.37050492424936,17.282779188513935,0.25996512174606323,22.05955863014324,0.35063764452934265
Gaia,DR3,2131969715027029632,285.1986209914146,48.82219001005708,19.598350524902344,2.735769271850586,1.709441275015532,6.161569610509176,32.61501931988664,-25.758984529274386,,,3.3813335694229862,nan,,,1.0855700969696045,,None,16.454958021266442,25.400590928666404,15.309076449257972,0.33426111936569214,25.81502091818701,0.341108500957489
Gaia,DR3,2134410733922471552,286.6323005785539,53.16893545621137,10.61949348449707,0.7418060302734375,4.949479771590173,10.560048477378096,69.39368479883711,-22.63168694900871,-38.234039306640625,0.20660695433616638,3.930136197098783,nan,,,0.9480668902397156,,Gaia_DR3,20.027434125128075,30.664777945310483,16.247341920441674,0.012356412597000599,29.075224737114752,0.01251058280467987
Gaia,DR3,2131135559362503680,286.4137092324849,48.011195774523394,11.4892578125,0.8876285552978516,4.578257350519717,5.803346899391182,35.41199703400137,-25.926587670133628,-6.231725692749023,0.7607430219650269,3.144723457081528,nan,,,1.1044622659683228,,Gaia_DR3,15.915700047751951,23.132883597290608,15.727900783437063,0.01713923178613186,26.162174668140516,0.01812685839831829
Gaia,DR3,2130867763861889664,287.5629189716083,47.578741851959855,15.849509239196777,2.1296005249023438,3.754466862883872,5.927905439940792,31.644332348181834,-25.85858024857373,,,3.3980091054515125,nan,,,1.120725393295288,,None,17.816114533623796,24.59587113516697,15.36677370551945,0.036835044622421265,23.485064049366407,0.038328275084495544
Gaia,DR3,2132089557499747200,286.0113604217864,49.65156003460676,12.793466567993164,1.0013751983642578,3.9979941717998515,7.130634017829967,43.89950065640789,-25.02612828803833,-23.484285354614258,1.1548196077346802,3.1043032136692523,nan,,,1.109513521194458,,Gaia_DR3,15.511793817823747,23.395752279389942,12.896107525934518,0.014438573271036148,23.336355442937673,0.013982889242470264
Gaia,DR3,2130578145626627456,285.60854203543664,46.597919975967805,17.56007194519043,2.8273754119873047,3.6627825709355277,4.327208809111542,23.101078495846462,-27.007481633684023,,,3.3708782669542887,nan,,,1.102076530456543,,None,16.62629587851609,24.506228407052806,19.129072014310015,0.10223416984081268,23.79150702140197,0.11399879306554794
Gaia,DR3,2131102092978298368,287.2168519030815,48.06644886138156,20.25950050354004,2.365528106689453,2.7169788445452316,6.155977633851083,50.64768198906859,-25.6653717460793,,,2.951853977700213,nan,,,0.9824013710021973,,None,15.315721009988552,21.571924012297256,13.7670701880051,0.5915691256523132,20.893525486840936,0.7285220623016357
Gaia,DR3,2130384803378988288,288.225435715181,46.42984804865592,17.829191207885742,2.8463268280029297,3.8288425032343136,5.493739032548922,36.907126695241665,-26.34132645493465,,,3.608225104563651,nan,,,0.9972774386405945,,None,19.29348902734432,25.557519780590923,18.529897506542614,0.09797170013189316,22.746993689194355,0.10759300738573074
Gaia,DR3,2131070585097252736,286.7710424128022,47.780221062312144,12.789180755615234,0.929957389831543,1.976681237370801,5.748018979826061,53.39633444581163,-25.965840622478098,-77.66992950439453,1.2884358167648315,2.9065885752886444,nan,,,0.9919942617416382,,Gaia_DR3,14.875630784373751,21.24855864867002,14.892277747250368,0.011751629412174225,20.037485190871784,0.013100231997668743
Gaia,DR3,2132429684548655232,284.420973472766,50.78164521706286,11.19689655303955,0.6500082015991211,4.09237677985745,7.897235760004203,45.790552235136005,-24.721735498803426,14.372588157653809,0.40550968050956726,3.142964162376002,nan,,,0.8931554555892944,,Gaia_DR3,14.899753193539087,24.338856463122713,14.330175733787936,0.01781107485294342,26.9898380558789,0.016301114112138748
Gaia,DR3,2133705672091366528,285.79916337048104,50.7859240809655,17.56438636779785,2.4372196197509766,1.4003054658337852,8.138274094874342,53.27662578509313,-24.36921112007145,,,3.026905926092109,nan,,,1.017147183418274,,None,15.022240848348723,23.16757927882191,15.807384798643508,0.07861363887786865,23.594145915373495,0.07573478668928146
Gaia,DR3,2133601111110477824,286.3474046033545,50.10771587921771,17.982179641723633,2.9463634490966797,3.4896509582301922,7.635341915168379,49.764347050172,-24.6513217149183,,,3.712887761806526,nan,,,0.9923101663589478,,None,18.75199971100762,28.053612847037932,21.468781251310418,0.11686758697032928,28.335814277082125,0.11491421610116959
Gaia,DR3,2132104370844228096,285.6175057299439,49.45426409365448,16.289457321166992,2.234969139099121,2.8522560638702967,6.850137142782062,37.5228330689079,-25.25418382399175,,,3.464166454270467,nan,,,0.9656462669372559,,None,17.09140828743888,26.134600401023814,15.26427016247241,0.04829518869519234,27.134721156276477,0.045911967754364014
Gaia,DR3,2132244386777738752,283.9883572643674,49.45158155147552,17.736576080322266,2.743040084838867,4.191337537987916,6.538580691576088,50.9970491568593,-25.67667167191063,,,3.8188645186297063,nan,,,0.9858278632164001,,None,17.835387242175493,29.205827108976266,14.725689569276305,0.1000666469335556,30.515557132462753,0.11203672736883163
Gaia,DR3,2132492051773237120,289.50433232189624,48.690426344023415,18.03067398071289,3.113382339477539,1.94042525314799,7.6261391271176056,53.64776658583204,-24.615946553671336,,,3.800470313828519,nan,,,0.9129782915115356,,None,21.076550439499027,27.384190464251617,20.14233171033387,0.12554071843624115,26.141574913811187,0.12080303579568863
Gaia,DR3,2133274315637428736,289.91485799435617,51.60110484079338,18.239547729492188,2.4500560760498047,2.9188654809855348,10.042862709314921,54.4097885533259,-22.732044673122207,,,3.216554815830012,nan,,,1.0470199584960938,,None,18.04156642981302,23.894310806968996,18.853534214618193,0.1613216996192932,25.69932082527913,0.17082777619361877
Gaia,DR3,2133736870733504256,286.88059962742466,50.92705486718607,17.251298904418945,2.505970001220703,0.6619370669737218,8.52175410916882,46.11810445674008,-23.995004680794153,,,3.229789424239126,nan,,,1.0246827602386475,,None,16.585877117834688,24.52228341004814,16.997208644726364,0.0712122842669487,24.338077358345398,0.07260396331548691
Gaia,DR3,2133736866436517120,286.88271267586134,50.92939952305743,19.039331436157227,2.9235687255859375,2.0373117720884126,8.524438137208273,45.06431475798859,-23.992965917642593,,,3.4194899783759833,nan,,,0.952542781829834,,None,17.561188497602416,25.962796642287863,16.870567893159496,0.20763587951660156,24.66668907005878,0.21056851744651794
Gaia,DR3,2132711846723243264,289.3055972121289,50.023231916610875,19.984861373901367,2.010171890258789,4.116439498447469,8.541688234782528,50.582234957873084,-23.873219622491398,,,3.6407497269154363,nan,,,1.023788332939148,,None,20.079017758537287,26.719483956014123,16.91978869649973,0.45523956418037415,26.75182488826475,0.5327445864677429
Gaia,DR3,2134865137163796096,295.9211241248794,49.191581595649104,18.56781578063965,2.951995849609375,2.791289739407974,11.33896088934177,59.72142918853462,-22.224503287639063,,,3.3018933899043974,nan,,,1.0245014429092407,,None,21.45907776522135,22.253358719639035,20.668012838126103,0.14635303616523743,24.027965753922558,0.13551709055900574
Gaia,DR3,2134194984827191168,287.3282301984664,52.10874993758076,18.052448272705078,2.756591796875,4.055461824806919,9.716296114015273,67.25401018972003,-23.13002182141357,,,3.9489909936392396,nan,,,1.0583604574203491,,None,20.55884430235625,30.26280145650392,17.247046279597768,0.12380776554346085,29.606924503632797,0.1453085094690323
Gaia,DR3,2133681272379148800,285.5901562284292,50.72680886399222,18.259815216064453,2.7047576904296875,3.7496495301094366,8.039683860185944,42.576491908328684,-24.46077647623833,,,3.2848944479371975,nan,,,1.0444048643112183,,None,16.192500000448447,25.170638904308944,15.454575418797665,0.13510513305664062,22.681111297928382,0.13606363534927368
Gaia,DR3,2134475879985638272,285.98958062944274,52.858560957213506,17.365161895751953,2.5485286712646484,3.0269703440779865,10.149158088295568,57.63531567272261,-22.993687239638053,,,3.643333944535044,nan,,,0.9531641006469727,,None,18.192569557492565,28.496721709761196,18.56254856243382,0.0947849452495575,26.201480849712887,0.07545355707406998
Gaia,DR3,2134736464245082368,295.5421495621168,48.73850666246466,15.206116676330566,1.726731300354004,3.277425017722747,10.911277174295206,69.09769018975395,-22.610276768711795,-46.8962516784668,7.026233196258545,2.98488012032854,nan,,,1.2778297662734985,,Gaia_DR3,19.23717442776313,20.101588156690855,19.909094724692633,0.03607720509171486,22.051354106823236,0.03122103214263916
Gaia,DR3,2133337885451703936,288.8371936742589,51.065265163678305,12.270059585571289,0.8141155242919922,0.5582072001951175,9.22502924654922,49.93397299607128,-23.370011058718134,-5.949159622192383,1.1165486574172974,3.507497601087991,nan,,,0.9258732199668884,,Gaia_DR3,19.08943831787178,26.180726462360337,18.891790549230308,0.012341901659965515,26.543073812707945,0.012137969955801964
Gaia,DR3,2133342489656906496,288.66134157220216,51.20233547421484,16.69769859313965,2.2603330612182617,3.078299920674151,9.2840539430798,48.680284659364474,-23.334784721555003,,,3.3815770569245265,nan,,,0.9405035972595215,,None,18.311618627386515,25.32455031107575,16.250461362392315,0.05226637423038483,26.077643418368417,0.049473363906145096
Gaia,DR3,2136169712009550592,291.92052426650315,51.23374035308322,13.948348045349121,1.184676170349121,3.7392310451566457,10.538467541678106,65.10357282904896,-22.358684935452338,-42.973670959472656,2.319488763809204,3.020780200364848,nan,,,0.9290289878845215,,Gaia_DR3,17.86348119275698,21.871593590214655,17.328477320116313,0.015410362742841244,19.55129138106861,0.014416683465242386
Gaia,DR3,2136318764555457024,292.5559352995272,52.21898619522136,19.62616539001465,2.354106903076172,2.981091326225576,11.533605856448817,64.60436816368745,-21.573206657987363,,,3.1381832802319654,nan,,,1.0328872203826904,,None,18.85585418615809,22.808818115734887,19.515111368885343,0.3293831944465637,20.950096984364663,0.3205738365650177
Gaia,DR3,2134953274193758464,295.8546282913033,49.802034759294905,10.099427223205566,0.5175580978393555,4.650995249955913,11.597613548919764,60.62248155460285,-21.90591369142994,-28.32417869567871,1.1322351694107056,3.3770337496055287,nan,,,1.048807978630066,,Gaia_DR3,21.915400471378305,22.946604010498895,18.85563945354591,0.014628535136580467,24.212013539254016,0.015938356518745422
Gaia,DR3,2134098129022154240,284.29580136210814,52.142793891213415,14.947511672973633,1.9043750762939453,4.474534362807004,9.218311973390337,69.08325904022934,-23.872809498926355,-79.19984436035156,6.596312999725342,4.028318625214605,nan,,,5.519554138183594,,Gaia_DR3,19.015062715910755,31.718062074499127,22.140366424716426,0.1285533756017685,33.879336045164614,0.13542123138904572
Gaia,DR3,2134313182328204928,287.428139107573,52.58942661138079,18.295188903808594,2.9880237579345703,4.788263502679434,10.18319637620365,61.2743116990844,-22.79825564798403,,,3.751438714346375,nan,,,1.0505176782608032,,None,19.58950229664264,28.87433068854714,15.960478343706127,0.14694395661354065,27.792804681710646,0.1440717726945877
Gaia,DR3,2135907817787347456,292.5233636934066,50.28949596453813,19.916078567504883,2.8387413024902344,4.774327838294752,10.149716916368735,58.23447498580191,-22.731385115409015,,,3.1187827758748816,nan,,,1.0324653387069702,,None,18.72415484029722,22.185274599191924,20.563784914603545,0.40505024790763855,24.728690071817876,0.46244314312934875
Gaia,DR3,2139985803332304512,291.22327233971606,54.094425489616405,11.637001991271973,0.7992477416992188,4.698999297562739,12.561648855559033,65.9955813709437,-20.816140827960574,-25.734451293945312,0.5503162145614624,3.485499943923788,nan,,,0.841233491897583,,Gaia_DR3,20.24537812640949,26.226716819881855,19.363823937391867,0.013780198991298676,22.888429831616566,0.014256683178246021
Gaia,DR3,2140290647226893952,289.2809879201671,55.164097770399216,20.14792823791504,2.3022327423095703,3.8386483988926376,12.979728744269403,67.76921008571128,-20.666221783241447,,,3.375177836168843,nan,,,1.0109624862670898,,None,18.601523009393944,26.200428783576623,15.870833944292158,0.5081596374511719,26.25726524630333,0.47943007946014404
Gaia,DR3,2136641054601856128,293.6777395508061,53.161729733743044,19.912954330444336,3.041044235229492,4.1160247582059935,12.690084938553044,66.246530261594,-20.664411007533573,,,3.387543849410469,nan,,,1.1377782821655273,,None,20.916127645899294,24.548165402394897,18.106829567775232,0.5354633331298828,23.683446652830256,0.4836317300796509
Gaia,DR3,2143928003492579072,282.3290222839567,49.502920569138716,17.440290451049805,2.5125560760498047,1.7142030068588552,6.465098770390592,41.15841074605709,-26.0484601669784,,,3.097176178864348,nan,,,0.9347850680351257,,None,13.621821381042881,24.010834925454695,12.550657478582757,0.08294393867254257,23.68635930272615,0.10071171820163727
Gaia,DR3,2145494773201856384,279.02783226066066,51.969612993302206,10.527000427246094,0.635401725769043,4.855236533950887,9.171602747978483,58.524414998829045,-25.136436574088613,-33.85173034667969,0.4178255796432495,3.783934613529087,nan,,,0.8878214359283447,,Gaia_DR3,14.552545623034455,30.910682563640297,17.153947785431082,0.012394348159432411,28.04141685917591,0.01099587045609951
Gaia,DR3,2143717343937209344,282.79095955769424,48.34986263400595,15.701889991760254,2.139272689819336,3.476236204498169,5.330298286807891,65.36374308154018,-26.670046574359493,,,4.146553081620485,nan,,,0.9939228296279907,,None,18.552915261918276,31.57028608194013,15.925171483271292,0.029981935396790504,30.044291354381215,0.032562024891376495
Gaia,DR3,2146550579243287552,283.76650436529036,53.151852845622145,19.698135375976562,3.109842300415039,4.124806548817162,10.170430915376715,61.607851423526704,-23.33462457477043,,,3.7623470105378614,nan,,,1.0495284795761108,,None,17.435344885684927,30.08302450801027,14.163862462254215,0.381619930267334,30.104262579040494,0.4703833758831024
Gaia,DR3,2143980294716380032,282.1669198789972,50.10312120171842,17.829633712768555,2.6604480743408203,4.537063180233757,7.063955518810517,68.7909093909083,-25.699778993248092,,,4.144294240563831,nan,,,0.9706995487213135,,None,18.116159196256454,32.40483875971383,14.27690161363088,0.10751509666442871,31.418850776721108,0.10687936842441559
Gaia,DR3,2140374789932206848,288.15643037780995,53.401962973355374,18.016830444335938,2.7034168243408203,4.740717100275665,11.102315434857957,62.11309381212971,-22.08889351104942,,,3.145184635352564,nan,,,0.980085551738739,,None,16.783612547777828,24.2506990967164,13.654235589953025,0.09975379705429077,23.95550877864612,0.10481642186641693
Gaia,DR3,2139713541063948288,289.2375919769185,53.521055443512076,18.312740325927734,2.4313087463378906,2.149633341151513,11.484481684960997,68.05582801853305,-21.724597256651357,,,3.0530374851370414,nan,,,0.9996584057807922,,None,16.805623211617405,23.318626670520143,17.76985750452072,0.1283862590789795,22.326456870938514,0.17959168553352356
Gaia,DR3,2140069198715633408,290.04185842260114,53.9859132040704,17.38103485107422,2.373201370239258,3.9961567433641974,12.117493808991656,64.57785802116322,-21.21232907406749,,,3.546079455537933,nan,,,0.9932241439819336,,None,19.958983864716007,26.991232709588676,19.965782136492592,0.08311143517494202,24.00391673885047,0.07405302673578262
Gaia,DR3,2143735829475970816,282.2911759953096,48.49215804571693,12.928669929504395,1.1143426895141602,0.5578661353544534,5.454036353702096,52.45851610468351,-26.70181360423457,-47.13760757446289,0.9378026723861694,3.9028554964669415,nan,,,1.1412227153778076,,Gaia_DR3,17.140912333307142,29.88232533408756,17.012695564569565,0.01581280305981636,30.323043860023134,0.01670401729643345
Gaia,DR3,2140977528463132928,287.7596757575489,55.081560651894854,19.18965721130371,2.8779773712158203,3.1808421316457784,12.58345451225754,68.12053664901673,-21.10776618274847,,,3.619885711717377,nan,,,0.9701398611068726,,None,19.091489325726975,28.50228235020774,18.285168251515763,0.23533372581005096,30.79177193935935,0.22586748003959656
Gaia,DR3,2143887489064182656,282.5698981537678,49.562671570720376,18.770841598510742,2.8780574798583984,1.7522520385374414,6.5303381239196305,57.679297851394885,-25.9530113251298,,,2.89061134986125,nan,,,0.8913184404373169,,None,12.828213947800759,22.385130922180707,11.81471252184824,0.17668090760707855,22.721206740568896,0.19175085425376892
Gaia,DR3,2144312866921721728,283.3358097277697,50.187538408830754,18.29129409790039,2.7442665100097656,3.0779309002002697,7.195458841558802,68.94138567885994,-25.368492871172684,,,2.802476964807502,nan,,,0.9315932393074036,,None,12.789802282723285,21.739126214094377,12.451959647994022,0.12752023339271545,23.525878461926247,0.16032446920871735
Gaia,DR3,2143794305452783104,282.1189127269097,48.848760872137674,13.279422760009766,0.9550771713256836,1.9240004596689944,5.809574069645986,58.672061755212404,-26.516455618282798,-38.21126937866211,1.509738564491272,2.8564443367834063,nan,,,1.0619128942489624,,Gaia_DR3,12.46383269245667,21.99847243641772,13.54143114116715,0.011330562643706799,21.57295413866332,0.011866738088428974
Gaia,DR3,2145894647539560192,278.3463379964303,53.917166642232054,18.85342025756836,2.6927661895751953,3.8711498397845387,11.160058955338195,60.25781735545885,-23.93167002083431,,,3.2172334702045604,nan,,,1.021983027458191,,None,12.000978535820089,26.963071410589063,12.094390108398368,0.23416151106357574,29.586920324145254,0.19794964790344238
Gaia,DR3,2147468877609864960,277.58559866665416,54.468114400912626,17.6442813873291,2.5872726440429688,4.755619853848719,11.809724703404195,67.84222203127602,-23.682616245598002,,,3.745888306087322,nan,,,1.0349655151367188,,None,13.487016354667066,31.722378460951173,9.887062891367377,0.09704428911209106,30.653185598674767,0.10150345414876938
Gaia,DR3,2147126581599314048,280.8502012236891,53.22390699379338,17.17378807067871,2.5578441619873047,3.1716433826271317,10.220326121551008,53.798716089695546,-23.92171146300256,,,3.3069390064185606,nan,,,0.9976959824562073,,None,13.731873895970331,27.05455637171981,11.729042221648406,0.08613201975822449,27.991296043173847,0.06588389724493027
Gaia,DR3,2146530684953953280,284.39423748259577,52.94580898712424,15.780061721801758,2.2350034713745117,3.56042302151189,10.019917904852425,58.324192802181486,-23.324152814082048,,,3.101643719160316,nan,,,1.0447685718536377,,None,14.690409438255081,24.61803621907622,12.594038319099711,0.03915375471115112,25.630388982406338,0.035023175179958344
Gaia,DR3,2148431981076170752,276.13711373102143,52.63051461931432,18.744949340820312,2.928112030029297,0.935376787519679,10.393364234224745,56.043445060471065,-25.21061852592489,,,3.225143459752331,nan,,,0.9936020970344543,,None,10.80982564132529,27.006950837987088,11.107462820305582,0.19096657633781433,27.56895785951302,0.19083212316036224
Gaia,DR3,2148838559858777088,276.4826821984812,53.57063678229916,19.774394989013672,3.011331558227539,2.3584519247289224,11.173746857282337,60.533741527292534,-24.49849863413213,,,3.5715017012870955,nan,,,1.0617554187774658,,None,12.18339371373559,30.15632036358184,10.45674923795695,0.38831624388694763,29.741828410993815,0.3560856282711029
Gaia,DR3,2148462591305928448,275.45914059547977,53.10326542088442,18.366228103637695,2.8527660369873047,4.213001203260192,10.996987786224096,57.60758684262055,-24.993133840873043,,,3.3422939415675206,nan,,,0.9379100203514099,,None,10.81084942048818,28.237818534528905,8.350405016415792,0.17103059589862823,26.577150215695774,0.16754525899887085
Gaia,DR3,2149518985758588032,273.6893399878937,54.00271018492238,17.249568939208984,2.7234764099121094,4.399813331023761,12.288220872800887,64.72968469503049,-24.626499271103008,,,3.4946594019415884,nan,,,1.0369229316711426,,None,10.227435383101199,30.07974486453509,7.0927796742514575,0.07455591857433319,29.254820351490494,0.07698412984609604
Gaia,DR3,2152748521991238016,284.5424009173285,54.827966398547,12.478180885314941,0.8958702087402344,0.26178212207188467,11.892475306298532,66.12114670481782,-22.0422681228585,-0.6514195203781128,1.0657062530517578,3.6704139860344176,nan,,,1.1393812894821167,,Gaia_DR3,17.47249725381846,29.672997972180404,17.67193400562042,0.013461760245263577,29.637584022905266,0.013825424946844578
Gaia,DR3,2153014225847879040,283.40999334825494,55.46501132983368,16.642887115478516,2.628933906555176,1.4153890110981564,12.453074249823072,66.79009388621701,-21.862765447934628,,,3.5821590762356212,nan,,,0.9912962317466736,,None,16.391589856355665,29.415178533535226,17.245769181228603,0.053537752479314804,30.057668168474812,0.056928809732198715
Gaia,DR3,1342694359703706368,265.8353444755931,37.94350580957012,18.116201400756836,2.8567733764648438,3.164595155984681,13.37442734125892,69.76378854179646,-36.0965761111487,,,3.4267790798502773,nan,,,0.9623143076896667,,None,5.244055400460718,24.064556699679244,3.083430138117237,0.10410964488983154,23.317589414871698,0.11204222589731216
Gaia,DR3,2152777010511501952,284.6545740689976,55.10857574710587,11.011346817016602,0.7618656158447266,4.208703695200241,12.179581487025471,65.64934765150575,-21.828991504638097,-69.87300109863281,0.4134927988052368,3.5903837338853752,nan,,,0.964454174041748,,Gaia_DR3,17.156770647714424,29.079918893991717,14.519639174909562,0.0161238145083189,30.866839206043114,0.015728045254945755
Gaia,DR3,1345772549880669440,265.2911758409878,41.577059084676776,16.961862564086914,2.630613327026367,3.5142253046181833,12.521114906097361,67.95257597644564,-33.96415357136418,,,3.625807371472988,nan,,,1.520177960395813,,None,5.1929016554957315,27.194613520254155,5.911984589248086,0.08090193569660187,24.606531617601227,0.09322012960910797
Gaia,DR3,1344598958657478912,267.91201564436676,40.743987866935306,15.402204513549805,1.813690185546875,4.6525867513924855,10.819828944312535,60.52305699156987,-34.203466117014216,,,3.6398423057131484,nan,,,1.1444706916809082,,None,6.928016030996881,26.73656365918334,10.093735816809142,0.02991482801735401,25.08637382794064,0.03240818530321121
Gaia,DR3,1344987494282344320,268.2801398524542,41.176551466847755,18.809946060180664,2.5126609802246094,4.208506274868845,10.433880612352642,69.24957176220914,-33.89521513246962,,,2.9487512569513217,nan,,,1.0473153591156006,,None,5.806884475409571,21.79598875703386,4.942951611244892,0.15226785838603973,24.26534018391377,0.18900783360004425
Gaia,DR3,1345015776643506560,268.40394864211095,41.420355146880034,17.0465087890625,2.487154006958008,2.860239795637714,10.283686847967344,61.344675849662615,-33.73059700388155,,,3.741663929743776,nan,,,1.061829924583435,,None,7.451185834321137,27.759879338143236,5.8734667001069605,0.06648343801498413,26.147181635470332,0.0834742859005928
Gaia,DR3,1346079107466555008,268.49198063097657,42.868505834733874,11.051287651062012,0.7294549942016602,0.8039708651881231,9.976258317708394,60.28891561516929,-32.820320206284535,-30.441797256469727,0.3987731635570526,3.057465025966011,nan,,,0.9917850494384766,,Gaia_DR3,6.136781078106354,23.219891676853475,6.6423913392794836,0.013465444557368755,23.333400252493217,0.016589954495429993
Gaia,DR3,1346027975880886656,267.5276236895055,42.20803528974584,16.64095115661621,2.7781105041503906,2.6753687423337684,10.767206940251485,62.10336858551941,-33.34665597228137,,,3.7027436416249153,nan,,,0.9826330542564392,,None,6.792693463333937,27.903505577928566,8.607262485587722,0.0450236052274704,26.86984659225987,0.04722251370549202
Gaia,DR3,1346079103170847872,268.49484718456563,42.870114195396994,18.88187026977539,2.6721858978271484,0.5391988484906666,9.974009748355336,57.20244756360556,-32.81896066064419,,,3.1220004899890035,nan,,,1.18647301197052,,None,6.267912819354502,23.710399128673604,5.970074691819813,0.20899032056331635,23.90334330317064,0.323251873254776
Gaia,DR3,1346064087964447104,268.4772139258906,42.67066052660772,18.55842399597168,2.555774688720703,1.3771172255405222,10.008385890034955,57.58244315916827,-32.94624105999983,,,3.1171569287956458,nan,,,0.9786076545715332,,None,6.248363916558872,23.59965076480408,5.396026109407499,0.17176194489002228,23.295609950763186,0.17735973000526428
Gaia,DR3,2153021716270540416,282.8328224015514,55.44705920099402,17.113901138305664,2.2408275604248047,3.690016654136439,12.41604255480479,67.13140652987774,-21.99761359878579,,,3.206175857888259,nan,,,1.017700433731079,,None,14.36746899044471,26.443590358517874,13.185724348311098,0.07160402089357376,24.24727137142623,0.07471449673175812
Gaia,DR3,1342835719963764352,266.56930237129427,38.768792515493914,17.065670013427734,2.499871253967285,4.039487295281603,12.49319133797303,65.77099553947015,-35.537757451838246,,,3.3022174626367673,nan,,,1.024179220199585,,None,5.489686788308462,23.507305660171063,4.928548841085785,0.055001724511384964,20.75181002651191,0.06526926904916763
Gaia,DR3,1346064092260681216,268.47975766935843,42.66699294019574,11.347711563110352,0.7296285629272461,1.4838107291826899,10.006960554233192,67.12811238160096,-32.948228097573995,-37.574275970458984,0.42434316873550415,2.950709222152336,nan,,,0.8803368806838989,,Gaia_DR3,5.916059915185949,22.338002820105064,5.467345331560783,0.016443908214569092,23.144577526094672,0.015905337408185005
Gaia,DR3,2153014328927037056,283.40659782591143,55.47399035992451,11.248757362365723,0.7615394592285156,1.608717626553681,12.461882970518818,66.52922049850707,-21.85739339579828,-27.08576774597168,0.5042058229446411,3.56447040299395,nan,,,0.7782577872276306,,Gaia_DR3,16.308667035205485,29.27329880837363,17.50536391052358,0.013914418406784534,29.44415751057318,0.01434168592095375
Gaia,DR3,1345541373264688512,265.361580433396,40.994596078590455,19.30796241760254,2.786041259765625,3.066670446133887,12.60681233691747,65.85812287135253,-34.31751518986844,,,3.4274786600758183,nan,,,0.9170264601707458,,None,4.9523866255801785,25.452148568994797,2.7789264611542928,0.2682911455631256,25.883309491970333,0.2628791630268097
Gaia,DR3,1346176826562500224,268.70161817008943,43.0041505952582,17.675174713134766,2.7011642456054688,4.764072005761037,9.811080740902868,67.10321306040662,-32.709299925767624,,,3.937718538356574,nan,,,1.0149849653244019,,None,8.051073458919184,29.949520377066357,9.228929041647378,0.0767051950097084,33.72475049657817,0.08831723779439926
Gaia,DR3,4607878581459113600,268.57981514002057,35.407635347367155,11.721738815307617,0.7224664688110352,3.5074744665909265,12.954761621558605,68.35692326875817,-37.205277061106514,-3.765688896179199,0.7276448607444763,3.52505313424879,nan,,,0.9659231901168823,,Gaia_DR3,7.1306320016263065,23.369000885585933,9.639564131860546,0.01221206970512867,22.662667576492364,0.011641169898211956
Gaia,DR3,4609308702489703040,267.2573387199973,37.60137071633694,19.72578239440918,2.6713600158691406,0.4671926199273437,12.555548584414069,67.08659036811406,-36.140149107975375,,,3.2404129372521746,nan,,,1.0528507232666016,,None,5.787441188186433,22.526684223866198,5.6084371043764705,0.3389663100242615,22.262466739706877,0.3755875527858734
Gaia,DR3,1349338266089607040,265.6065023376085,44.01681395026865,16.14192008972168,2.4137096405029297,4.451500656974878,12.003761913421283,63.0459492648569,-32.392429115670545,,,3.467002526307099,nan,,,0.9972948431968689,,None,5.162621638882855,27.01800939556064,8.128997532040533,0.033301569521427155,25.6816225511375,0.03507751226425171
Gaia,DR3,1349717425802424064,268.25685967992183,44.90792823831799,16.431188583374023,2.3000097274780273,3.368558070847246,10.1480309501517,54.727621652044974,-31.54570672413643,,,3.525257873925847,nan,,,0.9921357035636902,,None,6.927501157156275,27.64443661591257,7.008802628463489,0.05113736167550087,25.142380279299402,0.04666982591152191
Gaia,DR3,4610619255927851648,268.6783910168002,37.96598135884031,16.598913192749023,2.348710060119629,3.3374524471750346,11.402658058969216,59.79528938091161,-35.752354976461014,,,3.3305991891612603,nan,,,0.9864723682403564,,None,6.795937225178249,23.217521538963016,4.941211804288862,0.04471193999052048,21.785365607251066,0.04530925303697586
Gaia,DR3,2043072894263427840,288.1939807604351,32.518028826306235,17.49303436279297,2.5230674743652344,4.640821219823558,11.551421747986856,60.491776093157924,-33.65332903742264,,,3.3433774571093378,nan,,,1.0122129917144775,,None,17.860873871788655,18.525485985457593,19.158983764624224,0.0695929005742073,21.527803235723823,0.08615692704916
Gaia,DR3,2043892408373991936,284.2507315539617,32.96703887386238,17.988359451293945,,2.5419125935693105,10.208124970601556,53.60871885496939,-34.823150205054404,,,3.3219110655902173,nan,,,0.8442694544792175,,None,15.656248459852966,19.216498706827814,14.757841338924857,0.09931215643882751,20.753233984680428,0.12954358756542206
Gaia,DR3,2049165593123422464,289.6297682054498,33.22816975650986,17.88358497619629,2.6716156005859375,2.3017269322954945,11.4342760720199,68.55885605634097,-32.7832422913662,,,3.0384514688413047,nan,,,1.0831587314605713,,None,16.90933093112414,16.87440026881384,15.447869087731537,0.10167091339826584,16.679964296733605,0.10295112431049347
Gaia,DR3,2050310601348156928,288.9619504871023,34.94868520492713,18.92885398864746,2.6965160369873047,3.9012092103517393,9.66710739755361,62.49127924659123,-32.22772721354522,,,3.8370264415799458,nan,,,1.211431622505188,,None,20.957231730838167,22.237728647734805,17.87947030846197,0.6459348797798157,21.541056829323914,0.38894322514533997
Gaia,DR3,2042522588691990784,286.8287734684445,31.338990634494444,12.640304565429688,0.9641942977905273,4.433959126057823,12.277533623372358,66.46546491471152,-34.69171081130674,-54.045135498046875,0.9210291504859924,3.2037362124996207,nan,,,0.9357941746711731,,Gaia_DR3,16.425752771073522,17.487829074489806,13.634446210702617,0.009444431401789188,16.403266955700712,0.011172482743859291
Gaia,DR3,4611127638320883584,269.93875625264707,38.828482725993446,17.311697006225586,2.3685951232910156,1.719628058811538,10.117859979948305,53.817601391186166,-35.07598135458528,,,3.264242672608244,nan,,,1.0225281715393066,,None,7.393751716635213,23.026033491641655,7.305710761228692,0.07171739637851715,24.20609031977368,0.07406632602214813
Gaia,DR3,2043156525864359424,288.63910659043984,32.468976324634404,15.182580947875977,1.8278541564941406,0.9612027761120522,11.745149784104658,62.86811199587155,-33.508735594165536,-71.78936004638672,5.133759021759033,3.2381514840673638,nan,,,1.6460140943527222,,Gaia_DR3,17.52374137562794,17.85012966324722,17.61097902593769,0.03343122452497482,17.199804271329608,0.03674328327178955
Gaia,DR3,2039514629819788032,288.0854814616165,30.8132801268267,18.454517364501953,2.9219932556152344,1.1525050558364032,13.10942971545135,69.89485593397788,-34.46096573881513,,,3.24574786833816,nan,,,0.9894895553588867,,None,17.284188511569567,17.307877700490806,17.79796756431739,0.11546976864337921,17.906123953505304,0.13890667259693146
Gaia,DR3,2053110748226561024,292.3471513495227,39.26543618815306,11.570657730102539,0.7907524108886719,2.848469995411587,8.557022738390435,49.54412178222646,-28.827720611797318,-34.74047088623047,0.3562593162059784,3.6081339731290565,nan,,,0.9490308165550232,,Gaia_DR3,21.567236430208588,21.926259553478157,21.218343854687255,0.013657523319125175,19.78790080836224,0.014919807203114033
Gaia,DR3,2041611162268344448,281.74773514739667,29.808194762054573,14.83370304107666,1.6842584609985352,3.5054514607711025,13.2346405438643,69.57927809200055,-37.091418805791555,-24.140710830688477,5.573144912719727,3.5112256073325048,nan,,,1.750189185142517,,Gaia_DR3,15.104956598555049,19.203209704774586,15.574787915007468,0.032700564712285995,16.651359592728603,0.03787121921777725
Gaia,DR3,2050057056540219776,289.96682002545964,35.42776234566889,19.864761352539062,2.5496768951416016,4.3040161832473895,9.723339294048436,67.06275519615473,-31.621600374408406,,,3.943860396033519,nan,,,0.9687469005584717,,None,22.152470349910175,22.858168358267132,19.754405222663976,0.3136896789073944,20.20221211616628,0.339402973651886
Gaia,DR3,2042649990297585152,287.4259937459836,31.754307814538812,18.23186683654785,2.8418216705322266,3.059054780376912,12.03542132082538,64.32344985139535,-34.28582970553052,,,3.554730344314086,nan,,,0.904592752456665,,None,18.561115324399815,19.49091353890783,16.934971900591332,0.1082686260342598,21.106657971739338,0.12176260352134705
Gaia,DR3,2043819149115547008,284.91092068941026,32.61701469289708,17.406375885009766,2.5617733001708984,4.108511303592237,10.648455301470308,56.8961516040608,-34.77072737475346,,,3.511131833897838,nan,,,1.012031078338623,,None,16.92363553583823,20.049206255773907,16.412038888484872,0.0704251155257225,17.051502609338513,0.08175862580537796
Gaia,DR3,2042032824978536448,284.50685618486074,31.145155519436365,16.749771118164062,2.334153175354004,3.9608219238376456,12.042042600906491,62.95998008202798,-35.591523284430885,,,3.4210099448753772,nan,,,0.9512085318565369,,None,16.26553130709679,18.94335594036554,16.91253950805832,0.04774796962738037,16.161117648826135,0.05313220992684364
Gaia,DR3,2043682951407914496,286.1781889581108,32.71004037129503,18.960281372070312,2.4664306640625,2.433777631618924,10.80717038189672,67.11741101513225,-34.29250589502085,,,3.846039508217212,nan,,,1.0186101198196411,,None,19.320668744886238,21.781106061868066,21.04769165841708,0.18388794362545013,20.826550586089017,0.19963835179805756
Gaia,DR3,2042809767382137472,286.85453686962336,31.563961125427298,13.749788284301758,1.2413768768310547,0.3087133550579974,12.068103381576828,63.04242816336111,-34.580525729721124,-52.144134521484375,2.0698750019073486,3.3958565004141286,nan,,,1.0549112558364868,,Gaia_DR3,17.42464295513581,18.629868001574774,17.43851579082146,0.012218138203024864,18.850434080416612,0.014038505963981152
Gaia,DR3,2043299256218031488,287.20526303294156,32.59576205412446,16.271785736083984,1.9836483001708984,4.806296778931422,11.179247251557387,69.4358564201173,-33.98048805891295,,,3.000551748008652,nan,,,0.922544002532959,,None,15.56289425484134,16.801637615333668,13.584976270316766,0.03842473775148392,14.492808248580959,0.03973597660660744
Gaia,DR3,2043470402074556160,287.8404326119352,33.69408870381172,17.669429779052734,2.7417125701904297,1.8107460537381084,10.353920697300067,54.8290895233961,-33.23646535500438,,,3.468778971435908,nan,,,1.021683692932129,,None,18.33855224100413,19.784814318360553,18.372073664835476,0.08923269808292389,21.108504257774968,0.0918855294585228
Gaia,DR3,2051302257755042048,289.9206388862894,37.802056957227244,15.577007293701172,1.9700002670288086,1.2806737922682077,7.902790633598594,41.499376880417145,-30.473173322936518,,,3.3275278973296816,nan,,,2.3855457305908203,,None,18.6669658152937,20.198188667994927,18.876293351828622,0.05737585574388504,19.324554379907667,0.06719589978456497
Gaia,DR3,2051425677939802368,292.8884193180037,36.15168703055647,15.193140983581543,1.7798070907592773,4.164152815724101,10.759030928866713,56.61665972092369,-30.132329564457827,-55.63370132446289,7.770045757293701,3.3078379917601834,nan,,,0.9664279818534851,,Gaia_DR3,20.03867641780021,18.868133970643754,21.94921775534787,0.022704998031258583,21.05484643288773,0.02300167828798294
Gaia,DR3,2051865482588229760,292.71043611802116,37.826721717794435,20.138526916503906,2.708251953125,1.0331430526695544,9.578103441515326,67.03516084604537,-29.399365244310104,,,3.954693649128476,nan,,,1.0320123434066772,,None,23.852781904631446,23.32853490946565,23.977892811125614,0.4590115249156952,22.476349667720775,0.5265257358551025
Gaia,DR3,4611059713413652096,268.2403882344343,39.32768527773326,17.365633010864258,2.7741661071777344,3.719470949863728,11.08050953223579,68.82369023691622,-35.01306213655874,,,3.864344867382968,nan,,,1.0526539087295532,,None,7.582456311074588,27.66070334306508,7.3218979331547835,0.06587318331003189,24.641887096796378,0.07754592597484589
Gaia,DR3,2044417081584576640,286.6489930768793,34.37920340627082,8.82135009765625,0.2838716506958008,4.88926254362485,9.344938620467245,48.97117422616508,-33.33325785922902,-49.675907135009766,1.1617610454559326,3.3723414073732236,nan,,,4.79439640045166,,Gaia_DR3,17.1939354040655,19.721734517807988,14.691666271271863,0.0719187781214714,22.134299622488214,0.08084402233362198
Gaia,DR3,2043689823361377536,286.38152583568257,32.59762886275587,19.614543914794922,3.250476837158203,3.4635821469408943,10.962978970699291,57.925274123215836,-34.27368143191177,,,3.287110261813119,nan,,,1.0674737691879272,,None,16.61947763612757,18.537384609181483,14.37788341812244,0.3419065475463867,19.39516163452634,0.3433988392353058
Gaia,DR3,2044003527773234560,285.19712670708907,33.29891094552784,15.30469799041748,1.8610906600952148,3.790654802085688,10.031261319738983,57.81503752015738,-34.35026144629181,-57.370582580566406,5.907054901123047,3.114449526517722,nan,,,1.0460106134414673,,Gaia_DR3,15.15544079351103,18.013321236290558,12.688855470021359,0.022038931027054787,18.34497205440565,0.02383701503276825
Gaia,DR3,2046670118352678912,292.2553303840669,34.44805745312458,18.175058364868164,2.0917530059814453,2.472046008451645,11.64902894766943,65.37302372203351,-31.182532821725005,,,3.133569090335437,nan,,,1.0168148279190063,,None,18.68759323229462,17.391757717995663,20.076309068025417,0.10610108822584152,16.5325901175889,0.11617589741945267
Gaia,DR3,2047294430491542272,294.47023098748815,34.614637911256054,19.23543930053711,-0.010791778564453125,4.909016136222432,12.754588510027208,68.59266059807815,-30.181750163660105,,,3.6029669441303276,nan,,,0.9798337817192078,,None,22.663371221527804,19.58098532468027,21.880357098992075,0.22247496247291565,23.226443166863987,0.230190709233284
Gaia,DR3,2048182320492317696,294.74068544594377,35.53146112048585,20.015607833862305,,4.960696536585237,12.287739476631604,64.22319415226617,-29.65075406088538,,,3.424283648733918,nan,,,1.044129729270935,,None,21.673773516280477,18.89709276348643,23.50637586629268,0.512823760509491,15.820553634920872,0.4730972945690155
Gaia,DR3,2053564709086411904,292.96296503296287,41.171835721198896,20.054285049438477,2.08428955078125,2.187019264966578,8.24070331737006,44.76973310453057,-27.62243001642543,,,3.4876171149164352,nan,,,1.150263786315918,,None,21.166307737130115,21.739076285619948,22.717580125727302,0.508998453617096,21.315922307249366,0.5915727019309998
Gaia,DR3,2093532811450905600,282.9651575132178,36.476924723794944,18.085115432739258,2.816183090209961,3.1401427176294745,6.593084598408094,55.75591723854019,-33.47312611668486,,,3.908901815286645,nan,,,1.0501497983932495,,None,17.601556926939843,24.56789119023586,17.81669799110808,0.12033768743276596,27.146521857457795,0.13316237926483154
Gaia,DR3,2044127424687088768,287.0880344623871,33.482810171572304,18.740495681762695,3.0705184936523438,4.190559343280029,10.312220847365833,62.999950979596754,-33.607358063130434,,,3.7854897284232556,nan,,,1.0241025686264038,,None,19.56393564424093,21.636578080130786,16.912822919018033,0.15758010745048523,19.598215673570422,0.18672387301921844
Gaia,DR3,2046644623426538112,292.05239729007695,34.02981561265023,18.942914962768555,,4.362287833904967,11.871187187690898,63.606272389926595,-31.456528965017966,,,3.2345658967680846,nan,,,0.9548231363296509,,None,19.1916735364178,17.834650803610074,17.82918688692597,0.4064450263977051,15.19048886747473,0.2809576690196991
Gaia,DR3,2050028056915220992,290.95384996288146,35.637147954119854,17.40543556213379,2.3826141357421875,1.7681892253353286,10.05352042402353,65.2262431294504,-31.143175636049005,,,2.9813686339536765,nan,,,0.9901448488235474,,None,17.1954152039959,17.181892667357946,16.932085593703462,0.06754978746175766,18.261554789852273,0.07532729208469391
Gaia,DR3,2043740327873486592,285.691667539721,32.763094472495304,19.829910278320312,3.055694580078125,3.9884470603014535,10.64947870069578,64.12034936453485,-34.43635962350501,,,3.0482475509229325,nan,,,1.0149965286254883,,None,15.075629328937278,17.35323930581621,12.522469146410515,0.36859002709388733,17.129086899399944,0.4476318359375
Gaia,DR3,2049020393179897472,295.023352981092,37.544033636669354,14.381684303283691,1.5416650772094727,0.6757590674927314,11.243979260360534,58.967865581067585,-28.595990120891475,-12.782790184020996,2.6825008392333984,3.330366029209572,nan,,,1.0087555646896362,,Gaia_DR3,21.21539742960625,19.035443549797893,21.34550220216086,0.01674402877688408,18.57919833262175,0.01849985308945179
Gaia,DR3,2046691799348758144,291.5544869270341,34.33874967293087,9.92539119720459,1.0660114288330078,3.413813054002955,11.375273719416612,65.81953156308964,-31.515694240607868,32.923133850097656,0.17056873440742493,3.7397145542846766,nan,,,0.8815869688987732,,Gaia_DR3,21.90903994586867,20.861512800004498,19.719873285983248,0.011478361673653126,19.295980492964667,0.012316903099417686
Gaia,DR3,2048894980132479104,295.02310653536557,36.966872080939815,9.334763526916504,1.217641830444336,4.532904539114714,11.570420221754658,61.69578617836697,-28.867578474208315,-29.353225708007812,0.14603355526924133,3.5310838015284616,nan,,,1.0161188840866089,,Gaia_DR3,22.493902303646525,19.967159434787348,19.487143347574648,0.012912871316075325,18.435855142776546,0.01595071703195572
Gaia,DR3,2096502493576641664,280.8222021141836,36.30318770872862,18.082538604736328,3.030271530151367,1.1986702041197983,6.8111830994050635,35.903909826886554,-34.18142279659377,,,3.3762181274387055,nan,,,1.064132571220398,,None,14.00375368477432,21.47093983412682,14.839464497727244,0.11335145682096481,21.299360825202974,0.115109384059906
Gaia,DR3,2050254491897606784,290.9203518716754,36.91726570121771,15.805765151977539,2.0233516693115234,3.410129528020661,9.089693160582396,52.63694704829275,-30.537843003892288,,,3.631818239738582,nan,,,1.0139096975326538,,None,20.928493685880152,21.465656889442045,23.277264520936978,0.029798317700624466,22.60581056361938,0.033819351345300674
Gaia,DR3,2049180608332725888,290.09340874854075,33.449376868746015,18.85725212097168,2.935182571411133,2.180121904989288,11.434170411417167,69.54856652131056,-32.502093943006045,,,3.846311477249897,nan,,,1.0582735538482666,,None,21.679231901405565,21.36739652838851,21.5339325194864,0.1663242131471634,19.60564565079082,0.20301833748817444
Gaia,DR3,2042993763783906176,288.72672197414266,32.01581831776285,12.960430145263672,1.0288429260253906,4.966776794036518,12.189874200839522,65.77450413378722,-33.681058266514455,-12.47982120513916,1.3481544256210327,3.2129452180933216,nan,,,1.0176483392715454,,Gaia_DR3,17.431153751949964,17.51689073682265,20.62364242944519,0.01208645012229681,18.577647269617955,0.013782715424895287
Gaia,DR3,2097477618652970368,282.950571793669,39.650309691974755,19.145523071289062,2.809080123901367,2.9881310195665143,3.443625467208275,51.38454283632165,-31.776631574251674,,,2.864770442125754,nan,,,1.0610853433609009,,None,12.89302812923486,19.099698096936734,13.374914685945313,0.22877217829227448,20.83876790082097,0.2573470175266266
Gaia,DR3,2098077200384733056,279.4926876981346,39.6863129294527,12.428881645202637,1.0238876342773438,4.50521335503762,3.895188615215171,21.847473478094145,-32.68449031315775,-32.924198150634766,4.2744293212890625,3.2422387655223175,nan,,,1.7298765182495117,,Gaia_DR3,12.724031052140766,22.156497590613508,13.109128646702487,0.023484397679567337,19.10137506748535,0.021221719682216644
Gaia,DR3,2043848359193312640,284.7785084512485,32.78651159174128,13.479402542114258,1.1744775772094727,1.8532923135965724,10.460986800992199,63.763369441411655,-34.734791969746155,18.037918090820312,1.8914974927902222,3.790387620227521,nan,,,0.982613742351532,,Gaia_DR3,18.18851825973082,21.748771932198117,17.002642123512313,0.012445532716810703,20.861814681598112,0.013786790892481804
Gaia,DR3,2044345097928720896,287.5450399437775,34.65578452718709,18.468706130981445,2.3028793334960938,2.727602847208563,9.377217833788904,67.65623686306905,-32.88379327918446,,,2.9068715705251735,nan,,,2.506918430328369,,None,15.232844020619487,16.964462614280293,14.352374967846718,0.2976382076740265,15.543694381355815,0.3656950294971466
Gaia,DR3,2050530808610167424,288.949308713251,36.07673775661667,19.617910385131836,3.125324249267578,3.4087720214541988,8.715255012569033,50.77545668254464,-31.68522412227689,,,3.6246064636844437,nan,,,1.0745601654052734,,None,19.789915368317516,21.490254160671647,20.502272921131443,0.2912288010120392,18.984905513230597,0.31895244121551514
Gaia,DR3,2050104133683106176,290.59297824674843,36.16109965162265,16.599672317504883,2.3989667892456055,2.0457813066346304,9.464988517924509,58.99756613610304,-31.030417884661038,,,3.035903866510824,nan,,,1.0621280670166016,,None,17.34330641039174,17.74260360406948,16.04861991274639,0.04949392005801201,17.547543808498833,0.057122379541397095
Gaia,DR3,2049296130073715328,290.5761913201216,34.03687792256169,13.242744445800781,1.1193952560424805,1.7464549068419546,11.150754951912672,58.33935707336688,-32.042568593129076,-53.783409118652344,1.5562704801559448,3.400660763223151,nan,,,0.9812914729118347,,Gaia_DR3,19.418362684710438,19.038763417174987,19.019972108443998,0.011768614873290062,17.85181594852388,0.015177012421190739
Gaia,DR3,2043850558210955008,284.8758009455805,32.87875790128581,18.58344841003418,,4.506329121023942,10.385925058882835,66.41841465524567,-34.65846153949123,,,2.9872983136816003,nan,,,0.9935113191604614,,None,14.381809736155336,17.162728500926736,16.021790916849067,0.14091482758522034,14.846701848721326,0.15480656921863556
Gaia,DR3,2051007103300015744,290.65037236426826,36.92408046359136,10.298760414123535,0.5613040924072266,4.68853739348362,8.933367712756265,49.761591645569645,-30.637046179798368,-37.938987731933594,0.4168565273284912,3.5584647375104446,nan,,,0.9913991093635559,,Gaia_DR3,20.359677162070852,21.092672246338267,23.312856918608674,0.012416401877999306,23.002934043765322,0.013745962642133236
Gaia,DR3,2045810643858508160,291.5178311551603,32.15449386276322,16.61189842224121,2.2703428268432617,3.717740657731477,13.161640156090257,69.3701750435427,-32.51570079934507,,,3.525045292432593,nan,,,1.0121475458145142,,None,20.631923935307732,18.763554985761687,20.64003934046151,0.040957704186439514,21.52625180156002,0.04814847558736801
Gaia,DR3,2077700290688968832,292.95197552171237,42.33472719657566,17.951934814453125,2.6879196166992188,4.822652786987692,7.976344173275905,50.295205710571835,-27.021138179994175,,,3.0626174486938433,nan,,,1.0728259086608887,,None,18.582002396046366,19.45060589137943,21.676236534429457,0.10061787813901901,19.10341258568291,0.11290600895881653
Gaia,DR3,2100510900655569664,287.6775382642323,39.66809131220805,18.100961685180664,2.6492176055908203,4.643615185326318,5.35236456840017,69.3440662738399,-30.29662508670034,,,2.7503144616800386,nan,,,1.7001091241836548,,None,14.46980000808512,17.634978537751255,16.43478249322245,0.21653136610984802,15.79445202568211,0.24024854600429535
Gaia,DR3,2100684520411886592,286.4640612773895,39.95405248737939,16.433765411376953,2.3591976165771484,4.7370961721663205,4.47414842323559,31.20960621004571,-30.542076806015732,,,3.570225744998078,nan,,,0.9612918496131897,,None,18.09782916914171,23.256649244476367,14.534937280259129,0.037807755172252655,23.124939561589922,0.045766234397888184
Gaia,DR3,2047861198699292160,295.8981300708549,36.1769738016572,11.094978332519531,0.6763010025024414,4.571185697036524,12.604846956909439,66.58654196547214,-28.858436181638098,-34.3360710144043,1.0071890354156494,3.284522380807667,nan,,,0.8475610613822937,,Gaia_DR3,21.335418645409135,18.104949819747898,18.20274874707322,0.014461320824921131,17.652770382348045,0.015354681760072708
Gaia,DR3,2100811754523616128,286.6008689614046,40.62820016663839,17.554826736450195,2.4424571990966797,2.1292946479975785,4.1077773168293685,61.887483731555555,-30.132997607635684,,,2.7874786303139354,nan,,,0.9290503263473511,,None,14.190679792652123,18.34582356068254,13.30468555591847,0.09177608788013458,17.462307111780873,0.0943470373749733
Gaia,DR3,2052591327759225344,290.69589943350985,37.75780688096701,19.59455108642578,2.9370269775390625,4.190145836395979,8.382340110677218,58.26103665166576,-30.207892375783036,,,3.8451853601290646,nan,,,1.0460838079452515,,None,22.02680194815744,23.14067473249915,21.23495705458178,0.3043617904186249,19.83771871865902,0.3546983301639557
Gaia,DR3,2052899951229313792,289.9735897860052,38.916163678779405,16.916337966918945,2.3683271408081055,2.2615557568743676,7.207107471507087,38.67392735582711,-29.888790692717347,,,3.2553507527122107,nan,,,0.999150276184082,,None,18.28852828395231,20.15261036099344,17.407446551119364,0.04980523884296417,21.4302843779753,0.05707331746816635
Gaia,DR3,2047867074214435968,295.90454516492764,36.17692451002256,17.37334442138672,2.9739837646484375,4.3412669392536625,12.609002914024938,66.29740817673641,-28.855675480419162,,,3.3093002712432233,nan,,,1.0574090480804443,,None,21.499395691959627,18.24009241227028,18.474091263667468,0.07874822616577148,18.09853701321368,0.08288516849279404
Gaia,DR3,2048248531713833088,294.04639512439854,35.77382400348972,19.756790161132812,2.9896984100341797,2.741572974978949,11.705314123459969,62.95608351358847,-29.83246604694806,,,3.566615721728973,nan,,,0.9871392250061035,,None,22.214407225847783,19.93539007513273,21.084960082454046,0.3170618712902069,21.659753391303887,0.32073575258255005
Gaia,DR3,2048527296572338176,293.35105769703137,36.43754877274915,14.377190589904785,1.4215822219848633,4.293427110523466,10.844872854109338,57.0333062246424,-29.80944268794843,-5.523780822753906,3.218273639678955,3.3113349214386476,nan,,,1.0370073318481445,,Gaia_DR3,20.28640678644409,18.896111338534283,17.806554278847305,0.016840575262904167,20.579211858732954,0.018078647553920746
Gaia,DR3,2053508015520395392,292.57985709275926,40.52719516760462,14.995423316955566,1.800816535949707,2.1786527498770765,8.176509918456267,44.035599613433746,-28.098661227687668,-35.49522018432617,3.7792816162109375,3.466739270362939,nan,,,1.0333502292633057,,Gaia_DR3,20.842339467582757,21.471287332253688,20.22696031511198,0.020240429788827896,20.002804100236702,0.023943329229950905
Gaia,DR3,2096827944718506112,280.64773880843603,37.624001285349955,15.191039085388184,1.9682693481445312,2.4468500482313025,5.532424660758445,45.69028629359391,-33.52469381992342,-19.857812881469727,4.621535778045654,3.775417610094088,nan,,,0.9881289601325989,,Gaia_DR3,15.549379172519487,24.65976287182532,14.269555215426596,0.021301211789250374,23.191918955640578,0.02428504079580307
Gaia,DR3,2050770742662275328,287.9985866756619,36.407503959415656,17.75666046142578,2.6616458892822266,4.1241664637145945,8.01483418531757,67.477879285718,-31.86340059356347,,,2.84607713230928,nan,,,1.0622116327285767,,None,15.117114025213755,17.134862570381785,13.075277052467646,0.08803477883338928,15.737122582871374,0.09941504895687103
Gaia,DR3,2049637047398854272,289.3438808372158,34.79187488103018,11.695381164550781,0.8513002395629883,4.478338020898413,9.964805273684552,55.00014654421174,-32.16029168513544,-32.00375747680664,0.6455200910568237,3.576765726451642,nan,,,1.0434281826019287,,Gaia_DR3,19.74730989727178,20.588035182374494,17.509696950684923,0.0124531090259552,18.059099325516918,0.014147600159049034
Gaia,DR3,2076213858352768384,295.4893077071304,39.36462017513831,15.616861343383789,1.9254074096679688,2.7035036832507586,10.683477819760599,60.589424922727765,-27.529875954320552,,,3.1281597570876345,nan,,,1.018759846687317,,None,20.136905246814756,18.366835372883777,20.86361690080939,0.026260534301400185,19.994819694273644,0.03643130138516426
Gaia,DR3,2051508828508831488,292.597391867652,36.77493560861755,16.757484436035156,2.595034599304199,3.9671925915953055,10.16713143770555,56.55185116373905,-29.95284084873264,,,3.601249861250055,nan,,,1.0906188488006592,,None,21.66042900750964,20.855661278578403,19.726382178331747,0.051152877509593964,18.546879374550386,0.05303850769996643
Gaia,DR3,2090143704295719424,281.8476776767831,32.17273120487424,16.551143646240234,2.524582862854004,2.073064107943051,10.8688407533872,62.34554873453085,-35.960032146715264,,,3.6963586785089624,nan,,,1.106528401374817,,None,15.962660647281965,21.37694448468898,17.31758171804775,0.05727120488882065,22.25653691694516,0.056842636317014694
Gaia,DR3,2099508352209555456,288.9177412375002,39.121489368133574,17.76063346862793,2.804353713989258,2.6642331631666223,6.4372014708310346,45.856424044240704,-30.15866685113689,,,3.7224451110900056,nan,,,1.268302083015442,,None,20.305859639509602,23.367809923097667,18.34160355849127,0.10014643520116806,22.651760352496414,0.12193218618631363
Gaia,DR3,2099644313693726848,287.7110193190855,39.17176642322327,7.805493354797363,1.3291282653808594,2.357518505606664,5.707726365505673,60.964095529512264,-30.547484866528812,-23.27318000793457,0.12133300304412842,4.049367594977722,nan,,,1.0477190017700195,,Gaia_DR3,21.32562792063105,25.73146714053958,20.692574611988025,0.018362224102020264,23.821137987266813,0.01982235535979271
Gaia,DR3,2092046099932661504,283.90548069176555,33.784683612779396,19.153303146362305,2.768430709838867,4.379422431796201,9.357198969685275,49.07315869475634,-34.539508325667335,,,3.3859932102812,nan,,,0.9986401796340942,,None,15.768007777827906,19.993302839256113,15.934665210850486,0.2321310192346573,23.114895034901032,0.22044189274311066
Gaia,DR3,2092123379277938816,284.91618719471484,34.31418676960898,18.503286361694336,2.7132129669189453,2.500002041968162,8.989497029918052,64.9788575352625,-33.95204061403834,,,2.919101181234182,nan,,,1.9212487936019897,,None,14.072534636865537,17.294695720881737,14.547694958065083,0.5194125771522522,18.757919253645152,0.542798638343811
Gaia,DR3,2092673306895540736,286.73590177129614,35.683395702186445,11.67764663696289,0.8038005828857422,4.739017432255034,8.167210373178701,45.587677541960225,-32.66382301497228,-35.622554779052734,0.43514156341552734,3.535222110914765,nan,,,1.0111106634140015,,Gaia_DR3,18.073191910506477,21.21873850131758,18.79905764294687,0.012208729051053524,17.762332469363482,0.013204317539930344
Gaia,DR3,2090957961377640064,280.4170558411216,32.44321428737569,19.821592330932617,2.692035675048828,2.557448242866448,10.682084146787723,65.80849455014675,-36.24969513434742,,,3.0207611151429434,nan,,,1.0332727432250977,,None,12.324542522653193,17.7477020894238,10.714379257230995,0.29307061433792114,17.992065761258704,0.3454943597316742
Gaia,DR3,2091336163315897984,280.09396279435197,33.86587471571088,12.466641426086426,0.8442401885986328,4.859762294717724,9.310760286036842,55.52481043395849,-35.63699758065451,10.363076210021973,0.9704781770706177,3.08574826552208,nan,,,0.9838182330131531,,Gaia_DR3,12.422350336277477,18.74906516171911,13.844556939099004,0.01030617393553257,15.925734236628097,0.011218243278563023
Gaia,DR3,2092167492888608384,284.35392070915844,34.484171169296694,19.83150863647461,2.5401992797851562,2.0206845868912233,8.727203150199546,54.57442817498582,-34.05168151062699,,,3.050753110357083,nan,,,1.0082992315292358,,None,14.429408798271742,18.220378103793536,14.512735490431968,0.36176756024360657,19.517265626401645,0.3867180049419403
Gaia,DR3,2091365506533994240,281.14261693158414,33.02542386484022,10.65091323852539,0.6988086700439453,2.62739648096094,10.044051745804978,65.49932059878115,-35.756412255599244,-59.766998291015625,0.25559723377227783,3.8781159477170366,nan,,,0.8499019145965576,,Gaia_DR3,16.292937246705712,22.974202869484888,15.159846977614576,0.013759661465883255,24.799054486148208,0.015462745912373066
Gaia,DR3,2091488617475668480,280.9561268692814,33.915620930161616,14.24580192565918,1.4618415832519531,4.745137353299903,9.169896367834486,51.65631530122725,-35.36939004987297,-15.176215171813965,3.41072154045105,3.5878984484889567,nan,,,0.9808164238929749,,Gaia_DR3,14.962022557120163,21.700099231854104,14.716611127221089,0.015202593989670277,18.119443363792023,0.01664322055876255
Gaia,DR3,2051572428380965248,293.53153822138364,37.01768255103714,16.846588134765625,2.5465774536132812,2.1133484615849314,10.586878706618547,56.465954327076936,-29.46081510164703,,,3.5030696341616987,nan,,,0.9800432324409485,,None,21.554158373638447,20.171468963959583,20.02889233127342,0.054184380918741226,20.50200726177144,0.06126299872994423
Gaia,DR3,2091497516648059008,281.173441836221,34.112059227333795,15.641169548034668,1.9059276580810547,4.823263327245279,8.958586344417817,51.42131288839053,-35.208535884232596,,,3.136648158896114,nan,,,0.977538526058197,,None,13.193963647465718,19.02305761361577,13.292273729217534,0.028707562014460564,22.21086199585772,0.028806177899241447
Gaia,DR3,2107803063630003712,275.90659342703844,36.860248933759735,17.636255264282227,2.8065414428710938,4.098882677579778,7.8041028046590695,69.07315413081069,-35.10115662414974,,,4.113491904984029,nan,,,1.0341838598251343,,None,13.623660995176905,27.23683331501787,10.121902352042012,0.07633496075868607,26.627315263329443,0.08190857619047165
Gaia,DR3,2108318013028264320,276.6714833688106,37.56858625076481,17.653675079345703,2.675628662109375,2.168621046391435,6.873485298393915,53.77334118499257,-34.540998066672955,,,2.9478897082387636,nan,,,1.0083458423614502,,None,10.151827023308837,19.70628787690704,11.494029637217285,0.08224690705537796,19.827649771939242,0.09254813939332962
Gaia,DR3,2100828968752833152,287.1506818639045,40.81429095560748,17.569183349609375,2.6110000610351562,4.181730010788299,4.343076503185377,47.30634630034038,-29.854735167711823,,,3.857588957224198,nan,,,0.9877245426177979,,None,19.974782969845393,25.34404531018083,18.3915589207773,0.0728302076458931,28.353678493052207,0.07801205664873123
Gaia,DR3,2100954278719435008,289.54510961550966,39.164504731539175,11.705760955810547,0.9859514236450195,3.0527364943516506,6.791879799993637,51.33262693304345,-29.9148257311953,-15.459710121154785,1.3339124917984009,3.809743703910781,nan,,,2.530163288116455,,Gaia_DR3,21.151942626963034,23.78902706304178,23.594798253376,0.03223468363285065,23.58036448929097,0.039083294570446014
Gaia,DR3,2093081599367234944,282.71911077087213,34.854625726499336,19.887413024902344,2.868387222290039,4.541750808767913,8.197081396197758,44.21077671551368,-34.378093024819336,,,3.238780009693873,nan,,,1.0065934658050537,,None,14.452965389140502,19.73612117389483,15.354469590000436,0.3455750346183777,16.769095978158813,0.4280160665512085
Gaia,DR3,2052299686597399424,293.648185022407,38.918149918713944,17.661701202392578,2.103822708129883,4.436623180731867,9.60775684291048,50.524330877878214,-28.49309431375669,,,3.415109760039054,nan,,,1.0273921489715576,,None,21.071507704021798,20.331106964759755,21.716701519062692,0.09654685109853745,17.20284862906344,0.1014433279633522
Gaia,DR3,2101610270547152128,291.3304011245047,41.437380972250686,19.022497177124023,3.020963668823242,4.452301345355991,6.989380486536659,41.946457548373296,-28.08741308807784,,,3.128776987558789,nan,,,1.0230375528335571,,None,18.224055654519194,19.937517337225493,19.88283613250513,0.22469021379947662,17.51423604775637,0.2359945923089981
Gaia,DR3,2093718908093210112,284.13197672952947,36.55788346159595,17.45591163635254,2.761777877807617,3.879182915653921,6.659746267893776,39.563783262901474,-33.07440170923664,,,3.5589076806080753,nan,,,1.0084123611450195,,None,16.704502029968683,22.205109877828548,16.064488146162265,0.06831394135951996,19.365983419141877,0.08171134442090988
Gaia,DR3,2093758554933095424,284.73683322658223,36.648712122570984,20.000831604003906,2.6669082641601562,2.730717201165864,6.694334440451894,45.04238412576163,-32.83704460337729,,,3.685901742753825,nan,,,1.029269814491272,,None,17.662283342376682,22.928044801730753,17.897474346441484,0.44973525404930115,20.8192838677683,0.4325712025165558
Gaia,DR3,2053488396110939648,291.5500665929667,40.625064044948324,7.528140544891357,1.2921547889709473,3.0945679523753515,7.413543383586358,60.526095870376885,-28.432274100286527,-18.10764503479004,0.12348435819149017,3.9582033824458995,nan,,,1.0085500478744507,,Gaia_DR3,23.186414864471868,24.830135021919048,25.697886533229244,0.017562229186296463,25.430346161078663,0.017979111522436142
Gaia,DR3,2095555672327085184,277.95128206798586,35.964339759296145,18.797330856323242,3.0119056701660156,3.9325377181625223,7.774029320383528,42.2186244747691,-35.110085536925006,,,3.474020711344693,nan,,,0.9970478415489197,,None,12.725085278754694,22.343708675949433,10.356870190626873,0.17622031271457672,20.704771613038325,0.1916283816099167
Gaia,DR3,2094836767819802624,279.6083193289779,35.16141371529503,13.663481712341309,1.293264389038086,4.129629433326066,8.117126276259762,59.97363045624662,-35.10756093276375,-58.38269805908203,1.9007023572921753,3.902216616823317,nan,,,1.0164588689804077,,Gaia_DR3,15.39020756736727,24.44304057752036,18.37271974306137,0.011020412668585777,22.816634015941975,0.011704527772963047
Gaia,DR3,2094123146113384320,283.5490526377661,37.89204001685542,11.692198753356934,0.8075399398803711,4.815918050136435,5.258053589785115,44.65850014430666,-32.55361928763225,-18.750160217285156,0.7261856198310852,3.771114065577597,nan,,,3.642709732055664,,Gaia_DR3,17.342020996225955,24.244847305753368,14.389028777052424,0.046039290726184845,21.808042089630177,0.04736381396651268
Gaia,DR3,2094764848588507776,279.8524334026541,34.702828845794755,13.057605743408203,0.9277267456054688,1.9526631758237942,8.522805188284961,59.56656765357535,-35.278268360876616,-16.38543128967285,1.4422014951705933,2.962244874909143,nan,,,0.978692352771759,,Gaia_DR3,11.80482647706019,18.35049661446198,11.099326897384055,0.01030892413109541,17.355930587074056,0.012004101648926735
Gaia,DR3,2095188852058051456,279.92135878027534,36.23289092613937,13.363839149475098,1.3681449890136719,3.6681885810261803,7.015905874998898,41.027736052512225,-34.463211264359984,27.55970573425293,2.98401141166687,3.5563231511184337,nan,,,0.9711889624595642,,Gaia_DR3,14.213537149083365,22.719420824678362,11.891916794753037,0.012612156569957733,24.19352359021682,0.012100627645850182
Gaia,DR3,2095407689228120064,277.1380042590389,35.08903481988891,17.68375015258789,2.4234437942504883,1.5100155872752554,8.842301466959906,46.849737056297094,-35.769602829790195,,,3.281135543573865,nan,,,1.8974823951721191,,None,11.562254529931577,20.82564204562412,11.550386218400924,0.19520384073257446,19.781237217226675,0.2443246841430664
Gaia,DR3,2076408093955570816,296.1321120621554,40.37517585421791,12.465738296508789,0.9107770919799805,3.4410378723879775,10.769154133937123,65.53936226793327,-26.77202982378573,-25.488988876342773,23.99091148376465,3.033075290154734,nan,,,0.9963142275810242,,Gaia_DR3,19.803085957744308,17.97352768690318,18.742367321467746,0.01105949841439724,19.90116768277158,0.013189710676670074
Gaia,DR3,2092459932921121280,284.21561281323363,35.2373650348342,16.663726806640625,2.4896059036254883,3.9852954438851675,7.96613180040478,42.2064887153022,-33.72066912112391,,,3.4166357343073517,nan,,,1.0664925575256348,,None,16.083186310125598,20.748890093856552,14.557201476856381,0.04932035133242607,23.180118869037354,0.05127670615911484
Gaia,DR3,2092572628562274048,285.3137851756363,35.09936443335284,18.425086975097656,2.8935375213623047,3.0552470547550428,8.312632736603618,53.68071066652569,-33.433368288736645,,,3.7448622689605147,nan,,,0.987274706363678,,None,18.293489480711443,22.480001622133855,19.754799161606265,0.13633739948272705,24.398911704289187,0.14134974777698517
Gaia,DR3,2092674848785608960,286.67414313719513,35.68867210517996,19.08953094482422,2.5293121337890625,2.664673189549729,8.14180719568835,49.458362490336214,-32.68239895319903,,,3.65583700460311,nan,,,0.97162926197052,,None,18.65395235299916,21.956741502163915,16.661514840947078,0.20893390476703644,22.45432235761264,0.2376362681388855
Gaia,DR3,2096827949018004608,280.645180890204,37.61614616294556,16.130037307739258,2.4258804321289062,3.30282137228402,5.540524926179532,50.96451852031291,-33.529628884844904,,,3.8716812620070433,nan,,,1.659425139427185,,None,15.944191824188206,25.285205227890753,14.247933172964968,0.05659619718790054,23.19005525347275,0.06380260735750198
Gaia,DR3,2096946799352854912,280.98756526726845,38.03625479601735,16.994131088256836,2.608348846435547,3.416685500917432,5.078296809164898,45.37996727484485,-33.20920763076085,,,2.9669775829630907,nan,,,1.0289641618728638,,None,12.388270592990658,19.48480842755703,11.080856303884918,0.06162674352526665,17.794375276163365,0.06097368896007538
Gaia,DR3,2097206936932522880,283.0558287294987,38.57760607208169,18.690818786621094,2.6751174926757812,3.429908887965679,4.51554628674222,27.35874333263159,-32.332047614919695,,,3.182789232150183,nan,,,0.9688541293144226,,None,14.379314441012488,20.80038350386482,12.26096699318331,0.1633179634809494,19.901053789661766,0.14946237206459045
Gaia,DR3,2095720053613612800,276.3223700440589,36.286422780236016,11.556924819946289,0.8506336212158203,4.677449027764246,8.096198417547473,49.91648001954264,-35.32091835806402,-98.70638275146484,0.646274983882904,3.079229913029422,nan,,,0.9954164624214172,,Gaia_DR3,10.41910401661787,20.11499131549046,7.969186901769095,0.014358569867908955,21.90857176129709,0.015296109020709991
Gaia,DR3,2094372499031028864,279.2789031202716,34.22578725207555,19.751049041748047,,4.434839351276356,9.08993645040612,47.92134119805839,-35.67600183484067,,,3.4185550280149184,nan,,,1.0304913520812988,,None,13.292541177577709,21.040465832482028,10.33945747103587,0.43580663204193115,19.818194148684167,0.39336732029914856
Gaia,DR3,2094372499035258112,279.2787498201294,34.22539593724851,17.47629737854004,2.6201133728027344,3.754187769882758,9.090346446902686,64.02242528223795,-35.67624187981996,,,2.9367658555574794,nan,,,1.0522936582565308,,None,11.419099767732265,18.07502405424387,9.603190450382815,0.07344566285610199,19.52569862606186,0.07618473470211029
Gaia,DR3,2090233971628996736,282.72115249047283,31.486515305619054,13.791155815124512,1.2429571151733398,1.9643250666460792,11.561991584718186,61.96365725875746,-36.01519912616526,-36.606727600097656,2.772017478942871,3.235309718868855,nan,,,0.9575177431106567,,Gaia_DR3,14.438566895780742,18.30220562523005,13.522885563170377,0.012486045248806477,17.324232717150053,0.013638576492667198
Gaia,DR3,2077714549981834752,293.80457369798734,42.072764964876676,20.10769271850586,2.399301528930664,2.2500754367648033,8.642606178369789,55.78305728031078,-26.83750820374591,,,3.024439686607689,nan,,,0.9936591982841492,,None,18.730450927180083,18.944245927146337,20.111888360134138,0.49020901322364807,19.33119730272346,0.4973568618297577
Gaia,DR3,2094843983364895488,279.8502012563413,35.060205915073496,13.588798522949219,1.1845378875732422,4.7643667380550205,8.173067090340751,69.91469732140962,-35.095016532147504,,,2.827293448329749,nan,,,1.5782389640808105,,None,11.265969889585831,17.645649262546584,13.374522451812748,0.023158855736255646,15.743620489943538,0.03365406021475792
Gaia,DR3,2095421742365435520,277.2459357075271,35.440397161285404,13.9425687789917,1.358565330505371,3.982580208048505,8.48628213590543,46.84092380113026,-35.55871321065707,-56.54322814941406,2.517930507659912,3.196355047606242,nan,,,1.0383491516113281,,Gaia_DR3,11.322625139921552,20.422719344966247,11.770049472912435,0.013998177833855152,17.776724141737546,0.014892413280904293
Gaia,DR3,2095487330807291264,278.42027213955987,35.679414095211484,18.31205177307129,2.8284854888916016,3.4411497157106554,7.898288085396283,43.956426794858864,-35.1445578309964,,,3.191409943475886,nan,,,0.9614686369895935,,None,11.944778505137299,20.35183753104537,12.717808113478512,0.1138053834438324,18.169567229204233,0.13112576305866241
Gaia,DR3,2097303419077127936,281.92822538487576,38.54301011351942,17.210294723510742,2.8389673233032227,4.350384059975972,4.4989237714779495,23.945539586459798,-32.67363536661977,,,3.3686200935046378,nan,,,1.1143935918807983,,None,14.592303562607505,22.183752717538894,15.716258196942999,0.07080360502004623,19.306083923267014,0.07952415943145752
Gaia,DR3,2097790915044871168,280.218892455109,38.84532793941853,16.69338035583496,2.6443214416503906,4.972187783807791,4.43639357405756,39.71512527922799,-32.96993338758141,,,3.7247084118165765,nan,,,0.983797013759613,,None,15.072781749606992,24.955861117002758,18.939058150855626,0.04662834480404854,25.498648340487456,0.05085108056664467
Gaia,DR3,2092088057472447744,284.5505214629314,33.923453561116695,17.412809371948242,2.4721336364746094,4.789996905913169,9.308516494493494,57.81814403958589,-34.26306398796482,,,3.0431461346119812,nan,,,1.0273207426071167,,None,14.490480869013087,17.932498176905945,15.341963511056893,0.06499463319778442,14.979917642884024,0.07537875324487686
Gaia,DR3,2091018400156045568,280.49959282749086,32.75623659799914,18.95361328125,3.1105422973632812,4.256087277254056,10.363071836585286,54.69223279553775,-36.07352459260562,,,3.2935278379382336,nan,,,0.9983187913894653,,None,13.482973701363507,19.477085012225338,16.341149462072014,0.1863172948360443,20.22747491844909,0.2089247852563858
Gaia,DR3,2095065427578572032,279.80857672247294,35.70612194842828,18.116836547851562,2.607084274291992,4.923731169670988,7.54959570346042,56.77579162379327,-34.77039184900118,,,2.9447936951059885,nan,,,1.0182498693466187,,None,11.71353800661029,18.628559289264274,14.315701490553511,0.09904902428388596,20.23218980079428,0.11589900404214859
Gaia,DR3,2099371978405211008,288.12089917299284,38.437553075492104,19.85803985595703,2.7130069732666016,4.221234296739042,6.457414524879261,34.022386876260256,-30.790230089007647,,,3.368568667598438,nan,,,1.1740357875823975,,None,17.956916231849654,21.0460811344156,19.58893307976127,0.43432942032814026,18.53167666168249,0.4214273989200592
Gaia,DR3,2098008377827477376,279.8446809845959,39.37133970034978,20.178918838500977,2.051473617553711,3.859909982988553,4.052206687380193,68.28076048974036,-32.773059945691266,,,2.7349080537970667,nan,,,1.0041238069534302,,None,10.895298517427198,18.543463976425844,9.239251057970085,0.454232782125473,20.030065264688233,0.462434858083725
Gaia,DR3,2097260606844299264,283.1462011208259,39.183232387992426,17.119422912597656,2.703648567199707,4.723373069834696,3.9303336275477494,61.14026953317347,-31.976553746086758,,,4.1105668907355515,nan,,,0.9980353713035583,,None,18.631829352226866,27.139960413481337,14.573822091287681,0.06842424720525742,26.605639707322148,0.0684354305267334
Gaia,DR3,2097348357315039360,281.58733768240256,38.59637120991133,20.099674224853516,2.582904815673828,4.896834697274754,4.462127959356574,68.68539837481126,-32.73941095242575,,,2.7384732326258217,nan,,,1.0352150201797485,,None,11.707713927427227,18.095287924327582,13.440622813589108,0.4927766025066376,15.861777840752243,0.524329423904419
Gaia,DR3,2099120907500914432,286.7299461630606,37.55783004480157,18.915462493896484,3.087940216064453,4.071041787179892,6.503184169758991,55.247409760712266,-31.717674491747747,,,3.903853998078605,nan,,,1.028470754623413,,None,19.9540647484513,24.299879907844854,17.11756381964545,0.1985146552324295,22.516870968128444,0.22467105090618134
Gaia,DR3,2099541852952794624,287.51046815939566,38.251498296284005,10.619388580322266,0.6734447479248047,2.522059767577894,6.286309854237831,39.00029986201878,-31.09576951558472,-54.604026794433594,0.3274851441383362,3.5848317335387168,nan,,,0.9779666066169739,,Gaia_DR3,18.766026092400093,22.446434445417303,19.308387431179813,0.012087204493582249,24.27360595865683,0.012653647921979427
Gaia,DR3,2098969007394514688,286.31898746399673,36.69749168528336,19.803478240966797,2.0919189453125,3.894701068455754,7.105791319335245,67.99520292397635,-32.295616227285706,,,2.8085035009030097,nan,,,1.1141375303268433,,None,14.171669910180599,17.2587883704531,15.941561057846622,0.41001614928245544,15.780729296447833,0.4632665514945984
Gaia,DR3,2099065867500262016,286.1151491715608,37.26584882733155,10.787449836730957,0.7636032104492188,4.476992269218581,6.5236025060819145,34.2845987719152,-32.072567677770046,-34.99579620361328,0.24726736545562744,3.322849787262088,nan,,,0.986081600189209,,Gaia_DR3,16.65896122683983,20.679098706727007,13.668159485617576,0.013585151173174381,21.62258075572393,0.014286762103438377
Gaia,DR3,2095130715381488000,279.13031435695,35.91722645504825,16.07073974609375,2.0941381454467773,4.2552067650631695,7.4887789504177835,69.47802819981413,-34.837843885817286,,,2.8070191002994314,nan,,,0.9665555357933044,,None,10.844139878135085,17.909167119154933,8.339983824344946,0.03170202299952507,17.64539883729139,0.034242600202560425
Gaia,DR3,2098282121863673856,281.95432901656727,39.912993834882435,11.824383735656738,0.8436956405639648,4.845822472729128,3.1291504826711005,52.95430552213257,-31.910743347979178,-9.48709487915039,0.6615520119667053,3.988119019560853,nan,,,1.042988657951355,,Gaia_DR3,17.293119138559227,26.908045631036302,21.35465976817898,0.014272704720497131,26.588962207117227,0.014975560829043388
Gaia,DR3,2098282087503933696,281.9504660704335,39.90982896008571,11.153814315795898,0.7388830184936523,0.5842969632275843,3.1324392398126797,53.282086744571245,-31.913572986751017,-5.889358043670654,0.5048148036003113,3.993535346047374,nan,,,1.2381170988082886,,Gaia_DR3,17.3140493633113,26.94385388621308,17.644294760740404,0.019427921622991562,26.57928581208303,0.01910506747663021
Gaia,DR3,2098594894263767296,281.3752721227544,41.03368977471502,16.01179313659668,1.953812599182129,3.8100597718555043,2.083468207148183,69.0935999393034,-31.434042402700584,,,2.706031419165655,nan,,,0.9687894582748413,,None,11.47358929506417,18.68750713569515,9.658200907056841,0.035216499119997025,19.88265837554792,0.03527752310037613
Gaia,DR3,2100194756701534592,284.6682436472713,38.790424762530044,15.144128799438477,1.8767547607421875,4.121752310680483,4.659325934044447,29.09567896616242,-31.733275932116126,-26.249204635620117,7.058222770690918,3.510933981384211,nan,,,1.1161855459213257,,Gaia_DR3,16.784887980319947,22.745881436384227,17.83662559420203,0.025592779740691185,25.609526396629136,0.0244901143014431
Gaia,DR3,2099027899988481280,286.54916283978923,37.43765093476307,16.18223762512207,2.1780195236206055,2.6520891992766376,6.534350333120176,55.000272124738224,-31.84003156530393,,,3.8973756543115896,nan,,,0.971585214138031,,None,19.808967857656835,24.242907768635614,21.213667616641025,0.03864825516939163,25.908662473368445,0.041102826595306396
Gaia,DR3,2099280061809764736,288.5424904300911,37.66960364622133,20.244129180908203,2.126222610473633,4.927395310026615,7.252911082216224,67.47486792952701,-31.036330438703043,,,4.108430219670816,nan,,,1.0182682275772095,,None,22.171535473215425,25.20952478149142,18.23775686789022,0.49578696489334106,23.554872842883846,0.49002721905708313
Gaia,DR3,2100089027493088000,284.8310517779224,38.166777053256986,18.54602813720703,2.504629135131836,3.273976666857385,5.283958062721435,38.77692874739068,-32.014905561655056,,,3.0552008326381954,nan,,,1.0092923641204834,,None,14.686616200805812,19.54387692276483,13.880814465613971,0.1500709056854248,21.492500141328666,0.16006842255592346
Gaia,DR3,2101058938484182528,289.4265369858409,39.91825944804843,12.485367774963379,1.0192270278930664,3.0923559203978,6.28773431949048,63.94318849887932,-29.56454160093504,-58.517704010009766,3.3774383068084717,2.8211332584715443,nan,,,1.86469304561615,,Gaia_DR3,15.611491188516327,17.869327010352865,17.37627097858767,0.020872436463832855,18.3868462206,0.021076727658510208
Gaia,DR3,2111713584109104384,277.3931240633568,42.46164600166619,15.451388359069824,1.7580862045288086,3.6237199742199397,3.5295394006241856,32.59557025185815,-31.557709127474855,,,3.0511313115582754,nan,,,1.0599617958068848,,None,10.885095862177838,22.127451458112787,11.168676383773027,0.0265100859105587,24.440945882454777,0.029778415337204933
Gaia,DR3,2096627318206009344,282.06582266151275,37.28652117247012,19.11614990234375,3.3154945373535156,3.8578054035023914,5.752923586545067,33.347933824352225,-33.31099059128472,,,3.4975311324959693,nan,,,0.9808294177055359,,None,15.230427374886187,22.476432689186943,13.501527073108376,0.21024338901042938,20.21775831925895,0.258365273475647
Gaia,DR3,2101058934189244672,289.4264592628152,39.918590064334865,14.105979919433594,,4.553274282626106,6.2875080410656805,63.70204433447444,-29.564395628997197,-54.70362854003906,5.6122026443481445,2.8233710753775116,nan,,,1.3348019123077393,,Gaia_DR3,15.62384085674016,17.883616761894263,17.913220380614515,0.05500151589512825,19.33389529914723,0.025426503270864487
Gaia,DR3,2101613057985523840,291.1689583077641,41.485018315376244,14.114969253540039,1.365767478942871,3.775458046080733,6.859907023294126,37.90423910774505,-28.12044903382966,-30.582164764404297,3.01167631149292,3.477663760900635,nan,,,1.0021921396255493,,Gaia_DR3,20.171270874753787,22.215583298028548,18.152386553325314,0.015810184180736542,20.322091476946603,0.017599817365407944
Gaia,DR3,2100357720642745600,285.496754777642,39.89453850607668,18.967140197753906,3.261270523071289,4.779656968953963,4.0281963189542545,22.69512984288811,-30.880648366080592,,,3.4172712002257737,nan,,,1.5269224643707275,,None,16.79377262210353,22.422126003404706,19.611855748016783,0.3150150179862976,20.443662077641374,0.35673409700393677
Gaia,DR3,2094554468209465728,277.48420168965276,34.3602320013683,10.769950866699219,0.7090835571289062,4.071555777413259,9.40347975079422,49.81796411617848,-36.06539707699424,-58.78487777709961,0.27111777663230896,3.4474172410427957,nan,,,0.871485710144043,,Gaia_DR3,12.35259740468241,21.506625262823363,9.787034819358954,0.011342366226017475,20.032314218519836,0.010917037725448608
Gaia,DR3,2103408006416320000,284.5790188756621,40.29649097090333,18.0039119720459,2.561136245727539,4.849734845513234,3.2941887282599067,23.094397979305977,-30.942005855173722,,,3.4994588719136317,nan,,,0.9587560296058655,,None,16.67945585902959,23.296226454508073,13.236587613417758,0.09137041866779327,22.323104945565188,0.10130281001329422
Gaia,DR3,2102090452181682432,288.65826429608654,40.66091646572363,20.349285125732422,2.2195262908935547,4.112671743172204,5.407425975347688,64.3036120742542,-29.436832442734875,,,2.7943207110742003,nan,,,1.0057650804519653,,None,15.13022085593491,18.05753649774709,15.875304343654356,0.5194020867347717,15.752301426700512,0.6538013219833374
Gaia,DR3,2102768404185364992,290.09672022109555,42.923088502488916,17.35601806640625,2.3131561279296875,4.86806375655837,5.82316286664495,38.8009399906519,-27.723110454557997,,,3.0879777409816453,nan,,,1.0568524599075317,,None,17.406550379380075,20.40479946914187,15.898239241918379,0.0733027383685112,17.617769719088678,0.07416007667779922
Gaia,DR3,2103352893398069888,284.653348814375,39.986184310297574,19.836610794067383,2.5824432373046875,3.3159630080075138,3.5877927730071577,19.31500533088818,-31.089976923824388,,,3.278019342304051,nan,,,1.0298311710357666,,None,15.663476439588859,21.692842219585202,17.843928945537474,0.39161086082458496,22.39741374988467,0.4280964136123657
Gaia,DR3,2103416802509846272,284.22731683078086,40.299186221435896,11.84421157836914,0.7738437652587891,3.4136895787950756,3.153952373495948,16.972860728649604,-31.04566636316671,-18.928997039794922,0.5985586047172546,3.282398686587106,nan,,,0.9275618195533752,,Gaia_DR3,15.457534684322283,21.913985232062192,13.566650246812287,0.011732053011655807,20.4982564743836,0.012690960429608822
Gaia,DR3,2101932500464364928,290.7861388581196,42.09087653566137,20.311485290527344,2.7866668701171875,4.565540181606863,6.438409428449053,69.18899419750741,-27.93431671287818,,,4.17956507926751,nan,,,0.9989629983901978,,None,23.99965792075129,27.06808357606667,21.682235062608967,0.6140470504760742,30.356158602148106,0.5455065965652466
Gaia,DR3,2105186122875305984,282.4013507598643,43.3459573177503,17.630584716796875,2.731416702270508,2.538315782402777,0.36282442991448516,50.43305937716546,-29.820623487265532,,,2.8415824681899906,nan,,,1.010822057723999,,None,12.531621585003235,20.21676548393716,14.035751944498916,0.08068976551294327,19.99399411001172,0.0999574288725853
Gaia,DR3,2103477760982126848,283.45242951652006,39.90032611001618,16.858976364135742,2.2933902740478516,4.3587686457959745,3.2901810876466024,17.437964261195486,-31.493744080235693,,,3.2984312263101243,nan,,,0.9372923970222473,,None,15.116189363020863,22.003057951881694,12.693861411479077,0.05015590041875839,23.824677930671037,0.054325543344020844
Gaia,DR3,2115702985953757952,271.676692113576,44.79135813800153,10.933073997497559,0.7948446273803711,2.736362524907998,7.729304018432803,40.57247848947361,-31.165512681296335,-12.921731948852539,0.26308178901672363,3.3328890997852034,nan,,,0.9208133816719055,,Gaia_DR3,8.575473454869694,25.772630936964905,9.22044019562693,0.013521140441298485,27.583806063597326,0.014112317934632301
Gaia,DR3,2099125202468418560,286.632411235538,37.62245476869473,17.028051376342773,,4.665851840067039,6.407978922206471,38.75873158368848,-31.71699295110538,,,3.1360664342956177,nan,,,3.2252933979034424,,None,15.981018865150164,19.56100612135469,13.08784331914686,0.22267945110797882,18.49111287937381,0.22682777047157288
Gaia,DR3,2104330260450390272,282.370548705489,40.622495076521986,17.73726463317871,2.7907791137695312,3.9597791093593737,2.4230330570576086,17.778560855807143,-31.398003603392315,,,3.4618407703648457,nan,,,1.0283119678497314,,None,15.249409111269214,23.572430981170413,12.560489976124853,0.10225185006856918,22.51379114299713,0.10463018715381622
Gaia,DR3,2102674086704733312,289.5650915433156,42.634011752822566,16.157133102416992,2.144101142883301,2.6441313633089982,5.461266049686973,29.984040089012776,-28.061884875643464,,,3.2378452733217578,nan,,,1.0454884767532349,,None,17.986702561826224,21.41316007187441,18.872522693683003,0.03801621124148369,22.985624986980717,0.03899968042969704
Gaia,DR3,2100581814853790976,287.14437014140987,39.96491945768273,17.660594940185547,2.682680130004883,4.466206068364914,4.848475222313451,34.605180133116,-30.315206539662867,,,3.6096272287440256,nan,,,2.23789644241333,,None,18.68722215924698,23.376686484420386,20.853901730495465,0.1833668351173401,25.995001891351627,0.21031539142131805
Gaia,DR3,2109479857519338368,275.6441642899766,39.52751350255505,10.595907211303711,0.6441640853881836,3.653866741471394,6.007598593817486,44.23341052109094,-33.65753898569709,-52.684051513671875,0.4120326638221741,3.7192060582534867,nan,,,0.8908953666687012,,Gaia_DR3,12.149096318485217,25.916668342754246,10.215694256726781,0.015240953303873539,23.802659487135713,0.017953429371118546
Gaia,DR3,2109860662202046336,276.02303552226607,41.1939387791957,19.978918075561523,2.6876564025878906,3.793717219474203,4.893760013830253,25.79206588956391,-32.604858645798295,,,3.3496802699624446,nan,,,1.0224579572677612,,None,11.16130519989977,23.975304345961824,10.015531313459745,0.3560733497142792,21.553773749115834,0.410213440656662
Gaia,DR3,2108162676948736000,275.9217567657668,37.928223036274034,18.53827667236328,2.891286849975586,4.760057709678689,6.957185628807875,67.95148618290858,-34.50674736941344,,,2.8042064067551538,nan,,,1.0529401302337646,,None,9.294722850591336,18.94988112136623,12.094178839347373,0.1585889309644699,19.23493552910405,0.16916586458683014
Gaia,DR3,2098262085837310848,281.93578806957066,39.67563670729765,19.37079620361328,0.4076271057128906,4.972903877818929,3.3669001974304686,49.96390735416801,-32.04808676859202,,,3.932598101405911,nan,,,0.9535763263702393,,None,17.040290883568456,26.427070845064883,13.661038470604403,0.26650354266166687,24.065451443211924,0.2683754563331604
Gaia,DR3,2098506697114007808,280.5231600917666,40.43983707034817,19.299272537231445,-0.10358810424804688,4.145464630129276,2.8641567231878935,15.069148856227708,-31.995352361363786,,,3.317611132243339,nan,,,0.97978276014328,,None,13.594663668787867,22.815182987185878,11.806808787909851,0.22730658948421478,20.53277343994936,0.25416186451911926
Gaia,DR3,2103206898867107328,283.90070858708253,39.186161503132276,19.237895965576172,3.004976272583008,1.8970593871026802,4.0758067944031655,21.81419068759904,-31.752648278961733,,,3.280493320186398,nan,,,1.009620189666748,,None,15.274160537167607,21.53513600235054,15.969188398397966,0.21425659954547882,20.42243551270316,0.23375289142131805
Gaia,DR3,2109858153941120768,275.9826401239109,41.119839958254396,19.593687057495117,2.9766387939453125,4.983162493930403,4.9521718166629025,44.055891331465986,-32.657092419532056,,,3.7756421477633975,nan,,,1.1159931421279907,,None,12.554303193473647,26.996342157995176,8.650298589084057,0.3065571188926697,26.296055555313682,0.34887486696243286
Gaia,DR3,2104870086300018816,284.036400719112,41.85873327554764,18.237089157104492,2.7268104553222656,3.9391280915665168,1.8331305324546645,27.906063842248475,-30.22804759815546,,,3.052898500582371,nan,,,0.8985654711723328,,None,14.281952306823506,20.950249632037725,15.4679880876038,0.11121848225593567,18.709645227613827,0.11151514202356339
Gaia,DR3,2108774138553610240,276.73378379701904,39.76064907197901,18.509641647338867,2.7847824096679688,4.988010126125343,5.21027950350565,67.84607955346262,-33.2899522159883,,,4.198069231504234,nan,,,1.0187288522720337,,None,14.502106183095123,29.202985708999083,10.170511133519653,0.12950995564460754,30.053809964097972,0.14286260306835175
Gaia,DR3,2105665097628429824,286.18227107109885,43.3868867990812,17.0366153717041,2.376039505004883,2.9832018297160827,2.969394508510316,54.21806105213502,-28.723754496700135,,,2.8325382258027374,nan,,,0.9859796166419983,,None,14.231167457662703,19.55925371874018,14.08498302656852,0.05905356630682945,21.334597277462304,0.0653037279844284
Gaia,DR3,2099916988277708800,285.4235913367225,38.22790802466353,19.082107543945312,2.8039817810058594,4.950368688666498,5.418692016349565,28.957189036750368,-31.795562597773316,,,3.273900408913972,nan,,,1.0259265899658203,,None,16.05069333947823,20.864744351935627,15.369626616897843,0.1789805144071579,17.51671307746187,0.19286620616912842
Gaia,DR3,2104289853399689728,284.6513062141888,42.89984799476678,20.1718807220459,0.13877296447753906,4.557603772794196,1.8459873574623278,33.663925598242685,-29.455761814222985,,,2.997588652926344,nan,,,1.027145504951477,,None,14.322493047962235,20.81105946039134,12.266195203357551,0.45609885454177856,22.827571970888904,0.48610904812812805
Gaia,DR3,2109092932504353664,273.5371986375421,38.0201909362606,14.975276947021484,1.5645818710327148,4.62909911800847,8.232885696114327,43.714016688200225,-34.93829876216522,-0.28123098611831665,6.55556583404541,3.4294612356977954,nan,,,1.0436615943908691,,Gaia_DR3,9.945371790778129,23.488389258947628,7.204811145907147,0.023883644491434097,25.409214210778007,0.02229245938360691
Gaia,DR3,2108787611870729216,277.28010236276424,39.833250596986765,17.21314239501953,2.4681224822998047,4.401220181444793,4.849081493461767,40.12066319888372,-33.12660747934075,,,3.0172236227691585,nan,,,0.9693194031715393,,None,10.705737723869134,20.950988801864817,8.02934656744231,0.07790221273899078,20.13012256137889,0.0737563967704773
Gaia,DR3,2109047130973177728,274.35856397108375,38.7716505276333,12.221136093139648,0.9469432830810547,4.4607634320377665,7.258505174317384,48.18836763565991,-34.3520300135902,20.663387298583984,1.0371094942092896,3.0430460929392087,nan,,,1.310869574546814,,Gaia_DR3,9.26117131567435,21.053000282426684,12.066282788112689,0.015441635623574257,20.487219316666803,0.014964290894567966
Gaia,DR3,2111920086136095744,276.99785142980494,42.947194926632626,13.647308349609375,1.3962116241455078,4.615596826983856,3.7584594719647044,46.88211831157654,-31.349829352048154,-34.42110061645508,1.7658851146697998,3.87049023010598,nan,,,1.710355281829834,,Gaia_DR3,13.546015804137358,28.351246324265215,10.721343442277973,0.021123584359884262,25.86040353427063,0.020521586760878563
Gaia,DR3,2108119001422315520,275.8275183223582,37.52028534432182,17.9351749420166,2.4915332794189453,4.734742899775291,7.317880692175974,49.88660665633163,-34.75439907712103,,,3.021997727472386,nan,,,0.9923129081726074,,None,9.967407452326679,20.274514223160825,8.716450269673906,0.09603559970855713,23.019232435000298,0.10908689349889755
Gaia,DR3,2109462432833991552,275.1481693514291,39.37956088497994,20.235727310180664,2.9502029418945312,2.807815278632588,6.401547128899935,43.73229833385676,-33.84498085623233,,,3.6808512236871223,nan,,,1.069108247756958,,None,11.707542250218648,25.64699873002873,11.044656669994863,0.599258303642273,27.722462458175386,0.5348345041275024
Gaia,DR3,2103446248805487488,284.5597596508962,40.531357559370036,20.035112380981445,2.7052040100097656,3.332488124952325,3.0910524850333654,58.373626084746114,-30.81815541431598,,,2.7999394311799537,nan,,,1.1005425453186035,,None,13.336601038392022,18.7171332016119,11.448813298149751,0.49870625138282776,19.269782463420263,0.5940667986869812
Gaia,DR3,2109092932504353280,273.53838534619956,38.01933511763286,17.832500457763672,2.251983642578125,4.40630983929562,8.232725476568014,44.320127538196665,-34.93855939881025,,,3.467210688927961,nan,,,1.0248130559921265,,None,10.05556438606229,23.746425390605015,7.297193104330336,0.10521591454744339,25.408989563350925,0.09644747525453568
Gaia,DR3,2112209154616541824,272.6924271969255,39.048002397085206,10.910164833068848,0.6157550811767578,3.892787901957997,8.157060111818767,48.4362931938513,-34.50368013572137,-36.840003967285156,0.5650672912597656,3.113473652707765,nan,,,0.9500251412391663,,Gaia_DR3,8.567859727722213,21.814099468084645,7.1906598205973875,0.01726883463561535,19.66199908989297,0.019105985760688782
Gaia,DR3,2108616706531188992,276.17702092096795,38.845051778381624,14.301825523376465,1.453507423400879,1.9458012898033799,6.149143351922522,49.435208114790235,-33.93486201232374,-64.29695892333984,5.439392566680908,2.9654574805011347,nan,,,1.0313869714736938,,Gaia_DR3,9.95983761273394,20.35474611296243,9.202729818582908,0.01700441725552082,19.402668700670763,0.018411416560411453
Gaia,DR3,2109100663445555584,273.5116159159324,38.26680371962876,13.47547435760498,1.274362564086914,4.460634859881695,8.091313429233967,64.25083361878008,-34.80304439601248,-22.36004066467285,1.4568496942520142,3.995445724815574,nan,,,0.9326085448265076,,Gaia_DR3,11.568830815543196,27.49451351588022,7.958122060549075,0.010547379963099957,26.45595065223545,0.011875414289534092
Gaia,DR3,2111242615175299584,278.1674560010426,41.700129740522485,11.562728881835938,0.7056140899658203,2.3628294185610947,3.2225886860135153,26.607441392086542,-31.83802231365027,-20.61924171447754,0.5462086796760559,3.1098540107833106,nan,,,0.8870335817337036,,Gaia_DR3,11.505743976965405,22.17458576130147,12.501908165193255,0.014906014315783978,20.98833393098986,0.0148467393592
Gaia,DR3,2108899933854439424,273.61605923112654,37.8259116801568,15.527251243591309,1.8794212341308594,4.987826850941896,8.313017261360176,51.63230864631055,-35.03320772424846,,,3.067267334964074,nan,,,1.012986183166504,,None,8.93732976529658,20.923421480647125,10.758967519223253,0.025595631450414658,18.26194846076075,0.027369985356926918
Gaia,DR3,2100954274423564672,289.5458789023187,39.16462618044948,12.59433650970459,0.9650945663452148,1.7160748256678835,6.792281833175574,52.70982246985536,-29.914488996543422,,,3.8373759731279606,nan,,,1.001244068145752,,None,21.305814037874526,23.961440781121947,22.39786360346408,0.011831273324787617,24.81853722885021,0.015136407688260078
Gaia,DR3,2107820896332847616,275.6940085724762,37.054918604557585,19.71163558959961,0.1371288299560547,3.8134912650596813,7.749070312061809,51.008426175086015,-35.04053965038117,,,3.034192243023025,nan,,,1.034293532371521,,None,9.937599841225163,20.188982747645472,12.320361170007516,0.36180534958839417,20.710913921482767,0.3934958577156067
Gaia,DR3,2113593164876773504,271.4683985500056,42.450455300279856,12.691291809082031,0.8524799346923828,0.8621732977417349,7.850576142255843,43.74474656920984,-32.66925595778828,-30.668333053588867,2.114158868789673,3.1903727949221214,nan,,,1.08881676197052,,Gaia_DR3,8.091425967883888,23.813277667381065,7.823045857831661,0.012558899819850922,23.2992580415641,0.01398684736341238
Gaia,DR3,2111171486220188672,277.0634317907821,41.206660130910805,18.50752830505371,2.840475082397461,1.1802454672453884,4.183652704739828,26.567528941476404,-32.37573605557636,,,3.1683652106178832,nan,,,0.9451503157615662,,None,11.12435158963768,22.552697594208052,11.054234988699768,0.14445000886917114,23.33788649640556,0.16311752796173096
Gaia,DR3,2103912652191580928,286.1354835121978,41.541670834742796,18.6825008392334,2.1303672790527344,3.8028810865056357,3.3157655375065187,17.870779003421518,-29.77742281012625,,,3.3656411649094586,nan,,,2.4297001361846924,,None,16.884425443377538,22.58088273446721,18.264623317060284,0.42217594385147095,20.262421853254466,0.40318334102630615
Gaia,DR3,2104141208873619840,284.7150423765907,42.101434215019616,19.09137535095215,3.378145217895508,3.778341846096972,2.1183573431598255,50.56544402773441,-29.892788318865417,,,3.968287643843609,nan,,,0.9458662867546082,,None,19.00144100508918,27.189811238387684,18.500637635273424,0.2118636965751648,24.068947238008562,0.24567925930023193
Gaia,DR3,2104634893891028992,282.55810520131496,41.762201609140284,14.466521263122559,2.003232002258301,4.977873361737255,1.3145544485730318,57.9596963348081,-30.698587458262594,-22.765777587890625,6.081386089324951,4.100025104124032,nan,,,1.0013887882232666,,Gaia_DR3,18.187487547445134,28.41307243092288,16.23177615471714,0.02012845128774643,24.580740703266304,0.019897501915693283
Gaia,DR3,2110553388885822336,279.9969290432561,40.90916278265171,19.70218276977539,3.0650863647460938,3.853319902662693,2.6578106857160924,67.57686775766851,-31.86062555415615,,,4.253747837489765,nan,,,1.0439801216125488,,None,17.055001633262986,29.590885528791706,20.427441197160306,0.397805392742157,28.838270882832706,0.4477817714214325
Gaia,DR3,2102317909354402816,288.8769043933517,42.28309468046995,19.699825286865234,3.041536331176758,4.17793524915601,5.013293156323732,42.39890701001558,-28.48513763394501,,,2.9976976415598533,nan,,,1.052868366241455,,None,16.33336511633997,19.849195061631647,13.734583108821788,0.30856868624687195,20.315153142549576,0.3522806763648987
Gaia,DR3,2114527681040726400,274.72089498605754,42.767878441518484,13.86159610748291,1.1621570587158203,4.0758289500503055,5.436269515317219,28.71249537871483,-31.915225910028674,-44.759891510009766,3.032661199569702,3.299619029392328,nan,,,0.9687700867652893,,Gaia_DR3,10.250111966606324,24.395367333779316,12.726853247060111,0.012930149212479591,25.775093278498066,0.014154442586004734
Gaia,DR3,2111349400944032384,276.1894550665887,41.19985811262106,17.990995407104492,2.714557647705078,4.914872908215204,4.777271155628417,25.55667951600798,-32.566684182493546,,,3.3814560759238157,nan,,,1.0982619524002075,,None,11.364268229386845,24.183492724415657,14.501041272491658,0.11863787472248077,22.62289581644138,0.1166575476527214
Gaia,DR3,2111162694424276224,276.71066728186213,41.20778088315378,15.640582084655762,1.898569107055664,3.536858160991436,4.419706956361279,23.60156132218344,-32.451506706708955,,,3.28120551235852,nan,,,0.9925740957260132,,None,11.32179021038302,23.402668680714235,9.519924542397433,0.030667774379253387,25.05752946196068,0.033701855689287186
Gaia,DR3,2111510449335481216,276.45657756724626,42.33600091998427,18.165042877197266,2.492525100708008,1.648040478809396,4.232369833635327,68.80962276884904,-31.832769372621517,,,2.7336192939589856,nan,,,0.9728729128837585,,None,9.312857459560997,19.889775063609793,9.681923122207248,0.10490751266479492,20.764855280669984,0.11403507739305496
Gaia,DR3,2113028389560642304,274.43471913356797,42.341452518840875,18.207387924194336,2.7622222900390625,3.6185053413980266,5.70113824950892,35.4380100268138,-32.22911679592233,,,3.1350695431150712,nan,,,1.0356923341751099,,None,9.582821756705236,23.053560845511278,7.832732993524306,0.1213805079460144,24.683404699721983,0.11330755800008774
Gaia,DR3,2113858525135939584,270.44849397559403,43.096222312063915,10.549494743347168,0.7878646850585938,4.718399040630396,8.531249389226858,60.78735754752015,-32.419106765412366,-18.080305099487305,0.351377010345459,2.946805295686747,nan,,,0.999387800693512,,Gaia_DR3,6.941533607323545,22.310410604903964,4.331972797594077,0.012391865253448486,23.64525437901505,0.01421794481575489
Gaia,DR3,2111106310093399808,277.55744052528524,40.8281381915245,13.766351699829102,1.209792137145996,3.0420778635360164,4.059604896941194,22.42355582865617,-32.48805310611209,-73.81814575195312,2.4270639419555664,3.4024898452117007,nan,,,0.9802146553993225,,Gaia_DR3,12.234234842307815,23.99701603923506,10.342854955328594,0.013988361693918705,25.085082127703515,0.014212535694241524
Gaia,DR3,2112481867858725376,272.31385864462226,39.817530120446214,12.366780281066895,0.9134311676025391,2.347617450054997,8.03145687812653,61.00825451660604,-34.11990212053991,-35.49186706542969,1.0944701433181763,3.9301860730386005,nan,,,1.0715736150741577,,Gaia_DR3,10.553704643420236,27.96318777045854,8.732455490719907,0.010813960805535316,27.28033485975658,0.013110605999827385
Gaia,DR3,2112717094627603968,272.7659983952408,41.07914341277952,15.279058456420898,1.6479730606079102,2.8003472161794485,7.222867129034536,51.50042563456854,-33.29217320879327,,,2.994092461904012,nan,,,0.9430583119392395,,None,8.278033374991159,21.729912437462968,6.992763009275383,0.025117743760347366,22.943281914298417,0.025412514805793762
Gaia,DR3,2104856990942496128,281.63218347627884,42.9568271505965,19.454761505126953,2.8078079223632812,3.611079826027488,0.3772814364110235,43.768993056069306,-30.251428158848718,,,3.879047334976932,nan,,,0.9559236764907837,,None,16.612875553793867,27.585804889536092,13.679660877046448,0.2739277482032776,27.24512868176913,0.2534607946872711
Gaia,DR3,2105604830646458240,286.72106803848584,43.18864135742249,18.627826690673828,2.8195667266845703,3.799050133813189,3.3502954201740125,22.253033521677477,-28.672150366619057,,,3.1786355548725513,nan,,,1.042973279953003,,None,16.24271929430705,21.778693212337092,17.98633028909763,0.17359870672225952,19.923860433717646,0.18557244539260864
Gaia,DR3,2103819292482276864,285.0812719436003,40.77766506567021,18.43482780456543,2.6876792907714844,3.940759253459596,3.1492438133136025,35.310308414450375,-30.524632200995118,,,3.0097451667935133,nan,,,0.9744856953620911,,None,14.589718241772726,20.11759860328227,13.49652768106589,0.133548766374588,22.366306751197953,0.14834220707416534
Gaia,DR3,2111072358373638784,277.18887183343276,40.50396007238185,18.405906677246094,-0.12548828125,3.6652937010414326,4.475158117381467,37.856066782663454,-32.7593382282407,,,3.690729750881474,nan,,,1.0256080627441406,,None,13.037787184055055,25.94134067413031,10.204851110174342,0.12279894202947617,25.614255998805962,0.13646356761455536
Gaia,DR3,4605435432264298112,272.698600978561,34.94377580521831,19.895742416381836,2.7060508728027344,4.816319021014885,10.909680854592429,66.95371605707756,-36.791161333773715,,,3.0203045531403423,nan,,,1.0327177047729492,,None,8.314746966655601,19.533168705865943,9.577900316874182,0.3234693706035614,16.738801852428352,0.38873153924942017
Gaia,DR3,2113977165015602432,271.6830890453842,42.791502003062426,18.03793716430664,2.651876449584961,3.4686147064279615,7.654056981777753,52.03547460753244,-32.42475667071093,,,3.0127091361528247,nan,,,1.001115083694458,,None,7.755057024101486,22.590768368315523,9.801252241059236,0.10991161316633224,23.40690092959306,0.10649766772985458
Gaia,DR3,2115122722988527744,274.96080178763583,44.62210562341972,20.38669204711914,2.694124221801758,0.9278678670311697,5.410313339835109,51.272826839247244,-30.72028999965291,,,2.9167164227755538,nan,,,1.1018295288085938,,None,9.18223572854718,22.161682484263636,9.379633181239523,0.5311024188995361,21.626398932848915,0.7841302156448364
Gaia,DR3,2113949814665053056,272.13134219383534,42.35905984146103,19.348140716552734,2.922374725341797,3.3775780264874986,7.379326344560227,61.489647532432194,-32.620491212130105,,,2.883589518051518,nan,,,1.0318578481674194,,None,7.650613705332361,21.433358342104956,5.72469308274972,0.21574923396110535,20.72171356933076,0.28005844354629517
Gaia,DR3,2116917808864410752,280.60916629683516,43.430599779563494,18.605390548706055,3.094930648803711,4.770609859901207,1.1789240278517674,63.30407312175594,-30.229648102062097,,,4.193530638033731,nan,,,1.1153292655944824,,None,17.24433895969782,30.258581038613286,16.391084592291058,0.16068410873413086,26.128394709483345,0.21428726613521576
Gaia,DR3,2116738524047723392,281.3436401322793,42.59375631631281,14.875746726989746,1.790069580078125,1.8412556793349395,0.7320390858241478,36.992629130849096,-30.53928988199085,-61.53126907348633,9.467172622680664,3.7777243727484864,nan,,,0.9812784194946289,,Gaia_DR3,15.997683668515059,26.766779430131404,17.462435857779134,0.02011829987168312,26.698486944280653,0.022132862359285355
Gaia,DR3,2114805616964115328,273.4389423121738,43.36793360767988,14.467643737792969,1.471360206604004,3.2546091890045874,6.3448480302384285,42.64374259832987,-31.77733413390654,-54.68754196166992,2.9183201789855957,3.0647658111875264,nan,,,1.0444023609161377,,Gaia_DR3,8.83506121684971,23.014867013347043,8.702080986801834,0.01773468405008316,25.113406957414053,0.018882855772972107
Gaia,DR3,2108515791980205952,277.639581907029,39.143750755738374,14.818463325500488,1.4797792434692383,3.648709966007932,5.161313486439015,38.176401930333085,-33.43776610990142,0.08386217802762985,4.892210960388184,3.0565447574453155,nan,,,0.9151950478553772,,Gaia_DR3,11.033248082181228,20.922131316366332,8.969024166050298,0.01935409940779209,19.796785077455127,0.020010432228446007
Gaia,DR3,2105614348293989888,287.0409927106232,43.18847168900048,18.480424880981445,2.572113037109375,3.0951560504610964,3.5835260305986623,50.92061575602703,-28.573138967562087,,,3.9427262011804234,nan,,,0.966744601726532,,None,20.347200295503463,26.936479834236028,22.53489361900651,0.15444070100784302,28.290072900566066,0.14921905100345612
Gaia,DR3,2106572778836364800,284.39410584349696,43.8074083976195,19.222061157226562,2.9428138732910156,4.371422319195048,1.8112365990381967,38.02983203221223,-29.003834186243143,,,2.9569053454999166,nan,,,1.06852388381958,,None,14.004817504615186,20.860765822949354,15.364478858221366,0.2396252453327179,18.49931865688498,0.25528648495674133
Gaia,DR3,2113075466698210688,273.89970972349056,41.72841307276984,16.734790802001953,2.4271297454833984,3.2671885746300875,6.22023154897635,36.60062226763747,-32.69967554216763,,,3.1620500146784725,nan,,,0.9713988304138184,,None,9.370258545632453,23.079770831299687,11.459168095859503,0.054401177912950516,23.695907749593204,0.05523640662431717
Gaia,DR3,2115171273297789824,275.4558097579258,44.672506750377636,19.666667938232422,2.9814796447753906,3.2333426648565857,5.08425636956919,30.103559297107008,-30.595653666630426,,,3.4906932230738628,nan,,,1.1477031707763672,,None,11.288842312750624,26.47508042666312,9.993646292092397,0.34226396679878235,28.470996170470315,0.48105907440185547
Gaia,DR3,2108969271805806336,274.73646760790245,38.17038556150933,12.521467208862305,0.9549064636230469,4.663775791254577,7.428499686177721,46.40186193690873,-34.618681713963554,-53.30143737792969,3.211174488067627,3.6519297193280496,nan,,,1.4159693717956543,,Gaia_DR3,11.354436922732342,24.940606620732066,7.908763395954071,0.014441491104662418,23.931243669975853,0.01630600169301033
Gaia,DR3,2114587978084154496,275.5381584805343,42.88454971609819,19.456153869628906,2.8984642028808594,2.967471744903885,4.82928103814282,40.58987261670625,-31.68636595763875,,,3.7204791613767596,nan,,,1.0093485116958618,,None,12.085009775562437,27.443148274244113,9.916428253618431,0.2856872081756592,28.28824490245892,0.30968910455703735
Gaia,DR3,2112481867858724992,272.31456725505893,39.814821479787085,16.469053268432617,2.444796562194824,3.335178627768771,8.032194107433655,58.9134659283747,-34.1213756490681,,,3.885170709574976,nan,,,1.1682862043380737,,None,10.433309719873684,27.641499814007275,7.753056901143119,0.046335477381944656,27.11424224693971,0.05323021858930588
Gaia,DR3,2114984695624745088,273.4008636920587,44.70662474341302,20.02019500732422,2.507925033569336,4.862648293241234,6.510070269017721,62.63858127247449,-30.94343863064373,,,2.8403564703635658,nan,,,1.0535712242126465,,None,8.169202436325461,21.77248940274046,10.378422053340437,0.3899000883102417,23.669057447953826,0.4985610544681549
Gaia,DR3,2111412829028631040,276.49340188655265,42.10129620945238,17.856521606445312,2.7496280670166016,3.777561238943025,4.258807447872301,62.9552393408587,-31.966083851464212,,,2.781396378795505,nan,,,1.0033493041992188,,None,9.493255034277508,20.156634606613448,7.772411360945421,0.1058146208524704,18.762094981292478,0.11168330907821655
Gaia,DR3,2111544018799957248,276.57822530863695,42.644118375716104,17.18081283569336,2.0896759033203125,1.804471020913949,4.093201788863592,39.89930306208963,-31.621526511627643,,,2.9908491813146907,nan,,,0.9839864373207092,,None,10.251798942470288,21.854364920470015,9.197259950667977,0.06630031019449234,22.281396941333924,0.06560767441987991
Gaia,DR3,2112043815554417408,276.05719630359283,43.99361635159549,16.05166244506836,2.151555061340332,1.1672549151334832,4.508913592113727,32.232100443952014,-30.90188502235672,,,3.101416522677374,nan,,,1.0289356708526611,,None,10.352362919946932,23.209497887420373,9.64704445214658,0.04257773607969284,22.91804787036804,0.03861605003476143
Gaia,DR3,4605830985870356352,273.8215333001484,35.692283193714815,17.407943725585938,2.5246782302856445,0.4782105374190105,9.75152614309389,51.09531920145348,-36.17236315462409,,,3.3829763037094978,nan,,,2.19636607170105,,None,9.978743672608395,22.109492476126096,10.167991194007355,0.34625738859176636,21.825774577734165,0.7397387027740479
Gaia,DR3,2113503309866925824,272.5423014725944,41.73831181241318,20.20664405822754,0.3809776306152344,3.046055789202135,7.199686751459034,37.7926674563938,-32.932079430681455,,,3.3374159763488516,nan,,,0.9914839863777161,,None,9.096059754709954,24.513472264576677,7.984319967248598,0.46727386116981506,22.681301367023714,0.4732120633125305
Gaia,DR3,2114045266016537088,272.44150365962525,43.151322088918604,11.881046295166016,0.8301048278808594,3.479743298867333,7.075742029850138,43.72250314422849,-32.07998646831197,22.561504364013672,0.5717403888702393,3.621063153469883,nan,,,0.9308828115463257,,Gaia_DR3,9.804946472086005,27.220937233270266,12.459183637235412,0.0125421779230237,27.116662192343533,0.012177679687738419
Gaia,DR3,2114357218082038144,270.88627471483926,44.20637948125538,16.791322708129883,2.5592174530029297,3.8468122359019303,8.21987887824282,43.585235269705066,-31.655488201830327,,,3.4245615033713457,nan,,,1.1911827325820923,,None,8.332721364735333,26.332728329757128,10.995514320880911,0.0577501617372036,27.12141221482861,0.06982335448265076
Gaia,DR3,2117175987938368384,279.88445895746594,44.27357884874684,12.270870208740234,0.8707599639892578,2.4452438365299765,2.0434626557804827,15.254631002471848,-29.89707779240932,-33.3581428527832,0.6823451519012451,3.4421930654238744,nan,,,1.1850486993789673,,Gaia_DR3,13.736020413056185,25.280666332555743,13.339776426038295,0.013344339095056057,23.551086862454,0.013389941304922104
Gaia,DR3,2115075405332674816,274.99477637022886,43.96272300804179,18.883657455444336,3.3210391998291016,3.1594685680476204,5.259598627885482,28.57450675147043,-31.12639029815009,,,3.2520046797894615,nan,,,0.9766414761543274,,None,10.2569550153819,24.46087528111777,8.650632705560344,0.16822472214698792,23.007863697922133,0.19128872454166412
Gaia,DR3,4591938308558536448,275.0901006040417,32.20516765196707,19.051986694335938,2.7378082275390625,4.109124668450412,12.175540433743176,68.59027744636387,-37.71802703434279,,,3.716857198788518,nan,,,1.0396164655685425,,None,11.78461769404167,22.38731055863755,10.99684184269866,0.23324152827262878,25.50915769503937,0.2251558154821396
Gaia,DR3,4593118668649249152,275.7579159129171,33.046869153356525,19.03757095336914,3.197031021118164,4.643634529205303,11.175096215990935,62.68689159795271,-37.144995646603135,,,3.6613534249418356,nan,,,0.9146486520767212,,None,12.032138432041785,22.403435513440158,8.835165569856414,0.19130051136016846,20.78300944298809,0.21732249855995178
Gaia,DR3,4606994990725636992,271.5011100183075,37.188971773296316,12.895624160766602,1.294839859008789,4.946809334158101,10.005479076942638,60.070612081297334,-35.77082929572291,-37.48977279663086,0.7999954223632812,3.737674656427802,nan,,,1.3165225982666016,,Gaia_DR3,9.501093398549342,25.415494779261714,6.509494107056017,0.01594172604382038,22.916881506056555,0.01854192465543747
Gaia,DR3,4609699303995972864,270.47958523553086,37.43929648858674,19.405406951904297,2.8645572662353516,1.170514550658349,10.498308079194846,58.57426932222346,-35.79417745694031,,,3.156669875686744,nan,,,0.9917263984680176,,None,7.4533069657366235,21.652512342295086,7.951639844480775,0.2428489625453949,21.053852921439283,0.23967581987380981
Gaia,DR3,4587871940901589632,279.0292837171551,30.178855218923236,19.755090713500977,3.3113975524902344,4.50999443699079,13.097172298645722,68.4682044395299,-37.71518484096056,,,3.354784405085451,nan,,,1.0373079776763916,,None,12.902911342731912,18.843091004764226,13.178122430399684,0.3227691054344177,15.665417971202421,0.38810020685195923
Gaia,DR3,4592540089314749312,277.1696152884358,34.06209497146635,16.400104522705078,2.533970832824707,4.254124898623593,9.776395093443565,58.75543889321423,-36.29547230503517,,,3.7268342765558558,nan,,,1.3070719242095947,,None,13.153028741218732,23.14266693395428,15.250562870586268,0.04981362074613571,20.540528539476774,0.062424637377262115
Gaia,DR3,4588844557714161024,278.7614302967579,31.51998331216282,18.56260108947754,2.722715377807617,4.313917670447908,11.825098811481235,62.42341596549563,-37.153899233696954,,,3.289516892809954,nan,,,0.9507259130477905,,None,12.502559263748891,19.114716101136235,9.5113459559705,0.14612630009651184,19.07028869951369,0.1442306637763977
Gaia,DR3,4592520499966024960,277.15008507473954,33.752707474258514,18.013456344604492,2.7104263305664062,3.811379798456074,10.070047074396815,53.6136654177063,-36.4586369791065,,,3.4825564211775832,nan,,,0.9838312864303589,,None,12.27924564951332,21.48379499698763,10.724558083307452,0.10048741102218628,19.157292164804662,0.11092648655176163
Gaia,DR3,4592093447071146112,277.0205343421809,32.25742235388527,18.79651641845703,0.6882724761962891,3.4440665796600776,11.511290106098459,60.84146175817164,-37.24118991405715,,,3.2845447860796657,nan,,,3.305817127227783,,None,11.50809588233748,19.610115444996005,12.648172675384828,0.5049367547035217,21.704663407913774,0.45635926723480225
Gaia,DR3,4589125586014386816,278.05853616452737,32.20367763099131,19.660310745239258,2.9449214935302734,3.4868846590884237,11.302585868564385,63.49075331096062,-37.00665441220043,,,3.6701622245165884,nan,,,1.011924147605896,,None,13.51064946005149,21.75805637796845,11.884948868583727,0.28158605098724365,19.60506545174868,0.3463791012763977
Gaia,DR3,4592439479701982336,276.98541718601024,33.434729036768665,17.38224220275879,2.288816452026367,3.8262999564462645,10.416127846335991,54.735322753040826,-36.6602987672405,,,3.3171141255959897,nan,,,1.0669975280761719,,None,11.602221831627695,20.3397342287409,9.6092499831421,0.06671986728906631,22.125011053684837,0.07865098863840103
Gaia,DR3,4592933435300378624,273.5823723455443,32.88047868148637,18.85491371154785,3.148122787475586,3.0603456498204795,12.178175781675115,63.61173453312537,-37.69729333116013,,,3.4011864257613396,nan,,,1.384069800376892,,None,9.89025473829364,20.951182709573118,11.396748209078607,0.2525341212749481,19.355768606133704,0.2644183337688446
Gaia,DR3,4593286760787985920,276.6826886320714,34.04033069027571,16.213340759277344,2.182673454284668,4.695861391773937,9.952731348683429,53.99189017326806,-36.42307622088611,,,3.214376952471616,nan,,,2.140524387359619,,None,11.075737928453773,20.00442018396741,13.136380847102393,0.08387187123298645,17.579750239680447,0.08407382667064667
Gaia,DR3,4593539987762679552,275.7887616485775,34.46302880090054,18.22736167907715,2.831148147583008,3.3112229106416993,9.894757079048624,52.08535824336685,-36.40986065220895,,,3.4278335448267443,nan,,,1.0109562873840332,,None,11.283009625317288,21.62852124132701,9.739777990560892,0.1113397479057312,19.799930323275632,0.11980020254850388
Gaia,DR3,4593043734358013184,273.8143685020627,33.35837166281449,12.230842590332031,0.8348541259765625,4.704462983316148,11.668852439516115,63.79241614759634,-37.405478838500095,-15.789144515991211,0.666100263595581,3.1846097905331052,nan,,,0.9892107844352722,,Gaia_DR3,9.389636736945581,19.80686034250899,12.377581429547092,0.010444268584251404,20.83020719550599,0.010859967209398746
Gaia,DR3,4604482705438082432,270.24756886571606,33.77014074982569,20.007680892944336,2.4696407318115234,4.927265532473141,13.11621542437146,69.58133986907697,-37.83903679228305,,,3.558425656808518,nan,,,1.0340380668640137,,None,8.255358937502438,22.65751359149539,5.524650191544128,0.39455685019493103,20.166508587782914,0.40088674426078796
Gaia,DR3,4605182200990665216,273.43914472223264,34.401796215455,10.902691841125488,0.9408302307128906,3.369140844324319,10.970459128549633,57.42701237285974,-36.937057999977405,-106.85905456542969,0.24957910180091858,3.352232448329304,nan,,,0.9579423666000366,,Gaia_DR3,9.66388453244776,21.36379000293073,7.573639648936055,0.012158685363829136,20.223767596484905,0.013340865261852741
Gaia,DR3,4605275865637941248,272.554499258516,34.327664662965795,17.30381202697754,2.664541244506836,2.6567116371046144,11.465660819596286,59.98930441062171,-37.145678899713985,,,3.4127932846611264,nan,,,0.9926511645317078,,None,9.30881791167341,21.79867971880663,8.195961737577308,0.0599406361579895,20.24468412419318,0.06490783393383026
Gaia,DR3,4605861321222273664,273.3421812576208,35.770598444315304,19.539043426513672,0.2506122589111328,2.8074755187181926,9.938487854911132,61.60993880311041,-36.22355102092389,,,3.787553369242869,nan,,,0.9779818058013916,,None,10.854532497242674,24.846952786755207,9.18657242102172,0.26346495747566223,23.349333598439312,0.2815663516521454
Gaia,DR3,4606421659833447808,270.4325708257039,35.63007728360615,18.382925033569336,2.7218990325927734,4.892956279057953,11.677782109502354,61.26390152464085,-36.81037547363492,,,3.326453411802838,nan,,,1.0289793014526367,,None,7.826438947167297,22.0164881302117,4.518491380765372,0.12131213396787643,21.10516441025712,0.1315387636423111
Gaia,DR3,4605620184576177408,274.1215701465461,35.31654069961791,19.559141159057617,3.200939178466797,3.8228514583041786,9.901155853290337,58.881690708284474,-36.31447941678203,,,3.0774512349445704,nan,,,1.0404101610183716,,None,9.238733312659573,19.930575561435866,11.195955347211488,0.2802863121032715,18.407355849980927,0.31067147850990295
Gaia,DR3,4610425535723008896,271.3182095565411,38.89896696061327,17.790491104125977,2.3740291595458984,2.563859417215524,9.147381090296367,53.67930186199829,-34.82275411786211,,,3.1070254803672674,nan,,,1.0573623180389404,,None,7.797568016337179,21.833136668557103,6.2043840948493445,0.093516506254673,21.302250599033925,0.09819395840167999
Gaia,DR3,4587904887588761856,279.9014305607078,30.170302514153736,18.68385887145996,2.7138004302978516,2.8844460413705564,12.991882378283425,68.01755683922572,-37.47462684532059,,,3.3399687922312133,nan,,,0.9890665411949158,,None,13.337635249754744,18.655753206610278,12.913466634972078,0.13254575431346893,20.641900254282696,0.14281918108463287
Gaia,DR3,4591804825272755840,274.6036199935504,31.596493284474178,17.112863540649414,2.3721389770507812,4.483984416567461,12.90230019105281,68.59323487949385,-38.1264685785104,,,3.5613010963675524,nan,,,1.1609739065170288,,None,10.990369631074845,21.197701936870292,10.698650716192612,0.06637508422136307,17.843977977101108,0.06742505729198456
Gaia,DR3,4606685718721160576,273.05427914645423,36.54508183444226,15.258541107177734,,4.615482376393006,9.52160463733797,68.6900124013211,-35.85425112852831,,,2.901918190227131,nan,,,1.0708080530166626,,None,8.170015776092567,19.35970079549501,5.348647379982994,0.40070441365242004,19.24904475283598,0.2365017980337143
Gaia,DR3,4604569846031783808,270.87304917667024,34.37780380936902,16.54317283630371,2.4559078216552734,3.215565347922478,12.317888465535821,64.73591754824932,-37.41533470328454,,,3.312828851073849,nan,,,1.0481979846954346,,None,8.053090417536906,21.32448075974456,9.534321567263833,0.04531655088067055,19.63657443508547,0.047187719494104385
Gaia,DR3,4588750588124316800,279.03352745426946,30.82981341234613,19.158729553222656,2.9066905975341797,2.818665042138141,12.456075891588846,68.2133724904166,-37.409087722635256,,,3.174570291288534,nan,,,0.9988306760787964,,None,12.212066834580646,18.116199851602897,11.681387611615914,0.20415721833705902,19.926352906320837,0.2469051331281662
Gaia,DR3,4605574623564072192,274.0654694066521,34.924277568464674,15.708457946777344,2.094193458557129,4.3244924721448434,10.246215243667903,53.64148258784265,-36.53521962145214,,,3.379743130080283,nan,,,1.046574354171753,,None,10.113155889830455,21.71622851953629,11.201480959629288,0.02914869412779808,18.833709466299624,0.03143629431724548
Gaia,DR3,2076805704845798912,296.62339787026866,41.06310352031826,17.73207664489746,2.7015380859375,3.255348374581021,10.923374870959288,59.743305285958506,-26.231660476135552,,,3.589220259595745,nan,,,1.0410407781600952,,None,23.683867640945763,21.378295921463092,24.80250125714609,0.07543989270925522,19.183822925359248,0.09267055243253708
Gaia,DR3,4610508102174359168,270.93112319033287,39.350902714375735,19.675283432006836,2.551687240600586,2.562202454370725,9.192749839593938,48.91642860397709,-34.620225377871215,,,3.266240948995209,nan,,,1.0327799320220947,,None,7.973435194091717,23.175120097584923,6.839113765394857,0.3452152907848358,21.823901983056942,0.30841752886772156
Gaia,DR3,4607179536881079936,272.68279843712764,38.5047855073304,10.587078094482422,0.7710056304931641,2.627702556376978,8.465949707344196,60.85135118345173,-34.818733598715156,-36.598785400390625,0.23321892321109772,2.9423770431761924,nan,,,0.9872661232948303,,Gaia_DR3,8.092047185941029,20.41221412943558,7.78038715247724,0.010671270079910755,22.012058397884278,0.011470523662865162
Gaia,DR3,4610158457478017408,272.0756686016987,38.29294669693677,16.95008087158203,2.542713165283203,2.054874797423637,8.97681063577711,47.06011958519897,-35.04640486042217,,,3.369433201469303,nan,,,1.0192402601242065,,None,8.906584164130592,23.34284471384116,7.615396426732263,0.06531807780265808,22.66221033892,0.06855709105730057
Gaia,DR3,2072964011227041536,297.6798677486752,38.54175988580769,16.458894729614258,2.008209228515625,3.686782060321666,12.575126481844617,68.86420727154781,-26.99218663245454,,,3.173677341967359,nan,,,0.9989216923713684,,None,21.41139133529135,17.869045772742737,21.147639128972546,0.04096699133515358,20.321519889239696,0.04844404011964798
Gaia,DR3,2073649792928345088,297.15389192830713,39.84428106880475,17.309118270874023,2.676036834716797,3.6199093098626984,11.684396153226144,66.38293193523836,-26.602690724607253,,,3.112250289906774,nan,,,1.0677554607391357,,None,20.76861655768749,18.04431052749709,20.27489399888273,0.0692281648516655,20.36742491471047,0.07852905243635178
Gaia,DR3,2076726432623822848,296.82054873120256,40.46426156457961,19.785337448120117,2.725240707397461,2.6770384077847953,11.238026584708317,60.111139193664044,-26.44327072683516,,,3.5325115209430673,nan,,,1.009893774986267,,None,23.40780269527083,20.78291282104153,21.420451384749725,0.38284188508987427,20.9401376667381,0.3579021990299225
Gaia,DR3,2073337776457932032,296.73402444175775,39.997985280142,11.075840950012207,0.6324672698974609,2.84210729386581,11.328934274571296,64.78602599499058,-26.705667009644564,4.563659191131592,0.4460832178592682,3.7118705337819855,nan,,,0.7796424627304077,,Gaia_DR3,24.55108630093279,21.69276860354315,22.635209897793438,0.011767001822590828,20.563449510744967,0.01520698145031929
Gaia,DR3,4610078536725955328,271.3232651792567,37.83900727529453,16.408769607543945,2.4168500900268555,3.5503592774778494,9.72262436082092,52.785062391658194,-35.43218466561925,,,3.5299268104544015,nan,,,0.9699146151542664,,None,8.862060294933897,24.320472069879447,9.390706554386602,0.0401795469224453,26.90902081584018,0.04646716266870499
Gaia,DR3,2072924016489944576,297.3813834827913,38.040306416855714,15.334102630615234,1.8586769104003906,4.078011966801723,12.5944144879974,68.00369707622305,-27.355562029102746,-30.060283660888672,6.43218469619751,3.2087958002481045,nan,,,0.886451005935669,,Gaia_DR3,21.51493493361572,17.97546124098942,20.482041826196745,0.024208107963204384,15.417578163313959,0.028924502432346344
