Catalog,Type,GaiaDR3,RA,DEC,Gmag,Bp-Rp,Voff(km/s),Sep(deg),3D(pc),Vr(pred),Vr(obs),Vrerr,Plx(mas),SpT,FnuvJ,W1-W3,RUWE,XCrate,RVsrc,PMRApred,PMDecpred,PMRA,PMRAerr,PMDec,PMDecerr
Gaia,DR3,1350804086887882752,267.01881295279486,45.97762718241168,18.16254425048828,3.042104721069336,4.572887771672726,17.390402903018305,67.51719888944437,-21.094176308646613,,,4.673877524041406,nan,,,0.9898301959037781,,None,3.6299450828509867,7.865353409623757,0.31727010644312653,0.1116543710231781,10.919404463891428,0.12735600769519806
Gaia,DR3,1350728564183001088,268.55403756105136,46.266786144391524,13.93931770324707,1.5588340759277344,3.90647233559065,17.57962848262489,68.56777882184888,-20.98039836242809,-1.0548462867736816,1.9384772777557373,4.800716399246941,nan,,,0.9753668308258057,,Gaia_DR3,4.280485867029572,8.10897413342412,7.6741537628304215,0.014003428630530834,6.080869835037905,0.015249322168529034
Gaia,DR3,1350917886341525888,268.2180853875744,46.95504826648663,14.04731273651123,1.5916824340820312,4.826762459062159,16.860763592395397,65.61286867462292,-20.899379203796393,-6.209639072418213,1.9022505283355713,4.547349015993074,nan,,,1.1183165311813354,,Gaia_DR3,3.9403851930440275,7.93933517676868,8.50866688690215,0.01490034069865942,8.674539392577472,0.016137313097715378
Gaia,DR3,1361659251654837632,259.552358854938,45.456226831975584,18.079383850097656,3.179109573364258,1.1632558817477925,16.254256935253697,63.2244508561036,-21.380181567739946,,,4.638501300259412,nan,,,1.1250592470169067,,None,0.9786295444236874,7.830710085083196,0.069643592493015,0.17330598831176758,7.146891291131327,0.1874960958957672
Gaia,DR3,1364114774652964864,267.4207260221604,49.017380370347,19.778182983398438,2.7435951232910156,2.5856545980780057,14.788983960953837,57.85016856381396,-20.62419710471888,,,4.480428651566644,nan,,,0.9993020296096802,,None,3.614837395608048,8.567655852919009,6.054920058140917,0.3845747709274292,8.465961453838327,0.4600827395915985
Gaia,DR3,1361828821260298880,261.6724284973906,45.62165564271005,13.974723815917969,1.5838737487792969,1.2263798636994594,16.45397787448932,64.84648421416699,-21.321198827719968,-21.945178985595703,1.7192447185516357,4.400847944142459,nan,,,1.0521950721740723,,Gaia_DR3,1.6387955313302138,7.452828821873556,2.757165304442305,0.014583745039999485,7.2436424955566965,0.0148673877120018
Gaia,DR3,1363291687121277568,267.88431196840077,48.303005832199624,18.769214630126953,3.155010223388672,3.616961003137092,15.56244587303549,63.444263724159114,-20.714586231126514,,,4.230564354025378,nan,,,1.0685398578643799,,None,3.5602133126037154,7.838681019423354,6.64759250030591,0.2727455496788025,6.903970447110632,0.2952061891555786
Gaia,DR3,1364802549240489600,259.3664866829564,46.27639097863469,16.43408203125,2.5420589447021484,4.6933642922583445,15.425447149645224,61.22821535049879,-21.265604941934313,,,4.356193764754719,nan,,,0.984782338142395,,None,0.8573518791825905,7.636677119634217,-3.198826477083631,0.04326088726520538,6.179286650898465,0.05941811949014664
Gaia,DR3,1365932469236284032,258.8400494011837,47.90404491475785,16.74446678161621,2.465813636779785,3.544807938758374,13.758842243431845,66.56278899734156,-21.02613779116327,,,3.865890284906009,nan,,,0.9438036680221558,,None,0.6056897345815123,7.271660202868652,1.3231746803574076,0.050440963357686996,4.473268113107534,0.06504996120929718
Gaia,DR3,1362708529345336960,263.8674879127168,46.42048265440457,17.72681427001953,2.6746253967285156,3.1625183745059995,16.162229457520237,68.45578869701068,-21.150148003637753,,,4.098168910887226,nan,,,1.0112682580947876,,None,2.2087202721342174,7.144713202070156,0.7099693354122408,0.09477869421243668,4.860260958129764,0.09125521034002304
Gaia,DR3,1362736365029526016,265.0432074629562,46.887985990495736,18.17491340637207,3.0518112182617188,2.9484767455461727,16.01795221312205,69.81618628588396,-21.043224151472465,,,5.388087004385997,nan,,,0.9896560907363892,,None,3.3829761799634372,9.542289914238912,3.1892484300986617,0.11292032897472382,12.88574739504231,0.13652433454990387
Gaia,DR3,1361094686794715520,262.53130049400806,45.367970990685,18.2843074798584,3.0065155029296875,1.3989326154416475,16.866810217685416,67.35980515524909,-21.336314831538765,,,4.315345419882842,nan,,,1.0058459043502808,,None,1.888548453827744,7.203378181667492,1.0323922760148176,0.14837975800037384,6.261786449131394,0.16286255419254303
Gaia,DR3,1358282651446367744,254.19814565271867,43.91169466530536,18.99053955078125,3.0191707611083984,0.5293820778968088,17.292368375173854,67.30369493401378,-21.590286435352628,,,4.535972020234074,nan,,,1.0894228219985962,,None,-0.8955108411240675,7.105412726808073,-0.4058343157404817,0.18393203616142273,6.977094029380877,0.2566254436969757
Gaia,DR3,1365230985114723200,260.78116375824015,47.220020150969404,11.440703392028809,0.7823257446289062,3.8396050996103486,14.748610774451054,58.86181926185238,-21.105930307147304,-53.74658966064453,0.534090518951416,4.328728678195288,nan,,,0.8594768643379211,,Gaia_DR3,1.318438388235024,7.887630898145609,4.786652823346256,0.014335544779896736,7.389592432812337,0.013756465166807175
Gaia,DR3,1365961301353257728,259.3999733973767,48.40968479653714,17.385087966918945,2.6959266662597656,2.1674767185693247,13.356772240100272,52.558183750884034,-20.94115478708824,,,4.686657071518107,nan,,,0.9534763693809509,,None,0.9343541343692199,8.992512878821959,2.646111911457907,0.07751614600419998,10.279258493617649,0.08175406605005264
Gaia,DR3,1365051077524103680,260.1591657903147,47.17402347260706,15.127124786376953,2.182112693786621,2.579703243759838,14.68131709972853,67.75844421570177,-21.12268455624621,-46.41499710083008,9.051369667053223,5.488420322862191,nan,,,0.9795083999633789,,Gaia_DR3,1.4117063706238573,9.99342782324767,-1.4602329000911147,0.023817626759409904,9.1805832476233,0.025635231286287308
Gaia,DR3,1361000992083420288,262.32315819439816,45.2970399028986,10.263532638549805,0.9274253845214844,4.7101268727478205,16.892740425075775,65.65985450366763,-21.35130035359065,-72.76927947998047,0.9635400176048279,4.582032919025862,nan,,,4.939921855926514,,Gaia_DR3,1.9328396406086585,7.628092713686973,1.5309880140117318,0.07237015664577484,12.160004469249685,0.0879986360669136
Gaia,DR3,1365925257987749504,260.0418879577238,48.38521681452257,17.744691848754883,3.0223159790039062,2.4952555891326886,13.492104076885683,60.76338691235924,-20.937142570803324,,,5.281399147867606,nan,,,0.9398893713951111,,None,1.3112737717264649,10.113807256140477,2.211848152905363,0.1066972091794014,12.74193788695677,0.08734647929668427
Gaia,DR3,1364210741402761728,269.42997978508055,49.57225393704238,11.834199905395508,0.9046049118041992,1.7259260189221546,14.989827987032749,59.369692592732875,-20.44036270227538,-8.039015769958496,0.6102719306945801,4.8183799364137885,nan,,,1.0054267644882202,,Gaia_DR3,4.611006623164615,9.303035518298879,5.091744371302017,0.013545410707592964,10.988966044796012,0.012993307784199715
Gaia,DR3,1366834962126860928,262.79309702093644,50.96866358433933,16.9879207611084,2.6731491088867188,2.973354446664788,11.68800166880703,45.75797542424845,-20.456084559195254,,,4.537975861003497,nan,,,1.1196671724319458,,None,2.076155388780321,9.525000641627594,-0.3363644686024138,0.08356180787086487,8.018111996985894,0.07795535027980804
Gaia,DR3,1368821955731065984,266.8983132458525,52.269049344810405,16.496707916259766,3.0100936889648438,1.3855446460899306,11.863173455569786,58.9242039981994,-20.09763530699599,,,5.413276007947911,nan,,,0.9876192212104797,,None,4.155204245540373,11.701424549138139,2.5889905924777556,0.046689722687006,11.484634753551983,0.05285004526376724
Gaia,DR3,1368937335732789760,267.2907067793383,53.07664777088947,17.30867576599121,2.6931800842285156,3.0138963871231215,11.364201142754942,50.72619424188872,-19.93595044319876,,,4.06900402319267,nan,,,1.0126181840896606,,None,3.2432133520823223,9.020469954906561,0.8030584447567826,0.07791904360055923,9.874473235629413,0.07256294041872025
Gaia,DR3,1363411465168962048,269.0895094215152,49.03479195659913,13.378446578979492,1.313246726989746,3.589803386127844,15.32640101269721,60.661637286944156,-20.542756949092436,4.112541675567627,1.5317182540893555,4.374394436511923,nan,,,1.5748252868652344,,Gaia_DR3,4.075167030986274,8.28704739793676,3.0643917907904927,0.01885581575334072,11.439356589014855,0.019691400229930878
Gaia,DR3,1366672066900950656,260.80657682788274,49.863536316701676,16.573884963989258,2.650388717651367,4.230146495481803,12.232453058482083,59.60000980561041,-20.68466174785177,,,3.902536118380353,nan,,,0.9491283893585205,,None,1.1961783021386705,7.904442657130263,-0.26410766333846014,0.046107254922389984,4.745523821026208,0.04367239773273468
Gaia,DR3,1363270074846052352,267.5644070805771,48.26382198881402,10.867713928222656,0.7664833068847656,1.4070598593658263,15.496082351753772,67.5577057509234,-20.73520499284134,-20.68214988708496,0.33453696966171265,5.340646795576988,nan,,,1.0633735656738281,,Gaia_DR3,4.36640002067919,9.89801489607175,5.032333489575433,0.014581547118723392,11.335401568669202,0.017335737124085426
Gaia,DR3,1367088541290859392,265.7423177912776,50.0441007476068,16.62224578857422,2.2637853622436523,4.33735488585912,13.363640071779889,55.16362025387746,-20.52478249877931,,,4.953386872137742,nan,,,1.3340798616409302,,None,3.3713086567857684,9.93942842794438,6.437269812040108,0.0840483009815216,13.273083027252373,0.09196528047323227
Gaia,DR3,1363649440716743680,266.35152125312317,48.12394800486713,16.236377716064453,2.398798942565918,2.8236242668462386,15.252766499247986,62.57758514139804,-20.8083086215636,,,4.209971683938822,nan,,,1.0302684307098389,,None,3.058485271478117,7.808747674729265,4.737144386268644,0.046256788074970245,9.669401649242962,0.044279977679252625
Gaia,DR3,1364528431544012800,268.59411422434056,50.40080423478839,16.737485885620117,2.4164905548095703,2.957228222942812,14.002267866805512,59.915927472501956,-20.3466859829908,,,4.103339136423061,nan,,,1.0263797044754028,,None,3.670963603774177,8.220202996800502,4.353977085492536,0.052349187433719635,10.68541070024594,0.052484892308712006
Gaia,DR3,1363291687119677696,267.88407913114537,48.30321487469298,18.910709381103516,,3.4678662466440646,15.562188238353817,67.15893237770094,-20.7145649684102,,,4.056293592039542,nan,,,1.0573686361312866,,None,3.4134857802120093,7.5158551752195795,6.28379116883702,0.2591133415699005,6.770916372032765,0.28650423884391785
Gaia,DR3,1366445052109594752,262.0855204075286,49.38368890219557,15.445143699645996,2.075087547302246,3.443289476682539,12.968509745256057,51.659362349472985,-20.739883185773166,,,4.346296468184792,nan,,,1.0717058181762695,,None,1.7549399078437202,8.617972517129788,-1.3930251437197354,0.025985732674598694,8.8268876458673,0.027768127620220184
Gaia,DR3,1366913409703992960,263.6134270083774,48.591703257542854,16.050479888916016,2.569974899291992,0.6792592578393861,14.076234739094748,59.81006431919865,-20.82921541970292,,,5.118011293261776,nan,,,9.241891860961914,,None,2.659879010098898,9.790410268049126,2.2416046544190316,0.35512638092041016,9.188623017520879,0.3930884003639221
Gaia,DR3,1365616668881104768,262.7261857341239,48.71321224371771,18.00723648071289,3.0325775146484375,3.856907135731158,13.745218491017704,56.79461952735315,-20.833481271577845,,,4.2020754203675255,nan,,,0.9377717971801758,,None,1.901140715662995,8.101191670177908,3.7133351957383396,0.12615062296390533,5.204794369121347,0.11650441586971283
Gaia,DR3,1366336578415470080,261.3557166561951,48.97786864824448,13.106472969055176,1.3613195419311523,2.883839899544616,13.186295230668692,64.53158350678791,-20.820841638315173,-9.095536231994629,1.1482878923416138,3.8647876011195565,nan,,,2.4844679832458496,,Gaia_DR3,1.3460952235109833,7.557234031769324,-0.6715504951328709,0.024027753621339798,6.353250124906646,0.030567077919840813
Gaia,DR3,1366885750114490240,264.52661984201455,48.83469692379984,17.34926986694336,2.5786781311035156,4.4199432979330675,14.093443806144982,67.53103584537537,-20.763003802845965,,,3.8724191809891826,nan,,,1.0940351486206055,,None,2.2801873474547167,7.454017696519543,4.964532938628896,0.07206462323665619,5.042922093877548,0.08573310077190399
Gaia,DR3,1367717388926028416,267.4026563521815,51.126427443086584,17.37725067138672,2.985170364379883,4.010026963007724,12.980859328475235,63.64201848183374,-20.277379933265355,,,3.8685025132541977,nan,,,1.0503071546554565,,None,3.1158891665922295,8.01265046447767,6.2694165664068855,0.08084308356046677,7.14672546037051,0.09790774434804916
Gaia,DR3,1350810306000434560,267.60755185700305,46.173534512882966,16.9012451171875,2.5921640396118164,4.472772154214284,17.380853892995777,68.22679617023118,-21.039834441317286,,,4.869760617355345,nan,,,0.941026508808136,,None,3.997161508220466,8.240202310338896,7.732935865618922,0.06283466517925262,5.5703874064896235,0.060869600623846054
Gaia,DR3,1357769802287026560,250.96481115453878,43.97418684924907,18.102338790893555,2.8999786376953125,3.9043016342858654,17.222570362543216,66.86784279879726,-21.5204682204891,,,4.639997844264467,nan,,,0.9618401527404785,,None,-2.0575930010444474,7.2331364516651995,-0.8654482588030492,0.10736045241355896,3.6049496598724904,0.11525996029376984
Gaia,DR3,1359060659001639936,252.86246843192018,44.38438856998119,12.177180290222168,0.8957796096801758,3.438449304482897,16.790794722378575,66.71743636255174,-21.508678500969182,-10.920207023620605,0.9352469444274902,4.344548818373963,nan,,,1.9909930229187012,,Gaia_DR3,-1.2997856817028728,6.950976483514907,1.7754740619426652,0.019369686022400856,7.629330251900584,0.0223713256418705
Gaia,DR3,1362567143318565248,266.0500171817925,46.71430220726302,16.869592666625977,2.684894561767578,4.88741089470776,16.446816749489653,65.62254311237837,-21.030547988373332,,,4.954467919039246,nan,,,1.0062988996505737,,None,3.4869029373196305,8.66544422498997,7.161988680677022,0.06362336874008179,12.208231515594045,0.07273312658071518
Gaia,DR3,1368315179653839232,264.6584646280878,51.47685196344702,19.191057205200195,2.9071197509765625,4.3827576734153535,11.778623961727556,62.93192137131966,-20.3162560916704,,,3.7889876219443224,nan,,,1.062757134437561,,None,2.2688260677848024,8.046637821555915,-1.227959352352253,0.2270960956811905,8.213342979991916,0.25270166993141174
Gaia,DR3,1368821955731066752,266.9042988885006,52.27176436000271,13.764631271362305,1.6628704071044922,1.1031826559490905,11.863111592136024,58.776079636701965,-20.096917035630213,-10.536066055297852,1.752482295036316,5.406229339093217,nan,,,1.0223064422607422,,Gaia_DR3,4.1522260889237135,11.686935452244779,3.0601977627442234,0.013126133941113949,11.063849737396994,0.01414438709616661
Gaia,DR3,1368208423946059648,265.4513256694656,51.39867680383725,17.884300231933594,2.8400955200195312,4.548313173205475,12.096979302257717,48.877668253479015,-20.30424073956864,,,4.291242857536634,nan,,,1.052363634109497,,None,2.826489991754227,9.058992834245888,0.9841176149260263,0.10615935921669006,12.738038124450092,0.10349384695291519
Gaia,DR3,1397146814075626112,239.3127440217194,45.72884109831539,12.7606201171875,1.112417221069336,2.833144100010746,17.24368747312701,67.13211121728324,-20.69113224159846,-9.219386100769043,1.6211782693862915,4.745916082300073,nan,,,0.9510397911071777,,Gaia_DR3,-6.230197474488297,7.445534370932616,-8.907122950849544,0.010405602864921093,6.5135514376643044,0.011840339750051498
Gaia,DR3,1398221208735003008,236.92630687644697,47.16653157081291,17.336275100708008,2.5271759033203125,4.402383181977995,16.60909323652594,67.05970786302409,-20.31020011079202,,,5.043953059541585,nan,,,1.0522651672363281,,None,-7.491554824882671,8.247417633349823,-2.9727838922666106,0.07814039289951324,7.025273948096961,0.09360188990831375
Gaia,DR3,1367211579217998080,264.10675713931397,49.84417513166349,18.220760345458984,3.1522865295410156,4.543729536691283,13.062782964495725,51.13146461890107,-20.611854964819614,,,4.608187336440288,nan,,,1.0164512395858765,,None,2.56706624713325,9.239299064535583,5.717825706849864,0.13820414245128632,12.330617943656645,0.1400042027235031
Gaia,DR3,1398505844807748096,240.40023470802544,46.42781003159077,17.517189025878906,2.5935611724853516,4.029411237690531,16.317763846498476,64.40041193181067,-20.677822578295885,,,4.860608564120558,nan,,,1.0179269313812256,,None,-5.99490769617454,7.968801667700826,-1.922728202779623,0.07635200768709183,8.65021221158663,0.10117743164300919
Gaia,DR3,1399210013285069568,243.755921716305,48.77258743310941,19.36956214904785,0.25553131103515625,2.6694791379853147,13.34431926817488,52.73215620035127,-20.54562407799152,,,4.391252055910748,nan,,,0.9702797532081604,,None,-4.328615712133461,8.191624351549788,-6.275258847390639,0.2799960970878601,9.713912901091048,0.2847452461719513
Gaia,DR3,1399658923267964544,239.9526646765969,47.81605390555314,17.395139694213867,,3.9089600598623373,15.148530106268712,61.21790934152778,-20.452387961911874,,,4.95726213085147,nan,,,1.1486228704452515,,None,-6.276351668290982,8.612889063567136,-6.271050791738151,0.08672985434532166,12.697907867193138,0.10442834347486496
Gaia,DR3,1386763850896218112,243.94877392806933,46.43247007116333,19.626638412475586,2.7509918212890625,4.16670068309459,15.545644996786514,64.59560338776434,-20.900326316242726,,,4.164200381762944,nan,,,1.065551519393921,,None,-4.0450788003047515,7.034606731530107,-7.5712882263680985,0.38211655616760254,8.006747089411828,0.3990791141986847
Gaia,DR3,1386767153726747264,244.11179959810448,46.47859926730386,17.71623992919922,2.677104949951172,1.4349922618072897,15.471436892787315,62.329602041755464,-20.902838460776223,,,4.958618501261311,nan,,,1.044448733329773,,None,-4.75661056726739,8.40409618384269,-6.205083016141012,0.10997267067432404,8.79401199990168,0.10148821026086807
Gaia,DR3,1385749143397678848,244.40363857690713,45.00455921121975,19.22881317138672,3.152477264404297,4.490141033286003,16.849062579836108,65.89029936765054,-21.11878885746529,,,4.793266722948174,nan,,,1.0139001607894897,,None,-4.493796720586911,7.593842711044917,-9.014440654311834,0.1900658756494522,7.2072100970752295,0.26522359251976013
Gaia,DR3,1386589307720974336,243.6857653947225,45.7259498696084,18.269535064697266,2.905670166015625,4.301077495266128,16.275255268138913,65.13998745963265,-20.982578749064597,,,4.965647822867201,nan,,,0.9751176834106445,,None,-4.920712681763471,8.101885603861813,-4.40114306481443,0.11147152632474899,3.6295604889177313,0.1321193128824234
Gaia,DR3,1367612046264031488,269.986556994453,51.52725106590216,16.121095657348633,2.2957496643066406,4.391891485031539,13.602443341497878,53.707388871194496,-20.08821857375152,,,4.396218762109843,nan,,,1.0346150398254395,,None,4.388991170534704,9.09699867960726,8.339714374452054,0.046801839023828506,8.11781194298747,0.0492897666990757
Gaia,DR3,1368310511024982016,264.24328312211804,51.35753544536169,12.468565940856934,0.9510936737060547,2.0878385364424883,11.755495599783082,52.957159964831064,-20.349684667755568,3.8362138271331787,2.231489658355713,4.043327897276225,nan,,,1.176276683807373,,Gaia_DR3,2.2941740929680083,8.564017079421342,2.155790309755391,0.013774867169559002,6.78978602183841,0.01438884623348713
Gaia,DR3,1368435236875696384,266.19826392330646,51.9215114622829,10.126463890075684,0.7602701187133789,3.6327568005614848,11.90381359796431,46.59349934084547,-20.185900436738663,-41.57233428955078,0.36631113290786743,4.505823041505325,nan,,,0.9028224945068359,,Gaia_DR3,3.2214456249447494,9.655933576309005,5.909670492863736,0.013250723481178284,11.819375112074939,0.015933813527226448
Gaia,DR3,1364140093484827904,267.79927251864956,49.16952620187981,18.975643157958984,2.8187198638916016,2.573081309393698,14.77899165465193,57.666705148752726,-20.58324104802612,,,4.526285131712194,nan,,,1.0934743881225586,,None,3.780250172812403,8.689028979523542,3.210691926714302,0.20052848756313324,6.300806558853349,0.2140260487794876
Gaia,DR3,1364168955665417472,268.4295435733495,48.99636973959939,15.384693145751953,2.047090530395508,3.969446619049563,15.136523332867242,59.041912869771295,-20.581267641100784,-22.46536636352539,19.579116821289062,4.648662641442014,nan,,,13.889117240905762,,Gaia_DR3,4.101667810883367,8.829772568102918,2.950754657321667,0.49172738194465637,5.113931045107624,0.4115777313709259
Gaia,DR3,1364645048495798784,258.62750784294633,45.703026847583985,17.060930252075195,2.6805734634399414,4.324966667697799,15.882504778789002,69.67082194481753,-21.354901980609796,,,5.403690289620505,nan,,,0.964595377445221,,None,0.759038842566295,9.238365536032,-4.162946783508206,0.0578233003616333,9.456011825619377,0.05904761701822281
Gaia,DR3,1364829010535424512,259.62273867645325,46.658990293907614,11.005657196044922,0.8643035888671875,1.9667665436562352,15.0921290309735,68.4045177434447,-21.20663197056367,-62.05571365356445,0.3714035451412201,5.461483352453617,nan,,,0.8195146918296814,,Gaia_DR3,1.1815569580549299,9.734035603122162,-1.0545647614871605,0.014466216787695885,9.377238012094196,0.014743514358997345
Gaia,DR3,1365451742137010304,261.0760263743892,47.83600517927259,18.615116119384766,-0.11667251586914062,4.391706178552104,14.214423905208948,55.46662599457234,-21.006675179914943,,,4.544429186503173,nan,,,0.9949235916137695,,None,1.4861162576942863,8.492239669508875,-1.3125427804453609,0.13223928213119507,11.63372294220203,0.14886386692523956
Gaia,DR3,1368881737379172864,268.1542612401129,53.10094684942145,15.231186866760254,2.052886962890625,4.284036627261201,11.674849406881147,47.46540962675361,-19.895911670916426,-19.64792823791504,6.295143127441406,4.799762070839122,nan,,,0.9702157974243164,,Gaia_DR3,4.136192896870904,10.601045586325668,-0.15714910033721805,0.027860114350914955,11.198777957560399,0.025967882946133614
Gaia,DR3,1368596173594343680,268.21886086879596,52.25868486145019,18.970539093017578,2.8353347778320312,2.4976294109615464,12.355038527034214,58.061440743135,-20.044842201628224,,,3.955742783449652,nan,,,1.0450605154037476,,None,3.427973866175188,8.488851276791154,2.715913771049309,0.22058510780334473,10.446150931652513,0.25885269045829773
Gaia,DR3,1398789797980508160,240.00097205779727,47.338171986965996,15.402326583862305,2.006643295288086,3.2749843754639243,15.574972193439356,62.962396650884976,-20.523795419929233,,,4.264436528231268,nan,,,1.033870816230774,,None,-5.384123016259943,7.258785542335892,-4.005225896658172,0.02613692358136177,4.657487351760814,0.03370952233672142
Gaia,DR3,1400406694253090048,241.35050728267925,49.97632892897987,18.40857696533203,3.1379146575927734,2.594072337876253,12.801488568593905,53.43990988450671,-20.21775008493624,,,4.963532104800851,nan,,,1.0260655879974365,,None,-5.775734231254763,9.537545338385328,-7.753920797492405,0.12274458259344101,7.678938642407358,0.1650550663471222
Gaia,DR3,1386692313920687104,243.9615652421997,45.97500977726274,18.952190399169922,2.8607654571533203,3.143655225503939,15.984701415136387,64.76294708570819,-20.964311781386606,,,4.252162888445539,nan,,,0.9778620600700378,,None,-4.126478395170042,7.033954712606237,-5.51210432091964,0.18276779353618622,9.487724547799619,0.19233150780200958
Gaia,DR3,1399828454216215296,238.8583532042651,48.01041166179704,19.62506103515625,2.642681121826172,3.1600241810888243,15.276406464304982,63.19061954488272,-20.345227606334944,,,4.181829166729523,nan,,,1.0850282907485962,,None,-5.627821627749284,7.2492610648028615,-5.460313482783008,0.31436899304389954,4.468514114860257,0.3384692668914795
Gaia,DR3,1398832919452574976,241.11696783741976,47.238175097175876,14.451565742492676,1.8175888061523438,2.424304696401678,15.385515117245584,60.19354758822358,-20.614437033208894,-37.40238952636719,3.116838216781616,4.717128142000189,nan,,,1.0298537015914917,,Gaia_DR3,-5.569992541624459,8.076099643985836,-3.954009545746732,0.016880733892321587,9.865071930273956,0.018187478184700012
Gaia,DR3,1399214518706752256,241.7481393703404,47.50507692950116,6.64871072769165,-0.034234046936035156,1.9315182605342034,14.9851055159286,63.97995204159765,-20.617242311870204,-9.400454831123351,0.7709079384803772,5.207896084917871,nan,,,1.2012412548065186,,Gaia_DR3,-5.907625082346062,9.070701263730749,-7.638944446096376,0.034150127321481705,7.846223116496767,0.03795371577143669
Gaia,DR3,1399658927562631936,239.95188481281988,47.816097098936424,15.505455017089844,2.2321834564208984,3.1295338168288187,15.14869993789294,61.42222773476933,-20.45232689402728,-44.185882568359375,8.563544273376465,4.975778621934974,nan,,,1.0142290592193604,,Gaia_DR3,-6.300078663625905,8.645012788773174,-6.130352972267443,0.030401701107621193,11.923328327163858,0.03632976859807968
Gaia,DR3,1399189779694994176,243.97720540612767,48.58072118077373,17.087961196899414,2.7006006240844727,4.731615347461637,13.481238451567476,53.342524565622774,-20.586961300477974,,,4.73832728805492,nan,,,0.9508382678031921,,None,-4.5927589265551,8.78366785539894,-4.460312519268985,0.0631246343255043,4.059174904142381,0.06580336391925812
Gaia,DR3,1401975839080392320,233.2302980164499,48.077868430589476,16.95872688293457,2.588404655456543,4.123175755415028,17.05938587028843,68.21690307538701,-19.85402035007736,,,4.307486074767869,nan,,,0.9893032908439636,,None,-7.526178172194719,7.001584884453454,-4.03547318100075,0.05256201699376106,8.35555591392561,0.05842813849449158
Gaia,DR3,1398384348771665280,240.32973171793594,45.4892315471562,10.019824981689453,0.6509542465209961,4.656031399808549,17.21393788134507,69.26834230183128,-20.797301070423973,,,5.062648427081911,nan,,,3.3498055934906006,,None,-6.270221418552355,7.931700568730151,-9.382748281168503,0.06233718618750572,11.80532351869417,0.07059245556592941
Gaia,DR3,1366998617559712000,265.67990501025105,49.326972322210494,18.838050842285156,2.973560333251953,3.296269984169722,13.978726817835806,56.835911911838835,-20.644511389280364,,,4.253618915053259,nan,,,1.109970211982727,,None,2.8750296494294836,8.30649026642581,5.262650612497653,0.19033485651016235,10.048880560276121,0.2068050056695938
Gaia,DR3,1400573648221785472,241.31410454129298,50.52726814189771,17.74418067932129,-0.16301536560058594,4.080249520504664,12.313657943234018,55.42140139549746,-20.126997486953993,,,4.031224620504294,nan,,,0.9904678463935852,,None,-4.701662355019526,7.9087519024629085,-5.365171875877762,0.10540852695703506,4.505337209979608,0.10189671069383621
Gaia,DR3,1401409384434159488,236.88884472383378,48.22225709534288,17.2364559173584,2.723785400390625,2.7058606913241965,15.686381869771413,63.96124535933863,-20.160868092655843,,,5.040698408488857,nan,,,0.9554345607757568,,None,-7.500271343355462,8.634955286483535,-9.1667211995253,0.06702522933483124,6.291782575131033,0.07807939499616623
Gaia,DR3,1399052031504128128,242.75897041750272,47.81592815644733,14.284242630004883,1.5619230270385742,3.3648585004998837,14.46333104680464,69.04355019997409,-20.63375556354936,-21.287429809570312,2.8856077194213867,3.86848275242628,nan,,,0.9898868799209595,,Gaia_DR3,-4.099418267254652,6.8844786573326715,-6.291202521771788,0.015578791499137878,5.233380067278974,0.01732185110449791
Gaia,DR3,1400130068295568512,241.03831282576678,48.733766404269645,13.767108917236328,1.4279441833496094,3.8633221201656984,14.019292115033391,55.29649781349362,-20.390504329467923,8.079007148742676,2.0328924655914307,4.40238191463424,nan,,,0.9865514636039734,,Gaia_DR3,-5.2237749139610266,8.028949018883708,-2.0363660646247865,0.014307959005236626,6.387103727043721,0.016892222687602043
Gaia,DR3,1403479970987309952,240.90523378332247,50.42135977891539,15.567312240600586,2.1149845123291016,3.0629952993838705,12.523595717163815,53.96446249434948,-20.118692155940565,,,5.0557303283536035,nan,,,3.3151659965515137,,None,-6.04842019542486,9.846157491845263,-9.146994930355763,0.10049929469823837,10.873792493974804,0.13556700944900513
Gaia,DR3,1403689049995731328,241.5433092144212,51.58182200124901,16.968923568725586,2.7942705154418945,4.759166496111267,11.307678188140947,54.41625558116915,-19.966068253529585,,,5.267891304798742,nan,,,1.0663725137710571,,None,-6.055157960768042,10.763941049587316,-8.975140762355801,0.07287943363189697,15.169247956735045,0.06618543714284897
Gaia,DR3,1398760111165860608,239.78322368489123,46.795749763344865,20.132173538208008,2.7052974700927734,4.279383454241526,16.132732023472908,68.05549746803473,-20.583594858378163,,,4.11042799482501,nan,,,1.0563675165176392,,None,-5.255025847486595,6.813383196795364,-8.456151155219015,0.48248419165611267,8.685098043605516,0.44156613945961
Gaia,DR3,1367810744334625920,267.5597331254786,51.52747821742065,19.195308685302734,3.0428714752197266,4.841061668204269,12.70426935475426,49.74420476294267,-20.20159613750459,,,4.482456480307675,nan,,,1.0418704748153687,,None,3.6631912843532355,9.410480067837952,5.387714095758771,0.26439276337623596,13.64751827398976,0.3146948516368866
Gaia,DR3,1403405341635412224,238.58010710149807,50.73640873409829,14.163932800292969,1.4569644927978516,4.024535831400199,12.95885380469436,66.41064989715554,-19.91162009294998,12.352971076965332,3.0160791873931885,3.8016054990783923,nan,,,0.9994111657142639,,Gaia_DR3,-5.19285850952485,7.339273503362379,-2.010069719976309,0.016734328120946884,6.817153761237488,0.018258333206176758
Gaia,DR3,1410493102825647744,247.75262427441706,47.66454339297559,15.157808303833008,2.1535396575927734,4.702062178877888,13.776222848080454,65.86648846369714,-20.899062337086058,15.427380561828613,8.041234016418457,5.5152896174936314,nan,,,1.119960904121399,,Gaia_DR3,-3.786049252010737,10.062157536694766,-8.966727496289638,0.02892393060028553,8.316158108468581,0.032398104667663574
Gaia,DR3,1404974963203772928,238.60764640265458,53.29041289458728,16.726102828979492,2.328977584838867,4.477146586956132,10.840209330614508,59.840385452404206,-19.48588581403493,,,3.788420442695674,nan,,,0.9493838548660278,,None,-5.167285199476376,8.017631535331804,-8.314608983520102,0.05446632206439972,9.714504592668197,0.059687938541173935
Gaia,DR3,1403888576996206336,240.67774093358133,51.84585152943041,17.64488410949707,2.8623523712158203,3.638960503830638,11.336075325978832,65.55642676778443,-19.868959042750184,,,5.773853132617177,nan,,,0.9339383244514465,,None,-7.003893161511678,11.82869403756985,-4.693050702785012,0.0762154683470726,15.60740296629816,0.09601510316133499
Gaia,DR3,1404858964727334656,238.63201331910395,52.56513746997267,17.488683700561523,2.150287628173828,3.6802414905369942,11.412493916348181,52.794337515715156,-19.61298758837419,,,4.008231246026379,nan,,,4.09828519821167,,None,-5.4600190618300655,8.275439170861299,-8.55441110037615,0.5244119763374329,8.58375178435891,0.5828605890274048
Gaia,DR3,1405842817179705216,251.30676140616322,44.67304694997494,16.916927337646484,2.5896387100219727,3.1156444417815927,16.514776062066364,66.83481299347068,-21.4373942971285,,,5.0521863447787165,nan,,,0.9850800633430481,,None,-2.1091932969510006,8.163970417032731,-5.0361316951300426,0.05531055107712746,9.727394278008564,0.06341497600078583
Gaia,DR3,1406730604100108416,248.10249218321786,45.81028844931191,18.273338317871094,2.8323287963867188,4.5934243526228915,15.572937728770126,69.22647899699383,-21.181547208688123,,,3.984697209725582,nan,,,0.9902737140655518,,None,-2.630243306521651,6.709244094051942,0.3084896952720362,0.12937135994434357,9.209682596425212,0.14108477532863617
Gaia,DR3,1399641850772644608,240.13189750980985,47.6593937165444,17.096567153930664,2.667962074279785,4.289588718107381,15.244678301041812,59.532938378841244,-20.48741158509924,,,4.680230641013934,nan,,,0.9961749315261841,,None,-5.864309623538174,8.08995573953597,-9.281254452894368,0.06650789827108383,10.587287855976879,0.07447316497564316
Gaia,DR3,1405964416294199168,251.45973695969693,45.58948216771345,15.73202896118164,2.332944869995117,3.3874507159684484,15.59527474631106,62.68774137098555,-21.315779165942544,,,4.952412385613407,nan,,,0.9569371938705444,,None,-2.0099879091068407,8.363809597078468,-4.321972749297515,0.029998555779457092,11.039998386029477,0.0365377813577652
Gaia,DR3,1408284591987175936,255.33174387897165,48.349448323795436,18.663061141967773,3.1760101318359375,1.7347579604203,12.926891233292698,59.86920931297496,-20.96059552769733,,,5.3193309898488375,nan,,,1.0695754289627075,,None,-0.59034096810559,10.19422164307123,-2.2907020992802485,0.18252573907375336,9.249248092541565,0.17080597579479218
Gaia,DR3,1407636915214484992,254.1391873700376,47.009118284908325,17.55168342590332,2.744657516479492,4.224169518489005,14.197094705039211,62.358710269558074,-21.15683867096046,,,5.255008688493232,nan,,,1.0406413078308105,,None,-1.0610827255505744,9.51217151969749,-3.4907322921093202,0.07553546875715256,13.511570498486606,0.08905009180307388
Gaia,DR3,1406963773580676608,250.63834880721404,46.12377112010824,17.761512756347656,2.9437332153320312,3.214972825749761,15.087431965364814,69.00700736828752,-21.21961175196187,,,5.497188283961971,nan,,,1.0023443698883057,,None,-2.5739037627879666,9.489113484054743,1.1471934343575683,0.09965498745441437,9.674483743951878,0.11396364867687225
Gaia,DR3,1407256548614753792,249.7336494052654,46.93570482069703,15.943793296813965,2.3057947158813477,4.358716244242827,14.325051665009056,56.4202762996565,-21.07584214008898,,,4.739048896426476,nan,,,0.9977888464927673,,None,-2.5439056585514686,8.452738835698181,-5.840566813256079,0.03648676723241806,11.297723897553762,0.045525696128606796
Gaia,DR3,1407337087842106880,249.92720382842228,47.5866644379406,18.051170349121094,2.6375370025634766,4.641734556297721,13.664781852606033,63.245444771747245,-20.98413913229297,,,3.9461716710750077,nan,,,0.9816222190856934,,None,-2.060439150688814,7.242616069497317,1.4777421442599057,0.10274499654769897,8.78918478251176,0.1263086348772049
Gaia,DR3,1407917531197703168,253.80003828996124,47.775498390446934,16.280153274536133,2.268390655517578,4.308258222367682,13.419655012508212,59.109974143870275,-21.03612259463267,,,4.04855395636617,nan,,,1.7261067628860474,,None,-0.9221221867416096,7.565559627970917,-1.4184303685019775,0.07268962264060974,11.20890504489764,0.07222134619951248
Gaia,DR3,1399186000123776896,243.7647335101594,48.371615231237094,19.185997009277344,2.9989280700683594,3.698506474881197,13.723454132719096,64.20028378905998,-20.607484030451303,,,3.9252014012060084,nan,,,1.0117731094360352,,None,-3.866641425601756,7.203444323110851,-6.646148198844367,0.21854308247566223,5.922642806205444,0.24914444983005524
Gaia,DR3,1399214514413058048,241.74687866033153,47.50683298063547,15.16124439239502,1.7588796615600586,1.8573300573398146,14.98375401042858,65.46614512142447,-20.616909317526144,,,5.3034693410639075,nan,,,1.089726448059082,,None,-6.016532200960004,9.237772524328273,-7.3363729040266925,0.046782348304986954,7.634637470051466,0.057644207030534744
Gaia,DR3,1408032116630424448,254.30915691084923,47.40155918511335,20.21161651611328,2.512136459350586,4.1587275518690445,13.812430522430178,63.10658124971169,-21.09942994693796,,,3.9666693885713475,nan,,,1.0952287912368774,,None,-0.7495490196396043,7.302909448739135,-4.178506971106732,0.5748642086982727,7.882432012724196,0.7281041145324707
Gaia,DR3,1413647739125153408,252.91480576756052,51.92608194349712,15.15945053100586,2.1083106994628906,4.762628054119858,9.250693007375554,59.2776870122774,-20.327976233132325,-8.472674369812012,8.608448028564453,3.7069731807464352,nan,,,1.466476559638977,,Gaia_DR3,-1.0942682933624492,8.087899800085946,-1.8990834540676689,0.03183316811919212,4.454121102094738,0.04474677890539169
Gaia,DR3,1408077888096705664,255.42830809530426,48.06020076589613,14.695978164672852,1.6550521850585938,4.5192084443411344,13.22140452706507,62.58025116105683,-21.006764503329922,2.865029811859131,4.418241500854492,3.918736312128726,nan,,,1.056594967842102,,Gaia_DR3,-0.40603670652725365,7.423013209311872,2.986572355466965,0.016942938789725304,5.86475418289052,0.022549085319042206
Gaia,DR3,1409349778236846080,253.659098077147,49.070223510113856,17.64602279663086,2.9005603790283203,0.42830985157057627,12.12193433337208,49.85022964103496,-20.82880940620471,,,4.867517379770148,nan,,,0.9955042004585266,,None,-1.1609269791042578,9.57958687698976,-1.5855002732341028,0.11182551085948944,9.466026355507353,0.12016497552394867
Gaia,DR3,1409228007324023680,255.2256750192625,49.33378692008134,19.267929077148438,2.8080596923828125,2.980887942161115,11.940839449403567,64.33092586270001,-20.800774679800625,,,3.771176259533847,nan,,,1.0655922889709473,,None,-0.4490380357802112,7.512044882268872,-2.1576262535349886,0.2258707880973816,9.154217990593542,0.3038252592086792
Gaia,DR3,1408778139564468608,253.3436079443948,48.66789323159808,15.631532669067383,2.065317153930664,3.955225759137937,12.515479024512636,58.35674038526505,-20.8894886422006,,,3.964174767478189,nan,,,0.9870898127555847,,None,-1.0407497890632396,7.675144749995874,-3.3582957715619064,0.02822185680270195,5.318406565898783,0.030704746022820473
Gaia,DR3,1410748189523512704,249.72886714496846,49.42654202843177,20.22005844116211,2.0548477172851562,4.136947807221143,11.847583619236476,56.13361882416254,-20.68832816828513,,,3.9577526149312217,nan,,,1.1319639682769775,,None,-2.1259417071613314,7.817098431649128,-5.116849011826031,0.6728185415267944,9.5398841140493,0.6633232235908508
Gaia,DR3,1410836661554679040,245.23052155995097,47.34557465705133,17.51565933227539,2.9714603424072266,2.2338224926729473,14.439083355400308,61.47829393988509,-20.836423148453253,,,5.153570953297028,nan,,,1.0380668640136719,,None,-4.51349632956187,9.145257600280141,-6.220639741931459,0.086250439286232,10.870194083400598,0.09294941276311874
Gaia,DR3,1409261409283469824,256.16299530080363,49.7411343840419,15.59292984008789,2.114516258239746,1.1599792885771374,11.618003929256302,55.16358491480886,-20.7372907988759,,,3.961498362761886,nan,,,1.0922232866287231,,None,-0.18841946167829252,8.018663070363411,-1.0001819849085516,0.03333452343940735,7.490011991625954,0.05055887997150421
Gaia,DR3,1409261203126169984,256.16538625061554,49.74073115746734,9.528252601623535,1.218287467956543,1.4252081744063392,11.618640687976171,54.77048797736374,-20.737364396152152,-63.7712287902832,0.16928109526634216,3.972580321819467,nan,,,0.9814144372940063,,Gaia_DR3,-0.18822182912877727,8.04097831143061,-1.115737297395998,0.011153352446854115,7.289787457519406,0.012579930946230888
Gaia,DR3,1408945505850641280,252.2585773831495,48.52161970860607,19.885557174682617,2.787099838256836,4.7489140689589755,12.65252664273704,59.36923046005363,-20.894785595705464,,,3.9497059275207302,nan,,,1.099630355834961,,None,-1.3631644462128094,7.585645593628527,-4.935075997309641,0.412809282541275,5.889605663063501,0.5199825763702393
Gaia,DR3,1407543727308161024,253.526695737715,46.30593833980796,17.672563552856445,2.5663223266601562,3.9576177617475543,14.88028758399338,58.191083285319806,-21.25266756347159,,,4.683820002541137,nan,,,1.0119645595550537,,None,-1.1643611817414066,8.212916401487526,-4.715794079602628,0.08517736196517944,6.5826604156811275,0.10661932826042175
Gaia,DR3,1411521833392478208,249.85999410539316,49.93322580105502,13.265241622924805,1.2452478408813477,4.067146951983249,11.334584688237932,53.325983657816884,-20.60843630637521,-12.270545959472656,1.4030990600585938,3.9842144167282707,nan,,,0.8885467052459717,,Gaia_DR3,-2.1005877557282524,8.026534348936478,-5.103365233957774,0.01192410383373499,6.397821185881664,0.012427014298737049
Gaia,DR3,1411315709322090880,247.569759271435,48.19502292143929,11.521535873413086,0.8062362670898438,1.9694637479005372,13.274911242941835,60.0150501447208,-20.81110122974176,-23.48275375366211,0.5432985424995422,3.999786014341887,nan,,,1.1494098901748657,,Gaia_DR3,-2.8008148756140825,7.45360563596713,-3.582757852717054,0.015542255714535713,8.918630390950984,0.02164887636899948
Gaia,DR3,1411926724253500928,251.9306051402596,48.97734241866841,19.633346557617188,0.32269859313964844,4.221160089332303,12.200036547269995,51.46632222404055,-20.81534154655693,,,4.166637354366999,nan,,,1.0028266906738281,,None,-1.5419584754263655,8.141662367524654,-1.0404482425145092,0.276075154542923,11.815324803421255,0.2960963249206543
Gaia,DR3,1411048837234089216,244.96357683981475,47.76838336334538,12.112648010253906,0.9861278533935547,3.852368432511004,14.075109456132118,58.34453204297304,-20.76063032074432,-13.151432991027832,0.9959394335746765,5.015739621266895,nan,,,0.95273357629776,,Gaia_DR3,-4.492831369895795,9.047787921544497,-2.274122698165899,0.00938564632087946,12.463881278212206,0.01107596792280674
Gaia,DR3,1412201056701102080,250.9863155455433,49.51847317248785,15.590449333190918,2.1757421493530273,2.4979382353374793,11.684824667430071,46.46401937006307,-20.706340375621476,,,4.360404793403905,nan,,,1.0441070795059204,,None,-1.9264901205304492,8.678543267474415,-3.1389630966523043,0.029756778851151466,6.728619334745421,0.035618510097265244
Gaia,DR3,1412496477435462528,254.1176167464274,50.40687671683414,18.67955780029297,3.0281505584716797,1.7959794916800307,10.805605920712033,66.5136664548363,-20.610856563667536,,,3.6612277121439982,nan,,,0.9717894196510315,,None,-0.7452887868595939,7.583816124381093,0.6343961899696096,0.1644599437713623,7.717840502269102,0.19412602484226227
Gaia,DR3,1411022517675176192,246.60118551865475,48.55100036727335,16.671247482299805,2.3975582122802734,4.22632751083075,13.053916866304514,65.86698089265143,-20.716736606311404,,,3.821547103967096,nan,,,0.9773436784744263,,None,-2.9544017598859558,7.18988185472948,-6.134613714644745,0.04665403440594673,5.973729988091061,0.05485544726252556
Gaia,DR3,1411315709322090624,247.57255692698277,48.19240169155086,15.697566986083984,2.2087221145629883,1.783885470280566,13.277155623763043,57.94834816461121,-20.811613383734958,,,4.070900302226298,nan,,,1.0138378143310547,,None,-2.8497542087977887,7.585413306300705,-3.5625373111888243,0.027978181838989258,8.940262294797131,0.0402146652340889
Gaia,DR3,1410493102825647488,247.75124371156795,47.662196446554105,15.808086395263672,2.38771915435791,4.694278748907234,13.778691856043672,65.16115718694275,-20.899363768376247,,,5.477626944119896,nan,,,0.9931785464286804,,None,-3.7607650479972388,9.992389150992373,-9.055438645830353,0.03607718646526337,8.830472876727306,0.04235559329390526
Gaia,DR3,1411273206326038144,245.91034672242853,49.02310681060174,15.950303077697754,2.318638801574707,2.7613289499691764,12.701590291517403,50.866717069822606,-20.61259713290078,,,4.778257506267394,nan,,,0.9635080099105835,,None,-3.94166478146799,9.126843782887958,-6.226805172881851,0.03524366393685341,10.712679063411613,0.041737377643585205
Gaia,DR3,1411823237017418624,248.43805633240362,50.51500891275445,19.77118682861328,3.3827438354492188,4.877677158071454,10.89110979380688,46.23876759817624,-20.46693808920711,,,4.1739267437008465,nan,,,1.0114072561264038,,None,-2.649455322734382,8.546087579164166,1.1965067843457038,0.3007635772228241,6.641108269899219,0.4095149040222168
Gaia,DR3,1412354984032754048,252.28316771033968,50.395105649538905,19.05191993713379,3.139545440673828,1.6716036045315392,10.778972620910427,45.65039727436943,-20.5864170206448,,,4.181022778747857,nan,,,0.972690761089325,,None,-1.435178203219421,8.62857629261469,-2.4045874329752475,0.21217630803585052,9.738088842987274,0.2309737205505371
Gaia,DR3,1412928722944418944,255.65090337977173,52.218522583859,19.666921615600586,2.531482696533203,1.1942637915214938,9.121066088675912,35.81522277912721,-20.30140414394522,,,4.463956824802814,nan,,,0.999314546585083,,None,-0.38672641930225604,9.869238829341777,-0.8541596989371012,0.33368831872940063,10.891277780756976,0.3460232615470886
Gaia,DR3,1412623436668850944,255.5063525400295,51.09109385595027,18.32517433166504,2.8267898559570312,3.4009827194362168,10.220703531974996,44.83615374540762,-20.502998331258496,,,4.946935165510059,nan,,,1.045951008796692,,None,-0.4831206275827555,10.517180563787594,-0.6520985621621578,0.1226007491350174,6.974446921137898,0.1452605426311493
Gaia,DR3,1411340787636054656,247.61701053246975,48.66326082374314,18.20174789428711,2.7581844329833984,3.823156802859374,12.808768186532173,50.10189239091566,-20.740017599625293,,,4.503307077903596,nan,,,1.0268828868865967,,None,-3.137372904322694,8.555148999753477,-0.7143887364503878,0.1428861916065216,11.257427221733305,0.17561352252960205
Gaia,DR3,1407807369580157440,253.23512187177616,46.875890001917746,20.063507080078125,0.5126972198486328,2.824417146550697,14.304507822381174,60.96942749793142,-21.164648457059247,,,5.1475454406728804,nan,,,0.9994381666183472,,None,-1.3939627042462404,9.25019330889405,-2.5520834397107213,0.5051625370979309,6.412493076490524,0.5127516388893127
Gaia,DR3,1408432858553595008,255.65106844560108,48.694594469684056,10.995779991149902,0.9004592895507812,3.8302659846670863,12.608368002482619,49.29872340549609,-20.907211888157708,-39.419349670410156,0.3249594271183014,4.544318509973366,nan,,,0.9199469089508057,,Gaia_DR3,-0.39363117522158736,8.831712122263614,2.592675555070984,0.012274524196982384,6.699555171114852,0.013816026039421558
Gaia,DR3,1412799289810252160,252.8547211219003,51.10636123852169,20.172849655151367,0.23496627807617188,3.9928307177239635,10.069455868491877,40.578675729365166,-20.472934787091184,,,4.315678313946933,nan,,,0.9941408634185791,,None,-1.2936935698778553,9.149206701029753,-3.6572107835433565,0.5331512689590454,11.907792130374295,0.6614596247673035
Gaia,DR3,1420109946918558464,256.6480823483227,54.62180245342243,16.94972801208496,2.7246580123901367,3.4824802712683214,6.914352650689807,33.76427649914881,-19.846388410675893,,,4.897738731994369,nan,,,0.9814673066139221,,None,-0.05166650383862659,11.70166624803321,-3.590384151553713,0.05841517820954323,11.064431790920796,0.06516306847333908
Gaia,DR3,1414268619597869952,258.082119035113,49.55723878122317,17.45537567138672,3.217700958251953,4.776496665907527,12.035500951087135,56.25320002390935,-20.765338830518164,,,5.260250031202384,nan,,,1.057569980621338,,None,0.5200631947826944,10.570179261014454,-2.1500193466744157,0.07397128641605377,5.995693215242973,0.09153064340353012
Gaia,DR3,1415601738791084800,257.66006859581967,51.39364989857056,18.551301956176758,3.2100601196289062,3.756712415699856,10.187593906881455,62.45310037995013,-20.451216761925878,,,5.7382079244930155,nan,,,0.9965022206306458,,None,0.3825544440202659,12.332923030607942,-3.966687569786912,0.1511930227279663,11.015513053380857,0.1744822859764099
Gaia,DR3,1412959131312725504,254.45175588808854,52.14171482843917,18.088611602783203,3.0293102264404297,2.4360453219835247,9.096242453582994,63.73902498175102,-20.307376017504314,,,5.875482075657024,nan,,,0.9951003789901733,,None,-1.0463669056422025,12.94334712355834,-0.6578377020807433,0.11610854417085648,9.951154782456122,0.1430806964635849
Gaia,DR3,1413643989617544192,252.61447776098692,51.88911827219234,18.0649471282959,2.9084739685058594,2.096082894825235,9.284796984107007,40.66589219460831,-20.32994218388724,,,4.150461537310827,nan,,,1.0433440208435059,,None,-1.3200622529090538,9.038773129115853,-2.0951462415700544,0.11351485550403595,7.376620421395095,0.13209515810012817
Gaia,DR3,1413956594516975104,253.1228120890818,52.929827585554705,8.409128189086914,0.3746461868286133,4.121774782180777,8.2512896140348,62.241996040415465,-20.146654459321333,6.523001194000244,0.4183991551399231,5.869770343938829,nan,,,0.8995730876922607,,Gaia_DR3,-1.6397452947989013,13.25055799577578,1.640914743552252,0.015695534646511078,9.345376301188875,0.021074265241622925
Gaia,DR3,1413647803548667392,252.89578285297924,51.92539631851949,18.151914596557617,3.0381107330322266,4.803784477667082,9.251111045262329,51.78385287589524,-20.327812781504292,,,3.8487208739215815,nan,,,0.9761961698532104,,None,-1.1416848297704014,8.396670740253073,-3.9671773969683413,0.11756294220685959,5.712000224317891,0.14898136258125305
Gaia,DR3,1414251542807889536,258.255555876688,49.35893924906459,12.390172958374023,1.1533012390136719,3.109698877357558,12.254252961835869,58.06482494090569,-20.797196840305666,-1.848368525505066,0.6748328804969788,5.32127547869178,nan,,,1.1775256395339966,,Gaia_DR3,0.5964982999849968,10.610779577037624,-2.8917498956412357,0.013788125477731228,10.579011452656733,0.015034935437142849
Gaia,DR3,1414664581222628224,259.0535049844856,50.74425253611764,10.399785995483398,0.6711673736572266,4.693927914592841,11.048010841335142,64.65087979079578,-20.556637789648512,8.033515930175781,0.39703884720802307,3.7080608487368605,nan,,,0.9801335334777832,,Gaia_DR3,0.6413146472022137,7.779412149745019,4.161072500303664,0.014640949666500092,8.816008104536147,0.014907466247677803
Gaia,DR3,1412556198956442240,254.26835065514805,50.7441601974701,13.771843910217285,1.4674243927001953,2.166440819466944,10.47688319294485,46.76631478604814,-20.554257273771363,6.840082168579102,1.861508846282959,4.0908259370582245,nan,,,0.9580816030502319,,Gaia_DR3,-0.7857354517409043,8.579883722354252,-0.6989638120866779,0.014771715737879276,10.446178491935262,0.017689403146505356
Gaia,DR3,1414488659362028800,256.87320604667195,49.580534319931644,13.214156150817871,1.2404603958129883,4.354719855390922,11.853260831231491,50.23471033484198,-20.764885035122653,3.598583459854126,1.5859146118164062,4.161446205373091,nan,,,0.9916305541992188,,Gaia_DR3,0.027586188829982358,8.373131294136627,3.689019233611981,0.010340691544115543,7.282952865060934,0.013513579033315182
Gaia,DR3,1414703751322777472,260.46876896633074,50.01706048766534,19.96305274963379,2.222431182861328,3.5224857546262873,12.016418627331698,65.05496643973852,-20.664133630829472,,,3.7614972748918905,nan,,,1.1233817338943481,,None,1.0562092315662017,7.66771501580748,-0.3554006444377912,0.5548275709152222,5.257466555386113,0.5506412386894226
Gaia,DR3,1413683507612737664,253.7390813842942,52.366534147133606,14.726509094238281,1.7487678527832031,4.376360330725086,8.834035262496611,35.93086509020069,-20.25885326449334,-20.351396560668945,2.820495367050171,4.6778635944918765,nan,,,0.9778795838356018,,Gaia_DR3,-1.0871854699588313,10.374155938849972,3.015740978628288,0.02248753234744072,9.03575391061961,0.020768532529473305
Gaia,DR3,1408576688419068928,251.1766740453813,47.134864884934125,14.78757381439209,2.16225528717041,1.8748433861526212,14.058431419283,54.99141610350328,-21.08548033528057,-19.543716430664062,4.066224098205566,4.486527428988379,nan,,,12.888792037963867,,Gaia_DR3,-1.9173675748099197,8.11154740518124,-0.29475909581718285,0.24016070365905762,8.826745946019903,0.2264728993177414
Gaia,DR3,1410490040513616768,247.82103996825805,47.66582450099488,18.495819091796875,3.219572067260742,4.630327626184401,13.76734037043863,62.692895679268695,-20.901475984036004,,,5.345490454331774,nan,,,0.9794580936431885,,None,-3.641925820824292,9.75612781792443,-8.729053353499607,0.16041715443134308,8.595538978760906,0.17664840817451477
Gaia,DR3,1415075111375629696,260.23200539359334,51.44566508984807,20.123870849609375,2.421041488647461,1.8715450191760565,10.621024634323774,43.00382545978787,-20.420109699763408,,,4.296033268184552,nan,,,1.038642168045044,,None,1.1288412213571433,9.225286539099855,0.1294365121666028,0.4010846018791199,10.59425570334529,0.4666314423084259
Gaia,DR3,1421278689124061568,263.1939866706012,56.0894607320611,19.9859561920166,2.6860427856445312,4.0739538329219185,7.533870955432316,40.17482864072959,-19.477593526582652,,,3.983393154276841,nan,,,1.066606044769287,,None,1.9435668252851706,9.850883651938563,-1.0435386190539817,0.3868221044540405,8.183296524472777,0.4110223948955536
Gaia,DR3,1415784021498431616,258.5277019595814,52.04947764660489,9.388043403625488,0.7136325836181641,3.5953680545532625,9.704109175802849,46.54385648247917,-20.328853947717594,-62.032005310058594,0.1829940378665924,5.106531556056839,nan,,,0.9528918266296387,,Gaia_DR3,0.6784271947151314,11.22064462775156,-1.0705270192190353,0.013358588330447674,7.767893737974581,0.01373344101011753
Gaia,DR3,1415687844295294976,258.38384168248007,51.531058699178786,18.325284957885742,2.9355545043945312,4.90908913034086,10.174088792442653,45.595179399864364,-20.42321146980653,,,4.092180829027184,nan,,,1.0066025257110596,,None,0.49876401042811386,8.833674837294527,2.7168093488475358,0.12636522948741913,5.226047701783302,0.15957193076610565
Gaia,DR3,1416789421802696960,263.96361719912164,53.17664597240381,15.68966007232666,2.2299461364746094,4.781343722015211,10.107444608481872,40.16569997685724,-20.028420596511438,,,4.369662203070369,nan,,,0.9955905675888062,,None,2.3868466729591904,9.855508693867856,1.2178324659195905,0.04050031304359436,14.101961119941171,0.036334291100502014
Gaia,DR3,1415557865700152576,256.57736731438564,50.82586388646784,18.311983108520508,3.0459842681884766,2.616986814653079,10.594354229859677,46.37839640708921,-20.5526116223528,,,4.121134999812721,nan,,,0.9988095760345459,,None,-0.06571123325506716,8.682317625987151,-2.3248515618072068,0.13932958245277405,8.938125672847363,0.15185458958148956
Gaia,DR3,1416024505307146112,262.68288041344937,52.99098741426967,12.192545890808105,0.9767999649047852,4.910088867190645,9.8627488667476,38.6838509903813,-20.094706559629806,9.829022407531738,0.8106584548950195,4.492468546481165,nan,,,1.060363531112671,,Gaia_DR3,2.0177571424891556,10.110845077920514,-2.459014043164828,0.011597298085689545,8.852954112960742,0.013133256696164608
Gaia,DR3,1415400596882369536,258.29931543636536,50.682539845340536,18.893943786621094,2.886333465576172,3.4765347416214865,10.977056290479224,46.52579250944227,-20.573039004738668,,,4.175963762104955,nan,,,0.9454534649848938,,None,0.48205156743819244,8.747682218578225,-0.2985918880144868,0.16815173625946045,5.788399908866133,0.19188004732131958
Gaia,DR3,1418734629670881664,256.6385928243264,52.2618041358019,17.087543487548828,2.7326488494873047,3.0134651314581085,9.196052828395992,36.778739857435255,-20.295929768894233,,,4.632557467958795,nan,,,0.9995492696762085,,None,-0.05222350699458972,10.26006870962192,1.9485029677671784,0.05852467566728592,8.101859905081117,0.07463327050209045
Gaia,DR3,1418719477026251904,256.45065615960556,52.091814696887326,16.779273986816406,2.588743209838867,1.3712587099634808,9.337626186336793,37.43173387298764,-20.32681363715068,,,4.33855996045278,nan,,,0.9528477787971497,,None,-0.11112577117810923,9.553571068625585,-1.3558239917476071,0.05180161073803902,9.39972689977798,0.06964843720197678
Gaia,DR3,1414829331872764416,261.3008063733468,51.1042417001789,18.759502410888672,2.9564247131347656,3.5080821104417415,11.184413077861949,48.77160897931475,-20.46355789427769,,,4.115360524304979,nan,,,1.0176588296890259,,None,1.4161801935028897,8.713386893389147,2.2918139811473073,0.16838978230953217,11.628171914762316,0.19796063005924225
Gaia,DR3,1415110433187414912,261.05952835962245,51.864372768210075,17.418643951416016,2.5333709716796875,0.4658777692555282,10.425821204795428,52.9361207595692,-20.33273218788942,,,3.9099739672768865,nan,,,1.0210884809494019,,None,1.2737286734488562,8.506051265095792,0.910311692302851,0.11053316295146942,8.382002365194278,0.10490898042917252
Gaia,DR3,1408673514161054848,252.84736195698738,47.9435453657792,15.815643310546875,2.14892578125,3.290853423354379,13.231788300713687,53.900748960921725,-20.99610844786973,,,4.253262756905689,nan,,,0.9830344915390015,,None,-1.2773662581914889,7.989558229526748,-0.7985176219743451,0.03574278950691223,5.077992611741889,0.041611965745687485
Gaia,DR3,1409143276208906880,254.1276828788605,48.78266108496525,17.79107666015625,2.8369064331054688,1.721310724199421,12.426376299389661,49.80507613376732,-20.881007753916656,,,4.32057304995788,nan,,,1.0319756269454956,,None,-0.876191765135702,8.41364517286772,0.672370430657123,0.10670985281467438,8.168764793944945,0.1265241503715515
Gaia,DR3,1419337020307672192,260.539892813644,54.25320532473022,18.71235466003418,2.8726425170898438,3.779178932889347,8.139962439306801,50.844742868243245,-19.892902002775315,,,3.800912264933204,nan,,,0.9235320687294006,,None,1.087861284099209,8.949680802106478,0.31924186375507513,0.18423335254192352,11.878653975098075,0.184352844953537
Gaia,DR3,1420762880731032320,260.1736007598447,56.11405239855996,17.296621322631836,2.6944103240966797,4.371028226432856,6.446400485832279,60.49126352942895,-19.52455768284596,,,3.5799659640786374,nan,,,0.9976764917373657,,None,0.924758799320986,8.917993705380393,-0.0049893751168390565,0.07284751534461975,12.083043639472322,0.08118364959955215
Gaia,DR3,1417814299783009024,262.9420115067366,54.030380559101445,18.93698501586914,3.387094497680664,4.868527126871753,9.060970598738782,41.87303460771879,-19.89208643238672,,,4.977054224256937,nan,,,1.015229344367981,,None,2.33327236431992,11.573965955728394,2.105779628812169,0.16156001389026642,6.470912059191454,0.21148212254047394
Gaia,DR3,1418258781654154368,269.9171233421553,55.883972750260945,17.15182876586914,2.8773155212402344,2.8934766046883644,10.485842856903385,41.75737277373645,-19.28820441858584,,,4.6577919014861004,nan,,,1.5216950178146362,,None,4.6261052953477995,11.11447299989095,5.1357617867881045,0.10556146502494812,13.909518539576625,0.12883123755455017
Gaia,DR3,1417504551037909248,269.70023214621244,55.68905941727856,16.33344078063965,2.599710464477539,1.6913198134932281,10.509481742065942,59.2563572653581,-19.336538874207083,,,5.572446468879691,nan,,,1.8940030336380005,,None,5.444686070600381,13.236987358284944,6.281055215327321,0.08774887025356293,15.03921399351417,0.0950566977262497
Gaia,DR3,1417425111322679168,269.2463151529318,55.09426392343208,14.9073486328125,1.8008689880371094,3.5517831166643177,10.693692796603004,51.60770297378798,-19.473028268797353,-7.215437412261963,3.788220167160034,3.9676666005169037,nan,,,1.0026477575302124,,Gaia_DR3,3.7426302979687542,9.28117228439094,1.0733700350252438,0.023879148066043854,7.977070256092627,0.024123897776007652
Gaia,DR3,1417666449828277376,264.5211227552578,53.8035978180384,18.816221237182617,3.5039596557617188,4.48612347189096,9.781388647168566,49.51117425673868,-19.894775718392125,,,5.228396475674428,nan,,,1.0416654348373413,,None,3.07645111314369,12.010045407804167,-0.5168423419575,0.19545844197273254,8.613385614225388,0.2090030014514923
Gaia,DR3,1418016682936693888,265.1798119498094,55.19737106628706,16.401948928833008,2.4286727905273438,3.1220786606845854,8.950921900717075,64.70832052885972,-19.604948291471583,,,3.60456391681946,nan,,,4.208415985107422,,None,2.3003460407880096,8.62461064101958,-0.07121189138308304,0.23827819526195526,8.561413937043424,0.3087846338748932
Gaia,DR3,1418362956085219584,266.7832640460541,55.43492409864356,19.40031623840332,3.2085704803466797,2.933097935926269,9.426400392151402,48.3537778539139,-19.505171427301363,,,5.2179617312053965,nan,,,1.0736937522888184,,None,3.9601778934657257,12.490329597151963,3.9718644455836705,0.30102264881134033,9.263946651890226,0.2795996367931366
Gaia,DR3,1418402607222798720,267.78716989839717,55.919995630260445,18.26386260986328,3.2122745513916016,2.759667726493606,9.52903044987488,38.44153999926098,-19.37132848143819,,,4.677669552380937,nan,,,1.1021181344985962,,None,3.9024426748867618,11.305486041572689,4.883792835534557,0.13177688419818878,13.84368760011574,0.157364621758461
Gaia,DR3,1418211567077449984,268.0213098365063,55.84257596019312,16.299633026123047,2.416980743408203,4.846923747449033,9.679518646687507,55.094837311404476,-19.37762265885719,,,3.8088859917599924,nan,,,1.1469080448150635,,None,3.2444145379886145,9.173820138823451,1.6240248246459261,0.046153586357831955,5.635347294387618,0.051774416118860245
Gaia,DR3,1418431950439935360,266.64823137411463,55.752266099967855,19.904998779296875,2.6199512481689453,4.159033863832555,9.15514870357393,36.253570822128886,-19.44676334263841,,,4.39032975871012,nan,,,1.0591329336166382,,None,3.287486812361765,10.615551155892694,0.13861740989252347,0.45984989404678345,8.401578765256854,0.45614859461784363
Gaia,DR3,1417799387656003840,263.0982611377483,53.8296193192881,18.617183685302734,3.345674514770508,3.9850545294966517,9.279073627758214,68.35229981726044,-19.92696894665528,,,6.059138290729688,nan,,,0.9786778688430786,,None,2.9123733981644864,13.994806328693594,1.6568819397890469,0.1624574214220047,9.061849046449469,0.18819701671600342
Gaia,DR3,1417943084377955328,265.23779977507775,54.78078008802142,11.024750709533691,0.6489458084106445,4.767362283636712,9.28206019833684,64.8209279600281,-19.685127434478346,-16.395849227905273,0.92254239320755,3.6166358582938885,nan,,,0.7530613541603088,,Gaia_DR3,2.323880214986609,8.542600661488603,0.28272328625675514,0.013480662368237972,5.535098723110782,0.011752435937523842
Gaia,DR3,1419688284208901632,262.26559581881315,55.43498154976224,17.254058837890625,,4.207522730406186,7.692708216900691,47.19238696420698,-19.6299589893542,,,5.33137823937621,nan,,,1.0278376340866089,,None,2.2256272274188977,12.965561390236706,6.831457686062605,0.16617351770401,14.037254853056789,0.1255413442850113
Gaia,DR3,1420471063472584192,260.80396460399726,55.41003247389432,19.311948776245117,3.148073196411133,3.3833384339663297,7.227601025616303,32.14448712574182,-19.659822817447218,,,4.182750892853104,nan,,,1.064497947692871,,None,1.281236111803293,10.196422611341408,-0.11471395834893805,0.3050919771194458,7.55985722902305,0.27624160051345825
Gaia,DR3,1420365922673376640,259.7728311873107,55.00597079088166,18.639413833618164,2.966512680053711,2.574559197203957,7.266424874046356,31.897140379718973,-19.753894477040287,,,4.197802975621234,nan,,,1.0270084142684937,,None,0.9561823437646091,10.126616088395705,1.1294073665990485,0.16459935903549194,7.854882956366965,0.18550077080726624
Gaia,DR3,1420732029981534464,259.14974073216814,56.196252518388924,15.513660430908203,2.391118049621582,3.0950535889567137,6.062051342884433,53.94998887727628,-19.517931530862867,-12.571515083312988,3.5277774333953857,5.6758616008531755,nan,,,1.0229899883270264,,Gaia_DR3,1.023294047342006,14.19105146567232,-2.609914137366833,0.0276271291077137,13.473848772197073,0.029804959893226624
Gaia,DR3,1418382373633054976,266.8475867659995,55.67122217879867,17.275619506835938,2.5683956146240234,2.994827239965053,9.292809745916129,65.342198103589,-19.455922144282425,,,3.6088817569448204,nan,,,0.9866640567779541,,None,2.75640709067906,8.697265155203132,0.48588178774978746,0.0752004012465477,8.886894277064133,0.07444384694099426
Gaia,DR3,1419525350329630720,260.55459646631596,54.33987495336668,15.639261245727539,2.746664047241211,2.1851505065606887,8.068081939523164,63.443923520308225,-19.875791476838707,,,5.929599229584284,nan,,,1.1701925992965698,,None,1.7037524600684018,13.999185866505634,-0.9985847361690771,0.03417455777525902,13.60124620111495,0.03547448664903641
Gaia,DR3,1421222751469217920,263.5390833075869,55.8448927365302,17.182178497314453,2.6688899993896484,4.556974671335276,7.844481830829179,33.76873955339101,-19.519425185684774,,,4.210196500121285,nan,,,1.0235687494277954,,None,2.1643629898114187,10.327317508603448,6.200045358329574,0.06618580967187881,10.0596263209823,0.06635928899049759
Gaia,DR3,1419253152482384128,260.23396150102116,53.593473048828045,11.14770793914795,0.7161998748779297,3.9207407006657453,8.645235648792651,52.93623214763018,-20.024229731822654,-20.052162170410156,0.473121702671051,3.7894343344897385,nan,,,1.0014394521713257,,Gaia_DR3,0.9962900459943163,8.743435099408268,0.150159600580427,0.016233937814831734,5.727803794663055,0.01738402433693409
Gaia,DR3,1425564379289652736,250.94042807692546,52.69624033393797,12.067826271057129,1.0268011093139648,3.9378113743867273,8.517701052667983,40.39994049747117,-20.150460772623294,3.903986930847168,0.5872485041618347,4.982714513468264,nan,,,0.9392675161361694,,Gaia_DR3,-2.218792248147594,11.106966116191895,1.796322223866062,0.012112841010093689,10.113060376528967,0.014430584385991096
Gaia,DR3,1420217694761963264,257.7688110666585,54.81582181283188,19.99200439453125,3.0237674713134766,2.569165408858655,6.945077520931456,42.8023146361088,-19.806201112002505,,,3.8889068262551274,nan,,,1.0614104270935059,,None,0.29152968642200283,9.344444316568294,1.234613965626023,0.4206894636154175,7.461122406093699,0.5330641269683838
Gaia,DR3,1421858578427449728,267.0816626613756,57.79311773593425,18.75860023498535,3.1240596771240234,3.1745840879784453,8.130489258953945,35.37702050452284,-19.011613614789336,,,4.799413643638761,nan,,,1.0197538137435913,,None,3.7500905582239166,12.274976824878001,2.604264169605792,0.19494406878948212,9.274378842171398,0.18109509348869324
Gaia,DR3,1420331391137016064,259.08516015125,54.69042747228065,11.253957748413086,0.7103414535522461,4.016251886896477,7.3650157228023865,58.0138822082259,-19.823203114651136,-12.463286399841309,0.6847338676452637,3.6463028065055765,nan,,,0.9975547790527344,,Gaia_DR3,0.6394339599961139,8.71958469688558,3.675641436898706,0.01822713203728199,8.16078461826163,0.017999978736042976
Gaia,DR3,1419154230795782656,257.5965123617525,53.656414028524416,16.37529754638672,2.4654760360717773,2.3867251302260417,8.002237255965078,37.674815053313566,-20.03320294577272,,,4.928993234797345,nan,,,1.014487385749817,,None,0.3047044346717611,11.425305131316325,-0.3513909985064927,0.04891432821750641,9.033664267772679,0.056000467389822006
Gaia,DR3,1420000506856374016,257.6877144586325,54.54732977394116,17.897586822509766,2.8936119079589844,1.5303090186057018,7.178763177626679,42.237344868403284,-19.8596404069163,,,3.9139894827519597,nan,,,0.931358277797699,,None,0.2691932119365179,9.328303784053892,-0.20380435531609908,0.10954714566469193,10.499034572923645,0.13081319630146027
Gaia,DR3,1420668533184922880,260.06769718284687,56.02289464819298,15.11022663116455,1.9978151321411133,4.760702286152908,6.487609270815138,43.11639217046716,-19.54456613809333,-11.102089881896973,4.2941083908081055,5.273188503145347,nan,,,1.1746262311935425,,Gaia_DR3,1.319603197929075,13.103436424694541,6.067865419321288,0.028374994173645973,10.766492536522115,0.0300921481102705
Gaia,DR3,1419688279913967360,262.265300864322,55.43526517077715,15.662501335144043,2.3490171432495117,3.446465996253284,7.6923815447922514,46.79951486551728,-19.629907701166175,,,5.316858610341668,nan,,,3.1668267250061035,,None,2.219446773029521,12.930369001353034,6.069073511013155,0.07826447486877441,13.251068454486953,0.09369906038045883
Gaia,DR3,1423107623636816768,269.09986858493556,59.88685567642873,18.52239418029785,3.1039657592773438,3.5759874733808914,8.258659297256619,59.8901212013853,-18.484177309002053,,,3.651753804154735,nan,,,1.0081902742385864,,None,3.404778328407607,9.773193572838249,0.8188150328530128,0.16823941469192505,8.829162471358455,0.14149855077266693
Gaia,DR3,1421466980489733376,266.2415944022985,56.15805152833391,13.066720008850098,1.043039321899414,3.2670189952519757,8.715970210247363,54.219257389947884,-19.378841216634566,-0.46898940205574036,2.0663862228393555,3.7695269279125965,nan,,,1.0165504217147827,,Gaia_DR3,2.707324254060241,9.240075180213573,0.11249167101923868,0.010858374647796154,9.157371951311847,0.017117299139499664
Gaia,DR3,1422556119772061312,265.5155447359013,58.62499111885646,14.091014862060547,1.718916893005371,3.816330668397232,7.006706547758515,39.48954958769146,-18.88232523189746,-8.759307861328125,2.838756799697876,5.105677103190206,nan,,,2.71480393409729,,Gaia_DR3,3.3876603718220935,13.440267672644577,4.225699440840661,0.05806557461619377,9.419041119173697,0.04410601034760475
Gaia,DR3,1422959640539991296,266.5178554920431,59.147844284439714,16.21875762939453,2.415684700012207,2.0507560296659024,7.261280336215682,28.566472650883835,-18.737841032046113,,,4.485985146997462,nan,,,1.0332369804382324,,None,3.3151364810467103,11.924301551729068,2.6212117420679983,0.04568022862076759,10.113316426130602,0.051540687680244446
Gaia,DR3,1420253360170403840,256.9158191325849,54.84377413843389,18.58791160583496,2.9776363372802734,3.8923331664116763,6.75007152442457,53.03141218846207,-19.802365679532166,,,3.701184083794679,nan,,,1.0037689208984375,,None,0.03656982723166624,8.902829830288676,-2.5548959131438718,0.1781015694141388,7.319303455641986,0.16894549131393433
Gaia,DR3,1414528241780753792,257.99208511665495,50.070216675332716,14.322996139526367,1.5454750061035156,1.6263097244521227,11.522861906758072,56.15474324639027,-20.679678841667894,-14.521821975708008,4.939872741699219,3.9257833270260356,nan,,,0.9637271761894226,,Gaia_DR3,0.36116512803314516,8.042740274028276,-0.9016146389735961,0.022599827498197556,8.508467280430747,0.01756308414041996
Gaia,DR3,1416136518054624512,260.3762167360859,52.502919930077205,19.120861053466797,2.92498779296875,4.069505483957932,9.673512526145295,63.16685828280849,-20.22685447411157,,,3.661321195826975,nan,,,0.9983621835708618,,None,1.0022753917775844,8.15001756643797,-0.10302426880360438,0.24989356100559235,5.209894663012029,0.244431272149086
Gaia,DR3,1421061642951957504,265.19828297537936,55.509125528048884,16.452659606933594,2.3409509658813477,4.4053983680649385,8.732750654320478,62.90841122997285,-19.54238943406178,,,3.6236602356167897,nan,,,0.9880517721176147,,None,2.3175853266148367,8.751100439047814,0.013377166812970187,0.04596520960330963,6.298371709671017,0.04731891676783562
Gaia,DR3,1421858582723595264,267.079534348156,57.79158373525902,16.211591720581055,2.46561336517334,3.092209600875249,8.130296542277854,38.830932320481494,-19.01201154244259,,,4.963143687573505,nan,,,1.0130856037139893,,None,3.877230327688599,12.693321619952185,2.5182711552820325,0.045343007892370224,9.757249805530813,0.04322335869073868
Gaia,DR3,1422588246128094848,266.49704578517196,57.774844999685186,16.370988845825195,2.6739721298217773,1.2081367910184826,7.872917902165808,41.540849419005596,-19.035066522848325,,,3.97715383813299,nan,,,1.0549015998840332,,None,2.9328863059675223,10.192948548655744,2.6991354881751373,0.04642572999000549,9.207357604218002,0.04581233114004135
Gaia,DR3,1422040856839648384,262.9910650679655,56.4365380062129,17.582738876342773,2.8323745727539062,3.368491532143633,7.205566844325114,28.905069481621602,-19.410679538277517,,,4.580768659585344,nan,,,1.0397876501083374,,None,2.1645376621311576,11.448482899758792,-0.11175846197577144,0.09037037193775177,13.772178711914588,0.08971023559570312
Gaia,DR3,1422490458311997056,265.20585515102067,58.1833761636768,11.186716079711914,0.9514503479003906,4.741748468483356,7.075686472830755,49.89018251168537,-18.986751261433138,-5.94950008392334,0.350391685962677,5.473290187754006,nan,,,6.732146739959717,,Gaia_DR3,3.5036820248457414,14.255901450004485,6.246736844345172,0.10935325175523758,9.522077666996035,0.10839523375034332
Gaia,DR3,1414108224043031424,255.09084081487117,54.026218293646146,17.119258880615234,2.723464012145996,3.575425107306592,7.28253008650827,35.70540198633578,-19.957751389446557,,,4.933896890218326,nan,,,1.0091707706451416,,None,-0.6382264291894397,11.565111208759435,-0.3210480439101815,0.07187862694263458,7.859808416686008,0.06429439038038254
Gaia,DR3,1414176363700739712,258.34362984144303,48.909175110182474,17.377403259277344,2.567598342895508,1.9978803564649046,12.705372970226808,54.60311312708329,-20.870204280249947,,,4.115422031568505,nan,,,1.0288736820220947,,None,0.48897387540913073,8.063741144267466,-0.5031540528283528,0.08315832167863846,6.6424632688034,0.08535856753587723
Gaia,DR3,1414020675429240704,254.0399655463466,53.33652546019816,17.711774826049805,2.9135608673095703,3.0903762362948184,7.882344662818597,45.87923340994129,-20.081262666446303,,,5.267094168440572,nan,,,1.0276888608932495,,None,-1.10335662904188,12.065184352107007,2.3246677896543364,0.11202806979417801,12.217777559297016,0.1225697472691536
Gaia,DR3,1427833500707413376,244.5461715116632,52.85833606552328,10.517032623291016,0.5710382461547852,4.955245203628428,9.352259619246034,57.72881121145842,-19.901098499556007,-9.375617027282715,0.5629408359527588,3.739725264662595,nan,,,0.9792493581771851,,Gaia_DR3,-3.466339833449885,8.15266164765037,-7.071370238876229,0.014032903127372265,9.657681019423396,0.015432579442858696
Gaia,DR3,1428304469641279616,244.88959887955548,53.78417232209575,16.293474197387695,2.262798309326172,4.219966514146331,8.426177254046907,47.89429548638375,-19.746862325462466,,,3.875610867505254,nan,,,0.9719976186752319,,None,-3.4929753694374073,8.72782197720147,-6.153634046260549,0.03891625255346298,6.535076355162019,0.04552965238690376
Gaia,DR3,1425263151759103744,246.85690837848136,53.18472475295114,17.20908546447754,2.8805789947509766,4.41982282178875,8.541005985235516,34.74032391218298,-19.938197094550272,,,4.303219915134747,nan,,,1.052047610282898,,None,-3.2441003863762106,9.600624993181146,-0.1953572533448935,0.07789073884487152,12.204702168759805,0.09150714427232742
Gaia,DR3,1422723206883601920,268.25203054026946,58.45700108797625,12.189302444458008,1.0854005813598633,3.5245219621560646,8.362558953114041,61.62026877733982,-18.828053653692308,-10.160212516784668,0.8660662174224854,5.837658049911265,nan,,,1.1235712766647339,,Gaia_DR3,5.073288156834354,15.116787930414185,3.1831652501872862,0.015396863222122192,19.020700755745132,0.01455358974635601
Gaia,DR3,1422259114194034176,264.95165579975105,57.48674645226345,17.42062759399414,2.605348587036133,4.6484796046900625,7.340155424235357,60.474356682449965,-19.142595053084534,,,3.608334331795513,nan,,,1.034863829612732,,None,2.2405878878550904,9.230483763644218,-0.6463302122278425,0.10808243602514267,11.272250862490154,0.08825265616178513
Gaia,DR3,1422458636899088896,264.22193076506204,57.86497553940033,14.802018165588379,1.795210838317871,3.351941190250102,6.804070007008377,51.91443705857379,-19.08118256578738,-12.305519104003906,3.809999465942383,3.7211055635538526,nan,,,1.3755221366882324,,Gaia_DR3,2.105334315197511,9.64176252366795,2.5709929562324483,0.026321837678551674,12.229619337193242,0.026373645290732384
Gaia,DR3,1422177990851666688,264.2011497178639,57.11981452254739,13.766375541687012,1.4378776550292969,2.463301998867176,7.238364958098839,38.00240191034452,-19.23983897694251,-31.255163192749023,1.7818762063980103,4.0123792653664605,nan,,,0.9417747855186462,,Gaia_DR3,2.2638226490553452,10.186254005514503,2.8765651022270475,0.012916238978505135,12.17770262348171,0.014583250507712364
Gaia,DR3,1422458641194360448,264.2215984385556,57.865353503210535,16.741806030273438,,2.945209521174174,6.803712059224199,48.253204512170086,-19.081109812183875,,,3.7820661874243613,nan,,,1.1369909048080444,,None,2.139729635273034,9.799828627030323,1.875129204910709,0.09036004543304443,12.133081526553797,0.07134798914194107
Gaia,DR3,1423585606253334784,245.01833911644283,50.2141277581861,15.000415802001953,1.9737882614135742,3.1035957350715266,11.718766808805475,48.19150738802919,-20.37940050065969,-14.610642433166504,5.7534637451171875,4.846028785763352,nan,,,0.9983057379722595,,Gaia_DR3,-4.320991295558092,9.642520574690973,-7.195066050790567,0.02469237521290779,8.303698536910561,0.026655448600649834
Gaia,DR3,1425507793096500352,250.30000831994857,52.45968799831414,10.209450721740723,0.6395988464355469,3.3594993218637588,8.793197086114306,34.59506706372353,-20.178754783017663,-12.299859046936035,0.2960362136363983,4.525603333622666,nan,,,1.081559419631958,,Gaia_DR3,-2.2351146135099986,9.989676032181386,-4.1970028746917665,0.01458399835973978,12.524177319372516,0.016479847952723503
Gaia,DR3,1425888597781193856,250.19086551416032,53.420837923937896,16.311891555786133,2.467057228088379,4.880853041254075,7.84867725502376,58.75502183136194,-19.997708368678264,,,5.756605609326128,nan,,,1.0033178329467773,,None,-2.890714376422254,13.111822044162198,-3.5135784535325043,0.041646551340818405,7.221501749484744,0.05250114947557449
Gaia,DR3,1415817453523946496,259.0961469051535,52.693537074619016,15.55766487121582,2.490300178527832,3.7591018217913246,9.207549014825597,52.068719945003814,-20.206078113899263,-53.389774322509766,6.156419277191162,5.392503733903795,nan,,,1.42292058467865,,Gaia_DR3,0.9501736352493908,12.101632039733456,-3.144578829774106,0.05049552395939827,13.324048834429293,0.04508870840072632
Gaia,DR3,1422940085552602624,266.3684986941321,58.90705826759496,18.253456115722656,2.8691978454589844,4.3357302142493035,7.285086268334795,64.00893460528002,-18.79531038264686,,,3.5554079852651195,nan,,,1.0042883157730103,,None,2.5874956933346684,9.397389620445164,5.020306147096013,0.15360282361507416,11.551912855556933,0.16326354444026947
Gaia,DR3,1418305991934939264,268.2031380283235,55.918087692823455,15.45032024383545,2.3155431747436523,4.191579239711242,9.710259899929216,38.29692803628208,-19.355320041075526,-1.273216962814331,4.32147216796875,4.413723859675424,nan,,,1.0222290754318237,,Gaia_DR3,3.8196614751078948,10.644398977432544,-0.06981540103757872,0.02761971578001976,10.931867075050494,0.028919124975800514
Gaia,DR3,1418301005477948160,268.0594411511109,55.75837890160988,19.696237564086914,3.202486038208008,2.8256336727568865,9.749983212159853,52.00350116769505,-19.39286538746368,,,5.337864602061368,nan,,,0.9910753965377808,,None,4.562033163439251,12.821828797938592,5.004036946607386,0.33002805709838867,9.67308417789583,0.3633118271827698
Gaia,DR3,1415672111829409408,257.5309256626566,51.78672520390124,19.4796199798584,2.763813018798828,3.249347243914558,9.786908700572612,61.09497449015944,-20.381246188089023,,,3.702601279483621,nan,,,1.088254690170288,,None,0.2103620606831923,8.067670596706831,2.03172980558731,0.30295073986053467,6.302662853468291,0.3066847324371338
Gaia,DR3,1423259802918798464,244.99190973300242,49.39773743653617,19.639631271362305,2.8818302154541016,4.724239844482939,12.50297539706091,56.655139056776,-20.51045750831186,,,4.014317420472175,nan,,,0.9861842393875122,,None,-3.5873158615366325,7.739643194260565,-4.422937254862327,0.3404785394668579,3.8300186206567943,0.34419000148773193
Gaia,DR3,1428133529943455232,243.99467897591,53.91680423978118,17.9814510345459,2.704923629760742,1.2881062294096008,8.549029782653074,45.344556796969634,-19.681339033299448,,,3.939951910896137,nan,,,1.0113372802734375,,None,-3.813788147989615,8.864202046149561,-4.533165011781337,0.09710219502449036,8.072284100492997,0.13007622957229614
Gaia,DR3,1423535264941064064,244.5228822956892,50.041425195329516,17.935161590576172,2.902730941772461,2.5084406662097383,11.982607180978402,55.651529222125916,-20.383778209740242,,,5.237212125128915,nan,,,1.191982388496399,,None,-4.863450782168924,10.321381533929715,-6.981607264885286,0.11700574308633804,8.537192869996083,0.13613863289356232
Gaia,DR3,1424727655236771968,244.74299153422214,51.875359374968255,17.17137336730957,2.8517465591430664,4.412488974166461,10.21216929947006,69.4608538349395,-20.084702981291773,,,6.042203052784826,nan,,,0.955644965171814,,None,-5.51178547764712,12.750015393549509,-2.013901153482135,0.06514391303062439,8.350681062617276,0.06907958537340164
Gaia,DR3,1426653617356223744,249.19324718774698,54.223618087080006,9.784584045410156,0.6090755462646484,4.232917943367245,7.164849531639875,45.508020034601934,-19.8184121933648,-9.134411811828613,0.47596120834350586,5.309740559873454,nan,,,2.0019783973693848,,Gaia_DR3,-3.0674135376149563,12.366139468842352,0.35931685399631386,0.03672315180301666,9.093963597634534,0.038015708327293396
Gaia,DR3,1424912579348932352,245.98985729051597,52.1049134244221,15.98813247680664,2.382138252258301,4.452127450514748,9.73235701270489,42.234792801190316,-20.099313459466607,,,4.88934733047956,nan,,,1.0212568044662476,,None,-4.004169672850547,10.472900441038735,-6.041285465195402,0.040225207805633545,14.58486811271448,0.04599505290389061
Gaia,DR3,1425585755342754176,251.51082620284484,52.79910787171679,13.311058044433594,1.2625188827514648,1.5924420321152066,8.390519616595027,38.2860363279445,-20.143544525868442,-26.28723907470703,1.401511311531067,4.116725122437785,nan,,,1.000251293182373,,Gaia_DR3,-1.6548357205912776,9.2218217005957,-2.9687823673905167,0.011539669707417488,8.793502466189945,0.01621137000620365
Gaia,DR3,1426752852575713664,249.92679011491273,54.39139301828322,8.472067832946777,0.25022029876708984,0.9569949618895607,6.915027124815257,59.351941327654885,-19.805431906434606,-12.850326538085938,0.3941110372543335,5.832962869158974,nan,,,0.9925155639648438,,Gaia_DR3,-3.045783989716978,13.68943773061981,-1.8998531710961184,0.01851840689778328,13.421816433514618,0.02386081963777542
Gaia,DR3,1426510410262338304,254.4064927414935,55.728057407975676,14.080102920532227,1.3038873672485352,2.9967322565142345,5.5383674547698085,69.8013460792243,-19.61399230424234,-26.188308715820312,2.5084264278411865,3.4352893090999936,nan,,,1.0306143760681152,,Gaia_DR3,-0.6236467916229528,8.473057083483504,-2.770158635254331,0.016780534759163857,8.153188540346031,0.016665885224938393
Gaia,DR3,1427320303655175936,252.83455138354546,56.005035105068835,13.184562683105469,1.0701189041137695,4.379202486144351,5.172015958358113,63.75097529561235,-19.539684255864675,-63.509620666503906,1.3843671083450317,3.504677766115291,nan,,,0.9302055835723877,,Gaia_DR3,-1.0559643095232616,8.694953151495275,-4.278922410252587,0.012959874235093594,8.410937232827678,0.016067326068878174
Gaia,DR3,1417643879776279296,264.32572232580793,54.18580251363507,17.10767936706543,2.6154918670654297,2.878010226755821,9.40658235946755,36.98194084423539,-19.827190997773737,,,4.442640411990176,nan,,,1.0455172061920166,,None,2.548450559890098,10.336386192445513,2.0092219745630375,0.09088283032178879,12.9773077276956,0.08424178510904312
Gaia,DR3,1419079086048313216,257.48797298485295,53.22272511395823,16.732154846191406,2.741042137145996,2.723999037702071,8.396747264148182,34.683326222973776,-20.116112200294413,,,4.2706125136318365,nan,,,1.0400164127349854,,None,0.2286376013430505,9.762676026528672,1.1035102791606524,0.06377463787794113,7.471653598660897,0.07812570035457611
Gaia,DR3,1433012058740106496,258.0657857883922,57.02721432090434,19.058034896850586,2.8210315704345703,4.886306146380134,5.041028561259477,21.400441756307274,-19.350772609529496,,,4.292261988629273,nan,,,1.0044422149658203,,None,0.4190133499376639,10.996345553210546,-2.1058167868869315,0.2299075424671173,14.625927689002364,0.2202558070421219
Gaia,DR3,1433890328011985536,258.9787638797687,58.210163183125225,18.878887176513672,3.2837467193603516,3.315750958083098,4.420308847505463,31.414941623298752,-19.09065411594077,,,5.024727952505194,nan,,,1.0517125129699707,,None,0.8403992705701404,13.284543021081763,-0.7765330505808213,0.21924662590026855,10.166619114162307,0.2080935835838318
Gaia,DR3,1426016007986697472,253.19611371946095,53.68122109762118,14.010411262512207,1.6966333389282227,4.835466596092265,7.5024317129201945,42.743969463602745,-20.005580165779826,-22.95488739013672,2.624767303466797,3.9238723780664304,nan,,,1.0857934951782227,,Gaia_DR3,-1.0742470743531434,9.076888888676601,-3.8386277986225417,0.015858624130487442,11.967747400853899,0.016847876831889153
Gaia,DR3,1427374759545425792,251.26995198090395,55.545718886129414,19.414636611938477,2.8877620697021484,3.4278912557206462,5.662698308482915,64.95666001099492,-19.606913145005784,,,6.107885034348222,nan,,,0.9694204330444336,,None,-2.5670043032848895,14.901463836505076,1.8467502686132002,0.27456891536712646,14.911020966193686,0.38843995332717896
Gaia,DR3,1429452634658370688,244.66165311568116,55.61377768532705,16.5552978515625,2.4113521575927734,2.541495549433631,6.8935273949520885,51.954630528878226,-19.386266920805152,,,3.7239790959253756,nan,,,1.1111533641815186,,None,-3.4196687020805734,8.866223802361098,-2.855730112300551,0.06362473964691162,6.952373474703951,0.05868280678987503
Gaia,DR3,1427156128530078592,251.33225096132654,55.03899335620529,18.053647994995117,2.8978099822998047,4.3711453856095455,6.163712408091106,45.90394605968239,-19.709663819817038,,,5.389173344064573,nan,,,0.9830297827720642,,None,-2.2394449096438014,12.952378230405547,-6.566953729811038,0.11302224546670914,10.516387613389066,0.14829984307289124
Gaia,DR3,1428228981295989504,244.9061290476053,53.28278083898968,14.950980186462402,1.7745208740234375,1.9655283964785468,8.87645457787433,46.713101626157325,-19.84026183085507,-30.298187255859375,11.430257797241211,3.9332435189539914,nan,,,0.9563089609146118,,Gaia_DR3,-3.54006328270748,8.714714077878474,-4.017367960765581,0.027227403596043587,7.1564229815483,0.026783578097820282
Gaia,DR3,1426510234167638016,254.31935396256858,55.70028498307999,17.984180450439453,2.5387744903564453,3.670668609926608,5.557673101315651,36.55855026250273,-19.618906418936742,,,3.9358923041303258,nan,,,1.0383127927780151,,None,-0.7406737146793616,9.69897317603363,0.5217687893933738,0.12635737657546997,6.927293180363524,0.12880203127861023
Gaia,DR3,1428470148004347136,246.64930082753347,54.6550782456564,19.227638244628906,3.359273910522461,1.0822626925282552,7.207985480997292,55.778808625226844,-19.65268293512621,,,5.681501977333252,nan,,,1.0420137643814087,,None,-4.3717830902466,13.271821132652512,-3.189715665569606,0.2646050453186035,13.803768686581945,0.26207804679870605
Gaia,DR3,1429837425073236736,244.61255846993905,56.65867961261497,18.328699111938477,2.6690139770507812,2.8531047355259673,6.061602900930316,56.407180487914566,-19.175171772929957,,,3.62720011572918,nan,,,0.9523524641990662,,None,-3.3440819130863875,8.902486405304215,-2.8584149102244103,0.1380671262741089,6.775604931908887,0.13748465478420258
Gaia,DR3,1429472112335104128,245.06329563933164,55.202730951556156,18.35516929626465,2.728689193725586,3.7543570721513473,7.124412922151442,58.64459661773581,-19.48386679697193,,,3.6281942266027127,nan,,,1.0237441062927246,,None,-3.222916066405696,8.55037242453258,-6.042031062390803,0.13304205238819122,8.004085761253958,0.14317120611667633
Gaia,DR3,1430107496912522624,248.90344304754137,55.675820293822646,11.815217971801758,1.136958122253418,3.017139809250312,5.804126292055659,37.608484900448495,-19.524292864232812,-5.604873180389404,2.884566068649292,5.133413739778074,nan,,,0.9893014430999756,,Gaia_DR3,-3.0780342421723987,12.48291051394756,0.08395710203472762,0.012619340792298317,11.66895832972954,0.015968093648552895
Gaia,DR3,1430038944937981568,248.99271351529728,55.31170638880009,19.287561416625977,3.330547332763672,2.562056388606721,6.1387471503562985,44.610948430490566,-19.599660763343383,,,5.346563746759469,nan,,,0.9527212381362915,,None,-3.169761276199657,12.865108867003862,-0.5143927597504674,0.28609317541122437,11.730238030057318,0.3250686228275299
Gaia,DR3,1429119723153592832,240.3709659944473,54.05707764164296,16.387788772583008,2.5425891876220703,2.1969762134706112,9.59528362233464,38.5692596084627,-19.461214381781154,,,4.666671800404485,nan,,,1.0974416732788086,,None,-5.76571097473852,10.283246257364613,-3.7407852013394165,0.038774050772190094,9.527545203116922,0.054182641208171844
Gaia,DR3,1429541141048496896,244.85473666219124,55.51799207630378,17.391002655029297,2.782224655151367,1.756540730962688,6.915491847004087,62.113321188734005,-19.413348074919355,,,5.939945819364154,nan,,,1.0554182529449463,,None,-5.36896124736726,14.11650451550378,-4.697325800265142,0.09113384038209915,16.210993817093538,0.0846162885427475
Gaia,DR3,1423997613876285440,246.65728478649507,50.91331155255596,13.158997535705566,1.110579490661621,4.538996099709425,10.7514110638541,59.1686847935866,-20.333770067770878,-36.234737396240234,1.6513739824295044,3.7962151019684782,nan,,,0.9268798232078552,,Gaia_DR3,-2.9188222271847577,7.822197187422253,-3.3716425228551365,0.013686812482774258,4.2180626648697155,0.014146942645311356
Gaia,DR3,1428921776701157760,242.7877426260721,53.956452353741945,17.14727783203125,2.4913406372070312,3.5202552742930946,8.87169600768812,40.976934250610554,-19.614444936720812,,,4.086218658102782,nan,,,1.031425952911377,,None,-4.32144811359564,9.13452383050526,-4.99456328523807,0.06290166825056076,6.177770489485569,0.07511048763990402
Gaia,DR3,1419474016880895616,261.9654221226502,54.85864989737738,11.246630668640137,0.9060792922973633,3.618839570324553,8.056752495997092,51.82177762929726,-19.750732568462105,7.126809120178223,1.3093345165252686,5.477098712553407,nan,,,1.2422772645950317,,Gaia_DR3,2.161550284938401,13.100663550533172,4.185404386520024,0.01964694634079933,9.44510105558501,0.019438251852989197
Gaia,DR3,1429613128996569984,243.2388242947839,55.23232606214049,17.18614959716797,2.422901153564453,3.379615568473688,7.663726496234535,32.76532624037987,-19.39577576303118,,,4.224302349039709,nan,,,1.078203797340393,,None,-4.326262409194142,9.85848486032674,-2.3133584417982416,0.06429079174995422,12.095918909232331,0.0703936368227005
Gaia,DR3,1436353169634624640,269.29010414485504,62.35237247947698,16.345609664916992,2.688755989074707,3.246105664226456,8.021295296005817,55.40671512519621,-17.91443732004833,,,5.616137124164568,nan,,,0.9643206000328064,,None,5.3159253915530735,15.94308010370009,1.6940758643563825,0.04660568758845329,14.657660976409542,0.04286791384220123
Gaia,DR3,1431472020905810432,247.77474036135683,57.93092391413129,10.339977264404297,0.7178430557250977,4.490698334467612,4.019783249914728,47.429008529981616,-19.023739940503916,,,3.703803520876757,nan,,,4.1813788414001465,,None,-2.536355696495073,9.560098720623545,-5.8080176568503035,0.10577623546123505,10.821287648366157,0.0802096575498581
Gaia,DR3,1431859843569057152,252.2133844787086,59.51622787594953,8.833410263061523,0.6210947036743164,4.468395825193855,1.6621972242569583,66.65235256878609,-18.774254727181358,-19.20852279663086,0.5371325016021729,3.4237878041689758,nan,,,1.2452764511108398,,Gaia_DR3,-1.1934235216632856,9.332226829345315,-4.404645665938228,0.0189152080565691,9.032829858749341,0.022927740588784218
Gaia,DR3,1428434345157258240,245.77236205780116,54.27897852089676,18.860239028930664,2.4317073822021484,1.1396797274858672,7.7577580196287235,52.42770893820836,-19.690958816384924,,,3.7533845225103746,nan,,,3.066014051437378,,None,-3.1350300680894954,8.62804273535125,-2.508235826215415,0.5165297985076904,7.979719219590011,0.5316249132156372
Gaia,DR3,1429036847465084160,242.5896820168134,54.748990030281185,13.741788864135742,1.3488922119140625,3.715548169775609,8.273383649608789,40.17349800156038,-19.455918725164175,-18.460285186767578,1.6486910581588745,4.0468230546803525,nan,,,0.9725651144981384,,Gaia_DR3,-4.339102283732496,9.265033604683211,-4.374275388770969,0.012734895572066307,12.434613335270306,0.014326056465506554
Gaia,DR3,1430107389536765952,248.88829001728104,55.67293048027259,9.57666015625,0.5860328674316406,2.544570020680882,5.809424070114797,37.81604363766228,-19.524449922520418,-42.056941986083984,10.29477596282959,5.139935928737569,nan,,,1.0218435525894165,,Gaia_DR3,-3.087831788182602,12.497029002383462,-0.4342008474020309,0.0139286108314991,11.748547285097711,0.01527232863008976
Gaia,DR3,1430846742387784192,250.86274913934415,57.61409387858984,18.934402465820312,3.3148632049560547,3.18838101889453,3.652030062643053,65.31005258382167,-19.168856924925972,,,6.185254198886689,nan,,,1.0175198316574097,,None,-2.7907492128584024,15.987546628128188,-4.615575894716134,0.2003399282693863,19.72302044096973,0.20748572051525116
Gaia,DR3,1430450334086420608,249.44422117706807,57.17188924107855,18.22382164001465,2.996368408203125,4.122882417677833,4.2904408881826335,37.3580465988777,-19.230724069216052,,,3.8680862662231794,nan,,,1.152551531791687,,None,-2.16112856300748,9.836516780808958,-1.8565479287081081,0.15375125408172607,13.184619308980267,0.17115268111228943
Gaia,DR3,1431031842593369088,247.16606841351467,56.30873597187885,16.422164916992188,2.5355777740478516,2.477669136060423,5.585290866149106,66.56889467192333,-19.34272820010019,,,6.175430935155224,nan,,,1.038772702217102,,None,-4.511951949423169,15.193182557081563,-2.7160281750836943,0.04700713977217674,17.87249964204662,0.05804546922445297
Gaia,DR3,1431345920667009024,247.22079500305338,57.32602287067343,18.50466537475586,2.960979461669922,2.8869096463945545,4.687981454168858,33.131078228504315,-19.134398162047624,,,3.9588705976932452,nan,,,1.2105072736740112,,None,-2.8761668837825436,10.027436688810397,-2.460987657580201,0.19065974652767181,12.400722254554884,0.1824769526720047
Gaia,DR3,1429541145344302336,244.84928285113273,55.52071118181223,11.161201477050781,0.8659324645996094,2.0392723365213734,6.914826647710973,61.957335100661915,-19.412582460493127,-17.860559463500977,0.4845930337905884,5.933862518498813,nan,,,0.8321904540061951,,Gaia_DR3,-5.365878729940183,14.102779605160011,-4.126410002547049,0.015569604001939297,16.332381634210144,0.016035007312893867
Gaia,DR3,1429363982237739776,244.16956722866044,55.038817080817125,17.84454345703125,2.6726512908935547,4.92860941773257,7.528759323270744,30.608991936804745,-19.476695477238216,,,4.6283036283430254,nan,,,1.0245407819747925,,None,-4.41984583011962,10.798280680605012,-8.350874011189623,0.09484253823757172,13.56805758905983,0.10643384605646133
Gaia,DR3,1431481474129920768,248.28700345019485,57.969945880128655,17.741363525390625,3.006814956665039,2.559305291288519,3.8390358542333423,47.705538867659456,-19.030361198760346,,,5.552871112439313,nan,,,1.4171884059906006,,None,-3.588070893665682,14.376015528068892,-6.522738730661848,0.18311578035354614,14.978754058181911,0.24661684036254883
Gaia,DR3,1431516933379983744,247.1457832748461,57.95105722034089,16.304733276367188,2.3711748123168945,4.550225868504767,4.1996304366181825,21.357818447883034,-18.999875394967262,,,4.723239551617484,nan,,,0.9722395539283752,,None,-3.4581459697069903,12.166947450315892,0.9535880314730147,0.04651119187474251,11.135567590366797,0.04644264653325081
Gaia,DR3,1431974570735418112,249.56698233796175,59.10922866759793,11.037687301635742,0.7034206390380859,4.566010903235031,2.519439430037903,37.280953500826726,-18.815083996727488,-18.795326232910156,0.6562314629554749,3.8232714968366164,nan,,,0.775128185749054,,Gaia_DR3,-2.1005653074810793,10.245226537375439,-5.194266416367208,0.014189220033586025,8.252142320462047,0.014590004459023476
Gaia,DR3,1432181966116411136,255.95156003629614,54.89256949393178,17.71039581298828,2.7951927185058594,4.347426021746744,6.543588047589861,31.863008680110433,-19.791412892945253,,,4.11262722435043,nan,,,1.0040374994277954,,None,-0.26195346707114464,9.905619077542159,3.3029020186382168,0.1030069887638092,11.129653407073942,0.11744421720504761
Gaia,DR3,1431906843395110272,250.16181125528064,58.86753329559007,18.00159454345703,2.638547897338867,4.838132897531491,2.5779836400176612,30.97970135840487,-18.88190929832568,,,3.9234463045993686,nan,,,1.037700891494751,,None,-1.9788227264545402,10.46625237270504,2.0171897857237022,0.11207596957683563,10.678191493901785,0.14923040568828583
Gaia,DR3,1432253022055498880,255.98314784151523,55.27566245760087,9.401838302612305,0.5869140625,4.438097951614625,6.179057703075251,34.70181021989965,-19.714721793705152,-32.86446762084961,10.022566795349121,5.00594884399982,nan,,,0.843330979347229,,Gaia_DR3,-0.3067888793484742,12.196873633091958,-1.6634111676236,0.013218664564192295,7.714111116834713,0.013347368687391281
Gaia,DR3,1430298605776672640,247.36078637025435,56.13272928110521,16.198963165283203,2.373027801513672,2.511819405925762,5.694675393097068,32.41645456972445,-19.38495749340845,,,4.029851047404302,nan,,,1.0229368209838867,,None,-2.885277835467696,9.872159104362016,-3.1965613743860133,0.05271339789032936,7.761112068499559,0.04920231178402901
Gaia,DR3,1430356875597852288,249.38248292134048,56.468485263147144,17.08485984802246,2.6997852325439453,2.540351882828025,4.967797114915894,30.966554328785303,-19.37568370015538,,,4.016051519559339,nan,,,1.4257850646972656,,None,-2.262560780188867,10.009991156687182,-2.816166351324205,0.09528790414333344,12.088242806753293,0.11168792843818665
Gaia,DR3,1424203222550579200,247.59345696934187,51.92977842008637,17.86642074584961,2.8881092071533203,3.754844073659098,9.620051153653524,49.250874269407475,-20.19233251120078,,,3.932261179504029,nan,,,0.9733175039291382,,None,-2.746512247921678,8.437576533956477,-0.37489037046743157,0.10737111419439316,6.421692317665782,0.11958995461463928
Gaia,DR3,1430356948612540800,249.37533442215167,56.47587263004966,16.367847442626953,2.36783504486084,2.899002066576332,4.961937064801876,38.47885163769881,-19.373975992885395,,,3.8737890308428495,nan,,,1.0577292442321777,,None,-2.1845084075531727,9.65721678071091,-2.859034232399961,0.042868226766586304,11.926512908700058,0.052736252546310425
Gaia,DR3,1430481979404601600,250.56543781379187,56.40018529729604,17.250154495239258,2.2450733184814453,2.5013483860682726,4.873809986679467,56.75815768607837,-19.417842583957697,,,3.5914448399937497,nan,,,0.9383839964866638,,None,-1.7014576229920413,8.966184598170079,-2.555180830929985,0.06626901775598526,7.275727642293065,0.07307326793670654
Gaia,DR3,1432102732559859200,250.88046106497336,59.827909535951704,16.285354614257812,2.558342933654785,4.493014709602691,1.5566015381114566,43.317154117187286,-18.681559941895824,,,5.468195456797134,nan,,,1.0261157751083374,,None,-2.4598656877022096,14.978354700194956,2.3315891299377154,0.04055796563625336,13.011791701422013,0.04803578555583954
Gaia,DR3,1432719176329362176,259.02604482300023,56.2156102069685,19.568872451782227,2.8236846923828125,2.511766091038094,6.009257666842425,26.377624236686266,-19.51492521371547,,,4.2320108938906404,nan,,,0.9789389967918396,,None,0.7230719154528352,10.588288791942379,2.436150363840519,0.2849872410297394,9.143686828533175,0.3556566536426544
Gaia,DR3,1430697213101795072,252.4162290699412,57.60623090957333,15.966361045837402,2.8343143463134766,4.656699089359608,3.5674516993152396,61.74903328526714,-19.197543690454573,,,6.050589155910334,nan,,,1.093543529510498,,None,-2.0156767013945496,15.690436036257978,-4.211196448695132,0.05095455422997475,10.171363857096743,0.0526297353208065
Gaia,DR3,1431229411089136896,249.23848574933666,57.70415275618057,17.735408782958984,2.730264663696289,1.5464754452125804,3.8376974585077366,64.04355248388478,-19.112756052487057,,,3.4774461237102288,nan,,,1.047973871231079,,None,-1.9970059214447256,8.967809307562662,-3.017094035616585,0.09373218566179276,9.462456463522026,0.10780758410692215
Gaia,DR3,1431570362773123328,247.97984731109753,58.59333375404016,15.989862442016602,2.54672908782959,3.641893075906731,3.423852529411632,46.4010766508394,-18.88699707265672,,,5.5236758306813,nan,,,1.0063629150390625,,None,-3.697193594400708,14.524218397034186,-7.929642450014107,0.032851673662662506,14.790055750124939,0.04116032272577286
Gaia,DR3,1431794388267489408,250.9825783554282,58.65458165347335,11.490023612976074,0.8690404891967773,1.1338693893946787,2.62684028151828,31.357779440404805,-18.945496583512686,7.107992172241211,0.5594133734703064,5.101990533730772,nan,,,0.8713228106498718,,Gaia_DR3,-2.255580925398663,13.564071798676846,-2.6923877925068465,0.015968821942806244,14.70269528892485,0.015211026184260845
Gaia,DR3,1430419753918635520,248.65228406943476,56.92084118830141,18.90647315979004,3.588409423828125,4.579451573226236,4.682250595127432,45.71070071110555,-19.262308137407434,,,3.746522101580757,nan,,,1.0749706029891968,,None,-2.3175439728610954,9.435152217696576,0.5665120408324453,0.2442447692155838,11.617806628853105,0.24859420955181122
Gaia,DR3,1432284456920630144,256.16886039551065,55.766094070744884,19.509092330932617,2.7154064178466797,3.7990324396520117,5.740810363969608,32.52916671025071,-19.615605015190845,,,4.967677865861285,nan,,,1.0069822072982788,,None,-0.23405296738645043,12.280742439854322,-4.1168485849183645,0.30526769161224365,11.41342363817982,0.3300439417362213
Gaia,DR3,1431802355431390464,251.55798193380213,58.8202789862556,19.958723068237305,2.5763092041015625,4.826496246091965,2.397004504052664,14.262427175533483,-18.919328210339234,,,4.652127021948885,nan,,,1.0175666809082031,,None,-1.8533867828301347,12.438586433446043,-5.498467958610273,0.37001901865005493,15.458293022564096,0.4940534830093384
Gaia,DR3,1433901121266099456,259.0527556869139,58.38951305300888,13.599660873413086,1.4335803985595703,3.302711617741467,4.324102988469413,23.67159089357782,-19.05078352063373,-32.7366943359375,1.8318063020706177,4.790349909940503,nan,,,1.0202487707138062,,Gaia_DR3,0.82822447794397,12.724315605993276,3.0381703423336095,0.014241115190088749,10.226301757034477,0.015055667608976364
Gaia,DR3,1434123115239734784,257.6835792416873,58.468454353336156,18.819839477539062,3.0289173126220703,4.590617207473786,3.764440843521088,17.792941501221122,-19.04056621723535,,,4.251921862954978,nan,,,0.9940975308418274,,None,0.2910937767144577,11.3281057368422,-2.0467422140912053,0.19133612513542175,14.714256749356466,0.20900839567184448
Gaia,DR3,1432129567515447040,251.45335855892503,60.002480713933565,15.5358304977417,1.9011564254760742,3.545751463013026,1.273009106701081,66.76249680757158,-18.65205525687927,,,3.4204696225205495,nan,,,0.9430375099182129,,None,-1.3898906144125993,9.422978331394237,-0.9150306964327248,0.02978568896651268,6.910730237262362,0.03136317804455757
Gaia,DR3,1432158154817688320,255.34796111879652,54.65440425592387,9.494223594665527,0.7600030899047852,1.0888392447919566,6.694388397551656,37.95680609446373,-19.836197667956625,-3.7391107082366943,0.18565034866333008,5.077243204439662,nan,,,0.9117151498794556,,Gaia_DR3,-0.5571931295140623,12.136978576508563,-0.9474071280469802,0.010881410911679268,11.03882539807154,0.013595235534012318
Gaia,DR3,1432229038957985024,255.3866288711845,55.1237282911596,14.581294059753418,2.0255556106567383,3.851148342137666,6.2410143922242876,68.78038857248642,-19.74290859358007,3.496436595916748,3.6300344467163086,6.240181466002978,nan,,,1.0137438774108887,,Gaia_DR3,-0.666411476775393,15.130701478464072,-2.8129485757872366,0.01941356435418129,19.719638248804785,0.020249830558896065
Gaia,DR3,1432309509465083776,256.6400823017985,55.559110158317,13.471315383911133,1.396322250366211,4.734380312298941,6.022509427576724,57.22130079015725,-19.65845508087541,-36.50270462036133,1.3710309267044067,3.6143108376728437,nan,,,12.137860298156738,,Gaia_DR3,-0.040333880358825125,8.881672050056638,3.515554406568004,0.13522814214229584,8.274932188479651,0.1935584545135498
Gaia,DR3,1432711926425315840,258.6416969122805,56.12717544630262,18.621145248413086,2.571208953857422,3.45539063776816,5.975672974988975,69.39711834359343,-19.535976769919504,,,3.4494009467185953,nan,,,0.98722243309021,,None,0.48825887052310213,8.611309411391483,2.0503360011636067,0.16874368488788605,10.57938694142036,0.21512770652770996
Gaia,DR3,1432824974259846656,259.88144012354013,57.037065613146495,16.665082931518555,2.6607284545898438,4.6798209184671435,5.614203679080518,45.17070984315555,-19.335046491369454,,,5.394978510184125,nan,,,1.109130620956421,,None,1.2735243144292032,13.801247594389803,-3.3079826070229004,0.06338430196046829,11.092355749815816,0.060649383813142776
Gaia,DR3,1432526250695075712,255.04268081564672,56.03813180485949,13.550256729125977,1.246490478515625,4.968313113548343,5.306408956432079,59.67396931705236,-19.555053990701797,-9.086559295654297,2.253091812133789,3.561618990483508,nan,,,2.419769525527954,,Gaia_DR3,-0.4737973212665504,8.869427032803962,-3.5675937717406523,0.03721337020397186,6.785244777056073,0.0415196493268013
Gaia,DR3,1434032817846924544,260.37256439305554,58.90769066478564,11.187954902648926,0.9429988861083984,2.9679062565372205,4.546461306940966,63.77362527946978,-18.92354067350452,-61.57945251464844,0.5657360553741455,6.1005583101511665,nan,,,0.8948955535888672,,Gaia_DR3,1.6683121896021973,16.39874471085054,4.703705835781468,0.01800815388560295,14.084629249459741,0.019525732845067978
Gaia,DR3,1434504267817052160,262.9497762300942,58.27198865669706,19.602127075195312,0.1034088134765625,4.186172526456109,6.018432438145417,56.51646936159508,-19.02209720546366,,,3.6243487309977853,nan,,,1.005406379699707,,None,1.7012510361202813,9.529879688298594,4.887681436453399,0.4459070563316345,9.806807914257,0.3092564344406128
Gaia,DR3,1434133732398881152,257.3958168276878,58.42828300532338,17.26063346862793,2.5217418670654297,4.487095691333324,3.696177691882287,56.83142100091816,-19.050133065683653,,,3.5675457985329,nan,,,0.9282797574996948,,None,0.16591197996844387,9.495597743811182,1.9246753015794826,0.07459381967782974,6.615514239902705,0.07708603888750076
Gaia,DR3,1434375762395283200,260.6738646604241,60.06066526691866,10.923980712890625,0.655975341796875,4.255376820807092,4.173115648227662,30.542271344547945,-18.65975702367265,18.43321990966797,0.278524786233902,3.984308964836008,nan,,,0.9385958909988403,,Gaia_DR3,1.1809912960379094,11.022808751132791,2.287226948860668,0.017464375123381615,7.6240805111584455,0.019878961145877838
Gaia,DR3,1434505646502439552,262.95426179452215,58.350320514945075,11.998564720153809,0.9123439788818359,0.38071924971092197,5.9778436949148555,24.468894000618437,-19.004947007821656,-25.021589279174805,1.2426115274429321,4.322263915016625,nan,,,8.13523006439209,,Gaia_DR3,2.030319735004528,11.3885470570682,2.3568475900795827,0.14142994582653046,11.50568331121162,0.1222720816731453
Gaia,DR3,1431481474128986880,248.28756168801635,57.97003867233756,18.012237548828125,,2.133252571197467,3.8388013842347526,44.11674824495717,-19.03035715042085,,,5.438093136109074,nan,,,0.9275094270706177,,None,-3.5136762850908774,14.078927328813336,-5.941943018693186,0.12989793717861176,14.36933541200004,0.21846601366996765
Gaia,DR3,1431859774849579776,252.2187625952285,59.50339558087287,7.382299423217773,1.1740455627441406,4.830005085799477,1.6747948188901118,14.56841451128015,-18.77722680946592,,,4.188824470224433,nan,,,2.873664379119873,,None,-1.4583774370263805,11.413891404909466,-4.650386323277731,0.0565895140171051,8.585055700469661,0.07335172593593597
Gaia,DR3,1426293943910247680,252.5325703755918,54.43800221322101,13.398429870605469,1.2553777694702148,4.864408411970821,6.735658408506731,26.65807438994882,-19.8494507302971,-39.94598388671875,3.2659497261047363,4.3997968560217515,nan,,,21.03759002685547,,Gaia_DR3,-1.4267879960624144,10.409780706401834,-5.581518404523395,0.28582626581192017,8.65053623452474,0.314921498298645
Gaia,DR3,1426696567028786944,250.60569321985386,54.185220285198426,20.15846824645996,2.6141834259033203,4.905129598068442,7.058326738741692,43.03431329989893,-19.861654815593162,,,3.8907596571886782,nan,,,1.104816198348999,,None,-1.831377626549454,9.091268943501834,1.4942944621550227,0.5091180801391602,11.355420994680397,0.8898259997367859
Gaia,DR3,1434004196184868096,260.26066560808545,58.73832045448288,11.27562141418457,0.7764148712158203,1.970321367845764,4.593995162277819,61.522296973514614,-18.96241971841705,-22.4384765625,0.39422181248664856,3.5221554675102187,nan,,,0.8371860980987549,,Gaia_DR3,0.9331829146822957,9.427789154547455,-0.4630953008121387,0.016380975022912025,9.864484612269093,0.01841280236840248
Gaia,DR3,1434871710859493120,264.64131774669426,59.54011402119605,16.3099422454834,2.1956377029418945,2.651989889185251,6.227375695737025,26.01807326714665,-18.703732712174215,,,4.286870832870977,nan,,,1.042422890663147,,None,2.5613997771772663,11.591656488810631,3.973691869593726,0.05123725160956383,13.527976354675447,0.04654986038804054
Gaia,DR3,1432102732559859072,250.87912950472682,59.82784227820095,17.143659591674805,2.6756467819213867,4.729565022615665,1.556989643898966,46.80708423910236,-18.68155027315687,,,5.575594618417981,nan,,,1.0090842247009277,,None,-2.5087426593814772,15.272463811336694,1.7364746955434018,0.06261537969112396,11.683367771195009,0.07489937543869019
Gaia,DR3,1439732071945999232,268.9752145758143,63.82155186179433,17.652267456054688,3.0963287353515625,4.007862330300363,8.041502503370058,51.32749758666281,-17.574259683732905,,,5.459518601067156,nan,,,0.9235514402389526,,None,5.03953355139943,16.04753016215038,8.612580946955648,0.08367074280977249,13.13022808288252,0.09028546512126923
Gaia,DR3,1434036769217159552,261.05099044605214,59.02975671334698,17.363290786743164,2.702810287475586,4.480288484306226,4.779623609509857,21.163008909345034,-18.88770495207804,,,4.260077851746508,nan,,,0.9569648504257202,,None,1.3850122297280794,11.474658603410676,5.369152852587981,0.09321966767311096,12.036781563971191,0.08385911583900452
Gaia,DR3,1433983511622812544,260.1089523579808,58.422421608475574,19.241525650024414,2.9535560607910156,1.5987837253757644,4.721455675343388,37.10196765114619,-19.033794414791117,,,3.8882920314840503,nan,,,1.015004277229309,,None,0.9852559903674335,10.324191655631266,-0.022744081555976292,0.28753212094306946,11.161669333372709,0.3291330635547638
Gaia,DR3,1433852429221341312,257.712020053687,57.68863871471595,20.02086639404297,2.758514404296875,3.443381649003655,4.384958620100357,41.69001137309531,-19.21060472334008,,,3.8004812121458382,nan,,,1.0614272356033325,,None,0.26843405111524343,9.916558799161,-1.9446170153759337,0.4547536075115204,11.563738697932372,0.5456424355506897
Gaia,DR3,1435027674007431552,267.51641487857654,59.88385488693199,16.857797622680664,2.387850761413574,4.54334796975561,7.4967371774263505,39.33393388220168,-18.542243369043327,,,4.0005443250206,nan,,,1.036929965019226,,None,3.256367677758006,10.789357658393337,4.629988975110961,0.062438685446977615,7.212383469642279,0.0656759962439537
Gaia,DR3,1435114702929018624,268.4464645224072,60.06148484205772,19.133758544921875,2.2126102447509766,1.9565568754614275,7.896836819760063,45.86650938995259,-18.469921279891693,,,3.883848662564264,nan,,,1.0571682453155518,,None,3.4317586108839673,10.475307770653302,1.9847309584623007,0.2974861264228821,11.162563784796616,0.2379692941904068
Gaia,DR3,1436587709209273984,268.4780566086642,62.6268538343058,15.64251708984375,2.39288330078125,4.463648562617937,7.657745151397856,62.85434049365065,-17.87806822017,-33.86137390136719,8.09195613861084,5.929652605899704,nan,,,1.0434592962265015,,Gaia_DR3,5.2534241117479255,17.00862494160215,1.0212751200963495,0.0445428304374218,13.372428505684908,0.04755757004022598
Gaia,DR3,1432656091850672512,256.11884997752554,56.52546627869301,19.40976905822754,2.8585357666015625,4.9628879246943125,5.014883382388774,41.81974858239093,-19.458455858452897,,,3.819099716104557,nan,,,0.9962400794029236,,None,-0.194510450269043,9.649783602948354,3.0327316233638353,0.25327810645103455,7.293923117698215,0.25782543420791626
Gaia,DR3,1436957213834867072,253.78135155254984,58.66989947049027,15.168730735778809,2.2451438903808594,1.7976065608709533,2.588390671772143,62.49169142350838,-18.982547674373293,-8.644400596618652,4.603250980377197,6.099221791920097,nan,,,1.1929206848144531,,Gaia_DR3,-1.3978791558250334,16.30724658868644,0.4339806369092871,0.031154215335845947,14.897815047331228,0.033638231456279755
Gaia,DR3,1437342210407591168,258.10526863947166,60.13493809506315,18.055118560791016,3.0627708435058594,4.991753024628067,2.949487794309856,12.80261463376068,-18.66375266577235,,,4.5419934971525775,nan,,,1.0073747634887695,,None,0.4570726156443172,12.62389958293528,-2.9347951187161607,0.12809006869792938,9.256446324267687,0.11481067538261414
Gaia,DR3,1433390874855769984,255.44653451706662,57.041227951263174,19.226667404174805,3.036518096923828,2.7772294933229493,4.404795160822619,17.354574480988173,-19.34753025554608,,,4.429722029923508,nan,,,1.0255733728408813,,None,-0.45282307835552726,11.352535580688597,-1.9306552684537364,0.3429712653160095,13.48374338737571,0.3678956925868988
Gaia,DR3,1434331786226587776,259.21034306567526,59.486686693472755,16.277414321899414,2.4421768188476562,4.441068559979338,3.7363530075995177,29.82890290270145,-18.804996591788893,,,5.014695344013399,nan,,,1.0267515182495117,,None,0.9272622177713816,13.701551589234276,-1.724142090431062,0.04915672540664673,17.57606265697767,0.049071501940488815
Gaia,DR3,1429592577577681024,246.15174194277157,56.369963896478396,17.594980239868164,2.87481689453125,2.157539267161695,5.808508586692228,46.16576654917557,-19.29452387134722,,,5.418025190707685,nan,,,0.9029547572135925,,None,-4.371374935409448,13.29198766849658,-2.448355026306925,0.09704440832138062,11.750982190776218,0.10279268771409988
Gaia,DR3,1435955661821140736,264.05797006178557,60.74396005988293,14.792316436767578,1.9683942794799805,4.0549888255241635,5.634260794130571,46.82620563795253,-18.443873445184757,22.774995803833008,4.280337810516357,5.449460383302774,nan,,,1.0061362981796265,,Gaia_DR3,3.015588750553463,15.211617030331851,7.091510828765352,0.021698065102100372,17.467125663580646,0.024469636380672455
Gaia,DR3,1428601475219762816,245.0483731394083,54.67102176425224,15.911032676696777,2.356313705444336,4.427461929443257,7.5932533056098,39.26102245522018,-19.58606517152341,,,5.0416639577846825,nan,,,0.9760192036628723,,None,-4.484118623367893,11.687660396499485,-7.838161918553579,0.0337570384144783,8.38711831142803,0.03589725121855736
Gaia,DR3,1435136040332178304,269.1228871384999,60.13837411804239,20.223262786865234,2.376445770263672,3.731117012268265,8.203429803604395,51.2740670282622,-18.42742106147745,,,3.796347822255096,nan,,,1.1095783710479736,,None,3.5461074982849183,10.223820090081732,0.5917652351444845,0.6642456650733948,10.657777866322197,0.5284795761108398
Gaia,DR3,1436561424008830720,268.80688868361375,62.56971974876943,16.917226791381836,2.5959739685058594,2.5079485692409955,7.8054522379229905,30.671271846013436,-17.88036072489561,,,4.470259998675705,nan,,,0.9960806369781494,,None,4.070235912127212,12.785229003662417,1.7134322464232015,0.06337085366249084,12.608375466081934,0.05904936045408249
Gaia,DR3,1594044165217667584,224.85866941546655,52.917999521247225,16.32709503173828,2.537088394165039,4.749348971781105,16.95615743500715,66.35277415468562,-18.283906001498273,,,4.808120285455331,nan,,,1.0658773183822632,,None,-11.116850081025929,8.347005905695616,-12.365932800941922,0.03666472062468529,12.996071948129414,0.042930036783218384
Gaia,DR3,1437528444484306176,257.92322583582546,60.11757311765517,17.313884735107422,,2.776097383786945,2.8732412550924566,59.86327807844124,-18.668448044395852,,,3.5169313754063367,nan,,,1.138598918914795,,None,0.3050763029868584,9.771579063870988,1.7334557331895857,0.12292499840259552,11.253457875017382,0.12100627273321152
Gaia,DR3,1435545093011444992,261.5683601641288,59.2963650816877,18.713483810424805,3.1019039154052734,4.450296772041837,4.8862617879831465,22.62760387928515,-18.82054990728906,,,4.220591384669898,nan,,,0.9803705215454102,,None,1.53827507272132,11.435128322065987,-1.6419229268226374,0.2664901316165924,9.076116443335486,0.17041625082492828
Gaia,DR3,1435857324250023296,262.38327711519895,60.32323482217401,17.381858825683594,2.6935386657714844,1.589269760189081,4.913232763951274,24.718418835427244,-18.574151574060323,,,4.770555598596518,nan,,,0.9555643796920776,,None,2.0341452899497714,13.239224589565035,3.158235504644501,0.10652177035808563,14.375437273362186,0.08311787247657776
Gaia,DR3,1436831109299416192,256.43926540506317,58.77345536900463,17.4592342376709,2.7415504455566406,4.177127871588729,3.11433041868048,57.275179643088535,-18.974185658385764,,,3.5530091555016026,nan,,,0.9989262223243713,,None,-0.09409317197300737,9.543259228283599,1.608932803008676,0.08679555356502533,6.918657720885799,0.10081510990858078
Gaia,DR3,1438661800455166976,257.3755621423086,61.855653943478735,12.757719993591309,1.198369026184082,3.0934078105142633,2.4364251328578796,36.44546113102731,-18.26177926596658,-1.4005732536315918,1.0730177164077759,5.249972413810102,nan,,,1.163133978843689,,Gaia_DR3,0.23604120621877378,15.210012908784233,-2.9284259399681214,0.014921438880264759,13.903368720209313,0.01876019686460495
Gaia,DR3,1438064937440275584,252.9365610559846,59.938419929116606,16.59018898010254,2.3004817962646484,3.8150106792787803,1.2562775689955272,61.16817360999638,-18.68815766236966,,,3.4873253049645183,nan,,,1.0516917705535889,,None,-1.0236540786218817,9.619153326972631,-3.775679873025202,0.05334523692727089,9.078369973401475,0.0576745867729187
Gaia,DR3,1437689179341809664,260.12685412266535,61.18832185049863,16.312591552734375,2.508650779724121,4.170986954471519,3.688948307362242,30.298930082004016,-18.404054669230526,,,3.968899085031692,nan,,,1.0728238821029663,,None,1.0110933742794141,11.294654052099844,1.734184106351175,0.057523682713508606,7.88059127344035,0.0525057390332222
Gaia,DR3,1440537562997102848,262.36604095446785,64.09901546257443,19.152225494384766,2.968017578125,4.928798764929818,5.399370567490506,66.67374259951448,-17.667766786037603,,,3.4718133065404895,nan,,,0.9624969363212585,,None,1.475822473904815,10.510252386358923,-0.13887411480344303,0.24658934772014618,7.28445673996694,0.2577732503414154
Gaia,DR3,1440620644844060288,265.7479014722247,64.02156201942117,18.44851303100586,3.012042999267578,2.5087210808232507,6.7254078986778305,38.38808344889899,-17.619346063749443,,,5.090034898034506,nan,,,1.0212273597717285,,None,3.4664544457894912,15.234037126461654,4.361583022078314,0.17145545780658722,12.695286485117585,0.1636321097612381
Gaia,DR3,1437528444485461504,257.9237091708856,60.11789674799456,15.216604232788086,1.9576969146728516,2.044543747491207,2.873330206527617,46.29086898781349,-18.668371919584267,-0.0567919947206974,14.559062004089355,3.69766639114574,nan,,,1.655513882637024,,Gaia_DR3,0.32089051287473747,10.273820172690257,1.0552785896349905,0.03815070912241936,11.688266207604471,0.03915209695696831
Gaia,DR3,1432515839694326272,254.510044056258,55.7983131663528,12.537818908691406,0.9923877716064453,3.9355621541444443,5.47934069239559,47.23489865983417,-19.6004958540132,-31.035634994506836,1.5122624635696411,3.7476678750620085,nan,,,3.5122194290161133,,Gaia_DR3,-0.6507687178625639,9.263532708491509,-3.269137286071542,0.04287764057517052,7.5867086060867095,0.054823070764541626
Gaia,DR3,1439014636313210624,262.53905900963605,61.428049209731135,18.60572052001953,2.866640090942383,0.6385813038802098,4.837217428821051,42.653981113586354,-18.314372029862596,,,3.799366193576386,nan,,,1.1109422445297241,,None,1.6649755773461798,10.82513934400139,1.58286955015073,0.22192387282848358,10.320304371299263,0.22860977053642273
Gaia,DR3,1433268760345312000,261.2456722122634,58.79133201251655,9.694083213806152,0.6762657165527344,1.5833359824695512,4.989328436243631,60.85592444215699,-18.93789997948169,-8.376599311828613,0.2332812249660492,5.974262455177238,nan,,,5.525715351104736,,Gaia_DR3,2.0308098246373865,15.986904793494437,0.06199163456623591,0.09128589183092117,15.670326420836627,0.09610393643379211
Gaia,DR3,1439246873784952448,262.6690825609596,62.154118030680905,17.862226486206055,2.6910858154296875,1.9494321014831497,4.933803704186449,62.57661851715985,-18.13952059402637,,,3.515078864975192,nan,,,0.9748254418373108,,None,1.5750889078585564,10.183306590227934,0.31172612448381765,0.10702892392873764,10.883776145123706,0.12053507566452026
Gaia,DR3,1437279027144751744,258.6603263835358,59.915149645379294,17.727449417114258,2.7669105529785156,2.3739417152504854,3.2924020829430005,33.29327372990425,-18.711353049083797,,,3.9042722414612894,nan,,,0.9965189695358276,,None,0.5581924635182636,10.788401832457781,-0.5608798030455948,0.11457303911447525,12.390084388357806,0.11514720320701599
Gaia,DR3,1438521161752241792,259.7574645724629,61.85728796857475,18.010177612304688,2.4497737884521484,3.048996959852395,3.5402382356899915,69.11378425235996,-18.248764173209334,,,3.4117953202049263,nan,,,1.0074262619018555,,None,0.7731491582529431,9.867908877794845,-0.10390072033050712,0.12741687893867493,11.877851525357688,0.1158154159784317
Gaia,DR3,1596612761819763840,235.42526050863424,52.138678333341694,17.90440559387207,,4.327345278067382,12.942599181887612,51.156575252184155,-19.444661920818035,,,4.390869041339976,nan,,,0.9284839630126953,,None,-6.992274122749693,8.643266574074088,-5.377542186177344,0.2618165910243988,12.308939647905822,0.45783963799476624
Gaia,DR3,1436560423280589440,268.8549031597511,62.5444974993395,18.588132858276367,-0.119415283203125,2.8535737797103256,7.82628813109739,35.07371914049768,-17.884656428469416,,,4.156251550911086,nan,,,1.0276941061019897,,None,3.7992189259975704,11.877422894316306,1.3795836300208641,0.16908152401447296,12.507169379999059,0.19062741100788116
Gaia,DR3,1436589633354043776,268.7554991409749,62.69514327887897,9.116583824157715,1.1056184768676758,4.935489924152142,7.789475778705619,63.36668417060041,-17.852410749665427,9.149063110351562,0.13336817920207977,3.5811574481206008,nan,,,1.0551676750183105,,Gaia_DR3,3.246959168378921,10.274476481127778,0.9663594021788475,0.013362272642552853,13.221013043725977,0.013098855502903461
Gaia,DR3,1436849392976245760,256.53258123527354,59.03641526294254,13.20798110961914,1.08074951171875,1.944122233739358,2.94307580647111,30.64807033016565,-18.915639975252812,11.389917373657227,1.6693857908248901,3.9383792492367724,nan,,,1.0665318965911865,,Gaia_DR3,-0.07625611279045619,10.650712267248299,0.37833164118492446,0.013823500834405422,9.101940996332383,0.013351496309041977
Gaia,DR3,1437142962580547712,255.00793850365142,59.467969435059615,15.979960441589355,2.87457275390625,0.4868214678918892,2.118271430656264,68.25983620745446,-18.81357669404491,,,6.331609111859031,nan,,,2.162875175476074,,None,-0.859062569959796,17.3013733149426,-0.3358696796416982,0.08017977327108383,16.916015908595263,0.07088298350572586
Gaia,DR3,1437369393256862848,259.8707453809871,60.21769034204087,16.01935386657715,2.397684097290039,2.900298039869422,3.7440880028952908,32.35337363685261,-18.632518310265286,,,5.087486129242412,nan,,,0.9086096882820129,,None,1.1967928100412693,14.146091348199244,2.30591276476021,0.04621320217847824,17.05218386804176,0.04081479832530022
Gaia,DR3,1438679083403576832,257.24981258080663,61.99482954278923,11.705670356750488,0.9055376052856445,2.042381822159975,2.4176616655412335,39.98047351673411,-18.228560982365973,-17.275487899780273,4.485959529876709,3.781184631901974,nan,,,1.9014253616333008,,Gaia_DR3,0.13372369957688712,10.990343448270696,1.6438745364748275,0.031230099499225616,11.598496016073554,0.03420155867934227
Gaia,DR3,1439150430294735488,264.5844245293179,62.177922263315274,14.778310775756836,2.016813278198242,3.226531794769201,5.825986090092478,42.84895890262403,-18.095301735319335,-22.54217529296875,5.428069114685059,5.305823659570287,nan,,,1.0065810680389404,,Gaia_DR3,3.14740350940992,15.297911964289375,2.154800121774735,0.021839533001184464,18.76766856805871,0.022271759808063507
Gaia,DR3,1439351911509328768,263.8815912502092,62.52861272325072,20.088254928588867,2.3837108612060547,0.9320401938744168,5.543463606399175,52.86000643864505,-18.026505832584917,,,3.6639249771856717,nan,,,1.0663626194000244,,None,1.978596033451682,10.671939773390987,1.6999111941195935,0.6992527842521667,10.008169027718,0.6060504913330078
Gaia,DR3,1439825015037911936,265.77521441230607,63.366369748540905,17.109331130981445,2.5803728103637695,4.229895558267347,6.553431215466682,37.067268581338354,-17.779741053746207,,,3.9840193277952554,nan,,,1.036841869354248,,None,2.721428755653565,11.75256295407722,2.2381877155800374,0.07503090798854828,8.233015128894134,0.07838133722543716
Gaia,DR3,1437200858739759104,255.9526056409438,60.119612355967696,13.842167854309082,1.3244895935058594,3.8564770276178173,2.005981037545058,43.97634251387375,-18.668918726045394,-11.42563247680664,1.8908216953277588,3.718009272449301,nan,,,1.065611720085144,,Gaia_DR3,-0.23652169842651616,10.332065259774632,-0.7556063566314659,0.019070584326982498,13.309843015004764,0.016027728095650673
Gaia,DR3,1438260238192976640,255.8409120810809,61.3137666021206,15.585824012756348,1.9575624465942383,4.999848740074591,1.6276408930890176,67.23966000039788,-18.390023759788065,,,3.416684333699867,nan,,,1.0873641967773438,,None,-0.24646898076136736,9.772667403670352,3.339433856259646,0.030681626871228218,10.104763821187387,0.032774392515420914
Gaia,DR3,1439755844589498624,266.03728574139143,63.031131442580424,12.486482620239258,1.2202482223510742,4.185682716183941,6.6000688044489255,57.12583225071541,-17.85444290806049,-76.23565673828125,0.6545417308807373,5.765181031648387,nan,,,1.0747482776641846,,Gaia_DR3,4.051946617094626,16.863765234659073,1.543572489349382,0.013417812995612621,12.438081119031727,0.014737074263393879
Gaia,DR3,1438242508567868160,255.8157845852293,61.165683108017184,16.644357681274414,2.396834373474121,3.425707921949018,1.613320856840809,6.365974852056546,-18.424933015317983,,,4.43582021751749,nan,,,1.0387206077575684,,None,-0.3284901167122929,12.643037276729533,1.490350409476278,0.04685022309422493,10.006031611773889,0.050059039145708084
Gaia,DR3,1438641214676482816,256.1499985783732,61.53955475441287,19.599075317382812,-0.22867393493652344,3.449365396237361,1.801414264727564,37.423252738933556,-18.337183689267604,,,5.291446183826188,nan,,,0.950067937374115,,None,-0.25692262520170406,15.217297872858799,-3.0753261562576273,0.39914432168006897,12.597823027672689,0.3484564423561096
Gaia,DR3,1438649705827712896,256.53981658890615,61.707356460103014,13.382928848266602,1.2846708297729492,0.9924178160567754,2.0172509493130915,22.930081308504892,-18.29769376757998,-45.17338943481445,1.555633783340454,4.045183954342132,nan,,,1.042840838432312,,Gaia_DR3,-0.07609080025567483,11.679853482870543,-0.4596352348770596,0.014665666967630386,10.92545525743708,0.014928119257092476
Gaia,DR3,1432609706202950144,257.4908471720992,56.569638360117935,17.81914520263672,3.004352569580078,2.5471096765394425,5.281766365567463,20.927617479115714,-19.4491274295899,,,4.399816986058754,nan,,,1.0094283819198608,,None,0.2365197483880508,11.130887620254102,-0.9765538818456366,0.11308920383453369,9.103597909179223,0.12048660963773727
Gaia,DR3,1434130850476520192,258.188483706226,58.61014112788204,12.91191291809082,1.1065044403076172,2.526610376045204,3.8447017053782293,18.676017421609405,-19.00736731793993,-10.985493659973145,1.487263798713684,4.2325887303611065,nan,,,1.1857731342315674,,Gaia_DR3,0.45280459576305887,11.315811053550608,2.599158538099001,0.02000770904123783,12.00544402269274,0.02098817378282547
Gaia,DR3,1434887997375813504,265.3627909377874,59.939199881634366,18.414871215820312,0.21569442749023438,4.061824490152478,6.445624230461589,58.71775643175929,-18.595315731446696,,,5.832616491586903,nan,,,1.0086991786956787,,None,3.802780438121358,15.891533517895432,2.3660527802720805,0.16119539737701416,20.674732297537943,0.16374580562114716
Gaia,DR3,1440152596488625792,261.81323061236014,63.06684918220897,18.957624435424805,3.0475540161132812,3.523615701088261,4.756098930437417,19.572737896707302,-17.931784140407743,,,4.333529555644257,nan,,,1.1095088720321655,,None,1.6601122868754383,12.84092683788649,1.0364807511409366,0.2892991602420807,15.998944384358664,0.24824747443199158
Gaia,DR3,1593019489100383872,227.111509848039,51.641218380282,10.692655563354492,0.7539081573486328,3.3225465178430618,16.791658836696495,69.96103748244076,-18.721679288117357,-10.030464172363281,0.41339707374572754,5.236853805160806,nan,,,6.600963592529297,,Gaia_DR3,-11.3349223816782,9.000418582482483,-7.763437577324507,0.07229650765657425,9.836443250442702,0.075833261013031
Gaia,DR3,1432058545936185088,251.63539094715662,59.63400408961702,15.55753231048584,1.772231101989746,4.039733650186532,1.593745183474239,55.4930615421654,-18.73869687031926,,,3.560129848302393,nan,,,0.9909417033195496,,None,-1.39739756126174,9.721334927195365,-3.1470439938514243,0.033137328922748566,7.2452607068788835,0.03346104174852371
Gaia,DR3,1432195332054579328,256.3475404426232,55.13187854856979,16.343477249145508,2.321491241455078,3.0916991752190066,6.376004920036426,30.294871938241258,-19.744461231159576,,,4.141887849370378,nan,,,0.9675421118736267,,None,-0.13867693162530315,10.049375196853553,1.1887626873208719,0.04659250006079674,7.698774598319325,0.051167428493499756
Gaia,DR3,1440161809194006912,262.46086183019924,63.29244790631796,14.849322319030762,2.1383914947509766,1.6835675896855222,5.107119893577106,65.55996700374688,-17.866518944856157,-46.19904708862305,8.535909652709961,6.152275606638015,nan,,,1.078587293624878,,Gaia_DR3,2.6595510459815213,18.296321202191947,3.2257071368920607,0.02688472904264927,20.405168580008837,0.025998305529356003
Gaia,DR3,1600249121650105472,226.52253127818227,54.47185141278842,15.968125343322754,1.1245651245117188,3.7694883336269034,15.220247621047449,65.739845784973,-18.23464898090956,,,5.276495108782389,nan,,,1.2896230220794678,,None,-11.626152649221034,9.990169307050312,-13.111989775629798,0.04136338457465172,6.069317004241778,0.04893571138381958
Gaia,DR3,1594492491083979008,232.05882330716597,49.59533426767736,15.495621681213379,2.062427520751953,4.589473423662804,16.254149750574932,64.84401951756803,-19.530671108335675,,,4.323979832976702,nan,,,1.0054445266723633,,None,-7.907701863180341,7.385127671126517,-11.636037745447254,0.02376064471900463,5.487490464909442,0.03065771982073784
Gaia,DR3,1439645485405246080,268.99454663625045,63.3288818109936,16.12717628479004,2.2580347061157227,4.4180778838536305,7.964722946298301,61.984313099071684,-17.692759615768402,,,3.607944452868881,nan,,,0.9793635010719299,,None,3.3355976988610454,10.488664654951188,2.475655375306415,0.04472073167562485,7.240210937090151,0.047924041748046875
Gaia,DR3,1439851643835189120,266.3192842379996,63.56021704663324,13.09471607208252,1.078115463256836,4.036041533257627,6.83582368566027,43.93029194238353,-17.718225687314447,-39.13629913330078,1.5349043607711792,3.8612948783686716,nan,,,1.8150080442428589,,Gaia_DR3,2.7958098953396444,11.416367969903593,1.7355831856109603,0.02363836020231247,14.525927022049547,0.022986967116594315
Gaia,DR3,1440040965994046080,261.2474143308895,62.35592415430836,16.987548828125,2.717742919921875,3.2391875713655605,4.3138111250889555,18.442289300431167,-18.112544843263144,,,4.586728868998191,nan,,,1.0568939447402954,,None,1.5597583370879915,13.389382255028162,-1.4631136804620561,0.06669577211141586,12.569587922495899,0.07286785542964935
Gaia,DR3,1440921984045820672,267.32041783574994,65.05986071823482,17.472387313842773,2.617074966430664,4.063343210791064,7.731492811116267,66.15761973279379,-17.318750691437593,,,3.539132989095687,nan,,,0.947352409362793,,None,2.828766586684189,10.763752210891564,0.34286405719402324,0.07928279787302017,12.498940576368453,0.07954971492290497
Gaia,DR3,1440943798183219712,265.2456630572364,64.74129587146045,19.010555267333984,2.965730667114258,4.557955270165189,6.798601913468954,56.53194803594982,-17.451476779619075,,,3.648805581930183,nan,,,1.2012946605682373,,None,2.3467164815700308,11.109207709733964,2.9303075313749223,0.25062644481658936,7.6521182363727345,0.31088533997535706
Gaia,DR3,1596089664866062336,231.96891154170717,52.40193141985082,12.677250862121582,1.2572946548461914,3.807067710545979,14.146741546773342,56.410626048141424,-19.102487804975993,-22.9580020904541,1.8007736206054688,4.822758709807306,nan,,,7.300992965698242,,Gaia_DR3,-8.849912357341244,9.189065717792257,-10.695005550175306,0.08329909294843674,5.786549456749958,0.10824096947908401
Gaia,DR3,1440405694615944192,260.6576909114201,63.556182544235085,19.39097023010254,,2.903143963348105,4.478435569902059,48.60703310571503,-17.825604706398376,,,3.6976041258230947,nan,,,1.118882417678833,,None,1.0914560559005915,11.0982791119858,2.0809247240306803,0.6224392056465149,13.1334745032248,0.4667745530605316
Gaia,DR3,1441040765660967680,268.57888004543594,65.52653967694698,16.53084373474121,2.6285715103149414,4.012754674472584,8.399929128682773,69.93042057904056,-17.164236336276034,,,3.5078359492694298,nan,,,0.9819187521934509,,None,3.1342180709454297,10.713239850738207,0.6353428649200639,0.0646044909954071,12.313542280038895,0.06405649334192276
Gaia,DR3,1595318224316857984,233.8783576902988,52.06025391488244,18.38566017150879,2.7903671264648438,3.0407852009784593,13.61310204057972,58.80139512044874,-19.327796395243894,,,4.087662964608889,nan,,,1.067129373550415,,None,-6.9563516568593,7.880089301979531,-7.663552783252891,0.1385623812675476,10.40315765285233,0.15565456449985504
Gaia,DR3,1596631762755063936,235.61353376362976,52.06402143722035,11.495911598205566,0.8883943557739258,1.530395836391797,12.92807579773652,62.83773733025588,-19.471990472496408,-6.356166362762451,0.7072724103927612,5.471760118560911,nan,,,0.8030145764350891,,Gaia_DR3,-8.640292553467868,10.764194823722153,-9.721025696515468,0.012068170122802258,9.368361092585605,0.012869554571807384
Gaia,DR3,1436467896800754304,266.37411413583277,62.203562527542715,18.969484329223633,2.8179855346679688,3.8546206674954777,6.660856249974262,28.476456595702295,-18.0435581598528,,,4.691568103887097,nan,,,1.0622614622116089,,None,3.41633361667985,13.449228285168438,5.648595469062681,0.2392851710319519,16.539681327795336,0.23498854041099548
Gaia,DR3,1437262568830066944,258.9419717364748,59.778534015134035,13.93740463256836,1.4342708587646484,2.9776267586979297,3.479216177319223,25.159081552994504,-18.740730139497487,5.5593743324279785,2.414954662322998,4.056438385660602,nan,,,0.984656810760498,,Gaia_DR3,0.6670702928152077,11.168014260785407,-0.8001596878524926,0.018260562792420387,9.08696002355275,0.016277845948934555
Gaia,DR3,1596725324322166912,236.7896209116984,52.81999073356506,16.36009979248047,2.628040313720703,4.679661894179365,11.889503369026864,57.111133526299525,-19.43764459998572,,,5.322631350938174,nan,,,1.0126861333847046,,None,-7.957652910538421,10.892175956185342,-12.732536228546003,0.04413358122110367,13.07672170389695,0.04947670176625252
Gaia,DR3,1435676385867634816,263.9321999479404,59.99482257237239,9.468667984008789,0.743316650390625,4.870401606646987,5.743763594249376,24.887769875040487,-18.61816123984165,-5.526975154876709,0.22661101818084717,4.253065139453225,nan,,,0.978987455368042,,Gaia_DR3,2.313041398834826,11.65907026488412,4.38843587355261,0.01589386910200119,7.817036336334614,0.015376636758446693
Gaia,DR3,1441102815052463872,267.7384713306773,65.71538891341687,18.217029571533203,2.793668746948242,2.724831300535638,8.166167901204734,35.33673522668849,-17.14107613537996,,,4.19518137856942,nan,,,1.0503454208374023,,None,3.4846130688688524,12.910803254626458,4.023713678176151,0.16259802877902985,10.562074983200077,0.13219577074050903
Gaia,DR3,1441024199970886272,268.5875320108701,65.37777936317413,18.309162139892578,2.8018455505371094,1.0063377429936544,8.344612825707285,61.80066734135377,-17.201501447500753,,,3.6252596170264515,nan,,,1.0264167785644531,,None,3.2414778032694733,11.037299427055695,2.667060348749455,0.14669282734394073,11.548705229377457,0.16267316043376923
Gaia,DR3,1596563245140633344,235.9147504368023,51.78285926035115,19.285642623901367,2.686513900756836,4.705990446531989,13.034706967140888,54.65599924167087,-19.541698609244115,,,4.169457008719361,nan,,,1.0920161008834839,,None,-6.494411082924885,8.145136864774253,-7.6094082144386075,0.2260155975818634,4.161855202366165,0.2592783272266388
Gaia,DR3,1596836581154626176,234.96790994448668,52.58761545213813,15.313996315002441,1.9220314025878906,2.2196816696189043,12.778567529593515,60.01254846828437,-19.333966989206235,-7.094297409057617,8.805668830871582,3.944662759649366,nan,,,0.9733819961547852,,Gaia_DR3,-6.409712380484052,7.851233102711381,-8.212915081519569,0.02395075000822544,7.45683318853275,0.030286448076367378
Gaia,DR3,1589719751626191744,227.7704289811598,50.43626221585014,17.337425231933594,2.670480728149414,3.8815939030570985,17.37024136869497,68.27190918998897,-18.963265962621747,,,4.41947623695983,nan,,,1.014021635055542,,None,-9.372055514127805,7.3108497432397455,-11.073361842778048,0.06645435839891434,4.119666632674101,0.08093102276325226
Gaia,DR3,1594676934159138432,231.1400345496424,50.15500184299936,12.571213722229004,1.0951662063598633,0.9803062996908081,16.177206629431424,63.57159463692832,-19.360034327567625,-15.299789428710938,0.8256171345710754,4.8117337177375825,nan,,,0.9753678441047668,,Gaia_DR3,-9.104972495671525,8.30121061503323,-8.706216805530625,0.011322982609272003,9.212141999468853,0.012502909637987614
Gaia,DR3,1597538924270637312,238.25360487909904,54.827158085868206,19.88161277770996,3.053882598876953,4.013255534447206,9.814084755006709,56.50538036210259,-19.186593628369636,,,5.5196704057129375,nan,,,0.9928519129753113,,None,-7.670182563278408,12.247449659358196,-5.8897930009359385,0.40125593543052673,7.930327358177059,0.524355947971344
Gaia,DR3,1596860598610781312,235.04733975090667,52.64022470873268,19.576845169067383,0.8688774108886719,4.44033700069158,12.70722244468627,62.55801140067927,-19.331764123301006,,,5.4858658837519085,nan,,,0.9747715592384338,,None,-8.883148987807605,10.949101105134282,-12.006640495269075,0.3383444845676422,15.025064845807064,0.36657243967056274
Gaia,DR3,1436932612262170880,253.60154104920457,58.33467506884281,16.566497802734375,2.439756393432617,4.28959673792023,2.895457288636498,48.170732294227214,-19.05453397205967,,,3.6717238494083064,nan,,,1.0128638744354248,,None,-0.8918256437946752,9.728436155358505,-4.207979257109988,0.04878082126379013,9.562482407126499,0.061523355543613434
Gaia,DR3,1438035834741819008,256.00200104812853,60.89835737540348,15.768025398254395,2.667820930480957,4.8815947588861945,1.7322666148472083,37.98698753235372,-18.488274046690023,,,5.308761381157654,nan,,,3.027298927307129,,None,-0.31771028794735345,15.035680390291283,5.038703259034692,0.08696325123310089,13.960845686491378,0.084516242146492
Gaia,DR3,1439295424095294080,262.0814503209707,62.242085199554246,17.39585304260254,2.5656280517578125,4.911179365989291,4.674464188922592,54.40417060860676,-18.128055553037633,,,3.619452438776648,nan,,,0.992274284362793,,None,1.4603368252107112,10.520919069395248,-1.9993998810103757,0.0830506756901741,11.960563885981571,0.07611595094203949
Gaia,DR3,1597042361627806848,235.20918869464066,53.59742586283842,16.62615966796875,2.5495080947875977,3.329705916399068,11.934627164817583,51.62503861298533,-19.18383154692116,,,5.026196510029815,nan,,,1.021450161933899,,None,-8.081125162948288,10.391110173637255,-10.827510549125373,0.04414459317922592,8.176473833933983,0.054920393973588943
Gaia,DR3,1598083766642141824,234.77634787840412,54.64783595294378,12.1356201171875,1.0083799362182617,2.542813413520358,11.384621386974187,54.426058579803204,-18.967313164611596,-22.881603240966797,0.4317342936992645,3.9585319492867512,nan,,,0.9980289936065674,,Gaia_DR3,-6.485929991701388,8.436536307913928,-8.603302209928401,0.010848408564925194,8.576201753404597,0.012129262089729309
Gaia,DR3,1598739281730889344,236.52862630230834,56.84980052491836,18.263500213623047,-0.03415107727050781,1.6233965927979066,9.243503047041278,48.58085838459365,-18.690091141762217,,,5.246742529485777,nan,,,0.9089475870132446,,None,-7.9423032416823025,12.192103371705391,-8.988446822484256,0.14742158353328705,13.651454248702576,0.14845271408557892
Gaia,DR3,1438794807002641920,259.19847145821274,62.354165442804586,16.792800903320312,2.6053552627563477,3.533825351006144,3.3932944367763214,40.526084936760476,-18.133583060369606,,,3.7921643850362443,nan,,,1.0543701648712158,,None,0.6977731399204623,11.100959725976676,-0.9608070805959261,0.05744454637169838,8.814057050895462,0.06722275912761688
Gaia,DR3,1439506809500982272,266.82455800102815,62.64295515798914,15.60061264038086,2.0658950805664062,1.8610086828954686,6.9017432116981015,37.253738348970515,-17.92605241022185,,,4.00441282858579,nan,,,0.971185564994812,,None,3.0515788727058606,11.575088491998862,3.377473847288606,0.032326050102710724,13.111923019855418,0.030981525778770447
Gaia,DR3,1439507458040336512,267.0999151212267,62.58246303254468,14.471088409423828,1.8744735717773438,4.765772662170899,7.022099494167265,53.10703131410008,-17.93240672178999,12.454584121704102,4.002270221710205,5.5934826742215416,nan,,,1.0423935651779175,,Gaia_DR3,4.378212455243712,16.127655374259465,2.964459942287652,0.022213872522115707,10.688774096731631,0.019389666616916656
Gaia,DR3,1596996903693844864,236.6115967782823,53.54396044809067,18.61428451538086,2.5878772735595703,0.77500721651017,11.408156673848353,49.115826845461704,-19.300378780168955,,,4.135711759865659,nan,,,0.9918068051338196,,None,-6.235900106920105,8.661351294033876,-5.73606548030657,0.1594046950340271,8.206684430756614,0.20137359201908112
Gaia,DR3,1436754143485512192,254.3268642295324,58.208582492463805,17.883073806762695,2.670919418334961,3.7273400428156815,3.1092633874473155,37.94794116777324,-19.088934644298835,,,3.825209589354855,nan,,,0.987385630607605,,None,-0.7176548593238994,10.110102782506342,1.4484013191035463,0.10001806914806366,12.193952614121812,0.1273961067199707
Gaia,DR3,1612747506545240064,225.38881262203302,56.359344973453425,18.217754364013672,2.930906295776367,1.208448383887643,14.718128793869148,63.96229097365976,-17.812706057746084,,,4.053583269464387,nan,,,0.9620771408081055,,None,-9.232715921893393,8.034575456827815,-8.327101930344877,0.15104109048843384,8.530816988799526,0.136278435587883
Gaia,DR3,1599328589899191040,228.41641294251195,53.9708271219749,16.224994659423828,2.3891754150390625,3.170745110413006,14.651506043923641,57.31917928593924,-18.509726020033323,,,4.479766781233813,nan,,,1.0253307819366455,,None,-9.306209462381961,8.587028444457706,-6.333470216024029,0.03567502275109291,8.94644418651443,0.03986846283078194
Gaia,DR3,1596484874872681472,232.10483391786371,53.74139512261781,15.596136093139648,2.1561145782470703,3.0212687741131488,13.150837844144553,55.430978648002736,-18.898303817408,,,5.022084305415907,nan,,,1.0132807493209839,,None,-9.168378553562885,10.056885954845422,-6.401484905457746,0.025986816734075546,11.661742542477695,0.030571751296520233
Gaia,DR3,1596860598611741952,235.0491982049799,52.63982554285051,11.835907936096191,0.9894542694091797,3.629403918938652,12.706783509724799,59.411481734623045,-19.331981121556122,-44.85079574584961,0.517300546169281,5.327087010056061,nan,,,0.9064443111419678,,Gaia_DR3,-8.625339937441586,10.632269399547608,-11.09687764312104,0.01267933938652277,13.873244198567605,0.0144328773021698
Gaia,DR3,1598693003459000320,237.3830272315413,56.63172044554067,16.175168991088867,2.467373847961426,4.087731435011261,8.988712178400123,69.25974634377835,-18.789548934700406,,,3.5377738678548947,nan,,,1.705242395401001,,None,-5.138370626380961,8.233087614125582,-3.6170307620414404,0.0889691486954689,10.874986114521588,0.08667092025279999
Gaia,DR3,1597189966767756800,237.54520014053526,53.812401078978354,18.07416343688965,3.080953598022461,3.5911681318433586,10.840480004502078,67.73804749598374,-19.320892298841937,,,5.9156686388577855,nan,,,0.9877372980117798,,None,-8.523016872722637,12.616489308424423,-10.912004558538364,0.11013815551996231,16.40456847537634,0.13049350678920746
Gaia,DR3,1601285445719274240,234.21071997203225,56.14857153406883,10.530346870422363,0.8255815505981445,0.7252588929704744,10.693676139428522,42.47474117976077,-18.652977736846395,-12.527167320251465,0.3687073290348053,4.369812923518292,nan,,,1.985810399055481,,Gaia_DR3,-7.334305686503615,9.708368293669436,-7.312178740090099,0.03130229935050011,9.040625966317926,0.03809795901179314
Gaia,DR3,1599308622595705984,228.8884556315221,53.77277549877957,18.226945877075195,3.401334762573242,2.6041742589014265,14.56249036266083,58.7516122506898,-18.58860755332899,,,4.913827825855864,nan,,,1.0947482585906982,,None,-10.051842505187013,9.420003001618259,-10.530570571709283,0.13201434910297394,6.765197870560577,0.1314903199672699
Gaia,DR3,1598481106952617728,237.7042837740583,56.193110451579145,13.105892181396484,1.1278095245361328,0.42075444964644876,9.117590360253686,49.43116817027625,-18.89475827108106,-14.888136863708496,1.3671001195907593,3.889761612910143,nan,,,0.9815910458564758,,Gaia_DR3,-5.5595841038348635,8.960054063300849,-5.230102723442678,0.01050611026585102,8.857681555896518,0.012516170740127563
Gaia,DR3,1440226607364565760,264.1813716337997,63.53444074524679,18.60886573791504,2.8781986236572266,1.160196516965281,5.9138968426178256,27.148639937866417,-17.77525344786131,,,4.190707039078797,nan,,,1.0769902467727661,,None,2.3581651526374543,12.473339209290414,1.8513711097676726,0.2064201980829239,13.364248028710046,0.1971362829208374
Gaia,DR3,1440248494517812096,263.53801948079695,63.40835479833711,15.72374439239502,2.047825813293457,0.616099403521567,5.601460316628011,65.64989920656954,-17.819087725325268,,,3.4891897428083816,nan,,,1.0213340520858765,,None,1.7934291038087662,10.375367837581807,1.4900869981148412,0.043497949838638306,10.038690176036893,0.04071185737848282
Gaia,DR3,1439590406744608128,266.79975390005484,63.122607484154656,7.929791450500488,0.10294628143310547,3.9323776194073696,6.955959783868458,32.145942379790576,-17.811419225141023,-13.53893756866455,0.6242614984512329,4.148202621441516,nan,,,1.0851500034332275,,Gaia_DR3,3.1534231504559274,12.12284119399967,-0.28422632672594295,0.029479363933205605,12.211655421204679,0.02948027104139328
Gaia,DR3,1603129051839580032,232.1228915290048,59.30476965196322,20.173978805541992,2.395435333251953,2.941500262240865,10.227395306201032,55.62651303456069,-17.89036695446511,,,3.8342862908113067,nan,,,1.0345544815063477,,None,-6.995119068133485,9.125910606816781,-9.270769670501995,0.5708036422729492,9.814787121045573,0.5739720463752747
Gaia,DR3,1598454920535874304,237.37928453361866,56.00729661845755,18.206218719482422,3.2310562133789062,3.5373416937635835,9.375588826812734,67.02739273645757,-18.908408727211278,,,5.995391027529791,nan,,,1.0121346712112427,,None,-8.709503654364797,13.692163652249544,-11.244798660478606,0.13543199002742767,17.37460665095427,0.14375384151935577
Gaia,DR3,1601955799918495744,234.0161632937198,57.34609249540296,18.240224838256836,2.5687522888183594,2.2722717866753923,10.136133107333137,61.59636865312018,-18.41415977152758,,,3.712328690942126,nan,,,0.9632242918014526,,None,-6.281635252581682,8.533237320547126,-7.049673964404377,0.10806990414857864,10.137096779742286,0.13127702474594116
Gaia,DR3,1602260094057652480,230.45537675091413,56.901987123612784,16.661449432373047,2.462094306945801,4.001601507758004,12.03365965323281,50.94694184145341,-18.2058743064921,,,4.964799889321305,nan,,,0.9785822033882141,,None,-9.627756871616349,10.792900959883529,-13.81078068580098,0.045082151889801025,11.000961547246312,0.05095263198018074
Gaia,DR3,1600870758036477184,228.1642577993407,56.39456273425224,17.820249557495117,2.726743698120117,0.7904406849145698,13.376755581944323,54.72170519408485,-18.084807445815436,,,4.237699636607143,nan,,,1.009961724281311,,None,-8.875000438141187,8.783104859507779,-9.57726658872449,0.08262244611978531,8.856968540758501,0.11116314679384232
Gaia,DR3,1599550343354575616,232.1224330621836,54.59595907596115,20.051387786865234,0.9284572601318359,4.915529250949933,12.581361039992489,67.537268478571,-18.756159763301063,,,5.742413156733324,nan,,,0.9582587480545044,,None,-10.47641222338439,11.84214248739293,-12.743291488977933,0.36979788541793823,17.34397197109593,0.5117416381835938
Gaia,DR3,1601281631787898112,233.7185446786395,56.06246335707182,13.252791404724121,1.2720909118652344,3.1686480576336984,10.96717622716852,51.73396306896944,-18.630234023922057,11.343064308166504,1.3812803030014038,5.184077624879777,nan,,,0.9948662519454956,,Gaia_DR3,-8.880418329820964,11.424093170686653,-5.790143715818142,0.010778241790831089,12.986689005398265,0.01205802895128727
Gaia,DR3,1601684980756420480,234.09724126001302,56.546738060909355,15.298501014709473,2.065326690673828,2.411178598641267,10.519470421232615,42.775442086318385,-18.57063117872671,21.681730270385742,6.618339538574219,4.283889713075047,nan,,,1.4379900693893433,,Gaia_DR3,-7.224329583932268,9.622473663756171,-9.378980731028513,0.03373870998620987,9.9371199655106,0.042501162737607956
Gaia,DR3,1601272560816937216,233.31130580520139,56.0911743210882,12.695442199707031,1.149998664855957,4.405944001441288,11.136303499628061,57.1023925288932,-18.59252928513554,-26.931652069091797,24.58833885192871,3.8693928146444994,nan,,,1.1158092021942139,,Gaia_DR3,-6.738796010458212,8.495130819489649,-3.607318676170018,0.013255137018859386,6.7315010273212685,0.014125335030257702
Gaia,DR3,1602797858322266112,233.12753834958235,58.02563742200463,10.979296684265137,0.6852293014526367,4.85019788302536,10.237377802162852,56.249643988866865,-18.21653874480363,,,3.821868920079112,nan,,,8.652539253234863,,None,-6.705151857605912,8.873832629618523,-5.764377933742384,0.14987042546272278,5.081018480504778,0.14768417179584503
Gaia,DR3,1602979857560982144,234.9370959027327,59.352088177031504,19.60711097717285,2.3463973999023438,2.0487961906787464,8.856607986140867,58.550719385837596,-18.085913651510687,,,3.7002088508009288,nan,,,0.9448808431625366,,None,-6.020573448323962,9.088208653669964,-4.599835094155224,0.2873079180717468,8.356381198606286,0.2774653732776642
Gaia,DR3,1596222366471456640,233.5090433019752,53.23715678748084,13.548518180847168,1.3172826766967773,4.802862639228036,12.899220961438026,51.47751456374051,-19.10465957099151,-89.90804290771484,1.748072624206543,4.337608618078584,nan,,,0.9621626138687134,,Gaia_DR3,-7.494148484083722,8.684999947601394,-7.917790929218029,0.012046098709106445,4.313687713150299,0.01510841678828001
Gaia,DR3,1602311079613158784,232.13378738836374,57.037886072646494,18.58702278137207,3.2662925720214844,4.888773837079278,11.173505657887745,57.55615421376348,-18.323539960063744,,,5.429593310479105,nan,,,1.0512778759002686,,None,-9.901431026209211,12.103827017514444,-14.801708372054817,0.17835861444473267,14.80562945832299,0.18311670422554016
Gaia,DR3,1601496345793031424,233.7063039082996,56.52677399247308,16.46587562561035,2.3585548400878906,3.049760206606441,10.710171558568305,58.694179437010376,-18.54401012627112,,,3.8032080886778217,nan,,,0.9728814959526062,,None,-6.51823207805384,8.500773544008728,-7.290360787053061,0.04246489331126213,6.180726265338674,0.04641428589820862
Gaia,DR3,1600526198580104448,229.08298387303483,55.14373562259455,13.944212913513184,1.4178857803344727,2.8900499890906435,13.632205756957536,57.75437323492184,-18.38461566168194,-15.993901252746582,2.284417152404785,4.134093025781208,nan,,,1.2122946977615356,,Gaia_DR3,-8.402517190779289,8.334289412716114,-9.084662042265405,0.014878074638545513,10.758859829184534,0.018087022006511688
Gaia,DR3,1607403643811787904,222.38936111469457,55.676139963563024,12.991654396057129,1.2165708541870117,4.243704943772338,16.506990715344408,65.0813383577719,-17.591236728714204,-16.239408493041992,1.198235034942627,4.862193846550005,nan,,,1.0329574346542358,,Gaia_DR3,-12.008734620562947,8.919674469888088,-11.153285576481789,0.013167218305170536,13.184521565275764,0.013994361273944378
Gaia,DR3,1602384304511391488,231.3768003944785,57.225131976283144,14.378202438354492,1.9153718948364258,4.342454266086988,11.43854874435349,59.16432198438814,-18.226190138509544,-15.558247566223145,9.559792518615723,5.473587638418137,nan,,,0.9938348531723022,,Gaia_DR3,-10.268127254471654,12.158503205537572,-11.888284278541995,0.016389992088079453,7.416959890029885,0.018518943339586258
Gaia,DR3,1606275815464277248,224.55480181330915,54.16179851063217,19.512847900390625,2.989665985107422,2.9677523290370105,16.326954141280442,68.44912099417596,-18.066782591666453,,,5.231578366201394,nan,,,0.9916079640388489,,None,-12.198707964677501,9.465772146422854,-9.312502008180259,0.27083081007003784,7.922196744378764,0.2817873954772949
Gaia,DR3,1606135494588380928,223.77698627952915,53.44315256055897,15.73837661743164,1.9304447174072266,4.286343764686742,17.128310305747426,69.71228420745648,-18.082603583894283,,,5.129643351905904,nan,,,11.990545272827148,,None,-12.217445980268682,8.903570250826903,-7.634608693457023,0.39927467703819275,8.209031105901188,0.4184247553348541
Gaia,DR3,1595815822047203584,229.51109662972294,51.76189527943426,16.909019470214844,2.684525489807129,3.2564768501141246,15.655926979210188,66.1509758520422,-18.960592985942853,,,4.112121413037234,nan,,,1.01142418384552,,None,-8.238695483983545,7.3835031964171876,-7.760135653434229,0.049821123480796814,10.165607130122417,0.05894749239087105
Gaia,DR3,1614537133518319744,224.93630342923473,60.28248751346502,16.67431640625,2.5354156494140625,1.7311038465727993,13.39203640493148,53.86589423084074,-17.085559191512544,,,4.8347800753485455,nan,,,0.9625862240791321,,None,-11.154172181837604,10.727464117131474,-12.699592272511627,0.05172945186495781,9.876171228586081,0.053438398987054825
Gaia,DR3,1600907346861692416,228.72350724046456,56.14732103640521,18.5880126953125,2.8608951568603516,2.2433210403705606,13.24104903955821,55.27888624029482,-18.18053404284697,,,4.178366629989716,nan,,,1.015523076057434,,None,-8.593808794167709,8.661562769076443,-6.66877665314976,0.13376326858997345,8.21561504564537,0.1629778891801834
Gaia,DR3,1612249049821008512,215.72148204513545,59.94323307916863,20.16427993774414,0.48480796813964844,2.868750974313546,17.865761616479993,69.81607842381368,-16.156572850584997,,,4.8460672430804195,nan,,,1.062821865081787,,None,-13.917864581956488,8.898272062978577,-13.277507885118983,0.47565194964408875,11.758173112879449,0.550148606300354
Gaia,DR3,1613291528578525312,226.81071640723667,57.62992186121313,13.081696510314941,1.331334114074707,3.626941617338891,13.435576588816884,53.09352700154011,-17.740506408961576,-22.552186965942383,0.9782098531723022,4.726496861193043,nan,,,1.6080079078674316,,Gaia_DR3,-10.324392619408918,9.980900242286069,-12.750591517621478,0.01829688996076584,7.302554041476624,0.016805754974484444
Gaia,DR3,1618309012452872832,217.12229633299572,60.66073624855503,13.624500274658203,1.5673208236694336,4.529000039254251,16.979451488413787,66.22184326192902,-16.20709641204131,-12.40072250366211,1.4582545757293701,4.761474556053965,nan,,,1.07339608669281,,Gaia_DR3,-13.28713544105523,9.232808886940559,-17.562946581741354,0.014163904823362827,10.776860264502353,0.01343595515936613
Gaia,DR3,1618942709107377536,220.84729239118482,62.55207583343697,14.37677001953125,1.9711284637451172,3.9222631746823766,14.825067927498607,60.3786398898472,-16.27550019613726,-25.84782600402832,2.507025957107544,4.979676967109927,nan,,,1.5935982465744019,,Gaia_DR3,-12.77787355611892,10.982294725010052,-11.550583758978483,0.026279937475919724,7.051999236906077,0.02787845768034458
Gaia,DR3,1613794280270038400,221.30093827730775,57.50482694003517,11.535787582397461,0.8219642639160156,0.9719248397197922,16.145497880222724,64.74676503516683,-17.183628605396535,-17.32689666748047,0.4430394172668457,4.970720484787018,nan,,,0.9789878726005554,,Gaia_DR3,-12.61518290316808,9.503324659236933,-13.19057895609081,0.012051476165652275,8.662981231690582,0.015565048903226852
Gaia,DR3,1614580190566116480,229.58837440115767,57.910106418045935,14.830236434936523,2.01792049407959,2.4472375920942464,11.97933684017673,60.9921507301744,-17.946718708934327,-7.773474216461182,4.864381790161133,3.8469809968554523,nan,,,1.686152458190918,,Gaia_DR3,-7.687313521624344,8.524442348387929,-6.278480211834791,0.031803298741579056,9.922329623217593,0.03603373467922211
Gaia,DR3,1614675676277831936,229.4625889717742,58.76073843142577,16.42422103881836,1.881026268005371,4.7745326651217015,11.699934849566132,64.00670543540632,-17.7779880298337,,,3.761337913504943,nan,,,1.0066097974777222,,None,-7.548267099549222,8.531012722245693,-7.977776676731216,0.0645415410399437,4.769595956986678,0.061654772609472275
Gaia,DR3,1615111804437939584,231.52711468934672,59.230027784593965,15.805947303771973,2.3713912963867188,3.7099665757476403,10.53939389450641,60.743400176486794,-17.858543537714166,,,5.633973456385495,nan,,,1.064589023590088,,None,-10.510596234907688,13.288692862061259,-7.05612506685174,0.03825613111257553,10.553315194186862,0.04075159505009651
Gaia,DR3,1613788198596361344,221.24519725186406,57.45021133174646,18.901443481445312,3.1145591735839844,2.7099640380711816,16.196541719011,69.75926510030024,-17.185958339274258,,,4.05113644768714,nan,,,1.0215057134628296,,None,-10.295397687555525,7.722769700478389,-8.498254146162946,0.1808149218559265,6.264497829312726,0.23339702188968658
Gaia,DR3,1614675676278932992,229.4616944166591,58.76002337010669,12.721090316772461,0.9524068832397461,4.445979955468238,11.700630080007468,66.49975541483778,-17.778045180581056,-22.001434326171875,2.3625404834747314,3.7124929507565936,nan,,,1.0660077333450317,,Gaia_DR3,-7.4504699805685375,8.419955257279808,-7.534488202038638,0.01557273231446743,4.941408830548476,0.015337559394538403
Gaia,DR3,1597844554143378304,236.02988710118217,54.43995980720427,20.04000473022461,2.528543472290039,3.2158651737831825,10.9966520476649,43.24122386925867,-19.09998596483662,,,4.435931409812971,nan,,,1.0100964307785034,,None,-6.873047239157603,9.51537560842469,-4.363589123604186,0.4223082959651947,7.85816197933314,0.5735777020454407
Gaia,DR3,1614417084887971072,225.26379173759966,59.44335456293478,17.792078018188477,2.8619461059570312,2.394210867950733,13.486343224731495,59.28627168707132,-17.269400669704666,,,5.19768022912856,nan,,,0.9890333414077759,,None,-11.880884373759713,11.315830779517038,-11.13127392863722,0.12246774882078171,13.829845915721524,0.12499779462814331
Gaia,DR3,1614870977031719680,228.94191694302103,58.90599880734772,17.279247283935547,-0.14641571044921875,0.6991808531807604,11.89808177362619,47.365859183559344,-17.705633398012424,,,4.710394502167054,nan,,,1.0339306592941284,,None,-9.618708037170258,10.65409434645228,-8.924727883435278,0.07824844121932983,10.67468437411673,0.07139284908771515
Gaia,DR3,1616268589453565568,230.34662397826685,61.06023864468125,18.393386840820312,2.6801223754882812,2.2028900117269137,10.635628224426734,57.92119417562791,-17.40224144277562,,,3.814200285973701,nan,,,1.0708662271499634,,None,-7.424864569850971,9.319679212393677,-8.95202624977325,0.1546858251094818,10.217017379795362,0.14413125813007355
Gaia,DR3,1616727983452237312,229.0917779587987,62.52996127631426,8.517792701721191,0.35987377166748047,4.049151440965242,11.049713380174797,47.4780393866209,-17.004156335216724,0.30695345997810364,0.2560853064060211,4.146589517821964,nan,,,1.067391037940979,,Gaia_DR3,-8.425452601664995,10.358644581719078,-7.746189293035021,0.020395107567310333,13.832391659927795,0.021762127056717873
Gaia,DR3,1612556333257126656,225.793041143616,56.284226306056624,15.762701988220215,2.312868118286133,1.2060118846340548,14.562826604563053,62.30265518951245,-17.86704795250327,,,4.094725514352555,nan,,,1.0118515491485596,,None,-9.2183864573619,8.150358702934012,-10.257898139920837,0.03013753332197666,8.206760031543077,0.037505604326725006
Gaia,DR3,1615390393196844672,230.302745923034,59.833170472751796,17.224525451660156,2.743619918823242,3.963759448114658,10.942607472550975,47.704738867304215,-17.642742460580017,,,4.979896416094197,nan,,,1.0142639875411987,,None,-9.70897859281176,11.767259803415458,-6.236514592823389,0.08516082167625427,9.474313101239975,0.07261844724416733
Gaia,DR3,1617015089130028544,221.78079761309127,58.91859921940167,19.182830810546875,-0.062137603759765625,4.944987248210229,15.341757485069195,69.2785416921071,-17.006499705334605,,,5.472522571587278,nan,,,1.0624080896377563,,None,-13.725058256885568,11.047982761515192,-13.734867312668332,0.2246411293745041,16.752821912650766,0.23591424524784088
Gaia,DR3,1614795209513475072,230.42753858600693,59.2445626947758,18.467777252197266,2.8502674102783203,2.138328900846051,11.064647449027861,45.14516064018208,-17.767155556330913,,,4.784436311173512,nan,,,0.9309978485107422,,None,-9.287102715474205,11.139297084801237,-10.385409778276482,0.1470581591129303,12.995428355455712,0.15053635835647583
Gaia,DR3,1614197113842806016,225.57197315334295,58.88940469838632,15.770915985107422,2.3054962158203125,2.892470495564207,13.528542816399213,62.14987148419779,-17.39835493092082,,,5.352202070198232,nan,,,1.0768710374832153,,None,-12.12662633380368,11.519279327491256,-11.390691984556891,0.03469999507069588,8.339769817079281,0.035720765590667725
Gaia,DR3,1615834767692942976,228.31294119270484,60.15201326831771,19.685976028442383,2.632505416870117,1.1443578234355793,11.811464509408227,62.91774944898927,-17.41485370736576,,,3.7916327236712104,nan,,,1.0820053815841675,,None,-7.903016891157468,8.807453037870468,-7.038836036347913,0.31982624530792236,9.107236914428348,0.3531907796859741
Gaia,DR3,1620077748705703040,228.39830515001893,64.14137473604266,19.3616943359375,3.161184310913086,4.4406114526838385,11.37103259951381,58.127267015612105,-16.612986984242657,,,5.4335516853481005,nan,,,1.1416387557983398,,None,-11.294195237779489,13.994702545970219,-16.343379754581527,0.318721204996109,14.609584136279395,0.27854716777801514
Gaia,DR3,1614197113842771072,225.57024495756372,58.88960442908489,13.066812515258789,1.37847900390625,1.978370933975123,13.529303286642268,62.05963964087661,-17.398151971040654,-41.999698638916016,2.150338649749756,5.3471745791359115,nan,,,0.9798709154129028,,Gaia_DR3,-12.115838461031835,11.508214441915609,-10.960745891261848,0.011764411814510822,9.600575700326962,0.011468084529042244
Gaia,DR3,1616619093144745088,228.79545156863895,62.10134459236726,19.4039363861084,2.8097572326660156,3.8075499237141206,11.221440342017072,65.73571801799143,-17.06884448787928,,,3.698134985115373,nan,,,1.1254957914352417,,None,-7.588176878434976,9.104347897709967,-4.698353619091872,0.34014037251472473,8.42596117418456,0.33144688606262207
Gaia,DR3,1625232632877483008,246.02610331846293,61.7524913321872,16.53261947631836,2.517693519592285,4.572534031514006,3.1309239412659595,49.32537039576639,-18.11452916187917,,,5.626060242684491,nan,,,0.9909664988517761,,None,-4.59222076797182,15.880715063063718,0.473841958697343,0.045078095048666,13.945333445855553,0.05288935825228691
Gaia,DR3,1616064256385562368,226.41423752011897,60.781470084293126,16.831218719482422,2.578301429748535,4.64915986428563,12.56327364835468,55.122710878089975,-17.128144915984784,,,4.0743339646749615,nan,,,0.972287118434906,,None,-9.006391429466248,9.374919100108027,-7.659246741672706,0.05422858148813248,5.615803967496416,0.05600527673959732
Gaia,DR3,1618617940860440576,220.13066542103394,61.7253850578567,17.744070053100586,2.425556182861328,3.0118277777561606,15.306303144568552,61.686813878835096,-16.351957620413422,,,4.279460961872374,nan,,,1.0637959241867065,,None,-11.169716842845965,9.103054196533353,-8.524047552962484,0.08717720955610275,9.72211206969242,0.09786297380924225
Gaia,DR3,1615594971079400192,232.47143057106146,61.44144047391305,16.79083251953125,2.4527063369750977,1.1635787422690058,9.56749387121059,61.16342842770897,-17.482255470047086,,,3.690191181649656,nan,,,0.9998791217803955,,None,-6.642925091840992,9.331809534099202,-6.543432577176319,0.07033420354127884,8.43211188501313,0.06547167152166367
Gaia,DR3,1616507840608370944,230.76723912424137,62.510878927920686,16.478761672973633,2.243433952331543,3.6398098999677773,10.278508214825115,43.34084572693274,-17.134471341541815,,,4.198677824441174,nan,,,1.2051124572753906,,None,-8.052422156739418,10.698863265902013,-11.266838592986636,0.05735606327652931,10.91509618304109,0.0576891265809536
Gaia,DR3,1623177027170053376,244.16808155128552,59.0383619439596,19.98533821105957,3.0108413696289062,4.396189049014428,4.651472184566558,46.89563559370679,-18.657784287602002,,,3.7276249381624478,nan,,,1.0821678638458252,,None,-3.560145889364205,9.743871741429226,-0.7279212039706762,0.4108448624610901,7.765771550645445,0.499524861574173
Gaia,DR3,1618466448773034240,217.97360698853723,61.56836459151142,20.056547164916992,2.632089614868164,1.0346696730955964,16.339570576566068,66.61467798034253,-16.152194641460206,,,5.083915956439864,nan,,,1.0777740478515625,,None,-13.93114338956225,10.315833907131916,-14.382399971637064,0.4431352913379669,9.302906918046343,0.4992569088935852
Gaia,DR3,1614343177090811648,223.56836357725356,58.90013792533856,15.914928436279297,2.6518945693969727,3.3462459260196598,14.489319272658333,68.08490454771984,-17.196879123264363,,,5.534858576428537,nan,,,1.048619031906128,,None,-13.256360012174877,11.52994589935293,-12.960531841148551,0.036838024854660034,7.636756652378263,0.039882268756628036
Gaia,DR3,1626842489699191808,241.39754395639903,61.17551965463048,17.63031578063965,2.47930908203125,3.9609608067122144,5.332047575112776,60.88465345024349,-18.065801366424175,,,3.545902934601474,nan,,,0.998701274394989,,None,-4.113863829131832,9.623954618334118,-2.3442728392678003,0.08361931890249252,7.25008163881738,0.08286676555871964
Gaia,DR3,1621725671820975616,240.86369753061965,56.18145704009906,17.279888153076172,2.6589317321777344,3.8577749932509504,7.811798945477318,45.547580108604336,-19.088245512666084,,,5.260568270765621,nan,,,1.0397530794143677,,None,-6.3095128830797655,12.430273609912778,-7.970407209002868,0.06930471211671829,8.487634047913993,0.07769439369440079
Gaia,DR3,1617755751945656576,221.70208314788508,60.76194069599375,16.108657836914062,2.0320777893066406,4.056087746143568,14.799323025744249,64.78144996592931,-16.68187327043498,,,4.03512984146977,nan,,,1.0341973304748535,,None,-10.139926985977556,8.595450334925683,-13.216828851180571,0.04959776997566223,7.034294692221646,0.04129299148917198
Gaia,DR3,1619175152737594624,224.66382470311405,61.666939856951956,7.216852188110352,0.1069340705871582,1.1274378659319109,13.20966440813169,66.13554474967533,-16.801663797271274,-4.34947702407837,0.4722927510738373,3.828150749679256,nan,,,0.8912635445594788,,Gaia_DR3,-8.899317340993512,8.787710630446607,-8.172955842069314,0.02385266125202179,8.239770822940812,0.024147313088178635
Gaia,DR3,1620208246991401600,223.3617175542858,62.50487896254006,16.594938278198242,2.6000280380249023,4.205713144586433,13.68368517277914,53.854298500300914,-16.523019360990922,,,4.702726145785916,nan,,,1.1554536819458008,,None,-11.325309228613088,10.813584893247254,-15.02816231600345,0.05357543006539345,12.730181471436419,0.05659625679254532
Gaia,DR3,1620521745244213760,221.8112718595638,63.808946751196785,16.250059127807617,2.3671035766601562,4.96553805518255,14.258039530158976,67.96175965726577,-16.13153752016848,,,5.560760635390394,nan,,,1.042696237564087,,None,-13.935765448634426,12.892564888855492,-11.482912965560836,0.04235934093594551,7.613677264988189,0.03919846564531326
Gaia,DR3,1623627144037836800,245.56385954724485,58.02649043715536,16.88998794555664,2.829303741455078,3.101239006940832,4.698504490617638,32.957930698935186,-18.928921879137075,,,5.055507002677826,nan,,,0.9756689667701721,,None,-4.301555647008092,12.955800156703287,-3.414605969213726,0.05946916714310646,16.139719319588266,0.06696183979511261
Gaia,DR3,1621619538884667648,240.10529621049068,55.734179397245796,14.412631034851074,1.8018865585327148,4.7126948309216,8.428224819765544,56.15067640818793,-19.131750457459084,-24.158889770507812,4.1414971351623535,3.7208349736117476,nan,,,4.7895941734313965,,Gaia_DR3,-4.669426087037593,8.624837969489855,-7.462432876132997,0.08359100669622421,11.04638190259815,0.08501119911670685
Gaia,DR3,1622472897345927808,239.8350393471646,56.6953226048024,20.19574737548828,2.5144824981689453,1.7637235596424257,7.888965146464314,31.40594447678145,-18.929207585188195,,,4.371549898786317,nan,,,1.1150093078613281,,None,-5.572329297270363,10.405909188682305,-6.759117935785666,0.635711669921875,9.295314078073146,0.6106516122817993
Gaia,DR3,1613925981147475328,222.0879122793141,58.057403911757554,8.154664039611816,0.5981640815734863,1.1615583415674433,15.53007963514978,62.392130253632594,-17.182005641936705,-14.585622787475586,0.27686887979507446,4.292353567649191,nan,,,1.2183693647384644,,Gaia_DR3,-10.682654453317202,8.481798104383838,-11.209470371670054,0.05725046992301941,9.391300011980883,0.06543911248445511
Gaia,DR3,1620388184644962944,223.1325639546586,63.33584234027973,19.011882781982422,3.0365676879882812,2.450577640198429,13.702619526586714,54.18590108309041,-16.342646628198864,,,4.385543514737322,nan,,,1.0470305681228638,,None,-10.625372670466952,10.267007474712265,-9.06763627560917,0.21655479073524475,8.621893551083243,0.23637787997722626
Gaia,DR3,1622593736251673728,240.1388609008993,57.185455135188086,17.280332565307617,2.452800750732422,4.466151832215939,7.45345913295313,30.92363071425124,-18.849200448697218,,,4.276586654726414,nan,,,0.9976630210876465,,None,-5.35636833493561,10.349652415422245,-1.4053742332441392,0.07395417988300323,11.125492037840614,0.08667606860399246
Gaia,DR3,1622814433146380032,238.20986775223778,57.581789289691976,15.517450332641602,2.1832752227783203,3.67582938829644,8.080572862172536,32.71142804902162,-18.656217427699357,,,4.635944740675518,nan,,,0.9308573603630066,,None,-6.456817208035502,11.17228646879665,-4.3484898718894005,0.031096702441573143,14.08094707067612,0.031003380194306374
Gaia,DR3,1623608452340099072,246.1837410353579,58.258108981868425,9.479842185974121,0.9998693466186523,3.699778616192399,4.303504994556911,65.5558077874581,-18.9019886455231,21.471134185791016,0.15276886522769928,6.177592113537343,nan,,,0.9405325651168823,,Gaia_DR3,-4.969383797347305,15.978010247511387,-0.4526241086616958,0.012159489095211029,14.300485736825111,0.014065167866647243
Gaia,DR3,1623479186708883200,241.92291543515628,59.455715649655154,18.406538009643555,2.8028297424316406,4.431470070990949,5.4912713269273254,32.86563219382244,-18.469000091424626,,,4.006990912445721,nan,,,0.9616471529006958,,None,-4.493737866273079,10.448301968034702,-5.4564785231524775,0.14362986385822296,6.830898290537556,0.174979105591774
Gaia,DR3,1620694299850119680,221.67768001284196,64.40101453280464,17.23515510559082,2.528204917907715,3.5439464304665123,14.292922612943352,55.75513865056632,-16.005117054489453,,,4.570432226521238,nan,,,3.6631064414978027,,None,-11.492058053656756,10.732521984967336,-10.421872074963705,0.2798449993133545,7.48999601275091,0.2852460443973541
Gaia,DR3,1629238948307385984,242.67856879877584,62.745704304382755,17.366867065429688,2.8018932342529297,4.981840775229271,4.858179520089618,47.931907040070364,-17.76048554385097,,,5.522493516634498,nan,,,0.9737495183944702,,None,-5.88503259728657,15.681858580595103,-8.21189480025727,0.08956992626190186,20.99447667516519,0.08281146734952927
Gaia,DR3,1623059521160202880,240.98673382730462,57.901390455816355,16.3228702545166,2.6034154891967773,2.933112448104229,6.665241926275406,29.90627115750749,-18.749912702041513,,,4.763807261649655,nan,,,1.0475081205368042,,None,-5.670677752107532,11.837488163547675,-8.38222431388093,0.04989182576537132,12.988180077070432,0.04962135851383209
Gaia,DR3,1623627174101879808,245.53718085662987,58.013456497594106,17.829137802124023,2.9125499725341797,3.768897675854564,4.717712683668599,27.59915734523588,-18.930688934966682,,,4.886124398407714,nan,,,1.0114189386367798,,None,-4.1671899815214655,12.515639079155719,-3.156102010784257,0.10767386853694916,16.263790812754642,0.12172651290893555
Gaia,DR3,1624143673984994816,249.00006892628343,59.51532162692692,14.424256324768066,1.880061149597168,2.8962365008588784,2.3862906738307683,40.61801055879097,-18.710993543489653,-39.19050979614258,2.8724205493927,5.372614335734364,nan,,,1.051451563835144,,Gaia_DR3,-3.1822180399696594,14.521626109500867,-2.6511435313484886,0.016010845080018044,17.75863101891438,0.017757399007678032
Gaia,DR3,1622214713979503744,241.95165698315128,57.25088981173892,14.746129035949707,1.9079437255859375,1.8760203069165626,6.648769343502272,52.12154161667666,-18.932315218810373,35.2032356262207,9.413153648376465,3.711833736246845,nan,,,1.088436245918274,,Gaia_DR3,-4.154857989098815,9.116904764080834,-4.670065427393521,0.027860451489686966,7.742314286260954,0.03512342646718025
Gaia,DR3,1622977470104545280,239.8305308399049,58.65435311874877,12.145841598510742,0.9361648559570312,1.4583245460622636,6.804879128755741,33.17976912371578,-18.532151875304965,6.835177421569824,1.0085971355438232,4.100616954291251,nan,,,4.308127403259277,,Gaia_DR3,-5.228325756590797,10.314682043093255,-4.980180638798073,0.05342256650328636,11.550668960416663,0.06076093018054962
Gaia,DR3,1623737090905165312,248.1283433220868,58.87208950697544,17.062585830688477,2.3830060958862305,2.4594579742612113,3.1614013580443228,46.20478973363787,-18.830345452984737,,,3.7038359026291716,nan,,,1.0916392803192139,,None,-2.437628084903199,9.81617749070978,-3.683213411619568,0.06224490702152252,11.277784938388773,0.07198500633239746
Gaia,DR3,1624383191425038336,251.07314069600662,60.97074669974562,7.874800205230713,0.16441583633422852,1.485841211580236,0.7053668110446314,4.627577643981877,-18.422282274482107,-30.215168619155882,1.2719792127609253,4.502007106324177,nan,,,4.284249305725098,,Gaia_DR3,-1.9593758437246667,12.689058496543105,-1.5083877723563017,0.13441307842731476,11.352954212866399,0.14190183579921722
Gaia,DR3,1624593610463047808,250.66614226091622,61.28247532807865,11.414938926696777,0.9437055587768555,4.951310871414699,0.874936489902266,57.808946155881266,-18.342024125802844,-6.465940475463867,0.4873627722263336,5.9485840477930125,nan,,,0.7825568914413452,,Gaia_DR3,-2.7727137309488916,16.875108188781624,2.8438915663609383,0.013752318918704987,14.228216121809682,0.016204804182052612
Gaia,DR3,1622769696766952576,238.7403187060036,57.565745171365904,13.635272026062012,1.5605173110961914,4.985867964914684,7.849904739549135,47.158568854553096,-18.691747381604838,12.24481201171875,1.760434627532959,3.855112848783942,nan,,,1.3085739612579346,,Gaia_DR3,-5.221157941391451,9.327666868514822,-7.395248153695855,0.019320666790008545,12.747025892044562,0.019075704738497734
Gaia,DR3,1626429936616678016,240.83112382975875,59.884971065073515,10.206818580627441,0.6499052047729492,4.997088113753582,5.860698272471107,43.4178235767937,-18.32322625135233,-19.77962875366211,0.34537893533706665,5.322783684752825,nan,,,0.9473969340324402,,Gaia_DR3,-6.396855240051697,13.932309017189926,-2.033273736520047,0.01661902666091919,17.453673174111643,0.017697548493742943
Gaia,DR3,1615480484430728832,229.84715903677036,60.545672898050604,17.572284698486328,2.831911087036133,2.6781309938179407,10.978808259097312,55.390361708128644,-17.465660640498804,,,3.8969782158919695,nan,,,1.016416311264038,,None,-7.7186988333382835,9.334993398349882,-8.30418276996127,0.08727838844060898,11.45580505505594,0.08357575535774231
Gaia,DR3,1623860201847772416,245.02774959551556,58.674780396248615,17.53223419189453,2.4484596252441406,1.2616532375603944,4.4852104177840095,59.08581648572979,-18.77017216051298,,,3.5519875719733274,nan,,,0.9879969358444214,,None,-3.1646545125867527,9.237883849035835,-2.221003139745986,0.08201496303081512,9.192978426343522,0.07960635423660278
Gaia,DR3,1624326880109943168,250.10259296964787,60.23829615535822,16.28727912902832,2.2166223526000977,4.649980822718413,1.4885865046010132,30.11135681180305,-18.57276128535645,,,3.916996795221626,nan,,,1.176405668258667,,None,-1.9931501682212684,10.817506380984119,-4.4827573366822415,0.06889998912811279,13.740696950107022,0.06752616912126541
Gaia,DR3,1624094603983196672,246.82019824236065,59.98707626109663,18.034128189086914,2.77197265625,4.097712443605119,3.016862721072697,27.545559648711283,-18.544009107664408,,,4.983123264529848,nan,,,1.02846360206604,,None,-3.770412874128719,13.519620861224155,-0.5314392897099918,0.11318410933017731,10.684348535688734,0.13747093081474304
Gaia,DR3,1625522148033278464,247.22009481330116,61.42648915248751,18.8142147064209,2.6936378479003906,2.8090548483450215,2.5330023765794714,37.956496745076905,-18.226819554915387,,,3.8133065051226143,nan,,,1.0381078720092773,,None,-2.7706137321124,10.734596408857781,-4.552074849361706,0.20442871749401093,9.346919072324198,0.193387970328331
Gaia,DR3,1626285247758199552,238.73482285674,59.817244960955676,16.65805435180664,2.660189628601074,3.045062366332938,6.885397062081039,33.262285998839815,-18.22640401565257,,,4.8807034052853595,nan,,,0.9756039977073669,,None,-6.612108807874277,12.555523640851302,-9.70007658391156,0.062417685985565186,12.025830843779964,0.05505320802330971
Gaia,DR3,1623019766942835072,241.72563126526126,58.131290348944255,15.120776176452637,1.9810152053833008,3.8649788438476835,6.212230530196083,30.432521525125754,-18.740041655833586,10.20715045928955,7.023211479187012,4.84548263509452,nan,,,0.9972747564315796,,Gaia_DR3,-5.504554626942738,12.178975414804018,-9.33485919584374,0.02275782823562622,11.222235733593177,0.025599176064133644
Gaia,DR3,1624374708865700864,250.8055580411542,60.665159211456775,16.244720458984375,2.1710968017578125,3.7933662161713277,0.9553724060588351,33.47020892407283,-18.488451198897987,,,3.860022097215604,nan,,,0.9307541251182556,,None,-1.7583727642941969,10.79244203637759,1.0776159123644562,0.04189594089984894,9.573677297223002,0.05033682659268379
Gaia,DR3,1626143788715502848,237.3402033420969,59.01206241331512,18.973852157592773,2.889190673828125,0.741681574316957,7.826974852850666,31.500313366876256,-18.312493522203333,,,4.33752813226418,nan,,,1.079796314239502,,None,-6.31332496367529,10.795571000352082,-5.695199630711536,0.27178850769996643,11.074608915517825,0.23326416313648224
Gaia,DR3,1624678345873949824,244.22452954375672,59.0726640559976,17.564329147338867,2.6020355224609375,2.2615065831799086,4.60899110677952,66.14587195242078,-18.652649822669282,,,3.463599061864782,nan,,,1.0588668584823608,,None,-3.293422567207255,9.064667292084385,-2.79478036622599,0.08298153430223465,7.490490655124726,0.09253521263599396
Gaia,DR3,1626731920061289216,238.69617866293783,60.26562603518193,19.95377540588379,2.4023475646972656,3.3842572107889746,6.784411954834523,37.26407420913901,-18.128263328622154,,,3.9956199621870163,nan,,,1.0462689399719238,,None,-5.424247284556463,10.395395802746386,-7.922370603886403,0.39369261264801025,9.02229849475031,0.46073606610298157
Gaia,DR3,1624434769687275648,249.12745189830557,60.33734662992607,15.922137260437012,2.2656612396240234,4.002471510337859,1.8342597987821923,25.424391530963643,-18.52830964281037,,,3.9984179107745077,nan,,,2.552764415740967,,None,-2.3297648071445245,11.037157862151398,0.9016600449098813,0.22276458144187927,10.06771872235602,0.2908511459827423
Gaia,DR3,1624326880109216768,250.10218941996663,60.23846165098245,17.064035415649414,,4.002737197293675,1.4886338314116772,23.988317892071645,-18.572715036966414,,,4.015691358281247,nan,,,1.0593185424804688,,None,-2.0434933667963797,11.090102501736878,-4.334572218931968,0.10627347230911255,13.586691080978023,0.09629937261343002
Gaia,DR3,1625738756119647744,248.99605089045312,62.60169842895605,10.845853805541992,0.9186534881591797,3.2788577864856157,2.171769847195392,12.04598191479052,-17.99389257207404,,,4.6040465881568835,nan,,,0.9477541446685791,,None,-2.7283912684247897,13.404479633316678,-0.690809612037306,0.014072690159082413,15.849040188925805,0.018368303775787354
Gaia,DR3,1624140581608443136,249.0165648428446,59.4665230720414,13.398575782775879,1.5952644348144531,0.6927818243083839,2.4155586914382066,62.34482003302941,-18.722309796912906,-14.648650169372559,1.4196064472198486,6.096633212152832,nan,,,1.0013554096221924,,Gaia_DR3,-3.603453568080668,16.458968435434407,-3.5507299068962803,0.01171698234975338,15.570145753925358,0.012488688342273235
Gaia,DR3,1625373404725030528,248.43354395938277,61.718335732641144,9.779264450073242,0.9169692993164062,4.782146333738771,2.0043566339252488,23.317445326762655,-18.19099785756753,-29.195608139038086,1.6094591617584229,4.038116698725801,nan,,,12.513757705688477,,Gaia_DR3,-2.5646237459401755,11.497661280492032,-5.86311515494212,0.1835821270942688,9.111790422775652,0.20594799518585205
Gaia,DR3,1625267542371994240,247.80923581902871,60.969079862767266,19.027584075927734,3.0020008087158203,4.853966138170456,2.2631957369090525,44.873565788820386,-18.34943335266138,,,3.7086239525382223,nan,,,1.0065511465072632,,None,-2.530015002840822,10.349228509072132,1.1701892346191474,0.22473455965518951,9.50673894791209,0.2146015167236328
Gaia,DR3,1626057511412058752,239.59158457146066,59.29908228764978,17.214271545410156,2.5754051208496094,2.7661445522144366,6.649690134545237,26.34998747132198,-18.383845653720556,,,4.522933664429565,nan,,,1.0071678161621094,,None,-5.8456141200730505,11.554397766580243,-7.318654174998037,0.06609392911195755,13.742173986927028,0.06848879158496857
Gaia,DR3,1627438940397618560,235.7460517477245,61.173427360297005,19.41448402404785,2.8204574584960938,2.4184680789187896,8.041525111394973,38.84621371386193,-17.75830150370868,,,4.061369200213812,nan,,,1.0923055410385132,,None,-6.3748739528298595,10.543002564760897,-4.357514006574567,0.3774017095565796,10.07631233944877,0.3426162302494049
Gaia,DR3,1626854073226807296,241.8823471125455,61.469354849444365,16.74993133544922,2.491888999938965,3.84319210336407,5.083863155788218,22.351530248139742,-18.021466423912088,,,4.257029855481586,nan,,,1.0019445419311523,,None,-4.786885929145923,11.673226182296824,-2.483292861441441,0.05572335422039032,9.106342791207632,0.05676879361271858
Gaia,DR3,1626944606841142784,235.54075351760673,59.21590838248636,19.442638397216797,3.1355724334716797,2.6116240203885672,8.612870173409426,63.89038600867919,-18.154580362150732,,,3.603641831412033,nan,,,1.83183753490448,,None,-5.709060158006425,8.870698346351153,-6.024131321302807,0.5531513690948486,10.829529852003336,0.703342854976654
Gaia,DR3,1626944611137629696,235.54205592463998,59.22027967502443,15.446443557739258,1.9421072006225586,1.7160014850954337,8.610725113449256,60.8090437820316,-18.153777391191035,,,3.6518288801063,nan,,,0.9758695960044861,,None,-5.785062108818981,8.990495183548358,-5.247593524504991,0.027055129408836365,10.197268434028611,0.03216968849301338
Gaia,DR3,1627599301592139520,238.86159989188417,61.40097970780442,16.98921775817871,2.626424789428711,1.9869456789071258,6.529729192947027,36.866450725155566,-17.889182889678175,,,3.9868635098230762,nan,,,1.0000474452972412,,None,-5.36450101671686,10.6863337246329,-4.084270682157735,0.05529017746448517,9.614041738377763,0.06445988267660141
Gaia,DR3,1622214649553507968,241.951299383954,57.25036501604652,14.705272674560547,1.8057451248168945,1.7829310535841012,6.649257368328985,53.41575290755204,-18.932403948871332,17.540449142456055,5.5470757484436035,3.6914347193920127,nan,,,3.8266351222991943,,Gaia_DR3,-4.132121625968971,9.06664453036179,-3.3937449435537874,0.09650079905986786,7.891974254193884,0.12096790969371796
Gaia,DR3,1626372968170133760,240.41913204368478,59.23389152380477,18.368425369262695,2.9570789337158203,0.627444490330601,6.283846775391633,63.55203051479258,-18.4418211045098,,,3.5331901071498972,nan,,,0.9347980618476868,,None,-4.352827330405734,9.065726754755842,-3.969258831807148,0.1399497538805008,8.79873882178994,0.18176570534706116
Gaia,DR3,1628139402319946880,242.5650999996371,61.04262803289261,17.06415367126465,2.7759790420532227,3.0530180050434903,4.782769470069535,53.04240177995992,-18.147843016220357,,,5.699121540273425,nan,,,1.058394432067871,,None,-6.121099953993334,15.531119851760138,-6.990861977584344,0.07025426626205444,19.094502028021097,0.07554443180561066
Gaia,DR3,1626104859131909632,236.2297390616826,58.58135074460027,13.423931121826172,1.2310552597045898,4.541101837553526,8.526386116685574,52.16495033705827,-18.329048974891755,-19.278757095336914,1.5651378631591797,3.7973218022423247,nan,,,0.9937065243721008,,Gaia_DR3,-5.8293981465016405,9.246607223487697,-9.277942941612382,0.012435550801455975,10.39652800954879,0.014156829565763474
Gaia,DR3,1627008623330160384,235.8980346729213,59.74002778857492,15.58151626586914,2.170330047607422,3.268464622411204,8.27258732350363,33.687945221654175,-18.070487638176417,,,4.659789266697573,nan,,,1.0091845989227295,,None,-7.263713459174584,11.67270795024558,-8.37274739833286,0.029605118557810783,8.659617122936124,0.02970394678413868
Gaia,DR3,1627723065369841280,239.36245200528947,61.94916781546137,14.655051231384277,1.854715347290039,1.1689442350297785,6.278979018824053,25.29130689715618,-17.79266191481411,,,4.349305689284627,nan,,,19.5579776763916,,None,-5.693809823970012,11.858854551525958,-6.765419541202588,0.5260810256004333,11.877873892102581,0.5111034512519836
Gaia,DR3,1628236846538290048,246.00162417646732,61.84685678801096,14.613016128540039,1.887502670288086,3.97598981690051,3.1565252947751565,21.86026125403708,-18.09168544750752,-60.00701141357422,3.649216890335083,4.818849487467974,nan,,,1.0918629169464111,,Gaia_DR3,-3.9421847022275447,13.631022166066924,-7.590708771943222,0.016838286072015762,15.36372234663179,0.01970505528151989
Gaia,DR3,1633007971089709056,262.61951699744543,65.4508544422964,19.163619995117188,2.890169143676758,3.825699355653956,6.237600938875985,32.57645123305422,-17.320498046053057,,,4.066204195259221,nan,,,1.0497887134552002,,None,1.8067468805727949,12.656647364537813,0.9835637786975768,0.2622890770435333,9.482268324318037,0.2735743224620819
Gaia,DR3,1629131058728894592,247.17163148054826,64.22623259834114,9.936417579650879,0.5679950714111328,3.804487730479859,3.8991382236395538,16.557777351328955,-17.55197249008993,-9.320276260375977,0.24822641909122467,4.319524848506785,nan,,,0.9951012134552002,,Gaia_DR3,-3.1541644108178906,12.953946475340242,-6.61420362333412,0.013352247886359692,13.12699021625803,0.01868734508752823
Gaia,DR3,1626847471861316608,241.7632799701626,61.27940770102593,18.076906204223633,3.104816436767578,3.251604411940278,5.148899431453324,47.89353108296748,-18.0591173232616,,,5.5085904181251255,nan,,,0.9899804592132568,,None,-6.242574121297876,15.024296482385965,-8.621946789830941,0.1158817708492279,12.092300888886829,0.1207229420542717
Gaia,DR3,1626529270619974784,241.4152254375657,60.182076305977624,16.555818557739258,2.362272262573242,4.444107429707105,5.496729178351359,31.44189377383239,-18.287002220861005,,,4.0384797479234225,nan,,,0.9743116497993469,,None,-4.680085032942371,10.693625341200217,-7.935349959730672,0.045561857521533966,12.621869197207257,0.054663870483636856
Gaia,DR3,1628467602245436288,243.41613220944848,62.514502456366046,18.57584571838379,2.976144790649414,3.4665532372689323,4.473332248470019,55.92092891556802,-17.84390321733782,,,3.594201454999658,nan,,,0.9984325766563416,,None,-3.6336608647944493,10.194413094944101,-4.372524783566509,0.1455622911453247,12.7149355155778,0.15490038692951202
Gaia,DR3,1628435858142246528,242.1516453757712,62.182866110779514,15.665810585021973,2.019070625305176,1.3702044827947752,4.992424811997816,60.3442814403579,-17.86978497020419,,,3.5456353739211193,nan,,,1.2150176763534546,,None,-3.9164957013058643,9.906033961547717,-4.696899237209373,0.03801283985376358,10.569274714627946,0.04392319172620773
Gaia,DR3,1629470464224446976,241.5208879953855,63.0591380506612,14.056354522705078,1.937087059020996,4.0986161148055915,5.448451426493126,55.04814449628564,-17.638480348697748,10.16160774230957,4.525104999542236,5.7431862758977905,nan,,,2.4048404693603516,,Gaia_DR3,-6.610963538946413,16.311345114004638,-7.016809481714176,0.03963640704751015,11.36568709811233,0.03874685987830162
Gaia,DR3,1630599628306431744,252.12465384903106,61.623687857305015,17.923084259033203,2.5843353271484375,1.0010259238325347,0.47948086410526986,62.0559466689866,-18.28516947765382,,,3.4739252851016906,nan,,,1.0885275602340698,,None,-1.2343440328377802,9.966757898318873,-1.006631586172851,0.09346763044595718,10.66358465073127,0.11559923738241196
Gaia,DR3,1627079232592705152,237.66108160781963,60.13035836694076,15.639041900634766,2.565577507019043,2.5433013337356387,7.316310036432705,67.4718874046759,-18.09783064221931,6.00407600402832,9.584670066833496,6.136270671060382,nan,,,0.9566407799720764,,Gaia_DR3,-8.789603810542548,15.775173856910541,-5.522122323568463,0.0336398184299469,16.159298781207664,0.03405578434467316
Gaia,DR3,1628430669821772928,242.10551848883355,62.014388179727014,16.967588424682617,2.7168636322021484,1.8491190995142586,4.996036522613832,21.10047091785212,-17.90667108210333,,,4.601114086282131,nan,,,1.0033155679702759,,None,-5.098041107877935,12.800225627902115,-6.500838687190244,0.06659959256649017,11.6826098218065,0.07038164138793945
Gaia,DR3,1619428280930086912,222.9670959297503,62.15936412668028,15.617884635925293,2.141079902648926,3.8823796680395146,13.914865610865922,54.32355832972689,-16.551539924272113,,,4.587308400356414,nan,,,1.0753353834152222,,None,-11.162378086689912,10.383946741931519,-7.9021084830414035,0.031349025666713715,8.522066777441498,0.02802748791873455
Gaia,DR3,1619473601425073408,225.12495217269148,62.229883434576,16.11524200439453,2.5929698944091797,2.7844751640106296,12.908718525691443,68.68567443767292,-16.734995476007434,,,3.7489708890335502,nan,,,1.051515817642212,,None,-8.603248146577572,8.797749191417122,-10.699849977294717,0.03897811099886894,8.129148878294096,0.039768289774656296
Gaia,DR3,1630026679668569856,244.37994053175996,64.3748456247479,19.6533203125,2.4006519317626953,3.3273070263321887,4.887170138179024,68.53215513965363,-17.431637417329583,,,3.4388554271823413,nan,,,1.0510627031326294,,None,-3.2300787580858934,10.219737855446628,-3.6494462073929395,0.3490707278251648,12.595118296330906,0.40539395809173584
Gaia,DR3,1624335568828506880,250.52501335086382,60.422300558907196,18.537517547607422,2.6822757720947266,3.4219789505559772,1.2101871963928288,42.03735591792236,-18.539123923687857,,,3.737548445092444,nan,,,1.0047533512115479,,None,-1.7821351040106397,10.380711147479756,-3.9543538675633094,0.17436328530311584,11.977918976132337,0.19937384128570557
Gaia,DR3,1619206896840640896,225.7195131891479,61.51314503350616,18.91252326965332,2.9614601135253906,4.623810272820077,12.742713747110145,50.55812357733508,-16.92623242830213,,,4.368369529562622,nan,,,1.0079771280288696,,None,-9.855438254118921,10.14824903370834,-12.20896271505551,0.24268433451652527,6.599741424173229,0.18847279250621796
Gaia,DR3,1636222221533764096,248.34479758712922,65.99673123321845,14.486802101135254,1.5873422622680664,2.557730328479856,5.157812528570117,41.182415193945545,-17.131451418518438,5.426353931427002,2.8414599895477295,3.8350164133521014,nan,,,1.059563159942627,,Gaia_DR3,-2.461325469112664,11.983369296896669,-3.8275228753210127,0.01957407221198082,13.535591951400576,0.01819513365626335
Gaia,DR3,1630846842328045184,255.02879630252755,63.13901437609426,11.945321083068848,1.1375503540039062,4.606915895530728,2.29991077835735,68.20929283448835,-17.9456902225129,-14.115315437316895,3.84255051612854,6.326986612790571,nan,,,1.1866297721862793,,Gaia_DR3,-0.8483704516580821,18.86128793750517,-6.573818971155077,0.01648661121726036,16.630548403450714,0.016530875116586685
Gaia,DR3,1630882202794249984,256.72356637076757,62.423752079129706,18.81040382385254,3.045442581176758,3.378459079921463,2.36654378925506,39.952574523544996,-18.125211256792785,,,5.3533780323139135,nan,,,1.0934427976608276,,None,-0.025638698559443895,15.714394197230341,-0.9686611331670418,0.2298286110162735,12.020109231808588,0.2351282238960266
Gaia,DR3,1631768099929350144,251.357189990224,63.427609421494495,15.167825698852539,2.120255470275879,4.997473209524408,2.3125155636006944,33.11033272147526,-17.837053918806074,13.039690017700195,8.01992130279541,5.159320211041357,nan,,,1.0289727449417114,,Gaia_DR3,-2.134156758051541,15.3975476210892,-3.6300302255255734,0.030585728585720062,20.623091678260273,0.031621091067790985
Gaia,DR3,1627700731539969536,239.61004745656734,61.66758174420509,14.162747383117676,1.498870849609375,3.5982218421708625,6.16147930885933,50.933284517353044,-17.86860978223758,-40.76738739013672,2.362147569656372,3.712910011160561,nan,,,1.1403560638427734,,Gaia_DR3,-4.7937110259303255,10.07340256891355,-1.9851116451141388,0.018215836957097054,9.863988942127428,0.017897693440318108
Gaia,DR3,1628415139220083456,242.69442928270922,61.965024598153555,19.960243225097656,2.6179256439208984,3.6091741232207952,4.7161268894957376,67.64233789557909,-17.942902802660605,,,3.4468639638635654,nan,,,1.0577985048294067,,None,-3.6690968724510524,9.611867373309266,-3.5701446125858274,0.47521063685417175,6.991187798789041,0.5069179534912109
Gaia,DR3,1629469948828371072,241.45513013698226,63.02510014795098,13.00217056274414,1.3696355819702148,2.5396763933056237,5.468384566892432,51.14499012951337,-17.64362883784729,2.17500901222229,2.137932062149048,5.604898956663324,nan,,,1.0164833068847656,,Gaia_DR3,-6.478908320487999,15.899587293199316,-3.85965283283397,0.015013284981250763,17.36393665067881,0.013444091193377972
Gaia,DR3,1630886291603096576,255.98991960388412,62.297454233677314,15.74858283996582,2.0542221069335938,2.5905491728125183,2.009972956824928,46.55526204168493,-18.154915811708904,,,3.6821958904936563,nan,,,1.0028012990951538,,None,-0.2237603879406347,10.776349695992284,1.7446987944407475,0.03138237074017525,11.1872987561397,0.03824065625667572
Gaia,DR3,1629850482931297408,245.53310425533817,64.35648485256958,10.522976875305176,0.6407966613769531,2.6487889567890393,4.490754687392896,60.2841812347414,-17.4731578094175,-25.317556381225586,0.2993561029434204,3.5363344991557,nan,,,0.9737722277641296,,Gaia_DR3,-3.0170843141044252,10.56276989927307,-3.3820540508947414,0.01444958709180355,8.62213253976843,0.015442260541021824
Gaia,DR3,1630408553801209472,252.41516832208706,61.538876518731264,17.919626235961914,2.6373233795166016,4.83700857016139,0.3662366942411494,16.124496049058955,-18.309224914574404,,,4.134030371111137,nan,,,1.0163593292236328,,None,-1.3775331931878947,11.843339321602778,-4.806127609134931,0.1093699038028717,14.295804614651184,0.11806250363588333
Gaia,DR3,1631935638013644544,252.8156380334768,64.20274709707769,13.711828231811523,1.1446952819824219,4.39168036405065,3.0333093047470956,68.04687563159263,-17.662840704041486,-113.9622802734375,2.068878173828125,3.4186585912453724,nan,,,0.9696850776672363,,Gaia_DR3,-1.0349685736458203,10.403845098692042,-2.652383387985208,0.015460222959518433,7.683297153937168,0.014690124429762363
Gaia,DR3,1631946457034920832,252.55287732146016,64.29298511947816,17.991329193115234,2.721536636352539,3.9412740203780023,3.11963789692263,41.37782819342414,-17.637148664020366,,,3.77336762215776,nan,,,0.9439015984535217,,None,-1.217815528021873,11.500567047204518,-2.985747001251455,0.11348868906497955,8.911450114476944,0.12200656533241272
Gaia,DR3,1632285695029018752,255.4373715733921,64.57217566541901,9.381897926330566,0.53143310546875,4.896928626318657,3.6570938794872347,41.24660863956124,-17.58835058855421,-5.38121223449707,0.24246233701705933,5.355317150549833,nan,,,0.9670515656471252,,Gaia_DR3,-0.551184231138723,16.470801666668127,4.929441706201736,0.01430612150579691,15.745500847357285,0.015081392601132393
Gaia,DR3,1635041930160745600,251.72402499529167,65.03518685570906,18.172489166259766,3.289043426513672,3.402901382229517,3.8762477874869945,19.978529490358902,-17.438261384776865,,,4.707285798228356,nan,,,1.032334327697754,,None,-1.8159612541361247,14.550776548651976,-3.6268889995739575,0.14564087986946106,11.700578532942028,0.16793616116046906
Gaia,DR3,1630922025731058048,257.14623985060956,62.714451170003414,16.239431381225586,2.5052194595336914,2.7733560046594437,2.6844938594960706,48.08714601309133,-18.05419530453007,,,5.596524467000086,nan,,,0.9772445559501648,,None,0.1536953819839626,16.53607018350515,1.4714890606216469,0.04467872530221939,19.530983286669972,0.047400541603565216
Gaia,DR3,1631804242077748992,250.02449931713483,63.45469170230919,20.10187339782715,2.615701675415039,0.8288441691524838,2.5479709572640448,30.377011188188042,-17.80748898172848,,,5.077524281498652,nan,,,1.0567494630813599,,None,-2.6137291232505557,15.113416836840086,-1.8354879970082227,0.4290373623371124,14.687452903934147,0.45956555008888245
Gaia,DR3,1628323016465533696,245.14995382747435,62.407714177255244,16.932903289794922,2.736111640930176,4.592169508694004,3.671135359332599,19.887106434620343,-17.931818854785373,,,4.183597371426244,nan,,,5.158645153045654,,None,-3.6891882877189763,11.942969744901479,-7.432494080360913,0.3362361192703247,13.489084140768018,0.29178276658058167
Gaia,DR3,1628868962644770560,249.0486202738831,63.77755559569186,13.325587272644043,1.1570072174072266,2.1461178151368565,3.0454229191617768,55.08329473937855,-17.708012454947806,-4.955577850341797,1.3826801776885986,3.5806194980365906,nan,,,1.089101791381836,,Gaia_DR3,-2.107669691121039,10.703271441550566,-3.3379392447632616,0.011840404942631721,11.757165227214923,0.013357667252421379
Gaia,DR3,1629850478635309184,245.53336162891716,64.35547681986945,12.374305725097656,0.8716220855712891,3.070316237617105,4.489998033130279,58.765500752195145,-17.47341478317605,-25.424943923950195,2.373145818710327,3.556322361935078,nan,,,1.0605757236480713,,Gaia_DR3,-3.034068801932106,10.622253830606546,-3.419818785943402,0.013887232169508934,8.352964462858077,0.013974064961075783
Gaia,DR3,1630478613307426432,254.60286569739546,61.88674298789671,9.708048820495605,0.3543424606323242,3.660980479198243,1.241877304029418,57.27700365353864,-18.247750325279885,-5.720722198486328,0.9768367409706116,3.535392920899252,nan,,,0.9466687440872192,,Gaia_DR3,-0.5888866062857381,10.240812080235717,-1.011462344450524,0.016736706718802452,7.545218260489623,0.01690310426056385
Gaia,DR3,1633267696353754880,267.95792747930835,65.93569744527365,13.529559135437012,1.2301321029663086,4.530836169595083,8.346451567972714,63.651196905320994,-17.078642875765894,-31.939659118652344,1.8646790981292725,3.597025829668233,nan,,,0.9955748319625854,,Gaia_DR3,3.046886644470373,11.10933743882245,0.361720732372967,0.013672193512320518,8.966020107183827,0.014933963306248188
Gaia,DR3,1633582736495194368,269.17050513111997,67.1101671619565,11.953886032104492,0.9009885787963867,1.7728382904212503,9.34575135065473,37.275278289776786,-16.74013990344862,-11.423497200012207,1.0737296342849731,4.62585199552416,nan,,,0.9860930442810059,,Gaia_DR3,4.337352401744833,14.544955764196896,2.6095468688896393,0.014486988075077534,14.485462180977896,0.01351867150515318
Gaia,DR3,1624542998568461952,250.15747326097852,60.706582368649634,18.586320877075195,2.8731822967529297,3.806273421641613,1.2163015892709343,25.216531605295422,-18.466267918100066,,,3.9912936502209497,nan,,,1.0358097553253174,,None,-2.014354432300595,11.151818687403262,-5.216235057604641,0.16310399770736694,11.220481390764926,0.18975600600242615
Gaia,DR3,1624434769688243072,249.1280223226403,60.337394378377105,16.54876136779785,,3.7365029867655943,1.8339890410361188,34.40544999092372,-18.52831234640859,,,3.855621192139386,nan,,,1.0510973930358887,,None,-2.2463948822725186,10.643016469618006,0.7673911999005005,0.0745033323764801,10.26788158918667,0.17179107666015625
Gaia,DR3,1632383139247470080,255.83923384492857,65.1869479071151,16.56319808959961,2.4840946197509766,4.731860229670312,4.290179589282867,45.42904855546005,-17.43212522883242,,,5.4634061818081285,nan,,,0.9716847538948059,,None,-0.39481266498081524,17.02281506272197,-2.6648575578868705,0.05624931678175926,12.06821556003846,0.06831016391515732
Gaia,DR3,1632222370030577792,257.0284069606281,64.89584641073448,18.962770462036133,3.1093921661376953,3.789693715191433,4.255281053245766,63.499599989539554,-17.508065863589863,,,3.490820761291763,nan,,,1.0390373468399048,,None,0.0644808318436092,10.813062193081464,-0.31498546574909336,0.18777334690093994,8.050163107806592,0.19186750054359436
Gaia,DR3,1632430280807734912,257.81587440882555,65.42703470956181,11.642101287841797,0.9046926498413086,3.63526132521132,4.881016694132448,37.0200478254051,-17.369866387475415,,,5.17121017859297,nan,,,1.0232148170471191,,None,0.40622464230515076,16.19142547083166,3.0405460673609173,0.016279645264148712,13.23078998658186,0.01931578479707241
Gaia,DR3,1637976183097643392,264.4058447820743,69.24210703155435,9.190777778625488,1.2271451950073242,4.724950124180341,9.458041488183918,61.948077256011295,-16.280121191861394,-71.12055969238281,0.2963904142379761,3.671459838052908,nan,,,1.3654717206954956,,Gaia_DR3,2.1283252323162833,12.235125463006723,0.05870665905992434,0.01840600185096264,15.250166625626836,0.0250102486461401
Gaia,DR3,1638351833821587328,261.33842471553527,69.09856193780628,17.829483032226562,2.643299102783203,1.1885479294957,8.738164272500045,46.06322186981368,-16.361609917486685,,,3.9377211630472337,nan,,,0.8885034918785095,,None,1.3663185710604737,13.179790388178384,2.296781609100809,0.11543744057416916,13.5079233572878,0.12397637218236923
Gaia,DR3,1639082699816503936,264.9291991376508,70.7871924021577,18.47226333618164,3.365846633911133,2.161651001078735,10.820650636056719,49.990027132395355,-15.839700402901464,,,4.027254250491685,nan,,,1.1436936855316162,,None,2.493884208086168,13.76803107790695,0.6951611385728578,0.1606518179178238,14.132165220011526,0.16502028703689575
Gaia,DR3,1632284698596620032,255.42185577318295,64.5253825361741,11.807711601257324,0.9871244430541992,4.659111067216448,3.611442243733319,45.08354364666921,-17.60019478827209,-12.092219352722168,3.321026086807251,3.7289580289706494,nan,,,1.9225908517837524,,Gaia_DR3,-0.3882083954008415,11.457377657493636,-3.1719060191362196,0.02349071018397808,13.837544737887397,0.02618572488427162
Gaia,DR3,1632863862049710720,260.26290363831544,64.64571093626604,17.82987403869629,2.854236602783203,4.224426034441926,4.958544680204579,24.254083614105756,-17.555751039514817,,,4.177296810235576,nan,,,1.0143173933029175,,None,1.1074724053305485,12.841767579359468,0.7962063986234189,0.10031437873840332,9.134714728044713,0.14472591876983643
Gaia,DR3,1633758490853967488,259.7440184442919,65.60682027737242,18.991147994995117,2.903095245361328,4.99379587752104,5.494495995401501,48.593752631986725,-17.31318657270592,,,3.726905315943929,nan,,,1.1540673971176147,,None,0.8407377277905621,11.694625865279782,-2.9737388561679934,0.19704386591911316,10.776261230632606,0.20884035527706146
Gaia,DR3,1630533382730477312,253.59512436953645,61.89508372821856,12.263628959655762,0.9747276306152344,3.964080543437059,0.8989941270959699,9.620977868131899,-18.23770001156919,-15.800674438476562,1.8035203218460083,4.6111199722267475,nan,,,1.1097228527069092,,Gaia_DR3,-1.1222499547741405,13.344741476767672,-1.8788110472904753,0.013152895495295525,17.123106293101813,0.014821884222328663
Gaia,DR3,1631083306047309184,257.8177298293164,63.29305820014433,19.00016212463379,3.295011520385742,3.2935450656692744,3.2691819650058433,30.33545373264937,-17.91050389590711,,,5.050346961231833,nan,,,1.0527677536010742,,None,0.39744512833352763,15.112946990315603,2.350725675353154,0.2747882902622223,12.200840009354659,0.2545188367366791
Gaia,DR3,1632508513634974720,256.56409166916376,65.74838309758078,17.889644622802734,2.5750598907470703,4.556309072712109,4.924533237102191,35.57343179283522,-17.28765700367674,,,3.9241482144818556,nan,,,1.0620461702346802,,None,-0.06654541642701872,12.369644328430608,3.003997746374626,0.12273198366165161,14.555663408904646,0.10804100334644318
Gaia,DR3,1632699450701149952,262.7466728807993,64.40134124208555,20.036949157714844,2.3012218475341797,4.98746156775776,5.690792710175586,46.43101510269161,-17.585817018311843,,,5.433218976615009,nan,,,0.9325953722000122,,None,2.466593579822659,16.540345663700442,-2.238186774232585,0.5423469543457031,19.780404080101892,0.5270093083381653
Gaia,DR3,1634191045599492608,261.39521910007295,67.03833303771637,11.628145217895508,0.8282585144042969,2.60882796068414,7.027175572245004,31.154770921781974,-16.920799763302032,-9.387537002563477,0.64853435754776,4.19218453418677,nan,,,0.9440750479698181,,Gaia_DR3,1.4727224113483854,13.500919912704145,-0.4679634530086594,0.017206653952598572,14.745653902970776,0.017293523997068405
Gaia,DR3,1631314310864213504,257.8575919432372,63.970433143873606,15.95103931427002,2.347837448120117,3.470823976931217,3.736738871690419,19.79856923631484,-17.741431233051884,,,4.714369664079145,nan,,,0.9589861035346985,,None,0.38534203462559535,14.316901795409844,3.832870143639875,0.03794834762811661,14.431478982165508,0.04072625935077667
Gaia,DR3,1636392675899210368,251.79465441553225,66.98305770742053,18.37630844116211,2.7528076171875,4.101483657507239,5.816883868952586,53.84293378068843,-16.930989675937244,,,3.657478857802408,nan,,,1.0255515575408936,,None,-1.3913344746494793,11.758073249493929,0.6907184347367878,0.12152976542711258,14.138347576008728,0.14632299542427063
Gaia,DR3,1636659621002231808,255.2687631109826,67.55462488422266,10.586058616638184,0.7441930770874023,2.7387637126388604,6.493277855604002,51.79754318975597,-16.80535829100721,2.6848554611206055,0.30759888887405396,5.5763962152347295,nan,,,0.889464259147644,,Gaia_DR3,-0.6456598703914889,18.202356938606588,1.7014719543295955,0.011816986836493015,15.99856911693967,0.014117296785116196
Gaia,DR3,1623953969573641856,245.2927170664658,59.227487274131526,17.596105575561523,2.691844940185547,4.034399593815249,4.060083762521122,53.08704082942213,-18.660251880578972,,,3.6245745696644587,nan,,,1.0584824085235596,,None,-3.1575468348078397,9.57735838200407,-2.576000382730958,0.09196952730417252,12.604678617596809,0.09746705740690231
Gaia,DR3,1625991708217739392,239.8200666642651,59.02514339036855,19.801929473876953,2.6317787170410156,2.8022565202852157,6.649183199503965,38.55806021600942,-18.45402867330374,,,3.957949349226274,nan,,,1.0254085063934326,,None,-5.049446034269449,10.054950380069089,-2.9622502099148873,0.3864532709121704,11.10874589602354,0.4101370871067047
Gaia,DR3,1634219426743705344,263.7068580827551,67.54209798818536,14.347600936889648,1.818272590637207,3.551049807078962,7.987644464622443,38.07972824636612,-16.7538358955737,-19.5202579498291,4.708750247955322,4.948535969127714,nan,,,4.17595100402832,,Gaia_DR3,2.60682686492068,16.01041400419062,-1.085443714983616,0.07318049669265747,16.310672465502996,0.06809248775243759
Gaia,DR3,1635371921088776704,254.41263468261215,65.0762006463586,13.986480712890625,1.6473312377929688,4.535946620911679,3.9997398721853377,38.800132172270395,-17.454341349256666,-10.553810119628906,2.2669591903686523,5.267842059923621,nan,,,0.9795804023742676,,Gaia_DR3,-0.9538640432018961,16.3609371935321,-5.786950307942495,0.016397109255194664,14.941434634871618,0.01780950091779232
Gaia,DR3,1625738751823079040,248.99526500659292,62.60147171212097,11.385441780090332,0.9290246963500977,1.02289144465878,2.1719042906112804,15.02224641687872,-17.993929451997314,,,4.6875360079538195,nan,,,1.316138744354248,,None,-2.778146203920448,13.647451180137374,-2.1566567972967645,0.02714318223297596,14.44461407336353,0.03597259148955345
Gaia,DR3,1640262888109870592,236.49585988022108,63.62138060454515,17.892803192138672,2.649860382080078,4.903194357299379,7.771296774788755,45.167067249413336,-17.259014970596596,,,3.8903760774264597,nan,,,0.9671196341514587,,None,-5.898215697654239,10.78274613725062,-9.58836312437397,0.10474146157503128,12.380661252625602,0.11591911315917969
Gaia,DR3,1637126879085017216,260.9947886711306,67.44130082472678,18.01312255859375,2.8891983032226562,2.754689909222624,7.261792019663971,37.12220110998702,-16.817281285402043,,,4.036187080822855,nan,,,0.9809244275093079,,None,1.2949603498047029,13.108288232935395,3.419977940699593,0.11865311861038208,14.097263564225386,0.11818137019872665
Gaia,DR3,1633605177702388608,269.6489108917827,67.36481920980002,16.582731246948242,2.722598075866699,3.224137833497182,9.636788995207915,63.10898596246035,-16.6591728460465,,,3.660531202420266,nan,,,4.566247940063477,,None,3.562631855726537,11.540105462511207,3.656011623366687,0.49095749855041504,14.02634471134853,0.47862425446510315
Gaia,DR3,1635184866672266752,249.31911649137996,65.12092353017178,14.59099292755127,2.2169666290283203,3.7161744881660845,4.194803783522603,51.923474767896614,-17.376381563450636,-58.463199615478516,4.982831001281738,5.681525207422449,nan,,,0.9930652379989624,,Gaia_DR3,-3.228094537838938,17.490315096336836,-5.775863089824003,0.020007062703371048,21.13994485616847,0.01911604031920433
Gaia,DR3,1634074634806740224,260.5663267751882,66.69365153072661,13.536744117736816,1.2391357421875,3.7051397248017794,6.555831831101595,40.03046390478989,-17.021011110443318,-15.879650115966797,1.5612051486968994,3.921828489925119,nan,,,1.056991457939148,,Gaia_DR3,1.1303621924169587,12.562459282207568,0.7609080188037711,0.01347256638109684,15.603362588819165,0.013944915495812893
Gaia,DR3,1635371921087647360,254.4123345448215,65.07579944055568,18.11069679260254,,4.7656125974060295,3.9993201981375406,47.68792136347164,-17.454442549718276,,,5.546987065541206,nan,,,1.1839302778244019,,None,-1.0045365990337483,17.2277618495342,-6.293879697163365,0.1587536633014679,15.473323453371485,0.17365528643131256
Gaia,DR3,1634944623380012416,251.07374578663635,64.80574474081857,12.05407428741455,0.8147602081298828,4.507368286642834,3.6868587543544695,21.75723185242817,-17.487399848794475,7.406252861022949,1.1008201837539673,4.139528110087356,nan,,,1.5495905876159668,,Gaia_DR3,-1.8014265651706955,12.717238151848182,-5.719917868058398,0.02181127853691578,13.05907600642994,0.023508328944444656
Gaia,DR3,1636350035464596224,249.7409342579905,67.05170425984699,18.383005142211914,2.853118896484375,4.169770256827459,5.996213309639127,34.76659315931118,-16.882350816059258,,,3.997744985540494,nan,,,0.962194561958313,,None,-2.1437707574596168,12.808574481490684,-5.474986782080739,0.15161143243312836,13.927569217641437,0.1574447602033615
Gaia,DR3,1632608229891544192,261.260689975193,64.08359939729444,9.03936767578125,0.6498470306396484,4.734043714892508,4.973444978157113,23.130515258621042,-17.686939689638944,-8.687458992004395,0.17911756038665771,4.702050183020974,nan,,,0.9991744160652161,,Gaia_DR3,1.6037230774732363,14.261100162383059,1.051348526284059,0.01729569584131241,9.601153499331764,0.018138673156499863
Gaia,DR3,1635707645795041024,254.98341688948048,66.46968331934208,18.790857315063477,2.9217700958251953,2.5726239245191356,5.409851825412823,58.327330939185536,-17.094141872711837,,,3.5824857345903065,nan,,,1.0808990001678467,,None,-0.49276590971562717,11.449232971716322,-0.6608764419760003,0.1803569346666336,13.384853715392186,0.21588711440563202
Gaia,DR3,1634588553412592256,266.55399514377694,68.06847207499607,19.03363609313965,3.2026214599609375,4.765080655172739,9.121435984955804,38.609286772186564,-16.556413733115164,,,4.795473048575562,nan,,,1.0334662199020386,,None,3.5568807594799825,15.530011602918952,6.199956229151012,0.2263597548007965,19.557342063895586,0.2804514169692993
Gaia,DR3,1637273281634596736,261.56921339670237,67.76135606819021,16.930803298950195,2.703099250793457,0.5523671031957321,7.649526593401037,67.41504898150653,-16.72485542531084,,,6.116632723094156,nan,,,0.9750306010246277,,None,2.2297203634465377,19.966383603607788,2.2767030504215784,0.05855649337172508,20.677080792169512,0.058817747980356216
Gaia,DR3,1632208179458679040,257.13973989454627,64.76362819779871,16.29177474975586,2.705655097961426,2.763662150878108,4.168031389796597,62.8953100244925,-17.541815285044045,,,6.078043492139789,nan,,,1.3694595098495483,,None,0.16390464641711722,18.7750709862003,-3.1183389417200957,0.05863122269511223,17.446020838007115,0.06560209393501282
Gaia,DR3,1633507252448442368,266.23968800023124,66.58558119953275,18.90389060974121,3.1686038970947266,4.909543010841757,8.095142958915561,44.33779156980128,-16.955694366258392,,,3.929526009154269,nan,,,0.9919131398200989,,None,2.8216738613834984,12.380682288611712,-0.625874809499375,0.22578318417072296,14.538174631966786,0.23313432931900024
Gaia,DR3,1637439449624670464,259.25077821825465,68.08192419421897,19.174924850463867,3.213275909423828,4.206589263981424,7.48418941439818,33.67014675558695,-16.65780022420304,,,4.81849460774072,nan,,,0.9576435685157776,,None,0.9058364104627059,15.873748038658904,-2.8449412130907517,0.2527502775192261,13.826753173761752,0.2384122759103775
Gaia,DR3,1627708939221361920,240.16367070780566,61.84701980437003,20.005508422851562,2.4882888793945312,3.224926090585659,5.899514384767031,23.740905715921674,-17.85571016286909,,,4.354956137397966,nan,,,1.1303921937942505,,None,-5.446625709134284,11.91382546897357,-7.940818346965052,0.5483478903770447,10.318593205918615,0.6167908906936646
Gaia,DR3,1629314264853766912,242.31521465292025,63.2561296616776,17.549510955810547,3.0305233001708984,2.7651338716936635,5.164250189415692,60.8723441960165,-17.625263662513454,,,5.968544871272509,nan,,,0.9571951031684875,,None,-6.520728359995562,17.110540917818202,-7.5135883727285,0.08258914947509766,13.776044147616119,0.10759425908327103
Gaia,DR3,1643497483815354240,244.48921449141636,67.96842382860714,13.873202323913574,1.4263763427734375,2.776808782709013,7.59612328587269,32.91767795361646,-16.517521596131992,-9.067792892456055,4.624311447143555,4.206518611600763,nan,,,1.0713107585906982,,Gaia_DR3,-3.9168735912591925,13.45301254352717,-5.893704180985419,0.01544695533812046,14.921207463744453,0.017674319446086884
Gaia,DR3,1637789330544730240,267.9725245175162,69.15510755335255,16.888742446899414,2.680360794067383,4.221071485899335,10.240308143189038,46.11924698667316,-16.229099114718824,,,5.0113323341179985,nan,,,1.1695513725280762,,None,4.250361008841947,16.465890346577485,5.215763463668021,0.06905531883239746,20.81944097709525,0.07316745072603226
Gaia,DR3,1636659616707303552,255.2730692006071,67.55359243608521,16.663908004760742,2.302853584289551,2.7278386631187654,6.492610648600208,53.31327718045899,-16.80565284727234,,,5.630890431642368,nan,,,1.0859788656234741,,None,-0.6501199238150641,18.37992134266463,1.2313174574456331,0.057592716068029404,15.74452176916689,0.0777827724814415
Gaia,DR3,1636588839941438720,252.8831488744148,67.20011542011741,10.598369598388672,0.6589107513427734,4.679778451256173,6.0291893368784075,24.5740235124068,-16.88496602208987,-16.168954849243164,0.3630131781101227,4.328845104233564,nan,,,0.9139541983604431,,Gaia_DR3,-1.2882724262854794,14.000556407150707,0.6851223337352357,0.012398956343531609,17.787866356926873,0.014053625985980034
Gaia,DR3,1636053205980273024,250.1993544022691,66.13106160202528,16.93242645263672,2.8032636642456055,3.597422525419136,5.058019490865354,64.26602222523465,-17.132172686262678,,,6.1029071044723135,nan,,,1.0103950500488281,,None,-3.0606847751448574,19.22483458781401,1.5164456090390583,0.059876348823308945,18.53865486676367,0.07151450961828232
Gaia,DR3,1639081943901982848,264.93598735181183,70.78412610373525,12.321283340454102,0.9488363265991211,1.9650687407413245,10.819336744437287,47.0578454837493,-15.84045317744976,-5.748936176300049,1.9493459463119507,4.127926742836717,nan,,,1.0043267011642456,,Gaia_DR3,2.558342409931474,14.111177275353567,0.859915425796645,0.011981838382780552,14.309953836706029,0.011828520335257053
Gaia,DR3,1635596663840436864,257.16654236917265,66.50848690371065,15.878708839416504,2.693408966064453,2.7474961665650715,5.7188363901540304,64.67189263188851,-17.087785361923743,,,6.094388221567805,nan,,,6.109450817108154,,None,0.17680916474097552,19.503436663346076,-2.92984981833661,0.18101036548614502,17.82753655356363,0.2079937905073166
Gaia,DR3,1636622993521626752,254.39296123598106,67.63412041181239,15.278505325317383,2.130800247192383,4.565769687062384,6.512951700711194,50.067386815083076,-16.779759576746073,-0.19440488517284393,6.4068169593811035,3.7397167146070207,nan,,,1.1345021724700928,,Gaia_DR3,-0.6827709170902736,12.217602125948744,-2.462097435571601,0.03941745683550835,15.346580706666256,0.041746836155653
Gaia,DR3,1636941233418011648,254.84120089306117,68.3089736555525,16.97576904296875,2.3319873809814453,2.3798874557037273,7.205446640248599,54.230133270562966,-16.598455321087545,,,3.6995909644076175,nan,,,1.0221829414367676,,None,-0.5489992599830695,12.244363096845799,-2.017880479814323,0.057090744376182556,13.37904201379819,0.06434104591608047
Gaia,DR3,1638090807184870144,269.9756975026672,70.19397341136762,14.844602584838867,2.3542823791503906,4.8152210257167845,11.45927240705305,63.94576771682203,-15.892200078373799,-17.340694427490234,8.622469902038574,5.6890830662341045,nan,,,2.034153938293457,,Gaia_DR3,5.675140237333435,18.870133711002058,0.8858920816694446,0.044294048100709915,22.09711256294503,0.04658067226409912
Gaia,DR3,1638329332488293248,261.23912229084715,68.9181455817466,13.232344627380371,1.117844581604004,0.5110377074045686,8.563556929031721,68.89840305784875,-16.41250481346084,33.49799346923828,1.5002371072769165,3.527889193514407,nan,,,0.9949504733085632,,Gaia_DR3,1.1974649683719383,11.77161577652582,0.9242562202713114,0.01131044328212738,11.507405145240561,0.01390881184488535
Gaia,DR3,1635945488200668160,249.6778432393774,65.36439341958749,15.24991512298584,1.936305046081543,0.751008234817773,4.3738775031827455,38.6777766273217,-17.321074201551426,-18.175010681152344,6.440979957580566,3.8489215869044098,nan,,,1.0611284971237183,,Gaia_DR3,-2.0823531063705465,11.920721308485758,-1.4772134770141196,0.029273780062794685,11.992328347004642,0.034639980643987656
Gaia,DR3,1637526654640202624,263.25813079400774,68.63658882787547,16.442941665649414,2.748661994934082,2.543667211495679,8.726225539537214,35.10806783663846,-16.464712422617577,,,4.638904590311861,nan,,,1.0670363903045654,,None,2.2859641868388056,15.336311347412177,4.506994962089773,0.04788665845990181,16.456485948165575,0.05994376167654991
Gaia,DR3,1637662513046047744,265.51464910008997,68.50225744192021,16.949800491333008,2.6521663665771484,4.5768882342525705,9.151615735819123,58.666331566205926,-16.461852496333254,,,5.663153945078188,nan,,,1.0318210124969482,,None,3.7571684729261676,18.556348480740446,7.528611556222925,0.06659077852964401,22.51018088821421,0.06792711466550827
Gaia,DR3,1640742897950458624,230.96079804145313,63.19438009331894,17.250032424926758,2.4463367462158203,3.6422458015937624,10.186996511425487,42.06651788886237,-17.00295850636111,,,4.782842411456242,nan,,,1.0023167133331299,,None,-9.109227614055364,12.420322708821818,-10.492360187352144,0.08194202929735184,15.822271878467308,0.0800386518239975
Gaia,DR3,1630323715311537152,252.24942632433815,60.80480727557031,17.39589500427246,2.7970046997070312,3.979896927796023,0.38395024585578813,12.342902852127294,-18.479441253757287,,,4.681982994806936,nan,,,0.9590480327606201,,None,-1.6191547533811828,13.17634542641526,-2.032412780716345,0.07892266660928726,9.269949575086457,0.0834290087223053
Gaia,DR3,1630553925559929984,254.66398508438712,62.08047716977802,20.093748092651367,2.7418746948242188,4.423977130074879,1.3817701186638873,16.834447409054007,-18.20160464654457,,,4.137306901885355,nan,,,1.1223899126052856,,None,-0.6698651820926897,12.038771277682812,-3.9402935564334443,0.5073729753494263,9.991198417516644,0.6043194532394409
Gaia,DR3,1637982363554259712,264.49522782231924,69.28888496015068,17.156373977661133,2.6650400161743164,3.307871172456934,9.514423327840916,38.892815292401686,-16.265693188441553,,,4.279978556104868,nan,,,1.008401870727539,,None,2.510010474456135,14.271365821962195,2.4443327075335706,0.07051725685596466,11.287520482700675,0.08910318464040756
Gaia,DR3,1645551577694252032,231.6736697055579,67.16509738824367,15.499661445617676,2.350663185119629,3.697134792025994,10.781791045316387,45.73373339059618,-16.152730292916722,6.467060565948486,12.057914733886719,4.893816266036238,nan,,,1.1226074695587158,,Gaia_DR3,-9.080253865107363,13.998984684158735,-5.62014242159754,0.03581996634602547,12.394053703552428,0.035423651337623596
Gaia,DR3,1639873081173452928,234.9820408133864,63.414479520459565,15.834955215454102,2.1368675231933594,3.5874054422508013,8.40403253260592,39.182282805179895,-17.218339865978518,,,4.089508789516679,nan,,,1.0594879388809204,,None,-6.640979924594559,11.129121292953547,-5.557630375171335,0.03365474194288254,8.232334679099747,0.038647960871458054
Gaia,DR3,1640215987066976000,236.59106064752487,63.58196064995232,18.03561782836914,2.8944854736328125,4.949407778131896,7.722210020935409,47.78852124376724,-17.27335171086193,,,3.8357041169233312,nan,,,0.9854224920272827,,None,-5.789184653325536,10.630238348201818,-9.064876966945878,0.12319663912057877,8.330940581690601,0.12467751652002335
Gaia,DR3,1641311272448035072,234.3976047903442,64.831434408131,20.498464584350586,2.2502498626708984,4.363740433786806,8.941793511363139,46.25787005358502,-16.860248088418594,,,3.9491133858452634,nan,,,1.0932291746139526,,None,-6.576167220280275,11.038505202821728,-3.55277373758684,0.5764105319976807,9.024346790077296,0.7686782479286194
Gaia,DR3,1638683989412450560,260.6388846015491,70.04458630962382,14.63322925567627,1.9979639053344727,2.841061441953932,9.471246257850877,58.898354347267436,-16.103741946889567,-15.37506103515625,2.8458919525146484,5.64758861846907,nan,,,4.201711177825928,,Gaia_DR3,1.6589650685225865,19.24283820303289,-0.434158573798201,0.0765668973326683,16.585773794692365,0.08934760093688965
Gaia,DR3,1638258615851074816,258.3181196038777,68.51554247899676,18.27263069152832,2.9563159942626953,2.1553107552858477,7.743156197408488,44.750432974847506,-16.54344403759373,,,3.897205892516747,nan,,,1.0413774251937866,,None,0.455463144175825,12.950983269580377,2.1633504777011217,0.1596817672252655,12.483396382302708,0.1531190127134323
Gaia,DR3,1639074419119110912,265.9173926715626,70.81646013443601,18.23251724243164,3.1636695861816406,4.613835392082173,11.029991592991161,44.03113587256273,-15.813781229547175,,,4.345173502899716,nan,,,1.0245369672775269,,None,3.0146804527085402,14.815850161690097,-0.021469903495345832,0.14442281424999237,17.755819478966878,0.19590698182582855
Gaia,DR3,1639048516172123392,263.57986083906826,70.5131303726097,19.003618240356445,3.0484180450439453,4.884934946943708,10.349705620732546,40.67552248799762,-15.938200570685588,,,4.443534291046087,nan,,,1.0495392084121704,,None,2.2980461472544937,15.176037976130623,-1.8126926208748515,0.28352606296539307,13.165841351269034,0.2640168368816376
Gaia,DR3,1639928743950299904,237.6680827741369,62.65408999486835,17.928466796875,2.7682037353515625,4.382382279686606,7.107231360627445,39.046038088335344,-17.544032719861036,,,3.978084378160153,nan,,,0.9972986578941345,,None,-5.69620642332054,10.88633307363526,-7.007577835719804,0.11898156255483627,7.4531038468554085,0.13265828788280487
Gaia,DR3,1640719700831450240,231.10813565455317,62.847969185273286,20.019426345825195,2.233936309814453,3.612432805082341,10.115218449700068,41.65871058203863,-17.08764246617696,,,4.254120060081167,nan,,,0.9954365491867065,,None,-8.059164955100396,10.973345438310583,-8.578027431611716,0.5478693842887878,7.775495214554628,0.4138476848602295
Gaia,DR3,1638148909502464896,268.1471996268512,70.48730678420522,11.870251655578613,0.9560718536376953,1.4704674101790662,11.238110400092014,51.14683838957458,-15.85845968773815,-6.626555442810059,0.7508203983306885,5.116276189540128,nan,,,0.9939232468605042,,Gaia_DR3,4.4062460187275025,17.20082310786088,5.884067956853838,0.016228362917900085,17.776504855325573,0.015589253045618534
Gaia,DR3,1638855895478980224,265.63436766411326,70.34988429123398,16.372575759887695,2.334897994995117,1.3855645936219774,10.598137565711339,44.71625583218143,-15.950260393784443,,,4.192020084368033,nan,,,1.0172065496444702,,None,2.8190029870488633,14.19261116429357,4.020317687948047,0.04845141991972923,14.42951504106409,0.05648081377148628
Gaia,DR3,1638670868288281600,263.03911800614674,70.33419996453188,10.807385444641113,0.8186149597167969,2.855084231004666,10.103342152946015,46.370260230481776,-15.996161484535701,-22.210046768188477,0.40313711762428284,5.044364587571373,nan,,,0.8953912258148193,,Gaia_DR3,2.4019862053155907,17.19727604388705,4.534403987984042,0.012806938029825687,15.036090174958026,0.012907596305012703
Gaia,DR3,1639091530268834176,265.69311181678415,70.97388484169191,19.616132736206055,3.0126285552978516,3.0991770852302105,11.115826506931997,49.890727132899656,-15.773456439463299,,,5.069853444736563,nan,,,1.0955134630203247,,None,3.4317718252382075,17.346071544188504,6.703316870415792,0.376781702041626,17.864239647188423,0.46286511421203613
Gaia,DR3,1639734882010438784,234.6849391093796,62.07546546383798,16.92159080505371,2.7604475021362305,3.9964257748158594,8.473081991120287,33.67616901906537,-17.496286299057978,,,4.582947254692863,nan,,,1.0148768424987793,,None,-7.538641328696728,12.045242827465215,-3.7373862017333943,0.07367506623268127,12.72224925932964,0.0644272118806839
Gaia,DR3,1641529942117799808,236.23001442594486,65.88683653446563,12.056758880615234,1.1159896850585938,4.958648582754036,8.599081324018641,57.920407683757524,-16.712443820017654,-64.61756134033203,0.9420652389526367,5.674016550747759,nan,,,1.677812933921814,,Gaia_DR3,-8.71026460071771,16.494006983665216,-14.195086582529859,0.020837746560573578,18.751504199733738,0.022428477182984352
Gaia,DR3,1641372226622062848,233.31771278377752,64.96054595327523,12.379729270935059,0.9747037887573242,1.7033942615466766,9.417775760022842,37.34719993944988,-16.765938436467714,-19.514263153076172,0.6888188719749451,4.382184922916431,nan,,,1.2064721584320068,,Gaia_DR3,-7.629891277129425,12.156656508297791,-8.959199150867196,0.014367527328431606,11.314522349504674,0.013411831110715866
Gaia,DR3,1640516295474826240,232.05936787385932,62.61408510320706,18.899961471557617,2.666994094848633,1.7606602666886175,9.680753314548673,68.55406040649794,-17.20480886008984,,,3.575291900022632,nan,,,1.034058928489685,,None,-6.538365122412429,9.26776707506268,-6.1745052239623055,0.21443115174770355,7.991602735031947,0.23700232803821564
Gaia,DR3,1631731261996691712,250.81542320147474,63.0970797041176,19.982990264892578,2.5852928161621094,4.933698003940642,2.0729389964541807,45.67467578360052,-17.90956448624283,,,3.6950820829097233,nan,,,1.017377495765686,,None,-1.6804705198907988,10.933735052013198,-5.259209020129779,0.4191005527973175,12.33461878031552,0.4088630676269531
Gaia,DR3,1631483081603508096,251.95428179620257,62.61715099401744,20.276132583618164,2.6114139556884766,3.6789012836351827,1.4638477784696526,38.94665211179381,-18.044265227502194,,,3.7838252799923295,nan,,,1.0776652097702026,,None,-1.3934785820405695,11.103676063415579,-3.3642519431151845,0.5739043354988098,13.277979757171686,0.7224185466766357
Gaia,DR3,1631843244677631104,251.75689030147547,63.91381633795911,16.46297264099121,2.346440315246582,4.949881227769704,2.759838539921703,69.81203021753197,-17.722152811868284,,,3.3951527767762077,nan,,,4.210201740264893,,None,-1.301289566426753,10.249059248284546,-3.9365314519550028,0.20444133877754211,7.8811781116045045,0.2560616433620453
Gaia,DR3,1631998275816709376,255.09901381502294,63.69081922932974,16.7149715423584,2.449064254760742,3.920478962919627,2.7953510390614973,24.70016242423976,-17.809098246301314,,,4.037476373212107,nan,,,0.9934033751487732,,None,-0.5197527173215812,12.183285894181802,-1.960205734003914,0.06025588884949684,15.19324521212858,0.0566398948431015
Gaia,DR3,1642058566692412800,240.73375284270278,65.5355016885136,16.3294677734375,2.432708740234375,4.6046409665725765,6.817508558745224,54.627077018452844,-17.008461440459467,,,3.678648380374976,nan,,,1.0306841135025024,,None,-4.447226521113662,10.975173016645986,-1.5175564941024438,0.040436647832393646,8.933550230869317,0.04156458005309105
Gaia,DR3,1638148909502522368,268.1455425021071,70.48693886519764,16.86280632019043,1.408975601196289,2.1557071948243918,11.237466747964683,50.571805416971436,-15.858601465377571,,,5.086508416587048,nan,,,1.2435344457626343,,None,4.379978806257559,17.100754566624655,6.426232602811458,0.1528921127319336,18.17595159231906,0.13830961287021637
Gaia,DR3,1643524559289220096,245.02182646513188,68.41584088747244,11.227389335632324,0.8686504364013672,4.262033011890369,7.89331492357604,64.0659908921875,-16.413403486942332,0.4433394968509674,0.40803834795951843,5.965118354340045,nan,,,0.8824242949485779,,Gaia_DR3,-5.3172803980184336,19.285960669596328,-8.888726268914843,0.01358230970799923,23.282133742361207,0.01865539699792862
Gaia,DR3,1643524589353691136,245.05356844223957,68.4233152962181,18.64805030822754,0.22464752197265625,3.616015968516393,7.894672493554164,66.86400996237977,-16.41226370807744,,,6.080289903647706,nan,,,0.9658177495002747,,None,-5.405525445956281,19.663859161099598,-8.934363108570599,0.16598187386989594,22.668880530100765,0.19546130299568176
Gaia,DR3,1631787753699672192,250.42616853823182,63.30890585375796,14.318949699401855,1.5708732604980469,4.783644139547517,2.337584431054288,23.385431996083078,-17.85079074117033,12.803960800170898,3.0872766971588135,4.046183327370184,nan,,,1.0282684564590454,,Gaia_DR3,-1.9596309632377245,12.017543706103199,0.1764271984910759,0.02037033811211586,8.540996247895208,0.017762701958417892
Gaia,DR3,1631934366703336064,253.24659124117235,64.24278863979063,18.030210494995117,3.399099349975586,4.552140816014548,3.0897455083446332,37.50775128457324,-17.657190995479716,,,5.262223596871237,nan,,,0.8920598030090332,,None,-1.4204211888308405,16.038186616959898,-5.626162469350907,0.1500239074230194,13.243107219980736,0.1512744128704071
Gaia,DR3,1640740625912162944,230.79102440521353,63.093780429652355,17.763622283935547,2.857288360595703,4.711669597526609,10.261291397075604,51.527650367502616,-17.012403238180656,,,5.26229889380013,nan,,,1.0819474458694458,,None,-10.083701143360505,13.60567441854708,-15.30833655448783,0.1349898874759674,13.452872192865296,0.13669675588607788
Gaia,DR3,1646682833425170688,240.68079400618475,68.59398958530726,19.05706214904785,3.0789146423339844,1.4303105275829553,8.917235828721903,38.991525897813005,-16.227688265853423,,,4.16178720044014,nan,,,1.0381101369857788,,None,-5.047467256332933,13.19129686664994,-4.873164216393095,0.18309466540813446,14.434010552644521,0.2194853276014328
Gaia,DR3,1640014196619202048,238.42832669424556,62.75388837506595,13.257621765136719,1.3278827667236328,4.987084266239214,6.771619366436698,47.06327716477214,-17.56185351040316,20.122045516967773,1.3193320035934448,5.392027498263714,nan,,,1.025586724281311,,Gaia_DR3,-7.424614756576785,14.879766402394385,-4.340311230488875,0.012064842507243156,10.123484872295744,0.012107444927096367
Gaia,DR3,1641234375352713088,235.7801640308516,65.02264194921847,18.179214477539062,2.8425064086914062,4.6440644345487785,8.44092949862126,46.818759137199486,-16.89400454547444,,,3.899335578790024,nan,,,0.998543918132782,,None,-6.111065933938678,11.083445332409354,-9.882114372093605,0.1300298571586609,11.677225211945581,0.11972861737012863
Gaia,DR3,1643577542005696128,242.4277251769568,67.82022496434958,15.051995277404785,1.8491973876953125,3.6051155807450357,7.907996266024071,37.313667626374915,-16.491790042918314,-12.192156791687012,7.088316917419434,4.092447481654939,nan,,,1.029760718345642,,Gaia_DR3,-4.437034658133351,12.913860064647883,-6.085805668377969,0.024775298312306404,15.551118917434378,0.029601089656352997
Gaia,DR3,1643630868319591936,240.82444154707488,68.0540029673422,15.359232902526855,2.2838363647460938,1.647534329083442,8.471576347307328,43.20491216791993,-16.373937686188896,2.0455482006073,5.175823211669922,5.106940103868582,nan,,,1.3956063985824585,,Gaia_DR3,-6.139960737990584,16.03593789713622,-6.826125394247252,0.04820806905627251,17.671566882690957,0.03783922269940376
Gaia,DR3,1639734882011436032,234.68519354086646,62.076711545308775,18.41288185119629,2.9570255279541016,4.486546367971245,8.472923928666596,33.42012737499591,-17.49603154366924,,,4.539872023553779,nan,,,0.9614447951316833,,None,-7.467703795666909,11.932423010712983,-3.219774671920967,0.18985335528850555,12.558732725198777,0.16201603412628174
Gaia,DR3,1644939080998279424,233.87276401931513,67.86060156708763,14.950428009033203,2.3140268325805664,3.808465552903875,10.356198061125431,63.21929141806615,-16.108923468310877,-21.401348114013672,4.51151180267334,5.757060135368099,nan,,,2.0590412616729736,,Gaia_DR3,-9.799581621924144,17.06935773117932,-14.274294023507501,0.04982655122876167,15.9113293455931,0.052356984466314316
Gaia,DR3,1635424452831883392,255.31512410124603,65.6670776656289,10.492265701293945,0.7169771194458008,4.41255695176548,4.669182448267227,40.50091211842641,-17.306093407688493,,,3.828802846748466,nan,,,7.147536754608154,,None,-0.42977569865122645,12.044358614616117,-3.928085198019679,0.2610856294631958,11.375930885786994,0.5228076577186584
Gaia,DR3,1635680059222389248,254.36974640329578,66.22203895562862,9.41086196899414,0.5296573638916016,4.949612198727148,5.11757155666472,58.96913945826387,-17.15616876852906,-16.296628952026367,1.3427106142044067,5.899086076206764,nan,,,10.106897354125977,,Gaia_DR3,-1.0874537168996854,18.751410351563806,-3.6358176050950126,0.3303338587284088,13.148446052405086,0.48057103157043457
Gaia,DR3,1643094886465486464,237.64521013896237,66.76355141817521,18.44962501525879,3.1556243896484375,2.7343550369512295,8.539945504889005,38.22985202865167,-16.568207847624038,,,4.1375728672956935,nan,,,0.9771687388420105,,None,-5.931400008890894,12.388845516592431,-8.046194811547462,0.12360906600952148,13.491550923810111,0.18537884950637817
Gaia,DR3,1643312697142368640,243.20479363574447,67.23401548058371,10.6741943359375,0.7494106292724609,4.420305486902043,7.262683385780654,28.70658590720642,-16.67022962765975,-16.15856170654297,0.290956050157547,4.524142412300395,nan,,,0.8393183350563049,,Gaia_DR3,-4.644759762950473,14.17402686342389,-3.3227637597002877,0.01102958433330059,10.17086751098523,0.013699366711080074
Gaia,DR3,1644617645646171776,234.2990477243274,66.6041288234495,10.268656730651855,0.6079978942871094,2.799147350418292,9.61101536654021,56.4503478692536,-16.43687955951154,-1.901587963104248,0.19450898468494415,3.7781392437831673,nan,,,1.050208568572998,,Gaia_DR3,-6.317718615931823,10.96127657244969,-5.5088940991281445,0.017218945547938347,8.883732776519997,0.0167892724275589
Gaia,DR3,1640190835737956096,236.8421754708544,63.1838771848495,19.038497924804688,3.1261329650878906,3.5347512650153265,7.544330606371114,30.320966909944303,-17.378275069006712,,,4.343627415207801,nan,,,1.0233157873153687,,None,-6.477612048085453,11.953126657622708,-4.1007555512143785,0.22230443358421326,14.150123202656097,0.24575762450695038
Gaia,DR3,1640606421069502336,233.8806088510112,63.27275761545542,13.801535606384277,1.2603445053100586,4.709967199685022,8.87932201515824,57.33913129162212,-17.182046860637335,6.149023532867432,2.3524110317230225,3.7221910689727964,nan,,,1.0815961360931396,,Gaia_DR3,-6.333805594786134,9.989767521659887,-4.738667876508951,0.013917657546699047,13.323599416058974,0.015273056924343109
Gaia,DR3,1641540898577725440,236.30094589159836,66.06389162661141,17.701587677001953,2.30584716796875,4.633106621875572,8.65134322747238,63.01403745793071,-16.673429541444744,,,3.618693003892198,nan,,,0.9452582597732544,,None,-5.5367647283405725,10.564960143676586,-6.6704039412053975,0.12205412983894348,7.217300499089554,0.09899348765611649
Gaia,DR3,1634389782326633344,267.3329167624575,67.39239287604866,15.999432563781738,2.428924560546875,4.825512912092961,8.916998607516586,35.280488322609806,-16.717305983400394,,,4.395545564030644,nan,,,1.0213478803634644,,None,3.517403482709359,14.01019192792025,-0.9265573224252431,0.04530031234025955,14.505170324477373,0.04507283493876457
Gaia,DR3,1643966734762163456,231.95523853565678,64.54735422891744,15.765265464782715,2.4252185821533203,2.102728259023384,9.894463890881376,53.42660593597062,-16.773685719529794,,,5.383305647052199,nan,,,1.094692349433899,,None,-9.88363097155361,14.589437611282555,-12.193044572959876,0.033419158309698105,13.988608150827217,0.04375039413571358
Gaia,DR3,1640953798024845952,231.83868653944342,64.28862259868833,9.89482593536377,0.4893608093261719,1.894435624803017,9.900629729685631,43.43382278265754,-16.823831369219356,,,4.133333164071259,nan,,,23.544174194335938,,None,-7.622054543755927,11.121757086435935,-6.168241263697695,0.4679681062698364,11.903601299994092,0.5023926496505737
Gaia,DR3,1641525818949152512,235.25618509369525,65.95438245730085,15.517959594726562,2.048492431640625,2.1028940004420384,8.988067943021298,36.9338536824376,-16.644649255798832,,,4.273752837061483,nan,,,1.0542306900024414,,None,-6.857091017947435,12.337147628593153,-5.547289186006538,0.03528433293104172,10.968229234509062,0.03529127314686775
Gaia,DR3,1642730402656827264,239.32638982278166,65.59091563503219,15.034151077270508,1.7578020095825195,2.318679746244229,7.338034223148416,60.8639500496394,-16.934125431573,-8.817014694213867,4.855578899383545,3.6025053249091337,nan,,,1.0450563430786133,,Gaia_DR3,-4.725607809817291,10.658934857567061,-3.2968117891880246,0.026022998616099358,9.629692654662472,0.0289872158318758
Gaia,DR3,1643980169419734784,231.09910047541675,64.66120190283354,15.678083419799805,2.4423046112060547,2.366933501415696,10.276005853079678,43.21478116710503,-16.691570847437312,,,4.840674199827174,nan,,,1.0521981716156006,,None,-9.173362768235235,13.03088998465501,-7.512663421902971,0.031133482232689857,14.784765079563936,0.03264716640114784
Gaia,DR3,1643769853460695424,242.60928155674577,68.85688829752453,20.20745086669922,2.391050338745117,4.361446864875775,8.71545809298536,39.2418849772938,-16.22429260242511,,,4.9013314593281745,nan,,,1.1107947826385498,,None,-5.248220425451924,15.787895753358471,-7.6004673416361905,0.5698739886283875,19.631742521838024,0.7453778982162476
Gaia,DR3,1645046588324167040,227.72866380743278,65.79303576571986,19.253007888793945,2.9236679077148438,3.1087377448177085,11.873528284591165,47.9265299525074,-16.206438267564437,,,4.296543079411166,nan,,,0.9618580341339111,,None,-9.123331846242722,11.399382003674694,-10.77915038290511,0.3020198941230774,13.676821417984378,0.24695879220962524
Gaia,DR3,1645936574267165568,231.74534359757575,68.29382312716203,19.213075637817383,3.0327587127685547,1.4393072323173932,11.260553302811346,45.28609622524974,-15.886539031087093,,,4.314268408545735,nan,,,1.0909831523895264,,None,-7.983558142270645,12.637638737873663,-6.683721075218713,0.41416457295417786,12.792564201606556,0.3651614785194397
Gaia,DR3,1645045729331098624,227.7397338894234,65.76121300456545,19.641904830932617,3.2704124450683594,2.2172823232103838,11.862896284118907,46.545877695353425,-16.214219585320595,,,4.593963890147426,nan,,,1.170552134513855,,None,-9.751486537950992,12.181477972719561,-10.835989897302303,0.5031452775001526,10.328129190062114,0.42187613248825073
Gaia,DR3,1643771296570392192,242.80026475132385,68.77344369944323,15.59266185760498,2.4753646850585938,3.975138665702383,8.607910658304126,52.84329463784507,-16.252599429332626,-3.273674488067627,8.41314697265625,5.474134240191707,nan,,,1.0644361972808838,,Gaia_DR3,-5.784185851419015,17.623764259540227,-1.2038210343981506,0.03230401128530502,17.876277095436294,0.03461132571101189
Gaia,DR3,1647754827197922048,237.86479889527016,69.46998765646681,14.007943153381348,1.884408950805664,4.236871137282895,10.240246482781751,67.32680133433401,-15.88858621616226,-25.081096649169922,2.9373700618743896,5.945438245296715,nan,,,2.3046681880950928,,Gaia_DR3,-8.428882934103008,18.79376186785896,-9.526990153398375,0.03410336375236511,13.59822284310219,0.034073133021593094
Gaia,DR3,1643514865547850112,244.28471566369797,68.14940059791968,19.83675193786621,2.9488487243652344,2.657057446202883,7.790874139258707,37.55792771313035,-16.463640549401866,,,4.950542975644239,nan,,,1.0008400678634644,,None,-4.685114966765962,15.871512739036145,-2.0350176459675247,0.4306264817714691,15.055213866973276,0.39673274755477905
Gaia,DR3,1645360674988382592,226.47540121924303,67.09745492077762,11.59426498413086,0.8417692184448242,3.694389773349805,12.662632553567082,58.50664539826369,-15.828560274637878,-32.88361358642578,0.4989544153213501,3.9757313825776692,nan,,,0.9104422330856323,,Gaia_DR3,-8.772414963893615,10.681463810490254,-5.755125950083855,0.013744060881435871,11.376729886644151,0.015810523182153702
Gaia,DR3,1636502837516468864,253.62517490933732,66.72792708508389,14.54440689086914,2.106205940246582,3.892636444177592,5.577226962417155,44.322457981722806,-17.01727810131255,8.975800514221191,3.741537094116211,5.368718633125073,nan,,,1.1289336681365967,,Gaia_DR3,-1.2943419994815968,17.222785992224388,0.5531240373012958,0.022260243073105812,21.222316730540477,0.021785395219922066
Gaia,DR3,1645244401633653504,225.7756075433801,66.04643423704256,16.016633987426758,2.554593086242676,0.7653459702336021,12.703394839245478,55.49556221196881,-16.007103841915615,,,5.1138963430576725,nan,,,1.6396064758300781,,None,-11.518659616987817,13.29655181652318,-11.17937787075702,0.058458734303712845,14.048655852834415,0.06688905507326126
Gaia,DR3,1640888274003368448,232.75301022505855,64.01182825920435,18.788089752197266,3.130380630493164,1.1985863856370689,9.464875598818614,58.61539497614171,-16.94533120105814,,,3.729751760118045,nan,,,1.6299211978912354,,None,-6.641030873413991,10.068719570811863,-5.763458369407559,0.35449329018592834,10.412239486704687,0.34263062477111816
Gaia,DR3,1642986726303580160,237.95247132519512,66.22247078093766,19.62448501586914,,2.665818988953118,8.144824698066609,51.4580990166475,-16.71609050992963,,,3.7898480743448157,nan,,,1.1214487552642822,,None,-5.348900257589665,11.248541487625673,-6.997719019979525,0.9635838866233826,12.596706163645326,0.793584942817688
Gaia,DR3,1644685128171834240,231.95898664303567,66.1385697141509,17.57694435119629,2.590576171875,4.882649801952009,10.300642046173396,45.562403080599104,-16.41069986557268,,,4.1101859930032125,nan,,,1.0734690427780151,,None,-7.545144389604704,11.539127749487614,-4.089272529594792,0.11560287326574326,9.098748039159526,0.10939845442771912
Gaia,DR3,1646177195514844800,236.41009457679488,67.40164883935044,15.63955307006836,2.516653060913086,3.7198890982234816,9.29591800894114,67.27964844747179,-16.351069286680932,66.948974609375,8.979108810424805,6.011673873322753,nan,,,0.9380858540534973,,Gaia_DR3,-9.151215058603011,18.056387118596952,-11.110239873005163,0.033443059772253036,22.34436972441326,0.04088273644447327
Gaia,DR3,1648673808464604672,246.31335122299066,67.68726976021995,18.749624252319336,3.004610061645508,4.651510668142163,7.026802521286207,51.17925101887868,-16.641166129025763,,,3.7421668620504502,nan,,,1.0944832563400269,,None,-2.97389152015164,11.998944526771435,-4.492204721923723,0.20393453538417816,8.65827788064243,0.19196081161499023
Gaia,DR3,1637105850925101824,260.99701218202404,67.1781370591676,17.10761260986328,2.528017997741699,2.3910505439492797,7.0468053970551985,41.350271948355704,-16.887793801153556,,,3.924196349038089,nan,,,1.1162701845169067,,None,1.259693520784629,12.680455352811173,1.1867683680155283,0.07980945706367493,10.703779574644267,0.07344631105661392
Gaia,DR3,1644606611873909120,233.6395505757171,66.31318003656828,18.328861236572266,3.065387725830078,2.2526671144675965,9.730956262978312,39.538951103517455,-16.46934238241053,,,4.710693189307597,nan,,,1.1882405281066895,,None,-8.095618603807075,13.499535273295626,-8.62791110099407,0.16797548532485962,15.672321218300944,0.15960334241390228
Gaia,DR3,1652061579884275968,255.95547314910849,72.3716287220511,17.168792724609375,2.833677291870117,2.7158036473436216,11.277467336118784,47.44723375155762,-15.44815733144022,,,4.89861777383785,nan,,,1.1215267181396484,,None,-0.3105545497140989,17.396788149367374,-2.8178054445869107,0.08072711527347565,18.653448481846564,0.06882675737142563
Gaia,DR3,1645921013601410304,229.40822732149775,68.46780031232855,17.6218318939209,3.110738754272461,2.7988484665664672,12.104964270976398,52.413559979064715,-15.707275233927696,,,5.041291002982735,nan,,,1.0523866415023804,,None,-10.135455656428789,14.449187148784999,-12.520794719883584,0.11648687720298767,16.226191990523215,0.09298402816057205
Gaia,DR3,1645367031540759168,227.75192968892105,66.62229492830208,19.847797393798828,2.8386001586914062,3.375330066601885,12.05357243576573,63.56400006887723,-16.02433502700606,,,3.79539274349486,nan,,,0.9189438819885254,,None,-8.053292591600004,10.259493363176336,-6.617107931759486,0.4042382836341858,7.972410315280273,0.344180703163147
Gaia,DR3,1646113806093502464,237.88748384308317,67.23296733739565,19.133852005004883,2.760011672973633,3.499694485561226,8.734579509845918,68.02229030853255,-16.46241563523602,,,3.546547479613681,nan,,,1.0232685804367065,,None,-5.022153672336926,10.74007780346843,-2.4060776830140784,0.30045783519744873,10.789301741407535,0.259177029132843
Gaia,DR3,1646935416157149824,238.79453016580024,69.12282997001594,17.139373779296875,2.4374122619628906,4.862647984481463,9.76222046730361,64.38400739366826,-16.017029320270243,,,3.6452752253090597,nan,,,1.022216558456421,,None,-4.9226256278429705,11.525113277144788,-8.081383345229062,0.07783234864473343,9.528722211399124,0.06949091702699661
Gaia,DR3,1648419516337274752,247.50882789238122,67.37516704735555,15.743653297424316,2.091899871826172,4.1163380030727215,6.559828738259565,44.380537128308745,-16.75224584696247,,,3.8391872108226246,nan,,,1.0599305629730225,,None,-2.7059748051620236,12.291875901212903,-5.79048475664081,0.030245443806052208,11.03299421454139,0.03415058180689812
Gaia,DR3,1647391919641403648,236.74810938908635,69.47753899456089,7.492335796356201,0.16253042221069336,1.1250562328082316,10.519711212465923,68.99243231792734,-15.839389133187765,-9.901323869228364,0.5615841150283813,3.605428277977643,nan,,,0.9774828553199768,,Gaia_DR3,-5.401061786983494,11.302546532138107,-4.8409909829116256,0.02326851896941662,11.94871616916139,0.025896351784467697
Gaia,DR3,1648677656755406848,246.6913840058359,67.87300250471918,17.9765682220459,2.8525218963623047,3.8559479577227544,7.138343905103303,45.21645199189419,-16.601001094863573,,,3.852935661342677,nan,,,1.0021713972091675,,None,-2.952563976070063,12.416275690772762,-5.948371597388681,0.12831006944179535,11.50291880543147,0.10479678213596344
Gaia,DR3,1648829355000639744,248.5727737565126,68.61023012514353,20.256832122802734,0.7158889770507812,3.4298009912916805,7.614530111863964,39.487158663368945,-16.442555158796615,,,4.006241989493924,nan,,,0.9636210203170776,,None,-2.502261989781709,13.174954212613796,-1.7646585007989428,0.5264363288879395,10.373780199476478,0.624775230884552
Gaia,DR3,1646617416779053312,237.00673610768587,69.10313984635211,10.086216926574707,0.655949592590332,2.5000646694968656,10.19431475037075,41.49440392623308,-15.947520620942946,-17.172388076782227,0.2572672963142395,4.736353162082992,nan,,,3.0255167484283447,,Gaia_DR3,-7.007344801296439,14.773854647845077,-6.063309814815532,0.0538315623998642,12.463006226522703,0.049182597547769547
Gaia,DR3,1639752856449056384,234.53750804789212,62.29582496984396,19.0433292388916,2.945293426513672,2.800013777318775,8.537557570316185,69.95852811006162,-17.43888090157114,,,3.511999632849097,nan,,,0.9495971202850342,,None,-5.8135909205364715,9.267080193485626,-6.514431135810322,0.22461561858654022,11.218050036559536,0.22872398793697357
Gaia,DR3,1643662818585392256,241.59092487216853,68.39055617195322,18.41058921813965,3.106861114501953,3.157989591993567,8.55007190434978,63.30874951246184,-16.31364209368196,,,3.6100941543573075,nan,,,1.0200754404067993,,None,-4.136952649000192,11.461566995829294,-5.849342319414772,0.14480827748775482,9.775178487601423,0.1620689481496811
Gaia,DR3,1645413314108364800,229.12616488516844,67.2742641352719,17.713804244995117,2.9034347534179688,2.6533397463669104,11.737552602455114,46.5207313709479,-15.968667528452304,,,4.377703783376592,nan,,,1.0320048332214355,,None,-8.884881235019993,12.202218863696535,-7.503387518174755,0.10712756216526031,10.180470195868063,0.10735602676868439
Gaia,DR3,1649575201841389568,246.9186233470017,69.21169730142684,16.184192657470703,2.532170295715332,3.705465164758541,8.360541895778063,41.30636713557754,-16.244631507521976,,,5.0407998894294135,nan,,,1.0090659856796265,,None,-3.7767607309884093,16.666368967860198,-6.448570106984599,0.04708587005734444,19.558818511377996,0.04604649543762207
Gaia,DR3,1638569403980400128,258.3227634528476,69.65089409982873,9.197807312011719,0.37492942810058594,2.5619871493574915,8.810527285984675,48.15688623972854,-16.228040007585008,-2.8506393432617188,1.8081631660461426,3.895918296553314,nan,,,1.0069899559020996,,Gaia_DR3,0.45669268284472375,13.213525567736596,-1.6320107761443907,0.01644512452185154,12.958979664209545,0.01984512433409691
Gaia,DR3,1638683993708261120,260.6636606392911,70.04770350032003,17.68809700012207,3.0069046020507812,1.5897566760084636,9.47760417032394,54.45964982128884,-16.10265703110568,,,5.4653659356136695,nan,,,1.019060492515564,,None,1.6157465750267068,18.622312422594312,-0.16425936242100292,0.08937033265829086,18.19045500788985,0.09533962607383728
Gaia,DR3,1648735896512323200,247.92793748246118,68.4704140800038,17.98761558532715,2.946561813354492,3.1608696216163077,7.543357780474014,46.99508861856482,-16.46784314696903,,,3.841007478826949,nan,,,1.0378144979476929,,None,-2.585957274099066,12.572919531119638,-2.9899896077225625,0.09950576722621918,10.045582317606884,0.14159709215164185
Gaia,DR3,1648497512942742144,251.2208038614462,67.78319837383263,16.597288131713867,2.6860952377319336,0.2790490382023278,6.631147325484188,29.915585719347987,-16.709301583279537,,,4.184359816194111,nan,,,1.0309683084487915,,None,-1.7742097262015166,13.643673696811133,-1.7599671722979697,0.05236358940601349,13.889411884832755,0.07201050966978073
Gaia,DR3,1649448654924199936,246.00710039419673,68.12543261744801,18.86049461364746,3.1723270416259766,3.4823235911822152,7.472831267287753,53.75340071907025,-16.51683031000045,,,3.718293344695475,nan,,,0.9941088557243347,,None,-3.0403199226764714,12.00699782729248,-5.01688994881674,0.17249146103858948,10.124430122262941,0.2021627128124237
Gaia,DR3,1649537577927364224,245.43576021651145,68.71950118258931,18.59156036376953,3.0997695922851562,4.715584379686545,8.100327480867113,38.03703929839729,-16.34283217033866,,,4.932183700435681,nan,,,1.0196806192398071,,None,-4.243901962026378,16.06572193773505,-4.527111784912926,0.16649751365184784,11.170860973118574,0.18052533268928528
Gaia,DR3,1649981540107063040,249.02279027158252,70.48448813722008,17.718120574951172,3.3232994079589844,4.345422556901699,9.413546698702307,37.499181665181595,-15.93144209662633,,,4.622441016293327,nan,,,0.9488601088523865,,None,-2.729947298770577,15.738432663687917,0.7080384176513252,0.1077089011669159,13.266463726751118,0.12222635746002197
Gaia,DR3,1649635644916770048,250.52643023510433,69.51953311892616,16.763534545898438,2.6495285034179688,2.8657507160948987,8.384170836064898,43.441045507252326,-16.22422917612882,,,5.125765520022198,nan,,,1.107679009437561,,None,-2.4435128812041733,17.22681697736687,-5.163410422352906,0.06632155179977417,15.746534373146888,0.05723197013139725
Gaia,DR3,1647745339614350464,234.91520515386637,70.68072369753224,17.495670318603516,2.6812744140625,4.977881925743176,11.808664646241136,61.52441755432239,-15.445411110096769,,,3.821590261854619,nan,,,1.048582673072815,,None,-6.223996427120283,12.065293925015862,-4.198302586736154,0.0780533030629158,8.604180736552262,0.09747324883937836
Gaia,DR3,1648650753080765568,248.66623332798633,68.01708142875192,19.88745880126953,2.848339080810547,3.511806826568254,7.032078418938316,29.278971231524242,-16.604858018282243,,,4.277613185776232,nan,,,1.1115385293960571,,None,-2.6415618228647495,13.91705501581289,0.5163919374060759,0.4830617904663086,14.153866402583398,0.5304956436157227
Gaia,DR3,1651579027422539520,266.77434322834813,72.81435645398466,18.153709411621094,3.165945053100586,3.481563254712187,12.834692933733317,57.786030326771844,-15.225445916625054,,,4.018083658840274,nan,,,1.0070136785507202,,None,3.046835457953464,14.117849323531239,2.357982048419851,0.14740249514579773,11.250363578306732,0.1410488337278366
Gaia,DR3,1648653574874732032,247.8546590549874,67.89209287658726,17.99952507019043,2.9588623046875,4.675530198881314,7.000763326553751,40.51182497743283,-16.622083336505213,,,3.938867333887431,nan,,,0.9997291564941406,,None,-2.6736007232455536,12.751325927805958,-0.5230148130529164,0.13149142265319824,15.983591613634086,0.14353440701961517
Gaia,DR3,1643289053346605824,243.3026412938459,67.005988647521,19.26372718811035,3.0550689697265625,4.726670395423016,7.060113131581071,62.10998920941019,-16.73244009930712,,,5.932424365454937,nan,,,1.055018663406372,,None,-6.047524350742201,18.51250731319106,-11.824931947746581,0.32579535245895386,17.26176386244659,0.3165907859802246
Gaia,DR3,1649706151099902720,249.9125742144549,69.84947065071368,11.431407928466797,0.9395170211791992,1.1661277948559938,8.738496636308014,43.37972018596443,-16.12346915140663,-9.918420791625977,1.2355189323425293,5.084553042000315,nan,,,4.320746898651123,,Gaia_DR3,-2.660464532059426,17.162664118731044,-1.70422309624233,0.07122819125652313,17.967623762067916,0.09515723586082458
Gaia,DR3,1651194924204071040,265.58413616862845,71.72432877230484,16.935834884643555,2.717885971069336,0.8022144430834216,11.720631502360042,47.135218558944544,-15.561578422958142,,,4.754822135984368,nan,,,0.9989506602287292,,None,3.179460679143999,16.47981672490805,2.8653367835239294,0.06646426022052765,17.220033484262167,0.06443942338228226
Gaia,DR3,1651463338184381184,265.5224565137826,72.38321853251452,18.44458770751953,3.025218963623047,4.594557170927185,12.271285142101254,60.960822236061944,-15.372640287101877,,,5.461490285684155,nan,,,0.9962257146835327,,None,3.6265924729270487,19.13772121032414,-0.3288899015591815,0.16868966817855835,15.6253103564844,0.18037272989749908
Gaia,DR3,1640307353907321472,238.18475444082978,63.83503591350618,16.5190372467041,2.823457717895508,4.523470305570133,7.092823091332526,67.06659612005653,-17.29958024944765,,,6.130566681087845,nan,,,0.9873310327529907,,None,-8.549620756046759,17.310937063637194,-13.912791210798684,0.05124400183558464,19.637497578645124,0.05299198254942894
Gaia,DR3,1641398756636231680,234.8367862009936,65.36142874471001,14.045109748840332,1.7709779739379883,4.122520872172624,8.927372459796118,61.756232399639586,-16.761950096569993,-8.507946014404297,2.5536744594573975,5.805345951506792,nan,,,1.0589629411697388,,Gaia_DR3,-9.487049780081737,16.48404372504476,-14.471598590163023,0.016117459163069725,17.26428225309014,0.015919314697384834
Gaia,DR3,1642111068372515712,241.28516485812398,66.06772477578308,16.084714889526367,2.3178110122680664,4.354395373162407,6.956123768553333,47.30720011907807,-16.89835268555685,,,3.805520280513682,nan,,,1.040436863899231,,None,-4.446519256695285,11.519825080194124,-5.638422137777685,0.04000195488333702,8.23617435423721,0.0405157208442688
Gaia,DR3,1650068470244753920,252.7299256182878,70.23059677441958,19.552488327026367,2.680957794189453,3.3583518362739864,9.057629826244748,35.80150574824228,-16.049499635007024,,,4.5700463832027385,nan,,,1.1014775037765503,,None,-1.4133571086227175,15.617070453419837,-4.044507231860254,0.2857094705104828,13.734160356805443,0.4108753204345703
Gaia,DR3,1650697566990216320,258.4750340277747,70.53771315261122,15.274456977844238,2.01495361328125,1.5795255711094704,9.669632477824505,65.4450600958603,-15.976736811897997,-4.935582160949707,6.213907718658447,3.6236994826025506,nan,,,1.100261926651001,,Gaia_DR3,0.46686935687674636,12.479665798904687,0.9432124354746563,0.025230955332517624,13.588280508554572,0.03267792984843254
Gaia,DR3,1651808653554843648,257.8398212376739,71.92863195108528,18.659242630004883,3.1082611083984375,2.932564188616861,10.95476649632347,45.59630641374684,-15.577448726442885,,,4.846724591749605,nan,,,1.0199735164642334,,None,0.3895894351296798,17.088577565972525,3.2119580549577935,0.22291670739650726,16.082532376364703,0.20599967241287231
Gaia,DR3,1652764713274945920,267.0733982848914,74.59021284483799,18.941238403320312,2.983407974243164,1.308412596833459,14.403154706528323,56.20123844750659,-14.696911151758897,,,4.607039672127586,nan,,,1.027018427848816,,None,3.596917880988061,16.620128116848516,3.218349704209914,0.2088857740163803,15.407084104933988,0.21316231787204742
Gaia,DR3,1648485452674549248,250.26966896401683,67.66290422288846,19.331026077270508,2.907846450805664,2.7863337389313125,6.557454169637457,64.70719107293343,-16.727956169753202,,,3.52475928292259,nan,,,1.598270297050476,,None,-1.7489231156356309,11.44194450434359,-3.457290363577842,0.45699819922447205,12.611572872835337,0.4812694489955902
Gaia,DR3,1650100738335008256,250.2740770888091,70.21365022205757,16.62459373474121,2.267991065979004,2.8833196000782437,9.083667594135928,61.812261821770974,-16.026597277554153,,,3.6563102362157953,nan,,,1.0363954305648804,,None,-1.8129744658868971,12.43155503550777,-0.39252654941763687,0.04776657372713089,10.722315149888251,0.05406075343489647
Gaia,DR3,1652420639151272960,266.7752978244617,73.54620713584468,17.625633239746094,2.517040252685547,2.7186607157752354,13.458169490261325,62.99653350697243,-15.011442069346337,,,3.931368142945212,nan,,,1.1097264289855957,,None,2.981362774242708,13.973273085830316,0.734619916124908,0.10466314107179642,14.143066473279378,0.10184898227453232
Gaia,DR3,1652695860655224064,267.5730676646579,74.2750896638616,16.57509422302246,2.6556015014648438,2.446641308845962,14.197455611340589,55.76754689020994,-14.781787826219237,,,4.436233417620958,nan,,,2.04433536529541,,None,3.6298506508451056,15.898276896908225,4.616342517329946,0.10895249247550964,17.9628009401308,0.1374836266040802
Gaia,DR3,1652765022512350464,266.89852638378574,74.57795474785445,9.941086769104004,0.5655097961425781,3.82462375360729,14.369833674215633,56.23313472196954,-14.703548247278832,-26.360410690307617,0.2678092122077942,4.477820659263572,nan,,,1.253014087677002,,Gaia_DR3,3.4372249788579676,16.161193033438394,0.2518559491958705,0.02049332857131958,14.461811920923381,0.022711101919412613
Gaia,DR3,1652391119839154688,265.4630186046835,73.62645764989283,10.343403816223145,0.6701831817626953,4.300769816188737,13.346038547111883,52.75796258815996,-15.009527564020942,11.16159725189209,0.4134988784790039,4.725215171216596,nan,,,1.2333636283874512,,Gaia_DR3,3.116500004245011,16.889404476893105,-0.2830123345198081,0.02127000503242016,19.496469147611847,0.021594129502773285
Gaia,DR3,1650810301292585728,260.993524482819,71.1023090393139,16.571260452270508,2.2789249420166016,2.3591704840063876,10.486398696075316,57.62303675761874,-15.799916305166398,,,3.810213940316491,nan,,,1.063162088394165,,None,1.2220931252569827,13.212280569262976,1.0713232120409233,0.0447685569524765,11.323328216256478,0.05264252424240112
Gaia,DR3,1651749249862348544,257.589112650741,71.55283047775573,12.789851188659668,1.2957067489624023,1.644630862736392,10.571042680556296,63.74783799385374,-15.68720402300506,-5.961848735809326,1.0002076625823975,5.761749898706738,nan,,,1.0855563879013062,,Gaia_DR3,0.35293148858786605,20.19184680349517,-1.3883640510453183,0.012786694802343845,21.170825271027358,0.014610763639211655
Gaia,DR3,1651690288552280576,269.7887602569249,73.70882583501601,14.564729690551758,1.816263198852539,4.333131385343781,14.062658243219065,55.0938490202306,-14.902627886823655,-17.769119262695312,3.798973560333252,4.464774727260208,nan,,,0.9571731686592102,,Gaia_DR3,4.391802195688902,15.712859980579235,8.38532220334471,0.020682718604803085,14.884991288621421,0.02369712106883526
Gaia,DR3,1650801878860284160,260.2585941345999,70.93057520043578,17.249238967895508,2.787382125854492,1.857108819139829,10.23666246097524,56.22134590053853,-15.854931495603267,,,5.46823667087677,nan,,,1.0445406436920166,,None,1.4479276595706647,18.926327918780444,1.8278556230686709,0.06797178834676743,21.033144614816006,0.077302485704422
Gaia,DR3,1655408287120683392,255.82069130452217,73.74486223341916,15.478164672851562,2.399357795715332,3.4701790369396153,12.631881310418938,49.46828370175448,-15.040049698461015,21.181339263916016,5.882082462310791,4.59651682072812,nan,,,1.157378911972046,,Gaia_DR3,-0.33866961618895086,16.677492154300715,-3.2893529171753633,0.029193058609962463,15.064922144934195,0.033638063818216324
Gaia,DR3,1652222658337928320,259.82325082068905,73.44400603850174,17.9505558013916,2.964679718017578,3.5315714173044146,12.57142774094978,49.46634741432885,-15.122701709285508,,,4.653587947376215,nan,,,1.0051425695419312,,None,1.0778806543428017,16.782184825079298,0.48879675839180736,0.12169540673494339,20.19628919591688,0.10669784247875214
Gaia,DR3,1654396113651805440,244.31231822087153,72.81721411971311,18.656726837158203,2.8465499877929688,3.0418945583009482,12.04593947395123,67.83413789153515,-15.17287898511243,,,3.708475152123729,nan,,,1.0327051877975464,,None,-3.502015728627293,12.899722601019569,-1.1553250231273147,0.17213980853557587,13.284977350183592,0.18009667098522186
Gaia,DR3,1651565081665466368,267.50999610125575,72.70387492765352,14.992497444152832,2.1699209213256836,0.23631436796625954,12.86212518842595,51.809785943808265,-15.243313180328546,-3.9586737155914307,7.157907485961914,4.815831290438105,nan,,,1.1772794723510742,,Gaia_DR3,3.9176783982280217,16.84454341518382,4.156489212583195,0.027661897242069244,16.867507646659682,0.026246637105941772
Gaia,DR3,1668902524609222784,219.27352954572777,64.67111070485339,16.215444564819336,2.5934553146362305,4.112665100139592,15.318213669917414,69.58441533581312,-15.732170277868166,,,5.494339369450922,nan,,,1.0440449714660645,,None,-14.627310344080712,12.449950097939288,-9.866148502859305,0.03915996849536896,12.299336133141985,0.048011764883995056
Gaia,DR3,1655457043589496192,254.70416334418724,74.0787606120092,13.862549781799316,1.5848655700683594,3.6202722447336857,12.930953446018101,53.44850304048798,-14.936614626329208,5.284397602081299,1.631248116493225,4.933049636883431,nan,,,1.05560302734375,,Gaia_DR3,-0.7835891319602073,17.97868652556228,-4.139752838739604,0.014893644489347935,16.272731268227094,0.015880761668086052
Gaia,DR3,1653889066993219200,251.97937259879612,73.1337509652346,18.3438777923584,2.9168148040771484,4.300179003048184,11.961589454841056,53.23157504473996,-15.20234597521929,,,4.060282924575225,nan,,,0.9708072543144226,,None,-1.4875441732375143,14.536308008529938,-1.160263493203526,0.13378699123859406,10.87015582642631,0.13396669924259186
Gaia,DR3,1653124498390746240,243.5373019258393,70.61573326724911,20.027231216430664,2.929971694946289,2.2358623496701377,10.09748613216241,41.15536246940817,-15.774389037720175,,,4.73672131915516,nan,,,1.0787510871887207,,None,-4.746105342955419,15.82305577573453,-6.9322966530755705,0.5784772038459778,16.27598592496076,0.5650883913040161
Gaia,DR3,1653218158741298432,244.72962834010252,71.18189765107209,11.501848220825195,0.7278976440429688,3.9579910505699063,10.46516835335648,59.47079989621691,-15.647615820027422,-11.353060722351074,0.5763773918151855,3.7715700895389013,nan,,,0.8880485892295837,,Gaia_DR3,-3.4442421220152952,12.79350141295418,-5.489438502805745,0.015434612520039082,15.18523627941968,0.01708114519715309
Gaia,DR3,1652004439639360640,256.220340779069,72.0992470889176,15.620209693908691,2.434389114379883,4.395656327425691,11.021202976096035,51.30613856472152,-15.528374990876133,-22.438936233520508,6.115716457366943,5.155808599716752,nan,,,1.06758713722229,,Gaia_DR3,-0.22266476542550873,18.231294845393993,4.004073677094238,0.04607658460736275,16.004108680236854,0.03555065020918846
Gaia,DR3,1653707853732519424,250.30049492822184,72.26916255086027,9.88563060760498,0.4319162368774414,4.738642905220279,11.126872094282568,59.46137171391202,-15.438507375773048,-3.0742220878601074,0.7908267378807068,3.8161536412381154,nan,,,0.9429710507392883,,Gaia_DR3,-1.8845892991443667,13.430261318628695,-5.525110265296458,0.014120494946837425,12.299256262647228,0.016101974993944168
Gaia,DR3,1651738697127345152,258.2153397479984,71.60016275689044,17.725399017333984,2.792804718017578,3.620602184035538,10.665921129641507,51.45817727269611,-15.672082316606641,,,5.210384071131074,nan,,,1.0039029121398926,,None,0.568083779435363,18.269241782910886,-3.404433841418766,0.07799926400184631,18.4553392804291,0.09185122698545456
Gaia,DR3,1654609972959677952,247.83111220843858,73.28320760202482,17.602710723876953,2.592702865600586,4.9856751145407605,12.23308226957518,69.0959249026192,-15.106324543657713,,,3.6961094383922957,nan,,,2.7796013355255127,,None,-2.5153831899303096,13.129180133709966,1.2681995910971402,0.22380387783050537,14.009848896480591,0.22627954185009003
Gaia,DR3,1655588984984883584,257.3400956129187,74.6282981430722,11.038580894470215,0.8347721099853516,2.049176790198243,13.567885227520705,67.96120009139717,-14.7735946865461,-25.758438110351562,0.772120475769043,5.650583150485092,nan,,,6.608788013458252,,Gaia_DR3,0.2387615956716127,20.77819456060454,0.4127534852779604,0.11623574793338776,23.212964426898647,0.13065291941165924
Gaia,DR3,1652914251151491584,243.5841795772673,70.15822726211732,16.60265350341797,2.5938453674316406,3.4026309041842473,9.678673790412695,59.49419278579778,-15.901648468419218,,,5.655412943118672,nan,,,1.0483068227767944,,None,-5.646924157214632,18.74543625073772,-7.926929955731988,0.0511629655957222,22.10076112917239,0.0545818917453289
Gaia,DR3,1655187766320232320,257.40528220979564,73.37291250379076,15.379618644714355,1.90911865234375,4.006064566859395,12.337265591415619,60.920570507956,-15.151884928465222,,,3.878812324314826,nan,,,1.0182464122772217,,None,0.18318904761275245,13.994627038628913,-3.073431818032393,0.03369763493537903,13.641323054523168,0.03107142262160778
Gaia,DR3,1655539094644748416,260.57930580286046,74.44947145493009,13.019612312316895,1.1806354522705078,3.190212368663428,13.594634173478397,53.104815497056215,-14.816017730531005,-5.273656845092773,1.5171200037002563,4.524786848080259,nan,,,1.0937608480453491,,Gaia_DR3,1.308620221158745,16.553494335310027,4.1624567793577505,0.01419917494058609,17.609793367704064,0.014339336194097996
Gaia,DR3,1656288922919440128,253.53668838152183,74.529129456947,17.64383888244629,2.475187301635742,3.070385336334193,13.361079969343956,60.42771196427586,-14.795112106870748,,,3.9970015378465193,nan,,,1.0432214736938477,,None,-0.9905807079162887,14.649805955048372,1.5931424826597222,0.0823245719075203,14.782561262824848,0.08872676640748978
Gaia,DR3,1653990810474034560,243.85483033653995,71.6101932216022,11.420604705810547,1.0867118835449219,4.257352733551403,10.966172195923134,47.09326443414745,-15.505381751427173,-25.4890079498291,1.6797350645065308,4.940082887161369,nan,,,11.643396377563477,,Gaia_DR3,-4.833286994864798,16.81092973391302,-4.534017661802165,0.16289526224136353,21.2345065298006,0.18224164843559265
Gaia,DR3,1651944035219312512,261.0839119829937,72.53484651645577,19.829147338867188,2.582937240600586,2.7569073908945625,11.826638847485402,62.463014045143076,-15.383301444107877,,,3.802445806378158,nan,,,0.9428929090499878,,None,1.245754890989784,13.496203793182275,1.4382588878380322,0.40379419922828674,11.294684347192433,0.48994356393814087
Gaia,DR3,1666591106353610240,217.02494432998353,62.36819909183447,19.22066307067871,2.937448501586914,4.0129847751294525,16.59646848202994,68.45822517303404,-15.915573882389374,,,4.177913985385871,nan,,,0.9977362155914307,,None,-11.682554382726453,8.505687746808807,-9.579337498256306,0.25495457649230957,11.346218087378656,0.22471831738948822
Gaia,DR3,1654717587660773632,252.83402517090948,74.06448716654054,17.670055389404297,2.767568588256836,3.7641314677955666,12.891595443169471,61.24066059789265,-14.93114251792618,,,3.9222535210812928,nan,,,1.046501636505127,,None,-1.1819375824823903,14.263394918222119,-2.34404942302686,0.11602820456027985,11.376118198590017,0.11414270102977753
Gaia,DR3,1657124964074009472,262.0873731178769,76.77911730542819,16.785396575927734,2.576162338256836,2.411677848189985,15.932306513495211,67.08181630968744,-14.088928287459488,,,4.1187439404317505,nan,,,1.9990832805633545,,None,1.6636389317445133,15.542260918199027,-0.38583679712599794,0.1244085431098938,15.971748236591624,0.1363263875246048
Gaia,DR3,1655004903792630144,249.5815186496661,74.36991872204725,16.07427978515625,2.327500343322754,4.360835877471907,13.237694486290025,67.90703370116078,-14.808224513350869,,,5.687359880417305,nan,,,0.98703533411026,,None,-3.118466225252403,20.645336194956133,-3.033374041639716,0.03743024542927742,25.873079285815304,0.03852679207921028
Gaia,DR3,1655493705430401152,256.9685659727069,74.49372652605861,17.069124221801758,2.8440370559692383,4.725001434744,13.418554626916013,60.9073920224042,-14.814726448660767,,,5.301048306071191,nan,,,1.0031633377075195,,None,0.07371322852278261,19.454967134812247,-2.9213283089236297,0.09733002632856369,15.106308231494282,0.10036865621805191
Gaia,DR3,1655805588774487424,267.44204127045873,75.13149025729165,15.003022193908691,2.0294837951660156,4.458000917641372,14.922961687415972,59.0631221032097,-14.52848003175744,,,4.809463185562779,nan,,,2.3530433177948,,None,3.8879922573927597,17.466704011624024,7.681917097108848,0.4864538908004761,19.923441450316293,0.5444797277450562
Gaia,DR3,1668233368703900288,215.1103291748209,64.69010913009758,11.034008979797363,0.683506965637207,2.7919428518442215,17.093093934930774,68.47914438880123,-15.318371975219563,1.8381569385528564,0.54734206199646,4.297573646272081,nan,,,1.0710368156433105,,Gaia_DR3,-12.492995283582749,8.956430551612701,-10.036092670931634,0.016018042340874672,9.55776352875251,0.014575457200407982
Gaia,DR3,1669895070075139200,219.1712139966677,66.36053982434467,15.895971298217773,2.2437143325805664,3.556793614112831,15.385351430293891,60.564135057856944,-15.399599149349985,,,4.413581491821333,nan,,,8.027548789978027,,None,-11.777375281739063,10.409235047075477,-12.90170982770749,0.3057599663734436,13.52172435706956,0.270273357629776
Gaia,DR3,1655856028871660544,266.75210783602057,75.19977257394845,17.376235961914062,2.5697193145751953,2.0149077093835888,14.89952918850155,61.754763345947985,-14.519362865648805,,,5.07019586683376,nan,,,0.9622324109077454,,None,3.836159518929606,18.478312191746355,4.932885189402234,0.080166757106781,20.331773106690516,0.07703045010566711
Gaia,DR3,1655924748348312320,262.1977657318004,74.88534117356721,18.613685607910156,3.0007457733154297,3.9345502332957594,14.142104898482662,57.95277318192129,-14.671411234494848,,,4.224580644358954,nan,,,1.0388293266296387,,None,1.7418187734356283,15.514803726326443,5.159867903532045,0.20068314671516418,16.286354325361543,0.1899643987417221
Gaia,DR3,1648600484782551040,246.81150613652218,67.29936032268716,19.211280822753906,3.374317169189453,3.7162923461642396,6.594698458055056,38.078915449759805,-16.756034838694415,,,5.089959323204858,nan,,,1.065308690071106,,None,-3.854573867720493,16.230864198667124,-6.46407253830185,0.2467658966779709,13.215610262359057,0.27721381187438965
Gaia,DR3,1653702085593582848,249.79448270088295,72.1166297735865,15.78879451751709,2.146742820739746,3.6788302520437153,10.991652558429932,45.484744534555,-15.476271200586568,,,4.231025003964353,nan,,,1.0998390913009644,,None,-2.2517075298288196,14.835346114447267,0.08813936392552213,0.03966245427727699,12.534893669210964,0.04698788747191429
Gaia,DR3,1656777209161057024,262.56084744973134,75.7427360710378,20.25019645690918,2.276857376098633,4.760594107480695,14.981835569295079,65.89292421550485,-14.406105174113527,,,5.330159024131083,nan,,,1.0851304531097412,,None,2.3446235346445006,19.805757644815948,4.692275118988302,0.6296283006668091,24.612312810105482,0.5851483941078186
Gaia,DR3,1694832921506692736,219.422483789073,69.16093737473204,19.671255111694336,2.6260547637939453,4.714866867752359,15.73009167924119,61.24505485165141,-14.854660473398031,,,4.568488946486585,nan,,,1.0103888511657715,,None,-12.121235122642274,11.536610890793412,-9.562935613616412,0.34526383876800537,7.785070112565574,0.44178059697151184
Gaia,DR3,1695899933117068032,230.2915362901458,70.46138371746291,16.24294090270996,,3.045659472643387,12.849006133870136,64.03100931234808,-15.273516326097926,,,5.541245295503727,nan,,,0.9512915015220642,,None,-10.807645943674684,16.670692945744104,-8.758043517729314,0.0623452365398407,13.762603683661496,0.05091816931962967
Gaia,DR3,1695998953587974144,230.21715897424684,71.11460594448099,18.509244918823242,2.9188976287841797,2.433584585510439,13.254106283925008,54.05394534731605,-15.10604275718709,,,4.894647240331955,nan,,,0.9961304068565369,,None,-9.571374314389804,14.892512669080677,-11.770022074485738,0.20991601049900055,16.105537902914968,0.15574882924556732
Gaia,DR3,1670426379005236864,221.09132118186417,67.63944619640031,14.849631309509277,1.833601951599121,3.2030899693096884,14.802576112476764,58.20799859885152,-15.3039650344519,-22.20146942138672,6.231925010681152,4.424368110025541,nan,,,0.9371080994606018,,Gaia_DR3,-11.286143868527406,11.110740172984018,-11.841748066499541,0.024334944784641266,8.175332908914507,0.025826962664723396
Gaia,DR3,1655805588775747328,267.44791434889487,75.13179379667707,15.78306770324707,2.286600112915039,4.403785892925981,14.923956423830703,59.48548773947869,-14.528288000892008,,,4.860421276219533,nan,,,1.0413991212844849,,None,3.931327606023747,17.65145991528266,3.794107883383771,0.03310666233301163,22.161604928120976,0.033511582762002945
Gaia,DR3,1651242787319676544,264.8311332223371,71.81154545131204,14.698559761047363,2.0330915451049805,4.940773425394906,11.671330889244897,61.3333192705266,-15.54900152315307,12.263660430908203,4.854415416717529,5.547865714341239,nan,,,0.9771152138710022,,Gaia_DR3,3.3944248257869236,19.30049100546077,-1.7500192232235974,0.022233007475733757,16.668893187280453,0.023465270176529884
Gaia,DR3,1651804191084090624,257.93428635342246,71.84070437949015,16.050132751464844,2.1244001388549805,4.978764936410287,10.876477993252413,60.63879724373492,-15.602875448242475,,,3.7746810682325593,nan,,,0.9688027501106262,,None,0.330619900234415,13.289219880689886,1.3226567199646175,0.03652426227927208,17.12481225762715,0.03718635439872742
Gaia,DR3,1697452168658076672,235.5371471405211,73.62232980731959,15.52672004699707,2.2671642303466797,2.3515763285887834,13.92886636449937,56.18321404320085,-14.680325715464097,-14.63151741027832,5.813992500305176,4.284815641062937,nan,,,1.665528416633606,,Gaia_DR3,-6.789306950375691,14.298071288071522,-8.803784444219717,0.05073099955916405,14.97174667377283,0.054608508944511414
Gaia,DR3,1697775455140185728,233.82094459187502,74.64886345091155,18.10828971862793,3.405536651611328,4.488019293405545,15.034739060607901,69.629368687564,-14.332726353486212,,,5.540885615259306,nan,,,1.065527081489563,,None,-9.451789055034673,18.53059311657001,-13.554515089575755,0.15319226682186127,15.267194458176073,0.1403515338897705
Gaia,DR3,1669710871814122240,216.96750709986654,65.03278128669693,10.616401672363281,0.7014074325561523,2.466783909194263,16.281328756238963,67.68771568349185,-15.444089541039943,-1.8790162801742554,0.37208807468414307,5.185414014315248,nan,,,0.9725131988525391,,Gaia_DR3,-14.517254179758332,11.341573179270327,-15.9665455494071,0.01937810331583023,9.067623196555772,0.018148770555853844
Gaia,DR3,1695073611473406592,224.7881321406248,69.95978421686127,18.872934341430664,3.2714004516601562,3.7946991928801306,14.221368597165613,55.504274090982136,-15.064624084052124,,,4.535165384644186,nan,,,1.0742485523223877,,None,-10.506460395527098,12.641688402061918,-8.180811801814922,0.25322312116622925,15.426182987248271,0.22239743173122406
Gaia,DR3,1667194467654745728,216.19541024113124,62.952762747578795,14.012884140014648,1.470285415649414,4.601282021775455,16.858128892426908,68.96965800528696,-15.728257305011788,-10.91986083984375,3.1724228858947754,4.2060603901430325,nan,,,1.0196712017059326,,Gaia_DR3,-11.964676931449981,8.553644362123622,-12.35012518667741,0.01502650324255228,12.615259592340482,0.017648037523031235
Gaia,DR3,1668944031171911168,217.68861743963456,64.88842215839544,19.68816375732422,2.8234481811523438,3.2003653084227484,15.983543617957396,62.52541148474804,-15.540512935782468,,,4.7479603565808075,nan,,,1.0039432048797607,,None,-13.090835613962525,10.496101998605445,-16.24748548561395,0.36761683225631714,9.951392712500894,0.31057435274124146
Gaia,DR3,1669387649754093568,223.01344507826212,66.64883770222004,20.049816131591797,3.0750675201416016,3.833749352460051,13.896140046996665,63.29448985647425,-15.664500125298616,,,3.9705371707168173,nan,,,1.1177208423614502,,None,-9.649908202640443,10.052563903417825,-11.524003068816153,0.5654979348182678,7.447723778918996,0.6017950773239136
Gaia,DR3,1670471111089318528,220.8417561727323,67.91792141626784,18.56718635559082,3.011758804321289,0.8474418494658803,14.948613511022202,58.576769727184896,-15.226063634100138,,,4.7153366276794,nan,,,1.0159964561462402,,None,-12.101187763799413,11.8665891367528,-11.291724097166936,0.1494624763727188,12.099809679977565,0.15875087678432465
Gaia,DR3,1693773713851472896,223.4953660339414,68.55072917910093,19.93446922302246,0.2585773468017578,2.2150057353923085,14.151136335235826,66.87898785973312,-15.292763539788748,,,3.895204314426656,nan,,,0.9468106627464294,,None,-9.3474209642514,10.357226825138984,-7.5575515133222675,0.33111101388931274,10.033845651339927,0.3292461633682251
Gaia,DR3,1693934143765878656,227.70863016795587,68.15063795863499,16.314125061035156,2.394436836242676,4.468727649556387,12.552555650081597,51.10353968523047,-15.674030793980632,,,4.849354917390354,nan,,,1.0807278156280518,,None,-10.303658573565963,13.533828396242285,-9.360470043339307,0.04750116541981697,9.06390696963565,0.05863549932837486
Gaia,DR3,1693368135795758208,225.04971116812558,66.827515071239,18.05156135559082,2.923025131225586,2.7998987575210075,13.13944158244756,69.57493260853134,-15.783802537118781,,,3.746931594489592,nan,,,0.9915438890457153,,None,-8.616871258216678,9.814569248470747,-6.456152455862057,0.12060371041297913,10.286302568316668,0.10508979111909866
Gaia,DR3,1694075568448929792,229.37325830250836,68.95489238059164,16.53775405883789,2.609930992126465,3.9535114221394894,12.335427520174703,54.554287070797415,-15.589111108400951,,,5.123939790162946,nan,,,1.1056544780731201,,None,-10.313758987006166,14.824003675248,-6.467779950890766,0.04941429942846298,12.967775851754269,0.04954417049884796
Gaia,DR3,1673221784239692032,213.24843957972575,67.70946228648286,13.863548278808594,1.4793787002563477,4.241999082232197,17.768271928929533,68.96893368430726,-14.603797011270833,-38.815425872802734,2.4329044818878174,4.593678742920338,nan,,,1.0577350854873657,,Gaia_DR3,-13.834093961142306,9.93335198668339,-16.125151725688536,0.016017844900488853,13.343058944079408,0.015232468023896217
Gaia,DR3,1693444272680118784,224.1850341922586,67.18494194522358,16.902780532836914,2.242335319519043,4.260449549799351,13.546865864415757,65.6718131193218,-15.64146425884109,,,3.8689164843243127,nan,,,1.0648798942565918,,None,-9.113479116501335,10.088980297210103,-7.73075232649757,0.06531862169504166,13.276871563212008,0.06750253587961197
Gaia,DR3,1693531722510234112,227.46155391722846,67.68505459054239,16.877561569213867,2.3446474075317383,4.960861862075079,12.476323831351307,64.36760078452083,-15.76446223116291,,,3.809642647559888,nan,,,0.9570940732955933,,None,-8.15722743183717,10.497021970603136,-8.503758370785588,0.06332846730947495,6.527998370988919,0.06491440534591675
Gaia,DR3,1693780761893740672,224.95475631684005,68.10078713748231,17.451374053955078,2.439054489135742,3.7166731321251416,13.502639908125392,53.32081405355416,-15.497239815874492,,,4.723880714885407,nan,,,0.9820026159286499,,None,-10.892669165571757,12.703273839306,-10.051424591083736,0.07930257171392441,16.307620943973696,0.08798132091760635
Gaia,DR3,1694519496268357376,222.60470526325287,68.44986582071797,17.179269790649414,2.6213932037353516,3.6584175179071026,14.435808506331574,59.25961997103804,-15.249208165867692,,,4.994559979226881,nan,,,1.0196807384490967,,None,-12.267848618970328,13.076659021138758,-11.46284031261009,0.06746295094490051,9.309755751387243,0.06828217953443527
Gaia,DR3,1670564333355194240,217.94937361357134,67.48920022506452,18.243507385253906,3.1285228729248047,3.4780751871551336,15.965447905916974,62.1352622648561,-15.07168958421812,,,4.636022231086424,nan,,,1.1140598058700562,,None,-12.710486275523925,10.98131595638992,-16.007483391997866,0.15280689299106598,10.15407900687159,0.15940476953983307
Gaia,DR3,1693374625490289152,224.69367467281245,66.80675854716635,17.199304580688477,2.612936019897461,1.9607075587039209,13.27213095887542,55.21388213599375,-15.761486323447583,,,4.97951277996685,nan,,,1.03561270236969,,None,-11.566286128008924,12.971401432414405,-13.384286095683784,0.07597912102937698,12.00645072852245,0.0686875581741333
Gaia,DR3,1697452164362040960,235.53412931568067,73.62032056568931,17.94827651977539,2.8841609954833984,1.7826611765562896,13.927731053943848,56.90692249922625,-14.680768854692062,,,4.236624597429625,nan,,,0.9637636542320251,,None,-6.713857307600554,14.136462457597277,-6.9808641825731765,0.12144939601421356,15.70604954384993,0.1180427223443985
Gaia,DR3,1655185391202207488,256.6735207527907,73.37136390667325,18.722007751464844,2.8830299377441406,3.967983603003702,12.298037966014341,65.96523280472566,-15.152681760517886,,,3.7622857033541917,nan,,,1.0121632814407349,,None,-0.03238568286485588,13.574766872373502,-3.1560825618980366,0.22983446717262268,13.191535895247492,0.17184419929981232
Gaia,DR3,1655346641454033920,260.59255713902445,74.2972498550695,19.666034698486328,2.847818374633789,1.8174387391524063,13.450045182568683,62.693822021354414,-14.86195455916439,,,3.939063269852425,nan,,,1.0599863529205322,,None,1.143196449067624,14.377668259603611,0.2398709024258161,0.34208258986473083,15.58665905567456,0.3692687749862671
Gaia,DR3,1695899933117067904,230.29217641210792,70.46089676292698,15.703764915466309,2.4124374389648438,3.0476657786668624,12.848551124904247,66.27497287373657,-15.273672081278546,,,5.651672982014391,nan,,,1.0568063259124756,,None,-11.022777064508697,17.002873077809888,-8.329537546911368,0.0332709476351738,14.567468796405,0.03268598020076752
Gaia,DR3,1655187800679970816,257.4073777596853,73.37218783666997,16.693174362182617,2.2702341079711914,3.77369003452928,12.336671161197426,58.97313380393082,-15.152098901778121,,,3.928806556273526,nan,,,1.0060548782348633,,None,0.18617836441786695,14.174839239171197,-2.9342269792045292,0.06602368503808975,13.996622577379254,0.05860556289553642
Gaia,DR3,1703633038914052352,239.827968273383,74.7990677399519,13.121553421020508,1.3528051376342773,4.148208953472501,14.351943000105454,56.30690288796476,-14.485531786777496,-19.211286544799805,10.287919998168945,4.447503873431697,nan,,,7.546455383300781,,Gaia_DR3,-5.6714417297386674,15.580460103572605,-9.549292693892927,0.12705889344215393,15.28262597163325,0.15995648503303528
Gaia,DR3,1703400556628412672,249.15496167075224,76.03118320124244,17.646516799926758,2.6881961822509766,2.9858826289806926,14.901056420063393,58.31444166935788,-14.298321001009073,,,4.473745415859237,nan,,,1.0460810661315918,,None,-2.5974171667496417,16.61994180894973,-5.3015250925901105,0.12449642270803452,17.405914669226107,0.08837717026472092
Gaia,DR3,1695867080912048640,234.32541319299696,71.31091476826178,18.882572174072266,2.8615474700927734,3.4513823749964976,12.390954947088662,49.64323432326347,-15.254074907894854,,,4.322477645151851,nan,,,0.9996753931045532,,None,-7.219913336975765,13.731216049056766,-8.369049431668873,0.2554642856121063,10.803699793869384,0.2054852992296219
Gaia,DR3,1695998957883128832,230.2059414775932,71.11375730445299,10.964105606079102,0.8116750717163086,2.375297703027053,13.256485252177958,53.97696066172678,-15.10566881520745,8.957535743713379,0.2977263927459717,4.887490016136486,nan,,,1.6211847066879272,,Gaia_DR3,-9.561119995082107,14.868734553736044,-8.14926869068999,0.028546400368213654,16.86777799373645,0.022961938753724098
Gaia,DR3,1696431272110635776,238.76776629743085,72.83381132569072,19.77611541748047,2.918760299682617,4.071479022894108,12.757513048158366,68.61462629005972,-15.01250171493933,,,3.7398536969585656,nan,,,1.166811466217041,,None,-5.057609154057879,12.614947345318322,-3.680096208355338,0.35766664147377014,9.715597380526841,0.4217008948326111
Gaia,DR3,1697194466324051712,229.46526147349888,72.95925499299844,11.99282169342041,1.0100164413452148,4.440644135438975,14.60625712446858,67.66422977812167,-14.597813754295677,-7.652088165283203,0.6191815137863159,5.494419080052743,nan,,,1.0390762090682983,,Gaia_DR3,-11.025225465377215,17.13574552884141,-14.14769850286423,0.012050573714077473,21.223017600672847,0.0126156285405159
Gaia,DR3,1695198375979362560,226.88461233143127,70.61021802428503,13.286735534667969,1.5316801071166992,4.287034975324771,13.886897166691995,54.27355992879593,-15.043121150223499,-14.667860984802246,1.6545218229293823,4.50434327534018,nan,,,1.36810302734375,,Gaia_DR3,-9.8171190223973,13.067000428786193,-13.513183922375019,0.01744563691318035,14.773025252391644,0.016427112743258476
Gaia,DR3,1695198375979362688,226.8883956969755,70.61004592306784,14.93122386932373,1.8662424087524414,2.910888316882591,13.885721887379638,54.21446907979121,-15.043388941361371,-26.023569107055664,11.654860496520996,4.533890198186291,nan,,,0.9836246967315674,,Gaia_DR3,-9.880381231757834,13.153287637004658,-12.40967390870931,0.02422080934047699,14.312294836575155,0.022926725447177887
Gaia,DR3,1701022072459092992,228.53853763163107,75.59878568443683,18.940113067626953,3.1540355682373047,4.372455330267215,16.631645359075726,64.77318654714715,-13.8626103646851,,,4.7119059476077,nan,,,1.0307846069335938,,None,-9.749794762010218,15.197462526787785,-5.79242617123324,0.22591303288936615,13.407791641202163,0.21845999360084534
Gaia,DR3,1656875168776060416,263.5282377713588,76.34759607872611,19.03692626953125,3.0111122131347656,2.8851987846499143,15.629879156401431,61.684835738090385,-14.21034878014458,,,4.822734213133464,nan,,,0.9342997670173645,,None,2.4752907212118727,18.036282895240234,2.236041650180291,0.19665516912937164,15.11272973148655,0.2189881056547165
Gaia,DR3,1703105857448101504,250.25084780793262,75.1940451095944,18.63861846923828,2.9937057495117188,2.1262392462778887,14.04230059024105,59.55547706139393,-14.566585762114094,,,5.1081763836351,nan,,,1.0714542865753174,,None,-2.5418751905499324,18.80064189999501,-4.237139723176023,0.1940910816192627,20.339661286333268,0.14727210998535156
Gaia,DR3,1697055279319904640,227.87348959884375,72.30011799330472,15.547593116760254,2.034393310546875,3.1181489150229815,14.556079850118133,60.67582400409878,-14.684429259566407,,,4.166046793397287,nan,,,1.0427696704864502,,None,-8.805962376078174,12.617264007909412,-6.490453690259574,0.03115062229335308,11.155146863305518,0.03132141754031181
Gaia,DR3,1700160536379576192,226.33401183011773,73.18370851688341,18.324918746948242,2.9746055603027344,1.1037703485729307,15.453228304827652,69.96303867021618,-14.381510486824814,,,5.494948254612453,nan,,,0.9744072556495667,,None,-12.175695472465456,16.59651125604316,-12.006477491908386,0.17391782999038696,15.329161563497578,0.13596586883068085
Gaia,DR3,1699653077403179520,216.98460699396801,73.26144327432084,19.028059005737305,2.8689498901367188,4.017207727046135,17.81753997940941,69.14802317066084,-13.802263563830955,,,4.598193036035323,nan,,,0.9434007406234741,,None,-12.868642355464456,12.101415142193842,-9.686137977599511,0.2149844765663147,9.85744985282776,0.20848210155963898
Gaia,DR3,1700633639912985344,223.47411590714094,74.78801869086288,16.418428421020508,2.6049623489379883,4.972164346338935,17.05103586799405,69.69548712774487,-13.83166859489644,,,5.1497863362385745,nan,,,1.0056530237197876,,None,-12.365052521812297,15.412605725732462,-17.72518614121362,0.04417933523654938,16.05013812678475,0.04197489470243454
Gaia,DR3,1697383380461645440,231.21908062295756,73.03555602099402,16.184057235717773,2.480502128601074,4.817668983466684,14.285178246391737,55.826865812043515,-14.660539969427283,,,4.6404920006068,nan,,,0.9440034627914429,,None,-8.755700920981448,14.756082738992948,-12.754883586551603,0.04517383873462677,12.262414637529853,0.045705147087574005
Gaia,DR3,1701369999170347264,220.72128980867433,75.1173508020233,18.708919525146484,3.1675453186035156,4.681657719609733,17.823800369125983,69.88689452444557,-13.60435374977895,,,4.439019540521398,nan,,,1.0106480121612549,,None,-11.425071700748175,12.846792818130423,-9.700324747236625,0.18098245561122894,16.874053752762805,0.16378375887870789
Gaia,DR3,1702714053351753088,237.99566551438744,73.60555347811541,17.066781997680664,2.5720930099487305,4.259608251879455,13.533587562825495,59.79540814751626,-14.77088037932969,,,5.219270665564482,nan,,,1.0253499746322632,,None,-7.350069450457044,17.733081608616473,-9.960918165171787,0.07159020751714706,21.625252384075484,0.07099489122629166
Gaia,DR3,1704560099014550528,244.03284955517205,77.42567062742738,16.792640686035156,2.996426582336426,4.769228802670187,16.483063438158105,64.63440257078632,-13.794156647585496,,,4.444013061864198,nan,,,1.0755430459976196,,None,-4.289085062097815,16.53091756342979,-8.733395196880405,0.06394647806882858,16.990570876579017,0.06081563979387283
Gaia,DR3,1697176225599283968,228.1866828917258,72.75686231174056,9.936596870422363,1.0567312240600586,3.2052229882992154,14.76291925531008,63.66948660228976,-14.58567031178383,-43.8764533996582,0.16737349331378937,5.231632503000709,nan,,,1.1041728258132935,,Gaia_DR3,-10.948731810332792,16.030618899273353,-7.5371336835276015,0.014761099591851234,16.956400614184624,0.015120568685233593
Gaia,DR3,1697353586272588032,233.3346714621486,73.15661958723818,19.50423812866211,3.1072559356689453,3.9881610804945757,13.953933699346164,59.637088689493616,-14.720637657220275,,,5.131642312284269,nan,,,1.028566598892212,,None,-8.928691773041127,16.68026082284541,-10.309466530885407,0.2694496512413025,12.592779224772118,0.30766960978507996
Gaia,DR3,1702493390815365888,241.309139955885,73.6008749789595,12.296520233154297,1.0725641250610352,4.302728153159661,13.095068430475354,65.35277414041177,-14.871871685687069,-6.657299041748047,0.7052150964736938,5.576881603520673,nan,,,1.0973360538482666,,Gaia_DR3,-6.506415440304281,19.345135884718456,-2.7566013011101553,0.012802979908883572,15.949860927489322,0.012721621431410313
Gaia,DR3,1702995562687617792,244.8464020884175,74.34867389776733,12.481245994567871,1.0594511032104492,2.2839006901957,13.46105857784023,52.83150661147341,-14.737784919917182,-62.495845794677734,1.135873794555664,4.447092039057055,nan,,,1.0720329284667969,,Gaia_DR3,-4.0223769349610174,15.880745881155786,-5.393135653801823,0.015102547593414783,14.235907862594049,0.013663114048540592
Gaia,DR3,1701839215756899328,225.77343304886162,75.9285991781213,17.568923950195312,2.9743194580078125,4.361278099689704,17.344963930503322,67.74569269226438,-13.654152667753054,,,4.806293649281808,nan,,,1.0030622482299805,,None,-10.826491613582371,15.096267873719478,-15.063346236461783,0.09485013037919998,16.35159632842375,0.09404733777046204
Gaia,DR3,1705029693558249728,253.97002605996366,77.40125017342324,19.21103858947754,1.7454242706298828,4.319877201591204,16.235060850423185,67.14052863197635,-13.907739353614106,,,4.172516599556253,nan,,,2.577430248260498,,None,-0.8963046891006794,15.933536249722751,-1.428126394731227,0.4827437102794647,12.171136924344319,0.7045475840568542
Gaia,DR3,1697538613464307712,234.33777036754898,74.10577186070797,18.383132934570312,3.089061737060547,4.849786171596132,14.515817706048448,57.03446110058825,-14.50211680135039,,,4.7247119252620955,nan,,,1.0497291088104248,,None,-7.887655374528858,15.734095343085574,-7.213335497491772,0.12420805543661118,20.51726545831216,0.1527332216501236
Gaia,DR3,1704507047578461440,246.9794825388865,77.21835281780093,14.588683128356934,1.7896509170532227,3.9296437499770955,16.145911337337445,63.142749245777395,-13.903991851364793,-10.274858474731445,4.615904808044434,4.753186879341273,nan,,,1.101966142654419,,Gaia_DR3,-3.539521441512944,17.834671752894838,-4.015366436094027,0.022113684564828873,21.743393657770785,0.020489269867539406
Gaia,DR3,1698416955751299968,217.29628722111764,72.210011846724,11.55661678314209,0.7738351821899414,0.37998317303302304,17.329437700476515,69.03124781667563,-14.05084826830526,1.0410149097442627,0.6885280609130859,4.327448774638692,nan,,,0.9079278707504272,,Gaia_DR3,-12.031681754601035,11.2182817887176,-12.190086920108797,0.014838017523288727,10.909944252274466,0.013245939277112484
Gaia,DR3,1698461103719817984,221.98407996818358,71.47449630809618,18.280576705932617,2.8080482482910156,0.9916131868829181,15.697434437751152,61.935823230775945,-14.532682321938129,,,4.394791913603238,nan,,,0.9763619303703308,,None,-10.966208596085663,12.124532678495864,-11.626855839011213,0.13257358968257904,12.762927480496717,0.1565522402524948
Gaia,DR3,1707717376717651200,238.66054484230648,77.89956767393305,17.65877914428711,2.8250885009765625,3.418555119289504,17.29811122902279,68.00398124344059,-13.539427903521812,,,4.880583305288677,nan,,,1.0587249994277954,,None,-6.638241045071714,17.751110269896035,-9.62008853818699,0.09061487764120102,19.616524183022836,0.11560060828924179
Gaia,DR3,1703174710067839104,249.71021579671762,75.49039103776181,20.415746688842773,0.6618137359619141,4.128187328063823,14.349235732420372,60.3816457455841,-14.470344007068448,,,4.14164785757491,nan,,,0.9948579668998718,,None,-2.230572234820781,15.289352709005641,1.363564612819589,0.6060861945152283,15.56015687633848,0.6055770516395569
Gaia,DR3,1705253817836969728,260.1763061258263,77.45657456533434,19.20171356201172,-0.13396644592285156,4.875193455690726,16.475161971079505,68.45343040231754,-13.88781374338306,,,4.154073446228856,nan,,,0.9806994199752808,,None,1.0739153940778063,15.865259588362083,-2.823801424016992,0.2443084865808487,14.123197168879809,0.24103128910064697
Gaia,DR3,2122759209200850816,271.3561402075837,48.570135598734716,18.235668182373047,2.547182083129883,0.9808485386227132,16.51866887690252,65.47075792436313,-20.488854584539645,,,4.36123687488814,nan,,,0.9780827760696411,,None,4.796513595988545,7.9771751635697035,4.167343633761651,0.14690062403678894,7.331140282119785,0.1589391529560089
Gaia,DR3,2122907020499963392,272.60650346823365,48.5250958308824,18.876970291137695,3.028491973876953,1.1868563106967556,17.018060741298502,69.06449410387386,-20.417154090751826,,,5.104021767423598,nan,,,1.0042903423309326,,None,6.0833679107593674,9.222835486856395,4.995692844453613,0.19076967239379883,9.891995485090547,0.19813106954097748
Gaia,DR3,1706957893356846720,232.33976529527482,76.07589964248542,14.121346473693848,1.7536869049072266,3.3534798368152217,16.407267981419942,69.88530372705034,-13.88162845770568,14.343122482299805,3.8937289714813232,5.316281003651966,nan,,,0.9704259037971497,,Gaia_DR3,-9.618790849167588,17.93975847004125,-7.2717017637756545,0.016419803723692894,20.875098123704653,0.0201855655759573
Gaia,DR3,1707276339412633216,232.26048969292214,77.27104084327668,15.718642234802246,1.9639205932617188,4.076053748255166,17.397944446246697,68.0495288201197,-13.542336658987203,-18.331945419311523,8.014869689941406,4.4658734511009825,nan,,,5.302419662475586,,Gaia_DR3,-8.104726432835568,15.3286293380151,-10.004997510333325,0.5839089155197144,11.994765813101393,0.5708882212638855
Gaia,DR3,2125561417663453440,271.7158065832067,53.000127763766216,13.686746597290039,1.6223735809326172,2.2096370613521827,13.188350288976894,59.24990422728084,-19.737966214118046,-16.381729125976562,1.7026472091674805,5.245708990582708,nan,,,3.917637348175049,,Gaia_DR3,5.908481898423008,11.288282122404093,4.2853887942879645,0.05577445775270462,9.461707763280446,0.051079921424388885
Gaia,DR3,2122983986312920576,272.01160863729484,49.11987165354483,18.5100040435791,3.229768753051758,2.365526827635383,16.306133329743226,69.70268440554628,-20.364824780556308,,,4.070009336260701,nan,,,1.0493392944335938,,None,4.672939966337273,7.573355214347483,3.2573811152118584,0.16964273154735565,6.118862936430809,0.16528668999671936
Gaia,DR3,2123942318072408704,274.16325243001756,50.23111327341326,17.50864028930664,3.102306365966797,3.172427032656592,16.265613091855315,68.96905334931866,-20.05018857801223,,,5.282222614994358,nan,,,1.1335322856903076,,None,6.897059430236644,10.080150422926756,5.880020082210244,0.0842900276184082,13.463224728868845,0.08328556269407272
Gaia,DR3,2124302713072558976,275.08589448022474,50.80261344194178,18.629180908203125,3.108518600463867,1.6666717987241935,16.212961469749125,63.44234214642139,-19.89434867132944,,,4.764858815752684,nan,,,0.9538673758506775,,None,6.540857443044195,9.213785928649731,6.6150303191991355,0.16861492395401,7.54129116802834,0.18784335255622864
Gaia,DR3,2125102745220271616,270.7336357070353,52.17477053051996,17.341800689697266,2.6131343841552734,3.565564420550744,13.395014807900603,52.840693809182014,-19.937184909632233,,,4.403257858727483,nan,,,1.0129823684692383,,None,4.640017168696826,9.275319716979572,1.3540802437976611,0.082380011677742,9.671538244769591,0.0858420878648758
Gaia,DR3,2123333356132421888,271.16263553150327,50.16536736471077,17.77046012878418,2.8889198303222656,0.5859599353476841,15.136220272912684,62.086233193101734,-20.250737065332707,,,5.035698759161798,nan,,,0.9963532090187073,,None,5.466296377686639,9.827439116108541,4.967396908140446,0.08317361027002335,9.455909497385555,0.10021083801984787
Gaia,DR3,2124018012576167040,276.3746137635701,49.98609512361041,11.306471824645996,0.7902421951293945,0.8393514902595063,17.368506376312062,69.38468363385718,-19.925655047210633,-32.054542541503906,0.46943578124046326,4.311273748684374,nan,,,0.6706926226615906,,Gaia_DR3,6.319189276626328,7.972599427998697,6.163201714328313,0.013851952739059925,8.719333887799248,0.011958450078964233
Gaia,DR3,2123378195590831104,270.70975400207686,50.19218473428761,12.279546737670898,0.9808673858642578,4.150612524358667,14.943850041200129,58.38718577613636,-20.27204307090509,-2.236888885498047,0.5269492864608765,4.496891086286281,nan,,,1.0453625917434692,,Gaia_DR3,4.730731505759241,8.81409992055408,6.2960230113638325,0.01043007243424654,5.204109724983418,0.012076126411557198
Gaia,DR3,2124431875625193344,273.618245927948,51.957922647237595,17.994060516357422,2.8941078186035156,0.9589976424024745,14.74213216421317,62.13371286800523,-19.80421253832952,,,4.131807978053349,nan,,,1.052486538887024,,None,5.230721929135962,8.447630627044571,5.308192745353423,0.12361741811037064,9.279342858979966,0.1230521872639656
Gaia,DR3,2123091772812685696,272.68351771706085,49.91475591223442,20.268924713134766,2.616300582885742,3.7301473877599496,15.92257584248609,64.37475094320527,-20.19850873941044,,,5.007613498077381,nan,,,1.0954300165176392,,None,5.996768611967319,9.562870083113497,2.8739847760433794,0.5399113893508911,7.164100929208415,0.5929455757141113
Gaia,DR3,2123839479375544192,273.9019712960322,49.88425690642663,17.530195236206055,2.878507614135742,4.099784109084189,16.429473193170075,65.68124913207917,-20.122639889593152,,,4.311936819990157,nan,,,1.0114260911941528,,None,5.548043934014504,8.137472802850604,5.084504360366045,0.0877688005566597,4.439711311939963,0.10150916129350662
Gaia,DR3,2123983133145344384,273.8919961293181,50.79886265186066,18.830551147460938,2.9326000213623047,1.2103835445630102,15.719922778651647,66.10127904011235,-19.977946098120594,,,4.1253944650977035,nan,,,0.9763385057449341,,None,5.305024221976787,8.064680489871204,4.280009126694615,0.17024485766887665,7.825108631782548,0.19556836783885956
Gaia,DR3,2124658443739675648,272.19510410231265,50.50984573478495,16.655357360839844,2.4968814849853516,4.294164634037889,15.260772856910206,60.74680883161543,-20.13371069013372,,,4.340461545457291,nan,,,1.010080099105835,,None,5.042071640404307,8.514149401165708,1.2738338725498801,0.05668264999985695,7.400990342505345,0.05340491980314255
Gaia,DR3,2124726957057538176,273.2500443862565,50.946780700027645,19.68619155883789,2.6796627044677734,2.58287763991011,15.344693882165876,59.86329109115845,-19.996202992502084,,,4.665858442596913,nan,,,1.0785659551620483,,None,5.781215710539973,9.223213749284113,8.303727522431362,0.34534963965415955,9.52536824766482,0.3951179087162018
Gaia,DR3,2147702970507547776,281.13199047393516,55.0992670512815,17.29629898071289,2.6570186614990234,4.18768701794932,16.140828470579688,66.00918255970522,-18.69687979224511,,,4.213709887798324,nan,,,0.9231647849082947,,None,7.594352652725025,8.870536700019489,3.8779913522868594,0.08332663774490356,9.032536615489791,0.0972282737493515
Gaia,DR3,2123378161231270656,270.70667002342174,50.18611508463768,17.658605575561523,2.7585067749023438,4.006395701628674,14.947616947806539,58.38863175777745,-20.273199112407333,,,4.500692389215654,nan,,,0.9520450830459595,,None,4.7337024741498865,8.819707422038576,5.941100024813774,0.08334898948669434,5.215326366214978,0.08536221832036972
Gaia,DR3,2146622975211389440,283.05569759066196,53.63439071914374,14.548351287841797,1.9384489059448242,2.2496355002158777,17.902870972578025,69.98538782774912,-18.76952032421225,10.643111228942871,3.0177760124206543,4.469265690678742,nan,,,1.1816866397857666,,Gaia_DR3,8.647986295321443,8.729009588108136,8.787338987639654,0.022832151502370834,6.614065212829052,0.020897943526506424
Gaia,DR3,2125637077807966208,270.5501762164173,53.53353497080531,18.085227966308594,2.7708358764648438,1.2680780566098475,12.319607383022817,60.0694514624664,-19.7042376733932,,,3.8985459189523355,nan,,,0.9780828356742859,,None,4.055180100365245,8.609161412629955,4.179634458310468,0.13983605802059174,7.574445830562175,0.11601199209690094
Gaia,DR3,2124840408616858880,272.028888762502,51.6274496174689,17.91366958618164,2.684782028198242,4.338225752706827,14.3311525554455,59.29299459271862,-19.958375652838942,,,4.191493558373162,nan,,,1.059510588645935,,None,4.8177533744913,8.578612107027622,6.4819591872147155,0.11272161453962326,12.031809279491139,0.14696846902370453
Gaia,DR3,2123081808488528384,272.81305577043764,49.75227856700427,19.8216609954834,3.0581302642822266,3.9339481183276552,16.10246200648447,62.6541402058984,-20.21577359719345,,,4.6391947752935465,nan,,,1.1755521297454834,,None,5.599663695049323,8.793598365262582,2.394290981782313,0.350227952003479,6.665748395816472,0.4278077483177185
Gaia,DR3,2124610232730601728,273.1974934151763,50.22893596442923,11.504213333129883,0.8122282028198242,3.897833497652817,15.878019753075707,67.84531812168863,-20.11547476543204,-20.42697525024414,0.6293272376060486,4.077538264735062,nan,,,8.249878883361816,,Gaia_DR3,5.03657737288549,7.847691303091333,8.367627043302994,0.15092983841896057,7.4869778310479695,0.16360458731651306
Gaia,DR3,2149607045471623808,272.3221360250876,54.58919044146386,17.97681999206543,2.744659423828125,4.73820724096026,12.365640441682261,53.3911182081446,-19.41410238734295,,,4.111527721208954,nan,,,0.9473559260368347,,None,4.8145414093406895,9.278222517211653,1.7799487151662412,0.09992773830890656,12.04543123643951,0.1218525692820549
Gaia,DR3,2149948993587890816,273.41474569320553,55.03052460049023,17.220056533813477,2.509585380554199,1.6089847740313592,12.578573386077904,66.26408611734037,-19.26837967617211,,,3.7760664201951424,nan,,,6.324960708618164,,None,4.724212703031638,8.568610438269737,5.67259858146508,0.7057342529296875,9.429438275375986,0.5477398037910461
Gaia,DR3,2147269075730980608,280.95511934304733,54.114709739910225,17.443574905395508,2.6713314056396484,4.996447635280154,16.62338618684763,65.86381486770652,-18.881002526838415,,,4.911571994926783,nan,,,1.0090981721878052,,None,8.79167198694723,10.027323354228887,3.9732503958873555,0.08484961837530136,8.14410164022338,0.08437897264957428
Gaia,DR3,2146800889937230848,283.71967646956074,54.75133892426683,16.58608055114746,2.395932197570801,4.97520325507188,17.569420609336113,68.37488447679657,-18.523405097265776,,,4.533798386329553,nan,,,1.0049941539764404,,None,8.97824400374894,9.119295307082904,13.700518141976568,0.051791246980428696,9.677498537269852,0.05092420428991318
Gaia,DR3,2147301335229302784,280.47963991232734,54.62803503700995,18.009456634521484,2.7898292541503906,4.738485110206688,16.09810317786446,68.76803873332082,-18.833924715713508,,,5.3031906923318255,nan,,,0.9759361147880554,,None,9.316799656472602,11.07928347962957,14.613292718904873,0.12098577618598938,10.977826017072477,0.11767932772636414
Gaia,DR3,2147569822224542336,278.9118444305127,55.11930230880886,19.276506423950195,3.0256900787353516,1.5972904931956216,15.077041383820735,61.41467264942665,-18.874559149108414,,,4.237710216759052,nan,,,1.0175013542175293,,None,6.977975630506868,9.159230150378812,8.339679209602266,0.2776763141155243,8.73269968537334,0.2682204842567444
Gaia,DR3,2147703722125364992,281.1222158794621,55.098470670942895,17.571378707885742,2.726337432861328,3.9786798511411994,16.1366181243207,64.3483219416887,-18.697852305771967,,,4.326785959015893,nan,,,0.9967924356460571,,None,7.795208933805762,9.10943367633035,4.16625525109807,0.09709037095308304,9.07999495471265,0.11333201080560684
Gaia,DR3,2150229613868029568,271.61340306409625,55.74864910787534,20.06773567199707,2.497241973876953,4.9395349266188004,11.329364481807312,50.67896421787682,-19.231448586415677,,,4.066126729111056,nan,,,1.0604618787765503,,None,4.549157382058773,9.558449871119212,5.558164596672541,0.5266276001930237,5.446361172088026,0.5886096358299255
Gaia,DR3,2145621796858025600,279.5436192446795,52.74655536142268,19.04719352722168,3.1227779388427734,3.2319142794480773,16.819610235528724,67.80352562274122,-19.229752175530884,,,4.268810521045145,nan,,,2.159982442855835,,None,7.219390234695709,8.452343460263448,9.723213607077033,0.5032595992088318,9.932144251916625,0.5397623181343079
Gaia,DR3,2146968943416712320,282.6789987313534,54.64166545001643,14.698461532592773,1.8259353637695312,2.369475878083566,17.134403134880067,68.35981757708261,-18.638524432299153,-22.507978439331055,3.8505618572235107,4.319596086733799,nan,,,0.9708240032196045,,Gaia_DR3,8.246857856646114,8.780563022070844,10.373304519726052,0.021402044221758842,8.414774545893923,0.022865241393446922
Gaia,DR3,2149327013603912704,274.2243050761889,55.41105925009188,17.438369750976562,2.6752452850341797,0.7621535730361904,12.721262226790444,49.752694246690844,-19.147816584749584,,,4.509781545011075,nan,,,0.9911106824874878,,None,5.9085213119063535,10.287887370011816,5.631338041003258,0.0892389565706253,9.61841536167617,0.08529606461524963
Gaia,DR3,2149505306287047168,273.0963302741525,54.00093211898082,16.213899612426758,2.3919677734375,3.296094986198322,13.091993230694873,51.359185370969705,-19.477752152289302,,,4.642384618777878,nan,,,2.5389347076416016,,None,5.699891218374615,10.219554248984936,2.4750300764634443,0.1056722104549408,10.29572949092429,0.1085384339094162
Gaia,DR3,2150037607352929152,271.94751686176585,55.636590965772044,19.8918514251709,2.615732192993164,2.0456629424084656,11.547404690378887,58.02684736753734,-19.235557556539437,,,5.408596641566971,nan,,,1.0787098407745361,,None,6.184299084705863,12.641875235873254,3.947978312621825,0.40278947353363037,11.97920395646263,0.4533328711986542
Gaia,DR3,2150466592983638656,270.019286950823,57.28961897940557,18.059045791625977,2.905834197998047,4.163783640202956,9.74314779764858,43.80641954263974,-19.0003607651358,,,4.9708142732784495,nan,,,0.9887160658836365,,None,4.974727596881317,12.34654958943225,3.3290521501525574,0.12896175682544708,8.305580485727997,0.11347734183073044
Gaia,DR3,2150972364035543040,274.75358236710304,56.630903877827315,18.049924850463867,2.8785343170166016,4.6858215102850975,12.298091838441634,48.341544057457654,-18.881237779836294,,,4.632545086430691,nan,,,1.0419541597366333,,None,6.247593131426151,10.916385357022559,1.7300416150771238,0.1264939308166504,10.186635342602948,0.1531507819890976
Gaia,DR3,2149011320624640896,276.0282675156322,54.31407753473305,16.976119995117188,2.7838878631591797,2.5114385898785785,14.210683583674008,55.4431520019852,-19.231573569279263,,,4.578064450427116,nan,,,1.080397605895996,,None,6.596125412161967,9.926673060378672,7.669476822197261,0.0685710683465004,12.099849524208432,0.06861623376607895
Gaia,DR3,2154954004877411072,279.5226898778565,60.138659054993724,17.508562088012695,2.517812728881836,4.093871396970912,13.202124648960456,68.7229960417985,-17.863765628635306,,,3.7695278998952477,nan,,,1.0106041431427002,,None,6.369454282009345,9.371077683552485,9.580567312673384,0.09450589865446091,8.849401224888247,0.09219936281442642
Gaia,DR3,2152450554339629312,272.0368543742926,58.50887551569051,16.969310760498047,2.329652786254883,3.927055104044676,10.142212156729803,39.938501540422735,-18.65173678089656,,,4.424951689792688,nan,,,1.0089455842971802,,None,5.08868786500309,11.222731370033548,3.4085802180529576,0.05899635702371597,14.477981912972034,0.06740308552980423
Gaia,DR3,2152833566641095808,284.1867519546119,55.406410668177344,16.44550132751465,2.7007017135620117,4.950919228772946,17.43525690845865,67.76705438545972,-18.36938523947127,,,4.721481700050584,nan,,,1.0280754566192627,,None,9.499621814510451,9.643862079523382,4.68145134993989,0.045823127031326294,8.610076242085587,0.04337827488780022
Gaia,DR3,2152008658041732096,270.4107201293457,57.861410603788016,12.553924560546875,1.0031919479370117,4.140796298871794,9.647460612020662,41.55631963273464,-18.86441982181498,0.33090779185295105,1.9600259065628052,4.170026127370622,nan,,,1.046947717666626,,Gaia_DR3,4.294455092989265,10.49933341815293,0.7669290338992631,0.013576112687587738,9.601042408557898,0.012879063375294209
Gaia,DR3,2153851199011734656,281.45305175895743,56.00507653846064,15.999577522277832,2.509488105773926,2.5054684829832268,15.80970589342261,62.22842415579762,-18.509847461685066,,,4.412989964838797,nan,,,1.439383864402771,,None,8.051887058054959,9.526867491177974,8.427679923752317,0.05196245759725571,11.827218135207026,0.06255970895290375
Gaia,DR3,2153673524805112320,283.3478986964015,57.59164708229193,16.140689849853516,2.644942283630371,3.082394248424388,15.967167859708983,62.40325786364914,-18.060605050900413,,,4.733854196741956,nan,,,3.2092740535736084,,None,9.25449022775514,10.477615480133911,6.237681633764289,0.12340938299894333,9.876789167610426,0.1268174946308136
Gaia,DR3,2150403542863506944,270.7288595365531,56.43686090524001,8.169332504272461,0.10649776458740234,3.9953433524275095,10.528813383736734,43.529064155264884,-19.14015673510461,-16.720830850601196,2.0138800144195557,4.803318902820376,nan,,,1.0500999689102173,,Gaia_DR3,5.0598901882661504,11.591760111212041,1.2813606247949736,0.029423339292407036,13.03740440161833,0.031798385083675385
Gaia,DR3,2151624653605683328,273.32161765507317,56.45543383425258,14.619111061096191,1.7211790084838867,4.032348924054485,11.717404646340256,64.72054617169677,-19.000240958288877,-19.090660095214844,4.286941051483154,3.7481651364800843,nan,,,2.6840736865997314,,Gaia_DR3,4.663778298740815,8.887847966823742,3.8820330781537438,0.05250498279929161,11.976620478709112,0.048705682158470154
Gaia,DR3,2157112350499469696,281.37348686542055,62.44348177096664,16.86391830444336,2.4792051315307617,4.729713467594519,13.598061691439444,66.3011521514471,-17.25108174929097,,,3.857802990209634,nan,,,2.0649969577789307,,None,7.017608684641358,9.973571180180926,4.858149101025466,0.13363932073116302,6.79043952908793,0.1299876868724823
Gaia,DR3,2147872467096893056,280.4543929191084,55.76731743117281,15.327287673950195,1.9447355270385742,3.8442560519592512,15.455727926813529,68.67264315947583,-18.635351207584186,-16.06685447692871,9.981409072875977,3.9881333628139393,nan,,,0.9807183146476746,,Gaia_DR3,6.999432592821272,8.64784770858743,3.7763113310228977,0.02645457349717617,8.887444135306382,0.026590874418616295
Gaia,DR3,2125023378518723712,271.18906007099304,51.75385818846291,19.87350845336914,3.002948760986328,2.750542067578489,13.89741286518387,58.50178204525043,-19.985030905699567,,,4.1469540749297,nan,,,1.0349897146224976,,None,4.509655301407754,8.579346801837177,6.413688383201127,0.42842337489128113,10.047901268639512,0.49354541301727295
Gaia,DR3,2154621196451853056,281.6226165868738,58.61068113771071,17.67823600769043,2.7699146270751953,4.488167123439807,14.718157888747404,58.846450881972395,-18.012097579924944,,,4.3197652777460425,nan,,,1.0256884098052979,,None,7.932547642110717,10.062786371983849,7.534374725116534,0.09713611006736755,14.130494060222796,0.08778107911348343
Gaia,DR3,2157346477756852480,276.99569733484765,58.62733943296699,16.900569915771484,2.602327346801758,0.8316290557126668,12.481763937429411,49.78015271446087,-18.34255175047812,,,4.34254850987648,nan,,,1.0269984006881714,,None,6.55854256818688,10.621940749669946,5.807506726622409,0.06219802424311638,10.497244947791021,0.0642426386475563
Gaia,DR3,2156368221646263680,281.43872545978724,60.843647582406376,16.15290641784668,2.272904396057129,3.828972958058298,13.929464253560347,58.35223676244459,-17.581726677322877,,,4.159800119000408,nan,,,1.0444881916046143,,None,7.585787334818445,10.319965261738094,4.767144779357305,0.04285869374871254,12.144690022906817,0.043150704354047775
Gaia,DR3,2159242516839078784,272.1968088187481,61.98064580137792,17.64345932006836,2.5881080627441406,3.886855299453921,9.387517822151437,54.92401237104604,-17.882248659850173,,,3.7942841935564013,nan,,,1.043279767036438,,None,4.408083741346779,10.49878413281466,4.191417033063741,0.09979233890771866,13.600216677643015,0.11549932509660721
Gaia,DR3,2159242516839078912,272.1969207485122,61.981552708958326,17.04903793334961,2.4595794677734375,4.146834832889351,9.387509752385732,55.25810214295138,-17.882035982712836,,,3.7878262421860116,nan,,,0.9512702226638794,,None,4.400612278180584,10.481133559255806,4.0598060452565035,0.07015126198530197,13.774845275828563,0.08142074942588806
Gaia,DR3,2159982518228515200,275.7548563344686,62.6988548465163,19.363086700439453,3.0323314666748047,4.758451550461834,10.998265669815424,46.021666601872035,-17.541996964268385,,,4.204036724085031,nan,,,1.0437533855438232,,None,5.974345979064246,11.5307470381706,2.3723721561802016,0.31471118330955505,13.724032266816746,0.34060654044151306
Gaia,DR3,2152291541767357696,272.44872870252743,58.67376921780209,13.4935884475708,1.4267597198486328,4.505759233555152,10.275258695305041,40.38891956800599,-18.596415216894307,7.115604877471924,1.5092827081680298,4.5596017607827966,nan,,,1.0523443222045898,,Gaia_DR3,5.3816516983833385,11.583195777256515,5.1701535089221,0.01352490484714508,7.257382747225152,0.01362625416368246
Gaia,DR3,2155305852895833216,284.5653810628566,59.00256418382029,19.24516487121582,0.9528770446777344,1.2772494159405994,15.98555799897555,69.2562859000761,-17.693218508216997,,,4.0392122559830375,nan,,,0.9956145286560059,,None,8.230323298920855,9.169467251124495,8.346577272738523,0.39904987812042236,8.088112174842667,0.3233085870742798
Gaia,DR3,2156289567907551616,282.9937402236842,60.49673637751528,17.44540786743164,2.6298656463623047,2.795980071447952,14.754979583486396,58.01452857922504,-17.53366589263699,,,4.425465992134886,nan,,,1.042452335357666,,None,8.544467984783054,10.683232174089445,6.289896295842121,0.0987844169139862,11.995092127998042,0.08331400901079178
Gaia,DR3,2154054402504516096,281.38324479307573,57.57271820698965,15.128225326538086,2.4316272735595703,1.8242887907684902,15.028209207874195,62.9340883696118,-18.22859487859643,28.36797523498535,7.063713550567627,5.126623174092592,nan,,,1.3326386213302612,,Gaia_DR3,9.329150703826643,11.62056462416868,11.039504688855365,0.03335590288043022,12.601304540160033,0.03385607525706291
Gaia,DR3,2158003435954624640,277.4998535577023,60.239860806967116,15.426628112792969,1.9461421966552734,4.24996535360137,12.206758872652044,60.714232112519426,-17.977352463053496,,,3.87251190275368,nan,,,1.0136432647705078,,None,5.988221694262009,9.844917931595802,5.157046155421198,0.02810043841600418,13.213407177847815,0.030755557119846344
Gaia,DR3,2155783345883665280,286.7857258830737,60.55222156670025,19.098594665527344,2.758636474609375,2.240889224707548,16.527780039703742,65.03439013987067,-17.20497579780145,,,4.4130938938781155,nan,,,1.1045310497283936,,None,9.646742057261536,10.145465704309684,10.571858631354482,0.2620963156223297,8.277215309529206,0.24461321532726288
Gaia,DR3,2156534316621489280,281.0890504985427,60.79031138620694,18.35293197631836,3.401948928833008,2.541265790291463,13.77706982745908,69.38766629111738,-17.618241983784554,,,5.697991560862093,nan,,,1.0187749862670898,,None,10.252455293785378,14.171337811805408,12.58475831385487,0.186654195189476,12.20196179706489,0.16120311617851257
Gaia,DR3,2157403476266324096,278.351558037917,58.70653725384777,8.98707389831543,0.39914894104003906,3.17021774467669,13.105813254425978,67.8909918570243,-18.235683426662533,,,3.7802788134698853,nan,,,1.2076231241226196,,None,6.074740786968739,9.147678595529051,6.484329767584473,0.017816666513681412,11.640667997285368,0.017329445108771324
Gaia,DR3,2157956191314288768,278.18077597431665,60.213377430380675,15.872769355773926,2.2338790893554688,2.016581349266738,12.539781429197289,65.46445388174855,-17.93896487304937,,,3.790375335682128,nan,,,1.384576439857483,,None,6.045001728592028,9.568058346827321,6.266110867594516,0.04703943431377411,7.971953005531502,0.04812016710639
Gaia,DR3,2150264347266418688,270.72745094464915,55.697242668549954,9.970269203186035,0.7178955078125,3.0966517910839206,10.961176554781222,63.101627206799755,-19.28630463519475,19.611825942993164,8.837584495544434,5.698556378108373,nan,,,1.3417065143585205,,Gaia_DR3,6.002352695387719,13.45419249275258,8.988195851876943,0.020855644717812538,11.235297059783175,0.017464693635702133
Gaia,DR3,2151643512806235520,273.67933447447757,56.595088623990776,18.38480567932129,2.9099903106689453,4.6977776884299685,11.810990485773768,46.3558209549072,-18.952297858343055,,,4.4537689197627115,nan,,,0.969706118106842,,None,5.658181019485417,10.57530583039875,2.442137620510896,0.12662862241268158,13.593863670689231,0.14961446821689606
Gaia,DR3,2125589317771060480,271.10645141445093,53.34499405531755,10.97549819946289,0.6921520233154297,3.1608393530904726,12.686418426687549,66.37222117484397,-19.70943256728531,-31.885412216186523,0.3207673728466034,3.781690417588962,nan,,,0.9413647651672363,,Gaia_DR3,4.089352146791696,8.26809323404585,2.482888531522851,0.013995612971484661,6.3266851487106255,0.01276088785380125
Gaia,DR3,2157236900255527168,278.1411439517929,57.80423837257259,18.15144920349121,2.890707015991211,3.795213179504483,13.365847868720321,60.18826235087321,-18.428900500381946,,,5.269499747023096,nan,,,0.9533652067184448,,None,8.389113204998486,12.456758207625327,12.097082164801613,0.1470254361629486,14.46307743710166,0.1307716816663742
Gaia,DR3,1707506137341939200,239.45165486368694,77.50805408434144,16.094989776611328,2.635974884033203,3.0539595510523223,16.87194844341324,69.38956526648644,-13.675775399759353,,,5.17208374369197,nan,,,1.1005902290344238,,None,-6.737336602326992,18.802772634688488,-9.963832590893144,0.049019500613212585,17.979733635855954,0.0491606667637825
Gaia,DR3,2159523613858970368,278.9881447240375,61.19707424457971,14.341547966003418,1.5625238418579102,3.6955752246860443,12.693432884921776,59.63673712625013,-17.678634390484113,-45.56411361694336,3.5957932472229004,3.9464146496445873,nan,,,1.012560248374939,,Gaia_DR3,6.51959587518,10.137756785845596,6.281242815297133,0.020032575353980064,7.0724987994763255,0.018538178876042366
Gaia,DR3,2146928944385074432,282.0442002427261,54.68942319969809,18.881145477294922,3.447751998901367,4.015131012414246,16.805038075658736,67.8060384076345,-18.68778148108092,,,5.052828968067094,nan,,,1.0466963052749634,,None,9.42595824589141,10.373801385232852,5.170489122351382,0.1930883228778839,9.946526344629262,0.23195984959602356
Gaia,DR3,2146623147010079488,283.0450624719021,53.633801341930685,9.482075691223145,0.5443124771118164,2.4350596228997845,17.898193535155535,69.8149799124664,-18.77062493715136,,,4.495372997062933,nan,,,1.3133410215377808,,None,8.695232241428442,8.781117083114118,8.817412093469722,0.021230308338999748,6.476721352939961,0.018346969038248062
Gaia,DR3,2146898643392823040,281.5929978986564,54.26761953194663,13.059293746948242,1.4786319732666016,3.1328585371154705,16.834314517450004,68.66718411864588,-18.799253957982707,-11.326684951782227,1.3481497764587402,5.121746675423433,nan,,,9.303160667419434,,Gaia_DR3,9.394750197698293,10.426935557020988,6.952935208196275,0.18686363101005554,12.767768365478844,0.2480684220790863
Gaia,DR3,2147147163082410112,280.48248144272543,53.60461482579826,19.204105377197266,3.4985904693603516,2.4129972459563307,16.71049690881945,67.7158728940529,-19.00756554897976,,,5.073497262981295,nan,,,0.997222363948822,,None,8.91427487452328,10.237340451296363,11.47315715754602,0.25230488181114197,9.901651057241809,0.28156131505966187
Gaia,DR3,2148849864214190592,276.5641628531904,53.87804961594117,13.268043518066406,1.4535932540893555,2.1327525026753933,14.728753863147421,60.31291488615215,-19.271075568777995,-24.011791229248047,1.8597360849380493,5.001054593877245,nan,,,0.9902081489562988,,Gaia_DR3,7.398332422241176,10.633967872759314,9.38896346222238,0.0133675467222929,9.588429108052097,0.01214324776083231
Gaia,DR3,2160915282045747328,271.37530360705205,63.2263516817204,10.506246566772461,0.7281293869018555,4.027913563424101,9.017143033746656,57.927378515910206,-17.627506263055402,-11.564275741577148,0.2701646685600281,5.6435596519843525,nan,,,1.0775798559188843,,Gaia_DR3,6.214806257444886,16.156602188756764,1.607895635699667,0.01614663563668728,14.837337515289352,0.015851298347115517
Gaia,DR3,2124862952901617280,271.34336124005927,50.81034487641382,14.326458930969238,1.8066282272338867,4.967155066419726,14.69125276549276,59.61570683962919,-20.134995202661464,-5.787566661834717,5.3597636222839355,4.9525593822803256,nan,,,1.0411394834518433,,Gaia_DR3,5.44217944695151,9.889508051625882,9.725834358780718,0.01963547058403492,6.966422925446755,0.019213629886507988
Gaia,DR3,2148214999328271616,278.3791769241056,57.26160680835453,17.201759338378906,2.9834728240966797,4.290740009543361,13.721332091151572,58.85412825104413,-18.517156763987895,,,4.1022330833976,nan,,,1.0724502801895142,,None,6.600146399466813,9.523003011598123,3.7498480450107867,0.06821514666080475,11.898783448443472,0.076544851064682
Gaia,DR3,2148993144322863104,276.32240980036823,54.12257589813486,16.952062606811523,2.6420822143554688,3.050883540541621,14.464478714116765,61.74150501796194,-19.245120858306528,,,4.102075482027115,nan,,,0.991614818572998,,None,5.997162727194251,8.814142703346885,4.6809530673613,0.05833309516310692,6.527637970569527,0.06222155690193176
Gaia,DR3,2125592165333608192,271.03076075139404,53.47873548844895,18.72516441345215,2.8173370361328125,4.711947244144094,12.559646331946855,51.874484329847306,-19.689205866833912,,,4.2168605332582425,nan,,,0.9826403260231018,,None,4.536323761614627,9.265254785249741,0.3529515365022978,0.18070270121097565,9.053730396240846,0.17919205129146576
Gaia,DR3,2148793823480669696,277.01185316290463,53.176055479154265,16.982250213623047,2.8782711029052734,4.118126586860913,15.384702795640102,59.95444465910513,-19.35992689235199,,,4.547047911913929,nan,,,1.069391131401062,,None,6.872657716529597,9.398865448584806,3.2644608316194574,0.06455925852060318,7.797754546607929,0.07522157579660416
Gaia,DR3,2158902973904750592,270.1700047256101,61.659448539206124,17.30514144897461,2.7791404724121094,3.8920048859324967,8.456137454555845,33.297486546725715,-18.042029464111828,,,4.428822510919221,nan,,,1.0679819583892822,,None,4.481875069277558,12.31058674558971,2.5614037391908204,0.08704999834299088,15.395356142052186,0.09057566523551941
Gaia,DR3,2159805982188309120,276.73200589749155,61.8895740623081,16.535499572753906,2.543426513671875,2.906076000679933,11.519657037559796,51.47511605055059,-17.668416682987115,,,5.089591321607937,nan,,,1.1433231830596924,,None,7.590615867739031,13.580727735218849,5.727654588284206,0.06469547748565674,11.080422441145235,0.06372100114822388
Gaia,DR3,2150973845800917376,274.7625117307273,56.63531866246439,15.055426597595215,1.955678939819336,4.583899520044348,12.300043681174179,48.47699959960395,-18.87982890169136,-6.1396260261535645,7.035472393035889,4.413016889159892,nan,,,1.0673671960830688,,Gaia_DR3,5.9543907600191925,10.399656452419128,1.7356508639692323,0.029150143265724182,9.7770165628726,0.031160466372966766
Gaia,DR3,2156927907424935040,282.55494585679105,62.29431539514403,16.089101791381836,2.263882637023926,2.3804533360401656,14.16173486983777,56.87422815627436,-17.198401798811354,,,4.301904659345662,nan,,,1.0670840740203857,,None,8.176429296682869,10.934839800308216,9.789817743098407,0.041715025901794434,12.369197240351438,0.03645668551325798
Gaia,DR3,2157864897488042880,277.3357989098017,59.57987303470114,20.147476196289062,2.5775985717773438,3.6920591138782433,12.31749887783701,64.99829983314176,-18.12556463857901,,,3.783984504333514,nan,,,1.065138339996338,,None,5.806997538077118,9.468319227603487,3.5346182284380037,0.5727578997612,7.594746148438642,0.5352750420570374
Gaia,DR3,2157755319987746048,275.34862274500983,59.849945641163835,16.260221481323242,2.5200862884521484,2.6668907200169945,11.280473004765316,45.37973382861978,-18.190292240495907,,,4.313031008194615,nan,,,1.0344103574752808,,None,6.002650635121709,11.059000710938957,3.579801399944628,0.04330705106258392,10.961313033597705,0.047619689255952835
Gaia,DR3,2149522554875837184,273.55018866291823,54.15733640382614,18.44086265563965,2.697000503540039,0.6204704904550179,13.190444657685417,64.82497561421633,-19.421830931497006,,,3.8579188342869672,nan,,,0.9441209435462952,,None,4.864808302664922,8.505075768227682,4.9148218100108405,0.15418769419193268,8.002939089093713,0.16014689207077026
Gaia,DR3,2150833486269452800,274.7625824689391,55.918200035704224,16.36935806274414,2.1954336166381836,4.3499721341100726,12.682472010054706,55.24592379340319,-19.01816332349666,,,4.086719561488675,nan,,,0.9542391300201416,,None,5.514145628888899,9.426240394286657,6.734604732286873,0.04393080994486809,5.882944490978404,0.041167259216308594
Gaia,DR3,2152184850482893568,273.5858076916489,57.88590944847446,19.34425926208496,2.9694480895996094,3.8405853812521276,11.144391387478064,48.75729958065062,-18.699133043498577,,,4.110086822769368,nan,,,0.9818425178527832,,None,5.193485445018963,10.134136219450054,8.51245734504383,0.2570860981941223,9.893747958124518,0.3198878765106201
Gaia,DR3,2147187467055797504,279.30633998961184,53.714901882359996,11.269294738769531,0.7722854614257812,2.8402283124744843,16.09427200346117,68.42155898876015,-19.087929577384557,-23.63348388671875,0.5094136595726013,4.08846758838537,nan,,,0.8589782118797302,,Gaia_DR3,6.846074649118115,8.397357288196435,5.884655597533149,0.01762966439127922,10.648624425571233,0.01663249544799328
Gaia,DR3,2153317420476569856,285.1313015568724,56.53662700414205,16.692283630371094,2.6241416931152344,3.892739815229788,17.314217342830823,67.5770408617964,-18.086748805301237,,,4.793944875311917,nan,,,0.9686145186424255,,None,9.950848174577303,10.02162968112859,6.415806424020019,0.05272740125656128,11.747960545105846,0.050564806908369064
Gaia,DR3,2158912216674390400,270.09756524030274,61.861086932181735,13.524747848510742,1.4080400466918945,4.14055419834632,8.408482814881458,34.67939230070551,-17.99839793623202,5.722903728485107,2.509042978286743,4.273554325781782,nan,,,4.185140132904053,,Gaia_DR3,4.301762977694835,11.940970782071059,7.9878946355014975,0.07587814331054688,11.36889808303221,0.08008132129907608
Gaia,DR3,2147867656733356032,280.60345540010957,55.626205686162805,7.8668670654296875,1.1715021133422852,2.535280134153983,15.601875293318933,64.9088543616244,-18.648354096939748,-21.33083152770996,0.12136173248291016,5.137930464483142,nan,,,0.9477945566177368,,Gaia_DR3,9.070894772253176,11.071862937818096,11.233812208427825,0.01902974769473076,12.76374830618548,0.018846651539206505
Gaia,DR3,2147381221621090432,278.8143074611698,53.92443599148374,17.544679641723633,2.853099822998047,2.199306860344232,15.73640658544675,67.82249647261777,-19.09191902676703,,,5.312090445026318,nan,,,1.0135704278945923,,None,8.710454356073598,11.04982104705816,6.347667465703225,0.09967661648988724,11.744801435166899,0.10253926366567612
Gaia,DR3,2148849864214190464,276.5649588699379,53.87813596788473,14.11862564086914,,1.3910244040664954,14.729062509937966,60.16102613718426,-19.271002940494444,-20.016117095947266,3.269508123397827,4.988433663662192,nan,,,1.039933204650879,,Gaia_DR3,7.379946716436454,10.60707916403311,8.65410537017981,0.026310579851269722,9.888500104491316,0.029994841665029526
Gaia,DR3,2151288581004343424,277.0447247342121,57.713682387867685,18.86334991455078,2.8711414337158203,4.078399561729237,12.877579206478442,66.23707347095976,-18.521837491671498,,,3.7991430062754756,nan,,,0.9370628595352173,,None,5.751173930102874,9.053020893499559,4.141851902649106,0.20031003654003143,11.895435638478142,0.21773549914360046
Gaia,DR3,2151181133806323840,277.5976815741454,56.982133107002895,12.563082695007324,1.0996103286743164,2.398173647509257,13.477508216714305,53.45928790835922,-18.626321372482856,-10.037148475646973,1.6111009120941162,4.36734763063181,nan,,,1.0743186473846436,,Gaia_DR3,6.7838902177795735,10.13408833687592,5.1321428237574604,0.014721080660820007,8.668897518986165,0.011981070041656494
Gaia,DR3,2153853398035008640,281.4905840689311,56.1034409752015,8.923466682434082,0.2001361846923828,4.749421183039457,15.777331861183571,61.710167697810434,-18.489088808629432,-11.298826217651367,1.3676388263702393,4.475194719422095,nan,,,4.535892009735107,,Gaia_DR3,8.17703035304871,9.68669853474102,6.1638027991434825,0.08613400161266327,13.689623488985248,0.09263569116592407
Gaia,DR3,2148279389478113152,276.5991205279686,52.13797938376073,11.777508735656738,0.8910312652587891,4.168541002166268,15.901494242383388,65.68947320136635,-19.56563904903074,24.470075607299805,0.6986858248710632,4.17968912979761,nan,,,1.2358062267303467,,Gaia_DR3,6.193732029972004,8.364434304895829,4.023537311158848,0.018744084984064102,11.327724186881657,0.02140098623931408
Gaia,DR3,2149637556920493184,271.6532036943072,54.03766395462399,18.191972732543945,2.9866981506347656,2.217239977207266,12.437500191778625,49.49905477752435,-19.553434191710405,,,4.353109036868902,nan,,,0.9334597587585449,,None,4.883010360471308,9.698479889420168,6.909765297482632,0.12776315212249756,9.878282387439661,0.13239148259162903
Gaia,DR3,2151045863812306816,277.54209805389854,56.25948177502503,15.385522842407227,2.0047197341918945,4.29644644636354,13.810641039658739,67.62134453975621,-18.767536526153457,-28.335206985473633,7.554564952850342,3.844228366378868,nan,,,4.753325462341309,,Gaia_DR3,5.956074842378622,8.733826144092975,3.137254766641232,0.12302225828170776,6.68992706053289,0.14137890934944153
Gaia,DR3,2154305262951985536,280.20611283634895,57.88660966528966,19.362695693969727,3.0009899139404297,4.132549661618636,14.325836987023523,60.43123230765369,-18.26154788832078,,,4.135260884465673,nan,,,0.9510086178779602,,None,7.185830147835224,9.588408343019031,3.7473746293282533,0.24390579760074615,10.663362657115481,0.2305031567811966
Gaia,DR3,2154656247681603840,281.703307231599,58.982545893052944,20.07013702392578,2.668163299560547,2.0487055235189033,14.619152255637372,65.32689359332393,-17.93372102497068,,,3.992924136004904,nan,,,1.093112587928772,,None,7.354660679144498,9.39082649222502,6.350752373988814,0.4690570831298828,7.988667209124977,0.48761871457099915
Gaia,DR3,2154683941630882560,281.27288415945543,59.43270197545011,8.160728454589844,1.155500888824463,1.5925092935275378,14.256637783748348,63.33297380286601,-17.878662295636573,-7.62255334854126,0.12211813032627106,5.302567784676683,nan,,,0.9714037775993347,,Gaia_DR3,9.60870592312452,12.690819025272768,8.419137804197778,0.023022541776299477,14.015169523302923,0.018629616126418114
Gaia,DR3,2156500059963116800,279.7481728380616,60.81963907651726,18.613447189331055,0.025304794311523438,1.5678059602445198,13.134908863180716,66.91760586878002,-17.70699872777334,,,3.8040966990524914,nan,,,1.0884370803833008,,None,6.488181261180523,9.60453294830351,7.101839273824305,0.17562676966190338,10.70189334902003,0.15276941657066345
Gaia,DR3,2150229613868029184,271.60882664796895,55.749126430205756,14.486908912658691,1.675858497619629,4.5092119657723275,11.327008113896625,48.034174882734355,-19.23159413324668,-9.61687183380127,3.2492148876190186,4.168868757464905,nan,,,0.9704352617263794,,Gaia_DR3,4.66269720285059,9.800419538752083,5.030640152677518,0.020098457112908363,5.8546645533389485,0.020194532349705696
Gaia,DR3,2150453192685617024,270.3107469554775,56.9677116517768,7.172400951385498,1.167586326599121,4.760104526522054,10.046099892914794,39.399209199806535,-19.05291560213788,-26.236494064331055,0.12909972667694092,4.486057514464877,nan,,,1.0302969217300415,,Gaia_DR3,4.586650796593055,11.021956223100837,6.62801515981068,0.01896163448691368,15.034158748792198,0.018217595294117928
Gaia,DR3,2150689862563069440,276.69502912443534,55.75007570033882,16.185617446899414,2.427959442138672,2.943158320666352,13.681089483937429,53.42056441452654,-18.92246548982184,,,4.57329068236266,nan,,,5.455870628356934,,None,6.808474149500629,10.313721256981292,8.378277369070371,0.22788122296333313,12.677414362491366,0.18430139124393463
Gaia,DR3,2155508128675159424,283.9505713042901,59.97224250534843,17.93319320678711,2.764345169067383,4.862101945409703,15.362842084833824,63.9970822035256,-17.559904628026086,,,4.15834283630527,nan,,,0.9828327298164368,,None,8.299982249053253,9.77912645801239,6.00691260065032,0.09881123900413513,13.371943466009181,0.10236441344022751
Gaia,DR3,2155464521869689344,284.49297024459463,59.98906279551259,10.918747901916504,0.8142995834350586,3.358029084090225,15.615414259222401,63.1279386172785,-17.51141750686299,0.9352765679359436,0.31408625841140747,4.9878450386087145,nan,,,0.8858407139778137,,Gaia_DR3,10.138871890241083,11.65291810136869,7.908340431181484,0.01359012071043253,8.915734609461822,0.013792083598673344
Gaia,DR3,2150523355271044736,277.0060290676295,55.04330028700895,9.716919898986816,0.6170139312744141,4.734179820442895,14.225631513506864,62.12911625734009,-19.030786069823442,-14.768057823181152,0.19345377385616302,4.051163454721948,nan,,,1.0227757692337036,,Gaia_DR3,6.121461351685662,8.909016175460163,10.059150713008501,0.016097471117973328,7.9917588015164025,0.014073285274207592
Gaia,DR3,2152330918027154304,273.2910654444925,58.752887938162054,13.051328659057617,1.1390933990478516,1.953455737020394,10.650144066124478,50.37960276106209,-18.535981642570057,-23.018266677856445,1.0686169862747192,3.9973800598023397,nan,,,0.9496171474456787,,Gaia_DR3,4.964937851865092,10.115720681335024,3.6524954779223897,0.010587653145194054,11.109358595432582,0.012273810803890228
Gaia,DR3,2151181138102170496,277.598520492925,56.982355466687764,14.072467803955078,,1.7148911984867232,13.477803563038261,53.60579414806575,-18.62621993346009,-10.285168647766113,3.656648874282837,4.352180618560669,nan,,,1.757489562034607,,Gaia_DR3,6.7605914095697806,10.098877838481608,6.340340169644339,0.039180073887109756,8.582656614095356,0.03458752483129501
Gaia,DR3,2152243262039089792,272.63735360244965,58.22086780851461,18.623825073242188,3.2211647033691406,4.239812413735477,10.547401874307727,63.43243140832893,-18.681268331584437,,,5.750022513704353,nan,,,0.9968538284301758,,None,6.866343527178149,14.409474348107041,2.505868900446869,0.20597654581069946,11.689346707587951,0.20889447629451752
Gaia,DR3,2158229312577303040,276.24407606952076,60.75308554018417,18.472505569458008,3.11236572265625,4.918956330849048,11.483278482914644,45.131748138640816,-17.94489680480659,,,4.599987219141662,nan,,,1.0741370916366577,,None,6.699182302542817,11.982209802979444,4.432463853518362,0.19705845415592194,16.179250625841608,0.2008923888206482
Gaia,DR3,2158299823057035008,275.0765098362595,61.134963753605646,10.215875625610352,0.7596292495727539,3.2728025747121823,10.852327994359523,42.597605545801684,-17.92814978192651,-18.765623092651367,1.0768969058990479,4.561168735647329,nan,,,3.2524702548980713,,Gaia_DR3,6.258145133483401,12.111027279780075,3.165340289245166,0.052211154252290726,12.692176570333796,0.046944838017225266
Gaia,DR3,2159457402642628480,270.70156817182516,63.14960098555529,17.178544998168945,2.8260955810546875,3.2374370447431393,8.707936105898114,35.109760380689956,-17.672768179540494,,,4.325014000391902,nan,,,1.0309803485870361,,None,4.547294571856138,12.409101158896627,7.314982445495324,0.08424419164657593,11.383062461104032,0.07829426229000092
Gaia,DR3,2153619270777942784,283.51841862416757,57.31016275401704,17.102001190185547,2.76023006439209,2.7965915983105876,16.174292668490708,67.2633531939608,-18.096992936181216,,,5.1787963222958,nan,,,1.076553463935852,,None,10.184560766636796,11.339917366436705,7.412554902354094,0.07311459630727768,12.619664735791709,0.06449633091688156
Gaia,DR3,2158946228518418176,273.70162648081816,61.055421770323434,12.545166969299316,1.1995229721069336,4.78673653297236,10.21183720683086,59.208680517121294,-18.01839252226539,-18.502666473388672,1.1431279182434082,5.597739740964199,nan,,,29.45902442932129,,Gaia_DR3,7.120620866149249,14.989383632282472,1.6266681417308038,0.41708239912986755,16.30222944752753,0.4047451317310333
Gaia,DR3,2156289400406251776,283.0121615007485,60.48137089656221,16.39322280883789,2.3388185501098633,3.0132385250079046,14.767932482200013,59.81172579867607,-17.535283847512204,,,4.262402781145297,nan,,,1.0295636653900146,,None,8.235008758146547,10.28306024882249,6.364652686776113,0.05085606500506401,12.240786072363639,0.048413146287202835
Gaia,DR3,2153445994617410944,285.53414927317084,57.07678515617256,16.108226776123047,2.477245330810547,4.598907017056947,17.252601385986388,67.02907504452259,-17.95467366657102,,,4.691977196769867,nan,,,1.0901013612747192,,None,9.865886669672111,9.918946267274405,5.8566725995171325,0.05299040675163269,12.067959820803134,0.054786406457424164
Gaia,DR3,2125550143373413504,270.4253368435014,53.26643847992808,17.613122940063477,3.256826400756836,2.7183058629018717,12.459878944384199,66.61068350145113,-19.759221223958,,,5.710922794075155,nan,,,1.1959184408187866,,None,5.887520537310947,12.510964832376597,2.8371882278619425,0.10878539830446243,13.696515838307858,0.11035237461328506
Gaia,DR3,2125589313475800448,271.1073191320605,53.34285847983309,18.08745574951172,2.550596237182617,3.692886688489164,12.688303694696733,63.40798542984886,-19.709772510916856,,,3.848815335260367,nan,,,1.1122795343399048,,None,4.162184969141339,8.414204679053682,2.236030002827744,0.14052478969097137,6.119057122522134,0.1158280000090599
Gaia,DR3,2153388648214371456,284.19801552637006,56.95627014353695,15.038640975952148,1.9741716384887695,4.914594133842758,16.66436970980003,65.04384932958186,-18.099757378985984,-15.61551284790039,4.432487964630127,4.754774165221031,nan,,,1.0542787313461304,,Gaia_DR3,9.57023417899969,10.205067078720841,14.450777586977116,0.025668900460004807,10.873937161589996,0.02306651696562767
Gaia,DR3,2154305262953831040,280.2136457205652,57.88332249401013,18.356529235839844,2.796907424926758,4.551292525293798,14.330853986492265,58.35524820542975,-18.261602607333966,,,4.245186027195764,nan,,,1.0663220882415771,,None,7.379085762081769,9.841531393170811,3.408566026238044,0.1296553760766983,10.749794462386369,0.1285153031349182
Gaia,DR3,2158047760017286400,277.53302397558207,60.77371544772287,16.651872634887695,2.5177412033081055,4.117630625727681,12.092976634245689,62.21978964789297,-17.862210043048638,,,5.542612175333612,nan,,,1.056709885597229,,None,8.583885736930187,14.281640912503248,6.604696277486852,0.057505734264850616,9.896389439253877,0.052855368703603745
Gaia,DR3,2158616241887570560,272.8111340232567,60.74951615766609,16.745119094848633,2.609025001525879,2.8132462700003735,9.84278737179333,58.26805882812692,-18.130530961803217,,,5.5905854757362325,nan,,,3.301395893096924,,None,6.7472362428624475,14.950526513342124,7.125151555527819,0.198150172829628,11.65657890944491,0.20436467230319977
Gaia,DR3,2160082127110583296,279.1353950275447,62.59025700811455,19.83663558959961,2.694856643676758,3.772198404187327,12.555265688967989,64.54511634767739,-17.368037853933714,,,3.81180753853849,nan,,,1.0597107410430908,,None,6.336853817947145,10.12028574875159,6.38360332743752,0.425539493560791,13.151140634840193,0.4678584635257721
Gaia,DR3,2160095050667228288,278.92261012325577,62.66690090894503,19.142986297607422,3.13201904296875,0.3657079057165997,12.450839637267412,55.22967725481711,-17.364564066632855,,,5.142402762716921,nan,,,1.0954921245574951,,None,8.471590091274724,13.70626129590957,8.23009864702077,0.2721176743507385,13.391846139787777,0.3092365264892578
Gaia,DR3,2160649445044410112,274.6571349033523,62.709820472248495,20.01579475402832,3.3097591400146484,1.2012463030683127,10.494802124582217,41.19436420516204,-17.59703218452956,,,4.4591784707597695,nan,,,1.1105531454086304,,None,5.982560478967063,12.338583954111508,4.85429563317197,0.5341644287109375,12.292169706579651,0.5404601097106934
Gaia,DR3,2160806670912304768,274.35648481514005,63.59258107272877,19.231128692626953,3.289043426513672,2.64794486887785,10.374183740646904,45.88978596142191,-17.407579942440655,,,4.977892021515538,nan,,,1.0822819471359253,,None,6.569701536336005,14.08805215554278,4.156907584075449,0.2813071608543396,12.709740390517384,0.3119022250175476
Gaia,DR3,2155418518477229440,284.1970979193755,59.35764476692557,14.621529579162598,1.7363157272338867,2.135201350489036,15.682596350285376,68.28841924974238,-17.65763833852223,-1.4033427238464355,5.960415363311768,4.031649974547685,nan,,,1.8916535377502441,,Gaia_DR3,8.114505868207612,9.290531525624711,6.783553831291811,0.04155142605304718,8.056908414742761,0.04195759445428848
Gaia,DR3,2155826707873499776,285.4093462372028,59.98808660338321,19.522180557250977,3.116456985473633,4.427829861388613,16.050705419814253,62.73555095752379,-17.433349667261314,,,4.482325667695389,nan,,,1.0357427597045898,,None,9.387602723780546,10.34350812945166,11.799289987157895,0.33937081694602966,6.924570574025241,0.30226558446884155
Gaia,DR3,2156051111323365120,283.93212331654655,61.15730180073862,18.20502471923828,2.9760589599609375,4.288698277664272,15.026815190301383,59.874021258990275,-17.32705596865876,,,4.8635241687498105,nan,,,0.9186656475067139,,None,9.701420685249822,11.810379910014237,10.208568708407412,0.1136518195271492,7.44260860144482,0.12448469549417496
Gaia,DR3,2156781221404509952,282.36256453393895,61.553632185465304,10.981771469116211,0.8001804351806641,4.696097844318434,14.20525911949092,56.89947833313017,-17.36709042215018,-24.53828239440918,1.9509152173995972,4.853330989199633,nan,,,12.032207489013672,,Gaia_DR3,9.160287324379942,12.134979427823993,13.90393780529598,0.1759079098701477,12.898617638773377,0.1763163059949875
Gaia,DR3,2157947287845683712,278.16853652315683,59.99431998154431,18.521486282348633,2.6540908813476562,4.42199667913422,12.594358932390286,52.889219599557485,-17.98539184698227,,,4.171858572998313,nan,,,1.0077612400054932,,None,6.649774486459643,10.471832684833373,5.257383025665467,0.1919703334569931,6.840626084811244,0.18492867052555084
Gaia,DR3,2158451413926366464,272.46233598676685,59.802693586022265,17.386133193969727,2.5444869995117188,4.422656371640445,9.903386023053288,59.03975012727815,-18.354870050069838,,,3.746186433965593,nan,,,1.0876903533935547,,None,4.4253309668654985,9.80358499451532,4.19587724797276,0.08448045700788498,6.318409130097297,0.08305568248033524
Gaia,DR3,2158988800235320192,273.0503613084514,61.02095122584258,19.14424705505371,2.8069381713867188,2.8399228866954105,9.907154262552243,43.14922440755122,-18.05861314960717,,,4.908970153984964,nan,,,1.0258491039276123,,None,6.010675313294446,13.194729054018365,3.2638132919828795,0.28616371750831604,12.14973191128832,0.24329039454460144
Gaia,DR3,2159858273413747840,275.1906311579794,62.183469030100554,16.741119384765625,2.2569684982299805,4.155258736313227,10.770193173412641,53.414898199937994,-17.68875465590586,,,3.9276682539155487,nan,,,1.0418931245803833,,None,5.421415286583416,10.689473663212944,5.972007163663022,0.07813982665538788,7.293294716980707,0.06936515867710114
Gaia,DR3,2160446035395163136,275.6538181650448,63.77848286248395,10.699121475219727,0.6676139831542969,3.940663164180049,10.959173150309175,54.03819401747868,-17.299134069850183,,,3.9287299227863786,nan,,,1.6878763437271118,,None,5.5544549236355625,11.05646530084175,7.742021313864152,0.04226861521601677,8.634396589734939,0.03096337802708149
Gaia,DR3,2160293645659383040,278.34838153234875,63.76940962218239,19.52395248413086,2.5467395782470703,1.6157301966882522,12.148941019539706,47.803327861948254,-17.152403479138687,,,4.426782551106499,nan,,,1.0146116018295288,,None,7.112645807728594,12.173464019117269,6.179562783285486,0.3124608099460602,10.989037965739884,0.3448812961578369
Gaia,DR3,2149344159113173760,273.4702995815699,52.895623533069276,18.260761260986328,3.2740116119384766,1.6621340118532544,14.008245655871894,64.63619673173864,-19.652255912812755,,,5.416051730068655,nan,,,1.0444252490997314,,None,6.797983439994939,11.45617960090264,4.9782798695218435,0.1383029818534851,10.917521057490326,0.1388314813375473
Gaia,DR3,2158704782637068672,271.0761545146782,60.214445044949116,12.01856517791748,0.8346958160400391,0.9555810478135183,9.126248937942576,50.63761403045882,-18.329638197230427,-17.038745880126953,0.950809895992279,3.8643967893391022,nan,,,1.0039254426956177,,Gaia_DR3,4.170130414792549,10.31191327363507,3.453613607961116,0.014589113183319569,10.616241203700435,0.013547606766223907
Gaia,DR3,2158878956447556608,271.0407827038193,61.31102205595573,17.055570602416992,3.169065475463867,4.145465836082529,8.905542586364884,40.21398942776963,-18.08570986378207,,,4.920154369570036,nan,,,1.0138896703720093,,None,5.2965449194924155,13.493690716444855,1.1318824212956364,0.07998046278953552,12.424368020691446,0.0708082914352417
Gaia,DR3,2151203231414072832,277.41307973071497,57.27296289214255,14.684881210327148,1.9458293914794922,3.4284112338325228,13.252420227282094,52.53819686336458,-18.583018834328023,19.02198028564453,7.278268814086914,4.7419371406679645,nan,,,15.7753324508667,,Gaia_DR3,7.303272548257803,11.117606952845431,6.484070638056348,0.2416902333498001,14.445464887854913,0.26389777660369873
Gaia,DR3,2152373730261137920,272.9087830857725,58.697100519131574,17.025819778442383,2.5674962997436523,3.011585684610966,10.48736204437509,43.33828915907439,-18.56783402528015,,,4.799840208523051,nan,,,1.027854561805725,,None,5.827257618863308,12.161740096555457,7.569072929508962,0.05802232027053833,9.661333034351665,0.07258505374193192
Gaia,DR3,2156281940046733696,282.9950888487152,60.30683053240458,20.06195831298828,2.7068138122558594,4.149152258528292,14.808891211829017,68.65386815034647,-17.57139261526433,,,5.51962601456652,nan,,,1.0601822137832642,,None,10.657526943167674,13.25661541880127,6.27580944096324,0.5291990637779236,11.229451870114266,0.46057409048080444
Gaia,DR3,2161399616918363392,272.79171609590804,64.9639983503137,19.33475685119629,2.945466995239258,3.2255799244064174,9.899060008235589,57.49289379618571,-17.150679707265514,,,3.775280603766346,nan,,,1.0797902345657349,,None,4.5509815510381335,11.131205977194323,6.893895696297621,0.28468766808509827,10.081956419052913,0.2846728563308716
Gaia,DR3,2160820831421123200,273.2260867739711,63.339356046520436,14.549896240234375,2.0175933837890625,4.625180692894718,9.855012197310485,67.09098946088695,-17.520359714443472,-10.623995780944824,7.567822456359863,5.964092312355691,nan,,,1.055827260017395,,Gaia_DR3,7.379331393017074,16.916613779852206,4.748325539441512,0.026118595153093338,22.102586650752713,0.02002098597586155
Gaia,DR3,2161146557445091328,270.69171042672997,64.67326884061092,20.428171157836914,0.36413002014160156,2.7836494710558037,8.961993967128032,35.20745376102502,-17.305234369246474,,,4.455455676272874,nan,,,0.9272761344909668,,None,4.681187105168338,13.2212296319403,5.078452106440001,0.6345018744468689,10.63703059471731,0.6625766754150391
Gaia,DR3,2240309337356499712,290.7518349767643,61.978836150482046,18.33881378173828,3.1352500915527344,3.0415130575993854,17.97456285393663,69.70486309254323,-16.57140717914498,,,4.683278341209317,nan,,,0.950613796710968,,None,11.43929223827848,10.523881821110944,8.699088294915917,0.1444455236196518,11.752002089013258,0.1402256041765213
Gaia,DR3,2255529430144637568,282.42434862719404,66.09032768094194,15.607714653015137,1.4749679565429688,3.9690943485639973,14.018646080024377,62.04188151885422,-16.371235696763517,,,4.026138801994879,nan,,,12.199036598205566,,None,7.616142599572196,11.194372958005456,4.672349670727428,0.4559940695762634,9.556477837941994,0.3335929214954376
Gaia,DR3,2257844825535597312,270.4341568055693,66.98030731826218,17.938682556152344,3.266031265258789,3.6125062607075273,9.709012349114499,40.401955955960226,-16.733623141408774,,,4.781849439557219,nan,,,0.9988440275192261,,None,4.932845037834844,14.90156909485876,2.6620251731163624,0.10816935449838638,17.748470215106934,0.12651479244232178
Gaia,DR3,2258564700711660800,281.3410670355819,66.71743314780996,16.855850219726562,2.6101560592651367,2.7709124341457274,13.679274394604828,64.52559075508351,-16.29168813859043,,,3.9117032420497524,nan,,,1.0273877382278442,,None,7.1068564556206795,11.149369352370275,8.75877873818096,0.08915458619594574,9.5706898948087,0.073287732899189
Gaia,DR3,2161121268676465664,270.5160767018752,64.24915785070213,17.14090919494629,2.48635196685791,3.8539011737035973,8.7901148736486,54.02915634895367,-17.415477120985535,,,3.777044002907117,nan,,,1.0488470792770386,,None,3.919250315713741,11.116614472887187,1.112731764526695,0.09394603967666626,9.875680275533714,0.08449187874794006
Gaia,DR3,2159551651405500032,277.65242746594083,61.00434798646746,17.019514083862305,2.548323631286621,4.749773633566405,12.100397126959226,51.30634125156628,-17.805460550183113,,,4.156307565195437,nan,,,1.0193537473678589,,None,6.472304107083126,10.76074005536185,3.0443165496503095,0.08087936788797379,8.400922654955295,0.055215056985616684
Gaia,DR3,2160700469257604352,272.8771045812143,62.82374524369135,13.264177322387695,1.4245338439941406,4.023531929541116,9.679373382782272,48.29707751650262,-17.65679815449483,-10.832975387573242,1.4241483211517334,5.1872976520987315,nan,,,1.1950606107711792,,Gaia_DR3,6.285604575496458,14.574600685646812,7.5111395928399585,0.012528348714113235,18.800346475189787,0.014057956635951996
Gaia,DR3,2260118271984427264,272.58506137644787,69.82707504398913,9.210424423217773,0.5926094055175781,3.3280164037051314,11.90969601365507,47.01514658023405,-15.91110366145261,-20.956125259399414,0.26271766424179077,4.402110115853825,nan,,,0.9420153498649597,,Gaia_DR3,5.239845302315144,14.300674564696486,7.500410455165615,0.015918968245387077,16.40501316238533,0.01530046109110117
Gaia,DR3,2261200638103236480,289.25545439137034,68.1323458976796,9.952109336853027,0.6253471374511719,3.8991939395106954,16.88795696703048,67.80072480352452,-15.444507298446153,,,5.025341705863397,nan,,,2.9351799488067627,,None,11.794783444888239,13.40226429710442,8.639145449577931,0.08675828576087952,16.067834946269027,0.06466609984636307
Gaia,DR3,2160409953373518720,275.3447465550033,63.38083561641491,19.119060516357422,3.0107994079589844,0.7508232100465319,10.805838977106436,46.198312711254616,-17.407376857638823,,,4.917532960642255,nan,,,1.0323691368103027,,None,6.842585965357402,13.747600120313274,6.240367158443507,0.22615982592105865,14.240717744032708,0.25064709782600403
Gaia,DR3,2160727677875042944,272.9959241961612,63.03756644413602,17.4419002532959,1.6489191055297852,4.42222900167474,9.737943411054177,43.611667135076736,-17.60154925882144,,,4.104605581109794,nan,,,1.0617411136627197,,None,5.009419902966339,11.580339784618168,6.007050977005163,0.10800618678331375,15.27452254124002,0.10723007470369339
Gaia,DR3,2160820865780864256,273.2614690402171,63.34471896153522,9.025116920471191,0.5908088684082031,4.4526698634679445,9.871168350757861,67.00932730346139,-17.51747445241729,,,5.959351276132429,nan,,,0.9179745316505432,,None,7.388895478669477,16.901154034431904,4.959425463419551,0.019200213253498077,21.939886961339184,0.012352925725281239
Gaia,DR3,2160914702225697408,271.4031480047518,63.247566488035346,17.718904495239258,3.1531906127929688,3.7617540186316423,9.031364023436256,57.95120847835916,-17.62133703206327,,,5.643436526865104,nan,,,1.0842565298080444,,None,6.226273752944656,16.161319325616603,1.8507727424582099,0.1205354779958725,15.221321699235038,0.12105510383844376
Gaia,DR3,2253021066163975680,282.45036525220206,62.808632685310016,15.12266731262207,2.091843605041504,4.9358085204272095,14.043488769213182,55.807803883918844,-17.09704752591366,-71.49585723876953,6.237869739532471,4.35467934237021,nan,,,1.0043915510177612,,Gaia_DR3,8.245427160912868,11.223768120306229,12.662971288445197,0.029470954090356827,10.215614371782001,0.024969689548015594
Gaia,DR3,2256044448261847296,283.4710736032247,67.55993969900908,12.891202926635742,1.1321735382080078,4.3323263626598445,14.64648330705836,58.357648193789935,-15.964092081191925,-0.33120816946029663,1.3712414503097534,4.337840855277502,nan,,,1.1710375547409058,,Gaia_DR3,8.516748383344574,12.300089438955762,4.555013147340297,0.01617971993982792,12.306893344098821,0.015090152621269226
Gaia,DR3,2256053106915970176,283.56397986069055,67.72349870057708,16.395225524902344,2.527578353881836,4.775765067575102,14.712640088444413,60.02531926425209,-15.919925449667616,,,4.981665077561718,nan,,,1.102139949798584,,None,9.812349588070603,14.158807150587268,5.392432878136344,0.05011092126369476,11.78837561064924,0.04698914289474487
Gaia,DR3,2252142556373321856,285.565848371846,62.099655578986244,19.06482696533203,3.2688541412353516,1.9655841255001874,15.578313008746239,60.722695045106924,-17.005729914609336,,,4.535034663486269,nan,,,1.0130614042282104,,None,9.545497241187766,11.049552566768577,11.41594284423728,0.2572655975818634,10.868797945965483,0.2197541445493698
Gaia,DR3,2252491410796560512,287.36791782641535,63.04244823683318,19.476844787597656,2.587217330932617,1.8231057755708404,16.227091954201246,69.64826836609453,-16.667065503190692,,,4.060007272013785,nan,,,1.1076476573944092,,None,9.030655653761226,9.884071695318143,10.586407039466824,0.45459648966789246,9.763992490857401,0.3547185957431793
Gaia,DR3,2253704343921780096,284.07966474921005,64.71878618599804,17.48745346069336,2.7728118896484375,4.634639733995246,14.639138651990098,57.14001732953056,-16.56807375892498,,,4.520767824424225,nan,,,0.9900702238082886,,None,9.062973395754362,11.962258121350446,8.477443776376766,0.12604476511478424,7.584320973657061,0.11334910988807678
Gaia,DR3,2262527993452326400,288.3221128007552,69.98644407592704,12.508125305175781,1.1008729934692383,2.8045817196534353,16.87731616289228,67.98126028468971,-15.088611743790132,29.637584686279297,0.9831292033195496,5.046568765357227,nan,,,1.1498850584030151,,Gaia_DR3,11.53981958021674,14.162761144956352,12.56284488472789,0.01317489705979824,16.965599581623053,0.015371894463896751
Gaia,DR3,2262541840427501952,289.5547118708801,70.12475299763344,10.536595344543457,0.6576175689697266,4.08291655375279,17.318026869600367,69.92934359180445,-14.975789004129691,-4.318787097930908,0.34954342246055603,5.092972785745642,nan,,,0.8445547223091125,,Gaia_DR3,12.051471926554504,14.09235366845636,10.610749276224908,0.01604754664003849,9.95224904656969,0.015973644331097603
Gaia,DR3,2265459600689528832,282.88289943768217,70.4569831752777,17.37823486328125,2.754640579223633,2.225965920549563,15.267080009569762,59.51741172981299,-15.29595807446255,,,4.6416662173318,nan,,,1.0690312385559082,,None,8.926657621899519,14.022067496167987,10.936298113400277,0.07582130283117294,13.182071152436917,0.07814324647188187
Gaia,DR3,2256752636830169600,277.3279109195439,65.39242814943871,14.809085845947266,1.8272037506103516,3.7451486362114657,11.8498010487577,49.10071701433224,-16.831509762158092,-43.4732780456543,6.820541858673096,4.216607730485648,nan,,,1.1125905513763428,,Gaia_DR3,6.468535476414335,12.13019434269163,3.1460779661903895,0.024103287607431412,12.339993874090684,0.02402799017727375
Gaia,DR3,2257598573589383040,274.56011162946356,66.2265679837101,15.833218574523926,2.3609304428100586,4.20410658287495,10.934220533862867,45.91589831156476,-16.763629770723927,,,4.196946974840653,nan,,,1.0154949426651,,None,5.601162869836799,12.555468461058467,2.277375066713013,0.03808928281068802,10.885736927613944,0.036011163145303726
Gaia,DR3,2258510824641367296,270.1785731876319,68.8098138051656,16.2299747467041,2.3115921020507812,4.0517411504077305,10.619305007208482,49.1149011461153,-16.26128261284605,,,4.031410110260775,nan,,,0.9510303139686584,,None,4.082266265198911,13.028047096206722,7.485820309539858,0.04630560055375099,13.550503095461975,0.048885367810726166
Gaia,DR3,2257453266254449408,274.09843898860146,65.36461642956063,15.25770378112793,1.9129638671875,3.919503352611655,10.525037578373036,67.6703499524353,-16.996051365439907,-2.825563907623291,5.598508834838867,3.6273697536968657,nan,,,1.0470318794250488,,Gaia_DR3,4.719175069173806,10.69235365938155,2.196476411370075,0.035587575286626816,9.073979386520069,0.0312873013317585
Gaia,DR3,2258331462510588032,271.85384481368914,67.89557033728322,12.09311580657959,1.1067638397216797,3.862918863885258,10.629263755628788,60.063054737456135,-16.447597847440537,-12.510878562927246,0.5768097639083862,5.596139050069848,nan,,,1.1153619289398193,,Gaia_DR3,6.36012335894413,17.613166205940775,1.8315144309137592,0.013280371204018593,18.122592443572785,0.014751574024558067
Gaia,DR3,2255017366963913600,288.1114242798187,66.87020116102913,15.929357528686523,2.4043893814086914,0.7905871863321723,16.345353968620316,66.70805377214504,-15.805126548119564,,,5.090294127032902,nan,,,0.9945727586746216,,None,11.569977674927646,13.422816552556089,12.334297368366435,0.034932609647512436,13.790977662509519,0.03737175464630127
Gaia,DR3,2255274132990201216,283.8001445666881,65.83887792106417,20.040292739868164,2.580242156982422,4.906218218614809,14.554246859315947,68.24566797338554,-16.33859168362785,,,3.898712336537055,nan,,,1.0889031887054443,,None,7.741922680176122,10.615275013901204,3.89303714573864,0.6392579078674316,9.412772594532631,0.558093249797821
Gaia,DR3,2256374164311053824,278.76261443125804,63.87818060070516,18.796613693237305,1.3140449523925781,1.1093696435998135,12.33277162143043,51.93947224542932,-17.103158461511224,,,4.1686286415875875,nan,,,1.0962932109832764,,None,6.82022740773401,11.448290329380892,6.306348669378433,0.22038282454013824,12.276759894871567,0.19036740064620972
Gaia,DR3,2259305943346666112,282.72609376179383,69.41737735689941,15.938754081726074,2.1725339889526367,4.745469192382149,14.855198290177139,60.12683389799434,-15.562012727646957,,,4.264339558122386,nan,,,0.9656269550323486,,None,8.155146730149047,12.651380356984518,4.6963700017094245,0.039301011711359024,15.148526013656285,0.04316909238696098
Gaia,DR3,2256374160014284800,278.758632260403,63.877996050886644,10.442882537841797,0.5946006774902344,4.097395568191251,12.33101637488056,52.85362947879249,-17.10343770689431,6.370297908782959,0.4128420948982239,4.128001229114795,nan,,,1.3877358436584473,,Gaia_DR3,6.7525943334496645,11.337088854249334,5.2540264723582,0.02320195734500885,14.572544364051078,0.01991206407546997
Gaia,DR3,2260058112379687552,270.26827453763474,69.52355314816205,17.24683380126953,2.3841609954833984,4.048712715702276,11.089897852237762,62.23289552330422,-16.066552007665436,,,5.647837141847321,nan,,,1.045471429824829,,None,5.7566837783766855,18.483253565368948,1.2588733436183963,0.09215019643306732,20.21725032382341,0.09282726049423218
Gaia,DR3,2260661538104670848,270.5877085686081,71.50377914218708,17.03526496887207,2.463240623474121,4.569499189723222,12.523626520359407,67.23097552579843,-15.512239677366598,,,3.751936971389656,nan,,,1.1440064907073975,,None,3.9131165586961103,12.690298322593113,1.2038484494317083,0.07099659740924835,10.298122661753348,0.07389558851718903
Gaia,DR3,2256660415291727232,276.1784373861418,64.76138280833027,19.099613189697266,3.0585269927978516,4.352239445229461,11.27823951855232,61.973845048501396,-17.041222418045,,,5.617814898240231,nan,,,1.760371446609497,,None,8.154958106160436,16.09267052522565,3.036064790140674,0.33010321855545044,16.695963680861205,0.3717831075191498
Gaia,DR3,2257271361502445824,276.23751084137166,66.6869440319144,19.16446876525879,3.170827865600586,2.0017105935373114,11.709223756999341,56.786629346432626,-16.572503884818566,,,5.330123975615205,nan,,,1.1026177406311035,,None,7.759997799359171,15.896426308756478,6.519943466848339,0.2816459834575653,17.772914669000016,0.3353930711746216
Gaia,DR3,2267230329806125568,274.61756400324515,73.85766501724605,12.87575912475586,1.148193359375,3.920973061772244,15.048906281556114,59.789930290219566,-14.73018059197144,-3.1581974029541016,1.43171226978302,4.352075562519316,nan,,,1.025134563446045,,Gaia_DR3,5.826359919045241,14.942363271695305,8.437355908460614,0.015713142231106758,17.41694635086325,0.01395160611718893
Gaia,DR3,2257939692774146304,270.66929584674017,67.04838116679406,20.01496696472168,2.6087493896484375,1.4391558373157556,9.822069010228798,57.286075809324664,-16.708167710111976,,,3.774642775058115,nan,,,0.9987266659736633,,None,3.9596144232024604,11.763816902168962,5.019927570592985,0.4263816773891449,12.196460770519746,0.5369378328323364
Gaia,DR3,2258528481250632704,270.9233157321864,69.00721467246674,17.043031692504883,2.7452564239501953,1.4538933953829727,10.952141263753086,43.49264365395746,-16.185443569878313,,,4.6595498110094224,nan,,,0.9610509872436523,,None,4.975514530529181,15.054124129625912,3.5511978857618227,0.06549447774887085,14.949825404106102,0.07042659819126129
Gaia,DR3,2258486016910187136,271.2573554675862,68.38438308554366,13.121088981628418,1.1187963485717773,4.057731175853795,10.695445596021008,56.391337822610495,-16.339974118372194,-22.39740753173828,1.679081678390503,3.85145183896663,nan,,,0.9807376861572266,,Gaia_DR3,4.207745026798477,12.277084201454183,1.8168590793702535,0.013638750649988651,10.010396866512703,0.014544461853802204
Gaia,DR3,2260058009300472320,270.26596864651714,69.52289682984703,12.891631126403809,1.4544668197631836,4.5779541754625095,11.088858034221353,62.559421412939976,-16.066797738117057,-25.387651443481445,2.3019022941589355,5.662483093679603,nan,,,6.499041557312012,,Gaia_DR3,5.770643122137514,18.531182022221415,1.6262658219601696,0.07846193760633469,22.093139714068176,0.08539753407239914
Gaia,DR3,2260628754617556480,270.06945322593896,71.15166974079783,17.522632598876953,2.939162254333496,0.6869708069801211,12.154608626136891,51.399229763615786,-15.624663139465618,,,4.968640690958525,nan,,,1.5223705768585205,,None,4.99106501241787,16.74890224772441,5.049492547662232,0.20935063064098358,17.466086477634924,0.23022688925266266
Gaia,DR3,2253293607607652224,280.92067543302306,63.52511790602825,10.210792541503906,0.6713924407958984,4.898461719096636,13.295300940227998,63.2111268851395,-17.046779233691165,5.372262001037598,0.2082981914281845,5.44202650277646,nan,,,1.087961196899414,,Gaia_DR3,9.728130064121887,14.51002215216415,13.969060017932703,0.01563118025660515,18.197206707783007,0.014627499505877495
Gaia,DR3,2253683655060995968,284.8782889899564,64.8665853051694,19.66834831237793,3.175172805786133,2.476937577067944,14.977389096672622,62.658983438263185,-16.478641999909875,,,4.1500242790663675,nan,,,0.966310977935791,,None,8.543656046321674,10.912223728027168,6.447817598494909,0.3670651614665985,10.361488734047121,0.295226514339447
Gaia,DR3,2262438898650595840,284.49241875112466,70.11214857762342,13.78018856048584,2.0246639251708984,4.785872053980766,15.656269944710546,66.09308140048944,-15.292261934325765,-4.762568950653076,4.3366804122924805,5.211314751416588,nan,,,1.2676433324813843,,Gaia_DR3,10.592928171119842,15.369136210337793,5.948588114006577,0.018810857087373734,12.904585433027218,0.018167823553085327
Gaia,DR3,2260388034588126592,276.5299034661387,70.37974757506362,20.029233932495117,0.029857635498046875,2.0972842442816493,13.331353414764731,52.076746732093106,-15.615606320366958,,,4.560376684486437,nan,,,0.9484663605690002,,None,6.735194057096754,14.56720135283304,8.742547175044098,0.6906777620315552,14.377754829832417,0.6375805139541626
Gaia,DR3,2260628758912778240,270.0691300518765,71.1518508854295,18.373628616333008,,3.4166364305330363,12.154667033917416,54.62435583294314,-15.6246212952765,,,5.157481982345752,nan,,,1.2846778631210327,,None,5.180634796784882,17.385552987061985,2.240045993641302,0.6267719268798828,15.11570918033476,0.35870763659477234
Gaia,DR3,2256392439396041600,278.2011435631021,64.1410874229059,19.82579803466797,2.9020919799804688,4.58860597776942,12.093760848269836,69.68518910670272,-17.075987235247094,,,3.6766602590922357,nan,,,1.0457539558410645,,None,5.868965544190363,10.210360586857878,4.556654629499437,0.6909885406494141,13.515915493886286,0.4278150200843811
Gaia,DR3,2256689517990386432,275.5111354300608,65.22460599955322,17.516122817993164,2.9384536743164062,0.6873096483136416,11.073305648734932,57.15471884787529,-16.963909255266913,,,5.422503681994267,nan,,,0.9670668244361877,,None,7.610469987485674,15.772132162778346,8.023321053936478,0.09533842653036118,16.440593910287042,0.09449144452810287
Gaia,DR3,2257260748641804672,276.6786109442286,66.7335208598112,13.017359733581543,1.2819509506225586,4.575066405538457,11.889668751361548,49.44385296798421,-16.53978915691988,-17.92719078063965,1.16588294506073,4.206639113146014,nan,,,2.145369529724121,,Gaia_DR3,6.257667285033511,12.513937868041916,10.158804806692816,0.03047681599855423,13.62830409924016,0.027133462950587273
Gaia,DR3,2254119718799876992,289.4864865692757,64.45597503765674,16.667856216430664,2.57114315032959,4.414253913005306,16.970006147526956,67.45314045484795,-16.20396671764107,,,4.341711475993126,nan,,,1.0121381282806396,,None,10.254753591815593,10.61103707996015,6.227862820839656,0.055917996913194656,10.939475024470843,0.05627560243010521
Gaia,DR3,2255206345524489216,285.49377259939456,65.47075277762578,11.044604301452637,0.7941617965698242,1.7690908011777522,15.236403504989028,60.2509985264548,-16.30233057719935,-18.29787254333496,0.27232974767684937,4.380672644552398,nan,,,1.0158793926239014,,Gaia_DR3,9.199466836787575,11.589609203281968,10.501343210276424,0.01690571941435337,12.576632801099953,0.014507278800010681
Gaia,DR3,2269056618620577408,271.4375692328266,75.47578506797939,16.21446418762207,2.4044933319091797,1.851058403194275,15.753114522047767,66.8542564558072,-14.345383536049471,,,5.243583708301253,nan,,,0.9544352889060974,,None,5.798450876877219,18.800607537606105,4.329443911095695,0.03716316819190979,17.376251491790672,0.039951179176568985
Gaia,DR3,2268957452119227904,275.03809456134536,75.7004412057043,17.859113693237305,2.7069664001464844,1.877389993845376,16.481645009871276,66.23288961765341,-14.187543906552682,,,4.285626173419772,nan,,,1.067084550857544,,None,5.868158333477147,15.093564967513888,4.173363032622992,0.1251436173915863,15.026196231063588,0.1322031319141388
Gaia,DR3,2261710502261192064,291.0828242072943,69.48272027656476,19.316335678100586,2.6084671020507812,3.6190129401636857,17.71955127851248,69.91278199354323,-15.014812054889878,,,4.941874221686161,nan,,,0.9342679977416992,,None,12.174248257877199,13.200347362278292,10.175221118654672,0.2845453917980194,10.00365049450998,0.2441418468952179
Gaia,DR3,2262273250352237056,284.6578662759115,69.45161435763396,10.4718017578125,0.7375497817993164,3.0992361647795255,15.51292249525147,65.87882953691768,-15.442623442817041,-9.985791206359863,0.7173216342926025,5.227014596291467,nan,,,1.3899846076965332,,Gaia_DR3,10.68321887399392,15.191219372468094,7.320050864794212,0.021866466850042343,15.784353819414887,0.017120540142059326
Gaia,DR3,2258143480381808000,275.6580582545477,67.49367781992855,12.160443305969238,0.9171857833862305,4.616506301891851,11.75921102082492,64.89599931757368,-16.39813893731707,-61.529239654541016,0.8101561069488525,3.7474197051915543,nan,,,1.0517220497131348,,Gaia_DR3,5.299265053476515,11.409800385838425,2.6976827459255537,0.01542262826114893,13.965667944735692,0.011750349774956703
Gaia,DR3,2259781207247839616,273.69742477588585,68.83676339495723,14.930620193481445,1.9646053314208984,4.684346042983036,11.689982214673444,56.481694177654816,-16.133984324004935,-22.260969161987305,8.358074188232422,3.9328894150710867,nan,,,3.890468120574951,,Gaia_DR3,5.001636853890062,12.458651293260619,7.657457813615269,0.07688506692647934,9.624893895775777,0.08928720653057098
Gaia,DR3,2259745125226338560,275.37777660726937,68.83139799882697,19.923297882080078,3.107707977294922,4.832358872035618,12.21799473373172,60.10007467739888,-16.068473043150682,,,3.8886079904789477,nan,,,1.0876773595809937,,None,5.420160729769563,12.175385324092717,1.6340422203440124,0.43890002369880676,11.010179651630857,0.49764227867126465
Gaia,DR3,2253125240593021568,283.79499098123455,63.48255197695235,19.132474899291992,3.027721405029297,1.7976220221136103,14.577414637229422,68.45120785209855,-16.85582141054054,,,5.5423329708802225,nan,,,0.9622593522071838,,None,11.00382365170492,14.293219596436083,12.493355477491495,0.2877480983734131,12.812485074057276,0.2487429678440094
Gaia,DR3,2253505607194242304,284.6927720393339,63.94153035357065,15.995567321777344,2.482959747314453,2.4823805514529695,14.936768251972818,67.99776078430797,-16.6915713684813,,,5.462592971662784,nan,,,1.1217468976974487,,None,11.177564741991835,14.087712565914943,12.100206332370597,0.05058368295431137,16.79335835885272,0.046508122235536575
Gaia,DR3,2160780076475588864,274.948033850399,63.18296551643051,19.204992294311523,2.8322277069091797,4.9309326400181535,10.623792863008482,49.596869118981466,-17.47343247434493,,,4.017375232316977,nan,,,0.9910265207290649,,None,5.474626134613865,11.214265577626264,4.656529255687194,0.2986074686050415,7.119161539662395,0.2515726685523987
Gaia,DR3,2160979470332604672,270.06650792245415,63.55150353883631,6.748358726501465,1.2022933959960938,0.43972855198218,8.471071045039183,44.339130289648644,-17.600983006157055,-10.031047821044922,0.11840039491653442,5.15293575762275,nan,,,1.055626630783081,,Gaia_DR3,5.175064732371265,14.971478934186546,4.904777287719229,0.016897277906537056,14.577630992893589,0.021627886220812798
Gaia,DR3,2160914702225697024,271.40354540989125,63.24676817187876,17.501516342163086,2.715251922607422,3.631396164925905,9.031476761849586,54.64821737217042,-17.62150985087328,,,5.51112736435285,nan,,,1.0150866508483887,,None,6.080461806716464,15.782097552556015,2.0436899704359313,0.10983409732580185,14.555682084198846,0.10323657095432281
Gaia,DR3,2266574295025368832,273.72046622431776,72.20763794797303,19.03090476989746,2.8975868225097656,4.73889481100491,13.712949225038328,62.84569288090147,-15.222350229558085,,,3.96327296950511,nan,,,1.060979962348938,,None,5.046943427684368,13.32437599366676,8.687015422592273,0.24148590862751007,14.882008076068146,0.2690957188606262
Gaia,DR3,2254574813534331008,286.8820757020799,65.93862433563679,16.88292121887207,2.753790855407715,0.8752905484720865,15.816343197486628,66.31714181053522,-16.09886253144127,,,4.132751199155441,nan,,,1.1629921197891235,,None,9.060231360409484,10.853145236572953,8.29773587383594,0.0843881368637085,10.864186896962506,0.06894618272781372
Gaia,DR3,2253502441800653952,284.87536618321127,63.792998430115425,10.535701751708984,0.7109766006469727,4.573215598532481,15.028464084836918,60.66694220129962,-16.709515535859417,-17.24785614013672,0.41885918378829956,4.943995348053683,nan,,,0.9636286497116089,,Gaia_DR3,10.177231741150369,12.67609531366814,5.94865939971621,0.01677698642015457,14.875595864978834,0.013176972046494484
Gaia,DR3,2254405694901476352,286.99684217671455,64.68919303266253,14.484868049621582,1.8228044509887695,3.5340953962732202,15.885810668400142,63.448134855058484,-16.357571830855083,-20.779977798461914,3.2988128662109375,4.9280382665910665,nan,,,17.85558319091797,,Gaia_DR3,10.84105581959674,12.554074720963008,10.680453673892723,0.3696520924568176,8.886088028035944,0.35753345489501953
Gaia,DR3,2265942080134706048,283.0034463740203,71.88015074005693,16.24723243713379,2.5016069412231445,3.2335594997616,15.888225266524245,62.64958235276418,-14.929590620874345,,,4.828862779767834,nan,,,1.057395100593567,,None,9.326534895265763,14.951442873172713,6.042316842282653,0.12242385745048523,14.729992885388924,0.1200186237692833
Gaia,DR3,2257304866544295552,278.1111066650666,66.90601810522084,19.93796157836914,2.677217483520508,3.617404300212447,12.479161314084392,48.80045061527604,-16.42572166770163,,,4.535948820819179,nan,,,1.0744463205337524,,None,7.211606860910344,13.380630493063668,6.465215362392286,0.4608203172683716,10.003070993615601,0.4628794491291046
Gaia,DR3,2257917809917407744,271.6953798375858,67.33834458946633,16.905555725097656,2.453183174133301,3.329965243463013,10.30906369017583,47.351591504259915,-16.597633177918443,,,4.0507737869397875,nan,,,1.0670398473739624,,None,4.556470792343957,12.62371878650522,3.9121251350388526,0.08392516523599625,15.393357398789247,0.06571032851934433
Gaia,DR3,2267193732388859776,277.0180275515095,73.76971746877385,8.43899154663086,-0.002910614013671875,4.426697189999223,15.474225289721828,66.97327853506565,-14.676014446631712,-7.0071927213668825,0.3688303828239441,4.050403060242643,nan,,,1.0033339262008667,,Gaia_DR3,6.1237920263837,13.655003122024231,2.3564492432870936,0.034925807267427444,13.348323712817969,0.03647275269031525
Gaia,DR3,2257740341869554816,271.97974432088756,66.27575642220579,20.014204025268555,2.4336013793945312,2.827099701142944,9.969661605139809,54.31100307608948,-16.85799279505253,,,5.4132004782660985,nan,,,0.9567075967788696,,None,6.2024105807646395,16.4872458500031,7.734138233934631,0.7927582859992981,19.32660308912639,0.5908741354942322
Gaia,DR3,2258071397947597440,273.65722734240836,67.17774644469378,16.55805778503418,2.4301939010620117,4.648958363800971,10.926056262626139,44.76295438198418,-16.563618663229533,,,4.792596647129464,nan,,,1.205239176750183,,None,6.080900208246325,14.707378932314084,5.39563337812991,0.06897640973329544,10.060665849166025,0.1024770438671112
Gaia,DR3,2258582700920519424,280.5559367939239,66.86421764965117,18.607303619384766,3.0173301696777344,3.320830860247497,13.403205664640009,67.65315470098965,-16.302693994150353,,,3.8089182906541454,nan,,,1.0091934204101562,,None,6.711918247594577,10.975795663946844,8.333015261782117,0.20634952187538147,8.85867365906824,0.18575645983219147
Gaia,DR3,2253069577817129728,284.57440910315904,62.896681172618486,18.88405418395996,3.3744640350341797,4.19349464324086,14.99334824818461,62.09041647108919,-16.92083838783953,,,5.072616133907242,nan,,,1.008833408355713,,None,10.33908487227491,12.773162400511511,6.449386914170677,0.24018563330173492,10.541652759535008,0.21385864913463593
Gaia,DR3,2253502446098305408,284.8759896852153,63.793780980218656,11.998299598693848,0.9751453399658203,4.491725682693333,15.028673103926197,60.402535718365044,-16.709302635527234,-16.528392791748047,2.1667234897613525,4.918530729206062,nan,,,0.9203888773918152,,Gaia_DR3,10.12501917707918,12.610943556696606,7.19789117562244,0.017344320192933083,16.23350276321774,0.012457643635571003
Gaia,DR3,2256801629520298880,276.24583173809737,65.49278209960463,18.12360954284668,2.8226070404052734,4.9000812970854986,11.424826465885195,44.78896494580219,-16.863129426450705,,,4.472925244559208,nan,,,0.9936359524726868,,None,6.5147008416073895,13.010293297533758,3.3520599047476587,0.11413442343473434,9.6418436406377,0.11309550702571869
Gaia,DR3,2258774222099164160,279.8246510177611,67.84753362322913,18.07911491394043,2.82830810546875,1.2796239180664997,13.370912890389617,57.39305987092811,-16.10548675971452,,,4.106498360453127,nan,,,0.9778969883918762,,None,7.026009793148368,12.158219804677376,6.506754430369382,0.1357833296060562,13.13674114146193,0.12767325341701508
Gaia,DR3,2259277832785155712,281.51409960083356,68.9755337179313,19.827085494995117,2.759876251220703,3.915387030448187,14.306006981615448,59.73646643386772,-15.737304346998261,,,4.164080146862693,nan,,,1.057795763015747,,None,7.615352306278148,12.401956730156284,7.6899700858519555,0.46686312556266785,15.838190618343363,0.4613337516784668
Gaia,DR3,2261133567893664256,290.67817910788204,67.7987879903874,18.06435203552246,2.898956298828125,2.083774789454422,17.390227343595452,69.40138398813902,-15.411425925457017,,,4.31672760155878,nan,,,0.9966261386871338,,None,10.52383149712401,11.192915579095343,9.477632651795696,0.10801961272954941,12.774449924913881,0.12036651372909546
Gaia,DR3,2258658021761395584,278.9372194107245,67.38922546409965,17.725988388061523,2.7487926483154297,2.8962043596978746,12.917750492685434,57.39878297568958,-16.26465486730996,,,4.041524558255854,nan,,,1.0603965520858765,,None,6.662177271707308,11.952700409113232,4.247907101901584,0.10788916051387787,11.442704179260346,0.09920909255743027
Gaia,DR3,2258775772583718400,280.4013626628411,67.83031014291291,17.523914337158203,2.6886558532714844,3.6414235675458406,13.574975213319952,55.48159662379453,-16.07853472580167,,,4.23889679076952,nan,,,0.993872344493866,,None,7.423825667235217,12.477483131990411,5.75908531518972,0.0921284556388855,9.68158464881093,0.08378387987613678
Gaia,DR3,2262069084787896704,286.3853976143662,69.30423665330957,17.57324981689453,1.8850517272949219,1.505605620274931,16.063243769399335,63.40517797299797,-15.371843466672837,,,4.847668539266828,nan,,,1.009753704071045,,None,10.468193456619407,13.76068279174384,10.406574302973056,0.09020432829856873,15.298082888968015,0.09401094168424606
Gaia,DR3,2252959149915304192,283.51367640808803,62.581784276935025,18.054080963134766,2.852060317993164,2.95553747616616,14.557016723911113,58.93286690361359,-17.067105174954566,,,4.265609177698608,nan,,,1.0445220470428467,,None,8.387318936161396,10.797586131343753,10.85043110060283,0.16126541793346405,11.795855428441758,0.135700061917305
Gaia,DR3,2259809725830674048,273.3946045902558,69.08323543996775,16.268747329711914,2.697300910949707,4.794072918952983,11.725078115115728,61.12461380090182,-16.08051270476443,,,5.532361574052671,nan,,,1.0640496015548706,,None,6.913355050523229,17.640745919232923,8.234562330917452,0.04878108948469162,12.207869999085602,0.049614619463682175
Gaia,DR3,2260400159278444160,276.0103793685687,70.6173792275563,19.596580505371094,2.882627487182617,4.389225370897061,13.312140797661637,66.82402504759929,-15.57347129965888,,,3.8205883575308657,nan,,,1.6931785345077515,,None,5.499821692019755,12.30384312144536,4.925887698822646,0.624281108379364,15.79210585039472,0.6108862161636353
Gaia,DR3,2256195321872660736,284.00327768808626,68.54218575412845,17.52649688720703,2.8576412200927734,4.869699833534098,15.050731411906218,60.120144049853835,-15.69940223715671,,,4.88150221700048,nan,,,0.9442769885063171,,None,9.760858885045266,14.03781428550716,5.821197504505548,0.08214285969734192,10.940750929201867,0.0905783548951149
Gaia,DR3,2256209439428465792,285.4787744722035,68.65513004121334,19.068220138549805,3.2039661407470703,4.643497612926772,15.600710663181443,61.99770000496189,-15.581436230130507,,,4.876319956320697,nan,,,0.9710460305213928,,None,10.235437315941128,13.81501569551045,10.499501568627515,0.21256700158119202,9.048915395086885,0.1914432942867279
Gaia,DR3,2260388034585550336,276.52937770738765,70.37994201790765,19.905742645263672,0.35822296142578125,2.5477023343300136,13.331304554571025,59.39385988525706,-15.615576503515701,,,5.2303954669383845,nan,,,0.9648828506469727,,None,7.724543439435714,16.707566135059388,9.178338543825344,0.5122660398483276,14.30386302681831,0.5140324234962463
Gaia,DR3,2260345187993825536,273.8342710423639,70.43009171772316,15.076203346252441,1.9217100143432617,2.480270922772827,12.609648601328526,54.045494813797355,-15.70535533165421,-27.103979110717773,3.9112541675567627,4.123161748344335,nan,,,0.9878990650177002,,Gaia_DR3,5.2847924370878046,13.434692224176107,7.014985334967858,0.03208755701780319,12.148546750588396,0.02502710185945034
Gaia,DR3,2255206345524488960,285.4866029663911,65.47321120725844,17.334897994995117,2.7452316284179688,0.8395575195240867,15.233465830822789,59.370873346699916,-16.30230949458107,,,4.5491866883981436,nan,,,0.929797351360321,,None,9.551165488795661,12.037192580170208,10.075953009292817,0.08634432405233383,12.647815851174546,0.07277202606201172
Gaia,DR3,2260788359898704768,271.139281783849,72.08930410544907,15.902493476867676,2.2448863983154297,3.480554270277332,13.06748185996421,52.94808494434123,-15.33265327151511,,,4.27354968048242,nan,,,1.0853393077850342,,None,4.631599277211133,14.555091562388,1.5312258802589196,0.03717350587248802,14.086022039075976,0.04189658537507057
Gaia,DR3,2266272689539386752,279.29154327120534,72.72088540743931,16.36529541015625,2.854104995727539,4.902626797766886,15.344519464115606,62.871171093267336,-14.87709113711093,,,4.213812623058811,nan,,,0.9672154784202576,,None,7.051567833320547,13.710410251470599,8.282022011435238,0.04473355412483215,9.532774951480096,0.04759044945240021
Gaia,DR3,2267626566310368640,284.6001921204337,73.26994056638026,13.206511497497559,1.333878517150879,4.675357767868793,16.95409782071281,65.97585397762941,-14.493684536866253,-2.8044116497039795,1.2879120111465454,4.715866174999856,nan,,,1.0915379524230957,,Gaia_DR3,9.62015852241909,14.707566786618433,9.80141143777228,0.013452555984258652,10.063086007820205,0.015282675623893738
Gaia,DR3,2264540782629699328,286.30496735897555,72.2690235361824,19.233177185058594,2.879545211791992,2.3198154372116475,16.97355868927371,66.61405144731208,-14.659645314179992,,,4.434042806754964,nan,,,1.0565850734710693,,None,9.551327296543924,13.326168838464257,8.458522175156428,0.25724494457244873,15.199094004068535,0.3023216426372528
Gaia,DR3,2267114571847937280,275.8940983349822,73.39448876470443,16.50628662109375,2.279470443725586,1.103482957499005,14.987377199745243,66.48645217129508,-14.819467451501337,,,4.001129799565355,nan,,,1.0070686340332031,,None,5.726181572876968,13.518160467125643,5.108133447789009,0.04479586333036423,12.822216399368344,0.05144890025258064
Gaia,DR3,2265310681288243456,282.77679862525787,69.44670090140157,11.75730037689209,0.8858470916748047,4.204138801615464,14.881452675668037,58.08194498557527,-15.55199365186941,-3.2403013706207275,0.8106982707977295,4.647218320958369,nan,,,0.9864099025726318,,Gaia_DR3,8.903531538182213,13.787734439715743,5.278645992335513,0.013190940953791142,11.832230999214486,0.015957241877913475
Gaia,DR3,2258717116213629440,280.75354426493186,67.55269362201692,18.271472930908203,3.1028614044189453,4.05007906077258,13.632200861608792,55.84697002568546,-16.12633437652763,,,4.23048071624193,nan,,,0.93392014503479,,None,7.513111684443894,12.340652890097623,4.158171023481266,0.13464735448360443,13.678832308292098,0.12915681302547455
Gaia,DR3,2260037148642861824,271.2137359999576,69.28480964844556,17.50973892211914,2.7689571380615234,4.69586976987361,11.201291548044765,59.55627067809516,-16.101883771500418,,,3.8194863435938218,nan,,,0.9902505874633789,,None,4.160511845730574,12.383544444915806,7.353337039629253,0.0790710300207138,10.358155745546668,0.09729932993650436
Gaia,DR3,2260336426260388480,273.695744389958,70.09294577796274,9.834012031555176,0.5917282104492188,4.271581408079725,12.37387638905125,52.53071619865704,-15.800954731844453,-10.934059143066406,0.4675247371196747,4.995920189314099,nan,,,1.0384092330932617,,Gaia_DR3,6.352929228544445,16.195265201019676,4.411343785868494,0.014561791904270649,20.253508132171657,0.013837232254445553
Gaia,DR3,2266423666229448448,278.260755734023,73.45329216391703,16.628948211669922,2.5393972396850586,0.9399300353122458,15.540250585672329,60.870053206373015,-14.718478590806296,,,4.459666613624596,nan,,,1.056794285774231,,None,7.137741365806297,14.813960998481901,7.43981496365571,0.05193273350596428,15.6443952469131,0.05516967177391052
Gaia,DR3,2262737965811799296,287.791003792947,71.04690030683064,19.372920989990234,3.1444931030273438,4.577999881139154,16.988657974177247,69.23602250016569,-14.872198936657687,,,5.127628288035805,nan,,,1.040084958076477,,None,11.547560636920482,14.791857879202041,9.347322675438452,0.281959593296051,10.359280972539574,0.3875802159309387
Gaia,DR3,2264483023909381248,287.5912353361345,72.10900965592653,8.440325736999512,0.10762405395507812,3.6796417205333194,17.27823351278591,68.83896074207928,-14.627562082718768,-19.47456236362457,1.1250636577606201,4.3267013069170055,nan,,,0.8964138627052307,,Gaia_DR3,9.687261570679293,12.763098906944625,8.535021103418298,0.021405810490250587,9.610841355748045,0.020366201177239418
Gaia,DR3,2267887936543246464,282.07547618852135,73.70627498903482,17.283491134643555,2.830625534057617,3.564686344104557,16.562030108733502,64.90328687479378,-14.495198033127368,,,4.802709463404567,nan,,,1.133223056793213,,None,8.969729572053174,15.486736926595771,12.548180523207355,0.0708237811923027,15.956091185172745,0.07681161165237427
Gaia,DR3,2160446035393765120,275.65404229367266,63.778731650412084,10.817191123962402,0.6006851196289062,3.4220709562140903,10.959285795650198,58.26841131518721,-17.299064557370677,-21.2383975982666,2.096668243408203,3.82974518835627,nan,,,1.3222919702529907,,Gaia_DR3,5.414571866439639,10.777938260560434,7.365643046460011,0.052483849227428436,8.821816721602579,0.032045599073171616
Gaia,DR3,2256186182182238592,283.7981612934094,68.3272753406172,16.048507690429688,2.05062198638916,4.953570695221356,14.927085237373552,59.755141788102705,-15.762913090845002,,,4.312688110070222,nan,,,1.0051287412643433,,None,8.563399422986336,12.3769958918765,4.253932278147499,0.048658326268196106,11.06905433105945,0.047201357781887054
Gaia,DR3,2258391287111614464,271.40615535826976,68.33261676465187,12.671738624572754,0.9776210784912109,2.443222646037845,10.71334867073192,61.318484953918976,-16.348629088060758,-5.632051944732666,1.1255661249160767,3.7509999605698305,nan,,,1.1049954891204834,,Gaia_DR3,4.139224904980408,11.93525173772656,5.957651120436716,0.013867907226085663,11.282678395227448,0.015364488586783409
Gaia,DR3,2259208499128543360,280.03026436747496,68.64045456109199,19.31551742553711,2.8086109161376953,1.0170628156339776,13.689528709831045,53.65286531751807,-15.899070136831835,,,4.656965406276326,nan,,,1.088700294494629,,None,8.03501668384111,13.978892080634768,7.523633360525471,0.3078095316886902,13.121301312564107,0.3205311894416809
Gaia,DR3,2264466599955607552,287.92350158237144,71.70287347990696,19.545299530029297,2.7296886444091797,1.248973725995649,17.235465460899828,69.1661047974854,-14.7068984724556,,,4.2882306250935756,nan,,,0.997081458568573,,None,9.694348742824914,12.502384737089944,10.76598405877979,0.3306123614311218,12.14684594509063,0.33997416496276855
Gaia,DR3,2265942080135909504,283.00299711669646,71.88000494447728,16.185007095336914,2.536898612976074,4.401427614672604,15.888035147520437,61.86775340237431,-14.929650297412216,,,4.555827509737557,nan,,,1.2835034132003784,,None,8.799050544879917,14.106082155462898,4.77033365229063,0.09021551162004471,15.38616280625215,0.09371624141931534
Gaia,DR3,2266868865358403968,273.5117629970583,72.66967419089332,18.549909591674805,3.127645492553711,2.811868398003283,13.98451819048421,56.76723866139653,-15.09984840238437,,,4.913348527141778,nan,,,1.0843615531921387,,None,6.181902237168415,16.66681257681542,5.249328037246032,0.18434487283229828,19.42595755710222,0.19390080869197845
Gaia,DR3,1358097869069561344,255.26304847594594,43.90923579349718,11.287810325622559,0.7795095443725586,1.2689916607183334,17.34384002356893,67.32985990635483,-21.600559756031476,-20.788394927978516,0.4745047390460968,4.619758713714111,nan,,,0.8577715158462524,,Gaia_DR3,-0.5369099001207553,7.245096812801727,-1.4612163526831201,0.01239622849971056,8.065467570940204,0.013968149200081825
Gaia,DR3,1360942236930651648,261.56962273191004,44.53415994258298,15.933614730834961,2.4055938720703125,2.4525061188025385,17.48413955991901,67.96373362833575,-21.47195749653774,,,4.728043139292793,nan,,,1.0481125116348267,,None,1.723679463115131,7.604084127566687,-0.5164939974362037,0.03621280565857887,6.625817855557606,0.03797345981001854
Gaia,DR3,1355413411429916672,256.17543192610486,43.608410833558786,18.71887969970703,2.95489501953125,4.97051388617355,17.70321495532036,69.11959554040182,-21.64374558023002,,,4.484829369876918,nan,,,0.9388254284858704,,None,-0.20905473480715142,6.930107962669231,-2.6745689753214106,0.138473242521286,2.9294574591096563,0.16045615077018738
Gaia,DR3,2269005456970093952,274.15295703208494,75.04127930156436,16.24649429321289,2.482940673828125,4.803426475978979,15.836273557993529,61.69193825819143,-14.403951018780802,,,4.544439292347592,nan,,,1.0566227436065674,,None,5.930319948750389,15.93824547296958,7.608238772935907,0.055156707763671875,11.653310673311385,0.05486133694648743
Gaia,DR3,2269028714220987264,272.46133994780183,75.37097448054317,20.235048294067383,2.4174232482910156,4.371822478443173,15.820853855622458,63.0700606392257,-14.351987885194799,,,4.911248634599232,nan,,,1.0942336320877075,,None,5.801247409061656,17.484721251891187,9.583065710504208,0.629569411277771,14.997660802545083,0.5521926283836365
Gaia,DR3,2269274390641733888,277.19918403678173,75.68497207608587,16.5241641998291,2.663768768310547,4.383892809036,16.830579717473476,65.47953016091184,-14.128069789220907,,,4.554044756057326,nan,,,1.1177000999450684,,None,6.944279080009825,15.794356214669062,11.15211914409192,0.056161195039749146,15.879698623526966,0.050850894302129745
Gaia,DR3,2269028718513580032,272.4600177421805,75.36983119456204,17.116539001464844,2.662508964538574,4.924825603589605,15.819741306383168,62.756156283870716,-14.352357279037733,,,4.358304033880133,nan,,,1.0057692527770996,,None,5.147676819617061,15.516014000005638,9.656508412264383,0.06300918757915497,15.136170639865506,0.06711876392364502
Gaia,DR3,1350273877469290624,265.1099889645659,44.82424984579001,18.84838104248047,2.7068443298339844,2.605113408540819,17.959461214155716,69.83288603890267,-21.32943189656185,,,4.7710155334553095,nan,,,2.981736421585083,,None,3.019598223707109,7.678831535279966,1.573445441097886,0.5776790380477905,9.863759665039758,0.5850913524627686
Gaia,DR3,1360939763029504384,261.37247863132814,44.50786970294833,10.998173713684082,0.7079334259033203,3.8315934836268717,17.474284400530046,69.1579315509907,-21.47960708868277,-37.924339294433594,0.41146841645240784,4.367152106995339,nan,,,0.9274484515190125,,Gaia_DR3,1.5266353069742808,7.01834917688298,-1.6367298689591552,0.014223264530301094,8.579276263544187,0.014252113178372383
Gaia,DR3,1358108108271629312,255.0442078240991,43.84114053520786,16.40982437133789,2.749758720397949,3.036207547064881,17.399811590967115,67.53468194129414,-21.607753438563464,,,4.643325933491424,nan,,,1.035398006439209,,None,-0.6171545396849485,7.25537566916573,-1.1755329673113235,0.04149932414293289,4.336279099569792,0.056113794445991516
Gaia,DR3,1358426588685858304,255.81999165678627,43.950086892488116,17.7342529296875,2.5601043701171875,3.527521684076023,17.337913180567913,67.49431127595943,-21.59840449704863,,,4.531571174668613,nan,,,0.9947192668914795,,None,-0.33412633639904776,7.124417663224267,-1.8592141041251147,0.08144935965538025,10.129406245906305,0.09261665493249893
