Catalog,Type,GaiaDR3,RA,DEC,Gmag,Bp-Rp,Voff(km/s),Sep(deg),3D(pc),Vr(pred),Vr(obs),Vrerr,Plx(mas),SpT,FnuvJ,W1-W3,RUWE,XCrate,RVsrc,PMRApred,PMDecpred,PMRA,PMRAerr,PMDec,PMDecerr
Gaia,DR3,503113023106180608,85.30749947494287,75.70656416305916,14.848206520080566,2.6394357681274414,4.406181115925611,35.34906383423726,66.36387949723633,14.230643121110948,-3.5057132244110107,3.5448408126831055,10.488435351289683,nan,,,1.0399318933486938,,Gaia_DR3,6.506952866462974,-112.8355496786623,-3.214150637300758,0.01827387511730194,-113.4788272413972,0.020485928282141685
Gaia,DR3,534119422811015168,23.685864060944265,71.27225112722894,14.494356155395508,2.259444236755371,2.0866438679992783,35.572558933667636,69.88019939166757,8.382683395839486,-27.293140411376953,2.962509870529175,8.764612648479318,nan,,,1.0224628448486328,,Gaia_DR3,88.69097950391972,-38.810197475416686,86.34868327560032,0.0159487035125494,-35.747852323263686,0.019092809408903122
Gaia,DR3,537764235137569664,7.132108461043857,73.36785204622353,9.512042999267578,0.9153194427490234,3.5120266151367168,30.975764719887835,60.39772196491835,3.4297889284195744,,,11.701819173679127,nan,,,18.569171905517578,,None,129.37981925060834,-17.99948242091241,137.8593579286423,0.2516440749168396,-19.776222389679976,0.24929650127887726
Gaia,DR3,534634544008294016,23.905644880474373,72.65850125852582,13.189326286315918,2.091336250305176,1.6381294822544483,34.40742285082056,65.29778487872073,7.927205174096955,-29.853954315185547,0.7696737051010132,11.560957898000392,nan,,,1.1109063625335693,,Gaia_DR3,116.7757807407972,-52.1001311753965,120.66976091221149,0.010816446505486965,-52.98111095208632,0.013062909245491028
Gaia,DR3,552537509587835904,79.7904617003811,77.7075334501397,18.087095260620117,3.637157440185547,2.539034454309292,33.4369441180999,65.33264429809958,12.32888231151425,,,8.903729149103189,nan,,,0.9306314587593079,,None,15.056722925405882,-95.69310479939897,10.372514523101698,0.11341017484664917,-96.57095788460136,0.13775509595870972
Gaia,DR3,503892611210701056,85.19338261522361,76.21223457034094,8.776671409606934,0.7456274032592773,1.9118179001726345,34.84824732289768,66.48080080607032,13.778581406616713,11.695649147033691,0.2503132224082947,12.072587544659488,nan,,,3.9533157348632812,,Gaia_DR3,7.758228124457254,-130.178046186937,3.4054294474400066,0.07652335613965988,-128.0037871259182,0.09281004965305328
Gaia,DR3,560522373483393152,22.50838248169179,76.84953545095625,14.713944435119629,2.2872438430786133,3.7466548782509155,30.682456450437943,66.00150679934598,6.07756043229417,4.569403171539307,4.152411460876465,7.742800632769461,nan,,,1.0489879846572876,,Gaia_DR3,79.09208591127499,-33.87849779901553,77.48826294018443,0.01874159835278988,-27.977033369593983,0.02298201620578766
Gaia,DR3,552059088886879744,72.07919175393091,76.89627781674245,16.722734451293945,2.99063777923584,3.911171838953974,34.234227307435276,69.90643423577527,12.697696529582462,,,8.214402224262372,nan,,,1.018778920173645,,None,25.950248711964655,-85.3580139130829,32.48431408121054,0.04498012736439705,-83.5753025001664,0.04853418096899986
Gaia,DR3,565050883921731072,0.6168635519536567,80.20318718453709,16.145565032958984,2.7914514541625977,4.266312893814875,25.29145284300627,49.530453093446965,1.5168951126675636,,,10.378562760421573,nan,,,0.9984397292137146,,None,115.98779386735167,-3.8028175382225164,115.11792465182498,0.03867979720234871,5.490850879349639,0.03788197413086891
Gaia,DR3,548416540006532736,39.24996519979314,74.86314263118564,11.61318588256836,1.4757709503173828,2.438229026258159,34.376697513926516,66.42216679834782,10.196361048640982,-9.06874942779541,0.384332537651062,12.53253780392436,nan,,,16.047584533691406,,Gaia_DR3,106.15807205170921,-87.5087634321284,100.59677818547084,0.2139880508184433,-90.75966139399434,0.2239452600479126
Gaia,DR3,560522373483393280,22.509197314347738,76.84893313784757,17.033010482788086,3.066690444946289,3.8694967141498506,30.68305629705882,65.66572221592627,6.077935159479779,,,7.78713090178995,nan,,,1.20492684841156,,None,79.54441188010203,-34.073460792021976,76.55469118349508,0.0675928145647049,-28.468833400099868,0.08216015249490738
Gaia,DR3,546929901503106816,34.17721539388791,73.5532170708942,13.792810440063477,2.2953996658325195,3.9929672924087707,35.01184909067927,66.4176700618679,9.906772551939168,-23.774398803710938,1.935718297958374,11.794649801097776,nan,,,1.1316182613372803,,Gaia_DR3,107.13150671102484,-72.95899758932121,113.40322322753777,0.013051261194050312,-65.26254054910372,0.01484542153775692
Gaia,DR3,548760863242028416,39.605257020316884,75.79242691298515,18.34787368774414,3.376810073852539,2.1513334150820866,33.55635144106552,65.29911743581707,9.719134407953735,,,8.987528701963802,nan,,,1.1341750621795654,,None,75.72131970354883,-63.517333178253814,78.75979715226768,0.2000141143798828,-60.800381847624074,0.17364269495010376
Gaia,DR3,554957740838015616,62.93133040752257,78.82494294809483,12.098847389221191,1.4953527450561523,4.014742974117781,32.11817861968296,60.97437480227537,10.445876868853842,15.675180435180664,0.5141499638557434,10.171220663896142,nan,,,1.0278679132461548,,Gaia_DR3,49.071029187181395,-100.17577982422276,40.640145015782146,0.011221218854188919,-101.91492840488309,0.01243384275585413
Gaia,DR3,570830363712456576,88.83528663617224,85.53187950809605,17.4489688873291,2.9990615844726562,2.0999902728566706,25.54037465048131,50.05141448702996,5.32558219012675,,,8.986392458213837,nan,,,0.9596530199050903,,None,-0.6098925390490173,-100.01431509132827,0.2561757795064128,0.08723057806491852,-103.89716678996268,0.07821658253669739
Gaia,DR3,552181890592582784,78.87775774834809,77.78265375849476,14.20285415649414,2.3598947525024414,2.5245688524322607,33.367869269306546,69.04812639460324,12.233643878527257,-16.18705940246582,2.255495548248291,8.07271306035394,nan,,,2.3781890869140625,,Gaia_DR3,15.07124014254121,-86.56559086382728,17.287510703252366,0.031213480979204178,-90.24616572373841,0.032742466777563095
Gaia,DR3,570262500314994560,68.04381688255475,83.97788224962514,19.39129066467285,2.861268997192383,4.180800987844392,27.1256124698397,65.93466706667525,6.404191551269898,,,7.0309513804086325,nan,,,1.0871223211288452,,None,27.464552847252182,-73.08447904449889,31.09365888646507,0.3737224042415619,-78.10737294032468,0.32053062319755554
Gaia,DR3,564206802588430848,5.679633776777162,78.00346921405105,9.672575950622559,0.7928657531738281,1.88613877805607,27.40998312715441,53.23340156863602,2.5525938232497287,-18.9575252532959,0.25110968947410583,9.201265188325277,nan,,,1.2693151235580444,,Gaia_DR3,102.09208552138885,-12.117676444046273,101.57284637019943,0.015842420980334282,-15.739222367473788,0.01677781529724598
Gaia,DR3,565147366066937984,2.6091766356402695,80.54835630562961,14.013385772705078,2.0950145721435547,4.686430416919729,25.362838284282276,61.19487979654614,1.808660572187419,-18.412845611572266,2.5917835235595703,7.137058682395891,nan,,,5.58439302444458,,Gaia_DR3,79.61037393005496,-5.36234203865124,74.08738335897863,0.06928585469722748,-9.745678889512035,0.07765665650367737
Gaia,DR3,567673077417649664,46.75607405733042,79.7092662425206,12.673187255859375,1.7786750793457031,4.549421720203333,30.493975270054342,58.46263562831239,8.24766380298936,-35.07734298706055,1.2295690774917603,9.570344999086469,nan,,,1.7458337545394897,,Gaia_DR3,71.24305685141235,-78.15564713272926,75.7019164844041,0.022664539515972137,-70.13288283695107,0.021982043981552124
Gaia,DR3,842155645507454336,179.0456240487289,56.868255798316916,14.830146789550781,2.6248369216918945,3.9988587422867425,34.57249546849609,66.25048035162206,0.7220327277391583,0.07520918548107147,3.1755197048187256,12.20418240609631,nan,,,1.205284833908081,,Gaia_DR3,-136.47815178298518,2.800630394156755,-127.8014001394811,0.021343424916267395,8.328687354810018,0.022436099126935005
Gaia,DR3,560629094830796928,22.872238897275423,77.27528144133552,15.477660179138184,2.854930877685547,4.6814954348440425,30.380696718245623,64.34444349269613,5.990906953911947,-0.5504541993141174,4.557323932647705,14.077270085052572,nan,,,1.0732827186584473,,Gaia_DR3,143.38830971491765,-62.616766147689574,146.2573814291443,0.027178289368748665,-49.0232977480531,0.029809586703777313
Gaia,DR3,561709742960917632,39.24322172257342,78.67420567727805,20.252660751342773,2.6042098999023438,1.802866946524696,30.894723631544224,58.890348892313575,7.972811731606653,,,10.026556559256084,nan,,,1.1301517486572266,,None,84.93953215255334,-71.27950354626512,85.27277737571865,0.608936071395874,-75.07562236160616,0.710879385471344
Gaia,DR3,563460887028569856,11.69876099977022,77.46166894604067,16.39768409729004,3.094618797302246,2.5689148447485604,28.699815340447188,60.936236340229186,3.8009252725745712,,,13.427182243488406,nan,,,1.0252641439437866,,None,146.18781862681092,-32.762289882329306,141.7372303342146,0.05250418186187744,-27.01186061535702,0.04786710441112518
Gaia,DR3,538305469731797632,12.516356206098987,73.48915175144994,18.867441177368164,3.295228958129883,2.6914999651396645,31.859110229040223,66.79269735989794,4.802061949816903,,,7.959108319479079,nan,,,1.0593899488449097,,None,86.35532568027567,-20.11495929541581,81.8410946538718,0.195342019200325,-19.990001566867154,0.21366217732429504
Gaia,DR3,538407208921893248,13.827384215588701,73.92226907272382,14.866471290588379,2.284605026245117,3.5712138215771607,31.74215473236084,64.77234996241846,5.036329818805229,9.395907402038574,3.1987695693969727,8.257493077872837,nan,,,1.017935037612915,,Gaia_DR3,89.05712809043123,-22.895752197255756,82.8971792149992,0.019418874755501747,-22.05814693247193,0.021622255444526672
Gaia,DR3,575028677065311488,86.07073982899433,87.37841919587346,18.597457885742188,3.3066673278808594,4.447987769419015,23.74642293470912,55.175079566506305,3.6206647194650206,,,7.398675185619215,nan,,,1.0087765455245972,,None,3.489191083732141,-82.49683882593523,3.032037267096761,0.18534338474273682,-75.57432374368514,0.1733619123697281
Gaia,DR3,792275437224230016,179.78498391727342,52.94820041017933,19.466079711914062,0.8481616973876953,3.4177836414310203,37.45634848962634,69.76113530296695,0.233825061294068,,,10.752504607223983,nan,,,0.9845027327537537,,None,-120.21905978005302,3.8119440228963555,-114.72113500789047,0.18868349492549896,-1.646273349102108,0.2046114057302475
Gaia,DR3,554451690612258048,55.15109543038645,77.6521258677101,12.06271743774414,1.2773818969726562,4.102568663696176,32.94443559269757,68.41468538678635,10.643083931835427,6.826564311981201,0.5661130547523499,8.04043518937265,nan,,,0.9186134338378906,,Gaia_DR3,49.41578021552259,-72.95125718460224,53.27489702630941,0.008952553384006023,-67.16648753141095,0.010883324779570103
Gaia,DR3,564417943180858496,3.1590131996105892,78.36689525075872,14.087922096252441,2.0036697387695312,1.6268631551350754,26.782149007080367,53.435720725023074,2.045208642064921,-36.68416976928711,2.208836555480957,8.620922958975674,nan,,,1.0007449388504028,,Gaia_DR3,96.09122418299738,-7.250863822644186,93.68015860147115,0.016571728512644768,-5.539610434875951,0.01738237775862217
Gaia,DR3,566044254019782272,24.836804480840886,81.80044628773072,12.484993934631348,1.561131477355957,1.3251521100256969,26.972935346453728,52.22872774555003,4.5428586087518665,-9.483926773071289,0.6729897260665894,9.346584712537245,nan,,,1.081904411315918,,Gaia_DR3,93.6671031122039,-45.58186033715556,91.10893777072135,0.012423263862729073,-46.10455422320751,0.013815708458423615
Gaia,DR3,570971444799206016,56.13908440854134,84.07250101013956,14.8622465133667,2.557096481323242,2.9680272848617535,26.786103328832166,55.22361680479363,5.817995571937993,5.2813920974731445,2.926970958709717,12.065649225753338,nan,,,1.13811457157135,,Gaia_DR3,72.1995243586565,-113.06993684648617,65.08905176053136,0.023061538115143776,-115.60646046656662,0.025719448924064636
Gaia,DR3,569832110235197184,61.25992882333977,82.31416073242724,15.313030242919922,3.0283823013305664,4.420652126866385,28.636999070539062,66.26870163495421,7.4930743407201925,,,15.723193894046416,nan,,,0.9331667423248291,,None,80.4512104898661,-154.41888185769375,66.19865925225699,0.04936119168996811,-151.01783012516955,0.05010749399662018
Gaia,DR3,566295668522482432,20.680307736921133,82.15512501765217,14.990392684936523,2.620218276977539,1.4211850501170877,26.32659378993382,51.40987915014625,3.9212280494498133,-3.866848945617676,3.2131805419921875,10.502671935414181,nan,,,1.0149344205856323,,Gaia_DR3,108.7545928665421,-43.587978848139656,109.96543721770587,0.02282142825424671,-46.492278531985356,0.024930575862526894
Gaia,DR3,574304579938335488,40.51152765498103,85.00672899490279,15.371381759643555,2.5091800689697266,3.629360441380431,25.354041769167697,55.145690606203985,4.283697781485161,-7.1600565910339355,8.662582397460938,7.76860221500736,nan,,,0.9591732621192932,,Gaia_DR3,64.5398342810141,-57.769021072312995,61.01948081256848,0.027582921087741852,-52.97987843506365,0.028456728905439377
Gaia,DR3,572806735864107392,29.315492051557925,83.60585774763592,12.196146011352539,1.615591049194336,4.1899825310452465,25.902222942951145,51.57179357963747,4.217389990229543,-4.3862786293029785,0.4579055607318878,11.005204887039321,nan,,,1.0675872564315796,,Gaia_DR3,105.68658204992707,-62.36925881178912,97.24699934035175,0.01154857687652111,-57.545645858099874,0.013012670911848545
Gaia,DR3,573470703448603008,5.339493893243975,84.22061716848872,14.650221824645996,2.439042091369629,1.9036932945490188,23.62412529042581,48.30151959163506,1.8300291233446142,-40.158084869384766,2.592724084854126,11.090865775250903,nan,,,1.0421249866485596,,Gaia_DR3,123.14805238669649,-14.43995708462132,124.89755527975849,0.018796566873788834,-10.347245416628274,0.022375982254743576
Gaia,DR3,565847304002890112,23.701156204667615,80.47203856179286,17.377567291259766,2.984325408935547,3.9362397962020608,27.9065233844084,66.38973053751444,4.9209746181120115,,,7.121829118639673,nan,,,1.0031932592391968,,None,72.0582505694084,-33.162626309005304,69.6047444125873,0.06676458567380905,-38.538935081670665,0.07805272936820984
Gaia,DR3,864359900578101248,177.86346068817437,64.93465897102931,19.145692825317383,3.762065887451172,4.313094277521457,29.005182433428825,59.8734539833871,1.330932810002519,,,12.809990679079155,nan,,,1.0646389722824097,,None,-143.25114100788426,-0.040628203297252696,-133.38762089909156,0.24648326635360718,6.15396214897021,0.23585852980613708
Gaia,DR3,576253189420364672,16.79318742931146,88.36624081283735,14.427465438842773,2.0771970748901367,4.6040136223201875,22.02103025807556,60.73420615446826,1.6734700395522975,2.0845913887023926,3.6972224712371826,6.702574393500856,nan,,,1.0880298614501953,,Gaia_DR3,71.16451557078791,-23.485233055195316,68.10603433516326,0.019572705030441284,-17.743712903323736,0.019406968727707863
Gaia,DR3,1058157934599498112,174.07471589681674,67.91306829314838,15.68105697631836,2.7526063919067383,3.741472424845925,28.14472700312256,56.10078294997181,2.645012308257442,10.546281814575195,3.872124195098877,11.59995809553446,nan,,,1.0260326862335205,,Gaia_DR3,-129.34274919596103,-8.1456688519267,-137.1158560319463,0.0342281199991703,-3.3197565609682202,0.03548267111182213
Gaia,DR3,574411095128142336,54.40832438968731,85.76166005548176,18.468570709228516,2.9852256774902344,4.465411345637759,25.12921437340507,63.98008530668766,4.441146730570908,,,6.88170605925348,nan,,,5.159524440765381,,None,43.12430236246902,-63.44105285223407,43.0946662143283,0.5847845077514648,-56.963001987621574,0.5668818354606628
Gaia,DR3,1054945264702268416,169.34081194290732,64.56464609194717,15.935479164123535,2.8091936111450195,2.5120865405297326,31.8370422313438,60.531616924287015,4.702499635973481,,,10.022009981847267,nan,,,4.837127208709717,,None,-110.6552807273709,-15.000877018603148,-107.15030749219108,0.1511450856924057,-18.986290014365057,0.15918534994125366
Gaia,DR3,561761042051827584,37.81820910603604,78.92624023652614,18.41964340209961,3.7138423919677734,2.020871307970856,30.547265289214263,61.006617705678984,7.630616025131687,,,12.39073337403691,nan,,,0.9262523651123047,,None,107.1847976292667,-85.58817239803912,106.0744767318199,0.15950070321559906,-80.4275657619301,0.18178103864192963
Gaia,DR3,859085371500193408,171.510454064591,59.338733752369045,18.183183670043945,3.6397018432617188,3.0820074769275876,35.12491405107524,66.24100268177385,4.315647902401031,,,10.026037937614207,nan,,,0.9586402773857117,,None,-111.29517917286339,-10.422639933610398,-105.02997981122171,0.11139752715826035,-8.639171435457225,0.15002736449241638
Gaia,DR3,1054887849579472512,168.99835698820564,64.30830114843434,16.924606323242188,2.9364538192749023,1.1002702077232713,32.12541199327802,69.00659202497643,4.869756355708198,,,7.7269482451899725,nan,,,1.0789881944656372,,None,-85.23135754264975,-11.990524200937077,-83.49517212179283,0.053984738886356354,-12.435295351019851,0.054841987788677216
Gaia,DR3,1057061549708020224,177.04205257487328,66.95884280769315,17.069704055786133,3.029691696166992,2.686923615605849,27.902481254463332,56.6960114301713,1.6269914996055501,,,8.358329503510276,nan,,,0.9860802888870239,,None,-93.4450496549229,-1.3423431349460735,-96.92666848692424,0.07086845487356186,-4.550612813686734,0.08916725218296051
Gaia,DR3,1070015274152259200,145.04952983453728,68.32218942702563,19.653350830078125,2.95672607421875,2.425702276932263,35.152769972552214,67.17164155884139,11.905295697420396,,,9.421022760500513,nan,,,1.1059805154800415,,None,-87.92049888328297,-53.07031480004585,-92.61201277689818,0.3066757023334503,-54.16509895662295,0.3821997344493866
Gaia,DR3,1078744262604957184,167.145340165906,73.5414655962769,14.249361991882324,2.2613525390625,4.7683283395015525,26.45087549870327,51.81054415324167,4.104092471523645,4.673235893249512,2.5059080123901367,8.979663506306757,nan,,,1.097940444946289,,Gaia_DR3,-98.4621676611655,-18.29730771374775,-90.27707311917183,0.019558245316147804,-14.491886496952736,0.020581040531396866
Gaia,DR3,1072421963370294912,162.33858649542282,68.05476187978331,12.638834953308105,2.0884618759155273,4.598976664748488,31.246193056884163,65.52941914308506,6.6229479763778984,-3.921424388885498,0.6487610340118408,14.179254275427141,nan,,,5.695453643798828,,Gaia_DR3,-152.31569374473668,-39.56848048034048,-155.63311762382256,0.057511571794748306,-26.227830449002703,0.055783260613679886
Gaia,DR3,1055874107214018432,166.00632085922598,65.1160756743727,18.708974838256836,3.2588157653808594,3.3788466140844604,32.39411742834486,62.38711784977762,5.909013323974342,,,9.284338943308532,nan,,,1.0181207656860352,,None,-101.37690241841946,-19.368355245284356,-100.79272984397845,0.15452811121940613,-12.781020546026038,0.1825026273727417
Gaia,DR3,1056156445479828352,171.87968663829713,64.29617519960316,11.379918098449707,1.1616401672363281,3.6346775120127957,31.278114083726496,60.172142097036186,3.726510467727575,9.164573669433594,0.2527249753475189,9.367658953111473,nan,,,0.9416995644569397,,Gaia_DR3,-104.0666175869429,-9.834707878677605,-103.90640867961464,0.01472561713308096,-17.010668642648564,0.015370101667940617
Gaia,DR3,1052142162886358400,154.35367789126667,63.14017873094519,16.020408630371094,3.057131767272949,2.408460354556782,37.12398351547416,69.42892752489885,10.863330234694214,,,10.308185597756486,nan,,,0.9927522540092468,,None,-105.20445639251281,-40.87157945689998,-103.24085765924094,0.028644517064094543,-36.02014385861166,0.03377091512084007
Gaia,DR3,1059148113539715968,166.81075502416078,66.57542872209002,9.166755676269531,0.9197664260864258,4.107015304658133,31.106638315932646,68.53106245117678,5.365892174585696,-0.4447401762008667,0.1357976496219635,7.539637264455045,nan,,,1.0386019945144653,,Gaia_DR3,-82.57400774979864,-14.900711698530536,-88.29699837917276,0.012565389275550842,-11.76068067790869,0.01345930527895689
Gaia,DR3,570302215877735040,74.76194344232596,83.3383698020101,18.380687713623047,0.2401256561279297,4.281357465532795,27.81560398444705,53.52228957258232,7.165506108345699,,,9.72955071011572,nan,,,1.043987512588501,,None,25.817591031969297,-104.70330812326843,17.07409028831286,0.16159819066524506,-103.88793791495992,0.15352697670459747
Gaia,DR3,1074059106120060160,162.50765746983518,71.63175194783712,16.792055130004883,2.9855337142944336,4.4496563911586104,28.726921065277235,59.918826301585206,5.737338073836649,,,8.060164152525683,nan,,,0.9976917505264282,,None,-86.65710660270521,-22.90877701383058,-79.09752829556804,0.04828467592597008,-22.77888486998997,0.0535736009478569
Gaia,DR3,1074722111631403264,175.99908035316585,71.67729405073976,11.271488189697266,1.086191177368164,4.703887001298673,25.337809168608945,65.7611446055877,1.8620483199894053,-12.761601448059082,0.39382120966911316,6.78372979272324,nan,,,1.63619065284729,,Gaia_DR3,-75.79382639730434,-2.5874869392353084,-75.7090825147657,0.028223980218172073,-9.313880359716801,0.025802940130233765
Gaia,DR3,1054945260406739200,169.33843996994685,64.56624715187617,16.191478729248047,2.848505973815918,1.9563298597098564,31.836569668526856,60.69692480437985,4.703231940541386,,,9.757369691250656,nan,,,1.0181987285614014,,None,-107.73260917015101,-14.609063438409493,-105.42577494199723,0.03672662749886513,-17.906289823974618,0.0375388078391552
Gaia,DR3,862234961213875584,166.25215425197572,61.795607477142255,15.272733688354492,2.784573554992676,3.5757711632210354,34.838649749120485,68.57730184108159,6.36687195583964,8.406072616577148,4.122133255004883,8.740233158988127,nan,,,3.9707765579223633,,Gaia_DR3,-95.52550026346468,-17.210609731962613,-90.35404334853924,0.08479316532611847,-13.128470012779204,0.09464317560195923
Gaia,DR3,1122925732185955968,121.90526806567738,72.81222004326598,15.550222396850586,2.7187795639038086,0.7864526613755395,35.32294907949557,69.06176279348392,14.221795830184412,,,8.857264089523827,nan,,,2.1685121059417725,,None,-54.553180709266385,-78.32423619399421,-53.2525350969985,0.04186851531267166,-79.00593212608787,0.05145678296685219
Gaia,DR3,863158860218728320,178.57890396913646,63.135799728310566,14.498230934143066,2.0609216690063477,3.352863335025322,30.032933608040732,58.37864368499913,1.0316173472839,16.368398666381836,2.961926221847534,9.093035581210444,nan,,,1.0085675716400146,,Gaia_DR3,-101.6912020271986,1.1840609786355785,-96.675085263029,0.017958682030439377,5.202316318915015,0.01946374401450157
Gaia,DR3,863826985331289728,174.62881742705838,63.85344423505564,17.189098358154297,2.8713836669921875,4.811480901380873,30.76013819389207,68.59756635920517,2.648697253676657,,,7.456007557226307,nan,,,0.9804028868675232,,None,-83.19470933862306,-4.206078869228726,-75.63203279578227,0.057664740830659866,-4.221374442845875,0.07051057368516922
Gaia,DR3,1065507585714707328,149.400030494844,65.25097172627157,18.226940155029297,3.603790283203125,4.744756853846489,36.65924477877917,68.99793847875614,11.878738567928977,,,11.99274672042242,nan,,,1.0374269485473633,,None,-117.20454950538874,-57.94296428560525,-119.41165312618588,0.11184964329004288,-46.15210301918984,0.12454286217689514
Gaia,DR3,1072624067351412480,166.58868064071058,69.5817832320445,18.372732162475586,3.5152969360351562,3.5725367286630427,29.08161783608651,57.26906732327865,4.937325640453485,,,8.819564683075825,nan,,,0.96435546875,,None,-96.51365757783014,-18.28056769712405,-90.63623912459418,0.1550837755203247,-15.186149203915672,0.14614367485046387
Gaia,DR3,1073810479053112192,164.522179764596,71.21165608948225,17.520299911499023,0.2753257751464844,2.6019372461437196,28.520928135505425,58.51829487319869,5.256038930928579,,,12.48660709244236,nan,,,1.017509937286377,,None,-135.51548378710535,-30.88776042776051,-135.75495394903925,0.08400499075651169,-37.73265801452751,0.08618339896202087
Gaia,DR3,1070166869317450368,147.69604927417606,69.31214568624299,15.920610427856445,2.9502716064453125,2.003363535354186,33.787569602458774,65.1996242551501,10.709494356038972,34.756256103515625,7.531403064727783,9.183136904490919,nan,,,7.268134593963623,,Gaia_DR3,-88.2220753462623,-48.36255243118228,-84.87719189998248,0.18116307258605957,-46.39964226919345,0.18920837342739105
Gaia,DR3,1074876799173629440,179.77457935623295,72.55404182658773,12.839861869812012,1.4814767837524414,3.2026498899513225,23.89092747727775,60.5984368251633,0.7870676661473164,-12.459141731262207,1.273089051246643,6.955553859009743,nan,,,2.7710914611816406,,Gaia_DR3,-77.76732965527844,2.1943047308952686,-77.74443017728979,0.03513912484049797,-2.5016870421490176,0.03162224218249321
Gaia,DR3,1077095437544165376,162.6987282338158,72.19278226302347,18.453950881958008,3.3826751708984375,1.3801079453824288,28.313715309354833,58.020874726798695,5.553133384522313,,,8.25337152030171,nan,,,0.9855489730834961,,None,-88.81857945749879,-23.27272974669504,-89.49268624993248,0.13113144040107727,-25.577407299839173,0.16065941751003265
Gaia,DR3,1123265859235979264,129.64897753346006,73.64640340405826,8.418461799621582,0.6096563339233398,2.51142094196188,33.51453566088606,63.31144364829596,12.38866852955189,-1.416854977607727,0.17183642089366913,10.432982068897434,nan,,,1.0460342168807983,,Gaia_DR3,-76.79444217111838,-83.54394524906223,-71.68069643467402,0.013150607235729694,-81.45603998455071,0.01642719842493534
Gaia,DR3,1071740064298599680,148.52946405110586,71.3470903211829,15.7426176071167,2.4821271896362305,4.82822904266789,32.03102024217308,64.89578033440156,9.603459756405051,,,8.3432781373762,nan,,,1.0354573726654053,,None,-80.83986019494239,-43.47166088779878,-87.9097656482008,0.025308461859822273,-38.767145696077684,0.027449674904346466
Gaia,DR3,1080067554913262080,166.43260891119,75.40683586340786,20.589597702026367,2.56317138671875,2.55490463993701,25.55003439336077,53.98870361962349,3.950199914422436,,,7.993082455974601,nan,,,1.1880325078964233,,None,-87.41882409961003,-17.557372822644894,-83.11793932591785,0.9553300738334656,-17.747174356055094,0.8530257344245911
Gaia,DR3,1116669339226107648,92.87159414279397,76.81741782437362,11.825390815734863,1.294377326965332,2.109353117918178,34.003875900029804,67.02898496356407,13.222513350389047,27.72478485107422,0.3632965385913849,8.728210325888902,nan,,,0.9025391340255737,,Gaia_DR3,-7.461499563444303,-94.25748217239422,-7.5620336189866615,0.010278924368321896,-90.3775864343095,0.010179559700191021
Gaia,DR3,1116669339226107392,92.87585456083474,76.81815801149297,14.728071212768555,2.3158788681030273,1.5267945264896614,34.00297241183783,67.00420285922382,13.221783249050354,27.22869110107422,2.7831897735595703,8.734258094662634,nan,,,1.2591907978057861,,Gaia_DR3,-7.473911601630721,-94.3225669732049,-6.2477095701181,0.02366166189312935,-91.79284388117011,0.02375091426074505
Gaia,DR3,1131969971238353920,140.26676004210145,78.55823896809359,11.258750915527344,1.1905632019042969,0.722831718906003,28.081558330196025,54.0515040064185,7.6819616371145845,-10.887869834899902,0.37079548835754395,9.611792665555846,nan,,,0.938483476638794,,Gaia_DR3,-84.44981362719314,-64.70112720214324,-85.83102617680106,0.01309553999453783,-64.21384687808374,0.01608026586472988
Gaia,DR3,1079344630312737664,177.45667021191198,75.1181806248812,18.457368850708008,3.4135093688964844,4.567620246707319,23.257651843427727,61.77723895348326,1.4039657263283605,,,6.785433725188411,nan,,,1.0012301206588745,,None,-75.87214332429812,-0.8786421505671278,-76.04334681341876,0.15602226555347443,5.652810232633445,0.17241938412189484
Gaia,DR3,1115232552405993216,105.72882418499101,74.35509510885252,17.57463836669922,3.2760982513427734,4.248371702971923,35.60935545870523,68.10902469677242,14.809097721697976,,,9.372539625443785,nan,,,1.0258084535598755,,None,-31.067350834514635,-95.75898490997565,-25.534156132299568,0.07910218834877014,-102.07117039073718,0.09095975756645203
Gaia,DR3,1075041416680200064,172.75322945720208,72.29063436204746,14.69518756866455,2.242918014526367,2.581088328884441,25.82516546399384,51.97875110799429,2.7536912820935946,0.6714913845062256,4.334489345550537,8.50407564658174,nan,,,1.0924633741378784,,Gaia_DR3,-94.6288206632974,-8.397791224490017,-91.09010434634104,0.02196761593222618,-5.416388142891051,0.022204402834177017
Gaia,DR3,1111607496929984128,107.62773094095857,72.47289270344503,19.037275314331055,3.380990982055664,3.9741198915288605,37.23720269064016,69.41782417313598,16.22670489849897,,,10.701812264065245,nan,,,1.0638086795806885,,None,-39.2416623661738,-107.0023249097227,-42.688777820084645,0.1597643345594406,-98.7256607297663,0.2010597437620163
Gaia,DR3,1128890445327297024,177.07906436672855,78.25653179691285,15.527579307556152,2.5213966369628906,2.4257499967692566,22.118344048051036,43.17344553111269,1.4393495642376246,-5.310517311096191,7.555676460266113,9.431894071751588,nan,,,1.0181771516799927,,Gaia_DR3,-105.44906044356316,-2.0528924179393613,-100.80272991760519,0.03484467789530754,-0.7586833475701291,0.034276049584150314
Gaia,DR3,1132817484249285248,162.5443817203882,79.3944033471061,15.006393432617188,2.864809989929199,4.9184355447760435,24.224950754454643,68.03597328718979,3.8588909816413883,12.408000946044922,4.3362321853637695,18.044082862101277,nan,,,1.0935916900634766,,Gaia_DR3,-194.03261115913816,-53.64281400415333,-209.81016504471893,0.03169146552681923,-43.587986626786154,0.027264177799224854
Gaia,DR3,1125725088790486784,132.34429656880855,76.8748719321834,14.094427108764648,1.959773063659668,1.7509410797187464,30.44965211443862,67.62476683290113,9.84855278215564,24.62119483947754,2.8140175342559814,7.494127541800594,nan,,,1.0857983827590942,,Gaia_DR3,-58.068412229273974,-58.424074394262384,-57.01804223350667,0.014929505065083504,-60.98309714049562,0.015985218808054924
Gaia,DR3,1119874243821097472,147.5330702792565,72.15200035769526,15.872718811035156,2.697665214538574,4.80737899538411,31.620853777278292,60.433409007039714,9.499110866070968,,,10.932982652955033,nan,,,1.105848789215088,,None,-104.85431611297196,-59.01518791632379,-114.58208245700062,0.03130711615085602,-53.710835673837174,0.0375862643122673
Gaia,DR3,1128890514046773888,177.04444258628152,78.2544895034262,16.254562377929688,3.0342836380004883,4.795698624802354,22.125668626824314,43.60461959449334,1.445905505552659,,,9.980490723688078,nan,,,1.2593580484390259,,None,-111.58072097486819,-2.2382017776365792,-101.57417897986697,0.06414498388767242,-0.942418071798605,0.06490235030651093
Gaia,DR3,1124368222722173952,142.2900788021133,75.08835364072154,13.842470169067383,2.0740280151367188,4.50437691097326,30.35362244726122,58.150875551449474,9.215539284150738,9.916696548461914,1.3541349172592163,9.628798096230277,nan,,,1.0751044750213623,,Gaia_DR3,-86.8986807088811,-60.82595715674953,-77.84500330353609,0.013264345936477184,-62.1022762022282,0.014360097236931324
Gaia,DR3,1129422299717456768,164.9853212592549,77.77007971231791,5.9392242431640625,1.1168389320373535,3.6537243126034378,24.598440870946078,69.13958020389813,3.7941176921507864,-52.71384811401367,0.11485519260168076,6.481760916302403,nan,,,0.9923188090324402,,Gaia_DR3,-70.48479849917285,-16.19338226636597,-69.5671356752337,0.026024427264928818,-21.10084421664034,0.025676455348730087
Gaia,DR3,1116707130641230848,90.17879968837971,76.92278838811136,19.2847957611084,0.9831790924072266,1.226939117322052,34.00149568719165,64.6843463052156,13.158215248148267,,,11.555210051365444,nan,,,1.0372307300567627,,None,-3.81389107442093,-125.15927920435739,-5.008252444777044,0.22517676651477814,-122.41952858167086,0.24274428188800812
Gaia,DR3,1119711035063920256,145.51906809480377,71.0748173382713,11.717479705810547,1.2636423110961914,2.1054420539205774,32.85607979627236,65.5054392704656,10.491229379577451,7.055329322814941,0.40795788168907166,8.558571840169078,nan,,,1.0282522439956665,,Gaia_DR3,-80.30131734123222,-48.56774554481866,-83.54762712544,0.010987985879182816,-46.59501782988031,0.01260785199701786
Gaia,DR3,1131107919762758144,153.9557081249081,77.63439652245293,16.51106834411621,2.8655881881713867,4.182011725856025,26.61805861351286,51.719126923485405,5.885179569016214,,,9.218466185616279,nan,,,1.0199456214904785,,None,-93.78782286098347,-41.312159318341614,-96.39923304568647,0.046474963426589966,-49.008273601815226,0.05490313470363617
Gaia,DR3,1127338415945697024,145.702615380412,75.11719347810464,15.014881134033203,2.207076072692871,1.7503480695612266,29.74853526050698,64.2849346963601,8.532130506634687,20.88509178161621,4.771228313446045,7.723403136496866,nan,,,0.9527804255485535,,Gaia_DR3,-72.6154984516061,-44.69969350995669,-72.07592305394678,0.021903347223997116,-47.49801342110399,0.019750453531742096
Gaia,DR3,1144040719125893248,134.81409240889874,79.42300502538917,11.91833209991455,1.8452262878417969,4.993296993967071,28.13579198678501,68.3440690771747,7.898709517707214,13.390031814575195,0.4187760055065155,16.85966130016201,nan,,,1.0694078207015991,,Gaia_DR3,-136.37489621915492,-127.20685416307614,-150.6813480787125,0.011058532632887363,-137.7085311417068,0.011904116719961166
Gaia,DR3,1147054819798923008,166.50317847468304,84.00807444539699,19.137720108032227,3.3865489959716797,2.1764341972944923,21.96336089830652,58.36535150219216,2.3418046628827955,,,6.852563058369285,nan,,,1.0277236700057983,,None,-74.96483650946907,-15.645033766903413,-72.9904414551693,0.24431701004505157,-18.09183471584863,0.29753783345222473
Gaia,DR3,1129747544704873728,167.5652196047706,79.03852998914293,17.810068130493164,3.2227954864501953,2.864048712100191,23.550124958478207,58.415858322776884,3.0874178129268834,,,7.074376762868567,nan,,,0.9693390727043152,,None,-77.68260645807604,-14.37694863211259,-76.9487359850228,0.09996791183948517,-18.5847298243901,0.10331035405397415
Gaia,DR3,1080301961344067200,171.44350837662168,75.45726836581703,13.882709503173828,2.6098623275756836,2.6246346602548942,24.448522690786508,66.09450368179769,2.793299590348437,-0.07802637666463852,1.4270389080047607,17.129982768551375,nan,,,1.1483887434005737,,Gaia_DR3,-190.1260101389565,-21.65214503009434,-185.52238330562966,0.016153210774064064,-29.93702675852923,0.01701214723289013
Gaia,DR3,1127219496889816448,151.26309425222584,75.2051357593798,17.70055389404297,3.4088706970214844,2.6208623385938794,28.685719997031164,55.04881201025885,7.352704898527849,,,10.046482310996696,nan,,,0.9925433993339539,,None,-99.90765546416156,-49.046452014185284,-103.18568983600947,0.08619612455368042,-44.56705309442683,0.10041231662034988
Gaia,DR3,1138022885828807296,126.11282957409475,77.87953392188673,16.738056182861328,3.1144304275512695,2.3739826373790045,30.39229568889485,58.05858454402139,9.98877711178025,,,9.87353650815871,nan,,,1.0847368240356445,,None,-67.41078780366331,-84.98095710108132,-62.63292539624105,0.04969867318868637,-83.72059321923255,0.055381130427122116
Gaia,DR3,1151519047461300352,143.26310494741534,86.51782144158237,18.034639358520508,4.041528701782227,4.492220469416283,22.75263237738078,46.67738671788257,3.0542515404546586,,,10.968095808546602,nan,,,2.407350540161133,,None,-100.20155144128587,-70.44938248070322,-110.47409540031435,0.2565799355506897,-68.91270829995675,0.25742366909980774
Gaia,DR3,1146262660327678464,148.30424769141834,82.08799659834429,10.530707359313965,0.8237428665161133,2.867822985486552,24.755295241185074,61.49061462782754,4.856802738083649,3.767951488494873,0.22252604365348816,7.0155278493468805,nan,,,1.0921250581741333,,Gaia_DR3,-67.820466256971,-38.826239589571315,-64.25078941712631,0.017849797382950783,-36.535726983891074,0.017586681991815567
Gaia,DR3,1349919942100408448,269.27123868238436,45.85643158591354,6.724460124969482,0.660250186920166,1.5433524640070209,23.866029063104303,55.77062591938401,-36.05855025438615,-32.1540641784668,0.14657804369926453,13.530805155964181,nan,,,0.9542277455329895,,Gaia_DR3,2.06962552916789,110.96114695275332,4.826235103132713,0.026979956775903702,107.52874434836653,0.026033349335193634
Gaia,DR3,1350924723929453440,268.0151905040817,46.977089825314515,11.43913459777832,1.1269712448120117,3.385589095492749,22.600920458790235,45.37502605144859,-35.2934955365327,-20.133289337158203,0.4374949038028717,8.570657760751049,nan,,,0.8770787715911865,,Gaia_DR3,-0.7902382295915569,71.5505751364803,-1.6048045319169115,0.012379422783851624,65.48803586370798,0.014512217603623867
Gaia,DR3,1115649542191409664,101.57344988561728,75.71631356241008,12.1263427734375,1.543222427368164,4.010766545785583,34.610714851853274,65.25352499200616,13.902444000221834,6.809325218200684,0.37781575322151184,10.161324837138354,nan,,,2.910277843475342,,Gaia_DR3,-25.729019194476507,-106.63147634900878,-34.22276787022177,0.02124478481709957,-107.92380635834394,0.028405001387000084
Gaia,DR3,1131297138841608832,150.8985241688561,78.26829916417893,15.586723327636719,2.517374038696289,3.080791886923495,26.71834221611101,68.15935958547566,6.166414925799882,31.94707679748535,8.381803512573242,6.802402467022034,nan,,,1.0249215364456177,,Gaia_DR3,-67.42395745672736,-34.14611286808473,-67.26425700245,0.030566789209842682,-38.56112660469024,0.03485093265771866
Gaia,DR3,1134850726062990848,173.63166378182575,83.43101807881862,16.681381225585938,3.0051393508911133,4.961147522016614,21.328161646402254,41.94857106337539,1.704740828653562,,,9.77648639841672,nan,,,1.0705091953277588,,None,-108.94222407268249,-8.911508097774362,-105.3535197047236,0.06670396775007248,-18.48587092665234,0.0737658366560936
Gaia,DR3,1136626845362870912,116.06397248248057,75.84038226105663,20.328163146972656,1.1731739044189453,1.428003360154585,33.2716594052328,63.26307154248933,12.658149749337667,,,9.747790489064512,nan,,,0.9131383299827576,,None,-50.46582953749048,-93.09014377722883,-52.54464465047375,0.5390864610671997,-91.01902694673315,0.7014510035514832
Gaia,DR3,1149936644071846784,93.15351484750197,84.32929396725467,14.576149940490723,2.340290069580078,1.9574109067620364,26.63964075507739,55.970927454422814,6.414430720792435,-41.75395202636719,2.525974988937378,8.0246564214701,nan,,,1.092746376991272,,Gaia_DR3,-7.300250827714304,-88.80745279802325,-7.416917506207848,0.024324875324964523,-85.49819930321853,0.018424415960907936
Gaia,DR3,1364812135607228672,259.63069771710366,46.496001878509055,13.65461254119873,2.3977699279785156,0.1911468090431692,22.398843298629167,57.87124508170766,-35.190608927634855,-33.83686065673828,1.1642749309539795,14.692042009775713,nan,,,1.1591333150863647,,Gaia_DR3,-25.297886827839196,120.31406266433059,-25.852663677553586,0.012940964661538601,120.10738171300562,0.01370577234774828
Gaia,DR3,1365177624441021312,260.71381556864185,47.01768609222781,15.23037338256836,2.522221565246582,3.6491694538669237,21.92205726348898,44.99931964695247,-34.934507557702304,-6.38066291809082,6.569934368133545,10.810448767304939,nan,,,1.083950400352478,,Gaia_DR3,-16.35287094630279,89.49625731920588,-11.386232407390558,0.02407127246260643,82.82594985871228,0.02872912958264351
Gaia,DR3,1152669892539841408,117.368092194112,88.35155767034158,15.754999160766602,2.771866798400879,4.9111089226544005,22.430205185711024,52.570518914754594,2.5341155162739097,,,13.013885224775649,nan,,,0.9831047654151917,,None,-70.29352837179067,-127.29146732038926,-59.07706468807726,0.040505070239305496,-134.75631748813535,0.03428605943918228
Gaia,DR3,1296419286840277376,223.41702613969133,39.52544616377702,16.350357055664062,2.7042922973632812,4.237357334447345,34.263409847652625,68.83020201311194,-28.116514903667344,,,8.428584568188333,nan,,,1.0603585243225098,,None,-66.73425129054573,44.01128139949732,-60.729794280970395,0.03721503168344498,39.468890423222504,0.04393754154443741
Gaia,DR3,1139308833397481600,123.21171618021215,80.3165627658395,13.764989852905273,2.0267553329467773,2.5806868816517086,28.64711139566318,59.326114614070704,8.51131128274284,-7.110598564147949,1.3692982196807861,8.134185706265564,nan,,,1.0418120622634888,,Gaia_DR3,-51.81778289251632,-73.35566226640562,-56.24177856635686,0.012552328407764435,-73.24907460901282,0.01417501363903284
Gaia,DR3,1141245069078168192,101.10901668501823,79.16847533899885,20.013648986816406,3.008138656616211,4.785971064833892,31.322221546266235,61.99396364065454,10.899730821333536,,,8.696666634659708,nan,,,1.0730860233306885,,None,-21.251816457097384,-92.80399697945882,-15.095918639174906,0.44042909145355225,-86.55148767682458,0.5097233653068542
Gaia,DR3,1350818243100103296,267.1462079674359,46.0978827507377,15.041441917419434,2.6043453216552734,3.0613116530314004,23.361366254781938,46.35558820821673,-35.88777197457824,-23.821002960205078,4.285622596740723,10.391657212130683,nan,,,1.129747986793518,,Gaia_DR3,-2.720479417086006,85.53538267314813,-1.5882242252442664,0.024121008813381195,78.92534482297894,0.028773881494998932
Gaia,DR3,1350818243100104192,267.1506723601792,46.10242948915586,17.16262435913086,3.296276092529297,2.9418632465596306,23.357397575219004,46.33706945688695,-35.88474237896831,,,10.385002714393668,nan,,,1.0367431640625,,None,-2.7096903432949535,85.48699948264354,-1.5520428008774447,0.0665663406252861,79.15138200533434,0.0867350623011589
Gaia,DR3,1364102473867586304,267.1348977187623,48.820208706172394,13.778007507324219,1.7352800369262695,2.306987271325411,20.680206247727163,64.51248643189791,-33.993847950540435,-23.504226684570312,1.558151125907898,6.349380050454059,nan,,,1.0550285577774048,,Gaia_DR3,-1.6762463639655607,54.486551050549934,1.36339520355659,0.012899627909064293,55.03052498944186,0.016150381416082382
Gaia,DR3,1366531776089299968,262.5554527039642,49.91723740266184,10.745926856994629,1.1976299285888672,3.671307071057603,19.1447438635337,44.471220578870316,-33.03549340246542,-23.350217819213867,0.2560182511806488,11.822993891590317,nan,,,0.910476565361023,,Gaia_DR3,-13.665132574228801,102.54887715120469,-18.28532345515261,0.0118271978572011,94.65055916456954,0.011894217692315578
Gaia,DR3,1125609292176435968,136.95414770706347,77.31993600693353,20.239530563354492,2.9102001190185547,1.7500440713576266,29.4672234006577,66.64813724114735,8.886027612577804,,,7.389255278241994,nan,,,1.1653721332550049,,None,-61.859663162757805,-53.046504512831234,-60.178350605697865,0.514443576335907,-55.192379926836566,0.5047677755355835
Gaia,DR3,1368016013707812224,264.7144860793695,50.488263151128834,16.839128494262695,2.9094324111938477,3.3717258539375954,18.766577025512667,43.170680049909166,-32.731585283367465,,,7.633972807023468,nan,,,1.0185210704803467,,None,-5.618057952941261,66.95149504010995,-5.958693868988174,0.05435095354914665,61.53601782987271,0.062140386551618576
Gaia,DR3,1365889111542830592,259.3805836975265,47.969492649675495,15.335071563720703,2.6738414764404297,3.093626837796965,20.918783064060406,45.190361124581955,-34.15654732066042,-9.84340763092041,6.202049255371094,11.367351290969026,nan,,,1.0705713033676147,,Gaia_DR3,-20.12131823078757,95.16273248499198,-14.82530650172483,0.02751506306231022,100.35031702615592,0.0284666009247303
Gaia,DR3,1387529149645242752,229.92727569795179,37.806305194899636,14.066075325012207,2.19460391998291,3.137526827684918,34.265372124656906,66.43307473197949,-32.017961564264986,-31.400362014770508,1.444905161857605,9.055268244267918,nan,,,1.1932929754257202,,Gaia_DR3,-63.12478632274595,50.35138016357261,-64.18321820519222,0.012808898463845253,56.24647123518988,0.01663270592689514
Gaia,DR3,1389481985375302272,233.66069336316752,39.90660659665232,15.289617538452148,2.3426504135131836,4.552802449494565,31.436626957021947,67.41532365679194,-32.61353771697655,-6.480409145355225,5.090226650238037,7.754829082229623,nan,,,1.0142680406570435,,Gaia_DR3,-49.52887951954729,47.17687342291629,-48.60257434959068,0.02112940140068531,39.79183718693664,0.02882673218846321
Gaia,DR3,1389729753448229888,232.52943375376825,40.38560261363163,7.862364768981934,0.4150509834289551,2.7499949863138564,31.216031074854797,67.26812622846941,-31.909538799183583,-19.037975311279297,0.4313419461250305,7.717077962197257,nan,,,0.9884021282196045,,Gaia_DR3,-50.67684677860821,46.74998327442039,-51.07393151666655,0.018950356170535088,51.20612141271225,0.023030588403344154
Gaia,DR3,1151659819310215424,157.88412314138333,87.22848630949368,13.460244178771973,1.74066162109375,4.0185796894530155,21.743015864231882,59.66447726749391,2.099886364829203,-6.327973365783691,1.3776963949203491,6.738303254092792,nan,,,2.7000977993011475,,Gaia_DR3,-70.53736439384168,-26.40466122584041,-69.65684982161677,0.031133171170949936,-20.7645786136304,0.0312955379486084
Gaia,DR3,1129422299716776832,164.98818285016154,77.76982062555834,12.832124710083008,,4.290194624773163,24.598044709001638,62.83567358698319,3.7936258413895407,,,6.8905241471210985,nan,,,5.586018085479736,,None,-74.93072272636572,-17.210913045560424,-69.18258912690692,0.19721224904060364,-19.61830854878029,0.2529364824295044
Gaia,DR3,1133388032000855424,175.796356111837,81.01354221576506,15.943192481994629,2.6529321670532227,3.7737048014454833,21.543745799760153,45.829551406638586,1.573321566111094,,,8.016132478211528,nan,,,1.0050232410430908,,None,-89.54898600147826,-3.8408443189967088,-84.82417911720148,0.03260067477822304,0.44211858914347635,0.03909894824028015
Gaia,DR3,1134172529256067584,154.84442046487362,81.4769211842503,18.08979606628418,3.7654037475585938,4.364163206039833,24.30341979326164,54.09187120070752,4.337021273697258,,,12.809831499240111,nan,,,0.8674736618995667,,None,-131.23292777105544,-56.33724286960547,-126.77281654209371,0.14014680683612823,-67.24584262046315,0.1483643800020218
Gaia,DR3,1144229663327602304,131.82092827951317,79.66112723402783,8.488239288330078,0.7401676177978516,2.371249442747999,28.29898876557364,54.42485798037434,8.100372410528033,8.689107894897461,0.15276700258255005,9.648331254862967,nan,,,0.9317829012870789,,Gaia_DR3,-74.04648832393775,-76.77227606906844,-69.22393290961566,0.015706881880760193,-76.70399314882035,0.021142760291695595
Gaia,DR3,1349919942099103616,269.27063148502845,45.85655492850229,8.972248077392578,0.9533429145812988,2.7125946361058655,23.865825494997218,55.82933429779035,-36.05847191669723,,,13.550248331387067,nan,,,2.108319044113159,,None,2.070993699847069,111.1208309081576,9.74252309306138,0.04104326665401459,112.2110140855983,0.07064394652843475
Gaia,DR3,1386318140666390784,240.84758103774885,44.86787145662569,16.983524322509766,2.907193183898926,4.865989141418198,25.299611552332227,57.58746399683559,-32.43951694992038,,,7.467311913604135,nan,,,1.0454057455062866,,None,-38.741578164381664,53.529806900842445,-38.66343221046881,0.05846252292394638,45.87024139261632,0.06094406545162201
Gaia,DR3,1364304955805620096,269.63483195702094,50.2239905171345,16.18984603881836,,2.324165703736238,19.65560067059712,38.807039686489595,-32.98971646850818,,,8.906587029358876,nan,,,1.109326958656311,,None,1.9943211382214994,77.97868126850138,2.420653191848835,0.08586720377206802,82.32165477816355,0.21119263768196106
Gaia,DR3,1366542255809550080,263.2180333403347,50.22025279028377,17.11775016784668,2.7007369995117188,2.927530535208432,18.895346608291515,55.76074049130403,-32.855862748055,,,6.663004909013765,nan,,,1.061587929725647,,None,-6.843574881706848,58.10216921584566,-6.105206437471656,0.08638329803943634,54.05691066317503,0.09010373800992966
Gaia,DR3,1398943042413870592,242.4424820371842,46.959114826539384,11.442056655883789,1.058699607849121,4.704780824259377,23.01049358687382,49.94076200770789,-31.63264833683062,-19.76384735107422,3.5166120529174805,7.839175835144805,nan,,,0.9403219223022461,,Gaia_DR3,-38.493510065728174,58.92097330447769,-43.282244479870556,0.01271637249737978,52.795710357062994,0.014690620824694633
Gaia,DR3,1400085057038294784,241.2712152346491,48.69761228814199,16.644445419311523,3.0864791870117188,4.915828310671023,21.51521771143925,42.604968432821295,-30.216512857431095,,,8.809597586188396,nan,,,1.6317312717437744,,None,-45.05900314197254,67.28964746690825,-36.38446753532046,0.0983891710639,64.4437580989549,0.10846098512411118
Gaia,DR3,1389991643373093248,235.20152640451974,41.24430889862892,13.525156021118164,2.02823543548584,3.2906408698981857,29.834601759095836,57.10057285643273,-32.531709512654174,-17.235631942749023,3.244032382965088,9.80442505617964,nan,,,1.711859107017517,,Gaia_DR3,-60.17644753507832,62.292746989841554,-54.03706674836661,0.02036650851368904,65.2195387981389,0.02735830470919609
Gaia,DR3,1392767326118645376,226.53829970307828,40.78385078086458,17.41902732849121,3.597200393676758,0.5811542547903011,32.258813952200555,63.688072717080054,-29.071481731611797,,,8.726818414401732,nan,,,1.177201747894287,,None,-65.24008040442273,49.08502381841183,-64.2485692129974,0.10960288345813751,48.685039526821654,0.13465937972068787
Gaia,DR3,1384576582966787712,238.52838892913246,42.68444698304053,14.469907760620117,2.7704315185546875,1.1966918657699714,27.815525151575784,67.24136301165514,-32.95076599188231,-32.56768035888672,3.199763774871826,16.47781579423774,nan,,,1.1779911518096924,,Gaia_DR3,-92.02555073357405,111.30428754945227,-88.5893452054076,0.0168441291898489,113.64364744489825,0.020991062745451927
Gaia,DR3,1403185164432324352,237.30023812569107,49.54100887609271,15.501029968261719,2.544963836669922,4.021992566625672,21.472183270143002,60.94318642299698,-28.51725105555019,,,6.627312847016613,nan,,,1.89108145236969,,None,-38.38012628058938,49.33072108269196,-42.168191859128434,0.05075071379542351,53.481060993920195,0.059029702097177505
Gaia,DR3,1390300331263713152,233.6650007764349,41.92097161482589,16.690366744995117,2.8857927322387695,1.2466951765604133,29.50064076193388,65.93795686328666,-31.581389253205806,,,7.471021082622842,nan,,,0.9888201951980591,,None,-47.711085919808845,47.23130943136064,-49.63608392186134,0.05148814618587494,47.61825435638933,0.057206615805625916
Gaia,DR3,1391971348419542912,226.78818926052034,40.108328478296336,8.009831428527832,0.607820987701416,3.2400523821382006,32.83157394851568,62.928386603892925,-29.501743886436756,-24.475069046020508,0.160829097032547,11.548977337062206,nan,,,1.035792589187622,,Gaia_DR3,-85.9182475708711,64.36105739666013,-78.05446489182653,0.01815897785127163,63.73881344239861,0.024030528962612152
Gaia,DR3,1367929976923072384,268.6796055118135,52.19720229281943,16.302331924438477,3.0293779373168945,2.6383393785358753,17.595911512973395,38.701487640096666,-31.547423712642352,,,7.904432576820557,nan,,,1.0668280124664307,,None,0.29627204254752293,71.07127915873441,-0.12252273086781251,0.04897266626358032,75.44764072055501,0.04688110575079918
Gaia,DR3,1361812191146896896,261.8444162152884,45.53153996646359,15.21451473236084,2.543026924133301,4.930083532765909,23.463227391862432,63.903005858131515,-36.032534121675155,-20.36821937561035,5.469409465789795,6.6713160741609085,nan,,,1.2107747793197632,,Gaia_DR3,-8.631079620020264,54.06787824819632,-9.588034974498505,0.028274554759263992,47.200660949291915,0.02934500016272068
Gaia,DR3,1152640819905126528,120.8481863517501,87.91231257065957,18.272220611572266,3.630584716796875,3.007543713301505,22.697325363580923,44.52955397706655,2.829764085782174,,,9.925599489400712,nan,,,0.9176080822944641,,None,-59.41353493385706,-93.60946207306742,-53.25468757963801,0.14555864036083221,-94.90208057656504,0.1508694291114807
Gaia,DR3,1349657532481950720,269.4815420339266,45.35064627145494,18.347721099853516,3.424175262451172,3.5336191883609818,24.390791551084828,55.54216509176293,-36.39819192212265,,,7.492849997457943,nan,,,1.031081199645996,,None,1.453614628443109,60.93719306742841,-0.061050677619684024,0.13216733932495117,66.30933964151833,0.15440823137760162
Gaia,DR3,1366531776089299584,262.5463835902954,49.91867743981051,14.815472602844238,2.7003517150878906,3.7397578117268053,19.142649387425546,44.326404876265684,-33.03390114156405,-23.495195388793945,4.508776664733887,11.785730058107436,nan,,,1.045022964477539,,Gaia_DR3,-13.642813633677736,102.22607576968096,-19.187956819446963,0.02203044854104519,94.7705057659414,0.022101031616330147
Gaia,DR3,1364295541237688064,269.4745744835673,50.10499486791632,15.818766593933105,2.741575241088867,0.8767469904663947,19.74653299369614,40.34775908107377,-33.07761395918115,7.703151226043701,6.961735725402832,10.347255605546858,nan,,,20.30071258544922,,Gaia_DR3,1.9933000168803154,90.44685714043304,1.7005000098529377,0.5800915360450745,92.33676312046867,0.5977615714073181
Gaia,DR3,1366925946711444480,264.24700959523653,48.99674380879469,12.164504051208496,2.4118785858154297,4.5659180385473,20.19691152956597,66.20431297101663,-33.782817356291474,-30.339096069335938,1.1795381307601929,18.33259163231491,nan,,,15.11122989654541,,Gaia_DR3,-15.160152119681799,157.34309329917983,-2.181372901843197,0.2094668745994568,145.38783013099416,0.2235359251499176
Gaia,DR3,1389991643373964672,235.20185891836925,41.24455274234453,15.042089462280273,,4.282081107714417,29.834300386434773,57.0931903453603,-32.53170829240017,,,9.819795795352727,nan,,,1.0817607641220093,,None,-60.270255479442994,62.39092289962027,-51.54399337987051,0.12047142535448074,60.832177538141366,0.18381623923778534
Gaia,DR3,1397140393098788224,239.14518788039186,45.63771754872289,17.762903213500977,,4.183150288915681,24.84510207379772,54.77773691223558,-31.4546472513129,,,7.685316596929659,nan,,,0.9981878995895386,,None,-42.11698195722688,54.923336535886605,-36.24440966708367,0.13272841274738312,51.54034173799759,0.12334614992141724
Gaia,DR3,1405110164477972096,239.44092969641258,53.89119776394712,11.470479011535645,1.181483268737793,3.4331798015097337,16.932280874954664,35.87194896703236,-26.344255388636448,-21.364831924438477,1.8611016273498535,8.14386391519474,nan,,,1.9466642141342163,,Gaia_DR3,-44.21952033484246,65.54002056058879,-49.196542132144074,0.030358918011188507,62.382520399814126,0.03693198412656784
Gaia,DR3,1408546726727231744,252.38884459844587,47.311742472605104,12.725977897644043,2.070890426635742,1.7643595111451118,21.635584489633068,48.06648917019943,-33.65341604556375,-21.916311264038086,4.587924957275391,11.945511009293378,nan,,,4.89280891418457,,Gaia_DR3,-37.04411916082578,96.39524195471994,-38.307525525808444,0.05238867178559303,92.13558556782533,0.05922833830118179
Gaia,DR3,1399566053189712896,238.76673233470908,47.1327178668065,16.866933822631836,3.0037031173706055,4.088188982461713,23.47458037918443,54.158038491213375,-30.442652491432394,,,7.447443448791563,nan,,,0.9857068657875061,,None,-41.292060778961556,54.2957642784256,-37.66543524652153,0.06024917587637901,49.00010951888214,0.06743204593658447
Gaia,DR3,1390074038026640128,235.76283500872216,41.34728758647056,13.983391761779785,2.4460277557373047,4.059981010667862,29.624540150354306,62.555491602562206,-32.68990868213373,-28.6332950592041,1.8212636709213257,13.660223073942133,nan,,,1.0484744310379028,,Gaia_DR3,-82.58702093769924,87.49759835541808,-73.0438499861371,0.013607240281999111,94.25192037535653,0.017747588455677032
Gaia,DR3,1350651907606805120,268.37205589205524,46.361164412511414,15.398730278015137,2.837362289428711,3.785205892385841,23.251625863411203,54.46249491050233,-35.71804502510846,-4.558515548706055,9.334425926208496,13.321849939443629,nan,,,1.0216431617736816,,Gaia_DR3,-0.30038177388317067,110.14586625182872,7.560057093803388,0.026017099618911743,102.98928245936314,0.02569745108485222
Gaia,DR3,1146470674182911104,145.87057807407515,82.28489616761969,17.01289939880371,3.1791887283325195,2.193748974398164,24.907762705045315,48.48133886441347,5.024625845544863,,,10.029177607735681,nan,,,0.9821805953979492,,None,-94.47204376068198,-59.56902038363332,-93.77747752823038,0.06386150419712067,-54.98318442006109,0.0627393126487732
Gaia,DR3,1146827225187944960,162.54258020325113,83.50976117616604,9.678711891174316,0.8621129989624023,2.0416218141982516,22.524270048779744,45.80932858099482,2.837753253426908,7.567563056945801,0.47130337357521057,10.763003922193208,nan,,,5.839803218841553,,Gaia_DR3,-115.73627829120665,-32.54694750851952,-116.67369023403816,0.11812514811754227,-37.08344403748062,0.12683601677417755
Gaia,DR3,1359188515884264320,254.1471039438175,45.07829818699778,9.759142875671387,0.675471305847168,4.916542457503303,23.79881202473986,56.536407555659764,-35.42020761615541,-14.115581512451172,0.1931687742471695,7.277949948455608,nan,,,0.855222761631012,,Gaia_DR3,-20.159560697251774,57.136105402940586,-25.572699019744526,0.011478938162326813,51.882631269395624,0.013548335060477257
Gaia,DR3,1364102473867586816,267.13608800370343,48.82149395310437,16.989961624145508,2.903445243835449,3.0387748439343385,20.67908968397836,64.46279892021194,-33.99295253028709,,,6.351854979272171,nan,,,2.601135015487671,,None,-1.6754244401004552,54.508837339319065,2.3252283489217014,0.13905926048755646,55.25163292342664,0.18688248097896576
Gaia,DR3,1366040878507322624,258.32498391399196,48.05942839224604,18.52416229248047,3.207876205444336,2.134168095734193,20.801070509373588,62.03694628397702,-33.98495563580119,,,6.493851930452572,nan,,,0.9463552236557007,,None,-12.813852136238795,54.2706328995079,-13.492153231546725,0.14429481327533722,51.42885257520081,0.13558214902877808
Gaia,DR3,1406712191575500288,248.01436445571306,45.59557966521255,16.469881057739258,2.7753210067749023,2.123458879393891,23.657306781435206,50.975324033607365,-33.89553318783247,,,7.875822140857962,nan,,,1.0816502571105957,,None,-30.807237499280593,60.34457862595556,-32.81981543058686,0.047481466084718704,57.449881328311776,0.05631208047270775
Gaia,DR3,1407757071219491456,251.99946409937488,46.80585971556666,17.783716201782227,3.3176116943359375,4.765432139268055,22.15987306883859,56.74766612536049,-33.92066631569866,,,6.996328484132002,nan,,,1.153306484222412,,None,-22.206632787347193,55.90793353928998,-18.974773689426463,0.11805742233991623,49.666526768002356,0.1477941870689392
Gaia,DR3,1408478655788616960,256.7291682973592,49.380203887033844,12.035510063171387,1.365713119506836,4.318313087000337,19.46318148124356,38.23871235817393,-32.87998652091952,-16.161579132080078,0.5688579678535461,9.387526370585915,nan,,,0.8914645314216614,,Gaia_DR3,-21.394360341143994,79.56217507906626,-18.64270626175713,0.010494169779121876,71.47141476602638,0.012024229392409325
Gaia,DR3,1410345596469085184,249.80937742578254,47.81018003151219,17.762014389038086,0.028612136840820312,3.1471742360274506,21.304725363477118,59.26756739270178,-32.84037919182912,,,6.712208235904124,nan,,,0.9585002064704895,,None,-24.039921915616567,53.82894158606717,-27.048625705833636,0.08843307942152023,50.54577584391407,0.10333103686571121
Gaia,DR3,1397761892047715712,235.27691343795638,45.86215261027326,10.30446720123291,1.0827093124389648,2.1832997214641594,25.392481432126772,60.364876561736494,-30.027899383019857,-74.08487701416016,0.17388595640659332,14.584269238647858,nan,,,0.9743565320968628,,Gaia_DR3,-89.33414122287488,100.50309512797742,-95.8534619384961,0.012627125717699528,98.90398289807584,0.014022542163729668
Gaia,DR3,1395620043396589184,231.37223181462198,45.94804001643826,7.150815963745117,0.7314996719360352,3.8026976602593954,26.20243832995143,53.51592634527281,-28.532442228178027,-22.85468101501465,0.5841802358627319,11.690470609767052,nan,,,7.573625087738037,,Gaia_DR3,-78.89107267010739,76.98512622448283,-70.47157796492849,0.11925177276134491,81.10089397204464,0.161240354180336
Gaia,DR3,1396166736901664768,236.94715267441694,42.64294621256831,19.214054107666016,3.8842849731445312,1.9822236156842499,28.14522170000822,55.56824065954273,-32.42370120365958,,,11.3171286860616,nan,,,1.042500376701355,,None,-66.20579507335088,75.1781314344262,-66.23408039445377,0.2246425300836563,70.44909739274854,0.28677427768707275
Gaia,DR3,1398890472014412160,240.53487660404377,47.58947285815557,13.402563095092773,1.782196044921875,3.3547767089463676,22.712944454989668,53.22980292602078,-30.698342986733255,-16.228342056274414,1.3409390449523926,7.389739697580128,nan,,,1.3937078714370728,,Gaia_DR3,-38.738116222767786,55.159835984713816,-40.93589120841864,0.01634548418223858,59.90142910944379,0.018421249464154243
Gaia,DR3,1394818430700453504,231.88412244326804,45.27229895294383,14.085793495178223,2.496122360229492,1.240421676004706,26.714786843719075,62.8440462643454,-29.098566902255733,3.8894970417022705,1.909386157989502,15.043374630225955,nan,,,15.967828750610352,,Gaia_DR3,-100.31494707035664,98.63078475174902,-104.18109018492129,0.20524123311042786,97.90465297747338,0.2531964182853699
Gaia,DR3,1417887971356738432,263.1140761557903,54.47465426103595,14.350777626037598,2.327716827392578,4.6782150273216505,14.675876802308016,48.02126302466658,-29.693521711381475,,,6.704212401580845,nan,,,2.6059558391571045,,None,-7.021349029060758,61.73725965590759,-0.4167820490477103,0.045589666813611984,62.04629466897005,0.04888151213526726
Gaia,DR3,1405700709597894912,249.90573319904266,43.819589433411984,15.844581604003906,2.772210121154785,2.2343869612731884,25.264754551748325,64.10289873190347,-35.42697476963244,,,16.05351072060429,nan,,,1.0784976482391357,,None,-57.20989773003716,120.7570743644248,-63.298083024332826,0.030687950551509857,116.27228012754324,0.039059653878211975
Gaia,DR3,1418202740920930816,267.53231082104486,55.64701539707538,13.700676918029785,2.527690887451172,3.810040360759305,14.090401191775369,55.544076825049316,-28.9214555145999,-25.129486083984375,1.9986698627471924,15.824477719229067,nan,,,1.2592272758483887,,Gaia_DR3,-2.9504315378406734,148.34259802899942,0.7000397401416283,0.016480760648846626,136.16796578065816,0.018153928220272064
Gaia,DR3,1391232197431764352,234.73302573309905,43.249708337592374,18.526987075805664,3.9991512298583984,3.832509322314211,28.002426158222043,56.527934697253606,-31.283454427172316,,,8.440403880669518,nan,,,2.0786216259002686,,None,-52.44799026751683,55.32842985849031,-58.713818829733384,0.29939836263656616,52.63736908767375,0.38619059324264526
Gaia,DR3,1147601006496277632,140.12931757116937,83.85323744149547,18.17627716064453,3.487539291381836,4.469433791421909,24.495240928184995,55.52112709215005,4.715082761682208,,,7.517628075815611,nan,,,0.995341956615448,,None,-65.9253864890162,-51.670076155625516,-63.14099134843799,0.14875386655330658,-45.15718548861978,0.13038791716098785
Gaia,DR3,1392065219225333376,227.88898218883864,40.88215436157615,17.22281837463379,3.253988265991211,4.6303068130193985,31.824782260337567,60.85772541979735,-29.6489845447678,,,9.584722000738267,nan,,,1.0129220485687256,,None,-69.75453756502415,55.10213274124462,-61.09910360543407,0.07210064679384232,58.65379760065378,0.09220033138990402
Gaia,DR3,1409279688665551232,255.1652445522005,49.475513413067915,14.692329406738281,2.373363494873047,2.0157692013157185,19.38090516150031,43.58669161379071,-32.60895674875074,-29.061569213867188,3.092266321182251,7.726504050268349,nan,,,0.9964986443519592,,Gaia_DR3,-19.911099931470023,65.18429665781912,-22.76613977095636,0.02082790620625019,66.80572626176395,0.02788175456225872
Gaia,DR3,1401692920994898304,235.79164328843106,48.783137363482496,15.146236419677734,2.520112991333008,3.0794799496921357,22.513736592812478,45.67535453554119,-28.49489392759921,-29.7343807220459,4.163782119750977,8.437577072892546,nan,,,1.0387814044952393,,Gaia_DR3,-50.97201023484358,61.13991434821906,-53.563248435831326,0.023555779829621315,65.96578745393116,0.025602562353014946
Gaia,DR3,1425989104311525888,252.83180727951222,53.307225397633644,16.619213104248047,2.872462272644043,1.7271642736763273,15.636708483691038,31.474372496579374,-29.54074575111217,,,8.592961780815743,nan,,,1.082480788230896,,None,-25.932948861581316,75.49703094943844,-24.853407498132192,0.06957928091287613,72.56044611244701,0.06450482457876205
Gaia,DR3,1427753511236985344,242.71988747676642,52.26128378485602,16.265811920166016,2.6560001373291016,4.047304073946842,17.835338163478184,62.67436638747126,-28.273391128674724,,,6.20875356775355,nan,,,1.0423697233200073,,None,-30.185083576991353,50.411343298122844,-35.28443252164405,0.03969382494688034,48.976445478534714,0.04302278161048889
Gaia,DR3,1416626827224788224,265.3911210104056,53.082666027124915,12.16829776763916,1.1749629974365234,3.8989611116113183,16.286577265685484,54.83884833037301,-30.838661744148112,-29.745397567749023,0.567093551158905,6.473198592577564,nan,,,1.175114631652832,,Gaia_DR3,-3.9104313044614587,58.77719171746677,1.3787134088138604,0.012461013160645962,59.354722058655454,0.012244950979948044
Gaia,DR3,1418202736625388160,267.53213766567154,55.64616091767988,19.741357803344727,2.557271957397461,1.8515355963789444,14.091193935025212,53.28917375022519,-28.922116734353096,,,15.192731330971885,nan,,,1.52836275100708,,None,-2.8331575232276833,142.4190605175985,-1.5234784254485896,0.5966163277626038,136.63543054340158,0.7801335453987122
Gaia,DR3,1401709207511037440,236.0673647665841,49.21084875440083,14.25130558013916,2.058547019958496,2.8295470593464094,22.0500991867355,58.56110460204966,-28.327370400204355,-24.091854095458984,5.436509609222412,6.850253418096522,nan,,,6.28089714050293,,Gaia_DR3,-41.07214775582847,50.09414346316367,-37.0372040282769,0.17274674773216248,49.44924487769842,0.2006801962852478
Gaia,DR3,1404737743569887104,240.65935431679225,52.53467729105217,14.63794231414795,2.4426746368408203,4.181116785001547,17.955350429004035,37.74755214026343,-27.566579324761825,-11.37561321258545,2.6709070205688477,10.434690188373235,nan,,,1.0790563821792603,,Gaia_DR3,-54.47612243267867,83.51769895950387,-46.982961797628015,0.019647343084216118,78.18441040028226,0.020276062190532684
Gaia,DR3,1365702602587090176,262.81065252290875,49.31083289311074,17.58743667602539,2.9326095581054688,1.683965811457334,19.766083653281644,67.74589887178436,-33.48438020306988,,,6.117792082424642,nan,,,1.0803683996200562,,None,-6.767828350852284,52.63295675183241,-6.482186490804375,0.0852271094918251,50.48002565737916,0.10512925684452057
Gaia,DR3,1393029868879406464,225.81816068760816,41.31414665746063,15.207059860229492,2.3515443801879883,3.0533670441753844,31.94779648430603,67.5277184964735,-28.48657106689543,-13.761344909667969,6.561088562011719,7.877845414576831,nan,,,1.0923559665679932,,Gaia_DR3,-59.712202395522176,44.26302940962569,-60.4163063856018,0.02147575281560421,49.28472270581159,0.025992505252361298
Gaia,DR3,1394535237736986880,232.50756664095107,44.36592228818561,13.423213005065918,2.2088823318481445,4.432684718990794,27.42596409578109,58.78134911542861,-29.83066882582487,-99.69791412353516,0.8482454419136047,13.163107043999753,nan,,,1.1314336061477661,,Gaia_DR3,-86.48554048242809,85.67696010742584,-81.27273655259123,0.010953218676149845,74.53583563093659,0.014163720421493053
Gaia,DR3,1395350937925748224,228.54488611038258,44.84628841668229,15.734428405761719,2.74564266204834,1.8353725316160525,27.93856955075648,55.037418574647866,-27.97215003963268,-7.166504383087158,5.712517738342285,11.193219181667352,nan,,,1.0374445915222168,,Gaia_DR3,-80.36728880281834,69.68832632460689,-80.21602958713434,0.025768648833036423,65.36014449222853,0.03225439041852951
Gaia,DR3,1404922358444266496,238.17170837947376,52.73132307204583,16.109790802001953,2.65964412689209,3.731993439466281,18.288918515532135,48.75436228723096,-26.75896653952747,,,7.05374491186131,nan,,,1.0560659170150757,,None,-39.81855532814825,55.27326175039342,-44.047814478466464,0.038727786391973495,51.68020675830978,0.040335264056921005
Gaia,DR3,1420388600100976000,260.345942875587,55.367925743174446,20.510557174682617,0.8288097381591797,3.030362137546878,13.581426292960671,68.02192479261946,-28.83809481778814,,,5.749690818424291,nan,,,1.269357681274414,,None,-9.106382643785405,53.20161821899605,-10.276750296443126,0.8948168158531189,56.68324897978384,0.9059569239616394
Gaia,DR3,1423293445397841792,245.75735430252863,49.378666260294295,17.129074096679688,2.903744697570801,3.2507375465126613,20.17646224259626,50.88802415951075,-30.92468014014384,,,7.160764040337095,nan,,,1.032541275024414,,None,-30.94305579161005,57.24301033814104,-28.92483923639236,0.060316577553749084,61.71596047931645,0.07335881888866425
Gaia,DR3,1426615310543530368,248.56053599139324,53.73796758704921,13.658958435058594,2.6997499465942383,3.0381353771995983,15.562486414253701,59.138211483466236,-28.51270510964268,-4.52786111831665,2.6420862674713135,16.680018027112226,nan,,,3.7090792655944824,,Gaia_DR3,-63.57711140099842,143.901199801598,-63.236294100649424,0.06640801578760147,154.57880417871817,0.06918378174304962
Gaia,DR3,1403559376342746880,240.1460793166428,50.82020766513726,8.380512237548828,0.576298713684082,3.6052311671163064,19.68332486073656,54.92556527719249,-28.54816352345211,-26.64645767211914,0.1950506865978241,6.801918012262131,nan,,,1.0794458389282227,,Gaia_DR3,-36.11180889191034,52.98507042736368,-36.557318006928135,0.02048996090888977,58.13542455383413,0.022876638919115067
Gaia,DR3,1405907344768067584,250.94313609729855,44.888954581870905,19.66998291015625,3.029956817626953,4.10472784353715,24.130889254312265,50.01297185403785,-34.96617302996893,,,8.191706491488944,nan,,,1.0859023332595825,,None,-27.615831883873973,63.11408074762959,-20.852100515403343,0.39910194277763367,65.23487747155183,0.5423311591148376
Gaia,DR3,1405065947790814720,239.32589087282437,53.49885568939164,14.81990909576416,2.7346324920654297,4.149383431213129,17.322566390766642,45.68380808025896,-26.574078633509508,-19.97336196899414,4.394165515899658,12.641015608467038,nan,,,1.1012524366378784,,Gaia_DR3,-68.8861413599724,101.13769608130802,-59.60104417496675,0.021062349900603294,95.13309633090475,0.02412836067378521
Gaia,DR3,1410151189069379712,246.66366602093296,47.541105565658775,16.664966583251953,2.656801223754883,3.9008258790370283,21.873918240776682,46.2735979990502,-32.338524087035644,,,8.052011002918235,nan,,,0.9884565472602844,,None,-33.47622895535425,63.04853628040385,-39.513963314205355,0.047582708299160004,60.330230169916675,0.05792325735092163
Gaia,DR3,1417209744483045120,269.1987664190662,54.61734011789514,14.95352840423584,2.3430261611938477,3.681292367043408,15.351466002680509,30.36881676866626,-29.717255539961517,-47.60902786254883,4.618017673492432,8.971715235052113,nan,,,1.0689036846160889,,Gaia_DR3,1.2453824538751137,83.11095880404258,-5.711044851920258,0.024804694578051567,83.40241643731596,0.026118259876966476
Gaia,DR3,1417464762460956160,268.7586722149275,55.19956953627657,17.094154357910156,3.125311851501465,4.265644284265467,14.720316087618645,41.797228817750046,-29.271473568486556,,,7.098854430723343,nan,,,1.0465494394302368,,None,0.37563218419493793,66.21451120589575,-3.7646458375859115,0.07092190533876419,71.07333561485534,0.0705004334449768
Gaia,DR3,1406712191575500544,248.0144424758726,45.59676714127295,16.310388565063477,2.7035436630249023,2.255728416833343,23.656122766733443,51.009202316704304,-33.894798071615064,,,7.870610954162866,nan,,,0.9985030889511108,,None,-30.786741020384657,60.3058467895762,-32.85244567851892,0.04092968627810478,57.184826542195296,0.04790026322007179
Gaia,DR3,1413267303805743744,252.33079449019752,51.72346720486713,20.154922485351562,2.7824153900146484,1.9602542041469495,17.241458853945247,66.38254477479977,-30.601875650935085,,,6.004809477126044,nan,,,1.1430240869522095,,None,-18.686822686055017,51.57703838564461,-18.369348513825962,0.5269342660903931,49.11599578203251,0.6068934798240662
Gaia,DR3,1416138270400677376,260.3987613262217,52.549361282848714,15.74990177154541,2.5598669052124023,3.867202984212287,16.3909729375034,36.03378315689109,-30.964312913860905,,,7.945289289131853,nan,,,1.024129033088684,,None,-12.502688234502823,71.06087174496089,-7.024470139610368,0.033216919749975204,67.60467287984144,0.03231401368975639
Gaia,DR3,1430476417422921600,250.69931844034255,56.26945186931694,15.504130363464355,2.5073699951171875,0.7164953057505364,12.852452120942722,45.73948627820401,-27.033698940754697,-22.740257263183594,11.484447479248047,6.677439661919831,nan,,,2.2479379177093506,,Gaia_DR3,-22.81373852290126,60.074344947660336,-22.13983966578231,0.06651023775339127,60.82475416172416,0.07633186876773834
Gaia,DR3,1430822179470457088,250.13152948979516,57.40048065582342,16.301713943481445,2.2902984619140625,3.960820160553514,11.797425329444382,58.6448655963615,-26.09879898431406,,,6.024233423970187,nan,,,1.0672492980957031,,None,-21.216732094459438,54.69078329316633,-18.2034214653002,0.05231788009405136,58.71844415602978,0.04863044247031212
Gaia,DR3,1436899077158016256,256.074131775148,59.051087363051835,11.630187034606934,1.279210090637207,4.9649003179856965,9.795093393339858,27.110932856681,-25.598202816416105,-47.9874382019043,0.43845248222351074,10.619791599508932,nan,,,0.9741035103797913,,Gaia_DR3,-25.53040840172583,100.85697918494384,-34.74196269974864,0.017297113314270973,94.63642824344255,0.019611168652772903
Gaia,DR3,1421845457302327808,267.67133916761077,57.713129775903,16.313161849975586,2.8239011764526367,4.242519547379377,12.145158949230295,36.3313775596529,-27.30159379635908,,,7.1806676633006825,nan,,,1.0492336750030518,,None,-1.1439805521856616,68.85158647061253,-6.57512042170271,0.06399202346801758,72.27892413162463,0.07884229719638824
Gaia,DR3,1422344154545918976,263.6937025733825,57.480369635327584,17.994670867919922,3.3431129455566406,2.5138036784707447,11.784383020142995,47.70135704320247,-27.389214033204738,,,6.501789010451039,nan,,,0.9535412192344666,,None,-6.076660861267811,61.98128950460417,-6.981706546464102,0.13030223548412323,58.65675313445767,0.11602415144443512
Gaia,DR3,1428716335530005248,245.30958752112215,55.086850237949456,8.919836044311523,0.7597312927246094,4.009109330820878,14.692348255668804,32.418512673720066,-26.909728803892563,-27.218584060668945,0.16505655646324158,7.984752127821412,nan,,,1.0194233655929565,,Gaia_DR3,-35.14626503557915,68.47113087886561,-30.918238638120172,0.015260642394423485,73.73085138066135,0.014724435284733772
Gaia,DR3,1411458267876402048,248.7631673022175,49.06730265584427,13.274267196655273,1.5430707931518555,2.048027767310205,20.148794836951428,69.53435930014554,-31.789836396838915,-24.222490310668945,1.4979807138442993,6.065251921982217,nan,,,0.9928445816040039,,Gaia_DR3,-22.89248328960568,49.243030160155854,-25.449448538307383,0.011026386171579361,49.80801718869803,0.013894143514335155
Gaia,DR3,1401822143674807168,232.3419761798692,47.219342922603495,17.4403133392334,3.1104278564453125,3.0432235819491535,24.778027536787974,49.9794912629832,-28.196425461944155,,,8.486077103678447,nan,,,1.0538063049316406,,None,-55.97777892375637,57.70613923486299,-50.62483834628706,0.08237839490175247,58.69864996319911,0.08430787175893784
Gaia,DR3,1405775098431505664,249.41606252629467,44.07296773262975,17.547950744628906,3.094205856323242,4.045389020971937,25.049004484621445,59.11901413017325,-35.163889482506185,,,7.266618737413634,nan,,,0.9657409191131592,,None,-26.55341670370922,54.744390527236405,-20.386897838601435,0.07589885592460632,55.358631800170855,0.10444917529821396
Gaia,DR3,1398842952494984960,240.91090310962926,47.196243823029164,18.183225631713867,,2.69330409161027,23.02846963207967,54.898950856625426,-31.050599832948336,,,13.536924887192646,nan,,,0.9259787797927856,,None,-70.08341499897341,100.78033324068093,-77.67358075662307,0.17900218069553375,99.57079464734556,0.2274514138698578
Gaia,DR3,1398842952496192768,240.91059019959866,47.19665765906892,14.322625160217285,2.437680244445801,1.5795339096223482,23.028122043338573,55.44151156242445,-31.05025385032865,-14.534263610839844,2.2982823848724365,13.709996762471361,nan,,,1.1070656776428223,,Gaia_DR3,-70.98018554180724,102.06919106376466,-74.77743386575384,0.017142118886113167,99.53507472444846,0.01737869530916214
Gaia,DR3,1414508897247162752,257.1049600200385,49.75891878496265,20.47049331665039,,3.6933920290097877,19.085844223339056,52.67656006878051,-32.658761427916176,,,6.879417304744997,nan,,,1.026795506477356,,None,-15.18398009539064,58.69655270460327,-10.99780226807955,0.9937146306037903,55.35494765649562,2.0018484592437744
Gaia,DR3,1414790062986998144,260.2450809506413,50.49947362633353,13.788334846496582,2.5335683822631836,4.037148011538505,18.427162204638996,61.456531175333275,-32.44820160861664,-25.094573974609375,1.4130197763442993,16.905349093100483,nan,,,1.1005278825759888,,Gaia_DR3,-27.10417713430124,147.0954527393867,-40.96109383330391,0.01502562128007412,143.22368579741962,0.018184058368206024
Gaia,DR3,1410345355950912384,249.83452401794125,47.78533319052511,11.513202667236328,1.1345930099487305,3.003560883330034,21.327413828640935,62.858650448010806,-32.861865807832224,-29.345352172851562,2.426894426345825,6.500111233163175,nan,,,4.70226526260376,,Gaia_DR3,-23.250065390980417,52.11604710584215,-27.202204763997866,0.06495729833841324,50.96715315133647,0.0761435478925705
Gaia,DR3,1411275985169098240,245.8365459475296,49.039089778485646,18.39305305480957,3.2750892639160156,4.174643834793265,20.499425326989314,42.43109605894622,-31.16726003056962,,,8.256742472085989,nan,,,1.0050054788589478,,None,-35.56124374771991,65.72102903595844,-33.54570162716365,0.151493102312088,58.73975396893347,0.1477159708738327
Gaia,DR3,1411637041594405504,247.71168886728555,49.4899335889669,20.442045211791992,2.4958267211914062,4.300363021807821,19.836821986215813,41.18119978264327,-31.286340415073795,,,10.596365983202062,nan,,,1.0806502103805542,,None,-42.03487099475364,85.98011596175613,-36.735793585918685,0.828686535358429,77.9676505583399,0.8676174283027649
Gaia,DR3,1423795028859081728,246.45872959536794,50.49268405030007,16.351015090942383,2.795334815979004,2.203996505303096,18.995462236822462,38.94397785902383,-30.33926496671979,,,8.36533220372396,nan,,,0.9919220805168152,,None,-35.08927853963502,68.25706256144812,-37.64114133398629,0.0383283756673336,65.32538420034993,0.05602731555700302
Gaia,DR3,1411636560559240960,247.96129585755136,49.590843672875096,13.47475528717041,2.1526784896850586,4.141507139922673,19.7108663910734,47.84266523691667,-31.271348483787936,-47.42604064941406,8.393573760986328,12.534753937577353,nan,,,1.076223373413086,,Gaia_DR3,-49.152833600102255,102.01795448062082,-42.13527001623552,0.011406428180634975,93.62038821118016,0.013655154034495354
Gaia,DR3,1416521725081139584,264.4087947555668,52.67118270772129,16.796812057495117,3.0088253021240234,4.522319197792734,16.5821469242259,45.980868070576975,-31.112505107750508,,,12.887849931917943,nan,,,0.920941948890686,,None,-10.251711992366008,116.29468133220666,-21.370385335603018,0.05697118490934372,111.06624687269682,0.05917070060968399
Gaia,DR3,1425975253042183936,251.99854502498604,53.22128388139787,16.08904457092285,2.575990676879883,3.7833407158541115,15.77099340593019,53.22587781710499,-29.475386037667217,,,6.514885233816643,nan,,,1.0563626289367676,,None,-20.67963287418649,56.94330821056677,-17.697860872683762,0.042650241404771805,52.68795892582449,0.049033790826797485
Gaia,DR3,1430756621089598336,249.95389768474607,56.948295282652424,17.451284408569336,3.0484981536865234,3.9071446813360056,12.259725904585038,27.259228077061483,-26.40926794192132,,,8.044701291252492,nan,,,0.912338376045227,,None,-28.59720609287465,72.60774326497018,-35.22099547249334,0.08390537649393082,72.4311951662439,0.09836381673812866
Gaia,DR3,1489408316526701056,222.74346678145574,42.14706317828933,15.498595237731934,2.910630226135254,4.757378547647878,32.00875507790785,63.26817033326669,-26.62582821059248,,,12.554730954485555,nan,,,3.1546080112457275,,None,-100.562272437704,68.10529182431912,-88.33435398845914,0.11320710927248001,65.1026560978873,0.11369741708040237
Gaia,DR3,1414508897248080512,257.10544811679307,49.758999699120075,17.98260498046875,3.197681427001953,2.847547041750587,19.085766243761135,59.850010702734544,-32.658761887488254,,,6.451161388992218,nan,,,1.0875818729400635,,None,-14.238147915284351,55.04274365803445,-10.814228522665038,0.11455054581165314,53.23342532952505,0.14990195631980896
Gaia,DR3,1418822517585708416,259.0955203907144,52.821308711983086,19.291324615478516,3.180826187133789,4.712819912156717,16.064115074468027,61.92086297278009,-30.65199857284994,,,6.1214608816185905,nan,,,1.0021761655807495,,None,-11.17175588885037,54.74960190397024,-17.173716912215617,0.2470369040966034,53.767807620092185,0.2807476222515106
Gaia,DR3,1407927564241316096,253.61845378853252,47.837785510702574,16.71702003479004,2.8430213928222656,3.0875698652080996,21.058683333549794,52.6991809207587,-33.50466452993474,,,7.1498414779843955,nan,,,0.9856714010238647,,None,-20.518629017977446,58.49935935115308,-17.84916984674829,0.053398795425891876,62.31138282689779,0.052148062735795975
Gaia,DR3,1434874292135190656,264.93023645695484,59.64956433937082,18.119091033935547,3.2767677307128906,4.52867022465469,9.856339221555148,20.244873260680052,-25.701188333047796,,,9.258381909504214,nan,,,0.9857050776481628,,None,-6.424417284738577,90.36165843496104,-4.010171291841013,0.14131228625774384,81.85888446628678,0.1443287432193756
Gaia,DR3,1417804305394938752,263.1773955464326,53.97077249644678,15.805912017822266,2.550471305847168,4.375422983288554,15.179226042237257,35.950410435977325,-30.079484675338175,,,7.666529088854564,nan,,,1.0540342330932617,,None,-7.934846840779161,70.18105688748277,-13.599483681776146,0.03089338354766369,74.41398471455537,0.03324422612786293
Gaia,DR3,1418779228611134976,257.66307418267303,52.16869442505292,11.094091415405273,0.8822383880615234,1.5979059738627077,16.681906902747976,56.386479044142796,-30.99025395800127,-26.701807022094727,0.48478758335113525,6.425922696772681,nan,,,0.8439258337020874,,Gaia_DR3,-13.49613038472727,56.746638207027644,-11.678267006947047,0.014180121943354607,55.57153229114683,0.01610627770423889
Gaia,DR3,1431593005840904448,250.135517265212,57.72210697429968,14.610075950622559,2.4257545471191406,3.0755736532245668,11.482009253198486,37.597743289044885,-25.85742854890794,7.2875261306762695,3.8608949184417725,12.12246558870154,nan,,,1.0854753255844116,,Gaia_DR3,-42.68512446869937,110.42878178172613,-43.72283912970033,0.019881227985024452,102.63784320797376,0.026833735406398773
Gaia,DR3,1430255862262120960,247.36399524851757,55.807125621384024,15.173297882080078,2.572843551635742,1.6413944869385753,13.691239231480534,29.19855564282466,-26.799354754544062,-56.092369079589844,3.4089677333831787,9.93696519868412,nan,,,0.9927531480789185,,Gaia_DR3,-40.04888108740921,87.15682932225798,-36.81385466086912,0.022206826135516167,88.32185652608067,0.03198846057057381
Gaia,DR3,1435354366399862528,266.96813294517307,60.721159219019746,15.520461082458496,2.483719825744629,2.567032519823759,9.213157931033562,43.82883751040196,-24.872260564526414,-25.11762809753418,7.3290300369262695,6.53670085764774,nan,,,1.0645054578781128,,Gaia_DR3,-1.938404871854726,64.55016249354593,-0.24736104949725668,0.031015917658805847,61.44316982011661,0.03274097666144371
Gaia,DR3,1437148352764303488,255.10901219973164,59.57884841365893,17.741289138793945,3.144346237182617,4.603991348795731,9.287134949148278,66.63549088365063,-25.0815138706248,,,5.6441529957536565,nan,,,0.985659658908844,,None,-14.605183805881857,53.67679130025597,-17.358769669384383,0.12494617700576782,48.94111793129544,0.11014524847269058
Gaia,DR3,1493627280081524096,220.7155648059302,44.63616779007143,16.020963668823242,2.9950342178344727,0.7479217430223171,30.31489005576755,58.84442510784239,-24.511299469989037,,,11.31805819669482,nan,,,1.02036714553833,,None,-93.72558724402697,61.806825239043675,-94.10998424010158,0.03033575601875782,60.06420628631956,0.03553752973675728
Gaia,DR3,1425128358505578112,245.44068047616622,52.41535243845343,11.741019248962402,1.032684326171875,3.827336216560956,17.25442765510476,62.783483190157,-28.80423231757503,-20.998456954956055,0.5818816423416138,6.162335556774697,nan,,,0.9314361810684204,,Gaia_DR3,-26.97955971287864,51.204645316656816,-31.921919699449855,0.01408364437520504,50.66232978064791,0.016131985932588577
Gaia,DR3,1411965383255698432,250.98525164241838,49.00376909990833,17.454612731933594,3.0598793029785156,3.8183797466100877,20.031973635618204,39.33685413840645,-32.262974698636754,,,9.09979590350238,nan,,,1.0406560897827148,,None,-30.60584454401416,74.76313708057745,-23.332859872852097,0.07170691341161728,75.63373880218856,0.1041719987988472
Gaia,DR3,1394524070821963008,231.9985497209041,44.2356452371004,12.912881851196289,1.3840579986572266,3.2058201274678906,27.666611477882622,69.94485644422718,-29.701286209707668,28.81197738647461,0.9561341404914856,6.806678838554522,nan,,,0.9953257441520691,,Gaia_DR3,-45.26739097799748,43.927425163789266,-46.66995840069156,0.013809220865368843,48.30847221337151,0.019419098272919655
Gaia,DR3,1413316614326015232,250.13335566231262,51.144939800216555,16.84309196472168,2.76064395904541,0.7546496529463166,17.969776148821587,58.17305185086608,-30.633087886092092,,,6.441195341281589,nan,,,0.9495844841003418,,None,-22.68305006123335,54.26447469008695,-23.251967779080932,0.050604887306690216,55.116750326037646,0.06478583812713623
Gaia,DR3,1418221913654934400,268.5694096307995,55.401849092329265,15.46385383605957,2.437143325805664,0.5283480731690782,14.49509547869202,42.9181378735531,-29.115493123342674,-25.413663864135742,5.447531700134277,6.99674011485779,nan,,,1.0207382440567017,,Gaia_DR3,0.11175855007125968,65.41481647977278,0.44461918346262297,0.03342854604125023,64.71017523133573,0.02955595590174198
Gaia,DR3,1422466578293950080,264.40184329627584,58.00962792426845,12.255485534667969,1.4890251159667969,4.899084935493441,11.357578298195488,22.76932040649068,-26.997482675823825,-3.209237575531006,0.5063332319259644,9.132999885218808,nan,,,1.2147952318191528,,Gaia_DR3,-7.277256186915173,87.63110997550467,1.6731226894633338,0.014360753819346428,90.60766361433237,0.0119716702029109
Gaia,DR3,1428716339824940416,245.30797708554795,55.08581096092689,16.490596771240234,1.7438373565673828,4.47990834199066,14.69360352444059,31.920755924466352,-26.910130466318044,,,8.060128407317592,nan,,,0.9981672167778015,,None,-35.48037583209603,69.11585256258705,-32.14407804563595,0.06855982542037964,75.95782789801571,0.07941457629203796
Gaia,DR3,1436411581189460224,267.3172869691139,61.8602590439958,16.696266174316406,,2.802465513581532,8.260331753062417,16.645726220482153,-23.940304879377585,,,9.001978363465195,nan,,,1.1577963829040527,,None,-2.0561426682659283,89.82894788074381,2.6278913863546656,0.09185352176427841,92.34762063004302,0.11214403063058853
Gaia,DR3,1425397189098547200,249.36005401045566,51.55025802547347,17.223674774169922,0.4570121765136719,1.8656094493935096,17.63680164241597,64.41839528511149,-30.206856804025744,,,18.17333496260552,nan,,,1.0189646482467651,,None,-66.59608401000943,153.23974804455187,-66.91682222756107,0.06613883376121521,146.09957151923757,0.07476458698511124
Gaia,DR3,1439079885456194688,264.61927075154784,61.77776518864718,16.093645095825195,2.7591686248779297,3.9541339418464565,7.800577174380761,25.392944934030464,-23.956501243105272,,,7.481285484887752,nan,,,0.9001781344413757,,None,-5.644420608381168,74.44720577931824,-5.652715255753483,0.04045060649514198,68.21102741225572,0.047066036611795425
Gaia,DR3,1440428612562560640,262.14981705637985,63.862479869201735,14.998306274414062,2.4813308715820312,4.837965752407441,5.44691404692726,23.057804369561897,-22.135102309956967,-23.647846221923828,5.198782920837402,7.436471156033086,nan,,,1.0312919616699219,,Gaia_DR3,-9.180556477835257,75.03316455400329,-9.924329978849356,0.023791847750544548,67.48532629167323,0.027715668082237244
Gaia,DR3,1489790117643469952,221.2382319250748,41.779979666507124,18.832448959350586,3.3479652404785156,3.336053089945564,32.776386248295175,62.3427110154196,-26.036725316287097,,,9.785854562015935,nan,,,0.9640374779701233,,None,-80.36298186711795,51.34239514198924,-73.49768794659688,0.15939579904079437,50.861266537303955,0.18443024158477783
Gaia,DR3,1487307218525626112,220.87433643648228,39.95436188811154,11.526721000671387,1.1571540832519531,2.925762844985403,34.570212416467434,66.19408849851162,-26.62576668353052,-48.6856689453125,0.3150138854980469,9.3800330168633,nan,,,1.1106070280075073,,Gaia_DR3,-77.48100733191235,47.23185917271478,-77.54560282969655,0.011937107890844345,41.446801084479304,0.013755305670201778
Gaia,DR3,1491667465029648768,217.0333175668709,42.356753261899065,12.578660011291504,1.6729440689086914,1.624902563169168,33.502167940235466,65.32877641896224,-23.60411709057587,31.231266021728516,0.7300583124160767,8.944102922018528,nan,,,1.1847608089447021,,Gaia_DR3,-78.23123450637557,43.666503347523175,-81.21252362776582,0.010265239514410496,44.37259812885246,0.01220532227307558
Gaia,DR3,1492039237397467648,215.67352299215835,41.761463688475274,18.60479164123535,3.395578384399414,3.0457205345787526,34.464498864022026,65.80123736935462,-23.102402066472017,,,9.48169930446979,nan,,,1.0141074657440186,,None,-84.47810136996624,44.47493565957674,-90.03508082440858,0.1175178810954094,41.98847019018747,0.14156633615493774
Gaia,DR3,1511310381992331392,210.5569737116517,49.41544947794887,18.048337936401367,3.231130599975586,2.615507275987112,29.40487826012006,62.28759106450256,-17.4014552809332,,,7.902365662369775,nan,,,1.07285475730896,,None,-74.88994404230888,36.935813234227695,-72.5334812986439,0.09695062786340714,40.60078271823693,0.10336808115243912
Gaia,DR3,1420149907294373248,256.24438568507304,54.53678071466086,14.590246200561523,1.9987554550170898,3.6246691147849606,14.307592997656293,38.61699685003576,-29.081787763475614,,,7.281076680631757,nan,,,1.7508622407913208,,None,-17.26762154947513,65.88191774801103,-18.16250731583231,0.032692909240722656,60.39076701801277,0.03300632908940315
Gaia,DR3,1420515456254801280,261.9574811235877,55.973449257276854,18.729869842529297,3.430624008178711,1.1891049157653013,13.092999784378598,43.52361990289873,-28.479465723901463,,,6.821048192891183,nan,,,1.0115708112716675,,None,-8.675257724703265,63.77688388591052,-6.989709254244523,0.18564356863498688,64.06424280756028,0.21380099654197693
Gaia,DR3,1420266623029659008,257.28198428823583,55.14359992703064,18.053598403930664,3.1002464294433594,4.471780683809176,13.70301918083846,44.33778495898673,-28.737376670756834,,,6.828612236546644,nan,,,0.9603888988494873,,None,-14.840465679797987,62.458658037533574,-9.38884772175257,0.12416380643844604,59.03538626254846,0.1347000151872635
Gaia,DR3,1433810750859181568,257.07405918076694,58.54385405594096,18.97197914123535,3.374248504638672,3.5704837794143134,10.30133441377882,42.081750651241464,-26.095426323549688,,,6.6861503437202074,nan,,,0.9682466983795166,,None,-14.796940766901928,63.40656584679032,-14.072464336535381,0.20045913755893707,68.38677079173323,0.226909339427948
Gaia,DR3,1433852467876605312,257.7420676315627,57.69715664431316,15.645380973815918,2.812795639038086,3.7961440706529457,11.157063452472615,30.06077598000254,-26.820359863508862,-18.922142028808594,6.4331207275390625,10.844419289725797,nan,,,1.06895911693573,,Gaia_DR3,-22.611885433837877,102.17684880703614,-15.909964286186366,0.03521397337317467,96.66331103965884,0.037892889231443405
Gaia,DR3,1436332038395459328,268.92218790567335,62.0111633910261,15.816977500915527,2.751537322998047,4.7164920450436805,8.501806285921761,31.14380860955852,-23.820107147910797,,,11.457797751454343,nan,,,1.0443938970565796,,None,0.9719662651785819,114.50743151523524,12.242706205763993,0.036046382039785385,112.84760853077287,0.03469386324286461
Gaia,DR3,1488943223107888000,222.00594310188387,41.00073707376051,17.186477661132812,3.561825752258301,3.969105486376105,33.278457651977334,69.26887514761736,-26.763782723221507,,,14.951626785543551,nan,,,0.9803500771522522,,None,-121.25329194590479,78.39365962317784,-129.46211809046505,0.0684199184179306,87.83432419973738,0.0794350877404213
Gaia,DR3,1438503883096885504,258.8155886026733,61.711311248698166,18.780174255371094,4.022565841674805,3.6080528384944865,7.189580579812896,58.59116043592809,-23.71131239624393,,,17.557797585068162,nan,,,1.0275142192840576,,None,-32.98933635504413,172.55299822893505,-45.59996648306266,0.20102885365486145,176.94846192015282,0.21126729249954224
Gaia,DR3,1489387631964145152,222.55363815313618,42.064167025436646,13.352354049682617,2.490941047668457,1.5143908566663025,32.13893118125035,67.3631165602377,-26.569460297608682,-19.197853088378906,3.1012840270996094,14.596928111957595,nan,,,2.1533946990966797,,Gaia_DR3,-117.29688539833857,78.80489552610592,-121.28644023128507,0.018828237429261208,76.39667289652131,0.02269219048321247
Gaia,DR3,1432171967432527104,255.4065532328781,54.825475061784395,14.746764183044434,2.3194284439086914,2.3170210113779808,14.02891387103337,30.6995266292888,-28.76740186299289,-18.951499938964844,3.1419880390167236,8.046596862087968,nan,,,1.0599688291549683,,Gaia_DR3,-20.366992693905196,72.82066249541163,-19.443823227180985,0.02078988589346409,69.00024724058365,0.025024745613336563
Gaia,DR3,1440168097026216704,262.69542972982197,62.7833419309431,16.563152313232422,2.6226139068603516,1.4242376087334236,6.543497982472076,13.387963145746976,-23.056388336204584,,,9.00895775947344,nan,,,0.9514502882957458,,None,-10.167788329046632,90.18115017019882,-12.139469157997997,0.04447391629219055,88.32943182434914,0.05292768403887749
Gaia,DR3,1428645696202753920,245.59307815755008,54.669028380816215,13.475899696350098,1.8005046844482422,0.6452514189166212,15.049914748977265,47.84126800407551,-27.264809469456075,-25.205900192260742,1.2048019170761108,6.748655552904009,nan,,,1.0346547365188599,,Gaia_DR3,-29.36172178523667,57.70962380637082,-29.417537010081666,0.012299777939915657,58.6259145383255,0.014526495710015297
Gaia,DR3,1409787147641147264,247.08690568561624,46.15150152370174,17.164371490478516,2.8797483444213867,4.802896413049307,23.19955193117546,57.26586819437029,-33.32909351617755,,,7.112799633155009,nan,,,0.9760139584541321,,None,-29.02517253797817,54.65736339682631,-21.84999252267324,0.06153625622391701,54.03987406330033,0.07641886919736862
Gaia,DR3,1414741134719361408,261.417587022822,50.50530559394956,15.54845142364502,2.465555191040039,1.7788640863395966,18.48374923852124,39.07731421015897,-32.53592994776234,-76.36473083496094,6.787881851196289,8.124471036393823,nan,,,1.0072904825210571,,Gaia_DR3,-11.183134795188643,70.88880743134348,-8.158198743275564,0.029870035126805305,70.52532366482025,0.032243240624666214
Gaia,DR3,1436411581189460096,267.31639046820163,61.860021200920194,13.142871856689453,1.8584375381469727,2.9569041620722953,8.260345071218461,16.529022249171877,-23.94049325242277,,,8.918781389399639,nan,,,1.0572800636291504,,None,-2.038699975638103,88.99852676581816,0.4882663322487857,0.011167559772729874,93.95052085346985,0.012463422492146492
Gaia,DR3,1491667469325169920,217.0329313813791,42.35706722338713,14.65785026550293,,2.2856637144605028,33.50200145435323,64.30857483984725,-23.60378375126413,33.40121841430664,4.199647903442383,9.344593939868188,nan,,,3.8596580028533936,,Gaia_DR3,-81.73464147903232,45.62164665718305,-77.82070574700803,0.14444619417190552,47.847535262503555,0.16880303621292114
Gaia,DR3,1507544966985571840,216.84634801315877,48.96643458866445,15.826690673828125,2.958545684814453,4.896915508452507,27.67649978732459,58.95578356404335,-20.69432796307659,,,13.113219432994248,nan,,,1.049954891204834,,None,-114.99477143713695,70.82826315947614,-112.04107924853739,0.030478615313768387,57.617405409300815,0.031439147889614105
Gaia,DR3,1505522965101964288,212.44241193475426,44.89491676928071,13.055832862854004,2.2303590774536133,0.9334556171108622,32.69122100166921,68.54131405129895,-20.12994300301343,-3.3595407009124756,1.1191071271896362,14.896186044732621,nan,,,18.19293212890625,,Gaia_DR3,-138.18313961701085,68.3431249384568,-141.0966158762223,0.1662798374891281,68.02037437603441,0.18227410316467285
Gaia,DR3,1505522930742225792,212.44072173432914,44.89436257935254,13.809057235717773,2.5217771530151367,0.6704865340140183,32.692269035844475,68.59409349009672,-20.12923438995182,-2.7597711086273193,1.2746847867965698,14.922949342588998,nan,,,12.329466819763184,,Gaia_DR3,-138.4341566858239,68.46241869087132,-140.54237010646753,0.1440654695034027,68.52976211806954,0.1616704761981964
Gaia,DR3,1508294799556723840,216.2627674533892,49.24448000753742,10.409515380859375,1.3142004013061523,2.762476949142405,27.627053553709263,69.45736184590261,-20.292300508120903,-15.743285179138184,0.20969140529632568,17.57479165654253,nan,,,1.1508795022964478,,Gaia_DR3,-155.35431617256927,94.10381463633144,-154.99051433734516,0.013873273506760597,83.87546367985013,0.015189284458756447
Gaia,DR3,1506607392804640896,216.75204709166468,46.203880867861784,16.266536712646484,2.70111083984375,2.7805689215595786,30.132395630458582,65.39870598519846,-21.856960487517412,,,7.679750275907897,nan,,,1.1329642534255981,,None,-67.43426148468812,39.73643591636447,-71.88323865801519,0.03586002439260483,40.42308505149978,0.040742214769124985
Gaia,DR3,1510297456907717760,207.4496016353271,48.85431895688262,14.464675903320312,2.035019874572754,4.953495814325781,30.958697570738536,63.4115888717441,-15.9880401927544,50.33845901489258,3.0780420303344727,8.223367124621506,nan,,,0.970801830291748,,Gaia_DR3,-80.46433150390408,34.90344263938163,-81.99092583794906,0.014291433617472649,43.35388194962759,0.016891328617930412
Gaia,DR3,1559533587599068416,203.45803558188513,50.90163859964064,17.111915588378906,2.984691619873047,4.92780936928768,30.659301012333593,66.23098080760778,-13.18348880583925,,,7.707503541184711,nan,,,0.9796785712242126,,None,-78.13917610856423,29.468979951695122,-70.38175461553517,0.05913228914141655,31.45171698433575,0.06418436020612717
Gaia,DR3,1561676913718477056,205.13095448551164,53.47967748894304,16.292469024658203,2.7623023986816406,2.1192070042055255,27.9680268734596,54.22972182689526,-13.18416893879481,,,10.60903862896446,nan,,,1.037102222442627,,None,-106.0470770868572,44.35504666131956,-110.44582162761661,0.03637851029634476,46.11991327854962,0.036580659449100494
Gaia,DR3,1439568961972247296,266.4179756602168,62.76287319041587,12.14796257019043,1.8400020599365234,4.538060915585574,7.267623668390401,20.027261023107684,-23.181387969201186,-2.6346116065979004,0.9838567972183228,10.006727476315486,nan,,,2.3440873622894287,,Gaia_DR3,-4.041443270598235,100.59468793933863,-10.9136694020539,0.026404572650790215,93.93006352652321,0.022916307672858238
Gaia,DR3,1418686285518820096,257.5904039456712,52.17045992456043,16.34246253967285,2.6082582473754883,2.0790209580713968,16.679159759873183,41.86683423361196,-30.981193476276722,,,7.3681688443047575,nan,,,1.1441330909729004,,None,-15.577736014727433,65.05344363838397,-18.183040745782797,0.05089057236909866,63.14534754507545,0.05502017214894295
Gaia,DR3,1424983772726864128,247.51471057740858,52.510034392904736,14.560487747192383,2.7392215728759766,4.627547503444146,16.888375765463305,57.90433279540466,-29.176798005751657,-49.78660202026367,2.277402400970459,16.037450008514195,nan,,,1.1194168329238892,,Gaia_DR3,-64.19531449874255,135.35118318139897,-48.57183351671951,0.020161405205726624,136.17280121819186,0.023627769201993942
Gaia,DR3,1420658019104950272,259.4641739300574,55.798021624136894,13.795775413513184,2.7201662063598633,2.405870532197999,13.10846011672594,60.41152481810311,-28.43958065252399,-21.617984771728516,2.174028158187866,17.498683120385785,nan,,,7.564058780670166,,Gaia_DR3,-30.69243369963258,162.33728914833122,-34.886386499808644,0.11487534642219543,154.5157426084666,0.11004787683486938
Gaia,DR3,1440606660430810240,265.0754373662918,63.67601905754076,6.921621799468994,0.6770672798156738,4.658367561688175,6.175304992482552,47.41054719878011,-22.392645368081226,,,14.658547467755737,nan,,,0.9740661382675171,,None,-9.756931449345444,148.31709336101622,4.571124735023661,0.020484844222664833,146.9289425060166,0.022573767229914665
Gaia,DR3,1441107079956159744,267.63271601958684,65.78058999715071,11.863569259643555,1.1763763427734375,4.674083341221541,5.2239729819703795,19.16561513546305,-20.652246331963184,27.440418243408203,0.4455731213092804,7.677000234472313,nan,,,0.9822896718978882,,Gaia_DR3,-1.2809221848982177,79.08632031651757,-5.417924738697292,0.013887782581150532,85.41929982807324,0.013200460933148861
Gaia,DR3,1494969955577630336,218.23988914839356,46.55351293091584,14.19340705871582,2.128901481628418,3.8514315922330895,29.350553646500778,69.62003827418876,-22.442499244490683,-7.23887825012207,2.028611660003662,7.090544646421869,nan,,,1.0584990978240967,,Gaia_DR3,-60.96450598649086,38.048238535474056,-61.95442733411517,0.0137100825086236,32.37702826014048,0.018266335129737854
Gaia,DR3,1512864919636495104,211.16189791561533,52.692124988571244,15.52979850769043,2.8929901123046875,4.824740916955198,26.464463629964417,54.05906139834552,-16.39308727738431,-15.879241943359375,4.609707355499268,11.764209937330284,nan,,,1.078675627708435,,Gaia_DR3,-110.74455565883548,58.29770062345446,-98.77930452443843,0.024833817034959793,58.23349035166778,0.026431148871779442
Gaia,DR3,1498529899350692992,211.73399858259262,42.6714498992927,15.92745304107666,2.6707096099853516,2.283588650568773,34.90368213375744,69.43563830012435,-20.55717235352561,,,8.564096499490107,nan,,,1.1057604551315308,,None,-80.09940276516825,37.18272069567715,-75.99950570749955,0.026646558195352554,37.616545693008916,0.033338893204927444
Gaia,DR3,1571038224436372480,187.95123500051886,54.747589117880196,17.002769470214844,3.1895885467529297,3.5594347216476057,33.139466719468295,66.26688246475591,-4.051844922031332,,,8.510110658663073,nan,,,0.9796053767204285,,None,-93.87694512689554,14.02134178871495,-87.88136474726963,0.045598309487104416,16.219067777783586,0.05079531669616699
Gaia,DR3,1503854112609503744,206.8660310937883,46.38681497582907,10.920894622802734,1.2042980194091797,4.207077573023121,33.274904914769344,63.61349107719867,-16.51266675533987,-40.2593879699707,0.2150803506374359,11.56965261601266,nan,,,1.0579991340637207,,Gaia_DR3,-113.83945907893853,46.54385939533362,-105.48090214374062,0.011730224825441837,40.59206641108652,0.014284770004451275
Gaia,DR3,1506513831237278080,216.00564683555632,45.83681603065623,16.81458282470703,3.144411087036133,1.6648413777934445,30.696927550075493,59.985355382207345,-21.633927598766384,,,11.697883415769937,nan,,,1.0817592144012451,,None,-103.76331687284348,59.215411089933006,-99.65787821927263,0.04727477952837944,59.245792311991806,0.059002239257097244
Gaia,DR3,1508490134668403712,214.61824593898444,49.94111264823995,17.44530487060547,3.2808094024658203,3.2899844068798907,27.575832261955394,54.197762770994835,-19.199636769371892,,,8.881983547343944,nan,,,1.0446633100509644,,None,-80.22714002495022,46.27337776285016,-78.89182956371516,0.06540849059820175,40.25963829155245,0.07436991482973099
Gaia,DR3,1439613840085085696,268.3044198609339,62.98249681880945,18.882925033569336,3.408832550048828,4.4791039514870645,7.529733912812126,69.62729335806128,-23.014136945823406,,,5.504762524314105,nan,,,1.1499539613723755,,None,-0.19679375895882878,55.47603043773386,-4.854537352611838,0.20146535336971283,53.1689255867832,0.2709138095378876
Gaia,DR3,1439943659214840704,268.81591591674453,64.1813737571383,18.156505584716797,3.5511646270751953,4.494859618547737,6.712323439426497,14.218846068251876,-22.009278665669534,,,9.163564386127828,nan,,,1.0117042064666748,,None,0.5872707690542333,93.25833763289621,-7.035064150455574,0.1395043283700943,97.41708985596762,0.12950055301189423
Gaia,DR3,1427773852202101120,242.88492247253157,52.5003626738808,16.30246925354004,2.668665885925293,4.54031901395205,17.577509465717288,64.95135626843815,-28.15282967424043,,,6.087905698122095,nan,,,1.1366314888000488,,None,-29.42082696619697,49.64864526152265,-28.990210496183582,0.04879821091890335,43.83757062525878,0.04863934591412544
Gaia,DR3,1558090134989629824,194.96943248538412,53.202147745341264,13.379085540771484,1.9368896484375,4.270186503919405,31.85045525264758,61.66897299827313,-8.049118616443298,-13.765508651733398,1.1406689882278442,9.148512800335375,nan,,,1.0342705249786377,,Gaia_DR3,-98.10772821544847,24.629796728535304,-95.7998339341611,0.011671854183077812,32.53528040253283,0.011869614943861961
Gaia,DR3,1556820920613987968,199.5340127338031,51.498127089010374,9.129034996032715,0.6842765808105469,2.9945481510288805,31.578821068284412,60.046287730540755,-10.913973893493292,-32.4327392578125,0.1923309564590454,10.266470335713842,nan,,,0.9339246153831482,,Gaia_DR3,-107.1550536556217,33.885006106476254,-102.03356717229012,0.011637450195848942,37.8566650304327,0.013341030105948448
Gaia,DR3,1562065964739793280,204.12637339845406,54.73818119471905,18.130407333374023,3.642732620239258,1.3630169670719017,27.334499164889458,54.975303266936635,-12.263963717023646,,,8.498007626362055,nan,,,0.9882113933563232,,None,-85.67952129237321,34.818227113989096,-84.33668008704302,0.11896635591983795,32.77882678876044,0.13092848658561707
Gaia,DR3,1579060192552689024,193.81156217326443,60.07199968041902,13.364361763000488,1.8286476135253906,4.055327849212011,27.061952618527908,58.391903582556324,-5.950718212888125,0.04003994166851044,1.4017130136489868,7.791539250404368,nan,,,1.0529898405075073,,Gaia_DR3,-84.03817470781418,20.940728494417677,-77.54914771344598,0.01244991272687912,19.436841535342893,0.011946456506848335
Gaia,DR3,1581276430037049472,184.93346209666737,59.65095879643583,16.072118759155273,2.6732492446899414,3.386479636526259,30.447995848220714,58.13813693046884,-1.9723015264517887,,,10.31772624900953,nan,,,0.9483752250671387,,None,-114.65813183701313,12.497605206612278,-107.56913510065031,0.037056032568216324,10.497080729622017,0.036296773701906204
Gaia,DR3,1569032371630322432,189.2545414572145,52.02086039572782,14.953802108764648,2.6619815826416016,2.7722732250765523,34.8579326914193,65.99686724327357,-5.1493643093630705,21.688364028930664,4.994101047515869,9.81501419547697,nan,,,1.4129631519317627,,Gaia_DR3,-107.83312029685659,17.691367406547876,-102.34825198649754,0.022782428190112114,19.370444161652237,0.029369210824370384
Gaia,DR3,1550938395967342976,201.0901888593202,45.32005798924862,14.6104154586792,2.437406539916992,4.797298868524086,36.22112411657483,69.75622081972118,-13.47427479294589,-27.687204360961914,2.3169643878936768,9.166435784583458,nan,,,1.166421890258789,,Gaia_DR3,-94.63851116473569,29.645196847502824,-89.90074277073275,0.014533905312418938,37.61325514527413,0.021055856719613075
Gaia,DR3,1501819496405948160,204.78156111188267,43.71144017811756,15.982598304748535,2.915111541748047,2.1136393507102333,36.32840569214564,68.03577000106591,-16.14644701014738,36.60566329956055,5.422170162200928,10.394071241768007,nan,,,19.333587646484375,,Gaia_DR3,-104.21421965727487,37.48317177582986,-105.42630984079638,0.5420084595680237,41.953101074727186,0.5745674967765808
Gaia,DR3,1500444625834675200,207.76695480009266,41.69023763003327,18.519947052001953,0.39525413513183594,1.3487548507149318,37.09808839138966,69.56283597417965,-18.564042102060498,,,10.110440237422871,nan,,,1.0071537494659424,,None,-98.62426279446507,38.6892942321697,-101.35888731929384,0.09591159969568253,39.57574772290532,0.10918234288692474
Gaia,DR3,1569374663343775104,188.8787181178296,53.158430001100164,15.105555534362793,2.7820863723754883,2.8882173565447236,34.07363613985923,67.06128396594326,-4.7737497635405175,5.527475357055664,3.9010214805603027,8.754920604713819,nan,,,2.4883830547332764,,Gaia_DR3,-96.304259115784,15.461028942220475,-100.40623808472435,0.04313549026846886,18.86524859520386,0.05105196684598923
Gaia,DR3,1587611884756030720,227.43834506626374,45.77379016935749,16.456384658813477,0.04796409606933594,1.6302592265772735,27.36788628979374,57.20325223596176,-27.02698721144373,,,12.561592195746384,nan,,,1.02272629737854,,None,-92.2553480116548,78.13480678802621,-96.35175270548133,0.04141533002257347,76.77213706274706,0.05166386812925339
Gaia,DR3,1592707502675731456,226.88701600149017,50.93350091404018,10.476008415222168,1.0250568389892578,3.6996265261801766,22.84026842363956,45.65191120031128,-24.053401235511856,-16.77875518798828,0.3703528344631195,10.469401634695243,nan,,,0.9433156847953796,,Gaia_DR3,-77.73587615500375,69.64761996778327,-71.60056898645468,0.010638522915542126,64.25968949212631,0.013618532568216324
Gaia,DR3,1566486040138765696,196.98530812259767,57.290994257617626,14.268400192260742,2.4326295852661133,4.0586899976303235,27.957722577990623,58.4497325072117,-8.079916809647044,-0.8407391905784607,2.1383910179138184,12.766100284338938,nan,,,1.1371536254882812,,Gaia_DR3,-135.39281833583158,39.85823409879488,-128.30619382335183,0.01649908907711506,31.54630803751823,0.017500663176178932
Gaia,DR3,1580275251684986752,192.38734894675105,61.08580387586083,17.773277282714844,3.3210296630859375,4.603005872941323,26.849405472213075,67.16728815708363,-5.107832427225139,,,6.892990134771426,nan,,,1.059301495552063,,None,-74.82996258913862,17.05294037411445,-76.14633253281596,0.10092652589082718,10.495072896748704,0.1044817566871643
Gaia,DR3,1571491360665497728,189.28413876851158,55.560468343849784,15.265674591064453,2.653146743774414,4.114127218975546,32.02936054145942,65.7806626373133,-4.627224228789656,13.528322219848633,3.363766670227051,8.177380938606115,nan,,,2.7593607902526855,,Gaia_DR3,-89.83234732117498,15.298127827879096,-83.14395981415628,0.05579368397593498,12.939038657204382,0.06651608645915985
Gaia,DR3,1572801222611587840,184.96612960547114,55.16572704598507,11.648368835449219,1.3600273132324219,4.317822758097655,33.86390058367372,64.31350808778753,-2.432455037999344,-15.738290786743164,0.33654817938804626,9.750673658965953,nan,,,1.0812382698059082,,Gaia_DR3,-108.34963062002926,11.508033820527622,-107.3485749739572,0.011208994314074516,20.326856337941877,0.012388022616505623
Gaia,DR3,1575700634774585856,183.90825263526023,57.6073274767261,8.119958877563477,0.5405764579772949,3.193337995604289,32.335248514528196,67.87369787547478,-1.6703527016440969,2.658514976501465,0.17675559222698212,7.939064852184654,nan,,,0.8998712301254272,,Gaia_DR3,-88.38892340147626,8.158220005222383,-83.46713022393507,0.02680407464504242,10.241349923207856,0.02843431942164898
Gaia,DR3,1573496423197971584,183.58968200853664,55.20652232093612,17.09683609008789,3.3003387451171875,4.978816627482852,34.31387752412814,64.6386596273718,-1.7054536782316685,,,10.576320851790975,nan,,,1.0161032676696777,,None,-117.81090132561752,10.164834838470846,-110.4162641636785,0.05688481032848358,18.444076438785558,0.06160017475485802
Gaia,DR3,1578199309307786880,191.66248594519433,59.18631787769945,16.59805679321289,3.309650421142578,2.7286951897148892,28.454045412012736,57.78760800550937,-5.159736205158703,,,12.198775038934915,nan,,,1.105379581451416,,None,-132.83330573193226,28.28584043463721,-131.14301288804072,0.05116962641477585,35.09639925685454,0.05042124167084694
Gaia,DR3,1575347141785647232,182.8521373717967,57.16615410964897,9.67992115020752,0.9388589859008789,1.7265267479171076,33.0385089120863,66.55465209353609,-1.1799052887627663,39.77781295776367,0.19377467036247253,13.644994103232131,nan,,,0.9942476749420166,,Gaia_DR3,-152.15531119044408,11.629432707265345,-153.04465707492312,0.012175395153462887,16.515511903644747,0.011663923971354961
Gaia,DR3,1582944148657448576,181.25246400479492,62.97314007156313,11.082071304321289,1.4730615615844727,3.1288759176189362,29.287679172030234,56.878108848987075,-0.09380096619551104,-6.691553592681885,0.9956173896789551,11.039314891716558,nan,,,4.81331205368042,,Gaia_DR3,-123.31369203417717,6.573956695539202,-120.08665290921319,0.0827748253941536,13.10133630530784,0.08823864161968231
Gaia,DR3,1590522120236486784,224.83982433820344,48.15808495582028,15.39429759979248,2.3592891693115234,4.111063564997964,25.9163561037548,68.26412675701256,-24.69654992971245,-42.312896728515625,4.576633453369141,6.689682661181865,nan,,,0.9907141327857971,,Gaia_DR3,-51.63805639994084,41.45876471864824,-47.846288481453456,0.023834237828850746,37.07298196537553,0.02857469953596592
Gaia,DR3,1591067478003679232,221.02853128456465,47.96879513501135,11.862472534179688,1.0379753112792969,3.734414681356936,27.225416713399124,69.24302070423066,-23.1081673271552,-31.172624588012695,0.45683199167251587,6.795448415431409,nan,,,0.9291977882385254,,Gaia_DR3,-55.99372746976372,39.31687811492108,-53.8055839145775,0.010074354708194733,44.19864550780378,0.011224466376006603
Gaia,DR3,1561435158598806784,206.32393538576918,54.30876478299694,16.443641662597656,2.9149341583251953,2.282296480364528,26.882380826440457,52.00903055823643,-13.468576822553132,,,9.399689941487269,nan,,,0.9736912846565247,,None,-92.9567102241971,41.25355588269622,-93.98713302443457,0.03941958397626877,45.65708594520582,0.042344506829977036
Gaia,DR3,1504591571378081664,212.7077597291489,43.52699285343629,18.588638305664062,3.884218215942383,3.516218946355009,33.82043325300704,67.50529300082358,-20.790840656645585,,,13.649593846298632,nan,,,1.0413720607757568,,None,-126.2230236303148,61.625489863468054,-135.96443999884852,0.14187279343605042,58.89142919076562,0.19461733102798462
Gaia,DR3,1499159953873162112,210.6460640366958,42.23258446685953,18.27928352355957,3.7232303619384766,4.699705708340198,35.654027760988455,67.07727678273184,-20.087028715018082,,,10.115707617399135,nan,,,0.9948777556419373,,None,-95.77205644739388,42.3671201628119,-85.74997053592931,0.11508045345544815,42.35970671791024,0.13337409496307373
Gaia,DR3,1569698710036539264,193.89985808407602,52.70933956998371,12.851099014282227,1.9254531860351562,2.463091318655902,32.63086158217443,62.15090197753397,-7.5820809804503355,-9.945096969604492,1.0154775381088257,11.080606752853656,nan,,,0.9072771668434143,,Gaia_DR3,-119.46286962059321,27.898964402530908,-114.3298865881276,0.016696875914931297,30.498145499842515,0.018166054040193558
Gaia,DR3,1573667397256044160,182.90287658022964,55.83659725747939,17.30679702758789,3.325214385986328,4.51272771696529,34.05660304270929,65.02721212925937,-1.299620012092344,,,9.500524796878297,nan,,,1.0596067905426025,,None,-105.93313742854195,8.117738476724718,-96.9600114149565,0.06306760013103485,7.035797218859597,0.06252378970384598
Gaia,DR3,1573653309763257984,182.96943896196626,56.07022401717374,13.764772415161133,2.15981388092041,4.429405851814758,33.850223015848094,64.70062240380415,-1.3173670227945458,5.152502059936523,1.462687373161316,9.473154109915976,nan,,,1.13078773021698,,Gaia_DR3,-105.61840131082631,8.206685906345825,-96.87379004415617,0.013532840646803379,6.873311730089926,0.012788191437721252
Gaia,DR3,1586564290693144320,224.31554665955616,44.84289290582539,15.78929328918457,2.5743913650512695,4.487770666938921,29.081784459251832,67.16336124330178,-26.115608310901493,,,7.262833208378305,nan,,,1.0417016744613647,,None,-56.59767959181928,42.38393378740935,-63.306554562414135,0.031023332849144936,43.86831772946889,0.04077694192528725
Gaia,DR3,1584275348001918208,183.05890259830565,63.190914077389294,11.163229942321777,0.9879589080810547,4.953979699745237,28.548264986429405,68.80830254834777,-0.8353572418376043,28.602787017822266,0.36580508947372437,7.025580524717995,nan,,,0.8848780989646912,,Gaia_DR3,-78.32015111674058,6.390559026095602,-85.65290055966412,0.012635464780032635,6.6448074522275995,0.013509836047887802
Gaia,DR3,1603462238224158592,219.52541341733092,49.48725070257647,15.509234428405762,2.613072395324707,0.8190306247840882,26.359546554218245,50.97523558357557,-21.69963539874938,1.6610267162322998,5.034305572509766,9.496092357005304,nan,,,1.0410807132720947,,Gaia_DR3,-80.10328997270769,54.570287746353884,-81.72803960601675,0.027074724435806274,54.79041916670828,0.02562806010246277
Gaia,DR3,1595013075479622784,234.50008497772947,51.24005891052624,11.432388305664062,1.1353673934936523,4.119081751901064,20.521845698344407,40.45835596571639,-26.584958470626923,-41.592918395996094,0.3207553029060364,8.930184249604764,nan,,,0.7246716618537903,,Gaia_DR3,-55.82857035132045,65.9862171763064,-52.43049076301088,0.010470482520759106,59.01593271893908,0.013435286469757557
Gaia,DR3,1569801819315340416,192.18640065306604,52.48031075999072,19.329832077026367,0.7518386840820312,4.363391558573195,33.43244319876441,67.05101167306437,-6.6951753968239265,,,8.46308717073242,nan,,,1.0430899858474731,,None,-91.95403484703282,19.08142914134132,-86.71349011349616,0.21771320700645447,24.83807077106684,0.22007909417152405
Gaia,DR3,1559570799195711360,203.41094895224307,51.27032777651713,16.303071975708008,2.7661619186401367,4.359999717712234,30.372961617159692,59.446621451598205,-13.041871408536238,,,8.92348128381673,nan,,,1.0215705633163452,,None,-90.50142960898509,34.21914068778324,-82.52325565744344,0.03325309604406357,32.31673019668466,0.0378681980073452
Gaia,DR3,1504977160657638528,214.97002301600733,44.685609316536436,18.114517211914062,3.545726776123047,4.48885916419472,32.0538675216319,62.22560912429439,-21.567583872907143,,,9.076229115910573,nan,,,0.9905291199684143,,None,-81.61267897803357,44.072611747407414,-88.54471495259011,0.09404779225587845,49.14355320189358,0.10745986551046371
Gaia,DR3,1565107626218578560,201.90638880373822,55.190846411996766,20.066049575805664,2.7306976318359375,2.496954822909143,27.78243933313994,57.37207099268611,-11.04344362766161,,,8.176402909791005,nan,,,1.0033146142959595,,None,-83.90776864057274,31.02033977758006,-82.6912688703148,0.5034151077270508,26.891918395875003,0.5375998020172119
Gaia,DR3,1580315761817091456,192.6916854517267,61.47454805535769,20.649991989135742,0.8143882751464844,3.7377102266283733,26.475227440831784,58.70365755144493,-5.158596694542544,,,7.604511364507767,nan,,,1.0800739526748657,,None,-82.44452187589765,19.253385864346882,-87.0876016709323,1.2131215333938599,23.040903039218406,1.1558295488357544
Gaia,DR3,1577122230293251584,193.4872807863556,56.872919758369385,19.248149871826172,3.647268295288086,4.7539462476683,29.524683159082404,58.18712633017817,-6.4941709088090995,,,11.643311664833625,nan,,,0.9940535426139832,,None,-125.77546804248111,29.83273433217373,-115.49034696822308,0.239180326461792,24.321417958083956,0.21469636261463165
Gaia,DR3,1582989537872833280,181.16279024268397,62.9729755733677,9.082857131958008,0.7073335647583008,4.826631596824866,29.316876016042652,57.34887459978891,-0.05614752256102662,-7.829854965209961,0.15689702332019806,8.954648825098928,nan,,,1.118180751800537,,Gaia_DR3,-100.034551874302,5.193067976372692,-91.97902374388245,0.014037237502634525,9.450491863252303,0.013917048461735249
Gaia,DR3,1592250479500148352,225.5793382452241,49.80579905442651,20.03433609008789,2.870319366455078,2.245135425440488,24.22455844624401,47.94360409559959,-24.144318232476383,,,10.488613165283544,nan,,,1.0375310182571411,,None,-79.86000976705941,67.33944736834681,-83.321479539899,0.37169092893600464,63.78110375332625,0.4679824113845825
Gaia,DR3,1609260684592080128,211.3219883694488,54.552308112948275,15.412988662719727,2.930723190307617,3.8431476386126904,24.9103871505,51.72198409769292,-15.694149886349795,4.464761257171631,4.292383193969727,11.698017702716928,nan,,,6.9856486320495605,,Gaia_DR3,-109.9236738775131,59.502700935096655,-110.5096831627821,0.163936585187912,68.96199793732683,0.15317592024803162
Gaia,DR3,1583976109040390272,186.06227115122005,63.788800145402966,10.863123893737793,0.9660491943359375,2.3669833615295826,27.15763765436919,58.33462743621347,-2.010703477474511,3.437608003616333,1.4859209060668945,7.825586002529249,nan,,,1.7139034271240234,,Gaia_DR3,-86.7532118039239,11.224483922613365,-85.42374565813745,0.024289796128869057,14.896037399433004,0.02480929158627987
Gaia,DR3,1588976378686204800,226.30456526046905,48.17732412261046,15.304380416870117,2.682220458984375,3.904261649963337,25.479593900101975,57.11709899402673,-25.3020457545229,-11.49168872833252,5.545450210571289,13.38432821562477,nan,,,0.9806273579597473,,Gaia_DR3,-100.51206975761863,84.91335233382932,-109.02492417512326,0.024809863418340683,77.9215591573074,0.030090730637311935
Gaia,DR3,1582132292464408960,182.42285358726326,60.64751361969304,17.85502052307129,3.9220638275146484,3.914295584244679,30.566222375523445,64.74564365608042,-0.7381963875959521,,,14.166706561715953,nan,,,1.1163108348846436,,None,-158.05882788089767,11.233983109361432,-157.04395438332784,0.10873950272798538,22.879827850578835,0.11853649467229843
Gaia,DR3,1598403041626990208,238.51745693131616,55.86221580460039,12.924951553344727,1.5289030075073242,4.337289062117304,15.330716219089279,47.61777050769839,-24.780346017795257,-21.462886810302734,1.028794765472412,6.788709995400798,nan,,,0.9831084609031677,,Gaia_DR3,-37.92623799733714,55.400436983686696,-33.96369139425722,0.013079186901450157,50.622595633951306,0.01639423705637455
Gaia,DR3,1620341494056310784,223.6148454591711,63.181429371716305,17.328289031982422,2.894603729248047,3.7223650464042737,14.34088366111732,62.293266372571054,-15.880214248918778,,,6.004846990547468,nan,,,1.0702775716781616,,None,-47.380010952111746,43.15742411636675,-43.57337210642485,0.0732998475432396,40.38016761613165,0.08925184607505798
Gaia,DR3,1622912633278274304,240.27593148090784,58.425677799270446,15.447633743286133,2.7093334197998047,3.91010994382309,12.61055154646691,25.326179509159587,-23.439504339004337,-27.481891632080078,6.468838214874268,9.254293936347663,nan,,,1.0101667642593384,,Gaia_DR3,-48.9250604533305,78.92501102603774,-41.32791227835564,0.027000315487384796,78.23713335773286,0.028677938506007195
Gaia,DR3,1604444651864009728,216.9893277781001,50.25688628178586,15.414690017700195,2.336064338684082,3.795729693381486,26.516784192330885,62.12284666302807,-20.17870387108072,9.569634437561035,12.442170143127441,7.257192083932219,nan,,,1.045157790184021,,Gaia_DR3,-63.51517031590936,40.02370951633979,-57.71443063471849,0.03403646498918533,40.294251019213675,0.037780553102493286
Gaia,DR3,1607276581499507072,221.42341163319693,55.03699523965937,14.56143856048584,2.7398061752319336,3.696447531091782,21.046276625597976,61.814870435391505,-19.711390221366045,-27.361404418945312,2.559100866317749,16.417351778435957,nan,,,1.2051177024841309,,Gaia_DR3,-134.41837337684595,104.87435853701304,-125.40092380850673,0.019646134227514267,113.94912550038131,0.022744549438357353
Gaia,DR3,1607502428059502208,222.04523644382624,56.56636706908387,15.625412940979004,2.651045799255371,4.250397200890779,19.60891452238151,39.81043431639267,-19.12706492093131,-31.405071258544922,7.3844780921936035,10.223942430723227,nan,,,1.0504602193832397,,Gaia_DR3,-82.85914962521154,67.17641535197862,-86.62867155998484,0.027465954422950745,58.82697166335808,0.031033430248498917
Gaia,DR3,1611648480249450112,214.9893538407953,58.28831540463151,14.233899116516113,2.2742233276367188,2.3950650801000735,20.74605355281965,49.13147895144865,-15.5563972518027,-12.086782455444336,2.29091739654541,7.414432180522933,nan,,,3.35465407371521,,Gaia_DR3,-66.65330503124959,42.9461018388951,-70.18136485609313,0.05837814137339592,44.197959156735834,0.05521027743816376
Gaia,DR3,1595433153345022208,230.07164970971434,50.30752963763284,16.342952728271484,2.63509464263916,2.970841494300435,22.509626790791845,58.41533444944876,-25.60624177688058,,,6.92195603511706,nan,,,1.0000641345977783,,None,-48.10066501854044,47.79006858076596,-45.073948090008024,0.040450312197208405,44.68650281822802,0.05825435742735863
Gaia,DR3,1585136020793227008,182.54155395183253,65.22341698373128,17.88249397277832,3.098844528198242,3.390896452440077,27.347608646476168,68.27351867656142,-0.48185818818169324,,,6.883106892709232,nan,,,0.9275893568992615,,None,-76.78414310720339,5.670755513705252,-78.30302085578855,0.102991484105587,10.350736819377897,0.1138644814491272
Gaia,DR3,1590677563692728192,223.0029630868477,48.23449036219013,15.919459342956543,2.850719451904297,4.3605115287653335,26.389479129099826,56.87730443060514,-23.862963909342895,,,7.8145539805927475,nan,,,1.3847858905792236,,None,-62.31701542030656,47.01790736879941,-57.039116099175885,0.0370614118874073,42.144951212623184,0.04751662537455559
Gaia,DR3,1564904358302359936,197.890865300419,56.501865123483796,12.69302749633789,1.7239761352539062,3.263623033252016,28.226199526509113,62.39898982766722,-8.720365568300078,-2.803757905960083,1.045762300491333,7.581840416656138,nan,,,11.850147247314453,,Gaia_DR3,-79.97516128787773,24.548694191822065,-74.76205676096288,0.10106255114078522,24.36498253821594,0.14171913266181946
Gaia,DR3,1582942671190105216,181.25031801778985,62.97179774177416,9.852750778198242,0.891963005065918,3.9832746285328193,29.289315334281405,57.167789346193935,-0.09296581918235702,-8.956634521484375,0.21981480717658997,11.238067794325083,nan,,,1.1218620538711548,,Gaia_DR3,-125.53407076019802,6.688121343893137,-117.5186262322689,0.01532821636646986,11.668604227370675,0.015833068639039993
Gaia,DR3,1599293061929711104,227.90960841679825,53.5559045014947,9.329217910766602,1.0914487838745117,1.4857080026761045,20.239949747938,68.6666232512005,-22.954735372311873,-68.91732025146484,0.16513250768184662,19.40501850111003,nan,,,0.8249008059501648,,Gaia_DR3,-141.16418294737323,135.50929482434054,-138.5839640474578,0.010085669346153736,130.00649234843442,0.01230856217443943
Gaia,DR3,1609769621035901184,212.57064480939064,55.51531653662724,15.489657402038574,2.313140869140625,1.907407378407705,23.711037078258585,65.01497282816213,-15.832407595484003,-6.897514343261719,6.369344711303711,6.630438969840049,nan,,,1.0911533832550049,,Gaia_DR3,-61.41382786547959,35.20157227037468,-61.273229350285305,0.025152824819087982,32.53917835571468,0.027704861015081406
Gaia,DR3,1612238265158551936,215.60466372815654,59.62508518178743,15.888785362243652,2.512089729309082,4.4661112298704,19.56162514950503,56.525644774018176,-15.14209158051532,,,6.687503756173815,nan,,,0.9836021661758423,,None,-59.63723322672184,39.791772372901164,-60.25092311161088,0.03580047935247421,46.05808561233101,0.03423456475138664
Gaia,DR3,1627869266057293440,237.65661136089824,62.12675463103763,9.684131622314453,0.5755462646484375,2.7182252830357236,10.270676130668157,67.09530033787367,-20.222612767464174,-18.16805648803711,0.2406773716211319,5.658339245562196,nan,,,1.0432313680648804,,Gaia_DR3,-32.43126023403542,48.70239342514545,-32.73921543029344,0.02005346491932869,45.47465736477883,0.0248176958411932
Gaia,DR3,1628856039087510656,248.49756760534436,63.70917388771135,18.630390167236328,3.5783939361572266,3.8093553224889023,6.075547709716197,25.872390337101,-20.99179497868002,,,10.968600452227818,nan,,,1.055253505706787,,None,-41.93433914196578,104.58075141624015,-50.71715565783293,0.18828299641609192,103.91070222756517,0.20439225435256958
Gaia,DR3,1619894130263507584,226.02801046383198,62.87861087095112,11.222908020019531,1.0479106903076172,3.550835478185823,13.668036616526033,40.04606187357219,-16.76282711045753,4.506099224090576,0.7386263012886047,7.09700925659655,nan,,,4.765125751495361,,Gaia_DR3,-53.57954835403908,52.93467250352491,-49.083349407185054,0.06743410974740982,55.764271186531886,0.07399173825979233
Gaia,DR3,1598109261573353088,234.5739306258235,55.082618689475744,15.886886596679688,,2.4277298960592604,17.02270829915498,59.05361214357643,-24.199639342900486,,,6.320122037057793,nan,,,1.072249412536621,,None,-39.4357546191849,49.012150115547065,-36.485928879995626,0.05362825095653534,50.339176631184465,0.06181865558028221
Gaia,DR3,1579045727102832000,193.90140555123708,59.92738348752016,15.330430030822754,2.9369869232177734,4.070942751232091,27.13293655816351,54.43323068630047,-6.023023622267981,-1.6499428749084473,7.363448619842529,8.535433387080761,nan,,,4.880455017089844,,Gaia_DR3,-92.02201614323384,23.037819097382503,-84.71704061674728,0.1090937927365303,22.495593919592434,0.10955685377120972
Gaia,DR3,1599250318415280896,229.2709883418062,53.62531343749593,16.130308151245117,2.7120485305786133,4.23657035533049,19.77911768653545,48.98416494015294,-23.393777674647993,,,7.257079040452966,nan,,,1.1237763166427612,,None,-51.313096733010546,51.71609754666154,-49.716361686961775,0.04148491472005844,45.434478071447096,0.05070305988192558
Gaia,DR3,1592097956621807616,224.57544814424887,48.72475742571705,20.687477111816406,2.0108795166015625,4.444110301471455,25.48465431663842,59.3290627646532,-24.293131340817432,,,7.328191517494796,nan,,,1.2044447660446167,,None,-56.83977375357293,45.5945973343759,-62.0596785493752,0.843803346157074,50.05417723294666,1.1233500242233276
Gaia,DR3,1606795923119570304,219.28767147324572,54.114237825534296,17.72170066833496,3.4215164184570312,2.2940123601984777,22.513289344678356,60.65617659464497,-19.33394337358611,,,6.766971141987979,nan,,,1.0899020433425903,,None,-57.28775239113803,41.066915495434,-54.03522707134423,0.1007186770439148,41.42805351800803,0.12002339959144592
Gaia,DR3,1615139567106560512,232.14329508830326,59.40717854877357,17.46446418762207,2.9973583221435547,0.8953435924784796,14.07983786738425,37.3457492245926,-20.700078834345234,,,7.350257039725111,nan,,,1.040873646736145,,None,-48.71531275578544,57.94075641024362,-49.78573945622926,0.07642000913619995,57.05820058916814,0.0797630026936531
Gaia,DR3,1616273782070444672,230.45066580561362,61.07119296657506,11.305779457092285,0.9768772125244141,0.6468046658746774,13.365743986519016,32.03874864311648,-19.148312580252508,,,7.718760601455908,nan,,,0.8186200857162476,,None,-53.18907624868594,60.44961483193244,-52.42382941655465,0.01555029209703207,61.17218116943435,0.016088342294096947
Gaia,DR3,1606410681732838016,222.2023679830259,54.16761499559495,17.45808219909668,2.9362106323242188,4.93676211266072,21.505631609557323,60.91507908730274,-20.475538961434623,,,6.632701820360136,nan,,,1.1034694910049438,,None,-53.61383867820022,42.541251544937104,-55.665777386796684,0.07680957764387131,35.950507402056346,0.08243857324123383
Gaia,DR3,1615047792245636096,228.9372616942912,59.70125792407805,16.606388092041016,,0.9784675536858521,14.883372519246473,66.86479294286524,-19.5878047342923,,,5.85324830714387,nan,,,1.1059223413467407,,None,-41.681635006922804,44.32619099924464,-41.70111028862227,0.44172483682632446,45.53338808288531,0.325405091047287
Gaia,DR3,1603462238224158720,219.52363881837383,49.48906740454679,16.054454803466797,2.737858772277832,1.1103008696489616,26.358528460481633,51.016865987739955,-21.697967078814294,,,9.428577500902474,nan,,,1.1773256063461304,,None,-79.5359196853972,54.181802138475824,-81.73161884973408,0.038366030901670456,54.403640052964,0.03954411670565605
Gaia,DR3,1633432588737213952,265.5018161699304,66.29690062779842,11.844225883483887,1.4192771911621094,4.057255693383974,4.231680071280409,14.340165961138176,-20.18478744072565,-21.944128036499023,0.9680049419403076,7.9410183842397135,nan,,,2.6272449493408203,,Gaia_DR3,-4.62580027424715,82.01325411901173,-8.074315447505981,0.031493254005908966,76.1618032899226,0.03540859743952751
Gaia,DR3,1620129803708835584,227.01482947053623,64.42578675349706,14.201300621032715,2.5698089599609375,3.0607067077284684,12.396394128877011,53.51502476094702,-16.06562039451896,-13.12600326538086,2.198808193206787,15.51068241307297,nan,,,1.098067045211792,,Gaia_DR3,-114.87801226535005,118.93071676913804,-117.52352528581594,0.01909848116338253,128.58264774962203,0.021632270887494087
Gaia,DR3,1628059069251750912,243.09522667573364,60.7069461120578,14.924654960632324,2.5413923263549805,4.364066827164941,9.92471499108226,22.396580947716814,-22.387105095838557,-26.202701568603516,3.7261064052581787,9.764753645289593,nan,,,1.0840818881988525,,Gaia_DR3,-46.82802055121032,87.24723956296009,-45.12373105648548,0.022762658074498177,78.42691744908615,0.021384693682193756
Gaia,DR3,1589586504560674816,227.13700417454012,49.76262310580637,14.354052543640137,2.0094118118286133,1.8985268080787971,23.813747820256847,64.86589339472937,-24.791750285560063,-26.085546493530273,2.1245622634887695,6.651849088045194,nan,,,1.0157219171524048,,Gaia_DR3,-49.14715765487763,43.7165448718645,-47.94569919647954,0.015524505637586117,41.34080821246424,0.020989442244172096
Gaia,DR3,1609026140722009728,212.31699203288542,53.850118128564525,18.91010093688965,3.28692626953125,3.890307798835855,25.121305194424714,61.287560954131386,-16.44222953426197,,,7.08950092747722,nan,,,0.9983882904052734,,None,-65.861901318891,36.69973089275116,-70.65374513873685,0.18045835196971893,33.40681344624943,0.1990354210138321
Gaia,DR3,1621654036061979776,238.96557492023186,55.7215529335495,15.406505584716797,2.80605411529541,2.248930575646374,15.35292189171094,34.29263505341416,-24.991111792679185,-1.5116171836853027,10.579293251037598,10.568267221230053,nan,,,1.1295500993728638,,Gaia_DR3,-58.23878072255119,86.48725180640454,-60.98711286912071,0.035393986850976944,90.6765994223458,0.037802740931510925
Gaia,DR3,1609900669078357504,213.11602206293597,56.001189006738386,10.388975143432617,1.2062597274780273,4.303599419935261,23.140224642170374,51.09455076568384,-15.851366945245914,-21.25251007080078,0.6016508936882019,12.292496583799798,nan,,,4.356470584869385,,Gaia_DR3,-113.11966347231915,66.50331706467247,-115.85369232812992,0.060436002910137177,77.31526392916243,0.06327120214700699
Gaia,DR3,1615047792246100096,228.93762911387805,59.70097938647514,11.96590518951416,1.0561027526855469,3.8732145698853793,14.883462488248759,60.17529511984552,-19.588088468717302,-19.388063430786133,1.3369189500808716,6.124021223547352,nan,,,1.0931795835494995,,Gaia_DR3,-43.609500545711896,46.37685152654109,-42.41242231552672,0.015144855715334415,41.52191529749341,0.012879548594355583
Gaia,DR3,1613789813504062080,220.94949092027608,57.398952257273436,15.80683708190918,2.6700496673583984,3.9408087525887163,19.329788710304204,45.44953206045273,-18.27300949136395,,,7.507377022809919,nan,,,1.083747386932373,,None,-61.9381888632251,48.77306453164133,-67.63000137337868,0.03284990414977074,51.3228676121356,0.039792031049728394
Gaia,DR3,1616741452469652480,228.9289568447818,62.65135384076649,15.100011825561523,2.011385917663574,3.6845713230642487,12.794161199672896,68.78887143303427,-17.712003892266374,22.711095809936523,4.55128288269043,5.6900007207455525,nan,,,1.0755962133407593,,Gaia_DR3,-40.526242220491014,44.237643173437654,-43.43208582675758,0.026287687942385674,47.567751831468456,0.026357950642704964
Gaia,DR3,1619658044499959040,228.36669584492506,62.77319651815651,19.798030853271484,2.902189254760742,1.2826702234108942,12.911318634624797,28.507974747711906,-17.48110276002034,,,8.047286163658788,nan,,,1.0727721452713013,,None,-57.9938042266708,62.12536059851809,-60.018179298413095,0.36981645226478577,62.92336651247521,0.4033159911632538
Gaia,DR3,1625863378890383488,238.29868087259786,58.28384417907265,16.684154510498047,2.382807731628418,3.5064910607647413,13.233737329900896,39.37208783832113,-23.07031063685068,,,7.094048524501377,nan,,,5.338285446166992,,None,-39.89419853861887,59.2782273538358,-45.03915043725008,0.27094656229019165,58.264107960862574,0.2824222445487976
Gaia,DR3,1604612464825668480,217.7853879172365,51.420130255930815,15.985671043395996,2.709712028503418,4.0491214846057915,25.262406843818464,50.61471004131488,-20.0012694693067,,,11.017807338823058,nan,,,1.1242231130599976,,None,-95.353158176235,62.744761736984614,-93.25424028327573,0.04533394053578377,53.577216809803296,0.051713816821575165
Gaia,DR3,1630779157939128192,254.2730227130794,62.56803474085038,14.22386360168457,1.9472789764404297,3.1740195372645874,6.348137514056748,65.95732369709327,-22.611460358605626,-15.229467391967773,2.798804521560669,5.596371866568538,nan,,,0.9992703199386597,,Gaia_DR3,-15.368374752452688,54.500774966667876,-16.877522859903852,0.018795950338244438,51.073730670341845,0.01888241618871689
Gaia,DR3,1628521031637452544,245.406903883567,62.69582753166011,18.72342300415039,3.5312576293945312,2.344241572807706,7.655213628430883,15.286553811464964,-21.306386668513177,,,8.847051341864022,nan,,,0.9798248410224915,,None,-38.78728228930704,81.9060594218294,-35.4277978252103,0.1981525719165802,79.10796894961167,0.19059965014457703
Gaia,DR3,1614997210414951296,229.31921226784664,59.61123510667838,18.19357681274414,3.1367874145507812,3.922654707362653,14.826381399231874,62.633115191496984,-19.757563081190334,,,6.017548534533212,nan,,,1.005242943763733,,None,-42.50476975477763,45.77671918676445,-37.755098284271625,0.14338763058185577,44.292668026106476,0.1657649278640747
Gaia,DR3,1621918331169922944,243.2995814846539,56.677605886562446,16.91583251953125,3.019282341003418,4.849579006348591,13.540186249725224,28.479942114060634,-25.35236451546865,,,8.265513904685728,nan,,,1.0073392391204834,,None,-39.34014874762616,71.04396820709832,-42.89793496612093,0.05978960916399956,63.3792795634521,0.06346217542886734
Gaia,DR3,1595742081753173248,229.6116422644979,51.38170088475741,18.406007766723633,3.241029739379883,3.726809694638839,21.66681156600756,65.07902785452688,-24.82228289937364,,,6.41070924572493,nan,,,1.0418622493743896,,None,-44.997568249960466,44.62088459935299,-50.00326613658795,0.14238764345645905,44.06411302762105,0.15395881235599518
Gaia,DR3,1595779916120553728,228.86012793024344,51.36563145362593,14.967190742492676,2.2955636978149414,4.271895380216236,21.891097410810968,50.470287729676244,-24.556840110673,-26.055274963378906,4.171660423278809,7.506385454253308,nan,,,1.1192362308502197,,Gaia_DR3,-53.540901150881155,51.69195611646509,-52.686049605399006,0.02279975637793541,58.397625687535445,0.027884164825081825
Gaia,DR3,1596163164642218624,233.21236124243933,52.87430959362768,16.543659210205078,2.9677295684814453,2.9212088940062046,19.355755853863187,44.89445272160013,-25.166495778012084,,,7.570967290129509,nan,,,1.1528023481369019,,None,-48.89695327030339,56.26870541348303,-49.22134495259352,0.05942681431770325,60.9197611630633,0.0739695355296135
Gaia,DR3,1613760195409651072,222.5224121845669,57.554996080291396,13.900091171264648,2.2912940979003906,3.286090309336559,18.67296146517433,40.067659256224914,-18.757778583453018,-9.099668502807617,1.6979905366897583,8.020499870146953,nan,,,1.8310048580169678,,Gaia_DR3,-64.48451207772058,53.70425086953667,-60.53257369255927,0.024515841156244278,49.798775109605046,0.02428930066525936
Gaia,DR3,1619151547597387008,224.96311914225166,61.324915189340985,10.178620338439941,0.9975881576538086,2.91082337685524,15.065367754528785,37.49478657949452,-17.39295442791471,-17.81461524963379,0.2493731528520584,11.367435971121903,nan,,,1.1666984558105469,,Gaia_DR3,-87.54775765246896,82.25204092773892,-81.24794925392342,0.020316701382398605,79.25725458197103,0.020391659811139107
Gaia,DR3,1634069377766882048,260.2361771910355,66.56297024320065,6.6293439865112305,1.270552158355713,4.701540619748024,2.659768321236885,52.09510066711006,-19.76755511424703,-15.484620094299316,0.11612027138471603,6.010987252257489,nan,,,1.035810112953186,,Gaia_DR3,-9.647694239906643,61.64369872952029,-8.633802416744487,0.02051607146859169,55.77292395287543,0.022483859211206436
Gaia,DR3,1626842047318399488,241.30846795160187,61.15296229726631,17.60396385192871,3.3924407958984375,2.6626474976028067,9.995101654967044,30.87125016176635,-21.7034906919884,,,7.324782097599065,nan,,,1.0348879098892212,,None,-37.41715222206582,64.72273896416142,-41.069433643359176,0.08586292713880539,62.834558405073814,0.09035233408212662
Gaia,DR3,1613578020077116416,223.7202391756256,57.02172384862408,13.497472763061523,1.7881879806518555,4.502915293020087,18.687881174532283,39.3598774952676,-19.481689879369185,-26.105905532836914,1.625677466392517,8.147367639334316,nan,,,1.0231214761734009,,Gaia_DR3,-64.16624416757199,55.3884233058276,-56.44317112816649,0.01142794918268919,55.798803283208144,0.012852584011852741
Gaia,DR3,1614032187098975360,225.29587442484015,58.11613962378271,15.701931953430176,2.8908119201660156,2.219270804962604,17.305414411427357,45.87796893347172,-19.397312820260407,,,7.134960079275243,nan,,,2.78517746925354,,None,-54.61386777246999,50.350752884607346,-52.04422183456623,0.08891710638999939,52.4813663850156,0.09179738163948059
Gaia,DR3,1627463477547093632,236.89419799841644,61.490681946151334,14.195828437805176,2.526089668273926,3.8811929939278706,10.988428747631795,37.40770423369232,-20.499839356449876,-32.83345031738281,1.865956425666809,12.165168298820083,nan,,,1.1284254789352417,,Gaia_DR3,-71.2740057165359,103.30096054774857,-61.66032876713553,0.018602091819047928,100.72242372877352,0.01678568497300148
Gaia,DR3,1631873786188671360,252.43739824650365,63.79201167756976,17.581775665283203,2.809337615966797,2.9738936548444417,5.320738268329448,58.120969323698326,-21.424364751410764,,,5.837407163451901,nan,,,0.9921605587005615,,None,-18.049173413817027,56.94007833551704,-19.730763303507196,0.07918558269739151,60.190481302008266,0.09452086687088013
Gaia,DR3,1650360974698247680,250.12233820953008,70.69711274644958,17.880462646484375,3.192232131958008,1.9802224567610505,2.910993629806455,8.282468810407899,-15.500265231892786,,,8.305315073418607,nan,,,1.146613597869873,,None,-29.26460907155593,83.89023437874567,-32.55138889705343,0.12736627459526062,84.9936771304047,0.11176858842372894
Gaia,DR3,1651437881914374144,263.1454518877745,72.03396171713342,14.028055191040039,1.7423763275146484,4.442397269795811,3.86195741898101,68.40370452452407,-15.14078564962887,-21.200525283813477,2.325713872909546,5.483392032608914,nan,,,1.089324951171875,,Gaia_DR3,-5.709344436846009,58.507494840364835,-0.8636916224361668,0.01712268590927124,60.207496332141616,0.018497083336114883
Gaia,DR3,1634072328407285248,260.22276591223203,66.56858065120507,16.727354049682617,2.6802196502685547,4.00738575023451,2.652264194636848,54.38413356157833,-19.762085939462192,,,5.928921180048173,nan,,,1.0803799629211426,,None,-9.53133668530054,60.80247240939943,-8.392246257872902,0.05673331767320633,55.924982426623686,0.06684369593858719
Gaia,DR3,1636848015447863424,252.47286581749694,67.63375824808963,17.592527389526367,2.9905338287353516,2.030520113990719,1.9563768321364878,58.94837332857763,-18.281537807335027,,,5.766536331455724,nan,,,1.053157091140747,,None,-17.79167382064734,57.87873245005188,-15.373795667380504,0.10165207087993622,57.381932229101395,0.10117818415164948
Gaia,DR3,1648808532998770560,251.0830311314159,68.95614159389037,17.924165725708008,3.186765670776367,4.408939536147964,1.9967831216581295,23.839592223612073,-17.0458529682678,,,7.241354974091332,nan,,,1.0315346717834473,,None,-24.223406820480452,72.77947705896476,-20.611046910124553,0.10402238368988037,67.1005633796332,0.1203223392367363
Gaia,DR3,1627069955463356288,237.28935628788975,59.88446434993905,16.799497604370117,2.793722152709961,3.3412311919275184,12.153103207923245,60.03955626282309,-21.715675078926033,,,5.98565085044647,nan,,,1.0625972747802734,,None,-34.67500574237715,50.28989227582559,-30.498075203841363,0.057295061647892,50.86313948542687,0.06370614469051361
Gaia,DR3,1627275770295709056,235.87249211462102,60.71503856852793,16.450519561767578,3.1455154418945312,4.666241135259806,11.901872618950062,37.51083042252719,-20.79712263000586,,,12.036589777124357,nan,,,0.9996044039726257,,None,-72.5539839305303,100.38247999073614,-75.53549628175341,0.04957117140293121,88.92373672924182,0.05883701890707016
Gaia,DR3,1604098683657765504,220.56168653274554,51.54380770127665,16.67360496520996,3.051608085632324,4.084947583934784,24.25105859403755,55.894800559135206,-21.15429197766437,,,7.4268127384293425,nan,,,1.021462321281433,,None,-61.65162300596356,44.75172376195704,-58.586956028562255,0.04488694295287132,50.365218473008554,0.05273894965648651
Gaia,DR3,1607422747826297344,222.29758227460118,55.95393873204884,16.866411209106445,2.882969856262207,1.572083318294782,20.013267819375876,41.64016741664499,-19.553428761558482,,,8.219212832613463,nan,,,1.0203757286071777,,None,-66.3323628327973,53.88936118642826,-63.63497505427986,0.051111456006765366,54.268746424004775,0.057298824191093445
Gaia,DR3,1621654036061962624,238.96666688738497,55.721204834508136,18.62973976135254,3.3149871826171875,2.9121384191167974,15.352984555857823,34.66622752588576,-24.991627893343512,,,10.657020699265262,nan,,,0.9983088970184326,,None,-58.725899924166086,87.21416482230403,-60.915526792622,0.18932077288627625,93.3793034048105,0.2092798948287964
Gaia,DR3,1604657476082612736,217.21743219048855,51.486646206988816,14.974969863891602,2.447511672973633,3.102166394753033,25.394494687161874,51.28189606070862,-19.715653691585345,-8.030664443969727,5.3087615966796875,8.464617886449409,nan,,,1.141477108001709,,Gaia_DR3,-73.84739480427972,47.675661782161356,-74.43430255213153,0.020262114703655243,42.171275057243136,0.02270013466477394
Gaia,DR3,1600358316898513152,226.74479694183455,54.94619100341303,14.507658958435059,2.887295722961426,3.500735703231592,19.40785358839975,63.18543047871132,-21.737382164531432,-10.487802505493164,3.543286085128784,17.318347267693273,nan,,,1.2610327005386353,,Gaia_DR3,-128.94877184771963,120.81531090492749,-139.8526273632589,0.023581959307193756,127.48269864855115,0.029148904606699944
Gaia,DR3,1592707502675396992,226.88814515392198,50.93409155400353,10.213974952697754,0.9657468795776367,3.2903437445119534,22.839416160827188,45.69629359882525,-24.053513296151287,-15.883386611938477,0.2306719571352005,10.491784467474647,nan,,,0.9066004157066345,,Gaia_DR3,-77.90034073078503,69.79826237552714,-72.5121157155724,0.011164960451424122,64.9065376698029,0.013789071701467037
Gaia,DR3,1627993648309377664,239.4502660932824,62.73207020308038,17.456066131591797,3.094392776489258,2.9091933811007107,9.2680749751181,54.893852255094764,-20.16983803714666,,,6.065737411678087,nan,,,1.0339947938919067,,None,-32.92605317428334,53.42129515802099,-31.597060464471372,0.07166196405887604,49.94674924614307,0.08870222419500351
Gaia,DR3,1628643768919381888,246.97211158973647,62.50982658880139,15.975894927978516,2.7884931564331055,4.973504874161882,7.4585551446566685,45.9130838775236,-21.70238851338519,,,6.364309157081326,nan,,,1.681731104850769,,None,-26.10352736505268,59.482063681818055,-27.625967109928276,0.06674829125404358,52.985308704757166,0.07270356267690659
Gaia,DR3,1630577569354423040,255.21105993530855,62.458597660661596,15.932299613952637,2.5121936798095703,2.6159837960485497,6.410759698056969,48.17062091737054,-22.794955972254932,,,6.235035131644426,nan,,,1.8094648122787476,,None,-16.013341959030026,60.90405133067192,-13.72849126179774,0.09000879526138306,63.473591075219154,0.0928589329123497
Gaia,DR3,1620025384463558784,226.19069811029576,63.984130438835265,14.178476333618164,2.2085657119750977,4.607644871689857,12.942282313111065,43.14637155625157,-16.122023426286304,-2.170637607574463,2.0701513290405273,12.973743283729794,nan,,,0.9713506102561951,,Gaia_DR3,-97.64218085901632,97.88430567240444,-98.10968053915575,0.016536220908164978,110.47751890050331,0.017104443162679672
Gaia,DR3,1621216396074680704,225.38426781340834,65.84649891539961,18.239757537841797,2.9872474670410156,3.518582687511347,12.252718916083976,66.83858263986914,-14.74410499750588,,,5.737154503181493,nan,,,0.9668596386909485,,None,-43.842280125633394,43.338128541174726,-40.936985530752224,0.15859247744083405,46.44762404438883,0.13704222440719604
Gaia,DR3,1623707511465870848,246.8573897097643,58.46179306966248,13.884909629821777,1.6865825653076172,1.996223171318613,11.217936321679982,69.37204178812402,-24.755467457377353,-25.083526611328125,2.276555061340332,5.612931531966557,nan,,,0.9353076815605164,,Gaia_DR3,-23.138597244526125,50.475286952918026,-22.131537826049087,0.013759005814790726,52.61190548130266,0.015393497422337532
Gaia,DR3,1636590725431816832,253.12913576250276,67.27219250059605,18.93303680419922,3.0901432037353516,3.846015242192019,2.042070508250745,65.68539902569677,-18.64485825171526,,,5.550982771680024,nan,,,1.0402640104293823,,None,-16.442049080791953,55.75634472809566,-11.94303182678489,0.23325933516025543,55.876384295292446,0.21354041993618011
Gaia,DR3,1640938091328454656,232.44663764262518,64.07644581189024,20.262470245361328,2.7399749755859375,4.302653168058749,10.672405497985524,29.386201442463626,-17.661912166214485,,,10.826479397191187,nan,,,1.1415913105010986,,None,-71.23735075758545,89.24881744369065,-61.950917569890706,0.638439416885376,86.05568814360873,0.8373822569847107
Gaia,DR3,1659248675077811200,207.95209460581896,58.98728612952917,16.46401023864746,3.034165382385254,3.2692201048676384,22.76673435145672,46.910790543102145,-12.407871280047111,,,11.048889443233456,nan,,,1.0269063711166382,,None,-107.582714144452,53.53132682586697,-104.72315504206061,0.05317693576216698,60.588728956795705,0.047295376658439636
Gaia,DR3,1647573304699961472,232.42172500314763,69.60658792084807,14.564299583435059,2.2794113159179688,2.5075256949211346,8.56098419638061,54.35358272768266,-13.809018943076133,-9.671907424926758,3.2523679733276367,6.061001844655966,nan,,,1.7436178922653198,,Gaia_DR3,-39.90472500494605,51.891674712750735,-36.71113272798116,0.03197121620178223,52.148668645125184,0.03249692544341087
Gaia,DR3,1659559733789241344,207.04554556257358,59.967182130537516,14.109823226928711,2.663163185119629,3.362836964447359,22.40452444637278,67.34930421457669,-11.646137581449686,-3.2814579010009766,1.3730990886688232,18.260371800435593,nan,,,1.0748260021209717,,Gaia_DR3,-179.3677246117749,86.82875332919734,-168.36302738638398,0.015734732151031494,93.64588448892651,0.014016342349350452
Gaia,DR3,1647915940011001088,240.09192439706314,70.52881583272685,13.851180076599121,2.010331153869629,4.97810693994815,5.95993874595963,20.737309645362174,-14.414746171259182,-33.101341247558594,2.0204761028289795,7.63229677769797,nan,,,1.440803050994873,,Gaia_DR3,-40.591329543988785,71.43509951258046,-33.53341732268129,0.01890672743320465,75.22185973303066,0.020881175994873047
Gaia,DR3,1636883642201072384,253.4938532018717,67.99470099346665,18.694232940673828,3.1566162109375,3.7949368984654543,1.429608117267625,56.88172427688019,-18.076058297552695,,,5.8330482317369725,nan,,,1.0778579711914062,,None,-16.876765809259815,58.97494923008794,-15.209255496717697,0.16984325647354126,54.616549510158336,0.1813126504421234
Gaia,DR3,1619232567859700992,227.14766674954922,61.96708349913523,14.733660697937012,2.094480514526367,3.205797567004533,13.867481984864257,38.04838368051053,-17.648354746304676,-30.496761322021484,4.779306888580322,7.265616593653239,nan,,,6.308571815490723,,Gaia_DR3,-53.67062401304918,54.712677912348816,-53.30139188413561,0.23981326818466187,49.81637224843613,0.22090083360671997
Gaia,DR3,1631940757614650880,252.1815187095656,64.1403044427292,17.637697219848633,2.5821189880371094,4.417622732049809,5.022494514607369,65.4345866626428,-21.11411042481938,,,5.5902572963994075,nan,,,1.1400630474090576,,None,-17.55313600530124,54.611864124118995,-16.487324675862187,0.10072609782218933,49.51603970341086,0.10398875176906586
Gaia,DR3,1604212861068342400,218.66518888669046,51.335231113261,16.82204246520996,3.281362533569336,4.27902429499405,25.04491337037473,51.67987266648748,-20.43234589007064,,,11.608614338195235,nan,,,1.0289186239242554,,None,-99.19188962063963,67.23361815505405,-89.1776188246439,0.048528969287872314,64.17249031047916,0.05723996460437775
Gaia,DR3,1598109261569596544,234.57452095753436,55.08302974926884,15.748781204223633,2.5596847534179688,2.352632881122481,17.022187528245592,60.078759731260185,-24.19955003910011,-20.004013061523438,5.535641193389893,6.270899296387733,nan,,,1.0465518236160278,,Gaia_DR3,-39.12801914406442,48.630991088674975,-36.18472498567779,0.02995614893734455,49.63587096622027,0.03768056258559227
Gaia,DR3,1622478321890004736,239.31468676073908,56.65851132795525,10.220638275146484,0.7797431945800781,4.72793513996872,14.421558242088626,34.43471138169133,-24.440407556931248,-16.46645736694336,0.3172256052494049,7.6751159048955495,nan,,,1.0386372804641724,,Gaia_DR3,-41.83954896987996,63.67803127945916,-35.317528499369786,0.013723291456699371,67.6757886329654,0.013920956291258335
Gaia,DR3,1645046626979835776,227.67474471941273,65.79490311308476,12.600183486938477,1.3068876266479492,4.750336231172667,11.450518689102744,57.90250051854921,-15.357266432595651,-10.93899917602539,1.273362159729004,6.037876938119212,nan,,,1.100895643234253,,Gaia_DR3,-44.13313443088427,47.238823968274325,-43.17753883875819,0.013753514736890793,41.26837155209597,0.013824505731463432
Gaia,DR3,1635020317885408000,251.99377643627966,64.72304255110564,15.053815841674805,,4.702442998186976,4.503337519684198,44.90856394269385,-20.62107682129397,,,6.316888701936603,nan,,,1.1995867490768433,,None,-20.056787421852192,61.93427146589547,-15.083854871175841,0.04215190187096596,58.12855332435946,0.08168886601924896
Gaia,DR3,1642115019742431232,241.44989273864817,66.18242639256309,18.668914794921875,3.7228755950927734,4.989151873708399,6.36225348398476,13.43105281112327,-17.97181907950051,,,9.123731831916876,nan,,,0.9268117547035217,,None,-46.382531637628205,84.07511394352919,-36.99448168341769,0.17853207886219025,82.08819080851046,0.21051804721355438
Gaia,DR3,1630908384914827776,257.1769805742031,62.57635774643552,14.986741065979004,2.350330352783203,4.5928757407497995,6.271039584004577,43.94260264989938,-22.8781095075636,-15.725811958312988,3.395522117614746,6.406288426943788,nan,,,1.0361993312835693,,Gaia_DR3,-14.051412195755733,63.104611074517884,-16.209458405948283,0.023119216784834862,57.28940447617255,0.026684975251555443
Gaia,DR3,1642746723532480384,238.7142356092402,65.72425718933415,13.813969612121582,2.6187849044799805,2.961492898939388,7.550565538832975,51.70303351850573,-17.825548791653198,-10.968419075012207,1.8058336973190308,15.57397748809688,nan,,,1.1667646169662476,,Gaia_DR3,-86.4878659476751,139.4315028167313,-94.68538225157315,0.015095369890332222,134.20292706649843,0.015773240476846695
Gaia,DR3,1661143580289264000,208.73490133365632,60.722611237940654,15.127314567565918,2.567037582397461,3.5341029380073223,21.278135490074042,43.02694992754317,-12.013876181299091,-38.97983932495117,3.777341842651367,8.489335453076558,nan,,,1.167219638824463,,Gaia_DR3,-82.01468273392474,42.765695105285914,-87.60474802526481,0.030592957511544228,39.80701527113643,0.028777576982975006
Gaia,DR3,1668833117937549696,221.2426687890624,65.15362996127571,16.0947322845459,2.619112968444824,1.9637966658435968,14.088393761464008,59.99290140722444,-14.034251279470634,,,6.085731100317733,nan,,,1.0749876499176025,,None,-49.97340639496557,42.57340278697092,-51.82626860805354,0.049716219305992126,44.28055806406779,0.04389110952615738
Gaia,DR3,1656527791821069184,255.9635783166545,75.32906468381856,17.285980224609375,3.1462326049804688,3.844453342647965,6.488816081423911,12.97491546550698,-11.94727914782383,,,8.726669169687296,nan,,,1.0290775299072266,,None,-21.163133976231965,92.72478341154684,-15.859872985993817,0.06937477737665176,88.04546560060584,0.08531661331653595
Gaia,DR3,1623867421688289408,245.91281748945906,58.72190250439016,17.363861083984375,3.033357620239258,2.8902057219996182,11.135421181387388,24.154379864701827,-24.390948830718273,,,8.186636720995798,nan,,,0.9776036739349365,,None,-35.14679571114081,73.32774343310334,-31.558655219357814,0.08348505198955536,76.79260897012217,0.10566581785678864
Gaia,DR3,1621084312944900736,224.3314745619123,65.26118782811272,12.228981971740723,1.124638557434082,3.990061249565617,12.918964278169746,46.79835187668755,-14.827865534418748,-15.053159713745117,0.43481072783470154,6.626342271977906,nan,,,1.0378525257110596,,Gaia_DR3,-51.6228661924485,48.98855090622498,-56.78458559483511,0.012317406944930553,51.091631617516235,0.014436441473662853
Gaia,DR3,1624864365201467520,247.10900253507842,60.46223678876384,12.07929801940918,1.3019123077392578,2.7638409979533547,9.293771872438484,52.84264477189212,-23.29437515277612,-55.89804458618164,1.9225293397903442,6.148186780812725,nan,,,16.608823776245117,,Gaia_DR3,-25.06418992630247,56.47202877374904,-21.648911948401683,0.2054302990436554,57.552827978266635,0.19074219465255737
Gaia,DR3,1614005627021239808,224.99081246838995,57.903627242777205,17.40343475341797,3.023141860961914,1.5740666166863602,17.572278081052175,58.715481770471534,-19.418313517908288,,,6.38010363485496,nan,,,1.017667531967163,,None,-49.11217012366021,44.705761584813715,-47.205971442633036,0.07143236696720123,45.626921209000955,0.07542935758829117
Gaia,DR3,1635020317884164352,251.99305803113847,64.72302239109995,14.632104873657227,2.105862617492676,4.5033706123610875,4.503470042180242,60.3406092341974,-20.62101258935094,-14.752897262573242,4.786355495452881,5.7479841286539015,nan,,,10.449917793273926,,Gaia_DR3,-18.251228275996002,56.35620057352387,-12.79458193772973,0.19470565021038055,56.40690830823273,0.23467932641506195
Gaia,DR3,1646254681020660608,239.87674365837728,67.99909508120138,11.4320707321167,1.0857810974121094,3.8744164019175193,6.196518873779585,19.858141728316664,-16.32343803733124,-7.939243316650391,0.41331008076667786,7.720666632910158,nan,,,3.1740615367889404,,Gaia_DR3,-41.34628018496486,71.01209181983191,-39.11637657818581,0.05675017833709717,76.91064076999544,0.05442458763718605
Gaia,DR3,1652610614143768832,262.32408472182,73.58450652055119,13.907702445983887,1.854090690612793,2.617012730727148,5.078949122059352,30.094676526975547,-13.74506376052856,19.415746688842773,2.7373178005218506,7.015390335982724,nan,,,1.044333577156067,,Gaia_DR3,-8.423509905110496,75.32458385958718,-8.092855914084595,0.01816433295607567,79.18077244061442,0.01970650441944599
Gaia,DR3,1655052766908326400,251.78088850945247,75.02182433734954,11.843883514404297,1.360152244567871,2.5297957314179027,6.3532496598705075,47.320049037832426,-11.964870818180529,-11.669998168945312,4.2217206954956055,6.267788973858406,nan,,,7.197575569152832,,Gaia_DR3,-20.150481498810212,65.26537221754619,-20.743524746928596,0.09590017050504684,61.97574909433792,0.09793174266815186
Gaia,DR3,1660422369380738304,212.77970960026224,59.787830361204016,14.700946807861328,2.1366214752197266,4.005298932505916,20.46117214801526,57.08706371506853,-13.993937901392805,22.270893096923828,3.0369315147399902,6.753240730325737,nan,,,1.0165749788284302,,Gaia_DR3,-62.396419060784105,37.63123055409975,-59.933563753343165,0.02429416961967945,32.488387573976134,0.019918613135814667
Gaia,DR3,1642272181186213248,245.42935982602137,65.93566208321612,9.08632755279541,0.7555532455444336,2.6178366854042685,5.181817751286141,21.462909110869447,-18.795333149274715,-18.403837203979492,0.1490505188703537,10.482722647215102,nan,,,0.944617509841919,,Gaia_DR3,-45.91612707668205,99.57319712167953,-43.79734758700137,0.012350096367299557,94.1901026707494,0.01456419751048088
Gaia,DR3,1655089802410114176,256.22100052517874,72.8708207210121,19.501100540161133,2.8867053985595703,3.8877083467291245,4.029635466768226,26.707130522533042,-14.111761607397963,,,7.1509245807443325,nan,,,1.0957015752792358,,None,-16.99085263067421,75.2125722248759,-18.34162616117147,0.32051587104797363,80.91545310023926,0.31541329622268677
Gaia,DR3,1657488425681786112,210.1552932892569,55.50753524802473,15.823603630065918,2.776765823364258,4.239064782662146,24.57428742839824,47.73179257778924,-14.772979629021975,,,9.399714166436826,nan,,,1.0616942644119263,,None,-89.46926602892967,46.83236255663353,-82.00840609436176,0.02716715633869171,50.691702441771824,0.028752803802490234
Gaia,DR3,1657918884484063232,210.93734545827255,56.42713694866345,13.257461547851562,,3.8805884210002572,23.58669635016873,57.75767271056325,-14.731147580079138,,,7.134312083587666,nan,,,2.2156033515930176,,None,-67.32845681779571,36.66664555572519,-63.4633887653182,0.07860377430915833,41.039765496678896,0.08100622892379761
Gaia,DR3,1646254474862167936,239.89616277388424,67.99908419880856,14.0853853225708,2.009979248046875,4.484891723321696,6.189513051330178,19.95671794456645,-16.32666863033229,-8.444314956665039,2.2569308280944824,7.712426930449862,nan,,,1.1239619255065918,,Gaia_DR3,-41.27648855178115,70.9492757746764,-34.4433996806783,0.01955905556678772,73.49469167849256,0.020406458526849747
Gaia,DR3,1647812448479694976,238.68828127422424,70.1672515614556,17.931285858154297,3.419527053833008,4.825411011505511,6.392186856984156,29.076446840323356,-14.480169996318219,,,7.139070842362709,nan,,,0.9750550389289856,,None,-39.67720133425375,65.78567278081734,-40.03910894355568,0.1253824532032013,58.532511088925915,0.14340315759181976
Gaia,DR3,1651779005394926464,256.5744680526299,71.59282702049981,13.741710662841797,2.489792823791504,2.4177567215236215,2.7495596194848853,67.05947693995213,-15.241919850682997,-9.0980863571167,3.664228677749634,20.965513045967608,nan,,,1.5801670551300049,,Gaia_DR3,-48.40042996275011,219.35338064405678,-56.05690943233574,0.08016851544380188,226.80763346717987,0.06870043277740479
Gaia,DR3,1640133974667008384,239.0823683802188,63.81741845649213,9.315163612365723,1.0626544952392578,2.8346184604958315,8.60209101446624,66.84093694297944,-19.302083358994768,1.387320876121521,0.14194948971271515,20.504488887697992,nan,,,0.9862299561500549,,Gaia_DR3,-112.58755470302602,181.55928785264533,-124.00449528429415,0.012582266703248024,186.00723635076568,0.013145485892891884
Gaia,DR3,1641338489655662592,234.5738243806896,64.9457425169463,9.512009620666504,0.6117315292358398,3.783000166094287,9.422127349887242,51.00380519267898,-17.54478310712544,-16.19379997253418,0.2726447880268097,6.228978863134856,nan,,,0.9820838570594788,,Gaia_DR3,-38.86715447086513,53.03820760822184,-34.505488829782564,0.026752816513180733,55.41574515853488,0.021874532103538513
Gaia,DR3,1675074255173237760,210.0498598183932,70.6194978711289,18.746261596679688,4.205751419067383,4.910444821645737,15.82816376710133,50.93695945905612,-8.077040879327416,,,14.26329823512461,nan,,,0.9923339486122131,,None,-135.91617146646263,79.95920021222902,-125.06339875227607,0.2221270650625229,69.94814634435282,0.19535508751869202
Gaia,DR3,1675292057259755264,208.84775938042108,71.64111827241302,19.49480628967285,3.4623756408691406,2.173605820274506,15.944823505952277,38.20408990594767,-7.3015259650545286,,,7.583239996118859,nan,,,1.0687257051467896,,None,-73.17668906285634,41.28671765420294,-69.9623578863251,0.4782964587211609,39.96681310147775,0.33591046929359436
Gaia,DR3,1648808532998766592,251.07176415260872,68.94906603653828,18.692283630371094,3.638507843017578,4.28151844166174,2.000762192035395,24.86553711240469,-17.05061606438255,,,7.187306995750072,nan,,,1.0191730260849,,None,-24.057690338864468,72.22866023778428,-20.996283722426195,0.18566744029521942,66.50929203447265,0.20876240730285645
Gaia,DR3,1633353007285438848,267.4888985311581,66.50673457433739,18.81749725341797,3.371570587158203,2.31637644590271,4.733821700131167,58.49992959474701,-20.030830292115795,,,5.81390993864274,nan,,,0.9315983057022095,,None,-1.1332452155559003,60.20705007048002,1.6814202026154588,0.20657412707805634,60.57813516891335,0.21165859699249268
Gaia,DR3,1635888966431048704,256.2494799903685,67.25396693790856,19.515625,3.082124710083008,4.324504636462669,1.5954517498384562,4.059326129198298,-18.92621900727586,,,8.91971435682575,nan,,,0.9912337064743042,,None,-21.145106530945828,90.77687583506795,-13.058485945722857,0.255515992641449,89.92231021806657,0.34506431221961975
Gaia,DR3,1643257790280404480,241.99424438180003,66.6695743763162,15.400437355041504,2.2744579315185547,2.6508109510339666,5.931037731968994,62.488016440555654,-17.68959357144212,-25.315387725830078,3.8387365341186523,5.701138144441967,nan,,,1.0814979076385498,,Gaia_DR3,-28.4421647739953,52.96829632911424,-27.07955044622939,0.028165627270936966,50.088501697036456,0.028504589572548866
Gaia,DR3,1644796281925542016,232.02067356997009,67.01988868814017,14.468276977539062,2.3713369369506836,3.6688280990005833,9.354234014084483,29.168136557746532,-15.54093243087847,-38.38636016845703,2.504063606262207,11.025276208286769,nan,,,1.1350950002670288,,Gaia_DR3,-73.28462546573776,92.37798300042952,-78.65485611546345,0.0215479526668787,99.00175324438153,0.0207175575196743
Gaia,DR3,1646122602185566208,237.14971123365214,67.23501438642991,17.48365592956543,3.827164649963379,3.98731727020334,7.4238614308924324,43.34535646947011,-16.41565537679091,,,13.704836568704508,nan,,,3.630666732788086,,None,-79.7117102127796,122.05158285670517,-82.41614019801203,0.35220620036125183,110.85370465446128,0.29329535365104675
Gaia,DR3,1646000620819797376,230.2396108371977,68.50005118566418,18.25896453857422,2.879322052001953,2.8153769007611404,9.528117883154557,67.92599377756402,-14.143291126305146,,,5.608482036751001,nan,,,0.9419169425964355,,None,-38.82910384765679,46.350594743425525,-36.39879119791467,0.14430765807628632,44.07600708033586,0.1243889257311821
Gaia,DR3,1628856043383128832,248.49519175072777,63.70858113772498,17.20296287536621,3.0809106826782227,3.7655715381574444,6.076574282005754,25.733821745407877,-20.991929681274275,,,10.949636919454457,nan,,,0.9345275163650513,,None,-41.86661096939133,104.39788451348753,-50.55005418803002,0.08011136949062347,104.01130011243549,0.0893121212720871
Gaia,DR3,1630299388616164736,247.29252689251902,66.26031427776628,16.11590576171875,2.8303346633911133,2.3657974429767803,4.393273988445052,10.271817216480137,-18.8012879835875,,,8.357598908169072,nan,,,0.9666274189949036,,None,-33.79229835071132,80.62146025044221,-34.146349710466,0.04318232461810112,76.46830647703125,0.04535266011953354
Gaia,DR3,1614926944749776640,227.69022945685538,59.214630989329834,14.446870803833008,2.119868278503418,4.494890583272323,15.665020657779126,35.82983944054722,-19.511020594977573,-1.8444942235946655,3.2019498348236084,7.785854723339613,nan,,,2.3643083572387695,,Gaia_DR3,-56.89195517586092,57.63603778528514,-64.20591895714628,0.03409514203667641,58.603158560263324,0.03512665629386902
Gaia,DR3,1614888294340198016,228.6046115294202,59.07152995066453,10.205035209655762,1.0020112991333008,1.4545007974760593,15.474175255552955,37.486427458574695,-19.88008958738846,-19.210586547851562,0.22365476191043854,11.255882036094613,nan,,,0.8940354585647583,,Gaia_DR3,-80.71656145676505,84.3230001873937,-77.3148479439438,0.014451448805630207,83.73996355860949,0.018942629918456078
Gaia,DR3,1649502569650090752,246.91554474274022,68.72792699302785,20.28483772277832,2.467334747314453,4.130924944012005,3.5108383841357065,41.04764066071395,-16.768871910333626,,,6.456181445063382,nan,,,1.1496667861938477,,None,-26.54664969549921,63.162760711077645,-22.042460952268744,0.8892087340354919,59.79785531826511,0.8216045498847961
Gaia,DR3,1654504213684679296,245.51704281588857,73.68245777751159,13.504273414611816,1.6451997756958008,3.3082699066973293,5.991966191344617,46.20497480235675,-12.563035939939423,-1.3826206922531128,1.7488645315170288,6.302622168785408,nan,,,1.0863862037658691,,Gaia_DR3,-27.507286851912163,62.72979743571943,-23.966189400040022,0.013182810507714748,65.33393155807786,0.014946597628295422
Gaia,DR3,1644046208837302400,230.65418388850094,64.95522016987896,19.17816925048828,3.0934219360351562,4.078916544708579,10.804578738268368,52.478407740525164,-16.63859303704689,,,6.2303501374835975,nan,,,1.0199702978134155,,None,-42.7374122777272,50.52358203823871,-42.32554413612914,0.30176934599876404,45.18210531343876,0.24259966611862183
Gaia,DR3,1646751694636140928,241.2769866939613,69.21009544475226,16.631155014038086,4.124025344848633,2.7994844417963485,5.490470327332808,68.23551398262475,-15.613564574548985,,,21.372517068364512,nan,,,1.4362859725952148,,None,-109.29394651078913,200.6448810093825,-102.66615207712988,0.13235574960708618,211.37637564943955,0.13190540671348572
Gaia,DR3,1659248709437550208,207.95950753304095,58.99156465952788,9.083419799804688,0.7538766860961914,3.3176280091430796,22.761005641480903,46.930711855353884,-12.409232568063407,-12.808277130126953,0.20049002766609192,11.059581867975643,nan,,,0.9559594392776489,,Gaia_DR3,-107.6789538159918,53.597233612534694,-104.03139335074262,0.013311159797012806,60.418143209026155,0.012421292252838612
Gaia,DR3,1687300034200936576,206.34415820847713,72.27035176599706,11.60424518585205,1.1536178588867188,2.323589296765827,16.55621189995045,34.87268548899109,-6.401348762520008,-12.40268325805664,0.34558820724487305,8.19027456555717,nan,,,0.8719116449356079,,Gaia_DR3,-80.98129186322787,41.397035297575655,-76.97110277013105,0.013690439984202385,41.5138843328108,0.011644010432064533
Gaia,DR3,1683981227072077056,185.57426525607633,70.8234923058379,17.077726364135742,3.702716827392578,2.9961595074965666,23.168600774616955,65.38062961728086,-1.015732283272241,,,17.21393624193827,nan,,,0.9350189566612244,,None,-191.04019656001523,23.862802430258576,-180.27849339024553,0.09286902844905853,22.31334489665231,0.09155040979385376
Gaia,DR3,1666617430207964928,214.69666245037783,61.43893551914142,20.678991317749023,1.6913375854492188,3.981391055970061,18.650134452853795,58.40588219200356,-13.919494429623086,,,15.827617441957,nan,,,1.0844471454620361,,None,-142.8210905861348,93.75371864844087,-155.2177803430727,1.2682675123214722,88.97908152018141,1.011788249015808
Gaia,DR3,1667308129669383424,215.76827673642038,63.993603003319286,9.883938789367676,0.9606504440307617,4.418189477845449,16.691441136417108,44.762551581565134,-13.002444588189363,-24.913837432861328,0.19944043457508087,12.576227219244265,nan,,,0.9712334275245667,,Gaia_DR3,-111.90835796622227,77.9606717695565,-111.0148451910988,0.012968477793037891,66.28131821627994,0.011836683377623558
Gaia,DR3,1654101654990117248,245.59394984808984,72.01755038531182,17.142404556274414,3.077094078063965,2.48120416323123,4.857824711567946,9.864944917509249,-13.937112259004852,,,8.888117774457177,nan,,,0.9740132689476013,,None,-38.66859665756453,87.79088712060954,-34.26335209402346,0.07797285169363022,89.27662796306721,0.06948753446340561
Gaia,DR3,1654985902857361280,251.29328974334433,74.53362644045335,14.73344898223877,2.1137523651123047,4.7714786857623945,5.925875392864908,30.32847813891796,-12.349948711419358,-11.865032196044922,3.2766664028167725,7.043598010404865,nan,,,1.0255707502365112,,Gaia_DR3,-23.285888443053864,73.00123065338983,-23.1885719193176,0.020817991346120834,65.91691528257036,0.023452168330550194
Gaia,DR3,1658554677082733312,206.43105653710091,56.92215561633822,20.617948532104492,0.7347526550292969,3.96696167593742,24.829278885533597,49.16241295330976,-12.553743504461117,,,8.772277253673574,nan,,,1.0096564292907715,,None,-86.66621630416672,39.73218366901031,-79.34434770137892,0.816010057926178,40.18794248379561,0.7433833479881287
Gaia,DR3,1642224421149658496,243.71282541875027,65.8547179363829,17.96653175354004,3.3726844787597656,4.716300054027949,5.784426498011972,16.993456855504697,-18.595551838580565,,,7.902759982810139,nan,,,0.905046820640564,,None,-37.03580137463411,74.04285153324797,-35.59669414056327,0.1212008148431778,66.31849914713433,0.12794262170791626
Gaia,DR3,1647207132968354432,234.6298713902347,68.3606987125525,15.86349868774414,2.5262746810913086,2.8008463758177196,7.9953195341837775,21.022458025723513,-15.119935298136863,,,7.858893537949946,nan,,,1.0950345993041992,,None,-48.96601283536896,68.57483889594243,-50.01142069657453,0.039920225739479065,64.05387613646185,0.04138578101992607
Gaia,DR3,1648918488457255808,253.79525745326004,68.4785307121645,12.962841987609863,1.438868522644043,3.721286080682061,1.0914915089886417,52.57651396126727,-17.69689901706365,-46.00324249267578,1.3683146238327026,5.98181944158378,nan,,,1.3989293575286865,,Gaia_DR3,-16.96703618249509,60.75341746488798,-17.427749573508507,0.020791614428162575,56.083443503039845,0.024837864562869072
Gaia,DR3,1650099844981808640,250.06756298769554,70.14197310367021,15.022890090942383,2.107046127319336,4.466854784530998,2.6362877877680617,48.22337019919059,-15.958032349987008,-14.257696151733398,5.910060882568359,6.15476850358963,nan,,,0.9722556471824646,,Gaia_DR3,-21.7493848807809,61.950585800675235,-20.246848223446758,0.023442840203642845,56.353053985797985,0.02872333489358425
Gaia,DR3,1656821915477148160,263.7595388182844,76.15103159687382,10.237920761108398,0.7211084365844727,4.768567491712183,7.603273923555303,42.036474440449155,-11.482239159904493,4.069981098175049,0.23002362251281738,6.542018597112434,nan,,,1.1587258577346802,,Gaia_DR3,-6.030482336657309,71.18980718777524,-4.990727138870617,0.01530255563557148,64.69607921809856,0.015427997335791588
Gaia,DR3,1651970629656922240,262.09688407733944,72.91261258864118,10.187071800231934,0.8075790405273438,1.9282806297046957,4.442709091887477,52.45267022140118,-14.334227672313443,17.774423599243164,0.7332600951194763,6.023604639667323,nan,,,6.737700939178467,,Gaia_DR3,-7.49818006314986,64.43855911540466,-9.945330901414769,0.11202419549226761,64.35430248363625,0.14586851000785828
Gaia,DR3,1671409892156310528,212.05964856458178,65.30770496342791,13.431224822998047,1.9580001831054688,4.2105659213776425,17.30276170229587,51.09452278634343,-11.157193700926927,-17.21874237060547,2.0123465061187744,6.778664811040476,nan,,,1.3880525827407837,,Gaia_DR3,-63.16313943794572,38.804405682377585,-59.19119610334899,0.017521079629659653,43.32406011399925,0.016411321237683296
Gaia,DR3,1671854262357663488,210.63135168695695,67.09661240837183,15.961770057678223,2.475234031677246,3.098829997686592,16.929905101921896,33.401062824752216,-9.872585439810523,,,9.045464344949144,nan,,,1.0728505849838257,,None,-85.65318257878457,50.46877856969047,-90.41232163961094,0.06546308100223541,46.96623222705009,0.05543605983257294
Gaia,DR3,1697716699988007040,233.15430355397012,73.92133849446866,17.915342330932617,3.0318336486816406,3.354560943658584,8.956626911989279,36.44326734315536,-10.82593428071021,,,6.89482206381182,nan,,,1.0111358165740967,,None,-44.59384577375814,60.92705109823428,-42.20577944756313,0.11751661449670792,56.67604864238701,0.14394444227218628
Gaia,DR3,1687909335441384960,202.27574693982746,72.28658484770352,15.525558471679688,2.6253862380981445,2.589532457709991,17.751177829917737,44.64238527692326,-5.363791799236407,-25.604022979736328,6.3412394523620605,7.3010079336746365,nan,,,1.062428593635559,,Gaia_DR3,-74.71354568767131,31.934729655997426,-72.37012854600054,0.032766956835985184,35.158630009553384,0.03556950017809868
Gaia,DR3,1689769846554752640,188.72337600055948,72.22132039086392,16.345361709594727,2.7220029830932617,1.5646970975112435,21.6396551459685,42.718386356331145,-1.7345734781209963,,,8.876414858238975,nan,,,1.0813976526260376,,None,-97.68888292264786,17.48324117036421,-96.41969987247306,0.04755198583006859,20.121780303883025,0.0463191494345665
Gaia,DR3,1691424061798540544,191.2960550384574,73.69215695190492,16.321184158325195,2.752939224243164,3.72915882634942,20.383584518081694,47.81853125666883,-2.1492405898268174,,,7.474882069748823,nan,,,1.0444159507751465,,None,-81.51469685527923,18.31773437203741,-76.55258738418452,0.044955063611269,15.169912790165663,0.03814896568655968
Gaia,DR3,1674524808597877888,207.52864198210202,69.2618932197135,17.33451271057129,3.0587406158447266,4.146520807902187,17.087122061022516,68.38732665839704,-7.991257484128484,,,5.9131645880843715,nan,,,1.0844271183013916,,None,-57.81513968179037,30.551429611802284,-53.19590782046184,0.0772257074713707,28.231978285633865,0.08448383957147598
Gaia,DR3,1680624761669712384,189.12940688015533,66.34433777108917,15.92763614654541,2.697164535522461,1.722590615035548,24.540488167410185,68.44239275874642,-2.8297433409841517,,,6.516290470769931,nan,,,1.0514039993286133,,None,-71.62109763838599,12.988278743673376,-72.16291639918076,0.04306555166840553,15.29173521067707,0.04044794663786888
Gaia,DR3,1662774430910960128,202.890332868417,60.60390201204511,15.162548065185547,2.413455009460449,3.4443267091910275,23.462590686125033,65.87279858814037,-9.706115984464828,-2.463176965713501,3.9788601398468018,6.550088739450358,nan,,,1.059315800666809,,Gaia_DR3,-66.70836405049043,27.180871911693124,-68.50855929167406,0.021666819229722023,22.77872064594534,0.021839993074536324
Gaia,DR3,1646412765880944384,236.5827254880013,68.16594951959651,18.569190979003906,3.3501834869384766,1.7113383719658075,7.34119095050612,16.883664281578174,-15.62527611006892,,,8.189122173800577,nan,,,1.1089375019073486,,None,-48.40227419148525,72.94014819525289,-51.34584574360022,0.21846814453601837,73.19248734594666,0.20536352694034576
Gaia,DR3,1651966437768820992,261.28992956044937,72.86163712492207,8.650625228881836,0.617039680480957,4.110560426037187,4.297027871727514,10.984695641385589,-14.353310448120244,19.84747314453125,0.17680826783180237,9.302696897567975,nan,,,0.8905671834945679,,Gaia_DR3,-13.034936145848565,99.32650912572873,-18.188150618002467,0.018048329278826714,105.52552363475277,0.01876535639166832
Gaia,DR3,1667703507178636928,213.00001465428429,63.737687364048774,19.02672004699707,1.1535415649414062,2.2595973578226745,17.835657883078476,63.84219884093588,-12.215534317948439,,,6.155116724483288,nan,,,1.7445406913757324,,None,-56.72052412902431,35.66427341469127,-57.35154195168957,0.4121682643890381,38.527528633277015,0.3455236256122589
Gaia,DR3,1669119746875351168,219.46404908595593,65.99665522668701,9.968318939208984,0.711639404296875,4.2427258037854445,14.313632544859292,63.36445746935384,-13.046274731639805,-6.397328853607178,0.3670085072517395,5.960434752472737,nan,,,0.8054119944572449,,Gaia_DR3,-50.32546524728548,40.54431651634303,-53.79000763746322,0.011956140398979187,36.492498317962536,0.013257061131298542
Gaia,DR3,1668961417200874368,217.32664731148023,65.06680827893318,16.08820915222168,2.734898567199707,4.970827556056656,15.543965775154982,32.22809015853962,-12.928355794347901,,,8.320162358628101,nan,,,1.0544524192810059,,None,-72.4760296390588,53.802380356876554,-71.73289996977228,0.0408937968313694,45.1154065846291,0.04217080771923065
Gaia,DR3,1667837716316777216,210.54234054075005,63.57397076033904,16.818220138549805,3.062087059020996,2.4168334183259748,18.814697993814875,39.95887573432184,-11.448002123180698,,,10.707048855741716,nan,,,0.9885439872741699,,None,-101.48588537112083,58.11542905473303,-104.57027809029482,0.054945122450590134,62.614910763632544,0.051606398075819016
Gaia,DR3,1676243413991402240,196.58166103070542,63.50053051506483,14.328216552734375,2.3845787048339844,2.4062373838390774,23.789113154807563,50.98028900697512,-6.27337898066364,4.487571716308594,1.878076195716858,11.979125450259863,nan,,,1.0780694484710693,,Gaia_DR3,-127.3427180888046,38.58826718836644,-122.11325020705934,0.01761784590780735,35.493634074117075,0.017184045165777206
Gaia,DR3,1678494183013302784,198.39135833275714,66.46751294898273,9.891193389892578,1.1807928085327148,3.203298921466586,21.423525379225037,51.02601244742643,-6.106685323722818,,,12.887792652471395,nan,,,1.1602818965911865,,None,-135.5202377453126,46.288718056715226,-127.21442789688486,0.01739124208688736,43.68965088314236,0.015559433028101921
Gaia,DR3,1669668162658131072,221.4863280244375,67.33306007614456,19.288549423217773,3.016925811767578,2.7290699388053703,13.015667420138017,40.420593632385504,-12.826631198435486,,,7.002177916560241,nan,,,1.0950796604156494,,None,-57.2722792656236,49.9626110126742,-59.300427370521035,0.2924727201461792,53.443287627912966,0.28539949655532837
Gaia,DR3,1682332161493212032,189.69444190141624,67.98016089792799,18.137378692626953,3.300607681274414,4.174667899339334,23.422725736908657,57.84779884786351,-2.7513266572686135,,,7.100499164799553,nan,,,1.0027580261230469,,None,-77.89377800372756,14.98076829560624,-73.75418136077464,0.15676909685134888,19.661818339215017,0.16425533592700958
Gaia,DR3,1679669011187449600,193.48556740253116,68.05408858534976,14.329920768737793,2.113565444946289,2.450016471386653,22.185247667654533,46.09063844434697,-4.015052477020614,-15.944229125976562,2.173323154449463,8.198291814896667,nan,,,1.0263433456420898,,Gaia_DR3,-88.56176675271949,22.782524805941968,-89.11971093787909,0.01874368079006672,26.97992458806689,0.017949320375919342
Gaia,DR3,1702152031110740736,221.53837124620387,76.56856016995737,13.33864688873291,1.9917926788330078,4.587968725015923,12.658935821105638,25.136246507940537,-7.239923375526327,-18.867496490478516,2.585623025894165,8.88743509189542,nan,,,3.6204259395599365,,Gaia_DR3,-72.63059286757509,66.51606216677098,-64.53380661550389,0.04397720471024513,69.40231847998834,0.03975272551178932
Gaia,DR3,1674619332238179328,206.56154884086075,69.72189312449021,18.31053352355957,3.1302528381347656,3.7170694441216066,17.234967448182744,63.53096991442685,-7.521969107572891,,,6.127513130539774,nan,,,1.00718092918396,,None,-60.46382568819759,30.787850337064793,-60.37952009936968,0.14854015409946442,35.588602420496706,0.13750997185707092
Gaia,DR3,1652335835020534016,263.0935022739323,73.04137358784436,17.028766632080078,0.5127696990966797,4.431117958580979,4.693764047183581,60.43031035944988,-14.247838945315427,,,18.32142270210276,nan,,,1.0409283638000488,,None,-19.2613508415943,196.47058359997885,-8.396127272692592,0.05820320174098015,183.24740373969584,0.06903517246246338
Gaia,DR3,1653543412320602496,252.1342939182232,71.96355716545204,17.36104393005371,3.3517589569091797,4.361019322859462,3.462257818657837,29.009933280408593,-14.610155548191557,,,11.589869794681288,nan,,,1.0197827816009521,,None,-36.494149728065196,119.16698971836765,-34.62279680235126,0.0782393142580986,108.67750091802999,0.08096392452716827
Gaia,DR3,1654504213684679168,245.51371644185008,73.68332236841692,13.347452163696289,1.5905494689941406,3.329709072532513,5.993233547986078,45.94250893542955,-12.561986487047331,-0.49390459060668945,1.2592999935150146,6.313475036732778,nan,,,0.9925289154052734,,Gaia_DR3,-27.558427368171866,62.836532766587396,-24.52615799362412,0.012550916522741318,66.06839283434348,0.014388184063136578
Gaia,DR3,1667156225265917696,218.7891843411894,63.85826426017624,15.545341491699219,2.626246452331543,3.2515786530396524,15.678940984974888,67.9897239153803,-14.031617167945402,-21.950483322143555,5.715240478515625,5.850891466959715,nan,,,2.9431052207946777,,Gaia_DR3,-49.9025175954525,38.64562371673809,-49.03009123973668,0.07146245241165161,42.56016788881282,0.07946537435054779
Gaia,DR3,1654647940470612608,249.08651376624292,73.70993073949944,16.657211303710938,2.760167121887207,4.751880392675402,5.425226648081654,15.310575136267989,-12.875161588114606,,,9.676996703715105,nan,,,1.0128954648971558,,None,-35.949040743514004,98.66548904777939,-31.809281829164902,0.051055651158094406,89.9000111387562,0.05249154567718506
Gaia,DR3,1664337348034731392,207.5011487709347,62.23806927560616,19.531982421875,3.070188522338867,4.2015694525919995,20.72803924644537,49.24099140114563,-10.915917374197257,,,7.400382054524236,nan,,,0.9979730844497681,,None,-72.37547021548545,36.39224332181028,-66.09870421413024,0.30886489152908325,38.280927296476975,0.26092636585235596
Gaia,DR3,1671699196858262656,209.4531887702542,65.9973707274916,12.413440704345703,1.2502126693725586,4.8360542269017035,17.868845082489045,60.522317794423394,-10.0003076866308,-10.317522048950195,0.7086274027824402,6.314046013078523,nan,,,0.9866145253181458,,Gaia_DR3,-60.548708937577395,33.83990510734497,-55.658889339899694,0.014463567174971104,29.65350898559211,0.014262838289141655
Gaia,DR3,1670968850554075264,209.1329250904451,64.67057477923605,19.714765548706055,2.713733673095703,2.5593863895906357,18.68795344815162,65.55520545549832,-10.47701737121474,,,6.138350309850477,nan,,,1.0643960237503052,,None,-59.06038156381633,32.29171803468321,-55.761804974921255,0.47127819061279297,32.58862858272066,0.42322394251823425
Gaia,DR3,1671854369731788672,210.63607761264151,67.09892903108229,8.543848037719727,0.6839027404785156,4.6253473467686925,16.92721593079796,35.29032154996632,-9.872956785977943,20.91476058959961,0.6172847151756287,8.255288496294149,nan,,,22.120107650756836,,Gaia_DR3,-78.16680883999186,46.06666095973005,-86.21596416064978,0.4680692255496979,46.13914383118443,0.40710800886154175
Gaia,DR3,1681144212194879616,184.2763861098096,66.38596746814964,11.436003684997559,1.1541662216186523,2.9707292938778216,26.057996828271083,55.04669091833945,-1.0431290187070896,2.997762441635132,0.5129953622817993,7.98640106992231,nan,,,2.9885146617889404,,Gaia_DR3,-88.85989079388688,9.06349785699041,-85.05809060341156,0.04806795343756676,5.813587075157891,0.04863846302032471
Gaia,DR3,1709158565879714560,250.61751267185238,78.92546824779258,17.536182403564453,2.9797496795654297,4.949431371869298,10.205914634975558,53.622835906529424,-8.515183637010896,,,6.154845311925968,nan,,,1.0746970176696777,,None,-21.121831567441998,64.59059922925731,-25.31861083751582,0.08739199489355087,59.7297469421337,0.0864047259092331
Gaia,DR3,1692030682979507584,190.46977297047428,75.35635941646194,7.783361434936523,1.128753662109375,3.456966516098833,20.08361402889466,39.386689878241256,-1.6221858905284687,-32.46738815307617,2.7092201709747314,9.201191861092367,nan,,,6.411104679107666,,Gaia_DR3,-100.65890087250632,21.257536458059487,-105.88008019944765,0.12742583453655243,25.4650170211535,0.12469960749149323
Gaia,DR3,1657157713199858560,263.9464136004274,77.05078317767148,16.948793411254883,3.3681020736694336,4.995972306783099,8.468175797184072,18.32681465778297,-10.673908331885244,,,9.408380610536582,nan,,,1.214191198348999,,None,-8.330661965542237,102.75361735534938,-7.642300878954367,0.09329203516244888,92.86863867986166,0.0999687910079956
Gaia,DR3,1652320308714875008,265.36312675761695,73.19473981196859,16.644306182861328,2.642594337463379,1.7716968477852377,5.18657064791192,54.26035261529404,-14.156807537318524,,,5.971770934230665,nan,,,1.0762680768966675,,None,-3.640103503007394,64.27444093922794,-4.812389799043699,0.053334951400756836,62.376954623739465,0.0671621561050415
Gaia,DR3,1667652964003461888,214.12023372934644,63.37734784694709,15.248616218566895,2.5440292358398438,4.332568656392353,17.644131726203987,38.00280189433063,-12.76817086451448,,,8.023009487948078,nan,,,1.0189790725708008,,None,-72.92549498704071,47.63985277852388,-65.91619052907144,0.027352046221494675,45.50293498369372,0.026770278811454773
Gaia,DR3,1671567809513853184,212.6313395620321,66.19153313876147,13.688858985900879,2.02938175201416,3.359024364765204,16.65390846855753,38.440552498569105,-10.914603694630333,13.74807071685791,1.7165864706039429,11.122498538659103,nan,,,1.0310555696487427,,Gaia_DR3,-102.94721512171235,65.00981095586462,-96.78974158927555,0.016824455931782722,60.098882994186205,0.01563020423054695
Gaia,DR3,1680772199307218304,186.39279198511292,66.47502258664625,14.975774765014648,2.1166791915893555,2.9154351374560354,25.336070480212104,69.3552384062542,-1.8107887199168609,2.2796943187713623,5.732236385345459,6.550949935115979,nan,,,0.9802262187004089,,Gaia_DR3,-72.56587952794723,9.900101028451544,-71.22881474011471,0.02267894521355629,6.102362882166191,0.02011553756892681
Gaia,DR3,1682784649183464832,190.04108417298488,69.10465328088601,17.557003021240234,3.2351951599121094,2.3934953011704705,22.716842617369178,47.96468600489633,-2.6666654631662023,,,8.05129763478615,nan,,,1.030843734741211,,None,-88.21672194141598,17.574134661939233,-86.59961477366298,0.0867672935128212,13.847393902404638,0.09052716195583344
Gaia,DR3,1697584934686876800,231.56825682043495,73.37488707050275,16.083419799804688,2.607851028442383,4.866329454432718,9.192348776445167,27.566016228615865,-10.977418073134128,,,7.474379369680265,nan,,,0.9792832732200623,,None,-50.2111834662866,64.57546337268548,-42.54478362877772,0.04141169413924217,64.43156790576629,0.04157262295484543
Gaia,DR3,1699880062130329088,216.24996494064547,74.03095466781276,17.42095184326172,2.508453369140625,2.6062462669463122,13.527830831624392,66.70449637501773,-7.778922695199901,,,5.795214052015441,nan,,,1.0037658214569092,,None,-51.23630572736647,38.560862263273926,-49.050118793820985,0.0757099837064743,40.87572537276364,0.08533395081758499
Gaia,DR3,1681143902957234432,184.22949854896825,66.3812100424703,13.69497013092041,1.9581069946289062,3.193875423119753,26.075660838071542,55.818803747817654,-1.0262817839642597,1.9101433753967285,1.3426636457443237,7.87518869976971,nan,,,1.0778461694717407,,Gaia_DR3,-87.62973756724936,8.871441490003793,-85.31509779686115,0.014941707253456116,4.100948972749227,0.014852375723421574
Gaia,DR3,1683940334687658752,186.19342691872194,70.63064013723411,9.472111701965332,0.7468490600585938,3.437217232853398,23.08728387985914,47.46678892205457,-1.226269302949044,-13.47098159790039,0.22835132479667664,8.285572018677229,nan,,,1.0906813144683838,,Gaia_DR3,-91.82434346095046,12.416619621610522,-85.96425120281972,0.01601436175405979,13.722005254278919,0.015352788381278515
Gaia,DR3,1684276098050989312,181.71048494426265,71.31959147438329,19.053125381469727,0.712493896484375,3.720133648158219,23.99826016761249,47.44990041585418,0.18141788912583845,,,8.809765624697008,nan,,,0.9809730052947998,,None,-98.36757326302995,5.961071809070077,-91.46970424094317,0.20522943139076233,5.56932324918456,0.20027224719524384
Gaia,DR3,1719354955679527424,190.26201078209635,80.54399297017471,15.975004196166992,2.592411994934082,0.581899488109776,19.317308155028933,42.07664885454178,-0.5943879770150167,,,7.91008609807423,nan,,,1.0366863012313843,,None,-86.60053009853789,18.134941692989685,-85.72775268336784,0.03570493310689926,17.710908225179566,0.033829763531684875
Gaia,DR3,1721290267943366144,226.7838345702349,80.91204584647782,10.639644622802734,0.8415508270263672,4.339402508376265,13.989527567981872,37.488185780325274,-5.067591409160957,-72.61396789550781,0.3521517515182495,7.325947069408498,nan,,,0.823794424533844,,Gaia_DR3,-54.505798089218345,60.69281325165311,-60.341346589069765,0.01101631112396717,63.98813788008878,0.011903739534318447
Gaia,DR3,1695735040732742016,231.40792086980983,70.55790856635552,15.501517295837402,2.7981834411621094,3.5098969592756957,8.84584987878015,22.52093790867684,-12.947231378286316,-21.33718490600586,7.312355041503906,10.07163432482666,nan,,,1.5877963304519653,,Gaia_DR3,-67.91068234562493,85.5844128786805,-60.759691015344686,0.04818091541528702,87.68176716193575,0.052255336195230484
Gaia,DR3,1696880869287775488,231.02191827841077,71.88513740184905,15.34031867980957,2.6449317932128906,4.428985007625242,9.0416892985475,18.192213325021086,-11.943464839260557,-10.691549301147461,5.413449764251709,8.640200508708181,nan,,,1.0579622983932495,,Gaia_DR3,-58.77688094707628,73.57290225939933,-51.87657986176399,0.028739823028445244,77.75195915056852,0.027726097032427788
Gaia,DR3,1709933481059989632,267.4011904812845,81.51877345988656,18.172883987426758,3.355022430419922,4.037872984685537,12.918386291282395,52.06970594032088,-6.631380422969062,,,6.366050294480511,nan,,,1.087372064590454,,None,-1.3498339578691638,70.64057833791288,-6.107673813090589,0.12934230268001556,73.23438404468489,0.18245743215084076
Gaia,DR3,1662168531284488832,202.55569918322928,58.95429544008463,14.191659927368164,2.590190887451172,4.09544082202591,24.736887493898813,60.5399840878597,-10.122769448915498,0.3945474624633789,3.202198028564453,14.875742725184535,nan,,,1.2570030689239502,,Gaia_DR3,-151.89853817049044,60.06833394370942,-163.95934342980277,0.018908092752099037,55.65440488274268,0.01758277416229248
Gaia,DR3,1663473303693628288,199.05132566123535,61.2359982068749,16.872756958007812,2.8798999786376953,4.889212763858123,24.403779279049523,62.62416404686673,-7.90941727534562,,,6.878764779680243,nan,,,1.0504368543624878,,None,-72.02647379483969,24.524205333516903,-66.49500644022146,0.05404983460903168,28.95925759216618,0.050414033234119415
Gaia,DR3,1657842257971121280,208.24473511406927,56.71339236379288,11.740896224975586,1.1548528671264648,1.8349881147071687,24.333807837010088,55.31022067826373,-13.438565772559176,-6.6267499923706055,0.6135240197181702,7.50566305275247,nan,,,0.9022702574729919,,Gaia_DR3,-72.87058805623728,35.86804575968473,-75.62431128531325,0.010302414186298847,34.947718538318526,0.01013445295393467
Gaia,DR3,1658970636075249664,205.52770729578316,58.21861368674343,16.43838882446289,3.4559755325317383,2.8603138283068166,24.195987489370477,65.94137277233204,-11.674227310484689,,,17.14295207713646,nan,,,1.0586965084075928,,None,-170.7601036856349,76.37337003438614,-177.77473882273011,0.05121354013681412,83.96590178285001,0.05065111443400383
Gaia,DR3,1675951631093074432,198.979350471784,62.68774302714925,15.856042861938477,2.720047950744629,3.7998992017252653,23.471310414282442,54.938640118708356,-7.450080607321095,,,7.368436885134141,nan,,,1.1068406105041504,,None,-77.19005338671073,26.486890578586614,-71.84051110602661,0.03338705375790596,28.981353641463954,0.03481978550553322
Gaia,DR3,1690034863216479744,185.49254430799644,71.68345899501249,14.044229507446289,1.9401073455810547,4.094657884797306,22.775229097572325,57.53977438067369,-0.8934049295331166,12.86837100982666,2.0774519443511963,7.02562865772792,nan,,,1.109675645828247,,Gaia_DR3,-77.98414543320392,9.655183491710437,-73.77102684981146,0.015590659342706203,14.017252170266753,0.014111102558672428
Gaia,DR3,1695854505247668224,234.10492929637311,71.09945781919282,17.070358276367188,2.6432533264160156,1.5278064984991482,7.982052140583171,36.56572533958366,-13.037938164250908,,,6.827383378229437,nan,,,1.0683014392852783,,None,-43.11816290615142,60.17535514980301,-41.08019926612383,0.07213593274354935,59.34948949975666,0.07436130940914154
Gaia,DR3,1703390665319458816,250.40565059090278,75.99261040061974,11.792609214782715,1.1019620895385742,4.229531238329926,7.382054211886104,30.73674475459993,-11.034764866386194,-43.77909469604492,0.7437581419944763,7.107903374772279,nan,,,1.0359840393066406,,Gaia_DR3,-24.67206346687261,73.75325834992238,-27.372499577529037,0.01757465861737728,68.0197723118856,0.015281271189451218
Gaia,DR3,1690152751478928896,187.1967258858234,72.13990214575678,15.109620094299316,2.2533349990844727,4.660659078216225,22.09636513197719,59.183508015074494,-1.320529646075503,24.83481216430664,4.458255290985107,6.813544855118545,nan,,,0.9702787399291992,,Gaia_DR3,-75.32021145604308,11.510525379320509,-80.81117231198944,0.026407741010189056,15.339932897656404,0.024001922458410263
Gaia,DR3,1696698277342492928,237.064727940804,73.25793580535154,11.30077075958252,1.066208839416504,3.5037193822428874,7.678006386327233,55.74838100049891,-11.883534558563358,3.136112928390503,0.5782702565193176,5.979536241018714,nan,,,2.644252300262451,,Gaia_DR3,-34.86357272356402,55.08137302932951,-38.03455442280721,0.047835685312747955,52.00708679289483,0.039012230932712555
Gaia,DR3,1688919099432951808,192.08645401452878,70.483955731103,11.507877349853516,1.0481061935424805,4.183668923216093,21.43128540564226,59.92122282445798,-3.0338623832812317,1.2783745527267456,0.384540855884552,6.685621314382591,nan,,,1.0124341249465942,,Gaia_DR3,-72.67210036475682,17.134747977952966,-78.56723465950573,0.014248996041715145,17.01033903252566,0.012931950390338898
Gaia,DR3,1697328675462772224,232.63466930050276,73.0502655236487,17.018566131591797,2.8568124771118164,0.710250486922697,8.80395651563964,69.32241099107134,-11.379930631703083,,,5.543971068984077,nan,,,1.0369250774383545,,None,-36.31415429010341,48.478872627950324,-35.49412285712554,0.06293021887540817,48.60768832464176,0.06270371377468109
Gaia,DR3,1724723389920607488,248.97194919376335,85.97784208372937,17.999195098876953,,3.5346255068871644,17.178299106834615,33.945971784673276,-2.3086724281354893,,,8.937556704746475,nan,,,1.0248957872390747,,None,-33.39054058741152,94.13686216147852,-30.28949392556447,0.14732475578784943,88.24323163231135,0.15279358625411987
Gaia,DR3,1725662888247649920,217.51300232452832,84.04659743831387,13.164220809936523,1.3748931884765625,4.394793304689833,16.939309457423402,55.03082900170906,-2.269563627876801,-9.353737831115723,1.6090346574783325,6.518142732679372,nan,,,1.0229074954986572,,Gaia_DR3,-56.629843675434245,45.8230394321082,-55.16564379446315,0.01363599207252264,39.964394108269225,0.015643684193491936
Gaia,DR3,1701109384848964608,229.94097486474038,75.79911906785645,16.488826751708984,2.9471397399902344,4.073080679650374,10.513638896685576,55.90795588500043,-9.00919648070268,,,6.075950127206046,nan,,,1.1419603824615479,,None,-42.34308624246509,51.8968625367857,-38.473131492663654,0.05915692448616028,48.398076682313324,0.05646616593003273
Gaia,DR3,1694082268596937472,229.40666818740286,69.15665929013129,15.205804824829102,1.783757209777832,3.7833339155689876,9.67821128548717,53.226452474180356,-13.522079872632183,,,6.148391011138379,nan,,,1.5040321350097656,,None,-43.3475501126258,50.43584649277787,-45.728295051235285,0.06564080715179443,46.14880528132747,0.05956786498427391
Gaia,DR3,1697008412636753664,230.64538584648471,72.90459035983638,8.79617977142334,0.6708755493164062,4.486555475895733,9.330469935467434,56.44164492505506,-11.160822797104238,,,6.008238374163,nan,,,25.257404327392578,,None,-41.221973493047344,51.16465288725469,-37.09180102473816,0.508611798286438,55.06776385097466,0.5291054248809814
Gaia,DR3,1678188858082390528,200.48504842580704,65.66547759966365,18.72016143798828,0.2331829071044922,1.6405263313429939,21.154881478889767,60.910584899173244,-7.089869760478187,,,6.594931593569867,nan,,,1.0565634965896606,,None,-68.38469862717882,25.85877029255336,-66.25915484795104,0.17286032438278198,26.685846407544098,0.16535940766334534
Gaia,DR3,1695875709502067328,233.17571452188963,71.35705949825694,9.171731948852539,0.6666440963745117,3.3903133453586416,8.305834622336834,28.506820675625935,-12.692913386569868,-8.051933288574219,0.2611671984195709,7.317375631826034,nan,,,1.0428272485733032,,Gaia_DR3,-47.30185715253553,63.86536210326136,-52.36529395336886,0.014747521840035915,62.55670086613337,0.014150194823741913
Gaia,DR3,1666901752747885184,217.78910510324792,62.1789583485862,19.868635177612305,0.7844486236572266,1.9222836209094165,17.05733672395341,55.23247900400196,-14.611382738943494,,,6.5176350489947685,nan,,,0.9962531924247742,,None,-56.40360796488293,41.60123282610343,-56.1407700657053,0.38248640298843384,38.97315859998793,0.4997639060020447
Gaia,DR3,1697237179774028032,228.2364787680957,73.10340333538547,18.093307495117188,3.2512035369873047,2.343977133137038,10.060341726147826,28.53369390704472,-10.612610261567802,,,7.506287792216598,nan,,,1.009662389755249,,None,-54.24078113491721,61.85540154651325,-57.74680604563572,0.136610746383667,63.0658962933714,0.14893828332424164
Gaia,DR3,1699933766400788224,214.7657837994714,73.94532530887206,19.26775550842285,1.0209674835205078,3.979345014643135,13.935652198189617,33.31891031767455,-7.522832078006728,,,10.79397732344608,nan,,,0.9824470281600952,,None,-97.31375459884886,69.39647100984558,-100.92543434543397,0.21331116557121277,77.6999199977656,0.2228659838438034
Gaia,DR3,1701110862317714560,229.9424152102255,75.79907030455026,17.73975372314453,,3.4013955230685595,10.513302655519096,58.88175209630904,-9.009434675878218,,,5.960277504052101,nan,,,0.9552938938140869,,None,-41.53565718488891,50.90986392566178,-39.14654906290441,0.1343356817960739,47.36619489229929,0.1583886742591858
Gaia,DR3,1719311696768875520,192.02840993794922,80.58963833747676,16.384653091430664,2.8235559463500977,3.542029485147103,19.027142841049134,42.694467144785264,-0.8464587981228053,,,11.39305285951168,nan,,,0.9789239764213562,,None,-123.87174199083277,29.902141193753337,-131.95875432894934,0.04397706314921379,32.54253258876603,0.04537225142121315
Gaia,DR3,1716283057630187648,190.72300724504157,77.23260463347388,16.88377571105957,2.764932632446289,2.040895551717631,19.59137212136347,45.98367016070391,-1.3133710280001551,,,7.504721658702637,nan,,,1.0647789239883423,,None,-82.02209838367708,17.76668779249096,-79.84953501009609,0.07055395841598511,20.155282240453335,0.07621932029724121
Gaia,DR3,1683875158560136448,183.9549707281878,70.18283348260151,13.159357070922852,1.6047401428222656,1.7025434948354174,23.96127648919685,58.02669339820892,-0.5842544877047047,2.649982452392578,0.6405791640281677,7.173471914545086,nan,,,1.1203852891921997,,Gaia_DR3,-79.85905160963212,7.806246661616962,-77.69293119679776,0.014113148674368858,6.41456883202364,0.01309368759393692
Gaia,DR3,1681361258365865472,180.88193380781087,66.6260366418525,17.65938377380371,0.07193183898925781,4.1958918192608525,26.958896188532005,52.005941875742366,0.22212530657155583,,,9.93607210910611,nan,,,0.981757640838623,,None,-111.02235871205959,5.258512218255763,-102.42478887763887,0.07707612961530685,3.4350366983253218,0.08495089411735535
Gaia,DR3,1674198975199225344,214.49005935331877,70.5302967415597,13.203611373901367,2.3904714584350586,0.6182966485932632,14.423520195404558,59.03718860470301,-9.256283285779451,-7.181877136230469,0.7849704623222351,16.84064584712321,nan,,,1.1749722957611084,,Gaia_DR3,-152.3623813766818,105.79731423330873,-150.50163445011063,0.014859138987958431,106.96175463000262,0.014650573953986168
Gaia,DR3,1703002640793744512,245.31724456698245,74.56458104779156,10.354166984558105,1.6021804809570312,3.623627723518917,6.707822964198387,65.69155665696086,-11.815886619071184,,,20.17501157289357,nan,,,33.64036560058594,,None,-88.77607675122354,201.30340181799724,-90.83611998116174,0.5801827907562256,216.57673384427207,0.5377399325370789
Gaia,DR3,1704167362909991680,245.22992417422765,76.44745579157649,8.826892852783203,0.6898307800292969,3.078109552333359,8.29455788320664,21.877113245755964,-10.247942511836747,-4.12140417098999,0.14993524551391602,10.086122284671605,nan,,,1.48579740524292,,Gaia_DR3,-44.539939344181,101.34370561965572,-49.115047694500475,0.02584877237677574,106.02381543735378,0.02488347701728344
Gaia,DR3,1707890073058478848,244.04843886231487,78.86897230779026,15.353073120117188,2.2342376708984375,4.01961413399942,10.56151559886921,34.3188056043544,-8.140992398537783,10.843551635742188,4.712378978729248,7.15046022464831,nan,,,0.9758905172348022,,Gaia_DR3,-33.084323917645506,71.7814471400763,-38.77996766346799,0.026098748669028282,73.84847322884099,0.030700206756591797
Gaia,DR3,1710904212387616128,256.51013277788934,82.08155892702447,15.43592643737793,2.675909996032715,1.8635332218533112,13.238267355245208,50.12613461254322,-5.95669523681824,-6.597286701202393,4.33137321472168,6.480283569768272,nan,,,4.2266740798950195,,Gaia_DR3,-15.03982529972115,70.44392500248225,-12.940690317004705,0.1474948525428772,71.88429840247967,0.1304844170808792
Gaia,DR3,1714449308457822080,221.85792750049904,78.63644404136932,15.013497352600098,2.4312515258789062,4.991767292696538,13.41020415593029,53.3857133630569,-5.997461369996433,-17.16669273376465,4.921854496002197,6.336027305191268,nan,,,4.651492595672607,,Gaia_DR3,-51.50919267636958,48.02129077473883,-44.84181824577177,0.12775488197803497,48.06133935056154,0.14506806433200836
Gaia,DR3,1706381921062845952,259.63922662683245,78.92788750803031,9.036727905273438,0.8870973587036133,0.9677767752255825,10.115949877143557,32.9015849071721,-8.883108410688704,-31.194934844970703,0.13439686596393585,7.1995283819762115,nan,,,0.9426703453063965,,Gaia_DR3,-12.384858605754626,78.42611909296429,-11.836857341840112,0.01214947272092104,79.78889069058162,0.013423560187220573
Gaia,DR3,1714933853783924096,213.16223628419718,78.26967244442672,15.71767807006836,2.416461944580078,4.117219377165888,14.898993572927067,53.36158561209583,-4.957705162154905,,,6.439731067122198,nan,,,1.0048081874847412,,None,-59.22752973068174,40.447855173669126,-59.02311601775242,0.029436983168125153,46.03348844574272,0.027336254715919495
Gaia,DR3,1711235165387450240,261.9209438821254,82.96322769756473,17.730466842651367,3.0713558197021484,2.1504450256800514,14.164212234344904,44.844748649507096,-5.261841162088684,,,6.841834048589733,nan,,,1.1603378057479858,,None,-8.750168959624366,75.65268439452919,-11.350618022936917,0.11856738477945328,77.34320822113972,0.12557253241539001
Gaia,DR3,1694348453490832640,228.7419742867568,69.71905265965681,15.476886749267578,2.8694067001342773,4.605307206231835,9.815569823620931,34.249571351892286,-13.0043877749622,-13.526286125183105,5.619388580322266,11.7839884279695,nan,,,1.0896670818328857,,Gaia_DR3,-84.26095591253109,96.07997222903154,-73.19656709961203,0.02708648517727852,93.17090664419149,0.027528584003448486
Gaia,DR3,1681343945353657344,180.07844906632496,66.46565926278517,14.390565872192383,2.4531145095825195,4.907507646882841,27.307258818502913,62.355644165253274,0.5117784245828041,-11.647577285766602,3.6681225299835205,7.387250596737611,nan,,,1.3103121519088745,,Gaia_DR3,-82.58295956587347,2.8490142783143604,-74.95043854469253,0.02289925515651703,2.45870358312741,0.02483113296329975
Gaia,DR3,1687979188789583360,200.85933491730643,72.60574379923459,16.24077796936035,2.621814727783203,3.0539695254597543,18.074718598993453,35.82328873409538,-4.887785303366718,,,9.542538834376188,nan,,,1.0193264484405518,,None,-98.68603183579339,39.48274107689503,-103.6902734107183,0.04733654484152794,43.04656876887408,0.04560726135969162
Gaia,DR3,1679643069585009536,193.33277759493276,67.92854567631805,13.621870994567871,1.887664794921875,4.367112473893619,22.29987968850261,48.75369224871418,-3.992576142493281,6.056023597717285,1.5620437860488892,7.807365894440819,nan,,,0.9964861273765564,,Gaia_DR3,-84.39875760292414,21.473128311287436,-78.37899272138098,0.016827847808599472,17.545593734293544,0.015460335649549961
Gaia,DR3,1712859998759119360,199.31194692196794,75.33030203552474,18.639070510864258,-0.18807029724121094,1.2636582105363199,17.906339893758382,69.65159427633216,-3.612797279416494,,,5.910892617687155,nan,,,1.0172697305679321,,None,-61.78577904821096,23.112909157748916,-61.40144112802704,0.15296903252601624,24.63989717062096,0.13457132875919342
Gaia,DR3,1713377937455497088,203.92038942921897,76.58603895220405,12.196184158325195,1.6029558181762695,4.271403552474534,16.68641588556081,36.68101128916558,-4.115163042384406,4.95340633392334,0.660950779914856,10.676640153954867,nan,,,1.0096025466918945,,Gaia_DR3,-107.83020633959177,50.504945428054846,-98.2725938258971,0.012694014236330986,49.46677183841541,0.011969921179115772
Gaia,DR3,1719222086571559808,199.3089272555082,82.23300435965264,16.156761169433594,2.970296859741211,2.8103006557988484,18.12459350988682,35.8101795029813,-1.35849752461945,,,8.917356809874066,nan,,,0.9989710450172424,,None,-93.21382013064083,35.428024119232,-87.98297924116953,0.04752179980278015,36.16852707423031,0.04161955788731575
Gaia,DR3,1721667572229807616,220.47218151548526,80.9706862064789,13.95643138885498,2.3477554321289062,4.372643527181428,14.8102660148958,40.62230696254268,-4.381221808606597,-20.61209487915039,1.7471333742141724,12.087935596463232,nan,,,1.0729368925094604,,Gaia_DR3,-100.48602679766876,89.78848155359414,-92.35061932669846,0.018506599590182304,82.17446554034971,0.017025873064994812
Gaia,DR3,1717758464794771840,190.24073240340167,79.72703294175307,17.151634216308594,1.8552675247192383,4.920345405346475,19.36350065003554,59.307900388148255,-0.7458501875161119,,,6.506305957483478,nan,,,1.1324106454849243,,None,-71.23729334644995,14.877407019273305,-65.21941175323137,0.12849074602127075,17.931963746619733,0.11192157119512558
Gaia,DR3,1726589158074743808,200.21702815144607,84.56162277465113,15.413917541503906,2.910947799682617,3.764300753360623,18.67937112733442,48.98166896917423,-0.6663586871022993,12.957009315490723,4.680345058441162,13.121619531527704,nan,,,1.0285742282867432,,Gaia_DR3,-136.3173898031994,54.398516850690825,-137.73796772992102,0.029871070757508278,44.083181965647995,0.03159824386239052
Gaia,DR3,1703606616275054592,238.35227427844745,74.96769754268647,16.230302810668945,2.5622730255126953,2.1478570045014456,8.28101823761416,38.246658011764545,-10.733471868611895,,,6.758365041388586,nan,,,1.0806397199630737,,None,-37.945318059846876,63.57283808102058,-35.156761575987744,0.044006578624248505,64.83310835687435,0.04249680042266846
Gaia,DR3,1704722242620718720,254.17130340099473,76.32492147056249,16.99576187133789,2.791317939758301,2.9142021964682847,7.5158872475033,43.27309216051457,-10.979055317985871,,,6.482197746648059,nan,,,1.0284618139266968,,None,-17.925700718525217,68.63843729965241,-18.415506605354295,0.06388556957244873,72.59049394499357,0.06212116777896881
Gaia,DR3,1721319473721021056,227.57465515868097,81.42091606332158,17.15631103515625,3.03531551361084,2.5745826783541177,14.250302637243092,52.21603533684002,-4.790648069116095,,,6.448919429532456,nan,,,1.830981969833374,,None,-47.23288168152776,54.135824346621405,-50.44591272968495,0.12852275371551514,52.747518246943976,0.14251728355884552
Gaia,DR3,1703513222210335232,237.51250859371189,74.27558542232562,17.398849487304688,3.068662643432617,4.531525987261682,8.061377971296684,45.44852134708166,-11.164272416830245,,,6.408661104482933,nan,,,0.9981900453567505,,None,-36.88646204774196,59.589628042542216,-43.00857524126465,0.08477261662483215,59.57232540385185,0.08228522539138794
Gaia,DR3,1699034331530276480,215.68214233097322,71.74860681520578,17.924846649169922,3.1669673919677734,4.475734987650476,13.8165984614791,61.489939357752995,-8.898325178060073,,,6.009570796397128,nan,,,1.0753059387207031,,None,-53.536730944927655,39.06075609702387,-52.570769829805116,0.11213483661413193,44.648080880596,0.10959809273481369
Gaia,DR3,1714601625177564928,215.59623949014923,78.8194981530339,12.134504318237305,1.3125123977661133,4.784263082178526,14.60375883007014,29.495219217989014,-5.02550237611424,2.3854689598083496,0.8297232985496521,8.561394717872027,nan,,,1.0478177070617676,,Gaia_DR3,-76.35654757015895,57.089777090954215,-84.66120091018023,0.0146566117182374,54.725031247825655,0.01328960806131363
Gaia,DR3,1717758460499859328,190.24378030173972,79.72652675118756,12.25059700012207,1.223099708557129,4.517381860556174,19.362995201895064,58.8602189927114,-0.7464383712650742,-2.0463767051696777,1.1541697978973389,6.531109085079063,nan,,,0.9980334043502808,,Gaia_DR3,-71.50807028737464,14.937856074995887,-67.08347824904122,0.012525763362646103,19.30899685149291,0.011537214741110802
Gaia,DR3,1712714145965773056,204.3468772674407,75.22485570503395,11.183931350708008,1.0670452117919922,2.2114710631235717,16.648991534941533,34.7300442811121,-4.737415109665836,-33.761131286621094,0.34537091851234436,8.256101603580762,nan,,,0.9246619343757629,,Gaia_DR3,-83.08618030459367,39.47260365500182,-86.84642206751883,0.016016103327274323,38.650799815769886,0.01514995377510786
Gaia,DR3,1713377941751157632,203.9146717684585,76.58286857412006,13.474822998046875,2.084564208984375,4.082935592873639,16.687782681525167,36.55971618432748,-4.115295208735127,6.147984981536865,1.8388879299163818,10.644627720773196,nan,,,1.0272221565246582,,Gaia_DR3,-107.51199351688061,50.34256616370038,-98.50322110136072,0.01555944886058569,48.67348844907702,0.014615671709179878
Gaia,DR3,1707202053658224512,233.38098524874067,76.8316340093791,17.996299743652344,3.3426055908203125,3.075951930597466,10.383326703055117,30.467260286211566,-8.71268158950268,,,7.397982763180235,nan,,,5.175827503204346,,None,-47.58074522361373,66.33059405557569,-42.95546321760321,0.7957330942153931,65.05799568464376,0.6793738007545471
Gaia,DR3,1707311489424679168,234.75849330568414,77.26469835932916,17.224781036376953,3.632467269897461,4.4567745716001586,10.424347779576614,36.793204800345926,-8.549991104364569,,,12.138233636180392,nan,,,7.946348190307617,,None,-75.37583216983938,110.7966370579297,-70.59511968769492,0.6154808402061462,100.44278999485118,0.6811938285827637
Gaia,DR3,1720289471844347776,187.3528628870435,83.36779121829808,17.598745346069336,3.699544906616211,4.780319639014821,19.761022266867755,50.58913087685248,0.24757666169079418,,,13.261045139191973,nan,,,0.9768246412277222,,None,-146.53225048295556,23.08989922955656,-153.49709592716903,0.10899996012449265,34.49510919412294,0.08682191371917725
Gaia,DR3,1711378067538135808,210.08352694013314,72.66246336967468,12.756340026855469,1.4174175262451172,3.4685828246767865,15.375863206856,64.54137226615428,-7.132452688872614,,,5.970476871103671,nan,,,29.78838539123535,,None,-56.8726313839369,33.84341790251213,-57.78608784416187,0.800930380821228,29.5743661419692,0.4133091866970062
Gaia,DR3,1716772817045401984,194.9563103832609,78.32737474987708,20.627296447753906,0.7989292144775391,4.102314477956859,18.564366015043912,51.377188599205034,-1.866287448984334,,,6.903748156856897,nan,,,1.1014174222946167,,None,-74.04011342535766,21.788439424759208,-72.01623502554165,0.8377924561500549,27.405367669445706,0.959420382976532
Gaia,DR3,1719354955679527552,190.25485320145657,80.54387456661172,15.83267593383789,2.5876712799072266,1.7373770599363696,19.318487244780624,41.69215901097666,-0.5933452459575923,,,7.96759114556591,nan,,,1.0587103366851807,,None,-87.23237271910762,18.256028579944708,-84.44569291435917,0.033256545662879944,17.389885349340314,0.03264598548412323
Gaia,DR3,1722841335251293440,244.86972995545398,82.48115910703599,19.484167098999023,3.316556930541992,2.5643301737387736,13.87639652197481,54.848451265762115,-5.167116572471291,,,6.298292925334031,nan,,,1.0666992664337158,,None,-28.21929558605387,64.19021182905874,-30.136675138168666,0.44507694244384766,61.376649702350456,0.3592616021633148
Gaia,DR3,1729275471140783232,227.59815161645918,89.18294826955528,12.979325294494629,1.4937782287597656,3.4071800013810587,20.44591175969984,47.36354332108286,0.6276017107725336,-22.142807006835938,1.2672605514526367,7.534835714895305,nan,,,1.1477534770965576,,Gaia_DR3,-55.16018111453944,63.72311455834095,-50.713443423745574,0.01491585187613964,60.63821751700497,0.01663992740213871
Gaia,DR3,1721290267943366016,226.78722974586248,80.90954951420716,12.984620094299316,1.4989242553710938,4.219557761823547,13.987457990682357,38.01601634141038,-5.069632692237054,-71.71197509765625,1.4085931777954102,7.284172970350833,nan,,,0.9879416227340698,,Gaia_DR3,-54.19139045070991,60.34956166744108,-59.57766844163568,0.014906800352036953,63.951137675041046,0.01536568533629179
Gaia,DR3,1721216257067294464,236.13015834475425,81.74674434585708,16.62836456298828,2.841853141784668,2.8553515518447727,13.71931709272611,27.367609860401807,-5.24173254803139,,,8.736044640629332,nan,,,0.9569265246391296,,None,-52.28839268848245,81.99134549613773,-55.92860853002928,0.05095904320478439,85.7862292303404,0.0505901575088501
Gaia,DR3,1723783685437455232,234.18945973048082,83.17938978285545,12.308015823364258,1.2510747909545898,1.9493214098066942,15.068357553641418,56.711558139810826,-4.010569262241911,-17.026758193969727,0.7102776169776917,6.290661592105165,nan,,,1.0953775644302368,,Gaia_DR3,-39.64280962797419,57.8959732363047,-37.34710714829744,0.012035835534334183,59.08437526068838,0.014571499079465866
Gaia,DR3,1724827328129958144,252.5421101924057,86.25235211842688,16.425573348999023,2.8908491134643555,2.0430988955648397,17.42048515225437,34.86888164987225,-2.1351717044104683,,,8.656399238272112,nan,,,1.111433982849121,,None,-26.595381901734306,93.0274927134214,-23.638305572613067,0.058462947607040405,90.75672708178138,0.05283370614051819
Gaia,DR3,1728464237715862144,216.67394041285422,87.23824668711109,19.843229293823242,0.8798274993896484,2.65969413217897,19.118117222180558,37.77280376199146,-0.38136051694501827,,,8.8969253722963,nan,,,1.0099295377731323,,None,-78.2059451346064,61.548880224046854,-73.2330149032086,0.4310784935951233,61.15607992537949,0.3938044607639313
Gaia,DR3,2003957493224668928,341.8266365077469,56.46396085807189,14.205705642700195,,4.5637171018314024,37.436593787259405,69.77014966008939,-7.397658164059247,,,11.369556721385962,nan,,,1.0891330242156982,,None,121.81263110702328,31.97567938626564,117.94491576436977,0.11987931281328201,42.20745527798928,0.11952728033065796
Gaia,DR3,2003957493229539712,341.82720789765574,56.464266825143206,9.568711280822754,0.823847770690918,4.107687974214208,37.43653388610428,69.81754626640036,-7.397307148589854,0.029235243797302246,0.5606633424758911,11.491291387291357,nan,,,0.8897420763969421,,Gaia_DR3,123.11725519537833,32.31711763559646,123.8282863142202,0.012414767406880856,42.2424725710614,0.011864914558827877
Gaia,DR3,2007696623042341888,337.68136583103114,57.233274966004416,17.267452239990234,3.001249313354492,4.117761198572067,35.455840034084666,69.64671153805509,-9.18345422266814,,,8.76761351865935,nan,,,1.0578579902648926,,None,91.65774928850283,30.487367810803548,86.79172347301459,0.08665008097887039,36.33946293147089,0.06889991462230682
Gaia,DR3,1725662883952045056,217.5125168645179,84.04776029019392,12.971700668334961,1.3049888610839844,4.174538066112059,16.940074457640193,55.704213817616484,-2.268851072202997,-9.647987365722656,1.1018049716949463,6.48252705250484,nan,,,1.1975539922714233,,Gaia_DR3,-56.32080022041293,45.57224684535723,-54.93547241693477,0.019893372431397438,40.038156430925184,0.022240137681365013
Gaia,DR3,2080613588486598912,295.5257289110924,47.34064130837807,10.853482246398926,1.0868101119995117,3.6482191668323867,28.817852374079315,55.5682042939521,-31.116461415001815,-46.109779357910156,0.3180093467235565,10.557535338327073,nan,,,0.9050895571708679,,Gaia_DR3,53.67245516479133,79.14765584041506,61.50982161018615,0.011396147310733795,77.0254793052288,0.01148336473852396
Gaia,DR3,2068786004464499456,304.72517701045757,42.67977145100004,11.714202880859375,1.436880111694336,3.541943453909298,35.96304195816797,68.5616682747877,-30.622391680873562,-47.6434211730957,0.39595261216163635,12.51431345276284,nan,,,0.8639554381370544,,Gaia_DR3,82.73110647890073,78.85023035367837,76.56962908914906,0.010235593654215336,85.87514313759624,0.009953298605978489
Gaia,DR3,2074894478745092608,302.32109613613915,41.93825458455038,19.094045639038086,2.73931884765625,4.025267574668221,35.82635361202521,67.43845409353374,-31.95623951234418,,,10.044401818284735,nan,,,1.024117112159729,,None,62.54377008744975,64.25105223879446,66.57141927208184,0.24828790128231049,56.739362907194916,0.2364114373922348
Gaia,DR3,2118264027711007872,276.8624248713732,45.45450440002343,11.41128921508789,1.6078195571899414,4.281785071819021,25.551316276538746,62.29698685333857,-35.937279600403926,-30.484333038330078,0.28910887241363525,15.251441687339659,nan,,,1.0037288665771484,,Gaia_DR3,24.84235263634086,122.9696774311063,32.675542545761395,0.01708196848630905,111.64886737561301,0.018008342012763023
Gaia,DR3,2127954779604493312,293.98468734909716,45.23715369466188,17.45173454284668,2.9111499786376953,4.539254502511369,30.21166361925618,66.44483305850977,-32.844268533689316,,,7.573403586368355,nan,,,1.0637363195419312,,None,36.45898618822402,55.62913815259795,40.75258813135393,0.07414279878139496,61.4674676219208,0.0801566019654274
Gaia,DR3,2120478581567606912,276.65940699416154,48.4645514798903,14.491469383239746,2.5879878997802734,2.190410402184809,22.64236129488878,56.03821658032322,-33.89856619927462,-34.7047119140625,2.6684646606445312,14.024409739823396,nan,,,1.1365101337432861,,Gaia_DR3,22.293742710896286,118.56308103016647,28.59343227371459,0.01880771294236183,120.06355944471622,0.02305159904062748
Gaia,DR3,2121365402118201216,275.74852210555485,46.36300057402726,7.173154830932617,0.3794546127319336,4.991639572760236,24.458305637490998,48.903263488668735,-35.42348347375592,-29.2069091796875,0.33283162117004395,8.612519056111683,nan,,,1.07456636428833,,Gaia_DR3,12.173424215991156,70.65205604083248,17.6067055130632,0.021601373329758644,77.90565366392596,0.026259444653987885
Gaia,DR3,2120812317706063360,279.82099429646775,49.53095891548468,16.490135192871094,2.8581342697143555,3.619335227466377,22.363323113640078,44.35835986801547,-32.82524410239186,,,8.767150774412643,nan,,,1.0317823886871338,,None,19.267971717174518,74.5747805753421,20.406414428712935,0.05649625137448311,81.16646124969006,0.05394087731838226
Gaia,DR3,2121868776581870976,275.292952459685,47.52259642399621,16.33501625061035,3.0770463943481445,3.743340350875597,23.258312810960827,50.721317000643246,-34.66409130148878,,,12.123451416824624,nan,,,0.9821754097938538,,None,16.066053732872682,101.36404470629489,10.319708729077309,0.03748539090156555,93.71502627637426,0.041121333837509155
Gaia,DR3,2122732271166486912,270.0346786059506,48.56695343038426,10.235493659973145,0.8195743560791016,2.7830209243290653,21.327265182975577,66.86821272028459,-34.17031370980139,-50.45790100097656,0.27792349457740784,6.286074822799725,nan,,,0.9392949342727661,,Gaia_DR3,1.8980093468250123,53.73900392781552,2.6652954626428205,0.012064937502145767,50.131734685496,0.01204750221222639
Gaia,DR3,2124539181087903488,274.2865455629452,52.12512832593504,13.659497261047363,1.9920377731323242,1.536587436545749,18.686773284714008,36.97212601016852,-31.43463574122019,-28.46425437927246,1.307098388671875,9.573195713227777,nan,,,1.020959496498108,,Gaia_DR3,10.817290015953823,85.56345411639461,13.176162635502553,0.014456155709922314,87.57643384253146,0.013460223563015461
Gaia,DR3,2125916697364288640,292.101499234851,43.28836950101179,16.049240112304688,3.191348075866699,4.1143486555638615,31.417324839354126,59.82987094710397,-34.536456135792776,,,9.947575718789745,nan,,,0.9690927267074585,,None,44.56280967231594,71.72405168205377,36.01786428527505,0.0401088148355484,70.52984616716188,0.04414018988609314
Gaia,DR3,2127745082119693952,289.07143940686865,46.379901695820074,15.557680130004883,2.736578941345215,3.768613752819385,27.71776627525917,57.30587745585155,-33.37039892854833,-29.752910614013672,4.338375091552734,8.164974704053241,nan,,,1.4347808361053467,,Gaia_DR3,32.10344121922772,63.30859789767693,30.47438988512617,0.03965875133872032,69.58747020741868,0.041356343775987625
Gaia,DR3,2131421638546414848,284.36207074422185,47.357745791296175,17.87856101989746,3.1703433990478516,2.855529073432996,25.52317221370183,52.64761012467978,-33.66140080665838,,,8.219437386540163,nan,,,1.0158473253250122,,None,25.14338847325512,66.44710944039495,29.563284540483895,0.11366291344165802,64.22312009921464,0.10396556556224823
Gaia,DR3,2121146878478740224,277.02816782052577,50.53727663004586,11.708659172058105,1.1307353973388672,4.346427268342672,20.772226840296707,53.81193346989543,-32.3953963097611,-26.995508193969727,0.45338237285614014,7.019908376460054,nan,,,0.8890790939331055,,Gaia_DR3,11.659028073381592,61.06672766468023,5.5119198610145155,0.010314765386283398,62.96024943398491,0.011945469304919243
Gaia,DR3,2138141583034733312,294.900684674968,53.55410215603652,14.559290885925293,2.7895021438598633,3.702738352718969,23.290474038335816,66.07155126451698,-27.241763059069683,-24.835193634033203,3.468353033065796,17.465226864504924,nan,,,14.267399787902832,,Gaia_DR3,86.88668000553487,143.3428746645213,73.27489318045696,0.22707369923591614,142.58426309089893,0.24412693083286285
Gaia,DR3,2140948666282484864,288.7004381824451,55.14583711954774,19.6451473236084,1.0726184844970703,4.723812387409423,19.93682814858149,45.227168450220255,-27.44741829429177,,,11.756792935828416,nan,,,1.0076289176940918,,None,45.427947633776824,102.94982920141669,51.07391054396943,0.3681653141975403,113.20624769851506,0.34240850806236267
Gaia,DR3,2135914900190225408,292.7583226874526,50.47140732827901,12.702341079711914,1.8248367309570312,4.330693138350614,25.198344224660087,50.67545512210725,-29.83461263374769,-5.458395957946777,1.177613377571106,11.09169616545344,nan,,,1.184155821800232,,Gaia_DR3,50.98783560355845,89.00483864714239,60.672310198454916,0.013560322113335133,86.04663562735857,0.014078402891755104
Gaia,DR3,2137651888045013120,297.9701088296166,54.032204746314044,14.581157684326172,2.1510562896728516,3.9085327754512056,23.945612662574504,62.58114461621096,-26.13448912223166,-27.304821014404297,4.140834808349609,6.8196928871395475,nan,,,1.0834592580795288,,Gaia_DR3,37.53570593740663,54.746929872596674,43.1296711487315,0.020219752565026283,54.21561818503997,0.023014424368739128
Gaia,DR3,2145795691494054912,277.7216580910042,53.04273775857618,18.806926727294922,3.085071563720703,4.314453887350314,18.61801216065427,67.02721817040157,-30.50213674957358,,,6.067585776221957,nan,,,0.9772220253944397,,None,10.888808694623176,54.44316050651942,11.530003319669113,0.21242031455039978,48.961883540697556,0.19614124298095703
Gaia,DR3,2154343780220692864,278.9943054449052,57.912613122590386,14.50341796875,1.9042978286743164,3.959068016917279,14.664003807669355,63.52381754973562,-26.673853077891454,24.9000244140625,5.8986897468566895,5.97257132698415,nan,,,1.0255718231201172,,Gaia_DR3,12.179923589546002,56.444129063332625,7.2057732585127345,0.022514885291457176,56.76942388350592,0.018102282658219337
Gaia,DR3,2088531893273360896,302.2598941178946,52.423828566461665,16.92679214477539,2.88686466217041,3.0921811929015455,26.74563072995064,58.702088648018986,-25.923316850580388,,,7.669826735424128,nan,,,1.0004063844680786,,None,47.6817995350604,57.69211901742726,43.128441225790596,0.06286143511533737,55.62725081133889,0.06568493694067001
Gaia,DR3,2106731250248203264,284.33048098664483,44.825303785486724,16.332210540771484,3.241058349609375,3.9385145228850433,27.863477040714102,66.1948163099334,-35.327479288965066,,,15.996994221358667,nan,,,0.9809512495994568,,None,48.840175250224235,124.19560826253766,43.31873544815875,0.04203268140554428,136.27551502332042,0.04175855219364166
Gaia,DR3,2119882435809904896,279.6725022783829,48.20654637960418,18.8194522857666,3.4910755157470703,3.8502822216463666,23.561656875658784,48.606417915502604,-33.766355446306164,,,8.245233435902751,nan,,,0.8299261331558228,,None,17.886551033673907,68.83169166648891,19.57457584641988,0.16923034191131592,75.30778681850423,0.16822931170463562
Gaia,DR3,2121398353106786176,275.7895864148159,46.65193175168152,15.388785362243652,2.810824394226074,3.9146269408822514,24.1896866170462,58.75277274329557,-35.223623595535614,-23.573549270629883,2.7140371799468994,14.42605197887537,nan,,,1.2406717538833618,,Gaia_DR3,20.505298140761774,118.87431897105638,17.877642141858615,0.030234016478061676,107.26293203227482,0.029897242784500122
Gaia,DR3,2119075737871844736,281.1593921098185,46.22129729259593,12.592878341674805,1.4562911987304688,4.85341309535997,25.77450251073449,63.793964225976694,-34.92027268191283,-14.612061500549316,1.8853906393051147,6.990473704976343,nan,,,1.106475830078125,,Gaia_DR3,17.14950486731404,56.29415952277675,15.982208173597872,0.01335829682648182,63.350552662585095,0.01295858807861805
Gaia,DR3,2121444639971460992,275.4394889599285,46.77500022548416,9.723847389221191,0.7105817794799805,4.549262127516325,24.002763065776087,54.66623040307421,-35.16716279774847,-19.899023056030273,0.17805933952331543,7.504227889401318,nan,,,0.9103223085403442,,Gaia_DR3,10.157729233265117,62.00272214623073,7.183648676964228,0.012993719428777695,55.449211568715555,0.015060466714203358
Gaia,DR3,2142227089068809472,294.03620076379116,57.44737302067988,19.086483001708984,0.44400596618652344,2.505778718477195,19.892559954808462,44.262382418184515,-24.725755229456045,,,7.76845828109765,nan,,,0.9250859022140503,,None,37.46848315204362,67.12631849751843,35.10842378003761,0.22080294787883759,63.76924378467151,0.217914879322052
Gaia,DR3,2123807829759729664,273.7649203133306,49.68306917164647,18.8908748626709,3.468852996826172,4.006859866192151,20.8958375535814,51.20646175744743,-33.241548054252576,,,7.249720694653059,nan,,,1.0989000797271729,,None,7.457184435779208,62.743753360751796,11.955677718061924,0.19954748451709747,58.58878660206909,0.23516269028186798
Gaia,DR3,2124122775417449216,275.69786251337285,50.75521145377765,20.2393856048584,2.741697311401367,2.828033819685577,20.274589703370083,59.04539588095353,-32.34500426765598,,,15.653855664356419,nan,,,1.107765793800354,,None,21.97249511234191,137.01133152557728,21.330893545752456,0.6238747239112854,127.70092893959875,0.5346245169639587
Gaia,DR3,2124213485128172032,276.4349005072266,51.38611533799007,10.192602157592773,0.7197494506835938,2.3273651101160997,19.845904520493804,59.502518829494875,-31.830046644401314,3.5464723110198975,0.4282819330692291,6.542125109767757,nan,,,1.8954161405563354,,Gaia_DR3,10.115764408478174,57.65140471504215,10.107212660052319,0.027424927800893784,60.86116893564683,0.030678510665893555
Gaia,DR3,2160454002557326464,275.4460255936238,63.95457562210208,9.532788276672363,0.9296560287475586,3.8074931916056896,8.92711760741629,38.70639161933237,-22.028997660682908,-18.847375869750977,0.20601782202720642,12.674320663899104,nan,,,1.0090183019638062,,Gaia_DR3,17.172022988540775,127.81772928727355,17.546419704684684,0.01318294182419777,117.65147832766141,0.013856864534318447
Gaia,DR3,2126773766677032448,291.53550744665466,45.71633613629335,12.884679794311523,1.5684518814086914,2.47137696932626,29.039774251837716,69.83811822169544,-33.20229692466024,-49.31565475463867,0.8055816292762756,7.020951514611607,nan,,,1.1945825815200806,,Gaia_DR3,30.740006218731438,52.96387581127386,27.56999394768107,0.016956638544797897,54.78895459570816,0.01595134846866131
Gaia,DR3,2107426794431629184,283.1684835711916,46.18458389366134,16.307409286499023,2.5058774948120117,3.9466865274893506,26.30174026343507,54.40383285775113,-34.64043867514941,,,8.18026079388669,nan,,,0.954516589641571,,None,23.18514612148716,65.28960763818243,20.09239791681629,0.03931744396686554,71.35231020789445,0.049478285014629364
Gaia,DR3,2118776812445695488,276.951677443428,46.8209889101673,16.380603790283203,3.424161911010742,4.65630421596438,24.264953205949034,69.77645573322052,-35.00730028078467,,,18.84262223597561,nan,,,1.1490187644958496,,None,31.016576513117197,155.25295800505447,20.502838376306823,0.0514831617474556,140.03595080963623,0.05683425813913345
Gaia,DR3,2122193373030643200,274.74843090215126,48.571193072631374,7.5792694091796875,0.6595268249511719,0.29179197486699726,22.14899390210721,59.43681572050941,-33.970879045293394,-49.833518981933594,0.12864717841148376,15.28809928859403,nan,,,0.924405574798584,,Gaia_DR3,18.645538466388512,129.98668760662773,19.01612176828022,0.025602972134947777,129.12237129804586,0.02807331085205078
Gaia,DR3,2125048736007256192,271.28123454244167,51.910985989138084,18.10694122314453,3.1917190551757812,3.4024499502883274,18.30419233477304,69.94646391714151,-31.721265511795288,,,5.923280075645133,nan,,,1.0289545059204102,,None,3.228612567941166,52.99885693557671,0.8273972699304927,0.15940174460411072,49.49389993038223,0.13092318177223206
Gaia,DR3,2119209981371793664,281.2806343286845,46.89634532133228,19.582714080810547,2.839773178100586,4.162971379968215,25.171105253496414,65.09936707575415,-34.45119463838761,,,6.807489388004131,nan,,,0.9964082837104797,,None,16.857732996918003,55.38166803576976,22.6219369790966,0.30151963233947754,56.951807661881034,0.3642205595970154
Gaia,DR3,2149076393672509184,275.1710316412776,54.00283431854474,19.59229278564453,3.0993824005126953,1.9841570532400727,17.132953937659913,34.565069367294264,-29.977174965335102,,,8.55385898966484,nan,,,1.0439707040786743,,None,11.133462112823441,78.14043180520005,12.311876646279002,0.37945935130119324,74.76215105618927,0.4058704972267151
Gaia,DR3,2132071656074669184,286.43944884456084,49.57391873338371,18.464595794677734,3.7115306854248047,3.7741115571493395,24.077488788589193,47.35531258456417,-31.791689790779266,,,10.27511352288723,nan,,,1.0284584760665894,,None,35.41764663180528,84.90215754215279,40.733077709958486,0.16478998959064484,78.69101205268294,0.16365674138069153
Gaia,DR3,2133129184401966336,289.273912342095,50.72498091275315,11.46960735321045,1.8356342315673828,4.050609348680114,23.892077979316277,69.89704030363728,-30.447833093630887,-29.70520782470703,0.32920145988464355,19.011938675837786,nan,,,1.0506964921951294,,Gaia_DR3,75.45497737243815,156.923039885072,83.4636475118368,0.017097117379307747,142.80145467220765,0.015702756121754646
Gaia,DR3,2134274806797444736,286.18829256167464,52.54607452433444,15.109466552734375,2.36367130279541,3.1288611341575234,21.371045368809906,42.58162592045496,-29.761198829687338,-36.348751068115234,5.0552215576171875,8.696974649673676,nan,,,1.0416958332061768,,Gaia_DR3,29.572026107867615,74.89333985388338,23.836186521650365,0.025954129174351692,74.80734489515223,0.025759221985936165
Gaia,DR3,2122748729480615168,271.36455849403336,48.359163541324364,16.506732940673828,2.681260108947754,3.163423413253544,21.739918722830325,51.55397114558146,-34.285502360985966,,,7.3674597655589915,nan,,,0.9922531843185425,,None,4.135470367376416,62.735479689699694,1.7898850013566654,0.050658129155635834,58.418306805582475,0.05643070861697197
Gaia,DR3,2145178010773490816,277.9721216786241,51.191327734457346,17.52190399169922,2.7628211975097656,3.3684776550786775,20.381624217146964,69.09709173325763,-31.836804223873525,,,6.102282790643067,nan,,,1.0422147512435913,,None,11.245428713801548,53.419557072034436,9.496075323994816,0.07422196120023727,49.455073952914006,0.08597517013549805
Gaia,DR3,2131069421161686784,286.8176540025768,47.71386865798884,20.29591178894043,2.6946792602539062,2.657373788015691,25.865617546446188,66.4812344235075,-32.97301943865501,,,6.804358742423716,nan,,,1.0924701690673828,,None,23.931516837448562,54.597188519492775,26.040790065427124,0.684119701385498,51.42215212730881,0.7592207789421082
Gaia,DR3,2134601018152710272,286.275614938622,53.23320281410813,15.912455558776855,2.860562324523926,3.3628080699156873,20.800408485267717,45.44843798399805,-29.254764561755014,,,11.494117805296225,nan,,,1.0446844100952148,,None,39.26964493735356,99.791163832129,41.745257062557904,0.03521814942359924,92.02799720572207,0.04282548278570175
Gaia,DR3,2136585636642486272,294.7578616749933,52.799536617040566,15.189297676086426,2.4171438217163086,3.1626942365461264,23.86881913380502,54.11080527983684,-27.787225637987028,-26.306804656982422,5.4426703453063965,7.535831668314614,nan,,,0.984045147895813,,Gaia_DR3,37.30127946566468,61.34763646062101,32.966209692243325,0.031464893370866776,58.807706938452434,0.02438679337501526
Gaia,DR3,2118249076928205952,277.46625046210454,45.23538233576584,19.699098587036133,3.077587127685547,2.4998544019047326,25.88475316530686,52.08298655684781,-36.02383699458624,,,11.264332445522209,nan,,,1.1421853303909302,,None,19.660345025726826,90.35287380202301,13.808786333502912,0.3627983629703522,91.3519790805281,0.41859346628189087
Gaia,DR3,2134505699941913216,285.14569817831807,52.75033648040803,16.3742618560791,3.4264144897460938,4.016576987721301,20.88505358484879,43.82401873301567,-29.78794372744648,,,10.949403525048808,nan,,,3.5688507556915283,,None,35.10210472426306,95.0583023322179,37.88515769741393,0.1585117131471634,86.214630929822,0.14719319343566895
Gaia,DR3,2134505704238644352,285.1454576965726,52.75049136329078,17.995290756225586,,2.3677379735521797,20.884847633959954,42.68970731307668,-29.787871085295368,,,10.546384664831827,nan,,,1.0736891031265259,,None,33.80961394214794,91.55974734516488,39.073622443893015,0.42345163226127625,91.52065850483106,0.3751307725906372
Gaia,DR3,2124201420563544960,276.5187604656576,51.32353715965756,19.4311580657959,3.3012733459472656,4.131488240026744,19.92315126010738,39.370056951910826,-31.868914159930018,,,8.878478330337277,nan,,,1.045757532119751,,None,13.872268038359994,78.1592078707717,6.333846165150405,0.2967834174633026,79.88207720754167,0.36120250821113586
Gaia,DR3,2155491704720163456,283.66007928603557,59.71700539686655,16.78249168395996,2.679934501647949,4.625271626077963,14.658766448990397,63.15303035046949,-24.766340426849197,,,5.987206617763751,nan,,,1.0671665668487549,,None,17.52452313444083,56.56911031605193,20.967890672466773,0.06107795611023903,51.85490928060549,0.05854199081659317
Gaia,DR3,2140726564931791616,285.8205973589011,54.561755112029026,12.203791618347168,1.059584617614746,0.1393039995711917,19.523374854651482,65.52088625571899,-28.366319346957397,-18.851520538330078,0.8123425245285034,6.202801520162498,nan,,,1.0169141292572021,,Gaia_DR3,20.666646001349584,54.860775880658835,20.593462997617138,0.011434913612902164,54.69396776036103,0.011827073991298676
Gaia,DR3,2145244359428553344,277.3291477669031,51.51867057827257,16.906391143798828,2.7426986694335938,3.4312068392214914,19.927361474824206,63.62756836534549,-31.65815030626007,,,6.328754596838886,nan,,,0.9956864714622498,,None,10.878653386731452,55.74303556942094,10.42685974734508,0.05979858711361885,51.18758812637624,0.0650121346116066
Gaia,DR3,2142747024924791808,289.46713717105786,56.89974793841786,14.96282958984375,2.3143129348754883,3.494102074078791,18.765235199395534,36.90588923449779,-26.02777416838314,-34.348384857177734,5.1299662590026855,9.109303317978313,nan,,,1.0629889965057373,,Gaia_DR3,36.47418239399589,80.94195382810403,39.09506528525778,0.022941602393984795,87.1187575324854,0.024930806830525398
Gaia,DR3,2127744807241789824,289.1003223256015,46.365399393861495,18.223073959350586,3.2602462768554688,4.407861956265146,27.73924911611286,58.65069554754256,-33.37321327128617,,,7.948636965848878,nan,,,0.9912691712379456,,None,31.294780445408456,61.6056095457007,30.484268454704576,0.11549476534128189,68.94704895596914,0.12853749096393585
Gaia,DR3,2140642971986223104,285.8453070503729,54.076862071511876,15.593854904174805,2.817917823791504,4.424404549470052,19.944575408270055,42.023328464970426,-28.716128944751347,-89.54315948486328,6.306487083435059,10.820337788051862,nan,,,1.0534582138061523,,Gaia_DR3,36.10128000558805,95.1366723226761,37.899673945547086,0.028003307059407234,85.20597243802894,0.03558248654007912
Gaia,DR3,2134601018152710400,286.2746123979016,53.2339488909773,15.307355880737305,2.710695266723633,2.992611977200844,20.799461850435332,45.481522137036976,-29.254398257940554,,,11.504333395720627,nan,,,1.0604417324066162,,None,39.30240290218833,99.8813302994815,43.240920100667495,0.025733863934874535,93.78515921975807,0.032369259744882584
Gaia,DR3,2158263882771088896,276.12532271053874,61.124758264292616,15.891083717346191,2.5312633514404297,1.8780149599425944,11.204450001695253,61.18370424569969,-24.323768434935022,,,5.901090048461288,nan,,,1.2188979387283325,,None,8.771278922750946,57.9977555793414,6.601137739476515,0.08543852716684341,58.8629918680231,0.07237043976783752
Gaia,DR3,2150777376816589440,275.32797297985377,55.57534018567847,17.941967010498047,3.2571582794189453,3.3876744859156065,15.734158245918584,53.550373744570244,-28.76785334936875,,,6.494982672632877,nan,,,1.0002307891845703,,None,8.651263515768608,60.41780416303597,11.202244703027414,0.13105536997318268,56.54384946159206,0.1286291480064392
Gaia,DR3,2148632328414456448,273.9636978789019,53.335045317813844,17.28729820251465,3.18194580078125,4.38772452591238,17.484917212219145,38.88626298381434,-30.55049959160053,,,7.84927828851618,nan,,,1.0478342771530151,,None,8.377102948643902,71.27778292040055,13.22317477644209,0.11359759420156479,65.87140175474067,0.08285120129585266
Gaia,DR3,2149887317857612672,270.5915964573315,55.56999228159301,20.508014678955078,0.8651981353759766,4.532993751949342,14.70376890450958,59.58189340934747,-28.965125904922964,,,6.138816544010344,nan,,,0.9823011159896851,,None,2.5205159270984376,57.46609013454306,3.9988367894238737,0.700161874294281,51.78915977195368,0.6976578235626221
Gaia,DR3,2170084663568033664,313.51572491427845,51.88792204088075,17.016040802001953,3.5645408630371094,2.9875746321920262,31.19114975790823,65.59655376279231,-22.182160226916654,,,14.240660535484812,nan,,,0.8615029454231262,,None,112.66874060829574,90.78475191355801,112.12821999174224,0.08925829082727432,99.7373707426832,0.08171118050813675
Gaia,DR3,2151093658208503808,277.4195114416507,56.691742654566845,16.24280548095703,2.702155113220215,3.32300305590613,15.273206813532935,38.155420097411756,-27.757417583087822,,,7.466787754170909,nan,,,1.0280896425247192,,None,12.964964140008105,69.97791454197721,10.805574042668567,0.04314054921269417,74.74202603923791,0.04150782898068428
Gaia,DR3,2151405541554101888,274.38083488665984,57.469990068314424,13.153582572937012,1.4704923629760742,0.44520513818801805,13.804494811294237,63.1999846223847,-27.346458987719803,-26.481904983520508,1.5154528617858887,5.9409993326656165,nan,,,1.117691993713379,,Gaia_DR3,6.82183804703315,56.52898872908977,6.742096935464175,0.01202878262847662,57.08084218904777,0.011478299275040627
Gaia,DR3,2155847637249690112,284.76774067667606,60.15446354692369,12.58344554901123,1.439377784729004,3.900707030435895,14.696165251429116,46.78113170727567,-24.285405468775725,-44.68193435668945,0.8496412038803101,6.777410204324233,nan,,,1.0871042013168335,,Gaia_DR3,21.247861969707632,63.959215176591805,25.901414186459558,0.01263984851539135,60.89260123539766,0.011621990241110325
Gaia,DR3,2145413031384187264,280.30482446387146,51.58674092108688,15.023765563964844,2.0441064834594727,4.354333391644364,20.593194912594317,68.26789393438503,-31.301810895708794,-24.662708282470703,6.969374656677246,6.156972132734463,nan,,,1.034774899482727,,Gaia_DR3,14.101084535257629,53.77643807424688,17.74185606551977,0.02338346838951111,58.09924427526893,0.02248544432222843
Gaia,DR3,2142171842904918016,293.7026859839565,56.90049851333499,12.955222129821777,2.3721866607666016,4.485764109046598,20.19874059115327,69.2749101748192,-25.187830726872615,-24.514846801757812,0.5391374230384827,19.698996684667968,nan,,,1.2450059652328491,,Gaia_DR3,93.85274860441218,169.68871534818516,88.81405400944621,0.019788827747106552,151.75486694551515,0.01715206168591976
Gaia,DR3,2145677768871377152,279.54833792398523,53.361035782456675,13.908963203430176,2.001544952392578,3.1127743173502638,18.79099345298162,55.45967691524457,-30.087669926524335,-49.827369689941406,1.607828140258789,6.6701018357848065,nan,,,18.462905883789062,,Gaia_DR3,14.310970579579141,59.75071864838835,15.462276575803878,0.3008679747581482,63.9735340722722,0.3051857352256775
Gaia,DR3,2134735433452944640,295.6015876222406,48.70822038656809,16.335857391357422,2.8766307830810547,4.357744526965056,27.642230469365526,53.29107610877523,-30.238340016845616,,,10.160230873288121,nan,,,1.1238144636154175,,None,51.78658820142937,77.68769899677575,54.340246993170155,0.04973897337913513,68.7100650577158,0.044085659086704254
Gaia,DR3,2133523011423188480,288.38223737896203,52.0920986126507,11.776376724243164,1.1246709823608398,2.2788488475518016,22.427680723245295,58.03126347347886,-29.681843593414186,-25.43170928955078,0.45695704221725464,6.938641944722551,nan,,,0.9169322848320007,,Gaia_DR3,26.4059125395362,58.649184382354626,24.20814296178225,0.01243187952786684,61.15538688867787,0.013030458241701126
Gaia,DR3,2155319356272575744,284.4040122061487,59.13708650413618,12.828498840332031,1.8715906143188477,1.9960994592214887,15.346313288137457,32.37994826611677,-25.12377253467227,-26.261791229248047,0.7690390944480896,10.072640895183998,nan,,,1.1896640062332153,,Gaia_DR3,30.891673448543763,94.2956917334102,27.818185840218682,0.013910198584198952,91.37696927620013,0.014347498305141926
Gaia,DR3,2161620485612467072,271.57125323520523,65.56780664320013,17.414873123168945,3.2588329315185547,3.826142626952187,6.629092048188526,55.51929366108931,-20.804155529867327,,,5.958959143581429,nan,,,1.137451171875,,None,3.5849414890670657,61.209603383850585,-0.9265524927252997,0.11286183446645737,62.867378385316606,0.12057630717754364
Gaia,DR3,2149718542822936320,270.1011392961347,54.38287835375478,17.98288917541504,3.3142337799072266,2.912587116834753,15.733951774324781,36.19537272671346,-29.88684469197812,,,7.75822885836353,nan,,,1.0136586427688599,,None,2.443113492476715,71.6474717218899,1.7384172885173892,0.10609529912471771,66.93631152740961,0.11627066135406494
Gaia,DR3,2153171254150484352,283.1709060880807,56.41370704402472,10.715596199035645,0.7996044158935547,2.6419783161510675,17.155270674365116,56.70813966930008,-27.370531795824636,-27.61793327331543,0.8971335887908936,6.448286032341952,nan,,,3.2040088176727295,,Gaia_DR3,18.27919490504358,59.01524261642834,21.756357302782533,0.06157037243247032,59.9138856639499,0.06060933321714401
Gaia,DR3,2154343780220692352,278.99479377502416,57.91063809749844,14.418023109436035,1.9684648513793945,4.654012637548544,14.665803551521929,65.17948926887789,-26.675353579955743,29.354419708251953,3.0685031414031982,5.907212126617359,nan,,,1.2974194288253784,,Gaia_DR3,12.047189539000529,55.825215388285336,6.917512969218887,0.027371706441044807,58.52259675812918,0.02175956778228283
Gaia,DR3,2155378008345885696,283.42601960421973,59.21844215769785,15.914600372314453,3.0936546325683594,3.5196165765473957,14.966148462001215,50.28049629661175,-25.183926680679768,,,14.25774199186997,nan,,,1.1148767471313477,,None,41.103323783227154,134.2039661799568,46.674460416111714,0.03930531069636345,125.21097082677719,0.03895161673426628
Gaia,DR3,2164300442154972544,317.79596863588677,46.430661198861586,14.041216850280762,2.1474552154541016,3.131994977190902,37.28370024851144,69.7426461547818,-22.954365228228724,-165.64483642578125,2.239839792251587,10.25420899822628,nan,,,0.983648955821991,,Gaia_DR3,86.95170134275611,55.9604540258342,83.15292908315749,0.014640381559729576,50.3561977700308,0.014485538937151432
Gaia,DR3,2160909750128024064,271.27644714739023,63.24321524174743,19.593223571777344,0.36808204650878906,3.738978643907414,8.133195171844243,49.50216400829651,-22.768364051246664,,,6.239146620890741,nan,,,0.9981542825698853,,None,3.3949593002694938,62.94073016720528,-1.4917030902304473,0.39646679162979126,62.38834075964942,0.35929712653160095
Gaia,DR3,2174208966055592832,323.5468045221492,53.69391050502322,15.269763946533203,2.8697776794433594,2.126540059655552,33.35215883939227,68.3432015763862,-17.01153595963019,-28.533435821533203,3.018059492111206,14.412932728342469,nan,,,1.0846136808395386,,Gaia_DR3,132.13136777688123,76.55310482008377,138.2636631583329,0.02966919355094433,74.51770859457824,0.029047178104519844
Gaia,DR3,2168762947517127040,315.8591586385053,50.352121832693534,6.1360087394714355,1.1135005950927734,3.6185075538574396,33.29302370717071,66.87439872524327,-21.985637366999775,-20.152475357055664,0.1293458193540573,8.443028939753566,nan,,,1.0009636878967285,,Gaia_DR3,69.47207192856132,50.60035563922683,64.52621294068226,0.022058159112930298,46.47501676817201,0.01958240382373333
Gaia,DR3,2154726066668010368,279.64060174278427,58.89462067315287,20.446006774902344,2.6429920196533203,4.113672722881238,14.042103770426111,34.57922671327704,-25.844085230126776,,,11.025224700515551,nan,,,1.0604463815689087,,None,23.84989273992685,105.01868469103849,28.754297362771325,0.7359544038772583,113.22610301287258,0.6865999698638916
Gaia,DR3,2155804378339254784,286.21075760335407,60.8205391097622,14.518670082092285,1.9859991073608398,3.12769947368575,14.700309521278188,67.25316264465665,-23.573367739281537,-17.263010025024414,3.75089955329895,5.829462812785219,nan,,,1.0117385387420654,,Gaia_DR3,19.84607340385184,54.9376178283382,22.749225660944454,0.023208022117614746,52.41860568233534,0.022765878587961197
Gaia,DR3,2136702597191524608,292.4377325446582,52.552552795895274,12.46029281616211,1.424276351928711,3.423310287663066,23.31330657031881,50.42015332659712,-28.507205801660458,-27.38613510131836,1.0253485441207886,7.85685735884735,nan,,,1.1079260110855103,,Gaia_DR3,35.668730376015006,64.96056637440032,33.6863574450893,0.013362996280193329,59.64835417303193,0.01222074031829834
Gaia,DR3,2177634906843846656,323.7455292867754,55.32497983193822,15.592754364013672,2.784470558166504,1.718525428450901,32.13624504279498,63.2199800829017,-16.20210896093112,-55.10371780395508,6.622109889984131,12.427996388089404,nan,,,1.065033197402954,,Gaia_DR3,114.2097596015463,66.92760180965519,111.7159513559999,0.03360943868756294,63.17887817428354,0.02890719659626484
Gaia,DR3,2158264084633164800,276.1137560099923,61.126448868834615,11.270772933959961,1.059309959411621,1.958472267505724,11.199660309765402,64.31348915026446,-24.323080043008805,,,5.786579548801591,nan,,,0.8241114020347595,,None,8.588123980055578,56.87470606592814,7.144754598981542,0.02446703612804413,58.7784884276915,0.020243987441062927
Gaia,DR3,2160049180416387328,279.3138314969711,62.22648148179652,15.929394721984863,2.4920425415039062,4.59762601794533,11.385438674537133,44.4210940503666,-23.202918535690223,,,6.638878514099276,nan,,,1.1208124160766602,,None,13.945626171329284,65.30545984101241,9.017951079606654,0.04712527245283127,61.16761785190715,0.04197397455573082
Gaia,DR3,2142848214354676096,289.22079151471524,57.76166534804713,12.57708740234375,1.8050146102905273,1.9704707211519745,18.0058316873538,44.80224175615158,-25.43448799692188,-74.76866149902344,0.8180496096611023,12.2483843731969,nan,,,1.3218454122543335,,Gaia_DR3,48.49289008820829,110.01135515753523,50.73911990755169,0.014344899915158749,105.44612121747458,0.015778886154294014
Gaia,DR3,2159744787494693760,277.3525460729586,62.29829551110621,9.340721130371094,0.9309492111206055,1.9794901719121984,10.697640076713132,45.84256113604683,-23.288699358535812,-51.369972229003906,0.17185534536838531,13.875741906231346,nan,,,1.041208267211914,,Gaia_DR3,23.91397356243122,137.38236170064118,29.37827006694537,0.016869841143488884,135.46689626208322,0.014090491458773613
Gaia,DR3,2152487357915723136,271.9026867974236,58.97626589845069,8.300268173217773,0.7124958038330078,2.871375580808575,11.865693849088267,44.787162125589305,-26.247220925486445,-36.532432556152344,0.1412886083126068,13.489156841344439,nan,,,0.9771488308906555,,Gaia_DR3,8.986381414389676,130.80498507670916,0.8281245344362969,0.02105761133134365,130.46865596735836,0.01870669052004814
Gaia,DR3,2181927090996475520,307.3229943610239,53.363149544711035,15.163675308227539,,2.5399294011303817,27.77785744716896,61.28689997927172,-23.680629042243012,,,7.60705368534486,nan,,,1.022950291633606,,None,53.34801332175575,54.323747497298115,50.660011314345084,0.06868281215429306,51.263498799010634,0.04574334993958473
Gaia,DR3,2170084663561643776,313.51424224037385,51.88807472632927,18.271188735961914,0.7870254516601562,2.7382592393424483,31.190491586673406,66.01495980072802,-22.182678708012638,,,14.440707196298359,nan,,,0.9703087210655212,,None,114.24850882932026,92.062563248036,115.2410009869977,0.1566784679889679,100.33920361324466,0.1465608924627304
Gaia,DR3,2181927090987038848,307.32292693308335,53.36348869563071,14.969094276428223,2.3196115493774414,3.2728121364551517,27.777561832774246,61.14583049369447,-23.680452003446963,,,7.623753823991301,nan,,,1.0547752380371094,,None,53.4650526784831,54.443283006709024,49.480032546870646,0.05334337055683136,51.01011509887321,0.0453714020550251
Gaia,DR3,2177047660249031552,318.87808143494664,55.49458588113361,17.747112274169922,3.1856040954589844,3.214247358319906,30.2645144873658,58.13035478092199,-18.158703030365306,,,9.494587296362647,nan,,,1.0808994770050049,,None,81.80346422798002,57.14751071551649,77.47915432277327,0.11131273210048676,61.91092860025291,0.09968803077936172
Gaia,DR3,2174077059012313984,328.02126073019286,55.41386632494597,13.294668197631836,2.132080078125,4.88813916645211,33.577982238780216,63.99530124431839,-14.27107827341719,-58.61179733276367,1.3427884578704834,9.604756677801927,nan,,,4.0485334396362305,,Gaia_DR3,92.58318048301987,46.216684962789785,90.09265216533329,0.061165936291217804,55.795612214883704,0.043433524668216705
Gaia,DR3,2175367851295827584,318.2529642348521,52.437014571973485,15.674131393432617,2.6674013137817383,3.8376468038930263,32.45609798278903,64.04196415759394,-19.925195851584533,-10.43081283569336,4.817917346954346,12.657094542766881,nan,,,0.9992446899414062,,Gaia_DR3,108.05991515709258,74.42680230520457,105.63219798110873,0.031669776886701584,84.3746233265048,0.029972366988658905
Gaia,DR3,2187129670777356288,309.47971166329575,56.94398950791199,14.666170120239258,2.5113935470581055,4.625222826055896,25.77429364031543,51.79322429628484,-20.821681443331034,-56.81596755981445,3.1424612998962402,11.206762907574811,nan,,,1.0878714323043823,,Gaia_DR3,82.21092993538062,80.83345245223246,79.18666594856543,0.021439628675580025,70.33321811365627,0.019979728385806084
Gaia,DR3,2193902765482566400,312.5725033869768,59.78994053215917,14.42188549041748,2.4664878845214844,4.035136306249385,24.821312317328385,50.52679816087965,-18.124913379012735,-15.515559196472168,1.9162695407867432,11.273104084768747,nan,,,1.0393526554107666,,Gaia_DR3,87.71128155488765,79.6945392591895,78.50343062758996,0.01781897060573101,77.01633998101856,0.017794949933886528
Gaia,DR3,2169284356539382784,317.23634180430923,51.34033464240356,12.423276901245117,1.926774024963379,3.964830070609426,32.978851327769824,64.24461142625967,-20.90026775282405,-64.98821258544922,0.9529168605804443,12.351473051810165,nan,,,5.1380085945129395,,Gaia_DR3,103.85105447458693,73.07273305004607,105.3878004599825,0.07669862359762192,83.28139767344359,0.06677292287349701
Gaia,DR3,2176684787048960768,316.4478994466762,54.143824225744765,17.671945571899414,3.160024642944336,3.697210219808023,30.444185290846132,59.528702619832394,-19.822872375158962,,,8.94300631026816,nan,,,0.9837241172790527,,None,74.27814679385736,55.60656171364481,78.47804205656573,0.09068730473518372,61.16942131943934,0.08634381741285324
Gaia,DR3,2192821705037459456,319.44121252905165,61.71428142899776,16.909238815307617,0.3937835693359375,1.9124285196912882,25.9248567426136,62.611273436609444,-14.76956142394259,,,15.24118288616991,nan,,,1.0508687496185303,,None,132.37668309241178,96.38013237999161,126.36039796310553,0.07417603582143784,95.13085388391504,0.06088441610336304
Gaia,DR3,2193133657093661824,319.5640537095808,62.339359046336405,17.608381271362305,3.3199729919433594,4.709405083313321,25.54694452053498,51.53931109134601,-14.400632794075708,,,11.24588128814594,nan,,,1.064438819885254,,None,97.84528821118523,71.30755493308624,102.9814283645191,0.10227416455745697,81.22081716354936,0.09278806298971176
Gaia,DR3,2194530655341558528,309.8770429105222,59.969721101055384,17.03731918334961,3.036515235900879,4.373544945597967,23.727808247698245,49.80131900964687,-18.86664663824599,,,8.083176066005946,nan,,,1.0186923742294312,,None,59.76856382414258,59.738629862462936,53.200827293017205,0.06943079084157944,56.21643441159391,0.06671075522899628
Gaia,DR3,2191138524535457792,319.19225433547126,58.737888759255775,17.8371639251709,3.3775577545166016,4.298194173929953,27.936191755688085,53.8567332387795,-16.398864164149558,,,9.50915727607868,nan,,,0.933677077293396,,None,82.29953630946692,58.81945900911361,75.4671751638632,0.11280295252799988,53.569794833148634,0.09066660702228546
Gaia,DR3,2195424970611190144,310.3293883341354,62.80394886560123,15.509857177734375,2.7825584411621094,4.742472387191404,22.00741040358931,45.17807354207933,-16.984200442562894,-47.20302963256836,5.053847789764404,10.828576395825076,nan,,,1.0649614334106445,,Gaia_DR3,80.7833629255956,81.49680784269486,88.75109956464476,0.036413297057151794,74.16760883186949,0.03795095160603523
Gaia,DR3,2190409788838798080,312.88514668238184,58.38886190461055,20.45611572265625,2.471067428588867,4.9359666928448025,25.935167093010524,52.49597779677168,-18.833120068232613,,,11.416617884271927,nan,,,1.1414660215377808,,None,89.32701542443755,79.2037207665769,83.15621369998318,0.8519313931465149,89.35485701331534,0.7394430637359619
Gaia,DR3,2193909392613472896,311.90336690059576,59.71166321691907,17.253297805786133,3.105475425720215,3.496490324704123,24.6362666310792,51.27824244704886,-18.3866160438526,,,8.1436804685027,nan,,,0.9614000916481018,,None,62.5942384249127,58.163783804022685,56.85611502547555,0.08599480986595154,59.9261599532869,0.08705586940050125
Gaia,DR3,2194463821354201600,307.9769043923332,59.69325382083896,17.46868324279785,3.1303157806396484,3.762691651784784,23.236259018710232,54.654554070848995,-19.61093991646226,,,7.351146730694389,nan,,,1.0333195924758911,,None,52.280834992837995,55.71348820101507,47.075195815036054,0.09406876564025879,53.0862856824051,0.09877096861600876
Gaia,DR3,2190199129283987968,312.51167040411957,57.2684701574794,16.335880279541016,2.59475040435791,2.4782554425303207,26.625744834846422,65.84646730389963,-19.602867253043506,,,6.960166992598546,nan,,,0.9760581851005554,,None,54.094737559471376,48.03443561815394,50.75104934966705,0.04137473553419113,46.60535748778482,0.04868965595960617
Gaia,DR3,2194606487280122368,309.1303037528524,60.562341456989266,20.075153350830078,2.9061546325683594,2.108791147356501,23.051149134275953,69.8217535816162,-18.726133554751094,,,6.290066055075381,nan,,,1.33036208152771,,None,45.81821542869595,47.2670945126265,44.693775750217945,0.8723528981208801,49.827328222061,0.6772520542144775
Gaia,DR3,2202198851297432704,338.9222644680547,62.55265326151993,20.210081100463867,2.89031982421875,4.094917226476743,31.798113670603424,62.77953606500342,-7.119007359846483,,,8.733152609746183,nan,,,1.1006428003311157,,None,92.0273716714423,30.043396457458226,95.05770661586855,0.7949856519699097,23.140357042767985,0.7190331816673279
Gaia,DR3,2207285608693851776,343.9550086014666,62.85541415089926,16.323272705078125,2.8236265182495117,4.7547560166459295,33.118450530309346,65.2993462140679,-5.00218848263189,,,12.883488758975675,nan,,,1.2345232963562012,,None,139.47173398762257,33.659286584487695,143.4351451206601,0.04981056973338127,21.36876938514548,0.04626767709851265
Gaia,DR3,2204434849923118720,330.216941314765,62.83865473428172,8.998744010925293,0.7012462615966797,4.4538699259921755,28.8021650671272,56.47525973476789,-10.395556630042803,30.687511444091797,0.4820438027381897,8.911817051808498,nan,,,1.3640981912612915,,Gaia_DR3,87.77670449136787,43.028494145392585,86.16427202825965,0.02053260989487171,34.81783536304085,0.01944257877767086
Gaia,DR3,2193450522603005312,312.210592997189,58.95198081486011,17.954875946044922,3.582796096801758,0.9641859627709395,25.285887507966134,53.68544764678569,-18.73284908523057,,,12.241418309899553,nan,,,1.130672812461853,,None,94.62228102076222,86.35997228850279,95.86853414867406,0.14471013844013214,84.20638191603146,0.14187926054000854
Gaia,DR3,2186628224758717824,307.04045566884355,55.58503492515294,12.663809776306152,1.4265527725219727,2.887850487991592,25.928933290785224,58.60948693754065,-22.442739690698627,23.02190399169922,1.1552798748016357,7.492077195837588,nan,,,0.9710079431533813,,Gaia_DR3,52.219207735464735,55.126527595584,52.59100801542673,0.010401138104498386,50.58062068414095,0.010720787569880486
Gaia,DR3,2191541255028042496,319.84907164907145,60.05836062599783,12.877754211425781,1.9265661239624023,4.01722393583829,27.217746387972536,54.24337590765294,-15.482942721812979,-15.416329383850098,1.1007243394851685,11.349378071226825,nan,,,1.216099500656128,,Gaia_DR3,99.14123350676915,70.10807180049039,100.21777714086863,0.01854349859058857,60.557090766903926,0.014930571429431438
Gaia,DR3,2206720081760130048,336.23583880904323,65.75055468396555,11.324665069580078,1.1027545928955078,3.7865011567452282,28.71318651515837,69.01503713010122,-7.151773175573854,0.45785683393478394,2.985377788543701,7.035381647788369,nan,,,3.111614942550659,,Gaia_DR3,72.8203473673783,27.89628306278741,70.1292694907484,0.04989290609955788,32.82539031623362,0.05019214376807213
Gaia,DR3,2193832740335609472,312.9925461415611,59.38050394100373,12.590176582336426,2.1761960983276367,4.063848280034839,25.260959731839137,62.35560711899367,-18.225686059971185,0.595148503780365,0.39886611700057983,15.373586954202473,nan,,,1.3125696182250977,,Gaia_DR3,120.51757527716742,107.50234903086101,133.44405922305054,0.017764408141374588,110.02613050717011,0.01528644934296608
Gaia,DR3,2205841571973983744,334.4172266779175,63.55521696283975,20.70556640625,2.3679981231689453,3.0496901228845372,29.65795462462441,62.86608534988262,-8.555508693345695,,,7.891713032183071,nan,,,1.1085631847381592,,None,80.58211914417612,33.1186725944744,80.223167211548,1.0640122890472412,28.057761884632736,1.0497338771820068
Gaia,DR3,2211387886584096128,341.2639107932293,64.60029076825695,15.752935409545898,2.6677989959716797,4.267584175527733,31.028872308203276,59.26069453505082,-5.649961311423647,,,10.642095083173674,nan,,,2.88027286529541,,None,113.67803302728213,32.9889961681379,104.44432298084325,0.08776704221963882,35.51942670193384,0.08443746715784073
Gaia,DR3,2219459190983821312,327.70185740105745,66.2179196675367,18.236906051635742,3.3889083862304688,4.394057855749537,25.76288417975057,60.60974929784549,-9.844825803002575,,,7.259119498656456,nan,,,1.0323076248168945,,None,69.7423198044935,38.763459132759635,64.03725391763886,0.15393272042274475,35.20436195445797,0.12416083365678787
Gaia,DR3,2195340480012204672,309.53955432435106,62.29168596729794,18.437782287597656,4.243434906005859,4.030195623210746,22.052296036149176,66.16186629780607,-17.52742214554875,,,17.846167393728805,nan,,,1.0540096759796143,,None,131.0737546679802,135.3470727362414,116.11552666776464,0.17835624516010284,137.82576412867837,0.15186290442943573
Gaia,DR3,2204434849930352128,330.2161111624122,62.83840744898438,9.023187637329102,0.7281913757324219,3.6258308684515836,28.802064694453367,56.53809655467521,-10.395964237470798,30.77896499633789,0.28891563415527344,8.888075758115356,nan,,,1.1845746040344238,,Gaia_DR3,87.5421831185912,42.91490960475643,83.05672975290601,0.017282679677009583,37.81244771789215,0.016141783446073532
Gaia,DR3,2205074525180419328,334.94130468404495,63.385379078786954,15.24881649017334,2.5682573318481445,4.387509294973374,29.94378561545762,57.92091230996902,-8.415691113134116,-3.0074586868286133,4.754949569702148,9.237780427872785,nan,,,1.8093903064727783,,Gaia_DR3,94.70824605634391,37.94510187306933,98.84654680623022,0.036137375980615616,30.469829364210916,0.03506883606314659
Gaia,DR3,2219983280075301120,334.45039017122895,68.38217227506293,17.8250675201416,3.047586441040039,4.035729929444861,26.486903497571248,66.47385475140534,-6.840825222146589,,,6.891982248060538,nan,,,0.9883466362953186,,None,70.39207249661388,29.829369988950752,65.80318382587092,0.10975237935781479,26.179324520915127,0.09782276302576065
Gaia,DR3,2222980381270000384,327.1998078725431,68.501969502685,15.872413635253906,2.9064254760742188,4.401916160330408,24.258697421801333,47.41056055960909,-8.974017471407151,,,10.079747000848156,nan,,,1.1035977602005005,,None,96.33235453481223,55.40448062759155,100.49412700742258,0.036342933773994446,47.0276638455722,0.03278752416372299
Gaia,DR3,2223716950981034112,325.44269858098477,68.871177360071,10.802693367004395,0.8919181823730469,3.0087329924226496,23.522231469989322,60.32050301629284,-9.302005029901142,-13.340604782104492,0.22683581709861755,6.923611270952942,nan,,,0.8201998472213745,,Gaia_DR3,64.90498088397199,40.0149649601299,67.34782932674891,0.013208904303610325,43.66425216627876,0.013502697460353374
Gaia,DR3,2205074525173543040,334.94170670022913,63.38509561853368,17.915401458740234,,4.986725136338274,29.944113299375307,58.049309183523114,-8.415634678662986,,,9.170235212511466,nan,,,0.9271748661994934,,None,94.01604153510453,37.66698287767663,101.93320310966138,0.17343591153621674,32.1667547353752,0.13616418838500977
Gaia,DR3,2203895432096816384,326.24880086721396,61.29042941674165,12.592079162597656,1.4338560104370117,4.930771716020545,28.56100870214275,63.41215894250316,-12.533373914309,-22.77979278564453,0.7613843083381653,7.542463758610864,nan,,,1.0760736465454102,,Gaia_DR3,71.34648216004008,40.38168014398863,64.23871252693247,0.014895320869982243,43.69017917869074,0.012973273172974586
Gaia,DR3,2231167276129840512,342.40486404224896,73.86795447233332,17.01067543029785,2.982937812805176,2.9687596981228794,25.41132916629628,54.63006001974319,-2.9286400465202136,,,7.855042255657328,nan,,,0.9717562794685364,,None,84.4082587765423,23.929491367488286,85.33059305799661,0.06604187190532684,28.758227223689865,0.062111951410770416
Gaia,DR3,2214155146892313344,354.3564012913896,68.45865102072493,12.32779598236084,1.5481653213500977,4.796435057041535,31.829145419122785,62.96880742075148,-0.2868404943018712,-37.38943862915039,0.4822429120540619,8.697406436690448,nan,,,1.0623911619186401,,Gaia_DR3,97.01411502578567,7.325553947690544,88.22652916105096,0.009599967859685421,7.668285802570546,0.010398861020803452
Gaia,DR3,2214078838211804288,353.18973801596144,69.26773500604145,12.074810981750488,1.4842662811279297,2.4271349884392452,30.95246263363555,59.039271462516716,-0.6112737280057687,1.755975365638733,0.4138617515563965,9.89065158200453,nan,,,1.105873465538025,,Gaia_DR3,110.13890261618319,10.437479655279308,113.89251186498674,0.010300582274794579,7.043212580789138,0.011430934071540833
Gaia,DR3,2207717785489443200,346.71729622675605,63.672576330317284,14.304466247558594,2.2069921493530273,1.354246230550893,33.32181635302199,63.12666481701276,-3.7213478725414184,-9.478941917419434,2.1271657943725586,10.002166548048036,nan,,,1.1584696769714355,,Gaia_DR3,109.50652202671903,21.573222477162172,112.36198489001143,0.016842283308506012,21.557588493012442,0.016193905845284462
Gaia,DR3,2213204962686283776,346.9108847146363,68.06890074295683,18.21800994873047,0.5022106170654297,0.9392482640249972,30.182293395810262,62.34848023141564,-2.8611207482964343,,,13.268524466473039,nan,,,0.9970797896385193,,None,145.3689670956112,28.87705451744458,147.82427283881105,0.1316964030265808,29.811769342733374,0.12788544595241547
Gaia,DR3,2241573191612584960,298.16203729093246,64.22050301946874,16.463958740234375,3.661679267883301,4.292773818946901,16.80987567497774,68.12965713860734,-18.952887155145113,,,19.901231424365207,nan,,,2.1052193641662598,,None,110.18509939387201,176.3190506676147,96.8670561358456,0.2821865975856781,164.19538867912863,0.27827444672584534
Gaia,DR3,2243523862681426944,308.7231263433719,63.13539919247126,15.031024932861328,2.385361671447754,1.6242312612855039,21.230184300747755,53.79589860105803,-17.218471590239893,-46.56244659423828,3.727614402770996,7.087868151964166,nan,,,1.0039021968841553,,Gaia_DR3,51.20084426645815,54.79144818438999,48.805535133753956,0.027352774515748024,55.18185441432235,0.025644173845648766
Gaia,DR3,2243517987166166144,308.7225427808769,63.13291197227302,14.917326927185059,2.329495429992676,1.0820790244742458,21.23151312364762,53.71916879801406,-17.22021997341187,-44.52007293701172,3.8144140243530273,7.0941427216944914,nan,,,1.0046334266662598,,Gaia_DR3,51.245553196302566,54.83929955817638,49.63052773863173,0.02589394338428974,54.736921723414,0.02417844347655773
Gaia,DR3,2205363009539409280,335.73796195184303,62.97086329629744,19.224225997924805,3.1999378204345703,4.788422967703724,30.491266395752906,68.0892745561097,-8.24832890025195,,,7.452822997494573,nan,,,1.0146467685699463,,None,76.86394167847075,29.567489939173818,84.30303587318912,0.31014329195022583,28.445464749732704,0.23922020196914673
Gaia,DR3,2217500312241169408,325.74048541022137,64.01534855327739,16.80785369873047,2.752168655395508,4.303586139856692,26.531741743629194,62.366770898280116,-11.486421030992723,,,7.237395359037696,nan,,,1.10066556930542,,None,68.07500257203719,40.15868961823226,68.31951604067832,0.06055186316370964,46.72018411289876,0.05385701730847359
Gaia,DR3,2222276590747697536,319.3274667812215,67.74778967819644,16.07750129699707,-0.10245513916015625,4.068734303656273,22.20794586117469,49.425197484812685,-11.567774999496805,,,12.136488864834362,nan,,,1.0207258462905884,,None,105.24103926693991,80.48998914364466,101.6991771044524,0.048315659165382385,70.70123004439814,0.039247676730155945
Gaia,DR3,2241243750441994112,297.4177057610585,63.35574489484755,20.733901977539062,2.2477893829345703,3.740584528822371,17.04110851903201,41.074462544844565,-19.73575046136324,,,11.62690379171243,nan,,,1.0103130340576172,,None,62.90041920336679,103.03656802027142,62.34851010333686,1.300308108329773,93.8847670358709,1.4983607530593872
Gaia,DR3,2249452085779072256,297.6827364310568,68.5766180480048,16.43379783630371,2.6411170959472656,0.38672465537361783,14.633365745694451,47.88348435565213,-15.78768117380356,,,6.708213959401491,nan,,,1.0426666736602783,,None,36.594112173513736,61.585346212681344,36.08710286322825,0.05523471161723137,61.790359285038775,0.05484256148338318
Gaia,DR3,2221089633586492800,324.6089905591953,66.6103058434671,14.405418395996094,2.424062728881836,4.742292038023808,24.540671292557846,50.80918253015766,-10.631058397959452,-1.4185209274291992,2.172139883041382,11.547576761698165,nan,,,1.1361920833587646,,Gaia_DR3,107.21596319821224,67.23213481471697,108.85330600056056,0.022119950503110886,78.65980844306975,0.018834101036190987
Gaia,DR3,2205074490813812864,334.9455494248903,63.379254127602614,18.926658630371094,3.3648548126220703,4.121033815461952,29.9494574432483,57.544133374838324,-8.416159252434692,,,9.503649285002105,nan,,,0.930765688419342,,None,97.43715144166691,39.028927560371244,99.68210612935135,0.17855437099933624,31.083650432177993,0.18198704719543457
Gaia,DR3,2204170344361035776,329.9405831997749,61.84322881918797,12.807570457458496,1.713639259338379,4.3962873073884134,29.4105596673579,58.60837096546056,-10.897748967381688,-7.717468738555908,0.9498043060302734,8.609680011429978,nan,,,5.123795986175537,,Gaia_DR3,84.57986137551201,41.59557563318879,78.38024546105736,0.06578312069177628,36.57224293029174,0.06205948069691658
Gaia,DR3,2211135995339586048,357.9041772649683,68.2027645985378,16.865079879760742,3.1155834197998047,4.5721919500722406,32.891347504996226,69.88947659862384,0.913043391641172,,,7.811232968912941,nan,,,0.967330276966095,,None,87.35185240267386,1.5596266021233163,90.33716778513637,0.05314144492149353,-5.35219123236551,0.054528992623090744
Gaia,DR3,2216623382998343168,326.0348036221033,62.9967181285891,13.417482376098633,1.8282356262207031,4.974077344464904,27.308351604954574,58.28704021808529,-11.848054893666916,-8.404105186462402,1.3443406820297241,7.874912176300652,nan,,,1.0369505882263184,,Gaia_DR3,74.31522626493921,43.01043407589345,67.63505307499406,0.013692589476704597,47.86449421890285,0.014240838587284088
Gaia,DR3,2225817155631040640,345.46182450393394,70.09635544544282,17.536876678466797,3.107847213745117,2.861942027996259,28.4324705537464,65.49379123284349,-2.9402979204444906,,,7.298636374703279,nan,,,0.9499341249465942,,None,79.52351947511777,17.92675693042259,78.39161900802681,0.08518793433904648,22.182252735056608,0.08317258208990097
Gaia,DR3,2225866015177893888,344.10777308649386,70.3672245254699,14.144932746887207,2.057326316833496,4.652374059125932,27.907814402465185,67.05964017729038,-3.294184537409926,-4.029153347015381,2.2428934574127197,7.065314450376167,nan,,,1.0181554555892944,,Gaia_DR3,76.5389906667548,19.082867072606504,73.36837565172719,0.016003986820578575,12.921358955395194,0.015810949727892876
Gaia,DR3,2230206161229988736,338.9531837176696,72.29688704751982,11.514500617980957,1.1959247589111328,3.7492839651024443,25.433967955204626,49.46047036243553,-4.247978044088141,-5.664154052734375,0.43392401933670044,9.244826849703854,nan,,,0.8494081497192383,,Gaia_DR3,97.43791289005837,33.64449517357559,90.72826664309582,0.014479594305157661,30.750928463366794,0.013289446011185646
Gaia,DR3,2250220266451126528,305.74130413063557,68.88908973324385,16.114173889160156,2.8567323684692383,2.75838930602983,17.23721651195313,45.263369805437705,-14.079809668083257,,,7.1727064944358085,nan,,,0.9850836992263794,,None,48.55809314450651,60.21685924663903,49.03155244318232,0.04053761437535286,56.07291725566366,0.041255541145801544
Gaia,DR3,2246679529771253760,305.8615698686166,67.27534342794694,14.712862968444824,2.7448558807373047,3.3668010625043783,17.967382307477127,62.98901747023472,-15.168924743955287,-42.754268646240234,5.300858974456787,17.559044400324023,nan,,,1.1215747594833374,,Gaia_DR3,119.19978876540638,145.6554206008916,124.8781980788256,0.02256515994668007,156.7492373853443,0.020877353847026825
Gaia,DR3,2254103157405992832,290.2365217036638,64.30406640319066,16.01409149169922,2.887540817260742,4.606341881902995,13.904942855155369,28.566370056758814,-20.27000336727388,,,8.414870546442376,nan,,,1.101875901222229,,None,34.87048500712146,79.68725889468253,27.331249900264563,0.04722081124782562,76.535872859425,0.044284991919994354
Gaia,DR3,2257662036026068992,273.3291618003964,66.49315314498853,17.155101776123047,2.8817873001098633,2.4085076369205876,6.743157983585507,32.85401561146248,-19.970228656987327,,,6.952249401848695,nan,,,1.0055549144744873,,None,6.5621844009766,71.74480560749102,7.1801532932719425,0.08058187365531921,75.22021049484447,0.08536347001791
Gaia,DR3,2257080669253028096,279.67672096206843,66.27758107531098,17.518871307373047,3.7376041412353516,1.4148388871073052,9.104554831092933,48.97954318548865,-19.824840659367272,,,14.765971836010696,nan,,,0.9722084403038025,,None,32.04404802834734,149.8103674030858,28.504823973810936,0.13819201290607452,147.1892469917103,0.10434439033269882
Gaia,DR3,2225283200996006912,339.5014657085028,68.67573908777001,11.23806095123291,1.0273733139038086,1.454005139488276,27.74609741916058,65.70141104865324,-5.154950279185196,,,7.154043520139367,nan,,,0.9859204888343811,,None,75.65417905897563,24.905398973851497,75.15123407995308,0.015937646850943565,22.771005543777147,0.014126568101346493
Gaia,DR3,2225283205291845376,339.50171170528665,68.67599667650977,13.85311508178711,,1.5314980922732122,27.74600165414369,66.69184835964283,-5.154797817489593,,,7.069310025858504,nan,,,1.5069870948791504,,None,74.75823078856894,24.610151501063683,75.71779658610004,0.42002633213996887,22.539302345290256,0.24049168825149536
Gaia,DR3,2209151583016161664,352.0996451202097,64.80989090936612,13.678954124450684,1.9853239059448242,4.235976216396377,33.978690843070375,65.80374837074032,-1.425316162017302,-3.7705326080322266,1.3418611288070679,9.08823919951785,nan,,,1.0113928318023682,,Gaia_DR3,101.00666119954626,11.211318431552634,93.08087835480953,0.014535765163600445,12.95663324148434,0.013009765185415745
Gaia,DR3,2212998568037527808,344.6183348627561,67.08806500201393,9.270885467529297,0.7166061401367188,4.6949226297650375,30.238856249597358,62.36684001975405,-3.842813624581651,,,8.155098483603084,nan,,,1.0714257955551147,,None,88.54301128204204,20.940118994552886,95.97209384221573,0.017171407118439674,24.095472632590408,0.019534150138497353
Gaia,DR3,2234364243628034304,301.34778654803586,56.33318513261022,15.288384437561035,2.2234439849853516,4.465055616910629,23.316464124231043,46.3175725911479,-23.68889717491847,28.32357406616211,5.80230188369751,8.729960727684697,nan,,,0.9952620267868042,,Gaia_DR3,52.97367605701326,69.47890709000725,55.42436225516497,0.028628598898649216,77.3222845254154,0.03079865872859955
Gaia,DR3,2229736433545080832,336.09282853920615,71.49339277332714,9.123053550720215,0.6397857666015625,4.026974704754625,25.13556307361148,50.43769451248284,-5.273871854075402,-2.7670490741729736,0.2030731588602066,8.55330344103378,nan,,,1.0631686449050903,,Gaia_DR3,88.44104588327528,35.24550705946383,84.96078036054358,0.013799247331917286,41.61824045873523,0.012130504474043846
Gaia,DR3,2234196705544227456,297.90101488117,56.28364036251573,15.556405067443848,3.0117759704589844,2.3803133244688404,22.136575995194605,63.10315707468661,-24.6367601701082,-33.484779357910156,11.904139518737793,16.605839885063077,nan,,,1.0856659412384033,,Gaia_DR3,91.2038087169284,136.89303566901242,91.31214291212342,0.02954249270260334,145.225041690486,0.0317191444337368
Gaia,DR3,2231262379589174400,337.15563993794876,73.40909739770903,15.457088470458984,2.3321876525878906,2.70191787628623,24.394742380457167,66.46742889950418,-4.357323394012592,40.1534538269043,5.928046703338623,6.619702649785395,nan,,,1.016593098640442,,Gaia_DR3,68.95901881522074,26.2872887948088,71.51055623805227,0.03464080020785332,23.511226336626127,0.034087006002664566
Gaia,DR3,2231630754641557504,345.3907191220307,73.18788108729521,15.926952362060547,2.6196718215942383,4.645635394986944,26.494066417389547,54.30207317945756,-2.3266119105783454,,,8.274863564757984,nan,,,1.082127332687378,,None,90.13421248769136,20.67886208923045,98.05012146142687,0.0390939936041832,22.414531355034697,0.03929005190730095
Gaia,DR3,2254461701275394048,286.3167238258333,65.36041758347653,17.47634506225586,3.0015029907226562,3.989839855577529,11.932013705770228,28.544860663021964,-19.950783322933823,,,7.807300598355841,nan,,,1.0349609851837158,,None,26.73328032165768,76.37439842925448,30.603514602835055,0.09846148639917374,71.06940697465679,0.10507277399301529
Gaia,DR3,2256518062895609344,278.9619200889704,64.77035912179049,14.453910827636719,2.423464775085449,3.304083990492877,9.623148589536042,30.45029255300344,-21.13600498202869,-38.227718353271484,5.09745454788208,11.187052135294916,nan,,,8.672162055969238,,Gaia_DR3,22.74433188052631,112.4953952380461,15.094713987605937,0.14761006832122803,113.9790245712599,0.17722633481025696
Gaia,DR3,2249372268106889600,295.5416523866966,67.97349369642413,19.53792953491211,2.8499221801757812,3.7480386586931256,14.107502767778609,52.001845908698606,-16.595130637745164,,,6.449210044997579,nan,,,1.1145251989364624,,None,32.804381367982785,60.15586460904011,29.28121359953825,0.3125219941139221,63.837333473635084,0.38715073466300964
Gaia,DR3,2261883847141080960,290.51280246816737,70.17885500780098,18.237117767333984,3.238180160522461,3.8387355562424084,11.780598914450293,45.15107980617022,-15.536381670768808,,,6.6288456993362095,nan,,,1.012407660484314,,None,27.801059184920348,65.22008789886436,30.814823404996844,0.13891877233982086,60.78235008033264,0.1366100311279297
Gaia,DR3,2230746438053376768,332.02606761196336,72.3163792042804,15.865453720092773,2.810239791870117,4.758978280841106,23.62913099877691,45.99815949991331,-6.033234352297873,,,9.34956694214824,nan,,,1.0855356454849243,,None,93.6058661417563,45.10859736181624,84.33842210455384,0.04143976792693138,43.66072870848977,0.03717513382434845
Gaia,DR3,2232811905006943872,348.830102433146,74.9607351842319,9.181347846984863,0.7634162902832031,4.603141528838509,26.22746889910258,62.57531855615516,-1.149579588325596,-4.970816612243652,0.1488484889268875,7.164809602977194,nan,,,0.912230908870697,,Gaia_DR3,78.99160853748148,13.451851878979708,72.132659672543,0.013300808146595955,12.314246782416937,0.011358523741364479
Gaia,DR3,2226982466156355712,342.26848122877493,71.63640360980192,16.339067459106445,2.712310791015625,4.0781210588268655,26.653150507162135,51.67416554170857,-3.526922777494283,,,9.30842193311074,nan,,,1.0651885271072388,,None,99.95697410591336,28.337512842647744,96.13295866175841,0.04816193878650665,21.307758722473455,0.04532951861619949
Gaia,DR3,2230379368673378688,342.8463929682863,73.37490048390127,19.629655838012695,0.3654346466064453,0.6446895122661395,25.787619507138405,67.9938997237675,-2.9403682370296296,,,6.691248777050722,nan,,,1.0065559148788452,,None,72.06004629504037,19.816287693568363,71.40259219063665,0.3171370029449463,19.188004201910488,0.2579771876335144
Gaia,DR3,2231630720281816832,345.31769886752505,73.17975348857345,15.870491981506348,2.590630531311035,4.3323810849554025,26.481753113627697,54.17873073120718,-2.3473320410295617,,,8.295234730238981,nan,,,1.0591837167739868,,None,90.32924221357366,20.839402668439988,97.73757675600659,0.034062709659338,22.425000088908714,0.0378812700510025
Gaia,DR3,2254461701272810752,286.31764858996627,65.36042157254299,17.645931243896484,,4.2036555994303635,11.932345101084676,28.911376499407616,-19.95067086654304,,,7.7680062286948095,nan,,,1.0734690427780151,,None,26.600065750650526,75.98961592087346,30.61629240213294,0.12160392105579376,70.39885810774535,0.16086521744728088
Gaia,DR3,2257624549551749504,274.6633586619235,66.37905885915889,17.71173095703125,3.152101516723633,4.566648010102651,7.267879791913187,14.563713004157421,-20.020121040746353,,,8.893273947738422,nan,,,1.0241693258285522,,None,10.699532872006824,91.49702626032567,5.745800576542912,0.13954773545265198,84.51418729266327,0.11857093870639801
Gaia,DR3,2240112730934414464,291.7516758943089,61.74921776405321,16.810728073120117,2.696453094482422,3.8652107376884732,16.006883188343554,53.60021298531332,-21.99691636527593,,,6.514731691931682,nan,,,1.0708682537078857,,None,28.776345132365897,59.74060633946577,34.07974989708111,0.06211984530091286,59.97010226356143,0.06439707428216934
Gaia,DR3,2260984554003385344,293.37878810514064,67.68790390178907,19.643896102905273,2.8755626678466797,4.077202392462296,13.454502659259287,62.16783332974156,-17.148044333608862,,,5.964160463916602,nan,,,0.949745774269104,,None,28.073714108230888,56.54679552806386,22.96687949944081,0.33574920892715454,56.100638124598724,0.3853534758090973
Gaia,DR3,2261974836025429248,288.08887534354636,68.52574250318017,11.671217918395996,1.028569221496582,4.949348203228461,11.317378025208669,59.989854722332325,-17.1671366174546,5.064565658569336,0.4412950277328491,5.950854534740176,nan,,,0.8878738284111023,,Gaia_DR3,22.326048635008725,58.893331928447864,28.534996069372703,0.01860489882528782,58.90422674572247,0.015864361077547073
Gaia,DR3,2268275278170008448,287.1989137212868,74.84744153463451,16.23609161376953,2.7428760528564453,4.725742125709798,11.069037260969182,57.02523110604919,-11.967576513570812,,,6.055673426728801,nan,,,3.1582095623016357,,None,21.725631998297004,62.31417747677215,19.92412709661138,0.14958633482456207,56.556567886967265,0.1417255401611328
Gaia,DR3,2268686525582465408,280.34001539479755,76.68192248422582,18.175609588623047,3.4732284545898438,4.487320762233048,10.380067868844687,21.851987199141707,-10.78496051665847,,,8.339864798641209,nan,,,0.9856950640678406,,None,19.156549955779134,89.31094629327573,17.894810278857005,0.17587408423423767,81.52321426895578,0.17536966502666473
Gaia,DR3,2256190545869042688,284.1953707147662,68.41893414673198,16.991811752319336,3.317159652709961,4.763116701405417,9.971137967206289,26.55098400457848,-17.656356475032727,,,10.492927042192912,nan,,,2.0690701007843018,,None,31.769497628006626,106.021910307468,36.62215694779741,0.22082316875457764,96.66986545776248,0.258259117603302
Gaia,DR3,2267355399253842176,271.70510495556795,73.73115697999607,16.80765724182129,2.67545223236084,2.039946094877464,6.841052831300321,56.04695911604467,-13.677179899150968,,,5.945166827928316,nan,,,1.0719074010849,,None,3.731733813609875,64.14577923669428,4.2962140561302,0.06853517889976501,66.63935189237452,0.06282160431146622
Gaia,DR3,2268559879882365824,283.43869361361413,75.71700688866109,10.823999404907227,0.9759435653686523,0.9736032809598402,10.505726239553574,21.265283770647535,-11.474396956364568,-8.210244178771973,0.25101208686828613,8.574247880523158,nan,,,0.832409679889679,,Gaia_DR3,24.739000007407633,90.31472843236766,26.350600244319153,0.012426475994288921,89.60781463070218,0.012919002212584019
Gaia,DR3,2274475355519533440,310.1735861039159,70.63227696760285,17.063901901245117,2.8833093643188477,4.1121949019822495,18.023309849525734,35.505283481290974,-11.99833500755857,,,9.291673197477312,nan,,,0.9932122230529785,,None,69.10699048747964,73.99011030115622,71.27529416255742,0.06508281826972961,66.23256517834943,0.05809398368000984
Gaia,DR3,2273290288143381504,317.60279525509407,71.77812279394865,17.321353912353516,3.0877819061279297,4.405515739554782,19.85098840521637,48.962905266719396,-9.711602596936135,,,7.270810744788265,nan,,,1.0499876737594604,,None,61.47455525061279,51.12855477747431,67.33128590730236,0.08212652057409286,54.48954985201213,0.0732189267873764
Gaia,DR3,2279067014861295104,332.554934180483,74.14764820081646,16.99589729309082,3.1115951538085938,4.150698590955605,22.91360957487913,46.759453927553686,-5.1793354008354155,,,10.904277721230677,nan,,,1.042030930519104,,None,109.66821684925652,52.054594920542655,102.00957543197244,0.069256491959095,46.36404164409087,0.063625268638134
Gaia,DR3,2268845027054692736,278.2408453710123,75.04636904276872,17.922138214111328,2.9893646240234375,4.106045755920252,9.034356290712248,54.57683927892457,-12.323439409450419,,,6.069369782495184,nan,,,1.0093251466751099,,None,11.498647782862259,65.02609558018884,9.909813761450787,0.1080680638551712,70.03370318764006,0.11786046624183655
Gaia,DR3,2212998563737111168,344.6193410345198,67.0881715092135,8.941615104675293,0.6305170059204102,3.4931317267318907,30.239062482134237,62.312706252906345,-3.8424391154898556,,,8.164736790442237,nan,,,1.0662224292755127,,None,88.64804240586795,20.96344597420611,91.47522401586387,0.01644636131823063,26.26967786178829,0.018692364916205406
Gaia,DR3,2287980416325343872,301.7519501354528,73.42441594584506,14.856732368469238,2.1328630447387695,2.807825512968989,14.87602085869724,50.48222429731183,-11.496554382759953,-86.30609130859375,4.654894828796387,6.586276711919084,nan,,,4.845468997955322,,Gaia_DR3,40.40117884281145,59.50430904078226,37.70855172784958,0.1300392746925354,62.32358759093633,0.1078890860080719
Gaia,DR3,2284696651834149888,322.22716706641415,78.56900930633594,18.40396499633789,3.7207889556884766,0.9282717454936918,19.327502707966904,42.96826329263484,-5.038909651360452,,,7.791043702291803,nan,,,1.0087385177612305,,None,70.25663779618348,50.90232162970601,71.35374270743083,0.1557217687368393,51.96101514895693,0.1504083275794983
Gaia,DR3,2224644590898599296,329.0241257064582,71.16776907822675,18.450910568237305,0.25107574462890625,4.498838280074296,23.379377007134178,69.78701490733698,-7.282342441422497,,,6.32257569629578,nan,,,1.0296869277954102,,None,61.56338378581265,33.43356500413743,57.38085501377893,0.16900572180747986,29.136768521087383,0.13556472957134247
Gaia,DR3,2226311764063284352,336.0867377515085,69.78321089708415,17.495723724365234,3.3302764892578125,4.5495035072461345,26.11044287922405,51.30268856108448,-5.856293752344308,,,10.670103813802358,nan,,,1.0448198318481445,,None,110.32390062362971,43.60533692426015,108.8852849857463,0.09282338619232178,53.737207099837676,0.10058391094207764
Gaia,DR3,2234659187622330880,299.9541204262093,57.202747142284416,12.430200576782227,1.386256217956543,1.8875732486349335,22.159266988031984,56.121237039086296,-23.485432354183946,-21.205198287963867,0.5773909687995911,7.044301010773899,nan,,,1.0713318586349487,,Gaia_DR3,41.1229215174128,57.44850896907144,38.410103821110624,0.012552134692668915,58.15405020779514,0.012287468649446964
Gaia,DR3,2234871977482017024,299.65961734695605,58.307462407794326,15.842019081115723,2.481623649597168,1.3746832106173221,21.23251751436644,66.73113415764207,-22.81012759085227,,,6.284720273614744,nan,,,1.1095472574234009,,None,36.38004916475234,52.0044400027182,35.57461823873561,0.040173906832933426,50.37091917351994,0.03469449281692505
Gaia,DR3,2236910643838415104,302.84972637215077,60.209692391345214,15.269011497497559,2.6066665649414062,2.7797325570824793,21.028176785061277,49.311966399912684,-20.701871578854615,-48.31927490234375,4.325475692749023,12.524202710423681,nan,,,1.0037569999694824,,Gaia_DR3,79.05492285719774,101.91536494825547,78.89708025656259,0.02681186981499195,109.25279451573212,0.028957698494195938
Gaia,DR3,2241194375499505024,297.23716586128984,62.67711099652141,12.949625968933105,1.7808408737182617,2.46861557057781,17.3871840964624,34.28513151007891,-20.268919104830164,-19.859115600585938,1.190239429473877,9.239431398046642,nan,,,1.370026707649231,,Gaia_DR3,49.69921840362885,81.55719508953499,52.11965401663455,0.024387015029788017,77.4025499190592,0.01783311553299427
Gaia,DR3,2248069759146010240,302.91105448932063,66.75064165212164,13.62136173248291,2.1507415771484375,0.6567190142974891,17.19292658558235,36.89973504043599,-16.16020753619941,12.01103687286377,1.4399100542068481,10.531844624944803,nan,,,6.033256530761719,,Gaia_DR3,66.58284786609244,90.3185340692465,66.32497428188677,0.06532364338636398,88.88345927781315,0.07628580182790756
Gaia,DR3,2292836959184897152,282.7485957831844,77.52404206445445,17.138689041137695,3.363856315612793,4.6111372151134296,11.310582671152716,23.885551899120898,-9.928927510351492,,,9.579737962094995,nan,,,1.200555443763733,,None,26.391440106893214,101.9045373227939,25.734040754638194,0.08688333630561829,92.61555620647911,0.08176755160093307
Gaia,DR3,2275959799295943552,301.43081106114624,73.13909920422675,16.03986167907715,2.5089797973632812,2.749638979994093,14.810460156706302,56.42300208189564,-11.75675457327063,,,6.286697127881428,nan,,,1.029017686843872,,None,38.23341304075906,56.92707287081912,35.95703226001254,0.03853852301836014,59.77268504300976,0.03648168221116066
Gaia,DR3,2279817882519510784,338.8024202052173,75.66032963827978,16.589941024780273,3.394637107849121,2.13159694160716,23.694076015826532,67.50635906241104,-3.261047814800088,,,17.965540514026646,nan,,,1.0023921728134155,,None,189.1743882249296,66.6959949265451,193.4782000673861,0.05907250568270683,59.86583734688418,0.04857476428151131
Gaia,DR3,2294622531708721792,293.13977413816843,78.80960483738392,15.703828811645508,2.589628219604492,4.856327551758546,13.794125898550021,51.82661503365826,-8.174403351566525,,,6.435634833045857,nan,,,1.2107598781585693,,None,30.02036428874628,64.48496276953121,24.171785573750903,0.03691123053431511,61.45127136572252,0.03994873911142349
Gaia,DR3,2295416241665074816,294.21077370773565,81.60374574132435,9.10258674621582,0.9250593185424805,1.8253159941241457,15.342313672822579,58.63615049546621,-5.787618220765154,-29.602619171142578,0.3411654531955719,16.556586703731426,nan,,,5.411839962005615,,Gaia_DR3,80.36361632202168,165.6340807155605,74.93489085232883,0.09200464934110641,162.2998353685457,0.13509471714496613
Gaia,DR3,2250443020633790720,304.94003484627575,69.43088360264119,17.779369354248047,3.278928756713867,4.925983471789025,16.77044933615866,34.124080318147335,-13.859082861176624,,,9.859232794361368,nan,,,9.605377197265625,,None,65.51162118090772,83.91004313374057,61.994799090580216,0.788928210735321,74.29471568847613,0.8511889576911926
Gaia,DR3,2250750402853434624,298.6044346679532,68.52423903119077,9.356485366821289,0.6166830062866211,4.615146160089073,14.96739375460248,59.05790595058243,-15.67297429197337,-2.732201099395752,0.15676291286945343,6.177826405253422,nan,,,0.9386834502220154,,Gaia_DR3,34.66660795883425,56.185509467507146,29.234570877080134,0.015400749631226063,53.61269116650697,0.014672640711069107
Gaia,DR3,2230771245784443776,331.7966337396217,72.3730426315922,6.801746368408203,0.1888432502746582,3.6297124134471463,23.54073128329075,45.959957981830655,-6.0681057317658045,27.655223484039304,2.479132890701294,9.174865843257011,nan,,,6.1068196296691895,,Gaia_DR3,91.67297566568925,44.62745689072661,84.65737308956717,0.17284421622753143,44.36735655106558,0.1547166407108307
Gaia,DR3,2235842468288408192,296.53015580841947,59.02286934338216,19.978015899658203,3.0256690979003906,4.6851266492842285,19.596281320489865,38.77956685322319,-23.05480625537464,,,9.706014601705313,nan,,,0.9893166422843933,,None,51.03072465764575,83.40267018408792,50.62744889589993,0.5626188516616821,73.82479969159212,0.5118703842163086
Gaia,DR3,2250968411097174656,298.12768099887217,69.10926447899364,17.972110748291016,2.9615917205810547,3.5031144329716413,14.608319129520611,63.82910040832492,-15.310314129946969,,,5.957411009320046,nan,,,0.9567888975143433,,None,32.94906774526076,54.63719476266941,29.293083559045325,0.11148644983768463,57.08451343253798,0.12166906893253326
Gaia,DR3,2251571703679982848,300.0824966355021,70.78371501367583,16.955677032470703,2.9548873901367188,4.060488015203193,14.791614608640655,57.392261425089416,-13.730190710104418,,,6.241101955506377,nan,,,1.017617106437683,,None,36.567337376323195,56.65837143937072,31.973915055284728,0.05935057997703552,53.93055631821836,0.0625889003276825
Gaia,DR3,2290954870156410880,306.7631814798007,78.10383205115554,17.262237548828125,2.927215576171875,4.466136393272113,16.208866462783398,44.23479086436585,-7.405756650158876,,,7.110442970322817,nan,,,0.9940074682235718,,None,49.257724432879094,61.45578780306198,43.93363791006964,0.06924698501825333,65.51421174160895,0.060804583132267
Gaia,DR3,2283568930860318976,326.08880697828135,77.05333191012906,10.131246566772461,0.9832878112792969,3.9955312132775163,20.40483230570752,41.823758018342474,-5.1953994372535375,-38.35358428955078,0.2789071500301361,10.506594279027135,nan,,,2.220227003097534,,Gaia_DR3,99.20968703848838,61.95244272540645,91.36756033634299,0.03173013776540756,66.0534143406425,0.032680150121450424
Gaia,DR3,2262570462088925056,287.8469052082094,70.03278771328868,13.223002433776855,1.7508010864257812,3.4440422097335146,10.908249228397857,29.550864989433297,-15.952846373151175,-59.41175079345703,1.1512964963912964,7.5385333609886045,nan,,,0.9942713975906372,,Gaia_DR3,27.94694365460304,75.40975983027325,29.391168248374193,0.0172300785779953,80.6890464314905,0.014229841530323029
Gaia,DR3,2251352729066477184,301.801569197303,70.4549676487528,15.55151081085205,2.723433494567871,3.6608161126724874,15.426587139331673,48.67130115461667,-13.691336534164407,-6.551529407501221,5.652991771697998,6.735788083591097,nan,,,1.2308984994888306,,Gaia_DR3,41.37283507711822,59.89339044283796,46.5406522853953,0.03650934621691704,60.455108840985424,0.03535856679081917
Gaia,DR3,2289724928962346880,298.38718328605734,77.00831466128629,15.723493576049805,2.864354133605957,1.305131686326203,14.246712015622549,30.546403477234133,-9.163381835545362,,,10.056337267760252,nan,,,1.8351460695266724,,None,56.06143101418273,95.57166152861129,58.606366755641744,0.055707357823848724,96.65736680877815,0.051584091037511826
Gaia,DR3,2269416605599198080,277.76094046520643,76.49536396932096,16.363767623901367,2.5227298736572266,4.338296223472183,9.794646720006885,63.10305611339026,-11.05234613875486,,,5.780210071809459,nan,,,1.0685036182403564,,None,10.416830691097784,62.37527532328057,8.743618283219423,0.04565400630235672,57.36073372121567,0.048621248453855515
Gaia,DR3,2272130509536524416,322.9755227700013,70.34814781793335,20.627302169799805,1.4057292938232422,3.0614803096911403,22.03394471743589,62.92121169122579,-9.227069952344841,,,6.569943645400691,nan,,,0.9418972134590149,,None,59.80776018481082,40.752466384850926,60.48171304182746,0.7313376069068909,36.566188234899855,0.6836259961128235
Gaia,DR3,2257347713138189312,277.3309910183182,67.23382595004058,13.041548728942871,1.6168718338012695,3.8461145655222366,7.869679128635239,30.420675909976573,-19.165500041864114,-6.597199440002441,1.2647616863250732,7.161300683571944,nan,,,1.0777266025543213,,Gaia_DR3,12.312283393076205,73.6715544453573,12.69211633573309,0.01636623404920101,79.46549717695133,0.013851238414645195
Gaia,DR3,2258486807184169728,271.2320685760366,68.4409007859743,14.580509185791016,2.32928466796875,1.6423083621379633,5.323136874135788,10.648722646165263,-18.343159830157724,-17.6820068359375,2.597567558288574,8.721791351318153,nan,,,1.1064187288284302,,Gaia_DR3,4.670400242417871,91.42230030891326,7.682449338633758,0.02132267877459526,91.20866390995005,0.022333303466439247
Gaia,DR3,2262166803883247872,286.3847893496535,69.43389400169346,15.39299201965332,2.7500267028808594,2.7412576786198897,10.510049084271499,42.66297760673522,-16.59943437210636,-15.618395805358887,7.540515422821045,6.6700673894739335,nan,,,2.5003206729888916,,Gaia_DR3,22.923579570525916,67.05329818479777,21.9918510568871,0.07614117860794067,70.7935228894204,0.07922277599573135
Gaia,DR3,2269562497048153472,273.3004905469813,76.60223366710804,16.559629440307617,2.623790740966797,4.930909855276165,9.131414485003184,32.42561320738964,-11.07414024911423,,,7.140407843186843,nan,,,1.0161348581314087,,None,6.699968017842824,77.82565766767715,12.732497916961975,0.04870795086026192,73.5013250677576,0.05031315237283707
Gaia,DR3,2264374795030124928,291.8821428165275,72.40205610145696,15.684226036071777,2.362757682800293,3.951153470590608,12.025931674751206,58.82654917092717,-13.567495824404116,,,6.027605676911897,nan,,,1.0167897939682007,,None,26.765598463237467,59.4334395098198,31.70401104170319,0.033005669713020325,58.528443102774155,0.029098035767674446
Gaia,DR3,2246308994353727616,306.6578903257565,66.28361307983184,15.552573204040527,2.962897300720215,1.396563989493835,18.723448995502206,45.578197420229934,-15.66573604356051,,,12.237940149043625,nan,,,1.0968965291976929,,None,84.58096813333911,99.756201882962,87.76664414156387,0.030669234693050385,98.0730943881608,0.030012009665369987
Gaia,DR3,2277105421692776320,314.76099700401204,74.8858784240473,12.553598403930664,1.4311256408691406,2.5917279212877196,18.192445499081618,63.36326440369098,-8.397093101819197,-25.525983810424805,1.0911674499511719,6.202986503333729,nan,,,2.018968105316162,,Gaia_DR3,50.13047592119819,46.7007171321311,51.4980884177623,0.031156279146671295,49.801601700326145,0.028352919965982437
Gaia,DR3,2251524386023743744,299.64119258035004,70.36072181473297,16.246658325195312,2.42574405670166,3.248774290748648,14.752535231744304,45.872420418085305,-14.118976599805922,,,6.837003416517719,nan,,,1.056851863861084,,None,39.55598344720012,62.209007611659054,40.796726869272746,0.048959117382764816,57.69389445715548,0.053773216903209686
Gaia,DR3,2263340257668485120,295.2233148354768,71.63166467347061,15.492829322814941,2.369961738586426,3.5520846253656138,13.102378921074902,60.118735549497835,-13.78207095360116,-13.882838249206543,5.537790775299072,6.028204925649831,nan,,,1.0476280450820923,,Gaia_DR3,30.32885624054002,57.62157912323448,28.142336357926176,0.02889682725071907,53.67247457336628,0.028647679835557938
Gaia,DR3,2259242102952962048,280.14901378898674,68.96957950143634,16.177865982055664,3.2810258865356445,3.3494406174695763,8.416056341915567,49.19026934979067,-17.513014954542903,,,14.883356356816035,nan,,,1.0600104331970215,,None,33.64362846432244,153.50434408982397,27.786014895205284,0.051715753972530365,162.22953809083887,0.046575915068387985
Gaia,DR3,2256249262365391616,283.51365014683915,68.76337673534535,11.985345840454102,1.42022705078125,4.281846654623675,9.645682072378722,20.965319167651504,-17.42863825807057,-14.269536018371582,0.42503488063812256,9.555703132330079,nan,,,1.0723240375518799,,Gaia_DR3,27.705810116596048,97.07836070500692,22.609844233169284,0.01222827285528183,90.11914725200717,0.013405898585915565
Gaia,DR3,2266150987345748608,281.86959246386755,72.88663859787363,18.15203094482422,3.360210418701172,4.187148368809682,9.11727545008299,44.43966579643251,-14.030585484157559,,,6.503217548757955,nan,,,0.9955662488937378,,None,16.832420195435198,68.10505593906198,21.603059484729652,0.13042117655277252,64.91247808718825,0.15120086073875427
Gaia,DR3,2280196629915263616,331.31476402122746,75.51281583783963,11.099470138549805,0.8826389312744141,3.343520489010444,22.061605096592853,68.22829072152825,-4.895500519816572,-37.01253128051758,0.31053662300109863,6.282003039487785,nan,,,0.8120131492614746,,Gaia_DR3,62.500595442879465,31.46088082557224,58.24033850455881,0.012668492272496223,30.25418486444616,0.0122531084343791
Gaia,DR3,2250933364163175168,300.8398496548648,69.86703983136681,18.895214080810547,3.5731468200683594,4.196062604507963,15.280615069809246,56.618070774045144,-14.289202006596565,,,6.309611493940098,nan,,,0.9008193612098694,,None,37.75995984432561,56.51689737847039,42.53798234704366,0.1859406679868698,53.63219891955493,0.2110324651002884
Gaia,DR3,2277105421692322688,314.76182803359626,74.88608986271561,13.528279304504395,1.328857421875,3.126199941270415,18.19261812718769,61.6582729179549,-8.396816510079852,,,6.284076941479434,nan,,,1.4198721647262573,,None,50.786526465696866,47.31055648426805,49.693309110082275,0.046915579587221146,51.30508489908366,0.047112755477428436
Gaia,DR3,2285863306686278144,336.0457845792237,79.1749166983045,14.118185043334961,2.399608612060547,4.190568597778145,21.8064989820662,42.898441965361556,-2.6230587893265582,1.3749200105667114,2.2885799407958984,9.866029244587116,nan,,,1.674851655960083,,Gaia_DR3,101.9800642152893,41.839423660187464,110.658453311671,0.050942160189151764,41.0328728459276,0.05828874185681343
Gaia,DR3,2272062717769106304,314.65696247567223,72.16939685774976,20.031875610351562,3.097715377807617,4.7193568319879,18.86050016672484,55.065157631281224,-10.100413996758071,,,6.701154185251031,nan,,,1.0384631156921387,,None,54.062354676554094,49.92555978759216,53.53289626593179,0.4933224320411682,56.57139962810562,0.45476391911506653
Gaia,DR3,2269781540380211840,272.48417256796637,77.68580891120436,11.458127975463867,0.8506002426147461,1.2048382865702092,9.875127896419897,60.492664563771214,-10.107448057237232,-24.131319046020508,0.5342112183570862,5.876436067262602,nan,,,0.7952290773391724,,Gaia_DR3,4.580411699782673,64.36762046520175,4.953809343347613,0.012153219431638718,62.922513895300526,0.013773275539278984
Gaia,DR3,2282861227625599488,350.3336968218232,79.15806694122617,18.215808868408203,3.374805450439453,3.234174885549628,24.278748391675297,55.89693536774671,-0.23654467424765446,,,7.432221105957633,nan,,,0.962632954120636,,None,82.2774677216397,11.931995438958392,86.80132062790504,0.13397322595119476,14.214955657604387,0.12086551636457443
Gaia,DR3,2277695859436487552,310.79363399284574,73.91704057454339,15.64482307434082,2.63101863861084,1.40319701368187,17.326196299616544,34.509274112292985,-9.709340701337837,-24.998443603515625,8.670196533203125,8.738127535495705,nan,,,0.971416711807251,,Gaia_DR3,65.77593354208975,70.05524570539046,68.12562165696997,0.029552288353443146,71.13237137112985,0.03008943982422352
Gaia,DR3,2275863385870792576,301.19436860110915,72.99715845113123,11.12218952178955,,4.512300126957554,14.756504042521145,63.46723767023297,-11.897738571104975,,,18.33753963665677,nan,,,1.3765124082565308,,None,110.81110685913241,166.3749520383724,118.70808939472553,0.14756405353546143,181.9283685982148,0.08315999060869217
Gaia,DR3,2295009388002945280,289.41503771349124,79.94987158098895,16.10654067993164,3.242645263671875,4.9452175287683415,13.776166172720162,53.86707896324656,-7.460467366092042,,,15.401107136868633,nan,,,1.0014772415161133,,None,61.52067267634002,159.08665341012298,63.67335956691734,0.041920583695173264,143.17594204964166,0.03987949341535568
Gaia,DR3,2291766825133458432,295.54489070435534,79.60761572453114,15.322916030883789,2.6402368545532227,2.966494308376951,14.545086805514112,55.115331246745555,-7.337012761074646,2.577470302581787,5.803391933441162,15.62651214029972,nan,,,1.188407063484192,,Gaia_DR3,79.49419994583515,153.79112710699647,89.05345814006462,0.02930094674229622,155.82052847284734,0.032047465443611145
Gaia,DR3,2251523664468000512,299.67491611540817,70.36720946435429,6.091958999633789,1.0540556907653809,2.8859396371592467,14.761839843167287,46.67570764719716,-14.108666068579394,-10.865323066711426,0.1213509738445282,6.789824984380396,nan,,,0.818219006061554,,Gaia_DR3,39.321270297806535,61.76023870790827,41.0087704872536,0.021960677579045296,57.989816371726,0.021682923659682274
Gaia,DR3,2273849046208727680,321.2127107289939,73.1662322134547,13.536571502685547,1.904245376586914,4.721682840838614,20.366887824232574,43.686564137334976,-8.15045475864926,-9.366490364074707,1.574844241142273,7.982672555166711,nan,,,1.184740662574768,,Gaia_DR3,71.03855746253241,52.3356087657925,68.23682912827441,0.01445370726287365,44.90017274666969,0.013981533236801624
Gaia,DR3,2267838462817083904,283.3773020156125,74.39300321319878,17.177387237548828,2.9530811309814453,4.299136405697176,9.963779813073662,35.802741711929144,-12.62901887693943,,,7.005911800219824,nan,,,1.040582299232483,,None,20.132810094056204,73.40433005880301,23.42155974698437,0.08787935227155685,67.97295420912874,0.07925615459680557
Gaia,DR3,2270577891746158592,320.30212454188177,69.49297628905565,19.328495025634766,1.2670345306396484,4.043150000468919,21.633778017165717,52.00544113334128,-10.358291772352835,,,13.10704960156898,nan,,,0.9806086421012878,,None,115.21531434866682,86.03719450739788,104.6681933662667,0.2339046746492386,89.72003361616161,0.21873512864112854
Gaia,DR3,2271899990050175232,313.5766964774172,71.1475558718186,10.642717361450195,0.860626220703125,4.685592738455415,18.886165536504294,47.2340009096117,-10.959527999155515,-30.96657943725586,0.40463587641716003,7.261905594882425,nan,,,0.8199360370635986,,Gaia_DR3,57.51552868994506,54.85460147156273,64.48218698297062,0.011107396334409714,53.146113390624215,0.011456646025180817
Gaia,DR3,2296972291136570752,314.70351202531526,79.50188330556917,14.542159080505371,2.56125545501709,1.4014442043776387,17.869994922016293,35.27366867144845,-5.504635510323786,10.448206901550293,7.494518756866455,9.377774649844607,nan,,,4.419249534606934,,Gaia_DR3,75.71528942229979,71.78546404379586,75.95897726740148,0.10023120790719986,69.02564592107758,0.09603055566549301
Gaia,DR3,2289998398118759168,293.96193985262505,77.57365637795479,15.700660705566406,2.7014474868774414,4.214221875930781,13.468781022954117,30.942995996066344,-9.127705047188407,-21.723852157592773,6.815589904785156,7.865544273925467,nan,,,1.042989730834961,,Gaia_DR3,37.83385046214652,77.97956629755359,41.89482461284308,0.032518934458494186,83.66614413437448,0.03443005681037903
Gaia,DR3,2289437887708022912,291.78281426479117,76.20163083955087,14.044086456298828,1.8801383972167969,4.270068760091037,12.562672651233141,50.925844866363896,-10.44893038223045,-1.3413417339324951,1.8877031803131104,6.397192241861717,nan,,,1.1580899953842163,,Gaia_DR3,28.292874984430952,64.20000327027373,33.83584827177154,0.018565475940704346,65.76100210025281,0.01661491207778454
Gaia,DR3,2270947641183034496,312.0218759170356,68.22556680962032,13.651711463928223,1.9462461471557617,1.483558250499559,19.595393144453798,42.39931766486721,-13.143442617561751,-25.358551025390625,1.7663178443908691,7.944075496104516,nan,,,0.9680908918380737,,Gaia_DR3,61.19337646198707,60.557235453762765,63.44788522633857,0.013614758849143982,61.601236530996566,0.01356976106762886
Gaia,DR3,2282962760652985856,358.1401006662055,79.82819297571727,15.771881103515625,2.6148557662963867,4.159639413029804,25.148079111589666,55.361126248783336,1.1235954696611503,,,7.688037463034026,nan,,,1.7606419324874878,,None,85.977051336403,0.8566937837649355,79.7403697278829,0.05920422822237015,-1.7031634471675274,0.06224924698472023
Gaia,DR3,2299227080248356608,332.94072006645496,82.60817450775917,14.507436752319336,2.829787254333496,2.7072592256123693,20.63739826409028,67.47184705050186,-1.7521041637514037,-45.43553161621094,2.1584908962249756,18.770484832931594,nan,,,1.2269773483276367,,Gaia_DR3,189.39530107195296,90.38570861076042,194.4443932889016,0.021599072962999344,99.83385088995048,0.01906058005988598
Gaia,DR3,2291441331035261952,298.3222925776906,78.32175204484034,19.336605072021484,3.197336196899414,4.906442562575566,14.570589639014608,69.5045485952303,-8.134361581346724,,,5.740161347015489,nan,,,1.0491931438446045,,None,31.93683959128122,54.827801819691146,29.408743156204324,0.28014248609542847,60.199872657544084,0.28530871868133545
Gaia,DR3,2293506420031961344,280.0637686947498,77.61859755918934,18.967260360717773,3.103818893432617,2.8199203276891573,10.915525496082179,53.55737880142482,-9.964769104702157,,,6.190148788646349,nan,,,1.0273782014846802,,None,13.891862639723364,66.57736253188286,13.36918023087436,0.28058815002441406,70.21989518817145,0.29424595832824707
Gaia,DR3,2274847540205610496,307.71474515064966,71.79322501441231,17.8922119140625,3.3177223205566406,4.508377991495738,16.91586524259456,37.78717934757597,-11.692266137048506,,,7.846607871484094,nan,,,0.9947370886802673,,None,55.49407166667979,65.19358251457895,48.61157398489355,0.11803993582725525,62.322064955132824,0.12377894669771194
Gaia,DR3,2285863306684137984,336.04459096326485,79.1746098547318,14.870227813720703,,4.820458708388406,21.806375803281643,42.9135803246259,-2.623358170898314,-9.053210258483887,5.051283359527588,9.87846300191356,nan,,,2.520442008972168,,Gaia_DR3,102.10770696436921,41.8942122345354,108.65440678322821,0.1298878937959671,34.28419841339544,0.16005262732505798
Gaia,DR3,2291829531656081024,303.70181905080324,79.10215992629344,15.455439567565918,2.4708356857299805,3.488025662299454,15.794226655008991,54.08830749238804,-7.01111262502036,0.48946723341941833,3.8327741622924805,6.472077398709138,nan,,,1.0478390455245972,,Gaia_DR3,41.73688858752512,58.37769499107871,42.40958045996095,0.03370275720953941,53.66648920187462,0.03572649136185646
Gaia,DR3,2292628704810310784,283.69912982776236,76.49683694505609,14.26330852508545,2.38693904876709,3.5391014744156233,10.931356017697976,34.60827704705061,-10.779102375959335,-10.872007369995117,2.311386823654175,11.674376830841624,nan,,,1.156013011932373,,Gaia_DR3,34.25671576709473,123.19223820915882,42.96603225976159,0.021925680339336395,123.30115520212033,0.024444513022899628
Gaia,DR3,2304802703711475072,293.0471668186883,86.39549572917348,16.852760314941406,3.371326446533203,2.1175659699962974,18.375690089543934,54.10620450406051,-1.8345941694390122,,,14.586577289673732,nan,,,1.0256843566894531,,None,67.80241796974377,148.30818226141923,73.92554901449172,0.05404158681631088,150.52336116872564,0.05586673691868782
Gaia,DR3,2304802738071215104,293.3764868794102,86.39406665746917,13.762479782104492,2.3968048095703125,2.579036438251969,18.38877222435907,53.65965632647289,-1.8277807108782094,-27.640769958496094,1.228710651397705,14.456563419343707,nan,,,1.1845847368240356,,Gaia_DR3,68.04214943114991,146.598241112165,74.9991671425799,0.01420544646680355,150.25570351096144,0.014718146994709969
Gaia,DR3,2300042917875540992,343.60848147600336,84.34628223826569,4.19274377822876,1.5943264961242676,2.185975248302819,21.5761024360618,42.87475114372008,-0.14772083477197206,2.572007179260254,0.1312049776315689,8.741768513793263,nan,,,1.7067805528640747,,Gaia_DR3,94.48495226026711,25.19933611003678,98.34559417611109,0.0982794538140297,24.048816910289048,0.12285900115966797
Gaia,DR3,1331164502816720896,247.09755213734928,37.4249952078173,9.843195915222168,0.7584381103515625,3.8481292203744175,31.84999948797678,64.57383362968898,-38.47283682386791,-15.283808708190918,0.17453430593013763,8.336695921836384,nan,,,1.0488436222076416,,Gaia_DR3,-34.003390907267345,54.431780012543406,-27.261755994080275,0.011439857073128223,53.895509536232765,0.015246079303324223
Gaia,DR3,1290827033263094144,227.61206757169137,35.19928381896777,10.350324630737305,0.9504880905151367,4.909608623056767,37.29831337948766,69.52058016064015,-32.06526021409977,-22.747419357299805,0.2817176878452301,10.690836242931704,nan,,,1.3170586824417114,,Gaia_DR3,-78.24232137220311,54.32055871473548,-89.02132583316629,0.011740528978407383,56.819840316029044,0.014688180759549141
Gaia,DR3,2304103139438646144,308.381905215407,86.28568930093591,16.64192008972168,2.7008676528930664,4.629455005403005,19.071771970691156,54.84395618289319,-1.4382477026826601,,,6.737606688087778,nan,,,1.0080280303955078,,None,48.32722360667264,57.79932128423832,48.97786736704536,0.049854956567287445,64.34252191250913,0.04800327494740486
Gaia,DR3,2303417452204008576,276.024057349078,85.7768139048268,20.374027252197266,2.430255889892578,1.3538797840086003,17.227915625609967,61.86676022928554,-2.6744062333473044,,,6.202273886471186,nan,,,1.12431001663208,,None,9.097434087067672,68.692348777185,7.346877575578055,0.6806332468986511,68.42936556893817,0.7931008338928223
Gaia,DR3,1328543541974569088,250.41845026398073,38.39383096060592,11.84812068939209,1.7397480010986328,4.755624438783218,30.636281965580466,58.624774327163216,-38.75688011230512,-34.077972412109375,0.9795311689376831,10.650614528133415,nan,,,2.6535515785217285,,Gaia_DR3,-36.94378281662952,72.43860415018905,-29.79776492157271,0.030093815177679062,64.50478376511103,0.034553319215774536
Gaia,DR3,1337901760316951424,255.80015289478658,34.298279560087735,19.31735610961914,3.655017852783203,4.589748800768607,34.54814011658743,65.20842348268098,-42.05112155492444,,,10.067698424599683,nan,,,1.1438976526260376,,None,-24.7286820953411,64.00025395589104,-15.897258447298633,0.23789264261722565,59.88977420958358,0.29583942890167236
Gaia,DR3,1342862280041436672,266.32807829244365,38.72726799835762,17.014474868774414,3.039677619934082,3.7944806619005202,30.573087491653105,58.32898817593533,-40.57889766522763,,,10.224235329382571,nan,,,1.0445551872253418,,None,-4.308569771204194,73.50096771071568,2.0971317036342776,0.05337214842438698,68.4161759836575,0.06445538252592087
Gaia,DR3,1348944262969734400,265.49794306593964,42.96347045211212,11.874588966369629,1.6983604431152344,4.1480933210331745,26.29190976995389,60.934296064654795,-37.9254468287221,-39.16102981567383,0.37146082520484924,14.464581422856845,nan,,,1.5511716604232788,,Gaia_DR3,-8.436824876488583,112.7747891038666,2.4822081004098377,0.017512911930680275,106.39010532956519,0.018489422276616096
Gaia,DR3,1313062285112525952,253.97112389407022,31.825515908558025,13.411184310913086,2.1959924697875977,3.5881429339155457,37.04903333664675,69.47714888815591,-42.97397782035511,-32.92220687866211,1.498383641242981,11.88553367726707,nan,,,1.0747510194778442,,Gaia_DR3,-33.31772032566043,70.41082690678085,-39.80207727879029,0.010778610594570637,64.18341385072009,0.012064257636666298
Gaia,DR3,1346582340194308992,261.47558645033115,38.89576834626073,13.44745922088623,2.1348772048950195,2.1413073021668243,30.06292092150021,57.54740662209429,-40.19919902518707,-38.51362228393555,2.274864673614502,10.445910135085905,nan,,,1.0062512159347534,,Gaia_DR3,-14.261174704944438,74.86067124416796,-11.427498823595105,0.011361022479832172,71.09170868768497,0.012833190150558949
Gaia,DR3,1353750503172356992,255.2116846371774,40.84242410992132,9.875581741333008,0.7482099533081055,4.67179827668188,28.01099330367874,57.10571640369892,-38.250137565402596,-32.99567413330078,0.28244051337242126,8.316962303791703,nan,,,1.0959442853927612,,Gaia_DR3,-21.359335516988086,60.79427807805259,-17.08608126387498,0.014946624636650085,67.7823226603708,0.016294604167342186
Gaia,DR3,1329587635640646144,246.41714480859451,36.25607248318696,15.094956398010254,2.3993759155273438,2.9618780950785193,33.07387136213829,69.25978559819701,-38.90828481800867,-30.32445526123047,4.9780426025390625,7.950846866628806,nan,,,1.0229783058166504,,Gaia_DR3,-33.410491091597144,50.35412457498494,-35.39409197364365,0.0202846210449934,45.80317138811036,0.02658686228096485
Gaia,DR3,1332609226737083520,247.46279205954423,39.52540218365391,18.364212036132812,3.384624481201172,2.0981661523412147,29.73067178276793,58.17795672081889,-37.40689287257312,,,8.939431954533555,nan,,,1.0048772096633911,,None,-35.867672590071486,61.133703875839295,-32.20691438245576,0.12084024399518967,59.63928584876878,0.17207270860671997
Gaia,DR3,2294771270722595328,295.23631096330615,79.71666986827593,16.348541259765625,2.64096736907959,3.072219343674649,14.542795332539283,38.00985347413931,-7.2712632514243625,,,7.363574548441449,nan,,,1.0249212980270386,,None,37.063994013507624,72.6889618484617,40.56084212698911,0.04153185710310936,75.93178882131988,0.045969583094120026
Gaia,DR3,2300096450348115712,348.97340774650917,84.53378353485637,9.06866455078125,0.7337751388549805,2.062661059905201,22.036383100427532,44.21210686897056,0.3590277552963217,,,10.406599241131998,nan,,,1.0164847373962402,,None,114.7806237234071,19.40016885474778,111.19757035884805,0.012457488104701042,22.163905873372077,0.012876148335635662
Gaia,DR3,1356545874046746624,251.43158750297428,42.214304753210136,13.72514820098877,2.560901641845703,2.1763533218128996,26.768822419255724,69.34288725226912,-36.731978377081745,-31.883207321166992,1.364931583404541,17.825570283820305,nan,,,1.1976622343063354,,Gaia_DR3,-58.47086145431307,131.39381614798342,-60.273000951993836,0.01405518501996994,123.41652181229335,0.017659945413470268
Gaia,DR3,2305382215058652416,305.94121253011633,88.01294510118933,15.05996322631836,2.554964065551758,4.2529482696768826,19.91588861540346,39.058940085805084,-0.26075837064100504,-17.72096824645996,4.775189399719238,9.267065727751628,nan,,,1.0495136976242065,,Gaia_DR3,63.024011084402886,82.30406546029751,66.17276291193325,0.02272307127714157,74.61531647865286,0.021807735785841942
Gaia,DR3,1336464084439955712,260.02351019456955,34.566496421120455,16.314208984375,2.999485969543457,3.4196405859380237,34.33002975907643,66.59044244678758,-42.500063194086835,,,12.691594940179186,nan,,,1.0195434093475342,,None,-20.891368461478407,82.29568230037528,-13.680312584817138,0.039296723902225494,87.92688150794278,0.04511967673897743
Gaia,DR3,1337697736486559360,255.62329946553075,33.83528928678227,16.397432327270508,2.9846906661987305,2.7253155749701987,35.012580445780486,66.56449125639648,-42.26320079062278,,,9.611146246253591,nan,,,1.602278709411621,,None,-23.930839522161676,60.366179066674675,-23.19735578550032,0.06698477268218994,54.893278125828566,0.06891163438558578
Gaia,DR3,1352900855561847808,253.15106046905498,39.89076261166148,16.00408935546875,2.7696170806884766,2.9346467336418147,29.012642705883657,56.1319556750374,-38.45890665604052,,,10.793276979221028,nan,,,4.221256732940674,,None,-31.92521858914109,76.75006994374954,-38.42859014682892,0.14371377229690552,78.2641391623066,0.16418004035949707
Gaia,DR3,1291001718172446976,230.0737455078929,35.421359144560235,10.186531066894531,0.9264326095581055,4.281569111183795,36.52251655577407,68.68852123308962,-33.15584681072136,-36.5960807800293,0.18370801210403442,10.002026638990742,nan,,,0.8395434021949768,,Gaia_DR3,-69.50086644538972,52.85955740134773,-70.7221191678923,0.008892909623682499,43.91473521287415,0.012379441410303116
Gaia,DR3,1343692308240849280,262.5774809135189,39.140497320218415,13.654855728149414,2.181342124938965,3.2079707463229337,29.877015488376884,57.28292401705722,-40.14270711627919,-38.02632522583008,1.425489068031311,10.517196995744161,nan,,,1.3584483861923218,,Gaia_DR3,-12.110900829167617,75.91246974700027,-5.029605239386232,0.015162050724029541,75.24705420050658,0.015153675340116024
Gaia,DR3,1345761069431315712,265.19274432159665,41.58479128145234,12.185132026672363,1.2811870574951172,4.721264287918658,27.633228242500603,66.48220407708493,-38.792144591107814,-36.36302185058594,0.6043316721916199,7.068213380688128,nan,,,1.0322247743606567,,Gaia_DR3,-4.543137523970579,53.716314748437114,-2.6270198884112266,0.010098976083099842,46.94736966621018,0.011078150011599064
Gaia,DR3,1331497556057754112,248.99026844652312,38.38541717152431,13.658707618713379,1.950826644897461,1.865993499100699,30.740017311484372,69.53801051309152,-38.42809567553885,-53.05400466918945,10.405198097229004,7.354266685026711,nan,,,1.036003589630127,,Gaia_DR3,-27.45061214105426,49.60026137312148,-27.134764487447345,0.02239273488521576,52.475917020064,0.0284531582146883
Gaia,DR3,1331294352563748224,247.5693621132366,37.92218181611404,18.43170928955078,3.6769638061523438,2.1862624030476385,31.314358089765246,59.789227322046884,-38.32708721455617,,,9.728944978350746,nan,,,1.0574743747711182,,None,-38.84646695780763,64.4035031694391,-35.31261968718475,0.15684565901756287,67.16350310889948,0.1715133935213089
Gaia,DR3,1348667323478325760,262.43680708826,43.86033730871957,14.810930252075195,2.761582374572754,2.7702968555403387,25.163974482346845,58.16332359453114,-37.181352507040145,-33.54972457885742,3.75286602973938,13.876209770590973,nan,,,29.471960067749023,,Gaia_DR3,-16.357851777609348,109.45919819925393,-24.102722829739154,0.5845547914505005,107.074145957611,0.6545449495315552
Gaia,DR3,1350240999495364480,264.10847191365644,44.37940711335667,16.212764739990234,2.736985206604004,4.17285996438579,24.766334533884038,65.69821631519062,-36.94153891509537,,,6.714205587727713,nan,,,1.0754961967468262,,None,-5.733362352168587,53.57759722417332,-0.06336713807636185,0.04024862125515938,55.23174866926556,0.03952239826321602
Gaia,DR3,1338093148356306816,255.57288106637085,35.126488243121706,15.044054985046387,2.5767717361450195,4.579774716926684,33.72194117304512,64.14695787875416,-41.573033473542964,-29.110687255859375,4.260438919067383,9.681822597732559,nan,,,1.1013716459274292,,Gaia_DR3,-24.19969538002585,62.727471490282056,-16.159393904220934,0.02165580727159977,67.49487431079977,0.0289476178586483
Gaia,DR3,1374656960858803072,234.5586255029276,36.24735880998665,7.963037490844727,0.5694293975830078,3.541294674885809,34.79754485639987,67.30876866329497,-34.765955711239414,,,9.096969257287348,nan,,,1.0656388998031616,,None,-56.785038186395774,51.76695836829795,-59.73084138774923,0.020391395315527916,45.647856998866,0.02568092942237854
Gaia,DR3,1374656960860690560,234.55349166834944,36.24705769140664,7.736863136291504,0.6034970283508301,3.5620294362372866,34.798821062182896,67.31818667491444,-34.763959040285286,,,9.094486314749462,nan,,,0.9267403483390808,,None,-56.77710047764222,51.749470679923554,-57.739691351125856,0.015725020319223404,44.988495873420746,0.02250755950808525
Gaia,DR3,1341348424328261120,256.6735115058969,39.07120149283136,15.79764175415039,2.86099910736084,1.9137013649819354,29.772126804583184,57.17421102783998,-39.530973849782704,,,10.60274117096889,nan,,,1.1041069030761719,,None,-24.276613798541305,75.23539903982838,-22.62191119576204,0.030662372708320618,79.17981632009027,0.04049970954656601
Gaia,DR3,1343086752211758208,265.85591587271443,39.21921978453318,14.328383445739746,2.1457767486572266,3.4683127737617814,30.041361789076497,62.139947615678125,-40.27065183396476,-60.87443923950195,3.735623598098755,8.126402498919768,nan,,,1.077251672744751,,Gaia_DR3,-4.172802179041483,58.99518967271426,-7.776815583173616,0.015004508197307587,54.27137483744897,0.019148699939250946
Gaia,DR3,1342845271971114624,266.9128814678464,38.97158120674876,16.741580963134766,2.9165306091308594,1.1045270398953164,30.38690842001057,59.489300860633804,-40.44692149755287,,,8.917711630608423,nan,,,1.0586310625076294,,None,-2.7406112109590186,64.45428331835332,-1.6147521788355967,0.04701114445924759,66.19901202083138,0.04931079223752022
Gaia,DR3,1344329165991751936,267.07868838238295,38.817458350404515,14.747981071472168,2.218719482421875,4.6055594970601454,30.55629797470809,63.73484323681987,-40.54205161500899,-48.354820251464844,4.097573280334473,8.031531322475008,nan,,,1.6261752843856812,,Gaia_DR3,-2.2084282700666638,57.86896124477725,5.396400924518712,0.03360717371106148,56.14493990056816,0.03740113973617554
Gaia,DR3,1340783687668175744,259.75720250334246,39.11562627867298,14.558828353881836,2.559260368347168,2.069908501287755,29.776060962243694,65.33859305422703,-39.899607207434734,,,14.818523683826342,nan,,,1.1239558458328247,,None,-25.154072197426068,106.24903773523623,-29.794372870106823,0.01728929579257965,101.74581472801356,0.022324249148368835
Gaia,DR3,1344374963226125696,267.6425300607732,39.52588470092781,8.288445472717285,0.6654176712036133,2.8710442134032577,29.912600943003643,61.264149296628474,-40.12455889570988,-28.968013763427734,0.150815948843956,12.920913183952338,nan,,,0.9586994051933289,,Gaia_DR3,-2.131130779676422,94.47499953688012,-1.1811566189520026,0.016972491517663002,86.71259538269146,0.019486388191580772
Gaia,DR3,1346324470358161920,267.82189883507135,43.24929756406614,17.156091690063477,3.3574180603027344,3.4684616218234767,26.250136496401996,59.58616642027865,-37.79054706244955,,,13.975094870397482,nan,,,0.971285879611969,,None,-1.8157704690305856,109.65336628720961,1.6814120470909097,0.06343692541122437,100.05204109512644,0.06683487445116043
Gaia,DR3,1377255106836395392,235.56141741802844,39.31637450116942,15.14450454711914,2.3047361373901367,4.676378360719305,31.628009394734857,69.21018397012561,-33.667277065523955,-24.594175338745117,3.904542922973633,7.5813282136848,nan,,,1.4435698986053467,,Gaia_DR3,-46.085681142965825,46.574937205605416,-47.55961827266735,0.031524043530225754,53.90203927273482,0.04234785586595535
Gaia,DR3,1374656960858806144,234.55395582014762,36.247130203182245,10.063604354858398,0.8262853622436523,2.8047741224873453,34.798661681796844,67.27398362459547,-34.7641182514166,,,9.11007287077207,nan,,,1.5039043426513672,,None,-56.87372295561861,51.83851831232372,-54.13989096607323,0.023786494508385658,47.197275905781396,0.0485990084707737
Gaia,DR3,1378599873981320448,241.3781777340838,37.74143767007713,17.604835510253906,0.22231674194335938,0.7452523709932494,32.1984717743782,61.321018631777115,-36.58324855790451,,,9.780213226908954,nan,,,0.9495008587837219,,None,-49.8418026214037,61.55050822265673,-48.31044646050739,0.06869145482778549,61.67657961037593,0.08670571446418762
Gaia,DR3,1339797666256681984,256.2450536946949,38.30993390390425,14.791044235229492,2.3640384674072266,4.946016315360162,30.534075306572745,64.9116077684105,-39.90957548678838,-25.153915405273438,3.9522552490234375,7.849505865587631,nan,,,1.0052156448364258,,Gaia_DR3,-18.614693960188934,54.73946755336396,-26.37826460217645,0.018995171412825584,52.148697138012736,0.02154962345957756
Gaia,DR3,1339377996411955584,255.99391485235313,36.80133798240598,15.457571029663086,2.8634252548217773,2.7151774088998377,32.0438567403907,64.0489998888384,-40.72621028645814,-18.901086807250977,4.568442344665527,12.95953774725291,nan,,,1.0829516649246216,,Gaia_DR3,-31.353390527585937,87.3896474047917,-31.144418840799222,0.025882525369524956,94.80457011366137,0.027683909982442856
Gaia,DR3,1343112556375857280,265.93312472870207,39.388429152288616,14.413713455200195,1.8066883087158203,4.85367286034799,29.880260076279907,69.98962565737767,-40.17133973821753,0.7813732624053955,4.6742262840271,7.149961275115198,nan,,,51.62974166870117,,Gaia_DR3,-3.5637711535120467,52.08877217605627,3.690130249471886,0.6575774550437927,53.038903701727776,0.6591629385948181
Gaia,DR3,1346507225510070272,268.60055391889836,43.90709092421415,19.7409610748291,3.0663490295410156,3.4166169613129127,25.694822635331484,49.83666503780645,-37.36354239354056,,,10.015198700212528,nan,,,1.0929243564605713,,None,0.22085434355972566,79.49917872376504,-3.9142209468060347,0.35977423191070557,85.40984759802237,0.4157029688358307
Gaia,DR3,1347947620102915584,260.6949232864906,42.11962510331579,11.967093467712402,1.475576400756836,2.3108329554543974,26.80967931293312,51.717468889473714,-38.15602775075955,-32.728328704833984,0.4281037449836731,9.806078823070585,nan,,,1.009279489517212,,Gaia_DR3,-14.869396540266216,74.71143006960676,-19.411047807226446,0.0090477354824543,76.19235299642162,0.01047801598906517
Gaia,DR3,2297111894753618176,318.5804320235169,80.2956262989749,13.396071434020996,1.591536521911621,4.8037287030428635,18.58471659201842,69.67015248116353,-4.551046654600466,-6.915044784545898,1.2573481798171997,5.952366699795204,nan,,,1.0450071096420288,,Gaia_DR3,51.06323275860895,42.349032253097036,55.3903418280604,0.012332133948802948,38.15253318053453,0.01165850181132555
Gaia,DR3,2299007968194591744,316.1703593623301,83.53970314610888,19.042564392089844,2.938863754272461,4.996709434858216,18.691762763334214,64.11792580479562,-2.8241934350252897,,,6.205079288474422,nan,,,1.195168375968933,,None,51.311978210731354,46.59845832688057,49.523432883241284,0.28537285327911377,52.88515108165554,0.28619781136512756
Gaia,DR3,1290827033262662528,227.61349513930415,35.19942963997602,15.885905265808105,2.2321910858154297,4.098972979410793,37.29783681992459,69.50481773826787,-32.065905264838236,,,10.74857962514152,nan,,,0.9239805340766907,,None,-78.66265941177036,54.6152699180203,-87.66153266573794,0.0400085523724556,56.91425474349592,0.05407218635082245
Gaia,DR3,1326071260015742464,247.17653970887523,34.13410112196077,10.83010482788086,1.1551284790039062,4.4130144964098506,35.11475324547289,66.2981413584911,-40.20819304449324,-40.07316589355469,0.20188969373703003,11.485422279858291,nan,,,1.1561174392700195,,Gaia_DR3,-46.68137068794558,69.5519245980116,-45.792735100745716,0.011028503999114037,80.1998859215393,0.014641928486526012
Gaia,DR3,1338299409864926976,258.0660531008125,35.370741198861175,16.71678352355957,3.2528772354125977,4.404367976408813,33.48227392628997,63.44942419165991,-41.82213166080513,,,9.943156483299045,nan,,,1.16274094581604,,None,-20.114559338913466,65.35819887454815,-23.122774705568368,0.05597951263189316,56.629980717215346,0.06552043557167053
Gaia,DR3,1341353475209729024,256.46642941415155,39.02440146788387,15.342253684997559,2.5388050079345703,3.9989509095432987,29.819034215153582,57.65538481409347,-39.527696705344276,-11.232852935791016,12.951000213623047,9.256340525113899,nan,,,1.0477886199951172,,Gaia_DR3,-21.559897073378707,65.5698309470859,-21.7273282168508,0.025754282251000404,57.76835613694221,0.028753651306033134
Gaia,DR3,1343692308240849152,262.57643498538727,39.140588986985755,13.413897514343262,2.084174156188965,4.349130802800332,29.87686310963369,57.27516064831278,-40.14257507856542,-36.62471008300781,1.5370228290557861,10.506119499747797,nan,,,1.1651489734649658,,Gaia_DR3,-12.100278171270393,75.83251599210259,-2.8415323859160675,0.012726974673569202,73.17555492424219,0.012715699151158333
Gaia,DR3,1355084794892162304,256.9790657218945,42.78790772514308,17.71455192565918,3.246288299560547,1.8397778387541144,26.056076249193126,57.20658110772022,-37.30926633719237,,,7.684252445278885,nan,,,0.9669771790504456,,None,-17.14545084077645,58.62832954082354,-14.209070419888452,0.10072167217731476,59.138025449102955,0.0973389595746994
Gaia,DR3,1372880390587985024,236.81560752458398,36.07082001738449,12.810066223144531,1.9224653244018555,3.5783805351412785,34.556458903106154,66.39906856666023,-35.763257145549176,-34.19989013671875,1.0977061986923218,9.276127764039751,nan,,,19.722496032714844,,Gaia_DR3,-54.468678360410095,53.879916572215066,-55.74042233478123,0.18073216080665588,46.9989250284618,0.24798168241977692
Gaia,DR3,2302281867145206912,294.8545724503129,84.23902987152006,19.36726188659668,3.542440414428711,2.9641651403260734,16.99217408605894,57.54962629482284,-3.5747633793469227,,,15.905960116670608,nan,,,1.0805763006210327,,None,79.00133691040898,158.9765453858159,88.4137054174103,0.3406216502189636,162.16966297028122,0.31507864594459534
Gaia,DR3,2304461953889820928,322.82729837918583,86.86870376671311,9.215445518493652,1.0376005172729492,1.572718666585192,20.089209151235195,53.83771468311563,-0.49080680665873544,-10.337942123413086,0.3402132987976074,14.088370648737381,nan,,,3.3033859729766846,,Gaia_DR3,128.01259754676263,91.9094193999818,132.19121338534586,0.04141254350543022,93.99669815771145,0.03932613506913185
Gaia,DR3,2300096415988376064,348.8750096420391,84.532141104399,14.473960876464844,2.308046340942383,2.463654311501628,22.027822908889497,44.18609945908451,0.35021947049422586,-17.26714324951172,2.3622539043426514,10.400939456900081,nan,,,1.046076774597168,,Gaia_DR3,114.68501054277894,19.5857292822601,110.44668042368228,0.01748611405491829,22.934862383331893,0.01680094748735428
Gaia,DR3,2299954750786269568,340.1243688906423,83.78478623935779,14.743246078491211,2.3884525299072266,4.688060010822772,21.324227558842406,42.294832081047836,-0.6160116175091739,0.8273933529853821,2.7420668601989746,8.779537792807156,nan,,,1.0720418691635132,,Gaia_DR3,93.18560646665281,30.990919219677313,84.5721306983393,0.021714501082897186,32.03671678489791,0.02088811621069908
Gaia,DR3,2301321271941481728,358.79936005808884,86.81372333556698,15.92112922668457,2.75115966796875,3.330279669394647,22.039730935606293,43.22786603560179,1.2134038758055974,,,9.792082996738309,nan,,,1.0257271528244019,,None,109.50745801316098,-0.4573009360395588,105.09857253621325,0.03606733679771423,-5.73193660659559,0.03848991170525551
Gaia,DR3,1337901764613834240,255.79520023241398,34.29247092544162,11.917937278747559,1.386087417602539,4.6298392530081305,34.553985998281185,65.31576123417031,-42.053344739762494,-21.588197708129883,0.6576903462409973,9.951505890173777,nan,,,1.0515234470367432,,Gaia_DR3,-24.452670481833337,63.251478785569404,-15.643247085208346,0.010683183558285236,59.160851767091096,0.014958822168409824
Gaia,DR3,1352133465165117056,254.91021248097013,39.69958352396893,10.686192512512207,1.20147705078125,3.8914820149542018,29.158319799130084,56.52520712719021,-38.88381376005299,-35.438777923583984,0.3222596049308777,9.196568416121153,nan,,,15.66947078704834,,Gaia_DR3,-24.144677699126817,65.65024054055107,-18.246749668036372,0.17126516997814178,70.35495789125397,0.20988698303699493
Gaia,DR3,1347993455992955904,259.68183452326434,41.3445791647306,17.139965057373047,-0.07004928588867188,3.8414460369351926,27.54661275100054,64.94415511427535,-38.53950273937734,,,7.186099059865832,nan,,,0.9933151006698608,,None,-12.30270143749967,53.827198159956104,-11.534953547150028,0.05771207809448242,59.595745721035854,0.06423428654670715
Gaia,DR3,1374656960861310336,234.55881406672765,36.24776582681703,8.922001838684082,0.6586456298828125,4.283301248697805,34.79711336469423,67.33624671612185,-34.765842616842704,,,9.087025113290208,nan,,,1.2322007417678833,,None,-56.72268741551263,51.71095429589704,-58.281100643281725,0.038610246032476425,43.6550604434318,0.03950986638665199
Gaia,DR3,1332512366633847680,247.70219883746938,38.99407820943493,18.389863967895508,3.4655838012695312,4.473020903116187,30.237527614387282,65.48058691353074,-37.76734051474378,,,7.6957885242499655,nan,,,0.9808900952339172,,None,-30.541857926520088,52.14419770264718,-25.71166675958465,0.12381893396377563,57.55995709341403,0.1437416672706604
Gaia,DR3,1355610327091081344,250.32416080174502,39.13594568102308,16.11141014099121,2.958955764770508,4.1754654740669865,29.902159292517183,58.76367753211658,-38.31499417898407,,,11.658871182435353,nan,,,0.9427148699760437,,None,-40.64505695542123,80.48193486398768,-40.38082246847827,0.04295138642191887,70.222848021881,0.05429250746965408
Gaia,DR3,1372886609700670720,236.90883279302443,36.12713737128005,14.636106491088867,2.232588768005371,3.288088154406096,34.485243402097076,67.89240232025547,-35.77270912263221,-23.022920608520508,2.522291660308838,8.742972143952898,nan,,,1.081356167793274,,Gaia_DR3,-51.20256628825608,50.897100890947755,-45.254503432332136,0.014283484779298306,52.05802253773698,0.01939251460134983
Gaia,DR3,1377255072476655744,235.55662115762738,39.30018998286083,9.912323951721191,0.7225790023803711,4.529694197378205,31.644608959234553,69.39414372363207,-33.673635230215545,-21.48727798461914,0.28274938464164734,7.563927635009875,nan,,,0.9083518385887146,,Gaia_DR3,-45.98584934855255,46.45042464776216,-47.49876298461639,0.010612763464450836,53.51303074750351,0.014627652242779732
Gaia,DR3,1326538861695089280,250.46862821004908,34.07309362630427,17.515039443969727,3.3785781860351562,1.2412963625673072,34.94293549721474,66.55485960011609,-41.08771461535787,,,12.018997950323147,nan,,,0.9668535590171814,,None,-41.57836783257182,74.13037200915632,-41.56532110842562,0.0774124413728714,77.27544924757484,0.09722937643527985
Gaia,DR3,1327043984207568896,252.47264100867488,35.5369799115684,9.332186698913574,0.8104028701782227,2.367154698769709,33.38660128670083,65.2499707032265,-40.76892638311897,-33.560176849365234,0.2321081906557083,8.899752349601162,nan,,,3.3171045780181885,,Gaia_DR3,-27.45905797512714,57.43643342502503,-31.532421586858813,0.03687566891312599,59.206055197605295,0.04236927628517151
Gaia,DR3,1332229208029677696,245.35726341166563,38.237196817494706,17.608243942260742,3.328857421875,3.3873782149344622,31.21532488876935,59.97700037158737,-37.55113362406196,,,11.11827251769792,nan,,,0.9302919507026672,,None,-48.84386618229095,72.97954868862436,-53.07419141899028,0.08456187695264816,66.26093537450457,0.11602290719747543
Gaia,DR3,1338458632894221184,257.1377309137586,35.564366865438124,14.358116149902344,2.540919303894043,4.660087672194832,33.28018738198742,64.01084427578729,-41.58463680843243,-4.210109710693359,2.180480480194092,11.892346955651213,nan,,,1.1273754835128784,,Gaia_DR3,-26.173744644530615,78.28801842185396,-31.425916888791416,0.015911255031824112,88.72383604840763,0.018382450565695763
Gaia,DR3,1340726238185606272,259.59687893257745,38.811716643958505,5.709153175354004,1.1362457275390625,2.250481407459226,30.074939012922016,57.46536767675315,-40.06162678840548,-40.43517303466797,0.13559365272521973,10.008866278301385,nan,,,1.691988468170166,,Gaia_DR3,-17.299312833085036,71.28580442999709,-12.562198073513144,0.03402317687869072,70.95793898045969,0.04709262400865555
Gaia,DR3,1355289991249012992,257.5809302691002,43.783729791035825,15.287652969360352,,2.8226502044625623,25.06451493224905,64.94458640740864,-36.753189896393394,,,6.804008207216538,nan,,,1.4089430570602417,,None,-14.397345690602464,52.94268443820873,-17.38614761761896,0.08179645240306854,50.21159424241175,0.0787973627448082
Gaia,DR3,1372880321868508032,236.8168152735968,36.06686113564109,15.929261207580566,2.83236026763916,4.368110394221818,34.560114210476996,67.51586124819852,-35.76563387285742,,,8.886759799185151,nan,,,1.0364508628845215,,None,-52.18055794283236,51.61430755567718,-57.397785831412975,0.025475608184933662,45.30979361774031,0.03423013538122177
Gaia,DR3,1346758708731435648,262.5311119484481,40.107443929789035,13.307106018066406,1.928375244140625,3.1631952400291765,28.91015124511007,55.55400106747547,-39.55617595460002,-77.66719818115234,1.5192456245422363,10.34137723887604,nan,,,1.0735691785812378,,Gaia_DR3,-12.001533345667948,76.10437581586783,-9.813234958963704,0.011250539682805538,82.64393416605652,0.012364417314529419
Gaia,DR3,1355835791397365504,250.88857520524917,40.4596771299372,14.255401611328125,2.393007278442383,4.585014751627465,28.54881187371023,55.041626811728506,-37.67080851028574,-55.35282897949219,4.827741622924805,9.443620253172936,nan,,,4.218890190124512,,Gaia_DR3,-31.932154311176074,67.14309950681532,-36.442892734917905,0.17147238552570343,75.07856907066079,0.20464853942394257
Gaia,DR3,1339527839230863360,256.3314783279636,37.57776759503681,17.108684539794922,3.2345809936523438,4.689057598924909,31.265955772155873,60.15370448317456,-40.34213940985086,,,11.205405816583376,nan,,,0.9746187925338745,,None,-26.388279969647655,76.95473999936463,-35.992118723545175,0.05793612822890282,71.43602505048146,0.06698502600193024
Gaia,DR3,1331132621276325120,247.22253326451843,36.91725755772119,16.483463287353516,2.7768402099609375,3.84419896152238,32.34343943917863,65.16353809002969,-38.77923069430838,,,8.413548000155064,nan,,,1.038873553276062,,None,-34.12566158146974,54.371147963441196,-27.82272731328449,0.04248441010713577,56.97158736576842,0.05279698967933655
Gaia,DR3,1355969725657921536,249.19868017465254,40.517478875133946,17.394458770751953,3.622481346130371,3.2011519669242534,28.602337375536752,57.62336480510165,-37.260729556856774,,,12.02787277772867,nan,,,4.114309787750244,,None,-44.43383714901089,84.79779700063652,-46.54187999874226,0.3362080752849579,92.63610531543145,0.39361265301704407
Gaia,DR3,1344261576089775744,264.05469912781365,40.91067977966748,17.715463638305664,3.1845531463623047,4.46545060432079,28.211630391328583,65.55550728818923,-39.159690066806746,,,7.2510149068428476,nan,,,1.0564924478530884,,None,-6.267632183748827,54.33255569757686,0.21593002654973947,0.10225684940814972,52.198226563054305,0.10850776731967926
Gaia,DR3,1353845198611394432,255.4580077666708,40.988653089734015,16.72543716430664,3.104898452758789,4.747800884763663,27.861563528206556,55.128422536500935,-38.2007244896312,,,11.309320434817819,nan,,,1.0658934116363525,,None,-28.514727291083936,82.98121752477769,-17.24138864567489,0.05518501251935959,81.96198862074709,0.06409446895122528
Gaia,DR3,1358445654045757440,256.6045942869698,44.19987374881425,19.17801284790039,4.027690887451172,3.3195186054734758,24.643443587259465,48.002859557157905,-36.35636279096778,,,10.006815662093524,nan,,,1.0916521549224854,,None,-23.043891874741295,78.16283333673744,-16.093004743559113,0.26513150334358215,77.31297961345365,0.2639067471027374
Gaia,DR3,1380298894323753728,241.75452186309505,41.092763629366836,15.842551231384277,2.666804313659668,3.629223648361587,28.851168610719647,68.39189791554668,-34.89548953814716,,,7.110761036724929,nan,,,7.769336223602295,,None,-35.77203964738826,48.03748838852597,-30.570164090508783,0.21575257182121277,49.63032225568043,0.2558981776237488
Gaia,DR3,1382723734075657216,239.346197090472,39.90999635500058,15.770698547363281,2.774600028991699,3.8052232744022403,30.379700946778016,57.994778435264166,-34.74835291754671,,,10.021181192987148,nan,,,1.1046503782272339,,None,-54.57488799643149,64.74615641867571,-48.309075318494465,0.02804460935294628,59.71012205827692,0.03410203382372856
Gaia,DR3,1387826120863201408,232.86903867585463,38.2590525142531,14.54644775390625,2.485288619995117,3.4554277079353395,33.188545151517864,63.166181370386816,-33.09747639770984,-18.757604598999023,2.203465700149536,11.253733158614411,nan,,,1.0855286121368408,,Gaia_DR3,-73.29639011760854,65.58725814778482,-81.3487880779476,0.014394479803740978,64.05087788820083,0.020150357857346535
Gaia,DR3,4601451489319872640,266.1949679846869,33.36683497881692,19.77250862121582,2.724821090698242,2.156234294805717,35.888735681897636,67.48738240831192,-43.58110272839422,,,11.51295212509529,nan,,,1.0171798467636108,,None,-5.150542616888554,73.19026617187015,-7.373142121658808,0.34773871302604675,68.452411271904,0.40060797333717346
Gaia,DR3,1378978110276584704,242.43310965419087,38.487844714055214,8.773907661437988,0.9693527221679688,4.599709075717993,31.318897702486392,68.9658198210206,-36.53339150042129,-18.011028289794922,0.3123888075351715,15.808326025467878,nan,,,2.797734260559082,,Gaia_DR3,-77.65122805702804,101.97493417071742,-70.35092043877793,0.038993481546640396,88.49617430655059,0.05714280903339386
Gaia,DR3,2092920215974095744,285.70595008015306,36.11048709818814,15.2765531539917,2.471104621887207,2.850793695281615,36.44409002391687,69.1637969793105,-40.20341042663361,-36.76865005493164,4.920608997344971,9.592963066573299,nan,,,4.674139976501465,,Gaia_DR3,31.757084880035297,62.353146429109344,27.09726567704834,0.09696754813194275,65.74769000740565,0.09968698024749756
Gaia,DR3,2053017938273756800,290.94948572342236,39.37037014469974,20.55536460876465,2.9313011169433594,4.418681138234298,34.71513487049277,65.31414909245514,-37.113671063962904,,,10.764328084265713,nan,,,1.042691707611084,,None,45.99429283531486,72.67391236594017,44.45124263696247,0.962769091129303,62.766356122292784,0.9756461381912231
Gaia,DR3,2106561616220034816,284.55328984727623,43.59977161942367,9.647747039794922,0.7312049865722656,4.660224678248998,29.066342164368674,61.49961664774489,-36.06551236611728,-38.99905776977539,0.25898176431655884,7.918848181922033,nan,,,1.0022997856140137,,Gaia_DR3,24.50803423384455,60.13790870924949,32.26967021035546,0.013846732676029205,60.667054265075755,0.01364575233310461
Gaia,DR3,2112499322605839616,272.23775235105086,40.05457255716679,11.979085922241211,1.3279485702514648,4.216299411050274,29.979406636279148,59.44984046756727,-39.720545526774494,-27.920482635498047,0.537813127040863,8.682085059830012,nan,,,1.0073087215423584,,Gaia_DR3,6.350647691318965,64.02996429348009,0.10042886988523958,0.011250938288867474,68.5561530045604,0.010722307488322258
Gaia,DR3,4607611949889380096,267.2602306106083,34.49385074722844,10.273680686950684,0.9095420837402344,1.968407285205738,34.86518272217841,66.52360409456762,-43.00487730791218,-41.5639762878418,0.23893392086029053,9.484131884270415,nan,,,0.9522773027420044,,Gaia_DR3,-2.2718701897074673,62.03022159119289,1.5670081639341746,0.012079589068889618,61.163356978669626,0.012261836789548397
Gaia,DR3,2100685065869761664,286.5165757881435,40.00643616972657,18.523090362548828,0.6984653472900391,4.76934754485448,32.94277886554402,65.25370442167595,-37.84301224013887,,,8.660758619692823,nan,,,1.0404767990112305,,None,29.977076954919138,60.887721933402894,38.669917862193145,0.11852001398801804,61.39715154363579,0.15856370329856873
Gaia,DR3,2108797301316304384,276.93508131376376,39.92303981425724,15.11827564239502,2.5171337127685547,1.4647530958717028,30.898226542582737,65.13656268656041,-39.44666117050812,-42.843990325927734,6.061826229095459,7.921228994805363,nan,,,3.5707218647003174,,Gaia_DR3,13.013643305540578,57.771112918126875,10.860609004768527,0.07408306747674942,56.610451589985104,0.08708184212446213
Gaia,DR3,2109882411914737792,275.4971975390449,41.12033990907594,12.646409034729004,1.7447443008422852,2.306377252002839,29.473035821847063,57.62538165667124,-38.850412399300225,-38.768280029296875,0.7134244441986084,11.353456564693625,nan,,,8.54893684387207,,Gaia_DR3,15.494985791073102,85.04084344416691,20.51516488730206,0.10695675015449524,87.33642625124924,0.1076376885175705
Gaia,DR3,4604777138333288064,269.04050974373774,34.5671390574793,14.779314994812012,2.727781295776367,1.910018389882838,34.97726589910307,66.16204722695112,-42.97316620987508,-41.02565383911133,3.755009889602661,9.852662160519655,nan,,,4.732154369354248,,Gaia_DR3,1.0633408355489706,64.5662744802936,3.648944575112559,0.08858823776245117,67.57512970920428,0.08859673887491226
Gaia,DR3,4607611954186912384,267.26055807575915,34.49344500959014,15.524417877197266,,4.357264101210187,34.86561715044702,66.37103524785182,-43.005102213482175,,,9.569045315116345,nan,,,1.5623574256896973,,None,-2.291599236190649,62.58498391555232,6.493829097953922,0.13085125386714935,62.31114718400407,0.13229502737522125
Gaia,DR3,2110746357474369792,280.5499853071362,41.90442729341314,16.86333465576172,2.8614654541015625,1.7158195189690142,29.726138373403334,68.92214295340996,-37.784601704131184,,,7.218613068572998,nan,,,1.0452886819839478,,None,16.870475675732482,54.086639445312215,18.20289384281741,0.05287516862154007,51.84113490719078,0.06082885339856148
Gaia,DR3,2114991262630675712,272.9803846095993,44.61150279905348,16.618125915527344,3.2528915405273438,3.762466602151776,25.64508534174138,55.761553533060074,-36.78220961080609,,,12.830661461611262,nan,,,1.8489136695861816,,None,11.240205071987791,102.77402952071932,1.3528282086304584,0.1033397912979126,100.36407505721843,0.10070710629224777
Gaia,DR3,2106630885454013184,283.83388403904866,43.946451132674866,2.3616831302642822,2.4237096309661865,4.926790448545872,28.561102691421567,55.040859839176136,-35.97676191520996,,,10.440410406499382,nan,,,2.9492130279541016,,None,30.90072675914673,80.04191335749883,20.136233498600635,0.27967870235443115,81.34922542993326,0.2629588842391968
Gaia,DR3,2052782677145406976,291.7619738793643,39.102110306529774,10.224983215332031,1.1261653900146484,4.138750411178877,35.191396639867705,66.08481398187146,-37.03639621624711,,,10.749504649255252,nan,,,1.77080237865448,,None,47.50169061347711,71.7611789998065,44.305730665189046,0.02431865967810154,62.943672143278945,0.028248680755496025
Gaia,DR3,2109811188474890112,275.8070003462607,40.66015039305837,17.261655807495117,3.3417348861694336,3.0546449935539397,29.97566102278257,58.27521654848026,-39.107226232180494,,,11.280189486246378,nan,,,1.0284662246704102,,None,16.071775178642632,83.69138904501753,11.370044994257354,0.09636537730693817,78.15445540406648,0.09809266030788422
Gaia,DR3,2113570384370126464,272.00501840978416,42.0852690834451,18.54923439025879,3.394695281982422,3.0538219925750254,27.954471509211682,69.34446364826648,-38.46689840182217,,,6.8919600334118805,nan,,,0.9410181641578674,,None,4.728782559549435,52.85554985930695,8.941943392428621,0.16120971739292145,51.464439343096785,0.15611454844474792
Gaia,DR3,2093880914259592064,284.5012405216259,37.577790709028285,12.356599807739258,1.6498336791992188,3.296392959529366,34.75734739881328,65.37075295780194,-39.653844220972246,-32.99040985107422,0.6260970830917358,10.570967877788618,nan,,,1.0573153495788574,,Gaia_DR3,32.61286272500037,71.41665297193646,27.502073009210278,0.009348494932055473,66.14009328694586,0.010607342235744
Gaia,DR3,2109687042444027136,274.80415124846644,40.030073782744665,18.14278793334961,3.222970962524414,2.3090759296586443,30.41314603112316,69.71436863052087,-39.5759752821501,,,7.2729749608398855,nan,,,0.9562832117080688,,None,8.948826707545713,53.40620769812532,8.55849839852947,0.12906986474990845,56.92493720709352,0.13514716923236847
Gaia,DR3,2112617863702978432,272.83105747399634,40.516920511347124,15.100776672363281,2.6068239212036133,2.4023779812085784,29.616438703936744,56.76096814423139,-39.40768768901264,-33.24980926513672,3.6143202781677246,10.374489519610822,nan,,,1.0147721767425537,,Gaia_DR3,8.787009292095615,77.15525085353113,3.637838552642603,0.023774929344654083,78.20011489810642,0.02468063496053219
Gaia,DR3,2116695295197818112,281.19422937102615,42.012116344628694,16.516244888305664,3.05926513671875,3.943631298404425,29.766497968501433,57.587801545297445,-37.62278546570274,,,11.009555861399077,nan,,,1.0436362028121948,,None,27.08242454088353,82.45696221381833,22.640948243062837,0.0516645647585392,74.45394008314054,0.05498020350933075
Gaia,DR3,2111621981046508416,275.8607209481087,43.16348162271473,8.597776412963867,0.5378313064575195,1.7245114259262728,27.55975782059963,59.542867211821985,-37.52908531034413,-34.71434020996094,0.19470441341400146,7.770793111842595,nan,,,0.8441646695137024,,Gaia_DR3,11.15247409971656,60.39189273501834,10.201769059816428,0.012622302398085594,63.05214501426366,0.013873771764338017
Gaia,DR3,2117208152949753088,278.9184660344,44.23675766720874,19.555295944213867,3.312978744506836,2.5399287006306337,27.144847620586827,57.41316624211176,-36.51878089245626,,,12.75846946910884,nan,,,1.0738873481750488,,None,25.832753810193708,100.20698284283846,29.356883089415966,0.30032867193222046,106.05923912091546,0.36085978150367737
Gaia,DR3,2112475580027300608,271.9541579531143,39.66048486447987,10.419626235961914,1.0351390838623047,3.760386262122582,30.324451414764454,58.481582460576924,-39.97278229462845,-105.07626342773438,0.17910949885845184,11.02567359453263,nan,,,0.8876394629478455,,Gaia_DR3,7.4557963354320105,80.70098318219394,0.11783734210313246,0.010420290753245354,75.95249903325089,0.010685248300433159
Gaia,DR3,2112599270788540160,271.8264824503652,40.68422102086317,18.4823055267334,0.6219482421875,0.8997905483664076,29.300948486700435,57.85491615564501,-39.35179643571713,,,11.63956317856729,nan,,,1.017115592956543,,None,7.581367159382479,86.94545787087937,5.442646853517328,0.12649977207183838,86.3973029893651,0.13965211808681488
Gaia,DR3,1291056693753860864,229.55608934613218,35.419071317682,16.017824172973633,3.0758113861083984,4.642931982652729,36.63993628864177,68.6669156225653,-32.912938898299515,,,11.588187541950884,nan,,,1.020391821861267,,None,-81.43671846878934,60.81497453075496,-70.10467691082263,0.029108697548508644,60.33390551590064,0.04392942786216736
Gaia,DR3,4610737174252396672,269.6172022027861,38.36819178439037,9.390551567077637,0.6902027130126953,4.5341812272146695,31.284109225695513,69.24641866207972,-40.813114575312426,,,7.499437686718181,nan,,,4.212831974029541,,None,1.6534375634540588,53.53615845380144,-2.777221916184401,0.055264029651880264,47.90105215339719,0.06267376244068146
Gaia,DR3,2111827795879998592,278.3240072349253,43.459094937016445,8.60423469543457,0.6297750473022461,4.551919323661583,27.76258616971049,53.413552089909516,-37.09099534115545,-30.791118621826172,0.1930365264415741,9.805300619249188,nan,,,0.8901813626289368,,Gaia_DR3,18.73334955825265,76.1177286801111,15.956684500468228,0.012002333998680115,67.12769189943728,0.01347440853714943
Gaia,DR3,2073857948535635456,297.70597101212564,41.013877157801495,17.081607818603516,2.9744348526000977,1.6711996949831505,35.186491355251846,68.02699036437855,-34.12563734726192,,,9.099357235976765,nan,,,0.9889967441558838,,None,49.67410578309616,60.020618730743415,51.46826578646261,0.05930858850479126,57.3639559645925,0.06560932844877243
Gaia,DR3,2114317811757923200,271.0196135027189,43.718720069428706,14.238327026367188,2.3177099227905273,4.022039436230709,26.208229657332225,50.639598141636625,-37.44971900143768,-31.160625457763672,2.5903143882751465,9.74143069265595,nan,,,10.689194679260254,,Gaia_DR3,4.812867981418245,76.99983794828697,-3.2652594785515907,0.17864792048931122,75.27784000739373,0.18225263059139252
Gaia,DR3,4607177990693560320,272.90493120127235,38.578000037237906,9.695467948913574,0.7093667984008789,1.6722493238923248,31.528048878368814,66.99651013892364,-40.57386328752465,-39.002830505371094,0.19829308986663818,7.835308729957952,nan,,,0.9236459732055664,,Gaia_DR3,6.749017214438394,56.02878831364397,7.136132607083091,0.01543749962002039,58.763684317736335,0.01752898097038269
