Catalog,Type,GaiaDR3,RA,DEC,Gmag,Bp-Rp,Voff(km/s),Sep(deg),3D(pc),Vr(pred),Vr(obs),Vrerr,Plx(mas),SpT,FnuvJ,W1-W3,RUWE,XCrate,RVsrc,PMRApred,PMDecpred,PMRA,PMRAerr,PMDec,PMDecerr
Gaia,DR3,2891252862752041856,89.90468281631547,-30.69577783960561,17.873920440673828,2.2859153747558594,4.12887530820528,7.7481975484025005,67.25462090948938,20.891665563913477,,,2.0046187270858886,nan,,,0.9755059480667114,,None,1.5410721611040157,12.981527646324306,0.7668577102955811,0.07916092127561569,11.4178626893065,0.09641651064157486
Gaia,DR3,2893359698830089344,94.48992156466495,-31.468871166834422,11.571825981140137,0.6257858276367188,1.9003921694004424,8.068869659848703,69.4549565757235,20.632229268821124,17.26845932006836,1.735728144645691,2.0582588967366378,nan,,,1.2485820055007935,,Gaia_DR3,0.4097598363848318,13.491702042140785,1.162343863142859,0.018201593309640884,13.154722928238847,0.018124934285879135
Gaia,DR3,2891264304542586624,89.37352862932347,-30.67510562598943,20.110849380493164,2.129018783569336,4.3167135206621,7.915706635608345,69.63310260750944,20.87244075997227,,,2.1062368510569995,nan,,,0.9887482523918152,,None,1.7576623811265457,13.628251821126847,0.5667223383695019,0.3902875483036041,15.130037459336773,0.4178887903690338
Gaia,DR3,2893545138338294272,95.80242238862807,-30.175196946222147,18.46652603149414,2.540407180786133,2.4649315773392444,7.09918837316179,64.46950471280422,21.339529025608506,,,1.956743260175968,nan,,,1.0479247570037842,,None,0.06969561783755651,12.633375427083113,1.0814355366580393,0.11464696377515793,12.734560026819315,0.13826851546764374
Gaia,DR3,2891300755929711616,89.88851501628358,-30.242785271462196,12.35723876953125,0.6676177978515625,3.0727232085471576,7.3370083003455635,63.113884143490196,21.132828439381296,38.84169006347656,0.8076329827308655,2.038566975483943,nan,,,1.0039775371551514,,Gaia_DR3,1.5712517634356442,13.129704605264452,1.201199103498462,0.009858665056526661,14.397297577248082,0.012068498879671097
Gaia,DR3,2893452195246487296,95.66211217448736,-30.841598412349345,14.09166431427002,1.116769790649414,3.488984644605863,7.689789345112421,66.14610146071163,20.981675906515438,78.89558410644531,3.393277406692505,2.035654238241246,nan,,,0.9620898962020874,,Gaia_DR3,0.10808349590917565,13.248427052356138,-1.3388502935651179,0.013034487143158913,13.633317653663237,0.016064316034317017
Gaia,DR3,2895004740024413184,96.29203475767422,-30.052529250060335,11.189528465270996,0.48421192169189453,2.3825080931716682,7.1459759684202435,62.35484550024247,21.405185894012234,37.90126419067383,1.4132686853408813,2.083559550271814,nan,,,0.8875939846038818,,Gaia_DR3,-0.052857698017945154,13.432077205244521,0.470458943811657,0.013202182948589325,14.338313102465662,0.014791548252105713
Gaia,DR3,2894848918611382400,97.53679758424646,-30.407690406714288,17.373340606689453,2.338319778442383,2.3997460849593266,7.95756640099386,68.99945558855093,21.206201581339272,,,2.0064680118451013,nan,,,0.9477283358573914,,None,-0.36196778887352643,12.988733167896324,0.32558858567030624,0.06527353078126907,13.735458954968466,0.07231386750936508
Gaia,DR3,2895375790839838592,98.30238399767528,-29.03279305966341,20.02984046936035,2.689016342163086,1.9719644998902872,7.232241873212179,64.69434745190121,21.923777783075767,,,1.968473022488117,nan,,,1.07243812084198,,None,-0.5427363227177979,12.524906355410613,-1.1000746742715426,0.37813013792037964,13.124081968236931,0.4350440502166748
Gaia,DR3,2896518733174453248,94.91737742641153,-30.629013933924103,20.27037239074707,2.3570899963378906,4.824909020160024,7.314430697512312,62.921782613053004,21.090726760857297,,,2.0422411223520194,nan,,,1.0416479110717773,,None,0.29786399166224165,13.25632122311938,-0.7726306662283572,0.4970214366912842,11.476157566901541,0.48223453760147095
Gaia,DR3,2896451594246818688,93.91125391984872,-30.856210885436717,14.24345874786377,1.0537128448486328,1.5341026181329132,7.397647998056014,63.766012525698834,20.953646087650565,41.627716064453125,2.8397510051727295,2.0578142810402706,nan,,,0.9777787327766418,,Gaia_DR3,0.5579179700105019,13.389742583305662,1.1857986822726825,0.013682039454579353,13.610341509447071,0.015507522970438004
Gaia,DR3,2896589063262205440,94.5866007932429,-30.281118135103824,19.818225860595703,2.408477783203125,3.003110884586674,6.914127073245529,62.554625777283974,21.27324057486515,,,1.9610091111215076,nan,,,0.9850072264671326,,None,0.36679226543771204,12.674878748281579,-0.5976114713773504,0.3141607344150543,11.893075578718953,0.3169308304786682
Gaia,DR3,2895018582700937344,96.75756307230623,-30.064489825793633,19.48792839050293,2.762683868408203,3.29820127908133,7.331194204341029,64.75964156428985,21.39699377971286,,,2.103316440441178,nan,,,1.0750402212142944,,None,-0.17532077151543213,13.560960765954574,-1.637488138061956,0.23567627370357513,13.5883164127213,0.3214589059352875
Gaia,DR3,2897552098010071808,93.23700064858127,-29.349192130934416,18.876394271850586,2.5805587768554688,4.723817691526808,5.857720094096295,56.92608101517265,21.74238517881231,,,2.1494623351612234,nan,,,0.9165367484092712,,None,0.763117025827416,13.7274872171871,-0.1693702039755685,0.15031446516513824,11.800783388239767,0.18312279880046844
Gaia,DR3,2895657815568652288,97.51331246848667,-28.354985008564103,18.917137145996094,2.5390586853027344,3.3368150524015867,6.267058421750621,55.97870273154822,22.292075161961066,,,2.099449379965486,nan,,,0.9962700009346008,,None,-0.37260195043182254,13.245592204626131,-1.8047981552264631,0.15495483577251434,13.605903554792794,0.18052177131175995
Gaia,DR3,2895801984735968384,98.20047971795223,-27.639374684040106,19.89902114868164,2.4839515686035156,3.4998275765920828,6.182747954939076,53.23409808079849,22.652777003698926,,,2.039135701196034,nan,,,1.0135364532470703,,None,-0.5363538268236976,12.741804476709754,-0.14990103719908843,0.29208335280418396,11.287813420575048,0.357940137386322
Gaia,DR3,2898038017725921024,92.83951051737827,-27.726951770984638,19.791576385498047,2.649679183959961,4.396578172896149,4.241719582938223,55.404496453093444,22.579687829043042,,,2.216226901176107,nan,,,0.9881696701049805,,None,0.8963951637007304,13.857725385694216,2.91076017128671,0.28877049684524536,13.455685476687853,0.35684725642204285
Gaia,DR3,2897260967945952640,91.152463221584,-30.16112377988437,19.052549362182617,2.9673633575439453,4.850248313014079,6.894254525753793,59.34477924886384,21.238931532087904,,,2.044857795229637,nan,,,1.0233192443847656,,None,1.2556825476093083,13.172909656547688,-0.08264980181679489,0.16646908223628998,14.77928133584296,0.19902469217777252
Gaia,DR3,2897226848727037440,90.62154838343692,-30.53240832847186,19.857027053833008,2.4101104736328125,4.948223386336009,7.381255120826555,66.27715169686755,21.016117120788554,,,2.1227046759190844,nan,,,1.088945984840393,,None,1.4432861224677085,13.729273040711032,3.657327276434202,0.3452606201171875,13.697578955279495,0.4224766194820404
Gaia,DR3,2896376312059588864,92.86224488097567,-30.065428940638334,15.663671493530273,1.6129646301269531,2.6559386279543213,6.576791716490172,56.67910415935298,21.35208675388864,,,2.0490414314700423,nan,,,1.002021074295044,,None,0.8229805046524801,13.200067613955213,-0.21886134837563903,0.025966426357626915,12.719692403245116,0.027595583349466324
Gaia,DR3,2896655484934478464,94.8495064075282,-29.48571134015315,15.572474479675293,1.636479377746582,3.3059920172121324,6.19075936583452,68.19488817762385,21.69976441730527,,,2.2282754684977393,nan,,,1.0465428829193115,,None,0.3438314609420603,14.262997679520652,1.835245622407534,0.025099482387304306,13.8301147327355,0.03205902874469757
Gaia,DR3,2897204450474355072,91.93356727443593,-29.792210265991265,19.570571899414062,2.3066558837890625,4.312451181834421,6.387415334964172,59.608957548557804,21.466836867642105,,,1.9448913003824455,nan,,,0.9431559443473816,,None,1.00566229778092,12.480014311088532,2.227165690266112,0.25320589542388916,13.758358865145194,0.289305180311203
Gaia,DR3,2897762693143286528,93.73827890041893,-28.249927455936295,12.772266387939453,0.8178863525390625,4.777251080154834,4.7903693082187875,46.555028827564236,22.331027052066414,17.818552017211914,1.126429557800293,1.945443240098365,nan,,,0.9455806612968445,,Gaia_DR3,0.5693359177424595,12.253664991846398,-0.5289101518425957,0.008184247650206089,13.87615760347167,0.009617879986763
Gaia,DR3,2897890511368008320,92.09810508424496,-28.61635928087932,19.309362411499023,2.405355453491211,4.802662369374522,5.2045359070460435,68.73332904782383,22.092597429072452,,,2.272378287688219,nan,,,1.0141154527664185,,None,1.128543611757462,14.368785266473642,-1.119563773314088,0.17673128843307495,13.879819518394356,0.2160838395357132
Gaia,DR3,2898091618919221632,95.4929816406108,-29.52915076931644,14.047451972961426,1.242401123046875,3.46544674816117,6.400225212121425,55.090679147958944,21.682044773027407,30.794748306274414,4.363419532775879,2.0356811961946724,nan,,,0.9615090489387512,,Gaia_DR3,0.15096953966268956,13.038566802095675,-0.6693679645158949,0.01173236221075058,14.279017446251782,0.014642339199781418
Gaia,DR3,2897624287819378048,92.88716199194363,-28.91410791071811,19.0445613861084,2.3637313842773438,4.146556871989104,5.425452877517283,46.966964151677466,21.96210669798538,,,2.0131696559770837,nan,,,1.0634407997131348,,None,0.8023343818211268,12.784332165618462,-0.8752928536643486,0.15410107374191284,13.315750843298158,0.19574929773807526
Gaia,DR3,2898044752233424512,92.88368967126357,-27.64241125303116,19.8425350189209,2.6836185455322266,2.8473870373111207,4.155144215349616,46.092518618401975,22.624700263254574,,,2.1557031242644173,nan,,,1.0199272632598877,,None,0.8600710070231159,13.464424139773145,0.5255953337867264,0.298348993062973,14.714425775857604,0.39388543367385864
Gaia,DR3,2899047266322386432,96.26233144409888,-26.819863982382817,15.582378387451172,1.5402030944824219,4.93614016054545,4.379990673403263,42.43139412696243,23.09449881925181,,,2.1124905890252004,nan,,,0.997195303440094,,None,-0.04577564975866899,13.05903016527222,1.550361333356593,0.022155622020363808,14.57051014730974,0.02812091074883938
Gaia,DR3,2893540976513098368,95.72042475936482,-30.395136352473855,18.4727783203125,2.56658935546875,3.3851221948031784,7.2821893083479425,64.21621305381784,21.221647426507378,,,1.9827744789821038,nan,,,0.9755221605300903,,None,0.09087418266299352,12.835550979757398,-1.2608820645196506,0.11076811701059341,12.417437292791927,0.13861095905303955
Gaia,DR3,2896724646790502400,93.97895351187344,-29.768430318985335,19.351825714111328,2.8686389923095703,4.497546514581848,6.3232221434542115,61.23156095738195,21.536739318332465,,,2.159114821218609,nan,,,1.0017313957214355,,None,0.5671880351990284,13.865510620120137,0.13716324993725415,0.20344224572181702,15.866951995558694,0.2587627172470093
Gaia,DR3,2893268851682404736,96.11699076762629,-31.042379912194548,11.605380058288574,0.6911811828613281,2.4903417683637428,8.006466882716683,69.36702548410118,20.874231642895282,67.10824584960938,0.5422313213348389,2.0081932029616167,nan,,,1.1842870712280273,,Gaia_DR3,-0.007159382178147489,13.100976328415932,0.25665630418330276,0.016074897721409798,12.080238111943823,0.016795502975583076
Gaia,DR3,2893556202170949248,95.71733525889198,-30.23395355350413,19.771251678466797,2.223482131958008,4.530527596219054,7.129275512807814,61.491293780876774,21.30788257092163,,,2.021165207297582,nan,,,0.954388439655304,,None,0.0934115004103564,13.058566293695694,1.4653677636871145,0.2798312306404114,14.416538085512823,0.3253295123577118
Gaia,DR3,2898721536003065856,96.58309165347882,-27.899322166699378,10.202919006347656,0.2653827667236328,4.712093388695105,5.40178525792264,65.82800306358381,22.537352286354665,45.01045608520508,1.4916071891784668,1.8567272780641162,nan,,,1.0530610084533691,,Gaia_DR3,-0.11441708006085927,11.6461177190578,-1.2480941372927485,0.013200424611568451,10.191277686484579,0.015212029218673706
Gaia,DR3,2899383235844326272,95.36611496483093,-27.236036990083488,15.585625648498535,1.4427928924560547,1.8905146321597113,4.2602964268874075,54.01594296751762,22.87878267311201,,,1.878068578250286,nan,,,0.9627002477645874,,None,0.16895754071335878,11.67556864359557,0.09979595694566856,0.02102108672261238,12.420850931206989,0.025892147794365883
Gaia,DR3,2897864084433678464,91.94901378200869,-28.775362714118955,19.198122024536133,2.6647777557373047,3.703175620660766,5.385408693170613,55.437705548958,22.003857701657257,,,2.1660871783762303,nan,,,1.0254738330841064,,None,1.115881265936479,13.723270684986712,2.346699266905267,0.2108643501996994,14.882814102263364,0.2648095488548279
Gaia,DR3,2896826081035673088,94.03860609811441,-29.497369691646693,14.21454906463623,1.145639419555664,2.0255379420680906,6.061443388888367,53.04471127102887,21.681631138202246,27.89226531982422,2.396064043045044,2.074966712051748,nan,,,2.5731959342956543,,Gaia_DR3,0.5296749455662262,13.28065284849352,0.8317988124224571,0.03541436791419983,12.447736239292785,0.03441740572452545
Gaia,DR3,2896903764106353664,93.92367229827754,-29.066177828760765,19.7974910736084,2.582937240600586,3.8511481226856397,5.620616573875492,65.0654252364929,21.90717155492088,,,2.2304076822773244,nan,,,1.0432621240615845,,None,0.6012641147819799,14.19779401522265,0.1346808883289773,0.301482617855072,15.947429899003986,0.3577286899089813
Gaia,DR3,2897246743014089600,90.56527970592005,-30.278741326843654,18.721689224243164,2.762237548828125,4.849787252421676,7.156315427348828,62.34412537572516,21.148907133667407,,,2.0809881730872823,nan,,,1.0360935926437378,,None,1.429440453098875,13.417776896807833,3.2509928938940122,0.15003053843975067,12.318460926772085,0.1605360507965088
Gaia,DR3,2897854807305346304,92.47105286622713,-28.34468453753175,19.220684051513672,2.578462600708008,3.443705750020163,4.886571978869924,61.85483758219043,22.24733690730769,,,2.2366789529002196,nan,,,0.9892493486404419,,None,1.0071375715073314,14.096737767715458,0.02095303152412975,0.18023009598255157,15.386709220489493,0.20043927431106567
Gaia,DR3,2897196204136515712,92.3266613352043,-29.75374870531797,17.290016174316406,2.179136276245117,1.9724289448056749,6.300697917300847,68.66220118487662,21.501162049384494,,,2.226594704236887,nan,,,1.0388659238815308,,None,1.0425608011338268,14.284617101081947,1.8327448675588374,0.0591411367058754,14.767090504782441,0.0630478635430336
Gaia,DR3,2897076735325888896,91.48471236484212,-30.102989823299303,15.727829933166504,1.5688390731811523,4.695539245373639,6.7684128810972295,61.35357213559997,21.284018477480913,,,1.9606219635221116,nan,,,1.038874626159668,,None,1.1230952641485272,12.624729871133589,1.34797274477755,0.025963420048356056,14.552412138509979,0.030537262558937073
Gaia,DR3,2898062688019281280,92.80480293212935,-27.446145247630465,13.702082633972168,0.9278192520141602,2.813694592747757,3.9635342852989495,40.13301418407341,22.723652435524546,101.1318130493164,2.770864725112915,2.118827049959986,nan,,,1.0807366371154785,,Gaia_DR3,0.8661453031429831,13.198837092977538,-0.03843650951293742,0.01037751603871584,14.071339548035533,0.012877004221081734
Gaia,DR3,2898136492737234560,95.95657053164905,-29.01606581937634,18.667497634887695,2.620098114013672,4.879306900321295,6.082481493522308,55.62887708127798,21.95459022206466,,,2.115718341338041,nan,,,1.0230838060379028,,None,0.03473424684375459,13.46438279040237,0.3109277701023476,0.13613556325435638,11.305737678991417,0.15000125765800476
Gaia,DR3,2899015792803420800,95.96879487682904,-27.02046456663726,17.623104095458984,,4.022341149155282,4.370989361747477,48.894764680088066,22.991830817473218,,,2.166416394747543,nan,,,1.1090129613876343,,None,0.0322677867464094,13.429276603144391,-1.7322203461030607,0.09504412859678268,13.940351018497745,0.17136913537979126
Gaia,DR3,2895293293108311040,98.71872790910476,-29.422252629903447,13.36430835723877,0.8483266830444336,1.8313447334071626,7.764648222486007,66.97400439530509,21.709198242275537,42.14909744262695,2.1671159267425537,2.064224591470388,nan,,,0.9326237440109253,,Gaia_DR3,-0.6760928955285905,13.19651535162549,0.011456753094851724,0.010561113245785236,13.599463976119715,0.012451238930225372
Gaia,DR3,2895401113967354624,99.14440851192664,-28.984931000081673,13.05478286743164,0.7729291915893555,2.0816365703516406,7.705407764931792,67.20741101558176,21.928971351332205,44.04764938354492,1.745869755744934,1.9961240449612283,nan,,,0.9775971174240112,,Gaia_DR3,-0.7594995915418141,12.688462710491478,-0.3560519744070628,0.008941893465816975,11.91094482383984,0.010834423825144768
Gaia,DR3,2895126029901004032,97.09869665830328,-29.612668195252066,13.112617492675781,0.8737268447875977,2.018186667519344,7.080583856526611,63.11522787828661,21.63477859109594,76.02859497070312,1.5596786737442017,2.1100145304476614,nan,,,1.1103298664093018,,Gaia_DR3,-0.2655289766146822,13.527970957112217,0.2172738707009093,0.010118653997778893,12.771140614698073,0.011087693274021149
Gaia,DR3,2897494755900501632,91.42514810287949,-28.946920168393653,19.904584884643555,2.5724334716796875,2.2766170145866838,5.660849230095185,56.19818593589429,21.893059205369646,,,1.9239749504927839,nan,,,1.0601675510406494,,None,1.1163311240029814,12.211388140678508,1.855953073150036,0.30477285385131836,11.65858535409562,0.3857208490371704
Gaia,DR3,2895426918130757632,99.0949512902322,-28.694879082044782,15.799181938171387,1.531367301940918,4.234214793377687,7.474616937257211,68.16663106760703,22.08258870569745,,,1.9505816872390291,nan,,,1.0631107091903687,,None,-0.7301715400762636,12.353438121867903,1.0107767690749236,0.025228651240468025,12.329092683490801,0.03079606592655182
Gaia,DR3,2898257851331394816,96.88990594677799,-28.59009650050476,19.729394912719727,2.194028854370117,4.797404839579332,6.121823780740774,56.1947898726127,22.17544100610686,,,2.1191404199041957,nan,,,1.0780034065246582,,None,-0.21157081357556873,13.412133946323623,0.6059434736973466,0.28812864422798157,11.431006799456862,0.3448494076728821
Gaia,DR3,2897403084121628928,91.68678188088273,-29.49736483191068,16.49343490600586,1.8180322647094727,4.868461525237333,6.139144385091725,58.21852664161782,21.61362576433614,,,2.1415212692518484,nan,,,0.964097797870636,,None,1.1729828030718004,13.689248705815471,3.2704542381953323,0.03693414479494095,14.346000315518884,0.04009534418582916
Gaia,DR3,2899890243846989568,95.7256932011717,-26.118779606789566,19.936382293701172,2.1317272186279297,2.302344511598993,3.537338159130698,56.84645954741265,23.450871743232643,,,1.847604830180866,nan,,,0.9946539402008057,,None,0.08346664430356565,11.310473370766669,0.3551713756671945,0.27009332180023193,12.165069526909837,0.3510452210903168
Gaia,DR3,2900001848574425088,96.30156942182421,-25.89894880173479,19.196733474731445,2.3067188262939453,4.7109421157108216,3.7645376718365995,62.97900417485934,23.562439888435456,,,2.2770586789371863,nan,,,1.0559684038162231,,None,-0.060470921937739064,13.89623015087951,-0.37911745446671374,0.18913747370243073,11.657413934996397,0.20196203887462616
Gaia,DR3,2899326473552906240,94.28524761808757,-27.510850636711663,19.086795806884766,2.2162036895751953,2.2595918380439466,4.15482122632297,36.21917952801276,22.724693669858773,,,2.051480032506742,nan,,,1.428836464881897,,None,0.4606890670249495,12.798163096218037,0.9181318845592601,0.20450815558433533,13.661695677998745,0.2584075629711151
Gaia,DR3,2899255933013409152,94.57622508679623,-27.807090519712556,18.120357513427734,2.7745532989501953,3.7312687643300646,4.511103454680556,39.61844226530176,22.575881500902998,,,2.0618002763865313,nan,,,1.0515644550323486,,None,0.38830830542481554,12.914484968235252,0.6309878203310714,0.08687052130699158,11.310955351778237,0.09667038172483444
Gaia,DR3,2899503013892931712,93.66425012813355,-27.454607778204583,18.923250198364258,2.348295211791992,2.866226156213789,3.993029652217856,39.54170700135252,22.741711885681926,,,1.9512956275804614,nan,,,1.02907395362854,,None,0.589026306200612,12.161407892736035,0.58418683915359,0.156143456697464,10.982387881892162,0.18264178931713104
Gaia,DR3,2895777039565418240,98.00855645178895,-27.73143638338809,20.13768768310547,2.1017799377441406,4.595896366743183,6.117649467621264,63.907424009668595,22.608681688998548,,,1.895413293133232,nan,,,1.03632390499115,,None,-0.453266028775976,11.85901609497122,-2.008262884430105,0.38478606939315796,10.882122357216412,0.42532673478126526
Gaia,DR3,2896036288086734080,93.37295976157723,-31.425120842703013,19.586650848388672,2.476787567138672,2.340007480345001,7.9359258613017545,68.3091469635858,20.634768625323115,,,2.0296310159970203,nan,,,1.0460717678070068,,None,0.6862416266577984,13.291758491586545,0.6648871154385997,0.2505832612514496,14.292741809234458,0.28326112031936646
Gaia,DR3,2895661281606633344,97.52224094944495,-28.304144970209183,19.937511444091797,2.281341552734375,1.230093652322837,6.233364164699735,54.45661207185264,22.318488742076593,,,1.9977440281635346,nan,,,1.0104517936706543,,None,-0.35677279437167986,12.595557962380555,-0.7798291131291808,0.28512415289878845,12.89455001557323,0.36628258228302
Gaia,DR3,2898091618919221120,95.4942372136569,-29.529278535146922,13.57427978515625,0.9331226348876953,2.5373866008554287,6.400718353483457,61.73813684580539,21.681983762241032,46.55938720703125,1.9838268756866455,2.15858742833747,nan,,,3.626042366027832,,Gaia_DR3,0.15974689350971438,13.8258066974711,-0.7219626484519421,0.030225075781345367,14.571318551270274,0.03782188892364502
Gaia,DR3,2898189333718646656,95.7769359053766,-28.83206770344558,18.18417739868164,2.5745620727539062,4.5986553589922545,5.849204902063904,63.11806137920253,22.05099891506264,,,1.8879460836057202,nan,,,1.0074260234832764,,None,0.0732386910619276,11.986625518444823,-1.3707900815911849,0.09580119699239731,13.111177291559162,0.11153194308280945
Gaia,DR3,2899649145859495040,94.23534029272086,-26.677173661214177,11.797663688659668,0.6039953231811523,1.8815759293529069,3.3424205729083165,31.99106772418386,23.15173850462452,47.16366958618164,0.8403618335723877,1.9713563389121254,nan,,,1.0320781469345093,,Gaia_DR3,0.45494500387294234,12.159334235827497,1.065894852071671,0.010605255141854286,11.671293405934618,0.012292373925447464
Gaia,DR3,2899670375880988032,94.50232449481646,-26.606963094330435,18.122161865234375,2.7515869140625,3.533784355523431,3.3584942802481983,31.264764117400734,23.191780684291377,,,2.076598456551429,nan,,,0.9671330451965332,,None,0.4102039108863149,12.796958748671305,0.42840309984058145,0.08788783848285675,11.250088724056212,0.10510390251874924
Gaia,DR3,2897892504234858496,92.10467147977754,-28.48923200339156,16.771974563598633,2.0823278427124023,3.8229552338066193,5.078464403349526,59.65000437539748,22.15928841322091,,,1.8768194008299561,nan,,,1.0334545373916626,,None,0.9305636615061101,11.848187355146653,1.7506274138590658,0.04385749623179436,10.577228132614273,0.051009971648454666
Gaia,DR3,2899733048042667904,94.46929295215061,-26.22619246366971,17.989145278930664,2.354398727416992,3.9187041960802462,2.9971941443137933,58.3918284276262,23.384918459883977,,,1.8318606448435368,nan,,,0.9746489524841309,,None,0.3693934931980638,11.228870531981183,-1.105466531877225,0.0743754506111145,10.889934912139374,0.09280519932508469
Gaia,DR3,2897850546697706368,92.57743671399645,-28.407586229095546,19.231287002563477,2.310792922973633,4.929345337027921,4.9387551542758725,44.67150881122535,22.217958223353943,,,1.9763435507684497,nan,,,0.9842914938926697,,None,0.8637743502869983,12.46691553908138,2.5541557415111025,0.18373163044452667,11.300549041671747,0.22738276422023773
Gaia,DR3,2899790879781110272,95.966018162054,-26.882114366545654,17.611989974975586,2.269540786743164,2.450874305343423,4.259505862145803,51.42024733166861,23.06271665969833,,,1.8908939880557185,nan,,,1.058148741722107,,None,0.02881801615628099,11.69917645719755,0.5516768606521204,0.06690363585948944,10.873899813694822,0.09073400497436523
Gaia,DR3,2899985248522236416,95.77870367067194,-26.01373921994428,20.137128829956055,2.1304054260253906,2.2238046881874665,3.493919629234501,31.564352833126403,23.504199214472756,,,1.9891303565904728,nan,,,1.0321623086929321,,None,0.07672591661817041,12.15882291887972,-0.8024517518044934,0.3922877609729767,11.847997716141624,0.49550384283065796
Gaia,DR3,2899092174501117952,97.33601917831884,-26.751710366674768,15.264415740966797,1.3815994262695312,4.26151745510528,5.022170826704079,55.413329742177666,23.12231743572859,,,2.184915682262851,nan,,,0.9354391694068909,,None,-0.3395314478004412,13.492445986291886,1.5665118460795815,0.02000540867447853,13.023580369383362,0.026204295456409454
Gaia,DR3,2896272545650054016,93.22200378390987,-30.967814954630157,17.348329544067383,2.066091537475586,3.8092379179124958,7.475927970581246,69.30403823783838,20.878169915523614,,,2.1544702880234246,nan,,,0.9656995534896851,,None,0.7689146248477634,14.032997239412031,-0.5290685101135851,0.06589886546134949,15.176880105739851,0.07346056401729584
Gaia,DR3,2896923284735410688,94.04124280667406,-29.084614517806322,18.459447860717773,2.4288063049316406,2.4722432284709708,5.653396275482833,48.77746465940112,21.899689849986217,,,2.0209628237344694,nan,,,1.0266218185424805,,None,0.5152260895409153,12.868093473351086,-0.16530515832850531,0.12995277345180511,12.064190116186404,0.15487857162952423
Gaia,DR3,2900029503866252160,96.29199293211687,-25.49864386013498,20.076494216918945,2.3056163787841797,3.61004135975819,3.518860362119586,36.72518598287008,23.764003246358808,,,2.1160861510922864,nan,,,1.0019181966781616,,None,-0.053671838900856805,12.840065465491879,-0.47927222469668485,0.30109739303588867,14.3932200377079,0.35925787687301636
Gaia,DR3,2898348080004893568,94.9472560255544,-29.258232924472885,20.064125061035156,2.1621170043945312,2.9717448943203446,5.994590194896031,56.73104238285035,21.821109420530874,,,1.9415457567589052,nan,,,1.0379890203475952,,None,0.27595293892372474,12.392522099606946,-0.9366679442779462,0.3718535900115967,12.297639236677355,0.427682101726532
Gaia,DR3,2898469606104128640,95.1185244875273,-28.225690709414085,19.892858505249023,2.3543701171875,4.749129845096202,5.064707906887836,43.694880508610254,22.36445691848801,,,2.0413318115595565,nan,,,1.0078879594802856,,None,0.2465939959626562,12.858372715655612,-1.7948501280777722,0.31653857231140137,12.762193680708997,0.36318206787109375
Gaia,DR3,2898435972217197952,94.4300105900107,-28.76138988691081,16.897539138793945,2.007552146911621,2.299088573302006,5.39944735503009,49.82780394838238,22.07612497466887,,,1.9611430083466497,nan,,,0.9550973773002625,,None,0.40505535458338393,12.43737102146575,0.9511333373913725,0.043855246156454086,13.215359691221638,0.05507510527968407
Gaia,DR3,2898646734852903808,97.18727527828831,-28.149342760983327,15.80375862121582,1.7579612731933594,4.568818345388231,5.925506795610715,67.52587870427024,22.40301355466491,,,2.235483693085786,nan,,,1.014634609222412,,None,-0.3059794822946911,14.066965646283649,-2.013319337381638,0.024627134203910828,12.755141076772802,0.0281116534024477
Gaia,DR3,2899824895921727872,95.93175148214675,-26.351735897464806,11.194043159484863,0.7364521026611328,3.424074316479541,3.8339625340615413,34.942454908977474,23.33318239468737,16.45964241027832,0.2961631119251251,1.9823281078071744,nan,,,1.644708514213562,,Gaia_DR3,0.038672738392478756,12.175081841146064,0.1686107469061373,0.0180648360401392,10.75009133042967,0.02337268553674221
Gaia,DR3,2900191200793571328,95.77129737368865,-25.639295519475574,19.50339126586914,3.08270263671875,4.946426774692834,3.2318701240908676,29.424782157931823,23.693045442705696,,,1.9885354567760984,nan,,,1.6801612377166748,,None,0.07853745869111428,12.090488146543967,-1.8366366306375763,0.3609325885772705,12.885316343043579,0.45152196288108826
Gaia,DR3,2896309409352140544,92.53806838186756,-30.932267685096864,11.868844985961914,0.7687654495239258,3.756130801909752,7.457384264004555,67.75429803080326,20.87793471662479,50.513328552246094,0.7965808510780334,1.953687495844158,nan,,,1.0457874536514282,,Gaia_DR3,0.863434707543485,12.715083045352333,-0.6322434077554512,0.011720378883183002,13.110204164227184,0.011180246248841286
Gaia,DR3,2899114473971247616,97.31498093812513,-26.542920246922925,14.151795387268066,1.0670604705810547,2.1762360327720156,4.877002518214258,43.928548481945576,23.229079136106265,48.27959060668945,2.454918146133423,2.085088700952356,nan,,,0.991342306137085,,Gaia_DR3,-0.31855568134782697,12.838893258212389,-1.004732877982503,0.012413550168275833,13.505382899390117,0.015299543738365173
Gaia,DR3,2898444630871199616,94.58670501735409,-28.60937684418935,14.043511390686035,1.0008764266967773,2.5940658264507066,5.284814999425654,46.26078095907778,22.158049437382278,38.522926330566406,3.0850961208343506,2.0667213076381454,nan,,,1.0602344274520874,,Gaia_DR3,0.38653812893981776,13.081889093775512,0.6003431229138596,0.012881326489150524,11.97209943733811,0.015067506581544876
Gaia,DR3,2898428099538858368,94.70738242067291,-28.744192628962256,14.937111854553223,1.4674272537231445,2.9660807031597427,5.442681796521582,48.54937218968221,22.088955867419415,15.644944190979004,5.546955585479736,2.0862043375505537,nan,,,9.239067077636719,,Gaia_DR3,0.3588324032890462,13.228499961697949,-0.7833246204147402,0.1333473026752472,12.598344454612207,0.14613009989261627
Gaia,DR3,2900116232143023872,94.71721516564583,-26.062006065378228,17.764314651489258,2.3360538482666016,4.939997804561875,2.9527426494348625,49.22411607077406,23.471521907361673,,,2.2152305205315153,nan,,,1.0511635541915894,,None,0.37831282052620807,13.548250607563054,-1.9275493015074732,0.06947454065084457,13.47761789384751,0.09174860268831253
Gaia,DR3,2903284573683130752,89.46363953818832,-30.362389555946056,20.3305606842041,1.8462448120117188,2.7143703538665016,7.600582269793002,65.44689739290803,21.044871712860296,,,2.0549516729333357,nan,,,1.0131586790084839,,None,1.6919551501110819,13.24818777482335,0.8599727299635294,0.4369562864303589,12.417228815321831,0.5087186694145203
Gaia,DR3,2899598190367064320,93.3052005630542,-27.031815703006032,17.95549774169922,2.5878467559814453,0.3104703616690592,3.5435084367541285,48.487934781193076,22.950526917873958,,,2.194888344163762,nan,,,0.9739862680435181,,None,0.7606211182475864,13.599496323622185,0.8471018640496236,0.07956253737211227,13.71420525181522,0.09171196818351746
Gaia,DR3,2898943942291414272,96.35937034752862,-27.405026087594045,19.495473861694336,2.5613250732421875,3.049667052595004,4.887292873658731,60.68296817127101,22.793812793201795,,,1.8652927749556032,nan,,,1.0644266605377197,,None,-0.0629654825244268,11.623063732694664,-1.0901467562540712,0.22181914746761322,11.004215227587435,0.2737102806568146
Gaia,DR3,2896678570381869696,93.3027088586951,-30.38258798698088,18.463289260864258,2.4872989654541016,0.763505449591164,6.892127265813806,60.15757505502993,21.19448144632564,,,1.9970947498224871,nan,,,1.0952969789505005,,None,0.6926964315781543,12.917925576593078,0.8332783472421292,0.13753405213356018,13.206995543004972,0.18788066506385803
Gaia,DR3,2899015139963977984,96.02796503911239,-27.00132040889897,19.21970558166504,2.4219722747802734,3.2075720304138176,4.387587858377216,37.95203281803804,23.00169694212312,,,2.015893085890232,nan,,,1.0388089418411255,,None,0.015167931313277982,12.492949156462455,0.3597821106846635,0.20000062882900238,11.174106146478978,0.2810676395893097
Gaia,DR3,2899707179458605312,93.56790794754919,-26.64528346169837,18.269121170043945,2.561267852783203,2.5591929673026055,3.179387497618985,58.23495506063679,23.154568393047878,,,1.8354464659241423,nan,,,1.1081275939941406,,None,0.5760615771259512,11.313439366783912,-0.2926515429922265,0.10115604847669601,10.838157452731465,0.12082137912511826
Gaia,DR3,2899687972363917696,93.97826645941431,-26.76291275593586,14.766016006469727,1.1285181045532227,3.4784670662485033,3.362526140263391,68.19640984859898,23.103271540387105,27.950666427612305,5.961705684661865,2.3168202279832,nan,,,16.62923240661621,,Gaia_DR3,0.6088145520461481,14.305917906792354,0.7141869903511144,0.2872748076915741,12.610274264650661,0.35467544198036194
Gaia,DR3,2899734250632798080,94.33673614756367,-26.258559677513837,13.48720932006836,0.9409904479980469,4.8726582598920345,2.9798937011690314,41.10653442181871,23.366434966044288,49.53470230102539,1.5507687330245972,1.9024906515488427,nan,,,1.3466780185699463,,Gaia_DR3,0.4150355554654528,11.666706838578246,1.746981848375493,0.01253576297312975,10.236669643525513,0.01588810421526432
Gaia,DR3,2897177370702126848,91.5420035397853,-29.883278077690154,19.825424194335938,2.4656314849853516,4.8320828059391365,6.543167997064301,58.75807921795685,21.403253715766482,,,1.9694659580851834,nan,,,0.9714331030845642,,None,1.1141513600632855,12.648234321351122,1.9090920984897906,0.3064909279346466,10.806249971831834,0.3144068717956543
Gaia,DR3,2899420580587656576,94.77164519498778,-27.155107283531233,19.322309494018555,3.013631820678711,1.6269808028046284,3.9568284507834197,42.34345724505684,22.914829500944098,,,2.1370774104329366,nan,,,1.0387263298034668,,None,0.35048071723789853,13.269906765288042,-0.2626963234784046,0.21826910972595215,13.67150135438526,0.26051849126815796
Gaia,DR3,2899174362994749312,97.22939395144006,-26.136535999241712,14.878962516784668,1.2553234100341797,1.9349257714544876,4.575392702502101,64.35973243558686,23.436463056817892,54.268104553222656,6.027338981628418,1.839914485542256,nan,,,0.9584255814552307,,Gaia_DR3,-0.2614874545861605,11.265184533740413,-0.3466645537732722,0.015517337247729301,12.010839782990022,0.018723977729678154
Gaia,DR3,2899752774830143104,94.11519921600511,-26.065493665380913,17.270418167114258,2.1259803771972656,3.3527729490928735,2.7285881931717495,32.192803839154294,23.460439005245743,,,2.120119684122432,nan,,,0.9851580262184143,,None,0.5209863015375777,12.965157466929156,0.10711921011621184,0.050542693585157394,14.40536814600295,0.05891966447234154
Gaia,DR3,2899297538360203904,93.83610997086735,-27.67001355195695,20.10732078552246,2.462736129760742,4.9072980836044655,4.227849059114397,66.1736550654911,22.634142970379607,,,1.8244790240887545,nan,,,1.069957971572876,,None,0.5117203082745236,11.404591686999682,1.387976761194691,0.3943936228752136,9.732887273579507,0.47783929109573364
Gaia,DR3,2899015410546832640,95.96724172130554,-27.023117289506033,11.90356159210205,0.6766986846923828,2.48020422740212,4.372285037833317,48.58392157672452,22.9904685678501,29.432878494262695,0.7344465255737305,2.1640599747140614,nan,,,1.0490726232528687,,Gaia_DR3,0.032651357554076554,13.415155058692054,-1.0962131557382744,0.010086167603731155,13.492088508311841,0.013069809414446354
Gaia,DR3,2899228239062663552,94.63053136526693,-28.200001824205696,19.44007110595703,2.3979949951171875,2.656058153841538,4.900996405115302,48.22274478607882,22.372463051114853,,,1.9391278885362089,nan,,,1.0003113746643066,,None,0.3520919829504843,12.209306129589464,1.437443905274501,0.20215992629528046,12.239208286304597,0.2300485223531723
Gaia,DR3,2909363365449745280,90.46443484169409,-29.50863999782394,14.914932250976562,1.2411565780639648,4.623773131400578,6.466096101868788,57.010868601574195,21.55277700797572,37.811744689941406,7.1441802978515625,2.088975656768206,nan,,,1.0128917694091797,,Gaia_DR3,1.4610436661488349,13.341546695336238,-0.47657536405247236,0.017703449353575706,13.967452168805908,0.01961423270404339
Gaia,DR3,2900077783595959936,95.1457799967831,-26.102063224563903,16.09050750732422,1.7423152923583984,4.22888362874474,3.1950468229001223,27.609555354011572,23.45583483132037,,,2.018857539607297,nan,,,1.6035667657852173,,None,0.23702599890709664,12.35518506100207,1.8500155090310393,0.04332830011844635,11.556735283944011,0.05308448150753975
Gaia,DR3,2899400514495269248,95.15719353019996,-27.09581779926231,19.2327823638916,2.462797164916992,3.7734313365948653,4.048711357652665,39.31499998005615,22.949252334896713,,,1.956612838520686,nan,,,1.0269618034362793,,None,0.22693675726161633,12.140381165038306,-1.1219716974725746,0.1821904480457306,12.916882631771477,0.2502140700817108
Gaia,DR3,2899555893529381760,93.50009289172885,-27.265478774564507,12.503219604492188,0.6678323745727539,3.0447627565914224,3.7890050922899547,68.90297954617847,22.83534554209733,45.85708999633789,0.7568432092666626,1.8057137115203674,nan,,,1.1051467657089233,,Gaia_DR3,0.5819679281023937,11.224676098715435,1.739507061393632,0.009157266467809677,11.165961357999208,0.010819423012435436
Gaia,DR3,2897737193920055552,92.9666769206881,-28.63702164175553,19.733612060546875,2.8112621307373047,4.580759734058079,5.146244840365007,55.29174549617767,22.109705242101178,,,2.1778548777036235,nan,,,1.0690046548843384,,None,0.8464306059391911,13.781754747077533,0.22838916231242828,0.293150395154953,11.771528319895953,0.3807457387447357
Gaia,DR3,2899597640611243008,93.39052342821212,-27.02870053896626,17.110445022583008,2.1661415100097656,4.053979037296634,3.544986759670435,30.70263239067925,22.954269617229194,,,2.039639947316636,nan,,,1.0013527870178223,,None,0.685168469955781,12.637513605722432,0.5666182768522796,0.04653886705636978,10.898433498503245,0.05517726019024849
Gaia,DR3,2899652753632198144,94.67109676984539,-26.784036194630517,13.374093055725098,0.7997293472290039,4.342073309584644,3.5802868351121244,57.602636887085886,23.103718557848403,45.088375091552734,1.8924680948257446,1.8454295852225622,nan,,,1.0056759119033813,,Gaia_DR3,0.32575707904805107,11.400695496613666,0.028054914611581272,0.009258073754608631,9.737916496446203,0.01119475718587637
Gaia,DR3,2899779296250276992,95.36511901043355,-26.88098122515353,11.734394073486328,0.9902191162109375,2.8192250087363107,3.953070759355216,66.94949196083476,23.060961334131196,59.363651275634766,0.2828085720539093,1.8159945127404413,nan,,,1.0203593969345093,,Gaia_DR3,0.16359841488263704,11.235136636355474,1.1771619955953592,0.009712682105600834,10.864270129149386,0.011388092301785946
Gaia,DR3,2907764057067629824,85.51773015878793,-27.68150996671679,15.465065002441406,1.4653701782226562,1.6795754188208227,8.028029040989653,69.05206817419216,22.14290536935575,,,2.0523508212253967,nan,,,1.0598200559616089,,None,2.687035957372921,12.72073574503854,3.4083991737466337,0.02203824184834957,12.633003128146907,0.02797260507941246
Gaia,DR3,2900317442770775936,95.56170594381965,-24.69940104860306,16.818872451782227,1.940932273864746,1.0347165586795712,2.5388618794157836,61.559174824101376,24.161820449303566,,,1.814038798006735,nan,,,2.6206161975860596,,None,0.11900389253979204,10.879177202236356,0.510705555898203,0.09425245225429535,10.93524336318665,0.11545240879058838
Gaia,DR3,2897890030330919040,91.7840411453006,-28.346408226314345,20.25911521911621,2.310474395751953,4.798108895627882,4.9991440653411665,46.79793276066734,22.22177680165138,,,2.1096503388501566,nan,,,1.026485800743103,,None,1.1300416556221746,13.29051297468498,0.8378675138876235,0.42269766330718994,15.404305270836188,0.49747204780578613
Gaia,DR3,2897812961440601088,92.12235633576317,-28.866071975508426,13.10932731628418,0.7929086685180664,2.626571479010605,5.446785512406902,51.0396775522226,21.962617236835424,45.55897521972656,1.8251917362213135,2.1192542601002757,nan,,,0.9511367082595825,,Gaia_DR3,1.0461103831571439,13.443678199217043,0.09809560725704639,0.0102044977247715,12.752124443584087,0.011256404221057892
Gaia,DR3,2898086117062740352,95.44795124752076,-29.659809477974363,17.999309539794922,2.401552200317383,2.2384068438053286,6.510188429771162,68.78945780619154,21.61249924326924,,,1.8835126459434444,nan,,,1.9123649597167969,,None,0.1502486524894211,12.08348282314224,-0.5328292694145202,0.18375951051712036,11.51484306288619,0.21317358314990997
Gaia,DR3,2899790879778880512,95.96636494268716,-26.881823779116402,18.90328025817871,,1.4102637266704092,4.259466553665951,57.39865912417515,23.06286580118811,,,1.8623053445899782,nan,,,1.040429711341858,,None,0.028301869591740747,11.522249390632389,0.24558706074928693,0.14977909624576569,11.013009100146041,0.210665762424469
Gaia,DR3,2899598190364118912,93.30483976669471,-27.03179647759608,18.821487426757812,,0.995063065274324,3.5434733974012715,47.50655244302251,22.95052755834906,,,2.1887769756765745,nan,,,0.9267705082893372,,None,0.7586015233125352,13.561624646547259,0.521329063827835,0.13456971943378448,13.168547471158139,0.21127405762672424
Gaia,DR3,2909907756846819328,91.23895145283404,-28.328574984980538,18.115478515625,2.5192699432373047,2.5463941372364887,5.1216684342085825,44.53435267768636,22.208463034747382,,,2.0067971494251293,nan,,,1.0589810609817505,,None,1.2107698888490952,12.634463702191825,1.2901855748434838,0.09811781346797943,13.708792138938126,0.10444371402263641
Gaia,DR3,2909776747462305408,90.14806110516416,-28.145216538270063,15.075904846191406,1.2729225158691406,2.8407604237334967,5.364008874663843,51.80230034736209,22.250459384868535,,,1.939962392447134,nan,,,1.0138744115829468,,None,1.4328843142240184,12.172844841144153,1.7415769013331401,0.01840057224035263,11.052839197117349,0.02142583578824997
Gaia,DR3,2908080407179165312,85.71381974219238,-26.88485347463674,18.536466598510742,2.6267948150634766,4.842718601198726,7.50514125528337,69.54536542319173,22.56805946951102,,,2.154740975756317,nan,,,1.0254902839660645,,None,2.7693363889450406,13.218457827303002,1.0123632142769072,0.10758887976408005,11.89482786437646,0.13543619215488434
Gaia,DR3,2899824895921728384,95.9293506945928,-26.35277539710536,15.102495193481445,1.255096435546875,4.2627563015770225,3.8332809184954426,34.75619863076809,23.332650666175194,,,1.984563844842486,nan,,,1.027039647102356,,None,0.03930983235267327,12.188989807413051,0.03344488166540588,0.017207400873303413,10.405607145921831,0.022673264145851135
Gaia,DR3,2897775371886805504,93.27912846596843,-28.193656769178318,11.015080451965332,1.0432701110839844,1.1015579008727667,4.703488120667912,44.46738686398883,22.349585697479835,,,1.9575293923163168,nan,,,0.8986415266990662,,None,0.684715970551077,12.31834840644334,1.0371236626730813,0.010004625655710697,12.605486987523253,0.012360459193587303
Gaia,DR3,2897890030333531392,91.7853999290012,-28.34722499264995,15.483485221862793,1.5546503067016602,3.9274041986675248,4.999643974822108,53.2068575600074,22.221404065132543,,,2.168794896669343,nan,,,0.9870184659957886,,None,1.161356605997229,13.663273727948845,0.9262677761787956,0.02261107601225376,15.443441876666647,0.025390543043613434
Gaia,DR3,2899851971395477376,95.26886201739943,-26.59760533491736,14.996459007263184,1.3137016296386719,4.026021888636014,3.6672555543209664,68.99528937570727,23.205047080275364,,,1.80335394969268,nan,,,2.3989017009735107,,None,0.18407992133664264,11.113277041071301,1.5563080512238945,0.04035309702157974,11.79120248263323,0.0472588911652565
Gaia,DR3,2899871281568554624,95.79446932288467,-26.343436979895685,12.400140762329102,0.6873617172241211,3.589205281474655,3.7459220429073983,52.858481940733576,23.337113673279177,41.93638610839844,2.119614839553833,2.215825658039007,nan,,,1.0818285942077637,,Gaia_DR3,0.08111874614515457,13.60753334856362,0.135908372705556,0.009040211327373981,15.283221387374926,0.01119200699031353
Gaia,DR3,2900007376195668352,96.1726220781804,-25.761388247796503,20.31554412841797,2.184530258178711,4.370923942999766,3.5878768546420274,47.931954182224395,23.632006830022682,,,1.8873014943196869,nan,,,0.9686235785484314,,None,-0.019806577601410247,11.495133642565884,-0.25903321397053075,0.3750322759151459,13.217625672732057,0.5067344307899475
Gaia,DR3,2900219513218211328,95.96849293020654,-25.402589061530005,18.875656127929688,2.507051467895508,4.827719082551827,3.224318488278859,28.169144926389578,23.812318661709245,,,2.008076380697182,nan,,,1.0011382102966309,,None,0.02998491027880057,12.167811850530295,-0.8261810878862587,0.13859440386295319,14.023511151649169,0.1903410255908966
Gaia,DR3,2909031965773825920,84.80377903459137,-25.618238889402956,15.715699195861816,1.5262832641601562,4.825794895870158,7.850738306469351,68.23233607475984,23.11433319332528,,,2.0019621106089946,nan,,,1.0320441722869873,,None,2.795872730010553,12.04910932589975,1.984959441184806,0.02370740845799446,10.1808599829334,0.029288170859217644
Gaia,DR3,2898102132999338880,96.03790114603486,-29.593478506646488,17.804170608520508,,1.0301341526989733,6.636937687517793,58.42429896704647,21.64951882824018,,,1.9873823023556294,nan,,,1.022032618522644,,None,0.012493697314523544,12.739784682120433,0.4138802788681252,0.23088207840919495,12.898386606485081,0.1822274923324585
Gaia,DR3,2903318387959154432,89.8807072483224,-30.087822793820834,15.94321346282959,1.5840749740600586,4.497177626593544,7.198323833111701,62.93723901791803,21.214896244019236,,,1.9938301070543685,nan,,,0.9604604840278625,,None,1.538697998764167,12.817378266683399,3.389161984069334,0.029687583446502686,12.431590424925904,0.03415583074092865
Gaia,DR3,2899708656926182272,93.63983077889874,-26.571559901209262,19.172672271728516,2.661161422729492,2.566474185360215,3.115592117612902,40.756625421811044,23.193793188969014,,,1.9079272479531668,nan,,,0.998060941696167,,None,0.5817331056893891,11.748531494889003,-0.4434788215419326,0.1590547114610672,11.868971222324081,0.2155255526304245
Gaia,DR3,2910087389560194176,92.1457648737874,-27.30521269491312,19.41594123840332,2.5003738403320312,2.4546514175272014,3.911844644803307,34.0662474598208,22.7744282652906,,,2.048429042478924,nan,,,1.082274079322815,,None,1.005190861598419,12.731253373885316,1.1492318590003623,0.21251258254051208,13.78141169626251,0.27051839232444763
Gaia,DR3,2910292830732557824,90.89450613974907,-26.79530793095219,14.510265350341797,1.0983028411865234,2.095735109816641,3.8660234268308247,64.34749139850854,22.983199457371423,38.67708206176758,3.35473370552063,1.8243855247569718,nan,,,1.086113691329956,,Gaia_DR3,1.1786892781899119,11.250133828871421,0.4763164948972441,0.014328962191939354,11.645527578620571,0.01808352954685688
Gaia,DR3,2904787296836828672,87.26522910110113,-27.860003148747534,17.550989151000977,2.2196731567382812,0.6924700136781509,6.844037264961909,60.743883670735656,22.204917255456525,,,2.1017036723228917,nan,,,1.0057082176208496,,None,2.300721199312329,13.093159247601605,2.2416448957010418,0.06011229008436203,12.792094678161483,0.07351639866828918
Gaia,DR3,2909468089635911296,90.66372364576593,-29.181522497870453,17.76190948486328,2.2737503051757812,4.460813691715998,6.097792692370851,52.9054144873843,21.735167867035553,,,2.062483389985122,nan,,,0.9857920408248901,,None,1.3915537335442494,13.121001844530895,2.5386751210981835,0.07780762761831284,11.55707156753214,0.09911806136369705
Gaia,DR3,2898637870038321152,97.02420778246695,-28.3330120243276,19.53107261657715,2.3479766845703125,4.847209134549595,5.981829628740224,62.18896699205776,22.308780053514955,,,1.8998000731769131,nan,,,1.0308921337127686,,None,-0.22145033339112263,11.98369352406778,1.4899939525320522,0.23533812165260315,11.06741035401664,0.27290642261505127
Gaia,DR3,2903390440328091776,89.58600548168816,-29.68180585067092,15.229432106018066,1.3543729782104492,4.84072967583485,6.946057333174352,64.93569963172801,21.413577859132953,,,2.149657639550248,nan,,,1.3773207664489746,,None,1.7373810479916845,13.746274519163102,-0.3806949755034206,0.030421849340200424,13.175358443709891,0.030515754595398903
Gaia,DR3,2909507470190993664,90.98821352546999,-28.77718390562786,19.317235946655273,2.5941543579101562,4.54391034087222,5.618551175134625,48.395223999140974,21.962852045942082,,,2.0372697111863816,nan,,,1.073409914970398,,None,1.2925443770854854,12.897993031095876,-0.6491080904824708,0.1953834742307663,12.702145921366558,0.2575330436229706
Gaia,DR3,2898508226448873088,95.45580080403498,-28.320480294947366,20.053483963012695,2.498027801513672,3.4199077642361098,5.266807600482862,45.81086217417457,22.317477304051234,,,2.006036787735564,nan,,,1.0336054563522339,,None,0.15806115709236224,12.652247912014582,1.5750703586734558,0.3493313491344452,12.362876589061873,0.40111687779426575
Gaia,DR3,2900077096401188224,95.208960468153,-26.112471524570843,18.720693588256836,2.5724143981933594,3.8533823841600316,3.2368446330748606,33.35805481105616,23.451096917147744,,,1.954285571904696,nan,,,0.9321689605712891,,None,0.21406674765734302,11.961875790479501,1.586865493086897,0.11460725963115692,12.759164515557178,0.13761205971240997
Gaia,DR3,2910126971978973824,91.69909253150702,-27.21545846836841,19.41971206665039,2.4755516052246094,1.161217475427494,3.9365052099445115,55.68795239130505,22.803514530892382,,,2.2277629488111406,nan,,,1.0970665216445923,,None,1.2168141505458916,13.82493604279688,0.6739820670879888,0.21293610334396362,13.772610722236143,0.32336968183517456
Gaia,DR3,2910046059092121216,92.24735024847492,-27.500187974250547,13.419453620910645,0.9003257751464844,3.9658822702169054,4.083399128170797,48.24031726784982,22.67764768187381,92.78125,1.3837250471115112,1.9013332238624092,nan,,,0.9949526190757751,,Gaia_DR3,0.9090055640721073,11.848803538239117,-0.6698020157321948,0.00906919315457344,11.663837737920877,0.011166456155478954
Gaia,DR3,2898883198573418368,97.78680562881502,-27.011938120554458,19.344472885131836,2.570455551147461,4.361794574854276,5.498271592456805,57.58783254189233,22.98302707536063,,,1.9058308404995083,nan,,,0.9979243278503418,,None,-0.4031410169531582,11.809871240394415,1.1157618645609686,0.19674436748027802,12.683912197297541,0.20773358643054962
Gaia,DR3,2898887115582038656,97.99373936587354,-26.949892290222508,14.358776092529297,1.1274089813232422,3.66764489737011,5.605708715330828,50.16074632851906,23.011399296144678,46.00392532348633,2.6122703552246094,1.9783689417609511,nan,,,1.015315294265747,,Gaia_DR3,-0.4694545597442059,12.248247715590077,1.0577430352009214,0.012701422907412052,12.334444340121145,0.01469073724001646
Gaia,DR3,2898824855736700288,97.88773461973514,-27.303253013567193,12.569319725036621,0.8263931274414062,2.530181648667233,5.753180910128908,65.42718830602624,22.83175855133892,44.704490661621094,0.8154324889183044,1.8710701342409837,nan,,,1.1143444776535034,,Gaia_DR3,-0.41930013517833187,11.640112860979993,0.5142617500280353,0.009118829853832722,11.992927026293664,0.011273771524429321
Gaia,DR3,2898870691624012544,97.4905945408641,-27.09255804348958,19.46388816833496,2.428232192993164,3.6308516565713322,5.348214238878583,54.67567948137251,22.945883749458968,,,2.161689828997469,nan,,,1.0218231678009033,,None,-0.3775328490075278,13.411070219227764,0.03451260933424982,0.19304561614990234,11.808596542979139,0.25717273354530334
Gaia,DR3,2899202499321952896,94.31326826308235,-28.380584709828053,17.95082664489746,2.3693904876708984,4.4378831164007195,5.005386756765082,63.469177330479745,22.27363071044995,,,1.8556495824415578,nan,,,1.1206659078598022,,None,0.41023889614241815,11.710263482669317,-0.5731535003178485,0.09531252086162567,10.279591756290724,0.1110026091337204
Gaia,DR3,2907813358994714624,86.85820463138651,-27.523051142996497,19.23162078857422,2.3437232971191406,1.8751998883578647,6.935596094947292,66.47691924405784,22.344767827025823,,,1.9235268779887476,nan,,,1.0552170276641846,,None,2.2019869983280063,11.922891663651209,2.444604853878608,0.18505440652370453,12.643538246130754,0.22628507018089294
Gaia,DR3,2903483894521249152,88.21424869505812,-29.732235921661136,20.136192321777344,2.4626712799072266,4.4342221857549475,7.621989600128114,67.35620566795899,21.298878519709408,,,1.9788900349065608,nan,,,1.0001332759857178,,None,1.9348305842200295,12.641157908185,1.2301275523652924,0.36944228410720825,14.351491979730394,0.4247913062572479
Gaia,DR3,2910456898483178880,88.4836133692404,-28.47430216473398,16.262184143066406,1.7875337600708008,2.6444398922235126,6.490655211885863,56.94679090856867,21.97736772475275,,,2.0833565531091183,nan,,,1.02074134349823,,None,1.967705721874108,13.104277156914364,2.926068272321512,0.029000716283917427,12.44820295516345,0.035132236778736115
Gaia,DR3,2910183498043633152,90.79503894934795,-27.622881747747165,20.053226470947266,2.466583251953125,1.262228549656765,4.629932713895654,40.18144991459308,22.553833242387945,,,2.0104279578647724,nan,,,0.9536524415016174,,None,1.3236912924565556,12.535803823837853,1.2712555348905965,0.3418360948562622,13.068183478316445,0.4375946819782257
Gaia,DR3,2910390240590848128,91.27607791876422,-26.720370464680496,13.262419700622559,0.8791637420654297,3.9699889813932296,3.6318009212222124,39.28121419182317,23.03896379659524,39.06875991821289,1.5722076892852783,2.129988280720354,nan,,,1.063704013824463,,Gaia_DR3,1.2752800704008669,13.12509538986907,2.4392401506254164,0.008928956463932991,14.475249854609723,0.011038356460630894
Gaia,DR3,2899839052133851648,95.34846687508121,-26.662191898413607,16.6816349029541,1.962554931640625,3.4998327790481705,3.760102563722392,47.544284596507396,23.172673188438736,,,2.181709329425987,nan,,,0.9564427733421326,,None,0.20106974982542347,13.457076991843564,-1.4064403953191786,0.04024730995297432,13.373815760868457,0.042499031871557236
Gaia,DR3,2900152619102811008,95.04949656451656,-25.673619713492926,20.300859451293945,2.155506134033203,1.5318552452867158,2.802159738728432,38.67542283881625,23.671229198770316,,,2.157893246711993,nan,,,0.9788639545440674,,None,0.27922601427720206,13.125664075403323,0.27867232701372646,0.3417408764362335,12.428814796190364,0.47149237990379333
Gaia,DR3,2907858546346471552,86.29734089284989,-27.3056159563835,20.184667587280273,2.1344127655029297,3.587301396106679,7.241176090092549,62.29651693185214,22.407492719856634,,,2.036891954957321,nan,,,1.0646328926086426,,None,2.472109398346739,12.57826700486696,1.2936509803377318,0.3689565062522888,11.586299961306445,0.48244956135749817
Gaia,DR3,2899741298677553792,94.06247222150574,-26.266542726819978,17.871789932250977,2.579862594604492,3.7198342029090306,2.904190756953122,42.09670740678873,23.35759783152862,,,2.1751837052707264,nan,,,1.0258225202560425,,None,0.5487949043542413,13.339361385966736,0.49938469485831427,0.07617692649364471,15.044377740206523,0.09363865852355957
Gaia,DR3,2908123769168800128,86.21464817246381,-26.440397053215868,15.357301712036133,1.5104312896728516,3.3095950249717454,6.913493710391606,60.92920030776372,22.83951133082402,,,2.0945091979735584,nan,,,0.9863296747207642,,None,2.5632949723555165,12.781451418172356,2.3046355239403145,0.019996806979179382,11.343194838702221,0.023528335615992546
Gaia,DR3,2910965113373271424,88.09081925002326,-26.593176442310916,16.827678680419922,1.998239517211914,3.99743837922161,5.506434124041363,52.46703300893327,22.91615880333179,,,1.9441158412044688,nan,,,0.9957964420318604,,None,1.9304345200834976,11.92022064574668,0.358870106963029,0.04122143238782883,12.38307522292929,0.05136682465672493
Gaia,DR3,2910757443114654848,87.71854653817236,-27.535685202450534,17.11257553100586,2.125528335571289,2.5853420813767403,6.328033871960407,56.80766015750883,22.4072031495251,,,2.104942474155692,nan,,,1.0254406929016113,,None,2.1867439356656573,13.06552931616375,1.0395176850146899,0.04981289431452751,13.06382500810206,0.06565025448799133
Gaia,DR3,2900294176931470592,95.89485782180377,-24.995178519617824,18.586833953857422,2.6027145385742188,3.9007084569677652,2.946713470965156,25.63847082646887,24.01585777209758,,,2.040374289131361,nan,,,0.9583818316459656,,None,0.04918177444628924,12.290306866696337,-0.3013632250525576,0.10371421277523041,10.649517798853573,0.14589907228946686
Gaia,DR3,2910283446226941696,90.6545663093529,-27.014981767912552,17.80429458618164,2.410715103149414,3.7844942175303204,4.16605583565632,58.76539903916191,22.859263857729406,,,2.240255546515248,nan,,,1.0292667150497437,,None,1.5140401857269685,13.853334938570981,3.196195982723657,0.07371006160974503,13.249362851065243,0.09551085531711578
Gaia,DR3,2910467618721454208,88.81598818648163,-28.202471120589692,16.859798431396484,2.0978851318359375,4.684609168441972,6.093848026638909,52.46414504573087,22.140976548936383,,,2.0339561916023845,nan,,,0.9590916633605957,,None,1.837547785582188,12.753820472117996,-0.1438271164749816,0.043912358582019806,13.083768109139438,0.05136789754033089
Gaia,DR3,2910692812446606336,89.04537422209354,-27.070804947191867,18.048255920410156,2.359895706176758,2.7009853617731405,5.131800352314781,47.905512475313785,22.73875290039559,,,1.9581475093340608,nan,,,1.0130373239517212,,None,1.7135456786855023,12.098614321316484,0.6100903115090655,0.0861445888876915,12.258364398962193,0.10689906775951385
Gaia,DR3,2911148830598067584,90.07268675413523,-26.130884690964326,19.784156799316406,2.4258270263671875,3.3022202224253845,3.8187778034399513,33.03257970044388,23.278084909499647,,,2.0394869439788104,nan,,,1.004260540008545,,None,1.5254388206922966,12.452075128582806,1.7141252158442912,0.24172566831111908,11.04489821975805,0.3240325152873993
Gaia,DR3,2903616046372890496,88.73164404769047,-29.20596472645226,14.20548152923584,1.0276689529418945,4.533308614103257,6.931595366523676,59.711385327325985,21.611463081726665,39.11884689331055,2.7727150917053223,2.0502922710849822,nan,,,0.9756234884262085,,Gaia_DR3,1.8736716801895414,13.020655813695722,3.5101314340534664,0.012975506484508514,14.098261880327023,0.016770312562584877
Gaia,DR3,2900070293172773120,94.96212553009185,-26.045355920420626,17.868688583374023,2.601919174194336,0.4069085788952247,3.054519202900166,26.574771268514965,23.482777582375846,,,2.0410764716519765,nan,,,1.0098176002502441,,None,0.28631958802181146,12.480790719823474,0.26741789243237674,0.07172146439552307,12.654851829897705,0.09812162071466446
Gaia,DR3,2911742326358195840,93.36196794138907,-26.216437010023604,19.44672203063965,2.5688133239746094,4.2239549384769886,2.733161974875693,53.86452529013315,23.367626730542167,,,2.246140154494422,nan,,,1.0113966464996338,,None,0.7625177365641784,13.761229965647598,1.5946846706075712,0.19653429090976715,11.942488784908734,0.22739994525909424
Gaia,DR3,2909785951575842048,90.494051319036,-28.10486939599774,17.669599533081055,2.2003536224365234,4.359207789572002,5.180334050407467,50.496575614208616,22.28950955920517,,,1.938639410671478,nan,,,0.9960678219795227,,None,1.3487798894495127,12.162087837188052,-0.4241478720418231,0.06734026968479156,11.987111048400642,0.07959558814764023
Gaia,DR3,2910456898483179264,88.48340099558537,-28.475289607480388,17.367082595825195,2.354473114013672,3.6852983390812453,6.491523612166808,63.95344494134095,21.97683925506247,,,1.9151429648321618,nan,,,1.4747436046600342,,None,1.8088801865106663,12.046366378300602,3.0458599909288284,0.07796526700258255,12.873191544306477,0.09290183335542679
Gaia,DR3,2903600137811900288,89.15474375175823,-29.384029728604443,19.96906852722168,2.592519760131836,2.889821722988721,6.8747994055237704,66.7947573257055,21.544875368306055,,,2.1756339190281047,nan,,,1.0210334062576294,,None,1.8744455957370576,13.854410848407182,0.6802251800503336,0.32091501355171204,13.279491215636089,0.3631892204284668
Gaia,DR3,2909855740500771456,90.0874085020911,-27.81168398796588,16.57975196838379,1.8145418167114258,2.8026852854919,5.108454622446516,58.06492455572707,22.419941679835546,,,1.886343507217346,nan,,,4.457397937774658,,None,1.4074547135725664,11.78396489288887,0.37444565353790005,0.1478012502193451,12.202341348294352,0.17793643474578857
Gaia,DR3,2912639600864224256,93.85937168314928,-24.086338697322073,15.591419219970703,1.0165462493896484,0.3299117999782914,0.9038253950656248,43.80020571116208,24.44256197140365,,,1.861346076005849,nan,,,8.34278678894043,,None,0.5166713923858395,11.056866900004193,0.569054790710004,0.16708210110664368,11.175249248018897,0.2067733108997345
Gaia,DR3,2910926763608298496,88.76693264275518,-26.70698026790224,19.45545768737793,2.645183563232422,2.5753796813360683,5.08200291517854,50.22958167361708,22.905916542032486,,,1.9346418650153974,nan,,,1.0723307132720947,,None,1.7595495664440857,11.890444243899017,1.9204089375831035,0.235655277967453,12.928401318880386,0.27980682253837585
Gaia,DR3,2912111109430656640,92.74513067835747,-25.081615743681137,19.069046020507812,2.5147857666015625,2.1531139560205137,1.6244372709337933,24.484893253162863,23.920777525474996,,,2.110030322602455,nan,,,1.0149803161621094,,None,0.8782068021366634,12.715167946066531,1.83434713546226,0.14021608233451843,12.659859594555817,0.1859600692987442
Gaia,DR3,2910178962560025984,90.85162967230752,-27.73422216304359,15.643729209899902,1.4952325820922852,2.4296341477415746,4.706747806102184,42.891187467630694,22.49906464731357,,,1.9742981901582108,nan,,,0.9397034049034119,,None,1.2860447291494017,12.329344978549758,2.2969214194638976,0.021835077553987503,12.355629059117913,0.028663799166679382
Gaia,DR3,2910383884039271936,91.20831760666957,-26.767763887243785,14.173853874206543,0.9726905822753906,1.1510069693225893,3.70202287166366,34.70745845073907,23.011775428249464,1.5949561595916748,2.984027147293091,1.973059532356704,nan,,,1.0551238059997559,,Gaia_DR3,1.197916553577815,12.16538662284915,1.6742141429851916,0.011554566211998463,12.11698342431524,0.013397307135164738
Gaia,DR3,2909956822554919808,91.72817474665256,-27.74659802597402,17.645523071289062,2.2653446197509766,3.4710642242890195,4.433879455099206,57.048271308542304,22.53098757858246,,,1.868837589470631,nan,,,0.9996715188026428,,None,1.014017267100379,11.680613540021264,2.0880609070169966,0.06474125385284424,10.834167518629613,0.08596712350845337
Gaia,DR3,2911751367267223424,93.5106486069905,-26.04767983334756,12.143423080444336,0.9679183959960938,2.6605897152212155,2.5803427473487903,22.694521233875875,23.456717315429458,99.05352020263672,0.42378291487693787,2.007312947184691,nan,,,1.0258252620697021,,Gaia_DR3,0.6443052180422066,12.269586381328768,-0.07463922314991356,0.009526942856609821,13.136003786189463,0.010654307901859283
Gaia,DR3,2911688420226287872,92.68200482673025,-26.44350760003334,13.333931922912598,0.8071126937866211,3.85839835022117,2.976964866344624,65.1435940909751,23.23311167945171,66.39173889160156,2.4566826820373535,1.8069669913362119,nan,,,1.019417405128479,,Gaia_DR3,0.7662538342162386,11.102154053550668,1.9516010219057305,0.010280515998601913,11.971158115889075,0.011158520355820656
Gaia,DR3,2910951781794783616,88.21756888464739,-26.68594866152583,13.375176429748535,0.7845706939697266,2.3047258383347207,5.464230020849506,47.897054287302566,22.87829648333986,60.288333892822266,2.111421585083008,1.9965120294232157,nan,,,1.0832595825195312,,Gaia_DR3,1.9512423123383562,12.25904993076588,1.327201692395813,0.009798538871109486,13.001693855390439,0.011303750798106194
Gaia,DR3,2904804889023036544,87.08748785268942,-27.705151981196313,19.963380813598633,2.4086570739746094,3.776156967840839,6.874949875310928,67.70477301825417,22.270256339121104,,,1.9099233460375173,nan,,,1.0065983533859253,,None,2.1325555064571753,11.87114144225564,3.243619147650613,0.3070701062679291,10.833284221933543,0.3716169595718384
Gaia,DR3,2910271523397965440,90.31390189798996,-27.12830207819167,19.563720703125,2.4863834381103516,3.556492818800897,4.430141329445006,65.76088488858508,22.783758330084048,,,1.8305761601834316,nan,,,0.9412857294082642,,None,1.3144723154417224,11.333929411941131,2.6231788898600534,0.22532221674919128,11.747384695161333,0.27472755312919617
Gaia,DR3,2910529775487983872,88.20779040964896,-28.022812061683414,13.652168273925781,0.8732519149780273,2.9098754097155846,6.32734528577707,57.07974280166913,22.192274480588267,27.117549896240234,2.2346582412719727,1.9674535141601535,nan,,,1.0080620050430298,,Gaia_DR3,1.9252164966529377,12.29871088582317,1.4780586408831082,0.009794220328330994,11.177706847941632,0.011825361289083958
Gaia,DR3,2909879410064416768,89.83045948838723,-27.47247545971687,19.80373191833496,2.141592025756836,4.960102976274012,4.962232934473875,53.60245967622041,22.580496197416256,,,1.905877398663434,nan,,,1.0080674886703491,,None,1.4826806215489294,11.849415364612058,2.580441428793261,0.35134145617485046,13.51266979999058,0.382119357585907
Gaia,DR3,2912849573224990976,91.95289502179907,-25.12313205964768,19.21086883544922,2.797901153564453,3.2143000179750443,1.9442230042454784,16.774615427939978,23.87244955800323,,,2.026723004051873,nan,,,0.9442087411880493,,None,1.0431091517861537,12.215022473165218,1.3968715275451866,0.1563805788755417,10.888047255657836,0.18938563764095306
Gaia,DR3,2913138298107110784,91.64728015754322,-24.239787933960223,12.848626136779785,0.8109683990478516,4.809660364988215,1.536003712902816,43.68358936778571,24.297773250866005,28.843046188354492,1.146918535232544,1.866872766570746,nan,,,1.0305758714675903,,Gaia_DR3,1.0317071178933683,11.103151729346393,0.6349368561594547,0.0088742570951581,12.95396896122392,0.012480294331908226
Gaia,DR3,2912713577380485760,91.56689999837648,-25.67231521088522,17.594648361206055,2.1792354583740234,3.658837066553868,2.594688323962722,40.52532613451055,23.582000893048548,,,1.8957726603465521,nan,,,0.9746409058570862,,None,1.066601442011017,11.513787983443049,1.9304239548001039,0.061454255133867264,12.693608276994693,0.08329304307699203
Gaia,DR3,2910415387622770816,91.00866424540672,-26.356218306245932,17.25765037536621,2.013996124267578,3.331403964963403,3.442006870006644,58.99936934488295,23.21195357423345,,,1.8371876561943317,nan,,,1.1134226322174072,,None,1.1609408723387649,11.261523925419327,1.8577845428162483,0.05725119635462761,12.347406333651186,0.06509511917829514
Gaia,DR3,2910666522949346304,89.02832548805998,-27.40441668700784,17.586538314819336,2.109821319580078,3.1450714682673397,5.376680095092381,46.316887759871584,22.566729638982324,,,2.028788442675447,nan,,,0.9845067262649536,,None,1.7796383178047992,12.591283436035638,3.1168061767605573,0.06465443223714828,12.737261497139157,0.07261739671230316
Gaia,DR3,2911066921278317312,90.51762341256098,-26.463317137650264,18.09619903564453,2.6394691467285156,4.599360135769881,3.7902342819315287,56.09603272373908,23.133506699948867,,,2.234518747745946,nan,,,1.0006898641586304,,None,1.5481037210272381,13.711844640689458,2.1532631352907874,0.08272335678339005,11.631506277707041,0.1063397154211998
Gaia,DR3,2912354926133032960,94.61466083716945,-24.769713091706674,18.998666763305664,2.2937870025634766,2.986346940503851,1.8721344247104132,61.79275155088286,24.11805079804017,,,1.8063953808801632,nan,,,1.0129084587097168,,None,0.3315612748471466,10.843070101929786,1.1191845597317465,0.1417391449213028,11.663386053074777,0.207083597779274
Gaia,DR3,2910480984659689472,88.65238927832517,-28.145726481682363,13.037693977355957,0.7805261611938477,1.7286752578374986,6.14583828264612,63.19250944143258,22.159501458571317,21.355716705322266,1.622025966644287,2.1890783148596515,nan,,,1.0241066217422485,,Gaia_DR3,2.021933254371169,13.71367966292515,2.1440941602061203,0.010320552624762058,14.50201934961578,0.01239023171365261
Gaia,DR3,2910499397181960192,89.20210895498249,-27.917460083068057,15.240004539489746,1.2932281494140625,1.4777368852818902,5.656644705077695,53.291939719312246,22.31339401825245,,,1.9477492627863828,nan,,,1.025410532951355,,None,1.6667005112205113,12.173265825353775,1.2073863683544626,0.01918955333530903,11.776786452720266,0.022317273542284966
Gaia,DR3,2910565509615771392,88.59946363188651,-27.634930279160386,17.609874725341797,2.180826187133789,4.339444881205594,5.808391923557562,50.08849691169734,22.419773475245993,,,2.0227047103620905,nan,,,1.0809770822525024,,None,1.881484787768085,12.585817507113207,0.6563889735649493,0.072519451379776,11.199094825190075,0.0876907929778099
Gaia,DR3,2912861324255355648,92.2749901133525,-24.811618950970246,16.6722469329834,1.9206123352050781,2.8936495014023356,1.5255071586267193,14.962537073321794,24.039398589278978,,,1.9953831269752271,nan,,,0.9487546682357788,,None,0.9471151796635962,11.973655553946424,2.1592756631847494,0.035298414528369904,11.862959485325776,0.05067760497331619
Gaia,DR3,2910762975030744576,87.97505493740252,-27.43193100046414,18.85727882385254,,3.8921294814441003,6.085731342502848,66.83190365796337,22.47972031506664,,,1.8764877239450748,nan,,,1.2954007387161255,,None,1.890074066344504,11.635372792368944,1.6951259866316029,0.29965856671333313,13.162639167171564,0.3295171558856964
Gaia,DR3,2911097531507449216,89.89172208141244,-26.568342195055756,13.205666542053223,0.7418508529663086,2.924513705655343,4.240912140921648,51.86979068087049,23.046261098414064,-0.946106493473053,1.8679074048995972,1.8880006535727873,nan,,,0.9965134859085083,,Gaia_DR3,1.4544510214688837,11.595600075002787,1.9981092409673675,0.008878473192453384,12.624820707845542,0.010728305205702782
Gaia,DR3,2911189413745812480,90.6370846828951,-26.02250817784244,17.229961395263672,2.1333179473876953,2.17497062964838,3.385508958791106,32.98087000878625,23.362708054726518,,,2.092129342350388,nan,,,1.008637547492981,,None,1.418466692505695,12.760474180760596,0.46497782500050455,0.04560008645057678,12.865477000988145,0.06427325308322906
Gaia,DR3,2911298707776766720,89.4102898546457,-26.450295176117322,18.172422409057617,2.4316539764404297,1.8748448790871746,4.474477167450771,41.45524180145146,23.07766148574386,,,2.094380876732683,nan,,,1.0616732835769653,,None,1.7382436410709818,12.835855138313965,1.034072934540113,0.0862436518073082,12.40070563618627,0.1194349005818367
Gaia,DR3,2911929625589579648,91.79547402385693,-26.215823857598537,16.803974151611328,1.8855829238891602,4.546839856350723,2.974737489811724,57.30788018859092,23.317138945043848,,,1.8355735217392133,nan,,,1.0078351497650146,,None,0.980624740269425,11.236065004565942,0.4567792573432608,0.04002748429775238,12.915705038250621,0.05812261253595352
Gaia,DR3,2910000772956497792,91.39855932367882,-27.738467793394662,16.893352508544922,1.7853736877441406,4.731710604541008,4.5189807507545074,67.7555076300658,22.521600925417758,,,1.8244207280395814,nan,,,1.3229707479476929,,None,1.0645899486186252,11.399018014010366,0.45646763889454156,0.05479792132973671,13.114251036432316,0.06618797779083252
Gaia,DR3,2913362838997952128,92.45164406774215,-23.949824075580217,20.04759407043457,2.486572265625,2.4404097263415996,0.7600562450069914,13.736550167351162,24.47071817148874,,,1.9753710478208149,nan,,,1.066286563873291,,None,0.8942412795679542,11.70270883573567,1.7838555454016771,0.29799461364746094,11.211423893392523,0.418893963098526
Gaia,DR3,2913785944816947200,92.4999707491834,-22.57956747660186,17.66742706298828,2.265594482421875,4.332655419283483,1.0740079665571773,32.11188802076393,25.1369595842639,,,2.1580903935707023,nan,,,0.9999673962593079,,None,0.9639922571088766,12.515453844197935,-0.3717618753954042,0.053436096757650375,11.0659328196542,0.0846826508641243
Gaia,DR3,2913198079752759040,91.1650661277146,-24.155203697302877,19.022937774658203,2.4492835998535156,4.223791056905297,1.9026590792607436,68.34203099438268,24.31816068064937,,,1.7848321615916203,nan,,,1.0621509552001953,,None,1.093217471281417,10.598120399841159,2.0501611786227,0.14090359210968018,11.866962975571827,0.21328264474868774
Gaia,DR3,2913573464194381056,91.96204166097294,-23.53378534554647,15.40182113647461,1.3026742935180664,4.262581318864962,1.0577914406493834,67.87603200868146,24.656053600491756,,,1.7813180339682548,nan,,,0.9729585647583008,,None,0.9147804515520446,10.48309536017999,1.0419565315469326,0.017726261168718338,8.887472064626385,0.023976540192961693
Gaia,DR3,2911561667151164544,89.84241165033139,-24.97004491461456,18.318933486938477,2.4602413177490234,4.208641756165807,3.329617769652764,41.32102240748712,23.846500013036923,,,1.9116940703407768,nan,,,0.9274739027023315,,None,1.484376526154354,11.476789161144792,0.7843301044977117,0.08493614941835403,9.931896621041528,0.11143394559621811
Gaia,DR3,2911409831466927872,89.2629092946666,-25.658002407294678,18.258726119995117,2.3801651000976562,3.010174296847669,4.117847679140136,46.633850844606165,23.467967635899978,,,2.161338671316399,nan,,,1.0187954902648926,,None,1.833218503138541,13.097440700262794,2.714586024667967,0.08882129192352295,12.046588735184345,0.11229356378316879
Gaia,DR3,2909845428283167360,89.6064981402276,-27.892486397691094,18.599746704101562,2.5172176361083984,3.8233475087416826,5.41714344045629,47.136837165090036,22.350870191842795,,,2.0051585503165206,nan,,,1.0165306329727173,,None,1.6155094422442957,12.533453580874045,0.0023621785577306667,0.1152392253279686,12.434851382601401,0.1531684249639511
Gaia,DR3,2911743460229568128,93.27455937608497,-26.205508050773798,19.356002807617188,2.736978530883789,1.2150258601412691,2.7168863194722603,24.61947898967749,23.370928135002764,,,1.9951169617986222,nan,,,1.0232404470443726,,None,0.6989976964307854,12.22096842981964,1.1851222457725143,0.2039780169725418,12.378553751659116,0.2667578160762787
Gaia,DR3,2911882690187200512,91.851645318852,-26.22788819462987,15.842707633972168,1.6125850677490234,2.016010034279375,2.965703432921885,31.611692251735995,23.3132410269365,,,2.1054561656706356,nan,,,1.0655343532562256,,None,1.1101143364329795,12.890757545687208,1.6007046346137381,0.024975797161459923,13.639091550874259,0.03567205369472504
Gaia,DR3,2913540165309802752,93.44839652128076,-22.895335684402365,17.526897430419922,2.1727981567382812,4.859159737416779,0.671308428031998,43.63707629424621,25.013094626005092,,,1.8607299308645235,nan,,,1.0441839694976807,,None,0.61166880497843,10.849825285924258,0.8887597793988379,0.05131262168288231,8.964016986144202,0.08194824308156967
Gaia,DR3,2910741465834799488,87.87780801123347,-27.64440970023623,20.07056999206543,2.05621337890625,0.7025932915037744,6.287763472436747,57.77892627195945,22.363338640654472,,,1.955224126623986,nan,,,1.0450416803359985,,None,1.9928248838012115,12.156327305044334,1.7373934995035647,0.39753738045692444,12.292783815183697,0.4749316871166229
Gaia,DR3,2910115328324440704,91.92945097158072,-27.205614518624127,17.35891342163086,2.195821762084961,1.6689779519299293,3.864450780430597,54.36662040061039,22.817584525279482,,,2.2216614200978535,nan,,,0.9850963950157166,,None,1.1499104238224014,13.787407251901467,0.3988767278438651,0.05244504287838936,13.570736835358378,0.06439931690692902
Gaia,DR3,2912046379980740736,93.45295030516536,-25.293970375051646,19.04960823059082,,4.395625063094347,1.827616149750208,44.48224689614299,23.834444965963158,,,2.210635616274868,nan,,,1.2221205234527588,,None,0.7254390075195669,13.367016433959638,0.1712794850961873,0.17202778160572052,15.339103395076249,0.26474836468696594
Gaia,DR3,2910699473938802304,89.27620740582174,-27.161521537355377,18.431182861328125,2.6410045623779297,2.418253939858171,5.04896245738676,44.523110160648905,22.70697750343457,,,2.0713817193897466,nan,,,1.0159355401992798,,None,1.753511361226416,12.817238217447498,2.1087877099509624,0.12026695907115936,11.822823588923839,0.1316760778427124
Gaia,DR3,2912152684713802880,94.4252129128117,-25.58478427473979,18.929668426513672,2.648679733276367,2.824475199890677,2.4080168346142354,65.21583017015008,23.708068705812202,,,2.315094016703814,nan,,,0.9725629091262817,,None,0.4795434973514725,14.062084260006065,1.7351807679051576,0.13919313251972198,14.63090583106106,0.1798250675201416
Gaia,DR3,2912244979268579072,93.82058118352845,-25.02955120250847,17.947126388549805,2.174957275390625,2.248224448362378,1.6663136584497498,56.784231068290566,23.97488890101807,,,1.8217162551624386,nan,,,0.986652672290802,,None,0.51446643289631,10.974466061317381,-0.3455399597909473,0.07633588463068008,11.05093442482818,0.09372933208942413
Gaia,DR3,2912476937564486144,93.75924331596774,-24.660306782647464,18.532163619995117,2.533538818359375,3.6642212039531348,1.3076776254332652,42.31261431375526,24.157111036070642,,,2.2060654292477024,nan,,,1.0130672454833984,,None,0.6398511927187487,13.217419701889117,0.24704271736485467,0.09690463542938232,14.875614168927157,0.12479468435049057
Gaia,DR3,2911864612666258816,91.96913941572416,-26.416289229769273,19.393056869506836,2.632129669189453,4.1963502231650205,3.102738162950229,36.15837548334679,23.222205487358938,,,2.1315003733748252,nan,,,1.0123167037963867,,None,1.0927339475426088,13.085623857831012,2.7016903358786752,0.19883385300636292,14.068847302190493,0.27929380536079407
Gaia,DR3,2913911770176187136,87.02923189457445,-26.61189741248493,15.982112884521484,1.7067108154296875,2.54840663442007,6.332950838669448,58.486498156193306,22.823548736062,,,2.127646202810806,nan,,,1.0048755407333374,,None,2.3909053733070467,13.030195666021507,3.0645843084366673,0.027517981827259064,12.106786104697543,0.03263936936855316
Gaia,DR3,2914094972004868864,87.70362194650441,-25.626856242084386,19.389158248901367,2.4912548065185547,2.996732658014555,5.363736066148228,46.98921768446654,23.373715877906346,,,1.9974765786174873,nan,,,1.0037939548492432,,None,2.0787755167712048,12.076873109430005,1.7651207480818454,0.19109952449798584,13.299159261039826,0.2356664389371872
Gaia,DR3,2910965113370823552,88.0902605552521,-26.594259816722648,19.06444549560547,1.3573589324951172,4.819323163886453,5.5074451799662105,69.07683899863315,22.915568163760188,,,2.2639459042869947,nan,,,0.9883856773376465,,None,2.2481698648629145,13.881435132195229,0.808563464385572,0.15607474744319916,12.087580996549804,0.18770958483219147
Gaia,DR3,2910372098649124352,91.76383856204153,-26.600242398534334,11.706811904907227,0.5816440582275391,4.846214938220613,3.339960834770157,29.386882355028813,23.120669812558965,3.8082799911499023,0.9063248634338379,2.051337868929388,nan,,,1.0503047704696655,,Gaia_DR3,1.1039539038850927,12.623962081495092,2.666671503775638,0.010973386466503143,11.22756888935709,0.014651305042207241
Gaia,DR3,2910383884039272448,91.20527675688425,-26.767029352151344,12.947171211242676,0.7481107711791992,2.3900436231704547,3.7026594626038616,35.636236069055634,23.012013713767786,3.283315896987915,1.6538716554641724,1.964524308854041,nan,,,0.9743795394897461,,Gaia_DR3,1.1934759223672287,12.112609814643182,2.0920170434945384,0.01036715880036354,11.697447317184107,0.011934997513890266
Gaia,DR3,2910306608987612544,90.6006105353902,-26.794323002132806,19.091266632080078,2.6284961700439453,2.091358259593834,4.009900701701992,64.70643767885002,22.969283187559828,,,1.8258141742447556,nan,,,1.0025092363357544,,None,1.2461620967673595,11.255986908896947,2.0001169599518183,0.16160142421722412,10.973996325120455,0.2165781855583191
Gaia,DR3,2911010017255100928,88.51966677852667,-26.14992183530432,19.975431442260742,1.9358596801757812,4.1620219302779535,4.944591166402025,68.99728207776482,23.171114749502618,,,2.282642855509383,nan,,,0.9975672364234924,,None,2.1457679012293056,13.917369959668045,3.62528027763139,0.28251829743385315,15.267250741337053,0.3700191378593445
Gaia,DR3,2912226974765879552,93.99019193284211,-25.231554917959016,19.060117721557617,1.7441043853759766,4.254349221955292,1.9131799958524058,37.97079794973365,23.877506958251832,,,1.8934747606515767,nan,,,2.4373228549957275,,None,0.49475693670320453,11.44109776154684,-0.004278310305696309,0.33655714988708496,9.817896489383855,0.4406282305717468
Gaia,DR3,2912189831888868480,94.6345482704764,-25.277712147681402,13.971196174621582,1.0921850204467773,2.866691275632161,2.2589425300295694,20.95135790997648,23.8650867401919,26.06429672241211,2.1242482662200928,2.0571558599448045,nan,,,1.4116625785827637,,Gaia_DR3,0.37249362051736234,12.440649920823116,0.06766578681185847,0.01272063609212637,11.235405112103157,0.01720496267080307
Gaia,DR3,2912358705704304640,94.57419478122246,-24.704762128642667,19.61670684814453,2.7527313232421875,1.9363835946032681,1.8012147723746585,47.46406573956221,24.149726341748707,,,2.22661674116523,nan,,,1.0712224245071411,,None,0.4199118610218999,13.352518340230498,-0.2887082088036158,0.23494422435760498,13.92173071235303,0.340678334236145
Gaia,DR3,2914412696503958016,88.56171952195719,-25.59848856410622,18.391468048095703,2.602476119995117,4.518718304744229,4.64576497185779,45.37983222551908,23.451149259766407,,,1.9456705711023166,nan,,,1.0470728874206543,,None,1.8188981159094562,11.771335756741529,0.9062785084945821,0.1132727786898613,10.158163897071951,0.15868298709392548
Gaia,DR3,2914630159288499584,89.00723641297537,-24.5458058241386,20.251863479614258,2.1448497772216797,3.5542920987834146,3.8966757182542344,57.93697958180712,24.004513668663467,,,1.85091512979074,nan,,,0.9823927283287048,,None,1.6284343602155338,11.033377957034919,0.40632568910911504,0.35101941227912903,10.377774368476635,0.4869634509086609
Gaia,DR3,2913509280202183424,93.00201750291234,-23.166679876900158,16.89727783203125,1.8445672988891602,3.4417106865070126,0.3418600367667819,23.862511781928536,24.869804507705414,,,1.930960288741975,nan,,,1.066735029220581,,None,0.7419863683875296,11.305351004099652,-0.6171142006867547,0.038305819034576416,11.64543122912081,0.055321961641311646
Gaia,DR3,2911056918298122496,90.37728188153496,-26.683045096060145,20.30396270751953,0.3178386688232422,3.3350826973899004,4.040201504480462,46.04345803380745,23.014501993416655,,,1.9116660489839852,nan,,,0.9766201972961426,,None,1.3576837013859864,11.76491429465226,1.9063586536924755,0.4319596290588379,10.537974772389983,0.5553299784660339
Gaia,DR3,2913156126512163712,91.30462537483852,-24.187971321160116,18.330734252929688,2.7899932861328125,4.802335520807836,1.7957829133305545,48.133058645000936,24.308418845685797,,,1.8534410597958075,nan,,,1.5755680799484253,,None,1.1031363359123372,11.012064652686181,1.4607468035211812,0.14371658861637115,12.854059690057126,0.21928907930850983
Gaia,DR3,2914492277956201216,88.27402108099265,-25.121013588903203,17.725576400756836,2.1565093994140625,2.3415931024550902,4.7021615428174295,46.578822323133004,23.668806266054307,,,1.939762233622134,nan,,,0.9851269125938416,,None,1.8822667983250296,11.651276115970044,1.1792212727718265,0.06630536168813705,12.301342134128696,0.09051848948001862
Gaia,DR3,2911435596974880768,89.22543726752075,-25.37918018050578,18.705392837524414,2.4737110137939453,1.3159008418915858,4.01186135999355,34.59891343455769,23.60510126788608,,,2.023266570121637,nan,,,1.0413364171981812,,None,1.7254841127032954,12.211370814702308,1.167503250418311,0.12300631403923035,12.271994272677452,0.15365326404571533
Gaia,DR3,2911627053733744640,93.20293909672698,-26.60119757753993,20.166019439697266,1.9235916137695312,4.781096125257252,3.109730062978828,40.74416689609182,23.167957285039954,,,1.9078166994665586,nan,,,1.1154755353927612,,None,0.685410640632238,11.750514434756822,-1.0498180037038143,0.4089787006378174,10.92195885946709,0.4776131212711334
Gaia,DR3,2911723845117907968,93.39788973247664,-26.418971697997673,19.832630157470703,2.4008216857910156,2.2696942909131095,2.9377117979676655,53.42078730991789,23.26571447589831,,,1.8498258079382937,nan,,,1.0447977781295776,,None,0.6197094708612112,11.365501755438181,-0.14029823945791917,0.26379135251045227,10.91187187307656,0.2917185127735138
Gaia,DR3,2913152041999766272,91.379609516772,-24.248349820835575,18.071468353271484,2.127351760864258,0.6009491975440538,1.7575224918157197,20.54750422581903,24.282065246252877,,,2.082896211548486,nan,,,1.0975779294967651,,None,1.220316136738659,12.38726287504022,1.1106768704819225,0.08843158930540085,12.147244645612659,0.12436284869909286
Gaia,DR3,2915555471341775360,87.60960701205371,-24.184842146780248,17.965030670166016,2.191722869873047,0.8404885441408497,5.082486351621076,59.64939180465367,24.080153568424798,,,2.2136081056930212,nan,,,2.35422945022583,,None,2.3293465429764515,13.10315458128838,1.9392536988192073,0.18821974098682404,13.062412377949936,0.2832019031047821
Gaia,DR3,2912619397338211840,94.49133110692104,-23.90266721838703,16.286746978759766,1.812483787536621,2.3936747155694897,1.3255643499637488,11.852219501583056,24.54409522487,,,2.0112649904109334,nan,,,5.136585235595703,,None,0.4000512590930958,11.916259311992487,1.2058123144893618,0.13250525295734406,12.53333540622052,0.17404524981975555
Gaia,DR3,2915036153957883264,85.59878846306798,-25.30067896982922,20.289827346801758,2.2444839477539062,3.039130727872121,7.0783887870484214,60.900172257749965,23.352270337839087,,,2.0379237934002465,nan,,,1.040635585784912,,None,2.6479173823460047,12.226577372376475,2.9820057636318937,0.371720552444458,10.964388221404871,0.5431520938873291
Gaia,DR3,2914084359142024704,88.05129690273746,-25.739159589551537,14.195181846618652,1.021749496459961,4.3229966771321555,5.121610995654838,47.13325117220861,23.343904057397904,35.372920989990234,3.4290149211883545,1.965327015699565,nan,,,1.8347700834274292,,Gaia_DR3,1.9610771636280506,11.906744562564775,0.3231441623559549,0.029610631987452507,11.182117283941,0.029475025832653046
Gaia,DR3,2913371836951205120,92.79768762989964,-23.940183740179748,19.771442413330078,2.2647762298583984,4.821277027815604,0.5335597360257512,54.5009251069952,24.486726102350897,,,1.8231837926217282,nan,,,1.0138044357299805,,None,0.7469039204116523,10.801447417764308,0.9548045405777291,0.2384253740310669,8.960111058884532,0.3493124842643738
Gaia,DR3,2912363314209485440,94.78588747916574,-24.65168465320377,10.273744583129883,0.5972499847412109,4.911231090413367,1.9161612085738147,20.401856363625065,24.178842794935754,50.5843505859375,0.6274012327194214,2.074840930208244,nan,,,1.2706702947616577,,Gaia_DR3,0.3365940160261127,12.433116747753939,2.410877448302251,0.01596037857234478,11.874603867696989,0.021737374365329742
Gaia,DR3,2911172062078773504,90.86198180188342,-26.171826018650865,12.1301908493042,0.5975885391235352,4.533393779526901,3.3700655586213344,29.43495455013658,23.29836729432869,40.09750747680664,2.700587511062622,2.0076884038390523,nan,,,18.094778060913086,,Gaia_DR3,1.3052167898438558,12.273498321858224,2.147878437431559,0.16485771536827087,10.549723787533173,0.2149474024772644
Gaia,DR3,2911211537119564800,90.93010556095268,-25.912686365231945,20.056774139404297,2.2269515991210938,3.6715406996322875,3.1297590858170463,32.51647856365902,23.43247340576835,,,2.1038315304105746,nan,,,1.0507385730743408,,None,1.3499411798299699,12.81505422977328,-0.26690786310620934,0.31155118346214294,13.008335819996182,0.37296733260154724
Gaia,DR3,2911326126846758528,89.3977150568244,-26.06790321975886,19.516647338867188,2.5224246978759766,2.435289275801194,4.244756797296543,41.324559104383674,23.270269216315516,,,1.9528328710102272,nan,,,0.9934665560722351,,None,1.6238030695241643,11.904477254127729,1.4796402401641187,0.19817720353603363,10.912344325901131,0.2806133031845093
Gaia,DR3,2911231985458936448,90.33753945535717,-26.087590313337053,19.677772521972656,0.8346939086914062,4.377222588734696,3.6179261256862127,42.74009002163805,23.314345646311878,,,2.1551946135170104,nan,,,1.0910638570785522,,None,1.5412558193442356,13.153731820828467,2.4361159896784264,0.27691933512687683,11.377701595402076,0.329587459564209
Gaia,DR3,2915240701777977344,85.158250666382,-25.045375223977945,20.337291717529297,2.249471664428711,4.700336018001687,7.416397809794662,64.14945560238255,23.434970182665218,,,2.069075304990688,nan,,,1.0150741338729858,,None,2.7999545655071008,12.358999374001764,4.154005294990518,0.42983201146125793,10.819560473210702,0.4861000180244446
Gaia,DR3,2913460901692168832,93.62001795710133,-23.41212508219405,19.770605087280273,2.3759193420410156,3.498965223809169,0.4704532210151003,53.00181046652072,24.76690787377113,,,2.265809816948301,nan,,,1.0242193937301636,,None,0.6964393640786639,13.319980273481667,0.08034959188303703,0.203260138630867,11.766379048634072,0.28771430253982544
Gaia,DR3,2915798222892985472,87.86237033407487,-22.770314358053877,16.758777618408203,2.1365766525268555,3.8097229016175067,4.883495289717622,51.81944745899316,24.785500123346626,,,1.913271938805335,nan,,,0.9836205244064331,,None,1.9537072700634361,11.085374600686814,1.0964524803101021,0.032733093947172165,12.360623589832809,0.04874313622713089
Gaia,DR3,2914604531222180480,88.89722299802712,-24.86464542404109,19.397663116455078,,2.30720872715161,4.084607347767652,39.75605245354394,23.839570031119745,,,2.107592630646464,nan,,,1.0852069854736328,,None,1.8829168714794475,12.621128438320873,2.902981694992275,0.8038882613182068,12.722573723377916,0.9449173808097839
Gaia,DR3,2915072266041775744,86.07684153432007,-24.959425961500116,19.291257858276367,2.7383174896240234,1.1112326289072327,6.5826711439207495,57.57923947109066,23.566788454054162,,,2.0804364141382132,nan,,,1.038934588432312,,None,2.5812479054905433,12.42967445324085,2.158135173790446,0.18599875271320343,12.671534588133415,0.23734818398952484
Gaia,DR3,2913866896357993216,87.67774340129897,-26.80904347330407,18.15333366394043,2.4410247802734375,3.2593626144085945,5.933500025112917,56.89661171418049,22.77542276459194,,,2.143558345548116,nan,,,0.9773014783859253,,None,2.237638596142436,13.17493843208183,3.374903362919848,0.08940882980823517,14.11084641188971,0.11123539507389069
Gaia,DR3,2912078845635646592,92.62642952352083,-25.401471645261815,18.595232009887695,2.586671829223633,3.96966315668829,1.9600443698336807,27.659107124206106,23.757174980808493,,,1.9386974794190117,nan,,,0.9752824902534485,,None,0.8355115572994332,11.736406895191895,1.8945777725155355,0.10601300001144409,10.507372708850399,0.15407855808734894
Gaia,DR3,2911558261240104064,90.19394837045778,-24.869573372134056,18.993698120117188,2.5381507873535156,3.67727037733711,2.999191404452919,26.962185971728662,23.91628332808865,,,1.995342999209641,nan,,,1.0731381177902222,,None,1.462444961778194,11.965238692448215,1.2287968353744962,0.14211881160736084,13.494291263935526,0.18004682660102844
Gaia,DR3,2914107929922413696,87.82848596802354,-25.39215005325335,20.1284236907959,2.1148681640625,2.564234274008349,5.173249319950228,59.01332500789289,23.50056789930106,,,1.8836566020747285,nan,,,1.0121643543243408,,None,1.9313342900440293,11.352386993549315,2.4736238049360293,0.33389922976493835,12.214209240471547,0.36463603377342224
Gaia,DR3,2914084359139561344,88.05137074393483,-25.73951428083851,14.212120056152344,0.9894018173217773,4.732234868469076,5.121700279608538,45.49636997190888,23.34373175813576,40.79615020751953,3.2400143146514893,1.9867094081202339,nan,,,1.5608484745025635,,Gaia_DR3,1.982395224496706,12.036349402257937,0.13971220709802273,0.031629323959350586,11.30653325791978,0.027831323444843292
Gaia,DR3,2914209458652721024,86.21185668519803,-25.837882914625805,19.430810928344727,2.6474266052246094,3.178015757061894,6.695899834034723,57.8086319348588,23.142191797280105,,,2.0183740449027687,nan,,,1.0638916492462158,,None,2.470810933417138,12.213854264066768,3.818741806239357,0.20107631385326385,12.106173237420046,0.2618192136287689
Gaia,DR3,2911899934478033152,92.35851516346297,-26.093395352461908,17.972864151000977,2.434885025024414,3.0079018618146165,2.6899569210266754,51.45775819892877,23.399977296442735,,,2.2335015821635875,nan,,,0.9721436500549316,,None,1.0369516809004988,13.653209065332494,2.0094104963937696,0.07913687825202942,12.623597469624189,0.08887135237455368
Gaia,DR3,2913998833455594624,88.0206833613942,-26.13822800895243,19.676315307617188,2.2509593963623047,3.125114544672434,5.326327258973559,51.267538566419134,23.14103196976573,,,1.9419078315166844,nan,,,1.0632567405700684,,None,1.9450406828356983,11.830723595410326,1.5352920425079346,0.2598720192909241,13.042670791062214,0.309705525636673
Gaia,DR3,2913177811805788416,91.92443099530827,-23.850923786922195,14.343779563903809,1.0754919052124023,2.898701748339759,1.1475636181173405,13.171918727536474,24.499791246115212,44.393795013427734,3.556211471557617,2.060088754537738,nan,,,8.854734420776367,,Gaia_DR3,1.0675667560776754,12.182507141010024,1.9102007148371458,0.07799969613552094,13.117772276030488,0.10306742787361145
Gaia,DR3,2913482170369045120,93.11824755580663,-23.488122748171474,12.753442764282227,0.6984920501708984,0.1809225610476834,0.005427293822857992,0.16557097000202564,24.71703036736939,24.904207229614258,1.422324538230896,2.024097300032791,nan,,,0.9931628108024597,,Gaia_DR3,0.7485112307031354,11.910653000021451,0.7951903616606482,0.008515986613929272,11.972141593641474,0.010751056484878063
Gaia,DR3,2917007372147896704,90.64398227750125,-22.03441089384164,18.856246948242188,2.3841171264648438,2.1360478351511882,2.7048395303632615,28.565426511486233,25.317401670925804,,,1.960207402413995,nan,,,1.0147294998168945,,None,1.3273468620575533,11.25506817842087,0.45455122493043304,0.09090286493301392,11.386808157131071,0.169059157371521
Gaia,DR3,2913810683828297344,92.94937262265177,-22.257722822375563,19.415363311767578,2.8613452911376953,2.47808732453894,1.2441351452021814,20.166424909362295,25.305398609440942,,,2.09636961652129,nan,,,1.0409563779830933,,None,0.8192729961405734,12.097489081526112,1.8562832815289878,0.16705003380775452,12.449590121023315,0.27492862939834595
Gaia,DR3,2913884621685692672,87.51432591013699,-26.617231430229758,18.472055435180664,2.5531177520751953,2.085727932400278,5.957300955965179,63.507676231091054,22.86009619458541,,,1.8904132501501056,nan,,,0.9925215840339661,,None,2.011441746766127,11.586017647576538,2.803286450756383,0.10117822140455246,11.838754644538358,0.13506834208965302
Gaia,DR3,2911920623338405376,92.46641022600626,-25.897648359896692,19.854164123535156,2.340108871459961,4.656723539195355,2.476216427936706,27.50839073311015,23.502516626148513,,,2.0990716630515727,nan,,,1.1257368326187134,,None,0.946386874591072,12.796766097778434,1.9857245158238608,0.3021240234375,14.576078867504513,0.41117969155311584
Gaia,DR3,2912118359335627136,92.91880232168802,-24.982505940877434,18.617145538330078,2.6902427673339844,4.822548373954828,1.5006847275361241,38.392283147364914,23.97543585400227,,,2.1839220056707718,nan,,,1.0613807439804077,,None,0.8617925428730073,13.142494650023814,-0.7858607028848104,0.1087266132235527,14.630721876707284,0.12941047549247742
Gaia,DR3,2915703802332261888,88.40278600226262,-23.394099357639128,15.065308570861816,1.3408231735229492,4.344440549142104,4.323928039006753,57.88264843170401,24.52554860005327,,,2.229631102970986,nan,,,0.9681087136268616,,None,2.1281088150295764,13.05273688002649,2.18320428905733,0.016871623694896698,11.011468792272455,0.02414480410516262
Gaia,DR3,2912361695001560448,94.76270551230203,-24.68494677202304,18.51862144470215,2.320497512817383,4.6366063132992,1.91967769458611,46.34892337707629,24.16206260528557,,,2.2190790589749847,nan,,,2.719163417816162,,None,0.3663993841705979,13.303945310800842,0.8437740651366263,0.2859792709350586,11.188105665364173,0.3888859748840332
Gaia,DR3,2915379854419471232,85.92171235299172,-24.48004314677452,19.883298873901367,2.6115798950195312,2.5236436420026096,6.644809152429237,65.64302174338043,23.78832295274885,,,2.180276015404609,nan,,,1.0138545036315918,,None,2.746599892964264,12.93197009418385,2.3660641599883414,0.2651307284832001,11.836240120900174,0.3285050690174103
Gaia,DR3,2913016900852301952,90.56851310707059,-24.76589383269239,18.44800567626953,2.4775428771972656,2.0729815718081186,2.6496924018227257,34.20960061437225,23.9876550263554,,,2.135767612084616,nan,,,1.0340880155563354,,None,1.4662124931285572,12.791938336117862,0.9754755991264701,0.09483079612255096,13.585855420053718,0.15009552240371704
Gaia,DR3,2914652978453047936,89.32969851026138,-24.271495962249805,18.259164810180664,2.513551712036133,4.311700363465368,3.547415348255588,68.55420240227211,24.16043993615429,,,2.3153357286519705,nan,,,1.0458933115005493,,None,1.944709660805068,13.750124094544312,-0.1495010854329633,0.09037365019321442,13.958215510196755,0.1376178115606308
Gaia,DR3,2914039725841829888,88.26156065164228,-25.652092721577688,14.514361381530762,1.2040748596191406,1.9337837341621786,4.913096050852205,42.75174003148744,23.402964266512516,46.5706787109375,2.695713520050049,2.006388681865041,nan,,,1.005287766456604,,Gaia_DR3,1.9500035629583947,12.143623918217733,1.9680770208147131,0.01356871984899044,11.325897121580276,0.018263770267367363
Gaia,DR3,2915379824358448000,85.92042766972295,-24.487919090260355,17.96419334411621,2.3820648193359375,0.46075203426842554,6.646943314306126,57.404168143218946,23.784335819810554,,,2.05716901500585,nan,,,0.9977877140045166,,None,2.5918400337383405,12.203174785068816,2.4782893003895534,0.07946688681840897,12.367589958223938,0.09709405899047852
Gaia,DR3,2916370862292773120,89.27074342021848,-23.674489787793092,14.763147354125977,1.3609123229980469,4.157527172278311,3.5275282188870927,54.99602845162818,24.448693954853375,49.6773567199707,4.7151336669921875,1.8549606219102543,nan,,,1.0153536796569824,,Gaia_DR3,1.5715554199112582,10.916335156892426,2.7678091013638064,0.013963029719889164,9.815367630851908,0.019479312002658844
Gaia,DR3,2914405828854821760,88.75374691060894,-25.612640022304806,15.583333969116211,1.4738235473632812,3.6811264718959382,4.497253482409343,39.19413330209046,23.457288112604218,,,2.05419010495873,nan,,,1.0216034650802612,,None,1.871624586126591,12.433137014587977,1.0293637783163871,0.020475508645176888,11.079727313999575,0.026828156784176826
Gaia,DR3,2912410657629313280,94.73885947101923,-24.275411893056674,19.63924217224121,2.8344860076904297,4.298134845819596,1.6787589544518466,36.519470050250035,24.36428493669112,,,1.8956589830202784,nan,,,0.9676944017410278,,None,0.3186276218332704,11.295553345975806,-1.3840799526868333,0.20223432779312134,11.069575232203594,0.28552132844924927
Gaia,DR3,2912321842004155392,95.13157331952956,-24.7894607105839,15.634039878845215,1.5327625274658203,3.1063578349476177,2.251459664257016,22.428344460761917,24.114118933950476,,,1.9799879876629147,nan,,,1.007563829421997,,None,0.23596582203942962,11.889682125817568,-0.674294683372504,0.020700067281723022,12.81304130752768,0.026472464203834534
Gaia,DR3,2912371354386936064,94.44991288880068,-24.670305762222014,15.616400718688965,1.6444463729858398,4.705736589306716,1.6950015151417532,44.37192270852516,24.164983152473837,,,2.2119238285943648,nan,,,0.9789220094680786,,None,0.45137047282483334,13.25723615405077,0.026352832057501108,0.020891305059194565,11.104526423820385,0.027586206793785095
Gaia,DR3,2912860564043505024,92.22137387097531,-24.875412348443767,19.437400817871094,2.487764358520508,2.571097948686294,1.6051693925709112,14.860557627918187,24.005788087681708,,,2.002342354460948,nan,,,1.0209335088729858,,None,0.9637611580551186,12.026337058478545,1.6808290372640442,0.19242794811725616,12.84100349276341,0.26015159487724304
Gaia,DR3,2917606094888450560,88.10413784188859,-21.699526916180076,17.26438331604004,2.177858352661133,3.8872460254221077,4.96081529147333,53.14299542334299,25.31314858789153,,,2.1702940693578965,nan,,,1.0331380367279053,,None,2.151455515150196,12.36369970370113,1.0498283386988407,0.03526197001338005,10.967472136386885,0.0738544687628746
Gaia,DR3,2914372293750079488,87.39728176889199,-24.90648642030359,12.547272682189941,0.7197380065917969,1.4150668705323044,5.402767312293469,48.601393021749466,23.707853338174104,67.71134948730469,1.320816993713379,1.9761307256506175,nan,,,14.433821678161621,,Gaia_DR3,2.131131264810403,11.819653630730745,1.6169259314987083,0.09700735658407211,12.107930126992322,0.1426500380039215
Gaia,DR3,2916878969804465280,91.49548869951245,-21.95783833882259,18.541215896606445,2.4786014556884766,4.481001746332138,2.1414066324295242,61.66703614430249,25.39454917013948,,,1.8093054941378721,nan,,,1.0418004989624023,,None,1.0339963924689668,10.381977566131289,2.4121209883643746,0.07727432250976562,11.392888717145595,0.15401513874530792
Gaia,DR3,2916568980544505216,90.27298718096367,-22.56609096321708,13.968832015991211,0.9388494491577148,1.9669778870133978,2.7744301993006886,30.92880117104185,25.043891920883347,53.26813507080078,2.3600313663482666,2.1096063080091705,nan,,,0.9650309681892395,,Gaia_DR3,1.525530576457447,12.213240484374158,2.266815606365243,0.010286792181432247,12.67768977077727,0.01774507947266102
Gaia,DR3,2915153359322096128,86.63369886627342,-24.642313129253218,15.060789108276367,1.2911062240600586,2.4089274827660523,6.027621440773891,53.06347399358008,23.7737068366388,6.1736931800842285,5.874091148376465,1.9898688134307225,nan,,,1.2268980741500854,,Gaia_DR3,2.3328414621093967,11.843369747519443,3.32261050956832,0.023456737399101257,12.04704192006648,0.0327458493411541
Gaia,DR3,2913539173174486656,93.50785780203078,-22.933726475788653,16.63238525390625,1.9184799194335938,2.656802759238065,0.6653961364507502,33.03634216976902,24.996040593304212,,,1.8985892082321891,nan,,,1.0145833492279053,,None,0.6100665226437467,11.077540399224073,0.12134281273003078,0.03084857016801834,10.133140881799426,0.053358521312475204
Gaia,DR3,2913807415354433280,92.9072486182901,-22.368556806159,18.908185958862305,2.554788589477539,4.017627195754444,1.1400657624879647,35.278659666631604,25.25116582405844,,,1.8939788886226951,nan,,,0.9742187857627869,,None,0.7501002917712376,10.948884635913128,0.3081410656967473,0.11815981566905975,9.406852269687334,0.199427530169487
Gaia,DR3,2913061504090968192,90.35045614961562,-24.785165128365023,17.07413673400879,1.9900264739990234,3.121547984928245,2.8343791178182673,43.191163428303376,23.966637954954354,,,1.8895938789911049,nan,,,0.9955485463142395,,None,1.3482903826320634,11.318613639866566,2.477485719138495,0.04183424636721611,10.79794458442441,0.05643957108259201
Gaia,DR3,2912889396162496384,92.58743483493662,-24.6794570258078,19.421083450317383,2.7427520751953125,4.535669353338299,1.2808625835598466,13.830579181719676,24.115643156930986,,,1.9904298075544566,nan,,,1.079178810119629,,None,0.8674566214550476,11.922681003619658,2.7548824105672596,0.19598746299743652,12.167043346618572,0.30135253071784973
Gaia,DR3,2913032538831566592,91.35424527921207,-24.580229729984502,16.487775802612305,2.0616893768310547,3.2146238856257225,1.9411727744161609,23.258792343510684,24.117237233452588,,,2.0930332832971486,nan,,,1.0658252239227295,,None,1.23284554591684,12.509214825395853,0.4999401401888738,0.03158741071820259,13.723586234945177,0.043320976197719574
Gaia,DR3,2919572605793548416,99.80585356985206,-27.65808381241637,12.870684623718262,0.666468620300293,2.223178380016209,7.331078796113816,63.08692410721339,22.600408834570526,65.79390716552734,4.970370292663574,2.0475298523590815,nan,,,1.5442856550216675,,Gaia_DR3,-0.9474617445009104,12.787786213421588,-1.0379072764268782,0.03487040847539902,13.743126784040257,0.05404233559966087
Gaia,DR3,2917065886781145344,90.6999077445083,-21.398470271989396,14.305625915527344,0.6538209915161133,3.9199014682936797,3.0602830049975447,36.41475271686253,25.620845793162726,26.006502151489258,6.627108097076416,2.134912588672298,nan,,,26.455801010131836,,Gaia_DR3,1.4308419537466097,12.131392848782308,0.820786138442992,0.20538948476314545,10.476033228301384,0.39416778087615967
Gaia,DR3,2917237895931216896,88.52543044042764,-22.853068393567703,18.99656105041504,2.7218475341796875,3.775733323031462,4.267028046146401,55.77962552926228,24.795358649917162,,,2.217820590700744,nan,,,1.0192359685897827,,None,2.0832542066662763,12.876415632037057,3.162205077784641,0.12691594660282135,14.27361155418064,0.20328667759895325
Gaia,DR3,2917098013138216192,91.28725703132433,-21.54244745045584,19.790719985961914,2.3525466918945312,4.393823963346179,2.5791694547436097,67.33724729332108,25.58172259536676,,,1.7944803167942278,nan,,,1.0242745876312256,,None,1.071912596464438,10.22554622545099,0.1768343611670301,0.1964903026819229,8.824971806425458,0.48480424284935
Gaia,DR3,2913315216399481088,93.27616086861232,-23.983878497447265,14.581939697265625,1.2682523727416992,2.4401369767792565,0.5131206632305819,22.62176017646717,24.479042227638256,52.31169509887695,2.942335844039917,2.118635928099683,nan,,,1.8175760507583618,,Gaia_DR3,0.7418509620232481,12.562927246644167,0.7751055217453173,0.023496253415942192,13.652257525891287,0.028251921758055687
Gaia,DR3,2913209074869646464,91.16957008231235,-23.99576765515158,18.806421279907227,2.5415782928466797,1.4886266635332142,1.850254555573162,41.836374905452004,24.396602806254553,,,2.1964761899938585,nan,,,1.0621670484542847,,None,1.3441234986292194,13.011051570360305,1.9699635533498276,0.12463407963514328,13.299926081343898,0.17313335835933685
Gaia,DR3,2913352221837837696,92.6415602828293,-23.907479225221344,13.398488998413086,0.8376359939575195,4.896112040081692,0.5999473353629359,22.847897410413314,24.497800516707155,-22.945749282836914,2.27698016166687,2.1189810057435903,nan,,,1.2127149105072021,,Gaia_DR3,0.9092210824757219,12.546666090862514,-1.2301935499148384,0.01021855603903532,13.000907446767169,0.013774790801107883
Gaia,DR3,2913413515312534912,93.55357977945363,-23.76170100660103,19.620121002197266,2.6936302185058594,1.350941327766532,0.48385826195728066,14.704272747011963,24.5948528074548,,,1.9673879710224613,nan,,,1.0270661115646362,,None,0.6209797830771131,11.627863740979688,1.091773351834318,0.19398349523544312,11.931648922416617,0.2984669506549835
Gaia,DR3,2913478115919911936,93.21973106363107,-23.549033517410297,16.37733268737793,1.6378631591796875,4.923518156968188,0.11164347828170319,15.467873552631824,24.690159285708596,,,1.9621572725802814,nan,,,1.0415409803390503,,None,0.7008343044103365,11.557545890127962,0.6976050431438475,0.031006060540676117,13.594119541485664,0.03803733363747597
Gaia,DR3,2913846997771626624,87.01422122423936,-27.047882523320457,20.027305603027344,2.245882034301758,4.68131130404789,6.561519173388546,58.65159829094965,22.60073275002866,,,2.1046793031276936,nan,,,1.077175498008728,,None,2.3689828088245743,12.965992684086538,2.0310658037811127,0.33693113923072815,15.015359729794245,0.4171936511993408
Gaia,DR3,2916440440762789248,88.92982144560844,-23.411849535660608,16.114208221435547,1.61883544921875,4.246887093169952,3.83992446931103,44.79725242421992,24.553841052332984,,,1.9109997116566944,nan,,,0.9775538444519043,,None,1.6995824194297455,11.19690224467654,3.3181750936423247,0.026579804718494415,11.751257597175181,0.03652613237500191
Gaia,DR3,2914408916932840832,88.71732768177449,-25.498160654524117,19.784225463867188,2.4455204010009766,2.830578758819334,4.475676948930291,56.36340208955853,23.512085037859652,,,2.214371063462382,nan,,,1.0032837390899658,,None,2.0275323295169896,13.38017059794688,1.9921255356713914,0.2381308525800705,12.05929786123228,0.31372857093811035
Gaia,DR3,2915884087878975488,86.19613877414501,-23.33298960638273,15.684513092041016,1.4390525817871094,3.6575012010114585,6.3503574918654735,58.003533337968044,24.372336973762124,,,2.119659310954218,nan,,,0.9468105435371399,,None,2.5988886098657358,12.361978223040376,1.9029897940892602,0.02060444839298725,10.883199953050259,0.027516864240169525
Gaia,DR3,2914804539258965248,87.66600495343818,-24.21674014212717,17.149381637573242,2.0660438537597656,1.080269046442141,5.035272480537766,45.019926150064194,24.068991092507886,,,1.9827352566137095,nan,,,0.9786297082901001,,None,2.072624894188808,11.742978867805551,2.504511439392193,0.04403132572770119,11.874715837674465,0.0624009370803833
Gaia,DR3,2917828535535083520,90.09760065267486,-21.35211163825214,18.766738891601562,2.581796646118164,2.1287230969835695,3.515441856069437,46.10134429987165,25.609793658481326,,,1.8938725958274076,nan,,,1.033397912979126,,None,1.4106811513845825,10.74829680717629,1.1552843467941212,0.10988115519285202,11.558901868742085,0.21219533681869507
Gaia,DR3,2917729240190896128,88.27600668925574,-21.226556405465153,11.704755783081055,0.6608266830444336,4.913930627451618,5.015360318903247,49.20645098614911,25.548210198284735,51.31249237060547,0.4946787655353546,1.9384945012539303,nan,,,1.233060598373413,,Gaia_DR3,1.8805616411228576,10.959428951355425,3.545817767626762,0.010905764997005463,9.837208119012026,0.017399199306964874
Gaia,DR3,2913725433017961600,93.14422174372649,-22.865444843821013,18.02588653564453,2.433748245239258,3.5990672087177766,0.627634427552634,35.637249818562935,25.019450027679227,,,2.1788728536098727,nan,,,1.0510529279708862,,None,0.7987070779305885,12.697339002075454,2.079800913108945,0.07308229804039001,11.652487466726688,0.10675732046365738
Gaia,DR3,2916359454859501952,90.56431267289263,-22.799448017278802,13.314641952514648,0.9257755279541016,4.871714896341201,2.445347153895802,39.56837926688963,24.94757530232638,30.019363403320312,1.6779704093933105,2.1726175814062314,nan,,,0.9572034478187561,,Gaia_DR3,1.492641609407408,12.627696237112026,0.512294968034744,0.008361262269318104,10.623304635071698,0.013763707131147385
Gaia,DR3,2914859068163878400,89.16670444511789,-24.041668514478868,16.675395965576172,1.8845043182373047,3.6334259439433607,3.654567989800739,36.73633146496999,24.262702674587427,,,1.952736638116307,nan,,,1.037898063659668,,None,1.6795175040169639,11.554812304658086,0.44944766978067824,0.03767713904380798,12.405762816888231,0.04754148796200752
Gaia,DR3,2915650407297879424,87.2313166086197,-23.577206874613044,15.485273361206055,1.6864004135131836,0.9456613891342589,5.394310882026898,52.55567585723619,24.345528993659826,,,1.9357897661604504,nan,,,3.2051327228546143,,None,2.127176407536435,11.348221763884643,2.136543120029866,0.06285952776670456,11.73401729420712,0.07884617894887924
Gaia,DR3,2915852202041927424,86.68126806097439,-23.45589633912076,14.530729293823242,1.1859941482543945,3.682146429544464,5.900655881188321,52.41879049955946,24.35702488969719,40.09331512451172,2.495922327041626,1.9822033322410622,nan,,,1.4438334703445435,,Gaia_DR3,2.3122682928558382,11.590153589241346,3.775588260494974,0.018628543242812157,12.06570210679383,0.02551693096756935
Gaia,DR3,2920147100614997376,101.12543860534097,-26.3245803896788,20.104251861572266,1.9929847717285156,2.5116425385278642,7.795896263735136,67.91809964720039,23.229985051501004,,,1.9978155661102581,nan,,,1.0647919178009033,,None,-1.2518745762357741,12.24114614770164,-0.7984970580606937,0.345447301864624,11.285429319716059,0.4482465982437134
Gaia,DR3,2918179696358335232,89.08420138531785,-20.394603736426323,15.9386568069458,1.5496854782104492,4.027897479466543,4.854658128953317,61.776319729251604,25.992331909338844,,,1.8590871715345698,nan,,,0.9685803651809692,,None,1.6179356252981867,10.372316126937312,2.672915443062109,0.027888646349310875,9.198022557863652,0.03288985416293144
Gaia,DR3,2914654559000958848,89.5189230913105,-24.20678776723471,17.005769729614258,2.004505157470703,4.49800913078864,3.3653252273094725,49.5419153770804,24.20404529782273,,,1.8743679100363315,nan,,,1.042918086051941,,None,1.5304486603325804,11.12264718301481,1.5499037641680402,0.043609898537397385,9.345430174123281,0.0633779987692833
Gaia,DR3,2914455405659647744,88.93071337560775,-25.170526683792538,18.923423767089844,2.549915313720703,2.283380340954091,4.165011773049031,50.52547249503259,23.689913746923146,,,1.892289864354772,nan,,,1.0622742176055908,,None,1.682733879060471,11.382868461992995,1.8450585619209476,0.13940005004405975,10.48657719916427,0.1847957819700241
Gaia,DR3,2916932437859624320,90.74288057184962,-22.432493227874946,14.454002380371094,0.8064193725585938,3.636060223626304,2.427502756285939,52.331501509760066,25.132755795961653,56.611351013183594,6.712846755981445,2.2431586608227074,nan,,,25.41245460510254,,Gaia_DR3,1.491435123314428,12.963625663570276,0.7120194831668198,0.2685515284538269,14.496244915701206,0.4341357946395874
Gaia,DR3,2916945666358890752,90.68385243256428,-22.359511758517602,13.761636734008789,0.9094781875610352,4.997285889531273,2.509146390200313,26.7839245344522,25.16461203440923,10.520819664001465,1.7279995679855347,1.9626287352937526,nan,,,0.9529791474342346,,Gaia_DR3,1.3192830584072688,11.328614299589818,0.35333312639637654,0.009693298488855362,9.500540433091885,0.014434381388127804
Gaia,DR3,2915920646636681216,86.66885372122435,-22.942782602679067,17.61943817138672,,0.7029240572466765,5.948791576708125,51.3234114629031,24.603170278584127,,,2.048014796815325,nan,,,1.5926355123519897,,None,2.392162622836249,11.880041183650036,2.135933279502557,0.17167453467845917,12.042668954917167,0.5031794309616089
Gaia,DR3,2917012736561958272,90.53996207780997,-21.91411564821861,19.555679321289062,2.5429134368896484,4.703633605980198,2.8517565301302894,64.84911068576217,25.36903469290525,,,1.8063542293944275,nan,,,1.0719784498214722,,None,1.246463117432139,10.350563757413063,0.46376138309155884,0.14971089363098145,8.739497770616143,0.29373684525489807
Gaia,DR3,2914946234522487936,88.62805116195317,-23.60264940500578,18.999177932739258,2.6333084106445312,3.255390734140133,4.114382321018838,35.47701617053226,24.440436691323228,,,2.033438738093499,nan,,,1.2566226720809937,,None,1.8842899847908186,11.945409363070429,0.5093414168107906,0.18647731840610504,11.706876401333329,0.2894391119480133
Gaia,DR3,2914643598241570560,89.2672910008888,-24.43546855678993,19.84381866455078,2.6941757202148438,2.7216296630567545,3.6398980455920866,54.95625546574336,24.07580652862923,,,2.23169755194117,nan,,,1.0734730958938599,,None,1.8916865383731398,13.285069060919257,1.4923776652955636,0.2660573124885559,12.068495118842623,0.39183247089385986
Gaia,DR3,2914665687258418944,89.25000751528397,-24.240888713284832,20.24341583251953,2.5804824829101562,3.7313613056021433,3.6124792674212824,61.7569746529179,24.170396094650062,,,1.829638159896352,nan,,,1.0932996273040771,,None,1.5547940648754066,10.85983793270319,2.4430967211919343,0.33847931027412415,9.727477340608775,0.49529290199279785
Gaia,DR3,2919742549060388096,99.23468930746104,-27.814287035652765,15.535748481750488,0.9108037948608398,4.940949197748329,7.005858504779539,61.73228172630287,22.53746668689314,,,1.984782615094616,nan,,,11.80589485168457,,None,-0.7774716988200727,12.425595721378398,1.0183406051619324,0.38994139432907104,13.44980600493722,0.5020089745521545
Gaia,DR3,2919505501225005824,100.49419767124857,-27.95971368732717,17.391019821166992,2.2161331176757812,3.751388268925058,8.006400066194834,69.04401279189791,22.418806307860475,,,2.066034208744873,nan,,,0.9509835839271545,,None,-1.1327239014421804,12.949147061715045,-2.7413258833984844,0.053163472563028336,13.235454285973,0.06550811976194382
Gaia,DR3,2917128906842311168,91.6976675124991,-21.304548974907473,15.777846336364746,1.4493122100830078,4.864524036968801,2.550157089328128,60.34225425969701,25.711753037241976,,,1.8184798206967037,nan,,,1.0281333923339844,,None,0.9935837038090027,10.324174497091404,-0.8123166860931439,0.018526501953601837,9.859062530931409,0.03374095261096954
Gaia,DR3,2922914399583784960,98.07954709418709,-26.698319707191754,19.58383560180664,2.6185302734375,4.473206837964928,5.521014463144702,62.325974671867286,23.1385013085175,,,1.8789613076026608,nan,,,0.9809332489967346,,None,-0.4659372677150686,11.592340030784747,-2.212247783331095,0.23148155212402344,11.292558512613255,0.2872011363506317
Gaia,DR3,2916667455555261568,91.14085761235533,-22.966368278682815,16.5875244140625,1.6585273742675781,2.968318730249247,1.8886050137228714,46.43121154314166,24.895804512520638,,,1.860746963249275,nan,,,1.2134352922439575,,None,1.1453058440225692,10.8482814510327,2.2298943981481325,0.03642171621322632,10.42470898940428,0.05947999283671379
Gaia,DR3,2916880726453159552,91.5704034037883,-21.923104180846707,16.45816421508789,1.7955169677734375,4.394792976736881,2.119513455727744,25.431587897376453,25.414293926115775,,,2.1000238235968705,nan,,,1.0245327949523926,,None,1.1806038431192336,12.043907690488874,-0.551226777606627,0.024521900340914726,11.157268568413118,0.04431645944714546
Gaia,DR3,2923368119932268160,98.49077835192816,-25.0722332008858,15.610101699829102,1.547419548034668,2.9397518129488356,5.1482286830907045,51.15683430380095,23.950674803040204,,,1.931561875343852,nan,,,1.0309032201766968,,None,-0.5778502854586689,11.642917822241152,0.5346063357154666,0.020308831706643105,12.084910820504689,0.025923896580934525
Gaia,DR3,2917454637161781760,89.31470988553225,-21.920164055445596,16.138784408569336,2.0908145904541016,2.6571993297799765,3.8417413254098918,35.65134325999411,25.29413442538601,,,2.083845263770123,nan,,,1.0176655054092407,,None,1.7541383855475812,11.929046207108627,1.5723319903905566,0.02091396041214466,13.082096872696141,0.03931250795722008
Gaia,DR3,2915674184237862656,88.07983842088802,-23.594288201389684,17.50908851623535,2.476306915283203,1.9547535881007183,4.616669673892622,39.80244528519065,24.40457683848369,,,2.0243164439996857,nan,,,0.9790006279945374,,None,2.0128126184465436,11.882851134666257,2.2288303914058587,0.06112765520811081,12.688579914224949,0.07928232848644257
Gaia,DR3,2916707136755008512,91.76902732023974,-22.54911813821857,20.138830184936523,2.191312789916992,4.967922353582484,1.5568829766364516,69.86117349918953,25.124080535910103,,,2.35036903868629,nan,,,1.119297981262207,,None,1.2633665995639465,13.61825518843855,-0.32490507847244066,0.3031650185585022,15.498797718342654,0.47334054112434387
Gaia,DR3,2919804430948280960,99.65185382892629,-27.108409324471165,18.892189025878906,2.6187705993652344,3.6058042678007007,6.926576043332788,59.947288475438704,22.88853756297097,,,2.0654530474638446,nan,,,1.1221768856048584,,None,-0.9162146519087631,12.80580934833151,-2.308556020683395,0.16141659021377563,12.08028252798009,0.201166033744812
Gaia,DR3,2923541602250067968,100.54495240541168,-25.163736156588477,20.217910766601562,2.2164688110351562,4.438612913844404,6.9724787941241475,68.7010918523708,23.839340638755544,,,2.1878260669456324,nan,,,0.9931161403656006,,None,-1.213287887875536,13.191004974258677,-2.467654065975169,0.32164666056632996,14.808849703408576,0.3918309807777405
Gaia,DR3,2920434210588537600,100.3171861788765,-25.517404403478295,19.199949264526367,2.6781864166259766,4.800800234680522,6.85814131238057,59.30726196168184,23.671653265951406,,,2.062797005197645,nan,,,1.0590814352035522,,None,-1.0855955721511221,12.502874906769058,-2.2468413930815503,0.193708136677742,10.767978412272537,0.24938364326953888
Gaia,DR3,2917728720495438080,88.34399703841997,-21.226508492031297,19.87466049194336,2.6302146911621094,4.831421579345986,4.959381727110463,54.582893057657465,25.553297565353226,,,1.8999629818964767,nan,,,1.0352152585983276,,None,1.827238837747596,10.74236792823488,3.596822551091205,0.31172871589660645,11.525517292356477,0.47102615237236023
Gaia,DR3,2918027684579017984,91.03917656143395,-20.4106155794781,18.548070907592773,2.4246997833251953,3.4394663788760944,3.6335302731677195,31.416089290890962,26.098525338029486,,,2.037660640194826,nan,,,0.9125628471374512,,None,1.279907871448743,11.389912197240493,2.478161890265246,0.11915712058544159,10.525585698532042,0.170868381857872
Gaia,DR3,2918188350714626176,89.24075333752764,-20.255301984202426,19.00324821472168,2.335325241088867,0.8879823686891108,4.837173556375492,69.03700540042294,26.067015801377686,,,1.8265301432615397,nan,,,0.9961951971054077,,None,1.554243412118463,10.167779927150281,1.8519381563155077,0.16766542196273804,10.335964479274596,0.23629944026470184
Gaia,DR3,2916029425275138688,86.58095843432976,-22.750119793174786,19.773685455322266,2.4513511657714844,3.5844693309384117,6.054080061956853,53.07368805726079,24.6876273418124,,,1.9942050192040528,nan,,,1.0257867574691772,,None,2.3508469816626554,11.531647201043668,1.683586422029919,0.2074672430753708,10.180526496676599,0.31755363941192627
Gaia,DR3,2919846693425717248,99.09472511846226,-27.21147345916878,17.638261795043945,2.568910598754883,2.891912819819689,6.558418526240094,56.72058198485598,22.852396288126627,,,2.0139248229655453,nan,,,1.210317611694336,,None,-0.7538264512380457,12.50746761445258,0.0027035725020273516,0.08430414646863937,13.474473578114221,0.09078597277402878
Gaia,DR3,2916605019611274368,89.57168657278979,-22.49970415095815,17.340085983276367,2.3064517974853516,4.7688528073011245,3.4091104596630806,32.32604229628584,25.034580566025326,,,2.083913997293456,nan,,,1.0138436555862427,,None,1.6879390907318825,12.044252065643269,2.5316670435473623,0.0465364083647728,10.126657695638578,0.0761146992444992
Gaia,DR3,2917322695766158720,88.7873631223662,-22.41066297556763,9.597799301147461,1.1692132949829102,3.7002212217792905,4.12881411550708,44.7599809973712,25.025626595850408,41.11594772338867,0.15268519520759583,1.9227892621082805,nan,,,2.005953073501587,,Gaia_DR3,1.7439162030432698,11.08860212278121,1.3372219509649248,0.0154650267213583,9.644933385536477,0.024638984352350235
Gaia,DR3,2917336538441619200,88.44766488218336,-22.316463712754384,19.160390853881836,2.5697288513183594,3.4720998997601917,4.456765344084462,44.6140113188274,25.04641161025539,,,2.127637297031559,nan,,,1.061032772064209,,None,2.018971371920481,12.247019568739804,3.569252282274504,0.1293080449104309,12.098995825154992,0.24245187640190125
Gaia,DR3,2923256175904379776,97.73183338322367,-25.430679957133304,8.756692886352539,0.4493694305419922,4.755303540800329,4.627584445536638,42.67577621670803,23.785731089699354,39.4389533996582,0.5360926985740662,2.0947595729740285,nan,,,1.089162826538086,,Gaia_DR3,-0.4287674544346185,12.695593774081777,-0.556658432831053,0.013136261142790318,10.599567072160179,0.014942573383450508
Gaia,DR3,2923140486663220096,97.50567280668757,-26.276177652502575,19.237003326416016,2.621217727661133,1.6830269467116779,4.8588949945456275,43.002987527352154,23.362389697811093,,,2.0721833658260054,nan,,,1.0044639110565186,,None,-0.36579157223423664,12.711515612286489,0.3585590941919051,0.16796769201755524,12.585627749623335,0.17984916269779205
Gaia,DR3,2917355268798864384,89.29252260674573,-22.426374609631285,14.871369361877441,1.1887397766113281,3.3543147045767636,3.67718927382611,41.57728686548527,25.05196319749515,46.968570709228516,4.428150177001953,1.9227192351635938,nan,,,1.0155657529830933,,Gaia_DR3,1.623782394827419,11.096644894640614,0.27159100588362967,0.013170700520277023,11.238381118338598,0.02204148657619953
Gaia,DR3,2917566512470038912,87.49034176878128,-22.104347722770726,18.318235397338867,2.1093406677246094,4.652342337332575,5.367100457842597,55.589565753795554,25.073289729179905,,,2.1684276755072553,nan,,,1.2559075355529785,,None,2.3136609045288745,12.425572751652322,4.438711593963468,0.08877266198396683,12.341623274574776,0.16283580660820007
Gaia,DR3,2919730385713075712,100.29332628277533,-26.86758392749306,17.320463180541992,2.178070068359375,4.2449907779841904,7.318790978098822,63.070354778273135,22.98898197417253,,,2.0559287178366676,nan,,,1.0097953081130981,,None,-1.0758871987939282,12.699893080070678,0.7597409181231881,0.057515088468790054,12.57571917721825,0.06823781877756119
Gaia,DR3,2918227628191976320,90.37767571093865,-20.36227740845238,19.742149353027344,2.446004867553711,3.3421394336398564,4.030201217983023,46.676042019993034,26.08653676856997,,,1.907798650050302,nan,,,1.0121406316757202,,None,1.354843912162131,10.650029096863538,2.5125955136959566,0.35395899415016174,9.967126425939421,0.40224480628967285
Gaia,DR3,2924356065489265408,96.30307598228985,-24.40550019418155,15.036771774291992,1.2176170349121094,4.382806854181813,3.053426855155286,55.07255095510407,24.308417951563737,,,1.8454339814164018,nan,,,0.9955180883407593,,None,-0.04935475356171404,11.019258485311905,1.5832940854797748,0.016053851693868637,11.510909458019794,0.01896931417286396
Gaia,DR3,2918273665944863872,89.89827841933139,-20.12898337853966,19.224443435668945,2.577177047729492,3.728394817905976,4.497395582317488,38.827075518523685,26.166517771639075,,,2.039649004731409,nan,,,0.9834988713264465,,None,1.569619710642641,11.335924913629079,1.0317731966792247,0.2135239839553833,12.846138722143026,0.24542838335037231
Gaia,DR3,2924530028845419776,98.37857624859394,-24.485618152122555,14.759099006652832,1.1270780563354492,3.8286083029293274,4.910267552441473,62.66651618793893,24.24443628837527,39.1334342956543,4.764315605163574,1.8565717442012148,nan,,,0.9833722710609436,,Gaia_DR3,-0.529490072169664,11.094716584504006,0.6629395610003654,0.013501605950295925,10.187257595773495,0.01724097691476345
Gaia,DR3,2923693811595860992,99.24579022026444,-25.01573114893977,18.827030181884766,2.5738296508789062,3.2618723123763367,5.793012398703528,58.431748948473725,23.959247791621973,,,1.9152965923632872,nan,,,1.0370968580245972,,None,-0.752897274457919,11.531632686177904,0.517724093300638,0.12133054435253143,11.878156050123772,0.1521788388490677
Gaia,DR3,2922863993851324416,98.36501958794877,-26.85759050033024,12.179596900939941,0.5982227325439453,4.958482661504241,5.8213076101599635,53.26769884629462,23.05151286920507,28.707826614379883,3.9915876388549805,2.1113388194313165,nan,,,3.7594692707061768,,Gaia_DR3,-0.598586584195183,13.05333809477466,-0.5218167240333604,0.039835721254348755,15.258980652481196,0.05341288447380066
Gaia,DR3,2916979334603710336,90.81278678643672,-22.119820006360833,19.926145553588867,2.275484085083008,1.84546114181553,2.527182991343248,32.83269463248307,25.285425199929144,,,1.9294432075410373,nan,,,1.108482003211975,,None,1.2661225869396522,11.095202524203007,1.9331240604935636,0.21865344047546387,10.750876533493562,0.4129362404346466
Gaia,DR3,2916939717823594496,90.76682742112921,-22.341932880930376,20.00495719909668,1.9651546478271484,1.72476182841731,2.449538170230234,23.3822896092723,25.177241638663773,,,1.9849778120593025,nan,,,1.0188839435577393,,None,1.3138800920340055,11.455112302876568,1.5866140543098375,0.2314571589231491,10.786895578277207,0.39632242918014526
Gaia,DR3,2917937838158226560,90.6585618285717,-21.00740374193453,20.02089500427246,2.402667999267578,3.4386139761332726,3.367818861448242,48.80518630007146,25.801956041630948,,,1.8776395644421289,nan,,,1.066988468170166,,None,1.2680417971010622,10.599629244075924,0.41823183984627704,0.3588743507862091,11.662827261098368,0.39951738715171814
Gaia,DR3,2916638696453587712,90.03177412013935,-22.171905125536096,18.008586883544922,2.2661056518554688,2.8495817796939886,3.133156805696984,41.793428316369976,25.2184688365267,,,1.903460764581162,nan,,,1.0267642736434937,,None,1.4333443285736882,10.948116778819063,1.8143160140523473,0.059038061648607254,9.87000103152658,0.09981748461723328
Gaia,DR3,2923842284320373120,99.69996625770526,-24.307938597167194,20.1960506439209,1.9327220916748047,4.266417798317221,6.074911864074919,53.98410296787109,24.295563268410753,,,1.9809623926587927,nan,,,0.9817457795143127,,None,-0.8905840747050058,11.799680093428062,-1.2112736549900054,0.31170305609703064,10.04709354712511,0.4100665748119354
Gaia,DR3,2924603318163566464,98.06284422099633,-24.04975614745647,19.972713470458984,2.4236583709716797,4.048113620890887,4.562226467312262,62.31418222200712,24.465569841542074,,,1.8484598598667419,nan,,,1.0408192873001099,,None,-0.45453012962118944,10.975107787569033,-1.989601410605213,0.28162848949432373,10.611945838051332,0.3859970271587372
Gaia,DR3,2924633863974135680,98.48888774351497,-23.835645937436237,11.777059555053711,0.6722850799560547,4.660994125899861,4.93390485538593,43.039637501258305,24.561795790930592,38.15445327758789,0.761646032333374,2.003453521608758,nan,,,1.7071504592895508,,Gaia_DR3,-0.5988861514247508,11.855010227468876,-2.334044787347825,0.017140673473477364,10.925245990229996,0.020376034080982208
Gaia,DR3,2924778308018038144,99.13215859963957,-23.103566799124202,17.720739364624023,2.3804988861083984,3.5512271387559324,5.540012881329115,48.49199074021179,24.901597858309696,,,1.9977416992657282,nan,,,2.446471929550171,,None,-0.75707109385344,11.685011904986935,0.5799200402483473,0.1463102549314499,12.35524211201574,0.18940620124340057
Gaia,DR3,2918704708862713216,100.1080327071045,-28.63209602918503,19.12244415283203,2.5250625610351562,4.5113113323238565,8.113353709759563,69.809569983445,22.083299540157647,,,2.0561943670417286,nan,,,0.9917266964912415,,None,-1.028690179851652,13.004182704137014,-1.016815178787655,0.1788189560174942,11.048716722629427,0.20466451346874237
Gaia,DR3,2919841058428615040,98.87637483182561,-27.032150006162848,15.186531066894531,1.274545669555664,0.6866769723150137,6.297702790164844,59.257171035119036,22.950231935499325,,,1.9411786174492878,nan,,,1.018011450767517,,None,-0.6738678883302058,12.027543547948191,-0.42913008336478736,0.017907507717609406,11.889465717979293,0.022351499646902084
Gaia,DR3,2924085551268892288,96.82296247808236,-25.06968612949396,13.462477684020996,0.9649906158447266,3.523240047459831,3.729796369479871,49.07726772645716,23.976361244545856,47.4638557434082,2.110748529434204,1.885935110443363,nan,,,2.669572353363037,,Gaia_DR3,-0.17256332987489786,11.372012726001042,0.8569760968725595,0.02408401481807232,10.422199043727662,0.030340367928147316
Gaia,DR3,2922119173502935680,101.87828040970388,-24.237312189484488,12.041631698608398,0.5887346267700195,4.509012666796446,8.047446009763329,69.50649762583065,24.23423757644158,21.80972671508789,0.7955407500267029,2.0718231024980236,nan,,,1.0882956981658936,,Gaia_DR3,-1.4916682515414355,12.308885853255948,-0.4728402554778025,0.009337431751191616,10.623544912836339,0.011765636503696442
Gaia,DR3,2923937044181978496,99.95541921884293,-23.737749041021736,19.183895111083984,2.5276451110839844,3.4715336436642574,6.272011908933228,57.45733355031297,24.56635414570923,,,1.9573228620352616,nan,,,0.9775603413581848,,None,-0.942105484677497,11.556828720237647,-0.0024267607109973444,0.15292483568191528,12.637974461723841,0.2247380167245865
Gaia,DR3,2917278680940464640,88.24803180782678,-22.90495447278159,19.608863830566406,2.665231704711914,4.47212963924651,4.511389501182061,40.762252301958924,24.750203788170946,,,2.081560167323474,nan,,,1.052080750465393,,None,2.0265376013003817,12.091406283698575,2.957711304590681,0.19142654538154602,13.818848230356434,0.3251338005065918
Gaia,DR3,2917238922424424832,88.434862638533,-22.82057809608431,18.438432693481445,2.0085086822509766,3.169089637751897,4.3547632772081215,59.189554503488644,24.804435425559262,,,2.2371062552572805,nan,,,2.2010416984558105,,None,2.1263851036347665,12.980452581249008,0.9354481665838029,0.16624687612056732,13.883430674343614,0.28255558013916016
Gaia,DR3,2917255866074255744,89.04961490260584,-22.683135976043342,16.54633331298828,1.728379249572754,0.7179749748905189,3.8259471342394753,42.782404189544714,24.913169711267823,,,1.92174290063698,nan,,,1.0339410305023193,,None,1.680681082330275,11.13370970120329,1.777249877048733,0.031480927020311356,11.408079240730387,0.047482579946517944
Gaia,DR3,2923535344481809664,99.93679020653104,-24.728691633158835,18.11069107055664,2.4475765228271484,4.488192604380652,6.347615900005361,56.58855524600971,24.079289282398904,,,2.0988428954270253,nan,,,1.0455528497695923,,None,-1.0053631241908767,12.578810454518534,0.20276464236155234,0.0809217318892479,14.154868843722902,0.10142134875059128
Gaia,DR3,2924907741150637824,97.29561437670095,-23.20469395128757,19.026962280273438,2.4471359252929688,3.6273007797851102,3.849139451760421,53.361567650237006,24.88958555343928,,,2.2158383167127673,nan,,,0.995899498462677,,None,-0.33318718257296354,12.988614498675071,-1.095017448331466,0.13320818543434143,11.475152777853815,0.18951939046382904
Gaia,DR3,2924364032650770688,96.41745656743363,-24.261629954737927,19.271425247192383,2.611265182495117,2.6487581110605154,3.1163575906871843,33.7354643038331,24.37912514915743,,,2.113837624915121,nan,,,1.0118757486343384,,None,-0.08664961947320471,12.594605256932592,-0.2925696064096406,0.15428587794303894,11.432371490367876,0.19941064715385437
Gaia,DR3,2924705126072741760,99.54919376406488,-23.44338498969928,16.037805557250977,1.6762418746948242,3.554741995935865,5.901927151289083,50.91270075365167,24.72389292849068,,,2.0214156653693762,nan,,,1.0568487644195557,,None,-0.870879622884086,11.883882651858006,-2.0458731611098986,0.02486669085919857,12.83991942333388,0.031192999333143234
Gaia,DR3,2923058362592444800,99.05838541536194,-25.993181402823645,19.89373207092285,2.4802722930908203,2.615815097113454,5.9480754038859756,52.59467748250081,23.474191627586997,,,2.085201006033115,nan,,,0.9847472906112671,,None,-0.7710796777144422,12.733691645073527,-0.023922302170895193,0.25751131772994995,13.607729315903013,0.3439454734325409
Gaia,DR3,2923041835558684672,99.52586832692857,-25.79197173135986,19.21497344970703,2.656118392944336,3.7904902957047613,6.263462515443041,58.238391615752064,23.56181736868481,,,2.131088662037387,nan,,,1.0968401432037354,,None,-0.9119490608112351,12.973756655747458,-2.020523115222042,0.1833943873643875,11.681116116546447,0.23214253783226013
Gaia,DR3,2923941274724258560,99.89434311893274,-23.65326711857883,20.33599853515625,2.3278961181640625,4.379797315035808,6.215355810514572,60.63595750186547,24.609808182299098,,,1.9237072427569952,nan,,,0.9987426400184631,,None,-0.911323137373182,11.344029593146102,0.6940424152862414,0.35450729727745056,10.58404407653208,0.4889078736305237
Gaia,DR3,2924037099741294080,96.56975027316125,-25.491684514063937,18.557628631591797,2.6336708068847656,3.5580633787131037,3.7256050326575183,40.25142803750249,23.766611923989963,,,1.9326278913852257,nan,,,0.9971414804458618,,None,-0.11588271048957477,11.725521799373345,-0.390276320081757,0.10526642203330994,10.302111393389717,0.1443537026643753
Gaia,DR3,2919584666061694208,99.78003335186912,-27.613926607003506,13.394816398620605,0.8068475723266602,3.664576470295015,7.2878276956397565,64.13623916510282,22.624092377300748,64.66578674316406,2.514842987060547,1.9851200193180814,nan,,,1.0705770254135132,,Gaia_DR3,-0.9122113302116919,12.390901089537175,-0.7732894203182497,0.009779321029782295,13.918159687396992,0.011598723009228706
Gaia,DR3,2919622083817252352,100.29893753833015,-27.614545809036905,19.598913192749023,2.3535938262939453,3.380756967107996,7.678529157715723,66.59177183675381,22.605064789744944,,,2.078274515063296,nan,,,1.097230315208435,,None,-1.0890296666803154,12.968178008059944,-2.4943576486639305,0.2521165609359741,13.436099816930936,0.297105073928833
Gaia,DR3,2924318265480476800,96.06596462453538,-24.714382483488336,20.090316772460938,2.364748001098633,4.5195865896647565,2.9579445685470356,59.53819925141651,24.15568200136275,,,1.8269926188968046,nan,,,0.9936014413833618,,None,0.005098870664007382,10.959528413662746,-0.38522386719662854,0.31670284271240234,9.263142584161297,0.3856838643550873
Gaia,DR3,2924653311586053376,98.22738856582507,-23.642563281585684,17.675416946411133,2.0602359771728516,4.208931688127209,4.688351546138436,43.4815132027584,24.66178716487956,,,1.9660112286325735,nan,,,1.4161372184753418,,None,-0.5237051030505264,11.600076783980633,-0.582237585478767,0.08480813354253769,9.856646610511373,0.10957176238298416
Gaia,DR3,2923483255118763648,99.63293153821252,-25.296670184535635,18.26552963256836,2.8700389862060547,0.49594656850784813,6.203474635694597,56.20788654724868,23.806931738052423,,,2.1106821355660097,nan,,,0.9654977917671204,,None,-0.9313125060721998,12.75762376305925,-0.861191366727159,0.08565834164619446,12.966859422913181,0.11034821718931198
Gaia,DR3,2917990438624412928,90.55075786605504,-20.817975972240554,19.94767189025879,2.178081512451172,4.783145795641186,3.5763730775663762,42.375130123195774,25.884603883632078,,,1.9145443348510363,nan,,,1.001089334487915,,None,1.3185564595864951,10.772579210907614,3.1040084963880172,0.3754112720489502,10.038412542900023,0.40885958075523376
Gaia,DR3,2918077682296342016,89.30782939149346,-21.02068055581656,15.626791000366211,1.8200750350952148,4.547819533000376,4.303468765900479,64.9260074456036,25.716574731938376,34.249244689941406,9.010831832885742,2.2752082336206416,nan,,,14.895017623901367,,Gaia_DR3,1.9171601703682777,12.832245046360601,4.003236657111098,0.32980620861053467,12.194780719015753,0.4586045742034912
Gaia,DR3,2918138602111273984,89.12570294409333,-20.633188383213344,14.358912467956543,1.1362295150756836,3.791766819205911,4.673104000065707,40.58851219846275,25.88476229948148,31.33710479736328,2.881594657897949,2.051553046808694,nan,,,1.018275260925293,,Gaia_DR3,1.7749088864145541,11.493327815042168,0.23862393071391041,0.014851781539618969,10.919673144442935,0.01854316145181656
Gaia,DR3,2926531616746338560,99.45591694506831,-22.299136973073963,18.182077407836914,2.1668453216552734,3.21456428106205,5.961626065796564,58.024234155123516,25.278532970221825,,,1.9283027183877965,nan,,,0.9520854949951172,,None,-0.8083993155698566,11.133883264060113,-1.4924551562830817,0.07113385200500488,12.24727121061028,0.11351975053548813
Gaia,DR3,2926549728629810432,99.27287898858049,-22.072464980793903,19.474414825439453,-0.07272720336914062,2.5330219248906154,5.851963370063079,65.3718411213502,25.392343582779255,,,2.2223025313180593,nan,,,0.9941461682319641,,None,-0.8810674850358922,12.785522826914313,-2.0608848907227655,0.16443820297718048,12.912955608627644,0.23297108709812164
Gaia,DR3,2926649955985189248,99.99419668362354,-21.71178619738807,18.72169303894043,2.5767478942871094,1.0786383654137226,6.595082333267068,58.28747928690937,25.539056538945363,,,1.9833790065519392,nan,,,1.003651738166809,,None,-0.9642050367342514,11.339749151700191,-0.5134993636583611,0.09634397178888321,11.355934632708413,0.1309720128774643
Gaia,DR3,2924484296029273984,96.81438200652342,-23.782915034830587,20.19655418395996,2.214750289916992,3.6387152469089674,3.4015589058319398,65.48346098114774,24.612284076065322,,,1.8119659616478148,nan,,,1.013424038887024,,None,-0.16385866219784972,10.717436212319912,-0.0309051119215083,0.3456520438194275,9.333890951504792,0.44227439165115356
Gaia,DR3,2923861663215444608,100.16116293662269,-24.127941484357255,19.427642822265625,0.8934745788574219,3.8032636094059438,6.477216040052781,69.60863523245648,24.367496200876563,,,1.877116821165276,nan,,,1.2198549509048462,,None,-0.951491614637284,11.14788781355475,-1.9151539963829518,0.214799165725708,9.991857412905755,0.29913926124572754
Gaia,DR3,2919873871979610624,99.11143326573094,-26.819202391692983,16.99728012084961,1.9009342193603516,2.3733069974152237,6.3648142262420695,55.30484419546893,23.052959260977804,,,2.0677833084271904,nan,,,1.0321708917617798,,None,-0.7782835978993607,12.773306571728648,-1.4755535817381862,0.045799560844898224,12.009040779326583,0.05636221170425415
Gaia,DR3,2923057366159966976,98.9314723164892,-26.02126761661632,19.438087463378906,2.5730056762695312,3.373739327423929,5.855254308958805,68.31275675869493,23.463413095450793,,,2.244505203783132,nan,,,0.9795715808868408,,None,-0.7945514126237416,13.712750153135463,0.1134088406338335,0.17380815744400024,12.39978148561748,0.22639571130275726
Gaia,DR3,2923819881773696000,99.19531384517039,-24.05372872544459,19.48286247253418,2.7751235961914062,2.6900738246964395,5.592404002781683,54.89440167762698,24.43654962286066,,,1.9297701405900451,nan,,,1.0518440008163452,,None,-0.7464715543972908,11.45365423944091,-1.5939297874145053,0.19007687270641327,12.146072608982681,0.2228596806526184
Gaia,DR3,2923771846857991936,98.66167210814028,-24.650618195557882,15.052740097045898,1.3459558486938477,1.8201980843738488,5.194826123504135,60.86131175828852,24.15630890485811,,,2.217673153314832,nan,,,0.9957290887832642,,None,-0.7106069338273153,13.28385183829462,-1.4891221026780594,0.015920044854283333,12.94028006266361,0.01887677051126957
Gaia,DR3,2919741655706326144,99.12712909717668,-27.84487427771138,13.389019012451172,0.8546772003173828,3.9511531546478853,6.948405623848407,60.60051922608601,22.524649960069237,49.533164978027344,2.4023704528808594,1.9981067820311318,nan,,,1.092130422592163,,Gaia_DR3,-0.7559594217628431,12.514754856570597,-0.1918588989587401,0.010500108823180199,10.948959904344502,0.012656043283641338
Gaia,DR3,2919797765158259072,99.27962048069882,-27.293691992611883,15.436135292053223,1.455007553100586,2.151499525769912,6.741018157430216,64.50435660889178,22.80488103747099,,,1.9267993152158918,nan,,,1.0252784490585327,,None,-0.7655259954304201,11.978591739235515,-0.35638800327913367,0.02105581946671009,12.750817750485323,0.02372773550450802
Gaia,DR3,2919812093166586752,98.80882473035523,-27.495670631115235,19.129959106445312,,4.280942466597907,6.5130112176924255,56.35757677303737,22.7135656897642,,,2.0609798280663805,nan,,,1.221818447113037,,None,-0.698134646250308,12.850518725906163,1.0355745342589253,0.2201365977525711,12.17693354052582,0.3017503023147583
Gaia,DR3,2923864476413709952,100.12361526088387,-24.057657146511804,19.169570922851562,1.9254817962646484,2.852182003023725,6.438229799236567,55.43371336623264,24.40344408473739,,,2.04206233606818,nan,,,2.2767550945281982,,None,-1.0255739455855877,12.11486181014474,-2.160821147143098,0.3599855303764343,11.647127452543135,0.47266703844070435
Gaia,DR3,2923581867567708544,100.91544908849367,-24.73292830649451,18.209793090820312,2.7470703125,2.6706725057809986,7.226166961535389,64.82913539125435,24.037489795214178,,,1.965885046448938,nan,,,0.9276812672615051,,None,-1.1806353680503965,11.775120573590872,-0.2844300936198434,0.08354617655277252,11.125638091705476,0.10761287063360214
Gaia,DR3,2936412309270203392,96.00779422303094,-23.78552812876366,19.940505981445312,2.539031982421875,3.4323971103059083,2.6663991035721133,30.086507733232434,24.613460013795372,,,1.9490218298821902,nan,,,1.0584315061569214,,None,0.019561744918478396,11.52900209640803,1.1882918827712798,0.2657950520515442,10.739723117434444,0.3590582013130188
Gaia,DR3,2926483891069133696,100.2770649864447,-21.671623870160552,12.35557746887207,0.7131900787353516,3.606652603694357,6.858271719237512,59.30046242466236,25.54709307325325,59.62800216674805,0.7406675219535828,2.014174975496474,nan,,,0.9275239109992981,,Gaia_DR3,-1.049968199480689,11.506362762567186,-2.518037305432383,0.006654579658061266,11.070468117149487,0.009346028789877892
Gaia,DR3,2926535568115864192,99.44233851023776,-22.191464860710063,12.932171821594238,0.9144973754882812,4.162955797741962,5.974130760277364,56.13402295189036,25.33036026293923,72.18971252441406,0.8261074423789978,2.131998814772633,nan,,,0.8958293795585632,,Gaia_DR3,-0.8901947272047872,12.28870345291275,0.2610970578731493,0.008888849057257175,10.81382398076805,0.011759674176573753
Gaia,DR3,2926343016144965632,99.53385043840001,-22.321504666790457,20.2166748046875,2.291046142578125,4.522783110576633,6.027106968280492,53.1035242636517,25.265316110344997,,,1.9890330360105455,nan,,,1.0279239416122437,,None,-0.8531337827906103,11.488239856888242,-1.1287817262227309,0.3018623888492584,9.611939716891813,0.41790544986724854
Gaia,DR3,2919952757639858176,99.47565097960629,-26.844263244006708,19.577138900756836,2.7685890197753906,4.97763848400061,6.660010213565661,57.5773181260636,23.029419905556345,,,2.014739350769095,nan,,,1.061333417892456,,None,-0.8495798774320518,12.44761492868755,-1.4652336306952276,0.22730043530464172,10.425103128628804,0.3095971345901489
Gaia,DR3,2919920601224043392,100.0692194299647,-26.822038188596643,18.092195510864258,,1.8942896276844008,7.1192087960623995,69.33102653114278,23.020681179523994,,,2.1838353041755116,nan,,,1.020546317100525,,None,-1.082015044399542,13.483538669285046,-0.24408946821735555,0.1341947764158249,13.725217418208782,0.22251218557357788
Gaia,DR3,2924289300218868480,96.88480992282044,-24.676087557991952,17.28803825378418,2.317232131958008,3.068637822942434,3.6395030230575496,59.317135079979316,24.171715073192566,,,2.2580134048522353,nan,,,1.0287057161331177,,None,-0.22400243235047945,13.536737694228387,-0.038739339071055645,0.04918709397315979,14.985649679038096,0.06401894986629486
Gaia,DR3,2924403585008082048,96.83955547619544,-24.362765249641413,15.301301002502441,1.3900260925292969,4.243813441435875,3.5140180800827343,34.046655401890995,24.327091150098855,,,2.0932191535422864,nan,,,1.0202865600585938,,None,-0.1958558856872239,12.490311121732912,1.0623264199883846,0.017996856942772865,13.877353658149339,0.025411199778318405
Gaia,DR3,2923132171609140352,97.80235595528184,-26.261602748669763,15.711405754089355,1.476283073425293,4.670753677070501,5.07400628189605,68.85469294572454,23.365493802810462,,,1.833274308954183,nan,,,0.9862762093544006,,None,-0.39134256377412413,11.2428441057028,-0.14599489790316722,0.023632369935512543,13.031211361573018,0.028924113139510155
Gaia,DR3,2926834124183404032,101.35576833066781,-21.436886006182565,14.949296951293945,0.9236488342285156,4.6146068605703165,7.8866820894949035,69.41326051006097,25.608957888896143,,,2.106553496993466,nan,,,14.723881721496582,,None,-1.3802058228387568,11.978954599477579,-0.4184240348326841,0.18722966313362122,13.788504348647113,0.26877251267433167
Gaia,DR3,2924155095377108608,98.24922270876395,-24.522384625419377,19.680110931396484,2.5083751678466797,1.9304427783209193,4.801699764620416,68.70918261283015,24.22895148556648,,,2.2851288265315075,nan,,,1.028488039970398,,None,-0.6149220141713077,13.66382776147654,-1.535580541068765,0.23666366934776306,13.794946855306708,0.2961212694644928
Gaia,DR3,2926677237617399040,100.04671274870151,-21.52674694466699,17.34086799621582,2.1686058044433594,4.693067587901882,6.6977739648432655,65.39168637170187,25.6244757593127,,,2.17414045283668,nan,,,0.9694605469703674,,None,-1.0711310278663286,12.392156009629222,1.0634485068763508,0.04419860243797302,12.127068961392848,0.06000170111656189
Gaia,DR3,2924607265238225280,98.35803378851686,-23.962769380889373,18.063365936279297,2.398509979248047,4.528528027289009,4.822761909283689,53.19210495635188,24.502375420534328,,,2.177488016849741,nan,,,0.9880359768867493,,None,-0.6154472819196437,12.910410036950324,-0.8117731258161439,0.0742853507399559,10.840942681941328,0.09457197785377502
Gaia,DR3,2924374993407405952,96.14328422044186,-24.19571485421892,19.241058349609375,2.741729736328125,2.1903407430405353,2.8578446257807366,26.24338148781226,24.41209737643713,,,1.98956070292266,nan,,,1.0351240634918213,,None,-0.013609116893095852,11.842456552917653,-0.24048102994634063,0.160444438457489,12.732673509824348,0.21005438268184662
Gaia,DR3,2936545079598112640,96.41886430725411,-23.356022313625235,10.244135856628418,0.2826709747314453,3.012011225721925,3.034822106659902,61.015934936071176,24.82248539445162,43.75975799560547,1.5903555154800415,2.281064285531429,nan,,,1.0386137962341309,,Gaia_DR3,-0.09390449192072925,13.403861506379025,0.012100257582276508,0.019701292738318443,14.848366831880305,0.025210749357938766
Gaia,DR3,2936560885076475136,96.09105940219327,-23.50202155150194,18.001253128051758,2.2139720916748047,1.954976935237816,2.729488419887249,66.23103499624214,24.751940046695626,,,1.800004371975188,nan,,,1.0415399074554443,,None,-0.0006030234779030863,10.601152549510017,0.4639477663224306,0.07496985048055649,10.022784440310856,0.09347039461135864
Gaia,DR3,2924221061780207360,97.98206466844552,-24.272599842420664,18.279644012451172,2.692310333251953,3.729772590463052,4.518153553753218,52.1847512774661,24.357381883643722,,,2.183789448386217,nan,,,0.9599578380584717,,None,-0.5150255749483224,13.010146786013351,-1.5403434493140156,0.10007696598768234,11.632829069690516,0.12335213273763657
Gaia,DR3,2937173136956830592,97.8728087713855,-21.599702503749768,12.420270919799805,0.726470947265625,3.096373456954974,4.784271548601136,41.56152784128348,25.649835118911366,43.308258056640625,0.8428372740745544,2.0527189305145805,nan,,,1.089170217514038,,Gaia_DR3,-0.4561924326414406,11.724446883891552,-1.0743030755926823,0.007795274723321199,10.535629964648173,0.01058442797511816
Gaia,DR3,2925391388830893184,100.46074898005652,-23.572530675122998,19.66138458251953,2.5575428009033203,3.1771215744158865,6.734806736485129,66.64596912591936,24.627315364819893,,,2.183916246664465,nan,,,0.9985887408256531,,None,-1.1882814123616146,12.858089552099624,0.22170516424840636,0.20454978942871094,12.46887639763553,0.2723991870880127
Gaia,DR3,2924844725390499840,98.21197677065881,-23.480985398139595,19.835783004760742,2.129209518432617,1.1905888018105446,4.674711837076476,50.18654719266092,24.740877360220786,,,1.9138651010418484,nan,,,1.1617318391799927,,None,-0.5061428790119344,11.26432952779165,-0.2847158436644003,0.29117661714553833,10.838051173247258,0.3404684066772461
Gaia,DR3,2923284557045972480,98.23609497197894,-25.491072838186586,20.270021438598633,2.196136474609375,4.567032701769075,5.070392812726234,68.78349513662532,23.746544049623573,,,1.833489047255287,nan,,,0.9623594880104065,,None,-0.4903909212760107,11.120177239338515,-2.19523036622855,0.38773906230926514,10.662362235548926,0.4311046302318573
Gaia,DR3,2937014704203054976,96.59510885857352,-22.426082392444133,19.049781799316406,2.8386497497558594,0.8494264140359905,3.37729997721357,49.79215343851335,25.27060536101524,,,2.20772725663417,nan,,,1.0174700021743774,,None,-0.1393513510551756,12.783457383899764,0.0595346289479205,0.13087084889411926,12.44179654104794,0.17565658688545227
Gaia,DR3,2937311709782232704,96.36073165996123,-21.689273501914176,19.320722579956055,2.3531856536865234,4.33622276713893,3.49738748228909,50.05910730586547,25.622365712077393,,,1.8752987326558372,nan,,,0.9772756695747375,,None,-0.06362123501000116,10.729274253495479,0.916693487124137,0.13724276423454285,12.135554888319275,0.23009762167930603
Gaia,DR3,2924559195964044800,98.38544205281393,-24.060781670356995,18.343852996826172,2.8169326782226562,1.7028083903289948,4.856403469805113,47.96181309184808,24.453670907583284,,,2.132272120727329,nan,,,1.027969241142273,,None,-0.6099413011460317,12.661039793368609,-1.0561885588029307,0.09540121257305145,12.03916285590347,0.12511609494686127
Gaia,DR3,2923197901788642944,97.5100952809555,-26.060572316318062,16.03609848022461,1.8875446319580078,3.010308188527811,4.745044155434977,62.18862869553576,23.471593665900883,,,2.243914728086514,nan,,,4.21024227142334,,None,-0.3973421369223944,13.723252579008047,-0.08242782448886321,0.1118168979883194,15.111990194656507,0.13180190324783325
Gaia,DR3,2923262841694388608,98.33330922794528,-25.845436830422848,17.136810302734375,2.338930130004883,2.921103620631905,5.293185726876375,45.82805170501849,23.566290652550187,,,2.0514952043680497,nan,,,1.0248862504959106,,None,-0.5735233605719792,12.505297942035602,-0.4162863480059869,0.05149921029806137,11.251814723614604,0.059937819838523865
Gaia,DR3,2924174817869683712,97.3828099219089,-24.85868543826366,16.904390335083008,2.0048580169677734,1.9354859190361353,4.126177722215272,52.29920707399305,24.076154827018126,,,2.1998553933322342,nan,,,0.9555851221084595,,None,-0.3546714632077279,13.222716202989494,-1.2378085058144452,0.03816646710038185,13.062318819532608,0.05232895165681839
Gaia,DR3,2937163761048228480,97.77992185010166,-21.778164905918608,16.47515869140625,1.8113603591918945,1.3424877087468228,4.634170483968362,39.958813278003134,25.56692049069433,,,2.036507652338709,nan,,,1.0139296054840088,,None,-0.4290376650151626,11.666384178292699,-0.41516481357062507,0.02820468507707119,11.090199337732749,0.037544552236795425
Gaia,DR3,2924837338045977856,97.63663072074148,-23.53721658667732,18.92936134338379,2.666685104370117,4.37334543561396,4.146447541838809,42.543652728147386,24.723461769802388,,,2.128452037447081,nan,,,1.0127959251403809,,None,-0.410432991250536,12.540159635784953,0.5976086883815168,0.13054542243480682,14.223767755557764,0.1833312213420868
Gaia,DR3,2937224818301025280,96.33993497895558,-22.12318416931909,17.593536376953125,1.821542739868164,4.357605728319033,3.2730486167766384,28.368419133731656,25.41628560118845,,,2.014776977443055,nan,,,1.6940776109695435,,None,-0.06313396698739204,11.609429492256632,1.5764913832471796,0.12533240020275116,10.750828582448296,0.21636401116847992
Gaia,DR3,2937287864122738688,95.77539602274284,-21.908607276140273,19.576135635375977,2.7434864044189453,4.8572737216195225,2.9210871393743703,46.62863333803043,25.518239036333497,,,2.2010823469898786,nan,,,0.9874123930931091,,None,0.08580830629599134,12.638631119065488,2.1947322366166184,0.1760139912366867,11.843542042858395,0.2466355264186859
Gaia,DR3,2924246457924398720,96.49536597035437,-25.122540735953752,19.797977447509766,2.6313095092773438,1.679186512767156,3.4853537222570696,63.6139639012207,23.951726903421243,,,2.2871773375800295,nan,,,1.0395811796188354,,None,-0.11595074316411935,13.802526194061555,0.41445594688142795,0.2539808452129364,13.190823632544962,0.33086681365966797
Gaia,DR3,2924899121154682368,97.09179124568715,-23.36931388836577,12.672057151794434,0.7164926528930664,4.989905041048194,3.6510663569811364,42.639969347633304,24.811776841951467,53.01231384277344,1.0675442218780518,1.9158056323565613,nan,,,0.9828086495399475,,Gaia_DR3,-0.23944165636141923,11.259134594570945,-0.4898333335405993,0.007903381250798702,9.259471933744873,0.011288842186331749
Gaia,DR3,2937301646678099200,96.22978325277592,-21.900260706419886,17.76304054260254,2.2871341705322266,0.7802010067295474,3.2852620506426926,36.784546747963056,25.522576723577686,,,1.9347328748855481,nan,,,0.9742369651794434,,None,-0.034079886783281665,11.107794337192542,0.002316895242822692,0.05505155771970749,10.791669028090451,0.08610010892152786
Gaia,DR3,2924138048650547584,98.07414934662297,-24.931693474556997,17.955522537231445,2.587198257446289,4.890854331815285,4.746186296250656,46.77681427692324,24.02923271976141,,,2.128578860030255,nan,,,0.9782043695449829,,None,-0.5264061220819709,12.805846329649123,-1.894240686625225,0.07352473586797714,14.522100558331815,0.09508925676345825
Gaia,DR3,2926422288358982912,100.80239457263247,-21.85005572065624,16.58013916015625,1.8016490936279297,2.490461216801908,7.280168838518273,68.573775026965,25.44028773902429,,,1.9299215172380817,nan,,,0.9880379438400269,,None,-1.1319533792773289,11.053737124401763,-2.0047532285726817,0.029380841180682182,10.539083630127353,0.040563348680734634
Gaia,DR3,2937901563408240256,94.13494666668531,-21.805160277952897,17.74139404296875,2.6491336822509766,4.733824702635108,1.9322199576127028,23.285596562284592,25.549556831562512,,,1.9600527132961683,nan,,,0.9870651364326477,,None,0.47683385404003165,11.23262684737861,2.412097185332444,0.05327284708619118,10.948489929425246,0.09860509634017944
Gaia,DR3,2937310575910676992,96.4277425094831,-21.720532864738065,18.40898323059082,2.7885074615478516,4.180813758803162,3.534467780544464,62.534967467726865,25.60736848862891,,,1.8252264787529369,nan,,,1.0567233562469482,,None,-0.07715749948652206,10.448143157515801,-1.5761411120595932,0.08487824350595474,9.864285065156173,0.12446678429841995
Gaia,DR3,2924246664082836352,96.43573141842732,-25.105115192986354,18.54740333557129,2.6005802154541016,3.3523248674561574,3.429373502336797,58.23815821180052,23.960636197889883,,,2.2566021792861477,nan,,,1.0237815380096436,,None,-0.09763851888623432,13.614591535896222,-1.6923571411188623,0.09958615899085999,13.624477359087862,0.1351771205663681
Gaia,DR3,2926793850267902080,101.42108310168537,-21.617862002331208,19.38462257385254,1.8794231414794922,2.379657189556613,7.895268266252605,67.96697017020372,25.520371950937804,,,2.02902340260313,nan,,,1.6193791627883911,,None,-1.3458454856038857,11.572081222485288,-1.4569297634939555,0.261965811252594,12.583872582634042,0.42596161365509033
Gaia,DR3,2936834491672928128,96.02842122441577,-22.482601655657216,17.37505340576172,2.1555213928222656,4.686761445406895,2.866028596200316,41.10771471872602,25.244721724771562,,,2.1704380873173146,nan,,,1.0303603410720825,,None,0.016207422925766046,12.57917671230805,0.920376799171075,0.046815019100904465,14.523669213318263,0.06542475521564484
Gaia,DR3,2924412827777565952,97.02973003821208,-24.141563397559075,18.662208557128906,2.408029556274414,3.2272910921789753,3.6397850239339653,31.700538136036734,24.43460198353638,,,2.046367961270872,nan,,,0.9395418167114258,,None,-0.2399424673116881,12.169821456842097,0.3584058537102438,0.1354883909225464,13.426922561193331,0.16728821396827698
Gaia,DR3,2924837720302612352,97.65845419072119,-23.49913887073021,11.116549491882324,0.5762929916381836,4.240244423993174,4.166822905777802,45.700746883782266,24.74169607860424,50.816768646240234,0.3998560309410095,2.152241106000525,nan,,,1.523473858833313,,Gaia_DR3,-0.4208687306668377,12.67279115808287,0.6118089695852084,0.016251835972070694,14.296000392190003,0.020769890397787094
Gaia,DR3,2925012027257733120,98.90176959412811,-22.487196978044512,17.1897029876709,1.0008983612060547,4.787081159172403,5.420968241970279,69.94126267844432,25.20485728698374,,,2.2731418450557803,nan,,,5.270707607269287,,None,-0.7962887147222739,13.167910668696365,-0.20878193036645293,0.2125493437051773,10.950444549736739,0.2817116677761078
Gaia,DR3,2925004880430132224,98.51229798468438,-22.682266650609023,17.302270889282227,2.1430091857910156,3.143629809280189,5.030586195139506,44.625581220572265,25.12091303169165,,,2.076192565971636,nan,,,4.517157077789307,,None,-0.626678697692205,12.066306487153852,0.34567342653369515,0.21102778613567352,11.092826960730282,0.30508801341056824
Gaia,DR3,2926505743864170752,99.26972156749814,-22.394926692714723,19.94135856628418,2.1348876953125,2.106875541716184,5.772801718358168,66.88196341085032,25.23854365084982,,,1.8641215881551843,nan,,,1.0027838945388794,,None,-0.7383288840409294,10.780850615976584,0.08033009094990429,0.21855725347995758,10.65715873692603,0.3149057626724243
Gaia,DR3,2938764851836689792,98.91967592920064,-21.00110222507388,20.095211029052734,2.5818347930908203,4.1597109599552935,5.921479403645977,60.55079028553794,25.908068923903713,,,2.179098518382102,nan,,,1.0557407140731812,,None,-0.7681995321694526,12.318323155615882,-2.441526725045417,0.25053536891937256,11.39560792811485,0.3799227178096771
Gaia,DR3,2937762818786511232,93.54031391648806,-22.372966856346792,19.698976516723633,2.5201358795166016,1.8732526870020125,1.1861485634750242,41.82373018557984,25.266331790924344,,,2.2048426555569502,nan,,,1.0001232624053955,,None,0.6995689493485866,12.750165315430134,-0.009675103521343764,0.18420496582984924,12.245110913683865,0.2828386723995209
Gaia,DR3,2937049991654756480,96.99688091673976,-22.092912662714287,19.633657455444336,2.463521957397461,2.920263245293814,3.842696668119137,33.2179515989263,25.427075056366462,,,2.017599225836552,nan,,,1.0014094114303589,,None,-0.22831478132822625,11.619346168339826,0.164058287406744,0.17774979770183563,12.797818260291482,0.26537585258483887
Gaia,DR3,2926338931626961792,99.64455585563621,-22.393715013112867,20.09454917907715,2.4547958374023438,4.631930518011791,6.1121950031604575,69.77740786683583,25.22709819233891,,,2.2443067036348574,nan,,,1.0649747848510742,,None,-0.9935161161539892,12.976992222329105,-1.8896137475887564,0.28592416644096375,14.976879786224112,0.392957866191864
Gaia,DR3,2936739482697491456,94.78621518302259,-23.18777466011096,13.309343338012695,0.8596858978271484,2.482697469988771,1.564644885535449,47.78733966794678,24.89666194477978,97.47186279296875,1.302193522453308,1.8523167635994473,nan,,,0.9782375693321228,,Gaia_DR3,0.30041912584354646,10.854693273024896,-0.36270316498499566,0.007937849499285221,10.147499124423645,0.01038317196071148
Gaia,DR3,2925011919878090624,98.90587202778595,-22.496643519639637,18.834693908691406,2.7746753692626953,2.8483427123972405,5.422754396723401,46.7250328483901,25.200219475019306,,,2.038308562543484,nan,,,1.016682744026184,,None,-0.7150662167225588,11.809329882444299,-0.12974941267765294,0.1137651652097702,10.734440355087424,0.155293270945549
Gaia,DR3,2937182104849377920,97.54851360362218,-21.604352873720266,18.84688377380371,2.3279056549072266,1.7193095454836826,4.5087953524334115,62.85637986804592,25.65267779837057,,,1.844715952345821,nan,,,0.9834671020507812,,None,-0.33547890703889705,10.537990000158665,-0.8323152028615101,0.10840931534767151,10.090556002326514,0.14612509310245514
Gaia,DR3,2937285669393055232,95.69612645508386,-21.99623351472265,19.451000213623047,3.0501651763916016,3.9634334566556895,2.811704075910336,24.636607967112933,25.47631304598968,,,2.008035231259577,nan,,,1.0571093559265137,,None,0.09810942762870933,11.546625454203229,-1.5295741014397568,0.1833878755569458,11.139708241250574,0.3026384711265564
Gaia,DR3,2937565598186084864,93.58601778525507,-22.696089503153747,17.47836685180664,2.4860057830810547,4.562551179734675,0.9067446924045509,56.52087499006809,25.112429584115247,,,2.2822340598402215,nan,,,1.1806057691574097,,None,0.7111441636770763,13.266315257420029,2.711725710507935,0.059089839458465576,12.362851430563763,0.1031954362988472
Gaia,DR3,2938202730816498944,96.1228064529818,-20.936425256733397,17.092342376708984,1.8951435089111328,0.7064423981193503,3.779732325308687,32.57869538630168,25.97686903503721,,,2.0274391595497514,nan,,,0.9655051231384277,,None,-0.008696704787649168,11.454796552799667,-0.03316631175885765,0.03518485650420189,11.153853027642393,0.058372337371110916
Gaia,DR3,2938225129066749952,96.77440907872557,-20.77773218929687,20.02222442626953,2.4078140258789062,3.4460091550774052,4.342565797593422,42.116286729464775,26.048689156462245,,,2.112098893214203,nan,,,1.0267367362976074,,None,-0.18048450354624812,11.900629754473494,0.6340179297263526,0.2181890606880188,10.600326285964027,0.35360366106033325
Gaia,DR3,2938272755963284608,95.80056605997225,-20.662331618853777,16.26707649230957,1.743204116821289,4.406171417380373,3.7686025217650037,51.00096312942288,26.104303669157662,,,1.8780881201096278,nan,,,0.9942718148231506,,None,0.06732832822177093,10.561567273403519,-0.9412946175779547,0.024838170036673546,9.1382164325773,0.04193728044629097
Gaia,DR3,2926649986047625984,100.01146452671641,-21.696281241269396,19.094480514526367,2.7585487365722656,4.379294976044931,6.614960713200498,59.535825061059484,25.545743280245016,,,1.967209187156113,nan,,,1.0266069173812866,,None,-0.9605656461973724,11.244324788226335,-2.718726087833982,0.12653690576553345,11.699502395634749,0.183138906955719
Gaia,DR3,2924943273413995264,97.65500011414129,-22.8561593576375,20.209383010864258,1.9953956604003906,2.5589634541356254,4.2219420882120415,44.61896082751412,25.05342309187613,,,1.927921876484936,nan,,,0.9876209497451782,,None,-0.3761741414012234,11.238334414910494,-0.8679602213826214,0.29710090160369873,10.321926397466957,0.4481816291809082
Gaia,DR3,2936850602091280512,95.5206993974159,-22.732742243543452,18.962587356567383,2.610025405883789,3.5518110727049246,2.33959081067746,69.90380045635138,25.12302051505262,,,1.7834101030587943,nan,,,0.9637042880058289,,None,0.12610362186907453,10.377209970716068,-1.1938823643476353,0.12605735659599304,10.175283601447662,0.19797928631305695
Gaia,DR3,2938926965381508992,98.38985778542411,-20.777146484054793,19.794593811035156,2.4454097747802734,4.519585363248701,5.589306967829199,48.369920617543016,26.025713761959622,,,2.053017562690335,nan,,,1.0072195529937744,,None,-0.5883986753787855,11.563800364271232,-2.1216363155020566,0.20380815863609314,10.349156379169786,0.3489786982536316
Gaia,DR3,2938978573708307456,97.32848427943348,-20.647875889153493,17.373640060424805,2.2333011627197266,3.893055609859349,4.830638206933912,45.1447698592857,26.104012846448384,,,1.9609968395294721,nan,,,0.9861223697662354,,None,-0.3028948255012591,11.023992078573755,-1.037796198595029,0.041670702397823334,9.59220073363744,0.07253730297088623
Gaia,DR3,2939520873460034304,98.86797324479876,-19.55668951496142,14.984164237976074,1.328603744506836,0.5275691766646176,6.64189223432502,61.1860176216265,26.576734591683845,42.091819763183594,3.9781479835510254,2.1318986552849806,nan,,,1.025954246520996,,Gaia_DR3,-0.7378466976436897,11.75420129877131,-0.6849619420949302,0.01197350025177002,11.523071260698147,0.01858043298125267
Gaia,DR3,2938816941200090496,98.77583947842767,-20.83741672582218,20.14689826965332,1.9623470306396484,4.663852200043428,5.875826551681867,54.95525662412003,25.988341289167526,,,1.9490647391417686,nan,,,1.020881175994873,,None,-0.6522253671714693,10.988076255418788,-2.0662133862673,0.25881698727607727,9.694699216539668,0.38750988245010376
Gaia,DR3,2938786812004605056,99.72415518980392,-20.76923382527815,17.6153621673584,2.1404666900634766,3.4514716317647562,6.6995777852041885,66.29521928951627,25.99124957749033,,,1.9100167208237975,nan,,,2.818207263946533,,None,-0.8644323647852636,10.751057612990648,-1.3049681009077456,0.16539005935192108,9.432991352493714,0.2528386116027832
Gaia,DR3,2937188014724315136,97.67346102902202,-21.52068820403654,19.098487854003906,2.665475845336914,3.946535547661957,4.649816819501632,43.315035551238715,25.690369631570068,,,2.10034023556223,nan,,,0.9598433971405029,,None,-0.41464421770650706,11.981322594184894,1.0224850269799872,0.11654779314994812,12.975370708593315,0.16275885701179504
Gaia,DR3,2937092189711747840,97.99418191799019,-22.1466134604992,16.310028076171875,2.004444122314453,3.6420853397101403,4.6942439216649,41.947168123807536,25.38808211393063,,,2.0771730673593245,nan,,,1.0079060792922974,,None,-0.49301460157508803,11.9704801978174,-0.8913263226588024,0.02822251431643963,13.514768750859801,0.03840288519859314
Gaia,DR3,2939855292493631232,96.87131567988656,-19.704508679215593,17.67327117919922,2.120157241821289,2.101901259341977,5.151838533723603,63.817690445639855,26.543716064882496,,,1.8584876715453542,nan,,,1.075101375579834,,None,-0.18124456172312664,10.278443798468542,0.46120126965802344,0.08225923776626587,10.793627907478589,0.12099488824605942
Gaia,DR3,2939805470871912192,96.8514796369504,-20.170679864550955,18.178241729736328,1.5374336242675781,4.993905135806183,4.802192346002305,42.32990883428858,26.329677837968497,,,2.0681602467735765,nan,,,2.6727471351623535,,None,-0.19658277875896868,11.531911793833004,-2.1329354783271266,0.19549407064914703,10.53636211875146,0.3122505247592926
Gaia,DR3,2939836325916645248,96.93589037373702,-19.932904685467886,11.730353355407715,0.5927314758300781,3.347426807697113,5.026614299889203,47.920124175607285,26.438486115193164,36.37474060058594,1.5750963687896729,2.1196333603346424,nan,,,1.2168073654174805,,Gaia_DR3,-0.22375988740160668,11.76985650822201,1.1673706697098922,0.013737672008574009,11.220250816168644,0.018676666542887688
Gaia,DR3,2938277115349224704,96.02036578611616,-20.556587542794514,19.454471588134766,2.521665573120117,3.1175467029766772,3.9840116855185723,60.63874378660949,26.153836761112828,,,2.2571766451839164,nan,,,1.1901639699935913,,None,0.01911999129246933,12.670505568582355,-1.4168492846902931,0.2187591791152954,12.298235715148577,0.4206487834453583
Gaia,DR3,2938269629227135360,95.79222035019163,-20.74900847864387,10.443199157714844,0.5531005859375,3.155218612702007,3.6982652202893505,51.4954703019274,26.06392161483492,47.268123626708984,0.8585942387580872,2.208801162617849,nan,,,0.9275942444801331,,Gaia_DR3,0.08148034762226342,12.439738554853077,-0.7928889785079298,0.00787854939699173,11.259064258789182,0.013268392533063889
Gaia,DR3,2939033961607544320,98.66789741704254,-20.383172544277613,16.071535110473633,1.6726207733154297,4.872663110228794,6.015698745354986,62.14503556781493,26.20214442806566,,,1.9017625018685653,nan,,,1.0244733095169067,,None,-0.6108531907702952,10.638820497471846,-2.563427119816329,0.020286990329623222,10.699046060240287,0.029731517657637596
Gaia,DR3,2937908160478267648,94.49454250286709,-21.64390805184074,18.554656982421875,2.7882328033447266,4.1109478249087275,2.2451017441228283,19.37359062261858,25.63202125864838,,,2.027955761538542,nan,,,1.053464412689209,,None,0.40256023484791204,11.59199390141379,-0.2521488989062014,0.08845998346805573,9.961009159898861,0.15194551646709442
Gaia,DR3,2936573353363694464,96.07646310042264,-23.25957955589166,17.67304229736328,2.190195083618164,4.597864042101133,2.728535543234804,24.94786235028987,24.86985453545496,,,1.9922403240719633,nan,,,0.9814707636833191,,None,0.0029547689036055758,11.689207603730596,1.817285573327142,0.05296014994382858,12.350330116365516,0.07523492723703384
Gaia,DR3,2937496462093167744,93.9132682984938,-22.960225508502653,18.754016876220703,2.4223480224609375,4.275319983921125,0.9065211688940937,10.054062468764812,24.992390885451442,,,2.0499203507510164,nan,,,0.9550162553787231,,None,0.555263768001244,11.967172850518143,0.6845785313166013,0.10723286867141724,10.12415087358511,0.145295187830925
Gaia,DR3,2926663871674559744,99.79235260333326,-21.621952503218356,19.627004623413086,2.191804885864258,2.572201194582891,6.443315643434664,61.25909326564825,25.588872497556792,,,2.1502246552433277,nan,,,1.3427543640136719,,None,-0.991373644154911,12.276814581395383,-2.1420835884248954,0.25252363085746765,12.464716135940357,0.3401709496974945
Gaia,DR3,2926723996924051456,99.66686770246983,-21.229699026071234,19.3760929107666,2.582805633544922,2.185455148528997,6.467150125324924,55.71970784076951,25.77795445124521,,,2.046769505888821,nan,,,1.0801647901535034,,None,-0.9117471808483897,11.610956242274629,-0.48325480092630846,0.16909295320510864,12.450958729895753,0.22343483567237854
Gaia,DR3,2936934547231943808,96.85971208338333,-22.929581514446024,16.428939819335938,0.8840646743774414,2.707654609433248,3.487465039383377,34.34837092597835,25.026814958019653,,,1.9611469576405218,nan,,,17.72061538696289,,None,-0.18842183604315466,11.44682832239803,0.7285265724192769,0.348035603761673,10.80470974131504,0.45590949058532715
Gaia,DR3,2936935745524718464,96.8534678293658,-22.91049316348649,19.797935485839844,2.9730148315429688,0.6917235542470294,3.4851796256909355,44.05916307207124,25.036077222541284,,,1.9028772037290402,nan,,,1.0146657228469849,,None,-0.18134350752314843,11.10337947626736,0.09609840525995272,0.23534731566905975,11.108089202344882,0.3156812787055969
Gaia,DR3,2926710532203554176,99.60219528096577,-21.49399672286033,16.923377990722656,2.242863655090332,4.345823711395835,6.317430240420151,54.38143830816982,25.65582998114977,,,2.036890751245351,nan,,,0.9955493211746216,,None,-0.8909693495256628,11.606258074322518,0.8298645790907604,0.03560689836740494,10.884455156108105,0.05097268149256706
Gaia,DR3,2939856568096861312,96.86142744559669,-19.638926700270908,18.433055877685547,,4.702983206822811,5.1945897341505765,53.36410809858611,26.573782304326635,,,1.9184418301364026,nan,,,0.9221657514572144,,None,-0.18472871551674297,10.597730985478165,-1.9701503767017254,0.3279956877231598,9.942047278418276,0.2655888795852661
Gaia,DR3,2926877554892704128,101.01144369411345,-21.18715797566724,16.453739166259766,1.8249034881591797,2.878378191417124,7.65769224577516,66.17613488103396,25.74304382924636,,,2.014874609105434,nan,,,1.0568602085113525,,None,-1.234061970755469,11.412844067762679,-2.045231499156464,0.02732807770371437,10.498090545709982,0.03741489723324776
Gaia,DR3,2936658329294289152,94.98277546988541,-23.481098230725923,17.347427368164062,2.186983108520508,3.5769959646019363,1.7132983006471167,64.25435128650173,24.75635704882284,,,1.7968882827630248,nan,,,1.0158963203430176,,None,0.24744409030834946,10.578422093049209,1.590886377162406,0.04588058218359947,10.402023983269132,0.060337454080581665
Gaia,DR3,2937131772131054848,97.55734849509322,-22.06512224805938,19.133703231811523,2.584545135498047,3.4397234894824367,4.337389655258942,39.159408662647046,25.43395072328195,,,1.9822700676302316,nan,,,0.997149646282196,,None,-0.36267518073993443,11.40964866349185,-1.3275162604575121,0.13807709515094757,10.34419070023368,0.206840381026268
Gaia,DR3,2937032678639817856,97.23721549442863,-22.219215325477837,19.997024536132812,2.084054946899414,4.080545748663044,4.006278002923089,60.568359970550965,25.364473933553985,,,1.8424303013325647,nan,,,1.1132322549819946,,None,-0.2636396678345445,10.631933676140534,1.2970724240292013,0.2503286302089691,10.356123136589257,0.41866588592529297
Gaia,DR3,2939614430726997376,99.90849784759357,-18.959703253153993,19.097211837768555,2.4837646484375,3.5015274993940353,7.785548906638896,67.33694135709871,26.814165936615616,,,2.0728674615002545,nan,,,0.9398963451385498,,None,-0.9856319000507647,11.302004895040286,-0.6901390833110593,0.20736081898212433,9.800706743369462,0.3155924081802368
Gaia,DR3,2939896803354326016,97.68787689152124,-19.6503280580032,16.81121063232422,2.111255645751953,1.6801035234384647,5.730408693144272,66.36323256755877,26.559056057315143,,,2.235326720101909,nan,,,0.989754855632782,,None,-0.44530530177300687,12.34913698200754,0.3440338247219594,0.04207079857587814,12.287859706218876,0.050792839378118515
Gaia,DR3,2940092344624701568,96.17158389650983,-19.411994347494776,16.825414657592773,2.2799081802368164,1.9834564191924666,4.973897775229899,42.88810267618277,26.680163614374948,,,2.038714244250443,nan,,,1.0242903232574463,,None,-0.021131959059434102,11.217213889543089,-0.796862320734983,0.04495411738753319,11.570651489975335,0.05534669756889343
Gaia,DR3,2938438060662846720,94.99065109603842,-20.375176124289194,12.429725646972656,0.6894979476928711,0.49926845239010004,3.5699518756014106,31.23948149137001,26.232161551858745,44.32742691040039,0.9590380191802979,2.0055077002097548,nan,,,0.9296299815177917,,Gaia_DR3,0.2742053899898744,11.221778623912844,0.10484150891205368,0.00886555202305317,11.347759544684822,0.011883959174156189
Gaia,DR3,2938707642872144640,98.49349648319478,-21.24871516675576,18.915050506591797,2.5228099822998047,4.449651287283312,5.455951563383242,57.10174375877058,25.80273121425085,,,1.9069005596943054,nan,,,1.0132617950439453,,None,-0.571117616905918,10.826217647657769,0.2733303371847864,0.12288343906402588,12.403072313465863,0.18089111149311066
Gaia,DR3,2937170628696269056,97.80361898085367,-21.712201957695047,19.163293838500977,2.6350460052490234,4.19545048736755,4.680134026175045,68.13217320875212,25.597781434252617,,,2.284981114995585,nan,,,1.0325381755828857,,None,-0.48812613833381047,13.075524216399764,1.5162222355935184,0.13929730653762817,12.817126806371643,0.19588086009025574
Gaia,DR3,2938310242431474176,96.32776166819707,-20.320571876889687,19.634992599487305,1.4054803848266602,4.893001356964126,4.352457039237724,43.971919428512145,26.262974486161834,,,1.9389858936571196,nan,,,0.9568312168121338,,None,-0.05781888864274931,10.840166605633001,1.8459717011464407,0.27171042561531067,10.227149867432491,0.3861244320869446
Gaia,DR3,2938477299480907136,95.45350054494942,-20.48295846091612,19.87428855895996,2.7659835815429688,3.491266094815046,3.709263905261958,34.619905533072775,26.18608796967271,,,1.9745293009354625,nan,,,1.0610820055007935,,None,0.15614431470024925,11.069576547002935,-0.5799160698933232,0.26304519176483154,9.816529676592996,0.3975762724876404
Gaia,DR3,2940726591037829632,98.55329280301407,-17.831100050502293,15.3870267868042,1.5210847854614258,2.7828635103805652,7.610136899979141,65.4578860277293,27.359815878829725,,,2.0460334042137824,nan,,,1.050721526145935,,None,-0.6280138337051597,10.931376250052898,-1.8104599537329094,0.028677528724074364,10.725022368729535,0.0321817509829998
Gaia,DR3,2937287692323790080,95.79097303101179,-21.913361255645444,18.15660285949707,2.3530044555664062,4.2553214504326675,2.9305709612755746,37.71177362050914,25.516025902657887,,,1.9173402818232426,nan,,,1.0326695442199707,,None,0.0710265543107953,11.010245812595388,1.5401330334487262,0.07152843475341797,11.904701109142376,0.10666465759277344
Gaia,DR3,2941502468287243776,93.74131305765275,-20.168873977241407,17.589906692504883,2.0876388549804688,0.7626734249230467,3.3741091731863007,34.689338813622406,26.306686053869047,,,2.1077183932559,nan,,,1.0424731969833374,,None,0.6160299779990082,11.748225206906218,0.2888147458572268,0.08035226911306381,11.660088767813251,0.09964808821678162
Gaia,DR3,2937107995191409024,97.85557956190078,-22.06516358226389,16.818580627441406,2.1455678939819336,1.676561301355329,4.597879999948738,65.94164916712577,25.429322637102555,,,2.273237750313052,nan,,,1.0281732082366943,,None,-0.5003238437716631,13.08352793960489,-0.8796228696959916,0.0348687618970871,12.375252222929747,0.04606195166707039
Gaia,DR3,2936778176062477568,95.811918744876,-23.120629322677946,13.72607421875,0.9872732162475586,3.805249782324908,2.5048067565409995,68.45248435991194,24.93687285032174,67.68294525146484,2.2515180110931396,2.332207802242296,nan,,,3.5059306621551514,,Gaia_DR3,0.08031026790497808,13.65413323347431,1.8093161517240126,0.031571414321660995,12.939526513649867,0.04051422327756882
Gaia,DR3,2938908033165983872,97.6748178294865,-20.97619177845153,13.419978141784668,0.951629638671875,3.3223762008036575,4.913556906030434,61.7099352755328,25.946170696375365,-17.539804458618164,3.4562625885009766,2.234701673556564,nan,,,1.14899742603302,,Gaia_DR3,-0.44154707023767603,12.632114539143181,-1.6889015418187527,0.008708917535841465,11.686681763574974,0.013020187616348267
Gaia,DR3,2937119093386791296,98.06544427872872,-21.837174737768773,18.077537536621094,2.3753833770751953,4.071520407388345,4.858609168126112,42.06580549933802,25.53392874230725,,,2.013660652006047,nan,,,1.0041879415512085,,None,-0.49580423042514576,11.545828740040609,-2.223257291778161,0.06542905420064926,11.601812928737038,0.09300147742033005
Gaia,DR3,2937458670681153280,96.89525893639721,-21.067731902340096,18.857194900512695,2.4963626861572266,3.683343338805452,4.256052512327881,40.75982176689816,25.91229620922387,,,2.1049869395175307,nan,,,1.0101230144500732,,None,-0.2115611859501989,11.918801713622965,-1.2960433615917266,0.10189065337181091,13.141693351161829,0.16079969704151154
Gaia,DR3,2937637032083438464,94.57940150856409,-22.339749543130317,16.856403350830078,1.971135139465332,4.183795692697223,1.7744534661199944,18.329224951093252,25.302308330045364,,,2.066624220068596,nan,,,0.9807763695716858,,None,0.3883994185784312,11.94808650762403,1.8437479086736193,0.03512045368552208,13.04550163503743,0.05307436361908913
Gaia,DR3,2937642082964778112,94.93338545189289,-22.207868170156406,19.785127639770508,2.524139404296875,4.060044344227942,2.1115799742692576,51.20460212559517,25.369823570317436,,,1.8459447370107542,nan,,,1.0307462215423584,,None,0.2655538102718249,10.650247070705458,0.8113414263098125,0.21433012187480927,9.167570969311189,0.3200579881668091
Gaia,DR3,2937938912444816000,94.57646963378083,-21.409139158680308,19.020463943481445,2.597766876220703,2.2850581298694386,2.4829603705488292,66.98665139228079,25.744055953464837,,,2.3241260579303487,nan,,,1.0467721223831177,,None,0.43764255197862223,13.233563669168134,-0.6817445880024889,0.11144602298736572,13.25336346887766,0.20538826286792755
Gaia,DR3,2937765876803224960,93.82902372779041,-22.379531256920004,19.71263313293457,2.4330806732177734,4.495307421099538,1.2928193785527151,23.828659565912247,25.26980227051018,,,2.11406860993439,nan,,,0.9959074258804321,,None,0.5948074760624964,12.227742014173542,0.020574158956059574,0.18210503458976746,14.147092615540796,0.2729138731956482
Gaia,DR3,2941600457963860480,95.5519072177125,-19.53460294381502,19.934335708618164,2.3512744903564453,1.6098686360960588,4.561005828839493,64.75490723061885,26.622923917267435,,,2.26667308875499,nan,,,1.0434443950653076,,None,0.15146391363957168,12.498506220380634,-0.5926592170319396,0.3637104034423828,12.303480934390768,0.5452474355697632
Gaia,DR3,2938547771305930624,95.12756713238042,-20.157235324747237,12.619070053100586,0.7474822998046875,2.8051733123646336,3.8228189289885885,46.582901010034135,26.33423101619964,42.13555908203125,3.6988065242767334,1.9010127252110824,nan,,,0.9994332790374756,,Gaia_DR3,0.22750242650797992,10.597188743643132,-0.7706343423161446,0.00975266844034195,10.079980188921194,0.015279830433428288
Gaia,DR3,2941954981744054400,94.30379019527379,-18.53339639908195,18.998661041259766,2.7791366577148438,4.364973960425762,5.081690925597961,60.14768793108586,27.061447594320512,,,2.2172244502047236,nan,,,1.0574004650115967,,None,0.49279070430658933,12.004177260388497,0.439100252091335,0.19364160299301147,14.043717109009844,0.20672476291656494
Gaia,DR3,2942387128471117952,90.4449371031157,-19.14247297159422,14.095904350280762,1.0568428039550781,4.111102898626094,5.010394018432476,46.007965368816954,26.647681803163373,60.39023208618164,2.384300947189331,2.099128918376197,nan,,,1.0458078384399414,,Gaia_DR3,1.4732184261013326,11.470113699393776,3.147230842245397,0.013136378489434719,12.182362162311664,0.01538300234824419
Gaia,DR3,2937920637359814528,93.97234948961471,-21.629702362981647,19.51387596130371,2.700960159301758,1.3143700922023926,2.0241380808450518,21.136563378642176,25.62946077720019,,,1.9770013419850971,nan,,,1.007924199104309,,None,0.5209729899498239,11.296548404388668,1.0686018451288923,0.15893937647342682,11.309929928670405,0.316159725189209
Gaia,DR3,2937261922518852608,96.00641868800653,-22.31308396644997,18.461015701293945,2.4728355407714844,4.352109393931633,2.913037230572669,34.32340634957805,25.32588277467505,,,1.9343779428027073,nan,,,1.2325692176818848,,None,0.01974620462917187,11.18051707441374,-1.754859365884631,0.11470114439725876,11.159449298579407,0.16453798115253448
Gaia,DR3,2937394448032128896,97.4352289460353,-21.296672687158683,20.074604034423828,2.096149444580078,3.714527251390928,4.557936592330588,43.66902399573628,25.799254594933952,,,2.1117153075587876,nan,,,1.0417684316635132,,None,-0.35424574586692614,12.0019571210132,-1.7607007305120606,0.24653206765651703,11.132316772529636,0.35914739966392517
Gaia,DR3,2937322331240406784,96.10646290829168,-21.63066702604195,16.40584373474121,2.087076187133789,0.792030989901399,3.3313607837828645,59.64735713857598,25.650448484468267,,,2.2670982589956203,nan,,,5.023274898529053,,None,-0.005109383302613679,12.958429811401444,-0.1972585154242283,0.14047196507453918,12.632291810349752,0.3338319957256317
Gaia,DR3,2938069479451147392,95.69701507379033,-21.473656489472194,20.150684356689453,2.462238311767578,4.275521957543003,3.1253290851338003,46.11672633820157,25.723871472177038,,,2.1927688065284863,nan,,,1.0154739618301392,,None,0.1068925094827966,12.500878089736318,-1.7797108944521158,0.24213610589504242,13.089823462950223,0.3637825548648834
Gaia,DR3,2940595749153326336,97.7135804151282,-18.50011574948267,16.947921752929688,2.073209762573242,3.706755120743763,6.583299548887164,63.342498428158535,27.079005915499206,,,1.9257932268635805,nan,,,1.0695157051086426,,None,-0.389805681144884,10.420325753804036,-1.7597618436792462,0.050672877579927444,9.797581174948109,0.06585027277469635
Gaia,DR3,2941640903673243136,94.76045519667461,-19.390838881315986,15.852618217468262,1.6165447235107422,3.7452894267336374,4.378189727807641,55.428796460988345,26.681255295645816,,,2.211624661042251,nan,,,1.0155264139175415,,None,0.3657883270396187,12.162585965526553,-1.176903809739903,0.02732720412313938,11.344519325818906,0.03307816758751869
Gaia,DR3,2938825638512470272,98.94498258688058,-20.695410043906424,14.168925285339355,0.9726629257202148,1.4179124558368346,6.082296510912471,60.606744677441604,26.049980183711803,35.39418411254883,3.0373237133026123,1.9159338688032523,nan,,,15.38071346282959,,Gaia_DR3,-0.6814579465123778,10.774541131960245,-0.6878540951317695,0.14860765635967255,10.201884687061952,0.20785477757453918
Gaia,DR3,2938681430690283776,98.32027060752237,-21.388346216940228,11.252785682678223,0.47139644622802734,3.775728719621538,5.250741977183892,45.56657781497943,25.740918889989327,45.39415740966797,0.8704289793968201,2.0551599817300397,nan,,,1.0260205268859863,,Gaia_DR3,-0.5712126143874912,11.695825196242255,-2.2062552270833016,0.014211397618055344,11.645130077211288,0.01871301792562008
Gaia,DR3,2938903428960680064,97.4185240170598,-21.072593421226202,16.906381607055664,2.161928176879883,3.363827829412516,4.659486197975827,66.77328720023331,25.904642079974096,,,2.2767837580073103,nan,,,1.0146218538284302,,None,-0.37720015420954134,12.89160607310075,-0.880543730793142,0.03348763287067413,14.425672944104925,0.05161517858505249
Gaia,DR3,2938949917686729344,98.05056619278915,-20.494660499271184,17.107587814331055,2.533637046813965,3.1209888779409454,5.470244145952199,61.81518028045115,26.1640226653431,,,2.2127030714420437,nan,,,0.9804609417915344,,None,-0.5407142537305729,12.404416281017157,0.5055171466143954,0.035766031593084335,13.416741248179699,0.05943228304386139
Gaia,DR3,2941605852445021312,95.4857954389922,-19.378731158904337,19.415542602539062,2.756317138671875,3.934546407048249,4.66807730827413,44.07712042693788,26.693570061513,,,1.9584862491537989,nan,,,1.0464009046554565,,None,0.14699763826317724,10.769138614629972,0.3450387237244216,0.23731595277786255,9.156805070034224,0.30664560198783875
Gaia,DR3,2941797343561851648,93.03978625988738,-19.322187549775826,13.536535263061523,0.8662357330322266,4.417228949834306,4.170889730503361,44.33839425797497,26.675864326017965,27.759803771972656,2.2484686374664307,1.9273138222340078,nan,,,0.9606691598892212,,Gaia_DR3,0.7315309967442412,10.580825973361037,1.3757112784512615,0.011124247685074806,12.25593982842513,0.015106815844774246
Gaia,DR3,2938558491541347072,95.31483065188459,-19.94118102130746,20.043561935424805,2.273862838745117,2.1175849533347906,4.097249814286422,36.18177112505782,26.435264442385314,,,1.99666938307709,nan,,,1.1243765354156494,,None,0.19238111446572326,11.088761879086418,0.847710116723818,0.49744030833244324,10.484599415886912,0.5508961081504822
Gaia,DR3,2940114712814302080,96.44604139608502,-19.32356093406318,13.182021141052246,0.8671092987060547,4.98215092171852,5.195428338100518,46.02438627153483,26.719800644161545,48.32504653930664,1.6672767400741577,2.0771527031258095,nan,,,0.9849178194999695,,Gaia_DR3,-0.0925416142485469,11.410558350561033,-1.8168453950176628,0.010508851148188114,10.074075039054438,0.013106885366141796
Gaia,DR3,2938949913385372672,98.04404406868515,-20.498032556806326,12.40570068359375,0.8547992706298828,3.0688362246730154,5.463295198701878,60.520249896926124,26.16258189469977,40.27361297607422,1.5498967170715332,2.2031356855678457,nan,,,3.958925485610962,,Gaia_DR3,-0.5365874816862624,12.351518550167873,0.18994274005547307,0.028216557577252388,13.577745993350982,0.043372638523578644
Gaia,DR3,2938655828386621696,98.70838457445247,-21.322769221063396,17.978469848632812,2.3596630096435547,4.297141099114752,5.6073266900588346,49.96841191354647,25.76274250972225,,,2.0877023850448415,nan,,,1.0273851156234741,,None,-0.6810955936289385,11.866486583223493,-1.2667283408080747,0.06354363262653351,10.068235904339913,0.08653407543897629
Gaia,DR3,2938264440906452352,96.14551837346247,-20.596770296887797,16.898035049438477,2.2154998779296875,2.089174056435488,4.034113793071004,67.60718161343384,26.135174509237494,,,1.8150005684423212,nan,,,1.017325758934021,,None,-0.012920178902950052,10.195401825917275,-0.16787816606360792,0.03316696360707283,10.979599040883429,0.06420085579156876
Gaia,DR3,2938280482603620480,96.03108328186535,-20.516826471182732,17.92136001586914,2.4631118774414062,3.4308189345882045,4.020321921213495,40.61218346438226,26.172303472224836,,,2.119518886269218,nan,,,0.985493540763855,,None,0.015124375429590664,11.889656478229577,-0.8763991665127082,0.06419944763183594,10.642618289302836,0.12531530857086182
Gaia,DR3,2942184887052136320,92.35916172348622,-19.293634103682944,17.825435638427734,1.225168228149414,2.585105873692206,4.25735098738112,36.990933242950746,26.666407573517535,,,2.0486808009123916,nan,,,4.9317731857299805,,None,0.9509799685723772,11.237983714681883,0.36723913265600694,0.40185093879699707,10.286283130726556,0.4451487958431244
Gaia,DR3,2940588293090175104,97.51675817403337,-18.57081430123418,15.899300575256348,1.5434770584106445,4.759221313886295,6.410056667185098,69.89830725855887,27.05027017859544,,,1.8725559940963932,nan,,,0.9848961234092712,,None,-0.3331372742719365,10.145843630888391,-0.6570524722011539,0.02525455504655838,11.996429265711658,0.03218492120504379
Gaia,DR3,2938518251992573056,95.83223981305522,-20.028960643425172,19.581836700439453,2.487325668334961,3.507562288997464,4.285190321884145,47.00848325869507,26.397478816450207,,,1.9160268885474299,nan,,,0.9625607132911682,,None,0.061129079422021615,10.65764036019979,-0.7405092730616196,0.2444913387298584,9.489477931639321,0.32920029759407043
Gaia,DR3,2938782654480186624,99.430255642456,-20.83267924691155,12.611637115478516,0.8032121658325195,4.240588445516955,6.424187930476797,55.58487436816516,25.971557025294338,,,2.0130329339916933,nan,,,0.9555059671401978,,None,-0.8374971288270334,11.344722609528628,-0.2700059558661435,0.006983339320868254,13.052469527407702,0.009994486346840858
Gaia,DR3,2941494565545740800,94.05795035092994,-20.135903451155023,19.81668472290039,2.5580215454101562,2.4049592343858586,3.4688861610069766,66.96059751763848,26.328590797100777,,,2.307401908647729,nan,,,0.9742539525032043,,None,0.583452159383131,12.855068441736009,1.7524454198794928,0.29556038975715637,12.810864771641077,0.40375420451164246
Gaia,DR3,2941535659794319872,94.35687704499131,-19.72043574118807,17.725582122802734,1.8505477905273438,2.4027908061734182,3.944794614050311,55.27686995585308,26.52485890338225,,,2.224936772078835,nan,,,4.399422645568848,,None,0.47979905868640405,12.306622303628687,0.8308713436406256,0.32381147146224976,11.235695946836664,0.4118368327617645
Gaia,DR3,2940260191946916992,96.9754666312783,-18.625950463614423,19.204565048217773,,1.6912865334476628,6.054087962328052,56.5660716157666,27.031660813466804,,,2.130045153795681,nan,,,1.0612713098526,,None,-0.23535832540309976,11.553583867460569,-0.20255153267404424,0.4913913607597351,12.312321655361075,0.36438101530075073
Gaia,DR3,2939887629304305152,97.49344052774128,-19.8227020109099,16.015331268310547,1.8922700881958008,4.876201249846513,5.479005157462395,63.92135406819753,26.48297854819169,,,2.228021340548029,nan,,,1.0499378442764282,,None,-0.38990705823710936,12.346756438471644,-1.4617270771242008,0.026380041614174843,10.322732329070124,0.03404627740383148
Gaia,DR3,2942060809738845824,91.20599989290328,-20.095482018285114,17.83504295349121,2.413402557373047,1.6665416975240765,3.83136776689638,33.02443490035783,26.251878634003923,,,2.0266865643860963,nan,,,1.0323586463928223,,None,1.2310584672589036,11.268282308024343,0.5951207024320471,0.08335481584072113,10.94803232981295,0.10106406360864639
Gaia,DR3,2942246768940949120,91.82040075686375,-19.110245651008547,18.618385314941406,2.32025146484375,4.415271421672637,4.545028631290038,39.75111172348875,26.72854060182566,,,2.058312952590004,nan,,,1.038457989692688,,None,1.0932464894863516,11.250549539187494,-0.6748883341663415,0.1474391520023346,11.988219596612389,0.16642291843891144
Gaia,DR3,2939533650983273216,98.69409442224833,-19.514434860374422,19.72525978088379,2.395933151245117,4.869364972860388,6.538559470002806,66.66308731134387,26.60054895543341,,,1.8985196173435577,nan,,,1.0396106243133545,,None,-0.6160004017428711,10.460261221232242,-2.564553889293926,0.22202369570732117,10.426186667162819,0.30008599162101746
Gaia,DR3,2938308387011673984,96.16592614964595,-20.29016056663047,16.985227584838867,1.9184513092041016,2.3085777179026423,4.274005194075721,37.598274399591986,26.27728549526812,,,2.0606802418220056,nan,,,0.9939864873886108,,None,-0.01990739592183477,11.514494149704362,-0.17984181845903585,0.03942078724503517,10.524455039977045,0.06541681289672852
Gaia,DR3,2940966314632146176,92.93818457065734,-21.13821965366989,18.961217880249023,2.2936038970947266,4.068667104761861,2.3599319795612437,41.54635587330147,25.83470097083166,,,2.1854781201959224,nan,,,1.0474987030029297,,None,0.8571382194195447,12.38130244616243,-0.19644721470017162,0.11995813995599747,10.83088942217851,0.23254095017910004
Gaia,DR3,2941481955523514368,94.53923080293806,-19.918649162497314,15.585082054138184,1.5719690322875977,3.9460692347675894,3.8109238340095066,37.25005177401815,26.43688866497791,,,2.1028493883316792,nan,,,1.3314334154129028,,None,0.40572595219970164,11.672431070832326,-0.43124197275832427,0.0337049625813961,13.208508384275085,0.04510871320962906
Gaia,DR3,2941612556889071872,94.98068876029733,-19.49651399356528,14.605974197387695,1.1295547485351562,4.530926300050677,4.356643195876389,38.3058219675249,26.635732912796122,57.13808822631836,7.882315158843994,2.061144110448204,nan,,,0.9980461001396179,,Gaia_DR3,0.2843696112085574,11.356813072976808,1.3455657162278891,0.01590215414762497,9.698570131980304,0.021941496059298515
Gaia,DR3,2941669525335192320,95.1168492575799,-19.229504258923274,12.922632217407227,0.9497337341308594,0.959650202560678,4.652668396991307,50.71406762362263,26.758543987709455,50.49189758300781,1.2413368225097656,1.9097071235239846,nan,,,1.0927846431732178,,Gaia_DR3,0.23109210468057695,10.472476311792876,0.24739766707227112,0.014128745533525944,10.85847327974302,0.021668868139386177
Gaia,DR3,2941592383425065600,95.41099164177626,-19.628517899534348,20.021608352661133,1.669839859008789,3.4926368190913064,4.414567253628045,39.768830406392546,26.57921273767987,,,2.078385092391753,nan,,,1.0100871324539185,,None,0.17536150780242643,11.479267644260105,0.813757550161812,0.38486990332603455,10.088510374300926,0.4791547954082489
Gaia,DR3,2941765492084698880,93.17631640520588,-19.758045420553227,13.957804679870605,1.1250381469726562,4.467381279451971,3.734886892630499,33.41645754110319,26.481064012908192,27.494482040405273,3.4002151489257812,1.9915654370543303,nan,,,3.371335983276367,,Gaia_DR3,0.7220945352904846,11.019095057708181,1.329547889350199,0.0387972854077816,12.793596249019465,0.0504474975168705
Gaia,DR3,2939606566646676352,99.6269470362579,-19.164212021184913,15.563675880432129,1.4104194641113281,3.3103073884748286,7.449965229268817,64.6611957750631,26.73181684806265,,,2.0052447864604463,nan,,,0.9656388759613037,,None,-0.8832976305195652,10.975199476588024,-2.1683955658091563,0.0181290153414011,11.529013353820325,0.02539564110338688
Gaia,DR3,2941935431054837248,94.00834541286667,-18.67796853067018,18.58321762084961,1.6267852783203125,3.016678717226852,4.886127498213508,53.45640388938606,26.991029026391537,,,2.176463292913946,nan,,,0.9929453134536743,,None,0.5637824030579308,11.813942001782516,0.25159802296583733,0.14032486081123352,10.465494307911628,0.16631212830543518
Gaia,DR3,2942278306881493632,90.668798052093,-19.814938002525817,19.00922203063965,2.574298858642578,3.314903029990921,4.323163673233681,37.824776028344736,26.353824381320077,,,2.0026224673027255,nan,,,1.0683258771896362,,None,1.349905524866057,11.075973404175791,-0.049050656594881475,0.19784954190254211,11.113609699642202,0.2256372570991516
Gaia,DR3,2942306280007082368,91.31982448574223,-19.399865828995136,16.820709228515625,1.8632307052612305,4.492609995075676,4.4202792454081825,68.53483671530772,26.575261295725824,,,1.8191349731612427,nan,,,0.9922304153442383,,None,1.0792858443353746,9.99197656621332,2.733273339568916,0.04624965414404869,9.509649102410535,0.050686903297901154
Gaia,DR3,2938850927279824128,98.99000054474932,-20.567902337388222,18.154468536376953,2.37310791015625,1.961266368037537,6.180776690381415,62.02270186889646,26.107992684853595,,,1.9113075237729176,nan,,,0.9683305621147156,,None,-0.690516669066537,10.724934608170493,-0.5754411524483651,0.06836400926113129,11.506749996532859,0.10392799228429794
Gaia,DR3,2941340290322128256,93.03697898570424,-19.92373310439433,17.36459732055664,1.9655876159667969,2.096482854042152,3.569491604266511,57.98557616038034,26.401082396135738,,,1.8436704594792825,nan,,,0.953434944152832,,None,0.700427115483468,10.22998255829911,0.29988876643283885,0.06552347540855408,9.520395616655907,0.08490075916051865
Gaia,DR3,2941495557683403264,94.19221639494295,-20.114184011438095,19.58835220336914,3.045684814453125,4.398698269631775,3.523257153831523,43.03518325322252,26.341150863817237,,,1.9092635528922157,nan,,,1.2041279077529907,,None,0.4508657217399379,10.633303489580852,1.1990822332594142,0.3500445485115051,9.028737502380991,0.40756353735923767
Gaia,DR3,2939467581505873152,98.97482377840772,-19.748458640616604,17.353052139282227,2.199249267578125,2.8330072964779744,6.608875231612441,56.88128298735141,26.486171817389543,,,2.0392346422332457,nan,,,1.0165629386901855,,None,-0.7328839792508957,11.28104804714862,0.47102504681228075,0.039659321308135986,11.465021917175424,0.06144509091973305
Gaia,DR3,2943567041885863936,96.04210049154256,-17.665296256959007,18.4594669342041,2.109407424926758,4.210766118533589,6.438749856110475,57.49979848740175,27.46281009452539,,,1.9746809725019694,nan,,,0.986057698726654,,None,0.011380933066194476,10.521091178502722,1.3774327306128749,0.12550581991672516,9.422705575940244,0.1396622210741043
Gaia,DR3,2943667264947275648,97.02973019338265,-18.090993709964238,18.966665267944336,2.4309215545654297,2.687804417734657,6.523586073738024,57.6318973040543,27.270067267332617,,,1.9841243584874513,nan,,,1.0528137683868408,,None,-0.23264426608822664,10.655923434030141,-0.42078917609177013,0.18175701797008514,9.547541620170675,0.22427797317504883
Gaia,DR3,2944228363771811968,94.21760384714503,-18.182219067697208,16.576494216918945,1.7683305740356445,4.815780635716269,5.409281570889654,52.78816279264659,27.216703222507345,,,2.140483406062859,nan,,,0.9988319277763367,,None,0.4987022153777376,11.51335735381683,2.238201719921112,0.03819378837943077,12.815774741767994,0.04462374746799469
Gaia,DR3,2942677914936867968,92.72631867495852,-18.300131974837118,15.681265830993652,1.5669288635253906,3.962201152680176,5.205013893876552,46.76016899658017,27.12600726804596,,,1.9784349824222573,nan,,,1.000129222869873,,None,0.8280641329057925,10.659807911996161,-0.34546860381298616,0.027316555380821228,9.496330551632115,0.03343796730041504
Gaia,DR3,2943186744006047232,95.3865746278776,-18.843896424007934,18.74225425720215,2.7730064392089844,4.947983034910304,5.108231408906257,59.4480853140504,26.935093009004564,,,2.211065890793835,nan,,,1.0727015733718872,,None,0.19328065116708792,12.04115034203445,-2.103110694426126,0.17040207982063293,11.82728435497898,0.18301154673099518
Gaia,DR3,2943145482257091584,95.95030619887429,-18.909827809200504,13.459192276000977,0.9699211120605469,1.9241509668062104,5.289999263595676,46.30668512911354,26.907676273789885,38.285011291503906,1.4177305698394775,2.0667889996608206,nan,,,2.9412341117858887,,Gaia_DR3,0.035543674537176884,11.269289512274687,-0.18853278121634512,0.031855180859565735,12.077141248357186,0.03968873992562294
Gaia,DR3,2941622315055454848,95.207101967879,-19.253967011632614,18.77649688720703,1.8685626983642578,4.503292611313793,4.664657745302139,46.377569293355585,26.748255914895214,,,1.939066649053437,nan,,,1.6288539171218872,,None,0.21284855084788257,10.638266927698425,-0.07550442876594224,0.205923393368721,8.820159147237609,0.2520548701286316
Gaia,DR3,2941686808283372672,94.95339090239595,-19.093125963990836,17.627641677856445,2.320636749267578,3.5615632073134207,4.7209267900506084,49.13742993194702,26.818668175356734,,,2.150722477560206,nan,,,1.0331121683120728,,None,0.3040401336492158,11.764966020403348,-0.5170951632264572,0.07459414005279541,10.374539100785672,0.09922044724225998
Gaia,DR3,2941930418829224832,93.71097882413855,-18.813500162030646,12.668760299682617,0.6947221755981445,4.902711014336776,4.711893483744954,54.8118162299626,26.923622804842616,-10.455869674682617,1.3273252248764038,1.8890624966421818,nan,,,0.9821605086326599,,Gaia_DR3,0.5592544489831366,10.278453786008333,0.09074880907829536,0.009906702674925327,8.383075647586697,0.013303966261446476
Gaia,DR3,2942509930175943296,91.28614359812929,-18.686384470443635,17.39785385131836,2.1457977294921875,3.26559025943293,5.099707886845414,44.437608147344555,26.89586178917773,,,2.059520808834964,nan,,,0.9444586634635925,,None,1.2305161843310284,11.167466743613105,-0.0672082965044618,0.06481578946113586,10.596408945146045,0.07933793216943741
Gaia,DR3,2940103992575777280,95.92503541041158,-19.42322001932473,14.56391716003418,1.2795352935791016,2.895747063980788,4.8368857849945615,41.67143178821593,26.67495688385717,51.56736755371094,4.443535804748535,2.03004114441898,nan,,,1.7131108045578003,,Gaia_DR3,0.04130182550863104,11.171717422172753,1.248489870444458,0.024475563317537308,11.451757331220717,0.03409837558865547
Gaia,DR3,2940348045500685568,98.65962242394221,-18.730756807592787,19.763734817504883,2.446187973022461,1.6687259897225075,7.028946284181229,62.00154635505907,26.95616339661365,,,2.09720723517162,nan,,,0.9941402077674866,,None,-0.6714712462047148,11.393061063379172,-1.2845947646169553,0.270891934633255,10.982724813836773,0.35103458166122437
Gaia,DR3,2940740609811138816,98.3556293426953,-17.80521342961468,17.04701042175293,1.897512435913086,3.066087952397616,7.5077410548603,68.7252410587277,27.37584378005928,,,1.9474362238987915,nan,,,0.9911271929740906,,None,-0.5498424174154368,10.400125543633637,-1.3902422412457112,0.06020963564515114,9.463014373459679,0.07165546715259552
Gaia,DR3,2943503373291953536,95.069216191794,-17.88880394066407,14.838184356689453,1.1631927490234375,3.3493675869372432,5.894115567194654,56.91733926551782,27.358991574802516,78.87849426269531,12.415548324584961,2.1467272596247704,nan,,,0.969237744808197,,Gaia_DR3,0.2725089539674572,11.48543725441805,-0.6437113376907717,0.017756130546331406,10.277929664417254,0.020564930513501167
Gaia,DR3,2942263051157557504,90.68555760631111,-19.946545402737954,18.59048080444336,2.679964065551758,4.187988168923419,4.202863257591432,68.23541255099792,26.294409233279477,,,2.2985973843128464,nan,,,0.9573516249656677,,None,1.5446358190744727,12.742405277923599,1.4774310866553706,0.12656886875629425,10.714155716636938,0.15510159730911255
Gaia,DR3,2942318202836091264,90.88538869691106,-19.391721102374813,15.153280258178711,1.3597593307495117,4.786968593180356,4.595586605497271,49.03384976769937,26.5579328288048,,,1.9174055754246135,nan,,,1.2450323104858398,,None,1.2409558004203345,10.527226109445099,-0.13890666164994916,0.026527872309088707,11.883671567660883,0.030083075165748596
Gaia,DR3,2940260191944220544,96.97539301249822,-18.626166117337803,17.88072395324707,2.5453929901123047,1.7582349389889405,6.053872291562284,53.72943621360168,27.031564671448937,,,2.0902971555745236,nan,,,2.5268657207489014,,None,-0.23094722324871686,11.338031597552895,0.52819172109783,0.19732950627803802,11.492906215898584,0.20955191552639008
Gaia,DR3,2943068241565054336,92.84852753138576,-17.473314128435597,14.14303207397461,1.0612421035766602,2.907938426682054,6.024336855427619,58.29577132082654,27.495717323667172,70.10543823242188,2.281914472579956,1.9301724881556594,nan,,,1.0714929103851318,,Gaia_DR3,0.778530551309752,10.239815170620055,-0.4021881763580609,0.013937990181148052,10.31700875861584,0.01811719313263893
Gaia,DR3,2942559305120627328,92.72490661110133,-19.204491995488176,16.944597244262695,2.099104881286621,4.013128856779362,4.3033359525571475,39.65533142313036,26.719447830083695,,,2.088708050008129,nan,,,0.9511505961418152,,None,0.8745851280499544,11.441194207143738,2.0805587286655016,0.05209594592452049,10.149628859065764,0.0682777613401413
Gaia,DR3,2939981736330931072,97.8766934628401,-19.190792396635203,18.659746170043945,2.407733917236328,4.054389112997894,6.1775833370628295,64.99644890390297,26.765132595845387,,,2.2027882543504793,nan,,,0.9942237138748169,,None,-0.49060894154924917,12.069500402125659,-2.0456471448329583,0.1298641413450241,13.130891951715192,0.18577618896961212
Gaia,DR3,2942438736798276480,91.66234150096253,-19.019386425993197,17.47528839111328,2.1471939086914062,0.9207601157085041,4.6732788795753,46.58986932433549,26.762908385885435,,,2.131629101547061,nan,,,0.9129984974861145,,None,1.1740347183294135,11.631178056532725,1.0284112940126973,0.07011572271585464,12.018465934869855,0.07946310192346573
Gaia,DR3,2940677658470299392,97.84911073600892,-18.062782195847767,18.118568420410156,2.79754638671875,3.432900207447438,7.003782604884026,62.64941268563033,27.2717541002032,,,1.9698525188186584,nan,,,1.1964415311813354,,None,-0.43196435965473867,10.572224535511209,-1.651338096870953,0.32918477058410645,11.310706451023059,0.4097377359867096
Gaia,DR3,2940950650892364288,92.52408641184137,-21.243206833938387,16.9223690032959,2.0153799057006836,1.2713274721412922,2.3146451303234183,49.32226812384053,25.77210114328864,,,1.855610449825968,nan,,,0.9861833453178406,,None,0.8233149875750607,10.528997969612298,0.4829200344343957,0.033090006560087204,10.89156938448421,0.05610615760087967
Gaia,DR3,2940953842046847360,92.36386374750224,-21.15735071031731,12.550354957580566,0.7266473770141602,3.9610764488261654,2.4362373925789247,53.81040634943196,25.806769911667416,52.97422790527344,0.6594616770744324,1.8406041954724055,nan,,,0.9921024441719055,,Gaia_DR3,0.8533168478777142,10.428001175709488,0.2919740277416818,0.006987269036471844,8.997209045018616,0.01315823569893837
Gaia,DR3,2942625756854269184,92.690322479069,-18.783891780817875,14.365825653076172,1.106694221496582,3.9648073342311827,4.725199530511272,61.418333586599815,26.908203184728418,109.6279296875,3.189666271209717,1.8569631683215464,nan,,,1.0228526592254639,,Gaia_DR3,0.785534427806577,10.094519027369783,2.328678233076691,0.015661176294088364,9.92812135561101,0.018216047435998917
Gaia,DR3,2964020810022826240,85.22838545872092,-22.744937191438552,19.273189544677734,2.719768524169922,4.453550271571954,7.290491574081979,64.93725824002979,24.55988167185419,,,1.9721751031098997,nan,,,0.992660403251648,,None,2.651906696306273,11.380615537477645,2.2108725638927487,0.14105303585529327,9.58232529869555,0.2004242241382599
Gaia,DR3,2940586742604691968,97.54321740553296,-18.666563869685763,12.014606475830078,0.6480550765991211,3.972448068829779,6.35204095808433,54.74686706583732,27.00693714185097,60.06399917602539,1.6704702377319336,2.024591556431857,nan,,,1.5048491954803467,,Gaia_DR3,-0.3668557677503954,10.9888368923249,-1.9017788598103336,0.014784998260438442,10.268706416556247,0.018942633643746376
Gaia,DR3,2943266737774173952,96.06320663871206,-18.51822885729686,17.316299438476562,2.2577171325683594,1.442482402727486,5.684422896192978,50.15820722819421,27.083797493196574,,,2.0797087776847496,nan,,,0.9997348189353943,,None,0.006518630826199079,11.258802463522494,-0.5049751527491939,0.06121597811579704,10.886879240320184,0.07412062585353851
Gaia,DR3,2943760074898455424,96.51383980354645,-17.544805490691406,16.42132568359375,1.9960060119628906,4.914167592894081,6.7450785674477265,61.887409707283005,27.514985340209453,,,1.9521678889756322,nan,,,0.9825465679168701,,None,-0.10345920845844425,10.377220877045453,-1.491347508570559,0.03603562340140343,11.848174809181312,0.04609347879886627
Gaia,DR3,2941271429108711296,92.13972467123375,-20.187119647766675,18.890592575073242,2.2338905334472656,3.120689060910197,3.4269883946244963,42.45055943321916,26.249530435630458,,,1.9090991490864186,nan,,,1.0165605545043945,,None,0.9382528328633555,10.637296346209812,0.9913199237331228,0.15664035081863403,11.89211877505026,0.22627820074558258
Gaia,DR3,2941273151393705856,92.79327492794165,-20.68715260474005,15.30265998840332,1.363398551940918,4.319244437770137,2.8211058723554583,60.303856978618654,26.040824795131318,,,1.822197261321773,nan,,,1.041843056678772,,None,0.7474996977325632,10.2440694941131,1.59622649585259,0.02336239255964756,11.669745991526977,0.02778821997344494
Gaia,DR3,2943694928835079296,97.14665776907793,-17.720866721476757,16.82015609741211,1.4623241424560547,3.177006944303499,6.894670977641919,63.0253867823798,27.432813868495078,,,1.9534863456689782,nan,,,4.481089115142822,,None,-0.25749964246819346,10.418415210775256,0.2154237477971057,0.19484898447990417,9.198541865890771,0.23477062582969666
Gaia,DR3,2941038882400974848,94.07662268104255,-20.74465871947531,19.739582061767578,2.123201370239258,2.7300628164209555,2.888670487080503,26.796976669324202,26.04687041638452,,,1.9862286413474355,nan,,,1.0199315547943115,,None,0.49762309935437044,11.18237651684434,1.6401940847356564,0.2391197383403778,11.146836496790801,0.39724069833755493
Gaia,DR3,2943703136514515584,97.48513799503289,-17.757489357080367,19.509151458740234,2.315603256225586,4.671025225816172,7.042709683823566,60.78541718572909,27.412570620044846,,,2.018999245807502,nan,,,1.0315773487091064,,None,-0.35124048771219885,10.7747211067916,-1.7709329673951086,0.2628592848777771,12.166497422031629,0.2925613522529602
Gaia,DR3,2942319508506402944,91.05368039204066,-19.466308481831796,17.086362838745117,2.2192153930664062,4.896523488627253,4.45940640359768,60.3842639482887,26.532388185966724,,,1.8542891135523223,nan,,,1.2873574495315552,,None,1.1613903692433643,10.195365455329362,2.7375126812528707,0.07081146538257599,9.109325914320925,0.08752816170454025
Gaia,DR3,2944188261658441984,96.7917710665527,-16.142510827110076,19.61056900024414,2.294952392578125,3.481637542273031,8.121914153872202,69.84612222063284,28.121870178956414,,,2.0362137569073457,nan,,,1.086195945739746,,None,-0.17840321285140215,10.531321512849972,1.2396793637530528,0.3020866811275482,10.059520869918044,0.3361615836620331
Gaia,DR3,2941247725187153152,92.25814231710005,-20.490043164210434,19.62251853942871,2.350790023803711,2.8067041389339296,3.10569831450843,66.5998298618624,26.11395921078884,,,2.3121397302790996,nan,,,0.9853439927101135,,None,1.1023062177693674,12.951314792531074,1.3871464301808003,0.2739975154399872,11.613246303251987,0.324762761592865
Gaia,DR3,2942214569568167296,91.78957078875207,-19.41011920466103,19.19040298461914,2.7007617950439453,4.929960964385974,4.264509428143239,68.66487184946276,26.59128035572203,,,2.299722135759319,nan,,,1.0830553770065308,,None,1.2302747308424378,12.637543097661702,-0.6647247165455408,0.24690580368041992,11.181040631665093,0.2882000505924225
Gaia,DR3,2943772203885880704,97.00815411770499,-17.502274836646958,19.804622650146484,2.4779224395751953,3.5491658125026135,7.011767493248128,68.43175490841749,27.53041518115067,,,1.9127411519676802,nan,,,1.0071799755096436,,None,-0.21913443531398524,10.15897884750493,0.5278298543305502,0.34001949429512024,8.938271032872509,0.34289413690567017
Gaia,DR3,2942933959411046144,92.13244645399237,-17.967755681675246,18.766077041625977,2.5090713500976562,2.675199361775943,5.600517811225811,53.22277970664868,27.25243102452319,,,1.9441928559402406,nan,,,1.1021544933319092,,None,0.9572585129918414,10.407766749502244,1.8738945752635445,0.2148430347442627,11.009405928737177,0.21494367718696594
Gaia,DR3,2942694132733975040,93.66796935734696,-18.515343552918278,15.164016723632812,1.3999061584472656,1.802793100620619,5.003850998160166,60.32526442081508,27.056471989545905,,,2.22162635443245,nan,,,0.9932454824447632,,None,0.6696011693753228,12.02196295623909,1.071190140688627,0.022196196019649506,11.27926093318367,0.02799839898943901
Gaia,DR3,2941502463990216576,93.74698820782433,-20.172220408179754,18.489368438720703,2.2256412506103516,1.1697705320526999,3.3717243562234667,33.013248803664624,26.305271406092626,,,1.9646197631914255,nan,,,1.0248390436172485,,None,0.5728184095444813,10.951263166131977,0.20995001990559903,0.14172343909740448,11.272264114280295,0.17260783910751343
Gaia,DR3,2945078080103942144,94.88641876637132,-16.164604213126374,18.44527244567871,2.2963714599609375,3.2526374596306074,7.514676406631792,66.87853396273131,28.107712869236078,,,2.115172946091155,nan,,,1.6371451616287231,,None,0.31665617343503083,10.943929020393885,0.7771229026211395,0.18805231153964996,9.568616031029258,0.19010037183761597
Gaia,DR3,2942525598216599552,91.2611484518137,-18.50048118411472,14.750511169433594,1.137166976928711,3.5124484537049074,5.283191751644833,45.734923091532806,26.977946883477895,21.625436782836914,6.729272842407227,2.013371292402396,nan,,,1.5079766511917114,,Gaia_DR3,1.2091893368890854,10.879939017241307,1.9748632599363294,0.0286547914147377,12.159113358194173,0.03014768660068512
Gaia,DR3,2942967567531870336,92.69338680859943,-18.038920484173442,12.369937896728516,0.8137826919555664,4.32888832840455,5.46777064243457,47.577428495578914,27.24107973619393,46.74518966674805,0.5920634865760803,2.0050341988579685,nan,,,1.0922969579696655,,Gaia_DR3,0.8474076061522537,10.75055578706136,-0.981419361355663,0.009280448779463768,10.69274724760962,0.011539585888385773
Gaia,DR3,2967024469627120128,86.3670151949911,-19.02340818316734,19.655576705932617,2.4501991271972656,4.922183719488745,7.7125835308579305,66.38740754157432,26.397198346800074,,,2.0299292900739094,nan,,,1.0173066854476929,,None,2.4462964732772097,11.023334333743346,3.05815769194235,0.25559261441230774,9.007813066821987,0.3441603481769562
Gaia,DR3,2965641971201263488,87.12631677764108,-21.665795327955315,18.341272354125977,2.508237838745117,4.147645794023176,5.822642795220668,62.92942209757584,25.249978601574288,,,1.887903842453603,nan,,,1.004825472831726,,None,2.098950149973955,10.736537657314164,2.622393825877039,0.06613139808177948,9.171010257580413,0.12432844936847687
Gaia,DR3,2942662345679256192,92.95231972138647,-18.40185967195575,18.90817642211914,2.567605972290039,3.439813154058463,5.092891438640501,49.89095300810106,27.08779245182874,,,2.1344844466979587,nan,,,1.0159016847610474,,None,0.8333860953439531,11.52334510660447,0.8772951113117987,0.15651975572109222,9.97615267235814,0.19174747169017792
Gaia,DR3,2943083462928603904,92.99575053566677,-17.191491447121912,19.032203674316406,2.8353939056396484,4.301643480501425,6.301988667290206,57.0607965209547,27.623671554296916,,,1.9649731510517783,nan,,,0.9655471444129944,,None,0.7565877579161677,10.36883952634546,0.4526211256422954,0.17619189620018005,8.61306121280704,0.18018284440040588
Gaia,DR3,2943155274782558592,95.82064551844913,-18.9618036080552,14.301130294799805,1.079808235168457,2.4089243088408385,5.18500352317553,44.72625287714445,26.883961090144197,35.39064407348633,3.473203420639038,2.04167390926671,nan,,,0.9872092008590698,,Gaia_DR3,0.0680863148765889,11.142818299471458,0.8406442661122521,0.014077416621148586,11.83429311943552,0.017931781709194183
Gaia,DR3,2966756566751444864,85.91210963534257,-20.495929113540157,18.98599624633789,2.5862865447998047,0.6969683415514653,7.318298775458069,66.28208384903326,25.683488462078554,,,1.9572405514680682,nan,,,1.0373378992080688,,None,2.4679355913503565,10.898459484372118,2.2615002696772306,0.197447270154953,10.6982524356232,0.23212580382823944
Gaia,DR3,2943523091483598336,95.00604424666804,-17.662117341585933,18.02972984313965,2.68328857421875,3.059643595368386,6.092992646938773,62.57332362271239,27.458470292720026,,,1.9028469033165951,nan,,,1.0561466217041016,,None,0.2565210977316674,10.137014166617332,1.3982454513535965,0.10115250945091248,9.686640252086123,0.10271875560283661
Gaia,DR3,2943734992289622912,97.33605111788141,-17.344032738454604,16.28912925720215,2.092771530151367,3.647925308310146,7.309725310338403,68.51437192698319,27.59635139240544,,,1.9327398719859483,nan,,,1.013012409210205,,None,-0.30035152792273934,10.233711970585508,-1.7007785288896193,0.035527024418115616,9.73578188406373,0.04091845080256462
Gaia,DR3,2943450523717676544,95.2591465908823,-18.047835060463694,19.838294982910156,2.3472347259521484,4.7519211529187055,5.801733731719095,53.644657631428515,27.290209620807275,,,1.9561072941918212,nan,,,1.0385758876800537,,None,0.2020394279856701,10.497106779352928,0.3492135464618704,0.36121809482574463,8.543105650619314,0.41563165187835693
Gaia,DR3,2964304106065393792,84.68508679299617,-22.021104796585917,17.455839157104492,2.3265724182128906,4.547313304598087,7.9101236228076965,69.19901352685044,24.846081488022534,,,2.0975610746330053,nan,,,0.9758910536766052,,None,2.9597887653830295,11.95564004023223,4.702693474777412,0.04578004777431488,10.952919017541383,0.07401343435049057
Gaia,DR3,2966631905321449344,88.59111884965334,-19.145275829637658,18.637184143066406,2.5801048278808594,0.6637952708335583,6.053354999663847,63.94569650248624,26.52809433728077,,,2.2007172392573797,nan,,,0.9593594074249268,,None,2.049336943827683,12.006750841220013,2.353798613219981,0.12795507907867432,12.053015764087927,0.14552041888237
Gaia,DR3,2966672076151218688,88.91652214957348,-18.70718827138041,19.86363410949707,2.4039306640625,4.902968192812984,6.182738505524549,53.34626675927799,26.748302901098025,,,2.0205581455811266,nan,,,1.0481351613998413,,None,1.8003413115456026,10.940408680658685,0.46210057390466197,0.3189725875854492,9.3370721523931,0.38308292627334595
Gaia,DR3,2965798617242770560,88.3564262823244,-20.95519838917221,19.850568771362305,2.2425384521484375,4.181529961238733,5.082723125258102,49.24689222969981,25.680850411511326,,,1.9424747175764785,nan,,,1.0498955249786377,,None,1.8651433817644514,10.933168625629547,3.5636499538954283,0.34125232696533203,10.716202607716209,0.5183742642402649
Gaia,DR3,2966202447250901504,88.38429784006817,-20.475512080817005,20.030719757080078,2.04345703125,1.4086543063548786,5.323088198294154,45.86977184762135,25.905399685458992,,,2.0380080794701034,nan,,,0.9621898531913757,,None,1.9498621338778115,11.378373824529886,1.3978026026596544,0.39479440450668335,11.130378062407713,0.49960535764694214
Gaia,DR3,2966413824062591360,88.80243485346192,-19.50454013413819,18.663331985473633,,4.888790843806503,5.656117036534128,51.70955927864955,26.380534155988613,,,1.964012027008948,nan,,,1.0104506015777588,,None,1.777646753199969,10.786251682031128,3.368477281952747,0.1566084325313568,9.534719694528196,0.16463202238082886
Gaia,DR3,2965736494840219648,87.39071403094542,-21.108163268637284,19.787628173828125,2.9099578857421875,3.4791478811034544,5.807087209460722,51.905139859328266,25.533515634989406,,,2.0931495279436096,nan,,,1.0364856719970703,,None,2.2590213127342,11.79851289786606,3.004761704282121,0.27000904083251953,10.45660948549717,0.4524476230144501
Gaia,DR3,2944039660089749632,95.71357136566034,-16.959360615685704,17.801572799682617,2.471803665161133,4.177488912135527,6.972754364159871,60.625945566385695,27.77122746299721,,,2.0029135750233915,nan,,,1.0043361186981201,,None,0.09350699656404826,10.527655637137302,-1.6677138690371358,0.07996141165494919,10.430853340525548,0.08615928888320923
Gaia,DR3,2944359652332431104,94.04605658659695,-17.17869749322812,10.68692684173584,1.1699028015136719,4.409137623819568,6.373816285668636,57.15537654780565,27.655798643206836,88.97293853759766,0.1915791779756546,2.104683278721086,nan,,,1.0526373386383057,,Gaia_DR3,0.535308659390834,11.10697099036958,-1.3685477643090507,0.012341932393610477,11.556831496221273,0.014223587699234486
Gaia,DR3,2965665679419722112,87.6909278835552,-21.44466697404781,17.873668670654297,2.1056900024414062,4.152159549183147,5.413669294046569,50.38884627868748,25.400666507406683,,,1.9565358859308408,nan,,,0.9885900616645813,,None,2.0392290678781912,11.09413765612195,0.35614450729414393,0.05099928379058838,11.410661858450243,0.09531617164611816
Gaia,DR3,2990449148246092288,90.11820178678589,-18.79288515138417,17.819358825683594,2.501626968383789,1.6543058703081077,5.467247770838423,55.21745041400495,26.78675172967018,,,2.159284782632626,nan,,,0.9991915822029114,,None,1.6028668005563493,11.721675805683848,2.3486213881768627,0.08094265311956406,11.617192701209328,0.11800120025873184
Gaia,DR3,2965845312129118336,87.66809366577885,-20.754392458429425,20.220426559448242,1.8264427185058594,4.29378989610779,5.739830952339065,50.73880611160597,25.720808472830583,,,2.0821948943260167,nan,,,1.0974247455596924,,None,2.176057757437887,11.67108704037459,4.051929583972497,0.43741467595100403,11.853796993732544,0.5365984439849854
Gaia,DR3,2944275363594940160,94.85021267235649,-17.572863199052424,19.94722557067871,2.45269775390625,2.261562206067437,6.138404492067981,59.06328597838091,27.496000620482086,,,2.1505623386803276,nan,,,1.0346391201019287,,None,0.33165087707745755,11.436991673621378,1.3272176307472852,0.368237167596817,11.191856187346882,0.39147496223449707
Gaia,DR3,2990473857192449152,89.75749341198112,-18.88770764356772,20.208301544189453,2.091999053955078,2.7967197064188767,5.567270731717643,48.10369390980711,26.722535377843936,,,2.0492970225695033,nan,,,1.0484390258789062,,None,1.6127676014537538,11.140562876133806,0.4048419523430721,0.4214479625225067,11.16712243951494,0.4896881580352783
Gaia,DR3,2990714650242345216,89.6243773394684,-18.291771172550444,14.7017240524292,1.2772388458251953,4.872797996941415,6.137585983666531,53.333386915616906,26.980810230181262,48.84404754638672,3.9610209465026855,2.0655764784698736,nan,,,1.1846617460250854,,Gaia_DR3,1.6596158846254538,11.106151121601712,1.886101597614948,0.019697848707437515,8.996441359976384,0.022300632670521736
Gaia,DR3,2990828140455584512,90.15092543743565,-17.851893074157736,17.441312789916992,,1.7898224595417265,6.2846458952548785,58.03920684881145,27.207662150715162,,,2.1266735093812374,nan,,,1.0063711404800415,,None,1.5700371491910774,11.346011479334,2.286712527873583,0.07484087347984314,10.985102541029562,0.11980622261762619
Gaia,DR3,2967511244046143872,88.05066794837447,-18.100061899074927,18.973773956298828,1.2063484191894531,4.989825529421801,7.173901445133538,64.79726667826247,26.95446548382264,,,2.1249603367925536,nan,,,1.613149642944336,,None,2.120530134060482,11.368580888791051,0.7416230537789131,0.28267788887023926,9.609322552425668,0.332050621509552
Gaia,DR3,2990528283020665856,89.93973939638597,-18.339129194677255,16.68169403076172,2.153909683227539,3.325906848274805,5.945102328358674,52.892791068807455,26.979149253451627,,,2.09105991643802,nan,,,1.6740387678146362,,None,1.5984464795590867,11.255842236333315,0.25802002061520335,0.07433459907770157,11.84976850818403,0.09016384929418564
Gaia,DR3,2944405690082916480,95.23018826665131,-17.173083670365685,18.322154998779297,2.345193862915039,4.380363872899074,6.622995196471765,57.47488504664616,27.675156657811254,,,2.0068887961643025,nan,,,1.039507269859314,,None,0.21452277345402582,10.591948368770922,0.6699956301290164,0.10364971309900284,8.795581347807323,0.1309628188610077
Gaia,DR3,2967474680985026304,87.75802235946891,-18.474290693398522,19.28961181640625,2.371349334716797,4.12121570270069,7.083205309048953,61.816660735736065,26.764910447272687,,,1.9967922190098086,nan,,,0.9836005568504333,,None,2.064676236166277,10.753524860245017,2.4590385517335065,0.2185583859682083,9.064143015119841,0.231035515666008
Gaia,DR3,2967521685107130880,87.46742689234087,-18.453387314695984,18.843616485595703,2.484712600708008,3.046478515888463,7.29179382680801,62.82879199929609,26.750232249013134,,,2.0250971925787247,nan,,,0.997287392616272,,None,2.16644584546429,10.898366480666986,2.0624914946909283,0.16028018295764923,9.601952954780943,0.17402441799640656
Gaia,DR3,2964185668048521088,86.47886934800302,-21.779987873639573,14.757389068603516,1.3075265884399414,2.5138716399877548,6.358775530450466,57.18808780176811,25.13891317426492,37.697662353515625,2.8099236488342285,2.1070513786565477,nan,,,1.0427027940750122,,Gaia_DR3,2.510296941361809,11.995003554742793,2.631437288195353,0.010253128595650196,10.884963484946184,0.02123294211924076
Gaia,DR3,2944701493071884032,94.7551082299979,-16.28016292370354,19.40248680114746,2.4328651428222656,3.6405701138275894,7.3751466194139335,66.04429702800536,28.0565407191326,,,1.9666281571064468,nan,,,1.0179121494293213,,None,0.3265769821750797,10.198654709727318,-1.1406552285756435,0.24835807085037231,9.844686288814232,0.294757604598999
Gaia,DR3,2966922107672085376,86.48285871721028,-19.492153573144478,19.169530868530273,2.4545822143554688,3.139001026651952,7.352035187050296,63.49983727321075,26.196536881929827,,,2.0643297395071474,nan,,,1.0261421203613281,,None,2.4583878437327353,11.305478617528909,2.2162275742273807,0.2119029015302658,12.649878148379416,0.21835200488567352
Gaia,DR3,2992104188122628096,89.8731549663426,-16.55128818395152,18.47793197631836,2.494159698486328,4.2389005567519416,7.578936296617887,66.17668159970556,27.75805950914629,,,2.090050775955083,nan,,,0.9607241749763489,,None,1.6149089832536965,10.873294522595035,2.5522636032620354,0.13180038332939148,9.25787590272091,0.15022626519203186
Gaia,DR3,2991840339691917184,88.27444598008633,-17.0219850534004,19.39817237854004,2.3533763885498047,4.16849525425008,7.902846899698046,68.4776143172194,27.444292171695178,,,2.0788700048026594,nan,,,1.0807942152023315,,None,2.017142346293176,10.899965317568054,0.20698859890908397,0.2760067284107208,10.653696235395387,0.2828192114830017
Gaia,DR3,2991825397503518336,87.82914743664927,-17.17938165954329,18.549898147583008,2.3467464447021484,1.55688620526716,8.023812327367832,69.34466479158156,27.340788478487518,,,2.0143615387885667,nan,,,0.9217231273651123,,None,2.0651832809768433,10.589115988927457,2.065842182929718,0.1805434376001358,11.250243735046828,0.17185553908348083
Gaia,DR3,2990624902605203712,90.09466687750309,-18.19982081887994,15.383505821228027,1.4190797805786133,3.3194677260535927,5.9974856655839766,54.371846025402185,27.05030316382327,,,1.9664600660745886,nan,,,1.0359705686569214,,None,1.4654637772509815,10.5591522976929,1.8051669069864729,0.024880027398467064,9.225657460984397,0.027122166007757187
Gaia,DR3,2990897920787992960,89.70296292347996,-17.545995766804086,18.91899871826172,2.6276073455810547,3.5029027897106113,6.749628513169591,63.5861657396858,27.3152301079219,,,2.1509611305897303,nan,,,1.0095503330230713,,None,1.707296238883921,11.405630928316029,0.16619128372776976,0.15908297896385193,11.790232059417647,0.19268088042736053
Gaia,DR3,2965774183172970368,88.16607554931105,-21.008795766785994,18.980745315551758,2.492635726928711,4.357317271430798,5.209595979357965,47.78685866448674,25.641590353305784,,,2.1020113850732436,nan,,,1.0049374103546143,,None,2.06770427367995,11.839330397223941,0.9598089096735101,0.17267964780330658,10.257970725217284,0.2079804390668869
Gaia,DR3,2966305595184454912,88.74774510698782,-19.69471642554199,15.539803504943848,1.4035215377807617,4.905485425750747,5.55885641192217,65.82408885300781,26.29010519169683,,,1.8619911395161404,nan,,,1.0126056671142578,,None,1.6978878688552985,10.259751010980493,3.1380804060343417,0.024073220789432526,11.53784404446609,0.02776688151061535
Gaia,DR3,2991739120201363840,89.25177962957903,-16.95058162262264,17.506534576416016,2.5624961853027344,4.416498567156696,7.47766883237486,64.51923483649415,27.545630054714014,,,2.019704914134446,nan,,,1.0182867050170898,,None,1.715866765709745,10.584309678295565,1.9781656934932106,0.07855888456106186,8.722262752947596,0.07954823225736618
Gaia,DR3,2966219867637249920,88.88678655955547,-20.354986098786906,19.940629959106445,2.2225399017333984,1.6825238914566387,5.022039278390942,43.79527257542394,25.997099579516245,,,2.0597441311733005,nan,,,0.9991788268089294,,None,1.8428257175154252,11.481841545334614,1.8537028201534218,0.33163636922836304,12.212337278048544,0.42036372423171997
Gaia,DR3,2966289166931967360,88.58191204116353,-20.060018781791435,18.47336769104004,2.536327362060547,1.8122483363697293,5.4306091896614985,51.50809786791582,26.111150806014237,,,2.1257923032257313,nan,,,0.9838552474975586,,None,1.981982894011502,11.786302301419244,1.2253620679801662,0.11641740798950195,11.491186887307517,0.13594461977481842
Gaia,DR3,2990765743173160448,88.68563457596873,-18.18345936034414,18.819000244140625,,4.878746500447583,6.730660206195551,58.04770041699194,26.965373718165377,,,2.0534602522324654,nan,,,0.9975948929786682,,None,1.8882377638290881,11.009846049732577,3.7685335930602855,0.28575989603996277,10.048146408386646,0.24247166514396667
Gaia,DR3,2966956299909454720,86.80381525989158,-19.26136145198023,15.133331298828125,1.2344636917114258,4.7697367653727785,7.239551563757198,67.2942636424735,26.330259044685068,,,1.9388914456984472,nan,,,1.0018272399902344,,None,2.2325404829174524,10.579455896625467,0.28898932804156974,0.0207553468644619,10.732553144065431,0.02523629181087017
Gaia,DR3,2966547041066571776,87.80771859270688,-19.47207792833691,20.057485580444336,2.439037322998047,2.581561228362351,6.366632826303972,58.20044631467779,26.32028604840579,,,2.1206063396066885,nan,,,1.0645276308059692,,None,2.1797101307125324,11.627709870149685,3.333221808559763,0.3901161551475525,11.663743816746152,0.4411394000053406
Gaia,DR3,2966579476658387328,88.03978538925641,-19.270655767421207,12.711301803588867,0.8401041030883789,4.804782153722739,6.335541949709854,54.56537859831332,26.429871454746838,89.9846420288086,1.2240251302719116,2.043317511215219,nan,,,1.1544731855392456,,Gaia_DR3,2.0418001095672653,11.166735831410435,4.110988126405729,0.012400604784488678,11.211347206107506,0.013799508102238178
Gaia,DR3,2967589515529960960,87.9198059885758,-17.64582820687807,19.231937408447266,2.7768192291259766,4.758783888186034,7.603180303002972,68.38740172515377,27.144300566016557,,,1.9612122355356725,nan,,,1.0194453001022339,,None,1.988772949221382,10.402422658139303,2.7595628946501787,0.2090422660112381,8.592204937657554,0.23513199388980865
Gaia,DR3,2990418258840194688,89.99427739081146,-19.051117284331664,19.08913803100586,2.4983482360839844,0.8025564727966468,5.308019243676598,45.728346262613606,26.66322997978921,,,2.0359878746224136,nan,,,0.994592010974884,,None,1.542595961386224,11.103019691282647,1.744823695851347,0.18632535636425018,11.381871691946753,0.2329544872045517
Gaia,DR3,2990553881026272896,90.48794765494232,-18.502561731505118,18.512813568115234,2.2735958099365234,3.4072300100324835,5.559486107668924,52.48957373362005,26.93767237442311,,,1.947818218492208,nan,,,1.0169520378112793,,None,1.3566397505185939,10.520693175621322,2.4488782164630187,0.14241699874401093,11.39500872700573,0.15443755686283112
Gaia,DR3,2991568004406466048,89.06043434356505,-17.517748298376414,18.605283737182617,2.4545040130615234,4.554066837102734,7.0780468972219035,61.290672413004195,27.285365448284267,,,2.0682443601694867,nan,,,1.0167292356491089,,None,1.8060391316840163,10.955323439280244,-0.13699291663095742,0.12547743320465088,11.364283364181759,0.16404516994953156
Gaia,DR3,2990677296907726336,89.19640786599363,-18.67586467839916,19.263797760009766,2.320171356201172,4.199497291480423,6.046012964930342,56.36179796494397,26.781498435653663,,,1.9490522831644845,nan,,,1.684827446937561,,None,1.6691896234892338,10.549886535308968,0.016686722681446914,0.366321861743927,11.046419707833554,0.42383459210395813
Gaia,DR3,2990640398847046272,90.79002483242056,-18.017496238418474,13.921613693237305,0.9716739654541016,1.8410108940875798,5.890330979503575,57.667397260421396,27.16958106019525,89.44793701171875,3.9043045043945312,2.1544680847215094,nan,,,1.0103883743286133,,Gaia_DR3,1.4198690144172574,11.53518354827176,1.7020721524265403,0.012523786164820194,10.748087873038456,0.0163415540009737
Gaia,DR3,2990655890792104192,90.52856829119459,-17.934952959928278,19.456716537475586,2.738801956176758,4.655617930131271,6.06062190306058,58.150289688791574,27.192220614241023,,,2.1469550680766014,nan,,,1.0328028202056885,,None,1.4845252703293572,11.475181877718363,0.866783132744166,0.23872724175453186,9.460635546520678,0.26088500022888184
Gaia,DR3,2991197026610035200,91.65098370182803,-16.757880108239046,16.645448684692383,1.776947021484375,4.287176420296877,6.873200742364484,65.58350360587515,27.762262205326703,,,2.1630426078882037,nan,,,3.2987234592437744,,None,1.1943873226235246,11.311443707490039,2.9617234457297372,0.13424529135227203,12.147035238259436,0.14948534965515137
Gaia,DR3,2991416688417209088,91.6955475252489,-16.465065919436693,13.512535095214844,1.0721158981323242,0.9502270349165686,7.152663637542358,64.34557380308473,27.890532213412172,16.75319480895996,16.74332046508789,2.120657111825296,nan,,,1.0305943489074707,,Gaia_DR3,1.1592461400018501,11.026434026603344,0.7455061166662045,0.01105957105755806,10.93011120604178,0.013293211348354816
Gaia,DR3,2990776600850401792,88.89682058702721,-17.946904305308546,14.339628219604492,1.0062637329101562,2.5763374189218067,6.804354387744542,62.45415148297183,27.085148309872928,2.138712167739868,4.0860514640808105,2.132201171363036,nan,,,1.051814079284668,,Gaia_DR3,1.9050081036881177,11.384046596984188,2.9415461346998,0.013821335509419441,11.900415958172344,0.01666598953306675
Gaia,DR3,2991226026228200960,92.1300382154612,-16.59715870685067,19.67554473876953,2.5551834106445312,3.757358934213845,6.957005217997651,60.62511510969322,27.851535312213198,,,2.0791350669150934,nan,,,1.0059595108032227,,None,1.024321954855293,10.841051875301229,0.16037367870356645,0.30534103512763977,12.243100883859967,0.30736157298088074
Gaia,DR3,2990765743169914624,88.68559409407992,-18.18367539421217,18.109233856201172,2.4052734375,4.589214460640114,6.730511321764833,60.02185546154981,26.965274958803867,,,2.105004168681853,nan,,,1.3435651063919067,,None,1.935644955799035,11.286248973568515,3.602936789565757,0.2002544403076172,10.116874800109569,0.21238788962364197
Gaia,DR3,2990828140458008448,90.15048505974194,-17.85200093517761,14.577191352844238,1.257624626159668,1.0544245318596281,6.284730271890414,54.974056477162634,27.207588935209202,16.868228912353516,4.623683452606201,2.076952688376897,nan,,,1.1776715517044067,,Gaia_DR3,1.5334435944327782,11.080764856911054,1.9947204682109723,0.017747478559613228,11.061671366264083,0.02182723581790924
Gaia,DR3,2991732896789713024,88.83139674454362,-17.109413564831765,12.32192611694336,0.7880430221557617,4.500020552717474,7.540408003082747,66.90037515229896,27.447552307679793,-1.384952187538147,0.9024108052253723,1.9748834388146663,nan,,,1.0969326496124268,,Gaia_DR3,1.7804193555981334,10.377461320160075,0.5648096939155037,0.01051083579659462,8.951911753918717,0.01182882022112608
Gaia,DR3,2992808700198546048,93.37009865802241,-15.902732255129985,18.848390579223633,2.6457080841064453,4.944403789090289,7.5935606980143975,65.5786389067862,28.190069525428626,,,2.016794746879968,nan,,,0.959860622882843,,None,0.6826194858290457,10.376585086488632,2.556020888721519,0.15372946858406067,11.33024525021885,0.1761741191148758
Gaia,DR3,2992188957895382912,89.90727757979484,-16.246364062337054,14.76570987701416,1.1462955474853516,4.845765805692721,7.847842334010627,68.04467492454354,27.89100301539125,58.48430252075195,4.098069667816162,2.006729692908013,nan,,,1.0211586952209473,,Gaia_DR3,1.542050165624862,10.377399072883442,0.7546037428004253,0.02138177491724491,8.484726275120938,0.02404032088816166
Gaia,DR3,2992801145355264512,93.36645718221078,-16.10048046954558,18.656082153320312,2.523101806640625,4.525418171719202,7.395799316423725,65.14894832251062,28.10562468191301,,,2.100647982644802,nan,,,1.065097689628601,,None,0.7119528430396493,10.851054270107042,-1.275051558146606,0.14010782539844513,10.590414910688082,0.16581737995147705
