Catalog,Type,GaiaDR3,RA,DEC,Gmag,Bp-Rp,Voff(km/s),Sep(deg),3D(pc),Vr(pred),Vr(obs),Vrerr,Plx(mas),SpT,FnuvJ,W1-W3,RUWE,XCrate,RVsrc,PMRApred,PMDecpred,PMRA,PMRAerr,PMDec,PMDecerr
Gaia,DR3,4623033257601353600,84.42531208373305,-80.63403877773318,16.297515869140625,1.9552135467529297,3.078643925806014,8.80125689215237,66.17930575942049,16.975078133760018,,,2.3513943711724234,nan,,,1.0021209716796875,,None,5.563249076529138,17.621740058268553,4.095059015375007,0.048513203859329224,17.20541472995153,0.05353591591119766
Gaia,DR3,4623226084450638848,84.30035895771509,-79.07716964843385,17.679170608520508,,3.7699794750417834,7.265539275405642,51.69863115481446,17.92936772277811,,,2.4529046946306816,nan,,,1.0000269412994385,,None,5.846074439815737,18.124574588277444,5.3516662924452785,0.09881246089935303,16.23886621428758,0.11497393995523453
Gaia,DR3,4623718317768283392,87.25674307355754,-78.00801339673862,18.944608688354492,2.7308921813964844,0.4960961826154253,6.401974338902978,59.129834849894046,18.69045286310807,,,2.255256225820171,nan,,,0.9645650386810303,,None,4.4406036649781875,16.7498490486811,4.227767553103064,0.21990914642810822,16.648210379616952,0.21878229081630707
Gaia,DR3,4623985670892019968,83.06339646064923,-77.55564474431374,19.996139526367188,2.2080764770507812,4.4084164244255435,5.724076339263316,48.63954624622623,18.798657380561835,,,2.310606215806043,nan,,,0.9599666595458984,,None,5.903282132996746,16.714782629480947,3.7778387006014644,0.48831018805503845,16.408941203270786,0.5138077735900879
Gaia,DR3,4624059823504001536,79.9009466822624,-77.11367771406071,17.400327682495117,2.388355255126953,4.5882683965996405,5.218270255920873,66.88232797449123,18.900862231835454,,,2.8499147990975184,nan,,,1.045380711555481,,None,8.515017428437195,20.10325318712448,8.167508170823169,0.09300374984741211,22.83784996849807,0.09170311689376831
Gaia,DR3,4622540569015604224,74.72312779546691,-80.25978962707445,19.651113510131836,2.6335926055908203,2.5711208694274394,8.444112441794799,61.30189580152406,16.795485339193885,,,2.557855510050535,nan,,,1.0036817789077759,,None,9.403797804018028,17.815949390448672,10.541812087161222,0.35061556100845337,17.024091065478665,0.3198394775390625
Gaia,DR3,4622763980331565440,65.61363386309982,-79.55891267522549,18.701757431030273,2.8766250610351562,1.867992271241809,8.366004714732581,64.13961931127956,16.617201182964305,,,2.6339893926540716,nan,,,1.0011426210403442,,None,12.674265445987926,16.47909380370835,13.492171899687065,0.20902471244335175,17.116982149236975,0.1980287730693817
Gaia,DR3,4622491954282326784,72.3493528444932,-80.23216371130634,14.556286811828613,1.3540105819702148,1.8561358712338931,8.509272932008969,60.544350224484226,16.6837874649075,8.241408348083496,7.155447006225586,2.502635221057393,nan,,,1.1308057308197021,,Gaia_DR3,9.96658963583603,17.035698348935128,9.363199754304768,0.019534146413207054,17.806978771328584,0.02034018561244011
Gaia,DR3,4623862701683589888,81.37452871447337,-78.48305591014383,16.786376953125,2.0972776412963867,2.4793179570144948,6.599696412767011,61.47671929013676,18.166629278208774,,,2.24601605358958,nan,,,1.1378796100616455,,None,6.259934731217355,16.216290975980797,6.590068744403826,0.06589261442422867,17.342828281372874,0.061746470630168915
Gaia,DR3,4625093948548276352,75.32084178147078,-76.28815372222266,12.611989974975586,0.924504280090332,2.47861424958441,4.555535068375583,59.21560758279117,19.084721907450614,37.436031341552734,4.512735366821289,2.7982169985525958,nan,,,1.1852288246154785,,Gaia_DR3,10.069027216404239,18.85978629729732,11.000431802109237,0.018093504011631012,19.986847448407975,0.017837446182966232
Gaia,DR3,4623176155456252160,84.96643386713363,-79.78438765588496,18.04093360900879,2.727479934692383,4.862489532573566,7.982926012804208,69.4286548095183,17.518499683976508,,,2.2505534488653742,nan,,,1.0533303022384644,,None,5.154879269491613,16.7933653453013,4.019855434143997,0.12253342568874359,14.78494131777606,0.14355574548244476
Gaia,DR3,4623699630367106048,88.96394346423737,-78.22958389162393,18.741315841674805,2.505115509033203,4.39791765327964,6.7439432432309845,55.61697138009784,18.607416031185828,,,2.3063422732239593,nan,,,2.862853527069092,,None,3.9837128812748057,17.28864722198152,1.9204716953213823,0.5527802109718323,17.850097454000156,0.58519446849823
Gaia,DR3,4625818251834192768,63.20242035763483,-79.02019744049231,14.685940742492676,1.2627859115600586,4.844437691842999,8.181612860862975,59.87171149051873,16.707111872515704,19.285825729370117,3.7319772243499756,2.38925016719501,nan,,,1.0378748178482056,,Gaia_DR3,12.16876670440621,14.37959969232183,10.007864574026113,0.018269089981913567,15.512860339191716,0.019310807809233665
Gaia,DR3,4624384759253354880,70.09179523698566,-78.45311276822059,18.032268524169922,2.8383121490478516,4.371642009672873,6.987560314075346,64.83513365196343,17.5233040357903,,,2.237829929956489,nan,,,3.400736093521118,,None,9.54909606741947,14.624902731380581,8.824898040684744,0.38338571786880493,12.693883152861208,0.4164602756500244
Gaia,DR3,4623992061803377152,83.23633518402279,-77.50979175091787,20.074451446533203,2.8319091796875,4.454835356398488,5.6858945260189415,50.88757117618487,18.833964045909006,,,2.664410326593689,nan,,,0.9813165664672852,,None,6.743490446584464,19.28568418575496,6.674959741188865,0.6410354971885681,16.784410984901292,0.4416952431201935
Gaia,DR3,4625310895937773312,58.27984368389932,-80.17231200277632,10.810144424438477,0.7372055053710938,0.6161780869201883,9.633821654152447,68.54800613532964,15.756821975026963,37.77192687988281,0.46778950095176697,2.4503288669607928,nan,,,5.151302337646484,,Gaia_DR3,13.81724263495406,13.80408964440519,13.499833129637022,0.07399193197488785,13.780441483095311,0.06967053562402725
Gaia,DR3,4621814998717516672,77.36188620588605,-79.9887203481164,20.278968811035156,2.6736087799072266,2.9885970157363966,8.1125603586862,68.80027787719168,17.084470413773737,,,2.263761638028924,nan,,,1.025636076927185,,None,7.535831091092337,16.089090893532575,6.146579059346722,0.5642834901809692,15.766431801409613,0.663348913192749
Gaia,DR3,4624560307453273856,71.93985124349389,-77.37936348469084,16.769102096557617,2.2807092666625977,3.9436497381977116,5.850968177129848,65.5404670795498,18.239464987877803,,,2.813338311778419,nan,,,1.0482378005981445,,None,11.350552668761312,18.555507123089175,9.034823263317575,0.05672155320644379,18.227102982542444,0.06969794631004333
Gaia,DR3,4624910330108080640,76.28199049153064,-76.24269121046518,12.18927001953125,0.9563865661621094,3.8846635505428257,4.449341811386083,41.55948293099686,19.176924028266566,6.028875350952148,0.5950232744216919,2.631112775719719,nan,,,1.0193785429000854,,Gaia_DR3,9.135281865889004,17.87666688687379,6.998087636892692,0.01308382023125887,17.602665603315696,0.01243220828473568
Gaia,DR3,4627601655398033152,68.98704173328584,-77.1816467864274,18.740076065063477,2.7302417755126953,4.982465688742438,5.995502773107619,42.66302450761703,18.11850422615182,,,2.4721220622877484,nan,,,0.9879841208457947,,None,10.887347573016202,15.747804360026308,13.209749094502314,0.17791935801506042,14.586426849419254,0.1713610738515854
Gaia,DR3,4627593168542573824,68.56811311982611,-77.32654906134887,19.671367645263672,2.463848114013672,2.081248482822072,6.167316053805452,44.92744227991846,18.008390107651806,,,2.4061247331926565,nan,,,1.0001966953277588,,None,10.72060203041848,15.274565697827802,10.14619714882889,0.34294331073760986,14.388831613117405,0.3107893466949463
Gaia,DR3,4625530312930107008,56.58406288683801,-79.65814485810527,18.877830505371094,2.5443668365478516,4.11081144567279,9.484193896758764,67.28307051958873,15.851549587230032,,,2.4938024297370522,nan,,,0.9535956978797913,,None,14.507743318258692,13.558094002309712,14.973775124230498,0.18974219262599945,11.44781022983195,0.18757277727127075
Gaia,DR3,4623631834306805248,85.56333003312837,-78.74673733193063,12.560324668884277,0.9706811904907227,4.192865845181245,6.998490576576286,53.97306728124957,18.177880851756694,42.1939811706543,1.8129273653030396,2.6027358913387344,nan,,,21.325611114501953,,Gaia_DR3,5.744340191368034,19.30374275924506,8.024501037759673,0.3311559855937958,19.609379587181667,0.3602662682533264
Gaia,DR3,4628046579654432512,68.69863566803478,-76.11198869005216,19.54501724243164,2.514730453491211,2.2313273173937245,5.186545961248889,44.935530396723465,18.65374812184258,,,2.3138477792842562,nan,,,1.0602034330368042,,None,10.2723913661861,14.521913861941321,10.395470334251339,0.3362126648426056,15.60333455855754,0.3859226405620575
Gaia,DR3,4625093948550242176,75.3204496194113,-76.28774161948353,12.793455123901367,,2.3255689784114284,4.555170598139641,55.83322015897147,19.084924035885383,35.809791564941406,2.1321916580200195,2.766521504234166,nan,,,1.2609951496124268,,Gaia_DR3,9.955117076550211,18.646014583821714,11.13180122498361,0.023157455027103424,19.320517460297133,0.024399342015385628
Gaia,DR3,4627378493193773952,53.548616277967426,-76.37955817215902,16.0271053314209,1.8614540100097656,3.458898094913435,8.345981871299907,60.361947544662016,16.94634994988664,,,2.407257226115382,nan,,,0.9570571780204773,,None,14.742915361291129,11.86553954707164,16.49794524484423,0.03604983538389206,11.89638341543297,0.03654307872056961
Gaia,DR3,4627514626477164544,66.98527876071557,-77.42732113270542,14.712335586547852,1.3635358810424805,1.6659544081425692,6.452012830731812,46.07514908829686,17.825669742051428,51.645347595214844,4.99680233001709,2.4392794014074397,nan,,,0.9549271464347839,,Gaia_DR3,11.337642513912378,15.201920910482894,11.740558301798323,0.021598806604743004,14.445911318775835,0.02253197692334652
Gaia,DR3,4621800563331478016,78.80952121904541,-80.04020588555315,18.24989891052246,2.5118846893310547,2.123110296183157,8.147723751862813,58.72970270510819,17.121145548466718,,,2.5381590252068302,nan,,,0.9812794923782349,,None,7.957608122998304,18.251666021095634,8.628795052425193,0.13543392717838287,17.335134499061112,0.15128211677074432
Gaia,DR3,4626227922993655424,62.907747424503015,-77.60001333208729,19.84777069091797,2.729368209838867,3.5786244813802983,7.170384919390126,61.96669069782479,17.382332638946135,,,2.2712617199479994,nan,,,1.0399672985076904,,None,11.644539140777345,13.408601612852632,9.93328549799807,0.463002473115921,13.49557805371195,0.3930187225341797
Gaia,DR3,4626494692003672192,53.28131333108907,-78.5003729330318,14.287874221801758,1.3241634368896484,3.2789394601987683,9.298362368963613,68.73777755288341,16.042977788819382,26.30031967163086,3.2437069416046143,2.607606979078759,nan,,,1.0291262865066528,,Gaia_DR3,16.038274249973764,13.11607502373024,15.370521027778315,0.017981892451643944,14.790286995117992,0.016346000134944916
Gaia,DR3,4626519259216513024,54.56292291153576,-78.29819254441732,15.249920845031738,1.7996788024902344,4.119790148559068,8.973029141033994,68.34387664241663,16.257933114270052,46.787410736083984,8.369585037231445,2.642906421798168,nan,,,1.1778008937835693,,Gaia_DR3,15.92007440055752,13.614375074563782,14.02963643952588,0.03719964250922203,14.916242303172737,0.033211082220077515
Gaia,DR3,4628554313504580864,66.21675347673083,-74.20824791743344,19.519363403320312,2.2086219787597656,4.981344635882732,4.5625738751377165,37.14288005570691,19.37528376165395,,,2.353223401332787,nan,,,0.9607359766960144,,None,11.154502094084078,14.00299534720098,11.62174375771615,0.3118147552013397,16.429581909250352,0.3416401147842407
Gaia,DR3,4628826923669090432,60.21716147628734,-75.12402162280691,19.01219940185547,2.593442916870117,2.3074405422637145,6.376716397527507,53.84672718344763,18.273424285714995,,,2.300246966226715,nan,,,1.0891575813293457,,None,12.487757484960817,12.651558699667335,12.35275307897673,0.2544585168361664,11.540820222897505,0.2198922485113144
Gaia,DR3,4622346475150098560,63.49995813187156,-80.17687417713857,16.210187911987305,1.9824905395507812,2.6997824537184107,9.086887538511577,65.84889940706893,16.149100547090654,,,2.5662032722541204,nan,,,1.0182523727416992,,None,12.982155222844197,15.690660929977385,14.432727117808977,0.04037749022245407,15.860941451972147,0.04303572699427605
Gaia,DR3,4623226084452414336,84.30214597102868,-79.07690975686053,15.232378959655762,1.4661951065063477,3.0526756765921097,7.265350091052224,52.498347019170254,17.92959337511943,,,2.4127005555731817,nan,,,0.9881038069725037,,None,5.7496549359932425,17.82763988738958,5.719510065094617,0.02493526227772236,16.275275999783485,0.027674252167344093
Gaia,DR3,4623428978707660544,82.49669718500749,-78.97447498348787,14.903412818908691,1.6911134719848633,4.229082258295031,7.110204465612165,52.316396650176,17.920532147739447,12.683965682983398,6.147556304931641,2.5542244709632684,nan,,,1.286061406135559,,Gaia_DR3,6.725418611111209,18.657914483052558,8.235017399966122,0.02477560192346573,20.362801501852886,0.026215072721242905
Gaia,DR3,4628353725647940608,65.56422911705505,-75.24315061241154,20.009979248046875,2.5365047454833984,2.7177949446179595,5.206730301969538,44.483835061515336,18.79691880921749,,,2.3193604102274863,nan,,,1.3137329816818237,,None,11.17390083900475,13.848388449059609,12.199835944097018,0.6310411691665649,13.003816539615785,0.662144660949707
Gaia,DR3,4627025584320859008,54.8629064043761,-76.92385329324408,15.77754020690918,1.9495058059692383,2.677803439859051,8.265172980567407,68.78701834719413,16.87268582943584,,,2.273448943169186,nan,,,0.9948719143867493,,None,13.626064597603985,11.590483418624892,12.834724065124316,0.033942319452762604,10.580115196355205,0.033826928585767746
Gaia,DR3,4628138148354072704,67.72368027887563,-75.7217854131078,19.874940872192383,2.5248680114746094,4.3747418483740645,5.0723899961026335,50.65927616772052,18.766423842541407,,,2.261616992644835,nan,,,1.0352466106414795,,None,10.309861662212048,13.965373415855483,9.606865664026756,0.40315791964530945,12.001662486688543,0.39016827940940857
Gaia,DR3,4628473057017899520,68.01945737315974,-74.73094932958163,19.010269165039062,2.88055419921875,1.4541725610813327,4.393655615542099,35.85986295512432,19.299069363548764,,,2.567642165552946,nan,,,1.0570157766342163,,None,11.612498352103067,15.734981168249774,10.904099706021878,0.25532254576683044,16.078101483605682,0.2563641369342804
Gaia,DR3,4629185639336744704,63.86878648672537,-74.55482261326642,13.134465217590332,0.946436882019043,2.8232000958126364,5.2798725569458576,37.57466200477342,18.95189078004166,29.22246551513672,1.6345731019973755,2.4656105315232644,nan,,,1.030835509300232,,Gaia_DR3,12.36816171458172,14.257292052953638,10.902409121021442,0.011489284224808216,14.327439390427987,0.011850589886307716
Gaia,DR3,4629454268066398080,60.72485501578573,-74.19512692149301,18.27263641357422,1.6695556640625,2.2732349718258025,5.977619528545688,44.92590311785301,18.755495851571794,,,2.5545366690680744,nan,,,0.8846821784973145,,None,13.724996822601002,14.006320049861603,14.947570065841004,0.17496035993099213,13.943482331135993,0.15868693590164185
Gaia,DR3,4641075586281737600,53.999867131010866,-74.27630641144597,19.974348068237305,2.39556884765625,2.4651938919433243,7.793776237285915,68.88864858206036,17.854219298196647,,,2.751512141007491,nan,,,1.0640785694122314,,None,16.72868204747622,13.319554672236695,17.37036793122716,0.403912752866745,12.041693154420672,0.3886722922325134
Gaia,DR3,4625419850667844992,60.76832293167234,-79.7405577362839,18.881200790405273,1.3109855651855469,2.768166843876822,9.022975447281905,64.29306235112942,16.159458041708366,,,2.4445120364879402,nan,,,1.7371621131896973,,None,13.12207109089335,14.284753376447153,12.904429338956675,0.4984315037727356,15.694565976600742,0.3757963180541992
Gaia,DR3,4621241088007072640,75.96084215668587,-81.6357611722604,16.613000869750977,2.140523910522461,4.324792517580287,9.773967151632297,69.41591783689506,16.05133717352821,,,2.4611146330006446,nan,,,0.9653444290161133,,None,8.649218284225187,17.535698987880906,7.475894843818496,0.05461656674742699,15.62309608142173,0.04684484750032425
Gaia,DR3,4641612461489068544,55.23677508747157,-73.14793582713655,15.802364349365234,1.709305763244629,2.08682717234047,7.418626335057542,54.149018788298115,18.481197746427444,,,2.5485361842313994,nan,,,1.0230937004089355,,None,15.17851826436034,12.46245416220432,14.417727278257358,0.03694017603993416,13.285984740361798,0.03065793402493
Gaia,DR3,4622673472483712768,69.26391801042568,-80.22985136276812,17.116682052612305,2.327394485473633,4.910188011841739,8.676677716425226,65.07454377291569,16.50413533709179,,,2.3553182054919004,nan,,,1.0182451009750366,,None,10.292468116911813,15.510429169545906,8.204684520061221,0.06454510986804962,14.25140207938841,0.06872633844614029
Gaia,DR3,4622936977317259648,68.27428893452326,-78.5569231756886,18.59604263305664,2.6455745697021484,4.084174984433724,7.246500317598863,61.48884848715437,17.336482522424827,,,2.692938543525243,nan,,,0.9776338338851929,,None,12.09539840217959,17.25049000273004,11.439775093757586,0.15753230452537537,19.474444015493038,0.1624073088169098
Gaia,DR3,4623634003266710912,85.55629093791791,-78.66048618900267,16.184673309326172,1.9036712646484375,4.059794964494151,6.9148233807210655,63.27911581636924,18.23053418112894,,,2.2466718061433837,nan,,,0.9497818350791931,,None,4.960707070061132,16.649332742474183,5.023085935534602,0.052216917276382446,18.57112476169067,0.04570237547159195
Gaia,DR3,4622710958959101824,70.24620779640077,-79.76107894373068,20.2672061920166,1.9571342468261719,3.5432090514703938,8.178025375669488,58.22511525931783,16.821237134195158,,,2.501367506499828,nan,,,1.0168688297271729,,None,10.625452435028631,16.582246704411347,9.616301013153125,0.7125452756881714,15.009839845575815,0.5369119048118591
Gaia,DR3,4624871022565595392,75.31887275716075,-76.66890073443803,18.966632843017578,2.5749168395996094,1.474018123988235,4.919817161534266,50.204888883488,18.87184701315969,,,2.258907793174285,nan,,,1.1318483352661133,,None,8.128974162574481,15.284705014439968,8.795416364689622,0.31087252497673035,15.505063505270869,0.5485944151878357
Gaia,DR3,4648036697475919872,84.11465481872717,-77.01232812432158,18.411945343017578,2.547304153442383,4.857460151337855,5.244251849834531,60.08675605126356,19.171507814206077,,,2.2045811496025998,nan,,,0.9785827994346619,,None,5.3111722417435745,15.962017059952224,7.492100009732381,0.12954550981521606,15.379064089787576,0.16564105451107025
Gaia,DR3,4647822434443737984,86.8169688537775,-77.39180800854008,11.261210441589355,0.82550048828125,2.919803384747692,5.7948688303573155,43.6187601296193,19.05213110378189,41.46514129638672,0.4444161057472229,2.552014131434068,nan,,,0.7888331413269043,,Gaia_DR3,5.183123277353079,18.80633832734759,6.377668381207778,0.015398839488625526,19.82641444903763,0.015114693902432919
Gaia,DR3,4621757136917931648,78.19457554275613,-80.53985375759457,20.069820404052734,2.8116092681884766,4.9806128244379835,8.651669675709432,67.5693613467904,16.796668063882326,,,2.3160992761411947,nan,,,0.8633069396018982,,None,7.452574881080107,16.649279991087326,5.775128314263064,0.4549238979816437,18.409938122800785,0.5536046624183655
Gaia,DR3,4648621573243539968,84.30134539355636,-75.24845994244534,17.089372634887695,2.223583221435547,2.34207918653466,3.587237198636898,39.08712866144234,20.228320062918673,,,2.2883336231812073,nan,,,0.9604362845420837,,None,5.453533662497785,16.292985726362378,5.940795000098142,0.07137752324342728,15.27362952743685,0.07780635356903076
Gaia,DR3,4623442310285027328,79.80818613726406,-79.2465384992766,20.118513107299805,1.9613533020019531,2.5535109477087183,7.351020267821739,68.20036052508175,17.638978831453446,,,2.2286022895755706,nan,,,1.04543936252594,,None,6.686660463968632,16.02971915656116,6.596696825520046,0.41411879658699036,17.22601066310083,0.5226345658302307
Gaia,DR3,4648040309545069440,84.87985576977024,-76.96921256293513,14.76935863494873,1.4484100341796875,3.8954882308082297,5.251123729162678,43.86286389722053,19.230960762645545,15.74543285369873,8.16356086730957,2.607457656649805,nan,,,1.3202623128890991,,Gaia_DR3,6.0038759397704276,18.950985227715105,7.971807025707878,0.023732030764222145,19.794942644740562,0.025471718981862068
Gaia,DR3,4647895414528361600,89.19671681394786,-77.0579236296804,11.553655624389648,0.6220865249633789,3.8733586420306354,5.729980874159566,46.75516355916246,19.337524880661203,32.647891998291016,0.6562008857727051,2.3305456549728527,nan,,,0.8179852366447449,,Gaia_DR3,3.9484221356588485,17.29515685288334,5.841531945959735,0.0177261084318161,17.488827521349712,0.0189169030636549
Gaia,DR3,4622434814035949696,74.71946049151626,-80.31255860105838,20.060588836669922,2.5073776245117188,1.726624397490845,8.496079424150723,60.31310800030555,16.764880917539177,,,2.4807888910568074,nan,,,1.0362348556518555,,None,9.121652335213325,17.286677943056148,8.221131965737463,0.47637253999710083,17.353305035829436,0.47933998703956604
Gaia,DR3,4641175607479246720,54.27729288221899,-74.06418495928646,17.893747329711914,2.373746871948242,1.9217521280611718,7.702158591818458,59.566253612967785,17.97728284787838,,,2.335980061147493,nan,,,0.9565194845199585,,None,14.13790886599917,11.34136684001338,13.903176609203648,0.10270462185144424,10.424576822813195,0.11402300745248795
Gaia,DR3,4624344867597063040,74.69666130865353,-77.82340600275808,19.80360984802246,2.147420883178711,0.5686059496983509,6.068579265247663,66.97956868544395,18.182214326054723,,,2.1874806016139337,nan,,,1.0802502632141113,,None,8.04967871894659,14.889348204003014,8.072393134171987,0.416780024766922,15.150571099386974,0.4705975353717804
Gaia,DR3,4622897497977991936,66.5101189071834,-79.01859786689957,17.924341201782227,2.605804443359375,3.288372846707784,7.818343440543825,60.99658582992825,16.963374030919187,,,2.637287547856412,nan,,,1.0718291997909546,,None,12.408489619944332,16.604578286827373,10.591749198997313,0.11118421703577042,16.399971315449555,0.10910182446241379
Gaia,DR3,4648256634160740736,82.30512366485897,-75.7116366636638,19.480876922607422,2.638591766357422,2.0764571040489033,3.880281076897105,49.42201003835483,19.852025884037843,,,2.2308685956754015,nan,,,1.0848257541656494,,None,5.932844989629622,15.770342805521858,5.478432424077102,0.31584033370018005,14.905974945988456,0.3482309877872467
Gaia,DR3,4624324221690829696,75.34533734290112,-78.04444650718506,16.5622501373291,2.1904783248901367,3.6259338243844,6.2506281356282,66.54071520622992,18.09804018249263,,,2.8069120425412772,nan,,,1.0096402168273926,,None,10.09131147625572,19.260063084624694,9.000484380345412,0.04965928941965103,17.412494524363648,0.05412644147872925
Gaia,DR3,4649054574661600000,78.53428853285322,-75.55832147229486,20.034692764282227,2.638103485107422,2.8418656758875995,3.6788808457738265,63.71346586095253,19.71467132933168,,,2.1484574077189955,nan,,,1.0290244817733765,,None,6.815284718472749,14.764232036110064,6.011805439513612,0.5743089318275452,13.758688148441594,0.4287230670452118
Gaia,DR3,4649538080611650304,78.39263618814309,-74.10273742370987,13.252571105957031,0.9861106872558594,2.6505147999454923,2.2434113196794514,21.84968618753662,20.525606294862154,2.2737197875976562,1.6750191450119019,2.544555001794152,nan,,,1.073032259941101,,Gaia_DR3,8.12014119548762,17.19251657525158,8.333472729040698,0.01331673376262188,18.598204017557023,0.013742111623287201
Gaia,DR3,4623644341251479168,84.93224876214697,-78.54208087710434,18.81563377380371,2.5692901611328125,4.268044831928534,6.7694538575929135,48.15953022673515,18.279999493701542,,,2.4547569039385126,nan,,,0.8741470575332642,,None,5.634320506003985,18.112832620269423,3.7259524592097097,0.167955219745636,17.000938621402994,0.2218012511730194
Gaia,DR3,4624033156051259776,79.8952808118208,-77.32181204060811,19.668075561523438,2.623281478881836,4.351030301893139,5.426389054675864,60.05421903614169,18.778958125721694,,,2.7748627216858757,nan,,,0.9498324990272522,,None,8.292906551965848,19.613098270185574,6.26300737298216,0.30917707085609436,18.077636780269852,0.3374383747577667
Gaia,DR3,4649128482463593216,75.0474313801061,-75.83852045808953,15.902057647705078,1.7039175033569336,0.2867981396687375,4.152350946439333,47.03148847820725,19.314851577068687,,,2.2536640101763985,nan,,,5.473654747009277,,None,8.190110227172454,15.080160424066404,8.053913927686377,0.2000710666179657,15.076114962010957,0.2393750250339508
Gaia,DR3,4641678878863458816,58.788549076298054,-72.70254843427477,17.892871856689453,2.745880126953125,4.316266112951371,6.396046951420356,52.97515732344316,19.16515711618779,,,2.310303183328848,nan,,,1.0383597612380981,,None,12.90163658437075,12.016376540702023,14.813689222045689,0.11132284253835678,11.142770838397393,0.10080359876155853
Gaia,DR3,4623311193522790144,79.09236534115972,-79.78176193512948,16.928503036499023,2.5751047134399414,4.797463936401503,7.88783893904849,65.79474034450625,17.287669197586506,,,2.7038510874528026,nan,,,1.0531349182128906,,None,8.37410751766377,19.43982927679455,6.48048776235051,0.07643871754407883,21.412635765980973,0.07896331697702408
Gaia,DR3,4623415127436471424,83.46853276951103,-78.99321061510082,18.2979679107666,2.800334930419922,1.7142794886550008,7.154810563404765,52.063195641421544,17.948600184422922,,,2.539189930067092,nan,,,1.0154082775115967,,None,6.3449478547298,18.659711078435738,5.427320144990706,0.1401696652173996,18.657216501503814,0.1630200445652008
Gaia,DR3,4627145877765044864,57.74302222552801,-76.4505232543962,18.295921325683594,2.7329235076904297,4.637507013270659,7.463319240813671,60.79835033324984,17.39813468757466,,,2.3014886871314175,nan,,,1.0462827682495117,,None,13.109300792015015,12.322866079826811,14.747513948877671,0.13638773560523987,13.865204976846499,0.14419376850128174
Gaia,DR3,4627493078624662144,68.33503975447582,-77.66175742839671,17.309568405151367,1.573526382446289,2.499034560951356,6.47434705163926,49.70271058854461,17.813603049221285,,,2.584951179447154,nan,,,5.646091461181641,,None,11.591167149189594,16.421045919071418,10.471051295315235,0.41288453340530396,15.646538462557091,0.5045415759086609
Gaia,DR3,4622980206163729920,89.99225086687669,-80.84842556666939,19.955352783203125,2.437610626220703,2.8360953423494193,9.237355422058783,65.8690173069099,16.986709457422602,,,2.44133714447983,nan,,,1.0251423120498657,,None,3.859603437351493,18.790881108973597,3.290020803937442,0.5284602046012878,17.446981173951862,0.52907395362854
Gaia,DR3,4648855837933718272,79.20316451806873,-76.40699149477538,19.71432876586914,2.6853771209716797,3.3796296195282665,4.514053593062052,35.7355035095499,19.270672702183123,,,2.5556017135036524,nan,,,1.0043891668319702,,None,7.87678363297233,17.80831275479129,8.998248751863187,0.3356538414955139,19.242710343687747,0.3683651387691498
Gaia,DR3,4624897750154219904,76.4084385704018,-76.61548252892396,19.443992614746094,2.9099197387695312,2.126064062560272,4.805281056190705,41.116774942903334,18.97534624829519,,,2.604537703539528,nan,,,0.9791301488876343,,None,8.999527096661707,17.783654200109865,7.842033850002855,0.3362794816493988,17.934974838289598,0.3380849361419678
Gaia,DR3,4624069547309642240,80.33876901851606,-76.91328213476,19.79928970336914,3.245756149291992,3.0503496786233946,5.020042045506956,58.41945807481023,19.04196468977144,,,2.7745533239681612,nan,,,1.0928856134414673,,None,8.124969438700413,19.59393103923982,6.4732663232673815,0.36905500292778015,18.91931495894981,0.434307724237442
Gaia,DR3,4623883077009879808,79.090962922814,-78.2888638045446,11.333184242248535,0.818324089050293,1.6805185876642175,6.395606397740284,47.04121692893879,18.169680224691117,35.24321746826172,0.5276540517807007,2.5405181044879415,nan,,,0.7462228536605835,,Gaia_DR3,7.868728530494958,18.017751591896754,8.739641165855627,0.014618679881095886,17.79067242381635,0.014318513683974743
Gaia,DR3,4627890105401506816,63.98092885812794,-76.51003819859599,18.315383911132812,2.7629432678222656,4.218670917499392,6.266962989907695,48.68422944190993,18.016462992018578,,,2.3508399691066693,nan,,,0.9590490460395813,,None,11.761875083643782,13.928794558895403,13.709609247017013,0.13409239053726196,13.168976170350899,0.13979464769363403
Gaia,DR3,4642096963863756672,49.888471076892515,-73.50225508729,19.307863235473633,2.9820175170898438,3.7684185472680936,8.93082723250786,67.22125132302926,17.5561202914367,,,2.625777009757046,nan,,,1.0107578039169312,,None,16.992517959763276,11.441881085073172,17.046954089358586,0.2981105148792267,9.356620419445758,0.2716028392314911
Gaia,DR3,4642675929751119872,52.27756037170398,-71.92022593091716,17.490480422973633,2.396526336669922,4.1876740520816,8.463191693823346,63.91056115148036,18.509899486950925,,,2.3498197850877713,nan,,,1.0413981676101685,,None,14.681185830542827,10.587673720374216,13.91145369834543,0.07449611276388168,12.514009957779725,0.07681842893362045
Gaia,DR3,4623560125533197568,88.51671902432606,-78.89744402736726,18.902645111083984,3.1471900939941406,4.913724555373472,7.321871451210579,59.4986572028025,18.179416712867617,,,2.659505795655217,nan,,,0.9427608251571655,,None,4.762546704160667,20.020501121845847,4.818745044717649,0.19739405810832977,22.774810207089605,0.18666797876358032
Gaia,DR3,4624057929422716800,80.18951933174746,-77.2196631093586,18.704204559326172,2.4811840057373047,2.098491602763838,5.325285742729082,63.91369262393652,18.854651407763022,,,2.8171028302137726,nan,,,1.0622190237045288,,None,8.306694227383622,19.933612701964556,7.5447919343841665,0.17951391637325287,20.919825594227447,0.21764250099658966
Gaia,DR3,4624017561025581440,80.87047284689146,-77.42170355778913,17.501428604125977,2.5548019409179688,4.829867358867441,5.533624018346989,59.06376126379526,18.771862019682448,,,2.7603405384506625,nan,,,0.9941343665122986,,None,7.883503669559084,19.663490595630872,5.3708242221032005,0.08208400756120682,18.40430218484958,0.09211967140436172
Gaia,DR3,4650387934373791872,82.27247733751891,-73.21145898937235,18.77219581604004,2.7832698822021484,4.423593366320734,1.5147707848123995,33.91074238066286,21.29288905047579,,,2.271611007596797,nan,,,0.9695245027542114,,None,6.051400255922921,15.624791999629558,7.276700181910728,0.23882898688316345,13.89675735759616,0.23762381076812744
Gaia,DR3,4650544893961897600,89.0466154236802,-73.42653354374512,15.772869110107422,2.051466941833496,3.1595375545181086,3.1560316233954273,40.22610272285486,21.520826546282596,,,2.2678094955613033,nan,,,1.2708300352096558,,None,3.890518386669279,16.20015850264037,4.900100095597074,0.043708641082048416,15.076609632962665,0.044377971440553665
Gaia,DR3,4650801522548423168,86.39323167377701,-71.9222088212021,18.859933853149414,3.1469898223876953,0.991912971864336,2.0563861821633598,15.851639225678234,22.27274646152454,,,2.415416361399824,nan,,,0.9886515736579895,,None,5.049695407818438,16.758370652463135,5.238366926818211,0.18472635746002197,17.226884258968262,0.2415885180234909
Gaia,DR3,4647921699728792192,88.08928379911846,-76.66913911554008,18.4382381439209,2.7719192504882812,2.4782123856392304,5.26745852409109,69.32779218927962,19.538336640587872,,,2.87223339732552,nan,,,2.211672306060791,,None,5.3174541244954945,21.139302085110092,4.361449146979749,0.36989036202430725,22.295889881089415,0.3863877058029175
Gaia,DR3,4627781223686851968,64.46545393412427,-76.7609624944699,14.853222846984863,1.4650421142578125,4.492443758359161,6.345549334485083,58.3578054975411,17.938958021214212,25.492116928100586,6.566140651702881,2.712265000695872,nan,,,0.9765875339508057,,Gaia_DR3,13.417212309871305,16.22631624644359,15.948786079104277,0.021419933065772057,15.791423313165538,0.02276424504816532
Gaia,DR3,4628037169377492608,68.38327608561654,-76.34971436698648,20.33716583251953,2.4418296813964844,4.539291904539399,5.415349259944915,54.88719240581778,18.502689908733768,,,2.2447489945309473,nan,,,1.044734001159668,,None,10.052419260676537,14.07123735176288,12.12117739276697,0.7079373002052307,14.649526641009977,0.7284026741981506
Gaia,DR3,4624745845743799552,75.75382692956344,-77.30647610137004,19.537445068359375,2.555356979370117,2.4267232686939115,5.511809177103998,39.30169061566785,18.541982158763517,,,2.4775399391055855,nan,,,1.0641975402832031,,None,8.774397299479173,16.93828051895519,7.7550301301467,0.3531019687652588,16.18506715655616,0.3271704614162445
Gaia,DR3,4624962694347596800,74.55017045852597,-76.83754494085056,18.162874221801758,2.543294906616211,3.9872408443309926,5.13336670757581,61.11071205727779,18.72450851047498,,,2.796586356035772,nan,,,1.0079596042633057,,None,10.344442700561235,18.822239892151988,8.045896387337478,0.11488767713308334,18.329956294884052,0.1269291192293167
Gaia,DR3,4647866311829982976,89.48203452347356,-77.22872581717297,14.77127456665039,1.4778661727905273,3.2809273750071224,5.9092951571068975,43.9937885302524,19.24130236254262,-0.05444015935063362,4.54766321182251,2.5443074668070853,nan,,,1.0760325193405151,,Gaia_DR3,4.207313702459722,18.93303933547155,5.37541051440291,0.021837525069713593,17.61684663403499,0.02513721026480198
Gaia,DR3,4627061245433305472,57.57063892128045,-76.8538135885549,16.35409927368164,1.879134178161621,1.7637849376253774,7.684323345245098,57.82155684971989,17.200542119139673,,,2.594247861743239,nan,,,0.9920978546142578,,None,14.82413240679913,13.913697347275427,15.296550387569724,0.049467600882053375,14.75469635407517,0.04803057387471199
Gaia,DR3,4627117423606087040,56.0719681136381,-76.8205961750043,19.03424644470215,2.4670467376708984,2.329327786436958,7.972710739618782,58.518739076879775,17.05151435562262,,,2.56754400553997,nan,,,1.0433024168014526,,None,15.072648648377767,13.38629241773467,15.34310105649037,0.24705906212329865,14.617724660405516,0.2272404283285141
Gaia,DR3,4624966022947805696,74.29222606920953,-76.78382358985458,18.121774673461914,2.5323925018310547,4.459677991465184,5.101664888636803,67.30166428548424,18.736285474163374,,,2.1585822202132445,nan,,,1.0063616037368774,,None,8.056842013927655,14.485041879426158,6.302606531906396,0.11831855028867722,13.464727406664935,0.1383219212293625
Gaia,DR3,4624850368068448000,76.48443340236567,-76.97320087091533,18.072500228881836,2.547273635864258,4.753297245619866,5.151594634946867,37.04411409429742,18.77778444213065,,,2.4276223733964977,nan,,,0.9668054580688477,,None,8.363847844377384,16.646854546888687,8.234342131567333,0.10118310898542404,14.21772272668799,0.12712381780147552
Gaia,DR3,4624711936978732160,75.60573536522988,-77.67714824008193,15.020877838134766,1.3963871002197266,3.1015987462136696,5.880285612231658,47.34981435701739,18.322638557093466,45.27827453613281,4.314140319824219,2.334996779041924,nan,,,1.0250307321548462,,Gaia_DR3,8.314982100513479,16.00156379937152,6.893995170446165,0.024769628420472145,15.443252936817949,0.027308374643325806
Gaia,DR3,4624640709240994944,78.189535961958,-78.0418923858688,15.892324447631836,1.8653593063354492,2.5708289820002737,6.15943264612498,44.775767801581246,18.265630378485444,,,2.4087388032340518,nan,,,1.0103600025177002,,None,7.752289219202968,16.926121157077414,6.451563061970652,0.037427619099617004,16.815379206164916,0.034921012818813324
Gaia,DR3,4650211050442895744,86.2741810689531,-73.64232792226379,18.873144149780273,3.3068313598632812,4.387334172805548,2.5985812352162636,25.794953348821526,21.26962652691258,,,2.5652663151595028,nan,,,0.9916804432868958,,None,5.405888580059987,18.141076663260723,6.815979387282931,0.23616543412208557,20.049183977841487,0.23111408948898315
Gaia,DR3,4624597244170001536,69.76983712135257,-77.27259965313544,14.556321144104004,1.359053611755371,4.866489223113346,5.979203405319677,42.958984318496626,18.132695369061004,-12.747421264648438,3.254884719848633,2.4265965110749983,nan,,,0.9469619393348694,,Gaia_DR3,10.451821080611095,15.613359025235791,12.882677757458184,0.02081996202468872,16.150324919515818,0.018980108201503754
Gaia,DR3,4626094259316352640,59.979566471522496,-78.41151057115282,19.096202850341797,2.5481529235839844,3.4651777611541137,8.168720225339976,58.05113833191621,16.72668020598299,,,2.460297505123784,nan,,,1.0514453649520874,,None,13.420867034326196,13.999055991598548,11.737056753835468,0.2566453218460083,13.370700662872782,0.24898412823677063
Gaia,DR3,4626310828747017088,59.32731175799788,-77.17357199764093,17.399192810058594,2.2013092041015625,4.790639333843937,7.512595293432787,53.69362748871424,17.23973773499323,,,2.507326463023204,nan,,,1.0359829664230347,,None,13.855851308505356,13.919374201803226,16.033202343816086,0.08091649413108826,12.626659871902119,0.08012296259403229
Gaia,DR3,4651157734260952576,80.85566696250217,-72.94734409297145,13.378494262695312,0.9196882247924805,3.0169052685770006,1.1018541481653379,46.439390941171446,21.34805230304634,13.902359008789062,2.3350467681884766,2.2030968138972193,nan,,,0.8785512447357178,,Gaia_DR3,6.296470321691007,14.963947895382232,6.4822953953921605,0.013534385710954666,13.575168632203676,0.017496267333626747
Gaia,DR3,4651302423129059200,81.0933326790715,-72.08492433683665,13.81507682800293,1.1362848281860352,3.3291750768896216,0.45133544502451445,11.296972097923348,21.84745694707008,1.6215611696243286,2.0689969062805176,2.5165556549078536,nan,,,1.0170598030090332,,Gaia_DR3,7.110705678086736,16.948745782861675,6.182173025069469,0.021008292213082314,18.451147862833743,0.01758723519742489
Gaia,DR3,4651009849970154240,84.82954908641864,-71.64079386568568,19.766319274902344,2.2136611938476562,1.5642928003660375,1.6033526559459343,31.99273602769623,22.34436077649094,,,2.2834415936507235,nan,,,1.318159580230713,,None,5.273831742900806,15.659696315185174,4.5664623417298404,0.517952024936676,15.401532176304377,0.6213979721069336
Gaia,DR3,4648135481723426816,80.9470911628335,-76.18523847731159,10.54803466796875,0.4922466278076172,4.4702710434214685,4.301726845818501,31.374048469597206,19.50049972468157,36.26025390625,1.2791508436203003,2.4986192650298853,nan,,,1.037539005279541,,Gaia_DR3,7.109912252699061,17.59069811560621,9.394888435656316,0.015843423083424568,18.15923311694227,0.016603698953986168
Gaia,DR3,4648167367563891072,83.58741945621877,-76.22519626164586,19.27117919921875,2.436002731323242,4.007020381706928,4.452634985502361,57.461662810958146,19.615809200853153,,,2.198232084862467,nan,,,0.9544892907142639,,None,5.45674799545398,15.744366001012242,3.7529057075077414,0.21298545598983765,15.006148213995475,0.2515960931777954
Gaia,DR3,4648382876137202944,85.57917755188659,-75.77116832547007,17.318031311035156,2.4139347076416016,3.440615152479334,4.195197578619829,37.507584189026474,19.979176722864988,,,2.601305276724306,nan,,,1.007346272468567,,None,5.735410421865039,18.75085514271219,4.163704510948995,0.07193675637245178,17.706998006408124,0.07375673949718475
Gaia,DR3,4625134252521441664,72.31478926758726,-76.1826561894163,18.93010902404785,2.7816429138183594,3.9694506627555577,4.743517558642738,64.43515745264274,18.918190147100926,,,2.841491346962428,nan,,,1.0259093046188354,,None,11.328583660937767,18.58118885139633,13.04246715827314,0.24740062654018402,20.229323238688576,0.23600153625011444
Gaia,DR3,4629172273398825600,62.306754998329716,-74.65607418471228,19.151155471801758,2.6861495971679688,4.220419526506173,5.703012459712109,55.66533715383439,18.728801528155838,,,2.716871498020943,nan,,,0.9893053770065308,,None,14.11512305878635,15.364643885290798,15.341501062713949,0.2487204223871231,17.447657449395503,0.2602870762348175
Gaia,DR3,4629331981758786304,64.14116163092443,-73.93661044183519,16.705543518066406,2.199810028076172,4.216940396506108,5.004968677111007,49.40233125707483,19.277729128445625,,,2.2681232701510803,nan,,,0.9424905180931091,,None,11.30580799916994,13.068540814284365,11.467912286334947,0.05618039146065712,15.078315190284671,0.05901886895298958
Gaia,DR3,4629273329686755328,61.7354483341666,-74.02882931799333,14.340204238891602,1.420546531677246,3.6146010889044264,5.670306198734798,58.90488901397556,18.953169609446913,22.559181213378906,2.8333213329315186,2.2264567602840883,nan,,,2.2385823726654053,,Gaia_DR3,11.710948228581701,12.382588428937753,12.650124840888772,0.035639338195323944,13.795464827641855,0.030848346650600433
Gaia,DR3,4627012351525662208,54.860327660437946,-77.16155898373795,15.888031959533691,2.0370521545410156,1.3803705271161004,8.366852787819605,60.339280378353216,16.77199051636717,,,2.4126812033693943,nan,,,1.0528761148452759,,None,14.461188916480436,12.335202967474926,14.386542255637726,0.038582004606723785,11.637102013987928,0.035824861377477646
Gaia,DR3,4625899233441770112,62.10777891458573,-78.3692374334047,18.437095642089844,2.827852249145508,4.054791110437476,7.832321119975927,65.33884339460306,16.936035065079444,,,2.701752690701145,nan,,,1.0879698991775513,,None,14.097469459040836,15.890495713304542,11.7880626398319,0.17358623445034027,15.879477382085412,0.1760212630033493
Gaia,DR3,4625240969574287616,61.85840470330639,-80.6192611464504,19.24480628967285,2.62255859375,4.842438311672962,9.606645403865574,69.07605963677244,15.810755787098906,,,2.4159349961996655,nan,,,0.9293419122695923,,None,12.674131277316148,14.483076291323899,10.683225734547907,0.23204058408737183,13.027472061704625,0.23708641529083252
Gaia,DR3,4625086011450815488,73.99463406858206,-76.2499147225402,14.273385047912598,1.210249900817871,2.5240816954964993,4.62853184783999,33.11661408732039,19.009937844723193,40.04192352294922,4.016659736633301,2.4784950271515194,nan,,,0.9208033680915833,,Gaia_DR3,9.346511017721285,16.492880497019854,8.233750923814048,0.022511836141347885,15.785046418186049,0.02016250230371952
Gaia,DR3,4625134248226903808,72.31243563097418,-76.18282931023367,18.38959312438965,2.679828643798828,3.6773652980707454,4.743942750461926,64.39342155984508,18.917911059853427,,,2.841082758154717,nan,,,1.0693742036819458,,None,11.327807003357476,18.57809940102466,12.4162293930055,0.16663148999214172,20.49284604091775,0.15411347150802612
Gaia,DR3,4625033956446447488,72.56010627481365,-76.39585528279854,16.956138610839844,2.4031763076782227,1.3651536055873863,4.904073161358425,59.751928794357994,18.82166979471355,,,2.1967450351821185,nan,,,1.0456217527389526,,None,8.689310533965728,14.433864249199704,8.302780260430945,0.06274833530187607,13.933596830983952,0.06582890450954437
Gaia,DR3,4626045300984235776,60.1003092815831,-78.78609169366813,19.933317184448242,2.252347946166992,3.8005561811170656,8.408199903599769,66.23530588148057,16.560566799252673,,,2.311970813736083,nan,,,1.0589197874069214,,None,12.581109529421875,13.234168981127288,13.467750351279792,0.5513631701469421,14.86052479235595,0.46049797534942627
Gaia,DR3,4651929037386108160,80.49768577692109,-70.43914056695871,19.73303985595703,,1.798491737482156,1.475268369143368,32.12347123132541,22.708096462944816,,,2.280859517645957,nan,,,0.9987666010856628,,None,6.629947088703826,14.989075447288274,6.600888249179315,0.2977381646633148,14.124798444050258,0.4287378787994385
Gaia,DR3,4651998203575525504,78.10573055249084,-70.75067210853696,19.430408477783203,1.6659603118896484,4.714192253050139,1.2624793198063624,12.605607958098599,22.33816362553023,,,2.3984031011939773,nan,,,1.2046414613723755,,None,7.745933537728812,15.533691894555544,7.189107962223232,0.33795735239982605,13.216114595493739,0.3664451539516449
Gaia,DR3,4651539024286709120,77.53852600964815,-71.98724152729798,18.473752975463867,2.6064090728759766,4.230575348022833,0.6972111287535055,23.31688026056471,21.622967403831534,,,2.320388693062819,nan,,,1.111415147781372,,None,7.669749835428911,15.189504094523075,6.404463945545533,0.1960018277168274,13.5519428624857,0.17990541458129883
Gaia,DR3,4651567538553454592,78.16774847398219,-71.80975083103276,17.325450897216797,2.7683448791503906,2.92181986781453,0.5058072540495152,48.580957851465676,21.772028570443783,,,2.779724887049612,nan,,,1.4305781126022339,,None,8.954381231496324,18.2516435526797,9.947708725937186,0.11473270505666733,19.6462123949747,0.11680755764245987
Gaia,DR3,4626581755284701056,54.188209115002856,-77.88250909573738,18.211524963378906,2.636117935180664,4.305569976290798,8.828642595119536,65.63983860933884,16.395344516087935,,,2.3643328909046204,nan,,,1.0554462671279907,,None,14.330478994738062,12.028862560878647,14.731838499991186,0.1342289298772812,14.137000347432473,0.14427487552165985
Gaia,DR3,4629174201839016960,63.42151790694692,-74.8559700081818,18.623872756958008,2.827016830444336,4.758155888257606,5.507461488004637,41.73099350806563,18.758808917297902,,,2.3770013940944206,nan,,,1.1036659479141235,,None,12.04648834541159,13.704360527869266,14.259563233593841,0.18612661957740784,12.817147426968782,0.16269788146018982
Gaia,DR3,4629505429717966080,58.94136568899182,-73.77868474409256,20.183574676513672,2.2318038940429688,3.1052329842150597,6.389768515920542,45.81073783471811,18.71840317607796,,,2.4297442096397535,nan,,,1.0031380653381348,,None,13.528621656087957,12.854572388493938,12.032424328746124,0.6528211832046509,12.314916895517964,0.6003850698471069
Gaia,DR3,4629352490227631872,62.80306203279968,-74.03383090702748,20.026275634765625,2.6777725219726562,3.3589960228034026,5.3866582712974385,44.45340471720484,19.077202107227983,,,2.60498953086727,nan,,,0.9829161763191223,,None,13.386697878663009,14.731381189383166,12.738889790756756,0.46785321831703186,16.458507572819208,0.45395568013191223
Gaia,DR3,4626546880150327424,53.031943758904106,-78.21885989246124,19.661602020263672,2.8249149322509766,4.6463279538271225,9.201234749629663,65.38270746082304,16.133977486168682,,,2.458642889312356,nan,,,1.020029067993164,,None,15.18188001082937,12.261207886325442,12.776928938068158,0.3253849446773529,12.135723692859305,0.364935964345932
Gaia,DR3,4649027533552905216,80.5123095004754,-75.36220334465118,17.540979385375977,2.3473434448242188,4.4848450277972844,3.4729472774680237,47.72990042934188,19.951736920465148,,,2.2307194446262857,nan,,,1.0261086225509644,,None,6.479762141909135,15.524117826898687,5.4554001794757205,0.08670470118522644,17.36767673858867,0.07966360449790955
Gaia,DR3,4628129665794099584,68.79211185126684,-75.6821641945503,17.230716705322266,2.1067276000976562,3.2138338706861687,4.855684518865001,56.41405068195028,18.884893427266455,,,2.2156269316391533,nan,,,0.9829731583595276,,None,9.810886888478228,13.855204700319158,11.104272153941672,0.07736513763666153,13.0933163581924,0.07755733281373978
Gaia,DR3,4626032553522241024,64.072819734637,-77.88526645886705,18.560317993164062,2.9184799194335938,4.153762526155776,7.202670836085079,59.53610592907164,17.345151219102952,,,2.6696897096823275,nan,,,1.047553300857544,,None,13.328682667406847,16.077866443290763,12.588271749879825,0.14465411007404327,18.29524290427349,0.16984692215919495
Gaia,DR3,4626311004841853312,59.21623651853541,-77.16410699514135,16.12051010131836,2.0348472595214844,4.7647460793774075,7.527844084700572,56.17223797263495,17.23279014611758,,,2.5805954379869465,nan,,,0.9857965111732483,,None,14.291838534356318,14.29759014366473,14.498309219501902,0.03809313476085663,16.88144943542203,0.041398391127586365
Gaia,DR3,4626222214982051712,62.30017659075778,-77.73468617760558,19.297788619995117,-0.053066253662109375,4.981752446539157,7.357218579672432,57.34728766952279,17.26138438205007,,,2.622838646499881,nan,,,0.9542603492736816,,None,13.628545691020353,15.366450170071356,15.679401066030827,0.2719947397708893,13.527607857585501,0.267673522233963
Gaia,DR3,4626174631040681088,58.23849228302761,-77.82088358308201,15.561942100524902,1.6267013549804688,4.017117310083451,8.07583087548607,61.80279919037025,16.835183564717063,,,2.340800742569645,nan,,,0.9743132591247559,,None,13.20995347728151,12.847409758282138,12.890321624613193,0.034422069787979126,10.891044545611628,0.034114375710487366
Gaia,DR3,4626932469429922944,58.05785300167822,-77.56540140034674,14.780186653137207,1.2437000274658203,4.197113387987599,7.961548325981834,56.543437269110434,16.932837759526645,-26.340524673461914,4.09118127822876,2.470138579236149,nan,,,0.9959776401519775,,Gaia_DR3,13.987398032376774,13.475034395823156,14.594826485167317,0.02033407986164093,15.574490584636958,0.022811269387602806
Gaia,DR3,4627921132245542400,65.30210861071131,-76.03889153145965,19.80239486694336,2.548187255859375,3.605777236960348,5.726571982843007,47.79469887345212,18.376731579304366,,,2.623511475555076,nan,,,1.0505197048187256,,None,12.720487268256957,15.751073334117827,10.903007446092221,0.3988761305809021,14.930291773902889,0.4006778597831726
Gaia,DR3,4628047644802576384,70.41957894073269,-76.35700556236202,17.974748611450195,2.493959426879883,4.90162605478298,5.128755104503424,37.21784631403507,18.671878023964986,,,2.504631296895982,nan,,,0.9329893589019775,,None,10.58504610927486,16.078075916166288,8.337232841412684,0.10303434729576111,17.36081489186541,0.10676325112581253
Gaia,DR3,4652037309219695488,76.78846451139175,-70.71738684447897,20.287872314453125,,4.486667556332128,1.5162635222432648,30.0681951143084,22.2365987955301,,,2.2928996799839503,nan,,,1.1072252988815308,,None,7.80743100449441,14.679029544221729,9.0727826221159,0.5727150440216064,12.917734073271383,0.7707253098487854
Gaia,DR3,4627681477366738944,65.85653574201477,-76.77162788432965,15.890096664428711,1.6750822067260742,1.9386026150499405,6.123117542155496,63.615884861537204,18.061813614894582,,,2.211108838664941,nan,,,1.0766396522521973,,None,10.575718022850836,13.48392023482846,10.661029408092851,0.03838249668478966,12.584327230026753,0.04381028562784195
Gaia,DR3,4627943264213418880,63.04130281052133,-76.29194950224326,17.15835189819336,2.4371337890625,0.3309727666753424,6.310086761607648,49.20039431508348,18.03006892201696,,,2.347806450557311,nan,,,1.112021565437317,,None,12.001079900748104,13.687571758550568,11.913781799638972,0.07660365849733353,13.548959237047839,0.07845021039247513
Gaia,DR3,4639699208177427840,49.06556461713358,-75.10334304932147,14.237141609191895,1.2628593444824219,1.4983767121308904,9.164446170942616,65.71449790829008,16.85818245823049,26.90228271484375,3.2850306034088135,2.423880097292292,nan,,,1.059236764907837,,Gaia_DR3,15.866398100356923,10.589829962704062,15.104473101311118,0.017571114003658295,10.66514116234199,0.01830267161130905
Gaia,DR3,4641388603497334784,53.002679349209835,-73.63198438193623,19.46906089782715,2.3790817260742188,4.260532496012956,8.04515430437573,59.39790960326582,17.968645833313275,,,2.577727447888528,nan,,,1.068766474723816,,None,15.924555921046139,12.104509944237215,15.8248617679356,0.3884401321411133,9.79143779335612,0.3725212514400482
Gaia,DR3,4649996302077219712,88.61394142509283,-74.82296610204514,18.469768524169922,2.8614730834960938,3.338206038156769,3.8635224681472007,50.01389819120645,20.672813434292525,,,2.735890117299877,nan,,,1.03092622756958,,None,4.861604193747337,19.805965424702936,3.79076140977834,0.17262323200702667,21.40601411904396,0.1964806616306305
Gaia,DR3,4650195695931618816,86.70901568086302,-73.99636071601266,19.789569854736328,3.124980926513672,3.5770284132470374,2.921826278671718,38.7314804852699,21.082676577925497,,,2.6665757679605067,nan,,,1.1434674263000488,,None,5.456326768813226,18.97148591405552,7.33531824882691,0.3909512460231781,19.687505733309703,0.5023506283760071
Gaia,DR3,4628870770991947008,56.614708211276614,-75.6782686313435,14.357781410217285,1.3689908981323242,3.5766810733574523,7.418333649310375,68.92460066141692,17.605745970136574,-1.2492611408233643,2.2009057998657227,2.774861039320887,nan,,,0.9637917876243591,,Gaia_DR3,16.133975998544667,14.41410797618555,14.885417251332147,0.02546786516904831,16.092975076614792,0.018972935155034065
Gaia,DR3,4629179660742270720,63.3604370268894,-74.7371982479138,12.70712947845459,0.8914699554443359,4.977056795874333,5.474410694252249,42.99022802490024,18.808677151801962,12.82142448425293,1.2000486850738525,2.5763851869329155,nan,,,1.192449927330017,,Gaia_DR3,13.07506966339362,14.819283618801736,10.372205804341274,0.014676876366138458,14.778051483421937,0.01637502945959568
Gaia,DR3,4627611207405697920,67.74647645046774,-77.12223446191483,19.49399757385254,2.609170913696289,2.590385742826415,6.107989363641802,63.04704826856122,18.04732168159605,,,2.214388241849225,nan,,,0.9817284345626831,,None,10.08843025035468,13.887815197936227,9.474701500796415,0.29459795355796814,14.929726075163064,0.3008769154548645
Gaia,DR3,4626571073702609536,53.313885229574275,-78.1305519577669,18.716318130493164,2.757354736328125,3.467847240661927,9.107868231728936,66.3653991338738,16.199955644875896,,,2.5777718589225462,nan,,,0.9775984883308411,,None,15.846556885248074,12.918246166349347,15.882703547585379,0.1813010275363922,11.034094584966246,0.21881432831287384
Gaia,DR3,4627233873054981632,53.50348898633262,-76.62035674927617,18.328603744506836,2.825634002685547,2.7267890277466362,8.436971270633046,60.403367269020926,16.842705901957647,,,2.525510759875022,nan,,,0.9386693835258484,,None,15.478341454108206,12.474396892328173,14.027766461397809,0.1397121101617813,12.415980026367015,0.12803472578525543
Gaia,DR3,4627721673965458560,66.69718238772789,-76.38376277661739,19.900760650634766,2.4971790313720703,2.8075028729370817,5.710148497819604,68.5702015858438,18.334591365716193,,,2.167163662345484,nan,,,1.0932682752609253,,None,10.147937902760678,13.30599190249391,9.106692031632619,0.41324418783187866,12.557018839349961,0.5035619735717773
Gaia,DR3,4628620013620144768,60.93936517195128,-76.16777248675939,15.500203132629395,1.8264579772949219,0.9166883193563692,6.663089950237651,47.40632399751121,17.872435107460234,,,2.4784589873981187,nan,,,1.994882583618164,,None,13.2572016104075,13.966983948170846,13.028047950029597,0.07286477088928223,14.387562745778,0.06474187225103378
Gaia,DR3,4628704706079297280,58.2388881256559,-75.63334537330243,18.93458366394043,2.730234146118164,2.998282671394766,7.02488369742125,63.84204623590865,17.81607686637856,,,2.247504126525001,nan,,,1.0646767616271973,,None,12.68335325645125,12.021783381838404,11.679144183505565,0.26485970616340637,11.016995119409481,0.2219923436641693
Gaia,DR3,4650653642533372160,86.91992290370258,-72.83582365279628,18.403310775756836,2.5817489624023438,4.090957132185673,2.359928234294482,45.39860461096649,21.77189881240688,,,2.2220402150999052,nan,,,1.004488229751587,,None,4.480724506733675,15.62129455558768,5.876628114019857,0.12191666662693024,14.30838272191479,0.14720316231250763
Gaia,DR3,4650708996071457024,89.66026183252977,-72.56735680313719,15.290521621704102,2.017024040222168,4.482644040573131,3.0887978553803346,64.2830199592759,22.051619614110994,-1.2687773704528809,8.21044921875,2.8800591015197328,nan,,,0.9923403859138489,,Gaia_DR3,4.689440752992044,20.42461273044218,2.126747791442685,0.03151538223028183,19.50820546511455,0.029381433501839638
Gaia,DR3,4639446144408619392,51.81968700663044,-75.38328743297535,18.122314453125,2.633169174194336,4.075253309625831,8.505462785583482,64.2974001898163,17.125951919540196,,,2.348341255383965,nan,,,0.987334132194519,,None,14.774601583774531,11.001719806881132,13.220689836172939,0.11507586389780045,12.288399340809411,0.11680038273334503
Gaia,DR3,4628466253791376000,66.42651625593624,-74.77431001979922,16.220935821533203,1.9142494201660156,0.8597269065159632,4.770746164298811,38.4666565808051,19.117200613930418,,,2.353600061304507,nan,,,0.9326017498970032,,None,11.097289901353125,14.138896306673884,10.675636391482394,0.043463826179504395,14.203436293024817,0.046548184007406235
Gaia,DR3,4628365884698823680,64.68304467411026,-75.58430345482004,19.123882293701172,2.9009151458740234,3.7415762950552285,5.579473570850183,54.40641621691276,18.539669934242156,,,2.2548397851919364,nan,,,1.0568313598632812,,None,11.097021363391875,13.352592592030058,10.1342380651507,0.31914234161376953,11.857191903263109,0.3427753150463104
Gaia,DR3,4627700993697967488,66.8949417156733,-76.60254771374882,18.06467056274414,2.6244468688964844,4.988146878769849,5.835693667935342,68.12963072498927,18.24102496042303,,,2.840360895568094,nan,,,1.0150387287139893,,None,13.23273784552149,17.525666156761236,16.19303128727355,0.133545383810997,17.922593956827182,0.13071778416633606
Gaia,DR3,4627514832635693952,66.96889523556598,-77.39520839753412,11.2457914352417,0.6664628982543945,2.548443373274666,6.428840091984464,53.19924427716071,17.840849944470968,13.414336204528809,0.6148756146430969,2.3101851880071607,nan,,,0.9011315107345581,,Gaia_DR3,10.742177832023565,14.38952009434059,11.26101059664473,0.016463175415992737,15.516989195264358,0.016543520614504814
Gaia,DR3,4627817228396687104,61.51810186197807,-76.73003085057817,19.126819610595703,2.6160449981689453,3.0804548246094656,6.853611851092713,60.97170616937865,17.66786106870075,,,2.2626352597703936,nan,,,0.9835914969444275,,None,11.956493187996138,12.952105107932999,13.245733569897443,0.214772567152977,13.656947914352717,0.2246677130460739
Gaia,DR3,4639300738291448576,49.87191224673183,-76.23716347522661,15.42859935760498,1.659499168395996,0.7373045270060632,9.143810458329186,66.78809557683333,16.548378873294546,,,2.583095772234539,nan,,,1.0190294981002808,,None,16.720213074473595,11.69484321858185,16.355606554655836,0.029011912643909454,11.862948137711294,0.02942751906812191
Gaia,DR3,4654041852031778560,66.26243342762608,-71.11846212159868,19.42473602294922,2.7554588317871094,4.630525743823862,4.3441298114949305,50.44061184386752,20.873370022346847,,,2.2376874204819233,nan,,,1.1209392547607422,,None,10.594647535502036,12.8111607933718,11.420618897243443,0.34786614775657654,14.833320523160536,0.3508721888065338
Gaia,DR3,4653874176506160000,62.88154252753348,-71.48704455877353,19.033409118652344,2.940675735473633,3.8366934760089424,5.302874265384325,68.21949898193768,20.260147692505598,,,2.8602020514756052,nan,,,1.070680856704712,,None,14.67255035132855,15.666256259045742,16.971707810078343,0.24144169688224792,15.922296079618732,0.23550774157047272
Gaia,DR3,4629031368407853056,57.92483876531613,-74.68757750161755,17.089557647705078,2.311981201171875,2.2582428235361784,6.821470516879823,50.54214926695089,18.193347153685885,,,2.3832692930020074,nan,,,0.9558730125427246,,None,13.529186054202826,12.527089596656689,14.601966072100304,0.06708144396543503,12.157746315932831,0.06573182344436646
Gaia,DR3,4651556990115200384,78.46907232178646,-71.75581966554009,18.6148681640625,2.842700958251953,2.6620427061607277,0.42862353813224885,50.11305173316571,21.826301645061466,,,2.7918961478511903,nan,,,1.031997561454773,,None,8.88082394178905,18.364121150157864,7.863205481864622,0.17111831903457642,19.555433340999475,0.1964217573404312
Gaia,DR3,4639812247420536832,49.684547152513154,-74.23561382003794,17.428030014038086,2.425800323486328,3.1313044149671536,8.96141636729281,69.16566365275901,17.260586971319345,,,2.659477408203436,nan,,,0.9183533787727356,,None,17.26000115099003,11.654808691150816,17.241788258958938,0.08687993884086609,9.899354377011461,0.08572512865066528
Gaia,DR3,4628888603696644224,56.18249033050474,-75.47878848015674,19.89103889465332,2.734445571899414,3.3194575441116325,7.459887941806308,53.21670571348851,17.6390365271644,,,2.441608627133874,nan,,,1.0337685346603394,,None,14.305553011709065,12.54729954514609,15.135620260209008,0.40059182047843933,11.053906537178618,0.39098334312438965
Gaia,DR3,4628947904307872384,54.80567079412684,-75.30314401141746,19.649646759033203,2.8190746307373047,4.378804816385926,7.749498481784126,56.26509203301406,17.542269325099156,,,2.4030330063833696,nan,,,1.0235214233398438,,None,14.416581941662892,11.990397314239605,12.931407872296209,0.30461299419403076,13.63806342358402,0.3251596689224243
Gaia,DR3,4654619890218652928,75.75396074060045,-71.43344296786623,17.22971534729004,2.3575210571289062,3.5086774020838316,1.3443970974485187,60.91202384243542,21.76093365611988,,,2.8740246642767224,nan,,,1.0163289308547974,,None,10.178527760097355,18.395546156419375,9.073365603358031,0.0729527473449707,16.579588757924896,0.09409649670124054
Gaia,DR3,4654431010427454720,63.78498108627492,-70.01382118126344,19.102733612060547,2.796419143676758,1.677082439328466,5.52469233720485,56.985831352548566,21.050742321107485,,,2.2342353846308574,nan,,,1.0278998613357544,,None,11.229203998905824,12.156212275552232,10.854504476619045,0.19131483137607574,11.460835002025563,0.23232993483543396
Gaia,DR3,4652178111105911040,77.2327918516419,-69.9609168210966,19.195371627807617,2.1771697998046875,1.1237947564391855,2.104107047150282,15.166246013575304,22.677855917770273,,,2.4653940561247603,nan,,,1.299005150794983,,None,8.249382524515967,15.689902341603485,7.873491343068992,0.3041187822818756,15.242864089365353,0.3532591164112091
Gaia,DR3,4647866307532953600,89.49031202186755,-77.23455562771242,19.539091110229492,2.8548946380615234,3.548475764515754,5.915244052726527,43.238276549626825,19.23796315612298,,,2.403704959506787,nan,,,0.970647394657135,,None,3.971979012340511,17.888321717683613,5.766064320955746,0.28982701897621155,17.76820295139039,0.4179529547691345
Gaia,DR3,4629447941579406720,59.782642811333396,-74.08924677978142,12.870599746704102,1.039529800415039,2.399164800149195,6.207457635791937,62.75559870946592,18.687563478996694,45.183712005615234,1.2510043382644653,2.7684861946832484,nan,,,1.0853168964385986,,Gaia_DR3,15.16172212293666,14.92160842857699,15.987402808270325,0.017743581905961037,16.05246856841532,0.016605716198682785
Gaia,DR3,4629538930462860800,59.20362069527429,-73.51430824215002,16.109737396240234,1.8405771255493164,3.2241599239501073,6.289240412443104,65.90103695155109,18.8681229666867,,,2.201864005421455,nan,,,0.9627892374992371,,None,12.19736058409081,11.662401326996735,13.405389055898446,0.04189211130142212,10.778997227101131,0.03750276193022728
Gaia,DR3,4654549139209453952,72.933806597061,-71.68861234249262,19.23063850402832,2.5770092010498047,1.0166291648606895,2.14436630765393,29.79223155248801,21.35248804535265,,,2.306784910932618,nan,,,1.1602342128753662,,None,9.014249086783437,14.410301877841574,9.342003146236255,0.2985316514968872,14.040181690825202,0.2803628742694855
Gaia,DR3,4629343801507798400,64.4950840855668,-73.63555788336396,20.353422164916992,2.287059783935547,1.705273062530836,4.831571206345083,35.211926834767254,19.461933165802566,,,2.5052484239283563,nan,,,0.9342860579490662,,None,12.384459667821067,14.454793250098648,11.97481059256064,0.5630836486816406,13.652743818240463,0.5969839692115784
Gaia,DR3,4641606616037639936,56.18331226262798,-73.14153763941476,18.104394912719727,2.6228694915771484,2.7153523479969626,7.144517636216108,64.39988076263872,18.617955211722656,,,2.736565902408308,nan,,,0.9333040714263916,,None,16.033496066563934,13.63632916526619,17.532457267102174,0.13824325799942017,13.181402127301583,0.12915156781673431
Gaia,DR3,4641038482060679552,52.549401848987536,-74.63482813087946,19.797569274902344,2.7085628509521484,2.4650700725101924,8.214732780831676,60.71483788649886,17.51468510589239,,,2.582903877155354,nan,,,1.0502612590789795,,None,16.069925538537824,12.17615606079118,15.984775740388573,0.43257936835289,10.836623872088765,0.4441506266593933
Gaia,DR3,4641149360935434112,56.573288796063046,-73.88232122432846,19.441164016723633,3.2330665588378906,2.4987483608506067,7.056352717293587,66.03377050851698,18.363298526796058,,,2.23173839697883,nan,,,2.399707794189453,,None,12.985677014642077,11.318367301568417,12.226801561223823,0.6336804032325745,10.420521133466728,0.4906863868236542
Gaia,DR3,4641124995585558272,55.00335197264007,-74.1528192458511,20.30525779724121,2.147411346435547,3.5257802938657483,7.510884174929493,57.579927988991095,18.04034210757678,,,2.3455037683700253,nan,,,1.0858691930770874,,None,14.024706416210936,11.573363322961972,15.714608575209532,0.567665159702301,12.001701239541546,0.8056384325027466
Gaia,DR3,4641558993440900608,57.70850210697025,-73.40503168164702,18.433320999145508,2.779308319091797,0.8216799926830306,6.707341225540027,47.695093141292084,18.717426190987474,,,2.4588996631711706,nan,,,1.0489948987960815,,None,14.014897889667846,12.659548234551721,13.76258131001104,0.1679748296737671,13.002695238413086,0.1669921725988388
Gaia,DR3,4639355988750703872,48.86227389598937,-76.03702331255887,16.398942947387695,2.0055198669433594,2.868471197526271,9.340209660712654,66.8285134085122,16.491854983827572,,,2.5378578489077914,nan,,,1.0331850051879883,,None,16.658627187767333,11.176107526689483,15.74103992245751,0.043386850506067276,9.945993088944745,0.047780197113752365
Gaia,DR3,4639471368752497920,52.508638908863155,-75.26233537955888,12.942377090454102,0.9008359909057617,4.81598743779177,8.31244669792377,63.09331577919043,17.263551718605648,-3.7789487838745117,1.4916479587554932,2.346113579814008,nan,,,1.0699315071105957,,Gaia_DR3,14.605916693335601,11.144118200026378,15.229246486220518,0.017611458897590637,8.845213224832383,0.015670808032155037
Gaia,DR3,4655193109527909376,75.6594614114482,-69.8488064545448,20.218231201171875,2.415019989013672,4.926150269308678,2.4486814142231634,26.05484056556682,22.582120078921424,,,2.3408527293381343,nan,,,1.0140221118927002,,None,8.319325285242206,14.66717102104478,6.391801418614875,0.6338681578636169,16.14841671377376,0.5943644642829895
Gaia,DR3,4655230668969762688,76.15562986360403,-69.38740473765239,18.20559310913086,2.377155303955078,4.235610846709016,2.778214081858312,60.588041711186975,22.87146999700115,,,2.1505499628196625,nan,,,0.9654893279075623,,None,7.502601688921642,13.45322938362277,5.892268784317485,0.13582397997379303,12.407202084829335,0.17161719501018524
Gaia,DR3,4655592648777727104,72.06369348902129,-68.10750456592697,19.20914077758789,3.1063499450683594,3.6168117231638925,4.606834832421584,35.12567528492174,23.054099531629152,,,2.3838148198623705,nan,,,0.985291600227356,,None,9.580102317338596,14.058618542423394,8.250806291771825,0.2116517573595047,15.298179421679373,0.2978018522262573
Gaia,DR3,4641387989318334720,52.76610118992057,-73.63163866749089,11.932854652404785,0.743647575378418,1.0864106646835068,8.111822551696452,64.02593695140652,17.934639659138877,18.94294548034668,0.558957040309906,2.658359997862938,nan,,,2.218111038208008,,Gaia_DR3,16.48372316632771,12.417901010964915,16.99089151483119,0.03431371599435806,12.7547384923793,0.029506314545869827
Gaia,DR3,4655785544335720960,70.13385648331506,-69.4599772148887,11.229857444763184,1.0055065155029297,2.8390523276867556,4.004258886758612,59.072876753008366,22.155838345877,50.83351516723633,1.079845905303955,2.81314296354756,nan,,,1.9843957424163818,,Gaia_DR3,11.989273140112545,16.541482004206355,10.522716806012966,0.03618310019373894,15.714468627881278,0.03969318047165871
Gaia,DR3,4656267504094660736,69.97044324099134,-68.5032112736737,18.669708251953125,2.849445343017578,4.703345348461927,4.735206660718418,40.06810071775579,22.59702691897622,,,2.596453568911536,nan,,,1.0242537260055542,,None,11.118643567709553,15.033135839221286,10.096781425076246,0.1749168038368225,17.39606111513175,0.17323601245880127
Gaia,DR3,4648530245052773760,86.89374595762165,-75.12324592118703,19.705402374267578,2.7698135375976562,3.487339441521688,3.803456432957156,34.59073286595221,20.423295797313358,,,2.3318948312571455,nan,,,0.9971778988838196,,None,4.710845104406443,16.805905687937265,3.6849677154461227,0.28924766182899475,15.432405121107521,0.34023499488830566
Gaia,DR3,4649158164976465408,76.15513681062262,-75.61189922360809,17.58932876586914,2.4378223419189453,4.960161347281709,3.8496613946618217,49.531058377946366,19.521272368943276,,,2.229418482643632,nan,,,0.9914121031761169,,None,7.777894407497273,15.030572633123695,6.7217582967002105,0.084532231092453,12.95234037776872,0.08956422656774521
Gaia,DR3,4641464057483487104,52.68687842638789,-73.09640681886509,18.960220336914062,2.878398895263672,4.359336969688783,8.160646525324603,67.31600014806027,18.12888859960589,,,2.7040438538977942,nan,,,0.9951968789100647,,None,16.78772325605769,12.512990667441453,19.268382484657565,0.1983824223279953,12.366263657478871,0.2393389195203781
Gaia,DR3,4652975089543665408,73.85821737161001,-72.5303085987363,16.253564834594727,2.01918888092041,4.2581016517018755,1.9128003727597085,16.59306182729026,21.003526262254468,,,2.509324576532529,nan,,,1.0361988544464111,,None,9.507055686834896,15.988508670059307,11.18160555369703,0.037244535982608795,14.481981417581213,0.04030485823750496
Gaia,DR3,4647778965078787968,88.37305354018034,-77.3932839344047,11.515874862670898,0.7509365081787109,4.810352760119692,5.936843085777933,59.028592949835954,19.105215797708798,31.650712966918945,1.1519858837127686,2.7414523571727982,nan,,,4.152966022491455,,Gaia_DR3,4.96513288693547,20.342225102539793,3.48273564320869,0.0712684690952301,17.99040755003199,0.08716071397066116
Gaia,DR3,4641473167109712896,51.42372049660483,-73.14527451751674,17.09358787536621,2.017406463623047,2.048086219099036,8.521706815957819,69.26692967435937,17.92020997127535,,,2.703012072319266,nan,,,6.2630534172058105,,None,17.10732110695954,12.159501593422878,16.98303533848227,0.3887839913368225,10.999093638957005,0.3717782497406006
Gaia,DR3,4641757287786284800,56.548493560221246,-72.35051632664002,18.057479858398438,2.712158203125,4.077410756765702,7.097745145060172,50.46715326818065,18.995790701081674,,,2.4584979984043924,nan,,,1.0058008432388306,,None,14.311435482421537,12.203450835729788,13.017832431861091,0.10644201189279556,10.532430541173946,0.11312646418809891
Gaia,DR3,4641736706303047680,57.62249153988856,-72.54464685217931,19.046146392822266,2.991100311279297,3.8442239122341446,6.754483278600679,52.27924607024152,19.06962162115347,,,2.599498111408127,nan,,,1.028542160987854,,None,14.839899352306775,13.20654728810609,16.509447907279707,0.22758036851882935,14.491273964631795,0.24144357442855835
Gaia,DR3,4656661580220468352,67.9065843209827,-67.30395038026958,13.761309623718262,1.000199317932129,3.683674190674053,6.157722210209461,59.595215846345475,22.87598346962824,11.837251663208008,2.5691750049591064,2.2407360829301397,nan,,,0.9845102429389954,,Gaia_DR3,10.164832256147587,12.41881295589797,11.513281832658667,0.01357380673289299,13.518575953505042,0.012944839894771576
Gaia,DR3,4657075237164752128,84.35306923493167,-71.19002405484632,18.341203689575195,2.302959442138672,2.292705139230381,1.6133608540840638,17.27002243498112,22.569655705102512,,,2.3756385553453336,nan,,,1.0425047874450684,,None,5.64449902076499,16.159564360642868,4.634440931244088,0.15055041015148163,16.705604720444125,0.16034379601478577
Gaia,DR3,4657103858831323776,83.63493646350685,-70.71444019761135,19.459917068481445,,2.553965798463375,1.7114449765508457,28.20161007039694,22.788924822554186,,,2.3070233926235884,nan,,,1.1947237253189087,,None,5.711608046122809,15.534908810418008,6.492587200181048,0.45922887325286865,14.569042921542206,0.5947883129119873
Gaia,DR3,4656267370948853888,69.94394198459966,-68.53486250487676,17.45281219482422,2.575899124145508,3.1813783848308255,4.717194059445951,66.91064510832683,22.57842418015027,,,2.1518891944391982,nan,,,0.9689788818359375,,None,9.222010716155708,12.460861190789059,9.72048581941786,0.08076809346675873,11.106479784490109,0.09617025405168533
Gaia,DR3,4656376252660239360,69.77843028581891,-68.09533674400548,18.680706024169922,2.5588150024414062,3.9808614587378544,5.098371500941857,48.325293490234685,22.76638883811495,,,2.2803791866505327,nan,,,1.0229119062423706,,None,9.81959991696705,13.094941715023872,8.238211064077072,0.19397658109664917,12.017220186034283,0.17586320638656616
Gaia,DR3,4656930342114870016,88.32412564793319,-70.68945035675142,18.334056854248047,1.0892391204833984,4.656073089360769,2.994173958422036,66.91415221054497,23.07843999505782,,,2.1227838815445574,nan,,,2.0741405487060547,,None,3.8593623834266255,14.642034302398304,1.7876775439730566,0.3225461542606354,14.419410248323933,0.43072712421417236
Gaia,DR3,4654161904962061056,67.12902029333529,-70.5972222119443,19.89760398864746,2.5312843322753906,3.5401800880654117,4.256602273764032,52.098243885421155,21.230942058914753,,,2.224859530517051,nan,,,1.0106009244918823,,None,10.30247749129393,12.796696944745177,9.421022225713376,0.33429455757141113,14.203838638753593,0.514736533164978
Gaia,DR3,4654140468775589504,66.06697946984444,-70.96816105826002,20.31841468811035,2.5027427673339844,4.0853843337340034,4.449982238983863,34.39179145244722,20.91946434439292,,,2.378781055961284,nan,,,0.9991783499717712,,None,11.31813129808383,13.555013715619097,12.94162106489281,0.6088248491287231,14.804597274906646,0.5542814135551453
Gaia,DR3,4654633599753884544,74.45175422187208,-71.2849461752783,17.643381118774414,2.6237010955810547,4.1961611653540665,1.7858629166497957,14.121501153794455,21.714121414082904,,,2.4882901518809093,nan,,,4.050992965698242,,None,9.235910975714651,15.702684367379877,8.71284675003065,0.3173001706600189,13.56461275140574,0.383656769990921
Gaia,DR3,4649380614221943552,75.01184971638726,-74.25204498688727,19.45705223083496,2.907228469848633,2.6975130470982487,2.7314415405068773,21.254514828625616,20.18274233234022,,,2.402053870943931,nan,,,0.9260378479957581,,None,8.740542063036537,15.790752063084275,7.817447323024099,0.3142649829387665,16.797598420626365,0.3037678003311157
Gaia,DR3,4649760907803186048,74.85924377805861,-74.02635404750104,19.014835357666016,,2.1395910884164664,2.569159819011301,68.29601900650806,20.292660597222312,,,2.9239644211276725,nan,,,0.8773050308227539,,None,10.697895177428574,19.145211278131704,11.950710047808144,0.33780553936958313,19.557291806336785,0.23635098338127136
Gaia,DR3,4642756537697237888,52.36475628945105,-71.47970784670957,17.369770050048828,2.370565414428711,1.2314819033375286,8.54576564967022,62.07201201304582,18.687879320469094,,,2.5607291547796853,nan,,,1.0719331502914429,,None,15.977470719389801,11.483832161037308,15.42703302483564,0.09109090268611908,11.856606969057161,0.08602085709571838
Gaia,DR3,4650189128929810816,87.80773546643026,-73.90118855390088,17.06340789794922,2.304800033569336,3.8938655725009133,3.0959475603494337,54.31756598940524,21.18829592364435,,,2.1869530561302186,nan,,,1.0800191164016724,,None,4.135899420111409,15.622335481356622,4.790894930443395,0.06715825200080872,13.950896772237519,0.07503955811262131
Gaia,DR3,4648792478584033024,81.90466173775633,-74.66539582121814,16.006662368774414,1.7508268356323242,0.7057819602729135,2.8367904709633187,67.9830741440938,20.43706274788388,,,2.1158538116096564,nan,,,1.1478261947631836,,None,5.7434254313322,14.754680210462233,5.540552055515526,0.04060445353388786,14.513957811274116,0.0472089946269989
Gaia,DR3,4648772240690355840,83.08394931718615,-74.81557395020751,20.120325088500977,,4.960067348418565,3.0694750188326845,37.95255359951246,20.417644938397384,,,2.655342127475836,nan,,,1.107028603553772,,None,6.776492207399553,18.685582676976157,6.710909125369827,0.4759952425956726,15.90984654115005,0.48303067684173584
Gaia,DR3,4642354180865136768,49.97665566813204,-72.04445640134304,19.830991744995117,2.765317916870117,2.705992235059148,9.128213015516405,69.82751578494786,18.090504512439548,,,2.653038069237325,nan,,,1.0812363624572754,,None,17.14756046742809,11.332087544387884,15.832494852247958,0.458646297454834,12.081128411749326,0.44324779510498047
Gaia,DR3,4641887476834942208,53.68404239866972,-72.45486343730445,16.705656051635742,2.0154953002929688,3.372222713197438,7.940886360104626,57.43751175374706,18.526572865257542,,,2.4085308121283817,nan,,,1.0180957317352295,,None,14.718610187858957,11.28786427583304,14.842183009824458,0.055894818156957626,9.580108506804011,0.05184794217348099
Gaia,DR3,4641644755347764224,56.69863474509882,-72.66494118503971,18.891925811767578,2.805074691772461,1.2724343857247682,7.0191904229990225,49.91387534898907,18.887892158783764,,,2.4577543901374694,nan,,,0.9685590863227844,,None,14.268768795045473,12.289362732562655,14.815373429664948,0.20320284366607666,12.657960146194393,0.19370964169502258
Gaia,DR3,4642062844643583104,56.1862604007131,-71.25368305247807,19.19591522216797,2.762765884399414,3.2113233895966946,7.432885240743636,55.19471890409017,19.386489543358636,,,2.376224484275007,nan,,,1.0290865898132324,,None,13.921539073574007,11.527553016615013,14.89250696449708,0.25070303678512573,12.810125089421915,0.25378572940826416
Gaia,DR3,4656861206011274880,86.84843810314584,-71.00626071086174,16.76812171936035,2.180126190185547,1.9444130357027327,2.419743979757709,56.39557369001976,22.820898435495188,,,2.823667780043978,nan,,,0.9734691977500916,,None,5.722335408116002,19.41994087704354,6.87821991395473,0.06504587084054947,19.479666650830247,0.06753069162368774
Gaia,DR3,4642951146959452416,49.95247148017363,-71.25096298341187,20.040597915649414,2.2805633544921875,2.6379357472655993,9.349717671558091,66.53389120801958,18.365022879174052,,,2.5161538894513154,nan,,,0.9817282557487488,,None,16.26839115900123,10.606897652028774,15.766580195023655,0.4371136724948883,11.913061088800747,0.47797536849975586
Gaia,DR3,4657456866427452032,88.6106055735903,-69.64213245689247,18.098411560058594,2.6722164154052734,2.212259481993805,3.6766017368398884,51.69143111114123,23.687060842743545,,,2.756360898590179,nan,,,0.980894148349762,,None,4.8992846829717,18.786949327100498,4.889973092365873,0.1124039739370346,17.50150858797191,0.14144909381866455
Gaia,DR3,4657119007128505856,84.55819214805494,-70.65131398536244,17.48301887512207,1.9313678741455078,3.0839396984716543,1.97716916720303,24.29664293134533,22.885115018371124,,,2.5761941393237024,nan,,,1.0693005323410034,,None,6.047434406929201,17.428239426815185,7.54481675812278,0.08066543191671371,16.677928318245147,0.10166974365711212
Gaia,DR3,4657114819589238656,84.07734929132455,-70.72734526248624,10.38476848602295,0.44150638580322266,1.2497463954162658,1.8078918157542168,40.86186820428268,22.81127464404932,20.208200454711914,1.1206132173538208,2.2382028958816322,nan,,,0.76462322473526,,Gaia_DR3,5.403777078126759,15.113800534379774,4.920952271404262,0.01620941236615181,14.775279170742325,0.01885981671512127
Gaia,DR3,4657445875617243776,88.99597947406136,-69.82296030351296,18.631101608276367,2.8652515411376953,4.0983025853806625,3.6615272374198504,51.52609175051086,23.60421730959287,,,2.755330447589585,nan,,,1.0965100526809692,,None,4.746703887978153,18.853727178560806,2.534235856801044,0.1943177878856659,19.73224139308963,0.22274796664714813
Gaia,DR3,4655037910779953408,75.61924256750018,-70.75806745015986,19.713150024414062,2.111682891845703,1.5674274785165319,1.7481865026971142,30.00859074878248,22.10402854729852,,,2.297142426723027,nan,,,1.006661057472229,,None,8.176109224985602,14.559718349678823,8.128755198693037,0.39243385195732117,15.317283323324716,0.3389214277267456
Gaia,DR3,4650215242326869632,87.93233411190286,-73.73573941120164,11.904037475585938,0.8465108871459961,2.323507773680532,3.029728546115892,46.79628786937574,21.29142663471075,13.007248878479004,0.4417470097541809,2.731385507984406,nan,,,1.1306781768798828,,Gaia_DR3,5.117372741908618,19.48684680224656,3.978818206881033,0.015051232650876045,20.189432737043177,0.016391001641750336
Gaia,DR3,4650678965659226240,89.14231993894604,-72.79289326797837,17.51911735534668,2.3525733947753906,1.5958767747123952,2.9777958173586563,31.265545900623298,21.898007625106157,,,2.322155845968685,nan,,,1.0252114534378052,,None,3.9521658811629425,16.477115665488153,4.293992870450513,0.08038441091775894,17.179599382908197,0.08623255789279938
Gaia,DR3,4650715520117517184,89.73785389722748,-72.48989643234665,11.553041458129883,0.829167366027832,3.631208373139403,3.1024373815233104,60.765884413227916,22.100183451883208,13.509357452392578,0.48876696825027466,2.8489608042520294,nan,,,0.7375096678733826,,Gaia_DR3,4.607319728163111,20.192107166017514,6.605608192129702,0.014133742079138756,21.065616817911117,0.01462286151945591
Gaia,DR3,4651171542572276608,79.30809653792264,-73.16645832494147,18.78510856628418,2.9634227752685547,3.5371092490707077,1.2784089733980357,20.273902386452946,21.11488731315927,,,2.346193035070016,nan,,,0.9861791133880615,,None,7.198131239864718,15.796446285713692,5.5155280313809865,0.2013624906539917,16.275455446801445,0.22097572684288025
Gaia,DR3,4654846217815234048,69.33525450342083,-70.81675854737776,14.754409790039062,1.2805070877075195,3.3560625886177404,3.5001747521734945,40.9306963027778,21.396007549072536,-8.016172409057617,4.179738998413086,2.273150201588801,nan,,,1.0402885675430298,,Gaia_DR3,9.913356305658784,13.485078200893037,8.822171883952018,0.023717062547802925,12.30366541088178,0.02166980318725109
Gaia,DR3,4649548010568636672,81.12473791269845,-74.4189899384042,19.48225212097168,2.653715133666992,0.9308054305093263,2.5537237458651103,46.4719478646473,20.531064161717882,,,2.2194097323126036,nan,,,1.0304768085479736,,None,6.261577497482909,15.354975000485334,6.063142046581907,0.3358444273471832,14.967311198768932,0.39643535017967224
Gaia,DR3,4649725478623189504,76.99358242308998,-74.0539285501701,20.109298706054688,2.8020706176757812,4.716961570264743,2.305649417470775,54.8668377092974,20.448427292599646,,,2.1728180405140995,nan,,,1.0292580127716064,,None,7.339445810648488,14.505256047857598,5.635722817691207,0.7419609427452087,13.176505909552034,0.6247643232345581
Gaia,DR3,4647885862521064192,88.33766083916147,-76.98364303692873,17.545757293701172,2.567026138305664,1.8427292809552205,5.5701435200775675,39.62452255284924,19.355018713328533,,,2.459031694051819,nan,,,1.7655024528503418,,None,4.465966539351748,18.17259131525088,3.6532305560807252,0.1500006467103958,17.670632681865246,0.15144892036914825
Gaia,DR3,4648219834882032896,82.31956745909515,-76.06881272413932,19.03570556640625,3.0311336517333984,4.083970949872334,4.231273670909355,38.11704321700448,19.643501620904527,,,2.323097178000492,nan,,,0.975608229637146,,None,6.173503355519656,16.484159156785353,7.440329208396481,0.21231171488761902,14.936463758066672,0.22040924429893494
Gaia,DR3,4647907852751773824,88.93568606745285,-76.69378899514447,19.89567756652832,2.3336410522460938,4.559615064633839,5.38787566687277,38.384905842847395,19.55219667142579,,,2.44822624274613,nan,,,1.0943502187728882,,None,4.238614087970961,18.086045927482438,4.57388642290917,0.5515584349632263,15.756785581226275,0.5713803768157959
Gaia,DR3,4657868500503976832,82.27316500227757,-70.52245531186514,11.279705047607422,0.8300905227661133,2.594764775084014,1.5923044006211082,13.162802246013571,22.79921076738883,-12.736383438110352,0.455181747674942,2.4914331386548563,nan,,,0.7866228818893433,,Gaia_DR3,6.636754115299791,16.59298239978605,5.278092036507655,0.013628372922539711,16.48660546321724,0.015221107751131058
Gaia,DR3,4657642447709589120,84.48437817695032,-69.61204328197977,17.36365509033203,2.138500213623047,3.3986722395112725,2.7607172754805718,27.566530722294107,23.45801772166519,,,2.3415962419489382,nan,,,3.2625162601470947,,None,5.5208083028354835,15.62686634753906,7.191955380609855,0.2741592228412628,15.774929527470057,0.31242835521698
Gaia,DR3,4657805549107295488,84.25531585342394,-68.55833078034286,19.612192153930664,3.4720325469970703,3.886565825135615,3.663908996871758,47.03173863906663,24.01938305300325,,,2.239587352391016,nan,,,0.9996004104614258,,None,5.351703401409712,14.719986797359182,4.3351586663943715,0.2797412574291229,13.192343031440409,0.33818545937538147
Gaia,DR3,4648803916079452544,82.03369799651213,-74.34223478610424,18.45832061767578,2.559938430786133,2.265035311821967,2.533160809065216,55.60924079245916,20.63098236036742,,,2.1719627154925245,nan,,,1.0005810260772705,,None,5.857243760322119,15.105638788008145,6.8224137707130215,0.1566963940858841,15.48512981362374,0.16081975400447845
Gaia,DR3,4655512173965392896,73.5453350344849,-68.63257995762321,18.83095932006836,3.0247631072998047,3.1240969264857705,3.8768307979725365,34.47944627085094,22.972197263542174,,,2.3367618630168834,nan,,,0.9826869368553162,,None,8.947665380562627,14.105516042874864,9.99431774937295,0.24512450397014618,15.233766317101999,0.19900958240032196
Gaia,DR3,4650720914598485120,89.47460065980873,-72.35959131309585,17.694252014160156,2.395761489868164,4.930471952598053,3.0113692600782556,25.96732391611318,22.165739185758394,,,2.368040614321102,nan,,,1.0237289667129517,,None,3.918340964227573,16.741455559874677,1.507252328742711,0.10186125338077545,17.236199861487655,0.11619288474321365
Gaia,DR3,4650324648038799872,83.00447204186503,-74.01400721960363,13.569355964660645,1.0675048828125,2.784017109423929,2.3204003207769595,24.302411990071928,20.877685994206445,6.954728126525879,1.9563472270965576,2.3491092234540036,nan,,,0.9832980036735535,,Gaia_DR3,6.020779098381584,16.379455863679507,7.23863054811923,0.01424453966319561,15.733218949513223,0.01384549681097269
Gaia,DR3,4650355086465530368,83.44081763107167,-73.78087057555085,18.646303176879883,2.621440887451172,4.176657985808882,2.173719808023997,34.54840297603805,21.037547925645235,,,2.27893336669488,nan,,,1.0015342235565186,,None,5.70336484866075,15.891384426978446,5.058186265756274,0.1506868302822113,17.791390227447064,0.17903271317481995
Gaia,DR3,4648594184231328256,83.3470449044127,-75.38986334122181,17.790725708007812,2.5875682830810547,4.734428918505625,3.6351953415525653,26.999142463273834,20.096176288102498,,,2.4092001761414092,nan,,,0.9343507885932922,,None,6.060656985322726,17.083766385720633,6.553605832968302,0.12865281105041504,14.73029906470964,0.11481086164712906
Gaia,DR3,4648631430187111808,82.84792701293102,-75.57526412361638,17.760313034057617,2.2414417266845703,3.7158679455222416,3.7782290717166305,29.08593777593433,19.961064887633768,,,2.5236053536365635,nan,,,0.9952602386474609,,None,6.522569957202085,17.875249434383765,8.36888897414403,0.10342717915773392,17.168829256704235,0.09357621520757675
Gaia,DR3,4648824055185746688,82.40622149769641,-74.31880582642114,19.53481674194336,2.741445541381836,4.474098189631732,2.54103403352867,27.10768419208785,20.666714236514004,,,2.5797926566233738,nan,,,1.0542709827423096,,None,6.824886180437446,17.980571561597017,9.253100456691563,0.36147555708885193,18.136589675161847,0.3895704448223114
Gaia,DR3,4648467671674982400,89.32750717004363,-75.32689666017386,18.91472816467285,3.018098831176758,4.981687998406813,4.353860994239844,36.60930126961268,20.396000925372945,,,2.344538239571885,nan,,,1.0083121061325073,,None,3.928520404155127,17.110877346892998,4.737413307209484,0.1752023547887802,19.436425045314255,0.20387911796569824
Gaia,DR3,4648343568596799360,88.25671927393728,-75.82529015818899,18.39056396484375,2.782817840576172,4.3158834314596675,4.573963878701211,52.27602205639454,20.05628690190675,,,2.233069890881698,nan,,,0.9823803305625916,,None,4.0811976109880685,16.309440778137223,4.473595461450005,0.16278555989265442,14.31597643173628,0.16526038944721222
Gaia,DR3,4658072661667523200,81.43910216996755,-69.45152381772716,17.706310272216797,2.1644725799560547,3.142686547617823,2.5055369898399147,55.87760749885565,23.319397805186973,,,2.81793968799316,nan,,,1.1704999208450317,,None,7.829056072569211,18.40641661977472,6.394704074554069,0.094081811606884,17.211427784980273,0.1098615974187851
Gaia,DR3,4648443104467010688,88.12907925610438,-75.6519357421986,18.56262969970703,2.794780731201172,4.281064474674868,4.41460773658146,33.2234179556069,20.156142331434516,,,2.523937122280961,nan,,,1.013345718383789,,None,4.658420968422472,18.391419721841356,6.578807999058941,0.24305187165737152,19.61642189489428,0.24870070815086365
Gaia,DR3,4648169600946881792,83.06404703292787,-76.23014828783917,19.44134521484375,2.5488414764404297,3.710842541226393,4.4263931940053345,43.37727151302227,19.586916000890646,,,2.289326212432368,nan,,,1.0280617475509644,,None,5.8487088033980115,16.346472154835453,7.2826430504190025,0.2735912501811981,15.273551823486216,0.2700800597667694
Gaia,DR3,4650350001224694912,82.29426004840907,-73.6700622379212,20.11219024658203,2.6990489959716797,3.1075337573235755,1.9252252868685709,20.19625035413997,21.032573491616336,,,2.365147282482488,nan,,,1.0551396608352661,,None,6.293485570341538,16.3549693994214,5.73999083521001,0.7340657711029053,17.802140385157717,0.5650674700737
Gaia,DR3,4658053110994169856,82.78427831026761,-69.24406616919879,18.083843231201172,,4.841335480056457,2.834102052504422,43.971092506044194,23.53729986325208,,,2.7126254674312906,nan,,,0.9908820986747742,,None,7.034944042606959,17.830043333510403,8.430661014563423,0.13506527245044708,15.439095888020367,0.16373004019260406
Gaia,DR3,4651806785540691584,82.65372007876357,-71.33066462903038,19.8712215423584,2.5846004486083984,2.587505185652972,1.071039690797628,25.735216739643732,22.378195236971298,,,2.3109761845763943,nan,,,1.1890467405319214,,None,6.034920636012393,15.584737210111687,7.135174385241543,0.5338436961174011,14.969525033506489,0.5965068936347961
Gaia,DR3,4649252654260629632,73.03023552458069,-74.87692724924283,12.704059600830078,0.8723716735839844,2.6867289243578747,3.545039330195301,61.30075381513904,19.68052676075124,-14.846012115478516,37.337005615234375,2.844410220408445,nan,,,24.33778190612793,,Gaia_DR3,11.079952520407812,18.47191105330135,11.037117402533273,0.38011494278907776,20.08238544843107,0.3683973252773285
Gaia,DR3,4651947217980948608,78.97444932430626,-71.36036189152271,10.843927383422852,1.1887187957763672,3.559036291482817,0.5907486071670348,6.782315383002899,22.083050423607745,5.821985244750977,0.207408607006073,2.4183351850548305,nan,,,0.7941328883171082,,Gaia_DR3,7.528254469345703,15.893344234227559,8.963620751168143,0.011004207655787468,17.00324507917618,0.016869232058525085
Gaia,DR3,4652573282451976576,67.05941169933367,-74.05541647221487,18.75189971923828,3.300760269165039,0.8121237319917389,4.290050443361913,38.28576948948437,19.540275644909322,,,2.604348037570561,nan,,,1.2943706512451172,,None,12.08160785314556,15.641593627061123,11.636227992759714,0.22785860300064087,15.662587789406622,0.2558234930038452
Gaia,DR3,4648870028508286848,79.16894633203428,-76.26112770993858,13.615489959716797,1.0493125915527344,3.9635836406734923,4.368641016501214,31.112819936569988,19.352632336173283,-1.6013522148132324,2.270399332046509,2.4504735271138536,nan,,,1.5007433891296387,,Gaia_DR3,7.564070505458669,17.04594310034908,8.17994783474132,0.018731877207756042,18.998647992921573,0.020125804468989372
Gaia,DR3,4649173764303264256,75.84434218456795,-75.2228085553019,19.21491241455078,3.019620895385742,4.275842377405435,3.5059157728376587,33.30665299126353,19.714841599317772,,,2.5947265424384485,nan,,,0.9634350538253784,,None,9.158548396232714,17.372729866944123,7.212207240872571,0.2819259464740753,16.075798348229355,0.2636141777038574
Gaia,DR3,4648720353192254848,84.46990460580507,-74.99604322528158,18.541364669799805,2.5131893157958984,4.508741492827061,3.3751340226163986,28.800175860352976,20.385380932846623,,,2.553417342813244,nan,,,1.092260718345642,,None,6.02536807259275,18.14941669989237,7.648510026880245,0.1539594829082489,16.34505998184667,0.19241689145565033
Gaia,DR3,4648803920368724480,82.0335498694865,-74.34077044125459,19.73912239074707,2.542510986328125,4.3538258067496995,2.5317430709715136,19.501919897088918,20.631816047297654,,,2.497600713170966,nan,,,1.0774414539337158,,None,6.735459352074042,17.370102224299828,8.000324511033098,0.42971572279930115,15.458272706854848,0.4396241307258606
Gaia,DR3,4648806012022548096,83.37751002337225,-74.5370181065332,19.077219009399414,2.8475284576416016,3.688096719122095,2.8384537224495925,21.772905990754033,20.595977502650406,,,2.405009526864204,nan,,,1.1526583433151245,,None,6.039971872897047,16.9035048741303,6.603481637356008,0.26986533403396606,18.686439089876345,0.28832536935806274
Gaia,DR3,4649023101146612992,79.86669427962431,-75.46370650259385,10.307035446166992,1.1497621536254883,1.41584028193342,3.568287938863168,51.84702022147105,19.85372873591449,45.96709442138672,0.19945476949214935,2.7607229950639436,nan,,,0.9948021173477173,,Gaia_DR3,8.261343648863377,19.144304617670727,8.440414723378847,0.012628446333110332,18.339995421889398,0.013975213281810284
Gaia,DR3,4649023096852770304,79.8655710042669,-75.46115540191177,16.58358383178711,2.421459197998047,2.9542646770733048,3.565734525297621,42.17465199819004,19.855122569355224,,,2.6756315481250046,nan,,,1.0661137104034424,,None,8.007118438013595,18.55358488001859,9.66617249630394,0.05037223920226097,18.397789863454978,0.05239458754658699
Gaia,DR3,4648967227913168768,76.90322978600157,-75.73881135823801,19.146400451660156,2.6854114532470703,1.926336952071148,3.924227899587449,31.239859645058534,19.502873060452995,,,2.3739738189917263,nan,,,0.9303321242332458,,None,8.047375749021606,16.130090211729073,7.307487331296153,0.21791458129882812,15.512063325006094,0.2556651532649994
Gaia,DR3,4649197438157937664,73.2046478630909,-75.54961972486277,17.1580810546875,1.754476547241211,3.920062908803549,4.08558771633151,47.25258550591052,19.331726354090463,,,2.2501477244697057,nan,,,7.452064514160156,,None,8.71469538163872,14.747137152147314,10.427989902115591,0.49963951110839844,15.469874510539439,0.5261511206626892
Gaia,DR3,4650591760644946176,88.90525295080442,-73.05076832020782,18.012046813964844,2.299886703491211,3.7610950814656396,2.9805241145610895,44.47967188512367,21.736568062229875,,,2.238402162858426,nan,,,1.1114047765731812,,None,3.885021185262988,15.913981826856093,3.534351137370391,0.11794297397136688,17.653770070520913,0.15057691931724548
Gaia,DR3,4650781907439654528,87.414219686454,-72.18916418807957,15.051568031311035,1.3631315231323242,3.878763736055069,2.3739293147890663,42.32737797795411,22.171424435483218,6.96055269241333,6.522475242614746,2.238819390646437,nan,,,16.729419708251953,,Gaia_DR3,4.358478229957737,15.658644488255321,3.8034170714745787,0.4737924039363861,17.403110438091055,0.4613124132156372
Gaia,DR3,4650969301194494976,85.4517633211424,-71.8511170100338,18.852571487426758,2.613849639892578,4.71024708912498,1.7681485804051866,43.86339308876019,22.261210897216394,,,2.2220612392505643,nan,,,1.1182972192764282,,None,4.938878531905208,15.32906209205796,4.227003523073931,0.21651768684387207,13.240620859554372,0.31212660670280457
Gaia,DR3,4650589041920674688,88.41484552944074,-73.09213614923847,18.423202514648438,2.9863452911376953,2.8756196994917977,2.8596486051035064,52.743008845359604,21.691337118318177,,,2.785127778932409,nan,,,3.2735438346862793,,None,5.027735804936356,19.76977797198735,6.293524454915333,0.4826878011226654,18.652470619217468,0.5693917870521545
Gaia,DR3,4657317026601747072,88.49747571006922,-70.3488268496938,17.4632625579834,2.3156967163085938,4.628962857249646,3.2159790720230634,27.16612635107964,23.281128594264217,,,2.3686484049438508,nan,,,1.055489420890808,,None,4.248153667966398,16.281244391303872,6.546558876376741,0.09102827310562134,16.03646765277465,0.10119914263486862
Gaia,DR3,4649916557422439936,75.08956905708386,-73.1392544786938,19.084436416625977,2.709686279296875,3.055695034870301,1.8759065797078929,19.01057355276022,20.790921482141982,,,2.535045203807355,nan,,,0.9955294728279114,,None,9.198729208941337,16.4642246952811,7.8370050050754125,0.26061972975730896,17.365560653177628,0.3106437623500824
Gaia,DR3,4650051002781773696,87.12884032291748,-74.60878517369702,17.52434539794922,2.5725746154785156,2.5910077119430746,3.438925065602345,51.44648624230655,20.73957567228618,,,2.7606750958773114,nan,,,0.9997620582580566,,None,5.485581116178574,19.810400768417566,4.738846007475782,0.09885721653699875,21.120430575568673,0.08604748547077179
Gaia,DR3,4653090125935251456,69.79018713495464,-72.66801903514516,20.0919132232666,0.6017837524414062,3.82195145463389,3.12935223051515,68.39402561805,20.52494385777564,,,2.1174599293945815,nan,,,1.031771183013916,,None,9.114955498400418,12.933198009260071,7.895121262201967,0.6233010292053223,14.125930154576746,0.5511446595191956
Gaia,DR3,4651663269080980608,81.83390731954441,-72.11636054614803,19.710784912109375,1.8284931182861328,4.428202948751034,0.6752093461364993,66.89173434363879,21.882149305400596,,,2.1057018181107128,nan,,,0.9896990060806274,,None,5.736315964816006,14.258885636289598,3.770624889699965,0.4426228404045105,14.261656481942179,0.4286107122898102
Gaia,DR3,4650214559429369600,87.68524219590812,-73.76198985977089,20.00513458251953,2.9056625366210938,0.8601290593509148,2.9871699272422623,49.00294666383117,21.26511909978032,,,2.2133643078367213,nan,,,1.06253981590271,,None,4.2241798037515235,15.778289546907388,4.536953847768884,0.5263574123382568,15.52680839518952,0.6494717001914978
Gaia,DR3,4649947511247821952,76.14811215113315,-72.68133666227081,17.255939483642578,2.3218650817871094,4.990197451207026,1.35259237586105,15.314739869497982,21.129110375288786,,,2.5240182041203343,nan,,,0.9518755078315735,,None,8.808018060401272,16.46206126406682,6.896208493394262,0.07857707887887955,14.61945163612844,0.08407646417617798
Gaia,DR3,4649993037900665216,88.85766169168747,-74.9492860922369,18.865026473999023,2.7454490661621094,3.389158706140689,3.9978083839779655,37.66725442097513,20.606317008156644,,,2.614089264485591,nan,,,1.0989890098571777,,None,4.554739654291101,18.96819383477734,2.7147264643458904,0.2196023166179657,19.28850411873455,0.24675501883029938
Gaia,DR3,4649555397912603136,81.57355277052297,-74.32137197695518,19.152118682861328,3.019775390625,3.863589932473153,2.481630113136717,33.79198779874644,20.61491588778498,,,2.6383331192538204,nan,,,1.09371018409729,,None,7.281480085607054,18.289326533457405,5.628047584245986,0.29928842186927795,16.916795311696916,0.29264068603515625
Gaia,DR3,4649575399583019392,80.06811303878007,-74.10323305427177,19.757856369018555,2.7572364807128906,3.0169495542495,2.2094415363862407,17.95558311592424,20.642214519518824,,,2.5046174775156387,nan,,,1.10068678855896,,None,7.426554816162117,17.139611777517025,8.635316767574128,0.3673679232597351,18.177093398983057,0.44570809602737427
Gaia,DR3,4650194562070601600,86.96071160701133,-73.76716472532132,13.007959365844727,0.9852294921875,1.5867526071561062,2.8270543024483925,21.05507869964397,21.22922873801448,15.670177459716797,2.6438472270965576,2.4903307759797055,nan,,,1.325263500213623,,Gaia_DR3,5.0074174979130825,17.694442684741674,5.307055434962397,0.019552823156118393,16.917174228258098,0.021714452654123306
Gaia,DR3,4649801177425745152,75.65710663244839,-73.56853428707697,16.90359115600586,2.283784866333008,3.303003117493883,2.0698462009855727,16.381771864812645,20.60737173575033,,,2.49498497800078,nan,,,1.0170226097106934,,None,8.86787842946389,16.37071199883629,9.362488297986397,0.057602353394031525,18.036089054417108,0.06310770660638809
Gaia,DR3,4651381725396070272,77.67887419214733,-72.87600052236328,13.16405963897705,1.1122865676879883,4.9880323992845765,1.1665106346884344,57.77741592972394,21.150299339003144,12.596123695373535,1.6411676406860352,2.8494118174767493,nan,,,8.89575481414795,,Gaia_DR3,9.365044639872327,18.873886803408407,9.09437356764917,0.11852889508008957,15.889903201181365,0.10545080155134201
Gaia,DR3,4658674957836228864,81.77590267069112,-67.70323942021356,12.994501113891602,0.8090524673461914,4.813803603840452,4.24862903449426,53.121090168953586,24.282344064308305,18.81732940673828,1.9146802425384521,2.2184690980854813,nan,,,1.0065864324569702,,Gaia_DR3,6.061168646661067,14.184306780142649,4.573496122769567,0.017111599445343018,12.49458050682519,0.018275726586580276
Gaia,DR3,4658919255583963264,79.37435004921718,-67.12724735655836,17.512788772583008,2.549335479736328,4.678708033602946,4.770244232621604,41.89787855821374,24.362148475646965,,,2.616156894438162,nan,,,1.0283468961715698,,None,8.002979000412065,16.298859594603538,10.557194731218903,0.08836708217859268,15.932441320831167,0.08636045455932617
Gaia,DR3,4653105274299211008,70.59934786532378,-72.49031199344734,19.692176818847656,2.748699188232422,1.4004790782056582,2.8633382718052527,52.85042973176986,20.700338770783596,,,2.190776073045477,nan,,,1.0677651166915894,,None,9.209323431091253,13.477044886439042,9.333534319470662,0.36105167865753174,12.842289801025359,0.33101752400398254
Gaia,DR3,4650127320060707584,88.92945731754057,-74.27980567012564,16.92207908630371,2.325559616088867,1.9624124526756572,3.5692174503341563,28.097232537146,21.00961964399049,,,2.528866501600666,nan,,,0.9737337231636047,,None,4.380463930565666,18.22540935983632,5.329395475035532,0.060128942131996155,18.66589433031864,0.06865984946489334
Gaia,DR3,4650723186636392960,88.97621023418439,-72.54308029617987,19.539758682250977,2.9392356872558594,2.7452949933943738,2.8823618147320813,54.68560971567652,22.037390780049666,,,2.80106088538999,nan,,,1.0418161153793335,,None,4.833352291971522,19.805359710340845,6.288245626559807,0.38808053731918335,20.520318956412066,0.38547569513320923
Gaia,DR3,4653604319418182144,65.44006265477624,-72.02930701630987,15.204737663269043,1.552079200744629,0.6422305588105109,4.428134247792644,34.73346294616962,20.338879450125877,,,2.3719774869580608,nan,,,2.586052656173706,,None,11.46223669926439,13.589396247202572,11.521230741311038,0.0740249902009964,13.273722588013626,0.0747758075594902
Gaia,DR3,4652070741254274048,77.0802165396385,-70.40664430764429,19.305683135986328,,4.543161529776964,1.7232775080135019,13.540973617295272,22.42827039622886,,,2.48563788544205,nan,,,1.1167455911636353,,None,8.3675147534089,15.889831792995773,8.985353509140781,0.36018288135528564,13.590798177445631,0.5203480124473572
Gaia,DR3,4652624925140653568,66.63583058103579,-73.5306448468148,17.038589477539062,2.3126211166381836,3.510469864394187,4.220026449210769,37.079357808553354,19.75387406571458,,,2.3318603344488746,nan,,,0.9546873569488525,,None,10.936311907336941,13.839310072741686,12.111915690733927,0.0665295273065567,12.576016315370982,0.062261905521154404
Gaia,DR3,4650664633344983168,86.96676834549949,-72.55954044172597,13.696122169494629,1.0508556365966797,4.84941320409487,2.2937895017083973,34.145231725978874,21.934684623197583,0.47780928015708923,2.4677741527557373,2.6461956085740868,nan,,,0.9814879298210144,,Gaia_DR3,5.31856323675564,18.54850929174074,7.697572046079866,0.015309819020330906,17.26067102230884,0.01464673038572073
Gaia,DR3,4650749540563674496,88.02116152291244,-72.55366667108412,15.407901763916016,1.6986894607543945,3.451151795186166,2.6017270426474517,19.79474732362236,21.98871318322181,,,2.4948367128357383,nan,,,1.13185715675354,,None,4.642826736110852,17.571148966174906,3.1158565493835644,0.03430517762899399,16.589872437236018,0.03911894932389259
Gaia,DR3,4650704804182279424,88.20784623513137,-72.46639170398548,17.499242782592773,2.380422592163086,3.614927152872694,2.642574656750247,21.196274212785767,22.04814224991415,,,2.3950555662435242,nan,,,0.9705737829208374,,None,4.393827241513721,16.865197341224423,3.5173831591732636,0.0876738429069519,15.264216604049782,0.0895058736205101
Gaia,DR3,4650959783501648512,85.46833196546703,-72.11369774323681,17.597103118896484,2.470012664794922,0.6124122891962033,1.773764487882918,12.65421225313922,22.11204069947591,,,2.455040573673801,nan,,,1.0567134618759155,,None,5.451018901565998,16.990446548984725,5.448991530310671,0.0941186249256134,17.307392344323915,0.12660500407218933
Gaia,DR3,4650544000608737024,89.2077702669847,-73.50135317333176,14.692984580993652,1.325078010559082,4.672932195327041,3.229094800072408,65.43110230908391,21.48304006059194,9.69853401184082,6.571984767913818,2.1330126908546463,nan,,,2.276505708694458,,Gaia_DR3,3.6104085895145954,15.259668742109898,5.667743908305033,0.04532722011208534,14.832407932950566,0.044848501682281494
Gaia,DR3,4650086874345204736,86.98439562548985,-74.22245837851169,17.269054412841797,2.1565608978271484,3.1676049228855794,3.1321458518354053,38.60820604137024,20.961979888080158,,,2.658956785385042,nan,,,1.0333058834075928,,None,5.337606640703396,18.988723719416335,3.5997855867687587,0.06554850935935974,18.624627846637146,0.07431972771883011
Gaia,DR3,4650065884846325120,86.64909946591919,-74.46615570182553,17.57120704650879,2.3405685424804688,4.621377112657774,3.247356543865755,50.99459090062242,20.8027109905325,,,2.207477381023607,nan,,,0.9746724963188171,,None,4.535538157563422,15.780616648994975,6.6241796237230846,0.105817511677742,15.268129484851203,0.0897962749004364
Gaia,DR3,4650598735668365440,88.39631407769079,-72.82258472243969,20.06175422668457,2.4513721466064453,4.777562790023179,2.7712846271275238,30.593967256631668,21.84858437886943,,,2.3195945310008037,nan,,,1.0636944770812988,,None,4.193444748928014,16.413854842831636,2.132191654496387,0.4793514907360077,15.314282061383992,0.6640224456787109
Gaia,DR3,4658207283114812288,78.14721243855838,-69.50815141529361,16.0220890045166,1.8346519470214844,1.7412075151272832,2.44652440538595,18.011149795248336,23.00255309167582,,,2.479652654402506,nan,,,1.0981731414794922,,None,7.9945704849441865,15.80819451347916,8.60291316038603,0.042257945984601974,16.485222898656502,0.039161618798971176
Gaia,DR3,4650886051820157824,83.7201389182898,-72.60667901695336,16.00153923034668,1.8425378799438477,0.9453504881880629,1.3985686068071368,17.39507437359473,21.727673687583007,,,2.3677138341339092,nan,,,1.0139697790145874,,None,5.833886791621238,16.319029839449485,5.370503713071358,0.03743404150009155,16.229989416465195,0.04903014004230499
Gaia,DR3,4652268240992214784,71.83487370175963,-74.61420424869753,17.22965431213379,2.0309858322143555,4.47849396234375,3.5460803756210266,69.63362850096092,19.717262239640004,,,2.9194158736923366,nan,,,1.111295461654663,,None,11.817431764627804,18.669990076446354,12.734482026575186,0.1102466732263565,21.26921226005931,0.0963875949382782
Gaia,DR3,4658543669295619328,81.50713082670438,-68.20594152867086,16.018178939819336,1.919020652770996,4.152755157629022,3.7365882031505064,29.56722731898517,23.992775854094962,,,2.535243858347749,nan,,,1.0135537385940552,,None,7.020031439844317,16.292622380848037,7.103895324471495,0.036679528653621674,14.074747111436322,0.038828231394290924
Gaia,DR3,4659102942724972160,86.96104441374267,-68.28588507917463,16.71706771850586,1.249314308166504,2.688791826893968,4.355988750671567,55.24088807469067,24.349525277064227,,,2.2087197191938572,nan,,,6.455606460571289,,None,4.441066190309212,14.676966057736118,3.7391530130070434,0.4006138741970062,13.64028291575355,0.395859956741333
Gaia,DR3,4651643168658699776,76.11211322406305,-71.26675701468152,16.996395111083984,2.206233024597168,3.9167555001764414,1.3149343787355698,57.97528951450402,21.882593035180257,,,2.1490733071015127,nan,,,1.0881037712097168,,None,7.509777496239626,13.771404369354658,7.8349748466340605,0.07030617445707321,12.02698601947363,0.08643583953380585
Gaia,DR3,4652027447973890560,76.81136498473337,-70.95572521710301,18.654926300048828,,4.97633981985777,1.3302727075620924,20.31929162775613,22.112268625223503,,,2.5632686478971216,nan,,,0.8880484104156494,,None,8.72027141688009,16.463088578703793,10.513372289422545,0.24969545006752014,14.459176037510696,0.30268505215644836
Gaia,DR3,4657695464793629440,83.73510057031311,-69.04180302342789,17.75386619567871,2.5781097412109375,4.368213277369282,3.1452965504131547,36.420150544429525,23.718274708328043,,,2.639377674502234,nan,,,1.0166776180267334,,None,6.4977704640261535,17.405605330034426,7.8556473327806895,0.12475671619176865,19.42142511316205,0.11134140193462372
Gaia,DR3,4657937666628713600,80.56544258979625,-70.22571969925446,17.13541603088379,1.9455184936523438,4.48575189658048,1.6896948004926655,52.6367782349323,22.829484024033896,,,2.177342761918175,nan,,,3.3573014736175537,,None,6.30896833430627,14.276878683393583,7.838275295787263,0.21368557214736938,15.655516744923473,0.22202198207378387
Gaia,DR3,4653775499634111872,64.05977122153108,-72.15704113360232,12.520255088806152,0.8403263092041016,2.4922577669207557,4.8405469143239985,44.12499214296273,20.106348415321804,15.84378433227539,1.3831377029418945,2.6372833856454174,nan,,,1.2182079553604126,,Gaia_DR3,13.170888413187765,14.83740369261674,13.681639792260594,0.014309235848486423,16.12544429711034,0.014718013815581799
Gaia,DR3,4654082263377336192,67.58412125238877,-70.99471749140316,20.317562103271484,1.824014663696289,3.565740807403686,3.972950572680611,53.75436217986364,21.097717917137192,,,2.7661158753096258,nan,,,0.956657350063324,,None,12.656542456920636,16.09102044835091,13.208197430358403,0.514215886592865,14.086263181731354,0.517799973487854
Gaia,DR3,4651312524894062208,80.43860662267174,-72.53063986032888,19.154420852661133,2.783252716064453,4.738927241916413,0.6673018564584177,36.76998553199956,21.551760607610056,,,2.690183714534911,nan,,,1.0016567707061768,,None,7.8413826446635735,18.129848436432745,10.39223981142311,0.244614839553833,17.283713610841026,0.2637833058834076
Gaia,DR3,4654574019960798592,72.52754070454596,-71.39240678631332,19.66329002380371,2.2398719787597656,4.813492112840063,2.3335602124246146,21.511852167151787,21.463105037018032,,,2.536680864412942,nan,,,1.1201874017715454,,None,10.04449239239969,15.720106231106064,12.609431449014437,0.3741646707057953,15.50369442676827,0.39725416898727417
Gaia,DR3,4650947418316662272,83.13424781341638,-71.90170906546365,14.370213508605957,1.325200080871582,2.5459101844295464,1.045693782647837,49.75929836321982,22.09031216830259,6.080158710479736,4.229962348937988,2.785946728146806,nan,,,0.8974685072898865,,Gaia_DR3,7.090426645367399,18.975240440871886,7.897878786179188,0.01850295253098011,20.233701993320494,0.02090359665453434
Gaia,DR3,4651089835170728064,83.13385862777389,-71.06841880452127,19.94717788696289,2.8759536743164062,2.529537015298925,1.3512437813670721,13.760085299751925,22.557512825331127,,,2.3927467064102834,nan,,,1.0910511016845703,,None,6.089834210550952,16.13321330525852,7.346945244618327,0.4968126714229584,15.914842293189647,0.4881065785884857
Gaia,DR3,4651390242308824960,77.97030473212567,-72.66447395314714,18.299856185913086,2.559478759765625,4.993472301929207,0.9437108355653849,68.98549241536998,21.28955152270577,,,2.9455219977541613,nan,,,0.9801490902900696,,None,9.56627998404806,19.508575667721935,6.644267423490564,0.12150947004556656,18.471258450316867,0.13864663243293762
Gaia,DR3,4651378147679581440,78.00955745333385,-72.89490206869438,17.68961524963379,2.6135215759277344,4.795968257338226,1.1320118452969912,19.230463259077972,21.166210229225403,,,2.349685245041044,nan,,,0.9902491569519043,,None,7.618825910390596,15.60957728879441,9.097736667884485,0.09364565461874008,17.468717361138317,0.09397323429584503
Gaia,DR3,4658457628165312768,83.7762246469296,-68.70118643940651,12.050701141357422,0.7554264068603516,3.0949572970721024,3.4665941243071665,44.26561776446533,23.906739109237776,32.92009353637695,1.179053783416748,2.697460847835655,nan,,,0.8237426280975342,,Gaia_DR3,6.625373194800491,17.712527429972162,8.17966134634495,0.01191938016563654,16.886922434259933,0.013370448723435402
Gaia,DR3,4651073106235796224,84.06664834380327,-71.2191492114536,19.702716827392578,2.254995346069336,1.5995325423103504,1.5182926958542173,43.7313307229769,22.534981970985864,,,2.2200504520563893,nan,,,0.9984211921691895,,None,5.363252363500933,15.081420096965442,4.732918918790791,0.3783111870288849,15.48524558443251,0.39518657326698303
Gaia,DR3,4652496385362790784,70.47666123158233,-73.30555451449797,19.18633270263672,2.9088401794433594,2.6081190863852695,3.1113472403038394,66.47840649856722,20.27104000406531,,,2.89912583915834,nan,,,1.0404767990112305,,None,12.231547276286353,17.98789306419145,10.670134064890203,0.25572869181632996,18.308510036501197,0.22357285022735596
Gaia,DR3,4659677059591663232,87.28395420027749,-66.50552106475455,17.25514793395996,1.929037094116211,1.8930434148057205,6.004277739201035,64.15165175576776,25.337607646452966,,,2.79255450353333,nan,,,9.293779373168945,,None,5.487822740010074,18.130646802896308,4.849829698955158,0.45116788148880005,19.044388216960307,0.5207210183143616
Gaia,DR3,4652449312516411264,70.45062140381954,-73.95105134085375,17.453981399536133,2.9197616577148438,2.205654821261529,3.4161826171831082,59.36493966272349,19.93588205046442,,,2.8301927464501535,nan,,,0.9990497827529907,,None,11.949938545344208,17.690202636570593,11.033784473450588,0.08182262629270554,16.745517593368817,0.08512720465660095
Gaia,DR3,4660004507886910848,86.98225562840561,-65.76178337952908,19.782798767089844,1.9768295288085938,4.240409596293903,6.653340358216048,48.4158769437493,25.714618107737664,,,2.4049193844768753,nan,,,1.1446946859359741,,None,4.8283756540166145,15.42282326842573,3.6178945563368674,0.3868838846683502,13.646194660401585,0.5028693079948425
Gaia,DR3,4654545226510443520,73.04977835119797,-71.86152408655504,14.225363731384277,1.1763229370117188,3.302043642282914,2.0888607908788237,28.368564133218864,21.274671987909755,4.228039741516113,4.150540351867676,2.314316311623827,nan,,,1.0842509269714355,,Gaia_DR3,9.009250772897005,14.506106003996305,8.528515511458462,0.019399680197238922,12.968500701916492,0.020152701064944267
Gaia,DR3,4654864458533537664,70.69002858251919,-70.65104672815208,19.28697967529297,2.860736846923828,2.6101836333976434,3.1652311491896024,40.0697765423201,21.63608644775158,,,2.6705209351700607,nan,,,1.041221022605896,,None,11.195654803788326,16.062296739083077,10.287768307297002,0.25464510917663574,14.906848490070214,0.2699092626571655
Gaia,DR3,4651779194546360576,80.22045607780682,-71.40075690703891,19.04144859313965,2.823986053466797,4.957742523385556,0.5148419293220313,43.66770363271798,22.160670002407958,,,2.2138207514474026,nan,,,0.9738250970840454,,None,6.518515782861067,14.694743107287309,5.416186564966505,0.21518957614898682,16.7290344779872,0.24371746182441711
Gaia,DR3,4651962675544173952,77.82866622985455,-71.1633886495651,19.805017471313477,2.778806686401367,4.589047537203194,0.9557466902255456,17.80267241640801,22.09238721975242,,,2.355140326900166,nan,,,1.0277817249298096,,None,7.693451851775556,15.298026685407791,5.533288480346762,0.3733983039855957,16.02246927735,0.3686104118824005
Gaia,DR3,4654779216322743168,71.31615612754493,-71.20909966210318,11.412610054016113,0.8937034606933594,2.549502043891702,2.758705363700408,19.668177455969765,21.42665777863335,3.3015379905700684,0.7716187238693237,2.4470989708839817,nan,,,0.8282890915870667,,Gaia_DR3,10.066194215135607,14.93170959384029,8.759240826038983,0.017856650054454803,14.784485557861194,0.018283499404788017
Gaia,DR3,4658388294577920384,79.00393337646472,-68.27379747508373,16.14044189453125,1.8274059295654297,3.3187599590099413,3.6309985952534576,27.154652474565577,23.731325657737273,,,2.505748139535381,nan,,,0.9928182363510132,,None,7.790419542412382,15.819142909474442,6.990350207434425,0.04352639988064766,17.379020667599754,0.05354057624936104
Gaia,DR3,4658489273531019904,81.46329703541964,-68.77268735685614,20.157867431640625,-0.15819168090820312,3.540903697427181,3.1741959339774586,69.04257958225114,23.686625995935774,,,2.9210143906087023,nan,,,1.0152629613876343,,None,8.105752711143435,18.911300515186745,9.912746907957299,0.7315265536308289,20.131538464247622,0.6647976636886597
Gaia,DR3,4651609045118883840,75.71720689491664,-71.59415365955564,17.745847702026367,2.492765426635742,2.363830404941195,1.3040113680245529,26.584230903450706,21.672338319353425,,,2.30939739579441,nan,,,1.0686938762664795,,None,8.1900191396105,14.80627619090192,7.295218661260483,0.09277430176734924,14.082596683456256,0.11533848941326141
Gaia,DR3,4651964294770628224,78.45521721624495,-71.17361421817341,14.831620216369629,1.3945207595825195,4.98533175413678,0.8330917148981242,35.78388780433846,22.140836685975607,-10.332633972167969,4.893974781036377,2.255015468545638,nan,,,1.007332444190979,,Gaia_DR3,7.177236827464719,14.724798422258637,8.796126801052047,0.022919410839676857,16.45562117602352,0.024587728083133698
Gaia,DR3,4651789708626404224,80.27623676929994,-71.1542678459636,19.143911361694336,2.6454410552978516,1.7115809182811454,0.7585276869766843,68.93251436091785,22.300216414975385,,,2.9459009521361703,nan,,,0.988916277885437,,None,8.65177658748767,19.50264896068895,9.292822676720672,0.30474841594696045,18.65477417630934,0.3135504722595215
Gaia,DR3,4651555169046478080,78.49082410427646,-71.82822129794472,12.342769622802734,0.8688135147094727,3.8044068136938423,0.4033231134569668,58.447561890403804,21.788666752951805,-30.713024139404297,0.7493615746498108,2.1432660841209152,nan,,,0.9253587126731873,,Gaia_DR3,6.811321297400128,14.112574927985179,8.42854169608484,0.012139292433857918,13.53010924656225,0.012769163586199284
Gaia,DR3,4651995351655488128,78.05046817048117,-70.91626643241416,18.211040496826172,2.5303173065185547,4.501393025524633,1.1219363950661008,16.360032110931478,22.244501626456096,,,2.538986278777952,nan,,,0.9956504106521606,,None,8.218738413761411,16.471231463220594,6.862754998782664,0.12201742827892303,18.462774010160853,0.1245262399315834
Gaia,DR3,4659090573218024832,88.41949647727236,-68.35621012498162,14.37171745300293,1.1290712356567383,3.442613871401215,4.593045626491466,64.01885795785,24.39574929949118,62.11664962768555,3.8869569301605225,2.164763943674064,nan,,,0.990551769733429,,Gaia_DR3,3.9064225666774886,14.496227471418774,2.3953697081774634,0.019630959257483482,14.926249791302808,0.022862382233142853
Gaia,DR3,4652436427614223232,70.75163667689546,-73.99902808609485,19.7684383392334,2.617889404296875,3.6528987566422644,3.3730148502645565,48.32619177999235,19.93992134881768,,,2.224995668639889,nan,,,0.9118589162826538,,None,9.310673931272964,13.962463407994862,10.066934924612994,0.3918251097202301,12.424997929073873,0.3756939172744751
Gaia,DR3,4652861010906442496,72.04583266586376,-73.24360031298116,18.216222763061523,2.6807174682617188,1.2612974060464686,2.674554022557079,48.42463922708255,20.45705548165898,,,2.2109851398446474,nan,,,2.2725822925567627,,None,8.89055342736374,13.946932342577616,9.306675270726235,0.301687628030777,14.362209327743354,0.30888399481773376
Gaia,DR3,4660735580065313280,82.96410056007619,-65.92866849347182,19.226253509521484,-0.12520217895507812,3.996385741956144,6.074532147260843,64.62812943442697,25.315567339289075,,,2.794478642448812,nan,,,0.9960747361183167,,None,7.177848100841686,17.55555951451923,7.089352777227175,0.2787478268146515,15.202935788712322,0.2941947877407074
Gaia,DR3,4660319346217089792,82.31544729557501,-66.50551968709543,12.442253112792969,0.7664690017700195,3.029102066832396,5.464156410120962,42.58932940914557,24.95854598464762,22.11931800842285,0.9942537546157837,2.571010169903856,nan,,,1.0314459800720215,,Gaia_DR3,6.833776259897321,16.219331442298955,6.8343260307608835,0.01257011666893959,17.861088855183322,0.015959536656737328
Gaia,DR3,4658448763427796864,83.5480995647834,-68.87211856221084,19.472444534301758,1.4809646606445312,2.6889602738633345,3.2774267863808437,57.32973991152649,23.79695126122446,,,2.1743489105808154,nan,,,1.1471501588821411,,None,5.409310867514009,14.290268816104778,6.469281341512933,0.35269203782081604,13.66126581098558,0.37540340423583984
Gaia,DR3,4658688113297702272,81.5644716019835,-67.4237001312347,17.582921981811523,2.1887855529785156,3.8933888837386093,4.514697031550677,67.13627455351026,24.41148405242494,,,2.1464217206451472,nan,,,1.0006908178329468,,None,5.926534461716375,13.649761741618455,4.865319399715508,0.08585193008184433,15.055976813281287,0.08904556930065155
Gaia,DR3,4652355819668837504,69.64787493176917,-74.00892734639699,16.687788009643555,2.0942516326904297,0.9815765298403334,3.635350471946827,26.99946679446276,19.82776954412832,,,2.5018386089375944,nan,,,1.0199486017227173,,None,10.813790663602756,15.50447369451734,11.196725633744904,0.052928559482097626,15.156091861714843,0.05414236709475517
Gaia,DR3,4659123283672541568,89.28139373443408,-68.33622369928275,17.035192489624023,,3.657762796026903,4.799583830871661,53.19134386815538,24.452715842871793,,,2.2343565872141786,nan,,,1.4133049249649048,,None,3.7585542540031804,15.012697593698388,5.164623112967274,0.17198729515075684,14.017034667960479,0.3303755819797516
Gaia,DR3,4659203719827965952,87.4988444165448,-68.04637803197242,19.20877456665039,2.9962196350097656,3.9268431030404343,4.664198816421176,56.736415807100066,24.51380722752098,,,2.2081301360080614,nan,,,1.044693946838379,,None,4.27234556779947,14.663431574921452,5.6584499231388,0.25853583216667175,15.855086818177782,0.2878582775592804
Gaia,DR3,4654659227814379776,75.85033036950225,-70.84096411770263,18.381330490112305,2.6924400329589844,4.649271646477777,1.6361948240314894,43.19984069828011,22.082772823981525,,,2.7289099100643748,nan,,,1.020408272743225,,None,9.630023424564499,17.35158009490564,11.481203062169339,0.16181331872940063,15.42107856593058,0.14219525456428528
Gaia,DR3,4652370873536120064,73.22214809884878,-74.23998988270262,16.634885787963867,2.170269012451172,4.756238586893892,3.018394328168118,44.916531900563236,20.038277523715053,,,2.7158768556162505,nan,,,0.9692032933235168,,None,10.51232880732004,17.544766677890475,10.841843594496233,0.046930134296417236,20.247865317092035,0.04760664701461792
Gaia,DR3,4652680832732464384,69.59169150010037,-73.32440941811865,16.61517906188965,2.0886707305908203,4.876940447295832,3.354892635743671,29.402191526679832,20.17155524041411,,,2.3548670335201725,nan,,,3.0936923027038574,,None,10.194942380383536,14.465375078356075,9.852470849530016,0.1536281406879425,12.068661927121026,0.1611357033252716
Gaia,DR3,4652320192918600448,69.21449354432887,-74.43529775158103,16.770009994506836,2.151395797729492,2.8778864519583682,3.964435230580226,29.6650476160359,19.566761041225565,,,2.5119558435535567,nan,,,1.001227617263794,,None,10.99229501978438,15.56532151769851,12.494199459583895,0.060518041253089905,15.823727121271334,0.05683271214365959
Gaia,DR3,4659886684045852160,86.07650890481867,-66.23245215607287,16.64505386352539,1.7794456481933594,4.4063094095521045,6.087523860657767,68.98099912676365,25.40145696772724,,,2.175732359605213,nan,,,6.040678977966309,,None,4.645400652018598,13.984315954978118,3.8804475222048094,0.27669185400009155,15.854981700591319,0.2528540790081024
Gaia,DR3,4659991107603574016,85.97131467018593,-65.86513757997251,17.299907684326172,2.0643234252929688,0.5511148348033162,6.423355521282894,66.57539974645417,25.588640881880284,,,2.2022016326009695,nan,,,1.0807335376739502,,None,4.734422186002192,14.070598964747948,4.482254809306629,0.08425763994455338,14.027328135787968,0.0957425981760025
Gaia,DR3,4660919301580994688,83.20390412252458,-64.64171705865553,13.511588096618652,1.0289306640625,4.685623236532171,7.361551428655139,53.122184892882366,25.99973142798924,20.77739715576172,2.946560859680176,2.5280668744583092,nan,,,2.174999952316284,,Gaia_DR3,6.409752972162448,15.599073927037562,5.53779586371161,0.03320872038602829,13.259090250518845,0.03214046731591225
Gaia,DR3,4653829410063624320,63.705960797676596,-71.54653674803512,20.09576988220215,2.595043182373047,0.43545197100766403,5.0348575075133155,48.744271005890084,20.342913196198044,,,2.6767883877974,nan,,,0.9642080664634705,,None,13.47792992852929,14.859205327972552,13.235091692230087,0.45800891518592834,14.82166430995036,0.45812249183654785
Gaia,DR3,4655751425114767744,69.6158311075144,-69.80494502448681,18.299381256103516,2.500459671020508,3.641310677332414,3.9248355010290097,67.61487104453258,21.924075919314777,,,2.132991572072402,nan,,,0.9802758097648621,,None,9.227989159688194,12.524216868381554,7.6097600714354705,0.12196902185678482,12.773632954583327,0.13281920552253723
Gaia,DR3,4654989601004621696,70.75760460731672,-70.10108481169105,14.195728302001953,1.2021265029907227,1.7400010055280362,3.434103472811015,58.77159879342328,21.91673533945591,30.353635787963867,4.035995006561279,2.169567948174474,nan,,,1.084291696548462,,Gaia_DR3,9.077106929495708,12.963660489546902,8.877278589897044,0.018006062135100365,13.733982380884596,0.023107953369617462
Gaia,DR3,4655309417141745152,74.80484730521508,-68.88269122052806,13.3258695602417,0.9343690872192383,1.615647193676554,3.440204752516575,27.371014472816686,22.98776530063689,-5.875360012054443,2.337049722671509,2.5299628812914583,nan,,,0.8997073769569397,,Gaia_DR3,9.274308862838685,15.519544762877594,9.967344058766283,0.014046404510736465,16.03161416440271,0.014474486000835896
Gaia,DR3,4655590484132004608,72.47739025877559,-68.10714342600124,17.209108352661133,2.3791046142578125,4.342449320699479,4.52860412786949,64.97542481699611,23.105230296813833,,,2.852915289749132,nan,,,0.962329626083374,,None,11.314954827460715,16.901375392430342,12.637534736305163,0.06517113000154495,14.649376916900295,0.07271737605333328
Gaia,DR3,4653248279513729024,71.88927455568218,-71.74396908199455,18.165193557739258,2.776935577392578,3.8120198015060045,2.4612031160431016,32.54222615953863,21.216268009739895,,,2.6286938305983294,nan,,,1.0184589624404907,,None,10.622476672707956,16.251794696835617,9.660856249116616,0.11518950015306473,14.37090882753428,0.13002707064151764
Gaia,DR3,4653170630804451840,69.4536171872866,-72.26954800826374,17.79755210876465,2.452861785888672,3.2602297599792527,3.191212162383196,22.838265172897287,20.689129411230216,,,2.4398857790158885,nan,,,1.0020997524261475,,None,10.604762312191776,14.769657441012411,11.98981700182233,0.10380007326602936,13.824331554090508,0.11403710395097733
Gaia,DR3,4653241751163329920,71.73253680477099,-71.82378691881091,18.7454891204834,2.0237884521484375,2.291005192363533,2.501059011885168,39.132307829357984,21.15903233108711,,,2.6811144437942827,nan,,,1.8208063840866089,,None,10.887611805269483,16.56435464796904,12.055727894887566,0.2892189025878906,16.00556684326043,0.2981494665145874
Gaia,DR3,4655158582206933504,74.3086601546684,-69.85749230552,19.66298484802246,2.6221847534179688,3.9175587878494125,2.7095626088130014,23.36449439966447,22.43744001132047,,,2.5343262734612257,nan,,,1.1062910556793213,,None,9.453889187615918,15.676940337183801,9.243296822654962,0.44941508769989014,17.759319372003606,0.4619675576686859
Gaia,DR3,4655215275802331136,76.4073060122914,-69.57229597145313,19.73133087158203,2.44622802734375,3.113820136917075,2.573436296564743,35.36776460848698,22.800889576957978,,,2.2828591862863354,nan,,,1.0588555335998535,,None,7.888364474758072,14.349013481943851,7.576350683100891,0.3153879642486572,15.814695636864194,0.394659161567688
Gaia,DR3,4653618509989792128,64.95900997494518,-71.90951588221942,13.623604774475098,1.005584716796875,3.6205726300058445,4.5887172447288185,33.2286045256721,20.335544076248723,-46.16351318359375,4.471075057983398,2.4211070993178954,nan,,,24.755332946777344,,Gaia_DR3,11.836920445813561,13.755196118524461,13.66690025749907,0.3474404215812683,13.498344213078614,0.36400866508483887
Gaia,DR3,4654051060439324416,68.47768139324818,-71.46403358845687,19.358816146850586,2.9174442291259766,1.746577253187078,3.5697006335399863,34.01484302660244,20.977391842098292,,,2.3254483773187813,nan,,,1.0514212846755981,,None,10.386923150435706,13.767356080802685,11.227110048657433,0.2757977247238159,13.932280792315476,0.26328665018081665
Gaia,DR3,4654309102075746304,63.739051997888375,-70.50258020630318,16.84598159790039,2.4400434494018555,4.783855507199107,5.332547544993827,41.496783261676065,20.823580797360172,,,2.3626221280157433,nan,,,2.100407600402832,,None,11.887026831861887,12.93480083100573,14.257328030514326,0.1490662693977356,12.692351735523243,0.16947825253009796
Gaia,DR3,4654164280075998720,67.53605309487462,-70.5970949291163,13.624212265014648,1.0258169174194336,3.065763871671761,4.132949118465479,30.760446656492867,21.282533314929005,8.474455833435059,3.8224973678588867,2.4030934671031186,nan,,,0.9998008608818054,,Gaia_DR3,11.009516569320212,13.895985880336044,10.956422240283022,0.016129059717059135,12.343789202656719,0.01821700483560562
Gaia,DR3,4654416682416470912,64.31585051387647,-70.07060639258164,17.735071182250977,2.607179641723633,4.539832435586626,5.337573125993844,47.05535668721018,21.099954769870706,,,2.302926773494329,nan,,,0.8615855574607849,,None,11.432460912926247,12.64028530590845,11.436933042533536,0.08809293806552887,14.844279096481557,0.1045931950211525
Gaia,DR3,4653501034044558720,66.59950624372202,-72.68135225242624,12.36352825164795,0.7717514038085938,0.8091022995060906,4.073822591504304,32.53330119680283,20.16452157546999,-7.290097713470459,1.5561399459838867,2.5481963860403076,nan,,,1.068557620048523,,Gaia_DR3,11.962018059117485,14.956948605619804,11.891426381331248,0.014956888742744923,14.52808154134981,0.01240937877446413
Gaia,DR3,4660679058284740224,84.04812492316152,-65.95784990666621,19.865188598632812,1.8760833740234375,4.438706529027337,6.130106485345927,54.412637668017936,25.391511130810326,,,2.2808014973221593,nan,,,0.9622963666915894,,None,5.515886924253996,14.432990880524528,4.381579016759005,0.5460138320922852,12.625186242980718,0.4693845808506012
Gaia,DR3,4652706636896989184,69.06781275429034,-73.00476347365633,14.779274940490723,1.3922119140625,4.124577800128453,3.4064037189895107,25.73519293636882,20.27843549747827,,,2.4033173664652834,nan,,,2.2009782791137695,,None,10.560400592927792,14.614050431214327,10.0547897027915,0.05377982556819916,12.586450050778137,0.058856427669525146
Gaia,DR3,4656107804316099200,65.53803970765513,-68.76666165931834,17.4251708984375,2.1195411682128906,2.195535998982825,5.699754935336471,59.42186733774106,21.865776948387516,,,2.2240207492804633,nan,,,1.1484304666519165,,None,10.721481521500444,12.195116926590533,9.934536977351282,0.08527900278568268,12.858680767027817,0.09654372930526733
Gaia,DR3,4661694246820893824,75.40321557800863,-67.23190231329471,19.785856246948242,2.888833999633789,2.469147653245186,4.903298424228913,66.73436103823451,23.885423003237047,,,2.8585262661265647,nan,,,1.0918952226638794,,None,10.255200364659775,17.228279964854583,9.546913953561312,0.44840890169143677,15.919751696011906,0.4559187591075897
Gaia,DR3,4655651365254715648,68.97407076624658,-70.2282123845451,11.491273880004883,0.8047466278076172,2.052385821525287,3.872615180773284,32.17089918245022,21.63943487498444,3.9381632804870605,15.956241607666016,2.3592814547076544,nan,,,0.9299399852752686,,Gaia_DR3,10.394162173123298,13.82456935621858,10.793021285936966,0.018294550478458405,14.76419333146504,0.014666437171399593
Gaia,DR3,4660158164679487360,82.91838429497295,-67.19041611940708,14.902863502502441,1.4569988250732422,4.441406062984724,4.830587115970658,38.120887571941495,24.649890340981106,7.887214183807373,6.078796863555908,2.5622463657370815,nan,,,1.0242770910263062,,Gaia_DR3,6.597517990210213,16.389175237861664,6.816130063986273,0.021569563075900078,18.778207279178947,0.025054797530174255
Gaia,DR3,4656840731912276480,87.82951019575147,-71.1933366739217,19.011640548706055,2.6142444610595703,3.66491646564198,2.6445323743194744,24.71042292711515,22.765545207598922,,,2.5524502215627463,nan,,,1.0135066509246826,,None,4.819256336289499,17.67563346968328,4.21012949719188,0.2401479333639145,19.55122714451139,0.2857650816440582
Gaia,DR3,4659420529807901440,85.8358647052356,-67.5204619422823,16.064706802368164,,4.479947772605185,4.8493461679772745,38.27707124271751,24.693772312409344,,,2.5628686689458866,nan,,,1.0446611642837524,,None,5.558489720984412,16.75572284483919,3.5610077037478485,0.041325539350509644,15.3887937001268,0.05140174180269241
Gaia,DR3,4659745057505213568,88.64313838095232,-66.24335719329555,19.966712951660156,2.67987060546875,3.6597930092825814,6.4657479856004105,67.94860692990878,25.562842519416172,,,2.194649460465481,nan,,,0.9833270907402039,,None,3.8907428167729727,14.283991567105405,2.4437187428411447,0.3970419764518738,13.404724783140537,0.410813570022583
Gaia,DR3,4656819944269135232,87.02370484135427,-71.58380973394034,15.349581718444824,1.4986896514892578,4.7455433491585195,2.293220875859741,29.713681524168354,22.50033079145788,,,2.3110412866466175,nan,,,1.0334281921386719,,None,4.6263949598339416,16.019169171751983,3.369559089159493,0.026092685759067535,14.078644270938803,0.03060179017484188
Gaia,DR3,4654906656579536256,72.42832245007065,-70.51062619742436,18.71307373046875,2.083831787109375,2.6459983681303942,2.738095868515753,31.88781760814499,21.90179841870744,,,2.6142793685360153,nan,,,1.3811558485031128,,None,10.384872350818952,15.999992526530935,8.952137235660107,0.2546052038669586,15.728382740005493,0.23684784770011902
Gaia,DR3,4654624352679839872,75.34222567348252,-71.32829904009046,19.113842010498047,2.7888851165771484,1.9914875263774376,1.5065843019555647,12.301638507747041,21.77765898002532,,,2.4872035321451498,nan,,,1.0199774503707886,,None,8.942920244523457,15.838245644961107,7.905095559880532,0.21189531683921814,15.953381085957158,0.2437201291322708
Gaia,DR3,4654906587872308864,72.47191791863057,-70.51857025466641,15.116599082946777,1.6078529357910156,4.3391613145002905,2.7215921207518465,36.79088942119319,21.902550690598826,8.936017036437988,4.470728397369385,2.2777938494059784,nan,,,2.8433144092559814,,Gaia_DR3,9.035555399177747,13.948568517300183,7.131867384575672,0.06459014862775803,14.795506740291895,0.06068295240402222
Gaia,DR3,4655219948728775936,76.79606101137779,-69.4520615206679,19.062335968017578,1.7292518615722656,4.377648392243163,2.6332746933507334,63.486716898608314,22.90208681561375,,,2.134776154900481,nan,,,1.5712693929672241,,None,7.266864145421371,13.443172481521389,6.221161386237316,0.337336003780365,15.112822998851557,0.4885677993297577
Gaia,DR3,4655031348087841664,70.82325033415042,-69.55060371276653,15.219554901123047,1.4611473083496094,2.94547612268286,3.7646228741258128,59.86453912645227,22.19579303629542,,,2.1698587843348496,nan,,,1.1047415733337402,,None,9.060437699184838,12.87815348762564,9.074926987476996,0.026616524904966354,11.530888041274435,0.034356739372015
Gaia,DR3,4661857837838208256,77.23986466721725,-66.94691582945849,16.08941650390625,1.7262544631958008,2.3290324464473677,5.026677668881451,65.85546895047356,24.23351779132368,,,2.16479799985527,nan,,,0.930397093296051,,None,7.241531076273227,13.21413224627806,7.3477624832539075,0.03887517377734184,12.15657433707236,0.046863190829753876
Gaia,DR3,4662107255186880256,75.46716677515246,-66.66712468534925,17.05417823791504,2.1943187713623047,4.763415098149134,5.441993031576602,55.91547762580805,24.173395763092508,,,2.2385555033469466,nan,,,1.0539989471435547,,None,8.012241134463622,13.388114326355367,6.125279425590657,0.08937676250934601,14.60977069074223,0.09275855869054794
Gaia,DR3,4660499013282480512,80.13243877985566,-66.07519133945127,19.468944549560547,3.1946582794189453,1.91940374836519,5.821771316296413,58.82952175641284,24.97680666764735,,,2.7448745817589786,nan,,,1.0319750308990479,,None,8.11498945720057,16.93874315052873,7.746385066076508,0.33438414335250854,15.8910357109864,0.39964187145233154
Gaia,DR3,4655635632793870336,69.49889651471467,-70.28789525639303,18.329259872436523,2.1409759521484375,2.7703262808168216,3.6895996513253757,56.532579015119694,21.674539646261152,,,2.798721581298716,nan,,,1.2317787408828735,,None,12.148716327369817,16.518378266433153,12.225018684853524,0.1820102334022522,14.885671520593691,0.169819638133049
Gaia,DR3,4655499529607045632,74.36744948573897,-68.8190000326006,20.171751022338867,3.1073379516601562,3.857157606838481,3.5692377968971787,58.93667809716074,22.97177168066618,,,2.822922320004369,nan,,,1.1414313316345215,,None,10.508901436166674,17.227183234474946,12.192221302079135,0.5918723940849304,15.666645815997988,0.6963593363761902
Gaia,DR3,4657514320219690112,87.50006566714214,-69.52874753112405,14.040098190307617,1.119974136352539,3.466080293535773,3.477318924756619,55.914582613174154,23.691309094461875,20.8536319732666,4.067814826965332,2.1853469221640616,nan,,,3.308375358581543,,Gaia_DR3,4.227887086857248,14.799708405227332,2.8905472474798817,0.05399726331233978,13.927189076712754,0.05167610943317413
Gaia,DR3,4657842868054510720,84.38379711978358,-68.09050275133946,15.560985565185547,1.547149658203125,1.3819773899732966,4.116918604712047,30.59268392269121,24.282426835116237,,,2.4042181367984226,nan,,,0.9644995331764221,,None,5.70212144827676,15.713959971761492,5.324179331262707,0.042395927011966705,15.12424389573744,0.032439544796943665
Gaia,DR3,4659998731151671936,86.8692374743663,-65.92780620197848,16.99823760986328,1.986710548400879,3.0553982287877397,6.481464213916712,58.708786410770365,25.618731712228865,,,2.2625445658715897,nan,,,1.137112021446228,,None,4.578556436014454,14.537057844309006,6.02395801781177,0.07879608869552612,14.351022806447393,0.07990799844264984
Gaia,DR3,4655297773521348864,74.91116871117747,-69.14222045856941,19.511734008789062,2.4922008514404297,4.586417729417029,3.1922564616703646,29.95631404467316,22.867270219091886,,,2.576872263893808,nan,,,1.1464260816574097,,None,9.410535205152133,15.880089863669301,11.892605099872075,0.2816866338253021,16.096453242732284,0.30187034606933594
Gaia,DR3,4655396484739133568,72.1316307085429,-69.44942451229997,17.4993896484375,2.606599807739258,4.608499188085507,3.5126228510855717,25.318514411759917,22.40097753192337,,,2.478275918612427,nan,,,1.0477455854415894,,None,9.938307564765767,14.904997671003573,10.780425909588441,0.09782104194164276,12.649381243240384,0.08979383111000061
Gaia,DR3,4655101300207232128,75.23308134389374,-69.89630192352882,18.539167404174805,3.024547576904297,2.9020612795342644,2.4886116009604753,24.80863286928984,22.514057482886884,,,2.561029849378816,nan,,,1.161455750465393,,None,9.244957704418594,15.992743971245517,10.048802782087726,0.21214106678962708,17.337617060029274,0.17705261707305908
Gaia,DR3,4655256709303663232,75.14379509335281,-69.41756791452693,19.000171661376953,2.360546112060547,1.6053573345786767,2.9113845713972126,50.220873710963694,22.751222680123103,,,2.205435730631651,nan,,,0.9623668789863586,,None,7.987067761897853,13.67255071390139,8.553718917164993,0.21472324430942535,14.158331528153465,0.2026440054178238
Gaia,DR3,4655191357167209088,76.25478183165613,-69.6395530043877,19.735023498535156,,3.2950701323488345,2.5345692766243277,39.92411315830853,22.750681328513444,,,2.686715569232857,nan,,,1.0217323303222656,,None,9.337982362697122,16.879390958845857,11.104823240891704,0.403626948595047,16.27831845079424,0.5063075423240662
Gaia,DR3,4655289454134726784,75.45075473888853,-69.15589768747716,16.299041748046875,2.054652214050293,2.166599400438394,3.0930002336517934,29.49215422593667,22.917748061155912,,,2.3406663032359454,nan,,,1.1536821126937866,,None,8.382752020631301,14.50166067791054,9.279320448554792,0.0440097451210022,13.919343735509063,0.05029113590717316
Gaia,DR3,4655651537055444096,69.0019759927429,-70.17966229297694,17.267074584960938,2.4035778045654297,4.62257512967209,3.8893751081230947,41.18261496739379,21.66641222066237,,,2.65402726540465,nan,,,1.1008782386779785,,None,11.683583152442726,15.546761227200214,14.268761884490424,0.08786160498857498,15.470256016457045,0.07685116678476334
Gaia,DR3,4661820660598537216,76.95521730633573,-67.38314073655054,17.605051040649414,2.572389602661133,0.17507977779974898,4.616067568400572,35.300574749706804,23.98204175443267,,,2.5382698958162573,nan,,,0.9972042441368103,,None,8.58680803520831,15.553022896821867,8.503650156628595,0.08724257349967957,15.59616737153141,0.1129990816116333
Gaia,DR3,4657233326333202432,83.91902476512571,-70.2813293326253,19.88702392578125,,2.7613494562451697,2.1003736880724633,66.5779510934127,23.049047545198864,,,2.115006433729952,nan,,,1.2578914165496826,,None,5.152855430592163,14.18889671217089,4.823753023968741,0.5959997773170471,13.002509133349406,0.8562330007553101
Gaia,DR3,4663782219381776128,75.3365263590912,-65.31696926567022,19.96868896484375,2.532970428466797,3.7184429728590884,6.769828719314134,52.75214726142925,24.818517121580708,,,2.6058675341334463,nan,,,1.0343049764633179,,None,9.371530182974599,15.248093957422945,7.418304205571599,0.5343881845474243,14.650151626670617,0.5460460782051086
Gaia,DR3,4663904956669618176,76.3823764529253,-64.73902311991337,16.11737632751465,2.1251840591430664,2.4057638365262823,7.262186852332014,51.8902174498463,25.22731296511229,,,2.503292158981357,nan,,,1.2418102025985718,,None,8.658308539801924,14.660714475480564,8.093352511175627,0.05437471717596054,15.797651872690318,0.05581071972846985
Gaia,DR3,4663147908554001408,71.63071432342466,-64.9915491746237,20.06651496887207,2.232351303100586,3.6985552742202454,7.508164788407656,61.561426490691815,24.47839575379185,,,2.2964939898445507,nan,,,0.9949928522109985,,None,9.35534839416575,12.852899621345106,10.484122059994514,0.4892561137676239,11.462945302274512,0.3994262218475342
Gaia,DR3,4663014420974062976,71.63371091299504,-65.47712065424453,16.52056121826172,2.162607192993164,4.883420396943868,7.052370979132967,56.94468016207773,24.253091230439345,,,2.644880273677565,nan,,,1.0276392698287964,,None,10.77358434370457,14.918453661269446,8.501808489542578,0.045802466571331024,13.417497697272717,0.04501930996775627
Gaia,DR3,4661629345576443008,73.23807855530106,-67.46920008476319,15.721773147583008,1.6919546127319336,4.155379824430279,4.966913873566005,54.326560500543394,23.51095520644368,,,2.232460798123815,nan,,,1.0075773000717163,,None,8.636600997657354,13.210927583101068,10.047052413714294,0.03632248938083649,11.856268526437965,0.03307107836008072
Gaia,DR3,4656263075980732288,68.8626463302445,-68.41325287181566,17.373750686645508,2.3853530883789062,2.7097499296464824,5.069077659981662,65.10763265304028,22.49337446797217,,,2.8376027692154993,nan,,,0.9926629662513733,,None,12.540404164530315,16.186133367275353,14.06217123191056,0.08145013451576233,16.744464968421983,0.10740742832422256
Gaia,DR3,4656462946569408768,67.35028405179823,-68.34135262422518,18.920534133911133,,2.8495982878675634,5.50165459298287,39.36744996298411,22.318922616047438,,,2.4870851227569952,nan,,,0.8801079392433167,,None,11.450263467336805,13.896618826723317,9.956628811901613,0.2864701747894287,13.931913626773028,0.4180627465248108
Gaia,DR3,4656498607683974272,67.70394589958262,-67.93072213994176,17.376279830932617,2.3317813873291016,1.5610656179930262,5.715904041521199,56.87443422699763,22.55855954894507,,,2.7291858896412187,nan,,,1.0081408023834229,,None,12.447874768391872,15.228419241840724,11.760696275095313,0.08692952245473862,15.806733100496391,0.0769912376999855
Gaia,DR3,4656624746580843136,69.04539059670094,-67.25881526766304,17.00090980529785,2.4506664276123047,3.0396434088757713,5.94060756491733,59.91355899455109,23.059366201457227,,,2.7507501382694715,nan,,,0.9909981489181519,,None,12.094657610430396,15.46022748263668,10.9120197983556,0.059929508715867996,16.76724262596582,0.07011164724826813
Gaia,DR3,4654713997243495552,73.05096676371264,-70.66968632899872,17.503644943237305,2.4994735717773438,4.240274103481208,2.4778287048113583,48.90194282876548,21.888230615664646,,,2.760731961648239,nan,,,1.0244909524917603,,None,10.746652002527137,17.042991894046324,8.479741025962845,0.10215095430612564,18.018254983478105,0.12300874292850494
Gaia,DR3,4663537170061477760,77.95576145037633,-65.64607050475496,17.87491226196289,2.4949417114257812,3.391716493153382,6.283108675771939,54.87857782462338,24.964726960901412,,,2.2850335521943492,nan,,,0.9486520886421204,,None,7.425630270159694,13.765046804073993,8.87947954472295,0.11320700496435165,13.019606965819246,0.11710958182811737
Gaia,DR3,4663920487271474560,76.17627199047972,-64.54007068200691,17.564298629760742,2.4341278076171875,3.1918337647323547,7.471982398478037,55.15327489680106,25.298109732818983,,,2.3826018686217156,nan,,,1.1003543138504028,,None,8.305674202258071,13.882900533352837,9.833406197374229,0.11613491922616959,13.396865436921248,0.11545389145612717
Gaia,DR3,4663921243185718400,76.16089969951835,-64.53566866563352,19.762771606445312,2.5620689392089844,4.0817980715381585,7.477325801277305,69.93125564877887,25.29832502785862,,,2.783502339725322,nan,,,0.9984386563301086,,None,9.708842258549002,16.215367556833765,11.712508637365705,0.4258343279361725,17.52765922844206,0.3879684805870056
Gaia,DR3,4663974878733890816,75.27698667884638,-64.41112798528097,18.665843963623047,2.1159744262695312,2.2204767906156526,7.663553531540301,62.780830067741604,25.246282179766595,,,2.294430251286888,nan,,,1.0808666944503784,,None,8.269387609265824,13.226408692718275,7.871177718459421,0.277279794216156,12.228937868961049,0.288534551858902
Gaia,DR3,4664101116419664896,78.5184181236506,-64.10895447100184,16.556503295898438,2.06732177734375,2.655951638942101,7.800210581686584,55.592124569714095,25.78705349225495,,,2.4448269280617843,nan,,,1.091973900794983,,None,7.760629677593227,14.446348142299675,9.128492748621495,0.05704773962497711,14.498627577168897,0.059962861239910126
Gaia,DR3,4662258025685825664,76.22133116358802,-65.66004524551968,19.946697235107422,1.7919979095458984,2.609872635146261,6.3635853685614485,60.936997993684194,24.758734993356843,,,2.239566905416072,nan,,,1.0566751956939697,,None,7.793750062562146,13.286171734034648,6.743357666060527,0.6007038950920105,12.642007998582699,0.8527175188064575
Gaia,DR3,4658127813432183936,80.95507658251272,-68.78870815344277,17.002599716186523,2.1265573501586914,1.7058109412056952,3.1322110490685353,52.149096915887725,23.63529754509327,,,2.199061569522749,nan,,,1.0982083082199097,,None,6.255113486313681,14.189194884889003,7.039802581228993,0.08587316423654556,14.091177995846856,0.08253998309373856
Gaia,DR3,4657314651478586112,88.94000563570164,-70.39196238461717,18.792776107788086,2.5113162994384766,4.904123372422308,3.3192334902850966,32.818648067693694,23.27824140135994,,,2.599045627744186,nan,,,1.038376808166504,,None,4.498133013300751,17.90783848393368,3.090306613258736,0.2522740960121155,20.196497119276838,0.24369777739048004
Gaia,DR3,4661589041614014080,73.45077712020716,-67.96119812876346,18.77406883239746,2.937997817993164,4.314014025770152,4.486887554156988,32.55757135864162,23.294661090064768,,,2.4195633980044184,nan,,,1.0284051895141602,,None,9.29420443093711,14.452747204726025,10.362658905706276,0.18280208110809326,16.376376255620308,0.17693446576595306
Gaia,DR3,4657020119918450432,85.80965452956418,-71.19695234720506,19.600425720214844,3.015451431274414,4.6858973097184595,2.034879024456098,16.282184450536597,22.654101011565896,,,2.4966523200391704,nan,,,1.0354756116867065,,None,5.424049845221377,17.120813286284136,7.8492090212116095,0.409483402967453,16.67233437740166,0.429426372051239
Gaia,DR3,4657098253852206848,83.4352065763937,-70.8571385522628,18.254150390625,2.8458118438720703,1.1199953995714285,1.5646529954954733,18.813675109150815,22.695861898381047,,,2.362864789387158,nan,,,1.091661810874939,,None,5.9152517010356895,15.919799142341002,5.90039380533159,0.1384010761976242,16.477488482757394,0.15525968372821808
Gaia,DR3,4663214532078997248,70.36066392891661,-65.38904958401879,19.10007095336914,3.1063270568847656,4.006464025140387,7.334159819848616,62.58662790469604,24.111967133571092,,,2.2751324353737714,nan,,,0.9094252586364746,,None,9.631902699570798,12.624087303355761,7.723930411770072,0.2040698379278183,12.395779388101072,0.3100595772266388
Gaia,DR3,4666194380390277120,59.09832178928207,-70.27732620565887,11.738604545593262,0.8108005523681641,4.805269473952426,6.855304833628473,52.131613733955476,20.239485201168982,23.146623611450195,0.5838137269020081,2.585605497243742,nan,,,0.9262463450431824,,Gaia_DR3,14.352597110312388,13.067166544680816,16.46389165707823,0.013305777683854103,14.617240056755723,0.012537256814539433
Gaia,DR3,4666415515370647168,61.09031147008765,-69.93504101895057,17.35610580444336,2.5892562866210938,3.8320674887505084,6.38365052845509,49.191607456244725,20.689964759365417,,,2.3548862548714955,nan,,,0.9977366328239441,,None,12.556631402558288,12.259390770717372,14.116217663335929,0.08283226191997528,11.170036662244119,0.08850520104169846
Gaia,DR3,4667290937080450816,54.684157647666126,-69.07576509084855,17.33852195739746,2.898571014404297,2.8492813418001415,8.764726325925078,64.37183805396647,19.98299274134906,,,2.5848346368796338,nan,,,1.0568456649780273,,None,15.53883942715333,11.753089535472604,15.008325672519307,0.08143522590398788,13.212239965436346,0.08551626652479172
Gaia,DR3,4667271558187890304,53.06678569768566,-68.87867373014313,12.892037391662598,0.8009738922119141,1.499577719427358,9.36461561718191,67.89917015457874,19.763267923494205,17.59029769897461,1.7850008010864258,2.398925799888969,nan,,,0.9890866875648499,,Gaia_DR3,14.80499458286029,10.488103838948735,15.539163102532807,0.017717866227030754,10.298075060920445,0.016923677176237106
Gaia,DR3,4666814500652123520,59.697479268377975,-68.51723732402343,18.495941162109375,2.6270313262939453,0.5682938940127265,7.541143581373614,53.573548554852636,21.06596220097469,,,2.4727947819969343,nan,,,0.9381738305091858,,None,13.565365199562324,12.299660188736247,13.845202173122841,0.13795575499534607,12.202434103021558,0.17076990008354187
Gaia,DR3,4662881238321912064,69.37741944907152,-65.56020313995472,19.209394454956055,2.8575191497802734,3.761202866089655,7.349351332787045,56.40249350783024,23.888732398972614,,,2.6073071513314887,nan,,,1.028971791267395,,None,11.357037118604566,14.331838353278963,9.787861385856116,0.2369196116924286,12.985900086872906,0.2496739625930786
Gaia,DR3,4657308913401733632,88.36102253351233,-70.4854411363914,19.11455726623535,2.7991466522216797,0.9953097116705595,3.1049567524958515,24.198943985753,23.1965692317656,,,2.3955238025813315,nan,,,1.0075328350067139,,None,4.3426953767751755,16.4842847183433,3.8547539026535653,0.2481224238872528,16.604916124052927,0.32760870456695557
Gaia,DR3,4657474909597372800,89.49233044913194,-69.43640913382623,19.57866668701172,3.062946319580078,3.2196336235855543,4.0434309248478835,67.36806397428458,23.846860428864897,,,2.8877903501612234,nan,,,0.9862233400344849,,None,4.771071635581704,19.702167848786324,3.34637261330163,0.3745952546596527,18.356076185778825,0.36889585852622986
Gaia,DR3,4657596229632990208,85.67985214677645,-69.62682518846314,18.811796188354492,2.9915428161621094,2.5302440598117877,2.9875822582832607,51.384109868812835,23.528167696204488,,,2.200565905025845,nan,,,1.0543755292892456,,None,4.820822627707346,14.786387335450163,3.996588820552291,0.18506279587745667,15.622094809644818,0.223520889878273
Gaia,DR3,4658067134076786816,81.20582113039607,-69.50762271803517,19.985336303710938,,1.6118370510840503,2.4345330178533633,17.355627349910183,23.27018878976861,,,2.4563747656593047,nan,,,1.0317091941833496,,None,6.902905333541373,16.03036740258936,6.117440077128274,0.7628431916236877,15.74806698217952,0.5433250069618225
Gaia,DR3,4658227525384848640,77.67347832841317,-69.3463951312878,17.60457992553711,2.033977508544922,4.929173447279399,2.641805876650392,25.267098918370355,23.042771295034637,,,2.558117739338351,nan,,,1.0829027891159058,,None,8.409501829788015,16.208876751635387,8.46928413418424,0.11933136731386185,13.551359585130914,0.10704820603132248
Gaia,DR3,4657326578610573312,89.16202512307689,-70.28586352945392,14.045424461364746,1.1003360748291016,0.4444455575960731,3.4385642653742567,24.756396983407825,23.34931156230329,4.127496242523193,2.9309208393096924,2.4322624799638333,nan,,,0.9565199017524719,,Gaia_DR3,4.132747370399891,16.75174586731311,3.973218319632626,0.017946062609553337,16.589009423258315,0.019074857234954834
Gaia,DR3,4657338329641093120,89.14852519495396,-70.28955163172274,15.719282150268555,1.738861083984375,0.7746554096833284,3.4327452672456094,27.257035598196854,23.346569468613012,,,2.3835548938743214,nan,,,0.9583799839019775,,None,4.054560776623048,16.416138452956368,4.404949302415045,0.037275850772857666,16.246606939562646,0.03835463151335716
Gaia,DR3,4657534764265457792,88.13595351974058,-69.2365753223213,17.171667098999023,2.405902862548828,3.546161064273604,3.8437094220781547,36.759124517391086,23.889953978698497,,,2.612682499759379,nan,,,1.12960946559906,,None,4.819674726135038,17.67815244413177,4.827792842831909,0.0825451910495758,15.725015700371731,0.10523926466703415
Gaia,DR3,4656949514851963776,87.70649121298942,-70.78951824880725,10.15462875366211,0.319244384765625,3.270079845306544,2.7672536398376897,28.92186406516289,22.98999312899721,4.747247695922852,2.0953030586242676,2.5868725005782474,nan,,,0.9980515837669373,,Gaia_DR3,4.929245776376589,17.816055981661908,5.509208459065568,0.026606881991028786,19.50241486267766,0.02644529566168785
Gaia,DR3,4665801201904011904,58.57844930411977,-71.88802101588564,19.467281341552734,2.6260242462158203,2.570297216393667,6.552169773704706,69.55133682985966,19.48348694175855,,,2.1872542378387663,nan,,,1.0677043199539185,,None,12.263871940308988,11.206860058589314,13.356351383126583,0.3384232819080353,11.666286952757426,0.3630911409854889
Gaia,DR3,4666087143646773504,56.13446730468024,-71.06742416689032,16.288984298706055,2.0758590698242188,1.8772217665709205,7.502557893743814,62.45914393526634,19.452996963984734,,,2.6870518778930172,nan,,,0.9780731797218323,,None,15.756921732689207,12.986181777774952,15.962140243333614,0.04336192086338997,11.94280576578598,0.040580689907073975
Gaia,DR3,4655452181879048064,71.3204314364689,-68.86925218404583,19.6657657623291,2.3331432342529297,2.751449274641808,4.140521388644623,29.48182414245959,22.59024626116417,,,2.452031059276664,nan,,,0.9701904058456421,,None,10.085159132031203,14.497547767193371,9.207095638121917,0.42553484439849854,15.616398093197907,0.48861902952194214
Gaia,DR3,4655584329406659712,71.76780307469839,-68.31138853018084,12.111268043518066,0.8755149841308594,4.784935494501539,4.493434433652854,67.77579810496923,22.917940788422626,4.433896541595459,1.0782493352890015,2.1426490708006933,nan,,,4.660415172576904,,Gaia_DR3,8.691403779653536,12.63182211348523,10.846935990872343,0.06727588176727295,12.473798426508393,0.07865403592586517
Gaia,DR3,4668130482928125056,64.81680456992568,-68.3260253192005,8.542885780334473,1.2469167709350586,4.64596498119347,6.187490030818498,58.01941916225425,21.95785377504251,75.98218536376953,0.1260840892791748,2.7173048800883848,nan,,,1.0426077842712402,,Gaia_DR3,13.330412051164508,14.648552293421954,14.329340237812524,0.019003262743353844,12.181764049626615,0.016893930733203888
Gaia,DR3,4658423715210905600,83.42699038010453,-68.99989129417628,20.030656814575195,3.085195541381836,0.44383720932520276,3.14255104334117,54.21213993380713,23.71845041950373,,,2.188304365766924,nan,,,1.1525862216949463,,None,5.480742945302697,14.395669490671843,5.512791384566364,0.5535251498222351,14.19344378797168,0.5826547741889954
Gaia,DR3,4657554143149777664,87.04199021412529,-69.0471884635393,18.628768920898438,2.9216175079345703,3.823225695442236,3.74001169706794,47.878669782211645,23.933635207300608,,,2.7207176457453426,nan,,,0.982697069644928,,None,5.439499483583518,18.27048306316201,4.107505809400971,0.1531093716621399,20.0124046493208,0.15452249348163605
Gaia,DR3,4657599051358570752,85.33641448459235,-69.5682552439578,10.396169662475586,0.6071014404296875,4.429184757117609,2.9627881764437256,60.44635605061924,23.53874752482441,23.978899002075195,0.5936648845672607,2.8488333730062307,nan,,,0.8934558033943176,,Gaia_DR3,6.377951201308552,19.09242324120952,5.644258638795101,0.015794819220900536,16.535606458619824,0.01817912608385086
Gaia,DR3,4658157186737390976,79.07236843690751,-69.69730503029393,19.225549697875977,2.164766311645508,3.1501091599511173,2.210067015507917,48.58793483568492,22.98663761958365,,,2.2032529881487712,nan,,,1.2476353645324707,,None,6.829641189982576,14.186821785605753,7.765831292234237,0.35100874304771423,15.311224456598994,0.5227664709091187
Gaia,DR3,4657897740597575552,82.50656290170022,-70.16152631647965,18.202566146850586,1.9175987243652344,3.602139025613912,1.9487185465655166,15.57972168375611,23.014991199509225,,,2.494382065042023,nan,,,1.579396367073059,,None,6.564460014587308,16.562028603321313,5.7208872147325,0.2267177551984787,14.866093602085233,0.2927429676055908
Gaia,DR3,4658184232100419456,79.19694853639582,-69.45972441312695,14.975031852722168,1.4797544479370117,4.565799624748764,2.443096373141664,34.12951824039416,23.124189632006594,,,2.6421517246179844,nan,,,0.9679220914840698,,None,8.145760270744304,16.97626537594048,6.199098588110013,0.026135487481951714,15.339824261300038,0.027598639950156212
Gaia,DR3,4657127979373890688,83.7290387234826,-70.61069577050249,18.615337371826172,2.173807144165039,3.3234714440727178,1.8079732806228082,13.324248591883125,22.853068738333942,,,2.47162625904457,nan,,,1.1858426332473755,,None,6.086868783249936,16.631216114517727,6.002491360385049,0.21958552300930023,14.901599322713775,0.20642605423927307
Gaia,DR3,4666613255665008896,60.282555679125004,-69.67533139870348,19.384597778320312,2.746389389038086,2.642416436333232,6.750579577024143,51.30681258525645,20.676797689098876,,,2.3610281432382054,nan,,,0.972934365272522,,None,12.800731293075987,12.076694897812303,14.089729579062755,0.23991821706295013,12.337941650480188,0.2705274522304535
Gaia,DR3,4656223493560719232,70.6932633424577,-68.51143094779799,15.734904289245605,1.7099065780639648,1.1205835848434968,4.562338557222605,42.50862964723285,22.685912306409353,,,2.3022815693871896,nan,,,0.9795593619346619,,None,9.650946587175529,13.44600336498023,10.15458514618903,0.031042229384183884,13.651286772547627,0.0329158678650856
Gaia,DR3,4656299699156862976,69.03399150551861,-67.95781368733117,20.17165756225586,2.655099868774414,3.907779051007192,5.377644602985085,51.27243984787481,22.7310595695995,,,2.269891883504183,nan,,,1.0641064643859863,,None,9.98358200157407,12.88953902415866,11.055913537194623,0.8331238031387329,14.421453350321693,0.8819873332977295
Gaia,DR3,4668233974459950720,64.30818176026784,-67.72777503727875,18.564828872680664,2.6291770935058594,3.113115751737794,6.737558260368005,54.7602211871661,22.144765933554268,,,2.639642349372637,nan,,,1.1648918390274048,,None,13.106383100818238,13.994424206019168,13.755698631216028,0.18457040190696716,15.600466210292954,0.19911694526672363
Gaia,DR3,4668220849039884288,63.89462868581256,-67.80717645574937,14.246003150939941,1.240438461303711,3.472666015220321,6.793296799626381,49.845526945214175,22.045433471030396,14.050704956054688,4.34340238571167,2.544687992456195,nan,,,0.9268028140068054,,Gaia_DR3,12.757215062215204,13.422621358319192,14.057133343523022,0.01880495622754097,12.088230840478566,0.01994684338569641
Gaia,DR3,4659067895789459968,87.0087786203663,-68.6476419265404,17.82378387451172,2.6825923919677734,4.702197700195908,4.0591337825865255,43.7161847513111,24.153038533653767,,,2.2727708255312953,nan,,,1.0906163454055786,,None,4.554564178919234,15.179533503730829,2.6950804959641346,0.11720860749483109,16.4515465979908,0.10318746417760849
Gaia,DR3,4664195536970855936,79.3561156306384,-63.83425342995836,20.182491302490234,2.464723587036133,4.525174964667774,8.06271945022862,57.47258374385952,26.01634862156106,,,2.505179146392798,nan,,,1.0525327920913696,,None,7.669660206017822,14.839958761149978,5.505140708730131,0.5329207181930542,15.852925868498897,0.5905815958976746
Gaia,DR3,4658396399239449088,78.39304508096028,-68.29546332524833,19.59559440612793,1.8328914642333984,4.010681654469684,3.6301398938161658,37.338709881127755,23.661126109199582,,,2.6285045636845537,nan,,,1.195089340209961,,None,8.387895484543245,16.517072999717048,6.550279014094418,0.4080508351325989,15.267218350708633,0.48953449726104736
Gaia,DR3,4663580497686838656,76.54771999014966,-65.46897147888309,20.30858612060547,2.3321914672851562,1.5374821562389287,6.530027308630446,56.107474308500414,24.891158559537736,,,2.287946156047135,nan,,,1.0084630250930786,,None,7.863478881238132,13.574261827201495,8.118986292022353,0.5956780314445496,12.87810849155332,0.5274922251701355
Gaia,DR3,4663937083025558528,76.96350338968462,-64.45268430725973,13.764009475708008,1.2814579010009766,4.810200897136743,7.513513982093408,56.11683136475147,25.436664845979845,44.335960388183594,2.512629508972168,2.581393433051489,nan,,,17.829853057861328,,Gaia_DR3,8.729854297233056,15.130074172347761,10.4039314181074,0.23787379264831543,17.14240299245553,0.20733879506587982
Gaia,DR3,4658053115340882176,82.78555339849437,-69.24416408066101,17.564252853393555,2.2128982543945312,4.485580743490305,2.8341591074243553,30.93617190393349,23.53734357165337,,,2.6023576092212326,nan,,,1.0799930095672607,,None,6.748516649038604,17.105417007665974,8.133959298055347,0.10926957428455353,15.07167580232091,0.11102934926748276
Gaia,DR3,4658099702781967104,81.40096349479354,-69.27260144873864,19.07195472717285,2.5593528747558594,4.479873105298251,2.678244124739041,65.08506649260559,23.41287258802436,,,2.1276949188893,nan,,,1.204927682876587,,None,5.92246189353414,13.861391039542132,5.446559490808287,0.24365194141864777,15.813621784485981,0.26677682995796204
Gaia,DR3,4667522143760263680,56.66082852320703,-68.40730067833998,19.224428176879883,2.6886730194091797,3.230108721604406,8.51681464188067,61.69119401591324,20.58886414949471,,,2.554764003294223,nan,,,1.071359634399414,,None,14.842013305679941,11.974359968282863,13.19707117004667,0.25550875067710876,12.540496559146886,0.2378123700618744
Gaia,DR3,4656903747677656320,89.19310460712386,-71.09155172365124,17.842845916748047,2.391141891479492,2.5977209926756526,3.0941189703096246,66.80341333431011,22.889323619626406,,,2.124581609102129,nan,,,0.964235782623291,,None,3.6005679399909596,14.78020431626288,4.296113473365317,0.0991256907582283,13.847524535628754,0.10370703041553497
Gaia,DR3,4658652383486118144,81.64702923551822,-67.70380947330767,17.204998016357422,2.3398971557617188,4.662522218108,4.241104276188537,61.11043086647486,24.27095436572851,,,2.8251785641972558,nan,,,0.9484200477600098,,None,7.768705819322126,18.04747569254051,9.145429122581323,0.07286029309034348,15.635892926277016,0.07610524445772171
Gaia,DR3,4669204018593046016,58.71304683089456,-67.14150568297381,16.406904220581055,1.966604232788086,3.2521356045288106,8.697593114213712,61.757853908409146,21.450733243446017,,,2.466745820943647,nan,,,1.0200300216674805,,None,13.795311308122077,11.786522143651014,12.224465787553637,0.04115977883338928,12.412990009440149,0.053272794932127
Gaia,DR3,4669465358763622272,57.055888853206184,-66.62180671216723,11.303525924682617,0.5805149078369141,0.9369342273911355,9.527864711731576,68.32603059739675,21.346239970922305,26.005512237548828,4.197783470153809,2.54813650029624,nan,,,5.012604713439941,,Gaia_DR3,14.698506178962294,11.686032728501608,14.273116541892058,0.08804584294557571,11.955012431324471,0.08736200630664825
Gaia,DR3,4659604178293076224,88.60115500471085,-67.00998415159847,20.008390426635742,2.7217674255371094,4.812938886489934,5.773457361026358,52.586352108274596,25.145331165818035,,,2.6788744411213132,nan,,,1.0171610116958618,,None,4.7651482123557125,17.62410642424568,5.5851039537292095,0.5598897337913513,20.215506003882908,0.4614660441875458
Gaia,DR3,4666007493477018752,59.826994933119785,-70.35472509624637,19.674867630004883,2.394960403442383,3.008849975783875,6.599129005239122,61.01885013787648,20.318811850499962,,,2.249588234522807,nan,,,1.1041812896728516,,None,12.309045541241963,11.530463587119971,11.496937812610916,0.40115246176719666,10.357204375791516,0.3731844127178192
Gaia,DR3,4666246538473040000,57.16000803271953,-70.10157779986841,9.70468807220459,0.8517818450927734,2.2518894595794805,7.527394804858517,53.61676873996397,20.0042271960129,,,2.494970429081993,nan,,,0.8837005496025085,,None,14.364615557401196,12.127588615833998,13.747536666175865,0.013609381392598152,11.116622859325858,0.01376281213015318
Gaia,DR3,4660316563050661504,82.30377568870085,-66.61418584977123,9.85536003112793,0.5137090682983398,3.850065399033523,5.355978493378602,61.18019769676452,24.900763838357324,21.107492446899414,1.2353798151016235,2.2012166068176007,nan,,,1.1914204359054565,,Gaia_DR3,5.854395809363219,13.907333340568544,4.07578667237625,0.0407092310488224,13.73876990145546,0.04273291677236557
Gaia,DR3,4660396380699988352,80.74338523128779,-66.76588029000936,19.803377151489258,2.7877578735351562,4.921203191542879,5.141008583923229,61.23355700741622,24.680478172960118,,,2.7975069269091017,nan,,,1.0337940454483032,,None,8.038123785500886,17.51986360661649,7.15572438695526,0.33559203147888184,20.28471186112693,0.36269411444664
Gaia,DR3,4660983141973095040,81.69931024957634,-65.10099117295383,19.875934600830078,2.9228363037109375,2.3577343279698555,6.830421526095514,58.98535822001641,25.626109818260115,,,2.689521730237173,nan,,,1.0338521003723145,,None,7.376400020613959,16.543942442560994,7.3735911388828175,0.4428114891052246,17.880723472613614,0.4211537837982178
Gaia,DR3,4658408876063306752,78.23424690805524,-68.08107222850452,17.0770206451416,2.447580337524414,3.996548613935149,3.850091775045374,30.20371231172033,23.756719868802474,,,2.534196855241678,nan,,,1.0510139465332031,,None,8.14088760822764,15.856155364242653,8.522073939877812,0.07194192707538605,17.95694527465186,0.0755443349480629
Gaia,DR3,4659681973031204736,89.59340906436366,-67.08450109682214,17.05459976196289,2.0658721923828125,3.319538377199266,5.900413922972478,64.25953205207522,25.159356945680038,,,2.199186939304342,nan,,,0.9839903712272644,,None,3.601749538817468,14.543366859361624,4.5741063390097,0.07447569817304611,15.736246474728404,0.06359998136758804
Gaia,DR3,4659797834068100096,87.95995403652765,-66.047119818994,18.377952575683594,2.8568038940429688,2.7889326974077537,6.532364260725022,54.58844410438946,25.626571234989157,,,2.6534450413329,nan,,,1.0753874778747559,,None,4.960977678712133,17.168318173228002,3.478579149156821,0.17575150728225708,16.682251378178577,0.16804499924182892
Gaia,DR3,4658779548884538368,78.82605643814814,-67.84541801721684,19.383548736572266,1.986673355102539,3.8853473015244857,4.062939627025955,39.05207802396899,23.937094294472615,,,2.3072038217235784,nan,,,1.6728399991989136,,None,7.228387815392567,14.45823761612905,5.391799069228082,0.578614354133606,14.903369356542063,0.5454084277153015
Gaia,DR3,4659388742739070720,84.55341429438728,-67.45732859575119,19.01674461364746,2.0815353393554688,4.607279632147063,4.735693125857548,46.05026886199758,24.636033632519272,,,2.282066903008759,nan,,,1.8673925399780273,,None,5.358510469476702,14.800215471209698,3.6295340308678936,0.4059145450592041,16.187094675045554,0.470584511756897
Gaia,DR3,4669197760825291392,58.7331904644012,-67.20161315700904,17.709415435791016,2.5712337493896484,4.103877763273539,8.651375386911917,62.08784661377415,21.430570074204056,,,2.4227335991489807,nan,,,1.0509134531021118,,None,13.543924011533598,11.592109474035983,11.456224761488912,0.09090325236320496,11.778469460293877,0.0989142432808876
Gaia,DR3,4675469585605030400,69.08191765267458,-63.63566821940673,14.02398681640625,1.045048713684082,4.808176487550908,9.165123137649879,65.20572946299804,24.702856666183454,15.519972801208496,3.687920570373535,2.5120544168687013,nan,,,18.795534133911133,,Gaia_DR3,11.033831575575716,13.32455806824484,11.059944040260705,0.33214882016181946,10.778443668718218,0.3251230716705322
Gaia,DR3,4669843590763691776,62.32951842763986,-65.1301767228919,16.939016342163086,2.5254859924316406,3.053141640576186,9.237927694098515,65.84912895914435,22.91131552099513,,,2.522314377330008,nan,,,0.9736051559448242,,None,13.097815094141517,12.42321889605726,12.242541168077288,0.06213140860199928,11.043335234000764,0.06116406247019768
Gaia,DR3,4660877554497798912,83.03754022582393,-65.11269059743941,17.141895294189453,2.1133289337158203,4.64826617668827,6.885312240754868,62.19703497732952,25.74366312276858,,,2.7256928406341285,nan,,,1.1549656391143799,,None,6.973510961434874,16.92252640962539,4.357836046306744,0.08880184590816498,16.38215287471867,0.08823733776807785
Gaia,DR3,4658737556956761728,80.73406739096362,-68.03815991173025,18.892724990844727,3.176025390625,3.8692511810058074,3.8714012892126224,63.19659017644695,24.014383195979665,,,2.8538041214179013,nan,,,1.017357349395752,,None,8.203507376035999,18.19668988157376,5.928042107595186,0.20700742304325104,18.687433229412154,0.23875389993190765
Gaia,DR3,4658864657964915200,80.04981952839147,-67.36383888886186,19.9990291595459,1.723855972290039,2.8852678046303217,4.532732772108699,53.21803919280384,24.30480425815729,,,2.225885510861439,nan,,,0.9951821565628052,,None,6.605598705174111,13.987540118590557,7.8178619871574995,0.5252562761306763,14.590374698744707,0.869293212890625
Gaia,DR3,4659121050307592704,89.28769744859271,-68.41705763655476,20.285465240478516,0.26981163024902344,2.575785371549293,4.737471938388585,51.548477780379265,24.408077706812158,,,2.7187104806334847,nan,,,1.0179963111877441,,None,4.570879537560112,18.28731821119574,3.305465160134516,0.6276478171348572,19.047634578136023,0.6011455655097961
Gaia,DR3,4659475264875526912,85.54252656092044,-67.3459386561862,16.986467361450195,2.064851760864258,2.418581516737952,4.968974002178014,50.02309310173509,24.76759486974127,,,2.2621244898722734,nan,,,0.9518952369689941,,None,4.999186385097696,14.730132066720499,5.465610158743549,0.0763617530465126,15.784983021815954,0.07547876983880997
Gaia,DR3,4658807620774843392,79.4787289951644,-67.6426274591438,19.83563804626465,3.0013866424560547,1.7773617827419486,4.25406290954566,36.826091856253775,24.10553609150152,,,2.3362074333628904,nan,,,1.0155022144317627,,None,7.113653355215482,14.67417219865238,7.381840982890644,0.3632745146751404,15.507419921364434,0.49761953949928284
Gaia,DR3,4675314137852984704,68.52621486222019,-64.55098456574622,19.873811721801758,2.0614852905273438,3.848688888356637,8.415332850742248,64.73252926424652,24.21057490964801,,,2.3324023115501475,nan,,,0.9946361780166626,,None,10.404110743751666,12.473800628864872,8.617709900087897,0.3358611762523651,13.098189417945045,0.4362586438655853
Gaia,DR3,4659420529807901568,85.83442212683275,-67.52034620892249,13.787378311157227,1.109792709350586,4.472794254036738,4.849238514740915,37.36475985605252,24.69373593325151,42.06915283203125,6.883885383605957,2.5482898816017263,nan,,,1.0455402135849,,Gaia_DR3,5.527385836345847,16.66025311099334,3.5075746462071216,0.014745370484888554,15.358773651757494,0.016797475516796112
Gaia,DR3,4675138323367561728,64.73456398550178,-64.5569658521349,17.409648895263672,2.4600563049316406,4.487799004079705,9.162976318217286,68.39250692728992,23.575873560906604,,,2.357045674279027,nan,,,1.0251590013504028,,None,11.585796105443276,11.946283664676313,9.816102387577008,0.07623416185379028,10.589520712133593,0.07944224029779434
Gaia,DR3,4659582359862210560,89.65165060527701,-67.24862123483858,19.8629150390625,2.7041664123535156,4.033438495784804,5.772356046239728,68.50963452580106,25.072500849417448,,,2.169264573784968,nan,,,1.0377570390701294,,None,3.5347536049375727,14.381729785215937,2.7668553456563005,0.39213094115257263,12.704672214238293,0.43957963585853577
Gaia,DR3,4660852197009932416,84.2592110889717,-64.97640158311631,16.897682189941406,2.3394203186035156,4.63309798572624,7.108488238689536,52.37039831948798,25.919366653506067,,,2.555854932794168,nan,,,1.0170680284500122,,None,6.106069492618981,15.95718371571829,4.097720934937049,0.06882238388061523,14.474580132738534,0.0734509825706482
Gaia,DR3,4661240840040551552,76.63820287229402,-68.99315340035592,17.3077335357666,2.2367782592773438,3.2127250403616148,3.084699967099601,52.046154637436445,23.12445996510324,,,2.774417128939592,nan,,,1.0065820217132568,,None,9.502226783602982,17.33885639562031,9.377024261081898,0.07637321203947067,15.463989631963772,0.10006538778543472
Gaia,DR3,4755972013070278144,89.00960053106749,-65.1207057765392,12.761894226074219,0.766840934753418,1.447824238408211,7.554354449980801,64.8166647240264,26.18472340822891,19.741636276245117,1.8789151906967163,2.2674944582246,nan,,,1.1228066682815552,,Gaia_DR3,3.9019036792472246,14.538689143197459,4.48265010622827,0.019339434802532196,14.162256031042116,0.01602892205119133
Gaia,DR3,4660026459461320704,85.99264058109422,-65.48991984448483,9.649670600891113,0.3086385726928711,4.245500358188169,6.7847248433922775,56.89521189224659,25.78801582485131,6.242717742919922,1.2779550552368164,2.295996862553916,nan,,,0.9468136429786682,,Gaia_DR3,4.9291992084430785,14.590081485004914,6.840766670774757,0.014824229292571545,13.83606611541848,0.01627182774245739
Gaia,DR3,4660061510709034624,84.63597549589498,-65.51938227476329,17.06214141845703,2.1924896240234375,3.672796603984873,6.611435049302977,47.48555633239511,25.66824756192787,,,2.425578260017738,nan,,,1.0112963914871216,,None,5.667583440417698,15.303117777337443,7.476579217565607,0.06801765412092209,15.807643724400616,0.07342558354139328
Gaia,DR3,4661821240451831552,76.98840868726721,-67.32647496906655,20.344928741455078,2.123760223388672,4.805400380369899,4.669336646457831,62.80820942723474,24.014336234556566,,,2.173188337759234,nan,,,1.0350526571273804,,None,7.342188764251827,13.30906552546397,5.2565184925874675,0.5757372379302979,12.604386868600685,0.914420485496521
Gaia,DR3,4662214251409419904,75.84158473114363,-66.26002893164751,16.282875061035156,2.3001623153686523,1.8763000804588914,5.8043269084394495,69.7911672130216,24.418555659132522,,,2.858399718940711,nan,,,8.064017295837402,,None,10.090266226951247,17.051996015450882,10.495412319805226,0.44169947504997253,18.107532681656586,0.43160465359687805
Gaia,DR3,4660085317694350464,85.19336172596047,-65.29769536510413,17.19865608215332,2.2493152618408203,4.920212700116536,6.8818197565641785,59.30382254516887,25.828055759129196,,,2.2789244568459877,nan,,,1.0415681600570679,,None,5.1476231794370495,14.376296875727734,2.905036709250921,0.06937874853610992,15.123432694479176,0.07949912548065186
Gaia,DR3,4660360062510188032,82.60476889354614,-66.06815259580638,17.92095375061035,2.834962844848633,4.92722652513558,5.913886550343746,47.6837093588306,25.21171643992891,,,2.607073171818565,nan,,,1.0654791593551636,,None,6.825747026893685,16.37332324802647,8.121058766536013,0.11756225675344467,18.75142698743345,0.14367428421974182
Gaia,DR3,4660274369315696000,83.16142892525599,-66.5320973137759,15.967453002929688,2.0423460006713867,3.601281518236259,5.494806750592938,59.01013421785199,25.017135443781235,,,2.761456534819587,nan,,,1.0097905397415161,,None,7.017718946065307,17.524744060662268,6.514375622560189,0.03505818918347359,19.559882943121664,0.03756638988852501
Gaia,DR3,4660061510709047040,84.6373701504996,-65.51913030655756,17.211515426635742,2.194683074951172,3.4730954982417073,6.611812693885581,47.1055166122041,25.668490808938166,,,2.485227606104351,nan,,,1.0274131298065186,,None,5.806476459862182,15.679518513862416,7.606045243070051,0.07424485683441162,15.410315905017889,0.07960822433233261
Gaia,DR3,4660316563078033280,82.3032659459903,-66.61465948449671,9.757791519165039,0.47997188568115234,4.833021093702866,5.355480226837056,42.05385880642116,24.900471731469803,23.414958953857422,0.5824167728424072,2.3572087261518675,nan,,,2.1080071926116943,,Gaia_DR3,6.26944063030451,14.892946028312313,3.9472215746806976,0.04199368879199028,14.280429233326165,0.048553187400102615
Gaia,DR3,4660360710997898624,82.43549314810988,-66.0492454211978,19.40532112121582,2.388486862182617,4.467013197096395,5.922655187504008,42.12202470774375,25.206587690794468,,,2.4616884769662097,nan,,,0.9827513098716736,,None,6.5025174973365765,15.438456298882166,4.623522520616897,0.32663777470588684,14.080811340651291,0.33970943093299866
Gaia,DR3,4661368035493653120,77.41459679642433,-68.56002519091597,19.41678237915039,2.641101837158203,3.2570543227245428,3.428567557582004,42.00137062282805,23.426962973466868,,,2.2641942321666115,nan,,,1.0375769138336182,,None,7.52138397983919,14.162635213710026,8.468582166014032,0.2411576509475708,12.929864828500934,0.3162126839160919
Gaia,DR3,4661428439867139712,77.14689416276849,-67.85941697754203,18.210712432861328,2.5470008850097656,3.1463270997927517,4.134667159563491,31.825057792188097,23.759905044018737,,,2.53137733787478,nan,,,1.0385704040527344,,None,8.49906835969886,15.643141223384138,9.756971900983888,0.16215744614601135,14.531054230859851,0.18063963949680328
Gaia,DR3,4660662423858253696,79.45011383638371,-64.9945506437104,18.37541961669922,2.818408966064453,2.6089910381348904,6.901939436064888,68.66109214708706,25.452424456396034,,,2.7994628344635606,nan,,,0.963488757610321,,None,8.535071651733457,16.903638392319518,8.225502755552512,0.13385212421417236,15.39537104332096,0.15542379021644592
Gaia,DR3,4662627495961268608,71.22836584219232,-65.91303436449527,17.630321502685547,2.497762680053711,4.981610577250938,6.711283087322682,51.58471241195955,23.99285640285674,,,2.3527314211462684,nan,,,0.9922050833702087,,None,9.704072589809257,13.299495606133517,9.870763116903778,0.09362801909446716,15.764642669589774,0.10364337265491486
Gaia,DR3,4661180195058334720,80.02220977016366,-64.1131504378038,19.796916961669922,2.2436447143554688,1.221176775734463,7.782937965245697,57.89140711085879,25.95193052078998,,,2.3716844093499043,nan,,,1.0445818901062012,,None,7.047158513658971,14.187191186138312,6.454097139793177,0.35788363218307495,14.332308258164648,0.5423263311386108
Gaia,DR3,4661235479922286976,77.16725752648208,-69.10697852381556,18.43223762512207,1.159933090209961,4.592857990055694,2.919913979486922,46.51074302792251,23.11847609571929,,,2.225762024692487,nan,,,3.39349102973938,,None,7.4669459402936225,13.996640040547492,7.399340384485143,0.5696188807487488,11.842672051996207,0.6475461721420288
Gaia,DR3,4658523843724193920,81.82272957901526,-68.41144781089675,18.370187759399414,2.5140533447265625,1.5394335204196765,3.552695271738939,69.23608163490003,23.909748362641512,,,2.1192000142947167,nan,,,1.0369590520858765,,None,5.776337753543929,13.687140298723692,5.08999623730279,0.16419614851474762,13.730974500387738,0.18688759207725525
Gaia,DR3,4658972719340320000,78.85139235608838,-66.57556374852466,17.510061264038086,2.1974620819091797,4.290511797126276,5.329725993998146,51.03898485682335,24.5921592732199,,,2.2695763429528877,nan,,,1.0254817008972168,,None,7.102765737758796,13.96785855233163,5.212879838576409,0.08776218444108963,14.769289331845602,0.08798160403966904
Gaia,DR3,4664277480652353408,77.7101645299395,-63.30437076718714,17.520557403564453,2.263692855834961,4.955101215333128,8.625625819510029,69.61407666670584,26.080858314789392,,,2.6993560095015625,nan,,,0.9966386556625366,,None,8.860592739958005,15.632748753085007,10.35632489918094,0.08442434668540955,18.023048667178063,0.09640415012836456
Gaia,DR3,4661021551842740608,80.23805615775224,-65.0642047576304,17.28554916381836,2.1848526000976562,4.254367111122496,6.833440901279182,49.424126343948366,25.499939240331386,,,2.5242060683619787,nan,,,1.0629395246505737,,None,7.426399774472805,15.352346034389324,7.3293140062449265,0.07644303143024445,13.090560870617821,0.10242432355880737
Gaia,DR3,4663601766335096576,76.93655201068782,-65.42566378782628,19.675079345703125,2.5553855895996094,2.6514056847960865,6.549609205132759,46.576782388963025,24.95804801046752,,,2.4586789740502693,nan,,,1.097525954246521,,None,8.323645210617226,14.629210180520031,9.574190536064345,0.39904555678367615,14.0593588596899,0.4428403079509735
Gaia,DR3,4663720238732580736,77.0470762219496,-64.75168863154384,14.596373558044434,1.3242006301879883,3.989334743499954,7.212369578497751,59.9723831574399,25.301278615909855,16.442188262939453,4.138824939727783,2.292904562396584,nan,,,4.368114948272705,,Gaia_DR3,7.72879801654442,13.513418458869566,9.449868484528293,0.083376444876194,14.38308019160471,0.08417370170354843
Gaia,DR3,4661438992642926848,76.2898823968691,-68.19293131082902,14.24564266204834,1.246774673461914,3.7848148096469356,3.8867066754611272,59.064058204334536,23.499047215851483,-3.0448977947235107,4.889795303344727,2.816185141455071,nan,,,0.9218907356262207,,Gaia_DR3,9.774924038946846,17.35150390320613,7.569340039070836,0.019057808443903923,16.922236605675526,0.019619692116975784
Gaia,DR3,4662217962248577280,75.72694659369252,-66.18383375589583,19.957265853881836,2.169931411743164,4.475100086095105,5.8885876445451375,42.355975463244334,24.442593020903388,,,2.501714727194097,nan,,,0.9980340003967285,,None,8.8688499662448,14.890815377782854,8.110671770986517,0.5005878806114197,12.655804234570958,0.5306211113929749
Gaia,DR3,4666960224598800256,54.04067482158212,-69.85156673202967,12.873505592346191,0.8989191055297852,2.6725878562092356,8.601382885003936,61.73451310862874,19.578480406676345,12.510393142700195,1.4560846090316772,2.535091089335567,nan,,,1.0578601360321045,,Gaia_DR3,15.40262217828323,11.509002436264982,15.637319393473785,0.015472167171537876,10.100125586251982,0.014127411879599094
Gaia,DR3,4665911427944830080,61.413937804431725,-71.03465157282083,15.348145484924316,1.8621835708618164,4.832643943110838,5.874002278962166,51.57619871172276,20.25879983669112,10.444196701049805,6.748768329620361,2.6608359079283725,nan,,,5.733545780181885,,Gaia_DR3,14.09178043752259,14.14799333962594,14.503543110290266,0.17073851823806763,16.82731736577774,0.179706871509552
Gaia,DR3,4665844082857366400,59.61888929312416,-71.38175648901073,16.497039794921875,2.122304916381836,3.9851599307427645,6.338035168082727,59.09176463847889,19.849892161684906,,,2.252558099615588,nan,,,1.0147552490234375,,None,12.376498548365676,11.674376263008014,13.911323187409664,0.05084841698408127,12.781396206982372,0.0527661107480526
Gaia,DR3,4666327073403783552,61.66709959618673,-70.2261526752777,18.91291046142578,2.631307601928711,4.861796049726663,6.081255067908559,59.227987048633686,20.649875062505824,,,2.24022676561018,nan,,,1.084165096282959,,None,11.800597643989423,11.824484514700629,10.876649768644903,0.19016708433628082,13.926420291233471,0.20488591492176056
Gaia,DR3,4666087143646773632,56.135133061221495,-71.06798833720698,18.1123104095459,2.449075698852539,1.7009835357385141,7.50218285077638,59.14947985300684,19.452876172966167,,,2.63807312305933,nan,,,1.1722848415374756,,None,15.469528467669294,12.749750274836972,15.834827189273453,0.13155199587345123,11.877156596160926,0.12387612462043762
Gaia,DR3,4666037974860237184,57.32785724625171,-71.18737044402823,20.309925079345703,1.8535499572753906,4.351298645802793,7.098350204720829,65.06869261692388,19.58973405626308,,,2.747401249007891,nan,,,1.0458264350891113,,None,15.769553648640787,13.615701819198101,18.00806342386614,0.6504033207893372,12.457944250596768,0.6507386565208435
Gaia,DR3,4666318865721238912,61.905027033758,-70.48795834953253,20.060209274291992,2.035381317138672,4.64872133386031,5.904589048222343,63.88802292401517,20.569874227692665,,,2.2017070335833284,nan,,,0.9933109879493713,,None,11.538705105756883,11.71014971584377,10.872608421335737,0.46419304609298706,13.762426654997013,0.4595429003238678
Gaia,DR3,4666873530682619648,54.86260073193907,-70.6388080996771,19.99497413635254,0.21260643005371094,4.626228766134144,8.03667298376673,60.38252904725744,19.416994294816966,,,2.6009221550604846,nan,,,1.0257658958435059,,None,15.588876744088482,12.16677319363001,13.43133288276422,0.39958152174949646,10.832921734198898,0.45935243368148804
Gaia,DR3,4667205896727876736,53.65441334903934,-69.15970551070522,12.806160926818848,0.9711475372314453,2.9261278458748334,9.041411385621869,69.20601855777898,19.767624214263083,15.410505294799805,2.823676586151123,2.3304261296930893,nan,,,21.440874099731445,,Gaia_DR3,14.248113029957711,10.373368020393478,13.347475335928358,0.2652318775653839,9.252933694803835,0.25936561822891235
Gaia,DR3,4668243900127975040,64.39131929407493,-67.48161722079448,17.743106842041016,2.5742759704589844,2.191195968861581,6.892164255577216,50.13416820301177,22.265603315829697,,,2.4042493002148357,nan,,,0.9573654532432556,,None,11.914302055341246,12.714071269634449,12.34066543835457,0.10157158225774765,13.73955387682825,0.10339295119047165
Gaia,DR3,4661745515858763520,73.2401905123044,-67.08322830294372,19.48412322998047,3.0270156860351562,3.0737335084877464,5.321281160778652,42.410642200800524,23.699658307873634,,,2.34979721451413,nan,,,1.0739907026290894,,None,9.08989603251392,13.826769768424828,10.38006940479016,0.29990971088409424,14.635339881470745,0.28365230560302734
Gaia,DR3,4662491706274469760,70.40251386538377,-66.53107388016628,16.4670352935791,2.476019859313965,3.5747526980435427,6.295047129683579,65.26074622723655,23.588761563906132,,,2.7912921070733527,nan,,,1.0163249969482422,,None,11.802487052443837,15.77592210087989,12.174979897859151,0.04494756460189819,17.84617884938372,0.047606922686100006
Gaia,DR3,4662661954472131072,69.24909799540607,-66.66719920685028,18.229820251464844,2.8568687438964844,2.3090366840815735,6.398422314796786,45.71288547058232,23.362507228789053,,,2.438073046577693,nan,,,1.0024462938308716,,None,10.658562046100418,13.614576232377228,11.041705557660126,0.11789928376674652,12.491349199317376,0.13091330230236053
Gaia,DR3,4661588388756814336,73.10851110412494,-67.95823299046204,18.584335327148438,2.210491180419922,2.835253935551019,4.546813510612853,69.88254619057145,23.255070267549577,,,2.898654326433855,nan,,,1.0263237953186035,,None,11.262125829857554,17.251751828956856,12.853623973140209,0.1713331937789917,17.93642629914215,0.16602151095867157
Gaia,DR3,4661829005696031872,77.81966118633161,-67.38088946446378,17.933425903320312,2.6084537506103516,3.57696463237353,4.564664855643737,40.452839445455474,24.074657732984594,,,2.6122500845564964,nan,,,1.023607850074768,,None,8.536484687522103,16.126792877346343,7.9591958504177525,0.09433439373970032,14.243491482408789,0.11302392929792404
Gaia,DR3,4756385425134937984,89.03651658425454,-64.55444712490572,15.156787872314453,1.6601495742797852,1.3591467780546096,8.085182495267414,59.17688586774879,26.485479373435627,7.713554859161377,19.663631439208984,2.389519184545783,nan,,,8.138429641723633,,Gaia_DR3,4.102745245139829,15.191636234621363,4.63717926222249,0.16215543448925018,14.76370517493476,0.1718849539756775
Gaia,DR3,4658306204803768064,80.4035977587538,-68.95618976609809,19.576799392700195,3.5820770263671875,2.7051468594408137,2.9469900614473827,34.56563332200472,23.498567320334196,,,2.298131530962766,nan,,,1.0756876468658447,,None,6.709565837507788,14.802364296181327,5.403311500284046,0.4096875488758087,14.908515781558826,0.4456571340560913
Gaia,DR3,4756154669447522304,85.66385157841802,-65.19234770446471,19.411741256713867,2.8038597106933594,1.5553568496992056,7.033583599828331,51.43727280411943,25.919351351664627,,,2.396519851552953,nan,,,0.968991756439209,,None,5.255474624961855,15.133860345677638,4.47339945698498,0.33007365465164185,15.057619527480156,0.3114766776561737
Gaia,DR3,4662145394498665728,74.01707271972226,-66.65507203001482,18.728551864624023,2.5979671478271484,3.702466774337862,5.615871376313149,45.97546660473766,24.004694677363553,,,2.330943204260136,nan,,,1.0699528455734253,,None,8.783315523312304,13.739164198439893,7.016340795032406,0.19131968915462494,13.305801824631398,0.21815356612205505
Gaia,DR3,4662609697616715904,71.85622008377894,-66.07769292896957,18.348237991333008,2.5369091033935547,1.7584738894279965,6.460491405184617,46.20566155855474,24.001793455673358,,,2.4963247196627814,nan,,,1.0535224676132202,,None,10.098049869719063,14.24959378848556,10.375805648783738,0.1683722585439682,15.132323765639638,0.1590787172317505
Gaia,DR3,4662791254465516928,70.07216822276939,-65.90412214914888,17.700292587280273,2.328998565673828,1.887268420595485,6.915289324091847,50.408982510796044,23.833103063099998,,,2.401306554739115,nan,,,0.9489085078239441,,None,10.25254604979663,13.386526987751129,10.338985716120945,0.09947159141302109,12.435073271617787,0.09683290123939514
Gaia,DR3,4668555061920373376,66.25597055650121,-67.61173451808781,20.2904109954834,2.2046756744384766,1.6861378443230854,6.3160852273355435,58.583895583818375,22.493363547386,,,2.2555372376722587,nan,,,1.0034376382827759,,None,10.68090071082646,12.28058531846373,9.944402908769945,0.6232082843780518,12.59738254726937,0.7048790454864502
Gaia,DR3,4662481535791559040,70.26834947926162,-66.77589340507633,14.30446720123291,1.2617988586425781,2.106125292189414,6.104255538200667,51.25945131364935,23.455520493911596,-17.014963150024414,3.058342933654785,2.6410751064375235,nan,,,1.1317564249038696,,Gaia_DR3,11.211607507153243,14.958860640868577,10.22513478765102,0.021923033520579338,14.324902681683927,0.020060280337929726
Gaia,DR3,4663365783647648768,71.06136124822032,-64.39206787143458,20.19847297668457,2.1413707733154297,4.31411982153465,8.154511298453906,57.96330070626127,24.670971177866186,,,2.4585060353644805,nan,,,1.0539486408233643,,None,10.192090303960333,13.535522682003824,12.409386523492294,0.7366417646408081,13.247595834423995,0.7894071340560913
Gaia,DR3,4662358420566840192,71.69243286571269,-67.69882011698029,19.49412727355957,2.4876461029052734,4.2025940500903465,5.029784477189078,39.821949163297475,23.205806692447343,,,2.5695236841528035,nan,,,0.9053193926811218,,None,10.44751687556711,15.002052396253307,12.04640785934972,0.4034987688064575,13.381604927599357,0.37664321064949036
Gaia,DR3,4663056099331890944,73.54148618699764,-65.59914349977677,19.45411491394043,2.531362533569336,3.341997198072829,6.680395070792962,49.95402590567945,24.453782392511307,,,2.56452044054716,nan,,,1.1483265161514282,,None,9.821045435750214,14.800402690211605,8.46021202078954,0.29519277811050415,15.988914588327846,0.39460140466690063
Gaia,DR3,4660007527247095040,86.91968962048973,-65.74770560118958,19.708251953125,2.875883102416992,2.7203386747570506,6.657990560578127,48.41299553649155,25.71780859053284,,,2.405897352547965,nan,,,1.000209927558899,,None,4.851549879259251,15.421068228761985,4.025717467165256,0.3809848129749298,14.315793703204465,0.4524954855442047
Gaia,DR3,4660202523082828288,81.52745916639242,-66.98808260397827,20.002561569213867,1.9861507415771484,0.7722207993975142,4.945641948492217,51.553332637798,24.636667636163793,,,2.250406512874069,nan,,,1.0601147413253784,,None,6.2250583379258515,14.218814383073543,6.082218671652697,0.5946674942970276,14.556168290259272,0.5499972105026245
Gaia,DR3,5210871786292606720,101.23653000307144,-79.61662476114806,20.152469635009766,2.5885276794433594,3.1398148836847626,9.231580218507569,65.51171511711088,17.8965737185689,,,2.4708988484734786,nan,,,0.9535768032073975,,None,-0.10447675867267847,19.191812797432714,0.4753810309265698,0.47616034746170044,17.66255730216913,0.5495340824127197
Gaia,DR3,5210966997127149312,91.49000199911454,-80.11510114815916,20.274917602539062,2.2438220977783203,3.9954167257581497,8.654025023458566,64.4755303651277,17.48365915402352,,,2.363123680545165,nan,,,1.0696601867675781,,None,3.2301104123081377,18.16871082342502,4.707109729556071,0.5301929116249084,19.502935582213404,0.5217496156692505
Gaia,DR3,4668149342128812288,64.66665997647601,-68.23108245853462,18.942333221435547,2.890645980834961,4.656882011886145,6.292407502932243,52.71257440623148,21.977528518169827,,,2.306146407728499,nan,,,1.036239743232727,,None,11.35394694228918,12.386763270842202,9.485750900169325,0.21464572846889496,13.665617695199579,0.18885627388954163
Gaia,DR3,4756741155804999552,85.24305666962825,-63.34130539905082,20.462629318237305,1.9685325622558594,4.279069458761816,8.795826490604162,62.43573948773421,26.838069964482507,,,2.487204173851006,nan,,,1.0418753623962402,,None,5.600806948265261,15.22277844287693,4.499670718888883,0.6374698877334595,17.17761709222127,0.668560802936554
Gaia,DR3,4663754800313162752,77.2359567169465,-64.42611885569444,19.864013671875,2.5832252502441406,2.314110018529962,7.5269210102793584,67.6018181334589,25.482276587555315,,,2.752298223796532,nan,,,1.0206153392791748,,None,9.20822594153042,16.164643746937593,10.385491307313222,0.44281819462776184,15.519026547088878,0.5015758872032166
Gaia,DR3,4662840114013727360,69.90652648125233,-65.53994870604221,17.73832130432129,2.880809783935547,3.1230015051852225,7.273625965713126,51.69834384556272,23.976302462813113,,,2.4618718613408808,nan,,,1.0918811559677124,,None,10.561917824734387,13.617485413015213,9.50529907917181,0.11719340085983276,12.388443656140158,0.1081547960639
Gaia,DR3,4663060566097930752,73.31019324520841,-65.48815013174209,16.516138076782227,2.001157760620117,4.941661624100646,6.814522175587171,66.29617316624451,24.476212218701427,,,2.2192934073553765,nan,,,1.0750333070755005,,None,8.56507771833913,12.75448294024877,6.97096567550418,0.051229897886514664,11.07998769682368,0.057648975402116776
Gaia,DR3,4663518169125103488,78.40968949924451,-65.90207509419267,15.653944969177246,1.6112089157104492,3.0174169612318926,6.0129888424132565,53.81013002749797,24.886249391185956,,,2.2798287766008634,nan,,,0.9453040361404419,,None,7.270136804708699,13.840280995079809,6.649996873637216,0.029976343736052513,12.529359234892384,0.033566828817129135
Gaia,DR3,4663310258313566208,69.8020247399562,-64.59022819592224,17.412569046020508,2.683908462524414,4.219658462318173,8.162009136349434,69.49271261277745,24.39168463465561,,,2.7342646320187787,nan,,,1.111856460571289,,None,11.76607040410628,14.873532682709046,13.479014089832045,0.10209113359451294,16.600289658478296,0.08898961544036865
Gaia,DR3,4663262738795371392,70.50685648821288,-64.77016256664537,19.62112045288086,2.5869503021240234,4.620037161386319,7.882891765487791,56.86142548929693,24.41645597046517,,,2.5354196770878037,nan,,,1.04762601852417,,None,10.687470108904076,13.952954094464827,12.476032583675163,0.33753079175949097,12.250354447264561,0.4151152968406677
Gaia,DR3,4660536293584348416,81.08405740603177,-66.08593452415677,18.732332229614258,2.7110061645507812,2.946842907449504,5.828361165910169,50.340721815483654,25.063612456514576,,,2.3006325785136235,nan,,,0.9504327178001404,,None,6.503514384556329,14.300587425131969,5.092288112912817,0.1749967336654663,14.526589741111444,0.1964932531118393
Gaia,DR3,4669213909902565760,59.31201294252272,-67.09930005293891,19.89017677307129,2.517446517944336,1.6169478885701138,8.555267879278006,65.59269751583652,21.574636796602665,,,2.333935388325277,nan,,,1.027721643447876,,None,12.901542969547108,11.26911880656105,12.35612640417298,0.3753547668457031,10.689941912345182,0.4196415841579437
Gaia,DR3,4669001674094706176,65.03061810578836,-66.02977931551467,13.822487831115723,1.0886163711547852,4.405156395392994,7.857683572087065,56.467684932054844,22.99928831742199,77.2032470703125,2.871854066848755,2.4213890162405574,nan,,,1.0066088438034058,,Gaia_DR3,11.817915080942424,12.633859107645183,13.664351533175324,0.016379565000534058,13.917210522832997,0.018042566254734993
Gaia,DR3,4668885503819041664,63.714619844431276,-66.35925276184851,13.163581848144531,1.1097068786621094,4.551851452718145,7.913983605015137,56.48586733454091,22.640222899944696,18.217302322387695,1.1943494081497192,2.5081676161381363,nan,,,7.8438496589660645,,Gaia_DR3,12.626394386001143,12.894761946401264,14.82301145052844,0.1013745367527008,13.878353056538424,0.10585766285657883
Gaia,DR3,5211643235434618752,105.418054550908,-77.75319533733983,19.511310577392578,2.8740234375,3.186012201740316,8.77960960504081,68.94065009644707,19.059018940747656,,,2.6743633396958466,nan,,,1.0709514617919922,,None,-1.7352973514315324,20.366913017921668,0.05318472286970444,0.29155775904655457,20.20038194988638,0.3226422667503357
Gaia,DR3,4661036330838225920,79.79726566585018,-64.88718085455314,16.06584358215332,1.7760276794433594,0.5693670698349167,7.008351619681827,57.51944633438363,25.54289781254926,,,2.3045153396388547,nan,,,12.306318283081055,,None,6.917837336771534,13.930098427577272,6.665712436415369,0.4819476008415222,13.81632453325037,0.5968769192695618
Gaia,DR3,4674947420661753728,67.86815814816272,-64.59726242518855,19.247377395629883,2.965414047241211,2.8502577601590775,8.49320613453555,62.82060776205238,24.084966707429757,,,2.5901237194167437,nan,,,1.035497784614563,,None,11.761901402284977,13.741838375381501,10.800472306172537,0.322235643863678,14.965665648079995,0.424568772315979
Gaia,DR3,5211943608267179136,98.13859219714202,-78.66270681243819,16.966190338134766,2.362926483154297,4.493332254654779,8.14202635583636,57.849385277316905,18.49787798671729,,,2.462302338500794,nan,,,0.9837150573730469,,None,1.0032301319848917,18.943793381334544,2.4874260266943806,0.06405562162399292,20.74301734498233,0.06751289963722229
Gaia,DR3,4669796277404137088,61.00961639315053,-65.27755055816817,16.455936431884766,2.347531318664551,4.468175676147076,9.448611667986444,68.02953199430776,22.610621583742805,,,2.4131935096103097,nan,,,1.0126545429229736,,None,12.889231206864396,11.649748288002598,11.88274073717832,0.0428411066532135,13.687846730324125,0.04616795852780342
Gaia,DR3,4665287210282038784,74.08013973352946,-62.3012821931866,18.279949188232422,2.5035457611083984,4.3932989406396326,9.835727509557373,69.984550796547,26.065730637617573,,,2.450086732178064,nan,,,1.042670488357544,,None,9.21225287460004,13.46688765358015,9.34102162637824,0.1373942345380783,15.732382710111734,0.17032058537006378
Gaia,DR3,4664280577329755520,78.05153399000281,-63.268972374287586,16.689794540405273,1.9282207489013672,4.71199261417913,8.65048417867241,69.9139442675995,26.139226136066107,,,2.288286989890463,nan,,,0.9980834722518921,,None,7.406894606930149,13.284040902739404,6.3841585976979935,0.05488579347729683,15.313993064107152,0.057382017374038696
Gaia,DR3,4664707973812463360,72.29916528470321,-63.913799686617565,20.08888816833496,2.4779930114746094,1.2488351910830846,8.446674810920547,60.19731521436752,25.07113406786921,,,2.444362626741138,nan,,,1.026277780532837,,None,9.750160826268345,13.543907320466271,9.385907210456816,0.3974672555923462,14.07441399996068,0.4481768310070038
Gaia,DR3,4664784084928349184,74.47281997682929,-63.66697259181858,20.322629928588867,2.290058135986328,3.3691018866435694,8.46081651464362,60.474783510315156,25.49114139768837,,,2.434108793040855,nan,,,0.9466172456741333,,None,9.028138350940965,13.750089838213318,7.560370502162435,0.4537908434867859,14.663553797586255,0.5324923992156982
Gaia,DR3,5212833559850523136,106.9640541165012,-76.1163029856419,17.3076229095459,2.320486068725586,3.218532025482145,8.488829382437217,61.335805921272446,20.059145635525454,,,2.408576311454385,nan,,,0.9452569484710693,,None,-2.101305527425438,18.01068757498215,-0.9168545734700024,0.07880901545286179,16.884748389133435,0.08349058032035828
Gaia,DR3,5260296723745850752,90.08196974820257,-77.6203630970779,17.84109115600586,2.398080825805664,4.033845097806969,6.313033520097277,64.48133332513589,19.01687695205206,,,2.212252521353806,nan,,,0.9733155369758606,,None,3.4691322335658556,16.559547741953264,5.274635894651895,0.10600223392248154,16.031118855903923,0.10027781873941422
Gaia,DR3,5260215428604607360,92.11393517142648,-77.982963680169,19.184751510620117,2.641223907470703,3.7882265120107013,6.84842665887715,62.61485204479082,18.841739641108294,,,2.2487880112131977,nan,,,1.0536720752716064,,None,2.872660128628022,17.000778995603913,3.42008109494359,0.24860182404518127,18.711186038574834,0.3556787669658661
Gaia,DR3,5260267831501075200,94.56168904904945,-77.39165120653877,11.536405563354492,0.7509212493896484,4.131520619619811,6.708066615953287,61.54891016214978,19.25928003671629,18.618703842163086,3.0696823596954346,2.250560401599843,nan,,,0.9239733219146729,,Gaia_DR3,2.082036552620501,17.024302538310433,0.7647001462675411,0.017617199569940567,18.47580479700239,0.016207797452807426
Gaia,DR3,5260405850275550976,98.09042939023784,-76.73468967585646,16.647323608398438,2.087522506713867,0.5856627966108503,6.869792866742858,52.80486000634876,19.714055010705465,,,2.350808527622577,nan,,,0.970934271812439,,None,0.9742255048242421,17.766363450274554,1.1304156605534121,0.05560493469238281,17.521734178415993,0.060217082500457764
Gaia,DR3,5260398222413373824,97.60196481211075,-76.95191786558405,19.221099853515625,2.534820556640625,1.4039227852422533,6.909547699387054,51.30281396550844,19.573979033751304,,,2.5614548573373113,nan,,,1.0320972204208374,,None,1.2429516718526634,19.389012080579434,0.5222506952875605,0.23365969955921173,19.624154150069405,0.3060954213142395
Gaia,DR3,5260837374229905536,103.8522834271438,-75.74601512385678,17.800537109375,2.626832962036133,3.71279354481901,7.657615186734148,54.791942510335744,20.328852877422126,,,2.4321966704972273,nan,,,0.9588291645050049,,None,-1.026292544605243,18.203300902562862,-2.5121737239352755,0.09893485903739929,19.39330178968298,0.10091307014226913
Gaia,DR3,5260740445407390336,97.88967925194498,-75.77759874062716,18.400251388549805,2.7954139709472656,3.757952484329935,6.3220506343303216,55.453906999509925,20.30798371419902,,,2.6791372064271695,nan,,,0.8611634373664856,,None,1.1882926422058242,20.05489126863915,-0.9340737466232583,0.13142381608486176,20.073774733777107,0.14052794873714447
Gaia,DR3,5260832426426618368,103.67494943603609,-75.8876666254558,17.542579650878906,2.361806869506836,4.223798688132339,7.6614259599636325,55.9504201147298,20.24253984270557,,,2.3948995877795274,nan,,,1.0548207759857178,,None,-0.9489548172663089,17.952435105868325,-2.9836643073958085,0.09782026708126068,18.59068468360505,0.09252048283815384
Gaia,DR3,4665905307614972032,61.82013567841506,-71.23512892277421,19.58066177368164,2.8639659881591797,4.792046756050292,5.692290463844169,40.503100739816446,20.22749047677662,,,2.4684068256800518,nan,,,1.0004044771194458,,None,12.960046318137328,13.249029138926325,10.542365380600637,0.31227484345436096,12.63835259830324,0.3214379549026489
Gaia,DR3,4755915319497349888,88.04722645659517,-65.36991323578313,20.375200271606445,2.356609344482422,1.3707262542887677,7.173981071811815,64.38608077083228,25.992905170337753,,,2.2505081393555937,nan,,,1.020434856414795,,None,4.1798344361955415,14.422232597259164,4.593414895141595,0.7986878156661987,14.924087731048882,0.6895958185195923
Gaia,DR3,4666311405363276416,61.60435104774607,-70.61421359954565,18.444860458374023,2.9219741821289062,4.132409785940608,5.951500233340138,55.889112345627645,20.470850848373118,,,2.706267560916479,nan,,,1.0547947883605957,,None,14.2745903815929,14.349145081317207,16.28934873812663,0.14010384678840637,15.573443324409844,0.15884648263454437
Gaia,DR3,4666772203814799104,60.80297422638237,-68.68598454329113,18.752437591552734,2.886594772338867,4.253084699612855,7.114805150781918,50.64536174812016,21.176788848072636,,,2.486753580256612,nan,,,0.9914372563362122,,None,13.339259075430721,12.644082829842858,11.62196389487838,0.19379208981990814,14.066067160176505,0.21122416853904724
Gaia,DR3,4661419167072036736,77.14246633620935,-68.09795709415779,18.811120986938477,2.8030662536621094,0.6771594227559576,3.901435404907401,50.779422865080406,23.637277844228674,,,2.223333945912219,nan,,,1.0013145208358765,,None,7.4661244891814516,13.785266877436849,7.782107123500806,0.1942293643951416,13.815073949688925,0.2443978190422058
Gaia,DR3,4662090693774853120,74.8745692760465,-66.80753759743936,19.729398727416992,,4.6835216270014595,5.368489775723301,53.7341644108655,24.0339843983293,,,2.7128043457810236,nan,,,1.0603296756744385,,None,9.919901919642182,16.164994542218732,8.151673241770677,0.448517769575119,14.153174217372019,0.7758498191833496
Gaia,DR3,4662091999461972224,74.70738244170057,-66.72931026894894,9.711126327514648,0.41196632385253906,4.689037609546183,5.462296220094096,56.25420951658218,24.052485864907787,20.004974365234375,0.6289309859275818,2.734628361912483,nan,,,0.8512828946113586,,Gaia_DR3,10.059301227613012,16.24920940923272,9.338033181835408,0.014576508663594723,13.644041514894152,0.02033117413520813
Gaia,DR3,5261271921841318528,104.89677078761098,-74.57986792034278,18.912322998046875,2.5988292694091797,2.1047965363299586,7.657338090530946,57.26688766572374,21.035267398805765,,,2.36695829487128,nan,,,1.2347009181976318,,None,-1.3571374957864253,17.4840892322073,-1.5205139712501525,0.25614652037620544,16.446626047441093,0.25191831588745117
Gaia,DR3,5261350433845111808,90.71176919477162,-76.48511271273127,18.518814086914062,2.652721405029297,3.0113702394890263,5.45401940779779,49.32358838589491,19.73472607604724,,,2.660219008032944,nan,,,1.0443040132522583,,None,3.9324195811148006,19.740710548716166,5.3370077258409285,0.17405177652835846,20.678317669430392,0.18483559787273407
Gaia,DR3,4756521558419571456,89.50939666625342,-63.72639567893594,17.507139205932617,2.5534896850585938,1.521889575841783,8.933337127550855,64.93135102581232,26.94741426511181,,,2.396203127868954,nan,,,1.1083627939224243,,None,3.9530737465241885,15.068913976310062,3.6978322511797357,0.09822529554367065,15.794078505220329,0.10078021138906479
Gaia,DR3,4666932801231463552,54.39527636421561,-70.26613976321755,20.18256378173828,2.5534725189208984,4.215480954406348,8.320415830229148,60.00223066605956,19.48226267731549,,,2.5420203916814788,nan,,,1.0047227144241333,,None,15.354993871019651,11.705835175117498,13.228478540259529,0.5295087099075317,12.46809672225044,0.5972061157226562
Gaia,DR3,4666928201322758528,54.485899917902316,-70.36225694647743,16.988059997558594,2.1491222381591797,4.4875668341207495,8.255106675209994,64.81748722274315,19.460824451089195,,,2.3166465553346725,nan,,,0.9770094752311707,,None,13.972645732664123,10.70479093072285,11.801480029416851,0.06685857474803925,10.406183987019187,0.07078107446432114
Gaia,DR3,4661694246802174464,75.40481985354013,-67.23202741022574,17.873401641845703,2.4854354858398438,3.2507476794449577,4.903006440561585,50.2817406604942,23.885544903212605,,,2.698984751832787,nan,,,0.9726664423942566,,None,9.682264592528483,16.267006163455342,8.768885557756901,0.1150188222527504,17.875332788259065,0.11814828217029572
Gaia,DR3,4662244487981087744,75.24791078901559,-65.7907544312816,16.532567977905273,2.010753631591797,3.7132735324516046,6.314729372962717,44.90068718802339,24.577467664832078,,,2.4623363258556643,nan,,,1.0157092809677124,,None,8.88391000266786,14.501824194914763,6.966441294228893,0.04840436205267906,14.30537790194921,0.055414263159036636
Gaia,DR3,5261552434744281856,96.2223191032102,-75.4138150675516,18.233169555664062,2.562877655029297,3.4182142339626473,5.783163607890916,43.45717235426019,20.513269503030216,,,2.380074678408827,nan,,,1.0594066381454468,,None,1.6305964862841793,17.71331002681121,2.7959931113889827,0.2300395518541336,18.971605144749518,0.18281564116477966
Gaia,DR3,5261987703910333312,98.96029860857544,-74.53174750187898,19.33052635192871,,4.154026588714245,6.10133424930807,50.27104781989685,21.08336275792707,,,2.6280677152607357,nan,,,1.041689157485962,,None,0.7574435590700381,19.440484364013503,1.1283247517178583,0.3677663207054138,17.169138592676834,0.42259731888771057
Gaia,DR3,5261967161083511936,99.27201423148432,-74.79603777548319,8.662066459655762,1.2289905548095703,2.9099788174381573,6.257216156541837,45.04662174045866,20.923183086911656,1.2710610628128052,0.12507085502147675,2.4223187935501986,nan,,,1.0022188425064087,,Gaia_DR3,0.5885482565199991,17.971388625016413,0.12360910852668594,0.014802968129515648,19.38275773487991,0.021359072998166084
Gaia,DR3,5262287565643688576,101.05580552032376,-73.5842295716238,17.28744125366211,2.2179183959960938,2.274183366880864,6.499039435006178,56.30598800140363,21.667026930502644,,,2.284316781099928,nan,,,1.0961859226226807,,None,-0.03663654873576161,16.738264018705348,-0.06469437098507935,0.09420479834079742,15.643474735649178,0.0901266559958458
Gaia,DR3,4667616800542873088,58.74374931180463,-67.9475932679572,18.69646453857422,2.530437469482422,3.8406208397590675,8.166367564069034,67.39957965147718,21.1352822708835,,,2.704787751625316,nan,,,0.9725205302238464,,None,15.117632813280864,13.102344106416805,16.576918070248173,0.18657751381397247,14.735189778755448,0.17599384486675262
Gaia,DR3,4668605605094384384,65.9969919552676,-67.16781141289398,17.777341842651367,2.3848628997802734,4.812501646865116,6.719261109277484,61.70892075923901,22.65316074808824,,,2.7297521977632155,nan,,,1.001091480255127,,None,13.010786526704186,14.707688115193118,13.443179769345456,0.10429246723651886,11.972253393147284,0.10337872803211212
Gaia,DR3,5211709545433598336,109.40434006846584,-77.4943095668015,19.6656494140625,2.28985595703125,2.894331353660823,9.450792968897225,67.41645508909724,19.155043564692456,,,2.4396611955671785,nan,,,1.0193791389465332,,None,-2.9860308250613,18.3797693306226,-3.259637677783022,0.3255854845046997,16.91656119882552,0.4062406122684479
Gaia,DR3,5211958997132911744,97.32677589029329,-78.5726796645622,18.714189529418945,2.9929943084716797,3.686235101120458,7.9667683416260955,56.62711274144342,18.548955613451085,,,2.488173586258763,nan,,,0.9938927292823792,,None,1.3066427970290593,19.111442027778242,0.20560565990615265,0.20593717694282532,17.521999968682454,0.21178877353668213
Gaia,DR3,4668791014539333504,66.13308765744819,-66.34730448303385,16.593345642089844,2.0205488204956055,3.7541626445761516,7.341778441309828,56.97873014409805,23.03808548958523,,,2.337612428512837,nan,,,1.0436738729476929,,None,11.103835102688041,12.45781456420886,9.25383588021003,0.05195482820272446,12.44862824706443,0.05562744289636612
Gaia,DR3,4662347876431255168,74.2593642491948,-65.13252606148575,18.094989776611328,2.6440887451171875,1.5848009396163008,7.0505664834017665,51.04884391328379,24.77026760191599,,,2.410276131436636,nan,,,1.0793834924697876,,None,9.006560385593742,13.912163925980355,9.329182939971545,0.13803867995738983,13.174364152505843,0.12401837855577469
Gaia,DR3,4662791529343226496,69.74207409726955,-66.21351416241735,18.62514877319336,2.773639678955078,4.552122103334531,6.699028418868585,64.25831529806575,23.642797921915946,,,2.760307685953008,nan,,,1.1636722087860107,,None,11.898700014929236,15.400129195893488,10.710569858839904,0.18219731748104095,13.032656786302834,0.19710250198841095
Gaia,DR3,5212336958552101120,98.21891536507141,-77.25995807438316,12.906439781188965,0.8390121459960938,3.5671653437875994,7.2078346838616385,64.81752411206652,19.385736838734573,4.578962802886963,2.594838857650757,2.2486579751536717,nan,,,1.0642362833023071,,Gaia_DR3,0.8899848414941403,17.08136296747865,1.2657681915848422,0.016072455793619156,18.730057420313333,0.019022876396775246
Gaia,DR3,4662239162221485312,75.22399914763322,-65.92473073047876,16.1597957611084,1.8281135559082031,4.500286500073758,6.186411423287987,64.82692123222314,24.509204204082483,,,2.2053111900098474,nan,,,1.0229336023330688,,None,7.963483871803501,13.011752773013715,9.872722483213678,0.03681225702166557,13.867364582179526,0.042924508452415466
Gaia,DR3,4757456761780461568,81.31152537838587,-62.53925676885721,16.04027557373047,1.940988540649414,4.648901187818256,9.37456902714161,67.31795111522892,26.862852315119735,,,2.419739387578902,nan,,,2.367429256439209,,None,6.764979841961915,14.244674227570801,8.946600725442208,0.13669973611831665,13.315046247493468,0.10024813562631607
Gaia,DR3,5262144521755860864,104.46478830141848,-73.70692187314576,16.894500732421875,2.1568613052368164,4.57036329145259,7.464246816535735,66.56728384801715,21.571745928005555,,,2.2472452256152082,nan,,,0.9929011464118958,,None,-1.1478226125676771,16.454766134047766,-1.4803248554032078,0.06713685393333435,14.315276916886065,0.05340412259101868
Gaia,DR3,5262739121325450368,107.12625472951461,-74.50491385135886,16.444095611572266,1.9782085418701172,2.974508180496216,8.239496605835468,65.31780639170438,21.044852140100016,,,2.3092058320550914,nan,,,1.1022197008132935,,None,-2.068696869049094,16.98045042396078,-2.8934815801032974,0.050922587513923645,18.17059309870134,0.05624949187040329
Gaia,DR3,4756487065544778752,88.14934285112699,-63.67750477101467,19.614723205566406,2.7245540618896484,4.9682470517208985,8.788242877168006,63.20921751469519,26.88570483149355,,,2.4172209976145185,nan,,,0.9729862213134766,,None,4.4545192689404285,15.099543971338026,2.037972860559693,0.30074015259742737,14.344714671426177,0.2712852656841278
Gaia,DR3,5262974515598039808,110.09831905870604,-73.01200869482975,19.87779998779297,2.713165283203125,2.8078154037281755,9.110989304200183,68.815959787422,21.866137751043393,,,2.343729919631889,nan,,,1.0617207288742065,,None,-3.1020296935233214,16.828338841740997,-3.0319217497684625,0.4329785108566284,15.442820917362686,0.4351310729980469
Gaia,DR3,4757456766079696896,81.30945152480027,-62.53988848091182,16.687946319580078,2.108046531677246,3.090391120502507,9.373889044027704,66.49785285471185,26.8623234132696,,,2.4757942239485877,nan,,,1.0030573606491089,,None,6.922397264945902,14.574593731822883,6.4606977926891895,0.0806090384721756,13.029141666810133,0.05980999395251274
Gaia,DR3,4668818635473158272,65.59596544656601,-65.92699906475833,18.32647705078125,2.6584930419921875,4.955375146447613,7.811227914062503,60.4184826467718,23.136104816586634,,,2.6281302273531186,nan,,,0.9536344408988953,,None,12.651572909005882,13.804427270538199,14.253191190992844,0.13052065670490265,11.574549278101369,0.16875213384628296
Gaia,DR3,4669293834949541376,61.75331237233294,-66.51914740398352,19.565061569213867,2.4720401763916016,3.7362580091729147,8.298052210929532,58.92542428184028,22.239368719206045,,,2.468553147295229,nan,,,0.9629566669464111,,None,12.979389282530768,12.325074696960458,14.837286317830245,0.4368079602718353,11.751795134359146,0.43517589569091797
Gaia,DR3,4670796970423827200,53.8686843600253,-67.84567684645536,16.391355514526367,1.8404426574707031,1.4831053450604048,9.689933131920165,69.25041538412543,20.287122609039038,,,2.4328918638758408,nan,,,0.9752263426780701,,None,14.823132311145262,10.645406061332272,14.760259583300932,0.046995002776384354,11.403455373476906,0.04399925097823143
Gaia,DR3,5212609530060274560,108.72405410758013,-76.55128119460281,17.71587562561035,2.3534374237060547,4.3039981867965125,9.008257106457446,64.00769765231102,19.755610798359907,,,2.4594540699125487,nan,,,1.012684941291809,,None,-2.769721131360021,18.39618478342878,-3.4236673938656965,0.10967979580163956,16.26262763821848,0.10942457616329193
Gaia,DR3,5212865819348101248,104.63074637175467,-76.1133961570847,15.177223205566406,1.1274280548095703,3.3439856319282026,7.954025283351009,56.5433799977354,20.093549051552472,,,2.4582414773083885,nan,,,13.131226539611816,,None,-1.314720414179752,18.44993252781962,-2.979463193663281,0.32030120491981506,18.931250777320834,0.37143003940582275
Gaia,DR3,5263756822415949568,110.63083437769971,-72.4553133632928,15.3508882522583,1.6090888977050781,4.425961811967869,9.35934143912158,66.81021974297818,22.17772719524149,,,2.437259359040896,nan,,,0.971638023853302,,None,-3.411755740218578,17.360428190997837,-5.1828849733767335,0.027724547311663628,18.786759676844,0.031485702842473984
Gaia,DR3,4674858871319220352,66.64301537456896,-65.21602804773426,19.698617935180664,2.382976531982422,3.556173218260563,8.186717724403145,59.7198292749413,23.615845136502006,,,2.393815906638623,nan,,,1.0349732637405396,,None,11.224817381966552,12.616456138643597,11.790385939251568,0.3891408145427704,10.913317468826506,0.33245649933815
Gaia,DR3,5264959035302507776,96.1564686873975,-73.72495005092972,17.858978271484375,2.3650054931640625,4.195050570420347,5.1570170433965155,44.28602522389399,21.543081846827615,,,2.6194425588021404,nan,,,0.9556673169136047,,None,1.819551071476757,19.150238041562123,4.133719737818543,0.08824006468057632,19.045733187228205,0.11565131694078445
Gaia,DR3,5265145020270180992,95.27215384165554,-73.48075349428301,19.911470413208008,2.3800296783447266,0.5842259742381938,4.861726804734519,68.59330117696058,21.674812162398776,,,2.1460534259682085,nan,,,1.0302300453186035,,None,1.7651650636056964,15.623583341231564,1.774981473559665,0.4972265958786011,15.887710443509128,0.5949612855911255
Gaia,DR3,5265339736905646592,101.38464858246816,-72.86758328456625,18.34325408935547,2.7918243408203125,4.852374447745734,6.577365360521116,59.756274019896566,22.099468807711357,,,2.2587004965533657,nan,,,1.0193028450012207,,None,-0.14408747886973816,16.41964821009894,-2.272181141598517,0.17325541377067566,17.319417943421627,0.19403086602687836
Gaia,DR3,5260233776705781760,92.39147143688585,-77.74554247308667,19.39893341064453,2.7012386322021484,4.342782431332215,6.6866568815643435,50.14139508598125,18.996210542218364,,,2.3730468330487673,nan,,,0.9197342395782471,,None,2.9368475787836017,17.915059724312876,0.7661255849804901,0.29796117544174194,17.826456003132385,0.30992192029953003
Gaia,DR3,4675444949672515840,69.14018924075037,-64.04067324259381,16.08852195739746,1.795964241027832,0.3822962327007059,8.779162531123786,66.52800483924965,24.533763931085726,,,2.3432556090192938,nan,,,0.9646000862121582,,None,10.27556118294474,12.524614438852524,10.088405388043014,0.034609027206897736,12.549834390681411,0.03831295296549797
Gaia,DR3,5265045243890485888,92.83813292662029,-73.87666937774748,13.738908767700195,1.4465818405151367,1.4549241079948643,4.314043140286693,40.19381110977933,21.380002485427493,24.34255027770996,3.917884588241577,2.6238510458473043,nan,,,4.415957927703857,,Gaia_DR3,3.078841646866701,19.077584096222296,2.4619811939324023,0.06012381613254547,19.59443522736233,0.06559157371520996
Gaia,DR3,5265091934474499840,91.24128183312749,-73.66685294248937,18.303640365600586,2.8847827911376953,2.3598876066833725,3.821981829222265,60.1409294067459,21.458220807817888,,,2.8274983555884687,nan,,,0.9612608551979065,,None,3.9655580720626413,20.41402824524225,4.1516740588808725,0.1454751193523407,21.808307768307824,0.17089977860450745
Gaia,DR3,5265074926405343872,91.32005354043704,-73.8296666949274,19.669971466064453,2.6438121795654297,4.303248965175074,3.905883090630592,68.9897299594768,21.363413682785783,,,2.125847888409024,nan,,,1.0841951370239258,,None,2.9575224919118024,15.37944212350866,1.031969831726808,0.48012423515319824,15.486047734002794,0.5225679874420166
Gaia,DR3,5260531645574822656,94.37875662193065,-76.85793477547213,14.320758819580078,0.7455158233642578,3.883723040486724,6.29688774442079,56.977269011236146,19.589242628702127,9.516491889953613,8.002381324768066,2.2676380882107527,nan,,,30.11225128173828,,Gaia_DR3,2.157691872854269,17.060309341078934,0.31576921070030384,0.5325292944908142,16.82749093012539,0.7127741575241089
Gaia,DR3,4755905144713958016,87.62235111431932,-65.43478456821097,18.458648681640625,2.330455780029297,3.663861164772847,7.050984716749511,51.97194616794277,25.930911208855,,,2.555367847583404,nan,,,1.526486873626709,,None,4.899602626716246,16.359232865479484,5.72704098682774,0.2577567994594574,18.151126870827362,0.2847287356853485
Gaia,DR3,4760614116792680192,77.16127258092192,-62.225394569314865,16.920024871826172,2.451763153076172,4.8225466166060595,9.721117460551838,69.11042108998876,26.522958315547058,,,2.454743553107198,nan,,,1.0041165351867676,,None,8.237081353358182,13.890233332525423,5.750712552411594,0.07441694289445877,14.104611089854911,0.06706561893224716
Gaia,DR3,4666328619592128512,62.73042587175042,-70.44934048596224,11.771156311035156,0.7979087829589844,4.487017235179986,5.664149151312496,44.44763599439426,20.705562734067765,50.220523834228516,0.78993821144104,2.3530004103813793,nan,,,2.1065919399261475,,Gaia_DR3,12.111269643397598,12.673857813384576,10.586800868162458,0.028374725952744484,11.052180795411763,0.024330563843250275
Gaia,DR3,5260309853462916352,92.44130679587609,-77.20210307686183,18.56147575378418,2.7606334686279297,4.831318192913924,6.26011076724669,64.87213201380249,19.335917181286877,,,2.2076594855052325,nan,,,1.0274877548217773,,None,2.7163663304500325,16.584139620639277,4.8585132888499185,0.1742294430732727,15.900861555538802,0.15224382281303406
Gaia,DR3,4663283354638271488,69.71049142657802,-64.84202288277834,11.998501777648926,0.6651487350463867,3.1297740972164263,7.944773670450504,60.219731892018196,24.26425389833667,20.598888397216797,0.8669933676719666,2.351066551846651,nan,,,1.0511757135391235,,Gaia_DR3,10.143829263103981,12.827447148119862,8.654370867893405,0.013930167071521282,12.394144778945853,0.012893972918391228
Gaia,DR3,4760481385123993344,80.35434818780863,-62.23830596923104,17.168949127197266,2.2595996856689453,3.665784217400468,9.659804712424487,68.49722946356215,26.903522671030576,,,2.4836260193546638,nan,,,0.9628586769104004,,None,7.267761602504597,14.441594899748523,7.6194941361717285,0.07132080942392349,12.554792606505524,0.07652252167463303
Gaia,DR3,5265950137659095168,93.13980381891359,-72.81443577613783,18.95612144470215,2.718252182006836,4.857203393425515,4.146585497633592,42.18922003818173,22.023788425183472,,,2.6525332791150986,nan,,,0.9690364003181458,,None,2.9974125585270164,19.07640157126831,2.7808723320441358,0.23353110253810883,16.36899303274384,0.25334858894348145
Gaia,DR3,5261170874146308480,102.64178759589397,-74.90364650344459,17.418304443359375,,1.3759317371003665,7.134212323591324,58.51840767281663,20.856970962699354,,,2.6608196649302602,nan,,,1.1657171249389648,,None,-0.6554085800785998,19.762615899522917,-0.04685630087525716,0.15434479713439941,20.237311851582827,0.22171315550804138
Gaia,DR3,5261638540248522624,91.30372649273056,-75.65168332789281,19.58367347717285,2.561319351196289,4.4494522048034,4.932696752921514,49.9420376093099,20.26174531189581,,,2.6941702210619485,nan,,,1.0638277530670166,,None,3.7544818188594173,19.866117516889428,1.8819718740674234,0.32901325821876526,21.563160354262365,0.3695948123931885
Gaia,DR3,4756336531228062848,85.76264211363231,-63.897733449832614,16.605724334716797,2.0316362380981445,2.6424150187725997,8.29997442905794,59.73805292192608,26.59694564145596,,,2.5372445635892498,nan,,,0.9461890459060669,,None,5.528957022971484,15.713591668768503,4.12112992705603,0.05685540661215782,15.58858535048949,0.05312792584300041
Gaia,DR3,4667139891669666688,53.37102903977422,-70.01182602503317,20.312986373901367,2.1253719329833984,4.550805665636025,8.74148255492484,63.71532306656922,19.402514704589283,,,2.3923980685978474,nan,,,1.0330464839935303,,None,14.69360651572331,10.72826647498913,16.97440972115144,0.6420642733573914,10.471950287736286,0.6126686334609985
Gaia,DR3,5260672657940340224,98.88328965029943,-76.10214251390963,15.042162895202637,1.7446098327636719,1.6277746050022552,6.690194734346116,47.87496745571812,20.11399333352698,-3.438323974609375,5.972445964813232,2.4334405804574124,nan,,,1.045159935951233,,Gaia_DR3,0.7285462085293604,18.289684235985572,0.34670795135800736,0.02271133102476597,17.547061669416898,0.02254425548017025
Gaia,DR3,4663547989047220992,77.50619915143804,-66.03080998010375,19.111913681030273,3.166719436645508,4.779258897375288,5.919619573683985,67.61621517191058,24.722851137509952,,,2.178911537024632,nan,,,0.9573203325271606,,None,7.211501070090649,13.151288040083026,6.695633506577777,0.22838349640369415,11.017472399570792,0.32972753047943115
Gaia,DR3,5267012441984627712,107.83153640680196,-71.47653321182851,20.220027923583984,2.3787918090820312,4.05672105153978,8.748227057886119,62.41794381988516,22.83950466794078,,,2.43967194155913,nan,,,0.9864833354949951,,None,-2.433823550699742,17.315612936941523,-4.422663272136252,0.5915812253952026,16.68506732587532,0.5649842619895935
Gaia,DR3,5261820990460355072,97.92011391615742,-74.37616779583611,15.241958618164062,1.5324554443359375,0.9425258056189515,5.790232204494064,54.18362224940404,21.17007425383297,,,2.2658307065173346,nan,,,0.9770268797874451,,None,0.9949762787698837,16.71909241985715,0.6794746074014792,0.034577108919620514,17.040254102144868,0.029015367850661278
Gaia,DR3,5211970889899361792,99.93423957962229,-78.39593436627246,19.539552688598633,2.636751174926758,3.9666123259947623,8.214841656159535,65.22646373418374,18.67577008411869,,,2.3083044079931816,nan,,,0.9283551573753357,,None,0.3389229021678586,17.736515304227687,-1.530781013380209,0.3239755928516388,18.216005443746774,0.3395794928073883
Gaia,DR3,5211826475918902784,93.48559650794861,-79.31862787801512,16.266536712646484,1.9930696487426758,2.2227820065472077,8.119219135643792,57.96592487010092,18.026051097152887,,,2.438225495132066,nan,,,1.0714328289031982,,None,2.633887920617772,18.72143023232659,1.8013613502621881,0.04106251895427704,17.938972011725784,0.04344871640205383
Gaia,DR3,4668029052979229440,64.96999526957832,-68.63371060343987,20.250782012939453,2.282571792602539,3.188053275952555,5.943365243621945,64.26555242885469,21.84291548815215,,,2.2005793228838324,nan,,,1.0528290271759033,,None,10.755907723011914,11.94436557855441,12.047788304342502,0.6496889591217041,12.66432519240889,0.6192145347595215
Gaia,DR3,5261127649595505152,100.13392379620107,-75.37679659548012,10.80093002319336,0.7302951812744141,3.440095140875305,6.660578369757077,50.06174711696698,20.568874219260778,,,2.5694061857273067,nan,,,0.9675369262695312,,None,0.3027614241577008,19.183359227143733,1.6129281037939496,0.013194724917411804,20.508326370084806,0.012894043698906898
Gaia,DR3,4668297746133892224,62.51921663698426,-68.28617256976686,12.263045310974121,0.7302465438842773,2.9431820860775564,6.857713271249836,55.7286578087902,21.62122106596718,-5.877879619598389,0.992982029914856,2.643587584070953,nan,,,1.0784653425216675,,Gaia_DR3,13.670582673484294,13.746341428722303,13.42134411395448,0.012970351614058018,15.367514549244474,0.013239799067378044
Gaia,DR3,4668596950736600320,65.84715263758528,-67.33413753930502,13.744747161865234,1.011362075805664,3.0920663048763077,6.6285338027102405,60.56012683736508,22.556107833896085,11.765063285827637,2.208394765853882,2.254669379697372,nan,,,0.892931342124939,,Gaia_DR3,10.786581536800224,12.15322374178624,9.53963709199128,0.013945847749710083,12.931099526060256,0.013971316628158092
Gaia,DR3,4664366888989489792,77.32417554229777,-63.506668240532015,17.198762893676758,2.1803340911865234,4.503137264711401,8.438236889028873,61.23470458770748,25.93663502186938,,,2.400978139531951,nan,,,0.9923771619796753,,None,8.004659434073314,13.903418911176104,10.27870340423487,0.07065588235855103,13.749243543613016,0.08136925846338272
Gaia,DR3,5267406582544516096,107.48261878978884,-70.47699881624308,13.005841255187988,0.9998960494995117,3.6621416266113123,8.9664553902288,66.16399214070438,23.432333652247042,64.63167572021484,1.2271491289138794,2.5970011805945132,nan,,,1.0009697675704956,,Gaia_DR3,-2.4600882680227745,18.22568209611961,-4.179066715555759,0.013935189694166183,19.257595788728658,0.013545299880206585
Gaia,DR3,5267303125372695168,106.474584979373,-70.8581799303134,15.809113502502441,1.7990121841430664,4.236253579866223,8.519360057935168,60.51956129891943,23.234402183672113,,,2.462695646920852,nan,,,0.968515157699585,,None,-1.9743594012308414,17.399528776864802,0.05731410252278302,0.03743157535791397,18.241676448041982,0.03890935704112053
Gaia,DR3,5278287590130429056,93.40150201765636,-71.38588958608905,19.531538009643555,2.465127944946289,3.2122167368703956,4.314808253126076,48.690921240695445,22.87455400362041,,,2.248014871553055,nan,,,0.9557366967201233,,None,2.4556314884389403,15.912613867466785,3.9779066126665628,0.26614198088645935,15.917435400500825,0.29071763157844543
Gaia,DR3,5262541685972118912,108.5328963328652,-74.56061870138754,18.9957218170166,2.947195053100586,4.049047454878304,8.617709771187883,69.84940291198842,20.980052661728784,,,2.703621420089874,nan,,,1.0655797719955444,,None,-2.9703124457759342,19.828587954574513,-1.5501773920621948,0.2436235249042511,21.647642167628344,0.2079797387123108
Gaia,DR3,4757123510982764032,84.36342659289323,-63.460402036034914,14.279336929321289,1.1980876922607422,4.01906420606118,8.607695316610478,62.591353648777755,26.702480420025527,23.292539596557617,2.686316728591919,2.5640122372094742,nan,,,0.9799409508705139,,Gaia_DR3,6.0883774148734835,15.641554034867248,4.389916184134929,0.016797833144664764,14.28712564070822,0.021545464172959328
Gaia,DR3,5264141376607402496,110.43372291366283,-71.09484989659086,14.95356559753418,1.5049171447753906,4.585479432885797,9.659372396053309,69.5268272377322,22.980482285841145,22.238344192504883,8.5786714553833,2.4133380062851955,nan,,,1.05079984664917,,Gaia_DR3,-3.310154090695363,16.928013489287956,-2.510688302693156,0.02564186230301857,19.11964049484489,0.024467984214425087
Gaia,DR3,5212329536849436032,99.83134555015923,-77.23560468078963,15.673612594604492,1.119598388671875,2.925126609574663,7.478682166116801,62.12826108455933,19.409258501200437,,,2.2886433142298825,nan,,,21.845670700073242,,None,0.37022770452534304,17.39863453042581,1.1192969772430699,0.5596819519996643,16.20255144554494,0.6078565716743469
Gaia,DR3,5278522095350087808,90.80537722007801,-71.21175038329439,14.942524909973145,1.1254558563232422,2.656016502077244,3.5533030490281874,36.63159851724517,22.887965357872552,31.31226921081543,6.751533031463623,2.625122335014117,nan,,,17.464252471923828,,Gaia_DR3,3.8454158788577626,18.399384098886546,2.4154602065822592,0.4168437421321869,18.059278312641357,0.5633274912834167
Gaia,DR3,5278733540878453504,93.45309875183274,-70.21736533673341,17.92251968383789,2.853443145751953,4.269786603561229,4.736228288768444,40.6016321852703,23.555673391296935,,,2.6029471803265594,nan,,,1.0372569561004639,,None,2.824007883140227,18.167435696168514,0.7214205464520044,0.13537542521953583,17.133735314513057,0.12512695789337158
Gaia,DR3,5264886708053331072,96.99835970028032,-74.07547997677763,19.117286682128906,2.384695053100586,2.802675359443817,5.467731541240502,39.40649466365097,21.342764719335136,,,2.423224433657826,nan,,,1.0457876920700073,,None,1.3878530718277093,17.80446334882809,0.4549843799854598,0.22471939027309418,16.71838099886637,0.24213171005249023
Gaia,DR3,5262821687776600192,107.55216254026593,-73.89289514045248,16.59870147705078,2.2213735580444336,4.604966594371621,8.328789708402113,61.47183044918169,21.406934809489098,,,2.3769423036108805,nan,,,0.9292110204696655,,None,-2.275478113834784,17.34910190813844,-2.6986605194372966,0.06383275240659714,19.61743687109131,0.07034201174974442
Gaia,DR3,5263011078653017856,112.29123757009987,-72.66211569233948,18.56331443786621,2.5555801391601562,3.4749171935158185,9.806795835270812,69.70601873934879,21.993543714500248,,,2.455738463684262,nan,,,0.9900732636451721,,None,-4.019794141390063,17.430253582414842,-2.781922386379949,0.13728520274162292,18.73557980961988,0.15934917330741882
Gaia,DR3,5278693030748452992,96.28415704737353,-70.06078541304436,18.638694763183594,2.752786636352539,3.021429623623103,5.665627852234568,41.27129611015062,23.71635580486117,,,2.516898912028772,nan,,,1.0288447141647339,,None,1.7018089509441023,17.635575602386034,0.1958604538328319,0.18386080861091614,18.18526156908828,0.23622755706310272
Gaia,DR3,5278620707801593088,92.78881026214393,-70.50720461648048,17.459754943847656,2.473459243774414,4.822114126544633,4.409209239298686,56.84659645272257,23.367226092234592,,,2.7808372620064956,nan,,,1.0215435028076172,,None,3.2827679849037295,19.44425631213781,2.8992883196895045,0.0807080790400505,16.643527253488795,0.09524963796138763
Gaia,DR3,5278663962422406656,93.76939020672788,-70.51563913566312,18.86075782775879,2.7768936157226562,2.0308974928217802,4.7047159655334,59.91568997417372,23.392382877645087,,,2.1904694478187055,nan,,,1.0893054008483887,,None,2.2767107367490325,15.357085336020221,2.016963403147248,0.19950594007968903,16.258209973405215,0.22731702029705048
Gaia,DR3,5279733718516646144,91.86133844020453,-69.27451887271253,19.608386993408203,2.8069915771484375,3.168131784259752,4.785889583982132,53.66114214583189,24.041023763800503,,,2.23087160286597,nan,,,1.005392074584961,,None,2.930608034555321,15.316469971039101,1.5109962530550882,0.35856664180755615,14.864112705443327,0.3605501055717468
Gaia,DR3,5260468629812418304,97.47251504361209,-76.57273472517424,20.224918365478516,1.6110076904296875,3.7469200303614114,6.659763671925759,52.01951331816916,19.80979288025322,,,2.341833699070919,nan,,,1.0189145803451538,,None,1.1803255026713173,17.6596554939005,2.827353687638711,0.8406540751457214,18.50168343953442,0.708411693572998
Gaia,DR3,5260789137453156480,100.68281205314274,-76.39205823724782,12.000252723693848,0.8146066665649414,3.7175167485729133,7.204443006943544,68.729044476624,19.939365112331433,33.95645523071289,0.5973584055900574,2.7845001551760493,nan,,,1.0883551836013794,,Gaia_DR3,0.1061662929146927,21.002099812227435,2.2794032476659205,0.0150476498529315,21.199510077039733,0.021260561421513557
Gaia,DR3,5265313215485138816,100.54904050414287,-73.22893384883922,17.093591690063477,1.9956951141357422,4.446207515698147,6.333863547383742,59.14004225886144,21.881756432223426,,,2.2519868960854748,nan,,,1.448426365852356,,None,0.1296098305354345,16.436827032177717,-0.4372584050456303,0.08978740125894547,18.470083817272698,0.10853687673807144
Gaia,DR3,5265671656275920640,100.32872802368387,-72.02103185325927,17.57950782775879,2.410097122192383,4.774295685696669,6.338096059178332,63.75392691995569,22.605854489790296,,,2.218214978428667,nan,,,1.0255780220031738,,None,0.19863229754980494,15.970293116451636,0.09234481788474591,0.08416948467493057,18.200327358773826,0.09360884875059128
Gaia,DR3,5279972346888110464,99.15297397102623,-68.4806514403031,19.97028160095215,2.625324249267578,4.518579964547317,7.359233237177474,60.06700954387761,24.664038680275862,,,2.6646481374290563,nan,,,1.0449992418289185,,None,0.6934694661884961,18.3542538837101,-0.3717657695014962,0.5576347708702087,20.65815275725506,0.48755186796188354
Gaia,DR3,5279207086792760704,100.28492673571199,-69.2246993472542,17.399919509887695,2.4438552856445312,4.269547258014647,7.287463537985476,57.765947446398634,24.243856811086587,,,2.6363855039981656,nan,,,1.0089589357376099,,None,0.2528463149320519,18.34484247033735,2.0869472958022213,0.07917790859937668,16.839254301819015,0.09236287325620651
Gaia,DR3,5279707227161725184,91.01005942137154,-69.48333174710984,18.785764694213867,3.007162094116211,0.743117228637688,4.421254251791773,40.02693362662161,23.888315992211,,,2.616022226430162,nan,,,1.0172669887542725,,None,3.7555174189357468,17.9589855287568,3.4573015291511657,0.20247219502925873,18.24008574690521,0.25119513273239136
Gaia,DR3,5279810001428914944,95.22505704872248,-68.7582765067805,13.702579498291016,1.1197757720947266,4.465589286885818,6.05056770109439,67.67113630248495,24.441362771549034,10.486003875732422,5.510095119476318,2.827200723881224,nan,,,0.9283558130264282,,Gaia_DR3,2.344661000162729,19.446516985457226,4.113645269730167,0.016119180247187614,17.457978492840244,0.01304757222533226
Gaia,DR3,5260694265918895616,98.46735940247714,-75.88113934039197,18.30257797241211,2.6452369689941406,0.49637357426948275,6.495720782666085,49.87196162510385,20.24850721538245,,,2.5855820833399945,nan,,,1.0749105215072632,,None,0.9301453853388715,19.38471622648563,1.2004767728019248,0.1425960659980774,19.39575561261279,0.14274151623249054
Gaia,DR3,5260801227784463232,101.73704091425833,-76.14995988142087,17.330089569091797,2.4958343505859375,3.3918122514530302,7.32317254687088,66.59525932450948,20.089464188565454,,,2.752411247653968,nan,,,1.0409388542175293,,None,-0.31642685888010447,20.70907642898543,1.3907813961579816,0.07753539830446243,19.729961375555845,0.09050974994897842
Gaia,DR3,5279847483596379648,93.91382748408321,-68.77756892733728,18.851734161376953,3.0339088439941406,4.406758693446194,5.669214504790439,50.49154558752415,24.394096430557134,,,2.6607866415681336,nan,,,1.0143439769744873,,None,2.710162878371331,18.254030486417108,3.3167025996537225,0.2517428398132324,20.65030055929633,0.23738236725330353
Gaia,DR3,5280332265150801536,99.46425062174104,-67.78897827167604,18.538267135620117,2.5202388763427734,3.595601029308213,7.878928925058951,57.78378129285515,25.05872749049968,,,2.564462254511578,nan,,,1.8587504625320435,,None,0.551520977051132,17.504878793014463,1.9636148330748426,0.3033052384853363,16.169034287368397,0.35945019125938416
Gaia,DR3,5266012333080388608,96.20517806988137,-72.6182238224857,19.189870834350586,2.592853546142578,4.8061775540083405,5.044605384170603,36.23018211077812,22.20928211271993,,,2.489363062795187,nan,,,0.9755438566207886,,None,1.7116457425665002,17.978745846226992,4.180462209580336,0.24784140288829803,17.462573996960526,0.24002152681350708
Gaia,DR3,5266474299764656128,97.90377126614477,-71.75168179292936,15.914276123046875,1.7480707168579102,3.244747675549575,5.637734733412302,56.53482026781536,22.74936487448283,,,2.2417188725566715,nan,,,0.954483151435852,,None,0.9897010038721188,16.065151053123245,0.8606608244054987,0.03448197618126869,17.59310450496999,0.04740072414278984
Gaia,DR3,5261498528611626368,95.87971444360909,-75.63006403386281,16.628862380981445,1.897308349609375,4.489248654225495,5.818830360723836,41.39719023652039,20.374973274434563,,,2.456514842646071,nan,,,1.0385960340499878,,None,1.8047389799403817,18.312091940456714,3.7882879824544333,0.049746688455343246,17.099574864622312,0.05235952511429787
Gaia,DR3,4670417943853944320,53.67184668833476,-68.05344541294872,19.67383575439453,2.60443115234375,4.930318602829936,9.62862184814985,69.52939418614777,20.1746280890558,,,2.406200376780871,nan,,,1.0053861141204834,,None,14.707260594161774,10.519095828901213,14.387140453383019,0.38885560631752014,12.999433409831823,0.3459331691265106
Gaia,DR3,5260377061111015808,96.41516540485155,-77.0195591427204,13.04642391204834,0.9105653762817383,4.761882336793501,6.7452285342880165,48.65514408790678,19.519003955208365,-27.300779342651367,1.729061484336853,2.4174419027912246,nan,,,0.9327288269996643,,Gaia_DR3,1.5887168187387402,18.282799772010968,3.107527381368608,0.011439849622547626,16.3900883564755,0.011316364631056786
Gaia,DR3,5280477400681406848,103.29609163054134,-69.17744340284277,19.24881935119629,2.909046173095703,4.237156478747419,8.233901231927817,63.20329750989652,24.260186684627566,,,2.336332533374857,nan,,,0.9665141701698303,,None,-0.7973352185670497,16.23303101734729,0.9106406419824111,0.22374296188354492,17.432175120009855,0.2784421741962433
Gaia,DR3,5280575330231533696,103.48928014071198,-68.39996254088706,18.53761863708496,2.7459354400634766,2.92335633089568,8.707205812474733,63.61414619947345,24.70279327204355,,,2.574596625563126,nan,,,0.9982901215553284,,None,-0.9508130033154352,17.705208094529283,-0.649865005777774,0.16254180669784546,16.14735651394509,0.1805146038532257
Gaia,DR3,5279939194038680448,97.42313734356885,-68.84668906250099,13.137496948242188,0.9107465744018555,2.5272189896111854,6.6347431564381765,55.07394015019863,24.435010873432812,-0.3427940309047699,2.184662103652954,2.3046051264994385,nan,,,1.1069427728652954,,Gaia_DR3,1.1780563109215245,15.925503263966691,0.32339272746031633,0.015367022715508938,15.043990714005844,0.012989260256290436
Gaia,DR3,5281635839260305536,103.71214106407726,-67.32696573181505,19.64286231994629,2.5783233642578125,2.752143391443525,9.42024460508517,67.3341694405194,25.306190935068337,,,2.432725934616412,nan,,,0.9862160086631775,,None,-0.9770670712097802,16.485887148329418,-2.12186191873335,0.3289307951927185,17.31144429622111,0.29439863562583923
Gaia,DR3,5266558820423461632,101.11744817321937,-71.25875757547018,19.532258987426758,2.350770950317383,4.590109652165191,6.740979622404022,49.93632089121695,23.05858361793902,,,2.3840831232686184,nan,,,1.0289411544799805,,None,-0.05957824117321664,17.01271351361194,2.095635138843382,0.3050552010536194,17.835522292612453,0.2853296995162964
Gaia,DR3,5262160980070187904,104.80590891054466,-73.47725562403815,18.93407440185547,2.647916793823242,3.0178027295799335,7.557120939579268,57.51717557264494,21.706409393321653,,,2.604006250957106,nan,,,0.9713612794876099,,None,-1.4587732445413906,19.011428986080162,-1.6715156081978964,0.17068688571453094,17.368520997628625,0.1985420137643814
Gaia,DR3,5262291375278092544,101.7082438744117,-73.54983060297947,18.350666046142578,2.5541934967041016,4.579923685135861,6.680671354550831,52.75971256914021,21.686908135785284,,,2.3341328056358384,nan,,,1.0671534538269043,,None,-0.2585798888551123,17.095264865256226,0.0005510639381167692,0.15761306881904602,14.856621560786133,0.16960179805755615
Gaia,DR3,5261784917031029888,95.74803513324096,-74.77311028587765,15.0593843460083,1.4895849227905273,3.701836365573695,5.385752858199674,43.89467018400785,20.899081424765907,6.434683322906494,7.617893218994141,2.3373981462364783,nan,,,0.9900898933410645,,Gaia_DR3,1.7617445815558066,17.268075871804513,3.5821522996153927,0.02089695818722248,17.152564739717675,0.02499327063560486
Gaia,DR3,5261991895798307840,99.88904200742913,-74.47448252041436,18.228031158447266,2.5119171142578125,4.6239357402002375,6.32614560980579,66.10134661948025,21.122941364713398,,,2.2018539144626623,nan,,,1.0441161394119263,,None,0.3377427232003385,16.285470253614253,-0.6901008013098986,0.14024463295936584,14.401281756247037,0.13473637402057648
Gaia,DR3,4757063896841919360,82.66209796743135,-63.65956930593693,17.044715881347656,2.221742630004883,3.342498216708926,8.305985404779264,60.213062853201706,26.446114458531564,,,2.552602303079811,nan,,,0.9476105570793152,,None,6.6629582592875165,15.452522395502635,7.15963387930742,0.07315640896558762,13.723811874955768,0.0697956457734108
Gaia,DR3,4756479850000363136,88.5246026143295,-63.9150404097453,15.034255027770996,1.518026351928711,4.435048459734551,8.61283768287917,63.69273620553105,26.787504018701597,7.809711933135986,7.012941360473633,2.5924859858939904,nan,,,3.1424365043640137,,Gaia_DR3,4.639631550938311,16.28287906909461,2.4124040660092256,0.07478618621826172,15.326575682764737,0.0766015276312828
Gaia,DR3,5260552192697504128,93.82272581692287,-76.6641633410813,14.741969108581543,1.2765846252441406,3.1060902260727437,6.0703104164812585,67.05888926015142,19.699223271746913,34.79962158203125,4.006740093231201,2.187040192218619,nan,,,0.9502262473106384,,Gaia_DR3,2.256338697921435,16.402803124573296,1.493161443151898,0.018909558653831482,17.614564265083978,0.021945642307400703
Gaia,DR3,5281936005933760640,102.84088638398293,-66.44885676570333,18.88523292541504,2.608448028564453,0.9900239646782092,9.751100135504698,69.33178443760774,25.80528891696856,,,2.4540297023970465,nan,,,1.0472304821014404,,None,-0.6753911059020221,16.43911309420779,-0.9480103303283509,0.2626703977584839,16.005523285630108,0.24020762741565704
Gaia,DR3,5282792323630609792,92.96763079306619,-68.37124143282779,18.77608871459961,2.361459732055664,4.334447857282232,5.684241272819889,66.30713327469373,24.592758392202306,,,2.1798006416308815,nan,,,1.170877456665039,,None,2.517201004461525,14.83799106926327,1.6113261329640378,0.23231622576713562,16.611853358850592,0.2209295630455017
Gaia,DR3,5282922272172476416,94.68463282629216,-67.88703728013722,15.156522750854492,1.4017953872680664,3.93208527188426,6.479712653971997,61.15246962672964,24.919719337028365,,,2.2430548596894004,nan,,,0.972934365272522,,None,2.0352893829620715,15.233895003598528,2.838508615780458,0.025232084095478058,16.91076994673638,0.025537030771374702
Gaia,DR3,5283309643855863808,96.36547379784896,-67.5271149086239,13.717720031738281,0.9850177764892578,4.11632728197777,7.185692394708664,64.14652564209842,25.163250463065054,11.837430000305176,2.5524282455444336,2.253106720922761,nan,,,0.9386560320854187,,Gaia_DR3,1.4969250301059915,15.275462228671115,0.21296017372185827,0.015670519322156906,13.800980426172737,0.013294490054249763
Gaia,DR3,4757165562997584128,83.04110731332752,-63.336397573416306,17.673669815063477,2.5529327392578125,4.593995708485919,8.6462476097774,61.77323668764478,26.643919734236817,,,2.52203509163588,nan,,,1.0534183979034424,,None,6.451222462140512,15.226403672910038,6.854133008131487,0.09180934727191925,17.63543390398826,0.10808657109737396
Gaia,DR3,5212239514332311936,97.05324612214656,-77.8614449317751,20.191558837890625,2.679912567138672,4.145128800337669,7.4170057442949595,54.425060852919316,18.996907111421997,,,2.5563323243633658,nan,,,0.9841367602348328,,None,1.4437601098176884,19.502784892377964,1.9701364794277274,0.5333275198936462,17.33187617418303,0.6211894154548645
Gaia,DR3,4669831015099402368,62.36794726189414,-65.3402865179506,14.205233573913574,1.1784839630126953,3.068836521626682,9.058128015374638,68.22169644129225,22.832426393311042,1.395060658454895,2.4497625827789307,2.34736602762896,nan,,,0.9658815264701843,,Gaia_DR3,12.179109173675718,11.61049413350473,13.61292053673644,0.023784423246979713,12.110851298125302,0.016783136874437332
Gaia,DR3,5283243638807277440,94.03465140583866,-67.06171884947274,17.800813674926758,2.8004379272460938,3.2809291965390925,6.923359282671785,49.209021171391086,25.36087539743476,,,2.4646065259865053,nan,,,1.5829792022705078,,None,2.4674178915958915,16.525656474341126,3.841438742709699,0.16475816071033478,17.534569514265765,0.17657378315925598
Gaia,DR3,5283399421552134784,97.75463417829121,-66.87061762697553,5.227291584014893,3.4874560832977295,4.76217569644209,8.031515676217765,68.02004626812881,25.55529504821971,3.2180607318878174,0.2584531605243683,2.723742713582584,nan,,,1.145051121711731,,Gaia_DR3,1.261413330301012,18.333616874846903,1.232664620021323,0.15451134741306305,15.599363229367743,0.11708244681358337
Gaia,DR3,5283935437770644480,91.1575287800691,-67.09007564873006,14.563302040100098,1.3153343200683594,3.1157922573341295,6.225513696418644,44.37880182915572,25.233193517668774,9.75571060180664,4.8405938148498535,2.4834942915911133,nan,,,2.951915979385376,,Gaia_DR3,3.51286320898076,16.520103196502472,1.9261499653152798,0.0741417184472084,16.89871591307036,0.05814255401492119
Gaia,DR3,5268319791374198272,106.37106219981015,-69.40678532996883,19.69046401977539,2.7170181274414062,4.575621299301502,9.074036256836973,64.5675268621353,24.077670214771246,,,2.450797732628371,nan,,,1.0153861045837402,,None,-1.9281448002227273,17.00895174895253,-3.0172912301833783,0.3129006624221802,19.10711559958674,0.39873507618904114
Gaia,DR3,5212221509831313792,96.63456039220567,-77.95381234134585,14.127058029174805,1.1672534942626953,4.542025375008492,7.420365384244565,60.668789640459224,18.934276332146236,-2.786773204803467,2.6406967639923096,2.299830967242918,nan,,,0.9986646175384521,,Gaia_DR3,1.4383684414514026,17.550937250522,3.6186749846479485,0.014723478816449642,17.241903117394973,0.017596101388335228
Gaia,DR3,5278422898789870336,96.40128160967696,-70.76739128827033,20.17567253112793,2.643899917602539,2.964637096508783,5.423618849245271,40.57752188935848,23.30705624816826,,,2.386937142095297,nan,,,1.0733160972595215,,None,1.5734668839269392,16.874023877913086,2.010579134377941,0.4988853931427002,15.44772422378242,0.6090090870857239
Gaia,DR3,5263943975614103808,106.24944274938076,-72.4802377948848,19.665605545043945,2.6778411865234375,3.8269941394705165,8.055382475983498,69.15191383940177,22.281440542027443,,,2.257133890503377,nan,,,1.0105242729187012,,None,-1.7360915275699087,16.26058965850539,-3.377703394400775,0.31716597080230713,15.472492109134105,0.35294342041015625
Gaia,DR3,5262092191874272896,104.76974315841535,-73.82823302962396,18.14275360107422,2.695009231567383,2.3746986072175376,7.5541096722646675,53.71783968220842,21.49446089752478,,,2.4566184736475334,nan,,,2.8830056190490723,,None,-1.3633329901786175,18.004774693199945,-2.3574479424988084,0.5851709246635437,18.728766826855658,0.3481854796409607
Gaia,DR3,5284281676552210688,93.9152469133511,-66.12173165904929,12.576860427856445,0.8164911270141602,1.037779057587697,7.644790311357181,57.67783300473514,25.8748741597029,16.67298698425293,1.6148170232772827,2.3583921355249045,nan,,,1.0741641521453857,,Gaia_DR3,2.4016743572797776,15.599817767152466,2.6467579392074083,0.015209578908979893,16.053848706917712,0.013415388762950897
Gaia,DR3,5265498307098541824,102.86101336469167,-72.2934078108072,19.188547134399414,2.625436782836914,2.8875665754262703,7.067121829890288,69.98245255845254,22.437342892729472,,,2.2033929594668535,nan,,,1.0358585119247437,,None,-0.6128481658187654,15.904601868796107,-1.4117087038355849,0.21408942341804504,16.98201510148851,0.22733518481254578
Gaia,DR3,5265559746608373376,98.55172698727114,-72.8490965057403,18.10587501525879,2.786195755004883,2.658325981393672,5.74278902386071,43.74001704539964,22.1007798781757,,,2.560700477316948,nan,,,0.9423179626464844,,None,0.8898494479683179,18.5940224832254,2.178443716731978,0.11066440492868423,19.22553712797138,0.13198944926261902
Gaia,DR3,5265543455795033984,103.57066366000676,-71.86235584613264,19.091562271118164,2.6717453002929688,2.8891422392370103,7.355162339422928,66.57432008053777,22.688110675029453,,,2.2416656590971886,nan,,,1.1289011240005493,,None,-0.8543258937863585,16.09188567892493,-0.017570855454142276,0.29159051179885864,17.17073260151275,0.3127076029777527
Gaia,DR3,5265054448000884096,93.67690947911228,-73.69339849883309,18.592432022094727,2.6993465423583984,2.715571855947608,4.476433215913567,55.13604405137952,21.511830885438417,,,2.2125634439496626,nan,,,1.004502534866333,,None,2.3291536374231545,16.089781642673792,3.0123143930539653,0.13071632385253906,17.15638014918604,0.1513822376728058
Gaia,DR3,5265402310286893824,100.27750768168728,-72.6471138262495,19.98910903930664,2.5611801147460938,4.46178138159978,6.258963785943529,46.145481247762376,22.231454176609386,,,2.5407811548649977,nan,,,1.0058722496032715,,None,0.24641448052440484,18.423744506372287,-0.6236947209802408,0.4618781507015228,16.1979427715649,0.480556845664978
Gaia,DR3,5278911459903155072,98.59433990946346,-69.79066183787901,14.703734397888184,1.196568489074707,4.017711076856139,6.494679952179287,61.354439152709006,23.90628495067336,28.879661560058594,5.228227138519287,2.242181614427773,nan,,,1.0039523839950562,,Gaia_DR3,0.7653001276816414,15.700775018996657,2.25164512679489,0.01991124078631401,14.51872489451152,0.019157228991389275
Gaia,DR3,5265032217247096320,93.05143884433504,-73.9301589256379,12.440070152282715,0.8782262802124023,2.0189526499624697,4.3884191419338885,65.89612994507546,21.3534730937629,33.29832077026367,2.62526798248291,2.8654019847104193,nan,,,1.0071134567260742,,Gaia_DR3,3.2743834765572153,20.857787493740865,4.477300863726352,0.012844298966228962,21.058573881934343,0.011276627890765667
Gaia,DR3,5212645813943899136,101.98667317399527,-77.23276909091334,19.259765625,2.9267330169677734,3.124158793659678,7.876644056650782,58.87659551850726,19.411250042006476,,,2.590660000135032,nan,,,0.998927652835846,,None,-0.3917347062576628,19.694590721743733,-1.7421294302915973,0.24767851829528809,18.651701422236886,0.26344063878059387
Gaia,DR3,5214058377147266304,111.41790092409406,-76.36822821819891,18.31708335876465,2.7423477172851562,4.480938054940034,9.577278062826375,69.66694745862708,19.799481059628857,,,2.392132655493549,nan,,,1.0188413858413696,,None,-3.6177793873927833,17.71647041219146,-4.405874147912019,0.13458487391471863,15.598682263087284,0.1422150433063507
Gaia,DR3,5268529007820965120,106.36541384059484,-69.03360620490021,18.1095027923584,2.699047088623047,4.00623843680082,9.253717265425125,67.52779706500347,24.291571749933468,,,2.5836095044431064,nan,,,1.031453251838684,,None,-2.0305236308160155,17.845025081644764,-2.762391627187423,0.12637171149253845,19.900626759415154,0.13481327891349792
Gaia,DR3,5278998213943638272,100.10020694881291,-69.58940313413119,17.477075576782227,2.4945411682128906,4.910589297189156,7.050680216688913,59.79149024134349,24.03282076242253,,,2.2844188015388904,nan,,,0.9984272122383118,,None,0.2803645940477546,15.969030495612103,-0.5283401023137428,0.08876396715641022,18.191289754351942,0.09287118911743164
Gaia,DR3,5279145514142659840,97.96625118972034,-69.41251491579754,18.531797409057617,2.8375625610351562,2.025986830838378,6.48793138886474,53.36900044118398,24.117776684579503,,,2.6402595630772248,nan,,,1.0146831274032593,,None,1.141730675169535,18.389536400516306,0.04289183979418221,0.160528764128685,18.13625974753117,0.16339834034442902
Gaia,DR3,5266050884708368768,93.95628590402642,-72.55059966716681,20.228395462036133,2.0207557678222656,0.6978778410701741,4.37040375180204,44.62587382618286,22.202243094866237,,,2.2777962490400356,nan,,,1.0199754238128662,,None,2.306125881177456,16.36564830360707,2.315953622329566,0.559215784072876,16.700612776712873,0.7785830497741699
Gaia,DR3,5260562088302468608,90.0939799561821,-76.98435413703402,18.75212287902832,2.7084827423095703,3.1256456242030355,5.7748768408071145,48.88463511047298,19.40993878054355,,,2.311357966394761,nan,,,1.039113998413086,,None,3.620584797743877,17.198139441738704,2.8317457901839704,0.18114399909973145,18.500922783065555,0.23125475645065308
Gaia,DR3,5278881257694446848,98.14911405049548,-69.99773748952826,20.14104461669922,2.6422786712646484,4.403198868973998,6.264634024178595,48.973209032038184,23.781449913771564,,,2.594560326338089,nan,,,1.0651252269744873,,None,1.0531570698323218,18.20838300652498,1.5523809874199865,0.5302067399024963,20.56444458576936,0.47431159019470215
Gaia,DR3,5279283919465372800,100.34047244800546,-68.78900409363132,13.430398941040039,0.9399957656860352,4.06879411316283,7.536805452969366,54.17587125885961,24.49414037847369,-4.320681571960449,2.217796802520752,2.522562557180086,nan,,,0.8853657841682434,,Gaia_DR3,0.22158336478419427,17.454424629410273,-1.9405168879949213,0.014693588018417358,17.37098815803964,0.012476928532123566
Gaia,DR3,5279392839841038976,93.13277805640082,-70.12427132685045,16.2056827545166,1.3271236419677734,0.32236069181174043,4.68337263748268,33.468925483719616,23.599417751895203,,,2.4764556904105404,nan,,,0.9496774077415466,,None,2.8009448134516526,17.250137059543,2.6625352165679548,0.0481887012720108,17.154402828145468,0.04980567470192909
Gaia,DR3,5284249378401970688,92.2645827416841,-66.07754477435212,16.921329498291016,2.362407684326172,3.1712811928297637,7.313817210802644,52.95688887738634,25.83607359323838,,,2.53358778743415,nan,,,4.044948101043701,,None,3.181689431403149,16.672124271973725,3.2233637047289636,0.3198021948337555,14.978837460534836,0.2847038507461548
Gaia,DR3,5284568825183836672,99.10505206977511,-65.21753633157785,18.924419403076172,-0.16368675231933594,3.217508618297177,9.644125061718055,68.77147019401858,26.482243165737152,,,2.5305068423165245,nan,,,1.0888229608535767,,None,0.6761609326466513,16.652093751701397,2.091329434436644,0.22284655272960663,15.680843228829723,0.22469891607761383
Gaia,DR3,5266408638305793408,99.00903922381721,-72.02711574771142,20.296571731567383,2.329437255859375,4.085311693215707,5.934195544956903,46.881501637781376,22.59598561418943,,,2.345007525135467,nan,,,1.061405897140503,,None,0.6592734181473048,16.874815206392945,-0.7439234661659682,0.755223274230957,18.327308223008686,0.5730703473091125
Gaia,DR3,5261436234406203520,92.55687977821133,-76.01925593249096,15.650429725646973,1.673579216003418,0.6378418141711873,5.40807190785199,41.78879694939336,20.0697388431749,,,2.365706799458115,nan,,,1.0242631435394287,,None,2.871558031292745,17.57408224984402,3.1335831933713605,0.030235929414629936,17.754446170276896,0.038429588079452515
Gaia,DR3,5280858317037100288,103.78671166111725,-67.84559739634796,11.263383865356445,0.737849235534668,0.22981145924332244,9.120798807187162,66.28531328654812,25.013422801992537,46.82032012939453,0.45650526881217957,2.5728365403901168,nan,,,0.7171579599380493,,Gaia_DR3,-1.0611685590095346,17.557721951527068,-0.9530620161961485,0.013196209445595741,17.619765278838614,0.014448078349232674
Gaia,DR3,5281612547655232512,103.14918424112396,-67.48111543520012,11.731207847595215,0.6374959945678711,4.735963697699352,9.155254685731908,65.0868263575179,25.226106361194326,23.9578857421875,0.7542086243629456,2.5075191072915035,nan,,,0.939257025718689,,Gaia_DR3,-0.8023043608821916,17.036902818003444,-3.2896953988282327,0.014646411873400211,16.75354420563654,0.013721451163291931
Gaia,DR3,5266708976778450944,98.703515142116,-71.02184134840141,14.083456993103027,1.2616376876831055,1.7951286966088407,6.058285898864498,59.65223961697006,23.18850302207436,30.861957550048828,2.150641918182373,2.742187591710634,nan,,,1.0698059797286987,,Gaia_DR3,0.8925210484795749,19.49639308236586,0.9124931715111999,0.0161848533898592,18.4588560391474,0.01854214444756508
Gaia,DR3,5261050683781639168,99.9029136248998,-75.92629859137627,11.366597175598145,0.9812860488891602,1.566227692128621,6.827596091469614,56.3590683630939,20.22787023715235,,,2.3042857464154567,nan,,,25.548242568969727,,None,0.34881370658353816,17.29783623480895,-0.4104418803929719,0.3905155658721924,17.24905429376566,0.44778162240982056
Gaia,DR3,5261132700477045632,100.17599936722137,-75.39062272180026,13.707866668701172,1.0748987197875977,3.396995388776366,6.675478682553498,50.66648750776368,20.56043374627484,-1.8010770082473755,2.294461488723755,2.5794080110905195,nan,,,0.9949790835380554,,Gaia_DR3,0.28818075800888154,19.260944117572325,1.6244984570152914,0.014224143698811531,20.536202237296358,0.015186413191258907
Gaia,DR3,5261318066969690880,105.14289941290488,-74.20610716195544,17.717023849487305,2.6126747131347656,2.504427328505902,7.681173810605698,57.79937958360104,21.259967133695536,,,2.3605987938182933,nan,,,0.9842118620872498,,None,-1.4376521334140357,17.362642732847526,-2.4108349003032226,0.09128540754318237,16.58407084241651,0.08769458532333374
Gaia,DR3,5476673125970550016,90.79461765868274,-65.31344993916295,13.31287956237793,0.8833084106445312,1.9949353715471594,7.687361548711709,65.64853947202845,26.180630328140758,17.950401306152344,1.6344090700149536,2.267657736637427,nan,,,0.9887077808380127,,Gaia_DR3,3.3252709394063498,14.6840930573445,3.4674500267954826,0.011813197284936905,13.7410821440525,0.011116204783320427
Gaia,DR3,5280879070318790400,103.90424974597246,-67.53847592663334,15.972185134887695,1.9032201766967773,4.072456352550462,9.344244090971271,67.32407594271235,25.184904845162176,,,2.5576716151660213,nan,,,1.09415602684021,,None,-1.098514381751619,17.37959990649392,0.1852385298089727,0.045285679399967194,19.16103487455494,0.04362984001636505
Gaia,DR3,5283280197567539072,95.36593543581117,-66.62173732776083,18.427928924560547,2.6398353576660156,3.4951481069485224,7.595498200883309,65.56446073970878,25.64377006317748,,,2.2630750599244913,nan,,,0.9409962892532349,,None,1.8307451184877104,15.124616367490571,1.6112310875051956,0.15183913707733154,13.471666913682494,0.15999430418014526
Gaia,DR3,5283319264582253824,97.23688238503512,-67.26966120412814,12.89029312133789,0.8077335357666016,3.252001237622822,7.604558423389667,54.08261444857009,25.324161090527895,2.253403902053833,1.5638701915740967,2.4873565248595497,nan,,,1.0372921228408813,,Gaia_DR3,1.3386181051565358,16.82509540779041,0.2456163132759428,0.013887201435863972,15.516234297698865,0.014178946614265442
Gaia,DR3,5267416924825838848,108.25538773587552,-70.20885941968432,18.258310317993164,2.720073699951172,3.51808208989181,9.310029998177814,66.59002830275358,23.566056928678716,,,2.536239796999303,nan,,,1.0213514566421509,,None,-2.6850727649587034,17.70811171310755,-1.4844427010888794,0.1560523957014084,16.260137676398124,0.17202965915203094
Gaia,DR3,5211791905725115136,90.24160222244964,-79.67584415043231,13.346141815185547,0.9784507751464844,0.3478195928289261,8.163637779127123,65.31951833656782,17.735605575320342,37.905269622802734,2.052417278289795,2.303174730511204,nan,,,1.1399189233779907,,Gaia_DR3,3.5592625626842125,17.570262057301893,3.561569112723324,0.013622431084513664,17.739123978643462,0.014454963617026806
Gaia,DR3,5261887068533053312,98.01112771732694,-74.06545959961512,14.847073554992676,1.6080350875854492,4.105831602378431,5.734882052089603,42.260861443852974,21.360342859621785,19.996915817260742,7.5753397941589355,2.396830624709167,nan,,,1.0182445049285889,,Gaia_DR3,1.0208651453862403,17.62899175686815,-1.0490609147749916,0.021637985482811928,17.767845461740535,0.02382415533065796
Gaia,DR3,5262114426922086784,103.56079406383,-73.95756295253871,14.183502197265625,1.281508445739746,3.277901600835188,7.227666264595984,54.56712601261611,21.4289004783979,63.670936584472656,3.234334945678711,2.587121607346037,nan,,,3.6841044425964355,,Gaia_DR3,-0.9822791910924735,19.012192132225817,-2.3142545905627485,0.058506473898887634,20.20460628966399,0.06933093816041946
Gaia,DR3,4756549389807833344,89.85737045351746,-63.55599687975194,17.753738403320312,2.3184261322021484,3.750256148871865,9.146164702828116,65.32218823340823,27.056787535813264,,,2.4357444107322808,nan,,,1.0306017398834229,,None,3.8975915000740673,15.297852288110498,2.9316837698038194,0.10642986744642258,13.631940255395943,0.12177778035402298
Gaia,DR3,5280612129511767168,105.68433891031628,-68.59382119020765,15.547162055969238,1.6838665008544922,4.540319841242697,9.272079626833841,65.84950916313164,24.557325938094994,,,2.4626362430998396,nan,,,1.172190546989441,,None,-1.6928372611406375,16.932176654261816,-2.0210601516120743,0.0366482138633728,14.598040726971393,0.03345555067062378
Gaia,DR3,5265759887786452224,103.76995173044104,-71.45171465926518,18.937458038330078,2.880817413330078,4.25743272957717,7.509722947090321,58.36887005007009,22.9293430469353,,,2.624449075722098,nan,,,0.9576531052589417,,None,-1.0760764209386386,18.745781859646886,-2.7019537059885703,0.19569747149944305,20.450115656939914,0.22797881066799164
Gaia,DR3,5278600465616634752,91.44929464883901,-70.72206782115937,18.736289978027344,2.7906246185302734,3.8470400503086073,3.9157617179658426,37.92492515724885,23.196047785984355,,,2.3096203163846356,nan,,,1.0096571445465088,,None,3.170444701812995,16.126908845974697,2.9925173485455105,0.1810297667980194,17.991528750717606,0.1954755187034607
Gaia,DR3,5262184825728535552,99.72490790502582,-74.31488141495161,11.603118896484375,0.8808708190917969,4.522979335669382,6.246058604015917,66.93671196434391,21.219919093746743,,,2.1936178729857825,nan,,,0.8803579211235046,,None,0.3887550810095184,16.196263925408758,-1.6630694106783017,0.015763651579618454,15.790343175738684,0.015763049945235252
Gaia,DR3,5268245849217290240,106.74941391198372,-69.84240306295204,19.558656692504883,2.6730098724365234,3.7671180825577752,8.994859557300128,65.44105573872379,23.818059926688765,,,2.5725159992213724,nan,,,1.0472326278686523,,None,-2.164571938018478,17.93954018723011,-1.71634901796909,0.30242037773132324,15.946362322668355,0.34447598457336426
Gaia,DR3,5262453626258940160,104.5859933387393,-72.52629587971992,18.802520751953125,3.086650848388672,3.8312880368997044,7.553680592474757,53.81816361418279,22.280792362467015,,,2.4463417882075076,nan,,,1.0684359073638916,,None,-1.2924898457173226,17.676850732907273,-3.0429633877028524,0.20355139672756195,16.76043785671287,0.2638457715511322
Gaia,DR3,5262859169954676608,109.75075554938192,-73.42370701691974,19.62485694885254,2.811239242553711,2.099059061069939,8.966220621351734,63.740199367152066,21.631654436328624,,,2.4562383051200034,nan,,,1.0976800918579102,,None,-3.1284850012521765,17.735665338281965,-3.5125016751086484,0.392763614654541,16.718873412784703,0.3664391338825226
Gaia,DR3,5262783479747670400,109.88138545762895,-73.91657953394306,15.170907020568848,1.5838403701782227,3.299084910319123,8.974076847149217,64.81689019152353,21.332566777458865,,,2.407766949896434,nan,,,0.8687233924865723,,None,-3.111876657424138,17.472771647637362,-1.8191417782763333,0.02738821879029274,18.537181737837127,0.027099043130874634
Gaia,DR3,5262985171411736320,111.56295954837847,-73.04447929126192,16.919706344604492,2.2779884338378906,3.2560389942013637,9.529657398110864,67.79276667356984,21.7963661054061,,,2.451513050824995,nan,,,1.0241528749465942,,None,-3.758354140264077,17.523021307083624,-5.390924765900534,0.06587285548448563,17.930823028909327,0.0740404725074768
Gaia,DR3,4757181853820102272,83.30397588368388,-63.12586501538245,17.35722541809082,2.501901626586914,3.9435382115032307,8.869575702289124,65.12318048046626,26.773871963444783,,,2.38067410404979,nan,,,2.424159526824951,,None,6.0030872527567345,14.348438686279842,7.975116940125043,0.21084211766719818,14.18078320058503,0.19350188970565796
Gaia,DR3,5280816535595353600,104.8521958644085,-67.75528985322795,14.65731430053711,1.4024238586425781,4.871188753303081,9.496547793998403,68.12610496553185,25.04803882729941,24.310487747192383,3.6918389797210693,2.548664415153498,nan,,,1.0453375577926636,,Gaia_DR3,-1.4448627828799276,17.35006479130831,-3.5291927722912826,0.027769286185503006,18.932900143549645,0.022899407893419266
Gaia,DR3,5266802534048693248,98.56631071754553,-70.66918621547208,15.72806167602539,1.6815776824951172,4.278986367457916,6.128943238868723,67.52472495501577,23.394248529616267,,,2.1860136589346877,nan,,,1.0407545566558838,,None,0.7550192699666243,15.474343203821453,2.6066764490066134,0.034119121730327606,14.79628804249421,0.033586543053388596
Gaia,DR3,5278506358589847296,90.27125185579649,-71.43894787011739,19.262908935546875,,3.3747533493033113,3.3305915225051725,41.560921895370676,22.734891414550447,,,2.6781563869845377,nan,,,0.9942625761032104,,None,4.1274175600144485,18.786651813970558,2.5087587677671292,0.3483491837978363,19.791744162548028,0.26948538422584534
Gaia,DR3,5278575696543535488,90.34021047566362,-71.10160986387795,15.041792869567871,1.4317665100097656,4.741879860897379,3.4425522501209955,38.934719578634414,22.93311922307433,25.295866012573242,12.154571533203125,2.2845428867545965,nan,,,1.0800226926803589,,Gaia_DR3,3.49831906638238,15.964754430467591,3.063831781272597,0.02495112456381321,18.20675295130734,0.02266307733952999
Gaia,DR3,5278855453525894656,97.20657170948667,-70.37404551424831,19.669015884399414,2.7122421264648438,4.087403112293055,5.817154052319433,47.48085386412054,23.550017514904543,,,2.3288132617448403,nan,,,1.0815870761871338,,None,1.2635241604253622,16.402660136844514,-0.576514944769646,0.42458197474479675,17.20324366512977,0.3865165710449219
Gaia,DR3,5283156158909690880,94.30897896303662,-67.58742368656853,11.69668960571289,0.6455154418945312,3.468957050647712,6.596636122684638,53.10429759386792,25.076661219620412,5.814790725708008,1.1688975095748901,2.627502711703842,nan,,,0.9328179359436035,,Gaia_DR3,2.526556704861588,17.757551219974356,0.6975343650348973,0.014166902750730515,17.168721217201355,0.01338141318410635
Gaia,DR3,5279332328040112640,100.92736227584919,-68.30895524353994,17.808141708374023,2.472362518310547,1.928199860351532,7.987602325083146,66.86995208849268,24.76890883020924,,,2.2744785458750036,nan,,,0.9419023394584656,,None,0.005945931178835906,15.639813343184436,0.13091470021845408,0.10052046179771423,14.723759289694435,0.11531239002943039
Gaia,DR3,5279315770942712064,101.1183601220266,-68.4332465832386,16.96004295349121,2.4546451568603516,4.605461898130633,7.9720987395252,57.03090093939451,24.698073839151125,,,2.516408655777431,nan,,,1.1123546361923218,,None,-0.06321831052656535,17.331771628454387,-1.4678755358182245,0.08167243003845215,15.332822548831887,0.07192650437355042
Gaia,DR3,5263936210314550912,105.75627245761883,-72.63793111798624,18.538772583007812,2.685995101928711,2.8930759820797403,7.8874081151649795,56.973873738837746,22.19629529441286,,,2.538369262446496,nan,,,0.9862586855888367,,None,-1.7713210067432184,18.33469763684879,-0.4099749809296718,0.16123656928539276,17.5975225014231,0.1474626213312149
Gaia,DR3,5263936214610022528,105.75929075911856,-72.63627912330796,13.897599220275879,1.3670196533203125,3.333537338046155,7.888507111246298,59.703732005975525,22.197230510953514,28.648387908935547,2.254875659942627,2.6060988965951197,nan,,,5.2108917236328125,,Gaia_DR3,-1.819722268613378,18.823466985699657,-0.19680985136389229,0.07575628906488419,17.974792788847306,0.07271766662597656
Gaia,DR3,5264054201655017088,110.86611799961003,-71.61873271545115,18.451208114624023,2.6436824798583984,4.108084156707276,9.631027579394715,68.54700321738669,22.659670207904263,,,2.4489849973241813,nan,,,1.0072810649871826,,None,-3.5106243504812626,17.261286691328028,-3.1138036265721927,0.1353806108236313,15.177857036357334,0.14696472883224487
Gaia,DR3,5264777508506797696,93.70822068936555,-74.33995074545416,18.47701072692871,2.7272090911865234,4.741041367060091,4.712376191422516,54.51231492535686,21.12219755585984,,,2.2231765681220983,nan,,,0.997158944606781,,None,2.330298098545777,16.28100165953519,0.9559471552893284,0.1608835905790329,18.026948043355453,0.1633756458759308
Gaia,DR3,5264801354168437376,90.42008545359822,-74.58407467223807,18.78437614440918,2.871784210205078,4.969968206457776,4.071789994965325,52.1058297395438,20.881205929729816,,,2.2198540262715745,nan,,,0.9600282311439514,,None,3.37394854869201,16.140927495501252,2.7212940258939704,0.19755962491035461,18.37326085447582,0.21227964758872986
Gaia,DR3,5278997290525869184,99.80148939133177,-69.6771224740464,19.69351577758789,2.7751731872558594,4.193903912589505,6.9176329100198855,68.86628640359739,23.98081923311495,,,2.205264281393133,nan,,,0.9497421979904175,,None,0.36629922119177194,15.431249171326579,1.724010283835439,0.35008376836776733,14.031964744915001,0.3979131281375885
Gaia,DR3,5279112460075010816,99.05121715035595,-69.43138042517361,16.92108154296875,2.4704103469848633,2.912502102089725,6.807268587087806,51.70142546916237,24.11805978216057,,,2.5832131068813675,nan,,,3.5510408878326416,,None,0.7104288113521484,18.012731782441204,-0.716201844367975,0.20896968245506287,18.705761507458547,0.2107722908258438
Gaia,DR3,5279193931313967360,98.61365532012978,-68.93632978941574,19.7629337310791,1.0702266693115234,3.2912134791108514,6.937023853642225,51.32359501333987,24.39877080072015,,,2.5577841948202225,nan,,,1.2404751777648926,,None,0.8658528735893265,17.71672222473802,-0.010466666740710728,0.7389567494392395,16.17353538635573,0.5152697563171387
Gaia,DR3,5214066284184137984,109.9680660061359,-76.40485894881311,13.722774505615234,1.1207008361816406,3.110483642835316,9.252048339559707,68.41927238058743,19.816751337210597,40.2638053894043,2.89670467376709,2.368363476061287,nan,,,0.9995467662811279,,Gaia_DR3,-3.0903972796809325,17.628810525182537,-3.4655418885483296,0.014586768113076687,19.135805061863213,0.016298465430736542
Gaia,DR3,5260235602068093824,91.61225484823112,-77.76397564179788,16.72977066040039,2.0618648529052734,2.7909584921121717,6.60780162758229,50.381027314533796,18.967022025745315,,,2.5820693601992,nan,,,0.9759465456008911,,None,3.484157190256655,19.451990077463076,2.0157960163100204,0.0539393275976181,19.06229917012979,0.05863720178604126
Gaia,DR3,5264893884941025408,97.31861055792429,-73.96460627607418,13.506723403930664,0.9442691802978516,3.8807144345802667,5.526111682998854,55.511361547293355,21.414147229994715,4.995148658752441,2.7085084915161133,2.2446283831223193,nan,,,0.9614453315734863,,Gaia_DR3,1.1814034339041175,16.47928139232147,-0.15091903001472473,0.014148013666272163,15.215567139324122,0.013384007848799229
Gaia,DR3,5283234430395361664,93.26109125119955,-67.21574131365084,17.126197814941406,2.3071365356445312,3.570216205104575,6.6139811110245175,47.212759106848424,25.249142354457078,,,2.4403155151184994,nan,,,1.0972917079925537,,None,2.7150124888881875,16.36571313129986,1.6312333489533501,0.07940105348825455,14.882881402330957,0.08622591942548752
Gaia,DR3,5278913379751161600,98.74909105708674,-69.6707124609055,18.101165771484375,2.7808837890625,4.348614581199359,6.598304980118476,47.57438885027984,23.977194785257698,,,2.5153196786448766,nan,,,0.979668378829956,,None,0.8020453692439611,17.58892040527203,3.0421033662727575,0.1299164742231369,18.135904144479706,0.13041311502456665
Gaia,DR3,5279404384713272704,92.08927977887996,-70.12003621427537,14.399113655090332,1.191971778869629,3.250436075549415,4.375082058326005,46.07087907270857,23.566451186781457,43.25857162475586,3.1341774463653564,2.26770662567565,nan,,,1.057855486869812,,Gaia_DR3,2.904850140184007,15.74838707530619,4.158854214295767,0.022241609171032906,14.830758205078432,0.019507087767124176
Gaia,DR3,5279405857879105536,92.47003888027392,-70.02004223879798,11.579148292541504,0.7157192230224609,2.494230384088521,4.537460641911092,42.05594780011891,23.637363924094647,0.7603776454925537,1.2934246063232422,2.631643551258882,nan,,,3.2094645500183105,,Gaia_DR3,3.2271881234853934,18.273539520567113,2.671766075374903,0.059964824467897415,19.54091738284141,0.06780030578374863
Gaia,DR3,5265229304708414336,95.57572293410375,-72.97711521643936,19.192787170410156,2.680797576904297,4.118640018667321,4.875693521210412,68.03882695901633,21.983217010742194,,,2.1493289840472016,nan,,,0.997092604637146,,None,1.6735474593175557,15.569159935428985,0.9636457924958834,0.22798362374305725,13.843303819160344,0.26334482431411743
Gaia,DR3,5265242434426434944,96.34835787612667,-72.90693468854043,19.090309143066406,2.6678295135498047,2.044227914691144,5.096461054581297,69.42318775512382,22.03884143150263,,,2.146859062887517,nan,,,1.0471556186676025,,None,1.4316549962213667,15.559062197901882,1.7176349232401171,0.20086798071861267,16.438928847829878,0.2821657657623291
Gaia,DR3,5279455924322290176,91.77882281028351,-69.97503908169905,15.758045196533203,1.8000164031982422,3.9583109210325937,4.357867556867063,34.748669137191655,23.638224756200245,,,2.3657777527521806,nan,,,1.522171974182129,,None,3.13581901901811,16.383942807377004,1.4185449524591727,0.04911456257104874,15.410213679736845,0.046469587832689285
Gaia,DR3,5260693853602012800,98.35832816620382,-75.899109757193,19.010421752929688,2.6236095428466797,4.472525274679843,6.480915858789712,46.95349539652024,20.23655120543307,,,2.411737117453543,nan,,,0.968508780002594,,None,0.9057547754717976,18.082953322013026,-0.6880610549726442,0.17703622579574585,16.461091114856043,0.21868659555912018
Gaia,DR3,5264777783385247360,93.95518883580222,-74.313896485366,18.59239387512207,2.9075088500976562,4.241605543063601,4.762820401006269,50.18349646333416,21.143674231979507,,,2.7042107731642324,nan,,,0.9755529761314392,,None,2.7382714723715913,19.809844185198138,5.135808162673342,0.17307400703430176,19.495680609789485,0.18642643094062805
Gaia,DR3,5264895160549870080,97.72042689782953,-73.92728404682545,19.48224639892578,2.2980079650878906,3.465733060056923,5.62617719381045,41.67865382361016,21.441389453869846,,,2.39300155120713,nan,,,1.7259718179702759,,None,1.1201100461564502,17.569558340360093,-0.39169004224430015,0.4946839213371277,16.691376940611605,0.5184696316719055
Gaia,DR3,5264898145549363968,97.62876355154337,-73.8308199479513,19.69895362854004,2.345064163208008,4.799532729789514,5.581366994427261,47.76645214044111,21.498954401609737,,,2.3103532924244385,nan,,,1.0780887603759766,,None,1.1121280409127503,16.943447149844662,-0.009945166760990887,0.35142236948013306,14.892767552677295,0.4883708953857422
Gaia,DR3,5265109320502722176,93.11536327926709,-73.52172514777754,17.797521591186523,2.5657920837402344,4.2842727261151685,4.276045374324564,30.47984093417678,21.600617798320748,,,2.4663469037041166,nan,,,1.0098634958267212,,None,2.795690770378981,17.87634446435461,0.9328039492680955,0.10614561289548874,19.097622546124,0.09480208903551102
Gaia,DR3,5284062706250824960,93.27585304141338,-66.64454572740813,18.858779907226562,2.722911834716797,1.9566732524301598,7.070362942903168,50.24634039228377,25.565357338527413,,,2.469732245909029,nan,,,1.00275456905365,,None,2.742493625921357,16.431681059046454,2.931598699195076,0.17532211542129517,15.430655603261812,0.2167118787765503
Gaia,DR3,5280358314126073216,99.86494750789255,-67.39611717814475,11.373159408569336,0.6825180053710938,1.9715712603084987,8.252164524820527,59.4420253062168,25.282377520895672,27.873397827148438,0.5545781254768372,2.415403320259343,nan,,,0.8147658109664917,,Gaia_DR3,0.37894912326465136,16.402376527782526,1.2205612311782326,0.015500121749937534,15.855094008556875,0.013935382477939129
Gaia,DR3,5265975151549950080,94.16591869669213,-73.07458109362926,19.056026458740234,2.7511940002441406,4.884251167937226,4.4783001351551315,57.90226141436425,21.8948728427892,,,2.196332866606612,nan,,,1.036787748336792,,None,2.1572688207326953,15.881424736988988,4.001553511696283,0.24509577453136444,17.19015736850305,0.2587655782699585
Gaia,DR3,5266216322566386560,91.68821389879484,-72.14286509235083,19.856273651123047,2.539243698120117,4.455350236815968,3.6819013119703397,26.4096476624846,22.37640968066995,,,2.4356021797951373,nan,,,1.114258885383606,,None,3.2600055608443217,17.309956722645698,2.168244857803713,0.4807097315788269,19.320220002572913,0.47598159313201904
Gaia,DR3,5265869705812980736,92.35920724386281,-73.40962925142706,18.063695907592773,2.933076858520508,1.7127211504249156,4.038417297264775,38.32909663180471,21.64657915147712,,,2.311883045095646,nan,,,1.0466151237487793,,None,2.8718633309339245,16.701397082423977,3.1464473597784743,0.12783457338809967,17.489667814604772,0.12687529623508453
Gaia,DR3,5265873206206475264,92.79742554713317,-73.26488823636006,18.212356567382812,2.5160293579101562,2.530669988383651,4.123966100730594,50.824209335737585,21.745662416652493,,,2.2289460626280113,nan,,,1.2702395915985107,,None,2.628502012172822,16.09625051513619,1.5973647057864073,0.17193414270877838,16.68850618637367,0.15463101863861084
Gaia,DR3,5265453845597725440,103.83437535685957,-72.51254303292764,16.79810333251953,2.2970123291015625,3.7301329173562645,7.331231309136978,69.35832196083176,22.297868640890282,,,2.218922412727314,nan,,,1.4480704069137573,,None,-0.9305359261469626,16.044208770674558,-1.587296856874891,0.08399839699268341,14.427681169830725,0.08593282103538513
Gaia,DR3,5210734484778025984,96.26271473084428,-80.18337850387495,18.34807586669922,2.77239990234375,4.402215425251505,9.113675275584432,69.7398775462169,17.509132449054796,,,2.3299614350390128,nan,,,0.9803653359413147,,None,1.5826416417640614,18.11974089279485,-0.5712507916724263,0.1298237442970276,17.929506072118674,0.15166445076465607
Gaia,DR3,5476477069304684032,91.27760423411621,-65.49759554653834,15.293231010437012,1.4652433395385742,3.921162537265716,7.615169900251326,61.05618390036586,26.10556792342184,,,2.309886067148607,nan,,,1.00957190990448,,None,3.227598026648289,15.023833082601637,3.419549243043636,0.027445929124951363,13.124106882623389,0.024968063458800316
Gaia,DR3,5476517991747244160,92.80056641860588,-65.65512919537242,19.9194393157959,2.6068954467773438,1.7454626323176092,7.788480599025782,68.8181185059629,26.087604391744783,,,2.245270517622433,nan,,,1.1106879711151123,,None,2.6467389814710645,14.707545991478735,3.1104286924651436,0.4916127324104309,14.0237680801931,0.6028380393981934
Gaia,DR3,5281955938880749824,101.91734056874206,-66.5138903774946,19.165088653564453,2.505136489868164,0.14477211657527683,9.441624300045131,68.21882149559401,25.775567741284195,,,2.405550835403234,nan,,,1.0299721956253052,,None,-0.33952780883880207,16.136618275229075,-0.35801353654322776,0.29966676235198975,16.20766887855947,0.24725940823554993
Gaia,DR3,5282755039036461440,91.1684155633519,-68.80004162572199,18.57442855834961,2.7389087677001953,4.7398341823985275,4.914368042543505,67.61577032795208,24.281456765284716,,,2.1524789543577296,nan,,,1.0651743412017822,,None,3.041293735693336,14.65425844209716,1.1972951458319996,0.17226555943489075,13.547249847044027,0.20755529403686523
Gaia,DR3,5266480862474738560,98.26575094044199,-71.66276758170595,17.195125579833984,2.6972084045410156,3.991407618414806,5.765736512805889,55.51922288723342,22.80596977126988,,,2.712078129683014,nan,,,0.9843565821647644,,None,1.054973988025781,19.422486600659447,2.3493211466932022,0.06483909487724304,17.54304942857637,0.07697103172540665
Gaia,DR3,5266340090632084608,94.70833002755059,-71.67054016635628,14.483052253723145,1.2834587097167969,4.913475207291446,4.663915961721454,44.39864459665673,22.741506858923653,21.355924606323242,3.2685580253601074,2.2917538506171584,nan,,,1.6671152114868164,,Gaia_DR3,2.0716378152394985,16.326490466463817,-0.22965937309984963,0.0299046840518713,15.744202344436546,0.04175722971558571
Gaia,DR3,5280841205887203840,102.13847919678386,-68.04219246211827,16.998516082763672,2.2379865646362305,1.6905368904929121,8.50815443386828,68.16928995838825,24.9172086787653,,,2.2970895419243984,nan,,,1.0170598030090332,,None,-0.39797404990200524,15.73539693925385,-1.2092597903199325,0.054554905742406845,15.844894652057413,0.06112290918827057
Gaia,DR3,5283123139202083328,92.41020836208129,-67.60533403684643,16.421430587768555,,0.22641027054935256,6.10548150200747,51.63394820867498,25.000907484552446,,,2.304984940508653,nan,,,1.1224377155303955,,None,2.84641300185083,15.50410691453817,2.870216576935584,0.14865319430828094,15.396696990038283,0.2369309663772583
Gaia,DR3,5266109158828461056,96.9919196131232,-71.86866905773667,13.02556037902832,0.8784036636352539,2.482493262991859,5.337953457282295,54.990201697670365,22.668035345145366,21.848464965820312,1.9726817607879639,2.727253005449124,nan,,,0.9140956997871399,,Gaia_DR3,1.5645238675410649,19.550449070736406,1.1510714436010385,0.01247601117938757,18.18438013038325,0.013636721298098564
Gaia,DR3,5266214437067502848,91.5546468198115,-72.26043840396808,11.431215286254883,0.9132308959960938,4.36038167284441,3.6393054355539,68.52314438616833,22.302688701675976,34.886924743652344,0.46110954880714417,2.12394088778484,nan,,,0.6949801445007324,,Gaia_DR3,2.883505953447873,15.109146987483724,1.3290623161856476,0.012784679420292377,13.927882673470215,0.014890830963850021
Gaia,DR3,5266507937948386304,98.93898987653405,-71.49177566482082,17.871047973632812,2.516019821166992,4.852624381569335,6.0093955251144635,63.382625131697644,22.913198388774795,,,2.2086002949517125,nan,,,1.0036628246307373,,None,0.6433778078138641,15.793431852762822,-0.9583150346254563,0.10528124123811722,17.38694369651206,0.10809874534606934
Gaia,DR3,5266480862474737408,98.2529845945301,-71.6685284658135,12.632333755493164,0.9747400283813477,4.694106834643812,5.760691283006431,60.15414280166496,22.80242669717073,31.152456283569336,0.9650560021400452,2.761610879438002,nan,,,0.9908908605575562,,Gaia_DR3,1.0793559796053898,19.778322269299387,2.49630770518256,0.012137609533965588,17.441571042512965,0.013476671651005745
Gaia,DR3,5265819849827017088,102.8448147893874,-71.28007060416019,20.150127410888672,2.4468994140625,3.5254260953291268,7.269536640938925,53.350665274259505,23.03910011487871,,,2.390756190300918,nan,,,1.063112497329712,,None,-0.6593402851014747,17.054389948975427,-0.8569083646377664,0.42763617634773254,18.820170299863307,0.5299137830734253
Gaia,DR3,5211037640748934528,91.02415194540463,-79.7666847935279,18.154268264770508,2.369873046875,3.61478700402766,8.303636783297534,61.039610292004724,17.695379839828846,,,2.576591664104273,nan,,,1.5926086902618408,,None,3.6937175055310494,19.72292401524497,4.241640059117656,0.2103760540485382,17.837476395814612,0.20770685374736786
Gaia,DR3,5211311968900177792,104.09341499229697,-79.0336224790793,20.225521087646484,2.438199996948242,4.633264657208889,9.24818836495301,65.88658280933566,18.25906861291537,,,2.520095524583316,nan,,,1.0050156116485596,,None,-1.1515055945245274,19.44531172254908,-0.49526004515982613,0.5879150032997131,21.817694636661766,0.6300395131111145
Gaia,DR3,5279115105774705280,99.36529675228296,-69.32155346426906,11.475343704223633,0.6351995468139648,4.74908550826168,6.958219515327763,50.04373788372038,24.183691639882912,24.7501220703125,0.7494724988937378,2.5154877787631493,nan,,,0.9283376932144165,,Gaia_DR3,0.5771231883257766,17.519173302906825,-1.789875711847499,0.014492934569716454,18.37918474311989,0.018781496211886406
Gaia,DR3,5279383184754644608,92.20423485630658,-70.37406668093249,19.75968360900879,2.7276363372802734,4.149293320141078,4.289740909727023,53.68182332151209,23.424325787756104,,,2.755464016730107,nan,,,1.351865530014038,,None,3.484191995975429,19.202855349687276,5.760411583779407,0.6573501229286194,19.9953694252582,0.7128729224205017
Gaia,DR3,5282895643363283968,94.01650812109091,-68.09660506439481,20.33922004699707,2.0934104919433594,4.774561194256735,6.154329476534069,46.57736363152909,24.78208866076533,,,2.370772563662909,nan,,,1.0422484874725342,,None,2.379677819360742,16.12226636218946,1.049299356197627,0.6704670786857605,14.14129469769367,0.4919663667678833
Gaia,DR3,5283222576278678656,93.55218890869668,-67.26126654201876,20.226587295532227,2.1321163177490234,2.7657885060618135,6.6502445572417495,49.80419028075546,25.23403625061729,,,2.374528794472625,nan,,,1.0664308071136475,,None,2.542309356795779,15.94671151042559,2.456123643114227,0.8070903420448303,17.32850960854268,0.6127369403839111
Gaia,DR3,5282849115983762688,91.9877107882362,-68.30345205049873,18.429948806762695,2.5457687377929688,4.00010185053265,5.478161802751237,54.72165500238816,24.594197222395195,,,2.717903129139256,nan,,,0.9409691691398621,,None,3.5211407545320874,18.431264292244354,4.363739374686526,0.1735183298587799,16.299868198640862,0.17875473201274872
Gaia,DR3,5267020482164457984,106.75728945236506,-71.53876076820528,11.213404655456543,0.8549728393554688,3.3608004561795086,8.403326049765536,60.52048402027512,22.828845961400816,9.353021621704102,0.49770593643188477,2.4153410087960414,nan,,,1.2367026805877686,,Gaia_DR3,-2.035069627226103,17.195075702365173,-0.8180754747599144,0.022367967292666435,18.39810883230345,0.026289401575922966
Gaia,DR3,5266929806815404928,101.81362743060167,-69.98324339633352,13.323230743408203,0.9518108367919922,4.365384206848076,7.402222197261251,66.5232765205031,23.80439015105948,6.588652610778809,1.594918131828308,2.24443884536227,nan,,,1.022665023803711,,Gaia_DR3,-0.2829883226041674,15.767291749962693,-0.9760009356078776,0.011024010367691517,13.821539395191383,0.012071702629327774
Gaia,DR3,5283384513726814208,96.99512285217871,-67.04591132206909,15.769962310791016,2.051687240600586,4.87292444538176,7.699929829377332,59.503821635172145,25.444855021069543,,,2.624025119619031,nan,,,1.066362738609314,,None,1.5040881339659917,17.689012868685534,1.8223821271928877,0.044367510825395584,15.012311226436077,0.03945712372660637
Gaia,DR3,5262443245321259776,103.4588622564187,-72.82048928848047,16.58724021911621,2.076460838317871,1.86245863503152,7.190803270788448,61.678517374823564,22.116920333527954,,,2.275083356812169,nan,,,0.9872307181358337,,None,-0.8301611783626703,16.51315240653428,-0.012310000647558272,0.06193997710943222,16.87235042720187,0.05168004706501961
Gaia,DR3,5266890117020404736,100.5452842269023,-70.44078438158722,17.762393951416016,2.6322574615478516,4.811298262522454,6.825752475829124,59.91359095888271,23.538891621418415,,,2.7015123766953906,nan,,,0.9539942145347595,,None,0.15695521684118052,19.08789513508492,-0.45974060132587846,0.10613556206226349,21.75765759419808,0.09519785642623901
Gaia,DR3,5211749819342354432,108.02846818189889,-77.36091530047366,14.683279991149902,1.375422477722168,3.3185413125920675,9.123325210063198,67.17306582596397,19.266160878547453,2.06758713722229,4.584341049194336,2.3752254582144876,nan,,,1.1203938722610474,,Gaia_DR3,-2.4369550479826225,17.934547451826102,-3.2737920944720598,0.022039305418729782,19.370107659702757,0.02559621073305607
Gaia,DR3,5212223292240344320,97.12197948376287,-77.98148883707475,18.562267303466797,2.4482650756835938,4.5605782766986795,7.511524196026617,59.74745259606955,18.921754697331085,,,2.3170705514795342,nan,,,0.988226056098938,,None,1.2855550319825961,17.698345152025315,2.697627141587203,0.14217036962509155,19.421295352724187,0.1946374475955963
Gaia,DR3,5212202543253508224,93.82503056178453,-77.83876191971133,20.16020393371582,2.5073070526123047,4.278172209554867,6.944050778457655,56.72467579814008,18.966307172108838,,,2.3085052951516616,nan,,,0.9619810581207275,,None,2.3808858576997247,17.506897430039118,0.44587182574979245,0.5327670574188232,18.27529779289701,0.6202868819236755
Gaia,DR3,5279971251674825600,98.7934318881524,-68.52975286662861,17.06182289123535,2.192392349243164,4.597067688874557,7.224024119952974,61.24337369416713,24.632929227443913,,,2.6913005991465915,nan,,,1.0138380527496338,,None,0.8408421256070273,18.545330412988974,2.28753109104131,0.07754850387573242,16.3751701849795,0.07915863394737244
Gaia,DR3,5283361767578755328,96.09575508376771,-67.35781643691017,10.902182579040527,0.6808099746704102,2.185936702979687,7.233699992234621,67.83303195309433,25.25223028462723,,,2.7724035794566233,nan,,,1.0512893199920654,,None,1.950160191372286,18.744352373427645,2.5734977757752517,0.013432112522423267,17.62916622584321,0.01663948968052864
Gaia,DR3,5283632453597886848,98.34319413265497,-66.19804632974393,20.116504669189453,2.398517608642578,2.4968911215097083,8.687457379904117,62.29889402417946,25.936346562818606,,,2.4245908907736617,nan,,,1.0848554372787476,,None,0.9159053624670532,16.175043327323145,-0.3559596680486332,0.6025135517120361,16.280521324500267,0.476462185382843
Gaia,DR3,5263950572684418176,106.52697742332548,-72.29704713104647,19.636550903320312,2.5846023559570312,3.5949434192420564,8.16783254968648,62.36859456360638,22.385005351070298,,,2.6237887014690635,nan,,,1.1237773895263672,,None,-2.1233778896079567,18.852920480576888,-0.3504313293204824,0.3365000784397125,17.952615369676078,0.3310869634151459
Gaia,DR3,5265011777507351296,90.01288265223832,-74.2820425844129,20.191320419311523,2.0646934509277344,3.6774190056028777,3.8094204386942376,34.98901234505688,21.048478298678347,,,2.3287470120308558,nan,,,1.0468921661376953,,None,3.674754988582908,16.853720372885665,2.4650370413102194,0.5400030612945557,15.51364539671293,0.7062869668006897
Gaia,DR3,5212173367541139712,91.42007337635972,-78.16789703618804,18.252944946289062,2.611818313598633,2.708932153599608,6.926950915127136,49.81488542556209,18.710345617402478,,,2.422299569197213,nan,,,0.9073324203491211,,None,3.3352586798166834,18.305397205489232,4.711268439219169,0.13549546897411346,18.163537895105907,0.13193883001804352
Gaia,DR3,5278664756978734208,93.75364785906677,-70.50007374933598,19.9494571685791,2.3665714263916016,1.2186309587379833,4.706148929791747,52.428390597175195,23.400958437186617,,,2.236280499820665,nan,,,1.120440125465393,,None,2.3293976521248454,15.674659308742472,1.8960930518283972,0.5548728704452515,15.297436553234611,0.5444660782814026
Gaia,DR3,5265234355588038656,95.54886206523267,-72.86122911436895,17.92124366760254,2.744640350341797,2.381968766042225,4.858745221049629,39.86095058482384,22.052114021802257,,,2.5845906360515087,nan,,,1.0621471405029297,,None,2.022495690839142,18.696893847409925,3.0663796313450566,0.10606145113706589,17.925739302276686,0.13067223131656647
Gaia,DR3,5264985453643698944,97.10487391227801,-73.34390363858999,18.273725509643555,2.490917205810547,2.103561032782175,5.3558833178240866,63.661976719447225,21.787167287353977,,,2.1861332035447916,nan,,,1.0335007905960083,,None,1.2183268504537412,15.937673706473285,0.32335935743712985,0.15933857858181,15.565039521280891,0.133904829621315
Gaia,DR3,5265093347523985024,91.79137998202489,-73.61982020464417,17.133216857910156,2.2784042358398438,3.415451630616292,3.949785332286906,47.99820712082947,21.50380407244002,,,2.241444363122257,nan,,,0.9270681738853455,,None,2.9669808714254127,16.202633542505314,1.585052564380395,0.06557337939739227,17.036202307307647,0.07965732365846634
Gaia,DR3,5268403388617437696,105.0029648916958,-69.66887736701061,18.627357482910156,2.732839584350586,4.20002881145545,8.528823118382727,61.05994813304411,23.953972594532488,,,2.526854559259491,nan,,,1.0211747884750366,,None,-1.4876895618706127,17.634236686379946,0.13691124340474614,0.20223113894462585,16.095999281809334,0.18134218454360962
Gaia,DR3,5283120042527490432,92.52011931446037,-67.60354229485596,18.48675537109375,2.6284427642822266,3.3856915383536026,6.133687034569346,65.75768974529215,25.006155935666264,,,2.1973954269739657,nan,,,1.0591404438018799,,None,2.6788616098149967,14.784843127281741,1.2710285546468691,0.16343049705028534,15.476053853128487,0.19928406178951263
Gaia,DR3,5279218734744197248,100.4353603090387,-69.0129812305862,19.346149444580078,2.297880172729492,3.2473224161845,7.44381194137198,53.51342347152277,24.36595812340608,,,2.4216256649618995,nan,,,1.0247611999511719,,None,0.1793495704006962,16.805098162021796,1.746716148660429,0.2680107355117798,17.34505785072026,0.2894000709056854
Gaia,DR3,5267193616589432448,107.66115370491329,-70.90292338407018,19.20459747314453,2.9708786010742188,1.0763173101159167,8.870831666874844,65.06962170273371,23.179737435813173,,,2.3820632786692393,nan,,,1.0083810091018677,,None,-2.317828486005105,16.797586657879048,-1.9797672036553258,0.21316669881343842,16.37587546612415,0.19845420122146606
Gaia,DR3,5265473778543028736,104.28571249669311,-72.32553718746244,20.182958602905273,2.1213607788085938,4.573101623587685,7.491123228730789,62.921201941543266,22.404498416691204,,,2.2815731400010804,nan,,,1.0518909692764282,,None,-1.106129431456743,16.45435604595106,-3.110760254167282,0.5110276937484741,15.549073762919491,0.8030065298080444
Gaia,DR3,5268357591381275392,107.71898747111416,-68.95247480690799,19.042621612548828,2.800302505493164,4.225563405235215,9.713887801310841,69.6986471377982,24.302368615421226,,,2.421128720254406,nan,,,0.9960418939590454,,None,-2.376033870678664,16.65801084586786,-3.046879094374784,0.24063317477703094,14.608277007914056,0.21148961782455444
Gaia,DR3,5268411497515842048,105.44320646208793,-69.54992171135568,17.437641143798828,2.598541259765625,3.3531824853277707,8.719520196758536,62.106279169456634,24.014707336230632,,,2.4465114101556815,nan,,,1.0573562383651733,,None,-1.5963611517286762,17.036908817687166,-2.0164380993187514,0.0889521986246109,15.359302281567045,0.07870391756296158
Gaia,DR3,5279466953798258176,93.00635387388179,-69.69821897210154,19.262832641601562,2.544200897216797,4.975197861646145,4.863427491118447,35.717434605550295,23.84016612565192,,,2.406320869006907,nan,,,1.1429355144500732,,None,2.7653818779867088,16.666383274955592,3.527015330225186,0.26991212368011475,14.260247626705462,0.3659155070781708
Gaia,DR3,5278830508355652992,99.32796126248795,-70.19793529446468,19.814287185668945,2.5777969360351562,3.0977773896870753,6.5432604162164285,48.59730788277747,23.67564852689357,,,2.3831180016295037,nan,,,0.8904882669448853,,None,0.5596697459235906,16.780952066827343,2.0176480494719726,0.4369373619556427,16.23661836851018,0.6284679174423218
Gaia,DR3,5279289623182067584,100.38047018556648,-68.60477088122943,14.118849754333496,1.0897369384765625,2.4329555360149127,7.652389698885528,54.75484783268415,24.599586444297355,0.34784144163131714,3.101412057876587,2.43219018346995,nan,,,1.0552173852920532,,Gaia_DR3,0.19951845214372366,16.788746837368404,1.1736981238371857,0.020571205765008926,16.009577730394287,0.01710011065006256
Gaia,DR3,5279515740323691776,94.7254743923093,-69.57437155519894,18.993328094482422,2.8885364532470703,4.320772123104828,5.43449812010174,61.820176848005815,23.96198080021812,,,2.7922341685178833,nan,,,1.0568327903747559,,None,2.5171377171152813,19.38936093811217,5.0572607323691665,0.18829768896102905,19.26147038401479,0.20517009496688843
Gaia,DR3,5260500614433155712,91.47321111317493,-77.15538398592476,19.256736755371094,2.6630992889404297,4.26763281823205,6.09208204308698,46.756208956614074,19.341801804681616,,,2.3613103536435927,nan,,,1.0332427024841309,,None,3.2333111908686427,17.67995460854065,1.2265528294906431,0.28458723425865173,18.377016364530377,0.27088847756385803
Gaia,DR3,5284119674694511488,94.71674936071555,-65.97103503230488,17.549619674682617,2.4540042877197266,1.8303506841207564,7.955222344725071,56.49662997720573,25.983194323469093,,,2.475106721655281,nan,,,0.9860246777534485,,None,2.2343718862108872,16.36662455068061,2.26883619772289,0.10695615410804749,17.321038055338338,0.1041080504655838
Gaia,DR3,5284202412944562176,90.40144773673019,-66.68902603305708,14.990825653076172,1.533646583557129,2.2977058568548907,6.402766193584517,54.46575367108926,25.416942778773773,13.763887405395508,2.8118512630462646,2.6612660203345895,nan,,,1.0265763998031616,,Gaia_DR3,4.051930613515643,17.555682768425537,4.083607059053099,0.02562825381755829,18.844356173244734,0.028368478640913963
Gaia,DR3,5476441777563927040,92.59039565208725,-65.50816827296369,15.374310493469238,1.9722023010253906,3.690045180484712,7.8705205961614295,55.903316265455594,26.15855935912893,9.347861289978027,4.985417366027832,2.4775929963277328,nan,,,1.1143689155578613,,Gaia_DR3,2.995438116037848,16.18446451390588,1.1279019330603366,0.029214104637503624,15.708170402124816,0.039580777287483215
Gaia,DR3,5284636720027020544,98.67335972796116,-64.95338153103398,16.4017391204834,1.9398813247680664,0.6857022633079448,9.744602098287128,69.17896794924435,26.621266949335862,,,2.46438421671455,nan,,,1.0077264308929443,,None,0.8128857994688357,16.148306119079933,0.5310817041466906,0.05451494827866554,16.36622601505779,0.0471462607383728
Gaia,DR3,5280146520697520000,99.7957142863659,-67.8387355369323,17.078121185302734,2.3389997482299805,4.351482094462155,7.943022148074003,60.15499439197649,25.03259316917285,,,2.6082358864603847,nan,,,1.0185364484786987,,None,0.4354206701053638,17.818311038026764,0.3211487876149066,0.06214714050292969,20.20820974072647,0.06122537702322006
Gaia,DR3,5282921821193093632,94.66940869251152,-67.9064509218965,17.768230438232422,2.831014633178711,2.512648878235934,6.461966326812455,68.90663779995698,24.908378711692308,,,2.8227790865009323,nan,,,0.9868013858795166,,None,2.5675194198261257,19.175536056031127,1.9032090570734752,0.10544108599424362,20.515059158824293,0.09232576936483383
Gaia,DR3,5283050223534084992,92.73338262995017,-67.98708166264257,12.530495643615723,0.8650627136230469,4.241987506935114,5.898813444139081,50.760765009757996,24.800049008555114,22.322389602661133,6.607424736022949,2.6491991347429433,nan,,,1.080020785331726,,Gaia_DR3,3.1484763961313567,17.928887371551486,1.297777745924452,0.016025599092245102,19.407853258929045,0.017030838876962662
Gaia,DR3,5476482459485080192,91.26094903089786,-65.36080106050503,19.278690338134766,2.8372840881347656,2.2255396865595025,7.7331341121639845,61.49029638083968,26.17830355122345,,,2.6535091145099976,nan,,,1.0472499132156372,,None,3.7140682979824557,17.222889253415676,4.702813356172645,0.2666493058204651,17.979361559605106,0.266219824552536
Gaia,DR3,5267461386327238016,107.77763001933072,-70.2944714898223,14.3100004196167,1.2631139755249023,1.8367125906428572,9.127888480107876,66.2794188362194,23.53022673040772,47.49634552001953,2.7094132900238037,2.571209025551428,nan,,,0.9794729351997375,,Gaia_DR3,-2.54506124952525,17.992021244307477,-2.5603908321168958,0.017857158556580544,16.996573641860067,0.015863534063100815
Gaia,DR3,5280121506807993088,99.74375370097637,-68.13682599497388,17.429330825805664,2.3750362396240234,4.919581369705648,7.74099617353751,55.12188307555913,24.863494782081904,,,2.448660586309249,nan,,,0.9742787480354309,,None,0.4272540426152043,16.79485745304442,-2.0545794031356723,0.09334316104650497,16.25675155521721,0.08462956547737122
Gaia,DR3,5260418258435267072,96.18673525866377,-77.0139391985841,20.07650375366211,2.644124984741211,4.009256743347419,6.7027859967379415,57.19652606162795,19.519659118977657,,,2.2879938741420416,nan,,,1.0082265138626099,,None,1.5792943527589236,17.29688851294805,1.4392640716716414,0.4137107729911804,15.368171905320253,0.556010901927948
Gaia,DR3,5260912175379221504,104.87985829765506,-75.8667586805387,18.47221565246582,2.7820053100585938,1.6916067360296312,7.934243300479832,65.53147379412643,20.243733915205766,,,2.6965260827471056,nan,,,1.0192147493362427,,None,-1.539493960637664,20.182664689399505,-0.5863430409549926,0.14680011570453644,20.309871816040456,0.152099147439003
Gaia,DR3,5260546145383533312,93.50927766826014,-76.70955773528999,17.007665634155273,2.436887741088867,4.863486254997961,6.051391173298642,43.29987705420202,19.664763333713353,,,2.4928759308690354,nan,,,1.9894466400146484,,None,2.6844233336553245,18.690780222321358,0.196213328336571,0.13202381134033203,18.106563088579794,0.15290996432304382
Gaia,DR3,5260973713670575744,107.67919697750665,-75.09393496443921,17.928924560546875,2.684215545654297,4.074498856947182,8.450239312957294,63.624647315239315,20.674377056075453,,,2.3530239538759523,nan,,,1.0286210775375366,,None,-2.295695306368345,17.388599832709694,-1.6272229023114568,0.10989011079072952,19.295971357919345,0.11158694326877594
Gaia,DR3,5477559671638479360,91.78278153645434,-64.18568380754697,17.702817916870117,2.386381149291992,3.3505306709616525,8.886605234354132,63.104390606621955,26.829418466572868,,,2.494084077060619,nan,,,1.0362179279327393,,None,3.304472490324877,15.930114973322098,1.554377303478872,0.11457131057977676,16.13142480776174,0.10597634315490723
Gaia,DR3,5477634885107008128,91.85792800077884,-63.66270507292786,18.13522720336914,2.6715564727783203,3.522415729988589,9.377353115119233,67.68620664194592,27.108306611906926,,,2.407854699475761,nan,,,3.4470152854919434,,None,3.164281307697462,15.258060896313681,4.92060161590203,0.4657159149646759,14.923091224387417,0.4417658746242523
Gaia,DR3,5265582973791660032,99.25599451647751,-72.52856740434142,14.615747451782227,1.3810720443725586,4.325985839986654,5.960200411111845,52.19408079845122,22.298184869482416,9.327446937561035,6.143150806427002,2.66276748209098,nan,,,1.0078110694885254,,Gaia_DR3,0.6531617633053659,19.27466477482158,-1.2111795892785822,0.02108881250023842,20.830643768849374,0.01876770332455635
Gaia,DR3,5261120777647961216,99.42832333432264,-75.5744504207328,13.632667541503906,1.0610837936401367,1.0549291184094953,6.573202663859361,53.57821090454321,20.444198921437216,38.10285186767578,2.034177303314209,2.636323228668998,nan,,,0.9172798991203308,,Gaia_DR3,0.5807255363179624,19.71699470464846,0.9302041930817362,0.015355468727648258,19.246248666683726,0.013224869035184383
Gaia,DR3,5282909348607617152,95.65672239296973,-68.00956932007266,19.153995513916016,3.2995967864990234,2.363318969390964,6.658195105553539,65.07225034928739,24.87602234517583,,,2.7716116325729474,nan,,,0.987718939781189,,None,2.125619082320668,18.89125104089599,2.9117378805389165,0.29505741596221924,20.026486587577555,0.2912958562374115
Gaia,DR3,5283438355434119680,99.74553663300578,-66.82114684931497,14.459038734436035,1.2403650283813477,4.003832405720502,8.613559484029475,66.83556424552505,25.603499063411405,11.826395988464355,2.6335055828094482,2.322284927957876,nan,,,0.9522533416748047,,Gaia_DR3,0.40460226459845483,15.644215558679269,-0.009972806363915065,0.021643145009875298,17.559991816983977,0.01810816489160061
Gaia,DR3,5279616796619416704,95.30519400742209,-68.9480946643784,15.852267265319824,1.803034782409668,3.2170810315258627,5.958084482058323,49.720622249570106,24.33516586240533,,,2.314712028228857,nan,,,0.9431125521659851,,None,1.8928374985484235,15.96337185000386,2.184004541263687,0.040088143199682236,14.420789164790754,0.03691107779741287
Gaia,DR3,5283397845303422464,97.62896271981171,-66.94272224150082,15.139613151550293,1.5369787216186523,3.6611317808527377,7.9452784641969325,56.43170097282497,25.513196390899456,,,2.478431790995467,nan,,,1.0704656839370728,,None,1.1929639345784833,16.69685861382527,0.8680124632507717,0.02571714296936989,14.811799571593063,0.02633824199438095
Gaia,DR3,5266222374167768832,91.96679795218814,-72.28166337215366,18.855220794677734,2.5192928314208984,3.8008267405744585,3.764842020626094,62.71914030828331,22.303977625565317,,,2.1550188217079795,nan,,,1.0344178676605225,,None,2.798368687106906,15.353593137109502,2.2235002755494344,0.21923857927322388,16.98180322114042,0.19128312170505524
Gaia,DR3,5266792878960869376,99.58832751745886,-70.66798343742812,18.479999542236328,2.877408981323242,3.412416257484702,6.4467644199748415,46.90714510772013,23.402545204990254,,,2.5274673545209256,nan,,,0.9986242055892944,,None,0.498037747715006,17.902700603230535,1.5424733336123349,0.16501297056674957,16.414425391785,0.1893305629491806
Gaia,DR3,5283688803569674496,98.23603577930663,-65.94243448567661,17.35365867614746,2.237558364868164,3.737014816706812,8.854122106190541,66.59443305818245,26.075781521727972,,,2.350646371268559,nan,,,1.026656150817871,,None,0.9245126502793979,15.622661300884651,2.64839683126863,0.10443518310785294,16.299074037671275,0.0809616968035698
Gaia,DR3,5283894480970925312,92.63008140587964,-67.25546049165744,19.76881217956543,2.6281471252441406,3.732792457251452,6.43066129873971,62.077247951866006,25.203724603182085,,,2.23396889418189,nan,,,1.0433508157730103,,None,2.688155086413866,14.963842925605185,4.405060287737539,0.406558096408844,14.58626601416582,0.38519755005836487
Gaia,DR3,5280350441447722624,99.45602602965916,-67.57332984096944,18.081653594970703,2.7085399627685547,3.935462248736099,8.017390205174781,59.04147459739961,25.18028268339009,,,2.381789999122408,nan,,,1.005639672279358,,None,0.5150787228394953,16.210397190674215,1.4853935875445998,0.12548086047172546,14.48902287077301,0.13019564747810364
Gaia,DR3,5283913065285561600,92.79852433720946,-66.98153007468282,19.107749938964844,2.8225765228271484,3.8056930827595488,6.687736888997975,49.69154172308551,25.361739133088804,,,2.5577549356483082,nan,,,1.07553231716156,,None,3.015848426201126,17.07569866507779,4.793322383090292,0.2432042807340622,18.101085993134145,0.28310537338256836
Gaia,DR3,5284042674520186496,94.4499135061956,-66.5349162830502,18.87639617919922,2.6835498809814453,0.3425459815180891,7.437674798809639,55.01770483626246,25.665338316070294,,,2.5676770915055736,nan,,,1.0025951862335205,,None,2.416822899126873,17.10631593223894,2.2382621716202413,0.1999954879283905,17.156272867992048,0.20609168708324432
Gaia,DR3,5284155237021757440,90.47903960278578,-66.7157336230868,16.636754989624023,2.1966896057128906,2.49033819867193,6.395738838386634,53.47760079668246,25.406212878121334,,,2.648823330710991,nan,,,1.0381603240966797,,None,4.003639566047168,17.48521833724655,4.171210585903813,0.05434331297874451,18.865686349716572,0.06369668245315552
Gaia,DR3,5283795490553455360,98.25938914317004,-65.8696826884511,17.276586532592773,2.5687694549560547,3.5214729120378356,8.916240684514891,63.28629732132063,26.116074451887158,,,2.4888699591765304,nan,,,1.1742750406265259,,None,0.9704448626734035,16.524276521566595,1.0983573463725373,0.1140473484992981,14.681067366301457,0.0880814790725708
Gaia,DR3,5263973834226529024,106.77400729674646,-72.24167154273215,11.820101737976074,0.7606077194213867,1.8304111114946005,8.251731058408218,68.18396006312699,22.41275928671701,26.877840042114258,0.7695445418357849,2.7092531813019263,nan,,,0.9516853094100952,,Gaia_DR3,-2.2892517701000066,19.44544033172501,-2.876486022308873,0.013868600130081177,18.580540010559226,0.012818544171750546
Gaia,DR3,5283323009789212800,97.76672309873169,-67.42694746519764,20.257322311401367,2.0715560913085938,4.3808276306439105,7.639997484498563,67.45683822431714,25.2444500201992,,,2.7433066980477,nan,,,0.9886812567710876,,None,1.2656651809783037,18.608273553189605,-1.195702011562069,0.5257983207702637,18.00800589493843,0.4881216585636139
Gaia,DR3,5283661728095362176,96.0291535406965,-66.38246463731168,15.810503005981445,1.7374029159545898,2.9388245785057436,7.947959003603534,62.1643607063758,25.792581287461978,,,2.3237677083456565,nan,,,2.923412561416626,,None,1.6569749751396303,15.496362992322004,0.8790574000057649,0.09892769157886505,16.707743876592726,0.094243623316288
Gaia,DR3,5264960371035553792,96.3682131333264,-73.64919606629276,20.074378967285156,2.382091522216797,4.12927784452893,5.199218601937825,48.644318316019074,21.592234841852445,,,2.667079318088689,nan,,,1.05972158908844,,None,1.770903650486063,19.48888373948804,0.8256298712789096,0.5699754357337952,21.60940969575847,0.5151523351669312
Gaia,DR3,5282944709074978048,94.31091921972839,-67.9635380679603,20.15119171142578,2.078632354736328,4.642947715505947,6.326219309418368,57.13565708288059,24.86587095493126,,,2.2677977150636157,nan,,,1.0619293451309204,,None,2.1800365089616025,15.405030830449038,1.5846136407720848,0.5171995162963867,13.26670689267463,0.46719107031822205
Gaia,DR3,5265201168380980224,94.2606601425912,-73.42524967290176,9.918998718261719,0.6324882507324219,3.9565816913921754,4.568407434772182,34.1890918008812,21.686854067088987,2.0904979705810547,1.3717743158340454,2.523069528024526,nan,,,0.967248797416687,,Gaia_DR3,2.443720247873005,18.31889936171615,1.2380638146821115,0.014453119598329067,20.043760000148627,0.013805956579744816
Gaia,DR3,5265263595725680512,96.7403396280272,-72.65701972836249,17.932655334472656,2.5629920959472656,2.0408800244212157,5.204492099052028,40.865082540105995,22.19465874961096,,,2.5690957275066966,nan,,,0.9893456101417542,,None,1.5674174002575798,18.577601065866865,1.1871492599955613,0.10286703705787659,19.615451876817165,0.1320526897907257
Gaia,DR3,5266340777826819328,94.58979243836407,-71.66528356854863,15.388028144836426,1.5683355331420898,4.329263262169178,4.62808318964646,34.45753689462968,22.7417899205366,,,2.3980743063904293,nan,,,1.0337016582489014,,None,2.2087779637024125,17.078566121821233,0.47468152288384835,0.026450039818882942,15.743308249509868,0.03462454676628113
Gaia,DR3,5266814907851554688,99.3125424497344,-70.40059266234987,12.861085891723633,0.8754615783691406,2.0054023502013933,6.458427461760359,52.6228839677798,23.55733168405744,12.846903800964355,1.33905029296875,2.318425897781785,nan,,,1.1819562911987305,,Gaia_DR3,0.5496660934217723,16.366131179090864,-0.3210708070335353,0.015234439633786678,16.816111767412472,0.018586838617920876
Gaia,DR3,5267058140437674496,105.39216128457723,-71.52071369927505,17.59168243408203,2.396200180053711,4.02681161027657,7.9902543680721125,58.470225730297805,22.866105178978508,,,2.390321921671083,nan,,,1.0225414037704468,,None,-1.5420322700562719,17.053515914401572,-2.4833329980320626,0.10294634103775024,18.85109908324517,0.09613076597452164
Gaia,DR3,5266298957723182336,95.94072483921563,-71.77049831407732,17.989803314208984,2.783754348754883,4.141345140950435,5.028789710625087,47.42887658193402,22.708548942953865,,,2.663053946539465,nan,,,1.0274028778076172,,None,1.9329746207236957,19.038234387966316,2.271289113613823,0.10064376890659332,21.338432844507476,0.10807859152555466
Gaia,DR3,5267089850180790144,106.29512288295042,-71.23652018797162,18.698205947875977,2.697662353515625,3.9403133139750692,8.345471951602178,62.232333950503424,23.01650352731726,,,2.5984226305371627,nan,,,0.9928656816482544,,None,-2.0157589388176937,18.448246298251902,-3.5707108008855526,0.17214475572109222,19.945181031991982,0.22175508737564087
Gaia,DR3,5284154412387845888,90.45817045462566,-66.74598843072295,20.26189613342285,2.4356441497802734,3.744800565795355,6.365600770453454,56.87554715161298,25.388654103553097,,,2.6936059346216092,nan,,,1.01931893825531,,None,4.079354695935316,17.787090673534166,5.740125438055268,0.5546086430549622,19.11509932042215,0.6136336922645569
Gaia,DR3,5284728082572244992,96.80188860479916,-65.27843901998467,16.414716720581055,2.055159568786621,4.198259769197363,9.018585333033428,64.09501654740782,26.41446271880916,,,2.5032551065371615,nan,,,1.4875736236572266,,None,1.504932662605179,16.447925661788393,2.623400182145445,0.06251154839992523,14.535509806752831,0.06026015803217888
Gaia,DR3,5477520638975463936,90.00946827877848,-64.75688280220938,19.147220611572266,2.9737396240234375,3.6334764806797226,8.053780985895752,57.550671770870096,26.43539859042088,,,2.5140536495991608,nan,,,0.9470314383506775,,None,3.968392166753591,16.09653445686357,3.4097649351198744,0.293154776096344,17.939425882633824,0.30322858691215515
Gaia,DR3,5267429255676622848,109.62902495250923,-70.19800346351846,18.964536666870117,-0.10024452209472656,4.449193439994726,9.740256032694536,69.41347012867121,23.5277620827978,,,2.4431720969045525,nan,,,1.0485543012619019,,None,-3.0691551075886907,16.992217887741923,-4.842950426260054,0.20877476036548615,15.54142957504601,0.1915857195854187
Gaia,DR3,5268177816936343424,103.96188854957288,-70.11239235808195,18.989662170410156,2.556661605834961,4.519965569508908,8.015328623117467,60.17315035639157,23.712213688413833,,,2.3599386098888933,nan,,,2.637511730194092,,None,-1.033315018955272,16.581888269064642,-2.511949648752121,0.4883517920970917,14.887724952265271,0.4654761552810669
Gaia,DR3,5278624345635190400,92.03311761796418,-70.62259180206193,17.077871322631836,2.1487598419189453,1.6506837854238798,4.132568643704001,57.428680742951386,23.274810518255993,,,2.1907169860214433,nan,,,1.0120012760162354,,None,2.8238820119581245,15.306058644824196,3.432448258611392,0.0796939879655838,14.84693989495488,0.08988647907972336
Gaia,DR3,5278793468562093184,98.41770445106056,-70.53605176882435,12.617318153381348,0.8769283294677734,4.553090699650542,6.1303101851968425,48.816664488579534,23.470699894546982,30.8919620513916,0.7106947302818298,2.604808016366725,nan,,,1.013517141342163,,Gaia_DR3,0.9558268268639285,18.40671450537101,3.408118107302828,0.01311556063592434,17.919655359697558,0.012714757584035397
Gaia,DR3,5279392839841039360,93.13427958575384,-70.123789988031,11.6234130859375,0.669123649597168,1.8570489926024178,4.684050610464051,33.44358667741232,23.59974292164441,-2.105924606323242,1.1039953231811523,2.4743050311062476,nan,,,0.8380613923072815,,Gaia_DR3,2.797977834314343,17.23512179018326,1.8318665425932303,0.01490176934748888,17.30523758351554,0.014026391319930553
Gaia,DR3,5279417815082950016,90.71809717701115,-70.3666631621795,20.135772705078125,2.4991416931152344,3.94978792729883,3.8501569335500654,41.55586129022561,23.37195408176436,,,2.2803789390629183,nan,,,0.9029315114021301,,None,3.368865785561049,15.81415017431406,1.933112013275338,0.5516982078552246,17.056701745643227,0.4998014271259308
Gaia,DR3,5279473997544460288,91.94376589446314,-69.76509752010284,19.461097717285156,2.52508544921875,4.211864477154424,4.519067118981975,33.468980880412985,23.76455973561681,,,2.5145556378954748,nan,,,1.1361562013626099,,None,3.2735471890283927,17.377149890411804,1.1043885688370172,0.372480571269989,16.848357374975915,0.3356386125087738
Gaia,DR3,5278953584940827392,100.61293149901351,-69.65153541590227,16.07938003540039,2.2086753845214844,2.745999986709183,7.178959990226367,59.034503534795874,23.998132790913967,,,2.664529066429725,nan,,,3.6529648303985596,,None,0.1286314641398012,18.64270740681922,1.6691851991784108,0.1606902778148651,18.566160617723675,0.15928509831428528
Gaia,DR3,5279725300371650944,91.344172555809,-69.27270924219542,18.22873878479004,2.459545135498047,3.8891200962044765,4.645144338904663,63.57588960628074,24.02159665656974,,,2.168374705955469,nan,,,0.9804067611694336,,None,3.009198451117793,14.862312769508776,2.4276974620764435,0.1493026167154312,13.182329593336425,0.1530999392271042
Gaia,DR3,5279977397769625600,98.95235785082144,-68.36775224583381,18.77848243713379,2.940885543823242,2.2239142516568333,7.3677801589025425,62.8076028739233,24.726650038012217,,,2.7017172651579595,nan,,,0.9249786138534546,,None,0.781783946769214,18.57943742779838,1.1058777309262884,0.19346195459365845,19.8039009401474,0.18286776542663574
Gaia,DR3,5280021893630202368,98.31822333444173,-68.33611342774309,18.5728816986084,2.795978546142578,3.422658760267015,7.201684397912419,69.14728124178104,24.738152165673682,,,2.214870884075474,nan,,,1.0167332887649536,,None,0.8447055558368235,15.217421483324873,1.0965554658462908,0.17820708453655243,16.795549443586616,0.1728425770998001
Gaia,DR3,5280392605144724096,100.90153995279489,-67.11880434157922,17.478897094726562,2.487884521484375,4.609246432877528,8.735304747196459,62.24114677382844,25.4406094725152,,,2.4449490554880633,nan,,,0.9279897809028625,,None,0.015559917749512042,16.543034104670895,1.3472191727589289,0.07501336932182312,14.57564499507307,0.07640545815229416
Gaia,DR3,5281689547828634752,101.94482339985355,-67.19285989554525,19.26926612854004,1.6544780731201172,2.314523120548055,8.987364426910107,64.35008546876773,25.396809212308472,,,2.428215453175907,nan,,,0.9929757714271545,,None,-0.35241646934583226,16.44381262973538,-0.04302456548615341,0.26152271032333374,17.587488895013497,1.1613110303878784
Gaia,DR3,5280359825954534912,99.94879049278369,-67.36955617604872,15.747333526611328,1.7428560256958008,4.603841059228455,8.293900097650045,62.73430444977913,25.297700472934427,,,2.615719223460845,nan,,,1.125837802886963,,None,0.37853351863589957,17.756733564528492,2.1260950442129247,0.037290964275598526,19.598138003537315,0.03412260860204697
Gaia,DR3,5280491763051124480,103.09057526041256,-69.0507840804563,19.102067947387695,2.8717899322509766,3.786452042982816,8.234778588245657,60.65270092459132,24.334923159334323,,,2.5781857865830955,nan,,,0.9514699578285217,,None,-0.802987219568029,17.887054614614442,0.6057460861107198,0.20091737806797028,16.386824529846713,0.21082793176174164
Gaia,DR3,5282951752828703616,93.32917867294543,-68.03294796493326,17.507789611816406,2.6499996185302734,2.6609872657568503,6.018684762416225,69.33736612693403,24.795483876748893,,,2.845669690193003,nan,,,3.6397147178649902,,None,3.1381093130087714,19.301884282478035,4.474426764232891,0.369353324174881,20.17508370270516,0.4104319214820862
Gaia,DR3,5283095891934699264,90.71996256573387,-67.88328892610114,14.518417358398438,1.150944709777832,3.023808148214489,5.486734709148936,58.69635285619399,24.774528762959754,4.393515110015869,5.204012393951416,2.221337480208874,nan,,,0.9145134091377258,,Gaia_DR3,3.2810500517493977,14.915797544279954,2.4631518303063094,0.021773403510451317,13.759912925584919,0.025470944121479988
Gaia,DR3,5283316790681236224,96.89365667567206,-67.3841340463708,17.301454544067383,2.3890857696533203,4.469668890548122,7.430076457341513,60.67038481692956,25.25389711497542,,,2.6675309686731277,nan,,,0.9567385315895081,,None,1.5682356314904868,18.063969690429317,0.5401679070904126,0.07123390585184097,15.770352735678713,0.08135364204645157
Gaia,DR3,5284271510364800384,93.10065385236916,-66.32646091561249,19.611413955688477,2.8269081115722656,4.5212551424359715,7.289771027387237,57.1279643714776,25.733521079337134,,,2.3309543825942622,nan,,,0.9584715962409973,,None,2.6471512381183895,15.431002635929918,0.5859536451198738,0.42003709077835083,16.260089752070172,0.3519739508628845
Gaia,DR3,5284016041418584064,93.78525338651066,-66.74396671883582,19.394113540649414,2.9540328979492188,2.8469861529095843,7.111442025730313,50.57187483285408,25.52845958220933,,,2.4803088413616816,nan,,,1.0422911643981934,,None,2.572292337359793,16.546990139579094,1.129713661232368,0.28201496601104736,16.914334291570366,0.337820440530777
Gaia,DR3,5284265600505361792,92.61520942579429,-65.86010813387999,17.395545959472656,2.3410091400146484,1.9243990972065903,7.5738505026075975,62.72964652467568,25.968869668863775,,,2.2888479661878245,nan,,,1.0556371212005615,,None,2.7590827513427376,15.029909406786969,3.6713331737853125,0.0904800146818161,14.856713725829207,0.10767810791730881
Gaia,DR3,5284786631563305088,95.38664385388724,-64.92591124168584,19.872825622558594,2.4501380920410156,4.847848528161963,8.97810732110837,65.41674047103974,26.570691459564813,,,2.575068760647129,nan,,,1.0348339080810547,,None,2.0754292535625036,16.79064570072505,-0.3190075295297201,0.45677870512008667,15.69872640786052,0.42572322487831116
Gaia,DR3,5284705370785173888,96.62025596639391,-65.29268389817514,13.239383697509766,0.8588895797729492,2.061474274609192,8.962970530620458,69.3662170978259,26.40285904397086,12.174065589904785,3.4539663791656494,2.3206097406531754,nan,,,1.0311760902404785,,Gaia_DR3,1.4561708623881762,15.24694193109212,0.616895334098136,0.011649561114609241,15.806108688113937,0.0120595907792449
Gaia,DR3,5476702675339510272,92.02150961560676,-65.11308937990627,15.6006498336792,1.6825599670410156,4.820476692980972,8.100416643074885,65.02384333903004,26.346705338136292,,,2.301700451694975,nan,,,1.8934985399246216,,None,2.9707752199578623,14.921628292000928,4.624969399729244,0.06566960364580154,13.267977931589485,0.07403767853975296
Gaia,DR3,5477637187209958784,92.24655254086362,-63.70773802092249,18.315114974975586,2.6377124786376953,4.215861294548866,9.405982292797699,67.14309070351119,27.103007800917553,,,2.437206646786503,nan,,,0.9740407466888428,,None,3.0669618056068835,15.474071035411919,4.073364904921098,0.1364099681377411,17.392131979097613,0.1573657989501953
