Catalog,Type,GaiaDR3,RA,DEC,Gmag,Bp-Rp,Voff(km/s),Sep(deg),3D(pc),Vr(pred),Vr(obs),Vrerr,Plx(mas),SpT,FnuvJ,W1-W3,RUWE,XCrate,RVsrc,PMRApred,PMDecpred,PMRA,PMRAerr,PMDec,PMDecerr
Gaia,DR3,2342132081251403904,12.110059518956222,-28.27742348389491,17.94610023498535,3.4813385009765625,4.507735815014586,31.784094352856634,68.12828938716599,-15.957564503763962,,,7.745160906350985,nan,,,1.0430092811584473,,None,70.40141386540142,-15.936888640330377,65.46431247252438,0.17183643579483032,-10.478388197228204,0.14461971819400787
Gaia,DR3,2446363245239069440,358.33789428565416,-4.649034981251784,14.565053939819336,2.6934757232666016,4.137906570852828,38.679388652664954,68.68329648732217,-28.218400584426295,18.166954040527344,2.9722697734832764,15.713932151669095,nan,,,1.1875715255737305,,Gaia_DR3,123.99231639582585,-11.033740281025786,120.63114460643231,0.033202458173036575,-24.32271601372799,0.021873213350772858
Gaia,DR3,2454172045538825344,26.020140920875406,-12.875376033719192,14.900440216064453,2.324647903442383,3.5061111952970334,12.40839283897974,50.66298151796844,-7.342995747134058,-12.311378479003906,4.042776107788086,6.734157399378062,nan,,,1.2206870317459106,,Gaia_DR3,65.79389266597576,-3.8859637790473904,64.48081123788062,0.037098247557878494,0.91508475798776,0.024355662986636162
Gaia,DR3,2464364758846472576,26.59645492077486,-9.514854589412126,11.272136688232422,0.9772939682006836,3.205468303119146,10.732027211255069,36.06735600135984,-7.030884208071015,4.540027141571045,0.9277843832969666,7.459702760778259,nan,,,0.9135379791259766,,Gaia_DR3,73.00186216809382,-3.49861387691238,73.35120353289635,0.024663832038640976,-8.527350592783952,0.015132267959415913
Gaia,DR3,2468724288091434240,19.62216483678547,-11.986743864359061,11.889704704284668,1.1870784759521484,2.9808101240753113,17.972338478069037,46.6316169359943,-12.385761188278583,38.69461441040039,0.3706510365009308,7.470742320727925,nan,,,0.9675592184066772,,Gaia_DR3,71.1717034933402,-5.804417497129318,69.79616826102229,0.019593138247728348,-1.3159615718293516,0.01733333244919777
Gaia,DR3,2489321400758711296,37.675593657093785,-4.117720724451555,11.860093116760254,1.5921401977539062,3.9613082275753757,2.9881050350915173,27.690566945002352,1.8186004523060788,110.70929718017578,0.5598686337471008,12.75587162001796,nan,,,1.241931676864624,,Gaia_DR3,126.28010606040004,-2.427726334931947,116.98448751599852,0.024246059358119965,2.774315974606125,0.01739102602005005
Gaia,DR3,2491044958250259456,30.942488654203128,-5.044281507833133,16.61463165283203,2.8526744842529297,3.7837650938295515,6.49877820346006,25.865124229596155,-3.659987386698621,,,7.816741644840809,nan,,,0.9259328842163086,,None,77.18833464370856,-2.238497250053001,72.55156014950217,0.07244200259447098,1.9300039398625395,0.05808759108185768
Gaia,DR3,2496231492037378432,37.80407367761118,-2.844565072957342,18.373395919799805,2.890371322631836,4.343351801184496,4.265301428414101,74.45564811273331,1.9032058076039196,,,5.5734216016958875,nan,,,0.9274003505706787,,None,55.17080290407776,-1.1018518696137,57.98678788248577,0.17980922758579254,3.1540092600617955,0.1651967316865921
Gaia,DR3,5116420477586032000,33.400264280794076,-28.629814278324844,15.076168060302734,2.6069517135620117,3.69261270470998,21.858788450875057,49.130158056149575,-1.0460684560490652,-12.755939483642578,4.4901957511901855,14.565516605925136,nan,,,1.0620652437210083,,Gaia_DR3,144.19456725342226,-5.361847011134079,133.31691751681586,0.027740690857172012,-2.162539403687151,0.02584642544388771
Gaia,DR3,5119716744726495488,35.886460400874405,-24.472648162523093,15.100144386291504,2.3536291122436523,0.8338332456140946,17.4543528674757,50.774733681272174,0.6845243284295286,43.941986083984375,5.7513580322265625,7.118653194009012,nan,,,1.018096685409546,,Gaia_DR3,70.5206300341425,-1.232321274903807,71.24362365719308,0.02573646418750286,-0.211007557625574,0.029988713562488556
Gaia,DR3,5125209836099538816,39.33999194884538,-23.72253118746653,8.637751579284668,0.7032804489135742,4.930570115641407,16.793298977943447,37.20902333266959,3.263122121453705,25.562519073486328,0.19432710111141205,8.167466938511087,nan,,,0.9119564890861511,,Gaia_DR3,80.73434352146487,0.5312810068183538,76.60984487805652,0.012161948718130589,-6.888829293585198,0.017229048535227776
Gaia,DR3,5136467288979631616,30.837195241367017,-21.17609914049231,17.952266693115234,3.202241897583008,4.441679442694031,15.380600102547959,67.66239567921087,-3.2188961416916086,,,6.117127500372836,nan,,,1.0316189527511597,,None,60.39604673451272,-3.035135533926894,55.73262422370879,0.12603354454040527,0.29050915562560103,0.104090116918087
Gaia,DR3,5141164883689982976,27.273913323460963,-18.47739349783049,8.144392967224121,0.5284581184387207,3.9268836929220106,14.928211808586752,42.3556333980376,-6.0779600020127535,16.91136360168457,0.19521301984786987,7.431745293739522,nan,,,0.9418920278549194,,Gaia_DR3,72.85852693084237,-4.8873372848979955,78.49522652521469,0.021900340914726257,-7.352521540532843,0.01723059080541134
Gaia,DR3,5143645927382635008,33.81624693876424,-17.329275517389963,19.416547775268555,3.405885696411133,4.456705663501812,10.773342403701198,70.42925868015887,-1.0424465648894188,,,5.833767631321719,nan,,,0.9816285371780396,,None,57.766830607888465,-1.7287201132044352,53.63452182119268,0.363173246383667,1.8719237216636644,0.31135621666908264
Gaia,DR3,5145793892067130752,36.727044465034595,-15.527285309509525,19.27911949157715,0.9102497100830078,3.6108682741911746,8.47701688501893,25.939551334492716,1.212365113730261,,,7.983237109784689,nan,,,1.127988576889038,,None,79.07008872177107,-1.2338564586506422,72.99328923095995,0.3205412030220032,-1.1991680602662824,0.29317042231559753
Gaia,DR3,2370379673135367424,8.768218985577407,-17.010414188644674,17.424352645874023,3.0968074798583984,4.488723839971073,29.44289070560925,73.68335740132399,-19.927391780657306,,,6.930706805634282,nan,,,1.0107338428497314,,None,61.29958447336913,-10.48859011157219,63.149655137473665,0.14586478471755981,-16.78053935451274,0.13295826315879822
Gaia,DR3,2429857548481552768,6.18655969418586,-8.634640747163006,9.086450576782227,0.7722406387329102,3.3538010195677797,30.711106966844014,60.93941322065869,-22.60577153784653,22.14948081970215,0.15453913807868958,8.39242430159838,nan,,,0.9908314943313599,,Gaia_DR3,72.46568678467777,-7.922566315521092,76.30519022350262,0.020838530734181404,-12.446443008133018,0.01708172634243965
Gaia,DR3,2531125524337198848,16.377243929711682,-4.041816057839545,14.83854866027832,2.616792678833008,2.9608189388198545,20.89651404893007,38.4091855690639,-15.305317542252256,-2.1748530864715576,4.014852046966553,9.424205680242462,nan,,,1.0105857849121094,,Gaia_DR3,88.18839127334692,-4.2037352606177825,91.79408279778487,0.035319507122039795,0.44390505824039095,0.0341750904917717
Gaia,DR3,2544904260459265280,1.6212409530981033,-1.2474664553775074,14.485702514648438,2.606029510498047,3.8480265266919087,35.89612683691174,62.95540866965061,-26.177753929735502,10.377714157104492,2.7455921173095703,13.431160394477999,nan,,,1.1007378101348877,,Gaia_DR3,110.41373907675482,-4.535431837712039,99.66594573527675,0.029170695692300797,-6.322755956753511,0.015579750761389732
Gaia,DR3,2640224050207090176,355.50710329545916,-1.4610695154132083,13.421565055847168,2.156071662902832,3.0158540394216065,41.88699907848016,70.90535315952596,-30.171911249436487,5.758852481842041,1.2681148052215576,11.668422127565663,nan,,,1.1070533990859985,,Gaia_DR3,88.50666853947098,-4.431528143260316,91.06570594019423,0.017474129796028137,2.5315800971354894,0.013308954425156116
Gaia,DR3,2570763807576094720,28.993644478940475,9.461544189496411,11.428499221801758,1.100149154663086,2.467172472176815,18.414880634472336,45.70904692262966,-5.451453371579371,11.232942581176758,0.692689836025238,7.605227858825387,nan,,,1.2892084121704102,,Gaia_DR3,74.85082941955045,-0.21848688799272864,72.68361405382677,0.03134193643927574,-3.5274561326583203,0.02414873242378235
Gaia,DR3,2574742738294071296,28.430867418015644,12.039882378340852,11.622520446777344,1.688328742980957,3.977288390125879,20.97850572321133,40.08381969351425,-5.89998851749662,56.098838806152344,5.589223384857178,11.705376497709377,nan,,,1.6338207721710205,,Gaia_DR3,115.06915626596331,0.5055093671010269,120.93254046501228,0.033425260335206985,8.375908569743375,0.03147214278578758
Gaia,DR3,2579955488561628288,17.74186083103823,10.323086466515994,15.468421936035156,2.6409387588500977,4.52500497929608,25.99752653738114,46.90936938267953,-14.307789370903546,7.72041130065918,5.586792469024658,9.766775576100256,nan,,,1.039698839187622,,Gaia_DR3,92.1245280788392,3.2113694466915543,95.25030570368598,0.04946214705705643,11.988054473953357,0.03303539380431175
Gaia,DR3,2582275355016979840,13.77243437874099,9.920914581971614,15.95459270477295,2.441187858581543,4.115360790072097,28.82314295150397,70.48899470496639,-17.33347303022611,,,7.077225769567929,nan,,,1.012579321861267,,None,65.11176923974969,2.9643439389414494,59.71730475512008,0.05211276188492775,0.032059096236672475,0.03972161188721657
Gaia,DR3,2767928855439944448,3.403669410179323,13.780015372139319,14.98236083984375,2.809689521789551,2.5900462668973376,39.45558215728615,73.52154224523473,-24.508004755630573,20.299243927001953,5.199102401733398,19.354595331698818,nan,,,1.0000983476638794,,Gaia_DR3,162.35966988656438,20.20871172263547,170.5686347143785,0.037085723131895065,13.553605426556171,0.03250797092914581
Gaia,DR3,4965847033087949568,38.40066139971319,-36.22271272183322,10.801926612854004,1.111928939819336,4.413291819385598,29.18426508847001,52.59567686163265,2.49897215060626,83.2198486328125,0.23374782502651215,12.236030682004852,nan,,,1.0433952808380127,,Gaia_DR3,121.0669721190857,1.427755010127104,120.62930141870152,0.009147126227617264,12.80332865916419,0.012974641285836697
Gaia,DR3,5064650792930217472,41.081501512759786,-31.665301286502988,18.400630950927734,3.1598281860351562,3.466438073095702,24.876001430467003,70.53570112089551,4.400044287722121,,,6.638504317490966,nan,,,1.075425148010254,,None,65.45801925129743,2.1049651762343995,68.8490051126376,0.0825398713350296,5.574100943455858,0.14770691096782684
Gaia,DR3,2314964252736006400,5.650256326602354,-34.620157737861035,17.10158348083496,3.7141952514648438,4.385573385887267,39.99117511433322,70.7989330532167,-18.674175148161428,,,16.40387971525836,nan,,,0.972080647945404,,None,140.8899777197689,-48.94494636000998,126.74991648140393,0.05530597269535065,-54.42755868996626,0.08639765530824661
Gaia,DR3,2320424113946068736,3.9042865564872713,-29.285297166491358,18.16084861755371,0.4636116027832031,4.973370166280715,38.37261873810934,66.05674566835884,-20.980867968029152,,,13.315304236461078,nan,,,0.9278649687767029,,None,112.30676914841945,-36.369947970575296,110.5829649960683,0.15522581338882446,-22.516534253030677,0.12945042550563812
Gaia,DR3,2319157820148589312,7.447290184029548,-28.598149165906126,16.88679313659668,0.3374900817871094,4.747828615956148,35.34843175400277,65.47447105038874,-18.923894233929317,,,15.932647928328858,nan,,,1.0633654594421387,,None,139.2420172608994,-38.61943386434466,136.53746355326047,0.06486541032791138,-22.903623273553656,0.06685934215784073
Gaia,DR3,2323821196854777472,5.214387834558717,-25.0586108355322,16.97314453125,3.1540708541870117,1.2514258552655273,35.417485017470824,67.06834117156025,-21.044185799956573,,,8.813542814180002,nan,,,1.0269832611083984,,None,75.36473797968848,-20.408264463943034,73.90381858448735,0.07284720987081528,-22.217114053517328,0.0766720399260521
Gaia,DR3,2354272583702937856,18.446892256449463,-20.36002746302806,13.076570510864258,1.4865455627441406,3.9623762924657138,22.478949169089546,65.54320502161248,-12.583277083449106,64.12870025634766,1.1179277896881104,6.6999554147499945,nan,,,0.9466099143028259,,Gaia_DR3,63.441802396167475,-8.15339257407657,65.7666191023336,0.01744765415787697,-13.244206846824154,0.015508254989981651
Gaia,DR3,2521834101326889216,32.810061829026544,8.5294504721217,,,4.585158840723355,16.18070219685396,32.46737133133212,-2.365717327917096,17.577835083007812,2.8740122318267822,8.683443087190838,nan,,,2.044919490814209,,Gaia_DR3,85.92601150356303,-1.2587857792079262,83.10837270511917,0.13752402365207672,-9.165111681754128,0.18869613111019135
Gaia,DR3,2345879560476539392,14.2839783693045,-23.825836091719964,19.89137840270996,3.117959976196289,1.6641285207221888,27.610430901133544,59.59236966452969,-15.159006564601336,,,7.837539033619745,nan,,,0.8985434770584106,,None,72.36099753896941,-12.929929776573076,74.9391274895027,0.6475364565849304,-11.974345552592808,0.5799860954284668
Gaia,DR3,2346037207251416192,14.512184206577638,-23.345338045673135,12.982667922973633,2.4837751388549805,4.713055038802839,27.171128979970185,72.02771047025706,-15.063884390089607,11.980020523071289,0.5089287161827087,24.665613348402182,nan,,,13.608957290649414,,Gaia_DR3,228.07921211738767,-39.66933666967151,248.3699801382579,0.34153175354003906,-25.926499244151035,0.343307226896286
Gaia,DR3,2352508486015921792,15.381232435447545,-21.452323709934173,9.826069831848145,0.7422962188720703,4.1156732557421405,25.482324994265984,56.8225553665805,-14.686920927007382,24.031415939331055,0.25221383571624756,7.723227522973859,nan,,,0.8911182284355164,,Gaia_DR3,71.8237248654489,-11.206360402398458,68.13677838991937,0.02289307303726673,-5.611000711591557,0.028611669316887856
Gaia,DR3,2344507202461348992,12.973754187279829,-25.76743421096344,14.06539535522461,2.324944496154785,2.8704476415215945,29.686596857223687,53.999904120946724,-15.78258117550927,0.12712572515010834,1.5233997106552124,12.737773999022487,nan,,,1.1412409543991089,,Gaia_DR3,116.5261330325626,-23.54584594912152,108.8377392730758,0.019684528931975365,-24.093465825271423,0.02133859694004059
Gaia,DR3,2349503589456160128,11.813611583136582,-22.211910335326344,11.113678932189941,1.2902603149414062,3.129187730352347,28.73823103011109,51.055123210308025,-17.105088016973312,-25.669870376586914,0.3346322178840637,11.407450360566338,nan,,,1.4095836877822876,,Gaia_DR3,103.4567386734978,-19.48622361493362,96.3266193785642,0.04298781603574753,-17.08032868146087,0.03146602585911751
Gaia,DR3,2351568231775360256,18.214933837830294,-22.344737687634634,14.737736701965332,2.744150161743164,2.0233275523676792,23.803979931388117,56.54128158282741,-12.543911555059456,10.309806823730469,3.6956284046173096,16.787425345391892,nan,,,1.0220288038253784,,Gaia_DR3,158.76073213074056,-22.204690230165852,165.62530141214918,0.030196072533726692,-24.241853804386803,0.03013230673968792
Gaia,DR3,2357787889879790976,17.8497609072888,-18.491399248569323,17.6378116607666,0.5598297119140625,4.803425971242724,21.991368548480608,57.869756435781554,-13.20763664511216,,,17.933339743550874,nan,,,0.9914911985397339,,None,169.25712960257098,-20.820212091050905,187.32358458517825,0.12523126602172852,-22.65601950496422,0.1726393699645996
Gaia,DR3,2364985434729954176,4.157209975645611,-20.209910540576388,19.857807159423828,2.8996124267578125,3.2332746968937953,34.55856153905271,62.77784167418535,-22.594751727513277,,,9.462876482335254,nan,,,1.0229148864746094,,None,80.0300902277771,-18.795653679978685,81.55540190447155,0.9003838300704956,-25.062664144359157,0.46931880712509155
Gaia,DR3,2358020750122588288,15.773567465944716,-17.971020195873635,16.97454833984375,2.676516532897949,4.317742776023719,23.5158640770497,73.9107284438314,-14.789989752503125,,,6.345056450934312,nan,,,0.9683486819267273,,None,59.15409972316081,-7.871127260361368,64.92352437725401,0.0899776965379715,-8.134213135536138,0.09324627369642258
Gaia,DR3,2362936009479772928,9.920659642435734,-19.427229017661126,19.344013214111328,0.4994621276855469,4.638049104300262,29.18612162664993,67.5809519113689,-18.807850853657307,,,7.353976553954959,nan,,,1.0264703035354614,,None,65.69012921814442,-11.985520639046218,63.83596057109201,0.335488885641098,-5.038368666462539,0.40508541464805603
Gaia,DR3,2365687404184813312,2.05032355536178,-19.667148899747435,16.7132625579834,3.1014413833618164,2.71927926331906,36.30273745733424,62.65109006643861,-24.05529486038909,,,12.210925234405964,nan,,,1.0003612041473389,,None,100.88525098418373,-24.964994260080495,106.67043575214441,0.07307535409927368,-21.024098939586484,0.0588340200483799
Gaia,DR3,2358012297626932608,15.653352993105106,-18.09901733165703,14.285416603088379,2.1550331115722656,3.9290782935493027,23.67354586025282,42.66787271574053,-14.864921139270926,-5.35412073135376,2.124206304550171,9.874829103495012,nan,,,0.9662051796913147,,Gaia_DR3,91.99207069323221,-12.37863679645154,88.06536292049236,0.02857470139861107,-5.203644786012842,0.02677597664296627
Gaia,DR3,2565414962680370304,24.357145900273864,6.654167384102709,16.52996253967285,2.750420570373535,3.409748098415426,18.737926329501416,45.06640182147475,-9.166800736551211,,,7.709182380936152,nan,,,0.9096745848655701,,None,74.9217271542588,0.051967085891337916,69.405575337428,0.09439536929130554,0.5806691596747457,0.056393083184957504
Gaia,DR3,2577817071589166976,17.26666391251866,8.038266980856339,19.31609535217285,0.4147224426269531,4.046405384646412,24.924268376975416,58.81684779032404,-14.725266827497972,,,7.448534662229792,nan,,,1.002700686454773,,None,70.06836838294012,1.6322800443277217,69.1895062657979,0.39611196517944336,-4.6604144660427025,0.28618061542510986
Gaia,DR3,2586501946433696640,20.360030518159952,11.834163333101147,17.62820053100586,3.043865203857422,1.3917406756597106,25.21977501698665,69.90698114166385,-12.247922458735543,,,6.707931771930284,nan,,,0.9283691048622131,,None,64.13403674178795,2.141647718305716,64.10039507445842,0.17632149159908295,0.17387558543181103,0.07360506802797318
Gaia,DR3,2373275885546878208,13.870165908216718,-12.971546518074227,19.360477447509766,3.4616050720214844,2.5947153433104515,23.664551232465946,70.39980968664783,-16.668106150028652,,,6.536934596602014,nan,,,1.1339510679244995,,None,60.18187018062812,-6.75261322794643,62.14238932213744,0.425909161567688,-3.7623544727480285,0.473116934299469
Gaia,DR3,2588301125413798656,26.049521714482527,14.978644955845457,15.976079940795898,2.7474098205566406,3.431352556066771,24.636247587322217,74.63612923370222,-7.747380624563059,,,6.397702737229322,nan,,,1.2119667530059814,,None,62.512039566711785,1.3578122677650342,62.29426897676854,0.07557931542396545,-3.264926422996239,0.05243310332298279
Gaia,DR3,2748211519577392384,7.079787962245135,7.673284822603033,8.551965713500977,0.8351869583129883,4.646539216874253,33.415564417483935,65.49826074324994,-22.31770026271896,10.543855667114258,0.18160079419612885,17.195528714786896,nan,,,1.0732136964797974,,Gaia_DR3,149.76122374992414,7.135402786412591,134.3067368248557,0.02546389028429985,0.43706765591147956,0.0197246503084898
Gaia,DR3,2751871106592354048,3.4395146872907705,8.194462428206407,13.182550430297852,2.0255346298217773,3.9903012470756107,36.913557067559864,64.76624513950698,-24.84877148568306,0.6927897334098816,1.6108626127243042,13.966532198231924,nan,,,1.4091893434524536,,Gaia_DR3,117.2069105802924,7.475204387106473,122.85074613553392,0.03230980411171913,-2.828987955778203,0.02015841007232666
Gaia,DR3,2390026949491184640,357.6392817315181,-19.779087898023075,18.038105010986328,0.7116889953613281,2.446953314043148,40.35715782171363,70.17157886312108,-26.79861807140118,,,15.386190302058328,nan,,,0.9365491271018982,,None,120.27348818366615,-34.83337069806959,114.40953439207279,0.15243029594421387,-29.484762437390955,0.12016411870718002
Gaia,DR3,2470010270019472512,16.37632240408823,-10.66082076799816,13.969062805175781,1.9971332550048828,2.7261941820614157,20.83823730100303,70.14237572808302,-14.96026866982293,-53.562103271484375,5.431821823120117,6.329848721564721,nan,,,1.0070559978485107,,Gaia_DR3,59.23215965715057,-5.160520047246209,58.56089730784161,0.02184392511844635,-1.5851662754931666,0.020949287340044975
Gaia,DR3,2312956475784215552,358.8875909567198,-34.372628300694736,16.210773468017578,2.904407501220703,3.4227489002275706,44.56045059072159,74.191575595345,-22.55799156416433,,,12.851070425019557,nan,,,1.0471538305282593,,None,102.13647375021134,-45.21402408929591,110.77172369830527,0.03401710093021393,-48.592663280800416,0.04198458790779114
Gaia,DR3,2391186693740444672,356.77435139780636,-18.18382006174844,15.769285202026367,2.9563236236572266,2.7928182950225486,40.83633589593216,69.28710669244298,-27.61531996557853,2.836024284362793,10.74566650390625,11.76207826323386,nan,,,1.023538589477539,,Gaia_DR3,90.85287537876357,-25.19776611302695,85.5721008046011,0.05603327602148056,-20.717959843238013,0.036944493651390076
Gaia,DR3,2972669632906945792,72.63277944432805,-23.638817056533878,18.789278030395508,3.515554428100586,4.834299904235184,37.847624520341846,70.80163341972323,26.35917273958767,,,8.937698391542497,nan,,,0.9933632612228394,,None,70.62785301656878,19.63167134948471,72.37984821274316,0.13091062009334564,10.693175382251649,0.1675345003604889
Gaia,DR3,2422318639631026688,358.3300863279018,-11.356322111939612,17.70326042175293,4.150089263916016,2.51094457331226,38.53582747820462,67.39491788425958,-27.641496973557246,,,10.301759625765333,nan,,,1.072988748550415,,None,81.27863058031343,-14.348515632685114,84.69208140644042,0.17768946290016174,-10.095968396025018,0.1818152517080307
Gaia,DR3,2415325200217346304,358.9908168498029,-16.60982561471785,19.683786392211914,3.341695785522461,1.1546534621672888,38.4773543144977,69.49476999103098,-26.505718642985528,,,9.503244765335777,nan,,,0.9646201729774475,,None,75.6300873457958,-18.006244674977598,77.40439024530671,0.7354432940483093,-19.490423033574654,0.6009883880615234
Gaia,DR3,2424458740231223040,3.6837000654898424,-11.82459240921068,17.285398483276367,3.116687774658203,4.116828547583781,33.33700216656241,59.33847804352894,-24.049780506360555,,,9.953772674049054,nan,,,0.967656135559082,,None,83.7544705347614,-12.782925659414705,85.57312168368323,0.10313962399959564,-4.337963700415109,0.09196348488330841
Gaia,DR3,2430179361790566784,5.99576948620542,-7.64502576371022,18.898183822631836,3.757761001586914,2.7876437029973817,30.90249352132964,55.20343361310754,-22.814652432379628,,,12.409773061901172,nan,,,0.9695603251457214,,None,106.9528311437498,-10.738599543690189,106.79725434866474,0.28281527757644653,-3.4474909482522396,0.2255474478006363
Gaia,DR3,2430958606297665280,4.22498192313147,-7.191988061454603,8.809972763061523,0.7567472457885742,4.015027173796672,32.669268473533045,61.367132117395506,-24.087949426150104,-9.198269844055176,0.20737461745738983,15.076223550129379,nan,,,0.954323947429657,,Gaia_DR3,127.5955869762831,-12.970116962170543,126.39400781769105,0.021694380789995193,-0.2661777040005361,0.020083751529455185
Gaia,DR3,2422659733050262400,359.21831923683095,-11.307809300169874,16.386083602905273,3.409698486328125,4.08850520835691,37.66356553784301,72.6784483289869,-27.075192755058332,,,19.882374547759103,nan,,,1.0928033590316772,,None,158.69527770657692,-27.114808700050204,157.80208255997445,0.07464182376861572,-10.001523658406361,0.04326363280415535
Gaia,DR3,2424668609512641792,5.916751283880269,-11.499429825089146,13.05316162109375,1.972442626953125,4.728739377629555,31.12941196276804,54.67280284225517,-22.542492057169962,-10.312332153320312,0.7476053833961487,11.320208272380535,nan,,,0.9556480646133423,,Gaia_DR3,97.4861283563213,-13.462717413811792,90.8807161306415,0.01757768914103508,-4.313202645905894,0.012691748328506947
Gaia,DR3,2433138388099622656,353.3146052989105,-12.413438841180273,14.899187088012695,,3.3904769340833414,43.490754477430805,73.05901874939399,-30.6021409155031,,,14.338402782438651,nan,,,1.1074855327606201,,None,105.18371755820463,-23.565227355579417,110.58943799783177,0.16364595293998718,-14.858543339505461,0.10772130638360977
Gaia,DR3,2439224837794269696,354.004957119087,-7.614374311348537,16.290937423706055,2.892460823059082,3.145608321627155,42.783155334027725,72.44989613921855,-30.72909368979264,,,11.441141326705047,nan,,,1.0670466423034668,,None,84.8416713021152,-12.423809943421013,82.26728326523948,0.06772547215223312,-19.560603904984394,0.06862858682870865
Gaia,DR3,2426245614128909184,9.494830716801891,-9.198662144802588,19.240459442138672,3.023120880126953,4.249114996941986,27.45895520928972,71.1324364976251,-20.191000768331094,,,6.868554014239332,nan,,,1.0099451541900635,,None,61.13367745719948,-6.250116875538968,59.44423468076687,0.42801177501678467,-12.166166869168846,0.38541096448898315
Gaia,DR3,2443823682616592000,4.365510026105987,-5.381713431599973,15.634037017822266,2.4760875701904297,4.017158744789732,32.6335283681522,61.28963634782247,-24.106717495319252,,,8.96443594738733,nan,,,1.0681953430175781,,None,75.98227956831734,-6.251846950436537,81.85979318587101,0.058178436011075974,-11.056762343834235,0.033747199922800064
Gaia,DR3,2344376906038295040,14.767442663065857,-25.735141353098882,18.752315521240234,3.8845691680908203,4.987648603125246,28.361316125997273,57.32903302797249,-14.556810839095357,,,8.286371159612361,nan,,,1.248098373413086,,None,76.75329982249656,-14.264883561351212,68.24341284277533,0.33137741684913635,-16.133716845167154,0.38945478200912476
Gaia,DR3,2506190284246269056,27.806747017841094,-0.6636731691242476,17.223712921142578,2.5461997985839844,3.374737721159447,11.306294929972632,71.3396052727276,-6.307815341461618,,,5.817671294974611,nan,,,0.9989030957221985,,None,57.10924595982878,-1.3543912875725006,55.808994719307016,0.11318567395210266,-5.283703091321674,0.07128634303808212
Gaia,DR3,2446560160900784768,358.67692158059543,-3.8746306230745473,12.687952041625977,1.766798973083496,2.955668191567558,38.42390658274169,66.1012993952668,-28.03949024834106,79.81356048583984,0.5961138010025024,13.28109697092619,nan,,,1.20368230342865,,Gaia_DR3,105.26468528418316,-8.214140568463293,100.74156539754449,0.018744057044386864,-15.143865630449978,0.012082149274647236
Gaia,DR3,2450889831531640064,22.95129823667898,-16.88529350319671,16.273948669433594,2.55153751373291,3.937278362849507,17.000587380957526,62.711027879581785,-9.495694970037114,,,6.425526659207115,nan,,,1.0601786375045776,,None,62.12480246097441,-5.366615160180189,57.406819547688954,0.05046801641583443,-7.853529932867916,0.02809295617043972
Gaia,DR3,2446481236581766912,358.88366084029997,-4.287100032456369,14.762128829956055,2.260089874267578,4.717001717419284,38.17416117085583,73.13350467301626,-27.88228181294341,-19.68843650817871,3.0729196071624756,8.622215719805588,nan,,,1.0007965564727783,,Gaia_DR3,68.52330032016212,-5.681243576148322,63.470759345245405,0.03426205366849899,1.2457218915943915,0.018794644623994827
Gaia,DR3,2453345728191220864,24.116624489113768,-15.45613089383928,12.708691596984863,1.2782096862792969,2.763150472969162,15.286000133306286,62.00452496530588,-8.691036794257565,-4.411616802215576,0.9913574457168579,6.3560544022878185,nan,,,1.016833782196045,,Gaia_DR3,61.71953290782662,-4.655566682052594,61.28475720301213,0.018217209726572037,-0.9787823577611177,0.015566794201731682
Gaia,DR3,2448619340020755840,1.021563478969102,-2.2037180595369215,12.470550537109375,1.46185302734375,1.8859819872920922,36.3269699228612,73.21575839997612,-26.55352379364043,2.211177110671997,0.8146408796310425,8.123084936339627,nan,,,1.1678862571716309,,Gaia_DR3,66.30391115435778,-3.5180198028463074,67.79569665505416,0.01790829747915268,-0.6535922255176666,0.010549732483923435
Gaia,DR3,2456914261899077504,23.424754575314637,-13.198519163934641,15.445063591003418,2.715200424194336,4.4642577839540865,14.837684722800162,27.213122736546154,-9.361564822510624,-2.4715044498443604,6.939003944396973,10.071976192393802,nan,,,1.3044904470443726,,Gaia_DR3,97.55666384238137,-6.913519479533186,88.67827447777067,0.062749944627285,-10.2335555295507,0.02871045283973217
Gaia,DR3,2454991525299288192,19.67550325277982,-14.985168243538409,16.452138900756836,2.8484115600585938,1.6491404442115123,18.88308116182259,34.33677905712832,-12.135528512172353,,,9.704813224682848,nan,,,0.938476026058197,,None,92.47958955740219,-8.833963300525149,89.14098041652987,0.07714206725358963,-9.320888386074156,0.07597903907299042
Gaia,DR3,2545141819394736768,4.709404133882491,-0.6992607996641821,19.289203643798828,3.2885875701904297,4.6718853855309215,32.97223950308579,71.58321628516374,-24.05455913457721,,,7.617566480016764,nan,,,1.0398563146591187,,None,64.7995637277383,-2.1277853602174694,58.95145789162537,0.3504140377044678,2.571740252884622,0.28164321184158325
Gaia,DR3,2641159940760868736,353.5380379586093,-1.2476228618550733,5.8479719161987305,0.37476205825805664,2.804522686328942,43.86478350250394,73.6014322332671,-31.395767640821266,-0.7920500040054321,2.6420462131500244,14.53562812451914,nan,,,3.7307653427124023,,Gaia_DR3,107.00710556201685,-5.257062884425942,107.01319574456005,0.2008339911699295,-13.850837517382766,0.13137541711330414
Gaia,DR3,2463655913148736768,26.627963996364176,-10.876671223029112,17.56021499633789,2.9383182525634766,2.9480918209568263,11.074643622541771,48.818683034652494,-6.9510048525468715,,,6.751900894822483,nan,,,1.0249794721603394,,None,66.0809074814409,-3.3968981597964856,62.32896460693143,0.11053997278213501,-5.276046106576088,0.07805520296096802
Gaia,DR3,2458091873212226944,21.722553796101042,-11.853491797855552,16.21276092529297,2.5924978256225586,3.123847633295758,15.954097649002339,34.574720888436225,-10.76594044130212,,,8.308474259608186,nan,,,1.0111640691757202,,None,79.9267681026601,-5.805786961398773,82.24080359165447,0.052550312131643295,-0.8477627392418605,0.026255590841174126
Gaia,DR3,2465307242174403712,26.02192773559459,-8.71643734269503,16.90597152709961,2.816624641418457,2.798098145872437,11.151128215992967,24.463554554865276,-7.520619781607386,,,8.537801925744406,nan,,,0.986822783946991,,None,83.41625062206178,-3.9542663951680836,79.0550875561058,0.07512153685092926,-1.4356837341670163,0.06223005801439285
Gaia,DR3,2473929925893321472,12.601067425083132,-9.633141876141469,14.566061019897461,2.6285390853881836,1.7644959874429778,24.424051015897458,53.86064093831506,-17.873765036238236,4.691275596618652,2.7602057456970215,7.8302561249506715,nan,,,1.1106164455413818,,Gaia_DR3,71.43663000884051,-6.737595738398172,68.6838116757246,0.032386310398578644,-5.7860141043688555,0.03138074278831482
Gaia,DR3,2473475655792161024,15.508844428674326,-9.32170398913494,17.08607292175293,3.330465316772461,2.292760876689428,21.540744799248262,43.6659550931416,-15.707480244872226,,,12.77726747130563,nan,,,0.9584248065948486,,None,118.92166501841287,-9.764133205615218,121.27444342313377,0.12926776707172394,-15.474127252144608,0.12286899983882904
Gaia,DR3,2457746832718753792,24.539721792092177,-11.363047903587772,14.322914123535156,2.1268234252929688,4.876770300972108,13.171771889191687,50.704078025405025,-8.583205114986868,26.636241912841797,4.028061389923096,6.778888363315611,nan,,,1.0979410409927368,,Gaia_DR3,65.92183214800308,-3.9696819155369205,64.73675399077074,0.030074501410126686,2.8980070082447127,0.018235407769680023
Gaia,DR3,2468647489780267776,18.16012271103009,-12.442355351921217,20.414461135864258,0.6058712005615234,0.921130884682465,19.469531279038645,66.96532408052528,-13.47719648040799,,,6.386219313533947,nan,,,0.9737415313720703,,None,60.377204286241046,-5.427557743861616,60.45256532044997,1.0681926012039185,-4.189750358763436,1.461387038230896
Gaia,DR3,2464907780151695616,23.14603063686472,-9.766836935621031,15.322973251342773,2.305034637451172,4.169428966953323,14.118387934235091,70.65356352500966,-9.759564191622228,4.255895614624023,3.5376710891723633,5.942921035915715,nan,,,1.0898191928863525,,Gaia_DR3,57.50204340512144,-3.41694339319249,52.5360031732432,0.038438599556684494,-5.036876048301294,0.020389841869473457
Gaia,DR3,2474499919593107712,13.567729518188544,-8.481218133076798,14.653450012207031,2.6118621826171875,1.2271745823193636,23.41062474083941,50.41296310631841,-17.22793485002474,7.074390888214111,2.617436170578003,14.477182743346281,nan,,,1.0685449838638306,,Gaia_DR3,133.0018432297932,-11.027302137386584,133.4535176459406,0.03652632609009743,-7.3093798474300975,0.02976957894861698
Gaia,DR3,2477066317170654848,22.377246313927465,-8.911941948381793,20.313627243041992,2.920013427734375,1.4851337263554611,14.750132549352184,48.047428726696936,-10.406240760541703,,,7.04219747733566,nan,,,1.123216986656189,,None,67.93127519836877,-3.9736375788748184,65.82426828298058,0.7893519401550293,-3.3243515054231403,0.5601129531860352
Gaia,DR3,2477195028750579584,22.923419808587983,-8.505743816309861,16.356691360473633,2.8270368576049805,3.574914180074079,14.173797337605455,57.47664606096745,-9.993358814968513,,,6.502739666310556,nan,,,1.0063501596450806,,None,62.864491893438,-3.4794109803748405,58.73421646738335,0.06652291864156723,-0.8417695766986434,0.034517548978328705
Gaia,DR3,2481734706102645632,20.332709486431533,-5.853980610078508,12.174627304077148,1.879018783569336,3.9453986002902117,16.75851272931062,37.04544687819899,-12.150246193069755,40.39537048339844,4.483076095581055,12.481509662030362,nan,,,1.0996252298355103,,Gaia_DR3,119.31933170973898,-6.0074334048999205,120.95161871151718,0.038550965487957,4.24467969274371,0.01971335895359516
Gaia,DR3,2479630030394154496,24.879465609713556,-5.709696137763725,18.66536521911621,3.353118896484375,2.3397637207106405,12.27391067839183,40.28504034165851,-8.542769052670955,,,7.315287205189322,nan,,,1.00845468044281,,None,71.21883844757365,-2.9161861760791936,73.32813392964503,0.3236345052719116,0.011308497092442802,0.1903839260339737
Gaia,DR3,2376377955741819776,13.171116923788604,-12.261497034359584,13.954582214355469,2.146066665649414,4.016321476400485,24.19601774243922,46.60536578030213,-17.246562963827788,-0.5873658657073975,2.349057912826538,8.802829312228143,nan,,,14.154123306274414,,Gaia_DR3,80.6437612646821,-8.918478906082902,82.26556787465432,0.2889195382595062,-1.643882713057732,0.27003198862075806
Gaia,DR3,2479338011272831232,25.342311483599495,-6.499788241747747,13.760685920715332,1.7335023880004883,4.987726622474564,11.74366763634109,65.84303703666835,-8.145197666896664,-3.1793367862701416,2.124018669128418,6.035188131986203,nan,,,1.0695886611938477,,Gaia_DR3,58.84372114218449,-2.501857174232839,56.3508481264097,0.019614992663264275,3.3337629133037283,0.016398554667830467
Gaia,DR3,2479821487151398912,26.758174029425376,-5.631391856796196,14.026895523071289,1.9487066268920898,4.646201953862865,10.431578965613898,43.91248411154212,-7.034980903029576,39.241798400878906,1.8920942544937134,6.970870323894523,nan,,,1.0180996656417847,,Gaia_DR3,68.24810268549436,-2.542717278889068,63.90087390157135,0.018961356952786446,-7.807649471547695,0.014301540330052376
Gaia,DR3,2496722286540377472,39.825890405431764,-1.9031264855082062,10.03385066986084,0.7999744415283203,0.8128463987369396,5.80367136026224,44.06863773250598,3.541016771075162,9.600943565368652,0.6711083650588989,6.761883867187679,nan,,,4.174010753631592,,Gaia_DR3,66.80029684914237,-1.302862963611389,67.4834664929189,0.07737866044044495,-0.36699798543291096,0.06562162190675735
Gaia,DR3,2484112498782374656,21.267495472077773,-3.5101334024022934,17.201580047607422,2.885500907897949,2.972333135000307,16.21104956014806,58.60860148449038,-11.493816715785501,,,6.573927057762499,nan,,,1.0369765758514404,,None,63.115045612326064,-2.409429105558363,66.29222723980514,0.09722183644771576,0.21228551457187622,0.07865734398365021
Gaia,DR3,2491606877411476352,32.093373987260186,-3.8179371673738594,14.214436531066895,1.6993436813354492,2.2484184729431385,5.991945588481096,72.86855692547489,-2.749316170844212,45.10840606689453,3.835906982421875,5.645654238795594,nan,,,1.0435702800750732,,Gaia_DR3,55.82821799983746,-1.4484791215019435,55.560016667575425,0.02530505694448948,1.2140258289242989,0.018260085955262184
Gaia,DR3,2489885454519369216,34.82472956726652,-4.08457496797406,13.124411582946777,2.038701057434082,0.06357209040274868,3.7732351220069624,12.90914180179718,-0.5122601871370804,-1.7137799263000488,3.9071202278137207,10.574051085749208,nan,,,1.3086800575256348,,Gaia_DR3,104.74509519637543,-2.3860167103067766,104.76900362399199,0.025995556265115738,-2.2463385387640886,0.018878037109971046
Gaia,DR3,2506398362526603520,31.559203768486604,-1.694964271201059,17.783287048339844,3.306304931640625,0.5795015345001663,7.739761397497655,16.011954218940122,-3.2292005127016523,,,8.92452375513337,nan,,,0.9512367248535156,,None,88.19859212961427,-2.1207418132944795,88.54269217760564,0.15273626148700714,-3.155278804363418,0.11368396133184433
Gaia,DR3,2497061451517722496,38.354524551249376,-1.1627921653924627,14.715486526489258,2.1908817291259766,4.704364270839605,6.017793435332424,47.1131114894833,2.325517753982533,91.4801254272461,4.3599700927734375,6.627534441603368,nan,,,1.007792592048645,,Gaia_DR3,65.57743775688616,-1.3749857975761408,60.74708273593585,0.03640826418995857,-5.832355213461139,0.0271095409989357
Gaia,DR3,2496722286540377344,39.827715804313534,-1.9009917525771878,8.279202461242676,0.9162497520446777,2.6756402731140216,5.806404093089063,40.00583206170789,3.542473909499254,14.232195854187012,0.11950261890888214,6.959682274355026,nan,,,0.8205020427703857,,Gaia_DR3,68.75417281029232,-1.3410952991844667,65.36038309100962,0.02346629835665226,0.6318966181707814,0.02096457965672016
Gaia,DR3,2420599140884251904,357.4586812663716,-12.684689415853013,15.947710990905762,3.291806221008301,2.2133700202324933,39.4703015366366,67.4462158890602,-28.03272686407757,,,13.237122667489205,nan,,,1.9500362873077393,,None,103.21983932133354,-20.56808716464333,97.10115294856563,0.09593511372804642,-21.410827217197678,0.08388124406337738
Gaia,DR3,2423401113124137728,5.976017887478788,-12.712643654607215,17.39055061340332,3.1946773529052734,4.3121378192904505,31.207382802088777,55.80200405617806,-22.37686763834672,,,9.886802681533538,nan,,,1.045167326927185,,None,85.19211836057895,-12.731445163933152,89.62122285160501,0.13487042486667633,-20.551836849332254,0.09296230226755142
Gaia,DR3,2509926802714827776,23.269780466906383,-0.29998901951424994,16.951913833618164,3.0016021728515625,1.1366689769096545,15.410930423693962,32.6788014557866,-9.975854791401652,,,8.43253797040843,nan,,,0.94588303565979,,None,81.62942021469088,-1.925986497530598,83.63026551955973,0.09528472274541855,-1.644022050583113,0.052415747195482254
Gaia,DR3,2489321405054290688,37.68408634954677,-4.114711775417864,16.591821670532227,3.0972604751586914,3.687163704631998,2.9925426392858356,26.959740905988724,1.8254912705982846,,,12.635404251312334,nan,,,1.0931295156478882,,None,125.0868152337935,-2.403722883842157,116.4966953892438,0.10502925515174866,2.3575273504209413,0.07825770974159241
Gaia,DR3,2530307796924503296,8.886982402557368,-2.0662117613802096,9.25007438659668,1.0549774169921875,4.7147310752973945,28.60730613712027,66.32736110922517,-21.016515916082273,,,20.044111544017724,nan,,,0.9555185437202454,,None,177.46791193136943,-7.566008147508651,157.83926906077065,0.02295825444161892,-4.15920339485359,0.01755066029727459
Gaia,DR3,2348722180286400768,10.716569907268994,-23.916422502485457,14.248313903808594,2.1449832916259766,4.114951604933848,30.440878766996068,59.01601145386007,-17.605937200669448,25.43174171447754,1.7480331659317017,8.625598286768609,nan,,,1.0352250337600708,,Gaia_DR3,77.55484181218631,-16.258147308831017,83.93749671047057,0.021552294492721558,-12.353131681807707,0.022251198068261147
Gaia,DR3,2504406906450737408,27.256373139037624,-3.354353190381608,19.769678115844727,0.9746417999267578,2.58705697510527,10.530249949909722,19.416080472081635,-6.6949959605666,,,9.443187811206634,nan,,,1.0291177034378052,,None,92.5739634913422,-2.837947192887242,87.8407558470598,0.5745587348937988,-0.8080930022600622,0.2879834771156311
Gaia,DR3,2525982077662043520,13.805396012561529,-4.40687541340715,12.359153747558594,1.2597684860229492,1.8171976538463195,23.380633502888355,69.41233193990502,-17.260679619473674,-4.705854415893555,0.788345992565155,6.5655177815035,nan,,,2.205176591873169,,Gaia_DR3,60.4178291875297,-3.27377750866016,60.41798038873269,0.06420233845710754,-0.7586358131897398,0.05548805370926857
Gaia,DR3,2527703260036014336,7.178667386192669,-5.370297036895937,16.281429290771484,2.870965003967285,3.5615172077601223,29.843347518612358,54.091922535548264,-22.114859937219023,,,9.584939330133398,nan,,,1.0130277872085571,,None,83.55619695489607,-6.296155868959133,76.76500699930973,0.08076227456331253,-3.9153967021842915,0.05236097425222397
Gaia,DR3,2506290305444297728,31.270837995949055,-1.9847599700036116,14.706737518310547,2.3939342498779297,3.6939285317169435,7.756033086680288,43.92528933941625,-3.45906448813669,-1.5866408348083496,4.706380367279053,15.831892806582594,nan,,,1.219200611114502,,Gaia_DR3,156.40540783668627,-3.8439126361530214,145.86262451089982,0.045305147767066956,-10.23478978084147,0.03170855715870857
Gaia,DR3,2356361823298648064,14.901780932524357,-19.00951291498858,19.676998138427734,1.1904487609863281,4.928459828789674,24.708714482968592,44.2036999100808,-15.314991775176624,,,10.598014110013144,nan,,,0.999968945980072,,None,98.25215167752079,-14.232418677060974,104.38248464328315,0.6767008304595947,-5.085764425627763,0.6363672614097595
Gaia,DR3,2531589758762346880,18.321248625109853,-3.407544579458481,16.455089569091797,2.734874725341797,4.7919020991290555,19.104306239820296,68.25157582804496,-13.81678836187342,,,6.3013958526425276,nan,,,1.0697826147079468,,None,59.627464163976114,-2.4657995844757004,62.09711024695015,0.07635299116373062,3.4011492681733135,0.06373562663793564
Gaia,DR3,2533655775470582272,18.76347426676111,-1.0791843697539933,16.64928436279297,3.5220775604248047,4.395048841550285,19.28772835594661,57.83092574048221,-13.53417369051493,,,18.644105620012994,nan,,,1.1822633743286133,,None,176.8381120090976,-5.056251073774874,162.6292130473061,0.11431284248828888,-14.879859708836191,0.09307866543531418
Gaia,DR3,2527588876467913728,9.63179224435158,-4.175381944432297,16.11350440979004,3.7091541290283203,3.782635218179285,27.53753508728792,69.08963320585661,-20.39050656005097,,,22.294824430746612,nan,,,6.847641944885254,,None,198.6667110291054,-11.86020483930573,180.94624063052956,0.5277659296989441,-13.292787210179549,0.42011940479278564
Gaia,DR3,2444608149803938048,2.1404859333099866,-4.296856650108203,12.224327087402344,1.5703792572021484,3.620998726846959,34.94366266358309,64.55170130896936,-25.7022890605676,-6.384341239929199,0.427659273147583,9.16944060404527,nan,,,4.310909271240234,,Gaia_DR3,75.83564111295635,-5.734250021023552,69.14303304660564,0.07676900178194046,-7.783880038288103,0.03985610231757164
Gaia,DR3,2526825162562468480,7.556535625525613,-6.24879349185902,16.243925094604492,2.584458351135254,1.8949257139412226,29.406020622191676,66.85703126995028,-21.793117726957313,,,7.450272512571082,nan,,,1.110330581665039,,None,65.17717352624159,-5.379542939068395,63.454731880991396,0.07087648659944534,-2.9524669496299776,0.047201622277498245
Gaia,DR3,2530859820481026048,10.816781474007037,-0.8682763472756672,15.099013328552246,2.6338729858398438,2.9273898155224303,26.981769572163767,48.08621238450016,-19.624157549176044,18.053443908691406,5.30320405960083,11.049331042282608,nan,,,1.0323104858398438,,Gaia_DR3,99.42743650259794,-3.0953831608390434,98.96726245902636,0.04319934919476509,3.7078698580705227,0.037371959537267685
Gaia,DR3,2534458449024212736,18.4168531833846,-0.6130134560818744,18.7562313079834,3.6196937561035156,1.2628072051802655,19.767382865352044,71.02048940028642,-13.815932341396659,,,6.218081502925752,nan,,,0.892659068107605,,None,58.869442501869436,-1.5456526104187063,59.99400809612415,0.31153252720832825,-0.33096254594038316,0.21052834391593933
Gaia,DR3,2440541640407539456,355.35398076495375,-6.242135216621468,13.5911283493042,2.18764591217041,4.091107875312759,41.51485986400545,71.42476815626063,-30.012286385111306,2.1150949001312256,1.9755617380142212,10.740348051793935,nan,,,1.0953422784805298,,Gaia_DR3,81.28389265077772,-9.786184761185218,72.71827811694118,0.019933000206947327,-6.260139636452035,0.014652427285909653
Gaia,DR3,2460675347579655168,28.003179219494807,-11.724646143744842,11.663531303405762,1.0681571960449219,4.8879647589886055,10.160409386484794,38.15684197125982,-5.822659791755539,-17.500207901000977,0.5124685764312744,7.282690782520824,nan,,,1.243198037147522,,Gaia_DR3,71.52349675639346,-3.473314506971363,66.86759849324817,0.022464238107204437,2.4120405457877108,0.015111696906387806
Gaia,DR3,2460421905854133888,26.51725356399334,-12.023589524658858,13.271194458007812,2.026273727416992,2.69450253112063,11.602160963257191,26.55114680489447,-6.989542151782388,6.808265209197998,1.508711576461792,11.415227261488416,nan,,,1.0356483459472656,,Gaia_DR3,111.68685531776543,-6.121877582305544,106.32094605381745,0.0200270414352417,-9.76213755438421,0.011251585558056831
Gaia,DR3,2474926014708387328,17.66656938505397,-8.425699455550488,17.48961067199707,2.9254894256591797,3.1871837907822886,19.357261323376672,47.307836721380774,-14.107680104297543,,,7.604533771063621,nan,,,0.9980507493019104,,None,71.6989876489283,-5.023347109087883,76.20794651998978,0.15395981073379517,-2.6201427512788196,0.19373071193695068
Gaia,DR3,2466974552774212480,26.44247582871467,-7.516256373645119,14.737213134765625,1.9485979080200195,4.709529943706025,10.635980702323783,61.78449545771349,-7.227720149648094,-3.3507328033447266,5.491080284118652,6.15439331300879,nan,,,1.0074867010116577,,Gaia_DR3,60.202198894156226,-2.5874953798765823,54.10892310965533,0.03578075394034386,-3.04170840540881,0.02086501754820347
Gaia,DR3,2480669451134487040,23.314936324802492,-4.88992998854406,14.95363712310791,2.142958641052246,3.905167765777431,13.934306396651829,62.78267997196561,-9.821180588305587,32.39004898071289,4.709764003753662,6.2515515518126055,nan,,,1.0269124507904053,,Gaia_DR3,60.527192591776206,-2.4719823191191566,56.563818059662225,0.04048723727464676,-5.755114874216117,0.01920606940984726
Gaia,DR3,2480094372193701120,25.89806791084808,-5.149005214596368,19.84232521057129,2.619495391845703,4.330483625041353,11.354959707313094,70.49012283349683,-7.742361122254941,,,5.849421187891203,nan,,,0.9987251162528992,,None,57.12931404978714,-2.1375565395062956,51.806008894327526,0.6135574579238892,-2.559381547005334,0.520935595035553
Gaia,DR3,2483410464903166464,20.110907458879538,-3.511173126177876,15.599711418151855,2.797943115234375,1.7337638760647651,17.336081704861346,40.33048570823724,-12.40836876110901,,,13.214158232468414,nan,,,0.9840102791786194,,None,126.18933636584745,-5.000169182430266,125.49410780289641,0.05157378688454628,-9.779575468930545,0.03255920857191086
Gaia,DR3,2499736700747048704,36.861865634224735,-1.1148951961616054,16.480594635009766,2.73504638671875,3.7759863444832082,5.952977136088735,52.750063562561685,1.102308628324339,,,6.381413646827387,nan,,,1.0275675058364868,,None,63.2015509636624,-1.358564299099946,59.18117552528942,0.07582560926675797,-4.463399156150376,0.06280231475830078
Gaia,DR3,2485624602148544512,23.387750069273974,-1.1443845608734973,19.429697036743164,2.9355316162109375,0.800946935946654,14.946877282375821,74.45773494218803,-9.864329432083982,,,5.834642244600486,nan,,,0.9849961400032043,,None,56.50620902998701,-1.511107517289222,56.16010614818818,0.38884034752845764,-0.588738686201828,0.23625370860099792
Gaia,DR3,2493855481769458688,34.864376674193615,-1.520334199528815,16.74150276184082,3.275299072265625,3.3334669575366753,5.992593933408652,42.31076980705365,-0.5271215130618838,,,15.563844561631985,nan,,,1.057641625404358,,None,154.17459985679577,-3.4303631459040957,145.4540000484489,0.08479449152946472,3.17058284207893,0.0742020308971405
Gaia,DR3,138980129471878400,46.06748617040634,36.185712174153174,12.251763343811035,1.6085329055786133,1.3468827566813253,44.04908673810958,73.54501742400392,6.31612830584935,19.98202896118164,0.5304259061813354,12.628021124471896,nan,,,1.1571810245513916,,Gaia_DR3,122.99587337455115,-15.708974108772352,124.55763067232894,0.019359536468982697,-18.936530387752896,0.01625489816069603
Gaia,DR3,2541595177136500608,4.336793195178181,-2.004507768763444,16.98770523071289,2.9854049682617188,1.7240702450047118,33.090896098464555,61.204323396553654,-24.2797311123708,,,9.177638721239209,nan,,,1.0543915033340454,,None,77.76578041348813,-3.6414278560501145,74.57616198393681,0.13362307846546173,-2.6653497122564125,0.09867460280656815
Gaia,DR3,2432120618289378688,355.4337546757689,-13.4804997367354,10.357976913452148,1.3955678939819336,1.3267325601131355,41.49858650134444,74.41487186431529,-29.18027666273115,-0.01281662192195654,0.2370067834854126,18.53335629763737,nan,,,1.0563868284225464,,Gaia_DR3,140.42688108091806,-31.490797304708245,139.37797573805074,0.01978059858083725,-26.414462881515284,0.0174576248973608
Gaia,DR3,2742995432119558912,356.3695028919956,3.318176330443058,18.445205688476562,4.309940338134766,1.628402247987703,42.009143643563064,74.03792044693003,-29.673303178077745,,,17.662450189314715,nan,,,1.3772755861282349,,None,135.6510921420965,2.5641243823830564,141.6029361178185,0.3584286868572235,3.720971773768155,0.2823772132396698
Gaia,DR3,2528818714583190528,11.845030158238293,-4.165438159740992,18.314014434814453,3.363882064819336,4.587657118550113,25.35025284936714,56.63739185399921,-18.748663071528178,,,7.717914764734045,nan,,,0.9955954551696777,,None,70.01236890702458,-3.905218170447232,62.63382557128177,0.18865063786506653,-5.032655805523211,0.1864829659461975
Gaia,DR3,2334771679832591232,0.35696916252447997,-26.037308359655306,14.392504692077637,2.589353561401367,4.40842612960258,39.82735431605849,68.04826430653243,-23.861170943683984,-18.919795989990234,2.2367944717407227,13.49240679634133,nan,,,1.7370681762695312,,Gaia_DR3,109.24449940846125,-36.44291022395571,121.34919197900508,0.037272799760103226,-39.71459983011495,0.024527600035071373
Gaia,DR3,2335347372953230720,3.072580985595085,-26.009853098086708,16.609846115112305,3.2974328994750977,1.6037199720810664,37.57064657177351,64.571097052396,-22.205670648797266,,,12.568169369038815,nan,,,1.0106841325759888,,None,105.04596930649909,-31.766635652550875,100.80033218810227,0.07132431864738464,-31.936911276331248,0.0503123477101326
Gaia,DR3,2533469476969111808,20.51724443379955,-1.2866137048379438,11.794557571411133,1.6147699356079102,1.2811743989229165,17.562989304709742,36.77978237840687,-12.147367358126214,20.8784236907959,0.3423196077346802,12.132602952315917,nan,,,1.8996015787124634,,Gaia_DR3,116.08484203614329,-3.3362808260976955,115.47859980320172,0.04010001942515373,-0.11602196607504049,0.023900290951132774
Gaia,DR3,4965397538989853312,37.72900467909756,-37.37437285604531,14.021621704101562,2.125302314758301,3.610309465460341,30.31818906525201,65.51510745020842,2.050286731671248,16.6615047454834,1.3758267164230347,7.736580053558036,nan,,,1.1050351858139038,,Gaia_DR3,76.58761471534869,0.43967472164035826,76.76719110103346,0.011484981514513493,-5.4458162767123435,0.014518579468131065
Gaia,DR3,4966013158125739904,38.30664535006587,-35.68568630553144,13.279202461242676,1.7201032638549805,3.395054352111045,28.644467688895087,68.65415987498233,2.4415321114446655,15.427068710327148,1.4069887399673462,7.190123934664969,nan,,,1.3363730907440186,,Gaia_DR3,71.14698648825863,0.7353146448335011,70.8327139583682,0.009591947309672832,-4.40113490002037,0.013849454000592232
Gaia,DR3,4962068389580562432,27.300157251371292,-38.55981713778348,17.480329513549805,0.3682098388671875,4.525250363588866,32.73336728586131,57.71828587054428,-4.62131932355647,,,12.382364937329248,nan,,,0.9941906332969666,,None,121.40093353185918,-13.064607561977795,111.53204023320026,0.04654641076922417,-19.555935405789235,0.061503227800130844
Gaia,DR3,4966389161039599616,35.751369470005834,-36.5218414125261,17.582616806030273,3.0950241088867188,2.985047111140522,29.489061015112423,65.6561397399002,0.7517691357831975,,,7.573234206497382,nan,,,1.0272865295410156,,None,75.02477489816718,-1.1591187640679799,77.95183977293752,0.05869503691792488,-4.919955555433778,0.08183784782886505
Gaia,DR3,2362492528336939392,7.464813149236859,-20.92528647945768,17.698877334594727,3.4718761444091797,0.773239896352871,31.879013400829123,57.43434197579482,-20.276800890899764,,,9.680777820650924,nan,,,0.9746930599212646,,None,84.61814016285088,-18.086245970031314,83.12783039624519,0.14057376980781555,-17.56743781521077,0.14122846722602844
Gaia,DR3,2464172133858104704,26.718520957204202,-9.654513572198988,18.65867042541504,3.9407615661621094,0.4111874421489196,10.645763459177036,23.113534261450706,-6.927993638589889,,,10.930989514772573,nan,,,1.133104920387268,,None,107.00806516937911,-5.127929472455357,107.54186641106568,0.28678426146507263,-5.9107830083504105,0.17267148196697235
Gaia,DR3,2369988212636792576,12.766408026499452,-16.14029703594026,9.661284446716309,0.8443498611450195,4.805422531296171,25.52471662692359,45.94158596700754,-17.17640222344512,-15.591702461242676,0.23848240077495575,9.85665574964046,nan,,,2.9203882217407227,,Gaia_DR3,90.03323995191343,-12.566117050756098,98.8247939675534,0.0738937109708786,-17.30012455275527,0.06284250319004059
Gaia,DR3,2431383150929128832,5.707248445132686,-7.079881345666431,16.3005428314209,2.7416563034057617,3.4016600101001013,31.203041252527367,62.310063841892145,-23.05787593980039,,,8.323538213424472,nan,,,1.0078742504119873,,None,71.53021515350325,-6.851629585734102,65.58462521871654,0.06699371337890625,-6.325271519234238,0.04497580602765083
Gaia,DR3,5011392721719862400,24.146347535905985,-36.803489498817825,12.073578834533691,2.1393117904663086,2.208057628784099,32.019664851454536,69.83573411175196,-6.811669943307658,16.074798583984375,0.26930534839630127,20.870519819434882,nan,,,1.6642135381698608,,Gaia_DR3,202.68133593261004,-28.103734896189934,204.31695444895223,0.013969318009912968,-37.67988106451326,0.015237177722156048
Gaia,DR3,2478671432348569984,22.643693941549337,-7.047637801263836,17.124784469604492,2.6205148696899414,3.8971403461941674,14.40141598471736,59.190270516083494,-10.27659183244373,,,6.4354143704985045,nan,,,1.0639803409576416,,None,62.14489979964874,-3.1343063316182374,58.12004489565992,0.09376920014619827,-6.562643976865032,0.04761489853262901
Gaia,DR3,2484118172434206080,21.323196201140206,-3.4637430163057985,14.616546630859375,2.321833610534668,4.120721126615545,16.16772000907429,29.429480460409962,-11.451049709189038,31.87209129333496,3.5320284366607666,9.899783855376885,nan,,,3.4506053924560547,,Gaia_DR3,95.06943764136325,-3.6033796214012703,102.40405987814108,0.09332127124071121,0.886667345120258,0.06567753851413727
Gaia,DR3,5012675954869415936,20.504707411448813,-37.39372487351653,14.307744026184082,2.4751672744750977,3.87832642419762,33.896806734710104,69.61606130138934,-9.053764458794404,28.05130958557129,3.965707540512085,8.014753606147638,nan,,,1.3461861610412598,,Gaia_DR3,76.6807211503982,-13.893558000518066,75.75035275731295,0.03748741000890732,-20.379958463229478,0.037934888154268265
Gaia,DR3,5022540463954913920,26.977433221461897,-29.418520561656827,13.34738540649414,2.5766382217407227,3.4492825913375023,24.325164973152457,68.53488481089408,-5.5851758322358815,76.2066879272461,0.7833805084228516,23.06356057375006,nan,,,4.690982341766357,,Gaia_DR3,225.93497012484136,-21.07859830300025,241.64789061505604,0.0696425810456276,-15.217339446883388,0.043265990912914276
Gaia,DR3,2433138383804545024,353.31448608246654,-12.413873925814192,13.215903282165527,2.277872085571289,3.020361959586648,43.490892150250836,72.83719944270436,-30.60215241814027,-1.8310312032699585,1.1216472387313843,13.75076690941898,nan,,,1.5395270586013794,,Gaia_DR3,100.87274527024431,-22.60016443627015,101.51214461971233,0.024187134578824043,-13.868118208720086,0.019358227029442787
Gaia,DR3,2415324959700388992,358.95890031494434,-16.654514962236203,11.433009147644043,1.268132209777832,3.343746972589404,38.51506795595626,69.6971049696766,-26.51883447314372,7.582154750823975,0.2854674160480499,9.465582054780457,nan,,,1.7899549007415771,,Gaia_DR3,75.29923509997936,-17.988182606506673,76.80560998359198,0.03911086544394493,-11.488205746702985,0.03142756596207619
Gaia,DR3,5035174814631195648,23.39853833456982,-29.058091390905727,13.8882474899292,2.3584604263305664,2.1993808962348833,25.535975690210513,45.71610854184044,-8.134343767344712,29.763975143432617,1.2462029457092285,10.081394286175653,nan,,,4.3519511222839355,,Gaia_DR3,97.63828497484968,-12.118989707323925,102.05163954931541,0.07196151465177536,-13.658780856229537,0.0379488505423069
Gaia,DR3,5022957900417131904,23.554793800166422,-30.22330560256205,9.653114318847656,0.8063488006591797,2.212942789632531,26.447158808987737,48.5252539601009,-7.908558031101301,6.059207916259766,0.20241032540798187,12.076916119140353,nan,,,0.9496480822563171,,Gaia_DR3,117.03310718190193,-14.775634491690237,115.28893176462279,0.016594460234045982,-9.418404728169735,0.00971861183643341
Gaia,DR3,5018332598596976256,27.739094148311484,-32.76894406632565,13.15994930267334,1.5431127548217773,4.650489637055582,27.155650959483758,68.80190229591808,-4.802835254536921,3.6614766120910645,0.7797204852104187,6.988470140808871,nan,,,1.0758287906646729,,Gaia_DR3,68.59135870505166,-6.364232996495009,61.88659836045416,0.00773073174059391,-4.9548679222450875,0.009996719658374786
Gaia,DR3,4961967268869647616,26.66451637685792,-39.04960908595884,15.80233097076416,2.472722053527832,2.658947752641847,33.35637767317592,61.57656008737374,-4.978494723895931,,,9.203882108924278,nan,,,1.0280996561050415,,None,90.08746118855746,-10.417510951742436,86.50139794918498,0.022312773391604424,-6.708569828475478,0.03196678310632706
Gaia,DR3,5020773067732551424,28.523091955248567,-29.771797542859083,15.268349647521973,2.3395395278930664,4.4194967376966865,24.118193635567913,43.51814068595315,-4.468867404657498,7.524322509765625,5.002964019775391,9.817928725176268,nan,,,0.9899275302886963,,Gaia_DR3,96.53394246816866,-7.753308348796778,87.8877089240618,0.0274655781686306,-10.738656749925347,0.020057983696460724
Gaia,DR3,2499706288084200832,37.551440885072125,-1.0194320706348987,12.025259971618652,1.346543312072754,4.779813602804602,6.054118025103213,54.34619002022554,1.665499909719621,33.271080017089844,1.0891892910003662,6.318009468383027,nan,,,5.204797744750977,,Gaia_DR3,62.55170101602849,-1.334115336022574,56.25735919083532,0.07807018607854843,-2.2881519581215426,0.06432484090328217
Gaia,DR3,5022007784930890496,24.916052869415964,-30.918008640808747,15.289960861206055,2.6988210678100586,4.430857563232338,26.465469142672266,47.376965693171876,-6.899049866278782,33.80144119262695,3.5715131759643555,10.024161089810454,nan,,,1.1560012102127075,,Gaia_DR3,97.6031106979959,-11.277322641059097,89.71840253348864,0.04092849791049957,-6.227368595012209,0.022526850923895836
Gaia,DR3,3185141016501331072,71.68343280932447,-8.827532961618003,11.218565940856934,0.9605493545532227,1.8849967730664068,34.230484262434445,74.63680627521059,27.527987240220526,20.269577026367188,0.6464866995811462,7.5469879453719955,nan,,,1.1082104444503784,,Gaia_DR3,60.37701454325888,5.145893357929722,61.301831566308245,0.0219340268522501,2.29305659227425,0.017385117709636688
Gaia,DR3,2525982077661269504,13.805092093720441,-4.407079682207617,12.46091079711914,1.3125295639038086,3.313618729818599,23.380906808398613,72.08949788353962,-17.26090190204759,-8.403960227966309,0.9568389058113098,6.42529427486198,nan,,,3.8717801570892334,,Gaia_DR3,59.12732612418418,-3.2039650844073644,61.0714898722688,0.10793451964855194,0.8414677897344957,0.08901527523994446
Gaia,DR3,2474295547868961024,13.938252213072648,-8.6128191058698,10.23267650604248,0.8528594970703125,1.8734816188147405,23.049049918779417,54.16422292878722,-16.940775104311296,19.334386825561523,0.16222530603408813,7.564514920066155,nan,,,1.011659026145935,,Gaia_DR3,69.67505827729372,-5.7576460278723305,67.9514334361116,0.021836595609784126,-3.3173907960717774,0.019854828715324402
Gaia,DR3,5078313053835826432,44.9224671717432,-22.66552057444627,16.25408172607422,-0.2227153778076172,3.6090604652129517,17.30429714150171,34.56322511387966,7.460962059487736,,,8.675581276169918,nan,,,1.1248977184295654,,None,84.79632522399514,3.658381128889392,91.39116364733715,0.05023038759827614,3.382421366079211,0.05107349529862404
Gaia,DR3,5007361293616667008,10.228572788497551,-32.01586595583117,16.669492721557617,2.849972724914551,3.785024240482909,35.37213177498925,69.05746061465302,-16.478625340050634,,,8.459481219722216,nan,,,1.0723798274993896,,None,75.75881386985415,-20.555315519822514,74.1946080025414,0.07225131243467331,-13.989057406848708,0.08165843784809113
Gaia,DR3,2478880751874564992,22.908778663259003,-6.18823923775846,16.58395767211914,2.5358152389526367,4.298282547161371,14.177877064959912,63.645556058986045,-10.099394891825042,,,6.226581312064323,nan,,,1.0667327642440796,,None,60.191317373106386,-2.7997946765608432,63.190215242350504,0.07546114921569824,1.9792422016594526,0.03618471696972847
Gaia,DR3,2484565330069381248,24.47744264299369,-2.1177179176039664,14.80152416229248,2.931324005126953,3.548079715062692,13.565859787618335,46.70759302571484,-8.967770992105947,-7.008068084716797,2.3973634243011475,15.837753488483626,nan,,,10.913336753845215,,Gaia_DR3,153.98284074975652,-4.553031976135138,146.72350909372028,0.36415019631385803,4.808273401104934,0.20862077176570892
Gaia,DR3,5013214711270057856,21.733011395112626,-36.27343157356279,12.324577331542969,2.0357532501220703,3.6045344354566833,32.43473604849864,63.45639420533737,-8.426632039764506,-9.308891296386719,0.3471776247024536,16.48671990726721,nan,,,1.5456676483154297,,Gaia_DR3,158.60786631980108,-25.952340169787732,158.13302809299188,0.01058712974190712,-38.47113623468039,0.014713803306221962
Gaia,DR3,5127688096653022080,41.56305276487502,-20.73708901909228,13.957649230957031,2.066941261291504,4.430867183129451,14.326417362320331,34.143924421940795,4.972464329711775,29.674070358276367,5.165058135986328,8.04214489768053,nan,,,2.9004085063934326,,Gaia_DR3,79.23096711049755,1.3245467693421134,78.89810140986606,0.10837442427873611,-6.1800116568803745,0.08861066401004791
Gaia,DR3,5125350431853716480,40.014812694082,-23.093608725319097,17.961118698120117,3.2702884674072266,2.7357546885089223,16.267042800541606,68.54683203213006,3.773771055972876,,,6.124777947898125,nan,,,1.118659496307373,,None,60.49108404517813,0.6316775222086672,60.00244525699607,0.10898824781179428,4.1300265539610095,0.123629130423069
Gaia,DR3,5116991742596679424,34.5863329086179,-27.268289024382227,15.274134635925293,3.263315200805664,2.721059962868855,20.354191779462802,64.97177314403778,-0.22344887320646123,,,21.97678125484262,nan,,,1.9269212484359741,,None,217.68576114469056,-5.90848368177744,218.5128651836114,0.17569562792778015,-18.487791816842154,0.1977032870054245
Gaia,DR3,2489885450225213056,34.82504538752358,-4.083926328904192,13.639341354370117,2.21868896484375,1.787601685013149,3.773554295559715,15.681727927126996,-0.5120141142394221,2.4609079360961914,2.150014638900757,10.941899187713773,nan,,,1.957360863685608,,Gaia_DR3,108.38895535173441,-2.4689650762722266,104.48423797637605,0.043598473072052,-3.7939388350315966,0.0317218042910099
Gaia,DR3,2417195877518176256,4.33097276885535,-14.011498693718073,18.576082229614258,3.5723953247070312,3.117119729278367,32.974806829295844,68.38636116699378,-23.361221156889286,,,7.958815727923941,nan,,,1.0523014068603516,,None,67.43405877263092,-11.570467285851468,62.64083950062817,0.2292054146528244,-13.662567905959477,0.17650409042835236
Gaia,DR3,5034925878326400896,17.22922848318062,-25.38347131811067,17.368337631225586,3.228097915649414,2.091802299098292,26.41155146706379,47.60769887677162,-12.888787680024715,,,9.785822501061311,nan,,,1.0170128345489502,,None,92.03535461193687,-14.978828745366016,88.71383591861954,0.13539576530456543,-17.73367549334464,0.1601237952709198
Gaia,DR3,5137692449875072000,29.877188436677702,-19.773275703283225,19.570642471313477,0.7853717803955078,4.6647006980680725,14.542620279715544,28.571406489460195,-4.012945318318396,,,8.858731304607394,nan,,,0.9270073771476746,,None,87.33178169832965,-4.7422671672052985,90.70231251669529,0.28059619665145874,3.290636760029535,0.27910104393959045
Gaia,DR3,2465459387096447232,24.50096855342049,-8.738619863488513,20.47138023376465,2.787883758544922,3.412180136328758,12.645342082901017,59.004502438622275,-8.732128393213682,,,6.353523961396816,nan,,,1.0910996198654175,,None,61.77720432538937,-3.19628895147871,65.27149562104,0.9755603671073914,-0.25062799138916625,0.8785645365715027
Gaia,DR3,2425959882841627648,10.84328764407492,-9.410103229505932,13.745928764343262,1.8336153030395508,4.416871420421128,26.139970178938675,71.54929021624633,-19.18975939973013,17.827960968017578,1.376007080078125,6.702532921516676,nan,,,1.1474556922912598,,Gaia_DR3,60.325602699434995,-5.973500563373237,56.88981920879675,0.02289281226694584,-11.183474603213307,0.02058161050081253
Gaia,DR3,2425201765277536640,8.554652008044263,-11.759410120971014,18.517436981201172,3.3747406005859375,3.549614865192978,28.588172707660384,65.91218353793381,-20.653179383610862,,,7.403587022657029,nan,,,1.0023387670516968,,None,65.35843451874862,-8.358619876778585,63.12873662888234,0.23643356561660767,-3.2870571109520093,0.2524247169494629
Gaia,DR3,2428262809944705664,5.046146048963596,-9.325666318539788,14.377540588378906,2.612494468688965,2.4294968106583594,31.85136626458772,59.05977812251648,-23.349551550282747,-23.467267990112305,3.5580708980560303,14.220943229218209,nan,,,6.170546531677246,,Gaia_DR3,121.39409669174981,-14.635477354260097,114.13300390268068,0.1849934309720993,-15.205483468836801,0.1575724184513092
Gaia,DR3,2430138675565369472,5.428240309587711,-8.04871371092291,16.369060516357422,2.7507572174072266,2.483507889340827,31.45984185431519,62.93742080073473,-23.184750043171658,,,8.301319630980819,nan,,,0.9189417362213135,,None,71.1392023328891,-7.563667569785753,67.43244271808597,0.07066736370325089,-9.832784162623268,0.04627304896712303
Gaia,DR3,5043988946515739392,22.12971836416633,-20.0231365541904,16.60007667541504,2.8341665267944336,3.2881413470317167,19.500836927654984,50.289606240363916,-9.88121129193582,,,7.382511315932463,nan,,,1.373996615409851,,None,71.14143068302235,-7.315989561550666,67.12393673886137,0.0988842099905014,-4.146272179654624,0.049497947096824646
Gaia,DR3,5050512928823153408,41.51774079898215,-34.69233079748596,20.09075164794922,0.6980934143066406,4.85837512389668,27.9222777438981,74.03117286194438,4.607038617667072,,,6.7369285730085675,nan,,,1.0134843587875366,,None,66.37753203403359,2.751165061740066,73.16031462106298,0.3520873486995697,4.017186017186848,0.45636436343193054
Gaia,DR3,5150192728851620608,33.52587573840368,-13.348398162382372,19.270320892333984,0.45770263671875,1.899425950514341,7.23064945222367,46.279013665550735,-1.3689012075969949,,,6.704115297566774,nan,,,0.9393816590309143,,None,66.37415833505247,-1.957155910906863,68.91916146741033,0.30536526441574097,-1.1032090455024286,0.304692804813385
Gaia,DR3,5011820912780787072,23.765747127783623,-35.43910934884674,16.3864803314209,3.037830352783203,3.241744959322186,30.92411462627968,54.93870518372663,-7.210714705864634,,,10.105063789145609,nan,,,1.0023468732833862,,None,98.0004677267431,-13.635368199647068,96.60819083536433,0.02282658964395523,-20.399286289606955,0.031035954132676125
Gaia,DR3,5012011437528710912,25.55216482200487,-34.72341861728287,11.368382453918457,1.0183238983154297,4.2814798337019,29.654353130355414,70.60324315827653,-6.1082763536715685,14.352602005004883,0.3876461684703827,7.179730966279684,nan,,,3.3161416053771973,,Gaia_DR3,70.04879216848971,-8.310425079435554,71.31934893711423,0.05187060311436653,-1.955927528615478,0.044219907373189926
Gaia,DR3,5001050749708068608,10.268975120546836,-37.16199414924251,17.0184326171875,0.23577308654785156,4.850728383903489,38.77166361928755,66.72044169385502,-15.355162487017688,,,13.534362738259723,nan,,,1.0368881225585938,,None,121.24726715933956,-36.92233357493422,120.61580631654402,0.0528058186173439,-50.74792021556292,0.0980689525604248
Gaia,DR3,5063339801412392576,38.73974331892924,-33.05425354864019,10.502642631530762,0.7992897033691406,0.9626125850366845,26.035119168987837,61.157741057719974,2.7583445071578936,21.159942626953125,0.17779724299907684,7.417693503550015,nan,,,0.9741985201835632,,Gaia_DR3,73.36991232656403,0.8849480426611063,71.95693728733363,0.006216747220605612,1.4039002242137946,0.01292599830776453
Gaia,DR3,5032505402261047552,13.405778053786928,-29.009534062739434,18.871461868286133,3.2587451934814453,4.039233319281094,31.34863605400712,72.48413645437002,-14.975328251624724,,,7.273398142064577,nan,,,1.0088720321655273,,None,66.74421637044921,-14.54922470782286,72.61642590508205,0.2964198887348175,-16.517749599819215,0.26590022444725037
Gaia,DR3,5116492564317090560,33.26497936179567,-28.19045152819484,14.3018159866333,2.5503787994384766,1.444202698507826,21.44789035590353,54.49568604198132,-1.15707906349059,21.480722427368164,1.7714554071426392,16.685929536315385,nan,,,1.150018572807312,,Gaia_DR3,165.17102547034355,-6.298240680027422,161.22676633676386,0.0202683936804533,-9.49979517707143,0.01800794154405594
Gaia,DR3,5142092768424587264,26.828620758068553,-17.466396027543844,11.476935386657715,0.9994373321533203,2.355144404414855,14.48379336830064,53.839291845723764,-6.476356712822909,0.9332104325294495,0.8121772408485413,6.701387095817289,nan,,,1.124587893486023,,Gaia_DR3,65.62214899949502,-4.407908891036691,68.13315692242162,0.021033886820077896,-2.2250607170239673,0.01547563448548317
Gaia,DR3,5149757807578878720,30.787226286200184,-12.77048630899314,15.82199478149414,2.156069755554199,1.2854093799234798,8.480452639627309,65.68582142233818,-3.5679532886537206,,,5.940679099644685,nan,,,1.0489892959594727,,None,58.64969277862532,-2.337560566849966,59.96766938155311,0.04127803072333336,-3.261875036593986,0.03303643688559532
Gaia,DR3,2530485471131213696,11.056520675530656,-2.0219915449108687,15.951452255249023,2.9841814041137695,1.832229845195664,26.490667065702684,49.42420911418647,-19.41489234548789,,,12.543966074839956,nan,,,1.0122028589248657,,None,113.0934037302108,-4.542265771021584,110.42693942681716,0.0628356859087944,-8.587674070632438,0.046498071402311325
Gaia,DR3,2478671432348569856,22.645330753298378,-7.045831359112954,16.547719955444336,2.4557971954345703,3.4288095853415235,14.399821737216708,60.84435921860901,-10.275366736095526,,,6.3600206784547115,nan,,,1.01658034324646,,None,61.41724687201524,-3.096936645087702,58.150027101607364,0.0691685602068901,-6.331052275897265,0.03507217764854431
Gaia,DR3,5017675090643520768,29.141469936263427,-33.31126104611335,16.288597106933594,3.05307674407959,3.7844487845780166,27.281096230936217,65.26241890810957,-3.8085571102711313,,,7.2642987934712995,nan,,,1.028770089149475,,None,71.51633110239806,-5.724885859258752,75.05769825595395,0.03017413802444935,-10.312481426545048,0.03693557158112526
Gaia,DR3,5158747861324346112,42.24847963059614,-12.890096984839058,15.757525444030762,2.6946029663085938,4.006923875089089,7.688808778768075,14.542585602055423,5.576768080490348,,,9.869495469131317,nan,,,1.0261485576629639,,None,97.10430621048047,0.4562045594152693,103.8323703310607,0.042458441108465195,5.379083535879649,0.040102552622556686
Gaia,DR3,5125912836347148032,41.507851334334674,-21.80236040665345,15.64687728881836,2.3711318969726562,2.4722746496152683,15.328579564908452,72.7687612068547,4.915310083822336,,,5.913327587017594,nan,,,1.045561671257019,,None,58.26381770626705,1.0682306674329372,60.07077485145708,0.023188291117548943,-1.4283821572885373,0.03466060012578964
Gaia,DR3,5077676986358696448,42.33893999406748,-23.11366110672256,14.306811332702637,2.0968856811523438,0.9790067594731464,16.8090683416448,30.695169039282383,5.517052572075869,52.434593200683594,1.9041272401809692,9.61158933234195,nan,,,1.0554935932159424,,Gaia_DR3,94.5491344326363,2.502749464263559,92.58190160208368,0.014867539517581463,2.2478141015233817,0.01963326893746853
Gaia,DR3,5148399150509370112,32.84785638422973,-14.525655027028249,18.52125358581543,3.3048133850097656,3.822811095924322,8.579219692742644,51.0265824937421,-1.877692421699754,,,6.534925498095358,nan,,,1.0915409326553345,,None,64.66762371390145,-2.1381175467064786,60.416237832300716,0.20349232852458954,-5.246301540446181,0.16506962478160858
Gaia,DR3,2525035398150553856,16.578763399719172,-4.660962261999533,17.276899337768555,2.898782730102539,4.281973227114993,20.60670886865768,74.49546686680694,-15.125975011955887,,,6.117654215519496,nan,,,1.0330861806869507,,None,57.31646938160484,-2.9257294831856084,60.718520696529396,0.13479024171829224,1.4241981301506805,0.13042151927947998
Gaia,DR3,5038128240301875328,26.05483841811168,-25.016165333229893,16.710847854614258,3.3933286666870117,2.9871859550898123,20.857259835949677,49.68540793942491,-6.578026759475961,,,15.082690153463684,nan,,,1.1694369316101074,,None,147.37545428796363,-13.38470658256458,156.55170661205426,0.07522183656692505,-10.933485455441527,0.048732198774814606
Gaia,DR3,2467972909332736384,16.858237343514748,-14.434805090622154,10.136547088623047,0.9831361770629883,3.0340076941316765,21.243223269244805,39.198475778808074,-14.311592908017225,41.042789459228516,0.20015224814414978,11.098500294901218,nan,,,0.9557878375053406,,Gaia_DR3,104.15518400303341,-11.115954770820881,105.87789052936219,0.020337259396910667,-4.229569174905835,0.02620106004178524
Gaia,DR3,5158794689352163584,42.535546385699604,-12.575680759861124,18.528776168823242,3.8421287536621094,2.334268282066574,7.648136232427452,15.44334122380622,5.80589420343132,,,10.167048828786456,nan,,,0.9011861681938171,,None,99.97168713150343,0.5134064577007749,96.28953517952978,0.2116851806640625,3.9005163433642394,0.19920185208320618
Gaia,DR3,4863727000144162048,55.61740567887161,-30.976078999224985,20.54697036743164,3.126800537109375,3.95963386489359,29.500190597090224,72.22210877118256,14.352009593091296,,,7.039446061906818,nan,,,1.2356510162353516,,None,65.4997407637209,11.008838133481808,60.83614786641111,0.6161585450172424,14.583577306427548,1.0311839580535889
Gaia,DR3,5144389403401531776,33.376433598844585,-17.250918830564565,18.786701202392578,0.5746383666992188,2.455761629350173,10.837358577094621,20.19899626452748,-1.388441153885216,,,9.308786854125955,nan,,,1.0264930725097656,,None,92.1529625417794,-2.9654782353149116,92.43132826447652,0.22758540511131287,1.8456272850157467,0.1970682442188263
Gaia,DR3,2470010373098687488,16.36276828419552,-10.642665572556556,15.32137680053711,2.311685562133789,2.6658157899126804,20.848835283171958,69.75019698515942,-14.971805434964494,,,6.349288690848867,nan,,,1.0178040266036987,,None,59.40918448812611,-5.172614988231015,58.56581452686199,0.037536535412073135,-1.7055381536123815,0.03584425151348114
Gaia,DR3,5176842077505914880,36.025425159032125,-7.722148537238867,17.767276763916016,3.321104049682617,3.44457490532833,1.3013660955809676,21.360076959970694,0.5318353784462779,,,7.8818610756679615,nan,,,1.0256620645523071,,None,78.07994472352794,-1.6091178307009386,75.40737146548685,0.18696817755699158,-6.670234690717441,0.14687149226665497
Gaia,DR3,5178405479961475712,37.15594013955309,-7.061484483890277,11.829363822937012,,1.0297460941930123,0.0009101754290398188,0.5014665881627843,1.4400624952288794,3.2179174423217773,1.630658507347107,9.508002032591081,nan,,,1.055575966835022,,Gaia_DR3,94.15491350180147,-1.72483754733706,94.23962660606784,0.021003978326916695,-3.7871032889849916,0.018047530204057693
Gaia,DR3,5148399150509370240,32.84813490421185,-14.527089818731206,19.72438621520996,0.7774467468261719,3.1623310684558956,8.580327839011922,60.801442737682144,-1.8774328366524689,,,6.1268898789374235,nan,,,0.9813368916511536,,None,60.62984190707411,-2.004602008692327,60.11057254752882,0.3916817903518677,-6.0559580234626065,0.3298460841178894
Gaia,DR3,5011392309403002496,24.189356441160648,-36.80937805145571,17.977266311645508,0.9804782867431641,2.135868272879563,32.01051941102822,69.8107140828395,-6.783344174105672,,,20.856749017814092,nan,,,1.0084185600280762,,None,202.5781880148456,-27.99716801533326,203.87620003746042,0.06684791296720505,-37.29804260520653,0.07522530853748322
Gaia,DR3,5023489784870665600,24.458709565439325,-29.134775090108317,20.10784149169922,2.5854644775390625,4.492326834754553,25.109134157140698,65.7696475536767,-7.3832374974264905,,,6.954022248171325,nan,,,1.0523045063018799,,None,67.60627933943162,-7.767586789865181,73.72333785370509,0.6610743999481201,-10.20734041340661,0.3664287328720093
Gaia,DR3,4899409210481929728,67.83063108061393,-21.368274826889362,20.318389892578125,2.9239120483398438,2.7053739210649073,32.89534031967565,61.520296055650846,23.73798921643401,,,9.018322691733651,nan,,,1.0245118141174316,,None,75.5254656024289,15.563845026551625,77.82268802641771,0.4734657108783722,20.16565024456788,0.5290565490722656
Gaia,DR3,2543733074418301440,6.656211358007529,-0.049525604357835526,6.031927108764648,1.0949110984802246,4.3768241177672795,31.21739855835385,66.40179189582143,-22.684219500891615,-25.046937942504883,0.20093239843845367,7.817584924957235,nan,,,4.611372470855713,,Gaia_DR3,67.8110736304696,-1.7317079909222155,74.96573911950622,0.2159421443939209,-0.8152873244264839,0.18488261103630066
Gaia,DR3,5036022778614000384,24.006754057734657,-27.015733072356607,17.542211532592773,3.116971969604492,3.8800126124668464,23.540050192635135,46.75549346646104,-7.897590643416227,,,8.547023876115006,nan,,,1.0431917905807495,,None,82.96230654461478,-9.345704231613206,76.15247506365688,0.12535259127616882,-10.926934725387262,0.0596427246928215
Gaia,DR3,5065410903358626816,43.32267295467294,-29.00582602933606,14.464642524719238,2.157827377319336,4.91500252196091,22.70283236124484,40.813352177969634,6.060656510612562,59.40912628173828,1.9022719860076904,10.417776106870827,nan,,,1.0673599243164062,,Gaia_DR3,102.25475192410495,4.795259176942977,96.8007880905943,0.01851372793316841,-4.51971930667137,0.01814889907836914
Gaia,DR3,5171813632874404352,37.92585551633513,-11.048816719177289,18.269514083862305,0.43947410583496094,3.8355576043054533,4.060021741585675,31.896719546909253,2.1153523828293874,,,7.330432162866654,nan,,,1.07677161693573,,None,72.55703488805489,-0.9848435148215913,78.28479639261487,0.18165606260299683,-2.509447758113073,0.14861582219600677
Gaia,DR3,5158135330268519552,40.09219460115862,-14.408332672094174,10.109482765197754,0.7695512771606445,1.789596142901109,7.893051100504683,46.169449197589245,3.8655647476833135,17.56516456604004,0.35250943899154663,6.73380975229373,nan,,,2.499415397644043,,Gaia_DR3,66.499070014682,-0.10061483573725027,65.79365471413864,0.04721997305750847,2.3399122472399143,0.04673491418361664
Gaia,DR3,5159204704110499968,44.6700554460869,-13.23931365927488,13.005207061767578,1.5280952453613281,4.5156654878533455,9.634803646030143,46.25394079147578,7.488842083866265,41.18637466430664,1.608359932899475,6.806229100958986,nan,,,0.9398785829544067,,Gaia_DR3,66.57279370425923,1.009783274652115,66.21395594602497,0.01775132119655609,7.4790127138594285,0.01577935367822647
Gaia,DR3,5088390623363522560,54.80656360482284,-21.667552809604462,19.315324783325195,3.8311290740966797,2.4920549069604245,22.443240506063006,46.9045126320327,14.780566621892644,,,8.223875498034152,nan,,,1.0403516292572021,,None,76.90857331210138,8.263630481387645,80.97888497452234,0.28190574049949646,6.81499431110703,0.285282701253891
Gaia,DR3,4964482161200545408,31.74719488668466,-38.522779931685655,13.403043746948242,2.0362396240234375,1.7746420463737105,31.839518875233747,55.92725822620743,-1.789282628463834,22.059213638305664,0.903737485408783,11.722332855836667,nan,,,1.118659496307373,,Gaia_DR3,115.87439852110907,-6.77937701566843,113.71305933968604,0.0172839667648077,-10.595259389194496,0.025113027542829514
Gaia,DR3,5107843599696092544,58.50454000304436,-16.95257056661415,15.856350898742676,2.5722036361694336,1.8062307848639663,23.074890129947853,44.09825829917482,17.8262866671976,,,8.899907832813092,nan,,,1.0447136163711548,,None,81.18117780609346,8.179263622820145,81.17568839993571,0.05493653193116188,4.790435927470554,0.045494694262742996
Gaia,DR3,5166332670489918848,49.932125747992835,-10.158016278907521,12.349143028259277,1.375260353088379,2.887411269668379,13.004625295132852,30.57177792654099,11.670663797111029,26.819591522216797,0.8932757377624512,8.184746866061465,nan,,,1.1701263189315796,,Gaia_DR3,78.53908905701103,1.802834859651135,82.67811688649392,0.018451862037181854,4.575729075390628,0.016108525916934013
Gaia,DR3,2757255518112621440,355.9939552342104,7.934651501981201,10.08799934387207,1.0234870910644531,4.505134904124006,43.69513854998517,73.01010287468921,-29.757365531551613,-7.102139472961426,0.19188228249549866,12.91849996701449,nan,,,1.1669477224349976,,Gaia_DR3,98.68464260116903,8.4672775613883,105.89362253845437,0.022209536284208298,18.395035461025465,0.014702791348099709
Gaia,DR3,5015758710595977088,23.993323969700086,-32.36398475544285,14.629622459411621,2.622622489929199,2.6940195867852634,28.111032939883575,49.85273613911545,-7.389174557127239,8.1570405960083,2.500957727432251,10.453944419733109,nan,,,1.1521283388137817,,Gaia_DR3,101.46711223092842,-13.017134297308683,95.59586044057673,0.01710052415728569,-13.898732117536587,0.014972392469644547
Gaia,DR3,2534458453318572672,18.4164699414793,-0.6134593237398903,17.352724075317383,2.9953269958496094,3.219568671474699,19.767595339853504,59.539041945542486,-13.816223349940588,,,6.799603775259843,nan,,,0.9940689206123352,,None,64.37484911536873,-1.69036267953779,60.278550911512774,0.13747097551822662,0.4353500267507719,0.0997093915939331
Gaia,DR3,4966013162422514304,38.306492106616865,-35.685339075152385,16.606767654418945,,3.9868255662151437,28.644115582600723,69.14988192883602,2.441433147711523,,,7.152465043500304,nan,,,1.3061175346374512,,None,70.77435718432815,0.7313306251544844,69.93801136635284,0.09927711635828018,-5.221587367170564,0.09596287459135056
Gaia,DR3,5040589359641611136,20.588059035389712,-24.132656166629975,17.31583595275879,3.5094728469848633,2.2905539438917266,23.315846020041946,48.435950120708,-10.637142054854007,,,13.770093946541468,nan,,,0.9926121234893799,,None,131.79597358300876,-17.12278630034381,133.66389755223335,0.11239682883024216,-23.504211393218476,0.08315106481313705
Gaia,DR3,5117829673535115520,34.31954413199299,-26.499709856882497,11.50131893157959,0.9908342361450195,1.3640741118226076,19.62545246461391,61.840203033431564,-0.43618630279118875,7.570602893829346,0.4165516495704651,6.6587950141120364,nan,,,0.8312426209449768,,Gaia_DR3,65.95127140089562,-1.922882204837351,64.1694968363219,0.014967747963964939,-1.221623478370713,0.015244676731526852
Gaia,DR3,5117841046609046016,34.01854316672025,-26.52634210707454,16.60093116760254,3.0262022018432617,2.3410155095287712,19.69316321741024,37.93080418178325,-0.6562281761775317,,,11.569564795993593,nan,,,0.9993855953216553,,None,114.57500973261268,-3.6103141763741373,114.87236499566907,0.05132344365119934,2.0916287950557155,0.05136622488498688
Gaia,DR3,5014661397990948096,20.042904605538467,-33.52804475193238,13.724150657653809,2.445941925048828,4.2466116555345605,30.84444302644221,56.57081717443781,-9.891575041917418,17.615455627441406,1.5437172651290894,13.429892826070919,nan,,,6.71291446685791,,Gaia_DR3,128.20740193798724,-22.069884627564782,119.26130339798286,0.1839606761932373,-14.037726759991973,0.19774064421653748
Gaia,DR3,5075989132929842816,42.33848845268064,-25.67929412447717,20.14314842224121,3.138141632080078,1.9048081145533102,19.264117547657765,37.97165872644721,5.4559362256735024,,,8.71068001608452,nan,,,1.084035038948059,,None,85.68697652867564,2.719396609724269,85.0668063038774,0.4163287580013275,-0.7229823300332181,0.5472977757453918
Gaia,DR3,5151396629660116992,31.798318859388786,-11.588639254035995,9.545083999633789,0.8363447189331055,4.037352047728749,6.959351444582608,27.793789485679806,-2.7960665730720056,-17.490015029907227,0.17717525362968445,12.464363437382806,nan,,,0.9655267596244812,,Gaia_DR3,123.21655750523978,-4.273458618945668,113.39149175642184,0.016738664358854294,-8.274765315887235,0.012653674930334091
Gaia,DR3,5177342114778469248,39.2593535687495,-7.919707330055549,14.279985427856445,2.1171751022338867,3.762722906084303,2.255813613702003,14.207188986508605,3.158442530167674,3.5957999229431152,3.7554609775543213,8.390755568565346,nan,,,1.2242308855056763,,Gaia_DR3,82.94919139771596,-1.0638211848212649,77.46993855746206,0.02626509964466095,2.7145792374718316,0.02695503830909729
Gaia,DR3,2519030415395125120,28.760485101724917,4.930960254395701,17.922992706298828,3.0597915649414062,3.4920849618587235,14.628530536410318,70.41877243913014,-5.612775490017228,,,5.973154422640845,nan,,,1.0333853960037231,,None,58.75998031146766,-0.693097400580367,56.43445863974459,0.1650867760181427,-4.425072789739842,0.12272728234529495
Gaia,DR3,2539263009894461952,14.392991973697008,2.2630610658411983,15.205449104309082,2.83823299407959,2.290044365574032,24.5559472030445,56.08063307094051,-16.97046917663021,,,7.633924053320232,nan,,,1.087817907333374,,None,70.5331388246084,-0.5807529050135667,68.9578913819435,0.050759878009557724,2.751013755363246,0.04851468279957771
Gaia,DR3,5015037499686944768,23.207976999337454,-33.66564022697798,16.260242462158203,2.7511911392211914,2.2351554667365576,29.568896683797135,53.582273797312176,-7.7773297770270835,,,9.594362905013107,nan,,,1.044604778289795,,None,92.8543785464715,-12.990009901721585,97.37164646962222,0.0362655445933342,-12.811367941659103,0.03220056742429733
Gaia,DR3,2513378994347803264,32.565946370667305,1.1245996319513916,18.341060638427734,3.507312774658203,4.760553230893519,9.379253222916999,22.477266096755486,-2.457223200618616,,,8.424071446517026,nan,,,0.9948025345802307,,None,83.34173087121546,-1.7458424958777385,75.19728030892922,0.23960457742214203,0.5215016070228096,0.19259117543697357
Gaia,DR3,2564433476754116224,20.736322538483,5.9791742479111,18.44285011291504,3.5022411346435547,4.438247441861398,20.93889664110714,38.6562153840848,-12.042116905450749,,,9.350417857107677,nan,,,1.0366381406784058,,None,89.55603155525809,0.44408347600121445,95.94857494182259,0.21331216394901276,6.416664738901845,0.1824202984571457
Gaia,DR3,2587513389756591232,26.218124956883667,13.216419976831904,18.537626266479492,3.346738815307617,2.7215139213748265,23.003957067598456,69.2782261943068,-7.641930671873748,,,6.540394027003281,nan,,,1.014917254447937,,None,63.937442671318394,1.0157280850370185,62.2668933046731,0.23059514164924622,-2.344265017084211,0.19653137028217316
Gaia,DR3,2515314993806386816,36.76854655976724,2.9442006788392154,18.29524803161621,3.8245487213134766,2.529256725294679,10.012321299428447,24.579440997466044,0.9517372400072084,,,11.397426872483834,nan,,,2.7158849239349365,,None,112.88425880318826,-2.598512792383957,107.11611153212532,0.6361656188964844,-0.6857367560160006,0.5314851403236389
Gaia,DR3,2582033428099280256,12.323330405539584,9.716211002484846,14.66515064239502,2.9689998626708984,3.3866780126771743,29.88870900156626,63.939986230933144,-18.422076916540373,4.294658184051514,2.474363088607788,18.06538395694648,nan,,,1.3659108877182007,,Gaia_DR3,164.473204156278,8.036534334053862,176.79080244718884,0.04426916688680649,11.861131876515469,0.028999732807278633
Gaia,DR3,2514247501159638400,32.37607595776119,2.0095208750007316,18.94270896911621,3.286123275756836,4.559912345321373,10.247890322033985,30.980000577168376,-2.6274101193189736,,,7.775241332634084,nan,,,1.149067759513855,,None,76.90899949223216,-1.5400014025171131,72.03361718825691,0.3518370985984802,4.1251139917129676,0.27388307452201843
Gaia,DR3,5122235966384027392,29.005132394926832,-23.89722036438439,16.235136032104492,2.773928642272949,3.670332051233614,18.56372461003032,33.75879614022712,-4.469853725673026,,,9.711357220109205,nan,,,1.000550627708435,,None,95.58160116783989,-6.3662556131119885,102.54112556150592,0.04193262755870819,-3.533126401475842,0.038672495633363724
Gaia,DR3,5128274136351087616,42.83474376054218,-19.513566761189907,19.44948387145996,2.833444595336914,4.4551311156374656,13.619195979076133,69.21641037857326,5.96382086876609,,,5.977514820084879,nan,,,1.3030952215194702,,None,58.73791456336146,1.2864503597887271,54.11556679337398,0.4108200967311859,-1.899598067502419,0.4590449631214142
Gaia,DR3,2588183340230667776,25.900254228073187,14.148953636084793,17.18577766418457,2.747539520263672,2.627976155909297,23.970432190376062,71.48713010751884,-7.8781217277002185,,,6.5052687463691905,nan,,,1.0203548669815063,,None,63.53516673156319,1.2670173132681235,66.76291309466394,0.13392356038093567,2.8701586183285137,0.07423428446054459
Gaia,DR3,2557000812510000896,9.803301939899072,6.580819014247891,10.419588088989258,0.806056022644043,3.89248353257281,30.50689103791835,70.17363346053432,-20.37718783070426,11.923664093017578,0.21028946340084076,7.337551736101418,nan,,,0.9343675971031189,,Gaia_DR3,65.4788941814729,2.0331038904961862,71.30955828046429,0.022617552429437637,3.5350706904896025,0.020614024251699448
Gaia,DR3,2557790880333920768,10.4832656114442,8.149905581934313,10.218092918395996,0.9710779190063477,4.9034037594415745,30.635063101842963,53.90810062280304,-19.83520501680281,10.465012550354004,0.2287304401397705,11.31144107405368,nan,,,0.9327660202980042,,Gaia_DR3,101.5114911710459,4.294124301516126,107.63944166076486,0.02092096582055092,-5.663911583618696,0.016991477459669113
Gaia,DR3,2570748414413671680,29.25902460106068,9.385814941317147,19.735580444335938,3.2563114166259766,2.6532961602494733,18.23147665329192,70.65671575492378,-5.238007284614222,,,6.1419178313963005,nan,,,1.0152323246002197,,None,60.4803847162863,-0.23145581281259808,57.28958545766653,0.50311678647995,-1.5046313110008018,0.4609279930591583
Gaia,DR3,5178729110041542656,40.40404624087018,-6.280440792977673,10.656316757202148,0.7912092208862305,2.31555906269813,3.3194849616928517,74.14556598585199,4.069936579684645,8.03454875946045,1.9342049360275269,5.574404212819873,nan,,,1.006853699684143,,Gaia_DR3,55.024810459019214,-0.6923538371192954,55.81230388441374,0.018893513828516006,1.9123107705003082,0.013350722379982471
Gaia,DR3,5185146237858737792,39.51713194082536,-4.731561380798982,20.023218154907227,0.6525020599365234,4.305581559596239,3.3079041670913862,43.16798058329788,3.3302201698253615,,,6.746040278062119,nan,,,1.0578958988189697,,None,66.66971859830528,-1.079198545923603,70.13001957621726,0.5282300710678101,-6.130811429269402,0.5403430461883545
Gaia,DR3,5177342320936899328,39.25941090645187,-7.918612896986552,16.526594161987305,2.7107133865356445,4.054771502798085,2.2554521134552505,12.178997836996736,3.1584774996018226,,,8.544008988784869,nan,,,0.9575790762901306,,None,84.46421600910716,-1.0833484984035806,77.7935321280693,0.06545539200305939,1.8899037332134085,0.07002429664134979
Gaia,DR3,5173480526862561920,43.4737924195412,-8.847239697476398,14.462503433227539,2.454833984375,3.689115817932622,6.5072026444117865,12.167802555625801,6.562603159449697,22.796619415283203,3.4989070892333984,9.332989775230601,nan,,,8.989555358886719,,Gaia_DR3,91.57379164365412,-0.042125992147262536,89.10429793309268,0.19056028127670288,6.783149976537428,0.15787695348262787
Gaia,DR3,5180422362244011136,44.525506791885384,-7.400969693612267,14.268128395080566,1.8598012924194336,4.292810128279656,7.319183216655836,33.255036444048116,7.405511372768116,7.09408712387085,3.4947097301483154,7.395189339843971,nan,,,0.9576184749603271,,Gaia_DR3,72.3626001147224,-0.12042662729211884,67.49252187558399,0.02383481152355671,-4.710703013400083,0.0217553973197937
Gaia,DR3,2553135719900838528,14.912669203715845,5.769286410941271,19.654172897338867,,2.917812061166337,25.636193506580863,49.63119287102896,-16.564819865007898,,,8.72739592140013,nan,,,1.0472557544708252,,None,80.91579999670401,1.17440255007251,78.1798668320461,1.4009984731674194,5.79315273934635,0.4131920039653778
Gaia,DR3,2501084457189174784,35.53852381729562,0.4333386152833255,17.864206314086914,3.5846328735351562,2.5733357671512262,7.665661584527852,17.09478628980979,-0.00990307150157399,,,10.51957836392576,nan,,,1.1167305707931519,,None,104.21364127042597,-2.2866250142196307,99.49951522531003,0.24078339338302612,0.9295215661142411,0.1722680777311325
Gaia,DR3,2752761333053008128,3.7583229680263557,10.096887789167761,15.117609024047852,2.6067848205566406,2.929284405841438,37.42382641418988,65.11937762670702,-24.532538332596587,15.041414260864258,7.759232521057129,10.558608664512642,nan,,,2.250335693359375,,Gaia_DR3,88.91559818248567,7.39887022829458,89.23312936547877,0.1169128343462944,0.8864273166559828,0.0806688740849495
Gaia,DR3,3181498265759130496,73.70690122775915,-10.474030604585309,17.51950454711914,0.3164520263671875,2.669572067268065,36.264684841316146,62.76874259420212,28.7235224034912,,,10.999991040980973,nan,,,0.925989031791687,,None,85.6773221522335,9.89016719369727,79.79415398221462,0.09194263815879822,7.9638896625831865,0.07519694417715073
Gaia,DR3,3183885958338104832,75.37933259907652,-7.995080835389751,16.58184242248535,3.1985130310058594,1.905580710905757,37.89282105930024,66.90205016973319,29.935879519560626,,,14.887536317332197,nan,,,0.9909441471099854,,None,113.24758807120551,9.936612867107534,111.20363115858716,0.061515841633081436,15.557046882415518,0.054466068744659424
Gaia,DR3,2562789603791160064,20.109353057772267,3.7494295060803946,13.458337783813477,2.450681686401367,2.902001248622637,20.157405059588626,43.753497974395074,-12.536799886619608,-2.5199599266052246,1.1280611753463745,13.342301041666849,nan,,,1.1404939889907837,,Gaia_DR3,127.41208909947737,-0.5941656635922143,135.4825770629489,0.027486814185976982,-1.815860944559112,0.02033574879169464
Gaia,DR3,2564433476754115968,20.736677087885937,5.980880171253067,18.03054428100586,3.5620250701904297,3.638265844679061,20.939676825972835,38.167790541457,-12.041830769160452,,,9.595685013035181,nan,,,0.885773777961731,,None,91.90529112307979,0.45639855982298627,96.60023295222757,0.17312149703502655,6.124123568199854,0.1516234427690506
Gaia,DR3,2565603146672201600,24.350216017673205,7.320777129355903,17.652124404907227,3.6663036346435547,4.717911486999043,19.23379237309112,40.76081409454543,-9.17133522661481,,,12.726744899301115,nan,,,0.9718660712242126,,None,123.681974710494,0.3740113382082484,111.06088911886515,0.1613132655620575,1.3374696811431603,0.08233271539211273
Gaia,DR3,2565959324015491328,21.10644892629148,6.484290560871388,7.992269992828369,0.6882643699645996,2.4057891493411967,20.972128728579897,52.11374923993741,-11.747993251078238,15.530403137207031,0.1328544318675995,15.917277497935801,nan,,,0.9534791707992554,,Gaia_DR3,152.7089260988058,1.0010874124411515,145.51934393115565,0.03569311648607254,-2.6701585294481514,0.017710033804178238
Gaia,DR3,2513733926150111744,35.781657610556444,2.1326496144740883,20.225435256958008,0.6232147216796875,4.818134984797633,9.29500236658846,65.74936110239771,0.15868915661391192,,,5.960054361722177,nan,,,1.0462316274642944,,None,59.04357302402002,-1.3039129631034676,53.45889050338843,0.8595378398895264,-3.6402641514567327,0.7149632573127747
Gaia,DR3,2516748104133795968,34.222262375528395,4.681014700843998,8.8002290725708,0.5582952499389648,0.4711053703255821,12.101129123338227,60.731959418347756,-1.161369280359379,5.160032272338867,2.0874617099761963,6.25488641365497,nan,,,5.775193214416504,,Gaia_DR3,61.94847279626441,-1.2387517214248156,61.454357476961306,0.17691586911678314,-0.8622749347108791,0.15140393376350403
Gaia,DR3,2581459105072473600,15.253478421602392,9.68323643694258,13.173828125,1.5512065887451172,3.2104436537743437,27.502242405332353,62.81191726189308,-16.224649196240513,35.57489776611328,0.9786643385887146,7.502960907466118,nan,,,0.995803952217102,,Gaia_DR3,69.7180186974903,2.7271926455381683,74.40405305308394,0.017298314720392227,0.7709891034442239,0.013477327302098274
Gaia,DR3,5158098153031620608,40.46669452558798,-14.228997686689224,15.40605640411377,2.420121192932129,4.693181830213923,7.871419374798614,38.8612386951134,4.161846062685257,,,7.104987593982729,nan,,,1.0799009799957275,,None,70.12659616330822,-0.011598244538525648,76.19533882403621,0.04409122094511986,3.535750279547677,0.03628793731331825
Gaia,DR3,2514074401092734336,34.91611382022256,2.9134462357602224,16.48002815246582,2.6446523666381836,2.2550295938160354,10.221481660929934,48.9068903521052,-0.5639678881417449,,,6.703864277124875,nan,,,0.936149001121521,,None,66.40879704184573,-1.4185694056207296,63.664168418376235,0.06776098906993866,0.20110982680710018,0.05884087458252907
Gaia,DR3,2515045029341948032,33.326523356466815,3.685257523844749,15.943312644958496,2.2945146560668945,4.642267081190053,11.40528126750048,67.75726647941556,-1.8771914462184682,,,5.950839262150088,nan,,,0.9774478077888489,,None,58.90877209203383,-1.144484059837719,54.256321126295404,0.051682986319065094,-4.64738060284035,0.04017385467886925
Gaia,DR3,2785927684692570496,19.783625291779142,18.669546215499732,18.54522705078125,0.6538105010986328,2.7283935584983365,30.911381214693957,54.4104671543087,-12.412105559412613,,,10.601155604819027,nan,,,1.028429627418518,,None,101.07506028135067,6.946433677796243,101.56777254483173,0.2706362009048462,13.023990229408623,0.1373777538537979
Gaia,DR3,2544120892784153472,9.317028313928708,0.8097943603822375,16.184391021728516,2.675914764404297,3.6731413348203112,28.867722852796426,66.46812461374246,-20.76424093700975,,,7.399308524455915,nan,,,0.9172229170799255,,None,65.75746647687065,-1.1505013462347486,70.22500313455278,0.07540229707956314,2.436808851072643,0.06491930037736893
Gaia,DR3,5176191540284303744,35.182644163584584,-9.36637070071301,18.97991371154785,3.361654281616211,4.3683210372532,3.0213524609900957,41.00591547228471,-0.12217860044061091,,,6.842051440091109,nan,,,0.9820340275764465,,None,67.78039160467975,-1.5364962364677055,66.27013183320885,0.27270781993865967,4.580574601216676,0.22766448557376862
Gaia,DR3,2520770976661802752,35.042108513196176,7.527911906967356,16.80921173095703,2.660421371459961,3.648879008234977,14.740047384577275,36.24809907977154,-0.5404645785325002,,,7.904613780110744,nan,,,0.9135454297065735,,None,78.3051675006165,-1.614134908099551,75.92700302310041,0.08933468163013458,-7.210158017649605,0.07624119520187378
Gaia,DR3,2539841009412484864,15.717001018912828,3.641923860963793,18.415124893188477,,0.8463374284946779,23.92487599626637,54.05297225995676,-15.95972533218117,,,7.7197910481079335,nan,,,1.1088653802871704,,None,71.94499293963906,-0.02725138567750829,73.21621233357429,0.2678138017654419,-0.5574024006861747,0.23480740189552307
Gaia,DR3,2539841009413064192,15.716627367973407,3.6418300131297956,15.80531120300293,2.7356395721435547,2.694811493340719,23.925167565118848,56.294052869653015,-15.960012833659627,,,7.5132878763907165,nan,,,1.2113052606582642,,None,70.0203113068363,-0.02653484247777982,74.21227709991383,0.07030757516622543,-0.8298845576435142,0.046904321759939194
Gaia,DR3,2550386047478234368,10.502541358165429,2.376457468109957,12.030752182006836,2.0058393478393555,2.224228076599211,28.224372985815336,51.286274980569424,-19.901320656770938,-16.844202041625977,2.315711736679077,12.255416591609709,nan,,,2.419339656829834,,Gaia_DR3,110.00023916052706,-0.5311201060160062,115.73869066858106,0.043924421072006226,-0.8339748040136831,0.03745989501476288
Gaia,DR3,2584992763645380864,17.12156590787859,14.021506511592287,14.118142127990723,2.034979820251465,4.094835572433225,28.97829653530474,67.48632958871796,-14.646284459561935,4.932315349578857,3.7778992652893066,7.3306332420487,nan,,,1.2060744762420654,,Gaia_DR3,68.9013800224861,4.01358473185621,68.77696735628889,0.031155884265899658,10.340402361798791,0.02286553382873535
Gaia,DR3,2586454014598582272,21.999458878075966,12.375401341602215,12.447056770324707,1.5433969497680664,4.941584406776681,24.591697718855404,47.1789133211437,-10.961613846280216,-0.145237535238266,0.6959353685379028,8.835858621497676,nan,,,1.140589714050293,,Gaia_DR3,85.10020730643515,2.5165648832187344,77.655775734648,0.018793925642967224,7.930032537458898,0.01386177632957697
Gaia,DR3,2551513253054938624,14.661645572886977,3.615937466109599,17.206172943115234,3.1417598724365234,2.4725552780999065,24.860219895022265,66.11051200290059,-16.769106900645333,,,6.904104383870371,nan,,,1.0581893920898438,,None,63.90501975265788,0.03957946519356348,63.602795762192294,0.12066776305437088,-3.546399353969658,0.07598646730184555
Gaia,DR3,2553160184034583936,15.061104362210495,5.865165129734863,13.075325012207031,2.773326873779297,1.9751104473371377,25.556006639442533,55.82285972904791,-16.45040673787059,20.728147506713867,10.063992500305176,15.842803898512233,nan,,,1.7061270475387573,,Gaia_DR3,147.02885640668475,2.185619512119196,147.94523240044015,0.03127909079194069,-4.3469376152588115,0.02240815758705139
Gaia,DR3,2553035694406805760,14.140505443722436,5.366104982990909,18.8671817779541,3.7002811431884766,3.9951697831215864,26.1134892123716,69.1787180961367,-17.157109582876885,,,6.844791851304737,nan,,,0.9568637013435364,,None,63.13358368973396,0.8325185241390183,66.60519912830493,0.38952672481536865,5.434821807840427,0.27307960391044617
Gaia,DR3,2549409097037321728,10.101618490341693,1.134513972187154,8.1217622756958,0.9614553451538086,3.204994495982115,28.210333595538774,53.46392851126977,-20.189377235464036,,,8.914586417645163,nan,,,1.0595866441726685,,None,79.75064361337525,-1.1863389427521769,80.62229942348253,0.03964364156126976,4.773350925678494,0.028620656579732895
Gaia,DR3,2550802861169194368,10.81722355919584,2.8683279989062576,19.281673431396484,3.427562713623047,2.053387462132294,28.099805825744866,55.76395255508444,-19.66865743068529,,,8.44865184792081,nan,,,0.9841379523277283,,None,76.02548755236045,-0.08251032260766511,78.14405146040863,0.4231243431568146,-3.0635932311302323,0.3903888463973999
Gaia,DR3,2556878831143620480,12.371185170001038,7.958298708105186,19.342777252197266,3.654766082763672,4.876434270397023,28.918200623630383,66.65137116092538,-18.442392204038093,,,7.391476844062254,nan,,,1.0611969232559204,,None,67.31852609947686,2.397668339892124,60.33997374684474,0.5882943868637085,-0.608362468289131,0.40315940976142883
Gaia,DR3,2557000812510000768,9.805245792972283,6.583868291114763,14.753667831420898,2.2256641387939453,3.7173929103051835,30.50649701924012,70.04840974801525,-20.37569215093658,14.564387321472168,4.342631816864014,7.34797792773329,nan,,,1.0889384746551514,,Gaia_DR3,65.57300791625939,2.0374187140804794,71.08655192865315,0.03722361847758293,3.6985508211504374,0.03112141601741314
Gaia,DR3,2554073392865462272,8.369213999759037,4.309609614841019,18.616798400878906,0.34724998474121094,4.243871796268066,30.89840974324921,67.67469212182257,-21.462586530212114,,,7.626968681748368,nan,,,1.0036553144454956,,None,67.21911391549624,0.9396068761117693,62.19291013520568,0.26306819915771484,5.554481741217316,0.17452743649482727
Gaia,DR3,2555382674991432192,9.35998333416384,5.654811319225583,16.3944034576416,2.9554319381713867,1.2681017329660893,30.511809098524633,62.376561587521834,-20.720864956239186,,,8.139560291404635,nan,,,1.8014463186264038,,None,72.36275792793772,1.7448519717107933,73.97863412893211,0.12821932137012482,3.2021256675281076,0.09039124846458435
Gaia,DR3,2797435074604923904,4.13564946023052,19.28872746708875,16.377479553222656,2.9625768661499023,0.3441388754712665,41.85735493550218,71.10320675618449,-23.438237183581904,,,11.385272960744947,nan,,,1.0123867988586426,,None,96.26620417945023,17.078660006568345,96.91356900163424,0.06319359689950943,16.565670262363163,0.05885833501815796
Gaia,DR3,2561097725978764544,27.082448797741947,4.852618219856248,17.99870491027832,3.286123275756836,3.978356420877464,15.588117320254693,67.1394924744332,-6.970330383442228,,,6.149023319880845,nan,,,1.0076518058776855,,None,60.2535116701179,-0.5738770698663842,61.53957455233701,0.2237190455198288,4.420237656376514,0.16854378581047058
Gaia,DR3,2569412752599367040,30.97132830288436,7.938403989280337,12.902519226074219,1.4944725036621094,4.651044550942863,16.217138995916677,55.76012499023131,-3.8480740150243484,19.636262893676758,1.4050339460372925,6.721309471043941,nan,,,1.0410557985305786,,Gaia_DR3,66.37389937715267,-0.7143891037322767,62.816398000008306,0.02334953472018242,4.833073472706284,0.01770206168293953
Gaia,DR3,2580264451329024384,20.235134614013514,11.04937401463508,13.755714416503906,2.1343841552734375,1.5258270276245514,24.729079716105506,49.53852604934461,-12.364440970459158,15.1566743850708,2.122706413269043,8.450159178366956,nan,,,1.2390738725662231,,Gaia_DR3,80.74336523319812,2.432344557034673,78.43018933130165,0.023619357496500015,1.0050565027668672,0.014499103650450706
Gaia,DR3,2568947521741735808,29.12604165074173,8.492994723585625,16.459260940551758,2.538930892944336,3.6847506947399853,17.492353428117926,64.80832574676482,-5.341729955634097,,,6.358099132090011,nan,,,0.9650898575782776,,None,62.59298880457339,-0.327584966020698,63.63092228033008,0.06627762317657471,-5.156149129556745,0.05205865204334259
Gaia,DR3,2566370678803054976,20.876263403313164,7.462399678639787,16.179170608520508,2.8730926513671875,3.316139185213409,21.783216302935813,62.776559290257985,-11.92226460413294,,,6.795756023392534,nan,,,3.1362173557281494,,None,65.12992337780622,0.7488355570424687,69.71789823050537,0.1894095242023468,-0.4840784857984341,0.08844874054193497
Gaia,DR3,2747350528957701888,6.4417206983853035,5.6750564629842115,18.192838668823242,3.6879310607910156,3.2735308073727536,33.188682255516014,62.308178311269955,-22.828853726251324,,,8.961363590647139,nan,,,1.1398054361343384,,None,77.57132321767791,2.330924747031993,71.99688252666414,0.23866981267929077,5.008543739264633,0.17791783809661865
Gaia,DR3,2571182897600562432,32.054323497820576,10.818790814683483,13.338491439819336,2.346864700317383,4.584584509783528,18.58648446410713,57.45779756297735,-2.998806035419358,7.83243465423584,1.3337047100067139,18.65160966709088,nan,,,1.1836960315704346,,Gaia_DR3,184.43267822310477,-1.8730399857714417,171.34183304420858,0.01954176463186741,-14.265730683263314,0.0151026276871562
Gaia,DR3,2583585216963063936,19.20084677651289,12.157000609322283,15.973448753356934,2.617401123046875,1.7532113331588122,26.229794269553796,47.066952473703125,-13.133076452224191,,,9.939052960031145,nan,,,1.086702585220337,,None,94.48547489169222,3.7216229399030762,91.23479660847748,0.09502619504928589,5.432501359375895,0.04999960958957672
Gaia,DR3,2574049461852944512,28.36370995218125,10.932366602550532,13.537047386169434,1.545419692993164,4.28920614244083,20.007975760148376,74.32727675017861,-5.956469963976698,31.025758743286133,2.1716203689575195,6.088726399576452,nan,,,1.0801191329956055,,Gaia_DR3,59.84614777057979,0.1297308412613276,54.45352813593014,0.019002743065357208,-0.9792747384338237,0.016728511080145836
Gaia,DR3,2575867023293197056,26.863184450504754,13.19048289372286,11.117972373962402,0.9561710357666016,1.5469919772532463,22.685365827046326,57.33269072683043,-7.133834534515417,30.750944137573242,0.6628147959709167,7.255631757843462,nan,,,1.0312275886535645,,Gaia_DR3,71.05604713815228,0.9391243872895707,69.26734898159667,0.024511171504855156,2.4881701058020997,0.018799645826220512
Gaia,DR3,2580022936727998080,19.38794726829858,9.891498672435377,12.958441734313965,2.0263500213623047,4.775509396258616,24.506246571093754,47.91967922379318,-13.04793615766929,28.676054000854492,1.337560772895813,13.021894995061697,nan,,,1.0636587142944336,,Gaia_DR3,123.91032983855149,3.376595956265202,121.39756879453589,0.032575465738773346,-9.489805593818318,0.018252382054924965
Gaia,DR3,2781182334241182080,12.347613193615027,15.936670290796892,16.558866500854492,2.917668342590332,3.392430668878567,33.64750600334017,66.23033892998423,-18.067522333362653,,,8.408831597685126,nan,,,1.0266896486282349,,None,76.57068310144025,7.250585370831902,71.53364167223786,0.07735896110534668,10.53572859273843,0.055651891976594925
Gaia,DR3,2780450471813511168,8.745947561817884,14.970999708056251,16.478471755981445,3.316661834716797,1.0326178131428572,35.75571063490177,61.99041136186396,-20.718218336324163,,,12.453219474481537,nan,,,0.9890674948692322,,None,110.12259340501737,11.751916460105942,111.75224343030247,0.07244396954774857,13.918293153845623,0.055269062519073486
Gaia,DR3,2789042742868380160,13.975488648238661,19.504282359120225,13.46716022491455,1.9731674194335938,4.782462808746303,35.02417685317588,62.91468133702625,-16.615213023036574,-40.148582458496094,2.211003303527832,9.683530222550107,nan,,,1.14411199092865,,Gaia_DR3,89.21577015998311,9.788682709279307,98.90517097110545,0.021871771663427353,8.593377552436664,0.0169506948441267
Gaia,DR3,2580691160624661504,13.836980916352353,8.103319956193442,17.622074127197266,3.1952342987060547,1.8292500068549324,27.75732095940348,69.55842489546501,-17.339077155274087,,,7.0091870547133395,nan,,,1.071290135383606,,None,64.51477014389044,2.111232967946666,64.50927643604895,0.1415746659040451,-0.5916741804251777,0.10262343287467957
Gaia,DR3,2593871247024875136,21.65329295841962,18.096025937733657,11.845303535461426,1.2041816711425781,3.3213436303410138,29.444730313335157,65.77522280043773,-11.034451033723323,19.58675765991211,0.6042488217353821,7.554529790896274,nan,,,1.0235893726348877,,Gaia_DR3,72.6522293995844,4.018596091207575,71.05139052959882,0.0208961833268404,-1.0228183113198566,0.013251196593046188
Gaia,DR3,2587667772356523264,24.977624539825843,13.427296665089038,14.093791961669922,2.1821231842041016,4.727114317537351,23.79084826003282,44.38315020431117,-8.613270494410852,0.9246273636817932,3.0659966468811035,9.170238120650327,nan,,,1.1008001565933228,,Gaia_DR3,89.30659434737822,1.928409750470184,82.0386200876168,0.024550531059503555,7.467911783848652,0.017332540825009346
Gaia,DR3,2587957695533588352,26.24506904310542,13.750849091941147,16.902061462402344,2.9578771591186523,4.460614483537565,23.461233271242396,57.866751045059324,-7.613562378569844,,,7.316920435409634,nan,,,1.0774775743484497,,None,71.53410701459191,1.2382977713921441,71.87062357836096,0.11076375842094421,8.110473638173904,0.07679708302021027
Gaia,DR3,2580718068594988800,14.817109799295757,8.10396552150201,15.306736946105957,2.557888984680176,3.379704387292186,26.944483130544207,47.888310399835774,-16.597631878611146,-3.4633240699768066,4.08152437210083,10.682281817410777,nan,,,1.0489089488983154,,Gaia_DR3,98.9781490790928,2.980142491741555,96.20950482596442,0.04187702760100365,-4.1092781330229915,0.029375890269875526
Gaia,DR3,2786131854553012864,20.510314185682823,18.80197289842427,15.213543891906738,2.560917854309082,3.871712256230966,30.629925106928695,61.07827746155211,-11.861283718715844,9.01113510131836,5.003401756286621,8.349267031272602,nan,,,1.0216425657272339,,Gaia_DR3,79.88325970515754,5.195412946934072,82.57838317718445,0.03545663133263588,11.454453462308312,0.024852851405739784
Gaia,DR3,2786796578051580160,19.2340850222871,19.400664218429196,16.218000411987305,2.4721202850341797,2.3690813965212305,31.808263317373076,63.78422195076653,-12.779785478649906,,,8.272284675116884,nan,,,1.0262339115142822,,None,78.65372629934333,5.947306470840385,79.69762375742705,0.0523299016058445,1.9499690950943855,0.03958538547158241
Gaia,DR3,2787828607153133312,13.723955556143032,17.749374145683568,14.415959358215332,3.239346504211426,3.6100031287755168,33.92585518674851,70.26329133330795,-16.93661867695282,,,20.202824696023516,nan,,,7.626816272735596,,None,185.80680669604521,18.493010652340125,177.12121386799416,0.3351181745529175,5.80653782406011,0.2077215313911438
Gaia,DR3,2589377547297368704,24.064414198720126,15.638313406929058,13.018964767456055,1.5502996444702148,1.3196899905491752,26.141607003599944,63.46415269905418,-9.275899055785747,16.271068572998047,1.206056833267212,7.246774045037335,nan,,,0.9908212423324585,,Gaia_DR3,70.35574803380773,2.3335335585796706,69.17640501287568,0.01904117688536644,3.9686886463730073,0.015785884112119675
Gaia,DR3,2593387981599977088,20.990886776818,17.181568004265884,19.709924697875977,3.445985794067383,0.3851544824520214,29.03374254126131,58.845537042633055,-11.576104177296706,,,8.247566603967767,nan,,,1.0477020740509033,,None,79.08517047487815,4.35079181051211,79.25005349485899,0.6454406976699829,4.999832204990535,0.34333762526512146
Gaia,DR3,2748214474514890624,7.078992090091369,7.6777578200420695,15.636116981506348,3.130986213684082,4.16871113860761,33.4181977461649,65.354367625779,-22.318114973575412,,,17.101377138734954,nan,,,1.0611799955368042,,None,148.94010678625835,7.1028957574775315,136.5373452975188,0.05335989594459534,-1.3845198248186543,0.040339045226573944
Gaia,DR3,2739231150982741760,1.5126954601418308,2.962546104928232,18.28720474243164,0.533111572265625,4.542765744906668,36.95845160001986,63.571144954740454,-26.298315555926546,,,12.145451684433178,nan,,,0.9423047304153442,,None,99.71691487788235,0.8432954504568784,88.25849015369447,0.22122082114219666,-1.1541562587984984,0.1816953867673874
Gaia,DR3,2741489964479580032,4.704067028726949,5.515587651437918,11.870580673217773,1.9845695495605469,2.610414024857117,34.73913449484435,73.0833797066458,-24.0602750188593,67.30522155761719,0.26403284072875977,22.01268766645198,nan,,,1.5431935787200928,,Gaia_DR3,187.24263824983828,5.981284458636367,175.3160721955635,0.03517492488026619,8.101825784858962,0.021307403221726418
Gaia,DR3,2750055778534242816,10.353480846907978,8.911598641583513,10.508073806762695,0.9677600860595703,3.0049292109986947,31.12225858496443,57.50117966879909,-19.904680240624074,7.456057548522949,0.21836157143115997,9.221858862597095,nan,,,1.0037221908569336,,Gaia_DR3,82.67123819820168,4.0425323839188065,87.51557709229581,0.02150752581655979,0.7777827772445881,0.017629940062761307
Gaia,DR3,2803125081638444800,12.185171980666755,23.342668896352734,11.553936004638672,1.2008323669433594,3.164647061422413,38.98488253909039,71.2271755770819,-17.50221739477797,23.902536392211914,0.36917296051979065,9.284626146386687,nan,,,1.0138518810272217,,Gaia_DR3,84.44261175737225,12.595218627020355,80.8018408571631,0.018717478960752487,17.60642174148633,0.014040479436516762
Gaia,DR3,2793758857477515136,3.6390043789026234,17.278879313373036,13.699470520019531,2.6492462158203125,3.523149581852727,41.100866826501935,71.50738787035318,-24.00408551102236,7.440351963043213,2.038996458053589,15.952817062645726,nan,,,2.2676870822906494,,Gaia_DR3,134.16738462582126,21.495657196027288,143.42261320735508,0.03796329349279404,28.89331700155146,0.03435255587100983
Gaia,DR3,5178569749575280768,37.948450374654044,-6.1704191531720936,19.912595748901367,3.142435073852539,1.1695026546900442,1.1886542921629548,24.899645275000285,2.071924448569071,,,7.665405245487779,nan,,,1.0966875553131104,,None,75.87136555478142,-1.3137886107983263,77.0595366183428,0.7765490412712097,-2.783410181649336,0.6287643313407898
Gaia,DR3,5187238887659467392,43.93880268285803,-2.500307164630193,19.09433937072754,3.858823776245117,4.301341239127659,8.15260838472591,14.987283142430263,6.8969325457292445,,,9.541187905548657,nan,,,2.0431833267211914,,None,93.50764479741714,-1.4698668164383122,86.11208166587899,0.629106879234314,3.0197044549242467,0.5182192325592041
Gaia,DR3,2508068353185670144,30.90118245427609,0.9048094435841357,9.395965576171875,0.6915149688720703,1.447193911212545,10.118768134966013,74.50493161996594,-3.8147200493228635,29.475378036499023,0.26339191198349,5.675791129404899,nan,,,1.0090056657791138,,Gaia_DR3,56.04372854418706,-1.1618127752283485,55.225729853067655,0.0287909135222435,0.3643829469984957,0.017669660970568657
Gaia,DR3,2518878064315223808,29.95261540039398,4.877584094145936,15.361405372619629,2.375995635986328,3.503360005071404,13.935459614817109,44.177137419222056,-4.6443608300227925,37.44239807128906,7.079318523406982,7.211071497740208,nan,,,1.010733723640442,,Gaia_DR3,71.09792321294773,-0.9703371683222919,67.63693681879454,0.03852862864732742,-5.018120071363947,0.030825437977910042
Gaia,DR3,2800122895203063936,4.430417390527422,21.001466241526504,11.73299789428711,1.5226421356201172,2.882999504797697,42.66070415551959,72.14909876672246,-23.02241529443518,6.496306896209717,0.2758936285972595,11.560745102020407,nan,,,1.337780237197876,,Gaia_DR3,98.05561512135525,18.862031923777586,91.28489619916263,0.02410396747291088,16.984500779860703,0.024286450818181038
Gaia,DR3,2754132149174834816,6.633568368287194,10.644682881707993,16.985403060913086,3.785040855407715,4.23679150339952,35.166199980450834,62.80262608904135,-22.50105985764926,,,14.103297546791605,nan,,,0.9386060833930969,,None,122.30774264110491,9.462570309901462,110.50262863883563,0.12298713624477386,5.06819943950123,0.09606098383665085
Gaia,DR3,2516340597636815360,37.42940724671877,5.427257425744964,14.28360366821289,2.0660409927368164,2.1869718324295717,12.49091544240011,27.682235289950306,1.4430593952072854,56.60877990722656,4.207796573638916,8.41806570413861,nan,,,1.0708751678466797,,Gaia_DR3,83.34943220301595,-2.0816071221131836,80.44102841331342,0.02460426464676857,-4.651347969667904,0.022732725366950035
Gaia,DR3,2516208965479084288,36.97968078978217,5.008432830713153,13.995770454406738,2.121870994567871,2.6081248571193,12.07037651995829,22.40278143824427,1.0845372187077515,50.7481575012207,3.1669178009033203,9.34395159584022,nan,,,1.0571144819259644,,Gaia_DR3,92.53795785648144,-2.2262998473439737,92.86971211532753,0.02192278392612934,-7.35305854542753,0.01862957887351513
Gaia,DR3,2755775163144039296,5.767140316382855,13.10536331765366,12.543704986572266,1.6628284454345703,3.931461681487999,37.13205543793612,65.56030606321767,-22.946690598454417,12.536516189575195,1.0440188646316528,10.062917289835285,nan,,,1.2117012739181519,,Gaia_DR3,86.52975824508191,9.094139151803324,80.27923701932403,0.017686137929558754,3.5725803159456584,0.01737212762236595
Gaia,DR3,2538775067249781760,18.546573672367245,2.6760468647918767,14.01455020904541,2.109363555908203,2.0665214592618883,20.970171963895087,38.06460321378384,-13.759245407262227,5.712767601013184,2.8861026763916016,10.597217545001657,nan,,,0.9806366562843323,,Gaia_DR3,100.3984693144917,-0.8684714137006146,102.71446052106558,0.027938395738601685,-4.862124102766039,0.018138965591788292
Gaia,DR3,2775621275010318080,10.476844618233146,12.488141026375606,20.294044494628906,0.7941665649414062,4.7357893773766815,32.94402359406831,64.25629052533584,-19.646899440802017,,,8.515882511259791,nan,,,1.0575907230377197,,None,76.4194966217186,5.920827373250784,79.31185699926358,0.6711450219154358,13.91555532191135,0.5303704142570496
Gaia,DR3,2520605878118845568,35.77529916378571,7.670695147358791,15.026192665100098,2.8038034439086914,3.489558801647861,14.795524458820811,43.430613118119695,0.05269656259081579,38.776798248291016,4.718576431274414,14.674901651780386,nan,,,1.0991188287734985,,Gaia_DR3,145.37770515079964,-3.24077640488926,135.92197056171,0.032101672142744064,-8.44931043438736,0.02873118221759796
Gaia,DR3,2520443214821853952,35.3101388594561,6.832364050559176,12.177441596984863,1.2809820175170898,4.20244200127303,14.014460562442734,43.762152555989374,-0.31054916646235853,20.649803161621094,0.5773097276687622,7.244798884064933,nan,,,1.1569116115570068,,Gaia_DR3,71.77100760358871,-1.5292589146006783,73.19263753916323,0.015581147745251656,4.729608508190436,0.012848833575844765
Gaia,DR3,2785257811528477952,16.50112882700058,18.302676786427746,10.926636695861816,1.2864465713500977,3.0497488050264066,32.536507058367846,59.527568249677394,-14.868905074303155,-10.518433570861816,0.3278236389160156,14.006760999038573,nan,,,0.8705794215202332,,Gaia_DR3,131.1685104134731,11.3248723127251,138.89909512600133,0.01665588468313217,15.943485482872829,0.01492894534021616
Gaia,DR3,4871847241408141568,65.67385001198848,-33.611744253411864,17.138134002685547,3.542499542236328,4.101444955002319,37.41520312955335,66.50991183088243,20.20406552342341,,,15.018484980979546,nan,,,1.00199556350708,,None,128.67686808184087,38.62652844266938,132.1590728846574,0.07027668505907059,26.11676916584835,0.09019101411104202
Gaia,DR3,2791541275672343808,15.559471295681146,22.279697381649292,16.124021530151367,2.9230833053588867,1.306962940828121,36.17097795064761,62.828739574962455,-15.240454590623042,,,10.76550699627898,nan,,,1.1574995517730713,,None,100.22987919590187,11.651587241101087,102.61486597997703,0.06832144409418106,13.415027104711735,0.06075793132185936
Gaia,DR3,2792592756676958464,4.715343019880957,15.591387899738361,14.530069351196289,2.392681121826172,2.8229834350899927,39.31318139947797,73.01389085346098,-23.456202392534507,1.5208885669708252,2.3286218643188477,9.018003485868954,nan,,,1.0312995910644531,,Gaia_DR3,76.71726173578851,10.41618256233189,81.04784678204786,0.03855276480317116,7.2463461970704035,0.027057835832238197
Gaia,DR3,2785588867607581952,19.656106288080647,17.778983802874293,15.473666191101074,2.507230758666992,2.492086648437769,30.259564738276758,68.1103744683974,-12.554642775041163,,,7.477060878660822,nan,,,1.0961500406265259,,None,71.24392138234764,4.642918636497903,69.37074727936327,0.05401889979839325,1.190182134145321,0.027817638590931892
Gaia,DR3,2786131854553013120,20.50663088941671,18.79718123139654,11.166629791259766,1.0726041793823242,4.248954113273116,30.627894623743728,61.37503544067148,-11.86429053842805,7.799039840698242,0.2740953862667084,8.305504423539556,nan,,,1.3407459259033203,,Gaia_DR3,79.46318041489921,5.168089276565139,82.81215292545686,0.030724376440048218,11.811087527879378,0.020199047401547432
Gaia,DR3,2782071323751966336,12.63356545628588,17.799210588672068,12.747841835021973,1.5978469848632812,3.721029490416255,34.70347339939512,65.54579698806283,-17.719782938059872,-1.3968359231948853,0.9602375626564026,8.858442464225094,nan,,,1.0434527397155762,,Gaia_DR3,80.83631997287748,8.60837687406874,86.04694005766386,0.020033027976751328,13.2057347470203,0.015702541917562485
Gaia,DR3,2561547911566013568,23.803358085579447,4.431737657614473,12.893010139465332,2.3158512115478516,4.355630460720454,17.597229269120323,57.69634860161603,-9.604670987867804,18.92612075805664,0.44835662841796875,18.979820706014017,nan,,,1.3716715574264526,,Gaia_DR3,184.09437827291083,-1.1577882361937455,167.20682234473418,0.039863090962171555,-5.46212329309036,0.018746396526694298
Gaia,DR3,2804914120200246272,12.180385853104227,24.360949589052854,16.40808868408203,3.0391998291015625,4.674569002035135,39.75224996766032,68.06197816906604,-17.388450311273388,,,11.190724585245245,nan,,,1.01962411403656,,None,101.77468711710033,15.9163418606884,103.04033801123954,0.06665259599685669,26.871328766718563,0.049118030816316605
Gaia,DR3,2794967667433081984,8.771272175332053,18.87827917868766,14.040298461914062,2.667451858520508,3.7632668588057343,38.152492557711284,71.3555409906231,-20.347693713321398,-11.504684448242188,1.7581851482391357,18.418576918647517,nan,,,1.2564705610275269,,Gaia_DR3,162.9100029209753,22.802961625497588,151.98571908053233,0.02510269172489643,13.098671149112576,0.017803916707634926
Gaia,DR3,2567495960234635648,28.038421277695843,6.352183719044547,16.052444458007812,2.6441593170166016,4.400533365867885,16.20626513683691,33.537113022211486,-6.208326006236508,,,8.514914149283168,nan,,,1.0101860761642456,,None,83.63198531365455,-0.6209711228278287,88.35187205339888,0.05775010585784912,-6.9548676715580235,0.04926205426454544
Gaia,DR3,2801899534194875520,12.340999122100445,21.467890525522797,15.595829963684082,2.7867231369018555,2.1684683442700403,37.50433094018104,64.436092528951,-17.594046542802783,,,11.442853700187111,nan,,,1.117611050605774,,None,104.19328433192645,14.028889415000396,99.20312900163894,0.0576295331120491,15.59763326967657,0.03284220024943352
Gaia,DR3,4890534437955323392,63.18892126201961,-25.941120484027742,14.704632759094238,2.4812850952148438,3.8992409829323695,31.168489370995847,56.83280931045602,20.047188967842786,12.531281471252441,2.3673434257507324,9.445673752420301,nan,,,1.0961905717849731,,Gaia_DR3,82.89015982881133,17.148461126056254,78.66376785638717,0.014372523874044418,23.66171882178765,0.021373961120843887
Gaia,DR3,2568704289153723392,26.40428728518453,8.02176899004808,13.970508575439453,1.7115364074707031,4.933802094768471,18.503846809386175,69.36233553672417,-7.528061891855046,-2.314542293548584,3.4638428688049316,6.213962531680951,nan,,,1.141967535018921,,Gaia_DR3,60.77840244175431,0.026557284404521653,54.440714275626235,0.024547642096877098,-1.240534632173333,0.02099895291030407
Gaia,DR3,2569108011784298624,27.26556027291969,8.409569245516172,19.061620712280273,3.4743404388427734,2.3190384755785303,18.344776781781047,35.49816694484674,-6.837458872501449,,,8.87223123319281,nan,,,1.1124783754348755,,None,86.97876108479306,-0.057719175936266964,91.16440557057102,0.39863720536231995,1.0796671622641854,0.32322442531585693
Gaia,DR3,2568228990892949504,27.323421114732376,6.647973044939338,10.289545059204102,1.0909833908081055,0.64629214030111,16.8562808123896,36.52193482223105,-6.786660082157212,36.13623046875,0.3142741620540619,12.30545469955791,nan,,,1.1028923988342285,,Gaia_DR3,120.6539641340581,-0.6397361525237031,118.98036845966497,0.022889437153935432,-0.5401633105210609,0.020393135026097298
Gaia,DR3,2569874100806427776,32.391547408524495,8.619247508114581,9.053328514099121,0.6915102005004883,0.6883974078091506,16.383199674274113,31.19560566726008,-2.705502675140666,18.549999237060547,0.20414157211780548,9.042493018068033,nan,,,1.0408493280410767,,Gaia_DR3,89.44538438767204,-1.2058263215582912,88.726541763482,0.026818949729204178,-0.10797283504139003,0.02409251593053341
Gaia,DR3,2581143918896826496,15.357321085881669,8.618784808774006,19.796403884887695,3.401796340942383,3.44373571338002,26.794423387498423,65.3436924047861,-16.174900418143938,,,7.191354836006847,nan,,,1.047754168510437,,None,66.867214110377,2.1380842876842383,71.41193103381316,0.5426964163780212,-0.4312825794654648,0.4276452362537384
Gaia,DR3,2563883342982973824,19.308182924545413,4.964766791900542,16.43851661682129,2.564413070678711,3.444117501485719,21.490900783976407,67.93484919821823,-13.167844258876482,,,6.487065715878394,nan,,,1.027769923210144,,None,61.70296700865003,0.14987601216914648,57.280468219951445,0.090568907558918,-1.470390350377738,0.05790266394615173
Gaia,DR3,2564327816262854656,19.273768265646428,5.3624477789474145,13.207751274108887,1.8267383575439453,4.461991889784381,21.743143731299263,46.875271291947946,-13.193729214574041,1.643448829650879,1.2919241189956665,8.068359702333405,nan,,,0.979474663734436,,Gaia_DR3,76.73031267042674,0.3462691779577103,72.30142359035099,0.02085830457508564,6.509334580406325,0.015263793990015984
Gaia,DR3,2566452145742690944,20.81212069061153,7.997937587808288,14.922832489013672,2.1571741104125977,3.2978603469474916,22.188041718653682,61.57562082964067,-11.967220796541072,41.04519271850586,4.121095180511475,6.908800181918128,nan,,,1.0420235395431519,,Gaia_DR3,66.19388913252754,0.9339766807472216,69.50892297258024,0.055290598422288895,4.40972207548863,0.021503731608390808
Gaia,DR3,4895161870080426240,69.68306011693409,-23.44264037917343,16.411378860473633,2.8207855224609375,3.3330223212730847,35.25657058604975,63.63785413012216,24.59166268139411,,,9.576379528268948,nan,,,1.0286084413528442,,None,78.51887150067645,19.27270277754966,74.56912070666064,0.03696883097290993,24.720162076889373,0.05064370110630989
Gaia,DR3,2583913867860587264,18.285703723499843,12.929914358667508,13.40341567993164,1.8262195587158203,2.152488443277034,27.406328019037257,60.0184909286317,-13.80780737693129,28.443363189697266,1.4359676837921143,7.753494950064435,nan,,,8.28817081451416,,Gaia_DR3,73.35394757663435,3.4555498711335613,76.74986641399971,0.1388377845287323,4.375325064161058,0.0928046703338623
Gaia,DR3,2585779395495764096,24.859903322740582,11.64695201154125,14.51938247680664,2.766547203063965,3.6724653877720534,22.350922435499392,40.19647317667304,-8.732966702553345,23.5633487701416,6.425267219543457,10.13776930490482,nan,,,5.916540145874023,,Gaia_DR3,98.69109502328976,1.5995171383709028,94.46640193557262,0.13451236486434937,-5.0150328267723046,0.08836762607097626
Gaia,DR3,2588092493082484992,27.077597055981762,14.23139033511345,17.119783401489258,3.1315956115722656,3.082212138993982,23.523114703776837,42.22773035806837,-6.9530647894096,,,10.105383239551278,nan,,,0.9773666858673096,,None,99.02014116561797,1.4929533149262788,95.62796442355983,0.09590895473957062,-4.129024413526558,0.08574067056179047
Gaia,DR3,5054390150420226816,49.61003633047579,-32.82260833135534,12.056816101074219,1.202672004699707,2.5739898780467323,28.238937526457168,64.0449952350087,10.152011597436948,12.17721176147461,0.47504115104675293,7.512019642334021,nan,,,1.0335497856140137,,Gaia_DR3,72.18657751082591,8.433474504602941,74.74946711292657,0.008755807764828205,5.263781242187334,0.012372842989861965
Gaia,DR3,2748301439012725888,7.1199117344363785,8.117424627683812,10.051102638244629,0.776921272277832,4.7114207246417585,33.572720967739855,73.98058244698427,-22.273153426336037,1.7919926643371582,0.2451329380273819,7.495474924625409,nan,,,0.877260148525238,,Gaia_DR3,65.30519479272732,3.377288419525544,60.395966657758606,0.020684044808149338,8.973876614746798,0.01817259192466736
Gaia,DR3,2746869015880925696,0.18789285563054842,8.454231041794234,12.84565258026123,1.8295745849609375,4.819692294173729,39.98359187146506,68.96582706700295,-27.029225095145577,28.453306198120117,0.7903997302055359,10.749563165537737,nan,,,1.5547046661376953,,Gaia_DR3,86.85495758514087,6.747694497012162,89.19610764937512,0.034676842391490936,17.415810371320795,0.01920071430504322
Gaia,DR3,2752761333052087680,3.7581973120671166,10.097310998262989,17.140878677368164,,2.9905341879398017,37.42412305020408,65.02873494971288,-24.532599988754953,,,10.621926234518021,nan,,,0.949316680431366,,None,89.44868321238651,7.443679988200991,90.87867804458962,0.14647144079208374,0.9017158141199947,0.10376998037099838
Gaia,DR3,2588829092858293248,22.82730549557872,14.680482515765558,17.49582862854004,3.4223766326904297,2.2599092802258007,25.97249700631185,46.34076383406622,-10.259212403847078,,,10.796161070070642,nan,,,0.9345831274986267,,None,104.33131297225525,3.695083190476705,108.84665986450233,0.12999331951141357,1.2320824296779627,0.07758642733097076
Gaia,DR3,2590254712762905984,21.30233658683276,14.271362330960967,18.158382415771484,3.7154483795166016,3.324106655740955,26.50362608071298,51.894177417004926,-11.448505283652528,,,13.715235438061276,nan,,,0.9581782817840576,,None,131.6977597773498,5.349006127801829,141.2797706945841,0.20082996785640717,4.602821737499133,0.12936902046203613
Gaia,DR3,2593515284430596864,22.426934975636854,17.098944241729303,7.964733123779297,0.8637137413024902,4.886037249550266,28.20764388504552,50.46785843990134,-10.487331992817497,28.895296096801758,0.12109940499067307,11.639716091533113,nan,,,1.0162535905838013,,Gaia_DR3,112.30313265759364,5.274143158093867,118.61931467608443,0.026700615882873535,-4.916388542406525,0.018204176798462868
Gaia,DR3,2755283853244596096,5.17889039948411,12.118728139572486,19.534515380859375,3.038799285888672,3.698088072151852,37.13027055333162,65.10361320565704,-23.425028238584275,,,10.28085681256244,nan,,,1.1022896766662598,,None,87.87988418914755,8.622783171460448,84.3746347593574,0.4820573329925537,1.415025014149034,0.3865908682346344
Gaia,DR3,2508198507874692992,31.758016776567057,1.4063732906040545,15.960746765136719,3.0760269165039062,3.3119808172930063,10.034927023102089,49.649738890416266,-3.122883337676363,,,17.25609846546866,nan,,,1.1950055360794067,,None,170.57739818234825,-3.4731393483981066,158.60298274784634,0.06257650256156921,-2.141896988806724,0.04564545676112175
Gaia,DR3,2512917921018808192,28.585707801682492,4.200257414626407,14.814055442810059,2.7316598892211914,3.558204118714391,14.140989936980635,42.759078752811135,-5.74714928695585,17.334108352661133,6.0255303382873535,14.62229355649558,nan,,,1.046595573425293,,Gaia_DR3,143.7917042109573,-1.885222936627379,140.0345187086597,0.04131437465548515,8.419448080145102,0.02896963432431221
Gaia,DR3,2745400068346761216,0.009336098664272003,6.511016744070937,16.27723503112793,3.3429489135742188,4.026973537985942,39.46510256368698,70.10621451488412,-27.23304784086956,,,16.25973555586363,nan,,,0.9379826188087463,,None,131.08527962694993,7.103338960863141,117.49536890289127,0.062354546040296555,9.521184027707749,0.031292788684368134
Gaia,DR3,2502426376771558912,40.78993027624994,2.0324691082810658,18.973098754882812,0.5458831787109375,3.639848260486797,9.789826091562006,20.833439118240342,4.256907759217112,,,8.719874170766408,nan,,,1.103216528892517,,None,86.02239697026125,-2.1745887292532657,80.98641875090713,0.3744943141937256,-6.579940143848934,0.3207608461380005
Gaia,DR3,2503124227352835584,38.77510232397552,2.505983788163272,15.331722259521484,2.952899932861328,4.906679703780287,9.702245143923623,53.897560171204795,2.601734197141093,,,18.763707566594857,nan,,,1.1028592586517334,,None,185.58920457515603,-4.5334287836328,166.19308473888964,0.04401747137308121,-3.833215817385631,0.03887969255447388
Gaia,DR3,2774501357993442944,10.619456927749662,10.311187676910192,14.205652236938477,2.3070716857910156,3.0669096547441566,31.621783666190353,59.70564927327673,-19.65368295566111,21.298105239868164,2.235025405883789,8.910202532998628,nan,,,1.5320552587509155,,Gaia_DR3,80.0508589316248,4.752114552496866,81.03422057400324,0.03351284936070442,10.428325311525422,0.029500942677259445
Gaia,DR3,2765479933808305920,0.37912382520953697,11.122689148735908,14.398935317993164,2.530512809753418,4.353538715697849,40.86441721256131,70.85395333866258,-26.735793542148137,-79.42183685302734,2.1370620727539062,15.520241803290558,nan,,,1.0686746835708618,,Gaia_DR3,125.69759792039656,13.770879605088783,112.80438589557018,0.027974732220172882,7.716390224260852,0.022106517106294632
Gaia,DR3,2773078349429375232,1.127476634602735,17.83737205885039,12.918155670166016,1.939742088317871,3.2892360666668505,43.41767589059872,73.678267337642,-25.581065952377436,9.435037612915039,1.1008665561676025,11.219627696364219,nan,,,0.9866037964820862,,Gaia_DR3,91.69542431271798,16.920265695966307,88.19536557422958,0.020819472149014473,9.972326157889519,0.018551496788859367
Gaia,DR3,5103632538879970048,49.593252177152436,-18.61535226453197,9.309382438659668,0.7470779418945312,3.6760239917927398,16.732130263330987,34.7092022498795,11.135026733331642,24.251569747924805,0.2373214066028595,11.835012171212554,nan,,,0.8695319890975952,,Gaia_DR3,113.73661754590997,6.649194466188227,120.8258225969023,0.012623722665011883,0.8303627032864177,0.01313234493136406
Gaia,DR3,2518551028325445376,32.5368531943932,5.3021501989153,14.58669376373291,2.2793846130371094,3.3952721422159455,13.1940740333612,29.317785265280534,-2.545974249660885,34.201080322265625,4.818049907684326,8.36458212421719,nan,,,1.2064610719680786,,Gaia_DR3,82.75099155808012,-1.4091744323449547,80.05382907717012,0.03890185058116913,-6.75423106795619,0.028707286342978477
Gaia,DR3,2550702157071253120,10.10565905280258,3.2414860366339386,15.35622787475586,2.119277000427246,4.208241120739364,28.89667956051028,72.34677556893583,-20.195935332956825,-7.3595380783081055,4.488044738769531,6.955737683792174,nan,,,0.9799870252609253,,Gaia_DR3,62.22870453072155,0.1638572490666368,60.122595696847874,0.05694461986422539,-5.636312100337685,0.042971134185791016
Gaia,DR3,2786283724596601728,21.436091283667086,19.663060610937393,15.231674194335938,2.4354333877563477,3.0053085394916956,30.881233551353482,67.11341457575342,-11.124034789306059,-22.68064308166504,4.240759372711182,7.679269617395975,nan,,,1.0741052627563477,,Gaia_DR3,73.78210623424417,4.6664056193991765,72.87432116192122,0.04072422534227371,-0.11334884918683888,0.023292632773518562
Gaia,DR3,2795901015365937408,6.490609333141275,19.075810539808625,8.747634887695312,0.7431173324584961,2.6282095132006655,39.95108525427707,68.08300156587195,-21.888420883288706,,,11.555387094770268,nan,,,3.1583292484283447,,None,100.07316696463609,15.792864591742294,97.81501446675294,0.06526611000299454,9.802025831815104,0.045097265392541885
Gaia,DR3,2559431970157785600,21.849779492904883,2.7245423687956776,15.47937297821045,2.8166885375976562,4.656501298884806,18.14131237091248,33.11424856884528,-11.151925365377352,,,10.342039393577952,nan,,,1.1015164852142334,,None,99.54357302589187,-1.0928782186830865,106.14792084088573,0.04639296233654022,6.61739798839815,0.022198213264346123
Gaia,DR3,2554858688981411328,8.257474292063115,4.8341476189907215,14.862348556518555,2.4903059005737305,1.7852538204186394,31.19688920200966,55.74775388498693,-21.537489439385467,-13.374841690063477,6.997664451599121,12.526181208018262,nan,,,1.0427125692367554,,Gaia_DR3,110.28684341832599,2.080428396275627,113.36626442326471,0.0367768332362175,5.649889017893495,0.028127960860729218
Gaia,DR3,2802472173595017600,9.847775339824011,21.496061758628148,17.77703857421875,3.4522056579589844,4.846667989205324,39.15528571363327,67.4313013202883,-19.32199317115999,,,10.908736976562373,nan,,,1.0147727727890015,,None,97.38385888614236,14.962567166452168,86.91316611647476,0.1853051781654358,11.142594144033126,0.10037877410650253
Gaia,DR3,2564243055083799808,19.553194588722718,4.952122502297136,12.312195777893066,1.5108623504638672,3.1988678784944113,21.281573988560446,39.89051615049936,-12.97565274601655,21.770362854003906,0.4897671639919281,9.138265982533474,nan,,,1.0238596200942993,,Gaia_DR3,87.02778936321133,0.17342132292545642,89.73264777712107,0.025879468768835068,-5.363651978921242,0.017722249031066895
Gaia,DR3,2565414958384992256,24.357192544390017,6.6539923231808835,16.697826385498047,,3.195314025396391,18.737766977738506,45.883266041937446,-9.16676358126194,,,7.636872392006607,nan,,,0.9338675737380981,,None,74.21899411478677,0.05142752689364016,69.07954694200305,0.14330007135868073,-0.17035228768942046,0.06244818493723869
Gaia,DR3,2568292968725750272,26.913477651298695,6.814044566429176,10.155920028686523,0.6930809020996094,3.7034634501723174,17.230597827658237,60.823093330546264,-7.117380919357327,17.602231979370117,0.42522871494293213,6.532415391188301,nan,,,0.99113529920578,,Gaia_DR3,63.98197133810185,-0.25815526872425565,64.29850427392111,0.021017026156187057,4.832047564061579,0.018460169434547424
Gaia,DR3,2801488939616751872,11.976478569046575,20.917429608255492,14.297304153442383,2.671112060546875,4.787927976462018,37.34051967802344,67.38185006069918,-17.905236146628738,-2.624668598175049,2.853262424468994,15.813284430167329,nan,,,1.2956029176712036,,Gaia_DR3,143.5928467474714,19.148881844639607,158.3233651693402,0.02939225174486637,13.003443989170622,0.021395009011030197
Gaia,DR3,2801489042695966592,11.979203052488176,20.92540686093109,6.3964524269104,0.6547279357910156,4.8393012066884085,37.34447607690443,67.35548518003672,-17.90252483378748,0.48690545558929443,0.12690386176109314,15.788515649351181,nan,,,1.0475596189498901,,Gaia_DR3,143.37090657501219,19.124756310899638,158.60816360182537,0.028555121272802353,13.903437405183567,0.01891949586570263
Gaia,DR3,2804657148012548224,12.927541554672162,23.811133595523092,15.373149871826172,2.602179527282715,3.7708623963567356,38.890646533061485,70.89098188699408,-16.936567339683002,,,9.326268005709208,nan,,,1.0273854732513428,,None,85.28878849992859,12.487892896987942,92.03924396639322,0.04215819761157036,9.422679524780898,0.03191657364368439
Gaia,DR3,2566747841355994624,23.46056309630449,8.703192794006874,17.988170623779297,3.399068832397461,4.669661447129946,20.85249718354955,45.062319998529155,-9.871287049321868,,,8.09288567722899,nan,,,1.5866801738739014,,None,78.3977927808775,0.7999963890061359,85.68840623108366,0.334041029214859,-2.411817023469988,0.15592724084854126
Gaia,DR3,2539262735017083648,14.419454141539827,2.2460500788737785,15.844315528869629,2.616657257080078,1.1964793152871296,24.52501010477541,56.48765231651334,-16.950146317558726,,,7.591124527017179,nan,,,1.2438428401947021,,None,70.15021870243554,-0.586834890203987,68.65745654536013,0.09719531983137131,0.6122351674576749,0.08511192351579666
Gaia,DR3,2545353307880959360,5.033229811379331,0.22929476523179435,15.26441478729248,2.5040807723999023,4.229336885148641,32.860535395016136,64.14730680388166,-23.844566073539287,20.45604705810547,3.677401542663574,8.508751564237812,nan,,,1.0026122331619263,,Gaia_DR3,72.62352683286127,-1.6783505577246807,72.8381000688041,0.04465271905064583,5.904904153680509,0.02960357256233692
Gaia,DR3,2546263428630086912,3.035524922715724,0.4331092933237972,14.058123588562012,2.7169857025146484,4.589384721896687,34.85171249250798,72.92415994760977,-25.24364860990908,14.144067764282227,4.360715389251709,21.813929654662683,nan,,,1.076871395111084,,Gaia_DR3,182.24785496365783,-3.8638981890949538,163.99838214736164,0.025289276614785194,6.7363908540871735,0.021194428205490112
Gaia,DR3,2546732748296504576,2.6276554367717573,1.927996133095361,14.914341926574707,2.486997604370117,4.300125564730543,35.6094699933968,63.80475388534668,-25.538096086234,7.938889026641846,5.08760404586792,9.727833567290633,nan,,,1.0639939308166504,,Gaia_DR3,80.90197845127628,-0.35168518995922327,81.11228350866635,0.03867935761809349,8.46418201039853,0.03274654969573021
Gaia,DR3,2579300763747034112,21.009062309825282,9.71850340826332,15.375238418579102,2.642932891845703,3.5633796735930137,23.243011996425032,48.518609812507314,-11.7886375971994,14.072689056396484,7.854097366333008,8.203675859960214,nan,,,1.293995976448059,,Gaia_DR3,78.67077905101243,1.684717603612956,75.62310586691795,0.05100370571017265,-3.6714902957762123,0.027448849752545357
Gaia,DR3,2582614416915244416,13.296617593948374,10.753061366223086,12.856473922729492,1.8374977111816406,4.3836885045417295,29.687733596505335,74.40907078104179,-17.65804280127909,8.332775115966797,2.087899923324585,6.911081432694715,nan,,,6.25956392288208,,Gaia_DR3,63.37015841969693,3.3598068734453905,60.602663961313816,0.13272885978221893,-2.396146833374592,0.0876392126083374
Gaia,DR3,2563337401099874432,21.524860420358056,4.824676725947324,16.20213508605957,2.899538040161133,2.262213129635215,19.611408250079805,71.08275625783762,-11.420446344376007,,,6.2055131018300225,nan,,,1.5514628887176514,,None,59.64545400068093,-0.09187361734831079,60.07022719821768,0.09435912221670151,-3.020622477985728,0.043218646198511124
Gaia,DR3,2564987763757824768,23.85690727167253,5.974690112032448,17.064964294433594,2.9966163635253906,1.0901854842849663,18.60090826056773,42.44276833786493,-9.566230764139746,,,7.9398711128128605,nan,,,0.9939481019973755,,None,77.0275370707878,-0.058493704647386124,76.13974818102598,0.08547421544790268,1.5357367689469155,0.06012454628944397
Gaia,DR3,2565435677307093760,23.67260823215763,6.397689560780243,18.080842971801758,3.270456314086914,1.3447296481416946,19.028219841175705,69.97796523215047,-9.713186881345381,,,6.218512890494833,nan,,,1.0150539875030518,,None,60.28758108318005,0.06844916967866155,61.92758265198873,0.21265791356563568,0.714977385488101,0.09925269335508347
Gaia,DR3,2588927606523037568,24.06964703319354,15.221963089866419,17.61420440673828,3.959482192993164,3.448478044650597,25.78172321928823,60.48317896381213,-9.282690621218874,,,17.907473780793204,nan,,,0.9998756647109985,,None,173.85902498244184,5.507438812281059,182.10022334034122,0.1572299599647522,-4.570153426497904,0.1058821976184845
Gaia,DR3,2592836679597890688,23.978845183000164,17.43393324153159,5.903130054473877,0.34515905380249023,4.606832949942988,27.739617730366156,56.92046792194778,-9.289079379940429,8.776264190673828,0.26887694001197815,15.41170518362322,nan,,,0.9916016459465027,,Gaia_DR3,149.57994466924222,5.972169357141524,148.49338738224338,0.08281625062227249,20.900012339511036,0.03480801358819008
Gaia,DR3,2590328624855380096,22.094119443085763,14.438246189478877,15.560553550720215,2.5600366592407227,3.035541663498808,26.180369791752423,49.57174827806821,-10.832847589433202,46.66520690917969,5.91830587387085,8.954661623642552,nan,,,1.065529465675354,,Gaia_DR3,86.27862672024384,3.2585506699186766,86.81639119680321,0.05226146802306175,-2.4464511382849863,0.02625013142824173
Gaia,DR3,2571591155719219456,25.715816003298503,7.533648445574789,18.51357078552246,3.3926658630371094,4.63426781821606,18.52431304379621,73.42497696180008,-8.079746302293573,,,6.04228699590882,nan,,,1.0303640365600586,,None,58.98077603705794,0.03709082366363603,53.088101500148376,0.2256438285112381,-0.3121322679832705,0.17642778158187866
Gaia,DR3,2775162954755708032,11.518200640050928,12.107403743781715,8.197320938110352,0.6679506301879883,2.425848021359676,31.89366209719682,56.41770277281488,-18.909228526418552,17.334213256835938,0.5166336894035339,10.222730843273979,nan,,,6.727016925811768,,Gaia_DR3,92.50091170845562,6.474671374260868,89.84064963166777,0.15428873896598816,1.9743093459363044,0.12997807562351227
Gaia,DR3,2746026789973573120,1.0717952808465199,7.8560231225641255,14.75810718536377,2.3062992095947266,4.299142057460146,38.94954180277067,73.58110328066154,-26.47029494947499,-22.29595947265625,3.190128803253174,8.785579616568095,nan,,,1.0678547620773315,,Gaia_DR3,71.7546746908404,4.841066220953817,77.85660110845005,0.035247690975666046,9.956354198475832,0.02946070022881031
Gaia,DR3,2775661755078284928,9.524559676611316,11.827268276603352,19.64808464050293,3.0668983459472656,3.617198665829023,33.345172055885904,66.78018825044319,-20.372910141247573,,,8.249204606021989,nan,,,1.0006333589553833,,None,73.44078973943276,5.591878040545915,69.73461190989825,0.45783448219299316,10.67448755353129,0.36833029985427856
Gaia,DR3,2791621475592266112,14.889665908213507,22.696940332877276,15.02211856842041,2.3304615020751953,2.0353943247869206,36.88283124200072,70.35429655493495,-15.677662567007284,-72.29598236083984,9.211405754089355,8.697637569281746,nan,,,1.1919512748718262,,Gaia_DR3,80.62770228071386,9.98138387907677,84.09363895237072,0.04529447853565216,11.365247107058192,0.031112274155020714
Gaia,DR3,2751479646092164352,8.12625405564181,10.845718084844286,16.01030158996582,3.295360565185547,4.339769929895279,33.992405017741376,70.57547150032369,-21.430418772058243,,,20.402568688352417,nan,,,1.0485032796859741,,None,179.42188466811328,13.155251412906061,185.38040516986095,0.06476760655641556,-4.533787977731303,0.043777331709861755
Gaia,DR3,2792149997087897984,16.986363589558685,23.994186754504256,15.325145721435547,2.687737464904785,1.907774183411805,36.766994355244044,66.55893013745866,-14.071526467740018,4.641322135925293,3.9546923637390137,9.490511268959539,nan,,,1.1270865201950073,,Gaia_DR3,89.13194731036452,10.281153390720242,92.60326151553605,0.04030470550060272,8.694172310880198,0.02571137063205242
Gaia,DR3,2796361504579676288,9.759833684606749,20.806735698349566,9.280416488647461,0.7225198745727539,1.244193645651766,38.74028385860109,67.68317293033239,-19.459515163833398,1.1254322528839111,0.14213956892490387,10.326566874891066,nan,,,0.9138550758361816,,Gaia_DR3,92.11855782812935,13.706890946810585,89.45143733124358,0.014704597182571888,13.235025460448307,0.012968125753104687
Gaia,DR3,2782821495624722944,11.745207481961858,17.835903311880536,18.7474365234375,3.503650665283203,4.971068617981646,35.34582125482548,61.90316582012601,-18.353187884773508,,,10.425212527042898,nan,,,0.9521921277046204,,None,94.49891980189042,10.606162792147032,105.42340527396291,0.2725236415863037,10.488960100909711,0.17615951597690582
Gaia,DR3,2804657903926792064,12.924706867062456,23.811886627650974,11.504502296447754,1.2392292022705078,4.274390193457691,38.89290193382999,71.01547809993679,-16.938446125138103,-2.889512062072754,0.40166544914245605,9.296773675613636,nan,,,1.0718796253204346,,Gaia_DR3,85.0173104574381,12.450534675762524,92.89424893474758,0.024297159165143967,9.599053020963108,0.016606586053967476
Gaia,DR3,2799715255562477696,7.567286170697585,21.735215901027363,14.646368026733398,2.5763254165649414,4.76324593443111,40.87604503411543,69.16920410002712,-20.84391940979919,-15.37221908569336,3.11529278755188,12.721721307502426,nan,,,1.1081701517105103,,Gaia_DR3,111.30445093742422,19.323031184550764,112.24363673142255,0.02471408247947693,6.583212304193839,0.020273229107260704
Gaia,DR3,2792149997087898112,16.983799787432527,23.992009464073153,10.858107566833496,1.1053552627563477,1.842926638530211,36.766547068202996,66.74401727307409,-14.073541647192751,7.698652744293213,0.2034231573343277,9.437693419378302,nan,,,1.1016511917114258,,Gaia_DR3,88.63456703310504,10.224483434931539,92.15194728039336,0.01887250319123268,9.189062644778705,0.013249593786895275
Gaia,DR3,2975573344335139200,76.21322340743122,-19.34376644261352,16.325973510742188,2.896364212036133,3.974705430893694,39.84006331517083,70.82722722369255,29.220130182198353,,,9.808521514308312,nan,,,0.9940665364265442,,None,73.6983212581451,18.964738756609027,65.54997209920278,0.031130114570260048,17.892170723900488,0.03513197600841522
Gaia,DR3,2960454234818864128,74.7407964855903,-24.119055532498848,16.1484432220459,2.5234804153442383,4.8976462346978344,39.82454733414861,71.88814396568291,27.51110851826317,,,9.487880502200678,nan,,,0.9760814905166626,,None,72.83965819420531,22.392886637041762,79.45522039180678,0.026940081268548965,29.61753730585025,0.033593256026506424
Gaia,DR3,2978005910731100800,68.94887394786853,-20.671667158456472,14.756021499633789,2.2450122833251953,0.6499317896126389,33.6338080062797,59.51415773620962,24.55612189505878,-7.911625862121582,3.578535318374634,10.126375380860228,nan,,,1.1286048889160156,,Gaia_DR3,83.74304109397691,17.438981196474835,83.80391943945968,0.02057267725467682,18.825081418530797,0.02268216200172901
Gaia,DR3,2987862104761137280,75.15961265607542,-13.718907520494257,10.1848726272583,1.1375255584716797,4.643299401341347,37.92336280043687,68.02457972786785,29.336513143456038,34.20774459838867,7.581162929534912,15.83820417616896,nan,,,1.3818451166152954,,Gaia_DR3,120.86377180646303,20.38379026734982,105.57902259996648,0.020367225632071495,17.789852709390253,0.018178431317210197
Gaia,DR3,3183411519070757504,74.8888477729112,-8.705147423080884,13.54353141784668,2.659041404724121,3.151456480364094,37.39828483858022,71.35309340954359,29.588144678404408,57.57011795043945,1.04969322681427,18.9473679491373,nan,,,1.167019009590149,,Gaia_DR3,145.15430560310938,13.940758528415294,135.85404595130095,0.01629810966551304,22.42362970117336,0.013047468848526478
Gaia,DR3,2977978903977445120,71.90830669025911,-18.65885534028562,14.752357482910156,2.556102752685547,2.4089839328502287,35.72211268199705,70.13754238683529,26.71264490224887,41.86830520629883,14.661580085754395,19.06923842131595,nan,,,2.816709518432617,,Gaia_DR3,152.1182444216759,31.910513979772002,150.92703861648505,0.14250579476356506,41.521055958101606,0.14831195771694183
Gaia,DR3,2980406350773646208,72.41846197000365,-17.306190489022125,17.896404266357422,3.3412437438964844,2.8293404677166736,35.884407779237705,73.08538923224671,27.21286626345578,,,8.038036017312322,nan,,,0.9993529319763184,,None,63.69769530034086,12.54716682051888,60.32908692953289,0.08919546008110046,15.95860693386193,0.09306119382381439
Gaia,DR3,3225259893696593280,74.65858380792659,-2.68822542093588,13.50329303741455,1.8301515579223633,3.2828695042742724,37.608084416281656,74.58502633984205,29.644718274531893,52.39952087402344,1.2694557905197144,8.251692042162595,nan,,,1.1031248569488525,,Gaia_DR3,63.423352260284716,0.6271605992347276,64.31173587546496,0.015510736964643002,-5.013996889667329,0.009514832869172096
Gaia,DR3,3250563092225437440,54.330145959835754,-2.997712086841795,11.941718101501465,1.1086759567260742,4.880129123893359,17.580255259904565,64.16117790210502,15.158974101853522,26.778432846069336,0.4424187242984772,6.393908126084997,nan,,,1.2987425327301025,,Gaia_DR3,59.966676502353224,-0.3210734689270076,56.614191620996955,0.015291402116417885,5.338428409073898,0.013914649374783039
Gaia,DR3,2989517969272507264,78.06883520348508,-11.802862701048127,8.065058708190918,0.6163210868835449,2.240775122576206,40.6012721831329,73.22807580319859,31.283528213573085,49.53050994873047,0.17152979969978333,9.488813794025267,nan,,,1.3967111110687256,,Gaia_DR3,69.27496198441222,10.977845670862052,72.4640193504081,0.02962297946214676,14.127604496845533,0.024197392165660858
Gaia,DR3,3251852711989186944,62.596718722190396,-3.3593334145930833,19.264009475708008,0.4310340881347656,1.958838667660216,25.598793838654757,70.51132093084287,21.38464470057495,,,6.709845942514294,nan,,,0.9622967839241028,,None,59.19766769147793,0.31564685931624226,61.172107878416725,0.25198736786842346,2.259566812267806,0.2285240739583969
Gaia,DR3,2105328544659968,44.416991058748614,4.025121988273306,14.956487655639648,2.244720458984375,1.2863093103603378,13.24468031674685,30.537661228832114,7.155799870825565,20.791383743286133,5.39108419418335,8.23209759082295,nan,,,1.0027865171432495,,Gaia_DR3,80.57579980397446,-2.6683202353494835,79.04457177039008,0.031757745891809464,-1.0440106145162904,0.028033223003149033
Gaia,DR3,3245200224261833472,57.928202846423055,-6.147999911369477,16.69314956665039,3.479494094848633,1.8513940226964614,20.653254744807864,58.972733274275505,17.89359039803935,,,18.802506516944394,nan,,,1.1122890710830688,,None,172.2307918117069,3.5340476905583387,166.45225684029774,0.08199793100357056,-0.9894213695978893,0.06868179142475128
Gaia,DR3,3197592195413174528,67.83663883076751,-9.212314887888917,18.733163833618164,0.45201873779296875,2.5609080646485953,30.439017573773754,57.666171207142845,24.932571751021122,,,8.885946151816123,nan,,,1.0228854417800903,,None,74.4119246707305,5.623000769477901,76.64083966017691,0.17595867812633514,1.3750380218318385,0.13306346535682678
Gaia,DR3,2956281382032692736,78.99307954576028,-25.99109102499405,15.468243598937988,2.7112817764282227,4.146179576762013,44.07116530951646,73.74862672461427,29.48306355602054,61.141632080078125,4.237886905670166,12.20426598786658,nan,,,1.0387355089187622,,Gaia_DR3,87.76982132413285,34.05464679185561,94.01376430021882,0.02399473637342453,42.70350041065707,0.025225535035133362
Gaia,DR3,2972902149553786624,72.79071371996443,-22.432158318989327,14.98750114440918,2.4071311950683594,4.691682869183499,37.584698215870844,71.81846989556719,26.667944681858604,29.661766052246094,3.709745168685913,8.664030301612536,nan,,,1.0194388628005981,,Gaia_DR3,68.3223149419528,18.083759499480184,60.17393499281777,0.016936544328927994,20.736111521100874,0.019490325823426247
Gaia,DR3,95503786147193856,25.757690177324562,19.431087707599637,19.67453384399414,3.0423507690429688,4.364866767784558,28.77206147088105,60.396945777622186,-7.868285347327939,,,7.987479338340134,nan,,,0.9680615067481995,,None,77.97829411152208,2.835690623432619,71.09731250317122,0.49242493510246277,0.2529037368952106,0.38052502274513245
Gaia,DR3,4877776907615569536,69.23493120995147,-31.35906785353361,18.961490631103516,3.6751346588134766,4.994380353258772,38.55404820882921,72.08419898309741,22.78305208808458,,,18.745715957149166,nan,,,1.0596319437026978,,None,154.5107910405851,50.13289306133784,136.97423202512792,0.1695905476808548,59.188673966395186,0.20670628547668457
Gaia,DR3,4885245099830257920,66.15781958640164,-29.25051444664128,11.188990592956543,1.0154733657836914,1.95756773628184,35.1789008700516,74.60789390104424,21.371303042060227,56.11799240112305,0.2193763554096222,7.722143422273134,nan,,,0.9091854691505432,,Gaia_DR3,65.83580112084395,17.57295172337788,63.892157872312694,0.014559006318449974,15.04757416247442,0.016998233273625374
Gaia,DR3,2955862090145311616,76.08255680502435,-27.2534127667695,17.57112693786621,3.372488021850586,3.1289215896629816,42.04399730248074,71.07610365237217,27.60855398418063,,,11.757360403777675,nan,,,0.9729878306388855,,None,88.51420800007435,32.397163622062386,80.79376969868123,0.08713039755821228,31.66317473036394,0.09052607417106628
Gaia,DR3,4885453903960463360,63.972735694436444,-30.10398592939246,17.33451271057129,3.344846725463867,4.604778798183735,34.11925784617103,59.75130631673399,19.860107439060123,,,10.525025038908591,nan,,,0.9653757214546204,,None,91.6914468974403,22.920093073858347,84.13005709806683,0.062420766800642014,29.791220298573656,0.0879998579621315
Gaia,DR3,3174947341122583680,70.74386360535837,-12.603798918681266,16.00485610961914,2.5306711196899414,4.489910697200181,33.52790770320948,71.01795396001582,26.64481207895644,,,7.77921093483396,nan,,,1.0086191892623901,,None,62.97179430876965,8.043884580730346,65.04709745831921,0.030404426157474518,0.9792315619516471,0.026275701820850372
Gaia,DR3,3179287074860791168,66.81068587074971,-11.04606808897532,19.946617126464844,3.066164016723633,2.091092022411894,29.541083790749074,54.30058396860369,24.12224205543599,,,9.325845216075768,nan,,,1.0456629991531372,,None,78.96700297088857,7.198472430034865,76.40960493762438,0.44206503033638,3.9797087782542246,0.40485092997550964
Gaia,DR3,3205651546924126592,66.48342483369541,-2.5428352614792478,15.914084434509277,2.832805633544922,4.86010269242787,29.56215108388342,55.78044110767568,24.168689582652732,,,8.948706475136818,nan,,,3.498061418533325,,None,76.03515996735985,0.07898553703230249,75.73129238181421,0.1687038689851761,9.242421810789306,0.14203116297721863
Gaia,DR3,3205826330617234816,65.46457860514853,-2.3004967613798546,10.86033821105957,1.1163902282714844,2.329379425181176,28.603237912186675,56.538240395913824,23.44920574923894,87.61136627197266,0.49001917243003845,8.473197598540233,nan,,,1.5043505430221558,,Gaia_DR3,72.75093060730278,-0.15958873588280653,76.68222985678533,0.030711591243743896,1.203241140130609,0.0195142962038517
Gaia,DR3,3242709929207048448,56.51394557443749,-8.6718935834947,19.621644973754883,3.100343704223633,3.6608838851746985,19.24143226959455,56.50489508644562,16.7721499386467,,,6.931454791130935,nan,,,1.0569465160369873,,None,64.11819928980303,2.216220843086436,67.1874869524396,0.39460939168930054,6.5974425311174185,0.35678112506866455
Gaia,DR3,4861438233547466624,52.444522696245144,-34.27154158586199,16.406320571899414,2.6773862838745117,4.989848536080094,30.64923023683011,70.99892190419367,11.864202276085601,,,7.290777223364476,nan,,,1.0560345649719238,,None,69.10659732816569,10.516134731712437,75.38902933725603,0.03496911749243736,6.11746032713939,0.04744205251336098
Gaia,DR3,3186226681154400512,69.94656264218281,-8.041651149433864,19.00390625,0.9784107208251953,3.855487000378307,32.51312731066687,57.86848254485084,26.418963901668974,,,12.813141190054958,nan,,,1.052800178527832,,None,104.72905252150868,7.275795245654841,114.29421346488017,0.37967613339424133,11.394457934244045,0.31186166405677795
Gaia,DR3,5099812526247417472,51.06713502328624,-21.38800440662228,13.262816429138184,2.023710250854492,3.321251629552173,19.645159397121848,42.71712711230899,12.08072686921991,55.198787689208984,1.3776185512542725,13.191392406802807,nan,,,1.0281866788864136,,Gaia_DR3,125.91359173956539,10.086734725186538,118.55512704540504,0.014371035620570183,15.668545939744615,0.013369634747505188
Gaia,DR3,5108352811018811776,55.60972963135641,-17.387996109475342,12.690047264099121,1.4353837966918945,2.9239854688249602,20.755905381037113,48.53445156809734,15.686387733257165,61.26192855834961,0.8393178582191467,7.710732111288244,nan,,,1.0632740259170532,,Gaia_DR3,71.74934998802956,6.233667742975403,68.53960184443687,0.01379386242479086,2.728252668224395,0.009588136337697506
Gaia,DR3,4891451048398616448,67.59773175708874,-27.617858112261597,18.144926071166992,3.5111656188964844,2.302484614814699,35.40304105201719,63.52120187517396,22.563153482314927,,,9.701546076686439,nan,,,0.968848705291748,,None,81.45525977483707,21.778631290514102,82.88598139359415,0.09603911638259888,17.292235426247153,0.11923090368509293
Gaia,DR3,5114074596512943872,56.39869314383519,-13.142277877041732,19.551372528076172,2.802072525024414,3.6271479251007124,19.8851440747835,67.43697188342456,16.517056089190827,,,6.392451451857591,nan,,,0.9707403182983398,,None,59.177718997104876,3.7734634962965465,57.13735977918333,0.32995396852493286,-0.6682352735057213,0.35215112566947937
Gaia,DR3,4886674426290222720,59.54574883092907,-31.064101907669063,18.509014129638672,3.492197036743164,2.7809081231748523,31.849905297889045,73.31000342655425,16.896624501368464,,,7.280509932096832,nan,,,1.083314299583435,,None,65.88741975781568,13.784395562490785,61.72695148135682,0.11733098328113556,12.83170760666844,0.152643084526062
Gaia,DR3,5056255304394423168,54.19449761510888,-29.62507364868686,18.135507583618164,3.3717823028564453,0.8147139669318184,27.67680092478397,60.572186154773945,13.566370845161375,,,7.747333867324032,nan,,,1.0491374731063843,,None,72.71839928747897,10.67063153419098,73.92924365310779,0.08899517357349396,11.222321894627662,0.12957768142223358
Gaia,DR3,5160745119900537728,46.03118015351981,-10.910296141241036,16.908353805541992,2.9375429153442383,3.6064878425702687,9.572889042941958,28.35031499730243,8.59066669245262,,,7.90822746092806,nan,,,1.0979591608047485,,None,77.03453022753605,1.011717788704793,80.26324284084437,0.08278732001781464,6.083753386376582,0.07875055074691772
Gaia,DR3,3201825280819477248,70.19560378104374,-3.5955918742470936,13.884323120117188,2.259579658508301,3.779735965523519,33.07010559814993,60.24366446589723,26.71596728795856,49.00583267211914,1.8810272216796875,9.434126257717843,nan,,,2.491302967071533,,Gaia_DR3,76.8801831293697,1.2861294916316481,84.1660272220885,0.04566054046154022,-0.5643684068732769,0.039365753531455994
Gaia,DR3,3192904599385940864,63.954575950960525,-7.967005956438364,17.44932746887207,2.8580894470214844,4.686577567642214,26.579857652609633,56.29002979848733,22.27318168295333,,,7.996888149141635,nan,,,1.0423369407653809,,None,69.67888721105382,3.503260603042321,75.15281216286793,0.09699209034442902,-2.1939268038216566,0.08121421188116074
Gaia,DR3,3193403227909623424,58.63570446369015,-10.58699366367109,14.016595840454102,2.4864606857299805,4.6504001066048035,21.51039007115064,48.66214844623984,18.2966656829011,13.167418479919434,2.2084150314331055,14.518406309783526,nan,,,1.1220335960388184,,Gaia_DR3,132.30192814236406,7.263105359737679,118.27061436850803,0.016045426949858665,9.651487932780471,0.014752300456166267
Gaia,DR3,5085727434402356480,52.502536630348544,-25.483771665496313,18.8732967376709,3.5281982421875,3.809364100006593,23.53694073062671,65.2495260400389,12.810605911340264,,,6.8189775004956035,nan,,,1.4134806394577026,,None,64.61466015176464,7.141025617846102,70.090632014871,0.19133982062339783,7.156976797712742,0.26000574231147766
Gaia,DR3,5053567307702179712,50.68545982237936,-33.41645643080747,15.40551471710205,2.6239824295043945,3.3768823725131347,29.18311251612154,53.25375024751184,10.808266328085901,63.04032897949219,2.92221999168396,9.459862197568015,nan,,,1.3885505199432373,,Gaia_DR3,90.46074189821994,11.767047536632312,88.90140630768619,0.02520809881389141,5.215774087659835,0.036039672791957855
Gaia,DR3,3224919388689660928,72.55913570272747,-3.5177831837786337,14.747773170471191,2.55814266204834,4.449122574130116,35.41973439332731,66.41815294555022,28.28426872266238,9.461686134338379,3.1327857971191406,8.94333349334,nan,,,9.206729888916016,,Gaia_DR3,70.7410033379597,1.3325603540526956,69.95379339257109,0.2251483052968979,9.683668661054538,0.18312685191631317
Gaia,DR3,5073618757660442112,46.973647045694236,-26.0944092991633,16.657955169677734,2.888935089111328,3.4240238464908117,21.20799528937158,41.62790412127549,8.812997664555768,,,8.696073698977843,nan,,,1.0069421529769897,,None,84.43954046969185,5.81321650037261,80.61988479854918,0.03961414843797684,0.832171495906612,0.06399227678775787
Gaia,DR3,5075039940862134400,48.33304542842029,-23.987123495588687,19.875988006591797,2.763395309448242,2.843023160912828,20.035555719548306,66.83618692805608,9.91887117166679,,,6.432469186724865,nan,,,1.0848363637924194,,None,62.14253304919462,4.458335305939732,59.15572508879913,0.4544469714164734,6.895899020217449,0.4940113127231598
Gaia,DR3,5078775707712637312,45.87961462630685,-21.598418018889173,15.072108268737793,1.908660888671875,2.932563272129175,16.802551750366096,58.01933946855453,8.215549520620476,47.27469253540039,6.032412528991699,6.644946120588402,nan,,,1.0412583351135254,,Gaia_DR3,64.76030709305955,3.005646131975814,68.28760934327912,0.028284160420298576,5.111300835999284,0.027610648423433304
Gaia,DR3,4858819884044635008,57.69252516213764,-34.29521424254219,13.679608345031738,2.09548282623291,3.747265255871719,33.171785715793476,60.53189855453363,15.209462178769822,47.43017578125,1.652414083480835,9.40138728934114,nan,,,1.0788006782531738,,Gaia_DR3,86.26180365415703,18.098853234933788,87.75269186747178,0.010592365637421608,10.823306221895775,0.01334496308118105
Gaia,DR3,4860630642256908544,52.08393146161156,-36.01302855974645,7.955833435058594,0.5127911567687988,4.192224575292525,32.01292482278031,63.29891286485287,11.421968668555236,34.69285202026367,8.857584953308105,8.397977567759725,nan,,,0.9805490374565125,,Gaia_DR3,79.7520044303726,12.451455351796081,74.41784743311209,0.016316965222358704,17.611902714007094,0.022766735404729843
Gaia,DR3,5085456615242096384,54.729966250913456,-24.570154263439374,17.13280487060547,2.739065170288086,0.7468387359554832,24.280844397513363,74.09439324122641,14.466481456160645,,,6.396246330256754,nan,,,1.025181770324707,,None,59.84472881815899,7.395551218717193,58.83895389454918,0.04713965207338333,7.445855302594476,0.06238216534256935
Gaia,DR3,3260965880972564864,49.53806661126586,-3.6579968717557394,11.12171459197998,0.8644018173217773,1.6466938635466026,12.78735970662144,59.036915443898614,11.4013576472691,17.39763069152832,0.5239422917366028,6.3588555252786785,nan,,,0.8132151365280151,,Gaia_DR3,61.12446087599011,-0.40735319791336977,59.214851151984575,0.016770903021097183,-1.5146257363768747,0.01561160571873188
Gaia,DR3,3184511477374894080,70.8131376962479,-10.317309192002037,11.685999870300293,1.1948175430297852,1.0738618063290235,33.41426716477223,64.3984556156762,26.86478596276128,85.06500244140625,0.32617709040641785,8.636547160069133,nan,,,1.2277125120162964,,Gaia_DR3,69.85214495251488,7.001710831033073,68.14425430753982,0.01608247123658657,7.953402503588039,0.013575962744653225
Gaia,DR3,4863126945969028992,53.88670345279309,-32.8326924714768,15.375091552734375,2.4203710556030273,2.5070236840571494,30.091078905445205,60.390410880857466,12.978753477695923,55.3818359375,3.32407808303833,8.304778860003923,nan,,,1.1212657690048218,,Gaia_DR3,78.09095149586808,12.523102035023971,76.11781469690499,0.020586680620908737,8.602497777183212,0.02913162112236023
Gaia,DR3,3248485595067981440,52.54198814919858,-4.574599331310328,19.203975677490234,3.4644031524658203,2.595140858130353,15.506081332896253,65.27957209630796,13.769537713559686,,,6.223579236195551,nan,,,1.017019510269165,,None,58.96043958033668,0.08922122342933037,59.420924955675865,0.42299461364746094,-3.2843024838744013,0.34157395362854004
Gaia,DR3,4874221808567387776,72.64998876129421,-32.69131541421076,11.464207649230957,1.5373649597167969,3.040304815567845,41.72089310214913,70.7388027163014,24.402037720329545,53.725372314453125,0.3440367877483368,14.033010208980668,nan,,,1.898629903793335,,Gaia_DR3,110.86705091092374,42.734781506066156,102.39830474232593,0.02464594878256321,45.76376750142033,0.03164149820804596
Gaia,DR3,4897058355838702848,62.99486075238518,-23.888970595097792,14.942855834960938,2.506938934326172,4.520727503232302,29.950759332661974,55.44854936995484,20.213571710553914,71.97834014892578,3.4072089195251465,13.421921581233057,nan,,,1.1027973890304565,,Gaia_DR3,117.99188021802311,22.1574012785566,105.77073906117437,0.01727963238954544,18.381053682665325,0.02207564376294613
Gaia,DR3,4898525069989313152,68.42169024145979,-22.278479634909445,14.690589904785156,2.454401969909668,1.0688882519699194,33.740563589771256,61.81624535468413,23.98276135073764,53.03089141845703,4.820427417755127,9.322483188352525,nan,,,1.2429300546646118,,Gaia_DR3,77.55962180753082,17.13263682539027,76.3549452802719,0.03544239327311516,18.853542351404453,0.04673522710800171
Gaia,DR3,4885696483713278848,62.60762033683055,-29.510100504366786,17.552644729614258,3.1408023834228516,3.558714663269904,32.81830514461785,60.70860781405101,19.104296991912243,,,9.179384381119696,nan,,,0.9841203689575195,,None,80.9773180712516,18.645565444967197,78.74019894899698,0.07416722178459167,12.132573290159351,0.09758913516998291
Gaia,DR3,5048017793341994368,48.28428001786467,-35.019073678036776,11.795140266418457,1.1588239669799805,3.2918076107350323,29.772350773130583,68.12221010219136,9.074928945982885,47.18613815307617,0.4182978570461273,7.39818407135889,nan,,,0.9608492851257324,,Gaia_DR3,71.48585718789117,7.960165718135788,76.53697857528569,0.009195390157401562,8.878601591871412,0.011480484157800674
Gaia,DR3,4886674533665940224,59.546656369730854,-31.05727089126512,16.157861709594727,2.576559066772461,3.312407750079023,31.845696488174582,72.19689936733441,16.898276559525883,,,7.372900076217999,nan,,,0.9857786893844604,,None,66.72306473579216,13.956732432154592,61.78622822675439,0.029338441789150238,12.495975684151071,0.03658279404044151
Gaia,DR3,4880370930425225216,75.4044257333923,-27.519970277984925,16.568004608154297,3.253453254699707,3.1337145830361224,41.58400219906957,73.43565743228565,27.171000201590722,,,17.45561778306092,nan,,,1.014617919921875,,None,132.73412597713872,47.84874884268486,123.53919676113458,0.041368331760168076,54.80783438196687,0.04713762179017067
Gaia,DR3,4865316760814218752,65.27249592595378,-39.0202377796279,16.745140075683594,3.40194034576416,2.447772134429691,40.76181701212281,71.88262927264127,18.743441424340524,,,16.69959756152233,nan,,,1.0334100723266602,,None,143.65871856679433,48.83531855924372,142.26154913350177,0.050601135939359665,40.33209676330941,0.06897696107625961
Gaia,DR3,4885245477787379200,66.1341135660808,-29.213794947445145,8.360729217529297,0.651371955871582,1.4857293161300327,35.1414309345773,74.59274302665959,21.363615617000406,54.92752456665039,0.14676079154014587,7.716584563283965,nan,,,0.9647641181945801,,Gaia_DR3,65.80451144348669,17.52471618998214,64.61530153947443,0.015479950234293938,15.420644772019578,0.01852310821413994
Gaia,DR3,5058724395194142080,46.63097221920079,-30.71249961062877,17.01213264465332,2.908261299133301,1.3516155051804253,25.262902277639885,53.31373169398663,8.292416025515692,,,8.064445850656941,nan,,,1.0670242309570312,,None,78.39969453898453,6.341251327335267,80.68678641111114,0.04325050488114357,6.563198239236663,0.060830358415842056
Gaia,DR3,5092665460149262720,63.79393226734978,-19.598368145827646,13.526716232299805,2.3384647369384766,3.3250785813680825,28.72756516103776,55.862001729632205,21.28792911572412,44.16781997680664,0.970761239528656,14.405754660474555,nan,,,1.0696628093719482,,Gaia_DR3,125.71084622105184,19.709502728377572,125.53971216290122,0.010833367705345154,29.805909932410966,0.011960456147789955
Gaia,DR3,5090013468166284032,62.12422430204757,-21.897701473800918,18.922321319580078,0.4311866760253906,1.952014490749103,28.285484711879427,53.779766406627154,19.883432553093407,,,8.875457199820003,nan,,,0.9980031251907349,,None,78.63093377210454,12.8841605654481,82.07083403998695,0.13850784301757812,11.65684737165228,0.16469593346118927
Gaia,DR3,5078911909715251072,46.623047777785175,-21.024803602388683,10.255982398986816,0.7562942504882812,3.7014972791191116,16.69865809605075,45.81007425843528,8.795474662670031,5.531580924987793,1.3240549564361572,7.378963312851837,nan,,,1.7884504795074463,,Gaia_DR3,71.7376194212918,3.5438308504813456,69.43384078065958,0.03174641355872154,-1.733101280304528,0.028104694560170174
Gaia,DR3,5094324279598172160,61.643606120581964,-19.45398964223402,18.61092758178711,3.122835159301758,2.290854228580528,26.807911999089193,66.61663251215528,19.825893714814356,,,7.099151605783343,nan,,,1.104736566543579,,None,63.15577164230636,8.850502478886709,59.80986782211453,0.1564636379480362,9.598202936176081,0.16597212851047516
Gaia,DR3,5059304765536471680,47.59784830727581,-29.471073397433607,13.660895347595215,2.2009944915771484,3.4474191907201828,24.471544325494964,46.59020585244891,9.047140669419939,23.78895378112793,0.8241127729415894,12.46353569751065,nan,,,1.0624738931655884,,Gaia_DR3,120.74808089711503,10.329948551479378,125.53212822670984,0.008226877078413963,18.021380143190882,0.011534326709806919
Gaia,DR3,4882802328591083904,62.865165379472415,-32.78394735382003,17.384567260742188,,1.2597418151950648,35.084598814013304,62.85578928554815,18.681072324460573,,,9.742570326510677,nan,,,1.0225311517715454,,None,85.74727162057651,22.208422873929234,83.43672796695918,0.09564903378486633,21.04416455426454,0.09908346831798553
Gaia,DR3,4883714579644557312,61.75982019146443,-31.84285982522389,14.384775161743164,2.2466468811035156,4.755898987819347,33.76104488461624,65.64902194560004,18.168905278190845,42.735260009765625,2.2223827838897705,8.53271662575978,nan,,,1.0729299783706665,,Gaia_DR3,75.83352065833148,18.12749544503223,81.9261106751926,0.014462219551205635,12.122046320146179,0.01785668171942234
Gaia,DR3,5104553070630861312,47.19216118741813,-18.612873102776796,16.592195510864258,3.2671470642089844,3.4868601008988804,15.127037051733245,41.63151580461026,9.316893021579421,,,14.119009294133331,nan,,,1.0929172039031982,,None,136.98992710815742,6.107102437217193,128.18172233968207,0.061786819249391556,11.59586750244924,0.05927639454603195
Gaia,DR3,3174847045043776128,69.20917678710076,-13.266671454508986,19.61297035217285,3.420969009399414,4.719908910941329,32.12554248484201,56.241816856369724,25.576570228975942,,,11.464520720518006,nan,,,0.9701943397521973,,None,94.52415115408138,12.023513990049342,84.39827814428608,0.25851207971572876,17.27631993077644,0.23479564487934113
Gaia,DR3,3175939134969187712,65.61746694171549,-14.43770441520427,14.492998123168945,2.046811103820801,1.7556025713842796,28.888522105199268,70.6283050181446,23.04891362876897,28.86872100830078,3.5491316318511963,7.075576736842299,nan,,,1.0845348834991455,,Gaia_DR3,60.65742774258051,7.26898098892152,58.2182761542092,0.020503178238868713,6.316128668459483,0.020874671638011932
Gaia,DR3,4843380610487147648,58.57484861521639,-40.45964043527177,13.572389602661133,1.9811162948608398,2.428799554369893,38.491036800130495,67.60530385310872,14.64956738591444,17.7054443359375,1.5713733434677124,10.167701147645738,nan,,,0.993580162525177,,Gaia_DR3,92.69715635127862,23.89328690434639,95.19138957307217,0.010941955260932446,19.323665986716865,0.013018080033361912
Gaia,DR3,5115405834512375424,54.7994777638303,-11.756092939378435,15.049788475036621,1.9649057388305664,3.6530449923420276,18.0218838185475,66.94031538416935,15.374500986344966,19.25752830505371,7.959611415863037,6.293083626500416,nan,,,2.5720293521881104,,Gaia_DR3,58.85461186889202,2.8502630337676287,62.411139842415196,0.06269137561321259,-0.4418005250126716,0.062020719051361084
Gaia,DR3,3173707813560270336,70.66172366009106,-14.573789169688805,15.1161470413208,3.0714635848999023,4.856037859749388,33.715136251474156,62.76685651366635,26.407291554039926,62.21327209472656,3.4257144927978516,15.252509059615894,nan,,,2.023327350616455,,Gaia_DR3,123.59200913838535,18.66462127196243,111.33353729386465,0.042456090450286865,8.993664076967182,0.035162683576345444
Gaia,DR3,5097311652691515904,59.581759849925845,-16.980874757104583,13.757125854492188,2.130436897277832,4.792446356367976,24.03935054359186,52.49036683540589,18.598513212517013,56.29676055908203,2.1137495040893555,7.902354533051906,nan,,,1.197149395942688,,Gaia_DR3,71.4949807004195,7.671357324212117,77.15697481320854,0.014399890787899494,2.0427212913188297,0.015382695011794567
Gaia,DR3,5080086944048724224,56.29219479748079,-29.614313129576445,14.71826171875,2.3588037490844727,3.5555812153384654,28.855083844895244,64.51654678437998,14.974776743346947,57.370670318603516,2.9221746921539307,7.571655868984758,nan,,,1.3228189945220947,,Gaia_DR3,70.14365033281268,11.702152694505193,64.83883300249377,0.021336013451218605,9.685092995674399,0.025770628824830055
Gaia,DR3,5159564695383877888,46.16948520176138,-12.344239143207165,11.864815711975098,1.7627372741699219,3.2323728539390455,10.334124126378539,40.70989392872556,8.681664886974614,53.63566207885742,0.710159182548523,14.71994275035532,nan,,,1.0030213594436646,,Gaia_DR3,143.32336250022615,2.624082450531361,133.4832123755009,0.014458803460001945,0.6796903902940207,0.014450330287218094
Gaia,DR3,5179322850615671040,46.11282393804382,-8.460532868649784,15.678534507751465,3.0312185287475586,4.702246196542005,8.984574632170329,33.637714644246806,8.673813343401726,,,13.321188410717474,nan,,,1.0265073776245117,,None,129.72814702802066,0.6980017274607064,117.76709116326809,0.041658978909254074,6.29319264253939,0.05273451656103134
Gaia,DR3,3194178791627586944,57.70886387571575,-10.735633732093957,18.316265106201172,3.273683547973633,4.562803722099802,20.629551179590067,49.37150050374237,17.60154769634795,,,7.614771589917592,nan,,,1.0078504085540771,,None,69.86071613887506,3.675857357245217,65.56100956106943,0.1586046814918518,9.605555158720946,0.14244404435157776
Gaia,DR3,4872608618850799488,68.31891348358948,-30.81511706727461,15.42184829711914,2.6134033203125,4.842330917453619,37.600201728575364,70.05120572426026,22.36305319449771,50.38980484008789,4.9597344398498535,9.000293227796599,nan,,,1.0866734981536865,,Gaia_DR3,74.96582909776873,23.047554200623573,70.91654653903053,0.0248925369232893,14.800406701210985,0.033168621361255646
Gaia,DR3,5061918648272270336,50.72427338366556,-25.652256646999046,10.297584533691406,1.110365867614746,4.64144740250701,22.65422210905291,49.23295805679146,11.533474711425685,37.39097595214844,0.14633959531784058,14.321433786128805,nan,,,1.4228085279464722,,Gaia_DR3,136.92479565932842,13.27987716365778,144.2940791141137,0.010053813457489014,25.198683231951232,0.01409154012799263
Gaia,DR3,5100225835245066496,50.889004751612724,-20.294231210823032,17.194536209106445,2.9665231704711914,3.241523604343892,18.76719115832702,38.33466541434289,12.015718583568722,,,8.491285020524236,nan,,,1.0216995477676392,,None,81.12005524572956,5.991131980353263,75.35451064961049,0.07769331336021423,6.644821889029497,0.08082587271928787
Gaia,DR3,5100571498509842688,53.80480380652823,-20.515495040794853,17.59646224975586,3.3857154846191406,4.936330067874265,20.99896825727292,38.078104591770696,14.145223637886408,,,9.742634522992867,nan,,,1.0048567056655884,,None,91.65463141628825,8.617034473994512,99.65650911034712,0.10761751234531403,2.3914191641148554,0.11456137895584106
Gaia,DR3,3200400141951045120,71.85187333016086,-5.505492707856788,15.412461280822754,2.6462793350219727,1.0756022978618431,34.51532885769185,60.27691841571874,27.779891673295786,80.04090118408203,3.758354425430298,12.475279547872745,nan,,,1.10993492603302,,Gaia_DR3,99.5893526944541,4.322063734720814,100.37068598491014,0.041825972497463226,7.040758044498153,0.03715919703245163
Gaia,DR3,3194187278482188928,57.84141814138204,-10.596095048346854,15.929784774780273,2.622307777404785,3.792741123742976,20.73824999948487,40.188654893154286,17.705922524525946,,,8.81150023699682,nan,,,2.751737356185913,,None,80.76352844199924,4.2082324630936085,86.55315282488284,0.18728172779083252,8.222622856357306,0.15758423507213593
Gaia,DR3,3199906731811952640,70.06780186305961,-6.452675109539959,12.45577621459961,1.6711339950561523,3.637851243457659,32.68274900161889,57.84886658734149,26.564857462199548,71.20101928710938,0.7253279685974121,10.158104484311417,nan,,,1.1858954429626465,,Gaia_DR3,82.90742810242456,4.21586886662185,80.82325312597759,0.01612839475274086,11.722100815814485,0.015194583684206009
Gaia,DR3,4882802328589456640,62.86498714616451,-32.78427264676693,17.015840530395508,3.163623809814453,0.858119022735616,35.08470210625231,63.24468811392964,18.680901858911188,,,9.606777699424622,nan,,,2.0655202865600586,,None,84.55225604224078,21.898952837519303,82.82612014229653,0.1197245866060257,21.69736623886441,0.13566020131111145
Gaia,DR3,4889928126011826688,61.285642368470256,-27.729652948511657,16.548900604248047,2.7656688690185547,2.8096833183219077,30.809312771701585,73.02096539052197,18.535221063543283,,,7.154202001799694,nan,,,1.014579176902771,,None,63.83909068046748,12.947627520255816,66.49816823098736,0.03545798733830452,9.648275042160163,0.04743135720491409
Gaia,DR3,5105892894267498368,51.73773676427251,-16.43589646043651,17.345962524414062,3.138596534729004,4.599451909951661,17.063387226904656,46.38968831995335,12.855652260554601,,,7.378573252102439,nan,,,1.5651758909225464,,None,70.19563456529121,4.230586235981775,66.37627201826028,0.2771857678890228,10.280139913718324,0.39228299260139465
Gaia,DR3,5107843599696136704,58.50579451506926,-16.953491489548668,16.21949005126953,2.6528520584106445,1.8346884271103807,23.07635329213932,44.27089530460497,17.82712225901391,,,8.861414283284262,nan,,,1.1188621520996094,,None,80.82930607854328,8.144938642985977,81.61305854226974,0.06288305670022964,4.808418976023953,0.05451725795865059
Gaia,DR3,5164499956405388800,54.689812238414675,-8.523759473449887,14.467087745666504,2.049992561340332,4.9346673260266645,17.432120793499283,62.5152259156418,15.387155857904135,52.70316696166992,4.836246013641357,6.462902426731005,nan,,,1.0347715616226196,,Gaia_DR3,60.48311165000136,1.7234957686268828,58.030171939329755,0.02308431640267372,-4.536269603809333,0.020580407232046127
Gaia,DR3,5086775376361525888,53.11505256855217,-22.51685094007782,16.99859046936035,3.003795623779297,3.8825458064763945,21.797956062741022,40.142177610896994,13.493253604263943,,,9.382860886991276,nan,,,0.9992408156394958,,None,88.61431244033533,8.86379602503106,81.58657312213204,0.05769876763224602,11.96030673186555,0.047759298235177994
Gaia,DR3,5102038311443250176,53.18307650873331,-19.150057892216918,12.814927101135254,1.7887964248657227,4.645796731316535,19.71528167765469,35.89062938701309,13.783163420419815,16.853479385375977,0.63570237159729,9.649213861770294,nan,,,1.1396543979644775,,Gaia_DR3,91.09549203210237,7.522179167270547,94.84264496734741,0.015290145762264729,16.197784642524446,0.01552884466946125
Gaia,DR3,3243705300765014784,57.42995752187063,-6.281588234981365,10.82888126373291,0.8913335800170898,3.776645714276822,20.150619350756912,44.45602180110305,17.515459491689917,-16.329790115356445,0.3788512349128723,8.017724490063918,nan,,,1.1733473539352417,,Gaia_DR3,73.70257130138269,1.5075365088487445,67.90310282989648,0.016840072348713875,-1.1595456828617,0.017465731129050255
Gaia,DR3,3225259893696592896,74.65810872310833,-2.685555129001589,18.764297485351562,3.314178466796875,3.2650673630764397,37.607990350716236,72.96291140819335,29.6444332470932,,,8.4857373331536,nan,,,0.9258939623832703,,None,65.22268817274096,0.6424504525013504,64.21115010723771,0.21597331762313843,-5.11010079679661,0.13858582079410553
Gaia,DR3,5109955555374486272,60.56260756781555,-15.089042146996166,17.30949592590332,2.8123912811279297,3.067727342381695,24.3081834208811,63.35653266256518,19.446450489113843,,,7.023982995779635,nan,,,1.0201590061187744,,None,63.05351985510826,6.187298573809866,59.752892082089225,0.0730476826429367,9.308169875050243,0.06692301481962204
Gaia,DR3,5162874225385043712,50.81766859211481,-11.347030348596514,7.476670742034912,0.5823779106140137,4.245676816198266,14.147006695171589,26.023268646369672,12.334401559412704,43.49198913574219,0.12341147661209106,10.07131415693226,nan,,,0.9361100792884827,,Gaia_DR3,96.24740085997553,3.0257024743722525,104.78236538370228,0.02119576372206211,5.925552873849438,0.02072903700172901
Gaia,DR3,3261282536025933568,52.00085406270439,-2.763892310243221,18.590394973754883,0.13725662231445312,2.761679268854988,15.398565542980736,73.4052240549368,13.340542968130706,,,5.8923099639605905,nan,,,0.8955471515655518,,None,55.980790584582074,-0.4818289611611952,52.550395429916506,0.1827852725982666,-0.49983506228318325,0.19350121915340424
Gaia,DR3,3256357376768894080,59.75204060167093,-0.9368707225152718,12.352057456970215,1.2831106185913086,2.503247864222596,23.34727296903594,51.242517306192205,19.273309475031333,30.941669464111328,1.300442099571228,7.901958417214362,nan,,,1.4179399013519287,,Gaia_DR3,71.39630305918728,-1.1925721866824333,75.53483687354822,0.018863197416067123,-0.6817442291168008,0.017934784293174744
Gaia,DR3,5114797873302595328,57.12154391550114,-11.771556819691606,15.439926147460938,,3.4515952608359837,20.24402131794005,37.74934238612287,17.119961310010318,,,11.139550955224035,nan,,,1.098687767982483,,None,102.61979286606244,5.910109264341493,100.45249050622935,0.13119158148765564,13.720464077314336,0.11040990799665451
Gaia,DR3,4843785673146859008,62.27421007400746,-40.5970841794979,12.230786323547363,2.093329429626465,2.4418054471194246,40.33506542224802,68.49506036254728,16.711035719773562,,,11.880578975206921,nan,,,2.672657012939453,,None,105.11617706844464,32.49162564029203,99.00063009809575,0.02761889062821865,32.519974592624166,0.030863584950566292
Gaia,DR3,3256376691237735296,59.69927772256901,-0.8095974704753518,16.146665573120117,2.4180917739868164,3.3999369564431925,23.331547435465122,51.678140302712976,19.232225627283164,,,7.852444475042436,nan,,,1.040575385093689,,None,70.97827939733585,-1.2569375049654212,76.54990784933182,0.04953383654356003,-0.4611796416394066,0.04163578152656555
Gaia,DR3,3261640740593942528,52.511301884721036,-1.756699310996033,15.47733211517334,2.439743995666504,2.540969984290534,16.19751013049704,29.760808234887914,13.732185634832994,,,9.472165170599329,nan,,,0.9920679926872253,,None,89.75131081554687,-1.218462280922921,88.85431129405339,0.0403725728392601,3.7754980632375332,0.036123622208833694
Gaia,DR3,3263119441998733440,54.20759902214308,-0.8429673646596212,17.98847007751465,3.242372512817383,2.551883454757904,18.103944600561757,48.46251551449203,15.044189004533463,,,7.348321266010655,nan,,,1.0175427198410034,,None,68.96784204073641,-1.2544098826214523,65.36054765325922,0.1827019304037094,0.3625642124283028,0.13664469122886658
Gaia,DR3,3175413224813579008,63.36797673654022,-15.710054836414137,13.098894119262695,1.7675800323486328,2.3084514275263546,27.07872424532942,59.07235958960873,21.38209929448984,30.015188217163086,1.2897874116897583,7.7895839444973545,nan,,,4.660194396972656,,Gaia_DR3,68.2449646318318,8.123735887249225,66.44971698297454,0.05036993324756622,4.785031242706651,0.057461898773908615
Gaia,DR3,3175413224813579136,63.36694208414078,-15.71068299194847,14.30260181427002,2.1407594680786133,2.044657707049383,27.07793454527884,59.684565937173765,21.381323127112363,32.71311569213867,2.465269088745117,7.726579111957785,nan,,,1.0908677577972412,,Gaia_DR3,67.69362112287526,8.058079399509737,67.33748863330622,0.017581313848495483,4.746754013517334,0.019655006006360054
Gaia,DR3,3183411519070756992,74.89004447566911,-8.705091886916017,15.635316848754883,3.277130126953125,4.545406658410023,37.399467992259815,71.49260701598502,29.588897833346664,,,19.061424445151683,nan,,,1.2468953132629395,,None,146.02558283172087,14.025023284911974,131.4333868348541,0.046387139707803726,25.010359991248635,0.03730010986328125
Gaia,DR3,3186161943112012544,70.18947733271986,-8.213233173768353,20.36688232421875,2.5546207427978516,4.489253972177496,32.7523538450486,66.58077547804623,26.573135135979086,,,8.1301743711518,nan,,,1.035424828529358,,None,66.25897023007144,4.79248352732796,70.6046727546072,0.8095201849937439,11.141979089391652,0.8021726012229919
Gaia,DR3,4857801323960594944,60.50900902798035,-36.35652902044185,15.154437065124512,2.8086957931518555,2.0428668275365833,36.23216526441996,64.85509320681933,16.57537193405863,41.84029769897461,4.225863933563232,14.75326167263367,nan,,,1.165218472480774,,Gaia_DR3,132.49617176785134,33.989732883055424,133.24131490216146,0.020965557545423508,40.2994800433248,0.029231000691652298
Gaia,DR3,77997087132629632,28.81427220222278,14.300274399379948,13.199450492858887,2.101773262023926,3.173498691768954,22.907948479102455,49.43153223165709,-5.5850232607436805,33.867279052734375,2.1099131107330322,14.300132909968358,nan,,,1.1716285943984985,,Gaia_DR3,140.6909797983036,1.0866055756970852,148.47979665123222,0.017954720184206963,6.641717042472494,0.018481288105249405
Gaia,DR3,3199573549726716928,67.37397104742168,-5.974692673186812,12.725059509277344,1.5557823181152344,3.965355599311504,30.03768841617555,63.271827883037645,24.742567161075435,18.018550872802734,0.8937682509422302,7.924058156215269,nan,,,1.3939729928970337,,Gaia_DR3,66.69348203421012,2.596621875397375,60.609146151522914,0.020387250930070877,5.215474702419473,0.01806802675127983
Gaia,DR3,82394897420286464,39.04057154049375,17.086794239823593,17.025836944580078,2.7463998794555664,3.0129881296718097,24.219260376036754,59.39728788866795,2.437237599597216,,,7.300403118900935,nan,,,1.052746295928955,,None,72.18758625966002,-2.8139744053154594,76.65311830066068,0.13311132788658142,-4.063230824530047,0.08876752853393555
Gaia,DR3,4876608676512791552,73.98282236907313,-30.05843148138404,16.947071075439453,3.4300241470336914,2.6820004160626683,41.486407028240095,70.24903547564575,25.78677151987003,,,13.641771334626773,nan,,,1.016038417816162,,None,105.85036634084446,39.51834137353062,106.25535757596174,0.048282742500305176,31.816024250628683,0.05828850343823433
Gaia,DR3,86830666628541568,35.08212515229734,19.256959009949984,12.775507926940918,1.4067745208740234,3.1035600543865822,26.396787389961485,69.02232512073823,-0.6949974815126385,39.0181884765625,3.1884827613830566,6.885986902140359,nan,,,1.0811718702316284,,Gaia_DR3,68.21478203959158,-1.2328890085997344,68.42674373084762,0.020889224484562874,-5.733137200448329,0.016927897930145264
Gaia,DR3,4880111205162612736,73.5140356715911,-28.122777845627994,13.883500099182129,2.1100692749023438,3.240327963018271,40.28829623056485,72.82714952038313,25.969621727409198,45.95199203491211,1.6922416687011719,9.452243837257392,nan,,,2.1147749423980713,,Gaia_DR3,73.8165055617416,25.34572749225839,73.34303036058091,0.025215523317456245,31.785112281736794,0.0280469860881567
Gaia,DR3,4882293800166836224,61.05894339802303,-34.07932609534772,18.301225662231445,3.3780384063720703,3.571047301088342,34.87943679152797,63.22727593328745,17.33392563946706,,,9.497818457915084,nan,,,1.4041259288787842,,None,84.91292564892731,21.002703156388137,92.06206280946448,0.1689426153898239,20.8867191867547,0.19440338015556335
Gaia,DR3,4899220717253183232,66.0377952743148,-21.782855949270125,14.829705238342285,2.9065065383911133,4.929196724773809,31.51087365581522,61.41105318885022,22.513411733730383,119.44863891601562,7.510326385498047,8.5515086020492,nan,,,2.4142632484436035,,Gaia_DR3,72.9968478109767,14.228005546607015,71.98506279290365,0.042262643575668335,23.056295344249122,0.04647484049201012
Gaia,DR3,4895805909015266560,63.90406443354496,-25.751700330244244,16.13454246520996,2.7215633392333984,4.9004515493371645,31.612842729226195,64.86020574454342,20.54165569289087,,,8.081726799146608,nan,,,1.0119152069091797,,None,70.45166566497443,14.94249865099922,74.33272172261294,0.026381973177194595,7.55045712867861,0.03869573026895523
Gaia,DR3,4895051678399490432,71.17940322238802,-23.211609370747368,9.861773490905762,0.696629524230957,1.9880958306531444,36.44887841489796,73.29965869656478,25.55448517047037,57.0716438293457,1.195391058921814,8.140981729374248,nan,,,13.073914527893066,,Gaia_DR3,65.54496969486271,16.89440513368854,68.83661780401708,0.11246165633201599,15.99629451841246,0.1622159779071808
Gaia,DR3,5054966711126203904,50.91945852176905,-31.28586681866005,11.464861869812012,0.9963006973266602,3.276351410628454,27.428574825555295,67.36955877376667,11.17814070240177,55.40953826904297,0.3435356914997101,7.124063243056279,nan,,,0.9906518459320068,,Gaia_DR3,68.04859492380999,8.395978783697466,70.25447452692933,0.012467686086893082,12.794325126602974,0.016462836414575577
Gaia,DR3,4899698248897287936,67.1511260636679,-20.637637828236606,16.504467010498047,2.727938652038574,4.205869993663979,32.04142346521615,69.1908880989928,23.398130518426992,,,7.684864073656834,nan,,,0.9786993265151978,,None,64.83597341054741,12.50075065520106,58.233973523409055,0.044533807784318924,14.186033052304811,0.050234872847795486
Gaia,DR3,114793038325183488,41.788681290220666,26.652561036932923,19.033763885498047,3.541614532470703,4.443892144847384,34.01125899650991,71.5817925929897,4.105359212069552,,,7.814342048487719,nan,,,1.022972822189331,,None,76.95408155313886,-5.297253043670505,72.01291998945791,0.34195297956466675,0.10425086404396194,0.32450732588768005
Gaia,DR3,4897956897356663936,66.94693564055083,-23.676992679259513,11.984824180603027,1.1528863906860352,2.853453273179103,33.057481246205676,73.61561578480669,22.825678284358936,2.399217128753662,0.4213534891605377,7.442905300077764,nan,,,1.4445521831512451,,Gaia_DR3,62.93193549448296,13.948023791596786,59.916677325661944,0.011566583067178726,10.638437712896138,0.01759016513824463
Gaia,DR3,5061960120475760384,50.8074497598648,-25.308557774663317,15.113212585449219,2.6827478408813477,1.9990563831374402,22.4274143335977,47.02349758039672,11.619103867037179,35.35747146606445,2.8480422496795654,13.609069794407114,nan,,,1.0469175577163696,,Gaia_DR3,130.0626076274396,12.501207444900817,134.99005347421513,0.017903629690408707,9.566548216383065,0.023143423721194267
Gaia,DR3,5085082953087235200,53.08790000970147,-25.27267057084566,15.842947959899902,2.6910886764526367,1.5592111587683224,23.732686567638975,68.04575799727144,13.243150144934953,,,6.673105431669491,nan,,,0.9753101468086243,,None,63.03209069103631,7.1971413321827065,61.31684188168849,0.03069804422557354,5.830003205234626,0.036193158477544785
Gaia,DR3,5085082948790296192,53.08728050717575,-25.273918337936152,19.035022735595703,3.5283660888671875,1.5523952566929242,23.73322589714249,67.20561416734125,13.242600996315213,,,6.721627943078259,nan,,,1.048220157623291,,None,63.49063639106664,7.249590137175132,61.51234827657237,0.18897579610347748,6.287738067317819,0.22739648818969727
Gaia,DR3,5086115841183502464,52.08502783210349,-24.434190391669947,12.30661392211914,1.4476432800292969,4.178989806365351,22.500169382763318,45.266713456680485,12.601056409744105,4.158039569854736,0.5188145637512207,8.476769499453637,nan,,,5.2774658203125,,Gaia_DR3,80.49980018387164,8.213632231741558,79.6528484662276,0.04573225602507591,15.633254239822602,0.04231619834899902
Gaia,DR3,3256357381064775040,59.750874681571666,-0.9366401378680955,9.926284790039062,0.6998357772827148,3.5338949817755205,23.346214063431482,51.507490248084444,19.27243512542859,30.298322677612305,0.2677682638168335,7.87329254528214,nan,,,1.0918675661087036,,Gaia_DR3,71.13795014364706,-1.1883983900125088,76.91762005438571,0.01744857244193554,-0.18893887718224844,0.015316754579544067
Gaia,DR3,3256449121567079168,58.77092580776284,-1.0353369399726324,17.28034782409668,2.8409900665283203,4.905942228214883,22.377164958944803,57.09259590082374,18.538411461342797,,,7.234425467800198,nan,,,1.0516421794891357,,None,65.85864256635142,-1.061579215587674,71.68165447115557,0.09935562312602997,-5.75975729044051,0.08464181423187256
Gaia,DR3,5097311549612302464,59.570096712287224,-16.98695627293742,15.260716438293457,2.5483694076538086,4.425101044082008,24.031230500299348,51.685548898627104,18.589674784808135,43.28933334350586,7.678073883056641,7.990959419568303,nan,,,6.2442169189453125,,Gaia_DR3,72.30317910812578,7.756400083525573,77.3748815559932,0.12486699223518372,2.2932415581703838,0.13136446475982666
Gaia,DR3,5107303636407625728,56.778860410438185,-18.254775555396062,13.486346244812012,2.022000312805176,4.54053732850817,22.144345984208915,41.56328754715182,16.47816066473526,-7.07802152633667,1.6864005327224731,11.625782821468805,nan,,,1.0267592668533325,,Gaia_DR3,107.35050264358733,10.668471290444284,100.55665131943427,0.016367396339774132,19.48198638420421,0.014297635294497013
Gaia,DR3,5107564529901945856,56.46465876856268,-17.495573743107855,12.722169876098633,1.3955678939819336,3.086128613483884,21.531073703782734,65.69153288033866,16.30517248951293,51.49006271362305,0.7754519581794739,6.608399220936152,nan,,,1.1008238792419434,,Gaia_DR3,61.14996500460595,5.658626385831321,58.33700589752536,0.017394427210092545,8.910021361948893,0.012971765361726284
Gaia,DR3,5152392164424835712,45.65735388149147,-17.808969701653123,18.056623458862305,3.3235912322998047,3.8955065725254743,13.572681666694313,43.73903135654928,8.168609752938575,,,7.2070244243976616,nan,,,0.95891273021698,,None,70.28738532756262,2.343914332186298,68.32878932919749,0.14864449203014374,7.92893699185063,0.16283734142780304
Gaia,DR3,306941388292403584,18.277996542267093,27.05175804413723,13.979349136352539,2.564512252807617,4.104105912002213,38.7028909509458,72.61906203008319,-12.880424795807448,5.780740261077881,1.4511736631393433,19.10300820130985,nan,,,1.1783603429794312,,Gaia_DR3,180.7214049939648,21.843394412543955,167.7910902609344,0.02280864492058754,11.5491808298304,0.015409751795232296
Gaia,DR3,4861376931477685248,52.508877500479855,-34.60797636519228,18.458324432373047,3.4711685180664062,1.7323693982855666,30.965395507238576,70.386730309313,11.865380155563082,,,7.390268934726605,nan,,,0.9886806607246399,,None,70.02568856205637,10.812741821933505,68.69785448546313,0.11545082926750183,8.46304091201166,0.16038784384727478
Gaia,DR3,4860274881526032384,54.73327215357376,-35.743795345643925,17.393278121948242,3.727468490600586,3.8893538563814856,32.89386354191053,57.39210858145857,13.132195799926292,,,11.314795803747852,nan,,,1.062745213508606,,None,105.8616653301692,19.529320621838536,96.72662043171968,0.06680038571357727,17.91165976510709,0.08788462728261948
Gaia,DR3,5106474295401562240,48.61631711844651,-16.264164791317867,18.034364700317383,3.1781749725341797,4.8601448585705525,14.503910656939794,46.09337013003518,10.487667982987189,,,7.140511127876471,nan,,,1.0403989553451538,,None,68.9044778707271,2.991874331514598,70.32778231509843,0.18472012877464294,-4.184274043230346,0.16084805130958557
Gaia,DR3,5179322850616143360,46.11077863662354,-8.462173140821529,10.861464500427246,1.3457517623901367,4.881762070130032,8.98281107907112,33.657273580215694,8.672176201749243,26.121227264404297,0.18724487721920013,13.325403105180175,nan,,,1.157318353652954,,Gaia_DR3,129.77005623421456,0.6982388890606188,116.28667084903056,0.018657511100172997,3.1999118992413753,0.022065376862883568
Gaia,DR3,5181462805186413696,47.50219028564764,-6.782298367014907,18.00471305847168,2.597715377807617,4.277083008350291,10.274808509780584,70.57110262376551,9.786364617711126,,,5.814339671689429,nan,,,0.9881202578544617,,None,56.349960011006075,0.15472765013851486,53.3237270679972,0.12896448373794556,4.435596765217969,0.1300690472126007
Gaia,DR3,4889546698555786880,63.11787341060712,-27.365198407309748,15.350157737731934,2.9574670791625977,2.3814417255196756,31.905991831528006,56.29777523525403,19.781285355245167,32.37449264526367,3.417093515396118,12.100000793263414,nan,,,1.1202198266983032,,Gaia_DR3,106.25200163973027,23.171716937662953,102.7613959806134,0.022255467250943184,28.14326236834799,0.0270115714520216
Gaia,DR3,5060697056494141312,51.4023930202748,-27.27248358288027,7.156437397003174,1.108654499053955,4.164005480154191,24.315435688338738,60.44875541944419,11.880585675551547,20.804943084716797,0.25850245356559753,7.232647606342142,nan,,,2.9503238201141357,,Gaia_DR3,68.92317528554507,7.575908449223686,70.07416434172836,0.03050539828836918,1.3321900896822156,0.03719828277826309
Gaia,DR3,5082607780612247936,58.466225490725755,-26.270467786316345,18.416772842407227,3.6512279510498047,3.813554920487486,27.936077727364676,53.90044062657369,16.859749357739382,,,8.720329176225428,nan,,,1.096743106842041,,None,79.56565828328381,13.194407861441963,72.969516382925,0.0950847715139389,15.569107630136216,0.15355931222438812
Gaia,DR3,5089732306723574016,62.881878786339165,-22.52858692795008,16.804243087768555,2.878641128540039,4.675662696521106,29.200715558989373,57.15510228556105,20.317720990577943,,,8.553049686366128,nan,,,0.9969992637634277,,None,75.26659644051558,13.193026319489254,70.31336925440036,0.04948535934090614,6.371034493467612,0.053908560425043106
Gaia,DR3,5086236645725193344,51.791457436985105,-23.725695237580307,18.91311264038086,0.3731193542480469,2.2762107221356827,21.79527336349291,40.40814513883262,12.445564093485537,,,9.27802374880536,nan,,,1.0324755907058716,,None,88.24187115057367,8.502583518969553,84.08098181647932,0.184841588139534,10.086148465757883,0.26778197288513184
Gaia,DR3,5098407483530458112,50.50172343751411,-23.244581028055347,19.2518367767334,0.5532150268554688,3.8127880477593434,20.65108603704354,49.411936575134796,11.546115309024696,,,7.614488185863431,nan,,,1.0535176992416382,,None,72.87701784603425,6.164553548628339,69.30702207497367,0.28565943241119385,11.13582537748799,0.2787746489048004
Gaia,DR3,5105122411495395200,50.089475350505055,-18.559397775754057,15.819466590881348,2.3087005615234375,3.5603046307625537,17.047948501129827,74.25475269145646,11.511248073950782,,,5.93417507706674,nan,,,1.1056116819381714,,None,56.90274073738315,3.477380590346666,58.56896529843226,0.03993372991681099,-0.6530880490367317,0.04269436001777649
Gaia,DR3,5106316584202681216,48.164556289935746,-16.989287435121728,14.404303550720215,2.170010566711426,0.639832484553541,14.634541404211285,27.107501670291512,10.116436412711407,18.925003051757812,2.2918317317962646,9.3515656831155,nan,,,1.1186610460281372,,Gaia_DR3,90.40314918923814,3.9717323219425857,90.14877577514783,0.02106196992099285,5.207185368194952,0.02081163600087166
Gaia,DR3,5179768358983289472,46.84215808203005,-7.589557066063851,17.474590301513672,3.257138252258301,4.258581973683082,9.621891316735365,47.55701991033041,9.258378368102216,,,6.7410620489458015,nan,,,1.0808721780776978,,None,65.48643326204103,0.2759187505819334,70.76513384403758,0.1302298605442047,-2.6837461750721667,0.13916456699371338
Gaia,DR3,142425411158016,45.70595322769259,0.6905444429402853,13.19002914428711,1.7234220504760742,2.0850555859651205,11.526168289311517,30.977191972161283,8.27490130308188,2.3642683029174805,1.792176365852356,7.923291954491863,nan,,,1.0471715927124023,,Gaia_DR3,77.2611496363046,-1.8891757111467982,76.8483981861142,0.015768999233841896,-5.347318842140403,0.01781696081161499
Gaia,DR3,42785192892654592,56.306262775878416,14.582457833865671,18.507843017578125,3.427461624145508,4.796250988216929,28.795218787284615,71.17081658796862,15.854081087913801,,,7.024898093660827,nan,,,1.035727858543396,,None,65.07244238081384,-7.689974504387511,58.05659942664542,0.24069814383983612,-6.581568396424901,0.17978009581565857
Gaia,DR3,5165101939021784320,53.813528568545934,-9.213061944683533,14.222317695617676,2.2562255859375,3.1528387179050994,16.627985557048344,31.96966953873009,14.699334272646794,24.863525390625,2.303037643432617,11.00310280711453,nan,,,1.0007095336914062,,Gaia_DR3,103.50738686798384,3.1109004573317236,108.42606839601535,0.021205687895417213,-2.3010917180501975,0.01942107267677784
Gaia,DR3,92633446618999424,30.254418099328547,18.002684531046256,13.143498420715332,1.7641382217407227,4.697923608411322,25.972820850083068,48.79239764333876,-4.433683566896375,17.187746047973633,1.9742223024368286,9.053276028411458,nan,,,1.0634832382202148,,Gaia_DR3,89.30599922910474,0.6823647542333049,96.81717195428277,0.0163910910487175,-4.213861051314387,0.015415479429066181
Gaia,DR3,327565134054580864,38.33811243492917,36.68715903867193,15.848105430603027,3.203738212585449,4.35797814063279,43.76187016773625,73.09318951062664,1.2220397150448195,,,13.036493528568526,nan,,,1.1696199178695679,,None,128.99394935772995,-6.037662689333935,125.22089060935681,0.06324946135282516,-17.404516084290343,0.07744690775871277
Gaia,DR3,42419227319401344,54.227513236959396,15.656072246787028,18.318180084228516,0.3867988586425781,3.1947044432997616,28.319185049703503,63.622002835045386,14.209805123322107,,,7.564113949388147,nan,,,1.0484622716903687,,None,70.98482910727292,-8.062198355592013,70.2713606575994,0.24175208806991577,-3.0181600673111872,0.1695556938648224
Gaia,DR3,5179727363521102848,46.26989441449317,-8.020426047891991,20.095678329467773,2.653535842895508,4.7112698003612525,9.086096079930616,70.69261804272811,8.800751807025462,,,5.778855611258729,nan,,,1.0923467874526978,,None,56.248273465846815,0.24309129256052486,54.41265711257788,0.698932945728302,-5.194916427276745,0.7072184085845947
Gaia,DR3,58911077102563968,46.949999136208525,18.20824473821249,19.24500846862793,0.9482593536376953,0.7265949802920807,27.054601564050405,52.28021370759104,8.50241036705494,,,8.72012860297248,nan,,,1.0527000427246094,,None,84.68017552217793,-7.140228962763672,85.91685394571323,0.4304138123989105,-7.644908847902592,0.3906991481781006
Gaia,DR3,59573983830307200,49.5912147796413,19.987580360289463,15.988292694091797,2.754481315612793,2.701743255341517,29.687145498291372,64.58920655751402,10.362064870922177,,,7.712816308254271,nan,,,1.0583345890045166,,None,74.12222590310202,-7.916178065029154,69.77913455472537,0.06931465119123459,-8.57562197408827,0.057684093713760376
Gaia,DR3,59759870014563712,46.17769652625039,18.91337224994197,16.52828025817871,2.912731170654297,1.5755809852091642,27.454520592175847,49.73593024924382,7.866213474560711,,,9.63677369913897,nan,,,1.1445382833480835,,None,93.82765096238208,-7.693495328692833,94.29587285952586,0.08785492181777954,-10.859902191257286,0.07963481545448303
Gaia,DR3,29085415449551104,43.65610826144162,13.230038182578378,19.288698196411133,2.8314876556396484,2.1779200255186786,21.293248646535954,69.0168676837475,6.217419929892738,,,6.417404602372593,nan,,,1.0020852088928223,,None,62.93830222573958,-3.411841210647605,61.59273901927977,0.47021055221557617,-0.7906257135724302,0.42270854115486145
Gaia,DR3,8330381128785408,43.578949824310335,7.539146814805423,17.562376022338867,2.742280960083008,3.4926598972991627,15.94335497482947,55.4041880553689,6.3746186249949,,,6.720327444798793,nan,,,1.0033622980117798,,None,65.92179550441216,-2.6696131140729236,68.37155578186919,0.144131138920784,-6.96871999543495,0.12243399769067764
Gaia,DR3,5169998029940119680,50.50628593418294,-5.794881944696634,16.972434997558594,3.1028385162353516,3.2826772499189114,13.326416500922889,28.252467251500708,12.169199108074526,,,11.29729593438377,nan,,,0.9623293876647949,,None,108.12226587007751,0.4748122445997822,109.91650060435843,0.07504882663488388,8.084107645327656,0.08125540614128113
Gaia,DR3,5179571439028158336,45.208360392462126,-8.161270286602054,18.31608772277832,3.059873580932617,4.424098227731263,8.057161196797649,43.47922780113928,7.952585958842969,,,6.872311320871047,nan,,,1.0149322748184204,,None,67.11470582905093,0.1442187099341119,62.42554509508419,0.16129256784915924,4.5137115002031996,0.16524194180965424
Gaia,DR3,77531035935986432,31.548492128538378,14.725418057172218,13.58251667022705,1.8888483047485352,1.7883404793037567,22.484410134747158,60.40058699420804,-3.4244003791659896,34.001708984375,2.458003044128418,7.016013129323287,nan,,,28.241453170776367,,Gaia_DR3,69.33640759234152,-0.24490135626447085,69.69827308177335,0.5412436723709106,2.375266415889432,0.41112715005874634
Gaia,DR3,77976681742724736,28.781406228699822,14.104755337144407,15.638876914978027,2.372694969177246,2.8962385117950187,22.738301772250278,60.241331065135384,-5.612165438590031,,,7.055090435677421,nan,,,0.9848270416259766,,None,69.40636659344086,0.5174211078822175,65.11653111450823,0.04922637715935707,0.12739763961891526,0.04611440375447273
Gaia,DR3,77997091427275008,28.81498707616014,14.299916363567094,13.875773429870605,2.45181941986084,3.277790884558644,22.90735962782503,49.0778985595819,-5.584461632741235,35.79163360595703,3.177553415298462,14.170073633443705,nan,,,1.472222089767456,,Gaia_DR3,139.41160474012352,1.07618897442201,149.07198272044056,0.02669115737080574,2.6726074551954166,0.027455277740955353
Gaia,DR3,89663493913731968,40.16924124113288,22.97632230063843,15.338887214660645,2.665553092956543,2.7997067252667938,30.181316331497122,57.73399455531894,3.086438311010948,,,8.775850530703607,nan,,,1.8233221769332886,,None,86.65568625694208,-4.494641951209751,81.4803809277629,0.24549052119255066,-4.704596839273705,0.2274489849805832
Gaia,DR3,97221605562400512,27.472802514198822,20.959343723866976,13.443743705749512,1.9258298873901367,3.9392386886976474,29.589987274911902,58.7411390047509,-6.52378189375119,24.859539031982422,1.9377514123916626,8.412715194249204,nan,,,2.1839771270751953,,Gaia_DR3,82.51675326184709,2.4764436860500894,75.82616150419176,0.03310235217213631,0.465797643623766,0.02888835035264492
Gaia,DR3,121663714688617216,48.11931211744978,28.084648288066077,17.407817840576172,3.5062599182128906,4.511811814102391,36.70594968246449,63.514205769717094,8.537716596840337,,,12.811294821040981,nan,,,0.9612868428230286,,None,123.87079327639424,-15.468724792413816,114.79895181251348,0.1327853798866272,-7.333455714256191,0.12537138164043427
Gaia,DR3,82270068490679680,37.80232870863862,16.220342005690195,13.545452117919922,1.7519035339355469,0.8916474385925648,23.289809858335694,65.21049322411267,1.4913216779994496,21.81583023071289,1.74747896194458,6.7966393391119775,nan,,,1.1558446884155273,,Gaia_DR3,67.2794070318034,-2.1607103994580825,68.46657998742175,0.023329874500632286,-1.6887354652298805,0.023164920508861542
Gaia,DR3,96826571650271232,25.25284006610395,21.932254505337745,16.158096313476562,2.80985164642334,1.7095751170518965,31.25283378295502,58.330230546803755,-8.165320666725545,,,9.070054610167015,nan,,,1.0198397636413574,,None,88.40903738114561,4.165125903270376,90.24703731764482,0.05323169380426407,1.4620052448815215,0.05257055535912514
Gaia,DR3,98504220235840768,26.397861113500294,22.965918239094332,17.499048233032227,3.2515602111816406,2.132456598677108,31.81720319199565,59.36655423350663,-7.2730087579958465,,,9.066191322592358,nan,,,1.1358802318572998,,None,88.67428451787076,3.754102480627324,86.19825866475702,0.16375227272510529,6.991413280543357,0.11272096633911133
Gaia,DR3,130728019828325248,36.372637664147696,28.188640815233583,14.417943000793457,2.572150230407715,1.880099000121588,35.25741435553903,63.237547136009525,0.11393828490413949,-19.75092124938965,3.2342946529388428,14.362786185405573,nan,,,3.7550201416015625,,Gaia_DR3,142.27192041609047,-3.727292927062855,147.87954442672986,0.08736956119537354,-4.707219316196979,0.07928257435560226
Gaia,DR3,133713881095510144,40.153520880373975,32.37318326128992,14.628707885742188,2.7079858779907227,4.241151893781313,39.5372137590186,67.31790582258256,2.6377699101257983,-28.739280700683594,4.596759796142578,12.659746795795352,nan,,,1.2217212915420532,,Gaia_DR3,125.00935011854526,-7.724224633650813,135.47698349967243,0.040633607655763626,-12.03046989589115,0.034835994243621826
Gaia,DR3,288567685703597440,22.098885194371636,20.742937043508903,14.529266357421875,2.2138280868530273,3.008662628916673,31.494546267203315,60.612628443262686,-10.5743418845552,21.542678833007812,3.5687615871429443,8.6858004328299,nan,,,1.1181329488754272,,Gaia_DR3,83.68979936708295,5.318825505142547,87.34014352337367,0.02691911719739437,1.1927704276955218,0.02074955590069294
Gaia,DR3,128626028473800960,42.94139691585075,29.05033647283479,16.323301315307617,3.101287841796875,1.8784586040163955,36.53849845031511,62.92864966528827,4.7874086034934695,,,11.958363948432654,nan,,,1.159890055656433,,None,117.48039396294868,-9.681722341445678,119.37223913690352,0.08356630802154541,-5.340551452284254,0.07968834042549133
Gaia,DR3,309309495820742784,21.81158186416214,30.182842694565437,15.485000610351562,3.1706972122192383,2.608313225365109,40.04925971917203,71.83836789880223,-10.152901952668751,,,17.325955025301017,nan,,,1.1136258840560913,,None,166.7376145812945,17.225439157197236,167.80495306837287,0.03843825310468674,7.75859159617093,0.037380240857601166
Gaia,DR3,309921747706324224,17.41819273093063,29.532146500209514,16.367633819580078,3.298015594482422,1.579231073962986,41.22188254784676,70.51297668559543,-13.217935385050541,,,14.61728511988063,nan,,,1.0784149169921875,,None,137.62441328833458,19.437813107505765,142.04854749022823,0.06443347036838531,17.410884685460815,0.04866628721356392
Gaia,DR3,294391803091197568,18.352543549423814,25.491861355673038,10.613122940063477,0.9459123611450195,3.9664221429644972,37.336076847097345,70.58211621861118,-12.970528763245895,-44.01490020751953,0.7548815608024597,8.803757640323452,nan,,,2.431650161743164,,Gaia_DR3,83.32035350193703,9.365133362830884,87.37173779472819,0.07070880383253098,15.511349446793606,0.04598522186279297
Gaia,DR3,5562364901048192,43.36271918802595,5.252534101460909,14.218066215515137,2.3369293212890625,4.779286370332564,13.783539624609377,31.61025609470068,6.269876215371735,29.03791618347168,4.261009216308594,8.213866202101231,nan,,,4.817244052886963,,Gaia_DR3,80.61475063829997,-2.7917790453658142,73.80166657880667,0.09309452027082443,1.9059042150092205,0.09010961651802063
Gaia,DR3,302812584691362432,26.532014399394757,30.7554989911519,15.502524375915527,2.575547218322754,2.5108321756462533,39.161941236688314,67.6842481556061,-6.846541898972743,28.445100784301758,10.17505168914795,10.726417877904419,nan,,,1.1118364334106445,,Gaia_DR3,104.95181822044927,6.505429117690657,108.3619802577413,0.040775690227746964,11.044787594093824,0.03524797037243843
Gaia,DR3,309921751998641664,17.413815581866935,29.52029065586989,14.022451400756836,,2.2601146177003817,41.213612641632714,70.54315847736825,-13.222206544313446,17.610483169555664,5.842021465301514,14.671165253754,nan,,,0.9709309339523315,,Gaia_DR3,138.1282503899111,19.506196328996197,136.38621351844193,0.06681623309850693,12.7365967126978,0.05039137601852417
Gaia,DR3,4963027984651520,42.519143048694154,4.008460404815787,15.543810844421387,2.237691879272461,4.855256608071374,12.295681841708802,63.368901959590964,5.619390531353012,,,6.154216121468952,nan,,,1.0319063663482666,,None,60.5159829365672,-1.8522888187298356,55.09684180569715,0.03792642056941986,-5.063387806325621,0.03603960573673248
Gaia,DR3,311623795998396928,14.692186097520775,29.78989781365703,14.357246398925781,2.4830846786499023,4.38567559412943,42.70523226977891,71.90674645605908,-15.017297653968434,-0.45456716418266296,2.401282548904419,11.982075097085545,nan,,,1.0591500997543335,,Gaia_DR3,110.92971432712689,18.72857164911448,99.96781951486342,0.033944271504879,17.129167993042323,0.020239491015672684
Gaia,DR3,76699530267534336,30.818876183871115,13.129893339898699,14.837362289428711,2.4571800231933594,4.645639288549564,21.14900776263319,42.78034254599018,-3.9991693008215847,39.4756965637207,5.010109901428223,8.477385037382268,nan,,,1.667538046836853,,Gaia_DR3,83.69729858000065,-0.22407587677131247,75.53433093297393,0.045577455312013626,-1.7387486638524905,0.03675074502825737
Gaia,DR3,100961078968423168,34.97512223833718,23.416326404995726,15.093578338623047,2.599734306335449,2.758501017832089,30.55139675372299,61.85521688869906,-0.8352053292464152,23.306594848632812,6.0067524909973145,8.218611903808979,nan,,,3.137625217437744,,Gaia_DR3,81.41483024413746,-1.3197911828511302,77.86133718771185,0.09557369351387024,-4.5157655662955385,0.08470253646373749
Gaia,DR3,85588325864053504,36.50739111874253,17.22112494080196,13.836238861083984,1.8126792907714844,4.396410346278356,24.290241790778666,59.918011664131875,0.4513913107071499,54.13877487182617,3.627373695373535,7.269687650678563,nan,,,1.8409687280654907,,Gaia_DR3,72.00791291546156,-1.868999826640401,67.28505106269208,0.03691662475466728,2.936189199836095,0.03076961450278759
Gaia,DR3,105999178685741440,34.19949770261409,25.65530848252638,15.894759178161621,2.8288660049438477,4.448581530145565,32.84194763675661,64.08438740713035,-1.4372859381386576,,,8.513415778962706,nan,,,1.0225305557250977,,None,84.31619779546202,-0.8132476826875994,84.42737155500228,0.05343089625239372,-8.79640336193732,0.04243841394782066
Gaia,DR3,132359282767213056,36.815602192191086,30.79831985477974,13.63699722290039,2.0113401412963867,2.3882757661629763,37.860388261477475,66.9966725104173,0.3696240802954742,61.8786506652832,3.2187771797180176,9.97739881857304,nan,,,0.9615786671638489,,Gaia_DR3,98.81801251670487,-2.9886741451875736,99.54620384320083,0.019301827996969223,-7.95896032744201,0.016680162400007248
Gaia,DR3,23311815467919360,38.145357144806795,9.588299260675592,10.068561553955078,0.9285039901733398,4.900951970762099,16.678143266665575,32.59760489885519,1.9323769202177026,45.82103729248047,0.44272151589393616,11.200571045675307,nan,,,1.266378402709961,,Gaia_DR3,110.84538840784133,-3.240530991361908,101.60844841492369,0.021912086755037308,3.7302852378921796,0.01738351583480835
Gaia,DR3,129374933332641664,43.91288746670825,30.46752792302066,8.6156644821167,0.5843896865844727,3.58385684586028,38.08359554152283,73.8488402043179,5.370847648537384,24.90544319152832,0.30879533290863037,8.48239928283693,nan,,,0.9504461288452148,,Gaia_DR3,83.136614386173,-7.792894135609501,77.34933614701214,0.021036140620708466,-10.545546184562358,0.019174771383404732
Gaia,DR3,35456264994189184,43.36605591845893,17.972016785260216,14.68364429473877,2.2863874435424805,0.8961387087096943,25.772657864456868,58.43015203645977,5.763833975574961,30.436126708984375,4.13878059387207,7.618516603946344,nan,,,0.9861077070236206,,Gaia_DR3,74.7711110550017,-4.745839973830325,73.33286471491954,0.033470407128334045,-4.692035226654669,0.027856778353452682
Gaia,DR3,293736524225526400,21.23718130585824,25.0675119970991,17.187349319458008,3.4917421340942383,4.093770805647545,35.66997041804764,62.41533442774076,-10.946436384410358,,,13.170702724468832,nan,,,0.9415175318717957,,None,126.43241843617568,11.06476528186175,116.17802008348352,0.1303429901599884,6.161412746491283,0.07345786690711975
Gaia,DR3,73521765569496448,31.94808844634051,12.062785759138102,18.420839309692383,3.1957664489746094,2.242779730560231,19.812094441190116,60.32326439697146,-3.0934240421692074,,,6.75859772919436,nan,,,0.9554440975189209,,None,66.82336461262493,-0.5598393554168553,69.48192273087739,0.22705084085464478,1.213036023449227,0.1941506564617157
Gaia,DR3,310799024838619008,14.58067547626905,27.972128047305112,13.229379653930664,2.321223258972168,4.149004486242267,41.26503782721876,73.10767531923602,-15.320186064015665,2.254246234893799,1.250121831893921,17.43176046060908,nan,,,1.0847301483154297,,Gaia_DR3,161.2628250370125,25.628570810261184,147.70938017931917,0.015455026179552078,18.645259032586942,0.012586337514221668
Gaia,DR3,98753362698701184,28.337487277422014,23.444749736684933,11.649608612060547,2.116532325744629,4.717441629507166,31.699102221692428,73.78469352525485,-5.812680286902294,16.829614639282227,0.4437345266342163,24.1994120150914,nan,,,1.3066742420196533,,Gaia_DR3,237.8425097242019,7.134350716889344,217.1367856087096,0.030752403661608696,-5.131129205568067,0.02461034245789051
Gaia,DR3,326722220953267200,36.930052103084755,33.90468593848953,15.995279312133789,2.917119026184082,1.9229848004659347,40.96591111840069,74.18982163943875,0.36996910450222753,,,9.404611203902073,nan,,,1.07607901096344,,None,93.14069223087935,-2.9564808630203103,91.2343538282882,0.060561999678611755,-6.258132958056204,0.06116986274719238
Gaia,DR3,7052581113923968,44.46063928785066,5.723366465939867,17.874679565429688,3.0421829223632812,3.4276287602907565,14.716218956568158,72.20211112730945,7.1422892464656265,,,5.9089277739764245,nan,,,0.9491678476333618,,None,57.82970813047996,-2.1831872617437966,62.091308842139384,0.15414124727249146,-1.9208977362473574,0.13260653614997864
Gaia,DR3,101402876484170240,36.16634221633821,22.43387522788165,8.325896263122559,0.693748950958252,4.1033790706858095,29.510448328781305,53.85753114169716,0.08043788448472,32.85443878173828,0.23962745070457458,12.7965668124632,nan,,,0.9125596880912781,,Gaia_DR3,126.7633906241065,-3.099093799000464,135.16518194916955,0.022246651351451874,4.108044072794259,0.02134857140481472
Gaia,DR3,102314195529969792,37.28985208326168,25.17344651956503,18.79185676574707,0.2724037170410156,3.6977703626994374,32.23437938203344,74.19489893351266,0.858697602146032,,,7.265568117053265,nan,,,1.0149580240249634,,None,71.94382082365881,-2.363683347748495,71.62568594835332,0.2714932858943939,-8.018448953406677,0.24576489627361298
Gaia,DR3,73668756530042112,32.619821948570106,12.72194737077426,17.026538848876953,-0.1869354248046875,3.792239186181577,20.289616613147395,63.271462540353426,-2.5615419558624772,,,6.635769260867853,nan,,,1.082560420036316,,None,65.65272885195748,-0.6692634948749969,60.90984833225589,0.10102081298828125,1.7071185340071493,0.08534079790115356
Gaia,DR3,78016607758711680,29.453832700625554,14.517274422891335,14.071379661560059,1.8908414840698242,4.105156720286671,22.890252130715073,49.11331784270267,-5.079316476092066,3.158963203430176,4.164066791534424,8.04930930402419,nan,,,1.1506855487823486,,Gaia_DR3,79.29196336834848,0.4258139560830614,76.52629049759486,0.02597423456609249,-5.96757008345765,0.021138310432434082
Gaia,DR3,291395565186039936,26.430209071199517,24.886104910690705,16.486845016479492,3.0447168350219727,4.814925799002526,33.61121258404528,59.46206240535757,-7.17940522286041,,,12.92969724529482,nan,,,0.9880626797676086,,None,126.4737982650841,5.985530973634564,114.0757841861198,0.065533846616745,1.6807620830458847,0.0599391795694828
Gaia,DR3,298797060851843456,26.95500348971942,27.585823191112837,19.093032836914062,3.8563613891601562,3.974990404170082,36.0238357427562,74.34081706379713,-6.691366367334528,,,7.92024992061239,nan,,,1.0855566263198853,,None,77.58367561028726,3.8985946677866927,83.38355200183443,0.4241468906402588,0.6721292234539112,0.3494153320789337
Gaia,DR3,98480683815006464,26.403086644231923,22.948100769305185,12.001202583312988,1.383448600769043,1.8391182693127945,31.7988311421431,60.140174831104,-7.269724803490332,14.38554859161377,0.5582481622695923,8.886431990197686,nan,,,1.1937307119369507,,Gaia_DR3,86.91737624761626,3.672337561322731,86.26958031824716,0.021865641698241234,7.056200148565348,0.013169128447771072
Gaia,DR3,126357353732950656,40.186825183826485,26.19590904885328,12.126020431518555,1.4809761047363281,3.921414638055123,33.38653056446751,60.08600877570244,2.958100043276172,33.51163101196289,0.8606770634651184,9.674969427742452,nan,,,1.2481791973114014,,Gaia_DR3,95.53150931192762,-5.314037524356394,91.16894190663645,0.02021855302155018,1.3894451521636835,0.018926722928881645
Gaia,DR3,311899773416896000,12.455422093878527,29.056132067040902,19.231502532958984,0.9484481811523438,1.5159188546160607,43.24374080631959,73.60701967961398,-16.59711936662945,,,11.079110703086641,nan,,,1.0708643198013306,,None,100.9673578378678,18.796073860473232,97.42751401014856,0.2765030860900879,18.867366934958813,0.1987014263868332
Gaia,DR3,18973932858696832,40.30921104197482,7.405533643488479,16.74365997314453,2.810060501098633,3.7164499695169617,14.804177413022364,73.33628716245744,3.738263652986344,,,5.870182885433033,nan,,,1.047886610031128,,None,57.95251508918186,-1.8884572090853204,53.82320779016804,0.07484465837478638,0.13648330316851803,0.07075429707765579
Gaia,DR3,128759786639467648,41.36593390943874,28.940327560710855,16.642139434814453,2.7989912033081055,4.820476408524659,36.22884435433088,73.6657979992936,3.672258121214563,,,8.044533429307922,nan,,,0.963018536567688,,None,79.28279365240451,-5.444093272723311,80.8941678964377,0.07625497132539749,-13.458602940181402,0.06352214515209198
Gaia,DR3,77977162779029248,28.798192776200118,14.124250030353755,15.999638557434082,2.9402570724487305,2.973819458836779,22.750306030581395,49.36218428046853,-5.598796308981068,,,14.333270227805338,nan,,,0.9778248071670532,,None,141.01232594980235,1.0468957101204381,149.30070274006357,0.06188477948307991,4.517536480044372,0.05428815260529518
Gaia,DR3,80780500818124672,34.31366673652674,18.707321302432078,16.007776260375977,2.751462936401367,3.5632152898243064,25.919931650768856,48.94219091129497,-1.2833404855290027,,,8.991247160306651,nan,,,1.0400336980819702,,None,89.0525808742358,-1.2392693452270933,86.61244772744325,0.05474112182855606,-7.536938637376662,0.053824532777071
Gaia,DR3,292281702838488064,25.298350493643685,25.44072384395947,15.72320556640625,2.510340690612793,2.2813928027252226,34.48682810276574,67.22066167385533,-7.9836528926178705,,,8.493561395734982,nan,,,1.1253043413162231,,None,82.80166433009603,4.76012188297252,79.00040197403194,0.06096145510673523,3.264529910924835,0.062432702630758286
Gaia,DR3,292705805089141760,25.31432654962328,26.82918325070824,15.502756118774414,2.441335678100586,2.867572668477747,35.78021299434917,64.20548065922807,-7.9054345682801035,71.22018432617188,5.868439674377441,9.690915955985037,nan,,,1.01637864112854,,Gaia_DR3,94.4791391573673,5.813151217978167,99.92549945191904,0.0362904891371727,7.971084042362441,0.03722146525979042
Gaia,DR3,294811198057403136,18.96391277638285,26.038716871249267,18.492000579833984,3.7170181274414062,4.1662593051387296,37.51855280013206,64.89225576054584,-12.49097427134122,,,10.855115427059271,nan,,,0.9205217957496643,,None,103.06801676765845,11.348242817161958,99.67512165542988,0.23714037239551544,2.4384660243560234,0.16538047790527344
Gaia,DR3,297617942005730048,27.066588932950125,26.087455144983892,16.279809951782227,2.867450714111328,2.8914912972391567,34.56557777043862,60.06344189170669,-6.668859482705983,,,11.034351371878822,nan,,,0.9997912645339966,,None,108.11977615085874,4.929740018984521,104.97004462666462,0.060880400240421295,-1.013232501006843,0.0551723949611187
Gaia,DR3,293479723836209536,22.12592165481904,24.48400826434773,16.02892303466797,2.7125892639160156,2.1427436615071973,34.78118314630185,71.39418914815505,-10.342787630272149,,,7.996983771216701,nan,,,1.0416351556777954,,None,77.06156507999411,6.035437177076599,80.29196910572071,0.055775512009859085,7.6520501006750425,0.037009742110967636
Gaia,DR3,5165804247778231680,48.5191636826802,-10.857955100087917,19.886493682861328,3.2255935668945312,0.20518067514965485,11.847361465845815,24.782287379945963,10.551960973943322,,,10.93520636330448,nan,,,1.0330419540405273,,None,105.56391870400427,2.2484130052910203,105.27155568491918,0.6054142713546753,2.6202278473266034,0.7435793280601501
Gaia,DR3,5182269644857955456,48.54402875937519,-4.85196831151538,12.087318420410156,1.302046775817871,3.27189997199779,11.539433718517051,32.403445227088966,10.615813749978647,69.76908874511719,0.8657345175743103,7.806519019536299,nan,,,15.121177673339844,,Gaia_DR3,75.35333232824247,-0.2191012684756899,79.97472266163831,0.24844662845134735,-2.9824400509346214,0.23277445137500763
Gaia,DR3,23311815467919232,38.14452877472576,9.589122708333232,10.551767349243164,1.052262306213379,4.038818795494346,16.6789164749158,32.54602922690321,1.93168841867314,44.331451416015625,1.0018459558486938,11.182469424883257,nan,,,1.11224365234375,,Gaia_DR3,110.66632019823295,-3.2350928429235353,103.17702598970232,0.018000146374106407,2.643704678068552,0.014217710122466087
Gaia,DR3,93594243687268736,30.269585260211567,19.025983618403714,16.602890014648438,2.818413734436035,4.739369786356087,26.955028837485514,51.55850878775495,-4.414892773178604,,,8.828773067190017,nan,,,0.9500779509544373,,None,87.09352106315889,0.805290459921423,79.31437009643082,0.0792534351348877,4.9637586234679905,0.05987140163779259
Gaia,DR3,99677738445257728,35.506657912992615,21.111564543260403,17.331005096435547,3.0082244873046875,3.6149558446297503,28.218719117373865,61.89857907346526,-0.39749509865348287,,,7.713112192430975,nan,,,0.9942219853401184,,None,76.41098672340357,-1.5475823601953813,81.53328249807751,0.12655086815357208,-4.430649223036218,0.09501963108778
Gaia,DR3,550447304258304,44.79588627642886,2.0810457896532406,15.383586883544922,2.379063606262207,4.4524778639004055,11.904249837118076,64.67428316528779,7.510284426936494,41.23554992675781,7.468618869781494,6.086675673256644,nan,,,1.0497996807098389,,Gaia_DR3,59.51357507691459,-1.674383973939765,55.8862171266221,0.0389099046587944,2.7394576912189015,0.033285073935985565
Gaia,DR3,21065337118168320,43.77974511054639,9.662557199156407,18.246736526489258,3.3068008422851562,2.3245794714947405,17.978081373839245,45.981318279872454,6.461079531203874,,,7.522971552262816,nan,,,1.068257212638855,,None,73.75820905715094,-3.4046337421878974,70.90275282931813,0.31388595700263977,-1.0728246967526591,0.2834683060646057
Gaia,DR3,1763174269921280,44.738039746191646,2.8668476317315967,16.255836486816406,2.7998123168945312,2.225861014711369,12.483128887381588,42.14638772643601,7.44495213777741,,,7.215135433794125,nan,,,1.2158523797988892,,None,70.558864957308,-2.137830304165128,68.90784681648762,0.06951964646577835,-5.093558822099215,0.058739013969898224
Gaia,DR3,20800668349154048,42.18563360020628,9.167124866245164,16.2259578704834,3.1162261962890625,2.4582178677269253,16.984259893451117,45.748924734767776,5.200379160325619,,,14.858401030814232,nan,,,0.9403054714202881,,None,146.2080789456021,-5.9020921555715375,143.36858768788568,0.07889900356531143,1.255099079025465,0.08091951906681061
Gaia,DR3,73576882884828928,31.548564763686688,12.214931742807352,15.167380332946777,2.9873294830322266,4.6995306815692315,20.06551532563109,49.3409935018043,-3.4138076625741522,18.725067138671875,6.389303207397461,15.198589153429262,nan,,,1.129777193069458,,Gaia_DR3,150.2014956629184,-1.0109626110536922,135.344954831231,0.041449785232543945,1.440064601844873,0.03484899550676346
Gaia,DR3,5167806394028130688,48.12761044981902,-7.6499281966142725,16.05489158630371,2.3554325103759766,4.555287473377863,10.897409132611536,69.49748933040333,10.279776376067773,,,5.870802572210588,nan,,,1.022049069404602,,None,56.76221437948722,0.4223157574655403,58.20147232986515,0.050972409546375275,-5.028608946050033,0.048342932015657425
Gaia,DR3,5181789222700709120,47.261848533570316,-5.713402070561305,17.918716430664062,2.989208221435547,4.911180476487432,10.133145712445923,27.854506652492034,9.59517013149397,,,8.014813750170873,nan,,,0.8118621110916138,,None,77.74430602568127,-0.1278640183808264,69.73321637920102,0.1288948357105255,-2.2908158993462227,0.12914884090423584
Gaia,DR3,97857020203920768,30.051212994118686,22.572685746233624,13.400578498840332,1.975855827331543,0.7994809450873746,30.438690983826554,54.94049484963672,-4.544235949145573,7.590545177459717,1.6386092901229858,9.666600561548579,nan,,,0.9032101631164551,,Gaia_DR3,95.32424295672925,1.5764311847071895,95.50323349070945,0.021868322044610977,-0.04290211303505155,0.01867310144007206
Gaia,DR3,82944717658798592,40.5075932350913,18.253704133309316,20.002727508544922,2.264005661010742,1.2596154904165793,25.52958822072619,70.70112130409748,3.538301402732994,,,6.6918361776327915,nan,,,1.0853002071380615,,None,66.04469030238353,-3.179135537129568,64.30913979807758,0.822287917137146,-2.7978129216617176,0.7122588157653809
Gaia,DR3,5181629763450300032,48.1735106834072,-5.910118378728086,16.686386108398438,3.266742706298828,3.006277018924431,11.00735664362156,60.98009431212225,10.321909912094497,,,6.200509220431717,nan,,,0.9739218950271606,,None,59.93926073464303,0.042545087243016866,63.79911618513929,0.08042706549167633,-0.6944919228289743,0.08142130821943283
Gaia,DR3,18973864138749184,40.321350877505424,7.397085725148427,17.853490829467773,3.713651657104492,2.7958233067360885,14.798503210472228,27.436782216976557,3.748321761213546,,,10.282824678635656,nan,,,1.017388939857483,,None,101.5138742338528,-3.309592170877835,95.543297307637,0.17769356071949005,-2.269054809878617,0.16321471333503723
Gaia,DR3,104744738997515776,29.917406276165536,23.72294296550199,14.580611228942871,2.633394241333008,4.815773179881979,31.584780315575752,55.39177483075975,-4.627735849002612,21.43311309814453,7.166701793670654,10.84571196153076,nan,,,3.161026954650879,,Gaia_DR3,106.9273942070514,2.0775485611519926,98.26970939353174,0.08868423104286194,-4.725411805124534,0.08443498611450195
Gaia,DR3,32466899036106368,42.53739719581207,14.543775002432717,17.39008903503418,3.043548583984375,3.861795067053372,22.254121653850646,52.67868261101558,5.278161119767946,,,7.572383367052714,nan,,,0.9069096446037292,,None,74.45827722505533,-3.887915459255737,78.76800525318811,0.11142197251319885,0.5200292493159444,0.10919222980737686
Gaia,DR3,72345704739765632,33.06265261600472,10.373803224634049,17.268606185913086,2.7700576782226562,3.463203609511482,17.904434564014554,70.06822047580289,-2.18316918820722,,,6.148568581575934,nan,,,1.0138638019561768,,None,60.85465619915906,-0.8404074219624462,56.503248504466114,0.10958733409643173,0.26222220126275636,0.09553588926792145
Gaia,DR3,74152030545391360,32.92022230465815,13.489599074288224,17.289398193359375,2.964162826538086,2.7906568896838673,20.976199786624885,52.507383201611,-2.328569291441667,,,7.40269068318605,nan,,,0.9698822498321533,,None,73.2590564198805,-0.7825403938720683,69.51420770906206,0.10681993514299393,1.440534698556151,0.10241566598415375
Gaia,DR3,92419179290302720,30.42552543420436,17.647791954033913,16.968645095825195,2.8480224609375,1.5133191474325223,25.58707782172153,70.73325476073173,-4.302715210951856,,,6.695617179103202,nan,,,0.8893709778785706,,None,66.06684177714703,0.406057894178506,65.15153864666739,0.09155753999948502,2.3360712498373863,0.07774151861667633
Gaia,DR3,15273350381223808,47.52215350790768,10.027178027869892,18.652938842773438,3.5873184204101562,4.935086369426691,19.964713340386087,71.89835794336037,9.420453557253216,,,6.19141138561738,nan,,,1.0476137399673462,,None,59.99993642716648,-3.5422679203593113,59.059711309423015,0.24275395274162292,-9.914609950572704,0.21687012910842896
Gaia,DR3,29715233749505792,47.615402065133175,13.518922758513968,14.791263580322266,2.2264699935913086,4.50585565956567,23.051967636278746,70.11565502784592,9.310464227297436,,,6.500198493377251,nan,,,0.9363770484924316,,None,62.97050163321005,-4.522724817796277,56.91677571510323,0.036907315254211426,-5.737506831981221,0.02660103142261505
Gaia,DR3,102957311047893248,34.78144970404719,25.196003610691463,15.708990097045898,2.784526824951172,0.17828035191403527,32.33932237473872,57.04171047201731,-1.0020735640443377,,,12.246160138978452,nan,,,0.9911406636238098,,None,121.30759705254664,-1.7240348875976537,121.76702849930129,0.05320390313863754,-1.6965810414143998,0.04590681195259094
Gaia,DR3,84756614037040896,40.002414875271306,19.35653797072441,14.576361656188965,2.1736326217651367,2.319255695022123,26.565636319045332,62.49520295103845,3.104962129903292,8.437117576599121,4.596487045288086,7.384976778271381,nan,,,1.058176875114441,,Gaia_DR3,72.9386121886416,-3.4007956323983386,69.78404256703632,0.03146849945187569,-5.157413118644859,0.028887538239359856
Gaia,DR3,89019729855615616,37.74915632862393,21.24362974710153,16.690107345581055,3.1507654190063477,3.955256847676554,28.31029586028592,73.20161829206273,1.3130467145480065,,,6.83097882986068,nan,,,3.5014891624450684,,None,67.62177976663507,-2.328714692199185,72.53513798686453,0.2945638597011566,0.5522891714372611,0.21810093522071838
Gaia,DR3,295141665726276608,23.285513349256924,25.65291267515995,16.33434295654297,2.90435791015625,4.448753669123554,35.383153894463305,66.27338457752563,-9.432304957466775,,,8.959746555499384,nan,,,1.0199851989746094,,None,86.73812964205287,6.401173773836852,89.70756129510154,0.0700535699725151,14.261833261918282,0.04281602054834366
Gaia,DR3,3264620859486264704,53.12223694419847,0.4577451645930848,18.632036209106445,3.1779403686523438,4.714893782071515,17.61369514159045,67.86933400893449,14.176509385132567,,,6.22720241800849,nan,,,0.9173696637153625,,None,58.809072014597945,-1.502482833875682,52.78318964266251,0.1874365210533142,-0.08870621434687778,0.1656898558139801
Gaia,DR3,133079772121017984,39.92463022184404,31.40456495681023,15.787666320800781,2.681248664855957,4.345936128413996,38.55624267233973,71.90879824873781,2.5266550150985436,,,8.969244755309749,nan,,,0.9651170372962952,,None,88.59512723338757,-5.202953804899185,94.12795791559324,0.04543985053896904,0.8725900529073843,0.041553325951099396
Gaia,DR3,56979754864992896,55.05256407779824,19.239097926873324,11.39826774597168,1.3590421676635742,3.3352175208513453,31.66329885633195,59.73448986001367,14.469596160572618,13.182663917541504,0.2670265734195709,8.920166880253714,nan,,,4.181337356567383,,Gaia_DR3,83.29424210378491,-11.556207386157105,79.24537120624677,0.08768339455127716,-16.345929768229,0.06682955473661423
Gaia,DR3,141092153871969280,39.840950150624394,35.4782574950156,9.214550018310547,0.7906570434570312,1.8192720897674852,42.61408284083926,71.62231830199245,2.2692273940049796,-66.55227661132812,0.22774966061115265,12.34306771960414,nan,,,1.089343786239624,,Gaia_DR3,121.93411452949147,-7.505981405463302,126.10219581678217,0.02212652564048767,-5.261836817156593,0.018202539533376694
Gaia,DR3,290022614465459712,22.15444416591483,22.847661581055394,17.579755783081055,3.1753463745117188,3.186579465063987,33.31567171180312,64.82155970845325,-10.419776343339562,,,8.534712224034877,nan,,,0.9962381720542908,,None,82.2530482123799,5.891004644094645,78.79283875508555,0.14538702368736267,10.46240718957914,0.0932580977678299
Gaia,DR3,295216260718403072,22.694894391922038,25.887508888850327,18.84271812438965,3.4852371215820312,2.023628991697343,35.81825092514376,69.77552811267243,-9.843468917968176,,,8.47444959213443,nan,,,0.9372806549072266,,None,81.85197463796504,6.492262224272274,80.83475446690754,0.2551489770412445,3.0231100460007054,0.18756073713302612
Gaia,DR3,298726829546994816,25.92616871453907,27.270755232216526,18.614213943481445,3.411153793334961,3.0865184124695255,36.01125448015641,65.79851473516308,-7.444200049258274,,,9.333546608298649,nan,,,0.9648696780204773,,None,91.1651715017756,5.272920074131754,85.14902690023428,0.22413399815559387,6.102344306385718,0.19198940694332123
Gaia,DR3,302536160596122496,26.944559722349187,29.983530973076167,13.844588279724121,2.1038827896118164,4.617523116109443,38.32033209784486,72.47470802393464,-6.595219754142505,-55.92226791381836,2.8332314491271973,8.781403767791186,nan,,,1.057210087776184,,Gaia_DR3,86.01683361754968,4.845099054112691,94.17918805774111,0.02384737692773342,7.383644559896494,0.020320380106568336
Gaia,DR3,309921751998974592,17.413972000175363,29.51981009824255,13.04755687713623,2.5019493103027344,1.3260320654438027,41.21312967996624,70.93925718882028,-13.222153379952056,-7.344289302825928,4.0066423416137695,15.172413190406363,nan,,,5.608550548553467,,Gaia_DR3,142.8476010585703,20.172088503526936,144.73314600599738,0.2247641384601593,16.372953199818298,0.1747717261314392
Gaia,DR3,75478655748842240,35.45542249422172,13.806590742932675,17.954734802246094,2.9877243041992188,4.5543353152642325,20.93539131945955,70.73043153085102,-0.31411174827531774,,,6.308838657962723,nan,,,1.007595419883728,,None,62.499302882515835,-1.3094762734647851,67.23847797469408,0.14367280900478363,2.4626380960692003,0.12376587092876434
Gaia,DR3,84758332023955840,40.01514802985701,19.38044726081538,15.436168670654297,2.3176259994506836,3.2682313518958432,26.590725753703676,62.53608456577007,3.1138662549867675,86.99333953857422,8.500385284423828,7.385307174212247,nan,,,1.0738834142684937,,Gaia_DR3,72.94060881801289,-3.4083452286939746,68.29543451322773,0.044542182236909866,-1.3315334459496009,0.043259210884571075
Gaia,DR3,317657434775502848,26.25539633316835,33.896299409821104,14.012979507446289,2.387258529663086,4.770714687276087,42.23960035315052,71.45003118219773,-6.864537016418756,14.61042308807373,2.603483200073242,11.642733985078076,nan,,,1.180258870124817,,Gaia_DR3,113.82891814725093,8.278465836057833,118.19507700134746,0.027607662603259087,-2.5863214213733343,0.021410644054412842
Gaia,DR3,13892952187224576,46.837333075891046,8.548416845771452,13.594441413879395,2.170546531677246,3.898480978656768,18.351674350092285,46.01675919120202,8.943649858803758,36.8691520690918,1.7606382369995117,14.595795389835715,nan,,,1.2229117155075073,,Gaia_DR3,141.79407575121624,-7.347717426534004,153.12963094121537,0.021290840581059456,-3.424115681564777,0.01838209480047226
Gaia,DR3,110151759225917184,43.76133437181003,23.37693165821592,11.98470401763916,1.314326286315918,4.495124812237466,31.114792004350488,63.528343475094616,5.754534490586302,33.5478630065918,0.5553605556488037,8.134417772322394,nan,,,1.0173133611679077,,Gaia_DR3,79.75677772321275,-6.19473092620494,74.66829749101771,0.016260657459497452,-11.984852838460379,0.014907559379935265
Gaia,DR3,819170522450944,47.25511952256026,2.590893470240412,13.4924955368042,1.575587272644043,1.7153069131998298,13.95552012341127,55.99311995531947,9.478246664245182,29.026845932006836,2.953718423843384,6.56109085681567,nan,,,1.118478536605835,,Gaia_DR3,63.644633108830746,-2.021312951923779,66.00244135393194,0.02110269106924534,-2.2850812212117444,0.01795940473675728
Gaia,DR3,15852316268243584,50.09897501053778,10.148556452915576,19.21700668334961,3.836620330810547,4.140155740814489,21.50124586947396,45.03675005889563,11.438039148073328,,,8.24385898654615,nan,,,1.0209370851516724,,None,79.0468723222049,-5.381072373829184,76.20825378311048,0.34169042110443115,-11.992586250118016,0.2862129509449005
Gaia,DR3,69704540372182912,53.88205869100553,26.507846069676567,11.29655647277832,1.2209959030151367,4.538407119014179,37.283335384530595,65.93562957581626,12.764177673261944,32.897544860839844,0.42876559495925903,10.011664461393671,nan,,,1.2493531703948975,,Gaia_DR3,94.1435565180797,-15.877046338409812,94.36066637939204,0.027977121993899345,-6.3009290494375625,0.021832700818777084
Gaia,DR3,70976224352039680,55.41204764061396,26.500373122123914,11.8942232131958,1.311722755432129,3.5747708590850067,37.945943472273534,70.93202422093484,13.82559028545526,-4.387277126312256,0.6661846041679382,8.946740629211275,nan,,,0.990181028842926,,Gaia_DR3,83.35500529474048,-15.18294970818399,76.63131768952937,0.019097447395324707,-15.682807688193453,0.013476417399942875
Gaia,DR3,38901619041565184,60.57118901319315,13.860523934278872,16.11614418029785,2.953685760498047,3.752746772065866,31.27086510190414,73.94672868961426,19.043978264928406,,,7.147312201042182,nan,,,1.542686104774475,,None,64.15614636002559,-8.685030950547961,58.5386037845134,0.07688796520233154,-8.040839471231461,0.049306195229291916
Gaia,DR3,42789079839773952,56.15189372413566,14.605226620923974,16.956451416015625,2.5792198181152344,1.241103515344327,28.711321432976423,66.01370896191078,15.737473784192218,,,7.41398609600353,nan,,,0.9390625357627869,,None,68.74651843925518,-8.079070943468007,66.80812852612418,0.099988654255867,-8.152329423564673,0.0674048438668251
Gaia,DR3,51252566298045312,58.79025230301703,19.849537384291217,18.307592391967773,3.5541439056396484,2.1429710450315,34.31425220443606,62.1871326189977,17.08612176151115,,,9.512470839345028,nan,,,1.0209131240844727,,None,86.58430207074487,-14.575590810380575,82.38620355043324,0.22250580787658691,-13.65732895352634,0.13861440122127533
Gaia,DR3,17900495976985728,50.63631811855708,13.608248620644932,16.348785400390625,3.4621753692626953,4.3465420304586475,24.62417946976581,64.88243547962416,11.644276529177104,,,20.65634406758052,nan,,,1.0479199886322021,,None,197.57383828960417,-16.902793806459016,185.59280247980772,0.09268217533826828,-31.555351315800745,0.07869904488325119
Gaia,DR3,46219281240876288,60.56874027590651,16.29123608245179,13.406177520751953,1.8041648864746094,4.750457842023152,32.89618225490059,65.24110071242214,18.78079360311334,54.23894119262695,1.3625872135162354,8.350602459671046,nan,,,1.0286056995391846,,Gaia_DR3,74.95869071557138,-11.559945969705396,70.65846842222388,0.017666395753622055,-4.387622955161529,0.011760507710278034
Gaia,DR3,1834706949679360,45.69681661187617,3.132934642193875,17.487205505371094,2.721466064453125,3.884723395243704,13.288495899616914,57.965969193568405,8.211856926536584,,,6.431787381956577,nan,,,0.9173819422721863,,None,62.7190682357209,-2.010058926998454,61.13394224443661,0.12519092857837677,-7.033124768547414,0.10509668290615082
Gaia,DR3,37324678848701824,55.686306158238516,11.864689079579229,19.003293991088867,3.3786373138427734,4.881810241881669,26.416012334531544,61.45505652183598,15.6163752324938,,,7.4504369104226145,nan,,,1.0573761463165283,,None,69.29335784173513,-6.811296561292053,61.79034740241009,0.3580903112888336,-8.390990760205447,0.2703777253627777
Gaia,DR3,163158355808880384,63.669239291992206,27.90907442714946,15.581217765808105,2.803050994873047,4.635650988620122,43.346185018102155,73.35730572963692,19.082649610118413,,,11.390490276105474,nan,,,1.0380799770355225,,None,99.51435671398599,-27.08869063131143,88.39729786003379,0.054718609899282455,-26.52652881059307,0.03606691211462021
Gaia,DR3,54375389774792960,50.46185302014021,15.743690415067325,15.440766334533691,2.803868293762207,3.6816522923100883,26.33827240422042,49.14568405537745,11.358709202198881,,,12.50428791904916,nan,,,1.123555302619934,,None,119.69871360242959,-11.27061660844143,112.85360835009993,0.04167569801211357,-4.390901769327495,0.0324242077767849
Gaia,DR3,65633873449740544,58.83139151510583,23.360366895793177,8.139911651611328,1.1558279991149902,4.895083167616008,37.069519539517344,71.30643943521243,16.6376877399142,41.37459945678711,0.13017521798610687,8.593619038392113,nan,,,0.9900310039520264,,Gaia_DR3,78.1965908496203,-15.061988069919447,73.13457762932238,0.031101319938898087,-7.780635407465033,0.019570397213101387
Gaia,DR3,64930426525307648,57.38858070702721,23.371659343731526,15.516936302185059,2.708934783935547,4.863133808171291,36.29168108416202,62.55438930758211,15.633649702749828,48.18587875366211,5.492778778076172,11.852060226448144,nan,,,1.0118144750595093,,Gaia_DR3,108.98111252500323,-19.698185125875092,96.95245088376257,0.04179833084344864,-21.415992843390647,0.02921254187822342
Gaia,DR3,111647232480485632,47.493355851124655,24.512634798731636,15.734367370605469,2.749958038330078,2.5014703352028755,33.14255260352034,58.194760117361014,8.421577796403994,55.103641510009766,6.6233906745910645,12.268137385002438,nan,,,1.008784532546997,,Gaia_DR3,118.9011415320868,-12.869211756537013,115.83613388220871,0.06139345094561577,-18.566501768584438,0.049462925642728806
Gaia,DR3,112438193658847744,46.83742326710844,26.342879783867502,19.375099182128906,3.3393421173095703,2.2592165443111742,34.69976661300692,72.61987067281902,7.786544516440046,,,7.8396059099170365,nan,,,1.0124804973602295,,None,76.15955794322502,-8.27788186472301,78.85312296851455,0.6302458047866821,-5.692252607561058,0.6057071685791016
Gaia,DR3,16032464376496640,51.00774817576911,11.123384818465853,15.987845420837402,2.832904815673828,0.8929518112055589,22.818463791315757,66.10865547734163,12.089665275495394,,,6.698890441816472,nan,,,1.197668194770813,,None,63.96017646377723,-4.843108486292021,65.22060302286488,0.08311346173286438,-4.881812800991723,0.05783425644040108
Gaia,DR3,148846184749426560,65.21887084552067,23.401047682633198,15.588577270507812,2.8653955459594727,3.4779649497642797,40.98467262212348,70.51699970995367,20.930159155065386,18.311174392700195,5.186579704284668,14.976022730513222,nan,,,1.128367304801941,,Gaia_DR3,128.90042924529212,-32.1623131339493,130.0543251632124,0.05630053952336311,-43.08178394018076,0.03839386999607086
Gaia,DR3,3232145069869958144,75.34050950749017,2.537606007038802,14.919458389282227,2.558274269104004,2.8099305408006403,39.29901831493678,67.20332311430529,29.985435035963064,58.85537338256836,2.190962553024292,11.387868930270107,nan,,,0.994236171245575,,Gaia_DR3,86.67501608424578,-5.67030102498267,80.09612194591546,0.026759250089526176,-4.179291746449476,0.02172449231147766
Gaia,DR3,3273211038893334144,58.18513552263534,4.663792202844716,13.588517189025879,2.0383033752441406,4.813250109813255,24.040845956141087,50.13962297835442,17.93698887207175,7.495152950286865,1.7127848863601685,8.182570294480612,nan,,,1.0906412601470947,,Gaia_DR3,74.81307160792583,-4.310397708935042,67.9472810790429,0.018877722322940826,0.35819856082734225,0.014272725209593773
Gaia,DR3,36332953719996160,55.34968777156671,10.48538461764336,14.887002944946289,2.528618812561035,2.1374269327429563,25.218900762587882,45.052464994460074,15.461194300923168,16.7745418548584,5.135456562042236,10.630867183336784,nan,,,1.1065911054611206,,Gaia_DR3,99.08458038717508,-8.76725802366056,101.63094414244404,0.03364285081624985,-12.824572087480432,0.024816766381263733
Gaia,DR3,3394402849003392,46.54263601157167,3.9598455122611846,14.128865242004395,2.425417900085449,4.861010774811055,14.464866460465098,47.52021113016858,8.86947559048274,13.435966491699219,2.406609535217285,15.92061075569919,nan,,,1.1516501903533936,,Gaia_DR3,154.82114385573226,-5.531051886714437,139.79561548284934,0.023528795689344406,0.8251359877987765,0.021891117095947266
Gaia,DR3,8913534608187392,45.62673772708775,8.991671324475861,19.87336540222168,2.9422969818115234,3.834455659166525,18.136923517331383,36.47424522566203,7.961887244843533,,,8.60724930021637,nan,,,1.1257286071777344,,None,83.9512404212687,-4.1818148187743915,77.1157808498765,0.5877745747566223,-2.8838626535839698,0.6281503438949585
Gaia,DR3,40903142518991744,52.168202133119884,13.171956180908305,9.475451469421387,1.084726333618164,1.4674112745672738,25.134279051801226,60.289039265123385,12.849459500299554,46.39291763305664,0.4007720649242401,18.044189007891532,nan,,,0.9270899295806885,,Gaia_DR3,171.2829065584149,-15.474961904398981,175.0671681361121,0.018100524321198463,-19.578223193630933,0.013785593211650848
Gaia,DR3,819136163156480,47.24131872192268,2.592741575880253,19.494380950927734,2.8722190856933594,4.852357916056574,13.946855168833986,38.95612114154593,9.467134464888533,,,7.573641531991073,nan,,,1.1014463901519775,,None,73.47035833066765,-2.332943180369341,65.7509439444649,0.5605124831199646,-2.9893625821539933,0.4734725058078766
Gaia,DR3,3970959258784896,47.88191115496963,5.248692416923734,15.122254371643066,2.579692840576172,3.327671909866065,16.31267225541543,39.35126669647511,9.900688685809893,24.062915802001953,6.216377258300781,13.229961107005744,nan,,,1.0961116552352905,,Gaia_DR3,128.0359888663069,-5.426343980671177,126.83239816118989,0.039827603846788406,-14.628875512569444,0.033376097679138184
Gaia,DR3,61004684680591744,51.712103566613635,20.91839913266438,11.762300491333008,1.223226547241211,3.796570729470143,31.420742160631676,65.85864582219594,11.849220999076993,35.334598541259766,0.3646267056465149,7.9196570465397675,nan,,,1.128724217414856,,Gaia_DR3,75.35298749035152,-9.409629429784601,69.03416447527825,0.02337798848748207,-9.909183805059108,0.014828630723059177
Gaia,DR3,11618028270365312,52.435068936195464,8.294652511454329,16.435932159423828,2.519868850708008,4.976945959377929,21.62918736257903,52.696671275242814,13.355842262622698,,,7.477907254565819,nan,,,1.0094001293182373,,None,70.88388718058098,-4.714244590356174,65.35462643203489,0.06980107724666595,-10.280484253631712,0.05875198915600777
Gaia,DR3,40903142518352896,52.16801874449283,13.171557910452972,14.04401683807373,,1.1021610866552198,25.133853936877138,59.24136718589793,12.849347520490483,,,17.542041403804234,nan,,,1.1444765329360962,,None,166.51647293305098,-15.043860764056276,167.0817519544192,0.648271918296814,-11.007416238965753,0.30727535486221313
Gaia,DR3,115767652306517760,45.59411498849593,27.21600963759565,17.44976043701172,3.0106544494628906,4.811513185092294,35.236952913951924,70.84468141709621,6.8188180007620485,,,8.170594013391261,nan,,,0.9725945591926575,,None,79.70035886686978,-8.041493340313618,71.7361260551349,0.11515982449054718,-10.333790388384068,0.08931883424520493
Gaia,DR3,3257625117972084224,57.162592450007956,0.22784138911836324,5.554883003234863,1.3650364875793457,2.16067320614802,21.246734587196393,56.04223044653263,17.3000541396989,66.7554931640625,0.1267721951007843,7.173087085317885,nan,,,0.9494627714157104,,Gaia_DR3,66.06118452145314,-1.6633827596518813,64.17786743271752,0.03920084610581398,-4.333259613978038,0.028946490958333015
Gaia,DR3,3276090694204940928,52.80754208369175,5.517177416578683,16.734111785888672,2.8123531341552734,0.7588374796847186,20.053841588764914,41.696452365394634,13.775444407512976,,,8.340516884938218,nan,,,1.0034955739974976,,None,78.90289199056087,-4.162566042442961,79.94542289968354,0.07767155766487122,-4.995223371157005,0.06366048753261566
Gaia,DR3,3276753871514397824,55.18847853698619,6.172355851063776,16.99274444580078,1.7857742309570312,4.599162525206928,22.334522112035263,56.53964377767771,15.5877642125591,,,7.270172583068621,nan,,,1.0111236572265625,,None,67.82976244649197,-4.174945224493225,60.90600060661562,0.20164063572883606,-2.8531996557480572,0.14310505986213684
Gaia,DR3,3305027125830386560,60.0197745846035,12.56483598308602,13.254579544067383,1.7282428741455078,2.313338509630443,30.025879554427497,62.024272057882634,18.76876122973883,54.53772735595703,1.259432077407837,8.070369404868476,nan,,,1.1003797054290771,,Gaia_DR3,72.76393565056057,-8.919055265992327,75.96710715980782,0.02335016056895256,-6.632231275465785,0.013591240160167217
Gaia,DR3,3305463975544545152,60.73456672348473,13.463008271113017,16.61617088317871,,3.3655850518412915,31.135528828275877,67.34545656628788,19.201407105074672,,,7.702986680746858,nan,,,1.4365893602371216,,None,69.05168046635436,-9.19120807474182,63.643711516191914,0.3656158149242401,-9.980489974570167,0.27213239669799805
Gaia,DR3,3301987560294764672,59.68041675863143,9.104620951257793,15.902816772460938,2.7781925201416016,3.9003027690284964,27.661207082007557,53.320330121476026,18.8004488646053,,,8.734803738420933,nan,,,2.7635343074798584,,None,78.96558210674218,-7.4745587439705545,76.72431293965427,0.12782888114452362,-0.6512740344224554,0.09676766395568848
Gaia,DR3,3297867209189165056,60.4943376056712,6.650115731699761,16.373266220092773,2.9961471557617188,4.2186510415343,27.019791685003955,58.84354743029083,19.559671571557402,,,7.802306616905885,nan,,,0.9927341341972351,,None,70.07934951550146,-5.460949330296344,63.19769037750001,0.08220728486776352,-6.350050639978655,0.05011988803744316
Gaia,DR3,3269794027335185792,57.195503404011866,1.0256817284025177,19.311979293823242,3.725860595703125,3.0800031758143804,21.568336242159717,39.730304761744115,17.308140360523087,,,9.380446510381722,nan,,,1.0010992288589478,,None,86.37037492736732,-2.6526115284568874,80.80034340175915,0.4027167856693268,-5.11658516523396,0.3572491407394409
Gaia,DR3,3277603862722903808,54.86934480109271,6.73658690162537,9.069857597351074,1.0726871490478516,2.4904952011469073,22.419200542637665,63.32353060060724,15.315312892812731,-25.668115615844727,0.1976403445005417,6.824492939575591,nan,,,1.6160414218902588,,Gaia_DR3,63.79725574668116,-4.098161351595117,66.99395131601676,0.03188413754105568,-2.4798097808174937,0.024315841495990753
Gaia,DR3,3282578912321151744,70.16255698100046,4.953672127552718,12.829774856567383,1.8196516036987305,3.186999679313904,35.06293129973476,66.89998887715525,26.49298006431358,45.71897506713867,1.5410655736923218,8.725472949235039,nan,,,1.5649900436401367,,Gaia_DR3,71.13359344104512,-6.130397116195734,65.51290461923651,0.027639025822281837,-4.46501101880904,0.0213746577501297
Gaia,DR3,3230646744758504064,68.7314537221965,0.1800747796878522,15.606576919555664,2.8863677978515625,2.0178408230923077,32.31778817619636,60.38868299981302,25.70474894754519,60.48881530761719,4.138209819793701,14.711145060802883,nan,,,1.020707368850708,,Gaia_DR3,121.96176242677905,-3.4486054606867285,127.88292675167745,0.04263385012745857,-1.4236568307051107,0.030371470376849174
Gaia,DR3,3269120134082133760,50.91558859576122,3.225782222060393,17.99793243408203,2.938060760498047,4.977763782099486,17.158865069634086,61.95913827621826,12.373205628543682,,,6.471809744227717,nan,,,1.0207279920578003,,None,61.819459617118184,-2.3611086874659364,56.73191573309208,0.1611599177122116,2.13759300254742,0.16599059104919434
Gaia,DR3,3281417965481068288,70.12225868021322,4.358112089312196,11.472821235656738,1.917245864868164,3.6189922177810447,34.82740439487769,69.72258544885122,26.49905863445246,22.43815803527832,0.34481459856033325,19.291998506924067,nan,,,1.1958638429641724,,Gaia_DR3,157.3525269762211,-12.42447210974953,170.50121839288454,0.021951597183942795,-19.038003607602743,0.017391150817275047
Gaia,DR3,3311895323995298048,64.78857902000178,15.163184312317922,19.23747444152832,3.5461578369140625,1.4863249746461404,35.268467519929374,61.53734606092963,21.876515845740993,,,12.770822278213341,nan,,,1.0760769844055176,,None,110.3873321921725,-18.847945479076493,114.32815035120399,0.4922533929347992,-19.54223457057411,0.3262377679347992
Gaia,DR3,3281417965479812736,70.12273330820356,4.357815379206775,16.382980346679688,,4.317315387495872,34.827755348975806,70.00360205570828,26.499393811100525,,,19.501690799702693,nan,,,0.9004525542259216,,None,159.06194491142918,-12.559054152371417,172.25313182495063,0.21845032274723053,-24.434432468870583,0.18294274806976318
Gaia,DR3,3276753974594673536,55.18774027580404,6.173456770078767,10.330140113830566,0.8087882995605469,4.728243142312122,22.334576759608257,57.76621826140008,15.587145324810216,26.53190803527832,0.27025067806243896,7.180183173755216,nan,,,0.9656606316566467,,Gaia_DR3,66.99048115032014,-4.123629038872277,59.955166870704744,0.02305888757109642,-2.8098680610263833,0.01871589384973049
Gaia,DR3,3282444840622574208,68.7337185999091,5.11970168211751,14.82210636138916,2.3284730911254883,4.1007413400396,33.78564585626291,58.76809126241177,25.51514159566164,57.66872787475586,2.3316943645477295,11.30943800782895,nan,,,1.0197042226791382,,Gaia_DR3,93.75771351474975,-7.922051242806582,86.97260701353193,0.03282881900668144,-0.8830699253340026,0.02109227515757084
Gaia,DR3,3405142779140779648,72.34732967237987,16.253098093217986,11.340985298156738,1.2046003341674805,4.291446445028804,41.908370404336,70.99660736749196,26.722653962755842,30.903766632080078,0.31011971831321716,11.590722211045957,nan,,,1.3882492780685425,,Gaia_DR3,91.93655705962038,-21.672702567085345,84.97726058388953,0.02539624460041523,-13.829094616788865,0.018433844670653343
Gaia,DR3,3298522415040022912,62.74196793298916,8.386755937884773,18.044748306274414,3.2011966705322266,4.958246974937218,29.819701817515206,67.61738992879309,21.087056821624373,,,7.449595027039593,nan,,,0.9517602920532227,,None,65.63879984087683,-6.52246089441433,73.41488935796104,0.161541149020195,-6.116552436112818,0.1337299942970276
Gaia,DR3,3268160019912951168,52.22869971758668,2.4365540200529794,18.65949058532715,3.4468421936035156,1.797850857433005,17.79052685357774,59.03120638889652,13.429324783522555,,,6.664850475655079,nan,,,1.1027289628982544,,None,63.24553392318054,-2.253515749952367,65.27832202859325,0.26175862550735474,-3.7530184323054687,0.2523682415485382
Gaia,DR3,3277795212105756416,53.913673287262924,6.812707871273653,18.078651428222656,3.457307815551758,1.35234049653723,21.723926717644094,61.755999566046334,14.575462567674379,,,6.851165578467467,nan,,,0.8806813955307007,,None,64.41236772414207,-4.01649404797481,66.1675701118686,0.1686323881149292,-4.873330616517717,0.13952089846134186
Gaia,DR3,3298835084362419584,61.30845402097126,8.893959772287234,18.46480369567871,3.656391143798828,4.445427814237483,28.87861714311503,54.21415469437396,20.01049465459202,,,9.02350193108761,nan,,,1.0680251121520996,,None,80.50394922628666,-7.9460115734506545,78.74204658606816,0.23422743380069733,0.3246944777551087,0.14370647072792053
Gaia,DR3,4753976120280365696,44.91099757715942,-46.43119157285342,18.292190551757812,3.9183902740478516,4.833736298655386,39.93229239575097,67.9635488951958,6.016300037483244,,,11.727894580370307,nan,,,1.0118649005889893,,None,114.63384435402858,11.94817354406829,111.65857258020233,0.13012227416038513,23.52261207880195,0.16511088609695435
Gaia,DR3,4839498509807542144,64.25163845569325,-43.26559499419221,16.21332550048828,3.2824888229370117,1.2395011385487211,43.31502880238565,72.4947576908631,17.134029490252143,,,13.016015363502856,nan,,,1.221301794052124,,None,113.09216180211828,40.3943798271131,111.61458121508679,0.04195558652281761,37.33103669761683,0.050634849816560745
Gaia,DR3,4946265791852095488,38.9540412280075,-45.019101145336585,17.221290588378906,2.995844841003418,1.8717096903351726,37.99061256669321,72.85260558806712,2.705128287659063,,,8.613794423332202,nan,,,1.0797969102859497,,None,85.18238467643636,2.269774133918027,82.79167029675139,0.054900966584682465,-0.14606040549927962,0.062265366315841675
Gaia,DR3,4834836713647986688,58.11116308887672,-46.615027882036316,17.157028198242188,3.347309112548828,2.5655821912606753,43.45353774481462,73.95618852300672,13.129991589203192,,,11.063012272465262,nan,,,1.0587807893753052,,None,101.20328593177672,28.918938208809095,96.82751575014738,0.06890569627285004,24.837989890721488,0.08004043251276016
Gaia,DR3,4854976609869179648,55.724990859445995,-40.89380540084295,10.013044357299805,0.882563591003418,2.126830943132662,37.66411884664576,67.19258526020421,12.923261824733821,39.27715301513672,0.40656858682632446,9.781075559074543,nan,,,1.8515992164611816,,Gaia_DR3,90.94708829879043,20.279970131367946,87.15739678146079,0.02105497568845749,22.486805007607334,0.028520936146378517
Gaia,DR3,4754644142314191872,46.5941829429463,-43.94204438315015,18.97768783569336,0.6687755584716797,4.942179239675407,37.7952702906797,65.01459532857723,7.197978297848575,,,11.207818664171915,nan,,,0.9664188027381897,,None,108.97214553907752,13.017320233395083,97.38041557789032,0.1596423089504242,14.425824529211669,0.2277657389640808
Gaia,DR3,4948578172180973824,41.51497401716759,-41.67483655919839,17.944211959838867,3.5030288696289062,3.8137968810571627,34.829896871976274,63.34209686407092,4.335848505308611,,,9.437222985587686,nan,,,0.9866589903831482,,None,92.98343160364877,4.937274042866903,86.66749096658212,0.0848313644528389,9.141743124530993,0.11254099756479263
Gaia,DR3,4953054318377072640,38.56872872560401,-38.772571608066905,11.897225379943848,1.1645002365112305,4.343061483313351,31.73754650097709,68.30905453987235,2.5791469122530764,20.970951080322266,0.6407553553581238,7.717648803483911,nan,,,0.9795512557029724,,Gaia_DR3,76.34922430040389,1.2208964844751335,74.58689411335921,0.009561963379383087,8.063574417132346,0.013583132065832615
Gaia,DR3,4854171355040886784,48.57993522114929,-38.1323464512708,17.856510162353516,3.1917572021484375,2.0955905166500086,32.74822417229236,69.01839989590592,8.970333570187593,,,7.839857863765981,nan,,,1.0044161081314087,,None,75.66417316292122,9.479271395852283,72.94468378530888,0.08198964595794678,7.334580817339557,0.10694236308336258
Gaia,DR3,4753607582023169408,45.16400831244915,-47.32982192145377,14.462579727172852,2.705897331237793,2.714667452854204,40.84719980791144,70.15173945145088,6.078447067719477,7.79702615737915,3.8774096965789795,14.720264205441685,nan,,,1.520750880241394,,Gaia_DR3,143.77639962952418,15.754893608361947,141.4879768886484,0.02198304422199726,23.86221091284669,0.026636170223355293
Gaia,DR3,4957564068397911936,30.040669348179218,-41.76712051523103,15.578531265258789,2.5778770446777344,4.637965590546023,35.2759332964967,70.7925211968727,-2.671054603549546,-2.3690385818481445,5.855535507202148,8.186897114373721,nan,,,1.1154954433441162,,Gaia_DR3,80.73116797691124,-6.505756014572071,82.36068721804696,0.02365373633801937,1.331198372396182,0.028917942196130753
Gaia,DR3,4835936092133343232,56.51450547497144,-45.051304075997756,17.417526245117188,3.2158870697021484,4.8144790638573705,41.54194200148791,70.08281566033426,12.60467795089562,,,12.562301010373872,nan,,,0.9695377945899963,,None,116.20491322216483,29.597060288173417,103.76459587419964,0.06261705607175827,26.804083202063417,0.08308161795139313
Gaia,DR3,4842901463935914112,56.76160271211682,-41.501212396773504,19.146581649780273,1.03594970703125,4.721483739366175,38.59080434262487,66.17611340011383,13.41358331705975,,,13.031797881006636,nan,,,1.1503825187683105,,None,120.34748722185725,28.842869795756343,133.0935334617609,0.23287315666675568,26.43752669708122,0.34652507305145264
Gaia,DR3,4957460714305001472,29.164757454414854,-42.37253042632376,10.874887466430664,0.9136285781860352,4.536296783348319,36.01148784650546,69.80525507341173,-3.1586462437332603,-23.90304946899414,0.29345905780792236,8.52519354197776,nan,,,0.9717215895652771,,Gaia_DR3,83.93353924266603,-7.690435850638032,79.63048800628036,0.010700837709009647,-0.7659209538878582,0.012180563062429428
Gaia,DR3,4957460714305547392,29.163572474740747,-42.37247467489948,10.3162202835083,0.8846359252929688,2.3322988751618103,36.01163908459282,70.27314076237703,-3.159363512520061,-28.79478645324707,1.2501198053359985,8.452186946885488,nan,,,17.953218460083008,,Gaia_DR3,83.21457120480875,-7.62573221391775,82.82361365211047,0.22083669900894165,-3.4884592155839202,0.2200339287519455
Gaia,DR3,4963596504583998080,35.49016973561117,-39.2416010645772,17.542116165161133,3.300088882446289,4.6331958235995545,32.21584221648162,64.13572216019557,0.6195405922723722,,,8.329264582342274,nan,,,1.02273690700531,,None,82.51496582642172,-1.4486798023475806,78.24018402114882,0.0664127916097641,-8.370448773246924,0.07756839692592621
Gaia,DR3,4854222757209407104,49.75214251270307,-37.956166286860956,14.205704689025879,2.0601959228515625,1.086894786204607,32.936868407507106,71.56375661093651,9.724150901827569,-3.986663579940796,2.1352379322052,7.613122865553315,nan,,,1.0630924701690674,,Gaia_DR3,73.11242950147802,10.083104100785624,71.37617673459454,0.01211914885789156,9.914890913139118,0.015679942443966866
Gaia,DR3,5045272763780716288,43.788935907341,-39.148875518124775,14.594464302062988,2.5646743774414062,4.234562900751979,32.63967945738777,57.35202801182472,5.875147683793374,32.949729919433594,2.685995101928711,10.48647189467192,nan,,,1.1070129871368408,,Gaia_DR3,102.81115734851389,7.640997635265414,98.43013333637367,0.016687408089637756,15.913711464385557,0.018706800416111946
Gaia,DR3,5044060552210936576,45.0649954462746,-41.25478789399183,16.57317543029785,2.6338367462158203,4.791088354504475,34.91114407074427,71.56464821238168,6.521099234955097,,,8.005238899870276,nan,,,1.0505704879760742,,None,78.21190718333055,7.344348829266643,73.22690566621041,0.03716007247567177,0.9785862046396216,0.04184936359524727
