Catalog,Type,GaiaDR3,RA,DEC,Gmag,Bp-Rp,Voff(km/s),Sep(deg),3D(pc),Vr(pred),Vr(obs),Vrerr,Plx(mas),SpT,FnuvJ,W1-W3,RUWE,XCrate,RVsrc,PMRApred,PMDecpred,PMRA,PMRAerr,PMDec,PMDecerr
Gaia,DR3,3482887803231000704,170.24936631960873,-29.39361032201723,14.967130661010742,1.6260910034179688,3.7865485953919817,11.871387227091477,64.10598836707199,18.857508390923297,27.698974609375,7.170281410217285,3.212830794726365,nan,,,0.9871211051940918,,Gaia_DR3,5.7588139692963205,-4.976254805915081,4.120563518843901,0.023916319012641907,-6.949425168269968,0.01903904788196087
Gaia,DR3,3482395939279407744,172.77321522236048,-28.97318522838383,17.998394012451172,2.655292510986328,4.6838165045762015,12.036604125611333,68.12710782448033,19.119579488463554,,,3.5959619696514755,nan,,,0.9786216616630554,,None,6.0108579383216885,-5.541572565721668,7.980365179197933,0.14410267770290375,-8.49590229336202,0.09643243998289108
Gaia,DR3,3482342819124594304,172.50994078431947,-29.510061900517616,19.10076141357422,3.097494125366211,4.121022165550516,12.463078976718107,67.74365855075511,19.15538378265434,,,3.186257806724972,nan,,,1.0101226568222046,,None,5.366688353092791,-4.801665794431962,3.4263300605660874,0.2869686484336853,-6.775804809642211,0.21622976660728455
Gaia,DR3,3484538784363120128,175.58856590836436,-27.00366778075558,19.01178741455078,2.8992462158203125,3.627596727549582,11.520721974232885,61.592385970362166,19.18980697227022,,,3.272667326896899,nan,,,0.9979535341262817,,None,5.016657183697557,-5.377007282889002,3.0069143662952014,0.21528370678424835,-6.868495969844623,0.14714166522026062
Gaia,DR3,3485771100675939072,174.2628258227249,-24.98458289608826,12.809294700622559,0.9102745056152344,3.4878256189759576,9.194842102719186,66.9910886031799,18.747799354350146,-11.425501823425293,1.1029198169708252,2.8631149700898355,nan,,,0.9871249198913574,,Gaia_DR3,4.577183968427093,-5.153352991301423,6.137081688644281,0.012428505346179008,-3.7397007614680113,0.011077200062572956
Gaia,DR3,3485654788664729856,174.58360098075542,-25.717123306566336,12.242581367492676,0.8413352966308594,4.5920699024573794,9.951573726505622,53.43707445855654,18.89338997681271,-4.819133758544922,1.0867270231246948,3.3572127282467554,nan,,,0.9187108278274536,,Gaia_DR3,5.313912223224969,-5.859469040234334,6.218719460386675,0.01333277951925993,-8.980942280990758,0.009764616377651691
Gaia,DR3,3491486018520836864,175.44212941323113,-25.585642853987483,10.39926528930664,0.6154575347900391,4.616981269506267,10.339782991898055,59.476980885633544,18.974396989645573,0.41225284337997437,2.642214298248291,3.5629513421780152,nan,,,1.0213650465011597,,Gaia_DR3,5.487664886501386,-6.2151192824816714,2.385207268938977,0.022249417379498482,-4.665704735133321,0.018030723556876183
Gaia,DR3,3491091018967036800,178.9796474135222,-24.53971041659926,17.952701568603516,2.8216552734375,4.420610137194777,12.10609651120018,69.11346945034666,19.20662966463167,,,3.0711142195887264,nan,,,0.9611495733261108,,None,4.179772744829378,-5.466393594440344,5.8572529184619215,0.1250845044851303,-7.785250878091041,0.0970713198184967
Gaia,DR3,3491244606997590016,177.79763706845665,-24.46568061433884,12.806370735168457,0.7103328704833984,3.844265467206973,11.174201710501219,60.039784452397406,19.071866339659817,-39.912330627441406,5.792283058166504,3.390534679017366,nan,,,24.751140594482422,,Gaia_DR3,4.819597476439691,-6.0929898276370125,2.5535279651127785,0.36296626925468445,-7.646987218717118,0.24666541814804077
Gaia,DR3,3492000693040428032,176.9419783198372,-24.34707472487881,11.989013671875,0.7984800338745117,2.724641391994053,10.479546403027182,61.52253546268972,18.961105531642755,-1.0885710716247559,0.763303279876709,3.0475267685581655,nan,,,1.0428684949874878,,Gaia_DR3,4.464319111958648,-5.52903236225562,4.032071051959909,0.015881666913628578,-3.8327967264901632,0.011138159781694412
Gaia,DR3,3484604548902615936,175.4783204057238,-26.60179596916287,18.93121337890625,2.5844554901123047,3.409337311860925,11.142523724305507,68.3191247309097,19.122181763420414,,,2.9801129744462447,nan,,,1.0432443618774414,,None,4.584597474233265,-4.984775975919758,2.75646143693561,0.2121269404888153,-6.10081573452747,0.14950735867023468
Gaia,DR3,3493076221569533952,179.96511102566703,-22.471033854030644,15.729595184326172,2.2504138946533203,4.887661923365418,11.96761668939621,64.01995264352581,18.990159884060184,,,3.3799588860161602,nan,,,1.9514647722244263,,None,4.428150746181779,-6.476850469313694,2.4873528909544573,0.0687800869345665,-9.368532084896913,0.03679375350475311
Gaia,DR3,3484643310984677632,175.67729344402858,-26.36883432867526,15.58053970336914,1.9094152450561523,4.833114348646452,11.072798729930888,59.103430900321214,19.112401124002982,,,3.3055156628599014,nan,,,1.205746054649353,,None,5.052360361978737,-5.575421320295616,1.7990044988136424,0.052968401461839676,-6.446250234299106,0.03745349869132042
Gaia,DR3,3485036042793059072,171.62689163282113,-27.23648356279727,16.92635154724121,2.1776819229125977,4.651639252648622,10.06044506737562,53.812579769931276,18.7461025132524,,,3.27374557372401,nan,,,1.016514539718628,,None,5.653363465824434,-5.493803880977643,3.5042304733632292,0.06057053059339523,-7.878566767836617,0.047954197973012924
Gaia,DR3,3491734847448258944,175.50046064869198,-24.820180889758714,18.905555725097656,2.857175827026367,3.357041387037266,9.815200627333253,58.56388835381191,18.868972738384823,,,3.6076434290821893,nan,,,1.0806050300598145,,None,5.546004207811484,-6.48305655787294,7.00198215993818,0.2415929138660431,-4.385781797768216,0.1521276831626892
Gaia,DR3,3492000693040427648,176.94184025541108,-24.347984836019982,11.18110466003418,0.7768087387084961,2.0080294937369123,10.480007846873898,69.87460151675467,18.961226897853095,-0.3158409893512726,0.5289611220359802,2.903421965653064,nan,,,3.0170247554779053,,Gaia_DR3,4.253240383403149,-5.267407287368352,3.9698953880033003,0.05286422744393349,-4.071458522459753,0.037349577993154526
Gaia,DR3,3485036077152797568,171.6258839137182,-27.230483747137658,17.34280776977539,2.276151657104492,4.425530493423111,10.054470959823933,54.15745591201964,18.745141347842097,,,3.376457135032954,nan,,,1.0034222602844238,,None,5.830897124785143,-5.667613359202424,3.505056724143377,0.07414355874061584,-7.7920665841384364,0.05977405980229378
Gaia,DR3,3491926304205323392,175.2619358533191,-24.060471018275734,19.98418617248535,1.9948348999023438,3.9237768273644313,9.128747994616608,53.978681620393246,18.72655369941124,,,3.5611646966737074,nan,,,0.9774417877197266,,None,5.516881603201549,-6.596243137922788,8.088263673240455,0.4190007746219635,-8.033291786015468,0.3307027518749237
Gaia,DR3,3492150810736141696,177.88054393271491,-23.483907178711295,18.205530166625977,2.544281005859375,3.0704710396342767,10.69559799272851,69.28586532616045,18.932030430533622,,,3.8000449284707094,nan,,,0.9953486323356628,,None,5.385661429987607,-7.086746899088581,3.047074641630762,0.15459346771240234,-7.8491226849396325,0.11233127117156982
Gaia,DR3,3493961324135102080,178.07802342622045,-22.34997036242339,17.62727165222168,2.0814151763916016,2.5989717956154856,10.31844501863563,55.35382414606024,18.774712239394315,,,3.3594374744312754,nan,,,1.0410804748535156,,None,4.727369247556076,-6.523117663219937,3.243080986675242,0.10544967651367188,-7.611555546276798,0.07211370766162872
Gaia,DR3,3492812746800904320,180.58112529099128,-22.907400774816793,18.557167053222656,2.987884521484375,2.1187445589396368,12.657841556942282,67.60924346615606,19.11954838004555,,,3.3857328765648873,nan,,,1.1044228076934814,,None,4.327370757770504,-6.366093746219137,5.6194171614703,0.19713011384010315,-5.580278445742185,0.1530059427022934
Gaia,DR3,3485764636748662784,174.47274076279854,-24.963379093176474,11.736712455749512,0.7109785079956055,1.9238283731075567,9.297759856251924,67.36048908708939,18.769730265649834,5.354050636291504,0.7495373487472534,2.8642331300730848,nan,,,9.67312240600586,,Gaia_DR3,4.549301233363695,-5.1525000971849515,5.669349102641757,0.14320802688598633,-5.460502868230508,0.12016335129737854
Gaia,DR3,3491839923825569152,175.8002643983774,-24.483024461174917,11.632795333862305,0.8722219467163086,3.2894135171644376,9.775820862011761,62.46242981348463,18.853052215488304,6.0915446281433105,0.4930010437965393,2.9630804535874042,nan,,,1.3319125175476074,,Gaia_DR3,4.510742185108455,-5.384236082009086,4.885301924927785,0.021070517599582672,-3.3639414281945412,0.015749137848615646
Gaia,DR3,3485731140300264832,174.20089314229955,-25.280003177819005,16.79962158203125,2.302973747253418,4.893039545398398,9.394578496577628,50.24550161104867,18.78412929060875,,,3.3068071453539725,nan,,,0.995394229888916,,None,5.296595496306054,-5.886892979978484,7.465858045677528,0.05916735902428627,-8.519205652762054,0.04892830550670624
Gaia,DR3,3484602315519622528,175.62740524849573,-26.602431850157995,19.30428123474121,2.9377822875976562,3.3098947682128568,11.225779832538882,60.9737980650719,19.13919569653205,,,3.19289483587875,nan,,,1.0139460563659668,,None,4.888181416170645,-5.334839598989744,6.099032879408187,0.29772642254829407,-7.204933046365591,0.2019498497247696
Gaia,DR3,3484762672418267008,172.4889127466527,-27.787482444726166,18.566333770751953,2.6528148651123047,3.9900094837514035,10.841112463053323,60.48418062054631,18.92938876731902,,,3.1270043510661556,nan,,,0.9858055710792542,,None,5.270069900851446,-5.090973014561158,7.6290918872973235,0.16685062646865845,-6.254212009293003,0.14244553446769714
Gaia,DR3,3485193582193988480,172.83813249607468,-26.451332493157537,13.366369247436523,1.1140403747558594,4.556335156963445,9.747794428556164,56.98764785125277,18.787655695732894,-5.886512279510498,1.4000952243804932,3.0639898476013387,nan,,,0.9063623547554016,,Gaia_DR3,5.111974660766469,-5.258371525346056,4.844499480903001,0.015145477838814259,-8.189218980660522,0.011163377203047276
Gaia,DR3,3492841029162288384,179.13405593058286,-23.743664453716438,14.138087272644043,1.422886848449707,4.740976501458611,11.819727439236962,65.94565187554977,19.103417794855176,11.262163162231445,2.3140478134155273,3.119288269564821,nan,,,1.5042585134506226,,Gaia_DR3,4.220553664214131,-5.722596113946833,1.358036846375663,0.03126360848546028,-4.487618792430237,0.019580716267228127
Gaia,DR3,3492222416432023168,177.4335111373917,-23.114333212541943,16.603960037231445,2.168689727783203,3.6002218743234846,10.153264456381791,66.63181135790491,18.826014967639615,,,2.9273900928840204,nan,,,1.018578290939331,,None,4.215440982139102,-5.54742951426476,3.8848129330712906,0.05310524255037308,-3.3503873667796773,0.03896191343665123
Gaia,DR3,3491931664324516992,175.1035328770244,-23.95995225226603,19.293508529663086,2.8795814514160156,2.6126112933361942,8.954519386197873,48.022018952928995,18.692519460128285,,,3.3274619483524117,nan,,,1.057142972946167,,None,5.181050466335246,-6.192215688507046,5.238026126104746,0.2777826189994812,-4.360452940244142,0.2058788686990738
Gaia,DR3,3492290861031801088,176.40871392672082,-23.545001398918902,16.98868751525879,2.399078369140625,4.558659353898138,9.606587736942258,58.911462515054794,18.77905929973878,,,3.642373378056451,nan,,,0.9759758710861206,,None,5.433657535776382,-6.831557273618399,2.0265762883344216,0.059938944876194,-6.02885634566039,0.04298150911927223
Gaia,DR3,3492280273935516032,176.41015727070112,-23.656818714526516,18.594568252563477,2.8455257415771484,4.001749941688616,9.674234069363571,63.45939820104083,18.79653844261442,,,3.751355711713892,nan,,,0.9783779382705688,,None,5.595963941429499,-7.006890310337814,5.996923298373378,0.16432024538516998,-10.14606492555655,0.11985407769680023
Gaia,DR3,3491023635223758592,179.38325515705444,-24.771604417937965,18.750194549560547,3.1102466583251953,3.7334686761817437,12.540058118832416,69.57094397498109,19.281573600820533,,,3.5587359659083377,nan,,,1.1109585762023926,,None,4.769441406211701,-6.261734957295196,7.300113846529476,0.24946585297584534,-5.061397714210601,0.1640463024377823
Gaia,DR3,3492203484216217728,177.65968092711142,-23.342390134452383,14.22538948059082,1.4715662002563477,3.4490607303947107,10.448918040824113,56.352268122003494,18.886264053159948,16.058305740356445,2.2623841762542725,3.3918873532325122,nan,,,1.0168589353561401,,Gaia_DR3,4.845335051797335,-6.366379597697387,3.594604570198143,0.018764659762382507,-4.240829431390708,0.013448604382574558
Gaia,DR3,3492203484216217856,177.66188879807675,-23.342960441510932,11.753411293029785,-0.501774787902832,4.339477928148769,10.450947202285155,56.439321608456574,18.88659219689662,,,3.3980666634697236,nan,,,1.0912591218948364,,None,4.853780631855982,-6.377768942892606,3.499004160480706,0.04948309808969498,-3.5799501977110317,0.036267656832933426
Gaia,DR3,3491839923826005760,175.79951514686016,-24.48360150637466,15.749228477478027,1.5121898651123047,1.585575566107382,9.775713308901494,62.47475761822163,18.85305308377344,,,2.96287449962793,nan,,,1.0679742097854614,,None,4.510539716867466,-5.383767610394868,3.847631467923813,0.041410740464925766,-4.6479969682178295,0.032362379133701324
Gaia,DR3,3531133583184034432,168.0850183525547,-28.803284435174188,17.163009643554688,2.593637466430664,3.713195660159844,11.147133085201357,61.39496426428468,18.491644663489385,,,3.153712986941349,nan,,,0.988770604133606,,None,5.971072969707523,-5.119475638426433,3.7889714744702223,0.07328840345144272,-3.9650424128670703,0.0832783654332161
Gaia,DR3,3494621207206544640,179.34117957956093,-20.562272221356594,17.316104888916016,2.356874465942383,3.254312644534217,10.832795277435965,64.9864880923713,18.612952544391867,,,3.0131320045466556,nan,,,0.9307857155799866,,None,4.044758909199105,-6.188043047509242,2.2004894824394716,0.10034879297018051,-5.254386031415786,0.06367325782775879
Gaia,DR3,3483299054939951104,171.4912664522512,-28.694037452628788,14.945616722106934,2.106416702270508,4.30705137441283,11.41937912604911,67.55045780215713,18.925357835037474,4.612109184265137,6.018326282501221,3.6701974318303185,nan,,,1.4922339916229248,,Gaia_DR3,6.361844157482857,-5.795153117582301,9.677710789401921,0.034758783876895905,-5.463331634739381,0.03237392008304596
Gaia,DR3,3493948924565726720,177.90203601185408,-22.657357140834176,16.181386947631836,2.2334232330322266,1.9048197795770745,10.30877705744621,55.26494331806848,18.804855629854345,,,3.3544669974264805,nan,,,1.0300838947296143,,None,4.7504862788462425,-6.447700915908691,4.623164947841394,0.044745031744241714,-7.7886735875351425,0.03640711307525635
Gaia,DR3,3530823486545034240,168.68982414714364,-29.924184743278726,13.024121284484863,1.024226188659668,2.7798058886187023,12.271747268947742,67.94412162308419,18.720149653094033,71.18034362792969,1.2781970500946045,3.1339138773858353,nan,,,1.0753968954086304,,Gaia_DR3,5.846053177377539,-4.8162037887266,4.351258486867088,0.014019659720361233,-3.7492686204722525,0.014286953955888748
Gaia,DR3,3531160211981362688,168.3024872084171,-28.618245093289765,16.110986709594727,2.413640022277832,4.282516582959794,10.960468220246046,65.96508098615324,18.496521423473617,,,3.681204431451382,nan,,,0.9932422637939453,,None,6.932915497370039,-6.0094680499857995,3.820715966547143,0.03619253262877464,-4.843670573421608,0.035332851111888885
Gaia,DR3,3532095140462550912,167.92419977544677,-27.737301965425374,16.662294387817383,2.300212860107422,4.322797313116112,10.085236951621876,67.49666272546942,18.322941710419688,,,3.8120059201481897,nan,,,3.9485323429107666,,None,7.245626333809944,-6.473106468679651,4.835435828783394,0.2251581847667694,-8.974814389891069,0.21523500978946686
Gaia,DR3,3532252675565754112,166.33822095915292,-27.624111496333114,18.089475631713867,2.820840835571289,4.666407581492586,10.12767509269661,59.53313058278988,18.081816990178346,,,3.0510568904112887,nan,,,1.6167365312576294,,None,6.019190890648904,-5.280086002321728,6.410493326347972,0.16691945493221283,-8.255871807562036,0.18194173276424408
Gaia,DR3,3518976214394265856,181.6957834110091,-18.553964486772692,19.55691146850586,2.8026256561279297,4.27386257210818,12.76771658692036,68.00954070122425,18.4969836933089,,,3.326403437774819,nan,,,1.065521240234375,,None,4.0576892382701,-7.229183313214649,7.017992822219314,0.498867928981781,-6.761622279315734,0.3868858516216278
Gaia,DR3,3532310606084871936,166.4492966132587,-27.323400273229332,18.5637264251709,2.544361114501953,2.2883414228821013,9.814034937519276,62.585620764929466,18.05459872136665,,,2.9641285528854127,nan,,,1.0818520784378052,,None,5.832876661467419,-5.183721559916542,4.565155315106689,0.16189205646514893,-5.845181722237541,0.1620817929506302
Gaia,DR3,3532068198130557056,167.3612768704355,-27.616533221944,18.733795166015625,2.7310333251953125,0.9968931487877447,9.995662978490378,64.31696254546449,18.226961583631258,,,2.950848260332565,nan,,,0.9302502274513245,,None,5.684788658484351,-5.0605357814293574,6.289745648012261,0.15958115458488464,-4.924170682767397,0.1999516785144806
Gaia,DR3,3533094390373255424,171.53879641832955,-26.95614548807796,16.302366256713867,2.2672786712646484,4.805510036255266,9.769713288099503,67.50015429604869,18.695722073244013,,,3.8388846971670643,nan,,,1.0050219297409058,,None,6.645502725922212,-6.521012242170258,2.9674781003566633,0.04320183023810387,-7.784464305158732,0.03789743781089783
Gaia,DR3,3533680116536649728,173.25567764814315,-25.354502817076074,19.10304832458496,2.978910446166992,2.9743743425078915,8.972721471913735,68.43611216761917,18.680250445225433,,,3.918846158948648,nan,,,1.0247383117675781,,None,6.458543423771248,-7.0012540786117805,8.828871681094384,0.2322773039340973,-6.353562110226539,0.19132164120674133
Gaia,DR3,3532783189926522496,169.28307605728332,-25.496155299257165,18.612638473510742,2.5997371673583984,1.3377261419543587,7.8921487039862965,42.830014226599786,18.18384215514585,,,3.3578249132765317,nan,,,1.0344785451889038,,None,6.171066686760439,-6.140964175812881,5.4185240627769655,0.18093986809253693,-5.566202807769502,0.17663277685642242
Gaia,DR3,3484776867286890496,173.23551143796556,-27.662666473169157,17.881860733032227,2.700336456298828,4.447801635546864,10.991747214629482,69.03925999507038,19.003745642325942,,,3.763658977894008,nan,,,1.0661017894744873,,None,6.206487065677422,-6.122253772027813,7.9085660066166055,0.11668078601360321,-9.213612729036413,0.09412238001823425
Gaia,DR3,3492150810737365504,177.88066930256696,-23.48478283104436,15.422782897949219,1.9034061431884766,3.1283466430285176,10.696150261942856,63.85045625351138,18.93217902178404,,,3.6518097992642677,nan,,,0.9733474254608154,,None,5.175549999634721,-6.8100741198946935,3.230642817706686,0.03193452209234238,-8.23040679268717,0.02180091291666031
Gaia,DR3,3492935621521495168,179.284795605259,-23.090495026782186,18.910192489624023,2.7663345336914062,1.2911347791566892,11.642133597494151,69.42693011859421,19.018514004301565,,,3.0080366118997754,nan,,,0.9815603494644165,,None,4.046664126520847,-5.652136423942544,4.763124155002501,0.27716976404190063,-5.255878670044782,0.21121922135353088
Gaia,DR3,3533047764208313600,168.9454373297583,-25.066627419679012,16.25214958190918,2.378525733947754,2.634549759214101,7.433677325548314,50.54613273698965,18.071635006352576,,,2.973680145619746,nan,,,1.4555013179779053,,None,5.511861000237545,-5.5374816045736335,5.133947405736046,0.06720922887325287,-3.9297497416251597,0.05994021147489548
Gaia,DR3,3533126310570308736,172.1234799682469,-26.492516925882363,17.047996520996094,2.4760169982910156,3.9320923850172282,9.519210517882406,68.84861501100052,18.704291592917652,,,3.88921973649633,nan,,,1.0280179977416992,,None,6.62333151597355,-6.700015152050748,3.7639797910610397,0.06172197684645653,-5.210906489998363,0.06021319702267647
Gaia,DR3,3531905504770344320,169.7385245446018,-26.51039021838659,18.19046401977539,2.6551895141601562,1.0914516775664778,8.953086510468278,59.89316873262357,18.39606491275006,,,2.941634802146077,nan,,,0.9447839856147766,,None,5.343463200571765,-5.160169151608834,4.672133727742983,0.1128595620393753,-5.246343887356022,0.11720088869333267
Gaia,DR3,3533768803318138880,172.97171851796676,-24.938432096107256,13.638365745544434,1.185582160949707,1.0313346922200546,8.483655122480817,64.06776129180662,18.58300034082825,-0.5535621047019958,2.5334837436676025,2.860672462491823,nan,,,1.5467946529388428,,Gaia_DR3,4.754178304261679,-5.202381500074534,5.235681602217305,0.017856376245617867,-4.808702967671771,0.016138719394803047
Gaia,DR3,3534365528894028544,170.7501315867246,-24.858645026736184,13.109554290771484,1.0771608352661133,4.617190668953473,7.555561453275251,64.39682548965378,18.284866021852533,20.43600845336914,1.8845542669296265,2.8156806295529844,nan,,,0.9253222942352295,,Gaia_DR3,4.98016866211645,-5.214660163733771,5.705802056450697,0.013762409798800945,-7.857496089761889,0.01160819735378027
Gaia,DR3,3533768799020911616,172.9707230528441,-24.938813215464165,12.473752975463867,0.9566679000854492,1.5480307726863156,8.483503540736752,63.04177927511864,18.582933568502114,0.39932337403297424,1.2784830331802368,2.8727133916830314,nan,,,1.0938835144042969,,Gaia_DR3,4.774328376834814,-5.224239044052983,5.25313255279653,0.01225333008915186,-4.418248901469956,0.010197710245847702
Gaia,DR3,3535330797022719104,165.91419054020108,-27.12606474834374,10.970914840698242,0.7581195831298828,3.3902857358413017,9.719509771746635,66.9109839953968,17.947926675011743,-7.743259429931641,0.4096556603908539,3.8292994992610403,nan,,,1.1191338300704956,,Gaia_DR3,7.627352075454912,-6.779222741156371,6.963067224125767,0.018812691792845726,-9.434205578878537,0.018819933757185936
Gaia,DR3,3533665449225233536,173.05034720734295,-25.517276681638496,18.322546005249023,2.4907875061035156,4.798321215727386,9.016343858032341,57.62049978034125,18.67889154340309,,,2.980984505602486,nan,,,1.0064222812652588,,None,4.942716857291596,-5.2999219045188015,6.260013043177896,0.14645422995090485,-2.5875104490480476,0.1328859180212021
Gaia,DR3,3534111399973596032,173.50289417497805,-23.85368954292961,19.320194244384766,-0.006862640380859375,3.5457305419076612,7.879663637711135,58.80949968915171,18.482743123702633,,,2.891880384905481,nan,,,0.9732161164283752,,None,4.731097464321304,-5.454926666634895,6.118875341468151,0.31381309032440186,-3.797630429951421,0.24902260303497314
Gaia,DR3,3534566464644397824,169.15522356447858,-24.594565488199947,12.38298225402832,1.0420236587524414,4.529928303539091,6.983182098568387,68.99877099631847,18.02746837870525,27.772111892700195,0.6697840094566345,4.040883915281809,nan,,,1.0026962757110596,,Gaia_DR3,7.450506687275384,-7.640069592890983,7.802949946662492,0.01386445201933384,-11.482800843539286,0.010215872898697853
Gaia,DR3,3533131838192190080,171.7038235965595,-26.61832161216888,18.208768844604492,2.5638389587402344,2.0279540869976267,9.499609006884043,53.13589731389515,18.669001348956535,,,3.4735849604513738,nan,,,0.9842274785041809,,None,5.985639765742431,-5.973415068703588,6.70632561209926,0.13047893345355988,-7.271816408317349,0.10183665156364441
Gaia,DR3,3533872226130113152,173.1251991673013,-24.602302637664966,18.7100772857666,2.7329673767089844,3.7164986318425206,8.27679543299508,66.66217481864108,18.551250247113103,,,2.8221717013190735,nan,,,1.017450213432312,,None,4.6691014958363635,-5.191959600451565,5.071579634648207,0.19442851841449738,-3.0177972160238116,0.14305417239665985
Gaia,DR3,3534683146019846016,170.33270702556308,-23.85670153896065,19.808486938476562,2.4567089080810547,2.2619863252304286,6.485341403027101,59.80670687900753,18.072372309377776,,,2.8214400138731115,nan,,,1.051409363746643,,None,5.046159088806975,-5.429614858217596,3.700900263543177,0.45352745056152344,-5.449249849786787,0.3994308412075043
Gaia,DR3,3534943940730032896,172.5653095993435,-23.48198169816584,9.61546516418457,0.3203392028808594,2.0973782495136155,7.0640559198367585,38.23570918702618,18.30631855198773,-8.790373802185059,0.9610285758972168,3.3340653956947044,nan,,,3.0663466453552246,,Gaia_DR3,5.606702916449612,-6.4092787527985955,6.554909411400091,0.055895306169986725,-5.280550386620825,0.0469898097217083
Gaia,DR3,3534775440573293568,171.83993941047072,-24.274048819200896,18.705965042114258,2.6162796020507812,3.4412975360012417,7.397811637212655,50.80722185196743,18.33758406334922,,,2.967623438436956,nan,,,1.0156577825546265,,None,5.094368542450628,-5.572122414907252,2.9415122531610014,0.20889969170093536,-5.5845915307288045,0.13902726769447327
Gaia,DR3,3535380584285233536,166.12221425612273,-26.627816757218483,17.482223510742188,2.5463638305664062,1.61525175332523,9.191932636803909,50.32979716169232,17.9048430918267,,,3.1788661837675893,nan,,,0.9573707580566406,,None,6.302176613651423,-5.721892617343105,5.221593972440218,0.08611757308244705,-5.785274029094386,0.0826912596821785
Gaia,DR3,3535856844618870016,165.9679946684852,-25.142084035658712,17.4776611328125,2.7062530517578125,4.963652867774963,7.790416008036194,53.40064567157562,17.65464688372315,,,3.6826158227123797,nan,,,0.9286848306655884,,None,7.326316930115375,-6.995407475763147,4.95799115795115,0.10163193196058273,-10.035155602670631,0.0905284583568573
Gaia,DR3,3535157933180363008,170.82963134543485,-23.050028010664374,17.714757919311523,2.8680286407470703,4.033542853303535,5.8929448191099905,31.80274980787899,18.009363765961094,,,3.228558087232869,nan,,,1.0538318157196045,,None,5.698239927792937,-6.366268981509636,5.2704515031027395,0.1286557912826538,-3.654524647574482,0.1123080626130104
Gaia,DR3,3531151759485760256,168.63265413301914,-28.59314180969902,11.999439239501953,0.8912668228149414,4.116207739208478,10.93980312518991,63.92177228304642,18.538118498800976,-0.5070047378540039,0.49776867032051086,3.621262305725323,nan,,,1.0466703176498413,,Gaia_DR3,6.764754021081778,-5.899071729508861,8.870450454509108,0.011699727736413479,-8.231481254966683,0.01090303249657154
Gaia,DR3,3535752597172752384,165.83620672781643,-25.82933475498476,14.185498237609863,1.280308723449707,0.8553713664665249,8.483410805440267,50.25698552204735,17.741831939459,-23.641742706298828,2.7945282459259033,3.0682156494817234,nan,,,1.0309512615203857,,Gaia_DR3,6.122090144145579,-5.696956380024891,6.558084890910683,0.019967231899499893,-6.0375571852545935,0.017394594848155975
Gaia,DR3,3537709727869906816,168.73383036341423,-23.609935297307075,17.042922973632812,2.2381668090820312,1.561398117097462,5.966422618015155,39.758590542708,17.81157316223344,,,3.033295531534901,nan,,,1.0090179443359375,,None,5.6521688713020835,-5.9489688689179365,6.573461332378823,0.07284025847911835,-6.333796281645886,0.0587100014090538
Gaia,DR3,3536505144162610048,164.75923916998067,-25.362101321936358,13.243075370788574,1.1461515426635742,3.18085975471614,8.374979568464457,55.97232704783396,17.506880257935006,20.005144119262695,7.168936252593994,2.9588195592045894,nan,,,3.4848108291625977,,Gaia_DR3,6.0451205611026415,-5.632057437169998,4.157809511626818,0.06468037515878677,-6.244055956316838,0.054919347167015076
Gaia,DR3,3537677326636549248,168.51653787123985,-23.80233541066036,16.417461395263672,2.46551513671875,2.576292323021363,6.148108691387245,38.270576396261305,17.811959202709023,,,3.4903445517998946,nan,,,1.1846678256988525,,None,6.538951319088168,-6.811248445158602,4.9013208814577105,0.06248059868812561,-5.856471457093614,0.059279780834913254
Gaia,DR3,3537599772410866048,168.47175349139286,-24.35059822065627,19.777368545532227,2.8290958404541016,3.073758479345608,6.694896618843404,55.33567443503395,17.89333566843266,,,2.8755431041611863,nan,,,1.0543721914291382,,None,5.3931127927700615,-5.509583772485181,6.469604723540695,0.42741331458091736,-7.03044615095347,0.41367289423942566
Gaia,DR3,3537598535460017152,168.64304556180352,-24.312725744827976,18.091766357421875,2.8080177307128906,3.651923545573557,6.662957035123212,38.6849986678971,17.911499562159996,,,3.1197528908902505,nan,,,1.0467047691345215,,None,5.82639995528674,-5.978089092055884,4.808789375863031,0.14023050665855408,-3.8025397972050237,0.13324396312236786
Gaia,DR3,3539363629579339648,168.39808595784032,-21.312399542316573,18.814666748046875,2.8640785217285156,3.0008774355003336,3.6559633381265915,69.2420330455034,17.37612126237568,,,2.677336240699662,nan,,,1.0200129747390747,,None,5.030487579639306,-5.6605821170960855,3.359398124593576,0.19880111515522003,-5.936551187424859,0.15727277100086212
Gaia,DR3,3536393852969289856,167.21482427343878,-23.934740548540386,13.371679306030273,1.2818498611450195,2.148644441333531,6.357241744253474,64.14594919801486,17.645923455387404,-3.6260294914245605,1.3828448057174683,2.7763606054219734,nan,,,1.0309478044509888,,Gaia_DR3,5.367157849607144,-5.442527023602822,4.202564686692838,0.014638316817581654,-5.9170814674003385,0.015157054178416729
Gaia,DR3,3535874947904443392,165.86863028101106,-24.931121517898124,19.260093688964844,2.649045944213867,2.9495752367746495,7.615341520782924,54.11919193623976,17.606523578879173,,,2.9360592193392425,nan,,,1.0332155227661133,,None,5.85414101227194,-5.621764637454421,6.831013725462505,0.38427913188934326,-4.07946502388568,0.27987799048423767
Gaia,DR3,3536239161131163520,167.02288680319808,-24.380438656336175,19.08130645751953,2.670835494995117,3.6900031590394824,6.826217600229025,47.3928673450984,17.689651829642646,,,2.9789874530917655,nan,,,0.964952290058136,,None,5.784852744506654,-5.761284080301456,4.5037941211935735,0.2545973062515259,-3.8302536929633795,0.2258899211883545
Gaia,DR3,3536247544906672896,166.29658350636416,-24.723865372335844,18.15287208557129,2.770090103149414,1.2579322675762157,7.306689563203216,45.64099987281802,17.63739373743078,,,3.0421835297531747,nan,,,0.9933677911758423,,None,6.0073812403546425,-5.846939614308391,5.823276858112363,0.1376093178987503,-5.061486776466891,0.1296725571155548
Gaia,DR3,3537962065788406912,167.58644096110328,-23.123410763201626,16.923812866210938,2.7630767822265625,2.42319986498738,5.505556556607757,59.046162401794,17.56699248517812,,,3.9188958406592347,nan,,,0.997254490852356,,None,7.509441617557375,-7.868828199271252,8.405572899565946,0.06968306750059128,-6.078692133155651,0.06504345685243607
Gaia,DR3,3534910783582489472,172.3275065772776,-23.740937905616256,14.014264106750488,1.38519287109375,3.2490823954739643,7.15745792523793,54.327255715491404,18.316928303429833,18.121784210205078,4.285011291503906,3.7475350877574853,nan,,,0.9814956188201904,,Gaia_DR3,6.34513279373548,-7.149202434718276,5.27010411362596,0.020375840365886688,-9.480071123456058,0.015070589259266853
Gaia,DR3,3538934274586042368,167.5205849621506,-22.039656682064873,9.681856155395508,0.5942201614379883,2.3355819873507904,4.441643723107718,32.82268387470642,17.374132366146817,-0.19919264316558838,0.2546457052230835,3.0360654371137428,nan,,,1.011940598487854,,Gaia_DR3,5.826887290972379,-6.31039522259381,6.739430096017956,0.02130267024040222,-5.126401341997959,0.014666260220110416
Gaia,DR3,3539060649701188864,166.24921075452858,-22.167077695948002,16.77750587463379,2.3611326217651367,1.6799683933164837,4.901354553976033,56.07731432964168,17.206227791460684,,,2.8079271311918292,nan,,,1.536730170249939,,None,5.550774467287802,-5.859111390006475,6.483058953615228,0.12532086670398712,-6.205167797222917,0.10378365218639374
Gaia,DR3,3538741546518600704,167.844042399086,-22.835278401175948,18.774091720581055,3.0392704010009766,4.111925151969867,5.194580606132514,41.463011858309365,17.556427251951817,,,2.965847778785195,nan,,,1.0089797973632812,,None,5.648211107122087,-6.000493637914063,7.956488379377532,0.21310748159885406,-4.868509368120193,0.17076072096824646
Gaia,DR3,3538756909614940544,167.60132538768963,-22.752875411938735,15.288704872131348,1.0345239639282227,4.230254150868575,5.1362276350437766,46.627159360068106,17.50724471472511,,,2.90603856413603,nan,,,6.188671588897705,,None,5.566612957087234,-5.904054318175121,4.472248890876109,0.3695791959762573,-8.253199857087708,0.3773166239261627
Gaia,DR3,3537405953422418432,165.33010037104472,-23.085105812790548,13.873299598693848,1.3790359497070312,4.46057045506564,6.096065063805552,53.39514266753446,17.22277523322541,0.7082009315490723,3.472851037979126,3.791303648268545,nan,,,1.182323932647705,,Gaia_DR3,7.650314635389539,-7.737192947841512,5.224756650576027,0.020691975951194763,-5.124431487572519,0.019798021763563156
Gaia,DR3,3538294698119466880,170.93920055583283,-22.38095737745073,19.885934829711914,2.8082637786865234,3.1457618111228562,5.337184083821234,52.733942830883606,17.91375536773628,,,3.8152660484421768,nan,,,1.0388147830963135,,None,6.713864720218489,-7.687021756546851,5.622076538838295,0.4527354836463928,-9.969461440853198,0.31223681569099426
Gaia,DR3,3538456880380943104,169.44044768588256,-22.063240156555956,14.914722442626953,1.6462793350219727,3.247404369742058,4.535651112303762,31.032699871230815,17.654210152334155,19.96780014038086,3.4783143997192383,3.0672796369715507,nan,,,1.0515183210372925,,Gaia_DR3,5.614539578448328,-6.298257524309575,3.616676984033775,0.028856895864009857,-6.944607606731252,0.02156936563551426
Gaia,DR3,3538886578971766528,168.4391201857694,-22.112231424725582,17.972660064697266,2.098987579345703,0.588153646599066,4.456571020242136,40.77882667322404,17.520242740713186,,,2.9426433941636225,nan,,,2.6012675762176514,,None,5.52339862697065,-6.06884674310245,5.5717180450562065,0.35698333382606506,-5.707205956333622,0.25781145691871643
Gaia,DR3,3540445965634940288,175.98192162662764,-22.742278948066716,17.54305076599121,2.612884521484375,3.327199001809499,8.824203763959167,51.89034146589138,18.603723476241505,,,3.07096899265596,nan,,,1.0218015909194946,,None,4.647050308104054,-5.942999489155655,3.9543890730690316,0.10671787708997726,-7.982590752881047,0.06924302130937576
Gaia,DR3,3539685515904920960,167.9465777789792,-20.254512738728074,18.206119537353516,1.6248149871826172,1.9312346483683172,2.6173043545320187,62.18878134894537,17.121903099509026,,,2.7174823536648893,nan,,,3.143913984298706,,None,5.162430693471267,-5.942392169107372,5.9119369220048545,0.4715607166290283,-5.128602386757039,0.3884417712688446
Gaia,DR3,3539462589923459200,169.71825080186557,-20.74840543648961,18.86760711669922,2.6207542419433594,3.8620902390564686,3.370928833435707,41.45140509837604,17.465409108972217,,,2.9028460051685565,nan,,,0.9929481744766235,,None,5.2757658763643835,-6.198013174711477,6.665944769759057,0.23940615355968475,-4.28671130242634,0.2622430622577667
Gaia,DR3,3539728259418221696,169.01290238477648,-20.314034478876096,19.5697021484375,2.8179054260253906,3.2464328263900035,2.742096853421397,15.404353967085841,17.287804253236356,,,3.206047784026345,nan,,,1.1495678424835205,,None,5.932504024952574,-6.959876013176805,3.9890975140959415,1.2129427194595337,-7.978451750796176,0.5458027720451355
Gaia,DR3,3539728259419596800,169.01275404107992,-20.31374500343966,19.401365280151367,2.746061325073242,2.856077296234115,2.74178177285624,58.71414171879962,17.287730961825183,,,3.991424540726805,nan,,,1.3378139734268188,,None,7.385800864581714,-8.66489798441064,5.006365846065696,0.42389222979545593,-8.327792805471365,0.2838362157344818
Gaia,DR3,3540312611194205312,174.543806393145,-22.5700614017478,18.28257942199707,2.9567794799804688,4.263332798592917,7.651781184811049,42.489310695300816,18.40586301962026,,,3.1622381895008376,nan,,,0.9777438640594482,,None,5.01152168739862,-6.204090709102268,5.772161377970046,0.18851540982723236,-3.465696606808397,0.11169939488172531
Gaia,DR3,3539027114596994816,167.0005728284193,-22.12219883422683,19.71397590637207,2.4721202850341797,2.2804022757871047,4.626748796009665,51.90262074647707,17.311342339957147,,,2.838429160919476,nan,,,1.029691457748413,,None,5.514778910807795,-5.9033534404211725,6.669058868036305,0.4538271725177765,-6.631062566505273,0.37235191464424133
Gaia,DR3,3540525164831826816,175.83319165621157,-22.254222716841248,18.162128448486328,2.841268539428711,2.45312961339238,8.444775692823518,48.211784081193564,18.50762865011009,,,3.47709123583688,nan,,,0.9880044460296631,,None,5.287499943806791,-6.850111319090659,3.7536246541354727,0.14660270512104034,-7.7885138925251844,0.09755712002515793
Gaia,DR3,3541373128812997888,172.16911069409704,-21.593923940687294,16.437469482421875,,4.915005694537796,5.3679920546964555,64.76553173252022,17.944590929935625,,,2.744280894085046,nan,,,1.1366829872131348,,None,4.667463618616064,-5.633605209758169,3.61802344176348,0.11708090454339981,-2.9909134162517557,0.16649863123893738
Gaia,DR3,3542083477749438592,177.30382102588842,-21.906313814809398,19.39385986328125,2.881410598754883,4.685801200456631,9.480677745750446,51.74691081163829,18.618074556404533,,,3.185295704800418,nan,,,1.1423169374465942,,None,4.6077842797875865,-6.305393137540257,2.929481463030427,0.4200260043144226,-3.6438834759152883,0.27882465720176697
Gaia,DR3,3540304850189314944,174.5961425166137,-22.789090374294418,14.700889587402344,1.7197866439819336,4.0421741390488615,7.82791715872391,68.44565269581622,18.447603599974933,2.5225932598114014,3.541882038116455,3.988066013996388,nan,,,0.9970709681510925,,Gaia_DR3,6.309974993803536,-7.762822123019525,6.156650537346099,0.026592954993247986,-4.367928286687276,0.01742739975452423
Gaia,DR3,3541496377194679552,173.0596990910931,-21.100389863472564,19.047874450683594,2.9423789978027344,2.6775995514319773,5.662370739608489,43.69361164309836,17.975539228315284,,,2.9616689630587585,nan,,,1.0236046314239502,,None,4.909341305840743,-6.148384525572096,3.2630603785227836,0.27539822459220886,-5.857636488717608,0.18492935597896576
Gaia,DR3,3541540215926453376,174.09436887107015,-21.7655592468404,19.118011474609375,2.7888851165771484,3.440521274236034,6.832370141256987,46.82486210995407,18.218350307180543,,,2.987409596528288,nan,,,1.008622646331787,,None,4.800678480388977,-6.037240915517441,6.9395077495816935,0.2747162878513336,-6.384008615330171,0.19274196028709412
Gaia,DR3,3540990911085151744,173.32274981292395,-22.919928482296058,17.05319595336914,2.4975528717041016,3.770805146512164,7.065676275642638,63.668821069833896,18.312047939975802,,,2.8043724054705086,nan,,,1.1015323400497437,,None,4.612627606241305,-5.47297797258612,6.000772200044705,0.081477589905262,-3.728654894867909,0.0665346011519432
Gaia,DR3,3543697393316525056,176.1264555768876,-18.67576796318082,14.659100532531738,1.438333511352539,2.366901823101038,7.511672867059977,69.07684109042788,17.923429947309454,-5.229309558868408,5.16562032699585,2.7682322482383817,nan,,,1.1471806764602661,,Gaia_DR3,4.16887987593142,-6.110673498593417,5.224832669079867,0.027728572487831116,-5.220262949788103,0.023315884172916412
Gaia,DR3,3533934795214417408,172.48527541999016,-24.83667692281352,17.544588088989258,2.655111312866211,4.1177915461569645,8.171555552348329,60.460421282140025,18.506528993807706,,,3.804261137045954,nan,,,1.0327367782592773,,None,6.412148651882046,-6.967559834469396,3.3734128102396315,0.100611612200737,-8.260519609506298,0.08866162598133087
Gaia,DR3,3533979909549003008,172.61959680275754,-24.620639982204217,19.62388801574707,2.667593002319336,3.3202215985425245,8.045922794214855,43.12360324537936,18.490656510109353,,,3.304858481082588,nan,,,1.0596063137054443,,None,5.548892569098057,-6.096071100984368,7.271568697888928,0.5032165050506592,-7.639843573134565,0.35420462489128113
Gaia,DR3,3534089482756044800,173.0900963649273,-24.10027623746512,13.515223503112793,1.140000343322754,1.7558359997679578,7.846258643662123,44.79802010093609,18.469736662308875,-2.1931231021881104,2.2080118656158447,3.4567459806310112,nan,,,1.9972550868988037,,Gaia_DR3,5.724876119893272,-6.4791026406349514,6.233773732746828,0.035142578184604645,-5.305151270851934,0.022119536995887756
Gaia,DR3,3534340755522714752,170.86631784441374,-25.237352923705792,17.491641998291016,2.894786834716797,1.7004364706145831,7.948242486632523,45.90835660107235,18.357850927669972,,,3.105565826387029,nan,,,0.9368311762809753,,None,5.475747671918178,-5.667486872403312,5.103857377296324,0.09798923879861832,-4.618191026844521,0.07296030968427658
Gaia,DR3,3541571552007108608,174.58489265741474,-21.475990464103205,19.500139236450195,2.796232223510742,1.5145908236228343,7.050209953011394,57.71136619537086,18.229934523688435,,,3.8201957864534317,nan,,,1.012457251548767,,None,6.046493770584648,-7.775218165312129,5.724142124374529,0.3730888366699219,-8.95160638184097,0.2527587413787842
Gaia,DR3,3541924701398789632,173.46867528107697,-20.46896702937922,18.159862518310547,2.46185302734375,2.1426720710556135,5.6413967990046014,48.97110341220324,17.918228570468397,,,2.9006627238345195,nan,,,0.9605246782302856,,None,4.750320409002043,-6.130653174907087,5.497975889792158,0.17166242003440857,-5.054694095436744,0.12117498368024826
Gaia,DR3,3540659266594248704,176.42114712172892,-21.69114313018986,19.04999542236328,2.883331298828125,1.7573809355691992,8.648858962162809,54.85414054287366,18.483025399223603,,,2.996856569171526,nan,,,0.9991710782051086,,None,4.468807195612587,-6.001597018232719,3.4691053098137377,0.30411505699157715,-6.4845719647116935,0.18961407244205475
Gaia,DR3,3541960645980975232,174.2736758769008,-20.441678969150743,12.131918907165527,0.8166084289550781,4.9203296810962955,6.300596366620725,34.39985596878932,18.01442819748644,3.9611167907714844,0.6717810034751892,3.340851130302877,nan,,,0.90470290184021,,Gaia_DR3,5.339140726737703,-7.040496838687172,2.0621884024537387,0.01526428572833538,-8.16743379906954,0.010304024443030357
Gaia,DR3,3541456897856810880,172.77526228449423,-21.500854612151585,14.212260246276855,1.1942214965820312,3.721603443260772,5.709132509415133,62.08319557295665,18.007437136251276,12.287574768066406,3.2715132236480713,2.776134195820544,nan,,,1.0579010248184204,,Gaia_DR3,4.640192568336249,-5.697907580412387,6.607437501409004,0.020678842440247536,-4.7631785308251136,0.01653580367565155
Gaia,DR3,3541274477709534464,172.7035332023,-22.222392640641363,19.35566520690918,2.188549041748047,4.698006517835222,6.1654713564382275,45.494882079214946,18.11934108969501,,,2.9654845768375298,nan,,,1.0464282035827637,,None,4.96700839646319,-5.946551413795733,7.006715492019051,0.4480050206184387,-3.8333948293378652,0.35502368211746216
Gaia,DR3,3540999737240982400,173.54531446496125,-22.78369723871742,19.6590576171875,2.5982608795166016,4.8355514680209035,7.109300914674886,48.46074314906928,18.31783140823766,,,3.631127480517996,nan,,,1.0190691947937012,,None,5.932963536256937,-7.11083933595221,5.387524676740521,0.399034708738327,-10.771941034886877,0.2628673017024994
Gaia,DR3,3543197115525572096,178.36777748870117,-18.475427110577876,17.187589645385742,2.5318355560302734,1.943282937889123,9.611687482204562,52.47947180291749,18.14164807615436,,,3.1838220949098703,nan,,,0.979849636554718,,None,4.433098068283792,-7.0129026919252,5.264747972857334,0.09656672179698944,-6.008140877960278,0.07379311323165894
Gaia,DR3,3542249847602755072,177.84120283433776,-20.948834919368764,18.839218139648438,3.0224666595458984,3.3489916394921986,9.590992697727197,67.85626663629905,18.518165042437698,,,2.8745907765075485,nan,,,0.9789099097251892,,None,4.07981192360721,-5.864393882737957,2.2590897779497983,0.23766060173511505,-6.760884762941478,0.15367388725280762
Gaia,DR3,3542515310941270016,177.51387000468682,-20.405818740978585,18.496150970458984,2.8378658294677734,3.2131168756703956,9.137789494862142,53.73205645082261,18.38944259127335,,,3.0659995940031606,nan,,,1.0067086219787598,,None,4.4025268197354315,-6.376830475750822,5.754818140091798,0.20367738604545593,-4.800660413036797,0.12575285136699677
Gaia,DR3,3534872712992512000,171.46872345871822,-23.88171004171156,17.52149200439453,2.646739959716797,4.326840341797523,6.895078062401143,37.36056764281324,18.22774483301901,,,3.2146986575990004,nan,,,1.0123414993286133,,None,5.575762146522096,-6.135601139628475,4.733099515538636,0.0994788408279419,-8.944171464173337,0.07185202836990356
Gaia,DR3,3534944937162764416,172.5392199111857,-23.44113258046648,19.380813598632812,2.8885669708251953,3.9769014410614236,7.016885398444042,39.843524106560494,18.296485222162648,,,3.1384785517723355,nan,,,1.0441045761108398,,None,5.281762494858871,-6.042885895891292,3.033939958410348,0.32447579503059387,-4.675204197338189,0.2507322430610657
Gaia,DR3,3535495002213945984,166.6409811974513,-26.130603650782316,13.4517183303833,1.1085643768310547,4.752634565470291,8.609980657685064,46.92462860710606,17.906068367141724,-6.761723041534424,1.9933069944381714,3.1930614397596955,nan,,,0.9675785899162292,,Gaia_DR3,6.255769706381971,-5.826790443660666,3.3729379363425407,0.0131287956610322,-4.439791378888469,0.013805500231683254
Gaia,DR3,3542950790562065152,177.7573092850592,-19.685614733766208,12.937976837158203,1.2607269287109375,4.957711687378958,9.191090715702385,49.39379639565944,18.291173785739716,-1.9696563482284546,0.9280939698219299,3.239900917504008,nan,,,1.2996546030044556,,Gaia_DR3,4.612126133656247,-6.8893369535476,4.917992976997272,0.02503933757543564,-10.261629584210924,0.019446836784482002
Gaia,DR3,3542110213922365824,177.28124415617168,-21.553052921252636,15.9365873336792,2.2112607955932617,2.760171163040944,9.317328759981747,52.0889849420207,18.557349753504408,,,3.136090237214072,nan,,,1.1848554611206055,,None,4.540194569844029,-6.284468584216032,4.712749894763978,0.05499155446887016,-4.467842889655758,0.03972683474421501
Gaia,DR3,3542795308448687360,179.46346952596173,-19.845815530704154,18.697612762451172,2.5154781341552734,4.913951171089775,10.799011395250472,58.67125220597771,18.50250852105839,,,3.4314943785995156,nan,,,1.0649573802947998,,None,4.5847063101644725,-7.2118234525227205,7.536989758277419,0.2651170790195465,-9.191737339267553,0.1525907963514328
Gaia,DR3,3544918813296107392,172.7420121957483,-20.41024469432215,12.346028327941895,0.8877954483032227,2.2326474602684248,5.025899350931067,28.544085787969777,17.814673637567243,43.06660079956055,0.9328803420066833,3.3651316938799605,nan,,,0.9916380643844604,,Gaia_DR3,5.6301093738233785,-7.14999590570029,5.732614927792765,0.014422344975173473,-5.5694683385744765,0.010050639510154724
Gaia,DR3,3545114423286371584,173.34701797276028,-19.552291873329743,12.775904655456543,0.8928394317626953,1.7565421303964002,5.150611259738397,45.73526870177496,17.740084122310094,25.918888092041016,1.4027892351150513,3.7031967109671022,nan,,,1.006339192390442,,Gaia_DR3,6.08662337446166,-8.054089204337062,6.54558873369026,0.016427353024482727,-9.346282740214182,0.01129237562417984
Gaia,DR3,3542752805452353920,178.73310827377986,-19.93264503570717,19.698673248291016,2.5919151306152344,3.9975230366643313,10.139669915151986,56.340321552725335,18.44061770206278,,,3.478830142770025,nan,,,0.9895749092102051,,None,4.778733510133456,-7.31120448646128,2.5268535317743988,0.4443380534648895,-5.434041100641581,0.2865851819515228
Gaia,DR3,3544358268524955648,171.32732304274245,-21.637096688840252,17.007831573486328,2.4892473220825195,2.313100757481635,4.898666267774598,39.57820468864115,17.840499462467065,,,3.609994316113256,nan,,,0.9646907448768616,,None,6.285806781087795,-7.434146111941937,6.247977092931643,0.07093305885791779,-5.674229586151107,0.05888676270842552
Gaia,DR3,3545012714164524672,173.2141147150019,-19.826636976601446,12.52377986907959,0.9963855743408203,3.2559857445340903,5.1397499536368665,29.981353786780968,17.772212049016623,-7.333032608032227,2.2463748455047607,3.3932140412983576,nan,,,10.086221694946289,,Gaia_DR3,5.599144222554418,-7.323417135741266,3.2703671554032314,0.15305642783641815,-7.2856372512453245,0.11777563393115997
Gaia,DR3,3544863627260274944,171.7123427555671,-19.947342620796917,18.382286071777344,2.9476776123046875,1.8969713376022823,3.9645645814124446,23.10950345677671,17.59674335767651,,,3.164430164992749,nan,,,1.000917673110962,,None,5.451613830092821,-6.852358020466468,5.594319024764775,0.17596684396266937,-5.594972588013501,0.16226252913475037
Gaia,DR3,3545185857182687872,172.24629409997544,-19.83736907694343,15.4541597366333,1.6269454956054688,0.7078297234620416,4.331575784044706,68.91395513069685,17.64806603731261,,,2.690155874927931,nan,,,4.106180191040039,,None,4.565386494152171,-5.829958152092777,4.885360860437947,0.1342001110315323,-6.072349034220656,0.09351075440645218
Gaia,DR3,3535943053201989888,167.48120675514866,-25.33807261787629,15.643714904785156,1.9765148162841797,3.7287779663358775,7.717254128741835,41.40747290604096,17.9066008260316,,,3.251166059303504,nan,,,1.0116970539093018,,None,6.24556016036281,-6.062530081480025,7.925265480024282,0.034826040267944336,-7.988615455123771,0.0316581055521965
Gaia,DR3,3536457070591779712,164.4925594197128,-25.743367419646354,19.241744995117188,2.8964767456054688,3.218149529163145,8.82120207101151,66.37844633524324,17.525815604276993,,,2.8508729142354134,nan,,,1.0052852630615234,,None,5.857975373901681,-5.368212128216882,4.54406006951809,0.30750972032546997,-6.787475462902676,0.3027435541152954
Gaia,DR3,3537812188607549952,168.78930553952935,-23.29479706891578,19.773841857910156,2.0605621337890625,4.423528616947255,5.656143996112958,60.17227207196754,17.76801796964598,,,2.7917380924359194,nan,,,1.0494163036346436,,None,5.19487132182749,-5.530841730043431,2.830663007722625,0.3720987141132355,-6.620805438116751,0.2928677201271057
Gaia,DR3,3544476019347735296,172.38526904668524,-21.268204061915515,17.282909393310547,2.4691028594970703,4.26751161284096,5.283538798039696,40.18762368237042,17.917237730513143,,,3.598102979232022,nan,,,1.0641118288040161,,None,6.082074983934952,-7.455337405755413,8.769865529349879,0.08766686171293259,-9.25916718024094,0.08077245950698853
Gaia,DR3,3544780240471320576,171.3979087777068,-20.334144393839672,18.17093849182129,2.7955169677734375,2.9338223712209377,3.972420168889718,68.02473542180756,17.623432158516835,,,4.125564301957822,nan,,,0.9982173442840576,,None,7.169603225901623,-8.84365347022127,5.2644272948614335,0.14880090951919556,-7.146348535064727,0.10935676097869873
Gaia,DR3,3544768278985714432,171.8252485935529,-20.346386096238096,19.115638732910156,2.767984390258789,4.222455882909303,4.287196684516571,35.64680032754817,17.682874458547825,,,3.576064339252274,nan,,,1.049564242362976,,None,6.141373509151846,-7.64687080522625,9.260002883087425,0.2918848395347595,-7.009052916157684,0.26838284730911255
Gaia,DR3,3545785292882004608,170.01494929158505,-19.52915293654069,14.783336639404297,1.5950002670288086,0.6449388660887765,2.4830702416749846,16.22936267898179,17.287969885004134,-8.753321647644043,2.687603235244751,3.353624964025476,nan,,,1.0022379159927368,,Gaia_DR3,6.048253432131025,-7.41127429877985,5.739860250085086,0.026340894401073456,-7.747117827419499,0.020821362733840942
Gaia,DR3,3545928435552454400,170.75469853468084,-18.853237241123363,19.30342674255371,3.0710411071777344,2.8358293756608184,2.625734109278944,19.342446644499816,17.26663192147907,,,3.118677553991779,nan,,,1.057820439338684,,None,5.515410841434103,-7.00250770501988,6.192416531457148,0.33912959694862366,-8.739659179966019,0.24123261868953705
Gaia,DR3,3540768019462173184,174.44288210160377,-21.99348156129919,13.192684173583984,1.4206476211547852,4.181787077216264,7.227996295666169,68.95753536040434,18.299050361133876,2.2186989784240723,4.120683193206787,4.028669641060473,nan,,,0.943003237247467,,Gaia_DR3,6.404733272810868,-8.065194610587929,6.538477450655051,0.014381163753569126,-4.5161887538523775,0.010468468070030212
Gaia,DR3,3546523580582534784,171.3911732187519,-17.683687377604155,19.858869552612305,2.450359344482422,3.6271805876379495,2.952158394904661,20.050780080238205,17.13374821118904,,,3.389397374981486,nan,,,1.1545991897583008,,None,5.891349225722927,-7.840713421956767,7.257806798409887,0.4819900095462799,-5.638521703457443,0.3162387013435364
Gaia,DR3,3545605045991467392,170.7342397475806,-19.97862540168982,16.135000228881836,2.0684804916381836,3.763441735575974,3.2749361475102754,21.328598518059827,17.469540121934113,,,3.131819515306676,nan,,,1.0433493852615356,,None,5.541695481765021,-6.80729071722902,3.1107645330611824,0.05024172365665436,-6.293201140757231,0.04024812951683998
Gaia,DR3,3546443664123407360,170.88173344966842,-17.620928735598206,7.495944499969482,1.1811208724975586,2.605976584888659,2.467361098163329,56.90944773175701,17.05141224503771,3.6926980018615723,0.12227547913789749,3.9667264012195966,nan,,,1.0466630458831787,,Gaia_DR3,6.991241516661637,-9.210638708349768,5.592201244687338,0.022388843819499016,-7.539850636171062,0.0196140818297863
Gaia,DR3,3545495159251080832,170.44995829978487,-20.3676638006528,19.199607849121094,3.0203990936279297,3.170238352922953,3.3913731880688074,57.56047916487872,17.499934208827696,,,3.9590888536536877,nan,,,1.1105669736862183,,None,7.058892176535716,-8.518314847128952,9.529774716244194,0.38266268372535706,-9.464723313215494,0.27724337577819824
Gaia,DR3,3545012958979329664,173.27432618070392,-19.81587154798622,9.032171249389648,0.32329463958740234,4.6592830894853,5.187142035280265,60.01556368484464,17.77801606435642,-7.949192523956299,0.18494798243045807,2.7805157284629463,nan,,,0.9116769433021545,,Gaia_DR3,4.579961505860233,-6.001384134089779,5.793264673223291,0.017672047019004822,-8.448165580264478,0.01312327291816473
Gaia,DR3,3548266650111198336,172.9922637253888,-15.903801936320724,18.87757682800293,2.881685256958008,2.4776487164036123,4.828730122088668,61.875157748242195,17.001407344044214,,,2.7561265689323817,nan,,,0.9757063388824463,,None,4.5776770638817235,-6.646224123264842,5.132378870060305,0.33852097392082214,-7.974622774010886,0.18832151591777802
Gaia,DR3,3546715346576319232,174.20601588543502,-18.439658053323488,17.1052303314209,2.2772693634033203,2.4665115629948775,5.675956715344544,49.24845251851012,17.645936408699566,,,2.8990709887224675,nan,,,1.0016237497329712,,None,4.642782631952082,-6.492365445605643,3.3593836552477945,0.08825939148664474,-7.283056338429156,0.053991444408893585
Gaia,DR3,3546919924458674176,173.88207103149793,-18.279377642993296,16.393190383911133,2.0637588500976562,4.386178754561635,5.352536379318845,42.98711990209522,17.575209811872885,,,2.9552197420415474,nan,,,1.0297329425811768,,None,4.779794407347101,-6.6572902223651775,3.126037365956752,0.05055376514792442,-4.481998750212843,0.03989972919225693
Gaia,DR3,3546679165771772800,173.76815203638697,-18.77487154996367,17.158245086669922,3.215867042541504,4.856170684993246,5.319162169198365,62.26829452130278,17.65244480591761,,,3.9832049822225897,nan,,,1.5052893161773682,,None,6.464737186002402,-8.84914090457155,3.254199357576599,0.16335876286029816,-6.33512299713726,0.12929442524909973
Gaia,DR3,3548022111849683968,172.27347368912433,-17.118430728677943,17.17239761352539,2.5529232025146484,2.135911243847612,3.8366754749187937,21.563913753503012,17.144514535674542,,,3.1903711924331675,nan,,,0.9937828779220581,,None,5.410100061474052,-7.4688760462295765,6.812466739348179,0.08760850876569748,-7.1574344195735184,0.05994622781872749
Gaia,DR3,3547316195321172864,176.4310903082186,-17.18594294059429,14.590696334838867,1.4329290390014648,1.650590188191736,7.778560902370804,51.75820342875731,17.68138500195004,46.02192687988281,4.199989318847656,2.979513891668681,nan,,,1.018592357635498,,Gaia_DR3,4.441455773535473,-6.860718699912606,3.944673160661567,0.02439463697373867,-5.95073672671067,0.01714964769780636
Gaia,DR3,3548060457317419776,172.63574700490966,-16.761082640107826,19.58979034423828,2.5049819946289062,4.289836113931282,4.244075963846967,67.2824795491511,17.1233826511844,,,2.7012744802880446,nan,,,1.0296393632888794,,None,4.533353575995893,-6.376366088972988,6.411562466017694,0.37045761942863464,-4.814330448488389,0.257284015417099
Gaia,DR3,3546074571815822208,171.74606929277354,-18.9742429877441,18.0363826751709,2.5476837158203125,3.3268385570332417,3.5325373605979262,56.671566746345796,17.424416414236887,,,2.773546365103405,nan,,,1.9594472646713257,,None,4.773715960669187,-6.178993273561172,2.8945181595202847,0.2963489294052124,-5.67668095035208,0.21928420662879944
Gaia,DR3,3539390705053262848,168.53301785784515,-21.15270754503659,18.457460403442383,2.662363052368164,3.9306932622325204,3.502253865865918,18.816003531068304,17.3676494803503,,,3.2643356419348,nan,,,1.0194306373596191,,None,6.1130485379650175,-6.929769689622209,8.778623489491268,0.15040045976638794,-6.470062346742907,0.1490335464477539
Gaia,DR3,3543421720839493376,176.1674798415045,-19.635925871489068,18.584793090820312,2.738645553588867,3.990833910450546,7.7179250823439896,43.6023251546761,18.101075138379354,,,3.1363437952940814,nan,,,0.9671552777290344,,None,4.716788033171331,-6.722433954676383,5.879159513206813,0.20515647530555725,-9.091244827261294,0.1322210282087326
Gaia,DR3,3547127629076909184,174.45624565184463,-17.22517157916145,18.754886627197266,2.7553367614746094,2.7456987313368666,5.895589231658748,57.2738217245368,17.448508258206942,,,3.8708839207850185,nan,,,1.075585961341858,,None,6.15133255821295,-8.964173249248635,5.423978224811129,0.22834402322769165,-6.844972214354463,0.1883961707353592
Gaia,DR3,3547101167782794496,173.7757457360162,-17.53512188591712,19.371545791625977,2.772113800048828,4.8659386511121925,5.227547165150949,57.29712223240751,17.421425189358892,,,2.8057025681075336,nan,,,0.9856986999511719,,None,4.55260692272933,-6.457594007261455,2.2446814045147754,0.34504222869873047,-8.177099349563008,0.2251134216785431
Gaia,DR3,3549289470799118976,163.21992241173956,-22.763245202801542,18.63344955444336,2.9561595916748047,3.3615754969555267,6.979011512353109,47.47199288465787,16.835839815786397,,,3.6205776646603236,nan,,,0.9957152605056763,,None,7.639747119421574,-7.569057096351218,10.188797636073087,0.2120790183544159,-7.276918350110726,0.2311118245124817
Gaia,DR3,3548884992255346304,163.5616042286341,-24.013735922790747,16.870874404907227,2.2748003005981445,4.463130992191207,7.740874822866777,42.86840361758948,17.1024047857495,,,3.1659154935485976,nan,,,1.0392507314682007,,None,6.633692493182686,-6.3554454666626325,9.601521109689829,0.08868579566478729,-6.100907083028495,0.0906275287270546
Gaia,DR3,3549505288611898368,164.5015207798457,-22.63887876534433,15.354461669921875,1.8357563018798828,0.7107630370570664,6.121168516375374,39.69363162906572,17.018077268462946,,,3.5256113253629215,nan,,,0.9624252915382385,,None,7.243042858283975,-7.3344748100335195,7.012121469916087,0.044627368450164795,-6.859356297981723,0.033540237694978714
Gaia,DR3,3549242367893781120,162.2265211253332,-23.083853411678565,16.894927978515625,2.3473472595214844,4.524880760096725,7.857881098391429,54.834721260449086,16.729878205959302,,,2.9411114010743558,nan,,,1.002954363822937,,None,6.33082224154996,-6.13265611415761,7.799196026109752,0.09331994503736496,-8.523199140866058,0.0856698527932167
Gaia,DR3,3547741465803260672,172.86991792199188,-17.79613992471547,19.28607940673828,2.909799575805664,3.9494752577813466,4.36177106528273,23.413761120225995,17.353579090533028,,,3.2662924522316468,nan,,,1.0639280080795288,,None,5.444451970061355,-7.4888821292429135,8.147054117659358,0.3730252981185913,-7.791388048764753,0.2344079166650772
Gaia,DR3,3548203638644345856,172.62229028868464,-16.589943230298285,18.105894088745117,3.006988525390625,2.7392358933654983,4.272882517378144,55.744183905500954,17.08809165401125,,,2.795765958575568,nan,,,1.026523232460022,,None,4.693755752667138,-6.629863215992411,3.713458589024874,0.1689954549074173,-7.91260626478749,0.10686041414737701
Gaia,DR3,3540409784830430848,175.93607675618452,-22.851486952446674,11.510522842407227,0.6974143981933594,2.2095920833096736,8.850562445777058,48.51141556373643,18.61588213342355,31.734893798828125,0.5855028033256531,3.178318495344379,nan,,,1.1566367149353027,,Gaia_DR3,4.816793924779476,-6.128454491890652,3.544265254192875,0.0259914118796587,-5.371834050946719,0.01599765010178089
Gaia,DR3,3540742146579383296,175.45481104612728,-21.8154144735304,12.988852500915527,1.0366439819335938,4.8696031627398,7.918015536662761,61.57634503790463,18.391090406255177,4.9201979637146,1.5225625038146973,3.844180993456176,nan,,,0.9738076329231262,,Gaia_DR3,5.918384477384658,-7.702459693354381,7.689475031810824,0.016324974596500397,-4.1759285127306605,0.012278231792151928
Gaia,DR3,3544004809896177536,177.27268392183717,-18.180564130336517,17.558441162109375,2.5863113403320312,2.925006033105833,8.559291293676118,56.0274599202205,17.965409157031704,,,3.6760678839023067,nan,,,0.9763651490211487,,None,5.323528724360268,-8.20058519861275,4.571526121600034,0.11537063121795654,-6.062221412560826,0.08230996876955032
Gaia,DR3,3551051300743821696,162.75428357405644,-19.896287646152434,19.433002471923828,2.450529098510742,4.769791190660133,5.701048227707153,30.723827680416427,16.242283916475,,,3.2332558117228327,nan,,,0.9656505584716797,,None,6.887034601185059,-7.34417582721986,7.648591793176104,0.3050152659416199,-10.504824814555871,0.2798450291156769
Gaia,DR3,3542244728002060544,177.63396865229797,-21.063701587692673,19.407485961914062,2.8270187377929688,3.453443511762731,9.44541364028199,52.92916553765383,18.514723114660217,,,3.4757510584902365,nan,,,1.0049947500228882,,None,4.969680110591151,-7.070010395045294,2.761004211451343,0.33313044905662537,-8.304825283881284,0.2344246208667755
Gaia,DR3,3542736488872823168,177.96946290948804,-20.173269702162482,13.37103271484375,1.131887435913086,4.961908213818759,9.491266591632028,63.981509471766444,18.399669666253086,-11.471304893493652,1.5542117357254028,3.7800756814480097,nan,,,3.665888547897339,,Gaia_DR3,5.340224805772651,-7.906691937663388,7.558945855212368,0.07621423155069351,-11.17956088742095,0.06744839251041412
Gaia,DR3,3549969243863137920,161.73646467056312,-23.109047310355137,17.616405487060547,3.2120208740234375,3.928882565202362,8.212371930808189,67.21970328860849,16.653563896107887,,,3.9413976584496355,nan,,,0.9864723086357117,,None,8.565540257514181,-8.2409023020814,11.025325594363627,0.10420307517051697,-10.387089345366103,0.12434779852628708
Gaia,DR3,3551158369983574272,166.3109321706582,-21.087938670964444,11.015210151672363,0.8137874603271484,4.125139778703677,3.9064698581842894,26.722342921027018,17.026295291288644,,,3.0903960612883212,nan,,,1.0670689344406128,,None,6.100592624246207,-6.656265458105338,7.928783570778819,0.02197510004043579,-8.626095221775545,0.017766620963811874
Gaia,DR3,3551521273245026432,166.10650342541933,-20.46054164837358,17.82040023803711,2.6293468475341797,4.981806897723068,3.4820814242929674,28.04366010701843,16.882117640243404,,,3.0481519478679537,nan,,,0.8806365132331848,,None,6.045180143592141,-6.692286323834201,6.714391935720961,0.12026704847812653,-9.82277055272262,0.10358069837093353
Gaia,DR3,3551727848288649088,166.9358520526913,-20.23148552936986,17.612443923950195,2.2097244262695312,4.688126439145992,2.8759472183527244,69.8156140014179,16.966861569202848,,,2.663628677209422,nan,,,1.0267186164855957,,None,5.182978265529998,-5.859738898133724,2.668594178254697,0.11494732648134232,-6.639353491704671,0.10514979809522629
Gaia,DR3,3550188390274736000,162.16475560447233,-22.006774556334783,18.163433074951172,2.7326583862304688,4.7396048088510225,7.219388712951992,64.7847031376555,16.53091227784574,,,2.7990418537322896,nan,,,0.9979848861694336,,None,6.0323395806579505,-6.023510324897783,3.3077659755041697,0.14786674082279205,-6.654477596254576,0.1450420469045639
Gaia,DR3,3550353076500759680,161.02615851871755,-21.858898380321474,18.35019874572754,2.7231483459472656,4.413060677103537,8.02397343317845,47.43076701483934,16.314005998863667,,,3.0785437011894525,nan,,,0.9586771130561829,,None,6.781847956330918,-6.702316267823827,3.952280755754816,0.22136253118515015,-6.259396082311561,0.18577060103416443
Gaia,DR3,3549667054260389120,165.09769095417607,-21.697090763007175,13.921624183654785,1.1840238571166992,4.285379668579243,5.036110879758632,58.08975282155208,16.947238229780787,7.639646530151367,2.7513458728790283,2.793554055614894,nan,,,1.1326086521148682,,Gaia_DR3,5.665755590889271,-5.953662532466781,7.653891852951362,0.02206236869096756,-4.399193213075232,0.020037051290273666
Gaia,DR3,3551242001587858816,166.8956967921983,-21.01955181572156,16.878299713134766,2.4049882888793945,2.449863927677371,3.6109466214684915,25.839789502098682,17.102653463814704,,,3.084445222953321,nan,,,0.9835622310638428,,None,6.0074309652761455,-6.634525261869921,4.5343615911601765,0.07745399326086044,-6.028182109137721,0.07139238715171814
Gaia,DR3,3548931957721712640,162.60372975783434,-23.891359005092355,18.20197296142578,2.561727523803711,4.726633449504453,8.192032863361296,44.8887976492567,16.928715369403147,,,3.3900505866310278,nan,,,1.0786995887756348,,None,7.242805603238454,-6.8800637776119,9.363728321924132,0.21274897456169128,-4.250989216140439,0.2260034829378128
Gaia,DR3,3545743756254711808,169.52817046672908,-19.94333031554495,16.744285583496094,2.173373222351074,1.9554040771454695,2.5672711555517473,69.58542823701453,17.29453452206141,,,2.662222077115807,nan,,,0.9818661212921143,,None,4.862167130988699,-5.826988697118997,4.148910371630223,0.06142030656337738,-6.661009804007539,0.05001756176352501
Gaia,DR3,3545885146578760320,170.2208763100949,-19.28547585057655,9.4727783203125,0.6745519638061523,4.049630871277096,2.448057266647881,20.826039000998662,17.27218433714428,-15.716852188110352,0.223083034157753,3.432964360344235,nan,,,1.0421812534332275,,Gaia_DR3,6.158008617039623,-7.632455995405204,3.2467997529017225,0.01710246130824089,-7.9701695581916185,0.016567857936024666
Gaia,DR3,3552522142360946048,163.80993883141818,-19.765316388472815,19.392425537109375,3.031696319580078,3.5361207019863587,4.7399114355622745,62.208858197893825,16.390845964644072,,,4.001576558601404,nan,,,1.0279842615127563,,None,8.341626587991733,-9.06815223833335,7.060805729237146,0.3207911252975464,-6.374152624095239,0.30190250277519226
Gaia,DR3,3550551950665968512,163.13588495694322,-21.66281169832973,18.371700286865234,2.6569957733154297,2.8476808282746973,6.293624304620525,60.12679773245805,16.628761064805083,,,2.8117889092648225,nan,,,1.020495891571045,,None,5.943293253705155,-6.072144899252488,5.461804312992611,0.20777244865894318,-4.454300926416798,0.16471703350543976
Gaia,DR3,3550608304933329152,162.98566348399007,-21.355793077527835,17.546344757080078,2.547698974609375,1.9013177842596116,6.219931146639379,40.26154507029206,16.54916231835749,,,3.0442674437129025,nan,,,1.0176582336425781,,None,6.454320239986562,-6.637469882519915,5.353990177009679,0.11608397960662842,-6.110073714662736,0.10148942470550537
Gaia,DR3,3550457706200209792,161.45412210461055,-21.543870220959235,18.01238250732422,2.3739547729492188,1.0331284220328507,7.521963466191969,52.107862275660516,16.32927378978157,,,2.9574186404243807,nan,,,1.043814778327942,,None,6.4621855150136165,-6.476679310710518,6.895169648943088,0.19040685892105103,-5.999815241561517,0.2274472415447235
Gaia,DR3,3552942293241547776,166.46945293731946,-18.48466513353548,14.98975944519043,1.9610776901245117,2.60816285859538,1.9205974461096547,12.06036147848836,16.56948243259289,-26.72138214111328,5.668601036071777,3.3189124950831217,nan,,,4.201383590698242,,Gaia_DR3,6.528014364572361,-7.676772617924254,6.245311130929734,0.11543210595846176,-9.479568856828191,0.09671378135681152
Gaia,DR3,3551875148486768512,167.9780994103682,-19.44421170542581,15.677932739257812,2.1092281341552734,1.240266579705085,1.811187694747345,32.872880858318915,16.978263886582514,,,3.6209123354023274,nan,,,0.9534647464752197,,None,6.873443279873425,-8.100847356210501,6.614861968005841,0.050495587289333344,-7.190119046296115,0.045853789895772934
Gaia,DR3,3551965136641656064,166.50863290315604,-19.60120409733234,17.942012786865234,2.5460968017578125,2.318169348852592,2.575900990066614,24.92870347803294,16.786002573326506,,,3.0473138217611435,nan,,,0.992506742477417,,None,5.988422156363979,-6.838288995413944,4.807606464602921,0.15705667436122894,-7.745701410106762,0.13405992090702057
Gaia,DR3,3550765187202506880,163.58870075250502,-20.6389792555728,11.662796974182129,0.6846675872802734,2.378501487898639,5.35059266326551,41.954293329731605,16.516949743988558,-3.0479156970977783,0.8393694758415222,2.967416581021595,nan,,,1.1072765588760376,,Gaia_DR3,6.214289350404533,-6.5758072406751396,4.731289369406675,0.020802786573767662,-6.696440909871028,0.021962225437164307
Gaia,DR3,3552277359288484736,164.82182985734914,-20.00325896755655,17.95418357849121,2.854043960571289,2.8352925942400895,4.036344324170707,67.40455587059542,16.597575013615057,,,4.112929246835019,nan,,,0.9473597407341003,,None,8.39172954679174,-9.210106953238913,6.385491547240563,0.1322362869977951,-7.789402050870473,0.10257231444120407
Gaia,DR3,3552419097505418240,165.6523180139279,-19.335517176295472,15.1747465133667,1.7094974517822266,3.252598672570407,3.0141377947261696,19.142848836452387,16.603832890947842,-7.04011869430542,4.417069435119629,3.1492979676183417,nan,,,0.9977068901062012,,Gaia_DR3,6.309716191453244,-7.149705469802818,6.779320334217268,0.03196898102760315,-5.041973796529519,0.02711421251296997
Gaia,DR3,3547674601752210432,175.36613355624445,-16.11658694671913,17.181718826293945,2.7096433639526367,4.2017999528835315,6.940864455818469,66.92879240911661,17.34614910358721,,,4.0027798358904665,nan,,,0.9976230263710022,,None,6.180251619466892,-9.525286510202147,7.0629044448817355,0.09096240997314453,-6.091320159344838,0.0607747882604599
Gaia,DR3,3551087241030871680,163.08696597341026,-19.57064454760244,19.41339874267578,2.5288314819335938,2.29908984717274,5.291018737445781,55.73501540117313,16.23588133078635,,,2.8217712453794177,nan,,,1.0209267139434814,,None,5.970324472214304,-6.452704441877899,5.22344195841881,0.40293651819229126,-5.307024691922261,0.42248597741127014
Gaia,DR3,3550920596299221376,162.37331270706116,-20.469314980280817,18.360610961914062,2.8018150329589844,2.9468282134622066,6.260723012798358,59.27782028421059,16.286019348105864,,,2.8188317993995566,nan,,,1.1048076152801514,,None,6.050050004295859,-6.31993557269836,7.228387217481276,0.2270003855228424,-7.615286464361596,0.2654649317264557
Gaia,DR3,3551365868444597376,166.53897977614847,-20.282506634897175,11.459754943847656,0.7646884918212891,2.926042575257788,3.1047864705417014,39.17105853306028,16.915933181477214,-5.361443996429443,1.3240545988082886,3.67879068870593,nan,,,2.314415454864502,,Gaia_DR3,7.224333631941683,-8.098541545524895,6.703947972381646,0.051334481686353683,-5.889793424712818,0.044622041285037994
Gaia,DR3,3552774475983283968,164.43519884335868,-18.343174324968796,19.580005645751953,2.7702903747558594,3.690360645238535,3.732267898255156,30.689974179182176,16.220873752220513,,,3.523304255321185,nan,,,0.9365031123161316,,None,7.248545522324095,-8.259146300672338,5.850130605288003,0.41989266872406006,-5.901698671166126,0.36176085472106934
Gaia,DR3,3552552924389627264,163.90917059550782,-19.532952907241356,18.914758682250977,2.6603126525878906,1.0604856010914776,4.558112819301258,25.33075520464163,16.363257679760363,,,3.331635374521264,nan,,,0.975157618522644,,None,6.930713053314009,-7.59260656370853,6.5039404035767765,0.275039941072464,-8.20303887598584,0.23920264840126038
Gaia,DR3,3553406424587430784,160.5455407235683,-21.262080600152867,11.349843978881836,0.6908197402954102,3.8392432955005598,8.143574640132833,55.399507294097056,16.123613830660805,32.2663459777832,1.015644907951355,2.9514639116150447,nan,,,3.576228380203247,,Gaia_DR3,6.5606779324460875,-6.550969744481267,7.545440282272744,0.07476513087749481,-4.37462707013964,0.08272595703601837
Gaia,DR3,3545693758538467712,170.25497917839638,-19.4295278742099,19.629425048828125,2.861112594604492,4.6867408616283885,2.568859797552538,49.94078852495616,17.303398633979125,,,3.8547432726161306,nan,,,1.0234770774841309,,None,6.908383314955697,-8.533483324952279,3.7868454702336405,0.49835264682769775,-6.351529120833691,0.3279380202293396
Gaia,DR3,3548837159203015424,163.1688297035037,-24.555302295447696,17.14251708984375,2.574295997619629,3.3512897884026285,8.389594848077438,45.08939576387509,17.129403926932316,,,3.240662768677641,nan,,,0.9692723155021667,,None,6.845215811151896,-6.414122061173496,4.88120307967508,0.09562613070011139,-7.590718573118062,0.0800357460975647
Gaia,DR3,3555438528232937856,159.3862059386066,-17.930708862554482,13.436408042907715,1.0252113342285156,3.916561983329116,8.484188451465117,62.93785799749391,15.279910212895828,-6.2682671546936035,2.709047317504883,2.8739868185117636,nan,,,1.0598596334457397,,Gaia_DR3,6.524663637733175,-6.976490055446434,4.398291861349661,0.018551772460341454,-5.923285321102746,0.016371222212910652
Gaia,DR3,3553078873201036672,165.1563563250059,-18.550330227431505,13.299030303955078,1.0695734024047852,4.110087781087309,3.111942365077218,16.810609135389697,16.376422971239112,-5.382162570953369,1.979451298713684,3.2346722688548133,nan,,,0.957642138004303,,Gaia_DR3,6.55201547937702,-7.516040542329264,7.722414936465245,0.015375115908682346,-10.062636409698843,0.016250042244791985
Gaia,DR3,3553252699117267840,166.16497554157354,-17.687651021313037,17.0957088470459,2.2406253814697266,4.744690042722342,2.027717196841828,49.846099845969604,16.367985371655617,,,2.8075849260193837,nan,,,1.0337483882904053,,None,5.560716852370972,-6.638876527984363,2.8272316617866187,0.08640521764755249,-5.995299016962252,0.07506370544433594
Gaia,DR3,3552976408165068800,166.70415286388632,-18.196887177001063,18.300498962402344,3.0872631072998047,4.2460602108739165,1.6048643476431812,66.68551477556011,16.550387001678583,,,4.141105850022012,nan,,,1.0163463354110718,,None,8.101336658880179,-9.640725844365537,4.43309400492417,0.18372692167758942,-10.173663486191586,0.13719727098941803
Gaia,DR3,3554304618211052928,161.08847844496114,-19.14193084590021,7.992941379547119,0.045992374420166016,3.497492730358743,6.994681695737486,61.75880526930983,15.81717610880055,-5.311905391216278,0.6214314699172974,2.820651225584247,nan,,,1.0464180707931519,,Gaia_DR3,6.206410250904467,-6.591876503210485,4.253221053477338,0.03948637843132019,-5.87763506853095,0.03533969447016716
Gaia,DR3,3554869526670090752,158.33666418449283,-19.10521097973252,18.556312561035156,2.8414669036865234,4.291230374137959,9.556980677719316,59.664096410556176,15.324558153205867,,,2.991589100298911,nan,,,1.0278505086898804,,None,6.9176061000806675,-7.103885216982898,4.2243477067789525,0.23583552241325378,-6.838574039343081,0.22418692708015442
Gaia,DR3,3554830876259868672,158.09205562990735,-19.41999104900829,15.177602767944336,1.5886287689208984,4.398423405832969,9.828967653851235,65.77248260707059,15.34194305697537,,,2.9172392687399706,nan,,,0.9845178127288818,,None,6.7739854407113285,-6.885012678887469,6.662706594035707,0.0344398207962513,-9.587679937133553,0.032871611416339874
Gaia,DR3,3554425495771182464,161.4368828465292,-18.68010723846328,17.754945755004883,2.7223033905029297,2.1017759147800037,6.593439223677024,52.5828994069717,15.787253950194085,,,3.7488072340667324,nan,,,1.052591323852539,,None,8.194136499236395,-8.845505996236522,8.022685387036589,0.15428504347801208,-7.193373824084009,0.13708165287971497
Gaia,DR3,3555441414450963584,159.41368631746738,-17.82071042533061,8.533072471618652,0.056461334228515625,2.6946338438740773,8.457820617181275,58.062759324838105,15.262702795679436,-6.760590081214906,1.3959758281707764,2.9346957998066623,nan,,,0.8899797201156616,,Gaia_DR3,6.659222666835338,-7.141028316347073,5.377394004734208,0.026592830196022987,-6.075175701111805,0.028093434870243073
Gaia,DR3,3556415405659203072,165.36394448375938,-16.613690974128833,19.28334617614746,3.0293521881103516,0.9025272106203274,2.987272082416674,32.2707762132307,16.028089715216556,,,3.5802987691267885,nan,,,1.1018372774124146,,None,7.219159365422827,-8.724870919997812,7.8938779269584725,0.3442704975605011,-8.818574035179669,0.3033524453639984
Gaia,DR3,3556931557648424448,162.1658232808715,-17.126882122459605,12.337851524353027,0.8203277587890625,3.5973019292597637,5.870735247207153,31.861229024670607,15.603364162889196,-9.440177917480469,1.9328476190567017,3.214865202707003,nan,,,1.219910740852356,,Gaia_DR3,6.928353593205664,-7.846917831547033,5.35658991232939,0.01651814952492714,-5.9832311393309805,0.017875604331493378
Gaia,DR3,3557297454502646912,163.27327414106193,-16.563395698526392,17.780698776245117,2.8607425689697266,4.227438854137302,4.920479262707631,63.295789980538636,15.676017484467177,,,4.015023666905894,nan,,,1.0534555912017822,,None,8.462840779892895,-9.88230181630387,12.030473782421863,0.14345143735408783,-9.608355399564857,0.14214403927326202
Gaia,DR3,3547496377789432832,175.3355249611886,-16.800668075308316,13.478517532348633,1.1641874313354492,3.089593462864392,6.780533824041849,36.60998278958953,17.475850620530423,18.124876022338867,1.6386539936065674,3.225022070643838,nan,,,3.0930933952331543,,Gaia_DR3,4.984319193364919,-7.533810765077296,6.065817179730343,0.06360805779695511,-5.733111949837882,0.05974939465522766
Gaia,DR3,3547790183616071040,172.79738265735512,-17.69579080126146,18.791118621826172,2.7804794311523438,4.230640488886364,4.291859482635842,26.37173326894258,17.324976402841436,,,3.401177207880729,nan,,,1.062728762626648,,None,5.681272345023025,-7.822121405536802,7.298821541549552,0.23565299808979034,-5.2560108560143615,0.2146475464105606
Gaia,DR3,3553911856338370944,161.89692750424516,-20.57878606520142,15.253265380859375,1.8686790466308594,4.8505086085666305,6.711020250201845,52.04408982298533,16.226726504293463,,,2.913405480893634,nan,,,1.5281373262405396,,None,6.311789741022152,-6.531198500778851,3.529214876300449,0.04670976102352142,-5.467202884385878,0.05415966734290123
Gaia,DR3,3554161273678870144,162.70956303885004,-19.13996359981913,17.05181884765625,2.423307418823242,3.248898961483331,5.500973536797572,38.303909150802674,16.091286152914613,,,3.023487494603449,nan,,,0.9962485432624817,,None,6.4459920046981365,-7.005491769422535,5.898765261224388,0.08213448524475098,-5.008317056490481,0.07721098512411118
Gaia,DR3,3554785899362420352,158.67742744089125,-19.6113515674249,15.69243335723877,1.833054542541504,4.481445217036507,9.316827312190204,67.41838523630942,15.484631209045864,,,2.864572730300643,nan,,,1.0785143375396729,,None,6.584982436306086,-6.707017531373636,4.215523275403286,0.04196976497769356,-5.399539984884221,0.054263800382614136
Gaia,DR3,3556659153642744960,164.51490689964675,-16.339490013092927,18.719343185424805,2.736551284790039,4.7012614878162555,3.8457947979152336,36.573458426818185,15.835434498420547,,,3.612163543887388,nan,,,1.0667240619659424,,None,7.418735789067127,-8.891516290022096,8.071777130060259,0.29655200242996216,-5.371665102233511,0.23475930094718933
Gaia,DR3,3556934173284287488,162.01814609093776,-17.10741187467807,15.508718490600586,1.9332084655761719,1.0536901959089637,6.013144103320631,32.42726846251843,15.57422814237076,,,3.3055262727156185,nan,,,1.0985671281814575,,None,7.144389156423807,-8.077311335163651,7.558217737838216,0.04902960732579231,-8.68383521460351,0.03506883978843689
Gaia,DR3,3557575360362106880,162.67480260920436,-15.96621450740446,17.628660202026367,2.42926025390625,4.2048163643167165,5.637328607121284,64.534465676876,15.45260226182074,,,2.7528719051422295,nan,,,1.0241245031356812,,None,5.873132916559852,-6.887014228949864,7.558752639832009,0.13611143827438354,-5.122578723658519,0.09887347370386124
Gaia,DR3,3556631665852156416,164.73579876725876,-16.377340294452043,16.615028381347656,2.2357826232910156,4.589295929244433,3.634261628172763,32.005964887767625,15.879067048306293,,,3.549441996230845,nan,,,1.0489673614501953,,None,7.255473882748482,-8.721383717238128,10.586266417214793,0.08066346496343613,-9.556861475071136,0.059545110911130905
Gaia,DR3,3556213026799960576,164.67232236272767,-17.56183012233976,19.00027084350586,2.5658950805664062,3.752083606955352,3.4522024202708943,23.047143193837215,16.106214226562116,,,3.407552862254693,nan,,,0.9707339406013489,,None,6.974948598930903,-8.13733470308241,7.688949388701097,0.2782404124736786,-10.736338694516986,0.2299506813287735
Gaia,DR3,3556016248577880320,163.1088867238772,-18.075964554852256,19.70257568359375,2.6471920013427734,3.9716961116404708,4.951524559509751,30.183735631030068,15.951244382396197,,,3.4218212893869535,nan,,,1.0130947828292847,,None,7.236692313508785,-8.127046093461004,4.920917213812561,0.5994465947151184,-6.440211377044751,0.44005802273750305
Gaia,DR3,3556424961961495552,164.9975500987826,-16.61105899855779,15.55507755279541,1.7788476943969727,0.9121309149525372,3.318411266446149,17.96424568522497,15.968749643973855,,,3.2305994975389805,nan,,,1.0101678371429443,,None,6.566447641517263,-7.885142792351161,6.5817911601533705,0.04435395821928978,-7.264132086018303,0.03342561051249504
Gaia,DR3,3558062615812526208,169.05351571408278,-18.30143058957065,10.990400314331055,0.5819063186645508,2.4002815736349437,0.9683374324272764,21.650603487532404,16.921630811875254,-1.8080244064331055,0.6825770139694214,3.042277356968815,nan,,,0.9707200527191162,,Gaia_DR3,5.623710114925452,-6.988667157554902,5.785112919894112,0.020133433863520622,-5.457748978883523,0.015498502179980278
Gaia,DR3,3558580550212201216,170.8925018481801,-17.07288502768625,18.00882339477539,2.7470703125,1.2392933139077533,2.5490838169962102,50.41572024407074,16.94684845018249,,,3.862474614004238,nan,,,1.0189507007598877,,None,6.805522227346444,-9.100672286449456,7.723627333478116,0.1369287222623825,-9.51942166049305,0.10652903467416763
Gaia,DR3,3555494328448341248,160.59239138149766,-17.668229326004173,10.879693031311035,0.809269905090332,2.7023718287776215,7.336994721115632,60.53300433741144,15.440570876599505,6.834407806396484,0.4488380253314972,3.8585215678846247,nan,,,0.7021672129631042,,Gaia_DR3,8.569471832274079,-9.367923656271918,10.707628402709272,0.017162945121526718,-8.857874288542236,0.014563956297934055
Gaia,DR3,3555212471219156992,161.41855352313308,-18.268814602881765,18.290630340576172,2.986032485961914,4.246358891104701,6.567333073346016,49.30019111318786,15.703406324631501,,,3.687499858468778,nan,,,1.0189048051834106,,None,8.062960704634653,-8.789586252316878,7.347237842084651,0.19259029626846313,-5.567154646845438,0.184308260679245
Gaia,DR3,3556189421659636736,164.47990969820106,-17.63574982486875,18.19319725036621,2.7640743255615234,2.81012439579345,3.633578067554039,57.468015308990985,16.08968711006698,,,3.9517554020447023,nan,,,0.9778950810432434,,None,8.122261030091988,-9.42782300761236,5.839900946401871,0.18057195842266083,-9.948641733970941,0.13963662087917328
Gaia,DR3,3558745854913565056,169.59482104700425,-16.987077731362167,18.447664260864258,2.717405319213867,4.310961371200031,1.4122754837772344,51.23891098121433,16.74602724956812,,,3.89165035658023,nan,,,1.079838752746582,,None,7.095391193042859,-9.236403760049644,6.35168258770473,0.21469703316688538,-5.778773960902027,0.1662861406803131
Gaia,DR3,3559061728284866560,166.8913714496664,-17.548623880141857,12.522395133972168,0.9483270645141602,2.619263158130757,1.3403575218065626,39.05735764386428,16.453294863234785,5.151884078979492,1.1302118301391602,3.7139399054044735,nan,,,1.1523011922836304,,Gaia_DR3,7.234196454418434,-8.785267137442693,5.61016022925094,0.017271583899855614,-7.533093633917959,0.014505377039313316
Gaia,DR3,3557232480236940544,161.11019824161687,-16.380342581294865,19.607622146606445,2.593730926513672,3.707651765381377,6.985390671093436,58.05283940952871,15.26883587333576,,,2.858585191364526,nan,,,0.9082297086715698,,None,6.287292310299483,-7.131641397245779,5.6372049540166715,0.4052564799785614,-4.99400704865014,0.368411123752594
Gaia,DR3,3557982896923344896,168.7894262401396,-18.30356538722358,19.08850860595703,-0.0157623291015625,2.8922560473832735,0.8000449533970496,20.784821779880946,16.883562620983568,,,3.0484627183079573,nan,,,0.9537521004676819,,None,5.672567895802487,-7.010654784276744,4.810125897707241,0.2665642201900482,-8.657152184456057,0.21781276166439056
Gaia,DR3,3557436856256614144,163.91481110565,-15.960283878223768,13.395748138427734,1.2680912017822266,3.310899115733392,4.521498500311676,67.47673494414754,15.659190970983156,-1.49588143825531,1.8508274555206299,4.101629049901216,nan,,,1.1192772388458252,,Gaia_DR3,8.53150459727415,-10.21123466903603,11.354905553753886,0.017911145463585854,-9.73781089712163,0.013979404233396053
Gaia,DR3,3557567904298859136,162.3257049833943,-16.17597421163217,17.23996925354004,2.7411575317382812,4.191270723385854,5.8977541220688625,36.861696996985025,15.43652832144674,,,3.4824573875575835,nan,,,1.0975062847137451,,None,7.48142963495672,-8.683297056783308,5.707704805345974,0.11788059771060944,-11.197581430622275,0.09787058085203171
Gaia,DR3,3559464351402643328,167.00056134733794,-16.49854716420729,18.6308536529541,2.645160675048828,1.436016852016551,1.6940682356034276,49.814963331131054,16.261880859751194,,,2.804489856819329,nan,,,1.0940967798233032,,None,5.448839758917456,-6.808295787560803,6.158690893408438,0.23655274510383606,-6.342567860057562,0.2137501835823059
Gaia,DR3,3551425482590735488,165.57551705588372,-20.750839757933463,14.502513885498047,1.8073997497558594,4.461488455885776,4.018699618217015,54.42904739012686,16.852670175089347,7.271677494049072,4.888482570648193,3.8910878763029366,nan,,,5.672454357147217,,Gaia_DR3,7.809225768293198,-8.498142212017273,4.1561465969740805,0.13038460910320282,-8.278576485533552,0.10477536171674728
Gaia,DR3,3556736982745909504,161.48079517983692,-17.95760589242491,10.722851753234863,0.6806793212890625,3.323795659246577,6.492293476910727,41.32536176232212,15.6525058074639,29.20122528076172,1.1161619424819946,3.5278486660526727,nan,,,2.420548677444458,,Gaia_DR3,7.704676558400806,-8.469808882817665,5.761877249289878,0.039167337119579315,-9.998191027900997,0.04242140054702759
Gaia,DR3,3557571679574798336,162.64031918873118,-16.118295259032205,11.897043228149414,0.8540573120117188,2.13755299760362,5.6232615000242525,38.3390583695298,15.478176979634815,,,3.538955523981057,nan,,,2.968505620956421,,None,7.5554162659781685,-8.824214457188443,6.422787369682338,0.0862308070063591,-9.946832090270908,0.08212559670209885
Gaia,DR3,3557456059055088640,163.77173595224366,-15.767924225136246,17.475452423095703,2.540019989013672,4.585922725533252,4.724312934920506,28.873805321979315,15.595749568667879,,,3.1199780000173454,nan,,,0.9659022092819214,,None,6.509032923524084,-7.806327153538747,8.942877942565667,0.10317235440015793,-9.587971403649105,0.07827427983283997
Gaia,DR3,3558293375815514368,168.79469161477272,-17.79568467934201,16.8093204498291,2.299960136413574,2.406562480547439,0.49745457882424077,4.43762239050869,16.787036548208953,,,3.287596914998496,nan,,,1.0018665790557861,,None,6.116744485790695,-7.663920884275219,7.772020490206355,0.06447802484035492,-7.868648500621458,0.05312083661556244
Gaia,DR3,3556609679915124992,164.4717994954664,-16.448155371187887,15.813419342041016,2.2799272537231445,4.458810568850781,3.8480318519195893,49.41111842713975,15.850508311354819,,,3.814664514418623,nan,,,1.0923333168029785,,None,7.841846767381913,-9.367467601700021,4.266083210951346,0.0458311028778553,-9.633416729463654,0.05041597783565521
Gaia,DR3,3557273647499464448,161.73256339155057,-15.92558921519701,16.164072036743164,2.1351070404052734,0.820700417452633,6.514542823072202,37.94406755778081,15.28275286459581,,,3.1191433707451455,nan,,,1.062958836555481,,None,6.779109391925849,-7.840852924968329,7.040530531604699,0.056719161570072174,-7.368751316816999,0.04912950471043587
Gaia,DR3,3556999864808135296,161.06814865734978,-17.529653329901556,15.933226585388184,2.060178756713867,3.0984658229178565,6.887586033775482,63.88697740718851,15.49568140259258,,,2.7959652302812956,nan,,,3.794381856918335,,None,6.154459012318205,-6.794737746927546,4.328637272346876,0.1979856789112091,-6.753375808417773,0.19972136616706848
Gaia,DR3,3559365708888648832,166.7866491765859,-16.77492194707772,14.449212074279785,,3.365858915361703,1.6880270181568748,9.065658708696418,16.284197696362902,53.300071716308594,9.310148239135742,3.2497644720218357,nan,,,5.611812591552734,,Gaia_DR3,6.345461873692225,-7.842217192269475,5.275608395357373,0.19116400182247162,-5.799533936299037,0.19244223833084106
Gaia,DR3,3559891344166935936,167.6627930996608,-15.83301321651494,19.56523895263672,2.986560821533203,1.3912164097681774,1.9219317873392379,15.538247053047368,16.22873106091391,,,3.3790683811492763,nan,,,1.0450934171676636,,None,6.463215715618533,-8.316713645514577,5.495589793271172,0.4156574308872223,-8.102649977465093,0.345883309841156
Gaia,DR3,3560642379328934400,171.35149498788536,-14.852458367977043,16.488483428955078,2.2535629272460938,1.467112629024522,4.060723668061095,30.123020876289086,16.565651396546492,,,3.494567946441849,nan,,,1.0208961963653564,,None,6.080785153072309,-8.699094863124614,6.5501345520501095,0.06096456199884415,-9.672673557223304,0.04865463450551033
Gaia,DR3,3552727441797092736,164.121069448958,-18.84469387955644,18.689054489135742,2.218038558959961,4.667753949629411,4.135758374978036,27.868337627907742,16.266746851801074,,,3.088495252303442,nan,,,1.4925119876861572,,None,6.396415961039019,-7.158398451482084,9.310904962585104,0.4439597725868225,-6.29704243965569,0.358617901802063
Gaia,DR3,3558119515539346560,169.56250049905677,-17.734271027021602,16.137840270996094,2.066234588623047,2.832609184174501,1.2119316876811654,39.58903984194882,16.886677287771125,,,2.8842560177330476,nan,,,0.9833388328552246,,None,5.263042830445947,-6.712917505708949,4.057974853397269,0.05052681267261505,-7.943433281893423,0.043669745326042175
Gaia,DR3,3559025856718217088,167.59688148110834,-17.58355686617273,17.751781463623047,2.6461410522460938,2.4394032639220433,0.6675098498866587,20.698454861699325,16.56762341055818,,,3.0479154523749687,nan,,,0.9995212554931641,,None,5.839002173590896,-7.181442920356592,5.880891537040697,0.11203357577323914,-5.614610059731826,0.09389498084783554
Gaia,DR3,3559889553165420160,167.66141970953325,-15.867617860197525,19.135286331176758,3.3844432830810547,4.676253823994166,1.8895110724986761,52.249965471185824,16.235565771752047,,,3.9015907865527932,nan,,,1.0035969018936157,,None,7.462900612468738,-9.594749144040094,10.347406562415888,0.28275859355926514,-12.138924446301376,0.2431921809911728
Gaia,DR3,3559212395737742336,167.61442007825252,-16.8053026540986,14.711417198181152,1.4487838745117188,3.2184469006984586,1.0708208791891334,63.441648572445814,16.41704515521269,4.030916213989258,6.349512100219727,2.6964712007503735,nan,,,1.032073736190796,,Gaia_DR3,5.163564993985023,-6.480336170059797,3.5318957986493937,0.025947971269488335,-5.652844931309787,0.023578708991408348
Gaia,DR3,3558752593719142656,169.95307647126637,-16.814222057403253,15.159213066101074,1.6471757888793945,1.769684195434164,1.7960196723302866,64.90374004236872,16.763501375343562,12.531693458557129,5.225156307220459,2.6899050931026056,nan,,,1.0084236860275269,,Gaia_DR3,4.859071734628428,-6.404002275502652,5.044051485109732,0.03436100482940674,-7.390321510413047,0.02275555022060871
Gaia,DR3,3558444799182776704,170.65854162394206,-17.738027119318442,17.744121551513672,2.730010986328125,4.9451872889398505,2.2550867421124248,55.41071429127615,17.0427805785544,,,3.946041432274764,nan,,,0.9205229878425598,,None,6.9966242373252046,-9.141859676509494,4.321176019856148,0.1129980981349945,-12.266718763080796,0.08840075880289078
Gaia,DR3,3559531799569482880,167.26832166124493,-15.793012709363891,18.63029670715332,2.8021888732910156,2.803498045919535,2.1071507607352356,63.92966416781376,16.16022902039652,,,2.6994874391615933,nan,,,0.9832659959793091,,None,5.2119761614956035,-6.660269695880972,4.04712772937374,0.2687278091907501,-5.5701009715163945,0.1832057237625122
Gaia,DR3,3558717409347059328,169.61208739836633,-17.12816113405378,17.81964874267578,2.674234390258789,4.438611018102226,1.3657264206367046,7.339862110192658,16.776169074651154,,,3.2475673830888354,nan,,,0.9628228545188904,,None,5.918448856005477,-7.678946071027166,5.106709290918511,0.1401849240064621,-4.750610666830719,0.1111932024359703
Gaia,DR3,3559450607507385984,167.38539078814216,-16.3063907801647,19.47416877746582,2.684490203857422,2.256037445645449,1.6060944573676692,17.503603340109816,16.28229922193704,,,3.097523727455752,nan,,,1.004438042640686,,None,5.963952343505986,-7.543973028874607,6.997513949488515,0.5082927346229553,-6.494223469694045,0.31747937202453613
Gaia,DR3,3561052978202825984,172.28651918296435,-14.247139483249722,15.83066177368164,1.808375358581543,4.373879168384703,5.13524978865878,30.81657964392242,16.568849800193327,,,3.121942826838657,nan,,,1.1181756258010864,,None,5.2920948418622675,-7.864798268411907,6.583422371434196,0.05422603338956833,-10.437516009418632,0.03881853446364403
Gaia,DR3,3561509584764092800,169.44610269230827,-14.908130997893108,17.903657913208008,,3.7593089747429507,2.9640486604555005,24.45961724726562,16.30513823272335,,,3.4633153266189103,nan,,,0.8508130311965942,,None,6.338551796696207,-8.662433018545137,4.3648134436766215,0.2667131721973419,-10.569685747267096,0.23212072253227234
Gaia,DR3,3552244373939121152,164.5680498402686,-20.246797209413504,18.853107452392578,2.6900291442871094,1.6379007824136504,4.371582923383673,32.30271249770853,16.602242435064316,,,3.039120708095852,nan,,,0.9562744498252869,,None,6.234722025447609,-6.7697616398040825,5.7112766074057015,0.24867327511310577,-5.860271021172646,0.26840731501579285
Gaia,DR3,3552746923768838272,164.48891869119984,-18.71087807476104,11.71763801574707,0.9080638885498047,3.694737761132882,3.7641895064322735,23.34527157357681,16.300510130763815,29.553438186645508,0.6667590141296387,3.385634132825314,nan,,,8.29013729095459,,Gaia_DR3,6.957343500169651,-7.859822654620412,7.699331715918084,0.13465924561023712,-10.390312115940903,0.11053327471017838
Gaia,DR3,3562490516639590016,166.71009070264662,-16.229428059588585,19.0058650970459,2.79864501953125,4.855258380161478,2.0814800466977164,51.92223187388081,16.162663558775474,,,2.791500425676151,nan,,,0.9228487014770508,,None,5.460324601974163,-6.829376792623057,2.603691737935068,0.2656293213367462,-6.7722166429163035,0.2541482150554657
Gaia,DR3,3563050550311047424,167.3488699500443,-14.521977818205068,16.941251754760742,1.3405113220214844,1.4211515055520159,3.2643155413791383,67.47240590036768,15.909260309103326,,,4.131007239959143,nan,,,3.022460460662842,,None,7.96069301870755,-10.499227218356754,7.678216125985144,0.38058629631996155,-9.29427395695674,0.278481662273407
Gaia,DR3,3561058269602615040,172.54310273040934,-14.13983959243404,14.144969940185547,1.3663148880004883,0.6315373665949158,5.392343598805941,34.58643985376207,16.581223935171888,43.843467712402344,3.287832260131836,3.073725384063023,nan,,,0.992499589920044,,Gaia_DR3,5.172210962928636,-7.757755397809275,5.1194468101560595,0.022574903443455696,-8.163558123325112,0.01520016510039568
Gaia,DR3,3560860254430529152,173.85721441870334,-14.377056669350791,16.48134422302246,1.9300594329833984,4.335830260117796,6.273425040644188,41.96479403395923,16.804474268611404,,,3.02122617719853,nan,,,0.9789000153541565,,None,4.890241325968662,-7.553033108224804,7.556876968543044,0.05584920942783356,-8.27066729310197,0.04030332714319229
Gaia,DR3,3560563523729737728,172.12376223833763,-15.1339102515356,16.950838088989258,2.6920766830444336,4.044912534675753,4.457903609430564,27.62064184317179,16.72960217226464,,,3.413150108154476,nan,,,1.1160742044448853,,None,5.812539667908846,-8.417050553043044,7.905129426851099,0.0974438413977623,-6.39427544124214,0.07081346958875656
Gaia,DR3,3561985703364135168,172.42759953638281,-13.18046971172172,17.6639347076416,2.4700260162353516,2.250696858648454,5.993583844118672,32.13250664025877,16.36289129731315,,,3.2692077191794398,nan,,,0.9573931097984314,,None,5.519431486895976,-8.443969448630645,3.969411308326325,0.12084902822971344,-8.502883613338415,0.08496261388063431
Gaia,DR3,3562558995598338944,166.34242641579516,-15.970020688610843,18.455726623535156,2.83294677734375,3.7954220003725117,2.516791320212109,19.66428195749051,16.052542083251545,,,3.41127204860476,nan,,,1.0011922121047974,,None,6.729185838553351,-8.410044952972225,8.917692188903093,0.2565881311893463,-10.04102107187962,0.21289992332458496
Gaia,DR3,3554331315727822848,161.62915812486284,-19.299749592107215,19.991975784301758,2.5306167602539062,3.1085097468753062,6.5293570634213465,58.93939822444158,15.94005367558419,,,2.8315781652473344,nan,,,1.018734097480774,,None,6.166426462399505,-6.572031370631506,7.477175093071769,0.5999609231948853,-7.885421972847003,0.7035064101219177
Gaia,DR3,3554117774250023552,162.10672127663207,-19.632993979327534,13.667342185974121,1.386490821838379,1.7032834604706037,6.184720426759235,62.565982915931535,16.0844469498676,-11.512994766235352,2.182131290435791,3.9544909134524238,nan,,,5.965137958526611,,Gaia_DR3,8.532215021145603,-9.07678722138869,9.225917290149816,0.12824442982673645,-10.315736722347467,0.1340760588645935
Gaia,DR3,3557872808321164800,168.84125728515224,-19.007033325666132,18.03864097595215,2.8630409240722656,0.8826815532231211,1.446169474048445,43.992228981618034,17.023677244268114,,,2.8495581446089537,nan,,,0.9841699600219727,,None,5.295590161706404,-6.426568250341845,5.741048739652661,0.17288266122341156,-6.138954577614564,0.16246357560157776
Gaia,DR3,3562003501708203392,171.83707857527386,-13.333468939745044,12.011821746826172,0.8523082733154297,0.6679878124904136,5.5097323803975895,31.78822538549334,16.3145874900241,21.050926208496094,7.2410430908203125,3.39465519218094,nan,,,1.1285675764083862,,Gaia_DR3,5.827899141679899,-8.750401677901303,6.270879040396452,0.021375225856900215,-8.570730111976319,0.014283358119428158
Gaia,DR3,3562143075261186816,170.48258687482902,-13.367581165117654,17.491058349609375,2.7220611572265625,1.6455444967273813,4.780683359717018,52.48353807960592,16.131146253619,,,2.83729575779145,nan,,,1.0235044956207275,,None,5.054398622472668,-7.335006925653026,4.846431749375059,0.13872085511684418,-6.372978653854377,0.08856570720672607
Gaia,DR3,3562010476735474304,172.03862044272128,-13.212694559370576,17.41259765625,2.409534454345703,3.687253155204219,5.725987590169865,47.54603981857145,16.316584424319693,,,2.9197332619177008,nan,,,1.0248215198516846,,None,4.984240624624363,-7.543341285468745,6.457688592962508,0.11351604759693146,-9.269537512571194,0.07746275514364243
Gaia,DR3,3562542438500234368,166.77137057372795,-15.756573487756315,16.081819534301758,2.1297607421875,3.9942951622513916,2.3954287250639354,31.124255858345656,16.07593945870115,,,3.5827267577231576,nan,,,0.9227105379104614,,None,6.998077700075504,-8.863581753722615,8.456553846444967,0.05304943025112152,-6.222772753379082,0.039751261472702026
Gaia,DR3,3562604075575444864,166.83272286179735,-15.465565068022341,18.495086669921875,2.958456039428711,4.8099648803380886,2.600845895291876,22.026142725118213,16.02571539405495,,,3.0821830605180374,nan,,,1.1044353246688843,,None,6.011816426043999,-7.676519996412011,7.006093176163183,0.2537335753440857,-10.639442664253501,0.18543203175067902
Gaia,DR3,3563718915942229248,164.83670330026925,-14.22003491118882,17.140514373779297,2.233539581298828,3.628442124117223,4.7810303691864675,55.166025335533526,15.445873969890757,,,2.8129504414528417,nan,,,0.9900901317596436,,None,5.737501585920369,-7.25904892585128,3.6386723746427254,0.09661205112934113,-7.732921783985174,0.0930132195353508
Gaia,DR3,3563191833259592832,166.6489947504248,-15.063552947482787,12.099814414978027,0.7851943969726562,4.417720040289038,3.036032656013151,26.407402401272492,15.913788894145968,6.881434440612793,0.5842734575271606,3.4901721719359924,nan,,,0.9307049512863159,,Gaia_DR3,6.8365988023227695,-8.780919515651595,9.900190578229155,0.01507355272769928,-9.866959685253676,0.012809439562261105
Gaia,DR3,3563388443978235776,167.65554657755501,-13.841475735409398,19.577533721923828,2.3985595703125,4.124646696920467,3.865269669738168,62.92236969640792,15.812348700351391,,,2.7290121315686315,nan,,,1.0925146341323853,,None,5.220744316135612,-7.03754067655444,7.58952098214426,0.49822118878364563,-6.8973349687967485,0.42837631702423096
Gaia,DR3,3555735671250329728,163.93832666434804,-18.699996238755073,17.15414047241211,2.4518680572509766,3.099901003259632,4.2663189405832505,46.580837144248356,16.209229867301623,,,2.878171054457647,nan,,,0.9892750382423401,,None,5.983733781724148,-6.701944968035134,4.106083862319911,0.10970601439476013,-6.811731697915683,0.16948974132537842
Gaia,DR3,3559012112823160448,167.77690940212278,-17.664252532337418,16.056608200073242,2.411013603210449,1.2089164635445793,0.4917218564359649,54.62168969759509,16.610468952708864,,,3.9500834113653163,nan,,,1.306965708732605,,None,7.534764588437228,-9.280462621079808,8.516017480519517,0.07276055216789246,-9.505315257492038,0.057681161910295486
Gaia,DR3,3559362822671597952,166.58194314865088,-16.76945270447131,16.551860809326172,2.14858341217041,2.265174404053826,1.8601259378968527,59.8048475442844,16.251366483210727,,,2.728282422668342,nan,,,1.0019582509994507,,None,5.3524570756020795,-6.590194121976053,5.399784362750551,0.06378364562988281,-5.2882404481113525,0.05350779742002487
Gaia,DR3,3566433502775897344,169.35949207044519,-11.289965830668425,19.625337600708008,2.6058597564697266,3.0282307834013964,6.450912916786073,43.931182887174664,15.511513535731861,,,3.0040549877549108,nan,,,0.9272880554199219,,None,5.510179673687449,-8.152445497098222,4.935902127848263,0.5383061170578003,-9.982173730728825,0.3622739315032959
Gaia,DR3,3562678189530570112,165.70781916085096,-15.695558453041423,17.993803024291992,2.7472000122070312,2.642638980042252,3.159402470982762,61.33035645285857,15.895942937732904,,,2.7307535417129785,nan,,,1.0346803665161133,,None,5.464392757577411,-6.792791284231283,5.104736961027288,0.14074933528900146,-5.31462785024273,0.1096835508942604
Gaia,DR3,3566650042142926336,167.7924562457511,-10.87640599158923,14.239574432373047,1.3249502182006836,4.8652037846350105,6.798672850663742,44.53613155796899,15.180079138150594,14.216395378112793,3.6916308403015137,3.0194655917497046,nan,,,1.0986318588256836,,Gaia_DR3,5.757464089659578,-8.294516697544328,5.200880296227074,0.023542264476418495,-11.340956287637121,0.018753591924905777
Gaia,DR3,3567050848491077632,180.76786463592003,-18.16627007051755,16.4219970703125,2.4614315032958984,4.529540604881006,11.878902841538023,69.7163176592191,18.336093841592497,,,3.676206728648777,nan,,,0.8996288180351257,,None,4.662861610911036,-8.1093731547322,2.130332609296399,0.07760046422481537,-5.6786184137759195,0.07402025163173676
Gaia,DR3,3562862804405056000,165.34905003236398,-15.08878283304479,17.652118682861328,2.4867935180664062,1.6482451495142016,3.8177963856735855,22.37955751462409,15.712594672042584,,,3.3552027097161052,nan,,,1.0670509338378906,,None,6.767503407978635,-8.475784103056624,5.782650074204223,0.15119437873363495,-9.099645100223336,0.10131200402975082
Gaia,DR3,3566465594771640960,169.78911798996984,-11.014855090225337,19.005334854125977,2.626972198486328,3.686476480587083,6.799045414984238,37.13409880043767,15.513211660423835,,,3.1973877909162156,nan,,,1.1086772680282593,,None,5.800441072489306,-8.718893992014383,8.059701858550344,0.33508625626564026,-9.753379767367173,0.24795006215572357
Gaia,DR3,3558255575807411840,167.91246062912407,-17.83062563153069,17.656085968017578,2.525320053100586,2.0941115871283666,0.4014624585874713,41.191779591503696,16.663071213799924,,,3.7511419022485306,nan,,,0.9482434391975403,,None,7.131961488793461,-8.769683768890594,7.093722553313646,0.11688181757926941,-10.425220438233895,0.09457024186849594
Gaia,DR3,3558524200241218944,170.47140885816282,-17.25405544638507,19.303081512451172,2.9151535034179688,3.427565846328432,2.1170116804570345,11.399420853613657,16.923124758776083,,,3.2608623405116233,nan,,,0.9812995195388794,,None,5.810671903071347,-7.658864202335259,6.583419597137175,0.3409333825111389,-5.432999493965076,0.2632350027561188
Gaia,DR3,3565639590956974208,170.38329730791082,-11.448309145843755,17.098142623901367,2.286334991455078,4.15233631851188,6.530429272214724,45.59231617641336,15.697294551803207,,,2.9855088873539506,nan,,,0.9547105431556702,,None,5.332455614950857,-8.055918377484138,3.477230382461337,0.10480883717536926,-6.215298129379007,0.07058404386043549
Gaia,DR3,3565531594004371840,168.92741061593406,-12.156258419727838,17.527450561523438,2.6231460571289062,1.9255340156308824,5.53555264748044,48.82708655015544,15.639789366421432,,,3.7379566790883665,nan,,,0.9464148879051208,,None,6.93161769804089,-9.968982692129886,6.054673422906468,0.1307966709136963,-11.207217048070747,0.09821544587612152
Gaia,DR3,3565876123396340480,168.17306162168572,-12.383804312510494,18.723140716552734,2.6584014892578125,4.504325285976044,5.275245093881379,36.93237674298571,15.575765655327707,,,3.5374904939945266,nan,,,0.8846946954727173,,None,6.683359715727131,-9.406619571972815,9.937924486885407,0.22897328436374664,-8.575344543613411,0.17116296291351318
Gaia,DR3,3568489181500142592,178.15736704758314,-16.40055167473285,16.891386032104492,2.3378772735595703,1.8313860870954206,9.514147370996685,54.62640255868869,17.728364421946736,,,3.5264018420315972,nan,,,0.987383246421814,,None,4.948033107528586,-8.256119497671596,6.30829715340427,0.08270583301782608,-8.199206267924517,0.05147711932659149
Gaia,DR3,3568906995918666240,179.1151745104042,-15.704157609180761,15.813141822814941,1.9863195419311523,1.4566920368874376,10.547436403219425,60.14027614304838,17.69733401085878,,,3.0902699763760597,nan,,,0.9894576668739319,,None,4.184294508562779,-7.355687186622719,5.088312476280042,0.04623003304004669,-7.644318423564651,0.027227140963077545
Gaia,DR3,3560354543504040192,172.52941225830227,-15.372418460561576,19.035829544067383,2.728181838989258,1.2690098009290283,4.660163492015686,28.8853175600987,16.832915001767297,,,3.1135414295122548,nan,,,1.0240137577056885,,None,5.241274653923544,-7.622494970994504,5.552003714714502,0.26677435636520386,-6.849689952613927,0.20478127896785736
Gaia,DR3,3567226495474030336,178.68091052881434,-18.180176491653455,15.903666496276855,1.9272432327270508,4.306789647929182,9.896572964041336,60.189050724176404,18.121675653409646,,,3.013139805377822,nan,,,1.0120296478271484,,None,4.147102964573524,-6.689166517037757,1.5936066916431473,0.046331390738487244,-7.670780430075713,0.02843470126390457
Gaia,DR3,3565859351547611520,167.43900873307442,-12.214488655796526,13.21886920928955,0.9219732284545898,3.6361446870166754,5.50540735853505,47.42594270665251,15.425301284934914,2.039483070373535,2.7983343601226807,2.911845962226337,nan,,,1.2602498531341553,,Gaia_DR3,5.599327520622767,-7.786238219015289,3.745027748828123,0.01789373904466629,-6.5438415804560846,0.015332138165831566
Gaia,DR3,3570560592686262400,181.1333254746422,-14.425496221513527,16.590930938720703,2.2153024673461914,3.3552205762939433,12.75281940718238,67.97194402330524,17.6516487604918,,,3.305399908631429,nan,,,0.9313969612121582,,None,4.129463588402712,-8.103402111971945,2.268718007000665,0.07263676077127457,-6.68789312143717,0.06788795441389084
Gaia,DR3,3561181277466095872,172.70020704573838,-13.703898985589122,14.324277877807617,1.2778186798095703,3.3061012312295075,5.799053138101867,69.93144035413783,16.510913985839302,-10.498183250427246,2.6518635749816895,2.7115518971930275,nan,,,0.9540990591049194,,Gaia_DR3,4.542124015818001,-6.912675620850651,2.652780842414489,0.02641342207789421,-6.8692799284402035,0.019162029027938843
Gaia,DR3,3564925075901910528,168.56982239407102,-13.336348087254835,17.87137794494629,2.782440185546875,1.0019437686098125,4.329658472731113,53.789008961840075,15.843224646437603,,,3.870914247545742,nan,,,1.0023726224899292,,None,7.242382005331253,-10.06874818179061,6.49124715022925,0.12641975283622742,-9.745810512394858,0.0952942743897438
Gaia,DR3,3561217080313542272,172.86409762858406,-13.459635934269752,18.747392654418945,2.9324264526367188,4.794619334786399,6.083206464720956,33.36735421781703,16.481280726752942,,,3.3452610820124757,nan,,,0.9146952033042908,,None,5.577027929544895,-8.574090336547417,2.844567820334466,0.27216118574142456,-10.5656769659313,0.2273605912923813
Gaia,DR3,3562188601914629248,171.073590500873,-12.831209067162698,15.778094291687012,1.9860782623291016,3.400986211942305,5.5216030001398675,37.056226073076495,16.09997870803674,,,3.52087736484755,nan,,,1.1224758625030518,,None,6.173279775193835,-9.199714134528453,7.384170418920942,0.045818403363227844,-6.984761841309215,0.03372138366103172
Gaia,DR3,3567366889364783360,179.3343482085443,-17.58571375054057,17.226903915405273,2.5369205474853516,4.851877069187326,10.522077597339413,56.68005962103306,18.081580677937886,,,3.3880030431618167,nan,,,0.9940168857574463,,None,4.549170764664826,-7.639460026114885,1.0883604961004938,0.08877605199813843,-7.816435615562615,0.05378803238272667
Gaia,DR3,3571511326647991552,178.1370626513435,-15.958678112564957,17.838537216186523,2.7612571716308594,2.2017695097684022,9.574153625583316,51.18578256323152,17.639977357093965,,,3.28932769567986,nan,,,1.0535943508148193,,None,4.618796171677827,-7.796164369252319,4.270982852988303,0.15269044041633606,-9.282776944852225,0.09131474792957306
Gaia,DR3,3568041710331154432,178.9991447669082,-17.447470206966482,19.28153419494629,2.7656078338623047,4.531649606441516,10.20856155063688,67.45200633867158,18.019983396096734,,,2.919315261900807,nan,,,0.9599016904830933,,None,3.970247781001939,-6.616404342509099,1.9359159984086132,0.3581240177154541,-8.52410004396581,0.18682338297367096
Gaia,DR3,3568429567354184192,178.66953952267076,-16.45335218681343,17.437658309936523,2.336935043334961,4.272704793932951,9.991728230507785,53.45116141880873,17.795076279025455,,,3.3270999622909923,nan,,,3.996609687805176,,None,4.581159407342014,-7.766328755416418,3.344433413983473,0.43422529101371765,-10.496056505603294,0.3279624581336975
Gaia,DR3,3571834376907594368,177.26666230275438,-15.113091823737232,16.97542953491211,2.5484819412231445,4.971514404828679,8.975961906164205,68.60185073719845,17.373080239914604,,,3.922198515647654,nan,,,0.9404380917549133,,None,5.681162138065766,-9.532692175839841,9.659657398306544,0.08244820684194565,-10.566591288307434,0.04980127513408661
Gaia,DR3,3574790104681596160,178.75955993304277,-12.63220756230476,13.3018217086792,1.1821765899658203,4.644465671536723,11.27963212419489,65.04778082559736,17.02807808313212,10.713312149047852,1.1272435188293457,3.6085287622020434,nan,,,1.0186816453933716,,Gaia_DR3,4.951996172713047,-9.305557132290083,7.352236571062352,0.017306488007307053,-11.89818452158614,0.010160691104829311
Gaia,DR3,3572074963796393600,179.39724589227797,-14.717200586794071,19.32843017578125,2.9037551879882812,4.888398167262075,11.05943028204771,66.61067257116453,17.530749481768503,,,3.004140835861846,nan,,,1.0144338607788086,,None,4.024000875952616,-7.337734702858729,0.9846149231226892,0.4336240589618683,-6.749225196080091,0.19849330186843872
Gaia,DR3,3572861423847310976,174.86707677907685,-14.347814430654234,16.36126136779785,2.045201301574707,4.172850063508056,7.132573009513565,61.09994190168576,16.927432714270626,,,2.832655336985367,nan,,,1.0205063819885254,,None,4.443860113768613,-7.067013719604686,2.2979399234820064,0.05937838926911354,-8.333594357710725,0.03572700545191765
Gaia,DR3,3572075513552177024,179.44980238451424,-14.680288235464594,16.986927032470703,2.2857742309570312,2.6616982443632096,11.118830494816416,62.29949260475492,17.528915011955725,,,3.533690583895884,nan,,,3.607844829559326,,None,4.723740321016438,-8.638499165785635,6.02492502183294,0.2823646664619446,-7.142367678734738,0.14539262652397156
Gaia,DR3,3573203986142071168,177.80165926108916,-13.601135896117471,19.102834701538086,3.0655975341796875,1.1094941006834127,10.01262157349698,68.82562231354028,17.124764098606907,,,3.8498929952455962,nan,,,0.9969291687011719,,None,5.471780312048315,-9.713850189399045,6.187195758857036,0.3110406696796417,-9.167031240307956,0.18941207230091095
Gaia,DR3,3564336905900446592,165.06883856623438,-13.604633738418686,16.72934913635254,2.118032455444336,3.958501879737935,5.105176199679467,56.694809567138385,15.351571308995744,,,2.8077972919900027,nan,,,1.1252632141113281,,None,5.698224950475255,-7.338150385421622,5.582439370914965,0.07353795319795609,-4.997928653481963,0.06161383539438248
Gaia,DR3,3573202478610542464,177.77342452853773,-13.62291351966895,16.765649795532227,2.3363447189331055,3.768050091993366,9.978533412454285,58.874888628775714,17.126080686738796,,,3.5956358259069687,nan,,,0.9983192682266235,,None,5.115578804736356,-9.067977450105229,7.386192153965118,0.08256843686103821,-10.800607785260262,0.06133066490292549
Gaia,DR3,3573697671159722112,179.52052262503142,-13.874145046140335,13.612828254699707,1.4329051971435547,4.999641771742249,11.445021076368715,61.89915049157511,17.371718521560766,-8.530792236328125,1.4882837533950806,3.4309761801590857,nan,,,5.078293800354004,,Gaia_DR3,4.57390654277587,-8.563711805884017,1.548487719224678,0.0756230503320694,-6.582936749773116,0.04357806220650673
Gaia,DR3,3586718324077192320,174.73404929139468,-11.115177675571378,19.831195831298828,2.7722530364990234,3.751323510881918,9.037672819945044,49.61098422952348,16.216609167582124,,,3.415923189871391,nan,,,1.0896602869033813,,None,5.381407923409494,-9.19884598332753,6.77397843780388,0.5176388025283813,-6.884079851027353,0.3088036775588989
Gaia,DR3,3573071911604955392,177.19438996483746,-14.02560966759743,12.111923217773438,0.9876976013183594,0.8880026750111532,9.299620760740076,49.971865763124875,17.14287161645285,11.12862777709961,15.397911071777344,3.3472396484096345,nan,,,1.031556248664856,,Gaia_DR3,4.860614159638406,-8.368121857471477,5.252949205553603,0.02321302704513073,-8.856695686342276,0.010701828636229038
Gaia,DR3,3574737499922063488,178.51591486651458,-13.095989881083778,15.973979949951172,2.1269168853759766,3.3798199170436214,10.857721525295196,67.21163696320501,17.09940460913986,,,3.7285419107333135,nan,,,1.0210717916488647,,None,5.1632771455588875,-9.511270494749727,7.5315622339774055,0.04880906641483307,-10.71487986947528,0.031536635011434555
Gaia,DR3,3574001239448963840,179.26459537660293,-13.02534785904179,17.14499282836914,1.6843719482421875,2.1937870453505535,11.546089574403783,61.95489268322324,17.166894537123405,,,3.2448444301953248,nan,,,4.228386402130127,,None,4.368616620373357,-8.278764142510582,5.141509489767944,0.3761124014854431,-6.992455641901159,0.24922294914722443
Gaia,DR3,3565615367341386624,170.05302117192412,-11.602916210988566,15.857932090759277,2.1806154251098633,4.415812861692693,6.289552000727008,52.351365817428146,15.683734973071083,,,3.7618796284002243,nan,,,1.0186058282852173,,None,6.777793083786044,-10.125004251959002,5.075595115175638,0.05158710107207298,-7.064611781937608,0.03245926648378372
Gaia,DR3,3565877807022354176,168.35418930809385,-12.30328118906552,19.75841522216797,2.8193511962890625,3.603108992979127,5.354826143532288,28.742587712778302,15.58563605767397,,,3.251311747134829,nan,,,1.0907979011535645,,None,6.11552908250597,-8.656511635387272,5.252083728953944,0.5061619877815247,-6.342768764270212,0.38345304131507874
Gaia,DR3,3574059410485182336,179.9081079593544,-12.834221479089225,18.28128433227539,2.8692073822021484,1.327903189717551,12.195478507807486,65.00865302067702,17.195482087291047,,,3.3299407823348184,nan,,,1.0550379753112793,,None,4.372456230981673,-8.525007146733715,3.481568659463293,0.20524689555168152,-8.799336667609856,0.10609082132577896
Gaia,DR3,3585108196672490880,174.6958325091534,-13.070052084016929,19.061641693115234,3.30596923828125,2.5989127136499786,7.690186583095136,53.27501803476025,16.637786430554605,,,3.687863935613135,nan,,,1.2942649126052856,,None,5.816799052332475,-9.495907042114368,4.370693637640915,0.3896070420742035,-10.906999266951164,0.24561063945293427
Gaia,DR3,3585321639369844864,174.33930579627122,-12.735427916396004,18.475942611694336,2.3524093627929688,3.3097992883767984,7.632079004036908,44.85774107827442,16.520579414530662,,,3.091265027830335,nan,,,1.1119158267974854,,None,4.930262045875194,-8.029674324532895,7.010109909934282,0.23807865381240845,-8.601017711091188,0.13651861250400543
Gaia,DR3,3585520101217872384,175.35581663784217,-12.619272976481351,18.72876739501953,2.7996482849121094,3.296225649150326,8.475167019369664,47.23047373094751,16.62441319188122,,,3.149097445545848,nan,,,0.9870008230209351,,None,4.863793326370375,-8.18296788893631,2.9719423060892005,0.21720197796821594,-9.282640823891132,0.15386062860488892
Gaia,DR3,3586329891531036928,172.3609841983571,-12.079171355722078,16.972015380859375,2.2304744720458984,1.9304359010761765,6.8238711470164,40.15050012765852,16.115428734986004,,,3.4606839040665665,nan,,,1.0329951047897339,,None,5.85385128030427,-9.167892773801222,7.207094041059192,0.10168152302503586,-8.777808488269036,0.07445220649242401
Gaia,DR3,3586870468999167488,173.68150840248506,-10.85271274639542,17.951494216918945,2.4884300231933594,4.225355228018732,8.57588317838029,51.575773450271186,16.0210021112524,,,3.0503426382035888,nan,,,1.0554476976394653,,None,4.963661700898876,-8.278972725860205,2.2818980533995767,0.162418395280838,-8.715656170164367,0.12196024507284164
Gaia,DR3,3587376626601706880,177.99160047548864,-10.565987339301982,17.650320053100586,2.5699901580810547,3.4983875771580784,11.773667874311283,65.62787946635981,16.48931137643188,,,3.5440060114475167,nan,,,1.0030605792999268,,None,5.00272075720389,-9.604335371247847,2.478269795992653,0.14473876357078552,-10.281469263351255,0.08780615031719208
Gaia,DR3,3586110367163384064,173.06609748003896,-12.358209313424094,18.91314125061035,2.7431907653808594,4.93065067471521,7.022944262086509,43.862799848608034,16.271819281214107,,,3.53514444545453,nan,,,1.0143892765045166,,None,5.858847928951405,-9.290919937481908,2.3189070605811684,0.27736276388168335,-8.305503313856011,0.19613146781921387
Gaia,DR3,3586501037387757952,172.81054799445795,-11.29861520755846,13.610459327697754,1.0391864776611328,4.779657555844894,7.71674542555265,67.37913386467037,16.004155037359535,-2.8811662197113037,3.7307841777801514,2.792021575238307,nan,,,0.8768985271453857,,Gaia_DR3,4.661963100292997,-7.517904424650397,2.462622912058546,0.02066006325185299,-5.763702374934462,0.013774823397397995
Gaia,DR3,3588544204870922112,174.88615835163696,-9.919190464851216,17.46898078918457,2.6385459899902344,3.8710176786969352,10.040474053083937,53.731260324094485,15.966107511507628,,,3.332542637765114,nan,,,0.9919705986976624,,None,5.224927984302838,-9.207908179153307,5.047194334943427,0.12752069532871246,-11.92161359407374,0.08385797590017319
Gaia,DR3,3586575318846363904,174.2160201365611,-11.72707662700166,19.015195846557617,2.745241165161133,3.4818230368023073,8.243930823961893,44.2324040425109,16.285366326129715,,,3.2505910472018895,nan,,,0.9889601469039917,,None,5.204130052423912,-8.643851288145214,3.112857984908973,0.2890540063381195,-9.79246449895991,0.16161100566387177
Gaia,DR3,3586876344514371584,173.90370933904364,-10.977062960826574,18.599655151367188,2.721302032470703,4.347686671744722,8.610828685260419,46.199496953515215,16.07815800855205,,,3.3238757650889355,nan,,,1.039189338684082,,None,5.372528837456294,-8.992990183649948,6.826930095088877,0.2861384451389313,-11.669851465526522,0.17594288289546967
Gaia,DR3,3586813363114104064,175.32645871994336,-10.474648367435424,18.972984313964844,3.206418991088867,4.563017003861814,9.903030278760227,55.786817392223064,16.148107024856063,,,3.5026228184992236,nan,,,1.0004513263702393,,None,5.414936950301611,-9.555406110737398,8.72111534223846,0.32600006461143494,-10.204416590661893,0.21726037561893463
Gaia,DR3,3587462178053636096,176.8129232607962,-10.687107646296312,19.693368911743164,2.659637451171875,0.761444979719765,10.803768248742161,68.5815194390238,16.37828940131842,,,2.9466319646734793,nan,,,1.0267553329467773,,None,4.335729505216234,-7.979958359478697,4.612631429801596,0.44909292459487915,-7.596488997828906,0.25438404083251953
Gaia,DR3,3586996397439779968,174.31599970922352,-10.530580066002805,19.428998947143555,2.478160858154297,3.7162550291618874,9.212443120220282,59.87456046718095,16.031592811103486,,,2.960454066785726,nan,,,0.984268069267273,,None,4.7250350052727015,-8.08147338495516,6.999043578635026,0.39994826912879944,-8.53753625545392,0.27992701530456543
Gaia,DR3,3589614334626158080,171.8877191962226,-10.570774141423806,17.84865951538086,2.743349075317383,4.157475245318481,7.896909346203335,52.33510157262348,15.7137180587033,,,3.650104591873053,nan,,,1.0100936889648438,,None,6.2575630532244375,-10.002405529910668,8.105976017440012,0.15486668050289154,-7.391363900885884,0.10336975753307343
Gaia,DR3,3589675774133690368,170.63833156783713,-11.036795045976664,15.872113227844238,1.9550542831420898,3.4063635163440953,6.999553520611727,62.437024154489066,15.641885271468203,,,2.814079902543747,nan,,,1.0289000272750854,,None,4.9922705030931205,-7.655806758972252,4.488084086011475,0.049920279532670975,-5.698936286092902,0.03599507734179497
Gaia,DR3,3586870468999574912,173.68237317446898,-10.85307611831217,18.30469512939453,2.7223777770996094,4.099838252887105,8.57610221555323,62.66846741800406,16.021198051725477,,,2.8821216151750915,nan,,,1.031972885131836,,None,4.689802346433715,-7.822326861437726,2.3154330796515037,0.24681387841701508,-8.575556320874503,0.14745689928531647
Gaia,DR3,3588534446705272320,175.19348715582342,-9.99360537226245,17.333328247070312,2.3613147735595703,1.0635856563307209,10.176247013427282,68.44458658149664,16.0221760368305,,,2.9030482082612816,nan,,,1.034645915031433,,None,4.507229146307669,-8.004281197094587,5.120429016809243,0.12898434698581696,-7.785960199639929,0.0863586813211441
Gaia,DR3,3590200756576039552,173.4410328672886,-9.318426144345265,15.62207317352295,1.9824943542480469,4.288917658468177,9.723853972081146,53.4346413724079,15.638700259578965,,,3.4375571763417345,nan,,,1.1229149103164673,,None,5.63422135557396,-9.641451070893027,4.195933076447976,0.04949323087930679,-6.8862117143059045,0.036831147968769073
Gaia,DR3,3570353506542934912,181.2300463625816,-14.83028708332325,14.29556655883789,1.4358196258544922,4.307877867947542,12.734873670598367,69.14050615897844,17.742958017027266,-6.600493431091309,3.6603081226348877,3.1895106342715063,nan,,,2.3762764930725098,,Gaia_DR3,3.968548231198861,-7.733472816058802,6.685061919184985,0.052284013479948044,-6.728252932114336,0.04758196324110031
Gaia,DR3,3589235724668871808,177.224701159756,-8.150105975863653,18.943115234375,2.816864013671875,4.992703220590652,12.883517782780993,69.50905787471314,15.843241937453708,,,3.4618464188732188,nan,,,1.055446982383728,,None,5.021721096756519,-9.89033355406527,8.16261306375378,0.2993817627429962,-8.04347862230564,0.22320161759853363
Gaia,DR3,3589736144194010368,170.68520156103978,-10.80163261472878,16.457990646362305,2.2387657165527344,2.0157673764255692,7.237148600626262,46.10997062972419,15.595574656429836,,,3.5674653592167527,nan,,,0.965831995010376,,None,6.320867620231334,-9.752681746364232,6.097211589651494,0.06471630930900574,-11.252065725453376,0.04749373346567154
Gaia,DR3,3589656322225756160,170.74384278169575,-11.247749610627057,16.8459529876709,2.3910398483276367,4.9216137235438735,6.834784731256866,36.75259192151625,15.704430414362498,,,3.240022996870522,nan,,,1.023329257965088,,None,5.731681925465052,-8.773116659553835,9.088006463036834,0.07835976779460907,-8.961495316078222,0.058661188930273056
Gaia,DR3,3591760924920265344,174.38326556571127,-8.438621561520259,19.316701889038086,2.7105770111083984,4.846264003298825,10.959228374570147,69.12667438266337,15.557309729559675,,,3.7694211717232338,nan,,,0.949224054813385,,None,6.003677435073478,-10.747238534018106,7.199232861840024,0.4041891396045685,-7.086526072298731,0.2713843584060669
Gaia,DR3,3592285121385277824,175.33299834282988,-7.663229750284883,11.409676551818848,0.791783332824707,4.073829917283662,12.121563030326726,68.5542851169122,15.495183570916492,-5.877987861633301,5.751131057739258,3.5974573666600995,nan,,,0.8869628310203552,,Gaia_DR3,5.560376183398347,-10.403293593387064,4.539095595048106,0.02480831742286682,-7.4874628224298805,0.018771564587950706
Gaia,DR3,3590931656930787072,170.16856092343735,-9.291033520430394,11.628311157226562,0.6550016403198242,4.2608904278398825,8.562859497976504,64.67333167911747,15.173261019771132,-3.066056966781616,2.879669666290283,2.857625812401935,nan,,,1.160860538482666,,Gaia_DR3,5.133028826740359,-8.06467462284619,3.396575676780708,0.026717783883213997,-6.174345411664827,0.018103554844856262
Gaia,DR3,3591387610658868864,171.2941796060309,-8.452469881822346,13.203754425048828,1.2996444702148438,4.227547210237977,9.657343327780064,59.42769755475046,15.13885326316101,-0.8147513270378113,2.2450270652770996,3.6506001032306066,nan,,,0.9848237037658691,,Gaia_DR3,6.362293373703423,-10.453825303447022,7.116603998662177,0.017002077773213387,-7.28902712849501,0.01189253106713295
Gaia,DR3,3590051635310779776,173.09492233752545,-9.879618461786645,19.84420394897461,2.6692276000976562,2.0071318181849374,9.067125181889551,48.550785125571515,15.721698150106215,,,3.265816602214037,nan,,,0.9983130693435669,,None,5.407901373789584,-9.059376274259566,5.513667469656454,0.583565354347229,-7.681585944714129,0.36751723289489746
Gaia,DR3,3590099322333028608,173.64660978145855,-9.856634411358263,17.082237243652344,2.435641288757324,4.905947956943148,9.37276046882352,54.804625272651336,15.790284424502472,,,3.069364278018279,nan,,,1.0215611457824707,,None,4.999863625459792,-8.510190815276673,3.9260063881163068,0.09473362565040588,-11.497446035643454,0.06852760910987854
Gaia,DR3,3590695188915650432,171.01325160805155,-9.558970371433325,19.492612838745117,2.7103500366210938,4.162960071452249,8.518659142706031,69.57132567949712,15.35807148742021,,,3.9717792197365536,nan,,,1.0127053260803223,,None,6.975282076133381,-11.132148456819408,3.4946692307822653,0.3798181116580963,-11.318705338125957,0.3038857877254486
Gaia,DR3,3590382480937130496,172.94842683427453,-9.169075508304182,18.383638381958008,2.942110061645508,1.6239713497645765,9.618787693439362,59.62607423630127,15.537558489332586,,,2.997684452487098,nan,,,3.2701826095581055,,None,4.985276606942582,-8.440252870080265,4.098696034218534,0.4652838110923767,-8.957143257434106,0.375488817691803
Gaia,DR3,3589866470681597440,171.18444400977455,-10.369513266799794,11.1826753616333,0.698246955871582,3.570173240518309,7.808766963926928,43.29206637559992,15.568901577236169,-8.65905475616455,0.8168561458587646,3.405474330805222,nan,,,0.8045849800109863,,Gaia_DR3,5.952933106448666,-9.384664109332316,7.546049174974767,0.021654464304447174,-11.39245910012999,0.014672274701297283
Gaia,DR3,3590273766724915968,172.4889723011739,-9.493192884166962,19.247995376586914,2.839273452758789,1.2591496559350972,9.124902729577688,56.65797093214315,15.550042484142587,,,3.635700457077708,nan,,,0.9921234250068665,,None,6.127386028166871,-10.177121085841573,6.99191425336633,0.4237111806869507,-9.74823623815629,0.2728719711303711
Gaia,DR3,3574825838809330432,177.96554127554296,-12.635900748353544,16.594331741333008,2.2064008712768555,4.790065941144174,10.597596444101836,62.213437373095694,16.939593077343176,,,3.614784355652106,nan,,,0.9219067096710205,,None,5.107435782592823,-9.336112991275535,1.5497305258074148,0.07618536055088043,-8.519655168338833,0.044412821531295776
Gaia,DR3,3591516695900361472,171.8883387465587,-7.9914488550159195,17.449337005615234,2.430805206298828,2.1745914566319087,10.280771342275507,65.40951641701176,15.113287028596172,,,2.9558355508326466,nan,,,1.0060651302337646,,None,5.067253652251114,-8.532616682337355,4.6849146915979425,0.12306614220142365,-7.232645095869633,0.09071680158376694
Gaia,DR3,3591282710377512320,172.04577373412246,-8.399668502283518,15.472888946533203,1.8684139251708984,2.2055093083342574,9.952226519516913,56.055569012307245,15.232442224400817,,,3.117112744151769,nan,,,1.7293678522109985,,None,5.320110428092329,-8.92500338722747,4.169766667359512,0.07310561090707779,-8.043456016681539,0.053860314190387726
Gaia,DR3,3749077399355847040,156.80847910911703,-15.540495880750916,19.347787857055664,3.1857757568359375,0.3332703310680615,11.205385564141368,59.926470328259214,14.309661286658582,,,3.356069287834075,nan,,,1.0602492094039917,,None,7.961486487275993,-8.68470293490904,8.073057663268658,0.35718071460723877,-8.892421812038968,0.34052348136901855
Gaia,DR3,3749366025453218432,160.44935778824475,-16.04550192433769,16.008886337280273,1.9860420227050781,3.866401886787622,7.677135230142106,49.70861065981775,15.083167950543418,,,3.0037660321552586,nan,,,1.0264066457748413,,None,6.688853252087272,-7.5714467464137,4.598322652573713,0.04800817742943764,-6.297143642764606,0.04900217056274414
Gaia,DR3,3749357607317264384,160.2634729418703,-16.16763060514838,16.314498901367188,2.171133041381836,4.7972471415623135,7.824552421936975,46.32798514591614,15.075654154043967,,,3.5077196290823,nan,,,1.0128477811813354,,None,7.837897041013258,-8.824996572721524,4.444958867623954,0.06589403003454208,-7.789666707771481,0.057360224425792694
Gaia,DR3,3749652276433536000,159.47841172513424,-15.477967362971,11.318763732910156,0.837590217590332,3.2568040754207503,8.723937064810631,57.321390166947005,14.790130050874009,-5.414860725402832,0.8944422602653503,2.9634592581474712,nan,,,0.8153692483901978,,Gaia_DR3,6.716718185922932,-7.592988334983842,6.991950750371765,0.02385609969496727,-5.577076939359611,0.022729428485035896
Gaia,DR3,3590514422331788928,169.9544605388223,-10.532784569642994,18.25997543334961,3.149282455444336,4.545527359530099,7.304696346548382,47.12110547011915,15.428248859127983,,,3.584588361122207,nan,,,1.1611456871032715,,None,6.475003142730216,-9.86967128509676,7.897664946301886,0.203299880027771,-12.996109132378773,0.1424577385187149
Gaia,DR3,3591296076315712896,171.93339424711368,-8.32326857189473,13.94541072845459,1.598245620727539,3.419173943716849,9.984189607075436,57.16575890400517,15.198603066296625,-30.079830169677734,5.265612602233887,3.5393217655908633,nan,,,1.081809639930725,,Gaia_DR3,6.05986486866869,-10.150757621398343,8.32459162754852,0.023043740540742874,-8.976331887639612,0.01744573377072811
Gaia,DR3,3747947616798533632,158.33294509421512,-16.829103637047332,17.49081802368164,2.511629104614258,1.8033427036547163,9.54717155067879,58.45210046786999,14.864721009968768,,,3.012459338071882,nan,,,0.9495190382003784,,None,6.966310742440507,-7.5346930507615735,7.201545508627236,0.1233379915356636,-6.413887716567298,0.10274256765842438
Gaia,DR3,3747726035140921344,159.656272917178,-17.166918748632963,16.17245101928711,2.3625240325927734,4.2239214851732605,8.254743953850404,57.96032132299291,15.173507894655827,,,2.92350785528628,nan,,,0.9281840920448303,,None,6.605053468580013,-7.2124735651117,4.47586709162364,0.06362368911504745,-5.714696366814772,0.04954521358013153
Gaia,DR3,3748404330735976576,155.39422426041804,-17.453647587896647,13.789774894714355,1.2657527923583984,1.437783887938503,12.297229042892546,65.58789220234267,14.443394821023748,64.87483978271484,2.358241319656372,3.298709503760174,nan,,,1.097821593284607,,Gaia_DR3,8.003360367547257,-8.25767923107149,8.794643353351963,0.019944585859775543,-8.86886192773967,0.015539433807134628
Gaia,DR3,3748578878206877056,156.51316695892245,-16.584671596119225,13.025199890136719,0.9794149398803711,3.507178861491206,11.306813039718568,61.80889281486696,14.475149745495493,11.44444465637207,3.865817070007324,3.1728165962382313,nan,,,0.9227406978607178,,Gaia_DR3,7.562883933700046,-8.04569127574219,6.118266096955854,0.020240388810634613,-9.89391698949187,0.0169477928429842
Gaia,DR3,3749411066775255168,160.75754135087794,-16.016694974726928,18.20619773864746,2.658151626586914,4.192470824006075,7.395953878196561,46.85497698263786,15.13157812775406,,,3.028532878764456,nan,,,1.0082825422286987,,None,6.705444726968695,-7.628738937113247,7.315918343668728,0.18724606931209564,-10.234855834144547,0.16208723187446594
Gaia,DR3,3749849256518561408,161.99837672707235,-15.309130669980103,19.28325843811035,2.9452266693115234,2.509879848776775,6.4759628160284235,38.89482735414869,15.199641658352368,,,3.469699425458415,nan,,,1.0493979454040527,,None,7.502122485265175,-8.832706767794797,6.448959397975673,0.4899122416973114,-7.328986159352299,0.3766351640224457
Gaia,DR3,3747403946953434112,156.54714633982363,-17.94826140808483,19.167512893676758,2.757976531982422,1.0699045481285783,11.185215710987793,62.59844054911484,14.763485846976852,,,3.117876107368595,nan,,,1.0649875402450562,,None,7.427850820474296,-7.676216659818443,8.123094781568112,0.38759228587150574,-7.570560273729085,0.33042800426483154
Gaia,DR3,3747844060842248704,158.07954517677834,-17.45854419896285,18.501262664794922,2.7349414825439453,4.2724931042096435,9.73839061879146,65.64409281263292,14.947727566421365,,,2.912984359847509,nan,,,1.0507055521011353,,None,6.765547409266431,-7.194061231093301,5.764131254634177,0.2432737499475479,-4.769012493387096,0.27363207936286926
Gaia,DR3,3747428063194420864,157.67715838983062,-17.912539559787415,18.319894790649414,2.7877960205078125,2.314158067657963,10.110254408348181,54.05074601551881,14.966196517585864,,,3.2809855779298447,nan,,,0.9306984543800354,,None,7.6722971748643385,-8.03718326618336,8.527653982513916,0.19336967170238495,-9.390089013016281,0.17395533621311188
Gaia,DR3,3747612093953366016,159.01487729511337,-17.64307488577851,18.427736282348633,2.6750526428222656,3.671071073988805,8.840382573411599,50.92324520765155,15.155262723625167,,,3.096390960167321,nan,,,0.9759689569473267,,None,7.0759726667722935,-7.580230116789453,8.467294011439623,0.21226349472999573,-5.629219009184368,0.23543240129947662
Gaia,DR3,3748464662141415808,155.75427510049195,-16.890196732898215,16.24454689025879,2.2351808547973633,4.196883538696654,11.995439962579205,66.43781695251432,14.394963081927187,,,3.5333082609488504,nan,,,0.9689818620681763,,None,8.524512392447944,-8.93478218005604,5.653592176527502,0.11020523309707642,-10.17178594046683,0.1967664361000061
Gaia,DR3,3592062465984691712,174.18357096456583,-8.117336036924902,16.869403839111328,1.2246322631835938,3.3441556747255605,11.131222420841574,63.281876324013,15.455143316719752,,,3.0889221136220857,nan,,,4.943531513214111,,None,4.950239496290031,-8.866158446432738,2.7801676405976163,0.39220407605171204,-9.047473099390992,0.2774313986301422
Gaia,DR3,3748711880458870528,157.50307734447142,-16.53636540716449,17.48650360107422,2.52960205078125,0.6659797490512077,10.372274739994188,60.76852894377963,14.65065752703103,,,3.0519161503958094,nan,,,1.0761429071426392,,None,7.157474885239815,-7.711477726573016,7.565026011955733,0.12786433100700378,-7.579218765278971,0.10506598651409149
Gaia,DR3,3749330699346776704,160.06415975360832,-16.353803715761153,17.351369857788086,2.4392757415771484,3.850907813431363,7.975472582329079,54.73205727520643,15.078905976979504,,,2.9499001437923957,nan,,,1.0985398292541504,,None,6.6155807164118166,-7.397536503936534,4.519148222013955,0.13310757279396057,-6.2400220734894,0.14891713857650757
Gaia,DR3,3749599637314297472,159.2128683709483,-15.971091318977589,14.114501953125,1.263627052307129,4.4612786408672624,8.852838955898983,51.87177356254342,14.84613044101624,-2.011746883392334,4.072332859039307,3.0747956030392745,nan,,,0.8854410648345947,,Gaia_DR3,7.002093004142002,-7.804306409038018,4.897010248523184,0.023308774456381798,-5.821610756001828,0.018012456595897675
Gaia,DR3,3750169699733601280,160.61708373019619,-14.528056927413422,16.033348083496094,2.0077667236328125,2.040625143539413,8.010190495766631,52.29173794624073,14.79131854261809,,,2.9881763992681685,nan,,,0.944939911365509,,None,6.633455510106615,-7.776407924206463,6.110012933962791,0.057747386395931244,-8.950474391176135,0.05652527138590813
Gaia,DR3,3748300564326182272,157.23645380812312,-17.10428884262347,15.359811782836914,1.8077402114868164,4.029917389810478,10.564599115890323,62.38802181030814,14.719107294912245,,,3.038224008200838,nan,,,0.9802306294441223,,None,7.157006053028536,-7.593206231399085,4.603081752701826,0.037329018115997314,-7.9668663566455855,0.03579026833176613
Gaia,DR3,3748577946198097920,156.07625631119947,-16.37048971384542,13.08719253540039,1.0794858932495117,2.8710160620477323,11.750469458754077,69.65269112346641,14.34714928051185,-6.06892204284668,1.9485499858856201,3.6916684474180763,nan,,,1.031144142150879,,Gaia_DR3,8.861396470800367,-9.42245856259936,9.025689399982225,0.015560492873191833,-7.194165193265594,0.0132515300065279
Gaia,DR3,3751203442527190784,160.95893788653223,-12.907553462431371,18.4271183013916,2.8953990936279297,4.243918125431282,8.519099550083101,49.33167709415597,14.49753874018106,,,3.5028851189320083,nan,,,0.9081822633743286,,None,7.726436496566309,-9.410992485704199,10.842207174581498,0.2315211296081543,-9.074451238415483,0.23895202577114105
Gaia,DR3,3751135105302551808,161.10020752067967,-13.242749255052995,12.712800979614258,0.9269504547119141,4.3543143281754775,8.217182804711896,49.33008993074417,14.59686099710859,17.54947853088379,1.5514286756515503,3.0589677731727467,nan,,,1.7821558713912964,,Gaia_DR3,6.72929510027946,-8.159670231354344,6.922696554693167,0.03572662174701691,-10.960929987627184,0.041645605117082596
Gaia,DR3,3752515984532395648,155.9760027876105,-13.998934148908345,16.289791107177734,2.0631942749023438,4.967285404932591,12.397874703740216,67.51182957842346,13.814858761242215,,,3.488339810829239,nan,,,1.0725823640823364,,None,8.386651556932085,-9.336279659635489,4.89327805497462,0.07054286450147629,-8.268809302222339,0.06881781667470932
Gaia,DR3,3747848287089886848,158.41708926420168,-17.391719434857105,14.267594337463379,1.4645042419433594,3.3700784007546725,9.420139993544575,67.82391507858867,14.995781966373904,16.804767608642578,5.973574161529541,2.8653145486269636,nan,,,1.0037981271743774,,Gaia_DR3,6.616448615011887,-7.0751812704164045,6.306212465174395,0.03580912575125694,-5.0633079767797575,0.025494255125522614
Gaia,DR3,3750917260265527552,159.03169383726924,-13.468632471162092,18.557479858398438,2.769685745239258,4.3411308484725035,9.853355233779336,53.79198881432798,14.273376009698262,,,3.422140260956517,nan,,,1.0406266450881958,,None,7.818070351966719,-9.151332370737446,7.2172255825359395,0.25066545605659485,-6.077724532666142,0.2572084069252014
Gaia,DR3,3748888798751456128,158.6781016422403,-15.586936360682465,17.59099769592285,2.5593719482421875,3.2956500534784983,9.441396441941903,52.346839137627825,14.667615292125404,,,3.1504283951276415,nan,,,0.9111548066139221,,None,7.242012787712586,-8.080323725156443,7.855147524667895,0.11694922298192978,-10.181471382385997,0.13882099092006683
Gaia,DR3,3750585212049126656,159.21372886549008,-14.708551444583776,18.346675872802734,2.892068862915039,1.5547263884732865,9.202872534321035,58.89473535492243,14.577572600877525,,,3.6843484019035175,nan,,,1.7793922424316406,,None,8.3900720726959,-9.603380991152651,9.253661343250204,0.41887718439102173,-10.44741669299516,0.4163070321083069
Gaia,DR3,3749858812821260416,162.21667738809205,-15.08431517247431,13.844289779663086,1.3252191543579102,2.779108048145439,6.371851726780825,56.956722447526126,15.189800173168166,19.36865997314453,2.357719898223877,3.8425268708576104,nan,,,1.0291481018066406,,Gaia_DR3,8.272747000121484,-9.82184923524563,7.126282688188682,0.02055714838206768,-11.759247249577205,0.016505373641848564
Gaia,DR3,3754253453422762880,157.33705662112467,-12.683756246570962,19.290754318237305,2.7308921813964844,4.248825327704714,11.680842514040616,62.49562007815581,13.781271757724184,,,3.3732729621691475,nan,,,1.139644980430603,,None,7.933029742766543,-9.209724259750477,9.917812632277565,0.41960030794143677,-6.93164618424566,0.4669787287712097
Gaia,DR3,3749388393642967040,161.0630471830925,-16.253244873642352,11.332009315490723,0.6666488647460938,3.9599377705558796,7.056177452907385,38.88676937104949,15.23432263880187,8.15836238861084,0.7922213077545166,3.375216593569635,nan,,,0.8343815207481384,,Gaia_DR3,7.430219764954618,-8.446346860570504,10.047807122579577,0.020230814814567566,-7.4036683309238915,0.018904035910964012
Gaia,DR3,3750982543768397440,160.95191047008544,-13.87665880936412,18.369998931884766,2.6514644622802734,1.5571864252263417,8.011275511650059,69.14343583552366,14.709626305260112,,,2.785821611108987,nan,,,1.0203732252120972,,None,6.1455978314956266,-7.339514303903377,5.530799727063312,0.17707395553588867,-6.6625066529722,0.16415543854236603
Gaia,DR3,3750014118838620672,162.7692505719089,-14.336027508635143,19.139142990112305,2.613943099975586,3.154192404519948,6.262277746491815,35.732474242791604,15.125102613183639,,,3.4055084595027445,nan,,,1.116619348526001,,None,7.251764711407973,-8.829145309321351,9.179964999736661,0.3546237051486969,-10.016473052788914,0.37023600935935974
Gaia,DR3,3750069197498940928,162.50087119217136,-14.230310735629866,16.95564842224121,2.2932872772216797,4.093677706136484,6.538367640930092,42.623940667263135,15.056444267060252,,,3.0303461827287306,nan,,,1.131631851196289,,None,6.487581839307893,-7.881773519085755,6.903285853550381,0.09218396246433258,-5.299871413405617,0.10342276096343994
Gaia,DR3,3750672657583872512,158.08314623459535,-14.837835451295085,15.653789520263672,2.085209846496582,4.675486099748312,10.197391403961587,54.84510229842698,14.397456764435335,,,3.372097493792451,nan,,,1.2241957187652588,,None,7.831379439468296,-8.805256940507142,9.699798106042161,0.05393051356077194,-11.554040201331723,0.049363747239112854
Gaia,DR3,3750672657583872384,158.0893519369831,-14.84304146960075,15.81953239440918,2.0567474365234375,4.198092163021348,10.190108685670172,54.90497020186582,14.399733996048461,,,3.3811542685882734,nan,,,1.0017338991165161,,None,7.85158263445953,-8.82775512365822,9.866734314151772,0.04901421442627907,-11.039802160872082,0.043975941836833954
Gaia,DR3,3752147751215872384,155.96340502702887,-15.04709303372489,19.514808654785156,3.1602954864501953,1.7947797477603726,12.11234345171999,68.80424480371349,14.042217132630068,,,3.6086159691849673,nan,,,0.9796192646026611,,None,8.677548654744253,-9.464695165369575,8.06059985400117,0.5023046731948853,-10.682704780687136,0.5062397718429565
Gaia,DR3,3753852204692945024,157.11869418643155,-13.710719704871423,11.322526931762695,0.7413015365600586,1.9726662630696084,11.455724929943786,62.33305865431261,13.969672994694768,3.7975716590881348,0.5960519909858704,3.4560089877817495,nan,,,0.5694910287857056,,Gaia_DR3,8.157004365356338,-9.261375635212953,7.234060107774033,0.017187612131237984,-8.159675910990623,0.01330038532614708
Gaia,DR3,3750917058402703616,159.04898310083325,-13.473911448659061,15.074440956115723,1.5917558670043945,3.4491442741857488,9.835945548464752,61.36408190212504,14.277721460080274,89.60697937011719,10.051712036132812,2.98631362830292,nan,,,1.0622806549072266,,Gaia_DR3,6.820322392954546,-7.98455645035438,6.879797598895328,0.03642428666353226,-5.813979866991708,0.03602512180805206
Gaia,DR3,3749496042703264256,161.1397594133408,-15.558648790293418,17.70952033996582,2.352296829223633,4.695103833349624,7.168126932072025,47.47036406611949,15.102844018769396,,,3.0009006247294217,nan,,,1.105164885520935,,None,6.596610761671569,-7.623623524928827,7.789075362446272,0.15398861467838287,-4.9032899180065055,0.12544666230678558
Gaia,DR3,3751759284309586688,155.43754764106043,-15.405587468749333,15.678662300109863,1.9608945846557617,2.2970675181497424,12.524999801139828,67.56064295421972,14.01845489732013,,,3.4497121543113947,nan,,,1.0398616790771484,,None,8.36409894284522,-9.004116240841054,8.04659609200536,0.048270825296640396,-7.364061120627858,0.05080113932490349
Gaia,DR3,3750966772649221504,160.23904256423603,-14.031205942475015,19.44854736328125,2.8307933807373047,0.9483517504526832,8.552733454544898,46.27208064590741,14.61618615778528,,,3.361612541601628,nan,,,1.1307426691055298,,None,7.514798304818947,-8.850842001881178,7.252976412931936,0.4827997386455536,-9.46980460363516,0.5824270844459534
Gaia,DR3,3756098747466923264,162.60095796775053,-13.728186811568632,17.428892135620117,2.3962841033935547,3.891163229827949,6.741910180846579,63.32716000476269,14.96501798070448,,,3.943391899141772,nan,,,1.0269315242767334,,None,8.425479270617991,-10.362430397091908,9.699323829463488,0.09690839797258377,-13.335799942298223,0.08912055194377899
Gaia,DR3,3756378465801441408,161.86677486577676,-13.21061127705914,16.79375648498535,2.3392066955566406,4.07084109464642,7.623726635376185,48.97166576625111,14.724606386824728,,,3.597617759696658,nan,,,0.9372032880783081,,None,7.798685694840133,-9.578687125357275,4.864236899935219,0.09626119583845139,-10.538344705680764,0.07763425260782242
Gaia,DR3,3754746451243230848,159.16751088121353,-11.788124154375126,17.609962463378906,2.0033645629882812,1.8458969111588963,10.595008321090189,56.7478333249668,13.920576246742444,,,3.354243714884229,nan,,,1.0412588119506836,,None,7.644605699880183,-9.258382018283834,7.348767176588276,0.1866423636674881,-10.529662670441848,0.13509178161621094
Gaia,DR3,3756640802404212608,164.14942207934774,-12.76796699716425,18.122920989990234,2.8582687377929688,2.0694853828456785,6.3153978194923,48.64423620826938,15.016965330354335,,,3.6910361290015583,nan,,,1.0721019506454468,,None,7.639740741579537,-9.846827424650833,6.408782433121862,0.17353978753089905,-10.884974868363283,0.1859712451696396
Gaia,DR3,3756547829247793024,162.92298038853227,-12.429651446251892,11.421684265136719,0.7801284790039062,3.6527528252437276,7.362251917891156,48.57951811041206,14.734289907589574,-6.53928279876709,0.4636501669883728,3.61247260173283,nan,,,1.0015884637832642,,Gaia_DR3,7.668710723363745,-9.739533671184155,5.566114682118777,0.027691740542650223,-7.918228155986769,0.027321189641952515
Gaia,DR3,3757083871230113536,163.99742736692468,-11.288440665410043,18.873462677001953,2.8383007049560547,2.4561750099837374,7.605606278313347,69.65999060715875,14.659863945174859,,,4.024006301146514,nan,,,1.0811097621917725,,None,8.355582433662207,-11.065000417442633,10.406652149601532,0.30907121300697327,-11.431607046305164,0.2560311555862427
Gaia,DR3,3755616332444626944,158.54529856725847,-11.0296725208899,19.32863426208496,3.0655860900878906,3.157600472750062,11.53186279227492,61.72372640598752,13.630362520357314,,,3.262203010932232,nan,,,1.0267047882080078,,None,7.516257491007362,-9.145879911135308,5.456944140775731,0.36798298358917236,-9.834815975025219,0.3489709198474884
Gaia,DR3,3758204621471613440,162.65389361985564,-10.197394853214796,19.89507293701172,2.7269287109375,4.86168970364713,9.249975948018394,62.511948364116805,14.178654011144967,,,2.924409574673691,nan,,,0.9668257236480713,,None,6.241710874131571,-8.237694044916193,8.981926323144162,0.5515429377555847,-7.0234167879219696,0.5404520034790039
Gaia,DR3,3757911876501106944,163.69008092091622,-10.867064850600556,14.499238967895508,1.9447431564331055,3.1410551956238484,8.123144888116073,45.67153421581641,14.511581799006095,-18.685636520385742,7.111954689025879,3.440322942509069,nan,,,1.1106576919555664,,Gaia_DR3,7.1895329021216465,-9.545254507076125,5.018176813116591,0.034344591200351715,-8.8562027563076,0.02550751529633999
Gaia,DR3,3756037926434173312,163.51795620948135,-14.096992321105766,18.71483612060547,1.8421745300292969,3.9157766123328233,5.810639684643452,35.42012282023846,15.200667738653761,,,3.0959891231837964,nan,,,1.0478637218475342,,None,6.493016287850207,-8.047000052685524,7.912415407125071,0.2633543312549591,-10.172293356696564,0.33202019333839417
Gaia,DR3,3756605274434108416,164.83787448215153,-12.797633105819585,19.644821166992188,2.1262168884277344,4.154353922047104,5.892909746700825,33.42595878781058,15.13764264088666,,,3.154422513055933,nan,,,1.0902081727981567,,None,6.43383047330079,-8.39284070517881,6.809042900793962,0.430054634809494,-11.129820227775209,0.38382065296173096
Gaia,DR3,3757496875285878912,160.8432190863762,-11.939699174583067,19.326812744140625,2.988384246826172,3.6184238129810384,9.193295063027001,52.95277665069427,14.259658212934422,,,3.5198016137277093,nan,,,0.9407573938369751,,None,7.780658955177521,-9.640166085948946,6.597452566664396,0.4509396553039551,-12.05029836911082,0.32587963342666626
Gaia,DR3,3758199398790640768,162.93904722196817,-10.14316858410846,19.892375946044922,2.6664485931396484,3.2075378657367812,9.134108729131478,69.66303041463962,14.215436275496604,,,3.934502256031757,nan,,,1.0789884328842163,,None,8.349620003045215,-11.086791497679481,6.49724868531555,0.5572468042373657,-12.996410025701683,0.4781753718852997
Gaia,DR3,3759534991886006656,165.3083840115632,-9.896228328223721,17.545883178710938,2.5374622344970703,4.934134783717179,8.284240278515844,59.44055266748505,14.557631403733922,,,2.906081878803834,nan,,,0.9827059507369995,,None,5.866861822558317,-8.18358276219403,4.984877854238443,0.12718921899795532,-11.074855090765274,0.0986323207616806
Gaia,DR3,3760131648742990336,167.22346254920367,-8.356571210095561,18.003646850585938,2.6152725219726562,4.343175236082599,9.359246752135066,64.63236451743593,14.503461375724717,,,2.9024762025621476,nan,,,1.0126714706420898,,None,5.609818985361171,-8.38210813331989,7.689021405765482,0.15087665617465973,-10.03710970588082,0.13389569520950317
Gaia,DR3,3760378626542074624,166.0162263325825,-8.106495469330854,18.893409729003906,2.9519596099853516,4.780953143891088,9.805072825453575,55.66644000677414,14.249747501174205,,,3.105521837324369,nan,,,0.9981849193572998,,None,6.171521245091023,-9.027957300162356,3.9732626694302526,0.4058188199996948,-11.256046353904836,0.3497093915939331
Gaia,DR3,3757171836455899648,162.07589352096937,-12.660222917214904,18.558963775634766,3.0919246673583984,3.0658106446868305,7.807274784322246,54.31971013824492,14.639204618091401,,,3.7011174711420587,nan,,,1.1286115646362305,,None,7.990363137069798,-9.957828569562835,5.614185194351888,0.2229907065629959,-9.682761507548156,0.1923031210899353
Gaia,DR3,3761036409373920256,160.4518262527566,-10.042626410259913,16.81800079345703,2.3009166717529297,2.547944360768307,10.763072860750459,60.62545061567615,13.751294800888097,,,3.5335198158525,nan,,,1.0413819551467896,,None,7.8681613524735905,-10.033638277303663,7.943873507004712,0.09400195628404617,-11.9300950884896,0.07587189972400665
Gaia,DR3,3751364658419231616,160.3081566043748,-13.060355390382718,18.44745445251465,2.8304405212402344,4.776624789295334,8.965155332207662,58.82410965532039,14.415053365423216,,,3.70506651445315,nan,,,1.0308797359466553,,None,8.272058829382196,-9.945031491150742,5.328094859176458,0.25464928150177,-12.236834271553866,0.1867671012878418
Gaia,DR3,3761617917881057920,161.62216198609005,-8.67448998109441,15.285223960876465,1.9137821197509766,4.591546364777218,11.080907547871012,66.5617602208337,13.63680409168296,17.200210571289062,10.349038124084473,3.6838537570713843,nan,,,1.0227961540222168,,Gaia_DR3,8.023539142150778,-10.687689822872475,4.4608544501338105,0.034579671919345856,-10.83586082560481,0.0346648208796978
Gaia,DR3,3761309672373481984,162.1417040029397,-9.430480398416233,19.810457229614258,2.2126808166503906,4.720397910271912,10.167420343429818,54.58442159439952,13.908972275249054,,,3.244181819530194,nan,,,0.973660409450531,,None,6.994847360530462,-9.277703854192833,5.042798691096839,0.4730672240257263,-6.706422980010352,0.44189780950546265
Gaia,DR3,3762516180225943040,159.92034814127888,-8.556288324693115,17.707162857055664,2.7806320190429688,2.681724770578927,12.21323896760095,65.53763281964481,13.300212546137441,,,3.4106006914574625,nan,,,0.9790817499160767,,None,7.668828600320038,-9.94850134880108,7.327954758009171,0.1353522390127182,-8.050741717697822,0.131876140832901
Gaia,DR3,3761764320431219200,158.96410937108897,-9.809284494044402,17.77054786682129,2.698577880859375,3.5793742316999637,11.981593167735344,64.13709883910019,13.422595196114603,,,3.3860687680372776,nan,,,0.9764000773429871,,None,7.744865283270324,-9.688674638743198,6.262023876397451,0.1439051330089569,-7.607976408979116,0.15658243000507355
Gaia,DR3,3762878812904294272,163.27595051032822,-8.641302123607689,17.38449478149414,2.611696243286133,4.452367288040401,10.25212044496196,57.28395365969441,13.918732136406964,,,3.1289036602471314,nan,,,0.9747064113616943,,None,6.594722077255074,-9.053787545890923,8.964137006455577,0.10877946764230728,-10.788916233284308,0.09840548038482666
Gaia,DR3,3763289897109130752,163.057756493572,-7.666821571237488,11.632745742797852,0.881566047668457,3.8282968658621974,11.217490898242476,68.2707363079322,13.645639712179493,31.870683670043945,0.29829058051109314,3.7170850320538453,nan,,,0.8115244507789612,,Gaia_DR3,7.8692987014605515,-10.943795092866125,9.65162984524587,0.01752210035920143,-8.530832090737375,0.014136429876089096
Gaia,DR3,3760754526375415936,161.06405330118827,-10.689615764603479,13.344501495361328,0.9870119094848633,3.69832029247721,9.879393118689784,63.252397199430085,14.012620314952919,1.0133074522018433,4.704997539520264,2.9586150451153457,nan,,,1.071358323097229,,Gaia_DR3,6.512986998205384,-8.29073166425392,7.189307537231704,0.016833970323204994,-6.08544524850547,0.014203529804944992
Gaia,DR3,3758740976986980352,166.32588467055095,-10.073561019368942,19.263633728027344,2.4390487670898438,4.111181520812635,7.820552198537606,41.93272113647764,14.764333054544585,,,3.3043985140557557,nan,,,1.0630011558532715,,None,6.520822106183965,-9.253309588424909,5.471127568041946,0.38680166006088257,-11.917851280632267,0.3074091374874115
Gaia,DR3,3754239473304184704,157.82181926012677,-12.469729374969782,16.911319732666016,2.294835090637207,4.32324935038482,11.359988609760652,60.62799177350714,13.824555384039641,,,3.3288763336143417,nan,,,1.01166832447052,,None,7.765344433218277,-9.110355003922715,10.669178940482936,0.10149221122264862,-9.989109399422137,0.07863134145736694
Gaia,DR3,3754642680539385984,158.8484477097483,-11.99563113534906,18.0661563873291,2.4990310668945312,2.8875976361439633,10.738821305237174,62.328471176824976,13.908857288782539,,,3.0602335251631714,nan,,,1.0831727981567383,,None,7.01380136689705,-8.42234863830325,8.823167782104937,0.19209177792072296,-7.979090355916252,0.16100475192070007
Gaia,DR3,3760898905995966336,159.53902983245305,-10.625990878814992,17.09825325012207,2.2915897369384766,4.034712750671918,11.017527920065906,65.71845812542156,13.720961588662782,,,3.6666950342236557,nan,,,1.0572099685668945,,None,8.301594557276024,-10.327149853119455,6.03565608781409,0.11399122327566147,-8.184244851806461,0.102843277156353
Gaia,DR3,3763373146460216064,165.0456181401013,-7.657694940993658,18.510162353515625,2.4184513092041016,4.513177785735359,10.488602603159404,69.80532838158933,13.981478267935874,,,3.8323403120827915,nan,,,0.9522358775138855,,None,7.781395315520674,-11.24813922942393,11.419336763984544,0.2917804419994354,-11.003204442625648,0.17402474582195282
Gaia,DR3,3762611253622590720,159.65407820546605,-7.96897935940354,16.59050941467285,2.5527219772338867,4.765554835193933,12.83080068348265,68.55395752300258,13.108600444147223,,,3.273527809728681,nan,,,1.3522560596466064,,None,7.396142387759694,-9.647064108146594,6.575813027164881,0.10540035367012024,-6.462344984928429,0.090172678232193
Gaia,DR3,3754688314566428544,157.5591865997025,-12.033979737183566,13.569748878479004,1.1943531036376953,3.635519099845889,11.796223223925994,65.83155138762604,13.675804729527192,18.131362915039062,3.202183246612549,3.1189048761547493,nan,,,3.565807819366455,,Gaia_DR3,7.307723504229443,-8.611607830126534,4.917920323122556,0.08265350013971329,-8.662313386777765,0.08737029135227203
Gaia,DR3,3783896080748967936,169.39618026403298,-7.390863692192884,17.9420166015625,2.585193634033203,4.877488332335564,10.32307989286696,56.439239904829115,14.606329858652424,,,3.4396490080005457,nan,,,1.0468385219573975,,None,6.303268235505454,-10.077779282204393,4.372738157274584,0.15226338803768158,-7.11441979902743,0.12224328517913818
Gaia,DR3,3783640963987071488,170.29699265593132,-7.8450391708592875,10.23961353302002,0.4996213912963867,4.140131982752565,10.004987396754109,55.314328522076366,14.849706976290149,-13.263473510742188,1.9520167112350464,3.1521863962999364,nan,,,0.8615946173667908,,Gaia_DR3,5.643020933706686,-9.146014285068187,3.322730904843752,0.021141288802027702,-7.6677757780940565,0.014073560014367104
Gaia,DR3,3784574621157771904,167.46143188418782,-7.050473616533502,17.21178436279297,2.390810012817383,4.779122954793802,10.638256708740558,58.448205363600835,14.22530552335094,,,3.1627113359126326,nan,,,0.9880648255348206,,None,6.078491877082241,-9.348724021875887,5.721451703762707,0.13316234946250916,-6.18239966103684,0.08749993145465851
Gaia,DR3,3784588605571259392,167.46799855829883,-6.810016899351989,14.052281379699707,1.2230806350708008,2.615249335077215,10.877576785960493,63.05861579050433,14.167410236659546,24.344743728637695,7.787247657775879,3.0601918269920367,nan,,,1.0516211986541748,,Gaia_DR3,5.880539834947775,-9.084064017749231,4.6941589731026525,0.02477104216814041,-7.8844944164961435,0.021390734240412712
Gaia,DR3,3756894381568568320,164.4451745405459,-12.004918665326953,17.4796199798584,2.512296676635742,4.160560491496305,6.765789179627243,39.91017504407593,14.896601709206983,,,3.102957584339093,nan,,,0.9774875044822693,,None,6.382403914034555,-8.401266408723508,4.605194904288076,0.10382545739412308,-10.462444138459427,0.09153567999601364
Gaia,DR3,3783486516963004928,169.0428123454341,-7.914606779584633,18.3447208404541,,3.1918576596349917,9.770504287227284,64.3536293786997,14.67937270476164,,,2.933659616982707,nan,,,0.9250309467315674,,None,5.4243899602917685,-8.516888615170274,4.306170814099338,0.18855969607830048,-10.143607785256016,0.12895818054676056
Gaia,DR3,3783856777503600896,170.60165446215575,-6.8460286112644155,14.913457870483398,1.9620580673217773,4.767348447885782,11.043865005704447,60.82469799869187,14.652262852862313,-10.12939739227295,7.887352466583252,3.4838446735919266,nan,,,1.0193177461624146,,Gaia_DR3,6.1865150821495325,-10.29311589730168,6.619052312047534,0.05061795562505722,-13.767577204576945,0.026609303429722786
Gaia,DR3,3784289675847298688,167.3027108292095,-7.236345727025476,14.861093521118164,1.6924772262573242,3.2735452868764083,10.46605391781988,57.45034949311909,14.245603132454454,-38.009422302246094,13.31485652923584,3.456008308306628,nan,,,1.0006859302520752,,Gaia_DR3,6.6671995362022525,-10.184311117015064,7.656692085443988,0.030552979558706284,-12.354340192751149,0.02502867579460144
Gaia,DR3,3784465799571003776,166.64393320833355,-7.233927087238422,18.14201545715332,2.5344581604003906,1.9728996675301433,10.547100550979975,56.47551871749324,14.139892087664155,,,3.261452032655207,nan,,,1.151742696762085,,None,6.389324113217573,-9.620578313611109,7.424994718038843,0.21622979640960693,-10.496576472129256,0.1787400245666504
Gaia,DR3,3757618130802485888,161.96891260418388,-11.230547785562432,19.489688873291016,,4.525415645887493,8.874930432532691,66.40464186438638,14.297668062047471,,,3.8817570625057,nan,,,1.002062439918518,,None,8.397896741767873,-10.742722135063003,6.173020358323626,1.0522326231002808,-13.703072849972425,0.4553958475589752
Gaia,DR3,3787794059923205120,166.61811961320404,-5.689479383741173,15.698814392089844,1.8858661651611328,3.4772761444583478,12.07970448939494,68.18888836219847,13.753705029088525,,,3.092807248397827,nan,,,1.0018162727355957,,None,6.062546765732137,-9.36871166265853,8.32645400913369,0.04382425919175148,-9.490228057592098,0.03620397299528122
Gaia,DR3,3783805886435499392,170.47536830004088,-7.232239029322703,16.834707260131836,2.345261573791504,4.960327637067244,10.640462179214635,56.82292549248396,14.727900133068236,,,3.3120539992132576,nan,,,1.0764167308807373,,None,5.901271657660503,-9.717963285766647,8.598664898212752,0.09267285466194153,-7.545634594343274,0.0818614512681961
Gaia,DR3,3788719397741786112,164.816181649122,-5.261284542146099,19.245553970336914,2.7498645782470703,4.678127687871036,12.854281005288716,69.00384709369453,13.34900541502985,,,3.431967255292627,nan,,,1.0802667140960693,,None,7.003196827410304,-10.490017120874818,5.1382583227837015,0.3483157455921173,-13.31445998708491,0.35635238885879517
Gaia,DR3,3786438224647362944,170.5118618696582,-5.5968030450888975,17.277137756347656,1.744588851928711,0.3301080596738942,12.254436705692399,65.33509109697557,14.330288220557609,,,3.3081850937730217,nan,,,5.344536781311035,,None,5.888661014004501,-9.995624680516936,5.989156916543567,0.6957519054412842,-9.788500555444495,0.42120248079299927
Gaia,DR3,3760596261125147648,159.88210069087498,-11.44292272993619,13.493943214416504,1.1631145477294922,2.68668801695231,10.2379417579474,55.90725146517162,13.972719661112214,30.66356658935547,2.3896844387054443,3.4335072059662086,nan,,,2.1183290481567383,,Gaia_DR3,7.725697181439939,-9.518500195018827,6.36891517474162,0.038069576025009155,-10.911660043895193,0.03659363463521004
Gaia,DR3,3760944016036740736,160.57075761488355,-10.428209694507789,18.006824493408203,2.504932403564453,0.534097797606617,10.406428093016416,55.960340698485574,13.863095444392165,,,3.3761599049091533,nan,,,1.095719337463379,,None,7.501201089726851,-9.517859092336433,7.41569019896491,0.20729897916316986,-9.14746919950333,0.1582334190607071
Gaia,DR3,3761378082612092800,160.95784600414177,-9.80083976633661,18.24182891845703,2.722156524658203,2.138589373200813,10.602180932787858,63.42876668369886,13.78580110395258,,,3.651205614432944,nan,,,1.0622178316116333,,None,8.053757871636938,-10.400252233343828,6.684486159450156,0.1753954291343689,-9.486619336361942,0.14948982000350952
Gaia,DR3,5453687594867722880,165.32538103608962,-28.380408835825026,19.44123649597168,2.739786148071289,2.707578142126891,11.063478243553142,61.8156173850955,18.04140420099878,,,3.122210424353598,nan,,,1.0031683444976807,,None,6.300832836738674,-5.297906854616002,8.053098069061459,0.29035574197769165,-4.973126667564548,0.42992061376571655
Gaia,DR3,3761270777148843776,162.57198194428594,-9.471676812179547,18.698575973510742,2.951292037963867,4.052064007062803,9.893310233657688,65.74590351703665,13.994106717190675,,,3.786809911840259,nan,,,0.9689565300941467,,None,8.095602731948228,-10.8114713853404,6.091943841761846,0.23325131833553314,-13.350955064750586,0.220903217792511
Gaia,DR3,5453582728947804672,165.1902782720135,-29.146673066651246,15.808450698852539,2.0682897567749023,2.2813847019000915,11.834676081089151,66.58211500695887,18.127633832502887,,,3.5717955190188673,nan,,,1.0397721529006958,,None,7.22951421960692,-5.886737948253014,6.560859480405388,0.03195851296186447,-4.304401184936255,0.03382419794797897
Gaia,DR3,5453393986607855616,165.61360656094152,-29.2030824479094,19.43682098388672,2.752473831176758,4.445682004413796,11.802771494109484,64.65155587124056,18.196911447828775,,,3.1647203805254396,nan,,,1.048064112663269,,None,6.3460736088994185,-5.180928922843706,3.597212089920643,0.3087194859981537,-6.294782253383085,0.40107467770576477
Gaia,DR3,5458140028549623552,162.4520808423896,-25.922892961450746,19.160324096679688,3.180065155029297,3.8144750853012717,9.881664623081956,52.81727243457964,17.23497953127788,,,3.307821333004094,nan,,,1.028252124786377,,None,7.088488967262329,-6.298400395100767,9.748160525110645,0.30893316864967346,-6.334556552656324,0.2429531365633011
Gaia,DR3,3784615058273982464,167.63435747424842,-6.642253363557961,12.849335670471191,0.9395694732666016,2.1445157272250577,11.034258385588277,59.82638327578216,14.152366422635495,-15.857887268066406,1.875135898590088,3.4300565305198614,nan,,,0.9106171131134033,,Gaia_DR3,6.565204588978824,-10.209755934201405,7.027379091446255,0.019183464348316193,-8.72955352860416,0.015569482930004597
Gaia,DR3,5457980324485472768,164.1043933269508,-26.150197174316354,12.292765617370605,0.8308601379394531,4.606111779592026,9.337090181699237,55.10797084589877,17.529273547207993,5.46776819229126,4.885568141937256,3.5673165265164273,nan,,,6.655527114868164,,Gaia_DR3,7.390671103231577,-6.645442585765707,10.315738002304352,0.1285005807876587,-4.789990656921697,0.1417159140110016
Gaia,DR3,5470745139088321408,161.64775261125214,-23.42892779412364,18.56847381591797,2.7319393157958984,4.199818949721761,8.483785307603032,46.070924247587136,16.693992088118915,,,3.3724371295052364,nan,,,1.0138541460037231,,None,7.341639671821386,-6.9895483571736365,10.302233617203173,0.22578398883342743,-6.602131968605988,0.253458172082901
Gaia,DR3,3786506493152269056,169.8071672518222,-5.122561442405929,19.545333862304688,2.7262630462646484,3.3166251745250124,12.622416014459331,69.79742159314013,14.106908926639843,,,3.551222787408544,nan,,,1.1975159645080566,,None,6.439328782205076,-10.825453343536672,7.889334610659196,0.5285621881484985,-12.841007105354395,0.3898524343967438
Gaia,DR3,5469598795136500608,157.73915748556297,-24.967743847244492,19.82994270324707,2.989391326904297,1.335032258655819,12.24238531940879,68.72036219510737,16.290041753657135,,,3.102862158476477,nan,,,0.9908681511878967,,None,7.248210177469154,-6.336773912796466,6.41805750873621,0.4537920653820038,-6.607765683701081,0.4543370008468628
Gaia,DR3,5470144427782057344,160.00259111983627,-25.10981164784151,16.30872917175293,2.1052560806274414,4.158387175920644,10.723265543468061,57.618965480592315,16.7024628500642,,,3.238372719479926,nan,,,0.9459940791130066,,None,7.27068241996975,-6.4615391386326,4.448042621175841,0.05974400043487549,-6.7645190320517425,0.05709164962172508
Gaia,DR3,5474630061563114752,157.37837534508876,-22.688428918668787,17.10813331604004,2.36916446685791,4.738909710484944,11.407645415778429,64.59666396178903,15.827595752283376,,,3.0932311216576727,nan,,,1.0051360130310059,,None,7.269455403031461,-6.752456928149435,9.726457576643005,0.08419601619243622,-4.878349249995952,0.09050235897302628
Gaia,DR3,5453159932367110528,164.42873256589772,-29.886402222861843,17.522775650024414,2.841310501098633,1.7304493655435116,12.726694871117267,68.49552025778425,18.115500182180025,,,3.22627853446667,nan,,,1.0335882902145386,,None,6.638384098253046,-5.201170571736801,5.483008006832739,0.07804602384567261,-4.976939813125682,0.09622356295585632
Gaia,DR3,3787547799382761728,165.92562535137301,-6.879170190639832,18.034854888916016,2.702058792114258,2.999504865705973,11.023219065984312,68.68160173802669,13.936498408572277,,,2.963162001951363,nan,,,1.0298393964767456,,None,5.90062923700691,-8.804033375615493,7.7676242192879315,0.15287800133228302,-8.645855359539889,0.11474893242120743
Gaia,DR3,5452289016078812288,167.6037487719569,-30.269849755775343,14.465457916259766,1.496201515197754,2.772193708064533,12.627681090494358,67.58075249237531,18.617045498917573,-6.289816379547119,6.407506465911865,3.403068137776294,nan,,,0.9935731291770935,,Gaia_DR3,6.518312421417778,-5.21014132979772,5.230001192057237,0.017601411789655685,-6.725224791048007,0.017830386757850647
Gaia,DR3,5453684227614907264,165.28942240975107,-28.533633596448116,16.44097137451172,2.12496280670166,2.0620652706243767,11.219682664481471,61.6450866649857,18.057574339373716,,,3.1594276356655526,nan,,,0.9854888319969177,,None,6.380978553844165,-5.330795617384535,5.009110962485789,0.04250172898173332,-5.395995694918009,0.045761313289403915
Gaia,DR3,5453457453341684480,166.631016093322,-28.974929812898285,12.008203506469727,0.7910261154174805,3.5120427556942726,11.419073226743231,69.09189422440244,18.311857140241756,8.835357666015625,0.5574744939804077,2.9920194737286883,nan,,,1.0103600025177002,,Gaia_DR3,5.86323950365872,-4.892873318324566,4.627267774969065,0.012293855659663677,-6.731226694535555,0.0151442289352417
Gaia,DR3,5668892772389705216,155.99594846058832,-18.459145789799685,18.144916534423828,2.814939498901367,2.2924458711216777,11.716367561271948,65.81211121938875,14.763451380325968,,,3.562905928865452,nan,,,1.09047269821167,,None,8.563218393200497,-8.698563110864514,8.626643566758103,0.15564103424549103,-10.41924234134445,0.14393451809883118
Gaia,DR3,5455754363196018816,161.46480848172834,-28.424405276677184,18.46049690246582,2.7511959075927734,2.2986363959163154,12.458508385467388,66.46545144214656,17.457072670915725,,,3.3641236953083595,nan,,,0.9528836607933044,,None,7.349361219969468,-5.925376801904589,7.010339491618089,0.14230479300022125,-7.519906955632661,0.15121407806873322
Gaia,DR3,5455805666579994112,161.25743423756975,-28.31855502825139,19.50218391418457,2.442790985107422,4.455481758943211,12.466184385795467,66.4380579564341,17.40855507331942,,,3.314881586471824,nan,,,1.0763980150222778,,None,7.270535216531226,-5.873645007876706,9.037786047003289,0.3297768533229828,-8.437028642609306,0.4215176999568939
Gaia,DR3,5457151808114264960,164.87695334595594,-26.60602005252438,18.85557746887207,3.1956214904785156,3.5247631624408577,9.489608022382798,62.91138199264111,17.716409951738324,,,2.934986776430882,nan,,,0.9989596009254456,,None,5.981209271635009,-5.344561525589041,4.026307205335896,0.21409331262111664,-4.377866260186166,0.20559006929397583
Gaia,DR3,5457889069317604096,162.56281076625294,-26.685111839169988,15.536930084228516,1.772470474243164,3.881122090852072,10.467089224439956,69.41321753782722,17.371051940940536,,,2.909080529811255,nan,,,0.9565972089767456,,None,6.220292681832182,-5.392567528544904,4.354076635296708,0.03117106668651104,-6.8698462602670105,0.03403078019618988
Gaia,DR3,5457458198198537728,162.17318795493713,-27.359878481560827,16.82095718383789,2.612415313720703,1.3988377246657522,11.22375626564225,67.19383668005234,17.41187835149762,,,3.0093620025888947,nan,,,1.1412397623062134,,None,6.484535033471083,-5.468393096288473,6.941670484318068,0.06938576698303223,-4.707764767780228,0.08107203245162964
Gaia,DR3,5456029760794944256,160.52576762660058,-27.913313966487625,16.7379150390625,2.353578567504883,4.281570491932516,12.499374491145625,67.2394055998421,17.23057134708362,,,3.4341435613654965,nan,,,1.0189177989959717,,None,7.636407308562788,-6.219349591835249,10.138000646701597,0.06594397127628326,-8.049614478011161,0.06372976303100586
Gaia,DR3,5457889271179269504,162.5576525963203,-26.688531444616277,19.180591583251953,2.778360366821289,4.384960933984137,10.47241619218832,56.57584996642181,17.37076101613937,,,3.2143542805703684,nan,,,1.039212703704834,,None,6.873745693092998,-5.958028918936889,4.047090052886196,0.2835482656955719,-6.873897601598635,0.2903555929660797
Gaia,DR3,5468123220469001728,160.00228760758753,-27.29633352776126,16.952808380126953,2.319744110107422,4.794298176906823,12.30304195043277,67.47291235002307,17.051126646844452,,,3.158894524455247,nan,,,0.8871982097625732,,None,7.092279943686831,-5.873745027323913,6.193309476311031,0.08009301871061325,-8.937219167026697,0.07621422410011292
Gaia,DR3,5456677819820296576,164.60921612319768,-28.44472730861155,16.101884841918945,2.1547231674194336,2.651506766815604,11.304615808257985,65.13857259359887,17.944456390834688,,,3.064296562663962,nan,,,1.0105342864990234,,None,6.280831301115192,-5.223646905918631,7.98173426139879,0.03577811270952225,-5.021846059420385,0.038649313151836395
Gaia,DR3,5456859681618243712,165.80455317104523,-27.326868475642414,17.936565399169922,2.8425350189208984,4.39076953334436,9.937697919069954,56.58828370754828,17.961157373549337,,,3.5264764682265564,nan,,,1.032955288887024,,None,7.041455736294004,-6.2024646468818805,4.976881570638308,0.11629778146743774,-8.730773909194632,0.1104196161031723
Gaia,DR3,5469866766736613248,160.68850908131486,-25.69121538037854,18.601295471191406,2.8499794006347656,4.9993454367839805,10.693187163507066,62.322260096153,16.911681098905948,,,3.054739747004568,nan,,,0.9770607352256775,,None,6.772198192711754,-5.950235804066365,4.2669299722960865,0.2277679592370987,-7.972201570743637,0.25613322854042053
Gaia,DR3,5457632676947820032,161.19051308586654,-27.093157823075497,18.98461151123047,2.8038978576660156,2.47563735642243,11.489347931416603,61.35129594130549,17.21412411146244,,,3.3451890800898347,nan,,,0.9375797510147095,,None,7.346350763211781,-6.192610673986929,6.703182341316118,0.2992613911628723,-7.815637297914922,0.3269226551055908
Gaia,DR3,5470376527814658688,162.94368408034728,-24.551043091531078,19.473194122314453,2.5394821166992188,0.10313093383499168,8.507386065275462,55.33212062814412,17.092834436692222,,,2.978020732728066,nan,,,0.9679524302482605,,None,6.319226996073556,-5.9053786033731495,6.326873865736035,0.45772993564605713,-5.841086504274462,0.4248782694339752
Gaia,DR3,5469546465254915072,157.96015452340725,-25.096229287600927,19.137588500976562,2.553945541381836,3.4212437243892975,12.152681792416034,66.29449968716833,16.3503188307066,,,3.487322999568256,nan,,,1.0527019500732422,,None,8.11593304964928,-7.0817397366192205,5.624226310532422,0.29467833042144775,-7.424496329288835,0.36286067962646484
Gaia,DR3,5470090212411139456,160.91789257880112,-25.351795244108253,13.688760757446289,1.2643585205078125,2.0355873943119924,10.303743020615507,68.15330018807077,16.894624380637477,32.06447982788086,2.523282527923584,3.8084220066179517,nan,,,1.0832250118255615,,Gaia_DR3,8.406863301910565,-7.484225057167205,6.793947905081233,0.016045359894633293,-7.747608569667051,0.015876172110438347
Gaia,DR3,5470090212411139328,160.91551689546017,-25.353637284705865,16.816936492919922,2.3906688690185547,1.9845104959649165,10.306555159609774,69.23428401059246,16.894531769594384,,,3.8345661861541602,nan,,,0.9810827374458313,,None,8.46495329215663,-7.5353139365375705,6.89419477254696,0.06512714922428131,-7.861203748173019,0.06367631256580353
Gaia,DR3,5471360045262004224,160.79796211426265,-23.93379679899688,13.772929191589355,1.2852191925048828,3.437249529650547,9.402260642470502,52.55608367905325,16.638875381833515,11.728748321533203,2.2458715438842773,3.4689837233588583,nan,,,1.0216113328933716,,Gaia_DR3,7.674833115402932,-7.12753213318865,9.579125938816043,0.02012014202773571,-5.486770090928144,0.023887204006314278
Gaia,DR3,5470243967944125056,161.8119989189243,-25.2171256509341,19.40489387512207,3.0799942016601562,3.9321917613557367,9.667098624905407,51.78825110411271,17.019167381962255,,,3.334088347167942,nan,,,1.0819824934005737,,None,7.235119434063027,-6.531467346857623,7.775357917107566,0.39923831820487976,-3.821004416376241,0.4075981676578522
Gaia,DR3,5471123474166870272,157.55384286786122,-24.588512557233457,18.04672622680664,2.704631805419922,2.450071782565561,12.172487236092554,69.96715140240799,16.192988521693476,,,3.058236805757859,nan,,,1.8751003742218018,,None,7.1662162452746925,-6.324689537237008,7.857554070927136,0.25284871459007263,-7.74494317929518,0.2805383503437042
Gaia,DR3,5471637083536177664,160.1713333772868,-23.381143963573713,18.9008731842041,2.8497982025146484,1.5842275467233615,9.514840744195068,53.48542449259968,16.438254408908865,,,3.124800953205694,nan,,,1.034862756729126,,None,6.994095957078554,-6.556031507991719,6.632449894803012,0.24930208921432495,-5.577104122269359,0.334743469953537
Gaia,DR3,5474959738955627136,159.47377369193833,-21.60871621071668,19.134796142578125,2.830394744873047,3.352299094575887,9.195280916070063,56.661001307122724,16.001903767335513,,,3.6281025295084137,nan,,,1.009814977645874,,None,8.223822865158946,-8.03411543980825,10.772219919519316,0.5464633107185364,-8.316312558057346,0.3565671443939209
Gaia,DR3,5474845080508871680,159.8300184369067,-22.273982495539514,19.568864822387695,-0.04019355773925781,3.7517195811787545,9.193365832947105,68.85435662204961,16.18433550298482,,,2.8410644927265136,nan,,,0.9706640839576721,,None,6.398686117233784,-6.164385047130364,4.261442304675869,0.45599716901779175,-5.470705818630134,0.48111000657081604
Gaia,DR3,5475171948996212608,159.08910076455226,-21.24998387539647,15.635774612426758,1.8950872421264648,2.727306701195275,9.389672682731343,50.26467895116401,15.86839880571186,,,3.3204619878856,nan,,,0.974137008190155,,None,7.578107321793021,-7.441282477121089,6.0258497552135255,0.04811647906899452,-8.552622840969288,0.05395536869764328
Gaia,DR3,5476247232712246912,157.6572333591068,-20.452886735630273,17.469192504882812,2.630983352661133,2.71768408880821,10.431431046056677,59.96230357579434,15.462570098077826,,,3.078787198917472,nan,,,1.0252918004989624,,None,7.201883269695099,-7.104514487225484,5.513720709902238,0.13842593133449554,-6.593248455327959,0.15102092921733856
Gaia,DR3,5669717543549281408,155.4680398034024,-18.106354728498648,15.216046333312988,1.7585868835449219,4.513233530216312,12.211094538057454,66.72125479146085,14.591716213723213,-7.101360321044922,12.892670631408691,3.4953119979792744,nan,,,6.401303768157959,,Gaia_DR3,8.470644742295828,-8.624557623079541,8.00490419406936,0.19554215669631958,-5.3317701981487255,0.1849074810743332
Gaia,DR3,5453126289886854656,163.69854215743888,-29.801635405724245,18.704360961914062,3.036264419555664,3.6463372009019945,12.847440122368534,69.56272422951078,17.995470919903152,,,3.199455963552924,nan,,,0.9761151671409607,,None,6.684999508126651,-5.218032307687155,4.324251695461333,0.15747572481632233,-5.907511658787957,0.16293872892856598
Gaia,DR3,5668892768093922304,155.99655726140875,-18.45806763768684,17.510475158691406,2.5689659118652344,3.047709877901833,11.715752972145197,63.28298288771524,14.76334842888236,,,3.432802029381421,nan,,,0.9597267508506775,,None,8.250442367056893,-8.381097779107654,9.15783014445757,0.09865450114011765,-10.391328145644398,0.09740456938743591
Gaia,DR3,5668865834354833152,155.77524108141313,-18.65433230332825,13.47632122039795,1.0908241271972656,4.117959009035578,11.933607174488403,66.19429496421175,14.761137273009746,27.7066650390625,2.6580331325531006,3.5356040611344706,nan,,,1.1124860048294067,,Gaia_DR3,8.527242027627553,-8.604835084377427,5.749849585902538,0.020751917734742165,-9.911200320425934,0.014379268512129784
Gaia,DR3,5476359073661123328,157.66112496616162,-19.692580212355274,17.31769371032715,2.5279502868652344,4.995275312123288,10.27334153748938,56.2973283316241,15.316763653465038,,,3.171174015153808,nan,,,0.9618776440620422,,None,7.417509425328171,-7.454146139230298,5.0724764002051375,0.12325716763734818,-5.076640276811981,0.09229371696710587
Gaia,DR3,5457813615332378368,163.23856245561248,-26.9622116690457,11.474925994873047,0.7848329544067383,0.5839202950624454,10.409751369968856,66.22792360359315,17.5191807831901,24.705263137817383,2.646684408187866,3.7497561148493705,nan,,,1.78050696849823,,Gaia_DR3,7.909316647208518,-6.841808674904466,7.585078864441709,0.026744578033685684,-7.170330907063569,0.03188060596585274
Gaia,DR3,5668216224845790080,154.85071064285916,-20.432549981183616,19.298744201660156,2.540557861328125,4.964871186677928,13.001141614900284,69.88434901811421,14.937908978706297,,,3.444742368378265,nan,,,1.1152974367141724,,None,8.427732583978132,-8.093951298627296,10.729381458787849,0.44207167625427246,-5.318797894829659,0.3649357259273529
