Catalog,Type,GaiaDR3,RA,DEC,Gmag,Bp-Rp,Voff(km/s),Sep(deg),3D(pc),Vr(pred),Vr(obs),Vrerr,Plx(mas),SpT,FnuvJ,W1-W3,RUWE,XCrate,RVsrc,PMRApred,PMDecpred,PMRA,PMRAerr,PMDec,PMDecerr
Gaia,DR3,2316683751482933888,6.423143688481484,-31.879062070799137,13.049596786499023,1.2499799728393555,1.670531772905412,25.367329748687176,86.3064982252113,-1.5764736053815531,23.506235122680664,1.4422169923782349,5.765906166537672,nan,,,0.929953932762146,,Gaia_DR3,-9.800195466604096,10.69882326305532,-11.33903612644622,0.013876077719032764,12.02362566992644,0.012747968547046185
Gaia,DR3,2318553608444891008,6.880917028499208,-30.11230735842088,13.210957527160645,1.2937498092651367,3.7904838280382807,24.435932723560587,89.81731444660309,-1.3603113383087642,16.16695785522461,1.4053384065628052,4.608423697806755,nan,,,1.0862957239151,,Gaia_DR3,-7.85827944913617,8.56281440077877,-4.569241692447083,0.013152888044714928,10.218943092841076,0.014717014506459236
Gaia,DR3,2318205544295432448,10.13919788099628,-28.927804782821408,14.64907169342041,2.1674280166625977,1.5079580803162567,21.376518630074713,82.79833708306354,-1.5846407131739402,-9.352856636047363,3.3999297618865967,6.757626028906406,nan,,,2.046931266784668,,Gaia_DR3,-11.767168079994414,12.273191811344667,-13.903709642385522,0.041471026837825775,12.049688357978415,0.04566211253404617
Gaia,DR3,2342392051327120768,10.886222217324502,-27.86482107970327,11.61136245727539,1.0686616897583008,0.909381674220691,20.43845366273912,80.95638851136528,-1.519998122350256,-2.9428844451904297,0.4119420349597931,6.783383708848167,nan,,,1.2252291440963745,,Gaia_DR3,-11.862836395287527,12.287782982062197,-12.521911376693703,0.022331804037094116,11.166750290683986,0.020486896857619286
Gaia,DR3,2318990492518189312,9.215359193010269,-28.61110004940493,11.348516464233398,0.9197540283203125,2.262878225517509,22.05922077100384,81.03695101843672,-1.4205029050799536,11.80878734588623,0.31644946336746216,6.4061400310551955,nan,,,1.4236992597579956,,Gaia_DR3,-11.093149086068042,11.732375813888961,-13.833646393647106,0.026193669065833092,10.380111060127815,0.026149719953536987
Gaia,DR3,2345841013144826368,14.059569011361525,-24.142951393469414,16.480493545532227,2.4905223846435547,4.564428853132719,16.852328932023408,59.060476667037506,-1.381885869864751,,,5.502525915923994,nan,,,1.1129202842712402,,None,-9.779654488791508,9.841252886127432,-6.2472537524045215,0.08821666985750198,13.785336821664355,0.06994104385375977
Gaia,DR3,2348985513321196288,10.100645959317557,-23.42942420004647,9.416497230529785,0.6146640777587891,4.837179146314177,20.382413305106574,75.10673058855267,-0.7472990797047719,-8.962373733520508,0.2494533658027649,6.230076252039818,nan,,,1.244492769241333,,Gaia_DR3,-10.846078084737588,11.465445381297705,-6.594333343737799,0.027810843661427498,6.744968548081092,0.02263708785176277
Gaia,DR3,2356557227131001600,13.05743004918766,-20.14278442905605,18.077144622802734,3.1567344665527344,4.509783420124697,17.66688778727517,61.21266072522921,-0.6490512635800916,,,5.410431713092665,nan,,,0.9616246819496155,,None,-9.570454343622476,9.820774797473577,-6.878267720363382,0.15225595235824585,5.43783276087626,0.194758802652359
Gaia,DR3,2319351510289040768,8.362439389574456,-27.3900187985543,16.286849975585938,2.6632633209228516,3.5919537043829712,22.491323537501483,79.16048416861453,-1.1269591909196897,,,6.025658201141348,nan,,,0.9444771409034729,,None,-10.378066395104474,11.14278980519246,-5.818717477305841,0.0482572466135025,10.966689195292219,0.0500669851899147
Gaia,DR3,2335869675336441216,5.307134219375097,-24.63451697816908,18.54385757446289,3.7345733642578125,0.2404130468337849,24.829698698221858,86.07029945447563,-0.31258423870209207,,,6.081202788856374,nan,,,1.0368094444274902,,None,-10.251517076588554,11.532391317221348,-10.471260513074323,0.2164689302444458,11.74849955616392,0.20255790650844574
Gaia,DR3,2343025571887880576,9.781449002821034,-28.200361280448053,19.274261474609375,3.0321197509765625,4.819079633745175,21.468147252161703,74.82684507002647,-1.429830231507137,,,4.972046471120826,nan,,,1.111384630203247,,None,-8.63954927010974,9.076116950953184,-6.092251484295797,0.2882733643054962,4.714302135937256,0.31234052777290344
Gaia,DR3,2345609256709841792,11.574446174493023,-24.70288679723293,17.77543067932129,2.767690658569336,1.2186575634393682,19.171940148250112,84.63263315330352,-1.1346729163850569,,,4.121762759342253,nan,,,0.994827389717102,,None,-7.235534536041026,7.4916588181354244,-7.679114047858072,0.11379557847976685,6.530143455061783,0.11510919034481049
Gaia,DR3,2346693650052456448,8.028774081622627,-26.179403077664166,13.007476806640625,1.4348993301391602,3.237961637967378,22.55934102033556,79.89790268238731,-0.8988755918896082,2.0749948024749756,1.8575266599655151,6.104178676667566,nan,,,1.122429609298706,,Gaia_DR3,-10.490386900421319,11.343113620297915,-6.376064495961118,0.019576316699385643,12.001582392464783,0.020411355420947075
Gaia,DR3,2346989483104248576,10.425023512589227,-25.231330652533465,19.074838638305664,0.0006580352783203125,3.3742105222962486,20.279661481731328,84.03477097629629,-1.0635545723228748,,,4.248605229023208,nan,,,1.0363682508468628,,None,-7.410494469247526,7.77607577991675,-4.466581233129128,0.25661802291870117,8.45908872511812,0.26640138030052185
Gaia,DR3,2372608520644888704,12.267465504973202,-14.466911555430661,15.363940238952637,2.416067123413086,1.3148084201729906,19.704759895697833,82.36051176303566,0.3168680933065451,12.695671081542969,4.681313514709473,7.0478744718666695,nan,,,1.0113297700881958,,Gaia_DR3,-12.417477182826596,12.868561111886965,-11.963012751567236,0.05352182313799858,10.96866677414149,0.05147116258740425
Gaia,DR3,2345082689423936512,14.937078755576973,-24.417295954500656,17.456485748291016,2.7182254791259766,1.5510140198394762,16.106847259975314,57.90717408272986,-1.5401921852512743,,,4.790939624491749,nan,,,0.9635323882102966,,None,-8.548107363534566,8.507782414066002,-7.066864680702078,0.13726897537708282,9.017500177290124,0.15811094641685486
Gaia,DR3,2345271637920548736,12.411937858452845,-25.663701635733567,14.411760330200195,1.6651029586791992,2.812157779821302,18.588804353463495,82.11772924145075,-1.3888767543139153,6.248373508453369,2.7910609245300293,4.137963386255452,nan,,,1.0366460084915161,,Gaia_DR3,-7.295987715919612,7.457352450240691,-8.418162212187445,0.023061266168951988,5.275956095782513,0.02280290797352791
Gaia,DR3,2355308632893980416,20.013261349384685,-17.41586529044558,14.919480323791504,1.9894828796386719,4.684045889499876,11.700242223096776,43.087626017201345,-1.224421318928839,-9.17354679107666,3.6025781631469727,4.747407536916093,nan,,,1.0812498331069946,,Gaia_DR3,-8.621297656196298,8.328866505070774,-9.853322118253104,0.035826750099658966,3.8058615950908368,0.02356518805027008
Gaia,DR3,2351527893442495488,18.135250961898652,-22.628791899909064,14.854811668395996,2.3387346267700195,4.135418247537964,12.947778199382615,78.39016121143783,-1.7152418257767161,-2.8853492736816406,3.6699957847595215,7.616298580071792,nan,,,0.974781334400177,,Gaia_DR3,-13.754227090029415,13.3020164432232,-7.120621030048817,0.03743309527635574,13.588645269764832,0.030071696266531944
Gaia,DR3,2345843830643372416,14.035018606634186,-24.148233269047967,17.741884231567383,2.9057750701904297,4.209957255722527,16.875262242288283,59.331878344183906,-1.3793734543492209,,,5.5359177290556145,nan,,,1.0634732246398926,,None,-9.837896724171578,9.902549855599954,-6.537830795291025,0.16424229741096497,13.542392160657318,0.1424490511417389
Gaia,DR3,2355312236370623488,19.32579287605644,-17.886042676106047,18.076152801513672,2.803821563720703,2.23102697641393,12.194022959302684,73.52786432883222,-1.1944201199015572,,,3.903474216601779,nan,,,1.0676689147949219,,None,-7.075152847990338,6.865860770234523,-6.407367264462769,0.15451940894126892,5.155724299072623,0.18011927604675293
Gaia,DR3,2357276140232664960,15.234137205412155,-18.09400214718005,14.50615406036377,1.5068416595458984,3.189544088152005,15.930742256279016,76.15581113082052,-0.6453693486986691,29.246339797973633,2.2097063064575195,4.0729536999593385,nan,,,17.690120697021484,,Gaia_DR3,-7.276216457387509,7.322814548573493,-8.72835930284787,0.5969216823577881,5.000910521119167,0.4389933943748474
Gaia,DR3,2359270551246058624,14.935380752979976,-16.475253442797133,15.822741508483887,1.9837217330932617,2.975889330891955,16.615461454899727,71.39649145726716,-0.36203064359901105,,,4.25992022008543,nan,,,9.902095794677734,,None,-7.600594701008369,7.683537002533343,-5.65853254851441,0.5038313865661621,5.847676891953195,0.43757060170173645
Gaia,DR3,2360384081646935040,5.191745181820514,-22.83129937724521,16.36743927001953,2.723299980163574,0.8890787608979697,24.877117183859408,85.45371064817613,-0.014721053680841756,,,5.931303329919964,nan,,,1.154615879058838,,None,-9.990074237512598,11.26266887454022,-8.948436854304454,0.06943763792514801,11.651043331638473,0.058899201452732086
Gaia,DR3,2318511036728975104,6.324070335334603,-30.58835814565733,17.277387619018555,2.7623729705810547,3.0776918921386494,25.035099963262557,85.0896711268002,-1.3659511675709264,,,5.333450401409785,nan,,,1.0397007465362549,,None,-9.058712310492114,9.941802717576614,-6.470381402754114,0.08460700511932373,12.238501083348446,0.09527873247861862
Gaia,DR3,2349732047356658432,12.770759524402996,-21.04608403580336,16.718061447143555,2.6757850646972656,3.861599300537482,17.878104776793343,65.14528090592309,-0.7454941989503409,,,5.892693135181229,nan,,,1.128747820854187,,None,-10.408751816728994,10.700821428481387,-6.776817706670089,0.0857221931219101,7.567047099200384,0.09827534854412079
Gaia,DR3,2350004348284439168,10.512017009558917,-21.895071748051155,17.353458404541016,3.0775222778320312,1.3292282594958982,19.96058247113155,88.58852771678369,-0.5684781445865339,,,7.554256012573106,nan,,,1.0458979606628418,,None,-13.182876328415777,13.894032225457545,-12.017210303487742,0.11590684950351715,12.127079586378976,0.09499729424715042
Gaia,DR3,2354079791211244032,19.996574439100264,-19.250720436478513,17.179401397705078,2.5138282775878906,4.307563163827955,11.283111889835595,56.70944488348091,-1.4877170971164086,,,4.2074936065773425,nan,,,1.037306308746338,,None,-7.64047154290906,7.343792018757736,-4.735451813782465,0.08201992511749268,9.825493738345871,0.04864896461367607
Gaia,DR3,2355072203534177280,20.31229348413456,-18.005237859643234,15.269413948059082,2.004100799560547,3.740258011745481,11.257443288767595,75.7287961834153,-1.3526509172300458,6.718327045440674,4.409327030181885,3.8229994121559465,nan,,,9.161357879638672,,Gaia_DR3,-6.9480366545710766,6.68536551144365,-5.5913935358940385,0.2963852286338806,9.377199208246923,0.19293677806854248
Gaia,DR3,2355520044068412032,13.928452872862957,-20.92893838339716,17.96619987487793,2.9493579864501953,2.692514334652881,16.802675467974435,62.848056888774146,-0.8863664812533927,,,5.958196360087863,nan,,,0.9389693737030029,,None,-10.583143943589477,10.745489039224402,-8.999123146865358,0.20508623123168945,7.757462283653924,0.17979688942432404
Gaia,DR3,2353511412418820992,18.745527125248675,-20.621491374609178,17.20760154724121,2.9625911712646484,4.2742793177482925,12.315258654484472,85.40316696976663,-1.5096155505495221,,,8.190473862362577,nan,,,0.9971619844436646,,None,-14.819775364251136,14.34431054447253,-13.364459788830104,0.11471306532621384,7.10910627218081,0.11816181242465973
Gaia,DR3,2353493029958797184,18.75402843269956,-20.79321740310582,15.644044876098633,2.5088062286376953,3.3763272491162626,12.300953176008434,77.61747398772576,-1.5356816932694342,4.245981693267822,5.089880466461182,7.620528588749911,nan,,,1.0394619703292847,,Gaia_DR3,-13.788881392776299,13.338082442516347,-18.095690737379613,0.04513450339436531,10.040910971052588,0.04859776422381401
Gaia,DR3,2356869080411670272,11.588300527472432,-19.483369491735896,17.572275161743164,2.7397422790527344,2.9540146842221553,19.11052578947587,66.00555058745263,-0.34803245299192653,,,5.463669390137737,nan,,,0.9704549908638,,None,-9.591895964581324,10.007709051355501,-10.25349824914957,0.14292941987514496,6.670229741836061,0.16396130621433258
Gaia,DR3,2358897885523679360,15.351007201743977,-17.123001188400305,16.458959579467773,2.5297060012817383,2.353522051438258,16.051954516741006,56.59707174934397,-0.5173562882660152,,,5.507385542762425,nan,,,1.053342580795288,,None,-9.8435869476865,9.90717146199313,-11.394505081847699,0.08285904675722122,7.657497379140853,0.06769824028015137
Gaia,DR3,2357348806783773056,14.658843231389847,-17.791891720032616,19.85792350769043,2.786710739135742,0.4700204009952179,16.53012292633156,62.22135479363541,-0.5195539617182723,,,5.967936500750495,nan,,,1.0355279445648193,,None,-10.635306805936175,10.766633104325956,-11.143609594692661,0.5345384478569031,10.464469002756475,0.6084035634994507
Gaia,DR3,2361666284003436928,5.232807732275273,-21.35297525863842,11.030888557434082,0.9369134902954102,4.091848345274626,24.883214676053427,85.58789607593947,0.21217994671596507,0.19128388166427612,0.30226245522499084,5.956880242182151,nan,,,0.8328239917755127,,Gaia_DR3,-10.036284025770776,11.305329451124267,-14.81906599386,0.016773415729403496,9.426933914763115,0.01308765634894371
Gaia,DR3,2359673522257634560,16.560651490012855,-15.496747532966406,13.778865814208984,2.057772636413574,1.701936916453105,15.467818883956406,87.00694619651676,-0.44793625514746416,-6.071872711181641,1.5865567922592163,8.016526814488683,nan,,,3.575867176055908,,Gaia_DR3,-14.397071637920824,14.358836234561839,-17.1018304758478,0.07903151959180832,15.337038550708785,0.10613054782152176
Gaia,DR3,2363618123301374976,6.101509331125265,-19.675189623936646,14.218851089477539,1.850754737854004,1.4570942711497215,24.220098371003214,82.5767061194649,0.3611063236784364,12.999631881713867,2.930907726287842,5.272014145170847,nan,,,1.5102629661560059,,Gaia_DR3,-8.939951698025393,9.948860220333906,-8.157524887420948,0.03321569785475731,8.531016278084055,0.027499187737703323
Gaia,DR3,2369276038338344576,10.11076705448494,-18.122746703186213,18.63397216796875,2.723482131958008,4.9472747042518215,20.70185096211601,71.88423939831928,0.06137797091928898,,,5.01503725714184,nan,,,1.6798509359359741,,None,-8.731309695450914,9.262443917359569,-11.597330562175747,0.33250224590301514,13.637667288821932,0.3325554430484772
Gaia,DR3,2344174149222186496,14.505349414498623,-26.53634827509159,18.58528709411621,3.1970653533935547,1.2881299817350786,16.976208705573498,71.1876291157808,-1.7934439739277086,,,6.60399493880379,nan,,,1.0491418838500977,,None,-11.760861556861595,11.679689995413778,-11.496307163122001,0.1984681934118271,9.905991413211718,0.27268582582473755
Gaia,DR3,2344043513496532992,11.424108063931037,-25.19973882470395,19.26844596862793,2.9945850372314453,4.835454372786508,19.3819368774856,77.2164926227293,-1.1895975477261,,,6.660518004335559,nan,,,1.1257307529449463,,None,-11.682668951223848,12.104842319367268,-6.4023382680033265,0.41876909136772156,7.8369194136848686,0.3992108106613159
Gaia,DR3,2344431336159052800,13.187668274835968,-26.14773594569534,15.168780326843262,1.9781036376953125,2.540742455904969,18.014291051012968,71.99613033062262,-1.56277994221928,-5.715457916259766,6.081695079803467,4.399249714848391,nan,,,1.026656150817871,,Gaia_DR3,-7.78673049016012,7.87069536312302,-9.798485321276017,0.029809337109327316,6.643914294131028,0.029460685327649117
Gaia,DR3,2345841013144826496,14.060289263103952,-24.143121487634453,15.470391273498535,2.204324722290039,4.0908999639261845,16.851703535477743,58.52649107096023,-1.3820076870087565,,,5.392175866739095,nan,,,0.9994788765907288,,None,-9.583560595402027,9.643838176476553,-7.17684150876088,0.04816385358572006,13.622823055135996,0.03787046670913696
Gaia,DR3,2370684306575968640,10.818222547207558,-16.179428463097377,13.145886421203613,1.3454952239990234,1.2707796746566946,20.488381961396197,70.74587563200515,0.2601713290982388,-3.5105578899383545,1.4092762470245361,5.576559448072708,nan,,,0.9950363039970398,,Gaia_DR3,-9.7485981217265,10.257693473051708,-8.277701502081188,0.019290916621685028,10.518970890275126,0.01934381201863289
Gaia,DR3,2372743034724499584,13.071625456602806,-13.857730900346441,17.95830726623535,2.6001834869384766,4.58941587489925,19.213506315562046,75.26468061665648,0.2948313922163033,,,4.4329760748180975,nan,,,1.060152292251587,,None,-7.841988693069766,8.064158016780073,-8.81327918939265,0.15965749323368073,3.88670609379365,0.17063388228416443
Gaia,DR3,2373917935913305856,8.07707175050442,-14.974276082609132,16.474498748779297,2.304499626159668,4.241720940557442,23.36396022638129,82.80676363965507,0.8234069377389428,,,4.827877137661416,nan,,,0.9748769402503967,,None,-8.299629279355734,8.976490713387886,-9.395510445514308,0.0634767934679985,4.800825195612225,0.060999996960163116
Gaia,DR3,2346192921289893120,13.111001212062147,-23.221754964859315,17.724279403686523,2.899078369140625,0.9445623164265654,17.610366701559933,71.96162143703044,-1.1174982135713751,,,6.554830716685543,nan,,,0.9992162585258484,,None,-11.59780740571112,11.828381366759821,-12.872333458000982,0.18571901321411133,11.546991759388812,0.16512082517147064
Gaia,DR3,2369710723389848704,13.295271814209828,-16.71018284186571,11.401158332824707,0.9055929183959961,1.755044686799142,18.05766851645399,64.86342387356073,-0.16604447301100578,-6.690089702606201,0.29113340377807617,5.8039162208522015,nan,,,1.4089832305908203,,Gaia_DR3,-10.278359033850736,10.551428263516637,-9.917141846421885,0.037781767547130585,12.668168007189578,0.03864563629031181
Gaia,DR3,2451692475020500096,22.95761116355484,-16.412867113571412,10.577432632446289,0.7853832244873047,4.006979422844752,9.48819680109904,50.31266647968585,-1.5045001027324294,-3.0846211910247803,0.2835977375507355,6.251625912406572,nan,,,1.034610390663147,,Gaia_DR3,-11.427453654977683,10.829032452149681,-7.793878138553039,0.01908232271671295,14.66102851208083,0.009619018994271755
Gaia,DR3,2343887485924952576,11.000913695043181,-26.038362512462907,17.21928596496582,2.6560745239257812,3.421057083861722,19.907691138739313,72.98615764948474,-1.2604490384192455,,,4.665703928636411,nan,,,1.097986102104187,,None,-8.164664373922028,8.487920695137857,-6.268445231947039,0.09115728735923767,5.708221078277079,0.09534599632024765
Gaia,DR3,2345203914876602112,14.988545801369817,-23.91037105650935,14.130223274230957,1.728438377380371,2.758209076754271,15.97896864524137,79.74323143428008,-1.4725995005963803,11.222978591918945,2.498826265335083,3.993748282681944,nan,,,14.589193344116211,,Gaia_DR3,-7.127309077021179,7.100732766436648,-8.744490296395945,0.3794977068901062,5.434201395472492,0.41710028052330017
Gaia,DR3,2347681045854172928,8.123315796480282,-24.759434508872776,18.394311904907227,3.3180103302001953,3.3497166332232027,22.290508620638548,87.36287687610213,-0.6925181762188165,,,7.0071003444428674,nan,,,1.0430362224578857,,None,-12.049605555802252,13.041573480210086,-11.083158355218938,0.18695366382598877,8.188781653952056,0.1976967304944992
Gaia,DR3,2372935105661845120,13.814473623972722,-13.654968602970804,17.997350692749023,2.714771270751953,0.8569167004202277,18.63650221160187,85.67851622557036,0.21950597654421555,,,4.049586246093339,nan,,,0.9867066740989685,,None,-7.18921090842297,7.343819117432523,-6.611277932511166,0.18590952455997467,6.895321198063955,0.14794598519802094
Gaia,DR3,2455482457241715712,21.43552909018464,-14.12297335631795,15.629362106323242,2.4084882736206055,1.0635912259284186,11.936790687171275,41.99074618227148,-0.9522974831417941,,,4.932983086821786,nan,,,1.0964969396591187,,None,-8.989661281555168,8.658981122752314,-8.808904405542073,0.036871906369924545,7.5677988550426685,0.015514045022428036
Gaia,DR3,2377417509626612608,11.13906468918796,-11.500812590196274,16.972686767578125,2.7407073974609375,3.8215064388453674,21.927559373760985,78.16287489335996,0.9250311592493394,,,4.7986278904779605,nan,,,1.185530185699463,,None,-8.403723601533507,8.766474944322704,-4.780663926871453,0.1124274954199791,10.114842747371775,0.10621242970228195
Gaia,DR3,2352681040621820544,16.90478616068147,-21.12381907663276,12.006856918334961,0.9051532745361328,4.439160703753923,14.020259658021372,65.82610984725666,-1.3260675476896564,20.569416046142578,0.5198901891708374,4.183452320131419,nan,,,1.0003235340118408,,Gaia_DR3,-7.522763160290251,7.402066212644266,-6.91108817783336,0.01902448572218418,3.535188629877871,0.025246255099773407
Gaia,DR3,2352140042245419648,15.609569364830062,-22.162661444074296,17.72583770751953,3.4570541381835938,3.7163290018709993,15.241130608642893,82.04138732694513,-1.2998935461438395,,,7.6499699076450804,nan,,,2.4222757816314697,,None,-13.6876645193294,13.611611246359608,-9.904146673109327,0.30465981364250183,8.963547056120216,0.4825921952724457
Gaia,DR3,2376825555757588352,10.348540488660449,-12.606024067786953,18.752412796020508,3.1319637298583984,2.3097233573739646,22.143900798119265,78.51744497697874,0.8693509637146057,,,4.831999880703471,nan,,,1.0579352378845215,,None,-8.424331216218,8.869410539602695,-9.06478780625119,0.2486831545829773,11.133325133446354,0.2743838429450989
Gaia,DR3,2425648240013273216,8.89505883365598,-10.378580598301152,14.01341438293457,2.050736427307129,4.600477663177398,24.399994847539944,87.623453682874,1.412225273787778,-0.044058069586753845,3.073470115661621,4.735987303218062,nan,,,8.197279930114746,,Gaia_DR3,-8.184658012861096,8.690420740277453,-6.77139478324649,0.20773132145404816,13.060677508645435,0.18474231660366058
Gaia,DR3,2453084834697769344,26.13385789109503,-14.595878572918812,17.02463722229004,2.6421566009521484,4.3158490886002605,8.188506006512869,28.786402168518055,-1.709309334279265,,,4.948974244970922,nan,,,1.018225073814392,,None,-9.08314740352135,8.491412212556037,-5.384154430515174,0.0788283422589302,5.923974965949532,0.05223134532570839
Gaia,DR3,2453750790850876160,23.132565996237165,-14.08394168361255,12.463129997253418,0.9957723617553711,0.48155619278472495,10.645085540956043,57.223760107207895,-1.1952444398733624,11.158425331115723,0.8488332033157349,4.153353905577279,nan,,,0.9505853652954102,,Gaia_DR3,-7.594297343219786,7.236397638701679,-7.226767642809754,0.018380196765065193,7.0297615940774,0.009302073158323765
Gaia,DR3,2351468691612443392,18.247834280111665,-22.95901289927437,19.05590057373047,3.1520633697509766,1.5207284446530784,12.884434685400212,61.82520477217806,-1.7784223226657552,,,6.540486830436557,nan,,,1.0706686973571777,,None,-11.815746491262855,11.400206030988109,-11.129524935561417,0.31531092524528503,9.418895821333688,0.3190121650695801
Gaia,DR3,2461034265110939136,27.091419065145352,-10.70774950194144,18.712942123413086,0.23600006103515625,3.2057641207088983,10.978629891102827,38.70863940735133,-1.2967660879011385,,,4.922176445946592,nan,,,0.9876670837402344,,None,-9.039565684989403,8.518281378665517,-7.122996261085506,0.19984562695026398,11.237101499326931,0.1856272965669632
Gaia,DR3,2353071878350051072,16.80464105490111,-20.12627938265269,18.12105369567871,3.4052162170410156,4.557006119246164,14.16278989926262,63.97659269349303,-1.1658551537362298,,,6.5150099366748595,nan,,,1.0343066453933716,,None,-11.711106512702505,11.564475119631545,-15.826662398255806,0.18066251277923584,6.849195450415487,0.24919885396957397
Gaia,DR3,2355665905453202944,13.395925295342433,-21.259770016358665,15.42688274383545,2.4648332595825195,4.55317253973774,17.288648935105527,60.12009349463314,-0.8628726060459964,14.78042984008789,10.15567684173584,5.439894618342584,nan,,,0.8765815496444702,,Gaia_DR3,-9.638360338520096,9.837228760858158,-4.542660917616782,0.03902074322104454,8.697936179881522,0.04538125544786453
Gaia,DR3,2423930046936732544,7.037560616069827,-11.77704247280621,15.554009437561035,2.6411170959472656,4.394441018727016,25.43863303804011,87.12301355505434,1.457947396044116,,,5.939972020940025,nan,,,2.8803067207336426,,None,-10.139903676636791,11.007159656023068,-7.831785906902491,0.15312273800373077,16.002436352805045,0.14648883044719696
Gaia,DR3,2450090246059263232,22.49853588471617,-18.49237068347346,18.21812629699707,1.7304458618164062,3.0819924440848876,9.126365922302162,77.17573727121591,-1.7356541223849133,,,3.725918455346878,nan,,,0.9836623072624207,,None,-6.80492838028535,6.424157708361657,-7.751170946440552,0.35156282782554626,8.652346464966396,0.09919397532939911
Gaia,DR3,2356498270115577600,15.339559054931398,-18.44339413202046,17.130199432373047,2.8496952056884766,3.6502372501525935,15.763508294591581,61.67356580833602,-0.7121153245038312,,,6.089777164290597,nan,,,1.060998797416687,,None,-10.884002768901448,10.937293323358432,-6.2515220747286895,0.08991604298353195,11.644317650958776,0.09971011430025101
Gaia,DR3,2357319570941932288,14.798322944020317,-18.090614257345173,17.27771759033203,2.503324508666992,3.7825027143172245,16.33678235268027,81.74453486326912,-0.5836898273045161,,,3.9735969060407967,nan,,,1.1424946784973145,,None,-7.085547252521921,7.160962990532991,-10.161373017315913,0.12220815569162369,6.400227585718645,0.11424298584461212
Gaia,DR3,2360806049298486528,5.935065632703443,-22.191177642888217,19.304658889770508,0.2525672912597656,3.4540497057930675,24.198146353510037,82.42667202143197,-0.010335891119839014,,,5.3009980171308495,nan,,,0.9627285599708557,,None,-8.978174039130932,10.021495822805617,-8.651248226102272,0.34271711111068726,6.175452524014523,0.2606903314590454
Gaia,DR3,2351595822645198080,19.23505880444009,-22.27909606696864,15.769610404968262,2.0045175552368164,3.7209142516254308,11.901188788068346,62.388447241996616,-1.8170017404254588,,,4.11515304390205,nan,,,1.0287810564041138,,None,-7.456859334601026,7.141975049561305,-4.455308192081673,0.04615868628025055,5.9543893707321995,0.026383865624666214
Gaia,DR3,2353186094415926784,19.932813758688773,-21.420253058057995,17.916486740112305,3.0094642639160156,3.999835902313458,11.200762009046436,49.88571713903303,-1.790959744031393,,,6.036660765531695,nan,,,0.9466871023178101,,None,-10.960210399031793,10.461617500732382,-5.944602093457991,0.1295635849237442,11.329523799958006,0.08390748500823975
Gaia,DR3,2353932113055430656,21.47789348854407,-19.39292795409723,17.732383728027344,2.9441184997558594,1.3627981668952072,9.880428064780718,68.44461945144558,-1.7185737246988089,,,3.8940598859792246,nan,,,1.373897671699524,,None,-7.097041597862207,6.732849722965458,-7.687582685027746,0.17586632072925568,5.78268177052605,0.11116733402013779
Gaia,DR3,2355900475091455872,13.4835340803565,-20.053109961108124,18.418350219726562,2.554838180541992,2.2713005736942256,17.27629478087021,85.3041300141152,-0.6942243983345913,,,3.95855040769781,nan,,,1.0649774074554443,,None,-7.016660802661514,7.168349417305972,-5.761871241941352,0.1939033716917038,5.747763432623273,0.21320806443691254
Gaia,DR3,2354598241007329536,17.816054338722495,-19.407422818062408,18.076200485229492,3.296630859375,4.067778601728432,13.295275285839521,68.36340940657188,-1.2023252657165138,,,6.906331913065598,nan,,,1.0061712265014648,,None,-12.458903890420755,12.20648545670954,-11.052842251740465,0.15060171484947205,6.453439132856891,0.20401351153850555
Gaia,DR3,2450967725058429440,23.764944477080405,-16.61093236925952,13.571420669555664,1.8355112075805664,4.299178429653239,8.713277559929494,84.4950157345253,-1.6499590956118182,34.335350036621094,1.874569296836853,8.370707504995519,nan,,,1.053325891494751,,Gaia_DR3,-15.321260174465493,14.428747978796908,-18.82917681213996,0.014899124391376972,7.7020224741522245,0.011838109232485294
Gaia,DR3,2461600346096130432,29.78902301286226,-10.660422449782748,13.391456604003906,1.347550392150879,3.9176913220753646,10.206992755365842,53.940219422969456,-1.692928414665325,8.532118797302246,1.5658434629440308,4.201474250233689,nan,,,0.9820013642311096,,Gaia_DR3,-7.717878911938692,7.20476253689384,-5.157083127934872,0.015911398455500603,4.863207788951119,0.012363346293568611
Gaia,DR3,2427300256233969792,8.502308958518695,-8.307750877709417,12.44443130493164,1.1908502578735352,2.093996572684372,25.756058641813453,88.12072202457213,1.7811266423462013,-2.4658334255218506,0.9062346816062927,5.958455185332978,nan,,,1.1055184602737427,,Gaia_DR3,-10.271595298923259,10.872522958580264,-7.841591163637171,0.017160693183541298,9.865835346342788,0.016281219199299812
Gaia,DR3,2452070225983639936,22.537223052771687,-15.62775007746139,17.364667892456055,1.2138128280639648,1.7026195378309585,10.22606321598383,40.17238251384118,-1.3306381164206824,,,5.591250907867654,nan,,,0.998736560344696,,None,-10.212478357425049,9.728733517667855,-12.067120601869966,0.10553041100502014,8.96204940839,0.0639919638633728
Gaia,DR3,2460239872255467904,27.39651028735416,-12.41980210487328,17.448389053344727,2.986297607421875,4.43524693264869,9.306076312008104,72.60959751676988,-1.5865645531706734,,,7.517660428499201,nan,,,0.9973058700561523,,None,-13.808082062474528,12.926946067677008,-8.614118161623285,0.11672792583703995,8.190999772669565,0.06937966495752335
Gaia,DR3,2355091376268165760,20.192679688505898,-17.83495125450906,13.845536231994629,1.6157875061035156,1.3904206272808453,11.413496289806156,39.75684614024083,-1.3108881605286677,4.598970890045166,1.3496443033218384,5.140547361271981,nan,,,1.0373594760894775,,Gaia_DR3,-9.339679799104733,8.999683850140418,-7.851412174822549,0.019828954711556435,8.764281269158975,0.010946175083518028
Gaia,DR3,2356722879725018752,13.143534501426869,-19.59429912039083,17.009244918823242,2.575481414794922,3.2792079084241412,17.64208879792227,62.92078246484951,-0.5785254893445877,,,4.822165345464572,nan,,,1.04375159740448,,None,-8.533464884852453,8.754599308566636,-6.989498252693841,0.11033006012439728,5.800198103148766,0.1060405969619751
Gaia,DR3,2356704050588432384,13.521265174851152,-19.499428378214912,16.900239944458008,2.572591781616211,2.3656538294724907,17.299968307380535,65.04148291766923,-0.6164549108920228,,,4.598737768526578,nan,,,1.0165148973464966,,None,-8.152875994735746,8.331961256203563,-10.12293489255473,0.09331969916820526,7.157830109024371,0.08846127986907959
Gaia,DR3,2467765475296255616,27.17695911896641,-6.106001182718835,19.016929626464844,3.1054515838623047,3.8374044386049038,15.262114415913489,84.68367791744747,-0.6473226204706707,,,3.8499462475558195,nan,,,1.044449806213379,,None,-7.070712740713629,6.724581864271169,-5.3905476172203315,0.2503468692302704,4.10218952914019,0.18911653757095337
Gaia,DR3,2453004054952783744,26.98838369747966,-14.51397420477428,18.85803985595703,0.38130760192871094,4.121951094404752,7.731153162193318,64.36909959770196,-1.8233386038084776,,,7.124642800329171,nan,,,1.0181279182434082,,None,-13.08369300362109,12.179176808731288,-6.909337009021421,0.2547354996204376,12.632144505437203,0.20149660110473633
Gaia,DR3,2454536842881461376,19.220926891742177,-16.540686480143442,16.15384864807129,2.6315431594848633,4.531716872746044,12.706321919947651,66.32218212833496,-0.9832507733075816,,,6.840202420237786,nan,,,1.0425617694854736,,None,-12.39427051599224,12.074909703159365,-8.951516223064647,0.054601918905973434,6.520701293421947,0.057315897196531296
Gaia,DR3,2358542949426479232,17.982279653534942,-16.840846754201035,15.459052085876465,2.3527517318725586,1.8324953666051313,13.723669489268248,63.11956775325321,-0.8496821614484036,-9.816977500915527,5.924946308135986,6.517475016341969,nan,,,0.9721340537071228,,Gaia_DR3,-11.763944690888328,11.571789134449999,-10.283009250480779,0.0480659157037735,9.535635057279707,0.05159910023212433
Gaia,DR3,2453887576969329792,23.624116607914804,-13.520251431910971,18.530698776245117,3.235940933227539,4.658797288457267,10.658413941949112,65.95734553244594,-1.1862620774983719,,,3.9731602565836717,nan,,,0.9673879742622375,,None,-7.2706664116160375,6.917389289631501,-9.724730137867455,0.23356673121452332,3.8835546403503165,0.11240120232105255
Gaia,DR3,2369959792837124480,12.478021003871284,-16.36422113075803,16.604351043701172,2.581538200378418,2.541593330761421,18.90576479812098,66.4744346517383,0.000659560554953531,,,4.90907338692926,nan,,,1.0591754913330078,,None,-8.658514158106117,8.960360756969134,-6.029513950663709,0.07958780229091644,8.87931325229512,0.08078636974096298
Gaia,DR3,2356704050588432512,13.521513171019887,-19.500177566861733,16.9709415435791,2.8250322341918945,2.9549890592926715,17.299645008401356,64.171245867511,-0.6166015053021034,,,4.6471756597925395,nan,,,1.0748504400253296,,None,-8.238758848652143,8.41970088585349,-11.011097500043528,0.09901802986860275,7.586220873616155,0.09138425439596176
Gaia,DR3,2358768276294640896,15.409501075648588,-17.985121490058948,16.398666381835938,2.414216995239258,2.450657344961055,15.790803978232725,54.61636593854842,-0.6538342968623332,,,5.222542964331962,nan,,,1.0179914236068726,,None,-9.336738488886324,9.382189254283958,-8.616545111273131,0.0790962353348732,6.781998102593637,0.08420640230178833
Gaia,DR3,2360030279420964608,6.37676802259019,-23.82519935822408,16.616559982299805,2.4382762908935547,3.8028976714876324,23.810402320366833,82.2482273769981,-0.32259186479002944,,,5.909245521018211,nan,,,0.9497899413108826,,None,-10.040486773517689,11.135255726822578,-5.705804320263223,0.05834439396858215,13.046609312880717,0.04859403148293495
Gaia,DR3,2457051112441070464,22.102059381210882,-13.21420995747015,17.74382972717285,2.771686553955078,4.43965386289131,11.971055658138281,64.79914551310154,-0.9181102492949582,,,4.066210296254866,nan,,,0.9747363328933716,,None,-7.420634072278447,7.129852601319728,-9.055973300083021,0.12161331623792648,3.6934690847997844,0.058813683688640594
Gaia,DR3,2458786833280041088,21.354348987336703,-10.630950903478325,16.749469757080078,2.8617076873779297,3.8670909419111212,14.267858255090466,54.35259326487452,-0.43166841897536856,,,5.818729613085061,nan,,,1.0966039896011353,,None,-10.601872947159357,10.268757773012164,-6.679834023125433,0.10404449701309204,12.93688773086263,0.03649105131626129
Gaia,DR3,2368346195100158464,5.773915738113047,-16.609125456894166,17.127059936523438,2.8814659118652344,1.5086148795855157,25.065497567447185,85.0039896381218,0.8830666893941674,,,5.462266993895399,nan,,,0.9256365299224854,,None,-9.240336064172228,10.285996777044282,-10.67550662195113,0.1596662402153015,9.30719688175373,0.07209192961454391
Gaia,DR3,2372886422208134144,14.619311363638749,-13.75432583359368,16.52909278869629,2.5375757217407227,4.12582073948889,17.885177731197057,61.7913435736904,0.08956040526910636,,,5.111847126468688,nan,,,1.4116120338439941,,None,-9.108113489280813,9.240233342674635,-10.395590727859798,0.13217897713184357,13.495845441410559,0.10948781669139862
Gaia,DR3,2370954992594527616,10.061055630172213,-15.742688898033125,10.426142692565918,0.6432838439941406,2.515820085721408,21.309462875846762,74.27990090380926,0.43180695117099854,-9.231719970703125,0.38171470165252686,4.972084180739485,nan,,,1.143471121788025,,Gaia_DR3,-8.65399260638038,9.174554588203037,-6.2241287079093315,0.026926536113023758,10.199008505869456,0.030631637200713158
Gaia,DR3,2361552381470980992,4.431095087365884,-21.051654965545147,14.895118713378906,1.9511632919311523,3.6612318490498175,25.64859766058695,89.32226008552335,0.3634675120862534,3.2463836669921875,3.6920876502990723,4.956137713000722,nan,,,0.9361360669136047,,Gaia_DR3,-8.298581603633446,9.446603907153426,-6.152249777218482,0.032885149121284485,12.612979993321916,0.023458832874894142
Gaia,DR3,2363216904636182400,9.163436210080722,-18.84495959888806,9.956639289855957,0.6417226791381836,4.792891079796057,21.46677198061641,73.69088815219477,0.07979465086358628,42.11088562011719,0.5766361951828003,5.543883086582557,nan,,,0.9090688824653625,,Gaia_DR3,-9.59693930556472,10.290680789506355,-4.051078360096364,0.02331332303583622,9.503264138369381,0.03174244984984398
Gaia,DR3,2363987971524891776,9.103971548517608,-18.549090915948344,15.126111030578613,1.9494247436523438,2.745206587275631,21.56891772719933,89.77233761095962,0.133305163076604,-15.768539428710938,5.996177673339844,4.206012806644457,nan,,,1.1231132745742798,,Gaia_DR3,-7.278279830693069,7.809229558406673,-8.66238834747192,0.04331941157579422,5.806969358536967,0.038652047514915466
Gaia,DR3,2460978159953873664,27.807987815934577,-10.892185275232986,17.191923141479492,2.4693470001220703,4.401575598776207,10.534471704912393,76.85858750412854,-1.430102154148767,,,3.7767185079551657,nan,,,0.9788241982460022,,None,-6.937884100100393,6.516207185848292,-3.4401834382238956,0.08883332461118698,6.732847718044884,0.05860750004649162
Gaia,DR3,2471267252327628800,21.173565088320846,-9.000776907485292,16.139795303344727,2.298227310180664,3.9266066052790944,15.59519982261992,66.49964941515672,-0.16658907727343752,,,4.30784264182709,nan,,,0.967435896396637,,None,-7.845750694449458,7.614336090646347,-7.0537067034693655,0.05846844241023064,4.1375168025468,0.030626634135842323
Gaia,DR3,2459724952921303424,30.511316030506197,-12.026991204194557,17.118247985839844,2.5153579711914062,4.0443201535486875,8.738168433647319,82.73331093507883,-1.9936666927044793,,,3.6336440185176158,nan,,,1.0485643148422241,,None,-6.672729968686241,6.180786260560514,-8.77585569673072,0.08306320011615753,3.9060623298620643,0.06884810328483582
Gaia,DR3,2459946229636243840,28.72618417899207,-11.62282433897942,18.528648376464844,2.731565475463867,3.1369817063124112,9.540838192450904,73.52146178271187,-1.670988271673036,,,3.796271889031712,nan,,,1.0361074209213257,,None,-6.974720265478845,6.512289465123749,-8.237645104727081,0.18949337303638458,4.342579331108868,0.14327429234981537
Gaia,DR3,2454208600005391744,24.633734112070297,-13.428206143737842,18.789817810058594,3.424173355102539,1.221811690522116,10.031018203179336,84.8300006411594,-1.3217922406656537,,,8.315696960270607,nan,,,1.0764479637145996,,None,-15.23889913579013,14.418881697253108,-15.732417878714218,0.27764692902565,12.334638370823711,0.2301470935344696
Gaia,DR3,2454335494814304000,25.38783741721781,-12.95192098052463,17.499135971069336,2.6117372512817383,4.677790278889695,9.916476817287856,41.578086417860355,-1.364896260425649,,,4.529922063949471,nan,,,1.1408958435058594,,None,-8.308410016085192,7.840321371265892,-3.909478978970216,0.5192021131515503,7.063068099706608,0.17944183945655823
Gaia,DR3,2459817350552762112,28.85194019464226,-12.39820953644147,17.38703155517578,2.9636707305908203,2.6319502657049783,8.766904435579256,63.76388646151591,-1.7995527601764634,,,7.0263385074045,nan,,,1.0176639556884766,,None,-12.909151115890369,12.012581925297845,-9.779990294414953,0.08561073243618011,9.687352688697692,0.07170452177524567
Gaia,DR3,2370169799558213760,10.770169684389211,-17.3365366892101,19.566652297973633,2.849985122680664,2.927322282212525,20.246374337944804,84.60353889778558,0.09066504239508388,,,4.226994389711595,nan,,,0.9574239253997803,,None,-7.387365020248059,7.780208088065935,-9.110995660604798,0.47307446599006653,5.82228736501278,0.586670458316803
Gaia,DR3,2461167104155066496,27.672340743798085,-10.220379880404929,14.022465705871582,1.4859580993652344,3.416747765740987,11.209147164667725,68.6361758871348,-1.3138158978600272,5.957198619842529,2.4097416400909424,3.9483093519198724,nan,,,1.0266927480697632,,Gaia_DR3,-7.252800130798068,6.82880790506179,-6.494645118697702,0.0213044211268425,4.087821154469684,0.014351964928209782
Gaia,DR3,2370272230233518464,10.55570849487733,-16.778875996426027,13.4321870803833,1.5061826705932617,1.9282724589710805,20.576051407340046,80.08900185257215,0.20525494681344614,13.983309745788574,1.68511164188385,4.428564217045692,nan,,,1.3509091138839722,,Gaia_DR3,-7.730192865110146,8.158365062766386,-7.91597512351061,0.029017558321356773,6.367769271178864,0.02882365509867668
Gaia,DR3,2363107365790713856,8.983865776424896,-19.202809529001964,14.21929931640625,1.6810197830200195,4.256634751636057,21.583589788917074,74.78267185348838,0.04910992517859514,29.483015060424805,2.6032252311706543,5.034270076406175,nan,,,1.0739933252334595,,Gaia_DR3,-8.705001110932495,9.354051161033007,-5.675803766435295,0.025794321671128273,6.002723375162874,0.020123712718486786
Gaia,DR3,2464069673118361216,27.124165897117173,-10.390142226221196,12.096151351928711,1.1826457977294922,4.172849287118385,11.255772674292178,39.86313520269978,-1.2561644080985972,20.35928726196289,0.82210373878479,4.89664633865149,nan,,,2.609011173248291,,Gaia_DR3,-8.992825872611384,8.48046716179909,-6.954732679353931,0.04872998222708702,4.6856660691911625,0.027923544868826866
Gaia,DR3,2475499719259611264,19.24579972231927,-6.988688277862321,12.37098503112793,1.0511245727539062,2.142650544600274,18.365005765578832,63.78919133080797,0.41533528470263503,-11.185489654541016,1.0495506525039673,5.025506926415577,nan,,,2.3658852577209473,,Gaia_DR3,-9.106750831002115,8.920948035614671,-7.292055048972573,0.04808302968740463,10.284656311694889,0.03649429604411125
Gaia,DR3,2461601102010374400,29.788618996447422,-10.658825608906849,10.191573143005371,0.833857536315918,4.403225973337961,10.208636393042223,54.419787514918426,-1.6926415123427605,7.388885974884033,0.19807174801826477,4.190389478039268,nan,,,1.0860075950622559,,Gaia_DR3,-7.697517787060546,7.185805916719953,-5.094298306520151,0.019751891493797302,4.295640892276969,0.014721575193107128
Gaia,DR3,2464530746447017472,26.311554445086948,-9.099264227494832,17.941753387451172,2.9778823852539062,4.832750103345184,12.760798201542958,57.20561061477403,-0.9489968661020611,,,6.2701165588122985,nan,,,0.8894246816635132,,None,-11.509485831078054,10.919667057290456,-17.787367625587866,0.15948821604251862,9.73896429449739,0.08910990506410599
Gaia,DR3,2466636414293868416,28.497528558189934,-7.409421181253258,19.374713897705078,3.0561046600341797,3.3586654335545525,13.657343205144794,49.66886516274528,-1.0345339778599598,,,4.764506292216473,nan,,,1.0470850467681885,,None,-8.753537768924868,8.279048588152662,-6.720530566742604,0.33186373114585876,5.586998313952364,0.24032697081565857
Gaia,DR3,2425773099007072512,9.745763137708703,-10.47324630047463,18.067378997802734,3.099576950073242,2.2312319516904218,23.6165638440031,83.015246380537,1.2779241872156357,,,4.887526000561807,nan,,,0.9469465017318726,,None,-8.490866061476167,8.948027038231796,-9.08626308687942,0.18900862336158752,6.727539254322489,0.19747516512870789
Gaia,DR3,2374400277920567936,9.6709524615102,-14.25170959076489,11.096332550048828,0.8928403854370117,4.871427112285874,22.135882846358808,83.1593047899205,0.7136432101531245,17.16041374206543,0.46993765234947205,6.614737843768828,nan,,,0.8782585859298706,,Gaia_DR3,-11.48629532959379,12.20506579401905,-4.760653694573982,0.026219813153147697,11.250978144324106,0.022805890068411827
Gaia,DR3,2368685772393888128,4.656442892490678,-15.869455451985178,16.54384994506836,2.531778335571289,0.8490920257582542,26.28558829873439,88.88586129565759,1.1480445967395696,,,5.645511122508474,nan,,,0.9992212057113647,,None,-9.46959001304202,10.667321741010067,-8.469497639290509,0.062300145626068115,10.812189686044006,0.046336475759744644
Gaia,DR3,2461865736419882880,32.0566358501481,-10.155392652751983,18.365144729614258,0.09211158752441406,2.911742062755766,10.50740777499817,60.22302895764057,-1.9602380932566041,,,6.692582273848169,nan,,,1.0571620464324951,,None,-12.275347189628556,11.411443863811902,-8.182150892683794,0.2238239198923111,11.062172664779032,0.18533284962177277
Gaia,DR3,2462327634383089280,32.15525477204052,-8.70217972106533,19.300411224365234,3.0038909912109375,4.550615623083496,11.962020764986827,80.12217339395964,-1.7694123861396531,,,3.7771344598689605,nan,,,0.9050251841545105,,None,-6.9272124019309285,6.476082816820959,-4.123276294398833,0.3447698950767517,8.771171273294653,0.2542254626750946
Gaia,DR3,2463308811071646848,30.3720951441853,-8.04343270264389,17.495742797851562,2.8551807403564453,1.5745102018010573,12.705546126392708,60.2290218499177,-1.4077327200003393,,,4.224723926130327,nan,,,0.9911828637123108,,None,-7.758734960270534,7.294914556953977,-7.809637678438207,0.15403883159160614,5.893557511909128,0.11515074223279953
Gaia,DR3,2478458298891757440,20.095959828975065,-7.399171376704268,19.20747184753418,3.0099029541015625,3.2809106165914543,17.50778057783795,67.83069748218502,0.22848446708937153,,,4.498725510505072,nan,,,1.066415786743164,,None,-8.17149165565918,7.9728628542288185,-7.128201985514014,0.35992714762687683,5.041443477812191,0.2552318871021271
Gaia,DR3,2466651949190697344,28.686529971342704,-7.095681969130713,19.10972023010254,3.256885528564453,2.9204830185487483,13.920279422496332,48.27885846174294,-1.0179228382539844,,,5.167821121867341,nan,,,1.0075348615646362,,None,-9.494602731342694,8.982041050289194,-6.591521566882018,0.36926451325416565,7.680094029016354,0.23707804083824158
Gaia,DR3,2467958856199212544,28.03111855631143,-5.074037174597446,16.71348762512207,2.608896255493164,4.4946921384401195,16.03653754819266,70.31834126231914,-0.6273969528734036,,,4.23562594186303,nan,,,2.022106409072876,,None,-7.781335660841191,7.3971951415638735,-7.510013723218983,0.1355367749929428,3.3930101039680522,0.08386268466711044
Gaia,DR3,2468401718867947904,16.871888944201814,-13.055342498479453,10.459647178649902,0.7174358367919922,2.973896811746515,16.2625650413882,56.613317367709364,-0.13091386363145396,75.55912017822266,0.27983346581459045,5.010718880594305,nan,,,1.185297966003418,,Gaia_DR3,-9.009284259763097,8.97594414715139,-6.8164008485068805,0.030934620648622513,6.726636756878931,0.034789662808179855
Gaia,DR3,2372952873942094848,14.136876109846634,-13.615759066206211,17.384742736816406,2.8371219635009766,1.905030005094155,18.368492081340108,65.76553356964673,0.17933034697698114,,,4.795804567127124,nan,,,1.0243533849716187,,None,-8.526601165124383,8.685626203450097,-6.810524444559264,0.11667308211326599,9.559999144774947,0.10358656942844391
Gaia,DR3,2372749567370516352,12.903960417201528,-13.862691954398448,14.83251953125,2.081202507019043,2.8914604847325585,19.361075586691197,66.83406161719567,0.317899982129499,8.181657791137695,3.7706384658813477,5.105865466939411,nan,,,1.1503612995147705,,Gaia_DR3,-9.02488735957597,9.294588738926224,-6.586640096340749,0.03512758016586304,7.360369318739653,0.03538190945982933
Gaia,DR3,2467618729149182208,29.21015456967875,-5.785486888618393,15.876596450805664,2.5650463104248047,3.734169445820147,15.105099662950046,86.93745887457304,-0.9084530432173625,,,8.049840420562896,nan,,,1.0313568115234375,,None,-14.789106726899579,14.013436694959477,-8.97511957307306,0.04811752587556839,16.53396609466869,0.048938531428575516
Gaia,DR3,2466389333415191808,29.551316913000623,-7.763145057053853,18.204320907592773,-0.33331298828125,4.686802762487298,13.098637446493951,73.6425148163609,-1.2440806134816378,,,7.274407336951227,nan,,,1.0577694177627563,,None,-13.363592506774197,12.597136144990621,-20.170211341580202,0.16404080390930176,10.289067552220082,0.12418366968631744
Gaia,DR3,2467830621360397568,27.46935701139675,-5.439747743880524,16.199743270874023,2.7451791763305664,3.7501942109187945,15.820568003566963,55.240688640930216,-0.5952315096901188,,,5.397584358288565,nan,,,1.0366029739379883,,None,-9.914313808185518,9.430930380138314,-7.32312134837464,0.07046108692884445,12.821335062113656,0.037843007594347
Gaia,DR3,2450850867587809280,23.826531320096556,-16.909613716959537,19.7940616607666,2.770631790161133,1.8035926110816591,8.520271628894555,43.02117245806798,-1.701456622976143,,,4.35715975244959,nan,,,0.9821600914001465,,None,-7.975835016732424,7.500018044017078,-6.469592774431755,0.4688172936439514,8.189767855934306,0.3181847631931305
Gaia,DR3,2371031546091656320,11.312339592794638,-15.338157819442362,15.088737487792969,2.5830907821655273,2.674837836171696,20.28045214334004,78.52124822160955,0.3191539858672896,-1.8316829204559326,10.84997844696045,6.591413357880214,nan,,,4.108438491821289,,Gaia_DR3,-11.554406114739939,12.091506715450368,-8.02989045279963,0.13213834166526794,10.911560919841545,0.12750142812728882
Gaia,DR3,2371292160411729152,14.706429317092212,-16.138591615525414,18.867002487182617,2.7420310974121094,3.658086908404041,16.92696783948815,89.05284892394394,-0.2793344912214051,,,3.8587922746384353,nan,,,1.0334656238555908,,None,-6.8780847653518435,6.969285040475818,-6.330311214684128,0.2759339511394501,4.044384384044624,0.28119298815727234
Gaia,DR3,2372351166204248576,12.496593212427353,-15.172548911210225,17.37811279296875,2.702852249145508,4.651508212166548,19.252483155585782,66.20818683255042,0.17799288896355825,,,5.203984957831211,nan,,,0.9848305583000183,,None,-9.179539823918887,9.495804389312394,-4.318772624526418,0.11625812947750092,7.942414758351638,0.0972624272108078
Gaia,DR3,2371970700820941184,16.390367237779568,-14.09345857423678,16.638208389282227,2.9249401092529297,4.291297973746896,16.18832392549716,56.77353588247782,-0.21533027176418384,,,4.940588487475893,nan,,,1.1872706413269043,,None,-8.867191458929375,8.864554229485353,-9.762070308453875,0.09386418759822845,4.485559325050842,0.0917489156126976
Gaia,DR3,2450606501129056768,23.663476459973,-17.55465655794206,16.487821578979492,2.368572235107422,4.286148965004922,8.386206194793967,33.314818899228456,-1.7696692065579818,,,5.478120717345453,nan,,,1.076078176498413,,None,-10.025275692445046,9.415411463545745,-5.152322005604955,0.054914750158786774,8.546431425832546,0.03504331409931183
Gaia,DR3,2375065722973598592,7.1304241866139515,-13.51749578538864,15.09547233581543,2.2516565322875977,3.800912165851175,24.704247151032945,86.52344645083566,1.1777185922192386,23.53734016418457,8.414852142333984,6.215044975622358,nan,,,1.0990283489227295,,Gaia_DR3,-10.616299159811156,11.565608940206975,-9.476016023418731,0.03731725737452507,6.7179829540156,0.032950401306152344
Gaia,DR3,2482200035744525056,22.0486061480067,-5.047593781202856,17.186195373535156,3.054802894592285,3.8037884577847114,18.31797932916865,87.3061238405507,0.2799953293148243,,,7.688425686918865,nan,,,1.0706074237823486,,None,-14.029470530816862,13.557151877428407,-15.429509510115807,0.09502755105495453,7.553051853057766,0.049516480416059494
Gaia,DR3,2473449473671370624,14.463710413383625,-9.29038808935796,11.268470764160156,0.8815994262695312,0.7854093602884145,20.298923368658556,70.0471720357902,0.7788519597153896,8.228760719299316,0.3972913324832916,5.54799869381522,nan,,,1.1407092809677124,,Gaia_DR3,-9.878444993680274,9.994378651052847,-9.037003039478316,0.05157557874917984,10.362876775482814,0.03428439795970917
Gaia,DR3,2477517116938067456,22.73174401734485,-7.552451507159244,17.586091995239258,2.7979888916015625,4.095317030544538,15.832105627019128,60.97609336939347,-0.18790365782260898,,,6.019317606282872,nan,,,1.0278716087341309,,None,-10.99833794491832,10.602153408657871,-15.656500202596725,0.11036602407693863,12.905850950768748,0.0646400898694992
Gaia,DR3,2477709939494276224,24.598958682793857,-7.468992308491058,16.82341766357422,2.4786224365234375,2.0346667315254563,14.968819741533256,72.44686219951332,-0.45605148862679923,,,4.090956643917686,nan,,,1.1115509271621704,,None,-7.496539396983581,7.174140242682574,-5.753418552384635,0.08636846393346786,6.972657490787696,0.05872010812163353
Gaia,DR3,2451968074482737664,22.240921449292305,-15.796161456910337,18.07017707824707,2.6387710571289062,2.1086452217693115,10.388263302682896,53.70125427026488,-1.3118033190024074,,,4.2190602985172605,nan,,,2.864784002304077,,None,-7.701725791855526,7.348464952549118,-8.035350293978635,0.45622673630714417,5.502905562282084,0.19234119355678558
Gaia,DR3,2423081528901806976,6.388099328696616,-13.67454461267027,18.164499282836914,-0.19720840454101562,2.7454066880558976,25.32929034450001,86.23546740650953,1.2552071072925688,,,5.781328570805322,nan,,,1.079598307609558,,None,-9.823940135091934,10.792569292765105,-10.880540166062906,0.18742486834526062,7.617778355002806,0.14378102123737335
Gaia,DR3,2470828959505306624,21.33602876913181,-10.312550377949451,18.092273712158203,3.0221405029296875,1.1493464698227374,14.510657883704093,50.350164774420094,-0.38245461898741584,,,5.073356239620952,nan,,,0.9763815999031067,,None,-9.243400325437818,8.956298437376864,-10.472361172333233,0.1732945442199707,8.929976965677255,0.07522377371788025
Gaia,DR3,2471766808564532864,17.682970118282554,-9.141910813768149,11.90037727355957,1.0179166793823242,3.573808726607656,17.912859167306728,61.710445336276564,0.32965430959164577,5.417017459869385,0.6799327731132507,5.215296009537878,nan,,,1.783564567565918,,Gaia_DR3,-9.404062375257702,9.309338292060836,-12.483840523956367,0.03543853387236595,6.869379836330188,0.043346140533685684
Gaia,DR3,2453828379436845696,24.273459808357906,-13.568847532728366,15.243620872497559,1.812540054321289,3.579954135849798,10.172046508783533,77.06071126567223,-1.2888772134753552,-13.619956016540527,13.683326721191406,3.7608263861142026,nan,,,1.008790373802185,,Gaia_DR3,-6.888643293549075,6.528601340021658,-4.051295894784827,0.05823303759098053,6.45666314629884,0.03515578806400299
Gaia,DR3,2473386560989782656,15.208705474153577,-9.37348811609884,7.370429039001465,0.28513050079345703,4.774173165412926,19.65846230735232,68.04787332406536,0.6580048819877167,,,5.548209123076851,nan,,,1.0723891258239746,,None,-9.91066108060936,9.97511464249542,-5.2992874279758055,0.04723389446735382,13.124057674036745,0.03871883451938629
Gaia,DR3,2450819561570766336,23.353226054416236,-17.172257473102327,18.181167602539062,2.5227317810058594,4.620421039429485,8.811748999682807,33.358041540894746,-1.6703813241397785,,,4.734323915978037,nan,,,1.1047695875167847,,None,-8.659792753136882,8.162487873481332,-8.301511665286496,0.15073351562023163,3.5650481368158182,0.08574283868074417
Gaia,DR3,2451129971743103744,21.650966735111332,-17.613068986331264,14.141408920288086,2.0849523544311523,3.6662335284794865,10.156701807592114,77.61146615808174,-1.4880515595228978,1.3103924989700317,1.3160173892974854,7.788391092436073,nan,,,1.0396767854690552,,Gaia_DR3,-14.199974411970059,13.53439257878793,-20.031842593772573,0.021150151267647743,12.043256160499775,0.013253376819193363
Gaia,DR3,2451963538996909824,21.771498459329425,-15.737782937388745,14.2847318649292,1.462702751159668,4.009418931572019,10.811739284900197,82.65931696868428,-1.2351820939321143,-8.089241027832031,2.47501802444458,3.6947521782579935,nan,,,0.9940658211708069,,Gaia_DR3,-6.738104097291835,6.451280948944626,-9.334264498833859,0.021747484803199768,4.715638492394173,0.00876232422888279
Gaia,DR3,2453084044423787264,26.136868327631703,-14.61715498739673,16.958982467651367,2.308361053466797,1.624310575391598,8.170624506696658,87.109049761521,-1.7127719439467968,,,3.560065170484135,nan,,,0.9931856989860535,,None,-6.534015394852417,6.107768884925857,-6.016616668354917,0.07795906811952591,5.003975594906938,0.04981459677219391
Gaia,DR3,2472185271522197888,20.179940294335413,-7.991503944263269,19.7510929107666,0.6154918670654297,4.837116040221194,17.000875930147558,79.91553555351832,0.12912024276120393,,,7.268580917306414,nan,,,1.0716356039047241,,None,-13.20558769206923,12.88197969170512,-18.184714339565804,0.5899643898010254,7.391622114632499,0.34918177127838135
Gaia,DR3,2474263107980027520,13.67277059735793,-8.909036977137907,17.42300796508789,2.9052581787109375,2.471419060273581,21.155152530029024,84.61637905969268,0.9505797472198811,,,6.9780541880949025,nan,,,1.0151413679122925,,None,-12.379903073445616,12.589141262599203,-15.810364144725764,0.16782927513122559,11.38528194509505,0.11753257364034653
Gaia,DR3,2474814689156343936,16.71179293309841,-8.905488178529964,15.398144721984863,2.2895994186401367,3.2348222126950006,18.791818329366155,64.63679172063314,0.5074656646077189,-0.1398448944091797,4.364170551300049,5.298636006169896,nan,,,1.0156865119934082,,Gaia_DR3,-9.52132999079736,9.48152749904018,-7.146463323204451,0.04809674620628357,6.7582844242548195,0.03838576003909111
Gaia,DR3,2475795865844645376,18.164271436158273,-6.5685889265534945,15.951051712036133,2.150848388671875,3.5626648707539257,19.389798561623873,66.70346915441488,0.6378461969976259,,,5.184676996429434,nan,,,0.8710100650787354,,None,-9.363862967014907,9.220172033206767,-6.133130294684564,0.05675128474831581,11.393889222771575,0.06564346700906754
Gaia,DR3,2487651075092986752,32.47247310610967,-6.3215653084639465,15.71841812133789,2.5655317306518555,4.055054367439992,14.350670300448199,88.63685611166022,-1.4781104839352959,,,8.2655357753377,nan,,,1.0566763877868652,,None,-15.153632779786777,14.278347581074138,-16.64669991200162,0.04542769119143486,7.372137186918209,0.03714808076620102
Gaia,DR3,2452509682741354368,24.464918867200023,-16.123593634821738,18.93073272705078,2.603139877319336,4.7577332847258695,8.39365883287994,84.75331175287396,-1.6822822183003368,,,3.5970745549927274,nan,,,0.9893327951431274,,None,-6.59038357996031,6.188421788513138,-4.337283084447267,0.23361146450042725,3.3706811635445053,0.20086997747421265
Gaia,DR3,2474906738895213696,18.04334040801098,-8.556699713324901,18.22394561767578,3.2876415252685547,3.2036255272558716,18.04715752814292,74.19192886659062,0.3628659821752691,,,6.656327533663565,nan,,,0.9592416286468506,,None,-12.016996556911742,11.865002657410916,-7.77431745450662,0.2604888379573822,13.351017138117417,0.27583304047584534
Gaia,DR3,2452797106248708736,26.460890870545274,-15.338520621681157,14.49158000946045,1.502232551574707,4.616296697582985,7.426940456152506,86.43272423421493,-1.8624852572808208,47.33526611328125,3.9859344959259033,3.5538216051843636,nan,,,1.0081814527511597,,Gaia_DR3,-6.524126851665889,6.070649726795997,-5.851514164845411,0.02662217803299427,2.6782432885747216,0.01584045961499214
Gaia,DR3,2453713441815598080,22.632856802261106,-14.386306651218502,19.428531646728516,2.924173355102539,3.801243917442217,10.84035140368368,61.73861401771186,-1.1656200197310453,,,4.066579829470664,nan,,,1.057401418685913,,None,-7.428987041158179,7.0958069195117774,-9.294904935527304,0.34166446328163147,4.424183377195139,0.19050399959087372
Gaia,DR3,2455007777455506688,19.542800869526367,-14.884647410141346,17.2973575592041,2.7166385650634766,3.0623183497456377,13.109125711918555,89.63355543943926,-0.7876593869748112,,,3.668152566211747,nan,,,1.0728907585144043,,None,-6.652752058447787,6.485023446444728,-4.314462306226607,0.12646254897117615,6.110838306551593,0.11013449728488922
Gaia,DR3,2454571511857545088,19.769673699064434,-16.139464159742534,16.747024536132812,2.1552276611328125,1.1996733709460448,12.369063935384153,72.03758164447024,-1.0037133779972152,,,3.940448219635761,nan,,,0.977557897567749,,None,-7.151125843948076,6.94254483381515,-6.6321595059814555,0.07844338566064835,6.0917864837189715,0.0761316642165184
Gaia,DR3,2453004261110964096,26.983483688984713,-14.513044566688238,10.973493576049805,0.9120359420776367,4.2589428831103335,7.734730034562061,65.28365478075975,-1.8224863816677026,-6.871432781219482,0.32998785376548767,7.175866657314205,nan,,,0.8977965116500854,,Gaia_DR3,-13.177726037544238,12.267068318200199,-6.740532916286511,0.024496307596564293,12.000897759994846,0.014048059470951557
Gaia,DR3,2454131702910614144,25.561895268753872,-13.212247526622535,9.705404281616211,0.616419792175293,4.858146482214286,9.607053470557045,41.97374019814021,-1.4278769208985675,-6.709787845611572,0.16849875450134277,5.797363672459701,nan,,,0.9453086256980896,,Gaia_DR3,-10.634888197967664,10.018919156653977,-10.367110762541373,0.01893508993089199,4.087613308239546,0.014699786901473999
Gaia,DR3,2476404578673889536,15.23611188943635,-6.268585950564697,18.38190460205078,2.8666248321533203,2.8147226529065024,21.641534366257527,75.28979877956307,1.1146480429138927,,,4.989597564472337,nan,,,1.0242325067520142,,None,-8.913848530839076,8.919640335630383,-7.230988429449798,0.22379279136657715,11.355548160127258,0.1862434595823288
Gaia,DR3,2492195867751526528,31.1467168275489,-4.385319592279128,18.847787857055664,3.487751007080078,4.283459836857363,16.293399899962548,74.68695879378456,-0.9999397988187544,,,6.970141180587797,nan,,,1.09588623046875,,None,-12.794602490114118,12.12979161690538,-7.339127493674783,0.26508641242980957,8.990941110118294,0.267124742269516
Gaia,DR3,2479337938257915392,25.37558202115495,-6.491280182773437,18.50135612487793,3.0693817138671875,3.832229306461675,15.520816456905058,58.329113382741944,-0.4311783180046287,,,5.865375481153304,nan,,,1.0503768920898438,,None,-10.757653803052065,10.277517802630433,-6.038504049664962,0.20473363995552063,10.705037619729342,0.20873883366584778
Gaia,DR3,2457056751734392192,22.14056171624501,-13.219184948056464,14.452600479125977,1.370772361755371,4.427520038508827,11.939086073903702,44.31714203106602,-0.9244916563947715,5.87149715423584,2.968585729598999,5.532873896647211,nan,,,18.3653621673584,,Gaia_DR3,-10.098010077962133,9.699913303810172,-7.645764670921597,0.46686461567878723,5.1550920340010755,0.20759208500385284
Gaia,DR3,2457427317216115584,24.763799358948376,-12.412543896348565,17.03318214416504,2.542469024658203,2.888329061314694,10.717420753174022,38.76125194116028,-1.1951459505992559,,,5.358857883098559,nan,,,1.0039819478988647,,None,-9.821928696667255,9.312147617439686,-6.6800021604064135,0.08602242916822433,10.192562574664702,0.06373774260282516
Gaia,DR3,2481122037608266368,26.127035451059605,-3.499201710651002,16.733535766601562,2.439255714416504,4.032315429698319,18.06242194103776,62.263895052544875,-0.11087185667080646,,,5.168150752310914,nan,,,1.0016199350357056,,None,-9.485363696514122,9.0604174688761,-8.116557320112086,0.07356178760528564,13.234932499125776,0.06104864925146103
Gaia,DR3,2485249909201702784,20.415716231532485,-2.286187668913733,19.781822204589844,2.869527816772461,3.196283178399977,21.524263625966896,73.67906569380122,0.9282628753697957,,,5.453852873519692,nan,,,1.0496656894683838,,None,-9.914633579754927,9.601493052746395,-6.695663507225278,0.5789703130722046,11.37428083113633,0.4549402892589569
Gaia,DR3,2486584273936172160,35.13973563039517,-7.85018681870035,16.627559661865234,2.335926055908203,2.7885764673091527,13.186858139500968,67.58664522619769,-2.0960757644308745,,,4.080595259626768,nan,,,1.1672507524490356,,None,-7.450329856694342,6.96511947910391,-5.44513452528947,0.10965269058942795,8.281752235991274,0.07418893277645111
Gaia,DR3,2483422147214249088,20.428910744518003,-3.4362509891697197,13.999828338623047,2.113494873046875,3.377323226074728,20.534678814731468,82.44944805370902,0.7585902451292585,-14.414108276367188,2.0820999145507812,6.900786946320285,nan,,,2.1486597061157227,,Gaia_DR3,-12.54545698881393,12.17331783779665,-8.842360936076652,0.051409780979156494,8.944323583733006,0.040600065141916275
Gaia,DR3,2485774277463893376,22.20126284708299,-0.9876780557617247,16.64957046508789,2.875032424926758,3.9719399866815244,21.840093079422427,78.55018923597717,0.848056802021318,,,6.183243386326527,nan,,,1.002859115600586,,None,-11.286371155860381,10.849298693790278,-13.067010414282874,0.07727096974849701,5.987753380114092,0.0377473346889019
Gaia,DR3,2457652102920065024,22.575486533937525,-11.99796433677935,11.322673797607422,1.0029993057250977,4.699892437824987,12.453378769248312,73.49755570729074,-0.8114253816708763,-20.66485023498535,0.37764912843704224,7.326887828645309,nan,,,1.0544332265853882,,Gaia_DR3,-13.383605222187345,12.851500373028824,-8.904071582397751,0.030013592913746834,7.139041030879161,0.012477153912186623
Gaia,DR3,2461408687475620480,32.1984140440632,-10.774194945569567,14.791354179382324,2.1691102981567383,2.649023675714056,9.891554440123693,60.56244370951267,-2.0685532533252036,6.433069705963135,3.031332015991211,6.764218099842815,nan,,,0.9562675356864929,,Gaia_DR3,-12.40492080314335,11.49696967004459,-9.590688789435418,0.02991940826177597,14.016685037098021,0.024454262107610703
Gaia,DR3,2483615798699544960,19.564127621621246,-3.2712375203451676,15.64678955078125,2.293097496032715,4.737339594977179,21.141955830043987,78.0632492009247,0.9123860938744763,,,4.62091985090954,nan,,,2.0391836166381836,,None,-8.381244636281728,8.156586916010848,-3.942774622144947,0.14507539570331573,9.420112996874197,0.08269265294075012
Gaia,DR3,2491840072660327680,30.07539557706966,-4.774168003255353,17.731828689575195,2.5617504119873047,4.000555914527489,15.987313890202225,59.510213648205244,-0.8937079140366035,,,4.652083705394829,nan,,,0.9999544024467468,,None,-8.544732674419457,8.102238577858065,-12.031355526584933,0.14123031497001648,6.303270365705955,0.11365137994289398
Gaia,DR3,2466150464514270848,28.15871043938392,-8.167766098829132,18.67230987548828,3.0004119873046875,3.575869566044449,13.008962839650652,49.58755426383724,-1.09248620766659,,,4.630658824166467,nan,,,1.0119951963424683,,None,-8.507269090335503,8.039536000203404,-5.060502257781115,0.2487483024597168,7.487298309117195,0.17751266062259674
Gaia,DR3,2459951765848766208,29.47913573876274,-11.95891589677305,10.122072219848633,0.5456218719482422,3.953035490591925,9.009272688114875,35.92920806040939,-1.8306288117178453,,,4.638676885143884,nan,,,1.733762502670288,,None,-8.521718106159025,7.924452935940149,-4.663915674224991,0.057871390134096146,7.679155441956956,0.050504591315984726
Gaia,DR3,2462785138594524288,29.454458847053154,-9.33989748548902,15.6257905960083,2.404049873352051,0.8039009162752921,11.566589599736165,51.33430718658293,-1.4549648249731626,,,6.073369708158852,nan,,,0.9976083636283875,,None,-11.157455003434503,10.472513247139348,-11.547804480223764,0.04420483857393265,9.520149923326041,0.02855134755373001
Gaia,DR3,2462879799673736448,29.734830866840003,-8.805960619316723,16.091503143310547,2.2669973373413086,4.38716447664419,12.040129650140322,59.42271432285749,-1.420840034599165,,,4.1947461819734855,nan,,,1.0714068412780762,,None,-7.70565022891244,7.23905115484222,-8.230031382689562,0.05756043270230293,3.395107601953105,0.038593415170907974
Gaia,DR3,2462916839471996288,31.07886092475314,-9.33561124252804,18.574832916259766,2.8428726196289062,4.339940877163194,11.354478322956078,76.76645607512488,-1.6979110059333147,,,3.809251796653616,nan,,,0.9868568181991577,,None,-6.992721709301703,6.536332745646564,-3.6883452897919513,0.23157253861427307,5.428635225499801,0.1711459904909134
Gaia,DR3,2458831604018815360,22.472162417486754,-10.61505557522256,16.68910789489746,2.379122734069824,2.2610671378142855,13.536917850815637,47.47568655833444,-0.5951714051960633,,,5.317346792206773,nan,,,1.0776971578598022,,None,-9.710985370710395,9.349202913593157,-11.309278079660128,0.08112713694572449,7.382131169601651,0.03941529989242554
Gaia,DR3,2486517031928149888,33.82877370343999,-7.684980527265258,17.411640167236328,2.5911426544189453,3.9474925718522407,13.108974848901095,72.80854111384767,-1.8762455974594427,,,3.964621004554323,nan,,,1.0500248670578003,,None,-7.255274507791008,6.794365608856514,-5.817099877414657,0.10230891406536102,3.825079789262923,0.10535193234682083
Gaia,DR3,2488466397324810624,37.04859653800396,-5.926712771856261,15.510735511779785,2.1578493118286133,3.7696841361905813,15.555671738751949,55.32057864336938,-2.109530886281446,,,4.85089023202335,nan,,,1.0856658220291138,,None,-8.818709134199903,8.316849019727675,-10.612558021615111,0.04131397232413292,4.904712583227706,0.036543432623147964
Gaia,DR3,2491091614479513088,32.8439694797353,-5.542616803905111,18.723234176635742,2.678915023803711,3.806912354889502,15.146429305468471,66.88308274852457,-1.4227216807982428,,,4.2518763652584335,nan,,,0.9320865273475647,,None,-7.791720231590692,7.357392481565978,-8.696231902211977,0.26123085618019104,4.067176427377537,0.21604891121387482
Gaia,DR3,2492468958952030080,30.160838729170035,-3.9599705852151486,17.322874069213867,2.5716800689697266,4.31284899186371,16.788284852400643,63.85235006020468,-0.7892511733248895,,,4.568507647280399,nan,,,0.9272094964981079,,None,-8.390922294588107,7.967250808338164,-4.248073105749928,0.1082589253783226,7.667900907201506,0.08644762635231018
Gaia,DR3,2492572282980480000,30.09433703979679,-3.4354159355590523,11.85596752166748,0.7985458374023438,4.55973774927296,17.316835295211614,89.13677007877902,-0.7034440437423095,-15.297567367553711,0.9333364367485046,3.8804301641124277,nan,,,0.9137423634529114,,Gaia_DR3,-7.127339610809989,6.773404639554277,-3.398819201241376,0.01896633580327034,6.667681479620005,0.014793820679187775
Gaia,DR3,2494251202876285696,31.184937365757975,-2.2880484466388484,17.80025291442871,2.974872589111328,4.697408232031235,18.387364281026347,67.90265767936819,-0.7031664647350042,,,4.651297120163942,nan,,,0.9816256761550903,,None,-8.537820425132535,8.124678111971997,-3.9985030036045703,0.1835365891456604,8.905581494582366,0.13938917219638824
Gaia,DR3,2462044200901138176,32.899633422847266,-9.399480222778797,17.92649269104004,2.9697017669677734,4.193698177952258,11.30275423345448,50.39693480729272,-1.9795831808396616,,,4.381104932928516,nan,,,1.0414665937423706,,None,-8.027972477277407,7.47412122577875,-8.948268789424219,0.1615111380815506,3.711823296510495,0.1357637196779251
Gaia,DR3,2463412787935192832,30.709547495982154,-7.771950702272875,15.735896110534668,2.2411651611328125,2.645445402954712,12.941976537566795,46.228991452391654,-1.4197314662237064,,,4.844995241173245,nan,,,0.9451866745948792,,None,-8.896217131305555,8.365586497309815,-6.516543983389639,0.05680263414978981,7.085783172555425,0.03734460845589638
Gaia,DR3,2463463193671388288,31.099299970169653,-7.322275742840326,16.187673568725586,2.6454362869262695,4.959354321406632,13.36256875114687,64.347072275053,-1.4141695736405937,,,6.641421449234681,nan,,,1.0577900409698486,,None,-12.191615018742347,11.472062829009847,-10.05654765491726,0.06960868835449219,4.864985720269883,0.052193161100149155
Gaia,DR3,2470504363057520128,20.464949777135875,-10.285153377688895,17.78679656982422,2.925374984741211,4.97686310332031,15.128941685258011,73.53139733585142,-0.24938698279335325,,,7.040273672629924,nan,,,1.0533473491668701,,None,-12.800213403333148,12.463668402879735,-7.56064028823063,0.1514471173286438,17.67007923826927,0.09195190668106079
Gaia,DR3,2466037081672737280,27.459552698863114,-8.426053681362385,17.598472595214844,2.7542152404785156,4.653082840392358,12.968404723881035,48.8954811072742,-1.024459994958188,,,4.660346919705172,nan,,,1.0142171382904053,,None,-8.560119332379307,8.101463153657294,-4.691416855147818,0.1183672547340393,5.6661096872105245,0.08377446979284286
Gaia,DR3,2466932835756763904,26.516087687565005,-7.731339101625111,17.885473251342773,-0.25775146484375,2.110700717337722,13.942525805285477,75.7653415409248,-0.7824242359300553,,,3.951781713062739,nan,,,1.0024579763412476,,None,-7.254978782576303,6.895631700332369,-5.851248689840526,0.13289041817188263,5.836662339446664,0.0959923192858696
Gaia,DR3,2468313861016681600,16.34754827585822,-13.193669262245578,18.57924461364746,2.7164554595947266,4.513432682277187,16.639991262167136,76.95671504231481,-0.07554648217835469,,,4.10806929733299,nan,,,0.9426400065422058,,None,-7.371807668767214,7.37410196988086,-7.95148369429419,0.22024530172348022,11.23961250679845,0.25621849298477173
Gaia,DR3,2463415467994758272,30.683772227112105,-7.708329185446314,12.767936706542969,1.1605205535888672,3.719829539967855,13.007602460557756,53.100767754203595,-1.4067614191121223,-36.215518951416016,0.5438799262046814,4.4760311367444965,nan,,,1.0523968935012817,,Gaia_DR3,-8.218864185337267,7.730496190360696,-5.589555201417977,0.016644632443785667,5.405232123713295,0.01370501983910799
Gaia,DR3,2464290782329792384,27.644161452008543,-9.272550176408803,16.7951602935791,2.522472381591797,4.026147923761171,12.108855951286017,74.05141593427447,-1.173783328250575,,,3.889737975912347,nan,,,1.0480681657791138,,None,-7.145141975076581,6.744984239528734,-4.499296880763005,0.08146461844444275,4.770418945449268,0.05580276623368263
Gaia,DR3,2488295491986112640,36.82079955287884,-6.56323173490508,16.403173446655273,2.6889877319335938,1.6496864145230081,14.880271452963326,57.43673041411267,-2.1656418545133964,,,5.934731157006841,nan,,,0.9997969269752502,,None,-10.795266642248164,10.150031222568717,-8.975056286515493,0.07629228383302689,11.122973987673854,0.055405668914318085
Gaia,DR3,2492477755044699264,30.323771868271024,-3.8086503649547674,18.19448471069336,2.6491546630859375,1.6350600747797035,16.923676933121946,65.02504837432745,-0.7921186250949881,,,4.534590258831083,nan,,,1.5335099697113037,,None,-8.328004197316325,7.908493735648938,-9.496745561780674,0.29023367166519165,6.870679352242355,0.20342829823493958
Gaia,DR3,2509654329989487488,23.567611817494537,-0.8888794849775448,16.24449920654297,2.4918136596679688,2.8704962788302653,21.386304571633012,73.1619421881299,0.6558137912671762,,,5.378177755066454,nan,,,1.0059478282928467,,None,-9.840898564368326,9.431397655974113,-10.281453805554204,0.06171770766377449,6.206860327830367,0.0338439866900444
Gaia,DR3,2494234916360335104,31.32731171596439,-2.3731762162310477,16.651641845703125,2.7329769134521484,2.7676426094138042,18.297465200945993,63.87850908905769,-0.7370710981462936,,,5.560897904292155,nan,,,1.053026795387268,,None,-10.206348012958161,9.711241640768982,-7.338461790186509,0.08234257251024246,11.228454281496546,0.058910585939884186
Gaia,DR3,2494913997933979008,33.86855614621897,-0.5444092551582382,17.978384017944336,3.0852298736572266,4.584587688508147,20.20836665733661,78.44754907429017,-0.857872914833284,,,4.44383074137778,nan,,,0.9124326109886169,,None,-8.131725412946075,7.775122559242847,-4.587955874995378,0.2020990550518036,5.348699783522163,0.14690226316452026
Gaia,DR3,2465567895149610752,24.369661524424316,-8.066740949133601,12.181425094604492,0.9830074310302734,2.847827494427951,14.550594748473358,50.634135844337294,-0.5083384706697154,27.300569534301758,0.8799527883529663,5.024586402827837,nan,,,1.0212489366531372,,Gaia_DR3,-9.20464480272482,8.81105540539183,-11.619925318019952,0.015166052617132664,7.003909841481116,0.010424344800412655
Gaia,DR3,2466053260814273152,27.950917449475856,-8.345732844091856,18.056392669677734,2.8786144256591797,3.5968811228799584,12.895858851752173,65.05258111588864,-1.0867951138074723,,,4.1194360089787905,nan,,,0.9488459825515747,,None,-7.567743395095704,7.152974966492323,-4.804845869038871,0.14591749012470245,5.695833062501784,0.10819428414106369
Gaia,DR3,2471373801877033344,17.964446912626215,-10.494411513987671,13.075754165649414,1.318629264831543,2.2990599934789113,16.827294684089104,58.317212179587074,0.08852558956763867,-2.3664326667785645,1.1371195316314697,5.0679650377973875,nan,,,0.9783772230148315,,Gaia_DR3,-9.147059696218346,9.043968823763983,-9.13785427145431,0.022815831005573273,6.587721057110178,0.026055224239826202
Gaia,DR3,2468850869367673856,17.613877482784304,-12.097352923283134,12.435850143432617,1.0851678848266602,2.4904883242660727,16.15346962667827,55.82846643220144,-0.0969896445381071,-2.144024610519409,0.8680025339126587,5.156154498573031,nan,,,1.072204828262329,,Gaia_DR3,-9.295223180040136,9.212365240491785,-9.63082782061765,0.019877610728144646,6.526164653398839,0.02481890842318535
Gaia,DR3,2492252011564017920,30.673362164941565,-4.395257756793955,17.18010902404785,2.6311874389648438,3.5196432291054562,16.310911879386225,56.8605441697406,-0.9296801191813187,,,4.9951902653163724,nan,,,1.0084195137023926,,None,-9.172197870714797,8.698505829489164,-5.482724112908919,0.1136387512087822,9.051397764632457,0.0774499773979187
Gaia,DR3,2492956802812588928,34.14745447368699,-3.767400900284514,11.903529167175293,0.9122133255004883,4.6673479478588495,17.034322957022262,61.74288380678933,-1.3649546318054209,11.613557815551758,0.6963387131690979,4.74506961186849,nan,,,0.8474023938179016,,Gaia_DR3,-8.679061082873003,8.237996918892959,-9.092552684877134,0.016866253688931465,3.58755627843216,0.01219618134200573
Gaia,DR3,2464106614132131840,26.47610654111787,-10.295256742704547,15.956276893615723,2.2618284225463867,4.267816370946546,11.609833456089145,52.61830109694688,-1.1456977162236415,,,4.342941002841644,nan,,,1.0381108522415161,,None,-7.972880804578843,7.539524519318472,-5.2102747610183675,0.04928746074438095,4.776320431220282,0.03066927380859852
Gaia,DR3,2495027973481724032,39.448411813952,-4.246550134359066,16.827701568603516,2.4867496490478516,1.4968828776984042,17.978566861609337,63.47874702419907,-2.2290868061347626,,,4.883070410868777,nan,,,0.9687650203704834,,None,-8.815120928498379,8.40469458323634,-7.579561766259523,0.07501506060361862,9.325422982752873,0.07007384300231934
Gaia,DR3,2496893737339841664,40.44933755213985,-0.9465475001576746,19.035179138183594,3.358030319213867,4.727417568413575,21.407646480384372,89.9295326495404,-1.904933959557464,,,7.430821823269255,nan,,,1.0148000717163086,,None,-13.36805403848368,12.965925473180327,-10.239223543810208,0.3389032781124115,6.25390059903009,0.29529836773872375
Gaia,DR3,2481157011526505728,25.479771308987733,-3.5118292869449945,19.582006454467773,0.3756599426269531,2.2495161619447743,18.256757564776763,71.04500937455892,-0.014627669822931733,,,4.471325815891619,nan,,,0.9075307250022888,,None,-8.201697064053516,7.844449753362973,-6.097498298767806,0.42886844277381897,8.106025609490224,0.3366667330265045
Gaia,DR3,2482559404248003200,20.720588652149317,-4.188984229589802,11.891995429992676,1.0635709762573242,1.2460723920687433,19.742873284386185,78.02390822614626,0.6048940932169269,-14.83083724975586,0.9253626465797424,6.659529972524978,nan,,,0.9590046405792236,,Gaia_DR3,-12.115700910277475,11.756211725404535,-10.395905984239022,0.01835479773581028,12.07644801565725,0.013130491599440575
Gaia,DR3,2476276799103163264,15.533395585734041,-7.108082445645885,14.679777145385742,1.9613714218139648,1.5414216988901661,20.854936472388765,71.60601140104147,0.9467375222510592,11.035135269165039,3.559143304824829,5.191643857865253,nan,,,1.0277446508407593,,Gaia_DR3,-9.286230547260352,9.29175868334747,-10.565719105209485,0.033811867237091064,8.192253370678905,0.030675603076815605
Gaia,DR3,2471868066713096960,17.811277148594666,-8.890288114867705,17.732341766357422,2.363750457763672,4.913198645841313,17.987176981253164,86.63350389098605,0.34789601936732173,,,3.978157899463308,nan,,,0.9855791926383972,,None,-7.176412897177524,7.09727201672354,-9.850347888860068,0.13306868076324463,10.232177531631587,0.18341118097305298
Gaia,DR3,2468463566396624000,17.288261707744503,-12.423876709073864,9.969682693481445,0.7241697311401367,1.7390597281511515,16.24155444801541,56.139766909095925,-0.09785316093570184,-13.215780258178711,0.1911497861146927,5.143595111080764,nan,,,3.995574951171875,,Gaia_DR3,-9.262071552744425,9.200507641199566,-7.866899317526813,0.08473023772239685,7.931902658631749,0.10171207785606384
Gaia,DR3,2474049837084406528,12.455651999717901,-9.21120944097217,19.32315444946289,2.984111785888672,4.100663842922885,21.97168098936936,76.4676602303589,1.0812963245921348,,,4.983912876930471,nan,,,1.0790190696716309,,None,-8.789512824044255,9.026625395653824,-7.842873008709469,0.4141228199005127,13.229740340485506,0.4057880938053131
Gaia,DR3,2496623742810720000,37.874941579763984,-1.8515166510991337,14.336833000183105,2.112982749938965,3.7288902045283154,19.690518317227326,86.8047293558502,-1.6507009442412266,5.9134521484375,3.2612709999084473,7.438821429932156,nan,,,1.0239430665969849,,Gaia_DR3,-13.493556506131393,12.950563940846138,-17.007652831345613,0.02591508813202381,17.624442445256673,0.022921619936823845
Gaia,DR3,2473544100390996352,15.311215259123435,-8.99463208369988,15.144805908203125,1.8803634643554688,4.589772831699221,19.80841572152819,89.41433625507376,0.6993788603645323,-10.594527244567871,4.560197830200195,4.051434894050587,nan,,,1.1032073497772217,,Gaia_DR3,-7.240105233027429,7.278164642600482,-8.191769373807242,0.037808217108249664,3.4753880023381587,0.04154716059565544
Gaia,DR3,2499969178736907008,37.07268897840929,-0.584088349652676,15.650247573852539,2.3728933334350586,3.604976050031363,20.70215655162528,72.45684216097966,-1.3472245167257364,,,5.786146181958392,nan,,,0.947787880897522,,None,-10.518316970551158,10.116951641961075,-6.233468320903669,0.05865992233157158,11.104905089812075,0.04171387106180191
Gaia,DR3,2496913047512952576,39.521525597244256,-1.2745036945542056,17.79958724975586,2.8293228149414062,3.903332766181685,20.763465489646162,71.46156202875308,-1.8139578615897898,,,5.140071852655247,nan,,,0.9517945051193237,,None,-9.276823194937078,8.960197820112207,-8.426663892442816,0.14318864047527313,4.8169527270804124,0.14438405632972717
Gaia,DR3,2488211100173605888,33.75945494649085,-5.15875018858356,19.904142379760742,3.1362380981445312,3.8659435849232042,15.606905533543108,62.9334160097853,-1.5058901273110823,,,6.2166374655895815,nan,,,0.9517343044281006,,None,-11.377693001764671,10.753091467223872,-10.96130135982387,0.5633898377418518,15.802385301366098,0.48970428109169006
Gaia,DR3,2471100259703634176,20.350733112175934,-9.755083161257051,16.47064971923828,2.355253219604492,4.893445159068071,15.5843454992263,85.13730100238557,-0.15480646701160494,,,3.8587928206841644,nan,,,1.1862846612930298,,None,-7.013783958759613,6.835325039432622,-6.318493115578107,0.0887431800365448,2.915835198351996,0.05144372954964638
Gaia,DR3,2483011891938178688,17.79495676319637,-4.443047212878434,18.956193923950195,3.0051822662353516,1.4178167087485702,21.244868047816254,81.26076356352702,1.005063936349914,,,4.478294734797818,nan,,,0.962552547454834,,None,-8.078192097301821,7.940184801649903,-9.223296935885633,0.39049819111824036,8.63326787989628,0.37783628702163696
Gaia,DR3,2472084533064481152,20.46899988742014,-8.49581421435769,17.665124893188477,2.8323802947998047,0.5669206293522173,16.43216998365207,56.899382163780814,0.012177871347360147,,,5.088332512672123,nan,,,1.064420461654663,,None,-9.251403317517838,9.01194099398909,-9.28317612873063,0.15794719755649567,8.404651915900196,0.0962003543972969
Gaia,DR3,2475313347742970240,18.018575646629834,-8.110560957345823,18.182905197143555,2.8287696838378906,1.1947034172550282,18.375203705771057,75.5472147470382,0.43231261995705794,,,4.315648161636239,nan,,,0.9486034512519836,,None,-7.790615941793205,7.69037655563023,-6.957692353236274,0.20732170343399048,6.992069567925966,0.2666276693344116
Gaia,DR3,2509035923418509696,25.445086547092032,-0.4410891823483428,13.216131210327148,,2.312176147317953,21.184813640470967,72.5252846510896,0.43616967822354336,-1.178713321685791,1.7621800899505615,5.401785583607494,nan,,,1.5988786220550537,,Gaia_DR3,-9.908084630063975,9.464170985510172,-9.150170819983048,0.03789645805954933,11.985720982809033,0.03836766257882118
Gaia,DR3,2474668351030470656,13.862177182627498,-7.832861021364556,16.32819938659668,,2.2385017304695927,21.653266010101138,78.45491201969428,1.0834841385037552,,,6.231433828425077,nan,,,1.0274296998977661,,None,-11.065085141506316,11.211725202829705,-9.884838233875598,0.1639048010110855,8.518367343101492,0.11445510387420654
Gaia,DR3,2475522358031668352,18.535929724518564,-7.188518078628677,17.865827560424805,3.0912532806396484,4.651833111615456,18.682870075604296,68.52746539853857,0.49146471638321776,,,4.676372950850696,nan,,,1.190159559249878,,None,-8.45588074091587,8.315690889442557,-7.90703164205672,0.18226173520088196,3.7627530628062247,0.17981372773647308
Gaia,DR3,2477443174781108736,22.705613321201447,-7.915890230178815,15.378462791442871,2.103915214538574,4.038920457167765,15.543540834068624,66.86218396632795,-0.236950481248289,-0.6582798361778259,5.408123016357422,4.291172010456586,nan,,,1.0290106534957886,,Gaia_DR3,-7.840339037874267,7.557537490264464,-9.444044096292563,0.044252004474401474,4.274607081773235,0.020142970606684685
Gaia,DR3,2478810280051215488,23.218335539798332,-6.498945439766673,11.84006118774414,0.771479606628418,2.4901367700378687,16.47781053956995,64.85348899301619,-0.10747359082926766,26.537078857421875,1.8005928993225098,4.474466438231162,nan,,,18.619089126586914,,Gaia_DR3,-8.182635691258803,7.875189138742572,-6.253167027174491,0.40419694781303406,9.214688756995747,0.22292739152908325
Gaia,DR3,2506242236170664832,27.956870208571853,-0.2806818946265777,17.91649055480957,3.008878707885742,3.620709375215423,20.744156370537677,76.93911315590745,0.07788364301358897,,,4.605862339626017,nan,,,0.9910992383956909,,None,-8.461360659785463,8.066643622892244,-5.315329515611302,0.14773061871528625,9.635633947515819,0.1123141199350357
Gaia,DR3,2507452970271542272,29.238365493520686,-0.7484522501909953,15.18485164642334,2.5430068969726562,4.135056707639972,20.08365239358222,89.40347566883779,-0.18467716546619806,15.04235553741455,7.696745872497559,7.608152813426734,nan,,,1.3197749853134155,,Gaia_DR3,-13.977583000289766,13.32130629845928,-8.586401765112587,0.04630088433623314,17.183961544772693,0.03652462363243103
Gaia,DR3,2478702905868888192,22.486010891092675,-6.655501222158805,9.00067138671875,0.4860553741455078,4.375584326205746,16.718818877402672,89.74375627772461,-0.020284602470240554,-3.1211743354797363,0.8083328008651733,3.83341539356526,nan,,,1.917264461517334,,Gaia_DR3,-7.0010907514866645,6.757036420771623,-7.554266273937408,0.06149919331073761,3.264565949874885,0.02519799768924713
Gaia,DR3,2509035923418308352,25.44471452468743,-0.44117015005868504,12.179540634155273,1.1869220733642578,1.71091104174402,21.18484463088226,72.66803075720608,0.43621439689332653,-4.959498405456543,0.9040843844413757,5.4910260889824904,nan,,,8.023974418640137,,Gaia_DR3,-10.071767943184966,9.620525577017315,-8.561254173762926,0.1789022833108902,8.339634714899416,0.10853958874940872
Gaia,DR3,2478802858347806592,22.578583546870636,-6.187531917086698,17.37198257446289,2.993236541748047,4.070998240813728,17.06894262035122,73.91340900019536,0.034054865267393986,,,6.797603680084225,nan,,,0.9355147480964661,,None,-12.41686469963501,11.979590313353338,-10.53090060572041,0.13766540586948395,6.45909960931274,0.06734265387058258
Gaia,DR3,2505285420536369920,27.560045218013588,-2.5697203211901285,16.673458099365234,2.57450008392334,4.2127983218907294,18.582307918683778,69.79933523577189,-0.19353010328235776,,,4.583476340660563,nan,,,1.0100373029708862,,None,-8.419239828322546,8.026653873279475,-5.038879040278324,0.08517082035541534,10.294435633056962,0.04663361608982086
Gaia,DR3,2506060125262001408,26.908643051289072,-1.2919828271809997,17.15492820739746,2.8197813034057617,2.435066987519902,19.975818147802215,71.28154023971052,0.09059305840714815,,,5.918621286929063,nan,,,1.0715258121490479,,None,-10.86848299714229,10.3703774711728,-10.394585638851193,0.12019426375627518,7.3693187950744505,0.07341435551643372
Gaia,DR3,2506676852501385088,30.8609149174524,-1.1117266556732464,15.826407432556152,2.2517433166503906,4.863032652892051,19.576904169463194,67.75823707253997,-0.4838213569021794,,,5.062515162851661,nan,,,3.776461124420166,,None,-9.294741575665316,8.857547689896547,-9.615777030377796,0.22205671668052673,3.677516531753023,0.13419869542121887
Gaia,DR3,2488289096779303680,36.98490226175881,-6.547751640555966,18.464866638183594,2.7185726165771484,3.772539507743992,14.946550194505319,79.90097327234588,-2.187982331164325,,,3.9259502292178254,nan,,,1.0148727893829346,,None,-7.138362857300742,6.712612866750415,-5.944148214747794,0.26621633768081665,9.597469210966441,0.2131556272506714
Gaia,DR3,2480556059702778240,24.742280455570082,-4.786462604229052,19.640390396118164,2.925525665283203,3.427640771348372,17.3359627370416,74.67280519259378,-0.08813554361949016,,,4.2327157070064425,nan,,,1.0473172664642334,,None,-7.757687439512659,7.432042111642188,-4.755288844144609,0.4737953841686249,6.849028120579971,0.3644285202026367
Gaia,DR3,2525488190783600768,12.149615370225227,-5.3473127064804835,14.75682544708252,2.0383548736572266,3.6864503419124914,24.544742782095376,83.67310467828882,1.7018261022724488,12.797104835510254,2.691422462463379,5.26396926863897,nan,,,1.0565954446792603,,Gaia_DR3,-9.268799157994657,9.435885075350184,-5.20424044647218,0.03190522640943527,9.898893295699379,0.0312812514603138
Gaia,DR3,2508774785111132672,25.705547443800235,-0.8834060440903878,19.4570255279541,3.097270965576172,3.622628378621856,20.686118332863526,82.33314097419336,0.332512356420849,,,4.355495373076132,nan,,,1.0314536094665527,,None,-7.990960249671553,7.633329850414099,-8.413476567406995,0.42384961247444153,10.93261841310514,0.3513745069503784
Gaia,DR3,2480558327445534464,24.870878674641393,-4.704316084156885,19.17832374572754,2.7679500579833984,4.821893836025743,17.361950632537344,78.037055949449,-0.09563807137841707,,,4.140149740674699,nan,,,1.0949608087539673,,None,-7.5892034586733965,7.268215544566459,-4.4014343653917045,0.43003830313682556,4.52059649888661,0.2909899950027466
Gaia,DR3,2486992291534046208,35.04167771192754,-6.920335570704996,18.69664764404297,2.7894248962402344,1.7011170208404802,14.072364163773443,85.54074718300805,-1.9497834321046037,,,3.775468235663811,nan,,,0.8574463129043579,,None,-6.8945442975168785,6.471965941159018,-7.805637155744113,0.22872015833854675,5.470448513007935,0.19312432408332825
Gaia,DR3,2524468492531773952,15.011291004050367,-5.890741665142729,18.971025466918945,3.025522232055664,4.692223086904482,22.063683667748368,78.65313829768708,1.2035474144808647,,,4.797359907794238,nan,,,0.9911008477210999,,None,-8.562278517811386,8.571811676966439,-6.480761654102809,0.34282875061035156,4.307301130514439,0.28845351934432983
Gaia,DR3,2497156456194398464,39.93690189285212,-0.5353923313248155,15.495643615722656,2.44223690032959,4.294261428703516,21.601509324068985,83.21851829538954,-1.7691893892779302,12.626714706420898,9.028200149536133,6.7483421681513835,nan,,,1.050981879234314,,Gaia_DR3,-12.16229712867136,11.79524931443306,-16.794875378573526,0.04140562191605568,7.8127549578996405,0.03598363324999809
Gaia,DR3,2489780210640787968,34.462766560617126,-4.356173999081382,8.791146278381348,0.6111631393432617,4.737871888064668,16.493680494928686,79.84101947695014,-1.4970190464320816,-21.418331146240234,0.17244789004325867,7.330605464329837,nan,,,0.9494126439094543,,Gaia_DR3,-13.400993412564016,12.698825263415825,-11.67161386000923,0.017898283898830414,5.584251223849745,0.01638909988105297
Gaia,DR3,2491179923302539136,32.295917231495196,-5.063316693798068,16.633251190185547,2.6140518188476562,4.2646077883660825,15.603048938601766,60.276446371073504,-1.2712552286562917,,,4.54366406646312,nan,,,0.9713338017463684,,None,-8.33176997454986,7.880461931752814,-4.4082841027368325,0.06622035056352615,9.017254331553715,0.05252394825220108
Gaia,DR3,2491735176674614400,29.785313399121684,-5.026090438906372,11.891971588134766,0.8329706192016602,4.590166396729877,15.771293913746328,87.96386543783163,-0.8860846667005133,20.174251556396484,0.7493717074394226,3.815464414321303,nan,,,1.2941571474075317,,Gaia_DR3,-7.0088082287422875,6.645033585695088,-3.419911056410551,0.021382732316851616,5.778417539792751,0.015664704144001007
Gaia,DR3,2483422147214233600,20.424169970847544,-3.4367704066866644,8.182992935180664,0.8634347915649414,4.3920809144895285,20.536751444602327,83.47128433659186,0.7592262246386225,-14.003984451293945,0.15757735073566437,6.99353293619034,nan,,,1.083537220954895,,Gaia_DR3,-12.713913203884545,12.336999402834376,-6.3699435777494875,0.03259250894188881,11.039600084588676,0.02027876302599907
Gaia,DR3,4961129715887496320,27.398699691160736,-39.74159560399285,9.582266807556152,0.7506170272827148,3.005058105470643,19.466542974242035,74.01767999387539,-5.1512397456053165,,,4.526714082027215,nan,,,0.9296990633010864,,None,-8.31446112122347,6.219954076789274,-7.543328456531236,0.008469155058264732,8.981984613843876,0.011702255345880985
Gaia,DR3,2523260030468761856,10.133212325234693,-7.454556992874723,9.967812538146973,0.6422367095947266,3.3105753956516133,24.858922848181532,89.37189066102121,1.6779082018072244,1.854796290397644,5.247957706451416,4.725820508132054,nan,,,0.9865092039108276,,Gaia_DR3,-8.228861568382687,8.565672189630781,-4.941088571819068,0.02756982482969761,8.304094618852119,0.02227761410176754
Gaia,DR3,2533240709831546112,16.83725247264399,-0.5507704566435175,10.490845680236816,0.7039804458618164,2.9469628247561954,24.927454073994383,84.55527969704289,1.715974621022944,2.9431886672973633,0.6310914158821106,5.493514315172113,nan,,,1.1463029384613037,,Gaia_DR3,-9.876095292146411,9.64026812361854,-12.846555163406546,0.029457705095410347,7.959833356771042,0.01963561587035656
Gaia,DR3,2493443542866404864,35.07950907784648,-2.498643990163596,17.233829498291016,2.919414520263672,0.18651380028589432,18.424346534714687,78.38356625067227,-1.3231898389219854,,,6.93224826417799,nan,,,1.0556087493896484,,None,-12.658349267765736,12.06745666494868,-12.817291021250139,0.09293996542692184,12.288886910291373,0.08507835119962692
Gaia,DR3,2487915537703948800,34.191030612339425,-5.886779127444733,19.20613670349121,3.6965579986572266,2.4667910324229307,14.939976267628747,54.50906042367969,-1.6749401389788903,,,5.66159805220682,nan,,,0.98976069688797,,None,-10.354706148039863,9.761379381050372,-8.008682923833536,0.32635369896888733,11.54022867568265,0.28068307042121887
Gaia,DR3,2486933124064678656,34.05954502073153,-7.065697304836269,17.671344757080078,2.811616897583008,4.949187078015571,13.754618805674127,56.91664695383197,-1.822998586982738,,,4.426385323587843,nan,,,0.9208794832229614,,None,-8.097332463931918,7.6001936687311,-4.266928837923266,0.1596623808145523,5.020282381756872,0.11119052767753601
Gaia,DR3,2486479476734107392,34.118299934111285,-7.497731710799632,14.688963890075684,1.9222335815429688,3.134302024003349,13.336460594488281,46.32950755230601,-1.8931376206198953,6.344974517822266,3.960162878036499,5.1813930943011,nan,,,1.0219309329986572,,Gaia_DR3,-9.477582487532137,8.880011595218953,-7.516489979289998,0.0260982196778059,11.686240332516338,0.023537395521998405
Gaia,DR3,2507392802074613120,29.610862592533564,-0.9025286583667688,17.02093505859375,2.598505973815918,2.884422399477726,19.88646728610649,69.95168678642041,-0.26360847808962173,,,4.90133023124614,nan,,,1.002116322517395,,None,-9.00394682251041,8.58039590287024,-6.978611518666698,0.09215786308050156,6.393989094570134,0.07395840436220169
Gaia,DR3,2497949788193604608,44.29418018018478,-0.5744683035518064,6.919610500335693,1.0870466232299805,3.4324221208941164,23.451641016284903,85.62563893160838,-2.4190214506656647,10.355121612548828,0.14295093715190887,6.531207356455116,nan,,,0.9009337425231934,,Gaia_DR3,-11.559862214934759,11.40516111549891,-8.980962908644466,0.023900793865323067,15.365401812903784,0.01764746755361557
Gaia,DR3,2487650319178761984,32.552382403655606,-6.3521087132969285,13.650045394897461,1.3086214065551758,2.637606896616468,14.323310891070122,64.14549242891597,-1.4945217938637039,26.385570526123047,3.0627217292785645,4.254961587076769,nan,,,1.0040678977966309,,Gaia_DR3,-7.800122453752686,7.348346050814207,-9.05710774809674,0.02105395495891571,9.352713086569974,0.01779145933687687
Gaia,DR3,2488645067964284032,35.684789941139805,-5.74911287373612,14.929150581359863,1.936330795288086,4.956366202126773,15.35615874321178,58.477699408797214,-1.8798912360554167,-0.44779065251350403,6.4771409034729,4.589420481844897,nan,,,1.067716360092163,,Gaia_DR3,-8.370016000990326,7.89477865671309,-3.663825875506915,0.03467310592532158,6.97481466670739,0.02755860798060894
Gaia,DR3,2488415712418357760,37.680492240963986,-6.183712381521476,18.780641555786133,2.8067188262939453,3.646165970877141,15.521967273108947,62.28736039693281,-2.240379141804745,,,4.446738429950024,nan,,,0.9841315746307373,,None,-8.070462133077308,7.605382705371524,-7.047602961745598,0.29880109429359436,10.866722321890784,0.24081960320472717
Gaia,DR3,2489376277556017664,35.46908681136669,-5.698869980362641,12.789922714233398,,4.83003376202468,15.356589053213266,85.57277040388169,-1.8403452590813942,-15.970271110534668,2.1846227645874023,3.8382016793074123,nan,,,1.4112470149993896,,Gaia_DR3,-7.003132665432531,6.606472287794713,-3.1907360127599453,0.029722195118665695,7.466199251792983,0.026051776483654976
Gaia,DR3,2497949753834021632,44.29365076999021,-0.5768876477799322,9.639723777770996,0.5941810607910156,3.232017149510647,23.44928485537916,85.80751930538342,-2.4192934718925603,,,6.553285432003511,nan,,,1.108553171157837,,None,-11.598968978635607,11.443574954166788,-9.149147042159711,0.03295332193374634,15.176514131482174,0.026724206283688545
Gaia,DR3,2523260030469990784,10.131709925449675,-7.456850808458491,17.239198684692383,2.536771774291992,3.199848300684977,24.858859113534564,89.24078906530742,1.6777788270577618,,,4.73472430947183,nan,,,0.9893699288368225,,None,-8.244292591257786,8.581905702438162,-5.187177961219025,0.18465760350227356,7.657368389893792,0.10384116321802139
Gaia,DR3,2504638181849375488,29.246915152106002,-3.135903855305492,18.641658782958984,2.7779083251953125,3.842293700054111,17.716788708759342,74.76443324260082,-0.5315749188762102,,,4.268736841274636,nan,,,0.9296906590461731,,None,-7.842448274104176,7.46075946189451,-8.156985528184853,0.23153835535049438,4.017443918859131,0.18428854644298553
Gaia,DR3,2505623550426133248,26.38151952903708,-1.9311859173149075,17.157499313354492,3.0294342041015625,3.4836583091998508,19.491669860773435,68.08706239805124,0.0779533866442974,,,5.659931066823407,nan,,,0.9780293703079224,,None,-10.389953104039916,9.920921893273855,-7.299165143982424,0.0938982367515564,12.700190663458097,0.07517939060926437
Gaia,DR3,4969299357863998976,30.884458190562363,-34.29279988027635,16.607030868530273,2.5357961654663086,2.7292030482745613,13.660981491170284,47.456963851997116,-4.947130956902903,,,5.06029086041572,nan,,,1.021814227104187,,None,-9.290515394834973,7.125220214904576,-11.017585883373751,0.02547314763069153,4.781397033474441,0.04132961854338646
Gaia,DR3,4971609775390787200,34.55986932376278,-31.401332372523154,15.511120796203613,1.9655961990356445,4.478590236303173,10.999131051722088,42.90070615004799,-5.079755494252957,,,4.623039740329493,nan,,,1.0569970607757568,,None,-8.449876124380673,6.461476665686764,-6.348865857442888,0.035663433372974396,2.6356595581018105,0.034328680485486984
Gaia,DR3,2500239482503288320,39.140657623927645,-0.1701932344650871,19.25077247619629,0.40374755859375,4.061252642219186,21.67705866104152,85.61107682207705,-1.5974512112923946,,,4.3610529361984645,nan,,,0.9375778436660767,,None,-7.880638855767202,7.633113521176415,-7.99225260514626,0.3369244933128357,3.9010541760801734,0.3663451373577118
Gaia,DR3,2499871459640950144,35.39689319725615,-1.139870140414997,14.60520076751709,1.7824764251708984,2.3671391498716265,19.816912907087907,69.62323648421768,-1.1750628798635445,30.930185317993164,4.140254020690918,4.910979511186574,nan,,,1.089194655418396,,Gaia_DR3,-8.96183473933178,8.578004115753478,-10.293572987893404,0.027142835780978203,6.520770049002165,0.022936629131436348
Gaia,DR3,2490842368937858048,30.58117219621489,-5.695501746446578,18.678112030029297,2.9617176055908203,4.6979202423294,15.02172205381536,52.13241605153758,-1.1028216222144243,,,5.063028556324524,nan,,,0.9798535704612732,,None,-9.297256689428863,8.793320849020951,-4.824488742525652,0.2598487436771393,6.52678047156512,0.19422264397144318
Gaia,DR3,2493425160406380032,35.28593225566379,-2.6604553557725983,11.366495132446289,0.8543291091918945,3.3003405576018396,18.29985817837709,68.21842072180068,-1.3776356724905279,38.36402893066406,0.6103277206420898,6.0868778859597175,nan,,,1.0920034646987915,,Gaia_DR3,-11.11017197300829,10.589161620573682,-7.08894712717111,0.02323545143008232,11.917413163829773,0.01870870776474476
Gaia,DR3,2507393493564458496,29.58034045810037,-0.9010683075021308,16.646806716918945,2.7090158462524414,3.564814237541237,19.891307031188642,74.74956915402493,-0.2587584254100328,,,4.563732404953782,nan,,,1.002239465713501,,None,-8.383832566935837,7.989465086988323,-5.071503667802819,0.07676346600055695,7.100139748926533,0.05922378972172737
Gaia,DR3,2494989726797414656,33.83099266971843,-0.09524642138901815,16.924917221069336,2.739926338195801,0.84514368795218,20.652264820267302,71.39951406706403,-0.7871391675661377,,,5.612465948760116,nan,,,0.9854353666305542,,None,-10.270802814404485,9.827489971707173,-9.344046697223323,0.08857393264770508,9.451976128812303,0.06464210152626038
Gaia,DR3,2499657879507286912,37.09277050313701,-1.538400273159116,17.624380111694336,2.8218460083007812,2.464537478547712,19.78157039567299,68.53381544186351,-1.4881045551261316,,,5.572331603812665,nan,,,0.9700602293014526,,None,-10.129114377577041,9.715279082632458,-8.560680841897067,0.12822911143302917,7.28184019003398,0.11640056222677231
Gaia,DR3,2505070397293787392,29.243169276941295,-1.8418442904885344,17.85618019104004,2.5103416442871094,2.4006085026649457,18.99895339107337,83.95355030571334,-0.3437590429870794,,,4.1247202374734036,nan,,,1.0512558221817017,,None,-7.577867896284831,7.217674795742965,-8.510677936966175,0.14744916558265686,5.350287953206543,0.11171460151672363
Gaia,DR3,2508907383636967552,24.69725904150442,-0.835984804713074,15.750261306762695,2.114865303039551,1.823427347213447,21.040624529422686,78.88931666143522,0.49234705097049325,,,4.557435762447404,nan,,,0.9161866903305054,,None,-8.352370847372674,7.9891238513006275,-6.7805371355066395,0.055986739695072174,7.215583024890681,0.03159806877374649
Gaia,DR3,2532975109053528192,17.703891989709486,-0.797953201305885,17.77694320678711,3.1691551208496094,4.545975917295793,24.23147739520218,85.91973001259318,1.550976469789709,,,4.819527058591455,nan,,,1.0575922727584839,,None,-8.691043252357844,8.463144440238164,-9.606334145079494,0.1459091156721115,3.9360109574083673,0.10501599311828613
Gaia,DR3,2534558813818814336,19.12623379896469,-0.17817342609501405,19.175247192382812,3.4169082641601562,3.0583467266526174,23.994911482782534,81.76941050796052,1.4282268997809744,,,5.62540179446082,nan,,,0.9278281331062317,,None,-10.190245282944314,9.85699807358458,-13.756977748031462,0.41479045152664185,9.199289565159386,0.3345114290714264
Gaia,DR3,4958407325096897024,30.64400358538837,-39.44630734637349,16.84228515625,2.35221004486084,3.0933776263993584,18.815781860567284,70.5391947266746,-5.498493339724768,,,4.5874049826350145,nan,,,1.014642357826233,,None,-8.42356495934631,6.025688914597655,-6.634017495997297,0.036251675337553024,3.6284638788065067,0.04765665531158447
Gaia,DR3,2504181201624505728,29.280047330258792,-3.7144084843728655,16.388452529907227,2.783479690551758,4.738359721602843,17.139561991066174,79.86497474119508,-0.6202264874395995,,,7.245477748019468,nan,,,1.0777615308761597,,None,-13.31119357512482,12.654063019993014,-16.208599219600682,0.07019355148077011,6.021875382870481,0.04850184544920921
Gaia,DR3,4958332661385435776,31.055360931086597,-39.93667316024261,15.691984176635742,2.3196287155151367,1.790707516477193,19.28865237789428,68.60506476697783,-5.599495256638241,,,5.8270953743725356,nan,,,1.038751482963562,,None,-10.697097121897892,7.546624686630986,-9.642941919810044,0.023550068959593773,9.477308559587238,0.030434992164373398
Gaia,DR3,2505628085915034368,26.322321199801276,-1.8373218520551136,19.542896270751953,3.0292911529541016,4.353860550958996,19.59805059092298,82.2070752305179,0.1005520537062159,,,4.233368449803333,nan,,,1.0187495946884155,,None,-7.770873263005235,7.420527284530832,-5.933216761100573,0.44993531703948975,3.997009358463719,0.3551371693611145
Gaia,DR3,4953395819816471680,37.89338172349339,-37.272731832819176,16.399744033813477,2.2861337661743164,4.54108236423057,17.405658467392385,82.023431297492,-6.13061392010181,,,4.042899125071694,nan,,,1.026694416999817,,None,-7.333185942355127,4.918367556415177,-4.160923911976562,0.0340576171875,7.135551390034275,0.04399489983916283
Gaia,DR3,4959860462855748480,24.444017443541664,-41.30316971302937,18.387657165527344,2.8554534912109375,4.55442479847059,21.588911114908477,79.05027695983107,-4.989872431272024,,,4.65483996660224,nan,,,1.0114874839782715,,None,-8.528136528238981,6.546500239712403,-11.657380478924917,0.08993978053331375,3.3556440368451215,0.11422184854745865
Gaia,DR3,2509930921587646976,23.07739185003712,-0.36153099881412376,11.005759239196777,0.7849006652832031,4.281832903126983,22.059658595932788,75.44456170964303,0.8064818257861439,33.6742057800293,0.25090649724006653,5.491530789992943,nan,,,1.1142767667770386,,Gaia_DR3,-10.040164784799591,9.623320323288855,-13.102542685996948,0.02248677983880043,5.725476752218089,0.013432185165584087
Gaia,DR3,4960010378690714496,23.197160351749805,-41.10825010336541,15.788658142089844,2.5214309692382812,1.2157053767853998,21.741405808527883,84.61028459352957,-4.824883726936386,,,6.854226857937498,nan,,,1.0015170574188232,,None,-12.534150305104713,9.84368919117409,-13.979429911239155,0.020374003797769547,8.845247952312015,0.025361787527799606
Gaia,DR3,4964315928784469120,32.926598722016344,-38.70315936344263,17.4323673248291,1.783651351928711,3.501496935552288,18.062603780928143,67.8897044377868,-5.687646059462883,,,4.588602694032835,nan,,,1.1068767309188843,,None,-8.40790412384615,5.886089619248672,-11.426717727497238,0.06076795980334282,4.35016040883856,0.10844308882951736
Gaia,DR3,2526359862985412480,13.589454118868048,-3.1907143657299133,14.615456581115723,1.9560108184814453,3.2188286242327266,24.971318063184594,84.71745982439413,1.8101919227630807,13.501893997192383,3.013566493988037,5.439545476944356,nan,,,1.0260049104690552,,Gaia_DR3,-9.646617354982205,9.656775561528958,-10.25770562183031,0.0366225428879261,6.016646840872787,0.03014311008155346
Gaia,DR3,4962770874429217920,27.122942127176884,-37.11360292792939,19.99524688720703,2.5882644653320312,2.16689698767475,16.970205944197016,80.93828513596937,-4.813748061070783,,,4.03614941574607,nan,,,1.0549298524856567,,None,-7.412495113433456,5.7626839548758975,-5.751766996907078,0.2894895672798157,4.961862872020248,0.38655033707618713
Gaia,DR3,4964670688788068352,33.85310176682122,-38.251162428084896,20.22254753112793,2.6807212829589844,4.078377931611136,17.669321964966894,61.14107947852594,-5.749732149848468,,,5.084884730430779,nan,,,1.0493522882461548,,None,-9.305009325559041,6.477408248182796,-4.939627089651801,0.3545658588409424,6.714132225398519,0.42389723658561707
Gaia,DR3,2532993899535321728,16.22662977897706,-1.7415732803213206,15.366707801818848,2.084238052368164,3.3478453974437685,24.33449046078327,83.29684909239478,1.6334031005800813,-41.53106689453125,5.700610160827637,5.181012248918816,nan,,,1.4186737537384033,,Gaia_DR3,-9.292840950099423,9.131900511995108,-5.74893923172152,0.06585600227117538,10.03251503617171,0.04713599756360054
Gaia,DR3,5003082818995913856,14.59331479179365,-34.773572643366116,14.806357383728027,1.8115816116333008,2.8275711410911986,20.773632942669398,87.44798892210565,-2.9867676844766606,-1.0417511463165283,2.477104425430298,4.194434181103659,nan,,,1.0490020513534546,,Gaia_DR3,-7.472645028972933,7.107764345479442,-5.51929300142182,0.018185244873166084,5.547150321969605,0.014124487526714802
Gaia,DR3,2531743587311147520,19.11367194039661,-2.6090886810864284,19.044153213500977,3.639192581176758,3.677566370715443,21.942433618231576,76.26230876865498,1.076508712155966,,,5.8109827302612995,nan,,,1.1274166107177734,,None,-10.526028498754087,10.247378400763296,-6.1204738908213745,0.39131587743759155,11.189042918625372,0.37448152899742126
Gaia,DR3,4963712674858136704,36.21199350021045,-38.811398502073075,17.921947479248047,,4.220655292063029,18.523819512888423,63.73687658206832,-6.0862016543199555,,,5.251905064707659,nan,,,1.0863492488861084,,None,-9.567085442979872,6.380097677616861,-4.917184110490251,0.0948827713727951,6.843314809248419,0.2964257299900055
Gaia,DR3,4968071035872957184,32.77717978572628,-36.6544974789301,18.08097267150879,3.0487422943115234,4.42385698053755,16.01055969907456,67.9793852688699,-5.448454469675335,,,4.304286026654555,nan,,,1.0378625392913818,,None,-7.888417752691104,5.714744756074788,-4.362295698612122,0.07296720892190933,7.633040092994732,0.11234699189662933
Gaia,DR3,4969238133104260352,30.56912315744043,-35.008977567684944,9.584583282470703,0.6008415222167969,1.4928496219643708,14.395519055200323,57.412713354047995,-4.990939275451076,20.209239959716797,0.4183501601219177,6.028228524818858,nan,,,1.0499709844589233,,Gaia_DR3,-11.069731415849073,8.44379194145355,-9.366672408774932,0.007275247480720282,7.607913937996453,0.013632994145154953
Gaia,DR3,4965762675633262080,36.756193790160324,-35.9490567299079,11.74943733215332,0.8253297805786133,4.002794995451787,15.865217914442818,65.02549581832498,-5.857390286594441,22.15445327758789,0.6142419576644897,4.387663649756491,nan,,,1.052287220954895,,Gaia_DR3,-7.982426445478642,5.560318688562939,-5.303665871002881,0.009103519842028618,3.004482052460382,0.013476279564201832
Gaia,DR3,4969736143153958528,33.892890838731134,-35.316664896946456,16.552112579345703,2.4949426651000977,4.965612754063833,14.758090418030458,75.39248646617139,-5.4379625756956775,,,7.216399798469841,nan,,,1.0611892938613892,,None,-13.204719415493015,9.623387705241566,-19.03042570106635,0.028663968667387962,14.432348289759023,0.04536239430308342
Gaia,DR3,4968449474031666688,31.72718986091225,-35.14155207151294,10.306154251098633,0.627650260925293,0.7949734342489542,14.480594480292377,50.36921818270656,-5.150110557094054,-8.722563743591309,0.20634010434150696,5.030848198447201,nan,,,0.9173088669776917,,Gaia_DR3,-9.2303661459596,6.927042256178073,-8.391336392618186,0.007061424199491739,7.0099064918506455,0.011198220774531364
Gaia,DR3,4969299362159669888,30.88513313227461,-34.29089092740397,12.114107131958008,1.0075979232788086,2.4065048486031593,13.659037835520905,47.37503243200746,-4.946993268171493,-4.422871112823486,1.1159694194793701,5.1307620057133265,nan,,,1.132706880569458,,Gaia_DR3,-9.419893768024961,7.22456406757412,-10.955806690253635,0.007907768711447716,5.123103644014164,0.012110442854464054
Gaia,DR3,4967560862477430272,30.480761617751288,-37.966960552510734,18.78863525390625,2.996967315673828,4.880301169068084,17.349216304511284,66.01033315577789,-5.316354545581851,,,4.558015175806988,nan,,,1.0086852312088013,,None,-8.370358369460476,6.136248714794782,-9.301763510469744,0.10404884070158005,1.5403163549784908,0.15657785534858704
Gaia,DR3,4971211206722123904,31.532643608170616,-32.859657589792846,16.953041076660156,2.625265121459961,3.6217170702044967,12.2024169519932,53.90040497103572,-4.861329218664146,,,4.359944678725639,nan,,,1.0388648509979248,,None,-8.00079639062201,6.201841359283333,-8.64242296915676,0.035531312227249146,2.93547042613645,0.05592718347907066
Gaia,DR3,4971209523094944256,31.525212438016666,-32.87620371993828,16.375171661376953,2.3297061920166016,4.032219178177842,12.219139190194063,54.85990121255618,-4.862328760244744,,,4.332543284173377,nan,,,0.9652695655822754,,None,-7.950563249804967,6.162140426272571,-6.7417032721499215,0.02688668482005596,9.640888308073547,0.039887700229883194
Gaia,DR3,5010748923301846400,24.958348313697233,-36.67414358299933,17.936519622802734,2.847850799560547,2.2364365081482553,17.12065786447874,74.50922689574415,-4.498099357694129,,,4.216624070157575,nan,,,0.9842915534973145,,None,-7.730174995756163,6.227625083218521,-9.232679111187004,0.06064576283097267,7.5293775906874245,0.08236485719680786
Gaia,DR3,4970692890069998080,34.396247659889,-32.433322716807865,18.09518814086914,2.4201526641845703,1.0186059698540058,11.978609205842703,78.11038038571725,-5.177376053246158,,,3.8118715276936816,nan,,,0.9937584400177002,,None,-6.969243904619556,5.263972697940531,-6.152602006822969,0.10910478979349136,5.319569551930912,0.12446673959493637
Gaia,DR3,2532284134714953856,15.51455078575061,-2.5722131458032567,15.932146072387695,2.4666900634765625,4.793192428800388,24.137594617085263,87.1271790639394,1.6175213985650934,,,6.504454914852164,nan,,,1.1818135976791382,,None,-11.633541405505449,11.502345633658429,-6.831763043664127,0.07130485773086548,15.990104737236733,0.06364995241165161
Gaia,DR3,4986466586959380224,14.70972986308859,-41.196576902037435,16.19510269165039,2.5087900161743164,1.9381496136258165,25.1800516889861,87.61823284588584,-3.879577029338531,,,4.966839491474758,nan,,,1.0318390130996704,,None,-8.85324534728484,8.00190536592505,-10.785902934426655,0.030247977003455162,8.620880144158946,0.03617031127214432
Gaia,DR3,4953623178205527808,39.90474045136374,-37.14601785155106,17.058992385864258,2.569385528564453,1.2263711530487158,17.89004556106883,69.66385154605835,-6.357717436011455,,,4.476286182814095,nan,,,1.058654546737671,,None,-8.068346809985284,5.286801412125747,-7.289469152893643,0.042850229889154434,4.4308801842706895,0.05768375098705292
Gaia,DR3,2535748828997741568,14.692789717696622,-1.2435413438111906,19.014503479003906,3.3330554962158203,4.480819199093361,25.68345896451401,87.09620853954661,1.9328328466409412,,,5.690697697492115,nan,,,0.9083258509635925,,None,-10.142751620807836,10.018746195109056,-4.768242927266468,0.35496652126312256,9.918538730948852,0.27772992849349976
Gaia,DR3,4988970140576333184,15.47856859710802,-39.29009669201249,17.957260131835938,3.2665939331054688,4.790219666113586,23.359057742339356,79.66810491571628,-3.7112520806835247,,,5.301651187711459,nan,,,1.0984423160552979,,None,-9.480866035336732,8.600493814212017,-5.970440838655316,0.10425985604524612,4.5582756420851664,0.1341884434223175
Gaia,DR3,4999718794450942592,13.15888972106736,-39.127864128162585,14.476530075073242,1.9063959121704102,3.583664522422288,24.496012553477836,83.39906266443892,-3.4245613380221345,-16.498369216918945,2.901334524154663,5.303273009248228,nan,,,3.6632864475250244,,Gaia_DR3,-9.385550660875866,8.855923745794332,-6.569126316290052,0.03814687952399254,6.006430654656729,0.040086884051561356
Gaia,DR3,5020914114457801216,29.210178451090385,-29.051739111708326,20.012821197509766,2.856546401977539,1.9202259181498744,8.738988576456585,38.45761299632271,-4.094304084214237,,,4.509773029577275,nan,,,1.1162282228469849,,None,-8.285321315000276,6.870954658051897,-7.850889021783715,0.4997221827507019,8.64407952798579,0.3455490171909332
Gaia,DR3,5006799095281905152,12.943347326582993,-32.018618020872005,18.130741119384766,2.9052867889404297,3.439306834732623,20.388539525920244,87.97639640567954,-2.3917783069056626,,,4.141097379491268,nan,,,1.0484052896499634,,None,-7.321033942564826,7.246896245262536,-5.7685596009724165,0.14358258247375488,9.816839417200281,0.1727159321308136
Gaia,DR3,4961485334883619072,30.568306056156032,-38.50065610007755,18.322423934936523,3.0836143493652344,3.885276744679437,17.876278287376284,61.61619579725067,-5.3859780362867165,,,5.182287250740333,nan,,,0.9940064549446106,,None,-9.516320410781857,6.913188187252055,-6.607673673489025,0.0880238488316536,3.821872017911982,0.12314390391111374
Gaia,DR3,4963475523945020544,33.625573346235385,-39.35592746769804,9.62818717956543,1.102334976196289,4.872867635582658,18.75202731214313,64.53365062767276,-5.8384515826283305,-1.8180770874023438,0.14862827956676483,5.3275873520132775,nan,,,0.9881959557533264,,Gaia_DR3,-9.75252882073891,6.685281381510408,-14.806556776269975,0.008977881632745266,4.585777370626362,0.010649883188307285
Gaia,DR3,4965762783009742208,36.77065558897841,-35.94731608865566,15.14901351928711,1.9445886611938477,3.856395491353759,15.866942582867766,66.65196756327569,-5.858970008657033,30.148534774780273,8.16451644897461,4.331945716460009,nan,,,1.0232442617416382,,Gaia_DR3,-7.880778939986767,5.488704350461388,-5.233770580076141,0.018980393186211586,3.1657926280626283,0.028044845908880234
Gaia,DR3,5000112419612773888,12.454357661273551,-37.41594237223892,10.923978805541992,0.7737951278686523,2.9416377647515226,23.77726878215153,87.92555397716788,-3.1047528218268496,31.32758331298828,0.37899500131607056,4.585832922830386,nan,,,0.8852487206459045,,Gaia_DR3,-8.087414914333243,7.8139531340465975,-10.361802928961664,0.009129310958087444,6.106807670022091,0.011863181367516518
Gaia,DR3,5002734823564703232,11.785077505322084,-35.77947937889145,17.621139526367188,2.687000274658203,4.6540185879370135,23.212462376288737,80.15015165409903,-2.7937239676728183,,,5.063854297987336,nan,,,0.9973911643028259,,None,-8.899358194458133,8.780549534658757,-4.202031319807726,0.06882753223180771,7.162430885162983,0.12235299497842789
Gaia,DR3,5001353699522665088,14.121677887525076,-37.82877946307067,10.061220169067383,0.6404628753662109,4.832333318134336,23.056410673187663,81.1855158346037,-3.3558174263123366,23.985614776611328,0.2758863568305969,4.877219257362783,nan,,,1.3375052213668823,,Gaia_DR3,-8.670751275763205,8.133083841303112,-4.95013913006254,0.013790953904390335,4.840290312973711,0.014112650416791439
Gaia,DR3,4965335141704792704,36.82689064353075,-37.61586078837851,12.075566291809082,0.9082489013671875,4.53887912706621,17.482128677697,76.874026781858,-6.038078923448817,-5.92789363861084,0.813531219959259,4.182782185865342,nan,,,0.9876402020454407,,Gaia_DR3,-7.60835928939163,5.142375837541356,-3.714086509383831,0.008124839514493942,4.218949849298568,0.010953760705888271
Gaia,DR3,5006037271162478080,10.462384311378823,-34.80344597312675,17.619651794433594,2.744396209716797,4.304779693060021,23.580930764644247,86.76476190381611,-2.4959497213734294,,,4.611767909978393,nan,,,1.057672381401062,,None,-8.045663588913431,8.148190187835747,-8.982336736371511,0.07146337628364563,4.069217849614302,0.11228114366531372
Gaia,DR3,5004473735563715840,8.937558778917394,-35.26427391288174,13.77833080291748,1.8715553283691406,4.02012912506776,24.89052529372092,87.01862767246973,-2.384335231222968,15.747179985046387,1.6048587560653687,6.213122828260432,nan,,,2.67305064201355,,Gaia_DR3,-10.740291206701041,11.116636061250052,-8.15746528736782,0.02619834616780281,15.705177121731197,0.04665582999587059
Gaia,DR3,4966793540800453888,35.16435024921441,-35.24510049119648,17.551372528076172,2.8243846893310547,2.6855149530322944,14.861233704926407,62.09232484220016,-5.587097575463153,,,6.283207350235913,nan,,,1.069511890411377,,None,-11.471293574429808,8.240857925253065,-10.337683771191495,0.044608086347579956,11.612524278111913,0.07602114230394363
Gaia,DR3,4968029971689446656,30.87868924282777,-35.84541743671152,19.510873794555664,2.803525924682617,2.9112840354777783,15.210386535818529,89.1212621683772,-5.12546036242883,,,3.766349216177796,nan,,,1.0670982599258423,,None,-6.914910285951488,5.195228569325755,-7.10383934764508,0.1606498509645462,2.8914487587874347,0.26486870646476746
Gaia,DR3,5006292907616073472,11.384442211585615,-33.141645657394626,17.329957962036133,2.8399734497070312,3.8712670793756563,22.083230401486993,77.94585087491986,-2.363741462276588,,,4.8645178188319,nan,,,0.9370839595794678,,None,-8.530608856067936,8.590554644995162,-4.568658507665014,0.07211046665906906,8.842337666597594,0.09650929272174835
Gaia,DR3,5006286314842086912,11.289432904697083,-33.227035527016916,10.648268699645996,0.7631034851074219,2.5919179194722326,22.194332775662595,82.97875083394065,-2.3646869559037813,35.75739669799805,0.4764651358127594,6.5807778782702036,nan,,,1.0332481861114502,,Gaia_DR3,-11.534314282181498,11.626985045763911,-14.578810371896294,0.01446607057005167,13.540222938011265,0.015796909108757973
Gaia,DR3,5005314965038297472,8.294670072083063,-34.565828069022395,16.503461837768555,2.3995180130004883,3.2802605976182284,25.017521879455813,84.85323256100553,-2.205204635540322,,,5.5443891751764385,nan,,,1.0033012628555298,,None,-9.544969334851068,10.014270944695088,-10.940656994257365,0.03224807605147362,13.585222757399377,0.056418973952531815
Gaia,DR3,5006732471748797568,11.937598966362538,-32.27157723649793,19.230623245239258,3.242452621459961,2.7475515745675834,21.25700049590233,77.93517444773735,-2.3043094591469795,,,6.2901418559752935,nan,,,0.9622800350189209,,None,-11.063400475672237,11.097553364522229,-10.168527968803287,0.27311262488365173,14.62926699405676,0.26506733894348145
Gaia,DR3,5003425003333819648,14.376882397890247,-33.34817335032719,18.883121490478516,3.051481246948242,3.9671598167134534,20.069195419283485,71.00958879860964,-2.7593815946957245,,,4.858083454480217,nan,,,1.060989499092102,,None,-8.646677191304793,8.323921629089623,-8.083212859388226,0.22672025859355927,12.347558341279917,0.29815638065338135
Gaia,DR3,5006984195488093952,9.851358450097862,-33.38701955573639,17.191368103027344,2.625234603881836,2.7745041545392497,23.327938710810876,87.07148630674452,-2.2146419233824246,,,4.548390915556573,nan,,,0.9558731913566589,,None,-7.90670121837818,8.13944004670602,-7.178437367408705,0.08872036635875702,10.698141583803256,0.11461634188890457
Gaia,DR3,5010901373164822144,26.437624658517443,-36.48456822107212,19.74386215209961,0.38953208923339844,2.944507258765132,16.527723999500505,57.14067462287242,-4.655443744279183,,,5.276150692927372,nan,,,0.9707151651382446,,None,-9.685831723464144,7.6603850621349725,-12.770997549188644,0.17994540929794312,8.759412857793198,0.24403490126132965
Gaia,DR3,5010455383762694912,26.25828817320349,-37.09768275221319,18.258285522460938,2.8303184509277344,3.1412134493441224,17.15498463678256,59.24547370478312,-4.70710152617081,,,5.138785468946588,nan,,,1.0045700073242188,,None,-9.432428182540255,7.424325824392542,-6.2967869232971765,0.07886100560426712,8.746250691807191,0.10907302796840668
Gaia,DR3,4982996317807841920,15.74699485570477,-43.52072879711636,18.561843872070312,3.126028060913086,4.514577632789471,26.53660563649093,89.76072159263558,-4.297265647415622,,,5.725579984278435,nan,,,1.035676121711731,,None,-10.250161791642054,8.899165757506378,-15.373312796305456,0.09637346118688583,10.755625890373334,0.11713611334562302
Gaia,DR3,5013616514050858112,20.94717796280666,-34.63774256207446,19.402074813842773,3.0359039306640625,1.1742602745258912,16.99102623978691,60.58163065759019,-3.7474623742720627,,,4.827809878831683,nan,,,1.0465494394302368,,None,-8.788070655919128,7.639657891113926,-9.979431589663104,0.299799382686615,7.734175577742931,0.24410706758499146
Gaia,DR3,5032401502708154624,15.340687041671202,-28.57167246761029,14.351339340209961,1.9284286499023438,3.0124595330091335,16.987749290352436,62.68542057980575,-2.1983607535862872,16.053165435791016,1.9528872966766357,5.8946879528526,nan,,,1.0542196035385132,,Gaia_DR3,-10.535377420467933,10.266113246053798,-14.27789145588993,0.02089427039027214,10.350323308111676,0.029415613040328026
Gaia,DR3,5019972039151944192,32.959539436370015,-30.436117656569913,17.874948501586914,2.996490478515625,3.9275584704626927,9.819921648702186,39.16213469138967,-4.758495239563502,,,4.614014395028857,nan,,,1.0856578350067139,,None,-8.454109660529594,6.650715128476957,-8.074841835153993,0.12416587769985199,10.4521019560499,0.119535431265831
Gaia,DR3,5011593172137135360,24.20037819708459,-35.94522276327944,17.890544891357422,2.903635025024414,1.1675649736385347,16.706862979322167,67.5397521205493,-4.315634764164138,,,4.399478843477582,nan,,,0.9663358926773071,,None,-8.057643513706266,6.612872487590488,-9.01540094117701,0.055875930935144424,7.118138206582011,0.07609450817108154
Gaia,DR3,4967756403748678528,30.165074606506717,-37.79905139127008,11.387092590332031,0.8125782012939453,4.894816097856678,17.20368428672527,73.15221540811687,-5.259726008451883,36.641990661621094,0.48766863346099854,4.26573263352118,nan,,,1.0198605060577393,,Gaia_DR3,-7.834804697906735,5.783212478059876,-6.073384519879182,0.010782154276967049,1.7493011823435776,0.016341248527169228
Gaia,DR3,4968261285744243456,32.7911037961886,-35.59256730381687,15.27464485168457,2.3230276107788086,3.421904286298749,14.95075694331288,73.49604269425679,-5.332590668866755,11.809961318969727,7.125362873077393,7.059775417082356,nan,,,1.0628855228424072,,Gaia_DR3,-12.938150433619828,9.520112814558518,-12.491345747573707,0.015373820438981056,14.593197946158064,0.023821363225579262
Gaia,DR3,5015518467305197184,24.827160344154525,-32.76928146450123,15.609704971313477,,3.9797604225572063,13.650468751854689,61.08200396395917,-3.994138069295942,,,6.3954856612220885,nan,,,2.6758885383605957,,None,-11.722794620506162,9.851499311874589,-14.328855936478092,0.15311822295188904,5.161236175138029,0.6594354510307312
Gaia,DR3,5013294224001351936,21.58624962291428,-35.71130047002469,17.993324279785156,2.79830265045166,3.3343173879849464,17.559445016541083,88.6645920876031,-3.965560248358527,,,3.905277760760086,nan,,,1.514815092086792,,None,-7.119188291047545,6.074574469557571,-5.587069987655193,0.13294902443885803,8.352272878132235,0.3254871666431427
Gaia,DR3,5037537493320111616,26.13958138524122,-25.572346286817773,17.650747299194336,2.7919921875,3.2686960103872873,7.22769883947873,66.8126707834777,-3.2275189981884678,,,7.290546057724079,nan,,,1.0250515937805176,,None,-13.380834414790478,11.779098042645533,-17.272617293851155,0.10590476542711258,8.60233180978221,0.07238463312387466
Gaia,DR3,5021248743950509056,30.395625097429257,-28.896806005208113,14.046990394592285,1.7484312057495117,1.9882577551972007,8.348512683029227,30.293277987661074,-4.232490812001973,-0.41042041778564453,2.0082640647888184,5.258311183780289,nan,,,1.13514244556427,,Gaia_DR3,-9.656811133978207,7.927084806716248,-9.045674378488327,0.02010093256831169,10.044653813168432,0.01636503078043461
Gaia,DR3,5016708894800503552,23.415389213893366,-30.99352893225131,16.406641006469727,2.6849584579467773,4.805570315200331,12.841497921152799,69.36792821430704,-3.5825822831020613,,,7.019379033289291,nan,,,1.026563286781311,,None,-12.840808542572042,11.153708315589753,-19.899935659387307,0.035976145416498184,12.01163453527546,0.027925025671720505
Gaia,DR3,5018866377131145728,28.82994034020245,-31.681213765236027,17.545900344848633,3.075855255126953,3.985623419321963,11.358813715440549,51.861188371346074,-4.372150444901762,,,6.13123509640059,nan,,,1.0534346103668213,,None,-11.264628872345007,9.12785034227835,-7.4211966519657295,0.09212125837802887,5.69766006718238,0.06804610788822174
Gaia,DR3,5018346926607891840,27.75802954351763,-32.47092645937265,17.97161865234375,3.3011550903320312,2.0010938773764084,12.375495914504942,54.840065278582315,-4.331543958789105,,,6.1759814776841875,nan,,,1.0592654943466187,,None,-11.345198643809209,9.229047933726985,-13.909218471446792,0.07727867364883423,9.691227284865615,0.0966159999370575
Gaia,DR3,5019561612077236352,30.114170672593154,-31.831366291060466,16.704700469970703,2.8021726608276367,3.389556968862612,11.284320011288774,86.76006509170071,-4.556467897992962,,,8.377269065616327,nan,,,1.072821855545044,,None,-15.386734393618339,12.269402730532185,-19.06910168336337,0.06737827509641647,7.550041882106246,0.05271943658590317
Gaia,DR3,4985258739077074944,19.25970308184909,-40.25005089764754,14.72711181640625,2.2002859115600586,4.582512401868087,22.36285046253223,77.2618353388745,-4.269563674939427,23.4541072845459,4.152674198150635,5.761444099767045,nan,,,1.0415033102035522,,Gaia_DR3,-10.440770174472547,8.827084942392164,-13.740780982611525,0.014350879937410355,13.309034826802264,0.013709352351725101
Gaia,DR3,2532142813111059840,18.370086902432245,-1.3591750650403522,16.76918601989746,2.635944366455078,4.238963641428735,23.39477916255695,88.14754365827466,1.3698871101833656,,,6.8313065377213,nan,,,0.8917001485824585,,None,-12.345975254045516,12.013767728034349,-14.430317888156608,0.08313016593456268,6.276064493094172,0.06285268813371658
Gaia,DR3,5026039483615681664,16.60636950415094,-35.363417708884,12.086749076843262,0.9686450958251953,1.7935050531858712,19.91370113683137,70.416711202687,-3.3123066848967997,-10.63029956817627,0.45365428924560547,4.863065530636003,nan,,,1.5403081178665161,,Gaia_DR3,-8.735196242017528,8.031909948825067,-7.277169405529669,0.010802940465509892,9.152119269787862,0.013891586102545261
Gaia,DR3,4964315928786019072,32.92709789857617,-38.702972667863115,17.185775756835938,2.592343330383301,3.529122321237099,18.062438233536337,68.48243741344588,-5.687685302774957,,,4.55829869281649,nan,,,1.1095480918884277,,None,-8.35237140162245,5.847189088627393,-11.585916073010065,0.05245191976428032,4.825025690079579,0.07499486207962036
Gaia,DR3,5021042963477510016,30.498272289289062,-29.24866163940504,16.93014907836914,2.5167856216430664,4.255467622681195,8.68128263939591,44.27744848522241,-4.28990508261567,,,4.336040915889838,nan,,,1.0352542400360107,,None,-7.9626494320972405,6.505862918314036,-10.254205998796522,0.07260627299547195,3.3626734648926133,0.06534725427627563
Gaia,DR3,5019519349599155072,31.8870264677361,-31.099768830999817,17.371578216552734,2.4593067169189453,2.705003749128407,10.437945889037891,76.51773394197825,-4.698012357547089,,,3.778804407848922,nan,,,5.226667881011963,,None,-6.932137113517216,5.4695170265600925,-8.529790678144494,0.4337831139564514,6.915479617356815,0.3749753534793854
Gaia,DR3,5023895646395844864,27.944594136029167,-28.89907342618772,16.889211654663086,2.2146921157836914,4.22155209903162,8.98726591320253,84.87920509211052,-3.9066261625276306,,,3.60961123061367,nan,,,0.9894909262657166,,None,-6.631143187884134,5.578573223320188,-4.584178007575874,0.0742790549993515,8.054290328128953,0.0484897755086422
Gaia,DR3,5024734535112451968,28.599741545062443,-27.005075862726613,17.73456573486328,2.9531784057617188,3.0657062107264688,7.027469814701105,67.0497519160223,-3.7510807459728923,,,7.314390703049186,nan,,,1.057224154472351,,None,-13.438364122369864,11.427502518502079,-8.738194917159458,0.13657674193382263,11.93190285011668,0.11275719106197357
Gaia,DR3,4963772903184344064,35.400350969570965,-38.48959129952836,17.082103729248047,2.9067516326904297,3.447850320021715,18.08037932748034,72.59938627731661,-5.957926365471125,,,6.519909507840332,nan,,,5.558147430419922,,None,-11.897817846193313,8.07218568990018,-7.818420318606208,0.2265842854976654,10.483839765713324,0.2745616137981415
Gaia,DR3,4962111472395470976,27.250231640818033,-38.26743934081278,18.756731033325195,3.446073532104492,3.5768061036192815,18.059737970748692,84.56715130454,-4.964250242906022,,,7.49436098498069,nan,,,1.072322964668274,,None,-13.76441964057045,10.525853147920705,-14.322150587511246,0.1235702857375145,4.9024956086031715,0.17159155011177063
Gaia,DR3,4960572160412922752,24.603801056769996,-39.60277391066133,9.265850067138672,0.4503803253173828,4.566252354373055,19.94816781898798,77.34725784511066,-4.808509649469415,8.375580787658691,0.4411408603191376,4.452198213147719,nan,,,1.0094959735870361,,Gaia_DR3,-8.158552183308155,6.383309664394574,-9.459420957860985,0.008671600371599197,10.466849588549207,0.011443808674812317
Gaia,DR3,4961827179920821248,29.456557306886815,-37.52765944645812,19.961849212646484,2.707193374633789,4.870800748266089,16.999540688183423,71.82349614088069,-5.143827704937589,,,4.2862041906127,nan,,,1.0130887031555176,,None,-7.874229747041449,5.892735238446594,-4.177638900334925,0.2709970474243164,8.281289407374398,0.3624365031719208
Gaia,DR3,5022317812850125184,27.104297882841646,-29.812103039235847,14.002107620239258,1.3421869277954102,2.6251718068258323,10.126606943691979,68.38504786711658,-3.9120699291813903,2.3956615924835205,1.8798068761825562,3.9050307655110896,nan,,,1.0076695680618286,,Gaia_DR3,-7.171626114542323,6.035390517790804,-5.083758553707766,0.019092721864581108,6.5931834262795075,0.012339632026851177
Gaia,DR3,5052121175034197888,44.51127314521643,-32.597086373449535,17.590444564819336,2.8644542694091797,4.612261544661785,16.38435660220563,61.15629323609709,-6.4671921737531815,,,4.636959389297621,nan,,,1.0317535400390625,,None,-8.198435683456612,5.593790294081472,-3.7096246986000576,0.05371265113353729,5.172183512219271,0.07567191869020462
Gaia,DR3,5062731393523407232,40.91534445015588,-33.04547851029673,6.615121364593506,1.0818743705749512,1.7597257419252101,14.745930628037407,56.779163884376025,-6.067194047567336,-6.591322422027588,0.11650866270065308,5.910636850188528,nan,,,0.9485079050064087,,Gaia_DR3,-10.614958955253211,7.427552562752716,-9.217103051983628,0.008275230415165424,9.116854423697669,0.014452808536589146
Gaia,DR3,5026902604539894784,17.785776591125217,-32.96963428644005,11.347807884216309,1.0833349227905273,2.4010949361866527,17.58152687410348,67.95301565463109,-3.1297676964573893,-5.569624423980713,0.4049372971057892,6.230426460686155,nan,,,6.077988624572754,,Gaia_DR3,-11.238434517014042,10.337479163740209,-8.240648996823873,0.09420182555913925,9.35818567903679,0.08031884580850601
Gaia,DR3,5026927893307354240,17.832803527612693,-32.67275378940089,16.357585906982422,2.5912303924560547,4.183368980135096,17.358331453136707,65.27940810538931,-3.0948794647993,,,4.596895277863751,nan,,,1.0355013608932495,,None,-8.293187337189014,7.639084955469484,-7.883435803545991,0.042525988072156906,3.605861121403356,0.03531626611948013
Gaia,DR3,5027410231018796416,16.130891387097222,-32.41082108625759,19.752840042114258,3.034982681274414,2.970501436120732,18.32549862256627,65.21525225606972,-2.845016083158681,,,5.7509041614978145,nan,,,1.1188502311706543,,None,-10.311179880003378,9.738556871575911,-11.521744568870812,0.32117992639541626,13.130277622383225,0.2865048348903656
Gaia,DR3,5028483805339995136,20.082882315822587,-31.541939523437968,12.422171592712402,0.9789943695068359,4.266095266732736,15.182293137180777,80.61361157197317,-3.226054573311205,18.601633071899414,0.49355071783065796,3.925307682504214,nan,,,0.9932053685188293,,Gaia_DR3,-7.129687176389979,6.426355758477514,-8.814338084016867,0.010477988980710506,3.3240907415512133,0.01178834680467844
Gaia,DR3,5029004664613790976,21.667413029369698,-30.183386579363994,15.115739822387695,2.1116151809692383,4.713203429205757,13.260815406394572,53.799714486885165,-3.2473873218805265,-2.5819549560546875,4.673601150512695,5.973660422975615,nan,,,1.114211916923523,,Gaia_DR3,-10.8917037316438,9.722309411021362,-11.60255892737678,0.022807667031884193,15.614960665483963,0.026002954691648483
Gaia,DR3,5006211337597395968,11.74930731696601,-33.68423981758284,17.809682846069336,3.0146007537841797,3.5021780524830235,22.09189635483233,80.0211333313673,-2.487006752638023,,,6.279962415588187,nan,,,1.0892703533172607,,None,-11.034478020790752,11.021091237294637,-15.002880202532513,0.1135149747133255,8.623477597846037,0.13599972426891327
Gaia,DR3,4967455962197705856,36.52262855633557,-33.135972034950136,17.579519271850586,2.844480514526367,2.6309511106034815,13.130533052284846,60.9711783426731,-5.526052871186587,,,6.456932847881367,nan,,,1.062131643295288,,None,-11.753673210897242,8.590504404708508,-10.563997108035974,0.03656693920493126,11.968339414781934,0.08021941035985947
Gaia,DR3,4965246287421427840,36.53008450352372,-38.20783661113615,16.221195220947266,2.424703598022461,1.2774048646642577,17.99464364867673,63.41762524788797,-6.062858393446015,,,5.638059152056679,nan,,,1.0071455240249634,,None,-10.262879717021242,6.889820540969303,-8.992172542300473,0.029631495475769043,7.720755126283479,0.03509453311562538
Gaia,DR3,5008349578475732096,22.209141645275388,-40.00970779456758,19.23777961730957,3.106761932373047,1.3631656874985632,21.048208553651474,82.72242584919528,-4.579078316399616,,,4.388455395416212,nan,,,1.01413094997406,,None,-8.010442596845559,6.475841581721037,-7.792276128492702,0.15059472620487213,7.717933409019167,0.17292183637619019
Gaia,DR3,5006510512134918528,13.659067426031958,-32.80165041251969,14.395487785339355,1.8008804321289062,1.8818470275335502,20.26908200229725,69.75523088451688,-2.593075051607066,2.080233335494995,2.6003987789154053,5.487237992870063,nan,,,1.1036677360534668,,Gaia_DR3,-9.734389833529939,9.498140986666293,-7.804221819327799,0.024805720895528793,10.504693221989491,0.02947007492184639
Gaia,DR3,5008909470412903808,23.623993383185407,-38.59738459113349,18.857181549072266,3.181133270263672,3.634872442581567,19.305142180998505,71.32932597871687,-4.572489629907021,,,4.638516717079126,nan,,,1.0081533193588257,,None,-8.488230785337793,6.822596062250456,-10.37804672659648,0.12881237268447876,3.8122861449036334,0.14450539648532867
Gaia,DR3,5009554750595936896,21.179837370557404,-38.48068745544219,10.085495948791504,0.7138395309448242,0.7441493839751129,20.07843215172827,80.29498137660303,-4.269234042714971,12.930910110473633,0.1881096065044403,6.7957320447791245,nan,,,1.0686986446380615,,Gaia_DR3,-12.377052391754656,10.338252345683607,-13.442233111390223,0.011924817226827145,10.38190475961244,0.012958231382071972
Gaia,DR3,5031275151828987008,16.691483854289984,-29.97041806514604,18.248891830444336,3.414234161376953,0.8979036928293593,16.58254688447534,84.1546755546512,-2.572742065004373,,,7.656896689493022,nan,,,1.1145097017288208,,None,-13.757942768987668,13.082893044046806,-13.573275687396178,0.12222626060247421,11.645353796139407,0.09552080184221268
Gaia,DR3,5009024717270928000,24.202290444057738,-38.19059715296086,11.735633850097656,1.1162700653076172,4.6696355525416635,18.75125454753111,65.66150556850775,-4.591716774987869,23.386184692382812,6.0297722816467285,4.942836441728172,nan,,,1.2878423929214478,,Gaia_DR3,-9.05282667637698,7.247403155636734,-7.665841683071703,0.010939512401819229,2.58351242039326,0.012966676615178585
Gaia,DR3,4965998525172348800,38.16144671360876,-35.857863450471136,11.735651969909668,0.8809347152709961,4.352018363208764,16.152618040666212,58.736084791566554,-6.018940516693036,30.491235733032227,0.4388238787651062,4.739284316641233,nan,,,0.8856370449066162,,Gaia_DR3,-8.589742818831734,5.891579950557894,-12.446736157194298,0.00839240662753582,3.8843022036476302,0.011716023087501526
Gaia,DR3,4966844973032186752,34.76853389449827,-35.049363742621274,18.33454132080078,3.764791488647461,3.9642225080529676,14.605807940323936,85.99554509953217,-5.516859007814215,,,8.025967896817287,nan,,,1.0773731470108032,,None,-14.66411716007115,10.6170175760409,-17.717174645190724,0.0880480632185936,4.6448730828978455,0.14229777455329895
Gaia,DR3,4971071156428643584,33.00333953670896,-32.790878675479,10.933236122131348,1.126387596130371,1.0360628326991501,12.168085808926124,73.39622467983912,-5.040804279846541,5.662976264953613,0.22587653994560242,7.3463511136414406,nan,,,8.839499473571777,,Gaia_DR3,-13.459718362038974,10.2716498010468,-14.890744725184407,0.08418343961238861,9.545912383442031,0.11985058337450027
Gaia,DR3,5030663827660049024,14.860631228217123,-31.965263472722793,9.590723991394043,0.4282655715942383,4.242833780298911,18.96438761000671,85.06739179864758,-2.623051453994141,4.634437561035156,0.6199889779090881,4.092118846790211,nan,,,0.9577191472053528,,Gaia_DR3,-7.298855604905057,7.034359733881513,-9.704157696686021,0.01736779510974884,4.275552910123367,0.025029342621564865
Gaia,DR3,5032195172479192704,12.59179313444692,-28.965254113098116,16.847049713134766,2.601372718811035,3.065931949861517,19.364474597235272,66.54819691802682,-1.9015483222890475,,,5.337403514616986,nan,,,1.0478893518447876,,None,-9.419426448792429,9.498621942145377,-12.010139579527618,0.06750158220529556,7.2207338593031904,0.07354690134525299
Gaia,DR3,5066851332310286336,35.76264875098313,-31.768850704421368,15.126934051513672,2.0750598907470703,4.371247946794057,11.629774591240357,56.27616698939569,-5.276611741360626,-0.5870413780212402,4.884805679321289,4.243861395010798,nan,,,1.0349602699279785,,Gaia_DR3,-7.738509222494344,5.816585637608347,-6.846767501038739,0.02418288215994835,9.624290123377484,0.022570641711354256
Gaia,DR3,5028248853448901376,16.968229573113756,-30.30071230815013,17.55852508544922,2.442554473876953,2.596428221773285,16.550144218703345,80.03253519387216,-2.6549312775280436,,,4.026765133946681,nan,,,0.9812529683113098,,None,-7.24268056922152,6.849945039548997,-8.918163181584084,0.07212869077920914,8.281954133416955,0.05607936903834343
Gaia,DR3,5029072937413920512,21.50205968246317,-29.826757573543023,11.389519691467285,0.9527797698974609,3.372789282153912,13.124179209118925,49.36799664514114,-3.177666371639832,-15.233960151672363,0.2493106871843338,5.670532732373775,nan,,,1.0378690958023071,,Gaia_DR3,-10.335271245576958,9.267797858979288,-7.799666001780816,0.01668238453567028,6.1330695720720865,0.015947217121720314
Gaia,DR3,5033182843157740160,15.894075532757576,-28.302601353148916,11.836968421936035,0.8881340026855469,1.9278471787061566,16.43368240081954,62.613944043525684,-2.2316956720400327,-4.905612945556641,0.4842735528945923,4.568992127323627,nan,,,1.5353937149047852,,Gaia_DR3,-8.184408787707946,7.929723612360567,-7.238417026369219,0.021636998280882835,6.331877999159351,0.03103312849998474
Gaia,DR3,5010109175037307648,21.85856705099074,-36.57563466575713,19.17125129699707,3.193035125732422,3.68088423472938,18.168410578881954,79.10705327599578,-4.109334544163507,,,7.032598439435462,nan,,,1.0226041078567505,,None,-12.827686626153675,10.81274524579144,-7.372614800120113,0.15121376514434814,10.960297945766529,0.17002876102924347
Gaia,DR3,4969874269302194944,34.68149134021924,-34.64147769450644,19.933271408081055,2.6858367919921875,1.6500480622204847,14.191746277091589,53.67224461233626,-5.461251420364591,,,4.630071186180772,nan,,,1.0508602857589722,,None,-8.460876953165215,6.17032233763141,-7.779329485119568,0.23608067631721497,7.629562065580016,0.3932012915611267
Gaia,DR3,4969681751688095744,30.651660531707464,-33.311821195917084,16.048086166381836,2.2477550506591797,4.634688538303548,12.699156002669634,61.18100044616472,-4.802574255156655,,,4.199638363550759,nan,,,1.0205291509628296,,None,-7.711498974818175,6.004739247127342,-4.512057627561822,0.023661689832806587,8.573767917449793,0.032646067440509796
Gaia,DR3,5030256110708325888,19.10013310001119,-28.88267837429703,18.488039016723633,3.1044883728027344,4.710107663596424,14.225569591329199,56.529429801312865,-2.7333638762054857,,,5.994915801310411,nan,,,1.0277247428894043,,None,-10.858769942913685,10.083440022395745,-5.055105947166762,0.13853739202022552,8.760303143561153,0.12473545968532562
Gaia,DR3,5032755128839597312,13.902639586182852,-27.75663623220022,17.425960540771484,2.618886947631836,3.4125111656793634,17.86385054970989,83.78008552683339,-1.893103734308277,,,4.035577348627679,nan,,,1.0637421607971191,,None,-7.167270463824165,7.138266748191632,-5.7121350724025834,0.10386974364519119,4.626111774071548,0.11364056169986725
Gaia,DR3,5073060892947965440,44.73548094261891,-26.192185484510333,15.60096549987793,2.4401721954345703,3.791789115117307,12.993619649928451,51.27993790053323,-5.818301215179094,47.19105911254883,5.545684814453125,5.844814156171312,nan,,,1.0295767784118652,,Gaia_DR3,-10.32249623271914,7.878544581128322,-14.138516927401376,0.024531584233045578,5.183009854940357,0.031433749943971634
Gaia,DR3,5072628819237738240,43.56396216924946,-26.886122184540067,16.135269165039062,2.343524932861328,3.7185523505307065,12.339363324330975,43.687746355159504,-5.742147479955406,,,4.8927413185113116,nan,,,1.106092095375061,,None,-8.689893893105772,6.602107471290044,-8.890147977078074,0.036133408546447754,2.771878746153074,0.04401874542236328
Gaia,DR3,5014579827971758080,18.528932753225423,-33.99869319491432,17.61313819885254,2.7451648712158203,3.0071314516643644,17.82905352804379,63.49877000656203,-3.362582734172979,,,4.8290770782477574,nan,,,1.0512545108795166,,None,-8.731810457468853,7.890564131834271,-6.073769589907156,0.08564536273479462,9.409267966388002,0.07515177875757217
Gaia,DR3,5012434715145984128,25.67016055876724,-33.238636896213464,14.673763275146484,2.2233991622924805,4.144574812474737,13.743295438940958,55.32487295437582,-4.160799949954665,13.520689964294434,2.3610920906066895,5.995816372373641,nan,,,5.7937517166137695,,Gaia_DR3,-11.000070034821519,9.10548854567657,-8.319970801333502,0.08582880347967148,4.604316341990236,0.07780411839485168
Gaia,DR3,5016633543894281728,23.7528582308148,-31.442549925026682,12.94413948059082,1.2300472259521484,4.20312290147467,13.024093734025872,46.778398577475684,-3.685092309329412,37.518402099609375,0.7332807183265686,4.82012646502976,nan,,,0.8717012405395508,,Gaia_DR3,-8.822319348072106,7.603240576399179,-6.7539483091363515,0.008678345009684563,11.339901114934172,0.009372889064252377
Gaia,DR3,5037871465681363200,26.60555359426239,-25.428122942831656,17.326007843017578,2.426778793334961,4.088273823979715,6.819943651339932,41.83329544346664,-3.2721450325429178,,,4.281059172885924,nan,,,1.0037705898284912,,None,-7.859957488830366,6.896640236624545,-11.056479349493515,0.07773950695991516,8.73935525237168,0.051120415329933167
Gaia,DR3,5038188056310774016,26.221622561965784,-24.448513079749688,17.82061767578125,3.1526260375976562,2.5697136334001422,6.4737230389676546,60.21446232913302,-3.0880206183871017,,,6.966900943903159,nan,,,1.0051615238189697,,None,-12.787643978729545,11.339485195555643,-14.912142515292043,0.10124066472053528,8.22011255819083,0.07625876367092133
Gaia,DR3,5014857557737024384,22.24420753633707,-34.8058625278406,17.368440628051758,2.701414108276367,2.9397494421007413,16.508036648239024,68.64183223882624,-3.930084162513996,,,4.336770571205684,nan,,,1.0165657997131348,,None,-7.916652871119133,6.750381131238336,-5.229476248166074,0.0666956752538681,6.701493711084878,0.053071070462465286
Gaia,DR3,5016081382898476672,22.009704786895256,-32.77269547843392,11.527597427368164,0.942896842956543,2.665048784498313,14.976994558817205,51.897353915404075,-3.636053160103134,8.662004470825195,0.380588173866272,5.221812321422497,nan,,,1.1036163568496704,,Gaia_DR3,-9.527751904526369,8.297575003349465,-12.457920381171276,0.017353571951389313,8.441758321688404,0.011144151911139488
Gaia,DR3,4987723534908863744,13.815764359669835,-39.12412856742763,15.139283180236816,2.552577018737793,2.296118130342749,24.127435240346934,83.03028369261561,-3.4987795346512027,7.5726165771484375,4.514095783233643,5.87902092146998,nan,,,7.895613193511963,,Gaia_DR3,-10.43706011003721,9.742253898716823,-12.155944869699413,0.14132052659988403,12.010181791868026,0.14649513363838196
Gaia,DR3,4988306069913275136,18.18292928331695,-39.949165981637535,16.589582443237305,2.5935373306274414,0.14028348499620724,22.573444832122725,78.37722432993324,-4.107799970006999,,,5.858879061952882,nan,,,1.0533379316329956,,None,-10.582158219443748,9.131865891610992,-10.64991334766278,0.03370707109570503,9.291334435403106,0.03664126247167587
Gaia,DR3,5077705466285600512,42.6425335484288,-22.8641355118938,18.831750869750977,3.004047393798828,2.7585797865447304,10.205883021220597,71.1085321577156,-5.1543274059471145,,,3.8605373709093547,nan,,,1.1421273946762085,,None,-6.884920427620794,5.567379974139598,-5.848645864582734,0.16948264837265015,7.558950224922645,0.2391541600227356
Gaia,DR3,5050199641025212800,40.92485748900935,-34.635511825744764,17.596336364746094,2.5680599212646484,3.147485868953349,16.07594456377369,55.56837487691292,-6.231316310488021,,,5.153413638211443,nan,,,1.0734435319900513,,None,-9.254724104537486,6.289611340855082,-11.131107545775466,0.0588269904255867,9.148193490179167,0.07950890809297562
Gaia,DR3,5050130577951155328,41.35798623773281,-34.99308039077084,17.897186279296875,3.0653152465820312,3.80029776675732,16.56816861683413,65.19812446025227,-6.319979048339366,,,6.210554693177268,nan,,,1.0260413885116577,,None,-11.134654786462328,7.48041872473692,-9.950945140471315,0.07333351671695709,2.647745803085088,0.10495277494192123
Gaia,DR3,5050469772991927424,42.5425862723534,-33.942787536189854,18.873523712158203,3.136415481567383,2.266711749448523,16.27539892144499,56.987231305357426,-6.359684597147609,,,5.455901114332576,nan,,,1.0428276062011719,,None,-9.734295320407444,6.591033945358545,-11.912277835458834,0.13307128846645355,5.158117324110391,0.17103348672389984
Gaia,DR3,5015518467303178496,24.827673002023545,-32.76925015228553,9.785808563232422,0.6321296691894531,3.456419673364657,13.650230726175394,54.28245163236887,-3.994199452875566,-10.049114227294922,0.3445201814174652,5.938222315606054,nan,,,0.908343493938446,,Gaia_DR3,-10.88464690086502,9.147088511013898,-14.277218175126395,0.010356411337852478,6.46151648326477,0.009992112405598164
Gaia,DR3,5015836982079924224,23.279368612218523,-32.09300691925514,16.305322647094727,2.33096981048584,3.4517366160114245,13.786847472691615,54.58592937757338,-3.7090205114171457,,,5.934770899018604,nan,,,2.3122570514678955,,None,-10.854263661401676,9.356171997392869,-13.478766265016786,0.07749845087528229,12.785665792235061,0.07267497479915619
Gaia,DR3,5017149107471639808,28.18387589642296,-34.34068678879138,19.929954528808594,0.2886848449707031,1.0759586756509147,14.068912596504541,49.20696199072919,-4.61381339580263,,,4.971238979443322,nan,,,1.020009160041809,,None,-9.133009505793428,7.238292971273223,-10.073879263425386,0.3076474964618683,6.616822767704665,0.3298446536064148
Gaia,DR3,5017507655638439040,27.749962394001294,-33.70307499845526,18.01239585876465,3.100412368774414,3.103542587369724,13.55194532084968,52.25522934531122,-4.4818502327921035,,,5.806631448257178,nan,,,1.0229065418243408,,None,-10.666681619649033,8.56184721714806,-8.954460589560112,0.07807070016860962,11.953154497070939,0.08825298398733139
Gaia,DR3,5039165217205772416,26.18041211482354,-23.303164866681033,15.756071090698242,2.50173282623291,4.457647250201358,5.931774985051117,55.954082592198546,-2.927428696054146,,,6.7762528369975925,nan,,,1.0026819705963135,,None,-12.437316007884906,11.118751040885591,-14.81742725043416,0.03344488888978958,5.212532000078583,0.02348857745528221
Gaia,DR3,5019561612077234176,30.116692606472157,-31.83372852292119,8.609694480895996,0.5450191497802734,2.3416860400556816,11.286334969855114,87.3139636407182,-4.557079740023715,12.7756929397583,0.2656387686729431,8.420901273647369,nan,,,0.9916294813156128,,Gaia_DR3,-15.466858350244767,12.332613941578906,-18.19466226926058,0.02425025776028633,9.195797478989435,0.015885237604379654
Gaia,DR3,5040471883696090624,20.130885857486835,-24.470144673422606,17.02593231201172,2.9515247344970703,4.0205523385033874,11.518415508299977,74.15472290688804,-2.2526108974074988,,,7.452867583620843,nan,,,1.0000947713851929,,None,-13.538651185625792,12.72843644240725,-9.614024812132115,0.09382156282663345,7.778701325363806,0.06058686971664429
Gaia,DR3,5001614764813488384,13.209067086567757,-37.13810780740211,17.237171173095703,2.709972381591797,4.048684230277305,23.138060590476123,78.841307456017,-3.1535007703686393,,,5.45426448727069,nan,,,0.9821328520774841,,None,-9.655123249898338,9.234275466245233,-7.203718230789235,0.054308149963617325,13.191775468795248,0.05525737628340721
Gaia,DR3,5003190979155756544,14.774492979664869,-33.92220273923101,14.199089050292969,1.8488426208496094,3.92536024708692,20.136323167866667,70.86834535757323,-2.889246586710778,11.631387710571289,1.3201637268066406,5.79816312322033,nan,,,1.1192208528518677,,Gaia_DR3,-10.337967194113855,9.860356522394902,-14.81230882963757,0.015388615429401398,8.127965559573251,0.011249457485973835
Gaia,DR3,4987730750453971456,14.20335799459538,-38.8762589394722,16.677326202392578,2.958688735961914,3.723045470905998,23.73907986476764,89.1221025783921,-3.509123298641002,,,6.851067701762707,nan,,,3.1760573387145996,,None,-12.184386901622267,11.323135469701803,-7.871956468032147,0.11496628820896149,14.535007328414512,0.1338425576686859
Gaia,DR3,5035547927029717376,22.087069610833765,-27.82725332236049,18.094789505004883,2.726255416870117,0.9704876200715726,11.460708726662675,56.217814360670786,-2.983473017606019,,,4.23260936197128,nan,,,0.9490591883659363,,None,-7.724068868565836,6.975675627139092,-7.318944656932634,0.20325157046318054,7.741007130520714,0.11476873606443405
Gaia,DR3,5038301821404582912,26.997307415073763,-24.137412127712878,18.074750900268555,2.6180248260498047,1.0388004019782768,5.717616775683701,85.00230079949402,-3.1536076815134972,,,3.5430762303682557,nan,,,1.0231140851974487,,None,-6.506535529543063,5.74322503611647,-6.754864777762336,0.1499890238046646,5.008141164251533,0.09439648687839508
Gaia,DR3,5116606634354690048,33.286160991316045,-27.885161982544513,10.177348136901855,0.5494384765625,2.942437062871098,7.3313479618084045,54.54201528847888,-4.493413657153809,,,4.046287971687443,nan,,,1.2363706827163696,,None,-7.41064190125704,5.9876192568606035,-8.314873564809002,0.02275877445936203,3.646267074973034,0.022696079686284065
Gaia,DR3,5117595645062890752,31.405700505870453,-27.16530436387608,18.636566162109375,2.851816177368164,4.210386012214098,6.519699924025201,82.22627229701473,-4.151127820678774,,,3.5928554470647414,nan,,,0.9506831169128418,,None,-6.59383241880349,5.45771661537116,-5.403962362629687,0.1911628395318985,2.4990247503454963,0.1585119068622589
Gaia,DR3,5062115495213499264,39.70199275803664,-34.66708393519385,15.602115631103516,2.3487396240234375,2.849916491442362,15.59916685735795,82.64486026228327,-6.084730569946109,,,3.908716518722546,nan,,,1.067063808441162,,None,-7.050200441733178,4.853064357154942,-9.209219431081953,0.019071051850914955,3.929347699168135,0.0274859257042408
Gaia,DR3,5019318482568682752,31.192792018884642,-32.07018233447642,18.021371841430664,3.131010055541992,2.023017625295851,11.426278263002612,62.85380782534298,-4.7242266784970015,,,6.7590207966578895,nan,,,1.1369853019714355,,None,-12.406639599651506,9.748087149376438,-15.005479675436346,0.1316346824169159,10.995101475723894,0.10990495979785919
Gaia,DR3,5042828171474366464,24.26497151597273,-21.29207961038881,17.077497482299805,2.262396812438965,4.094582138934645,7.1646102301003936,88.48437752759375,-2.381894417490833,,,3.522043427541537,nan,,,1.069964051246643,,None,-6.451193835459176,5.930281142379659,-6.187693140282827,0.06939733028411865,8.958994490133824,0.046155914664268494
Gaia,DR3,5043267357650004224,20.248517247968202,-22.079889203926644,13.923832893371582,1.8050518035888672,1.9463659994533953,10.94819513133835,53.2280551783838,-1.9293849731637887,12.442761421203613,1.6425213813781738,6.257819200807457,nan,,,1.030068039894104,,Gaia_DR3,-11.371271010949943,10.793408543288301,-13.676962565946738,0.017742225900292397,11.923321909804423,0.013697522692382336
Gaia,DR3,5049505466934101888,42.802548600274854,-35.3331795881149,10.80918025970459,0.881443977355957,4.237363868884539,17.514697893428785,61.84360932363727,-6.528057954391855,,,5.620238386726859,nan,,,2.255349636077881,,None,-10.016219049491708,6.578312572928477,-5.812002025831967,0.021269818767905235,3.8343410507271622,0.02763199619948864
Gaia,DR3,5049364321425476480,44.201812531612966,-35.377782664126315,6.324155807495117,1.133903980255127,4.073091524073492,18.24877223377681,72.3275843694681,-6.7000699095613445,-10.92276668548584,0.11982186883687973,6.4646058026416275,nan,,,0.9702985286712646,,Gaia_DR3,-11.447101795350864,7.397300384260727,-12.638654297610909,0.011989792808890343,1.9758744353389737,0.017627166584134102
Gaia,DR3,5020974003482641536,30.617688146923857,-29.665600731784757,6.397879123687744,0.18090009689331055,2.3938081571849392,9.079060148956048,59.35445906636901,-4.357314732736876,13.73652440547943,1.060105800628662,6.761378336012522,nan,,,1.1389257907867432,,Gaia_DR3,-12.415684881111286,10.087274945147952,-15.771987177797513,0.03779364004731178,9.472989171230328,0.03206101804971695
Gaia,DR3,5020518599510315008,29.298629903464345,-30.272853130897477,16.259424209594727,2.3154401779174805,3.682362515815304,9.894658786793864,80.55316911174293,-4.258901961059951,,,3.697691126594826,nan,,,1.0144145488739014,,None,-6.7932757688778524,5.5590651065690135,-5.5800382706467175,0.04585526883602142,2.957626881421147,0.03444761037826538
Gaia,DR3,5021218644819988608,31.52510059969002,-28.26101511153148,9.373530387878418,0.5960168838500977,2.257006770202429,7.60719105994087,51.966026390618836,-4.304038787961726,4.202182769775391,0.27345162630081177,6.485629491987807,nan,,,0.9762502908706665,,Gaia_DR3,-11.901649680302194,9.729827567343065,-14.572501873190621,0.01498502679169178,11.275493856584374,0.01318063959479332
Gaia,DR3,5022251979591446656,27.405797944514436,-30.066513041092737,16.251686096191406,2.493168830871582,3.963867725008893,10.244158675818525,36.651457003303804,-3.9842140340400647,,,4.858874552910885,nan,,,1.07941472530365,,None,-8.924584020560257,7.468190945332143,-8.730981306299569,0.05249188467860222,11.523760569782743,0.03567865863442421
Gaia,DR3,5005314965037555072,8.295154395358669,-34.56548217524271,19.9681396484375,,3.216019102553939,25.017008211827164,86.68865200130728,-2.205209753203632,,,6.097999573183202,nan,,,0.9724340438842773,,None,-10.498073002834525,11.014168346218415,-13.463576331027275,0.28271833062171936,13.894768793261829,0.5068987607955933
Gaia,DR3,5041119560468829568,18.63385745874099,-24.0315872747799,18.85847282409668,2.828378677368164,4.127971360234646,12.725921774355253,88.63477422043549,-1.9855093682581555,,,3.669422558849168,nan,,,1.0449331998825073,,None,-6.637130397998256,6.350791996894987,-3.836021802773407,0.27702978253364563,4.817723955331703,0.1661698967218399
Gaia,DR3,5065152655565020672,43.067266952326,-30.42930317494298,16.638824462890625,2.741396903991699,3.6106977280023904,14.009993809475164,85.65293200621032,-6.063482929873038,,,8.058011583686033,nan,,,1.1235390901565552,,None,-14.343967880522797,10.312126866909756,-10.710467936025417,0.052321165800094604,15.253567928567893,0.055876944214105606
Gaia,DR3,5065513840838938112,40.345932818485885,-30.766536090692483,18.04388427734375,2.6689319610595703,2.436860486267311,12.63368940614678,89.12024483361488,-5.7527384177249985,,,3.658555023613765,nan,,,0.9662364721298218,,None,-6.584195124526862,4.81349092624666,-7.548657638074462,0.11240456998348236,3.2003705970651373,0.12148287147283554
Gaia,DR3,5023055825670203008,23.367104497972267,-29.490454771800987,14.383208274841309,1.6463031768798828,4.947086679132327,11.729791140633381,67.57992881422318,-3.3774054319696,32.4967155456543,2.8782529830932617,3.994962149039337,nan,,,4.485082149505615,,Gaia_DR3,-7.307555118194432,6.427988557549741,-3.1438558803326426,0.13263250887393951,6.575977854305685,0.05587879940867424
Gaia,DR3,5062524410459354112,39.62003701206536,-33.52134933171336,17.8958797454834,2.738645553588867,4.5426633729512575,14.564478861119781,63.59959460453546,-5.955627310908892,,,4.293703309585622,nan,,,1.086085319519043,,None,-7.746744298477342,5.446317587167071,-9.038345668893205,0.06468283385038376,1.5426252183994893,0.107640840113163
Gaia,DR3,5025773955853557760,27.897746529668524,-26.114898294848153,13.902408599853516,1.6288108825683594,2.749121111658598,6.578355470481691,30.997264548105868,-3.539754609880532,-5.460419178009033,2.1868090629577637,5.6022471381518395,nan,,,1.0496869087219238,,Gaia_DR3,-10.291654180863503,8.875888048474945,-7.055648323410013,0.017253834754228592,9.139674848776734,0.01305391639471054
Gaia,DR3,5026160331111767296,17.67015341995917,-34.81741353638893,17.10151481628418,2.837553024291992,2.3756314401786773,18.90879196929522,77.69594688589052,-3.367588971767076,,,6.791171060571426,nan,,,1.0331965684890747,,None,-12.24509666723537,11.131542086650644,-11.18266659419472,0.06710390746593475,7.900676667017398,0.06123599037528038
Gaia,DR3,5006333177229340032,12.488525335438554,-33.94483034105587,19.119142532348633,3.477680206298828,3.868553143128646,21.707727048177677,80.61605739611748,-2.614141986766096,,,4.589249357782158,nan,,,1.003701090812683,,None,-8.09484832320257,7.984715099943824,-5.622570600294019,0.23143494129180908,5.174835868952533,0.3180992305278778
Gaia,DR3,5004151922254017664,9.349017171016131,-36.473607595908355,14.268939018249512,1.8829078674316406,3.6260538581733925,25.23245335700986,85.52708554801349,-2.6101958339490388,8.86584186553955,2.6039419174194336,5.483485058556713,nan,,,1.1097307205200195,,Gaia_DR3,-9.503267303693471,9.71024231836537,-12.469642431289492,0.013364408165216446,6.748769261373106,0.023207390680909157
Gaia,DR3,5068147347281412736,35.57461773816394,-29.312613906544968,14.589505195617676,2.0938291549682617,3.48303336611043,9.264917529550651,60.0228513232329,-4.968576062145743,12.532706260681152,2.7444913387298584,6.783747077670264,nan,,,1.0728039741516113,,Gaia_DR3,-12.37482420779938,9.632665511550977,-17.018507488837002,0.022581452503800392,7.830777418951568,0.021754106506705284
Gaia,DR3,5068983354076477696,40.34432022737488,-28.79555489728537,11.082721710205078,0.8255653381347656,3.8543533738633484,11.165928415414886,61.50910055508315,-5.534615191448689,56.71795654296875,0.23948602378368378,6.705327789321428,nan,,,1.2343621253967285,,Gaia_DR3,-12.067453272533776,9.09688008762879,-16.38964856451836,0.02188068814575672,5.779825381305964,0.024231700226664543
Gaia,DR3,5069128214733277312,39.125223384244315,-28.725101974395635,14.363373756408691,2.107851028442383,1.207061967103094,10.386233125296139,73.79874152043674,-5.367182756776648,19.587413787841797,1.5812381505966187,7.518556537250817,nan,,,1.0278520584106445,,Gaia_DR3,-13.587075871722694,10.349604954992342,-11.889157259455295,0.017299816012382507,9.467946361745266,0.01618208736181259
Gaia,DR3,5026942972936162560,17.484749220800193,-32.874089086777985,19.27972412109375,0.08257675170898438,4.3988267186396035,17.71184539265898,82.7121086694978,-3.078935240949347,,,4.049700720327238,nan,,,0.9810564517974854,,None,-7.297317594723962,6.74450509684372,-5.652984173281059,0.24671736359596252,3.368284593139526,0.21192944049835205
Gaia,DR3,5064890456403657472,43.65318170600668,-30.890798853007478,6.604877471923828,1.1444692611694336,4.937789799011837,14.693259953784814,54.51786361237467,-6.1861034044147445,-3.424713611602783,0.11509205400943756,5.730881568273169,nan,,,1.0822027921676636,,Gaia_DR3,-10.174288936850584,7.221246674825006,-8.650247454374806,0.011210874654352665,1.4537307136609239,0.01892748661339283
Gaia,DR3,5064461234552864000,42.71369472416121,-31.73757438078089,12.291132926940918,1.0313568115234375,4.398980151811756,14.700134178888415,50.91565110116837,-6.156090164936213,42.697166442871094,0.5555198788642883,5.131920586703262,nan,,,1.2255970239639282,,Gaia_DR3,-9.149496447920036,6.44559740330018,-4.952811279593552,0.008118154481053352,8.689856819572016,0.014907022006809711
Gaia,DR3,5005542353491282304,7.445452732091883,-34.47095484855011,19.358442306518555,3.2949581146240234,1.9983246549192648,25.598457951936414,89.19030770581756,-2.0915826748399997,,,4.951984390570594,nan,,,1.048263430595398,,None,-8.477080174939179,9.019388024706823,-9.747827168175059,0.20674414932727814,10.673789829202086,0.3036409616470337
Gaia,DR3,5052108805528423936,44.57861669046718,-32.83972352444439,9.8034029006958,0.5600652694702148,4.171465692314007,16.593307793285557,63.75339700134626,-6.4996271697825545,18.018112182617188,0.41215434670448303,4.540687603562828,nan,,,12.943734169006348,,Gaia_DR3,-8.025549964298706,5.446254482508825,-11.472652527446138,0.1448269784450531,7.461620865182408,0.2117781937122345
Gaia,DR3,5062205753952397312,39.823259737088684,-34.67777457590973,20.212135314941406,0.3777618408203125,2.395449653549447,15.655910334125142,88.99255514659426,-6.100708016037707,,,3.7906530705660026,nan,,,1.071570634841919,,None,-6.834428855536407,4.697337002354877,-8.671997673894591,0.3646397292613983,5.233609547641296,0.4762827754020691
Gaia,DR3,5063066504052375424,41.17331337217188,-32.39651566858615,16.322486877441406,2.368802070617676,2.4555072003457328,14.351114680563727,50.88423119799005,-6.0316826563467565,,,4.874410936789389,nan,,,1.0682311058044434,,None,-8.745397872552743,6.1745487119943645,-7.683408595971249,0.023684222251176834,3.885705226177798,0.04382859170436859
Gaia,DR3,5127802656316281728,42.03574482853291,-20.25255560473371,16.461393356323242,2.313387870788574,3.1489652415238933,9.49521841981824,78.19629510863818,-4.753369234203486,,,3.7213671627507527,nan,,,1.0123814344406128,,None,-6.653751865366475,5.569833741714601,-8.83988639792118,0.05069928616285324,4.419383795256458,0.060318753123283386
Gaia,DR3,5026759015193260160,19.47644693396016,-32.966124162271086,15.50340747833252,2.5658435821533203,3.3008318081253125,16.540173304165016,81.89931983832697,-3.3415511079551523,4.0698161125183105,4.584760665893555,7.483929887624077,nan,,,7.994568824768066,,Gaia_DR3,-13.570690687409837,12.200244484383196,-17.5039418545062,0.2255510687828064,8.787110768371033,0.21661564707756042
Gaia,DR3,5068803098593340416,39.35800769323608,-29.894000901487892,18.42029571533203,3.3730716705322266,1.0382433026478222,11.420389348536387,40.80510820691129,-5.5293463103313725,,,4.85487644890037,nan,,,0.9972614049911499,,None,-8.766828955429311,6.551657923802842,-9.783239775892362,0.15232272446155548,6.241784314414133,0.14582377672195435
Gaia,DR3,5028973805272866432,21.759727017232116,-30.62936609283052,18.973567962646484,3.213430404663086,4.061325805331614,13.515463381859856,48.69811154765302,-3.319326554131421,,,5.497399068785548,nan,,,1.0915478467941284,,None,-10.025331840731187,8.909367387860419,-7.264144598142638,0.16887713968753815,12.721041331492291,0.21644216775894165
Gaia,DR3,5069618459480334976,41.46052026731473,-27.044858632382404,15.588842391967773,2.448187828063965,4.374722616767087,10.811928546220493,82.39535035953813,-5.483275975479062,-12.96009635925293,6.2398858070373535,8.080195275925721,nan,,,1.1525883674621582,,Gaia_DR3,-14.480830402590772,11.116662320247398,-14.229982434779362,0.0358494408428669,3.669042777824501,0.03424236550927162
Gaia,DR3,5069251939855136768,39.364235951601515,-28.159046422170494,19.305639266967773,2.8611679077148438,4.619464440046075,10.108226843541292,73.03217426032975,-5.33394799064877,,,3.82424691969244,nan,,,0.9958378076553345,,None,-6.90560003877944,5.29315367163537,-9.887695967582253,0.28052961826324463,3.062345410476158,0.2684529721736908
Gaia,DR3,5008425307339225216,22.480538257476944,-40.178458887535385,19.946781158447266,2.8335208892822266,4.0075635464621415,21.110630841794716,73.30088613656635,-4.630985561140324,,,5.013004535813039,nan,,,1.0628629922866821,,None,-9.155316799756536,7.355194519179284,-5.1120412306725775,0.24253520369529724,8.615552804103705,0.3015853762626648
Gaia,DR3,5014296493272954368,19.24748394390275,-34.820177623219564,18.803598403930664,2.728729248046875,3.5163052372022605,18.020987509014514,88.3215201347288,-3.5616361938624967,,,3.9429658590770567,nan,,,1.012891173362732,,None,-7.1451068690053,6.350812979356611,-4.223254458379151,0.15864849090576172,6.275920362441966,0.16962061822414398
Gaia,DR3,5011470065491392384,23.32800626516835,-36.485306394172355,18.319507598876953,0.13821792602539062,3.0483119785080484,17.506116239284577,84.6709076967667,-4.276392097089608,,,7.579384090169688,nan,,,1.0677545070648193,,None,-13.86326064383752,11.452648621993932,-17.74935470128115,0.07792346179485321,8.51645130774902,0.08975125849246979
Gaia,DR3,5065258170026052352,43.02698824131457,-29.712921330281397,18.355722427368164,2.8378753662109375,4.510563328124788,13.517850051501947,65.49690906902191,-5.982006838409506,,,4.153054996703925,nan,,,1.115855097770691,,None,-7.39412825525883,5.3833913952915315,-4.0972914729948755,0.14420649409294128,7.557249242910513,0.14826847612857819
Gaia,DR3,5064865545593359360,43.509834391418096,-31.246726123861087,9.88070011138916,0.5983800888061523,3.959503124041892,14.840371168206094,59.353201629600186,-6.205082948942737,-7.700401306152344,0.24624717235565186,6.089354797005436,nan,,,1.0758638381958008,,Gaia_DR3,-10.817873514973595,7.637467411909576,-5.792177345160196,0.008968976326286793,8.397246537533812,0.01611662656068802
Gaia,DR3,5130564629525375872,37.290142195985865,-19.14846780499876,16.191083908081055,2.5551652908325195,1.8728423845690545,5.280591742703213,41.81943038375705,-3.9468561272195664,,,6.163503200183681,nan,,,1.0263921022415161,,None,-11.197982181004171,9.644384517508536,-12.463119152795008,0.04189823940396309,7.5656720278257845,0.04224298149347305
Gaia,DR3,5131182280182286464,35.107803123491045,-18.92538355740032,16.703197479248047,2.442136764526367,4.2706817352443665,3.4744940069321806,75.79289769973892,-3.606820123646271,,,3.6355417259641016,nan,,,1.052150011062622,,None,-6.6381675163714,5.782292931922782,-4.853060104843163,0.05663703382015228,8.525738755945135,0.05332283303141594
Gaia,DR3,5063276029735929216,37.687057260979294,-33.23573182680003,17.01139259338379,2.5397748947143555,1.8377437438288255,13.580725400571943,76.59805129779569,-5.683496430332395,,,3.9152832632970855,nan,,,1.0483490228652954,,None,-7.105786817766095,5.121788946036919,-5.673796999861018,0.02562273107469082,5.6219942234108595,0.05454348400235176
Gaia,DR3,5069735213871192192,39.47334900748927,-27.36264454350007,15.615457534790039,2.542099952697754,4.215474088791886,9.620006652848728,64.05694633800218,-5.256709778507433,-40.59145736694336,10.12567138671875,6.982481620217002,nan,,,1.0943565368652344,,Gaia_DR3,-12.604026018106548,9.761712221262338,-6.6738779327814495,0.03381606191396713,11.588290403194573,0.0366075374186039
Gaia,DR3,5076180512377411584,43.717821114104666,-25.2000264393371,19.481430053710938,3.084787368774414,4.153425199513722,11.77761850381566,57.233266306291455,-5.571898750871692,,,6.393417639814997,nan,,,1.0418989658355713,,None,-11.347100319548149,8.838225711279863,-6.841763616782318,0.22739548981189728,12.160760834058774,0.3085939288139343
Gaia,DR3,5072697641793636992,43.08946237021946,-26.48646749983041,15.09076976776123,2.2753801345825195,3.4523378931059816,11.778634502825794,57.70523910706236,-5.634914178525575,4.00281286239624,4.901791572570801,6.420918535668509,nan,,,1.0622202157974243,,Gaia_DR3,-11.428666591803944,8.760387197590173,-16.040175819332774,0.023701179772615433,9.51637215838863,0.02484704554080963
Gaia,DR3,5018049130754539392,29.670194814164876,-32.18553390802756,15.326197624206543,2.121530532836914,4.652746645548626,11.69581120297636,43.2452740831177,-4.542192149402585,23.843027114868164,7.372090816497803,5.502055052537587,nan,,,1.037119746208191,,Gaia_DR3,-10.107338120317813,8.067216784364458,-13.784121479248359,0.02797572687268257,12.017568924071393,0.025181017816066742
Gaia,DR3,5016922333198366592,22.670793585493513,-30.819506803107952,18.065465927124023,3.0104618072509766,3.216125752394208,13.118345041001973,50.35801713345138,-3.4629660978524512,,,5.751267023835861,nan,,,1.0618585348129272,,None,-10.507381118195944,9.22185873596561,-14.405461058046754,0.08397230505943298,9.123888648649167,0.06683706492185593
Gaia,DR3,5066808520076807808,37.52389335148723,-31.029495241167133,17.59587287902832,2.5898494720458984,1.9934633668298216,11.528193313808067,40.12129316653897,-5.419557091255581,,,5.049071540554161,nan,,,1.072927713394165,,None,-9.16755426017182,6.846554402154969,-7.450994522766048,0.08739957213401794,5.599319173498397,0.09181977808475494
Gaia,DR3,5135178798790860288,29.00935169389362,-21.4014431438472,16.242874145507812,2.139894485473633,2.1210800648980395,2.8058012687103204,24.558586717105882,-3.067941472874063,,,4.48654458310355,nan,,,1.4115608930587769,,None,-8.242834251103325,7.301127835862355,-10.243068897218095,0.06411296129226685,7.147365780808661,0.05468655750155449
Gaia,DR3,5135944058883878016,29.02028777181818,-21.07842858738374,15.139480590820312,1.8962717056274414,2.803728078972719,2.731248926137437,43.52210525899593,-3.025953129827852,1.0648937225341797,10.086652755737305,4.117752830432692,nan,,,2.030679941177368,,Gaia_DR3,-7.56527033327842,6.715376827367107,-6.47794081118682,0.056186493486166,4.537954608003101,0.03818151354789734
Gaia,DR3,5119927301203373824,35.62320998204138,-24.148111217815476,16.721040725708008,2.73468017578125,2.8345537693440526,4.892665091251634,48.586197652884316,-4.3491763463542314,,,6.476052690690706,nan,,,0.9368530511856079,,None,-11.81232641667015,9.765317262462435,-14.222441147252187,0.052365366369485855,12.792948603605193,0.05929556488990784
Gaia,DR3,5121110203915310464,30.457506897189024,-25.213733889590046,19.505502700805664,2.6788291931152344,1.3865348007526046,4.743994714937161,68.46275132369402,-3.77318774885505,,,3.7544007056624595,nan,,,1.1392462253570557,,None,-6.894681986305821,5.860355690703232,-5.9053917592163705,0.351043701171875,6.335307401106126,0.28673216700553894
Gaia,DR3,5035298436673753856,23.13829477700554,-28.21675551269797,19.230432510375977,2.821531295776367,1.5433233799198902,10.984797606695425,78.93540399200971,-3.1765155024735225,,,3.7593292900845077,nan,,,0.9404494166374207,,None,-6.873901201531557,6.1198727677441855,-7.939514616889044,0.3279394805431366,5.519524074777252,0.1437019407749176
Gaia,DR3,5036743439766619904,22.542528802028468,-26.740647977910204,16.787723541259766,2.729175567626953,1.4193372483051823,10.505918746866884,39.66745074669797,-2.896220542554902,,,5.497094688208501,nan,,,1.0454152822494507,,None,-10.040601992325024,9.087729238520549,-8.609789443873684,0.09162858873605728,8.276492233004562,0.04081704095005989
Gaia,DR3,5076453328699884672,43.384067383034505,-24.51644145536692,18.21636390686035,2.860553741455078,4.6737869029900425,11.268684262629465,88.02949336178003,-5.4486940114527656,,,3.628839829239128,nan,,,1.1090022325515747,,None,-6.4504303936981735,5.082598356852691,-5.762818642712543,0.11451144516468048,1.5739128209544808,0.1379314810037613
Gaia,DR3,5078163485895378432,44.06487654707359,-23.483971531826963,10.020028114318848,0.6660842895507812,2.1415422095047236,11.608351866885734,81.32987263086272,-5.4198585457594035,2.336595296859741,0.23103472590446472,3.743636131280511,nan,,,1.018357515335083,,Gaia_DR3,-6.6333507318601415,5.288607318273513,-6.666930493817327,0.01196983177214861,6.978370486283963,0.01501957606524229
Gaia,DR3,5037437055509222528,25.891501312407126,-26.3127287117946,16.121599197387695,2.4825973510742188,2.567120579469321,7.896183543090109,33.40970320158994,-3.2924526081150014,,,5.560703743535022,nan,,,8.165912628173828,,None,-10.203837141094397,8.95416270324462,-9.452257302828352,0.4463975727558136,6.040214974732242,0.2297828495502472
Gaia,DR3,5038409234242366208,23.95727821771184,-25.72658359777431,18.673049926757812,,4.678252917453024,8.88866296795725,40.43738643841941,-2.9499154472036113,,,5.805727887413316,nan,,,1.0269170999526978,,None,-10.629512766953239,9.545429103047578,-5.106611955939684,0.24462178349494934,11.055950231776569,0.13382545113563538
Gaia,DR3,5014128478448293888,17.955831757778267,-35.131816654203504,17.59098243713379,2.667388916015625,2.4723969222892572,18.968265580453377,69.72576899221447,-3.4450471976140977,,,4.663966908683511,nan,,,1.0339053869247437,,None,-8.417651358683614,7.602363088316032,-9.058206426759526,0.06732240319252014,5.257388453855953,0.08028141409158707
Gaia,DR3,5014777877503733760,22.327785589972223,-35.343160290090445,16.93832015991211,2.83123779296875,3.3520882392166604,16.921693192429,60.99132373446229,-4.009403044683363,,,5.736518954820667,nan,,,1.0645232200622559,,None,-10.473581506604074,8.875325616583503,-14.389096305990723,0.03311163932085037,7.82580269426278,0.042202264070510864
Gaia,DR3,5015836982077558656,23.279205907074957,-32.09288920051744,19.009620666503906,,3.294352049711662,13.786833561608407,47.81733030375769,-3.7089842986358934,,,5.155009538822563,nan,,,0.9910017848014832,,None,-9.428134376637995,8.126899978811549,-11.543385410863017,0.5035754442214966,11.01525093688976,0.8641328811645508
Gaia,DR3,5018887370931353088,29.40178735212571,-31.357212301863665,15.556504249572754,2.3451929092407227,4.477603094646971,10.929017699461214,64.33441780938286,-4.4063995298209235,45.0698356628418,10.088688850402832,4.0182084672108855,nan,,,1.0672423839569092,,Gaia_DR3,-7.381977325263987,5.964611322951397,-3.8549923991368553,0.041458480060100555,4.569500741112575,0.02689516171813011
Gaia,DR3,5020270762717447296,32.12109693618956,-29.61063058873773,10.473517417907715,0.8188972473144531,2.72980976519103,8.950838358552017,55.62267861195362,-4.548997840865404,25.879478454589844,0.2829526960849762,6.572998291879088,nan,,,0.9358454942703247,,Gaia_DR3,-12.055215178369357,9.655624408510437,-9.987379883227788,0.013069137930870056,6.4883055715837905,0.012274143286049366
Gaia,DR3,5075745453666408320,43.50433927155063,-25.91576863893809,14.112351417541504,1.6211414337158203,3.8279643387972957,11.868073954222327,47.70698480444683,-5.625115165519102,14.938965797424316,2.1429121494293213,4.539640579080497,nan,,,0.9805300235748291,,Gaia_DR3,-8.064975856054803,6.221557554879318,-4.710944097862974,0.014802123419940472,7.694901740622607,0.017226001247763634
Gaia,DR3,5139575157379069312,25.842306956765714,-19.26831144754342,18.261669158935547,3.03338623046875,3.0978144966021155,5.86955886892283,24.479879430738176,-2.3244011351282934,,,4.696541771456257,nan,,,0.9732567071914673,,None,-8.617737409158238,7.908034517953068,-5.933792407077757,0.15107201039791107,6.4236456362212655,0.126615971326828
Gaia,DR3,5123187387539378432,33.21033847204097,-23.195249830857858,17.55989646911621,2.458158493041992,1.8252197682198277,2.8061950668414015,61.054764249003085,-3.894251589201475,,,3.836730521346176,nan,,,0.9861284494400024,,None,-7.027578150280178,5.9595270586249995,-8.23953908010946,0.08334509283304214,5.116589553681674,0.08452031761407852
Gaia,DR3,5123272634050342656,33.58697952029811,-23.151244988679373,15.45742130279541,2.716808319091797,0.5972919878857138,2.9359415000293123,79.63671744410922,-3.941063119608902,2.513150453567505,5.283106803894043,8.238232075777264,nan,,,1.7676913738250732,,Gaia_DR3,-15.081537123580624,12.762508553125684,-14.891240629677238,0.048695966601371765,11.742794671256139,0.049127247184515
Gaia,DR3,5071355206815730944,44.27329897616481,-28.972755262304283,15.679311752319336,2.248959541320801,2.80417910679285,13.948553622861157,54.59335594970618,-6.062283413927184,,,5.904228836763379,nan,,,1.0134012699127197,,None,-10.451205822768845,7.6385105154341915,-10.526805744052961,0.03395406901836395,11.127971429870067,0.03996093571186066
Gaia,DR3,5038170021743792256,26.47886353874574,-24.604886696723938,19.119876861572266,2.8886032104492188,2.104228192188135,6.375796933491826,75.11129516275314,-3.144588507790434,,,3.688540072944537,nan,,,0.9890353679656982,,None,-6.771527901262827,5.984313948090541,-6.403780837297182,0.22961242496967316,4.389967557505649,0.1637212336063385
Gaia,DR3,5039404910740836736,25.13061826198638,-23.13199966270981,18.432132720947266,3.1076793670654297,1.3880883538810918,6.7560458060538044,72.90248958417055,-2.757644788346812,,,7.677540103557521,nan,,,0.9714460372924805,,None,-14.07767067900486,12.71311062813008,-12.716030182236816,0.1644345372915268,10.926141879133384,0.12470350414514542
Gaia,DR3,5118298988907243776,33.37018669361359,-25.157767414499947,18.942480087280273,3.1658496856689453,3.610555588803798,4.692868972314094,70.78144961909399,-4.1660523737183555,,,3.720250508345979,nan,,,1.1158109903335571,,None,-6.812712737254264,5.662470339976733,-4.09438831581007,0.25374796986579895,4.869451669694512,0.2162960320711136
Gaia,DR3,5039404910741399936,25.12961885846366,-23.13128296716245,15.985177040100098,2.527155876159668,1.5612256113327463,6.75666176100712,75.3594468876741,-2.7574071708774857,,,7.8333907667514024,nan,,,1.0361281633377075,,None,-14.363425365811505,12.971336563691722,-12.268308583226581,0.05407288670539856,11.468905267896302,0.0392671637237072
Gaia,DR3,5040089356728956032,19.726682781100124,-24.723915586849024,17.70734214782715,2.8636550903320312,2.446014454566201,11.944554661227723,88.40570137430967,-2.233295319480114,,,3.6453210917951253,nan,,,1.0187772512435913,,None,-6.614743960411873,6.237484203742614,-6.3553547583374215,0.14882275462150574,4.375778032925449,0.08285631984472275
Gaia,DR3,5022328013397403776,27.396007869302583,-29.81783442303497,19.654993057250977,3.094991683959961,4.535617937658914,10.021802335603725,65.45442914475417,-3.9512617863871915,,,7.032727237919067,nan,,,1.0605512857437134,,None,-12.917377130935598,10.836097553789052,-9.214264037107302,0.48329195380210876,5.223246786338704,0.30989712476730347
Gaia,DR3,5022646429388199936,23.879028903849065,-31.17154385183225,16.52833366394043,2.7474870681762695,3.9259712837296146,12.741755768740973,73.623745865371,-3.666032101226465,,,7.308040075822229,nan,,,1.094974398612976,,None,-13.378505491686573,11.539156098036985,-9.223501820868671,0.036603786051273346,7.14382993650543,0.03488878160715103
Gaia,DR3,5022994459178675328,22.970436516495084,-30.16072966269354,9.72159194946289,0.5890893936157227,1.241219188253706,12.455588881887879,44.969879915310635,-3.4145151342565163,20.265846252441406,0.2689005136489868,5.445108678395572,nan,,,1.1309906244277954,,Gaia_DR3,-9.953432286891147,8.749960286355318,-11.374271159286911,0.022154666483402252,8.855796085182327,0.01083038654178381
Gaia,DR3,5022646429388199680,23.87624888065446,-31.171739329570357,15.635639190673828,2.468017578125,3.989114662649429,12.743323024420748,75.74208475602158,-3.665697363458519,15.736848831176758,2.9811251163482666,7.451095557172916,nan,,,1.00543212890625,,Gaia_DR3,-13.64033456482898,11.765358932341838,-9.199968869542316,0.023413019254803658,7.3443331177689934,0.022772911936044693
Gaia,DR3,5021023511570299520,30.671929038193454,-29.528282729186913,12.3984956741333,1.1201095581054688,3.09473530486355,8.936722263295119,42.473782382094896,-4.347522595559884,-8.781072616577148,0.9519320130348206,5.90575139134748,nan,,,0.9842133522033691,,Gaia_DR3,-10.844184756708009,8.818693300657266,-6.997392268013741,0.014636281877756119,9.035901018254762,0.011639898642897606
Gaia,DR3,5078163485895377664,44.066862982009,-23.479449209269404,16.193618774414062,2.256610870361328,1.6728654514429435,11.60921816758259,79.9666362545311,-5.419597053390831,,,3.765869951348768,nan,,,1.0614994764328003,,None,-6.672683434651757,5.320264522103849,-6.9561862578656015,0.035372935235500336,6.617711648072182,0.039952173829078674
Gaia,DR3,5079168680040290048,43.63479571931696,-22.047249025504737,15.912674903869629,2.127941131591797,1.2650554194403507,11.005235226876579,84.30727418027291,-5.191746277221522,,,3.6759760327320024,nan,,,1.0661532878875732,,None,-6.526681274957125,5.315139794513323,-6.981740579888138,0.03667561337351799,4.446823367987908,0.045142944902181625
Gaia,DR3,5125890536875687168,41.03689008590823,-22.068794323069202,19.211688995361328,,2.274782103201176,8.614600279180467,38.84106002978724,-4.838642998609486,,,4.485001123491941,nan,,,1.0350855588912964,,None,-8.050942862930103,6.619501823410097,-10.136512851013553,0.22844715416431427,7.1450519813953095,0.3178369104862213
Gaia,DR3,5078102218184382336,44.505020840552746,-23.670481612084178,18.42515754699707,2.9156246185302734,4.233798529672326,12.041495334470325,47.64344659695283,-5.500663799150704,,,4.566848904837071,nan,,,1.0738768577575684,,None,-8.074724797463976,6.409592958910126,-10.216793861798255,0.11077431589365005,2.941795472879712,0.14117194712162018
Gaia,DR3,5040988482361884544,17.721655410950863,-24.746244381609262,12.242488861083984,,4.619484711407809,13.701811432829865,61.53516661348636,-1.9638922780709462,1.6939432621002197,1.0552629232406616,6.417832628362823,nan,,,1.2486149072647095,,Gaia_DR3,-11.57396343776745,11.150416297514713,-17.584124884524403,0.02187317982316017,9.435995602448406,0.02158074453473091
Gaia,DR3,5119056659792268288,38.99722672419997,-24.929025085345764,19.49264907836914,3.007354736328125,2.764248653724254,7.80188538236611,48.793771792330205,-4.90602753761789,,,6.31807536104442,nan,,,1.0218456983566284,,None,-11.42228716539557,9.162356499497912,-15.012136981655056,0.2984948456287384,8.344925137547262,0.42797237634658813
Gaia,DR3,5119985300441665024,34.63015755168586,-23.873373475174066,17.55978012084961,2.84686279296875,4.194236815490845,4.080682132157592,78.97927839920023,-4.177672119569765,,,3.5998512603390473,nan,,,1.0352153778076172,,None,-6.57888974485229,5.49013746945983,-3.5337870572886025,0.07635178416967392,6.4166759295517535,0.08074916899204254
Gaia,DR3,5118275800378610816,33.387425501141536,-25.437384344147105,16.89784049987793,2.852187156677246,4.119856660608215,4.9653207470826235,75.15097410344633,-4.203573702913141,,,7.889588597960183,nan,,,1.0731114149093628,,None,-14.447464638342087,11.972634554400857,-19.870575957551402,0.057485077530145645,16.16095404261821,0.05742771923542023
Gaia,DR3,5120596766345705472,31.046510525186573,-27.073886689666466,17.37001609802246,2.844980239868164,1.6963935186680266,6.46031079888734,26.76382989452878,-4.091062086097175,,,4.678901792213344,nan,,,2.7673017978668213,,None,-8.589353032466663,7.138505019991355,-8.016085260016185,0.24544885754585266,5.566518177949318,0.19287066161632538
Gaia,DR3,5120044433551476480,36.597007477688116,-24.2939658124719,17.69751739501953,2.624876022338867,2.9001653716950546,5.651978863519072,54.3463830758618,-4.50115926986212,,,3.9956562866985,nan,,,1.0871795415878296,,None,-7.272069238224082,5.964839614824307,-5.143471664715218,0.08361046016216278,4.766200093730321,0.09362553805112839
Gaia,DR3,5119806664161863040,34.50931435504228,-24.639948108495712,10.804730415344238,0.9291219711303711,0.8503295745055286,4.645398946400349,65.94834997030709,-4.257413099667998,7.455007076263428,2.3360207080841064,7.350505198992579,nan,,,13.157371520996094,,Gaia_DR3,-13.436272824122204,11.134408425197616,-13.338713978489633,0.12359823286533356,9.82038805406619,0.1291157752275467
Gaia,DR3,5121366695067805952,33.4032475125685,-24.32425011751923,17.744718551635742,2.667612075805664,2.481966509642696,3.913796837720045,48.99259330118037,-4.065213936469309,,,4.0454423069139045,nan,,,1.098872184753418,,None,-7.407872894519711,6.20674028070302,-7.49609635351038,0.10306334495544434,4.091909265931811,0.09957091510295868
Gaia,DR3,5122229781631124224,29.027672231107925,-24.04716231218232,16.983217239379883,2.334932327270508,4.79201588935689,4.308013117428816,15.509195887869158,-3.4233096071271563,,,5.091940607341095,nan,,,0.979529619216919,,None,-9.355073973103666,8.124144268181508,-12.756893509272944,0.07896976917982101,4.26572799339347,0.07132113724946976
Gaia,DR3,5043884179377953024,21.79417115525257,-20.282587311786727,19.713716506958008,2.8379745483398438,4.431837219610732,9.48220147243902,33.181495067432124,-1.8903793001021865,,,4.979433012722415,nan,,,1.0233206748962402,,None,-9.081409465450484,8.56302672461269,-10.628267442019993,0.3931686282157898,4.175560602109375,0.34688735008239746
Gaia,DR3,5020733691472432384,29.327038249753205,-29.828909927811452,13.666571617126465,1.3089447021484375,3.474813434450148,9.458865217998781,81.83129542823082,-4.207300561625271,3.378743886947632,1.6715360879898071,3.6658559365411025,nan,,,0.9807502031326294,,Gaia_DR3,-6.734755639334093,5.534896369562042,-4.403512052148221,0.016088079661130905,6.8676822328460645,0.01248176023364067
Gaia,DR3,5022284724422120576,27.619419170392916,-29.809295564790983,14.562763214111328,1.580331802368164,4.760190003374817,9.933696049325706,86.22697564903453,-3.9796333627940275,17.689668655395508,4.006937026977539,3.615476260226966,nan,,,1.0608242750167847,,Gaia_DR3,-6.6412895085805586,5.558338766488789,-8.709936446432625,0.02528485283255577,8.538929699948344,0.015560873784124851
Gaia,DR3,5023394024279508224,26.521958680284268,-28.593795602277087,11.703428268432617,0.8463668823242188,3.664127452641163,9.318390179459504,41.96508649284279,-3.6777283413295225,15.649781227111816,0.4427337944507599,4.453556752326325,nan,,,0.9752973914146423,,Gaia_DR3,-8.176207672596469,6.999527238375432,-9.283271330334216,0.015733378008008003,10.256608505434105,0.010279356501996517
Gaia,DR3,5117071830850517760,34.38492771404641,-26.730107795831515,18.48042106628418,3.5340442657470703,3.782539527668737,6.477313306158613,88.8109927751494,-4.499674901578729,,,8.81367710654683,nan,,,1.0042508840560913,,None,-16.11435916262971,13.068948030032168,-9.118701954272847,0.1657836139202118,13.742447924048506,0.17701050639152527
Gaia,DR3,5117177177808653184,34.72473151802103,-26.423196865935672,17.67376136779785,-0.14845657348632812,4.598633297589736,6.312435150837628,76.97105854039003,-4.50797661371545,,,7.957945111218234,nan,,,0.9778190851211548,,None,-14.541004094010283,11.801971195112985,-21.012124816028233,0.10510186105966568,7.601764446174206,0.09391380846500397
Gaia,DR3,5122887873700419328,34.05352939866613,-24.035235899028976,15.254501342773438,2.3431015014648438,3.2507961367178315,3.9129890004109233,61.17793640638589,-4.1184100570262085,3.9764492511749268,4.96238899230957,7.116145620844915,nan,,,1.0290586948394775,,Gaia_DR3,-13.017926834736897,10.888417869083744,-13.364670606440654,0.02935405820608139,6.02406251207289,0.027504796162247658
Gaia,DR3,5123873757673216512,35.69961296327607,-21.523513807537576,12.864977836608887,1.3482818603515625,3.0782115403420414,3.6398209753021034,36.84638798725856,-4.028009467621814,-0.39345213770866394,1.2477412223815918,6.0372006343170534,nan,,,1.0247581005096436,,Gaia_DR3,-11.010076610247687,9.342265560814962,-14.652847438498103,0.012892516329884529,7.900674691751644,0.014056951738893986
Gaia,DR3,5050199641025213184,40.92315878068922,-34.64098828450626,13.102072715759277,1.205216407775879,3.415545267531188,16.079850776311403,55.67763711611682,-6.2316616288180775,-30.95594024658203,1.1116875410079956,5.094775995888166,nan,,,0.9140816926956177,,Gaia_DR3,-9.149478664663306,6.217559625262324,-11.246692250644113,0.007902432233095169,9.22735015901008,0.010496575385332108
Gaia,DR3,5023516898999888384,24.606643137850927,-28.797184376000416,11.571195602416992,1.0398483276367188,4.37196399182621,10.490312120788838,37.052684351957176,-3.449416878483302,-5.545318603515625,2.9677717685699463,4.91430292996441,nan,,,1.7028816938400269,,Gaia_DR3,-9.00538085681476,7.855246876298375,-6.107997165677711,0.04180409386754036,4.37392450588889,0.019942859187722206
Gaia,DR3,5030356303705287296,19.261687468903663,-28.310642422869986,16.74858283996582,2.511967658996582,2.5732214865149197,13.80474914231825,66.36792195324067,-2.6749429044131254,,,6.717897749101557,nan,,,0.9980520606040955,,None,-12.17410612936989,11.321328366245558,-12.168348184076692,0.07506930083036423,14.96552098983672,0.04636809229850769
Gaia,DR3,5027726551066470016,16.863911184837075,-32.447868059177445,14.239605903625488,1.9825506210327148,3.407328836919467,17.852181018625508,61.5059941557558,-2.9420977275908466,12.12365436553955,2.0980207920074463,5.25498437551051,nan,,,6.843826770782471,,Gaia_DR3,-9.448197702104228,8.831962163975467,-8.928726704013641,0.364467054605484,12.570697100779354,0.30121588706970215
Gaia,DR3,5121421915462573824,32.95320868283626,-24.345164164403517,8.837044715881348,0.44763660430908203,1.5103406551884764,3.807456832194185,16.985806822782205,-4.005729104732843,-11.79886531829834,14.12181568145752,5.273176506843888,nan,,,1.04866623878479,,Gaia_DR3,-9.661949887582393,8.120022008434148,-8.627548075751172,0.019719712436199188,6.797563710289194,0.019185276702046394
Gaia,DR3,5121893429857147904,30.270709145546682,-24.68796711960356,18.97321891784668,3.0002918243408203,3.2053030419269373,4.30044247094904,56.040618844669844,-3.6793399268226055,,,3.936412308046093,nan,,,1.0105901956558228,,None,-7.229602548884351,6.182799519064856,-6.578581086979238,0.2719944417476654,3.6038272095839465,0.19753269851207733
Gaia,DR3,5133400854128920064,38.011161279788084,-16.86698887643722,17.474510192871094,2.6468868255615234,2.7792272631272383,6.9110569292219655,48.228341605218965,-3.752057180439696,,,4.150861797808771,nan,,,1.049593448638916,,None,-7.526502738834493,6.600009687823795,-8.390298286185843,0.09379152953624725,4.326639751049917,0.0925317108631134
Gaia,DR3,5053002090008474880,44.71704409288753,-30.44316341257293,19.378019332885742,3.252595901489258,4.827461207637032,15.117670336931184,77.32879637887535,-6.273629422166216,,,7.313323009610927,nan,,,1.081228494644165,,None,-12.917213157121655,9.167652888874372,-8.674976692599047,0.16392652690410614,3.052444805940951,0.256646066904068
Gaia,DR3,5062900340357748480,40.22127094651023,-33.27381386131966,17.910308837890625,3.167306900024414,1.2749590549528091,14.612651479518107,63.73484983215595,-6.004552017083743,,,6.435237022472759,nan,,,2.4321420192718506,,None,-11.5864582021565,8.130808456769204,-10.586364124936633,0.15907756984233856,6.719632918133867,0.23662643134593964
Gaia,DR3,5125890536876966656,41.036528372148965,-22.06898886984844,16.3300838470459,2.3460254669189453,2.1835359251664777,8.614294211733094,44.35935530098235,-4.83861696979131,,,4.32923582038157,nan,,,1.009320855140686,,None,-7.771342134884042,6.389608162283547,-9.453197899823568,0.036956265568733215,7.458531922701668,0.04844050481915474
Gaia,DR3,5127200639340887040,38.63814158583127,-20.31016448969669,15.65414810180664,2.494274139404297,3.55383783529943,6.312768045781465,58.26165057866636,-4.286108217839698,,,6.873842479146942,nan,,,1.0675528049468994,,None,-12.440898362569051,10.535857143090716,-13.812939575929267,0.032106444239616394,5.572217924112508,0.0323248989880085
Gaia,DR3,5124656506872962176,33.91535744897928,-20.920722707997268,17.435670852661133,2.8888607025146484,3.3601061704042956,1.8933188407073158,48.61498424616122,-3.698700795366488,,,6.563874162107197,nan,,,0.9579792022705078,,None,-12.010288456222018,10.34872234885528,-8.186224341271567,0.08401516824960709,12.993380162319577,0.08663055300712585
Gaia,DR3,5127492559677788288,42.909412985450565,-21.222588100769908,17.609418869018555,2.579631805419922,2.630116106685383,10.28680260311901,74.60038641725984,-4.9930616613378636,,,3.804743291403624,nan,,,0.9768255352973938,,None,-6.777518102030319,5.5917395270773005,-8.860913665018574,0.13137438893318176,5.922949913351538,0.11715015769004822
Gaia,DR3,5064488241307194240,43.3004085423559,-31.377642231895862,14.487483024597168,2.092562675476074,4.353139117798568,14.799526343321064,74.92072456234295,-6.192359024283322,-36.05663299560547,4.917392730712891,7.178191302532735,nan,,,1.0506024360656738,,Gaia_DR3,-12.764422260323421,9.00591036807798,-19.13178281287442,0.02089727483689785,7.31785563629303,0.038667354732751846
Gaia,DR3,5026320928529113728,15.884354603631413,-34.65358922934928,15.561650276184082,2.0298566818237305,4.053782225743043,19.877456457171114,89.65466979316814,-3.1269121697496196,,,4.051078256550926,nan,,,1.0298984050750732,,None,-7.256391921675034,6.777441870920747,-7.652195941740901,0.03033277951180935,10.216703900375059,0.027018919587135315
Gaia,DR3,5033931090885411200,15.413587583447027,-28.078646841645703,19.633991241455078,0.5656967163085938,2.191805406044563,16.733363818256862,84.04759896489162,-2.1367511707385645,,,7.6294688626691265,nan,,,0.9600883722305298,,None,-13.64001396585426,13.309170966621933,-15.086770656670808,0.33210480213165283,16.523848275491545,0.48589035868644714
Gaia,DR3,5031726093330929024,12.494807891801711,-30.80885060267164,15.630533218383789,2.3921022415161133,2.8421194143403157,20.171660591246432,78.67081020931815,-2.1598107994365847,,,6.628858879676955,nan,,,0.9708738923072815,,None,-11.692831980713436,11.715427792855836,-8.783275786093569,0.03366972878575325,9.011987277677244,0.04006247967481613
Gaia,DR3,5029680623746407808,17.669109652277616,-30.46647458767505,18.916872024536133,3.0203933715820312,4.060364174741367,16.134141405801252,80.18037370982093,-2.7682616168230973,,,3.9944881515562334,nan,,,1.0387743711471558,,None,-7.20239835337413,6.743920414378506,-3.9024297284002003,0.16059871017932892,7.6387695526213735,0.14779768884181976
Gaia,DR3,5031359406203730560,16.32516977889334,-29.47798999364612,13.480411529541016,1.279088020324707,3.800327676512302,16.616465385868747,83.17531323553526,-2.455660006888582,0.8584789037704468,1.2688713073730469,3.9609463142989685,nan,,,1.1093932390213013,,Gaia_DR3,-7.107189495634372,6.8084389263778275,-8.23596426177583,0.013435684144496918,3.8426829284889226,0.013575552962720394
Gaia,DR3,5124085722899200000,32.526743077225184,-22.423845788770794,17.005638122558594,2.611448287963867,3.1807293236427245,1.853267010596156,18.26279753813032,-3.69896056952264,,,4.595881231132049,nan,,,1.0850168466567993,,None,-8.42534108449534,7.227214229821086,-11.43040341247581,0.07252699881792068,6.544337622233907,0.07152844220399857
Gaia,DR3,5123907670734936704,34.846333683100475,-21.454277551026344,14.41978931427002,1.8700313568115234,4.837622095811982,2.853199090929352,16.126992262911052,-3.8992094068059258,11.877097129821777,2.9280292987823486,5.327429500525851,nan,,,1.0200250148773193,,Gaia_DR3,-9.732255425529655,8.302362485103608,-4.444841029068455,0.017453143373131752,7.052999269907451,0.01894334703683853
Gaia,DR3,5156885632224080768,42.74507446144389,-15.52499938688937,16.450883865356445,2.5382909774780273,3.4316069207211672,11.504543206537688,58.001286277656945,-4.253384963329069,,,4.191490793505119,nan,,,0.993272602558136,,None,-7.471821895754427,6.5737295013064365,-6.723830310514343,0.05807797610759735,3.6352392494624417,0.056338343769311905
Gaia,DR3,5134540119974138496,28.17517821347588,-23.01424768289258,15.966015815734863,2.6570234298706055,3.2209938200196064,4.18856636244462,38.83805229884272,-3.167139024540591,,,6.093252177801497,nan,,,1.3262466192245483,,None,-11.194321600942207,9.864589642918672,-12.89374977895088,0.05456903949379921,6.0922897229379585,0.041425105184316635
Gaia,DR3,5123307401809988096,34.049630505905284,-22.81156059992369,16.056629180908203,2.496853828430176,4.000277703692786,2.9280991183479075,46.86858819477147,-3.9620266821247663,,,6.467333597111808,nan,,,1.0489500761032104,,None,-11.831096921214774,10.01371534222444,-15.570595752864987,0.03907715156674385,6.043688763589402,0.037650685757398605
Gaia,DR3,5123346743710468608,33.64634535389016,-22.74495412205723,19.342679977416992,2.7833690643310547,2.9842793467586297,2.635149879139763,49.72811514218209,-3.8971806303214533,,,4.011671275852469,nan,,,1.0866142511367798,,None,-7.343422338694838,6.235354633034456,-5.579121727245502,0.3016785979270935,8.040027605984905,0.3203119933605194
Gaia,DR3,5067178230861345152,38.385032882135015,-30.489355121984413,15.196625709533691,2.482375144958496,4.848155913825651,11.42598600410615,72.19209774186035,-5.470060645311706,13.067087173461914,3.8594300746917725,7.332668284488805,nan,,,1.0141490697860718,,Gaia_DR3,-13.281426517097294,9.920297492534303,-14.90447538914798,0.027476953342556953,2.603881177100961,0.024428103119134903
Gaia,DR3,5066296766133187072,41.555054993503354,-28.861429236527247,16.796985626220703,1.8279685974121094,3.8854334220525026,11.987792729510737,85.089204617634,-5.699537145939404,,,3.697782967424148,nan,,,3.797414541244507,,None,-6.624461971410265,4.943957402041498,-8.98342961462394,0.20349369943141937,3.044228806294969,0.23597033321857452
Gaia,DR3,5127239878161730048,39.28930074181049,-20.25482423250319,17.068578720092773,2.6975278854370117,1.5810623891135995,6.926012268206434,34.79369432120598,-4.37047343886632,,,5.742213831625802,nan,,,1.0699965953826904,,None,-10.371487579416446,8.765519306901009,-10.079304013893552,0.06847526878118515,6.874051806700892,0.0698486790060997
Gaia,DR3,5128342134272827520,43.764373090032976,-19.304645641442132,11.45988655090332,0.7360391616821289,3.374015996931782,11.221123945485953,79.9588622330997,-4.875785698671228,-7.770274639129639,0.6559604406356812,3.7514312431245065,nan,,,0.8102715015411377,,Gaia_DR3,-6.656627185210141,5.609640975345034,-8.331531137684365,0.024804899469017982,3.5324921523308475,0.019641553983092308
Gaia,DR3,5130244117590560640,37.7751046115804,-20.133558845310688,17.899456024169922,2.6602401733398438,4.752642019776081,5.523127299800776,86.35853012625417,-4.142198926518453,,,3.5228588696634096,nan,,,1.0579721927642822,,None,-6.3920269276366835,5.442541662187264,-3.9500082581957336,0.10583455115556717,7.9909531338282305,0.1312844604253769
Gaia,DR3,5034727038520346880,17.38851550999257,-25.678833245296488,15.441222190856934,2.397113800048828,1.0438287741181702,14.249614737060485,58.450527471215985,-2.0529115448319404,18.60963249206543,4.664146423339844,6.128362652165756,nan,,,0.9736723303794861,,Gaia_DR3,-11.039235983521975,10.632584408205702,-12.348290941308532,0.050118207931518555,10.308631827167405,0.044524144381284714
Gaia,DR3,5033777674654003968,18.21750434214853,-26.997686287841194,19.257177352905273,3.1656131744384766,4.764964835141486,14.022424480909319,64.34505294719528,-2.3519099184720282,,,4.222982388532566,nan,,,0.9653831720352173,,None,-7.628299453314833,7.232720906230814,-3.782482303114892,0.3190457224845886,5.442686690289365,0.18273170292377472
Gaia,DR3,5033812691522524544,18.460534560022747,-26.61351834809142,17.046302795410156,2.7260541915893555,4.548387134301853,13.670549166876457,58.16529958315916,-2.3299055918033287,,,6.201743668946306,nan,,,1.0584814548492432,,None,-11.211411616010434,10.620850863640849,-5.873283668452579,0.10486156493425369,13.241048294466186,0.05493554100394249
Gaia,DR3,5128316540563310080,42.7796711901536,-19.216583455704143,14.073330879211426,1.6769990921020508,1.9032590278560275,10.318426117047682,36.26183539859788,-4.7280675012193125,0.1802375614643097,3.4256036281585693,4.944745546963796,nan,,,1.043818712234497,,Gaia_DR3,-8.813257005983477,7.45159633750152,-10.38441533602724,0.023370128124952316,6.240166112375559,0.019554179161787033
Gaia,DR3,5128729956935266816,41.72498782655947,-19.231902659010185,16.159809112548828,2.7858715057373047,4.5080380459186475,9.335480270213253,82.70485341170914,-4.582797511818738,,,8.20146094740092,nan,,,0.9851061105728149,,None,-14.682679931726135,12.44602216929361,-17.242429506675144,0.055603619664907455,19.80787193456294,0.05399121344089508
Gaia,DR3,5126638514020957184,37.383690699353515,-21.562037171820748,13.954758644104004,1.9084081649780273,0.7160035423990366,5.185475642206008,56.51146713782139,-4.2688067183374265,-8.045475959777832,3.0116126537323,6.836441660641867,nan,,,1.0913441181182861,,Gaia_DR3,-12.417524282443381,10.440727551021965,-13.449224846221352,0.015026278793811798,10.460890634092307,0.018075112253427505
Gaia,DR3,5069058155226869248,40.26484253015018,-28.35471445624261,15.98503589630127,2.465372085571289,4.041034651768957,10.808548570669736,37.788300110129605,-5.474553354066752,,,4.984939403867314,nan,,,1.099694013595581,,None,-8.973849965138367,6.81338080050838,-6.073887409685064,0.035779837518930435,3.711118889670961,0.04099911078810692
Gaia,DR3,5070426286993007616,37.51323975903765,-26.725163720991286,16.709434509277344,2.2946863174438477,3.017429220910416,7.9407818027730945,57.08557065660734,-4.9203869097188795,,,4.02249422903428,nan,,,0.9438921809196472,,None,-7.303816767074091,5.784892414889115,-6.182151786346583,0.05615751072764397,3.4851211540831093,0.05679913982748985
Gaia,DR3,5131620779163353344,36.31634616541405,-18.147216923677803,11.649402618408203,0.8616838455200195,2.0819305377941784,4.857767650795132,32.31946805390842,-3.6773659808084664,-7.758657932281494,0.5086841583251953,4.397672415716733,nan,,,1.552518606185913,,Gaia_DR3,-8.009052534780588,6.9865651664846835,-6.262674414632018,0.029685262590646744,6.164701484069157,0.026094023138284683
Gaia,DR3,5069284345384368512,39.48773356044361,-27.875127585030025,12.127575874328613,0.9674758911132812,4.93003201692187,9.982500429354253,37.61842534649379,-5.3176758253140815,9.84650993347168,0.7442089319229126,4.718648029367042,nan,,,6.1359028816223145,,Gaia_DR3,-8.51719098061243,6.548741751043455,-4.897257240095595,0.05892232805490494,3.2402374635480933,0.06129876896739006
Gaia,DR3,5069284379744106240,39.499131784449524,-27.867412104032763,17.130294799804688,2.4773168563842773,4.475274763943976,9.984263193398133,43.05606763628844,-5.318294626431249,,,4.485152337176012,nan,,,1.0260757207870483,,None,-8.0954237511059,6.224611095931308,-5.483482401773159,0.06303270161151886,2.895519802441247,0.0640907883644104
Gaia,DR3,5129188556363279488,43.025313798161854,-18.56371660894586,12.157828330993652,0.9359645843505859,3.1960107542955005,10.676740648201893,61.20646559699498,-4.680682143932277,3.710334539413452,0.8793599009513855,4.068759703138428,nan,,,0.9996736645698547,,Gaia_DR3,-7.2441022440767,6.167458684820867,-8.755047618490929,0.015095395036041737,3.8801145148533474,0.01435150858014822
Gaia,DR3,5133506269806180224,37.994209529775766,-16.266156558702686,16.39391326904297,2.5300159454345703,3.53527884110699,7.253332668857992,41.805187031436084,-3.6703688554016978,,,4.3052964640663465,nan,,,3.7225353717803955,,None,-7.806906452827757,6.88156991149308,-11.006586979318072,0.2255578488111496,7.120892681686724,0.1824784278869629
Gaia,DR3,5133509259103414784,38.012674479098386,-16.147169354571922,14.917805671691895,1.9443769454956055,3.4350120995836475,7.34134962608656,27.800123958682686,-3.657286262651982,26.554136276245117,5.916689872741699,4.768023657509347,nan,,,1.0891681909561157,,Gaia_DR3,-8.64552714212767,7.628066642757821,-5.368041177130751,0.02701806090772152,8.71396517680998,0.025531131774187088
Gaia,DR3,5131473788202055296,37.819629915603045,-18.317818375905276,15.542110443115234,2.4719457626342773,2.568037936168828,6.044037986987281,39.047198141461024,-3.914411616408864,,,6.000083204438548,nan,,,1.288371205329895,,None,-10.885460439604977,9.428467785855593,-12.70305400996725,0.04367814585566521,6.736347927475238,0.04076746106147766
Gaia,DR3,5133214624346865408,38.145206123513546,-16.872508369042055,18.688644409179688,2.807476043701172,4.059421904469994,7.01437403797966,45.50327880222675,-3.772023543478894,,,6.219943364250998,nan,,,0.9757465720176697,,None,-11.273901695491382,9.88178777924894,-9.585622906373109,0.2239178717136383,4.833803332109932,0.22961945831775665
Gaia,DR3,5070174984161919488,38.614550017095794,-27.197234210455,16.48743438720703,2.467012405395508,4.420646978492821,8.955691139773666,46.353620904912404,-5.123318297841785,,,4.302417830656647,nan,,,1.0062328577041626,,None,-7.787461754573589,6.081931842227425,-6.552184699657129,0.04463893920183182,2.2674666674650887,0.05909719318151474
Gaia,DR3,5033421265383221888,18.021834602752,-27.87457671092415,14.308131217956543,1.672440528869629,2.742557762355292,14.554304382088063,57.47313762006111,-2.4500459440343962,1.06949782371521,2.625880241394043,4.509045661343347,nan,,,1.0293152332305908,,Gaia_DR3,-8.139825082683062,7.70052267211727,-10.726270897014373,0.017952200025320053,7.374247052124185,0.012665041722357273
Gaia,DR3,5036629365434942720,21.37291280969941,-26.56146399533815,16.773447036743164,2.497957229614258,2.664018472933849,11.30648314095956,40.082260509276,-2.713785527576568,,,5.290676861127953,nan,,,1.0540889501571655,,None,-9.640151603886206,8.84465421115113,-12.592614657045589,0.0867062658071518,9.178288993339725,0.06623879820108414
Gaia,DR3,5038935037022994432,23.881429018644464,-23.800151870598995,18.190162658691406,2.7733421325683594,1.45905468904887,8.064432355838052,76.27136258144284,-2.6757313532474614,,,3.7102384786062186,nan,,,1.0516581535339355,,None,-6.792193531964595,6.177946137210939,-7.92244608089078,0.14725837111473083,6.335693579618313,0.07578708976507187
Gaia,DR3,5040611178075493760,20.730429372782265,-23.880527374673488,16.08104133605957,2.574784278869629,2.396657588640818,10.829758347374758,38.7106990115736,-2.2516378613802686,,,5.31248300120333,nan,,,1.1846870183944702,,None,-9.665248342020838,9.057549181220123,-9.173048926413715,0.060766950249671936,11.696110372102355,0.03853492811322212
Gaia,DR3,5037586902624033280,24.74378994208985,-26.12028974279907,16.19989776611328,2.6161327362060547,4.159978563780074,8.543124132918669,39.94794785116849,-3.1104328172160205,,,5.820984968541877,nan,,,1.0382800102233887,,None,-10.668674242186743,9.480954313371152,-15.423111902541528,0.05866247043013573,7.622373335024219,0.02828517183661461
Gaia,DR3,5036630632449917056,21.22580110160148,-26.60747991288697,18.676227569580078,2.9009037017822266,3.7984850408388926,11.443799628657953,87.8999067685493,-2.70032355550711,,,3.6363340449376023,nan,,,1.0440644025802612,,None,-6.623550210989865,6.084961755834362,-9.529176611868493,0.28742292523384094,5.895043233466378,0.1679224818944931
Gaia,DR3,5037391842389150848,25.461105088090378,-26.36361970394253,19.55429458618164,3.2043285369873047,3.042620287591616,8.21090536380958,59.9344911291358,-3.240695676965539,,,3.9808073045318153,nan,,,1.0378252267837524,,None,-7.301809325505105,6.43202697041803,-5.264678488731793,0.37461498379707336,4.892647126899103,0.2279321551322937
Gaia,DR3,5037609884993510144,25.139514770391457,-25.853755855443005,18.31524658203125,3.3645591735839844,2.686794280668573,8.098785455026665,58.60511697052832,-3.1284957405999574,,,6.789822752286466,nan,,,1.0777037143707275,,None,-12.450058431642749,11.042068765640122,-16.111635076390506,0.17395612597465515,9.866117449368723,0.11147192120552063
Gaia,DR3,5130340122994890752,39.011132031565154,-19.70168978422878,16.37055015563965,2.6220645904541016,2.0434144398628957,6.734111442195931,28.148858931790038,-4.261257938151116,,,5.441342968382515,nan,,,1.01327645778656,,None,-9.836832595669183,8.370374280637584,-10.62559605241293,0.046449508517980576,6.163092339998139,0.04812677204608917
Gaia,DR3,5131552953039609728,37.10566862947009,-18.008046309826096,15.749951362609863,2.253342628479004,2.413370014274021,5.5748051230595514,29.735558237962348,-3.7720640370235614,,,5.642944152668726,nan,,,0.9854182600975037,,None,-10.257131021485495,8.93180244211207,-11.666963590649104,0.037653833627700806,11.432712136686916,0.03530777990818024
Gaia,DR3,5141430823769114112,29.709317585524566,-18.02954120209964,18.91956329345703,3.0768871307373047,3.813658517918477,3.3520400783870503,23.333615376802054,-2.7100662467144807,,,4.536237271628751,nan,,,1.0290627479553223,,None,-8.33302515519632,7.5103763314498835,-11.37823869818437,0.24751295149326324,5.5036721933331485,0.20254455506801605
Gaia,DR3,5075932061404030464,40.79313597472834,-25.941298130709896,11.595373153686523,,4.878685124817158,9.713571480682612,75.61924922554664,-5.267548606278133,27.192943572998047,2.8867969512939453,3.768412327872525,nan,,,1.5572688579559326,,Gaia_DR3,-6.770821108490987,5.301994447024278,-8.706252413101332,0.06110767647624016,8.659868691818454,0.0613255500793457
Gaia,DR3,5077905306820457472,44.473393898307,-23.81524346495649,14.698172569274902,2.0071001052856445,3.469633156776187,12.044234588353016,43.78601408034418,-5.513223151811043,22.196575164794922,2.849027156829834,5.453500930904624,nan,,,0.9864253997802734,,Gaia_DR3,-9.64393110670667,7.640149772171607,-5.861023488975308,0.016377437859773636,6.3749535649662885,0.01983950473368168
Gaia,DR3,5133226650255339008,38.74644537843812,-16.828107384114944,17.6856689453125,2.9615478515625,1.5279452773579916,7.522768758252368,29.596979264530255,-3.8524125742150988,,,5.398106223218247,nan,,,1.1700783967971802,,None,-9.76673712002432,8.549742090942,-10.5964377993965,0.13567346334457397,10.07777860001073,0.12256225943565369
Gaia,DR3,5134339493461735040,28.332273303050712,-23.25126319895915,14.257158279418945,1.6825075149536133,4.999854028967907,4.208002486376012,35.363198420272546,-3.2207986053909927,11.961620330810547,3.47109317779541,4.306033346682537,nan,,,1.2602918148040771,,Gaia_DR3,-7.911085095980068,6.950672359225896,-3.6483757651694386,0.023857073858380318,5.392279164829299,0.017360366880893707
Gaia,DR3,5078121223417182592,44.188306279373485,-23.518606130070097,16.364458084106445,2.61757755279541,4.647079901543463,11.72621917193282,55.36982665756562,-5.440492627489001,,,6.290458415138582,nan,,,1.1068143844604492,,None,-11.139459113322305,8.87255653148112,-15.239315922955711,0.03604768589138985,13.473319813040245,0.04584484174847603
Gaia,DR3,5076582800490566272,43.849338521605155,-24.13917946281056,13.364030838012695,1.5569086074829102,2.0646564861210552,11.568709830411747,50.35972991197925,-5.4672344478241435,45.908592224121094,1.0305558443069458,6.0148555540095066,nan,,,1.0784778594970703,,Gaia_DR3,-10.66863936826795,8.434352146453998,-10.505966453583781,0.00930932629853487,11.047261137596616,0.011942836456000805
Gaia,DR3,5038409234242366336,23.95762282882859,-25.7270717863501,15.038026809692383,2.11669921875,3.723361231929393,8.888669495448168,37.66472961159702,-2.9500288829079286,32.08395767211914,3.110400438308716,5.6555942228608345,nan,,,1.0725563764572144,,Gaia_DR3,-10.354643275322875,9.298531327159886,-5.998126347043909,0.0307585671544075,10.151325509339497,0.017401715740561485
Gaia,DR3,5040978861635885056,17.923135905364312,-24.691047895857587,14.489173889160156,1.862706184387207,1.9597310384467839,13.510799092475814,46.89741400657307,-1.983280298620024,14.39815902709961,2.6241190433502197,5.085000989326814,nan,,,1.0720839500427246,,Gaia_DR3,-9.176546114652734,8.823289457210736,-10.913091171400566,0.03147909790277481,10.005512891266402,0.0256334375590086
Gaia,DR3,5040813277760744064,18.85309285907585,-25.007774646342508,19.81301498413086,2.795602798461914,4.191439823505306,12.785733661198595,46.87887327979905,-2.154743118173161,,,5.537167594864301,nan,,,1.0247694253921509,,None,-10.02220101787424,9.526251678008803,-13.13666548806888,0.5086421370506287,5.752934626535079,0.28707313537597656
Gaia,DR3,5038280002970980608,26.583515230334715,-24.342685538963416,12.357617378234863,1.0232162475585938,3.0615781311935457,6.143416947604768,24.522756691128013,-3.123842653837523,7.818225383758545,1.0138459205627441,4.732225762034215,nan,,,0.9143056869506836,,Gaia_DR3,-8.688167259753232,7.685341243633946,-11.458093221265882,0.013218971900641918,6.398544035997995,0.009712962433695793
Gaia,DR3,5041738108774471680,19.428891847722387,-22.55788874767395,17.079763412475586,2.5731201171875,4.493865723919117,11.753113720578527,41.08094673059657,-1.8838568511004998,,,4.984592528129309,nan,,,1.025346279144287,,None,-9.037389046242016,8.629789847594296,-6.0940237237466715,0.07693517208099365,12.322408569860395,0.04597210884094238
Gaia,DR3,5176195113696677376,35.42894226543861,-9.354107536541678,20.005290985107422,2.861583709716797,3.735647973991799,11.8058054777349,80.06398449026013,-2.3508111368915943,,,3.7719058145117477,nan,,,0.9201664924621582,,None,-6.882737618213347,6.386582770948932,-3.954519888117362,0.5162193775177002,6.885526978914179,0.5443611145019531
Gaia,DR3,5146151924836106368,38.42140619341999,-14.413332036892337,16.119861602783203,2.290890693664551,3.953119873345806,8.806186878886487,49.88875040354256,-3.4854998077155765,,,4.209312562049634,nan,,,1.0592238903045654,,None,-7.623368260425675,6.815849280678074,-4.282516332914334,0.050945769995450974,7.885336258751566,0.044948939234018326
Gaia,DR3,5133294712601873024,37.59492166931687,-17.223169827509828,12.294439315795898,1.2863445281982422,2.075548135458317,6.3821182003060235,39.831063689775405,-3.7391618516262426,-20.691614151000977,24.43966293334961,6.010579060493552,nan,,,2.305260181427002,,Gaia_DR3,-10.911255238425182,9.550721153601236,-12.63427620473828,0.03643299639225006,11.537580708824658,0.026488780975341797
Gaia,DR3,5133729264508316288,40.68734734893732,-15.693639031495275,17.277881622314453,2.492013931274414,1.6851806743215971,9.704083003391714,78.50907592319777,-3.981826694380296,,,3.7229820618687004,nan,,,1.0134371519088745,,None,-6.691821669734567,5.893832943447444,-7.516210773532895,0.09195561707019806,4.859591672481008,0.09472555667161942
Gaia,DR3,5116521254698649728,33.96782846237667,-28.341570468980308,15.362370491027832,2.6157617568969727,1.7125627900443527,7.904354056255766,47.67739283292512,-4.640015989419327,8.14037799835205,6.169040203094482,6.256669950876375,nan,,,1.2720470428466797,,Gaia_DR3,-11.447224717837747,9.146277241533989,-11.306572031074236,0.04172562435269356,11.400710940270333,0.040169306099414825
Gaia,DR3,5116607909957998592,33.21478099843948,-27.823733618159473,19.10275650024414,2.7869091033935547,1.7520150782925454,7.259955774323703,76.70754830326698,-4.476324078713897,,,3.6844895333664938,nan,,,1.0524346828460693,,None,-6.748683767283843,5.459902196717162,-7.458549017854338,0.23994795978069305,4.298880323782988,0.22963251173496246
Gaia,DR3,5137405206758720512,32.79339967883557,-18.680351877707913,16.837800979614258,2.879704475402832,4.27292553164508,2.1492984271664195,50.927216611645704,-3.2426683944641743,,,6.661777094753388,nan,,,1.6061888933181763,,None,-12.208721134637443,10.774753577065423,-9.451199890819359,0.11684957146644592,16.104413548559826,0.0870923399925232
Gaia,DR3,5138092504604730624,31.5666867019368,-18.784566124051466,16.102083206176758,2.312779426574707,1.1240014857541436,1.9047526948455278,42.892333249523006,-3.0803920671139116,,,4.1172667975302835,nan,,,0.9534480571746826,,None,-7.555245333027708,6.706187392730685,-8.088744903627035,0.04054104536771774,7.5229820173469175,0.03803037106990814
Gaia,DR3,5140372616842489728,24.90826672441235,-18.96360340222248,17.70763397216797,0.3496284484863281,4.954559808241689,6.801112442169863,30.3077879462512,-2.1478752900485176,,,4.586610906777207,nan,,,1.0334889888763428,,None,-8.407969049788884,7.77934879361626,-12.358510085146996,0.09642687439918518,5.069569848122499,0.0741765946149826
Gaia,DR3,5039469399674021504,25.28887554822759,-22.662708341169534,11.361804008483887,0.9542579650878906,2.9518973505346655,6.469018192712561,53.24130651162612,-2.7154159124029937,42.496707916259766,0.30997613072395325,6.616512097720327,nan,,,1.157326340675354,,Gaia_DR3,-12.134216974813603,10.974417141507566,-9.722724393262894,0.02253175526857376,7.637116166626723,0.013622133061289787
Gaia,DR3,5043383970306277888,21.310329529945427,-21.418876812116086,17.619413375854492,2.445371627807617,4.490402972300645,9.919188527440925,76.55562088717325,-1.9837383474866601,,,3.760356371626589,nan,,,1.0319476127624512,,None,-6.85078064881011,6.456735771905366,-9.322977991903116,0.10306397825479507,9.017839261692359,0.07876334339380264
Gaia,DR3,5135909286828612096,28.381350658644678,-21.10223124196504,16.487930297851562,2.5030155181884766,0.5991637758523879,3.325304968658912,12.037879386760297,-2.9385542629465995,,,4.917320439827423,nan,,,0.9882668256759644,,None,-9.034198835081089,8.054307441719663,-8.683214105117631,0.04840211570262909,8.566734751993707,0.04089116305112839
Gaia,DR3,5177127813090290944,39.780884654962804,-8.279492197586682,17.27274513244629,2.3509140014648438,4.77877461570806,14.53065594085003,75.60115235598523,-2.846520733466018,,,3.9902483843032184,nan,,,1.1621640920639038,,None,-7.195333582287588,6.712994122128064,-6.454083541692567,0.11328491568565369,2.7620968771028265,0.09035894274711609
Gaia,DR3,5178383214851003392,36.741499965737376,-7.299745064170606,16.58331298828125,2.678335189819336,2.460003663748039,14.156799352392671,71.3521029460911,-2.25783991346229,,,7.006550216198749,nan,,,1.150724172592163,,None,-12.747397052385924,11.943244779033712,-16.285273283006347,0.08187412470579147,11.114916861543335,0.06429877132177353
Gaia,DR3,5118146534747625088,32.859625999476506,-25.871129155051232,16.602622985839844,2.2573671340942383,3.811649160695909,5.281882192200902,20.186825084083154,-4.185934063090034,,,5.218743217982194,nan,,,1.0020864009857178,,None,-9.563351383766218,7.922732328248081,-9.727451244356178,0.057042866945266724,12.11295760080715,0.05100174620747566
Gaia,DR3,5141565312080890368,30.333742045140948,-17.445765423960857,18.029333114624023,2.807821273803711,2.4137581508979986,3.5439782862153892,39.20009608116766,-2.7204885553721083,,,4.211896783311282,nan,,,0.9563075304031372,,None,-7.735323910937145,6.972279136483812,-7.226920411973062,0.12415646016597748,4.890252759430441,0.09857558459043503
Gaia,DR3,5139408516943720704,27.08529618847765,-19.388737146859057,14.368170738220215,2.125777244567871,3.603240138554618,4.7073597144730694,84.12954704858998,-2.5192586816047657,9.751964569091797,2.245300054550171,8.51498120217526,nan,,,1.1005555391311646,,Gaia_DR3,-15.63769523646143,14.216135573812027,-20.079747405453517,0.02234828658401966,9.514768831179987,0.017562463879585266
Gaia,DR3,5141575620002406144,30.48875564500299,-17.237321887239368,12.640007019042969,1.388737678527832,4.148236711184916,3.678504801831755,66.62267535489083,-2.7144175034757603,11.94005298614502,0.6855742931365967,7.416264541076598,nan,,,1.1473439931869507,,Gaia_DR3,-13.619201619267631,12.281200650000894,-8.963701910884879,0.02091856300830841,7.765962909869468,0.013632909394800663
Gaia,DR3,5141575620002406272,30.487023462285062,-17.238212526753117,11.28449535369873,0.9565153121948242,3.9462281267125934,3.678272939235371,66.11185198382735,-2.7142881684469455,14.021413803100586,0.5543624758720398,7.387741079141085,nan,,,1.2449842691421509,,Gaia_DR3,-13.566833775129155,12.234022098904655,-8.513811342870586,0.028131868690252304,8.73559471355755,0.018011033535003662
Gaia,DR3,5122680203441309568,30.548993146086644,-23.0229608562492,16.100793838500977,2.2947397232055664,4.907115410661015,2.6774063840679174,29.241488884951426,-3.500361370890701,,,4.384047889781004,nan,,,1.022709846496582,,None,-8.050586488708,6.966553761024989,-3.5479261827153414,0.050269607454538345,6.4245660199251695,0.04158172756433487
Gaia,DR3,5062900340354554880,40.22113613231365,-33.27352954685702,17.965974807739258,3.3468704223632812,0.8713501567827948,14.612351053781818,68.67090854206441,-6.004505505461949,,,6.769659492951425,nan,,,1.589015007019043,,None,-12.188582018066517,8.553403633410896,-11.444954287620423,0.2534594237804413,7.556736156073213,0.2326701134443283
Gaia,DR3,5063401648941379712,38.18894026350759,-32.84765990318895,15.722695350646973,2.151747703552246,4.956985495902801,13.406049675108372,68.0695722308349,-5.704632436851914,,,4.084109221013687,nan,,,1.0413174629211426,,None,-7.401676538828303,5.340489184560118,-8.458933742914354,0.015078605152666569,1.2056962776175966,0.033764634281396866
Gaia,DR3,5050182323717090432,40.50674609009956,-34.83293764101602,8.35187816619873,0.2120342254638672,4.795649729081977,16.067057527827107,55.61867586805748,-6.200182578945934,11.65286665916443,0.34429407119750977,5.101304659311492,nan,,,1.0546361207962036,,Gaia_DR3,-9.175339951594529,6.241085999004525,-9.264353649504525,0.013388369232416153,1.0845823867931643,0.020412877202033997
Gaia,DR3,5139048048928650880,25.174414942802606,-20.477018774067595,9.790555000305176,0.6924886703491211,2.688419315646316,6.307644028002658,40.68235609458086,-2.3973003761851626,-5.164841175079346,1.51998770236969,6.052861234488881,nan,,,5.329704284667969,,Gaia_DR3,-11.099162760185509,10.172207931085842,-11.299159919567149,0.09106455743312836,6.7476091718871505,0.05573035031557083
Gaia,DR3,5144326426296300544,31.833039154413235,-17.63442183065948,9.273131370544434,0.692591667175293,2.5398013651940157,3.0282737101843176,11.198116450563639,-2.9633205022548124,13.937427520751953,0.31956103444099426,4.9030497316076405,nan,,,1.7880128622055054,,Gaia_DR3,-8.995003941102457,8.035740876876389,-7.693478417310333,0.03514716401696205,5.755928054468761,0.022956866770982742
Gaia,DR3,5124322461496394880,31.30529954267585,-22.32040984812998,16.18770980834961,2.11843204498291,2.6042873938992916,1.7511491165431252,84.76697172060805,-3.514005826156456,,,3.50789944688843,nan,,,1.0138086080551147,,None,-6.438431858384678,5.57334905510926,-6.037615642556018,0.039668451994657516,3.689648390446836,0.039824653416872025
Gaia,DR3,5146432231580999936,37.72254018651424,-13.851231047049884,19.697956085205078,2.701202392578125,4.861462414463234,8.783881726080178,83.33481419787546,-3.308250775128049,,,3.6262663335173633,nan,,,1.1398005485534668,,None,-6.580611311715453,5.9168342812587955,-3.5281349919179865,0.5437467098236084,3.7969922456049856,0.4743601083755493
Gaia,DR3,5143768492864427904,34.634266334446345,-17.5397422224203,18.221019744873047,2.6443443298339844,1.785275996358534,4.0467436052667045,64.133619661721,-3.355201815214265,,,3.80704646997862,nan,,,0.9916356205940247,,None,-6.9574967701340915,6.140665566588332,-5.6480982112810905,0.14416366815567017,5.558957357320493,0.13499405980110168
Gaia,DR3,5143792647760545792,35.27514505100769,-17.304723840596605,13.776752471923828,1.7628135681152344,2.6198549321529203,4.6256864371146245,50.430658449286845,-3.416271850777464,42.602333068847656,1.8217161893844604,6.570249441033103,nan,,,0.9998695254325867,,Gaia_DR3,-11.992712692601366,10.57669830886338,-9.926244665264544,0.01622188463807106,13.559504689434574,0.014660808257758617
Gaia,DR3,5144596906156511872,31.310951252255204,-17.000457034824535,15.685656547546387,2.416126251220703,0.8871305305919525,3.704883815273109,53.75955528398108,-2.8013746850311505,,,6.755516372055702,nan,,,0.9798979759216309,,None,-12.399083786803779,11.15087231839531,-11.336102302831844,0.03877377137541771,11.833678505261748,0.03304249793291092
Gaia,DR3,5049938369574139136,41.412194279550754,-35.18609541887551,10.655447959899902,0.6980953216552734,3.9734979007370437,16.754790345775323,58.10408232035628,-6.3457489247267365,3.354356288909912,0.30360472202301025,5.058174691320469,nan,,,1.1034233570098877,,Gaia_DR3,-9.066673613789696,6.064717773444868,-12.905787959733907,0.009218997322022915,4.272138167171475,0.012793812900781631
Gaia,DR3,5064607984993521792,41.5966905497052,-31.624897999116953,12.344711303710938,1.1101665496826172,1.7969659584695459,13.977954464030125,48.91602949833606,-6.003738735736452,12.464059829711914,0.5011656880378723,4.966540810113757,nan,,,1.0392546653747559,,Gaia_DR3,-8.895928322787883,6.341285912468037,-9.949967284725805,0.006784503813832998,4.782846477675658,0.012671100907027721
Gaia,DR3,5063898692617079552,39.78963875515231,-31.762144883352708,18.31210708618164,2.6024723052978516,1.917299492178135,13.149790127864906,55.761907340521596,-5.7897457437414,,,4.3976230375124885,nan,,,1.0175960063934326,,None,-7.929687002525349,5.732754475216513,-6.172596139314489,0.13068245351314545,6.001059219822589,0.14512884616851807
Gaia,DR3,5052554210816643840,44.59258682355824,-32.180857048973785,14.23444652557373,1.6138286590576172,4.29945153426325,16.150605606036237,60.19303817687213,-6.435543729627019,18.00881004333496,2.3387672901153564,4.64547840046431,nan,,,1.0711286067962646,,Gaia_DR3,-8.210196707596738,5.643751916685825,-4.165060272246364,0.011136604472994804,4.475302301156292,0.014949852600693703
Gaia,DR3,5064182233474108160,39.25860100949,-30.93292857832607,8.809342384338379,0.5174655914306641,0.8145793816029588,12.209361921941053,65.67016109142324,-5.63168926728866,,,6.851304835259647,nan,,,19.28804588317871,,None,-12.375942019995128,9.110455783496217,-11.593116956347025,0.44404470920562744,9.988735882601793,0.41416412591934204
Gaia,DR3,5142860914736097152,27.34939438597898,-15.87989357495198,19.883535385131836,2.7246475219726562,4.266384150146319,6.449770212714521,81.7477351145017,-2.0687522174977313,,,3.598030410718898,nan,,,0.9879597425460815,,None,-6.608562194362465,6.104501510050329,-8.870577078995872,0.6127525568008423,8.418664495125604,0.3350106477737427
Gaia,DR3,5160187117750072320,44.9430271458751,-12.015970066930391,17.873886108398438,3.2063236236572266,4.984501181673028,15.190806311119788,76.14497787087862,-4.105836349222287,,,4.020969112371726,nan,,,0.9850496649742126,,None,-7.093990738920675,6.458331167360536,-11.29177486144152,0.11368318647146225,5.97808756736857,0.1291435956954956
Gaia,DR3,5126253478792901760,37.87866979038748,-22.855787797219023,14.67956256866455,1.6697368621826172,4.553931505719305,5.961721142699742,79.11479689910388,-4.499678755337948,-8.173623085021973,5.577812194824219,3.625079812216007,nan,,,1.0127553939819336,,Gaia_DR3,-6.575599058710949,5.439086973638475,-5.773532970358023,0.01917710155248642,2.0526449351760254,0.023525234311819077
Gaia,DR3,5126964072541881600,40.594982885209184,-20.90897644959339,14.704607963562012,2.0271644592285156,3.7469062063792977,8.12328296588,37.65526388698679,-4.634671860962015,43.0207633972168,2.8088669776916504,5.753022969213012,nan,,,1.0079423189163208,,Gaia_DR3,-10.344204915489472,8.636570395909967,-6.384994270025997,0.022900614887475967,6.40617333362364,0.030678115785121918
Gaia,DR3,5149656686868866048,29.841469500988374,-13.4431228557892,17.330320358276367,2.649637222290039,0.7054079492904877,7.484045389073963,58.937642028125595,-2.0933350374805677,,,3.972370355024217,nan,,,1.0011913776397705,,None,-7.296901823823685,6.733434427436191,-6.760612443364579,0.10141058266162872,6.485758508447693,0.07205665111541748
Gaia,DR3,5150588213735899136,35.742277771517394,-12.408884430407669,18.335275650024414,2.9024429321289062,4.022087482545824,9.0323860127544,38.019565176547246,-2.8213961470623237,,,5.654947510263774,nan,,,0.943035900592804,,None,-10.312018730021602,9.399773910068465,-13.254941739651388,0.25388985872268677,13.185194195186998,0.175934836268425
Gaia,DR3,5148199211191370880,32.26742957153893,-15.349806981890195,17.60663414001465,3.2112197875976562,4.463268018261692,5.322940501694733,76.68021926700955,-2.714823287880692,,,7.976573081121274,nan,,,0.9897165894508362,,None,-14.62718593650883,13.232037053350476,-7.27138325194802,0.09563548117876053,11.742148828729468,0.08981116861104965
Gaia,DR3,5064102690680311680,38.5296202647156,-31.327654044126835,10.267807006835938,0.6698598861694336,4.390851959005026,12.206031902026233,55.11032440540661,-5.581810549558876,17.921308517456055,0.2226049304008484,4.323962932450829,nan,,,1.0713768005371094,,Gaia_DR3,-7.82847030469385,5.765950318009574,-11.38103803860806,0.019829517230391502,3.9224253012603882,0.021190833300352097
Gaia,DR3,5065217217513361152,42.48085395447022,-30.20251505771619,15.752520561218262,2.099794387817383,4.778760918108801,13.4822900412632,80.43789479515365,-5.96468437689027,,,3.8383036664643697,nan,,,1.0325578451156616,,None,-6.850023697630306,4.966633512853199,-3.456212009893989,0.03888004645705223,6.819681636003105,0.04621944949030876
Gaia,DR3,5066464853973231360,42.47847820471975,-27.931864755531183,13.650830268859863,1.7129878997802734,4.627853230660706,12.05840754692265,62.976604417413384,-5.716662069056076,1.5138030052185059,2.163022041320801,6.7029712262899865,nan,,,1.094173550605774,,Gaia_DR3,-11.962570280894774,9.000991909946158,-10.13622448301538,0.014228849671781063,2.721797703254176,0.014744583517313004
Gaia,DR3,5069428243968898944,41.240399096327714,-27.833723260446703,17.6686954498291,2.6478443145751953,3.2025048648479952,11.119485082049078,50.51019866543408,-5.543673762025371,,,4.360649916962942,nan,,,3.396160364151001,,None,-7.821610799653186,5.943355620782147,-5.196615643820712,0.29355382919311523,7.276141357072594,0.3363944888114929
Gaia,DR3,5065782057252456320,39.624087629130216,-30.10360274185278,19.977481842041016,2.5450401306152344,4.398055578293368,11.727404526862516,76.55916365872672,-5.587088449621484,,,3.8280747797638215,nan,,,0.9823213815689087,,None,-6.90655855173392,5.133525352380299,-10.251560005311145,0.45750391483306885,3.946975851905613,0.39180833101272583
Gaia,DR3,5128111241126744192,44.46665019899948,-19.464546459009384,16.700075149536133,2.747997283935547,3.707372198703498,11.85296906915674,43.25751547263974,-4.99259604370945,,,5.45902249422365,nan,,,1.0493104457855225,,None,-9.65401549683908,8.107860468429225,-11.208583144729928,0.06243722885847092,4.1346508609006065,0.06381912529468536
Gaia,DR3,5150609413694481792,36.3021677202874,-12.106807058220388,16.665973663330078,2.3582334518432617,4.8565648257647585,9.534635525182859,48.36989914398135,-2.8623563887714436,,,4.291931892311353,nan,,,1.0263768434524536,,None,-7.816734760417524,7.1314781686622055,-9.61596984870048,0.06113647669553757,3.1225919403775872,0.06385298818349838
Gaia,DR3,5151344265418842496,31.25645870691386,-12.289036691042964,16.843687057495117,2.8242321014404297,2.239243111910301,8.396114702434165,45.89724208957907,-2.1411187844349406,,,6.129849126277125,nan,,,1.0833343267440796,,None,-11.251209255645934,10.383750397703418,-8.483352899825316,0.07869024574756622,9.539925526996493,0.061739858239889145
Gaia,DR3,5152442608815774976,44.57933882571926,-18.29835723793233,17.90122413635254,2.51629638671875,3.1220843440080293,12.172672465846686,48.59278985243565,-4.863917586711448,,,4.545027449772811,nan,,,0.9847033619880676,,None,-8.03319180152321,6.841436964543512,-5.0981441972643005,0.10436443239450455,7.4192652238634125,0.10708443820476532
Gaia,DR3,5129393473547606400,41.058968903822354,-18.413215320919065,19.821151733398438,0.2807044982910156,4.395648960875252,8.90961934059088,39.511769365553604,-4.385818593711667,,,4.49222003886788,nan,,,1.026563048362732,,None,-8.063223277156872,6.908034093823311,-11.800470815579406,0.4064218997955322,5.074712095997737,0.4183999300003052
Gaia,DR3,5130388604585689472,38.3430690883028,-19.487773325512876,11.251346588134766,0.8415546417236328,0.9836341942705914,6.15549877546145,28.0590984833756,-4.139706356353992,14.634355545043945,0.35146746039390564,5.5112332257058565,nan,,,1.1642088890075684,,Gaia_DR3,-9.983559939729137,8.53511808944976,-10.486434157270768,0.023540545254945755,7.508896710702617,0.023759353905916214
Gaia,DR3,5129634305248751616,36.53500231959345,-21.449499466799914,19.446731567382812,2.713085174560547,4.57168203191505,4.388051355949507,66.60846647163376,-4.135741075222617,,,3.7757615018473967,nan,,,0.990770697593689,,None,-6.87288475292403,5.810261658146854,-3.7916081439388445,0.28425225615501404,7.74609090970404,0.3457213044166565
Gaia,DR3,5129773633989196416,37.174658346052716,-20.844845457789067,16.783756256103516,2.536715507507324,4.103265664964401,4.9270206575157856,65.60227787040216,-4.1484868897170415,,,3.7997197207280644,nan,,,1.0361524820327759,,None,-6.905489393513577,5.854331924818794,-6.554068526395556,0.05064941197633743,9.12228530020337,0.06488008797168732
Gaia,DR3,5070750715938417792,40.224177397728084,-25.59664435200492,17.707782745361328,3.2898807525634766,3.0923498964446763,9.096807289419122,50.90979893393256,-5.150975540761774,,,6.318118321967637,nan,,,1.0525414943695068,,None,-11.37547211404486,8.980144380023159,-10.010651966278205,0.09475860744714737,12.86621489318948,0.10339115560054779
Gaia,DR3,5076675262546447104,43.53758395137933,-23.57271489118581,16.689085006713867,1.7823781967163086,4.770837845848381,11.15487347770912,57.59026798134529,-5.359284902184715,,,6.4816207164269715,nan,,,1.0328540802001953,,None,-11.513270594636946,9.18737040420978,-17.462218082338843,0.05972147732973099,6.521821080388346,0.05917664244771004
Gaia,DR3,5077569749614783104,41.869558078175544,-23.401336733668366,17.619977951049805,2.6118335723876953,4.440299222916971,9.628068033343578,63.269872810724415,-5.113351684810693,,,3.977197667834317,nan,,,1.0188461542129517,,None,-7.116018644715201,5.732889700086832,-4.207903734208155,0.0729113295674324,8.057284384413377,0.10909543931484222
Gaia,DR3,5069634264959966976,41.21635964056002,-26.93628716736113,16.788537979125977,2.767271041870117,3.8760593822148923,10.571003770141402,81.16353396712262,-5.438616694216752,,,8.007969943706808,nan,,,1.0850387811660767,,None,-14.365071187152044,11.062545237068159,-18.315594243293695,0.052563004195690155,5.846264167207298,0.05483746901154518
Gaia,DR3,5067804918128705536,34.91524437008687,-30.298580330898893,17.86431312561035,2.490886688232422,2.5895606194450878,10.010060652369225,35.98709218476999,-4.997687525555846,,,4.843672008221029,nan,,,0.9312863349914551,,None,-8.847371983922029,6.840789989713466,-10.580821588198543,0.12927600741386414,4.844073734869545,0.11503205448389053
Gaia,DR3,5072561061833620864,42.58703160951769,-27.09232648326414,12.022842407226562,0.9496841430664062,1.2611632117772518,11.682579285726453,40.90449824943154,-5.637044011936741,-25.704133987426758,0.5810248851776123,4.96891726127419,nan,,,1.1064016819000244,,Gaia_DR3,-8.863737176571814,6.751873521764645,-8.96134771892197,0.011488157324492931,5.4344190177692475,0.012841765768826008
Gaia,DR3,5173842712864840832,40.66335706158113,-9.542469810506711,16.20970916748047,2.386263847351074,2.5940804371912045,13.956759133939409,51.81620626658122,-3.151248765315527,,,4.689707453992981,nan,,,0.9863733053207397,,None,-8.430194902786686,7.804183829430212,-5.866715363776615,0.05776546895503998,7.880156816327735,0.05441310629248619
Gaia,DR3,5148596169248895744,31.591602137952435,-13.99524227996048,18.92375946044922,3.02557373046875,3.1802865413139694,6.673478408427445,57.646561053213986,-2.4286424901175216,,,6.824138693084387,nan,,,0.9158710837364197,,None,-12.522124850747577,11.445238720813338,-13.98722817419932,0.2636016011238098,7.11101719299482,0.23089927434921265
Gaia,DR3,5150445513446918656,35.38169858276927,-12.841143850828168,19.063623428344727,3.0759849548339844,1.5433962506548837,8.4969392695883,33.376752222654424,-2.82770105583818,,,4.678202771321226,nan,,,1.056484580039978,,None,-8.537314563197532,7.766917428290684,-7.446758116788922,0.28348174691200256,8.828766843965585,0.29649317264556885
Gaia,DR3,5130388604585689344,38.34227512562915,-19.486033867349796,16.668006896972656,2.4962892532348633,0.9240116497938186,6.155131448928543,29.073508922529513,-4.139371291993758,,,5.558524981666358,nan,,,1.0088558197021484,,None,-10.06925223534137,8.608551633941955,-10.503801204498096,0.05957167595624924,7.6168281701339176,0.06696201860904694
Gaia,DR3,5131928672483720704,38.9166525900117,-18.940229316372278,16.7269229888916,2.471485137939453,4.692427115919306,6.813447391475371,66.38793848160309,-4.150602537665014,,,3.8288130192050285,nan,,,1.0542912483215332,,None,-6.923768553267155,5.938757102992618,-9.13943284463568,0.07388539612293243,2.86694789280323,0.06745680421590805
Gaia,DR3,5132391154562391424,39.669491616127296,-17.2868110188316,18.050317764282227,2.9201316833496094,2.3191287225453907,8.075706529581451,62.41007433832581,-4.044138415571276,,,6.995647418105014,nan,,,1.1282262802124023,,None,-12.61952073862829,10.973620491842322,-11.088959321741221,0.1470930427312851,7.915066958471629,0.14213231205940247
Gaia,DR3,5070390316642290816,38.20977239631996,-26.77870174841208,15.699109077453613,2.0707197189331055,0.891988206572252,8.404421669724021,67.1499635943862,-5.020082177350247,,,3.862872807623257,nan,,,0.9813416004180908,,None,-7.000303098839293,5.513206288661241,-6.360193358355605,0.03259778767824173,5.856542882679125,0.04247189685702324
Gaia,DR3,5075909280899043328,41.18254775607733,-26.205999951188765,9.390854835510254,0.36205005645751953,3.1664854907724584,10.149826665245852,69.4637090813028,-5.350205458645226,-8.184307098388672,1.3860375881195068,3.8869076332973473,nan,,,1.1613996028900146,,Gaia_DR3,-6.973426233473382,5.427755001172716,-9.458303942841383,0.016005195677280426,4.681153987334603,0.0155899403616786
Gaia,DR3,5079344872482642048,42.56499676386227,-21.71208128877777,17.39274024963379,2.5913028717041016,1.6877394130185404,9.988851707836078,75.43135244584126,-5.00520430120973,,,3.7806705907628086,nan,,,0.9787715673446655,,None,-6.744738081283897,5.537125535987122,-6.178324484879912,0.08890331536531448,6.757191529748169,0.104542076587677
Gaia,DR3,5116115294389196160,33.55341770245354,-29.544540227378366,15.439178466796875,2.5209312438964844,2.620671081810085,9.006214233200357,62.41543473438422,-4.7298874022013475,,,6.934455075701085,nan,,,1.5041059255599976,,None,-12.695372133459815,10.037624699326646,-15.525617139979817,0.06662304699420929,7.455659293686532,0.07509806752204895
Gaia,DR3,5116606638648434432,33.285772790536654,-27.885068344404914,11.18864631652832,,1.6742465230988448,7.331195335523088,53.85644113283424,-4.493350199030565,-13.682207107543945,1.2899169921875,4.059057084119966,nan,,,1.6854485273361206,,Gaia_DR3,-7.434032113727154,6.006544589517315,-6.703760122226149,0.05156702548265457,4.7740070242935,0.09163440018892288
Gaia,DR3,5077315659349585536,42.54432777424613,-23.688246477145828,16.556442260742188,2.2980594635009766,3.4815152715494317,10.299474805107476,64.71054992783512,-5.2388486834814625,,,3.980156657537681,nan,,,1.0837223529815674,,None,-7.101252408829184,5.681937141177967,-4.387736727298606,0.04152287170290947,6.763686941440936,0.05801214277744293
Gaia,DR3,5176864445695626752,36.854196157486925,-7.480687277046695,10.81816577911377,0.7141704559326172,1.9326205403626053,14.02244914855025,51.19139727344682,-2.300164375104436,-12.654720306396484,0.4766276776790619,5.5993496728924,nan,,,0.9804779291152954,,Gaia_DR3,-10.184363286469617,9.533476830667832,-12.442015402089872,0.01928580366075039,9.206107055427474,0.01766178198158741
Gaia,DR3,5177620634817798400,41.62749425016427,-7.3478887043102015,17.308578491210938,3.0023632049560547,4.689105522159407,16.29993030151032,56.949911181400616,-2.9888111768510903,,,5.434111059221662,nan,,,1.094059944152832,,None,-9.732230958204465,9.15366444458814,-11.005901758521098,0.09381633251905441,3.9351715869273525,0.08341296762228012
Gaia,DR3,5180395355489559296,43.44290966710717,-7.454727268999363,14.661312103271484,1.9935026168823242,4.896107511323758,17.289328690739584,59.80016203192078,-3.26941458241986,26.573850631713867,4.736133098602295,5.348672851683791,nan,,,1.0769805908203125,,Gaia_DR3,-9.504956039902062,8.964211592289217,-4.2178901290886195,0.0271554347127676,7.37542579988487,0.023151913657784462
Gaia,DR3,5152527477369356544,44.024078471611475,-17.91835593246677,15.055583000183105,2.137518882751465,2.716838276800817,11.755547780636856,50.61215017982603,-4.739120609264048,11.95216178894043,3.2685794830322266,6.003731602861492,nan,,,1.1183280944824219,,Gaia_DR3,-10.640088580313776,9.109500491362416,-9.171421302647886,0.028745831921696663,6.000369084199683,0.031708791851997375
Gaia,DR3,5137427471868860032,32.10347894093425,-18.779197225619164,16.926435470581055,2.534623146057129,1.8343902588160654,1.891508974128135,14.614842030738476,-3.156808673075417,,,4.682987873655994,nan,,,1.0098483562469482,,None,-8.588995139171201,7.60200535193746,-6.792857356482184,0.06320694833993912,7.370870781440543,0.054492074996232986
Gaia,DR3,5136453987465214592,30.592695635451847,-21.264231615644636,18.383012771606445,2.896696090698242,4.983877871915615,1.368978396579891,74.05185879387439,-3.273708416378012,,,3.643532599252712,nan,,,0.9181216359138489,,None,-6.690587932340156,5.867815750256608,-9.844345384721702,0.1395241767168045,3.6980152222267555,0.14405557513237
Gaia,DR3,5158638597356370048,42.09900382127267,-13.250449823289413,16.95894432067871,2.525031089782715,4.98499327510609,12.236799319546726,62.07742308078347,-3.8620855210240084,,,4.144412557223689,nan,,,1.005961537361145,,None,-7.408212696885387,6.661476644284113,-11.637684041528633,0.07000328600406647,7.700841505512774,0.06916096806526184
Gaia,DR3,5135235183121517056,26.596118639297327,-23.148232787814106,14.624303817749023,1.9300727844238281,4.089010220703596,5.520292736635874,23.253691055619587,-2.964439365807137,-1.3669425249099731,2.880876064300537,5.3556940617393085,nan,,,1.04659104347229,,Gaia_DR3,-9.832909896553907,8.768710302648245,-12.010860013179013,0.02446901984512806,4.698105306010351,0.017177660018205643
Gaia,DR3,5135029162130290048,28.625204724485418,-22.064599664950908,17.359947204589844,2.843381881713867,3.6129473913537447,3.3645220536262546,20.271383262884793,-3.102905120323709,,,5.441518489782362,nan,,,1.0037379264831543,,None,-9.997439340996298,8.839020772054896,-8.096006987732558,0.08473121374845505,5.156425579643667,0.06626462936401367
Gaia,DR3,5079425068111821824,43.955621953447526,-21.187533514584867,17.749183654785156,3.0169677734375,3.8419649403120864,11.261569504688694,41.993824220701406,-5.132228012310789,,,5.505389463222586,nan,,,1.0329699516296387,,None,-9.760083150288596,8.030116560935623,-11.166859512861699,0.12520572543144226,3.798895795722531,0.1289256066083908
Gaia,DR3,5079799280022163328,44.266286945012624,-21.07489390459545,18.89083480834961,3.068704605102539,1.5637644581200774,11.551013298697747,49.91958189116702,-5.161112952140085,,,4.421057182874821,nan,,,1.0198522806167603,,None,-7.826077136333766,6.442645398360156,-6.449306757592623,0.24524755775928497,6.920783488108465,0.27223917841911316
Gaia,DR3,5079528907537186304,44.97620475364362,-21.5590880853679,17.411836624145508,2.578706741333008,3.2003821475834955,12.219446841905134,50.41211445533888,-5.315837913480639,,,4.479354406517272,nan,,,1.126989722251892,,None,-7.90136518632397,6.450115429508546,-6.32014784586171,0.10209743678569794,9.02554340860808,0.09110461175441742
Gaia,DR3,5116377562272842752,33.03535336673419,-29.10519017908751,13.450004577636719,1.4761276245117188,3.0981731367320013,8.504749515396723,36.364911836388046,-4.608543093986876,-6.52998161315918,1.2935094833374023,5.637383706118806,nan,,,0.9580404162406921,,Gaia_DR3,-10.328178040396214,8.248413491034807,-6.653530813702519,0.015572923235595226,8.479752303040224,0.014618619345128536
Gaia,DR3,5117276206870144384,32.51952231088003,-27.836333757870122,15.731025695800781,2.373814582824707,3.698877544912899,7.195997636163195,41.72986871427881,-4.384656140109797,,,6.034090191696331,nan,,,1.0347721576690674,,None,-11.062011715624513,9.00308394720237,-7.087414512537855,0.039092425256967545,11.521212500180862,0.03222093731164932
Gaia,DR3,5077360086491301888,42.36158411204387,-23.77323246426021,13.207429885864258,1.1596088409423828,3.8328946177164402,10.160772847721047,65.13904144603632,-5.224184229976476,7.594540596008301,1.4803348779678345,3.965751603642927,nan,,,0.9467775821685791,,Gaia_DR3,-7.081061634834878,5.663966818761389,-8.384925321235794,0.011393907479941845,8.591077287661454,0.014610396698117256
Gaia,DR3,5077430420876084864,43.402846695904984,-23.45774811149548,10.348031044006348,0.5793447494506836,1.9908137390803928,11.009097291530702,69.09287449919496,-5.327620606096303,3.5543999671936035,0.38361304998397827,3.930415879620938,nan,,,1.325782060623169,,Gaia_DR3,-6.985896884897517,5.586608652077859,-7.573495073832044,0.013768520206212997,7.127932890471285,0.015171628445386887
Gaia,DR3,5079528907537186048,44.97916598741857,-21.556962841350412,16.586624145507812,2.382878303527832,3.429437760916787,12.222131899766326,48.027433131804095,-5.315986653367776,,,4.576753981124991,nan,,,0.9703700542449951,,None,-8.073051795804815,6.590404505275552,-6.152169561685037,0.054203614592552185,9.28455254484036,0.050839394330978394
Gaia,DR3,5117758033481122944,32.40058903188971,-26.227273543238294,16.61362648010254,2.7080278396606445,4.670419857786282,5.583641427196104,33.91210367530328,-4.168137285262768,,,5.816088344612386,nan,,,1.7849200963974,,None,-10.663799626122582,8.83523313562847,-8.579959392576889,0.14958135783672333,3.50149661338709,0.15575508773326874
Gaia,DR3,5158196318804115712,40.80438983950882,-14.128021241563411,17.620563507080078,2.6595706939697266,4.423471038601729,10.706537769229449,84.02225771669814,-3.792176538900393,,,3.6706586944672894,nan,,,0.9991010427474976,,None,-6.594907375025253,5.889780881366971,-3.726594687852721,0.1122610792517662,4.021825259195256,0.10301975905895233
Gaia,DR3,5158071073262293120,40.397405949049606,-14.593892462110466,19.783687591552734,2.927499771118164,4.007042453686363,10.108013192904998,41.18024823699425,-3.795307654854752,,,4.5690873060647705,nan,,,1.1381967067718506,,None,-8.221332684746917,7.316102714656084,-6.598651628394388,0.5669618248939514,10.818042712291879,0.5274444818496704
Gaia,DR3,5136440419664217600,30.61430540713516,-21.373340779123637,14.546881675720215,1.5859909057617188,4.193380893298944,1.4025610561460455,83.7396160102712,-3.29129811252061,-11.117377281188965,3.6461565494537354,3.519206066790833,nan,,,1.0823248624801636,,Gaia_DR3,-6.462208742553479,5.6620644332643995,-7.889655628836964,0.020445900037884712,2.8978773793310113,0.019994715228676796
Gaia,DR3,5139142847446822400,25.275812698156113,-19.872997766909297,12.858217239379883,1.572641372680664,2.667712513553114,6.2719717008013065,77.0820975821386,-2.3276512425118208,7.338305950164795,0.9829616546630859,7.966965585420712,nan,,,0.9777106046676636,,Gaia_DR3,-14.61065243358989,13.421918792373267,-13.538515717907117,0.017418118193745613,9.071619180575215,0.010669602081179619
Gaia,DR3,5139113847827645056,25.061255786787523,-20.108082360859328,16.91419792175293,2.630101203918457,2.5474258511428713,6.4423900363485265,38.74295869987034,-2.3298320370428827,,,5.958759108581669,nan,,,1.0388710498809814,,None,-10.92524241493519,10.040678088579611,-7.758607025008955,0.05948495864868164,10.501502894437305,0.042848676443099976
Gaia,DR3,5137922286460665216,29.31821236064878,-19.243805104931862,15.041923522949219,2.2037906646728516,3.5382012136387777,2.8180820125033628,44.97335460192589,-2.819653753283065,15.164477348327637,4.7004313468933105,6.389834817371787,nan,,,1.0080888271331787,,Gaia_DR3,-11.739153036866586,10.525889045745341,-10.729512327031706,0.02427317015826702,15.183825066689533,0.02117467112839222
Gaia,DR3,5171698935772775680,37.82396895266022,-11.789067924830444,18.594650268554688,3.2682056427001953,3.824954699494717,10.530739772001397,83.84406557986287,-3.042685213499001,,,8.207574305438166,nan,,,1.110321283340454,,None,-14.89015076113509,13.584022404953068,-13.089102948326413,0.1857689917087555,7.215718599616006,0.18609441816806793
Gaia,DR3,5139142744367607424,25.272793179406214,-19.878677204397324,16.00228500366211,2.5927467346191406,2.940985388667225,6.273957543865825,76.58523564465325,-2.328012011759223,,,7.934114539699426,nan,,,0.9858016967773438,,None,-14.550360362919028,13.366449255935809,-13.361008375095626,0.05638951435685158,8.593331699262986,0.030297938734292984
Gaia,DR3,5117529541221063808,31.64871418741124,-27.437522283176335,15.517112731933594,2.259793281555176,3.953910497585336,6.779845688585845,38.06488841857457,-4.21803951868877,,,5.902583184912231,nan,,,3.290896415710449,,None,-10.830549643512876,8.92047447319909,-9.533215917791075,0.1337699294090271,4.174656815339176,0.10056466609239578
Gaia,DR3,5119635136052379392,35.83019564104617,-24.890353375463917,16.12430191040039,2.1643905639648438,4.201408821197735,5.562444570658983,83.94737343970039,-4.469739796937064,,,3.554432036480723,nan,,,1.0320805311203003,,None,-6.480416538605391,5.307221165254817,-4.480248372976132,0.03750127926468849,2.8761260200588312,0.04394277557730675
Gaia,DR3,5123445119936404992,35.611929998149186,-22.875895811094995,19.714111328125,2.5788135528564453,2.3965054375225154,4.089504194744527,57.29977599830706,-4.187827485182964,,,3.9124602120913736,nan,,,0.9764999151229858,,None,-7.136500779170264,5.978433622768356,-7.862256414668604,0.3733106255531311,4.139890185086092,0.330840528011322
Gaia,DR3,5120951942961715072,29.964393165083898,-26.03226081058479,10.01325511932373,0.6570091247558594,4.613372991702694,5.659138081626842,37.09406474938692,-3.8111785057636256,-7.209580898284912,0.23266400396823883,4.3286275238366105,nan,,,1.1483368873596191,,Gaia_DR3,-7.95096829062072,6.73680401756033,-11.160306655344716,0.027670610696077347,4.012386375377706,0.01858425699174404
Gaia,DR3,5118646816833432448,35.71288932092181,-26.23940301948797,15.157397270202637,1.9253292083740234,3.8794557925842086,6.578023966229556,28.73882524244817,-4.6192688323960684,21.811473846435547,6.87528657913208,4.617786585986377,nan,,,2.425297260284424,,Gaia_DR3,-8.4212447192757,6.798147646040275,-4.84179893062668,0.04951731860637665,5.594010611309702,0.05498103052377701
Gaia,DR3,5170277237174129920,40.144890663307045,-13.684034059552712,10.264814376831055,0.6870136260986328,2.4015496921581034,10.511718350869398,46.4500963741508,-3.6377547056764055,-0.7938544750213623,0.35588037967681885,5.929384114653463,nan,,,0.9746728539466858,,Gaia_DR3,-10.678566615861365,9.579547350624978,-7.878157235725937,0.017009412869811058,10.660729718307044,0.015948038548231125
Gaia,DR3,5141377948427607552,27.77128087462861,-17.566849786199967,15.562956809997559,2.018570899963379,4.513981197124277,4.9859134714603135,86.21311074533826,-2.3657514959041737,,,3.5175100042157013,nan,,,1.008934736251831,,None,-6.46164605439405,5.9057531117936195,-8.604433063928695,0.033716365694999695,3.334283522144604,0.02919297106564045
Gaia,DR3,5143571916505844992,34.15469517589156,-17.714985526176388,17.16806983947754,2.6082115173339844,2.7616062360628986,3.63046056314285,85.18958879010817,-3.3094689482437043,,,3.5155058348272132,nan,,,1.5494414567947388,,None,-6.430026727392775,5.679151121831495,-5.223669657023162,0.11651913076639175,4.025843261200576,0.10628867894411087
Gaia,DR3,5174428816986497024,41.223140861036576,-8.502756247773775,19.162811279296875,3.233837127685547,4.59544104116626,15.123350283915302,64.32195366064083,-3.0898406195595136,,,6.398547251654845,nan,,,0.9037731289863586,,None,-11.477712716906217,10.706709065375065,-7.563011085517211,0.3224279582500458,5.9005813426613445,0.2952331304550171
Gaia,DR3,5175688621088945408,38.190098296541635,-8.827425710753857,19.268077850341797,3.2523269653320312,4.632655314678431,13.296130364467118,47.38690381149348,-2.687528533174027,,,4.853334822381563,nan,,,0.996014416217804,,None,-8.795723048146588,8.17414902904647,-5.10116381205467,0.46813422441482544,5.204958101471751,0.3253774344921112
Gaia,DR3,5177495840248068480,41.27695504850182,-7.875870521567575,14.591595649719238,2.044034004211426,4.015183202245941,15.66796662921417,73.63794442773961,-3.010779563335711,25.742021560668945,7.081864356994629,4.114617076868528,nan,,,8.456031799316406,,Gaia_DR3,-7.3792608743951895,6.912982440130001,-5.02972415570856,0.2712574005126953,9.483864952817662,0.21167407929897308
Gaia,DR3,5175790768295619840,35.23731214875632,-10.38390386874211,16.757753372192383,2.521134376525879,1.2648501989377219,10.764992428935788,42.844164704303225,-2.466224968582098,,,4.590082921073511,nan,,,0.9928488731384277,,None,-8.378936022111588,7.734804031218655,-7.237362716823913,0.08705079555511475,7.293469602276469,0.06908957660198212
Gaia,DR3,5176878120871454208,36.37007267992001,-7.398522456053702,14.926190376281738,1.9670324325561523,2.222026305516841,13.947965985845054,49.28158198273513,-2.2162978450968542,,,4.897081596482925,nan,,,1.0628676414489746,,None,-8.917461102723573,8.350888148472322,-6.865939679482381,0.030745288357138634,7.324575055564977,0.025386139750480652
Gaia,DR3,5140717038860016640,24.666101434506576,-17.64715354909293,10.570483207702637,0.6807031631469727,3.2915099796559457,7.4753439629999106,77.01771541202058,-1.9275917711866712,12.47801399230957,1.267376184463501,3.684940662446497,nan,,,1.1172032356262207,,Gaia_DR3,-6.753096703686217,6.295389170220182,-7.5419153023549,0.022472497075796127,3.8631884409486177,0.015784207731485367
Gaia,DR3,5119653935124801280,36.49361340121671,-24.67318479707697,12.999207496643066,1.0710439682006836,4.868264837070458,5.828724678088721,73.39655321401162,-4.533748987287118,87.73938751220703,1.5384478569030762,3.7024081701492424,nan,,,1.0868312120437622,,Gaia_DR3,-6.740027248124273,5.508757725751741,-5.236545543626795,0.016430871561169624,2.0191595368542705,0.016936691477894783
Gaia,DR3,5121257263596485504,31.88307805285967,-25.15567730862226,10.47502613067627,0.6466407775878906,4.02147721636228,4.493899638202762,32.84729341793026,-3.9616526433781702,-8.530061721801758,0.3530944287776947,4.369775790422885,nan,,,1.3035603761672974,,Gaia_DR3,-8.016292055109007,6.739601372802511,-5.943229088144408,0.024190953001379967,3.669399511703289,0.023364251479506493
Gaia,DR3,5121392503526523392,32.458763048099044,-24.529439108941446,16.716873168945312,2.5623979568481445,4.856625845852493,3.900721394038628,14.325633587818194,-3.960973285854348,,,4.889747111531265,nan,,,0.9721798896789551,,None,-8.964765220954646,7.548370367959375,-4.908888877633242,0.058779917657375336,4.613683768789874,0.056728024035692215
Gaia,DR3,5123170757426039296,33.658368119222544,-23.402545641931518,15.130093574523926,2.3536558151245117,0.6722477673834009,3.184310742183594,73.90706389970369,-3.983158189560738,10.746720314025879,3.830181837081909,7.858683328610811,nan,,,1.0364950895309448,,Gaia_DR3,-14.385173978747165,12.138626843395105,-15.078589617213094,0.02807813696563244,13.01012857746936,0.025295866653323174
Gaia,DR3,5126576700851655936,36.98043559560609,-22.20743791575559,15.327529907226562,1.967397689819336,2.8905977136592953,4.9667134678821165,60.567498263369146,-4.293949338608844,17.493268966674805,10.39560604095459,3.877623735255884,nan,,,1.0903698205947876,,Gaia_DR3,-7.050572816457272,5.901009409163194,-5.264754326205658,0.030087841674685478,4.353711644796338,0.03731011599302292
Gaia,DR3,5122232496050453632,29.009934553832604,-23.97018523050426,16.861791610717773,2.5844993591308594,3.8302402013062755,4.25857871913923,14.899516456957658,-3.410681381934465,,,4.992349324006948,nan,,,0.964637041091919,,None,-9.172115699679324,7.971237289410211,-5.195692916884097,0.05697200447320938,7.309623548469817,0.05231593921780586
Gaia,DR3,5174516541693811712,42.05701915848864,-8.077362771469986,14.529998779296875,1.8256988525390625,4.820016711628627,15.953807554466412,59.16698101795802,-3.153191987584011,-11.709400177001953,3.9875645637512207,4.665479559968829,nan,,,0.9469007253646851,,Gaia_DR3,-8.341078779301803,7.812037726475071,-10.298822041866991,0.025045335292816162,3.4945358216143267,0.022647662088274956
Gaia,DR3,5146075096461170432,38.85686504448555,-14.926843670225404,15.932644844055176,2.5081920623779297,0.751673346366707,8.752131521118866,71.44762904935195,-3.617160905795023,,,7.480242969778369,nan,,,1.0899056196212769,,None,-13.529296672279198,12.035958113933013,-13.14744708570593,0.04609677940607071,10.913827121510288,0.043764628469944
Gaia,DR3,5145378963867353472,36.79365098945462,-16.55031392227634,18.218503952026367,-0.01404571533203125,4.959652712677343,6.190354736387812,34.08643765384843,-3.534964026864753,,,5.776739678572495,nan,,,0.9789851903915405,,None,-10.508586404129282,9.27384966222266,-13.053544746147399,0.14180196821689606,3.7963644770625184,0.14024066925048828
Gaia,DR3,5178845593849579136,39.87892946197584,-5.68255105347003,18.741512298583984,,3.6034526967302614,16.858015921594532,79.26212385977877,-2.496800247382703,,,4.067893787513047,nan,,,1.0788922309875488,,None,-7.332885387921833,6.946025672690927,-4.76410778532351,0.23507070541381836,5.22834803711569,0.2283579558134079
Gaia,DR3,5146022560421408128,37.59281692229189,-15.068360879507612,16.177799224853516,0.7901906967163086,3.8837706771470466,7.779331821811563,56.88788165282751,-3.4529918336732086,,,4.019917346675495,nan,,,5.849020957946777,,None,-7.297565650108544,6.502363335781006,-5.60630588221335,0.41170942783355713,3.6788860915610204,0.29423046112060547
Gaia,DR3,5126113497218864512,40.631216142326814,-21.564880177456374,11.426922798156738,0.8249330520629883,1.0601271716597769,8.185360555809007,56.869784192543655,-4.7208464393162375,41.37331771850586,0.3086853325366974,4.036293447677259,nan,,,1.311009407043457,,Gaia_DR3,-7.2564796624445345,6.012118758708634,-7.34534959938788,0.01847432553768158,5.114454250610741,0.023255659267306328
Gaia,DR3,5127666656176363136,41.8602569202068,-20.94380195120306,16.491117477416992,2.341179847717285,4.991705207369916,9.305145277933805,80.08764932877055,-4.814366856125527,,,3.687264680862841,nan,,,1.0486888885498047,,None,-6.597519117578804,5.481005785389874,-4.347924305143386,0.06225523352622986,2.3195800956878667,0.057275086641311646
Gaia,DR3,5177682134453823616,41.03716015620152,-7.192482963096375,18.4200439453125,2.6236648559570312,3.4471729902802406,16.108335217794135,69.45996196847194,-2.8802547303165795,,,4.2681732111013995,nan,,,0.9937351942062378,,None,-7.6617111989598765,7.206807547656561,-4.567593612236921,0.19590191543102264,7.423210055859241,0.17858462035655975
Gaia,DR3,5178616002078455680,39.78164381289119,-6.6946109382701655,17.086383819580078,2.844837188720703,1.2294411046488005,15.91373257693173,55.03249082187632,-2.6249691754706803,,,5.13931919426765,nan,,,1.0429978370666504,,None,-9.267347992646119,8.728164107230803,-10.366192971623079,0.07533740252256393,7.975324803960601,0.06843143701553345
Gaia,DR3,5177457971521050880,40.82183544142908,-8.174890659194812,18.3072452545166,3.2430572509765625,4.8438679045380955,15.168097921128785,58.25263274947119,-2.9854002368431143,,,5.939172612569829,nan,,,1.0353710651397705,,None,-10.669949193163214,9.970643933964194,-10.578678813326967,0.22271354496479034,3.9066276232823216,0.1668819785118103
Gaia,DR3,5185777052590568576,41.94512663315076,-3.299689157540776,13.486536979675293,1.5270891189575195,4.877916990484661,19.924220893565973,68.80417509691073,-2.4645890149586407,26.30767250061035,2.0529890060424805,5.529033563925106,nan,,,1.161628007888794,,Gaia_DR3,-9.889517182859901,9.533260633448673,-10.635698179106043,0.018108369782567024,3.896855884985259,0.016982506960630417
Gaia,DR3,5187087636091148928,43.92338173869406,-2.8178780800394274,12.436601638793945,1.1924610137939453,4.741719605373781,21.342080744008932,73.35273447380709,-2.686929358156326,20.562908172607422,0.7268122434616089,5.561552755727956,nan,,,1.1155353784561157,,Gaia_DR3,-9.86115850263014,9.596492993436978,-9.356279182994495,0.01722664199769497,4.060126085209683,0.01563742570579052
Gaia,DR3,5147316818750919296,37.04571296879114,-13.006612445806454,18.218568801879883,2.702465057373047,4.406060748415926,9.095417306303064,61.54522435056253,-3.094769395967308,,,3.9865692032791777,nan,,,2.372697353363037,,None,-7.2474640760445865,6.564281556612319,-6.190603218900145,0.5639835596084595,3.015414481228118,0.35646095871925354
Gaia,DR3,5147356916564967808,35.57421606299129,-13.509042533309067,10.270514488220215,0.7398834228515625,0.7192811882481186,7.963344882837563,76.00287921522383,-2.9475090844841967,26.58837127685547,0.45391467213630676,7.815771111167447,nan,,,0.8738524913787842,,Gaia_DR3,-14.25744116724346,12.909599252164657,-15.176984510413316,0.019298674538731575,12.161972125146026,0.016370302066206932
Gaia,DR3,5149006561964326784,30.15699621676574,-14.211925948289133,17.308462142944336,2.6546478271484375,3.400567545628796,6.662730973313383,24.84670752355308,-2.2474472407072508,,,4.808697400588239,nan,,,1.0793116092681885,,None,-8.832090590607809,8.109897190742123,-9.674048858933059,0.10272226482629776,4.767069704615782,0.08173014968633652
Gaia,DR3,5127308936940982656,38.90341270595582,-19.995097738670534,17.71687126159668,2.9987010955810547,2.441041313211429,6.591884831627389,36.502145245569054,-4.283401827847588,,,5.848856725947486,nan,,,1.0222957134246826,,None,-10.577118633684336,8.977006279740847,-11.932248960750822,0.13143981993198395,6.289533714052473,0.10857994109392166
Gaia,DR3,5128046988416018304,43.669509821775954,-19.60932366140664,13.40116024017334,1.337636947631836,4.5597233285526,11.08910162603743,44.46683316852615,-4.9002890069551315,-5.1824750900268555,1.4508531093597412,4.5667585409163705,nan,,,1.040051817893982,,Gaia_DR3,-8.1069537405019,6.80825691520087,-8.166024821399692,0.015763331204652786,2.41892396914042,0.016646316275000572
Gaia,DR3,5128489915507906176,40.970501835701555,-20.357160115879918,18.67207908630371,3.918397903442383,2.3019098086598886,8.491343796071453,82.21236979065786,-4.618257257646959,,,8.214857647030591,nan,,,1.0729328393936157,,None,-14.750055151990434,12.375458506820936,-16.764609581393017,0.24731548130512238,15.815351835603764,0.2865072786808014
Gaia,DR3,5130261610992774528,37.594390512661455,-19.989440824797235,15.115200996398926,2.157327651977539,3.2521479251271757,5.373160157743868,18.869630671867153,-4.098263392287403,3.168457508087158,7.068790912628174,4.962574065038869,nan,,,1.0923410654067993,,Gaia_DR3,-9.008781008796142,7.6873829451698015,-5.767818781063816,0.02904125116765499,8.722562009834075,0.030703727155923843
Gaia,DR3,5132920913008151808,40.51353752503319,-16.35975241298161,19.834856033325195,2.8191699981689453,1.7763659531138563,9.220973165705885,72.51625758492045,-4.043993941375202,,,3.8018751601090184,nan,,,0.9656309485435486,,None,-6.837983140178858,5.987036635418686,-7.272820405620385,0.521032989025116,4.631356979549569,0.44177553057670593
Gaia,DR3,5133458196236874240,38.02735638601511,-16.350834392901998,19.024171829223633,3.2896041870117188,2.15182512615891,7.226435328018278,41.23986701991467,-3.686334797598386,,,6.009287011373733,nan,,,0.9593292474746704,,None,-10.895767652934566,9.596560627499647,-12.441206983785314,0.25813981890678406,11.842119602863837,0.236359640955925
Gaia,DR3,5125548451321304960,39.44683917054873,-22.829006339190627,16.767690658569336,2.240725517272949,3.9443418044365757,7.327775608654306,71.87581368052759,-4.712760872548721,,,3.7573094792747477,nan,,,1.042160153388977,,None,-6.782885888090101,5.566946781008294,-6.18252469452999,0.04965968802571297,2.5009442576842877,0.05709388479590416
Gaia,DR3,5125630811613285760,39.369451586241276,-22.49032036713879,17.05352020263672,2.379246711730957,3.3570932620003924,7.173401019326614,53.804959930127026,-4.660479885295877,,,4.054060546666677,nan,,,0.9155430793762207,,None,-7.320458889844321,6.034123313724118,-9.828917068515798,0.06131041422486305,4.641519882625361,0.06874584406614304
Gaia,DR3,5127398276555771776,42.620445851104954,-21.35606005859382,14.66300106048584,2.0306529998779297,2.91716982575883,10.021353580704083,39.20397953630886,-4.969588507014992,5.472937107086182,7.923692226409912,5.564179455324912,nan,,,0.9964591264724731,,Gaia_DR3,-9.924158891472578,8.182081275017023,-8.543553437427546,0.025336090475320816,11.312994615089199,0.027362719178199768
Gaia,DR3,5157002828996585344,41.24006826330866,-15.570012955251173,17.23430824279785,2.841671943664551,3.3770080235662827,10.222003715486636,36.792073539440324,-4.044723830546378,,,4.83757121939106,nan,,,1.1661686897277832,,None,-8.677066140036388,7.6445910631929035,-10.85814862784031,0.11231109499931335,4.979381969060465,0.10140156000852585
Gaia,DR3,5150610272687943552,36.14566554247201,-12.18592961233616,15.31795883178711,2.3645153045654297,1.3048108372994798,9.397640215352473,34.03093307404868,-2.8501756873958373,8.2770414352417,5.322236061096191,4.827496012165527,nan,,,1.0323127508163452,,Gaia_DR3,-8.79529440137577,8.022409272121097,-9.960364582376393,0.0332283154129982,8.65950633111633,0.029918069019913673
Gaia,DR3,5130339328425216512,39.014830548873185,-19.727247378365117,19.171079635620117,0.06625938415527344,4.631658620315966,6.733415429417181,23.848157873963164,-4.265031037482691,,,5.120093170143157,nan,,,1.0693204402923584,,None,-9.25597049225743,7.873942816589755,-5.34421989473392,0.24233530461788177,10.986948869031874,0.267365038394928
Gaia,DR3,5134677245394965376,29.679297639810258,-23.04346373435013,18.43492889404297,3.373189926147461,0.9801597347293635,3.1550796113959545,89.77427397760755,-3.3814404040869155,,,8.990957375910757,nan,,,1.0086610317230225,,None,-16.516448670685392,14.382990200714005,-15.09340178815137,0.1659885048866272,13.188720020602318,0.14916813373565674
Gaia,DR3,5135882623670830336,27.693042281348625,-21.44639487585093,19.911876678466797,2.5468368530273438,1.4602707679871498,4.011958360235428,22.23026963470036,-2.8877650115283915,,,4.60052454150333,nan,,,1.0429117679595947,,None,-8.450935285964597,7.555269856920634,-7.1335710352087345,0.4565735161304474,8.075118670845264,0.35455867648124695
Gaia,DR3,5131473788202615296,37.81947939903138,-18.318249864302203,15.963719367980957,,3.8953179339237543,6.043733230047478,37.89382993737101,-3.9144462668144837,,,5.950827009798767,nan,,,1.2417315244674683,,None,-10.796103486465928,9.351039026342704,-15.462212505595705,0.0666135847568512,7.899553950416571,0.061183348298072815
Gaia,DR3,5132407960769230464,39.34763085335381,-17.146629877846827,14.958184242248535,2.6118106842041016,3.232842928330586,7.864556510397938,59.95633305616761,-3.9800058669741474,-17.77788734436035,8.096789360046387,6.876172403685537,nan,,,1.3786052465438843,,Gaia_DR3,-12.417262180029113,10.821081559271796,-9.632700257827288,0.04054495692253113,7.051881053835986,0.038123104721307755
Gaia,DR3,5133433736398521088,38.00349700857451,-16.412603803563492,15.02987289428711,1.963775634765625,2.2709372930973046,7.170726128744653,29.890842170320685,-3.6910605337659965,29.912986755371094,8.4783935546875,4.643170081158963,nan,,,1.0362424850463867,,Gaia_DR3,-8.419358940137862,7.412027140529732,-6.234231636016577,0.05627836659550667,7.819827271101931,0.03305963799357414
Gaia,DR3,5157951196430479616,41.77622408769798,-14.401206590596365,15.636249542236328,2.0561695098876953,4.956206619643451,11.295382120209393,89.42826277103055,-3.968063247918275,,,3.609244039722846,nan,,,1.1133484840393066,,None,-6.460120203232259,5.750100901368476,-9.249350076555118,0.03653556481003761,3.2122542353160894,0.0371660478413105
Gaia,DR3,5133909275176890752,38.44611660037428,-15.631394939461744,19.928865432739258,2.592348098754883,3.8766157103521874,7.990950210378619,67.43865562077865,-3.6514494028868922,,,7.2849108388845485,nan,,,1.1609773635864258,,None,-13.192526012348608,11.677891747011168,-18.058972139509677,0.6533530354499817,8.248430845344075,0.5260274410247803
Gaia,DR3,5134513181939153280,27.219555410189688,-23.0161217507058,16.385231018066406,2.7410011291503906,1.7283819888653351,4.948357701740354,68.80270420045571,-3.0337143376067353,,,7.5029479156144525,nan,,,1.046627402305603,,None,-13.779997269893336,12.236512100923356,-15.405665434259635,0.053259991109371185,10.038618608487557,0.04397366940975189
Gaia,DR3,5137681733932287744,30.37681433342836,-19.424652989671277,14.221345901489258,1.5243101119995117,4.194150399821524,1.898100533144607,48.194883293885795,-2.9960142040172064,12.9918212890625,4.274574279785156,4.028292929110293,nan,,,1.0847876071929932,,Gaia_DR3,-7.3979706430559835,6.582690376581768,-4.296653644166736,0.020090365782380104,8.334113307409488,0.018006691709160805
Gaia,DR3,5138278596946699648,31.017291922698963,-18.207688099840535,18.36782455444336,3.1569042205810547,3.1893808802980774,2.594241748697124,32.675750485860206,-2.9232442540211467,,,5.916273330899817,nan,,,0.9854287505149841,,None,-10.86109543602186,9.70715470140003,-8.985591346405997,0.15191543102264404,6.19922162001105,0.12005344033241272
Gaia,DR3,5140534382490803840,25.697172216803715,-18.12368226392784,13.661264419555664,1.2941246032714844,2.3048654911525377,6.384760946676644,67.43507380124075,-2.143548020667473,9.46578598022461,2.1021790504455566,3.802093608621693,nan,,,0.9797996282577515,,Gaia_DR3,-6.975588488513781,6.44342395091352,-7.800890579371792,0.016087356954813004,4.790625195033749,0.012619496323168278
Gaia,DR3,5136156569569998976,27.296055989537045,-20.7463590311473,18.686485290527344,2.897867202758789,1.9323465730180247,4.315867667409774,23.28631969241674,-2.736015013747239,,,4.591797611326017,nan,,,0.9773087501525879,,None,-8.43363710003144,7.595251131013801,-6.691790411220456,0.1841811239719391,8.276985825683845,0.1589493602514267
Gaia,DR3,5136522024042923776,31.45905862434512,-20.961278228833773,11.882898330688477,0.7838191986083984,4.859224958517383,0.5164113455674583,53.22032264101527,-3.3561757886284127,54.21533203125,0.5898460745811462,3.94009416010822,nan,,,0.9331678748130798,,Gaia_DR3,-7.2307895187097415,6.320592955033453,-3.3984003835089602,0.01572434976696968,7.586737304244506,0.011957082897424698
Gaia,DR3,5171637298697880960,36.98935634971083,-11.937734530383795,14.681726455688477,2.16243839263916,1.9297088761049004,9.991318657274952,38.329951636670714,-2.9403273742410607,27.79305076599121,3.1379199028015137,5.508855472729925,nan,,,1.3227593898773193,,Gaia_DR3,-10.016368964840572,9.138424799038033,-11.405653221127594,0.0378430113196373,10.89684197487398,0.029101768508553505
Gaia,DR3,5140876635549193856,27.939396874715698,-19.30228220289568,17.92023277282715,2.7212181091308594,0.38296156071689025,3.970590961660958,69.76439865210146,-2.6298170662749594,,,3.7243203913581806,nan,,,0.988518476486206,,None,-6.8418644381118945,6.18718760788727,-6.941446660631572,0.10989256948232651,6.470890371135884,0.09332843869924545
Gaia,DR3,5142406404116352128,25.96878668874213,-16.396390940467757,12.140989303588867,0.8757925033569336,4.0909015405353415,7.063709103845392,61.47720188548617,-1.939977293534481,-9.903667449951172,0.7934001088142395,3.9153233767681965,nan,,,0.8836308717727661,,Gaia_DR3,-7.185055337705464,6.676051237842557,-10.032540526960405,0.012354268692433834,4.861342066788454,0.008733971044421196
Gaia,DR3,5139110583652500480,25.117873911852215,-20.131799503084476,10.237945556640625,0.6524772644042969,2.577346681304388,6.38703004527795,39.15054056805815,-2.341202589597283,-4.567228317260742,0.3513045907020569,5.980579918968594,nan,,,0.9687741994857788,,Gaia_DR3,-10.965941058177249,10.072499691752036,-7.725163440658622,0.016807787120342255,10.309498507361932,0.011147592216730118
Gaia,DR3,5172101631906876288,40.0440690870993,-10.302528261583433,18.002595901489258,3.0217819213867188,3.1080135341605537,12.98317953700181,59.20127885224179,-3.164893910094249,,,4.275799274048508,nan,,,0.9695258140563965,,None,-7.703253502727934,7.091939832320142,-9.826607258980763,0.13448841869831085,5.264426954234352,0.1361897736787796
Gaia,DR3,5177694473895493760,41.05753331429077,-6.999134096710183,14.774097442626953,1.9578771591186523,4.550588042663328,16.282727930792248,66.04633710373258,-2.8562304801997827,-5.479701995849609,3.619476079940796,4.401660817647717,nan,,,0.9960508346557617,,Gaia_DR3,-7.900718997936594,7.440841557452732,-8.98066672509726,0.028326373547315598,3.3587231260419683,0.024513881653547287
Gaia,DR3,5175509572492453120,37.41748530054737,-9.765885144817222,15.979466438293457,2.1589488983154297,3.288228247483796,12.118924512584572,85.87278336709,-2.703639845147229,,,3.6902696974804927,nan,,,0.9594297409057617,,None,-6.702301814534652,6.195490063052008,-7.609468149758438,0.0513235405087471,3.803683292946748,0.041393980383872986
Gaia,DR3,5144152699163786624,35.437924453237166,-16.300951060669146,12.573505401611328,0.9518518447875977,1.6866754827236652,5.496423556534656,63.83406320989081,-3.305654193518223,2.583820104598999,0.9903940558433533,3.837736708223419,nan,,,0.9880418181419373,,Gaia_DR3,-7.002732813684114,6.219853600287032,-5.6729556930327245,0.013596019707620144,6.526060947048624,0.012735539115965366
Gaia,DR3,5144942702563551360,34.5682474883376,-16.22930147722569,14.752144813537598,2.314289093017578,2.134560687960239,5.099601795868283,33.099832442259164,-3.169873095392835,4.171420097351074,3.2759039402008057,5.815981891683917,nan,,,3.9439125061035156,,Gaia_DR3,-10.630147238937738,9.476135587059575,-11.698388922417255,0.09234502911567688,7.086961600215039,0.0722912922501564
Gaia,DR3,5178845593850174336,39.8787341624078,-5.68227953170916,18.57868003845215,2.6869277954101562,3.6887780534367427,16.858171823480838,68.50828817269782,-2.496732903564102,,,4.382692337862253,nan,,,0.938180685043335,,None,-7.900354300827031,7.483565311662153,-5.164302563197046,0.1919928789138794,5.451497489046418,0.2018854171037674
Gaia,DR3,5180529251094364672,44.48761237894908,-6.745213323949003,11.37826156616211,0.8153820037841797,3.59700913789549,18.49620198326197,64.7614934186739,-3.3229470545667885,35.41761016845703,0.5701086521148682,4.944853362892946,nan,,,0.9119583368301392,,Gaia_DR3,-8.743830744543082,8.310244937578124,-10.675868495597827,0.020793188363313675,5.096708542280414,0.01696024276316166
Gaia,DR3,5177706018767629184,41.67985785849085,-6.993007509040026,8.500134468078613,1.1879992485046387,1.688610881912153,16.623248112150875,59.18227606778394,-2.9469954168866845,15.91946029663086,3.2438578605651855,5.624572388319786,nan,,,6.025403022766113,,Gaia_DR3,-10.071226885938742,9.495155384527441,-8.282816022227845,0.17442530393600464,8.594907751164266,0.12132551521062851
Gaia,DR3,5144588556740109696,31.309955924695192,-17.25013538413314,14.323055267333984,1.9180841445922852,2.0392641033652126,3.458435095146233,12.429666917707952,-2.8353017164910597,11.511411666870117,4.075972557067871,4.92396703801671,nan,,,6.293033599853516,,Gaia_DR3,-9.037462745649702,8.114947468611987,-6.9418185724263495,0.1418217122554779,7.816418307029906,0.10539660602807999
Gaia,DR3,5144152699164004864,35.43715551980198,-16.300922200234602,12.215120315551758,0.8851842880249023,1.3696075701888912,5.496002907743034,65.43202086093709,-3.30553890401215,2.971341848373413,0.5483995676040649,3.8132355094251595,nan,,,1.0270614624023438,,Gaia_DR3,-6.95803635355032,6.180171841546934,-6.133552732175326,0.014392269775271416,6.909824469088174,0.013502378016710281
Gaia,DR3,5142308616301040640,26.349766391616193,-17.057519624987197,19.078845977783203,2.9359359741210938,3.1554808590424197,6.376042538022426,69.15740879272603,-2.088423552673991,,,3.7757358455253653,nan,,,1.0696312189102173,,None,-6.930971005911135,6.406264970335283,-4.4412740468832075,0.3158959150314331,6.737589044660615,0.23365376889705658
Gaia,DR3,5184278723184334592,43.34591742837964,-5.582565007872644,19.0093994140625,2.900930404663086,4.558174072672739,18.723941251993566,84.43857168524057,-2.9939172107032217,,,4.088079008671686,nan,,,1.0133006572723389,,None,-7.268012233444793,6.941145310734185,-10.396699319567354,0.2970242202281952,4.56572239029388,0.2932851016521454
Gaia,DR3,5147341145445094016,35.8547624029521,-13.622508767714622,18.41050148010254,2.924274444580078,0.7646394227994536,7.983987081906902,62.083987198342875,-3.004148315250348,,,3.9346191759745457,nan,,,1.0075546503067017,,None,-7.173187757523253,6.485824095534975,-6.543938511341102,0.20851537585258484,6.565198745836202,0.1811780035495758
Gaia,DR3,5147346161966897536,35.936039581979074,-13.617339298709684,17.816497802734375,2.7126636505126953,2.7900412025371377,8.02545467013776,66.76670667770807,-3.0153572117062635,,,3.8570966235860213,nan,,,1.1589646339416504,,None,-7.030604007730167,6.355908190403575,-7.472367411781686,0.17131362855434418,4.130711999638591,0.14522503316402435
Gaia,DR3,5147967592195407360,29.814816873835994,-15.959408024595035,18.571208953857422,2.9402847290039062,4.815579209973275,5.10521706692213,79.19449867665875,-2.4402036666887383,,,3.610370695166374,nan,,,1.012549877166748,,None,-6.63199843079142,6.044773168800009,-7.658162454105309,0.19649527966976166,2.5262074694768133,0.1743127703666687
Gaia,DR3,5146302553633833600,36.795796884922446,-14.386095733764366,12.383397102355957,0.9829864501953125,3.934285797667465,7.8147160161804905,27.733280922191867,-3.2453639250759103,60.08369445800781,2.5207042694091797,5.16120372529971,nan,,,0.8544157147407532,,Gaia_DR3,-9.388802462277223,8.425025837777591,-13.107992884296918,0.014021165668964386,6.305719328192808,0.013542860746383667
Gaia,DR3,5153815142924470528,44.98983158651897,-16.698612954702327,8.96773624420166,0.5999937057495117,4.602219084242061,13.004139668046479,71.35224791274447,-4.720253123452114,36.62114715576172,0.19026914238929749,7.131711337419296,nan,,,0.9872972369194031,,Gaia_DR3,-12.579123094838522,10.909237943361058,-19.423818195075754,0.019393635913729668,11.921512257723812,0.01580939255654812
Gaia,DR3,5151230289871631744,32.76781916692812,-11.951878640842562,19.83407211303711,2.573505401611328,4.650761891441114,8.748770056373303,36.20371731221992,-2.3182140681074044,,,4.592048509170566,nan,,,0.9572012424468994,,None,-8.415893900459935,7.744829439254609,-5.959477940645302,0.4791358709335327,11.517832818799523,0.6151339411735535
Gaia,DR3,5151210777835218560,32.75161171655789,-12.08071706635995,19.595142364501953,3.0980987548828125,4.4519657556432195,8.61901964483131,46.767660613559144,-2.3337833572777424,,,4.270278346896526,nan,,,0.9964462518692017,,None,-7.8263381549696005,7.19788957550949,-11.802893400819785,0.4049821197986603,7.69685968556702,0.3548121750354767
Gaia,DR3,5154225466920044032,44.2321690372067,-15.262364069043931,17.563928604125977,2.731891632080078,1.2039354587321216,12.899004282807743,77.0536438223802,-4.4301450279964705,,,3.872078545731017,nan,,,1.0342353582382202,,None,-6.855417825953854,6.041638872521587,-7.7927155598427476,0.09920109063386917,5.746256002399719,0.1090092584490776
Gaia,DR3,5156909267428613888,41.423706178796216,-16.140996445419436,18.33432388305664,2.7553157806396484,4.853936946001116,10.092997966411485,82.98337630414835,-4.1453439861261785,,,3.66726861561212,nan,,,0.9986644387245178,,None,-6.573206033608086,5.757887019221366,-3.8855033157949364,0.1636301428079605,8.376664232928508,0.1923930048942566
Gaia,DR3,5149423315525918080,31.01039717927125,-13.544420863345646,15.32236099243164,2.455190658569336,4.994846572522771,7.168987051988728,55.00814189868409,-2.2802055853612155,,,6.663514142202532,nan,,,1.148644208908081,,None,-12.232938758345728,11.23141465477778,-15.231062052731183,0.05033138766884804,4.887781631764302,0.03020351007580757
Gaia,DR3,5150243619919633152,32.45918172905464,-13.173202703528105,15.611489295959473,2.232603073120117,2.9745686538106026,7.507071093149134,26.235529712532678,-2.4425237957432158,,,4.998946995744628,nan,,,1.0708249807357788,,None,-9.164965762571986,8.388321672969637,-11.356132331502861,0.0409577377140522,6.1466624614713785,0.030885327607393265
Gaia,DR3,5151419886907431424,32.21689294391816,-11.877811998434927,12.30028247833252,0.9681491851806641,1.0417536762703452,8.788983489578994,33.23271756586619,-2.226100588291853,30.157529830932617,0.6638716459274292,4.737100412920262,nan,,,0.9874551892280579,,Gaia_DR3,-8.687213380275416,8.009645806831243,-8.003722178463871,0.016486940905451775,7.225352869052255,0.011877814307808876
Gaia,DR3,5160320296095394688,43.33331958412046,-12.114807692268778,19.1704158782959,3.284891128540039,1.6301708213007138,13.887434842563298,49.655420590195114,-3.8883235530215416,,,4.833659958798608,nan,,,1.0101674795150757,,None,-8.594039439552578,7.806892232012419,-9.223280258479372,0.3147820830345154,6.269566813882168,0.30969321727752686
Gaia,DR3,5170548713466959232,38.834267522697054,-12.792216664592354,16.864055633544922,2.700265884399414,4.139565854447795,10.287035740239467,44.052713075717804,-3.3272438708288616,,,4.4837285615600555,nan,,,6.29704475402832,,None,-8.110158957727782,7.3376030428287295,-11.763442814246257,0.4236331880092621,8.738803783888992,0.3905845284461975
Gaia,DR3,5175517436576873856,37.63634687063894,-9.784414413050444,18.061450958251953,2.6354122161865234,4.664697611068217,12.196046340183608,63.35466941042477,-2.738613346084758,,,4.11213687288615,nan,,,1.0067071914672852,,None,-7.46409074837388,6.898145423688026,-3.4241916064567874,0.21294629573822021,7.0741667311858025,0.16306179761886597
Gaia,DR3,5160891080069322880,44.86881252559857,-10.819233018334998,18.013147354125977,2.984445571899414,4.2118351470815485,15.872789304030688,55.55176852888731,-3.935276950658735,,,4.959159295530746,nan,,,0.9631636142730713,,None,-8.752478288591131,8.05531596899209,-10.177798621303658,0.13806356489658356,3.889161955173696,0.15223073959350586
Gaia,DR3,5156856662669228928,42.25031500992589,-15.676550887283373,19.269620895385742,2.6858596801757812,1.4385645471417807,11.013090322911763,49.30360788633964,-4.202703884920397,,,4.38708770579911,nan,,,1.0574870109558105,,None,-7.8370522687654445,6.888325106274227,-6.710555142575661,0.3356773853302002,6.180449021582791,0.3607381582260132
Gaia,DR3,5171864274834099584,39.71619615954573,-11.492299949650647,19.56545066833496,3.145540237426758,2.9229640955468366,11.840570482458233,60.24349791878829,-3.2795518141132627,,,4.1608347536638375,nan,,,0.9910582900047302,,None,-7.504588535881513,6.850640132679306,-5.786175623620235,0.4030701518058777,4.947888457319608,0.4012264907360077
Gaia,DR3,5172195915029083520,38.09877283257429,-10.80584299451519,19.806596755981445,2.484943389892578,4.0562456486042855,11.511899546254888,48.89174949507508,-2.948107748375783,,,5.933882242600043,nan,,,0.9911985397338867,,None,-10.756844973225878,9.87516043757784,-12.52743896081175,0.5254636406898499,5.1200632530837344,0.38770219683647156
Gaia,DR3,5178276420488924928,38.897780113250306,-6.779820455401738,18.733182907104492,2.879007339477539,1.8940932956953795,15.444545775014895,73.1342685048318,-2.5058031270847057,,,4.109854344488471,nan,,,1.1460353136062622,,None,-7.432424000211391,6.989936317539277,-7.269187824167355,0.29790812730789185,8.622837255364686,0.24117721617221832
Gaia,DR3,5180830143618867456,44.990277900871206,-7.08373010615057,15.464284896850586,2.2031030654907227,4.337554417773352,18.566310181910573,79.07046744258776,-3.4428461473120393,6.229608058929443,7.614292144775391,4.22331390820157,nan,,,1.0008577108383179,,Gaia_DR3,-7.449188891727521,7.07195254397937,-3.6836628285426163,0.042779065668582916,7.928866178008578,0.03940630331635475
Gaia,DR3,2500480623442479488,37.17570496555999,0.48805336840131996,15.722335815429688,2.2995128631591797,1.237651890744705,21.768504685600025,88.38837512181293,-1.2073891641975998,,,4.272940933983265,nan,,,4.418617248535156,,None,-7.765485484800275,7.492678064141825,-6.691544045155585,0.21787159144878387,7.791913503708466,0.1668478101491928
Gaia,DR3,5176518198316649472,37.796697130860196,-8.262911213359686,19.128273010253906,3.1912841796875,2.3933733066982517,13.641127847075149,48.918920678654345,-2.550326492075571,,,5.478457031400508,nan,,,0.978781521320343,,None,-9.939751895545555,9.266956744449312,-7.194596448162778,0.26773035526275635,8.943551972842751,0.2647094130516052
Gaia,DR3,5175790871374735744,35.242358378332455,-10.385468407029691,11.40792465209961,1.0233583450317383,4.438317695151434,10.764940241678884,37.58158073685351,-2.467192746095609,17.049955368041992,5.125858783721924,5.148848056900647,nan,,,4.535547733306885,,Gaia_DR3,-9.398835725235294,8.676163519689455,-6.153502999666866,0.10613381862640381,5.115838674733979,0.08023383468389511
Gaia,DR3,5174385631090647296,41.37183782114464,-8.572610163155945,15.461363792419434,2.4695234298706055,4.862473094427729,15.152617737287985,75.88995704881886,-3.1213249140174293,5.3980560302734375,6.863659381866455,7.205263586035054,nan,,,1.0195242166519165,,Gaia_DR3,-12.91732885975915,12.045856728094645,-5.702878813095074,0.04081140086054802,13.627616996953085,0.03829279541969299
Gaia,DR3,5174736508443366656,36.24501805304025,-11.248514512627507,18.35257339477539,3.277149200439453,1.064827523825711,10.292739514688805,36.934690745351546,-2.7355986314524934,,,4.8475038985398236,nan,,,0.9904886484146118,,None,-8.829742409542995,8.099275979324087,-8.095380488304226,0.18635761737823486,8.902259707437484,0.17448389530181885
Gaia,DR3,5176280325848107264,34.64276542376954,-8.89820797153411,19.40094757080078,2.965311050415039,2.7203009059977115,12.055685697682085,81.71213954019399,-2.1695168363321637,,,3.7545211474632483,nan,,,1.1034835577011108,,None,-6.86139988585729,6.3863124915031015,-9.013195894881331,0.43555325269699097,6.31158741074838,0.4050838351249695
Gaia,DR3,5178560579820437248,37.76630669136114,-6.336167676669537,9.973602294921875,1.0374994277954102,4.706926772209607,15.409791203472432,56.91628379898711,-2.274750406030292,-12.994827270507812,0.21627667546272278,4.687175987153862,nan,,,1.0070078372955322,,Gaia_DR3,-8.504821703920761,8.009281252147405,-4.77098396296088,0.023433877155184746,5.236263720629676,0.02042635902762413
Gaia,DR3,5175496305337762944,37.44146030074121,-9.8324641005177,15.905537605285645,2.280071258544922,1.839455169417077,12.068952848980741,74.97047317398668,-2.7164357637674215,,,3.871135273647164,nan,,,1.1034294366836548,,None,-7.030341753294707,6.496067879866789,-7.477877060645239,0.053968507796525955,5.063200394268977,0.04273116961121559
Gaia,DR3,5175646148156803968,37.816922384648116,-9.22574692738606,18.19407081604004,3.3887557983398438,3.510539276898816,12.776213667440423,56.677419334924046,-2.6877071003049293,,,6.235114757841146,nan,,,1.257886528968811,,None,-11.311944415950695,10.488366787945008,-7.245544930786322,0.19031456112861633,12.669313665453245,0.19024702906608582
Gaia,DR3,5177521163375208192,40.42059879125818,-8.061405676591578,11.420050621032715,1.0880842208862305,4.358246385476037,15.047332925215583,82.9445243795279,-2.910537354261524,5.225831985473633,0.5116303563117981,7.740646294531965,nan,,,0.962908923625946,,Gaia_DR3,-13.926874817907567,13.018242926766487,-10.480610319827683,0.01932179555296898,19.239267024457135,0.017617668956518173
Gaia,DR3,5179031308236081792,39.300278920489596,-5.505090414620888,15.815929412841797,2.521759033203125,0.544399699419991,16.769039502851967,65.82337419725421,-2.38572969806432,,,6.221048831697359,nan,,,1.0576471090316772,,None,-11.235949826073812,10.643562662590702,-11.763612512870143,0.046055592596530914,10.162617319926506,0.046034883707761765
Gaia,DR3,5178652041148808192,38.97300128101048,-6.736835425204969,12.509255409240723,0.9729604721069336,4.452800534932823,15.515410776328483,84.37137463138137,-2.5109296162593173,3.4575581550598145,1.1830648183822632,3.8697740385390165,nan,,,1.045159935951233,,Gaia_DR3,-6.996600530861054,6.582068914863817,-8.3815000016472,0.019171809777617455,3.2238870889055056,0.014016155153512955
Gaia,DR3,5180927244239436800,44.65511049795308,-6.460887993395785,17.955425262451172,2.912984848022461,2.967931007513105,18.821080407153737,77.37909660632204,-3.307711362607443,,,4.304754177663311,nan,,,1.0009173154830933,,None,-7.605654438447361,7.246886129952204,-6.8377951194167235,0.1288219541311264,4.665307399055653,0.12552408874034882
Gaia,DR3,2498875641408514944,40.730646968578945,0.563740576472981,17.5534725189209,2.7120227813720703,4.2032030803899065,22.91336976082811,84.2103521251334,-1.728110520967219,,,4.62407007081288,nan,,,0.9653155207633972,,None,-8.31013781335516,8.11504117708581,-11.092079650410616,0.1203378215432167,5.106962486929663,0.12101467698812485
Gaia,DR3,2509545753216225664,27.01674168361883,0.5704285593215696,13.071059226989746,1.388442039489746,2.1582128199518826,21.765220880559685,76.0844524099239,0.3440649016958819,3.135051727294922,1.352066993713379,5.870180646982609,nan,,,1.0431939363479614,,Gaia_DR3,-10.78016043362994,10.276624983817229,-9.255041540922685,0.023473503068089485,8.084128020793228,0.01484843622893095
Gaia,DR3,2512252888282667520,25.54316678279398,2.3080835336071948,7.484042167663574,0.26270103454589844,4.475021496860614,23.802081050004652,85.48342534612787,0.8191579730816925,-5.8642683029174805,0.48484575748443604,6.404755921575392,nan,,,1.080213189125061,,Gaia_DR3,-11.74889628476522,11.181050008414001,-6.238045412155002,0.04094410315155983,13.658484483928758,0.024248825386166573
Gaia,DR3,2501704822265732096,35.97829021912628,1.8673922921067805,11.028470039367676,0.8204507827758789,4.027342708774749,22.879184591179946,79.19952291355419,-0.8267265399509796,-1.7481368780136108,0.45223718881607056,5.844631847696961,nan,,,0.9607123136520386,,Gaia_DR3,-10.652430418228708,10.27428556930183,-12.942480886976986,0.019369466230273247,5.872208747805648,0.01742515154182911
Gaia,DR3,2513575394612419840,35.242998287223706,1.3581387147637076,17.65279769897461,2.9133758544921875,2.5870790650913036,22.26064942574225,89.83660674634645,-0.7898249521731282,,,4.2813456758973745,nan,,,0.9371496438980103,,None,-7.815265277748336,7.516873910593392,-5.522132911563856,0.12249196320772171,7.076841149901299,0.10088121145963669
Gaia,DR3,5184488768560299648,42.82634410585245,-5.32297470304403,16.886425018310547,2.538994789123535,1.5792618143090822,18.645061321310557,64.88035767737865,-2.881234217680539,,,5.003238608298176,nan,,,0.9597991108894348,,None,-8.915692100993061,8.51671489531488,-10.089576164558792,0.0792226567864418,7.334957278694889,0.06228682026267052
Gaia,DR3,2498803898274477184,41.01081891893275,0.23912889471098434,17.57632827758789,2.989940643310547,4.77271008133408,22.7178803067872,77.55586989547291,-1.8168526732822843,,,5.304249107423179,nan,,,2.6090080738067627,,None,-9.52250349508982,9.297815728163583,-10.815820680178703,0.29195982217788696,4.120105886718159,0.24853581190109253
Gaia,DR3,2535276833567038336,18.912231299905137,1.0567343921876349,16.164796829223633,2.5157880783081055,2.484016973290664,25.170440639608977,85.33435637099171,1.6389687734071408,,,5.471541514486278,nan,,,1.065625548362732,,None,-9.905194411592431,9.548962735681393,-9.934647317716877,0.07348843663930893,6.683910005886982,0.058256570249795914
Gaia,DR3,5185405997480424320,41.87230603712887,-4.330998631460669,18.333309173583984,2.9008121490478516,4.77042443432083,18.988550238347365,89.20595854929181,-2.60055730020557,,,3.991985207242778,nan,,,1.0020496845245361,,None,-7.1423966410763935,6.845268695396981,-7.506648160176297,0.15559273958206177,2.847274094762406,0.15315821766853333
Gaia,DR3,2507582747003558912,30.56673656095455,0.08675440122155657,10.801258087158203,0.7666816711425781,3.522310931706662,20.790090491980347,71.53909532867769,-0.2655461506736989,14.751812934875488,0.44830819964408875,5.143468215838247,nan,,,1.4268227815628052,,Gaia_DR3,-9.445044639917029,9.008123642736171,-8.539802742043198,0.030088797211647034,5.29773225114667,0.018051335588097572
Gaia,DR3,2514532210246671232,31.839816052741664,2.654038762069087,13.499005317687988,1.7278985977172852,0.3507427658380499,23.315979716319852,87.05036778755624,-0.08652558849290903,-7.891871929168701,1.9397507905960083,6.731116644633244,nan,,,1.1412478685379028,,Gaia_DR3,-12.3486475283486,11.806454764906718,-11.865780105185737,0.01693730056285858,11.927052355259633,0.015581026673316956
Gaia,DR3,2507583021881448832,30.544303290908605,0.10053748111626544,15.888014793395996,2.3018274307250977,3.6698315302471225,20.805243357834765,71.5045083463864,-0.26014060665706285,,,5.168941926049416,nan,,,0.9438567161560059,,None,-9.491940486383092,9.052800443301722,-7.721562477069651,0.06467584520578384,5.467154648707918,0.03645393252372742
Gaia,DR3,2513022786940198144,33.89547506308436,0.31960154985958084,13.206560134887695,1.1512060165405273,2.5166324114442893,21.07122152117087,87.77596383287324,-0.7367812769319686,17.046443939208984,2.892653226852417,4.215386816882067,nan,,,1.0213119983673096,,Gaia_DR3,-7.713371639907089,7.386111827173832,-5.6257271333627425,0.017494456842541695,6.584112238835701,0.01421863678842783
Gaia,DR3,2518128197385110656,32.50437301925733,4.056480903217141,17.22892189025879,2.780790328979492,2.3358558752239507,24.725222377945443,88.81712903706921,0.01642054519966707,,,6.530761759520868,nan,,,1.211472988128662,,None,-11.972745054529405,11.464343166652709,-12.77012140429451,0.15168137848377228,14.57981099468731,0.10091441124677658
Gaia,DR3,5186414219578958208,44.62796221988072,-2.963784687628285,15.657711029052734,2.3324546813964844,2.5878528527449323,21.60518991648457,81.72633893228974,-2.810799629675498,,,6.597987069220901,nan,,,1.031964898109436,,None,-11.658920199770991,11.367880401426003,-14.166861023414738,0.04620807245373726,8.785896056736824,0.042210180312395096
Gaia,DR3,2500249244964416896,39.225362991850105,0.0218499989807666,16.052743911743164,2.502012252807617,3.069266451936181,21.886094740715958,86.31407490111563,-1.5822943648349748,,,4.361867536089965,nan,,,1.0511398315429688,,None,-7.87996276543382,7.639427544827829,-5.075280026098422,0.05000380799174309,7.954000051170417,0.04904985800385475
Gaia,DR3,5180529255389917696,44.48657873460416,-6.744846570884193,18.91334342956543,1.2325897216796875,3.4714967974341473,18.495823776167093,67.66202412501582,-3.3227458819505378,,,4.689832719990137,nan,,,0.9930860996246338,,None,-8.292927850589676,7.881699759437555,-9.930840955225364,0.45763763785362244,4.8656014139130415,0.38553279638290405
Gaia,DR3,5185084046732250112,40.07443556073082,-4.861984224708573,16.604522705078125,2.570490837097168,2.4739791800174933,17.680037903052757,60.987411003290426,-2.4096662155099104,,,5.306123494457983,nan,,,1.0125046968460083,,None,-9.558464848485704,9.0966615728793,-10.012992388925328,0.06966264545917511,6.3668900921110705,0.07509803771972656
Gaia,DR3,5185339099070028032,42.18020343708932,-4.578767501690568,18.47376251220703,3.063579559326172,4.599822739925484,18.93012952451598,68.30451322959675,-2.6810889551864703,,,4.750697229846159,nan,,,1.064470887184143,,None,-8.489090326376514,8.131282174566389,-3.924380160255187,0.19242051243782043,7.5107267553692605,0.17955464124679565
Gaia,DR3,2514450021752503936,31.685418033020564,2.3473477523449664,14.098236083984375,1.75433349609375,4.689087115729185,23.01023447648605,78.7116997614928,-0.10761409769614305,-3.5062036514282227,3.979194402694702,5.621063823260773,nan,,,1.118263602256775,,Gaia_DR3,-10.313656350624324,9.857580882990087,-14.478701126083019,0.023644568398594856,6.1797227638113705,0.01966141350567341
Gaia,DR3,2513587794183262592,35.366447643315695,1.5658637228404548,19.21487808227539,3.0109825134277344,4.335146112493014,22.484128879065217,76.87190739960272,-0.778280263402416,,,5.5377620847536795,nan,,,0.979336142539978,,None,-10.106248825883053,9.7266743342621,-13.546896316270443,0.35012057423591614,6.01522708768132,0.26546013355255127
Gaia,DR3,2511309812248415232,27.992937280446338,2.1848931126831954,10.326055526733398,0.836155891418457,1.0560895408965167,23.166791413433902,78.94041417668085,0.4294952236465941,,,5.467114852488137,nan,,,1.4000177383422852,,None,-10.043638818881465,9.56254224294245,-9.249488633783193,0.03287510946393013,10.48494211498621,0.021117929369211197
Gaia,DR3,2515200369719044608,33.53872055718175,4.125560361166108,9.69377613067627,0.6534214019775391,3.8050814864269413,24.83893215011493,87.88760990524045,-0.12992834525989894,1.3057959079742432,0.42929914593696594,6.364626467719453,nan,,,0.980228066444397,,Gaia_DR3,-11.652400148312575,11.187812689347549,-12.809959879074173,0.01838032342493534,6.215391290937949,0.015156959183514118
Gaia,DR3,5187509470599226496,43.86460081888815,-1.668116750026135,14.883648872375488,2.0441360473632812,4.83675955720447,22.291346786497595,76.44013447059694,-2.5136354376676864,2.897935390472412,6.62660551071167,5.18544100440965,nan,,,5.1854047775268555,,Gaia_DR3,-9.196832398477687,9.004959184976547,-10.654479721869057,0.1539756804704666,14.087329730798912,0.12703466415405273
Gaia,DR3,2501261551576071808,36.145842459356885,0.3926368529091156,16.31898307800293,2.6572465896606445,3.809478618518518,21.458549758152355,79.30467304180407,-1.0661830114423105,,,6.382989236980016,nan,,,1.016851544380188,,None,-11.629268427561811,11.18853177039701,-6.531532789815655,0.055567141622304916,10.650709474951801,0.051354702562093735
Gaia,DR3,2507337177953440640,31.991477754964272,0.7169767429003226,17.80681800842285,2.0632400512695312,3.6801707262276384,21.378970356874063,73.14940483937296,-0.39054819236937566,,,5.308695884700592,nan,,,2.608238697052002,,None,-9.73769751190106,9.303238964039158,-6.55705068859716,0.4680105745792389,6.686722774368143,0.2913185656070709
Gaia,DR3,2512757976436593920,27.324543766151336,3.376250279213454,16.930387496948242,2.8854284286499023,1.6944600570472492,24.455065718775124,83.34044880957052,0.703204101511075,,,5.6915817667103585,nan,,,0.9908242225646973,,None,-10.453711931881228,9.935101454627347,-11.483941476498329,0.09179358184337616,8.182371193779783,0.07869719713926315
Gaia,DR3,2513256222707505920,34.42553882428119,1.274378911405732,9.571207046508789,0.6903133392333984,4.474366341741445,22.074156124170592,87.60648958617418,-0.6784650105874468,8.668282508850098,0.7645924687385559,7.077271266442992,nan,,,4.270832061767578,,Gaia_DR3,-12.938716331677444,12.419916161717472,-12.510013946961797,0.08632923662662506,5.758120761056978,0.06864210963249207
Gaia,DR3,2510989583782035712,28.408736731831894,1.2330587310953556,16.665048599243164,2.3535728454589844,4.291606977043197,22.161510722637406,75.99211965530269,0.2285098708523048,,,5.189229420267057,nan,,,1.0759484767913818,,None,-9.533782600087015,9.08453875697254,-4.938128108285762,0.08007647097110748,10.044124628480649,0.0623878613114357
Gaia,DR3,2514953769876736384,34.60305847551126,3.802420377208737,16.96434783935547,2.7111129760742188,4.830870075872195,24.60662060755831,86.4903928990292,-0.33765316587447347,,,4.882415348069609,nan,,,1.0485095977783203,,None,-8.923267801840858,8.592476374973089,-9.693475475963059,0.09334790706634521,3.6802598046340864,0.07190653681755066
Gaia,DR3,2512226465643924992,26.441432919151122,2.4580322501032414,10.249545097351074,0.7240018844604492,4.510825717171535,23.73285556797254,84.32682490280403,0.704552584808843,9.768214225769043,0.40660229325294495,6.276115886550253,nan,,,1.0536421537399292,,Gaia_DR3,-11.521574720385775,10.961346025795963,-11.165606924071357,0.021342335268855095,5.003840802369282,0.01716190204024315
Gaia,DR3,5073471320022933120,48.28411710911069,-26.186355049698914,14.774974822998047,2.50052547454834,4.096421823928167,15.99268904145135,74.38370277160277,-6.278533658227194,8.874720573425293,3.8472321033477783,6.989200153672588,nan,,,1.3977785110473633,,Gaia_DR3,-12.100864141222425,9.087838071479156,-17.8927988373549,0.023342851549386978,7.390055877476796,0.0301886685192585
Gaia,DR3,5081740845758333312,54.84822807576871,-26.220037422196295,17.766361236572266,3.219839096069336,3.3929934691710524,21.733169739434274,75.2314980811885,-7.10671615467407,,,5.731594434362792,nan,,,0.9854339957237244,,None,-9.455668141880397,6.957152160786347,-7.850634908308882,0.051857806742191315,10.729582529682162,0.09253893047571182
Gaia,DR3,5088144715012943104,55.977616649004844,-21.936523768317585,8.88844108581543,0.4698514938354492,3.2921969429840536,22.43796571725936,79.30058647614125,-6.799374953110613,9.362852096557617,0.5739643573760986,6.067510450409449,nan,,,1.0972962379455566,,Gaia_DR3,-9.911195844907498,7.950381339124622,-13.676230522334562,0.019606824964284897,9.836443761664846,0.022045623511075974
Gaia,DR3,5100138359646215936,49.3136393464579,-20.744719769291745,16.734006881713867,2.482356071472168,2.286959020570691,16.272884877445346,68.91056557287243,-5.803174490437608,,,6.54761167375143,nan,,,1.016658902168274,,None,-11.262164436002276,9.22575118426768,-10.813068408258497,0.06493289768695831,6.1011655634483395,0.06643061339855194
Gaia,DR3,5104255442281470464,46.08169371059916,-18.524716654236816,14.69254207611084,1.6890249252319336,2.8917669018813776,13.516993613790744,82.78237613955908,-5.099584786036328,16.279264450073242,4.199826717376709,3.7981865413620906,nan,,,1.106053352355957,,Gaia_DR3,-6.660920662159107,5.646096595888605,-4.444274747785896,0.02488400600850582,4.977009264934175,0.02698199450969696
Gaia,DR3,5108345939069738880,54.74740381308766,-17.09860309144346,17.544397354125977,2.8422679901123047,2.3047209856309063,21.881631138548062,82.05137978638027,-6.0915063457917515,,,4.5462804754560455,nan,,,1.198233962059021,,None,-7.506659982825185,6.53294713423561,-5.41650689371596,0.11035248637199402,7.247279599203596,0.11331897974014282
Gaia,DR3,5111969272264480128,52.33766341224408,-15.530987276895269,16.8409366607666,2.706170082092285,4.948080323753447,20.066422319748888,68.84088949806583,-5.582533134001748,,,5.333356636082779,nan,,,1.055361270904541,,None,-8.979139555595982,7.948741289168149,-13.822120921460481,0.07542073726654053,5.210987453154475,0.06245439499616623
Gaia,DR3,5114753888540452480,56.59464827903083,-12.231197722782458,18.56770896911621,3.1834964752197266,0.9950638852107696,25.092130417823142,86.63096021875258,-5.736185352732742,,,5.05006089065506,nan,,,0.9882714152336121,,None,-8.202992009910242,7.724826122289686,-7.179893437997471,0.19022679328918457,7.999578225729357,0.22974461317062378
Gaia,DR3,5054730758506600960,50.739537682538995,-32.60656429885339,18.472591400146484,2.9188308715820312,3.14592716607464,20.58338677638477,70.69752363115587,-7.222352735783971,,,5.190783649496752,nan,,,1.0295250415802002,,None,-8.842191950123665,5.732431135775682,-5.4008758101052035,0.11011724919080734,5.642474296560292,0.15701228380203247
Gaia,DR3,4860200939367329408,55.49980979622013,-35.437758419376614,16.06781578063965,,0.8917233873474346,25.41534474116542,87.93651765037586,-8.008932637115471,,,5.0232254201192355,nan,,,1.0730446577072144,,None,-8.24031307892053,4.757788135978048,-8.529117327996332,0.045953743159770966,3.858749456552239,0.08943405747413635
Gaia,DR3,5059924679637780352,50.50021130263732,-28.880243607769724,18.166959762573242,-0.17710494995117188,1.3850687882796595,18.741584288628026,74.26363141337235,-6.837289029069929,,,4.40796983272604,nan,,,0.9637218117713928,,None,-7.521323195319539,5.309264708311916,-7.582335348657495,0.07607574015855789,6.5948851092768415,0.09773457795381546
Gaia,DR3,5074568903208857984,46.332849999282885,-24.77141291466192,18.16341209411621,3.0880794525146484,3.7131756380483996,13.915810529668633,70.20443959489954,-5.869134423274483,,,6.9573135942784425,nan,,,1.039003610610962,,None,-12.184294375774666,9.44404539920669,-17.252030574511885,0.09122950583696365,7.449786814431507,0.1459963470697403
Gaia,DR3,5082116672576295936,55.37842808338498,-25.897804237782765,12.77962589263916,1.1956205368041992,2.9716247352099576,22.150660413046197,77.1346624340026,-7.139195847853365,67.22938537597656,0.8909358382225037,5.857775267019279,nan,,,0.9864392280578613,,Gaia_DR3,-9.619589461034384,7.12062015375611,-5.959619550586386,0.007245340850204229,7.386210110670199,0.012826013378798962
Gaia,DR3,4888054695637130112,57.37065734259247,-29.093857769155,16.81060791015625,2.6555442810058594,1.5825692046773563,24.52520058412061,84.7498521825741,-7.683782989108021,,,5.99584935006112,nan,,,0.9860131144523621,,None,-9.668661075385845,6.608700379553292,-7.714984973623355,0.040828172117471695,7.038265982068105,0.052632156759500504
Gaia,DR3,5087551734647905792,58.208085367308385,-22.178727712309257,15.763651847839355,2.375335693359375,4.994073376219822,24.499132727344932,83.3752074039488,-7.101847314572407,,,5.648261933476573,nan,,,1.0748629570007324,,None,-9.034502162479368,7.232524638583566,-14.912364709058071,0.029788373038172722,8.133376639216541,0.032277241349220276
Gaia,DR3,5053941725771225088,51.38653761321193,-32.78855941455007,18.680622100830078,3.3189945220947266,1.0896394107588585,21.144969519091802,73.56578101069715,-7.315426787717693,,,4.991863115321142,nan,,,1.0807422399520874,,None,-8.464000535153136,5.436687996815209,-9.343688304429234,0.12203343212604523,4.701166823292042,0.17582280933856964
Gaia,DR3,5051750673974849408,45.79610882984629,-32.45357246565768,15.08873176574707,1.9511632919311523,3.214795647866106,17.09488598846159,78.00346908923265,-6.610930095617956,,,4.118412180224361,nan,,,0.9527978897094727,,None,-7.233657688293233,4.894961458305713,-9.267682741692646,0.019254904240369797,6.806230344137393,0.02538343332707882
Gaia,DR3,5054084043807466752,52.28403106856089,-32.00765545971794,16.526418685913086,2.7556867599487305,3.371456189492524,21.43758570593454,76.66165349533777,-7.350793993134951,,,6.083993934409609,nan,,,1.0510886907577515,,None,-10.24708304780881,6.6681177235188684,-13.060275546882867,0.03278331831097603,3.384225216011832,0.050587911158800125
Gaia,DR3,5094739139079587456,57.98877073699359,-20.228809627703782,16.005090713500977,2.5318336486816406,4.32672871076709,24.414296898818563,87.43335951561889,-6.8639308424821674,,,4.752818568648102,nan,,,1.0779235363006592,,None,-7.618612224793452,6.334746158239837,-7.308611532213358,0.03332279622554779,10.65877888259914,0.03776930272579193
Gaia,DR3,5056615257013323136,52.86080363934323,-29.99676902711903,16.37178611755371,2.417914390563965,4.342828142919437,21.064108154258907,81.6721231108741,-7.2334109367138675,,,4.433214292182777,nan,,,1.8147059679031372,,None,-7.43359203162216,5.059575853314528,-11.491757950025532,0.05243826285004616,5.122906520930783,0.0785287544131279
Gaia,DR3,5056046809502189184,56.05403243728879,-29.871217213085178,17.562030792236328,2.8740406036376953,2.9725102021656653,23.633778815794727,85.75719355890979,-7.6006973593737,,,4.682583862945149,nan,,,0.9888913631439209,,None,-7.643678272307357,5.144708986802315,-6.797902939449089,0.06552080810070038,7.954443953785657,0.08044656366109848
Gaia,DR3,5098241285476054272,51.09931496757295,-23.541006868570612,17.849105834960938,2.660745620727539,4.69866895628194,17.997159605755318,62.00414849805288,-6.353692617212872,,,5.199447591297484,nan,,,1.0679428577423096,,None,-8.834302827016371,6.896256490185664,-4.53898079963666,0.09986170381307602,4.054658494459107,0.11355038732290268
Gaia,DR3,5101968393671512320,51.38752302317839,-18.827205945396503,16.762887954711914,2.4807214736938477,4.740170193153909,18.413552132785064,63.79139818694913,-5.8538125138371235,,,5.059068726495107,nan,,,1.0847076177597046,,None,-8.577890080337152,7.230659903305707,-3.979838115145426,0.06212673336267471,5.129464427180469,0.061668265610933304
Gaia,DR3,5061754443084948864,51.179118738765304,-25.52192552162216,14.925226211547852,1.6923675537109375,4.273140181381687,18.35972474547016,83.02308789111211,-6.5773543046147465,-25.44183921813965,4.338031768798828,4.094063830278109,nan,,,1.037853479385376,,Gaia_DR3,-6.952169214106399,5.233040969963661,-5.255882899412447,0.014408386312425137,8.507806783590762,0.017613163217902184
Gaia,DR3,5047098331039939072,49.80030099945756,-35.494750112540544,8.647682189941406,0.563969612121582,2.6572580702078343,21.590533244422875,74.04028170958173,-7.368834704384777,23.963987350463867,0.24330836534500122,5.202306123379974,nan,,,1.038957118988037,,Gaia_DR3,-8.91932735243099,5.423115040727232,-11.781495215612743,0.011648696847259998,4.874827634652928,0.016345476731657982
Gaia,DR3,5052729303746619648,45.76221956089775,-31.15219274250756,17.935495376586914,2.847198486328125,3.732761592551374,16.261406050575598,56.37419961342898,-6.477046712563625,,,5.322299207757303,nan,,,1.024068832397461,,None,-9.349882908741789,6.495648577606665,-9.540958383362788,0.07376407831907272,2.3118728812183997,0.10924199968576431
Gaia,DR3,5104323719377265280,48.03414765011778,-18.82563825897327,9.401369094848633,0.4376688003540039,3.3174616923634677,15.281108097078597,57.18302877438729,-5.403185360109253,22.7771053314209,0.8046666979789734,4.644619939801958,nan,,,0.8607000112533569,,Gaia_DR3,-8.053917233304611,6.788929811147392,-6.574631889714471,0.019765259698033333,3.8970889055309086,0.016886787489056587
Gaia,DR3,5104654947255077504,47.179337494712506,-18.146691726493657,10.303034782409668,0.831634521484375,4.198176341265554,14.614527210184018,88.4627997749114,-5.203861490690161,5.6999616622924805,0.2022888958454132,8.22506399766894,nan,,,0.9177570939064026,,Gaia_DR3,-14.335435463080353,12.199067054921665,-11.204110373661884,0.013463634066283703,18.770475959832424,0.013275238685309887
Gaia,DR3,5105483188748120064,51.50951463026822,-17.60477429586114,16.410018920898438,2.3397045135498047,3.2956297368038916,18.755619272285376,70.52709618361648,-5.724241716953274,,,4.577054829102688,nan,,,1.0040541887283325,,None,-7.7536999015464385,6.6558379428176595,-6.879167405588155,0.05391914024949074,3.598540533473104,0.05105040594935417
Gaia,DR3,5078631809127893120,47.26086423072094,-21.68524141568793,17.119348526000977,2.5551328659057617,4.316131586803155,14.34597121089485,52.06925642491216,-5.638807635272861,,,4.765002739443141,nan,,,1.0380181074142456,,None,-8.300957531438433,6.7265663830041476,-9.402325938668103,0.08320081979036331,2.5331895681705032,0.07931100577116013
Gaia,DR3,5081024170335549184,57.06920641129745,-26.966681215525757,17.72284507751465,2.725973129272461,2.632319049493067,23.81836290636103,83.28553224843542,-7.448650552278412,,,4.930112485078706,nan,,,1.0017091035842896,,None,-7.972824712493766,5.745896186073725,-8.760978747576733,0.05859437957406044,8.36572342396177,0.10304613411426544
Gaia,DR3,5057313549976401920,53.261308998265214,-28.490726597383993,17.11772918701172,2.668910026550293,4.088471335528947,20.895501071544455,81.53943402910005,-7.137475515919462,,,4.414540460054403,nan,,,0.99196457862854,,None,-7.3789274399634674,5.188919938338227,-10.761006629307484,0.044811028987169266,6.9320318165174974,0.06607453525066376
Gaia,DR3,5084119471663050112,59.34095592045678,-23.590531783789924,14.868232727050781,1.8820257186889648,2.4207599979398475,25.54081760164482,87.46584081255115,-7.38586495513123,77.45755004882812,3.832911252975464,5.951014218868768,nan,,,1.0146334171295166,,Gaia_DR3,-9.410548111917393,7.323328159094295,-8.919318809510722,0.018494097515940666,10.320260873009815,0.021551385521888733
Gaia,DR3,5086695249451740288,53.35073442427518,-23.023091789595792,12.200606346130371,1.1726875305175781,2.8085719456056446,20.023634916708875,74.23212404371309,-6.585457615982614,-4.823473930358887,0.6002383828163147,6.236072665984514,nan,,,1.214177131652832,,Gaia_DR3,-10.416192793680809,8.184914129634207,-9.583206749353835,0.016909487545490265,4.587880411998662,0.01239041518419981
Gaia,DR3,5086803242109329280,53.21720134188172,-22.351380505005263,17.22201156616211,2.623992919921875,2.2618375439347993,19.879803713242513,71.37319740706474,-6.494987164712592,,,4.770005035307252,nan,,,1.028830885887146,,None,-7.975886331320526,6.345003490066842,-10.189633217121484,0.06745581328868866,5.823148878078892,0.055602021515369415
Gaia,DR3,5166060060325699584,47.96133152823416,-10.628730722106651,14.494891166687012,2.3231582641601562,4.962017495307724,18.404480117812433,66.0380296705617,-4.349805865409838,-11.738974571228027,6.7754621505737305,5.824933926897332,nan,,,1.5841313600540161,,Gaia_DR3,-10.10510536921165,9.376148700119641,-13.537104707489595,0.04141998663544655,4.34150463011465,0.03857012465596199
Gaia,DR3,5094956700645987584,58.47078552902904,-19.205719592591795,11.999135971069336,1.0353012084960938,4.259558235347674,24.985283249111532,86.39754953474629,-6.810247457368808,4.687977313995361,0.7573824524879456,6.060740085330633,nan,,,1.122759461402893,,Gaia_DR3,-9.66904889856487,8.206577046956657,-7.4041263353321645,0.01218001451343298,3.2579787077833986,0.012815807946026325
Gaia,DR3,5098699889199577728,52.43573039289722,-22.60861345932468,16.744525909423828,2.5945682525634766,4.289391914976703,19.16422790575208,73.71391120604068,-6.42312135762126,,,6.394261441121304,nan,,,0.9998590350151062,,None,-10.757192964985514,8.5223853869722,-7.180303531651228,0.06869183480739594,3.979557607168057,0.06977341324090958
Gaia,DR3,5104661406885886336,47.146006281477426,-18.003778653621794,14.239788055419922,1.676492691040039,3.640970696475041,14.614967295111109,61.549757624841256,-5.181736687403895,14.990313529968262,4.115697860717773,4.364121125486682,nan,,,1.4399776458740234,,Gaia_DR3,-7.607685853460318,6.485977009285952,-4.271602770240612,0.024529460817575455,6.184302619600783,0.02354864403605461
Gaia,DR3,5100952479290047616,55.13086967498697,-20.038896421651717,16.509140014648438,2.369539260864258,1.1729523445133807,21.76277560967454,78.47553815107362,-6.482044201418693,,,4.731857437901504,nan,,,1.0238651037216187,,None,-7.787387457486645,6.460881077710671,-8.806774411001971,0.04590640217065811,7.035215779149862,0.037866346538066864
Gaia,DR3,5104912954530080128,50.48093142594084,-18.831090774805695,16.29452133178711,2.555294990539551,2.735279575331973,17.565505657684476,70.5054922166887,-5.73350647877151,,,6.445878902831442,nan,,,0.9835554957389832,,None,-11.000086346521694,9.268216338848614,-8.543201245740727,0.045716557651758194,12.057248130445863,0.050072211772203445
Gaia,DR3,5110489299548448384,57.77320463199714,-15.235651474810316,9.205058097839355,0.5743684768676758,2.8659457322337447,25.164912720039315,86.41837360651937,-6.260345925371917,32.53498077392578,1.0711268186569214,5.960448329116833,nan,,,1.4566181898117065,,Gaia_DR3,-9.574468280955848,8.674793065969343,-11.335985797025323,0.02343006804585457,5.53390825159584,0.01843685656785965
Gaia,DR3,5108368822656893184,55.45614560542405,-17.294752673832864,17.21770477294922,2.897167205810547,3.540562456193845,22.499202852606906,86.0456554175384,-6.206955011408449,,,6.82639375401495,nan,,,1.0110379457473755,,None,-11.202607959085519,9.738029390240566,-12.660182019300679,0.07957068830728531,4.8558389147475,0.06268791109323502
Gaia,DR3,5100317270803932032,50.465181870421254,-19.686506353836382,16.365365982055664,2.1867923736572266,3.26241323958769,17.435449370423836,72.69995926057044,-5.832532869959994,,,4.304956756810218,nan,,,1.0723391771316528,,None,-7.347343422199669,6.11214569323512,-10.293522941549803,0.050771765410900116,5.818957688552148,0.05307376757264137
Gaia,DR3,5159035658493015040,45.61575305922112,-13.531607987350103,7.554953098297119,1.118685245513916,1.5004147814247724,14.903613291124376,52.14927805983343,-4.401093469558102,10.313157081604004,0.17433904111385345,5.367433665627111,nan,,,1.1586925983428955,,Gaia_DR3,-9.436522512396117,8.469024890393861,-8.645236273782961,0.027225323021411896,6.966972094341301,0.025584254413843155
Gaia,DR3,5164076438270192896,54.78944623878468,-9.789882391489613,16.279844284057617,2.5620956420898438,4.92921858912796,24.563204646559374,83.96199997232407,-5.181080298369001,,,5.203213325446606,nan,,,1.1879239082336426,,None,-8.588286125165602,8.265710020640855,-8.6825037586897,0.05818194895982742,13.671697925381475,0.06280270963907242
Gaia,DR3,5164186973548622208,55.609261939145014,-9.520137989071015,16.11568832397461,2.5171499252319336,3.653052675741098,25.401282165061126,87.04652987469699,-5.255594256393849,,,5.947566076315539,nan,,,1.1181772947311401,,None,-9.747223407199767,9.455520817751616,-6.864311617513736,0.05510469153523445,5.896412468852811,0.0517558678984642
Gaia,DR3,5106460139189380352,49.12244076899545,-16.352444701025473,16.50054931640625,2.6674671173095703,4.84248714975678,16.87133879163466,69.84412914735508,-5.248463343037435,,,6.518534618468873,nan,,,1.1334388256072998,,None,-11.226134510349262,9.77947950348606,-9.547550428080859,0.06603866070508957,3.3402582828576044,0.05959504842758179
Gaia,DR3,5159494532798206848,46.52794551203575,-12.622962276378225,19.319700241088867,3.5517940521240234,3.8878250209075844,16.13401792320579,76.06931717071814,-4.411086718604174,,,7.0940521593612065,nan,,,1.1906121969223022,,None,-12.410275379203739,11.253126851079866,-7.830324859928485,0.4329068660736084,14.834935483397166,0.44058889150619507
Gaia,DR3,5167129605966405120,45.03903472927967,-9.617707517070656,17.186317443847656,2.53863525390625,2.907138259321324,16.791396789124157,72.4155035081773,-3.7974445856197017,,,4.246595208574314,nan,,,1.3552193641662598,,None,-7.488392073989002,6.9665627340366925,-8.589545151040372,0.1172511875629425,4.60845113680517,0.11895029246807098
Gaia,DR3,5168970501964278400,51.62444093891271,-6.354442371016989,16.09177589416504,2.358156204223633,4.452032300065418,23.86916350301853,83.50409532993785,-4.285358810504565,,,6.101291004489338,nan,,,2.6533238887786865,,None,-10.3270881687922,10.136924145204537,-14.253504186039077,0.31318140029907227,5.968788493890545,0.3307764232158661
Gaia,DR3,4863170922138082560,53.88437361614572,-32.486453613729374,18.429100036621094,3.124126434326172,3.840504483403883,22.863038396648022,80.57887119281526,-7.580897740894584,,,4.871265945879926,nan,,,0.9839204549789429,,None,-8.101468203747952,5.153329395385934,-7.2672669306042526,0.11988716572523117,1.2987042113173972,0.1528707891702652
Gaia,DR3,4888007962096513536,57.76431212209156,-29.392619719574544,18.78420639038086,3.1105899810791016,4.121387113610138,24.932245346215762,84.77425897272947,-7.756597406454501,,,5.680265795962328,nan,,,1.0276293754577637,,None,-9.125187715873597,6.181937355644298,-12.78543831871408,0.13994547724723816,2.8715582893663556,0.18662016093730927
Gaia,DR3,3242887161033278976,55.683872727275144,-8.691515961222873,16.40219497680664,2.587559700012207,3.916040298465775,25.873053379690614,89.13201602593574,-5.156052025733924,,,5.069730976795924,nan,,,1.032091498374939,,None,-8.303085746814833,8.138733221680887,-9.4523964101595,0.056450773030519485,4.114362281150461,0.04911374673247337
Gaia,DR3,5152159965607856896,45.364224185938056,-18.951904485886136,15.007413864135742,2.320964813232422,4.564559825498729,12.770052162910046,84.47644083957316,-5.053333497893654,5.840747356414795,3.8591043949127197,8.080426803641611,nan,,,1.0859277248382568,,Gaia_DR3,-14.225040759010906,12.004349279159774,-20.88777020186043,0.02917633205652237,7.996185740224028,0.028186514973640442
Gaia,DR3,3194533319703762816,56.66543617978816,-9.757744070871578,14.670195579528809,1.7853689193725586,4.34013944515302,26.207860768634976,89.97380483317993,-5.427274679019496,64.3600845336914,8.752479553222656,5.110864675659311,nan,,,1.698466420173645,,Gaia_DR3,-8.296330440040215,8.075709367310138,-12.783136534240416,0.036786485463380814,9.39292025644082,0.03397539258003235
Gaia,DR3,5055417163000168064,53.32649591692668,-31.751422970897366,18.881561279296875,2.9255523681640625,3.9325313600318337,22.121905676714054,79.9194011773809,-7.450516347778057,,,4.71882172471585,nan,,,1.1295461654663086,,None,-7.883435803039623,5.1287565345882715,-3.9903529350900113,0.17877522110939026,4.744666919332394,0.2517467737197876
Gaia,DR3,5047900665290313984,46.816995496241134,-34.659072688940114,17.187532424926758,2.4314136505126953,1.6706064575493815,19.195546937486405,80.3900449799137,-6.94455234219827,,,4.247783991417454,nan,,,0.9927570223808289,,None,-7.418913306626546,4.741625986544374,-7.618586978407848,0.05488107353448868,3.2590241401952857,0.07192996144294739
Gaia,DR3,3261777183115089024,49.68586620406499,-3.0759544004533925,18.539491653442383,3.2964210510253906,2.912024404087924,24.67997404019451,84.85493806743139,-3.5549501286904226,,,5.9255949848497425,nan,,,1.020126223564148,,None,-10.167196949155375,10.153584740610935,-7.527306624780432,0.2832154333591461,12.656246614711435,0.23351165652275085
Gaia,DR3,3262153628408661248,48.45779538673469,-1.8432720239079985,14.87453556060791,2.108860969543457,0.3050855923326915,24.795911312029304,84.17219542601327,-3.2044336399679203,19.705095291137695,7.034936904907227,5.418671043199239,nan,,,2.5278384685516357,,Gaia_DR3,-9.37156322723473,9.37666870869909,-9.546048193590092,0.06031138449907303,9.074991843980493,0.056856315582990646
Gaia,DR3,4859198111748453120,57.8651231070336,-34.126536912929275,19.36727523803711,2.9832077026367188,4.709511999031245,26.570494372181535,89.98970779812964,-8.166999856397288,,,5.371367650814025,nan,,,1.115638017654419,,None,-8.620512830917448,5.091967949166802,-3.9603978632677905,0.2932204306125641,2.4993505216194345,0.3847160041332245
Gaia,DR3,5059659907790251520,47.728730131284436,-28.401583495706138,11.636597633361816,0.8557138442993164,4.902493643217781,16.318072558836512,88.50896676623407,-6.441995394239583,-16.844547271728516,2.9609436988830566,3.834702172891251,nan,,,1.3552954196929932,,Gaia_DR3,-6.661810743630744,4.816764055834004,-2.9245705960925577,0.014893134124577045,6.1356864098138,0.01836829073727131
Gaia,DR3,5163857566737133696,53.47878662020034,-10.20430798896111,10.187414169311523,0.6786870956420898,4.230228290839001,23.233920557288883,80.16670498817982,-5.058287585600984,-8.483614921569824,0.27716323733329773,5.072825235857589,nan,,,1.1027604341506958,,Gaia_DR3,-8.464508797716103,8.05238447716068,-4.6718972954690985,0.019122865051031113,5.586412672991863,0.015512279234826565
Gaia,DR3,4861236679322576512,53.83063239252946,-34.62082176784897,17.363370895385742,2.6150951385498047,3.281485181177299,23.82336395355137,83.72396811642243,-7.756324458254944,,,4.8881060317795,nan,,,1.0506978034973145,,None,-8.133051196199785,4.8807607358603065,-7.860705024199553,0.06013691425323486,1.5103007876049561,0.08338523656129837
Gaia,DR3,5057924809722294272,46.81053697704954,-31.175447075676882,17.70770835876465,2.762662887573242,3.89166761168541,17.003107445203884,66.5580790754857,-6.609387241515019,,,4.478533548314511,nan,,,0.9902442097663879,,None,-7.822213820282631,5.389078565208476,-11.496291912692225,0.061020780354738235,5.41909926077364,0.08340946584939957
Gaia,DR3,5057664122387078400,48.049048997756096,-31.644039067073336,15.252986907958984,2.6286258697509766,4.101453890107045,18.141498794461057,87.00824886677307,-6.807634528793064,18.162168502807617,6.331209182739258,7.687626508163479,nan,,,1.7638822793960571,,Gaia_DR3,-13.329372055029195,9.010928576654278,-11.655722792614764,0.03223269432783127,2.5781500082502653,0.0386933870613575
Gaia,DR3,4886858461344077824,59.145356008197965,-30.810419267978215,19.847383499145508,2.8371047973632812,0.14945786448061849,26.458884343251743,89.4738991233844,-8.038458521471625,,,5.69259640133065,nan,,,0.9684881567955017,,None,-9.020027850351433,5.850856195008591,-8.844259733262122,0.3222956359386444,5.815151572767593,0.3372476100921631
Gaia,DR3,5166001476971731840,46.71409054025444,-10.785008103004076,16.823017120361328,2.6297903060913086,4.09522700313048,17.318597013692735,68.65307244624702,-4.194091993569478,,,4.436836298342339,nan,,,0.9856701493263245,,None,-7.753631368435184,7.1621256234471,-4.681264756167302,0.07558003813028336,9.449576302937158,0.07392831146717072
Gaia,DR3,5168233206402850176,49.63258171813269,-8.602985299771369,15.094804763793945,2.1440982818603516,1.4226163286573787,20.92910092834247,76.06388941383705,-4.313298105710778,31.145889282226562,5.992940425872803,4.697510878721963,nan,,,1.2564642429351807,,Gaia_DR3,-8.062903801169455,7.673652623632924,-9.471635529298974,0.038540080189704895,7.686689402512958,0.04555424302816391
Gaia,DR3,5051469847536825088,46.43181364592743,-33.17699403306502,18.997514724731445,3.0910606384277344,1.9170082542473144,17.97040173751792,66.22753709927005,-6.758728765746203,,,4.664404287216439,nan,,,1.0082534551620483,,None,-8.164251560601794,5.41167636808574,-7.180121469372553,0.13715310394763947,3.8039714918145844,0.17216706275939941
Gaia,DR3,5179257120436764288,45.30821433046533,-8.668735383994775,13.591647148132324,1.8259401321411133,2.698488453190372,17.637207853231917,85.73940236757245,-3.7069225009816607,28.34547996520996,2.2413840293884277,7.64985831325744,nan,,,1.00690758228302,,Gaia_DR3,-13.4709792944312,12.639860406999897,-13.506351306888991,0.019532732665538788,8.288240878775463,0.015988167375326157
Gaia,DR3,5075181713437858048,49.178556492792474,-23.311359161759867,19.59603500366211,3.0337791442871094,4.024652297743181,16.220576671766985,82.8003042772999,-6.078804892647267,,,3.9434116789480043,nan,,,0.9595991373062134,,None,-6.78881668436032,5.340945342821393,-6.094773736336277,0.28928878903388977,2.0679864153354384,0.3309883773326874
Gaia,DR3,5078600537470302464,46.5792728900938,-22.146249325672105,19.53459358215332,2.324007034301758,1.4305824057317,13.733217346082705,56.85371471305835,-5.601297135093464,,,4.426106192937341,nan,,,1.0693804025650024,,None,-7.740764107638991,6.240241902886063,-8.662432107075155,0.3530694544315338,5.2746852195999505,0.3592096269130707
Gaia,DR3,5071789204671165952,46.97973921341363,-27.42808060715869,16.553468704223633,2.789547920227051,1.83341042023009,15.318721392445125,76.93894708037516,-6.2441324464592345,,,7.261093407907993,nan,,,0.9396226406097412,,None,-12.669959700535026,9.36310609493921,-14.572605020304977,0.044283900409936905,11.426100783459354,0.06081852316856384
Gaia,DR3,5053524323669468672,50.97241776956711,-33.385211373371824,15.486071586608887,2.2485084533691406,4.075689384604337,21.15649275503197,72.44637300798199,-7.320211808753983,11.098779678344727,4.584133625030518,5.413980738452148,nan,,,1.0051032304763794,,Gaia_DR3,-9.207171956931049,5.84566373714355,-4.639854314770059,0.019489791244268417,6.727515675746479,0.028514225035905838
Gaia,DR3,5055921980570816640,55.16926006173969,-30.479250126712962,20.04216194152832,2.7878494262695312,3.8101307962104523,23.100970877003206,84.74532378800608,-7.552151491195618,,,4.631077949335124,nan,,,1.0466347932815552,,None,-7.618994991108492,5.068482078327827,-8.593887142013173,0.30367350578308105,8.658202890489896,0.4338841438293457
Gaia,DR3,5057652543155300224,47.742500910144116,-31.95754303172629,18.395349502563477,3.582242965698242,4.670560380672595,18.101145070503968,81.49551771352087,-6.80058991278932,,,7.236391107777852,nan,,,1.0261998176574707,,None,-12.570331868507083,8.460596490379581,-19.634642408590246,0.09262488037347794,7.532939092626502,0.12870879471302032
Gaia,DR3,5080568255263556736,55.99371165811244,-27.887161517451933,18.5448055267334,2.946918487548828,4.20833691766458,23.064787196541054,88.05463770857062,-7.408619296875845,,,4.458654763645582,nan,,,1.033400535583496,,None,-7.282098361558459,5.146831333069506,-10.73752092905558,0.09492926299571991,3.2216449485685743,0.14358681440353394
Gaia,DR3,5060480315263475584,51.871102414340754,-27.76133550207349,12.570125579833984,0.9777412414550781,1.5725719164424514,19.509219170289924,89.00660316520013,-6.8949119458484605,-4.1412787437438965,0.8212263584136963,4.03719952952494,nan,,,0.9685875773429871,,Gaia_DR3,-6.820909882682341,4.899064374860497,-7.543539322303971,0.007261769380420446,3.7725257986727563,0.009663373231887817
Gaia,DR3,4862522828753118848,57.32776222108257,-32.90246864320482,19.489545822143555,2.987255096435547,2.9821450273721286,25.681464632694407,88.0766983393577,-8.009072408070931,,,5.998452373680686,nan,,,1.0127397775650024,,None,-9.67680974356845,5.955074237699539,-12.759342897639433,0.23181267082691193,8.127310533258498,0.2916317880153656
Gaia,DR3,5085030417047346304,53.99209209406795,-25.399914947348854,14.878128051757812,1.8179292678833008,1.333636830065907,20.840082405921628,88.70677568912677,-6.917683048767015,56.65056610107422,4.979006290435791,4.1636956204375775,nan,,,1.1556695699691772,,Gaia_DR3,-6.918574603017104,5.187009517832675,-5.7928100977896815,0.017565865069627762,5.50787474176478,0.023800253868103027
Gaia,DR3,5085349619016569600,55.515865197942176,-24.638205637588655,11.145750045776367,0.8823747634887695,2.660766729357595,22.116544351291203,77.22751201693967,-7.027761821666406,-4.025856971740723,0.3408258855342865,4.951637668564435,nan,,,2.7365736961364746,,Gaia_DR3,-8.121729219583186,6.173479623253861,-8.28654198344138,0.033748798072338104,8.946039952304211,0.04715244844555855
Gaia,DR3,5074054748380379264,50.465012360817944,-24.639619720560287,14.960700988769531,1.8284072875976562,2.988684215511665,17.564524554538657,86.18395448970146,-6.39184404136239,1.0607264041900635,6.409547805786133,3.9587770087032506,nan,,,0.9587604403495789,,Gaia_DR3,-6.756520483623369,5.179117427652821,-9.174515556850505,0.02202444337308407,5.790971216236551,0.026546495035290718
Gaia,DR3,5087232120361442176,55.70749321180153,-22.834099021128413,13.715601921081543,1.569258689880371,4.573463562097017,22.186922166431792,75.78854465800387,-6.862157566580586,48.405784606933594,1.778362512588501,5.32340068137697,nan,,,0.9853937029838562,,Gaia_DR3,-8.71671207398834,6.870821912815104,-13.492231433288026,0.013533131219446659,8.751400108994144,0.01610151119530201
Gaia,DR3,5080308736159707008,56.952756130531895,-28.495721520432678,16.901287078857422,2.62255859375,3.218633384138354,24.02647679249559,83.51062594835842,-7.579721066998047,,,4.98484117495964,nan,,,1.0357078313827515,,None,-8.070147515386603,5.606430344882614,-8.501021715686218,0.03963373601436615,2.251671467281652,0.057808052748441696
Gaia,DR3,5088109702439620096,55.559426578330005,-22.267952691010773,16.670696258544922,2.866805076599121,4.973253418725726,22.046219099317092,84.6305192835707,-6.78279083048489,,,6.787583852669085,nan,,,1.0104509592056274,,None,-11.128792857904857,8.86816661092001,-15.773224668799049,0.047496020793914795,3.476570073718042,0.05192410945892334
Gaia,DR3,5083751410146282880,56.91087208657341,-24.760628019175257,13.35416316986084,1.4324264526367188,4.000523572230679,23.389810130195993,79.97421774330451,-7.211207236602753,7.87440824508667,1.1021149158477783,5.224500851792566,nan,,,1.1065049171447754,,Gaia_DR3,-8.461456874878525,6.410270125236093,-11.915084648819517,0.010358587838709354,9.146334262664165,0.014432198368012905
Gaia,DR3,5088457251191178496,54.28222863363244,-21.36770533910593,12.705375671386719,1.3113908767700195,2.58708380359324,20.87944302013576,76.16307281169955,-6.522399614929379,4.505943775177002,0.9966199994087219,6.203140656506613,nan,,,1.0987894535064697,,Gaia_DR3,-10.282648946251996,8.326088107663002,-13.513137839660903,0.015420200303196907,9.330694144269312,0.011182982474565506
Gaia,DR3,5085585464260565120,55.16081805704207,-24.23683037514468,16.104921340942383,2.238326072692871,0.6650203592939737,21.758192791270606,88.54296582214887,-6.94218338635513,,,4.266540709522598,nan,,,1.0052937269210815,,None,-7.019776657379002,5.381339802193648,-7.5227941816539605,0.043885473161935806,5.0576985320280965,0.05441257357597351
Gaia,DR3,5086656590447671424,52.89648027294664,-22.904601871446523,19.451440811157227,2.815244674682617,1.5671121884886436,19.600420669317234,76.47970952925611,-6.5146453289850665,,,4.438026989672783,nan,,,0.9881724715232849,,None,-7.439585398156877,5.860611882810663,-8.6197475504669,0.3307856023311615,4.990645140230048,0.2476363629102707
Gaia,DR3,5048464573020045440,48.149338203616125,-33.190717721806394,19.04572296142578,3.1078624725341797,3.5671634490177486,19.10114723023916,86.38623718964001,-6.967166967310495,,,4.06963367283204,nan,,,1.043614149093628,,None,-7.0518910236902475,4.603914207785754,-4.580995855060183,0.14411860704421997,6.409559834645328,0.19192925095558167
Gaia,DR3,5053524289309730816,50.96741225316011,-33.394545070581216,16.64713478088379,2.6856985092163086,3.189870754571567,21.15792201882738,74.39278949450932,-7.320457496339592,,,4.898360562227762,nan,,,3.107193946838379,,None,-8.330590886328748,5.288098945605298,-6.315667981489489,0.11331766843795776,7.893880878297452,0.16396977007389069
Gaia,DR3,5047948768924029824,46.742295422476786,-34.591393547374295,12.811843872070312,1.099813461303711,1.6587047125376824,19.104441069437772,68.34740955073526,-6.929408888375436,19.21445083618164,1.0414924621582031,4.795155107590257,nan,,,0.9301478266716003,,Gaia_DR3,-8.378474942199722,5.367127936382709,-8.55278922072458,0.00926453061401844,3.699483824389983,0.012609388679265976
Gaia,DR3,5056510975205883136,51.41120521481568,-30.623820822290984,19.947479248046875,2.7928409576416016,0.5568386071389313,20.16076742480767,73.88771283213823,-7.1181666490299005,,,4.6647486259155215,nan,,,1.0814552307128906,,None,-7.90793682178206,5.346974734911253,-7.369612270486437,0.2985421121120453,5.246713329111486,0.4454392194747925
Gaia,DR3,5054120190252204160,51.5106510897023,-31.977894323728194,17.675552368164062,2.774707794189453,2.4734631452833895,20.84213893508721,71.43461717298236,-7.256410862950779,,,5.414716469452484,nan,,,1.047719955444336,,None,-9.172653272734573,6.004325930372865,-6.479678492405981,0.0662190169095993,5.156106216997279,0.10130668431520462
Gaia,DR3,5098546331233034368,51.102131650512064,-22.6601166165335,17.441940307617188,2.746000289916992,4.707760663188207,17.936493530891525,61.82287757701011,-6.256644226728374,,,5.300580879666864,nan,,,1.012345790863037,,None,-9.005954710544813,7.13861461340986,-13.95594808955956,0.09754667431116104,5.357969622637944,0.10235792398452759
Gaia,DR3,5102453415738190592,53.59580678045665,-17.843059138307517,16.636877059936523,2.636233329772949,4.8430400868159875,20.65081146216951,75.714927677561,-6.029020234210035,,,6.22005655582198,nan,,,1.0455700159072876,,None,-10.368987095041202,8.897095503874263,-4.261992984210994,0.06119410693645477,7.1556333479766865,0.06427156925201416
Gaia,DR3,5059872285333400064,50.23647999515031,-29.420779282094525,10.154053688049316,0.7252464294433594,2.5336302489647324,18.738089830406228,79.56637044056407,-6.858390417885156,9.772727012634277,0.1766161173582077,6.9771796278666605,nan,,,1.029656171798706,,Gaia_DR3,-11.926919698163612,8.335430899755739,-11.630547410303635,0.00948693510144949,4.62062030976373,0.012022786773741245
Gaia,DR3,5059255562391131904,47.656693107323356,-29.619590314577433,16.940797805786133,2.349085807800293,3.9973388675935855,16.809086037328548,69.44563198880569,-6.558109305034534,,,4.343735922040632,nan,,,1.0476856231689453,,None,-7.549385611795357,5.334143127237837,-5.92186462193771,0.03461673483252525,2.055495955884842,0.04680643603205681
Gaia,DR3,5060065661940777344,51.20341322406346,-28.189985157565072,15.17609691619873,2.20835018157959,4.635222655036187,19.08037711404132,68.41862777909408,-6.8552894899012635,11.221012115478516,3.346529483795166,5.878919563086688,nan,,,0.9839333891868591,,Gaia_DR3,-9.98130064948432,7.124599704271529,-11.68239654255736,0.01661168783903122,1.6376473473785513,0.02017027884721756
Gaia,DR3,5054582844129794304,48.398365854309525,-32.303951982891455,14.451303482055664,1.8777170181274414,3.1009414148835655,18.7550647299149,64.78972516642585,-6.9134888609226275,-5.87951135635376,1.8367836475372314,5.438111009119096,nan,,,1.0272767543792725,,Gaia_DR3,-9.408676471902998,6.253138953462215,-5.903169674042815,0.012563570402562618,6.843951185759963,0.015974951907992363
Gaia,DR3,5103343401681472256,50.089271434628806,-19.35645720624104,12.939717292785645,1.547348976135254,3.8828251716369575,17.123568129674048,82.29370516256682,-5.743519381189709,6.97267484664917,0.9659555554389954,7.438912934149047,nan,,,0.9599897265434265,,Gaia_DR3,-12.729042556637674,10.641905473496053,-12.658330446229325,0.01679464429616928,4.553278973302079,0.01537150889635086
Gaia,DR3,5051889659116752384,46.71901741628093,-31.72420137320351,16.100147247314453,2.3769302368164062,4.120305358309129,17.257832506687542,60.51046739735748,-6.652464067178908,,,4.938255206779,nan,,,1.0264509916305542,,None,-8.629649462175388,5.883299519985921,-9.083841723366483,0.026499442756175995,1.6180367626459913,0.034868281334638596
Gaia,DR3,5099960170043244928,51.61167572395418,-20.75400545319987,10.23599910736084,0.735011100769043,1.681955508360704,18.418392480012805,72.89106513042482,-6.1076870357477855,6.39059591293335,0.35700270533561707,6.478653960832818,nan,,,3.6323180198669434,,Gaia_DR3,-10.966846493469653,8.970157968791625,-8.670963405226376,0.06553077697753906,8.893678389474061,0.0673583447933197
Gaia,DR3,5104548432066139520,48.48871142320032,-17.630314393563232,12.390091896057129,1.3820676803588867,3.228220441524471,15.944881087430323,55.21523558885673,-5.3195296044261795,43.55418395996094,2.8076605796813965,5.095169446759845,nan,,,1.1792423725128174,,Gaia_DR3,-8.810363169214947,7.545814928373543,-6.792232060714167,0.013967908918857574,4.72614867478562,0.014067291282117367
Gaia,DR3,5071840297602067968,47.0143914360166,-27.2237515908045,18.317161560058594,2.8171119689941406,4.0992074395487075,15.268720901565128,67.29594318565887,-6.226741351874021,,,4.251320626289724,nan,,,1.0109463930130005,,None,-7.41669475886091,5.499917772862301,-3.9294056715783388,0.10627402365207672,4.344238932388699,0.13358624279499054
Gaia,DR3,5053085000054538752,51.25294193022091,-35.029297326874115,12.899900436401367,1.1577472686767578,3.761006490836514,22.260444977851012,78.81718778557179,-7.4963393988441815,-15.614734649658203,1.0856693983078003,4.841243206968757,nan,,,1.029768705368042,,Gaia_DR3,-8.21657987700736,4.987505406675839,-6.989148314261498,0.010665449313819408,8.624381288348761,0.01441168412566185
Gaia,DR3,5051631239524495488,47.08621490468669,-32.1197766661517,12.04271125793457,1.084641456604004,2.8075222933719823,17.743412780876234,68.62412999303791,-6.736214646945909,14.400853157043457,0.38180243968963623,6.253430094477292,nan,,,1.330208420753479,,Gaia_DR3,-10.90497453186018,7.352199237984238,-11.38105728185765,0.011278151534497738,11.022568797373355,0.014067358337342739
Gaia,DR3,5053505150935507840,51.18994686614398,-33.6450269723006,17.266029357910156,2.4785099029541016,3.7283385311222634,21.44849388925255,86.00127868933208,-7.368807145458302,,,4.317596263810021,nan,,,0.9855161309242249,,None,-7.331179359928484,4.616144859244658,-5.035955269977956,0.05050523206591606,7.115711279215771,0.07664833962917328
Gaia,DR3,3247162577638652544,53.690772829490044,-6.427947853301675,14.084650993347168,1.761794090270996,3.7551859796809146,25.455792475432837,86.73329231417954,-4.580760297844319,20.16080665588379,2.628772735595703,5.249890146334452,nan,,,0.9578137397766113,,Gaia_DR3,-8.744963141002904,8.680681025387935,-6.923974497434886,0.02017933875322342,4.944890288294838,0.018012873828411102
Gaia,DR3,3247545723080963712,53.45613904638851,-5.570456741723942,15.339380264282227,2.181950569152832,4.493727256613475,25.785052320211108,87.28348456083215,-4.430727822372887,33.18967819213867,5.289616584777832,5.585305405726392,nan,,,1.006325364112854,,Gaia_DR3,-9.321329370723431,9.318727663159498,-8.256571628463794,0.030508950352668762,4.1358811605916195,0.02962050959467888
Gaia,DR3,3249188874488907520,52.543341836461735,-3.4124965630507407,15.020927429199219,2.0356550216674805,3.735875967737962,26.478021473902217,89.83353988028146,-4.003497478175307,-30.319780349731445,6.787863731384277,5.322015532883142,nan,,,1.0626126527786255,,Gaia_DR3,-8.94593530757991,9.068905626402982,-9.501725623569527,0.036189958453178406,4.914511002834943,0.029157374054193497
Gaia,DR3,5062005436673173632,50.339908955344825,-25.129070701056165,19.24310302734375,2.9788455963134766,4.6282094668055676,17.53933828935491,61.791753594110276,-6.428588434802759,,,4.900565886059237,nan,,,1.072563648223877,,None,-8.371147494938805,6.362302799834721,-4.674480795977292,0.23800314962863922,3.3298179520633417,0.394951730966568
Gaia,DR3,5071491713760067328,45.19059896897881,-28.19940470952892,17.81036949157715,2.8043880462646484,0.8803202819374562,14.233161857350904,59.123999606356286,-6.097083238529305,,,4.404149158792841,nan,,,1.1214962005615234,,None,-7.760185209700076,5.714458545507766,-6.951239598597068,0.11600947380065918,5.5977329982164505,0.12094531208276749
Gaia,DR3,5113976572475812608,56.29401298078572,-13.325161406297537,15.688643455505371,2.398472785949707,3.2236043451275864,24.41287566303796,86.39975132007316,-5.834212002058598,,,6.313054575404955,nan,,,1.0013668537139893,,None,-10.28281415566537,9.52157641271906,-6.542654553591033,0.03786464035511017,11.623147799398728,0.03973633423447609
Gaia,DR3,5106511644437373952,49.164266353583,-15.944969495072685,17.971885681152344,,4.104747386685762,17.035818224275815,59.3339705234818,-5.203482149098914,,,5.001525957048643,nan,,,1.1523890495300293,,None,-8.611223233465811,7.541040348410639,-4.283362122427685,0.16203150153160095,7.51654616906732,0.1382051259279251
Gaia,DR3,5073837663553164416,47.734450524225075,-25.127331180983337,16.15968894958496,2.2495193481445312,2.7676795123152,15.234997418185834,68.41993852801006,-6.092130308996739,,,4.2161807133109175,nan,,,1.0148375034332275,,None,-7.324280069996726,5.614226719476718,-7.384328793675262,0.02650216594338417,3.155009486652391,0.04403044655919075
Gaia,DR3,5106236521716693248,49.8646392005573,-16.42642226276504,17.961332321166992,2.6254844665527344,4.616775320946152,17.530247877746483,83.25415064268721,-5.358832607941872,,,4.023000555130372,nan,,,0.9963928461074829,,None,-6.8944266598452515,6.00446254835842,-7.047229553153248,0.13027366995811462,9.916915887278174,0.12565015256404877
Gaia,DR3,5081740850054784384,54.85132896668324,-26.227391168399652,12.019844055175781,1.160935401916504,4.963816126094011,21.737184605915843,76.48364623643396,-7.107834292896072,-3.6489338874816895,0.5587793588638306,5.945087686877956,nan,,,4.994548797607422,,Gaia_DR3,-9.807617339584047,7.214917041695941,-5.838954534357601,0.029479654505848885,12.005685025832342,0.05102482810616493
Gaia,DR3,5152570049085370496,45.07653417691249,-17.737814082209212,17.224586486816406,2.592519760131836,4.014611137136808,12.769439820022459,45.05007916980649,-4.863040386142773,,,4.911344616186543,nan,,,0.9298188090324402,,None,-8.65894312861056,7.418863585682623,-7.743808726546549,0.10490886121988297,3.3642845198020845,0.10560967028141022
Gaia,DR3,5112340357438448000,56.06876001271173,-14.409999993386679,18.231948852539062,3.1892566680908203,2.6624571770217025,23.840512163528103,84.0682410194641,-5.939100657608228,,,6.198898083049277,nan,,,1.0247174501419067,,None,-10.11751023012696,9.213172766817907,-12.177885068447669,0.2258434295654297,12.016776193431092,0.1913859248161316
Gaia,DR3,5059064556605627648,45.89962097726039,-29.763638256130342,17.392728805541992,2.899778366088867,4.121589092831818,15.567615493010512,59.119646321115866,-6.352276464653216,,,4.593946111866998,nan,,,1.0343576669692993,,None,-8.064408101098534,5.747576480879289,-11.951821237174135,0.050448887050151825,4.841754080568869,0.074897900223732
Gaia,DR3,5060305591697127936,50.06905275481037,-28.049612234124968,19.33545684814453,3.4063644409179688,3.630345158199502,18.090512559754305,87.66340849309974,-6.699998759893001,,,7.750414115492619,nan,,,1.0372601747512817,,None,-13.2638943195837,9.543074916489216,-18.50383072320986,0.1824301928281784,12.322588160377988,0.2267785370349884
Gaia,DR3,5060870744971092608,51.56980872296081,-26.627834138176286,16.782697677612305,2.6835317611694336,2.0921129492281576,18.94670765288413,65.16523761770866,-6.742075639826506,,,5.322058427612064,nan,,,1.0252004861831665,,None,-9.011775631732837,6.631297328005347,-9.086987229786617,0.03237071633338928,8.977324334891328,0.040998317301273346
Gaia,DR3,5085620408114470400,54.50770704877573,-24.214672987889557,18.0967960357666,-0.18436813354492188,2.9653874862272493,21.162929779081967,89.3781211416879,-6.858558727703435,,,4.176070528863261,nan,,,0.997543454170227,,None,-6.909397964375904,5.301809689137686,-4.299679611861112,0.09670696407556534,5.369709081133516,0.11402726918458939
Gaia,DR3,5086107663564496768,51.41408425594063,-24.06384215783725,12.232714653015137,1.0545921325683594,3.5659710849416295,18.339572183336486,63.15164711455431,-6.451159710507259,9.263958930969238,0.7177839279174805,5.302763202388323,nan,,,0.9221194982528687,,Gaia_DR3,-8.989345272672985,6.9479806639383215,-10.440400392639237,0.00985165685415268,3.235147821409819,0.01114893238991499
Gaia,DR3,5155386654278878464,49.15067111498568,-14.005152237919585,12.009626388549805,1.0038032531738281,2.7942308980936046,17.737437341251457,65.70910731446624,-4.95668232772506,23.994401931762695,1.1481921672821045,5.989567914918574,nan,,,1.1235358715057373,,Gaia_DR3,-10.313265086198374,9.248723349983116,-6.824013851636433,0.021684255450963974,8.726147170366746,0.01659470796585083
Gaia,DR3,5159077882315677952,46.142997630139845,-13.168639979140188,11.066887855529785,0.7971115112304688,2.0784555895734544,15.529945788689469,54.57350746660771,-4.428192278322099,5.794529438018799,0.8283962607383728,5.445163318773102,nan,,,0.9814539551734924,,Gaia_DR3,-9.54604501290216,8.603482718888039,-11.806262662924745,0.017252326011657715,7.839485338047288,0.016731400042772293
Gaia,DR3,5086040043599489152,51.67863061597713,-24.397347856769162,16.385215759277344,2.5639114379882812,3.9386478373997584,18.620877740315613,71.32460764397042,-6.520962836516239,,,6.2990536866077065,nan,,,1.015344500541687,,None,-10.657560901443139,8.18299477368295,-8.511439107846881,0.040123406797647476,12.952542240487826,0.037151120603084564
Gaia,DR3,4861592676275192448,53.12722152397338,-33.41998373704421,9.906209945678711,0.664240837097168,4.330398767812216,22.725119930413662,78.87441264098541,-7.5743719936389,6.77448844909668,0.1823599934577942,5.007565328275239,nan,,,0.9749033451080322,,Gaia_DR3,-8.37908575981202,5.227148696830107,-11.749466959737543,0.010352518409490585,2.138799429224181,0.01732637919485569
Gaia,DR3,5088457251193799936,54.282024251741895,-21.367432922815883,16.520917892456055,,3.2154631076273374,20.87926302086805,74.45735806894798,-6.522343258338786,,,5.9998006977302385,nan,,,1.704003930091858,,None,-9.94559899903724,8.05320976183019,-13.689643734183083,0.17828716337680817,9.64142477460308,0.1660623401403427
Gaia,DR3,5093854685054510976,58.33937030257123,-21.250694021648805,16.48532485961914,2.5547971725463867,3.697354465019046,24.660308795266765,83.70704095134549,-7.018783255345861,,,5.472495538542104,nan,,,3.5262205600738525,,None,-8.742003047590769,7.132061529096792,-12.814920218638346,0.24940794706344604,5.864916227425708,0.37878847122192383
Gaia,DR3,5162314329151857664,49.58105345540808,-12.53259108689351,18.633100509643555,3.0784778594970703,1.774180476469794,18.76437427098482,65.04973613623697,-4.826703951426592,,,5.500938691337782,nan,,,1.022053599357605,,None,-9.445161783134726,8.623801449643024,-9.207188477452087,0.20173287391662598,6.580176410244992,0.21053235232830048
Gaia,DR3,5161579722241833472,50.50346669498615,-12.775239326570988,14.735129356384277,1.7236261367797852,4.630241581150032,19.45414915228661,77.03647129974324,-4.985530434307993,28.975849151611328,4.0767316818237305,4.395447280610624,nan,,,1.0667146444320679,,Gaia_DR3,-7.49978581731935,6.844927912080727,-4.349609816341495,0.02555817924439907,3.932206749502334,0.022124579176306725
Gaia,DR3,5154376752848709888,47.78298387313244,-16.751297687900756,17.087385177612305,2.6324281692504883,2.3594313663014117,15.526867236015253,54.51755722820898,-5.1143089990159005,,,5.437317306164168,nan,,,1.0819143056869507,,None,-9.44286054735007,8.178633950639226,-10.677519982699886,0.08042620867490768,10.584837050149064,0.07923869043588638
Gaia,DR3,5078611090205647616,46.757865688965886,-21.902469936868187,17.911056518554688,2.986337661743164,2.7595396160313252,13.886093043754357,71.08771301396061,-5.596774656903747,,,4.047654723269839,nan,,,1.0209561586380005,,None,-7.071758103764237,5.718744487359872,-5.348574273628555,0.11542769521474838,4.114019351908255,0.12509626150131226
Gaia,DR3,5116037710100894848,55.69436782546302,-10.279429071346101,15.179211616516113,2.158559799194336,4.453548406774213,25.118816027294912,86.08517580783554,-5.366354389456101,-6.550654411315918,7.616222858428955,5.148858845886684,nan,,,1.0553752183914185,,Gaia_DR3,-8.431894121485835,8.107124959630935,-9.654177425158188,0.0290785264223814,3.430184083072069,0.029909772798419
Gaia,DR3,5088909390990526208,55.395095717840825,-20.550512323361914,14.32768440246582,2.19600772857666,2.35014598787168,21.964275069061085,84.75616681207126,-6.573231313922896,21.065214157104492,2.5737223625183105,6.818954601899118,nan,,,1.3281537294387817,,Gaia_DR3,-11.196395410285948,9.208830073360932,-14.355947735401742,0.020962947979569435,8.012819441995056,0.02055046521127224
Gaia,DR3,5156132879076194688,47.56777222811428,-13.993917409021906,17.27785301208496,2.7068958282470703,4.625989399281396,16.353960167401258,60.596509144895656,-4.735339347842293,,,5.862647861291914,nan,,,1.070282220840454,,None,-10.194652941536816,9.121720768447805,-15.657449629960102,0.11294686794281006,7.4349527326683935,0.10633790493011475
Gaia,DR3,5159501503530130304,46.791044782696105,-12.489401008842579,9.322754859924316,0.9450302124023438,4.808975875453251,16.42265742514161,75.14025226161817,-4.430697793059048,37.99420928955078,7.6813530921936035,4.137028343471246,nan,,,1.7049121856689453,,Gaia_DR3,-7.2265420900073645,6.564244213072466,-11.266101193755109,0.026959272101521492,5.436449727949798,0.02859315276145935
Gaia,DR3,5093854685052740736,58.339510901958036,-21.25076162427895,16.614164352416992,2.593430519104004,3.7584051501315017,24.660435517580684,86.45643366427227,-7.018807863825398,,,4.9030554862221605,nan,,,3.126929998397827,,None,-7.832343753147225,6.389919948743025,-10.389116118174382,0.24212037026882172,3.4651801629780454,0.4761058986186981
Gaia,DR3,5051750669678160640,45.7965704621294,-32.45347689373782,15.510773658752441,,3.030277849590495,17.095121913629317,77.75867751190843,-6.61097730511918,,,4.124798570751515,nan,,,1.1369013786315918,,None,-7.2448569539819205,4.902530309826946,-9.07537154338011,0.02915743738412857,6.797869269801651,0.04723167419433594
Gaia,DR3,5168233206402850304,49.63477391916339,-8.602102287489657,17.34842300415039,2.700929641723633,1.8817691945098884,20.931362186151848,75.48363320448958,-4.313486574128828,,,4.737847639055913,nan,,,1.0349682569503784,,None,-8.132019847792591,7.739564926574204,-9.699772813653478,0.10652083903551102,8.776200207430389,0.13581831753253937
Gaia,DR3,5055220767031874304,50.320376282475856,-30.992654058095404,9.696195602416992,0.6691751480102539,4.663160892504433,19.48431147167931,68.98897593591654,-7.0213279706070795,-7.173565864562988,0.27104830741882324,5.802228423005251,nan,,,4.942403793334961,,Gaia_DR3,-9.912705024618155,6.691397144778309,-4.258670595446985,0.04981503635644913,7.443437695681059,0.06246932968497276
Gaia,DR3,5056608178907201792,53.24748195154353,-29.94418944859238,14.847010612487793,1.8113059997558594,4.428989460782788,21.35767267149557,79.53456583505016,-7.274856357200503,3.2516849040985107,3.188239812850952,4.581558982310084,nan,,,1.271452784538269,,Gaia_DR3,-7.658942736029923,5.20945294456096,-3.3827325878708554,0.017225878313183784,5.321936272946247,0.024559296667575836
Gaia,DR3,5104334675838037632,48.01660865673237,-18.670023212163297,18.114845275878906,3.3236522674560547,2.1484987278042578,15.291436060008664,81.19332551023588,-5.381962234253354,,,7.5797831929638555,nan,,,1.0225545167922974,,None,-13.144990898710569,11.103899492949282,-11.149417010068,0.15932759642601013,8.310392115783284,0.1502491533756256
Gaia,DR3,5101675506966356608,52.668928831136306,-19.461432419872537,17.504520416259766,2.6949501037597656,3.955495795724253,19.52389051399786,77.00101888107616,-6.097135993883122,,,4.406244573401256,nan,,,1.0247036218643188,,None,-7.399408187935716,6.181594586748361,-3.7371281968135666,0.08558863401412964,6.4771097265496405,0.11184906959533691
Gaia,DR3,5104520119641805440,48.518435281350726,-18.03819246840928,16.825424194335938,2.650204658508301,3.307083528093388,15.881317566006791,56.66456064473777,-5.373415207731827,,,5.588899771091406,nan,,,0.929695188999176,,None,-9.662300362983201,8.230608852963982,-11.722321764251573,0.05945940688252449,4.923314945870382,0.06110623851418495
Gaia,DR3,5164219409141590400,55.55674332729999,-9.103553994873419,16.921192169189453,2.502657890319824,3.9521456639949895,25.558932259145532,86.57396595210543,-5.193626844519068,,,5.580882795562577,nan,,,0.9427500367164612,,None,-9.150525514806745,8.91864125017239,-6.450831181991641,0.06617303937673569,5.132933698863683,0.06576885282993317
Gaia,DR3,5071869091062810752,47.09690890206923,-27.099576871435765,15.144134521484375,1.8371028900146484,2.1663143712043498,15.29048398419303,87.40900442692133,-6.224035959076001,27.212566375732422,3.836714267730713,3.8008750895026324,nan,,,1.007509469985962,,Gaia_DR3,-6.62770332570023,4.923637392506109,-4.909680349035417,0.020692234858870506,4.6759421398393455,0.025290746241807938
Gaia,DR3,5166845176051973760,45.93654852957552,-10.234326704350327,16.872238159179688,2.5911026000976562,0.8744391484856199,17.054418559662654,69.82197814334506,-4.009477670895091,,,4.359374674633241,nan,,,1.025979995727539,,None,-7.651106592863517,7.09223663123495,-7.772197357227611,0.07544247806072235,6.297802643056134,0.0822085291147232
Gaia,DR3,5108845598384328960,55.819797133885,-16.5599058252556,18.063644409179688,,4.213539716855235,23.005416807646217,78.50070962732704,-6.166967340188933,,,5.30438298057803,nan,,,0.9974979758262634,,None,-8.676891811725639,7.639571810961186,-5.758744533575926,0.2213849425315857,11.338772790421176,0.14350064098834991
Gaia,DR3,5180259149194547968,46.477900455397304,-6.176235097407399,11.424728393554688,0.9139118194580078,1.8459862830222278,20.232032577112975,74.98118740499599,-3.531684950432365,10.598834037780762,0.5059425830841064,6.2577165304494855,nan,,,1.0921299457550049,,Gaia_DR3,-10.950261003130636,10.518520633882877,-10.315782752026262,0.021096553653478622,12.869619204598878,0.022347167134284973
Gaia,DR3,5110904330830434560,57.3970533076039,-14.187683019658865,16.309663772583008,2.6861038208007812,4.29863946173201,25.13134120450374,86.32491012714515,-6.08456041049522,,,5.9612383220060785,nan,,,2.006639242172241,,None,-9.610429780314313,8.833912016719617,-12.593433667148705,0.09065403044223785,4.330151269863193,0.07690304517745972
Gaia,DR3,5112531642397668992,53.69580595640327,-14.34412020662603,17.962202072143555,2.423168182373047,4.467764545721974,21.69309355846399,80.99841738803647,-5.617311359126423,,,4.56633764579825,nan,,,1.0516525506973267,,None,-7.60602999815166,6.87060531373852,-11.568389595232661,0.15388649702072144,5.19829621586228,0.14669151604175568
Gaia,DR3,5075350793415171712,46.752990411679804,-23.479338384383087,18.37833023071289,-0.21252059936523438,4.569237161550914,14.034286241851778,80.86087877070398,-5.7783136196027005,,,3.857740815585243,nan,,,0.9463986754417419,,None,-6.740141348661822,5.323254774561606,-8.233893192832724,0.14370086789131165,1.9207740737914982,0.15012268722057343
Gaia,DR3,5114727951235078528,57.486819646916544,-12.037161497938238,17.227094650268555,2.8623580932617188,1.2043420757023953,25.97145171520906,88.43578376286611,-5.828372998751829,,,5.250182501127786,nan,,,1.030272364616394,,None,-8.45684028603296,8.024832401932214,-9.24426600946795,0.07694364339113235,6.949318377942349,0.06496640294790268
Gaia,DR3,5088604620111259520,56.018671778890976,-21.201105358254196,17.20115089416504,2.8609189987182617,2.9516406151191523,22.503295819617403,87.38590108111714,-6.724261156874088,,,6.962561530623402,nan,,,0.9849624037742615,,None,-11.369051100729719,9.247665562090829,-13.7012218167634,0.05783860757946968,5.596602432873924,0.06434229761362076
Gaia,DR3,3194467761323009664,56.96357712561187,-9.962807292960363,16.446640014648438,2.594782829284668,4.889342781675413,26.37550322842173,89.18857483752045,-5.493431657516039,,,5.669356750924905,nan,,,1.060441017150879,,None,-9.17740536974165,8.926624797099763,-5.3317193333211605,0.06522157788276672,13.326350850712958,0.055426500737667084
Gaia,DR3,3262663316472347776,49.70140289402216,-1.142558997556292,16.961925506591797,2.7313146591186523,2.457880523332007,26.131549519786606,88.50403003127113,-3.2810847626896815,,,5.4005216403496314,nan,,,1.0087828636169434,,None,-9.265308379175373,9.385182002520537,-9.112419138955827,0.07654711604118347,6.5911036372243235,0.06882476061582565
Gaia,DR3,5101968015714388736,51.45260557506154,-18.83068322122582,16.012853622436523,2.347853660583496,3.312714813262418,18.473856466776585,71.764620928152,-5.862863026461682,,,4.472634771793458,nan,,,1.022658348083496,,None,-7.579964011567245,6.389385828133203,-4.760304626331449,0.03993997722864151,5.045640629487307,0.040455207228660583
Gaia,DR3,5094953337689260544,58.47240532253501,-19.25378255789991,10.244558334350586,0.6842107772827148,1.9308605324563528,24.980252586665404,86.0051948206519,-6.815831409450205,7.305269718170166,0.43662652373313904,5.986022124414093,nan,,,1.768664002418518,,Gaia_DR3,-9.549692807112006,8.098099061202934,-11.950127483141694,0.03011811524629593,8.516227674926592,0.03225910663604736
Gaia,DR3,5153978145523422976,45.75048356790858,-15.829876733733347,17.665565490722656,3.1455249786376953,3.0099215810625064,13.997525107102467,73.16451450537927,-4.716351906253176,,,7.147665680846,nan,,,1.0769532918930054,,None,-12.557360065951093,10.994728463344234,-10.440775365790415,0.12491538375616074,15.005895441526286,0.13837973773479462
Gaia,DR3,4860858172444310016,51.61876146512804,-35.5157107291531,9.53616714477539,0.5802936553955078,3.5187149418312536,22.785139991210496,78.5048912194205,-7.579285294589184,6.7061028480529785,0.3956911265850067,5.756447424522294,nan,,,1.008132815361023,,Gaia_DR3,-9.743811178840495,5.816678119564296,-6.83101243816075,0.009939827024936676,2.6943910487948477,0.014180213212966919
Gaia,DR3,4860482002029101440,54.9091227691784,-34.687443232506254,11.308485984802246,0.7607288360595703,3.7832142734066045,24.628933286035526,89.54801017175035,-7.883356953007481,-5.949718475341797,0.408077597618103,4.663219912903478,nan,,,1.0853986740112305,,Gaia_DR3,-7.689110908605535,4.5645936170393355,-4.490406181050223,0.013838902115821838,6.461963184132757,0.018828723579645157
Gaia,DR3,5107611602743519744,56.25876534635279,-17.472594417010125,17.49404525756836,2.525930404663086,4.27748633325841,23.21099847854452,81.62399979357058,-6.33149444085481,,,4.886430328704332,nan,,,0.9252066612243652,,None,-7.961657112316893,6.9171202444684425,-11.670211491173427,0.0933048352599144,4.5376479494627295,0.07299166917800903
Gaia,DR3,5108214306911334528,54.74141994890543,-18.005066257218328,19.20473289489746,3.4162540435791016,1.8552813846185143,21.689527542604974,86.5084954375432,-6.197733062770489,,,7.049826118973407,nan,,,0.93808513879776,,None,-11.64102050908808,9.986303519538883,-14.34481104313615,0.26941266655921936,9.4458761082984,0.32793647050857544
Gaia,DR3,5100490512606616832,53.82695361214261,-21.072356578410666,19.485794067382812,2.926929473876953,4.342768762058233,20.468193733027995,75.31348524499498,-6.431138995607217,,,4.64361731520266,nan,,,0.977870523929596,,None,-7.7264921458081535,6.287722304555257,-3.759732559143715,0.3508847653865814,4.758748446209742,0.27944517135620117
Gaia,DR3,5101663416633864576,53.06684368596344,-19.18122248714506,16.5651798248291,2.62130069732666,3.6464440601795753,19.932622540962477,78.4068235456048,-6.116674555269098,,,4.4064490249232575,nan,,,0.990449070930481,,None,-7.376765554846928,6.192666249181069,-5.260232955117248,0.05535351485013962,8.837260199963147,0.059994157403707504
Gaia,DR3,5085076832756511232,52.98512716355382,-25.302151429050163,18.323345184326172,2.9553661346435547,3.548555086108914,19.925895285358916,82.06266231896512,-6.781928164098973,,,4.2736591500886005,nan,,,1.0411244630813599,,None,-7.15907053753892,5.3881910233026264,-8.388198276795395,0.11473926901817322,8.339471923124163,0.13031990826129913
Gaia,DR3,5161838004395115008,52.87084247832516,-12.444015799292034,18.154666900634766,2.850515365600586,4.3849471445207255,21.67974499315368,78.62220181891001,-5.2663392255551855,,,6.242830080078211,nan,,,0.98990797996521,,None,-10.467125415771605,9.665576192266164,-11.506667856957613,0.18648776412010193,3.989163379839985,0.154205784201622
Gaia,DR3,4860809793932790272,51.16981073719929,-36.16119251996761,17.068767547607422,2.991069793701172,2.3076663449050114,22.875701661530236,81.49090698216358,-7.58192161916628,,,6.203329932454235,nan,,,0.9657020568847656,,None,-10.534640977256863,6.204732745362218,-12.42554806600168,0.053022436797618866,8.556654264565253,0.06769194453954697
Gaia,DR3,4860880983015246336,50.79654738514972,-35.76663972148095,14.81554126739502,2.245602607727051,1.8439091619787402,22.39606763698641,79.69571144012822,-7.506479178655532,,,6.137513735540758,nan,,,1.1812629699707031,,None,-10.450681767865198,6.246094000203883,-12.447461191745198,0.01861332170665264,7.551709719383001,0.026578040793538094
Gaia,DR3,4863219304945825536,55.20556178275963,-32.40703049456562,16.03004264831543,2.4168357849121094,1.960525412589836,23.842763012392727,85.2016055196363,-7.726578308557521,,,6.35448969901272,nan,,,1.0648843050003052,,None,-10.451036928711872,6.606632575089122,-8.473683576944275,0.02785770408809185,4.878185420336775,0.03930677846074104
Gaia,DR3,5110489059032563200,57.80597340416428,-15.234487116353826,11.208282470703125,0.8555459976196289,2.8746634761159107,25.19558925447749,86.18396654434032,-6.264407073323223,33.15085983276367,0.3970848321914673,5.883166085873692,nan,,,1.3310554027557373,,Gaia_DR3,-9.44732522180644,8.561054930348536,-12.113649236609216,0.020463746041059494,6.1942657494564655,0.016303006559610367
Gaia,DR3,4863842796757982080,55.65705890861946,-30.609927302427558,16.30828857421875,2.4316015243530273,4.26240805988522,23.540601737581717,80.58285174383307,-7.6209889240856885,,,5.195330796514213,nan,,,1.060591697692871,,None,-8.510813545553223,5.630161928568491,-12.50485386688593,0.031934019178152084,8.046925286571991,0.046488914638757706
Gaia,DR3,5047255011447470208,48.439665074993904,-35.2689815912908,16.843311309814453,2.7770862579345703,3.6788740785850136,20.592909428332497,71.76169180106069,-7.191017528127222,,,4.978550706407109,nan,,,1.0959250926971436,,None,-8.611353654180116,5.337884193392384,-11.899904348177008,0.0489669106900692,7.361099017725029,0.06035405024886131
Gaia,DR3,5053352421898221440,49.7635940115902,-34.41464870797322,13.59361743927002,1.6371278762817383,2.3235146825529207,20.908057946443442,76.96505975502627,-7.270077650971607,20.323415756225586,1.5530550479888916,6.2828004567193005,nan,,,1.0419617891311646,,Gaia_DR3,-10.774485017718868,6.736304472039254,-13.094317727117783,0.008781305514276028,4.714169293591828,0.014427516609430313
Gaia,DR3,4890309652250568192,60.189252578936006,-26.34764134250753,14.959534645080566,2.1432151794433594,4.6092887183040405,26.4914355560489,89.49378122591946,-7.7569429203712055,13.22677230834961,3.625920534133911,5.5976074243881895,nan,,,1.1234427690505981,,Gaia_DR3,-8.77320807473096,6.403030336171827,-11.669112723448984,0.01554787252098322,1.7989420705471244,0.023162206634879112
Gaia,DR3,5113282402681121536,53.37140038712077,-14.259468620433896,17.190242767333984,2.932539939880371,4.452413846597016,21.42739332396886,75.36593520217465,-5.563380558768412,,,4.894355320069058,nan,,,1.1288394927978516,,None,-8.173753559623503,7.384092464334113,-9.9878917488053,0.10949739813804626,3.1635597130150916,0.1060292199254036
Gaia,DR3,5114325770496472704,56.52901105523807,-12.519387627785662,16.878393173217773,2.6491622924804688,4.247722011935481,24.922224756931776,84.63665307445797,-5.763971483688499,,,5.622228044126276,nan,,,0.9407393336296082,,None,-9.137906754364872,8.5679826150929,-8.536900600778152,0.06581219285726547,3.569490407602002,0.06060751900076866
Gaia,DR3,5165621217747751424,53.40796610071582,-7.414969877822133,7.5174689292907715,0.4826803207397461,4.111027798995758,24.654944652288616,85.08982855429085,-4.676409411138257,,,5.989675373540961,nan,,,1.0564236640930176,,None,-10.000048929473788,9.809105847382293,-5.128423950118258,0.028612622991204262,8.016620472316598,0.028418028727173805
Gaia,DR3,5106438934935001728,49.373690997207845,-16.256764046683045,18.751140594482422,3.0479602813720703,2.38049161999813,17.130094405710558,78.47783373328181,-5.270920211507447,,,4.109086709621475,nan,,,1.0609039068222046,,None,-7.065015209484621,6.163596169834802,-5.112040908543952,0.20171654224395752,5.501764269350265,0.17868924140930176
Gaia,DR3,5108845598387063040,55.82002243412177,-16.55944547402591,17.722497940063477,2.7708053588867188,4.824704933120524,23.005737586594215,79.43760802334415,-6.166941711787122,,,5.0653670848035794,nan,,,1.000372052192688,,None,-8.28589375358201,7.295375789873982,-5.424467879096265,0.10420455783605576,11.579648878738205,0.09320451319217682
Gaia,DR3,5108464583247642112,55.672920742618324,-16.695995761385902,19.262914657592773,2.7415103912353516,3.0054299489676852,22.836208293509934,79.24784974925188,-6.1641137187957895,,,5.008502639186113,nan,,,1.0032392740249634,,None,-8.203604357921773,7.203975156535595,-5.260219203049963,0.2783222794532776,6.018196660927237,0.252410352230072
Gaia,DR3,5054298375559050752,49.216100905457445,-33.02466861278597,19.55291175842285,2.9887046813964844,4.486484648034327,19.730212745363946,76.90930104261216,-7.079396821525013,,,4.438844732623776,nan,,,1.083469271659851,,None,-7.6398659799359585,4.962695243546081,-4.355563020176884,0.2480011135339737,2.347625783479721,0.28953230381011963
Gaia,DR3,5054188218237504128,48.91220624454944,-33.84598557472404,18.81969451904297,3.1399574279785156,3.302722328022434,20.003173172849042,78.30047210067438,-7.11866253210746,,,4.4205109867708785,nan,,,0.9948548674583435,,None,-7.623275167725462,4.86955980526373,-5.677753862939638,0.14866846799850464,7.2544290259639475,0.16773515939712524
Gaia,DR3,5152972779578745600,45.82911141246504,-17.328697287823232,17.683212280273438,2.760770797729492,3.593650001773503,13.571646100259697,65.910866780286,-4.916376343349496,,,4.146842178923756,nan,,,1.0774844884872437,,None,-7.282304067509065,6.2657082040020065,-9.748653392425094,0.1173868328332901,4.319818833331424,0.1433761715888977
Gaia,DR3,5104290111256884352,47.550582213379556,-19.15504674212784,17.970373153686523,-0.1209259033203125,4.104481131376219,14.777754652969662,53.27391706279153,-5.377301408827207,,,5.581378209525046,nan,,,0.9909597039222717,,None,-9.70654121121179,8.148299050896789,-9.398781096866824,0.1159883588552475,3.3287392382769894,0.10603610426187515
Gaia,DR3,5058498578696347520,48.45709040535527,-29.78382295530653,18.62869644165039,2.976421356201172,4.169560491318809,17.499775966730066,75.94019205980644,-6.674416952649761,,,4.211227708896013,nan,,,1.1219207048416138,,None,-7.283328419466667,5.104036713333949,-3.710950082633083,0.10889739543199539,6.073576653713376,0.1394866704940796
Gaia,DR3,5159940006806180480,46.31820117432858,-11.467521031975132,18.15679168701172,3.020732879638672,4.210526066981359,16.603152250001127,57.60366247302772,-4.22878639197965,,,5.359097021435783,nan,,,1.0566456317901611,,None,-9.386109623966345,8.606664144552674,-14.036803218158571,0.13866201043128967,7.60733763992289,0.14201219379901886
Gaia,DR3,5182907700903974272,45.737657728446464,-4.639829322309496,18.92790985107422,3.324373245239258,3.665945261066529,20.91285119482963,75.66555685458594,-3.209732266839701,,,4.720519078596284,nan,,,0.9706990122795105,,None,-8.293800977058087,8.034755196826094,-10.936714614437946,0.22212065756320953,5.520066362630684,0.22529719769954681
Gaia,DR3,5162994450108287488,51.59307018898055,-11.002240819124527,11.697842597961426,0.8047590255737305,1.769313072904348,21.227401637658765,81.86448529097679,-4.9051501169423695,25.992454528808594,0.6445237398147583,4.449133039927054,nan,,,1.5202271938323975,,Gaia_DR3,-7.5323734775811975,7.042539792289915,-9.165244795887615,0.023730585351586342,7.338507812527153,0.020785262808203697
Gaia,DR3,5165708525842557568,47.69905863706087,-11.50849663430782,15.904759407043457,2.517181396484375,3.082928116875044,17.698575139941997,84.91008387664172,-4.429536887511962,,,7.572970175879062,nan,,,1.13249933719635,,None,-13.158434962780197,12.093764700442653,-14.267913055310604,0.051120344549417496,7.298679926126152,0.0457676537334919
Gaia,DR3,5166575971797217152,48.02941780883838,-9.411148256980777,17.620264053344727,2.9252777099609375,4.373214743287489,19.18051075541607,68.74191087109065,-4.196319824082556,,,5.883588980479926,nan,,,1.0316510200500488,,None,-10.20262342552494,9.581160566191,-13.89508583112563,0.18564723432064056,5.607812258650461,0.17203809320926666
Gaia,DR3,5168006642583393280,50.61917644901192,-8.69021498541322,15.080606460571289,2.4805707931518555,3.3701754337445955,21.66295941997522,80.2602338876146,-4.463119576024759,7.533160209655762,6.0825419425964355,6.43034672782703,nan,,,1.2650500535964966,,Gaia_DR3,-10.962988032275168,10.466799575104039,-12.745119990139193,0.04177137464284897,6.260181215992294,0.038295306265354156
Gaia,DR3,5106735390757421056,50.92464651447931,-15.870062600840079,18.83606719970703,3.3342628479003906,1.4192959633603746,18.66758211882312,65.30467467999858,-5.433922733024733,,,4.951666288046797,nan,,,1.0666437149047852,,None,-8.423814074481683,7.401756652615656,-7.448155457964999,0.2312794178724289,8.516688896201556,0.2374466061592102
Gaia,DR3,5113263058148423680,51.80566771732405,-13.515973820854462,15.82291030883789,2.1954517364501953,1.1765007331148245,20.293586789315906,75.07703773104184,-5.258465388765098,,,6.251164541264005,nan,,,0.9954398274421692,,None,-10.566583769850512,9.592592863057495,-11.7546185047754,0.03774082660675049,10.588746048928572,0.036394331604242325
Gaia,DR3,5084829614438696192,53.97095772039916,-25.66027350127368,12.351995468139648,1.1126384735107422,4.2749776349881925,20.861701149268207,75.43526693176662,-6.941827765826017,44.99342727661133,0.5326090455055237,6.125450989826414,nan,,,1.0414257049560547,,Gaia_DR3,-10.180081600205382,7.591835188663323,-5.514670458517949,0.0071563879027962685,4.640949318763181,0.010893687605857849
Gaia,DR3,5181643503050017280,48.351213409969944,-5.822291490374573,18.181856155395508,2.977315902709961,3.527064915320515,21.785309196083535,86.40627899979559,-3.75075372680688,,,4.345250754817492,nan,,,0.9593886733055115,,None,-7.520086651037329,7.2986553617193355,-6.816717150103441,0.1777126044034958,4.145276518314539,0.19617730379104614
Gaia,DR3,5073642775115979520,47.35042164403097,-25.934466016998176,18.05898666381836,2.826221466064453,2.057742593212213,15.116928094078089,58.274535388644104,-6.1307517331361066,,,4.55912684542728,nan,,,1.056562900543213,,None,-7.938138484046718,6.010995926461728,-8.337518753567633,0.09417770802974701,7.947967234646653,0.13036991655826569
Gaia,DR3,5074036877019919872,49.947217485696086,-24.831507211730383,19.715373992919922,0.3064155578613281,3.4913413531173134,17.13422885762817,59.22106649170017,-6.346102614879799,,,5.318969888190262,nan,,,0.977099597454071,,None,-9.110310943573934,6.969062288598604,-5.215523456029271,0.299020379781723,7.364537290443972,0.39779040217399597
Gaia,DR3,5169186040602762880,50.284460713147425,-7.323688054840835,14.254034996032715,2.1366186141967773,4.2483007296805235,22.224902810785544,86.6059010403881,-4.230950982245985,12.166757583618164,3.6629161834716797,6.945732157280383,nan,,,3.103645086288452,,Gaia_DR3,-11.869242125843275,11.467267149288586,-18.089491613348322,0.056288763880729675,11.521961513110872,0.046693865209817886
Gaia,DR3,5169838600753853312,51.07168855302062,-5.684752756225292,14.875299453735352,2.26332950592041,0.6468995872669576,23.873758771016124,81.3891985697906,-4.115828263689535,1.9525611400604248,5.038519382476807,5.6230271172147255,nan,,,1.0970622301101685,,Gaia_DR3,-9.555894493930536,9.410205544177721,-10.300623218789557,0.03485032543540001,9.227434141195578,0.028007473796606064
Gaia,DR3,5158932441839012992,45.10400721626947,-13.813774452627406,14.60521411895752,1.8943853378295898,4.280551191689734,14.331949901375026,49.977878064342995,-4.365493189391533,-16.765369415283203,4.506201267242432,5.297761394323942,nan,,,0.9706703424453735,,Gaia_DR3,-9.33890091857994,8.354658323921072,-5.500291216818887,0.02634384110569954,5.505216942819104,0.023489931598305702
Gaia,DR3,5165745252107592320,47.975769221743064,-11.122192574395605,19.447832107543945,2.8374385833740234,4.12332162688563,18.137806940452254,63.535226815836545,-4.417395222195846,,,4.942554223236684,nan,,,0.9916484355926514,,None,-8.573597832346262,7.916048354124672,-8.348286956494036,0.381136417388916,12.206390365586977,0.42305421829223633
Gaia,DR3,5075270327204245120,48.55679171705137,-22.802626859009187,15.306916236877441,1.9537296295166016,2.442246584023196,15.603104211435285,65.46048954930686,-5.939754365979614,22.529516220092773,9.59232234954834,4.3424611398885204,nan,,,1.045333981513977,,Gaia_DR3,-7.505601062284261,5.9621307529469485,-5.609407425939562,0.039777275174856186,7.146562517275662,0.040079519152641296
Gaia,DR3,5080395803736723200,55.66592344964194,-28.73264260117666,15.280108451843262,2.349940299987793,3.5410153375509825,22.9901758387124,87.78146641519902,-7.4496618579044025,-0.44454386830329895,4.553806304931641,6.891119816177529,nan,,,1.0481595993041992,,Gaia_DR3,-11.287910237246894,7.825953691832757,-11.325149415038824,0.017337827011942863,12.96991315142883,0.024422260001301765
Gaia,DR3,5166241342305267840,49.62932846578499,-10.206964920393657,17.347728729248047,2.814739227294922,2.222735546728881,19.99761675579132,68.64411591628958,-4.527911416687472,,,5.367678897358862,nan,,,1.3849939107894897,,None,-9.213393605364827,8.628359369878401,-8.792340650148322,0.14714086055755615,11.108025603224059,0.13120634853839874
Gaia,DR3,5098936009321530880,51.44690620974426,-22.265677384163236,17.687124252319336,2.7243785858154297,3.3892561712607905,18.240647392278774,77.92285727959552,-6.257342000417074,,,4.225184700122361,nan,,,0.9288679957389832,,None,-7.1608980210026605,5.7122210102115325,-10.153456155457224,0.0953877717256546,5.314671525501008,0.11090575903654099
Gaia,DR3,4888169491523036800,58.59851141384933,-29.53755736821867,15.001385688781738,2.313526153564453,4.932791221802314,25.671844433362367,87.60733368767706,-7.8656969196481015,8.822592735290527,2.4560422897338867,5.8893532285831744,nan,,,1.1086987257003784,,Gaia_DR3,-9.383638879581921,6.317461187664351,-15.466494117141021,0.018447211012244225,5.606763125737297,0.023406999185681343
Gaia,DR3,5051266339102744960,45.25585024386583,-33.429881565604916,18.08429527282715,3.347208023071289,0.9820710474383954,17.411164368011047,64.04562450886752,-6.640357584234631,,,5.913370405960957,nan,,,1.072563886642456,,None,-10.415947265001508,6.940866265407641,-9.223207852046478,0.08901262283325195,6.664904051607335,0.12573279440402985
Gaia,DR3,5169289871436834944,48.49564370000615,-7.681234692313586,16.947969436645508,2.305429458618164,3.0286621869612644,20.632169099498068,77.37847860507601,-4.027561116220703,,,4.561666007347084,nan,,,1.0129151344299316,,None,-7.887507621770724,7.538392346545692,-6.174402987130943,0.08458852022886276,5.182990723159149,0.07202079892158508
Gaia,DR3,5179180940601315072,45.28424814410231,-9.114318099360473,11.014457702636719,0.7986412048339844,4.627785653849434,17.311597019259548,60.06358909009055,-3.764275756666012,15.176390647888184,0.259920597076416,5.407899427497398,nan,,,1.155558466911316,,Gaia_DR3,-9.524197633543816,8.90294587062368,-6.795020341776443,0.01798604615032673,4.3878295232585325,0.017477521672844887
Gaia,DR3,5099374680101399808,49.8981181619861,-22.151999873663954,18.687271118164062,,4.2080619343546335,16.804198225970556,65.6606693128978,-6.042355091540001,,,6.200655900299643,nan,,,1.0974634885787964,,None,-10.623987420973425,8.506880091287211,-16.084244105337987,0.22432135045528412,7.8417963369625525,0.20647944509983063
Gaia,DR3,5099965014766318720,51.48356727511039,-20.6623867651887,17.362403869628906,2.6822509765625,2.461191849819364,18.304128706529543,86.40404324433585,-6.080387945380227,,,4.0065040363383195,nan,,,2.164705514907837,,None,-6.788455427312144,5.560890865806156,-4.970500260280087,0.15671493113040924,6.568979425358161,0.175919771194458
Gaia,DR3,4890309656546570368,60.189048847489964,-26.347957162354454,18.388059616088867,,4.322644031576542,26.49128917102607,89.51868318665038,-7.756949135635504,,,5.642090573450965,nan,,,1.3169971704483032,,None,-8.842946366466307,6.4538770978754645,-12.33771490698867,0.16525410115718842,2.6828667740583034,0.27067267894744873
Gaia,DR3,5050908104470218880,45.205393856310245,-34.54622393368307,16.145671844482422,2.5167951583862305,2.1860869504478235,18.172323046855094,65.0907173599714,-6.741444298063909,,,5.791424022399772,nan,,,1.0601963996887207,,None,-10.203808393971315,6.64348240855753,-9.03777220286306,0.032144661992788315,9.044268519485644,0.04324004426598549
Gaia,DR3,5051003109146976384,45.29253129662191,-34.42731843994181,16.694671630859375,2.353261947631836,1.854299345855112,18.13635191231507,78.70837905721297,-6.740619552732981,,,4.191811471312538,nan,,,1.0679446458816528,,None,-7.382150160407703,4.814540311081491,-6.046092309401136,0.04848802834749222,3.8658787823462752,0.06482042372226715
Gaia,DR3,5087123165631169280,55.35662538875212,-23.541987737409062,13.844474792480469,1.476409912109375,1.911137298874972,21.88955493922341,88.69629822059497,-6.893579802414232,-7.087393283843994,1.6722867488861084,4.2766206813113525,nan,,,0.9692129492759705,,Gaia_DR3,-7.024370840089637,5.460010482344597,-5.471351764974148,0.01294753234833479,4.713791805584338,0.014890927821397781
Gaia,DR3,5085905800103125504,52.297897024303445,-24.819742248974944,13.859536170959473,1.6871891021728516,4.508536566712008,19.237184903971404,83.29375228338637,-6.64468436858934,13.43957805633545,1.455489158630371,4.164944503815673,nan,,,2.2895209789276123,,Gaia_DR3,-7.01414734342363,5.336328579383323,-7.905782733882976,0.026145845651626587,9.193154169744114,0.02368086948990822
Gaia,DR3,5086576021159388032,52.977190304599475,-23.420209823679603,13.644875526428223,1.7708806991577148,2.5952438306116297,19.70381283809649,80.47868661651539,-6.580983416788059,17.327348709106445,1.334092140197754,6.88393373675729,nan,,,1.064836025238037,,Gaia_DR3,-11.532422220927819,8.998580463494955,-15.204488275204834,0.012904863804578781,9.835464440447101,0.011155931279063225
Gaia,DR3,5055008836165425792,51.30815921136086,-30.74286598946209,18.399141311645508,3.017322540283203,0.628709038330051,20.131327413184263,76.30619057927912,-7.11701440753906,,,4.528080027154833,nan,,,1.0711724758148193,,None,-7.682004114699212,5.183239881760464,-7.292611564273386,0.1170586347579956,5.639907880438347,0.1713120937347412
Gaia,DR3,5102573021987385472,53.50213093258766,-17.12814001040119,15.863337516784668,2.541304588317871,3.5669534287081537,20.715784634463695,81.33186547651464,-5.931593627059424,,,6.760619715622631,nan,,,1.0427526235580444,,None,-11.278641185097715,9.782270565334686,-12.384063898474146,0.0383012481033802,4.820265745304837,0.039365582168102264
Gaia,DR3,5104364156493454592,47.495110329558514,-18.79348437869255,18.37168312072754,2.986673355102539,4.609120311739542,14.783619106003878,86.90614374398181,-5.325964787016511,,,3.784911262307421,nan,,,1.927101969718933,,None,-6.584484464226451,5.554658783688648,-8.989519444820887,0.29257649183273315,2.7724683443510596,0.2680582106113434
Gaia,DR3,5053721892164805888,52.067626054083846,-33.152183948247576,14.475948333740234,1.738983154296875,3.8140016463823896,21.82161809002573,80.05217234690407,-7.427838628215519,10.050739288330078,2.490589141845703,4.643626644723334,nan,,,0.981184184551239,,Gaia_DR3,-7.833934500566291,4.960784656466932,-4.889655176837636,0.013161557726562023,2.664897727848782,0.01839112862944603
Gaia,DR3,5088189039075389824,55.59677781105201,-21.910546388045173,15.836649894714355,2.201183319091797,1.2409580990198779,22.085285053091162,76.79739407611791,-6.748724297455466,,,4.991872982755113,nan,,,1.011612892150879,,None,-8.18188004983703,6.5644570326261835,-6.889862535160134,0.03369077295064926,6.754408339641726,0.034661825746297836
Gaia,DR3,5088190516544138624,55.60425451112899,-21.895847036901632,17.119426727294922,2.503664970397949,1.5023180327723882,22.092523611632963,75.9309150177364,-6.748065503314885,,,5.144318501221928,nan,,,0.9642170667648315,,None,-8.431187058115475,6.766395661096862,-6.805151711521032,0.07030545175075531,6.664499565476811,0.06792091578245163
Gaia,DR3,5057151268932144896,54.04386791398176,-28.85092052847102,17.35763931274414,2.959930419921875,2.522258016195025,21.657947836185055,77.5685294312149,-7.266855916899425,,,4.7714358036629765,nan,,,1.0628571510314941,,None,-7.925038585169904,5.510749154892755,-5.408302084580266,0.0561545304954052,5.831195901306872,0.08351907879114151
Gaia,DR3,5106460139189380608,49.12264613441171,-16.356850377001916,16.300119400024414,2.6143693923950195,4.6868480757709845,16.870207519628945,72.5709196278101,-5.249038266539532,,,6.726631105862041,nan,,,0.9796767830848694,,None,-11.58450011130412,10.09109340401712,-9.499413929844646,0.05208996683359146,3.7804947283437493,0.04723767191171646
Gaia,DR3,5107036214562781184,50.09636960907245,-15.040484448852089,16.4941349029541,2.8584823608398438,2.4913908308770254,18.18616773078539,68.01097908646851,-5.217842333392625,,,6.095783406538547,nan,,,1.1586990356445312,,None,-10.430250828024466,9.25121271792601,-13.464772983776573,0.062135159969329834,10.271855353683408,0.06587445735931396
Gaia,DR3,5058745870030594816,46.091925534075536,-30.794883859446415,15.190553665161133,2.4110708236694336,2.110434325382804,16.280092644946386,58.911127012121824,-6.481969596883296,30.68488121032715,5.072213172912598,5.7130347875624,nan,,,1.4756604433059692,,Gaia_DR3,-10.018451696936692,6.991527103992028,-12.493022386350667,0.02257395349442959,7.571965957797067,0.03436818718910217
Gaia,DR3,5057062380288787584,53.301777612957586,-29.28948124248546,17.501131057739258,2.952718734741211,4.123503348885567,21.178436722481713,87.15863271226696,-7.219338786632734,,,4.246658679225923,nan,,,1.0463368892669678,,None,-7.096022971785819,4.8995168547337355,-4.15130068192461,0.057168129831552505,7.125705843390254,0.08199696987867355
Gaia,DR3,5098640889233279744,52.16431084081679,-23.151302411709846,17.03109359741211,2.392703056335449,2.4868537144638627,18.94093512167115,72.8993953455982,-6.447903859706896,,,4.493882817425461,nan,,,0.9538275003433228,,None,-7.5757836863772505,5.945680960904582,-6.997157725898668,0.06106958165764809,3.6619074624605243,0.06565619260072708
Gaia,DR3,5101132863617946880,55.030641779161364,-19.318710204782004,19.195009231567383,3.092569351196289,1.1372577124142387,21.751756939793488,88.78129885965153,-6.3872911687072875,,,4.257854169917756,nan,,,1.0309226512908936,,None,-7.013375859259446,5.890454359220121,-6.028899646993297,0.22801291942596436,6.160344644705014,0.17440883815288544
Gaia,DR3,5073909127513246464,49.44308279029833,-25.419889731422085,19.99271011352539,2.9376907348632812,4.690820588973933,16.805884700494826,60.002237847385445,-6.3449155485395305,,,4.821540061260093,nan,,,1.0387539863586426,,None,-8.286194468149636,6.28194348084424,-6.081213039091831,0.3260602355003357,2.0545567220713585,0.5789846181869507
Gaia,DR3,5111797684026448256,53.84255157478743,-15.92160396578664,11.474775314331055,0.9951314926147461,2.371602998636694,21.33769391948415,73.35068078408072,-5.830970646217402,-3.1690733432769775,0.9330189228057861,5.153333980525228,nan,,,0.8521687388420105,,Gaia_DR3,-8.573513911985373,7.576740329437431,-6.0098673779580185,0.014592633582651615,7.320211436431088,0.013370275497436523
Gaia,DR3,5112781678213892352,52.36708189781486,-14.816198726057332,17.206758499145508,2.591594696044922,4.518173409703644,20.323270170112593,88.4737856945827,-5.497921913902858,,,4.121138272113868,nan,,,0.9829112887382507,,None,-6.936713999370978,6.201227384139576,-4.029844868356913,0.07786767184734344,3.563427536084392,0.08385008573532104
Gaia,DR3,5071619295765162624,46.53548703969288,-28.453718251412155,12.94279956817627,1.0200014114379883,4.909082368001666,15.397363580261304,88.57500551325867,-6.296089755090043,51.36827850341797,1.2138760089874268,3.7851929300459006,nan,,,1.995570182800293,,Gaia_DR3,-6.621505035932734,4.81537080959091,-8.419555038662256,0.02732166461646557,8.29556444654788,0.03143839165568352
Gaia,DR3,5105157046111678208,50.40395328645014,-18.289620125055265,13.170405387878418,1.4110746383666992,4.412015939380171,17.587082648768465,63.074122787291124,-5.658513835269412,21.92705535888672,1.683365821838379,5.753303661642496,nan,,,0.9958626627922058,,Gaia_DR3,-9.823438075635838,8.341927342223752,-6.677797367526529,0.014685378409922123,12.67084869123618,0.013874044641852379
Gaia,DR3,5074597872764619008,46.93948203937683,-24.81617325060064,16.93484115600586,2.3164587020874023,3.889073116408055,14.461040517608826,52.94450327059556,-5.953806335839825,,,4.730665770151529,nan,,,0.9672054052352905,,None,-8.256499067487917,6.380202907405232,-11.138423460943933,0.04058648645877838,8.97577395529332,0.06115632876753807
Gaia,DR3,5078701456318031744,46.128435385644536,-22.084692151700406,11.51144027709961,0.9282283782958984,2.2863631000302256,13.312577085584655,52.04073618734361,-5.533588760938244,-0.6490572094917297,0.5201485753059387,5.838886100420709,nan,,,0.9098302125930786,,Gaia_DR3,-10.237105047659469,8.269735796361225,-8.306891227143717,0.01869773119688034,10.31776355717556,0.01615985855460167
Gaia,DR3,5156271550684580608,48.19835540673038,-13.442545015687937,16.843032836914062,2.7007551193237305,0.9773486335989967,17.148920874083426,62.41338802904069,-4.7522133167606295,,,4.725760081029335,nan,,,4.710852146148682,,None,-8.186359874335832,7.376933510309694,-8.08330555395986,0.3220084011554718,6.408730986393457,0.29618513584136963
Gaia,DR3,5106283697637169152,49.04185186665698,-16.96119675910743,18.26194953918457,3.216756820678711,3.4692087214982865,16.624512588357312,71.28744342826145,-5.312741603185846,,,4.264165278353188,nan,,,1.0194097757339478,,None,-7.347520491398479,6.349838667997887,-9.816149975779554,0.17232491075992584,4.444226053255803,0.1455463021993637
Gaia,DR3,5080545612196007936,56.52071658037573,-27.86806018917063,17.518604278564453,2.624713897705078,2.3785576994521644,23.515105006216068,80.64117011297316,-7.4695996951963295,,,5.161460705866027,nan,,,1.0117313861846924,,None,-8.389653447770925,5.924643651449373,-10.964582350134634,0.05547889322042465,5.664073085224706,0.0796172171831131
Gaia,DR3,5078363287773304704,45.04690942325152,-22.295581848733374,15.91578483581543,2.3916826248168945,0.37818633582362604,12.32988095260812,46.790668592578164,-5.412686575048283,,,5.644129038920087,nan,,,0.9464021325111389,,None,-9.952385331907678,8.04066438864807,-10.363320659079395,0.033835459500551224,8.224008228331337,0.03278517723083496
Gaia,DR3,5078547181092306944,47.089119592242454,-22.07693215757032,16.529043197631836,2.810879707336426,3.6670117129435766,14.200977733291364,77.70605650175284,-5.661472935115749,,,7.442901110745486,nan,,,1.0849943161010742,,None,-12.979002077922978,10.460695743118054,-17.74101507474178,0.05996338278055191,7.231440620381047,0.05627390742301941
Gaia,DR3,5112531642397668864,53.69718244137552,-14.34479549750133,13.844325065612793,1.4177274703979492,3.723363145905433,21.694115209962064,80.83672617634743,-5.6175792056101725,54.02144241333008,3.0063250064849854,4.57496641116735,nan,,,1.3293548822402954,,Gaia_DR3,-7.620317496922561,6.8834790786809785,-10.839058224995883,0.025876354426145554,5.291328914176825,0.02309579961001873
Gaia,DR3,5110489299551409792,57.77305864539272,-15.235431559605626,10.871691703796387,,3.891295109399243,25.164839155945156,86.87529617397179,-6.2603007241733835,33.38062286376953,2.040710926055908,6.055018643075286,nan,,,1.9969770908355713,,Gaia_DR3,-9.72639350919506,8.812467216159973,-13.725242016749899,0.12817738950252533,5.866101259619891,0.14842528104782104
Gaia,DR3,5112686536098341248,54.93746195290835,-13.633018568040608,17.692508697509766,2.8672218322753906,4.397056836489849,23.070576165810976,88.22641405246894,-5.693800756673575,,,4.452004639564122,nan,,,1.089165449142456,,None,-7.339055996348229,6.7258502825993,-4.981176509962403,0.1250319927930832,10.11266817827532,0.12935006618499756
Gaia,DR3,5164073655131383680,54.86589038884597,-9.799181050485746,16.492860794067383,2.9672670364379883,2.9108595941131536,24.624663595377953,84.91424451525901,-5.19258618059675,,,5.971887486265603,nan,,,1.0477304458618164,,None,-9.85060129730315,9.48351189651444,-13.11984317089695,0.05656735226511955,7.827854126608705,0.05615216866135597
Gaia,DR3,5114091505801933440,56.92302735174456,-13.026659914633427,16.033323287963867,2.3565149307250977,2.371750291379956,25.091585267002145,86.05626406163849,-5.879232268761993,,,5.9264338778503625,nan,,,1.1675004959106445,,None,-9.59719729400211,8.952520833389096,-12.560335997958239,0.045999523252248764,8.944149697115288,0.04603591933846474
Gaia,DR3,5169224523509678080,49.52883532340461,-7.291726888728746,17.57440185546875,2.876922607421875,0.941615251395253,21.66536626276543,79.48250364737282,-4.120341467970303,,,6.344886442414844,nan,,,0.9121243953704834,,None,-10.898003583787768,10.496635510061909,-12.016277844398424,0.10275515168905258,9.917210500236838,0.11223562806844711
Gaia,DR3,5082482608086911872,59.80926713250605,-26.14177271657113,16.02587127685547,2.2947301864624023,4.712687719396929,26.130124764107407,88.43689479164634,-7.693085770012449,,,5.4372197962338005,nan,,,1.0675550699234009,,None,-8.556211661484554,6.276443911241692,-7.627818624766783,0.022369904443621635,0.9550428518273476,0.03635143116116524
Gaia,DR3,5181090551780346368,45.88853788301969,-5.62522878139144,10.101442337036133,0.7504291534423828,3.366502443213542,20.25163740661663,87.23686340179681,-3.369838641235914,34.400455474853516,0.3173045516014099,4.1490641106672514,nan,,,2.172187566757202,,Gaia_DR3,-7.283878326976808,7.010848059271902,-4.956369456137461,0.04474528133869171,5.207203071824669,0.04158768430352211
Gaia,DR3,5152968381532220416,45.55669870282666,-17.408166616160035,16.166030883789062,2.210783004760742,4.75103612765472,13.299796113152748,89.30835733113116,-4.888511468694611,,,3.680556819364954,nan,,,1.0923755168914795,,None,-6.472832789728441,5.565070999921346,-8.57166964750222,0.04627302661538124,2.53458465949695,0.05081769824028015
Gaia,DR3,5154460517595177216,47.42510125412776,-16.360205748915465,12.416372299194336,1.1317768096923828,4.454098786926952,15.32029814675881,53.301910370009075,-5.016124986193455,45.575050354003906,0.828177809715271,5.322324396863059,nan,,,1.3076304197311401,,Gaia_DR3,-9.262906401304775,8.060952813487475,-4.581364034569226,0.01794963702559471,9.809704335947936,0.01832709275186062
Gaia,DR3,5154389221138130688,47.648726351169984,-16.691239625192388,18.40837287902832,3.0373783111572266,4.659760522187907,15.421799021302315,68.2005244921538,-5.088346238571284,,,4.2393843593081675,nan,,,1.0197489261627197,,None,-7.368374343521136,6.386490293641143,-8.118972148717818,0.23119458556175232,10.482738638402303,0.2093677818775177
Gaia,DR3,5159527380708703232,45.9825044429364,-12.631958565642249,14.492107391357422,1.5262126922607422,3.8634533710773273,15.678980282925126,89.37313042253162,-4.335115129166303,11.69898796081543,6.079977989196777,3.7849453784732328,nan,,,0.9776696562767029,,Gaia_DR3,-6.641278483267698,6.017221601105936,-7.366650128757314,0.02475081942975521,3.0211122539278934,0.02388584613800049
Gaia,DR3,5161390846759731968,51.18062591578924,-12.991103946023115,15.915974617004395,2.301494598388672,2.4195860373080436,19.954640922565666,68.79718817828918,-5.106234207259364,,,5.499356058581808,nan,,,1.3563257455825806,,None,-9.33840801361466,8.517297942401648,-9.076907200627444,0.06276527047157288,11.31015555555411,0.050243113189935684
Gaia,DR3,5163858318355612800,53.51491788683988,-10.15731958983307,17.214540481567383,2.4565353393554688,3.3166970045731645,23.28794541706707,89.70480722239053,-5.057023958625022,,,4.421259318793453,nan,,,0.9739867448806763,,None,-7.375161487621807,7.021163092069098,-8.413559417649793,0.08285040408372879,4.10947099658342,0.07820628583431244
Gaia,DR3,5084032335366644352,58.977044587055076,-24.1389849927681,13.791830062866211,1.5802507400512695,4.566468434011506,25.22594947323838,86.76777668056867,-7.39783693782991,26.472929000854492,1.1752994060516357,5.095418029203684,nan,,,1.0616450309753418,,Gaia_DR3,-8.08767215190334,6.2151185578391495,-3.6773214058048245,0.011477373540401459,4.068208055224689,0.014339182525873184
Gaia,DR3,5093603893322177408,58.95239919722285,-21.509635137542112,19.714670181274414,3.0539989471435547,4.747451086451007,25.215524316696456,85.56492619363603,-7.121781547916769,,,5.389192123185489,nan,,,1.043022632598877,,None,-8.556107493921893,6.953693273699518,-3.1849668339492916,0.2701883018016815,7.444948831537709,0.3248903453350067
Gaia,DR3,5169120855883519616,49.40640424288324,-7.6090592139481705,12.176321983337402,0.9295625686645508,2.4819169630993088,21.369316573098228,83.92464032959846,-4.146460653659493,-13.663932800292969,0.40263572335243225,4.384953456793115,nan,,,1.0534075498580933,,Gaia_DR3,-7.537708138329994,7.235140526724002,-8.674093185184905,0.016230856999754906,5.242082564670895,0.0171321090310812
Gaia,DR3,5105334131907338624,50.51651617229901,-17.609422565941276,19.422382354736328,2.482179641723633,4.231214640428878,17.831197086613646,89.7463007149474,-5.5916688782219754,,,3.900041264586517,nan,,,1.0333776473999023,,None,-6.653887880480545,5.705724351776189,-9.952503603798206,0.3033948838710785,4.6007507221999315,0.3220559060573578
Gaia,DR3,5106689937119452160,51.36022527624282,-15.854322750121073,14.419711112976074,1.8887929916381836,4.261448423810092,19.071663916778885,66.16718545877018,-5.490860493132054,-7.819766521453857,3.1493775844573975,5.035109582841563,nan,,,18.08698272705078,,Gaia_DR3,-8.53896259535861,7.510310675654579,-7.906483364299292,0.3979344069957733,3.0314259004153015,0.35277706384658813
Gaia,DR3,5099269676740923136,49.59300807146811,-22.443646115925954,16.291011810302734,2.4478940963745117,4.712582866673814,16.533820496060866,59.539217073457905,-6.035364405519755,,,4.779729984640706,nan,,,1.0191551446914673,,None,-8.206187724454853,6.54303599263958,-8.535017409324507,0.048266179859638214,11.280106351165966,0.057161103934049606
Gaia,DR3,5102899198984153600,47.5426907617061,-20.866804891785335,11.151460647583008,0.9192571640014648,4.397551530975684,14.61376751526878,64.71383280247728,-5.5805701044094285,1.4320582151412964,0.3998097777366638,6.501625804471283,nan,,,2.7913947105407715,,Gaia_DR3,-11.307468725343373,9.26779213968464,-15.990978627247216,0.05292350426316261,5.4739397706680935,0.056063972413539886
Gaia,DR3,5101002850667189248,54.782959499316156,-19.888526659881578,16.164077758789062,2.2319278717041016,4.116144593445343,21.452878592477216,84.69491676126731,-6.420420940361079,,,4.366372280740112,nan,,,0.9930992722511292,,None,-7.207417301446454,5.9923623451970585,-4.3443572368447025,0.04501064121723175,8.473885942970666,0.03297241032123566
Gaia,DR3,5103044879979036928,48.32374493376077,-20.220991733288066,17.058855056762695,2.516843795776367,2.522484874317663,15.380756076741273,67.06955964242869,-5.609265332053574,,,4.268716519977048,nan,,,0.9933383464813232,,None,-7.38889436998168,6.106230630629068,-5.185045960515682,0.06763406097888947,6.650056534374302,0.06689617782831192
Gaia,DR3,5162126793699900672,52.24857669373048,-11.62056131058195,19.051298141479492,3.2497940063476562,3.54906893280323,21.49780458518149,78.38188886686953,-5.075558901587635,,,6.270088878357139,nan,,,0.9879894852638245,,None,-10.56336280954451,9.82993804971808,-5.957512449517254,0.21590113639831543,8.939408449309761,0.22913624346256256
Gaia,DR3,5162994450109360256,51.59355185796745,-11.001945177260621,11.197758674621582,0.7869749069213867,3.101962308434799,21.227958731926083,82.88923634629944,-4.905177627165525,24.127227783203125,0.5697572231292725,4.406602578568113,nan,,,1.213355302810669,,Gaia_DR3,-7.460343053609181,6.97522981556385,-10.338228505280362,0.027428725734353065,6.829223209928531,0.026362499222159386
Gaia,DR3,5111920417011971712,52.96088404649619,-15.808716158058274,19.255107879638672,0.5460681915283203,2.5042026410521467,20.556487173746778,73.23150710494961,-5.700041409883525,,,5.958341497375792,nan,,,1.0079200267791748,,None,-9.983087441705301,8.81643725029659,-7.624533860921767,0.2440832555294037,10.89759914274919,0.3119980990886688
Gaia,DR3,5167342674999229312,47.66827301322809,-9.220545824791751,12.255050659179688,1.2296838760375977,1.6464959768986582,19.01863342201662,79.97555287071827,-4.119415284107315,5.35445499420166,1.888789415359497,6.9636008418001065,nan,,,1.1829578876495361,,Gaia_DR3,-12.101855640032362,11.37256434230979,-14.381334450386525,0.01933716982603073,10.568752864852161,0.017191462218761444
Gaia,DR3,5112666092053995520,54.374766700838244,-13.774967186166403,16.864871978759766,3.018439292907715,3.581537597513758,22.50926406187835,77.75689802054482,-5.6368083134691185,,,5.773722578159363,nan,,,1.140062689781189,,None,-9.563422672517802,8.727733813797679,-11.655913700086963,0.08403217792510986,12.55199529425258,0.07531611621379852
Gaia,DR3,5113376204766774912,53.030907281545794,-13.735166177637971,16.93461036682129,3.1758975982666016,2.6430755964646653,21.308545101305555,87.15427043507441,-5.451938903412236,,,7.186752074546569,nan,,,1.0363775491714478,,None,-12.034635830041882,10.936305261101577,-8.219256461735494,0.08327657729387283,12.151958133941768,0.07699759304523468
Gaia,DR3,5155898541365635968,45.88580987168813,-14.106932657315252,17.94769859313965,2.8272972106933594,1.1049715178657167,14.8507310812654,82.69586336553924,-4.514047473779706,,,3.865711487928562,nan,,,0.9863068461418152,,None,-6.78653910991097,6.055380256603135,-7.683076967173202,0.13344477117061615,5.971262892424488,0.13220083713531494
Gaia,DR3,5159940002511260032,46.31824821523736,-11.469301640398628,17.627660751342773,2.9888992309570312,4.272151550278806,16.602157718289256,57.46127074854055,-4.229029668104376,,,5.311893247906284,nan,,,0.9859166145324707,,None,-9.303432866712683,8.530706502037273,-13.888350955168455,0.09890642762184143,7.1651392725753364,0.09999116510152817
Gaia,DR3,5163715523578573312,53.0075629233443,-10.753292527079493,14.711007118225098,1.860666275024414,4.741554365931463,22.562648718813467,81.07824688874285,-5.0661214189536405,32.004634857177734,3.711845636367798,4.745492411256187,nan,,,1.0928480625152588,,Gaia_DR3,-7.948064861334236,7.496101292586547,-7.662584819881751,0.024475516751408577,2.761260711665986,0.023476434871554375
Gaia,DR3,5162553545946133760,48.38789665769434,-12.339820081255569,16.6722412109375,2.521129608154297,2.9538862704787276,17.83823312052042,71.98321725267782,-4.635444832472909,,,4.377231775240075,nan,,,1.022413730621338,,None,-7.573704468296592,6.91070462551221,-6.839756740440611,0.06392429769039154,4.285635877665632,0.06574486196041107
Gaia,DR3,5164006584922133632,55.175754544006566,-10.06051130966042,17.176687240600586,2.7450666427612305,4.906538391731621,24.76839499381315,89.73521073264924,-5.2684504998673845,,,4.6817063341160665,nan,,,0.9822611212730408,,None,-7.701854160253724,7.403917409205663,-3.329887822718459,0.10058226436376572,9.48618297054937,0.09127259999513626
Gaia,DR3,5166940425542257920,47.66406214633453,-9.646370996623153,16.653593063354492,2.3887386322021484,3.411079510843406,18.751615539522845,74.70207448142084,-4.176242064018647,,,4.392345738557178,nan,,,4.8153815269470215,,None,-7.633532569332868,7.144862747160418,-6.430526495207208,0.2929161489009857,4.2244444653688555,0.27298423647880554
Gaia,DR3,5186386010233767040,45.397623537086346,-2.7725338630087526,15.186373710632324,2.207834243774414,2.4295745324925244,22.199628466039968,77.54978324024384,-2.8956952833187755,18.718931198120117,12.577125549316406,5.904148595620942,nan,,,1.1348161697387695,,Gaia_DR3,-10.392040121916672,10.177307117480476,-10.839709035540917,0.038142405450344086,7.186647765367364,0.03354668244719505
Gaia,DR3,5186169131565065216,45.63979833693182,-3.2027869651016863,15.81067180633545,2.4007158279418945,0.649826119980637,21.992352364714666,75.16461425423985,-2.9921646744695467,,,5.309320747675054,nan,,,0.9655721187591553,,None,-9.333164357979541,9.125152178909733,-10.060376449069686,0.04505537822842598,9.112440055733483,0.039490558207035065
Gaia,DR3,5187010051802007936,46.26026970282016,-1.4521001170401084,13.827877044677734,1.8588647842407227,3.0404372012844276,23.775524292400895,81.6924538971762,-2.8319220536584417,2.670151472091675,3.2587344646453857,5.126065606570219,nan,,,1.3968925476074219,,Gaia_DR3,-8.980842011340938,8.902457334624335,-6.119850690481805,0.027075666934251785,10.517925613560317,0.020718446001410484
Gaia,DR3,5187010116226220032,46.25374950054412,-1.4512688970111423,17.112226486206055,2.6686391830444336,2.9997491628234063,23.772455225018277,82.63035144664471,-2.8308577694271126,,,4.986065413091077,nan,,,1.1335114240646362,,None,-8.735876182166221,8.65938686380703,-5.849761073319591,0.09434320032596588,9.92911827821845,0.07654091715812683
Gaia,DR3,4851343789091435136,48.6412198099372,-41.27334831151757,16.9157772064209,2.3230581283569336,4.0260766614233185,25.012545994077406,85.31940445971476,-7.70489565019902,,,5.792543302127082,nan,,,1.0478681325912476,,None,-10.006625414565079,5.234168030592339,-9.293686650959433,0.0483732670545578,10.098548599547097,0.06963848322629929
Gaia,DR3,4944329792394453120,31.494364161342478,-44.27126789581232,18.919992446899414,3.257295608520508,4.283711319809046,23.611937708474404,81.90940257381284,-6.095231773388663,,,5.00752960775336,nan,,,1.116249918937683,,None,-9.189456746449217,5.970446463468189,-4.926688754838963,0.17095768451690674,7.4796562532608455,0.18760165572166443
Gaia,DR3,4949451248836963584,42.29486273655806,-38.82749119030695,18.410736083984375,3.005250930786133,4.376574168886777,20.2457968860289,70.80874540861096,-6.795721933105307,,,5.737568904854091,nan,,,1.0775654315948486,,None,-10.247620910679926,6.278457293976632,-8.278124228121625,0.11078737676143646,11.19207029069748,0.1291954070329666
Gaia,DR3,4956987821225961472,32.764109885698886,-42.05793829423767,15.837906837463379,2.3767662048339844,4.8804322926384565,21.408239677157688,80.29352554694071,-6.015452749260552,,,6.500123908357618,nan,,,1.0389087200164795,,None,-11.912897370624494,7.890079589668493,-5.225439043908738,0.024775905534625053,7.935794974567029,0.029455235227942467
Gaia,DR3,5048571912843109120,42.5151470663009,-38.18044226098479,20.087039947509766,2.753011703491211,4.18873755117872,19.770683677784394,73.08840366125813,-6.762284423926353,,,4.630953941962166,nan,,,1.0710337162017822,,None,-8.263414629350825,5.122519839352881,-12.332580804054842,0.42435407638549805,5.527426084993984,0.5364437103271484
Gaia,DR3,4947737939137393920,42.01986745390817,-42.387057210145294,17.86637306213379,,4.8986044434984315,23.330274035140373,79.45394956764959,-7.074643169549237,,,5.446750431146719,nan,,,1.0780763626098633,,None,-9.73935027461259,5.495436586604337,-12.260384853365927,0.11661949753761292,0.46732600722661305,0.15751126408576965
Gaia,DR3,4951639246912124032,36.244259008626365,-39.6842492644825,18.12562370300293,2.9937744140625,4.549099697491182,19.38129324152302,66.60364101408439,-6.176964536368982,,,5.231197611754781,nan,,,1.0656019449234009,,None,-9.528658257466684,6.248465928606157,-4.545682513650245,0.08399394899606705,5.6677735541602345,0.11838408559560776
Gaia,DR3,4955923833270940544,28.59223016014753,-42.823102584715954,18.711132049560547,3.379894256591797,4.145013607496668,22.335239605517657,79.95567926336419,-5.626998611234536,,,6.192757573340844,nan,,,1.0247759819030762,,None,-11.377640018788506,7.974051022619951,-11.973813491070587,0.13166853785514832,2.595695387504471,0.15198668837547302
Gaia,DR3,4943117580824462336,31.997036279762966,-45.99748605523157,20.00970458984375,2.581460952758789,3.7590425505936516,25.335746560124097,89.8146898486364,-6.315733683796446,,,4.814283844892052,nan,,,1.131230115890503,,None,-8.830752785119634,5.495224810346377,-10.396913297952347,0.38392823934555054,2.0164680929827945,0.4280256927013397
Gaia,DR3,4942998288109199488,31.94424730734509,-46.88185365045086,18.421043395996094,3.108949661254883,2.3602744228445753,26.220027347148637,89.78674898415002,-6.39302109514958,,,5.146800199482454,nan,,,1.0132696628570557,,None,-9.441172914601268,5.77458657375063,-7.322998043940098,0.1239597350358963,4.335316393764018,0.1491849273443222
Gaia,DR3,4951543829919276800,36.17027291407434,-39.832789961912475,14.586519241333008,1.8357553482055664,2.422713053588914,19.51452222569919,68.32968294047505,-6.18306034681085,-9.527714729309082,3.7139298915863037,4.9400048231349,nan,,,1.0152782201766968,,Gaia_DR3,-8.999772585230623,5.89138291959185,-6.573718609283986,0.013463123701512814,5.198641213155388,0.017559370025992393
Gaia,DR3,4942576999060667520,29.852158703523752,-46.047264261961246,20.082477569580078,3.1326904296875,3.828440061616214,25.441294273255807,86.79130351008196,-6.094317639516579,,,5.851026212253764,nan,,,1.0596814155578613,,None,-10.747791795530851,6.961311216140489,-8.67097093842425,0.39263761043548584,2.720312167200598,0.39785686135292053
Gaia,DR3,4944905528466287488,32.90958002163213,-42.59176961707282,14.266254425048828,1.8061647415161133,4.320187873829698,21.946030817126005,75.21530358364112,-6.0850405444717275,-9.784789085388184,2.4917163848876953,5.552034916075085,nan,,,1.067939281463623,,Gaia_DR3,-10.173465447432719,6.6558399777725,-12.491615753724354,0.01310605276376009,2.1620760267035872,0.0160434078425169
Gaia,DR3,4947704472753715328,41.73994965233096,-42.74473619655202,11.450494766235352,0.8987979888916016,4.360148581021148,23.573037775924412,82.52350968945932,-7.073933407829322,6.5507402420043945,0.3976458013057709,4.921431765946732,nan,,,1.2189747095108032,,Gaia_DR3,-8.810070934443635,4.948672329225361,-8.759685043302982,0.016951506957411766,0.4253543011538045,0.017814861610531807
Gaia,DR3,4948378267223707520,41.319071164935266,-42.560632160262564,16.112350463867188,2.3234176635742188,1.5449542210714988,23.28203231527679,81.0070112859749,-7.012627083167663,7.919657230377197,14.375506401062012,4.979019637534751,nan,,,10.571959495544434,,Gaia_DR3,-8.928040434106032,5.07474851202161,-10.517491705191754,0.42606329917907715,5.396177064918154,0.498447984457016
Gaia,DR3,4951112305965271808,35.253288151904925,-40.843262946832326,9.4351806640625,0.7031126022338867,1.281704737039825,20.380656262233963,70.07264340797117,-6.177130889116991,-6.948032855987549,0.1501360833644867,5.473607289812477,nan,,,0.9864102005958557,,Gaia_DR3,-9.991441801360601,6.505309993963088,-11.446432789369023,0.009306453168392181,6.240189832524681,0.011881421320140362
Gaia,DR3,5045191120746100864,43.6386326080789,-39.55056452087586,18.72660255432129,2.9342422485351562,3.3456311227496918,21.395623692111055,82.5597634643785,-7.013308400166762,,,4.444437539057282,nan,,,0.9359423518180847,,None,-7.890941113017176,4.664428570172565,-5.9591299198313425,0.1263432651758194,2.195824599868491,0.16970692574977875
Gaia,DR3,16011638278912,45.21060162891327,0.35420090415756467,16.829011917114258,2.6027002334594727,3.3677131719145907,24.71768582318832,85.71951142514689,-2.418428911579633,,,6.074725869812678,nan,,,0.9550423622131348,,None,-10.702665322580618,10.657936529668024,-6.559224414983791,0.07612056285142899,9.461438463213284,0.06849736720323563
Gaia,DR3,4952497205283436544,41.22254246059504,-38.59821841611747,19.83973503112793,0.3033294677734375,4.874944904202885,19.650839652558734,67.64602668252108,-6.65079531987489,,,5.158105380529656,nan,,,1.0247482061386108,,None,-9.252629747578732,5.781712434295228,-8.176728901864909,0.25254112482070923,10.972298886285143,0.3473857343196869
Gaia,DR3,4948079371859359744,42.970192756842856,-41.92397949198294,15.997005462646484,2.3134899139404297,4.98960319577508,23.219896132876677,85.5776100569131,-7.140152556216274,,,4.607483134332477,nan,,,1.0857527256011963,,None,-8.205262494633608,4.612971666164979,-4.37316142650776,0.02810996025800705,1.6460219251194048,0.03320147469639778
Gaia,DR3,4955238463866736128,26.34776147517727,-45.406779952697285,17.072673797607422,2.9972829818725586,4.5043839537377535,25.16485955310537,87.64565892085419,-5.656981170477465,,,6.193010168628578,nan,,,1.057996392250061,,None,-11.368250596878681,7.952193936340009,-15.270525176182646,0.05743563920259476,3.5527845786091445,0.06525393575429916
Gaia,DR3,4956470840305726336,31.610931106505934,-42.914337918935644,19.916181564331055,2.7100582122802734,1.3311507040719928,22.253900550862127,76.03269359839118,-5.972639872724339,,,5.471476569014965,nan,,,1.0597331523895264,,None,-10.039854008755471,6.674466538480887,-9.891290615124774,0.32278043031692505,8.202667709657556,0.43391191959381104
Gaia,DR3,4957972914924507136,30.676140352106337,-41.266099631491436,14.091924667358398,1.513697624206543,3.277525903435686,20.630756053581408,83.13159732282816,-5.697126668545851,14.05482292175293,2.053100109100342,4.319552604543771,nan,,,1.0493507385253906,,Gaia_DR3,-7.93157499403385,5.508955001188629,-4.990460518545277,0.012765495106577873,5.001731560942238,0.014648632146418095
Gaia,DR3,3266618740833738112,45.25836486443755,0.1296047760604265,19.23773765563965,2.994384765625,4.516650864614938,24.550199609795232,83.9239953915119,-2.4579739982092037,,,5.20196993611813,nan,,,1.0536397695541382,,None,-9.162750765499567,9.116254837803869,-6.508187063224828,0.42521852254867554,4.934588933610922,0.3323298990726471
Gaia,DR3,4850312756420980480,52.97204937707694,-39.61394410918128,18.38009262084961,-0.01434326171875,4.697466769458937,26.15163718145001,88.86010809594303,-8.047495277809015,,,5.294149102950132,nan,,,0.9981063604354858,,None,-8.869467876069239,4.596660269547716,-9.262793990885099,0.10952649265527725,-0.6312183768668209,0.1540372371673584
Gaia,DR3,4850752178819874048,46.51241651631504,-43.38520320833954,18.989286422729492,3.2615833282470703,3.5149663742740893,25.787599664384455,89.45817389751055,-7.634949864407437,,,6.2109620439432955,nan,,,0.966654360294342,,None,-10.866349527711545,5.512047764814702,-6.454136974324216,0.1538052260875702,4.203155940588049,0.20030662417411804
Gaia,DR3,4851119763597523968,50.39557322214266,-41.93736437446999,17.954622268676758,2.9785938262939453,4.952705992073679,26.37180610423878,89.12551789496118,-7.939480834456264,,,5.519731918452958,nan,,,1.0316565036773682,,None,-9.425175170117273,4.68933578527928,-5.978087116096267,0.1033189594745636,0.07086788490101217,0.12197926640510559
Gaia,DR3,4854177024397726080,49.21636900884798,-38.6328920091147,16.14883804321289,2.328968048095703,3.260563302005347,23.34736543353529,87.69374131532736,-7.563478632095664,,,4.520969420376091,nan,,,1.0643677711486816,,None,-7.781200332580647,4.370490533221288,-7.922453232408492,0.037593331187963486,7.474809863803408,0.04995054751634598
Gaia,DR3,4943871815737544704,31.80129515948812,-45.86268350292439,19.545745849609375,3.108095169067383,2.012649946065213,25.200997033106574,86.95112540440778,-6.282296783688896,,,6.049835575702533,nan,,,1.0161160230636597,,None,-11.099197506431501,6.95169022770547,-9.592550177242847,0.23836100101470947,9.029865560156336,0.27135413885116577
Gaia,DR3,4944836808989561344,33.367908795380416,-42.904209560853865,17.09917449951172,2.955789566040039,3.833037153995491,22.275965257782,87.78541780228375,-6.166821583599516,,,7.05237914168452,nan,,,1.0119503736495972,,None,-12.914718475972977,8.33462585762052,-7.230385059365558,0.05021405220031738,7.931305725923455,0.05533245578408241
Gaia,DR3,4954502306471980800,26.961089803038526,-45.3501409165142,14.733537673950195,1.9299535751342773,4.64748496457862,25.022342695928863,87.76193191844783,-5.716437873254861,31.4953670501709,4.140458583831787,4.89751237515877,nan,,,1.1542918682098389,,Gaia_DR3,-8.993659212435313,6.225994200634052,-8.798508188673104,0.01497382391244173,1.4316925608159736,0.01827905885875225
Gaia,DR3,4955633600857567872,25.908842332101408,-43.84107676297061,16.12371063232422,2.2439193725585938,2.6130194240260867,23.711679430423583,83.65731377901635,-5.440478705571439,,,4.858670997814086,nan,,,1.0517158508300781,,None,-8.915747602663123,6.442232063155812,-8.024709999185392,0.02931925095617771,3.918508085430382,0.03524406626820564
Gaia,DR3,4958489960267536000,24.181708123910482,-44.536989071787545,13.489690780639648,1.4935321807861328,4.546687243031415,24.718534767263346,84.03321865299772,-5.3296769443250165,2.1834776401519775,1.4119586944580078,5.344177399902957,nan,,,0.9994456171989441,,Gaia_DR3,-9.787604919946082,7.21810967120961,-6.444125343786615,0.009791621007025242,11.09875045545325,0.013150754384696484
Gaia,DR3,4954134382393833728,27.186028678771006,-46.6320331638931,18.1479434967041,3.1149253845214844,4.554025851881517,26.254220582169545,88.77097834441429,-5.873294573869816,,,5.492396379254451,nan,,,0.9875569343566895,,None,-10.087237969809902,6.803540244020274,-12.485912497915862,0.09159615635871887,2.107826832794869,0.10194987058639526
Gaia,DR3,4948374453292359040,41.206937885984146,-42.746683973502975,13.192083358764648,1.5662345886230469,4.079565950459843,23.422204073177678,87.70188414849947,-7.016059966364906,7.357917308807373,1.1277122497558594,6.775454179408418,nan,,,1.0754013061523438,,Gaia_DR3,-12.154568911615799,6.889281466484248,-17.01770062232444,0.010103551670908928,10.099214430672353,0.011332503519952297
Gaia,DR3,4949549968661307392,35.459796714512635,-44.168353034818935,15.110328674316406,2.0500669479370117,2.8201929563384938,23.690897732667395,80.6537306565689,-6.5158763129198904,24.854360580444336,5.033910274505615,5.5236604424631714,nan,,,0.9938745498657227,,Gaia_DR3,-10.078591484255679,6.110955854802106,-7.6922483999814855,0.019525127485394478,3.854914510216284,0.019443418830633163
Gaia,DR3,4854129264361441920,47.91963289496309,-38.67010641165474,16.843461990356445,2.913829803466797,3.2284418518744937,22.679614564014646,82.9614366611641,-7.421684521905632,,,6.446402021936504,nan,,,1.732915997505188,,None,-11.186064499868348,6.38270517912844,-13.287891427978062,0.07889474928379059,10.233823040610435,0.09743606299161911
Gaia,DR3,5044825090749896960,46.58688111214099,-38.733833995460664,19.50719451904297,3.3107032775878906,3.0052371652146808,22.051217158315435,78.8395070150614,-7.27705234780904,,,6.1481751548366725,nan,,,1.0275025367736816,,None,-10.752010209085611,6.232604378246267,-14.596859154163614,0.31521356105804443,5.609083374597253,0.32819560170173645
Gaia,DR3,4944779149051959040,32.779641435461095,-43.23441343968797,17.45456314086914,3.077474594116211,2.753923871458509,22.584311741947754,79.5545793342315,-6.134044251094064,,,4.876771027632712,nan,,,0.9608995318412781,,None,-8.937577598174414,5.789629186888952,-11.745283890191008,0.057398490607738495,6.153861809521807,0.07261763513088226
Gaia,DR3,4945978784957469056,40.82382998752238,-44.387298637337985,17.896427154541016,2.8771324157714844,4.49082072950168,24.8506087103117,87.0725847150942,-7.110519866326298,,,4.906813296471311,nan,,,1.0609009265899658,,None,-8.815210759345781,4.820483402009862,-5.540810017073556,0.08156202733516693,8.115538714948885,0.0995902493596077
Gaia,DR3,4947737939138831232,42.02014270613004,-42.38693891049506,16.74818992614746,2.8243913650512695,3.772107316345886,23.330250715231962,79.52624852876583,-7.074663371448301,,,5.531951145649778,nan,,,1.5561468601226807,,None,-9.89168670122104,5.581383884542357,-11.857732969831703,0.09000399708747864,1.6461788923900222,0.12634621560573578
Gaia,DR3,4951697619811969024,36.40871822838683,-38.98555825558225,20.112228393554688,0.6398048400878906,2.8060583428620522,18.727939753520317,69.01573282162683,-6.126719930839994,,,6.052604793509993,nan,,,1.0018315315246582,,None,-11.0206406630137,7.305334720628968,-8.305020075832884,0.32356026768684387,9.638700659675333,0.4813271462917328
Gaia,DR3,4953425815868215168,39.51889346132017,-38.137513333348146,13.137939453125,1.2627553939819336,2.7376666920636086,18.67265839500532,69.77905370167693,-6.408359656629905,-6.11176061630249,1.2041984796524048,4.601345045511394,nan,,,1.5780049562454224,,Gaia_DR3,-8.304599460174838,5.361420191809296,-6.64557345376628,0.013763368129730225,3.2878604689696753,0.017005030065774918
Gaia,DR3,5048857167390681216,41.76984684837943,-37.354280934622246,19.334718704223633,2.880451202392578,2.4855929916054964,18.760227204888285,71.03257299607937,-6.598373095018799,,,4.5522619470068335,nan,,,0.9881025552749634,,None,-8.148220770722546,5.192794738226043,-6.115349704922924,0.21260200440883636,6.4406877669345555,0.2656289041042328
Gaia,DR3,5049189292916765568,43.20745238453631,-36.39851213386686,15.12077522277832,2.1543664932250977,4.2480847937635255,18.572219347157688,67.2752729112091,-6.6781042532764845,,,4.734359014935514,nan,,,1.2261056900024414,,None,-8.422281792178724,5.383893707417654,-8.118964849294754,0.020568041130900383,9.612833048302978,0.025113144889473915
Gaia,DR3,4948149293926889728,42.61490960262703,-41.58618327456321,16.46661376953125,2.34883975982666,3.76110346629072,22.798783112897446,81.9530035388436,-7.072862308651998,,,4.741904601230504,nan,,,1.006484031677246,,None,-8.457767905734832,4.824362681893047,-10.44479144521504,0.03561342507600784,1.6325785805350304,0.04152515530586243
Gaia,DR3,5049189292918876672,43.20768690106625,-36.398828389249424,18.358774185180664,,3.8851555238527893,18.572586613124844,73.09437588500882,-6.678161792424863,,,4.431352696127996,nan,,,1.1231783628463745,,None,-7.883234369361021,5.039262556294874,-7.028528730661131,0.23208087682724,8.566598007071022,0.33289310336112976
Gaia,DR3,4963227133100411776,34.574462337322736,-39.84695542275603,18.628124237060547,2.726917266845703,1.2998735084751687,19.320149470214123,87.96375380749397,-5.999470826501724,,,4.047832169010382,nan,,,1.0629328489303589,,None,-7.398333733619715,4.957909761273587,-7.279008621671022,0.12338580191135406,3.855133853882805,0.1407983899116516
Gaia,DR3,5943483118967296,39.978070035126834,4.644684165368055,16.35858917236328,2.5893592834472656,3.6250090408191324,26.517114613707715,89.60043886847757,-1.0199929972999906,,,5.49863418846358,nan,,,1.0847324132919312,,None,-9.908580403456169,9.757522240924013,-13.209933160952154,0.0682670846581459,7.157943911859331,0.054905302822589874
Gaia,DR3,3266050503775759744,48.00878196832913,0.10770455792676137,6.7479777336120605,1.216989517211914,4.052068062354532,26.062157792727216,88.17215793621632,-2.8589669984378654,-5.2507476806640625,0.13044145703315735,5.621398754018068,nan,,,1.1961796283721924,,Gaia_DR3,-9.749192521174463,9.851059881168524,-12.711998915994556,0.02480716072022915,6.072177794809871,0.024163082242012024
Gaia,DR3,4853782231004271488,49.194953781891876,-39.71944888487573,17.252506256103516,2.576305389404297,3.0458000547302615,24.12095312323494,83.58536639259356,-7.646673622436591,,,5.015670817244788,nan,,,1.0329679250717163,,None,-8.633852857875649,4.698164651185099,-10.533578477410341,0.0714976117014885,7.29866217815711,0.09552143514156342
Gaia,DR3,4950551619457909376,37.878842936257605,-40.819882006289994,18.8851318359375,3.15130615234375,4.25185870373365,20.78708277060041,84.68054405391251,-6.474021244154659,,,4.284448168942485,nan,,,0.9864848852157593,,None,-7.77163568955025,4.860713681585487,-5.907498146015014,0.13106079399585724,1.5032017015137449,0.16139128804206848
Gaia,DR3,4955689572871864192,27.47315641625664,-44.377523121831004,15.573976516723633,2.4917659759521484,0.7406919428000414,23.999482327649723,84.72614488903169,-5.668934638642504,12.745073318481445,4.627880096435547,6.231890732376543,nan,,,1.2433339357376099,,Gaia_DR3,-11.446789294934547,7.977211399184908,-12.02817653882152,0.02612658217549324,8.75751549696865,0.03339800238609314
Gaia,DR3,5044079759304662272,45.590921069610495,-40.967338393935734,18.53497314453125,2.8342666625976562,0.1656802387815002,23.39231480062468,80.20037957275441,-7.349695566013619,,,5.722177594556864,nan,,,3.352145195007324,,None,-10.06152228619369,5.5683763303643286,-10.005429580845679,0.3987466096878052,5.760202195544236,0.49142807722091675
Gaia,DR3,5046712814775628800,47.84993824014318,-36.911608294291554,15.56757926940918,2.2443180084228516,4.304168550474122,21.364406769943113,75.7417439443589,-7.266154893443282,,,5.9898048175412235,nan,,,1.009798288345337,,None,-10.398148879215523,6.223190867626462,-12.668187089896545,0.02310403808951378,11.161337748212176,0.029832392930984497
Gaia,DR3,4947331497793675264,41.98044204205375,-43.75812102737068,12.719820022583008,1.2529983520507812,3.4057200586849032,24.572830798084834,83.84727370275426,-7.182845129273732,31.32977867126465,0.8731541037559509,5.744771611529595,nan,,,1.0804924964904785,,Gaia_DR3,-10.273909064397643,5.594211639104703,-6.261648289283544,0.01130212564021349,4.638493009297767,0.013299765065312386
Gaia,DR3,4957264966875583232,32.712798572241574,-40.75307531901233,14.239821434020996,1.8363065719604492,3.6213531978550626,20.102859145732552,70.89032789239465,-5.876964091553376,11.631361961364746,2.4380650520324707,5.815885439271825,nan,,,1.0909576416015625,,Gaia_DR3,-10.65954865385494,7.231988882331972,-15.09633748063882,0.011879737488925457,7.399491069829036,0.016303593292832375
Gaia,DR3,4957227991500573440,32.29949901384022,-41.21902407956922,19.14606285095215,3.2731800079345703,4.319535360595102,20.55984707314036,85.94477538658339,-5.877552637094868,,,7.213914465943624,nan,,,1.0022614002227783,,None,-13.228187922340705,8.960257640011815,-19.7627658119302,0.1721820831298828,9.63187246278753,0.24752293527126312
Gaia,DR3,4950254274578306816,38.1627465113123,-41.78220400561812,17.454275131225586,3.0812129974365234,3.6502109143869883,21.77098471209424,86.34069754196123,-6.595191261049855,,,7.0167788739480175,nan,,,1.065506935119629,,None,-12.717552891655432,7.756478463696705,-7.34543569516318,0.05511792376637459,8.298775509994222,0.0683722123503685
Gaia,DR3,4755381300436325120,45.8306695341902,-44.06999561506613,19.79124641418457,2.6744842529296875,4.064805202398758,26.10999693014925,88.69405321901145,-7.61364817017905,,,5.823791368023216,nan,,,1.038342833518982,,None,-10.227122972463611,5.140455959941921,-5.4014460401668805,0.29590535163879395,6.412110789201099,0.36389827728271484
Gaia,DR3,4850516264856060160,47.93348898576602,-43.501247391733294,10.7821626663208,0.7991600036621094,3.624179106531527,26.46264218335459,89.5859224411493,-7.792054764274971,18.097457885742188,1.894870400428772,5.753255531690041,nan,,,1.5682802200317383,,Gaia_DR3,-9.982447695105574,4.9159179054008835,-14.314939765304803,0.017689457163214684,4.173963178632496,0.024340607225894928
Gaia,DR3,4951112477763963904,35.26797761992507,-40.841597141736656,17.41146469116211,2.8263816833496094,1.4319531705380002,20.38075661137699,69.87792571699036,-6.178645401169899,,,5.352239055679577,nan,,,1.01834237575531,,None,-9.769611584753488,6.359630175231508,-11.38399044254066,0.055613528937101364,6.294775704050247,0.06848442554473877
Gaia,DR3,5045152229818452224,46.46781576349113,-37.33896322505913,7.512548446655273,0.26845741271972656,4.2108653358729935,20.924726930029067,89.6521500767144,-7.144213870688512,7.419929027557373,0.22556377947330475,7.490559238151408,nan,,,0.9841805696487427,,Gaia_DR3,-13.108327280468451,7.8875978712265775,-15.905008266176079,0.015839846804738045,13.92017317314324,0.019721105694770813
Gaia,DR3,5048823494847013248,41.511977605996606,-37.67380577796639,16.72525978088379,2.7532434463500977,4.154210032168292,18.938695667792484,82.21286638687099,-6.598184538268905,,,7.165051872153126,nan,,,1.0307520627975464,,None,-12.838157414636987,8.152771332423427,-7.087851665561791,0.03771328926086426,5.6414060638110115,0.04877743124961853
Gaia,DR3,4854129294425298048,47.942649346813994,-38.664630031290415,17.654930114746094,3.195709228515625,2.476961666158814,22.68758209538062,82.99829299115866,-7.423815842357796,,,6.448327579693044,nan,,,1.3111664056777954,,None,-11.187841116378559,6.382768560129881,-13.667602542679301,0.11022491753101349,8.660537845481711,0.14010144770145416
Gaia,DR3,4949290552636976640,41.67185126917474,-39.90337845316143,19.505037307739258,2.9709205627441406,3.869064199696742,20.97397203627389,71.8149345470468,-6.821209203396781,,,5.360985835184386,nan,,,1.0229603052139282,,None,-9.5995632017501,5.787910789003582,-12.96607859300271,0.26951679587364197,2.997499615558346,0.3248336613178253
Gaia,DR3,5046588157644686208,46.817677098371895,-37.542050792850596,14.894261360168457,2.310450553894043,4.485939757191677,21.26075879321785,82.90493383342839,-7.201988128926182,23.83710289001465,4.637909412384033,6.793348042495229,nan,,,1.116255760192871,,Gaia_DR3,-11.864789864658402,7.07290661868767,-18.08290686413227,0.017880180850625038,8.68758403615962,0.02061234600841999
Gaia,DR3,5046221333077838720,44.64660578736869,-36.49496991638634,13.206305503845215,1.2287158966064453,1.04132432081017,19.34358863065885,87.07452022774557,-6.856887476011961,17.693532943725586,0.9795722961425781,4.072275227568496,nan,,,1.0155704021453857,,Gaia_DR3,-7.195214343441216,4.513447726839072,-6.548319588374101,0.008013501763343811,5.130439011655369,0.010432134382426739
Gaia,DR3,5047721582334065920,45.62130745358633,-35.9410612976961,18.5024471282959,3.3923912048339844,2.8469386633660907,19.42766441465251,67.06492838141618,-6.920850078131977,,,5.479556823785052,nan,,,1.1024457216262817,,None,-9.633363603959113,6.053093616937696,-12.919487989143931,0.1100781112909317,6.1814128013177605,0.14211055636405945
