GaiaDR3                               RA         DEC   Gmag  Bp-Rp  Voff(km/s) Sep(deg)   3D(pc) Vr(pred)  Vr(obs)    Vrerr Plx(mas)  SpT    FnuvJ  W1-W3    RUWE  XCrate                               RVsrc    PMRApred   PMDecpred        PMRA     PMRAerr       PMDec    PMDecerr
 Gaia DR3 428360006379022592   4.5239580  59.7661980 11.910  1.010       0.000   0.0000   0.0000   -48.52   -48.52     0.44    2.749  nan      nan    nan   0.917     nan                            Gaia_DR3      -7.728      -1.837      -7.728       0.010      -1.837       0.011
 Gaia DR3 429048919133189376   3.1059570  59.6365601 17.462  2.624       4.176   0.7270   5.6874   -48.35      nan      nan    2.724  nan      nan    nan   0.999     nan                                None      -7.965      -2.050      -6.249       0.080      -0.374       0.088
 Gaia DR3 428216971089096448   4.3739749  58.8921127 16.764  2.232       3.676   0.8774   5.9523   -48.45      nan      nan    2.765  nan      nan    nan   0.979     nan                                None      -7.807      -2.297      -9.756       0.045      -3.188       0.047
 Gaia DR3 428283452880896896   5.7902505  59.2295271 17.921  2.934       4.434   0.8373   5.9899   -48.64      nan      nan    2.770  nan      nan    nan   0.988     nan                                None      -7.506      -1.971      -5.918       0.081       0.074       0.088
 Gaia DR3 428182954947588224   5.6091502  58.9610319 18.953  2.183       3.743   0.9768   6.5903   -48.60      nan      nan    2.767  nan      nan    nan   1.714     nan                                None      -7.536      -2.122      -5.920       0.345      -0.653       0.358
 Gaia DR3 422933645912756096   3.7849642  58.7077986 18.396    nan       4.636   1.1239   7.9983   -48.37      nan      nan    2.777  nan      nan    nan   1.130     nan                                None      -7.970      -2.467      -9.824       0.243      -4.450       0.339
 Gaia DR3 429015761984631040   4.2172157  59.7022052 17.249  2.566       2.649   0.1673   8.7984   -48.48      nan      nan    2.817  nan      nan    nan   1.058     nan                                None      -7.987      -1.951      -9.426       0.065      -1.316       0.073
 Gaia DR3 428805617827246208   5.2832656  60.7883573 18.282  2.807       2.034   1.0893   9.1027   -48.66      nan      nan    2.706  nan      nan    nan   1.040     nan                                None      -7.441      -1.226      -6.280       0.111      -1.234       0.111
 Gaia DR3 429292770196502784   1.8055855  60.3528565 18.481  1.569       3.408   1.4780   9.3991   -48.23      nan      nan    2.754  nan      nan    nan   3.932     nan                                None      -8.332      -1.883      -6.392       0.480      -2.277       0.473
 Gaia DR3 429083454972607360   3.1586926  59.9475262 11.608  0.800       4.750   0.7091   9.9263   -48.37   -16.07     1.14    2.818  nan      nan    nan   0.849     nan                            Gaia_DR3      -8.226      -1.958      -5.572       0.010      -1.000       0.011
 Gaia DR3 428925468898658176   4.9400908  61.3136320 18.872  2.208       3.588   1.5609  10.3205   -48.64      nan      nan    2.772  nan      nan    nan   1.831     nan                                None      -7.700      -1.036      -7.127       0.315      -3.052       0.320
 Gaia DR3 423239756829090944   1.7928370  59.5400490 17.778  3.004       2.475   1.3982  10.7202   -48.18      nan      nan    2.796  nan      nan    nan   1.016     nan                                None      -8.461      -2.317      -9.888       0.101      -2.621       0.101
 Gaia DR3 429105578342836096   2.2756857  60.2407112 19.757  2.919       4.528   1.2200  11.1303   -48.28      nan      nan    2.691  nan      nan    nan   1.130     nan                                None      -8.041      -1.835      -9.535       0.399      -3.924       0.462
 Gaia DR3 429119189100247168   4.2716975  59.9972011 11.095  0.753       2.902   0.2634  11.4210   -48.51    -4.08     0.91    2.837  nan      nan    nan   0.963     nan                            Gaia_DR3      -8.033      -1.809      -7.484       0.013      -3.456       0.013
 Gaia DR3 428043901079625600   7.6396306  59.0691050 19.802  2.837       4.587   1.7315  11.4500   -48.84      nan      nan    2.775  nan      nan    nan   1.007     nan                                None      -7.098      -1.852      -4.415       0.304      -1.835       0.290
 Gaia DR3 428433781037646592   8.0742110  59.4365116 16.496  2.350       2.858   1.8262  12.4774   -48.90      nan      nan    2.716  nan      nan    nan   2.400     nan                                None      -6.850      -1.588      -6.064       0.103      -0.153       0.101
 Gaia DR3 430184405406554624   7.3585604  61.1739195 19.786  2.834       2.488   1.9830  13.0711   -48.89      nan      nan    2.778  nan      nan    nan   1.047     nan                                None      -7.170      -0.832      -8.060       0.348       0.321       0.401
 Gaia DR3 429433134023008256   1.8375076  61.1034999 19.958  2.530       2.247   1.8826  13.0907   -48.27      nan      nan    2.792  nan      nan    nan   0.987     nan                                None      -8.438      -1.532      -7.558       0.400      -2.520       0.392
 Gaia DR3 423259337575619072   1.6346055  59.7172369 18.416  2.735       3.829   1.4566  13.7955   -48.17      nan      nan    2.830  nan      nan    nan   0.998     nan                                None      -8.597      -2.276      -9.440       0.117      -4.399       0.122
 Gaia DR3 428462677572232192   7.9273272  59.6540956 20.174    nan       2.217   1.7200  14.1358   -48.90      nan      nan    2.684  nan      nan    nan   1.047     nan                                None      -6.802      -1.479      -6.441       0.432      -0.278       0.545
 Gaia DR3 422079359742548864   5.8319168  57.7106023 10.687  0.832       2.329   2.1647  14.2009   -48.54   -47.00     0.36    2.779  nan      nan    nan   0.914     nan                            Gaia_DR3      -7.518      -2.727      -6.158       0.011      -2.622       0.011
 Gaia DR3 429583079928939648   4.1850325  61.3032850 17.533  2.480       2.826   1.5461  14.4191   -48.55      nan      nan    2.673  nan      nan    nan   1.255     nan                                None      -7.585      -1.090      -8.876       0.097      -0.160       0.093
 Gaia DR3 428750406027444224   6.1650813  60.5940594 17.485  2.536       4.390   1.1624  14.4593   -48.75      nan      nan    2.847  nan      nan    nan   0.983     nan                                None      -7.627      -1.286      -5.006       0.069      -1.017       0.075
 Gaia DR3 422096505247103360   5.4349481  57.8431577 10.628  0.695       3.335   1.9800  14.5317   -48.50   -17.80     0.77    2.807  nan      nan    nan   1.480     nan                            Gaia_DR3      -7.686      -2.734      -9.423       0.017      -3.669       0.019
 Gaia DR3 429645030538745728   2.9723102  61.5262934 16.752  2.279       4.727   1.9173  14.5410   -48.42      nan      nan    2.692  nan      nan    nan   0.990     nan                                None      -7.897      -1.135     -10.437       0.049      -0.274       0.049
 Gaia DR3 425406958665148672   8.9186194  59.0255654 13.461  1.164       4.112   2.3562  14.9651   -48.97   -36.24     5.86    2.756  nan      nan    nan   1.073     nan                            Gaia_DR3      -6.757      -1.729      -8.494       0.012      -3.368       0.016
 Gaia DR3 422740887787768448   1.0100031  58.2391375 13.000  1.011       1.537   2.3673  15.0545   -47.97    -6.96     2.48    2.759  nan      nan    nan   1.775     nan                            Gaia_DR3      -8.514      -3.019      -9.256       0.023      -3.518       0.023
 Gaia DR3 429856957100939520   2.3234117  61.8396718 18.522  2.505       3.407   2.3346  15.1585   -48.36      nan      nan    2.776  nan      nan    nan   1.011     nan                                None      -8.285      -1.098     -10.278       0.172      -1.053       0.158
 Gaia DR3 429732854019625472   3.6398913  62.0713776 19.649  2.669       3.237   2.3448  15.2568   -48.51      nan      nan    2.777  nan      nan    nan   1.110     nan                                None      -8.002      -0.818      -6.290       0.312      -0.004       0.361
 Gaia DR3 427995518275623936   8.3244338  58.5878537 19.876  2.605       1.543   2.2756  15.3360   -48.88      nan      nan    2.791  nan      nan    nan   1.043     nan                                None      -6.981      -2.032      -7.565       0.383      -1.337       0.407
 Gaia DR3 429185365957850624   2.8188524  60.2912034 12.484  0.979       4.025   1.0006  15.4446   -48.35   -11.40     2.62    2.860  nan      nan    nan   0.860     nan                            Gaia_DR3      -8.426      -1.855      -9.005       0.009       0.502       0.009
 Gaia DR3 421905911784718720   7.0368217  57.6880145 17.088  2.441       4.158   2.4533  15.6081   -48.68      nan      nan    2.743  nan      nan    nan   0.993     nan                                None      -7.154      -2.575      -5.093       0.051      -1.335       0.057
 Gaia DR3 430212550333081600   7.8502126  61.5003077 19.327  2.955       4.129   2.3802  15.7182   -48.95      nan      nan    2.785  nan      nan    nan   1.019     nan                                None      -7.075      -0.617      -4.851       0.211       0.345       0.242
 Gaia DR3 428717248879259136   5.8129423  60.1710995 16.901  2.592       3.870   0.7616  15.8641   -48.69      nan      nan    2.869  nan      nan    nan   1.042     nan                                None      -7.766      -1.555      -9.669       0.055      -0.193       0.060
 Gaia DR3 423182376065744000   0.5246304  59.2444051 15.695  2.095       0.249   2.0951  15.8921   -47.99      nan      nan    2.818  nan      nan    nan   1.079     nan                                None      -8.803      -2.648      -8.891       0.032      -2.529       0.033
 Gaia DR3 423302875668946688   0.0815460  60.0176217 10.058  1.332       4.480   2.2422  16.3527   -47.99    27.93     0.18    2.692  nan      nan    nan   1.156     nan                            Gaia_DR3      -8.498      -2.217     -10.476       0.015      -3.814       0.015
 Gaia DR3 428528270320406656   7.1226989  59.9258214 15.132  1.610       3.548   1.3151  16.4507   -48.82   -27.30     8.53    2.647  nan      nan    nan   0.944     nan                            Gaia_DR3      -6.883      -1.412      -6.218       0.023       0.453       0.023
 Gaia DR3 430482789681369856   5.6682034  62.0852459 17.896  2.771       3.793   2.3847  16.5643   -48.73      nan      nan    2.803  nan      nan    nan   1.070     nan                                None      -7.623      -0.574      -7.136       0.090      -2.762       0.091
 Gaia DR3 425581922755157120   9.4509754  60.1109577 13.835  1.182       3.348   2.4914  16.5956   -49.07   -15.07     2.41    2.790  nan      nan    nan   0.957     nan                            Gaia_DR3      -6.718      -1.149      -8.341       0.012      -2.265       0.014
 Gaia DR3 429105509619373056   2.3225666  60.2442197 19.286  2.908       2.211   1.1998  16.6216   -48.29      nan      nan    2.642  nan      nan    nan   0.990     nan                                None      -7.887      -1.795      -8.015       0.249      -3.020       0.286
 Gaia DR3 422806240007318272   3.3726817  57.8906839 15.319  1.709       4.040   1.9678  16.6520   -48.25      nan      nan    2.670  nan      nan    nan   1.018     nan                                None      -7.749      -2.807      -7.888       0.022      -0.537       0.023
 Gaia DR3 429326721915857536   0.7420635  60.3132950 19.866  2.513       2.909   1.9660  16.7295   -48.09      nan      nan    2.838  nan      nan    nan   1.040     nan                                None      -8.816      -2.100     -10.069       0.398      -0.892       0.381
 Gaia DR3 430411901237207808   6.7677540  61.6735656 19.979  2.781       3.801   2.2002  16.8166   -48.84      nan      nan    2.824  nan      nan    nan   0.951     nan                                None      -7.426      -0.659      -8.335       0.365      -2.731       0.393
Gaia DR3 1999519761208934272 359.6627769  59.7524121 19.667  2.740       3.465   2.4477  16.8989   -47.91      nan      nan    2.803  nan      nan    nan   0.943     nan                                None      -8.938      -2.496     -10.498       0.281      -3.822       0.289
 Gaia DR3 421884986703422848   6.3865951  57.4418245 17.191  2.695       3.466   2.5185  17.0194   -48.58      nan      nan    2.708  nan      nan    nan   1.398     nan                                None      -7.206      -2.729      -7.171       0.085      -4.708       0.099
 Gaia DR3 428793149543968000   5.4402312  60.5217768 14.775  1.452       3.596   0.8826  17.1259   -48.66   -14.14     4.12    2.632  nan      nan    nan   0.999     nan                            Gaia_DR3      -7.206      -1.302      -5.316       0.017      -0.660       0.019
 Gaia DR3 423259337575600128   1.6330357  59.7156366 18.216  2.763       4.861   1.4575  17.1741   -48.17      nan      nan    2.645  nan      nan    nan   0.968     nan                                None      -8.036      -2.128      -9.455       0.105      -4.437       0.112
 Gaia DR3 430306318062212352   7.9460609  61.6608405 14.209  1.541       2.046   2.5276  17.1901   -48.96   -33.82     2.55    2.706  nan      nan    nan   4.213     nan                            Gaia_DR3      -6.853      -0.511      -8.020       0.049      -0.522       0.061
 Gaia DR3 430424339462158976   6.7886203  61.9392159 19.701  2.773       4.906   2.4366  17.6026   -48.85      nan      nan    2.817  nan      nan    nan   1.031     nan                                None      -7.402      -0.520      -8.208       0.322      -3.320       0.368
 Gaia DR3 429863794689927296   1.9579083  62.0529263 18.025  2.778       2.023   2.6045  17.9737   -48.32      nan      nan    2.700  nan      nan    nan   0.931     nan                                None      -8.134      -1.011      -8.743       0.099      -1.988       0.102
 Gaia DR3 428238445926699648   5.3466789  59.1952704 17.113  2.356       4.952   0.7075  17.9970   -48.59      nan      nan    2.888  nan      nan    nan   0.957     nan                                None      -7.927      -2.125      -5.010       0.061      -1.363       0.066
 Gaia DR3 429597128758607360   3.6520316  61.3222957 15.989  1.077       4.789   1.6141  18.1233   -48.49      nan      nan    2.642  nan      nan    nan   8.831     nan                                None      -7.609      -1.130      -5.110       0.295      -0.200       0.276
 Gaia DR3 427863576878231040   7.6229298  57.8288690 17.953  1.608       0.994   2.5156  18.3557   -48.76      nan      nan    2.685  nan      nan    nan   3.042     nan                                None      -6.872      -2.392      -6.993       0.270      -1.842       0.293
 Gaia DR3 424996050554429568   9.3330704  58.3983119 19.401  2.597       1.173   2.8234  18.3982   -48.98      nan      nan    2.721  nan      nan    nan   1.064     nan                                None      -6.578      -1.974      -6.377       0.245      -2.616       0.269
Gaia DR3 2011606555098873856 359.6062615  60.3573914 14.552  1.554       4.007   2.5238  18.4318   -47.95    -4.96     3.57    2.684  nan      nan    nan   0.990     nan                            Gaia_DR3      -8.571      -2.111      -6.503       0.019      -3.040       0.017
 Gaia DR3 429083454972606720   3.1565250  59.9484365 16.028  1.961       4.806   0.7104  18.4728   -48.37      nan      nan    2.892  nan      nan    nan   1.041     nan                                None      -8.442      -2.009      -5.752       0.030      -0.849       0.034
Gaia DR3 1999285530871398400 359.3824997  59.1453191 18.084  2.749       0.725   2.6849  18.9269   -47.83      nan      nan    2.816  nan      nan    nan   0.968     nan                                None      -9.039      -2.847      -9.344       0.131      -3.150       0.128
 Gaia DR3 425373324781479296  10.1587261  59.1035389 13.010  1.015       3.640   2.9400  19.0340   -49.10    -5.67     1.72    2.782  nan      nan    nan   1.035     nan                            Gaia_DR3      -6.531      -1.582      -6.743       0.011      -3.705       0.012
 Gaia DR3 428652205894502272   7.8290317  60.5531620 18.948  3.049       1.468   1.8229  19.0446   -48.92      nan      nan    2.641  nan      nan    nan   1.018     nan                                None      -6.714      -1.038      -6.133       0.173      -1.613       0.225
 Gaia DR3 422458480794110720   2.1106079  57.7223390 18.261  2.541       4.733   2.3966  19.2985   -48.07      nan      nan    2.664  nan      nan    nan   0.998     nan                                None      -7.997      -3.028      -6.960       0.110      -5.476       0.104
 Gaia DR3 422628462723340928   0.4190252  57.9261148 16.897  2.230       3.951   2.8090  19.3629   -47.86      nan      nan    2.696  nan      nan    nan   1.084     nan                                None      -8.443      -3.173      -6.429       0.061      -2.180       0.063
 Gaia DR3 427261839084836480   9.8102131  61.4336063 17.447  2.258       4.277   3.0832  19.5935   -49.14      nan      nan    2.761  nan      nan    nan   1.006     nan                                None      -6.565      -0.441      -9.001       0.066       0.072       0.068
 Gaia DR3 422849189682024576   2.9502056  57.9566450 16.368  2.160       4.339   1.9840  19.8871   -48.20      nan      nan    2.872  nan      nan    nan   1.024     nan                                None      -8.432      -3.039      -7.713       0.041      -5.566       0.043
 Gaia DR3 421752529911535616   6.1314401  56.8731389 16.256  2.132       3.826   3.0135  19.9915   -48.50      nan      nan    2.798  nan      nan    nan   1.024     nan                                None      -7.502      -3.132      -5.251       0.036      -2.973       0.038
 Gaia DR3 427011356590555008  10.7792237  60.0353912 18.396  2.705       3.946   3.1473  20.0099   -49.20      nan      nan    2.744  nan      nan    nan   0.980     nan                                None      -6.299      -1.038      -4.330       0.112      -2.193       0.131
 Gaia DR3 425348654483322368  10.2443711  58.6939077 19.633  2.678       4.686   3.1156  20.1304   -49.09      nan      nan    2.782  nan      nan    nan   1.012     nan                                None      -6.513      -1.780      -4.518       0.331       0.111       0.308
 Gaia DR3 428638354616463744   6.8953501  60.3886407 19.158  2.897       4.329   1.3366  20.2062   -48.82      nan      nan    2.896  nan      nan    nan   0.940     nan                                None      -7.585      -1.330      -9.841       0.175      -2.707       0.190
 Gaia DR3 428071629391042176   6.8626703  58.8309029 19.082  2.678       4.476   1.5166  20.4221   -48.74      nan      nan    2.620  nan      nan    nan   1.023     nan                                None      -6.870      -1.940      -8.873       0.197      -0.489       0.217
 Gaia DR3 428594825133617792   8.6701121  60.4496208 16.740  2.326       3.958   2.1760  20.5055   -49.00      nan      nan    2.641  nan      nan    nan   0.975     nan                                None      -6.531      -1.003      -4.403       0.047      -0.427       0.049
 Gaia DR3 430300472604258688   8.5816124  62.0503725 19.158  2.872       1.397   3.0171  20.5955   -49.03      nan      nan    2.697  nan      nan    nan   1.023     nan                                None      -6.688      -0.254      -6.867       0.227       0.520       0.235
 Gaia DR3 425356488506084736  10.4767900  58.9564181 19.962    nan       0.807   3.1387  20.7273   -49.13      nan      nan    2.710  nan      nan    nan   1.076     nan                                None      -6.291      -1.583      -6.046       0.364      -1.193       0.440
Gaia DR3 1998173099989786240 359.9035200  57.9303604 17.581  2.371       2.324   3.0127  20.7297   -47.79      nan      nan    2.694  nan      nan    nan   1.012     nan                                None      -8.540      -3.233      -8.445       0.083      -4.549       0.072
 Gaia DR3 423071458529543936   1.6391636  58.5329097 20.042  2.451       3.498   1.9257  20.8136   -48.08      nan      nan    2.629  nan      nan    nan   1.019     nan                                None      -7.986      -2.665      -9.869       0.431      -2.205       0.455
 Gaia DR3 431505640423280256   2.0665436  62.8278005 19.343  3.019       1.826   3.2806  20.8164   -48.35      nan      nan    2.755  nan      nan    nan   1.031     nan                                None      -8.277      -0.638      -7.270       0.235      -0.970       0.261
 Gaia DR3 429439486277839744   1.8828367  61.2223985 19.108  3.342       3.214   1.9523  20.8267   -48.28      nan      nan    2.630  nan      nan    nan   1.009     nan                                None      -7.939      -1.382      -8.841       0.231      -2.919       0.224
 Gaia DR3 429767488645165696   2.4194538  62.0280867 14.746  1.618       1.421   2.4824  20.8759   -48.37    -2.20     3.64    2.860  nan      nan    nan   0.985     nan                            Gaia_DR3      -8.513      -1.022      -8.542       0.020      -1.878       0.021
 Gaia DR3 427235863121571968   9.7522309  61.2675538 17.485  2.534       4.765   2.9779  20.9186   -49.13      nan      nan    2.687  nan      nan    nan   0.991     nan                                None      -6.400      -0.515      -5.205       0.076      -2.935       0.075
 Gaia DR3 429262263055718272   1.9904027  60.0945234 11.441  0.801       4.207   1.3111  21.1629   -48.24   -16.72     1.14    2.610  nan      nan    nan   1.328     nan                            Gaia_DR3      -7.858      -1.882      -8.986       0.017      -3.903       0.019
 Gaia DR3 428286721351775488   5.6825239  59.2534104 19.044  2.579       4.785   0.7801  21.1825   -48.63      nan      nan    2.914  nan      nan    nan   1.890     nan                                None      -7.921      -2.074      -5.148       0.296      -1.100       0.298
 Gaia DR3 423330363460557312   0.5049948  60.1591757 16.885  2.373       4.509   2.0494  21.3058   -48.05      nan      nan    2.885  nan      nan    nan   1.065     nan                                None      -9.015      -2.246      -6.714       0.061      -3.739       0.062
 Gaia DR3 422354718681976320   3.8193333  56.7366316 19.938  2.778       4.583   3.0521  21.3679   -48.20      nan      nan    2.686  nan      nan    nan   1.050     nan                                None      -7.702      -3.324      -7.538       0.474      -5.914       0.468
 Gaia DR3 430415783887602176   6.6726578  61.7663679 19.716  2.905       4.143   2.2584  21.3680   -48.83      nan      nan    2.636  nan      nan    nan   1.022     nan                                None      -6.953      -0.581      -8.452       0.299      -2.329       0.338
 Gaia DR3 424941491590173568   9.9052584  58.0834139 16.843  1.663       2.954   3.2462  21.3984   -49.02      nan      nan    2.710  nan      nan    nan   5.335     nan                                None      -6.422      -2.065      -5.621       0.193      -0.579       0.227
 Gaia DR3 421538120841353856   5.4313832  56.4482046 18.988  2.065       4.924   3.3524  21.5808   -48.37      nan      nan    2.727  nan      nan    nan   1.858     nan                                None      -7.466      -3.334      -4.647       0.325      -3.075       0.400
 Gaia DR3 427632546299792768  10.3825811  61.6939450 18.691  1.739       1.706   3.4507  21.9000   -49.19      nan      nan    2.758  nan      nan    nan   3.262     nan                                None      -6.424      -0.253      -6.649       0.334       0.713       0.365
 Gaia DR3 425406962957410816   8.9191384  59.0257490 15.444    nan       3.430   2.3564  21.9973   -48.97      nan      nan    2.879  nan      nan    nan   1.073     nan                                None      -7.060      -1.806      -8.665       0.091      -3.132       0.130
 Gaia DR3 422306855571258112   2.0331163  56.6866214 19.026  2.866       3.712   3.3467  22.0566   -47.95      nan      nan    2.800  nan      nan    nan   1.018     nan                                None      -8.420      -3.704      -9.863       0.205      -5.352       0.197
 Gaia DR3 430409977091896576   6.0082289  61.8768809 20.012  2.440       4.314   2.2311  22.3575   -48.77      nan      nan    2.626  nan      nan    nan   1.014     nan                                None      -7.069      -0.598      -9.234       0.403      -1.606       0.445
 Gaia DR3 430269381341504640   8.3738556  61.9022657 17.887  2.723       3.802   2.8421  22.5599   -49.01      nan      nan    2.654  nan      nan    nan   2.710     nan                                None      -6.627      -0.342      -7.459       0.409      -2.299       0.618
 Gaia DR3 426853404869641216  11.3709682  60.2708449 20.030  2.601       3.580   3.4570  22.5764   -49.26      nan      nan    2.795  nan      nan    nan   1.065     nan                                None      -6.276      -0.881      -7.999       0.371       0.336       0.430
 Gaia DR3 428202505641256704   4.8641127  58.8951985 18.145  1.875       4.364   0.8881  22.6113   -48.51      nan      nan    2.593  nan      nan    nan   3.146     nan                                None      -7.219      -2.099      -4.901       0.286      -2.663       0.288
 Gaia DR3 430043466059153280   0.4982693  62.6403604 18.667  1.402       2.030   3.4658  22.7749   -48.17      nan      nan    2.710  nan      nan    nan   2.881     nan                                None      -8.470      -0.920      -7.556       0.408      -0.204       0.370
 Gaia DR3 431517769418085376   2.0010613  63.1553100 17.832  2.475       0.388   3.5964  22.8930   -48.35      nan      nan    2.769  nan      nan    nan   0.990     nan                                None      -8.333      -0.488      -8.543       0.089      -0.402       0.092
 Gaia DR3 426828528424395648  11.8144119  59.9164210 15.144  1.614       1.436   3.6639  23.2449   -49.29   -13.35     5.19    2.755  nan      nan    nan   1.020     nan                            Gaia_DR3      -6.082      -1.005      -6.869       0.019      -1.280       0.023
 Gaia DR3 426835945823387008  11.7792203  60.0381547 19.039  3.121       2.433   3.6467  23.3039   -49.29      nan      nan    2.776  nan      nan    nan   1.027     nan                                None      -6.137      -0.954      -6.795       0.175      -2.217       0.235
Gaia DR3 2011598961596730752 359.3534839  60.2370856 12.996  1.107       4.210   2.6269  23.3376   -47.91    -3.04     2.19    2.634  nan      nan    nan   1.147     nan                            Gaia_DR3      -8.459      -2.160     -10.075       0.015      -3.848       0.016
 Gaia DR3 423047097472630912   2.2631209  59.3748203 19.061  2.963       4.901   1.2100  23.5561   -48.22      nan      nan    2.591  nan      nan    nan   1.089     nan                                None      -7.746      -2.167      -5.618       0.218      -0.542       0.226
Gaia DR3 1998093209293030656 359.3171816  57.3024405 18.954  3.132       3.498   3.6665  23.7141   -47.64      nan      nan    2.790  nan      nan    nan   1.033     nan                                None      -8.970      -3.734      -7.094       0.210      -4.580       0.185
 Gaia DR3 422650452949493760   1.7047369  57.8380903 18.837  2.978       2.725   2.4183  23.7283   -48.03      nan      nan    2.896  nan      nan    nan   0.996     nan                                None      -8.782      -3.283      -8.529       0.164      -1.639       0.156
 Gaia DR3 422252120507597440   3.6623481  56.3850505 17.379  2.520       4.815   3.4116  23.7843   -48.14      nan      nan    2.681  nan      nan    nan   1.002     nan                                None      -7.721      -3.502      -8.490       0.061      -6.113       0.068
 Gaia DR3 431364323126151936   4.6907592  62.9109865 15.361  1.710       4.864   3.1458  23.8549   -48.64      nan      nan    2.658  nan      nan    nan   1.033     nan                                None      -7.435      -0.261      -7.816       0.023      -2.960       0.024
Gaia DR3 1998155297344760192 358.9659225  57.7377422 17.869  2.633       3.806   3.5235  23.8946   -47.64      nan      nan    2.692  nan      nan    nan   2.536     nan                                None      -8.724      -3.441      -6.586       0.227      -3.746       0.225
Gaia DR3 1998357336897470848 358.2979729  57.9039119 14.309  1.319       2.526   3.7193  23.8992   -47.56    -1.79     3.64    2.726  nan      nan    nan   2.057     nan                            Gaia_DR3      -8.972      -3.494      -9.944       0.024      -2.415       0.025
 Gaia DR3 431270997776467840   4.5141798  62.7914431 19.873  3.017       1.404   3.0252  23.9978   -48.62      nan      nan    2.648  nan      nan    nan   0.936     nan                                None      -7.446      -0.337      -7.343       0.340       0.440       0.382
 Gaia DR3 424785665873775104   9.7791702  57.1638446 18.585  2.835       4.617   3.7830  24.0007   -48.94      nan      nan    2.757  nan      nan    nan   1.027     nan                                None      -6.561      -2.570      -5.444       0.141      -5.009       0.168
 Gaia DR3 427618424440082944  10.9048151  61.9355685 19.671  2.801       2.614   3.7876  24.0311   -49.24      nan      nan    2.758  nan      nan    nan   0.995     nan                                None      -6.302      -0.081      -7.646       0.302      -0.790       0.331
 Gaia DR3 428935536300938368   5.7620682  61.3649930 17.048  1.430       4.134   1.7106  24.0400   -48.73      nan      nan    2.597  nan      nan    nan  10.077     nan                                None      -7.042      -0.857      -4.921       0.465      -0.066       0.405
 Gaia DR3 431454002038454528   2.6513182  63.4259712 20.336  2.714       3.870   3.7662  24.0486   -48.43      nan      nan    2.776  nan      nan    nan   1.002     nan                                None      -8.214      -0.271      -6.005       0.516      -0.771       0.594
 Gaia DR3 423255115632066944   1.2916522  59.6255703 15.475  1.709       1.410   1.6369  24.1445   -48.12      nan      nan    2.595  nan      nan    nan   1.028     nan                                None      -7.952      -2.170      -8.283       0.024      -2.866       0.026
 Gaia DR3 429017651771404288   3.8993881  59.6728879 18.961  2.683       4.027   0.3285  24.1575   -48.44      nan      nan    2.944  nan      nan    nan   2.377     nan                                None      -8.422      -2.095      -7.404       0.422       0.188       0.429
 Gaia DR3 430742995978060032   8.0935311  62.7823222 18.531  1.890       3.011   3.4687  24.1750   -48.98      nan      nan    2.680  nan      nan    nan   2.895     nan                                None      -6.756       0.051      -6.803       0.303       1.752       0.389
 Gaia DR3 428187078116131072   5.6943922  59.0818291 19.160  2.733       2.386   0.9071  24.2436   -48.62      nan      nan    2.940  nan      nan    nan   1.035     nan                                None      -7.987      -2.181      -9.451       0.239      -1.969       0.220
 Gaia DR3 421361374350920448   6.2361564  56.4153713 17.494  2.518       4.126   3.4706  24.2534   -48.47      nan      nan    2.679  nan      nan    nan   1.027     nan                                None      -7.161      -3.207      -6.770       0.068      -0.910       0.080
 Gaia DR3 427855502339487872   7.8906545  57.7366451 17.912  2.313       4.630   2.6769  24.2922   -48.78      nan      nan    2.627  nan      nan    nan   3.954     nan                                None      -6.665      -2.357      -6.078       0.353       0.139       0.382
 Gaia DR3 421492289254785664   4.2941869  56.1201466 15.893  1.887       4.135   3.6481  24.3061   -48.19      nan      nan    2.812  nan      nan    nan   0.960     nan                                None      -7.957      -3.732      -9.126       0.028      -5.887       0.033
Gaia DR3 1999153928775728512 357.8630624  58.6158710 19.318  3.009       3.811   3.5984  24.3267   -47.57      nan      nan    2.692  nan      nan    nan   0.948     nan                                None      -8.946      -3.172      -8.662       0.242      -1.028       0.207
 Gaia DR3 420776571602056960   2.6555409  56.0864309 19.616  2.719       3.758   3.8108  24.4276   -47.97      nan      nan    2.729  nan      nan    nan   0.971     nan                                None      -8.074      -3.825      -6.863       0.409      -2.034       0.422
 Gaia DR3 428214187942527488   4.7865807  58.9004826 16.048  1.878       4.034   0.8760  24.5026   -48.50      nan      nan    2.943  nan      nan    nan   2.573     nan                                None      -8.210      -2.388     -10.631       0.138      -3.020       0.151
 Gaia DR3 421735453121908736   6.7310012  56.6921293 14.362  1.313       2.200   3.2859  24.5144   -48.56   -12.45     2.81    2.855  nan      nan    nan   2.812     nan                            Gaia_DR3      -7.516      -3.222      -6.984       0.043      -4.434       0.049
 Gaia DR3 425018006423667328   8.6216198  58.6762085 18.736  2.357       2.082   2.3627  24.5473   -48.92      nan      nan    2.612  nan      nan    nan   0.933     nan                                None      -6.469      -1.831      -5.816       0.139      -2.774       0.198
 Gaia DR3 425254233924384000  11.4271498  58.9978215 16.659  2.441       4.337   3.5971  24.6273   -49.22      nan      nan    2.827  nan      nan    nan   1.099     nan                                None      -6.333      -1.538      -8.820       0.044      -2.241       0.056
Gaia DR3 2011762166051657344 356.9357413  60.5038458 17.445  2.792       3.643   3.8476  24.9233   -47.60      nan      nan    2.794  nan      nan    nan   1.020     nan                                None      -9.474      -2.499     -11.603       0.080      -2.774       0.084
 Gaia DR3 430048516940087168   0.1587167  62.8038989 20.097    nan       4.376   3.6896  25.0687   -48.13      nan      nan    2.688  nan      nan    nan   1.119     nan                                None      -8.472      -0.879      -6.042       0.452      -0.382       0.467
 Gaia DR3 420799111590638720   2.4405553  56.4256449 20.074  2.252       3.752   3.5169  25.1645   -47.98      nan      nan    2.846  nan      nan    nan   1.090     nan                                None      -8.467      -3.845      -7.501       0.411      -1.812       0.481
 Gaia DR3 427572038795854720  11.6562519  61.5365052 19.965  2.561       4.507   3.9156  25.1694   -49.31      nan      nan    2.725  nan      nan    nan   1.076     nan                                None      -6.052      -0.207      -8.229       0.373       1.195       0.378
 Gaia DR3 422286544665504512   2.7968127  56.4479964 18.452  2.733       4.556   3.4411  25.2419   -48.03      nan      nan    2.661  nan      nan    nan   1.031     nan                                None      -7.845      -3.544      -5.782       0.110      -2.035       0.123
 Gaia DR3 428667461622330624   7.6326849  60.9011987 17.292  1.785       3.556   1.9117  25.3024   -48.91      nan      nan    2.592  nan      nan    nan   5.596     nan                                None      -6.633      -0.876      -5.464       0.405       0.677       0.473
 Gaia DR3 430956090771903232   6.6572642  62.9303887 18.195  1.879       2.909   3.3250  25.3534   -48.84      nan      nan    2.651  nan      nan    nan   4.097     nan                                None      -6.995      -0.031      -5.633       0.342       0.855       0.360
 Gaia DR3 421641204360165248   4.4411379  57.0889389 17.342  2.426       4.619   2.6776  25.6914   -48.31      nan      nan    2.906  nan      nan    nan   1.005     nan                                None      -8.189      -3.339      -7.107       0.061      -5.955       0.067
 Gaia DR3 427407554432979584  11.9100330  61.5897511 18.449  2.806       2.155   4.0476  25.7531   -49.33      nan      nan    2.771  nan      nan    nan   1.044     nan                                None      -6.095      -0.160      -5.439       0.139       0.915       0.165
 Gaia DR3 427631240629745920  10.3964160  61.6279546 15.797  1.865       3.316   3.4225  25.7995   -49.19      nan      nan    2.652  nan      nan    nan   1.032     nan                                None      -6.174      -0.274      -8.006       0.027      -0.564       0.033
 Gaia DR3 427175832353876480  11.4356296  60.9536498 18.004  2.244       3.822   3.6165  25.8848   -49.28      nan      nan    2.849  nan      nan    nan   5.135     nan                                None      -6.380      -0.539      -7.697       0.360       1.341       0.411
 Gaia DR3 427118421537953408   9.7262829  60.8838443 12.589  0.878       4.027   2.8066  25.9048   -49.12      nan      nan    2.903  nan      nan    nan   1.025     nan                                None      -6.921      -0.761      -8.324       0.011      -2.787       0.014
 Gaia DR3 421688036677969280   7.7973201  56.4282813 18.257  1.873       4.570   3.7585  25.9238   -48.66      nan      nan    2.835  nan      nan    nan   2.492     nan                                None      -7.214      -3.218      -4.483       0.205      -3.228       0.292
 Gaia DR3 425315286880527872  10.2613632  58.3597862 20.004  2.525       4.446   3.2663  26.0480   -49.07      nan      nan    2.639  nan      nan    nan   1.061     nan                                None      -6.174      -1.846      -8.403       0.408      -0.773       0.433
 Gaia DR3 430077203020721536   0.4907628  62.9973095 19.612  1.645       4.489   3.7629  26.1254   -48.17      nan      nan    2.838  nan      nan    nan   1.422     nan                                None      -8.872      -0.784      -6.417       0.389       0.306       0.384
 Gaia DR3 428609565461256448   8.4564012  60.5585637 18.326  2.782       4.567   2.1105  26.2385   -48.99      nan      nan    2.590  nan      nan    nan   0.980     nan                                None      -6.451      -0.953      -3.970       0.115      -1.207       0.138
 Gaia DR3 431587627069659392   0.9036919  63.5502681 14.535  1.442       2.863   4.1545  26.3601   -48.23   -31.53     2.86    2.761  nan      nan    nan   0.975     nan                            Gaia_DR3      -8.545      -0.437      -6.954       0.020      -0.935       0.021
 Gaia DR3 425244888081811840  11.2359309  58.8127939 15.246  1.674       1.822   3.5562  26.3615   -49.19      nan      nan    2.655  nan      nan    nan   1.001     nan                                None      -5.991      -1.551      -4.972       0.019      -1.557       0.022
 Gaia DR3 425146103833731072  11.3526297  58.4786199  9.372  0.339       3.044   3.7315  26.4501   -49.19   -14.22     1.34    2.848  nan      nan    nan   1.865     nan                            Gaia_DR3      -6.398      -1.824      -6.273       0.025      -3.648       0.029
 Gaia DR3 422321389741420160   2.8535904  56.8035365 12.902  0.980       1.863   3.0898  26.4779   -48.08    -8.98     1.55    2.895  nan      nan    nan   1.064     nan                            Gaia_DR3      -8.521      -3.666      -9.655       0.013      -3.595       0.013
 Gaia DR3 422164709334128000   4.3909066  58.1323098 15.127  1.923       3.152   1.6353  26.4975   -48.40    -1.76     8.62    2.948  nan      nan    nan   1.818     nan                            Gaia_DR3      -8.318      -2.846     -10.269       0.039      -3.024       0.044
 Gaia DR3 430664788907110144   8.9784437  62.2454410 19.074  3.262       3.256   3.2862  26.6443   -49.07      nan      nan    2.633  nan      nan    nan   0.957     nan                                None      -6.444      -0.115      -4.637       0.179      -0.059       0.199
 Gaia DR3 424795222183404544   9.8295195  57.3568993 15.254  1.658       4.925   3.6672  26.7359   -48.96      nan      nan    2.658  nan      nan    nan   1.034     nan                                None      -6.316      -2.380      -4.590       0.023      -4.535       0.024
 Gaia DR3 427616225425853184  11.1977244  61.9469958 11.755  0.591       3.170   3.9111  26.7366   -49.27   -23.51     8.49    2.833  nan      nan    nan  16.726     nan                            Gaia_DR3      -6.404      -0.049      -7.901       0.180       1.110       0.190
 Gaia DR3 426873470960815232  12.9312208  60.1535221 17.613  2.540       4.314   4.2236  26.8169   -49.40      nan      nan    2.748  nan      nan    nan   1.002     nan                                None      -5.802      -0.783      -7.703       0.075      -2.404       0.093
 Gaia DR3 430313018211234560   7.7188111  61.8765895 19.297  3.226       2.343   2.6223  26.9838   -48.94      nan      nan    2.600  nan      nan    nan   1.074     nan                                None      -6.634      -0.413      -6.895       0.262       0.844       0.267
 Gaia DR3 431540863464936960   2.1368238  63.2040229  6.102  1.238       3.010   3.6212  27.0535   -48.37    -6.03     0.66    2.868  nan      nan    nan   7.410     nan                            Gaia_DR3      -8.600      -0.462      -8.789       0.140      -2.272       0.149
 Gaia DR3 418753165270492544   9.0637377  56.6873174 17.293  2.295       3.551   3.8961  27.0676   -48.82      nan      nan    2.842  nan      nan    nan   1.034     nan                                None      -6.934      -2.964      -4.811       0.063      -3.099       0.074
 Gaia DR3 431484582213926400   3.0097329  63.7591892 18.792  1.633       3.593   4.0565  27.1089   -48.47      nan      nan    2.693  nan      nan    nan   2.798     nan                                None      -7.892      -0.059      -5.887       0.374       0.313       0.435
 Gaia DR3 421693637319554304   7.9561714  56.4767163 16.795  2.385       2.774   3.7547  27.1875   -48.68      nan      nan    2.659  nan      nan    nan   1.000     nan                                None      -6.733      -2.981      -5.433       0.044      -2.126       0.051
Gaia DR3 2013065190410391424 358.2531443  62.7291328 19.255  2.900       2.607   4.2248  27.2307   -47.90      nan      nan    2.720  nan      nan    nan   1.036     nan                                None      -8.961      -1.184      -9.965       0.241      -2.293       0.260
 Gaia DR3 431651257000365824   2.5137117  63.7083473 19.292  3.187       3.258   4.0549  27.2307   -48.41      nan      nan    2.826  nan      nan    nan   1.013     nan                                None      -8.392      -0.152      -7.701       0.233      -1.965       0.276
 Gaia DR3 429202030430615680   2.4016747  60.4736393 11.049  0.672       3.704   1.2720  27.2623   -48.31   -18.44     1.03    2.566  nan      nan    nan   0.792     nan                            Gaia_DR3      -7.643      -1.629      -9.642       0.012      -1.499       0.014
 Gaia DR3 425253508071802368  11.2681770  58.9706665 19.641  2.409       4.127   3.5255  27.3519   -49.20      nan      nan    2.640  nan      nan    nan   1.256     nan                                None      -5.950      -1.464      -7.210       0.355      -3.384       0.379
Gaia DR3 1998405852857343104 358.3490773  57.9961141 19.012  2.960       4.206   3.6473  27.3945   -47.58      nan      nan    2.871  nan      nan    nan   1.023     nan                                None      -9.436      -3.625      -9.682       0.221      -1.092       0.194
 Gaia DR3 427605848777164032  11.5564645  61.8368773 20.028  2.699       1.751   4.0041  27.5749   -49.30      nan      nan    2.677  nan      nan    nan   1.095     nan                                None      -5.968      -0.066      -5.357       0.411       0.710       0.434
Gaia DR3 1998437051491099264 358.9395972  58.5208801 19.797  2.938       3.306   3.1219  27.6344   -47.71      nan      nan    2.907  nan      nan    nan   1.089     nan                                None      -9.429      -3.321      -8.857       0.307      -5.265       0.336
 Gaia DR3 426003310581956096  13.1135471  59.4338848 20.012  2.106       4.127   4.3562  27.6411   -49.39      nan      nan    2.763  nan      nan    nan   1.048     nan                                None      -5.792      -1.133      -4.470       0.343       0.874       0.419
 Gaia DR3 428200237896827776   4.8291998  58.7852544 11.440  0.777       4.367   0.9933  27.6846   -48.50    -7.26     3.16    2.970  nan      nan    nan   5.041     nan                            Gaia_DR3      -8.275      -2.466      -9.024       0.064      -5.096       0.080
 Gaia DR3 427826747541409408  10.4342349  63.0334256 19.015  3.057       4.518   4.3185  27.7713   -49.19      nan      nan    2.723  nan      nan    nan   2.209     nan                                None      -6.329       0.416      -4.531       0.376      -1.452       0.443
Gaia DR3 1994792960728710272 359.7140451  56.2934869 15.079  1.880       4.393   4.3041  27.8869   -47.58    -8.90     5.00    2.714  nan      nan    nan   2.387     nan                            Gaia_DR3      -8.645      -4.062      -7.505       0.054      -1.822       0.049
 Gaia DR3 428827990317281024   6.6907042  60.5258786 16.277  2.286       3.293   1.3192  27.9399   -48.80      nan      nan    2.562  nan      nan    nan   1.021     nan                                None      -6.754      -1.134      -6.073       0.032      -2.777       0.036
 Gaia DR3 430109020138376192   8.6142945  60.8673640 18.064  2.905       2.173   2.3050  27.9724   -49.01      nan      nan    2.582  nan      nan    nan   1.053     nan                                None      -6.397      -0.791      -6.010       0.106       0.327       0.115
 Gaia DR3 424657538412987008  11.8600067  57.5456211 19.350  2.667       3.314   4.4116  28.0038   -49.18      nan      nan    2.766  nan      nan    nan   0.975     nan                                None      -6.096      -2.193      -4.213       0.210      -1.758       0.249
 Gaia DR3 418544361142246528   9.9822492  56.4118047 17.455  1.521       3.799   4.4217  28.0469   -48.90      nan      nan    2.761  nan      nan    nan   5.224     nan                                None      -6.523      -2.927      -4.440       0.322      -3.669       0.445
 Gaia DR3 430319374762576000   7.7857487  61.9422992 15.249  1.627       3.280   2.6936  28.0953   -48.95      nan      nan    2.593  nan      nan    nan   1.025     nan                                None      -6.602      -0.374      -8.250       0.026      -1.080       0.028
 Gaia DR3 420959404070292352   1.6309278  56.2163902 18.249  2.697       3.510   3.8660  28.1105   -47.84      nan      nan    2.655  nan      nan    nan   2.073     nan                                None      -8.067      -3.779      -6.180       0.214      -3.230       0.225
 Gaia DR3 422079668980196480   5.7550110  57.6968440  9.434  0.251       3.052   2.1657  28.1510   -48.53    -0.66     1.13    2.951  nan      nan    nan   1.032     nan                            Gaia_DR3      -8.002      -2.913      -7.928       0.014      -1.016       0.014
 Gaia DR3 422126192060480128   5.5885478  58.0876980 19.997  2.488       2.788   1.7661  28.2414   -48.54      nan      nan    2.567  nan      nan    nan   1.072     nan                                None      -6.997      -2.372      -5.488       0.424      -2.362       0.492
 Gaia DR3 422135400476437376   5.5826206  58.3221021 15.964  1.972       4.747   1.5433  28.3294   -48.56      nan      nan    2.967  nan      nan    nan   1.008     nan                                None      -8.088      -2.618     -11.020       0.029      -2.149       0.030
 Gaia DR3 430564870792389504   6.8484148  62.6884564 19.764  1.718       4.550   3.1286  28.3504   -48.86      nan      nan    2.916  nan      nan    nan   1.280     nan                                None      -7.648      -0.138      -4.957       0.353       0.622       0.382
 Gaia DR3 427600282504775040  11.3954527  61.7100028 17.260  2.493       2.551   3.8779  28.3653   -49.28      nan      nan    2.867  nan      nan    nan   1.001     nan                                None      -6.431      -0.153      -4.951       0.062       0.279       0.068
 Gaia DR3 421216586713688832   5.9837160  55.5240346 11.679  0.688       0.949   4.3132  28.3927   -48.34     4.80     0.78    2.700  nan      nan    nan   1.138     nan                            Gaia_DR3      -7.273      -3.688      -6.961       0.014      -4.129       0.015
 Gaia DR3 430952001962872576   7.0361585  63.0450443 12.852  1.782       2.842   3.4917  28.4263   -48.88   -75.76     0.81    2.625  nan      nan    nan  30.068     nan                            Gaia_DR3      -6.846       0.064      -6.704       0.371       1.630       0.359
Gaia DR3 1999075833394749952 357.0935961  57.9894710 17.226  2.309       4.560   4.2285  28.4314   -47.39      nan      nan    2.687  nan      nan    nan   1.076     nan                                None      -9.079      -3.563      -7.473       0.062      -1.540       0.062
 Gaia DR3 430806389695882368   9.7959163  62.9175600 18.630  2.932       4.212   4.0376  28.4382   -49.14      nan      nan    2.665  nan      nan    nan   1.000     nan                                None      -6.339       0.289      -4.023       0.147      -0.195       0.166
 Gaia DR3 427887598636042240   8.2157374  58.0785735 16.459  1.292       2.009   2.5449  28.4420   -48.84      nan      nan    2.585  nan      nan    nan   8.309     nan                                None      -6.490      -2.130      -6.872       0.322      -3.156       0.372
 Gaia DR3 429826518664663936   1.9312216  61.5903291 19.853  2.926       2.581   2.2221  28.4879   -48.30      nan      nan    2.576  nan      nan    nan   1.108     nan                                None      -7.767      -1.180      -8.173       0.345       0.162       0.369
 Gaia DR3 430731721678687616   8.0786108  62.4740727 18.887    nan       2.969   3.2052  28.5216   -48.98      nan      nan    2.610  nan      nan    nan   1.085     nan                                None      -6.581      -0.097      -7.545       0.156       1.222       0.213
 Gaia DR3 430945787142080896   6.9703442  63.0099018 17.207  1.450       2.298   3.4482  28.5984   -48.87      nan      nan    2.901  nan      nan    nan   5.975     nan                                None      -7.581       0.045      -8.910       0.417       0.503       0.410
 Gaia DR3 426965447676567168  12.3354673  60.6154754 19.296  2.990       1.080   3.9724  28.6371   -49.35      nan      nan    2.656  nan      nan    nan   1.038     nan                                None      -5.745      -0.585      -5.845       0.248      -1.182       0.259
 Gaia DR3 426934558270922880  12.0213188  60.3431186 18.307  2.804       3.545   3.7846  28.6536   -49.32      nan      nan    2.879  nan      nan    nan   1.007     nan                                None      -6.305      -0.807      -4.278       0.126      -0.085       0.156
 Gaia DR3 425443659157295488   9.1888452  59.4746149 19.803    nan       2.287   2.3766  28.6907   -49.02      nan      nan    2.578  nan      nan    nan   1.107     nan                                None      -6.264      -1.383      -5.254       0.330      -2.108       0.453
Gaia DR3 1999257665122288128 358.6901438  58.8683784 17.033    nan       4.359   3.1082  28.7159   -47.71      nan      nan    2.921  nan      nan    nan   1.043     nan                                None      -9.527      -3.194      -8.807       0.185      -0.608       0.273
 Gaia DR3 427941367324408576   6.7477047  58.3355790 18.249  2.906       3.263   1.8313  28.7324   -48.69      nan      nan    2.565  nan      nan    nan   0.998     nan                                None      -6.750      -2.138      -8.288       0.121      -3.003       0.145
Gaia DR3 2012787877270313728 358.7816599  62.2064474 15.358  1.733       2.034   3.7006  28.7513   -47.94      nan      nan    2.887  nan      nan    nan   1.104     nan                                None      -9.396      -1.446      -8.339       0.024      -2.089       0.026
 Gaia DR3 427919347034973696   6.9463515  58.0333912 18.533  2.253       1.169   2.1371  28.7945   -48.69      nan      nan    2.571  nan      nan    nan   3.018     nan                                None      -6.724      -2.263      -7.236       0.302      -2.636       0.429
 Gaia DR3 421440612207573120   4.8520922  55.5894594 17.864  2.654       2.636   4.1804  28.8011   -48.21      nan      nan    2.845  nan      nan    nan   1.000     nan                                None      -7.922      -3.979      -6.850       0.096      -5.141       0.102
 Gaia DR3 419931360699414400   4.3416530  55.3105775 18.039  2.762       2.528   4.4567  28.8595   -48.11      nan      nan    2.714  nan      nan    nan   1.020     nan                                None      -7.668      -3.986      -9.027       0.094      -3.489       0.095
 Gaia DR3 422104407991496448   5.2961768  58.0301163 15.557  1.461       4.500   1.7813  29.0022   -48.50      nan      nan    2.562  nan      nan    nan  15.804     nan                                None      -7.044      -2.424      -9.225       0.429      -1.353       0.431
 Gaia DR3 430088958362336896   0.4628067  63.2961808 11.813  0.833       2.628   4.0242  29.0244   -48.18    -7.67     1.18    2.865  nan      nan    nan   0.926     nan                            Gaia_DR3      -8.962      -0.644      -9.774       0.011      -2.008       0.014
 Gaia DR3 425188984789693056  12.0303617  58.5200831 19.182  2.787       4.501   4.0440  29.1268   -49.25      nan      nan    2.655  nan      nan    nan   0.961     nan                                None      -5.812      -1.622      -7.475       0.190      -3.514       0.196
Gaia DR3 2011801752772323584 356.3768944  60.6056606 10.919  1.046       3.865   4.1338  29.1828   -47.53   -16.96     3.95    2.662  nan      nan    nan  15.296     nan                            Gaia_DR3      -9.135      -2.410      -7.757       0.191      -4.086       0.205
 Gaia DR3 426149202038357120  13.5535991  60.2271135 17.980  1.642       3.760   4.5351  29.2234   -49.45      nan      nan    2.798  nan      nan    nan   4.425     nan                                None      -5.757      -0.705      -3.575       0.360      -0.312       0.456
 Gaia DR3 425466645830771968  10.4633192  59.4394710 19.416  1.554       3.325   3.0219  29.2361   -49.15      nan      nan    2.595  nan      nan    nan   1.773     nan                                None      -6.027      -1.290      -4.702       0.453      -0.044       0.497
Gaia DR3 2016123619445776640 358.9269587  63.4788919 19.766  1.778       4.950   4.5638  29.2752   -48.00      nan      nan    2.792  nan      nan    nan   1.669     nan                                None      -9.056      -0.750      -6.342       0.523       0.308       0.530
 Gaia DR3 420760186307933568   2.0635125  55.9671458 13.606  1.192       1.230   4.0174  29.2916   -47.88    -6.32     1.40    2.650  nan      nan    nan   1.026     nan                            Gaia_DR3      -7.964      -3.839      -8.581       0.012      -3.536       0.012
 Gaia DR3 427698035961630208   9.7659434  62.4945497 18.293  2.714       3.676   3.7193  29.4147   -49.14      nan      nan    2.628  nan      nan    nan   0.953     nan                                None      -6.257       0.081      -8.293       0.113       0.072       0.136
 Gaia DR3 419944967155711360   4.1772310  55.4619147 11.557  0.720       3.195   4.3083  29.4356   -48.10   -11.17     1.60    2.676  nan      nan    nan   1.038     nan                            Gaia_DR3      -7.597      -3.877      -8.981       0.014      -2.722       0.015
 Gaia DR3 431680982475300864   2.3283577  64.0399359 16.240  2.108       1.868   4.3964  29.4513   -48.39      nan      nan    2.831  nan      nan    nan   1.501     nan                                None      -8.449      -0.009      -8.723       0.054       1.071       0.055
 Gaia DR3 427410990406830720  12.2674818  61.5925466 17.834  2.602       3.858   4.2054  29.4994   -49.36      nan      nan    2.856  nan      nan    nan   1.010     nan                                None      -6.193      -0.129      -6.449       0.093       2.179       0.105
 Gaia DR3 429289471660523392   1.9489630  60.2022301 18.403  1.863       0.981   1.3598  29.5713   -48.24      nan      nan    2.982  nan      nan    nan   4.531     nan                                None      -8.987      -2.099      -9.328       0.481      -2.612       0.493
 Gaia DR3 423223637810600832   1.2062717  59.4453635 17.934  2.900       2.005   1.7088  29.5810   -48.09      nan      nan    2.976  nan      nan    nan   0.950     nan                                None      -9.139      -2.595      -9.565       0.109      -3.778       0.113
 Gaia DR3 430429291557826432   6.3147455  61.8532406 20.052  2.144       3.752   2.2622  29.6647   -48.80      nan      nan    2.568  nan      nan    nan   1.050     nan                                None      -6.848      -0.563      -8.482       0.391       0.642       0.396
 Gaia DR3 421180470325647360   5.7922464  55.1360337 19.700  2.867       1.069   4.6799  29.7424   -48.27      nan      nan    2.773  nan      nan    nan   1.030     nan                                None      -7.513      -3.999      -7.404       0.282      -4.615       0.307
 Gaia DR3 427762632267939072  11.0320367  62.8533506 15.529  1.323       0.941   4.3884  29.7984   -49.25      nan      nan    2.841  nan      nan    nan  16.608     nan                                None      -6.460       0.402      -6.071       0.347      -0.006       0.375
 Gaia DR3 431087417991057024   7.0665546  63.7843763 19.830  2.134       3.339   4.1934  29.9376   -48.88      nan      nan    2.865  nan      nan    nan   1.170     nan                                None      -7.464       0.454      -5.491       0.364       0.873       0.388
 Gaia DR3 431084256895176832   7.0878540  63.6573409 18.416    nan       2.064   4.0756  29.9530   -48.88      nan      nan    2.876  nan      nan    nan   1.151     nan                                None      -7.488       0.393      -6.248       0.361       0.224       0.508
 Gaia DR3 424528483234916224  11.4833029  56.7996930 18.787  1.916       3.221   4.7062  30.0402   -49.09      nan      nan    2.733  nan      nan    nan   1.674     nan                                None      -6.109      -2.569      -5.384       0.266      -0.861       0.371
 Gaia DR3 421692091133551488   7.6977935  56.5500578 10.346  0.731       3.516   3.6250  30.0482   -48.66   -89.22     0.57    2.910  nan      nan    nan   1.105     nan                            Gaia_DR3      -7.429      -3.251      -6.017       0.015      -1.621       0.018
Gaia DR3 2011135723603931520 355.1456024  59.4863048 16.385  2.030       2.116   4.7463  30.1855   -47.26      nan      nan    2.776  nan      nan    nan   2.797     nan                                None      -9.770      -3.235      -8.872       0.486      -2.382       0.227
Gaia DR3 2011728184273371264 356.1942949  60.0880968 19.986  2.559       2.958   4.1836  30.2077   -47.46      nan      nan    2.651  nan      nan    nan   1.030     nan                                None      -9.131      -2.665      -9.703       0.441      -1.114       0.411
 Gaia DR3 421594440755531392   4.5440115  56.7189915 17.555  2.550       3.905   3.0472  30.3198   -48.29      nan      nan    2.942  nan      nan    nan   1.044     nan                                None      -8.266      -3.561      -9.432       0.078      -1.439       0.073
 Gaia DR3 431202694915398272   5.7631728  64.4603704 18.575  1.967       3.634   4.7296  30.3361   -48.74      nan      nan    2.794  nan      nan    nan   1.983     nan                                None      -7.575       0.631      -5.469       0.272       0.249       0.297
 Gaia DR3 419920945395324672   4.1323103  55.3610093 18.917  2.785       4.359   4.4102  30.3469   -48.08      nan      nan    2.671  nan      nan    nan   1.018     nan                                None      -7.591      -3.921      -9.920       0.170      -3.149       0.164
 Gaia DR3 425193790848810752  11.7977366  58.6497094 19.089  2.852       3.150   3.8851  30.4105   -49.24      nan      nan    2.627  nan      nan    nan   1.044     nan                                None      -5.802      -1.563      -7.466       0.201      -2.084       0.205
 Gaia DR3 431841408091404416   3.8833712  64.2359869 19.681    nan       1.961   4.4798  30.4140   -48.56      nan      nan    2.843  nan      nan    nan   1.041     nan                                None      -8.136       0.293      -7.026       0.896      -0.093       0.552
 Gaia DR3 421231533197937792   7.4813834  55.3679340 20.114  2.489       3.214   4.6744  30.4381   -48.51      nan      nan    2.812  nan      nan    nan   1.020     nan                                None      -7.230      -3.759      -7.382       0.421      -1.860       0.412
 Gaia DR3 425252928254509824  11.2903839  58.9189102 18.270  1.603       2.829   3.5510  30.4933   -49.20      nan      nan    2.607  nan      nan    nan   4.329     nan                                None      -5.871      -1.468      -6.275       0.343       0.033       0.437
 Gaia DR3 431738638110577152   0.6187688  64.2117193 19.877    nan       2.071   4.8068  30.5232   -48.21      nan      nan    2.771  nan      nan    nan   1.113     nan                                None      -8.635      -0.151      -7.427       0.518      -0.090       0.499
 Gaia DR3 430860884230707584   9.1973109  63.5977794 17.551  1.817       1.885   4.4241  30.5802   -49.08      nan      nan    2.853  nan      nan    nan   5.875     nan                                None      -6.929       0.596      -5.923       0.326       1.117       0.374
 Gaia DR3 421149001109464704   7.1211990  55.2056843 17.591  1.819       4.927   4.7685  30.5938   -48.45      nan      nan    2.724  nan      nan    nan   3.593     nan                                None      -7.084      -3.756      -6.224       0.220      -1.061       0.249
 Gaia DR3 426116663366381952  13.4434213  59.9813147 18.663  1.465       2.513   4.4785  30.6547   -49.44      nan      nan    2.673  nan      nan    nan   2.340     nan                                None      -5.525      -0.802      -4.111       0.299      -0.736       0.413
 Gaia DR3 431207157378547328   5.5034149  64.5619548 19.398  3.030       3.528   4.8174  30.6657   -48.71      nan      nan    2.780  nan      nan    nan   1.097     nan                                None      -7.595       0.647      -6.485       0.275       2.392       0.269
Gaia DR3 2012893700956533888 357.1395571  62.0824693 18.664  2.950       3.051   4.2674  30.6764   -47.73      nan      nan    2.651  nan      nan    nan   1.069     nan                                None      -8.951      -1.608      -8.755       0.169       0.086       0.168
 Gaia DR3 427735831671247488  10.9453252  62.6389097 19.023  2.852       3.026   4.2180  30.7317   -49.24      nan      nan    2.877  nan      nan    nan   0.938     nan                                None      -6.563       0.286      -7.956       0.170      -0.908       0.179
 Gaia DR3 423239202772839040   1.6444113  59.5442597 19.824  2.845       1.914   1.4715  30.7585   -48.16      nan      nan    2.545  nan      nan    nan   1.025     nan                                None      -7.730      -2.124      -7.056       0.326      -1.349       0.362
 Gaia DR3 424409877719390464  13.3544029  58.2385440 19.006  1.778       2.541   4.7931  30.7888   -49.36      nan      nan    2.797  nan      nan    nan   1.291     nan                                None      -5.803      -1.734      -4.863       0.518      -0.568       0.346
Gaia DR3 2011714612176569600 356.5891002  60.1053703 17.312  2.522       3.671   3.9871  30.9933   -47.52      nan      nan    2.626  nan      nan    nan   1.019     nan                                None      -8.971      -2.579      -9.243       0.066      -4.593       0.067
 Gaia DR3 523832250285686400  11.9656768  62.9725237 19.604  2.961       4.618   4.7901  31.0361   -49.33      nan      nan    2.808  nan      nan    nan   0.987     nan                                None      -6.163       0.549      -8.836       0.267      -0.021       0.285
 Gaia DR3 430847964979455744   9.4333045  63.5180038 19.988  1.748       1.641   4.4146  31.0819   -49.10      nan      nan    2.864  nan      nan    nan   1.188     nan                                None      -6.899       0.583      -6.149       0.405       1.230       0.494
 Gaia DR3 419926275451185408   4.7693590  55.2065623 18.856  1.909       2.367   4.5615  31.1072   -48.15      nan      nan    2.674  nan      nan    nan   2.772     nan                                None      -7.463      -3.930      -6.232       0.431      -3.416       0.446
 Gaia DR3 427282489281046784  13.4408215  60.6200566 20.206  2.386       4.054   4.5102  31.1483   -49.45      nan      nan    2.667  nan      nan    nan   1.062     nan                                None      -5.514      -0.491      -7.792       0.379      -0.574       0.526
Gaia DR3 2011784126226714624 356.3492375  60.3950923  9.267  1.737       2.674   4.1228  31.2077   -47.51   -31.27     0.13    2.633  nan      nan    nan   0.893     nan                            Gaia_DR3      -9.039      -2.484      -7.602       0.011      -2.111       0.011
 Gaia DR3 422293622768345088   2.7547894  56.5927575 18.737  2.701       3.929   3.3074  31.3024   -48.04      nan      nan    2.588  nan      nan    nan   0.985     nan                                None      -7.638      -3.385      -6.809       0.140      -1.408       0.142
 Gaia DR3 420889104040040320   0.6675520  55.8447149 19.857  2.421       4.064   4.4254  31.3361   -47.66      nan      nan    2.655  nan      nan    nan   1.054     nan                                None      -8.265      -4.067      -7.743       0.399      -1.853       0.361
 Gaia DR3 423298885636691840   0.2288408  59.8117665 19.652  2.906       2.648   2.1613  31.3539   -47.99      nan      nan    2.553  nan      nan    nan   1.015     nan                                None      -8.032      -2.178      -9.380       0.275      -1.716       0.309
 Gaia DR3 426729641098698112  12.6171145  59.2615738 19.793  1.832       3.122   4.1341  31.3806   -49.34      nan      nan    2.894  nan      nan    nan   1.286     nan                                None      -6.189      -1.323      -4.334       0.391      -0.889       0.484
 Gaia DR3 421729264067119360   6.9550859  56.5219440 19.287  2.699       1.365   3.4882  31.4755   -48.57      nan      nan    2.594  nan      nan    nan   1.046     nan                                None      -6.782      -2.984      -6.198       0.225      -3.449       0.235
 Gaia DR3 418226597979136768   7.8567011  55.2055110 19.928  2.550       0.749   4.8984  31.6044   -48.54      nan      nan    2.804  nan      nan    nan   1.092     nan                                None      -7.124      -3.792      -6.718       0.348      -3.970       0.390
 Gaia DR3 421062070970800896   0.8359403  56.9848518 14.616  1.401       2.452   3.3864  31.6529   -47.82   -11.92     4.72    2.942  nan      nan    nan   1.027     nan                            Gaia_DR3      -9.120      -3.894      -9.996       0.017      -5.138       0.017
Gaia DR3 2012701874830714752 358.4791948  61.6146127 18.763  2.968       1.396   3.4869  31.6958   -47.88      nan      nan    2.938  nan      nan    nan   1.041     nan                                None      -9.629      -1.823      -9.450       0.192      -0.977       0.204
 Gaia DR3 424419292282691584  12.6805573  58.2411859 19.954  2.392       3.603   4.4652  31.7250   -49.30      nan      nan    2.871  nan      nan    nan   1.079     nan                                None      -6.124      -1.839      -5.196       0.354      -3.812       0.466
 Gaia DR3 418407948677359616   9.9988863  55.7368914 18.986  2.864       4.942   4.9734  31.8110   -48.84      nan      nan    2.792  nan      nan    nan   0.961     nan                                None      -6.593      -3.298      -4.019       0.170      -4.653       0.193
 Gaia DR3 427654536532137088   9.6218733  61.9592365 14.772  1.597       4.420   3.3105  31.8232   -49.13   -46.69     3.77    2.948  nan      nan    nan   1.177     nan                            Gaia_DR3      -7.055      -0.211      -5.990       0.020      -2.743       0.022
Gaia DR3 1999054083671793280 355.9109917  57.6724286 19.103  2.762       3.764   4.9331  31.8339   -47.18      nan      nan    2.715  nan      nan    nan   1.043     nan                                None      -9.407      -3.912      -8.888       0.230      -1.822       0.202
Gaia DR3 1994772310519608320 358.9364161  56.0711928 19.996  2.567       4.093   4.7359  31.8670   -47.44      nan      nan    2.842  nan      nan    nan   1.081     nan                                None      -9.218      -4.466      -7.393       0.499      -2.828       0.495
Gaia DR3 1998146230673300352 358.3035097  57.5121318 17.904  2.601       4.513   3.9422  31.9231   -47.52      nan      nan    2.915  nan      nan    nan   1.005     nan                                None      -9.592      -3.935     -12.365       0.086      -3.885       0.086
 Gaia DR3 421915566871076992   6.4789050  57.7735253 14.464  1.388       4.006   2.2354  32.0426   -48.62   -15.44     3.20    2.550  nan      nan    nan   1.112     nan                            Gaia_DR3      -6.765      -2.409      -8.886       0.018      -2.779       0.022
 Gaia DR3 430448326856172416   5.7397391  61.7496208 20.114  2.539       2.927   2.0703  32.1643   -48.74      nan      nan    2.993  nan      nan    nan   1.046     nan                                None      -8.120      -0.784      -6.710       0.420      -1.977       0.409
 Gaia DR3 422973984250527872   3.4180446  58.9075884 15.292  1.670       3.148   1.0273  32.2282   -48.34      nan      nan    2.530  nan      nan    nan   0.920     nan                                None      -7.334      -2.198      -6.595       0.024      -0.690       0.024
Gaia DR3 1999452858502501888 357.7278692  59.5412733 18.808  3.024       2.627   3.4394  32.2520   -47.63      nan      nan    2.947  nan      nan    nan   0.992     nan                                None      -9.821      -3.014     -10.420       0.172      -1.496       0.178
 Gaia DR3 429969936225081984   1.8466854  62.4368124 16.737  2.040       4.965   2.9669  32.2773   -48.32      nan      nan    2.568  nan      nan    nan   1.049     nan                                None      -7.758      -0.799      -7.112       0.053      -3.408       0.056
Gaia DR3 2015972853214494720 357.1993051  62.6834310 17.602  2.594       2.039   4.5716  32.2931   -47.76      nan      nan    2.654  nan      nan    nan   1.039     nan                                None      -8.948      -1.321     -10.032       0.084      -0.967       0.090
 Gaia DR3 431399331398696192   4.7036577  63.2838986 20.250  0.095       3.117   3.5187  32.3277   -48.64      nan      nan    2.588  nan      nan    nan   1.009     nan                                None      -7.237      -0.080      -6.906       0.494      -1.748       0.517
 Gaia DR3 426456756054031744  14.6830257  60.0050979 17.923  2.758       3.777   5.0976  32.3289   -49.54      nan      nan    2.766  nan      nan    nan   1.022     nan                                None      -5.420      -0.714      -3.225       0.084      -0.545       0.112
 Gaia DR3 419901880043297664   4.7672360  55.0871100 14.282  1.302       3.549   4.6809  32.3614   -48.14    18.39     1.82    2.664  nan      nan    nan   1.283     nan                            Gaia_DR3      -7.436      -3.972      -9.395       0.017      -4.337       0.020
 Gaia DR3 419874456672157952   5.0991337  55.0500567 19.170  3.029       4.645   4.7263  32.3790   -48.17      nan      nan    2.855  nan      nan    nan   1.126     nan                                None      -7.894      -4.238      -5.998       0.215      -6.293       0.255
Gaia DR3 2013051072870788864 358.5261465  62.6980358 15.549  1.500       3.906   4.1112  32.4074   -47.93      nan      nan    2.911  nan      nan    nan  22.117     nan                                None      -9.529      -1.243      -7.805       0.529      -2.908       0.493
Gaia DR3 1998035008201315328 357.2306193  56.9610559 10.857  0.661       4.225   4.7395  32.4479   -47.29   -16.81     2.54    2.855  nan      nan    nan   1.805     nan                            Gaia_DR3      -9.619      -4.278      -7.974       0.023      -6.217       0.023
 Gaia DR3 427498337159889920  12.4331729  61.8812916 18.994  2.252       4.232   4.3937  32.4971   -49.37      nan      nan    2.636  nan      nan    nan   1.726     nan                                None      -5.679       0.034      -3.442       0.278       0.758       0.337
 Gaia DR3 420236681335227136   2.2447111  54.8940200 12.995  1.216       3.720   5.0244  32.5142   -47.76    -2.99     1.15    2.711  nan      nan    nan   2.271     nan                            Gaia_DR3      -8.108      -4.418      -9.284       0.024      -6.189       0.024
 Gaia DR3 431558799248447488   1.4165441  63.4251224 19.661  1.834       4.490   3.9451  32.5328   -48.29      nan      nan    2.923  nan      nan    nan   1.449     nan                                None      -8.930      -0.455      -8.328       0.442       2.245       0.492
Gaia DR3 2012930882493664128 356.1027843  62.2111097 18.257  2.808       3.478   4.7547  32.5644   -47.60      nan      nan    2.668  nan      nan    nan   1.029     nan                                None      -9.208      -1.704     -11.163       0.122      -1.762       0.112
 Gaia DR3 431566289674500608   1.6331635  63.6184900 18.272  1.636       4.131   4.0879  32.5760   -48.32      nan      nan    2.614  nan      nan    nan   4.228     nan                                None      -7.942      -0.290      -6.791       0.448       1.673       0.431
Gaia DR3 1993950180761549056 359.8307328  55.5733534 19.299  3.008       4.846   4.8840  32.6345   -47.50      nan      nan    2.840  nan      nan    nan   1.031     nan                                None      -9.019      -4.592     -11.185       0.248      -2.661       0.241
 Gaia DR3 430897507419094144   7.9933906  63.5953456 20.053  2.419       4.890   4.1664  32.6562   -48.97      nan      nan    2.618  nan      nan    nan   1.120     nan                                None      -6.621       0.424      -7.018       0.385      -2.246       0.454
 Gaia DR3 527033890707688192   8.7413371  64.4555535 19.521  2.176       2.081   5.0848  32.6702   -49.02      nan      nan    2.801  nan      nan    nan   1.745     nan                                None      -6.909       0.970      -6.248       0.398      -0.066       0.503
Gaia DR3 1998266867714558848 356.0053500  57.1935758 14.518  1.421       3.550   5.1377  32.7038   -47.13   -28.47     4.67    2.783  nan      nan    nan   1.046     nan                            Gaia_DR3      -9.622      -4.228      -7.705       0.016      -3.415       0.016
 Gaia DR3 420221112070445696   2.5239212  54.7434093 18.654  2.654       3.972   5.1374  32.7287   -47.78      nan      nan    2.785  nan      nan    nan   1.069     nan                                None      -8.268      -4.579      -5.974       0.166      -4.161       0.151
Gaia DR3 1998267589269036288 356.1050426  57.2524689 11.888  0.869       3.684   5.0602  32.7445   -47.16   -45.20     0.88    2.811  nan      nan    nan   5.839     nan                            Gaia_DR3      -9.699      -4.227      -8.463       0.072      -2.429       0.074
 Gaia DR3 425576115955298816   9.2655298  60.0635361 20.035  2.475       4.094   2.3949  32.8423   -49.05      nan      nan    2.547  nan      nan    nan   1.063     nan                                None      -6.173      -1.088      -6.224       0.454       1.110       0.493
 Gaia DR3 426040964565454976  14.6754731  59.4074327 19.840  2.837       3.743   5.1465  32.9680   -49.52      nan      nan    2.725  nan      nan    nan   1.077     nan                                None      -5.341      -1.001      -5.027       0.356       1.126       0.433
Gaia DR3 2013052997013653760 358.2371525  62.6685849 15.226  1.682       4.602   4.1903  33.0107   -47.89      nan      nan    2.914  nan      nan    nan   1.003     nan                                None      -9.602      -1.302      -8.125       0.024      -3.712       0.024
 Gaia DR3 524041608469763456  10.9410704  63.9929544 19.988  2.458       4.723   5.1921  33.0336   -49.22      nan      nan    2.782  nan      nan    nan   1.042     nan                                None      -6.347       0.959      -5.869       0.375      -1.769       0.474
Gaia DR3 1999019960156905856 354.9902811  58.4634684 15.984  2.131       2.845   5.0593  33.1335   -47.13      nan      nan    2.825  nan      nan    nan   0.984     nan                                None      -9.971      -3.817      -9.215       0.034      -5.332       0.033
 Gaia DR3 428273424134060416   6.3834933  59.1837592 17.450  2.376       4.967   1.1096  33.1458   -48.70      nan      nan    2.525  nan      nan    nan   1.874     nan                                None      -6.719      -1.757      -5.790       0.175      -4.232       0.145
 Gaia DR3 418193720013579264   9.0257003  55.2364147 19.450  2.734       0.913   5.1324  33.1593   -48.68      nan      nan    2.810  nan      nan    nan   1.084     nan                                None      -6.864      -3.666      -6.787       0.299      -3.131       0.272
 Gaia DR3 424405647166621696  13.5517487  58.1620640 19.409  1.684       1.688   4.9185  33.2308   -49.38      nan      nan    2.675  nan      nan    nan   1.394     nan                                None      -5.504      -1.679      -5.871       0.383      -0.801       0.381
Gaia DR3 1999003574858048256 355.1184282  58.3572313 19.824  2.640       3.771   5.0317  33.2738   -47.14      nan      nan    2.834  nan      nan    nan   1.024     nan                                None      -9.978      -3.863      -7.770       0.381      -3.415       0.332
 Gaia DR3 427099970357224448   9.1708342  60.6257711 17.893  2.342       3.003   2.4638  33.2925   -49.06      nan      nan    2.546  nan      nan    nan   1.010     nan                                None      -6.189      -0.838      -5.925       0.083      -2.428       0.092
 Gaia DR3 430827933248366720   9.1200601  63.3239920 15.541  1.571       4.683   4.1754  33.3276   -49.07      nan      nan    2.611  nan      nan    nan  18.829     nan                                None      -6.358       0.409      -4.470       0.494      -1.347       0.508
 Gaia DR3 431188641782456448   6.2071700  64.4430456 17.099  1.987       4.497   4.7423  33.4692   -48.78      nan      nan    2.875  nan      nan    nan   5.868     nan                                None      -7.692       0.694      -5.348       0.328      -0.697       0.364
 Gaia DR3 426667686183037696  14.0801498  61.0994081 19.481  2.783       4.716   4.8953  33.5559   -49.51      nan      nan    2.860  nan      nan    nan   1.227     nan                                None      -5.754      -0.220      -8.551       0.384      -0.729       0.500
 Gaia DR3 428396741232185856   4.9696050  60.1202803 17.965  0.253       0.948   0.4186  33.5595   -48.59      nan      nan    2.518  nan      nan    nan   1.353     nan                                None      -6.987      -1.475      -7.139       0.248      -1.955       0.236
Gaia DR3 2016255943090760576 357.2553960  63.4818526 17.733  2.768       4.241   5.0675  33.6887   -47.80      nan      nan    2.839  nan      nan    nan   1.080     nan                                None      -9.561      -1.007     -10.215       0.090      -3.459       0.104
Gaia DR3 1998334620817995136 358.3504488  57.5772470 18.951  2.822       2.278   3.8828  33.8653   -47.53      nan      nan    2.590  nan      nan    nan   1.042     nan                                None      -8.512      -3.460      -7.554       0.175      -2.668       0.175
 Gaia DR3 429178047332472704   3.5275455  60.7203420  7.471  1.040       3.744   1.0747  33.9066   -48.45   -15.47     3.14    2.520  nan      nan    nan   1.818     nan                            Gaia_DR3      -7.282      -1.363      -7.105       0.032      -3.343       0.031
Gaia DR3 1994775712139167232 358.7232863  56.1388611 14.547  1.421       1.814   4.7538  33.9929   -47.41   -14.12     3.60    2.884  nan      nan    nan   1.026     nan                            Gaia_DR3      -9.398      -4.527      -8.302       0.017      -4.646       0.017
 Gaia DR3 430310303785858176   7.8187186  61.7782110 19.800  2.895       0.995   2.5755  34.0996   -48.95      nan      nan    2.543  nan      nan    nan   1.092     nan                                None      -6.466      -0.439      -6.271       0.371      -0.935       0.355
Gaia DR3 1994685655263248128 358.5920356  55.4184524 19.987  2.509       4.907   5.3817  34.1523   -47.30      nan      nan    2.749  nan      nan    nan   1.079     nan                                None      -8.988      -4.678     -11.810       0.378      -5.026       0.348
 Gaia DR3 527015443828322560   7.7783522  64.2325903 19.662  2.259       1.267   4.7190  34.1744   -48.94      nan      nan    2.638  nan      nan    nan   1.194     nan                                None      -6.719       0.707      -6.227       0.370       0.203       0.398
 Gaia DR3 423093624855120512   1.8997630  58.6593367 14.443  1.336       3.211   1.7403  34.1799   -48.12   -27.92     5.70    2.526  nan      nan    nan   1.242     nan                            Gaia_DR3      -7.622      -2.475      -9.018       0.020      -3.460       0.023
 Gaia DR3 428263558594445056   4.4047105  59.6095948 18.172  2.984       4.760   0.1678  34.2502   -48.50      nan      nan    3.035  nan      nan    nan   1.937     nan                                None      -8.560      -2.128     -10.319       0.185       0.357       0.229
Gaia DR3 1997969411163205120 357.4297656  56.7227888 19.175  2.919       2.736   4.8125  34.2899   -47.29      nan      nan    2.883  nan      nan    nan   1.012     nan                                None      -9.673      -4.412      -8.309       0.190      -3.460       0.182
 Gaia DR3 428189582078252160   5.6309093  59.0586455 19.701  2.801       2.965   0.9044  34.3112   -48.61      nan      nan    2.516  nan      nan    nan   1.068     nan                                None      -6.847      -1.883      -6.112       0.356      -3.273       0.353
 Gaia DR3 523678632200180480  12.8991400  63.2922405 18.569  1.797       3.218   5.3193  34.3884   -49.39      nan      nan    2.813  nan      nan    nan   1.973     nan                                None      -5.949       0.801      -6.698       0.280      -0.954       0.279
 Gaia DR3 427506995814005120  12.4990920  62.0494728 17.044  1.739       1.019   4.4955  34.4116   -49.38      nan      nan    2.619  nan      nan    nan   8.238     nan                                None      -5.627       0.119      -5.162       0.348      -0.198       0.401
Gaia DR3 2016241512006297088 356.5831769  63.2061762 17.850  2.616       1.304   5.1124  34.4137   -47.70      nan      nan    2.675  nan      nan    nan   0.995     nan                                None      -9.138      -1.173      -9.800       0.110      -0.853       0.102
 Gaia DR3 424891120212809728   9.9717934  57.5581091 16.794  1.742       2.296   3.5903  34.5721   -48.99      nan      nan    2.570  nan      nan    nan   2.962     nan                                None      -6.076      -2.196      -5.408       0.114      -3.246       0.124
 Gaia DR3 527266441715328640   7.2740251  65.0725071 15.433  1.704       4.694   5.4556  34.5834   -48.87      nan      nan    2.762  nan      nan    nan  11.305     nan                                None      -7.149       1.102      -9.879       0.286       1.245       0.287
 Gaia DR3 420212663878095232   2.4437933  54.5325328 14.557  0.948       4.482   5.3532  34.6189   -47.74   -30.49     5.12    2.814  nan      nan    nan  21.140     nan                            Gaia_DR3      -8.374      -4.741      -5.869       0.347      -3.847       0.342
 Gaia DR3 522775516533631360  14.7997154  61.7848595 19.409  2.581       3.074   5.4006  34.7555   -49.56      nan      nan    2.808  nan      nan    nan   2.141     nan                                None      -5.474       0.197      -3.734       0.379       0.730       0.458
 Gaia DR3 527251907546363392   7.4566127  64.9546814 13.910  1.391       3.744   5.3624  34.7675   -48.89   -22.09     2.33    2.818  nan      nan    nan   1.068     nan                            Gaia_DR3      -7.251       1.085      -5.920       0.013       2.868       0.015
Gaia DR3 1998193161775382528 356.2958033  56.7786257 18.337  2.835       3.729   5.2524  34.7950   -47.13      nan      nan    2.686  nan      nan    nan   0.982     nan                                None      -9.232      -4.235      -7.387       0.114      -5.262       0.111
Gaia DR3 1999019964460632960 354.9881617  58.4641970 16.177  2.514       3.722   5.0601  34.8721   -47.13      nan      nan    2.868  nan      nan    nan   1.097     nan                                None     -10.125      -3.876      -8.678       0.040      -5.599       0.039
 Gaia DR3 427320937832854912  13.4817071  61.0352369 16.422  2.114       4.348   4.5987  34.9178   -49.46      nan      nan    2.619  nan      nan    nan   1.801     nan                                None      -5.406      -0.281      -5.944       0.055       2.059       0.070
 Gaia DR3 523975358593760000  12.4883850  63.7312722 19.165  2.841       4.577   5.4636  34.9922   -49.35      nan      nan    2.724  nan      nan    nan   1.040     nan                                None      -5.856       0.956      -4.659       0.211      -1.384       0.212
 Gaia DR3 522798026466153088  14.8322528  62.0670033 19.740  2.117       4.431   5.5057  34.9994   -49.56      nan      nan    2.742  nan      nan    nan   1.256     nan                                None      -5.337       0.336      -2.796       0.351       0.655       0.430
Gaia DR3 1998747182495189248 355.5538558  57.9542560 18.012  3.041       4.058   4.9751  35.2365   -47.16      nan      nan    2.645  nan      nan    nan   1.062     nan                                None      -9.232      -3.730     -10.687       0.111      -5.463       0.104
Gaia DR3 1994864841299062784 357.8176502  55.9387020  9.143  1.207       4.162   5.2280  35.2545   -47.25    -6.03     2.33    2.855  nan      nan    nan   6.273     nan                            Gaia_DR3      -9.498      -4.705     -11.883       0.074      -3.939       0.085
 Gaia DR3 527080276354189440   9.6908679  64.4928197 20.110  2.650       2.690   5.3041  35.2578   -49.10      nan      nan    2.844  nan      nan    nan   0.987     nan                                None      -6.790       1.107      -7.872       0.383      -0.089       0.451
 Gaia DR3 427577192762642688  11.2411414  61.6633499 18.465  2.433       4.877   3.7915  35.2585   -49.27      nan      nan    2.572  nan      nan    nan   3.890     nan                                None      -5.804      -0.173      -3.320       0.408       0.735       0.512
 Gaia DR3 426463073941568256  14.8609718  60.2225582 19.408  2.492       1.849   5.1841  35.4029   -49.56      nan      nan    2.864  nan      nan    nan   1.478     nan                                None      -5.569      -0.611      -6.685       0.322      -0.581       0.399
 Gaia DR3 427184834609430656  11.3985831  61.1590635 18.653  2.923       1.658   3.6620  35.4672   -49.28      nan      nan    2.565  nan      nan    nan   1.017     nan                                None      -5.754      -0.393      -6.651       0.126      -0.402       0.144
Gaia DR3 2016072633884682112 357.9567902  62.9946879 19.504    nan       2.296   4.5034  35.5187   -47.87      nan      nan    2.606  nan      nan    nan   0.958     nan                                None      -8.641      -1.052      -9.584       0.349      -1.891       0.303
 Gaia DR3 418210899881445248   8.5595623  54.9998333 12.264  0.810       4.968   5.2370  35.5339   -48.60    -5.86     1.00    2.861  nan      nan    nan   0.906     nan                            Gaia_DR3      -7.100      -3.901     -10.006       0.009      -4.628       0.011
Gaia DR3 2016256527211856384 357.4435072  63.5358997 17.862  2.828       3.283   5.0455  35.5440   -47.82      nan      nan    2.647  nan      nan    nan   1.026     nan                                None      -8.876      -0.887      -8.169       0.087      -2.577       0.089
 Gaia DR3 432040350972498176   3.9384275  65.2916076 19.571  1.280       2.425   5.5319  35.7143   -48.55      nan      nan    2.711  nan      nan    nan   1.010     nan                                None      -7.748       0.798      -7.514       0.392       2.164       0.449
 Gaia DR3 523583902400179968  14.1119739  62.5071751 17.775  2.451       2.781   5.3714  35.7178   -49.50      nan      nan    2.681  nan      nan    nan   3.148     nan                                None      -5.388       0.485      -6.665       0.239       1.401       0.283
 Gaia DR3 523662375740866560  13.1989317  63.0301596 18.107  1.615       4.320   5.2747  35.7405   -49.42      nan      nan    2.860  nan      nan    nan   3.147     nan                                None      -5.974       0.706      -5.689       0.318       3.296       0.376
Gaia DR3 2011021992868520320 353.8301007  58.6035692 14.113  1.436       2.424   5.5935  35.7424   -46.96     5.61     3.33    2.728  nan      nan    nan   0.956     nan                            Gaia_DR3      -9.853      -3.789      -8.518       0.016      -4.191       0.015
 Gaia DR3 418252062848782848   8.4626501  55.5098220 16.068  1.848       3.891   4.7479  35.7977   -48.64      nan      nan    2.619  nan      nan    nan   0.991     nan                                None      -6.521      -3.341      -8.621       0.033      -2.892       0.037
 Gaia DR3 426637758862951040  15.5450729  61.2814536 19.537  1.814       4.665   5.6231  35.8654   -49.62      nan      nan    2.732  nan      nan    nan   1.508     nan                                None      -5.148       0.000      -3.083       0.380       1.720       0.464
Gaia DR3 1994704651895465344 358.5411032  55.6783296 18.723  2.951       3.336   5.1841  35.9972   -47.32      nan      nan    2.653  nan      nan    nan   1.001     nan                                None      -8.682      -4.400      -9.747       0.158      -2.868       0.139
 Gaia DR3 432098139756034816   1.4901855  64.8966038 19.563  3.032       3.392   5.3188  36.0619   -48.30      nan      nan    2.667  nan      nan    nan   1.017     nan                                None      -8.132       0.292      -8.671       0.316       2.121       0.322
 Gaia DR3 426251937652191488  15.7826991  59.8231691 18.950  2.997       3.799   5.6577  36.0970   -49.62      nan      nan    2.794  nan      nan    nan   1.117     nan                                None      -5.207      -0.726      -3.017       0.194      -1.188       0.194
 Gaia DR3 419861743567633280   5.4579201  54.9466348 19.342  2.922       3.797   4.8457  36.1243   -48.21      nan      nan    2.622  nan      nan    nan   1.016     nan                                None      -7.173      -3.903      -8.815       0.225      -5.210       0.226
 Gaia DR3 426542754177926144  14.6180890  60.5823077 19.399  3.036       4.129   5.0811  36.2360   -49.55      nan      nan    2.639  nan      nan    nan   1.036     nan                                None      -5.187      -0.409      -5.434       0.217       1.875       0.274
 Gaia DR3 431295534932898176   3.1648555  62.4730376 15.382  1.167       0.869   2.7851  36.2381   -48.47      nan      nan    2.532  nan      nan    nan  10.327     nan                                None      -7.390      -0.618      -7.474       0.232      -1.074       0.214
 Gaia DR3 430616547834139648   5.2228654  62.9201391 19.886  2.631       2.641   3.1717  36.2454   -48.70      nan      nan    2.542  nan      nan    nan   0.997     nan                                None      -7.004      -0.187      -8.259       0.338      -0.844       0.385
 Gaia DR3 422869801224282112   2.1051395  58.2250638 18.197  1.540       4.598   1.9815  36.2483   -48.11      nan      nan    3.035  nan      nan    nan   4.560     nan                                None      -9.109      -3.179      -9.906       0.427      -0.347       0.419
 Gaia DR3 418252573942434176   8.4730672  55.5538787 14.716  1.357       3.871   4.7104  36.2493   -48.65   -21.77     5.15    2.611  nan      nan    nan   2.042     nan                            Gaia_DR3      -6.498      -3.309      -8.592       0.027      -2.914       0.034
 Gaia DR3 419584086824688128   7.3613855  54.2547760 14.890  1.607       3.003   5.7225  36.2735   -48.36    -2.74     4.23    2.767  nan      nan    nan   3.472     nan                            Gaia_DR3      -7.142      -4.260      -5.832       0.060      -5.425       0.077
 Gaia DR3 427796682770932480   9.9313497  62.7968192 19.113  1.781       3.776   3.9893  36.2773   -49.15      nan      nan    2.572  nan      nan    nan   1.792     nan                                None      -6.087       0.235      -5.897       0.299       2.273       0.367
Gaia DR3 2016001401855697152 355.6545759  62.5862297 17.569  2.593       2.890   5.1156  36.2991   -47.55      nan      nan    2.890  nan      nan    nan   0.980     nan                                None     -10.067      -1.726     -10.223       0.077      -3.480       0.077
 Gaia DR3 420437166108551552   1.2526233  55.0175552 19.542  2.940       2.027   5.0638  36.3303   -47.64      nan      nan    2.636  nan      nan    nan   1.017     nan                                None      -8.087      -4.352      -7.513       0.309      -5.321       0.295
 Gaia DR3 527331965729428096   5.5161526  65.3582019 19.264    nan       4.313   5.6105  36.3315   -48.70      nan      nan    2.820  nan      nan    nan   1.018     nan                                None      -7.703       1.061      -9.978       0.283      -0.122       0.256
 Gaia DR3 427880275711661056   8.2060130  57.9828958 20.017  2.258       3.891   2.6075  36.4329   -48.83      nan      nan    2.526  nan      nan    nan   1.049     nan                                None      -6.344      -2.125      -7.938       0.392      -0.800       0.431
Gaia DR3 2012743621926460032 359.3853737  61.9912956  7.658  0.247       1.494   3.3456  36.4888   -48.01    -4.18     2.01    2.999  nan      nan    nan   1.450     nan                            Gaia_DR3      -9.626      -1.526      -9.091       0.030      -2.304       0.031
 Gaia DR3 426701534831953920  14.5306942  61.5608461 13.401  1.120       4.278   5.2144  36.7070   -49.54    -8.51     2.20    2.644  nan      nan    nan   1.008     nan                            Gaia_DR3      -5.217       0.056      -7.033       0.011      -1.489       0.013
 Gaia DR3 428443431825283200   8.5664518  59.4674005 18.752  2.822       2.356   2.0660  36.7305   -48.96      nan      nan    3.038  nan      nan    nan   1.047     nan                                None      -7.537      -1.703      -8.369       0.172      -2.962       0.235
 Gaia DR3 522791085796892288  14.6164517  62.0037255 19.153  2.133       0.588   5.3889  36.7841   -49.55      nan      nan    2.661  nan      nan    nan   1.641     nan                                None      -5.230       0.278      -4.975       0.360       0.486       0.398
 Gaia DR3 432159643684079104   0.2119902  65.0748334 19.786  2.240       3.859   5.6685  36.9609   -48.16      nan      nan    2.698  nan      nan    nan   1.233     nan                                None      -8.491       0.211      -6.335       0.367       0.621       0.418
Gaia DR3 2017119953076692992 357.3907105  64.5607455 18.586  1.813       3.930   5.8305  36.9648   -47.84      nan      nan    2.756  nan      nan    nan   2.698     nan                                None      -9.253      -0.434      -7.227       0.326       0.617       0.310
 Gaia DR3 427828942262933760  10.1452058  63.0269365 19.308  2.740       2.120   4.2247  36.9956   -49.17      nan      nan    2.576  nan      nan    nan   1.075     nan                                None      -6.050       0.363      -5.094       0.253      -0.278       0.279
 Gaia DR3 421332447750904448   6.0251189  56.1948619 19.717  2.236       3.427   3.6587  37.0178   -48.42      nan      nan    2.552  nan      nan    nan   1.240     nan                                None      -6.865      -3.176      -7.239       0.348      -4.982       0.423
 Gaia DR3 524022122200045056  11.9114940  64.2161843 19.068  3.018       2.652   5.6351  37.0201   -49.29      nan      nan    2.690  nan      nan    nan   0.977     nan                                None      -5.916       1.128      -4.413       0.191       1.189       0.213
 Gaia DR3 429655475894883712   2.6939213  61.4841627 17.794  2.114       2.606   1.9382  37.0809   -48.39      nan      nan    2.509  nan      nan    nan   4.250     nan                                None      -7.417      -1.109      -7.272       0.263      -2.480       0.294
 Gaia DR3 423835726491043200  12.5553448  56.4080778 15.597  1.345       4.006   5.4070  37.1051   -49.17      nan      nan    2.874  nan      nan    nan  14.598     nan                                None      -6.162      -2.808      -4.832       0.319      -0.778       0.420
 Gaia DR3 419584086818376960   7.3623165  54.2555466 18.532  2.628       2.839   5.7219  37.1105   -48.36      nan      nan    2.824  nan      nan    nan   1.004     nan                                None      -7.289      -4.348      -7.142       0.134      -6.032       0.183
 Gaia DR3 422012942369678336   5.1052129  57.3730614 18.507  2.690       2.332   2.4122  37.1225   -48.42      nan      nan    2.517  nan      nan    nan   1.010     nan                                None      -6.959      -2.696      -7.669       0.125      -1.683       0.135
 Gaia DR3 523719034946412800  13.8308239  63.3951848 18.251  1.727       2.782   5.7168  37.1366   -49.46      nan      nan    2.826  nan      nan    nan   4.432     nan                                None      -5.749       0.943      -5.854       0.331       2.598       0.347
 Gaia DR3 431545742551081984   2.4438150  63.3285988 20.247  1.977       4.618   3.6972  37.1543   -48.40      nan      nan    2.992  nan      nan    nan   1.110     nan                                None      -8.903      -0.373      -7.158       0.529       1.959       0.602
 Gaia DR3 421437863420587008   5.0518350  56.1639564 20.143  2.371       2.709   3.6131  37.1665   -48.30      nan      nan    2.996  nan      nan    nan   1.010     nan                                None      -8.295      -3.861      -6.589       0.378      -3.729       0.458
Gaia DR3 2012246917541082368 355.3895027  60.9777275 14.022  1.360       4.092   4.6711  37.2514   -47.42   -18.46     2.61    2.597  nan      nan    nan   1.035     nan                            Gaia_DR3      -9.093      -2.317      -8.062       0.015      -4.306       0.015
 Gaia DR3 426694727298770560  14.8417839  61.5593416 17.077  1.776       1.950   5.3569  37.2568   -49.57      nan      nan    2.649  nan      nan    nan   6.080     nan                                None      -5.155       0.080      -4.625       0.251      -0.872       0.288
 Gaia DR3 420989636342452864   1.5242894  56.5920375 18.447  2.646       1.053   3.5455  37.2825   -47.87      nan      nan    3.000  nan      nan    nan   1.038     nan                                None      -9.140      -4.086      -8.497       0.134      -4.257       0.129
 Gaia DR3 527432910346776704   5.7867836  65.6273470 19.216  3.176       4.673   5.8894  37.3269   -48.71      nan      nan    2.760  nan      nan    nan   0.967     nan                                None      -7.478       1.204      -8.223       0.236      -1.411       0.266
 Gaia DR3 426687309895751296  14.5595030  61.4358461 20.013  2.315       1.748   5.1953  37.3331   -49.55      nan      nan    2.633  nan      nan    nan   1.008     nan                                None      -5.188      -0.002      -4.220       0.386      -0.076       0.559
 Gaia DR3 426234276746998912  16.1816236  59.6235712 14.607  1.480       2.348   5.8767  37.3528   -49.65   -20.75     4.75    2.742  nan      nan    nan   0.990     nan                            Gaia_DR3      -5.013      -0.782      -6.267       0.014      -1.299       0.018
 Gaia DR3 528128493184884224   4.0345796  65.6261933 20.045  2.355       2.263   5.8642  37.4042   -48.55      nan      nan    2.796  nan      nan    nan   0.998     nan                                None      -7.969       1.002      -9.289       0.376       1.201       0.396
 Gaia DR3 426396175531750528  15.9356552  60.5901758 19.514  1.540       2.042   5.7271  37.4282   -49.65      nan      nan    2.834  nan      nan    nan   1.426     nan                                None      -5.243      -0.326      -4.531       0.317       0.665       0.350
 Gaia DR3 426701328673524608  14.5372075  61.5598550 10.895  0.555       3.368   5.2171  37.4457   -49.54    -8.37     1.17    2.633  nan      nan    nan   0.933     nan                            Gaia_DR3      -5.193       0.055      -6.263       0.012      -1.478       0.014
 Gaia DR3 428029568775854336   8.5430495  58.9063523 19.611  2.355       2.197   2.2223  37.4560   -48.93      nan      nan    2.511  nan      nan    nan   1.110     nan                                None      -6.237      -1.664      -6.964       0.343      -0.756       0.328
Gaia DR3 2015896093556216064 354.3284123  62.9737742 17.035  2.325       4.493   5.8341  37.4795   -47.40      nan      nan    2.717  nan      nan    nan   5.649     nan                                None      -9.720      -1.636      -9.095       0.232      -4.133       0.243
 Gaia DR3 420538256756640384   3.3216555  54.7326943 14.932  1.560       1.461   5.0751  37.5159   -47.89   -13.40     3.81    2.620  nan      nan    nan   3.761     nan                            Gaia_DR3      -7.616      -4.226      -7.090       0.067      -4.838       0.066
 Gaia DR3 425016391515893760   8.7448418  58.5786617 19.395  2.924       3.992   2.4669  37.5240   -48.93      nan      nan    3.037  nan      nan    nan   1.002     nan                                None      -7.490      -2.169      -5.992       0.238      -0.098       0.258
Gaia DR3 1998143580669948928 357.9745807  57.3645273 20.102  2.641       3.924   4.1725  37.5382   -47.45      nan      nan    2.568  nan      nan    nan   1.007     nan                                None      -8.512      -3.574      -7.069       0.442      -2.015       0.414
 Gaia DR3 418690802346488832   8.0159741  56.4331490 15.852  1.834       1.792   3.8086  37.6260   -48.68      nan      nan    2.552  nan      nan    nan   1.017     nan                                None      -6.450      -2.875      -7.412       0.025      -2.939       0.032
 Gaia DR3 425837657985456000  15.9257611  59.0076464 18.666  2.805       4.619   5.8481  37.6432   -49.61      nan      nan    2.815  nan      nan    nan   1.003     nan                                None      -5.209      -1.139      -2.469       0.143      -1.152       0.169
 Gaia DR3 424184134236225792  13.8714260  56.7384909 17.191  1.242       1.593   5.7680  37.7313   -49.32      nan      nan    2.694  nan      nan    nan   6.012     nan                                None      -5.469      -2.362      -6.303       0.329      -2.013       0.388
 Gaia DR3 427436317831038208  13.5528656  61.6408004 17.837  2.712       2.828   4.7942  37.7504   -49.47      nan      nan    2.940  nan      nan    nan   2.376     nan                                None      -6.051       0.016      -6.871       0.159       1.565       0.206
 Gaia DR3 418766771728052352   8.9300835  56.3957305 17.415  2.643       1.921   4.0953  37.8137   -48.78      nan      nan    2.982  nan      nan    nan   1.074     nan                                None      -7.309      -3.281      -8.074       0.067      -2.346       0.078
 Gaia DR3 527231081244974720   6.9639486  64.7174912 18.908  2.963       3.713   5.0791  37.8189   -48.85      nan      nan    2.617  nan      nan    nan   1.003     nan                                None      -6.839       0.843      -8.556       0.177       1.960       0.184
 Gaia DR3 526960330807697536  10.0501865  64.0416737 18.798  2.758       3.901   5.0013  37.8307   -49.14      nan      nan    2.926  nan      nan    nan   1.358     nan                                None      -6.898       0.940      -5.035       0.240      -0.584       0.276
 Gaia DR3 430993787706836480   6.7972740  63.4332048 17.459  1.554       3.385   3.8225  37.8850   -48.86      nan      nan    2.551  nan      nan    nan   5.395     nan                                None      -6.701       0.215      -6.095       0.388       1.931       0.395
Gaia DR3 2011271234109041152 353.1341503  59.3696987 18.317  3.323       3.262   5.7756  37.8950   -46.94      nan      nan    2.840  nan      nan    nan   0.995     nan                                None     -10.393      -3.676      -9.327       0.133      -5.311       0.112
 Gaia DR3 523947355408652160  10.8334491  63.9330727 17.461  1.993       4.958   5.1159  37.8955   -49.21      nan      nan    2.619  nan      nan    nan   2.957     nan                                None      -5.999       0.864      -3.465       0.189      -0.170       0.221
 Gaia DR3 420135418885830400   2.9308647  54.2748611 18.858  2.755       0.731   5.5590  37.8974   -47.78      nan      nan    2.873  nan      nan    nan   1.019     nan                                None      -8.438      -4.911      -8.464       0.150      -5.353       0.151
 Gaia DR3 426282036783982464  15.6111779  60.0465010 18.928  3.002       1.971   5.5598  37.9941   -49.62      nan      nan    2.875  nan      nan    nan   1.033     nan                                None      -5.400      -0.643      -5.139       0.163       0.523       0.179
 Gaia DR3 418696604842265984   9.7160684  56.0326747 19.041  2.951       2.064   4.6395  38.0414   -48.84      nan      nan    2.586  nan      nan    nan   1.021     nan                                None      -6.169      -2.943      -6.260       0.183      -1.821       0.228
 Gaia DR3 418141385825475328   9.2565874  54.6390339 17.991  2.494       4.204   5.7289  38.0643   -48.64      nan      nan    2.678  nan      nan    nan   1.584     nan                                None      -6.492      -3.760      -6.080       0.120      -6.098       0.140
 Gaia DR3 427772493505959552  10.7063956  62.4085358 20.033  2.260       3.210   3.9866  38.1360   -49.22      nan      nan    2.991  nan      nan    nan   1.059     nan                                None      -6.885       0.147      -6.897       0.414       2.171       0.493
 Gaia DR3 524409219013395712  12.1345661  64.5979310 18.162  2.803       4.441   5.9881  38.2130   -49.29      nan      nan    2.799  nan      nan    nan   0.982     nan                                None      -6.102       1.389      -3.865       0.113       2.754       0.130
 Gaia DR3 425553885207859456   8.9612380  59.9249800 16.838  2.261       3.023   2.2342  38.2406   -49.02      nan      nan    3.049  nan      nan    nan   1.014     nan                                None      -7.466      -1.413      -7.168       0.045       0.507       0.049
 Gaia DR3 527385498206793344   7.6487278  65.5502523 15.083  1.875       4.623   5.9576  38.2594   -48.88   -23.44     5.56    2.812  nan      nan    nan   2.282     nan                            Gaia_DR3      -7.192       1.407      -5.252       0.045      -0.530       0.047
 Gaia DR3 428337260231647744   5.3482869  59.4677131 19.497  2.854       3.002   0.5128  38.2962   -48.60      nan      nan    2.488  nan      nan    nan   1.064     nan                                None      -6.830      -1.709      -7.560       0.256      -0.314       0.279
 Gaia DR3 420633295791160576   2.6902395  55.3422524 14.176  1.443       3.569   4.5316  38.3178   -47.89      nan      nan    2.965  nan      nan    nan   1.198     nan                                None      -8.765      -4.541     -10.354       0.021      -6.106       0.025
Gaia DR3 1999032918082156800 355.3896710  58.7865594 18.414  1.793       4.230   4.7643  38.3361   -47.22      nan      nan    2.590  nan      nan    nan   4.789     nan                                None      -9.070      -3.301      -7.153       0.540      -2.012       0.444
 Gaia DR3 418288273709363584  11.0810687  54.8554953 18.567  2.256       4.652   6.0484  38.3517   -48.87      nan      nan    2.754  nan      nan    nan   1.934     nan                                None      -6.252      -3.591      -7.115       0.207      -1.031       0.269
 Gaia DR3 420349931032622208   0.9272054  54.4580247 14.899  1.465       4.191   5.6540  38.3757   -47.51    -5.58     4.86    2.662  nan      nan    nan   1.019     nan                            Gaia_DR3      -8.231      -4.693      -7.278       0.018      -6.842       0.019
Gaia DR3 2010993130690998656 353.5295598  58.7731040 19.497  3.204       2.803   5.6983  38.3842   -46.94      nan      nan    2.866  nan      nan    nan   1.032     nan                                None     -10.409      -3.942      -8.920       0.280      -4.749       0.246
 Gaia DR3 420179090111153280   2.5589513  54.2412389 12.765  0.924       4.406   5.6270  38.4093   -47.72   -11.53     1.11    2.876  nan      nan    nan   0.962     nan                            Gaia_DR3      -8.530      -4.978     -10.348       0.010      -6.934       0.010
Gaia DR3 2017173863507265152 356.3599809  64.4977336 18.446  2.710       4.482   6.0691  38.4744   -47.71      nan      nan    2.756  nan      nan    nan   0.962     nan                                None      -9.460      -0.616      -7.602       0.137       1.208       0.140
 Gaia DR3 422802563510643328   3.5985860  57.8744950 19.420  3.079       3.787   1.9514  38.4775   -48.28      nan      nan    3.057  nan      nan    nan   1.018     nan                                None      -8.818      -3.193      -7.960       0.247      -5.478       0.230
 Gaia DR3 426581134004824064  15.3393364  60.6247492 18.674  2.705       1.783   5.4374  38.4878   -49.60      nan      nan    2.899  nan      nan    nan   0.999     nan                                None      -5.514      -0.365      -5.146       0.142      -1.390       0.196
Gaia DR3 2011590577819873152 358.8701128  60.2821205 15.117  1.600       2.910   2.8706  38.5395   -47.85   -63.45     7.89    3.036  nan      nan    nan   1.030     nan                            Gaia_DR3      -9.863      -2.538     -10.366       0.023      -4.332       0.022
 Gaia DR3 420393116921741696   1.6591955  54.6264688 19.346  2.850       2.355   5.3677  38.5949   -47.64      nan      nan    2.907  nan      nan    nan   1.039     nan                                None      -8.828      -4.947     -10.159       0.224      -5.505       0.249
 Gaia DR3 430688909444764800   8.5095326  62.5050805 20.311  2.029       2.752   3.3458  38.6576   -49.02      nan      nan    2.529  nan      nan    nan   1.058     nan                                None      -6.287      -0.037      -5.030       0.475       0.720       0.679
 Gaia DR3 420739428724642048   2.5835011  55.6333282 19.914  2.905       4.883   4.2605  38.6635   -47.91      nan      nan    2.562  nan      nan    nan   1.073     nan                                None      -7.593      -3.803      -5.738       0.396      -1.929       0.462
 Gaia DR3 524208042745834112  13.1227113  64.3667238 18.559  2.070       3.089   6.1045  38.6954   -49.38      nan      nan    2.773  nan      nan    nan   2.338     nan                                None      -5.809       1.352      -4.914       0.340       2.920       0.409
 Gaia DR3 421078834220256512   0.3870889  57.1556766 18.979  2.903       2.211   3.3895  38.7041   -47.78      nan      nan    3.022  nan      nan    nan   1.023     nan                                None      -9.470      -3.971     -10.437       0.204      -2.947       0.207
 Gaia DR3 427246269820137600  10.3896831  61.3384971 18.031  2.468       3.313   3.2829  38.7738   -49.19      nan      nan    2.526  nan      nan    nan   2.489     nan                                None      -5.882      -0.394      -7.091       0.250      -1.679       0.272
Gaia DR3 2012994065756470528 357.9751183  62.4374252 19.855  2.718       3.991   4.1380  38.8209   -47.85      nan      nan    2.555  nan      nan    nan   1.052     nan                                None      -8.469      -1.280      -6.542       0.357      -2.233       0.330
 Gaia DR3 524076208733909120  11.2883086  64.3664002 11.758  0.923       4.575   5.5795  38.8265   -49.23   -23.12     0.70    2.645  nan      nan    nan   1.119     nan                            Gaia_DR3      -5.958       1.124      -6.189       0.013      -1.417       0.015
Gaia DR3 2011590577819873024 358.8716495  60.2827986 15.366  1.690       3.365   2.8700  38.8294   -47.85      nan      nan    3.040  nan      nan    nan   1.036     nan                                None      -9.873      -2.540     -10.681       0.027      -4.539       0.025
 Gaia DR3 420436341475150720   1.4078703  55.0043713 18.909  2.828       4.703   5.0480  38.9078   -47.66      nan      nan    2.939  nan      nan    nan   0.942     nan                                None      -8.982      -4.839     -10.523       0.199      -7.312       0.197
 Gaia DR3 423331669130549632   0.3150551  60.2253988 16.564  2.139       1.699   2.1538  38.9206   -48.03      nan      nan    3.058  nan      nan    nan   0.996     nan                                None      -9.599      -2.372     -10.292       0.049      -3.221       0.051
 Gaia DR3 431337690022762752   3.4258657  63.0741058 19.657  2.884       2.258   3.3492  38.9489   -48.51      nan      nan    2.527  nan      nan    nan   1.046     nan                                None      -7.323      -0.316      -7.108       0.371      -1.499       0.395
 Gaia DR3 424017038528017152  14.9128008  56.9119053 19.923  2.330       2.701   6.1456  38.9516   -49.42      nan      nan    2.758  nan      nan    nan   0.993     nan                                None      -5.350      -2.248      -3.801       0.338      -2.511       0.381
 Gaia DR3 425856800658364928  15.6902326  59.2591615 20.216  2.488       3.443   5.6810  39.0231   -49.60      nan      nan    2.883  nan      nan    nan   1.024     nan                                None      -5.394      -1.053      -7.085       0.425      -2.285       0.526
 Gaia DR3 419342847101376000   4.3300082  53.6020458 13.671  1.134       2.230   6.1651  39.0649   -47.88   -42.61     1.80    2.763  nan      nan    nan   0.957     nan                            Gaia_DR3      -7.810      -4.894      -6.769       0.011      -5.671       0.012
 Gaia DR3 527353165693282816   7.9459010  65.2525232 18.176  2.204       3.562   5.7071  39.1946   -48.92      nan      nan    2.883  nan      nan    nan   2.822     nan                                None      -7.302       1.322      -7.392       0.286       3.485       0.320
 Gaia DR3 429539851072224640   4.4946684  60.6804974 18.291  1.910       2.289   0.9144  39.2336   -48.56      nan      nan    2.484  nan      nan    nan   4.664     nan                                None      -6.990      -1.257      -7.064       0.405      -0.061       0.424
Gaia DR3 2017110263630167552 356.5101056  64.2771457 18.782  2.576       1.042   5.8635  39.2446   -47.72      nan      nan    2.863  nan      nan    nan   1.049     nan                                None      -9.798      -0.728      -9.549       0.165      -1.306       0.170
 Gaia DR3 430151252553970176   8.2641227  61.1427347 20.298  2.456       4.215   2.3008  39.2470   -48.98      nan      nan    2.501  nan      nan    nan   1.005     nan                                None      -6.268      -0.675      -4.233       0.437       0.216       0.512
 Gaia DR3 419314122359374336   4.8340224  53.6639744 19.145  2.033       3.891   6.1046  39.2537   -47.95      nan      nan    2.715  nan      nan    nan   1.921     nan                                None      -7.564      -4.724      -5.340       0.408      -4.837       0.467
 Gaia DR3 423581533147977216  13.8899293  56.0556122 17.783  2.755       4.632   6.1976  39.2796   -49.27      nan      nan    2.758  nan      nan    nan   1.007     nan                                None      -5.596      -2.759      -7.375       0.072      -0.737       0.093
 Gaia DR3 522807849047014912  15.3793181  62.1654547 19.643  2.088       4.255   5.7798  39.3164   -49.60      nan      nan    2.658  nan      nan    nan   1.432     nan                                None      -5.047       0.417      -3.397       0.350       2.138       0.404
 Gaia DR3 524417534067723520  12.3437938  64.8011748 19.924  2.918       3.617   6.2017  39.3455   -49.30      nan      nan    2.750  nan      nan    nan   1.070     nan                                None      -5.946       1.486      -5.617       0.355      -0.585       0.385
 Gaia DR3 421361550440564608   6.3962954  56.3958235 19.150  2.632       0.885   3.5124  39.3625   -48.49      nan      nan    2.528  nan      nan    nan   1.416     nan                                None      -6.725      -3.020      -7.128       0.267      -3.266       0.274
 Gaia DR3 420091197900725760   2.0487620  54.0706193 18.750  2.704       3.669   5.8526  39.3633   -47.62      nan      nan    2.666  nan      nan    nan   2.389     nan                                None      -8.015      -4.753      -9.991       0.327      -4.161       0.358
 Gaia DR3 522752499802894592  15.9017492  61.8477463 16.237    nan       1.222   5.9176  39.3637   -49.65      nan      nan    2.858  nan      nan    nan   1.265     nan                                None      -5.296       0.325      -6.020       0.159       0.463       0.086
Gaia DR3 2017253264559354112 359.4781475  65.0442341 19.601  2.868       2.627   5.7681  39.4020   -48.08      nan      nan    2.880  nan      nan    nan   1.022     nan                                None      -9.224       0.104      -7.881       0.295      -0.756       0.273
 Gaia DR3 527496755040787584  10.5802904  65.3277588 13.880  1.347       2.785   6.2167  39.4304   -49.14   -66.23     1.85    2.779  nan      nan    nan   1.586     nan                            Gaia_DR3      -6.427       1.593      -5.645       0.020       3.026       0.022
Gaia DR3 1999290405663419008 359.5039724  59.1328351 19.536  2.351       4.924   2.6284  39.4312   -47.84      nan      nan    2.506  nan      nan    nan   1.309     nan                                None      -8.020      -2.524      -9.508       0.530      -4.657       0.435
 Gaia DR3 425137337794867456  11.2738360  58.3004264 17.901  1.520       4.768   3.7675  39.4393   -49.17      nan      nan    2.536  nan      nan    nan   3.789     nan                                None      -5.715      -1.713      -4.423       0.285       0.484       0.365
Gaia DR3 2015620352352487680 354.6546778  62.2427436 18.137  2.487       3.281   5.3795  39.4476   -47.40      nan      nan    2.618  nan      nan    nan   3.297     nan                                None      -9.304      -1.863      -8.102       0.384      -0.508       0.357
 Gaia DR3 426328662947794944  16.9620875  60.3863958 18.977  1.774       4.195   6.2262  39.4511   -49.72      nan      nan    2.768  nan      nan    nan   1.804     nan                                None      -4.869      -0.344      -3.031       0.301       1.273       0.380
 Gaia DR3 429037992738985344   3.3912939  60.0080499 18.150  2.651       4.141   0.6176  39.4590   -48.40      nan      nan    2.481  nan      nan    nan   1.000     nan                                None      -7.198      -1.672      -9.287       0.099      -1.097       0.106
 Gaia DR3 425993105744486144  13.7413167  59.3842432 17.571  2.589       4.840   4.6795  39.4945   -49.45      nan      nan    2.573  nan      nan    nan   1.035     nan                                None      -5.254      -1.029      -4.831       0.066      -3.620       0.097
 Gaia DR3 429917468903898752   0.1202932  62.2712652 16.687  2.387       1.106   3.2891  39.5143   -48.11      nan      nan    3.034  nan      nan    nan   1.704     nan                                None      -9.570      -1.284      -9.816       0.082      -0.620       0.093
 Gaia DR3 427349108515774336  12.8933149  61.5097162 19.395  2.981       3.548   4.4547  39.5401   -49.41      nan      nan    2.985  nan      nan    nan   1.032     nan                                None      -6.313      -0.118      -8.077       0.271      -1.487       0.289
 Gaia DR3 418438872440158848  10.6999260  55.6685126 19.581  2.653       4.750   5.2559  39.7030   -48.91      nan      nan    2.936  nan      nan    nan   1.155     nan                                None      -6.759      -3.435      -5.888       0.274      -6.243       0.330
 Gaia DR3 421056362951516032   0.7345398  56.8020812 19.402  2.604       2.512   3.5701  39.7169   -47.79      nan      nan    2.527  nan      nan    nan   1.055     nan                                None      -7.853      -3.438      -8.799       0.249      -4.386       0.241
 Gaia DR3 430292230568463360   8.5653664  61.9062369 17.730  1.813       3.252   2.9073  39.7271   -49.02      nan      nan    2.510  nan      nan    nan   2.356     nan                                None      -6.228      -0.303      -4.870       0.199       0.753       0.206
 Gaia DR3 430617067539707648   5.2424075  62.9527490 11.438  0.684       1.760   3.2051  39.7557   -48.70    -7.45     9.68    2.517  nan      nan    nan  11.370     nan                            Gaia_DR3      -6.930      -0.169      -6.118       0.110      -0.630       0.131
 Gaia DR3 427626189747244032  11.0809634  62.1749501 13.441  1.036       2.296   3.9877  39.7593   -49.26   -17.91     2.68    2.541  nan      nan    nan   1.019     nan                            Gaia_DR3      -5.768       0.051      -6.962       0.011      -0.243       0.014
Gaia DR3 1994826358390970368 356.6381984  55.4131892 14.382  1.448       2.901   6.0597  39.7982   -46.99     0.08     3.02    2.687  nan      nan    nan   1.090     nan                            Gaia_DR3      -9.169      -4.826      -8.427       0.017      -3.360       0.016
 Gaia DR3 428262978779519872   4.5788915  59.6001522 13.588  1.167       3.662   0.1683  39.8275   -48.52   -29.37     1.79    2.478  nan      nan    nan   0.900     nan                            Gaia_DR3      -6.955      -1.723      -8.143       0.010      -3.222       0.012
 Gaia DR3 426315365729187968  17.0306688  60.0813016 16.142  1.997       4.862   6.2663  39.8486   -49.72      nan      nan    2.740  nan      nan    nan   5.444     nan                                None      -4.803      -0.489      -6.198       0.192       1.949       0.194
 Gaia DR3 420524852159972096   3.6145237  54.4358414 19.412  2.430       1.628   5.3531  39.8651   -47.89      nan      nan    2.610  nan      nan    nan   1.820     nan                                None      -7.527      -4.315      -8.378       0.462      -4.037       0.468
 Gaia DR3 425802099957502208  15.8499997  58.6155347 13.802  1.241       3.665   5.9062  39.8958   -49.59   -21.70     1.78    2.873  nan      nan    nan   0.960     nan                            Gaia_DR3      -5.337      -1.375      -3.407       0.011      -2.471       0.014
 Gaia DR3 419449048749335808   7.0856566  53.6760661 18.725  3.014       2.823   6.2490  39.9247   -48.25      nan      nan    2.805  nan      nan    nan   1.283     nan                                None      -7.304      -4.637      -5.824       0.173      -3.864       0.218
Gaia DR3 2012178094984515456 354.4181016  60.3385903 12.047  1.109       3.331   5.0722  39.9251   -47.23   -43.94     0.79    2.953  nan      nan    nan   0.787     nan                            Gaia_DR3     -10.543      -3.119     -10.729       0.010      -5.184       0.010
 Gaia DR3 422283422231402112   2.9501335  56.3245357 20.325  2.392       1.066   3.5408  39.9263   -48.04      nan      nan    3.030  nan      nan    nan   1.067     nan                                None      -8.895      -4.081      -8.605       0.463      -3.466       0.557
 Gaia DR3 420344158589157504   0.1676350  54.5287119 20.009  2.561       2.963   5.7430  39.9350   -47.41      nan      nan    2.643  nan      nan    nan   1.051     nan                                None      -8.327      -4.716      -7.001       0.400      -3.733       0.368
 Gaia DR3 429136776984206720   3.7509475  60.1876350 12.429  0.860       4.747   0.5720  39.9603   -48.45   -42.72    11.60    2.478  nan      nan    nan  28.534     nan                            Gaia_DR3      -7.118      -1.552      -5.939       0.273       0.630       0.284
 Gaia DR3 523974984944879744  12.5024460  63.7160331 19.184  2.732       3.348   5.4579  39.9909   -49.35      nan      nan    2.924  nan      nan    nan   1.922     nan                                None      -6.281       1.019      -4.554       0.391      -0.109       0.405
 Gaia DR3 425480110548551808  10.1664963  59.5537081 19.499  2.758       1.925   2.8573  39.9992   -49.12      nan      nan    2.507  nan      nan    nan   0.965     nan                                None      -5.884      -1.221      -6.798       0.267      -0.774       0.286
