GaiaDR3                               RA         DEC   Gmag  Bp-Rp  Voff(km/s) Sep(deg)   3D(pc) Vr(pred)  Vr(obs)    Vrerr Plx(mas)  SpT    FnuvJ  W1-W3    RUWE  XCrate                               RVsrc    PMRApred   PMDecpred        PMRA     PMRAerr       PMDec    PMDecerr
Gaia DR3 5590921485126584832 110.1704096 -33.9223278 12.771  0.857       0.000   0.0000   0.0000    19.10      nan      nan    2.637  nan      nan    nan   0.917     nan                                None      -8.021       5.078      -8.021       0.010       5.078       0.013
Gaia DR3 5591113869603402368 110.0306599 -33.7989557 17.607  2.693       1.506   0.1694   1.4041    19.15      nan      nan    2.631  nan      nan    nan   0.961     nan                                None      -7.975       5.055      -7.334       0.072       5.590       0.087
Gaia DR3 5590866784426915072 110.7585569 -33.8983506 19.538  3.036       0.603   0.4887   3.2873    18.98      nan      nan    2.633  nan      nan    nan   1.037     nan                                None      -8.128       5.020      -8.381       0.265       4.800       0.282
Gaia DR3 5591130151821320064 110.1577028 -33.4339442 18.039  3.121       1.241   0.4885   4.5746    19.18      nan      nan    2.659  nan      nan    nan   1.038     nan                                None      -8.088       5.031      -7.785       0.097       4.405       0.104
Gaia DR3 5590905890106791552 110.4266184 -34.0543959 16.973  2.922       2.207   0.2501   4.9168    19.02      nan      nan    2.669  nan      nan    nan   1.215     nan                                None      -8.173       5.145      -7.027       0.060       5.623       0.069
Gaia DR3 5590914303941225728 110.6942532 -33.8493325 16.978  2.609       0.247   0.4410   5.2747    19.00      nan      nan    2.668  nan      nan    nan   0.993     nan                                None      -8.223       5.082      -8.324       0.052       4.987       0.057
Gaia DR3 5591052945486304384 109.1228833 -33.9853145 18.455  3.169       1.533   0.8712   5.7710    19.30      nan      nan    2.638  nan      nan    nan   1.102     nan                                None      -7.812       5.174      -8.627       0.136       4.923       0.158
Gaia DR3 5592403386284718848 111.1156569 -33.5165899 18.130  3.151       2.420   0.8847   6.0025    18.96      nan      nan    2.628  nan      nan    nan   0.987     nan                                None      -8.185       4.912      -9.428       0.097       4.412       0.122
Gaia DR3 5591094383332435840 109.9349547 -33.7642603 12.388  0.776       2.648   0.2515   6.2928    19.17      nan      nan    2.595  nan      nan    nan   1.047     nan                                None      -7.848       4.987      -6.509       0.010       5.541       0.013
Gaia DR3 5591043702716147200 109.0555823 -34.1489926 18.935  2.679       2.643   0.9512   7.7094    19.29      nan      nan    2.606  nan      nan    nan   1.059     nan                                None      -7.704       5.147      -7.628       0.181       6.597       0.217
Gaia DR3 5590709451182280064 109.9251859 -35.0630788 19.388  3.103       1.159   1.1585   7.7733    18.96      nan      nan    2.628  nan      nan    nan   0.994     nan                                None      -7.946       5.291      -7.377       0.231       5.589       0.227
Gaia DR3 5592407475090407040 111.4958145 -33.3896071 10.022  0.227       0.194   1.2251   8.2909    18.90      nan      nan    2.649  nan      nan    nan   3.402     nan                                None      -8.328       4.899      -8.239       0.049       4.960       0.054
Gaia DR3 5591049651250573824 108.9917405 -34.0269267 14.073  1.616       2.467   0.9830   8.6425    19.32      nan      nan    2.677  nan      nan    nan   2.372     nan                                None      -7.900       5.268      -6.885       0.031       6.222       0.040
Gaia DR3 5591637370276050432 111.7394220 -33.7077003 11.271  0.589       0.905   1.3211   8.8078    18.80      nan      nan    2.630  nan      nan    nan   0.907     nan                                None      -8.316       4.902      -8.818       0.013       4.892       0.015
Gaia DR3 5603232854261298304 109.5604190 -32.7166358 18.705  3.330       0.161   1.3090   8.8749    19.42      nan      nan    2.651  nan      nan    nan   1.011     nan                                None      -7.939       4.925      -7.891       0.137       4.849       0.177
Gaia DR3 5592714277498549376 109.8646119 -32.9700360 18.695  3.449       1.078   0.9859   8.9330    19.31      nan      nan    2.680  nan      nan    nan   1.042     nan                                None      -8.090       5.005      -8.498       0.152       5.458       0.194
Gaia DR3 5592483238314279936 111.0092851 -32.9206135 17.939  3.130       0.470   1.2221   9.3767    19.08      nan      nan    2.605  nan      nan    nan   1.175     nan                                None      -8.092       4.769      -7.894       0.108       4.934       0.129
Gaia DR3 5592750733181682688 110.2081843 -32.5351855 17.069  2.675       0.229   1.3875   9.3979    19.31      nan      nan    2.651  nan      nan    nan   0.970     nan                                None      -8.074       4.843      -7.997       0.058       4.946       0.063
Gaia DR3 5590965710406881280 109.0006294 -34.4555974 19.651  2.850       1.541   1.1048   9.5191    19.25      nan      nan    2.680  nan      nan    nan   1.022     nan                                None      -7.910       5.355      -8.733       0.312       5.071       0.406
Gaia DR3 5590776727551551744 109.7364351 -34.5458631 18.307  3.149       1.795   0.7194   9.6040    19.09      nan      nan    2.696  nan      nan    nan   0.940     nan                                None      -8.112       5.346      -9.089       0.104       5.053       0.116
Gaia DR3 5591010240631207936 108.7314194 -34.4448936 16.932  2.564       2.381   1.3000   9.7348    19.31      nan      nan    2.669  nan      nan    nan   1.049     nan                                None      -7.822       5.352      -7.308       0.054       6.590       0.066
Gaia DR3 5592580068360820992 111.1764508 -32.7352699 17.923  3.213       0.560   1.4545   9.7503    19.07      nan      nan    2.648  nan      nan    nan   1.156     nan                                None      -8.261       4.801      -8.532       0.109       4.956       0.114
Gaia DR3 5590982954701338112 109.4668279 -34.3084115 18.535  2.875       0.687   0.6988   9.9460    19.18      nan      nan    2.699  nan      nan    nan   1.016     nan                                None      -8.065       5.329      -7.948       0.128       5.701       0.143
Gaia DR3 5592510043212409600 111.5943037 -33.1175025 17.110  2.765       0.159   1.4342   9.9858    18.92      nan      nan    2.616  nan      nan    nan   1.025     nan                                None      -8.243       4.780      -8.324       0.056       4.745       0.060
Gaia DR3 5592687236383347968 110.5329238 -32.6796581 16.725  2.486       0.367   1.2791   9.9983    19.22      nan      nan    2.601  nan      nan    nan   0.989     nan                                None      -7.985       4.753      -7.991       0.044       4.955       0.052
Gaia DR3 5591603457217230464 111.3853637 -33.9882790 17.530  3.027       0.648   1.0099  10.0128    18.83      nan      nan    2.586  nan      nan    nan   1.096     nan                                None      -8.108       4.898      -8.386       0.080       4.679       0.094
Gaia DR3 5590710585053036416 109.8998634 -35.0033416 17.899  3.053       0.710   1.1038  10.0318    18.98      nan      nan    2.590  nan      nan    nan   1.018     nan                                None      -7.826       5.206      -8.129       0.094       5.448       0.099
Gaia DR3 5590907809954509440 110.2713959 -34.0754555 18.729  3.219       0.357   0.1745  10.0469    19.05      nan      nan    2.569  nan      nan    nan   1.089     nan                                None      -7.836       4.968      -8.010       0.173       5.052       0.198
Gaia DR3 5592785951913278976 110.8870032 -32.5374571 16.416  2.331       0.148   1.5090  10.0849    19.16      nan      nan    2.647  nan      nan    nan   0.998     nan                                None      -8.199       4.785      -8.280       0.034       4.766       0.043
Gaia DR3 5590678802293868416 109.4480278 -35.3221127 18.938  3.101       2.338   1.5208  10.1030    19.02      nan      nan    2.631  nan      nan    nan   1.045     nan                                None      -7.859       5.384      -9.092       0.157       5.785       0.191
Gaia DR3 5591526495701204096 111.6518702 -34.4433853 14.374  1.279       1.902   1.3317  10.1390    18.70      nan      nan    2.673  nan      nan    nan   0.972     nan                                None      -8.433       5.124      -9.351       0.015       5.677       0.018
Gaia DR3 5591533195850163456 111.6715992 -34.3605008 17.766  2.883       0.303   1.3174  10.2630    18.71      nan      nan    2.600  nan      nan    nan   1.037     nan                                None      -8.209       4.969      -8.160       0.086       4.810       0.104
Gaia DR3 5592559727395814784 111.4735163 -32.9536010 18.195  3.031       0.898   1.4563  10.3423    18.97      nan      nan    2.612  nan      nan    nan   0.859     nan                                None      -8.206       4.751      -8.697       0.108       4.695       0.124
Gaia DR3 5592752245010280320 110.3553744 -32.4706854 13.572  1.038       0.184   1.4599  10.5768    19.28      nan      nan    2.608  nan      nan    nan   0.953     nan                                None      -7.971       4.741      -8.065       0.012       4.778       0.013
Gaia DR3 5591737567576190848 111.9849854 -33.3793165 16.791  2.624       0.354   1.6051  10.6248    18.79      nan      nan    2.638  nan      nan    nan   0.968     nan                                None      -8.392       4.838      -8.496       0.047       4.670       0.050
Gaia DR3 5590015457486859904 111.3872265 -34.8451030 13.085  0.978       0.817   1.3638  10.6641    18.69      nan      nan    2.677  nan      nan    nan   0.928     nan                                None      -8.395       5.229      -7.963       0.010       5.067       0.011
Gaia DR3 5592713968260530944 110.2370613 -32.6574781 11.440  0.774       1.900   1.2661  10.8635    19.28      nan      nan    2.590  nan      nan    nan   3.528     nan                                None      -7.893       4.752      -8.563       0.049       5.543       0.054
Gaia DR3 5592788009198903168 110.9411975 -32.4656764 19.618  2.848       0.555   1.5931  10.8967    19.16      nan      nan    2.619  nan      nan    nan   1.094     nan                                None      -8.121       4.716      -8.218       0.260       5.006       0.330
Gaia DR3 5591628269248524160 111.5286610 -33.9178612 17.497  2.919       0.145   1.1271  11.1627    18.81      nan      nan    2.696  nan      nan    nan   1.045     nan                                None      -8.482       5.082      -8.400       0.106       5.078       0.111
Gaia DR3 5592696376073633536 110.7678014 -32.4789346 17.584  2.769       0.198   1.5275  11.2004    19.20      nan      nan    2.671  nan      nan    nan   0.948     nan                                None      -8.250       4.827      -8.184       0.068       4.916       0.089
Gaia DR3 5590299131484503424 109.3666612 -35.4716944 17.274  2.778       2.238   1.6844  11.2032    19.01      nan      nan    2.645  nan      nan    nan   1.477     nan                                None      -7.883       5.446      -9.039       0.085       5.916       0.100
Gaia DR3 5604745546045121408 109.8629827 -32.3951262 17.596  2.860       0.658   1.5487  11.4402    19.40      nan      nan    2.673  nan      nan    nan   1.012     nan                                None      -8.070       4.883      -7.746       0.079       5.065       0.092
Gaia DR3 5591508250680300544 111.7799095 -34.6895545 17.917  2.910       1.983   1.5350  11.4896    18.64      nan      nan    2.675  nan      nan    nan   0.994     nan                                None      -8.468       5.164      -7.663       0.087       5.940       0.101
Gaia DR3 5592452696802088832 111.1809140 -33.3922994 14.816  1.637       0.370   0.9942  11.5324    18.97      nan      nan    2.573  nan      nan    nan   1.779     nan                                None      -8.026       4.782      -8.159       0.029       4.932       0.034
Gaia DR3 5592710429207594496 110.1780050 -32.8297929 17.007  2.906       0.215   1.0926  11.7075    19.27      nan      nan    2.703  nan      nan    nan   1.803     nan                                None      -8.224       4.996      -8.342       0.085       4.963       0.094
Gaia DR3 5592762548628967680 110.4891944 -32.1910844  8.854 -0.071       0.483   1.7517  11.9680    19.30      nan      nan    2.617  nan      nan    nan   1.005     nan                                None      -8.027       4.696      -8.150       0.022       4.933       0.027
Gaia DR3 5591191728765323904 109.6228650 -33.2495892 16.704    nan       1.818   0.8128  12.0120    19.32      nan      nan    2.564  nan      nan    nan   1.044     nan                                None      -7.692       4.858      -7.511       0.059       5.823       0.071
Gaia DR3 5591179977739857920 109.2864269 -33.3532216 16.461  2.280       2.130   0.9303  12.0994    19.37      nan      nan    2.566  nan      nan    nan   0.994     nan                                None      -7.632       4.905      -7.234       0.040       5.987       0.050
Gaia DR3 5604749806656139520 109.5726034 -32.4997920 14.449  0.886       2.578   1.5079  12.1518    19.45      nan      nan    2.687  nan      nan    nan  21.422     nan                                None      -8.049       4.950      -8.326       0.373       3.516       0.448
Gaia DR3 5592858347883442560 110.6150295 -32.1156944  9.769  0.119       0.359   1.8447  12.2988    19.28      nan      nan    2.628  nan      nan    nan   0.950     nan                                None      -8.084       4.691      -7.986       0.015       4.865       0.018
Gaia DR3 5590647333073099776 108.3091008 -34.5603068 16.115  1.969       2.331   1.6657  12.3533    19.37      nan      nan    2.599  nan      nan    nan   0.988     nan                                None      -7.531       5.265      -8.341       0.031       6.253       0.037
Gaia DR3 5592860645683055616 110.4617959 -32.0956982 17.624  2.896       0.531   1.8429  12.3634    19.32      nan      nan    2.652  nan      nan    nan   1.001     nan                                None      -8.128       4.743      -8.243       0.071       5.017       0.082
Gaia DR3 5592839686245415296 110.8134914 -32.3275061 19.577  2.824       1.156   1.6833  12.3874    19.21      nan      nan    2.601  nan      nan    nan   0.995     nan                                None      -8.040       4.667      -8.046       0.250       5.301       0.326
Gaia DR3 5592540245416913664 111.9918677 -32.8250356 17.897  2.784       0.126   1.8755  12.4192    18.88      nan      nan    2.635  nan      nan    nan   1.022     nan                                None      -8.383       4.730      -8.449       0.082       4.706       0.099
Gaia DR3 5591563599917988992 112.1051040 -34.0946758 18.564  3.155       0.941   1.6130  12.5705    18.66      nan      nan    2.685  nan      nan    nan   0.990     nan                                None      -8.563       5.045      -8.525       0.147       4.514       0.151
Gaia DR3 5604791862973284480 110.0902255 -32.0321736 16.280  2.306       0.225   1.8914  12.6923    19.41      nan      nan    2.653  nan      nan    nan   0.990     nan                                None      -8.054       4.760      -7.988       0.039       4.867       0.042
Gaia DR3 5592861749497777664 110.5850428 -32.0637029 16.244  2.251       0.131   1.8909  12.7616    19.30      nan      nan    2.621  nan      nan    nan   0.996     nan                                None      -8.057       4.672      -8.026       0.034       4.737       0.039
Gaia DR3 5604742556747843584 109.9791894 -32.4006043 15.181  1.798       1.970   1.5301  12.8326    19.38      nan      nan    2.693  nan      nan    nan   0.981     nan                                None      -8.155       4.912      -7.372       0.020       5.711       0.022
Gaia DR3 5592541894690663168 112.0470398 -32.7840105 15.424  2.077       0.286   1.9372  12.8385    18.87      nan      nan    2.643  nan      nan    nan   1.032     nan                                None      -8.418       4.731      -8.486       0.024       4.876       0.029
Gaia DR3 5604784750507564544 109.9641399 -32.1546095 13.786  1.366       1.084   1.7762  12.8518    19.42      nan      nan    2.602  nan      nan    nan   1.093     nan                                None      -7.875       4.701      -8.462       0.015       4.799       0.017
Gaia DR3 5592674523280213504 110.9856586 -32.7495535 18.589  3.068       0.385   1.3562  12.8799    19.11      nan      nan    2.575  nan      nan    nan   1.060     nan                                None      -7.994       4.684      -7.803       0.156       4.769       0.191
Gaia DR3 5604778011699119232 110.3158884 -32.0266528  9.325 -0.009       0.190   1.8996  12.9689    19.36      nan      nan    2.660  nan      nan    nan   1.086     nan                                None      -8.123       4.756      -8.106       0.022       4.650       0.024
Gaia DR3 5592609716515072512 111.6694952 -32.5059392 18.899  3.327       1.122   1.8918  12.9869    18.99      nan      nan    2.614  nan      nan    nan   1.012     nan                                None      -8.253       4.659      -8.695       0.162       4.227       0.208
Gaia DR3 5592851166698244992 110.8779374 -32.1222042 17.386  2.998       1.263   1.8953  12.9888    19.22      nan      nan    2.615  nan      nan    nan   1.030     nan                                None      -8.097       4.650      -8.566       0.071       4.136       0.078
Gaia DR3 5592846523828932352 110.9072768 -32.2254083 13.358  1.031       0.259   1.8058  13.0337    19.20      nan      nan    2.602  nan      nan    nan   0.940     nan                                None      -8.064       4.644      -8.173       0.011       4.736       0.012
Gaia DR3 5592859374373281792 110.6528893 -32.0073658 19.603  2.673       0.694   1.9573  13.0379    19.29      nan      nan    2.648  nan      nan    nan   1.015     nan                                None      -8.156       4.705      -8.392       0.288       4.399       0.311
Gaia DR3 5590041399089194240 110.5324876 -35.0638686 20.266  2.782       2.550   1.1799  13.0536    18.84      nan      nan    2.566  nan      nan    nan   1.041     nan                                None      -7.879       5.119      -9.258       0.461       5.155       0.572
Gaia DR3 5592849964107356672 110.9800722 -32.0664003 12.825  0.873       0.349   1.9762  13.1249    19.21      nan      nan    2.631  nan      nan    nan   1.098     nan                                None      -8.166       4.660      -8.281       0.014       4.816       0.014
Gaia DR3 5592868307903011712 110.6609831 -31.9718891 12.521  0.812       0.480   1.9934  13.2423    19.29      nan      nan    2.646  nan      nan    nan   0.975     nan                                None      -8.150       4.694      -8.059       0.009       4.946       0.012
Gaia DR3 5592800073765519616 111.1084933 -32.2461666 17.329  2.715       0.611   1.8513  13.2960    19.16      nan      nan    2.602  nan      nan    nan   1.062     nan                                None      -8.105       4.634      -8.091       0.068       4.299       0.076
Gaia DR3 5590081806140309632 110.8246092 -34.5425528 16.713  2.504       0.593   0.8229  13.3488    18.86      nan      nan    2.724  nan      nan    nan   1.066     nan                                None      -8.425       5.312      -8.141       0.053       5.124       0.055
Gaia DR3 5591699905000592768 112.5380834 -33.4910273 13.616  1.111       1.278   2.0163  13.3735    18.66      nan      nan    2.632  nan      nan    nan   1.020     nan                                None      -8.481       4.801      -9.001       0.013       4.319       0.015
Gaia DR3 5592453693242782720 111.1338676 -33.3597512 16.538  2.484       0.728   0.9797  13.4086    18.98      nan      nan    2.721  nan      nan    nan   0.998     nan                                None      -8.480       5.056      -8.082       0.042       4.928       0.049
Gaia DR3 5604742522388106496 109.9720956 -32.4117543 15.459  2.099       2.018   1.5197  13.4146    19.38      nan      nan    2.701  nan      nan    nan   5.314     nan                                None      -8.175       4.928      -9.112       0.119       5.593       0.133
Gaia DR3 5590532051850776832 108.3934211 -35.2263554 11.774  0.703       2.831   1.9599  13.4343    19.24      nan      nan    2.663  nan      nan    nan   0.854     nan                                None      -7.732       5.513      -6.573       0.010       6.600       0.013
Gaia DR3 5592860890504137088 110.4130858 -32.0703803 14.185  1.336       0.684   1.8631  13.4663    19.33      nan      nan    2.601  nan      nan    nan   0.971     nan                                None      -7.961       4.650      -8.150       0.014       4.974       0.015
Gaia DR3 5592862436692294016 110.5888378 -32.0045329 16.517  2.359       0.341   1.9497  13.4884    19.30      nan      nan    2.666  nan      nan    nan   1.042     nan                                None      -8.196       4.740      -8.089       0.041       4.581       0.048
Gaia DR3 5592865803946587392 110.7151699 -31.9620528 17.570  2.753       0.901   2.0129  13.5690    19.28      nan      nan    2.656  nan      nan    nan   1.027     nan                                None      -8.192       4.706      -7.698       0.071       4.602       0.082
Gaia DR3 5592864704434954368 110.7468444 -32.0001305 14.637  1.508       0.164   1.9821  13.6283    19.27      nan      nan    2.664  nan      nan    nan   1.049     nan                                None      -8.223       4.725      -8.289       0.018       4.789       0.019
Gaia DR3 5604877178200550400 110.3904269 -31.8730916 11.946  0.703       0.453   2.0575  13.6451    19.37      nan      nan    2.632  nan      nan    nan   0.990     nan                                None      -8.053       4.671      -8.022       0.012       4.920       0.014
Gaia DR3 5592593503019358592 111.9149738 -32.6650062 18.121  3.225       0.604   1.9254  13.6770    18.92      nan      nan    2.673  nan      nan    nan   0.990     nan                                None      -8.488       4.774      -8.151       0.105       4.725       0.138
Gaia DR3 5592859172517133696 110.6485025 -32.0459908  6.795 -0.250       0.557   1.9187  13.6852    19.29      nan      nan    2.603  nan      nan    nan   0.950     nan                                None      -8.015       4.632      -8.123       0.034       4.918       0.044
Gaia DR3 5592584775644704512 111.5607187 -32.6491300 17.277  2.713       0.518   1.7238  13.7353    19.00      nan      nan    2.586  nan      nan    nan   1.047     nan                                None      -8.141       4.642      -8.198       0.060       4.919       0.071
Gaia DR3 5592786467309312384 110.9449796 -32.4874731 12.086  0.860       0.228   1.5744  13.7514    19.16      nan      nan    2.701  nan      nan    nan   0.884     nan                                None      -8.379       4.869      -8.278       0.008       4.949       0.010
Gaia DR3 5604781177094910080 110.2549276 -32.0029185 19.749  2.718       2.235   1.9207  13.7816    19.38      nan      nan    2.676  nan      nan    nan   1.013     nan                                None      -8.157       4.783      -7.078       0.369       5.433       0.381
Gaia DR3 5592502651566288896 111.9793533 -33.0430135 17.586  2.795       0.491   1.7462  13.8138    18.85      nan      nan    2.586  nan      nan    nan   1.038     nan                                None      -8.225       4.682      -7.969       0.074       4.603       0.077
Gaia DR3 5589759198257185792 111.2705971 -35.8172445 12.605  0.996       1.856   2.0989  14.0075    18.56      nan      nan    2.651  nan      nan    nan   8.090     nan                                None      -8.288       5.364      -8.601       0.109       4.375       0.105
Gaia DR3 5604889410271447296 110.1921571 -31.8247008 11.638  0.644       1.858   2.0977  14.0167    19.42      nan      nan    2.625  nan      nan    nan   1.033     nan                                None      -7.990       4.664      -8.167       0.012       3.651       0.014
Gaia DR3 5603471383866875776 108.3005340 -32.5093618 17.360  2.780       0.339   2.1079  14.0394    19.71      nan      nan    2.627  nan      nan    nan   1.006     nan                                None      -7.610       4.935      -7.750       0.063       5.060       0.076
Gaia DR3 5592389062573489792 111.6438542 -33.6341220 16.056  2.128       0.635   1.2582  14.0976    18.83      nan      nan    2.560  nan      nan    nan   0.951     nan                                None      -8.078       4.766      -8.380       0.034       4.605       0.036
Gaia DR3 5592850410783956096 110.9652933 -32.0477224 14.762  1.544       0.384   1.9896  14.1901    19.22      nan      nan    2.602  nan      nan    nan   1.049     nan                                None      -8.074       4.607      -8.225       0.020       4.754       0.023
Gaia DR3 5592878654489907712 111.0085794 -31.9106399  9.013  0.070       0.666   2.1312  14.2582    19.23      nan      nan    2.653  nan      nan    nan   1.323     nan                                None      -8.242       4.668      -7.891       0.021       4.794       0.025
Gaia DR3 5592827939514357888 111.2240928 -31.9866211 15.411  1.904       0.552   2.1280  14.2912    19.17      nan      nan    2.622  nan      nan    nan   1.045     nan                                None      -8.187       4.611      -7.903       0.023       4.500       0.027
Gaia DR3 5592890302441260672 110.9184819 -31.8808575 16.057  2.387       0.355   2.1359  14.3363    19.25      nan      nan    2.655  nan      nan    nan   1.139     nan                                None      -8.230       4.673      -8.156       0.033       4.489       0.040
Gaia DR3 5592852575447289856 110.8139553 -32.0466848  8.241 -0.141       0.464   1.9518  14.3508    19.25      nan      nan    2.595  nan      nan    nan   0.981     nan                                None      -8.024       4.606      -7.835       0.031       4.776       0.036
Gaia DR3 5591191728770203008 109.6234020 -33.2494011 15.692  1.998       2.579   0.8127  14.3607    19.32      nan      nan    2.547  nan      nan    nan   1.085     nan                                None      -7.642       4.826      -6.866       0.028       5.973       0.034
Gaia DR3 5592878036014593408 111.0295331 -31.8915283  9.355 -0.026       0.714   2.1551  14.3961    19.23      nan      nan    2.652  nan      nan    nan   1.184     nan                                None      -8.243       4.662      -7.857       0.020       4.562       0.023
Gaia DR3 5591300855300593408 112.4547226 -34.9968915 14.366  1.338       0.882   2.1684  14.4383    18.44      nan      nan    2.650  nan      nan    nan   0.957     nan                                None      -8.521       5.113      -8.824       0.015       4.724       0.017
Gaia DR3 5592808663701148928 111.3320710 -32.2082948 12.160  0.734       0.645   1.9712  14.4393    19.11      nan      nan    2.682  nan      nan    nan   0.829     nan                                None      -8.398       4.750      -8.045       0.008       4.845       0.009
Gaia DR3 5592358207527679872 111.2142229 -33.9242582 16.459  2.394       1.169   0.8661  14.4955    18.88      nan      nan    2.733  nan      nan    nan   1.004     nan                                None      -8.533       5.178      -7.887       0.041       5.369       0.051
Gaia DR3 5591191728770204928 109.6222314 -33.2540698 17.135  2.942       1.949   0.8094  14.5048    19.32      nan      nan    2.546  nan      nan    nan   0.975     nan                                None      -7.639       4.825      -7.020       0.056       5.668       0.069
Gaia DR3 5592848108681706752 110.9446343 -32.1173926 13.338  1.045       0.218   1.9181  14.5386    19.21      nan      nan    2.590  nan      nan    nan   0.977     nan                                None      -8.032       4.599      -8.151       0.011       4.603       0.013
Gaia DR3 5589883958468025600 110.0128164 -35.9042422 18.423  3.255       1.275   1.9861  14.5477    18.80      nan      nan    2.682  nan      nan    nan   0.980     nan                                None      -8.128       5.550      -7.407       0.138       5.565       0.154
Gaia DR3 5592841404232051712 110.8556098 -32.2308565 19.222  2.976       0.705   1.7862  14.5781    19.21      nan      nan    2.580  nan      nan    nan   1.045     nan                                None      -7.984       4.609      -8.191       0.230       4.287       0.279
Gaia DR3 5592845703499906560 110.7611410 -32.1569906 16.521  2.438       0.215   1.8335  14.5789    19.24      nan      nan    2.583  nan      nan    nan   1.090     nan                                None      -7.975       4.608      -8.080       0.046       4.555       0.058
Gaia DR3 5604893189842644992 110.2070560 -31.7329156 16.682  2.469       0.256   2.1896  14.5887    19.43      nan      nan    2.650  nan      nan    nan   1.000     nan                                None      -8.070       4.690      -8.026       0.040       4.826       0.046
Gaia DR3 5592850303400116864 111.0266654 -32.0268832  8.718 -0.001       0.323   2.0270  14.6187    19.21      nan      nan    2.679  nan      nan    nan   1.057     nan                                None      -8.327       4.735      -8.322       0.026       4.553       0.030
Gaia DR3 5592828283111691648 111.2699706 -31.9579052 17.105  2.729       0.267   2.1703  14.7212    19.16      nan      nan    2.661  nan      nan    nan   1.088     nan                                None      -8.320       4.671      -8.360       0.056       4.527       0.065
Gaia DR3 5592594465092059008 111.8523460 -32.6346631 17.881  2.883       2.196   1.9066  14.8445    18.94      nan      nan    2.694  nan      nan    nan   0.991     nan                                None      -8.540       4.810      -9.764       0.092       5.050       0.118
Gaia DR3 5592863708002601216 110.5822325 -31.9404372 16.458  2.374       0.190   2.0118  14.9175    19.32      nan      nan    2.686  nan      nan    nan   1.063     nan                                None      -8.256       4.764      -8.176       0.039       4.693       0.046
Gaia DR3 5592602917587505280 112.1248445 -32.4264649 17.243  2.752       0.753   2.2166  14.9317    18.91      nan      nan    2.658  nan      nan    nan   1.061     nan                                None      -8.482       4.687      -8.901       0.065       4.634       0.076
Gaia DR3 5592834360484355584 111.3292172 -31.8983887 14.777  1.634       0.387   2.2456  14.9959    19.16      nan      nan    2.625  nan      nan    nan   1.049     nan                                None      -8.218       4.592      -8.064       0.018       4.741       0.020
Gaia DR3 5590712925815505152 109.9393846 -34.9115188 11.325  0.592       1.942   1.0074  15.0188    18.99      nan      nan    2.547  nan      nan    nan   0.912     nan                                None      -7.702       5.099      -6.953       0.014       5.824       0.015
Gaia DR3 5592848452278872832 111.0131226 -32.1589429  8.342 -0.000       1.805   1.8996  15.0236    19.19      nan      nan    2.696  nan      nan    nan   1.338     nan                                None      -8.378       4.792      -7.561       0.029       4.170       0.036
Gaia DR3 5603053638167620096 108.5473894 -33.8280472 10.742  0.383       2.374   1.3508  15.0237    19.45      nan      nan    2.556  nan      nan    nan   1.129     nan                                None      -7.453       5.026      -6.604       0.016       5.983       0.018
Gaia DR3 5604885527620855296 110.4911224 -31.7017381 16.354  2.357       0.318   2.2369  15.0256    19.37      nan      nan    2.657  nan      nan    nan   1.041     nan                                None      -8.148       4.674      -8.273       0.040       4.800       0.046
Gaia DR3 5604807801589674624 109.2902424 -32.2129898 16.661  2.922       2.921   1.8617  15.0337    19.55      nan      nan    2.699  nan      nan    nan   3.012     nan                                None      -8.028       4.939      -9.497       0.308       5.715       0.367
Gaia DR3 5592838075638030592 110.7859506 -32.3745126 16.342  2.315       0.724   1.6313  15.0355    19.21      nan      nan    2.567  nan      nan    nan   0.979     nan                                None      -7.930       4.617      -8.056       0.037       4.988       0.046
Gaia DR3 5592828111313001472 111.2768588 -31.9734858 11.142  0.538       0.395   2.1587  15.1488    19.16      nan      nan    2.604  nan      nan    nan   1.045     nan                                None      -8.142       4.573      -8.055       0.013       4.771       0.016
Gaia DR3 5592872774673376896 111.1310043 -32.0525305 19.659  3.056       1.110   2.0360  15.1668    19.18      nan      nan    2.688  nan      nan    nan   0.997     nan                                None      -8.374       4.747      -8.145       0.327       5.332       0.353
Gaia DR3 5592886110553681024 111.1732453 -31.7826815  7.624 -0.142       1.888   2.2995  15.2884    19.21      nan      nan    2.629  nan      nan    nan   1.015     nan                                None      -8.199       4.589      -7.449       0.045       5.319       0.049
Gaia DR3 5592886935186690688 111.1503805 -31.7566079 13.166  0.940       0.387   2.3169  15.3444    19.22      nan      nan    2.635  nan      nan    nan   1.013     nan                                None      -8.213       4.597      -8.150       0.011       4.802       0.012
Gaia DR3 5590340049632770944 109.0591387 -35.5969474 13.357  1.063       2.008   1.9073  15.3587    19.05      nan      nan    2.578  nan      nan    nan   0.947     nan                                None      -7.622       5.355      -6.948       0.012       6.213       0.013
Gaia DR3 5592878173453615872 110.9521416 -31.9371790 15.707  2.226       1.123   2.0907  15.4230    19.24      nan      nan    2.592  nan      nan    nan   1.832     nan                                None      -8.040       4.570      -7.979       0.044       5.180       0.053
Gaia DR3 5604890269265077760 110.3067443 -31.8166260 16.927  2.821       1.021   2.1088  15.5113    19.39      nan      nan    2.686  nan      nan    nan   1.373     nan                                None      -8.201       4.762      -7.783       0.065       5.162       0.079
Gaia DR3 5592893978933186048 110.9451465 -31.7212008 16.528  2.413       0.447   2.2954  15.5302    19.27      nan      nan    2.616  nan      nan    nan   0.952     nan                                None      -8.115       4.573      -8.111       0.041       4.820       0.046
Gaia DR3 5591749176868993280 112.5675047 -33.3947331 19.072  3.102       1.202   2.0638  15.5737    18.66      nan      nan    2.587  nan      nan    nan   0.948     nan                                None      -8.342       4.700      -8.597       0.209       4.096       0.253
Gaia DR3 5591709461309353984 112.8832794 -33.2980928 17.571    nan       2.235   2.3439  15.5992    18.61      nan      nan    2.650  nan      nan    nan   1.105     nan                                None      -8.608       4.771      -9.769       0.147       4.311       0.326
Gaia DR3 5591525705427249664 111.5817001 -34.5299364 17.711  2.935       1.260   1.3156  15.6233    18.70      nan      nan    2.731  nan      nan    nan   1.022     nan                                None      -8.602       5.258      -9.315       0.079       5.128       0.093
Gaia DR3 5592811030219078144 111.6106365 -32.2552162 19.398  3.138       0.545   2.0579  15.6357    19.04      nan      nan    2.693  nan      nan    nan   1.036     nan                                None      -8.489       4.757      -8.222       0.265       4.600       0.320
Gaia DR3 5592757811278905216 110.2163390 -32.3197881 18.415  3.071       1.200   1.6030  15.6742    19.34      nan      nan    2.720  nan      nan    nan   0.968     nan                                None      -8.286       4.927      -7.602       0.111       4.845       0.126
Gaia DR3 5592777426394961280 111.2201389 -32.5045071 19.922  3.183       1.315   1.6678  15.6895    19.09      nan      nan    2.562  nan      nan    nan   1.015     nan                                None      -8.001       4.600      -8.526       0.319       5.079       0.360
Gaia DR3 5592867036597008128 110.8616289 -31.8879695 18.904  3.317       0.853   2.1155  15.6895    19.26      nan      nan    2.590  nan      nan    nan   1.091     nan                                None      -8.017       4.564      -8.480       0.167       4.611       0.217
Gaia DR3 5591510617201013632 111.9163472 -34.6808451 19.232  3.209       2.000   1.6295  15.7188    18.61      nan      nan    2.560  nan      nan    nan   1.006     nan                                None      -8.131       4.929      -9.203       0.218       4.805       0.247
Gaia DR3 5592608071548308864 111.9360071 -32.3344984 10.256  0.257       0.073   2.1696  15.7865    18.96      nan      nan    2.594  nan      nan    nan   0.989     nan                                None      -8.240       4.571      -8.200       0.015       4.576       0.017
Gaia DR3 5592868587085432832 110.6263100 -31.9469931 17.206  2.978       0.560   2.0120  15.8074    19.30      nan      nan    2.580  nan      nan    nan   1.098     nan                                None      -7.940       4.575      -8.144       0.063       4.802       0.073
Gaia DR3 5592900094966521984 111.0517453 -31.6766758 12.862  1.061       0.833   2.3647  15.8235    19.25      nan      nan    2.623  nan      nan    nan   1.426     nan                                None      -8.156       4.568      -8.100       0.017       5.025       0.019
Gaia DR3 5592857591969194880 110.6304999 -32.1260403 13.669  1.186       1.964   1.8372  15.8646    19.28      nan      nan    2.569  nan      nan    nan   2.455     nan                                None      -7.906       4.587      -8.461       0.026       5.494       0.031
Gaia DR3 5592886243689939456 111.1871258 -31.7627678 18.314  3.350       0.687   2.3223  15.8878    19.21      nan      nan    2.611  nan      nan    nan   1.078     nan                                None      -8.147       4.554      -8.038       0.126       4.916       0.136
Gaia DR3 5592880235037738496 111.1338295 -31.8034472 16.853  2.577       0.148   2.2681  15.9653    19.22      nan      nan    2.601  nan      nan    nan   1.050     nan                                None      -8.106       4.548      -8.177       0.058       4.587       0.059
Gaia DR3 5603528627190488960 108.7214304 -31.8839338 10.340  0.293       2.840   2.3737  15.9931    19.72      nan      nan    2.618  nan      nan    nan   0.821     nan                                None      -7.670       4.769      -6.539       0.012       5.854       0.013
Gaia DR3 5592893905908057728 110.9706880 -31.7264971 10.161  0.186       0.474   2.2965  16.0079    19.26      nan      nan    2.674  nan      nan    nan   0.894     nan                                None      -8.300       4.673      -8.036       0.014       4.713       0.017
Gaia DR3 5592895868718886400 110.8135554 -31.7385050 13.969  1.297       1.127   2.2497  16.0107    19.29      nan      nan    2.598  nan      nan    nan   0.991     nan                                None      -8.033       4.555      -7.926       0.015       3.946       0.015
Gaia DR3 5604749944091783040 109.5985237 -32.4665048 18.801  3.172       1.845   1.5325  16.0522    19.45      nan      nan    2.554  nan      nan    nan   1.084     nan                                None      -7.656       4.697      -6.878       0.160       5.314       0.200
Gaia DR3 5602624996131365888 107.4702334 -34.7350425 16.423  2.436       2.569   2.3732  16.0529    19.51      nan      nan    2.662  nan      nan    nan   0.998     nan                                None      -7.536       5.489      -6.850       0.041       6.757       0.047
Gaia DR3 5589784250806568064 111.7839187 -35.4028838 10.211  0.289       1.059   1.9882  16.0730    18.52      nan      nan    2.704  nan      nan    nan   1.055     nan                                None      -8.559       5.351      -8.034       0.017       5.055       0.018
Gaia DR3 5592839621826232576 110.8269827 -32.3427211 17.414  2.871       0.430   1.6725  16.0782    19.20      nan      nan    2.721  nan      nan    nan   1.027     nan                                None      -8.417       4.886      -8.172       0.064       4.855       0.077
Gaia DR3 5592590479361329024 111.4035474 -32.5092312  8.596 -0.103       2.193   1.7496  16.0879    19.05      nan      nan    2.562  nan      nan    nan   1.283     nan                                None      -8.037       4.587      -7.026       0.035       5.204       0.037
Gaia DR3 5604733417057780480 109.7062398 -32.6077197 16.880  2.904       0.159   1.3707  16.1064    19.40      nan      nan    2.548  nan      nan    nan   1.005     nan                                None      -7.660       4.704      -7.611       0.050       4.774       0.064
Gaia DR3 5592851785173579392 110.7778554 -32.1175466 17.185  2.880       0.299   1.8753  16.1403    19.25      nan      nan    2.568  nan      nan    nan   1.013     nan                                None      -7.933       4.573      -7.788       0.058       4.501       0.078
Gaia DR3 5592853434440934016 110.9508252 -32.0322776 16.916  2.867       0.335   2.0002  16.1548    19.22      nan      nan    2.575  nan      nan    nan   1.060     nan                                None      -7.989       4.558      -7.996       0.065       4.740       0.079
Gaia DR3 5589994596823768704 111.4516385 -35.0555616 17.824  2.246       0.932   1.5490  16.1673    18.65      nan      nan    2.727  nan      nan    nan   1.034     nan                                None      -8.565       5.361      -8.807       0.091       4.883       0.101
Gaia DR3 5592413835945042432 111.4668754 -33.2575732 17.927  3.294       0.609   1.2682  16.1820    18.93      nan      nan    2.737  nan      nan    nan   0.989     nan                                None      -8.598       5.038      -8.286       0.102       4.876       0.118
Gaia DR3 5592082431965745408 112.9621928 -33.2346544 17.881  2.884       1.277   2.4253  16.1960    18.60      nan      nan    2.654  nan      nan    nan   0.981     nan                                None      -8.636       4.760      -8.102       0.083       5.234       0.089
Gaia DR3 5590758796065363968 109.2472840 -34.7574678 11.925  0.801       1.176   1.1307  16.2267    19.15      nan      nan    2.541  nan      nan    nan   1.015     nan                                None      -7.547       5.112      -7.476       0.012       4.486       0.015
Gaia DR3 5591440527638385536 113.0362547 -34.2900861 12.848  0.881       0.808   2.4012  16.2626    18.42      nan      nan    2.615  nan      nan    nan   1.012     nan                                None      -8.523       4.872      -8.080       0.013       4.913       0.015
Gaia DR3 5604923937503979776 110.6346026 -31.4903019 18.538  3.231       1.145   2.4632  16.3333    19.37      nan      nan    2.632  nan      nan    nan   1.077     nan                                None      -8.101       4.580      -7.694       0.141       5.068       0.163
Gaia DR3 5604923662629096960 110.5631649 -31.5045643 11.820  0.649       0.759   2.4402  16.3428    19.38      nan      nan    2.622  nan      nan    nan   0.902     nan                                None      -8.055       4.570      -7.699       0.010       4.793       0.012
Gaia DR3 5593208507967732096 111.6213984 -31.8112460 18.963  3.205       0.821   2.4375  16.3973    19.11      nan      nan    2.619  nan      nan    nan   1.013     nan                                None      -8.257       4.543      -8.596       0.175       4.243       0.206
Gaia DR3 5604950604968762624 110.2606980 -31.4588488 17.271  2.771       1.680   2.4647  16.4628    19.45      nan      nan    2.624  nan      nan    nan   1.921     nan                                None      -8.000       4.587      -7.510       0.186       3.798       0.268
Gaia DR3 5604898545660357888 110.4101021 -31.6288363 11.226  0.566       0.692   2.3023  16.5329    19.40      nan      nan    2.595  nan      nan    nan   1.156     nan                                None      -7.942       4.558      -7.686       0.015       4.837       0.018
Gaia DR3 5592915694285731200 112.4727230 -32.5261029 14.242  1.433       2.196   2.3787  16.5382    18.81      nan      nan    2.604  nan      nan    nan   1.155     nan                                None      -8.378       4.582      -9.353       0.016       3.873       0.018
Gaia DR3 5590758486827715200 109.2291606 -34.7685678 11.281  0.557       1.789   1.1489  16.5819    19.15      nan      nan    2.538  nan      nan    nan   1.005     nan                                None      -7.537       5.111      -8.493       0.014       5.174       0.020
Gaia DR3 5592882983816745984 111.2212642 -31.8018884 16.549  2.361       0.245   2.2968  16.6252    19.20      nan      nan    2.593  nan      nan    nan   0.984     nan                                None      -8.096       4.526      -8.209       0.042       4.598       0.044
Gaia DR3 5592885526437269632 111.3377582 -31.6979537 13.919  1.198       0.477   2.4311  16.6668    19.19      nan      nan    2.609  nan      nan    nan   1.020     nan                                None      -8.170       4.527      -7.986       0.013       4.713       0.014
Gaia DR3 5592898132159795328 110.9036824 -31.6386308 18.198  3.045       0.480   2.3654  16.7452    19.29      nan      nan    2.598  nan      nan    nan   1.043     nan                                None      -8.050       4.529      -7.908       0.126       4.750       0.134
Gaia DR3 5592355454450258688 111.3105143 -33.9160505 18.528  3.118       1.292   0.9461  16.7843    18.86      nan      nan    2.750  nan      nan    nan   0.936     nan                                None      -8.606       5.201      -7.948       0.134       4.842       0.174
Gaia DR3 5591234025608169728 112.6114394 -35.2606861 16.917  2.778       0.835   2.4143  16.8274    18.36      nan      nan    2.676  nan      nan    nan   1.019     nan                                None      -8.638       5.198      -8.386       0.055       4.800       0.055
Gaia DR3 5592362360756536192 111.2593649 -33.7024028 11.392  0.612       1.200   0.9311  16.8470    18.90      nan      nan    2.751  nan      nan    nan   0.903     nan                                None      -8.598       5.166      -7.921       0.014       5.330       0.019
Gaia DR3 5592895864413145856 110.8126069 -31.7369402 15.566  1.905       0.826   2.2510  16.9516    19.29      nan      nan    2.583  nan      nan    nan   1.002     nan                                None      -7.987       4.529      -8.312       0.030       4.840       0.029
Gaia DR3 5604912912333200384 110.7835812 -31.4869970 16.699  2.418       1.001   2.4894  16.9621    19.34      nan      nan    2.611  nan      nan    nan   1.056     nan                                None      -8.067       4.533      -7.569       0.045       4.768       0.050
Gaia DR3 5591336658148533376 112.7075621 -34.6135391 16.953  3.014       2.657   2.2077  16.9689    18.45      nan      nan    2.580  nan      nan    nan   1.140     nan                                None      -8.345       4.890      -9.761       0.058       4.601       0.065
Gaia DR3 5592887965967383040 111.1811469 -31.6703357 17.679    nan       1.048   2.4069  16.9841    19.22      nan      nan    2.598  nan      nan    nan   0.950     nan                                None      -8.107       4.515      -7.977       0.130       5.075       0.336
Gaia DR3 5589969067542592128 111.2086321 -35.2433622 18.714  2.874       2.454   1.5734  17.0071    18.67      nan      nan    2.735  nan      nan    nan   0.956     nan                                None      -8.537       5.431      -9.918       0.175       5.127       0.183
Gaia DR3 5604927961898796928 110.4635184 -31.4326286 12.249  0.738       0.550   2.5019  17.0610    19.41      nan      nan    2.668  nan      nan    nan   0.875     nan                                None      -8.177       4.645      -7.933       0.008       4.835       0.010
Gaia DR3 5592829275242383616 111.4888916 -32.0143202 18.929    nan       0.600   2.2054  17.0987    19.11      nan      nan    2.578  nan      nan    nan   0.984     nan                                None      -8.103       4.519      -7.882       0.163       4.759       0.190
Gaia DR3 5592833059115256832 111.3654354 -31.9874715 15.646  2.441       0.357   2.1792  17.1032    19.14      nan      nan    2.704  nan      nan    nan   2.130     nan                                None      -8.474       4.745      -8.411       0.052       4.939       0.060
Gaia DR3 5593202563741897984 111.8924685 -31.7907741 17.545  2.844       1.379   2.5760  17.2648    19.05      nan      nan    2.620  nan      nan    nan   0.994     nan                                None      -8.316       4.522      -9.032       0.069       4.781       0.085
Gaia DR3 5591771721156734976 112.3493532 -33.0765771 15.857  2.526       0.407   2.0041  17.2909    18.76      nan      nan    2.563  nan      nan    nan   1.644     nan                                None      -8.223       4.617      -8.007       0.050       4.659       0.064
Gaia DR3 5592885114120427776 111.3219571 -31.7291635 17.842  3.392       0.504   2.3971  17.3101    19.18      nan      nan    2.591  nan      nan    nan   1.143     nan                                None      -8.113       4.503      -7.860       0.100       4.394       0.118
Gaia DR3 5604916584519872000 110.9063992 -31.4014573 12.771  0.868       0.330   2.5959  17.3182    19.32      nan      nan    2.624  nan      nan    nan   0.931     nan                                None      -8.131       4.530      -8.162       0.010       4.710       0.012
Gaia DR3 5604956961518460288 110.2873566 -31.3052791 17.492  2.725       0.647   2.6189  17.3314    19.47      nan      nan    2.641  nan      nan    nan   1.021     nan                                None      -8.057       4.586      -7.757       0.074       4.785       0.086
Gaia DR3 5604919509402857728 110.8693109 -31.4006734 18.637    nan       0.303   2.5894  17.3320    19.33      nan      nan    2.658  nan      nan    nan   0.980     nan                                None      -8.228       4.591      -8.318       0.170       4.447       0.177
Gaia DR3 5604929057110687488 110.4283057 -31.3893586 16.875  2.551       1.514   2.5423  17.4126    19.43      nan      nan    2.608  nan      nan    nan   1.017     nan                                None      -7.987       4.536      -8.819       0.061       4.523       0.067
Gaia DR3 5592868346567243776 110.6842275 -31.9677228 15.415  2.504       0.363   2.0016  17.4493    19.29      nan      nan    2.561  nan      nan    nan   1.133     nan                                None      -7.894       4.541      -7.716       0.026       4.623       0.032
Gaia DR3 5592907688468478976 111.1097101 -31.4052931 13.471  1.092       0.185   2.6383  17.4601    19.28      nan      nan    2.638  nan      nan    nan   0.964     nan                                None      -8.215       4.539      -8.197       0.011       4.641       0.013
Gaia DR3 5592848070018543872 110.9278392 -32.1395405 18.496  2.952       0.841   1.8925  17.4725    19.21      nan      nan    2.726  nan      nan    nan   1.078     nan                                None      -8.451       4.846      -7.978       0.159       4.945       0.174
Gaia DR3 5591234918961312768 112.7320633 -35.2441027 14.900  1.558       1.388   2.4888  17.5421    18.34      nan      nan    2.682  nan      nan    nan   0.991     nan                                None      -8.680       5.196      -9.186       0.020       4.596       0.022
Gaia DR3 5590079400960902400 111.0089203 -34.5575018 19.685  2.886       1.655   0.9402  17.5557    18.82      nan      nan    2.756  nan      nan    nan   1.032     nan                                None      -8.563       5.361      -9.473       0.347       5.052       0.301
Gaia DR3 5592889993203281152 111.2430339 -31.6036722 10.916  0.474       0.623   2.4879  17.6197    19.22      nan      nan    2.596  nan      nan    nan   0.912     nan                                None      -8.111       4.494      -7.951       0.012       4.795       0.013
Gaia DR3 5591578890002712832 111.3932645 -34.3050371 18.240  3.112       2.733   1.0823  17.6791    18.78      nan      nan    2.754  nan      nan    nan   1.013     nan                                None      -8.638       5.277      -7.077       0.117       5.567       0.142
Gaia DR3 5591510037386629248 111.9935777 -34.7002477 14.187  1.235       0.488   1.6949  17.7249    18.59      nan      nan    2.546  nan      nan    nan   1.047     nan                                None      -8.098       4.898      -8.310       0.014       4.744       0.017
Gaia DR3 5603193585377883904 109.2911729 -33.1479138 18.129    nan       1.282   1.0662  17.7576    19.40      nan      nan    2.755  nan      nan    nan   1.015     nan                                None      -8.195       5.226      -8.844       0.199       5.590       0.180
Gaia DR3 5588217962135818240 112.7326697 -35.6034915 17.837  2.876       0.899   2.6937  17.8802    18.28      nan      nan    2.649  nan      nan    nan   0.959     nan                                None      -8.575       5.197      -8.408       0.079       4.723       0.087
Gaia DR3 5592737397301719808 110.2700884 -32.6413294 17.434  2.726       0.688   1.2837  17.9089    19.28      nan      nan    2.532  nan      nan    nan   1.062     nan                                None      -7.722       4.640      -7.978       0.070       4.904       0.079
Gaia DR3 5592586145732651136 111.4892975 -32.5879245 18.657  3.367       2.434   1.7312  17.9548    19.02      nan      nan    2.738  nan      nan    nan   1.191     nan                                None      -8.605       4.909      -9.999       0.172       5.084       0.195
Gaia DR3 5592818280122668032 111.6660680 -32.0225177 12.341  0.804       1.035   2.2767  17.9589    19.07      nan      nan    2.708  nan      nan    nan   1.717     nan                                None      -8.550       4.736      -7.982       0.018       4.901       0.023
Gaia DR3 5592402119274033536 111.1739273 -33.5660149 14.557  1.503       0.639   0.9073  17.9875    18.94      nan      nan    2.760  nan      nan    nan   1.004     nan                                None      -8.610       5.165      -8.241       0.016       5.213       0.019
Gaia DR3 5592844363470315904 110.7128125 -32.2150772 16.969  2.536       0.966   1.7667  18.0178    19.25      nan      nan    2.737  nan      nan    nan   1.008     nan                                None      -8.440       4.898      -7.890       0.056       4.988       0.070
Gaia DR3 5592966306184262400 112.5665248 -32.0891975 18.186  2.880       0.668   2.7198  18.0356    18.86      nan      nan    2.631  nan      nan    nan   0.992     nan                                None      -8.485       4.543      -8.155       0.109       4.713       0.138
Gaia DR3 5605156488517623936 109.6252391 -31.2744437 13.238  1.002       0.608   2.6874  18.1697    19.62      nan      nan    2.614  nan      nan    nan   0.981     nan                                None      -7.842       4.581      -7.757       0.010       4.905       0.012
Gaia DR3 5592608926239222656 111.6391331 -32.5774962 18.458  3.183       1.188   1.8213  18.1943    18.99      nan      nan    2.546  nan      nan    nan   0.943     nan                                None      -8.033       4.553      -8.666       0.110       4.485       0.134
Gaia DR3 5592813366680957824 111.7311133 -32.1541022 18.034  2.869       0.977   2.1996  18.1979    19.03      nan      nan    2.717  nan      nan    nan   0.979     nan                                None      -8.589       4.770      -8.045       0.103       4.642       0.120
Gaia DR3 5605293583865331456 111.1052706 -31.2960251 17.829  2.913       0.276   2.7418  18.2363    19.29      nan      nan    2.627  nan      nan    nan   1.018     nan                                None      -8.180       4.500      -8.034       0.084       4.548       0.101
Gaia DR3 5590308747911883904 108.5571530 -35.9212776 19.068  3.108       2.624   2.3969  18.3005    19.09      nan      nan    2.577  nan      nan    nan   1.064     nan                                None      -7.516       5.449      -7.278       0.192       6.855       0.223
Gaia DR3 5591636339483886080 111.9064014 -33.6655285 19.531  2.920       2.589   1.4653  18.3042    18.77      nan      nan    2.750  nan      nan    nan   1.091     nan                                None      -8.731       5.103      -7.488       0.273       5.945       0.275
Gaia DR3 5602680594486628992 107.8927874 -34.1844824 14.443  1.393       2.726   1.9051  18.3187    19.52      nan      nan    2.549  nan      nan    nan   0.971     nan                                None      -7.300       5.124      -6.431       0.017       6.302       0.020
Gaia DR3 5590746937656475136 109.3151666 -34.9434919 18.989  3.058       2.976   1.2411  18.3358    19.11      nan      nan    2.756  nan      nan    nan   0.966     nan                                None      -8.203       5.577      -6.487       0.186       5.786       0.230
Gaia DR3 5603565250372784128 107.8907579 -31.8903805 18.082  2.519       2.283   2.7912  18.4844    19.88      nan      nan    2.645  nan      nan    nan   1.035     nan                                None      -7.575       4.877      -6.314       0.098       4.710       0.112
Gaia DR3 5592452696810936064 111.1810535 -33.3919858 17.899    nan       1.388   0.9944  18.6487    18.97      nan      nan    2.764  nan      nan    nan   1.277     nan                                None      -8.623       5.138      -8.228       0.487       5.843       0.399
Gaia DR3 5593217235349990144 111.7396096 -31.6354328 15.289  1.819       0.229   2.6401  18.6616    19.11      nan      nan    2.686  nan      nan    nan   0.927     nan                                None      -8.493       4.617      -8.389       0.022       4.695       0.029
Gaia DR3 5603537900020530560 107.8534116 -32.3234442 18.335  3.033       2.779   2.5142  18.6894    19.82      nan      nan    2.700  nan      nan    nan   1.019     nan                                None      -7.725       5.067      -7.072       0.140       6.508       0.140
Gaia DR3 5589737242382973312 112.0747443 -35.5321800 19.102  3.421       0.901   2.2452  18.7134    18.44      nan      nan    2.562  nan      nan    nan   0.963     nan                                None      -8.165       5.068      -7.690       0.173       4.962       0.237
Gaia DR3 5592828523629838208 111.2795618 -31.9336239 17.136  2.686       0.486   2.1958  18.8525    19.16      nan      nan    2.557  nan      nan    nan   1.060     nan                                None      -7.998       4.484      -8.258       0.064       4.453       0.068
Gaia DR3 5592834467864569472 111.2800518 -31.9202950 17.659  2.827       0.072   2.2081  18.9397    19.17      nan      nan    2.557  nan      nan    nan   0.988     nan                                None      -7.997       4.482      -7.958       0.078       4.478       0.089
Gaia DR3 5604927510917553280 110.6589024 -31.3291734 19.037  3.055       0.446   2.6256  18.9406    19.39      nan      nan    2.588  nan      nan    nan   1.073     nan                                None      -7.970       4.472      -7.877       0.206       4.697       0.219
Gaia DR3 5590138392331012224 108.7471338 -36.5230624 17.193  3.148       1.401   2.8487  18.9725    18.95      nan      nan    2.625  nan      nan    nan   3.769     nan                                None      -7.695       5.646      -8.215       0.230       6.221       0.280
Gaia DR3 5591432311357145216 112.9243998 -34.4809327 18.702  3.254       1.107   2.3451  18.9881    18.42      nan      nan    2.717  nan      nan    nan   0.962     nan                                None      -8.834       5.107      -9.463       0.151       5.028       0.179
Gaia DR3 5603116275970767360 107.8758676 -33.7073409 15.390  2.135       0.808   1.9184  19.0691    19.60      nan      nan    2.543  nan      nan    nan   2.069     nan                                None      -7.279       5.025      -6.978       0.041       4.715       0.050
Gaia DR3 5590627090890157056 108.2171048 -34.7139687 18.463  3.200       2.741   1.7970  19.0757    19.37      nan      nan    2.746  nan      nan    nan   1.075     nan                                None      -7.935       5.599      -9.507       0.134       5.813       0.135
Gaia DR3 5604999185333256960 110.0674070 -31.0568183 18.301  3.151       0.413   2.8668  19.1603    19.55      nan      nan    2.621  nan      nan    nan   1.001     nan                                None      -7.954       4.522      -7.754       0.110       4.633       0.144
Gaia DR3 5592890474239959936 110.9011667 -31.8803296 15.843  2.053       0.692   2.1322  19.2113    19.25      nan      nan    2.551  nan      nan    nan   1.138     nan                                None      -7.903       4.491      -7.854       0.030       4.860       0.037
Gaia DR3 5590670315438423168 109.7481114 -35.3468366 18.629  3.144       1.648   1.4663  19.2271    18.95      nan      nan    2.527  nan      nan    nan   0.957     nan                                None      -7.605       5.151      -7.496       0.128       6.022       0.146
Gaia DR3 5589636572651211008 111.1208810 -36.3194468 12.540  0.851       2.929   2.5200  19.2442    18.51      nan      nan    2.574  nan      nan    nan   1.605     nan                                None      -8.018       5.309      -7.630       0.018       3.768       0.019
Gaia DR3 5592765022532669440 110.4253798 -32.2133031 18.456  3.178       0.866   1.7223  19.2802    19.31      nan      nan    2.751  nan      nan    nan   0.935     nan                                None      -8.422       4.945      -7.953       0.111       4.766       0.132
Gaia DR3 5586697200113102720 112.6795647 -35.9542529 14.564  1.855       1.033   2.8911  19.3654    18.24      nan      nan    2.661  nan      nan    nan   1.341     nan                                None      -8.603       5.287      -9.089       0.022       4.972       0.023
Gaia DR3 5591016489802360064 108.6374568 -34.2642517 18.998  2.699       2.376   1.3147  19.3678    19.36      nan      nan    2.522  nan      nan    nan   1.043     nan                                None      -7.372       5.032      -6.657       0.205       6.073       0.246
Gaia DR3 5593263341813388032 111.4878806 -31.5568397 10.700  0.385       1.339   2.6121  19.3791    19.17      nan      nan    2.580  nan      nan    nan   0.889     nan                                None      -8.108       4.439      -8.836       0.011       4.435       0.013
Gaia DR3 5592516709001550720 111.6850327 -33.0183781 18.181  2.941       0.202   1.5535  19.3930    18.92      nan      nan    2.528  nan      nan    nan   0.995     nan                                None      -7.983       4.595      -7.993       0.109       4.487       0.120
Gaia DR3 5591614009957053056 111.7109199 -33.9597998 17.436  2.657       1.199   1.2786  19.4457    18.77      nan      nan    2.765  nan      nan    nan   1.884     nan                                None      -8.737       5.204      -9.005       0.143       4.558       0.162
Gaia DR3 5592191872039603200 112.9801966 -32.4325676 16.022  2.095       0.451   2.7837  19.4972    18.71      nan      nan    2.596  nan      nan    nan   1.047     nan                                None      -8.450       4.511      -8.682       0.032       4.425       0.035
Gaia DR3 5592410120796026880 111.4878953 -33.3150743 19.334  2.656       1.531   1.2540  19.5349    18.91      nan      nan    2.520  nan      nan    nan   1.040     nan                                None      -7.920       4.647      -8.708       0.233       4.846       0.260
Gaia DR3 5602636403564501120 107.4320659 -34.7367987 19.917  2.581       2.906   2.4034  19.5577    19.51      nan      nan    2.562  nan      nan    nan   1.069     nan                                None      -7.245       5.285      -8.330       0.409       6.418       0.447
Gaia DR3 5592836009752232832 111.5072122 -31.8100325 18.258    nan       0.522   2.3921  19.5632    19.13      nan      nan    2.561  nan      nan    nan   1.078     nan                                None      -8.054       4.452      -8.336       0.122       4.438       0.130
Gaia DR3 5591855215314826752 113.6948582 -33.6906696 18.935  3.306       1.107   2.9375  19.6048    18.37      nan      nan    2.658  nan      nan    nan   1.015     nan                                None      -8.793       4.788      -9.413       0.170       4.808       0.201
Gaia DR3 5604898824839628672 110.3874544 -31.6090482 16.343  2.298       0.647   2.3205  19.6296    19.41      nan      nan    2.556  nan      nan    nan   0.919     nan                                None      -7.820       4.488      -7.766       0.037       4.833       0.041
Gaia DR3 5605067565507481856 109.1775647 -31.3947839 18.574    nan       0.878   2.6621  19.6428    19.69      nan      nan    2.580  nan      nan    nan   0.986     nan                                None      -7.651       4.576      -7.813       0.189       5.026       0.164
Gaia DR3 5589656088982368768 111.0502421 -36.0676116 15.475  2.330       0.108   2.2631  19.6447    18.56      nan      nan    2.730  nan      nan    nan   0.997     nan                                None      -8.490       5.591      -8.551       0.024       5.605       0.029
Gaia DR3 5592564812631746304 111.6103714 -32.9572555 19.841  2.701       2.121   1.5411  19.6448    18.94      nan      nan    2.760  nan      nan    nan   0.992     nan                                None      -8.700       5.010      -7.795       0.335       4.171       0.383
Gaia DR3 5589713091789522432 112.1366797 -35.8084523 18.806  2.702       1.357   2.4819  19.6761    18.38      nan      nan    2.566  nan      nan    nan   1.131     nan                                None      -8.190       5.118      -7.545       0.196       4.767       0.238
Gaia DR3 5590862729973640320 110.6693581 -34.1104651 17.660  2.889       1.115   0.4543  19.6800    18.96      nan      nan    2.779  nan      nan    nan   0.911     nan                                None      -8.562       5.348      -7.910       0.075       5.386       0.080
Gaia DR3 5604924418545177728 110.5213641 -31.4972495 18.419  3.027       0.399   2.4430  19.7121    19.39      nan      nan    2.563  nan      nan    nan   1.040     nan                                None      -7.866       4.469      -8.081       0.121       4.452       0.140
Gaia DR3 5592844221727463808 110.7551755 -32.2188626 18.064  2.980       0.898   1.7725  19.7326    19.24      nan      nan    2.532  nan      nan    nan   1.039     nan                                None      -7.816       4.529      -7.973       0.113       4.982       0.147
Gaia DR3 5590566037932365824 108.8194674 -34.9049513 17.548  3.144       1.861   1.4858  19.7345    19.21      nan      nan    2.762  nan      nan    nan   1.233     nan                                None      -8.113       5.621      -7.368       0.104       6.408       0.111
Gaia DR3 5592519663939249920 111.7527347 -32.9159137 17.851  2.982       0.823   1.6604  19.7689    18.92      nan      nan    2.528  nan      nan    nan   1.037     nan                                None      -7.997       4.572      -8.350       0.088       4.832       0.100
Gaia DR3 5604987610405962496 110.7064246 -31.0662144 16.051  2.269       1.176   2.8917  19.7808    19.41      nan      nan    2.605  nan      nan    nan   1.006     nan                                None      -8.034       4.450      -8.679       0.032       4.422       0.034
Gaia DR3 5590242163036023424 109.0030455 -36.1046455 16.984  2.406       2.768   2.3825  19.8527    18.97      nan      nan    2.557  nan      nan    nan   0.998     nan                                None      -7.549       5.406      -6.158       0.055       5.948       0.067
Gaia DR3 5604947095973298304 109.9654267 -31.5158251 19.969  3.222       1.473   2.4127  19.8584    19.51      nan      nan    2.724  nan      nan    nan   1.039     nan                                None      -8.243       4.796      -7.465       0.382       4.464       0.481
Gaia DR3 5604925797235181184 110.6218360 -31.4214533 16.880  2.784       0.501   2.5296  19.8917    19.38      nan      nan    2.566  nan      nan    nan   1.024     nan                                None      -7.897       4.455      -7.786       0.051       4.702       0.054
Gaia DR3 5592073124780905088 113.4237642 -33.2252233 13.795  1.210       0.517   2.7987  19.8922    18.50      nan      nan    2.691  nan      nan    nan   1.021     nan                                None      -8.849       4.786      -9.139       0.013       4.835       0.013
Gaia DR3 5604862678395364096 109.7420088 -31.6362187 11.636  0.643       0.840   2.3143  19.8988    19.54      nan      nan    2.730  nan      nan    nan   0.903     nan                                None      -8.216       4.848      -7.825       0.011       5.132       0.014
Gaia DR3 5590719729042730624 110.0476993 -34.7818795 17.369  3.127       1.264   0.8655  19.9057    18.99      nan      nan    2.776  nan      nan    nan   1.024     nan                                None      -8.420       5.525      -9.068       0.062       5.166       0.070
Gaia DR3 5590792846565785088 109.5925837 -34.4207403 15.468  1.898       2.336   0.6906  19.9084    19.14      nan      nan    2.779  nan      nan    nan   1.004     nan                                None      -8.329       5.497      -7.171       0.025       6.224       0.026
Gaia DR3 5591858513848400768 113.4779015 -33.6436283 20.190  2.465       1.179   2.7630  20.0061    18.42      nan      nan    2.697  nan      nan    nan   1.104     nan                                None      -8.880       4.869      -8.307       0.443       5.217       0.519
Gaia DR3 5592609682155697280 111.6632585 -32.5283551 17.422  2.764       0.895   1.8715  20.0197    18.99      nan      nan    2.752  nan      nan    nan   1.014     nan                                None      -8.687       4.910      -9.141       0.065       4.658       0.075
Gaia DR3 5592514475618427136 111.8753639 -33.0280446 16.271  2.242       0.253   1.6799  20.0357    18.87      nan      nan    2.527  nan      nan    nan   0.943     nan                                None      -8.015       4.579      -8.138       0.036       4.522       0.039
Gaia DR3 5605165593843370624 109.7881648 -31.0549536 17.954    nan       0.736   2.8854  20.0627    19.61      nan      nan    2.684  nan      nan    nan   1.230     nan                                None      -8.085       4.649      -7.750       0.209       4.897       0.272
Gaia DR3 5592649578109621248 110.1222963 -33.1560321 13.836  1.470       0.191   0.7673  20.1131    19.23      nan      nan    2.779  nan      nan    nan   1.064     nan                                None      -8.446       5.207      -8.432       0.013       5.318       0.014
Gaia DR3 5590360631118410240 108.8570746 -35.3015693 19.327  3.107       2.239   1.7523  20.1464    19.14      nan      nan    2.758  nan      nan    nan   1.072     nan                                None      -8.108       5.686      -7.040       0.261       6.430       0.297
Gaia DR3 5602578683501767936 106.6300672 -34.7367444  8.472  0.040       2.738   3.0348  20.1563    19.67      nan      nan    2.628  nan      nan    nan   1.761     nan                                None      -7.263       5.480      -7.183       0.037       6.995       0.041
Gaia DR3 5589659284437840768 110.8291286 -36.0355114 18.751  3.269       1.625   2.1810  20.1871    18.61      nan      nan    2.741  nan      nan    nan   1.028     nan                                None      -8.476       5.625      -9.077       0.156       4.904       0.187
Gaia DR3 5602578683497310208 106.6299862 -34.7373341 13.198    nan       1.762   3.0350  20.1908    19.67      nan      nan    2.655  nan      nan    nan   2.127     nan                                None      -7.338       5.537      -6.357       0.057       5.640       0.044
Gaia DR3 5589700408746230016 111.9428205 -35.8430508 17.456  2.802       1.558   2.4089  20.1970    18.41      nan      nan    2.728  nan      nan    nan   0.986     nan                                None      -8.669       5.466      -7.852       0.073       5.098       0.086
Gaia DR3 5604973312449611776 109.9566480 -31.1922644 17.649  2.856       0.234   2.7360  20.2289    19.56      nan      nan    2.578  nan      nan    nan   0.936     nan                                None      -7.801       4.480      -7.855       0.075       4.595       0.090
Gaia DR3 5592105521714883328 113.5287343 -32.9152185  9.850  0.126       1.885   2.9783  20.2612    18.52      nan      nan    2.608  nan      nan    nan   2.799     nan                                None      -8.595       4.574      -9.260       0.043       3.779       0.054
Gaia DR3 5591230830152448512 112.7705160 -35.3176658 14.068  1.259       0.217   2.5543  20.3094    18.32      nan      nan    2.563  nan      nan    nan   1.023     nan                                None      -8.303       4.975      -8.419       0.015       4.961       0.016
Gaia DR3 5590792842269106304 109.5946021 -34.4177090 16.908  2.394       2.682   0.6873  20.3651    19.14      nan      nan    2.782  nan      nan    nan   0.976     nan                                None      -8.341       5.503      -7.034       0.052       6.379       0.052
Gaia DR3 5591226668322001536 112.4675377 -35.4290977 18.007  2.871       0.779   2.4163  20.3788    18.37      nan      nan    2.730  nan      nan    nan   1.036     nan                                None      -8.782       5.347      -8.848       0.092       4.903       0.096
Gaia DR3 5592828008233842176 111.2107847 -31.9819577 15.922  2.125       0.953   2.1277  20.4554    19.17      nan      nan    2.539  nan      nan    nan   1.025     nan                                None      -7.927       4.466      -8.254       0.030       4.857       0.034
Gaia DR3 5592897140029152896 110.8841445 -31.7022741 12.562  0.824       0.439   2.2996  20.4744    19.28      nan      nan    2.738  nan      nan    nan   0.873     nan                                None      -8.479       4.786      -8.226       0.009       4.802       0.010
Gaia DR3 5591304256914738688 112.2361294 -34.9183537  6.891 -0.156       2.611   1.9737  20.4847    18.50      nan      nan    2.533  nan      nan    nan   1.180     nan                                None      -8.104       4.891      -8.807       0.042       3.688       0.045
Gaia DR3 5592821990977297792 111.2757134 -32.1054348 19.382    nan       1.595   2.0396  20.5101    19.14      nan      nan    2.750  nan      nan    nan   0.991     nan                                None      -8.600       4.856      -7.685       0.266       4.724       0.259
Gaia DR3 5589592626546082944 111.4940791 -36.3243763 15.622  1.951       0.588   2.6347  20.6389    18.43      nan      nan    2.719  nan      nan    nan   1.056     nan                                None      -8.546       5.575      -8.669       0.029       5.261       0.028
Gaia DR3 5605054440093708032 109.2536121 -31.4737290 16.166  2.254       0.451   2.5672  20.6512    19.67      nan      nan    2.560  nan      nan    nan   1.022     nan                                None      -7.606       4.550      -7.712       0.033       4.769       0.043
Gaia DR3 5589784491324711808 111.7581804 -35.4045907 13.065  0.978       2.606   1.9754  20.7207    18.52      nan      nan    2.755  nan      nan    nan   0.926     nan                                None      -8.715       5.454      -7.256       0.011       5.856       0.012
Gaia DR3 5588388519576816512 113.7125814 -34.6426736 18.063  2.991       0.490   3.0139  20.7329    18.22      nan      nan    2.601  nan      nan    nan   1.019     nan                                None      -8.609       4.851      -8.841       0.113       4.715       0.115
Gaia DR3 5589619147966665088 110.5222508 -36.5541617 20.293  2.611       2.831   2.6475  20.7391    18.59      nan      nan    2.564  nan      nan    nan   1.024     nan                                None      -7.871       5.379      -6.766       0.455       6.439       0.517
Gaia DR3 5591254224832627584 112.8591385 -35.2831499 18.854  3.267       2.260   2.5979  20.7503    18.31      nan      nan    2.561  nan      nan    nan   1.028     nan                                None      -8.313       4.957      -9.507       0.176       5.207       0.205
Gaia DR3 5592128542735409024 113.5840732 -32.6206883 19.170  3.021       2.902   3.1367  20.7553    18.55      nan      nan    2.642  nan      nan    nan   0.971     nan                                None      -8.720       4.577      -7.108       0.205       4.706       0.248
Gaia DR3 5591291676947787520 112.2676093 -35.1899382 18.225  2.968       1.183   2.1423  20.8393    18.45      nan      nan    2.749  nan      nan    nan   1.031     nan                                None      -8.803       5.358      -8.253       0.124       4.947       0.124
Gaia DR3 5590460755396336896 107.3879988 -35.6094890 19.189  3.092       2.564   2.8407  20.8518    19.37      nan      nan    2.704  nan      nan    nan   1.062     nan                                None      -7.637       5.751      -7.200       0.243       7.146       0.252
Gaia DR3 5592588795726279680 111.3647217 -32.5648390 17.597  2.768       0.427   1.6853  20.9456    19.05      nan      nan    2.520  nan      nan    nan   1.014     nan                                None      -7.897       4.524      -8.123       0.073       4.519       0.086
Gaia DR3 5590469345328353152 107.0320372 -35.6485378 18.668  3.410       2.801   3.1019  20.9540    19.43      nan      nan    2.670  nan      nan    nan   0.969     nan                                None      -7.466       5.713      -6.639       0.146       7.056       0.173
Gaia DR3 5603374901722679168 108.0890132 -32.6657359 15.913  2.223       2.808   2.1460  20.9552    19.72      nan      nan    2.750  nan      nan    nan   1.174     nan                                None      -7.920       5.212      -6.426       0.037       5.858       0.044
Gaia DR3 5603553499341475968 107.8657548 -32.1274535 12.335  0.789       2.833   2.6371  20.9577    19.85      nan      nan    2.561  nan      nan    nan   0.936     nan                                None      -7.330       4.768      -6.580       0.009       6.102       0.010
Gaia DR3 5589684263969052032 111.9056076 -36.0831609 16.787  2.777       1.053   2.5863  20.9704    18.38      nan      nan    2.557  nan      nan    nan   1.114     nan                                None      -8.119       5.169      -8.683       0.052       5.106       0.062
Gaia DR3 5590058510238109696 111.1467322 -34.8726824 18.342  3.292       2.488   1.2458  21.0262    18.74      nan      nan    2.509  nan      nan    nan   0.989     nan                                None      -7.822       4.924      -9.067       0.116       5.350       0.150
Gaia DR3 5592891401952894080 110.8805084 -31.8392439 16.536  2.824       0.491   2.1667  21.0552    19.27      nan      nan    2.535  nan      nan    nan   1.072     nan                                None      -7.851       4.458      -7.666       0.044       4.643       0.051
Gaia DR3 5604972870077274496 109.9245590 -31.2277934 13.499  1.087       0.606   2.7025  21.0578    19.56      nan      nan    2.564  nan      nan    nan   1.149     nan                                None      -7.753       4.465      -7.627       0.012       4.767       0.015
Gaia DR3 5586655246873134848 112.2579109 -36.5005105 16.706  2.576       0.854   3.0911  21.0789    18.24      nan      nan    2.605  nan      nan    nan   0.959     nan                                None      -8.340       5.309      -7.945       0.046       5.056       0.051
Gaia DR3 5591746157510578304 112.1437678 -33.2357668 17.369  2.808       0.469   1.7816  21.1359    18.78      nan      nan    2.521  nan      nan    nan   1.035     nan                                None      -8.049       4.585      -8.073       0.071       4.337       0.081
Gaia DR3 5590052630425937280 110.7636432 -34.7922666 17.863  2.922       2.433   0.9983  21.1466    18.83      nan      nan    2.784  nan      nan    nan   1.093     nan                                None      -8.598       5.482      -7.348       0.104       6.174       0.124
Gaia DR3 5603179154284558080 108.1705621 -32.9378257 19.724  2.721       2.770   1.9377  21.1808    19.66      nan      nan    2.761  nan      nan    nan   1.054     nan                                None      -7.969       5.281      -7.432       0.316       3.761       0.400
Gaia DR3 5591869852570174592 113.3783269 -33.6682917 18.050  2.556       2.794   2.6778  21.1966    18.44      nan      nan    2.561  nan      nan    nan   1.069     nan                                None      -8.412       4.635      -7.508       0.095       3.427       0.109
Gaia DR3 5591855215321644800 113.6947762 -33.6915648 16.228  2.311       0.725   2.9374  21.2066    18.37      nan      nan    2.700  nan      nan    nan   0.966     nan                                None      -8.934       4.865      -9.346       0.037       4.861       0.044
Gaia DR3 5592868307907534848 110.6517810 -31.9649095 17.974  2.892       1.144   1.9987  21.2721    19.30      nan      nan    2.527  nan      nan    nan   0.990     nan                                None      -7.782       4.482      -8.280       0.100       4.834       0.106
Gaia DR3 5589247757851949568 110.3779486 -36.5059981 16.968  1.288       2.610   2.5892  21.2806    18.63      nan      nan    2.730  nan      nan    nan   1.049     nan                                None      -8.350       5.731      -6.885       0.069       6.062       0.083
Gaia DR3 5605008226248861824 110.2406638 -30.8647081 16.725  2.563       0.718   3.0582  21.2838    19.54      nan      nan    2.687  nan      nan    nan   0.968     nan                                None      -8.190       4.585      -7.955       0.047       4.918       0.058
Gaia DR3 5590530750481732096 108.4553669 -35.2776085 13.651  1.196       0.892   1.9569  21.2984    19.22      nan      nan    2.761  nan      nan    nan   3.687     nan                                None      -8.032       5.722      -8.534       0.044       5.590       0.052
Gaia DR3 5593207094923704064 111.6399683 -31.8571609 18.710  3.153       0.477   2.4057  21.3941    19.10      nan      nan    2.543  nan      nan    nan   1.026     nan                                None      -8.022       4.419      -8.218       0.146       4.583       0.172
Gaia DR3 5593274135078609152 111.4980961 -31.3866921 17.292  2.732       1.000   2.7710  21.3960    19.19      nan      nan    2.719  nan      nan    nan   1.014     nan                                None      -8.547       4.645      -9.071       0.059       4.878       0.069
Gaia DR3 5603085828943645696 108.8526067 -33.5928745 17.813  2.769       2.788   1.1441  21.4755    19.42      nan      nan    2.504  nan      nan    nan   1.065     nan                                None      -7.363       4.861      -5.928       0.091       5.189       0.107
Gaia DR3 5592063641493475712 113.1797661 -33.4855962 15.650  1.385       2.120   2.5412  21.4771    18.51      nan      nan    2.736  nan      nan    nan   9.946     nan                                None      -8.946       4.934      -9.005       0.260       6.155       0.299
Gaia DR3 5605177551036987904 109.4548535 -30.9598732 16.188  2.314       0.984   3.0233  21.4790    19.70      nan      nan    2.696  nan      nan    nan   1.013     nan                                None      -8.052       4.676      -7.777       0.034       5.162       0.038
Gaia DR3 5593237198350038528 112.4056595 -31.3576254 18.185  2.828       1.470   3.1811  21.5688    18.99      nan      nan    2.608  nan      nan    nan   0.969     nan                                None      -8.378       4.382      -9.156       0.099       4.163       0.108
Gaia DR3 5605043612473425664 108.8564972 -31.5266467 18.238  3.215       0.493   2.6383  21.6177    19.74      nan      nan    2.553  nan      nan    nan   1.069     nan                                None      -7.508       4.575      -7.740       0.115       4.704       0.135
Gaia DR3 5605202805442339968 110.1855421 -30.6602086 19.396  3.015       1.133   3.2621  21.6376    19.58      nan      nan    2.652  nan      nan    nan   0.949     nan                                None      -8.070       4.490      -7.667       0.273       4.001       0.399
Gaia DR3 5590182308374735104 107.7276693 -36.5140722 15.352  2.240       2.711   3.2707  21.6448    19.15      nan      nan    2.638  nan      nan    nan   1.254     nan                                None      -7.520       5.753      -7.116       0.030       7.205       0.032
Gaia DR3 5591771755516466688 112.3585757 -33.0594116 13.173  0.951       0.178   2.0185  21.6541    18.76      nan      nan    2.525  nan      nan    nan   1.084     nan                                None      -8.101       4.544      -8.195       0.012       4.530       0.014
Gaia DR3 5593270114989173760 111.6302870 -31.4564932 16.516  2.407       0.544   2.7549  21.6607    19.16      nan      nan    2.561  nan      nan    nan   1.013     nan                                None      -8.076       4.378      -8.196       0.038       4.646       0.049
Gaia DR3 5592557494012855936 111.4101390 -33.0365429 16.147  2.164       1.722   1.3615  21.6726    18.97      nan      nan    2.507  nan      nan    nan   0.965     nan                                None      -7.865       4.580      -6.997       0.035       4.854       0.037
Gaia DR3 5592867453213998720 110.7528640 -31.9237564  5.374 -0.195       0.992   2.0575  21.6995    19.28      nan      nan    2.526  nan      nan    nan   0.948     nan                                None      -7.797       4.465      -7.964       0.058       4.966       0.072
Gaia DR3 5591268690284059392 112.8747667 -34.9645468 17.640  2.679       0.772   2.4616  21.7474    18.35      nan      nan    2.542  nan      nan    nan   0.973     nan                                None      -8.256       4.866      -8.362       0.075       4.466       0.088
Gaia DR3 5604937273387671296 110.6766450 -31.2308022 16.913  2.575       0.250   2.7251  21.7702    19.40      nan      nan    2.557  nan      nan    nan   1.028     nan                                None      -7.879       4.400      -7.894       0.053       4.534       0.058
Gaia DR3 5590731441413656704 109.3133622 -35.1414596 19.813  2.673       1.286   1.4088  21.8126    19.08      nan      nan    2.782  nan      nan    nan   1.215     nan                                None      -8.279       5.668      -8.387       0.388       6.414       0.489
Gaia DR3 5604175964660747136 107.0370773 -32.5634223 12.635  0.851       1.547   2.9517  21.8524    19.95      nan      nan    2.573  nan      nan    nan   0.874     nan                                None      -7.196       4.930      -6.463       0.009       5.339       0.011
Gaia DR3 5588283206974735488 113.7323343 -35.3366138 18.584  3.431       1.156   3.2540  21.8573    18.10      nan      nan    2.667  nan      nan    nan   1.128     nan                                None      -8.832       5.096      -8.255       0.188       4.795       0.199
Gaia DR3 5588379074949628416 114.0768813 -34.6788148 13.117    nan       0.634   3.3143  21.9294    18.13      nan      nan    2.639  nan      nan    nan   1.297     nan                                None      -8.805       4.896      -9.121       0.017       4.740       0.030
Gaia DR3 5605234416405359232 109.5540807 -30.7244438 13.159  0.991       1.473   3.2400  21.9346    19.71      nan      nan    2.674  nan      nan    nan   0.952     nan                                None      -8.006       4.585      -8.832       0.009       4.672       0.011
Gaia DR3 5588157244174365696 113.1731641 -35.7513961 11.817  0.701       0.664   3.0689  21.9659    18.16      nan      nan    2.583  nan      nan    nan   0.892     nan                                None      -8.446       5.055      -8.206       0.011       4.784       0.014
Gaia DR3 5586676652987850368 112.0696167 -36.2387084 17.781  3.098       1.290   2.7893  21.9953    18.32      nan      nan    2.726  nan      nan    nan   1.059     nan                                None      -8.687       5.523      -9.175       0.093       4.965       0.112
Gaia DR3 5605196277095317504 110.1873847 -30.8177455 15.766  2.043       0.670   3.1046  22.0261    19.56      nan      nan    2.586  nan      nan    nan   0.950     nan                                None      -7.871       4.408      -7.942       0.030       4.766       0.040
Gaia DR3 5592183591342459008 113.2297953 -32.4344339 16.479  2.399       1.392   2.9613  22.1710    18.65      nan      nan    2.570  nan      nan    nan   0.993     nan                                None      -8.413       4.446      -9.122       0.040       4.703       0.050
Gaia DR3 5604844227215855744 109.8890040 -31.8850144 16.658  2.888       0.299   2.0510  22.2435    19.47      nan      nan    2.767  nan      nan    nan   1.015     nan                                None      -8.358       4.951      -8.256       0.041       5.093       0.050
Gaia DR3 5590861840922043904 110.8002867 -34.0369675  9.806  0.663       1.936   0.5347  22.2491    18.95      nan      nan    2.799  nan      nan    nan   0.846     nan                                None      -8.650       5.360      -7.551       0.010       5.672       0.012
Gaia DR3 5591478495149890432 113.2875515 -33.9387204 17.134  2.917       1.736   2.5863  22.2579    18.42      nan      nan    2.742  nan      nan    nan   1.076     nan                                None      -8.989       5.021      -9.722       0.059       4.336       0.064
Gaia DR3 5605229051984092800 109.3541531 -30.8306686 13.535  1.104       1.691   3.1675  22.2587    19.74      nan      nan    2.694  nan      nan    nan   2.049     nan                                None      -8.025       4.655      -8.023       0.021       5.615       0.023
Gaia DR3 5593124189181564800 112.7787855 -31.5670265 17.034  2.597       0.459   3.2185  22.3044    18.88      nan      nan    2.595  nan      nan    nan   0.999     nan                                None      -8.409       4.370      -8.159       0.051       4.349       0.060
Gaia DR3 5589777889957665280 111.7447096 -35.5818246 19.352  3.167       1.078   2.1040  22.4065    18.50      nan      nan    2.766  nan      nan    nan   0.965     nan                                None      -8.749       5.512      -8.217       0.213       5.177       0.274
Gaia DR3 5592811927868515200 111.6254015 -32.1795475 17.120  2.771       0.747   2.1270  22.4324    19.05      nan      nan    2.522  nan      nan    nan   2.507     nan                                None      -7.954       4.441      -8.153       0.109       4.785       0.122
Gaia DR3 5592855869682124800 110.5993866 -32.1782520 19.015  3.029       1.192   1.7807  22.5430    19.28      nan      nan    2.511  nan      nan    nan   1.022     nan                                None      -7.721       4.495      -7.919       0.195       5.094       0.202
Gaia DR3 5592092400594123136 113.2996611 -33.0025816 15.040  1.634       0.807   2.7677  22.5865    18.56      nan      nan    2.551  nan      nan    nan   0.992     nan                                None      -8.363       4.507      -7.967       0.020       4.684       0.024
Gaia DR3 5604741762171092224 109.9827937 -32.4282473  9.448  0.134       2.011   1.5023  22.7044    19.37      nan      nan    2.788  nan      nan    nan   1.300     nan                                None      -8.440       5.089      -7.916       0.024       6.148       0.027
Gaia DR3 5605182700696451968 109.7716900 -30.7901553 19.441  3.338       1.641   3.1502  22.7544    19.66      nan      nan    2.578  nan      nan    nan   1.065     nan                                None      -7.765       4.419      -8.657       0.254       4.414       0.320
Gaia DR3 5592616798921793664 111.5520792 -32.3391306 16.700  2.849       1.682   1.9609  22.7714    19.05      nan      nan    2.775  nan      nan    nan   1.878     nan                                None      -8.736       4.923      -9.614       0.076       5.366       0.090
Gaia DR3 5602818475817229312 106.2837806 -34.1745568 19.726  2.720       2.777   3.2300  22.7829    19.83      nan      nan    2.587  nan      nan    nan   1.045     nan                                None      -7.077       5.313      -6.181       0.311       4.092       0.385
Gaia DR3 5592605696424233344 111.8146813 -32.4556121 16.033  2.138       0.523   2.0111  22.8011    18.97      nan      nan    2.515  nan      nan    nan   0.983     nan                                None      -7.968       4.463      -8.177       0.034       4.646       0.037
Gaia DR3 5589804282527961856 111.7596338 -35.2180048 18.526  1.332       0.867   1.8415  22.8187    18.55      nan      nan    2.779  nan      nan    nan   1.026     nan                                None      -8.793       5.467      -9.293       0.211       5.382       0.228
Gaia DR3 5604878449515075968 110.3211361 -31.8297830 15.880  2.153       0.427   2.0964  22.8312    19.39      nan      nan    2.771  nan      nan    nan   0.930     nan                                None      -8.462       4.914      -8.322       0.030       5.121       0.034
Gaia DR3 5591475643281087232 113.3316265 -33.9244199 18.583  2.745       0.365   2.6230  22.8492    18.41      nan      nan    2.540  nan      nan    nan   0.999     nan                                None      -8.334       4.645      -8.478       0.139       4.513       0.154
Gaia DR3 5592815707447340800 111.5095604 -32.1529703 17.523  2.864       0.783   2.0954  22.8841    19.08      nan      nan    2.517  nan      nan    nan   1.024     nan                                None      -7.917       4.436      -8.210       0.074       4.730       0.088
Gaia DR3 5591845525864978048 114.2489432 -33.3665626 18.719  2.679       2.195   3.4403  22.8951    18.29      nan      nan    2.659  nan      nan    nan   1.089     nan                                None      -8.904       4.684     -10.129       0.196       4.574       0.212
Gaia DR3 5592079721850602880 113.4287641 -33.0569910 16.365  2.378       0.631   2.8517  22.9325    18.52      nan      nan    2.734  nan      nan    nan   0.991     nan                                None      -8.990       4.830      -9.321       0.036       4.982       0.043
Gaia DR3 5593258226518615424 112.2209741 -31.1144198 14.411  1.430       1.531   3.2974  22.9536    19.07      nan      nan    2.692  nan      nan    nan   1.803     nan                                None      -8.609       4.491      -9.434       0.026       4.217       0.027
Gaia DR3 5591757423206215424 112.6515696 -33.2086374 19.784  2.606       1.324   2.1871  22.9892    18.67      nan      nan    2.520  nan      nan    nan   1.031     nan                                None      -8.141       4.539      -7.581       0.275       4.964       0.354
Gaia DR3 5591917986258055552 113.9809087 -32.9344242 18.347  3.086       1.949   3.3298  23.0048    18.41      nan      nan    2.596  nan      nan    nan   1.123     nan                                None      -8.641       4.519      -9.707       0.118       4.492       0.136
Gaia DR3 5593139135667664384 112.7807833 -31.4085780 16.460  2.496       0.701   3.3386  23.0172    18.90      nan      nan    2.597  nan      nan    nan   1.190     nan                                None      -8.414       4.344      -8.166       0.047       4.637       0.054
Gaia DR3 5605031178550307072 108.9323683 -31.7896592 17.396  2.883       1.966   2.3727  23.0582    19.69      nan      nan    2.526  nan      nan    nan   0.994     nan                                None      -7.443       4.570      -7.953       0.083       5.484       0.077
Gaia DR3 5603194444376281984 109.2824318 -33.1179167 17.334  2.764       0.691   1.0932  23.0972    19.41      nan      nan    2.799  nan      nan    nan   1.022     nan                                None      -8.323       5.303      -8.373       0.065       4.899       0.077
Gaia DR3 5591746466748594944 112.1387309 -33.2011626 19.117  3.039       1.412   1.7917  23.1067    18.79      nan      nan    2.783  nan      nan    nan   1.058     nan                                None      -8.886       5.056      -9.615       0.204       5.449       0.244
Gaia DR3 5591821504113055104 114.1768956 -33.7603121 19.563  2.939       0.105   3.3314  23.1135    18.24      nan      nan    2.593  nan      nan    nan   0.937     nan                                None      -8.671       4.643      -8.710       0.254       4.601       0.317
Gaia DR3 5589220338779699712 110.3806594 -36.9445579 16.948  2.283       1.207   3.0271  23.1229    18.55      nan      nan    2.723  nan      nan    nan   1.042     nan                                None      -8.329       5.798      -7.726       0.060       6.138       0.057
Gaia DR3 5588189409192336128 113.5360717 -35.5031627 16.622  2.527       0.458   3.1861  23.1706    18.12      nan      nan    2.709  nan      nan    nan   1.048     nan                                None      -8.932       5.225      -9.115       0.043       5.038       0.047
Gaia DR3 5604846593737822592 109.9380530 -31.7879849 17.566  2.849       1.991   2.1432  23.1874    19.48      nan      nan    2.773  nan      nan    nan   1.071     nan                                None      -8.385       4.938      -7.567       0.074       5.766       0.085
Gaia DR3 5605909688341690624 108.4439001 -30.7775511 17.422  3.030       0.862   3.4664  23.1986    19.94      nan      nan    2.617  nan      nan    nan   1.306     nan                                None      -7.610       4.575      -7.887       0.088       4.961       0.097
Gaia DR3 5592820135558264960 111.2561582 -32.2266090 10.570    nan       0.871   1.9243  23.2109    19.13      nan      nan    2.510  nan      nan    nan   1.206     nan                                None      -7.844       4.454      -8.104       0.024       4.074       0.031
Gaia DR3 5604924869522324608 110.5233386 -31.4512560 13.936  1.279       2.027   2.4889  23.3179    19.40      nan      nan    2.759  nan      nan    nan   0.998     nan                                None      -8.469       4.803      -7.569       0.012       5.563       0.016
Gaia DR3 5603553778518875136 107.8403894 -32.0972098 18.565  3.557       2.176   2.6736  23.3215    19.86      nan      nan    2.538  nan      nan    nan   0.999     nan                                None      -7.258       4.721      -8.261       0.139       5.312       0.151
Gaia DR3 5593258222218862336 112.2197118 -31.1154440 17.612  2.827       1.534   3.2959  23.3823    19.07      nan      nan    2.701  nan      nan    nan   0.985     nan                                None      -8.639       4.507      -9.236       0.076       3.870       0.076
Gaia DR3 5590260300680568960 109.0029024 -36.0138645 18.385  2.813       0.795   2.2999  23.4611    18.99      nan      nan    2.769  nan      nan    nan   0.998     nan                                None      -8.174       5.836      -8.624       0.123       5.949       0.147
Gaia DR3 5592071681672049152 113.1953467 -33.2256591 16.637  2.508       0.170   2.6147  23.5671    18.55      nan      nan    2.756  nan      nan    nan   0.930     nan                                None      -9.014       4.920      -9.013       0.043       5.019       0.050
Gaia DR3 5592610682881895040 111.6078276 -32.4842741 19.887  2.817       1.265   1.8747  23.5915    19.01      nan      nan    2.785  nan      nan    nan   1.078     nan                                None      -8.780       4.965      -8.511       0.343       4.273       0.424
Gaia DR3 5591629162601727872 111.4882011 -33.8867090 17.583  3.180       0.308   1.0943  23.6195    18.82      nan      nan    2.803  nan      nan    nan   1.005     nan                                None      -8.811       5.281      -8.634       0.087       5.240       0.102
Gaia DR3 5590592043957819648 107.8219141 -35.0806163 19.851  2.832       0.617   2.2554  23.6522    19.38      nan      nan    2.773  nan      nan    nan   1.094     nan                                None      -7.927       5.758      -7.607       0.382       5.926       0.398
Gaia DR3 5592709364055585792 110.3183404 -32.7776445 17.658  2.880       0.756   1.1513  23.6607    19.25      nan      nan    2.490  nan      nan    nan   1.093     nan                                None      -7.604       4.584      -7.772       0.085       4.943       0.091
Gaia DR3 5586616175549295360 112.7354689 -36.5647079 17.884  2.980       1.182   3.3717  23.6925    18.12      nan      nan    2.698  nan      nan    nan   1.039     nan                                None      -8.733       5.466      -9.377       0.091       5.273       0.109
Gaia DR3 5590576925670333056 108.6275507 -34.9207025 17.739  2.783       2.907   1.6175  23.6952    19.25      nan      nan    2.498  nan      nan    nan   1.083     nan                                None      -7.301       5.101      -6.177       0.085       6.141       0.096
Gaia DR3 5588212945613765376 112.7461469 -35.7507279 17.705  2.952       2.461   2.7949  23.6972    18.25      nan      nan    2.747  nan      nan    nan   1.066     nan                                None      -8.895       5.415      -7.555       0.078       4.927       0.083
Gaia DR3 5590019168338598912 111.3691416 -34.7762754 17.921  2.909       1.208   1.3072  23.7149    18.71      nan      nan    2.800  nan      nan    nan   1.004     nan                                None      -8.776       5.458      -8.944       0.093       4.764       0.101
Gaia DR3 5591327789034851968 112.5402318 -34.8053614 19.823  2.832       2.744   2.1462  23.7246    18.45      nan      nan    2.778  nan      nan    nan   1.094     nan                                None      -8.951       5.316      -9.976       0.329       6.554       0.421
Gaia DR3 5593063681680333440 113.2808996 -31.6895030 12.764  0.826       2.042   3.4378  23.7378    18.75      nan      nan    2.595  nan      nan    nan   0.968     nan                                None      -8.504       4.352      -8.631       0.010       3.243       0.011
Gaia DR3 5592948198591206784 112.7960523 -32.2772018 11.678  0.639       1.044   2.7465  23.7455    18.78      nan      nan    2.537  nan      nan    nan   0.997     nan                                None      -8.224       4.396      -7.805       0.012       4.764       0.013
Gaia DR3 5566145777299891584 107.6669210 -36.8513646 11.405  0.737       1.653   3.5697  23.7654    19.10      nan      nan    2.660  nan      nan    nan   0.866     nan                                None      -7.573       5.870      -6.676       0.014       6.103       0.015
Gaia DR3 5588168617251759744 113.6991207 -35.7441522 11.209  0.597       0.513   3.4214  23.7709    18.05      nan      nan    2.693  nan      nan    nan   1.007     nan                                None      -8.909       5.221      -8.783       0.014       4.958       0.017
Gaia DR3 5603380360619288576 107.6799402 -32.8067924 19.705  2.591       2.087   2.3602  23.7962    19.78      nan      nan    2.519  nan      nan    nan   1.053     nan                                None      -7.174       4.829      -6.084       0.282       5.027       0.301
Gaia DR3 5604872604058030464 110.3860731 -31.9340036 17.765  2.921       0.995   1.9965  23.8320    19.36      nan      nan    2.507  nan      nan    nan   1.014     nan                                None      -7.669       4.460      -7.891       0.090       4.937       0.101
Gaia DR3 5605915770015322880 108.5121131 -30.6076492 17.497  2.828       0.883   3.5989  23.8720    19.95      nan      nan    2.654  nan      nan    nan   1.050     nan                                None      -7.732       4.601      -7.843       0.075       5.083       0.081
Gaia DR3 5586507328199028352 111.5453842 -37.3478372 12.981  1.072       0.644   3.6030  23.8801    18.24      nan      nan    2.652  nan      nan    nan   2.223     nan                                None      -8.347       5.618      -8.698       0.030       5.537       0.037
Gaia DR3 5589124578185453824 110.5384304 -37.4452542 19.205    nan       2.307   3.5356  23.9276    18.43      nan      nan    2.677  nan      nan    nan   1.512     nan                                None      -8.221       5.778      -7.082       0.456       5.147       0.504
Gaia DR3 5591582772651841152 111.7665332 -34.2044587 11.016  0.636       1.661   1.3520  23.9539    18.71      nan      nan    2.801  nan      nan    nan   0.940     nan                                None      -8.864       5.315      -8.422       0.013       4.440       0.014
Gaia DR3 5592015812733527424 114.0166607 -32.8120469 18.367  2.321       1.014   3.3984  23.9599    18.42      nan      nan    2.700  nan      nan    nan   1.055     nan                                None      -8.997       4.676      -8.845       0.139       4.119       0.148
Gaia DR3 5586625903656340864 113.1045176 -36.3350666 17.084  2.879       1.128   3.4025  23.9727    18.08      nan      nan    2.700  nan      nan    nan   1.659     nan                                None      -8.814       5.395      -8.238       0.091       5.112       0.102
Gaia DR3 5589085545526128384 109.9554098 -37.4936238 11.720  0.699       0.900   3.5756  24.0065    18.54      nan      nan    2.613  nan      nan    nan   0.938     nan                                None      -7.907       5.698      -8.210       0.011       6.091       0.013
Gaia DR3 5591691211990156544 112.9459405 -33.4843660 17.711  3.118       1.510   2.3501  24.0120    18.57      nan      nan    2.517  nan      nan    nan   1.076     nan                                None      -8.188       4.559      -8.758       0.113       3.996       0.118
Gaia DR3 5590181449381287296 107.7646261 -36.5464359 11.393  0.643       2.508   3.2780  24.0166    19.13      nan      nan    2.571  nan      nan    nan   1.031     nan                                None      -7.338       5.610      -5.979       0.016       5.615       0.021
Gaia DR3 5604915386225549568 110.9424175 -31.4700790 18.290    nan       1.322   2.5368  24.0565    19.30      nan      nan    2.524  nan      nan    nan   1.062     nan                                None      -7.829       4.368      -7.594       0.132       5.031       0.132
Gaia DR3 5588379070644636800 114.0764646 -34.6788157 12.774  0.917       0.190   3.3140  24.0659    18.13      nan      nan    2.574  nan      nan    nan   1.430     nan                                None      -8.586       4.775      -8.689       0.016       4.781       0.021
Gaia DR3 5591774259475520256 112.4475278 -33.0881470 16.931  2.771       1.511   2.0738  24.1206    18.74      nan      nan    2.784  nan      nan    nan   1.212     nan                                None      -8.952       5.009      -8.150       0.060       4.630       0.068
Gaia DR3 5588345471124997248 113.8633719 -34.9558324 18.243  3.019       0.336   3.2160  24.1521    18.13      nan      nan    2.563  nan      nan    nan   1.012     nan                                None      -8.512       4.821      -8.558       0.121       4.646       0.129
Gaia DR3 5586484783909586816 112.2853629 -37.1213068 18.515  3.062       1.672   3.6324  24.1678    18.12      nan      nan    2.624  nan      nan    nan   0.985     nan                                None      -8.405       5.453      -8.515       0.133       4.535       0.141
Gaia DR3 5591427951973671424 113.5532177 -34.0164021 16.858  2.842       2.356   2.8069  24.1730    18.35      nan      nan    2.752  nan      nan    nan   0.962     nan                                None      -9.076       5.031     -10.356       0.053       4.551       0.061
Gaia DR3 5592485402986867712 111.0727018 -32.8262604 18.784  3.338       0.434   1.3301  24.1987    19.08      nan      nan    2.804  nan      nan    nan   0.977     nan                                None      -8.724       5.110      -8.522       0.160       5.267       0.182
Gaia DR3 5587945523770325504 113.5810673 -36.1364233 10.760  0.417       0.864   3.5636  24.2350    18.01      nan      nan    2.603  nan      nan    nan   0.840     nan                                None      -8.589       5.125      -8.476       0.011       4.665       0.013
Gaia DR3 5603239588769729792 109.1446990 -32.7872213 18.992  2.824       2.839   1.4221  24.2864    19.49      nan      nan    2.803  nan      nan    nan   1.039     nan                                None      -8.304       5.255      -6.754       0.201       5.896       0.236
Gaia DR3 5588400408048886144 113.8510039 -34.4284188 18.777  3.496       1.342   3.0866  24.3181    18.22      nan      nan    2.551  nan      nan    nan   0.961     nan                                None      -8.470       4.710      -9.110       0.159       4.376       0.183
Gaia DR3 5604295089867491328 106.6701011 -31.7451315 19.391  2.380       0.852   3.6589  24.3326    20.15      nan      nan    2.625  nan      nan    nan   1.091     nan                                None      -7.262       4.895      -7.323       0.271       5.362       0.325
Gaia DR3 5604851266662362112 109.9113757 -31.6758060 18.694  3.511       0.882   2.2570  24.3669    19.50      nan      nan    2.511  nan      nan    nan   0.938     nan                                None      -7.589       4.454      -8.055       0.149       4.491       0.187
Gaia DR3 5605060620544711808 109.4542379 -31.3657915 17.731  2.931       0.450   2.6267  24.3862    19.64      nan      nan    2.764  nan      nan    nan   1.033     nan                                None      -8.256       4.876      -8.101       0.092       5.087       0.103
Gaia DR3 5590977633239816064 109.3053652 -34.4292405 10.994  0.545       0.729   0.8770  24.5056    19.20      nan      nan    2.813  nan      nan    nan   0.867     nan                                None      -8.371       5.591      -8.752       0.012       5.386       0.015
Gaia DR3 5586133008914132352 111.2745468 -37.4849366 19.660  2.845       2.493   3.6736  24.5129    18.27      nan      nan    2.665  nan      nan    nan   2.050     nan                                None      -8.332       5.693      -9.688       0.525       6.042       0.570
Gaia DR3 5586477297787400192 112.1503162 -37.2555690 14.665  1.577       0.630   3.7015  24.5407    18.13      nan      nan    2.631  nan      nan    nan   0.971     nan                                None      -8.400       5.503      -8.222       0.018       5.202       0.019
Gaia DR3 5566139390687466752 107.5665130 -36.9360910 15.997  2.008       1.621   3.6853  24.6170    19.10      nan      nan    2.618  nan      nan    nan   1.271     nan                                None      -7.432       5.801      -7.336       0.042       6.691       0.049
Gaia DR3 5590492950470925312 107.8632987 -35.2508876 18.378  2.921       1.872   2.3178  24.6767    19.34      nan      nan    2.511  nan      nan    nan   1.017     nan                                None      -7.185       5.241      -6.303       0.125       4.790       0.147
Gaia DR3 5586590135169192064 112.6899582 -36.7622650 14.769  1.420       2.865   3.5053  24.6908    18.10      nan      nan    2.584  nan      nan    nan   1.031     nan                                None      -8.354       5.272      -6.822       0.018       5.564       0.023
Gaia DR3 5592386515654987520 111.3679555 -33.6255228 18.696  3.211       2.139   1.0387  24.7056    18.89      nan      nan    2.482  nan      nan    nan   1.037     nan                                None      -7.778       4.639      -6.971       0.162       5.415       0.195
Gaia DR3 5592857725105309440 110.6569238 -32.0918536 19.532  3.044       2.459   1.8754  24.7171    19.28      nan      nan    2.497  nan      nan    nan   1.024     nan                                None      -7.691       4.451      -8.983       0.270       4.375       0.315
Gaia DR3 5578761711158702080 105.8480861 -34.7198110 19.751  2.670       2.099   3.6574  24.7663    19.81      nan      nan    2.606  nan      nan    nan   1.086     nan                                None      -7.037       5.486      -8.188       0.332       5.437       0.403
Gaia DR3 5578540404380300416 105.9375147 -35.2970886 10.452  0.541       1.818   3.7449  24.7742    19.70      nan      nan    2.640  nan      nan    nan   1.946     nan                                None      -7.149       5.663      -7.863       0.027       6.379       0.031
Gaia DR3 5587926243658122752 113.5637981 -36.4220551 19.936  2.678       2.699   3.7335  24.7747    17.97      nan      nan    2.656  nan      nan    nan   1.072     nan                                None      -8.760       5.281      -7.767       0.518       4.143       0.501
Gaia DR3 5588764415112413184 114.2845243 -34.2848537 18.854  3.073       1.227   3.4256  24.7878    18.14      nan      nan    2.713  nan      nan    nan   1.017     nan                                None      -9.093       4.944      -8.779       0.182       4.316       0.198
Gaia DR3 5593432529168887808 111.9888635 -30.5298235 17.739  2.888       0.498   3.7248  24.7935    19.20      nan      nan    2.662  nan      nan    nan   0.982     nan                                None      -8.466       4.349      -8.667       0.094       4.544       0.090
Gaia DR3 5593358625663479808 112.5921216 -30.9342538 20.038  2.384       2.278   3.6200  24.8679    19.01      nan      nan    2.596  nan      nan    nan   0.993     nan                                None      -8.375       4.271      -9.074       0.402       3.238       0.448
Gaia DR3 5589786239370323584 112.0132985 -35.3770779 18.479  3.037       2.988   2.1010  24.9176    18.47      nan      nan    2.502  nan      nan    nan   1.019     nan                                None      -7.963       4.928      -6.388       0.135       4.995       0.169
Gaia DR3 5566390968395241728 106.7471065 -36.4345308 19.877  2.891       2.301   3.7599  24.9431    19.34      nan      nan    2.629  nan      nan    nan   1.069     nan                                None      -7.291       5.794      -7.140       0.420       7.061       0.437
Gaia DR3 5604409125547294208 107.1523766 -31.2369373 19.114  3.292       1.941   3.6981  24.9761    20.13      nan      nan    2.607  nan      nan    nan   1.043     nan                                None      -7.315       4.732      -7.633       0.183       5.751       0.205
Gaia DR3 5588086772351425280 114.1820945 -35.4069894 19.667  2.883       1.831   3.6178  24.9940    17.99      nan      nan    2.693  nan      nan    nan   0.967     nan                                None      -9.005       5.117      -8.031       0.319       4.757       0.378
Gaia DR3 5604950948564340864 110.1768350 -31.4750353 17.309  2.727       0.946   2.4473  25.1336    19.47      nan      nan    2.512  nan      nan    nan   1.010     nan                                None      -7.642       4.400      -7.356       0.068       4.811       0.075
Gaia DR3 5605583781925459584 110.5875103 -30.4429985 20.229  2.796       0.434   3.4972  25.1342    19.53      nan      nan    2.575  nan      nan    nan   1.028     nan                                None      -7.916       4.291      -7.687       0.430       4.347       0.454
Gaia DR3 5605181257584897280 109.8586364 -30.8628713 18.144  3.022       0.716   3.0708  25.1694    19.63      nan      nan    2.541  nan      nan    nan   1.036     nan                                None      -7.668       4.362      -7.779       0.105       4.729       0.126
Gaia DR3 5591919021356241664 113.8866028 -32.9716870 12.494  0.808       1.054   3.2430  25.2199    18.43      nan      nan    2.737  nan      nan    nan   0.965     nan                                None      -9.092       4.779      -9.658       0.009       4.558       0.012
Gaia DR3 5605162119214986880 109.8033988 -31.1328746 17.640  2.768       0.869   2.8066  25.2428    19.60      nan      nan    2.526  nan      nan    nan   0.997     nan                                None      -7.612       4.389      -7.627       0.077       4.851       0.088
Gaia DR3 5588058429870979840 114.1898049 -35.8473984 13.676  1.162       1.586   3.8175  25.2798    17.92      nan      nan    2.651  nan      nan    nan   0.909     nan                                None      -8.865       5.113      -9.307       0.013       4.345       0.014
Gaia DR3 5605217339605629568 110.0819407 -30.4920364 17.685  2.607       0.722   3.4311  25.2867    19.63      nan      nan    2.721  nan      nan    nan   0.993     nan                                None      -8.261       4.582      -7.847       0.076       4.575       0.098
Gaia DR3 5586416377971834752 113.0226855 -36.9403304 10.441  0.331       1.011   3.8087  25.3179    18.00      nan      nan    2.625  nan      nan    nan   0.894     nan                                None      -8.553       5.358      -8.420       0.013       4.815       0.014
Gaia DR3 5605274308052238464 109.8098311 -30.2527986 18.343  3.066       0.704   3.6822  25.3332    19.72      nan      nan    2.691  nan      nan    nan   1.057     nan                                None      -8.113       4.505      -7.859       0.127       4.813       0.162
Gaia DR3 5588703564013957504 114.4217721 -34.7262698 18.281  3.153       0.873   3.6016  25.3795    18.04      nan      nan    2.582  nan      nan    nan   1.073     nan                                None      -8.680       4.769      -9.080       0.121       4.512       0.139
Gaia DR3 5605446858368693248 111.9073278 -30.3708076 19.771  2.873       1.364   3.8438  25.4258    19.24      nan      nan    2.643  nan      nan    nan   0.984     nan                                None      -8.391       4.295      -9.116       0.273       4.068       0.320
Gaia DR3 5602803774148190080 106.6763934 -34.3428133 16.246  2.328       0.800   2.9224  25.4473    19.73      nan      nan    2.530  nan      nan    nan   1.014     nan                                None      -7.000       5.199      -6.993       0.039       5.626       0.042
Gaia DR3 5586660675709343616 112.3066469 -36.3738401 20.442  2.346       2.025   3.0099  25.4616    18.25      nan      nan    2.756  nan      nan    nan   1.008     nan                                None      -8.831       5.587     -10.008       0.503       5.589       0.709
Gaia DR3 5586414380808503808 113.3690810 -36.7589545 17.688  3.162       2.456   3.8536  25.5162    17.95      nan      nan    2.650  nan      nan    nan   1.082     nan                                None      -8.704       5.347      -7.334       0.083       5.284       0.086
Gaia DR3 5588186656115177472 113.6749778 -35.5544832 16.940  2.595       1.000   3.3099  25.5598    18.08      nan      nan    2.552  nan      nan    nan   1.021     nan                                None      -8.439       4.918      -7.908       0.054       4.830       0.056
Gaia DR3 5566360323804844928 107.3820081 -36.3175702  9.985  1.390       2.731   3.3071  25.5608    19.25      nan      nan    2.552  nan      nan    nan   0.944     nan                                None      -7.206       5.556      -6.419       0.011       6.797       0.011
Gaia DR3 5592820586530355456 111.3272384 -32.1843422 14.732  1.473       0.751   1.9901  25.5632    19.12      nan      nan    2.494  nan      nan    nan   1.101     nan                                None      -7.808       4.414      -8.198       0.018       4.481       0.020
Gaia DR3 5605579353819216768 110.3679100 -30.4994636 18.347  3.123       0.720   3.4269  25.5635    19.57      nan      nan    2.726  nan      nan    nan   0.969     nan                                None      -8.336       4.571      -7.938       0.120       4.459       0.140
Gaia DR3 5593416723685787904 112.3633100 -30.5931370 10.332  0.494       0.314   3.8105  25.6384    19.11      nan      nan    2.610  nan      nan    nan  21.576     nan                                None      -8.376       4.249      -8.223       0.303       4.330       0.368
Gaia DR3 5588135876719554176 113.4650589 -35.9691399 16.533  2.405       0.699   3.3882  25.6502    18.06      nan      nan    2.557  nan      nan    nan   1.047     nan                                None      -8.415       5.016      -8.443       0.048       4.640       0.059
Gaia DR3 5588382132966239104 114.1605602 -34.5185436 16.392  2.329       0.771   3.3526  25.6619    18.13      nan      nan    2.734  nan      nan    nan   1.081     nan                                None      -9.139       5.036      -9.574       0.040       5.128       0.052
Gaia DR3 5605442773860177152 112.0070092 -30.4634439 17.321  2.967       1.598   3.7918  25.6782    19.21      nan      nan    2.681  nan      nan    nan   1.030     nan                                None      -8.533       4.367      -9.282       0.060       4.872       0.071
Gaia DR3 5588162058840780800 113.6328608 -35.8169081 11.883  0.724       2.047   3.4142  25.6848    18.05      nan      nan    2.729  nan      nan    nan   0.802     nan                                None      -9.017       5.311      -9.700       0.010       4.352       0.011
Gaia DR3 5591821783295522048 114.1597224 -33.7252915 18.534  2.943       2.099   3.3198  25.7066    18.25      nan      nan    2.738  nan      nan    nan   1.036     nan                                None      -9.150       4.897      -7.942       0.137       4.802       0.165
Gaia DR3 5578746700249636096 105.6776269 -35.0612823 18.672  3.174       1.475   3.8738  25.7126    19.79      nan      nan    2.628  nan      nan    nan   1.065     nan                                None      -7.060       5.610      -7.817       0.164       5.302       0.169
Gaia DR3 5603277453205823616 108.4482116 -32.7122085 19.108  3.251       0.176   1.8802  25.7172    19.64      nan      nan    2.804  nan      nan    nan   1.027     nan                                None      -8.156       5.297      -8.092       0.197       5.216       0.253
Gaia DR3 5603393417326386304 107.3003702 -33.0779244 18.550  3.032       2.186   2.5378  25.7225    19.81      nan      nan    2.782  nan      nan    nan   0.984     nan                                None      -7.838       5.416      -6.780       0.129       6.139       0.155
Gaia DR3 5587933566581112192 113.4626323 -36.3383655  5.382 -0.102       2.644   3.6171  25.7602    18.00      nan      nan    2.577  nan      nan    nan   1.045     nan                                None      -8.481       5.118      -7.398       0.066       6.062       0.076
Gaia DR3 5605424391401309312 110.9021977 -30.2129250 15.538  1.828       0.826   3.7608  25.7760    19.49      nan      nan    2.690  nan      nan    nan   1.093     nan                                None      -8.336       4.416      -8.747       0.023       4.640       0.026
Gaia DR3 5593128346703875968 113.0691820 -31.4872456 19.905  2.924       2.002   3.4463  25.7965    18.83      nan      nan    2.728  nan      nan    nan   1.077     nan                                None      -8.899       4.556      -8.146       0.325       3.684       0.384
Gaia DR3 5593313545699352960 111.5911808 -31.1516982 16.246  2.524       1.784   3.0183  25.8209    19.21      nan      nan    2.759  nan      nan    nan   1.201     nan                                None      -8.695       4.662      -9.356       0.066       5.461       0.078
Gaia DR3 5589457764572291712 110.0524985 -36.1780975 17.222  2.914       2.113   2.2578  25.8402    18.75      nan      nan    2.500  nan      nan    nan   1.041     nan                                None      -7.582       5.216      -6.473       0.060       5.318       0.066
Gaia DR3 5591921112994292224 113.9733610 -32.9023210 18.340  3.026       1.045   3.3340  25.8872    18.42      nan      nan    2.550  nan      nan    nan   0.998     nan                                None      -8.487       4.434      -9.048       0.111       4.473       0.123
Gaia DR3 5605312962757708928 110.9960682 -31.0609085 18.504  3.060       0.934   2.9449  25.8955    19.35      nan      nan    2.526  nan      nan    nan   1.034     nan                                None      -7.846       4.294      -7.577       0.134       4.712       0.157
Gaia DR3 5587961256230493824 113.9893291 -36.0570309 17.725  2.994       0.608   3.7870  25.9059    17.93      nan      nan    2.689  nan      nan    nan   0.959     nan                                None      -8.955       5.243      -8.934       0.083       4.899       0.091
Gaia DR3 5588714730929882112 114.6923991 -34.4346743 19.196  3.340       1.821   3.7756  25.9134    18.03      nan      nan    2.691  nan      nan    nan   1.051     nan                                None      -9.100       4.894      -8.281       0.201       4.265       0.219
Gaia DR3 5592845664839520384 110.7381078 -32.1652168 19.204  3.293       1.500   1.8204  25.9190    19.25      nan      nan    2.487  nan      nan    nan   1.034     nan                                None      -7.676       4.441      -7.469       0.246       5.200       0.310
Gaia DR3 5604928889611727872 110.4578639 -31.4028800 16.650  2.839       0.731   2.5310  25.9968    19.42      nan      nan    2.508  nan      nan    nan   1.037     nan                                None      -7.684       4.361      -7.728       0.047       4.745       0.054
Gaia DR3 5588389893968164480 113.7776994 -34.6234016 19.801  3.241       2.524   3.0621  26.0255    18.21      nan      nan    2.759  nan      nan    nan   1.067     nan                                None      -9.145       5.136     -10.452       0.320       4.467       0.372
Gaia DR3 5592566010928046208 111.6133063 -32.8876220 19.443  3.129       1.431   1.5879  26.0735    18.95      nan      nan    2.481  nan      nan    nan   1.023     nan                                None      -7.823       4.493      -8.320       0.244       5.053       0.289
Gaia DR3 5604855080592114048 109.6014803 -31.8131248 18.931  3.230       0.029   2.1626  26.0971    19.54      nan      nan    2.800  nan      nan    nan   0.960     nan                                None      -8.394       5.018      -8.391       0.178       5.035       0.200
Gaia DR3 5591712862924350976 112.1315197 -33.7690314 12.924  0.872       0.937   1.6360  26.0990    18.70      nan      nan    2.482  nan      nan    nan   1.010     nan                                None      -7.922       4.607      -8.311       0.013       4.307       0.016
Gaia DR3 5592886110541705216 111.1731617 -31.7829636 10.822    nan       1.132   2.2992  26.1169    19.21      nan      nan    2.499  nan      nan    nan   2.019     nan                                None      -7.794       4.362      -7.532       0.323       3.826       0.107
Gaia DR3 5592233825267784320 113.9650344 -32.2838286 18.616  3.239       1.499   3.5758  26.1708    18.51      nan      nan    2.722  nan      nan    nan   1.025     nan                                None      -9.060       4.620      -9.874       0.142       4.344       0.154
Gaia DR3 5588052515692352640 114.2844584 -36.0030937 18.585  3.458       0.194   3.9614  26.2242    17.87      nan      nan    2.635  nan      nan    nan   0.951     nan                                None      -8.832       5.102      -8.779       0.142       5.008       0.149
Gaia DR3 5588725657328980352 114.8723998 -34.4445758 19.305  3.222       1.571   3.9242  26.2340    17.98      nan      nan    2.670  nan      nan    nan   1.063     nan                                None      -9.061       4.840      -8.347       0.241       4.320       0.238
Gaia DR3 5592015812738664832 114.0167810 -32.8130627 13.421  1.102       1.529   3.3982  26.2625    18.42      nan      nan    2.550  nan      nan    nan   1.018     nan                                None      -8.495       4.415      -9.239       0.011       4.065       0.013
Gaia DR3 5589242496510072832 110.4718371 -36.6279089  8.713  0.025       1.919   2.7167  26.4203    18.59      nan      nan    2.511  nan      nan    nan   1.419     nan                                None      -7.698       5.285      -6.683       0.046       5.301       0.061
Gaia DR3 5587950849524928128 114.0007205 -36.1951202 18.917    nan       0.887   3.8719  26.4307    17.91      nan      nan    2.689  nan      nan    nan   1.030     nan                                None      -8.956       5.266      -8.462       0.272       5.170       0.383
Gaia DR3 5587950849530307200 114.0005060 -36.1950067 17.647  2.955       1.162   3.8717  26.4866    17.91      nan      nan    2.691  nan      nan    nan   3.239     nan                                None      -8.962       5.269      -9.321       0.229       4.717       0.260
Gaia DR3 5606071690206546688 108.5818853 -30.2068221 19.168  3.346       0.418   3.9517  26.4936    19.99      nan      nan    2.673  nan      nan    nan   1.003     nan                                None      -7.803       4.551      -7.885       0.195       4.772       0.235
Gaia DR3 5592828523622572032 111.2792468 -31.9344049 18.369  3.180       0.902   2.1950  26.6104    19.16      nan      nan    2.803  nan      nan    nan   1.031     nan                                None      -8.767       4.916      -8.414       0.125       4.517       0.137
Gaia DR3 5605634290737559808 110.6266014 -29.9173843 18.244  3.119       1.387   4.0236  26.6252    19.59      nan      nan    2.638  nan      nan    nan   1.047     nan                                None      -8.117       4.293      -8.414       0.122       5.005       0.125
Gaia DR3 5604230734080757376 107.3396530 -31.9593228 16.615  2.431       1.042   3.0815  26.6760    19.98      nan      nan    2.766  nan      nan    nan   2.166     nan                                None      -7.801       5.155      -7.195       0.276       5.189       0.167
Gaia DR3 5592911330598940800 112.5671892 -32.6002401 10.299  0.280       1.608   2.4008  26.7074    18.78      nan      nan    2.797  nan      nan    nan   0.861     nan                                None      -9.020       4.929      -9.885       0.012       4.542       0.013
Gaia DR3 5590292289597843584 109.0507596 -35.6734729 18.364  3.081       0.221   1.9778  26.7250    19.04      nan      nan    2.811  nan      nan    nan   1.019     nan                                None      -8.307       5.853      -8.383       0.128       5.960       0.137
Gaia DR3 5578747937200165248 105.6614412 -35.0020334 18.525  2.635       2.978   3.8708  26.7836    19.80      nan      nan    2.589  nan      nan    nan   0.955     nan                                None      -6.952       5.517      -6.591       0.150       3.932       0.142
Gaia DR3 5589112861519261312 110.3570592 -37.7486702 17.810  2.996       2.266   3.8293  26.8081    18.41      nan      nan    2.583  nan      nan    nan   1.069     nan                                None      -7.894       5.642      -6.960       0.096       6.448       0.098
Gaia DR3 5588067015503929728 114.2790672 -35.6640570 19.361  3.162       0.393   3.7966  26.8165    17.93      nan      nan    2.578  nan      nan    nan   1.011     nan                                None      -8.640       4.935      -8.802       0.216       5.075       0.273
Gaia DR3 5587913878451265664 113.6269851 -36.6803176 13.643  1.241       1.450   3.9446  26.8255    17.91      nan      nan    2.600  nan      nan    nan   1.041     nan                                None      -8.588       5.208      -9.022       0.011       4.543       0.013
Gaia DR3 5591318825443604352 112.2611584 -34.7583121 16.947  2.902       0.762   1.9180  26.8436    18.52      nan      nan    2.483  nan      nan    nan   1.108     nan                                None      -7.950       4.767      -8.337       0.057       4.672       0.066
Gaia DR3 5605140889196833536 108.7109167 -30.9807497 18.909  3.176       1.753   3.1889  26.8570    19.85      nan      nan    2.530  nan      nan    nan   1.044     nan                                None      -7.409       4.442      -7.864       0.197       5.258       0.215
Gaia DR3 5604956991573225344 110.2706070 -31.3021739 17.473  2.824       0.937   2.6215  26.8641    19.47      nan      nan    2.504  nan      nan    nan   1.028     nan                                None      -7.637       4.349      -8.098       0.073       4.528       0.080
Gaia DR3 5591939774635967232 114.7876480 -33.0233407 17.187  2.690       1.274   3.9546  26.8805    18.21      nan      nan    2.600  nan      nan    nan   1.009     nan                                None      -8.810       4.476      -8.179       0.058       4.176       0.061
Gaia DR3 5589127494469698688 110.1925168 -37.5819105 19.356  3.223       2.521   3.6596  26.9029    18.47      nan      nan    2.726  nan      nan    nan   1.000     nan                                None      -8.299       5.940      -7.049       0.229       6.672       0.273
Gaia DR3 5593003895729283456 111.9420462 -31.9795280 18.714  3.049       1.092   2.4462  26.9209    19.01      nan      nan    2.798  nan      nan    nan   0.984     nan                                None      -8.890       4.861      -8.261       0.150       4.724       0.189
Gaia DR3 5605670647645616640 109.8441719 -29.8745189 16.053  1.887       2.865   4.0573  26.9216    19.77      nan      nan    2.658  nan      nan    nan   0.969     nan                                None      -8.020       4.374      -9.612       0.031       4.586       0.041
Gaia DR3 5605581381043710976 110.4299614 -30.4496877 13.107  0.978       1.136   3.4796  26.9824    19.56      nan      nan    2.743  nan      nan    nan   1.130     nan                                None      -8.401       4.585      -7.821       0.010       4.894       0.012
Gaia DR3 5588697727161853056 114.9184504 -34.5557634 13.630  1.091       2.075   3.9756  26.9900    17.95      nan      nan    2.686  nan      nan    nan   1.149     nan                                None      -9.126       4.886      -8.030       0.013       4.461       0.016
Gaia DR3 5587898962022931584 114.0456016 -36.4609135 18.847  3.227       1.328   4.0581  26.9921    17.85      nan      nan    2.623  nan      nan    nan   1.020     nan                                None      -8.746       5.180      -8.855       0.175       4.453       0.193
Gaia DR3 5591792573212629504 114.1025441 -33.8962485 12.578  0.831       0.244   3.2633  27.0392    18.24      nan      nan    2.759  nan      nan    nan   0.979     nan                                None      -9.211       4.973      -9.299       0.010       4.861       0.012
Gaia DR3 5590645129753239808 108.1255470 -34.5568019 18.801  3.157       1.141   1.8056  27.0617    19.41      nan      nan    2.818  nan      nan    nan   1.027     nan                                None      -8.125       5.723      -8.704       0.163       5.371       0.162
Gaia DR3 5592248664385402624 114.4811981 -32.1985030 19.332  3.335       0.970   4.0025  27.0702    18.40      nan      nan    2.604  nan      nan    nan   0.971     nan                                None      -8.765       4.363      -9.031       0.231       4.824       0.291
Gaia DR3 5604939674264457344 110.7659573 -31.1049416 17.955  3.017       0.998   2.8618  27.0705    19.40      nan      nan    2.782  nan      nan    nan   0.944     nan                                None      -8.591       4.755      -9.160       0.094       4.620       0.101
Gaia DR3 5592321884984195200 114.1531502 -31.7502307 18.541  2.621       2.922   3.9890  27.0945    18.54      nan      nan    2.601  nan      nan    nan   1.018     nan                                None      -8.691       4.304      -7.103       0.127       4.090       0.137
Gaia DR3 5592931705923685888 112.2094948 -32.4110231 20.184  2.606       1.396   2.2797  27.1337    18.89      nan      nan    2.806  nan      nan    nan   1.068     nan                                None      -8.971       4.937      -8.301       0.490       4.455       0.472
Gaia DR3 5588898796049031936 114.9422063 -33.7201226 18.770  2.918       1.151   3.9691  27.1718    18.07      nan      nan    2.693  nan      nan    nan   1.017     nan                                None      -9.153       4.747      -8.674       0.153       4.303       0.167
Gaia DR3 5603365620293191936 107.8605636 -32.8697348 18.086  2.738       2.892   2.1969  27.1823    19.74      nan      nan    2.809  nan      nan    nan   1.105     nan                                None      -8.038       5.382      -6.711       0.104       6.464       0.117
Gaia DR3 5605399446231647872 111.0465255 -30.6229772 17.586  2.897       1.461   3.3814  27.1982    19.40      nan      nan    2.537  nan      nan    nan   1.026     nan                                None      -7.890       4.230      -8.662       0.090       4.110       0.098
Gaia DR3 5586395555970249088 112.7568521 -36.9824662 15.890  1.209       0.603   3.7149  27.2316    18.05      nan      nan    2.563  nan      nan    nan  11.580     nan                                None      -8.299       5.261      -8.022       0.418       5.432       0.538
Gaia DR3 5592833054813786496 111.3704906 -31.9859153 18.566  3.061       1.175   2.1825  27.2517    19.14      nan      nan    2.810  nan      nan    nan   1.030     nan                                None      -8.806       4.930      -8.216       0.140       4.562       0.154
Gaia DR3 5588000671152214784 114.3897856 -36.1734251 17.956  3.014       1.465   4.1224  27.2694    17.82      nan      nan    2.640  nan      nan    nan   1.000     nan                                None      -8.869       5.131      -9.609       0.094       4.789       0.099
Gaia DR3 5590028235011069184 110.5998350 -35.1682257 17.473  3.099       1.473   1.2951  27.3000    18.81      nan      nan    2.831  nan      nan    nan   1.051     nan                                None      -8.705       5.661      -9.453       0.071       5.199       0.082
Gaia DR3 5586360852634370304 113.4627503 -36.9472603 13.205  0.958       0.781   4.0424  27.3197    17.90      nan      nan    2.683  nan      nan    nan   0.945     nan                                None      -8.829       5.437      -8.613       0.011       5.052       0.011
Gaia DR3 5565229579175347584 108.9123969 -37.9213465 18.811    nan       1.955   4.1266  27.3231    18.66      nan      nan    2.652  nan      nan    nan   1.286     nan                                None      -7.810       5.948      -8.895       0.352       5.817       0.328
Gaia DR3 5605247713624359680 109.1181223 -30.6096269 15.713  2.034       2.902   3.4300  27.3591    19.82      nan      nan    2.539  nan      nan    nan   1.019     nan                                None      -7.517       4.362      -9.010       0.028       3.934       0.036
Gaia DR3 5606055889020739584 109.1885720 -29.9690232 19.293  3.361       0.501   4.0401  27.3715    19.89      nan      nan    2.602  nan      nan    nan   0.961     nan                                None      -7.719       4.344      -7.994       0.242       4.338       0.259
Gaia DR3 5588001392700412672 114.4673936 -36.0933826 19.309  3.112       1.683   4.1346  27.4258    17.82      nan      nan    2.658  nan      nan    nan   1.039     nan                                None      -8.944       5.145      -8.073       0.224       4.784       0.242
Gaia DR3 5588093717322951808 114.5442556 -35.4642487 14.153  1.310       1.567   3.9123  27.4345    17.90      nan      nan    2.708  nan      nan    nan   1.894     nan                                None      -9.127       5.122      -9.633       0.028       4.385       0.031
Gaia DR3 5588363887944597120 113.5756227 -34.7700691 17.600  2.815       0.785   2.9363  27.4359    18.23      nan      nan    2.782  nan      nan    nan   1.048     nan                                None      -9.180       5.225      -8.903       0.087       4.857       0.082
Gaia DR3 5605581381033589376 110.4297510 -30.4501105 17.131    nan       2.684   3.4791  27.4804    19.56      nan      nan    2.750  nan      nan    nan   1.790     nan                                None      -8.423       4.597      -8.555       0.187       6.148       0.165
Gaia DR3 5588247885165252224 113.0092970 -35.3489735 17.929  3.246       1.678   2.7368  27.4939    18.26      nan      nan    2.792  nan      nan    nan   1.029     nan                                None      -9.095       5.404      -8.397       0.096       4.705       0.112
Gaia DR3 5586415480320781696 113.3251020 -36.6950554 18.532  2.913       1.854   3.7831  27.5469    17.97      nan      nan    2.725  nan      nan    nan   1.101     nan                                None      -8.941       5.490      -8.050       0.145       4.907       0.159
Gaia DR3 5593127723928260096 113.0328079 -31.5373478 17.506  3.215       1.582   3.3888  27.5635    18.83      nan      nan    2.758  nan      nan    nan   1.025     nan                                None      -8.989       4.618      -9.908       0.069       4.597       0.082
Gaia DR3 5592416511704358528 110.7118195 -33.7857491 18.499  3.197       1.507   0.4699  27.5838    19.01      nan      nan    2.842  nan      nan    nan   0.997     nan                                None      -8.765       5.401      -7.994       0.140       4.930       0.163
Gaia DR3 5592840618258592640 110.8807504 -32.2376782 17.418  2.901       0.628   1.7867  27.6754    19.21      nan      nan    2.475  nan      nan    nan   0.954     nan                                None      -7.663       4.421      -7.980       0.068       4.504       0.077
Gaia DR3 5591749554823525248 112.6262026 -33.3448385 19.676  3.264       2.396   2.1246  27.7001    18.66      nan      nan    2.482  nan      nan    nan   1.125     nan                                None      -8.014       4.496      -9.260       0.362       4.636       0.484
Gaia DR3 5604468464813327872 106.0778361 -31.7679229 18.494  3.332       0.794   4.0570  27.7010    20.26      nan      nan    2.692  nan      nan    nan   0.993     nan                                None      -7.321       5.065      -7.769       0.131       5.109       0.143
Gaia DR3 5589988519451541760 111.4762393 -35.2088278 18.699  3.257       1.071   1.6767  27.7843    18.62      nan      nan    2.472  nan      nan    nan   1.065     nan                                None      -7.766       4.882      -8.275       0.157       5.111       0.171
Gaia DR3 5588002732733781376 114.5594926 -36.0403864 13.570  1.158       2.013   4.1729  27.8560    17.81      nan      nan    2.617  nan      nan    nan   1.086     nan                                None      -8.825       5.049      -9.600       0.012       4.254       0.013
Gaia DR3 5592658747859652352 110.2987737 -32.9695882 18.542  3.123       1.001   0.9587  27.8756    19.22      nan      nan    2.840  nan      nan    nan   1.073     nan                                None      -8.669       5.269      -8.495       0.126       4.695       0.139
Gaia DR3 5592047247597121024 114.3633845 -32.5265459 17.356  3.032       0.599   3.7747  27.8812    18.38      nan      nan    2.558  nan      nan    nan   1.032     nan                                None      -8.589       4.353      -8.903       0.069       4.431       0.081
Gaia DR3 5605532276678379648 111.4554101 -29.8427601 19.257  3.208       1.244   4.2228  27.9288    19.42      nan      nan    2.644  nan      nan    nan   0.988     nan                                None      -8.303       4.230      -8.411       0.239       4.915       0.234
Gaia DR3 5598346487152795520 114.1670160 -31.3977111 20.144  2.570       2.910   4.2059  27.9451    18.58      nan      nan    2.625  nan      nan    nan   1.070     nan                                None      -8.775       4.281      -9.707       0.351       5.594       0.432
Gaia DR3 5604511487505885952 106.5163201 -31.2936263 17.935  2.610       2.748   4.0473  27.9480    20.25      nan      nan    2.588  nan      nan    nan   0.982     nan                                None      -7.129       4.750      -8.199       0.087       5.801       0.108
Gaia DR3 5589044893656480384 109.3996992 -38.0042270 19.024  2.857       1.790   4.1292  27.9570    18.55      nan      nan    2.602  nan      nan    nan   1.020     nan                                None      -7.762       5.811      -6.898       0.173       6.278       0.202
Gaia DR3 5589714668036250112 112.1532547 -35.7136761  9.407  0.138       1.081   2.4204  27.9750    18.39      nan      nan    2.809  nan      nan    nan   0.969     nan                                None      -8.970       5.584      -8.532       0.015       5.117       0.019
Gaia DR3 5589209103145039104 109.9463814 -37.0486436 16.410  2.816       1.174   3.1316  28.0281    18.62      nan      nan    2.779  nan      nan    nan   1.459     nan                                None      -8.407       5.975      -9.077       0.057       5.822       0.066
Gaia DR3 5592562166937070976 111.3963145 -32.9264359 17.848  2.738       1.006   1.4278  28.0656    18.99      nan      nan    2.466  nan      nan    nan   0.988     nan                                None      -7.732       4.487      -8.244       0.085       4.382       0.091
Gaia DR3 5579578064180069120 105.0834477 -34.4054764 17.664  3.331       1.531   4.2363  28.0778    20.01      nan      nan    2.631  nan      nan    nan   0.923     nan                                None      -6.942       5.532      -6.200       0.086       5.945       0.099
Gaia DR3 5593133874321988736 112.9521275 -31.3563103 17.829  2.549       2.478   3.4741  28.1004    18.87      nan      nan    2.759  nan      nan    nan   0.950     nan                                None      -8.976       4.592     -10.363       0.091       4.198       0.106
Gaia DR3 5588178688955843456 113.5318644 -35.6622752 17.212  2.376       2.451   3.2628  28.1262    18.10      nan      nan    2.773  nan      nan    nan   1.054     nan                                None      -9.140       5.377     -10.516       0.066       5.773       0.071
Gaia DR3 5592747602150991616 110.5327674 -32.4089835 17.867  3.007       2.944   1.5434  28.1407    19.26      nan      nan    2.467  nan      nan    nan   1.737     nan                                None      -7.574       4.462      -8.412       0.203       5.743       0.234
Gaia DR3 5593217785105781248 111.7890371 -31.5786233 15.994  2.376       1.822   2.7103  28.1417    19.10      nan      nan    2.497  nan      nan    nan   1.033     nan                                None      -7.904       4.278      -8.454       0.033       5.064       0.039
Gaia DR3 5589971610159577216 110.8999130 -35.3902304 19.109  2.936       1.667   1.5858  28.1784    18.71      nan      nan    2.467  nan      nan    nan   1.035     nan                                None      -7.645       4.949      -8.176       0.243       5.635       0.257
Gaia DR3 5592893184357981824 111.0697959 -31.7232122 18.867  3.139       0.947   2.3253  28.1949    19.24      nan      nan    2.484  nan      nan    nan   1.056     nan                                None      -7.728       4.333      -7.911       0.160       4.794       0.174
Gaia DR3 5578464125761598848 106.6920813 -35.5646746 11.158  0.681       1.157   3.2961  28.2277    19.51      nan      nan    2.522  nan      nan    nan   0.896     nan                                None      -6.981       5.405      -6.368       0.013       5.451       0.015
Gaia DR3 5606016577189252608 108.8994810 -30.3770344 19.621  2.903       1.529   3.7049  28.2946    19.90      nan      nan    2.547  nan      nan    nan   1.100     nan                                None      -7.497       4.347      -7.038       0.285       5.028       0.364
Gaia DR3 5588063137154970240 114.4064398 -35.7275829 12.181  0.766       0.409   3.9175  28.3336    17.89      nan      nan    2.565  nan      nan    nan   0.915     nan                                None      -8.619       4.909      -8.401       0.010       4.876       0.011
Gaia DR3 5602803980306654080 106.7445718 -34.3408764 14.329  1.360       1.935   2.8663  28.4127    19.71      nan      nan    2.500  nan      nan    nan   0.979     nan                                None      -6.933       5.134      -6.037       0.015       5.623       0.016
Gaia DR3 5593469951230150656 112.4417607 -30.0802176 16.858  2.581       1.417   4.2975  28.4220    19.16      nan      nan    2.644  nan      nan    nan   0.976     nan                                None      -8.499       4.202      -9.193       0.051       4.578       0.063
Gaia DR3 5588100554910598784 114.8531794 -35.2682750 17.547  2.890       2.329   4.0825  28.4785    17.86      nan      nan    2.581  nan      nan    nan   1.017     nan                                None      -8.759       4.823      -9.871       0.074       4.214       0.083
Gaia DR3 5588068394194840448 114.4789734 -35.6023965 17.041  2.686       1.038   3.9176  28.4792    17.89      nan      nan    2.563  nan      nan    nan   0.989     nan                                None      -8.625       4.877      -9.186       0.054       4.879       0.064
Gaia DR3 5592731113770124800 109.9632704 -32.5249569 17.476  2.716       1.270   1.4081  28.5443    19.36      nan      nan    2.462  nan      nan    nan   0.985     nan                                None      -7.451       4.513      -7.910       0.065       4.987       0.082
Gaia DR3 5593011729755869696 112.2130860 -31.8483765  6.377 -0.236       1.947   2.6913  28.6017    18.97      nan      nan    2.805  nan      nan    nan   0.996     nan                                None      -8.971       4.826     -10.028       0.040       4.369       0.040
Gaia DR3 5606096875892980736 108.6901185 -29.8133341 13.495  0.961       1.329   4.2968  28.6753    20.02      nan      nan    2.617  nan      nan    nan   0.963     nan                                None      -7.662       4.373      -7.562       0.012       3.646       0.015
Gaia DR3 5603251271081886848 109.2682497 -32.5235304 17.592  2.835       2.758   1.5894  28.6848    19.51      nan      nan    2.464  nan      nan    nan   0.996     nan                                None      -7.324       4.565      -6.602       0.075       5.803       0.087
Gaia DR3 5587995925202424320 114.7431144 -36.0528458 12.132  0.757       1.239   4.3090  28.6995    17.76      nan      nan    2.668  nan      nan    nan   1.001     nan                                None      -9.031       5.132      -9.427       0.012       4.559       0.014
Gaia DR3 5588155629266707584 113.1095204 -35.8018566 18.573  2.718       1.338   3.0573  28.7061    18.17      nan      nan    2.506  nan      nan    nan   0.933     nan                                None      -8.180       4.917      -8.200       0.143       5.623       0.178
Gaia DR3 5588114882921600384 114.6556994 -35.2248244 16.591  2.509       2.129   3.9157  28.7217    17.91      nan      nan    2.732  nan      nan    nan   1.017     nan                                None      -9.231       5.115     -10.236       0.042       4.412       0.046
Gaia DR3 5591783850143616896 113.9049891 -34.0933235 18.933  3.134       2.453   3.1004  28.7289    18.26      nan      nan    2.789  nan      nan    nan   1.062     nan                                None      -9.268       5.080     -10.613       0.177       4.560       0.191
Gaia DR3 5591591568744980224 111.4160460 -34.2041044 17.907  2.919       1.273   1.0697  28.7301    18.79      nan      nan    2.457  nan      nan    nan   1.014     nan                                None      -7.708       4.687      -7.459       0.095       5.298       0.114
Gaia DR3 5602683961740954624 107.9737477 -34.0308757 13.007  1.231       1.726   1.8248  28.8488    19.53      nan      nan    2.467  nan      nan    nan   1.593     nan                                None      -7.083       4.928      -6.449       0.020       5.563       0.020
Gaia DR3 5602948634806032640 107.3085586 -33.5663009 16.048  2.175       0.605   2.4061  28.8696    19.73      nan      nan    2.818  nan      nan    nan   1.005     nan                                None      -7.941       5.585      -7.699       0.030       5.319       0.037
Gaia DR3 5591709804906748672 112.8402163 -33.2687204 15.928  2.284       1.017   2.3178  28.9700    18.62      nan      nan    2.822  nan      nan    nan   1.006     nan                                None      -9.156       5.078      -9.753       0.032       4.979       0.035
Gaia DR3 5588427483520091648 115.0106523 -35.3173807 12.949  0.974       2.851   4.2199  29.0017    17.82      nan      nan    2.590  nan      nan    nan   1.303     nan                                None      -8.816       4.832      -9.699       0.017       6.114       0.019
Gaia DR3 5592928098151058816 112.4158419 -32.4484175 17.280  2.951       1.004   2.3882  29.0045    18.84      nan      nan    2.820  nan      nan    nan   2.337     nan                                None      -9.060       4.951      -9.474       0.133       5.381       0.149
Gaia DR3 5591844525143255936 114.3055520 -33.3938614 19.986  3.168       1.952   3.4820  29.0597    18.27      nan      nan    2.771  nan      nan    nan   1.073     nan                                None      -9.291       4.882      -8.203       0.413       4.543       0.413
Gaia DR3 5588039119697213952 114.8704394 -35.6094934 16.017  1.935       2.481   4.2129  29.0765    17.80      nan      nan    2.703  nan      nan    nan   1.037     nan                                None      -9.175       5.109      -7.803       0.033       5.452       0.037
Gaia DR3 5588641510326733824 115.4623735 -34.0801112 18.779  3.016       1.644   4.3895  29.0831    17.90      nan      nan    2.657  nan      nan    nan   0.998     nan                                None      -9.131       4.701      -8.279       0.137       4.352       0.156
Gaia DR3 5605133055176112512 109.1705678 -30.9622136 14.733  1.606       0.305   3.0780  29.1202    19.76      nan      nan    2.794  nan      nan    nan   1.000     nan                                None      -8.283       4.868      -8.382       0.016       5.018       0.019
Gaia DR3 5588696799444378624 114.8973597 -34.6527098 19.894    nan       2.864   3.9728  29.1500    17.94      nan      nan    2.734  nan      nan    nan   0.910     nan                                None      -9.285       4.993      -7.718       0.319       5.511       0.652
Gaia DR3 5586321201497010560 113.2156130 -37.4359467 17.829  2.915       1.051   4.2964  29.1983    17.87      nan      nan    2.692  nan      nan    nan   0.963     nan                                None      -8.810       5.565      -8.571       0.085       5.018       0.092
Gaia DR3 5588349078889344384 113.6432813 -34.9001857 15.282  1.892       1.888   3.0272  29.2202    18.19      nan      nan    2.797  nan      nan    nan   1.055     nan                                None      -9.243       5.271     -10.103       0.025       4.563       0.026
Gaia DR3 5588514280520532224 115.2477570 -34.8335942 19.901  2.984       1.266   4.2879  29.2259    17.84      nan      nan    2.595  nan      nan    nan   1.081     nan                                None      -8.880       4.740      -8.835       0.396       5.431       0.440
Gaia DR3 5588929857254434816 114.9554177 -33.2928153 19.288  3.371       1.799   4.0342  29.2280    18.13      nan      nan    2.562  nan      nan    nan   1.078     nan                                None      -8.713       4.443      -7.787       0.237       4.147       0.275
Gaia DR3 5604639099573553152 107.2979358 -30.6695896 17.307  2.831       2.122   4.0586  29.2363    20.19      nan      nan    2.727  nan      nan    nan   0.996     nan                                None      -7.681       4.824      -6.784       0.061       5.650       0.071
Gaia DR3 5587867973837543168 113.8681583 -36.7452277 19.981  2.968       1.956   4.1307  29.2477    17.85      nan      nan    2.718  nan      nan    nan   1.068     nan                                None      -9.028       5.435      -8.602       0.388       4.398       0.495
Gaia DR3 5590084005164740352 110.9090522 -34.4555210 17.506  2.892       1.244   0.8109  29.2655    18.86      nan      nan    2.853  nan      nan    nan   1.092     nan                                None      -8.842       5.538      -9.399       0.089       5.038       0.084
Gaia DR3 5578380489860819072 105.5522605 -36.2206753 18.600  3.506       1.879   4.4228  29.3059    19.60      nan      nan    2.632  nan      nan    nan   1.072     nan                                None      -7.044       5.848      -6.019       0.150       5.663       0.207
Gaia DR3 5587232039506266752 114.6877865 -36.3445535 17.575  2.973       0.940   4.4168  29.3073    17.73      nan      nan    2.661  nan      nan    nan   0.985     nan                                None      -8.997       5.175      -9.430       0.077       4.873       0.081
Gaia DR3 5591913725656362624 113.7390378 -32.9912341 19.212  3.066       1.451   3.1193  29.3525    18.46      nan      nan    2.503  nan      nan    nan   1.056     nan                                None      -8.287       4.386      -8.901       0.227       3.929       0.236
Gaia DR3 5592035088552697344 114.5906889 -32.5726931 11.252  0.553       1.914   3.9349  29.3585    18.32      nan      nan    2.551  nan      nan    nan   0.918     nan                                None      -8.607       4.330      -9.596       0.014       4.042       0.015
Gaia DR3 5588109896455348608 114.3295836 -35.3539666 18.940  3.101       1.668   3.7090  29.3765    17.97      nan      nan    2.760  nan      nan    nan   0.983     nan                                None      -9.259       5.221     -10.206       0.181       5.008       0.238
Gaia DR3 5590916984003982976 110.4347225 -33.8570742 19.547  3.160       1.302   0.2289  29.3823    19.05      nan      nan    2.858  nan      nan    nan   1.086     nan                                None      -8.752       5.468      -9.489       0.271       5.199       0.303
Gaia DR3 5606490024326160128 109.3788212 -29.5315873 16.776  2.514       0.941   4.4420  29.3832    19.91      nan      nan    2.640  nan      nan    nan   1.038     nan                                None      -7.869       4.309      -7.814       0.046       4.830       0.048
Gaia DR3 5592826595182606080 111.3113943 -32.0459452 17.881  2.912       0.964   2.1063  29.3860    19.14      nan      nan    2.470  nan      nan    nan   1.000     nan                                None      -7.730       4.348      -7.980       0.090       4.783       0.097
Gaia DR3 5592543509595440128 111.9456022 -32.7946978 19.869  1.507       2.225   1.8627  29.3934    18.89      nan      nan    2.464  nan      nan    nan   1.065     nan                                None      -7.831       4.422      -6.744       0.372       4.030       0.444
Gaia DR3 5604874463781054336 110.4980886 -31.8770881 19.368  1.565       1.090   2.0637  29.4047    19.34      nan      nan    2.833  nan      nan    nan   1.243     nan                                None      -8.690       5.019      -8.321       0.296       4.483       0.315
Gaia DR3 5590636715913979904 108.4650675 -34.5126402 16.684  2.523       1.098   1.5287  29.4278    19.35      nan      nan    2.845  nan      nan    nan   1.064     nan                                None      -8.277       5.740      -8.861       0.044       5.435       0.055
Gaia DR3 5592355317010744576 111.2774673 -33.9375988 19.895  2.965       1.896   0.9187  29.4462    18.86      nan      nan    2.854  nan      nan    nan   0.980     nan                                None      -8.924       5.404      -9.689       0.370       4.559       0.402
Gaia DR3 5606436143950349440 109.8541926 -29.4954054 19.186  2.515       1.802   4.4351  29.4604    19.82      nan      nan    2.664  nan      nan    nan   1.070     nan                                None      -8.040       4.309      -9.029       0.209       4.096       0.246
Gaia DR3 5588017777996047360 114.9901573 -35.9888828 12.215  0.763       1.021   4.4573  29.4790    17.72      nan      nan    2.642  nan      nan    nan   0.900     nan                                None      -8.990       5.048      -8.703       0.009       4.557       0.012
Gaia DR3 5586601950617277184 112.5499074 -36.6927200 19.159  3.025       1.540   3.3829  29.5325    18.14      nan      nan    2.513  nan      nan    nan   1.022     nan                                None      -8.101       5.129      -7.286       0.203       5.094       0.242
Gaia DR3 5604867179521200000 109.5605224 -31.6014300 16.748  2.545       1.171   2.3769  29.5367    19.58      nan      nan    2.825  nan      nan    nan   1.070     nan                                None      -8.462       5.024      -7.791       0.047       5.213       0.062
Gaia DR3 5603694511705810432 105.0337294 -33.5261090 19.825  2.678       2.122   4.2902  29.5523    20.17      nan      nan    2.587  nan      nan    nan   1.053     nan                                None      -6.817       5.275      -7.476       0.438       6.227       0.394
Gaia DR3 5588842033759996160 115.5092711 -33.8206935 18.311  3.127       2.335   4.4335  29.6150    17.92      nan      nan    2.616  nan      nan    nan   1.014     nan                                None      -8.998       4.579     -10.156       0.121       4.015       0.129
Gaia DR3 5588521835363276672 115.5217748 -34.6249943 19.697  2.831       2.289   4.4770  29.6209    17.80      nan      nan    2.651  nan      nan    nan   0.961     nan                                None      -9.122       4.780      -8.394       0.251       3.729       0.314
Gaia DR3 5588720645107224832 114.5772386 -34.2724808 12.132  0.950       0.230   3.6657  29.6437    18.08      nan      nan    2.528  nan      nan    nan  13.913     nan                                None      -8.527       4.580      -8.647       0.141       4.603       0.141
Gaia DR3 5590841564373998720 110.9560247 -34.3138980 12.032  0.735       0.867   0.7592  29.6444    18.87      nan      nan    2.448  nan      nan    nan   0.885     nan                                None      -7.596       4.724      -7.421       0.008       4.313       0.010
Gaia DR3 5588509190973821824 114.9626657 -34.6640200 12.817  0.917       0.952   4.0276  29.7267    17.93      nan      nan    2.739  nan      nan    nan   0.996     nan                                None      -9.313       4.997      -9.723       0.011       4.631       0.014
Gaia DR3 5588525889811946240 115.5365764 -34.5037543 17.556  2.915       1.298   4.4749  29.7268    17.82      nan      nan    2.625  nan      nan    nan   0.927     nan                                None      -9.036       4.711      -9.590       0.072       4.254       0.084
Gaia DR3 5593319696092395648 111.6878137 -30.9563327 17.687  2.925       1.113   3.2305  29.7298    19.21      nan      nan    2.793  nan      nan    nan   0.989     nan                                None      -8.822       4.672      -9.459       0.073       4.826       0.084
Gaia DR3 5587229982219280768 114.6861781 -36.4951873 13.305  1.010       1.935   4.4972  29.7798    17.70      nan      nan    2.634  nan      nan    nan   1.045     nan                                None      -8.905       5.148      -7.839       0.012       5.013       0.012
Gaia DR3 5587942912429914752 113.4703975 -36.2471407 18.235  2.311       2.164   3.5628  29.8045    18.02      nan      nan    2.775  nan      nan    nan   1.187     nan                                None      -9.135       5.495      -8.376       0.150       4.482       0.159
Gaia DR3 5593008912257308928 112.2325453 -31.8411283 13.577  1.162       0.484   2.7073  29.8117    18.97      nan      nan    2.817  nan      nan    nan   1.093     nan                                None      -9.011       4.842      -9.271       0.011       4.965       0.012
Gaia DR3 5606061077349820800 109.4488453 -29.8175612 12.378  0.802       0.685   4.1502  29.8634    19.86      nan      nan    2.728  nan      nan    nan   0.926     nan                                None      -8.148       4.506      -8.392       0.008       4.815       0.010
Gaia DR3 5606046818058654080 109.4316079 -29.9451312 12.984  0.968       1.389   4.0263  29.8729    19.85      nan      nan    2.741  nan      nan    nan   1.740     nan                                None      -8.183       4.554      -8.889       0.023       4.173       0.027
Gaia DR3 5606105401413960576 109.0640006 -29.8255174 17.405  2.872       1.047   4.2031  29.8882    19.94      nan      nan    2.723  nan      nan    nan   1.043     nan                                None      -8.049       4.525      -8.485       0.063       4.939       0.071
Gaia DR3 5593008912250441472 112.2324389 -31.8414789 17.312    nan       2.043   2.7070  29.8905    18.97      nan      nan    2.817  nan      nan    nan   1.220     nan                                None      -9.014       4.844      -9.578       0.150       5.918       0.112
Gaia DR3 5566051395397996928 107.3788736 -37.5136152 12.786  1.029       1.448   4.2461  29.9354    19.03      nan      nan    2.573  nan      nan    nan   1.053     nan                                None      -7.266       5.820      -6.950       0.013       6.539       0.014
Gaia DR3 5588725451167265792 114.8821715 -34.4584362 19.854  3.226       0.955   3.9338  29.9405    17.98      nan      nan    2.543  nan      nan    nan   0.971     nan                                None      -8.634       4.613      -8.460       0.308       4.131       0.313
