GaiaDR3                               RA         DEC   Gmag  Bp-Rp  Voff(km/s) Sep(deg)   3D(pc) Vr(pred)  Vr(obs)    Vrerr Plx(mas)  SpT    FnuvJ  W1-W3    RUWE  XCrate                               RVsrc    PMRApred   PMDecpred        PMRA     PMRAerr       PMDec    PMDecerr
Gaia DR3 2908664557091200768  83.2692529 -26.7238488  8.799  1.220       0.000   0.0000   0.0000    48.66      nan      nan   30.652  nan      nan    nan   1.138     nan                                None      16.886     150.779      16.886       0.012     150.779       0.015
Gaia DR3 2907692417013250560  86.0663169 -27.9367716 14.189  2.890       1.421   2.7649   6.4262    48.22      nan      nan   25.762  nan      nan    nan   1.140     nan                                None      -0.133     132.455      -7.554       0.014     130.344       0.016
Gaia DR3 2967789386125779200  87.3439702 -17.5784401  8.249  1.107       2.379   9.8912   6.6368    51.80      nan      nan   34.984  nan      nan    nan   1.019     nan                                None      -9.068     112.931     -22.088       0.017     101.175       0.018
Gaia DR3 2896875868296620928  93.7170883 -29.4912113  8.969  1.121       0.923   9.6179   8.2571    47.12      nan      nan   26.063  nan      nan    nan   1.152     nan                                None     -39.671     139.836     -37.100       0.012     144.209       0.013
Gaia DR3 2965774153111101696  88.1442450 -21.0111157 12.735  2.657       1.131   7.2444   8.8843    50.77      nan      nan   40.833  nan      nan    nan   1.204     nan                                None     -17.080     158.222     -21.735       0.016     166.777       0.019
Gaia DR3 2990644380279100288  90.6785124 -17.9702154 11.993  2.313       2.865  11.1103  10.8994    51.54      nan      nan   24.440  nan      nan    nan   1.317     nan                                None     -22.518      80.458     -33.829       0.014      89.944       0.017
Gaia DR3 3210312170555686272  78.9374751  -4.7965505  6.965  0.771       2.250  22.3142  12.4006    53.50      nan      nan   32.509  nan      nan    nan   1.043     nan                                None      45.804      23.520      52.319       0.023      37.495       0.016
Gaia DR3 5607355546128350464 102.7735327 -31.4336689 16.008  3.545       1.443  17.6567  13.3064    44.69      nan      nan   25.010  nan      nan    nan   1.066     nan                                None     -82.050     137.574     -76.237       0.038     132.668       0.045
Gaia DR3 3212075924646082176  77.1823199  -4.4561361  4.981  0.632       2.127  23.0149  13.5842    53.29      nan      nan   39.439  nan      nan    nan   1.084     nan                                None      69.202      25.740      54.278       0.085      16.252       0.063
Gaia DR3 5571959311890036992  94.0917216 -41.3746477 17.019  0.529       1.154  17.1446  13.5848    40.83      nan      nan   24.528  nan      nan    nan   0.976     nan                                None     -39.145     178.816     -33.261       0.065     177.829       0.056
Gaia DR3 4772547941122028672  79.8423925 -50.6049548  5.306  0.677       2.801  24.0242  14.6090    34.90      nan      nan   27.869  nan      nan    nan   0.923     nan                                None      34.286     240.034      23.314       0.056     227.768       0.069
Gaia DR3 2887048811323390848  87.6254267 -36.9394138 14.497  2.923       2.672  10.8616  15.0002    43.79      nan      nan   21.871  nan      nan    nan   1.143     nan                                None      -6.893     145.818      -0.435       0.018     135.324       0.019
Gaia DR3 2904576091822688512  86.8751322 -28.9107999 15.553  3.138       2.676   3.8666  15.4968    47.79      nan      nan   20.881  nan      nan    nan   1.040     nan                                None      -3.466     110.944      -0.689       0.025      99.495       0.029
Gaia DR3 4792058603158427648  88.7085856 -52.6343967  5.214  0.412       1.496  26.2288  15.6298    33.59      nan      nan   28.330  nan      nan    nan   0.886     nan                                None     -15.027     252.457     -17.513       0.056     243.873       0.073
Gaia DR3 3170966696712209664  67.6439163 -17.9596872 15.509  3.324       2.623  16.8783  16.3273    49.08      nan      nan   22.463  nan      nan    nan  10.527     nan                                None      80.778      70.130      69.736       0.277      75.819       0.268
Gaia DR3 5084855869576641280  52.8669605 -26.3265319 12.722  2.355       2.413  27.1398  16.5902    40.99      nan      nan   27.499  nan      nan    nan   1.584     nan                                None     171.456     110.825     172.500       0.012      96.874       0.019
Gaia DR3 2968212148344792832  80.9296257 -20.7321284 18.125  4.319       2.920   6.3625  17.2552    50.69      nan      nan   20.286  nan      nan    nan   1.039     nan                                None      20.591      77.275       8.216       0.084      78.958       0.109
Gaia DR3 3215795435043618432  84.8797749  -3.5646944  5.913  0.411       2.700  23.2104  17.3734    53.97      nan      nan   23.999  nan      nan    nan   1.165     nan                                None       5.539      11.663      -4.309       0.028       2.195       0.024
Gaia DR3 3319586682709428224  87.4967346   3.8609655 11.600  2.188       0.423  30.8568  17.6075    53.80      nan      nan   29.863  nan      nan    nan   1.143     nan                                None      -8.648     -29.543      -6.380       0.021     -30.935       0.018
Gaia DR3 2999254213453678720  89.1693121 -10.3099368 11.947  2.775       1.331  17.3328  18.0669    53.25      nan      nan   62.840  nan      nan    nan   1.266     nan                                None     -39.083     114.187     -27.809       0.018     127.748       0.017
Gaia DR3 2995725777563537792  89.1010328 -14.1670808  3.636  0.539       2.308  13.6879  18.4352    52.56      nan      nan   66.857  nan      nan    nan   4.160     nan                                None     -40.675     171.748     -41.474       0.125     139.222       0.133
Gaia DR3 3280103911647149696  64.9281675   2.2326136 14.401  3.117       2.475  33.9373  18.7196    50.31      nan      nan   31.859  nan      nan    nan   1.119     nan                                None     130.758     -20.285     121.114       0.031      -6.743       0.021
Gaia DR3 3171831011634286592  66.8833098 -17.1081723  8.303  0.883       1.948  17.9590  19.1509    49.08      nan      nan   21.128  nan      nan    nan   0.995     nan                                None      79.002      62.401      78.169       0.019      71.039       0.016
Gaia DR3 4683172420470864256  58.8840094 -56.1901149 17.046  0.823       2.455  34.2787  19.3284    27.62      nan      nan   30.345  nan      nan    nan   1.041     nan                                None     157.819     251.867     144.530       0.064     243.496       0.070
Gaia DR3 3171831015929051648  66.8829439 -17.1078122 10.620  1.448       1.008  17.9595  19.5296    49.08      nan      nan   20.932  nan      nan    nan   3.533     nan                                None      78.271      61.820      82.370       0.058      60.093       0.067
Gaia DR3 3195979899048978304  63.3180274  -7.5589266 14.218  2.780       2.098  26.9456  19.7226    49.53      nan      nan   23.732  nan      nan    nan  24.407     nan                                None     104.453      27.570     114.358       0.419      24.098       0.327
Gaia DR3 5509386895427743616 103.1623900 -48.2827441 15.227  3.069       1.742  26.5463  20.0664    35.14      nan      nan   23.271  nan      nan    nan   1.018     nan                                None     -78.067     185.709     -69.600       0.027     184.533       0.027
Gaia DR3 4767643225908022656  89.4350469 -55.5490612 13.880  2.786       2.091  29.1707  20.0726    31.37      nan      nan   24.548  nan      nan    nan   1.201     nan                                None     -16.563     227.160     -20.034       0.015     216.909       0.017
Gaia DR3 5073000900844651776  45.9040131 -25.5919823 10.322  1.991       2.804  33.4371  20.0964    37.70      nan      nan   27.618  nan      nan    nan   7.499     nan                                None     202.858      98.376     216.662       0.085     107.086       0.111
Gaia DR3 2985035874544160384  80.9097575 -14.0498429 18.032  4.788       2.828  12.8644  20.4078    52.45      nan      nan   78.527  nan      nan    nan   0.927     nan                                None      80.019     199.384     107.484       0.140     161.468       0.141
Gaia DR3 4813927129223793920  76.6204328 -40.9101445 11.473  1.945       0.828  15.2114  20.4533    40.96      nan      nan   19.977  nan      nan    nan   0.983     nan                                None      37.257     143.697      35.577       0.015     146.755       0.014
Gaia DR3 4779473318188791680  62.3823378 -55.3476592 14.843  3.041       1.789  32.3912  20.6284    29.00      nan      nan   25.969  nan      nan    nan   1.122     nan                                None     118.743     219.674     108.973       0.025     220.388       0.029
Gaia DR3 3294950273559214592  74.5877759  10.9975792 14.336  2.979       2.544  38.6524  21.6794    51.77      nan      nan   30.415  nan      nan    nan   1.226     nan                                None      68.814     -71.448      58.807       0.033     -58.569       0.023
Gaia DR3 5292870653369334656 109.4130263 -61.5244906 14.756  3.112       2.467  38.9610  22.1304    24.57      nan      nan   29.700  nan      nan    nan   1.064     nan                                None    -134.253     269.912    -129.784       0.025     255.125       0.027
Gaia DR3 5613116265512516352 111.0026601 -26.6025763 14.457  3.059       0.748  24.7349  22.1656    44.26      nan      nan   21.234  nan      nan    nan   1.075     nan                                None    -102.109      93.995     -99.201       0.015      95.659       0.020
Gaia DR3 4965627680518079872  35.5777738 -36.8637660 14.535  3.545       2.040  41.3409  22.3529    28.14      nan      nan   32.860  nan      nan    nan   1.759     nan                                None     288.763     137.135     279.052       0.028     126.867       0.043
Gaia DR3 3393705865345852544  79.0086523  15.8741053 12.343  2.396       2.557  42.7986  22.4055    51.28      nan      nan   36.757  nan      nan    nan   1.246     nan                                None      51.273    -121.574      31.466       0.023    -120.962       0.016
Gaia DR3 3035176873248454656 111.6567347 -10.9540769 14.189  2.818       2.746  31.0280  22.5549    48.02      nan      nan   23.263  nan      nan    nan   1.170     nan                                None    -114.601      40.330    -118.897       0.017      53.093       0.015
Gaia DR3 5718996555205454336 116.4083172 -16.0454022 11.633  2.001       1.987  32.5351  22.6393    45.08      nan      nan   23.917  nan      nan    nan   1.624     nan                                None    -137.776      59.871    -143.500       0.023      68.094       0.024
Gaia DR3 4864428286699950976  67.7370418 -39.0294326 10.839  1.564       1.976  17.8830  22.6873    40.50      nan      nan   19.454  nan      nan    nan   0.957     nan                                None      69.615     129.160      74.897       0.010     135.308       0.014
Gaia DR3 3184970553543855744  70.8209075  -9.6180350 11.919  2.053       2.717  20.7621  22.6882    51.57      nan      nan   19.990  nan      nan    nan   1.351     nan                                None      59.796      32.332      51.054       0.024      39.723       0.018
Gaia DR3 3184970557839905792  70.8186091  -9.6179276  7.899  0.773       2.768  20.7634  22.8485    51.56      nan      nan   19.916  nan      nan    nan   0.953     nan                                None      59.584      32.211      52.775       0.033      41.627       0.025
Gaia DR3 3018592527044342656  88.7757005  -7.7990659 16.508  3.790       2.746  19.6334  23.0036    53.60      nan      nan   19.626  nan      nan    nan   1.010     nan                                None     -10.672      25.981     -21.688       0.086      23.202       0.076
Gaia DR3 3005432021398373376  90.5647603  -9.3941187  9.552  1.120       2.463  18.6531  23.4567    53.30      nan      nan   19.261  nan      nan    nan   0.938     nan                                None     -17.312      31.478     -18.630       0.013      21.563       0.015
Gaia DR3 3374052988354372992  93.7115255  19.1556370  5.073  0.598       2.880  46.9845  23.8590    50.22      nan      nan   45.921  nan      nan    nan   1.178     nan                                None     -69.848    -179.827     -97.608       0.207    -182.448       0.131
Gaia DR3 4654435618927743872  65.0554892 -70.0968345 14.809  3.906       2.005  44.6295  23.8810    18.16      nan      nan   60.571  nan      nan    nan   1.396     nan                                None     247.171     601.324     243.621       0.046     626.685       0.056
Gaia DR3 4943207710712867712  32.4854797 -45.7731004 11.945  2.306       1.730  44.2641  24.0084    23.14      nan      nan   32.287  nan      nan    nan   1.228     nan                                None     295.952     151.595     289.004       0.014     142.086       0.016
Gaia DR3 3200303384927512960  70.0984713  -5.5016885 14.904  4.640       2.078  24.6604  24.1119    51.80      nan      nan  102.594  nan      nan    nan   1.099     nan                                None     321.089      85.020     334.529       0.064     127.914       0.056
Gaia DR3 2942606996437015680  93.0266809 -18.6476446 17.566  3.979       2.226  12.0846  24.2224    51.14      nan      nan   18.135  nan      nan    nan   0.952     nan                                None     -25.134      61.756     -19.206       0.093      55.648       0.104
Gaia DR3 3129655296079487872 104.3720339   5.8465053 17.266  0.717       2.596  38.4508  24.3437    50.90      nan      nan   25.638  nan      nan    nan   1.024     nan                                None     -91.881     -33.930    -104.656       0.103     -28.132       0.085
Gaia DR3 5604125558923001472 105.2575217 -31.9472954 14.412  2.876       0.096  19.8275  24.4393    43.84      nan      nan   19.054  nan      nan    nan   1.084     nan                                None     -71.464     104.883     -71.101       0.016     104.758       0.017
Gaia DR3 4971681351020953088  34.1752048 -30.9872910 10.787  2.676       1.123  42.8679  24.5540    29.14      nan      nan   74.574  nan      nan    nan   1.515     nan                                None     668.373     255.912     684.435       0.033     248.576       0.032
Gaia DR3 4971869092631523200  34.1498242 -30.9676518 11.742  2.910       1.115  42.8919  24.5641    29.13      nan      nan   74.638  nan      nan    nan   1.508     nan                                None     669.187     255.825     684.066       0.041     246.538       0.039
Gaia DR3 4895478014031745792  65.0556395 -26.4396829 14.598  2.693       1.431  16.2770  24.8322    45.63      nan      nan   18.381  nan      nan    nan   1.304     nan                                None      75.006      83.405      73.775       0.016      77.998       0.025
Gaia DR3 2958527168893004544  82.0305520 -23.3169452 15.797  3.183       1.765   3.5870  24.8358    49.90      nan      nan   17.448  nan      nan    nan   1.050     nan                                None      13.903      74.933      20.178       0.025      73.272       0.031
Gaia DR3 4895478014031745664  65.0563817 -26.4396804 13.863  2.518       0.622  16.2763  24.8675    45.63      nan      nan   18.368  nan      nan    nan   1.159     nan                                None      74.951      83.346      72.580       0.011      83.773       0.017
Gaia DR3 3215687098789011456  84.6398847  -3.9070873 15.698  3.140       0.718  22.8544  24.9612    53.95      nan      nan   19.391  nan      nan    nan   1.068     nan                                None       5.401      10.741       2.544       0.041      10.068       0.038
Gaia DR3 4895477945312269184  65.0600473 -26.4458797 15.624  3.129       1.441  16.2725  24.9712    45.63      nan      nan   18.330  nan      nan    nan   1.044     nan                                None      74.783      83.195      70.804       0.022      79.302       0.033
Gaia DR3 5539736336937681920 123.0656783 -40.5022171  8.051  0.787       2.714  35.5234  25.1864    33.48      nan      nan   23.182  nan      nan    nan   0.994     nan                                None    -159.065     133.043    -147.216       0.018     127.088       0.024
Gaia DR3 5151358868307074432  31.3743418 -11.9913570 20.207  3.207       2.099  50.7584  25.2701    30.78      nan      nan   49.346  nan      nan    nan   1.629     nan                                None     458.710      56.810     437.357       1.378      52.262       1.011
Gaia DR3 3365092380904700544 104.8693884  19.5084489 11.679  2.570       1.778  50.7568  25.2702    47.84      nan      nan   49.453  nan      nan    nan   0.978     nan                                None    -181.865    -188.491    -174.423       0.023    -205.470       0.020
Gaia DR3 4886300351818391552  65.0270644 -28.2518450 12.288  2.087       2.890  16.2393  25.2851    44.92      nan      nan   18.213  nan      nan    nan   1.256     nan                                None      74.419      88.129      70.317       0.012      77.819       0.014
Gaia DR3 5510501009946150912 109.9549352 -46.3416381 16.744  3.720       2.925  28.8039  25.3341    34.85      nan      nan   20.637  nan      nan    nan   0.953     nan                                None     -95.326     152.349     -89.036       0.048     163.410       0.061
Gaia DR3 3365853960214183040 102.9024802  20.3899574 11.960  2.428       2.469  50.8117  25.8801    48.09      nan      nan   38.277  nan      nan    nan   1.113     nan                                None    -126.513    -153.418    -115.088       0.021    -137.100       0.018
Gaia DR3 2931835527693301248 109.7239036 -17.1803278 16.616  3.458       2.265  26.2587  26.1305    47.57      nan      nan   19.592  nan      nan    nan   1.127     nan                                None     -89.675      56.220     -98.739       0.075      53.911       0.079
Gaia DR3 3309233376280902272  69.3684981  14.2875934 16.316  3.801       1.920  43.1782  26.2065    49.88      nan      nan   26.654  nan      nan    nan   1.003     nan                                None      87.134     -77.558      78.306       0.065     -71.354       0.045
Gaia DR3 2931835527700340224 109.7234581 -17.1803620 16.676  3.742       2.347  26.2583  26.3871    47.57      nan      nan   19.475  nan      nan    nan   1.076     nan                                None     -89.137      55.883     -95.362       0.073      48.529       0.084
Gaia DR3 4934923028038871296  18.8005589 -45.5308733  4.828  0.728       2.132  53.8011  26.6303    15.39      nan      nan   65.527  nan      nan    nan   1.381     nan                                None     688.519     195.914     665.086       0.052     178.070       0.064
Gaia DR3 3137517697572611072 117.7153430   4.8268089 13.867  2.895       2.892  45.8834  27.2874    45.72      nan      nan   27.240  nan      nan    nan   1.292     nan                                None    -162.984     -28.274    -153.075       0.022     -14.945       0.015
Gaia DR3 2494515807221447424  33.5389396  -1.7662386 13.279  2.829       2.519  53.7771  27.2890    32.90      nan      nan   37.751  nan      nan    nan   1.228     nan                                None     341.276      -0.335     321.278       0.021      -1.736       0.018
Gaia DR3 3163115462135824256 111.3763727  12.4716925 15.162  3.219       1.205  47.7672  27.4134    47.44      nan      nan   28.662  nan      nan    nan   1.137     nan                                None    -139.758     -69.981    -145.182       0.040     -65.124       0.035
  Gaia DR3 63054590968017408  56.3002539  19.6734004 14.205 -0.036       1.337  53.2595  27.5641    43.81      nan      nan   35.399  nan      nan    nan   1.120     nan                                None     200.092    -125.332     200.756       0.033    -115.375       0.023
Gaia DR3 5098860967653146880  52.6087575 -22.0481614 10.614  1.494       0.336  28.2440  28.0707    42.18      nan      nan   19.163  nan      nan    nan   4.519     nan                                None     120.301      64.449     119.203       0.111      63.654       0.111
Gaia DR3 2983025937226006656  76.8022693 -16.2959115 15.906  3.189       2.834  12.0328  28.2593    51.47      nan      nan   16.853  nan      nan    nan   1.005     nan                                None      30.829      49.582      22.097       0.040      54.598       0.038
Gaia DR3 2971263602350950912  83.0944627 -17.9216395 16.001  3.219       0.641   8.8037  28.4450    51.65      nan      nan   16.599  nan      nan    nan   1.029     nan                                None       9.721      54.607      11.600       0.040      53.383       0.040
Gaia DR3 5313289168430786560 141.0793043 -51.5817235 14.123  2.721       2.766  49.6085  28.6546    20.06      nan      nan   28.239  nan      nan    nan   1.087     nan                                None    -263.708     140.555    -260.553       0.018     124.394       0.017
Gaia DR3 4897925080239181952  68.3502463 -22.9783342 15.311  2.971       0.479  14.0358  28.8044    47.79      nan      nan   16.850  nan      nan    nan   1.018     nan                                None      58.343      67.954      59.723       0.018      66.956       0.023
Gaia DR3 3130018336777730432  98.5667083   2.7465696 18.223  0.707       1.843  32.9653  29.1049    52.62      nan      nan   19.827  nan      nan    nan   1.056     nan                                None     -49.000     -14.980     -43.495       0.212     -20.369       0.206
Gaia DR3 3273601331161715072  59.6237870   5.3535740 15.092  3.251       2.821  39.4057  29.1239    48.07      nan      nan   21.889  nan      nan    nan   1.117     nan                                None     110.966     -25.697     100.157       0.045     -32.952       0.034
Gaia DR3 3017769886188243712  88.8855391  -8.4900333 13.705  2.848       2.449  18.9950  29.2536    53.51      nan      nan   17.210  nan      nan    nan   3.703     nan                                None      -9.734      25.124      -9.963       0.050      16.242       0.047
  Gaia DR3 66101646928253312  60.6024836  24.6894621 11.893  2.357       2.285  55.8739  29.5095    43.88      nan      nan   33.117  nan      nan    nan   1.604     nan                                None     162.088    -149.044     146.227       0.034    -147.346       0.020
Gaia DR3 3207474846441457280  79.6708490  -7.0252897 12.373  2.030       2.485  19.9935  29.5985    53.41      nan      nan   17.219  nan      nan    nan   1.220     nan                                None      21.768      20.042      17.412       0.016      12.145       0.012
Gaia DR3 3312134953106549120  63.7778377  15.3310694 14.963  3.013       2.430  46.1210  29.6112    47.93      nan      nan   24.625  nan      nan    nan   1.049     nan                                None     106.306     -73.950     112.828       0.033     -84.749       0.027
Gaia DR3 3119357819931484160 100.3362891  -0.4962754 11.873  1.935       1.881  30.9392  29.6154    52.35      nan      nan   19.088  nan      nan    nan   2.133     nan                                None     -53.706      -2.427     -51.772       0.043      -9.742       0.043
Gaia DR3 5080946246745224576  57.2288128 -27.4054556 14.037  2.799       2.204  23.1567  29.7540    42.50      nan      nan   17.593  nan      nan    nan   1.197     nan                                None      96.609      77.368      97.096       0.012      69.209       0.016
Gaia DR3 4912751032466852864  24.5874747 -53.8901028 13.122  2.706       1.109  50.4382  30.1859    16.07      nan      nan   26.688  nan      nan    nan   1.346     nan                                None     267.131     113.902     265.519       0.012     107.874       0.014
Gaia DR3 4889906067059302400  60.6785766 -27.4832148  7.284  0.704       2.547  20.0966  30.6991    43.79      nan      nan   16.887  nan      nan    nan   1.096     nan                                None      82.420      76.904      91.243       0.014      74.808       0.018
Gaia DR3 2941487350002624512  93.9515579 -20.2616480 13.978  2.641       2.434  11.7275  30.7191    50.56      nan      nan   16.145  nan      nan    nan  34.233     nan                                None     -25.321      59.729     -21.337       0.435      52.467       0.521
Gaia DR3 3156791758448120576 109.3873758  10.8136948 14.598  3.074       1.146  45.3020  30.8843    48.51      nan      nan   23.071  nan      nan    nan   1.409     nan                                None    -104.181     -50.332    -102.884       0.036     -44.909       0.031
Gaia DR3 3200146807599948160  69.7369639  -5.9962890 10.744  1.476       1.693  24.4098  31.2405    51.67      nan      nan   17.274  nan      nan    nan   1.198     nan                                None      55.256      15.908      49.556       0.020      13.555       0.017
Gaia DR3 5567833325786803840  92.9673293 -44.5746810 20.865  2.324       2.935  19.4787  31.3088    38.94      nan      nan   16.635  nan      nan    nan   0.962     nan                                None     -22.860     129.420     -18.802       1.703     138.880       1.919
 Gaia DR3 901941452829250560 121.8566582  32.2183368 16.499  4.649       2.406  69.4569  31.4597    36.49      nan      nan   52.746  nan      nan    nan   1.092     nan                                None    -351.710    -269.780    -372.942       0.097    -253.509       0.080
Gaia DR3 3217537886095855872  85.0290537  -0.7048285  7.218  0.708       2.998  26.0740  31.4920    54.02      nan      nan   17.439  nan      nan    nan  11.878     nan                                None       3.508      -1.441      -2.481       0.308       7.814       0.248
 Gaia DR3 883579295112563200 107.7159118  27.1104572 15.096  3.410       2.895  58.7453  31.5940    44.20      nan      nan   31.475  nan      nan    nan   1.172     nan                                None    -132.468    -158.125    -151.540       0.045    -160.403       0.038
Gaia DR3 4620280217923548800  49.1988722 -80.2451171 15.942  0.460       2.792  55.3510  31.8442     8.37      nan      nan   28.021  nan      nan    nan   1.047     nan                                None     191.448     250.775     197.917       0.039     235.604       0.041
Gaia DR3 2950537120969927552 100.0145854 -14.8193786 18.624  4.192       0.927  19.6308  31.9185    50.94      nan      nan   16.473  nan      nan    nan   1.710     nan                                None     -45.327      43.041     -48.361       0.421      41.968       0.488
Gaia DR3 6383229053001389312 332.5622450 -71.7693000 13.027  2.965       2.974  70.8334  32.0296    -5.73      nan      nan   51.430  nan      nan    nan   3.155     nan                                None     537.513    -225.339     512.244       0.042    -205.305       0.045
 Gaia DR3 946030529073022080 107.5554961  37.6683156 13.232  2.900       2.970  68.3066  32.0360    39.13      nan      nan   44.601  nan      nan    nan  33.124     nan                                None    -186.384    -296.788    -209.282       0.457    -280.809       0.401
Gaia DR3 4783680152756431104  74.1007694 -51.6028554 17.736  0.688       1.307  25.8274  32.0536    33.65      nan      nan   17.213  nan      nan    nan   0.997     nan                                None      40.577     148.009      44.342       0.089     145.128       0.107
Gaia DR3 2517697429345192064  32.1665143   3.4994177 12.190  2.301       2.015  57.8350  32.0549    31.72      nan      nan   29.726  nan      nan    nan   1.442     nan                                None     273.589     -18.799     264.276       0.026     -27.322       0.021
Gaia DR3 2975887151824778880  74.5350046 -19.6728836 15.011  2.641       2.235  10.6780  32.2087    50.20      nan      nan   15.700  nan      nan    nan   1.078     nan                                None      35.682      55.720      31.368       0.018      49.709       0.019
  Gaia DR3 73326018139806592  33.0717200  11.5169175 12.482  2.570       2.231  61.9352  32.2252    31.67      nan      nan   33.524  nan      nan    nan   1.521     nan                                None     304.950     -53.251     313.529       0.032     -66.481       0.029
Gaia DR3 5700154224428455552 124.3519604 -22.5762040 14.231    nan       2.360  37.4109  32.4691    39.54      nan      nan   19.368  nan      nan    nan   1.221     nan                                None    -136.816      62.497    -131.862       0.042      70.764       0.047
Gaia DR3 5700154224435742080 124.3524028 -22.5762298 14.136  2.779       2.911  37.4113  32.5183    39.54      nan      nan   19.345  nan      nan    nan   1.466     nan                                None    -136.653      62.422    -127.823       0.049      70.356       0.047
Gaia DR3 5700154224435741440 124.3531468 -22.5739970 14.108  2.789       2.749  37.4126  32.6550    39.54      nan      nan   19.281  nan      nan    nan   1.235     nan                                None    -136.204      62.209    -127.821       0.015      69.599       0.014
Gaia DR3 3456311885631965184  86.2392547  37.0834446 19.021  4.058       2.016  63.8684  32.7789    42.45      nan      nan   34.382  nan      nan    nan   1.049     nan                                None      -1.359    -242.339       6.632       0.405    -230.105       0.288
Gaia DR3 3269160060098091008  50.6970556   3.1647080 14.542  3.066       1.012  43.3875  33.2877    43.94      nan      nan   20.694  nan      nan    nan   4.138     nan                                None     136.407     -15.222     139.137       0.114     -11.750       0.099
Gaia DR3 2889739316276681216  91.7156018 -33.1688622 14.711  2.838       2.658   9.7450  33.3250    45.57      nan      nan   15.380  nan      nan    nan   1.081     nan                                None     -17.331      92.545      -8.922       0.021      90.651       0.019
Gaia DR3 5301607166612409088 131.3593837 -60.6858702 12.655  2.374       2.868  46.8267  33.3367    19.52      nan      nan   21.895  nan      nan    nan   0.992     nan                                None    -177.393     150.577    -165.026       0.032     155.305       0.034
Gaia DR3 4899885131514285440  67.5753391 -19.9291812 17.042  3.594       1.195  15.9143  33.6696    48.53      nan      nan   15.666  nan      nan    nan   0.916     nan                                None      56.538      54.432      58.759       0.059      57.694       0.059
 Gaia DR3 182461725544178816  82.0042034  33.7599627 14.260  2.949       2.246  60.4957  33.6868    44.21      nan      nan   29.245  nan      nan    nan   1.218     nan                                None      23.455    -190.139      24.398       0.032    -203.955       0.025
Gaia DR3 3149297036218599040 114.7439376   9.3146731 11.612  2.213       0.459  47.2391  33.7149    46.58      nan      nan   21.797  nan      nan    nan   7.793     nan                                None    -119.289     -40.053    -117.516       0.162     -38.907       0.138
Gaia DR3 3318638117711312768  93.4195742   5.4208953 14.908  2.885       1.318  33.6136  33.7360    53.23      nan      nan   17.965  nan      nan    nan   1.087     nan                                None     -26.291     -23.163     -27.207       0.028     -18.257       0.025
Gaia DR3 3411151369667012096  70.6637429  20.7767260 12.852  2.139       1.493  49.0460  33.7638    48.32      nan      nan   22.488  nan      nan    nan   1.054     nan                                None      67.946     -92.326      61.850       0.024     -95.928       0.015
Gaia DR3 4631733177714882432  18.1049739 -79.6530950 14.258  3.013       1.418  59.3523  33.7818     4.68      nan      nan   28.224  nan      nan    nan   1.149     nan                                None     298.055     117.719     290.487       0.023     121.451       0.023
 Gaia DR3 598784106818004352 131.3606869  10.9127912 10.863  1.902       1.799  59.9553  33.7862    37.09      nan      nan   28.670  nan      nan    nan   1.039     nan                                None    -232.285     -49.757    -223.494       0.019     -43.355       0.014
 Gaia DR3 598807574519308800 131.3640238  10.9146376 13.924  2.898       1.684  59.9590  33.8101    37.09      nan      nan   28.637  nan      nan    nan   1.046     nan                                None    -232.032     -49.705    -223.423       0.026     -44.303       0.019
Gaia DR3 5338897447057280000 164.5475938 -58.5200310 20.199  2.904       1.405  62.9845  34.0018     6.52      nan      nan   30.803  nan      nan    nan   1.271     nan                                None    -343.949      56.057    -348.099       0.572      47.932       0.587
Gaia DR3 3272470792689923584  60.8370059   4.1155042 17.267  3.859       2.991  37.7026  34.0941    48.67      nan      nan   18.706  nan      nan    nan   1.359     nan                                None      90.766     -17.997      79.081       0.131     -16.399       0.092
Gaia DR3 5208534503745727616 122.8504855 -80.0449182 13.718  2.793       2.512  55.8108  34.2034     8.52      nan      nan   25.415  nan      nan    nan  19.325     nan                                None    -173.516     227.389    -161.150       0.317     222.070       0.251
 Gaia DR3 583151353573508480 131.6912357   6.4138309 11.665  2.064       1.405  57.3975  34.3345    37.40      nan      nan   26.207  nan      nan    nan   1.153     nan                                None    -213.544     -29.121    -209.563       0.024     -35.782       0.016
Gaia DR3 3216986446655763584  82.4646248  -2.8143824 20.880  1.909       1.076  23.9219  34.3754    53.90      nan      nan   16.247  nan      nan    nan   4.156     nan                                None      11.546       5.457       8.334       2.496       7.264       1.802
Gaia DR3 3135309568981185024 114.2905620   2.5639803 13.464    nan       2.308  41.8792  34.7355    47.49      nan      nan   19.474  nan      nan    nan   5.636     nan                                None    -105.030     -13.078    -114.393       0.230     -11.623       0.185
Gaia DR3 2936207220292906752 106.9254579 -15.6203897 10.619  1.377       2.272  24.6327  34.7625    48.89      nan      nan   16.221  nan      nan    nan   1.066     nan                                None     -65.892      43.019     -62.853       0.013      35.868       0.014
Gaia DR3 5819260642586368896 243.2717270 -70.1547876 12.278  2.941       2.312  82.0651  34.7677   -15.92      nan      nan   57.678  nan      nan    nan   1.199     nan                                None    -254.353    -574.382    -226.379       0.016    -571.595       0.021
Gaia DR3 4682250892288090752  64.8421050 -57.4438841 12.888  2.444       2.217  33.3811  34.8765    27.99      nan      nan   17.499  nan      nan    nan  24.287     nan                                None      72.102     154.596      77.030       0.286     161.122       0.321
Gaia DR3 3050171806670560256 102.7082498 -10.0590215 13.243  2.378       1.350  24.7878  34.8847    51.14      nan      nan   16.205  nan      nan    nan   1.179     nan                                None     -52.961      27.342     -54.890       0.016      23.151       0.017
Gaia DR3 3176976489830236672  65.4246990 -13.0904945 14.919  2.986       1.517  21.5697  34.9063    49.48      nan      nan   15.843  nan      nan    nan   1.124     nan                                None      63.561      34.830      58.564       0.025      33.998       0.025
Gaia DR3 3334333577476118912  83.2185264   8.1708182 13.889  2.738       2.271  34.8947  35.0996    53.25      nan      nan   17.704  nan      nan    nan   1.191     nan                                None       9.931     -32.540      18.274       0.020     -31.038       0.015
Gaia DR3 3338371911885743360  79.7962536   8.9388092 14.544  2.819       2.863  35.8216  35.1906    52.88      nan      nan   17.853  nan      nan    nan   1.098     nan                                None      22.126     -35.350      15.043       0.026     -43.470       0.017
Gaia DR3 5629304753158494080 134.1444490 -31.2845808 16.040  3.341       2.502  44.3421  35.2970    31.37      nan      nan   19.891  nan      nan    nan   1.056     nan                                None    -168.706      74.807    -163.037       0.032      65.980       0.037
Gaia DR3 3843287988029738240 137.8913733   0.3867850 16.964  3.952       1.126  59.0643  35.3028    33.36      nan      nan   26.114  nan      nan    nan   1.072     nan                                None    -234.003      -7.058    -227.820       0.121      -6.633       0.083
Gaia DR3 5629304753158500096 134.1434932 -31.2994053 14.630  3.122       2.794  44.3393  35.3087    31.37      nan      nan   19.884  nan      nan    nan   1.493     nan                                None    -168.645      74.817    -162.879       0.022      64.621       0.026
Gaia DR3 4761524581139326720  73.8915846 -61.1765197 16.456  3.396       1.894  35.0313  35.3367    26.38      nan      nan   17.643  nan      nan    nan   0.948     nan                                None      42.308     170.288      39.537       0.050     163.811       0.063
Gaia DR3 3374056046371085696  93.6984680  19.1842263 12.990  2.417       2.835  47.0097  35.5347    50.21      nan      nan   20.587  nan      nan    nan   1.252     nan                                None     -31.260     -80.728     -19.150       0.026     -78.554       0.021
Gaia DR3 3356503923784036480  98.0535428  14.4637005 10.424  1.426       0.957  43.6205  35.6476    50.89      nan      nan   19.508  nan      nan    nan   0.956     nan                                None     -46.265     -58.511     -42.663       0.016     -56.921       0.014
Gaia DR3 2964731094533522816  83.1178703 -21.9316538 15.379  2.929       2.913   4.7942  36.0298    50.44      nan      nan   14.612  nan      nan    nan   1.053     nan                                None       8.489      59.087      17.278       0.016      60.892       0.023
Gaia DR3 2627117287488522240 332.4231516  -4.6408348  9.237  2.542       2.868 106.2854  36.1020   -21.48      nan      nan  113.445  nan      nan    nan   1.354     nan                                None    1184.394     -67.091    1132.583       0.039     -22.157       0.037
Gaia DR3 2965194195088560256  84.3036992 -20.9180066 14.317  2.651       2.852   5.8824  36.1703    50.81      nan      nan   14.605  nan      nan    nan   1.154     nan                                None       5.044      56.352       5.971       0.011      65.085       0.018
Gaia DR3 2423292879948720000   4.4971213 -13.4556419  6.369  0.762       2.329  74.1107  36.1704     7.97      nan      nan   37.142  nan      nan    nan   1.010     nan                                None     418.616       6.435     401.642       0.032      -0.238       0.017
Gaia DR3 5264384574836108160 115.2618437 -70.7498638 15.130  3.004       2.592  47.6003  36.2108    16.54      nan      nan   20.395  nan      nan    nan   1.153     nan                                None    -113.451     189.980    -123.104       0.029     184.408       0.030
Gaia DR3 3845775225065502720 141.1643499   3.7732882 14.184  3.036       1.683  63.6356  36.2185    30.75      nan      nan   27.876  nan      nan    nan   1.047     nan                                None    -260.589     -18.149    -255.110       0.032      -9.919       0.019
Gaia DR3 4834444570250468608  53.4142682 -46.3152298 13.816  2.503       2.552  30.6569  36.4836    32.19      nan      nan   16.519  nan      nan    nan   1.119     nan                                None     101.486     112.099     107.974       0.014     118.173       0.020
Gaia DR3 5013742721665583104  18.1868274 -36.2591622 13.664  2.469       2.477  55.2914  36.7719    17.04      nan      nan   22.866  nan      nan    nan   1.179     nan                                None     241.323      53.983     252.248       0.009      49.165       0.012
Gaia DR3 5527903427154048128 126.0734828 -40.5066062 15.351  3.132       2.435  37.7824  36.9002    32.13      nan      nan   17.605  nan      nan    nan   1.268     nan                                None    -129.033      96.784    -135.058       0.037     103.520       0.039
Gaia DR3 4885160609233687936  66.0182363 -29.6176024 15.398  2.989       0.762  15.4648  37.0221    44.64      nan      nan   14.830  nan      nan    nan   1.123     nan                                None      57.859      75.595      57.865       0.031      73.213       0.035
Gaia DR3 5137258318876586752  31.7124026 -19.4627939 16.451  3.607       2.244  47.6678  37.1302    30.05      nan      nan   19.920  nan      nan    nan   1.067     nan                                None     184.391      39.918     187.463       0.058      48.826       0.054
Gaia DR3 3221996680625137664  81.7011829   1.2159030 10.322  1.206       1.943  27.9806  37.1496    53.83      nan      nan   15.959  nan      nan    nan   1.169     nan                                None      13.759      -7.402      10.683       0.015      -1.636       0.014
 Gaia DR3 294517800251711616  19.1661037  25.3310215  9.477  1.725       1.931  80.7819  37.2159    18.72      nan      nan   41.876  nan      nan    nan   1.057     nan                                None     438.819     -88.612     429.196       0.019    -102.681       0.017
Gaia DR3 3424636604905437696  90.3729895  23.0907590 13.135  2.532       2.901  50.2860  37.5949    49.13      nan      nan   20.476  nan      nan    nan   1.430     nan                                None     -17.626     -95.439      -5.935       0.022     -90.948       0.015
Gaia DR3 3124254391885372800  96.7827844   2.6883609 18.649  3.615       2.695  32.1769  37.5974    52.96      nan      nan   16.405  nan      nan    nan   1.184     nan                                None     -34.843     -12.265     -28.436       0.264     -19.036       0.242
Gaia DR3 5237532679852493440 169.8001264 -64.6092505 13.089  2.574       2.771  64.5688  37.6182     3.47      nan      nan   26.739  nan      nan    nan   1.210     nan                                None    -302.875      27.365    -300.868       0.015      42.854       0.013
Gaia DR3 5134543899545347200  27.9500281 -23.0923774 17.032  3.768       2.958  49.9184  37.6346    26.68      nan      nan   20.337  nan      nan    nan   0.996     nan                                None     196.716      43.875     185.516       0.089      49.824       0.069
Gaia DR3 3133133326237823616 102.3350033   6.9220571 14.585  3.012       2.358  38.3866  37.7584    51.34      nan      nan   17.411  nan      nan    nan  11.688     nan                                None     -55.663     -26.800     -47.085       0.212     -27.953       0.171
Gaia DR3 5438620093683025280 145.8421190 -33.3721860 16.078  3.459       0.418  53.7758  37.7858    23.27      nan      nan   21.555  nan      nan    nan   1.061     nan                                None    -212.284      63.948    -210.884       0.028      62.663       0.035
Gaia DR3 5552308904501075968  98.2519271 -47.5381654 17.617  3.690       2.607  23.9023  37.8087    36.42      nan      nan   15.326  nan      nan    nan   0.980     nan                                None     -36.938     123.611     -35.155       0.098     131.842       0.095
Gaia DR3 4628222540167855232  70.2947662 -75.0114458 15.762  3.130       0.858  48.7387  37.9790    14.47      nan      nan   19.796  nan      nan    nan   1.133     nan                                None      61.212     208.578      64.794       0.038     208.622       0.046
Gaia DR3 4826589040704802688  79.3489902 -32.2677357 18.394  3.875       0.870   6.5084  38.1257    45.93      nan      nan   14.213  nan      nan    nan   1.024     nan                                None      18.871      83.194      17.451       0.124      85.379       0.134
Gaia DR3 5358583000163389056 154.0784865 -51.0470153 15.911  3.410       1.862  57.7042  38.2179    13.52      nan      nan   22.784  nan      nan    nan   1.027     nan                                None    -240.778      72.316    -247.801       0.041      77.857       0.036
Gaia DR3 2924248588228225536  96.2811559 -25.1344337 11.945  2.072       2.097  11.8041  38.2524    48.57      nan      nan   14.368  nan      nan    nan   1.243     nan                                None     -29.106      65.532     -23.174       0.011      63.260       0.015
  Gaia DR3 17285873272440192  48.6637005  12.2688470  9.682  1.148       2.708  51.4781  38.4417    41.72      nan      nan   20.382  nan      nan    nan   1.107     nan                                None     140.983     -43.654     148.555       0.022     -34.819       0.019
Gaia DR3 3017111102628371584  85.2832732  -5.6167402 19.585  2.066       1.905  21.1943  38.4714    53.86      nan      nan   14.917  nan      nan    nan   3.838     nan                                None       2.246      13.328       3.932       1.528       7.580       1.416
Gaia DR3 5440094676211501696 145.4990066 -31.6489547 10.290  1.431       0.806  53.8269  38.5656    23.92      nan      nan   21.084  nan      nan    nan   2.950     nan                                None    -206.915      60.061    -205.385       0.042      63.298       0.035
Gaia DR3 3178302260335914880  68.8423757 -11.6620259 13.724  2.498       2.984  20.2714  38.5660    50.75      nan      nan   14.820  nan      nan    nan   2.643     nan                                None      49.931      29.375      55.683       0.022      36.711       0.018
Gaia DR3 5060758319907692800  51.4569359 -26.9363213 16.251  3.121       2.673  28.3124  38.6163    40.13      nan      nan   15.600  nan      nan    nan   0.960     nan                                None     100.896      63.197      97.009       0.025      55.311       0.030
Gaia DR3 5264094922241517824 108.6078523 -71.6763481 15.034  3.292       1.724  47.1034  38.6427    16.68      nan      nan   19.022  nan      nan    nan   2.066     nan                                None     -83.180     188.667     -84.452       0.057     181.873       0.055
Gaia DR3 3137437050966772480 116.9889878   4.4552195 11.948  2.157       2.190  45.1106  38.6756    46.10      nan      nan   18.507  nan      nan    nan   5.200     nan                                None    -108.449     -18.159    -109.304       0.067      -9.657       0.046
Gaia DR3 2783610640030934272  15.8062403  15.9381098 13.825  2.955       0.882  78.1298  38.7023    17.27      nan      nan   34.982  nan      nan    nan   7.005     nan                                None     375.124     -44.510     375.706       0.125     -38.028       0.103
  Gaia DR3 26147868272907648  38.5160026  12.1807027  7.351  0.798       1.737  58.3231  38.9177    35.43      nan      nan   22.521  nan      nan    nan   1.094     nan                                None     189.271     -41.467     183.664       0.030     -35.423       0.026
Gaia DR3 2977538515210407680  71.1933820 -20.0138025  8.447  0.856       2.701  12.9467  39.1019    49.42      nan      nan   14.243  nan      nan    nan   1.167     nan                                None      41.587      50.710      49.035       0.014      47.504       0.016
Gaia DR3 2987600283554734080  75.8330796 -14.1017264 11.578  2.030       2.830  14.4084  39.1068    51.82      nan      nan   14.316  nan      nan    nan  22.755     nan                                None      28.907      36.022      37.398       0.339      35.105       0.291
Gaia DR3 4738817192124611712  39.6965830 -56.7430253 14.748  2.800       2.077  43.0370  39.1846    21.33      nan      nan   17.829  nan      nan    nan   1.337     nan                                None     146.978     115.094     139.344       0.030     113.458       0.027
Gaia DR3 5432719117856413696 145.3927638 -38.4963244  8.003  0.796       1.803  52.6438  39.3221    22.21      nan      nan   20.262  nan      nan    nan  10.551     nan                                None    -198.625      69.725    -201.753       0.171      76.762       0.184
Gaia DR3 3339469598151767552  84.8216414  10.2597184  8.575  0.788       2.242  37.0143  39.3562    52.95      nan      nan   16.624  nan      nan    nan   1.234     nan                                None       4.029     -37.374       1.913       0.033     -29.807       0.021
Gaia DR3 5857956339484840832 200.6753496 -65.9414347 11.721  2.267       2.787  75.9351  39.3756    -8.21      nan      nan   31.890  nan      nan    nan   4.979     nan                                None    -330.303    -141.206    -315.165       0.069    -130.161       0.098
Gaia DR3 3024587339316499328  89.3314376  -3.1008684 15.776  2.996       1.505  24.3263  39.4059    53.91      nan      nan   14.976  nan      nan    nan   0.954     nan                                None      -9.797       5.884     -14.321       0.041       4.431       0.039
Gaia DR3 3244614420785049984  56.0925724  -5.8773282 12.019  1.885       2.524  33.2329  39.4799    46.67      nan      nan   16.003  nan      nan    nan   1.224     nan                                None      91.031      12.633      93.958       0.016       4.638       0.015
Gaia DR3 3339469602449143040  84.8204608  10.2609991  9.195  0.921       2.418  37.0155  39.5296    52.95      nan      nan   16.569  nan      nan    nan   1.079     nan                                None       4.020     -37.255       0.295       0.027     -29.676       0.020
Gaia DR3 5049919059401206016  41.8089730 -35.3273178 13.273  2.421       1.664  36.2793  39.6162    32.19      nan      nan   16.422  nan      nan    nan   1.208     nan                                None     130.528      74.545     131.747       0.009      68.915       0.014
 Gaia DR3 496663940735093504  68.3286644  68.7802015 14.412  3.470       0.973  96.1335  39.6530    17.64      nan      nan   51.757  nan      nan    nan   1.492     nan                                None     179.422    -527.886     170.912       0.021    -534.234       0.030
 Gaia DR3 496663940735093632  68.3248205  68.7793740 14.264  3.413       0.291  96.1330  39.6576    17.64      nan      nan   51.735  nan      nan    nan   1.096     nan                                None     179.383    -527.647     182.510       0.015    -528.204       0.022
Gaia DR3 4984686477635291264  18.0850192 -41.8252625 12.655  2.262       2.392  54.6037  40.0530    15.81      nan      nan   20.472  nan      nan    nan   1.678     nan                                None     216.220      54.988     221.813       0.014      46.313       0.015
Gaia DR3 3395048231604748032  77.7745904  17.3989180  8.970  0.927       2.025  44.4441  40.1148    50.69      nan      nan   17.773  nan      nan    nan   0.863     nan                                None      29.114     -63.705      32.063       0.018     -70.696       0.012
Gaia DR3 5434450024036320768 150.0234549 -36.0429693  7.235  0.742       0.729  56.6582  40.1717    19.78      nan      nan   21.078  nan      nan    nan   0.948     nan                                None    -215.837      58.190    -218.734       0.013      59.634       0.012
Gaia DR3 2960848512816931200  75.3263377 -23.7076071  7.493  0.594       1.322   7.7911  40.2507    49.02      nan      nan   13.825  nan      nan    nan  12.052     nan                                None      29.287      59.416      30.893       0.175      55.914       0.242
Gaia DR3 5175666974453802624  38.5105229  -9.0223792 11.439  1.805       2.080  45.8209  40.3260    36.19      nan      nan   17.992  nan      nan    nan   1.108     nan                                None     151.223      17.749     144.825       0.027      22.367       0.020
 Gaia DR3 103173223348678144  37.5364481  25.6218680 10.419  1.684       2.539  68.4272  40.3272    31.81      nan      nan   25.932  nan      nan    nan   1.277     nan                                None     221.319     -89.870     217.884       0.017     -76.419       0.015
Gaia DR3 5140757617711484416  25.7229521 -17.6972054 15.290  3.269       1.000  53.6073  40.4123    25.80      nan      nan   19.971  nan      nan    nan   2.163     nan                                None     197.702      30.017     195.874       0.084      26.227       0.041
Gaia DR3 3236161070450032640  81.1355853   3.5177069  7.662  0.584       1.728  30.3118  40.5101    53.65      nan      nan   15.343  nan      nan    nan   1.113     nan                                None      14.948     -14.099      19.071       0.025     -10.324       0.018
Gaia DR3 3213298512857795968  76.0272907  -2.6277836 10.411  1.267       2.349  25.0763  40.5582    53.19      nan      nan   14.776  nan      nan    nan   1.310     nan                                None      29.274       4.313      32.437       0.024      -2.287       0.015
Gaia DR3 2935362653621353728 106.2018814 -17.5047963 18.561  4.355       2.025  23.1093  40.9013    48.68      nan      nan   14.524  nan      nan    nan   1.063     nan                                None     -57.041      43.643     -63.166       0.149      42.682       0.154
 Gaia DR3 189841338353669248  85.7089191  38.3433569 15.559  3.295       2.385  65.1073  40.9806    41.71      nan      nan   23.764  nan      nan    nan   1.054     nan                                None       1.567    -172.135     -10.373       0.052    -171.739       0.028
Gaia DR3 5059999313284104320  51.7995346 -28.4730931 19.956  3.342       2.186  27.8649  41.1754    39.76      nan      nan   14.905  nan      nan    nan   1.072     nan                                None      95.566      64.019      95.112       0.294      70.873       0.467
Gaia DR3 5199601899484421632 178.1372774 -79.7898570 14.986  2.984       2.854  64.5874  41.3124     0.69      nan      nan   23.280  nan      nan    nan   1.053     nan                                None    -265.094     -10.471    -269.653       0.025       2.773       0.023
Gaia DR3 3834702043462197504 149.0359535   1.5702144 16.591  3.857       2.918  69.2586  41.3257    24.49      nan      nan   25.363  nan      nan    nan   0.929     nan                                None    -257.492      -9.244    -245.448       0.089       0.678       0.085
Gaia DR3 5141856304704985856  29.7412037 -16.6692867 14.033  2.619       2.033  50.3858  41.4426    29.01      nan      nan   18.603  nan      nan    nan   1.214     nan                                None     176.354      29.768     176.061       0.025      37.735       0.018
Gaia DR3 5141856304704985984  29.7415634 -16.6710750 13.948  2.739       2.015  50.3848  41.5077    29.01      nan      nan   18.575  nan      nan    nan   1.253     nan                                None     176.083      29.726     175.219       0.026      37.570       0.018
Gaia DR3 4938302858062484736  34.8019739 -50.4360232 14.268  2.790       1.439  43.6239  41.5210    22.35      nan      nan   17.092  nan      nan    nan   1.271     nan                                None     151.863      91.575     156.972       0.017      90.694       0.021
Gaia DR3 4938302858060936576  34.8023670 -50.4356593 14.459    nan       0.517  43.6236  41.5587    22.35      nan      nan   17.079  nan      nan    nan   1.118     nan                                None     151.746      91.505     150.318       0.047      90.308       0.051
Gaia DR3 5257162462774509440 145.3763894 -60.5115310 11.685  1.893       2.151  53.3360  41.6463    14.48      nan      nan   19.276  nan      nan    nan   1.582     nan                                None    -188.933      95.394    -186.511       0.025     103.792       0.022
Gaia DR3 2486578501500106240  35.1602619  -7.9452364 14.245  2.858       2.334  49.2449  41.6514    33.90      nan      nan   18.240  nan      nan    nan   1.186     nan                                None     161.244      14.102     156.132       0.027      21.480       0.023
Gaia DR3 5708751030971020288 129.5613066 -17.8151338 11.532  1.699       2.272  43.5177  41.7354    37.61      nan      nan   16.998  nan      nan    nan   1.069     nan                                None    -133.373      39.363    -125.294       0.015      38.371       0.017
Gaia DR3 4619069312024522624  55.2072081 -81.7881806  8.476  0.887       2.396  56.1060  41.8277     7.67      nan      nan   19.972  nan      nan    nan  39.752     nan                                None     116.639     192.767     110.141       0.617     200.483       0.617
Gaia DR3 4814347108305867520  75.8950477 -38.7777553 14.928  2.562       2.162  13.5435  41.8533    42.11      nan      nan   13.724  nan      nan    nan   1.565     nan                                None      27.545      94.023      21.668       0.034      91.883       0.039
Gaia DR3 4879810351293820928  73.6892844 -29.0183506  9.206  0.891       2.468   8.7709  41.8746    46.65      nan      nan   13.546  nan      nan    nan   1.091     nan                                None      33.017      70.504      40.051       0.010      70.947       0.012
Gaia DR3 4879810351293820800  73.6904791 -29.0192725 14.193  2.734       2.686   8.7701  41.8948    46.65      nan      nan   13.543  nan      nan    nan   3.906     nan                                None      33.005      70.487      37.194       0.042      76.911       0.055
Gaia DR3 2503124227352835584  38.7751023   2.5059838 15.332  2.953       2.865  51.9131  41.9474    36.57      nan      nan   18.764  nan      nan    nan   1.103     nan                                None     157.042     -10.520     166.193       0.044      -3.833       0.039
Gaia DR3 5009694457291031168  22.6179122 -38.5104182 15.245 -0.102       2.781  51.4970  42.0914    19.57      nan      nan   18.596  nan      nan    nan   1.030     nan                                None     189.506      55.789     180.268       0.020      61.577       0.022
Gaia DR3 3020411870893840128  95.4858910  -4.8657846 12.263  2.147       2.973  24.7757  42.2162    53.18      nan      nan   14.376  nan      nan    nan  10.318     nan                                None     -26.882      10.515     -24.617       0.114       1.794       0.112
Gaia DR3 3340031659047054976  86.1673742  11.4062041 12.702    nan       2.405  38.2338  42.2290    52.74      nan      nan   15.945  nan      nan    nan   1.430     nan                                None      -0.402     -39.413      -8.425       0.068     -40.404       0.049
Gaia DR3 3282906841665159552  70.0520069   6.1022646 15.170  2.883       1.639  35.2349  42.3509    51.52      nan      nan   15.483  nan      nan    nan  10.828     nan                                None      48.595     -21.459      48.350       0.636     -26.804       0.496
Gaia DR3 5021694080520109184  26.3124213 -31.6071753 13.372  2.452       1.639  49.4236  42.3941    23.74      nan      nan   17.979  nan      nan    nan   1.195     nan                                None     176.934      50.715     172.608       0.012      46.255       0.011
 Gaia DR3 919034563674060544 117.1934932  36.6705337  9.593  1.371       2.339  70.9801  42.5812    36.45      nan      nan   25.007  nan      nan    nan   1.104     nan                                None    -147.408    -150.099    -157.640       0.019    -156.982       0.012
Gaia DR3 4930186263226867328  24.5519215 -47.8024013 13.974  2.672       2.708  49.8589  42.6253    18.10      nan      nan   17.986  nan      nan    nan   1.267     nan                                None     180.087      69.781     180.672       0.014      59.532       0.017
Gaia DR3 3340031654751456256  86.1675121  11.4067487  8.575  0.858       1.461  38.2344  42.6369    52.74      nan      nan   15.828  nan      nan    nan   1.077     nan                                None      -0.400     -39.126      -5.153       0.024     -40.210       0.017
Gaia DR3 3370954805106402944  98.6247123  17.2171117 15.190  3.085       2.382  46.4016  42.7799    50.04      nan      nan   17.193  nan      nan    nan   1.399     nan                                None     -42.685     -60.255     -46.731       0.047     -67.880       0.040
 Gaia DR3 201658614450727552  74.6594675  41.5342598 17.017  4.069       1.186  68.7221  42.8950    38.94      nan      nan   23.752  nan      nan    nan   1.089     nan                                None      53.408    -179.892      55.064       0.109    -174.190       0.089
Gaia DR3 3681919233426269056 191.7884810  -3.5716536 11.467  2.535       1.960 104.7813  42.9464   -14.57      nan      nan   48.032  nan      nan    nan   1.784     nan                                None    -526.770     -19.934    -507.947       0.048     -13.643       0.044
Gaia DR3 5111216729570977408  60.0014193 -13.3449274 16.303  3.117       2.663  25.5541  42.9788    47.47      nan      nan   14.277  nan      nan    nan   0.971     nan                                None      71.415      30.643      67.926       0.048      23.426       0.042
Gaia DR3 2453232478493234560  27.0670868 -14.0361086 14.618  2.915       2.108  53.7665  43.1096    27.27      nan      nan   18.716  nan      nan    nan   1.129     nan                                None     182.753      22.615     179.910       0.028      30.432       0.024
Gaia DR3 5061611128616004864  50.4025019 -26.3048008 12.861  2.118       2.427  29.3303  43.1410    39.82      nan      nan   14.595  nan      nan    nan   1.228     nan                                None      96.903      56.982      92.056       0.011      62.663       0.013
Gaia DR3 5432551923366449152 144.5461926 -39.4423606 18.088  4.095       2.591  51.8896  43.2944    22.46      nan      nan   18.182  nan      nan    nan   1.082     nan                                None    -176.661      65.633    -177.604       0.111      55.746       0.116
Gaia DR3 3355370975830875392  99.6027897  13.2018749 10.691  1.363       1.926  42.9640  43.5508    50.88      nan      nan   16.308  nan      nan    nan   1.180     nan                                None     -43.575     -44.792     -49.734       0.019     -47.228       0.017
 Gaia DR3 690896346271732480 133.1017788  25.6827112 16.300  3.833       2.345  71.0757  43.7578    32.70      nan      nan   24.037  nan      nan    nan   3.262     nan                                None    -200.514     -85.688    -205.521       0.306     -74.910       0.219
Gaia DR3 3400956732214520832  84.0447648  19.1817242 12.724  2.163       2.562  45.9117  43.7581    50.64      nan      nan   16.763  nan      nan    nan   1.117     nan                                None       6.652     -66.249      15.679       0.018     -65.543       0.012
Gaia DR3 3355371014490531712  99.6082085  13.2048431 16.681  3.394       2.079  42.9687  43.7702    50.88      nan      nan   16.241  nan      nan    nan   1.027     nan                                None     -43.414     -44.616     -49.808       0.081     -47.742       0.069
Gaia DR3 2309262151074393344   1.6887463 -36.5600677 13.866  2.975       2.060  68.1047  43.8102     4.90      nan      nan   22.812  nan      nan    nan   1.362     nan                                None     258.677      11.157     264.903       0.025      18.860       0.021
Gaia DR3 4927172261336181504  16.2248227 -52.8245743 13.964  2.546       0.748  55.3330  43.8702    12.10      nan      nan   18.774  nan      nan    nan   1.285     nan                                None     200.789      56.287     198.055       0.015      57.420       0.017
Gaia DR3 2309262151074393472   1.6883703 -36.5606131 14.402  2.893       2.205  68.1048  43.8832     4.90      nan      nan   22.760  nan      nan    nan   1.519     nan                                None     258.084      11.131     261.679       0.032      21.079       0.028
Gaia DR3 3020223235931669888  92.7000601  -4.9468408 15.450  2.873       0.657  23.5649  43.9065    53.54      nan      nan   13.922  nan      nan    nan   1.115     nan                                None     -18.397      10.497     -19.460       0.036       8.889       0.033
Gaia DR3 5484101598321841280 103.2370679 -57.1004854 12.807  2.036       2.258  33.5343  43.9109    28.91      nan      nan   14.873  nan      nan    nan   1.101     nan                                None     -50.105     134.132     -45.468       0.013     139.483       0.015
 Gaia DR3 397372371388455424  21.9163499  45.4061957  4.694  0.595       2.520  91.1227  43.9328    15.80      nan      nan   34.733  nan      nan    nan   1.331     nan                                None     356.094    -128.430     357.564       0.127    -110.039       0.118
Gaia DR3 4886238852183574656  64.1319564 -28.4101395  9.058  0.909       1.601  17.0302  43.9901    44.58      nan      nan   13.489  nan      nan    nan  21.148     nan                                None      57.351      65.205      59.039       0.264      60.975       0.314
Gaia DR3 3397954202180751104  84.0445813  19.1728153  8.394  0.774       2.002  45.9028  44.0004    50.64      nan      nan   16.682  nan      nan    nan   1.061     nan                                None       6.620     -65.899      13.660       0.022     -65.786       0.016
Gaia DR3 4844687036459504768  63.0685741 -38.0234516 17.477  0.407       1.771  20.3911  44.0865    39.83      nan      nan   13.666  nan      nan    nan   1.044     nan                                None      60.773      85.914      56.265       0.061      83.523       0.078
Gaia DR3 3107708872199579136 107.3291174  -3.5930003 11.904  1.712       1.793  32.6308  44.1999    50.30      nan      nan   14.701  nan      nan    nan   1.156     nan                                None     -60.818       6.513     -59.767       0.018      11.970       0.016
Gaia DR3 5795075028904663808 229.8462082 -72.9224635 16.809    nan       1.362  77.8224  44.2471   -11.79      nan      nan   26.628  nan      nan    nan   1.097     nan                                None    -179.175    -235.809    -186.002       0.076    -232.363       0.092
Gaia DR3 5795075024604782720 229.8456321 -72.9220200 13.935  2.813       2.623  77.8227  44.2609   -11.79      nan      nan   26.614  nan      nan    nan   1.046     nan                                None    -179.084    -235.684    -190.115       0.012    -225.944       0.016
Gaia DR3 4750988236087984768  48.9269682 -46.2951137 13.856  2.481       2.064  33.4209  44.3414    30.53      nan      nan   14.756  nan      nan    nan   1.211     nan                                None     101.457      94.660     104.582       0.014      89.051       0.017
Gaia DR3 3883570761176322048 155.5299414  12.0770816 11.788  2.170       2.296  80.0941  44.3855    18.29      nan      nan   27.604  nan      nan    nan   1.098     nan                                None    -294.602     -29.072    -307.781       0.020     -31.272       0.017
Gaia DR3 2983797382071893120  82.1825482 -15.9639048 15.582  2.944       2.495  10.8072  44.3958    52.11      nan      nan   13.155  nan      nan    nan   1.114     nan                                None      10.085      38.315      16.662       0.030      36.169       0.033
Gaia DR3 3883571517091026048 155.5839569  12.1457732  9.870  1.469       2.338  80.1744  44.4244    18.23      nan      nan   27.602  nan      nan    nan   0.950     nan                                None    -294.680     -29.139    -308.273       0.018     -29.729       0.016
Gaia DR3 4734256104359136000  49.3057148 -53.9441724 18.972  1.259       2.440  36.9114  44.4582    26.33      nan      nan   15.153  nan      nan    nan   1.009     nan                                None     103.272     109.882      97.362       0.164     104.800       0.225
Gaia DR3 6494625455093495552 357.6339638 -58.5205331 13.519  2.675       2.238  65.2282  44.6802     1.69      nan      nan   21.223  nan      nan    nan   1.320     nan                                None     241.736       3.266     242.699       0.018      13.232       0.017
Gaia DR3 4764165127032667520  75.1941934 -56.5153706 14.970  2.535       2.082  30.3502  44.9517    30.15      nan      nan   14.291  nan      nan    nan   1.030     nan                                None      30.643     131.634      24.385       0.025     131.212       0.027
Gaia DR3 6497702640248477440 354.7957209 -54.5880164 12.139  2.170       0.590  67.6485  45.0557     0.18      nan      nan   21.802  nan      nan    nan  10.756     nan                                None     248.371      -7.213     247.391       0.091      -9.740       0.108
 Gaia DR3 167978477344416000  58.0219514  29.9355987 18.206  3.969       0.822  61.5966  45.0614    40.80      nan      nan   19.896  nan      nan    nan   1.215     nan                                None     106.499    -103.716     108.963       0.269    -106.127       0.153
Gaia DR3 5102169982256478080  54.2554525 -18.5479579 16.609  3.574       1.237  27.9244  45.0656    43.87      nan      nan   14.040  nan      nan    nan   1.150     nan                                None      84.270      40.294      83.485       0.071      43.871       0.075
Gaia DR3 5846988642206654592 211.4571588 -69.4278380 13.159  2.718       2.793  76.8808  45.1854   -10.01      nan      nan   25.295  nan      nan    nan   1.278     nan                                None    -234.898    -158.365    -237.593       0.011    -143.715       0.014
Gaia DR3 6791196382856581376 320.3405432 -25.9550264 12.920 -0.254       2.335 103.8715  45.2704   -27.88      nan      nan   40.777  nan      nan    nan   0.930     nan                                None     377.326    -126.834     365.688       0.049    -110.484       0.041
Gaia DR3 5306223225683264768 143.9258177 -56.7577641 14.895  2.802       1.559  51.9724  45.3802    16.62      nan      nan   17.391  nan      nan    nan   1.154     nan                                None    -167.845      85.985    -165.617       0.025      91.249       0.025
Gaia DR3 3016456588268396160  83.7056847  -7.3245328 15.513  3.090       1.141  19.4037  45.4487    53.67      nan      nan   13.350  nan      nan    nan   1.141     nan                                None       6.197      16.427       8.893       0.032      18.171       0.028
Gaia DR3 4890222417170939392  60.6018260 -26.8503001 15.638  2.970       2.501  20.2082  45.4799    44.00      nan      nan   13.391  nan      nan    nan   1.042     nan                                None      65.542      59.573      72.588       0.022      59.143       0.031
Gaia DR3 3214796356931015552  76.2753305  -2.6609413 12.437  1.804       1.789  24.9794  45.5132    53.23      nan      nan   13.708  nan      nan    nan   1.105     nan                                None      26.492       4.096      31.564       0.014       5.096       0.010
Gaia DR3 3388842141301006848  78.4819135  13.6180887 15.591  2.919       1.258  40.6092  45.5295    51.79      nan      nan   15.375  nan      nan    nan   1.129     nan                                None      23.044     -44.219      24.048       0.044     -40.267       0.034
Gaia DR3 5645278183210495232 129.5979883 -29.5829954 15.332  3.003       1.930  40.6796  45.6168    34.56      nan      nan   15.361  nan      nan    nan   1.067     nan                                None    -120.616      59.646    -114.527       0.023      61.056       0.026
Gaia DR3 5645278183210494208 129.6000939 -29.5838714 12.872  2.565       2.073  40.6813  45.8852    34.56      nan      nan   15.290  nan      nan    nan   2.170     nan                                None    -120.063      59.370    -113.385       0.028      59.131       0.032
Gaia DR3 3322683732089123200  89.4944927   6.8667227 16.162  3.445       1.874  34.1283  45.9280    53.40      nan      nan   14.466  nan      nan    nan   1.345     nan                                None      -9.931     -22.871      -6.508       0.081     -18.296       0.063
Gaia DR3 3199309804374459776  67.8556971  -6.4259954 14.965  2.574       2.904  25.0446  46.0920    51.11      nan      nan   13.600  nan      nan    nan   0.997     nan                                None      48.361      13.467      53.642       0.045       7.031       0.044
Gaia DR3 2342272170199968640  10.6643685 -28.3455082 12.854  2.283       1.776  63.3514  46.1797    12.50      nan      nan   19.825  nan      nan    nan   1.411     nan                                None     218.578      23.191     211.525       0.023      25.510       0.024
Gaia DR3 2908321337663904256  83.1587494 -27.5217794 16.424  3.223       2.598   0.8040  46.1981    48.33      nan      nan   12.688  nan      nan    nan   0.991     nan                                None       7.268      64.213      10.318       0.034      57.970       0.040
Gaia DR3 3316643672334188544  89.0153727   3.3306647 15.434  2.956       2.037  30.5632  46.3655    53.79      nan      nan   14.008  nan      nan    nan   1.040     nan                                None      -8.284     -12.376     -12.518       0.038      -8.105       0.036
Gaia DR3 5853363919945745920 215.4055004 -63.4210074  9.787  1.460       2.151  82.2963  46.4540   -14.38      nan      nan   26.503  nan      nan    nan   0.919     nan                                None    -233.481    -173.944    -224.267       0.008    -166.230       0.012
Gaia DR3 3322683732089123072  89.4970833   6.8672849 15.683  3.039       1.675  34.1293  46.4971    53.40      nan      nan   14.337  nan      nan    nan   1.072     nan                                None      -9.850     -22.669      -6.186       0.046     -19.175       0.035
Gaia DR3 3002327692056700672  99.9961394  -9.9883258 15.406  3.020       0.517  23.0118  46.5389    51.81      nan      nan   13.372  nan      nan    nan   1.084     nan                                None     -36.746      22.713     -37.846       0.031      23.671       0.032
Gaia DR3 5396270410472769792 169.3948395 -38.3807163  8.017  0.827       2.913  70.9425  46.6393     5.56      nan      nan   21.909  nan      nan    nan   0.970     nan                                None    -247.971      14.112    -256.060       0.024      24.862       0.024
Gaia DR3 4709414705009047040  16.8206475 -63.3941869 10.486  1.613       2.389  55.8123  46.7154     9.53      nan      nan   17.711  nan      nan    nan  15.987     nan                                None     188.678      62.249     190.365       0.213      71.008       0.204
Gaia DR3 3430506382091901056  91.4499195  27.8019972 16.318  3.604       1.813  55.0895  46.9222    47.08      nan      nan   17.477  nan      nan    nan   3.395     nan                                None     -18.774     -95.914     -24.799       0.258     -98.798       0.178
 Gaia DR3 659841258820696704 132.6528798  17.6890469  9.134  1.043       2.798  65.3342  46.9555    35.03      nan      nan   19.989  nan      nan    nan   1.068     nan                                None    -165.527     -51.784    -158.280       0.018     -61.083       0.013
Gaia DR3 4808038905157047552  84.1211183 -39.7749965 14.446  2.582       2.081  13.0704  46.9570    42.17      nan      nan   12.795  nan      nan    nan   4.285     nan                                None       4.883      91.035      10.426       0.212      90.146       0.258
Gaia DR3 6429048245152936320 305.0718740 -65.4240212 17.158  0.669       0.960  82.4126  47.0502   -16.49      nan      nan   25.986  nan      nan    nan   0.974     nan                                None     186.468    -211.582     181.267       0.042    -210.790       0.065
Gaia DR3 2764106162747846400 352.8902907  11.1713680 16.339  4.170       1.017  95.3317  47.3461    -3.12      nan      nan   31.833  nan      nan    nan   1.388     nan                                None     362.181      -3.095     355.690       0.123      -0.985       0.082
 Gaia DR3 653131626552713088 121.0056298  12.8103066 15.517  2.953       2.624  53.9088  47.3474    42.93      nan      nan   17.080  nan      nan    nan   1.066     nan                                None    -111.535     -39.074    -120.966       0.041     -38.510       0.028
Gaia DR3 3875561544817858816 155.1825195   8.2397992 13.321  2.828       2.503  77.8786  47.6943    18.88      nan      nan   23.636  nan      nan    nan   1.169     nan                                None    -251.669     -18.954    -248.697       0.019      -6.840       0.014
Gaia DR3 4784633394978312832  72.1362083 -49.9762104 17.172  3.658       1.488  24.7743  47.6948    34.53      nan      nan   13.277  nan      nan    nan   1.013     nan                                None      36.356     110.559      34.604       0.079     106.781       0.095
Gaia DR3 5727332360867977216 125.0595389 -11.7382374 17.039  3.555       0.627  41.9690  47.7457    41.30      nan      nan   14.987  nan      nan    nan   1.063     nan                                None    -107.512      23.723    -109.165       0.077      24.814       0.070
Gaia DR3 3422203901068708352  78.6283911  27.7436112 16.683  3.483       2.764  54.6497  47.7780    46.92      nan      nan   17.077  nan      nan    nan   1.052     nan                                None      25.103     -93.194      31.189       0.096    -101.066       0.065
Gaia DR3 3375471049117461504  95.3315512  19.7655974 15.174  2.960       1.801  47.9384  47.7968    49.81      nan      nan   15.858  nan      nan    nan   1.108     nan                                None     -29.173     -63.628     -26.563       0.039     -58.203       0.028
Gaia DR3 3390844798652059520  82.4820941  15.7199871 17.109  3.459       2.644  42.4507  47.8060    51.61      nan      nan   15.036  nan      nan    nan   1.046     nan                                None      10.634     -49.556       7.121       0.093     -41.948       0.059
 Gaia DR3 630889811989180928 139.5987644  15.9616823 15.317  3.043       2.237  69.3633  47.8969    30.56      nan      nan   20.660  nan      nan    nan   1.054     nan                                None    -189.380     -42.879    -182.369       0.045     -49.642       0.033
Gaia DR3 4145033393613641984 269.9245411 -16.4364148 13.284  3.098       2.500 136.3583  47.9899   -51.39      nan      nan   53.275  nan      nan    nan   1.561     nan                                None      41.120    -182.754      20.014       0.031    -164.230       0.021
Gaia DR3 4206320171755704320 286.5298682  -5.2514046 17.399  4.783       1.803 140.8941  48.2270   -50.29      nan      nan   54.644  nan      nan    nan   2.483     nan                                None     217.951     -65.506     216.472       0.384     -44.787       0.310
Gaia DR3 2992429437407001088  89.7093846 -15.4723276 17.749  3.707       2.463  12.7485  48.3316    52.23      nan      nan   12.561  nan      nan    nan   1.084     nan                                None      -9.159      35.407      -3.163       0.104      37.976       0.109
  Gaia DR3 65866248360249984  60.4296832  23.3699289 17.426  4.200       1.840  54.7428  48.4574    44.29      nan      nan   16.861  nan      nan    nan   1.373     nan                                None      83.045     -72.169      89.335       0.230     -73.961       0.119
Gaia DR3 6193279279612173952 201.7604518 -24.2907334  8.468  1.116       1.284 101.7336  48.5063   -20.93      nan      nan   33.480  nan      nan    nan   1.176     nan                                None    -343.692     -74.902    -339.245       0.030     -67.008       0.020
Gaia DR3 6193280031230266752 201.6631734 -24.2936785  8.516  1.123       1.135 101.6608  48.5128   -20.86      nan      nan   33.433  nan      nan    nan   1.179     nan                                None    -343.492     -74.565    -338.113       0.022     -68.648       0.014
Gaia DR3 3348896196670950656  90.5427604  16.3416619 13.231  2.371       2.038  43.6411  48.5207    51.38      nan      nan   15.017  nan      nan    nan   4.677     nan                                None     -13.433     -51.208     -17.545       0.086     -46.236       0.070
Gaia DR3 2498623784526293760  41.3553286   0.1388330 16.308  3.276       1.648  48.4272  48.5986    38.40      nan      nan   15.705  nan      nan    nan   0.909     nan                                None     125.842      -3.807     123.821       0.069       1.260       0.059
Gaia DR3 3302237802269707008  60.4506248  10.4658806 15.783  3.218       1.020  43.2895  48.6029    47.72      nan      nan   14.949  nan      nan    nan   9.627     nan                                None      73.571     -31.181      70.377       0.548     -30.833       0.371
Gaia DR3 2508198507874692992  31.7580168   1.4063733 15.961  3.076       1.275  56.9973  48.6115    31.50      nan      nan   17.256  nan      nan    nan   1.195     nan                                None     159.643      -6.660     158.603       0.063      -2.142       0.046
Gaia DR3 3125050644461680512  95.7474207   3.1805694 15.207  2.837       1.773  32.2431  48.6397    53.10      nan      nan   13.696  nan      nan    nan   1.058     nan                                None     -26.314     -11.581     -31.071       0.030      -9.689       0.027
Gaia DR3 5583388563463454720 100.3340943 -33.4665281 15.312  2.631       0.646  16.2030  48.6449    44.25      nan      nan   12.640  nan      nan    nan   1.059     nan                                None     -35.559      74.616     -37.153       0.026      73.969       0.024
Gaia DR3 2372218675052698624  14.9043134 -13.9788008 10.173  1.307       2.765  64.6474  48.6751    17.20      nan      nan   18.975  nan      nan    nan   1.011     nan                                None     204.605      12.785     204.691       0.017      23.846       0.018
  Gaia DR3 46531748701629312  59.2414923  16.8492206 11.401  1.667       2.842  49.4265  48.6822    45.84      nan      nan   15.842  nan      nan    nan   1.318     nan                                None      81.388     -50.081      85.431       0.027     -58.668       0.019
  Gaia DR3 48123085623867008  66.6360725  19.9053702 14.825  2.792       1.813  49.3395  48.6904    47.54      nan      nan   15.825  nan      nan    nan   1.088     nan                                None      59.910     -61.223      55.045       0.038     -57.631       0.027
Gaia DR3 3207962204970793088  78.1079384  -6.8156167 15.721  2.974       2.624  20.5047  48.7329    53.25      nan      nan   12.832  nan      nan    nan   1.015     nan                                None      20.178      14.347      21.339       0.034       7.344       0.028
Gaia DR3 5763688404328074752 134.5514706  -2.2925172 19.843  2.804       0.942  54.8153  48.7568    35.80      nan      nan   16.773  nan      nan    nan   1.094     nan                                None    -143.169       1.331    -145.360       0.652      -1.178       0.450
Gaia DR3 3293759468105823616  68.7648900  10.1283286 16.235  2.549       2.997  39.4516  48.7720    50.59      nan      nan   14.422  nan      nan    nan   0.909     nan                                None      48.802     -30.758      57.913       0.103     -30.636       0.056
Gaia DR3 4040285772776989056 267.3184766 -35.8963860 12.288  2.791       2.212 117.2633  49.0811   -43.13      nan      nan   40.564  nan      nan    nan   0.801     nan                                None      10.309    -278.258      13.215       0.029    -296.953       0.018
Gaia DR3 4682143724264470400  63.1768032 -58.2389185 14.313  2.530       1.632  34.5240  49.2069    27.10      nan      nan   13.797  nan      nan    nan   1.169     nan                                None      61.083     121.549      65.223       0.019     123.872       0.021
Gaia DR3 4889132045233656832  62.4178983 -27.8226467 14.336  2.635       2.200  18.5437  49.2574    44.26      nan      nan   12.645  nan      nan    nan   1.166     nan                                None      57.736      59.123      53.780       0.015      54.793       0.018
Gaia DR3 3192350789122969088  63.3901542  -9.4905313 14.533  2.569       1.917  25.4965  49.2833    49.34      nan      nan   13.040  nan      nan    nan   1.102     nan                                None      57.221      19.745      61.510       0.020      16.684       0.018
Gaia DR3 6894737663425859328 322.6876147  -8.7558998 18.928  3.771       0.800 112.3753  49.3892   -29.19      nan      nan   37.474  nan      nan    nan   1.062     nan                                None     356.675     -43.988     350.830       0.368     -41.579       0.248
Gaia DR3 5475509975805732992 156.9815715 -21.7014808  8.340  0.843       2.081  66.4824  49.4790    16.78      nan      nan   19.073  nan      nan    nan   0.947     nan                                None    -205.418      22.294    -209.231       0.023      29.741       0.023
Gaia DR3 2801124623310817536   5.6294724  23.6484555 13.247  2.660       1.221  90.3005  49.5024     7.82      nan      nan   26.983  nan      nan    nan   1.405     nan                                None     303.170     -26.051     297.239       0.024     -29.662       0.019
Gaia DR3 1587576253706543232 228.1566505  45.7311931 12.280  2.887       1.793 146.3069  49.5819   -30.51      nan      nan   52.586  nan      nan    nan  30.103     nan                                None    -367.949     330.473    -385.928       0.488     338.943       0.598
 Gaia DR3 266359135667820544  79.5412947  53.5335516 14.937  2.948       2.217  80.3227  49.6159    31.05      nan      nan   23.113  nan      nan    nan   1.107     nan                                None      29.810    -213.498      33.942       0.028    -223.480       0.023
Gaia DR3 5694038014907832448 121.4309707 -27.3351351 18.914  0.944       2.182  33.8643  49.6174    39.60      nan      nan   13.651  nan      nan    nan   1.011     nan                                None     -90.082      55.526     -83.934       0.150      56.806       0.160
Gaia DR3 3103381881618434944  97.7766642  -5.6651675 13.408  2.236       1.944  25.1938  49.6382    52.73      nan      nan   12.957  nan      nan    nan   1.186     nan                                None     -30.032      11.397     -25.731       0.017       8.283       0.016
Gaia DR3 6502407729676435328 347.2529029 -51.3427663 16.441  3.603       0.986  72.9813  49.6891    -4.33      nan      nan   20.736  nan      nan    nan   1.026     nan                                None     233.511     -31.074     237.477       0.038     -29.385       0.041
Gaia DR3 4894393345811700224  68.9211054 -25.1952621 16.461  3.195       2.795  12.9836  49.7015    47.16      nan      nan   12.354  nan      nan    nan   1.029     nan                                None      41.436      54.779      48.487       0.036      56.584       0.049
Gaia DR3 3119313289709924736  99.8929876  -0.9478466 17.733  4.000       2.753  30.3251  49.7354    52.46      nan      nan   13.317  nan      nan    nan   1.054     nan                                None     -36.332      -0.529     -29.384       0.139       2.854       0.127
 Gaia DR3 925354006754956288 114.5524661  43.5725988  9.378  1.126       0.379  75.9322  49.7874    33.66      nan      nan   21.568  nan      nan    nan   0.967     nan                                None    -117.310    -152.329    -119.025       0.014    -152.511       0.010
Gaia DR3 5254282330772536704 160.0583329 -59.9824931 17.409  3.729       1.841  60.5613  49.8433     8.35      nan      nan   17.548  nan      nan    nan   2.695     nan                                None    -192.223      45.714    -188.273       0.255      51.263       0.239
Gaia DR3 2493199210766756224  33.7022830  -3.0358434 10.865  1.412       1.275  52.9662  49.8572    33.01      nan      nan   16.087  nan      nan    nan   1.088     nan                                None     145.107       2.353     140.911       0.021       3.397       0.018
Gaia DR3 6069654212276081408 206.8244506 -50.2307168 20.524  2.407       2.922  88.2908  49.9353   -16.87      nan      nan   25.780  nan      nan    nan   1.006     nan                                None    -252.364    -119.232    -236.493       1.254    -119.728       0.869
Gaia DR3 4640983643916299392  53.2431839 -74.9451830 14.067  2.513       2.100  50.5711  50.0180    12.81      nan      nan   15.643  nan      nan    nan   1.227     nan                                None      96.550     143.784      89.921       0.095     145.794       0.077
 Gaia DR3 173230702656243584  66.6313372  34.4699925 12.527  2.117       2.534  63.1909  50.0884    41.40      nan      nan   18.028  nan      nan    nan   1.222     nan                                None      68.264    -112.967      71.176       0.020    -103.789       0.016
Gaia DR3 3040931751466803712 116.8104324  -9.2176442 14.770  2.816       1.655  36.2078  50.2553    45.98      nan      nan   13.748  nan      nan    nan   1.101     nan                                None     -80.143      18.538     -76.205       0.024      21.278       0.023
Gaia DR3 4364314662596822528 255.7060456  -6.0687751 10.055  2.003       2.449 146.3988  50.3068   -52.73      nan      nan   50.551  nan      nan    nan   0.924     nan                                None    -103.333     -71.108    -126.143       0.022     -83.792       0.015
Gaia DR3 2969841487138850560  82.2224260 -17.6736789 16.629  0.084       2.225   9.1018  50.3148    51.67      nan      nan   12.156  nan      nan    nan   1.002     nan                                None       9.223      39.379       8.975       0.054      33.682       0.050
Gaia DR3 2143016302194287488 288.0491184  57.6737914  6.834  0.952       2.739 144.4531  50.4602   -27.67      nan      nan   49.468  nan      nan    nan   1.011     nan                                None     211.234     435.709     216.436       0.027     407.627       0.022
Gaia DR3 3063243659888141696 125.4222107  -7.1285488 10.688  1.360       2.985  44.5324  50.5071    41.56      nan      nan   14.645  nan      nan    nan   5.604     nan                                None    -105.877      12.769     -97.438       0.097       9.065       0.076
Gaia DR3 5398616046731808256 173.2816616 -34.7713008 13.283  2.253       1.609  75.1493  50.5798     2.74      nan      nan   20.874  nan      nan    nan   1.170     nan                                None    -237.572       2.709    -244.640       0.015       3.127       0.013
Gaia DR3 5398613057434549248 173.3141113 -34.7838586 13.233  2.237       1.469  75.1692  50.5837     2.71      nan      nan   20.877  nan      nan    nan   1.079     nan                                None    -237.619       2.635    -244.075       0.016       2.988       0.012
 Gaia DR3 173230977535014272  66.7020745  34.4990995 14.256  2.806       1.930  63.2021  50.6531    41.41      nan      nan   17.808  nan      nan    nan   5.332     nan                                None      67.196    -111.717      69.218       0.118    -104.759       0.093
Gaia DR3 2930761854597516544 108.8014779 -20.2113255 15.551  2.977       2.218  24.2597  50.6694    47.11      nan      nan   12.721  nan      nan    nan   1.057     nan                                None     -56.082      43.521     -56.241       0.027      49.467       0.035
Gaia DR3 3204210155901218176  64.9853209  -3.1675263 16.628  3.169       2.034  29.3499  50.7139    50.39      nan      nan   13.061  nan      nan    nan   1.387     nan                                None      53.468       4.769      48.245       0.089       2.751       0.055
Gaia DR3 5816012513445323904 253.8802026 -65.2571799 10.775  1.710       2.551  87.7318  50.7360   -21.14      nan      nan   24.895  nan      nan    nan   1.179     nan                                None     -59.755    -254.171     -49.083       0.008    -262.258       0.011
Gaia DR3 6193991144671958016 197.6931707 -24.1788797 10.701    nan       2.203  98.7852  50.7591   -17.75      nan      nan   29.222  nan      nan    nan   1.095     nan                                None    -309.476     -56.261    -315.113       0.036     -43.918       0.023
Gaia DR3 3037414929164528128 117.2751554 -11.1810165  6.677  0.387       1.096  35.5531  50.7615    45.51      nan      nan   13.582  nan      nan    nan   0.881     nan                                None     -80.252      22.692     -82.642       0.023      20.657       0.018
Gaia DR3 1083965014396208640 122.6998413  59.8478252 10.353  1.628       2.511  92.4251  50.8280    20.85      nan      nan   26.582  nan      nan    nan   1.115     nan                                None    -180.843    -213.076    -194.384       0.013    -216.893       0.015
Gaia DR3 5560729312443985408 111.5047381 -40.9493675 12.852  2.050       1.601  27.2441  50.8476    37.53      nan      nan   12.885  nan      nan    nan   1.123     nan                                None     -63.125      84.708     -66.459       0.014      87.501       0.015
Gaia DR3 4870723609243898240  67.2536263 -35.0461078 14.453  2.613       0.812  16.0362  50.9792    42.47      nan      nan   12.265  nan      nan    nan   1.097     nan                                None      45.009      73.741      46.523       0.016      72.287       0.020
Gaia DR3 3208822018766505344  81.6317805  -6.9683449 17.039  3.265       2.325  19.8168  51.0561    53.59      nan      nan   12.417  nan      nan    nan   0.966     nan                                None      10.876      14.369      16.315       0.067      17.099       0.055
Gaia DR3 3117902680711791744  93.6042054  -2.7772158 19.163  0.963       1.865  25.9142  51.1744    53.53      nan      nan   12.740  nan      nan    nan   1.016     nan                                None     -19.109       4.138     -17.756       0.241       8.960       0.230
Gaia DR3 4980667483461243008  11.1786191 -43.1997670 14.938  2.865       1.599  59.4656  51.1748    11.01      nan      nan   16.851  nan      nan    nan   1.035     nan                                None     185.345      31.588     180.645       0.020      28.403       0.019
Gaia DR3 5555609470905556992  97.3262146 -45.9757655 14.214  2.608       1.965  22.2576  51.1781    37.57      nan      nan   12.522  nan      nan    nan   4.104     nan                                None     -27.924      98.676     -23.787       0.069     101.805       0.074
Gaia DR3 3413594999899884416  73.1483578  23.5407325 14.682  2.461       2.778  51.2075  51.1904    47.85      nan      nan   15.416  nan      nan    nan   1.005     nan                                None      39.193     -71.539      48.213       0.029     -71.946       0.021
Gaia DR3 3236790128539824128  82.2999612   4.9577377 13.980  2.447       1.210  31.6955  51.2299    53.61      nan      nan   13.152  nan      nan    nan   1.143     nan                                None       9.776     -15.842      11.225       0.023     -18.868       0.015
Gaia DR3 5495193402903272832  96.6707047 -57.3038426 17.217  3.337       2.881  32.0288  51.2420    29.57      nan      nan   13.177  nan      nan    nan   1.038     nan                                None     -27.697     122.600     -31.189       0.083     115.399       0.081
Gaia DR3 3440221765615075456  95.5860256  33.4484984 11.080  2.022       0.257  61.2990  51.2982    43.86      nan      nan   17.170  nan      nan    nan   4.931     nan                                None     -32.444    -109.534     -33.028       0.119    -108.808       0.087
Gaia DR3 6006352372926246400 232.4182002 -38.5420472 13.086  2.739       0.697 108.6362  51.3075   -34.52      nan      nan   32.762  nan      nan    nan  14.080     nan                                None    -206.709    -199.402    -205.318       0.240    -194.792       0.192
Gaia DR3 2988395230461659520  79.6490449 -12.9868554 15.888  3.008       0.919  14.1500  51.3161    52.54      nan      nan   12.147  nan      nan    nan   0.999     nan                                None      15.407      28.274      17.687       0.032      28.861       0.030
Gaia DR3 3405107766567375232  72.0238605  15.9753722 14.470  2.802       2.023  44.0743  51.3443    50.09      nan      nan   14.389  nan      nan    nan   1.125     nan                                None      39.712     -46.865      44.134       0.062     -51.121       0.045
Gaia DR3 5291361608022602368 123.3491031 -59.0126391 16.500  3.193       1.193  42.4923  51.5273    23.03      nan      nan   14.158  nan      nan    nan   1.012     nan                                None     -97.778     108.376     -99.656       0.060     105.351       0.055
Gaia DR3 2493855481769458688  34.8643767  -1.5203342 16.742  3.275       2.490  52.7946  51.5520    33.88      nan      nan   15.564  nan      nan    nan   1.058     nan                                None     138.165      -0.516     145.454       0.085       3.171       0.074
 Gaia DR3 611482710205400960 133.6723276  16.6111230  8.681  0.906       2.178  65.3555  51.6039    34.58      nan      nan   17.909  nan      nan    nan  15.339     nan                                None    -150.772     -43.137    -150.183       0.320     -34.936       0.218
Gaia DR3 3200779885779216000  70.7356953  -4.5050569 14.993  2.713       2.962  25.2404  51.6048    52.02      nan      nan   12.626  nan      nan    nan   1.024     nan                                None      37.973       8.095      32.891       0.029      14.122       0.026
Gaia DR3 3220023430918518912  86.7285030   1.7448964 19.477  3.262       2.638  28.6637  51.6419    53.95      nan      nan   12.847  nan      nan    nan   3.766     nan                                None      -1.758      -7.318      -1.608       1.316      -0.174       1.150
Gaia DR3 3399941397649257856  86.4615316  20.2637619 18.080  3.911       2.367  47.0894  51.7998    50.31      nan      nan   14.669  nan      nan    nan   1.011     nan                                None      -1.228     -60.954       2.912       0.215     -66.992       0.125
 Gaia DR3 986749670897589504 109.9640342  53.4193995 13.073  2.244       1.092  83.4281  51.8288    28.58      nan      nan   22.635  nan      nan    nan   1.153     nan                                None    -104.592    -192.327    -106.744       0.013    -187.582       0.010
Gaia DR3 2950296877684579200  98.5612318 -15.3149949 13.116  1.964       2.250  18.2425  51.8537    51.14      nan      nan   12.222  nan      nan    nan   1.057     nan                                None     -30.191      33.281     -26.434       0.012      37.695       0.015
 Gaia DR3 872579578926041472 111.1410195  26.1568409 14.669  2.799       0.824  59.3045  51.8598    43.44      nan      nan   16.592  nan      nan    nan   1.044     nan                                None     -80.200     -78.789     -77.508       0.022     -77.761       0.020
Gaia DR3 5637607680852558848 139.7141412 -27.2453855 16.841  3.423       1.550  49.8498  51.9340    28.93      nan      nan   15.017  nan      nan    nan   1.059     nan                                None    -137.858      43.431    -136.936       0.061      48.251       0.064
 Gaia DR3 154928094661066752  73.3728082  28.2521373 12.514  2.080       2.788  55.7911  52.0468    45.92      nan      nan   15.911  nan      nan    nan   1.046     nan                                None      39.758     -86.852      30.846       0.019     -89.682       0.013
Gaia DR3 2950685417605738752 100.3913178 -14.2572753 15.556  2.956       1.108  20.2725  52.0595    50.98      nan      nan   12.282  nan      nan    nan   1.084     nan                                None     -34.687      30.738     -32.605       0.034      32.711       0.037
Gaia DR3 3793132257595347200 175.9660718  -1.5303773 17.163  0.613       1.081  91.7192  52.0675     0.10      nan      nan   25.245  nan      nan    nan   0.996     nan                                None    -287.657      -5.612    -283.520       0.119      -1.615       0.086
Gaia DR3 3152515547272101504 118.0472997  14.2839555 15.337  2.741       1.655  53.1300  52.1558    44.13      nan      nan   15.449  nan      nan    nan   1.024     nan                                None     -93.301     -40.165     -90.472       0.046     -44.752       0.023
Gaia DR3 3757538386144167040 160.6873777 -11.7251161 18.639  4.299       2.387  73.6269  52.2403    14.22      nan      nan   19.600  nan      nan    nan   0.945     nan                                None    -215.364       7.741    -206.206       0.250      11.406       0.240
Gaia DR3 2949289553236728960 102.7191223 -13.3911212 16.741  2.950       1.125  22.5624  52.5489    50.58      nan      nan   12.321  nan      nan    nan   0.942     nan                                None     -40.293      28.476     -42.152       0.070      30.730       0.085
Gaia DR3 3322243966093852544  92.1422554   7.6320057 18.110  3.792       1.979  35.4172  52.5965    53.09      nan      nan   13.216  nan      nan    nan   1.010     nan                                None     -16.007     -22.804     -19.768       0.174     -26.836       0.147
Gaia DR3 5359489891109187200 165.1187959 -52.5594709 14.007  2.611       2.021  64.2764  52.6331     7.06      nan      nan   17.294  nan      nan    nan   1.225     nan                                None    -193.494      27.303    -188.131       0.016      22.249       0.016
Gaia DR3 3326503439779789440  99.6913811   8.8295478  9.928  1.027       2.458  38.9615  52.6349    51.71      nan      nan   13.543  nan      nan    nan   0.910     nan                                None     -36.419     -25.999     -42.964       0.018     -28.529       0.015
Gaia DR3 3333428301449424128  86.6158224   7.2585554 12.002  1.691       2.047  34.1370  52.7466    53.45      nan      nan   13.077  nan      nan    nan   1.305     nan                                None      -1.496     -21.716      -3.589       0.020     -26.957       0.013
 Gaia DR3 683922899930491520 122.1419997  27.8151019 13.903  2.397       2.910  66.0963  52.7894    38.11      nan      nan   17.613  nan      nan    nan   1.167     nan                                None    -118.255     -79.137    -114.504       0.018     -69.005       0.013
Gaia DR3 2935863073157473024 106.5379841 -16.3477983 14.882  2.650       2.469  23.9452  52.7974    48.85      nan      nan   12.357  nan      nan    nan   1.083     nan                                None     -49.304      34.481     -54.715       0.026      31.005       0.021
Gaia DR3 5535977175402314240 116.9937386 -40.7360409 15.448  3.019       0.831  31.0905  52.8219    35.79      nan      nan   12.820  nan      nan    nan   1.094     nan                                None     -75.136      79.590     -73.935       0.027      81.487       0.030
Gaia DR3 6616442994033876352 330.0097342 -30.6425673 19.083    nan       2.947  94.2590  52.8917   -19.86      nan      nan   25.459  nan      nan    nan   1.192     nan                                None     260.669     -69.767     245.057       0.482     -67.218       0.287
Gaia DR3 5530371933848561408 128.9380922 -36.3510947 13.654  2.133       2.544  39.7138  52.9265    32.50      nan      nan   13.560  nan      nan    nan   1.002     nan                                None    -105.177      64.660     -97.934       0.012      65.301       0.014
Gaia DR3 5188513324717041024 102.8023585 -88.5340363  8.546  0.786       2.685  61.8956  52.9418     2.38      nan      nan   16.721  nan      nan    nan   0.914     nan                                None     -54.947     182.277     -47.891       0.016     188.585       0.015
Gaia DR3 3234773830373745920  77.7338881   1.9070319 18.703  3.814       1.610  29.1247  52.9712    53.38      nan      nan   12.653  nan      nan    nan   1.007     nan                                None      20.829      -7.565      24.156       0.198     -10.277       0.137
Gaia DR3 3333428301449423104  86.6193007   7.2604517 14.331  2.462       2.461  34.1392  53.0525    53.45      nan      nan   13.022  nan      nan    nan   1.033     nan                                None      -1.499     -21.628      -3.816       0.025     -27.975       0.016
 Gaia DR3 147213719217929856  71.0931226  24.0822746  8.075  0.735       0.727  52.1496  53.1017    47.21      nan      nan   15.048  nan      nan    nan   0.879     nan                                None      44.227     -70.661      42.251       0.034     -69.472       0.020
Gaia DR3 5244908650496436224 153.7388963 -67.2969479 17.723  1.026       1.926  57.9883  53.2300     8.89      nan      nan   15.931  nan      nan    nan   1.076     nan                                None    -167.949      62.179    -165.460       0.166      56.211       0.226
 Gaia DR3 956622841842770560  96.3790713  40.0572211 10.231  1.233       1.212  67.8874  53.2838    39.99      nan      nan   17.805  nan      nan    nan   0.920     nan                                None     -36.411    -131.484     -35.916       0.015    -126.963       0.012
Gaia DR3 3143939292153924608 118.0594198   6.0846392 15.883  3.110       2.679  47.0213  53.3384    45.43      nan      nan   14.298  nan      nan    nan   8.877     nan                                None     -86.379     -17.809     -88.861       0.690     -10.124       0.404
Gaia DR3 5281254072504486656 110.7140739 -66.5474507 14.195  2.452       2.863  43.2800  53.3434    20.50      nan      nan   13.854  nan      nan    nan   1.116     nan                                None     -65.901     130.374     -58.441       0.019     126.596       0.017
 Gaia DR3 956622846138710912  96.3909131  40.0552105 14.901  2.815       0.466  67.8874  53.3593    39.99      nan      nan   17.776  nan      nan    nan   1.088     nan                                None     -36.393    -131.260     -36.656       0.029    -129.533       0.023
Gaia DR3 3327461595447168384  97.0049444   9.7464192 16.167  3.274       1.818  38.8318  53.4361    52.09      nan      nan   13.373  nan      nan    nan   1.121     nan                                None     -28.982     -28.261     -32.194       0.054     -32.253       0.053
Gaia DR3 3019940356499192960  93.5824427  -5.4998381 20.817  2.421       2.881  23.3923  53.4372    53.40      nan      nan   12.227  nan      nan    nan   1.140     nan                                None     -18.286      10.526     -12.507       2.187      15.189       2.277
Gaia DR3 3320758491523408256  85.8458938   5.3276154 14.139  2.397       1.864  32.1484  53.4830    53.68      nan      nan   12.786  nan      nan    nan   1.117     nan                                None       0.495     -16.364       2.627       0.020     -20.912       0.015
Gaia DR3 3327461526727691008  97.0084571   9.7438130 16.335  3.329       2.216  38.8305  53.5886    52.09      nan      nan   13.343  nan      nan    nan   1.565     nan                                None     -28.927     -28.191     -31.779       0.086     -33.733       0.077
  Gaia DR3 46859403165924480  61.9563738  18.0205380 16.179  3.036       2.694  49.2949  53.6099    46.57      nan      nan   14.526  nan      nan    nan   1.036     nan                                None      67.546     -49.825      60.102       0.070     -46.267       0.054
Gaia DR3 6260966349293260928 237.2420193 -16.6011208 18.536  3.679       0.883 129.8416  53.7390   -45.06      nan      nan   37.535  nan      nan    nan   0.990     nan                                None    -206.034    -115.096    -206.721       0.338    -122.047       0.233
Gaia DR3 5609179395401439232 103.9269638 -27.8466581 17.622  3.543       2.264  18.3719  53.9627    45.95      nan      nan   11.914  nan      nan    nan   1.043     nan                                None     -41.695      58.000     -36.963       0.075      54.848       0.091
Gaia DR3 5034610559006420224  17.6047939 -26.3228716 13.068    nan       2.461  58.0415  54.0355    18.26      nan      nan   15.705  nan      nan    nan   1.044     nan                                None     166.422      26.029     165.812       0.120      34.154       0.062
  Gaia DR3 89367450407789184  37.2433834  22.6068035 11.311  1.696       1.228  66.4435  54.0735    32.44      nan      nan   17.215  nan      nan    nan   1.238     nan                                None     147.585     -53.211     148.560       0.030     -48.863       0.025
Gaia DR3 2777525289847634432  15.1744555  14.8404681  9.327  1.049       2.936  78.0576  54.0887    16.84      nan      nan   19.834  nan      nan    nan   1.071     nan                                None     213.519     -23.245     223.092       0.029     -30.931       0.019
Gaia DR3 4820940574596934656  78.3257359 -36.7293723 17.212  3.491       1.196  10.8486  54.0911    43.53      nan      nan   11.657  nan      nan    nan   0.927     nan                                None      17.831      76.638      14.961       0.080      76.013       0.095
Gaia DR3 5075874921160751360  41.7702650 -26.1762684 16.605  3.153       1.242  36.9909  54.1183    35.18      nan      nan   13.073  nan      nan    nan   1.049     nan                                None     103.986      44.442     106.121       0.053      41.766       0.057
Gaia DR3 5794387559259542144 232.1714754 -73.1315425 10.996  1.592       2.658  77.9708  54.2130   -12.00      nan      nan   19.752  nan      nan    nan   0.923     nan                                None    -125.430    -180.114    -114.714       0.012    -177.351       0.014
  Gaia DR3 69849229230450944  56.6028910  25.2117539  9.819  1.040       2.455  57.9544  54.3235    42.11      nan      nan   15.608  nan      nan    nan   0.950     nan                                None      87.409     -69.123      95.437       0.021     -68.219       0.014
 Gaia DR3 435594556668606464  50.2127105  48.5486178 14.765  3.017       2.845  80.8793  54.4008    28.20      nan      nan   20.404  nan      nan    nan   1.149     nan                                None     136.092    -144.296     124.096       0.032    -141.869       0.030
Gaia DR3 3028603065030026496 112.2248821 -15.2632965 13.648  2.586       1.742  29.2674  54.4072    47.04      nan      nan   12.426  nan      nan    nan   3.908     nan                                None     -62.478      30.778     -59.683       0.048      34.387       0.046
Gaia DR3 3402513189707430528  84.7466735  20.0752014 20.373  2.640       2.813  46.8210  54.5572    50.36      nan      nan   14.001  nan      nan    nan   1.070     nan                                None       3.602     -57.679       4.559       0.970     -49.430       0.597
Gaia DR3 3252171952615942144  63.4442715  -3.3642525 13.550  2.100       1.487  30.0957  54.5966    49.85      nan      nan   12.451  nan      nan    nan   1.063     nan                                None      54.513       4.918      51.186       0.017       6.959       0.013
Gaia DR3 3193022384569264128  64.6418848  -7.6139813 10.991  1.468       1.643  26.0363  54.6053    49.99      nan      nan   12.194  nan      nan    nan   1.124     nan                                None      50.695      14.448      49.754       0.017      10.330       0.014
  Gaia DR3 53720561882110336  62.3538626  23.4639435 12.329  1.922       0.259  54.1061  54.7206    44.95      nan      nan   14.916  nan      nan    nan   1.189     nan                                None      68.280     -65.021      68.669       0.025     -65.738       0.016
Gaia DR3 3014707127829746432  81.5057146  -8.8756525 13.578  2.174       2.857  17.9262  54.8169    53.37      nan      nan   11.774  nan      nan    nan   1.192     nan                                None      10.608      18.044      17.489       0.014      19.762       0.012
  Gaia DR3 53720557585606912  62.3524353  23.4640258 11.934  1.765       1.764  54.1066  54.8183    44.95      nan      nan   14.891  nan      nan    nan   1.070     nan                                None      68.170     -64.913      65.674       0.023     -69.856       0.015
Gaia DR3 5214066181104910976 109.7683710 -76.4162590  8.118  0.680       2.965  51.3287  54.9059    12.64      nan      nan   14.487  nan      nan    nan   0.953     nan                                None     -66.427     146.139     -57.969       0.020     142.906       0.024
Gaia DR3 3315606901590701184  90.7631651   2.6259241 14.533  2.909       1.894  30.2287  54.9417    53.73      nan      nan   12.404  nan      nan    nan   1.161     nan                                None     -11.637      -9.214     -14.971       0.026     -12.876       0.023
 Gaia DR3 302956655074266112  23.3350727  29.2649113  8.217  0.816       2.719  80.1809  55.0081    21.09      nan      nan   19.920  nan      nan    nan   1.217     nan                                None     201.710     -54.754     190.343       0.028     -53.675       0.031
Gaia DR3 4942278485949735424  30.0081139 -47.3166010 14.417  2.592       0.444  46.1492  55.0637    21.24      nan      nan   13.815  nan      nan    nan   1.203     nan                                None     130.553      62.568     131.124       0.016      63.728       0.019
Gaia DR3 2985066935748826880  79.3168099 -14.7249572 20.699  2.577       0.942  12.5526  55.0838    52.15      nan      nan   11.565  nan      nan    nan   1.109     nan                                None      15.428      30.773      13.377       1.504      29.742       1.124
Gaia DR3 5524323073699335296 133.0695953 -42.5423840 16.277  3.199       2.961  43.2132  55.0973    27.84      nan      nan   13.487  nan      nan    nan   1.059     nan                                None    -112.452      68.615    -108.588       0.041      76.097       0.041
Gaia DR3 3285575489527873920  68.2891370   5.9810875 12.381  1.871       2.841  35.7793  55.1185    51.05      nan      nan   12.791  nan      nan    nan   1.356     nan                                None      44.437     -17.298      38.627       0.018     -12.304       0.013
Gaia DR3 3209451493468840960  82.6770498  -5.5384682 20.889  1.033       0.862  21.1929  55.1458    53.77      nan      nan   11.864  nan      nan    nan   0.962     nan                                None       7.931      10.394       8.710       1.805      12.406       1.702
Gaia DR3 4743494617668479232  31.0548199 -55.1835274 14.210  2.465       1.469  47.0274  55.1663    18.56      nan      nan   13.894  nan      nan    nan   1.204     nan                                None     129.665      72.811     128.552       0.017      76.967       0.016
Gaia DR3 3034263144725906944 113.5283342 -11.2391163  8.216  0.604       2.692  32.3983  55.2064    47.21      nan      nan   12.514  nan      nan    nan   1.038     nan                                None     -65.814      21.920     -65.759       0.018      29.020       0.016
Gaia DR3 5545899099618087808 121.5295870 -33.6324975 14.348  2.336       2.224  33.5916  55.3557    37.20      nan      nan   12.578  nan      nan    nan   1.052     nan                                None     -83.203      62.299     -87.849       0.015      65.930       0.017
Gaia DR3 1226624350292337792 211.9718443  12.6863212 20.649  2.274       2.111 130.0617  55.3563   -31.16      nan      nan   35.202  nan      nan    nan   1.225     nan                                None    -324.792      44.042    -337.374       1.429      53.370       1.660
Gaia DR3 4960120604731208704  23.9638594 -40.7895297 13.991  2.508       2.259  50.2849  55.4255    19.84      nan      nan   14.232  nan      nan    nan   1.230     nan                                None     143.287      47.211     136.564       0.012      46.370       0.016
Gaia DR3 5898640777912659328 216.9190683 -51.9657726 11.011  1.818       2.346  91.4705  55.6816   -20.95      nan      nan   22.577  nan      nan    nan   1.120     nan                                None    -194.509    -135.708    -183.403       0.021    -136.838       0.033
Gaia DR3 3234421230737368448  80.9102833   2.7917174 15.578  2.824       2.756  29.6034  55.7342    53.68      nan      nan   12.237  nan      nan    nan   1.040     nan                                None      12.468      -9.487      17.890       0.036     -14.085       0.027
Gaia DR3 2987731743913584640  76.8238241 -13.5117224 13.610  2.272       1.528  14.5243  55.7412    52.09      nan      nan   11.531  nan      nan    nan   2.492     nan                                None      21.046      27.806      24.468       0.033      29.250       0.028
Gaia DR3 2987731743912516608  76.8235984 -13.5119845 16.189    nan       2.604  14.5242  55.7707    52.09      nan      nan   11.527  nan      nan    nan   0.971     nan                                None      21.039      27.797      26.040       0.109      31.676       0.085
 Gaia DR3 941247584773550976 104.1611225  38.5453329 10.196  1.237       2.408  68.1346  55.8216    39.49      nan      nan   16.936  nan      nan    nan   1.053     nan                                None     -60.019    -117.236     -52.129       0.019    -113.825       0.016
Gaia DR3 6501258877464064896 350.2578841 -53.0391231 16.331  1.660       1.365  70.6638  55.8421    -2.43      nan      nan   17.424  nan      nan    nan   1.083     nan                                None     197.528     -18.318     193.507       0.035     -15.323       0.041
Gaia DR3 4815240255345778048  71.6326601 -41.8029655 18.253  3.571       1.819  17.8462  55.8501    39.70      nan      nan   11.628  nan      nan    nan   1.002     nan                                None      32.967      83.607      28.856       0.120      81.882       0.154
Gaia DR3 3122544994898494208  91.5124072   0.1053591 20.041  2.447       1.494  27.9780  55.8565    53.77      nan      nan   12.117  nan      nan    nan   2.593     nan                                None     -13.166      -2.952     -12.748       1.505       0.842       1.191
Gaia DR3 3227774614228467712  76.3831397   0.2043109 14.865  2.751       2.544  27.7322  55.9346    53.25      nan      nan   12.090  nan      nan    nan   1.068     nan                                None      23.110      -3.178      17.298       0.023      -6.052       0.015
Gaia DR3 1115378031539193984 106.0147819  75.2263932  7.052  0.715       2.749 102.9896  56.0387    11.92      nan      nan   25.763  nan      nan    nan   3.965     nan                                None    -100.279    -268.240     -91.147       0.080    -256.429       0.109
Gaia DR3 2934979649922107008 107.8323800 -17.1256197 11.443  1.293       1.410  24.6661  56.0458    48.24      nan      nan   11.903  nan      nan    nan   1.418     nan                                None     -50.350      34.550     -49.698       0.020      31.071       0.022
Gaia DR3 4882826311688490496  62.4790025 -32.8885159 12.415  1.842       1.156  19.0244  56.2292    42.15      nan      nan   11.620  nan      nan    nan   3.715     nan                                None      52.928      63.731      54.433       0.034      66.129       0.039
Gaia DR3 3166014977376527232 115.1173076  16.6179442 12.633  2.014       2.385  53.2432  56.3408    44.93      nan      nan   14.402  nan      nan    nan   1.155     nan                                None     -79.754     -44.092     -79.862       0.018     -36.852       0.014
Gaia DR3 5604281861374536448 107.1291391 -31.8268537 10.056  0.933       2.176  21.3805  56.3516    43.38      nan      nan   11.701  nan      nan    nan   1.017     nan                                None     -47.974      63.389     -53.302       0.012      64.040       0.013
Gaia DR3 5382540155939835008 173.6943212 -41.8725052 13.008  2.265       2.527  72.8291  56.3630     2.35      nan      nan   17.671  nan      nan    nan  49.454     nan                                None    -201.182       2.570    -206.956       0.573      -4.864       0.505
Gaia DR3 5031699498893478912  12.8417866 -30.8521880 15.206  2.744       1.796  60.8244  56.3936    13.95      nan      nan   15.486  nan      nan    nan   1.133     nan                                None     168.925      23.195     169.915       0.030      28.974       0.032
Gaia DR3 3373615928185851776  91.9888892  18.7271359 18.560  3.781       2.081  46.2318  56.5284    50.54      nan      nan   13.522  nan      nan    nan   1.130     nan                                None     -15.968     -52.056     -17.050       0.271     -57.888       0.216
Gaia DR3 5175377837255449472  39.1730093  -9.7407924 13.721    nan       2.739  44.9036  56.6839    36.58      nan      nan   13.351  nan      nan    nan   0.948     nan                                None     111.018      14.666     109.639       0.304      22.250       0.147
Gaia DR3 5351447788200051584 158.8142077 -58.2353915 12.461  2.202       2.606  60.0194  56.7010     9.32      nan      nan   15.277  nan      nan    nan   7.603     nan                                None    -166.263      42.038    -164.132       0.112      33.921       0.116
 Gaia DR3 799473875428309120 145.9177611  36.4153294 11.560  1.928       2.905  86.3714  56.7569    21.19      nan      nan   20.596  nan      nan    nan   1.277     nan                                None    -202.988     -73.608    -193.334       0.034     -65.489       0.023
Gaia DR3 4675388251808353664  67.2958379 -64.2840934 18.075  3.881       2.335  38.9451  56.7715    23.15      nan      nan   12.769  nan      nan    nan   0.947     nan                                None      46.758     122.905      41.015       0.158     120.349       0.158
Gaia DR3 5622192145575955456 135.1802243 -38.3069905 17.530  3.437       1.744  44.6742  56.8033    28.38      nan      nan   13.304  nan      nan    nan   1.024     nan                                None    -114.651      59.150    -115.426       0.075      54.322       0.082
Gaia DR3 4575374857376398976 259.4183376  29.2281911  8.118  1.207       2.148 175.7770  56.9116   -47.34      nan      nan   41.110  nan      nan    nan   1.005     nan                                None     -54.021     219.215     -72.481       0.016     216.849       0.019
Gaia DR3 2978432280724575744  68.8185864 -19.3516463 13.137  1.996       2.900  15.1878  57.1360    49.03      nan      nan   11.366  nan      nan    nan   1.039     nan                                None      38.346      38.604      40.043       0.011      31.866       0.012
  Gaia DR3 41632084370099584  55.0474521  15.2885394 10.184  1.099       2.497  50.1650  57.1862    44.39      nan      nan   13.830  nan      nan    nan   1.363     nan                                None      81.149     -38.593      75.079       0.028     -42.612       0.020
Gaia DR3 3053568232449542400 112.2584714  -8.7319133 14.640  2.612       2.012  32.8080  57.2485    48.06      nan      nan   12.214  nan      nan    nan   1.144     nan                                None     -61.487      16.265     -57.335       0.026      19.366       0.022
Gaia DR3 6617584076650133888 329.0964264 -29.1756009 15.838  3.642       2.293  95.7466  57.3161   -20.86      nan      nan   22.742  nan      nan    nan   0.787     nan                                None     231.009     -61.665     232.833       0.084     -50.826       0.075
Gaia DR3 5748378971928287360 129.0424680 -11.3656514 17.506  3.661       2.911  45.6212  57.3823    38.94      nan      nan   13.289  nan      nan    nan   0.961     nan                                None    -103.277      18.922    -101.625       0.126      10.934       0.101
 Gaia DR3 203240429433718016  71.8912640  40.6558653 12.272  1.989       2.034  68.2039  57.4374    39.05      nan      nan   16.417  nan      nan    nan   1.061     nan                                None      45.727    -120.951      50.900       0.017    -116.178       0.013
  Gaia DR3 18536636468489600  39.1568318   6.7588574 16.393  3.186       2.840  54.2745  57.4649    36.54      nan      nan   14.276  nan      nan    nan   0.954     nan                                None     118.745     -16.244     121.164       0.072      -8.046       0.060
Gaia DR3 3031582775898918784 110.7430291 -15.0359792 15.751  2.813       0.669  28.1175  57.5517    47.67      nan      nan   11.872  nan      nan    nan   1.095     nan                                None     -56.532      29.328     -57.915       0.042      28.383       0.038
Gaia DR3 6054307057226109440 181.9703208 -63.4058001 16.908  3.661       1.987  70.0241  57.6944    -1.55      nan      nan   16.662  nan      nan    nan   1.057     nan                                None    -188.840     -19.201    -182.139       0.066     -21.158       0.067
Gaia DR3 3193523139103121024  59.4967090 -10.2244677  9.663  0.873       0.876  27.8416  57.7440    47.74      nan      nan   11.828  nan      nan    nan   0.931     nan                                None      60.229      18.809      59.285       0.016      20.777       0.013
Gaia DR3 5025563846053304960  28.2159760 -26.4000694 15.618  2.943       2.765  48.8357  57.7508    26.23      nan      nan   13.561  nan      nan    nan   1.121     nan                                None     130.790      33.881     122.919       0.042      33.145       0.028
Gaia DR3 3112729482802668032 106.6640909  -0.1195462 15.666  3.351       1.444  34.8458  57.7657    50.56      nan      nan   12.277  nan      nan    nan   1.031     nan                                None     -49.276      -2.462     -45.539       0.048      -2.470       0.045
 Gaia DR3 203240536806702976  71.9008028  40.6704404 15.803  3.076       2.089  68.2168  57.8019    39.04      nan      nan   16.304  nan      nan    nan   1.080     nan                                None      45.384    -120.162      51.093       0.053    -115.805       0.042
Gaia DR3 5524687007748180352 133.9325934 -41.2883853 19.049  3.895       2.354  43.7681  57.8241    27.91      nan      nan   13.021  nan      nan    nan   1.020     nan                                None    -110.075      63.467    -103.701       0.209      64.520       0.239
Gaia DR3 4169462136799175296 263.6946482  -6.9033084 10.535  1.967       2.445 146.3703  57.8396   -53.45      nan      nan   35.996  nan      nan    nan  16.053     nan                                None     -16.788     -57.219      -8.682       0.248     -73.907       0.183
Gaia DR3 3193523143396827648  59.4962568 -10.2246252 10.678  1.046       2.621  27.8418  57.8767    47.74      nan      nan   11.809  nan      nan    nan   0.975     nan                                None      60.132      18.778      66.528       0.020      20.068       0.015
Gaia DR3 1042738074294384000 136.3489234  61.5579440 13.713  2.526       2.309  98.0406  57.8921    15.50      nan      nan   23.000  nan      nan    nan   3.470     nan                                None    -201.669    -149.616    -210.459       0.223    -142.681       0.265
Gaia DR3 5812911821922665600 266.1759206 -65.9160211 13.006  2.342       2.567  87.3332  57.9185   -21.08      nan      nan   20.244  nan      nan    nan   1.070     nan                                None       0.545    -212.431      11.430       0.012    -213.688       0.015
Gaia DR3 4369747594365857408 262.7800313  -2.6551425 13.435  3.020       2.809 150.6172  58.0291   -53.82      nan      nan   36.563  nan      nan    nan   1.279     nan                                None     -23.695     -27.405     -44.736       0.019     -22.285       0.015
Gaia DR3 2935809776906047488 106.6430071 -16.5475476 20.173  2.690       1.314  23.9350  58.0586    48.77      nan      nan   11.581  nan      nan    nan   1.160     nan                                None     -46.435      32.707     -47.024       0.618      35.862       0.619
Gaia DR3 3040449954916676480 114.9310472 -10.1351417 18.503  0.666       2.911  34.1559  58.0768    46.74      nan      nan   12.179  nan      nan    nan   0.984     nan                                None     -67.047      18.710     -60.058       0.167      21.358       0.154
Gaia DR3 5420480934964391168 151.4830128 -39.8399445 14.395  2.702       2.193  57.1371  58.0821    17.91      nan      nan   14.511  nan      nan    nan   1.178     nan                                None    -150.389      41.542    -156.092       0.016      38.007       0.018
Gaia DR3 3367650703944744704 105.1967322  21.3743298 12.759  2.085       0.599  52.5777  58.0825    47.13      nan      nan   13.926  nan      nan    nan   1.133     nan                                None     -52.070     -57.519     -51.131       0.022     -59.007       0.019
 Gaia DR3 384019897884246144   0.8719340  40.8440153 17.213  4.180       2.302 101.8121  58.0908     2.75      nan      nan   23.896  nan      nan    nan   1.035     nan                                None     271.322     -19.026     265.540       0.073      -8.972       0.064
Gaia DR3 2955668743600624768  78.2571277 -27.4655369 14.380  2.568       1.997   4.5229  58.1686    47.97      nan      nan   11.033  nan      nan    nan   2.839     nan                                None      17.026      55.269      21.434       0.047      53.806       0.093
Gaia DR3 3145167545424400896 116.6991209   7.8631792 20.313  2.618       2.586  47.3992  58.2884    45.88      nan      nan   13.299  nan      nan    nan   1.132     nan                                None     -77.271     -20.768     -81.951       0.809     -15.233       0.412
Gaia DR3 5786443793902833280 208.4069163 -77.8416568 14.049  2.812       2.614  70.6502  58.3698    -5.06      nan      nan   16.555  nan      nan    nan  26.022     nan                                None    -159.336     -99.499    -155.137       0.368     -91.401       0.435
Gaia DR3 2567470774545868160  27.2690645   6.4101789 12.423  1.885       2.785  63.5043  58.4475    27.71      nan      nan   15.341  nan      nan    nan   1.261     nan                                None     149.473     -13.514     140.753       0.020     -15.769       0.018
Gaia DR3 2935446392608812032 105.9381567 -16.9391612 18.063  0.384       1.662  23.1548  58.5083    48.90      nan      nan   11.484  nan      nan    nan   0.972     nan                                None     -44.534      33.401     -40.520       0.102      33.114       0.097
Gaia DR3 3214058859506319744  81.2131602  -2.6026106 20.918  1.982       1.670  24.2017  58.5109    53.82      nan      nan   11.531  nan      nan    nan   1.260     nan                                None      11.057       3.379       7.504       2.523       1.416       1.889
Gaia DR3 6755757198955475072 285.6840856 -34.3926232 11.042  1.929       2.210 115.2992  58.5647   -41.38      nan      nan   27.283  nan      nan    nan   0.931     nan                                None     104.509    -170.400      97.612       0.019    -181.080       0.015
 Gaia DR3 675441679550998400 118.5466668  23.8806937  9.438  0.973       2.111  61.0078  58.5709    41.23      nan      nan   14.934  nan      nan    nan   0.965     nan                                None     -91.446     -61.138     -90.731       0.016     -54.532       0.010
 Gaia DR3 900430998730384384 113.1795012  40.7207957 13.671  2.477       2.373  72.9376  58.6061    35.74      nan      nan   16.895  nan      nan    nan   1.189     nan                                None     -87.813    -114.613     -90.598       0.017    -122.593       0.011
Gaia DR3 2903922329080935168  86.2268115 -29.9204791 16.905  3.223       2.265   4.1223  58.6695    47.34      nan      nan   10.969  nan      nan    nan   1.064     nan                                None      -0.407      60.228       4.807       0.064      59.721       0.067
Gaia DR3 5582549326853714176 100.7712336 -34.2501114 15.739  3.051       2.985  16.8224  58.6789    43.78      nan      nan   11.218  nan      nan    nan   1.253     nan                                None     -32.503      67.510     -31.532       0.040      60.520       0.041
Gaia DR3 4018076496798280192 174.9358425  26.9521437 17.900  4.786       2.988 103.1191  58.6879     0.45      nan      nan   23.845  nan      nan    nan   1.062     nan                                None    -271.652      -7.109    -285.990       0.222     -11.574       0.226
Gaia DR3 4788272950264011520  67.7531823 -47.9337170 17.338  3.323       1.034  24.4321  58.7041    35.15      nan      nan   11.516  nan      nan    nan   1.071     nan                                None      41.175      90.776      43.402       0.073      89.616       0.092
Gaia DR3 4889132045231795584  62.4176699 -27.8231520 18.076    nan       1.662  18.5439  58.7365    44.26      nan      nan   11.268  nan      nan    nan   3.031     nan                                None      51.452      52.688      49.897       0.399      49.059       0.513
Gaia DR3 2567464899030607744  27.2780093   6.4009403 12.208  2.090       2.898  63.4917  58.7412    27.72      nan      nan   15.259  nan      nan    nan   1.588     nan                                None     148.667     -13.431     139.436       0.051     -14.719       0.041
Gaia DR3 2888750889683278464  87.9063719 -33.9227502 16.157  3.170       2.440   8.2341  58.7660    45.39      nan      nan   11.005  nan      nan    nan   2.682     nan                                None      -4.083      67.910       1.252       0.083      69.801       0.103
Gaia DR3 3255963274865931008  64.6230881   1.2729191  8.446  0.647       2.817  33.2691  58.9256    50.25      nan      nan   11.988  nan      nan    nan   1.043     nan                                None      49.879      -5.495      48.975       0.027       1.565       0.019
  Gaia DR3 42488260330613248  54.0809182  16.0326925 15.726  3.061       0.228  51.3001  58.9339    43.75      nan      nan   13.597  nan      nan    nan   1.013     nan                                None      82.006     -39.214      82.648       0.056     -39.345       0.046
Gaia DR3 3757496673422327936 160.7606272 -11.9443695 12.722  2.250       2.161  73.6006  58.9552    14.15      nan      nan   16.900  nan      nan    nan   1.391     nan                                None    -185.759       6.819    -185.155       0.039      14.496       0.021
Gaia DR3 6348982323811381376 306.0352215 -82.0903510 19.113  3.973       1.318  69.1956  59.0124    -4.65      nan      nan   16.101  nan      nan    nan   1.001     nan                                None     117.915    -139.709     121.072       0.241    -136.540       0.217
 Gaia DR3 162722571248229376  63.2928833  26.4367682 17.394  3.773       0.621  56.5332  59.0519    44.14      nan      nan   14.205  nan      nan    nan   0.974     nan                                None      62.587     -69.291      63.442       0.129     -67.640       0.099
Gaia DR3 3183377606009146624  74.8327755  -9.2385970 16.293  2.833       0.511  19.2212  59.0544    52.47      nan      nan   11.252  nan      nan    nan   1.046     nan                                None      24.920      17.717      25.380       0.047      16.596       0.040
 Gaia DR3 972437774715947136  92.5814379  52.7620067 16.688  3.447       0.666  79.9007  59.0691    31.63      nan      nan   18.085  nan      nan    nan   1.011     nan                                None     -23.475    -165.431     -26.015       0.066    -165.481       0.056
Gaia DR3 5125920636007751296  41.6054971 -21.6613719 14.927  2.649       2.633  38.1747  59.1036    36.24      nan      nan   12.315  nan      nan    nan   1.117     nan                                None      98.238      34.434     101.263       0.019      40.564       0.027
Gaia DR3 3051818119174646912 108.5541020  -7.6475555 14.402  2.854       0.654  30.6526  59.2751    49.60      nan      nan   11.770  nan      nan    nan   1.148     nan                                None     -51.354      13.889     -52.903       0.025      13.400       0.022
Gaia DR3 5175377837254972160  39.1730978  -9.7404575 12.999  2.161       2.652  44.9037  59.2987    36.58      nan      nan   12.861  nan      nan    nan   3.606     nan                                None     106.950      14.128     111.496       0.104      19.699       0.087
Gaia DR3 5143445030287162496  33.2267409 -18.3583389 19.026  3.404       1.498  46.6810  59.3187    31.32      nan      nan   13.030  nan      nan    nan   1.510     nan                                None     118.285      25.509     116.567       0.412      29.249       0.359
Gaia DR3 4772655349664008832  80.6088208 -50.3882369 14.728  2.559       2.309  23.7519  59.4558    35.10      nan      nan   11.383  nan      nan    nan   1.056     nan                                None      12.278      97.861       7.549       0.023     100.749       0.026
Gaia DR3 2982927011242308224  76.5183643 -16.5218617 18.964  3.422       2.786  11.9711  59.4899    51.37      nan      nan   10.987  nan      nan    nan   1.005     nan                                None      20.710      32.765      26.373       0.261      35.857       0.249
  Gaia DR3 63373414980371328  55.8063867  20.6213071 16.012  3.113       2.884  54.3116  59.4920    43.31      nan      nan   13.832  nan      nan    nan   1.010     nan                                None      79.361     -50.841      82.833       0.059     -43.183       0.046
Gaia DR3 3029840427927230976 114.2216098 -15.1287829 15.624  2.566       2.229  31.0400  59.4976    46.24      nan      nan   11.762  nan      nan    nan   0.990     nan                                None     -63.292      28.302     -66.688       0.032      32.662       0.032
Gaia DR3 4323956302321933952 247.0781931 -17.6554765 17.296  1.155       0.964 132.9193  59.4988   -48.36      nan      nan   30.984  nan      nan    nan   0.998     nan                                None    -114.722    -107.844    -116.840       0.108    -113.771       0.086
Gaia DR3 5598819655112033792 116.0199161 -30.6060140 17.565  3.422       2.281  28.8959  59.5034    40.81      nan      nan   11.636  nan      nan    nan   0.992     nan                                None     -66.253      56.242     -66.981       0.082      50.694       0.095
Gaia DR3 3338594116314032896  79.3018866   9.2525042 15.464  2.718       2.481  36.1819  59.5479    52.78      nan      nan   12.095  nan      nan    nan   0.998     nan                                None      16.171     -24.665      10.828       0.042     -21.280       0.033
Gaia DR3 3229779023925832320  71.8622113  -0.1369507 11.496  1.370       1.631  28.7635  59.6111    52.37      nan      nan   11.614  nan      nan    nan   1.053     nan                                None      32.414      -2.281      33.790       0.018       1.468       0.015
Gaia DR3 2926975716366080896 102.0967634 -20.7225151 18.007  3.605       2.997  18.2277  59.7077    48.92      nan      nan   11.134  nan      nan    nan   0.968     nan                                None     -35.089      40.819     -35.223       0.077      47.853       0.110
Gaia DR3 3769395863135984512 154.4067913  -8.0688982  5.169  0.443       2.696  69.5723  59.7286    19.87      nan      nan   15.950  nan      nan    nan   1.195     nan                                None    -168.938       5.887    -160.234       0.167       3.349       0.253
Gaia DR3 3019066897590360832  88.5252461  -6.4931874 20.796  1.672       2.222  20.8401  59.8322    53.74      nan      nan   11.213  nan      nan    nan   1.073     nan                                None      -5.539      11.953      -6.947       1.780       6.892       1.775
 Gaia DR3 508249151163917184  29.7316823  61.1697406 16.415  3.581       1.984  97.9312  59.8560    13.52      nan      nan   21.794  nan      nan    nan   1.020     nan                                None     206.629    -123.025     202.548       0.030    -114.873       0.037
Gaia DR3 3553966591401624832 162.0625880 -19.9840769 15.365  2.746       2.297  71.5291  59.8947    12.62      nan      nan   16.229  nan      nan    nan   1.053     nan                                None    -179.448      11.868    -174.448       0.038       5.804       0.041
Gaia DR3 3603684857941363200 204.1589266 -16.8364784 14.347  2.879       2.825 107.9775  59.9138   -24.06      nan      nan   24.283  nan      nan    nan   1.161     nan                                None    -244.035     -42.948    -229.678       0.030     -44.685       0.022
Gaia DR3 6344716837172576896 329.1867882 -83.7270785  9.141  0.851       0.846  65.9725  59.9182    -1.62      nan      nan   15.322  nan      nan    nan   0.887     nan                                None     155.757     -78.763     157.884       0.013     -80.482       0.015
Gaia DR3 3373291782709765376  92.2399904  17.6241534 15.591  2.860       1.372  45.1951  59.9911    50.86      nan      nan   12.766  nan      nan    nan   1.512     nan                                None     -15.708     -46.494     -17.099       0.057     -49.915       0.048
Gaia DR3 6708420715110555136 276.6730309 -46.8789415 18.055  5.011       1.385 105.4064  60.0231   -35.52      nan      nan   23.554  nan      nan    nan   0.992     nan                                None      49.521    -196.125      54.103       0.157    -190.998       0.132
Gaia DR3 5725328329127553664 119.4307944 -14.7551954 18.290  3.853       1.840  35.7210  60.0718    43.88      nan      nan   11.982  nan      nan    nan   1.042     nan                                None     -75.138      26.452     -75.926       0.169      21.872       0.143
Gaia DR3 5982345155045648640 237.1528075 -50.7579465 13.343  2.612       2.502  99.1524  60.1191   -29.10      nan      nan   21.943  nan      nan    nan   2.494     nan                                None    -120.787    -172.639    -109.825       0.036    -176.357       0.031
Gaia DR3 5670574642927488768 149.1499664 -19.7569481 12.358  1.843       2.391  60.2964  60.1658    23.35      nan      nan   14.442  nan      nan    nan   1.328     nan                                None    -146.773      22.132    -150.262       0.018      28.522       0.013
Gaia DR3 5982345155045187584 237.1559913 -50.7548094 15.333  3.123       1.722  99.1561  60.1797   -29.10      nan      nan   21.909  nan      nan    nan   1.003     nan                                None    -120.590    -172.373    -114.142       0.033    -177.025       0.028
 Gaia DR3 400721930483550080  21.7075412  50.3763712 16.687  3.641       1.963  94.3078  60.2536    14.11      nan      nan   20.719  nan      nan    nan   1.097     nan                                None     212.787     -81.707     221.270       0.066     -82.956       0.061
Gaia DR3 5608628711874023040 102.3954951 -29.1975853 12.920  1.812       1.767  17.0542  60.2853    45.76      nan      nan   11.024  nan      nan    nan   1.133     nan                                None     -35.372      56.654     -38.046       0.013      53.538       0.015
 Gaia DR3 189560172614093184  83.5836693  37.6286069 13.844  2.707       1.345  64.3531  60.3103    42.10      nan      nan   14.976  nan      nan    nan   1.229     nan                                None       7.315    -106.733       6.426       0.022    -110.885       0.017
Gaia DR3 5581975587942266368  98.2369075 -34.3047966 16.495  3.045       2.115  14.9333  60.3428    44.21      nan      nan   10.956  nan      nan    nan   0.958     nan                                None     -26.373      66.753     -21.849       0.037      68.595       0.042
Gaia DR3 4512265810537057664 281.7556053  18.1820277  4.312  0.166       1.299 160.9300  60.3554   -49.73      nan      nan   34.999  nan      nan    nan   1.321     nan                                None     108.017     112.381      98.835       0.140     115.120       0.146
Gaia DR3 4614748261390908416  83.5211705 -84.0740412 18.173  4.122       1.817  57.3503  60.3564     6.62      nan      nan   14.017  nan      nan    nan   1.258     nan                                None       7.020     158.385      11.712       0.168     155.773       0.159
Gaia DR3 3174754342471657344  70.9871899 -12.7617545 17.863  3.771       2.548  18.0997  60.3647    51.11      nan      nan   11.048  nan      nan    nan   0.982     nan                                None      32.694      24.453      28.274       0.103      20.493       0.092
Gaia DR3 2279052175750230272 331.8342701  73.8289016 14.058  3.140       0.729 121.5206  60.4014    -7.18      nan      nan   27.351  nan      nan    nan  11.008     nan                                None     284.255     121.033     287.776       0.197     118.737       0.168
Gaia DR3 5561965850706195328 102.1712446 -44.6095154 16.035  2.802       2.584  23.4538  60.4658    37.68      nan      nan   11.238  nan      nan    nan   1.494     nan                                None     -35.577      84.605     -36.227       0.099      78.518       0.088
Gaia DR3 4755117967402573056  43.4637314 -44.6054171  7.712  0.780       1.614  36.4570  60.5254    29.06      nan      nan   11.965  nan      nan    nan  18.019     nan                                None      92.243      68.602      95.327       0.354      65.945       0.476
Gaia DR3 5433890956735242880 148.5053111 -37.4695465 10.192  1.133       2.961  55.2143  60.5525    20.46      nan      nan   13.715  nan      nan    nan   1.499     nan                                None    -138.573      41.524    -130.159       0.014      39.943       0.016
Gaia DR3 5645678817764089984 128.8059522 -28.0835144 17.276  3.132       2.515  40.2114  60.6098    35.48      nan      nan   12.233  nan      nan    nan   8.575     nan                                None     -94.646      45.769     -91.870       0.470      51.630       0.535
Gaia DR3 6786890656666105856 323.3908280 -27.8846507  9.923  1.347       2.370 100.5428  60.6218   -25.26      nan      nan   21.991  nan      nan    nan   0.970     nan                                None     210.988     -67.558     200.113       0.018     -69.117       0.011
Gaia DR3 3328464315689474304  91.9204870   8.0908203 17.216  3.235       2.116  35.8119  60.6672    53.05      nan      nan   11.899  nan      nan    nan   1.035     nan                                None     -13.890     -21.606      -9.607       0.092     -24.742       0.075
Gaia DR3 1259754903380357504 215.2630348  27.5929100 11.765  2.403       2.047 137.5534  60.6963   -30.76      nan      nan   30.781  nan      nan    nan   3.043     nan                                None    -271.714      96.650    -284.357       0.047     100.714       0.050
Gaia DR3 4897544649215563008  64.6564625 -22.9695236  6.042  0.353       2.476  17.2844  60.6997    46.72      nan      nan   10.980  nan      nan    nan   1.011     nan                                None      45.620      43.212      51.230       0.024      44.387       0.028
Gaia DR3 6786890622306367872 323.3801068 -27.8905540  7.496  0.813       2.002 100.5466  60.7050   -25.27      nan      nan   21.945  nan      nan    nan   0.929     nan                                None     210.518     -67.446     201.461       0.022     -65.508       0.015
Gaia DR3 4975145018809046656   9.7319956 -48.4090919 15.369  2.792       2.783  59.7119  60.7301     9.28      nan      nan   14.234  nan      nan    nan   1.140     nan                                None     157.582      26.607     154.159       0.020      34.223       0.026
 Gaia DR3 743679909494263808 150.2459719  28.9928062 13.634  2.641       1.565  84.9752  60.8373    20.05      nan      nan   18.421  nan      nan    nan   1.153     nan                                None    -188.983     -47.860    -183.631       0.022     -44.981       0.015
Gaia DR3 3172503676528429952  68.1431576 -15.1690758  8.995  0.743       1.710  18.2194  60.8509    49.89      nan      nan   10.992  nan      nan    nan  14.458     nan                                None      38.489      28.823      37.267       0.159      25.055       0.136
Gaia DR3 5561965850704838144 102.1714085 -44.6093300 16.321    nan       1.230  23.4537  60.9578    37.68      nan      nan   11.175  nan      nan    nan   1.093     nan                                None     -35.377      84.128     -36.794       0.146      81.600       0.100
Gaia DR3 4058815704826247680 262.7419472 -29.2202180 15.282  3.287       2.115 124.0537  61.0215   -46.55      nan      nan   27.443  nan      nan    nan   1.061     nan                                None     -17.992    -157.733     -30.221       0.050    -158.188       0.031
Gaia DR3 4755929063399201408  87.5214364 -65.3688928 15.119  2.709       0.097  38.7390  61.0970    23.46      nan      nan   12.043  nan      nan    nan   1.039     nan                                None      -3.547     123.585      -3.352       0.027     123.737       0.030
Gaia DR3 6082267908459227136 202.5242228 -50.0233583 14.526  2.683       2.471  86.3212  61.1147   -14.67      nan      nan   18.583  nan      nan    nan   1.092     nan                                None    -189.522     -75.018    -184.692       0.021     -66.632       0.021
Gaia DR3 4687785077908628992  23.0142885 -71.4215683  9.335  0.904       0.585  55.4278  61.1708     8.81      nan      nan   13.611  nan      nan    nan   7.581     nan                                None     138.222      65.716     136.753       0.115      64.904       0.134
Gaia DR3 5304356701601345280 133.3059489 -57.2521917 11.257  1.407       1.354  46.4846  61.2327    20.72      nan      nan   12.668  nan      nan    nan  11.420     nan                                None    -106.022      80.857    -108.153       0.193      83.778       0.174
Gaia DR3 4268847611328001152 285.4632364   3.4723089 15.391  3.240       2.225 148.5094  61.2571   -50.91      nan      nan   32.238  nan      nan    nan   1.135     nan                                None     122.156      13.814     115.502       0.047       0.236       0.046
Gaia DR3 4268847611328000256 285.4631990   3.4708049  9.325  1.419       1.585 148.5083  61.3036   -50.91      nan      nan   32.188  nan      nan    nan   1.050     nan                                None     121.964      13.783     114.727       0.017       5.827       0.016
Gaia DR3 4711131970373239040  22.0065724 -64.9189211 12.325  1.813       2.828  53.8907  61.3279    10.98      nan      nan   13.405  nan      nan    nan   1.349     nan                                None     137.321      59.304     145.106       0.014      61.106       0.013
Gaia DR3 3253443155558935680  62.5856966  -1.4952950 18.553  3.482       2.525  32.1062  61.4280    49.56      nan      nan   11.552  nan      nan    nan   0.939     nan                                None      52.393       0.578      50.497       0.187      -5.272       0.164
 Gaia DR3 157200823852593792  75.7791648  31.2160210 15.599  2.888       1.867  58.3795  61.4327    44.91      nan      nan   13.909  nan      nan    nan   1.098     nan                                None      28.232     -83.474      24.867       0.048     -79.155       0.032
Gaia DR3 1497683722074089728 211.0753788  40.3509980 10.110  1.638       2.264 135.1063  61.4808   -24.32      nan      nan   29.504  nan      nan    nan   1.055     nan                                None    -275.269     119.949    -263.739       0.012     111.869       0.015
Gaia DR3 5622179608577538816 133.6245261 -37.2807561 16.630  3.151       1.751  43.4626  61.5051    29.63      nan      nan   12.354  nan      nan    nan   0.974     nan                                None    -103.927      55.324    -106.973       0.041      51.931       0.041
Gaia DR3 6664824799897437312 291.6650964 -44.0863016 17.515  4.263       2.877 104.5668  61.6202   -34.25      nan      nan   22.366  nan      nan    nan   1.028     nan                                None     110.220    -163.455     123.353       0.130    -166.843       0.081
Gaia DR3 5147613553746364032  36.4949684 -12.1162650 13.371  2.253       2.170  46.1732  61.6552    34.49      nan      nan   12.566  nan      nan    nan   1.135     nan                                None     108.956      16.764     105.403       0.017      21.283       0.016
Gaia DR3 1090544874230630784 127.5669717  62.8813192 11.983  2.132       2.054  96.2491  61.6671    17.49      nan      nan   20.450  nan      nan    nan   1.412     nan                                None    -154.486    -157.350    -146.296       0.013    -153.990       0.017
Gaia DR3 3843646604913873024 137.1313596   1.2486800 16.813  3.293       0.781  58.8813  61.6815    33.90      nan      nan   13.917  nan      nan    nan   0.918     nan                                None    -123.394      -5.270    -125.675       0.071      -5.490       0.062
Gaia DR3 3116651161602615552  96.1747610  -3.9125020 13.381  2.169       1.605  25.9368  61.7384    53.12      nan      nan   11.185  nan      nan    nan   0.981     nan                                None     -22.426       6.075     -19.173       0.014       4.142       0.013
Gaia DR3 1090544874228569856 127.5688529  62.8813948 13.302  2.555       1.493  96.2497  61.8026    17.49      nan      nan   20.384  nan      nan    nan   1.446     nan                                None    -153.991    -156.836    -147.982       0.012    -154.592       0.017
Gaia DR3 3445699498184917120  81.2461479  28.9879842  9.526  0.895       1.716  55.7456  61.8220    46.57      nan      nan   13.515  nan      nan    nan   1.115     nan                                None      12.871     -77.002      12.082       0.028     -72.177       0.017
Gaia DR3 4894134239024815232  70.7452040 -24.3010346  7.431  0.483       2.402  11.5541  61.9072    47.92      nan      nan   10.692  nan      nan    nan   1.010     nan                                None      32.139      46.192      37.470       0.014      47.138       0.019
Gaia DR3 3402560782240208128  83.8939720  20.0743135 14.930  2.678       1.996  46.8021  61.9853    50.34      nan      nan   12.567  nan      nan    nan  11.118     nan                                None       5.363     -51.746       6.673       0.340     -46.622       0.190
Gaia DR3 5594341004943221760 118.6503663 -33.0570040 18.725  3.907       2.731  31.1690  62.0633    38.71      nan      nan   11.411  nan      nan    nan   0.992     nan                                None     -70.070      57.612     -74.909       0.143      62.054       0.179
Gaia DR3 3365927593129065472 104.4259990  20.1010058 16.450  3.318       0.355  51.1198  62.1601    47.77      nan      nan   12.951  nan      nan    nan   1.097     nan                                None     -46.546     -50.838     -45.841       0.077     -50.175       0.066
Gaia DR3 1913048360003157504 350.8732899  35.1458919 17.098  0.594       1.335 106.8221  62.1707    -4.59      nan      nan   22.565  nan      nan    nan   1.004     nan                                None     256.074       9.220     259.200       0.071      14.748       0.059
Gaia DR3 2983041021151097728  77.2521594 -16.2519809 13.822  2.300       1.818  11.8691  62.2773    51.54      nan      nan   10.656  nan      nan    nan   1.088     nan                                None      18.552      31.304      15.057       0.014      29.192       0.014
Gaia DR3 5679435508352393984 137.3321352 -20.5319292 11.804  1.509       2.938  49.5618  62.3180    32.00      nan      nan   12.768  nan      nan    nan   1.060     nan                                None    -113.533      29.247    -106.828       0.013      25.051       0.011
  Gaia DR3 30979431603171072  48.0032243  14.8886895 12.734  1.953       2.188  53.8970  62.3861    40.84      nan      nan   13.198  nan      nan    nan   1.255     nan                                None      92.666     -33.276      95.677       0.022     -27.984       0.018
Gaia DR3 4267119007228438016 283.8236603   1.8911517 15.828  3.777       2.739 148.2888  62.4323   -51.44      nan      nan   30.982  nan      nan    nan   0.941     nan                                None     107.821       4.195      89.935       0.055       4.638       0.046
Gaia DR3 5617479574324936064 107.5008019 -24.5670630 10.427  0.992       2.965  21.9177  62.5748    46.16      nan      nan   10.912  nan      nan    nan   0.964     nan                                None     -45.489      45.899     -49.246       0.008      40.208       0.012
Gaia DR3 2981670754786853376  77.9343329 -18.6571500 14.868  2.717       2.180   9.4464  62.7545    51.00      nan      nan   10.559  nan      nan    nan   3.850     nan                                None      16.965      35.876      20.762       0.062      38.899       0.065
Gaia DR3 4660393696346717440  81.1369050 -66.8085743 12.769  1.867       0.417  40.1064  62.7716    22.16      nan      nan   11.890  nan      nan    nan   1.113     nan                                None      11.581     123.040      12.122       0.015     123.935       0.018
Gaia DR3 4758758141164830464  89.7129269 -61.0953243 17.788  3.526       0.919  34.6473  62.9335    26.98      nan      nan   11.497  nan      nan    nan   1.046     nan                                None      -8.391     113.214      -9.141       0.177     115.311       0.159
Gaia DR3 4768397525245123840  85.1929923 -54.6769492 14.111  2.087       0.723  27.9887  62.9565    32.09      nan      nan   11.127  nan      nan    nan   1.099     nan                                None       1.875     101.999       3.570       0.017     101.998       0.018
Gaia DR3 3409381636982560000  71.2424042  17.9544119 14.742  2.700       2.978  46.1784  62.9843    49.36      nan      nan   12.344  nan      nan    nan   1.159     nan                                None      35.926     -44.537      41.707       0.034     -39.376       0.024
   Gaia DR3 3435462736314624  46.5445381   4.1578090 15.893  2.901       2.819  47.0457  62.9943    41.50      nan      nan   12.419  nan      nan    nan   0.971     nan                                None      90.001     -10.676      83.246       0.048      -7.708       0.041
 Gaia DR3 943579992533309696 100.7651947  36.1938714 15.677  3.014       1.563  65.0439  63.0252    41.54      nan      nan   14.405  nan      nan    nan   1.136     nan                                None     -41.722     -96.337     -45.692       0.055     -93.739       0.043
Gaia DR3 3109110955677246848 105.1093646  -1.8089870 16.668  3.028       2.395  32.5567  63.0303    51.06      nan      nan   11.359  nan      nan    nan   1.023     nan                                None     -42.287       1.332     -39.581       0.068       6.390       0.067
Gaia DR3 3078445198415206272 129.4563097   1.2191894 16.245  3.005       1.417  52.5081  63.0563    39.21      nan      nan   12.927  nan      nan    nan   0.954     nan                                None    -101.240      -5.156    -105.102       0.051      -5.126       0.040
 Gaia DR3 752050530171865984 159.7805581  37.9098000  5.707  0.735       1.215  96.4263  63.1216    11.28      nan      nan   19.799  nan      nan    nan   1.713     nan                                None    -216.576     -42.291    -220.689       0.073     -45.256       0.060
Gaia DR3 5076573385922227712  43.5503322 -24.1402296 15.997  2.831       1.684  35.8204  63.1530    36.78      nan      nan   11.540  nan      nan    nan   1.087     nan                                None      88.823      37.311      90.793       0.031      33.717       0.039
Gaia DR3 3214558003427642880  77.2942303  -2.7302936 20.693  2.552       2.052  24.6676  63.1591    53.38      nan      nan   10.950  nan      nan    nan   1.115     nan                                None      18.973       3.438      22.859       1.555       0.729       1.563
Gaia DR3 2918236527366280192  90.6044804 -20.1857925 12.269  1.624       2.186   9.3777  63.1784    50.90      nan      nan   10.510  nan      nan    nan   1.166     nan                                None      -9.530      38.998      -5.093       0.011      37.058       0.012
Gaia DR3 3421743549292939008  77.3583105  27.0612834 11.890  1.695       1.874  54.0849  63.1867    47.07      nan      nan   13.066  nan      nan    nan   2.639     nan                                None      22.474     -69.549      20.631       0.042     -64.727       0.030
Gaia DR3 5732659327199540480 137.7566029 -13.3303007 10.404  1.086       1.207  52.5161  63.2093    32.81      nan      nan   12.900  nan      nan    nan   1.007     nan                                None    -115.383      18.201    -118.166       0.013      19.940       0.010
Gaia DR3 3012190586231167488  84.9463805  -9.2841422 14.828  2.394       1.777  17.5118  63.2172    53.47      nan      nan   10.688  nan      nan    nan   1.739     nan                                None       2.325      17.294       6.222       0.041      18.212       0.032
Gaia DR3 3543934372432571008 177.6276732 -18.5041685 15.885  3.287       1.689  85.5062  63.2214    -1.08      nan      nan   17.615  nan      nan    nan   1.051     nan                                None    -200.640      -5.486    -198.779       0.050     -11.474       0.030
Gaia DR3 3266194879103115520  48.9938209   0.7644616 13.393  2.120       2.408  42.9450  63.2249    43.09      nan      nan   12.038  nan      nan    nan   1.081     nan                                None      82.639      -4.142      84.656       0.039       1.627       0.040
Gaia DR3 2228598267211688064 349.0731796  72.7178387 13.503  2.795       0.710 116.6670  63.2462    -2.95      nan      nan   24.106  nan      nan    nan   4.302     nan                                None     272.650      30.220     271.204       0.050      26.916       0.050
 Gaia DR3 874606322452827776 119.1484342  27.4069840 15.446  2.938       1.341  64.1841  63.3041    39.68      nan      nan   14.227  nan      nan    nan   1.048     nan                                None     -88.551     -65.322     -92.099       0.040     -63.425       0.024
Gaia DR3 3025759895451416704  89.1621196  -1.8733846 17.497  3.456       2.868  25.4860  63.3049    53.94      nan      nan   10.967  nan      nan    nan   1.110     nan                                None      -6.805       1.637     -12.313       0.128       5.331       0.102
Gaia DR3 5571454395534987008  91.8052812 -42.7643279 10.560  1.053       2.369  17.4836  63.3878    40.17      nan      nan   10.667  nan      nan    nan   0.881     nan                                None     -12.209      80.370      -7.325       0.013      82.494       0.014
Gaia DR3 6155538096312519296 192.8696738 -35.4983834 16.102  3.146       1.534  89.0150  63.5707   -12.12      nan      nan   18.141  nan      nan    nan   1.083     nan                                None    -197.855     -38.042    -192.728       0.047     -40.889       0.033
Gaia DR3 5592736748759501312 110.2904104 -32.6365548 18.256  3.608       1.747  24.1365  63.5894    42.04      nan      nan   10.876  nan      nan    nan   1.011     nan                                None     -50.899      58.897     -48.168       0.115      61.825       0.141
Gaia DR3 4660393700677394176  81.1369129 -66.8082337 16.509    nan       0.617  40.1061  63.6235    22.16      nan      nan   11.764  nan      nan    nan   1.079     nan                                None      11.458     121.732      10.301       0.179     122.732       0.138
Gaia DR3 4718304256520195456  31.5090669 -57.4844073 18.064  3.929       2.883  47.4396  63.6444    17.74      nan      nan   12.346  nan      nan    nan   0.968     nan                                None     114.571      67.354     117.252       0.113      60.346       0.110
Gaia DR3 5328411885711970304 132.8471814 -48.9633443 17.314  3.214       2.958  43.9922  63.6462    25.07      nan      nan   12.056  nan      nan    nan   0.966     nan                                None    -100.151      69.160    -104.791       0.062      63.243       0.067
Gaia DR3 3495642894026559872 191.9160469 -27.7786127 13.715  2.711       1.975  92.4695  63.6629   -12.58      nan      nan   18.769  nan      nan    nan   3.096     nan                                None    -205.705     -30.965    -213.316       0.071     -32.741       0.036
 Gaia DR3 709782588783102080 129.7242770  32.0088687 17.033  3.577       2.328  73.5353  63.7378    32.56      nan      nan   15.438  nan      nan    nan   1.040     nan                                None    -121.494     -70.343    -128.872       0.080     -72.061       0.058
Gaia DR3 5078520071258778752  47.0637325 -22.4421246 15.712  2.784       2.520  33.0915  63.7674    39.22      nan      nan   11.292  nan      nan    nan   1.006     nan                                None      80.930      35.859      78.905       0.039      30.212       0.037
Gaia DR3 2737342056863020800 336.8038684  17.4575400 15.521  3.377       2.098 112.1113  63.8123   -17.29      nan      nan   22.769  nan      nan    nan   1.021     nan                                None     244.957      20.805     234.916       0.054      21.580       0.052
Gaia DR3 5579734508367308032 103.6580311 -34.1935937 14.001  2.340       2.954  19.0510  63.8795    43.18      nan      nan   10.658  nan      nan    nan   1.083     nan                                None     -36.758      63.088     -34.457       0.015      69.313       0.018
Gaia DR3 3129184975681790080 101.9381256   4.5569085 11.876  1.543       2.274  36.1198  63.8800    51.70      nan      nan   11.459  nan      nan    nan   1.130     nan                                None     -35.765     -12.521     -37.326       0.018     -17.788       0.015
Gaia DR3 4768397525244008192  85.1953429 -54.6753464 18.718  4.037       1.039  27.9871  63.8927    32.09      nan      nan   11.008  nan      nan    nan   1.006     nan                                None       1.850     100.913       3.832       0.206     102.287       0.230
Gaia DR3 5579734508367308416 103.6590596 -34.1936076 14.122  2.398       2.742  19.0518  64.0424    43.18      nan      nan   10.640  nan      nan    nan   1.041     nan                                None     -36.695      62.976     -35.232       0.015      68.950       0.018
Gaia DR3 3005331759681378176  90.3611897  -9.8976987 19.547  1.393       2.074  18.1111  64.0431    53.24      nan      nan   10.611  nan      nan    nan   4.357     nan                                None      -9.109      18.395      -4.472       1.468      18.542       1.384
 Gaia DR3 865516384947946368 114.8193456  22.4014775 15.417  2.798       1.744  57.8362  64.0597    43.37      nan      nan   13.304  nan      nan    nan   1.122     nan                                None     -72.980     -53.374     -74.541       0.040     -58.009       0.034
Gaia DR3 3203150840869803136  66.1598883  -4.0945335 18.582  3.712       2.636  27.9219  64.0796    50.74      nan      nan   10.982  nan      nan    nan   1.130     nan                                None      42.554       5.962      41.007       0.266       0.059       0.190
Gaia DR3 1878020977557713536 334.6247498  22.2900418 15.468  3.522       2.976 115.7710  64.1338   -18.65      nan      nan   23.351  nan      nan    nan   5.354     nan                                None     247.709      32.037     253.949       0.310      45.290       0.315
Gaia DR3 4692026615810934656  15.0860943 -69.0358119 14.231  2.523       2.170  57.4057  64.1459     7.29      nan      nan   13.239  nan      nan    nan   1.171     nan                                None     142.599      44.914     140.998       0.020      50.754       0.017
Gaia DR3 3034046742800051456 113.1392066 -12.2359541 19.748  3.590       2.537  31.5435  64.2195    47.22      nan      nan   11.147  nan      nan    nan   1.090     nan                                None     -57.857      21.537     -63.358       0.406      23.831       0.331
Gaia DR3 4854511447731686016  51.4867214 -37.2830427 16.336  3.065       1.230  28.7765  64.2246    36.04      nan      nan   11.005  nan      nan    nan   0.990     nan                                None      71.121      60.608      69.225       0.037      58.475       0.050
 Gaia DR3 972165332054585856  90.3004761  52.0321963 11.630  1.786       2.496  78.9974  64.2801    32.31      nan      nan   16.139  nan      nan    nan   7.361     nan                                None     -13.661    -146.791      -7.739       0.120    -140.705       0.096
 Gaia DR3 177533302110776448  65.7464324  37.2970248 16.217  3.092       1.282  66.1043  64.2867    39.66      nan      nan   14.252  nan      nan    nan   1.036     nan                                None      56.327     -94.824      54.772       0.067     -91.299       0.053
Gaia DR3 1887939152260517504 340.9198366  30.0926174  7.836  0.816       2.333 113.0015  64.3363   -12.72      nan      nan   22.650  nan      nan    nan   0.992     nan                                None     249.159      29.391     239.532       0.016      23.787       0.020
Gaia DR3 5089734364011976448  62.9198210 -22.4388445 13.328  2.178       1.903  18.9714  64.4252    46.32      nan      nan   10.593  nan      nan    nan   8.884     nan                                None      47.398      40.192      49.983       0.071      43.565       0.089
Gaia DR3 2363976907689160832   9.3257802 -18.6127391 14.427  2.794       2.704  67.8119  64.4459    12.10      nan      nan   14.441  nan      nan    nan   5.377     nan                                None     160.145       9.020     167.427       0.176       5.178       0.158
Gaia DR3 5543365167687564672 124.9992908 -34.4202873  8.764  0.702       2.275  36.4807  64.4850    35.25      nan      nan   11.399  nan      nan    nan   1.033     nan                                None     -81.665      54.994     -80.612       0.013      60.359       0.014
Gaia DR3 5428876427799288064 137.4427124 -39.9710072 15.735  2.931       2.724  46.4057  64.5427    26.50      nan      nan   12.113  nan      nan    nan   3.499     nan                                None    -107.868      53.245    -105.187       0.101      59.663       0.106
Gaia DR3 4249369144345076992 304.4314664   5.9882640 12.029  2.514       0.676 135.6988  64.5483   -42.22      nan      nan   26.995  nan      nan    nan   7.261     nan                                None     191.026      19.171     194.120       0.248      21.461       0.206
Gaia DR3 3350331162421494656  90.2616827  18.0328601 16.307  2.968       0.673  45.2685  64.6165    50.90      nan      nan   12.008  nan      nan    nan   1.071     nan                                None     -10.072     -44.785     -10.778       0.075     -46.335       0.051
Gaia DR3 5551744447016374400 101.3902466 -47.6133425 14.513  2.809       0.675  25.2566  64.6373    35.89      nan      nan   10.796  nan      nan    nan   3.394     nan                                None     -32.564      85.999     -31.983       0.053      87.423       0.060
Gaia DR3 5989649416931386624 236.6786156 -43.2367346  7.932  0.820       0.596 105.8928  64.6445   -33.57      nan      nan   21.015  nan      nan    nan   0.969     nan                                None    -117.413    -146.373    -114.818       0.034    -145.879       0.030
Gaia DR3 5655505393688487040 133.5192243 -22.5468115 13.986  2.301       1.187  45.5801  64.6559    34.12      nan      nan   12.027  nan      nan    nan   3.802     nan                                None    -101.006      33.041    -104.014       0.061      32.978       0.080
Gaia DR3 3789992189825677440 169.0687081  -3.7616662  8.760  0.882       1.855  84.5610  64.6693     6.61      nan      nan   16.945  nan      nan    nan   0.887     nan                                None    -191.654      -2.229    -197.054       0.019      -6.068       0.016
Gaia DR3 6342009495947730432 320.7377995 -87.0489337  8.826  0.834       2.242  64.8895  64.6729    -0.55      nan      nan   14.010  nan      nan    nan   0.953     nan                                None     130.285     -92.295     127.074       0.015     -86.504       0.016
Gaia DR3 1205358111785048064 243.1956589  21.3837657 14.318  2.993       2.557 160.9329  64.6795   -46.74      nan      nan   30.339  nan      nan    nan   1.084     nan                                None    -134.215     109.868    -120.530       0.017     118.816       0.020
Gaia DR3 3222563753744859520  84.8057031   1.2722268 19.580  2.237       2.107  28.0352  64.6860    53.97      nan      nan   10.912  nan      nan    nan   3.281     nan                                None       2.679      -5.191       0.508       2.164      -9.524       1.700
Gaia DR3 6428420939413735424 297.7562338 -65.6057927  5.976  0.423       2.401  83.9452  64.7479   -18.02      nan      nan   16.814  nan      nan    nan   0.961     nan                                None     100.719    -149.975     100.527       0.025    -158.483       0.034
Gaia DR3 5443461724415070464 161.1941748 -35.9281033 15.661  2.825       2.400  65.4702  64.8320    11.83      nan      nan   14.048  nan      nan    nan   1.046     nan                                None    -154.730      21.532    -157.587       0.031      28.041       0.036
Gaia DR3 5734985786430012672 132.6017519 -13.3998623 18.840  3.955       1.932  47.8999  64.8419    36.37      nan      nan   12.191  nan      nan    nan   0.985     nan                                None    -100.867      19.493    -102.465       0.231      14.792       0.201
Gaia DR3 3017359665283938432  83.9169991  -5.4663655 15.826  2.598       2.517  21.2665  64.8420    53.83      nan      nan   10.621  nan      nan    nan   0.933     nan                                None       4.484       9.165       4.000       0.046       3.552       0.040
Gaia DR3 2999409382039036160  95.9263300 -14.1481248  9.629  0.805       2.161  17.2612  64.9150    51.86      nan      nan   10.488  nan      nan    nan   0.993     nan                                None     -20.518      26.513     -24.248       0.014      29.501       0.016
Gaia DR3 1944628494321695232 355.7001121  51.2561860 16.970  3.787       2.647 109.0885  64.9358    -1.02      nan      nan   21.514  nan      nan    nan   1.099     nan                                None     245.144      -1.864     246.765       0.065      10.031       0.058
Gaia DR3 3012004730110955008  86.3684679  -9.6206187 20.280  2.309       2.929  17.3524  64.9412    53.43      nan      nan   10.488  nan      nan    nan   1.987     nan                                None      -0.684      17.668      -2.274       1.189      11.391       1.151
Gaia DR3 5513435842707984512 123.7900672 -50.5791812 18.099  3.641       1.527  38.8727  64.9721    27.94      nan      nan   11.486  nan      nan    nan   0.999     nan                                None     -80.127      78.319     -79.853       0.126      82.006       0.110
Gaia DR3 5999575876630431488 232.8855000 -45.1044579 10.929  1.573       2.654 103.0194  64.9828   -31.17      nan      nan   20.272  nan      nan    nan   1.060     nan                                None    -126.333    -140.183    -119.409       0.017    -149.168       0.015
Gaia DR3 4935737731794528640  20.6020058 -43.6023961  6.954  0.454       2.236  52.6192  65.0505    16.99      nan      nan   12.584  nan      nan    nan   3.628     nan                                None     130.412      39.074     125.491       0.053      35.764       0.071
Gaia DR3 2999418762247431808  95.4957180 -14.1408426  9.841  0.860       2.095  16.9938  65.0611    51.93      nan      nan   10.465  nan      nan    nan   0.955     nan                                None     -19.589      26.475     -18.772       0.013      21.927       0.014
Gaia DR3 3307513529640991360  68.5649031  13.1216274 15.858  2.923       2.489  42.3294  65.0911    49.94      nan      nan   11.711  nan      nan    nan   1.309     nan                                None      40.072     -31.436      37.398       0.075     -25.904       0.051
Gaia DR3 1500158516589600768 205.7787523  40.7743365 16.554  3.862       1.496 131.0872  65.1223   -20.98      nan      nan   25.733  nan      nan    nan   1.134     nan                                None    -254.604      90.649    -246.512       0.038      90.030       0.047
Gaia DR3 2396094359595397632 344.2507500 -23.4894247 12.850  1.780       2.545  87.0864  65.1275    -9.70      nan      nan   17.227  nan      nan    nan   1.330     nan                                None     192.151     -19.505     201.300       0.042     -20.804       0.033
Gaia DR3 4191473844191879296 301.6642989  -9.7516316 11.935  2.173       1.828 127.8610  65.1661   -43.09      nan      nan   25.103  nan      nan    nan   1.227     nan                                None     166.605     -44.893     158.060       0.033     -40.354       0.022
Gaia DR3 2854774262396590080   0.2535508  27.8863091  9.386  1.038       2.728  96.5651  65.1953     3.01      nan      nan   18.926  nan      nan    nan   1.119     nan                                None     215.069     -11.137     224.117       0.017      -5.086       0.011
Gaia DR3 1279558241667996160 219.3259046  26.8835597 14.178  3.077       1.298 140.9825  65.2073   -33.51      nan      nan   27.367  nan      nan    nan   1.252     nan                                None    -227.002      91.241    -227.802       0.022      83.797       0.023
Gaia DR3 3257694215406590080  58.0381760   0.5481647 10.784  1.064       2.719  36.5217  65.2293    47.68      nan      nan   11.301  nan      nan    nan   1.087     nan                                None      60.457      -3.605      56.463       0.016       1.495       0.012
Gaia DR3 3220282743862479360  82.6194891  -1.0115733 20.574  1.710       1.611  25.7199  65.3075    53.93      nan      nan   10.736  nan      nan    nan   1.862     nan                                None       7.300      -0.235       3.944       1.678       1.191       1.626
  Gaia DR3 96343920405477504  25.1317569  19.9845415 16.270  3.287       2.792  73.1770  65.3353    24.32      nan      nan   14.963  nan      nan    nan   0.978     nan                                None     148.991     -31.464     140.253       0.072     -32.565       0.053
Gaia DR3 5581903432491360128  99.1344520 -33.9239385 15.188  2.687       2.511  15.4459  65.3493    44.25      nan      nan   10.393  nan      nan    nan   1.001     nan                                None     -26.830      62.454     -31.575       0.022      59.672       0.023
Gaia DR3 3215252134564932992  79.1310882  -0.9720539 20.555  1.969       2.101  26.0571  65.3646    53.63      nan      nan   10.743  nan      nan    nan   1.435     nan                                None      14.726      -0.331      10.924       2.431      -3.193       1.530
Gaia DR3 3216947242193857024  83.5846900  -2.2419854 15.921 -0.403       2.194  24.4837  65.3673    53.97      nan      nan   10.679  nan      nan    nan   0.982     nan                                None       5.214       2.379       9.659       0.053       4.529       0.048
Gaia DR3 3821557416312047488 149.7919963  -5.7865740  9.927  1.081       0.706  66.4620  65.4037    23.87      nan      nan   14.046  nan      nan    nan   0.918     nan                                None    -143.550       4.024    -145.071       0.017       2.590       0.015
Gaia DR3 5560214633623566208 108.9796909 -42.4755267 17.930  3.588       2.788  26.2041  65.4247    37.40      nan      nan   10.742  nan      nan    nan   0.990     nan                                None     -47.708      74.355     -43.589       0.106      69.568       0.110
Gaia DR3 4335864013248728320 254.1982227 -10.4902651 14.976  3.163       2.523 141.7574  65.4286   -51.79      nan      nan   27.314  nan      nan    nan   1.101     nan                                None     -63.871     -61.444     -65.771       0.041     -47.040       0.033
Gaia DR3 6615790055925497344 329.1520402 -32.6952133 12.263  1.978       1.497  93.6823  65.4596   -19.99      nan      nan   18.284  nan      nan    nan   1.301     nan                                None     185.813     -54.323     184.454       0.022     -59.932       0.017
  Gaia DR3 92747310496302080  30.9065625  18.2881308 17.301  3.283       2.804  67.8661  65.4614    28.99      nan      nan   14.213  nan      nan    nan   0.974     nan                                None     132.876     -32.057     124.998       0.100     -29.136       0.092
Gaia DR3 3324801941239862784  94.0252060   6.2299432 18.493  3.724       0.293  34.5623  65.5176    53.06      nan      nan   11.146  nan      nan    nan   1.038     nan                                None     -17.643     -16.118     -17.108       0.332     -16.552       0.286
Gaia DR3 3287139995790884096  67.0761854   7.6154148 15.969  2.837       2.935  37.7594  65.5339    50.49      nan      nan   11.337  nan      nan    nan   1.048     nan                                None      41.981     -18.693      47.050       0.075     -23.542       0.048
Gaia DR3 4150020774057837440 266.5849928 -12.5740512 17.202  0.737       2.018 140.5703  65.6232   -52.49      nan      nan   26.979  nan      nan    nan   1.014     nan                                None       2.922     -72.787      -8.005       0.084     -69.276       0.058
Gaia DR3 3296103145860901376  73.0095217  12.4514374 17.100  3.205       2.191  40.4236  65.6555    51.16      nan      nan   11.496  nan      nan    nan   1.038     nan                                None      29.535     -30.016      29.226       0.103     -24.716       0.078
Gaia DR3 3218943126380795904  88.6987909   1.0907176 11.930  1.465       1.449  28.3026  65.6902    53.93      nan      nan   10.803  nan      nan    nan   0.958     nan                                None      -5.709      -4.747      -4.392       0.016      -1.720       0.012
Gaia DR3 1670501214515838720 219.4138416  67.7597019 11.458  2.121       0.659 131.3006  65.6905   -15.02      nan      nan   25.371  nan      nan    nan   2.945     nan                                None    -210.145     181.629    -213.460       0.076     182.830       0.080
Gaia DR3 3199696488869248128  67.5455323  -5.5568230 15.892  2.699       1.199  25.9383  65.7178    51.09      nan      nan   10.697  nan      nan    nan   1.095     nan                                None      38.664       8.821      36.402       0.052       7.340       0.044
Gaia DR3 5041867301389992192  22.3208507 -23.8634465 18.801  0.931       2.963  54.6496  65.7646    22.30      nan      nan   12.656  nan      nan    nan   0.983     nan                                None     129.301      23.252     135.945       0.194      27.535       0.163
Gaia DR3 5588891859683801856 115.7625739 -33.3122175  7.315  0.425       2.401  28.7715  65.8336    39.78      nan      nan   10.807  nan      nan    nan   0.927     nan                                None     -61.055      56.722     -64.308       0.016      52.324       0.018
Gaia DR3 4160666795398010240 274.7643704  -6.6756474 13.121  2.580       2.283 144.7914  65.8977   -52.91      nan      nan   27.397  nan      nan    nan   1.078     nan                                None      47.350     -41.933      47.911       0.017     -28.762       0.014
Gaia DR3 4938366045621646336  35.7584270 -49.9608228 14.482  2.617       2.174  42.9123  66.1590    23.01      nan      nan   11.599  nan      nan    nan   5.117     nan                                None     101.665      62.999     102.328       0.188      68.273       0.235
Gaia DR3 5087855302936123392  57.7758324 -21.4395471 13.957  2.285       2.885  23.8223  66.2919    44.67      nan      nan   10.547  nan      nan    nan   1.061     nan                                None      56.910      36.503      60.394       0.014      31.117       0.017
Gaia DR3 4937667237262429952  31.3850843 -50.6267700 12.664  1.882       1.994  45.7840  66.3138    20.64      nan      nan   11.792  nan      nan    nan   8.905     nan                                None     109.597      58.419     114.354       0.095      59.809       0.103
Gaia DR3 3320369157031299584  85.3763769   4.1461111 20.310  2.718       2.475  30.9372  66.5696    53.79      nan      nan   10.822  nan      nan    nan   1.892     nan                                None       1.429     -11.319       0.306       1.565     -16.853       1.651
Gaia DR3 5988793653302265344 235.5843991 -45.3489516 14.276  2.549       1.985 103.6473  66.5716   -31.97      nan      nan   19.670  nan      nan    nan   1.218     nan                                None    -113.605    -140.524    -105.380       0.030    -140.821       0.026
Gaia DR3 4678124528228295424  66.3034212 -61.6216353  8.124  0.737       2.243  36.7074  66.6245    25.09      nan      nan   11.128  nan      nan    nan   0.984     nan                                None      42.822     103.832      47.666       0.023     101.779       0.022
Gaia DR3 3355184544190424192  98.5536679  12.1533794 14.721  2.487       1.556  41.6164  66.6541    51.33      nan      nan   11.438  nan      nan    nan   1.407     nan                                None     -28.239     -29.279     -28.445       0.039     -33.026       0.035
Gaia DR3 5179112667801314816  39.3922385  -5.1391130 18.917  0.709       0.492  47.0370  66.6694    37.03      nan      nan   11.837  nan      nan    nan   1.059     nan                                None      98.075       5.667      97.982       0.315       4.442       0.279
Gaia DR3 6354145218099963904 344.7055199 -77.1523271 13.843  2.383       0.701  65.8669  66.6848    -1.33      nan      nan   13.697  nan      nan    nan   1.034     nan                                None     153.030     -30.586     154.143       0.044     -28.895       0.041
Gaia DR3 1545050717357814272 183.8804307  46.5040246 17.016  0.597       2.881 116.0671  66.7447    -5.84      nan      nan   21.915  nan      nan    nan   1.017     nan                                None    -247.381      21.350    -260.572       0.042      23.122       0.053
Gaia DR3 5181803177049687424  46.9918935  -5.6245645 13.451  2.123       2.704  40.4777  66.8584    41.85      nan      nan   11.334  nan      nan    nan   3.317     nan                                None      81.359       7.317      74.955       0.043       6.460       0.045
Gaia DR3 5578568815586180736 104.9823773 -35.9582411 18.594  3.605       2.826  20.6515  66.9031    41.98      nan      nan   10.370  nan      nan    nan   1.015     nan                                None     -38.356      63.756     -41.379       0.149      69.142       0.149
Gaia DR3 3028007919998523264 111.3413221 -16.4903367 16.279  2.711       1.591  27.9525  66.9876    47.13      nan      nan   10.634  nan      nan    nan   1.013     nan                                None     -51.785      28.824     -54.324       0.042      26.318       0.047
Gaia DR3 1327082157878467328 252.7911232  35.9193754 13.669  2.992       1.004 167.1838  67.0649   -43.20      nan      nan   28.685  nan      nan    nan   1.477     nan                                None     -74.912     181.470     -74.064       0.019     175.460       0.022
Gaia DR3 3423473798342667392  92.0627125  21.9438068 16.500  3.186       2.166  49.4065  67.0729    49.43      nan      nan   11.968  nan      nan    nan   0.919     nan                                None     -14.307     -53.152     -18.828       0.072     -50.081       0.055
Gaia DR3 1327082157877428608 252.7908668  35.9195994 15.356    nan       0.665 167.1835  67.0940   -43.20      nan      nan   28.661  nan      nan    nan   0.722     nan                                None     -74.850     181.318     -78.024       0.149     183.783       0.183
Gaia DR3 1327083051231667328 252.7324157  35.9320525 14.143  3.036       1.148 167.1403  67.0950   -43.18      nan      nan   28.658  nan      nan    nan   1.173     nan                                None     -75.166     181.310     -70.002       0.016     176.678       0.020
Gaia DR3 1327083085591405568 252.7363083  35.9335422 10.659  1.869       0.841 167.1416  67.0983   -43.18      nan      nan   28.655  nan      nan    nan   1.043     nan                                None     -75.138     181.303     -78.811       0.011     177.795       0.013
 Gaia DR3 315635226733468544  21.3923139  31.5496444 11.327  1.422       2.853  82.9064  67.1085    19.16      nan      nan   15.921  nan      nan    nan   1.267     nan                                None     163.940     -43.665     154.460       0.026     -45.009       0.020
Gaia DR3 6613415621910666112 331.7886799 -31.0563275 16.835  3.810       2.436  92.7629  67.1235   -18.46      nan      nan   17.510  nan      nan    nan   2.041     nan                                None     181.913     -45.619     176.404       0.171     -38.512       0.133
Gaia DR3 3155080295583152128 108.9981763   8.1545377 18.684  3.225       2.507  42.8859  67.1307    49.08      nan      nan   11.460  nan      nan    nan   0.989     nan                                None     -50.936     -19.583     -55.669       0.304     -15.802       0.285
Gaia DR3 5112839643092711936  51.7987723 -14.8025787  9.785  0.858       0.085  31.6343  67.1475    43.44      nan      nan   10.787  nan      nan    nan   1.240     nan                                None      69.159      23.636      69.107       0.020      23.822       0.019
Gaia DR3 5502090020869689728 100.9771683 -51.1018181 16.052  2.693       0.729  27.8384  67.1483    33.59      nan      nan   10.611  nan      nan    nan   0.995     nan                                None     -31.163      89.431     -32.163       0.041      90.719       0.037
 Gaia DR3 619860335972921216 148.2032480  16.4504381 16.359  3.321       1.168  76.3747  67.1491    23.89      nan      nan   14.953  nan      nan    nan   0.985     nan                                None    -150.664     -25.725    -152.590       0.084     -28.862       0.087
 Gaia DR3 762535301255435776 163.6198989  35.2775719 14.556  2.831       0.673  97.9028  67.2207     8.87      nan      nan   18.363  nan      nan    nan   1.124     nan                                None    -204.340     -29.331    -202.778       0.022     -31.417       0.020
 Gaia DR3 315635261093206656  21.3936430  31.5501973  7.916  0.750       2.626  82.9058  67.2660    19.16      nan      nan   15.875  nan      nan    nan   1.158     nan                                None     163.469     -43.543     156.303       0.027     -48.630       0.020
Gaia DR3 3810433893397000064 167.9923148   1.2819967 17.811  4.139       1.373  85.8674  67.3167     7.54      nan      nan   16.318  nan      nan    nan   0.995     nan                                None    -184.111      -4.217    -185.419       0.181      -8.755       0.137
Gaia DR3 5556279417085330816 100.9718682 -43.8929697 11.577  1.452       0.973  22.3379  67.3198    38.34      nan      nan   10.379  nan      nan    nan  41.605     nan                                None     -30.474      77.563     -29.346       0.603      75.757       0.623
Gaia DR3 5673422038740925568 150.6773613 -17.8968097 16.672  3.214       2.822  62.3080  67.3293    22.34      nan      nan   13.162  nan      nan    nan   0.896     nan                                None    -135.517      16.951    -127.729       0.074      17.769       0.066
Gaia DR3 5112961104767668864  52.7905837 -14.3505087  9.358  0.817       1.063  30.9962  67.3629    44.03      nan      nan   10.730  nan      nan    nan   0.956     nan                                None      67.034      23.026      69.415       0.015      23.367       0.014
Gaia DR3 2372006190134771712  14.8895591 -14.7213044 17.396  3.353       1.173  64.3693  67.3666    17.15      nan      nan   13.384  nan      nan    nan   0.960     nan                                None     144.324       9.637     143.311       0.122      12.788       0.112
Gaia DR3 4548845321128406528 265.4942894  15.9528829  5.459  0.541       2.991 169.0323  67.3868   -52.22      nan      nan   28.513  nan      nan    nan   1.092     nan                                None      -3.097      83.186      -1.868       0.041     101.120       0.055
Gaia DR3 4268075410602902784 287.9295513   2.6779249 17.134  4.150       2.386 146.2890  67.3905   -50.12      nan      nan   26.473  nan      nan    nan   1.100     nan                                None     112.461       7.187     103.796       0.145      17.298       0.109
Gaia DR3 5540071687984802304 124.9599352 -39.4812737 10.990  1.418       1.876  36.8007  67.5104    33.11      nan      nan   11.020  nan      nan    nan   2.785     nan                                None     -78.887      60.224     -74.631       0.036      61.162       0.042
Gaia DR3 2972529346393866624  74.0928085 -23.6021481 12.417  1.592       2.027   8.8698  67.5205    48.85      nan      nan   10.043  nan      nan    nan   1.058     nan                                None      23.691      42.778      23.504       0.010      38.490       0.014
Gaia DR3 6753461418673184256 297.2990000 -28.7894057  5.936  0.572       1.770 115.6048  67.5210   -39.96      nan      nan   21.425  nan      nan    nan   1.053     nan                                None     126.678    -104.686     122.374       0.059     -97.951       0.021
Gaia DR3 3254293597740761472  64.6332718  -0.8937925 17.686  3.511       0.895  31.4315  67.5249    50.30      nan      nan   10.731  nan      nan    nan   1.014     nan                                None      44.632      -0.615      42.775       0.117      -1.425       0.077
Gaia DR3 1689437038129088256 192.7692495  71.3095218 15.389  3.135       2.703 121.4343  67.6082    -5.98      nan      nan   22.423  nan      nan    nan   1.128     nan                                None    -244.689      68.065    -232.277       0.035      65.038       0.030
Gaia DR3 1689437038129088128 192.7682269  71.3085106 15.128  2.947       2.755 121.4341  67.6140    -5.98      nan      nan   22.420  nan      nan    nan   1.102     nan                                None    -244.654      68.050    -232.006       0.029      64.949       0.024
Gaia DR3 6480926811523726208 312.5538569 -49.6157345 15.445  3.136       1.072  92.0031  67.6535   -23.28      nan      nan   17.200  nan      nan    nan   5.203     nan                                None     142.200    -105.223     143.661       0.191    -101.619       0.163
Gaia DR3 3182590699281771776  77.3918808  -9.5841183 17.754  3.462       2.379  18.0180  67.8350    52.83      nan      nan   10.193  nan      nan    nan   1.304     nan                                None      17.466      16.879      16.877       0.131      21.956       0.114
Gaia DR3 2940215249409029120  97.3952515 -18.6355007  9.949  0.888       2.220  15.3212  67.8602    50.52      nan      nan   10.124  nan      nan    nan   1.739     nan                                None     -22.712      34.004     -27.267       0.017      35.314       0.021
Gaia DR3 3332743614941522048  84.2771168   5.3025884 20.864  1.850       2.439  32.0413  67.9270    53.66      nan      nan   10.714  nan      nan    nan   1.115     nan                                None       3.756     -13.653       7.073       1.816      -9.255       1.701
 Gaia DR3 977799921125136128 105.8581971  47.5234712 16.707  3.296       2.141  76.9845  68.0237    33.54      nan      nan   14.818  nan      nan    nan   1.024     nan                                None     -57.242    -119.383     -50.749       0.071    -120.985       0.066
Gaia DR3 3239937618013692032  76.5483542   5.6307370 15.302  2.757       0.902  33.0028  68.0397    52.92      nan      nan   10.748  nan      nan    nan   1.643     nan                                None      20.197     -14.235      20.265       0.060     -12.191       0.043
 Gaia DR3 172463380978753280  67.0216948  32.8604971 12.329  1.848       0.267  61.5556  68.0740    42.32      nan      nan   12.941  nan      nan    nan   1.047     nan                                None      48.053     -78.064      48.658       0.016     -77.656       0.014
Gaia DR3 6523042298755503232 356.5524765 -50.4104400 15.650  3.075       2.011  67.7193  68.1039     1.12      nan      nan   13.621  nan      nan    nan   1.066     nan                                None     155.199      -0.865     153.187       0.022       4.547       0.032
Gaia DR3 3492317764706961792 176.6183167 -23.3524222 13.500  2.444       0.678  82.5104  68.1168    -0.08      nan      nan   15.576  nan      nan    nan   4.142     nan                                None    -177.480      -3.895    -177.436       0.057      -6.122       0.040
Gaia DR3 5181803177049687296  46.9927058  -5.6208513 14.960  2.538       2.325  40.4792  68.1441    41.85      nan      nan   11.163  nan      nan    nan   1.057     nan                                None      80.128       7.200      74.732       0.030       8.105       0.032
Gaia DR3 6391707146644593280 344.5953406 -65.3717199  7.952  0.598       2.753  69.3506  68.1862    -3.51      nan      nan   13.798  nan      nan    nan   1.001     nan                                None     154.095     -29.640     146.913       0.020     -26.102       0.021
Gaia DR3 3340684322278822784  83.0246685  11.9529914 17.997  3.583       2.799  38.6776  68.2221    52.55      nan      nan   11.041  nan      nan    nan   1.089     nan                                None       6.619     -28.426       4.645       0.188     -22.218       0.123
Gaia DR3 2075302157061534976 299.8321340  42.1695467  9.518  1.336       1.786 146.4709  68.2383   -33.98      nan      nan   25.894  nan      nan    nan   0.956     nan                                None     164.098     160.337     173.839       0.012     159.965       0.013
Gaia DR3 3427612501845319808  86.0107810  23.3433379 14.572  2.515       1.886  50.1373  68.2554    49.18      nan      nan   11.847  nan      nan    nan   1.084     nan                                None       0.070     -55.915       3.870       0.029     -53.129       0.017
Gaia DR3 5270695251888372608 116.1019163 -69.5884475 19.758  3.211       1.737  46.9056  68.3337    17.29      nan      nan   11.583  nan      nan    nan   1.036     nan                                None     -66.113     106.156     -69.147       0.354     103.193       0.487
Gaia DR3 3451243755507548672  87.5508242  32.7763173 13.150  2.044       0.831  59.6394  68.3594    44.83      nan      nan   12.693  nan      nan    nan   0.979     nan                                None      -3.812     -80.648      -3.457       0.018     -82.842       0.011
Gaia DR3 2913061263572503680  90.2480351 -24.7438932 11.501  1.186       2.112   6.5898  68.4031    49.37      nan      nan    9.930  nan      nan    nan   1.096     nan                                None      -8.301      45.221      -9.401       0.011      49.503       0.014
Gaia DR3 3451261450772791168  87.5449766  32.8115702 13.755  2.308       0.811  59.6742  68.4309    44.81      nan      nan   12.684  nan      nan    nan   1.070     nan                                None      -3.795     -80.664      -3.585       0.023     -82.822       0.014
Gaia DR3 6254175078286306560 234.0139032 -19.4842649 13.658  2.615       2.847 125.7775  68.4661   -42.82      nan      nan   22.691  nan      nan    nan   1.311     nan                                None    -137.118     -77.882    -123.732       0.025     -75.371       0.021
Gaia DR3 4130977099522868736 249.3385460 -20.0617258 10.676  1.817       1.077 131.3040  68.4822   -48.24      nan      nan   23.578  nan      nan    nan  13.928     nan                                None     -77.212     -93.206     -80.196       0.255     -97.651       0.188
Gaia DR3 6218803892296235776 221.1049215 -29.5652354 13.010  2.363       2.571 110.7299  68.6696   -32.74      nan      nan   20.012  nan      nan    nan   1.148     nan                                None    -161.059     -83.526    -166.134       0.021     -93.112       0.018
Gaia DR3 2896258629956725376  92.7241967 -30.9832706 15.132  2.769       2.239   9.3072  68.7187    46.54      nan      nan    9.929  nan      nan    nan   1.496     nan                                None     -13.169      55.952     -11.054       0.063      51.770       0.064
Gaia DR3 3220509075751473536  81.8109370  -0.8341408 15.329  2.580       2.185  25.9276  68.7285    53.88      nan      nan   10.355  nan      nan    nan   1.113     nan                                None       8.702      -0.594      12.441       0.035       2.367       0.029
  Gaia DR3 52217288969001856  61.8925609  20.9066464 17.049  3.364       2.489  51.9385  68.7564    45.67      nan      nan   11.920  nan      nan    nan   1.010     nan                                None      55.566     -46.709      60.214       0.122     -42.523       0.081
Gaia DR3 3052338153816933120 105.1694354  -8.0753789 15.455  2.669       0.318  27.9104  68.7828    50.68      nan      nan   10.428  nan      nan    nan   1.010     nan                                None     -38.938      13.470     -39.035       0.034      14.163       0.038
Gaia DR3 2912821398239254272  91.6860307 -24.9265359  6.882  0.471       2.252   7.7847  68.8092    49.19      nan      nan    9.902  nan      nan    nan   1.411     nan                                None     -11.099      45.321      -6.456       0.019      44.595       0.023
Gaia DR3 2944206648420778112  97.1063844 -16.0529559 15.774  2.713       0.563  16.7051  68.8946    51.24      nan      nan   10.050  nan      nan    nan   1.019     nan                                None     -21.980      28.927     -23.139       0.055      29.210       0.056
 Gaia DR3 844010074946986112 170.7790164  55.3963179 13.590  2.453       2.648 110.3712  68.9056     1.94      nan      nan   19.845  nan      nan    nan   1.119     nan                                None    -225.179     -19.579    -214.957       0.010     -23.851       0.013
Gaia DR3 2971188079645900544  85.3955889 -16.3665151 11.602  1.296       2.515  10.5437  68.9097    52.12      nan      nan    9.928  nan      nan    nan   1.372     nan                                None       1.273      29.753       1.581       0.016      24.498       0.017
 Gaia DR3 610757719725209728 134.6995970  16.4279944 14.248  2.563       2.831  65.9861  68.9485    33.92      nan      nan   13.253  nan      nan    nan   1.087     nan                                None    -113.383     -31.043    -108.852       0.025     -37.528       0.019
Gaia DR3 1401008749884689024 233.6718543  46.6929164 15.844  3.934       0.847 149.3096  68.9574   -32.06      nan      nan   25.732  nan      nan    nan   2.275     nan                                None    -156.975     176.282    -155.726       0.093     171.860       0.109
Gaia DR3 5607944643843870720 105.0129663 -29.5870529 15.672  2.540       2.979  19.3541  68.9660    44.94      nan      nan   10.112  nan      nan    nan   1.054     nan                                None     -37.460      51.840     -43.490       0.028      49.853       0.032
Gaia DR3 6227309748613819008 228.8384518 -23.8756648 17.214  3.963       0.991 119.4491  68.9821   -38.92      nan      nan   21.358  nan      nan    nan   1.053     nan                                None    -147.147     -82.810    -148.765       0.166     -78.652       0.158
Gaia DR3 2997622984877416960  90.2857394 -12.6619021 16.040  2.818       2.831  15.5264  68.9863    52.79      nan      nan   10.013  nan      nan    nan   1.076     nan                                None      -8.446      22.765      -7.279       0.042      16.904       0.040
 Gaia DR3 596714929014065152 129.0661280   9.2719089 15.795  2.846       1.770  57.1705  69.0321    38.80      nan      nan   12.339  nan      nan    nan   1.089     nan                                None     -95.936     -19.274     -98.458       0.049     -15.423       0.033
  Gaia DR3 18771343546171008  41.6466260   7.0804876 18.578  3.780       2.541  52.6152  69.0438    38.17      nan      nan   11.933  nan      nan    nan   0.906     nan                                None      95.125     -14.614      88.737       0.296     -14.818       0.225
Gaia DR3 5110318806528425472  59.7685649 -13.8933215 14.893  2.448       2.398  25.4296  69.0621    47.27      nan      nan   10.300  nan      nan    nan   0.976     nan                                None      51.948      23.042      55.187       0.028      18.967       0.024
Gaia DR3 6726054201610430976 273.2465858 -39.1624902  7.172  0.770       1.186 113.4579  69.1364   -40.88      nan      nan   20.269  nan      nan    nan   0.870     nan                                None      28.972    -148.206      26.974       0.021    -143.549       0.016
Gaia DR3 5541365469574806272 124.5883914 -37.0079560 19.388  2.294       2.862  36.2577  69.1898    34.37      nan      nan   10.781  nan      nan    nan   1.088     nan                                None     -76.557      55.915     -71.002       0.559      52.532       1.013
Gaia DR3 4421077882387759360 232.3549340   2.4062693 12.994  2.542       1.663 141.6745  69.2540   -44.95      nan      nan   24.607  nan      nan    nan   1.396     nan                                None    -155.513       4.318    -147.744       0.022       8.069       0.019
Gaia DR3 3773937876950756864 152.2767931  -5.3286514 13.583  2.416       2.647  68.8778  69.3636    21.77      nan      nan   13.498  nan      nan    nan   4.943     nan                                None    -140.760       2.762    -148.188       0.112       1.511       0.115
Gaia DR3 4639022110877224320  42.4936743 -76.9750651 18.935  3.642       2.599  53.8031  69.3752     9.85      nan      nan   11.983  nan      nan    nan   0.986     nan                                None      94.070      95.819      88.933       0.222      99.905       0.228
Gaia DR3 5949788512658040704 260.7261425 -48.7467407 17.950    nan       1.362 104.4951  69.4108   -34.67      nan      nan   18.642  nan      nan    nan   1.008     nan                                None     -19.674    -161.751     -20.831       0.178    -156.523       0.153
Gaia DR3 3800542519290210944 174.5778345   3.1362602 15.507  2.834       1.355  92.5775  69.4170     1.32      nan      nan   16.716  nan      nan    nan   1.014     nan                                None    -190.411      -3.984    -195.165       0.040      -4.433       0.035
Gaia DR3 3116194456258339968 107.4707894   3.8583341 16.470  2.933       1.131  38.5030  69.4469    50.10      nan      nan   10.876  nan      nan    nan   0.921     nan                                None     -45.282     -10.180     -47.286       0.066     -11.826       0.051
Gaia DR3 2910174525857070080  90.5743088 -27.8235039  9.605  0.815       2.989   6.5843  69.4751    48.11      nan      nan    9.825  nan      nan    nan   1.083     nan                                None      -8.849      50.153      -3.137       0.010      47.769       0.012
 Gaia DR3 460991900876854784  42.2914933  58.0139825 13.685  2.404       1.231  91.3879  69.5146    19.77      nan      nan   16.502  nan      nan    nan   1.085     nan                                None     130.027    -117.158     134.178       0.014    -116.106       0.016
Gaia DR3 2994460136601649408  92.5737984 -13.5276316 16.458  2.931       2.405  15.8105  69.6211    52.42      nan      nan    9.956  nan      nan    nan   1.027     nan                                None     -12.908      24.208      -8.995       0.043      21.020       0.040
Gaia DR3 5610508700658793600 106.1709231 -27.6372534 11.168  1.164       2.368  20.3641  69.6227    45.42      nan      nan   10.073  nan      nan    nan   0.915     nan                                None     -39.502      48.001     -34.639       0.011      49.282       0.014
    Gaia DR3 473447130640640  45.5679812   1.8530269 15.885  3.065       2.223  46.2284  69.6255    41.04      nan      nan   11.352  nan      nan    nan   0.988     nan                                None      83.962      -5.710      80.023       0.046      -2.136       0.041
Gaia DR3 4591940546239287168 275.2651711  32.2125886 13.840  2.803       2.406 168.2126  69.6510   -45.67      nan      nan   26.742  nan      nan    nan   1.253     nan                                None      48.848     155.290      62.098       0.018     152.401       0.018
Gaia DR3 5066312640332326144  42.0547105 -28.7527797 15.810  2.807       1.131  36.3541  69.6774    34.58      nan      nan   10.728  nan      nan    nan   1.008     nan                                None      84.894      40.213      87.276       0.036      39.279       0.038
Gaia DR3 2562789603791160064  20.1093531   3.7494295 13.458  2.451       2.197  68.0990  69.6969    21.91      nan      nan   13.342  nan      nan    nan   1.140     nan                                None     138.813      -7.021     135.483       0.027      -1.816       0.020
Gaia DR3 2996882704313980032  86.3355562 -13.6141506 16.789  3.112       2.144  13.4200  69.7350    52.75      nan      nan    9.895  nan      nan    nan   1.017     nan                                None      -0.581      24.398      -0.547       0.054      28.870       0.057
 Gaia DR3 139934574286184704  41.7281312  34.0761073 13.471  2.419       1.320  72.4354  69.7435    31.42      nan      nan   13.837  nan      nan    nan  16.410     nan                                None     110.143     -65.765     113.640       0.244     -64.154       0.222
Gaia DR3 3219979248585575808  87.7860884   1.7391687 12.928  1.998       1.978  28.7946  69.8933    53.93      nan      nan   10.342  nan      nan    nan   0.939     nan                                None      -3.590      -5.878       0.675       0.031      -5.242       0.026
Gaia DR3 5098283964566789120  51.6612999 -23.1271751 16.078  2.863       2.552  28.8152  69.9044    41.41      nan      nan   10.341  nan      nan    nan   1.020     nan                                None      66.539      36.080      71.987       0.047      34.951       0.047
Gaia DR3 3225790442417135872  71.4581340  -2.9086474  7.184  0.406       1.382  26.3672  69.9217    52.26      nan      nan   10.242  nan      nan    nan   5.464     nan                                None      29.383       3.453      26.410       0.129       3.197       0.120
Gaia DR3 6651678184178790016 282.7914863 -52.6797932 14.040  2.444       2.512  98.7868  69.9245   -30.52      nan      nan   17.524  nan      nan    nan   1.180     nan                                None      57.551    -154.428      61.969       0.020    -162.587       0.021
Gaia DR3 3117016306839147520  95.1607258  -2.7994092 16.541  3.070       2.366  26.4998  69.9522    53.32      nan      nan   10.244  nan      nan    nan   0.968     nan                                None     -18.502       3.349     -16.436       0.103      -1.324       0.118
Gaia DR3 2995690009075463424  88.6831739 -14.5151638 16.085  2.917       1.976  13.2131  69.9909    52.50      nan      nan    9.866  nan      nan    nan   1.020     nan                                None      -5.184      26.020      -1.306       0.033      24.658       0.036
Gaia DR3 3081028604068153728 119.5851358  -3.4361697 13.047  2.157       1.127  41.8104  70.0130    45.00      nan      nan   11.005  nan      nan    nan   7.174     nan                                None     -69.295       3.817     -66.768       0.095       4.484       0.065
Gaia DR3 3887442553934815872 156.8080136  14.8402606 18.232  4.160       2.893  82.5605  70.0946    16.93      nan      nan   15.059  nan      nan    nan   1.056     nan                                None    -162.012     -17.719    -165.611       0.233      -9.270       0.263
Gaia DR3 5338266396158555520 162.0875920 -60.4684457 14.629  2.675       0.943  61.5336  70.1225     7.34      nan      nan   12.572  nan      nan    nan   1.069     nan                                None    -139.031      28.675    -140.555       0.021      30.655       0.019
Gaia DR3 4378902884091723008 252.3743538  -1.9176992 14.324  3.014       2.811 149.4906  70.1660   -52.42      nan      nan   24.953  nan      nan    nan   1.183     nan                                None     -67.177     -14.801     -70.570       0.025     -29.195       0.020
Gaia DR3 2843745198698308736 345.2953815  25.4490782 11.181  1.625       2.489 107.7652  70.2226    -9.55      nan      nan   18.860  nan      nan    nan   1.581     nan                                None     211.139      13.423     206.691       0.027      22.265       0.024
Gaia DR3 5655998936970152064 135.2129616 -21.5580116 13.710  2.462       1.761  47.3662  70.2457    33.23      nan      nan   11.349  nan      nan    nan   1.143     nan                                None     -97.851      28.714    -102.061       0.018      28.860       0.014
Gaia DR3 4331203561416780672 248.9681758 -11.7973441 15.361  3.211       1.329 139.0502  70.2550   -50.33      nan      nan   23.651  nan      nan    nan   1.061     nan                                None     -79.118     -57.829     -80.446       0.052     -51.335       0.031
Gaia DR3 3108589752806346112 108.3787960  -1.4398138 16.839  0.048       1.907  34.9332  70.3149    49.97      nan      nan   10.578  nan      nan    nan   0.948     nan                                None     -45.812       0.446     -47.946       0.070       4.123       0.060
 Gaia DR3 941913235985296000  99.4495634  35.0335403 15.680  3.002       2.033  63.6255  70.3434    42.42      nan      nan   12.743  nan      nan    nan   1.083     nan                                None     -33.672     -83.404     -33.056       0.042     -77.978       0.038
Gaia DR3 5819539059549458560 240.2611965 -69.4535861 13.727  2.497       1.892  82.3833  70.3436   -16.08      nan      nan   14.971  nan      nan    nan   1.135     nan                                None     -74.192    -145.013     -73.403       0.010    -139.096       0.013
Gaia DR3 5968325174869468160 251.3952322 -41.3723566 15.590  3.138       2.946 111.0208  70.3517   -38.52      nan      nan   19.336  nan      nan    nan   1.004     nan                                None     -55.707    -144.129     -66.278       0.043    -149.831       0.032
Gaia DR3 4899668940040498560  66.8277054 -20.8058704 15.999  2.899       1.425  16.1516  70.4131    48.06      nan      nan    9.885  nan      nan    nan   1.066     nan                                None      37.066      35.722      34.131       0.035      35.269       0.036
Gaia DR3 5073220150335362816  45.2913613 -25.2734492 13.306  2.102       1.064  34.0397  70.4503    37.46      nan      nan   10.518  nan      nan    nan   9.642     nan                                None      78.230      36.644      77.243       0.083      38.788       0.120
Gaia DR3 3233388892396951680  72.2364664   3.6075260 13.927  2.287       2.800  32.1515  70.4697    52.29      nan      nan   10.425  nan      nan    nan   1.720     nan                                None      28.345      -9.577      22.569       0.060      -7.452       0.050
Gaia DR3 5968325179219665280 251.3962884 -41.3710670 14.767  2.942       1.858 111.0222  70.5116   -38.52      nan      nan   19.270  nan      nan    nan   1.111     nan                                None     -55.513    -143.635     -62.191       0.031    -147.152       0.024
Gaia DR3 2809177274674136320  10.0815988  26.6661042  8.047  0.646       0.691  88.3354  70.6041    11.24      nan      nan   15.731  nan      nan    nan   1.011     nan                                None     173.892     -22.649     173.451       0.028     -20.399       0.020
Gaia DR3 2462003862568222720  32.9189976  -9.5701741 17.334  3.333       2.318  50.4489  70.6335    32.14      nan      nan   11.524  nan      nan    nan   1.092     nan                                None     105.037      10.570     109.459       0.105      14.057       0.089
Gaia DR3 3234691298281496960  80.3699547   3.3473327 19.304  2.991       2.854  30.2014  70.6476    53.60      nan      nan   10.319  nan      nan    nan   4.108     nan                                None      11.618      -9.127       7.611       1.580     -13.869       1.138
Gaia DR3 3112760299190558464 106.4763796   0.1916304 13.046  2.189       2.416  34.9747  70.6802    50.61      nan      nan   10.538  nan      nan    nan   1.510     nan                                None     -41.926      -2.724     -47.004       0.027      -4.462       0.024
Gaia DR3 3030668939998214784 114.5524239 -13.4679588 18.169  0.610       1.727  32.1058  70.7036    46.41      nan      nan   10.397  nan      nan    nan   0.919     nan                                None     -56.552      21.993     -52.901       0.178      22.988       0.198
Gaia DR3 4820618898726436736  78.3355982 -38.0068797 15.715  2.891       1.838  12.0227  70.7236    42.83      nan      nan    9.775  nan      nan    nan   3.928     nan                                None      14.933      66.247      13.666       0.100      62.677       0.133
Gaia DR3 3415557726943848832  78.7905468  23.2770125 15.894  3.001       2.525  50.1880  70.7242    48.81      nan      nan   11.491  nan      nan    nan   2.563     nan                                None      16.524     -53.681      11.796       0.126     -57.560       0.088
Gaia DR3 5328894021549120768 130.2962388 -49.4044505 19.282  3.986       0.663  42.4690  70.7964    25.98      nan      nan   10.947  nan      nan    nan   1.053     nan                                None     -87.051      66.253     -87.038       0.258      64.722       0.274
 Gaia DR3 772248902371654144 172.7265492  43.7513335 10.636  1.563       2.130 107.7500  70.8288     1.53      nan      nan   18.621  nan      nan    nan   9.563     nan                                None    -211.822     -11.478    -212.349       0.145      -3.135       0.097
Gaia DR3 6797475453246361728 304.5498117 -29.4183152 15.745  3.119       1.118 111.3330  70.8546   -36.30      nan      nan   19.180  nan      nan    nan   1.095     nan                                None     136.077     -87.721     131.943       0.046     -85.887       0.036
Gaia DR3 2896258629954485248  92.7240195 -30.9835181 15.531    nan       1.302   9.3072  70.9057    46.54      nan      nan    9.718  nan      nan    nan   1.018     nan                                None     -12.888      54.760     -12.239       0.122      52.172       0.109
Gaia DR3 5590579060273169280 108.7347024 -34.8379193 12.870  1.813       1.391  23.2539  70.9140    41.51      nan      nan   10.029  nan      nan    nan   1.027     nan                                None     -44.091      58.395     -42.476       0.012      60.852       0.014
Gaia DR3 5266866481817715840 103.1007563 -70.1689132 14.899  2.525       0.612  44.9224  70.9590    18.51      nan      nan   11.085  nan      nan    nan   1.091     nan                                None     -37.055     112.749     -36.064       0.021     113.780       0.025
Gaia DR3 3389908598860532224  81.9335927  14.7660634 15.036  3.176       2.436  41.5102  70.9792    51.83      nan      nan   10.865  nan      nan    nan   1.051     nan                                None       8.867     -33.814       9.149       0.032     -39.388       0.021
 Gaia DR3 555221284329267584  54.2284964  77.9186045 14.739  2.565       2.992 106.0389  71.0244     8.57      nan      nan   18.277  nan      nan    nan   1.031     nan                                None     109.778    -173.904     120.703       0.041    -177.583       0.046
Gaia DR3 2971188079645902208  85.3939454 -16.3688653 17.210  3.260       2.134  10.5411  71.0968    52.12      nan      nan    9.716  nan      nan    nan   1.657     nan                                None       1.249      29.123       0.527       0.101      24.811       0.108
Gaia DR3 2490329760296148992  35.9662937  -3.2408927 14.178  2.366       1.908  50.9394  71.1538    34.67      nan      nan   11.488  nan      nan    nan   1.292     nan                                None     100.383       2.194      96.616       0.028       4.869       0.023
Gaia DR3 4738725382903605888  36.9815429 -57.3641265 13.327  2.196       2.898  44.6381  71.1717    19.98      nan      nan   11.038  nan      nan    nan  26.962     nan                                None      95.011      68.081     101.742       0.238      68.490       0.264
 Gaia DR3 485113158769167616  85.7284991  69.9344003 11.004  1.439       1.868  96.6745  71.1882    17.54      nan      nan   16.780  nan      nan    nan   1.206     nan                                None       1.041    -180.879       4.497       0.012    -175.247       0.016
Gaia DR3 6855668377457709696 308.4003460 -22.5669956 13.478  2.478       2.207 114.1613  71.2352   -36.45      nan      nan   19.469  nan      nan    nan   1.249     nan                                None     149.472     -66.913     141.990       0.019     -72.019       0.015
 Gaia DR3 702224202255349632 141.0331743  34.2280929 16.248  3.272       1.548  81.8960  71.3431    25.03      nan      nan   14.660  nan      nan    nan   1.207     nan                                None    -136.825     -56.605    -135.079       0.136     -52.151       0.160
Gaia DR3 3395980303932272384  84.9870043  15.9728279 16.067  2.923       2.896  42.7293  71.3476    51.63      nan      nan   10.894  nan      nan    nan   1.041     nan                                None       2.282     -36.488       2.455       0.062     -43.136       0.040
Gaia DR3 3332506738910850688  94.7157866  13.4881239 16.179  3.063       2.008  41.7217  71.3508    51.68      nan      nan   10.832  nan      nan    nan   2.769     nan                                None     -18.617     -30.806     -16.660       0.258     -26.660       0.219
Gaia DR3 2354857386450020480  20.0940541 -19.0395226 13.484  2.513       2.317  58.1491  71.3777    21.16      nan      nan   12.049  nan      nan    nan   1.479     nan                                None     125.372      15.718     119.685       0.022      14.202       0.012
Gaia DR3 3399447446347594240  84.7604801  19.3311101 16.068  2.925       2.908  46.0777  71.3832    50.61      nan      nan   11.107  nan      nan    nan   2.847     nan                                None       2.827     -44.218      -1.711       0.130     -49.293       0.081
Gaia DR3 5717408276290910336 117.6498896 -18.9404663  7.680  0.598       2.937  32.5204  71.4552    43.85      nan      nan   10.333  nan      nan    nan   5.854     nan                                None     -61.711      30.370     -67.994       0.137      29.164       0.126
Gaia DR3 5615024777181146880 114.4655069 -24.9575201 15.376  2.692       1.747  28.0632  71.4627    43.51      nan      nan   10.144  nan      nan    nan   1.074     nan                                None     -55.019      40.842     -58.396       0.020      39.245       0.028
Gaia DR3 1973251736931577088 328.3374451  44.4169742 15.616  3.219       2.750 125.7082  71.5478   -18.68      nan      nan   21.088  nan      nan    nan   1.052     nan                                None     212.742      74.825     201.356       0.034      79.274       0.028
Gaia DR3 5495841977324378880  91.3874695 -57.5008083 16.589  2.734       1.348  31.3113  71.6376    29.79      nan      nan   10.259  nan      nan    nan   1.069     nan                                None     -10.893      96.935      -8.475       0.049      98.564       0.051
 Gaia DR3 157730651018144640  69.9308041  28.2066390 17.983  3.619       2.963  56.4038  71.6948    45.23      nan      nan   11.849  nan      nan    nan   1.087     nan                                None      37.463     -63.634      40.985       0.203     -57.125       0.169
Gaia DR3 5260826142891260160 102.1615605 -76.0675254 16.936  3.365       1.268  50.2130  71.8080    13.52      nan      nan   11.342  nan      nan    nan   1.116     nan                                None     -35.886     119.896     -35.764       0.074     122.925       0.075
Gaia DR3 3156077861867673088 109.2491446   9.3978474 15.156  2.599       2.355  44.0511  71.8287    48.81      nan      nan   10.917  nan      nan    nan  14.246     nan                                None     -49.022     -21.068     -44.895       0.380     -24.582       0.292
Gaia DR3 1877535474455032320 339.9917752  25.3436330 15.671  3.189       1.537 112.2025  71.8395   -13.95      nan      nan   18.921  nan      nan    nan   1.039     nan                                None     207.191      21.703     201.403       0.050      19.679       0.042
Gaia DR3 6337170648352323200 223.9196716  -5.4642827 12.597  2.459       2.554 130.1455  71.8631   -39.78      nan      nan   21.569  nan      nan    nan  10.669     nan                                None    -164.838     -22.142    -157.673       0.214     -13.003       0.208
Gaia DR3 3098271970047321728 122.5945282   8.2899138 12.329  1.694       2.924  51.7659  71.8756    42.79      nan      nan   11.449  nan      nan    nan   1.061     nan                                None     -77.699     -17.634     -80.502       0.014     -24.110       0.009
Gaia DR3 3339292409276971520  81.6824305  11.1021191 14.160  2.433       1.911  37.8574  71.8830    52.65      nan      nan   10.549  nan      nan    nan   1.103     nan                                None       9.134     -25.385      12.937       0.019     -23.489       0.013
Gaia DR3 3427612497548722432  86.0097130  23.3432253 14.542  2.483       0.387  50.1371  71.9097    49.18      nan      nan   11.323  nan      nan    nan   3.964     nan                                None       0.069     -53.437       0.886       0.120     -53.867       0.068
Gaia DR3 5447196146939389568 156.8936280 -35.0147159 17.119  3.108       1.164  62.3372  71.9424    15.12      nan      nan   12.341  nan      nan    nan   0.937     nan                                None    -132.842      24.213    -134.948       0.065      22.037       0.072
Gaia DR3 3106148390315017472 101.6020426  -2.5949413 17.122  3.159       0.619  29.8488  71.9919    52.03      nan      nan   10.159  nan      nan    nan   0.918     nan                                None     -31.055       2.788     -31.752       0.078       3.916       0.075
Gaia DR3 3033856531585460480 113.9898345 -12.3458222 15.359  2.625       2.888  32.1955  72.0384    46.84      nan      nan   10.255  nan      nan    nan   1.110     nan                                None     -54.765      19.838     -55.690       0.031      13.663       0.026
 Gaia DR3 702224202253863808 141.0329506  34.2279668 16.513    nan       1.176  81.8958  72.0410    25.03      nan      nan   14.494  nan      nan    nan   1.235     nan                                None    -135.274     -55.963    -138.867       0.259     -56.014       0.358
Gaia DR3 3751176233909338624 160.8093866 -13.0720281 13.169  1.952       2.159  73.1765  72.0620    14.06      nan      nan   13.443  nan      nan    nan   1.008     nan                                None    -147.802       6.185    -151.802       0.017      10.813       0.014
Gaia DR3 2358064627508431872  16.8244796 -17.9719616 13.341  2.273       0.493  61.4267  72.0825    18.56      nan      nan   12.233  nan      nan    nan   1.858     nan                                None     130.318      12.669     131.470       0.028      13.207       0.037
 Gaia DR3 149541454054881920  65.0283785  24.5404917 15.407  2.887       2.268  54.2041  72.2807    45.43      nan      nan   11.581  nan      nan    nan   1.104     nan                                None      47.319     -53.513      42.215       0.044     -55.659       0.032
Gaia DR3 2977050160248824320  71.0473149 -20.8921202 15.202  2.615       2.327  12.6014  72.2922    49.12      nan      nan    9.636  nan      nan    nan   1.139     nan                                None      28.405      35.816      26.395       0.019      31.537       0.021
 Gaia DR3 514756164061068800  33.5045341  63.2721827 15.548  3.301       1.719  98.1732  72.3209    13.83      nan      nan   16.647  nan      nan    nan   3.759     nan                                None     150.557    -104.717     154.863       0.083    -108.943       0.117
  Gaia DR3 56835508387536640  53.6988885  19.1839292 18.540  3.594       1.942  54.1307  72.3589    42.76      nan      nan   11.564  nan      nan    nan   0.970     nan                                None      70.494     -39.017      73.686       0.236     -35.521       0.196
Gaia DR3 3143271334541792000 112.1278866   8.2197146 16.252  3.194       0.256  44.7704  72.3957    47.86      nan      nan   10.892  nan      nan    nan   1.071     nan                                None     -54.574     -18.337     -54.751       0.066     -17.777       0.057
Gaia DR3 2900750409832858624  84.5312381 -33.9694312 16.724  3.060       1.482   7.3268  72.4481    45.37      nan      nan    9.552  nan      nan    nan   0.990     nan                                None       2.867      59.031      -0.077       0.044      58.544       0.055
Gaia DR3 4506869128279648512 285.3868548  14.9689825 15.680 -0.419       2.253 156.2814  72.4683   -49.51      nan      nan   24.154  nan      nan    nan   0.971     nan                                None      91.176      61.877      95.366       0.037      72.558       0.041
Gaia DR3 4439988520319133056 247.5895954   7.2750570 13.068  2.766       2.759 155.5012  72.4791   -50.96      nan      nan   24.086  nan      nan    nan   1.533     nan                                None     -86.862      27.645    -100.539       0.018      24.611       0.013
Gaia DR3 3136974744988710016 115.5891266   3.4826572 11.176  1.220       2.453  43.4397  72.4930    46.84      nan      nan   10.796  nan      nan    nan   1.346     nan                                None     -60.670      -8.902     -66.252       0.022      -8.816       0.015
Gaia DR3 5381428618404545920 178.3396019 -40.2179895 15.197  2.729       2.536  76.6978  72.5242    -0.97      nan      nan   13.753  nan      nan    nan   1.069     nan                                None    -156.584      -6.399    -155.558       0.022     -13.681       0.019
Gaia DR3 6416307276208988288 293.6061680 -72.3460948  8.989  0.763       2.836  78.7710  72.5339   -13.52      nan      nan   13.996  nan      nan    nan   0.985     nan                                None      73.804    -135.668      81.442       0.011    -139.090       0.013
Gaia DR3 4382856796623842304 251.1564478  -0.3935599 14.783  3.103       1.066 150.4806  72.6067   -52.20      nan      nan   23.576  nan      nan    nan   1.121     nan                                None     -69.005      -7.035     -66.664       0.036     -11.787       0.028
Gaia DR3 5672876607959084800 153.3524785 -17.7338978 16.215  2.938       1.526  64.7364  72.6296    20.17      nan      nan   12.455  nan      nan    nan   0.947     nan                                None    -130.936      14.031    -134.828       0.061      13.073       0.044
Gaia DR3 3440716412705263872  95.5584971  35.0613338 13.561  2.183       2.951  62.8690  72.6691    43.00      nan      nan   12.271  nan      nan    nan   1.128     nan                                None     -23.121     -81.453     -16.523       0.022     -85.292       0.016
Gaia DR3 3319209618940366464  87.4348807   3.0088103 13.496  1.934       1.788  30.0038  72.7174    53.87      nan      nan   10.089  nan      nan    nan   1.125     nan                                None      -2.798      -8.277      -6.358       0.017      -9.611       0.013
Gaia DR3 3334379653885864960  84.4369821   7.5433095 15.927  2.665       1.737  34.2859  72.7559    53.39      nan      nan   10.272  nan      nan    nan   1.008     nan                                None       3.275     -17.628       1.469       0.045     -20.926       0.034
Gaia DR3 4752518550115620736  39.4659300 -48.8477583 14.184  2.091       1.304  40.2877  72.8415    25.23      nan      nan   10.570  nan      nan    nan   1.059     nan                                None      87.474      60.791      87.941       0.014      63.660       0.015
Gaia DR3 4045495568112088576 274.1613700 -32.9670057 11.819  1.874       1.854 119.4172  72.8525   -44.29      nan      nan   19.586  nan      nan    nan   1.063     nan                                None      31.526    -123.885      28.434       0.045    -130.888       0.031
Gaia DR3 2417280097532854144   4.1659833 -13.6161909 13.552  2.172       2.720  74.3377  72.8767     7.67      nan      nan   13.411  nan      nan    nan   1.093     nan                                None     151.278       2.181     158.965       0.018       1.928       0.015
Gaia DR3 2488998178700035584  39.0081868  -4.7777615 18.197  3.754       2.035  47.5535  72.8925    36.78      nan      nan   11.011  nan      nan    nan   0.958     nan                                None      91.806       4.678      96.195       0.231       6.425       0.187
Gaia DR3 2900460203186326528  85.0468663 -34.8618189 17.967  3.181       2.492   8.2795  72.9461    44.92      nan      nan    9.517  nan      nan    nan   1.007     nan                                None       1.880      60.235      -1.786       0.091      56.835       0.097
Gaia DR3 4045495563721956480 274.1618483 -32.9674205 11.213  1.730       2.031 119.4167  73.0653   -44.29      nan      nan   19.498  nan      nan    nan   0.633     nan                                None      31.386    -123.328      25.681       0.019    -117.236       0.014
Gaia DR3 2155450369954819456 284.7685387  59.6785950 11.030  1.746       1.390 143.8744  73.0817   -26.74      nan      nan   22.648  nan      nan    nan   0.898     nan                                None      82.860     208.426      82.708       0.012     215.058       0.013
Gaia DR3 1115696885613749504 101.4177446  75.7785464 18.353  0.893       2.601 103.1438  73.1344    11.77      nan      nan   17.107  nan      nan    nan   0.943     nan                                None     -51.691    -183.129     -42.312       0.107    -182.901       0.145
Gaia DR3 1420008173372460672 257.9886178  54.5122025 19.754  3.202       2.986 151.9424  73.1807   -31.91      nan      nan   23.385  nan      nan    nan   1.691     nan                                None     -37.323     211.798     -51.893       0.775     213.908       0.831
Gaia DR3 6445148015960426880 291.4107751 -61.2932712 11.172  1.416       0.908  89.0766  73.2682   -22.52      nan      nan   15.121  nan      nan    nan   1.225     nan                                None      73.826    -138.168      73.164       0.015    -135.349       0.014
Gaia DR3 5463586910371045504 151.2746084 -30.2452134 16.234    nan       1.400  58.9698  73.2935    20.08      nan      nan   11.824  nan      nan    nan   0.815     nan                                None    -122.344      26.155    -120.334       0.075      23.302       0.119
Gaia DR3 5763420226570629120 136.2656135  -1.8979780 13.041  2.093       1.732  56.4836  73.3562    34.57      nan      nan   11.609  nan      nan    nan   7.143     nan                                None    -101.665       0.218    -105.638       0.133       1.692       0.114
Gaia DR3 5369307907164888320 177.5037265 -50.6890645 11.806  1.547       2.479  72.1725  73.3666    -0.06      nan      nan   13.079  nan      nan    nan   1.074     nan                                None    -148.986      -4.791    -148.846       0.011     -11.623       0.011
Gaia DR3 5815174685581510656 255.8902961 -65.8088680 11.496  1.902       1.249  87.2934  73.4089   -20.83      nan      nan   14.855  nan      nan    nan   5.372     nan                                None     -29.829    -153.338     -32.072       0.050    -150.135       0.061
Gaia DR3 5100508414030275712  54.3614585 -20.8964682  9.376  0.776       2.149  27.0184  73.4118    43.32      nan      nan    9.904  nan      nan    nan   0.943     nan                                None      59.269      32.195      55.055       0.013      33.739       0.010
Gaia DR3 4681105682208059136  59.5986344 -59.2021807 17.242  3.195       0.877  36.3782  73.4258    25.67      nan      nan   10.299  nan      nan    nan   1.052     nan                                None      52.256      89.084      50.419       0.091      88.585       0.088
Gaia DR3 1974626096410702080 326.2430744  46.5515662  8.254  0.776       1.413 127.2709  73.4681   -19.23      nan      nan   20.420  nan      nan    nan   1.058     nan                                None     201.919      80.816     199.724       0.018      75.143       0.015
Gaia DR3 5331511065389072768 132.0402589 -45.0136942 15.351  2.650       2.667  42.7596  73.5108    27.27      nan      nan   10.633  nan      nan    nan   1.101     nan                                None     -87.154      57.853     -83.762       0.026      52.930       0.025
Gaia DR3 3268832646151196032  48.8670481   2.5336600 16.588  2.999       2.782  44.2453  73.5301    42.95      nan      nan   10.719  nan      nan    nan   1.057     nan                                None      73.803      -6.688      71.852       0.064     -12.663       0.053
Gaia DR3 1974626062052823936 326.2391712  46.5508527 13.121  2.244       0.965 127.2735  73.5574   -19.23      nan      nan   20.381  nan      nan    nan   1.373     nan                                None     201.522      80.670     199.927       0.034      76.840       0.030
Gaia DR3 3221394354409864192  80.9894731  -0.0885210 20.783  1.805       2.120  26.7255  73.5756    53.81      nan      nan    9.878  nan      nan    nan   1.013     nan                                None       9.909      -2.027       7.070       1.414       1.353       1.024
Gaia DR3 3570740534635874944 180.8757321 -13.9145079 12.864  2.121       2.838  90.3794  73.5775    -4.17      nan      nan   15.213  nan      nan    nan   1.325     nan                                None    -172.730      -6.803    -165.945       0.027     -12.869       0.024
Gaia DR3 3049638298713639168 105.3798434  -9.7006386 13.045  1.803       2.012  26.9453  73.5787    50.42      nan      nan    9.885  nan      nan    nan   0.948     nan                                None     -37.302      15.738     -40.575       0.013      13.117       0.012
Gaia DR3 3153256519327902976 108.9889403   7.0541813 14.062  2.438       2.263  41.9800  73.5800    49.23      nan      nan   10.580  nan      nan    nan   4.531     nan                                None     -47.003     -15.972     -43.706       0.090     -12.150       0.073
  Gaia DR3 92605924468583808  30.2778438  17.6451233 15.554  2.668       2.335  67.9118  73.6444    28.64      nan      nan   12.591  nan      nan    nan   1.084     nan                                None     118.609     -27.141     123.394       0.046     -23.200       0.039
 Gaia DR3 877477903226929280 118.9230284  30.3554015  8.669  0.703       2.967  66.4839  73.6909    38.61      nan      nan   12.444  nan      nan    nan   0.941     nan                                None     -76.980     -62.567     -81.913       0.016     -56.548       0.011
Gaia DR3 5618399899916596352 113.0632259 -23.7110137 16.695  2.964       1.241  27.0612  73.7017    44.48      nan      nan    9.877  nan      nan    nan   0.999     nan                                None     -51.135      38.302     -53.394       0.027      37.048       0.049
Gaia DR3 4269876685470510208 275.9978377  -3.0817588 16.067  3.480       1.986 147.7576  73.7142   -53.07      nan      nan   22.709  nan      nan    nan   0.997     nan                                None      44.743     -18.753      39.289       0.054     -26.539       0.050
Gaia DR3 1646751694636140928 241.2769867  69.2100954 16.631  4.124       1.412 135.5916  73.7192   -18.40      nan      nan   21.373  nan      nan    nan   1.436     nan                                None    -102.009     205.050    -102.666       0.132     211.376       0.132
Gaia DR3 5640482835046614144 128.5093082 -31.9233998 14.832  2.446       0.719  39.5028  73.7499    34.38      nan      nan   10.423  nan      nan    nan   1.059     nan                                None     -80.189      44.354     -81.659       0.016      43.774       0.019
Gaia DR3 5331511065389073280 132.0408072 -45.0164957 16.092  2.732       1.742  42.7604  73.7540    27.27      nan      nan   10.604  nan      nan    nan   0.893     nan                                None     -86.919      57.699     -85.540       0.035      54.058       0.034
Gaia DR3 4269876887331004544 275.9935202  -3.0786792 13.262  2.650       1.918 147.7620  73.7920   -53.07      nan      nan   22.668  nan      nan    nan   1.220     nan                                None      44.644     -18.706      38.106       0.019     -25.131       0.017
Gaia DR3 2843066250268155264 345.2471802  24.4109826  9.281  1.004       2.416 107.4187  73.8210    -9.65      nan      nan   17.492  nan      nan    nan   1.686     nan                                None     195.784      11.877     204.693       0.031      11.851       0.027
Gaia DR3 4809830937311226112  84.2600475 -36.0241963 17.493  3.431       2.978   9.3386  73.8964    44.29      nan      nan    9.443  nan      nan    nan   2.515     nan                                None       3.343      61.550       4.936       0.179      55.841       0.197
Gaia DR3 3176485798407056000  62.7996677 -14.6628351 16.559  3.040       1.274  22.5769  73.9166    48.28      nan      nan    9.711  nan      nan    nan   1.034     nan                                None      43.665      23.645      42.577       0.051      21.275       0.055
Gaia DR3 3864723933580312832 164.1628889   6.4126639 12.478  2.051       0.608  84.8219  73.9681    10.93      nan      nan   14.410  nan      nan    nan   1.408     nan                                None    -160.686      -6.965    -158.891       0.024      -6.530       0.024
Gaia DR3 5004566816094968704   9.7176269 -34.9919549 14.546  2.405       2.799  62.2853  73.9949    11.07      nan      nan   12.005  nan      nan    nan   1.012     nan                                None     132.915      16.358     133.605       0.017       9.309       0.026
Gaia DR3 5955573696183241728 265.9403875 -43.7905157 15.237  2.637       2.646 109.4431  74.0488   -38.26      nan      nan   17.700  nan      nan    nan   1.021     nan                                None      -0.352    -142.420      -0.977       0.035    -152.273       0.021
Gaia DR3 4128231996964915200 257.4124108 -19.8040067 15.521  3.401       2.782 133.1268  74.0737   -49.89      nan      nan   20.903  nan      nan    nan   1.398     nan                                None     -35.732     -84.166     -24.535       0.069     -89.153       0.051
Gaia DR3 5856008279708718208 185.8266916 -69.3612304 11.771  1.658       2.187  69.3670  74.0790    -2.25      nan      nan   12.660  nan      nan    nan   1.505     nan                                None    -142.154     -23.940    -146.497       0.017     -27.840       0.018
Gaia DR3 5463586910371044352 151.2775430 -30.2414998  8.855  0.698       1.796  58.9732  74.1310    20.08      nan      nan   11.700  nan      nan    nan   1.125     nan                                None    -121.054      25.872    -123.197       0.019      21.995       0.020
Gaia DR3 1625864718920165760 238.1964628  58.3593136 14.072  2.617       2.593 143.8282  74.1400   -25.95      nan      nan   22.095  nan      nan    nan   1.084     nan                                None    -117.589     186.941    -124.183       0.014     197.058       0.017
Gaia DR3 5744122040860823040 137.4909416  -8.3218359 13.267  2.268       2.270  54.4236  74.1578    33.46      nan      nan   11.334  nan      nan    nan   1.308     nan                                None    -101.004       9.150     -95.584       0.016       8.939       0.014
Gaia DR3 5733339512580944896 133.0766560 -15.4155241 16.834  3.286       0.400  47.5286  74.1616    35.77      nan      nan   10.849  nan      nan    nan   0.957     nan                                None     -90.461      20.065     -89.606       0.055      20.388       0.051
 Gaia DR3 144210849883307136  66.9271387  20.1518284 20.125  2.730       1.673  49.4805  74.1834    47.55      nan      nan   10.976  nan      nan    nan   1.151     nan                                None      40.950     -43.006      39.434       0.906     -46.568       0.661
Gaia DR3 5463586910369487744 151.2748032 -30.2450040 16.061  2.948       1.150  58.9700  74.1970    20.08      nan      nan   11.690  nan      nan    nan   1.596     nan                                None    -120.948      25.856    -121.455       0.080      23.068       0.095
 Gaia DR3 157092796835490048  75.9656561  30.4923933 16.502  3.138       0.805  57.6408  74.2410    45.29      nan      nan   11.574  nan      nan    nan   0.958     nan                                None      23.071     -68.112      22.831       0.068     -66.162       0.045
Gaia DR3 3023327294694377856  85.0300222  -5.2691071 20.852  1.433       2.470  21.5204  74.2520    53.88      nan      nan    9.650  nan      nan    nan   0.901     nan                                None       1.939       7.955       4.516       1.652       3.643       1.604
Gaia DR3 6099076765484049536 216.9573438 -45.9637801  8.696  0.826       2.874  96.0599  74.2652   -23.83      nan      nan   15.783  nan      nan    nan   0.986     nan                                None    -135.898     -87.122    -131.480       0.018     -95.604       0.021
Gaia DR3 5735243420043784064 132.6251883 -12.6255563 14.560  2.250       2.397  48.2403  74.2730    36.46      nan      nan   10.881  nan      nan    nan   1.030     nan                                None     -90.064      16.261     -91.262       0.022      10.895       0.016
Gaia DR3 3307888501761690240  67.5350491  14.3065855  8.082  0.695       1.417  43.7858  74.2793    49.37      nan      nan   10.602  nan      nan    nan   1.098     nan                                None      38.345     -30.599      38.445       0.033     -33.764       0.023
Gaia DR3 3291293362308520576  73.7410395   9.1807131 11.689  1.352       2.469  37.0766  74.3488    51.93      nan      nan   10.232  nan      nan    nan   1.314     nan                                None      24.837     -20.426      24.520       0.024     -25.743       0.017
Gaia DR3 6154390446691536384 194.5928742 -37.2584252 14.568  2.682       2.343  89.2127  74.3601   -13.04      nan      nan   14.865  nan      nan    nan   1.113     nan                                None    -160.583     -35.264    -153.764       0.025     -37.989       0.020
 Gaia DR3 609839043401226624 132.5843658  15.4080852 17.060  3.226       2.593  63.7775  74.4665    35.54      nan      nan   12.064  nan      nan    nan   0.977     nan                                None     -99.788     -27.712     -96.153       0.075     -33.214       0.058
 Gaia DR3 188061710063784704  77.6692502  37.6324185 15.967  2.981       1.860  64.5706  74.4864    41.68      nan      nan   12.133  nan      nan    nan   1.020     nan                                None      20.127     -85.656      15.955       0.048     -87.943       0.037
Gaia DR3 3158135185561905408 105.3531257  10.5163606 17.498  3.495       2.021  42.9728  74.4876    49.93      nan      nan   10.531  nan      nan    nan   1.072     nan                                None     -39.684     -22.975     -37.702       0.153     -27.000       0.136
Gaia DR3 3319209618944493056  87.4343387   3.0082467 13.968  2.060       2.948  30.0031  74.4927    53.87      nan      nan    9.907  nan      nan    nan   1.459     nan                                None      -2.746      -8.127      -8.447       0.025     -10.453       0.018
Gaia DR3 3057494485388799488 115.2783684  -3.9745154 10.474  1.031       2.882  38.1185  74.5491    47.09      nan      nan   10.262  nan      nan    nan   0.928     nan                                None     -57.116       4.792     -56.143       0.013      10.950       0.011
Gaia DR3 3879185122826411008 148.0661613  10.0060915  9.569  0.962       2.153  72.7571  74.7563    24.77      nan      nan   12.883  nan      nan    nan   1.057     nan                                None    -129.642     -14.790    -124.981       0.024     -18.320       0.017
Gaia DR3 3128875398737799296 105.4709374   5.9260649 15.491  2.587       2.774  39.0937  74.7659    50.56      nan      nan   10.288  nan      nan    nan   0.988     nan                                None     -38.998     -13.694     -43.173       0.040      -9.362       0.038
Gaia DR3 6731383289609478784 286.5541603 -35.6634491 16.862  3.615       2.392 113.8527  74.8425   -40.49      nan      nan   18.036  nan      nan    nan   0.822     nan                                None      72.019    -115.487      65.566       0.099    -109.077       0.092
  Gaia DR3 62558500768907776  50.3343977  22.4135108 18.679  0.449       0.975  58.5639  74.8702    40.15      nan      nan   11.558  nan      nan    nan   1.027     nan                                None      76.865     -43.157      79.214       0.225     -43.507       0.206
Gaia DR3 3316132090191534336  87.4848679   2.2220836 19.941  2.732       1.199  29.2305  74.8820    53.92      nan      nan    9.839  nan      nan    nan   7.414     nan                                None      -2.826      -6.536      -2.964       1.272      -4.052       1.034
Gaia DR3 3417838698170861440  82.3660676  25.7403772 17.009  3.321       0.844  52.4714  74.9010    48.10      nan      nan   11.091  nan      nan    nan   1.010     nan                                None       8.099     -56.998       6.125       0.105     -56.962       0.077
Gaia DR3 5636551771732441984 140.0066639 -28.8898919 16.054  2.906       2.923  49.7456  74.9229    28.33      nan      nan   10.900  nan      nan    nan   1.023     nan                                None    -100.435      33.172     -94.188       0.039      30.704       0.042
Gaia DR3 3236765114650113408  82.0632806   4.7941375 17.429  3.350       2.498  31.5396  74.9304    53.61      nan      nan    9.924  nan      nan    nan   1.004     nan                                None       7.843     -11.631       3.751       0.100      -8.379       0.078
  Gaia DR3 41842503406661504  53.1025957  14.4213950 18.172  3.725       2.774  50.5140  74.9592    43.64      nan      nan   10.947  nan      nan    nan   0.901     nan                                None      67.823     -28.434      68.736       0.202     -22.097       0.157
Gaia DR3 5118999450828322688  37.4855910 -25.1961474 17.186  3.236       1.827  40.9696  74.9839    32.80      nan      nan   10.363  nan      nan    nan   1.066     nan                                None      88.510      31.184      84.610       0.069      32.026       0.085
Gaia DR3 1132817484249285248 162.5443817  79.3944033 15.006  2.865       2.835 114.2939  74.9897     1.28      nan      nan   18.044  nan      nan    nan   1.094     nan                                None    -199.929     -47.904    -209.810       0.032     -43.588       0.027
 Gaia DR3 902773714412160896 122.9783737  34.2956875 10.552  1.122       1.004  71.6828  75.0069    35.07      nan      nan   12.728  nan      nan    nan   1.130     nan                                None     -87.156     -67.660     -89.319       0.016     -66.055       0.013
Gaia DR3 2988940278991586688  80.4414061 -11.9381178 15.556  2.593       1.614  15.0228  75.0393    52.81      nan      nan    9.428  nan      nan    nan   1.033     nan                                None      10.481      20.061      13.357       0.033      18.642       0.029
Gaia DR3 1248417804625910784 205.5379715  19.3240752 19.211  3.580       0.414 126.7844  75.0723   -25.45      nan      nan   19.669  nan      nan    nan   1.120     nan                                None    -195.066      32.382    -193.348       0.318      32.386       0.220
Gaia DR3 3244398538549664128  56.4585845  -6.2835034 16.645  3.011       1.649  32.6908  75.0766    46.81      nan      nan    9.957  nan      nan    nan   1.087     nan                                None      56.007       8.594      58.211       0.067      11.263       0.055
Gaia DR3 3879185122826411136 148.0666058  10.0045904 15.259  2.443       1.761  72.7567  75.0827    24.77      nan      nan   12.823  nan      nan    nan   0.903     nan                                None    -129.045     -14.720    -126.792       0.073     -18.913       0.058
Gaia DR3 3121937239847616128  93.1214545   0.0815770 14.343  2.086       1.282  28.4334  75.1005    53.60      nan      nan    9.788  nan      nan    nan   1.109     nan                                None     -13.749      -2.338     -16.264       0.026      -3.158       0.022
Gaia DR3 6129185345221756032 190.5446667 -46.3497270 17.032  3.343       1.715  81.8193  75.1495    -8.57      nan      nan   13.793  nan      nan    nan   0.966     nan                                None    -152.159     -30.603    -147.784       0.065     -28.210       0.072
Gaia DR3 5174874256634380928  36.9866399 -10.7227471 17.701  3.446       0.116  46.3564  75.1774    34.98      nan      nan   10.651  nan      nan    nan   0.914     nan                                None      91.667      12.467      91.502       0.163      12.668       0.129
Gaia DR3 5395495147398123264 169.7730604 -40.3892024 12.016  1.661       2.178  70.5566  75.2178     5.18      nan      nan   12.579  nan      nan    nan   1.655     nan                                None    -142.475       8.005    -148.092       0.019       9.352       0.018
Gaia DR3 4764573355084542336  76.2355526 -55.9076728 14.982  2.708       1.434  29.6235  75.2311    30.71      nan      nan    9.819  nan      nan    nan   1.070     nan                                None      19.053      90.076      21.686       0.026      91.448       0.031
Gaia DR3 3581310689669470592 183.1184232  -9.3686618 15.461  2.788       1.889  94.4473  75.2452    -6.40      nan      nan   15.309  nan      nan    nan   1.110     nan                                None    -173.109      -6.864    -171.836       0.049     -12.824       0.042
 Gaia DR3 572055219667096576  26.1851611  82.0372685 17.252  3.917       2.807 112.2172  75.2692     2.71      nan      nan   17.665  nan      nan    nan   0.916     nan                                None     174.069    -100.656     166.033       0.067    -107.346       0.088
Gaia DR3 3430553450633951744  91.0691842  27.8221665 12.002  1.566       1.944  55.0585  75.2888    47.10      nan      nan   11.228  nan      nan    nan   1.123     nan                                None     -11.214     -61.694      -6.658       0.016     -62.326       0.011
Gaia DR3 3219548888566362112  87.6973549   0.4463047 20.618  2.447       2.344  27.5028  75.2987    53.98      nan      nan    9.736  nan      nan    nan   1.502     nan                                None      -3.208      -3.033       0.455       2.102       0.086       1.569
Gaia DR3 3213966088213330560  79.8640060  -2.9939465 17.550  3.200       2.968  23.9531  75.3161    53.68      nan      nan    9.619  nan      nan    nan   3.298     nan                                None      11.793       3.552      15.008       0.537      -1.537       0.390
Gaia DR3 3318527165818077184  91.1055289   5.3129907 17.833  3.734       0.374  32.9230  75.3222    53.48      nan      nan    9.941  nan      nan    nan   1.057     nan                                None     -10.001     -12.653     -10.703       0.176     -12.302       0.147
 Gaia DR3 303161267317300992  23.4606733  29.6794153 16.054  2.936       2.773  80.3526  75.5061    21.09      nan      nan   13.554  nan      nan    nan   1.062     nan                                None     137.089     -37.839     140.864       0.054     -30.874       0.040
Gaia DR3 5118615510816577024  37.2693922 -25.4899085 18.183  3.567       2.762  41.0977  75.5379    32.59      nan      nan   10.308  nan      nan    nan   1.106     nan                                None      88.334      31.240      90.115       0.138      25.509       0.155
Gaia DR3 5378765360727395200 174.9025182 -44.9011669 15.355  2.856       2.165  72.5785  75.5669     1.51      nan      nan   12.719  nan      nan    nan   1.124     nan                                None    -144.895       0.025    -146.512       0.026      -5.550       0.024
Gaia DR3 2411340531424191104 346.3262414 -13.2357821 18.630  0.899       2.498  90.1227  75.5748    -8.63      nan      nan   14.684  nan      nan    nan   1.007     nan                                None     164.922      -9.649     171.766       0.226      -6.051       0.230
Gaia DR3 1163192665493054336 229.1184144   7.0450209 10.036  1.411       0.965 142.0679  75.6214   -42.99      nan      nan   21.195  nan      nan    nan   1.222     nan                                None    -145.081      18.994    -141.533       0.020      21.444       0.019
 Gaia DR3 451491742458309376  36.4409417  49.9057753 15.619  2.966       2.023  87.1585  75.7489    21.74      nan      nan   14.286  nan      nan    nan   1.139     nan                                None     123.964     -82.758     129.607       0.047     -80.462       0.056
Gaia DR3 3021143497100665344  90.4360581  -4.9999466 15.050  2.458       2.631  22.7758  75.7908    53.74      nan      nan    9.541  nan      nan    nan   1.048     nan                                None      -8.332       7.330      -6.552       0.030      12.312       0.028
Gaia DR3 3537960725758637184 167.6693723 -23.1757830 15.151  2.696       0.449  75.1019  75.8005     7.64      nan      nan   12.933  nan      nan    nan   1.133     nan                                None    -145.799       5.795    -146.581       0.034       6.736       0.028
Gaia DR3 4567982943784756480 258.3028128  22.1482848 13.703  2.810       1.545 173.5688  75.8294   -49.97      nan      nan   23.083  nan      nan    nan   1.248     nan                                None     -35.413      93.495     -35.163       0.011      85.979       0.014
Gaia DR3 4000759600978344192 178.7136346  22.3938708 12.353  2.103       2.377 104.4582  75.8538    -2.73      nan      nan   16.443  nan      nan    nan   1.270     nan                                None    -187.157      -0.058    -180.799       0.020       5.182       0.016
Gaia DR3 4371469322209192832 269.0368675  -0.3361959 20.138  2.067       1.824 152.3759  75.9211   -53.94      nan      nan   21.981  nan      nan    nan   2.500     nan                                None      13.093      -6.365      19.112       2.233     -12.297       1.542
Gaia DR3 3951651975707341184 181.9926059  20.4809592 18.740  3.476       2.890 106.5138  75.9370    -5.62      nan      nan   16.688  nan      nan    nan   1.088     nan                                None    -189.132       3.417    -181.622       0.313      10.269       0.227
Gaia DR3 5902286449248705024 228.0129983 -49.9468853 11.915  1.834       2.836  97.1879  75.9399   -26.57      nan      nan   15.476  nan      nan    nan   1.062     nan                                None    -108.638    -108.550     -99.401       0.017    -108.037       0.021
Gaia DR3 5575997268344204672 101.5101148 -38.9888727 12.722  2.011       1.152  19.5604  75.9674    41.13      nan      nan    9.441  nan      nan    nan   3.043     nan                                None     -28.694      63.598     -26.947       0.033      62.115       0.035
Gaia DR3 5065809545043124736  39.7580283 -29.7240049 14.184  2.324       2.273  38.2323  75.9706    32.94      nan      nan   10.115  nan      nan    nan   1.117     nan                                None      83.300      37.537      82.598       0.019      32.741       0.019
Gaia DR3 5150476716384927232  35.7177824 -12.6304910  8.992  0.763       1.903  46.6402  76.0361    33.88      nan      nan   10.566  nan      nan    nan   0.961     nan                                None      92.665      14.512      93.328       0.017      18.697       0.017
Gaia DR3 3441351037073307136  86.2699759  26.4189431 15.393  2.880       2.301  53.2213  76.0470    47.90      nan      nan   10.995  nan      nan    nan   1.185     nan                                None      -0.502     -57.937      -3.122       0.059     -62.582       0.035
Gaia DR3 1036907982607208320 136.2636708  58.2134852 16.186  2.872       1.499  95.6851  76.0645    17.31      nan      nan   15.254  nan      nan    nan   1.030     nan                                None    -133.583     -96.317    -138.358       0.037     -96.977       0.037
Gaia DR3 2551527718504778368  14.4460259   3.6705255 15.388  2.868       2.444  72.9498  76.0650    16.95      nan      nan   12.668  nan      nan    nan   1.287     nan                                None     136.959      -5.734     138.844       0.063       0.514       0.040
Gaia DR3 3455112455888489088  87.8953696  35.2221805 16.761  3.110       2.494  62.1002  76.0687    43.49      nan      nan   11.674  nan      nan    nan   0.956     nan                                None      -4.306     -78.806       0.891       0.081     -75.540       0.051
Gaia DR3 3335542971547866752  89.1159036   9.1405277 16.273  2.909       1.729  36.3106  76.0763    53.09      nan      nan   10.013  nan      nan    nan   0.956     nan                                None      -6.121     -20.301      -3.329       0.057     -22.652       0.045
Gaia DR3 3999292096552991488 179.5112574  20.2171186 14.565  2.657       2.687 104.2725  76.1229    -3.43      nan      nan   16.339  nan      nan    nan   1.140     nan                                None    -185.837       0.479    -176.648       0.027       1.587       0.021
Gaia DR3 3388125500237648384  76.9136320  11.6852590 14.736  2.530       0.654  38.9022  76.1578    52.01      nan      nan   10.128  nan      nan    nan   1.055     nan                                None      18.305     -25.286      18.809       0.035     -23.984       0.023
Gaia DR3 4140418812028072192 254.9197284 -13.7587851 11.575  1.970       2.817 138.7124  76.1593   -51.23      nan      nan   20.602  nan      nan    nan   1.126     nan                                None     -45.278     -59.242     -33.089       0.026     -60.294       0.020
 Gaia DR3 719258214350396416 135.1937886  38.6076362 13.531  2.280       1.073  81.3826  76.1927    26.95      nan      nan   13.529  nan      nan    nan   1.181     nan                                None    -116.614     -65.268    -117.938       0.017     -62.509       0.016
Gaia DR3 1877288221777942016 338.0400198  25.0819264 11.835  2.019       2.712 113.7739  76.2027   -15.57      nan      nan   17.557  nan      nan    nan   2.579     nan                                None     190.261      22.664     197.962       0.276      16.225       0.199
   Gaia DR3 1564678061440128  43.7114889   2.7464708 11.449  1.341       2.528  48.2185  76.2706    39.84      nan      nan   10.636  nan      nan    nan   1.086     nan                                None      81.607      -6.660      76.454       0.019      -4.299       0.019
Gaia DR3 3190615210018509568  60.6627264 -10.7060398 14.882  2.457       2.352  26.6524  76.2872    48.15      nan      nan    9.613  nan      nan    nan   1.035     nan                                None      46.945      16.280      51.625       0.024      17.187       0.019
  Gaia DR3 15767104117155072  50.5441999   9.6986354 14.747  2.867       1.384  48.3241  76.2947    43.17      nan      nan   10.639  nan      nan    nan   3.956     nan                                None      70.393     -18.964      72.684       0.086     -21.059       0.070
Gaia DR3 3126963657256101120  99.2730751   2.3982544 13.545  1.989       2.032  32.9655  76.3020    52.49      nan      nan    9.844  nan      nan    nan   1.238     nan                                None     -25.677      -6.760     -27.225       0.016     -10.683       0.014
 Gaia DR3 869343677548943104 110.3420430  22.9470773 17.489  3.375       0.695  56.1477  76.4027    44.92      nan      nan   11.159  nan      nan    nan   1.037     nan                                None     -52.330     -47.473     -53.383       0.117     -46.222       0.093
 Gaia DR3 295974717582532864  23.9327386  27.4662583 18.472  3.672       2.151  78.6521  76.4849    21.93      nan      nan   13.176  nan      nan    nan   1.157     nan                                None     132.697     -34.999     128.470       0.299     -39.222       0.270
Gaia DR3 3291673552813558400  75.6218161  10.4679112 10.969  1.181       1.305  37.9260  76.4966    52.05      nan      nan   10.045  nan      nan    nan   1.099     nan                                None      20.698     -22.652      19.736       0.020     -25.242       0.016
Gaia DR3 6078067121200191872 189.9159315 -52.2592509  9.353  0.948       0.963  78.5218  76.5078    -7.09      nan      nan   13.158  nan      nan    nan   0.965     nan                                None    -145.556     -30.227    -144.448       0.013     -27.798       0.012
Gaia DR3 3320893525294037120  87.6588070   5.4437797 19.830  3.460       1.628  32.4472  76.5379    53.65      nan      nan    9.800  nan      nan    nan   1.083     nan                                None      -3.154     -12.763      -0.586       0.524     -14.934       0.495
Gaia DR3 6104122596138958336 216.8130946 -41.0047807 14.811  3.183       2.240  99.7474  76.5587   -25.93      nan      nan   15.636  nan      nan    nan   1.352     nan                                None    -134.925     -78.970    -135.176       0.045     -71.590       0.054
  Gaia DR3 63511197530999680  56.6420297  21.2125935 12.970  1.897       2.152  54.4338  76.5808    43.49      nan      nan   11.012  nan      nan    nan  10.809     nan                                None      61.594     -41.842      66.226       0.290     -43.710       0.211
Gaia DR3 5794977653408832768 235.3198822 -71.4265744 13.640  2.083       1.733  79.9239  76.6068   -13.79      nan      nan   13.288  nan      nan    nan   1.028     nan                                None     -77.350    -124.329     -73.298       0.011    -121.655       0.014
 Gaia DR3 260932354294084480  72.4189655  52.2030372 18.899  1.130       1.578  79.4977  76.6293    31.34      nan      nan   13.238  nan      nan    nan   1.014     nan                                None      35.525    -117.651      39.845       0.252    -118.511       0.189
Gaia DR3 5744803566271463808 140.8954107  -7.9467683 18.689  3.994       0.750  57.6000  76.6699    30.94      nan      nan   11.232  nan      nan    nan   1.067     nan                                None    -104.652       7.707    -103.268       0.227       6.595       0.234
Gaia DR3 3223776579496390656  82.6362904   2.3666688 20.691  1.771       2.239  29.0969  76.6752    53.83      nan      nan    9.660  nan      nan    nan   1.312     nan                                None       6.536      -6.687       4.044       1.961     -10.506       1.499
Gaia DR3 3237190037239798528  80.6536463   4.8540039 19.810  3.040       1.489  31.6792  76.6760    53.50      nan      nan    9.756  nan      nan    nan   2.438     nan                                None      10.436     -11.531      13.487       1.182     -11.266       0.842
Gaia DR3 5114558970042079488  58.1803336 -12.4473210 13.277  2.010       2.427  27.5229  76.7112    46.86      nan      nan    9.602  nan      nan    nan   1.014     nan                                None      51.128      18.760      55.879       0.013      17.506       0.011
Gaia DR3 6504451687432777984 337.3571927 -57.8192125 15.146  2.759       2.998  75.5115  76.7356    -8.32      nan      nan   12.805  nan      nan    nan   1.093     nan                                None     138.219     -41.078     135.057       0.016     -33.628       0.022
Gaia DR3 2020159342513665920 294.7172516  22.9647834  9.461  1.137       2.199 151.2886  76.7377   -44.05      nan      nan   21.502  nan      nan    nan   0.808     nan                                None     117.573      79.459     116.512       0.008      89.368       0.012
Gaia DR3 4951486964552236160  36.0285941 -40.1271189 15.281  2.678       1.343  41.1070  76.7632    27.22      nan      nan   10.174  nan      nan    nan   1.013     nan                                None      88.824      46.282      85.945       0.060      46.303       0.087
Gaia DR3 4614419924026832768  71.8351567 -84.8022702 16.936  3.189       0.576  58.1868  76.7806     5.80      nan      nan   11.261  nan      nan    nan   0.986     nan                                None      31.489     123.657      32.823       0.068     123.957       0.062
Gaia DR3 6601489528522103424 335.6329194 -32.7673634 12.414  1.962       2.446  89.0927  76.9559   -15.27      nan      nan   14.242  nan      nan    nan   4.003     nan                                None     152.093     -33.294     146.092       0.063     -29.061       0.050
Gaia DR3 1001648156533965824 101.9713151  58.5001963 13.061  2.560       2.961  86.6395  76.9924    26.24      nan      nan   13.951  nan      nan    nan   1.298     nan                                None     -43.634    -131.965     -49.460       0.014    -125.491       0.012
 Gaia DR3 869355432875948416 110.3416631  22.9500403 16.509  3.375       0.911  56.1501  76.9967    44.92      nan      nan   11.081  nan      nan    nan   1.166     nan                                None     -51.962     -47.145     -53.393       0.083     -45.570       0.079
Gaia DR3 1983681880328659712 338.9828687  46.9168448 15.947  3.236       2.936 118.6195  77.0612   -11.59      nan      nan   17.884  nan      nan    nan   1.023     nan                                None     194.821      40.937     191.119       0.035      30.505       0.038
Gaia DR3 6461451230778846592 328.5388199 -53.4248074 16.285  3.082       2.135  82.0402  77.1006   -14.01      nan      nan   13.419  nan      nan    nan   1.022     nan                                None     135.626     -58.484     140.916       0.040     -55.572       0.041
Gaia DR3 2279817882519510784 338.8024202  75.6603296 16.590  3.395       0.769 119.4027  77.1084    -4.99      nan      nan   17.966  nan      nan    nan   1.002     nan                                None     195.516      57.783     193.478       0.059      59.866       0.049
Gaia DR3 4862995863567288960  54.9717516 -32.7665648 14.944  2.847       1.892  25.2184  77.1241    39.48      nan      nan    9.490  nan      nan    nan   1.128     nan                                None      55.804      48.351      59.261       0.018      49.893       0.027
Gaia DR3 5062671160902154496  41.1755611 -33.4373657 16.254  2.995       0.911  36.7859  77.1644    32.53      nan      nan    9.923  nan      nan    nan   1.055     nan                                None      79.761      42.313      77.880       0.027      42.621       0.038
Gaia DR3 3315962898542856448  89.9689014   2.3823091 20.434  1.527       2.462  29.8161  77.1667    53.80      nan      nan    9.639  nan      nan    nan   1.930     nan                                None      -7.525      -6.700      -2.837       1.804      -4.953       1.681
Gaia DR3 3104951022153374848  97.7780926  -4.1412181 17.123  3.258       1.422  26.5023  77.2047    52.82      nan      nan    9.522  nan      nan    nan   0.956     nan                                None     -22.073       5.556     -24.913       0.082       5.857       0.078
  Gaia DR3 78236333990645504  29.4556629  15.4146631 16.715  3.169       2.416  67.1171  77.2374    28.40      nan      nan   11.928  nan      nan    nan   0.975     nan                                None     113.451     -22.457     117.553       0.085     -17.978       0.078
Gaia DR3 5919105816035007360 264.7091169 -57.2002825 16.107  2.956       2.707  96.0671  77.2462   -28.37      nan      nan   15.003  nan      nan    nan   0.957     nan                                None      -3.972    -145.466      -6.305       0.048    -153.702       0.039
Gaia DR3 3996219610092508416 163.9450635  24.9269592 13.540  2.363       2.889  93.3419  77.2550     9.82      nan      nan   14.673  nan      nan    nan   1.128     nan                                None    -163.482     -17.730    -164.736       0.016     -26.577       0.021
Gaia DR3 6539011021519400704 354.1216693 -36.9230706 15.556  2.534       1.361  73.6938  77.3471    -0.81      nan      nan   12.518  nan      nan    nan   1.164     nan                                None     142.557      -5.098     139.129       0.034      -4.023       0.034
Gaia DR3 5700378902766083584 124.6407598 -21.4901070 15.497  2.768       1.872  37.9616  77.3846    39.67      nan      nan    9.954  nan      nan    nan   1.071     nan                                None     -70.765      30.411     -67.426       0.026      32.479       0.025
Gaia DR3 3222682599785687296  83.2563114   1.0308497 19.799  2.463       2.406  27.7547  77.4957    53.92      nan      nan    9.536  nan      nan    nan   3.108     nan                                None       5.278      -4.077       2.383       1.288      -0.200       1.126
Gaia DR3 3344210662228272768  92.0195716  12.8325336 13.512  2.043       2.713  40.4598  77.5029    52.15      nan      nan   10.063  nan      nan    nan   1.012     nan                                None     -11.944     -27.513      -7.871       0.018     -23.448       0.014
Gaia DR3 3121368689256244864  91.4815162  -1.2282989 17.162  1.282       2.209  26.6885  77.5203    53.78      nan      nan    9.499  nan      nan    nan  15.147     nan                                None     -10.264       0.194      -7.612       0.749      -3.346       0.627
 Gaia DR3 787432676920949632 175.2938913  48.3973720 17.188  3.712       1.417 110.9293  77.6206    -0.32      nan      nan   16.741  nan      nan    nan   1.119     nan                                None    -190.737      -4.335    -186.708       0.045      -7.295       0.076
 Gaia DR3 161428171183782912  71.7937604  32.9035474 12.465  1.719       2.666  60.6180  77.6492    43.38      nan      nan   11.330  nan      nan    nan   1.004     nan                                None      31.770     -70.091      31.900       0.020     -63.724       0.014
Gaia DR3 5184385444533540864  44.6869501  -4.9402008 19.758  3.572       2.503  42.7480  77.6507    40.49      nan      nan   10.164  nan      nan    nan   1.066     nan                                None      76.522       5.231      76.639       0.594      10.592       0.478
Gaia DR3 3450236121817726720  90.2153445  32.1265230 18.283  3.711       1.229  59.2213  77.6545    45.06      nan      nan   11.222  nan      nan    nan   0.999     nan                                None      -9.309     -69.935      -9.960       0.180     -67.100       0.115
Gaia DR3 4943093632086970240  31.7348249 -46.3338842 19.659  3.103       1.442  44.8535  77.7075    22.52      nan      nan   10.272  nan      nan    nan   1.073     nan                                None      95.059      47.821      92.892       0.280      45.573       0.351
Gaia DR3 4910780153577078912  22.3683738 -56.1922456 12.206  1.809       2.205  52.0232  77.7322    14.21      nan      nan   10.703  nan      nan    nan  17.512     nan                                None     109.308      43.617     104.735       0.170      45.573       0.220
Gaia DR3 5659833415052456192 150.0767209 -24.1682047 14.957  2.685       1.580  59.6664  77.7366    22.01      nan      nan   11.244  nan      nan    nan   1.054     nan                                None    -115.193      20.680    -118.568       0.028      22.306       0.028
Gaia DR3 3112005969793164416 103.9177856  -2.1392236 17.142  3.083       2.907  31.5690  77.7530    51.41      nan      nan    9.648  nan      nan    nan   1.046     nan                                None     -33.747       1.758     -31.815       0.101      -3.830       0.090
Gaia DR3 5787345290356524672 187.9497193 -79.7766785 12.980  2.047       0.521  66.2732  77.7532    -0.94      nan      nan   11.776  nan      nan    nan   7.159     nan                                None    -131.300     -27.717    -130.376       0.101     -28.623       0.096
Gaia DR3 3369097214570270976  94.7365994  15.8816887 12.570  1.917       1.285  44.0377  77.7899    51.07      nan      nan   10.218  nan      nan    nan   4.443     nan                                None     -17.604     -33.685     -19.455       0.072     -31.626       0.052
Gaia DR3 5575997268344204416 101.5108401 -38.9891820 14.960  2.459       0.584  19.5610  77.8340    41.13      nan      nan    9.276  nan      nan    nan   1.624     nan                                None     -28.194      62.486     -29.287       0.034      62.818       0.040
Gaia DR3 5916122561811413888 260.5603425 -58.2221076 17.992  3.904       2.470  95.0238  77.8624   -27.42      nan      nan   14.728  nan      nan    nan   0.933     nan                                None     -16.027    -143.738     -21.030       0.106    -149.550       0.104
Gaia DR3 3771288500604410112 148.9427820  -8.9026618 19.085  0.988       2.632  64.3359  77.8706    24.47      nan      nan   11.596  nan      nan    nan   0.936     nan                                None    -117.632       6.762    -120.366       0.252      12.587       0.218
 Gaia DR3 650391334337547008 124.7629078  13.2046864 16.427  2.771       2.969  56.7284  77.9541    40.79      nan      nan   10.998  nan      nan    nan   0.920     nan                                None     -78.394     -24.720     -76.751       0.055     -31.403       0.039
Gaia DR3 3085375553348969728 114.4123076  -0.8863109 19.003  3.815       1.415  39.5273  77.9758    47.54      nan      nan    9.968  nan      nan    nan   1.064     nan                                None     -53.971      -0.674     -56.738       0.301       0.412       0.197
Gaia DR3 4054753726504902912 262.2315939 -32.7329647 10.087  1.224       2.922 120.5350  77.9816   -44.77      nan      nan   17.804  nan      nan    nan   0.792     nan                                None     -13.476    -112.791     -23.651       0.018    -116.881       0.013
Gaia DR3 3295883484053612160  70.4373551  12.0094346 16.040  2.754       0.764  40.6899  77.9846    50.67      nan      nan   10.024  nan      nan    nan   1.034     nan                                None      30.720     -25.073      31.507       0.055     -26.483       0.038
Gaia DR3 4157026621629808128 273.8747437 -10.6989239 14.534  2.825       2.528 141.1856  78.0285   -52.39      nan      nan   20.048  nan      nan    nan   1.463     nan                                None      31.138     -46.402      26.017       0.038     -55.781       0.032
 Gaia DR3 459532294895043456  45.7393394  55.5336464 18.515  0.936       2.138  88.2748  78.0547    22.44      nan      nan   13.908  nan      nan    nan   0.903     nan                                None     102.507    -101.404      98.167       0.146     -96.880       0.163
Gaia DR3 2666313159031578880 327.2253214  -8.5032637 13.819  2.636       2.550 108.7450  78.1577   -25.59      nan      nan   16.311  nan      nan    nan   1.140     nan                                None     162.845     -16.840     157.247       0.022     -10.091       0.017
Gaia DR3 4552644997094484352 267.5845553  20.3151241 16.363  3.537       1.655 172.4700  78.1853   -51.00      nan      nan   21.870  nan      nan    nan   1.074     nan                                None       6.715      81.918      -0.829       0.048      80.781       0.061
Gaia DR3 3454470100579668992  88.2196541  34.4448050  7.824  0.711       2.134  61.3482  78.1920    43.92      nan      nan   11.312  nan      nan    nan   0.992     nan                                None      -4.901     -74.928      -8.648       0.027     -71.485       0.018
Gaia DR3 3001388434243902464  94.8816638 -11.0951419 19.911  1.724       2.988  19.0757  78.2151    52.58      nan      nan    9.232  nan      nan    nan   6.775     nan                                None     -16.168      17.985     -10.651       1.483      16.149       1.679
Gaia DR3 3390220379125919360  80.1964452  14.3493597 13.307  1.924       1.484  41.1816  78.2464    51.80      nan      nan   10.021  nan      nan    nan   0.983     nan                                None      11.626     -30.314      14.687       0.020     -29.641       0.013
Gaia DR3 4192878642094381952 295.3608576 -11.6279478 14.522  3.017       2.110 130.5822  78.2663   -45.92      nan      nan   18.862  nan      nan    nan   1.238     nan                                None     105.247     -41.885     106.690       0.033     -50.151       0.028
Gaia DR3 3338547696307555456  80.8071589   9.8428146 16.015  2.953       2.050  36.6447  78.3353    52.82      nan      nan    9.799  nan      nan    nan   1.478     nan                                None      10.184     -21.158      13.135       0.080     -24.196       0.050
Gaia DR3 3078965233054793856 132.0426114   2.4502865 15.751  2.647       1.823  55.3278  78.4064    37.44      nan      nan   10.842  nan      nan    nan   1.081     nan                                None     -88.873      -6.082     -90.595       0.044      -2.289       0.030
Gaia DR3 3338110056319341312  81.8882689   9.6857554 20.956  1.940       1.299  36.4343  78.4224    52.93      nan      nan    9.781  nan      nan    nan   1.005     nan                                None       8.070     -20.850       8.038       2.131     -23.528       1.980
Gaia DR3 5034375194800360320  15.6327307 -26.6801445 17.377  3.467       2.970  59.6307  78.4305    16.66      nan      nan   11.148  nan      nan    nan   0.979     nan                                None     119.677      16.907     116.917       0.092      23.320       0.133
 Gaia DR3 577318680610752384 135.7751094   2.0568119  7.866  0.690       2.323  58.1853  78.4378    34.85      nan      nan   11.041  nan      nan    nan   1.041     nan                                None     -95.997      -5.376     -94.644       0.027     -10.612       0.022
Gaia DR3 5896780816551953920 211.9757056 -53.9350803 15.114  2.732       1.386  88.0116  78.4728   -17.81      nan      nan   13.791  nan      nan    nan   1.004     nan                                None    -127.237     -76.358    -127.479       0.025     -80.381       0.033
Gaia DR3 4989158294502439808  14.8209335 -39.0907976 20.184  2.751       2.483  57.4382  78.5022    14.16      nan      nan   10.978  nan      nan    nan   1.058     nan                                None     118.435      23.496     117.474       0.355      29.162       0.420
Gaia DR3 3121699676617203968  94.8423590  -0.5215334 15.912  2.925       2.948  28.4681  78.5284    53.39      nan      nan    9.465  nan      nan    nan   1.161     nan                                None     -16.503      -1.138     -14.469       0.059      -6.658       0.051
Gaia DR3 3454470100575733888  88.2200555  34.4442041  9.549  0.808       2.066  61.3476  78.5678    43.92      nan      nan   11.260  nan      nan    nan   1.207     nan                                None      -4.880     -74.586      -9.595       0.023     -73.239       0.015
Gaia DR3 5364782493395139840 159.0727909 -47.8502728 10.825    nan       2.583  61.2887  78.5973    11.36      nan      nan   11.252  nan      nan    nan   1.687     nan                                None    -122.627      26.057    -117.361       0.035      22.925       0.025
Gaia DR3 2966111424004709248  87.6049467 -19.8736102 19.410  3.426       1.700   7.9217  78.6770    51.14      nan      nan    9.020  nan      nan    nan   1.074     nan                                None      -2.806      33.038      -5.387       0.271      34.984       0.291
  Gaia DR3 36358654804246272  55.9831786  10.7390478 14.281  2.294       1.842  45.8849  78.6863    45.74      nan      nan   10.222  nan      nan    nan   1.037     nan                                None      58.338     -21.022      61.878       0.028     -22.817       0.020
Gaia DR3 3218208656907387776  86.1579898  -0.9175361 17.136  3.144       0.683  25.9553  78.6943    54.03      nan      nan    9.370  nan      nan    nan   0.906     nan                                None      -0.219      -0.377       1.120       0.096      -0.554       0.081
Gaia DR3 3210559285795573120  81.9037730  -4.1803634 16.769  3.344       2.077  22.5813  78.7683    53.81      nan      nan    9.269  nan      nan    nan   1.639     nan                                None       7.619       5.620      10.709       0.101       2.990       0.072
Gaia DR3 1464669648500098816 195.4982387  30.3445036 15.377  3.033       1.295 121.2512  78.7788   -16.06      nan      nan   17.621  nan      nan    nan   1.026     nan                                None    -189.317      30.402    -184.551       0.038      29.751       0.046
Gaia DR3 5841030010753026816 204.3482937 -70.7546213 16.473  2.964       2.152  74.1821  78.7804    -7.45      nan      nan   12.323  nan      nan    nan   0.913     nan                                None    -123.623     -63.770    -124.454       0.040     -69.297       0.056
   Gaia DR3 8777336900638080  44.8523372   8.4769938 14.007  2.295       2.798  51.2529  78.7904    40.05      nan      nan   10.528  nan      nan    nan   1.112     nan                                None      78.997     -15.627      73.250       0.021     -17.980       0.021
 Gaia DR3 404007339947345920  17.7130324  51.2321683 17.316  3.588       2.943  96.8453  78.7913    11.67      nan      nan   14.720  nan      nan    nan   0.941     nan                                None     155.869     -50.348     156.408       0.087     -41.232       0.077
 Gaia DR3 711309741712917888 128.3977572  33.8404960  9.722  1.148       2.330  74.1584  78.8220    32.57      nan      nan   12.314  nan      nan    nan   1.140     nan                                None     -94.535     -60.019    -100.064       0.018     -57.566       0.015
Gaia DR3 5261429912214172800  92.2463734 -75.8986986 15.885  2.927       2.655  49.3764  78.8664    14.11      nan      nan   10.404  nan      nan    nan   1.069     nan                                None     -12.815     113.736      -8.787       0.034     117.940       0.047
Gaia DR3 3448983945575581184  81.9781392  32.5257339 15.075  2.630       2.225  59.2623  78.9830    44.86      nan      nan   11.048  nan      nan    nan   1.392     nan                                None       8.918     -69.594      13.714       0.047     -67.632       0.035
Gaia DR3 5548313622843411712 123.5520390 -31.0728585 19.201  0.580       2.529  35.3429  79.0557    37.24      nan      nan    9.673  nan      nan    nan   0.990     nan                                None     -67.115      43.279     -62.095       0.182      44.456       0.219
Gaia DR3 3207841774088159616  78.2712203  -7.4902345 17.321  3.012       2.310  19.8109  79.0678    53.20      nan      nan    9.176  nan      nan    nan   1.962     nan                                None      14.134      11.477      18.132       0.172      13.472       0.121
Gaia DR3 5153005696208063616  46.0102599 -17.0339028 15.842  2.696       1.828  35.7634  79.1282    39.86      nan      nan    9.683  nan      nan    nan   1.056     nan                                None      70.969      22.687      74.356       0.053      21.121       0.044
Gaia DR3 3260283702728923392  62.3307404   3.7266843 17.398  3.388       1.345  36.5623  79.1516    49.28      nan      nan    9.715  nan      nan    nan   0.979     nan                                None      44.513      -8.748      45.052       0.143      -6.046       0.088
Gaia DR3 3322243072740643968  92.1933964   7.6174891 16.488  2.991       2.937  35.4152  79.1579    53.09      nan      nan    9.666  nan      nan    nan   1.029     nan                                None     -11.805     -16.650      -7.377       0.068     -20.676       0.055
Gaia DR3 3124886538053082496  93.7589177   3.0139553 11.045  1.136       2.614  31.4168  79.1698    53.40      nan      nan    9.509  nan      nan    nan   1.059     nan                                None     -14.552      -7.761      -9.445       0.024      -8.932       0.021
 Gaia DR3 805881416880407936 154.2731519  42.9141940  3.446  0.147       1.805  95.3517  79.1722    13.95      nan      nan   14.459  nan      nan    nan   8.851     nan                                None    -153.012     -43.962    -152.974       0.565     -49.462       0.708
Gaia DR3 3327620852831792896  98.1782800   9.9140968 15.688  2.624       1.648  39.3937  79.1813    51.84      nan      nan    9.839  nan      nan    nan   1.001     nan                                None     -23.573     -21.030     -23.364       0.044     -17.618       0.036
Gaia DR3 4642370471677377664  47.0015503 -72.9240352 13.968  2.195       2.667  50.1091  79.1880    13.33      nan      nan   10.411  nan      nan    nan   1.188     nan                                None      74.720      87.400      75.074       0.015      93.244       0.016
Gaia DR3 3242451548271222272  78.7940525   8.4309195  8.282  0.623       1.146  35.4219  79.1973    52.85      nan      nan    9.663  nan      nan    nan  11.477     nan                                None      13.888     -18.143      12.272       0.313     -19.828       0.242
Gaia DR3 3386624529428101760 101.2797006  29.2842919 13.763  2.192       1.898  58.6072  79.2062    44.94      nan      nan   10.972  nan      nan    nan   1.032     nan                                None     -32.861     -61.134     -36.849       0.022     -62.969       0.017
Gaia DR3 3397495126015011328  83.9018713  17.6308465 19.667  1.185       2.265  44.3589  79.2360    51.12      nan      nan   10.080  nan      nan    nan   1.878     nan                                None       4.286     -36.904       8.919       1.020     -35.600       0.676
 Gaia DR3 175811535621592320  65.5208137  34.0937518 15.491  2.704       2.793  63.1031  79.2470    41.30      nan      nan   11.303  nan      nan    nan   1.011     nan                                None      45.146     -69.700      51.674       0.044     -68.410       0.034
Gaia DR3 4812566968917655808  76.9495693 -42.6650228 14.695  2.450       1.545  16.7536  79.2559    39.94      nan      nan    9.096  nan      nan    nan   1.121     nan                                None      16.377      67.871      19.040       0.021      66.572       0.023
Gaia DR3 3220412387448476032  80.9499664  -1.2635857 15.168  2.472       2.589  25.5576  79.2797    53.81      nan      nan    9.306  nan      nan    nan   1.002     nan                                None       9.409       0.257       4.619       0.029      -1.431       0.020
 Gaia DR3 683719043602860672 121.8431914  27.0395213 17.658  3.535       2.185  65.3209  79.2935    38.54      nan      nan   11.472  nan      nan    nan   1.060     nan                                None     -76.473     -50.475     -77.832       0.140     -55.581       0.124
 Gaia DR3 377683790330602624  12.6270972  45.8123067 18.035  3.942       0.604  96.6669  79.2954     9.99      nan      nan   14.581  nan      nan    nan   1.043     nan                                None     159.227     -36.272     159.444       0.151     -34.430       0.135
Gaia DR3 3166247043050122880 110.0046351  13.1063888 13.877  2.253       1.313  47.5500  79.3998    47.83      nan      nan   10.237  nan      nan    nan   1.280     nan                                None     -47.379     -26.393     -47.027       0.022     -23.581       0.019
Gaia DR3 3222523552851759104  85.1658557   1.1492607 15.504  2.696       1.105  27.9330  79.4074    53.98      nan      nan    9.368  nan      nan    nan   0.985     nan                                None       1.629      -4.227      -0.551       0.034      -4.158       0.027
 Gaia DR3 455063329885261056  35.2194877  52.8483823 18.079  4.275       0.996  89.8756  79.4230    19.77      nan      nan   13.796  nan      nan    nan   2.283     nan                                None     121.860     -81.012     123.435       0.431     -78.581       0.548
Gaia DR3 3827271784399524352 144.3697118  -2.3675335 15.273  2.765       2.733  63.2652  79.5043    28.38      nan      nan   11.280  nan      nan    nan   1.057     nan                                None    -109.395       0.277    -114.759       0.036      -3.390       0.033
Gaia DR3 2907118093986313344  84.9434354 -29.4322790 15.040  2.528       1.592   3.0849  79.5298    47.55      nan      nan    8.922  nan      nan    nan   6.019     nan                                None       1.946      48.214       1.329       0.335      45.285       0.344
Gaia DR3 3282718447218628608  71.1497977   5.7354315 15.521  2.672       2.630  34.5163  79.5443    51.84      nan      nan    9.593  nan      nan    nan   1.018     nan                                None      28.088     -12.683      25.469       0.040     -17.312       0.030
Gaia DR3 3977926970716461440 170.3295049  19.2365926 19.793  4.588       2.873  96.0220  79.5636     4.73      nan      nan   14.446  nan      nan    nan   1.148     nan                                None    -163.786      -8.435    -163.839       0.665       0.314       0.459
 Gaia DR3 394609676626052992   3.9105598  50.9837890 16.430  3.277       2.902 104.2150  79.5835     3.84      nan      nan   15.380  nan      nan    nan   1.055     nan                                None     173.602     -20.802     180.951       0.044     -14.927       0.043
Gaia DR3 6541406543823728896 343.8141093 -42.3213061 18.719  0.653       2.695  78.7971  79.6145    -7.75      nan      nan   12.620  nan      nan    nan   0.949     nan                                None     140.542     -22.583     137.126       0.198     -28.887       0.177
Gaia DR3 2847021124872419584   2.5263666  21.9380192  9.581  1.002       1.990  91.9902  79.6322     5.27      nan      nan   13.982  nan      nan    nan   0.989     nan                                None     158.306      -9.613     158.258       0.018     -15.480       0.017
Gaia DR3 3670407415402901888 216.7384028   6.7498534 13.651  2.688       2.416 131.5347  79.6374   -35.10      nan      nan   18.461  nan      nan    nan   1.232     nan                                None    -159.485      12.038    -150.120       0.029      12.881       0.026
Gaia DR3 1659559733789241344 207.0455456  59.9671821 14.110  2.663       2.699 129.6313  79.6404   -14.84      nan      nan   18.260  nan      nan    nan   1.075     nan                                None    -178.342      90.754    -168.363       0.016      93.646       0.014
Gaia DR3 5110517405816644608  57.7806836 -15.1207507 15.885  2.820       2.871  26.4090  79.6422    46.21      nan      nan    9.300  nan      nan    nan   0.996     nan                                None      50.173      22.348      54.228       0.036      26.252       0.028
Gaia DR3 5052625193738964096  45.6786160 -31.7719641 12.055  1.801       2.849  33.0207  79.6463    35.55      nan      nan    9.525  nan      nan    nan   1.471     nan                                None      70.285      41.739      72.121       0.011      47.157       0.014
Gaia DR3 3415192452857018240  76.8537752  22.0470234 11.687  1.385       1.734  49.1646  79.6724    49.03      nan      nan   10.300  nan      nan    nan   1.139     nan                                None      18.738     -45.618      21.486       0.019     -48.191       0.014
Gaia DR3 3059364548513804672 107.8196914  -5.0251872 16.450  2.706       1.691  31.9290  79.6929    50.06      nan      nan    9.479  nan      nan    nan   1.069     nan                                None     -40.077       6.682     -38.965       0.055       3.492       0.050
Gaia DR3 5712661203566549248 117.2881564 -20.4279291 16.765  3.000       2.506  31.7103  79.6933    43.64      nan      nan    9.471  nan      nan    nan   1.020     nan                                None     -55.984      30.227     -51.785       0.056      27.507       0.052
Gaia DR3 5331547521071979776 132.6145144 -44.5392426 12.618  1.780       1.770  43.0986  79.7325    27.21      nan      nan    9.963  nan      nan    nan   0.988     nan                                None     -82.446      53.152     -79.662       0.011      50.688       0.011
Gaia DR3 6370782409576576384 322.5832967 -73.5785213 14.878  2.657       2.625  72.3930  79.7793    -7.41      nan      nan   11.999  nan      nan    nan   1.081     nan                                None     114.072     -73.061     113.594       0.019     -79.684       0.022
  Gaia DR3 71088653712831360  55.7458039  27.0082843 14.321  2.471       2.370  59.9009  79.8184    41.07      nan      nan   10.986  nan      nan    nan   1.288     nan                                None      63.149     -51.266      57.721       0.029     -50.461       0.022
Gaia DR3 4632294680263642368  29.7184584 -79.6240290 17.536  3.314       2.878  57.4585  79.8942     6.43      nan      nan   10.804  nan      nan    nan   0.972     nan                                None     102.444      66.715     101.678       0.083      60.206       0.085
 Gaia DR3 590009351193598336 138.2544507   7.6092032 14.748  2.459       0.850  63.3564  79.9069    32.67      nan      nan   11.233  nan      nan    nan   1.081     nan                                None    -101.153     -12.865     -99.905       0.029     -14.444       0.020
Gaia DR3 6195299116832069248 203.9271745 -22.6958037 14.448  2.702       2.305 104.2805  79.9083   -22.90      nan      nan   15.305  nan      nan    nan   1.219     nan                                None    -154.139     -34.617    -151.542       0.033     -41.585       0.029
Gaia DR3 2620562063587559552 331.8934802  -6.7308811 10.333  1.266       2.130 105.7000  79.9370   -21.82      nan      nan   15.461  nan      nan    nan   1.597     nan                                None     160.754     -11.867     156.002       0.039      -6.809       0.032
Gaia DR3 1599293061929711104 227.9096084  53.5559045  9.329  1.091       1.863 142.6042  79.9462   -26.09      nan      nan   19.405  nan      nan    nan   0.825     nan                                None    -136.529     137.347    -138.584       0.010     130.006       0.012
Gaia DR3 6414066574590831232 279.8100157 -75.2253682 10.523  1.145       2.417  77.4982  79.9540   -12.36      nan      nan   12.438  nan      nan    nan   0.993     nan                                None      33.734    -133.810      33.630       0.010    -127.474       0.013
 Gaia DR3 608532716213091584 131.9660048  14.0916943 20.708  2.342       1.953  62.4636  79.9563    36.19      nan      nan   11.158  nan      nan    nan   1.126     nan                                None     -91.343     -23.943     -87.534       1.802     -26.511       1.293
Gaia DR3 3400175219966490496  86.7667879  21.4670665 15.627  2.863       2.752  48.3098  80.0017    49.88      nan      nan   10.214  nan      nan    nan   1.448     nan                                None      -1.475     -44.709      -4.601       0.070     -49.743       0.042
Gaia DR3 5397696683212687744 171.6204931 -37.4801990 15.158  2.598       0.989  72.9009  80.1338     3.95      nan      nan   11.989  nan      nan    nan   1.043     nan                                None    -136.204       4.287    -138.598       0.028       5.008       0.024
Gaia DR3 3163956279292978816 116.3268477  13.0525373 13.597  2.036       1.817  51.1196  80.1413    45.20      nan      nan   10.364  nan      nan    nan   1.137     nan                                None     -59.557     -25.280     -56.589       0.020     -22.641       0.015
Gaia DR3 3027418822284719872 113.9423618 -16.6385732 15.495  2.429       2.147  30.1382  80.1500    46.04      nan      nan    9.374  nan      nan    nan   1.024     nan                                None     -49.987      25.029     -51.201       0.028      20.963       0.028
Gaia DR3 2036984245546483456 285.7393840  27.2507022  8.950  0.974       2.178 159.9966  80.1905   -45.69      nan      nan   20.511  nan      nan    nan   1.040     nan                                None      78.782      96.691      86.777       0.010     101.666       0.014
Gaia DR3 5613476596084599424 111.6874809 -26.2713393 17.969  3.416       2.082  25.3840  80.2005    44.13      nan      nan    9.221  nan      nan    nan   1.115     nan                                None     -45.478      40.083     -49.179       0.093      38.448       0.127
Gaia DR3 3357177202857319424  97.6076371  15.4941371 15.113  2.594       1.570  44.4565  80.2452    50.71      nan      nan    9.979  nan      nan    nan   1.084     nan                                None     -22.800     -31.901     -25.097       0.038     -34.275       0.030
Gaia DR3 1981395171035314176 327.7289446  52.7791731 14.841  2.678       1.179 126.2302  80.2470   -16.34      nan      nan   17.691  nan      nan    nan   1.102     nan                                None     177.467      73.745     178.696       0.022      77.968       0.022
Gaia DR3 2569749649833924608  30.6882307   8.7234889 15.490  2.806       0.926  62.0791  80.2716    30.19      nan      nan   11.087  nan      nan    nan   1.031     nan                                None     103.932     -13.335     101.794       0.039     -12.995       0.034
Gaia DR3 2898503729621597824  95.6957778 -28.2472729 16.933  3.310       0.819  11.1235  80.2947    47.41      nan      nan    8.924  nan      nan    nan   1.087     nan                                None     -17.055      45.692     -16.840       0.052      44.165       0.058
Gaia DR3 5583048195895121920 103.3880376 -32.3677491 14.549  2.587       2.670  18.3558  80.3100    44.11      nan      nan    9.040  nan      nan    nan   7.959     nan                                None     -30.715      50.938     -31.948       0.134      55.875       0.156
Gaia DR3 6830482410058056192 325.8906676 -19.2074924 17.150  0.444       2.328 103.8829  80.3640   -25.27      nan      nan   15.144  nan      nan    nan   0.999     nan                                None     149.218     -31.700     142.646       0.145     -35.173       0.090
Gaia DR3 3026313950530434432  90.4008982  -0.8528459 18.698  2.951       0.772  26.7639  80.3655    53.87      nan      nan    9.247  nan      nan    nan   2.504     nan                                None      -8.011      -0.496      -9.509       0.711      -0.631       0.620
Gaia DR3 5619019783959059584 114.2348969 -22.1782041  9.802  0.811       0.994  28.4813  80.3694    44.48      nan      nan    9.300  nan      nan    nan   0.973     nan                                None     -50.068      33.338     -50.087       0.012      31.390       0.015
Gaia DR3 3393804134197211520  78.2631375  15.8008546 14.896  3.047       2.515  42.8019  80.3785    51.21      nan      nan    9.882  nan      nan    nan   1.035     nan                                None      15.237     -32.496      11.760       0.042     -36.415       0.028
Gaia DR3 3023164743067199104  85.5732256  -5.1886750 20.824  1.408       1.373  21.6471  80.3997    53.89      nan      nan    9.106  nan      nan    nan   0.901     nan                                None       0.846       7.363       0.982       1.067       4.730       1.641
Gaia DR3 5559212463134091776 105.3475204 -44.2536349 15.272  2.352       2.057  24.9538  80.4005    37.25      nan      nan    9.192  nan      nan    nan   0.961     nan                                None     -34.629      67.512     -38.302       0.025      65.963       0.029
Gaia DR3 3220015944787065088  87.0535292   1.8086870 15.089  2.655       1.453  28.7652  80.4194    53.95      nan      nan    9.305  nan      nan    nan   1.047     nan                                None      -1.875      -5.418       0.824       0.028      -4.503       0.022
Gaia DR3 5501413374541197312 100.0422303 -52.4701029 16.190  2.751       2.895  28.6484  80.4216    32.77      nan      nan    9.301  nan      nan    nan   1.016     nan                                None     -25.642      80.287     -20.158       0.042      81.753       0.045
Gaia DR3 5606246929172178944 107.6697695 -29.7773391 16.425  3.142       2.992  21.6686  80.4339    44.11      nan      nan    9.104  nan      nan    nan   1.719     nan                                None     -38.236      46.129     -32.592       0.116      45.071       0.132
Gaia DR3 3865750362045431168 161.6751346   8.0416346 16.107  3.063       1.003  83.4058  80.4410    13.12      nan      nan   12.925  nan      nan    nan   1.014     nan                                None    -142.670      -7.963    -142.091       0.051      -5.292       0.043
Gaia DR3 3319370907848545024  87.5191358   3.4598058 19.719  2.802       2.208  30.4619  80.4525    53.84      nan      nan    9.358  nan      nan    nan   2.685     nan                                None      -2.752      -8.514      -5.549       1.198      -5.174       1.017
 Gaia DR3 981105087439019392 104.9109990  51.7108191 16.785  0.198       1.626  80.7077  80.5246    30.84      nan      nan   12.646  nan      nan    nan   0.962     nan                                None     -46.606    -108.768     -46.339       0.051    -104.441       0.042
Gaia DR3 3018464154764725632  91.6556526  -6.4289599 10.363  0.877       2.411  21.8087  80.5818    53.54      nan      nan    9.095  nan      nan    nan   0.973     nan                                None     -10.140       9.535     -10.068       0.014       4.913       0.014
Gaia DR3 1774049302609325184 327.1205276  18.1069170  9.048  0.934       2.435 120.9237  80.6311   -25.16      nan      nan   16.992  nan      nan    nan   1.010     nan                                None     169.470      25.501     162.578       0.016      20.156       0.016
 Gaia DR3 642837135401004672 149.9890623  25.2308345 18.106  0.547       2.500  82.6665  80.6465    21.01      nan      nan   12.815  nan      nan    nan   0.981     nan                                None    -131.185     -29.918    -131.488       0.132     -23.171       0.109
Gaia DR3 5860374302957951232 182.6229794 -66.9986690 17.588  3.941       0.064  69.0708  80.6694    -1.45      nan      nan   11.581  nan      nan    nan   1.417     nan                                None    -131.094     -14.933    -131.012       0.183     -14.799       0.185
 Gaia DR3 955890360941281280  94.1997470  37.2751387 18.534  3.718       1.687  64.8181  80.6968    41.91      nan      nan   11.238  nan      nan    nan   1.110     nan                                None     -18.174     -78.762     -16.777       0.436     -75.017       0.315
Gaia DR3 3117604854797727488  96.7188870  -1.5067340 16.086  2.670       0.333  28.3320  80.7084    53.09      nan      nan    9.266  nan      nan    nan   1.002     nan                                None     -19.563       0.665     -19.355       0.047       1.281       0.043
Gaia DR3 3027418891004192768 113.9414265 -16.6223658 17.092  2.940       2.034  30.1442  80.7318    46.04      nan      nan    9.323  nan      nan    nan   1.003     nan                                None     -49.710      24.866     -51.343       0.064      21.217       0.066
Gaia DR3 2927214280329581440 101.3353883 -20.3809409 15.602  2.589       0.477  17.7115  80.7338    49.21      nan      nan    8.993  nan      nan    nan   1.012     nan                                None     -27.030      32.544     -26.827       0.018      31.662       0.029
Gaia DR3 2089141263230027776 300.9753097  51.9535406  9.537  1.279       1.645 142.1524  80.8036   -28.12      nan      nan   19.039  nan      nan    nan  36.856     nan                                None     124.233     137.447     130.050       0.473     140.568       0.474
Gaia DR3 2461893262865811200  32.3910653  -9.9585116 14.492  2.361       2.700  50.7393  80.8073    31.72      nan      nan   10.267  nan      nan    nan   1.136     nan                                None      94.219       9.738      92.575       0.028       4.132       0.020
Gaia DR3 2986562104059657088  77.3514142 -14.8782733 17.157  3.073       2.741  13.0676  80.8800    51.88      nan      nan    8.903  nan      nan    nan   1.019     nan                                None      15.326      23.832      11.596       0.066      20.288       0.059
Gaia DR3 4455569386056643456 236.5369511   9.7420570 11.996  1.908       2.119 149.5768  80.9115   -46.51      nan      nan   19.579  nan      nan    nan   1.192     nan                                None    -109.871      28.557    -101.303       0.017      26.795       0.015
 Gaia DR3 642837139695905024 149.9877653  25.2347868 13.877  2.503       2.926  82.6677  80.9279    21.01      nan      nan   12.765  nan      nan    nan   1.189     nan                                None    -130.670     -29.807    -133.358       0.019     -22.406       0.017
Gaia DR3 1068164624283559168 145.0460837  66.5533496 14.568  2.692       2.170 104.1518  80.9840    10.10      nan      nan   15.021  nan      nan    nan   1.149     nan                                None    -146.721     -82.193    -153.230       0.016     -79.989       0.019
Gaia DR3 3290071220774906496  77.1480777   8.4396597 17.118  3.119       2.025  35.6616  80.9915    52.63      nan      nan    9.503  nan      nan    nan   0.982     nan                                None      16.738     -17.795      20.739       0.095     -18.468       0.073
Gaia DR3 4873810144541947904  73.5228526 -33.0937174 15.909  2.658       2.879  10.5717  81.0439    44.75      nan      nan    8.858  nan      nan    nan   1.055     nan                                None      21.876      52.147      26.757       0.031      49.891       0.044
Gaia DR3 6779389998797683840 310.4544694 -35.4995003 12.855  2.126       2.147 103.4777  81.0505   -30.80      nan      nan   14.930  nan      nan    nan   1.229     nan                                None     119.058     -73.273     114.562       0.022     -78.318       0.018
Gaia DR3 3327620848536613376  98.1772848   9.9130957 18.610  3.527       1.000  39.3925  81.0854    51.84      nan      nan    9.652  nan      nan    nan   0.997     nan                                None     -23.122     -20.628     -23.401       0.242     -18.612       0.208
Gaia DR3 3022439168473818112  86.7589332  -5.2469993 17.561  3.339       2.918  21.7335  81.0948    53.88      nan      nan    9.050  nan      nan    nan   1.009     nan                                None      -1.293       7.422      -3.306       0.116       2.231       0.110
Gaia DR3 3218378497094293376  87.2905788  -0.1820064 16.701  3.232       2.320  26.8224  81.1586    54.01      nan      nan    9.180  nan      nan    nan   1.123     nan                                None      -2.282      -1.713       2.119       0.086      -2.602       0.071
Gaia DR3 2024339105927258240 289.6075614  26.8264015 14.847  3.152       0.513 156.5281  81.2350   -44.66      nan      nan   19.895  nan      nan    nan   2.387     nan                                None      90.639      89.818      89.240       0.037      88.181       0.049
Gaia DR3 2894024594128367616  98.7157117 -30.9377544 15.556  2.560       1.506  14.1581  81.2626    45.74      nan      nan    8.889  nan      nan    nan   1.067     nan                                None     -22.224      49.103     -23.395       0.027      46.536       0.028
Gaia DR3 4527602176665408640 270.3581146  19.3555037 12.567  2.203       1.804 170.1639  81.3079   -51.17      nan      nan   20.420  nan      nan    nan   1.165     nan                                None      17.518      72.606      14.494       0.013      79.757       0.014
Gaia DR3 3851518554118276992 143.6344455   4.9093571 18.308  3.941       1.894  66.3250  81.3391    28.75      nan      nan   11.267  nan      nan    nan   1.375     nan                                None    -108.393      -8.389    -104.674       0.347     -10.922       0.303
Gaia DR3 1017488992353163520 135.4852498  52.9126513 13.807  2.559       1.947  91.6459  81.3444    20.34      nan      nan   13.590  nan      nan    nan  21.240     nan                                None    -117.653     -82.141    -116.972       0.272     -87.679       0.235
Gaia DR3 5583807065073664128 100.4946889 -32.0633563 11.288  1.245       2.711  15.9066  81.3540    44.89      nan      nan    8.910  nan      nan    nan   1.399     nan                                None     -25.341      50.507     -26.464       0.020      55.473       0.020
Gaia DR3 3095971585563067904 120.2121128   5.7878648 19.150  3.632       1.645  48.3272  81.4438    44.36      nan      nan   10.060  nan      nan    nan   0.999     nan                                None     -64.385     -11.794     -67.808       0.354     -11.119       0.254
Gaia DR3 5682083510308814208 142.2369037 -17.0244087 13.454  2.083       1.469  55.1144  81.4589    29.04      nan      nan   10.461  nan      nan    nan   1.113     nan                                None     -99.045      17.187    -100.375       0.014      14.234       0.011
Gaia DR3 3155710801076572672 109.8361883   9.6239175 18.472  3.817       1.620  44.5652  81.4708    48.55      nan      nan    9.859  nan      nan    nan   1.020     nan                                None     -45.326     -19.350     -48.588       0.248     -20.187       0.193
Gaia DR3 1041798610328577280 127.3393836  60.4829562 15.764  2.748       1.384  94.3098  81.5270    19.07      nan      nan   13.831  nan      nan    nan   1.018     nan                                None    -104.011    -104.549    -100.382       0.027    -106.317       0.027
Gaia DR3 2849325323287128448   4.3882809  24.6677765 10.532  1.179       2.001  91.7851  81.5626     6.69      nan      nan   13.560  nan      nan    nan   1.002     nan                                None     152.879     -12.108     147.176       0.016     -11.662       0.019
Gaia DR3 1823432797925676288 301.3839911  19.9394869 11.986  1.928       0.763 144.4853  81.5886   -41.78      nan      nan   18.939  nan      nan    nan   1.049     nan                                None     124.836      56.065     126.464       0.013      53.489       0.011
Gaia DR3 4098756942114486784 281.3538226 -17.5363804 14.719  2.790       2.808 132.3846  81.6035   -49.36      nan      nan   17.866  nan      nan    nan   1.035     nan                                None      53.765     -62.958      47.148       0.031     -54.707       0.024
Gaia DR3 3317187376538794880  91.9979211   3.1100226 18.018  3.730       1.883  31.0028  81.6098    53.59      nan      nan    9.274  nan      nan    nan   1.012     nan                                None     -10.968      -7.765     -12.369       0.162      -4.361       0.135
Gaia DR3 2927214280329580928 101.3346989 -20.3796783 17.110  3.053       0.382  17.7114  81.6127    49.21      nan      nan    8.922  nan      nan    nan   1.007     nan                                None     -26.816      32.285     -27.342       0.040      31.795       0.063
Gaia DR3 3305934291641869824  66.9934492  10.4802838 18.163  3.445       2.066  40.4221  81.7259    50.01      nan      nan    9.636  nan      nan    nan   0.990     nan                                None      35.832     -20.990      34.259       0.234     -24.881       0.164
Gaia DR3 4872687749328141312  66.5459295 -31.5171091 17.734  0.025       2.836  15.3561  81.7431    43.96      nan      nan    8.870  nan      nan    nan   1.032     nan                                None      33.727      48.119      38.147       0.069      51.050       0.090
Gaia DR3 4131855643673923456 249.3555980 -18.2016177 20.501  2.603       1.614 133.0888  81.7749   -48.82      nan      nan   17.876  nan      nan    nan   1.133     nan                                None     -58.482     -64.731     -53.496       1.385     -68.212       0.833
Gaia DR3 3247967179631957248  54.1811660  -4.9883214 14.571  2.437       2.686  35.2466  81.7811    45.80      nan      nan    9.414  nan      nan    nan   1.063     nan                                None      56.619       5.833      51.292       0.048       5.640       0.030
Gaia DR3 3342364582203909120  91.2805930  11.8037222 19.923  1.278       0.924  39.3058  81.8323    52.44      nan      nan    9.576  nan      nan    nan   0.976     nan                                None      -9.966     -24.316     -10.002       0.519     -22.452       0.408
Gaia DR3 3026261345771189248  89.1975041  -0.9696298 20.867  2.076       2.973  26.3770  81.8415    53.94      nan      nan    9.109  nan      nan    nan   1.426     nan                                None      -5.717      -0.275      -0.498       2.456      -2.591       1.861
Gaia DR3 2949338481503904640 104.4347670 -13.8944627 15.623  2.769       2.420  23.5738  81.8447    50.01      nan      nan    9.033  nan      nan    nan  12.383     nan                                None     -32.481      21.501     -33.589       0.540      17.028       0.498
Gaia DR3 3092993901915593984 125.7582379   4.3438809 10.609  1.041       2.883  51.4873  81.9831    41.35      nan      nan   10.181  nan      nan    nan   0.954     nan                                None     -74.130      -9.020     -67.951       0.019      -9.325       0.015
Gaia DR3 5217205870919456896 133.6118469 -73.6901519 12.577  1.689       1.227  53.7240  81.9988    11.25      nan      nan   10.313  nan      nan    nan   1.210     nan                                None     -86.735      75.444     -88.994       0.012      74.023       0.012
Gaia DR3 3391860983618079488  77.1635669  13.9662519  8.798  0.740       1.922  41.1203  82.0028    51.54      nan      nan    9.641  nan      nan    nan   0.926     nan                                None      16.952     -28.281      13.146       0.025     -27.404       0.018
Gaia DR3 3421838515313323392  77.5222364  27.1196021 13.671  2.423       2.884  54.1265  82.0328    47.07      nan      nan   10.333  nan      nan    nan   3.911     nan                                None      17.441     -55.131      20.372       0.062     -49.574       0.045
Gaia DR3 3342290433891605504  91.6150730  11.4256827 12.400  1.729       2.985  39.0015  82.0345    52.49      nan      nan    9.544  nan      nan    nan  16.055     nan                                None     -10.564     -23.525     -15.904       0.246     -20.776       0.189
Gaia DR3 3310419440089510912  65.4140694  13.6514329 14.643  2.447       2.968  43.9445  82.0537    48.88      nan      nan    9.770  nan      nan    nan   1.022     nan                                None      39.215     -26.704      34.581       0.033     -22.720       0.021
Gaia DR3 3217900754997543936  86.8449796  -1.8295137 20.480  2.412       2.212  25.1298  82.0910    54.02      nan      nan    9.054  nan      nan    nan   1.175     nan                                None      -1.449       1.277      -3.731       0.817      -2.275       0.635
Gaia DR3 3295260503341106048  73.7447947  11.9420679  9.480  0.711       2.304  39.7577  82.1239    51.42      nan      nan    9.569  nan      nan    nan   1.054     nan                                None      23.219     -24.129      25.061       0.022     -28.395       0.018
Gaia DR3 5602820095024951168 106.3204891 -34.1431386  7.557  0.659       2.997  21.1556  82.1611    42.53      nan      nan    8.949  nan      nan    nan   7.366     nan                                None     -35.346      52.037     -40.237       0.447      49.201       0.541
 Gaia DR3 178652158271532544  69.8377847  38.6851932 14.219  2.354       2.447  66.6050  82.2708    39.83      nan      nan   11.163  nan      nan    nan   1.077     nan                                None      35.493     -78.287      29.738       0.029     -78.053       0.022
Gaia DR3 3115356594033187072 108.2440366   3.3175903 15.316  2.413       2.835  38.5297  82.2711    49.87      nan      nan    9.502  nan      nan    nan   7.037     nan                                None     -40.915      -7.914     -41.929       0.330     -13.502       0.350
Gaia DR3 2133129184401966336 289.2739123  50.7249809 11.470  1.836       2.207 148.9029  82.2787   -32.24      nan      nan   19.012  nan      nan    nan   1.051     nan                                None      85.458     151.420      83.464       0.017     142.801       0.016
Gaia DR3 5332179774613458560 135.0194678 -42.6204507 19.644  0.764       1.999  44.6508  82.2995    26.80      nan      nan    9.780  nan      nan    nan   1.149     nan                                None     -84.077      47.923     -88.192       0.346      48.131       0.381
Gaia DR3 5243178156637779840 151.1919423 -69.2427555 16.278  2.882       2.268  57.3517  82.3715     9.03      nan      nan   10.498  nan      nan    nan   1.026     nan                                None    -108.547      46.176    -107.995       0.043      41.188       0.040
Gaia DR3 4367963155711852800 258.6864726  -1.8495194 20.693  1.521       2.926 151.0866  82.3800   -53.51      nan      nan   19.121  nan      nan    nan   1.839     nan                                None     -27.889     -11.232     -16.251       2.292     -13.159       1.272
  Gaia DR3 66762178537698560  57.4600269  24.7635125 15.099  2.613       2.109  57.1948  82.3910    42.63      nan      nan   10.486  nan      nan    nan   1.057     nan                                None      57.158     -46.070      59.465       0.035     -42.018       0.023
Gaia DR3 2893790707389100160  98.8872252 -31.2979523 13.993  2.324       1.881  14.3878  82.4366    45.55      nan      nan    8.800  nan      nan    nan   9.165     nan                                None     -22.295      49.111     -18.965       0.111      48.063       0.116
Gaia DR3 3220470627202953984  81.0757901  -0.9409775 17.330  3.088       2.758  25.8689  82.4556    53.82      nan      nan    9.044  nan      nan    nan   1.036     nan                                None       8.918      -0.328       3.779       0.079      -1.436       0.059
Gaia DR3 2954010065892549632 101.6403818 -11.0606062 17.435  3.142       1.911  23.3372  82.4723    51.26      nan      nan    8.976  nan      nan    nan   1.003     nan                                None     -27.504      16.936     -29.708       0.106      19.804       0.100
Gaia DR3 3122301212556143872  92.3891753  -0.1691012 12.856  1.789       2.924  27.9671  82.4860    53.69      nan      nan    9.102  nan      nan    nan   6.547     nan                                None     -11.468      -1.723     -16.763       0.106       0.129       0.098
Gaia DR3 3180416105799554944  73.9083616 -12.1481615 10.275  0.904       1.333  17.0228  82.5626    51.85      nan      nan    8.834  nan      nan    nan   0.972     nan                                None      21.155      18.785      18.792       0.015      19.547       0.013
Gaia DR3 6635848721435742080 274.3417030 -59.1220802 13.228  2.141       0.657  93.6640  82.5805   -26.52      nan      nan   13.549  nan      nan    nan   1.041     nan                                None      22.290    -132.664      20.677       0.009    -133.625       0.008
Gaia DR3 5196418675881798784 124.0404789 -81.0524604 15.337  2.521       1.790  56.6725  82.6152     7.66      nan      nan   10.426  nan      nan    nan   0.994     nan                                None     -73.142      92.117     -76.834       0.033      90.761       0.028
Gaia DR3 3024177766939468288  90.2150471  -4.5181281 18.328  3.565       1.547  23.1763  82.6456    53.79      nan      nan    8.958  nan      nan    nan   0.953     nan                                None      -7.430       6.030      -6.570       0.190       8.822       0.180
Gaia DR3 3155303805680810496 109.6051729   9.0930638 18.728  4.265       1.384  43.9991  82.6639    48.72      nan      nan    9.712  nan      nan    nan   1.028     nan                                None     -44.242     -18.167     -43.524       0.269     -20.908       0.235
Gaia DR3 5061945375851291136  50.9343083 -25.4813070 20.717  2.295       1.955  28.9862  82.6823    40.35      nan      nan    9.116  nan      nan    nan   1.755     nan                                None      59.738      34.726      57.178       1.011      31.977       1.376
Gaia DR3 4737625768196361600  50.8976497 -49.2901297 13.520  2.021       0.950  33.6019  82.6837    29.61      nan      nan    9.271  nan      nan    nan   1.088     nan                                None      60.809      64.135      58.997       0.012      64.537       0.014
Gaia DR3 5791196364200501248 207.8467485 -74.1615948 16.484  3.063       2.928  72.8861  82.6884    -6.75      nan      nan   11.603  nan      nan    nan   0.986     nan                                None    -112.358     -67.742    -111.525       0.044     -74.856       0.049
Gaia DR3 3257271006509333504  58.0715042  -0.6556032  6.789  0.280       1.487  35.5819  82.7483    47.72      nan      nan    9.339  nan      nan    nan   0.981     nan                                None      49.909      -1.005      47.856       0.027       1.083       0.023
Gaia DR3 5770891094549902976 202.2565578 -83.4080946 17.397  3.185       1.691  66.6075  82.7789    -1.69      nan      nan   11.096  nan      nan    nan   0.936     nan                                None    -113.425     -55.766    -117.281       0.091     -54.885       0.085
Gaia DR3 3419597263945853952  74.8796175  24.7373325 12.367  1.662       2.761  52.0943  82.7998    47.69      nan      nan   10.128  nan      nan    nan   1.021     nan                                None      22.337     -49.426      22.280       0.016     -55.321       0.012
Gaia DR3 5440322927954749440 146.4628978 -30.4169583 14.171  2.420       2.980  54.8977  82.8140    23.53      nan      nan   10.293  nan      nan    nan   1.105     nan                                None    -102.000      27.332    -108.463       0.016      27.120       0.015
Gaia DR3 3413899392822897536  79.5104919  20.5969918 18.616    nan       2.528  47.4609  82.8318    49.86      nan      nan    9.869  nan      nan    nan   1.010     nan                                None      12.789     -41.363      17.620       0.317     -39.283       0.181
Gaia DR3 1008997257894062720 136.2072753  43.4561929  7.504  0.576       2.226  85.3277  82.8590    24.39      nan      nan   12.679  nan      nan    nan   1.125     nan                                None    -110.944     -65.702    -107.289       0.026     -61.005       0.023
 Gaia DR3 674295159504572160 119.4416296  22.3942525 18.481  3.687       1.523  60.3091  82.8602    41.29      nan      nan   10.636  nan      nan    nan   1.026     nan                                None     -66.716     -40.736     -68.998       0.188     -38.197       0.125
Gaia DR3 6139560886691831040 192.0664532 -42.8734419  9.405  0.818       1.575  84.5462  82.8823   -10.21      nan      nan   12.602  nan      nan    nan   4.637     nan                                None    -138.010     -29.029    -134.133       0.062     -30.600       0.055
Gaia DR3 3419808305748795520  74.5392567  25.0501962  5.782  0.014       1.540  52.4546  82.8989    47.51      nan      nan   10.138  nan      nan    nan   0.893     nan                                None      23.033     -49.975      25.099       0.053     -47.413       0.038
Gaia DR3 3320505122810910208  86.1773177   4.8176406 14.581  1.174       1.545  31.6668  82.9040    53.74      nan      nan    9.184  nan      nan    nan   5.336     nan                                None      -0.250     -10.828       0.684       0.521      -7.986       0.419
Gaia DR3 1658970636075249664 205.5277073  58.2186137 16.438  3.456       2.442 129.2976  82.9322   -14.90      nan      nan   17.143  nan      nan    nan   1.059     nan                                None    -170.035      79.723    -177.775       0.051      83.966       0.051
Gaia DR3 1779429487882116736 328.8075645  18.8786184 15.667  2.960       2.608 119.7002  82.9526   -23.73      nan      nan   16.182  nan      nan    nan   1.006     nan                                None     163.948      23.890     158.542       0.042      30.957       0.037
 Gaia DR3 614377827399807872 146.9929489  13.2519395 16.100  2.825       2.959  73.6324  82.9765    25.29      nan      nan   11.623  nan      nan    nan   1.069     nan                                None    -115.778     -17.260    -113.500       0.054     -10.378       0.040
Gaia DR3 5370615127713831680 179.1281273 -50.7597365  9.040  0.839       2.492  73.1055  83.0352    -1.02      nan      nan   11.571  nan      nan    nan   1.147     nan                                None    -131.653      -7.131    -125.983       0.013      -4.942       0.012
Gaia DR3 2973774057978191488  72.2181130 -21.5950399 19.856  3.153       2.579  11.3054  83.0367    49.16      nan      nan    8.712  nan      nan    nan   1.057     nan                                None      23.717      33.674      21.005       0.297      29.790       0.341
 Gaia DR3 733419305638915072 164.9289169  30.4567156 16.212  3.188       1.334  96.6764  83.0507     8.44      nan      nan   13.760  nan      nan    nan   1.122     nan                                None    -153.849     -17.959    -149.983       0.050     -18.118       0.050
Gaia DR3 3210094570333853952  80.9425425  -5.1488702 15.930  2.784       0.787  21.6890  83.0588    53.68      nan      nan    8.889  nan      nan    nan   1.065     nan                                None       9.001       7.082       9.907       0.035       8.246       0.031
Gaia DR3 3385225607039933056 103.6451652  27.4460149 14.982  2.534       2.933  57.6027  83.1171    45.20      nan      nan   10.428  nan      nan    nan   1.233     nan                                None     -35.937     -54.262     -42.371       0.037     -53.860       0.031
Gaia DR3 2342950431437115520  11.9907745 -26.6445889 13.929  2.127       1.087  62.7479  83.1356    13.74      nan      nan   10.770  nan      nan    nan   1.177     nan                                None     117.995      12.979     116.157       0.023      11.331       0.019
Gaia DR3 3831963881551912576 152.9474542   0.8307332 10.416  1.077       1.218  72.3234  83.1373    21.17      nan      nan   11.492  nan      nan    nan   1.190     nan                                None    -120.459      -3.305    -117.754       0.018      -4.483       0.019
Gaia DR3 5914216597066130304 258.5285378 -60.2441600 10.632  1.376       1.381  92.9450  83.2292   -25.66      nan      nan   13.349  nan      nan    nan   2.085     nan                                None     -19.886    -132.397     -16.001       0.027    -132.492       0.024
Gaia DR3 3067230385973603328 121.5425424  -5.4970166 13.774  2.124       2.876  42.1781  83.2806    43.87      nan      nan    9.567  nan      nan    nan   1.182     nan                                None     -63.308       6.380     -68.672       0.020       4.172       0.012
Gaia DR3 6038977391190260608 245.0256985 -28.8201937 13.321  2.420       2.556 121.7650  83.3290   -43.67      nan      nan   16.286  nan      nan    nan   1.138     nan                                None     -66.549     -86.687     -69.141       0.021     -78.305       0.014
Gaia DR3 4474139729431304960 265.9522099   6.0239320 16.688  3.693       1.989 159.1428  83.3322   -53.83      nan      nan   19.219  nan      nan    nan   1.016     nan                                None      -0.337      18.724      -8.382       0.055      18.267       0.045
 Gaia DR3 186484804228899328  76.6765656  36.7289777 17.694  3.263       1.888  63.7556  83.3414    42.08      nan      nan   10.815  nan      nan    nan   0.995     nan                                None      20.051     -74.648      24.017       0.234     -76.321       0.128
Gaia DR3 3376423329265861120  96.1376343  22.4171145 13.638  2.175       1.170  50.6940  83.3686    48.76      nan      nan    9.988  nan      nan    nan   1.049     nan                                None     -19.953     -44.785     -20.529       0.021     -47.181       0.016
Gaia DR3 3177199690690770944  65.2058405 -12.5978429 16.793  3.020       2.395  22.0587  83.3687    49.50      nan      nan    8.873  nan      nan    nan   1.073     nan                                None      35.961      18.681      39.066       0.060      21.910       0.055
 Gaia DR3 891503063096471808 105.7438923  33.9615810 19.020  3.520       2.369  64.3204  83.3782    41.59      nan      nan   10.851  nan      nan    nan   1.430     nan                                None     -41.686     -67.031     -40.180       0.360     -72.238       0.312
Gaia DR3 2912073867771370496  92.5271111 -25.4155013 15.681  2.740       1.607   8.4162  83.3793    48.93      nan      nan    8.657  nan      nan    nan   1.056     nan                                None     -11.144      40.322     -11.174       0.023      43.255       0.033
Gaia DR3 2849027969815992832   2.4377888  23.9431385 16.517  3.444       2.467  93.0051  83.3892     5.07      nan      nan   13.324  nan      nan    nan   1.082     nan                                None     150.880      -9.578     147.426       0.068      -3.570       0.075
Gaia DR3 6182231352416663424 201.4348831 -29.3082157 14.426  2.582       2.820  98.4827  83.4072   -19.68      nan      nan   13.870  nan      nan    nan   1.064     nan                                None    -142.769     -35.871    -135.374       0.025     -39.521       0.019
Gaia DR3 3346819489786447360  88.5516636  13.8593787 10.299  0.888       1.699  40.9065  83.4338    52.14      nan      nan    9.496  nan      nan    nan   1.052     nan                                None      -4.741     -27.948      -1.364       0.020     -28.361       0.015
Gaia DR3 4733480334480780288  50.1737476 -55.8704335 15.945    nan       1.189  37.6203  83.4570    25.43      nan      nan    9.356  nan      nan    nan   0.996     nan                                None      62.460      70.342      60.389       0.178      71.443       0.209
Gaia DR3 3454458486988194304  88.1626397  34.2684034  7.371  0.517       2.633  61.1684  83.4930    44.01      nan      nan   10.618  nan      nan    nan   4.974     nan                                None      -4.480     -70.032      -1.973       0.121     -64.698       0.097
Gaia DR3 3188369281424248576  72.0198999  -5.8023152 17.794  3.237       2.777  23.5089  83.5358    52.25      nan      nan    8.894  nan      nan    nan   1.047     nan                                None      24.553       7.969      20.172       0.144      10.784       0.120
Gaia DR3 3294479781366387072  72.6153597  10.3317032 13.921  2.069       0.778  38.4727  83.5458    51.50      nan      nan    9.382  nan      nan    nan   1.980     nan                                None      24.821     -20.706      26.041       0.053     -19.769       0.044
Gaia DR3 3074769943360948480 133.2841725   0.5456931 17.610  3.394       2.239  55.2748  83.6106    36.66      nan      nan   10.227  nan      nan    nan   1.008     nan                                None     -85.566      -3.032     -87.927       0.124      -7.243       0.105
Gaia DR3 1674198975199225344 214.4900594  70.5302967 13.204  2.390       1.210 128.3273  83.6251   -12.19      nan      nan   16.841  nan      nan    nan   1.175     nan                                None    -150.282     111.251    -150.502       0.015     106.962       0.015
Gaia DR3 2849027974110438272   2.4425891  23.9434855 16.321  3.076       2.812  93.0014  83.6256     5.08      nan      nan   13.278  nan      nan    nan   1.022     nan                                None     150.360      -9.551     147.147       0.053      -2.365       0.061
Gaia DR3 6038980449202139264 245.0155462 -28.7894804 18.309  4.397       2.410 121.7911  83.6489   -43.68      nan      nan   16.199  nan      nan    nan   1.109     nan                                None     -66.224     -86.139     -68.729       0.312     -78.300       0.196
Gaia DR3 3311197172766974848  66.3541758  15.2111707 20.662  0.876       2.561  45.0398  83.6636    48.80      nan      nan    9.665  nan      nan    nan   1.034     nan                                None      37.098     -29.284      35.484       2.307     -34.245       1.695
Gaia DR3 3321950121610207616  89.8348186   6.7570425 14.912  3.157       2.019  34.0803  83.6692    53.40      nan      nan    9.202  nan      nan    nan   2.555     nan                                None      -6.939     -14.346      -9.992       0.083     -11.894       0.065
Gaia DR3 6465496123602786560 324.1092471 -52.3343279 18.533  4.127       2.759  84.8342  83.6741   -16.62      nan      nan   12.493  nan      nan    nan   1.018     nan                                None     120.813     -61.300     117.394       0.177     -54.889       0.151
Gaia DR3 4170583776094715520 270.7705506  -8.1805199  5.126  0.520       1.611 144.3450  83.6793   -53.13      nan      nan   18.188  nan      nan    nan   1.662     nan                                None      17.090     -33.400      12.654       0.136     -37.697       0.104
Gaia DR3 3183815692673810688  75.7603787  -8.3027423 17.634  3.361       1.725  19.7492  83.7206    52.74      nan      nan    8.795  nan      nan    nan   2.201     nan                                None      17.885      12.301      16.530       0.321       9.405       0.297
Gaia DR3 4093378023805701248 279.1691402 -18.4147843 12.449  2.334       1.633 132.2969  83.7300   -49.58      nan      nan   17.176  nan      nan    nan   4.381     nan                                None      44.454     -63.839      49.920       0.082     -61.579       0.070
Gaia DR3 5980602119976378368 257.5959545 -31.1500013 15.599  2.920       0.728 121.8732  83.7323   -45.18      nan      nan   16.184  nan      nan    nan   1.032     nan                                None     -27.081     -97.445     -25.997       0.055     -99.679       0.037
Gaia DR3 6358028727529177600 328.0916035 -76.3342313 17.192  3.209       2.354  69.6847  83.7431    -4.96      nan      nan   11.201  nan      nan    nan   1.018     nan                                None     112.742     -58.713     116.384       0.067     -62.911       0.065
Gaia DR3 1100175462217528064 104.0297426  63.2980418  9.746  0.943       1.341  91.5152  83.7493    22.14      nan      nan   13.110  nan      nan    nan   1.034     nan                                None     -46.137    -128.245     -45.462       0.014    -124.601       0.013
Gaia DR3 4846438249244582400  52.7321727 -46.4015278 17.398  3.273       1.966  31.1106  83.7510    31.90      nan      nan    9.093  nan      nan    nan   1.026     nan                                None      56.901      61.315      57.561       0.064      57.604       0.079
Gaia DR3 3024075825890685568  87.6604038  -2.9747547 19.554  1.731       2.380  24.1189  83.7553    53.98      nan      nan    8.892  nan      nan    nan   3.922     nan                                None      -2.864       3.278       0.555       1.273       0.411       1.234
Gaia DR3 6205196439472086912 222.6597320 -32.8907829 15.528  2.902       2.987 108.9766  83.7676   -32.39      nan      nan   14.865  nan      nan    nan   1.218     nan                                None    -116.342     -69.635    -114.741       0.059     -78.857       0.050
Gaia DR3 3772116570299089408 150.8338466  -8.6670725 15.394  2.571       2.840  66.1246  83.7740    22.90      nan      nan   10.931  nan      nan    nan   0.993     nan                                None    -112.690       5.586    -106.412       0.037       7.436       0.031
Gaia DR3 2989056140028806016  79.2501566 -12.1721803 20.906  2.176       1.488  15.0335  83.8459    52.65      nan      nan    8.701  nan      nan    nan   1.971     nan                                None      11.723      18.864      12.463       2.017      16.237       1.477
Gaia DR3 1996991606023234816 351.6810208  56.0648469 17.069  3.567       2.604 112.7627  83.8552    -3.17      nan      nan   15.232  nan      nan    nan   1.079     nan                                None     173.065       9.052     170.485       0.069      17.007       0.060
Gaia DR3 5594731258559574784 116.7934276 -33.0044245 20.193  2.753       1.234  29.6115  83.8596    39.50      nan      nan    9.037  nan      nan    nan   1.076     nan                                None     -52.653      46.513     -50.399       0.456      47.183       0.557
Gaia DR3 3189078711238679552  61.9762006 -12.5185108 12.935  1.776       2.247  24.5086  83.8888    48.38      nan      nan    8.891  nan      nan    nan   1.032     nan                                None      41.310      18.117      45.220       0.014      19.682       0.013
Gaia DR3 3216793963399145344  82.5549591  -2.9319492 20.828  1.683       2.681  23.8017  83.9374    53.90      nan      nan    8.869  nan      nan    nan   1.188     nan                                None       6.144       3.187       2.256       1.937       0.024       1.160
Gaia DR3 5641562383659676544 133.9919982 -29.8314281 10.780  1.108       2.434  44.4204  84.0223    31.91      nan      nan    9.600  nan      nan    nan   2.667     nan                                None     -81.234      34.592     -85.774       0.021      32.679       0.029
Gaia DR3 2318510109016039936   6.4056829 -30.6121919 16.078  2.909       2.299  66.1905  84.0484     8.90      nan      nan   10.900  nan      nan    nan   1.144     nan                                None     122.179       9.290     118.042       0.053      12.576       0.059
Gaia DR3 3830232837932583680 152.2258339  -0.5332904 12.728  1.918       2.648  71.0410  84.0648    21.82      nan      nan   11.262  nan      nan    nan  11.044     nan                                None    -117.397      -2.026    -112.451       0.204      -5.908       0.190
Gaia DR3 5284060988261755008  92.9805597 -66.6893075 15.850  2.714       1.523  40.4151  84.1604    22.19      nan      nan    9.407  nan      nan    nan   1.076     nan                                None     -12.953      96.894      -9.945       0.033      97.167       0.042
Gaia DR3 4456678247830478080 240.8432207  10.7927077 15.669  3.150       0.819 153.5390  84.1678   -48.21      nan      nan   18.623  nan      nan    nan   1.110     nan                                None     -90.344      31.881     -88.291       0.037      29.407       0.031
Gaia DR3 6190722571479242112 204.8235191 -25.1078366 18.231  3.672       2.105 103.4401  84.1721   -23.10      nan      nan   14.209  nan      nan    nan   1.097     nan                                None    -141.901     -35.945    -139.705       0.206     -30.036       0.195
Gaia DR3 5258664915359804800 154.6868002 -57.8214685 13.650  2.100       2.280  57.8460  84.1876    11.37      nan      nan   10.321  nan      nan    nan   1.063     nan                                None    -109.530      35.020    -106.749       0.014      39.128       0.013
Gaia DR3 3017443021997657088  89.8987370  -9.1580425 11.941  1.351       2.021  18.6527  84.2715    53.37      nan      nan    8.731  nan      nan    nan   1.436     nan                                None      -6.694      13.878      -8.914       0.017      10.894       0.015
Gaia DR3 2542396514955104128   8.6492295  -1.6003205 17.061  3.294       2.941  75.5606  84.2746    11.82      nan      nan   11.592  nan      nan    nan   1.006     nan                                None     128.906      -1.776     121.993       0.094      -3.745       0.082
Gaia DR3 5654957149701535744 136.2209179 -22.4034498 18.145  3.611       2.254  48.0174  84.2772    32.38      nan      nan    9.753  nan      nan    nan   0.990     nan                                None     -85.354      25.114     -87.190       0.139      20.858       0.118
Gaia DR3 2353281408330267136  20.6101015 -21.1186629 12.567  1.749       1.399  56.9961  84.2958    21.33      nan      nan   10.256  nan      nan    nan   1.122     nan                                None     106.284      15.377     103.587       0.018      16.747       0.012
Gaia DR3 5988044782808828928 236.9493521 -45.7275790 14.288  2.296       2.051 103.7023  84.3195   -32.19      nan      nan   14.203  nan      nan    nan   1.070     nan                                None     -78.686    -103.472     -73.904       0.024    -107.325       0.020
 Gaia DR3 507347929588171904  33.5668296  60.0808274 17.443  3.796       2.402  95.8330  84.3340    15.50      nan      nan   13.419  nan      nan    nan   0.940     nan                                None     121.262     -82.215     125.206       0.081     -87.748       0.096
Gaia DR3 3312126088294102656  64.1319502  15.3200711 15.225  2.911       2.853  45.9708  84.3486    48.06      nan      nan    9.644  nan      nan    nan   1.196     nan                                None      41.001     -29.008      35.320       0.048     -27.841       0.036
Gaia DR3 3402063184510743168  82.4274320  20.4867380 16.278  3.761       1.204  47.2176  84.4111    50.13      nan      nan    9.699  nan      nan    nan   0.955     nan                                None       6.964     -40.627       6.481       0.070     -38.214       0.048
Gaia DR3 4847608095256705920  51.4580537 -44.2355121 11.746  1.282       2.860  30.9597  84.4608    32.60      nan      nan    9.029  nan      nan    nan   0.878     nan                                None      58.396      57.650      53.089       0.011      56.440       0.015
 Gaia DR3 200215020105000576  72.2827619  40.2860055 16.525  3.221       1.167  67.7849  84.4819    39.34      nan      nan   10.961  nan      nan    nan   1.073     nan                                None      29.702     -80.304      28.504       0.074     -82.719       0.060
 Gaia DR3 785132395510671488 168.4498588  45.1340248 14.686  2.692       2.524 105.4136  84.4980     4.29      nan      nan   14.336  nan      nan    nan   1.096     nan                                None    -161.920     -17.546    -155.078       0.013     -14.174       0.020
 Gaia DR3 184894326302449280  76.6502438  34.2937602 13.605  2.239       2.857  61.3393  84.5213    43.43      nan      nan   10.507  nan      nan    nan   1.376     nan                                None      19.534     -68.488      24.300       0.022     -64.324       0.016
Gaia DR3 3906936487074077312 186.0686800  10.2919046  9.476  0.962       2.024 105.9641  84.5875    -9.44      nan      nan   14.371  nan      nan    nan   2.003     nan                                None    -161.252       1.945    -159.005       0.044      -3.760       0.040
 Gaia DR3 155138930312875520  73.0521062  28.5651214 10.405  0.952       1.651  56.1515  84.5890    45.72      nan      nan   10.173  nan      nan    nan   1.022     nan                                None      26.052     -55.997      24.008       0.022     -58.888       0.015
Gaia DR3 3441032144341561600  83.7222887  25.3355548 15.584    nan       2.537  52.0612  84.6163    48.33      nan      nan    9.934  nan      nan    nan   1.143     nan                                None       4.578     -50.397       9.884       0.193     -50.099       0.130
Gaia DR3 2997360854433480448  90.4130921 -13.3658304 17.312  2.965       1.675  14.9393  84.6354    52.64      nan      nan    8.640  nan      nan    nan   0.924     nan                                None      -7.506      20.820      -5.513       0.067      18.511       0.071
  Gaia DR3 56944570492953216  54.7036582  18.9129793 14.453  2.450       1.752  53.3913  84.6427    43.30      nan      nan   10.006  nan      nan    nan   1.098     nan                                None      59.293     -33.672      62.245       0.038     -31.449       0.025
Gaia DR3 2302281867145206912 294.8545725  84.2390299 19.367  3.542       1.386 121.5871  84.6502    -5.80      nan      nan   15.906  nan      nan    nan   1.081     nan                                None      87.354     157.645      88.414       0.341     162.170       0.315
Gaia DR3 5248015870359842560 139.8768834 -66.4462845 10.058  0.920       2.561  52.5069  84.6601    13.71      nan      nan    9.954  nan      nan    nan   0.844     nan                                None     -91.569      60.467     -95.041       0.015      64.569       0.012
Gaia DR3 1191995197217856896 240.5639892  14.3989499 15.997  3.153       0.960 155.4926  84.6727   -47.49      nan      nan   18.553  nan      nan    nan   1.023     nan                                None     -90.935      43.456     -92.001       0.040      47.056       0.036
Gaia DR3 2452563494387649280  24.2556035 -15.9440266 14.030  2.444       2.803  55.5504  84.6990    24.85      nan      nan   10.125  nan      nan    nan   1.294     nan                                None     101.660      12.814      97.777       0.023       8.264       0.019
Gaia DR3 3324687488952340992  97.5884652   7.7449588 11.874  1.385       2.846  37.1612  84.7113    52.30      nan      nan    9.226  nan      nan    nan   1.066     nan                                None     -21.046     -15.917     -23.969       0.017     -11.216       0.013
Gaia DR3 6376893151606709760 312.8590330 -68.0553254 17.814  3.597       2.454  78.4206  84.7166   -12.83      nan      nan   11.764  nan      nan    nan   0.968     nan                                None      97.746     -86.063      94.623       0.079     -80.840       0.109
Gaia DR3 4459555738480632320 248.8691908  12.2111569 16.653  3.456       0.756 160.1637  84.7350   -50.66      nan      nan   18.755  nan      nan    nan   1.008     nan                                None     -63.092      39.103     -66.069       0.045      38.848       0.037
Gaia DR3 3209571920059190272  83.9176372  -4.8517099 13.119  1.727       2.100  21.8809  84.7513    53.87      nan      nan    8.760  nan      nan    nan   1.190     nan                                None       3.698       6.492       0.202       0.015       8.175       0.012
 Gaia DR3 185232765429382016  77.0996884  34.5489114 19.549  3.244       2.792  61.5508  84.8125    43.35      nan      nan   10.487  nan      nan    nan   1.292     nan                                None      18.571     -68.868      19.650       0.621     -62.790       0.402
Gaia DR3 3214307761450923264  80.2488489  -2.1934167 20.713  1.362       2.622  24.7010  84.8341    53.74      nan      nan    8.821  nan      nan    nan   1.330     nan                                None      10.142       1.864       8.012       1.859       6.248       2.008
Gaia DR3 5653868255235034496 132.7758958 -23.6335286 14.799  2.824       2.271  44.6326  84.8463    34.34      nan      nan    9.532  nan      nan    nan  14.872     nan                                None     -79.093      27.897     -77.129       0.299      32.017       0.304
Gaia DR3 3191232207840422400  64.8940718 -10.5759864  8.800  0.603       0.959  23.6833  84.8496    49.72      nan      nan    8.794  nan      nan    nan   1.235     nan                                None      36.151      15.228      35.637       0.018      13.526       0.018
Gaia DR3 6030981777027394560 251.3671526 -30.5354022 13.607  2.301       2.940 121.6211  84.8737   -44.47      nan      nan   15.850  nan      nan    nan   1.037     nan                                None     -45.747     -91.807     -37.296       0.028     -86.797       0.021
Gaia DR3 3679772436973461248 188.1917015  -5.9612980 11.846  1.554       1.325 100.4897  84.8883   -11.20      nan      nan   13.764  nan      nan    nan   1.075     nan                                None    -153.321      -6.478    -155.039       0.020      -9.917       0.015
Gaia DR3 3084184614753292800 119.1598023   0.0941293 14.996  2.673       2.549  43.7086  84.8980    45.24      nan      nan    9.485  nan      nan    nan   1.188     nan                                None     -59.050      -2.262     -62.856       0.032       1.127       0.022
Gaia DR3 6246522580436413056 239.1197535 -21.5358608 13.129  2.530       2.490 126.3732  84.9166   -44.41      nan      nan   16.286  nan      nan    nan   4.875     nan                                None     -84.018     -64.112     -86.427       0.077     -55.911       0.054
Gaia DR3 5606246929165948800 107.6696473 -29.7776712 16.869    nan       2.727  21.6685  84.9277    44.11      nan      nan    8.742  nan      nan    nan   1.034     nan                                None     -36.718      44.298     -32.657       0.081      47.258       0.072
Gaia DR3 4031216485384679296 176.9353363  34.7112254 16.484  3.125       2.596 107.6391  84.9592    -1.29      nan      nan   14.455  nan      nan    nan   1.062     nan                                None    -164.690      -1.182    -160.417       0.047       5.476       0.045
Gaia DR3 4119391717295245952 267.8374318 -19.9231216 15.097  2.520       1.111 133.1432  84.9961   -50.40      nan      nan   16.868  nan      nan    nan   0.960     nan                                None       6.027     -68.995       7.835       0.072     -65.484       0.049
Gaia DR3 3172428256901462528  68.6934654 -15.5553364 19.670  3.267       1.003  17.5663  85.0016    49.95      nan      nan    8.656  nan      nan    nan   1.031     nan                                None      29.406      23.388      27.720       0.262      24.099       0.275
Gaia DR3 5533923768710344064 119.2900635 -42.2543421 18.050  2.754       2.876  33.1662  85.0271    34.15      nan      nan    9.054  nan      nan    nan   1.085     nan                                None     -56.568      56.525     -51.112       0.151      57.127       0.184
Gaia DR3 3381255304911585536 103.7062701  24.4157042 13.729  2.166       1.095  54.8140  85.0772    46.43      nan      nan   10.041  nan      nan    nan   1.011     nan                                None     -34.721     -47.101     -32.517       0.019     -46.387       0.016
  Gaia DR3 19096631484436608  40.4200889   7.8270071 15.580  2.918       2.649  54.0206  85.0902    37.28      nan      nan    9.994  nan      nan    nan   0.991     nan                                None      81.393     -13.053      75.821       0.045     -13.367       0.041
  Gaia DR3 57025865633891200  55.6083504  19.2419033 15.386  2.617       1.477  53.2225  85.1178    43.62      nan      nan    9.946  nan      nan    nan   1.279     nan                                None      57.406     -34.296      59.981       0.057     -36.019       0.041
Gaia DR3 4172867736638817024 272.0628481  -6.5133959 15.054  2.929       1.516 145.6877  85.1789   -53.25      nan      nan   17.786  nan      nan    nan   1.106     nan                                None      21.264     -26.800      21.150       0.034     -21.116       0.027
Gaia DR3 3457105389432890624  91.4701883  37.7111015 16.700  3.007       1.943  64.8930  85.1840    41.89      nan      nan   10.668  nan      nan    nan   1.167     nan                                None     -11.502     -75.900     -15.731       0.078     -74.799       0.056
Gaia DR3 2998962361838403584  89.7296605 -11.1404375 15.429    nan       2.000  16.7293  85.2048    53.09      nan      nan    8.626  nan      nan    nan   5.441     nan                                None      -6.324      17.066      -6.724       0.301      13.450       0.423
Gaia DR3 3218378497094293120  87.2919480  -0.1819858 17.754  3.333       2.963  26.8226  85.2049    54.01      nan      nan    8.847  nan      nan    nan   0.958     nan                                None      -2.202      -1.651       3.044       0.166      -3.390       0.140
Gaia DR3 3220376481520523136  80.7048858  -1.4895474 20.339  1.032       2.097  25.3542  85.2371    53.79      nan      nan    8.805  nan      nan    nan   1.600     nan                                None       9.330       0.636       5.448       1.166       0.356       0.750
Gaia DR3 3404488462345248512  84.1390397  23.2908764 18.667  3.625       2.323  50.0218  85.2520    49.17      nan      nan    9.759  nan      nan    nan   1.255     nan                                None       3.690     -45.943       8.461       0.312     -46.236       0.176
Gaia DR3 3401712332924254848  79.2182049  19.5591350 16.758  3.812       1.824  46.4495  85.2938    50.19      nan      nan    9.576  nan      nan    nan   1.025     nan                                None      12.962     -38.281       9.285       0.100     -38.097       0.064
Gaia DR3 3777289360191013376 162.1521773  -4.4100418 14.609  2.557       2.062  78.0951  85.3037    13.01      nan      nan   11.650  nan      nan    nan   1.010     nan                                None    -128.870      -0.138    -132.239       0.030      -3.918       0.032
 Gaia DR3 130774542914204032  37.3756996  28.4523745 13.656  2.263       0.772  70.5905  85.3062    30.86      nan      nan   11.061  nan      nan    nan   1.216     nan                                None      94.638     -41.827      93.481       0.020     -40.447       0.020
Gaia DR3 2853298442914275200   0.5797515  26.3207485 13.605  2.750       2.630  95.5964  85.3233     3.36      nan      nan   13.206  nan      nan    nan   4.665     nan                                None     150.008      -7.918     146.326       0.089      -1.589       0.048
Gaia DR3 3314723405343098496  89.6940090   0.4502240 20.662  2.115       1.826  27.8696  85.3308    53.90      nan      nan    8.865  nan      nan    nan   1.045     nan                                None      -6.437      -2.767      -3.229       1.370      -3.929       1.264
Gaia DR3 6065920408228496256 207.0060621 -53.0098304 15.798  2.854       1.822  86.5189  85.3554   -15.88      nan      nan   12.364  nan      nan    nan   1.432     nan                                None    -120.804     -59.556    -116.932       0.070     -56.808       0.064
 Gaia DR3 186484799933002112  76.6761577  36.7285170 17.004  3.191       1.352  63.7552  85.3907    42.08      nan      nan   10.566  nan      nan    nan   7.351     nan                                None      19.589     -72.924      21.944       0.666     -71.047       0.481
Gaia DR3 1425397189098547200 249.3600540  51.5502580 17.224  0.457       2.627 153.0369  85.3950   -33.00      nan      nan   18.173  nan      nan    nan   1.019     nan                                None     -59.438     152.833     -66.917       0.066     146.100       0.075
Gaia DR3 3215149918639399168  79.4246961  -1.6818770 10.773  1.019       2.452  25.3126  85.4299    53.66      nan      nan    8.789  nan      nan    nan   0.975     nan                                None      11.538       0.963       6.998       0.015       1.134       0.011
Gaia DR3 3403695272083315712  82.7139057  21.5370656 13.804  2.683       1.883  48.2639  85.4568    49.77      nan      nan    9.649  nan      nan    nan   1.064     nan                                None       6.380     -42.295       7.222       0.023     -38.557       0.015
Gaia DR3 3441032140044166016  83.7221917  25.3352954 15.189  2.810       1.806  52.0610  85.4610    48.33      nan      nan    9.847  nan      nan    nan   1.001     nan                                None       4.539     -49.957       5.334       0.077     -46.293       0.052
Gaia DR3 3116431126135715840 106.7072087   4.1329989 15.436  2.723       2.775  38.2842  85.4677    50.33      nan      nan    9.204  nan      nan    nan   0.977     nan                                None     -37.013      -9.117     -42.398       0.033      -9.117       0.029
Gaia DR3 4856852131891810816  55.4927631 -37.8287853 12.220  1.422       1.045  25.8439  85.4770    37.39      nan      nan    8.799  nan      nan    nan   1.038     nan                                None      50.959      51.409      49.459       0.009      52.637       0.013
 Gaia DR3 495760863731114496  67.3789965  67.9990376 15.928  3.023       2.998  95.4584  85.5159    18.19      nan      nan   13.157  nan      nan    nan   1.043     nan                                None      47.970    -132.791      50.168       0.020    -124.771       0.029
Gaia DR3 5273973862416981888 119.2091467 -67.5609716 19.576  3.202       2.687  46.2375  85.5334    18.23      nan      nan    9.543  nan      nan    nan   1.014     nan                                None     -59.492      83.318     -54.874       0.372      80.506       0.423
Gaia DR3 2978092153674326144  68.6972320 -20.0400040 13.830  2.098       0.480  14.9367  85.5651    48.80      nan      nan    8.571  nan      nan    nan   1.085     nan                                None      29.113      30.151      28.345       0.012      30.552       0.012
Gaia DR3 2884389539372204288  89.4352129 -36.9257894 16.782  2.905       1.537  11.4614  85.5788    43.74      nan      nan    8.525  nan      nan    nan   1.039     nan                                None      -5.752      56.736      -7.607       0.052      58.782       0.053
Gaia DR3 1366925946711444480 264.2470096  48.9967438 12.165  2.412       2.705 157.7142  85.6338   -36.22      nan      nan   18.333  nan      nan    nan  15.111     nan                                None      -6.538     154.890      -2.181       0.209     145.388       0.224
Gaia DR3 3198747198018451840  66.5532028  -7.6053237 17.081  3.222       2.604  24.8473  85.7018    50.61      nan      nan    8.756  nan      nan    nan   0.997     nan                                None      33.285      10.515      28.731       0.076      12.053       0.054
 Gaia DR3 801606206431191424 146.2832893  41.1007101 17.785  4.009       2.794  89.4386  85.7298    19.51      nan      nan   12.563  nan      nan    nan   1.351     nan                                None    -124.273     -48.815    -129.090       0.169     -43.200       0.187
 Gaia DR3 797580207167418240 143.3942353  34.6236218 16.550  3.183       1.820  83.6498  85.7904    23.38      nan      nan   12.043  nan      nan    nan   1.046     nan                                None    -115.547     -44.269    -119.297       0.082     -46.971       0.070
Gaia DR3 2833352202474210048 341.5491568  18.6051264 14.119  2.581       1.501 108.3863  85.8312   -13.15      nan      nan   14.334  nan      nan    nan   1.042     nan                                None     158.138      10.013     162.577       0.026      10.955       0.031
Gaia DR3 5340719887580866432 167.4857546 -57.0458475 18.562  2.837       2.293  64.7671  85.8551     5.26      nan      nan   10.578  nan      nan    nan   1.253     nan                                None    -119.197      13.764    -120.618       0.214      18.676       0.185
Gaia DR3 3401994980429333888  81.0493782  20.0096411 15.933  3.353       0.966  46.7830  85.8555    50.20      nan      nan    9.539  nan      nan    nan   0.971     nan                                None       9.456     -39.047       8.206       0.058     -37.560       0.037
Gaia DR3 5616113499849658624 109.4641686 -26.3338269 13.887  2.020       1.446  23.3986  85.8556    44.89      nan      nan    8.710  nan      nan    nan   1.071     nan                                None     -39.452      38.658     -41.653       0.010      37.173       0.014
Gaia DR3 1533051334646688000 185.6217691  40.0603891 14.113  2.958       2.894 115.8274  85.9566    -7.56      nan      nan   15.021  nan      nan    nan   6.477     nan                                None    -168.777      15.775    -169.150       0.116       6.619       0.117
Gaia DR3 6046832332315943936 252.9405944 -24.6365781 13.801  2.593       2.888 127.6809  85.9573   -47.38      nan      nan   16.117  nan      nan    nan   1.186     nan                                None     -41.624     -77.828     -49.760       0.026     -72.342       0.017
Gaia DR3 3530360420349701504 190.8178517 -11.3101785 14.508  2.579       1.416 100.1301  85.9581   -13.30      nan      nan   13.514  nan      nan    nan   1.155     nan                                None    -148.899     -10.655    -146.909       0.033     -14.164       0.022
Gaia DR3 2452561982559403648  24.2815493 -15.9869926 10.550  0.990       2.464  55.5113  85.9638    24.86      nan      nan    9.988  nan      nan    nan   1.063     nan                                None     100.259      12.693      98.019       0.020       8.013       0.017
 Gaia DR3 996792884983596800  90.2582965  54.2989097 16.661  0.060       0.866  81.2473  86.0583    30.58      nan      nan   11.799  nan      nan    nan   1.034     nan                                None      -9.888    -110.417     -11.516       0.061    -109.008       0.055
Gaia DR3 3319566998875017344  86.5356328   3.9456768 17.172  3.216       2.631  30.8317  86.0748    53.81      nan      nan    8.893  nan      nan    nan   1.050     nan                                None      -0.876      -8.949       4.015       0.097      -9.588       0.080
Gaia DR3 3030759168665812608 114.8354050 -12.9180096 20.355  2.792       2.166  32.6166  86.0874    46.37      nan      nan    8.948  nan      nan    nan   1.273     nan                                None     -49.114      18.033     -51.978       1.049      20.947       0.797
Gaia DR3 4362010154942755200 262.2539413  -5.6138730 18.551  1.044       1.305 147.6473  86.1259   -53.54      nan      nan   17.613  nan      nan    nan   1.014     nan                                None     -13.253     -23.494      -9.782       0.196     -20.115       0.148
Gaia DR3 2882508511198482048  91.1672174 -40.0776753 18.294  3.828       2.753  14.8769  86.1361    41.85      nan      nan    8.528  nan      nan    nan   1.251     nan                                None      -8.684      60.860      -6.317       0.174      56.512       0.167
  Gaia DR3 57540742017257856  52.0799601  19.1215947 17.515  0.255       1.130  54.9270  86.1583    41.98      nan      nan    9.934  nan      nan    nan   1.140     nan                                None      63.234     -32.846      64.054       0.128     -30.626       0.112
 Gaia DR3 915952319047396224 126.3564588  42.4621557 17.887  3.581       1.721  79.7680  86.1978    29.67      nan      nan   11.656  nan      nan    nan   0.983     nan                                None     -85.935     -70.285     -84.195       0.119     -66.430       0.104
Gaia DR3 5554058884632282880  96.0938050 -46.7912423 16.730  2.760       1.009  22.4768  86.1980    37.18      nan      nan    8.663  nan      nan    nan   0.969     nan                                None     -17.231      69.519     -16.896       0.060      67.708       0.065
Gaia DR3 4825423420940970240  74.8517670 -34.1677657 20.518  2.141       0.578  10.3874  86.2148    44.44      nan      nan    8.467  nan      nan    nan   1.120     nan                                None      18.721      51.594      19.339       0.934      50.768       0.793
Gaia DR3 3361127301457618560 104.7203199  16.9072499 16.730  3.093       1.215  48.3483  86.2170    48.65      nan      nan    9.580  nan      nan    nan   0.990     nan                                None     -34.963     -32.117     -33.729       0.076     -29.995       0.064
Gaia DR3 5328208991454727424 131.6770166 -49.1503760 15.335  2.536       2.454  43.2833  86.2392    25.50      nan      nan    9.342  nan      nan    nan   0.971     nan                                None     -76.106      54.943     -73.976       0.028      59.281       0.028
Gaia DR3 3444762168819420416  86.8682632  30.4538193 14.268  2.356       2.673  57.2811  86.2464    46.02      nan      nan   10.061  nan      nan    nan   2.103     nan                                None      -1.656     -60.030      -7.171       0.048     -58.717       0.028
Gaia DR3 3209571095423921408  84.2052754  -4.6457723 20.747  1.407       1.693  22.0962  86.2828    53.90      nan      nan    8.648  nan      nan    nan   1.089     nan                                None       3.156       6.057       3.493       1.565       2.988       1.269
Gaia DR3 3149728388374559232 114.9960079   9.8938600 10.060  0.820       2.281  47.8444  86.2886    46.38      nan      nan    9.549  nan      nan    nan   0.902     nan                                None     -52.676     -18.454     -52.994       0.016     -13.873       0.013
 Gaia DR3 970581966590987520  96.0184072  48.9225105 11.958  1.577       1.965  76.5005  86.2905    34.16      nan      nan   11.381  nan      nan    nan   1.220     nan                                None     -22.471     -97.948     -23.289       0.013     -93.305       0.012
Gaia DR3 2955145891462059520  80.6963956 -27.3486196 18.574  3.412       2.523   2.3753  86.3970    48.26      nan      nan    8.405  nan      nan    nan   0.969     nan                                None       8.919      42.141      12.808       0.115      39.936       0.144
Gaia DR3 5647053207290843776 128.9863038 -26.4085194 19.010  0.680       1.951  40.6631  86.4030    35.88      nan      nan    9.217  nan      nan    nan   1.217     nan                                None     -71.554      32.354     -68.123       0.205      30.742       0.192
Gaia DR3 3583850217932687488 184.1626465  -7.6237144 10.055  1.080       1.778  96.1796  86.4074    -7.42      nan      nan   13.059  nan      nan    nan   0.969     nan                                None    -147.308      -5.673    -151.790       0.023      -3.707       0.017
Gaia DR3 3217756414032209408  83.9465951  -0.7596902 19.961  2.234       1.223  25.9723  86.4120    53.99      nan      nan    8.730  nan      nan    nan   2.994     nan                                None       3.634      -0.627       4.484       1.240      -2.710       1.124
Gaia DR3 3199514450974922496  67.8805834  -5.6564304 15.233  2.646       2.476  25.6716  86.4331    51.18      nan      nan    8.720  nan      nan    nan   1.074     nan                                None      30.969       7.373      27.514       0.039       4.410       0.031
Gaia DR3 3710680430384601728 191.8778595   8.7991187 17.678  3.762       1.171 110.5149  86.4547   -14.73      nan      nan   14.401  nan      nan    nan   1.052     nan                                None    -157.861       3.680    -160.353       0.157       1.146       0.134
 Gaia DR3 242005915187437824  52.1834063  45.6751554 16.839  3.254       1.936  77.7156  86.4850    30.59      nan      nan   11.450  nan      nan    nan   0.949     nan                                None      72.687     -79.291      69.047       0.075     -76.361       0.071
Gaia DR3 3583850286651013248 184.1627979  -7.6222499 14.112  2.562       2.341  96.1804  86.4969    -7.42      nan      nan   13.042  nan      nan    nan   1.207     nan                                None    -147.123      -5.665    -152.778       0.031      -2.589       0.022
Gaia DR3 5577879323013570304 104.8665176 -37.3054107 16.540  2.957       0.253  21.0741  86.4994    41.31      nan      nan    8.610  nan      nan    nan   0.985     nan                                None     -31.659      54.754     -31.395       0.043      54.378       0.049
Gaia DR3 4332416597619612928 246.8782314 -10.1430464  8.423  0.820       1.592 139.8446  86.5056   -50.04      nan      nan   16.957  nan      nan    nan   0.963     nan                                None     -63.422     -35.860     -68.972       0.022     -37.114       0.018
Gaia DR3 1858826218969804416 313.6402722  30.7613347 14.701  2.688       2.967 136.0160  86.5115   -31.84      nan      nan   16.662  nan      nan    nan   1.200     nan                                None     140.200      62.288     149.839       0.020      58.327       0.022
Gaia DR3 5157365942711679104  44.5118467 -14.6595380 17.497  3.183       2.379  38.0345  86.5903    39.39      nan      nan    9.097  nan      nan    nan   0.908     nan                                None      68.727      17.679      64.189       0.108      17.215       0.100
Gaia DR3 6381309580576845824 349.9232093 -70.4563184 14.737  2.310       2.656  66.0247  86.6334    -0.93      nan      nan   10.571  nan      nan    nan   1.089     nan                                None     119.765     -12.884     117.353       0.019      -7.479       0.020
 Gaia DR3 166494136649549952  64.7022151  31.4999150 12.951  1.869       1.274  60.8587  86.6338    42.35      nan      nan   10.235  nan      nan    nan   0.985     nan                                None      42.438     -58.705      39.690       0.023     -58.806       0.017
Gaia DR3 3251837975958756224  62.1918323  -3.4929673 16.620  1.715       1.697  30.7646  86.6811    49.38      nan      nan    8.842  nan      nan    nan   1.174     nan                                None      40.737       3.648      42.662       0.067       6.158       0.052
 Gaia DR3 781590731117638912 164.2542812  43.1932212 12.198  1.856       2.103 101.8741  86.6876     7.32      nan      nan   13.535  nan      nan    nan   1.514     nan                                None    -150.978     -23.761    -145.208       0.020     -22.118       0.018
 Gaia DR3 781591761909792256 164.1899226  43.2330422 12.145  1.896       2.005 101.8490  86.6877     7.36      nan      nan   13.533  nan      nan    nan   1.676     nan                                None    -150.916     -23.887    -145.583       0.020     -21.822       0.018
Gaia DR3 1028725073475690112 128.1866602  52.5270851 14.498  2.616       1.113  88.4011  86.6905    23.53      nan      nan   12.310  nan      nan    nan   1.150     nan                                None     -94.126     -84.209     -94.040       0.021     -87.097       0.021
  Gaia DR3 64045731982843776  57.7640793  22.2572202 20.530  2.130       1.394  54.8478  86.7062    43.63      nan      nan    9.873  nan      nan    nan   1.103     nan                                None      53.295     -39.563      50.760       1.383     -40.972       1.081
Gaia DR3 5257902541497300480 146.9725101 -58.1983243 14.334  2.430       2.654  53.7928  86.7228    14.73      nan      nan    9.813  nan      nan    nan   6.301     nan                                None     -97.735      45.019    -101.802       0.104      41.332       0.092
Gaia DR3 5426896207361237888 137.9813823 -44.1890015  8.796  0.612       1.588  46.8880  86.7381    24.61      nan      nan    9.461  nan      nan    nan   0.864     nan                                None     -84.880      44.811     -85.573       0.012      41.721       0.012
Gaia DR3 3211264038387849216  76.9254225  -5.9468449 14.868  2.239       2.400  21.6386  86.7445    53.16      nan      nan    8.603  nan      nan    nan   1.088     nan                                None      15.530       8.122      15.587       0.028       3.769       0.019
Gaia DR3 2346170110718813184  12.8681138 -23.4814185 17.708  3.355       0.309  63.0011  86.7639    14.76      nan      nan   10.356  nan      nan    nan   1.037     nan                                None     112.953      11.496     113.628       0.140      11.522       0.136
Gaia DR3 5090962076119499264  62.9793954 -20.6061006 11.470  1.181       2.518  19.5364  86.7652    46.89      nan      nan    8.560  nan      nan    nan   1.652     nan                                None      38.207      29.799      42.745       0.023      30.029       0.024
Gaia DR3 2498623307785024640  41.4754818   0.1449322 16.555  2.974       2.075  48.3351  86.7700    38.48      nan      nan    9.527  nan      nan    nan   1.033     nan                                None      76.176      -2.318      74.169       0.068       1.334       0.061
Gaia DR3 3426131459684110080  91.2342652  23.5422164 13.176  1.917       2.750  50.8521  86.7813    48.89      nan      nan    9.652  nan      nan    nan   1.134     nan                                None      -9.956     -45.719      -4.990       0.016     -48.297       0.012
Gaia DR3 3324125397992658176  96.2362406   6.5621488 13.452  1.878       2.025  35.5790  86.8234    52.69      nan      nan    8.988  nan      nan    nan   1.010     nan                                None     -18.129     -13.509     -20.831       0.019     -10.783       0.015
Gaia DR3 1294362341103072384 222.1937745  37.1248340 13.518  2.532       1.630 143.9270  86.8241   -31.70      nan      nan   17.152  nan      nan    nan   1.189     nan                                None    -135.387      82.024    -137.266       0.010      76.440       0.013
Gaia DR3 3583506788051632128 186.7580981  -7.2042267 17.323  3.951       2.205  98.6444  86.8289    -9.83      nan      nan   13.208  nan      nan    nan   3.642     nan                                None    -147.874      -6.429    -150.547       0.586      -0.901       0.360
 Gaia DR3 438198475079427584  40.8422554  48.1363566 14.948  2.695       2.868  83.9679  86.8469    24.62      nan      nan   11.907  nan      nan    nan   1.029     nan                                None      96.265     -72.968      90.621       0.033     -77.435       0.034
Gaia DR3 6831708575975809152 322.8373390 -18.3795766 19.716  2.921       1.848 106.7107  86.8577   -27.74      nan      nan   13.954  nan      nan    nan   1.094     nan                                None     133.046     -30.405     134.408       0.944     -25.143       0.816
Gaia DR3 5785438668476353024 218.5287086 -79.6104229 16.237  2.803       1.433  70.8584  86.8661    -5.54      nan      nan   10.880  nan      nan    nan   1.009     nan                                None     -91.420     -82.801     -93.080       0.041     -85.637       0.053
Gaia DR3 5869676583620822016 198.4610847 -60.4935724 19.459  3.805       1.804  78.2222  86.8676    -9.23      nan      nan   11.436  nan      nan    nan   1.059     nan                                None    -120.460     -44.509    -117.616       0.272     -47.799       0.290
Gaia DR3 4521999099772615040 274.5953775  15.9204059 11.320  1.651       2.549 164.9167  86.8793   -51.66      nan      nan   18.194  nan      nan    nan   1.151     nan                                None      30.840      52.337      39.691       0.015      48.185       0.015
Gaia DR3 5107492507592165504  55.2368083 -17.8844574 12.915  1.861       2.885  27.3272  86.8839    44.48      nan      nan    8.729  nan      nan    nan   1.112     nan                                None      50.932      24.384      46.139       0.021      22.102       0.014
Gaia DR3 5823465346863783424 229.8116689 -68.1146473 14.456    nan       1.566  81.9801  86.8901   -15.26      nan      nan   11.735  nan      nan    nan   2.004     nan                                None     -79.030    -101.068     -75.592       0.092     -99.283       0.451
Gaia DR3 3015825910974860800  85.3603702  -7.5931289 17.411  3.211       2.179  19.2335  86.9012    53.68      nan      nan    8.544  nan      nan    nan   1.014     nan                                None       1.156      10.977      -2.755       0.092      10.641       0.075
Gaia DR3 3204468880433946624  68.3292523  -3.7795686 20.774  2.198       2.603  27.0315  86.9599    51.41      nan      nan    8.715  nan      nan    nan   1.109     nan                                None      30.210       4.298      31.850       1.850       8.791       1.352
 Gaia DR3 118556323029938176  48.7558335  27.2428383 10.272  0.953       1.114  63.3533  87.0189    37.73      nan      nan   10.350  nan      nan    nan   0.915     nan                                None      71.441     -45.003      73.765       0.022     -45.714       0.017
Gaia DR3 3062057011967710208 113.1812033  -1.3537140 17.067  3.130       2.978  38.3151  87.0206    48.08      nan      nan    9.072  nan      nan    nan   1.001     nan                                None     -47.154       0.153     -43.906       0.082       4.830       0.066
Gaia DR3 4782222509575067008  63.1757597 -50.2685908 15.534  2.628       2.322  28.1156  87.0303    32.63      nan      nan    8.738  nan      nan    nan   1.997     nan                                None      38.689      69.315      42.310       0.048      71.591       0.056
Gaia DR3 2291766825133458432 295.5448907  79.6076157 15.323  2.640       1.289 125.3479  87.0362    -9.52      nan      nan   15.627  nan      nan    nan   1.188     nan                                None      87.692     151.798      89.053       0.029     155.821       0.032
Gaia DR3 4791228952915538688  66.5131763 -43.9963299 16.726  2.905       2.774  21.9329  87.1055    37.36      nan      nan    8.583  nan      nan    nan   1.049     nan                                None      32.690      62.649      27.904       0.047      64.163       0.064
Gaia DR3 5793992250468725632 233.0149540 -74.4372797 15.647  2.836       2.356  76.9261  87.1144   -11.13      nan      nan   11.301  nan      nan    nan   0.996     nan                                None     -70.179    -104.679     -75.776       0.028    -104.246       0.027
Gaia DR3 3216661815845794688  85.8214243  -1.7058140 17.619  3.351       2.454  25.1377  87.1161    54.02      nan      nan    8.655  nan      nan    nan   1.045     nan                                None       0.377       1.008      -2.143       0.105      -2.691       0.087
Gaia DR3 3325625479746305280  96.3563856   8.9080481 11.021  1.007       2.865  37.8278  87.1413    52.34      nan      nan    9.043  nan      nan    nan   3.984     nan                                None     -18.452     -17.688     -21.088       0.078     -12.904       0.062
Gaia DR3 6813640949936482816 330.0066374 -23.0226623 16.240  3.018       2.034  98.5568  87.1584   -21.41      nan      nan   13.138  nan      nan    nan   0.933     nan                                None     134.516     -28.391     132.487       0.055     -23.137       0.044
Gaia DR3 3321967507637706240  89.9747158   7.1526907 18.454  3.240       1.059  34.4947  87.1663    53.34      nan      nan    8.923  nan      nan    nan   1.043     nan                                None      -6.976     -14.602      -8.545       0.192     -13.374       0.158
Gaia DR3 4990601089981562624   4.2094717 -45.7953067 17.559  3.344       2.842  63.8610  87.1755     6.11      nan      nan   10.365  nan      nan    nan   1.023     nan                                None     116.904      10.420     114.502       0.076       4.694       0.116
Gaia DR3 3128263829752057216 103.5790541   4.1975280 19.484  3.266       2.506  36.6312  87.1898    51.29      nan      nan    8.995  nan      nan    nan   1.039     nan                                None     -30.887      -9.152     -28.235       0.586      -5.208       0.487
Gaia DR3 5584937775349200000 112.9515934 -39.3571061 16.784  3.114       1.784  27.7276  87.2273    37.91      nan      nan    8.713  nan      nan    nan   2.078     nan                                None     -44.934      54.639     -46.184       0.233      51.611       0.176
 Gaia DR3 514645594423361408  32.7993540  62.9180109 15.193  2.501       2.863  98.1386  87.2364    13.78      nan      nan   13.086  nan      nan    nan   1.074     nan                                None     119.459     -80.776     122.922       0.016     -87.875       0.022
Gaia DR3 2993973327827673728  92.5826137 -14.3135039 17.492  2.971       0.740  15.1544  87.2420    52.26      nan      nan    8.452  nan      nan    nan   1.022     nan                                None     -10.973      21.831     -11.085       0.075      20.518       0.074
 Gaia DR3 786867734102860288 178.4173399  48.2638834 16.846  3.418       1.400 112.8874  87.2826    -2.28      nan      nan   14.439  nan      nan    nan   1.061     nan                                None    -164.388       2.950    -160.800       0.032       5.248       0.063
Gaia DR3 6655276022446869504 277.7779489 -52.0812676 12.271  1.724       2.394 100.1742  87.3115   -31.67      nan      nan   13.257  nan      nan    nan   1.082     nan                                None      30.731    -118.495      37.093       0.012    -116.428       0.012
Gaia DR3 4744861860377643136  37.5130680 -52.9807846 13.843  2.181       1.890  42.7554  87.3182    22.38      nan      nan    9.224  nan      nan    nan   1.979     nan                                None      78.748      54.337      76.199       0.022      51.690       0.027
Gaia DR3 3326843768691827840  98.7281199   9.5907240 16.007  2.374       2.356  39.2932  87.3334    51.78      nan      nan    9.082  nan      nan    nan  16.089     nan                                None     -22.730     -18.817     -22.496       0.809     -14.312       0.663
Gaia DR3 3294347294510739968  69.9188481  11.6637461 16.856  3.053       0.831  40.5191  87.3941    50.61      nan      nan    9.125  nan      nan    nan   1.106     nan                                None      28.873     -22.186      29.261       0.088     -23.737       0.059
Gaia DR3 3166917328529814656 110.8039888  14.3799165 18.956  3.718       2.695  49.0409  87.4130    47.25      nan      nan    9.501  nan      nan    nan   0.979     nan                                None     -45.346     -26.464     -48.107       0.284     -31.102       0.204
 Gaia DR3 762178990768482560 167.0601493  36.4545782  8.111  0.794       1.550 100.9235  87.4271     6.15      nan      nan   13.304  nan      nan    nan   0.923     nan                                None    -149.738     -16.444    -145.530       0.021     -15.358       0.020
Gaia DR3 3310619207608522752  65.2826949  13.9246502 14.899  2.587       2.112  44.2459  87.4333    48.77      nan      nan    9.277  nan      nan    nan   1.227     nan                                None      37.467     -25.794      33.633       0.039     -27.330       0.030
Gaia DR3 2870481335754607744 350.1399865  31.3264098    nan    nan       1.370 105.9888  87.4980    -5.29      nan      nan   13.756  nan      nan    nan   3.377     nan                                None     155.910       5.760     158.839       0.109       3.075       0.195
Gaia DR3 4886454493901698688  59.5035537 -32.1088526 17.900  3.379       2.986  21.3410  87.5103    41.49      nan      nan    8.541  nan      nan    nan   0.966     nan                                None      43.478      44.665      47.846       0.086      47.800       0.108
Gaia DR3 3133418786944841472 100.2766261   6.4685445 17.477  3.114       2.149  37.0582  87.5678    51.90      nan      nan    8.979  nan      nan    nan   1.003     nan                                None     -25.161     -13.160     -29.166       0.103     -13.882       0.085
Gaia DR3 3707769713867834624 188.0497268   4.6449523 18.301  0.642       1.523 105.2799  87.6017   -11.29      nan      nan   13.669  nan      nan    nan   1.015     nan                                None    -152.350      -0.411    -155.255       0.225      -3.702       0.146
Gaia DR3 3231378607186096512  73.6796951   0.5714842 14.745  2.243       2.799  28.8157  87.6044    52.75      nan      nan    8.713  nan      nan    nan   1.016     nan                                None      21.254      -2.908      26.129       0.029      -4.538       0.023
Gaia DR3 5594536065184202112 119.4087852 -32.1632204 18.117  3.569       2.677  31.7874  87.6086    38.75      nan      nan    8.800  nan      nan    nan   1.049     nan                                None     -55.151      42.919     -56.498       0.107      38.139       0.128
Gaia DR3 3061741795728583936 110.2869917  -1.8861370  8.445  0.587       0.669  35.8965  87.6101    49.26      nan      nan    8.935  nan      nan    nan   0.984     nan                                None     -41.808       1.066     -42.890       0.023       1.710       0.022
Gaia DR3 3209824223615929600  82.8117758  -4.4542085 19.185  3.243       1.400  22.2739  87.6668    53.85      nan      nan    8.548  nan      nan    nan   4.540     nan                                None       5.486       5.654       2.963       1.282       5.688       1.066
Gaia DR3 1356545874046746624 251.4315875  42.2143048 13.725  2.561       2.845 161.7330  87.6781   -39.42      nan      nan   17.826  nan      nan    nan   1.198     nan                                None     -51.230     129.122     -60.273       0.014     123.417       0.018
Gaia DR3 4363865890054650624 261.4388165  -3.3448513 20.730  1.281       2.534 149.8793  87.7452   -53.69      nan      nan   17.246  nan      nan    nan   1.755     nan                                None     -15.766     -15.264     -14.006       2.095      -6.220       1.907
Gaia DR3 3342013318305083648  89.4328784  10.8994470 17.761  3.701       2.952  38.0966  87.7602    52.75      nan      nan    9.001  nan      nan    nan   0.836     nan                                None      -6.069     -21.329      -7.149       0.157     -26.826       0.118
Gaia DR3 5642092382628487424 131.7296836 -29.8365268 16.581  2.785       2.574  42.4789  87.7828    33.26      nan      nan    9.171  nan      nan    nan   1.165     nan                                None     -74.780      34.548     -72.762       0.040      39.097       0.052
Gaia DR3 2929292288578459648 107.7294070 -20.3056968 18.028  3.472       1.856  23.2849  87.7853    47.44      nan      nan    8.562  nan      nan    nan   3.033     nan                                None     -36.054      29.669     -32.884       0.597      28.584       0.531
Gaia DR3 6544496515095186048 342.8251026 -41.6921927 11.874  1.570       1.002  79.7353  87.7949    -8.52      nan      nan   11.425  nan      nan    nan   1.071     nan                                None     126.734     -21.696     125.643       0.013     -19.544       0.014
Gaia DR3 1103881572317671040  96.3062295  65.5826933 14.184  2.553       2.773  92.8524  87.8300    21.01      nan      nan   12.510  nan      nan    nan   1.161     nan                                None     -25.403    -128.868     -26.898       0.013    -136.026       0.015
Gaia DR3 3308068993467901440  70.9867744  13.1812815 17.053  3.092       1.199  41.6514  87.8324    50.55      nan      nan    9.133  nan      nan    nan   0.998     nan                                None      27.029     -24.898      25.883       0.091     -26.901       0.066
 Gaia DR3 762178681530838400 167.0415065  36.4538568 15.170  3.144       1.660 100.9096  87.8499     6.17      nan      nan   13.223  nan      nan    nan   1.317     nan                                None    -148.816     -16.373    -144.355       0.035     -15.147       0.033
 Gaia DR3 155584747917840128  76.9988435  28.8975877 12.173  1.584       2.759  55.9456  87.8505    46.19      nan      nan    9.818  nan      nan    nan   3.477     nan                                None      17.580     -55.303      21.890       0.086     -51.556       0.066
Gaia DR3 2692691366400681216 320.2330320   3.1182678  7.746  0.692       0.280 120.7090  87.9157   -31.61      nan      nan   15.001  nan      nan    nan   1.067     nan                                None     138.627       2.103     138.802       0.031       2.970       0.031
Gaia DR3 4994930142137827456   2.0888702 -42.9436051 10.052  0.956       2.848  66.0078  87.9476     4.89      nan      nan   10.416  nan      nan    nan   3.123     nan                                None     118.023       6.821     124.252       0.041       7.380       0.048
Gaia DR3 3118368293824635904  96.8883919  -1.1768056 14.564  2.308       1.450  28.7028  87.9494    53.06      nan      nan    8.684  nan      nan    nan   1.152     nan                                None     -18.622       0.062     -17.150       0.032       2.269       0.025
Gaia DR3 3215243132312682624  78.9692679  -1.1221671 12.324  1.470       2.663  25.9330  87.9959    53.62      nan      nan    8.608  nan      nan    nan   1.004     nan                                None      12.075      -0.011       7.513       0.012       1.584       0.009
Gaia DR3 4338002696507241984 252.2490012  -8.9301396  7.845  0.644       1.822 142.7764  87.9966   -51.66      nan      nan   16.729  nan      nan    nan   1.801     nan                                None     -45.442     -32.419     -39.028       0.055     -32.032       0.044
 Gaia DR3 351862416881547520  34.5614263  43.6609451 13.296  2.003       2.441  83.3421  88.0033    23.61      nan      nan   11.682  nan      nan    nan   1.241     nan                                None     104.144     -59.117      98.151       0.059     -59.597       0.069
Gaia DR3 5823465346839687168 229.8111282 -68.1147297 13.950  2.324       0.902  81.9800  88.0284   -15.26      nan      nan   11.569  nan      nan    nan   1.826     nan                                None     -77.911     -99.635     -79.264       0.043     -97.900       0.065
Gaia DR3 5288314174105136640 117.3961583 -62.4569407 16.538  2.928       0.745  42.2155  88.0412    22.27      nan      nan    9.138  nan      nan    nan   1.057     nan                                None     -54.182      77.900     -53.268       0.060      79.006       0.046
Gaia DR3 5773684094602155904 265.5799725 -83.1556058 18.371  3.812       1.311  70.1153  88.0456    -5.39      nan      nan   10.681  nan      nan    nan   0.958     nan                                None      -0.978    -121.119       0.670       0.174    -123.569       0.137
  Gaia DR3 61960714337121152  49.6059626  21.1685185 12.873  1.848       2.374  57.9369  88.0467    40.14      nan      nan    9.910  nan      nan    nan   1.150     nan                                None      67.062     -34.864      71.897       0.021     -33.759       0.015
Gaia DR3 1607276581499507072 221.4234116  55.0369952 14.561  2.740       2.644 138.5748  88.0604   -22.90      nan      nan   16.417  nan      nan    nan   1.205     nan                                None    -131.392     107.032    -125.401       0.020     113.949       0.023
Gaia DR3 3302396578621256832  57.6677787   9.3372128 10.517  0.957       2.922  43.7917  88.0607    46.73      nan      nan    9.202  nan      nan    nan   1.033     nan                                None      49.829     -16.992      52.254       0.023     -22.116       0.016
Gaia DR3 5535332857286654592 114.0662106 -42.9356590 20.053  1.049       1.612  29.7700  88.0620    35.63      nan      nan    8.705  nan      nan    nan   0.965     nan                                None     -46.606      58.223     -44.353       0.419      60.139       0.412
Gaia DR3 3455836651794746880  85.7602153  36.1407479 13.113  1.886       2.593  62.9085  88.0800    43.00      nan      nan   10.203  nan      nan    nan   1.055     nan                                None       0.569     -70.401       6.031       0.019     -69.282       0.011
Gaia DR3 4823765048170113152  74.9946396 -36.8148234  8.842  0.688       1.708  12.2889  88.1255    43.08      nan      nan    8.352  nan      nan    nan  12.255     nan                                None      18.234      54.483      19.451       0.174      57.233       0.190
Gaia DR3 3848209440730227200 146.0836653   3.9116007 14.597  2.337       2.583  67.8863  88.1616    26.84      nan      nan   10.515  nan      nan    nan   1.041     nan                                None    -103.810      -6.419    -102.145       0.031     -11.898       0.027
Gaia DR3 3345023029523212928  94.4564565  15.3391988 16.619  3.177       2.908  43.4445  88.1768    51.25      nan      nan    9.178  nan      nan    nan   3.296     nan                                None     -15.305     -29.337     -10.078       0.232     -31.415       0.189
Gaia DR3 4256856608075840128 279.1038917  -4.6435518  8.778  0.854       1.553 145.0913  88.2850   -52.36      nan      nan   16.797  nan      nan    nan   0.983     nan                                None      43.262     -18.824      46.285       0.019     -23.415       0.018
 Gaia DR3 900731745224920832 124.0297839  30.3352084 19.419  3.643       0.753  69.0968  88.3033    36.21      nan      nan   10.580  nan      nan    nan   0.987     nan                                None     -74.204     -50.022     -75.371       0.394     -51.231       0.266
Gaia DR3 4396433222608000512 236.5727479  -7.3248164 19.192  3.557       2.974 137.2333  88.3318   -46.51      nan      nan   16.245  nan      nan    nan   1.111     nan                                None     -91.059     -24.136    -100.424       0.406     -28.138       0.303
Gaia DR3 2934276855826779520 107.7694369 -18.3793901 19.373    nan       2.277  24.0636  88.3399    47.95      nan      nan    8.538  nan      nan    nan   1.065     nan                                None     -36.018      26.691     -39.896       0.561      28.016       0.550
Gaia DR3 4376554670849083904 263.8837814   2.2383977 20.324  1.154       2.508 155.5075  88.4166   -53.98      nan      nan   17.335  nan      nan    nan   2.512     nan                                None      -7.433       3.851     -13.408       2.177      -3.102       1.764
Gaia DR3 2407727746668703744 351.4106442 -14.6829100 15.105  2.528       2.017  85.0688  88.4216    -3.95      nan      nan   11.760  nan      nan    nan   1.012     nan                                None     133.562      -5.276     138.339       0.037      -6.753       0.030
Gaia DR3 3124766519488582912  93.5509279   2.6018291 18.260  3.500       2.612  30.9605  88.4306    53.45      nan      nan    8.711  nan      nan    nan   0.940     nan                                None     -12.974      -6.406      -9.796       0.160      -2.811       0.132
Gaia DR3 6544496485030469504 342.8185482 -41.6935710 17.849  3.725       0.866  79.7390  88.4340    -8.52      nan      nan   11.336  nan      nan    nan   0.909     nan                                None     125.748     -21.537     124.184       0.108     -20.182       0.132
Gaia DR3 3256790485567098624  60.3033647  -0.3341268 11.468  1.170       2.368  34.4119  88.4599    48.66      nan      nan    8.816  nan      nan    nan   1.014     nan                                None      43.621      -1.436      39.224       0.020      -1.593       0.017
Gaia DR3 4147546494935308160 272.3602303 -13.5410355 13.399  2.420       2.245 138.7776  88.4683   -51.95      nan      nan   16.319  nan      nan    nan   1.021     nan                                None      20.469     -46.809      22.204       0.022     -54.335       0.015
 Gaia DR3 692316571695574144 136.4712577  27.7272861 15.114  2.654       2.190  74.6714  88.4781    29.97      nan      nan   10.951  nan      nan    nan   3.106     nan                                None     -96.186     -39.141    -101.191       0.448     -38.413       0.452
Gaia DR3 5564230088745831040 106.7845691 -41.1630484 12.587  1.520       2.639  24.1370  88.5167    38.72      nan      nan    8.527  nan      nan    nan   1.174     nan                                None     -34.413      58.375     -38.189       0.012      55.502       0.013
Gaia DR3 4114644404106503424 260.4537988 -22.7517897  7.994  0.688       2.701 130.4495  88.5379   -49.17      nan      nan   15.669  nan      nan    nan   0.964     nan                                None     -17.381     -71.941     -10.895       0.030     -65.817       0.022
 Gaia DR3 275972646872029696  61.6530380  54.0082114  6.045  1.159       1.655  82.8691  88.5414    28.06      nan      nan   11.566  nan      nan    nan   1.005     nan                                None      54.416     -98.631      54.780       0.028    -102.649       0.018
Gaia DR3 4970667601300819840  34.1679044 -32.5629118 20.633  2.810       2.044  42.7016  88.5455    28.68      nan      nan    9.115  nan      nan    nan   1.203     nan                                None      81.700      32.802      85.331       0.826      31.304       1.153
Gaia DR3 2967688540290597504  86.0907178 -18.1648146 18.893  3.791       0.360   8.9464  88.5529    51.65      nan      nan    8.289  nan      nan    nan   0.978     nan                                None      -0.083      27.692       0.546       0.182      27.660       0.196
Gaia DR3 5823465346863782016 229.8126473 -68.1149553 12.666  1.963       2.622  81.9800  88.5580   -15.26      nan      nan   11.493  nan      nan    nan   1.103     nan                                None     -77.399     -98.985     -80.231       0.007    -104.670       0.011
 Gaia DR3 956526638871408896  95.3723293  39.3420559 14.516  2.771       1.863  67.0249  88.6431    40.55      nan      nan   10.402  nan      nan    nan   1.160     nan                                None     -19.220     -75.939     -19.024       0.024     -71.859       0.019
 Gaia DR3 137982666268912000  49.4427820  35.0145688 15.965  2.787       0.964  69.5328  88.6633    34.91      nan      nan   10.567  nan      nan    nan   1.011     nan                                None      71.784     -57.393      73.040       0.051     -59.134       0.046
Gaia DR3 3294906533613149952  72.6857883  11.5101883 11.752  1.297       2.202  39.5922  88.6650    51.29      nan      nan    8.982  nan      nan    nan   1.450     nan                                None      23.640     -21.831      27.642       0.022     -23.002       0.016
Gaia DR3 5182787682337557504  46.8350004  -4.4308786 11.888  1.310       1.002  41.3060  88.6651    41.81      nan      nan    9.048  nan      nan    nan   1.027     nan                                None      65.172       4.162      64.458       0.016       5.935       0.018
Gaia DR3 3397863599847597952  84.8493117  18.7062248 14.508  2.831       1.607  45.4559  88.7070    50.81      nan      nan    9.217  nan      nan    nan   1.202     nan                                None       2.183     -35.622       5.304       0.030     -35.549       0.018
Gaia DR3 5399805649592673152 171.4579821 -33.0805276 11.498  1.396       2.203  74.3890  88.7078     4.19      nan      nan   10.901  nan      nan    nan   1.509     nan                                None    -123.815       3.382    -118.787       0.030       2.782       0.021
 Gaia DR3 148997058359753088  63.6424030  23.3423221 14.573  2.399       1.591  53.5404  88.7248    45.44      nan      nan    9.602  nan      nan    nan   1.091     nan                                None      41.691     -42.046      44.905       0.032     -41.864       0.022
Gaia DR3 6631385150898337792 276.7086094 -61.6190415 17.922  3.563       0.980  90.9908  88.7328   -24.30      nan      nan   12.202  nan      nan    nan   1.093     nan                                None      25.738    -121.502      27.667       0.143    -119.880       0.112
Gaia DR3 4977492166897499136   5.4740862 -47.5576369 14.003  2.317       0.615  62.6593  88.7387     6.75      nan      nan   10.116  nan      nan    nan   1.183     nan                                None     113.705      12.421     113.589       0.009      11.116       0.015
Gaia DR3 3018546244475442944  88.5530922  -8.1196950 20.698  1.042       2.934  19.2676  88.7498    53.57      nan      nan    8.411  nan      nan    nan   1.154     nan                                None      -4.202      11.669      -3.559       1.368       6.507       1.705
Gaia DR3 3549421004173729536 164.4349905 -22.9610290 15.435  2.757       2.553  72.4384  88.8202    10.42      nan      nan   10.748  nan      nan    nan   1.048     nan                                None    -119.967       7.407    -118.616       0.035       1.782       0.034
Gaia DR3 3128675425060891520 104.6123139   4.7581110 12.593  1.559       2.554  37.6498  88.8410    50.94      nan      nan    8.896  nan      nan    nan   1.146     nan                                None     -32.285      -9.946     -35.039       0.018      -6.025       0.015
Gaia DR3 3402879022138140544  83.4012113  21.0408363 15.192  3.191       1.783  47.7649  88.8971    49.98      nan      nan    9.304  nan      nan    nan   1.040     nan                                None       4.882     -39.957       6.740       0.038     -36.994       0.026
Gaia DR3 1919579527791884032 355.9269925  39.5713942 17.211  3.156       2.973 104.7467  88.9006    -0.76      nan      nan   13.367  nan      nan    nan   1.806     nan                                None     152.316      -2.103     158.111       0.134      -8.154       0.112
Gaia DR3 3294347294510740096  69.9188245  11.6631228 17.479    nan       1.304  40.5186  88.9056    50.61      nan      nan    8.997  nan      nan    nan   0.958     nan                                None      28.468     -21.874      29.441       0.132     -24.148       0.090
Gaia DR3 3330439313454147584  95.6797751  10.0004597 19.317  2.077       1.933  38.6507  88.9266    52.26      nan      nan    8.925  nan      nan    nan   2.096     nan                                None     -17.030     -19.370     -14.637       1.108     -16.630       0.787
Gaia DR3 3144807459663459584 117.4456626   7.0009454 14.522  2.372       1.269  47.2640  88.9708    45.63      nan      nan    9.274  nan      nan    nan   1.091     nan                                None     -55.068     -13.045     -57.203       0.027     -14.310       0.016
Gaia DR3 3707769713869086080 188.0509353   4.6476422  9.978  1.065       1.755 105.2821  88.9709   -11.29      nan      nan   13.401  nan      nan    nan   1.032     nan                                None    -149.360      -0.401    -154.318       0.023      -0.508       0.017
Gaia DR3 5025703758907892608  28.9487389 -25.7505143 17.418  3.412       1.326  48.3494  88.9814    26.89      nan      nan    9.323  nan      nan    nan   1.301     nan                                None      89.189      23.205      86.861       0.112      24.378       0.092
Gaia DR3 4079844650572890368 281.8130296 -21.2312698 15.919  3.046       2.130 128.7914  88.9925   -48.07      nan      nan   15.422  nan      nan    nan   0.951     nan                                None      47.766     -64.443      50.032       0.046     -57.900       0.038
Gaia DR3 3064810189079733504 126.5465069  -6.4376571 15.618  2.559       2.279  45.8453  89.0288    40.93      nan      nan    9.206  nan      nan    nan   1.076     nan                                None     -68.136       6.905     -72.207       0.055       5.174       0.036
Gaia DR3 6058513101512053120 181.9104121 -61.2619943 15.713  2.785       1.400  70.7447  89.0315    -1.73      nan      nan   10.605  nan      nan    nan   1.104     nan                                None    -120.209     -11.972    -122.961       0.032     -13.465       0.036
Gaia DR3 2946309666266898944 101.8326169 -16.8161431 18.543  3.530       0.954  19.8469  89.0959    50.06      nan      nan    8.397  nan      nan    nan   1.019     nan                                None     -26.039      24.845     -26.918       0.168      26.287       0.176
Gaia DR3 3480990007505923712 177.6176718 -28.2158945 18.299  3.914       1.365  81.2029  89.1071    -0.81      nan      nan   11.356  nan      nan    nan   0.997     nan                                None    -129.349      -3.913    -130.913       0.180      -1.044       0.132
Gaia DR3 4898627427651042048  68.4787732 -21.6568293 17.304  3.088       1.489  14.3993  89.1773    48.25      nan      nan    8.305  nan      nan    nan   0.963     nan                                None      28.554      31.577      26.401       0.063      33.046       0.066
Gaia DR3 5671377840466379392 148.1842720 -19.5917969 18.741  3.387       1.798  59.4998  89.1946    24.13      nan      nan    9.881  nan      nan    nan   0.962     nan                                None     -99.541      15.566     -95.797       0.245      15.452       0.216
Gaia DR3 6869469309972283648 292.8371950 -19.6446966 18.491  3.643       0.752 125.4835  89.2242   -45.05      nan      nan   15.097  nan      nan    nan   1.506     nan                                None      77.552     -54.788      79.243       0.341     -53.096       0.283
Gaia DR3 5110749024813573632  56.9450765 -14.8666329 18.534  3.582       1.600  27.2347  89.2277    45.89      nan      nan    8.549  nan      nan    nan   1.044     nan                                None      47.367      19.998      49.490       0.184      21.950       0.139
Gaia DR3 2980335294832701952  71.3572759 -17.6558778 10.247  0.921       0.880  14.2632  89.2339    50.11      nan      nan    8.299  nan      nan    nan   7.671     nan                                None      23.971      25.984      22.769       0.084      26.946       0.092
Gaia DR3 6868072517887633920 295.2056310 -21.3609066 12.190  2.004       1.190 122.8282  89.2346   -43.54      nan      nan   14.874  nan      nan    nan   1.539     nan                                None      82.593     -56.992      79.132       0.040     -55.603       0.030
Gaia DR3 5757424447929976448 135.0623256  -6.1501110 16.151  2.597       1.437  53.3136  89.2751    35.33      nan      nan    9.538  nan      nan    nan   0.964     nan                                None     -82.049       5.523     -81.818       0.048       2.643       0.033
Gaia DR3 5876709369266977792 228.7448259 -59.9329241 16.349  2.997       2.527  88.8257  89.2838   -20.62      nan      nan   11.936  nan      nan    nan   0.989     nan                                None     -82.409     -94.968     -76.257       0.052     -93.366       0.063
Gaia DR3 4750572169719869568  45.9204366 -47.7786941 18.930  3.439       2.888  35.8878  89.3589    28.54      nan      nan    8.794  nan      nan    nan   1.017     nan                                None      64.568      55.427      60.490       0.236      58.896       0.249
Gaia DR3 2304802703711475072 293.0471668  86.3954957 16.853  3.371       1.080 119.8374  89.3864    -4.08      nan      nan   14.587  nan      nan    nan   1.026     nan                                None      75.475     147.587      73.926       0.054     150.523       0.056
Gaia DR3 2961559037847037568  78.6366788 -23.0455366 17.953  0.062       0.887   5.5838  89.3969    49.70      nan      nan    8.209  nan      nan    nan   0.992     nan                                None      12.054      34.631      11.436       0.067      33.225       0.082
Gaia DR3 3241387560316088320  80.5152830   7.8583380 19.017  2.518       2.977  34.6852  89.4516    53.12      nan      nan    8.747  nan      nan    nan   3.478     nan                                None       9.596     -15.493       5.545       0.977     -11.789       0.753
Gaia DR3 6293869509628267392 207.6419406 -18.8810002 15.169  2.803       1.603 109.3667  89.4669   -26.44      nan      nan   13.664  nan      nan    nan   1.132     nan                                None    -132.605     -29.281    -128.181       0.043     -27.957       0.036
Gaia DR3 2452562016918900224  24.2824734 -15.9875020 16.247  1.860       1.480  55.5103  89.4906    24.86      nan      nan    9.631  nan      nan    nan   1.093     nan                                None      96.680      12.241      99.378       0.152      10.919       0.153
Gaia DR3 3671065679269986304 212.7311578   4.4042718 10.947    nan       1.927 126.9081  89.5061   -32.26      nan      nan   15.145  nan      nan    nan   1.958     nan                                None    -138.382       4.554    -138.826       0.051      10.691       0.029
Gaia DR3 5748752496644326528 129.9786109 -10.1340799 16.698  2.772       2.888  46.9979  89.5130    38.48      nan      nan    9.214  nan      nan    nan   1.058     nan                                None     -72.854      11.282     -74.590       0.065      16.618       0.049
Gaia DR3 2974869278936182144  76.3531646 -20.5354044 19.131  3.109       0.265   8.8530  89.5132    50.23      nan      nan    8.223  nan      nan    nan   5.129     nan                                None      15.767      30.684      16.002       1.029      30.290       0.928
Gaia DR3 5923812786647081728 256.2682705 -53.8039244 12.268  1.920       2.309  99.2439  89.5161   -30.58      nan      nan   12.774  nan      nan    nan   4.772     nan                                None     -24.706    -117.441     -23.080       0.084    -111.440       0.062
 Gaia DR3 193373210219026944  89.9911172  44.1832250 16.071  2.821       2.796  71.1738  89.5402    37.91      nan      nan   10.574  nan      nan    nan   1.018     nan                                None      -8.301     -85.461     -11.909       0.046     -80.380       0.040
 Gaia DR3 983926262476974208 113.1778667  53.4451024 14.856  2.575       1.459  84.2668  89.5547    27.78      nan      nan   11.531  nan      nan    nan   2.414     nan                                None     -59.931     -95.456     -63.251       0.054     -94.207       0.045
Gaia DR3 3339482075033510528  84.6558013  10.2713161 14.345  2.252       2.030  37.0197  89.5621    52.95      nan      nan    8.816  nan      nan    nan   1.025     nan                                None       2.427     -19.839       4.657       0.025     -22.884       0.017
Gaia DR3 3855663923408134912 158.7448401   1.4759875 16.867  3.117       1.293  77.7401  89.5886    16.03      nan      nan   11.031  nan      nan    nan   0.983     nan                                None    -120.013      -3.419    -119.427       0.094      -0.469       0.110
Gaia DR3 3206988175106487296  78.8612266  -8.2486604 18.495  2.033       1.533  18.9422  89.6349    53.19      nan      nan    8.343  nan      nan    nan   8.435     nan                                None      11.880      11.692      10.980       1.028      14.233       0.837
Gaia DR3 3416441115813540224  81.9590790  23.8043400 14.464  2.295       2.508  50.5440  89.6739    48.87      nan      nan    9.364  nan      nan    nan   1.053     nan                                None       7.594     -44.863       6.581       0.029     -40.016       0.020
Gaia DR3 2944184177150489216  96.5172207 -16.1986813  8.793  0.722       2.234  16.1887  89.7092    51.30      nan      nan    8.293  nan      nan    nan  11.707     nan                                None     -17.184      24.149     -14.285       0.191      26.767       0.187
Gaia DR3 4819484786842172288  80.5020872 -39.0998631 19.688  0.823       2.519  12.5903  89.7223    42.39      nan      nan    8.245  nan      nan    nan   1.044     nan                                None       9.068      57.552       7.609       0.334      61.681       0.370
Gaia DR3 3228121716305178112  75.0628419  -0.1937979  7.998  0.512       1.132  27.6802  89.7555    53.03      nan      nan    8.521  nan      nan    nan   1.187     nan                                None      18.489      -1.576      20.109       0.025      -2.806       0.022
 Gaia DR3 897874977793264896 108.2508507  36.5786016 15.564  2.826       1.288  67.5315  89.7762    39.53      nan      nan   10.306  nan      nan    nan   1.058     nan                                None     -44.391     -66.633     -46.627       0.042     -64.952       0.036
Gaia DR3 4887326887658806016  59.3321782 -30.1120727 16.002  2.712       0.887  21.2831  89.8136    42.27      nan      nan    8.373  nan      nan    nan   0.991     nan                                None      42.882      41.146      42.882       0.027      42.712       0.039
Gaia DR3 1813005721138833408 311.2699398  17.9616247 14.720  2.791       2.545 135.0073  89.8195   -36.51      nan      nan   15.690  nan      nan    nan   1.660     nan                                None     126.923      35.503     122.269       0.032      42.516       0.033
Gaia DR3 3917334873484053376 172.8006665  12.0319030 18.269  3.827       2.026  94.9678  89.8536     2.77      nan      nan   12.354  nan      nan    nan   1.118     nan                                None    -140.547      -4.350    -136.415       0.287      -1.069       0.341
Gaia DR3 4114644404106510848 260.4527191 -22.7469142 14.205  2.739       2.582 130.4543  89.8661   -49.17      nan      nan   15.337  nan      nan    nan   4.397     nan                                None     -17.017     -70.404     -10.151       0.088     -65.653       0.064
 Gaia DR3 154458809356303744  72.7364635  27.5617980 20.420  2.708       0.282  55.2217  89.8946    46.11      nan      nan    9.577  nan      nan    nan   1.062     nan                                None      25.112     -51.030      24.935       1.278     -51.570       0.930
Gaia DR3 6784187885286802944 320.3048743 -32.1617336 19.677  3.436       1.864  99.9067  89.9020   -26.14      nan      nan   12.764  nan      nan    nan   1.056     nan                                None     118.053     -47.622     113.811       0.519     -44.946       0.502
Gaia DR3 2304802738071215104 293.3764869  86.3940667 13.762  2.397       1.464 119.8280  89.9679    -4.07      nan      nan   14.457  nan      nan    nan   1.185     nan                                None      75.644     145.840      74.999       0.014     150.256       0.015
Gaia DR3 5853614264989852672 212.4981263 -64.0979498 17.383  3.378       2.799  80.9229  89.9791   -13.07      nan      nan   11.216  nan      nan    nan   0.996     nan                                None    -102.788     -69.404    -109.302       0.051     -70.568       0.063
