GaiaDR3                               RA         DEC   Gmag  Bp-Rp  Voff(km/s) Sep(deg)   3D(pc) Vr(pred)  Vr(obs)    Vrerr Plx(mas)  SpT    FnuvJ  W1-W3    RUWE  XCrate                               RVsrc    PMRApred   PMDecpred        PMRA     PMRAerr       PMDec    PMDecerr
Gaia DR3 6205812887538362624 224.2838536 -30.8800310 12.605  1.856       0.000   0.0000   0.0000    -2.73      nan      nan    8.191  nan      nan    nan   1.228     nan                                None     -24.601     -26.356     -24.601       0.019     -26.356       0.015
Gaia DR3 6217454344850166144 222.2575973 -31.3447721 18.849  4.152       0.136   1.7959   3.8780    -2.17      nan      nan    8.153  nan      nan    nan   0.994     nan                                None     -25.090     -25.814     -24.902       0.354     -25.674       0.288
Gaia DR3 6204794499252555264 226.1710743 -31.8547174 15.375  2.991       0.917   1.8832   4.1383    -2.87      nan      nan    8.128  nan      nan    nan   1.118     nan                                None     -23.824     -26.648     -23.540       0.057     -28.193       0.043
Gaia DR3 6205172593814395264 223.1529627 -32.7689703 14.194  2.647       0.645   2.1192   4.8849    -1.99      nan      nan    8.324  nan      nan    nan   1.293     nan                                None     -25.348     -26.658     -24.946       0.027     -27.717       0.026
Gaia DR3 6217633290379980416 221.5435542 -30.9702279  8.704  0.594       1.439   2.3524   5.0966    -2.12      nan      nan    8.136  nan      nan    nan   1.083     nan                                None     -25.243     -25.575     -22.779       0.024     -25.426       0.022
Gaia DR3 6217633290379980160 221.5442781 -30.9708487 12.382    nan       1.846   2.3518   5.0991    -2.12      nan      nan    8.262  nan      nan    nan   1.237     nan                                None     -25.634     -25.972     -24.985       0.072     -22.822       0.058
Gaia DR3 6210766908975304192 227.0199335 -31.7088403 15.695  3.118       1.265   2.4805   5.3548    -3.08      nan      nan    8.257  nan      nan    nan   1.184     nan                                None     -23.927     -27.248     -23.590       0.054     -29.423       0.052
Gaia DR3 6217621539349455744 221.5512368 -30.9767127 15.530  3.262       2.006   2.3460   5.3632    -2.12      nan      nan    8.069  nan      nan    nan   1.139     nan                                None     -25.033     -25.367     -21.824       0.049     -24.208       0.043
Gaia DR3 6211631533132884096 226.6772965 -30.7925371 12.443  1.790       0.594   2.0569   5.8745    -3.26      nan      nan    8.468  nan      nan    nan   1.248     nan                                None     -24.651     -27.775     -24.708       0.017     -28.833       0.015
Gaia DR3 6219165047506445056 223.1011246 -28.3324797 12.698  1.855       1.937   2.7472   6.3980    -3.15      nan      nan    8.030  nan      nan    nan   2.247     nan                                None     -24.468     -25.369     -25.478       0.035     -28.488       0.028
Gaia DR3 6217510248156489856 221.7271135 -31.8436125 14.341  2.823       0.865   2.3863   6.4411    -1.93      nan      nan    8.473  nan      nan    nan   5.759     nan                                None     -26.234     -26.733     -25.089       0.136     -27.772       0.127
Gaia DR3 6217519284767559936 221.3337130 -31.8153913 12.499  1.800       0.150   2.6874   6.7995    -1.85      nan      nan    7.960  nan      nan    nan   1.204     nan                                None     -24.756     -25.025     -24.928       0.017     -25.210       0.016
Gaia DR3 6217519250407676032 221.3182353 -31.8214951 14.553  2.760       0.399   2.7018   6.8347    -1.85      nan      nan    7.959  nan      nan    nan   1.170     nan                                None     -24.758     -25.019     -25.138       0.030     -25.570       0.026
Gaia DR3 6212439369242013184 227.0831015 -29.1426419 15.334  3.407       0.609   2.9821   6.9172    -3.79      nan      nan    8.022  nan      nan    nan   1.200     nan                                None     -23.223     -26.223     -22.247       0.051     -26.552       0.042
Gaia DR3 6204555630351929088 225.7901071 -33.3492962 16.457  3.681       0.793   2.7793   7.0786    -2.38      nan      nan    7.948  nan      nan    nan   1.931     nan                                None     -23.414     -26.089     -24.235       0.154     -27.132       0.128
Gaia DR3 6210766908975303936 227.0213299 -31.7087294 14.654  3.021       0.549   2.4816   7.4566    -3.08      nan      nan    7.860  nan      nan    nan   5.409     nan                                None     -22.774     -25.936     -22.072       0.132     -26.515       0.125
Gaia DR3 6204774055207810176 226.2158153 -32.1896459 14.086  2.906       0.736   2.1039   7.6732    -2.79      nan      nan    8.637  nan      nan    nan   2.179     nan                                None     -25.302     -28.359     -24.806       0.046     -27.114       0.039
Gaia DR3 6205431838040259328 224.9579657 -32.1612162 16.684  3.552       0.260   1.4041   7.7857    -2.53      nan      nan    7.738  nan      nan    nan   1.077     nan                                None     -23.043     -25.136     -23.288       0.085     -25.482       0.069
Gaia DR3 6204616172211468032 226.0594915 -32.6891453 17.002  3.743       1.684   2.3560   7.9067    -2.62      nan      nan    7.807  nan      nan    nan   1.307     nan                                None     -22.917     -25.638     -20.746       0.141     -27.361       0.129
Gaia DR3 6215878641620981376 220.3932656 -32.6167878 14.677  2.889       0.634   3.7362   7.9612    -1.44      nan      nan    8.188  nan      nan    nan   4.311     nan                                None     -25.728     -25.557     -26.327       0.130     -26.472       0.095
Gaia DR3 6205541411246196992 225.7548569 -31.9297851 17.036  3.622       1.393   1.6365   8.0032    -2.76      nan      nan    7.737  nan      nan    nan   1.026     nan                                None     -22.805     -25.287     -21.119       0.162     -23.764       0.147
Gaia DR3 6212528292244857216 226.4769454 -28.6122716 15.369  3.046       1.206   2.9610   8.0560    -3.81      nan      nan    8.553  nan      nan    nan   1.076     nan                                None     -24.969     -27.770     -27.095       0.041     -28.230       0.038
Gaia DR3 6215878637321344256 220.3935326 -32.6171413 14.665  2.859       2.102   3.7361   8.0841    -1.44      nan      nan    8.113  nan      nan    nan   5.720     nan                                None     -25.491     -25.321     -24.032       0.152     -28.607       0.132
Gaia DR3 6204031055927890048 224.5147943 -34.4013425 18.173  4.105       0.368   3.5267   8.0972    -1.84      nan      nan    8.415  nan      nan    nan   0.923     nan                                None     -25.203     -27.383     -25.735       0.238     -27.004       0.201
Gaia DR3 6204559336913089920 225.5997934 -33.2730219 14.405  2.903       0.800   2.6399   8.4804    -2.37      nan      nan    7.794  nan      nan    nan   2.602     nan                                None     -23.018     -25.537     -23.234       0.062     -24.241       0.050
Gaia DR3 6212542620256166784 227.2479160 -28.4685176 15.798  3.181       0.651   3.5278   8.5382    -4.01      nan      nan    8.489  nan      nan    nan   1.054     nan                                None     -24.520     -27.702     -25.685       0.059     -27.660       0.054
Gaia DR3 6207440023010164224 228.1301201 -33.0214934 13.396  2.681       0.642   3.9029   8.6702    -2.94      nan      nan    8.380  nan      nan    nan   1.435     nan                                None     -23.906     -28.024     -24.375       0.023     -26.991       0.020
Gaia DR3 6207440027306899712 228.1297261 -33.0220124 13.814    nan       1.916   3.9029   8.7476    -2.94      nan      nan    8.398  nan      nan    nan   0.960     nan                                None     -23.958     -28.085     -27.345       0.054     -27.890       0.046
Gaia DR3 6225132097110659072 223.5885804 -28.1229458 16.988  3.782       0.932   2.8227   8.8897    -3.31      nan      nan    8.666  nan      nan    nan   0.994     nan                                None     -26.252     -27.463     -27.148       0.117     -28.911       0.102
Gaia DR3 6201266063359289472 226.7389678 -34.2440217 17.080  3.475       0.848   3.9491   8.9342    -2.33      nan      nan    8.012  nan      nan    nan   1.014     nan                                None     -23.304     -26.577     -24.657       0.103     -26.106       0.089
Gaia DR3 6219269947787169920 221.2475719 -28.7367121 15.679  2.479       1.523   3.3960   8.9564    -2.63      nan      nan    8.577  nan      nan    nan   1.010     nan                                None     -26.700     -26.726     -28.795       0.073     -28.513       0.093
Gaia DR3 6224307257241324160 224.8235794 -28.5564770 13.803  2.526       0.449   2.3703   8.9976    -3.47      nan      nan    8.731  nan      nan    nan   1.213     nan                                None     -26.045     -27.984     -26.776       0.028     -28.371       0.029
Gaia DR3 6201324028237163008 227.7507017 -33.9468526 14.268  2.598       1.119   4.2386   9.1231    -2.61      nan      nan    8.305  nan      nan    nan   1.200     nan                                None     -23.820     -27.765     -23.917       0.031     -29.723       0.023
Gaia DR3 6204815115095539968 226.5814364 -31.6628911 14.375  2.745       1.292   2.1140   9.1680    -3.00      nan      nan    8.770  nan      nan    nan   1.117     nan                                None     -25.566     -28.834     -23.871       0.034     -27.150       0.025
Gaia DR3 6219054336133858048 222.8547061 -29.1125680 16.121  3.491       1.297   2.1577   9.2187    -2.89      nan      nan    8.771  nan      nan    nan   1.097     nan                                None     -26.805     -27.731     -24.567       0.091     -26.871       0.109
Gaia DR3 6201400031978618880 227.5471065 -33.5143240 15.709  3.189       1.147   3.8159   9.2707    -2.69      nan      nan    8.521  nan      nan    nan   1.123     nan                                None     -24.511     -28.404     -26.476       0.058     -27.786       0.045
Gaia DR3 6205475818505408256 224.6021034 -32.1678552 13.211  2.240       0.315   1.3161   9.3735    -2.46      nan      nan    8.841  nan      nan    nan   1.143     nan                                None     -26.448     -28.633     -26.538       0.017     -29.214       0.017
Gaia DR3 6218636869608631168 220.1999324 -30.4339537 19.532  3.173       1.825   3.5411   9.3873    -1.96      nan      nan    7.847  nan      nan    nan   1.094     nan                                None     -24.706     -24.340     -24.779       0.481     -21.322       0.421
Gaia DR3 6203876024790448640 225.7020581 -34.5414736 18.965  3.287       1.555   3.8508   9.4921    -2.04      nan      nan    7.899  nan      nan    nan   1.105     nan                                None     -23.298     -25.987     -24.222       0.406     -23.568       0.438
Gaia DR3 6211094803958404480 229.4530261 -30.4802452 15.767  3.155       1.058   4.4632   9.5626    -3.91      nan      nan    8.143  nan      nan    nan   1.101     nan                                None     -22.783     -27.250     -21.503       0.052     -28.538       0.045
Gaia DR3 6211255676250389888 229.4166060 -30.1408041 17.820    nan       0.913   4.4830   9.6633    -4.00      nan      nan    8.320  nan      nan    nan   1.035     nan                                None     -23.291     -27.794     -23.710       0.184     -26.249       0.134
Gaia DR3 6203845650778424960 224.9360465 -34.4297710 11.102  1.364       0.468   3.5919   9.7222    -1.92      nan      nan    8.632  nan      nan    nan   1.671     nan                                None     -25.714     -28.197     -25.022       0.037     -28.695       0.038
Gaia DR3 6211094559143445888 229.4836865 -30.4782990  8.804  0.580       1.111   4.4896   9.7439    -3.92      nan      nan    8.090  nan      nan    nan   0.991     nan                                None     -22.624     -27.078     -21.239       0.021     -28.373       0.018
Gaia DR3 6225965630002886784 224.2388580 -26.2891836 14.756  3.084       0.876   4.5910   9.7800    -3.94      nan      nan    8.244  nan      nan    nan   1.196     nan                                None     -24.774     -26.052     -23.252       0.040     -26.005       0.035
Gaia DR3 6225965630002887808 224.2392915 -26.2851432  6.901  0.015       2.266   4.5951   9.8095    -3.94      nan      nan    8.167  nan      nan    nan   1.045     nan                                None     -24.543     -25.809     -20.669       0.045     -26.269       0.038
Gaia DR3 6201203872232666624 227.1829088 -34.4707034 14.718  2.881       1.096   4.3409   9.9337    -2.36      nan      nan    8.468  nan      nan    nan   6.019     nan                                None     -24.481     -28.215     -24.779       0.162     -26.282       0.145
Gaia DR3 6215428082371567232 219.8678061 -33.6695028 14.760  2.910       0.352   4.6598   9.9360    -1.05      nan      nan    8.178  nan      nan    nan   1.179     nan                                None     -25.842     -25.436     -26.237       0.043     -25.897       0.062
Gaia DR3 6201183153310370816 227.0940530 -34.6659200 13.351  2.259       1.086   4.4622   9.9533    -2.28      nan      nan    8.020  nan      nan    nan   1.219     nan                                None     -23.214     -26.715     -24.939       0.025     -26.084       0.022
Gaia DR3 6225965453909372288 224.2451009 -26.2866295 16.529  3.350       2.338   4.5935  10.0564    -3.94      nan      nan    8.379  nan      nan    nan   1.188     nan                                None     -25.179     -26.481     -21.177       0.087     -27.498       0.069
Gaia DR3 6211406927822404224 228.1778353 -29.8633936 13.245  2.194       2.262   3.5098  10.1157    -3.82      nan      nan    7.772  nan      nan    nan   1.165     nan                                None     -22.155     -25.693     -19.245       0.019     -23.400       0.015
Gaia DR3 6215548715108012800 220.6774177 -33.9665131 13.449  2.240       0.570   4.3345  10.2216    -1.15      nan      nan    8.522  nan      nan    nan   1.179     nan                                None     -26.696     -26.727     -26.559       0.022     -27.742       0.019
Gaia DR3 6210634830140900736 228.5629316 -31.5332089 17.176  3.622       1.700   3.7175  10.2679    -3.44      nan      nan    7.790  nan      nan    nan   0.861     nan                                None     -22.084     -26.004     -19.939       0.102     -27.792       0.084
Gaia DR3 6211531825470229888 229.0766786 -29.3062893 15.298  3.260       0.990   4.4349  10.2747    -4.16      nan      nan    7.951  nan      nan    nan   2.107     nan                                None     -22.370     -26.395     -20.712       0.096     -26.333       0.073
Gaia DR3 6225965630001132544 224.2386106 -26.2850331 12.595    nan       2.891   4.5952  10.3052    -3.94      nan      nan    8.442  nan      nan    nan   2.432     nan                                None     -25.371     -26.679     -22.510       0.085     -22.403       0.068
Gaia DR3 6225133574579407616 223.5917371 -28.1063839 15.332  3.017       0.571   2.8383  10.3137    -3.32      nan      nan    8.804  nan      nan    nan   1.089     nan                                None     -26.670     -27.900     -27.468       0.044     -28.596       0.043
Gaia DR3 6211854703932729344 226.9711531 -29.7176100 16.073  3.402       2.043   2.5950  10.3359    -3.61      nan      nan    7.651  nan      nan    nan   0.993     nan                                None     -22.185     -25.051     -19.015       0.070     -24.149       0.071
Gaia DR3 6211374423509789696 228.8062450 -29.8859871 15.932  3.560       1.157   4.0256  10.3863    -3.94      nan      nan    8.627  nan      nan    nan   1.240     nan                                None     -24.369     -28.657     -26.386       0.082     -29.257       0.062
Gaia DR3 6205463758237709056 225.2808272 -31.9355231 14.369  2.764       0.766   1.3557  10.5120    -2.66      nan      nan    8.933  nan      nan    nan   1.223     nan                                None     -26.492     -29.079     -27.920       0.032     -28.880       0.031
Gaia DR3 6211274539750300544 229.8705301 -29.9123690 17.718  3.768       1.355   4.9144  10.5819    -4.15      nan      nan    8.114  nan      nan    nan   0.848     nan                                None     -22.558     -27.167     -20.242       0.227     -27.102       0.186
Gaia DR3 6211748150086387456 226.9460342 -30.4948375 15.195  3.057       0.078   2.3215  10.6730    -3.40      nan      nan    7.608  nan      nan    nan   1.399     nan                                None     -22.067     -24.979     -22.109       0.064     -24.862       0.059
Gaia DR3 6216270063453204352 219.0759231 -33.0715058 18.012  0.154       2.124   4.9305  10.6952    -1.03      nan      nan    8.084  nan      nan    nan   0.972     nan                                None     -25.754     -24.929     -22.183       0.160     -25.515       0.136
Gaia DR3 6204894520451313536 223.8262476 -33.4242669 15.801  3.328       1.077   2.5736  10.7236    -1.96      nan      nan    7.623  nan      nan    nan   6.434     nan                                None     -23.026     -24.599     -23.633       0.310     -26.220       0.267
Gaia DR3 6203845655074564864 224.9363507 -34.4297585 11.534  1.333       2.389   3.5920  10.7471    -1.92      nan      nan    8.749  nan      nan    nan   1.438     nan                                None     -26.062     -28.579     -29.593       0.058     -31.214       0.076
Gaia DR3 6215690109729258624 221.2886832 -33.2274722 14.635  3.090       2.673   3.4572  10.8098    -1.47      nan      nan    7.705  nan      nan    nan   1.369     nan                                None     -23.975     -24.280     -20.158       0.040     -22.211       0.034
Gaia DR3 6212274476855985024 228.0461811 -28.8740996 17.407  4.124       1.282   3.8293  10.8160    -4.07      nan      nan    8.718  nan      nan    nan   1.019     nan                                None     -24.899     -28.668     -27.237       0.143     -28.961       0.120
Gaia DR3 6203175605820035968 222.2036826 -35.1235132 16.651  3.654       1.353   4.5877  10.8224    -1.17      nan      nan    7.914  nan      nan    nan   1.676     nan                                None     -24.370     -25.230     -22.409       0.132     -26.349       0.108
Gaia DR3 6211068999794696576 229.5510598 -30.8056658 16.280  3.494       0.915   4.5225  10.8708    -3.84      nan      nan    7.889  nan      nan    nan   1.188     nan                                None     -22.040     -26.456     -23.082       0.091     -25.347       0.071
Gaia DR3 6224360377396723968 223.9810126 -28.3815530 13.784  2.578       0.537   2.5123  10.9466    -3.33      nan      nan    8.895  nan      nan    nan   1.269     nan                                None     -26.817     -28.304     -26.699       0.022     -29.304       0.020
Gaia DR3 6211346656542908288 229.0005622 -30.1670821 17.701  3.963       0.872   4.1248  11.0346    -3.91      nan      nan    7.785  nan      nan    nan   0.934     nan                                None     -21.929     -25.930     -22.948       0.154     -26.935       0.129
Gaia DR3 6200701429779938944 225.1321438 -35.7920436 14.800  3.129       0.325   4.9628  11.1238    -1.59      nan      nan    7.992  nan      nan    nan   1.333     nan                                None     -23.748     -26.224     -24.284       0.043     -26.334       0.037
Gaia DR3 6225380964695624064 224.2608054 -26.7264124 15.556  3.160       0.580   4.1537  11.1659    -3.83      nan      nan    8.699  nan      nan    nan   1.102     nan                                None     -26.136     -27.551     -26.528       0.051     -28.541       0.042
Gaia DR3 6207201708163518592 229.3395754 -33.2591591 16.926  3.523       0.654   4.8996  11.1795    -3.11      nan      nan    7.957  nan      nan    nan   1.015     nan                                None     -22.301     -26.891     -23.394       0.102     -26.795       0.085
Gaia DR3 6224850450343966592 225.6545554 -27.4849777 15.182  3.113       0.462   3.5997  11.3422    -3.93      nan      nan    8.812  nan      nan    nan   1.102     nan                                None     -26.005     -28.292     -26.062       0.057     -29.149       0.063
Gaia DR3 6216270067751627648 219.0744207 -33.0693937 15.129  2.521       2.319   4.9308  11.5541    -1.03      nan      nan    7.907  nan      nan    nan   1.085     nan                                None     -25.191     -24.383     -21.625       0.036     -25.876       0.033
Gaia DR3 6201314162694996992 227.1041155 -33.6321912 12.006  1.703       0.981   3.6414  11.5615    -2.57      nan      nan    8.829  nan      nan    nan   0.922     nan                                None     -25.553     -29.330     -27.117       0.016     -28.389       0.012
Gaia DR3 6224937792798666496 225.9477787 -26.8808292 18.130  3.939       0.582   4.2561  11.5845    -4.16      nan      nan    8.731  nan      nan    nan   1.021     nan                                None     -25.669     -28.016     -25.719       0.186     -29.086       0.146
Gaia DR3 6207170234643124480 228.9389093 -33.5333820 10.501  1.163       1.224   4.7482  11.6395    -2.96      nan      nan    8.629  nan      nan    nan   1.092     nan                                None     -24.327     -29.093     -26.332       0.018     -28.126       0.014
Gaia DR3 6200991941366872448 227.3841792 -34.8531700 14.228  2.941       1.233   4.7498  11.6430    -2.29      nan      nan    7.847  nan      nan    nan   1.943     nan                                None     -22.622     -26.215     -24.376       0.047     -25.174       0.044
Gaia DR3 6211374870186400384 228.8293194 -29.8535759 15.877  3.352       0.971   4.0536  11.6464    -3.96      nan      nan    8.775  nan      nan    nan   1.090     nan                                None     -24.780     -29.150     -26.575       0.058     -29.155       0.048
Gaia DR3 6213864782986838400 228.9158683 -28.3035429 17.297  3.360       2.654   4.7806  11.8302    -4.40      nan      nan    7.831  nan      nan    nan   1.029     nan                                None     -22.086     -25.844     -20.174       0.135     -29.786       0.105
Gaia DR3 6205813437294165376 224.3795883 -30.8903931 13.863  2.644       0.829   0.0828  11.8369    -2.75      nan      nan    9.070  nan      nan    nan   1.362     nan                                None     -27.209     -29.210     -28.783       0.028     -29.399       0.024
Gaia DR3 6203928736924721152 225.4918642 -34.3589850  6.164  0.346       2.735   3.6246  11.8660    -2.05      nan      nan    7.642  nan      nan    nan   0.939     nan                                None     -22.602     -25.083     -26.948       0.041     -24.359       0.037
Gaia DR3 6206367110118144128 229.8352101 -33.9421786 17.746  3.997       1.167   5.5968  11.9122    -3.02      nan      nan    8.254  nan      nan    nan   0.764     nan                                None     -22.961     -28.069     -24.665       0.170     -26.964       0.140
Gaia DR3 6202544378767576704 223.0883116 -34.7876579 18.422  3.990       0.287   4.0346  11.9237    -1.44      nan      nan    7.689  nan      nan    nan   0.986     nan                                None     -23.433     -24.709     -23.253       0.235     -24.281       0.216
Gaia DR3 6213884161879624832 229.6343883 -28.0321463 16.369  3.296       1.480   5.4592  11.9417    -4.62      nan      nan    8.045  nan      nan    nan   1.045     nan                                None     -22.446     -26.646     -24.923       0.070     -27.051       0.057
Gaia DR3 6207221842970475520 229.2674507 -32.9594059 14.148  2.796       1.119   4.7127  12.0639    -3.18      nan      nan    7.790  nan      nan    nan  20.703     nan                                None     -21.855     -26.282     -22.113       0.478     -28.101       0.434
Gaia DR3 6205445891173616768 225.4739678 -32.1328245 14.065  2.678       0.645   1.6121  12.1120    -2.65      nan      nan    9.056  nan      nan    nan   1.344     nan                                None     -26.790     -29.545     -27.207       0.031     -30.703       0.026
Gaia DR3 6222077138411864576 218.4200349 -28.8474022 15.213  2.776       1.305   5.4754  12.1433    -1.95      nan      nan    8.003  nan      nan    nan   1.051     nan                                None     -25.665     -24.342     -23.536       0.039     -24.904       0.031
Gaia DR3 6211224408892541696 230.1869663 -29.9562370 13.144  2.273       2.516   5.1730  12.1683    -4.20      nan      nan    7.888  nan      nan    nan  24.930     nan                                None     -21.824     -26.476     -17.654       0.565     -26.818       0.454
Gaia DR3 6205493204533115136 224.4435477 -31.9979695 16.964  3.692       0.911   1.1262  12.2251    -2.47      nan      nan    9.085  nan      nan    nan   1.027     nan                                None     -27.231     -29.369     -28.967       0.101     -29.193       0.087
Gaia DR3 6213136111718149376 229.9236802 -28.0693017 17.223  4.021       0.596   5.6562  12.2618    -4.67      nan      nan    8.394  nan      nan    nan   0.925     nan                                None     -23.318     -27.864     -24.363       0.170     -28.008       0.180
Gaia DR3 6211463071633630720 229.3339075 -29.6709334 14.637  2.794       0.420   4.5253  12.3247    -4.11      nan      nan    7.728  nan      nan    nan   1.410     nan                                None     -21.661     -25.747     -22.280       0.040     -25.457       0.031
Gaia DR3 6212222731086999680 228.1984443 -29.0143391 18.648  3.898       1.301   3.8708  12.3799    -4.06      nan      nan    7.631  nan      nan    nan   0.967     nan                                None     -21.747     -25.138     -20.383       0.271     -26.724       0.236
Gaia DR3 6212050623161754880 226.8246992 -29.4973923 14.631  2.857       0.776   2.5951  12.3967    -3.64      nan      nan    9.020  nan      nan    nan   1.237     nan                                None     -26.206     -29.472     -27.679       0.042     -29.366       0.040
Gaia DR3 6207239160278122752 230.1644257 -33.1667300 15.726  3.441       1.020   5.4839  12.4207    -3.30      nan      nan    7.950  nan      nan    nan   2.587     nan                                None     -22.003     -27.032     -21.114       0.128     -28.492       0.098
Gaia DR3 6208164364953718272 230.0574631 -30.6982743 14.375  2.766       0.479   4.9626  12.4859    -3.97      nan      nan    7.795  nan      nan    nan   1.277     nan                                None     -21.610     -26.226     -22.176       0.030     -25.681       0.025
Gaia DR3 6225500978965686016 223.0056379 -26.9834072 14.381  2.673       1.391   4.0539  12.4972    -3.48      nan      nan    7.644  nan      nan    nan   9.433     nan                                None     -23.319     -24.006     -21.428       0.264     -22.803       0.221
Gaia DR3 6217128442734265472 219.7671003 -30.6832939 14.157  2.740       1.501   3.8852  12.5756    -1.79      nan      nan    8.902  nan      nan    nan   1.284     nan                                None     -28.158     -27.522     -25.863       0.029     -25.888       0.029
Gaia DR3 6204792540747132544 226.0445003 -31.9369442  8.470  0.441       1.412   1.8371  12.5978    -2.82      nan      nan    7.463  nan      nan    nan   0.941     nan                                None     -21.911     -24.449     -22.090       0.024     -22.234       0.018
Gaia DR3 6217128305293058944 219.7535970 -30.6990464 13.100  2.300       1.938   3.8957  12.6061    -1.79      nan      nan    8.904  nan      nan    nan   1.242     nan                                None     -28.168     -27.525     -26.140       0.020     -24.504       0.021
Gaia DR3 6225301524980466304 224.4995360 -27.2069339 17.048  3.525       1.526   3.6779  12.6580    -3.75      nan      nan    7.588  nan      nan    nan   1.044     nan                                None     -22.730     -24.126     -20.323       0.093     -24.527       0.087
Gaia DR3 6202950613956618624 219.9736819 -35.5811794 18.890  4.118       1.995   5.9229  12.6640    -0.58      nan      nan    8.148  nan      nan    nan   0.900     nan                                None     -25.718     -25.417     -22.298       0.269     -25.211       0.267
Gaia DR3 6207564581359905024 229.4431126 -32.1020667 14.576  2.793       1.162   4.5654  12.6658    -3.46      nan      nan    8.805  nan      nan    nan   1.142     nan                                None     -24.638     -29.656     -26.715       0.032     -29.079       0.024
Gaia DR3 6207388934376629760 228.3670377 -33.1429496 16.664  3.510       1.221   4.1356  12.6977    -2.96      nan      nan    8.879  nan      nan    nan   1.011     nan                                None     -25.244     -29.763     -24.749       0.086     -27.532       0.067
Gaia DR3 6201037468020027392 228.6648308 -34.7615776  9.073  0.640       2.593   5.3486  12.7092    -2.56      nan      nan    7.861  nan      nan    nan   1.063     nan                                None     -22.252     -26.543     -19.828       0.026     -22.994       0.022
Gaia DR3 6204922283120226432 223.4059305 -33.3621776 17.689  3.675       1.458   2.5911  12.7352    -1.89      nan      nan    7.494  nan      nan    nan   1.061     nan                                None     -22.752     -24.088     -23.380       0.158     -21.871       0.146
Gaia DR3 6218881476585658368 220.7546390 -29.0188792 15.577  3.010       1.547   3.5795  12.7600    -2.44      nan      nan    7.571  nan      nan    nan   1.080     nan                                None     -23.697     -23.513     -21.322       0.044     -24.186       0.038
Gaia DR3 6217128305295069440 219.7539195 -30.7005728 10.553  1.223       0.982   3.8953  12.7963    -1.79      nan      nan    8.924  nan      nan    nan   1.128     nan                                None     -28.231     -27.587     -26.478       0.021     -27.002       0.021
Gaia DR3 6200322407506663296 229.2259520 -34.5355008 12.928  2.035       0.975   5.5353  12.8158    -2.74      nan      nan    7.901  nan      nan    nan   1.017     nan                                None     -22.180     -26.784     -23.734       0.025     -26.315       0.018
Gaia DR3 6200303853247918720 229.2188455 -34.6701241 14.783  2.844       1.199   5.6182  12.8790    -2.70      nan      nan    7.918  nan      nan    nan   1.253     nan                                None     -22.231     -26.851     -23.897       0.038     -25.744       0.029
Gaia DR3 6222860609166033280 218.2546547 -28.3035757 15.999  3.072       1.193   5.8403  12.9139    -2.05      nan      nan    8.001  nan      nan    nan   1.015     nan                                None     -25.703     -24.271     -23.749       0.055     -24.753       0.045
Gaia DR3 6222680048741050624 220.1416115 -27.0476362 14.780  2.955       1.234   5.2736  12.9574    -2.81      nan      nan    8.689  nan      nan    nan   1.121     nan                                None     -27.375     -26.681     -25.218       0.034     -26.009       0.030
Gaia DR3 6207388934376629504 228.3663857 -33.1474032  8.670  0.601       1.310   4.1375  13.0290    -2.96      nan      nan    8.915  nan      nan    nan   0.960     nan                                None     -25.346     -29.883     -23.790       0.025     -27.974       0.020
Gaia DR3 6202242567124829312 224.2268209 -35.6955718  7.881  0.190       0.160   4.8158  13.0532    -1.43      nan      nan    7.708  nan      nan    nan   0.830     nan                                None     -23.167     -25.074     -23.408       0.027     -24.979       0.026
Gaia DR3 6212050520082538880 226.8120956 -29.5046112  8.079  0.452       0.582   2.5820  13.0644    -3.64      nan      nan    9.082  nan      nan    nan   0.873     nan                                None     -26.390     -29.671     -27.420       0.034     -29.247       0.036
Gaia DR3 6201195969492814336 227.0686843 -34.5797991 14.442  2.804       1.208   4.3786  13.1142    -2.30      nan      nan    8.888  nan      nan    nan   1.106     nan                                None     -25.738     -29.595     -27.900       0.032     -28.923       0.030
Gaia DR3 6213042069112745856 230.4682828 -28.7107471 11.349  1.266       1.350   5.7875  13.1341    -4.60      nan      nan    7.934  nan      nan    nan   0.983     nan                                None     -21.856     -26.523     -19.743       0.019     -27.318       0.018
Gaia DR3 6202145191627166976 223.5163618 -36.1029537 13.949  2.916       1.015   5.2619  13.1742    -1.18      nan      nan    8.724  nan      nan    nan   3.528     nan                                None     -26.450     -28.204     -27.139       0.073     -26.470       0.060
Gaia DR3 6210679085483475840 228.2714120 -31.5034365 17.380  3.667       0.669   3.4674  13.2562    -3.39      nan      nan    7.526  nan      nan    nan   0.959     nan                                None     -21.426     -25.063     -22.483       0.150     -24.960       0.146
Gaia DR3 6206252962770799360 230.1951498 -34.6443062 15.289  3.275       1.414   6.2333  13.2597    -2.89      nan      nan    8.261  nan      nan    nan   6.387     nan                                None     -22.854     -28.237     -22.131       0.217     -25.884       0.190
Gaia DR3 6200310759555349760 229.2936087 -34.5467411 16.197  3.353       1.237   5.5853  13.2987    -2.74      nan      nan    7.844  nan      nan    nan   1.081     nan                                None     -22.000     -26.609     -23.906       0.084     -25.867       0.053
Gaia DR3 6200370648577945216 226.6459299 -36.6583826 15.394  3.374       1.890   6.1022  13.3120    -1.65      nan      nan    8.444  nan      nan    nan   1.419     nan                                None     -24.592     -28.136     -27.957       0.068     -28.154       0.056
Gaia DR3 6203714538315357696 224.9117379 -35.4923873 13.333  2.202       0.323   4.6422  13.4123    -1.62      nan      nan    7.648  nan      nan    nan   1.191     nan                                None     -22.789     -25.029     -23.306       0.020     -25.083       0.020
Gaia DR3 6206053714943873408 230.0556817 -34.9255522  7.752  0.257       1.256   6.3105  13.4311    -2.78      nan      nan    8.203  nan      nan    nan   1.053     nan                                None     -22.741     -28.030     -22.631       0.044     -25.861       0.033
Gaia DR3 6211204583322814592 230.3070650 -30.2221962 15.269  3.166       1.419   5.2279  13.4397    -4.15      nan      nan    8.769  nan      nan    nan   1.128     nan                                None     -24.217     -29.495     -21.809       0.046     -28.455       0.038
Gaia DR3 6218881476585657984 220.7542245 -29.0199264 14.452  2.921       1.652   3.5792  13.4869    -2.44      nan      nan    7.520  nan      nan    nan   1.350     nan                                None     -23.537     -23.355     -21.088       0.036     -24.279       0.032
Gaia DR3 6226409489108532224 228.8507011 -26.0436556 15.271  2.842       2.209   6.2841  13.4918    -5.00      nan      nan    8.368  nan      nan    nan   1.079     nan                                None     -23.624     -27.278     -19.731       0.050     -27.100       0.056
Gaia DR3 6219147519742679424 222.5575991 -28.4894663 15.610  3.128       0.504   2.8219  13.5011    -2.99      nan      nan    9.103  nan      nan    nan   1.141     nan                                None     -27.918     -28.650     -28.803       0.053     -29.040       0.050
Gaia DR3 6199123252637344640 225.0710935 -36.3916411 11.456  1.353       0.904   5.5504  13.5173    -1.41      nan      nan    7.807  nan      nan    nan   0.963     nan                                None     -23.215     -25.627     -24.407       0.022     -24.736       0.018
Gaia DR3 6199111737826200320 225.5550892 -36.4188823 11.791  1.466       1.049   5.6389  13.5409    -1.50      nan      nan    7.826  nan      nan    nan   1.072     nan                                None     -23.127     -25.807     -24.809       0.017     -25.400       0.016
Gaia DR3 6201450506434437888 227.8993169 -33.0138593 17.483  3.740       1.619   3.7365  13.6457    -2.90      nan      nan    7.524  nan      nan    nan   0.710     nan                                None     -21.534     -25.113     -19.183       0.138     -24.079       0.121
Gaia DR3 6202077468582644224 223.7268566 -36.4304821  7.261  0.062       1.375   5.5697  13.6641    -1.13      nan      nan    7.793  nan      nan    nan   1.012     nan                                None     -23.569     -25.258     -22.691       0.037     -27.341       0.036
Gaia DR3 6204566556749759488 225.8084947 -33.1750111 14.288  2.971       1.076   2.6339  13.6679    -2.43      nan      nan    9.133  nan      nan    nan   1.244     nan                                None     -26.899     -29.970     -28.914       0.032     -29.493       0.027
Gaia DR3 6200698230027090048 225.5448625 -35.6439116 18.699  4.075       0.728   4.8790  13.6756    -1.71      nan      nan    7.660  nan      nan    nan   1.002     nan                                None     -22.640     -25.223     -21.569       0.271     -25.709       0.220
Gaia DR3 6200253894188252800 229.6414256 -34.8380335 14.943  2.934       1.226   5.9914  13.7398    -2.73      nan      nan    8.600  nan      nan    nan   1.097     nan                                None     -23.993     -29.279     -26.069       0.035     -28.489       0.028
Gaia DR3 6202196215837846016 224.6847456 -35.9743535 15.329  2.984       0.547   5.1053  13.7559    -1.45      nan      nan    7.690  nan      nan    nan   1.099     nan                                None     -22.980     -25.135     -23.478       0.042     -24.400       0.035
Gaia DR3 6220173643266533120 218.0178330 -30.0592951 10.505  1.038       1.372   5.4619  13.7793    -1.55      nan      nan    7.756  nan      nan    nan   1.186     nan                                None     -24.972     -23.566     -22.785       0.020     -24.065       0.017
Gaia DR3 6206506885533137024 230.4266352 -33.2465559 16.911  3.475       1.399   5.7171  13.7893    -3.33      nan      nan    7.814  nan      nan    nan   1.049     nan                                None     -21.539     -26.631     -23.299       0.098     -25.144       0.076
Gaia DR3 6213042073410590464 230.4683088 -28.7111775 14.838    nan       2.433   5.7874  13.8477    -4.60      nan      nan    7.824  nan      nan    nan   1.097     nan                                None     -21.554     -26.157     -17.659       0.147     -25.193       0.102
Gaia DR3 6200310484677437184 229.3097064 -34.5659929 12.920  2.016       1.452   5.6078  13.8706    -2.74      nan      nan    7.777  nan      nan    nan   1.571     nan                                None     -21.807     -26.387     -21.719       0.032     -24.008       0.025
Gaia DR3 6213115122214516608 230.1307847 -28.2872337  7.166  0.107       0.679   5.7064  13.9210    -4.65      nan      nan    8.721  nan      nan    nan   0.992     nan                                None     -24.150     -29.023     -25.315       0.044     -28.578       0.042
Gaia DR3 6202077056265768832 223.7046737 -36.4636866 14.007  2.616       0.741   5.6044  13.9574    -1.12      nan      nan    7.766  nan      nan    nan   4.697     nan                                None     -23.493     -25.167     -23.807       0.103     -23.996       0.092
Gaia DR3 6202170858351403008 224.4842793 -36.1129092 16.178  3.435       0.371   5.2355  14.0019    -1.37      nan      nan    7.689  nan      nan    nan   0.927     nan                                None     -23.035     -25.089     -23.568       0.059     -24.809       0.054
Gaia DR3 6221347749885896192 217.8894698 -28.6263326  8.463  0.681       1.649   5.9901  14.0256    -1.88      nan      nan    7.856  nan      nan    nan   1.057     nan                                None     -25.328     -23.773     -22.603       0.025     -23.583       0.020
Gaia DR3 6206038768457662208 230.2296177 -35.0300477 17.260  3.841       1.464   6.4871  14.0295    -2.79      nan      nan    8.422  nan      nan    nan   1.028     nan                                None     -23.285     -28.827     -25.591       0.133     -27.627       0.130
Gaia DR3 6200596254620805888 226.8804698 -35.3923994 16.363  3.478       2.004   5.0083  14.0694    -2.04      nan      nan    7.645  nan      nan    nan   0.998     nan                                None     -22.194     -25.463     -19.185       0.078     -24.294       0.072
Gaia DR3 6202164153904129792 224.3316668 -36.2077302 10.028  0.994       0.590   5.3278  14.1057    -1.32      nan      nan    7.695  nan      nan    nan   0.911     nan                                None     -23.098     -25.077     -22.782       0.018     -24.173       0.016
Gaia DR3 6200568526311168896 226.7827280 -35.6307503  8.994  0.717       0.882   5.1894  14.1494    -1.96      nan      nan    8.870  nan      nan    nan   9.437     nan                                None     -25.785     -29.533     -27.400       0.166     -29.198       0.140
Gaia DR3 6199998665752927744 229.3936709 -35.7082659 17.890  3.712       1.337   6.4441  14.1805    -2.44      nan      nan    8.002  nan      nan    nan   0.961     nan                                None     -22.409     -27.255     -24.229       0.176     -25.924       0.178
Gaia DR3 6210693787155012480 227.9422683 -31.4803376 17.533  3.825       1.939   3.1868  14.1920    -3.33      nan      nan    9.138  nan      nan    nan   1.030     nan                                None     -26.138     -30.350     -29.563       0.186     -31.840       0.193
Gaia DR3 6202077468582644480 223.7252539 -36.4306839 10.572  1.140       1.093   5.5701  14.2102    -1.13      nan      nan    7.731  nan      nan    nan   0.862     nan                                None     -23.380     -25.055     -23.748       0.014     -23.313       0.012
Gaia DR3 6200696378898587520 225.4789241 -35.7131187 15.223  2.979       0.992   4.9351  14.2699    -1.68      nan      nan    7.616  nan      nan    nan   1.095     nan                                None     -22.530     -25.067     -24.122       0.040     -25.035       0.036
Gaia DR3 6213270668751348096 230.6493336 -27.5400371 14.694  2.823       0.631   6.4808  14.2951    -4.96      nan      nan    8.510  nan      nan    nan   1.122     nan                                None     -23.378     -28.310     -24.365       0.032     -27.756       0.027
Gaia DR3 6206951603629378816 231.9456404 -32.5835404 16.961  3.623       1.889   6.7337  14.3187    -3.80      nan      nan    8.227  nan      nan    nan   1.036     nan                                None     -22.134     -28.290     -21.869       0.132     -25.025       0.107
Gaia DR3 6199754990787991424 227.5125461 -36.0970947 13.445  2.302       1.243   5.8699  14.3395    -1.97      nan      nan    7.782  nan      nan    nan   1.121     nan                                None     -22.396     -26.105     -24.162       0.018     -25.085       0.016
Gaia DR3 6216942041153207168 218.7423507 -31.8593043 16.839  3.392       1.419   4.8312  14.4021    -1.26      nan      nan    7.591  nan      nan    nan   0.973     nan                                None     -24.266     -23.294     -22.022       0.083     -23.647       0.088
Gaia DR3 6220173638969887616 218.0215236 -30.0547153 15.419  2.929       1.723   5.4596  14.4198    -1.56      nan      nan    7.688  nan      nan    nan   1.087     nan                                None     -24.752     -23.360     -22.307       0.050     -24.709       0.044
Gaia DR3 6200322407506663040 229.2229795 -34.5372022 14.080  2.835       1.434   5.5345  14.4201    -2.73      nan      nan    7.702  nan      nan    nan   3.943     nan                                None     -21.622     -26.109     -23.542       0.100     -24.792       0.071
Gaia DR3 6201730984981750528 222.8371802 -36.6680209 16.200  3.326       0.496   5.9113  14.4907    -0.89      nan      nan    7.774  nan      nan    nan   1.124     nan                                None     -23.762     -24.983     -24.447       0.089     -24.546       0.067
Gaia DR3 6207058286317958784 232.0967544 -31.8395449 18.487  4.021       1.390   6.7387  14.5318    -4.04      nan      nan    8.085  nan      nan    nan   1.067     nan                                None     -21.699     -27.747     -21.815       0.249     -25.381       0.191
Gaia DR3 6199755025148560768 227.5274391 -36.0990581 13.451  2.279       1.226   5.8774  14.5355    -1.97      nan      nan    7.760  nan      nan    nan   1.010     nan                                None     -22.328     -26.035     -24.084       0.043     -25.068       0.037
Gaia DR3 6206819456073299072 231.3872730 -33.1311356 15.971  3.263       0.455   6.4288  14.5494    -3.54      nan      nan    8.596  nan      nan    nan   0.994     nan                                None     -23.337     -29.499     -23.880       0.059     -30.120       0.043
Gaia DR3 6206928307725743488 231.1551709 -32.5513759 14.617  2.855       2.580   6.0781  14.5565    -3.66      nan      nan    8.718  nan      nan    nan   3.185     nan                                None     -23.757     -29.799     -20.992       0.700     -25.947       0.418
Gaia DR3 6211050823492898176 228.9276855 -31.0002907 14.975  2.937       0.661   3.9846  14.5569    -3.66      nan      nan    7.484  nan      nan    nan   1.187     nan                                None     -21.103     -25.000     -22.103       0.035     -24.704       0.030
Gaia DR3 6208136396122878976 231.0532293 -30.5155279 15.209  2.959       0.589   5.8313  14.6026    -4.22      nan      nan    7.742  nan      nan    nan   1.181     nan                                None     -21.133     -26.217     -21.992       0.052     -25.786       0.034
Gaia DR3 6201616017296493056 222.7660469 -37.6086546 14.888  2.891       0.638   6.8443  14.6451    -0.63      nan      nan    8.137  nan      nan    nan   1.113     nan                                None     -24.895     -26.155     -25.064       0.033     -25.074       0.027
Gaia DR3 6199162212282828288 224.6251146 -36.3319645 11.811  1.501       0.610   5.4593  14.6768    -1.34      nan      nan    7.663  nan      nan    nan   1.047     nan                                None     -22.916     -25.045     -23.664       0.017     -24.403       0.015
Gaia DR3 6203657118894015360 221.6110892 -33.6008839 18.331  3.897       2.321   3.5371  14.7263    -1.44      nan      nan    7.434  nan      nan    nan   1.025     nan                                None     -23.049     -23.513     -25.956       0.254     -21.327       0.195
Gaia DR3 6206241830215711232 229.9017956 -34.9299976 18.502  3.965       1.102   6.2147  14.7460    -2.75      nan      nan    7.818  nan      nan    nan   0.964     nan                                None     -21.726     -26.682     -23.500       0.280     -26.293       0.208
Gaia DR3 6206087731085244032 230.5480953 -34.5186074 16.669  3.659       1.388   6.4030  14.7874    -2.99      nan      nan    7.868  nan      nan    nan   1.062     nan                                None     -21.648     -26.958     -21.910       0.098     -24.670       0.072
Gaia DR3 6199869339997317504 228.7432870 -36.2906006 13.597  2.362       1.507   6.5612  14.8031    -2.15      nan      nan    7.921  nan      nan    nan   4.171     nan                                None     -22.398     -26.871     -21.902       0.402     -24.403       0.313
Gaia DR3 6200409853040214528 226.0659358 -36.4556586 14.982  2.956       1.250   5.7692  14.8181    -1.59      nan      nan    7.706  nan      nan    nan   1.033     nan                                None     -22.618     -25.532     -24.554       0.039     -24.919       0.030
Gaia DR3 6221634447542966656 217.0769211 -27.8543179 16.408  3.422       1.048   6.9694  14.8280    -1.88      nan      nan    8.208  nan      nan    nan   0.959     nan                                None     -26.669     -24.615     -24.943       0.068     -25.174       0.064
Gaia DR3 6207879625800596352 230.8152376 -31.4435298 14.552  2.793       1.439   5.6164  14.8335    -3.91      nan      nan    7.675  nan      nan    nan   1.275     nan                                None     -21.028     -26.051     -23.192       0.043     -25.191       0.039
Gaia DR3 6199656721930630912 227.9314082 -36.5853885 19.317  3.580       1.092   6.4602  14.8669    -1.91      nan      nan    7.874  nan      nan    nan   0.941     nan                                None     -22.527     -26.539     -23.089       0.362     -24.816       0.311
Gaia DR3 6198588512028200832 223.3837766 -37.8028983 15.554  3.157       1.183   6.9625  14.8765    -0.70      nan      nan    8.150  nan      nan    nan   1.111     nan                                None     -24.750     -26.363     -23.234       0.047     -25.010       0.051
Gaia DR3 6200310519037175040 229.2950411 -34.5722121 10.883  1.188       0.909   5.6025  14.8834    -2.74      nan      nan    7.668  nan      nan    nan   0.786     nan                                None     -21.504     -26.012     -21.875       0.017     -24.590       0.012
Gaia DR3 6207532832961460608 229.0687566 -32.3859875 15.620  3.052       0.659   4.3429  14.9084    -3.31      nan      nan    7.494  nan      nan    nan   1.042     nan                                None     -21.089     -25.196     -21.969       0.049     -24.641       0.038
Gaia DR3 6200052404383588992 228.6219917 -36.2349965  9.230  0.636       1.180   6.4592  14.9276    -2.14      nan      nan    7.864  nan      nan    nan   1.239     nan                                None     -22.275     -26.645     -22.776       0.025     -24.753       0.021
Gaia DR3 6221210688889696640 217.1218241 -29.2608537 16.726  3.468       1.390   6.4047  14.9520    -1.55      nan      nan    7.843  nan      nan    nan   1.169     nan                                None     -25.472     -23.600     -23.181       0.096     -23.778       0.084
Gaia DR3 6222006013753917056 218.6652917 -29.2150158 14.328  2.955       1.403   5.1398  14.9740    -1.92      nan      nan    7.586  nan      nan    nan   0.886     nan                                None     -24.269     -23.145     -22.095       0.067     -23.699       0.054
Gaia DR3 6208566369594256768 232.4857131 -31.5958913 11.947  1.586       1.015   7.0475  15.0028    -4.18      nan      nan    8.311  nan      nan    nan   1.185     nan                                None     -22.162     -28.570     -22.761       0.025     -26.896       0.022
Gaia DR3 6204194264684956416 225.3148642 -33.3712107 16.397  3.312       1.887   2.6397  15.0115    -2.28      nan      nan    7.360  nan      nan    nan   0.980     nan                                None     -21.817     -24.061     -19.151       0.072     -22.850       0.064
Gaia DR3 6201826401973070976 220.9419213 -37.3193486 17.071    nan       0.716   7.0074  15.0288    -0.33      nan      nan    8.118  nan      nan    nan   0.732     nan                                None     -25.357     -25.602     -26.437       0.203     -25.024       0.204
Gaia DR3 6199117995597281408 225.2194157 -36.4762459 10.765  1.128       2.975   5.6500  15.0579    -1.42      nan      nan    7.659  nan      nan    nan   0.964     nan                                None     -22.732     -25.180     -26.303       0.018     -28.392       0.016
Gaia DR3 6203360942248429440 222.6397355 -34.3419702 14.305  2.801       1.613   3.7285  15.0607    -1.47      nan      nan    9.172  nan      nan    nan   1.211     nan                                None     -28.101     -29.327     -29.451       0.030     -32.138       0.027
Gaia DR3 6207691879894474880 231.0125833 -32.1642666 11.679  1.795       2.919   5.8767  15.0702    -3.74      nan      nan    8.847  nan      nan    nan   4.515     nan                                None     -24.165     -30.163     -18.754       0.079     -29.558       0.068
Gaia DR3 6207834369727389184 231.8581237 -31.4942530 16.518  2.848       2.374   6.5074  15.0998    -4.09      nan      nan    7.853  nan      nan    nan   0.960     nan                                None     -21.157     -26.862     -24.151       0.078     -24.317       0.059
Gaia DR3 6206661779235039616 232.0264465 -32.9670539 14.498  3.044       0.359   6.8929  15.1015    -3.71      nan      nan    8.507  nan      nan    nan   1.891     nan                                None     -22.858     -29.317     -23.422       0.059     -29.006       0.049
Gaia DR3 6205994100798381824 230.6478933 -35.0660238 16.567  3.768       2.011   6.7816  15.1435    -2.85      nan      nan    7.945  nan      nan    nan   0.952     nan                                None     -21.825     -27.290     -22.004       0.085     -23.926       0.072
Gaia DR3 6229527875878416512 224.0740476 -23.8111642 15.694  2.578       2.569   7.0713  15.1468    -4.54      nan      nan    8.127  nan      nan    nan   1.022     nan                                None     -24.474     -25.340     -26.207       0.048     -29.386       0.045
Gaia DR3 6208136391829015936 231.0476739 -30.5162896 10.592  1.105       0.905   5.8265  15.1531    -4.21      nan      nan    7.682  nan      nan    nan   0.930     nan                                None     -20.970     -26.011     -22.094       0.019     -25.072       0.013
Gaia DR3 6200873400270601856 226.4983021 -34.5730478 18.817    nan       2.133   4.1359  15.1635    -2.19      nan      nan    7.456  nan      nan    nan   1.034     nan                                None     -21.760     -24.704     -18.425       0.448     -24.358       0.295
Gaia DR3 6200310514738629504 229.2944981 -34.5771753  7.965  0.234       2.029   5.6053  15.1725    -2.74      nan      nan    7.640  nan      nan    nan   0.929     nan                                None     -21.427     -25.919     -20.732       0.036     -22.727       0.027
Gaia DR3 6207879625800596224 230.8147386 -31.4443576 14.324  2.697       1.076   5.6161  15.1784    -3.91      nan      nan    7.642  nan      nan    nan   1.230     nan                                None     -20.937     -25.937     -21.656       0.039     -24.360       0.035
Gaia DR3 6201524517314279040 222.4600258 -37.6807280 16.758  3.541       1.271   6.9652  15.2176    -0.55      nan      nan    8.019  nan      nan    nan   1.040     nan                                None     -24.620     -25.695     -23.326       0.099     -23.979       0.085
Gaia DR3 6209382039721564160 232.5397304 -30.8453615 15.156  2.936       1.515   7.0853  15.2787    -4.41      nan      nan    8.082  nan      nan    nan   1.010     nan                                None     -21.531     -27.697     -21.512       0.035     -25.115       0.027
Gaia DR3 6205813437291075840 224.3794472 -30.8892779 19.959  3.005       0.973   0.0826  15.3302    -2.75      nan      nan    9.367  nan      nan    nan   1.083     nan                                None     -28.100     -30.165     -29.067       0.753     -28.505       0.695
Gaia DR3 6199540551660194432 227.2240389 -37.2631438 11.621  1.477       1.012   6.8309  15.3405    -1.59      nan      nan    7.926  nan      nan    nan   1.923     nan                                None     -22.901     -26.579     -21.508       0.066     -25.622       0.058
Gaia DR3 6212155042405589632 227.9036236 -29.8790782 14.719  3.033       1.664   3.2790  15.3845    -3.76      nan      nan    7.375  nan      nan    nan   1.147     nan                                None     -21.107     -24.333     -18.745       0.036     -23.277       0.030
Gaia DR3 6197990755657141888 226.9120403 -37.7956473 17.269    nan       0.143   7.2472  15.4101    -1.38      nan      nan    8.292  nan      nan    nan   2.531     nan                                None     -24.064     -27.753     -23.847       0.458     -27.628       0.362
Gaia DR3 6199410156455809792 229.0174291 -36.9830422 13.531  2.855       1.359   7.2550  15.4211    -2.01      nan      nan    8.235  nan      nan    nan   3.109     nan                                None     -23.191     -28.045     -23.735       0.065     -25.749       0.058
Gaia DR3 6199989221119985920 229.6865134 -35.7669423 14.121  2.582       1.109   6.6504  15.4253    -2.48      nan      nan    7.847  nan      nan    nan   1.225     nan                                None     -21.879     -26.798     -22.208       0.031     -24.993       0.028
Gaia DR3 6199664281078076800 228.1338985 -36.6596004 16.874  3.645       1.476   6.6049  15.4363    -1.93      nan      nan    7.832  nan      nan    nan   1.118     nan                                None     -22.340     -26.447     -24.691       0.124     -25.805       0.094
Gaia DR3 6199656721935754112 227.9276534 -36.5906467 17.522  4.202       1.999   6.4633  15.4976    -1.91      nan      nan    7.784  nan      nan    nan   0.855     nan                                None     -22.269     -26.234     -24.527       0.169     -23.854       0.138
Gaia DR3 6013814655270219392 230.9162580 -35.5242577 14.446  2.785       1.399   7.2331  15.4986    -2.77      nan      nan    8.394  nan      nan    nan   1.166     nan                                None     -22.961     -28.934     -25.331       0.031     -28.224       0.025
Gaia DR3 6198907748358483840 225.5051928 -36.8534882 17.192  3.566       1.095   6.0587  15.5269    -1.37      nan      nan    7.688  nan      nan    nan   0.939     nan                                None     -22.735     -25.359     -22.624       0.142     -23.588       0.120
Gaia DR3 6201057735969231744 228.2484340 -34.5904334 14.045  2.554       2.390   4.9879  15.5272    -2.53      nan      nan    7.521  nan      nan    nan  10.020     nan                                None     -21.420     -25.296     -19.434       0.200     -22.068       0.170
Gaia DR3 6223004125497734400 218.7079145 -27.6136164 14.882  2.808       2.594   5.8585  15.5367    -2.33      nan      nan    7.649  nan      nan    nan   1.054     nan                                None     -24.462     -23.252     -20.316       0.033     -22.698       0.027
Gaia DR3 6206096252300373504 230.7482639 -34.3665690 15.169  2.878       1.325   6.4629  15.5690    -3.07      nan      nan    7.774  nan      nan    nan   1.231     nan                                None     -21.323     -26.666     -21.721       0.051     -24.532       0.039
Gaia DR3 6200322235708220800 229.2452126 -34.5279994 16.019  3.234       1.231   5.5426  15.5837    -2.74      nan      nan    7.593  nan      nan    nan   1.101     nan                                None     -21.310     -25.744     -21.715       0.073     -23.815       0.051
Gaia DR3 6209382035424339712 232.5483699 -30.8351946 12.259  1.860       1.149   7.0932  15.5999    -4.41      nan      nan    7.990  nan      nan    nan  12.767     nan                                None     -21.282     -27.381     -19.995       0.205     -25.936       0.152
Gaia DR3 6214192330076036992 228.8292765 -27.0622198 18.450  3.921       2.221   5.5114  15.6034    -4.72      nan      nan    7.586  nan      nan    nan   0.892     nan                                None     -21.423     -24.863     -23.172       0.240     -27.954       0.180
Gaia DR3 6201953155048543488 221.9309838 -36.5885562 15.144  2.898       0.113   6.0339  15.6364    -0.73      nan      nan    7.672  nan      nan    nan   1.064     nan                                None     -23.699     -24.432     -23.663       0.034     -24.252       0.031
Gaia DR3 6200177851790170496 228.3071444 -35.2988631 12.646  1.835       1.137   5.5564  15.6409    -2.35      nan      nan    7.590  nan      nan    nan   1.218     nan                                None     -21.597     -25.588     -23.150       0.016     -24.641       0.014
Gaia DR3 6201739093877925632 221.5105365 -37.8129066 17.027  3.626       0.756   7.3001  15.6433    -0.32      nan      nan    8.397  nan      nan    nan   0.989     nan                                None     -26.064     -26.646     -27.180       0.089     -25.909       0.083
Gaia DR3 6208136396126956928 231.0541966 -30.5160113 12.884  2.010       1.122   5.8321  15.6633    -4.22      nan      nan    7.633  nan      nan    nan   1.162     nan                                None     -20.833     -25.845     -22.113       0.023     -24.572       0.016
Gaia DR3 6201953155048544000 221.9295571 -36.5874585 14.595  2.642       0.772   6.0333  15.6726    -0.73      nan      nan    7.668  nan      nan    nan   1.151     nan                                None     -23.688     -24.419     -24.715       0.028     -23.711       0.026
Gaia DR3 6210855969417291264 227.0678993 -31.2261479 13.866  2.590       1.448   2.4100  15.7174    -3.22      nan      nan    9.335  nan      nan    nan   1.245     nan                                None     -27.031     -30.763     -29.812       0.024     -31.387       0.019
Gaia DR3 6210795324479479168 227.4904763 -31.3594608 13.942  2.324       2.798   2.7866  15.7325    -3.27      nan      nan    7.325  nan      nan    nan   1.135     nan                                None     -21.087     -24.233     -17.036       0.024     -22.731       0.020
Gaia DR3 6197930248162206976 225.7641297 -38.1918410 15.354  3.187       1.105   7.4125  15.7906    -1.06      nan      nan    8.337  nan      nan    nan   1.151     nan                                None     -24.570     -27.617     -26.353       0.048     -26.847       0.042
Gaia DR3 6201862892015883008 221.2498753 -36.8699878 14.417  2.757       0.475   6.4970  15.8196    -0.51      nan      nan    7.751  nan      nan    nan   1.099     nan                                None     -24.129     -24.518     -23.635       0.027     -23.919       0.026
Gaia DR3 6223004129792988160 218.7036993 -27.6136715 16.532  3.215       2.625   5.8615  15.8394    -2.33      nan      nan    7.621  nan      nan    nan   1.093     nan                                None     -24.371     -23.164     -20.275       0.079     -22.160       0.063
Gaia DR3 6199080887079692160 225.1533817 -36.6893095 17.307  3.574       1.469   5.8540  15.8638    -1.35      nan      nan    7.617  nan      nan    nan   1.219     nan                                None     -22.628     -25.036     -24.807       0.152     -24.133       0.110
Gaia DR3 6202058570726416768 224.0026674 -36.5791965 15.063  2.737       0.546   5.7040  15.8658    -1.15      nan      nan    7.593  nan      nan    nan   1.461     nan                                None     -22.884     -24.679     -23.744       0.061     -24.833       0.054
Gaia DR3 6199139779671067008 224.5906129 -36.6026344 12.475  1.813       0.824   5.7283  15.8800    -1.26      nan      nan    7.595  nan      nan    nan   1.106     nan                                None     -22.725     -24.827     -22.287       0.017     -23.583       0.014
Gaia DR3 6200954008215989760 227.9913534 -34.8607694 16.196  3.497       1.432   5.0530  15.9212    -2.41      nan      nan    7.499  nan      nan    nan   1.085     nan                                None     -21.435     -25.184     -23.673       0.065     -24.846       0.058
Gaia DR3 6201826401969039872 220.9419914 -37.3191594 16.028  3.419       0.773   7.0072  15.9468    -0.33      nan      nan    7.882  nan      nan    nan   0.795     nan                                None     -24.619     -24.857     -25.849       0.095     -24.486       0.080
Gaia DR3 6204835284262018176 223.6045768 -34.1435749 11.103    nan       1.789   3.3134  16.0185    -1.72      nan      nan    9.302  nan      nan    nan   2.304     nan                                None     -28.173     -30.002     -31.523       0.088     -31.047       0.058
Gaia DR3 6197991511575058560 226.5694652 -38.0442518 14.981  2.890       1.476   7.4072  16.0221    -1.25      nan      nan    8.060  nan      nan    nan   1.309     nan                                None     -23.500     -26.900     -25.920       0.048     -26.240       0.040
Gaia DR3 6013787717234130176 230.8862728 -35.9389983 13.522  2.333       1.482   7.4775  16.0237    -2.65      nan      nan    8.122  nan      nan    nan   1.127     nan                                None     -22.227     -28.022     -24.554       0.023     -27.009       0.023
Gaia DR3 6200271555093609600 229.1453272 -35.0084148 14.073  2.891       0.752   5.8025  16.0457    -2.59      nan      nan    7.592  nan      nan    nan   1.798     nan                                None     -21.340     -25.756     -22.401       0.045     -25.189       0.039
Gaia DR3 6203733367452063744 224.8908633 -35.2303066 14.313  2.737       0.855   4.3799  16.0494    -1.69      nan      nan    7.419  nan      nan    nan   1.482     nan                                None     -22.112     -24.263     -21.917       0.042     -22.940       0.036
Gaia DR3 6200313508334517504 229.0316980 -34.7173746 17.034  3.876       1.005   5.5350  16.0885    -2.65      nan      nan    7.548  nan      nan    nan   0.969     nan                                None     -21.252     -25.562     -19.859       0.111     -24.778       0.089
Gaia DR3 6198640154715371136 223.5959080 -37.3046097 14.678  2.795       0.753   6.4497  16.1378    -0.87      nan      nan    7.703  nan      nan    nan   1.206     nan                                None     -23.332     -24.958     -22.671       0.035     -25.986       0.031
Gaia DR3 6199169810082850176 225.0091819 -36.3903515 15.435  3.006       0.289   5.5433  16.1614    -1.40      nan      nan    7.543  nan      nan    nan   1.037     nan                                None     -22.450     -24.747     -22.827       0.050     -24.485       0.041
Gaia DR3 6220810123059582976 215.4861588 -30.2088150 16.581  2.894       2.733   7.6046  16.1945    -0.93      nan      nan    8.340  nan      nan    nan   0.987     nan                                None     -27.492     -24.744     -22.839       0.070     -23.549       0.063
Gaia DR3 6013843345651404160 231.2329135 -35.2299274 17.847  3.935       1.477   7.2660  16.1970    -2.92      nan      nan    8.605  nan      nan    nan   0.912     nan                                None     -23.419     -29.709     -24.240       0.193     -27.158       0.137
Gaia DR3 6198048205143142144 226.3175291 -37.8057985 16.668  2.722       1.584   7.1258  16.2584    -1.27      nan      nan    7.870  nan      nan    nan   5.493     nan                                None     -23.024     -26.195     -25.610       0.428     -25.722       0.439
Gaia DR3 6202077228064463744 223.6812351 -36.4647953 16.604  3.843       1.118   5.6072  16.2599    -1.12      nan      nan    7.544  nan      nan    nan   1.022     nan                                None     -22.828     -24.441     -24.588       0.093     -24.693       0.089
Gaia DR3 6197960106773771776 226.3203112 -38.2367993 14.016  2.978       1.267   7.5449  16.2660    -1.15      nan      nan    8.455  nan      nan    nan   6.940     nan                                None     -24.734     -28.158     -26.858       0.180     -27.390       0.148
Gaia DR3 6216372116175113984 218.5838359 -32.2592401 14.106  2.784       1.270   5.0477  16.2713    -1.13      nan      nan    9.141  nan      nan    nan   1.351     nan                                None     -29.269     -28.026     -27.485       0.031     -26.350       0.025
Gaia DR3 6223596560402394752 220.6118967 -26.0823075 16.455  2.897       1.140   5.7813  16.3051    -3.16      nan      nan    9.028  nan      nan    nan   0.988     nan                                None     -28.302     -27.733     -29.661       0.067     -29.425       0.056
Gaia DR3 6211834672205274240 226.8264943 -29.7321125 10.233  0.817       2.180   2.4771  16.3116    -3.58      nan      nan    7.278  nan      nan    nan   0.879     nan                                None     -21.144     -23.802     -17.930       0.020     -24.726       0.021
Gaia DR3 6013973740856830208 232.0519194 -34.6016921 16.000  3.223       1.463   7.5160  16.3186    -3.25      nan      nan    8.039  nan      nan    nan   1.100     nan                                None     -21.591     -27.876     -23.541       0.065     -26.346       0.052
Gaia DR3 6204595522008606848 226.0706080 -32.8985336 17.252  4.027       1.781   2.5249  16.3551    -2.56      nan      nan    7.277  nan      nan    nan   1.283     nan                                None     -21.359     -23.916     -18.937       0.161     -22.651       0.139
Gaia DR3 6201735619248833664 222.8128544 -36.5718078 17.646  3.566       0.808   5.8215  16.3671    -0.91      nan      nan    7.567  nan      nan    nan   0.969     nan                                None     -23.136     -24.309     -24.196       0.166     -23.576       0.155
Gaia DR3 6199615043573655424 226.8143056 -36.8107318 16.607  3.434       1.286   6.2913  16.4162    -1.64      nan      nan    7.641  nan      nan    nan   0.964     nan                                None     -22.204     -25.509     -23.894       0.079     -24.312       0.068
Gaia DR3 6205431528802605312 224.9468821 -32.1897265 13.362  2.550       0.777   1.4264  16.4180    -2.52      nan      nan    9.442  nan      nan    nan   4.726     nan                                None     -28.121     -30.671     -29.386       0.059     -31.561       0.053
Gaia DR3 6206053710648329600 230.0566626 -34.9243669 15.103  1.546       2.755   6.3104  16.4508    -2.78      nan      nan    7.642  nan      nan    nan   1.185     nan                                None     -21.185     -26.112     -25.595       0.099     -26.617       0.084
Gaia DR3 6206819627871988864 231.4022947 -33.1288884 15.916  3.611       1.143   6.4400  16.4607    -3.55      nan      nan    8.914  nan      nan    nan   3.430     nan                                None     -24.196     -30.595     -23.892       0.217     -28.469       0.158
Gaia DR3 6230803687323492992 224.7634276 -24.1089867 11.288  1.305       2.437   6.7844  16.4720    -4.62      nan      nan    8.828  nan      nan    nan   0.984     nan                                None     -26.355     -27.698     -22.278       0.019     -25.709       0.016
Gaia DR3 6203246416941579008 221.9044078 -34.7361459 12.862  1.910       1.243   4.3435  16.4921    -1.21      nan      nan    7.386  nan      nan    nan   3.068     nan                                None     -22.822     -23.466     -20.907       0.047     -23.185       0.045
Gaia DR3 6199818655082933504 229.7724506 -36.3623943  9.251  0.666       1.456   7.1347  16.5113    -2.32      nan      nan    7.832  nan      nan    nan   1.164     nan                                None     -21.808     -26.807     -23.987       0.026     -25.792       0.023
Gaia DR3 6200279629631995008 228.6511579 -35.0042749 16.094  3.195       1.106   5.5161  16.5136    -2.49      nan      nan    7.511  nan      nan    nan   1.007     nan                                None     -21.266     -25.376     -20.992       0.060     -23.645       0.051
Gaia DR3 6225760983399594112 224.7143167 -26.5291905 18.523  3.885       0.212   4.3672  16.5371    -3.98      nan      nan    9.254  nan      nan    nan   0.979     nan                                None     -27.645     -29.381     -28.007       0.293     -29.580       0.229
Gaia DR3 6198640154715371008 223.5955001 -37.3054543 13.938  2.449       1.633   6.4506  16.5884    -0.87      nan      nan    7.654  nan      nan    nan   1.122     nan                                None     -23.185     -24.801     -20.867       0.023     -26.055       0.019
Gaia DR3 6105680775913612288 221.0128622 -37.7736719 15.689  3.124       0.674   7.4025  16.6450    -0.23      nan      nan    7.904  nan      nan    nan   1.092     nan                                None     -24.670     -24.950     -25.678       0.051     -24.456       0.046
Gaia DR3 6119959136995730560 216.4053074 -34.5236509 14.205  2.762       0.742   7.5615  16.6750    -0.07      nan      nan    8.579  nan      nan    nan   1.238     nan                                None     -28.049     -25.764     -29.390       0.026     -25.818       0.025
Gaia DR3 6013763180080147328 231.7424532 -35.6586939 12.828  2.057       0.858   7.8522  16.6804    -2.89      nan      nan    8.255  nan      nan    nan   1.134     nan                                None     -22.285     -28.656     -22.423       0.023     -27.170       0.019
Gaia DR3 6213136665770543872 229.9651951 -28.0341175 13.747  2.591       1.578   5.7058  16.7161    -4.69      nan      nan    9.092  nan      nan    nan   1.334     nan                                None     -25.241     -30.184     -28.264       0.028     -30.242       0.030
Gaia DR3 6013787644217458816 230.8893194 -35.9408353 18.609  4.165       1.647   7.4806  16.7260    -2.65      nan      nan    7.920  nan      nan    nan   0.909     nan                                None     -21.675     -27.329     -24.156       0.335     -26.144       0.289
Gaia DR3 6014396640513030144 232.8220055 -33.8202177  8.982  0.487       2.768   7.7858  16.7384    -3.61      nan      nan    8.095  nan      nan    nan   1.110     nan                                None     -21.463     -28.154     -18.309       0.050     -24.639       0.037
Gaia DR3 6198640017276415616 223.5813914 -37.3211416 17.285  3.696       1.160   6.4673  16.7421    -0.87      nan      nan    7.642  nan      nan    nan   0.840     nan                                None     -23.151     -24.757     -21.290       0.160     -24.915       0.128
Gaia DR3 6013762806424221824 231.7416453 -35.6586263 13.743  2.482       1.707   7.8516  16.7498    -2.89      nan      nan    8.164  nan      nan    nan   1.290     nan                                None     -22.038     -28.339     -23.657       0.026     -25.888       0.022
Gaia DR3 6209499099050323968 232.6994650 -30.3683226 11.154  1.348       1.307   7.2582  16.7529    -4.57      nan      nan    8.728  nan      nan    nan   1.102     nan                                None     -23.191     -29.876     -25.268       0.025     -28.666       0.022
Gaia DR3 6212735206588826752 230.4252394 -29.7096458 14.123  3.121       1.461   5.4295  16.8518    -4.32      nan      nan    9.152  nan      nan    nan   4.420     nan                                None     -25.227     -30.735     -28.035       0.123     -30.982       0.091
Gaia DR3 6213293449257284992 232.0760773 -28.2652078 16.211  3.283       0.973   7.2618  16.8681    -5.04      nan      nan    7.817  nan      nan    nan   0.960     nan                                None     -20.988     -26.357     -19.993       0.067     -25.098       0.053
Gaia DR3 6219986447116145792 216.0089453 -30.6827251 13.431  2.335       1.001   7.1103  16.9008    -0.93      nan      nan    8.804  nan      nan    nan   1.071     nan                                None     -28.888     -26.270     -27.128       0.019     -26.868       0.021
Gaia DR3 6213136459612112768 229.9689888 -28.0387629 14.317  2.728       1.818   5.7063  16.9155    -4.69      nan      nan    9.116  nan      nan    nan   1.288     nan                                None     -25.306     -30.265     -28.789       0.036     -30.013       0.037
Gaia DR3 6202591558985163264 220.9878749 -36.9347346 20.129  1.215       1.620   6.6427  16.9319    -0.44      nan      nan    7.656  nan      nan    nan   0.954     nan                                None     -23.903     -24.154     -24.559       0.535     -26.686       0.488
Gaia DR3 6013771705596562176 231.4160242 -35.6773861 15.114  3.081       2.346   7.6489  16.9371    -2.82      nan      nan    8.604  nan      nan    nan  10.152     nan                                None     -23.349     -29.791     -21.457       0.288     -25.980       0.229
Gaia DR3 6007754005438952960 230.0077197 -36.4459868 12.532  2.339       2.117   7.3232  16.9512    -2.34      nan      nan    8.743  nan      nan    nan  18.263     nan                                None     -24.258     -29.991     -28.032       0.350     -30.986       0.307
Gaia DR3 6210855969417291136 227.0686010 -31.2259512 15.512  3.259       1.405   2.4105  16.9935    -3.22      nan      nan    9.454  nan      nan    nan   3.030     nan                                None     -27.374     -31.154     -30.015       0.123     -32.088       0.095
Gaia DR3 6213292349745655424 232.1173602 -28.2946265 16.290  3.567       0.630   7.2839  17.0112    -5.04      nan      nan    7.803  nan      nan    nan   1.020     nan                                None     -20.934     -26.319     -20.150       0.077     -25.643       0.059
Gaia DR3 6198906202170190720 225.5053530 -36.9320321 17.352  3.601       1.586   6.1361  17.0123    -1.35      nan      nan    7.558  nan      nan    nan   0.977     nan                                None     -22.351     -24.934     -24.870       0.146     -24.731       0.127
Gaia DR3 6200603951201971456 227.0922679 -35.2477775 14.967  3.010       1.278   4.9609  17.0169    -2.12      nan      nan    7.409  nan      nan    nan   1.385     nan                                None     -21.446     -24.714     -19.477       0.042     -24.391       0.037
Gaia DR3 6204384617634475904 226.4342332 -33.2142380 11.846  1.503       2.010   2.9614  17.0332    -2.55      nan      nan    7.260  nan      nan    nan   1.115     nan                                None     -21.204     -23.953     -18.441       0.016     -22.602       0.016
Gaia DR3 6013720234708081280 231.3812423 -36.1407832 11.683  1.581       0.355   7.9135  17.0900    -2.68      nan      nan    8.486  nan      nan    nan   0.947     nan                                None     -23.042     -29.415     -23.375       0.019     -29.956       0.015
Gaia DR3 6007678212155537024 230.7982272 -36.6983831 13.247  2.413       0.750   7.9433  17.1044    -2.42      nan      nan    8.082  nan      nan    nan  14.285     nan                                None     -22.150     -27.924     -23.118       0.225     -27.091       0.184
Gaia DR3 6014331902471694464 232.9550230 -34.2705561 12.014  1.722       0.080   8.0514  17.1190    -3.50      nan      nan    8.217  nan      nan    nan   1.150     nan                                None     -21.739     -28.656     -21.858       0.020     -28.726       0.017
Gaia DR3 6014331906769737984 232.9476408 -34.2596992 12.694  2.070       0.269   8.0416  17.1300    -3.51      nan      nan    8.183  nan      nan    nan   1.308     nan                                None     -21.651     -28.534     -22.113       0.026     -28.500       0.021
Gaia DR3 6200792551805954432 226.8496094 -35.0622452 16.200  3.385       1.519   4.7031  17.1377    -2.13      nan      nan    9.279  nan      nan    nan   1.119     nan                                None     -26.951     -30.874     -29.846       0.074     -30.208       0.059
Gaia DR3 6199656721935758592 227.9301629 -36.5855020 14.786  2.799       1.340   6.4598  17.1627    -1.91      nan      nan    7.599  nan      nan    nan   1.229     nan                                None     -21.739     -25.610     -23.585       0.036     -24.515       0.029
Gaia DR3 6212158409659416832 227.7131087 -29.8189184 16.029  3.213       2.008   3.1436  17.1685    -3.74      nan      nan    7.261  nan      nan    nan   1.158     nan                                None     -20.838     -23.919     -17.904       0.068     -24.835       0.056
Gaia DR3 6198771164101655680 224.7410704 -37.5235790 15.971  3.295       1.028   6.6543  17.1731    -1.04      nan      nan    7.634  nan      nan    nan   1.058     nan                                None     -22.796     -25.018     -24.253       0.063     -24.236       0.060
Gaia DR3 6199334358871913088 227.5327759 -37.5131784 15.080  2.951       1.490   7.1554  17.1752    -1.58      nan      nan    7.745  nan      nan    nan   1.192     nan                                None     -22.282     -26.056     -24.687       0.043     -25.696       0.041
Gaia DR3 6007601448201210752 229.7527239 -37.2213085 19.996  3.352       1.796   7.7903  17.2334    -2.08      nan      nan    7.951  nan      nan    nan   1.135     nan                                None     -22.145     -27.264     -25.083       0.913     -27.920       0.611
Gaia DR3 6200792375707775488 226.8115785 -35.0833371 10.259  1.093       1.294   4.7073  17.3540    -2.11      nan      nan    9.302  nan      nan    nan   1.147     nan                                None     -27.030     -30.940     -29.497       0.022     -30.348       0.018
Gaia DR3 6206861890346708992 231.4111754 -32.8758986 16.931  3.832       1.811   6.3713  17.3627    -3.62      nan      nan    7.565  nan      nan    nan   1.201     nan                                None     -20.530     -25.941     -22.213       0.118     -23.593       0.092
Gaia DR3 6007508371970923264 231.0310960 -36.8276309 14.205  2.678       1.386   8.1666  17.3645    -2.42      nan      nan    8.335  nan      nan    nan   1.192     nan                                None     -22.757     -28.861     -22.692       0.030     -31.296       0.025
Gaia DR3 6198622287651505664 223.7961992 -37.5100712 15.784  3.324       0.747   6.6423  17.3880    -0.86      nan      nan    8.999  nan      nan    nan   1.104     nan                                None     -27.192     -29.221     -27.336       0.049     -27.812       0.048
Gaia DR3 6207876224186962432 231.2013401 -31.3189830 14.697  3.134       0.933   5.9385  17.4396    -4.02      nan      nan    9.140  nan      nan    nan   1.914     nan                                None     -24.889     -31.094     -23.131       0.069     -31.467       0.052
Gaia DR3 6200710844348473984 225.3823230 -35.5451941 14.297  2.891       1.198   4.7547  17.4791    -1.70      nan      nan    9.310  nan      nan    nan   1.177     nan                                None     -27.573     -30.603     -29.848       0.035     -30.014       0.025
Gaia DR3 6208566373892571136 232.4861929 -31.5956339 14.812    nan       2.776   7.0479  17.4952    -4.18      nan      nan    8.918  nan      nan    nan   2.254     nan                                None     -23.781     -30.659     -27.784       0.250     -27.309       0.218
Gaia DR3 6120385472623021568 216.6831902 -33.0218409 15.342  3.187       1.012   6.7935  17.5006    -0.51      nan      nan    8.981  nan      nan    nan   1.191     nan                                None     -29.287     -27.035     -27.395       0.046     -26.739       0.043
Gaia DR3 6204398194030758784 226.2657648 -33.1559785 14.133  2.536       1.952   2.8289  17.5100    -2.53      nan      nan    7.227  nan      nan    nan   1.210     nan                                None     -21.155     -23.806     -18.438       0.027     -22.598       0.026
Gaia DR3 6223159981270055424 217.3223109 -27.4749153 14.764  2.857       2.267   6.9647  17.5212    -2.04      nan      nan    7.659  nan      nan    nan   1.010     nan                                None     -24.828     -22.998     -21.253       0.091     -22.210       0.087
Gaia DR3 6014310603731467008 232.7578415 -34.2763605 14.063  2.627       1.771   7.9034  17.5246    -3.47      nan      nan    7.939  nan      nan    nan   1.236     nan                                None     -21.074     -27.647     -22.670       0.030     -25.150       0.027
Gaia DR3 6007508337611184768 231.0298565 -36.8289555 16.339  2.925       1.039   8.1668  17.5651    -2.42      nan      nan    8.470  nan      nan    nan   1.061     nan                                None     -23.127     -29.329     -21.708       0.067     -30.523       0.058
Gaia DR3 6217787359440661504 223.5784727 -31.2176155 17.418  3.436       1.230   0.6922  17.6098    -2.49      nan      nan    7.162  nan      nan    nan   1.059     nan                                None     -21.698     -22.931     -20.460       0.143     -24.314       0.115
Gaia DR3 6013716695655007488 231.3755760 -36.1995401  7.624  0.135       1.518   7.9476  17.6109    -2.66      nan      nan    7.941  nan      nan    nan   0.861     nan                                None     -21.563     -27.528     -23.812       0.037     -26.343       0.032
Gaia DR3 6197811913217859840 225.7442818 -39.0861002 15.995  2.001       1.236   8.2925  17.6490    -0.81      nan      nan    8.196  nan      nan    nan   1.992     nan                                None     -24.160     -27.169     -25.231       0.224     -25.321       0.195
Gaia DR3 6014326684089183232 233.2439867 -34.1895758 13.951  2.653       1.605   8.2430  17.7365    -3.58      nan      nan    8.477  nan      nan    nan   1.198     nan                                None     -22.317     -29.618     -25.074       0.025     -28.826       0.019
Gaia DR3 6207094948157182720 229.2214927 -33.8786746 12.592  1.956       1.714   5.1350  17.7456    -2.92      nan      nan    7.376  nan      nan    nan   1.049     nan                                None     -20.708     -24.953     -18.195       0.019     -24.069       0.015
Gaia DR3 6102366985307635072 222.0063734 -38.9908593 16.246  3.366       1.268   8.3221  17.7602    -0.11      nan      nan    8.402  nan      nan    nan   1.134     nan                                None     -25.932     -26.808     -28.156       0.070     -26.504       0.057
Gaia DR3 6013506375400793728 231.6073282 -36.6494682 12.504  2.361       0.218   8.3823  17.7977    -2.58      nan      nan    8.279  nan      nan    nan   2.911     nan                                None     -22.397     -28.789     -22.027       0.056     -28.880       0.051
Gaia DR3 6199886176269398528 229.5106943 -36.0218625 15.795  3.208       1.294   6.7397  17.8148    -2.37      nan      nan    7.586  nan      nan    nan   1.088     nan                                None     -21.205     -25.883     -22.076       0.070     -24.006       0.064
Gaia DR3 6013529744319340416 231.6293764 -36.3132522 17.547  4.105       0.631   8.1777  17.8374    -2.68      nan      nan    8.564  nan      nan    nan   0.996     nan                                None     -23.159     -29.757     -24.182       0.162     -30.259       0.123
Gaia DR3 6203228309360938112 222.0404340 -34.9491451 20.024  0.779       1.329   4.4834  17.8382    -1.18      nan      nan    7.311  nan      nan    nan   1.029     nan                                None     -22.555     -23.265     -20.885       0.681     -24.450       0.543
Gaia DR3 6221197975786214784 217.0433271 -29.4917475  4.945 -0.090       1.416   6.4095  17.9071    -1.47      nan      nan    7.522  nan      nan    nan   1.387     nan                                None     -24.448     -22.627     -23.446       0.127     -24.638       0.120
Gaia DR3 6197649494741193088 226.3576440 -38.9510004 11.780  1.522       1.427   8.2474  17.9187    -0.96      nan      nan    8.025  nan      nan    nan   1.160     nan                                None     -23.463     -26.757     -25.721       0.016     -25.902       0.015
Gaia DR3 6206861890350400000 231.4120125 -32.8765249 15.162  2.860       1.262   6.3721  17.9427    -3.62      nan      nan    7.513  nan      nan    nan   1.226     nan                                None     -20.391     -25.765     -22.346       0.043     -25.350       0.035
Gaia DR3 6014310638092127616 232.7588408 -34.2765383 14.596  2.922       0.439   7.9042  17.9597    -3.47      nan      nan    8.730  nan      nan    nan   4.819     nan                                None     -23.172     -30.400     -23.929       0.712     -30.118       0.612
Gaia DR3 6007367806281232640 230.3249748 -37.5524722 14.045  2.666       1.491   8.3308  17.9673    -2.09      nan      nan    8.500  nan      nan    nan   1.227     nan                                None     -23.467     -29.310     -25.983       0.030     -28.409       0.023
Gaia DR3 6014286959933142016 233.0196507 -34.6414880 19.172  3.726       2.844   8.2488  18.0038    -3.41      nan      nan    8.001  nan      nan    nan   1.123     nan                                None     -21.143     -27.953     -17.697       0.478     -24.617       0.446
Gaia DR3 6201313612939182976 227.0210287 -33.6323082 11.461  1.587       0.979   3.5959  18.0320    -2.55      nan      nan    9.477  nan      nan    nan   1.521     nan                                None     -27.459     -31.461     -29.415       0.036     -31.441       0.030
Gaia DR3 6205993722841260032 230.6435636 -35.0707299 13.459  2.820       1.189   6.7815  18.0431    -2.85      nan      nan    7.571  nan      nan    nan   4.005     nan                                None     -20.799     -26.005     -22.314       0.077     -24.862       0.070
Gaia DR3 6207016268656192512 231.6933026 -32.3781107 14.960  2.823       1.355   6.4827  18.0438    -3.81      nan      nan    7.522  nan      nan    nan   1.139     nan                                None     -20.320     -25.795     -18.335       0.042     -26.619       0.033
Gaia DR3 6014314516442997888 233.1381153 -34.4159088 13.535  2.525       0.718   8.2470  18.0833    -3.50      nan      nan    7.979  nan      nan    nan   1.392     nan                                None     -21.042     -27.878     -20.551       0.030     -26.775       0.024
Gaia DR3 6013502046071099520 231.6563078 -36.7622677 13.371  2.387       0.434   8.4865  18.1121    -2.55      nan      nan    8.410  nan      nan    nan   1.161     nan                                None     -22.735     -29.268     -23.377       0.021     -29.692       0.023
Gaia DR3 6013649969039127552 232.4098017 -35.7807277 15.644  2.542       0.468   8.3681  18.1278    -2.97      nan      nan    8.533  nan      nan    nan   0.720     nan                                None     -22.783     -29.788     -21.951       0.125     -29.912       0.121
Gaia DR3 6013649964744749184 232.4105895 -35.7810837 10.690  1.258       0.713   8.3688  18.1440    -2.97      nan      nan    8.538  nan      nan    nan   1.224     nan                                None     -22.797     -29.807     -23.951       0.028     -30.366       0.026
Gaia DR3 6207876636503826560 231.2008584 -31.2827750 15.275  3.104       0.973   5.9367  18.1755    -4.03      nan      nan    9.229  nan      nan    nan   1.093     nan                                None     -25.130     -31.390     -23.237       0.052     -31.365       0.038
Gaia DR3 6227617680588127872 226.8769068 -24.3745653 14.392  2.469       2.902   6.8984  18.1806    -5.02      nan      nan    7.579  nan      nan    nan   3.207     nan                                None     -22.003     -24.152     -26.519       0.082     -23.104       0.069
Gaia DR3 6197808545969305728 225.9784553 -39.1353354 16.237  2.650       1.516   8.3707  18.2143    -0.84      nan      nan    8.015  nan      nan    nan   0.858     nan                                None     -23.553     -26.630     -25.736       0.096     -27.969       0.091
Gaia DR3 6213086019515819904 229.4040748 -28.7130340 15.766  3.442       0.366   4.9428  18.2343    -4.39      nan      nan    7.325  nan      nan    nan   1.235     nan                                None     -20.508     -24.305     -20.341       0.079     -23.765       0.062
Gaia DR3 6105355732790182400 221.2754467 -39.0752674 14.882  2.868       0.951   8.5564  18.2607     0.06      nan      nan    8.157  nan      nan    nan   1.182     nan                                None     -25.383     -25.823     -26.948       0.043     -25.348       0.043
Gaia DR3 6226491093487643008 228.4234147 -25.6967294 16.387  3.796       2.353   6.3353  18.2670    -5.00      nan      nan    7.481  nan      nan    nan   1.026     nan                                None     -21.250     -24.268     -20.743       0.144     -27.943       0.126
Gaia DR3 6199779145683535488 229.4723014 -36.8507041 14.909  2.882       1.211   7.3598  18.2857    -2.13      nan      nan    7.660  nan      nan    nan   1.067     nan                                None     -21.424     -26.179     -21.905       0.033     -24.284       0.027
Gaia DR3 6007664227741846400 230.7415705 -36.9806517  8.884  0.639       1.350   8.1150  18.3296    -2.32      nan      nan    8.724  nan      nan    nan   1.009     nan                                None     -23.931     -30.149     -26.294       0.025     -29.389       0.018
Gaia DR3 6197808545969305600 225.9773495 -39.1353532 11.842  1.524       1.293   8.3706  18.3411    -0.84      nan      nan    7.980  nan      nan    nan   1.016     nan                                None     -23.450     -26.514     -25.329       0.016     -25.419       0.014
Gaia DR3 6197908464088406912 225.6604122 -38.4673707 16.147  3.310       1.308   7.6710  18.3609    -0.96      nan      nan    7.725  nan      nan    nan   1.027     nan                                None     -22.796     -25.571     -24.724       0.076     -24.665       0.057
Gaia DR3 6204263606936669696 225.0420689 -33.0525642 14.151  2.814       1.856   2.2657  18.3806    -2.31      nan      nan    9.592  nan      nan    nan   1.331     nan                                None     -28.534     -31.258     -31.907       0.031     -32.901       0.026
Gaia DR3 6007754009739206272 230.0079838 -36.4449111 15.365  3.024       2.540   7.3225  18.4140    -2.34      nan      nan    8.989  nan      nan    nan   1.055     nan                                None     -24.940     -30.833     -29.484       0.046     -29.251       0.040
Gaia DR3 6210212789471368320 232.8406452 -28.7764351 16.575  2.792       2.054   7.7131  18.4193    -5.05      nan      nan    7.728  nan      nan    nan   0.902     nan                                None     -20.485     -26.261     -23.415       0.112     -24.644       0.080
Gaia DR3 6269795290222443520 215.6876018 -27.3277378 15.642  3.250       2.048   8.3049  18.4367    -1.68      nan      nan    7.925  nan      nan    nan   7.027     nan                                None     -26.077     -23.447     -22.758       0.282     -22.614       0.272
Gaia DR3 6201456107071825536 227.7686364 -32.8585597 11.455  1.609       0.488   3.5596  18.4455    -2.92      nan      nan    7.211  nan      nan    nan   1.034     nan                                None     -20.679     -24.033     -20.495       0.025     -23.314       0.020
Gaia DR3 6007460337055839872 231.0826785 -37.2584661 15.330  3.046       1.656   8.5037  18.4595    -2.31      nan      nan    8.555  nan      nan    nan   1.105     nan                                None     -23.339     -29.668     -26.304       0.047     -29.302       0.034
Gaia DR3 6209535868269177856 232.9980984 -29.9163820 19.984  2.908       1.438   7.5758  18.4692    -4.76      nan      nan    7.688  nan      nan    nan   1.022     nan                                None     -20.323     -26.308     -22.463       0.772     -25.385       0.554
Gaia DR3 6007664227741848960 230.7465415 -36.9723191 14.693  2.873       1.537   8.1116  18.4749    -2.33      nan      nan    8.757  nan      nan    nan   1.091     nan                                None     -24.019     -30.264     -26.646       0.035     -29.193       0.027
Gaia DR3 6201456107071825792 227.7697639 -32.8577300 13.644  2.297       1.638   3.5599  18.5406    -2.92      nan      nan    7.206  nan      nan    nan   1.261     nan                                None     -20.663     -24.015     -22.224       0.027     -22.077       0.023
Gaia DR3 6222985575534688128 217.8837702 -27.4689374 16.717  2.902       0.585   6.5450  18.5529    -2.17      nan      nan    7.487  nan      nan    nan   1.010     nan                                None     -24.139     -22.590     -24.772       0.091     -21.917       0.088
Gaia DR3 6014539645747431680 233.6093814 -32.9972568 15.159  3.355       0.087   8.1888  18.5816    -3.99      nan      nan    7.850  nan      nan    nan   1.104     nan                                None     -20.535     -27.368     -20.447       0.056     -27.254       0.041
Gaia DR3 6013556201318003584 231.8493395 -36.1310762 15.066  3.049       1.997   8.2028  18.5891    -2.77      nan      nan    7.854  nan      nan    nan   1.249     nan                                None     -21.164     -27.324     -19.858       0.044     -30.363       0.032
Gaia DR3 6201804755334803840 221.7768888 -37.0059722 14.401  2.793       1.290   6.4686  18.5914    -0.59      nan      nan    7.473  nan      nan    nan   1.013     nan                                None     -23.124     -23.768     -23.773       0.118     -25.694       0.106
Gaia DR3 6237489989333657344 233.3456508 -27.1604373 13.629  2.168       2.126   8.7495  18.6238    -5.60      nan      nan    8.192  nan      nan    nan   8.779     nan                                None     -21.529     -27.668     -25.197       0.639     -27.841       0.534
Gaia DR3 6214599772151251328 231.4834681 -26.0054673 18.019  3.766       2.422   7.9862  18.6289    -5.55      nan      nan    7.776  nan      nan    nan   1.052     nan                                None     -21.078     -25.774     -17.171       0.225     -25.070       0.234
Gaia DR3 6119505932048542336 215.6260574 -35.5387278 10.902  1.382       0.805   8.6069  18.6370     0.35      nan      nan    8.544  nan      nan    nan   4.380     nan                                None     -28.131     -25.436     -26.851       0.062     -24.755       0.085
Gaia DR3 6197808923927157888 225.9669887 -39.1079757 11.956  1.616       0.873   8.3422  18.6462    -0.84      nan      nan    7.898  nan      nan    nan   6.909     nan                                None     -23.212     -26.237     -23.871       0.370     -24.942       0.381
Gaia DR3 6014539542668216832 233.5962978 -33.0025665 12.126  1.766       0.197   8.1792  18.6595    -3.99      nan      nan    7.833  nan      nan    nan   1.055     nan                                None     -20.496     -27.308     -20.364       0.019     -27.605       0.014
Gaia DR3 6206589035372589440 232.4501877 -33.2702172 13.390  2.464       1.148   7.3183  18.6653    -3.70      nan      nan    9.028  nan      nan    nan   1.241     nan                                None     -24.087     -31.245     -25.011       0.022     -29.265       0.019
Gaia DR3 6205992795127811328 230.5268661 -35.1080658 16.833  3.594       1.331   6.7274  18.6707    -2.82      nan      nan    7.505  nan      nan    nan   1.089     nan                                None     -20.655     -25.756     -21.378       0.102     -23.778       0.086
Gaia DR3 6205571712236482560 225.7418696 -31.4809874 17.767  4.437       0.956   1.3846  18.6717    -2.88      nan      nan    9.651  nan      nan    nan   0.951     nan                                None     -28.451     -31.493     -29.319       0.160     -29.754       0.126
Gaia DR3 6208853552587355392 234.4638217 -30.7545691 11.246  1.430       2.559   8.7405  18.6717    -4.79      nan      nan    8.434  nan      nan    nan   4.916     nan                                None     -21.734     -29.273     -19.976       0.115     -25.076       0.089
Gaia DR3 6208381587215253504 234.2572960 -31.6109668 11.792    nan       0.590   8.5551  18.6907    -4.51      nan      nan    7.991  nan      nan    nan   1.381     nan                                None     -20.667     -27.812     -21.493       0.054     -28.364       0.040
Gaia DR3 6198511305695678080 223.7310010 -38.3979536 15.625  3.484       1.390   7.5316  18.7033    -0.61      nan      nan    7.650  nan      nan    nan   1.233     nan                                None     -23.135     -24.844     -21.866       0.064     -26.693       0.066
Gaia DR3 6014314520741745920 233.1386972 -34.4154360 14.425  2.973       0.262   8.2472  18.7161    -3.50      nan      nan    7.848  nan      nan    nan   1.920     nan                                None     -20.696     -27.420     -20.632       0.060     -27.849       0.048
Gaia DR3 6208721267592463232 233.2102003 -30.6145197 15.479  3.067       1.110   7.6741  18.7268    -4.60      nan      nan    8.946  nan      nan    nan   1.113     nan                                None     -23.565     -30.767     -21.472       0.059     -30.726       0.052
Gaia DR3 6210676130545949952 228.1335327 -31.6690231 14.011  2.758       1.276   3.3833  18.7614    -3.32      nan      nan    9.565  nan      nan    nan   1.489     nan                                None     -27.284     -31.838     -29.764       0.030     -31.153       0.031
Gaia DR3 6106719676963500032 218.7235332 -36.7908948 17.813  4.227       2.483   7.4980  18.7783    -0.01      nan      nan    9.001  nan      nan    nan   0.894     nan                                None     -28.778     -27.719     -25.523       0.206     -24.312       0.244
Gaia DR3 6207468850830411264 228.0874992 -32.6948293 18.913  3.833       1.161   3.7072  18.7949    -3.03      nan      nan    9.544  nan      nan    nan   1.101     nan                                None     -27.244     -31.873     -29.102       0.330     -33.289       0.275
Gaia DR3 6208688488402623488 233.5580136 -30.7708578 16.935  3.483       0.701   7.9625  18.7994    -4.62      nan      nan    8.873  nan      nan    nan   1.043     nan                                None     -23.232     -30.611     -24.431       0.111     -30.079       0.089
Gaia DR3 6199933317828626048 229.7981539 -35.9965577 15.358  2.962       1.426   6.8787  18.8029    -2.43      nan      nan    7.517  nan      nan    nan   0.964     nan                                None     -20.922     -25.709     -21.568       0.045     -23.544       0.040
Gaia DR3 6006932708913513216 230.0521138 -38.3662567 10.746  1.255       0.460   8.8595  18.8208    -1.80      nan      nan    8.346  nan      nan    nan   0.838     nan                                None     -23.141     -28.762     -23.429       0.015     -29.519       0.012
Gaia DR3 6208381449781277184 234.2307012 -31.6296169 14.684  2.800       0.502   8.5332  18.8235    -4.50      nan      nan    7.946  nan      nan    nan   1.201     nan                                None     -20.561     -27.653     -19.915       0.039     -27.114       0.028
Gaia DR3 6006932708907807104 230.0550335 -38.3663173 11.964  1.694       0.945   8.8608  18.8332    -1.81      nan      nan    8.360  nan      nan    nan   1.015     nan                                None     -23.178     -28.811     -24.843       0.017     -28.839       0.014
Gaia DR3 6119811424474162560 214.9681488 -34.7396447 15.053  3.111       0.791   8.7240  18.8416     0.30      nan      nan    8.533  nan      nan    nan   1.737     nan                                None     -28.255     -25.223     -26.898       0.051     -25.654       0.050
Gaia DR3 6197584275660572928 226.7495299 -39.2362671 14.614  2.797       2.313   8.5955  18.8468    -0.96      nan      nan    7.972  nan      nan    nan   6.076     nan                                None     -23.186     -26.690     -21.135       0.419     -23.389       0.397
Gaia DR3 6212735206588825984 230.4244293 -29.7108999 13.463  2.468       1.234   5.4285  18.8575    -4.32      nan      nan    9.378  nan      nan    nan   1.255     nan                                None     -25.852     -31.495     -28.290       0.022     -31.584       0.016
Gaia DR3 6206048659764458112 230.1050460 -35.0780280 18.902    nan       1.228   6.4373  18.8733    -2.75      nan      nan    7.445  nan      nan    nan   1.006     nan                                None     -20.626     -25.463     -22.499       0.349     -25.013       0.299
Gaia DR3 6198053290385191680 226.6551899 -37.6509085 14.819  2.801       2.133   7.0480  18.9251    -1.38      nan      nan    7.534  nan      nan    nan   1.155     nan                                None     -21.940     -25.149     -18.984       0.032     -23.494       0.031
Gaia DR3 6006932124797943936 230.1363828 -38.3706123 16.426  3.449       0.973   8.9003  18.9254    -1.82      nan      nan    8.211  nan      nan    nan   1.021     nan                                None     -22.735     -28.315     -23.970       0.081     -29.460       0.060
Gaia DR3 6197478658121572608 224.6552720 -39.2502248 16.541  3.207       1.729   8.3757  18.9355    -0.56      nan      nan    8.750  nan      nan    nan   0.982     nan                                None     -26.159     -28.698     -23.379       0.297     -27.135       0.174
Gaia DR3 6208381582919629568 234.2587964 -31.6111868  9.762  1.014       0.198   8.5564  18.9936    -4.51      nan      nan    7.919  nan      nan    nan   0.895     nan                                None     -20.481     -27.562     -20.591       0.021     -27.874       0.015
Gaia DR3 6227231202252587776 229.0328987 -24.3357275 14.758  3.039       2.734   7.7782  19.0197    -5.50      nan      nan    7.670  nan      nan    nan   1.045     nan                                None     -21.594     -24.777     -25.120       0.200     -27.443       0.188
Gaia DR3 6200521625268526592 227.5332300 -35.6604456 14.710  2.829       1.307   5.4975  19.0578    -2.10      nan      nan    7.322  nan      nan    nan   1.278     nan                                None     -21.066     -24.543     -21.360       0.042     -22.546       0.044
Gaia DR3 6199990114475880832 229.8627240 -35.7303390 15.657  3.565       1.501   6.7253  19.0709    -2.52      nan      nan    9.206  nan      nan    nan   1.261     nan                                None     -25.598     -31.480     -28.199       0.066     -30.169       0.059
Gaia DR3 6016233615211765376 234.6283229 -31.7495773 14.602  3.038       0.717   8.8768  19.0949    -4.54      nan      nan    8.082  nan      nan    nan   1.188     nan                                None     -20.763     -28.217     -19.573       0.039     -27.941       0.032
Gaia DR3 6225384950423894400 223.0450727 -27.7907765 20.056  3.145       2.275   3.2725  19.1054    -3.28      nan      nan    7.159  nan      nan    nan   1.070     nan                                None     -21.830     -22.562     -18.442       0.681     -22.003       0.624
Gaia DR3 6204476190636729856 227.5720318 -32.6566305 16.064  3.136       0.677   3.3120  19.1635    -2.93      nan      nan    7.158  nan      nan    nan   1.052     nan                                None     -20.583     -23.802     -20.846       0.057     -22.814       0.054
Gaia DR3 6208779713509355392 234.7313763 -31.2748402 13.905  2.869       1.136   8.9534  19.1721    -4.69      nan      nan    8.472  nan      nan    nan  30.053     nan                                None     -21.725     -29.531     -23.753       0.507     -29.577       0.430
Gaia DR3 6213982946125990528 229.9511738 -27.8938872 14.238  2.711       1.163   5.7694  19.1808    -4.72      nan      nan    9.370  nan      nan    nan   1.288     nan                                None     -26.018     -31.080     -28.221       0.035     -30.431       0.036
Gaia DR3 6198207393812529152 223.3628516 -39.0575378 13.477  2.808       0.522   8.2121  19.1861    -0.36      nan      nan    7.762  nan      nan    nan   3.637     nan                                None     -23.577     -25.121     -24.421       0.055     -24.988       0.052
Gaia DR3 6213949101785053440 229.1998348 -27.8252547 16.399  3.566       0.686   5.2612  19.2052    -4.59      nan      nan    9.437  nan      nan    nan   1.024     nan                                None     -26.503     -31.131     -26.248       0.079     -32.472       0.059
Gaia DR3 6200071478337843456 228.2818057 -36.0915306  6.077 -0.111       0.309   6.1854  19.2173    -2.12      nan      nan    7.386  nan      nan    nan   1.242     nan                                None     -21.025     -24.944     -21.497       0.078     -25.039       0.060
Gaia DR3 6102339600595550592 221.7576411 -39.2407908 12.623  1.618       2.924   8.6116  19.2336     0.01      nan      nan    7.893  nan      nan    nan   1.185     nan                                None     -24.431     -25.119     -23.745       0.018     -29.937       0.017
Gaia DR3 6278372065034006144 218.4257527 -23.5363994 14.164  1.993       1.905   9.0000  19.2589    -3.28      nan      nan    8.126  nan      nan    nan   1.021     nan                                None     -26.059     -24.302     -28.528       0.023     -22.169       0.020
Gaia DR3 6013632617374037760 232.8612144 -35.6295217 15.213  2.960       1.004   8.5971  19.2709    -3.09      nan      nan    7.880  nan      nan    nan   1.162     nan                                None     -20.880     -27.591     -19.588       0.043     -28.646       0.034
Gaia DR3 6202195219403586048 224.3124916 -35.7308564 18.530  4.356       0.821   4.8509  19.2998    -1.44      nan      nan    9.493  nan      nan    nan   0.937     nan                                None     -28.501     -30.907     -28.903       0.268     -29.313       0.221
Gaia DR3 6208394540842134272 234.3856890 -31.4983006 13.542  2.786       0.085   8.6607  19.3160    -4.56      nan      nan    7.898  nan      nan    nan   2.260     nan                                None     -20.379     -27.496     -20.374       0.043     -27.638       0.033
Gaia DR3 6198606752751633152 223.5961330 -37.9052282 17.572  0.021       2.730   7.0480  19.3261    -0.71      nan      nan    7.498  nan      nan    nan   1.018     nan                                None     -22.711     -24.306     -18.408       0.148     -23.966       0.142
Gaia DR3 6198588615107397376 223.4139882 -37.8140314 12.518  1.455       2.029   6.9710  19.3477    -0.70      nan      nan    7.484  nan      nan    nan   1.132     nan                                None     -22.718     -24.215     -22.843       0.018     -21.017       0.020
Gaia DR3 6007586471649497344 230.1660145 -37.0498805 19.517  4.065       0.877   7.8617  19.3502    -2.20      nan      nan    7.650  nan      nan    nan   1.041     nan                                None     -21.173     -26.315     -21.649       0.613     -24.983       0.534
Gaia DR3 6226347297981659776 227.9022846 -26.2265788 15.040  2.355       2.135   5.6343  19.3690    -4.75      nan      nan    7.315  nan      nan    nan   1.136     nan                                None     -20.935     -23.716     -17.712       0.038     -24.389       0.031
Gaia DR3 6229258426809860992 223.8705043 -24.7649383  9.384  1.077       0.836   6.1260  19.3717    -4.25      nan      nan    7.368  nan      nan    nan   1.844     nan                                None     -22.242     -23.053     -23.447       0.038     -23.541       0.032
Gaia DR3 6118205175428208128 216.9687042 -37.7251924 15.767  3.290       2.121   9.1243  19.3939     0.60      nan      nan    8.375  nan      nan    nan   3.772     nan                                None     -27.239     -25.284     -23.585       0.172     -24.463       0.150
Gaia DR3 6199243752242673408 228.1857407 -38.0966118 15.848  3.209       1.435   7.8986  19.4000    -1.54      nan      nan    8.994  nan      nan    nan   1.051     nan                                None     -25.636     -30.468     -28.115       0.059     -29.346       0.061
Gaia DR3 6200553957782427264 227.0696729 -35.6543895 15.992  3.156       0.698   5.3115  19.5287    -2.01      nan      nan    7.273  nan      nan    nan   1.227     nan                                None     -21.061     -24.280     -21.235       0.076     -23.223       0.062
Gaia DR3 6206283611654818176 230.2639617 -34.3919453 15.950  3.151       1.171   6.1376  19.5365    -2.97      nan      nan    7.357  nan      nan    nan   1.064     nan                                None     -20.331     -25.140     -20.749       0.056     -23.373       0.054
Gaia DR3 6201033619729885184 227.7971495 -34.3120588 15.461  2.931       1.937   4.5314  19.5722    -2.52      nan      nan    7.208  nan      nan    nan   0.985     nan                                None     -20.660     -24.132     -17.717       0.044     -24.198       0.036
Gaia DR3 6014255903029464960 234.2319946 -33.8163307 13.754  2.468       2.383   8.8977  19.6185    -3.87      nan      nan    8.673  nan      nan    nan   3.681     nan                                None     -22.442     -30.476     -24.582       0.686     -26.682       0.422
Gaia DR3 6198103249444754944 223.4062816 -39.8236403 16.624  3.759       1.154   8.9721  19.6224    -0.16      nan      nan    8.632  nan      nan    nan   1.096     nan                                None     -26.207     -27.956     -24.974       0.082     -26.256       0.079
Gaia DR3 6006927967269904512 229.8322700 -38.4924925 15.751  3.419       0.991   8.8704  19.6346    -1.73      nan      nan    7.924  nan      nan    nan   1.428     nan                                None     -22.043     -27.259     -21.198       0.083     -28.684       0.074
Gaia DR3 6013245280045030272 233.6693047 -35.5823037 16.509    nan       2.695   9.1446  19.6647    -3.25      nan      nan    8.522  nan      nan    nan   0.694     nan                                None     -22.271     -30.020     -24.785       0.286     -34.157       0.333
Gaia DR3 6209197287409304320 234.8583102 -29.9796283 13.957  2.644       0.398   9.1587  19.6806    -5.09      nan      nan    8.088  nan      nan    nan   1.291     nan                                None     -20.693     -28.027     -21.355       0.027     -27.876       0.020
Gaia DR3 6105950809098000512 218.8581467 -38.7059237 14.801  3.088       1.794   9.0010  19.6860     0.45      nan      nan    7.978  nan      nan    nan   1.386     nan                                None     -25.473     -24.593     -22.687       0.041     -23.435       0.041
Gaia DR3 6204835795359050752 223.5429086 -34.1449005 12.289  1.926       1.089   3.3241  19.7000    -1.71      nan      nan    9.662  nan      nan    nan   1.320     nan                                None     -29.285     -31.145     -31.491       0.022     -30.915       0.022
Gaia DR3 6207235964822423424 230.1211919 -33.2763697 18.120  3.958       0.980   5.4948  19.7118    -3.26      nan      nan    7.278  nan      nan    nan   0.990     nan                                None     -20.158     -24.750     -20.212       0.203     -23.248       0.148
Gaia DR3 6013530706391990400 231.7400291 -36.2888805 17.641  3.650       2.226   8.2314  19.7174    -2.70      nan      nan    7.695  nan      nan    nan   0.935     nan                                None     -20.773     -26.761     -20.021       0.164     -30.293       0.121
Gaia DR3 6208357191805860096 234.2338852 -31.8355213 13.810  2.749       0.623   8.5471  19.7586    -4.44      nan      nan    7.779  nan      nan    nan   6.972     nan                                None     -20.127     -27.099     -21.084       0.131     -27.458       0.102
Gaia DR3 6013632617374037888 232.8596616 -35.6300819 16.740  3.433       1.623   8.5963  19.7763    -3.09      nan      nan    7.792  nan      nan    nan   0.847     nan                                None     -20.647     -27.282     -18.619       0.099     -29.013       0.077
Gaia DR3 6226347332341401984 227.9042668 -26.2175883 14.614  2.176       2.296   5.6428  19.7812    -4.75      nan      nan    7.288  nan      nan    nan   1.221     nan                                None     -20.857     -23.627     -17.402       0.036     -24.341       0.029
Gaia DR3 6007230917081959424 229.2740747 -37.4430540 15.752  3.455       1.109   7.7509  19.7887    -1.93      nan      nan    7.579  nan      nan    nan   6.604     nan                                None     -21.261     -25.892     -19.628       0.374     -26.579       0.291
Gaia DR3 6119157558660191488 217.8380551 -35.1307474 11.378  1.239       0.749   6.8738  19.8252    -0.24      nan      nan    7.429  nan      nan    nan   1.019     nan                                None     -23.962     -22.657     -23.422       0.021     -23.699       0.019
Gaia DR3 6007156047211408384 229.3505175 -37.9438803 15.601  3.122       0.997   8.2045  19.8729    -1.80      nan      nan    8.986  nan      nan    nan   1.253     nan                                None     -25.182     -30.753     -26.883       0.069     -31.575       0.062
Gaia DR3 6005408717079529216 227.0783346 -39.5264911 16.368  3.441       1.079   8.9415  19.9047    -0.94      nan      nan    7.898  nan      nan    nan   1.168     nan                                None     -22.867     -26.533     -23.677       0.092     -24.929       0.071
Gaia DR3 6013708277518212864 232.7898641 -35.0827119 13.840  2.997       0.974   8.2762  19.9412    -3.24      nan      nan    7.678  nan      nan    nan   5.524     nan                                None     -20.370     -26.821     -20.421       0.093     -28.396       0.077
Gaia DR3 6217021996264543360 218.4399044 -31.4116191 14.457  2.976       1.153   5.0291  19.9475    -1.31      nan      nan    9.543  nan      nan    nan   1.400     nan                                None     -30.600     -29.181     -28.462       0.035     -28.281       0.031
Gaia DR3 6208381587220236160 234.2569597 -31.6106950 11.865  2.604       2.729   8.5548  19.9662    -4.51      nan      nan    8.894  nan      nan    nan   2.006     nan                                None     -23.004     -30.956     -19.472       0.160     -27.253       0.115
Gaia DR3 6007591866132572672 229.6106759 -37.4181392 17.477  3.762       1.444   7.8820  19.9978    -1.99      nan      nan    7.583  nan      nan    nan   0.848     nan                                None     -21.166     -25.982     -23.128       0.151     -24.764       0.113
Gaia DR3 6005542548259894912 227.7853284 -38.9787743 16.838  3.549       0.554   8.5905  19.9982    -1.22      nan      nan    7.756  nan      nan    nan   1.241     nan                                None     -22.236     -26.215     -22.398       0.115     -25.324       0.100
Gaia DR3 6202196692576353152 224.6056576 -35.9854648 11.993  1.840       1.945   5.1125  20.0572    -1.43      nan      nan    7.223  nan      nan    nan   1.064     nan                                None     -21.606     -23.591     -18.679       0.019     -23.134       0.015
Gaia DR3 6006853097399328128 230.2143610 -38.9981666 15.978  2.667       0.552   9.4570  20.0773    -1.65      nan      nan    8.362  nan      nan    nan   1.074     nan                                None     -23.125     -28.890     -24.046       0.061     -29.203       0.050
Gaia DR3 6204902388831471616 223.8368455 -33.2756052 14.418  2.682       1.896   2.4253  20.0840    -2.00      nan      nan    7.073  nan      nan    nan   1.217     nan                                None     -21.361     -22.818     -18.645       0.036     -22.033       0.036
Gaia DR3 6197356646690779904 224.4463823 -39.7696948 16.560  3.471       0.545   8.8906  20.1094    -0.37      nan      nan    8.798  nan      nan    nan   1.010     nan                                None     -26.370     -28.801     -25.696       0.083     -28.048       0.080
Gaia DR3 6198087096066975744 223.5466043 -39.9232781 11.371  1.310       0.861   9.0631  20.1653    -0.16      nan      nan    7.897  nan      nan    nan   0.899     nan                                None     -23.935     -25.614     -22.804       0.016     -24.733       0.017
Gaia DR3 6106176312061034496 217.2204343 -38.0618620 15.886  3.141       1.115   9.2394  20.1859     0.63      nan      nan    7.979  nan      nan    nan   1.195     nan                                None     -25.890     -24.153     -24.831       0.054     -25.700       0.052
Gaia DR3 6013385880092829568 234.3679911 -34.8769987 14.264  2.616       1.078   9.3583  20.2084    -3.58      nan      nan    8.049  nan      nan    nan   1.198     nan                                None     -20.776     -28.428     -21.022       0.030     -30.240       0.024
Gaia DR3 6206021622949148288 230.7955243 -34.8124122 19.252  3.512       2.126   6.7347  20.2311    -2.95      nan      nan    7.378  nan      nan    nan   2.152     nan                                None     -20.221     -25.353     -18.792       0.830     -22.371       0.677
Gaia DR3 6105184964890031872 219.3275680 -38.9536695 15.817  3.336       0.872   9.0349  20.2342     0.42      nan      nan    7.871  nan      nan    nan   1.003     nan                                None     -25.013     -24.391     -23.859       0.043     -23.517       0.040
Gaia DR3 6007167351565715840 229.6120644 -37.6340367 10.493  1.093       2.839   8.0593  20.2369    -1.93      nan      nan    7.594  nan      nan    nan   2.741     nan                                None     -21.197     -26.032     -17.645       0.047     -28.868       0.041
Gaia DR3 6006484383048932864 230.8299863 -38.7206944 13.272  2.204       0.586   9.5000  20.2375    -1.84      nan      nan    8.177  nan      nan    nan   1.106     nan                                None     -22.399     -28.389     -21.723       0.019     -29.139       0.014
Gaia DR3 6007426252196501120 231.9281630 -37.2003607 15.198  3.142       1.429   8.9418  20.2488    -2.47      nan      nan    7.833  nan      nan    nan   1.009     nan                                None     -21.080     -27.350     -19.865       0.041     -25.327       0.043
Gaia DR3 6006507404074351488 231.4104801 -38.3967032 14.773  3.046       0.516   9.5261  20.2668    -2.04      nan      nan    8.416  nan      nan    nan   1.117     nan                                None     -22.841     -29.343     -23.403       0.032     -30.066       0.029
Gaia DR3 6016044224331910016 233.9341958 -32.9172571 15.862  3.317       2.293   8.4389  20.3173    -4.07      nan      nan    7.672  nan      nan    nan   0.999     nan                                None     -19.956     -26.800     -16.577       0.060     -25.271       0.042
Gaia DR3 6251168188861721472 231.2110365 -23.5093457  8.162  0.563       2.772   9.6014  20.3634    -6.17      nan      nan    8.303  nan      nan    nan  17.741     nan                                None     -22.606     -27.030     -17.920       0.474     -28.284       0.442
Gaia DR3 6105664214520112512 221.1493989 -37.9360852 14.704  3.057       0.778   7.5136  20.3779    -0.21      nan      nan    7.479  nan      nan    nan   1.597     nan                                None     -23.308     -23.644     -24.477       0.043     -23.274       0.040
Gaia DR3 6007365675977443584 230.4669896 -37.5488682  8.056  0.311       1.421   8.3987  20.4074    -2.11      nan      nan    7.651  nan      nan    nan   1.660     nan                                None     -21.077     -26.415     -19.664       0.082     -24.612       0.073
Gaia DR3 6197581531178342656 226.8276388 -39.2334966 15.693  3.248       1.415   8.6080  20.4155    -0.97      nan      nan    7.703  nan      nan    nan   0.624     nan                                None     -22.380     -25.808     -20.471       0.102     -24.527       0.083
Gaia DR3 6105194723057538560 220.8481953 -40.0956447 13.063  2.047       0.881   9.6286  20.4584     0.41      nan      nan    8.223  nan      nan    nan   1.165     nan                                None     -25.710     -25.903     -24.482       0.021     -24.994       0.020
Gaia DR3 6206125011401766656 231.0256280 -34.5424690 17.004  3.529       1.655   6.7495  20.4616    -3.07      nan      nan    7.362  nan      nan    nan   0.999     nan                                None     -20.104     -25.322     -22.355       0.096     -24.085       0.076
Gaia DR3 6007590938419586304 229.5912514 -37.5011243 16.902  3.449       1.447   7.9408  20.4667    -1.97      nan      nan    7.547  nan      nan    nan   0.790     nan                                None     -21.070     -25.857     -18.882       0.102     -26.569       0.079
Gaia DR3 6013209305398507264 234.3168918 -35.6691616 15.695  3.173       1.796   9.6513  20.4760    -3.34      nan      nan    8.348  nan      nan    nan   1.023     nan                                None     -21.567     -29.556     -19.116       0.043     -27.560       0.035
Gaia DR3 6005508630897881856 227.5400861 -39.3083748 16.112  3.072       1.147   8.8376  20.4947    -1.08      nan      nan    7.758  nan      nan    nan   0.999     nan                                None     -22.318     -26.171     -21.848       0.065     -24.355       0.056
Gaia DR3 6014431786232520704 233.5060038 -33.8079552 16.407  3.419       1.576   8.3193  20.4964    -3.74      nan      nan    7.622  nan      nan    nan   1.200     nan                                None     -19.975     -26.642     -22.168       0.092     -25.378       0.061
Gaia DR3 6231644126523867392 225.9806439 -21.7787304 13.100  2.327       1.155   9.2270  20.5270    -5.50      nan      nan    8.746  nan      nan    nan   1.267     nan                                None     -25.702     -27.277     -27.637       0.018     -28.164       0.017
Gaia DR3 6204835284262018688 223.6052891 -34.1429254  7.066  0.108       0.659   3.3127  20.5470    -1.72      nan      nan    9.748  nan      nan    nan   1.169     nan                                None     -29.524     -31.440     -30.702       0.040     -30.774       0.034
Gaia DR3 6007368699634426240 230.4469883 -37.5246804 15.161  3.312       1.387   8.3699  20.6431    -2.12      nan      nan    7.617  nan      nan    nan   1.315     nan                                None     -20.989     -26.291     -21.866       0.067     -24.243       0.062
Gaia DR3 6007418280736571776 231.7189343 -37.3685350 12.318  1.953       0.662   8.9370  20.6609    -2.39      nan      nan    8.896  nan      nan    nan   1.203     nan                                None     -24.023     -31.022     -25.065       0.019     -31.698       0.017
Gaia DR3 6016624491595436800 235.1892041 -31.3532897 14.305  2.749       0.585   9.3444  20.6635    -4.75      nan      nan    7.918  nan      nan    nan   1.192     nan                                None     -20.136     -27.695     -20.964       0.036     -27.178       0.035
Gaia DR3 6210324424265844608 233.4297840 -28.5459503 14.504  2.938       1.107   8.2762  20.6676    -5.23      nan      nan    7.593  nan      nan    nan   1.354     nan                                None     -19.926     -25.868     -18.526       0.038     -26.956       0.034
Gaia DR3 6210702106508928896 228.2442743 -31.2964357 12.770  1.959       2.027   3.4169  20.6759    -3.44      nan      nan    7.081  nan      nan    nan   2.302     nan                                None     -20.167     -23.558     -17.327       0.071     -24.602       0.068
Gaia DR3 6118151814754123264 216.9020186 -38.2949647 14.812  2.367       2.306   9.5797  20.6779     0.76      nan      nan    8.050  nan      nan    nan   1.199     nan                                None     -26.197     -24.271     -24.616       0.032     -27.851       0.031
Gaia DR3 6199255915589605376 228.3498354 -37.8542619 16.667  3.322       1.057   7.7375  20.7058    -1.64      nan      nan    7.487  nan      nan    nan   0.913     nan                                None     -21.291     -25.390     -21.996       0.079     -23.879       0.060
Gaia DR3 6007585780161926528 230.3003615 -36.9557056 15.247  3.025       2.824   7.8600  20.7185    -2.25      nan      nan    7.507  nan      nan    nan   1.310     nan                                None     -20.734     -25.846     -16.845       0.058     -28.047       0.048
Gaia DR3 6006998061135400448 228.8273194 -38.8522236 13.639  2.364       0.965   8.7975  20.7262    -1.45      nan      nan    7.713  nan      nan    nan   1.074     nan                                None     -21.782     -26.315     -20.542       0.020     -27.278       0.017
Gaia DR3 6006501219321752320 231.2947665 -38.6129615 13.854  2.602       1.072   9.6357  20.7323    -1.96      nan      nan    8.557  nan      nan    nan   1.184     nan                                None     -23.266     -29.818     -24.252       0.030     -28.155       0.029
Gaia DR3 6005508635197885952 227.5421782 -39.3028974 15.790  3.544       1.457   8.8329  20.7525    -1.08      nan      nan    7.720  nan      nan    nan   4.220     nan                                None     -22.206     -26.042     -24.450       0.330     -25.274       0.246
Gaia DR3 6209961310550080512 233.6688969 -29.2124645 15.790  2.998       0.911   8.2905  20.7683    -5.08      nan      nan    7.585  nan      nan    nan   1.065     nan                                None     -19.823     -25.977     -18.787       0.072     -24.953       0.068
Gaia DR3 6013154909631876864 234.1125064 -36.2630721 16.935  3.552       1.551   9.7916  20.7728    -3.13      nan      nan    8.357  nan      nan    nan   1.015     nan                                None     -21.669     -29.602     -20.225       0.090     -31.920       0.079
Gaia DR3 6013764490051433216 231.8839499 -35.5738238 13.521  2.231       1.161   7.8981  20.7860    -2.94      nan      nan    7.507  nan      nan    nan   1.109     nan                                None     -20.219     -26.083     -21.417       0.018     -24.690       0.016
Gaia DR3 6007747515748181632 230.5032767 -36.3592641 16.122  3.467       1.269   7.5359  20.7966    -2.46      nan      nan    7.446  nan      nan    nan   1.211     nan                                None     -20.500     -25.640     -18.923       0.071     -26.856       0.053
Gaia DR3 6012850035675820800 233.5521463 -35.9713823 19.066  3.922       1.804   9.2535  20.7970    -3.12      nan      nan    8.800  nan      nan    nan   1.018     nan                                None     -23.044     -31.010     -26.385       0.332     -31.195       0.251
Gaia DR3 6206637864857025792 232.1811220 -33.3033291 17.006  3.568       1.834   7.1135  20.8046    -3.64      nan      nan    7.383  nan      nan    nan   0.875     nan                                None     -19.788     -25.507     -22.469       0.164     -24.529       0.137
Gaia DR3 6012741222681730048 233.5076658 -36.8419614 16.574  3.011       1.123   9.6978  20.8449    -2.86      nan      nan    8.551  nan      nan    nan   0.990     nan                                None     -22.409     -30.205     -24.353       0.077     -29.640       0.061
Gaia DR3 6269871701983818368 214.5796381 -27.5452024 18.167  3.831       0.518   9.0984  20.8519    -1.36      nan      nan    7.786  nan      nan    nan   0.987     nan                                None     -25.868     -22.817     -26.265       0.206     -22.065       0.163
Gaia DR3 6199395656645840384 228.9538383 -37.1489210  7.748  0.089       1.584   7.3651  20.9073    -1.95      nan      nan    7.411  nan      nan    nan   0.948     nan                                None     -20.889     -25.232     -18.738       0.051     -24.008       0.035
Gaia DR3 6197285212794891264 224.8062354 -40.2055226 14.140  2.720       0.831   9.3351  20.9121    -0.32      nan      nan    8.791  nan      nan    nan   1.235     nan                                None     -26.230     -28.890     -25.233       0.035     -27.715       0.041
Gaia DR3 6234448774529861632 234.3372857 -27.2433493 15.586  3.110       1.403   9.5054  20.9246    -5.77      nan      nan    8.710  nan      nan    nan   1.133     nan                                None     -22.495     -29.610     -24.853       0.058     -28.571       0.036
Gaia DR3 6005337729853848064 227.4794898 -39.9312042 16.149    nan       0.554   9.4166  20.9252    -0.90      nan      nan    7.894  nan      nan    nan   1.433     nan                                None     -22.728     -26.632     -22.147       0.290     -27.347       0.207
Gaia DR3 6199395656645838976 228.9517512 -37.1545546  8.514  0.722       1.645   7.3689  20.9521    -1.95      nan      nan    7.407  nan      nan    nan   0.913     nan                                None     -20.880     -25.221     -19.210       0.028     -23.268       0.022
Gaia DR3 6204459560523244928 227.6786655 -32.8080030 14.989  2.858       0.628   3.4686  20.9529    -2.91      nan      nan    7.069  nan      nan    nan   1.182     nan                                None     -20.295     -23.536     -20.889       0.045     -22.812       0.048
Gaia DR3 6016624487295089792 235.1910845 -31.3528683 14.469  2.798       0.972   9.3460  20.9620    -4.75      nan      nan    7.857  nan      nan    nan   1.016     nan                                None     -19.981     -27.484     -21.431       0.038     -26.785       0.040
Gaia DR3 6217234476890421120 222.2448044 -32.4024841 14.847  2.983       1.829   2.3089  20.9731    -1.89      nan      nan    9.843  nan      nan    nan   1.094     nan                                None     -30.295     -31.239     -33.812       0.039     -32.666       0.035
Gaia DR3 6199349236640042240 228.5502589 -37.7351834 14.579  3.166       1.152   7.7055  20.9913    -1.71      nan      nan    7.456  nan      nan    nan   0.943     nan                                None     -21.140     -25.325     -22.078       0.138     -23.776       0.106
Gaia DR3 6214451784754188160 231.2890329 -26.5754123  8.241  0.513       1.941   7.4981  20.9913    -5.36      nan      nan    9.313  nan      nan    nan   0.948     nan                                None     -25.325     -30.939     -21.517       0.030     -31.081       0.024
Gaia DR3 6015942897459942016 235.6517475 -32.4837956 18.330  4.140       0.450   9.8009  21.0252    -4.50      nan      nan    8.098  nan      nan    nan   0.994     nan                                None     -20.418     -28.568     -20.084       0.275     -29.259       0.207
Gaia DR3 6014431893607672064 233.5091866 -33.8065293 14.955  2.861       1.581   8.3214  21.0467    -3.74      nan      nan    7.562  nan      nan    nan   1.049     nan                                None     -19.817     -26.433     -21.964       0.042     -25.115       0.028
Gaia DR3 6197285212795159424 224.8054997 -40.2051177 15.020  2.873       0.713   9.3347  21.0742    -0.32      nan      nan    8.829  nan      nan    nan   1.120     nan                                None     -26.344     -29.015     -25.392       0.043     -28.090       0.048
Gaia DR3 6013521601061127936 231.6022864 -36.4985329 14.934  3.068       1.713   8.2803  21.0791    -2.62      nan      nan    9.159  nan      nan    nan  13.334     nan                                None     -24.779     -31.834     -22.409       0.495     -29.527       0.406
Gaia DR3 6007585784459653248 230.3025764 -36.9543806 15.146  2.903       1.705   7.8601  21.0924    -2.25      nan      nan    7.472  nan      nan    nan   1.066     nan                                None     -20.637     -25.726     -18.523       0.047     -27.383       0.038
Gaia DR3 6007137802190254848 229.4856651 -38.2001852 14.633  2.733       1.308   8.4782  21.0982    -1.75      nan      nan    7.590  nan      nan    nan   1.107     nan                                None     -21.224     -26.016     -19.506       0.033     -27.212       0.034
Gaia DR3 6119157249423755776 217.8337039 -35.1432072 14.951  2.846       0.717   6.8841  21.1277    -0.23      nan      nan    7.329  nan      nan    nan   1.118     nan                                None     -23.640     -22.351     -23.860       0.077     -23.436       0.074
Gaia DR3 6106733691438736128 218.6629833 -36.6266516 12.297  1.701       1.310   7.4038  21.1577    -0.03      nan      nan    7.396  nan      nan    nan   1.287     nan                                None     -23.660     -22.761     -21.632       0.019     -22.526       0.026
Gaia DR3 6106739846130706304 218.6850443 -36.4965037 15.136  2.975       0.657   7.2939  21.1686    -0.07      nan      nan    9.374  nan      nan    nan   1.039     nan                                None     -29.982     -28.855     -31.183       0.079     -28.365       0.071
Gaia DR3 6013501947290447872 231.7146870 -36.7466330 14.959  3.444       0.772   8.5112  21.2055    -2.57      nan      nan    9.120  nan      nan    nan   1.053     nan                                None     -24.631     -31.752     -25.989       0.042     -32.352       0.038
Gaia DR3 6006451500778705280 231.5580241 -38.6301127 14.297  2.710       0.698   9.7792  21.3176    -2.00      nan      nan    8.668  nan      nan    nan   1.109     nan                                None     -23.468     -30.274     -22.636       0.024     -31.240       0.022
Gaia DR3 6210702308369949952 228.1852113 -31.2801674 11.316  1.308       1.961   3.3650  21.3235    -3.44      nan      nan    7.044  nan      nan    nan   1.167     nan                                None     -20.079     -23.423     -17.276       0.023     -22.635       0.021
Gaia DR3 6206499528250905344 230.8706714 -33.1745267 16.742  3.555       1.351   6.0357  21.3257    -3.43      nan      nan    7.223  nan      nan    nan   1.028     nan                                None     -19.774     -24.697     -21.706       0.100     -23.993       0.083
Gaia DR3 6197282223497921152 224.8447049 -40.2201519  9.641  0.976       1.046   9.3512  21.3357    -0.33      nan      nan    8.880  nan      nan    nan   1.167     nan                                None     -26.483     -29.194     -25.313       0.025     -27.625       0.028
Gaia DR3 6006777329877715712 228.8150857 -39.3051997 15.058  2.888       0.996   9.2014  21.3762    -1.32      nan      nan    7.739  nan      nan    nan   1.073     nan                                None     -21.858     -26.416     -20.572       0.047     -27.408       0.048
Gaia DR3 6006402984827134080 231.3299438 -39.1127892 19.203  3.753       1.839  10.0469  21.4067    -1.82      nan      nan    8.470  nan      nan    nan   0.970     nan                                None     -23.017     -29.554     -25.903       0.370     -31.118       0.288
Gaia DR3 6014540092423712128 233.2372594 -33.2723820 18.591  3.879       1.057   7.9516  21.4125    -3.84      nan      nan    7.458  nan      nan    nan   1.043     nan                                None     -19.637     -25.964     -20.564       0.408     -24.584       0.270
Gaia DR3 6119811424474162304 214.9685274 -34.7400546 17.112    nan       1.429   8.7238  21.4304     0.30      nan      nan    9.100  nan      nan    nan   1.320     nan                                None     -30.134     -26.901     -27.551       0.192     -25.984       0.159
Gaia DR3 6209757969617858944 231.2346700 -29.4134381 14.775  3.025       2.575   6.1858  21.4519    -4.56      nan      nan    7.230  nan      nan    nan   4.440     nan                                None     -19.676     -24.383     -15.942       0.120     -25.589       0.104
Gaia DR3 6012572374629403904 234.1167520 -36.7922245 18.002  4.254       0.712  10.0734  21.4605    -2.98      nan      nan    8.174  nan      nan    nan   0.965     nan                                None     -21.194     -29.004     -22.408       0.197     -28.834       0.168
Gaia DR3 6005296532532775168 227.0713279 -40.5153117 15.832  2.926       1.881   9.8961  21.4676    -0.66      nan      nan    8.012  nan      nan    nan   0.979     nan                                None     -23.199     -26.938     -24.670       0.052     -29.754       0.041
Gaia DR3 6201240946390962432 227.5369114 -34.0077058 16.014  3.217       1.374   4.1611  21.4932    -2.55      nan      nan    7.075  nan      nan    nan   1.004     nan                                None     -20.353     -23.614     -19.792       0.057     -21.643       0.047
Gaia DR3 6207693945775081216 231.1759580 -32.1891808 14.484  2.777       1.772   6.0172  21.4934    -3.77      nan      nan    9.602  nan      nan    nan   1.120     nan                                None     -26.157     -32.779     -29.455       0.031     -34.192       0.025
Gaia DR3 6007167179767020160 229.6376048 -37.6360611 13.446  2.267       1.541   8.0725  21.4963    -1.94      nan      nan    7.471  nan      nan    nan   1.161     nan                                None     -20.846     -25.616     -18.819       0.018     -26.951       0.017
Gaia DR3 6007543521980578816 229.6180573 -37.5748485 13.861  2.458       1.363   8.0134  21.4999    -1.95      nan      nan    7.461  nan      nan    nan   1.180     nan                                None     -20.823     -25.573     -19.029       0.022     -26.749       0.021
Gaia DR3 6007415600676934144 231.7584799 -37.4464032 12.634  2.196       0.420   9.0140  21.5277    -2.37      nan      nan    9.033  nan      nan    nan   1.051     nan                                None     -24.378     -31.517     -25.178       0.038     -31.523       0.031
Gaia DR3 6014346784535723904 232.4301321 -34.5213145 14.488  2.889       1.515   7.7584  21.5424    -3.34      nan      nan    9.337  nan      nan    nan   1.239     nan                                None     -24.921     -32.464     -27.759       0.034     -31.549       0.028
Gaia DR3 6122808933689669504 214.2639988 -34.5368125  9.110  0.622       1.520   9.1841  21.5475     0.41      nan      nan    7.709  nan      nan    nan   1.274     nan                                None     -25.679     -22.611     -23.556       0.026     -21.348       0.027
Gaia DR3 6206801417212045696 232.6093872 -32.3033254  9.471  0.905       2.680   7.2311  21.5577    -4.01      nan      nan    9.434  nan      nan    nan   1.046     nan                                None     -25.105     -32.561     -28.997       0.022     -28.919       0.017
Gaia DR3 6199563194727895424 226.6765827 -37.2976422 12.859  1.924       1.173   6.7158  21.5594    -1.48      nan      nan    7.278  nan      nan    nan   1.052     nan                                None     -21.188     -24.285     -21.311       0.020     -22.490       0.016
Gaia DR3 6014204844457556480 234.4369100 -33.9260852 16.664  3.470       0.191   9.0922  21.5684    -3.87      nan      nan    7.681  nan      nan    nan   0.921     nan                                None     -19.801     -27.040     -19.802       0.082     -27.349       0.061
Gaia DR3 6199709120536940416 227.7739262 -36.4324089 17.054  3.457       0.920   6.2651  21.5694    -1.93      nan      nan    7.230  nan      nan    nan   1.111     nan                                None     -20.729     -24.325     -22.003       0.104     -23.739       0.084
Gaia DR3 6206800661293799040 232.6091868 -32.3037448  9.282  0.981       0.884   7.2310  21.5832    -4.01      nan      nan    9.437  nan      nan    nan   1.049     nan                                None     -25.113     -32.572     -26.235       0.027     -33.928       0.021
Gaia DR3 6007551527799690240 229.8260328 -37.4026153 15.474  2.933       1.382   7.9703  21.5871    -2.04      nan      nan    7.446  nan      nan    nan   1.121     nan                                None     -20.715     -25.558     -18.949       0.047     -26.818       0.037
Gaia DR3 6203775900510748288 225.1860481 -34.7617785 18.312  4.063       2.192   3.9550  21.6032    -1.88      nan      nan    7.058  nan      nan    nan   1.132     nan                                None     -20.956     -23.122     -19.676       0.262     -20.122       0.266
Gaia DR3 6199563194727896448 226.6756709 -37.2968423 13.032  2.016       1.106   6.7149  21.6070    -1.48      nan      nan    7.274  nan      nan    nan   1.027     nan                                None     -21.178     -24.273     -21.340       0.019     -22.585       0.015
Gaia DR3 6006576054828994176 232.2504093 -38.1327550 16.678  3.600       1.152   9.7744  21.6095    -2.26      nan      nan    8.756  nan      nan    nan   1.002     nan                                None     -23.441     -30.727     -25.004       0.100     -32.170       0.076
Gaia DR3 6013772083553731968 231.4026757 -35.6256466 11.913  1.680       1.020   7.6093  21.6160    -2.83      nan      nan    7.388  nan      nan    nan   4.389     nan                                None     -20.052     -25.573     -18.814       0.088     -24.578       0.076
Gaia DR3 6013770571725180032 231.4060276 -35.6964147 15.354  3.270       0.990   7.6538  21.6180    -2.81      nan      nan    7.394  nan      nan    nan   1.422     nan                                None     -20.069     -25.601     -21.047       0.066     -24.407       0.049
Gaia DR3 6204854491355796352 223.4888659 -33.9098470 15.010  3.074       1.292   3.1032  21.6339    -1.76      nan      nan    9.871  nan      nan    nan   1.143     nan                                None     -29.938     -31.787     -32.614       0.041     -31.530       0.033
Gaia DR3 6197066581779312640 224.9706981 -40.7072089 14.433  2.727       0.729   9.8429  21.6604    -0.22      nan      nan    8.734  nan      nan    nan   1.149     nan                                None     -26.006     -28.755     -25.062       0.033     -27.802       0.037
Gaia DR3 6007542525548142080 229.6475140 -37.6028549 13.866  2.362       1.585   8.0497  21.6660    -1.95      nan      nan    7.452  nan      nan    nan   1.201     nan                                None     -20.788     -25.550     -18.776       0.021     -27.016       0.020
Gaia DR3 6013504627350137216 231.8217142 -36.6205501 15.572  3.030       1.545   8.4936  21.6666    -2.62      nan      nan    7.532  nan      nan    nan   1.092     nan                                None     -20.307     -26.237     -18.416       0.048     -27.801       0.043
Gaia DR3 6198072080862574976 226.4262654 -37.3907736 12.081  1.654       1.934   6.7473  21.6789    -1.40      nan      nan    7.273  nan      nan    nan   4.005     nan                                None     -21.245     -24.216     -22.835       0.063     -21.713       0.055
Gaia DR3 6007246825641471488 230.6155189 -38.3949719 19.502  3.701       2.160   9.1383  21.6907    -1.90      nan      nan    9.024  nan      nan    nan   1.045     nan                                None     -24.802     -31.251     -24.282       0.442     -27.174       0.334
Gaia DR3 6105410051236625280 221.1301810 -38.8418081 15.851  3.390       1.095   8.3701  21.6947     0.03      nan      nan    7.506  nan      nan    nan   1.249     nan                                None     -23.396     -23.725     -21.788       0.076     -23.079       0.087
Gaia DR3 6214343207984246400 229.0600119 -26.7265114 15.073  2.949       1.072   5.8950  21.7561    -4.86      nan      nan    7.183  nan      nan    nan   1.192     nan                                None     -20.215     -23.535     -18.619       0.056     -23.242       0.050
Gaia DR3 6117846081806596224 214.2332343 -36.7971700 14.148  2.981       0.733  10.2227  21.7581     0.97      nan      nan    8.188  nan      nan    nan   4.041     nan                                None     -27.281     -23.960     -26.136       0.080     -24.497       0.072
Gaia DR3 6211203346372499328 230.3280626 -30.2756933 16.034  3.498       2.534   5.2380  21.7774    -4.14      nan      nan    9.721  nan      nan    nan   6.432     nan                                None     -26.838     -32.711     -24.038       0.341     -28.338       0.304
Gaia DR3 6007162919159413120 229.6834814 -37.7148464 15.869  2.833       1.369   8.1579  21.7777    -1.92      nan      nan    7.460  nan      nan    nan   0.950     nan                                None     -20.800     -25.592     -19.233       0.044     -27.068       0.045
Gaia DR3 6007162506842544512 229.6530174 -37.7414773 14.538  2.675       1.546   8.1662  21.7836    -1.91      nan      nan    7.461  nan      nan    nan   1.084     nan                                None     -20.812     -25.590     -18.600       0.026     -26.601       0.023
Gaia DR3 6207080830605220864 232.0979834 -31.5766949 14.080  2.555       1.348   6.7167  21.7930    -4.12      nan      nan    7.261  nan      nan    nan   1.248     nan                                None     -19.488     -24.892     -20.253       0.031     -22.975       0.026
Gaia DR3 6202672888487810304 220.3607643 -36.4742836  9.702  0.753       0.204   6.4756  21.8088    -0.43      nan      nan    7.235  nan      nan    nan   0.892     nan                                None     -22.741     -22.670     -22.616       0.017     -22.955       0.016
Gaia DR3 6016147269181993600 235.1909144 -32.2431056 15.529  3.156       0.588   9.3888  21.8348    -4.49      nan      nan    7.728  nan      nan    nan   1.206     nan                                None     -19.653     -27.149     -18.711       0.055     -26.977       0.038
Gaia DR3 6197695055754115200 227.5586109 -38.8687956 16.819  3.441       0.400   8.4267  21.8364    -1.21      nan      nan    7.503  nan      nan    nan   1.054     nan                                None     -21.577     -25.299     -21.748       0.093     -24.690       0.082
Gaia DR3 6197921928808704128 225.5165477 -38.4007666 18.405  4.050       2.748   7.5886  21.8952    -0.95      nan      nan    7.362  nan      nan    nan   1.042     nan                                None     -21.767     -24.334     -21.689       0.283     -28.598       0.240
Gaia DR3 6124037221320717824 212.9260365 -32.4274125 15.353  2.520       1.582   9.7863  21.8987     0.21      nan      nan    8.825  nan      nan    nan   1.119     nan                                None     -29.716     -25.525     -29.666       0.046     -22.582       0.039
Gaia DR3 6007333343463146752 229.9830922 -37.8653556 15.478  2.994       1.476   8.4173  21.9071    -1.94      nan      nan    7.494  nan      nan    nan   1.174     nan                                None     -20.799     -25.783     -18.859       0.055     -27.078       0.041
Gaia DR3 6199706199960270208 227.4463408 -36.4510172 16.316  3.335       1.194   6.1604  21.9291    -1.86      nan      nan    7.196  nan      nan    nan   1.040     nan                                None     -20.728     -24.142     -21.211       0.103     -22.398       0.084
Gaia DR3 6102281803217235456 222.7605163 -39.5128667 15.091  2.858       1.185   8.7217  21.9309    -0.12      nan      nan    7.551  nan      nan    nan   1.009     nan                                None     -23.102     -24.288     -21.602       0.040     -23.143       0.041
Gaia DR3 6016147269188595712 235.1914912 -32.2431880 16.828    nan       0.089   9.3893  21.9433    -4.49      nan      nan    7.712  nan      nan    nan   1.054     nan                                None     -19.613     -27.094     -19.751       0.161     -27.140       0.109
Gaia DR3 6101178030983364224 223.8027174 -40.8291736 16.853  3.521       0.746   9.9567  21.9464     0.03      nan      nan    8.753  nan      nan    nan   1.008     nan                                None     -26.446     -28.469     -27.709       0.089     -27.919       0.088
Gaia DR3 6005337729860211072 227.4794964 -39.9314868 15.781  3.275       0.716   9.4168  21.9615    -0.90      nan      nan    7.718  nan      nan    nan   0.721     nan                                None     -22.221     -26.038     -22.334       0.102     -27.198       0.092
Gaia DR3 6012645393373764480 232.7933696 -37.1839022 13.885  2.494       0.433   9.4511  21.9937    -2.63      nan      nan    7.723  nan      nan    nan   1.100     nan                                None     -20.489     -27.155     -21.003       0.024     -27.637       0.017
Gaia DR3 6013545893396218240 232.2356267 -36.2030982 15.427  3.187       1.194   8.4951  21.9996    -2.82      nan      nan    7.499  nan      nan    nan   1.497     nan                                None     -20.081     -26.177     -20.085       0.071     -24.289       0.052
Gaia DR3 6014109251366864128 233.6600674 -34.7089969 17.553  3.098       1.566   8.7574  22.0168    -3.50      nan      nan    7.549  nan      nan    nan   1.045     nan                                None     -19.731     -26.508     -21.692       0.126     -24.971       0.109
Gaia DR3 6231751191469024256 226.8084031 -21.6257642 15.714    nan       1.530   9.5262  22.0232    -5.73      nan      nan    7.742  nan      nan    nan   1.099     nan                                None     -22.498     -24.241     -20.202       0.105     -25.223       0.091
Gaia DR3 6206456372421767040 230.3304140 -33.6821084 19.138  4.265       2.041   5.8280  22.0455    -3.19      nan      nan    7.159  nan      nan    nan   1.014     nan                                None     -19.763     -24.418     -18.550       0.403     -21.588       0.293
Gaia DR3 6006818497142523136 229.9270658 -39.3190676 16.324  3.302       1.534   9.6142  22.0898    -1.51      nan      nan    7.760  nan      nan    nan   1.026     nan                                None     -21.556     -26.756     -22.068       0.092     -29.213       0.067
Gaia DR3 6237626431852932096 234.1548618 -26.5647621 17.141  3.633       0.776   9.6667  22.0933    -5.92      nan      nan    7.777  nan      nan    nan   1.034     nan                                None     -20.150     -26.295     -19.441       0.110     -27.350       0.076
Gaia DR3 6278098664595992320 219.1579402 -24.0266547 16.190  2.852       1.924   8.2226  22.1050    -3.34      nan      nan    9.322  nan      nan    nan   1.055     nan                                None     -29.673     -28.088     -28.796       0.060     -24.410       0.055
Gaia DR3 6102216627093165824 221.5739336 -39.7896972 17.559  3.844       0.313   9.1785  22.1056     0.19      nan      nan    9.086  nan      nan    nan   0.893     nan                                None     -28.180     -28.854     -27.583       0.182     -28.813       0.171
Gaia DR3 6270808558906552704 213.8303679 -26.4410680 14.866  3.047       1.054  10.1838  22.1199    -1.44      nan      nan    8.000  nan      nan    nan   3.036     nan                                None     -26.745     -23.240     -26.373       0.092     -24.979       0.071
Gaia DR3 6239040232010191104 232.0458596 -24.4383128 14.384  2.864       1.221   9.4157  22.1204    -6.09      nan      nan    7.695  nan      nan    nan   2.231     nan                                None     -20.670     -25.336     -19.124       0.052     -26.574       0.041
Gaia DR3 6014509855853922176 232.8412661 -33.4944233 10.598  1.040       2.752   7.6966  22.1433    -3.71      nan      nan    7.357  nan      nan    nan   0.966     nan                                None     -19.502     -25.560     -20.447       0.019     -29.723       0.013
Gaia DR3 6199205578572016256 227.8838940 -38.6024435 15.388  2.968       1.520   8.2676  22.1678    -1.34      nan      nan    7.443  nan      nan    nan   1.186     nan                                None     -21.308     -25.165     -19.601       0.048     -26.832       0.040
Gaia DR3 6016237704020614016 234.8152792 -31.6904300 14.287  2.588       0.909   9.0329  22.1723    -4.59      nan      nan    7.592  nan      nan    nan   1.138     nan                                None     -19.440     -26.534     -19.812       0.025     -25.128       0.020
Gaia DR3 6207291936836886784 230.3441338 -32.6275705 12.572  1.899       2.460   5.4404  22.1842    -3.49      nan      nan    7.119  nan      nan    nan   3.248     nan                                None     -19.650     -24.194     -18.410       0.048     -20.717       0.038
Gaia DR3 6102352068883423488 222.4065367 -39.1546823 17.389  3.719       0.676   8.4157  22.1967    -0.14      nan      nan    7.466  nan      nan    nan   1.057     nan                                None     -22.937     -23.924     -23.341       0.155     -22.940       0.131
Gaia DR3 6231751191467085952 226.8080109 -21.6257383 14.949  3.116       2.460   9.5261  22.1999    -5.73      nan      nan    7.716  nan      nan    nan   1.726     nan                                None     -22.423     -24.159     -18.620       0.058     -22.916       0.045
Gaia DR3 6007150923313992704 229.7440972 -37.7551081 13.416  2.548       1.627   8.2183  22.2017    -1.92      nan      nan    7.432  nan      nan    nan   1.270     nan                                None     -20.702     -25.511     -18.634       0.025     -27.000       0.020
Gaia DR3 6102197179481055104 221.0491275 -40.1161073 14.874  2.858       0.836   9.6022  22.2055     0.38      nan      nan    7.738  nan      nan    nan   1.127     nan                                None     -24.142     -24.431     -25.211       0.033     -23.583       0.033
Gaia DR3 6252371844860170240 229.9514964 -21.8843000 15.235  3.023       1.725  10.3250  22.2095    -6.34      nan      nan    8.070  nan      nan    nan   1.135     nan                                None     -22.410     -25.782     -19.953       0.042     -24.178       0.036
Gaia DR3 6234377340635038848 235.2782020 -26.9407565 10.961  1.146       2.458  10.3926  22.2423    -6.03      nan      nan    8.549  nan      nan    nan   0.906     nan                                None     -21.706     -29.171     -18.069       0.022     -26.641       0.014
Gaia DR3 6210702415745896192 228.1919710 -31.2839459 13.982  2.448       2.558   3.3711  22.2809    -3.44      nan      nan    6.995  nan      nan    nan   1.074     nan                                None     -19.936     -23.260     -16.541       0.024     -21.618       0.021
Gaia DR3 6118388965669026688 217.3304055 -37.0142713 15.847  3.025       2.285   8.4151  22.2964     0.35      nan      nan    7.456  nan      nan    nan   1.038     nan                                None     -24.168     -22.612     -20.916       0.053     -21.089       0.062
Gaia DR3 6206424456520866048 231.0050475 -33.6391625 13.416  2.092       2.366   6.3161  22.2965    -3.33      nan      nan    7.187  nan      nan    nan   1.387     nan                                None     -19.632     -24.639     -21.231       0.023     -27.848       0.020
Gaia DR3 6013440477718185088 232.1866650 -36.9514455 15.589  3.357       1.206   8.9306  22.3043    -2.59      nan      nan    7.555  nan      nan    nan   1.638     nan                                None     -20.246     -26.417     -18.475       0.090     -27.162       0.060
Gaia DR3 6210165098158294784 233.9400553 -28.4265364 16.583  3.380       0.249   8.7393  22.3518    -5.36      nan      nan    7.511  nan      nan    nan   1.006     nan                                None     -19.535     -25.653     -19.270       0.072     -25.361       0.058
Gaia DR3 6210301334521945856 232.8513725 -28.3407502 16.528  3.455       1.702   7.8668  22.3627    -5.17      nan      nan    7.364  nan      nan    nan   1.203     nan                                None     -19.515     -24.964     -16.896       0.094     -25.310       0.080
Gaia DR3 6210727086038327424 228.6441805 -30.9443048 15.118  2.760       2.468   3.7413  22.4200    -3.62      nan      nan    7.004  nan      nan    nan   1.171     nan                                None     -19.831     -23.340     -20.944       0.040     -19.870       0.034
Gaia DR3 6101758336902846208 220.5661040 -41.0052510 11.125  1.290       0.735  10.5602  22.4258     0.70      nan      nan    8.438  nan      nan    nan   0.949     nan                                None     -26.465     -26.481     -27.601       0.019     -25.834       0.019
Gaia DR3 6007364198508689792 230.4647905 -37.5702326 15.128  3.240       2.230   8.4142  22.4315    -2.11      nan      nan    7.444  nan      nan    nan   1.609     nan                                None     -20.507     -25.701     -23.732       0.080     -24.342       0.073
Gaia DR3 6012537503797250432 233.6580456 -37.1978715 14.215  2.659       0.793  10.0035  22.4524    -2.78      nan      nan    7.837  nan      nan    nan   1.043     nan                                None     -20.483     -27.743     -21.658       0.025     -28.325       0.021
Gaia DR3 6016458254879037824 236.6581410 -31.6359268 18.913  3.817       2.556  10.5993  22.4593    -4.93      nan      nan    8.357  nan      nan    nan   1.108     nan                                None     -20.673     -29.555     -21.763       0.411     -25.186       0.256
Gaia DR3 6101758332601667712 220.5649875 -41.0043630 11.845  1.556       1.461  10.5596  22.4651     0.70      nan      nan    8.475  nan      nan    nan   1.022     nan                                None     -26.581     -26.597     -29.135       0.017     -26.057       0.017
Gaia DR3 6214607743610839680 231.6937931 -25.8629317 17.004  3.621       1.312   8.2229  22.4659    -5.63      nan      nan    9.372  nan      nan    nan   1.104     nan                                None     -25.320     -31.080     -23.036       0.114     -29.855       0.100
Gaia DR3 6211174995291203072 229.9333871 -30.4424906 18.695  3.758       1.495   4.8788  22.4841    -4.02      nan      nan    7.063  nan      nan    nan   0.914     nan                                None     -19.617     -23.715     -17.829       0.290     -25.040       0.218
Gaia DR3 6123934936675046912 212.8649672 -33.0993392 16.891  3.379       0.631   9.9302  22.5023     0.39      nan      nan    7.800  nan      nan    nan   0.988     nan                                None     -26.279     -22.540     -25.782       0.103     -21.629       0.090
Gaia DR3 6016640262714848640 235.5415883 -31.1523621 14.569  2.780       1.825   9.6478  22.5027    -4.87      nan      nan    7.708  nan      nan    nan   1.374     nan                                None     -19.477     -26.998     -21.535       0.039     -24.862       0.029
Gaia DR3 6015967017999485824 234.2544272 -33.3822325 15.803  3.607       1.453   8.8021  22.5145    -4.00      nan      nan    9.252  nan      nan    nan   2.854     nan                                None     -23.930     -32.457     -26.214       0.136     -30.781       0.100
Gaia DR3 6013501947291532160 231.7186395 -36.7461560 16.211  3.530       0.595   8.5132  22.5161    -2.57      nan      nan    9.318  nan      nan    nan   0.963     nan                                None     -25.164     -32.443     -26.271       0.065     -32.817       0.063
Gaia DR3 6206074463927357952 230.5965196 -34.6242716  8.994  0.593       1.592   6.4942  22.5176    -2.97      nan      nan    7.190  nan      nan    nan   2.335     nan                                None     -19.766     -24.651     -17.353       0.051     -24.642       0.040
Gaia DR3 6210014224546988160 233.4073367 -29.0807503 16.018  3.249       0.370   8.1023  22.5229    -5.07      nan      nan    7.385  nan      nan    nan   1.168     nan                                None     -19.388     -25.231     -18.822       0.082     -25.124       0.067
Gaia DR3 6212966619426383232 231.2626334 -28.4944786 15.048  3.125       1.542   6.5135  22.5235    -4.82      nan      nan    7.191  nan      nan    nan   2.913     nan                                None     -19.563     -24.144     -17.537       0.087     -25.312       0.068
Gaia DR3 6202259128518613376 223.9102362 -35.5399722 15.345  3.113       2.342   4.6704  22.5429    -1.41      nan      nan    7.046  nan      nan    nan   2.399     nan                                None     -21.262     -22.848     -17.788       0.098     -22.681       0.077
Gaia DR3 6233288274368468736 235.4509969 -28.8804170 15.306  3.039       1.151   9.8823  22.5886    -5.51      nan      nan    8.942  nan      nan    nan   1.058     nan                                None     -22.630     -30.911     -20.494       0.043     -30.533       0.032
Gaia DR3 6237742980085973760 234.4153746 -25.6544457  9.309  0.771       2.263  10.3336  22.6142    -6.23      nan      nan    8.736  nan      nan    nan  24.588     nan                                None     -22.531     -29.406     -24.040       0.492     -33.291       0.359
Gaia DR3 6014104067344263168 233.5089864 -34.7309994 15.178  3.341       1.571   8.6524  22.6168    -3.47      nan      nan    7.468  nan      nan    nan   1.445     nan                                None     -19.571     -26.197     -21.693       0.057     -24.926       0.047
Gaia DR3 6221186465274429440 216.5748164 -29.6245638 16.703  2.997       2.535   6.7750  22.6188    -1.33      nan      nan    9.634  nan      nan    nan   0.976     nan                                None     -31.449     -28.861     -33.392       0.095     -33.629       0.082
Gaia DR3 6007538024422285312 229.7449953 -37.7288672 14.725  2.867       1.552   8.1972  22.6202    -1.93      nan      nan    7.392  nan      nan    nan   1.244     nan                                None     -20.590     -25.372     -18.850       0.038     -27.052       0.029
Gaia DR3 6238041188256429440 233.4060069 -24.8427874 17.272  3.988       1.303  10.0671  22.6415    -6.25      nan      nan    8.877  nan      nan    nan   0.926     nan                                None     -23.305     -29.543     -20.919       0.169     -29.041       0.160
Gaia DR3 6012593235290102272 232.6534329 -37.6902251  7.804  0.362       2.721   9.6973  22.6474    -2.46      nan      nan    7.702  nan      nan    nan   1.060     nan                                None     -20.481     -27.087     -24.865       0.034     -27.636       0.030
Gaia DR3 6102180240129886464 221.2606994 -40.2362813 14.716  2.951       0.661   9.6723  22.6529     0.37      nan      nan    7.694  nan      nan    nan   1.119     nan                                None     -23.949     -24.348     -24.278       0.038     -23.328       0.033
Gaia DR3 6016640262714851712 235.5429603 -31.1477790 14.590  2.837       1.703   9.6491  22.6558    -4.87      nan      nan    7.687  nan      nan    nan   1.284     nan                                None     -19.423     -26.924     -21.532       0.038     -25.144       0.028
Gaia DR3 6233476806251905920 235.9988523 -28.1753765 16.332  3.340       0.847  10.5402  22.6807    -5.81      nan      nan    8.615  nan      nan    nan   1.030     nan                                None     -21.583     -29.756     -22.151       0.079     -31.185       0.059
Gaia DR3 6015102698785763328 236.0876151 -33.3153946  9.474  0.974       0.617  10.2853  22.6892    -4.34      nan      nan    7.910  nan      nan    nan   0.870     nan                                None     -19.782     -28.096     -19.255       0.017     -28.979       0.012
Gaia DR3 6013346538192641664 235.1206394 -34.9528534 15.545  3.192       1.026   9.9596  22.6955    -3.69      nan      nan    7.778  nan      nan    nan   1.155     nan                                None     -19.806     -27.629     -19.344       0.055     -29.247       0.044
Gaia DR3 6198313256166085632 223.6238733 -38.7034657 14.159  2.836       0.391   7.8421  22.7185    -0.50      nan      nan    7.332  nan      nan    nan   1.287     nan                                None     -22.200     -23.788     -21.984       0.032     -24.352       0.030
Gaia DR3 6197190482996178816 225.1873198 -40.0617341 15.350  3.207       1.775   9.2110  22.7258    -0.44      nan      nan    9.182  nan      nan    nan   1.126     nan                                None     -27.263     -30.289     -30.637       0.060     -29.641       0.047
Gaia DR3 6207460436991521280 227.9029316 -32.8243367 12.938  2.348       0.594   3.6370  22.7316    -2.95      nan      nan    6.983  nan      nan    nan   3.196     nan                                None     -19.984     -23.293     -20.625       0.069     -22.698       0.054
Gaia DR3 6233288274368468864 235.4510991 -28.8796745 15.977  3.535       1.291   9.8826  22.7348    -5.51      nan      nan    8.972  nan      nan    nan   1.032     nan                                None     -22.708     -31.017     -20.408       0.065     -30.196       0.048
Gaia DR3 6005788735787990016 230.9373235 -40.1571061 13.930  2.617       1.620  10.7340  22.7387    -1.45      nan      nan    8.340  nan      nan    nan   1.145     nan                                None     -22.805     -29.052     -25.483       0.029     -28.085       0.026
Gaia DR3 6222444684533227264 221.3144234 -27.7094216 15.694  2.920       1.763   4.0934  22.7393    -2.91      nan      nan    7.004  nan      nan    nan   1.237     nan                                None     -21.786     -21.762     -19.195       0.053     -22.001       0.048
Gaia DR3 6007542731706573312 229.6479276 -37.6011906 15.341  2.972       1.562   8.0486  22.7424    -1.95      nan      nan    7.359  nan      nan    nan   1.127     nan                                None     -20.530     -25.232     -18.890       0.042     -27.017       0.037
Gaia DR3 6216672278551469056 219.5967906 -32.3900063 17.859  3.965       1.202   4.2662  22.7672    -1.32      nan      nan    7.011  nan      nan    nan   1.024     nan                                None     -22.218     -21.711     -22.453       0.167     -23.472       0.159
Gaia DR3 6202225696493537664 224.7045376 -35.4814464 14.893  3.224       2.044   4.6148  22.7699    -1.59      nan      nan    7.031  nan      nan    nan   7.062     nan                                None     -21.005     -22.965     -20.084       0.219     -20.078       0.201
Gaia DR3 6201073751904265984 228.9781282 -34.3576417 13.734  2.228       0.347   5.2644  22.7724    -2.74      nan      nan    7.072  nan      nan    nan   1.103     nan                                None     -19.928     -23.914     -19.540       0.021     -23.571       0.019
Gaia DR3 6120311938487051392 216.6836130 -33.4237085 18.360  3.877       1.951   6.9169  22.7756    -0.41      nan      nan    7.215  nan      nan    nan   0.798     nan                                None     -23.529     -21.725     -20.581       0.197     -21.377       0.155
Gaia DR3 6201187139040016768 227.3946143 -34.5848785 15.918  3.355       0.842   4.5352  22.7807    -2.37      nan      nan    7.025  nan      nan    nan   1.090     nan                                None     -20.251     -23.458     -20.590       0.067     -22.258       0.057
Gaia DR3 6014355164014647680 232.5984525 -34.3629388 17.233  3.575       2.084   7.8175  22.8096    -3.41      nan      nan    7.321  nan      nan    nan   0.807     nan                                None     -19.485     -25.472     -22.381       0.136     -24.073       0.107
Gaia DR3 6203838783129785344 224.8620205 -34.5360288 13.717  2.668       1.968   3.6882  22.8149    -1.87      nan      nan    6.981  nan      nan    nan   2.007     nan                                None     -20.814     -22.792     -17.968       0.050     -22.253       0.038
Gaia DR3 6014678218575452544 236.3351951 -34.5147412 14.295  2.703       1.090  10.7646  22.8161    -4.03      nan      nan    8.284  nan      nan    nan   1.204     nan                                None     -20.619     -29.625     -19.792       0.028     -31.339       0.022
Gaia DR3 6013346538192641152 235.1205658 -34.9535856 15.101  3.151       0.892   9.9598  22.8242    -3.69      nan      nan    7.757  nan      nan    nan   1.297     nan                                None     -19.753     -27.555     -19.740       0.052     -29.014       0.041
Gaia DR3 6007266616850864000 230.6083806 -38.2039979 15.072  2.985       1.442   8.9823  22.8248    -1.95      nan      nan    7.511  nan      nan    nan   1.154     nan                                None     -20.645     -25.998     -18.720       0.036     -27.228       0.028
Gaia DR3 6013096914697823872 235.3527020 -35.5493370 14.355  2.753       1.223  10.3619  22.8745    -3.55      nan      nan    7.905  nan      nan    nan   1.204     nan                                None     -20.043     -28.190     -18.415       0.032     -29.415       0.029
Gaia DR3 6228554773727865856 221.7401720 -26.7522249 14.346  2.819       1.720   4.6906  22.9234    -3.25      nan      nan    7.027  nan      nan    nan   1.376     nan                                None     -21.753     -21.831     -19.308       0.037     -22.550       0.030
Gaia DR3 6015729798365165824 235.4605754 -33.5382886 15.364  3.041       0.505   9.8173  22.9272    -4.16      nan      nan    7.698  nan      nan    nan   1.129     nan                                None     -19.479     -27.251     -18.913       0.048     -26.659       0.038
Gaia DR3 6015104829089582208 236.0713943 -33.1704426 14.937  2.934       1.407  10.2465  22.9517    -4.38      nan      nan    7.839  nan      nan    nan   1.075     nan                                None     -19.611     -27.822     -20.812       0.037     -25.832       0.027
Gaia DR3 6006346291261049984 232.1400731 -38.7499848 14.358  2.696       0.556  10.1664  22.9621    -2.06      nan      nan    7.806  nan      nan    nan   1.147     nan                                None     -20.936     -27.406     -21.545       0.032     -28.090       0.023
Gaia DR3 6004808692968504576 225.2783063 -41.5594266 13.484  2.285       1.420  10.7093  22.9928    -0.04      nan      nan    8.084  nan      nan    nan   1.274     nan                                None     -23.976     -26.704     -21.694       0.024     -25.896       0.021
Gaia DR3 6007415600670672000 231.7586597 -37.4461707 14.318    nan       0.186   9.0139  23.0180    -2.37      nan      nan    9.279  nan      nan    nan   1.310     nan                                None     -25.040     -32.373     -25.015       0.233     -32.736       0.284
Gaia DR3 6004808899126937472 225.2580800 -41.5486954 13.500  2.322       1.353  10.6974  23.0286    -0.04      nan      nan    8.061  nan      nan    nan   1.319     nan                                None     -23.913     -26.621     -21.671       0.024     -26.108       0.020
Gaia DR3 6007195767068684544 228.9324477 -37.8128571 15.922  3.299       2.397   7.9214  23.0413    -1.76      nan      nan    7.317  nan      nan    nan   1.171     nan                                None     -20.632     -24.942     -17.536       0.060     -22.922       0.055
Gaia DR3 6208780022747135104 234.8076331 -31.2418125 14.257  2.698       0.558   9.0187  23.0585    -4.71      nan      nan    7.494  nan      nan    nan   1.346     nan                                None     -19.192     -26.132     -19.872       0.035     -25.574       0.028
Gaia DR3 6100921333676447360 223.8739678 -41.7712189 16.036  3.327       1.542  10.8962  23.0782     0.27      nan      nan    8.339  nan      nan    nan   1.029     nan                                None     -25.174     -27.139     -22.750       0.067     -25.927       0.058
Gaia DR3 6198115099253734656 223.9717822 -39.7290742  9.266  0.663       1.483   8.8527  23.0955    -0.30      nan      nan    7.459  nan      nan    nan   0.975     nan                                None     -22.490     -24.299     -24.713       0.018     -23.591       0.014
Gaia DR3 6009867271092777088 235.0083640 -37.1093715 16.079  3.510       1.951  10.8447  23.1009    -3.03      nan      nan    8.514  nan      nan    nan   1.704     nan                                None     -21.724     -30.445     -25.030       0.118     -29.294       0.091
Gaia DR3 6203034623514237696 220.8472965 -35.1447816 12.321  1.526       1.731   5.1462  23.1032    -0.88      nan      nan    7.045  nan      nan    nan   1.328     nan                                None     -22.029     -22.163     -19.511       0.017     -21.645       0.016
Gaia DR3 6224932123441808768 225.7402655 -27.0251339 13.761  2.144       2.215   4.0599  23.1327    -4.07      nan      nan    6.981  nan      nan    nan   1.038     nan                                None     -20.581     -22.383     -18.604       0.018     -19.790       0.016
Gaia DR3 6016370671910255744 236.0132486 -31.8344311 18.160  3.954       0.888  10.0566  23.1343    -4.76      nan      nan    7.740  nan      nan    nan   1.046     nan                                None     -19.385     -27.287     -20.429       0.233     -26.283       0.151
Gaia DR3 6116573156575228416 215.3839930 -38.9554210 15.150  2.986       0.816  10.8727  23.1401     1.24      nan      nan    8.501  nan      nan    nan   1.056     nan                                None     -28.049     -25.150     -29.412       0.039     -25.679       0.038
Gaia DR3 6004809174004832512 225.3774044 -41.5682804  8.979  0.630       0.431  10.7243  23.1414    -0.06      nan      nan    8.041  nan      nan    nan   1.170     nan                                None     -23.818     -26.589     -23.166       0.026     -26.259       0.022
Gaia DR3 6006338594679802496 232.4479987 -38.6999498 15.044  2.870       1.748  10.2912  23.1420    -2.13      nan      nan    7.821  nan      nan    nan   1.101     nan                                None     -20.869     -27.525     -23.561       0.038     -26.499       0.030
Gaia DR3 6007435426246132736 231.6476648 -37.1755434 13.130  2.039       0.847   8.7621  23.1585    -2.43      nan      nan    7.437  nan      nan    nan   4.975     nan                                None     -20.107     -25.907     -20.418       0.091     -24.615       0.075
Gaia DR3 6015986534331026048 234.0472402 -33.0929094  6.241 -0.104       1.494   8.5678  23.2074    -4.04      nan      nan    7.400  nan      nan    nan   1.067     nan                                None     -19.210     -25.890     -20.010       0.062     -23.701       0.064
Gaia DR3 6213906152112217216 229.7237925 -27.7821107 17.220  2.980       1.636   5.6634  23.2120    -4.71      nan      nan    7.076  nan      nan    nan   1.067     nan                                None     -19.716     -23.421     -21.513       0.139     -25.072       0.128
Gaia DR3 6120266828446086656 216.7154618 -33.8267179 13.891  2.771       0.143   7.0373  23.2398    -0.31      nan      nan    9.673  nan      nan    nan   2.234     nan                                None     -31.534     -29.140     -31.550       0.045     -28.848       0.038
Gaia DR3 6233476806251906304 235.9991377 -28.1745084 17.047  3.800       0.305  10.5407  23.2573    -5.81      nan      nan    8.808  nan      nan    nan   1.078     nan                                None     -22.064     -30.419     -22.533       0.146     -30.103       0.108
Gaia DR3 6014355168311905024 232.5961885 -34.3635610 14.704  2.657       1.061   7.8161  23.2679    -3.41      nan      nan    7.286  nan      nan    nan   1.073     nan                                None     -19.392     -25.348     -20.625       0.033     -24.282       0.030
Gaia DR3 6104787010401142784 220.1930519 -40.4926120 15.947  3.401       1.658  10.1673  23.2882     0.64      nan      nan    7.752  nan      nan    nan   1.222     nan                                None     -24.411     -24.235     -21.768       0.062     -23.640       0.059
Gaia DR3 6212872576822113152 231.5592564 -28.8897875 14.640  2.569       1.549   6.6129  23.3247    -4.77      nan      nan    7.149  nan      nan    nan   1.107     nan                                None     -19.355     -24.099     -17.020       0.033     -24.151       0.025
Gaia DR3 6200071856294966016 228.2916264 -36.0869398 14.477  2.879       1.320   6.1860  23.3276    -2.12      nan      nan    7.110  nan      nan    nan   2.325     nan                                None     -20.237     -24.014     -21.260       0.078     -22.320       0.068
Gaia DR3 6201299564104316032 226.8929977 -33.9686773 15.745  3.065       0.847   3.7931  23.3298    -2.44      nan      nan    6.959  nan      nan    nan   1.122     nan                                None     -20.198     -23.098     -20.146       0.053     -21.856       0.048
Gaia DR3 6211201147349071104 229.9854126 -30.1070664  8.838  0.792       1.119   4.9728  23.3308    -4.12      nan      nan    9.917  nan      nan    nan   1.143     nan                                None     -27.524     -33.262     -29.660       0.022     -32.310       0.021
Gaia DR3 6116660670829502464 216.2131048 -38.4095654 16.507    nan       2.473  10.0301  23.3382     0.93      nan      nan    7.702  nan      nan    nan   1.185     nan                                None     -25.224     -23.031     -21.490       0.170     -21.554       0.130
Gaia DR3 6006083198744831616 230.5653020 -39.2424792 14.284  2.816       0.213   9.8103  23.3539    -1.65      nan      nan    7.638  nan      nan    nan   3.117     nan                                None     -21.010     -26.483     -21.351       0.069     -26.517       0.061
Gaia DR3 6209327682612000256 234.7296606 -28.8949304 18.092  3.905       1.286   9.2676  23.3567    -5.37      nan      nan    7.513  nan      nan    nan   1.020     nan                                None     -19.268     -25.858     -20.766       0.257     -24.478       0.265
Gaia DR3 6007547576430285184 229.9808206 -37.4515493 16.218  3.279       1.346   8.0834  23.3707    -2.05      nan      nan    7.314  nan      nan    nan   1.083     nan                                None     -20.299     -25.140     -20.624       0.069     -23.090       0.055
Gaia DR3 6013035857441615616 235.5214707 -36.0256395 12.004  1.721       1.848  10.6848  23.4136    -3.44      nan      nan    8.773  nan      nan    nan   1.075     nan                                None     -22.175     -31.377     -25.478       0.018     -30.504       0.015
Gaia DR3 6014349602034293248 232.4281035 -34.4144978 16.402  3.244       0.266   7.7111  23.4146    -3.37      nan      nan    7.261  nan      nan    nan   0.966     nan                                None     -19.382     -25.237     -19.681       0.067     -24.961       0.052
Gaia DR3 6116497702589633152 215.7591873 -39.5119099  4.363 -0.265       2.853  11.0806  23.4653     1.30      nan      nan    8.329  nan      nan    nan   1.415     nan                                None     -27.389     -24.732     -24.421       0.179     -20.696       0.185
Gaia DR3 6040842781387594112 237.0840516 -29.8625582 13.682  2.428       0.967  11.0842  23.4728    -5.52      nan      nan    8.364  nan      nan    nan   4.896     nan                                None     -20.519     -29.372     -19.017       0.215     -28.566       0.128
Gaia DR3 6234180317596603008 234.4981049 -28.1332709 17.636  3.793       0.902   9.2998  23.5132    -5.55      nan      nan    7.503  nan      nan    nan   0.993     nan                                None     -19.323     -25.673     -19.891       0.185     -26.981       0.165
Gaia DR3 6197364789948829952 224.1070924 -39.7715222 13.494  2.253       1.014   8.8927  23.5172    -0.31      nan      nan    7.427  nan      nan    nan   1.147     nan                                None     -22.355     -24.228     -23.821       0.020     -23.620       0.019
Gaia DR3 6280036240305972352 219.2972544 -20.7057838 18.113  3.259       2.854  11.1167  23.5443    -4.19      nan      nan    8.314  nan      nan    nan   0.981     nan                                None     -26.428     -24.694     -31.304       0.243     -25.807       0.186
Gaia DR3 6210677809876566784 228.2859203 -31.5891451 15.822  3.171       1.925   3.4944  23.5558    -3.37      nan      nan    6.934  nan      nan    nan   1.168     nan                                None     -19.738     -23.103     -17.086       0.068     -22.161       0.055
Gaia DR3 6215740721624466816 221.7732680 -32.5472368 15.711  2.986       2.944   2.7092  23.5584    -1.75      nan      nan    6.906  nan      nan    nan   1.090     nan                                None     -21.373     -21.833     -20.155       0.055     -17.723       0.056
Gaia DR3 6121438495524575616 212.5209661 -34.8031781 14.621  2.717       1.550  10.6243  23.5679     0.87      nan      nan    7.875  nan      nan    nan   1.211     nan                                None     -26.603     -22.637     -27.413       0.028     -20.195       0.031
Gaia DR3 6122810235063496576 214.2263143 -34.4680754 18.459  3.759       0.992   9.1892  23.5717     0.40      nan      nan    7.476  nan      nan    nan   0.966     nan                                None     -24.910     -21.918     -23.460       0.232     -21.332       0.285
Gaia DR3 6234206022980199552 234.4321393 -27.8535084 14.736  2.960       1.190   9.3432  23.5744    -5.61      nan      nan    7.506  nan      nan    nan   1.261     nan                                None     -19.352     -25.627     -19.545       0.046     -23.754       0.033
Gaia DR3 6014848745955612672 235.6708032 -34.7105502  4.717 -0.186       2.856  10.3020  23.5882    -3.85      nan      nan    7.749  nan      nan    nan   1.638     nan                                None     -19.532     -27.608     -20.796       0.217     -32.100       0.145
Gaia DR3 6104974167894880896 219.0600655 -40.0797948 12.977  2.078       1.373  10.1306  23.5922     0.76      nan      nan    7.695  nan      nan    nan   1.068     nan                                None     -24.520     -23.753     -22.965       0.022     -22.157       0.019
Gaia DR3 6016281134723224192 236.2145586 -32.1383080 19.715  3.799       2.409  10.2437  23.5931    -4.70      nan      nan    7.730  nan      nan    nan   1.088     nan                                None     -19.284     -27.326     -22.380       0.692     -24.912       0.458
Gaia DR3 6014626197930669056 236.6841330 -34.6825699  5.587 -0.148       1.762  11.0876  23.6082    -4.04      nan      nan    8.178  nan      nan    nan   0.871     nan                                None     -20.220     -29.338     -19.673       0.108     -26.350       0.095
Gaia DR3 6117984036153998464 212.9493240 -36.8743443 14.737  3.189       0.374  11.1448  23.6250     1.27      nan      nan    8.428  nan      nan    nan   1.281     nan                                None     -28.374     -24.280     -28.868       0.044     -24.723       0.053
Gaia DR3 6239403203985714560 233.6415863 -23.4410900 15.292  3.150       0.902  11.1558  23.6262    -6.69      nan      nan    8.315  nan      nan    nan   1.095     nan                                None     -21.739     -27.429     -20.163       0.045     -27.297       0.035
Gaia DR3 6197562289724506368 227.0148628 -39.5273124 14.767  2.671       1.426   8.9292  23.6267    -0.92      nan      nan    7.423  nan      nan    nan   1.239     nan                                None     -21.510     -24.921     -23.512       0.044     -23.934       0.033
Gaia DR3 6013586128647805056 232.8921182 -36.0414069 11.307  1.312       1.797   8.8377  23.6323    -2.98      nan      nan    7.407  nan      nan    nan   1.093     nan                                None     -19.616     -25.974     -18.197       0.032     -23.553       0.023
Gaia DR3 6239403208284197120 233.6450903 -23.4403471 15.253  3.069       0.660  11.1586  23.6463    -6.69      nan      nan    8.416  nan      nan    nan   1.172     nan                                None     -22.001     -27.763     -20.869       0.049     -27.469       0.038
Gaia DR3 6006557466209969152 231.7855561 -38.3491901 17.077  3.951       1.661   9.6828  23.6578    -2.12      nan      nan    7.570  nan      nan    nan   0.926     nan                                None     -20.421     -26.475     -23.038       0.158     -26.056       0.112
Gaia DR3 6007699961869936256 231.0025820 -36.6075146 14.711  2.709       1.073   7.9965  23.7257    -2.48      nan      nan    7.274  nan      nan    nan   1.171     nan                                None     -19.872     -25.170     -18.526       0.033     -26.114       0.026
Gaia DR3 6211423901533126656 228.6679446 -29.7493323 14.543  2.546       2.397   3.9496  23.7371    -3.95      nan      nan    6.945  nan      nan    nan   1.171     nan                                None     -19.658     -23.032     -16.347       0.029     -24.197       0.027
Gaia DR3 6005536363506942976 227.7210314 -39.0499403 16.828  3.934       1.295   8.6399  23.7561    -1.19      nan      nan    9.469  nan      nan    nan   6.794     nan                                None     -27.171     -31.988     -24.743       0.796     -31.103       0.578
Gaia DR3 6014577407101524864 236.1469975 -35.3638495 11.840  1.688       2.010  10.8903  23.7597    -3.74      nan      nan    8.757  nan      nan    nan  23.563     nan                                None     -21.877     -31.385     -22.654       0.441     -27.757       0.280
Gaia DR3 6197581531172929536 226.8276845 -39.2330882 16.692    nan       0.019   8.6076  23.7695    -0.97      nan      nan    7.358  nan      nan    nan   1.077     nan                                None     -21.376     -24.650     -21.387       0.144     -24.678       0.124
Gaia DR3 6221751678673399936 219.4663955 -29.5285981 18.626  2.821       2.898   4.3768  23.7700    -2.02      nan      nan    6.964  nan      nan    nan   1.024     nan                                None     -22.097     -21.415     -25.932       0.295     -23.256       0.277
Gaia DR3 6228770484165363968 221.6425603 -26.3311289 17.586  3.896       1.220   5.1053  23.7781    -3.34      nan      nan    7.005  nan      nan    nan   0.974     nan                                None     -21.710     -21.712     -22.300       0.136     -23.415       0.116
Gaia DR3 6006529669185014272 231.4670784 -38.0883038 17.358  3.792       1.502   9.3215  23.7810    -2.14      nan      nan    7.480  nan      nan    nan   1.065     nan                                None     -20.283     -26.076     -19.546       0.156     -23.825       0.119
Gaia DR3 6118000528825669120 213.7013113 -37.1013172 15.960  3.378       1.084  10.7445  23.7910     1.16      nan      nan    8.848  nan      nan    nan   1.074     nan                                None     -29.610     -25.716     -30.985       0.059     -27.199       0.055
Gaia DR3 6206124388630036736 230.9994659 -34.6080089 14.654  2.845       1.918   6.7651  23.7921    -3.05      nan      nan    7.133  nan      nan    nan   2.605     nan                                None     -19.487     -24.535     -22.369       0.070     -24.633       0.063
Gaia DR3 6209400319102455168 232.4371553 -30.6080882 16.914  3.709       1.861   7.0111  23.7966    -4.46      nan      nan    9.745  nan      nan    nan   1.102     nan                                None     -26.005     -33.334     -29.825       0.112     -33.460       0.080
Gaia DR3 6007668831946871552 230.6614057 -36.8542407 17.077  3.141       2.333   7.9790  23.8002    -2.35      nan      nan    7.267  nan      nan    nan   0.998     nan                                None     -19.957     -25.087     -23.051       0.102     -26.878       0.070
Gaia DR3 6016712486884589952 236.7984657 -30.8235613 16.965  3.887       0.975  10.7383  23.8005    -5.19      nan      nan    7.877  nan      nan    nan   1.045     nan                                None     -19.433     -27.763     -19.531       0.154     -29.379       0.083
Gaia DR3 6198494057108286464 222.8904181 -38.1990356 15.202  2.920       1.584   7.4082  23.8236    -0.49      nan      nan    7.197  nan      nan    nan   1.007     nan                                None     -21.985     -23.170     -19.652       0.036     -22.590       0.033
Gaia DR3 6120320768939854592 216.8370711 -33.2344315 19.157  3.974       1.761   6.7341  23.8269    -0.49      nan      nan    9.785  nan      nan    nan   0.993     nan                                None     -31.863     -29.506     -29.113       0.353     -27.133       0.317
Gaia DR3 6206480153656631808 230.2948917 -33.4206636 15.438  2.907       1.858   5.6868  23.8545    -3.25      nan      nan    7.040  nan      nan    nan   1.080     nan                                None     -19.446     -23.984     -21.400       0.048     -25.931       0.034
Gaia DR3 6101662748111622144 219.8038672 -41.3465472 13.489  2.493       2.052  11.0702  23.8611     0.94      nan      nan    8.668  nan      nan    nan   4.974     nan                                None     -27.409     -26.955     -30.128       0.092     -24.372       0.085
Gaia DR3 6213395154082598016 232.2021431 -27.6214079  9.491  0.695       2.655   7.6357  23.8790    -5.25      nan      nan    7.219  nan      nan    nan   1.061     nan                                None     -19.340     -24.270     -16.109       0.019     -21.844       0.015
Gaia DR3 6199376930587749760 228.4285009 -37.3594686 15.727  3.089       0.599   7.3297  23.8864    -1.79      nan      nan    7.184  nan      nan    nan   1.081     nan                                None     -20.406     -24.358     -19.590       0.063     -23.961       0.045
Gaia DR3 6040860407932866816 236.9184893 -29.6784969 14.640  2.902       1.201  10.9709  23.8909    -5.54      nan      nan    8.749  nan      nan    nan   1.202     nan                                None     -21.534     -30.662     -22.430       0.043     -32.687       0.031
Gaia DR3 6013338944686302336 235.4716254 -34.8889932  8.289  0.529       1.700  10.2067  23.9083    -3.77      nan      nan    9.093  nan      nan    nan   1.114     nan                                None     -23.004     -32.372     -21.640       0.028     -29.412       0.022
Gaia DR3 6013651034194283008 232.3654857 -35.7394686 16.963  3.773       1.554   8.3153  23.9250    -2.97      nan      nan    7.302  nan      nan    nan   1.009     nan                                None     -19.510     -25.478     -21.897       0.126     -25.329       0.116
Gaia DR3 6117796260185683328 214.0456089 -37.2607661 13.782  2.587       0.450  10.6020  23.9491     1.12      nan      nan    8.953  nan      nan    nan   1.188     nan                                None     -29.877     -26.124     -30.723       0.023     -26.063       0.023
Gaia DR3 6206480119296892672 230.2970755 -33.4205218 14.547  2.980       2.375   5.6884  23.9772    -3.25      nan      nan    7.033  nan      nan    nan   3.519     nan                                None     -19.426     -23.961     -21.494       0.091     -26.812       0.064
Gaia DR3 6006166692908223872 232.2357963 -39.5412780 16.091  3.318       0.620  10.8169  23.9829    -1.85      nan      nan    7.874  nan      nan    nan   0.965     nan                                None     -21.083     -27.710     -21.824       0.053     -28.424       0.047
Gaia DR3 6013664984247305472 232.1130958 -35.7127561 14.770  2.879       1.087   8.1302  23.9903    -2.94      nan      nan    7.272  nan      nan    nan   1.181     nan                                None     -19.511     -25.321     -21.136       0.038     -25.690       0.032
Gaia DR3 6205091917144968832 224.5846668 -32.4794115 15.732  3.182       2.564   1.6197  23.9973    -2.37      nan      nan   10.174  nan      nan    nan   1.686     nan                                None     -30.442     -32.974     -35.604       0.095     -31.079       0.078
Gaia DR3 6005128406029638784 228.5204188 -40.9317174 16.628  2.966       2.158  10.6175  24.0229    -0.80      nan      nan    7.786  nan      nan    nan   1.084     nan                                None     -22.088     -26.556     -19.094       0.077     -24.662       0.078
Gaia DR3 6279303037849380992 218.5210792 -22.4109631 15.229  2.664       2.480   9.9079  24.0481    -3.58      nan      nan    9.211  nan      nan    nan   1.051     nan                                None     -29.512     -27.437     -31.415       0.041     -23.014       0.038
Gaia DR3 6212967031743087360 231.2808693 -28.4728348 12.887  1.826       1.405   6.5368  24.0537    -4.83      nan      nan    7.096  nan      nan    nan   0.986     nan                                None     -19.298     -23.824     -17.790       0.017     -25.288       0.014
Gaia DR3 6202983874181802752 220.2174331 -35.2825871 13.559  2.283       1.643   5.5657  24.0695    -0.71      nan      nan    7.019  nan      nan    nan   1.228     nan                                None     -22.097     -21.944     -19.666       0.024     -21.932       0.020
Gaia DR3 6210261614664248576 232.5665051 -28.7764956 16.718  3.467       1.402   7.4847  24.1127    -5.00      nan      nan    7.185  nan      nan    nan   1.081     nan                                None     -19.134     -24.372     -17.011       0.106     -24.418       0.068
Gaia DR3 6220302797226679296 218.3996066 -29.6781396 16.710  2.811       1.113   5.2210  24.1269    -1.74      nan      nan    6.993  nan      nan    nan   1.807     nan                                None     -22.432     -21.307     -20.808       0.131     -21.070       0.110
Gaia DR3 6015614143492921856 237.2655415 -32.3525363 18.497  3.891       0.066  11.1454  24.1288    -4.82      nan      nan    8.012  nan      nan    nan   1.170     nan                                None     -19.586     -28.549     -19.544       0.298     -28.652       0.252
Gaia DR3 6106661467269694080 219.0100262 -37.1333324 18.275  4.123       0.620   7.6268  24.1331     0.02      nan      nan    9.697  nan      nan    nan   0.948     nan                                None     -30.915     -29.957     -31.757       0.256     -29.009       0.235
Gaia DR3 6009274222011961344 234.5252598 -38.5264627 15.510  3.119       1.175  11.3595  24.1619    -2.53      nan      nan    8.193  nan      nan    nan   1.054     nan                                None     -21.090     -29.309     -21.286       0.045     -31.328       0.039
Gaia DR3 6012690095394327808 232.2792945 -36.9311372 16.813  3.395       1.083   8.9740  24.1779    -2.61      nan      nan    7.381  nan      nan    nan   3.559     nan                                None     -19.749     -25.825     -19.375       0.258     -24.182       0.197
Gaia DR3 6005461321837854592 228.2738734 -39.3547628 16.558  3.580       1.308   9.0787  24.1791    -1.20      nan      nan    7.398  nan      nan    nan   1.110     nan                                None     -21.061     -25.130     -22.961       0.079     -24.390       0.065
Gaia DR3 6196958309942925568 224.9370298 -41.6192008 12.984  2.111       1.988  10.7520  24.1869     0.04      nan      nan    7.807  nan      nan    nan   1.360     nan                                None     -23.257     -25.698     -20.856       0.063     -23.477       0.056
Gaia DR3 6200553751624411776 227.0626535 -35.6825767 14.412  2.619       1.000   5.3342  24.1965    -2.00      nan      nan    6.997  nan      nan    nan   0.963     nan                                None     -20.261     -23.356     -20.192       0.027     -21.882       0.024
Gaia DR3 6213485279677428992 233.1639902 -27.0421108 13.674  2.507       2.247   8.6617  24.2011    -5.60      nan      nan    9.528  nan      nan    nan   1.277     nan                                None     -25.116     -32.117     -21.330       0.025     -29.660       0.020
Gaia DR3 6199156100546814464 224.5810301 -36.3973888 15.518  3.305       1.216   5.5229  24.2079    -1.31      nan      nan    7.008  nan      nan    nan   4.369     nan                                None     -20.971     -22.900     -21.598       0.155     -21.216       0.134
Gaia DR3 6009436434334209280 234.7120427 -37.8436909 17.218  3.415       1.546  11.0595  24.2521    -2.77      nan      nan    7.929  nan      nan    nan   1.106     nan                                None     -20.341     -28.352     -22.872       0.122     -27.831       0.082
Gaia DR3 6004126716577751552 229.6914624 -41.4928869 13.453  2.578       1.525  11.4688  24.2836    -0.85      nan      nan    8.402  nan      nan    nan   1.045     nan                                None     -23.424     -28.989     -26.118       0.059     -29.201       0.047
Gaia DR3 6206028220018318080 230.8772125 -34.7299914 16.787  3.130       0.773   6.7452  24.2876    -2.99      nan      nan    7.100  nan      nan    nan   1.123     nan                                None     -19.434     -24.407     -19.421       0.084     -23.250       0.070
Gaia DR3 6198188564675759360 223.7172269 -39.2071260 15.114  2.836       1.404   8.3400  24.2918    -0.39      nan      nan    7.277  nan      nan    nan   1.207     nan                                None     -22.009     -23.638     -19.948       0.045     -23.014       0.034
Gaia DR3 6213398104724113792 232.2010186 -27.6191318 14.531  2.599       2.860   7.6359  24.2982    -5.25      nan      nan    7.189  nan      nan    nan   1.193     nan                                None     -19.262     -24.171     -17.191       0.032     -20.363       0.025
Gaia DR3 6206107247416963328 231.2805430 -34.7246703 15.145  2.819       0.682   7.0232  24.3003    -3.07      nan      nan    7.125  nan      nan    nan   1.187     nan                                None     -19.378     -24.571     -20.046       0.045     -23.796       0.035
Gaia DR3 6121138328850344576 213.4382205 -35.7657941 14.876  2.714       1.464  10.2864  24.3223     0.90      nan      nan    7.639  nan      nan    nan   1.078     nan                                None     -25.619     -22.171     -25.371       0.039     -19.827       0.053
Gaia DR3 6233053180738603776 235.9210060 -29.5561072 14.919  2.861       1.082  10.1378  24.3577    -5.40      nan      nan    7.596  nan      nan    nan   1.138     nan                                None     -19.057     -26.439     -19.312       0.042     -24.726       0.030
Gaia DR3 6238263805001125120 235.2866089 -24.7359817 17.830  3.928       0.957  11.4993  24.3589    -6.65      nan      nan    8.428  nan      nan    nan   0.968     nan                                None     -21.396     -28.326     -21.996       0.165     -29.917       0.109
Gaia DR3 6003281879333961216 233.2064284 -39.1891657 18.576  3.762       2.947  11.0521  24.3728    -2.12      nan      nan    8.848  nan      nan    nan   1.038     nan                                None     -23.307     -31.368     -27.691       0.249     -34.684       0.200
Gaia DR3 6280378738179039488 222.2429815 -21.2208953 15.533  3.250       1.539   9.8309  24.3731    -4.78      nan      nan    9.288  nan      nan    nan   1.351     nan                                None     -28.589     -28.200     -25.658       0.069     -27.499       0.063
Gaia DR3 6202098737260407168 223.2367461 -36.4414210 16.722  3.522       0.637   5.6291  24.3731    -1.03      nan      nan    7.006  nan      nan    nan   1.061     nan                                None     -21.315     -22.600     -21.699       0.085     -21.742       0.082
Gaia DR3 6007649723633625472 229.6569799 -36.7544669 18.806  3.973       1.964   7.3751  24.3963    -2.19      nan      nan    7.154  nan      nan    nan   1.017     nan                                None     -19.956     -24.486     -17.468       0.303     -22.878       0.262
Gaia DR3 6199123871108255872 225.1397542 -36.3699581 19.578  3.812       1.655   5.5359  24.4102    -1.43      nan      nan    6.998  nan      nan    nan   1.093     nan                                None     -20.791     -22.986     -20.830       0.730     -20.545       0.445
Gaia DR3 6207202154840347520 229.3502679 -33.2017138 15.570  2.920       2.211   4.8811  24.4507    -3.13      nan      nan    6.955  nan      nan    nan   1.074     nan                                None     -19.490     -23.502     -21.311       0.059     -26.184       0.046
Gaia DR3 6224947482245289984 225.4595972 -26.9489264 16.053    nan       2.910   4.0635  24.4523    -4.03      nan      nan    6.913  nan      nan    nan   1.047     nan                                None     -20.455     -22.111     -16.582       0.433     -20.384       0.593
Gaia DR3 6016504919708734336 237.1488129 -31.0353694 17.501  3.983       1.804  11.0272  24.4622    -5.19      nan      nan    8.885  nan      nan    nan   1.007     nan                                None     -21.770     -31.420     -24.861       0.134     -32.788       0.086
Gaia DR3 6005788770147732352 230.9225907 -40.1553348 15.373  3.103       1.159  10.7264  24.4782    -1.45      nan      nan    7.749  nan      nan    nan   1.063     nan                                None     -21.194     -26.990     -21.141       0.053     -28.883       0.047
Gaia DR3 6013625436188613504 232.9192875 -35.7895568 14.258  2.583       1.325   8.7208  24.5093    -3.06      nan      nan    7.313  nan      nan    nan   1.138     nan                                None     -19.359     -25.631     -17.605       0.028     -26.678       0.021
Gaia DR3 6013757137067899776 231.8353245 -35.8333242 15.449  3.222       1.582   8.0153  24.5266    -2.85      nan      nan    7.218  nan      nan    nan   1.565     nan                                None     -19.454     -25.086     -18.506       0.071     -22.874       0.053
Gaia DR3 6209364138297638016 231.8436832 -30.8999443 14.889  2.963       1.775   6.4863  24.5289    -4.26      nan      nan    7.063  nan      nan    nan   2.141     nan                                None     -19.034     -24.093     -21.674       0.078     -23.961       0.066
Gaia DR3 6007503733405716864 231.1587783 -36.8903096 15.970  3.110       0.706   8.2833  24.5319    -2.43      nan      nan    7.251  nan      nan    nan   0.995     nan                                None     -19.758     -25.139     -20.122       0.049     -24.122       0.042
Gaia DR3 6234768010859440000 235.9039634 -26.5344094 16.180    nan       2.272  11.0716  24.5328    -6.26      nan      nan    7.872  nan      nan    nan   0.851     nan                                None     -19.754     -26.885     -16.205       0.189     -25.611       0.146
Gaia DR3 6208888152844326656 234.8876002 -30.4134759 15.339  2.911       1.266   9.1312  24.5420    -4.97      nan      nan    7.374  nan      nan    nan   1.048     nan                                None     -18.858     -25.620     -17.102       0.042     -26.509       0.032
Gaia DR3 6002688971993103104 231.3820919 -40.9597646 16.740  3.500       0.968  11.5936  24.5502    -1.29      nan      nan    8.421  nan      nan    nan   1.009     nan                                None     -22.865     -29.486     -21.685       0.100     -28.237       0.093
Gaia DR3 6005314399597753088 227.6576508 -40.2786215 13.762  2.346       0.494   9.7887  24.5516    -0.83      nan      nan    7.495  nan      nan    nan   1.240     nan                                None     -21.525     -25.337     -20.881       0.021     -25.777       0.019
Gaia DR3 6117983898715074816 212.8578519 -36.8122034 15.566  3.339       0.957  11.1787  24.5975     1.28      nan      nan    8.844  nan      nan    nan   4.365     nan                                None     -29.795     -25.453     -29.007       0.260     -23.852       0.239
Gaia DR3 6016712486885986432 236.7974113 -30.8253830 16.214  3.215       1.408  10.7372  24.6117    -5.19      nan      nan    7.731  nan      nan    nan   1.126     nan                                None     -19.073     -27.248     -19.142       0.130     -29.541       0.070
Gaia DR3 6009373899608956928 234.5988735 -38.2384440 14.647  2.865       0.841  11.2252  24.6170    -2.63      nan      nan    7.926  nan      nan    nan   5.309     nan                                None     -20.374     -28.347     -18.973       0.119     -28.236       0.080
Gaia DR3 6197364789948830080 224.1052516 -39.7717549 16.029  3.411       1.527   8.8929  24.6239    -0.31      nan      nan    7.329  nan      nan    nan   1.307     nan                                None     -22.063     -23.910     -24.370       0.079     -23.414       0.072
Gaia DR3 6105776811382477568 217.9182965 -39.7853256 15.375  2.940       0.191  10.3018  24.6431     0.92      nan      nan    7.602  nan      nan    nan   1.071     nan                                None     -24.500     -23.160     -24.550       0.045     -22.859       0.041
Gaia DR3 6203158838267560064 222.2680525 -35.3749941 16.633  3.387       0.240   4.8012  24.6440    -1.12      nan      nan    6.940  nan      nan    nan   1.057     nan                                None     -21.356     -22.147     -21.198       0.074     -21.834       0.070
Gaia DR3 6015465468904573696 237.3058820 -32.6234414 14.394  2.896       1.822  11.2021  24.6560    -4.75      nan      nan    7.905  nan      nan    nan   3.260     nan                                None     -19.309     -28.213     -16.273       0.101     -28.293       0.070
Gaia DR3 6119728583145254784 215.4952749 -35.1241667 14.657  2.850       2.602   8.5000  24.7020     0.28      nan      nan    7.267  nan      nan    nan   4.046     nan                                None     -23.952     -21.604     -22.087       0.101     -18.082       0.149
Gaia DR3 6014610907846973184 236.4528110 -35.0593913 15.793  3.030       1.170  11.0216  24.7233    -3.88      nan      nan    7.813  nan      nan    nan   1.092     nan                                None     -19.404     -28.027     -17.479       0.058     -28.130       0.050
Gaia DR3 6006047395896922880 230.1779361 -39.6967320 15.682  2.499       1.997  10.0379  24.7269    -1.45      nan      nan    7.529  nan      nan    nan   1.032     nan                                None     -20.835     -26.036     -22.908       0.044     -23.636       0.042
Gaia DR3 6238481233424740608 235.0350678 -24.3475744 14.339  2.624       0.652  11.5409  24.7362    -6.71      nan      nan    8.642  nan      nan    nan   1.862     nan                                None     -22.040     -28.923     -23.052       0.051     -28.300       0.034
Gaia DR3 6234244192351247360 234.7401724 -27.5134325 14.319  1.956       2.547   9.7237  24.7880    -5.77      nan      nan    7.458  nan      nan    nan  21.696     nan                                None     -19.122     -25.458     -19.568       0.531     -29.437       0.335
Gaia DR3 6003180694209194496 233.1431824 -39.8552702 14.834  3.238       0.630  11.5084  24.7970    -1.91      nan      nan    8.697  nan      nan    nan   2.571     nan                                None     -22.934     -30.859     -24.084       0.096     -30.951       0.070
Gaia DR3 6213010840408731904 230.0081567 -28.9916186 16.170  3.307       2.765   5.3070  24.8105    -4.43      nan      nan    6.961  nan      nan    nan   0.978     nan                                None     -19.313     -23.229     -15.315       0.063     -22.535       0.051
Gaia DR3 6197565893200507648 226.7845347 -39.4443228 17.360  3.795       1.224   8.8038  24.8205    -0.90      nan      nan    9.587  nan      nan    nan   0.965     nan                                None     -27.868     -32.112     -30.028       0.141     -30.905       0.112
Gaia DR3 6238481233424741120 235.0367073 -24.3464114 14.099  2.561       0.355  11.5428  24.8224    -6.71      nan      nan    8.679  nan      nan    nan   1.113     nan                                None     -22.134     -29.046     -22.550       0.025     -29.546       0.017
Gaia DR3 6122522918931320576 210.8736365 -33.9157940 16.273  3.426       1.115  11.7128  24.8263     1.05      nan      nan    8.265  nan      nan    nan   1.041     nan                                None     -28.262     -23.328     -26.639       0.073     -22.261       0.088
Gaia DR3 6016313673403249024 236.4725487 -31.8896349 13.852  2.759       1.054  10.4486  24.8315    -4.82      nan      nan    7.616  nan      nan    nan  12.281     nan                                None     -18.907     -26.936     -18.666       0.359     -25.262       0.350
Gaia DR3 6206472938111532544 230.1690992 -33.5661036 16.174  3.120       2.586   5.6557  24.8341    -3.19      nan      nan    6.982  nan      nan    nan   1.082     nan                                None     -19.324     -23.777     -21.567       0.068     -26.853       0.052
Gaia DR3 6120160343320730240 216.2653428 -34.2042357 18.210  3.410       2.000   7.5294  24.8506    -0.12      nan      nan    7.140  nan      nan    nan   0.946     nan                                None     -23.374     -21.410     -21.765       0.171     -23.953       0.171
Gaia DR3 6004172178814754560 228.6475900 -42.0184080 14.231  2.807       0.760  11.6739  24.8561    -0.52      nan      nan    8.561  nan      nan    nan   1.163     nan                                None     -24.240     -29.255     -25.266       0.027     -30.164       0.025
Gaia DR3 6007353375191797632 230.7992857 -37.7088025 13.779  2.599       1.811   8.6899  24.8647    -2.13      nan      nan    7.280  nan      nan    nan  20.727     nan                                None     -19.951     -25.214     -20.573       0.388     -22.505       0.387
Gaia DR3 6005861063035295744 230.0146792 -40.4247766 16.206  3.367       2.032  10.6138  24.8783    -1.21      nan      nan    7.655  nan      nan    nan   0.979     nan                                None     -21.235     -26.457     -18.435       0.053     -24.750       0.046
Gaia DR3 6119270258603102848 215.2475336 -36.9188954 16.189  3.464       0.419   9.6210  24.8813     0.77      nan      nan    7.429  nan      nan    nan   2.840     nan                                None     -24.540     -21.998     -24.447       0.191     -22.648       0.168
Gaia DR3 6011673626954684160 237.2254161 -35.2219921 12.198  1.686       0.979  11.6723  24.8816    -3.96      nan      nan    8.159  nan      nan    nan   1.006     nan                                None     -19.961     -29.443     -20.520       0.014     -31.030       0.011
Gaia DR3 6013755556519318656 231.6947754 -35.7806505  7.630  0.116       0.493   7.8922  24.9098    -2.84      nan      nan    7.176  nan      nan    nan   0.969     nan                                None     -19.386     -24.909     -19.723       0.045     -24.245       0.032
Gaia DR3 6100739738162513792 224.1080740 -42.5322169 15.607  3.212       0.789  11.6530  24.9216     0.44      nan      nan    8.119  nan      nan    nan   1.051     nan                                None     -24.437     -26.480     -25.379       0.042     -25.513       0.039
Gaia DR3 6102314277468310272 221.8835977 -39.5799422 14.005  2.336       1.990   8.9171  24.9299     0.07      nan      nan    7.308  nan      nan    nan   1.165     nan                                None     -22.586     -23.287     -21.479       0.024     -26.147       0.022
Gaia DR3 6013497343086469376 232.4696553 -36.1667005 15.800  2.975       0.525   8.6266  24.9473    -2.87      nan      nan    7.265  nan      nan    nan   1.104     nan                                None     -19.377     -25.403     -18.574       0.064     -25.426       0.047
Gaia DR3 6013785586931446912 231.0860494 -35.9354017 16.422  3.317       0.983   7.5987  24.9488    -2.69      nan      nan    7.141  nan      nan    nan   1.067     nan                                None     -19.481     -24.679     -19.827       0.092     -23.240       0.092
Gaia DR3 6005830414151795072 231.3632179 -39.5277296  9.684  0.694       2.389  10.3957  24.9584    -1.70      nan      nan    7.586  nan      nan    nan   0.865     nan                                None     -20.605     -26.500     -19.713       0.018     -30.215       0.014
Gaia DR3 6100734244901715072 224.0617797 -42.6724041 15.388  3.207       0.819  11.7937  24.9617     0.48      nan      nan    8.322  nan      nan    nan   1.053     nan                                None     -25.065     -27.129     -25.935       0.041     -25.985       0.034
Gaia DR3 6006556740355633408 231.9580796 -38.2765552 18.266  4.145       0.674   9.7200  24.9920    -2.17      nan      nan    7.437  nan      nan    nan   0.994     nan                                None     -20.004     -26.042     -21.005       0.268     -25.701       0.210
Gaia DR3 6014564453480329856 236.2893317 -35.4421030 15.356  2.964       1.116  11.0266  24.9948    -3.74      nan      nan    7.767  nan      nan    nan   1.057     nan                                None     -19.350     -27.872     -18.856       0.041     -29.632       0.028
Gaia DR3 6117627553869420032 214.1747561 -37.8648469 17.060  3.775       1.150  10.8694  25.0087     1.24      nan      nan    7.712  nan      nan    nan   1.082     nan                                None     -25.709     -22.519     -23.858       0.102     -22.261       0.092
Gaia DR3 6009268140338432640 234.2438592 -38.6562272 13.056  2.085       1.802  11.2741  25.0116    -2.45      nan      nan    7.861  nan      nan    nan   1.099     nan                                None     -20.337     -28.068     -23.165       0.017     -27.111       0.014
Gaia DR3 6013560874242553472 231.7522980 -36.0203855 16.883  3.464       0.539   8.0732  25.0363    -2.78      nan      nan    7.188  nan      nan    nan   1.033     nan                                None     -19.400     -24.981     -19.662       0.086     -24.207       0.065
Gaia DR3 6201473630541002624 222.3310056 -38.1719043 13.829  2.699       0.919   7.4667  25.0496    -0.39      nan      nan    9.836  nan      nan    nan   1.129     nan                                None     -30.245     -31.484     -28.569       0.022     -30.577       0.023
Gaia DR3 6225090006439709696 226.2325027 -26.2248932 14.624  3.044       0.373   4.9595  25.0974    -4.39      nan      nan   10.115  nan      nan    nan   1.211     nan                                None     -29.625     -32.418     -30.408       0.039     -32.278       0.042
Gaia DR3 6201469816609993088 222.4374066 -38.2218413 15.810  3.257       2.185   7.4971  25.0989    -0.40      nan      nan    7.120  nan      nan    nan   1.109     nan                                None     -21.868     -22.817     -18.736       0.066     -21.843       0.056
Gaia DR3 6040842781386971008 237.0850947 -29.8615244 14.793  2.841       0.998  11.0852  25.1078    -5.52      nan      nan    9.017  nan      nan    nan   1.188     nan                                None     -22.121     -31.666     -22.136       0.045     -29.770       0.027
Gaia DR3 6204661767584359296 225.7468756 -32.6433893  5.417 -0.157       0.534   2.1579  25.1197    -2.57      nan      nan    6.817  nan      nan    nan   1.472     nan                                None     -20.094     -22.325     -20.804       0.141     -22.035       0.106
Gaia DR3 6202983809760979328 220.2208212 -35.2851805 15.172  3.183       1.778   5.5660  25.1275    -0.71      nan      nan    6.960  nan      nan    nan   1.332     nan                                None     -21.911     -21.761     -19.356       0.059     -21.232       0.048
Gaia DR3 6104501824571283200 216.6387896 -39.9027229 13.643  2.730       1.523  10.9558  25.1294     1.21      nan      nan    7.721  nan      nan    nan   2.358     nan                                None     -25.190     -23.162     -24.004       0.040     -20.986       0.038
Gaia DR3 6009263811011430528 234.3141483 -38.7327552 13.190  2.419       2.022  11.3655  25.1408    -2.44      nan      nan    8.897  nan      nan    nan   4.535     nan                                None     -22.987     -31.790     -26.317       0.074     -29.975       0.057
Gaia DR3 6104960011678277760 219.1535303 -40.2266050 19.202  4.115       0.507  10.2312  25.1598     0.78      nan      nan    7.524  nan      nan    nan   1.107     nan                                None     -23.952     -23.247     -23.959       0.376     -22.443       0.360
Gaia DR3 6209396539531089024 232.0511395 -30.7056831 14.824  2.990       1.315   6.6732  25.1726    -4.35      nan      nan    7.040  nan      nan    nan   3.240     nan                                None     -18.907     -24.027     -17.095       0.093     -23.303       0.077
Gaia DR3 6197147567683255040 225.9189325 -40.3147383 14.726  2.822       1.540   9.5274  25.1943    -0.50      nan      nan    7.383  nan      nan    nan   1.182     nan                                None     -21.713     -24.538     -19.871       0.031     -26.070       0.030
Gaia DR3 6007060046103057152 228.0247310 -38.4841340 15.835  3.165       0.747   8.2006  25.1946    -1.40      nan      nan    7.192  nan      nan    nan   1.150     nan                                None     -20.547     -24.343     -19.623       0.073     -24.996       0.068
Gaia DR3 6208375299387826688 233.8723872 -31.7619587 15.330  2.878       0.600   8.2358  25.1948    -4.39      nan      nan    7.196  nan      nan    nan   1.036     nan                                None     -18.738     -24.998     -19.058       0.046     -24.145       0.041
Gaia DR3 6004331779800414464 229.8162990 -40.9366145 16.424  2.703       0.483  11.0035  25.1995    -1.03      nan      nan    7.726  nan      nan    nan   0.832     nan                                None     -21.498     -26.671     -20.923       0.100     -27.207       0.102
Gaia DR3 6200211940947508480 229.1416817 -35.2471018 13.937  2.519       1.759   5.9686  25.2174    -2.52      nan      nan    6.983  nan      nan    nan   1.247     nan                                None     -19.627     -23.703     -22.183       0.029     -23.283       0.024
Gaia DR3 6104501824567016320 216.6380353 -39.9040500 14.596  2.843       0.721  10.9572  25.2230     1.22      nan      nan    7.707  nan      nan    nan   1.258     nan                                None     -25.144     -23.120     -23.995       0.030     -22.888       0.031
Gaia DR3 6016711215574393984 236.6446139 -30.7407226 15.731  3.162       0.549  10.6117  25.2247    -5.19      nan      nan    7.608  nan      nan    nan   1.145     nan                                None     -18.826     -26.777     -19.504       0.057     -26.215       0.037
Gaia DR3 6197930626119323264 225.6464150 -38.2370758 16.020  3.241       1.370   7.4418  25.2274    -1.02      nan      nan    7.107  nan      nan    nan   1.081     nan                                None     -20.976     -23.515     -20.319       0.063     -21.570       0.052
Gaia DR3 6116169601448786816 214.4368362 -39.4870062 16.028  3.363       0.807  11.7684  25.2478     1.57      nan      nan    8.669  nan      nan    nan   1.012     nan                                None     -28.837     -25.324     -27.460       0.087     -24.796       0.099
Gaia DR3 6101728169052908288 220.8949044 -41.0865658 16.179  3.230       0.321  10.5660  25.2605     0.66      nan      nan    7.592  nan      nan    nan   1.086     nan                                None     -23.726     -23.914     -24.209       0.067     -23.739       0.078
Gaia DR3 6040461079045123968 237.5980565 -31.1173138 19.460  3.685       2.573  11.4083  25.2694    -5.24      nan      nan    7.867  nan      nan    nan   1.160     nan                                None     -19.104     -27.909     -20.254       0.563     -23.799       0.365
Gaia DR3 6239555112688242560 232.4381715 -23.2021074 15.304  2.986       0.755  10.5613  25.2823    -6.51      nan      nan    7.588  nan      nan    nan   1.076     nan                                None     -20.250     -24.821     -19.113       0.052     -25.231       0.046
Gaia DR3 6011597799312647936 236.8487855 -35.1751207 14.807  2.820       1.121  11.3655  25.3122    -3.92      nan      nan    7.840  nan      nan    nan   1.195     nan                                None     -19.321     -28.212     -20.278       0.038     -29.799       0.028
Gaia DR3 6118636110966013312 216.2716178 -36.6263519 16.247  3.294       1.904   8.7914  25.3124     0.48      nan      nan    7.259  nan      nan    nan   1.125     nan                                None     -23.762     -21.756     -21.073       0.074     -20.632       0.070
Gaia DR3 6203852561384421632 225.7504855 -34.7913830 17.589  3.562       0.776   4.1007  25.3437    -1.98      nan      nan    6.870  nan      nan    nan   1.109     nan                                None     -20.249     -22.622     -20.444       0.168     -21.516       0.154
Gaia DR3 6013567608746701312 232.1194401 -35.8185016 18.709  3.628       2.086   8.1944  25.3471    -2.91      nan      nan    7.180  nan      nan    nan   1.019     nan                                None     -19.263     -25.011     -20.978       0.450     -22.360       0.387
Gaia DR3 6012611652110118528 232.5412743 -37.4738429 14.890  3.042       1.439   9.4867  25.3540    -2.50      nan      nan    7.361  nan      nan    nan   1.081     nan                                None     -19.611     -25.850     -17.610       0.031     -24.861       0.025
Gaia DR3 6007255243778021632 230.8089147 -38.2128042 16.413  3.534       0.975   9.0856  25.3632    -1.98      nan      nan    7.297  nan      nan    nan   1.264     nan                                None     -19.995     -25.304     -19.332       0.092     -23.959       0.082
Gaia DR3 6015992066248894592 234.1966762 -33.0448604 13.630  2.876       2.447   8.6802  25.3723    -4.08      nan      nan    9.686  nan      nan    nan  18.268     nan                                None     -25.077     -33.916     -29.029       0.298     -36.973       0.230
Gaia DR3 6012446381769563520 234.1625369 -37.8853040 15.144  2.858       0.743  10.7373  25.3812    -2.66      nan      nan    9.201  nan      nan    nan   7.110     nan                                None     -23.836     -32.763     -24.527       0.256     -34.029       0.181
Gaia DR3 6011558010735043456 236.6324605 -35.6399907 15.466  2.966       1.219  11.3584  25.4044    -3.74      nan      nan    7.819  nan      nan    nan   1.103     nan                                None     -19.351     -28.146     -20.446       0.043     -29.832       0.035
Gaia DR3 6106300522515498880 218.1487454 -37.3746912 15.855  3.232       0.793   8.2401  25.4103     0.26      nan      nan    7.181  nan      nan    nan   1.253     nan                                None     -23.092     -21.974     -21.895       0.070     -22.062       0.060
Gaia DR3 6009267693661823616 234.2121683 -38.6940744 14.617  2.834       1.995  11.2800  25.4374    -2.43      nan      nan    9.012  nan      nan    nan   1.139     nan                                None     -23.326     -32.171     -27.028       0.034     -31.356       0.026
Gaia DR3 6197913033933161216 225.8250324 -38.4153165 16.709  3.470       2.223   7.6408  25.4449    -1.01      nan      nan    7.112  nan      nan    nan   0.996     nan                                None     -20.944     -23.580     -17.782       0.092     -22.526       0.071
Gaia DR3 6121019753393326336 212.7482423 -36.2672584  8.542  0.513       1.264  11.0065  25.4688     1.17      nan      nan    7.686  nan      nan    nan   1.020     nan                                None     -25.918     -22.111     -23.977       0.023     -21.453       0.023
Gaia DR3 6009015699344451200 234.6593506 -39.2821821 11.180  1.301       1.030  11.9290  25.4713    -2.33      nan      nan    8.136  nan      nan    nan   1.191     nan                                None     -20.892     -29.190     -20.676       0.028     -30.943       0.021
Gaia DR3 6117198155917829248 213.3234480 -38.7855200 20.397  3.141       0.650  11.9599  25.4773     1.64      nan      nan    8.167  nan      nan    nan   1.152     nan                                None     -27.416     -23.556     -26.311       0.902     -23.731       1.259
Gaia DR3 6104801029175771392 219.9945978 -40.4692400 16.044  3.712       0.599  10.1990  25.4914     0.68      nan      nan    7.481  nan      nan    nan   0.787     nan                                None     -23.608     -23.335     -24.298       0.087     -22.689       0.088
Gaia DR3 6116644934068706944 216.0680867 -38.8362442 15.642  3.112       1.012  10.4185  25.5010     1.07      nan      nan    7.528  nan      nan    nan   1.076     nan                                None     -24.687     -22.461     -23.121       0.052     -22.817       0.042
Gaia DR3 6009263811011428224 234.3141878 -38.7390279 15.197  3.012       2.335  11.3697  25.5253    -2.44      nan      nan    8.994  nan      nan    nan   1.098     nan                                None     -23.237     -32.136     -27.627       0.041     -31.575       0.031
Gaia DR3 6202025001261788800 223.5429120 -36.9725896 15.544  3.246       1.047   6.1234  25.5503    -0.95      nan      nan    6.975  nan      nan    nan   1.323     nan                                None     -21.141     -22.580     -21.002       0.067     -21.047       0.058
Gaia DR3 6102199477284607872 221.1288831 -39.9891699  9.172  0.800       0.750   9.4630  25.6046     0.33      nan      nan    7.336  nan      nan    nan   1.080     nan                                None     -22.865     -23.181     -22.017       0.028     -23.972       0.020
Gaia DR3 6014264492963510272 233.8911725 -33.8277818 14.930  2.841       1.043   8.6302  25.6244    -3.80      nan      nan    7.214  nan      nan    nan   1.036     nan                                None     -18.779     -25.288     -19.606       0.044     -23.935       0.044
Gaia DR3 6199539658306967424 227.2909682 -37.2734214 15.190  2.803       1.492   6.8603  25.6253    -1.60      nan      nan    7.028  nan      nan    nan   1.300     nan                                None     -20.289     -23.584     -18.694       0.052     -22.053       0.053
Gaia DR3 6200421015659015808 225.9546753 -36.4929029 19.331  3.772       0.507   5.7822  25.6344    -1.56      nan      nan    6.947  nan      nan    nan   1.145     nan                                None     -20.420     -22.995     -20.916       0.491     -23.548       0.400
Gaia DR3 6103151143258761344 219.0481980 -41.4699136 15.089  2.949       0.212  11.3961  25.6456     1.12      nan      nan    7.789  nan      nan    nan   0.994     nan                                None     -24.822     -24.002     -24.838       0.096     -24.350       0.080
Gaia DR3 6006058631531302912 230.4914107 -39.3899392 14.958  2.904       1.110   9.9027  25.6479    -1.59      nan      nan    7.407  nan      nan    nan   1.059     nan                                None     -20.398     -25.672     -21.626       0.037     -24.449       0.032
Gaia DR3 6009766837579677696 236.9973391 -36.6262010 15.858  3.224       1.171  12.0163  25.6578    -3.51      nan      nan    8.136  nan      nan    nan   1.057     nan                                None     -19.993     -29.469     -21.300       0.054     -30.996       0.039
Gaia DR3 6208847986309705728 234.5588254 -30.9027677 14.392  2.542       1.024   8.8143  25.6706    -4.77      nan      nan    7.235  nan      nan    nan   1.107     nan                                None     -18.611     -25.143     -19.187       0.032     -23.692       0.023
Gaia DR3 6199218390455752960 227.8934486 -38.3511755 18.211  3.763       0.827   8.0381  25.6942    -1.41      nan      nan    7.138  nan      nan    nan   0.830     nan                                None     -20.432     -24.128     -21.569       0.214     -23.620       0.187
Gaia DR3 6013526136546776576 231.5326781 -36.3738700 15.362  2.941       0.555   8.1568  25.6969    -2.64      nan      nan    7.151  nan      nan    nan   1.031     nan                                None     -19.370     -24.835     -19.465       0.042     -24.004       0.036
Gaia DR3 6234897925031130624 236.8471022 -25.8678321  7.782  0.231       0.704  12.1266  25.6996    -6.62      nan      nan    8.264  nan      nan    nan   0.966     nan                                None     -20.369     -28.244     -20.707       0.045     -27.066       0.031
Gaia DR3 6041002210574319616 237.5693761 -28.9515601 14.948  2.853       1.259  11.6683  25.7017    -5.87      nan      nan    8.894  nan      nan    nan   1.196     nan                                None     -21.612     -31.155     -19.373       0.038     -30.411       0.027
Gaia DR3 6007723635729905920 230.9913340 -36.3330461 11.703  1.347       1.001   7.8024  25.7127    -2.56      nan      nan    7.112  nan      nan    nan   0.935     nan                                None     -19.430     -24.586     -20.617       0.021     -23.667       0.017
Gaia DR3 6004331775495542656 229.8165505 -40.9355586 10.952  1.220       0.570  11.0026  25.7219    -1.03      nan      nan    7.649  nan      nan    nan   1.061     nan                                None     -21.283     -26.405     -21.740       0.024     -27.202       0.025
Gaia DR3 6013340903195529856 235.2938064 -34.9129673 14.280  2.645       1.323  10.0781  25.7235    -3.73      nan      nan    7.433  nan      nan    nan   1.127     nan                                None     -18.868     -26.433     -20.660       0.028     -25.392       0.020
Gaia DR3 6016479837100251392 236.3970921 -31.4059694 16.248  3.783       0.629  10.3756  25.7268    -4.95      nan      nan    9.369  nan      nan    nan   1.540     nan                                None     -23.293     -33.039     -22.056       0.137     -32.937       0.097
Gaia DR3 6104650464800230144 219.2239224 -41.4287160 13.199  2.326       0.702  11.3066  25.7455     1.08      nan      nan    7.740  nan      nan    nan   4.094     nan                                None     -24.622     -23.902     -23.647       0.077     -23.300       0.055
Gaia DR3 6005726299837459968 231.6557674 -40.5865870 18.717    nan       1.049  11.3926  25.7559    -1.45      nan      nan    9.038  nan      nan    nan   0.948     nan                                None     -24.433     -31.708     -23.404       0.312     -29.994       0.268
Gaia DR3 6007517820899019776 231.2565957 -36.5720028 16.371  3.309       0.649   8.1211  25.7760    -2.54      nan      nan    7.142  nan      nan    nan   1.074     nan                                None     -19.431     -24.760     -19.922       0.080     -23.916       0.060
Gaia DR3 6215391076932317184 219.3049492 -34.1559443 13.593  2.704       0.896   5.3239  25.7809    -0.80      nan      nan   10.162  nan      nan    nan   1.292     nan                                None     -32.300     -31.448     -30.396       0.022     -31.687       0.019
Gaia DR3 6009591632967912576 235.9625805 -37.7045134 11.719  1.526       0.830  11.8027  25.7846    -3.02      nan      nan    7.941  nan      nan    nan   1.589     nan                                None     -19.907     -28.652     -18.620       0.026     -29.180       0.018
Gaia DR3 6226772465386185088 227.6748926 -25.0533274 16.590  3.300       2.366   6.5503  25.8124    -5.02      nan      nan    6.992  nan      nan    nan   1.077     nan                                None     -20.075     -22.487     -16.676       0.078     -23.268       0.059
Gaia DR3 6002639803206476672 232.5176584 -41.1196274  8.539  0.536       1.817  12.2021  25.8130    -1.44      nan      nan    8.334  nan      nan    nan   1.327     nan                                None     -22.210     -29.479     -20.003       0.036     -27.172       0.028
Gaia DR3 6238094097954087808 235.3799717 -25.3435364  9.681  1.277       1.341  11.2354  25.8202    -6.50      nan      nan    7.705  nan      nan    nan   1.089     nan                                None     -19.526     -26.022     -17.351       0.019     -25.914       0.015
Gaia DR3 6005290206037557760 227.0503483 -40.5840722  5.744 -0.128       0.625   9.9589  25.8409    -0.64      nan      nan    9.492  nan      nan    nan   1.009     nan                                None     -27.493     -31.909     -28.686       0.085     -31.533       0.071
Gaia DR3 6214955670320104448 230.2898821 -24.9599497 15.758  3.123       1.491   7.9473  25.8579    -5.59      nan      nan    7.117  nan      nan    nan   1.092     nan                                None     -19.661     -23.264     -18.468       0.068     -21.372       0.055
Gaia DR3 6230028153668542592 220.7789847 -24.5176814 13.739  2.818       1.539   7.0775  25.8630    -3.60      nan      nan    7.033  nan      nan    nan   1.432     nan                                None     -22.005     -21.493     -19.942       0.028     -20.518       0.022
Gaia DR3 6202857881319848960 221.5772437 -35.1747905 15.785  3.029       0.820   4.8568  25.8657    -1.03      nan      nan    6.879  nan      nan    nan   1.016     nan                                None     -21.337     -21.800     -20.867       0.059     -20.707       0.067
Gaia DR3 6278756275628536320 221.4756959 -22.0783149 14.176  2.279       2.430   9.1524  25.8981    -4.38      nan      nan    9.671  nan      nan    nan   1.077     nan                                None     -30.030     -29.356     -33.427       0.028     -25.750       0.030
Gaia DR3 6116150703591895808 214.7045310 -39.7396906 13.038  2.367       1.271  11.8003  25.9038     1.58      nan      nan    8.881  nan      nan    nan   3.023     nan                                None     -29.473     -26.016     -29.326       0.049     -23.641       0.045
Gaia DR3 6013714977669003776 231.3402922 -36.2600588 15.645  3.121       0.213   7.9650  25.9146    -2.64      nan      nan    7.115  nan      nan    nan   1.141     nan                                None     -19.333     -24.664     -19.604       0.052     -24.495       0.047
Gaia DR3 6002610666147516544 232.2446790 -41.3240584 12.874  1.946       0.988  12.2527  25.9163    -1.33      nan      nan    8.341  nan      nan    nan   1.060     nan                                None     -22.332     -29.445     -21.406       0.018     -27.976       0.015
Gaia DR3 6104916958929939712 218.5980620 -40.7783159 14.029  2.546       0.336  10.9126  25.9255     1.03      nan      nan    7.597  nan      nan    nan   1.182     nan                                None     -24.322     -23.307     -24.634       0.023     -22.868       0.021
Gaia DR3 6012660541717201664 232.5293022 -37.3293210 17.399  3.660       1.546   9.3842  25.9321    -2.54      nan      nan    7.295  nan      nan    nan   1.042     nan                                None     -19.439     -25.606     -20.553       0.150     -23.505       0.121
Gaia DR3 6100696483550400512 223.5314054 -43.1154159 12.600  1.955       0.814  12.2500  25.9350     0.70      nan      nan    8.471  nan      nan    nan   1.219     nan                                None     -25.680     -27.445     -25.658       0.020     -28.899       0.027
Gaia DR3 6206529837839099008 232.0342832 -34.0335566 15.530  3.024       0.746   7.2575  25.9449    -3.40      nan      nan    7.044  nan      nan    nan   1.037     nan                                None     -18.923     -24.373     -19.495       0.043     -23.423       0.034
Gaia DR3 6015000547281686784 236.1412042 -33.8818085 16.599  3.458       2.381  10.4465  25.9600    -4.18      nan      nan    7.484  nan      nan    nan   2.925     nan                                None     -18.697     -26.657     -22.027       0.270     -24.920       0.156
Gaia DR3 6279676287686943872 217.8470494 -21.2557575 17.689  3.366       1.269  11.2212  25.9701    -3.70      nan      nan    9.152  nan      nan    nan   0.970     nan                                None     -29.517     -26.990     -30.021       0.149     -29.386       0.149
Gaia DR3 6009758866120184832 236.8472108 -36.7365469 14.972  3.013       0.840  11.9546  25.9750    -3.45      nan      nan    8.810  nan      nan    nan   1.080     nan                                None     -21.714     -31.890     -23.239       0.035     -32.216       0.025
Gaia DR3 6002534662408488320 231.1060392 -41.8736461 16.301  3.388       0.846  12.2790  26.0053    -0.98      nan      nan    8.486  nan      nan    nan   1.040     nan                                None     -23.143     -29.673     -24.495       0.057     -28.994       0.053
Gaia DR3 6007726659387375616 231.0578614 -36.2108234 13.850  2.316       0.661   7.7606  26.0317    -2.60      nan      nan    7.086  nan      nan    nan   1.161     nan                                None     -19.341     -24.504     -20.098       0.031     -23.871       0.027
Gaia DR3 6013748890729905280 231.7058544 -35.9748243 17.049  2.629       1.073   8.0157  26.0336    -2.79      nan      nan    7.113  nan      nan    nan   1.072     nan                                None     -19.212     -24.707     -20.473       0.097     -23.708       0.072
Gaia DR3 6101233384522793856 223.7150194 -40.5025729 15.734  3.198       0.835   9.6336  26.0445    -0.04      nan      nan    7.325  nan      nan    nan   1.133     nan                                None     -22.156     -23.802     -22.675       0.061     -22.622       0.054
Gaia DR3 6272428758009373824 215.4831688 -25.4299082 11.368  1.378       1.369   9.4763  26.0612    -2.09      nan      nan    9.631  nan      nan    nan   1.097     nan                                None     -31.748     -28.317     -29.977       0.019     -26.175       0.018
Gaia DR3 6005978401540988928 230.5482936 -39.9976048 11.535  1.374       1.278  10.4418  26.0640    -1.43      nan      nan    7.472  nan      nan    nan   1.347     nan                                None     -20.557     -25.933     -19.098       0.027     -24.545       0.025
Gaia DR3 6198165578011825024 223.4363690 -39.3606991 19.927  3.383       2.299   8.5088  26.0784    -0.29      nan      nan    7.166  nan      nan    nan   1.180     nan                                None     -21.747     -23.212     -18.727       0.682     -21.498       0.685
Gaia DR3 6238583865963564800 234.8825333 -23.6930099 15.169  3.456       0.915  11.8370  26.0853    -6.86      nan      nan    7.887  nan      nan    nan   1.350     nan                                None     -20.171     -26.245     -18.711       0.065     -26.674       0.044
Gaia DR3 6272081170600370944 218.8948065 -24.3833757 16.896  2.964       2.978   8.0594  26.0955    -3.18      nan      nan    7.113  nan      nan    nan   1.009     nan                                None     -22.705     -21.422     -26.900       0.098     -19.889       0.098
Gaia DR3 6104961111194168960 219.1039993 -40.1752118 17.014  3.309       0.404  10.2014  26.1025     0.78      nan      nan    7.420  nan      nan    nan   1.109     nan                                None     -23.631     -22.912     -23.634       0.096     -22.281       0.094
Gaia DR3 6197236318886050688 224.2978085 -40.8771733 14.551  2.725       1.780   9.9971  26.1066    -0.05      nan      nan    7.381  nan      nan    nan   1.268     nan                                None     -22.166     -24.133     -19.588       0.030     -23.120       0.028
Gaia DR3 6105526225810889472 220.5909460 -38.5474375 16.256  3.079       2.326   8.2444  26.1086     0.06      nan      nan    7.133  nan      nan    nan   1.075     nan                                None     -22.365     -22.416     -21.316       0.064     -25.752       0.059
Gaia DR3 6004862294159315200 226.5774953 -41.3380022 16.387  3.734       1.776  10.6197  26.1088    -0.34      nan      nan    7.505  nan      nan    nan   1.218     nan                                None     -21.879     -25.121     -20.021       0.085     -27.229       0.078
Gaia DR3 6016712899201451648 236.8266142 -30.8080090 15.153  3.262       1.721  10.7634  26.1119    -5.20      nan      nan    7.538  nan      nan    nan   2.455     nan                                None     -18.585     -26.569     -20.990       0.111     -25.267       0.065
Gaia DR3 6003944201949813760 229.1378162 -42.5791135 19.328  3.687       2.341  12.3231  26.1205    -0.44      nan      nan    8.257  nan      nan    nan   1.037     nan                                None     -23.212     -28.361     -20.189       0.387     -25.630       0.361
Gaia DR3 6009758969199404800 236.8518809 -36.7269546 13.015  2.288       0.854  11.9538  26.1277    -3.45      nan      nan    8.860  nan      nan    nan   1.185     nan                                None     -21.835     -32.072     -23.349       0.022     -32.573       0.016
Gaia DR3 6015656577771768576 237.6441458 -31.7764971 18.747  2.712       2.878  11.4403  26.1418    -5.06      nan      nan    9.106  nan      nan    nan   3.357     nan                                None     -22.094     -32.430     -22.841       0.845     -26.956       0.589
Gaia DR3 6006740534896918656 229.7141315 -39.2471619 14.449  2.811       1.161   9.4696  26.1474    -1.49      nan      nan    9.645  nan      nan    nan   1.205     nan                                None     -26.879     -33.189     -28.901       0.033     -31.973       0.025
Gaia DR3 6002639803206472448 232.5112436 -41.1304701 15.829  3.387       0.954  12.2081  26.1518    -1.43      nan      nan    8.097  nan      nan    nan   1.207     nan                                None     -21.583     -28.642     -20.630       0.060     -27.321       0.054
Gaia DR3 6106767986755151360 219.3546025 -36.7227458  7.977  0.225       1.484   7.1329  26.1563    -0.16      nan      nan    7.020  nan      nan    nan   1.179     nan                                None     -22.300     -21.765     -22.195       0.042     -23.959       0.039
Gaia DR3 6215740515466036352 221.7747159 -32.5490701 15.527  2.812       2.696   2.7094  26.2096    -1.75      nan      nan    6.779  nan      nan    nan   0.939     nan                                None     -20.978     -21.430     -18.518       0.047     -18.465       0.049
Gaia DR3 6118636115268461056 216.2715614 -36.6259395 16.987    nan       1.970   8.7912  26.2212     0.48      nan      nan    7.190  nan      nan    nan   0.908     nan                                None     -23.536     -21.550     -20.896       0.163     -20.155       0.130
Gaia DR3 6270704723777065856 213.7268593 -27.1041922 16.489  3.439       0.712   9.9704  26.2343    -1.26      nan      nan    7.365  nan      nan    nan   1.106     nan                                None     -24.642     -21.398     -23.741       0.089     -22.039       0.106
Gaia DR3 6013753524993671808 231.6358259 -35.8259540 12.529  1.594       0.799   7.8807  26.2470    -2.82      nan      nan    7.085  nan      nan    nan   1.092     nan                                None     -19.158     -24.584     -19.319       0.017     -23.402       0.013
Gaia DR3 6012333028993016832 233.4046265 -38.2217396 14.821  3.051       0.628  10.4932  26.2602    -2.43      nan      nan    7.462  nan      nan    nan   3.237     nan                                None     -19.589     -26.435     -20.575       0.102     -26.482       0.075
Gaia DR3 6015124689017926784 237.5853028 -34.1132444 14.050  2.588       0.891  11.6652  26.2657    -4.36      nan      nan    7.780  nan      nan    nan   1.282     nan                                None     -18.897     -28.010     -19.550       0.030     -29.317       0.020
Gaia DR3 6121438495522736256 212.5202691 -34.8034914 15.314  3.212       0.732  10.6249  26.2669     0.88      nan      nan    7.489  nan      nan    nan   7.760     nan                                None     -25.298     -21.526     -24.158       0.249     -21.713       0.279
Gaia DR3 6197850464849348096 225.9142555 -38.8336607 17.411  3.786       0.678   8.0649  26.2795    -0.91      nan      nan    7.102  nan      nan    nan   1.018     nan                                None     -20.888     -23.575     -21.387       0.147     -22.691       0.122
Gaia DR3 6228007904137820032 227.2083870 -24.0128628 17.296  3.763       2.642   7.3402  26.2933    -5.19      nan      nan    7.030  nan      nan    nan   0.910     nan                                None     -20.316     -22.403     -17.023       0.133     -20.284       0.114
Gaia DR3 6199689466766560512 228.2252444 -36.3221230 14.121  2.944       0.439   6.3540  26.2963    -2.04      nan      nan   10.124  nan      nan    nan   1.572     nan                                None     -28.841     -34.190     -29.776       0.042     -34.156       0.038
Gaia DR3 6013492287907156352 232.1576933 -36.3228719 18.076  4.053       0.626   8.5169  26.2965    -2.77      nan      nan    7.151  nan      nan    nan   0.996     nan                                None     -19.173     -24.956     -20.014       0.223     -25.385       0.155
Gaia DR3 6201737715193054464 222.8841519 -36.4768244 17.740  3.950       1.015   5.7165  26.2980    -0.95      nan      nan    6.906  nan      nan    nan   0.821     nan                                None     -21.098     -22.201     -20.904       0.195     -20.736       0.163
Gaia DR3 6009591667334891776 235.9810173 -37.6811395 20.361  3.638       0.475  11.8028  26.2986    -3.03      nan      nan    7.828  nan      nan    nan   1.019     nan                                None     -19.616     -28.245     -18.832       0.981     -28.272       0.708
Gaia DR3 6101589080832700160 220.3711963 -41.7810270 15.392  3.236       1.343  11.3440  26.3382     0.94      nan      nan    7.662  nan      nan    nan   1.164     nan                                None     -24.080     -23.972     -22.394       0.056     -22.608       0.042
Gaia DR3 6100890302531919488 224.4371705 -41.6943794 12.278  1.759       0.970  10.8150  26.3430     0.15      nan      nan    7.523  nan      nan    nan   1.008     nan                                None     -22.552     -24.631     -21.290       0.014     -23.753       0.015
Gaia DR3 6103123724186319104 219.0602945 -41.9131731 14.658  2.806       0.692  11.8009  26.3530     1.23      nan      nan    7.816  nan      nan    nan   1.122     nan                                None     -24.906     -24.074     -25.216       0.036     -22.976       0.034
Gaia DR3 6009263811011430784 234.3148497 -38.7326369 14.943  2.978       1.418  11.3659  26.3711    -2.44      nan      nan    9.183  nan      nan    nan   1.395     nan                                None     -23.726     -32.812     -26.461       0.048     -32.581       0.039
Gaia DR3 6208562250724337152 233.0837908 -31.1428446  8.514  0.588       0.439   7.5447  26.3896    -4.43      nan      nan    7.043  nan      nan    nan  12.364     nan                                None     -18.591     -24.261     -18.358       0.266     -23.652       0.222
Gaia DR3 6102196561005845632 221.1638028 -40.0063747 15.991  3.177       1.196   9.4719  26.4087     0.33      nan      nan    7.269  nan      nan    nan   0.766     nan                                None     -22.650     -22.981     -21.211       0.126     -24.116       0.082
Gaia DR3 6208360657841129344 234.1202586 -31.8361343 19.911  3.386       2.076   8.4509  26.4151    -4.42      nan      nan    7.135  nan      nan    nan   1.159     nan                                None     -18.499     -24.837     -20.689       0.821     -27.063       0.701
Gaia DR3 6216624763327616000 217.9945546 -31.9103304 18.508  3.880       1.943   5.4656  26.4218    -1.08      nan      nan    6.884  nan      nan    nan   1.013     nan                                None     -22.171     -20.975     -21.053       0.295     -18.387       0.319
Gaia DR3 6198941592699738624 224.1771644 -37.6629149 15.602  3.114       0.851   6.7835  26.4273    -0.89      nan      nan    6.975  nan      nan    nan   1.069     nan                                None     -20.976     -22.736     -21.018       0.048     -21.486       0.040
Gaia DR3 6198061605441186176 226.2430632 -37.6891697  8.080  0.219       0.608   6.9984  26.4427    -1.29      nan      nan    6.991  nan      nan    nan   1.086     nan                                None     -20.472     -23.248     -20.030       0.039     -22.468       0.036
Gaia DR3 6200873400267460352 226.4981523 -34.5732888 18.458  4.092       0.403   4.1361  26.4532    -2.19      nan      nan    6.816  nan      nan    nan   0.986     nan                                None     -19.891     -22.582     -19.744       0.342     -23.143       0.225
Gaia DR3 6206825773968329856 231.2247307 -33.1591837 19.709  2.952       2.187   6.3091  26.4623    -3.50      nan      nan   10.148  nan      nan    nan   0.959     nan                                None     -27.624     -34.789     -31.364       0.556     -37.602       0.368
Gaia DR3 6200738469578620672 225.6477229 -35.3297257 14.386  2.618       1.250   4.5939  26.4726    -1.82      nan      nan    6.835  nan      nan    nan   1.133     nan                                None     -20.175     -22.514     -19.558       0.031     -20.823       0.028
Gaia DR3 6237729751586459392 233.8170177 -25.7342689  7.306  0.063       0.825   9.8386  26.4773    -6.09      nan      nan    7.321  nan      nan    nan   0.932     nan                                None     -19.082     -24.570     -18.466       0.033     -23.456       0.026
Gaia DR3 6197605754793258240 225.8777912 -39.5193089 14.970  2.897       1.171   8.7364  26.4839    -0.71      nan      nan    7.164  nan      nan    nan   1.208     nan                                None     -21.082     -23.789     -19.509       0.040     -22.979       0.044
Gaia DR3 6232643685672643328 225.4505097 -20.7574981 15.175  3.022       1.949  10.1766  26.4915    -5.64      nan      nan    7.378  nan      nan    nan   1.150     nan                                None     -21.831     -22.781     -18.860       0.041     -22.188       0.036
Gaia DR3 6278693053710012416 220.7677497 -22.4836093 17.716  3.025       1.919   8.9632  26.4975    -4.11      nan      nan    7.192  nan      nan    nan   1.106     nan                                None     -22.507     -21.770     -22.096       0.156     -24.650       0.132
Gaia DR3 6002936636993779712 234.2692908 -40.1562749  9.275  0.934       1.330  12.3159  26.5009    -2.01      nan      nan    8.052  nan      nan    nan   0.975     nan                                None     -20.821     -28.855     -20.264       0.019     -26.667       0.017
Gaia DR3 6007703913239936256 231.0240695 -36.5020315 13.947  2.429       1.799   7.9365  26.5516    -2.51      nan      nan    7.071  nan      nan    nan   1.278     nan                                None     -19.308     -24.461     -17.568       0.027     -22.420       0.022
Gaia DR3 6121795557629084672 210.2045704 -35.1498495 15.131  2.928       1.232  12.5401  26.5576     1.49      nan      nan    8.278  nan      nan    nan   1.058     nan                                None     -28.440     -23.130     -27.262       0.039     -24.929       0.048
Gaia DR3 6233165060348406400 237.3534861 -28.7310864 16.490  3.380       2.363  11.5353  26.5626    -5.90      nan      nan    7.687  nan      nan    nan   1.060     nan                                None     -18.759     -26.856     -21.532       0.084     -24.214       0.056
Gaia DR3 6007161510410120832 229.5493002 -37.8025257 12.865  1.853       0.778   8.1709  26.5627    -1.87      nan      nan    7.094  nan      nan    nan   0.974     nan                                None     -19.820     -24.313     -20.321       0.019     -23.264       0.017
Gaia DR3 6117216336519775616 213.1953251 -38.5229302 11.156  1.404       0.199  11.8800  26.5699     1.61      nan      nan    9.021  nan      nan    nan   3.388     nan                                None     -30.312     -25.990     -30.120       0.083     -26.315       0.075
Gaia DR3 6233165056047024896 237.3544230 -28.7314506 13.088  2.103       1.596  11.5360  26.5701    -5.90      nan      nan    7.686  nan      nan    nan   1.261     nan                                None     -18.756     -26.853     -20.584       0.020     -25.024       0.013
Gaia DR3 6101739331669111552 221.2210041 -40.7807210 17.443  4.106       1.226  10.2054  26.5710     0.52      nan      nan    7.375  nan      nan    nan   0.929     nan                                None     -22.966     -23.322     -24.871       0.158     -23.383       0.182
Gaia DR3 6225298840624107264 224.3417448 -27.3208435  9.046  0.506       2.120   3.5595  26.5726    -3.69      nan      nan    6.788  nan      nan    nan   1.100     nan                                None     -20.373     -21.566     -17.410       0.024     -22.218       0.022
Gaia DR3 6102333140964729728 221.6833942 -39.3071030 15.264  2.617       1.606   8.6904  26.5729     0.04      nan      nan    9.846  nan      nan    nan   1.076     nan                                None     -30.502     -31.310     -32.030       0.042     -34.272       0.044
Gaia DR3 6233591975798023168 238.3206832 -27.9437366 17.970  4.135       0.734  12.5655  26.5839    -6.29      nan      nan    8.315  nan      nan    nan   1.100     nan                                None     -19.899     -29.062     -20.285       0.272     -27.836       0.179
Gaia DR3 6103374000518911872 218.1942129 -41.4641723 12.519  1.810       1.503  11.6620  26.5840     1.29      nan      nan    7.725  nan      nan    nan   1.322     nan                                None     -24.830     -23.561     -23.276       0.020     -21.669       0.026
Gaia DR3 6014857713845590656 235.3410983 -34.6709909 13.768  2.398       0.359  10.0327  26.6005    -3.81      nan      nan    7.342  nan      nan    nan   1.214     nan                                None     -18.621     -26.093     -19.169       0.027     -26.185       0.017
Gaia DR3 6014916086743891584 235.1592820 -34.3602734 12.900  2.636       2.265   9.7922  26.6305    -3.87      nan      nan    9.649  nan      nan    nan   3.700     nan                                None     -24.553     -34.206     -29.156       0.102     -33.996       0.078
Gaia DR3 6208237379397572352 233.2181347 -32.3772512 16.267  3.166       0.754   7.7506  26.6656    -4.10      nan      nan    7.045  nan      nan    nan   1.026     nan                                None     -18.554     -24.428     -18.983       0.062     -23.394       0.054
Gaia DR3 6255702643530661376 228.8839551 -20.6859942 16.283  3.597       1.699  10.9999  26.6720    -6.43      nan      nan    9.359  nan      nan    nan   1.202     nan                                None     -26.406     -29.456     -23.511       0.084     -27.767       0.070
Gaia DR3 6012244273489826560 238.8591519 -33.6399341 11.823  1.439       1.098  12.6188  26.6727    -4.71      nan      nan    8.376  nan      nan    nan   1.061     nan                                None     -19.823     -30.340     -17.961       0.018     -29.798       0.012
Gaia DR3 6009146025829395200 235.1927923 -38.7846001 19.512  3.382       1.368  11.9277  26.6731    -2.57      nan      nan    7.807  nan      nan    nan   0.999     nan                                None     -19.852     -28.090     -17.818       0.430     -27.124       0.321
Gaia DR3 6011663357694143232 237.8382754 -34.7858015 16.496  3.405       0.851  12.0282  26.6794    -4.20      nan      nan    7.847  nan      nan    nan   1.054     nan                                None     -18.964     -28.383     -17.557       0.085     -28.343       0.074
Gaia DR3 6001005757131296640 230.4596784 -42.3812477 15.422  3.279       0.823  12.5145  26.6821    -0.73      nan      nan    8.152  nan      nan    nan   1.495     nan                                None     -22.461     -28.350     -21.765       0.061     -27.118       0.052
Gaia DR3 6016070337733121152 234.1411940 -32.7708105 14.414  2.831       2.057   8.5825  26.7473    -4.15      nan      nan    9.887  nan      nan    nan   1.315     nan                                None     -25.625     -34.568     -28.737       0.038     -37.519       0.027
Gaia DR3 6105713692544123520 220.4897928 -37.7936363  3.987 -0.240       0.813   7.5884  26.7587    -0.12      nan      nan   10.034  nan      nan    nan   2.600     nan                                None     -31.496     -31.497     -29.828       0.369     -31.914       0.518
Gaia DR3 5908672172239653888 224.5547775 -42.6854068 16.854  3.396       0.513  11.8074  26.7747     0.40      nan      nan    7.744  nan      nan    nan   1.000     nan                                None     -23.179     -25.378     -23.769       0.108     -24.784       0.095
Gaia DR3 6227034355309750016 229.5922566 -24.3911976 16.542  3.482       2.842   8.0109  26.8143    -5.60      nan      nan    7.061  nan      nan    nan   0.982     nan                                None     -19.715     -22.898     -15.487       0.082     -22.744       0.060
Gaia DR3 6199709257976967296 227.7931911 -36.4076064 12.072  1.566       2.319   6.2508  26.8229    -1.94      nan      nan    6.913  nan      nan    nan   1.173     nan                                None     -19.815     -23.262     -16.802       0.023     -21.733       0.019
Gaia DR3 6006836948322087936 229.8331346 -39.1121934 15.257  2.973       1.505   9.3990  26.8501    -1.55      nan      nan    7.224  nan      nan    nan   1.091     nan                                None     -20.095     -24.879     -22.219       0.047     -24.017       0.039
Gaia DR3 6117064913153134080 212.8992716 -39.4199107 15.959  3.458       1.319  12.6129  26.8588     1.89      nan      nan    8.630  nan      nan    nan   1.429     nan                                None     -29.067     -24.720     -27.243       0.092     -26.280       0.099
Gaia DR3 6101955424361111040 222.9158965 -40.9836084 13.592  2.228       1.218  10.1637  26.8637     0.24      nan      nan    7.341  nan      nan    nan   1.104     nan                                None     -22.419     -23.650     -20.988       0.020     -24.877       0.018
Gaia DR3 6198599507144514432 223.2126889 -37.8032521  4.983 -0.222       1.513   6.9793  26.8713    -0.66      nan      nan    6.964  nan      nan    nan   1.258     nan                                None     -21.193     -22.489     -20.595       0.159     -20.349       0.203
Gaia DR3 6011346423468696704 238.2032635 -35.9121425 13.670  2.425       1.224  12.6479  26.8782    -3.92      nan      nan    8.596  nan      nan    nan   1.115     nan                                None     -20.622     -31.314     -19.556       0.020     -33.260       0.015
Gaia DR3 6228646617308762880 222.8463417 -26.2035658 16.692  3.440       1.722   4.8438  26.9140    -3.65      nan      nan    6.825  nan      nan    nan   0.935     nan                                None     -20.861     -21.339     -18.431       0.089     -21.825       0.073
Gaia DR3 6099998877781285888 219.4098416 -43.0143763 14.013  2.807       0.804  12.7381  26.9405     1.45      nan      nan    8.473  nan      nan    nan   1.386     nan                                None     -26.902     -26.162     -26.264       0.027     -24.875       0.025
Gaia DR3 6006083198736459264 230.5648508 -39.2422573 15.535    nan       0.302   9.8099  26.9597    -1.65      nan      nan    7.275  nan      nan    nan   0.973     nan                                None     -20.011     -25.224     -20.151       0.111     -24.782       0.093
Gaia DR3 6007312654598911616 230.3376347 -38.1341147 15.598  3.089       0.706   8.7989  26.9692    -1.92      nan      nan    7.137  nan      nan    nan   1.009     nan                                None     -19.702     -24.645     -20.212       0.056     -23.714       0.042
Gaia DR3 6200377211288653440 227.0470092 -36.4552941 15.100  3.099       1.713   6.0301  26.9701    -1.78      nan      nan   10.237  nan      nan    nan   1.216     nan                                None     -29.651     -34.223     -33.348       0.045     -34.207       0.041
Gaia DR3 6102196561001156608 221.1638323 -40.0061553 15.983  3.182       0.511   9.4717  26.9756     0.33      nan      nan    7.224  nan      nan    nan   1.267     nan                                None     -22.509     -22.838     -22.596       0.128     -23.611       0.102
Gaia DR3 6005599929025761024 230.9857169 -41.0194788 17.196  3.664       0.282  11.4906  26.9833    -1.21      nan      nan    9.263  nan      nan    nan   0.954     nan                                None     -25.312     -32.324     -25.035       0.108     -32.800       0.083
Gaia DR3 6041004375237611136 237.3439471 -28.9344353 13.326  2.229       0.716  11.4798  26.9896    -5.84      nan      nan    7.611  nan      nan    nan   1.294     nan                                None     -18.576     -26.621     -19.300       0.023     -25.728       0.013
Gaia DR3 6012087764880087936 238.7073081 -34.0661731 18.136  4.092       0.894  12.5661  26.9967    -4.55      nan      nan    8.746  nan      nan    nan   1.208     nan                                None     -20.764     -31.713     -21.611       0.306     -33.127       0.192
Gaia DR3 6005726304142187264 231.6553063 -40.5864758 17.308  4.018       1.775  11.3923  26.9968    -1.45      nan      nan    9.298  nan      nan    nan   1.222     nan                                None     -25.136     -32.619     -23.105       0.144     -29.793       0.130
Gaia DR3 6006868524922050432 230.4140832 -38.5965996 14.440  2.554       0.208   9.2098  27.0018    -1.80      nan      nan    7.187  nan      nan    nan   1.125     nan                                None     -19.814     -24.854     -19.513       0.026     -24.763       0.022
Gaia DR3 6118320486710029824 217.5255693 -37.4275371 14.700  2.732       1.176   8.6056  27.0042     0.41      nan      nan    7.112  nan      nan    nan   1.228     nan                                None     -23.010     -21.612     -21.312       0.036     -21.140       0.039
Gaia DR3 6007799983068943360 230.5993059 -35.8413326 15.569  3.155       1.646   7.2381  27.0162    -2.62      nan      nan    6.977  nan      nan    nan   1.131     nan                                None     -19.181     -24.011     -16.900       0.059     -23.199       0.046
Gaia DR3 6104704753187030784 219.0078724 -41.2202031 15.044  3.118       1.349  11.1795  27.0385     1.07      nan      nan    7.528  nan      nan    nan   3.955     nan                                None     -24.000     -23.194     -23.721       0.103     -21.071       0.096
Gaia DR3 6004427914044710400 226.4867420 -43.2009981 12.022  1.763       0.813  12.4445  27.0428     0.19      nan      nan    8.852  nan      nan    nan   1.209     nan                                None     -25.838     -29.608     -25.066       0.022     -28.302       0.022
Gaia DR3 6104959942962995840 219.1837472 -40.2116797  5.721 -0.142       0.504  10.2078  27.0468     0.77      nan      nan    7.332  nan      nan    nan   0.700     nan                                None     -23.334     -22.662     -23.575       0.153     -21.922       0.257
Gaia DR3 6013737964334060544 231.1665814 -35.9658046 15.470  2.938       0.617   7.6683  27.0683    -2.69      nan      nan    7.012  nan      nan    nan   1.110     nan                                None     -19.105     -24.251     -19.507       0.050     -23.432       0.046
Gaia DR3 6305380842320315264 224.4786244 -18.1446343 17.422  3.183       1.026  12.7366  27.0714    -6.08      nan      nan    8.606  nan      nan    nan   0.964     nan                                None     -25.786     -25.945     -25.554       0.124     -27.793       0.106
Gaia DR3 6199689466766561280 228.2230773 -36.3222536 15.381  3.219       0.887   6.3532  27.0774    -2.04      nan      nan   10.218  nan      nan    nan   1.148     nan                                None     -29.109     -34.506     -30.574       0.055     -35.732       0.049
Gaia DR3 6013501294456690304 232.3738692 -36.1286363 15.391  3.335       0.489   8.5415  27.1549    -2.86      nan      nan    7.095  nan      nan    nan   1.125     nan                                None     -18.954     -24.787     -19.205       0.058     -24.100       0.047
Gaia DR3 6100891024086434432 224.6416935 -41.7805114 12.630  1.695       0.043  10.9043  27.1663     0.13      nan      nan    7.452  nan      nan    nan   1.172     nan                                None     -22.282     -24.452     -22.214       0.021     -24.451       0.019
Gaia DR3 6015150424462395648 237.6847788 -33.6637196  8.484  0.552       0.685  11.6582  27.1685    -4.51      nan      nan    9.243  nan      nan    nan   0.918     nan                                None     -22.407     -33.232     -23.743       0.030     -33.209       0.020
Gaia DR3 6104849373327688832 219.9344491 -40.3684489  8.945  0.592       0.917  10.1220  27.1803     0.66      nan      nan    7.306  nan      nan    nan   1.371     nan                                None     -23.070     -22.775     -22.823       0.040     -21.384       0.040
Gaia DR3 6199429191749977344 228.2543566 -37.2467816  8.000  0.314       0.681   7.1643  27.1921    -1.79      nan      nan    6.961  nan      nan    nan   1.051     nan                                None     -19.822     -23.559     -18.856       0.036     -23.816       0.028
Gaia DR3 6015382490138361984 238.5775023 -32.3891652 14.321  2.803       0.468  12.2536  27.1964    -5.03      nan      nan    9.005  nan      nan    nan   1.139     nan                                None     -21.438     -32.360     -22.063       0.028     -31.728       0.021
Gaia DR3 6007798505600191616 230.5894483 -35.8519486 15.516  3.274       1.467   7.2391  27.2107    -2.62      nan      nan    6.966  nan      nan    nan   1.191     nan                                None     -19.153     -23.971     -17.046       0.065     -23.520       0.051
Gaia DR3 6009423961749024384 234.5109456 -38.1232018 11.922  1.474       0.950  11.1000  27.2310    -2.65      nan      nan    7.488  nan      nan    nan   1.425     nan                                None     -19.278     -26.753     -18.448       0.021     -28.002       0.016
Gaia DR3 6007267063528059776 230.6142243 -38.1735770 14.865  2.743       0.872   8.9609  27.2591    -1.96      nan      nan    7.136  nan      nan    nan   1.121     nan                                None     -19.614     -24.702     -19.861       0.034     -23.413       0.029
Gaia DR3 6121072353857088256 212.6558106 -36.0381566 17.601  3.841       0.752  10.9759  27.2673     1.14      nan      nan    7.457  nan      nan    nan   1.054     nan                                None     -25.162     -21.434     -25.449       0.148     -22.581       0.146
Gaia DR3 6100354741593223552 222.2294005 -43.5606796 15.319  2.557       1.839  12.7846  27.2982     1.06      nan      nan    8.685  nan      nan    nan   1.088     nan                                None     -26.735     -27.710     -28.516       0.046     -30.567       0.063
Gaia DR3 6013572831429668352 232.7978913 -36.3473301 15.263  2.911       0.940   8.9470  27.3119    -2.88      nan      nan    7.131  nan      nan    nan   0.965     nan                                None     -18.915     -25.012     -19.592       0.042     -23.771       0.045
Gaia DR3 6199875662189022464 229.2902680 -36.3102002 16.456  3.639       1.331   6.8442  27.3203    -2.25      nan      nan    6.928  nan      nan    nan   1.169     nan                                None     -19.431     -23.612     -19.694       0.087     -21.686       0.068
Gaia DR3 6197538822024048128 226.2036212 -39.8234199  9.561  0.816       2.572   9.0787  27.3351    -0.69      nan      nan    9.885  nan      nan    nan   1.171     nan                                None     -28.961     -32.936     -32.939       0.022     -36.528       0.021
Gaia DR3 6101051831963744512 222.7637099 -41.8534352 15.175  2.957       1.692  11.0409  27.3501     0.50      nan      nan    7.462  nan      nan    nan   1.071     nan                                None     -22.828     -23.989     -21.184       0.039     -26.083       0.046
Gaia DR3 6041393636711941248 237.8375696 -28.5403590 14.549  2.661       2.550  11.9940  27.3551    -6.04      nan      nan    9.158  nan      nan    nan   1.198     nan                                None     -22.133     -32.046     -26.906       0.037     -30.842       0.020
Gaia DR3 6105495954881884288 219.8357791 -39.0912591 10.598  1.128       1.924   8.9804  27.3645     0.35      nan      nan    7.131  nan      nan    nan   3.131     nan                                None     -22.541     -22.222     -19.668       0.071     -21.892       0.067
Gaia DR3 6099826976008902016 219.7332582 -43.1661348 15.053  3.143       0.757  12.8066  27.3833     1.42      nan      nan    8.115  nan      nan    nan   1.097     nan                                None     -25.677     -25.148     -24.421       0.037     -24.836       0.037
Gaia DR3 6234949980034643840 236.8635834 -25.3681144 15.083  3.014       0.937  12.3766  27.4058    -6.77      nan      nan    7.850  nan      nan    nan   1.022     nan                                None     -19.341     -26.733     -19.396       0.038     -25.184       0.028
Gaia DR3 6232933922382576640 224.3869951 -20.1316184  9.071  0.587       2.388  10.7488  27.4270    -5.55      nan      nan    7.395  nan      nan    nan   1.009     nan                                None     -22.181     -22.595     -19.010       0.019     -20.646       0.017
Gaia DR3 6039759556275099392 239.1601731 -31.1216741 15.656  3.240       0.388  12.7441  27.4426    -5.51      nan      nan    8.042  nan      nan    nan   1.097     nan                                None     -18.913     -28.802     -19.548       0.054     -28.636       0.035
Gaia DR3 6002821394433206400 233.2387337 -40.9884964 16.529  3.300       0.908  12.4244  27.4544    -1.59      nan      nan    7.861  nan      nan    nan   1.015     nan                                None     -20.695     -27.972     -20.315       0.070     -26.517       0.067
Gaia DR3 6039791231649916800 239.4280895 -30.8354728 16.495  2.978       2.781  12.9905  27.4569    -5.64      nan      nan    8.347  nan      nan    nan   1.054     nan                                None     -19.519     -29.893     -18.880       0.069     -25.041       0.049
Gaia DR3 6226863415611316864 228.8947795 -25.4505629 14.508  3.204       0.867   6.7807  27.4651    -5.17      nan      nan   10.219  nan      nan    nan   1.382     nan                                None     -28.830     -33.207     -27.135       0.043     -32.426       0.033
Gaia DR3 6116909985091853312 215.4829999 -38.1963158 16.121  3.315       0.740  10.2898  27.4756     1.04      nan      nan    7.308  nan      nan    nan   1.061     nan                                None     -24.091     -21.670     -22.954       0.068     -21.586       0.070
Gaia DR3 6007706868178009728 231.1393226 -36.4956355 16.477  3.456       1.088   8.0000  27.4914    -2.54      nan      nan    7.017  nan      nan    nan   1.037     nan                                None     -19.127     -24.299     -20.715       0.087     -24.554       0.068
Gaia DR3 6210529964219833088 228.0743208 -31.9665351 13.585  2.353       1.227   3.4119  27.4956    -3.22      nan      nan    6.739  nan      nan    nan   1.122     nan                                None     -19.240     -22.446     -20.728       0.020     -23.353       0.017
Gaia DR3 6208441987340580224 233.5662791 -31.4874086 17.028  3.211       2.415   7.9620  27.5133    -4.42      nan      nan    7.012  nan      nan    nan   1.004     nan                                None     -18.357     -24.276     -21.520       0.153     -25.930       0.117
Gaia DR3 6233215324346546816 236.3064491 -28.6805603 18.530  4.177       2.203  10.6583  27.5225    -5.72      nan      nan    7.368  nan      nan    nan   0.962     nan                                None     -18.351     -25.574     -19.914       0.281     -22.531       0.219
Gaia DR3 6106581649595968512 220.2949560 -36.6559169 18.110  3.963       2.486   6.6583  27.5243    -0.37      nan      nan    6.903  nan      nan    nan   1.023     nan                                None     -21.713     -21.617     -18.331       0.226     -20.334       0.198
Gaia DR3 6100891028388365440 224.6412808 -41.7776860 17.103  3.490       0.074  10.9014  27.5343     0.13      nan      nan    7.414  nan      nan    nan   1.031     nan                                None     -22.167     -24.326     -22.244       0.125     -24.238       0.105
Gaia DR3 6228897993154618240 221.4170287 -25.3925012 15.082  3.133       2.390   6.0411  27.5410    -3.53      nan      nan    6.860  nan      nan    nan   1.197     nan                                None     -21.315     -21.145     -18.193       0.041     -19.660       0.037
Gaia DR3 6206745754431239296 232.6539692 -32.8292669 17.098  3.660       1.303   7.3694  27.5560    -3.86      nan      nan    6.956  nan      nan    nan   0.980     nan                                None     -18.497     -24.070     -18.864       0.119     -22.195       0.091
Gaia DR3 6200993006518758784 227.5405502 -34.8120384 13.388  2.137       1.341   4.7895  27.5679    -2.33      nan      nan    6.790  nan      nan    nan   1.176     nan                                None     -19.533     -22.713     -19.039       0.019     -20.859       0.017
Gaia DR3 6013751192832439424 231.7958945 -35.8582734 16.198  3.643       0.495   8.0042  27.5750    -2.84      nan      nan    7.012  nan      nan    nan   1.246     nan                                None     -18.912     -24.366     -19.098       0.087     -23.658       0.064
Gaia DR3 6016070337733121792 234.1406317 -32.7703423 14.023  2.782       1.572   8.5820  27.5754    -4.15      nan      nan    9.998  nan      nan    nan   1.320     nan                                None     -25.912     -34.954     -29.124       0.035     -35.769       0.025
Gaia DR3 6006924286477318272 229.8953394 -38.5393133 18.096  3.366       2.747   8.9365  27.5853    -1.73      nan      nan    9.943  nan      nan    nan   1.024     nan                                None     -27.634     -34.228     -22.262       0.194     -36.302       0.173
Gaia DR3 6005925831140497664 229.3284304 -40.1742317 16.669  2.987       1.874  10.1558  27.5866    -1.16      nan      nan    7.277  nan      nan    nan   1.152     nan                                None     -20.397     -24.985     -18.573       0.113     -22.764       0.120
Gaia DR3 6202803249335360896 221.3615694 -35.7753502 14.926  2.679       2.001   5.4697  27.5928    -0.82      nan      nan    6.824  nan      nan    nan   1.238     nan                                None     -21.215     -21.590     -18.798       0.037     -20.026       0.032
Gaia DR3 6003002882571321344 233.9760312 -39.8419949 15.063  2.948       0.890  11.9341  27.5945    -2.05      nan      nan    7.658  nan      nan    nan   1.097     nan                                None     -19.904     -27.358     -18.795       0.038     -28.270       0.034
Gaia DR3 6014488518456258048 233.0276922 -33.7496067 15.963  2.750       2.609   7.9237  27.6071    -3.67      nan      nan    7.003  nan      nan    nan   1.039     nan                                None     -18.503     -24.385     -21.655       0.054     -26.597       0.044
Gaia DR3 6213340144141383296 232.1913022 -27.8076836 15.590  3.075       0.456   7.5439  27.6087    -5.19      nan      nan    6.968  nan      nan    nan   1.079     nan                                None     -18.672     -23.451     -18.273       0.047     -22.913       0.035
Gaia DR3 6199429191749976960 228.2526980 -37.2479874  8.096  0.234       0.604   7.1647  27.6166    -1.79      nan      nan    6.936  nan      nan    nan   1.057     nan                                None     -19.752     -23.476     -18.927       0.038     -23.159       0.031
Gaia DR3 6117378102169312640 211.6067174 -38.6459618 16.398  3.555       0.755  12.9700  27.6240     1.99      nan      nan    8.165  nan      nan    nan   1.011     nan                                None     -27.772     -23.041     -28.908       0.062     -23.671       0.063
Gaia DR3 6100482559819865856 220.9293402 -43.6321806 14.781  2.936       0.952  13.0255  27.6268     1.32      nan      nan    8.585  nan      nan    nan   1.073     nan                                None     -26.819     -26.973     -28.097       0.037     -25.817       0.035
Gaia DR3 6284867842291585152 218.8408398 -18.8258160  9.335  0.682       2.712  13.0210  27.6290    -4.54      nan      nan    8.228  nan      nan    nan   0.905     nan                                None     -26.276     -24.118     -25.044       0.020     -28.658       0.019
Gaia DR3 6011565879115186816 236.5250482 -35.4196565 15.623  3.105       0.468  11.1983  27.6291    -3.79      nan      nan    9.472  nan      nan    nan   2.167     nan                                None     -23.490     -34.042     -24.084       0.101     -33.319       0.063
Gaia DR3 6200903636839692544 227.9482984 -35.4450390 16.081  3.439       0.658   5.4988  27.6408    -2.24      nan      nan    6.823  nan      nan    nan   1.171     nan                                None     -19.514     -22.939     -19.223       0.074     -22.039       0.072
Gaia DR3 6039780893672766976 239.0465799 -30.8513072 14.346  2.772       1.887  12.6627  27.6703    -5.57      nan      nan    7.927  nan      nan    nan   3.390     nan                                None     -18.688     -28.329     -19.548       0.080     -25.296       0.062
Gaia DR3 6041349793686190336 238.9162726 -28.5110276 16.117  3.360       0.253  12.9195  27.6844    -6.23      nan      nan    8.090  nan      nan    nan   1.108     nan                                None     -19.123     -28.476     -19.270       0.076     -28.881       0.052
Gaia DR3 5908713025961374592 224.7916868 -42.1041614 10.486  0.119       2.297  11.2315  27.6860     0.19      nan      nan    7.467  nan      nan    nan   2.324     nan                                None     -22.283     -24.537     -18.769       0.175     -23.688       0.223
Gaia DR3 6003604487219267456 227.0043710 -43.7126385  7.021  0.028       0.716  13.0117  27.6881     0.24      nan      nan    8.648  nan      nan    nan   1.103     nan                                None     -25.064     -29.078     -25.641       0.050     -30.250       0.049
Gaia DR3 6007131583078172160 229.1936614 -38.0503852 15.750  3.036       1.634   8.2308  27.6886    -1.74      nan      nan    7.027  nan      nan    nan   1.049     nan                                None     -19.738     -24.020     -17.738       0.057     -22.655       0.050
Gaia DR3 6236641647392716544 237.0136555 -25.2157117  7.127  0.222       1.592  12.5697  27.6917    -6.84      nan      nan    7.876  nan      nan    nan   5.789     nan                                None     -19.349     -26.815     -21.769       0.204     -27.880       0.126
Gaia DR3 6016070539593600640 234.1283493 -32.7601596 14.440  2.873       1.967   8.5700  27.6941    -4.15      nan      nan   10.016  nan      nan    nan   1.171     nan                                None     -25.963     -35.011     -29.729       0.046     -36.764       0.029
Gaia DR3 6100369103963773056 222.3290596 -43.1945513 15.513  3.147       1.371  12.4120  27.6941     0.94      nan      nan    7.807  nan      nan    nan   1.082     nan                                None     -24.007     -24.950     -21.919       0.057     -24.093       0.050
Gaia DR3 6212872576822114048 231.5531664 -28.8900803 17.365  3.723       1.403   6.6078  27.7159    -4.77      nan      nan    6.889  nan      nan    nan   1.781     nan                                None     -18.652     -23.222     -17.104       0.229     -24.545       0.168
Gaia DR3 6206980427151256192 231.9995757 -32.1347667 13.598  2.224       1.495   6.6952  27.7214    -3.94      nan      nan    6.895  nan      nan    nan   1.131     nan                                None     -18.533     -23.674     -20.640       0.020     -23.143       0.015
Gaia DR3 6219146046571263616 222.5419189 -28.5733505 16.846  2.937       2.652   2.7583  27.7595    -2.96      nan      nan    6.708  nan      nan    nan   1.025     nan                                None     -20.576     -21.115     -22.100       0.099     -24.541       0.095
Gaia DR3 6104801235332884352 219.9932810 -40.4692242 16.255  3.373       0.809  10.1993  27.7804     0.68      nan      nan    7.267  nan      nan    nan   1.064     nan                                None     -22.933     -22.667     -22.251       0.063     -21.632       0.061
Gaia DR3 6200756783318109440 226.4435527 -35.4850202 17.270  3.562       1.276   4.9466  27.7849    -1.93      nan      nan    6.787  nan      nan    nan   0.846     nan                                None     -19.820     -22.522     -19.273       0.132     -20.780       0.122
Gaia DR3 6011635251427374848 237.6720973 -35.0695263 14.160  2.587       1.055  11.9750  27.7967    -4.08      nan      nan    7.641  nan      nan    nan   1.110     nan                                None     -18.528     -27.640     -19.137       0.022     -29.227       0.017
Gaia DR3 6202411273440581888 222.8176059 -35.5542927 16.888  2.961       2.814   4.8323  27.7985    -1.18      nan      nan    6.781  nan      nan    nan   1.069     nan                                None     -20.731     -21.758     -24.388       0.106     -23.434       0.113
Gaia DR3 6106814063164356224 219.0809628 -36.6279985 14.196  2.542       1.497   7.1911  27.8151    -0.12      nan      nan    6.927  nan      nan    nan   1.352     nan                                None     -22.067     -21.414     -19.892       0.030     -21.198       0.025
Gaia DR3 6007264516610101376 230.3770105 -38.2196038  9.125  0.589       1.168   8.8862  27.8204    -1.90      nan      nan    7.088  nan      nan    nan   1.029     nan                                None     -19.555     -24.489     -19.723       0.024     -22.752       0.019
Gaia DR3 5908278474053377408 225.2777237 -43.7131281 14.202  2.584       0.798  12.8571  27.8242     0.55      nan      nan    8.848  nan      nan    nan   1.107     nan                                None     -26.243     -29.211     -25.032       0.028     -28.345       0.034
Gaia DR3 6208252841279745280 233.6493052 -32.2812196 15.058  2.763       1.068   8.0977  27.8428    -4.20      nan      nan    7.004  nan      nan    nan   1.059     nan                                None     -18.311     -24.352     -19.231       0.034     -23.071       0.029
Gaia DR3 6207478888171358464 228.4225116 -32.6232921 13.488  2.183       2.412   3.9269  27.8455    -3.11      nan      nan    6.740  nan      nan    nan   1.095     nan                                None     -19.147     -22.564     -15.951       0.021     -21.328       0.017
Gaia DR3 6235131880488892160 236.6525179 -25.4260367 15.089  3.123       1.009  12.1820  27.8499    -6.71      nan      nan    9.195  nan      nan    nan   1.146     nan                                None     -22.747     -31.291     -22.864       0.050     -33.243       0.037
Gaia DR3 6236373297839263232 237.7496013 -25.6200250 16.952  3.687       0.287  12.9631  27.8524    -6.86      nan      nan    8.062  nan      nan    nan   1.105     nan                                None     -19.518     -27.637     -19.701       0.100     -27.185       0.062
Gaia DR3 6208956563079408256 235.7625604 -30.1897483 18.502  3.833       0.479   9.9065  27.8539    -5.19      nan      nan    7.217  nan      nan    nan   0.983     nan                                None     -18.160     -25.184     -18.311       0.344     -24.471       0.288
Gaia DR3 6200553850406484224 227.0598605 -35.6782719 17.586  3.581       0.803   5.3293  27.8540    -2.00      nan      nan    6.803  nan      nan    nan   0.999     nan                                None     -19.701     -22.708     -19.585       0.133     -21.561       0.117
Gaia DR3 6102000160741451264 223.4303133 -40.3160255 15.822  2.977       1.992   9.4613  27.8555    -0.03      nan      nan    7.156  nan      nan    nan   1.001     nan                                None     -21.719     -23.183     -20.443       0.048     -25.904       0.049
Gaia DR3 6003973132852130432 229.1559376 -42.3677859 17.832  1.801       1.670  12.1292  27.8824    -0.51      nan      nan    7.675  nan      nan    nan   1.028     nan                                None     -21.570     -26.363     -22.483       0.360     -28.906       0.625
Gaia DR3 6117114769132984576 212.0389676 -39.2142706 13.043  2.157       0.548  13.0149  27.8929     2.02      nan      nan    8.087  nan      nan    nan   1.244     nan                                None     -27.420     -22.918     -26.518       0.017     -23.160       0.020
Gaia DR3 6100087899563041280 218.8866912 -42.3713168 19.554  3.088       0.633  12.2735  27.9264     1.38      nan      nan    7.716  nan      nan    nan   1.160     nan                                None     -24.629     -23.697     -25.652       0.540     -23.809       0.553
Gaia DR3 6003090121938283008 232.5467226 -40.4275999 13.624  2.391       1.024  11.6594  27.9352    -1.64      nan      nan    7.538  nan      nan    nan   1.106     nan                                None     -20.079     -26.640     -18.650       0.019     -27.420       0.017
Gaia DR3 6009518657190466560 236.1962254 -38.1947412 11.417  1.653       1.256  12.2217  27.9549    -2.91      nan      nan    7.694  nan      nan    nan   3.480     nan                                None     -19.202     -27.850     -19.551       0.080     -29.856       0.056
Gaia DR3 6224433872875825536 225.3748219 -28.1830596 17.580  3.549       1.800   2.8591  27.9631    -3.69      nan      nan    6.701  nan      nan    nan   0.942     nan                                None     -19.849     -21.537     -18.691       0.123     -23.801       0.096
Gaia DR3 6014170553438865280 234.4617932 -34.5592632 14.601  2.822       1.596   9.3139  27.9688    -3.69      nan      nan    7.129  nan      nan    nan   2.014     nan                                None     -18.371     -25.165     -17.229       0.070     -23.056       0.063
Gaia DR3 6104183752175482496 216.8567148 -40.6176732 17.260  3.900       1.142  11.4418  27.9721     1.35      nan      nan    7.482  nan      nan    nan   1.054     nan                                None     -24.359     -22.479     -23.003       0.135     -21.294       0.134
Gaia DR3 6100428065273180672 221.2058960 -43.8357541 13.903  2.802       1.675  13.1820  27.9728     1.32      nan      nan    8.609  nan      nan    nan   1.860     nan                                None     -26.811     -27.128     -26.288       0.039     -24.134       0.036
Gaia DR3 5908371490171955840 225.3930417 -43.7306739 14.340  2.867       1.200  12.8805  27.9851     0.53      nan      nan    7.966  nan      nan    nan   5.715     nan                                None     -23.590     -26.330     -25.451       0.153     -25.558       0.172
Gaia DR3 6235537497203035136 238.0700706 -26.3193448 15.470  3.439       1.292  12.9228  27.9980    -6.72      nan      nan    8.865  nan      nan    nan   1.908     nan                                None     -21.325     -30.600     -21.548       0.097     -33.004       0.059
Gaia DR3 6100289900465638400 222.4699239 -43.7958541 18.256  3.707       1.383  12.9952  28.0161     1.07      nan      nan    8.029  nan      nan    nan   1.014     nan                                None     -24.649     -25.683     -22.318       0.241     -25.461       0.276
Gaia DR3 6009224675268233984 234.3123290 -39.0553673 12.991  2.003       1.522  11.5773  28.0289    -2.34      nan      nan    7.507  nan      nan    nan   0.911     nan                                None     -19.396     -26.843     -19.326       0.016     -29.251       0.011
Gaia DR3 6039851296778486528 238.6494596 -30.5352625 16.235  3.190       1.512  12.3476  28.0364    -5.59      nan      nan    7.723  nan      nan    nan   1.021     nan                                None     -18.358     -27.484     -20.054       0.069     -25.701       0.045
Gaia DR3 6199487740736740864 227.0442934 -37.8339768 15.403  3.008       2.380   7.3168  28.0398    -1.40      nan      nan    6.924  nan      nan    nan   0.798     nan                                None     -20.056     -23.203     -16.602       0.084     -22.829       0.063
Gaia DR3 6202645602556653056 221.0551281 -36.3393085 18.523  3.578       2.537   6.0845  28.0715    -0.61      nan      nan    6.835  nan      nan    nan   1.096     nan                                None     -21.322     -21.569     -17.844       0.326     -20.440       0.305
Gaia DR3 6002570877573580928 231.6094309 -41.4374374 14.682  2.795       1.313  12.0899  28.0788    -1.19      nan      nan    7.635  nan      nan    nan   1.146     nan                                None     -20.654     -26.804     -19.364       0.034     -25.130       0.031
Gaia DR3 6198018827562222464 226.1782794 -38.0136317 14.307    nan       0.687   7.3021  28.0831    -1.18      nan      nan    6.920  nan      nan    nan   1.359     nan                                None     -20.282     -23.009     -20.377       0.069     -22.012       0.058
Gaia DR3 6009525322979832320 236.1913372 -38.0000414 16.097  2.955       1.015  12.1129  28.0836    -2.96      nan      nan    7.641  nan      nan    nan   1.511     nan                                None     -19.071     -27.641     -19.668       0.086     -29.163       0.059
Gaia DR3 6099800514710053248 219.5357097 -43.3669737 12.208  1.883       0.919  13.0422  28.0863     1.51      nan      nan    8.039  nan      nan    nan   1.282     nan                                None     -25.490     -24.845     -24.026       0.017     -24.312       0.017
Gaia DR3 6009194885376729600 235.5196351 -38.2736383 13.706  2.423       0.407  11.8268  28.0878    -2.77      nan      nan    7.561  nan      nan    nan   1.358     nan                                None     -19.112     -27.237     -19.631       0.031     -27.626       0.022
Gaia DR3 6198568789538693888 223.8198638 -37.6997073 15.931  3.090       1.208   6.8304  28.0922    -0.81      nan      nan    6.884  nan      nan    nan   1.040     nan                                None     -20.794     -22.362     -20.508       0.050     -20.633       0.047
Gaia DR3 6205972041845892864 230.9521363 -35.3202433 13.917  2.480       1.970   7.1326  28.0998    -2.84      nan      nan    6.906  nan      nan    nan   3.014     nan                                None     -18.880     -23.798     -21.017       0.060     -21.884       0.048
Gaia DR3 6101629998979792768 219.7507928 -41.7607292 12.050  1.566       1.461  11.4726  28.1018     1.06      nan      nan    7.474  nan      nan    nan   7.806     nan                                None     -23.647     -23.217     -24.701       0.125     -25.262       0.129
Gaia DR3 6003973132857324032 229.1542036 -42.3775348 15.139  3.097       0.966  12.1379  28.1205    -0.50      nan      nan    7.643  nan      nan    nan   1.004     nan                                None     -21.480     -26.252     -21.477       0.039     -27.808       0.043
Gaia DR3 6003973132857328256 229.1546553 -42.3702784  6.751 -0.040       0.869  12.1312  28.1280    -0.51      nan      nan    7.640  nan      nan    nan   0.978     nan                                None     -21.471     -26.242     -22.415       0.046     -27.275       0.054
Gaia DR3 6199574705240285440 226.5580871 -37.2900468  8.280  0.271       1.787   6.6803  28.1371    -1.46      nan      nan    6.871  nan      nan    nan   1.035     nan                                None     -20.034     -22.901     -17.986       0.035     -21.318       0.026
Gaia DR3 6208844241098622464 235.2355281 -30.4069334 13.358  2.437       1.031   9.4304  28.1521    -5.03      nan      nan    7.130  nan      nan    nan   2.321     nan                                None     -18.118     -24.827     -18.353       0.042     -23.295       0.032
Gaia DR3 6013542624919563904 231.9262497 -36.2370650  9.376  0.615       0.404   8.3168  28.1710    -2.75      nan      nan    7.005  nan      nan    nan   0.901     nan                                None     -18.853     -24.394     -18.687       0.019     -23.822       0.014
Gaia DR3 6209816415533035904 232.2694997 -29.3252260 13.935  2.254       1.381   7.0796  28.2002    -4.79      nan      nan   10.277  nan      nan    nan   1.164     nan                                None     -27.502     -34.890     -29.765       0.024     -36.848       0.023
Gaia DR3 6118348386817775232 217.4739876 -36.9506868 13.762  2.233       1.998   8.2890  28.2043     0.30      nan      nan    7.000  nan      nan    nan   4.398     nan                                None     -22.659     -21.263     -19.812       0.095     -20.493       0.125
Gaia DR3 6103853731186704768 214.8669461 -41.5231513 13.782  2.498       0.481  13.0591  28.2055     1.98      nan      nan    8.012  nan      nan    nan   1.303     nan                                None     -26.555     -23.428     -25.768       0.021     -23.225       0.021
Gaia DR3 6013454393412480384 231.8254338 -36.7676639  5.425 -0.205       0.903   8.5917  28.2219    -2.58      nan      nan    7.030  nan      nan    nan   1.156     nan                                None     -18.951     -24.497     -19.793       0.141     -23.456       0.115
Gaia DR3 6009518657176115840 236.1970054 -38.1954217 13.627  2.321       1.037  12.2225  28.2562    -2.91      nan      nan    7.649  nan      nan    nan   1.515     nan                                None     -19.090     -27.687     -17.790       0.037     -26.635       0.023
Gaia DR3 6007431028199930112 231.9088956 -37.0740488 15.111  2.837       0.524   8.8452  28.2586    -2.51      nan      nan    7.054  nan      nan    nan   1.043     nan                                None     -18.991     -24.619     -18.226       0.047     -24.468       0.037
Gaia DR3 6103154854108636544 218.3335855 -42.0389441 15.110  3.050       0.495  12.1336  28.2786     1.41      nan      nan    9.304  nan      nan    nan   1.101     nan                                None     -29.864     -28.399     -29.428       0.037     -27.530       0.040
Gaia DR3 6209816411235331456 232.2710385 -29.3191412 12.322  1.649       1.792   7.0825  28.2886    -4.79      nan      nan   10.288  nan      nan    nan   1.059     nan                                None     -27.530     -34.926     -30.294       0.018     -37.660       0.016
Gaia DR3 6013759267371006976 231.9609477 -35.7342204 14.982  2.777       0.808   8.0408  28.2886    -2.90      nan      nan    6.972  nan      nan    nan   1.184     nan                                None     -18.752     -24.248     -18.892       0.037     -23.069       0.030
Gaia DR3 6282849070223449984 216.3731949 -20.7562240 15.865  2.668       2.916  12.3677  28.3003    -3.45      nan      nan    7.688  nan      nan    nan   1.048     nan                                None     -25.141     -22.391     -29.276       0.049     -24.679       0.042
Gaia DR3 6007250261617947776 230.8765533 -38.3581139 13.195  2.444       1.047   9.2328  28.3074    -1.95      nan      nan    7.095  nan      nan    nan   1.702     nan                                None     -19.421     -24.625     -19.614       0.106     -23.071       0.092
Gaia DR3 6009014320644350080 234.7262215 -39.3527190 17.807  3.868       2.273  12.0146  28.3286    -2.32      nan      nan    7.580  nan      nan    nan   1.036     nan                                None     -19.440     -27.213     -23.068       0.159     -27.037       0.127
Gaia DR3 6009579577008963456 235.7481372 -38.0131045 15.239  2.915       0.985  11.8273  28.3391    -2.89      nan      nan    7.530  nan      nan    nan   1.098     nan                                None     -18.953     -27.152     -17.469       0.041     -27.646       0.036
Gaia DR3 6106063302881081216 217.2888981 -38.9962454 17.333  3.919       1.160   9.9300  28.3475     0.85      nan      nan    7.182  nan      nan    nan   1.008     nan                                None     -23.287     -21.737     -21.561       0.124     -21.418       0.150
Gaia DR3 6011546843820042112 236.7850049 -35.6722486 11.933  1.513       1.086  11.4857  28.3491    -3.76      nan      nan    7.450  nan      nan    nan   1.071     nan                                None     -18.384     -26.851     -16.780       0.020     -27.432       0.016
Gaia DR3 6106572651642878592 220.0374503 -36.8542708 14.719  2.887       1.564   6.9351  28.3501    -0.27      nan      nan    6.877  nan      nan    nan   1.098     nan                                None     -21.691     -21.480     -19.540       0.036     -20.763       0.037
Gaia DR3 6003237246031680256 233.2588016 -39.5672211 15.796  2.974       0.771  11.3546  28.3502    -2.01      nan      nan    7.422  nan      nan    nan   1.091     nan                                None     -19.534     -26.346     -18.365       0.051     -26.646       0.044
Gaia DR3 6002419316775119232 232.7628462 -41.7356698 16.264  1.958       0.583  12.8115  28.3552    -1.30      nan      nan    7.844  nan      nan    nan   1.151     nan                                None     -20.820     -27.831     -21.162       0.099     -26.930       0.070
Gaia DR3 6013769953244481920 231.6031026 -35.6174032 18.374  4.233       1.818   7.7360  28.3661    -2.87      nan      nan    6.940  nan      nan    nan   1.082     nan                                None     -18.776     -24.060     -18.010       0.255     -26.607       0.205
Gaia DR3 6004786977613683072 225.5101513 -41.8315568 16.342  3.367       1.883  10.9956  28.3693    -0.01      nan      nan    7.350  nan      nan    nan   1.064     nan                                None     -21.734     -24.338     -19.017       0.069     -23.273       0.060
Gaia DR3 6117335633532511488 211.8742810 -38.9074757 14.790  3.145       0.619  12.9419  28.3918     1.99      nan      nan    8.981  nan      nan    nan   1.213     nan                                None     -30.488     -25.416     -31.339       0.038     -26.222       0.042
Gaia DR3 6014195670407703552 234.2693297 -34.1545492 13.799  2.791       1.216   9.0291  28.3948    -3.77      nan      nan    7.066  nan      nan    nan   2.888     nan                                None     -18.270     -24.868     -19.965       0.075     -25.505       0.063
Gaia DR3 6117295673157701760 211.6460947 -39.4447203 16.062  3.277       0.549  13.3962  28.4135     2.16      nan      nan    8.615  nan      nan    nan   1.018     nan                                None     -29.295     -24.271     -28.301       0.070     -24.188       0.063
Gaia DR3 6117243102755522048 212.5293955 -38.8341340 16.946  3.497       0.640  12.4831  28.4140     1.83      nan      nan    7.708  nan      nan    nan   1.013     nan                                None     -26.036     -22.004     -25.017       0.101     -21.802       0.116
Gaia DR3 6234854940998102912 237.3146047 -26.0140300 14.563  0.826       2.081  12.4367  28.4147    -6.67      nan      nan    7.693  nan      nan    nan  20.965     nan                                None     -18.786     -26.385     -20.468       0.811     -29.311       0.449
Gaia DR3 6206733728527881984 233.0269381 -32.5069970 16.406  3.164       1.073   7.6126  28.4166    -4.03      nan      nan    6.926  nan      nan    nan   1.063     nan                                None     -18.302     -23.998     -18.788       0.087     -22.508       0.082
Gaia DR3 6209705467937416064 231.1823872 -29.9473795 16.372  3.281       0.877   6.0209  28.4167    -4.40      nan      nan    6.813  nan      nan    nan   0.990     nan                                None     -18.558     -23.029     -19.126       0.093     -21.904       0.093
Gaia DR3 6009405682367793920 235.1714279 -37.9386030 11.944  1.564       1.068  11.4099  28.4229    -2.82      nan      nan    7.426  nan      nan    nan   1.115     nan                                None     -18.892     -26.654     -20.540       0.020     -26.937       0.014
Gaia DR3 6233904481916977152 236.5500644 -27.3750334 15.506  2.957       1.050  11.2660  28.4559    -6.14      nan      nan    7.393  nan      nan    nan   1.004     nan                                None     -18.328     -25.488     -17.751       0.051     -23.956       0.041
Gaia DR3 6207971744261194368 230.1470848 -31.5366163 15.135    nan       1.725   5.0569  28.4590    -3.75      nan      nan    6.759  nan      nan    nan   0.773     nan                                None     -18.711     -22.836     -21.033       0.139     -22.028       0.158
Gaia DR3 5907593065992840832 226.4074595 -43.6129878 13.027  2.021       2.148  12.8434  28.4612     0.32      nan      nan    7.836  nan      nan    nan   1.143     nan                                None     -22.897     -26.185     -24.750       0.018     -29.212       0.015
Gaia DR3 6206787535877627008 232.5560984 -32.5607953 14.260  2.734       0.514   7.2323  28.4628    -3.92      nan      nan    6.893  nan      nan    nan   2.164     nan                                None     -18.359     -23.808     -18.397       0.059     -23.062       0.045
Gaia DR3 6015821195266313088 234.7491380 -32.9660134 20.019  3.976       1.548   9.1198  28.4634    -4.20      nan      nan    7.071  nan      nan    nan   0.989     nan                                None     -18.128     -24.848     -15.921       0.782     -24.177       0.603
Gaia DR3 6201189849161632000 227.1225611 -34.5938943 15.123  3.041       1.941   4.4147  28.4714    -2.31      nan      nan    6.729  nan      nan    nan   2.605     nan                                None     -19.472     -22.418     -17.056       0.085     -21.097       0.081
Gaia DR3 6202128836391628288 223.6103934 -36.2348891 14.738  2.791       0.827   5.3841  28.4720    -1.16      nan      nan    6.774  nan      nan    nan   1.030     nan                                None     -20.516     -21.926     -20.167       0.038     -20.798       0.032
Gaia DR3 6012565610063840128 234.2573296 -36.8142578 13.619  2.695       1.294  10.1798  28.4804    -2.99      nan      nan    7.207  nan      nan    nan   1.591     nan                                None     -18.640     -25.602     -17.020       0.027     -24.487       0.021
Gaia DR3 6234768006561947520 235.9042340 -26.5340522 11.292  1.264       1.076  11.0720  28.4891    -6.26      nan      nan    7.353  nan      nan    nan   0.993     nan                                None     -18.453     -25.113     -17.442       0.030     -23.787       0.022
Gaia DR3 6099886349638035456 218.7721357 -43.5546486  7.798  0.344       1.737  13.4049  28.4906     1.70      nan      nan    8.195  nan      nan    nan   1.129     nan                                None     -26.190     -25.080     -25.260       0.031     -22.226       0.030
Gaia DR3 6003090121938283264 232.5464452 -40.4267542 14.425  2.727       0.936  11.6586  28.4984    -1.64      nan      nan    7.472  nan      nan    nan   1.219     nan                                None     -19.904     -26.408     -18.757       0.029     -27.335       0.026
Gaia DR3 6009330949941406976 234.3965460 -38.2003606 15.214  2.953       1.982  11.0766  28.5050    -2.61      nan      nan    7.352  nan      nan    nan   1.097     nan                                None     -18.969     -26.252     -21.995       0.045     -25.726       0.030
Gaia DR3 6006736514807522816 229.3573696 -39.3807922 16.179  3.384       0.606   9.4550  28.5108    -1.39      nan      nan    7.108  nan      nan    nan   1.021     nan                                None     -19.915     -24.385     -19.428       0.073     -23.618       0.054
Gaia DR3 6007137321154771328 229.6448190 -38.0840603 15.356  2.934       0.601   8.4474  28.5266    -1.81      nan      nan    6.996  nan      nan    nan   1.033     nan                                None     -19.516     -24.009     -18.650       0.042     -23.820       0.041
Gaia DR3 6235031584413577984 235.3897310 -26.0658904 10.105  0.780       1.837  10.8770  28.5454    -6.30      nan      nan    7.313  nan      nan    nan   0.926     nan                                None     -18.529     -24.823     -18.222       0.026     -22.008       0.026
Gaia DR3 6305617099881282688 226.4188129 -17.8865940 19.829  3.131       2.465  13.1371  28.5465    -6.59      nan      nan    8.914  nan      nan    nan   1.084     nan                                None     -26.040     -27.093     -22.281       0.559     -29.800       0.460
Gaia DR3 6012662465866895744 232.3680079 -37.3593521 18.140  3.575       0.747   9.3078  28.5508    -2.51      nan      nan    7.087  nan      nan    nan   1.005     nan                                None     -18.935     -24.845     -17.946       0.204     -24.327       0.161
Gaia DR3 6008778479707867904 236.9630543 -38.2601479  8.022  0.298       1.932  12.7656  28.5521    -3.01      nan      nan    7.787  nan      nan    nan   0.882     nan                                None     -19.149     -28.351     -20.228       0.030     -31.333       0.020
Gaia DR3 6203785181937595904 224.5363844 -35.1049961 16.494  3.244       1.616   4.2303  28.5530    -1.65      nan      nan    6.718  nan      nan    nan   1.071     nan                                None     -20.114     -21.895     -18.152       0.072     -23.072       0.073
Gaia DR3 6205598792009527680 225.8656709 -31.2908396 16.551    nan       2.455   1.4156  28.5622    -2.96      nan      nan    6.647  nan      nan    nan   0.773     nan                                None     -19.562     -21.697     -16.647       0.104     -23.524       0.086
Gaia DR3 6121529510174984448 209.8727308 -36.8018163 16.133  3.168       1.221  13.3344  28.5627     1.95      nan      nan    8.091  nan      nan    nan   1.077     nan                                None     -27.860     -22.427     -26.102       0.062     -23.547       0.070
Gaia DR3 6207023136306049536 231.7544318 -32.1728934 13.012  1.922       1.426   6.4963  28.5643    -3.88      nan      nan    6.835  nan      nan    nan   0.966     nan                                None     -18.447     -23.431     -19.654       0.017     -21.769       0.013
Gaia DR3 6013774557454784768 231.6775991 -35.6428862 14.060  2.691       2.512   7.8001  28.5698    -2.88      nan      nan    6.933  nan      nan    nan  27.974     nan                                None     -18.736     -24.054     -22.166       0.572     -25.365       0.469
Gaia DR3 6215319505597073792 218.3572435 -34.5439445  9.927  1.091       2.110   6.1859  28.5716    -0.50      nan      nan   10.415  nan      nan    nan   1.730     nan                                None     -33.423     -31.929     -29.041       0.033     -30.427       0.029
Gaia DR3 6016080680015016064 234.3128751 -32.5147114 13.504  2.292       0.706   8.6846  28.5738    -4.26      nan      nan    7.017  nan      nan    nan   1.213     nan                                None     -18.129     -24.533     -19.103       0.022     -24.155       0.019
Gaia DR3 6106392331735570816 219.0703106 -38.0749682 15.638  3.122       1.476   8.3771  28.5801     0.25      nan      nan    6.985  nan      nan    nan   1.070     nan                                None     -22.256     -21.591     -20.083       0.052     -21.621       0.051
Gaia DR3 6201028946806050560 227.9408277 -34.3701054 10.377  0.936       0.733   4.6540  28.5847    -2.53      nan      nan    6.734  nan      nan    nan  11.883     nan                                None     -19.263     -22.576     -19.021       0.532     -21.564       0.407
Gaia DR3 6008308919514287616 235.9577778 -39.4614793  7.588  0.176       1.797  12.8131  28.6075    -2.49      nan      nan    7.795  nan      nan    nan   1.027     nan                                None     -19.543     -28.264     -20.542       0.032     -31.042       0.024
Gaia DR3 6234916994685514880 236.6105270 -25.6250930 17.423  3.857       0.967  12.0523  28.6123    -6.65      nan      nan    9.398  nan      nan    nan   1.015     nan                                None     -23.270     -32.022     -23.221       0.135     -33.938       0.108
Gaia DR3 6015859295921593856 235.9315631 -33.0988626 17.668  3.620       2.433  10.1191  28.6128    -4.37      nan      nan    7.188  nan      nan    nan   1.113     nan                                None     -18.029     -25.478     -19.111       0.173     -29.002       0.108
Gaia DR3 6008885338494095616 237.2575778 -37.8199671 15.818  3.373       0.671  12.7436  28.6613    -3.19      nan      nan    7.759  nan      nan    nan   1.111     nan                                None     -18.969     -28.270     -19.456       0.053     -29.254       0.045
Gaia DR3 6010975269577591296 239.4471864 -35.8210420 13.765  2.373       0.432  13.5770  28.6616    -4.14      nan      nan    8.407  nan      nan    nan   1.047     nan                                None     -19.651     -30.866     -19.802       0.023     -31.615       0.020
Gaia DR3 6005951188631028224 230.0470617 -39.8369191 12.971  1.899       1.173  10.1093  28.6641    -1.38      nan      nan    7.182  nan      nan    nan   1.035     nan                                None     -19.915     -24.812     -18.401       0.019     -25.741       0.016
Gaia DR3 6226741262442215296 227.2008109 -25.3213832 16.331  2.496       1.713   6.1245  28.6642    -4.84      nan      nan    6.806  nan      nan    nan   1.016     nan                                None     -19.672     -21.854     -17.251       0.136     -21.428       0.102
Gaia DR3 6238097675665589248 235.3165311 -25.2763564 17.006  3.261       1.854  11.2228  28.6690    -6.50      nan      nan    7.364  nan      nan    nan   0.928     nan                                None     -18.684     -24.850     -20.846       0.093     -26.751       0.077
Gaia DR3 6014979587841160192 236.2407892 -34.1975116 11.298  1.336       1.034  10.6039  28.6700    -4.10      nan      nan    7.256  nan      nan    nan   1.968     nan                                None     -18.094     -25.899     -16.653       0.031     -25.246       0.022
Gaia DR3 6013036853874050048 235.5336956 -35.9646098 12.966  1.995       0.691  10.6675  28.6771    -3.46      nan      nan    7.266  nan      nan    nan   0.920     nan                                None     -18.361     -25.983     -19.316       0.025     -26.438       0.016
Gaia DR3 6238870765481463040 233.0075144 -24.2347034 17.621  3.285       1.542  10.1896  28.6796    -6.34      nan      nan    9.872  nan      nan    nan   1.247     nan                                None     -26.095     -32.640     -25.011       0.196     -35.660       0.168
Gaia DR3 6203405025792921472 222.9819356 -33.9520269 18.012  3.938       2.157   3.2626  28.6883    -1.64      nan      nan    6.679  nan      nan    nan   0.848     nan                                None     -20.381     -21.410     -17.364       0.156     -21.055       0.137
Gaia DR3 6013535825993229696 231.7251411 -36.1014772 16.214  3.142       1.206   8.1054  28.6986    -2.75      nan      nan    6.953  nan      nan    nan   1.037     nan                                None     -18.773     -24.163     -20.267       0.057     -23.219       0.048
Gaia DR3 6198019476108311680 226.2305011 -37.9630185 15.087  2.747       1.986   7.2622  28.7005    -1.21      nan      nan    6.882  nan      nan    nan   1.046     nan                                None     -20.156     -22.892     -17.372       0.042     -22.153       0.042
Gaia DR3 6208713089974550656 233.1117441 -30.7355323 13.168  2.018       0.377   7.5816  28.7050    -4.55      nan      nan    6.907  nan      nan    nan   1.222     nan                                None     -18.224     -23.752     -18.241       0.024     -23.203       0.019
Gaia DR3 6202888422827248256 219.9394361 -36.0124284 10.523  1.154       0.768   6.2817  28.7063    -0.46      nan      nan    6.814  nan      nan    nan   3.198     nan                                None     -21.514     -21.252     -22.572       0.053     -21.562       0.048
Gaia DR3 6010386648597611392 238.8916456 -37.0762375 18.670  4.104       2.908  13.5847  28.7136    -3.67      nan      nan    8.324  nan      nan    nan   1.112     nan                                None     -19.686     -30.598     -18.154       0.270     -25.730       0.199
Gaia DR3 6008096782495195136 235.6502725 -40.6670679 16.239  3.370       1.025  13.4241  28.7236    -2.08      nan      nan    8.103  nan      nan    nan   1.026     nan                                None     -20.432     -29.392     -21.999       0.061     -30.173       0.044
Gaia DR3 6226772465378291072 227.6754468 -25.0530610 17.048  3.516       2.152   6.5507  28.7253    -5.02      nan      nan    6.830  nan      nan    nan   1.002     nan                                None     -19.611     -21.967     -16.838       0.130     -23.349       0.101
Gaia DR3 6237871588586468608 232.3749603 -25.6990711 15.617  2.961       2.183   8.8046  28.7315    -5.81      nan      nan    7.019  nan      nan    nan   1.067     nan                                None     -18.751     -23.349     -15.701       0.058     -24.411       0.042
Gaia DR3 6100390613160507904 222.6877720 -43.0861793 13.943  2.586       0.799  12.2719  28.7322     0.85      nan      nan    7.597  nan      nan    nan   1.451     nan                                None     -23.262     -24.380     -22.102       0.027     -23.841       0.023
Gaia DR3 6228009965722154880 227.2665448 -23.9483751 13.750  2.641       1.238   7.4191  28.7352    -5.22      nan      nan   10.305  nan      nan    nan   1.085     nan                                None     -29.758     -32.841     -27.541       0.020     -31.317       0.019
Gaia DR3 6007635189466956032 230.1056504 -36.9256928 18.681  3.862       0.479   7.7357  28.7365    -2.22      nan      nan    6.918  nan      nan    nan   0.987     nan                                None     -19.165     -23.777     -18.845       0.337     -24.397       0.317
Gaia DR3 6041340447837776000 238.6868282 -28.7189485 17.823  3.766       0.656  12.6744  28.7404    -6.13      nan      nan    7.720  nan      nan    nan   1.054     nan                                None     -18.337     -27.178     -18.699       0.194     -28.183       0.119
Gaia DR3 5907451473820544896 225.8004494 -44.3572944 16.019  3.221       0.655  13.5300  28.7624     0.63      nan      nan    8.191  nan      nan    nan   1.115     nan                                None     -24.128     -27.183     -23.460       0.068     -26.270       0.079
Gaia DR3 6235534198668146944 238.1008492 -26.3632833 14.348  2.777       0.956  12.9304  28.7695    -6.71      nan      nan    9.093  nan      nan    nan   1.359     nan                                None     -21.860     -31.401     -21.998       0.031     -33.229       0.019
Gaia DR3 6016276324367215744 236.2779640 -32.2454143 13.992  2.550       0.633  10.3050  28.7714    -4.68      nan      nan    7.202  nan      nan    nan   1.334     nan                                None     -17.947     -25.485     -18.887       0.034     -25.285       0.022
Gaia DR3 6041525509387450624 238.8315541 -27.8559237 18.073  4.135       1.038  13.0230  28.7766    -6.41      nan      nan    9.049  nan      nan    nan   1.174     nan                                None     -21.428     -31.700     -22.186       0.249     -33.529       0.135
Gaia DR3 6099780482985307392 219.5454258 -43.5811661 16.926  3.974       1.156  13.2435  28.7863     1.56      nan      nan    7.959  nan      nan    nan   1.084     nan                                None     -25.233     -24.589     -23.481       0.157     -23.755       0.136
Gaia DR3 6201632677470636416 223.2303539 -37.5230812 17.692  3.803       1.832   6.6998  28.8009    -0.74      nan      nan    6.836  nan      nan    nan   0.857     nan                                None     -20.798     -22.073     -18.211       0.197     -21.549       0.180
Gaia DR3 6014575723474337792 236.0900762 -35.4253398 14.303  2.730       0.814  10.8692  28.8023    -3.71      nan      nan    7.288  nan      nan    nan   1.143     nan                                None     -18.227     -26.116     -19.476       0.028     -26.148       0.018
Gaia DR3 6239935303193149696 237.0381739 -23.3725300 16.100  1.830       2.964  13.5932  28.8034    -7.36      nan      nan    8.609  nan      nan    nan   1.079     nan                                None     -21.139     -28.899     -26.493       0.173     -29.420       0.118
Gaia DR3 6005610065148481664 230.8564440 -40.9297688 11.698  1.329       1.071  11.3640  28.8237    -1.21      nan      nan    7.376  nan      nan    nan   1.179     nan                                None     -20.196     -25.706     -21.446       0.020     -24.604       0.017
Gaia DR3 6210104659378710144 234.4433397 -28.5413309 14.953  3.044       1.700   9.1247  28.8238    -5.42      nan      nan    7.047  nan      nan    nan   6.997     nan                                None     -18.167     -24.163     -17.251       0.316     -26.516       0.299
Gaia DR3 6203717046576288384 224.9941728 -35.3690241 16.319  3.239       0.771   4.5282  28.8391    -1.67      nan      nan    6.717  nan      nan    nan   0.996     nan                                None     -19.993     -21.993     -20.425       0.069     -20.990       0.072
Gaia DR3 5908406983782054656 225.7545721 -43.2944675 14.002  2.633       0.125  12.4692  28.8638     0.35      nan      nan    7.636  nan      nan    nan   1.260     nan                                None     -22.505     -25.341     -22.700       0.024     -25.392       0.020
Gaia DR3 6170642224982594304 210.2450838 -33.2592194 15.460  3.246       0.993  12.1220  28.8672     1.04      nan      nan    7.540  nan      nan    nan   4.841     nan                                None     -25.894     -21.142     -25.807       0.177     -22.718       0.201
Gaia DR3 6235537497203036032 238.0637535 -26.3180800  9.356  0.764       1.027  12.9182  28.8805    -6.72      nan      nan    9.128  nan      nan    nan   0.916     nan                                None     -21.959     -31.504     -22.510       0.020     -33.402       0.011
Gaia DR3 6010975269577591552 239.4465803 -35.8207776 17.240  2.934       1.600  13.5765  28.8877    -4.14      nan      nan    8.176  nan      nan    nan   1.020     nan                                None     -19.112     -30.020     -19.970       0.190     -32.641       0.152
Gaia DR3 6009579611368699904 235.7367295 -38.0189873 15.304  3.013       0.945  11.8231  28.8973    -2.88      nan      nan    7.465  nan      nan    nan   1.086     nan                                None     -18.792     -26.913     -17.642       0.046     -27.855       0.042
Gaia DR3 6235537497204472320 238.0633744 -26.3186153 13.951    nan       0.187  12.9177  28.9111    -6.72      nan      nan    9.136  nan      nan    nan   1.718     nan                                None     -21.979     -31.532     -22.023       0.095     -31.889       0.059
Gaia DR3 6197039918622228864 224.8743545 -40.8751591 14.213  2.672       2.115  10.0065  28.9389    -0.16      nan      nan    7.147  nan      nan    nan   1.277     nan                                None     -21.307     -23.509     -18.312       0.030     -22.422       0.026
Gaia DR3 6006877114856716160 230.1527050 -38.5588878 15.439  2.956       0.637   9.0633  28.9430    -1.77      nan      nan    7.033  nan      nan    nan   0.937     nan                                None     -19.468     -24.265     -20.101       0.041     -23.564       0.032
Gaia DR3 6239935298894862464 237.0386726 -23.3735931  9.458  0.966       2.888  13.5930  28.9868    -7.36      nan      nan    8.730  nan      nan    nan   0.972     nan                                None     -21.435     -29.304     -26.580       0.020     -30.637       0.013
Gaia DR3 6011594294619304064 236.9410213 -35.2222278 16.116  3.200       2.653  11.4520  29.0370    -3.92      nan      nan    9.646  nan      nan    nan   1.085     nan                                None     -23.731     -34.741     -26.939       0.062     -30.403       0.049
Gaia DR3 6008096782495195648 235.6498718 -40.6660434 15.082  2.945       1.512  13.4231  29.0426    -2.08      nan      nan    7.994  nan      nan    nan   2.216     nan                                None     -20.157     -28.996     -21.338       0.069     -31.254       0.053
Gaia DR3 6104325456034571520 217.5598130 -39.7833128 14.947  2.842       0.324  10.4497  29.0507     0.99      nan      nan    7.201  nan      nan    nan   1.206     nan                                None     -23.289     -21.846     -23.295       0.040     -21.354       0.036
Gaia DR3 5908262054405356416 224.5027248 -44.0197956 14.766  2.776       0.989  13.1409  29.0552     0.77      nan      nan    7.844  nan      nan    nan   1.177     nan                                None     -23.496     -25.671     -24.766       0.033     -24.640       0.029
Gaia DR3 6010544226659577728 239.4347224 -36.1999759 14.850  2.916       0.819  13.6830  29.0676    -4.03      nan      nan    8.202  nan      nan    nan   1.091     nan                                None     -19.177     -30.158     -17.923       0.034     -30.814       0.023
Gaia DR3 6235533648912329472 238.2023073 -26.3627210 16.951  3.561       0.366  13.0139  29.0852    -6.73      nan      nan    7.785  nan      nan    nan   1.148     nan                                None     -18.677     -26.900     -18.741       0.108     -26.302       0.064
Gaia DR3 6283795406137844608 215.9293320 -19.8727483 13.915  1.867       2.562  13.3351  29.0891    -3.55      nan      nan    7.931  nan      nan    nan   1.142     nan                                None     -26.040     -22.938     -29.352       0.034     -25.654       0.028
Gaia DR3 6210470728030576256 227.8364383 -32.5700438 13.299  2.024       0.588   3.4619  29.0968    -3.01      nan      nan    6.666  nan      nan    nan   1.164     nan                                None     -19.096     -22.207     -19.145       0.020     -21.383       0.016
Gaia DR3 6016300651062324608 236.4068097 -32.1568743 17.042  3.074       2.578  10.4074  29.1038    -4.73      nan      nan    7.191  nan      nan    nan   1.450     nan                                None     -17.874     -25.455     -21.241       0.152     -27.438       0.105
Gaia DR3 6007725869113390208 231.0762636 -36.2274330 15.097  2.882       1.603   7.7828  29.1091    -2.60      nan      nan    6.900  nan      nan    nan   1.070     nan                                None     -18.828     -23.865     -16.616       0.051     -24.602       0.044
Gaia DR3 6121628779755498880 209.4743967 -36.2130124 16.063  2.894       1.534  13.4264  29.1175     1.90      nan      nan    8.920  nan      nan    nan   1.088     nan                                None     -30.796     -24.636     -28.857       0.059     -26.771       0.076
Gaia DR3 6011696343043299456 237.0371459 -34.8815896 12.887  2.358       1.133  11.4226  29.1391    -4.04      nan      nan    7.357  nan      nan    nan   2.001     nan                                None     -18.065     -26.477     -17.423       0.047     -28.113       0.031
Gaia DR3 6004756122567904640 226.1377434 -41.7442321 16.081  3.333       1.250  10.9656  29.1404    -0.15      nan      nan    7.275  nan      nan    nan   1.122     nan                                None     -21.333     -24.245     -19.449       0.065     -23.891       0.054
Gaia DR3 6014049985115937408 233.7466151 -34.9712624 14.930  2.618       0.334   8.9288  29.1407    -3.44      nan      nan    7.005  nan      nan    nan   1.188     nan                                None     -18.282     -24.638     -18.169       0.047     -24.158       0.034
Gaia DR3 6102557750575109376 217.4322449 -43.5274787 15.586  3.457       1.086  13.7621  29.1555     1.96      nan      nan    8.255  nan      nan    nan   1.212     nan                                None     -26.731     -24.837     -24.997       0.063     -24.085       0.061
Gaia DR3 6011432803852543744 238.3488343 -35.4623496 16.808  3.613       0.567  12.6183  29.1639    -4.08      nan      nan    7.637  nan      nan    nan   1.071     nan                                None     -18.267     -27.797     -17.501       0.119     -28.294       0.089
Gaia DR3 6008308094888211328 235.9884746 -39.4826178  8.673  0.722       2.067  12.8448  29.1768    -2.49      nan      nan    7.708  nan      nan    nan   6.695     nan                                None     -19.313     -27.955     -18.356       0.132     -31.174       0.083
Gaia DR3 6103220446850168448 218.7469135 -41.1169818 15.407  2.891       1.357  11.1677  29.1895     1.09      nan      nan    7.305  nan      nan    nan   1.085     nan                                None     -23.351     -22.440     -21.867       0.048     -23.911       0.045
Gaia DR3 6103373996223114240 218.1952100 -41.4625254 17.782  3.972       1.091  11.6602  29.1913     1.29      nan      nan    7.398  nan      nan    nan   1.033     nan                                None     -23.780     -22.565     -22.800       0.159     -21.173       0.195
Gaia DR3 6224289939932809088 224.3622265 -28.7112772 15.884  3.243       1.410   2.1698  29.1924    -3.33      nan      nan    6.630  nan      nan    nan   1.371     nan                                None     -19.894     -21.187     -19.820       0.069     -23.157       0.057
Gaia DR3 6198060913947451904 226.5713932 -37.4267218 18.065  4.114       0.707   6.8142  29.1938    -1.42      nan      nan   10.430  nan      nan    nan   0.942     nan                                None     -30.407     -34.776     -31.962       0.221     -34.823       0.210
Gaia DR3 6235192422347585664 235.9861816 -25.1377192 16.697  3.325       0.103  11.8098  29.1955    -6.67      nan      nan    7.429  nan      nan    nan   1.053     nan                                None     -18.615     -25.138     -18.454       0.092     -25.151       0.061
Gaia DR3 6008347849106146048 236.1281016 -39.1920635 15.893  3.642       2.017  12.7523  29.2031    -2.60      nan      nan    7.673  nan      nan    nan   1.223     nan                                None     -19.175     -27.838     -22.216       0.071     -26.654       0.050
Gaia DR3 6012740157529841408 233.6160277 -36.7981340 16.657  3.386       0.798   9.7437  29.2093    -2.89      nan      nan    7.094  nan      nan    nan   1.028     nan                                None     -18.554     -25.074     -18.650       0.086     -26.264       0.061
Gaia DR3 6007351485405428224 230.6109168 -37.6719277 17.774  3.838       2.115   8.5662  29.2168    -2.10      nan      nan    6.964  nan      nan    nan   1.052     nan                                None     -19.142     -24.079     -22.243       0.190     -23.935       0.185
Gaia DR3 6039782371141515392 239.0548514 -30.8502343 15.553  3.076       1.416  12.6698  29.2373    -5.57      nan      nan    7.642  nan      nan    nan   1.062     nan                                None     -18.012     -27.311     -20.141       0.049     -26.491       0.037
Gaia DR3 6009109054748943488 235.8360727 -38.8584109 13.631  2.568       0.760  12.3706  29.2440    -2.65      nan      nan    7.557  nan      nan    nan  18.349     nan                                None     -18.988     -27.330     -17.839       0.269     -27.710       0.213
Gaia DR3 6199215920854549888 228.0940675 -38.3686697 14.392  2.562       1.217   8.1164  29.2809    -1.45      nan      nan    6.919  nan      nan    nan   1.222     nan                                None     -19.748     -23.430     -18.055       0.037     -23.967       0.037
Gaia DR3 6003270922884717568 233.3944114 -39.1627817 16.045  3.430       1.140  11.1351  29.2870    -2.16      nan      nan    7.291  nan      nan    nan   1.133     nan                                None     -19.143     -25.885     -18.021       0.086     -24.541       0.069
Gaia DR3 6233423960974103424 236.1557339 -28.3593557 13.642  2.740       0.572  10.6179  29.2888    -5.79      nan      nan    7.207  nan      nan    nan   2.559     nan                                None     -18.001     -24.943     -17.866       0.055     -24.085       0.042
Gaia DR3 6123156718663843456 213.3496401 -33.5183692  7.761  0.441       1.952   9.6158  29.2920     0.38      nan      nan    7.072  nan      nan    nan   0.892     nan                                None     -23.735     -20.543     -23.265       0.025     -23.416       0.024
Gaia DR3 5908091011616184192 223.1041146 -44.4542170 14.874    nan       1.621  13.6059  29.3090     1.13      nan      nan    8.032  nan      nan    nan   0.956     nan                                None     -24.473     -25.858     -26.484       0.091     -23.990       0.132
Gaia DR3 6233122385551896192 236.2409985 -28.6683889 16.096  3.265       1.329  10.6059  29.3110    -5.71      nan      nan    7.203  nan      nan    nan   1.048     nan                                None     -17.963     -24.991     -18.635       0.070     -23.087       0.053
Gaia DR3 6233137297678880896 236.9806063 -28.9593809 17.976  3.926       1.404  11.1644  29.3544    -5.76      nan      nan    7.290  nan      nan    nan   1.114     nan                                None     -17.920     -25.447     -17.749       0.198     -23.296       0.123
Gaia DR3 6170162558738118528 208.4279141 -34.2778873 12.111  1.321       2.136  13.7700  29.3665     1.71      nan      nan    8.143  nan      nan    nan   1.180     nan                                None     -28.301     -22.295     -24.785       0.015     -21.257       0.017
Gaia DR3 6004293193806808704 229.4224622 -41.4998632 19.993  2.816       2.142  11.3951  29.3741    -0.80      nan      nan    7.329  nan      nan    nan   1.050     nan                                None     -20.515     -25.222     -17.950       0.607     -23.132       0.552
Gaia DR3 6123275225401464704 215.5022929 -33.2713394 15.485  2.838       1.856   7.8128  29.3744    -0.18      nan      nan    6.887  nan      nan    nan   1.056     nan                                None     -22.701     -20.481     -20.752       0.040     -18.619       0.033
Gaia DR3 6199762927888405632 227.9039419 -35.8450430 12.029  1.456       1.815   5.8120  29.3822    -2.12      nan      nan    6.752  nan      nan    nan   4.218     nan                                None     -19.323     -22.713     -17.930       0.101     -24.889       0.098
Gaia DR3 6207650579487047424 230.5376356 -32.7078700 18.501  3.680       1.368   5.6197  29.3888    -3.50      nan      nan    6.741  nan      nan    nan   1.121     nan                                None     -18.550     -22.949     -20.425       0.303     -23.462       0.265
Gaia DR3 6198463747522433664 222.4358372 -38.4172393 17.911  3.661       1.406   7.6885  29.3895    -0.35      nan      nan    6.877  nan      nan    nan   0.978     nan                                None     -21.119     -22.037     -19.121       0.163     -22.442       0.160
Gaia DR3 6220991263304754816 214.4939825 -29.7586473 15.119  2.820       2.403   8.5221  29.3975    -0.80      nan      nan    6.949  nan      nan    nan   1.160     nan                                None     -23.103     -20.407     -19.607       0.049     -19.991       0.046
Gaia DR3 6116445647587850624 213.8924312 -38.8479079 16.291  2.643       2.481  11.6547  29.4039     1.54      nan      nan    7.376  nan      nan    nan   1.083     nan                                None     -24.645     -21.424     -28.260       0.080     -20.080       0.088
Gaia DR3 6106522142828292864 220.4410845 -37.0536548 15.017  2.902       1.546   6.9460  29.4194    -0.30      nan      nan    6.820  nan      nan    nan   3.033     nan                                None     -21.417     -21.392     -19.481       0.357     -22.485       0.376
Gaia DR3 6009175025448132480 235.5738224 -38.5712262 14.882  2.787       0.788  12.0353  29.4306    -2.69      nan      nan    7.453  nan      nan    nan  19.727     nan                                None     -18.820     -26.881     -17.608       0.747     -27.131       0.512
Gaia DR3 6203189693313168640 222.7460300 -35.0887043 13.005  2.283       2.103   4.4017  29.4356    -1.29      nan      nan    6.683  nan      nan    nan   9.763     nan                                None     -20.450     -21.417     -17.967       0.184     -19.801       0.147
Gaia DR3 5908500918999656448 224.4348454 -43.3581391 15.904  3.095       0.130  12.4787  29.4404     0.60      nan      nan    7.560  nan      nan    nan   1.043     nan                                None     -22.664     -24.735     -22.817       0.051     -24.874       0.048
Gaia DR3 6177446655769726336 210.4444036 -27.3102337  9.184  0.691       2.479  12.5987  29.4464    -0.39      nan      nan    7.592  nan      nan    nan   1.007     nan                                None     -26.039     -21.390     -26.518       0.019     -17.452       0.017
Gaia DR3 6014979587841159936 236.2402733 -34.1983732  9.774  0.877       1.130  10.6037  29.4536    -4.10      nan      nan    7.192  nan      nan    nan   1.015     nan                                None     -17.933     -25.669     -19.630       0.018     -25.910       0.012
Gaia DR3 6238804833440227840 233.2612510 -24.4811468 14.100  2.702       1.315  10.1980  29.4628    -6.33      nan      nan    9.986  nan      nan    nan   1.374     nan                                None     -26.281     -33.122     -23.814       0.034     -31.867       0.032
Gaia DR3 6009778996626233088 235.5804985 -37.6844826 16.631  3.523       1.791  11.5365  29.4787    -2.96      nan      nan    7.345  nan      nan    nan   1.142     nan                                None     -18.546     -26.426     -21.157       0.104     -25.488       0.067
Gaia DR3 6197295933032784768 224.4410689 -40.0873412 13.383  2.182       2.026   9.2082  29.4815    -0.29      nan      nan    7.013  nan      nan    nan   1.124     nan                                None     -21.022     -22.959     -18.189       0.018     -21.986       0.016
Gaia DR3 6008272807436094464 236.6782793 -39.5078290 14.368  2.738       1.008  13.2821  29.4832    -2.59      nan      nan    7.818  nan      nan    nan   1.208     nan                                None     -19.333     -28.507     -19.338       0.027     -30.167       0.021
Gaia DR3 6238804867799966848 233.2610099 -24.4800753 13.357  2.438       2.342  10.1985  29.4845    -6.33      nan      nan    9.989  nan      nan    nan   1.346     nan                                None     -26.289     -33.131     -22.596       0.024     -29.862       0.023
Gaia DR3 6015397161746732928 238.4336308 -32.2096614 15.035  2.970       1.444  12.1230  29.4879    -5.06      nan      nan    7.467  nan      nan    nan   1.147     nan                                None     -17.828     -26.782     -19.602       0.040     -25.362       0.028
Gaia DR3 6000974867725424768 231.0498043 -42.2963087 14.321  2.724       1.112  12.6322  29.4946    -0.85      nan      nan    7.595  nan      nan    nan   1.208     nan                                None     -20.732     -26.555     -20.786       0.028     -28.334       0.027
Gaia DR3 6102030706548971776 222.4908546 -40.4359707 14.969  2.722       1.111   9.6657  29.5075     0.18      nan      nan    7.063  nan      nan    nan   1.014     nan                                None     -21.678     -22.653     -20.085       0.037     -23.099       0.032
Gaia DR3 6011345804993389696 238.1709544 -35.9674132 12.759  1.474       2.487  12.6418  29.5223    -3.90      nan      nan    7.594  nan      nan    nan   0.908     nan                                None     -18.230     -27.663     -14.338       0.015     -28.503       0.012
Gaia DR3 6101496584414803584 221.1369054 -41.5140714 17.357  3.503       0.925  10.9308  29.5329     0.72      nan      nan    7.235  nan      nan    nan   1.107     nan                                None     -22.551     -22.846     -21.804       0.137     -21.648       0.150
Gaia DR3 5908135576206397952 223.8025472 -43.8909896 14.906  3.087       0.516  13.0165  29.5370     0.86      nan      nan    9.245  nan      nan    nan   1.011     nan                                None     -27.933     -30.022     -27.378       0.036     -29.184       0.050
Gaia DR3 6241235235171206784 233.6949949 -22.0501952 18.873  0.325       1.726  12.1929  29.5408    -7.07      nan      nan    7.477  nan      nan    nan   0.980     nan                                None     -19.530     -24.409     -21.618       0.292     -22.663       0.185
Gaia DR3 6012662470157411968 232.3656591 -37.3553830 15.148  2.737       0.378   9.3038  29.5423    -2.51      nan      nan    7.019  nan      nan    nan   1.133     nan                                None     -18.755     -24.607     -18.304       0.039     -24.275       0.032
Gaia DR3 6196958314242960896 224.9365713 -41.6188751 13.254    nan       0.797  10.7516  29.5502     0.04      nan      nan    7.206  nan      nan    nan   1.240     nan                                None     -21.466     -23.719     -22.030       0.074     -24.790       0.063
Gaia DR3 6117010075010195072 215.0539848 -37.4141180 13.598  2.201       1.159  10.0425  29.5535     0.94      nan      nan    7.107  nan      nan    nan   1.080     nan                                None     -23.515     -20.985     -22.189       0.019     -22.106       0.018
Gaia DR3 6234036526393328256 237.9765304 -26.3683429  9.313  0.856       0.875  12.8264  29.5564    -6.69      nan      nan    9.324  nan      nan    nan   0.971     nan                                None     -22.471     -32.177     -22.521       0.018     -33.897       0.010
Gaia DR3 6102000160741450880 223.4293307 -40.3180588 15.896  3.102       2.380   9.4634  29.5847    -0.03      nan      nan    7.034  nan      nan    nan   1.131     nan                                None     -21.350     -22.789     -20.183       0.061     -26.119       0.061
Gaia DR3 6197885202544669312 225.4968976 -38.5485699 13.883  2.681       0.854   7.7329  29.5949    -0.91      nan      nan    6.868  nan      nan    nan   1.551     nan                                None     -20.312     -22.702     -20.974       0.036     -21.657       0.032
Gaia DR3 6236606669182192640 238.4288339 -24.5281171 14.924  2.917       0.785  14.0255  29.6149    -7.29      nan      nan    8.354  nan      nan    nan   4.932     nan                                None     -19.949     -28.504     -20.699       0.202     -27.341       0.134
Gaia DR3 6008340461762370432 236.3890360 -39.1210837 15.578  3.024       1.005  12.8725  29.6153    -2.66      nan      nan    7.649  nan      nan    nan   1.156     nan                                None     -19.020     -27.800     -20.166       0.046     -28.946       0.034
Gaia DR3 6012982187531760640 234.7885295 -36.1158509 14.635  2.922       2.654  10.1961  29.6323    -3.29      nan      nan    7.121  nan      nan    nan   6.347     nan                                None     -18.242     -25.339     -15.865       0.184     -28.537       0.120
Gaia DR3 6197539028182477952 226.1962669 -39.8239161 13.021  1.998       1.483   9.0782  29.6355    -0.69      nan      nan   10.200  nan      nan    nan   4.611     nan                                None     -29.888     -33.984     -30.969       0.090     -36.984       0.081
Gaia DR3 6007504558039456768 231.1347236 -36.8675440 10.864  1.100       0.796   8.2537  29.6645    -2.43      nan      nan    6.908  nan      nan    nan   0.969     nan                                None     -18.832     -23.944     -17.714       0.017     -24.253       0.013
Gaia DR3 6234017250579930240 238.1300011 -26.5648555 11.669  1.548       0.663  12.8748  29.6650    -6.66      nan      nan    9.329  nan      nan    nan   1.211     nan                                None     -22.414     -32.268     -22.826       0.021     -33.506       0.013
Gaia DR3 6009044969531213568 235.1374528 -39.0924510 18.810  4.198       0.451  12.0873  29.6769    -2.47      nan      nan    7.438  nan      nan    nan   1.103     nan                                None     -18.933     -26.772     -19.629       0.328     -26.643       0.241
Gaia DR3 6040995750943341312 237.7724716 -28.9399219 14.442  3.075       0.955  11.8442  29.6885    -5.91      nan      nan    7.385  nan      nan    nan   4.369     nan                                None     -17.872     -25.897     -19.353       0.133     -25.764       0.088
Gaia DR3 6007434154935058688 231.5156214 -37.2429428 13.571  2.585       0.667   8.7337  29.6891    -2.39      nan      nan    6.951  nan      nan    nan   2.096     nan                                None     -18.833     -24.192     -19.759       0.054     -24.509       0.037
Gaia DR3 6203184642432221824 222.6074625 -35.1135847 10.355  1.208       2.295   4.4607  29.6894    -1.26      nan      nan    6.673  nan      nan    nan   3.119     nan                                None     -20.454     -21.358     -17.388       0.067     -20.346       0.070
Gaia DR3 6007352550557348352 230.5467874 -37.6357265  6.640 -0.083       0.674   8.5060  29.6910    -2.10      nan      nan    6.929  nan      nan    nan   0.970     nan                                None     -19.066     -23.944     -19.707       0.060     -23.198       0.062
Gaia DR3 6210068238056589056 234.1734879 -28.9215602 14.694  2.895       2.133   8.7907  29.6931    -5.26      nan      nan    6.956  nan      nan    nan   9.330     nan                                None     -18.018     -23.862     -20.334       0.306     -25.965       0.218
Gaia DR3 6197281742461305856 224.9683868 -40.1999599  9.678  0.754       0.993   9.3365  29.6963    -0.36      nan      nan    7.013  nan      nan    nan   1.003     nan                                None     -20.881     -23.084     -21.523       0.018     -21.764       0.017
Gaia DR3 6198932590448232192 224.4529869 -37.6688568 16.261  3.470       0.887   6.7903  29.6996    -0.94      nan      nan    6.794  nan      nan    nan   1.243     nan                                None     -20.363     -22.208     -19.484       0.082     -21.291       0.069
Gaia DR3 6099548490331348224 217.5561909 -43.8362000 10.118  1.300       0.181  14.0039  29.7181     2.01      nan      nan    8.219  nan      nan    nan   1.952     nan                                None     -26.581     -24.748     -26.895       0.033     -24.742       0.041
Gaia DR3 5907787546417409664 224.6722094 -44.9586312 16.610  3.368       0.884  14.0819  29.7269     0.99      nan      nan    8.364  nan      nan    nan   1.057     nan                                None     -24.999     -27.398     -26.547       0.080     -27.219       0.104
Gaia DR3 6099546222588603392 217.5413930 -43.8639929  6.892  0.207       2.324  14.0337  29.7285     2.02      nan      nan    8.640  nan      nan    nan   4.381     nan                                None     -27.948     -26.010     -28.739       0.138     -21.852       0.139
Gaia DR3 5908091389582243840 223.1045064 -44.4539214 13.852  2.482       0.578  13.6055  29.7305     1.13      nan      nan    7.915  nan      nan    nan   1.054     nan                                None     -24.116     -25.482     -23.918       0.049     -26.425       0.047
Gaia DR3 6000331275470188928 228.4380781 -44.5775194 15.521  2.982       0.969  14.0809  29.7320     0.24      nan      nan    8.352  nan      nan    nan   1.173     nan                                None     -23.719     -28.492     -25.159       0.048     -27.576       0.044
Gaia DR3 6039615417173194624 238.3765323 -31.8573699 14.666  2.911       2.032  12.0639  29.7464    -5.16      nan      nan    7.425  nan      nan    nan   1.158     nan                                None     -17.749     -26.574     -14.572       0.034     -26.422       0.029
Gaia DR3 5908651242854805888 225.3097274 -42.3586232 11.877  1.517       1.922  11.5078  29.7532     0.17      nan      nan    7.314  nan      nan    nan   2.312     nan                                None     -21.683     -24.167     -20.438       0.030     -26.856       0.025
Gaia DR3 6100794237005214976 223.5845255 -42.5770810 17.016  3.502       0.982  11.7103  29.7558     0.54      nan      nan    7.352  nan      nan    nan   1.115     nan                                None     -22.272     -23.841     -21.235       0.114     -24.956       0.093
Gaia DR3 6008573798747518848 238.7201103 -38.4658437 12.611  1.889       2.950  14.0626  29.7625    -3.22      nan      nan    8.276  nan      nan    nan   1.138     nan                                None     -19.643     -30.532     -23.002       0.018     -26.633       0.013
Gaia DR3 6197382004177677568 224.9985365 -39.9959451 16.643  3.319       2.858   9.1344  29.7629    -0.42      nan      nan    6.987  nan      nan    nan   3.115     nan                                None     -20.796     -23.004     -17.783       0.252     -25.944       0.272
Gaia DR3 6099803508307589632 219.7265438 -43.1729476 10.827  1.479       1.285  12.8146  29.7861     1.42      nan      nan    7.607  nan      nan    nan  11.903     nan                                None     -24.073     -23.573     -24.578       0.169     -21.576       0.153
Gaia DR3 6257980591109202048 230.8168545 -18.3286797 16.779  2.889       2.248  13.8774  29.7907    -7.46      nan      nan    8.064  nan      nan    nan   1.003     nan                                None     -22.094     -25.149     -18.855       0.090     -23.121       0.076
Gaia DR3 6006528432234422272 231.3167684 -38.1579994  8.346  0.558       1.297   9.2965  29.7929    -2.09      nan      nan    7.002  nan      nan    nan   1.005     nan                                None     -19.032     -24.382     -20.149       0.027     -22.828       0.024
Gaia DR3 6100444175690510720 221.7548679 -43.6524608 12.508  2.021       0.540  12.9282  29.8018     1.17      nan      nan    9.339  nan      nan    nan   1.396     nan                                None     -28.908     -29.631     -28.296       0.019     -28.761       0.018
Gaia DR3 6004539621860289664 226.6457973 -42.2664844 15.701  3.038       0.192  11.5420  29.8067    -0.10      nan      nan    7.315  nan      nan    nan   1.042     nan                                None     -21.306     -24.509     -21.535       0.042     -24.322       0.038
Gaia DR3 6236816847701522176 237.6509504 -24.0005424 15.470  3.105       1.170  13.6974  29.8136    -7.30      nan      nan    8.982  nan      nan    nan   1.164     nan                                None     -21.790     -30.399     -21.965       0.049     -32.608       0.031
Gaia DR3 6106562549879984896 219.7139882 -36.9340288 15.563  2.999       1.733   7.1416  29.8308    -0.18      nan      nan    6.811  nan      nan    nan   0.971     nan                                None     -21.556     -21.201     -19.083       0.041     -21.463       0.040
Gaia DR3 6236919548959805696 237.5156324 -23.4738093 16.801  3.561       1.786  13.8900  29.8318    -7.42      nan      nan    8.853  nan      nan    nan   0.978     nan                                None     -21.535     -29.815     -18.519       0.093     -28.398       0.051
Gaia DR3 6012847875310118528 233.4777700 -36.0509341 16.150  3.303       0.372   9.2430  29.8518    -3.08      nan      nan    6.993  nan      nan    nan   1.071     nan                                None     -18.334     -24.633     -18.881       0.056     -24.666       0.046
Gaia DR3 6202521911798641280 223.4325665 -35.0479252 14.963  2.746       2.036   4.2286  29.8543    -1.44      nan      nan    6.657  nan      nan    nan   1.310     nan                                None     -20.204     -21.471     -17.377       0.043     -21.052       0.038
Gaia DR3 6000467443112867328 229.1389821 -43.8920140 16.968  3.845       0.521  13.5652  29.8605    -0.07      nan      nan    9.073  nan      nan    nan   1.140     nan                                None     -25.504     -31.173     -26.492       0.207     -31.302       0.172
Gaia DR3 6007352241319682688 230.5949582 -37.6598368 15.941  2.895       1.022   8.5488  29.8655    -2.10      nan      nan    6.923  nan      nan    nan   1.149     nan                                None     -19.033     -23.933     -19.271       0.066     -22.460       0.059
Gaia DR3 6239497697565856512 233.0787843 -23.4493261 13.905  3.016       1.591  10.7826  29.8753    -6.57      nan      nan    9.933  nan      nan    nan   2.453     nan                                None     -26.223     -32.668     -23.468       0.058     -30.795       0.044
Gaia DR3 6013996212126198912 233.4502123 -35.5518187 16.762  3.404       1.112   8.9734  29.8808    -3.22      nan      nan    6.963  nan      nan    nan   0.973     nan                                None     -18.265     -24.483     -19.469       0.145     -23.382       0.119
Gaia DR3 6099534334119379968 217.6838550 -43.9535817 13.822  3.000       1.414  14.0732  29.8920     2.01      nan      nan    8.202  nan      nan    nan   1.688     nan                                None     -26.495     -24.732     -24.257       0.038     -23.750       0.040
Gaia DR3 6236850176648443264 238.0257286 -23.7654037 19.539  2.503       2.976  14.1129  29.8931    -7.43      nan      nan    8.644  nan      nan    nan   1.285     nan                                None     -20.812     -29.255     -17.670       0.695     -24.836       0.381
Gaia DR3 6199461352465689984 228.6209906 -36.8958081  9.519  0.757       0.767   7.0087  29.8952    -1.96      nan      nan    6.798  nan      nan    nan   1.516     nan                                None     -19.257     -23.068     -19.372       0.036     -24.161       0.035
Gaia DR3 6210283016481503744 232.4746659 -28.4491560 19.525  3.326       1.540   7.5186  29.9205    -5.07      nan      nan    6.834  nan      nan    nan   1.127     nan                                None     -18.225     -23.123     -19.245       0.455     -21.153       0.345
Gaia DR3 6036275341368402176 240.2829334 -32.9147207  9.519  0.824       0.220  13.7209  29.9229    -5.15      nan      nan    7.928  nan      nan    nan   0.953     nan                                None     -18.198     -28.863     -18.087       0.018     -29.215       0.011
Gaia DR3 6233577407268502272 237.5815176 -28.0900604 18.302  3.158       2.201  11.8986  29.9291    -6.12      nan      nan    7.372  nan      nan    nan   0.974     nan                                None     -17.908     -25.683     -15.766       0.246     -28.350       0.140
Gaia DR3 6003698873422956928 227.2141119 -43.0563488  9.403  0.648       1.228  12.3971  29.9503     0.02      nan      nan    7.478  nan      nan    nan   1.006     nan                                None     -21.609     -25.199     -19.914       0.017     -26.136       0.015
Gaia DR3 6009340433229590656 233.9119434 -38.2111264 14.194  2.818       1.105  10.7880  29.9747    -2.52      nan      nan    9.947  nan      nan    nan   1.350     nan                                None     -25.884     -35.382     -27.981       0.035     -36.368       0.037
Gaia DR3 6213614467994117376 231.4563884 -27.3441502 17.569  3.767       2.800   7.1927  29.9825    -5.18      nan      nan    6.806  nan      nan    nan   1.499     nan                                None     -18.459     -22.737     -18.548       0.205     -18.720       0.162
Gaia DR3 6199487740741941888 227.0446609 -37.8335944 15.546    nan       1.177   7.3165  29.9842    -1.40      nan      nan    6.815  nan      nan    nan   0.817     nan                                None     -19.741     -22.838     -18.563       0.093     -21.625       0.070
