GaiaDR3                               RA         DEC   Gmag  Bp-Rp  Voff(km/s) Sep(deg)   3D(pc) Vr(pred)  Vr(obs)    Vrerr Plx(mas)  SpT    FnuvJ  W1-W3    RUWE  XCrate                               RVsrc    PMRApred   PMDecpred        PMRA     PMRAerr       PMDec    PMDecerr
Gaia DR3 6055854551117476480 197.3171125 -60.3084375  8.106  0.568       0.000   0.0000   0.0000     7.56      nan      nan   10.520  nan      nan    nan   0.944     nan                                None     -39.769     -19.961     -39.769       0.017     -19.961       0.021
Gaia DR3 5869404140942539008 199.4805476 -61.0108615  8.370  0.584       1.829   1.2716   2.2863     7.34      nan      nan   10.426  nan      nan    nan   0.976     nan                                None     -39.047     -20.873     -38.286       0.014     -16.926       0.018
Gaia DR3 5863410879175831168 194.6108377 -62.5150783 12.107  1.993       2.300   2.5581   4.2626     8.30      nan      nan   10.485  nan      nan    nan  15.410     nan                                None     -40.017     -17.567     -44.916       0.147     -16.213       0.167
Gaia DR3 6056690729718614272 192.2286119 -59.8299750 12.735  2.359       0.393   2.5829   4.4247     8.29      nan      nan   10.655  nan      nan    nan   1.081     nan                                None     -40.932     -17.239     -41.801       0.012     -17.087       0.014
Gaia DR3 5868548755256438656 199.3868001 -62.1200234 12.201  2.100       0.121   2.0674   4.4770     7.54      nan      nan   10.217  nan      nan    nan   0.983     nan                                None     -38.283     -20.090     -38.424       0.011     -19.872       0.013
Gaia DR3 6062122282794699776 200.6032647 -58.4092385 18.607  4.454       0.456   2.5316   4.5465     6.72      nan      nan   10.340  nan      nan    nan   1.096     nan                                None     -38.517     -22.053     -38.659       0.145     -21.068       0.181
Gaia DR3 6056717736475418368 191.7867321 -59.7692077 15.670  3.368       0.240   2.8132   4.6815     8.36      nan      nan   10.576  nan      nan    nan   1.134     nan                                None     -40.669     -16.860     -41.119       0.030     -16.568       0.034
Gaia DR3 6056695059045701120 192.1310145 -59.7471054 10.469  1.751       0.798   2.6502   4.8676     8.30      nan      nan   10.769  nan      nan    nan   6.814     nan                                None     -41.377     -17.389     -43.074       0.085     -18.023       0.101
Gaia DR3 6063338823686668928 197.2587525 -57.3336865 12.176  1.926       1.732   2.9749   4.9346     7.09      nan      nan   10.547  nan      nan    nan   1.010     nan                                None     -39.880     -20.824     -41.698       0.009     -17.429       0.011
Gaia DR3 6060185901035937024 193.6634496 -58.3048860 17.142  3.585       0.636   2.7364   4.9967     7.85      nan      nan   10.305  nan      nan    nan   1.001     nan                                None     -39.441     -17.989     -40.807       0.065     -18.200       0.080
Gaia DR3 5869105181216442240 202.7758283 -60.7992772 16.440  3.572       2.045   2.7272   5.1978     6.82      nan      nan   10.824  nan      nan    nan   1.087     nan                                None     -39.849     -23.750     -39.381       0.041     -19.108       0.051
Gaia DR3 6055287959001150208 193.0603876 -61.9878776 17.420  3.967       0.663   2.6523   5.3682     8.45      nan      nan   10.201  nan      nan    nan   1.031     nan                                None     -39.105     -16.322     -40.521       0.091     -16.493       0.108
Gaia DR3 6059635531054469632 190.3173563 -59.7960878 15.989  3.217       2.739   3.5300   5.9564     8.59      nan      nan   10.419  nan      nan    nan   3.258     nan                                None     -40.181     -15.711     -35.066       0.322     -12.544       0.278
Gaia DR3 6057045425291352704 196.3855119 -58.5356184  8.053  0.508       1.378   1.8350   6.2580     7.43      nan      nan    9.953  nan      nan    nan   0.900     nan                                None     -37.758     -18.844     -39.615       0.016     -16.628       0.019
Gaia DR3 5869164726649009280 203.6932190 -59.9947220 15.334  3.085       0.354   3.1876   6.5343     6.53      nan      nan   10.126  nan      nan    nan   1.433     nan                                None     -37.079     -22.938     -36.686       0.028     -22.292       0.033
Gaia DR3 6059992460039778560 190.3681253 -58.5710536 16.897  4.217       1.049   3.9346   6.5543     8.43      nan      nan   10.617  nan      nan    nan   1.047     nan                                None     -40.943     -16.449     -43.227       0.067     -16.992       0.074
Gaia DR3 6062056277747645952 199.5150428 -59.2768796 20.078  3.073       1.724   1.5121   6.6545     7.05      nan      nan    9.883  nan      nan    nan   1.110     nan                                None     -37.007     -20.259     -33.618       0.391     -19.070       0.490
Gaia DR3 6060133266248365568 192.1944124 -57.7936897 17.195  3.872       1.680   3.6401   6.7591     8.02      nan      nan   10.214  nan      nan    nan   0.935     nan                                None     -39.239     -17.129     -38.405       0.061     -13.609       0.066
Gaia DR3 6055197867775111936 191.2897606 -62.5431744 14.754  3.138       0.753   3.6452   7.0998     8.78      nan      nan   10.143  nan      nan    nan   1.210     nan                                None     -39.046     -14.985     -39.976       0.023     -13.671       0.027
Gaia DR3 5869727161191201536 199.0130766 -60.0198291 13.655  2.585       0.325   0.8917   7.1250     7.25      nan      nan    9.803  nan      nan    nan   1.093     nan                                None     -36.791     -19.625     -36.961       0.011     -20.275       0.013
Gaia DR3 6055952338925392512 193.8913266 -60.9231018 13.961  2.798       0.478   1.7895   7.2360     8.18      nan      nan    9.842  nan      nan    nan   1.184     nan                                None     -37.643     -16.548     -36.769       0.016     -16.079       0.018
Gaia DR3 6057031372156944896 196.1433623 -58.6626818 15.784  3.558       0.388   1.7503   7.5246     7.49      nan      nan    9.808  nan      nan    nan   1.106     nan                                None     -37.243     -18.402     -37.993       0.035     -18.691       0.045
Gaia DR3 6055197867775111808 191.2920369 -62.5435098 13.614  2.908       1.641   3.6445   7.5937     8.78      nan      nan   10.054  nan      nan    nan   8.255     nan                                None     -38.703     -14.855     -41.706       0.094     -16.607       0.099
Gaia DR3 5862730792572288512 193.7658898 -63.6408463  7.975  0.481       2.159   3.7255   7.7377     8.57      nan      nan   10.049  nan      nan    nan   1.318     nan                                None     -38.448     -15.980     -39.832       0.025     -11.621       0.033
Gaia DR3 6053654393972421504 189.1824439 -63.1793325 10.326  1.165       1.821   4.7977   8.1078     9.17      nan      nan   10.383  nan      nan    nan   0.849     nan                                None     -40.116     -13.810     -39.411       0.010      -9.888       0.012
Gaia DR3 6059887422284508800 189.6478410 -59.2789168 11.240  1.387       1.929   3.9909   8.1149     8.64      nan      nan   10.048  nan      nan    nan   1.050     nan                                None     -38.794     -14.926     -38.156       0.014     -10.889       0.016
Gaia DR3 5869984172064201856 202.7193371 -59.3716987 14.763  3.030       1.396   2.8703   8.1920     6.56      nan      nan   11.329  nan      nan    nan   1.076     nan                                None     -41.721     -25.221     -43.643       0.017     -22.496       0.021
Gaia DR3 6053654393972419584 189.1822918 -63.1825182 16.937  3.930       1.944   4.7995   8.2472     9.17      nan      nan   10.319  nan      nan    nan   1.138     nan                                None     -39.871     -13.725     -37.806       0.068     -10.033       0.074
Gaia DR3 5864061893213196032 201.3000961 -64.9391591 10.638  1.257       1.711   4.9774   8.2607     7.74      nan      nan   10.612  nan      nan    nan   0.802     nan                                None     -39.388     -21.208     -40.996       0.010     -17.734       0.013
Gaia DR3 5861960966976370944 193.7817868 -63.9436261 15.143  3.230       0.651   3.9919   8.2658     8.61      nan      nan   10.022  nan      nan    nan   1.037     nan                                None     -38.345     -15.851     -39.491       0.022     -16.612       0.027
Gaia DR3 6063306491170458880 197.5314983 -57.5052779 14.390  3.184       1.637   2.8053   8.3849     7.08      nan      nan    9.812  nan      nan    nan   1.642     nan                                None     -37.060     -19.478     -38.829       0.023     -16.590       0.029
Gaia DR3 5862730792562250496 193.7617821 -63.6392362 15.517  2.935       2.494   3.7249   8.3953     8.57      nan      nan    9.946  nan      nan    nan   1.188     nan                                None     -38.056     -15.815     -38.588       0.037     -10.612       0.050
Gaia DR3 5862081981988722048 196.2716457 -64.2320993  8.958  0.923       0.289   3.9536   8.4177     8.30      nan      nan    9.989  nan      nan    nan   0.891     nan                                None     -37.911     -17.197     -37.314       0.011     -17.084       0.014
Gaia DR3 6061141965074631936 190.3440895 -57.3459988 13.304  2.527       0.596   4.6653   8.4288     8.28      nan      nan   10.194  nan      nan    nan   1.182     nan                                None     -39.313     -16.164     -40.568       0.011     -15.911       0.014
Gaia DR3 6061182539606843904 191.1672499 -56.8030695 13.200  2.746       0.023   4.7480   8.5331     8.06      nan      nan   10.201  nan      nan    nan  10.851     nan                                None     -39.278     -16.815     -39.281       0.097     -16.865       0.125
Gaia DR3 6056862386625783680 193.7500488 -59.7444680 18.021  4.793       0.509   1.8689   8.6410     8.04      nan      nan    9.702  nan      nan    nan   1.050     nan                                None     -37.123     -16.576     -38.088       0.122     -16.966       0.131
Gaia DR3 5861825550891696000 192.1994211 -64.7699810 13.943  2.910       0.547   5.0436   8.6418     8.93      nan      nan   10.321  nan      nan    nan   1.050     nan                                None     -39.651     -15.063     -40.570       0.017     -15.819       0.019
Gaia DR3 5861825349107118976 192.2196603 -64.7697123 14.184  2.963       0.592   5.0390   8.6550     8.92      nan      nan   10.313  nan      nan    nan   1.106     nan                                None     -39.617     -15.064     -40.787       0.019     -15.599       0.023
Gaia DR3 6057146614723101312 193.7629914 -58.8447534 15.333  3.097       0.514   2.3193   8.8850     7.91      nan      nan    9.710  nan      nan    nan   1.064     nan                                None     -37.152     -16.853     -37.542       0.024     -17.830       0.029
Gaia DR3 6063059238474755840 196.8408910 -58.3204133 18.767  4.370       1.785   2.0028   8.9388     7.32      nan      nan    9.681  nan      nan    nan   1.076     nan                                None     -36.664     -18.635     -40.232       0.171     -19.371       0.212
Gaia DR3 6060533282301705088 192.7174096 -57.2845861 18.426  3.848       1.191   3.8481   9.1256     7.86      nan      nan    9.865  nan      nan    nan   1.336     nan                                None     -37.852     -16.983     -40.230       0.172     -16.293       0.235
Gaia DR3 5863352463301565952 196.7069834 -62.1112515  8.565  0.665       2.100   1.8266   9.1893     7.93      nan      nan    9.645  nan      nan    nan   3.745     nan                                None     -36.546     -17.464     -35.489       0.046     -21.600       0.058
Gaia DR3 5862692760682280064 192.0428844 -63.8207984 13.416  2.936       2.173   4.2914   9.2405     8.83      nan      nan    9.932  nan      nan    nan  13.508     nan                                None     -38.169     -14.709     -40.271       0.164     -10.674       0.164
Gaia DR3 6061378871152834048 192.4115588 -56.4583204 16.565  3.583       0.748   4.6273   9.2518     7.80      nan      nan   10.008  nan      nan    nan   1.064     nan                                None     -38.428     -17.296     -40.003       0.045     -17.411       0.055
Gaia DR3 6058353191286687872 187.3097469 -60.0202905 12.367  2.010       0.294   4.9823   9.4562     9.10      nan      nan   10.070  nan      nan    nan   1.096     nan                                None     -38.989     -13.343     -39.575       0.010     -13.558       0.012
Gaia DR3 6063724889685860608 203.1766924 -55.8276542  8.036  0.541       1.154   5.4437   9.4788     5.82      nan      nan   10.904  nan      nan    nan   0.958     nan                                None     -40.051     -25.427     -41.889       0.015     -23.515       0.016
Gaia DR3 6057951732118101504 186.6635504 -61.2279659 11.292  1.487       2.126   5.2770   9.4967     9.33      nan      nan   10.166  nan      nan    nan   0.821     nan                                None     -39.383     -12.668     -40.610       0.012      -8.279       0.013
Gaia DR3 6057011477866793472 195.4248601 -58.8573651 14.191  2.892       2.288   1.7386   9.6325     7.64      nan      nan    9.597  nan      nan    nan  18.990     nan                                None     -36.530     -17.562     -32.734       0.227     -14.912       0.276
Gaia DR3 5863199807307645824 194.8417510 -62.8850756 17.569  3.871       0.320   2.8324   9.8238     8.31      nan      nan    9.655  nan      nan    nan   1.015     nan                                None     -36.824     -16.200     -36.838       0.080     -16.852       0.105
Gaia DR3 6073162169786391680 189.1320854 -56.6376013 17.134  3.711       1.871   5.6315   9.9033     8.40      nan      nan   10.212  nan      nan    nan   1.135     nan                                None     -39.459     -15.715     -37.900       0.068     -12.002       0.075
Gaia DR3 6056701037640956288 192.7443112 -59.5667700 14.362  2.932       0.156   2.4072   9.9365     8.17      nan      nan    9.609  nan      nan    nan   1.146     nan                                None     -36.866     -15.910     -36.809       0.017     -16.221       0.020
Gaia DR3 5864546021863527552 206.1779609 -63.7971720 10.523  1.578       0.386   5.4155   9.9434     6.90      nan      nan   10.109  nan      nan    nan   2.495     nan                                None     -36.423     -23.354     -35.635       0.024     -23.119       0.028
Gaia DR3 6056317342427816832 189.9378178 -61.0284406 16.292  3.867       0.302   3.6837   9.9507     8.81      nan      nan    9.736  nan      nan    nan   1.159     nan                                None     -37.572     -14.080     -38.017       0.055     -14.513       0.071
Gaia DR3 5863824329964744192 203.4659329 -65.1425948 13.762  2.841       0.210   5.5897  10.0069     7.50      nan      nan   10.163  nan      nan    nan   1.306     nan                                None     -37.262     -21.536     -36.948       0.015     -21.858       0.022
Gaia DR3 6055539128696775680 192.3909987 -61.4919235 10.006  1.096       1.346   2.6712  10.0209     8.49      nan      nan    9.621  nan      nan    nan   4.836     nan                                None     -36.944     -15.163     -37.118       0.060     -17.887       0.077
Gaia DR3 6060215592184124672 193.8063804 -58.0823153 12.294  2.049       0.530   2.8607  10.1119     7.79      nan      nan    9.628  nan      nan    nan   0.948     nan                                None     -36.833     -16.946     -37.878       0.009     -17.195       0.011
Gaia DR3 6059490258093443328 187.7017826 -58.3934528 16.529  3.703       0.370   5.2565  10.1610     8.86      nan      nan   10.011  nan      nan    nan   0.944     nan                                None     -38.747     -14.032     -39.401       0.044     -14.460       0.051
Gaia DR3 6060734046265716480 189.1379655 -58.5315801 16.831  3.684       0.548   4.5207  10.1686     8.63      nan      nan    9.839  nan      nan    nan   0.954     nan                                None     -38.018     -14.560     -38.917       0.048     -15.254       0.055
Gaia DR3 6059076115851507840 186.2697722 -59.7427037 19.578  3.689       0.426   5.5417  10.2116     9.24      nan      nan   10.092  nan      nan    nan   1.168     nan                                None     -39.105     -12.854     -38.207       0.334     -12.722       0.350
Gaia DR3 6073360494187465344 191.2264155 -55.5929351 17.777  4.245       0.744   5.7117  10.2488     7.88      nan      nan   10.150  nan      nan    nan   1.230     nan                                None     -39.076     -17.125     -40.286       0.098     -16.091       0.126
Gaia DR3 6066361690377824896 197.0568051 -56.9731837 16.271  3.482       0.320   3.3380  10.3249     7.07      nan      nan    9.651  nan      nan    nan   1.051     nan                                None     -36.523     -19.039     -35.936       0.032     -18.757       0.040
Gaia DR3 6058419299427952768 186.6027304 -59.7432635 15.422  3.274       1.013   5.3767  10.3279     9.19      nan      nan   10.013  nan      nan    nan   1.153     nan                                None     -38.792     -12.948     -40.919       0.027     -13.153       0.030
Gaia DR3 6066772426677376896 197.6399322 -55.7688226 16.998  3.884       1.497   4.5428  10.3687     6.77      nan      nan    9.815  nan      nan    nan   1.115     nan                                None     -37.055     -19.977     -36.459       0.062     -16.936       0.071
Gaia DR3 5861945711251717888 193.0947760 -64.3108684 14.023  3.007       0.547   4.4553  10.3723     8.75      nan      nan    9.799  nan      nan    nan   1.142     nan                                None     -37.561     -14.978     -38.664       0.017     -14.731       0.019
Gaia DR3 6056376372461180160 191.8055681 -60.8469205 13.771  2.612       0.291   2.7597  10.4006     8.49      nan      nan    9.589  nan      nan    nan   1.175     nan                                None     -36.872     -14.976     -36.284       0.013     -14.991       0.016
Gaia DR3 6073455876824893312 189.6373728 -55.5095342 14.123  2.876       1.196   6.2908  10.4340     8.16      nan      nan   10.653  nan      nan    nan   1.217     nan                                None     -41.133     -17.062     -40.309       0.015     -14.504       0.017
Gaia DR3 5858719434929192320 197.3653834 -65.5570081 14.756  3.402       0.110   5.2486  10.4707     8.35      nan      nan    9.951  nan      nan    nan   1.237     nan                                None     -37.611     -17.380     -37.796       0.026     -17.517       0.033
Gaia DR3 5861105924894081280 188.1770105 -64.9476271 11.673  1.821       0.866   6.2477  10.4834     9.49      nan      nan   10.396  nan      nan    nan   0.835     nan                                None     -40.218     -12.562     -41.794       0.013     -13.621       0.012
Gaia DR3 6058441770683656064 188.3706693 -59.3963855 15.545  2.928       1.900   4.5810  10.5664     8.86      nan      nan    9.794  nan      nan    nan   2.575     nan                                None     -37.881     -13.786     -37.112       0.106      -9.939       0.126
Gaia DR3 6071578628205554816 186.3958099 -57.7866551 16.994  3.675       1.472   6.1477  10.5799     9.01      nan      nan   10.268  nan      nan    nan   1.193     nan                                None     -39.782     -13.827     -40.857       0.065     -10.827       0.065
Gaia DR3 6059865775699952256 192.0201473 -58.3929809 17.002  3.554       2.099   3.3091  10.6908     8.13      nan      nan    9.609  nan      nan    nan   1.798     nan                                None     -36.930     -15.848     -38.316       0.104     -11.830       0.112
Gaia DR3 6060790804236900992 188.5242840 -58.4638048 19.533  3.914       0.071   4.8381  10.7334     8.73      nan      nan    9.818  nan      nan    nan   1.131     nan                                None     -37.967     -14.204     -37.935       0.295     -14.348       0.315
Gaia DR3 6073880150869601664 193.3344594 -54.5817643 14.612  2.460       2.605   6.1118  10.7427     7.35      nan      nan   10.192  nan      nan    nan   1.117     nan                                None     -39.042     -18.666     -42.210       0.021     -23.281       0.019
Gaia DR3 5864339794779803136 206.0307289 -64.2101984 15.167  3.280       0.581   5.6191  10.7881     7.00      nan      nan    9.995  nan      nan    nan   0.983     nan                                None     -36.047     -22.900     -35.419       0.021     -23.951       0.028
Gaia DR3 6055708174296618368 195.4785644 -61.2162254 19.950  3.142       1.301   1.2768  10.8493     7.98      nan      nan    9.463  nan      nan    nan   1.129     nan                                None     -36.016     -16.705     -33.850       0.377     -15.274       0.480
Gaia DR3 6074011645588781952 192.7097709 -54.2234044 14.548  2.913       0.869   6.5715  10.9061     7.41      nan      nan   10.677  nan      nan    nan   1.124     nan                                None     -40.969     -19.297     -42.027       0.021     -17.651       0.021
Gaia DR3 6061701238540372480 193.1035855 -55.3042377 13.132  2.498       1.560   5.4820  10.9104     7.50      nan      nan    9.934  nan      nan    nan  13.968     nan                                None     -38.077     -17.871     -34.943       0.242     -18.797       0.364
Gaia DR3 5865078425995614464 203.6572661 -63.1220182 15.392  2.957       0.475   4.1127  10.9820     7.11      nan      nan    9.669  nan      nan    nan   1.108     nan                                None     -35.412     -21.123     -35.370       0.023     -22.089       0.030
Gaia DR3 6066680097748070912 197.2190132 -55.8504337 18.142  3.791       2.216   4.4583  10.9909     6.86      nan      nan   11.543  nan      nan    nan   1.042     nan                                None     -43.653     -23.205     -42.109       0.091     -18.039       0.118
Gaia DR3 5862938875139037440 190.4533683 -63.3042997 13.566  2.612       0.866   4.4106  11.0227     9.00      nan      nan    9.706  nan      nan    nan   1.219     nan                                None     -37.426     -13.612     -38.957       0.013     -14.506       0.019
Gaia DR3 6071451673301793664 185.3742462 -58.4471900 13.187  2.520       2.945   6.3515  11.0377     9.25      nan      nan   10.222  nan      nan    nan   1.120     nan                                None     -39.622     -12.939     -45.698       0.011     -11.105       0.012
Gaia DR3 6060533282323017600 192.7176246 -57.2847450 18.925    nan       1.387   3.8479  11.0496     7.86      nan      nan    9.628  nan      nan    nan   1.105     nan                                None     -36.942     -16.575     -38.390       0.362     -14.162       0.358
Gaia DR3 6066852519230372608 198.0732432 -55.1406285 11.338  1.568       0.109   5.1835  11.1051     6.59      nan      nan    9.832  nan      nan    nan   1.040     nan                                None     -37.053     -20.395     -37.279       0.015     -20.411       0.014
Gaia DR3 5869350475352788864 199.5213778 -61.2892443 14.393  3.021       0.277   1.4554  11.1190     7.38      nan      nan    9.445  nan      nan    nan   1.173     nan                                None     -35.366     -18.860     -35.252       0.016     -18.320       0.019
Gaia DR3 6073119254470983040 188.7587054 -56.9689798 14.183  2.786       0.063   5.5599  11.1226     8.50      nan      nan    9.916  nan      nan    nan   1.144     nan                                None     -38.335     -14.949     -38.445       0.016     -15.023       0.018
Gaia DR3 6057329820843883520 195.5995988 -57.7655224 15.674    nan       1.734   2.6918  11.1519     7.44      nan      nan    9.508  nan      nan    nan   1.137     nan                                None     -36.173     -17.782     -38.976       0.065     -19.836       0.073
Gaia DR3 5869422424634602368 199.7576809 -61.1150024 11.405  1.661       0.628   1.4407  11.2561     7.32      nan      nan    9.432  nan      nan    nan   2.127     nan                                None     -35.278     -19.006     -34.813       0.028     -20.165       0.032
Gaia DR3 6058441766355347200 188.3719827 -59.3959292 12.502  2.085       1.529   4.5805  11.2979     8.86      nan      nan    9.697  nan      nan    nan   0.979     nan                                None     -37.507     -13.651     -38.930       0.010     -10.867       0.012
Gaia DR3 5863806600310376832 203.5764091 -65.3474282 17.458    nan       0.660   5.7871  11.3468     7.52      nan      nan    9.936  nan      nan    nan   1.023     nan                                None     -36.407     -21.064     -36.240       0.083     -22.435       0.132
Gaia DR3 6059703975694654592 190.0599240 -59.4875199 16.090  2.389       0.402   3.7291  11.3607     8.60      nan      nan    9.580  nan      nan    nan   1.318     nan                                None     -36.963     -14.396     -36.152       0.040     -14.349       0.050
Gaia DR3 6061204980842862336 191.5943728 -56.4888826  4.611 -0.221       1.959   4.8525  11.3648     7.94      nan      nan    9.733  nan      nan    nan   1.651     nan                                None     -37.442     -16.367     -33.627       0.130     -15.105       0.143
Gaia DR3 6061230819360606080 190.0555978 -56.7235008 15.927  3.413       0.610   5.2132  11.3750     8.25      nan      nan    9.798  nan      nan    nan   1.120     nan                                None     -37.804     -15.561     -39.056       0.034     -15.425       0.042
Gaia DR3 5862028930545927936 196.2581254 -64.4416573  6.634 -0.014       0.129   4.1621  11.3991     8.33      nan      nan    9.626  nan      nan    nan   0.846     nan                                None     -36.538     -16.504     -36.798       0.027     -16.524       0.030
Gaia DR3 6062898091306143360 203.5303032 -56.4073128 13.201  2.982       2.338   5.0793  11.4107     5.87      nan      nan   11.497  nan      nan    nan   8.702     nan                                None     -42.140     -26.883     -47.636       0.195     -28.266       0.219
Gaia DR3 5858525783431826048 196.2220687 -65.7418653 15.312  3.395       0.321   5.4559  11.4357     8.52      nan      nan    9.839  nan      nan    nan   1.026     nan                                None     -37.350     -16.450     -37.816       0.025     -16.927       0.032
Gaia DR3 5870804682593740288 206.4480382 -58.9861190 11.380  1.106       2.756   4.7953  11.4366     5.91      nan      nan    9.714  nan      nan    nan  26.906     nan                                None     -34.932     -23.687     -29.292       0.334     -23.517       0.306
Gaia DR3 6073338503961479808 189.8704147 -55.8617042 14.073  2.874       0.640   5.9319  11.4434     8.16      nan      nan    9.959  nan      nan    nan   1.164     nan                                None     -38.436     -15.973     -39.767       0.014     -16.154       0.017
Gaia DR3 5868286560427916160 199.8995933 -62.5768594 13.908  2.656       0.873   2.5821  11.4521     7.54      nan      nan    9.471  nan      nan    nan   1.276     nan                                None     -35.402     -18.784     -33.760       0.014     -19.371       0.016
Gaia DR3 5871999881740962176 207.0432888 -57.1176628 12.173  2.275       2.596   5.9657  11.4561     5.44      nan      nan    9.966  nan      nan    nan   2.390     nan                                None     -35.688     -25.007     -31.614       0.026     -21.380       0.030
Gaia DR3 6056600604132147456 189.8898773 -60.1938101 11.268  1.718       0.301   3.6852  11.4734     8.71      nan      nan    9.563  nan      nan    nan  11.133     nan                                None     -36.908     -14.061     -36.564       0.183     -13.563       0.185
Gaia DR3 6055785556737673472 195.5481069 -60.7053184 14.075  2.703       0.485   0.9570  11.5068     7.90      nan      nan    9.395  nan      nan    nan   1.084     nan                                None     -35.748     -16.763     -35.849       0.014     -17.717       0.018
Gaia DR3 6060807850969676288 188.6162896 -58.2668799 18.163    nan       0.255   4.8854  11.5199     8.69      nan      nan    9.717  nan      nan    nan   0.993     nan                                None     -37.574     -14.171     -37.491       0.126     -13.656       0.169
Gaia DR3 5864624190275907840 205.2673757 -63.4593016 14.057  2.754       0.342   4.8895  11.5940     6.95      nan      nan    9.708  nan      nan    nan   1.056     nan                                None     -35.195     -22.012     -34.917       0.012     -22.655       0.017
Gaia DR3 6071678447556775424 187.8872964 -56.9135530 19.651  3.406       1.512   5.9619  11.6278     8.65      nan      nan    9.932  nan      nan    nan   1.095     nan                                None     -38.435     -14.500     -41.024       0.311     -16.320       0.351
Gaia DR3 6067992334818940032 196.9092360 -53.4598584  5.685 -0.066       0.487   6.8522  11.6601     6.51      nan      nan   10.300  nan      nan    nan   1.365     nan                                None     -38.999     -21.141     -37.952       0.071     -21.282       0.072
Gaia DR3 5863352536354344448 196.7060011 -62.1105209 13.763    nan       0.379   1.8259  11.6610     7.93      nan      nan    9.410  nan      nan    nan   1.019     nan                                None     -35.657     -17.039     -36.403       0.090     -17.137       0.095
Gaia DR3 6058181083371803776 188.7405505 -59.8272714 11.718  1.869       1.647   4.3033  11.6614     8.85      nan      nan    9.614  nan      nan    nan   1.042     nan                                None     -37.168     -13.605     -36.026       0.012     -10.469       0.016
Gaia DR3 5863747467220735744 203.4716720 -65.6132360 11.792  2.009       2.467   5.9911  11.6786     7.58      nan      nan    9.931  nan      nan    nan   4.399     nan                                None     -36.411     -20.919     -32.833       0.058     -17.195       0.071
Gaia DR3 5864225823524331904 205.0853028 -63.8728745 17.714  4.206       0.410   5.0853  11.7039     7.06      nan      nan    9.727  nan      nan    nan   1.500     nan                                None     -35.306     -21.850     -34.512       0.136     -22.131       0.174
Gaia DR3 6074422347544149248 191.1641581 -54.2297209 13.099  2.438       1.358   6.9228  11.7094     7.70      nan      nan   10.876  nan      nan    nan   1.135     nan                                None     -41.877     -18.738     -40.831       0.013     -15.805       0.013
Gaia DR3 6071680509147584128 187.1041220 -57.1271149 15.246  3.192       0.075   6.1744  11.8073     8.81      nan      nan    9.959  nan      nan    nan   1.110     nan                                None     -38.567     -14.029     -38.536       0.024     -13.876       0.029
Gaia DR3 5861194641755494528 186.8078477 -65.0986797 19.844  3.150       0.541   6.7791  11.8169     9.69      nan      nan   10.194  nan      nan    nan   1.161     nan                                None     -39.485     -11.409     -38.406       0.400     -10.977       0.373
Gaia DR3 6056241235601616640 189.6301855 -61.4759561 15.955  3.444       0.353   3.9147  11.8246     8.91      nan      nan    9.549  nan      nan    nan   1.086     nan                                None     -36.871     -13.498     -36.570       0.035     -14.141       0.042
Gaia DR3 6073105991611649024 188.3905742 -57.2352184 10.478  1.256       0.278   5.5483  11.8320     8.60      nan      nan    9.798  nan      nan    nan   0.873     nan                                None     -37.895     -14.484     -37.850       0.010     -13.912       0.012
Gaia DR3 6059852753358412928 192.6528515 -58.4528437 13.436  2.550       0.385   3.0133  11.8583     8.04      nan      nan    9.463  nan      nan    nan   1.203     nan                                None     -36.313     -15.932     -35.555       0.012     -16.054       0.014
Gaia DR3 6059404869824062592 184.4919460 -58.9324524 12.610  2.565       0.841   6.6190  11.8634     9.45      nan      nan   10.104  nan      nan    nan   2.630     nan                                None     -39.168     -12.106     -40.892       0.034     -11.624       0.034
Gaia DR3 6059610242319741440 189.8074162 -59.9379634 13.900  2.649       0.127   3.7571  11.8780     8.69      nan      nan    9.527  nan      nan    nan   1.121     nan                                None     -36.774     -14.040     -36.696       0.014     -14.283       0.016
Gaia DR3 5864148441008187136 205.1221419 -64.3101700 13.091  2.737       0.341   5.3935  11.9220     7.13      nan      nan    9.753  nan      nan    nan   1.670     nan                                None     -35.392     -21.818     -34.778       0.016     -22.155       0.021
Gaia DR3 6056649738499688448 192.1293505 -60.0406239 14.739  3.030       1.196   2.5934  11.9267     8.34      nan      nan    9.427  nan      nan    nan   0.911     nan                                None     -36.221     -15.136     -33.885       0.105     -14.700       0.070
Gaia DR3 6062170695631626368 198.9163465 -59.0763262 19.297    nan       0.926   1.4728  11.9949     7.11      nan      nan    9.366  nan      nan    nan   1.135     nan                                None     -35.168     -18.934     -33.475       0.272     -18.243       0.384
Gaia DR3 6060419036191900544 195.9211142 -56.9626800 16.241  3.547       0.094   3.4235  12.0305     7.26      nan      nan    9.479  nan      nan    nan   1.027     nan                                None     -36.022     -18.104     -35.836       0.035     -18.135       0.043
Gaia DR3 6054981470168652032 187.6922540 -61.3593598 14.517  2.914       0.427   4.8021  12.0306     9.19      nan      nan    9.639  nan      nan    nan   1.108     nan                                None     -37.308     -12.555     -37.030       0.017     -13.376       0.020
Gaia DR3 6066468652250246784 197.3501816 -56.2787587 17.295  4.108       0.233   4.0297  12.0502     6.91      nan      nan    9.537  nan      nan    nan   1.153     nan                                None     -36.049     -19.138     -35.707       0.069     -18.818       0.099
Gaia DR3 6061037064796017792 189.3344254 -57.6979646 15.200  3.033       0.247   4.8649  12.0579     8.50      nan      nan    9.645  nan      nan    nan   1.452     nan                                None     -37.257     -14.635     -36.977       0.028     -14.217       0.034
Gaia DR3 5869088104424553600 203.9190804 -60.5461457 14.979  2.939       2.459   3.2655  12.0885     6.60      nan      nan    9.460  nan      nan    nan   1.046     nan                                None     -34.591     -21.420     -36.018       0.017     -16.729       0.019
Gaia DR3 6060705596408831232 195.2664872 -56.2186019 14.013  2.820       0.276   4.2292  12.1069     7.26      nan      nan    9.554  nan      nan    nan   1.205     nan                                None     -36.387     -18.090     -36.927       0.012     -17.959       0.016
Gaia DR3 5863506777203015808 194.7627193 -61.7901868 16.142  3.400       0.176   1.9296  12.1478     8.17      nan      nan    9.370  nan      nan    nan   0.973     nan                                None     -35.745     -15.989     -35.410       0.034     -16.083       0.040
Gaia DR3 6056071532867594752 195.1394244 -59.8289120 14.585  3.213       0.537   1.1876  12.1499     7.83      nan      nan    9.344  nan      nan    nan   1.387     nan                                None     -35.601     -16.688     -34.585       0.025     -16.393       0.030
Gaia DR3 6056649738547015168 192.1292816 -60.0409767 13.960  2.826       1.352   2.5933  12.1824     8.34      nan      nan    9.402  nan      nan    nan   1.565     nan                                None     -36.128     -15.097     -38.229       0.058     -16.759       0.069
Gaia DR3 6062016420446377856 200.3341533 -59.0623484 10.452  1.488       0.824   1.9674  12.2113     6.88      nan      nan    9.366  nan      nan    nan   1.198     nan                                None     -34.935     -19.681     -33.405       0.012     -19.128       0.015
Gaia DR3 6055678216910258304 194.3032007 -61.4757315 13.911  2.693       0.376   1.8738  12.2204     8.20      nan      nan    9.361  nan      nan    nan   1.125     nan                                None     -35.762     -15.810     -35.533       0.014     -16.517       0.016
Gaia DR3 5863734784140858240 204.4703996 -65.6339351 12.575  2.879       1.568   6.2307  12.2869     7.46      nan      nan    9.885  nan      nan    nan   2.965     nan                                None     -36.019     -21.390     -34.406       0.049     -18.547       0.059
Gaia DR3 5858333197069833344 196.2089833 -65.9181579 16.204  3.659       0.750   5.6318  12.2887     8.55      nan      nan    9.747  nan      nan    nan   1.017     nan                                None     -37.001     -16.234     -36.899       0.044     -17.772       0.051
Gaia DR3 6059816018451991936 191.6747355 -58.9391390 13.494  2.487       0.479   3.1634  12.2908     8.26      nan      nan    9.432  nan      nan    nan   1.143     nan                                None     -36.277     -15.214     -35.538       0.012     -14.614       0.013
Gaia DR3 6056627920122443136 190.2899728 -59.9940455 14.204  3.130       0.117   3.5099  12.3421     8.62      nan      nan    9.455  nan      nan    nan   2.578     nan                                None     -36.468     -14.184     -36.670       0.035     -14.300       0.041
Gaia DR3 6056554763891515776 190.2660927 -60.4432137 19.944  3.747       0.285   3.4863  12.3645     8.68      nan      nan    9.451  nan      nan    nan   1.096     nan                                None     -36.452     -14.029     -35.905       0.399     -14.179       0.510
Gaia DR3 6053770907860723200 185.1815033 -63.5689057 15.121  3.304       0.921   6.5593  12.3698     9.78      nan      nan    9.964  nan      nan    nan   1.031     nan                                None     -38.624     -10.710     -40.447       0.027     -11.355       0.029
Gaia DR3 6059507987719518976 187.6924832 -58.1880569  8.439  0.750       0.566   5.3523  12.3812     8.83      nan      nan    9.682  nan      nan    nan   4.988     nan                                None     -37.475     -13.631     -38.407       0.070     -14.315       0.084
Gaia DR3 6055007239974885760 188.1010787 -61.2321099 14.359  2.808       0.468   4.5900  12.3988     9.11      nan      nan    9.565  nan      nan    nan   1.044     nan                                None     -37.008     -12.732     -37.413       0.016     -13.585       0.020
Gaia DR3 6057327793619078784 195.9317135 -57.7570681 14.050  2.888       0.486   2.6489  12.4238     7.39      nan      nan    9.383  nan      nan    nan   1.169     nan                                None     -35.655     -17.725     -36.605       0.013     -17.873       0.015
Gaia DR3 6061310052892185088 192.6872179 -56.9137809 12.483  2.199       1.854   4.1619  12.4306     7.81      nan      nan    9.511  nan      nan    nan   0.958     nan                                None     -36.494     -16.459     -34.541       0.019     -13.295       0.023
Gaia DR3 6053750738663546752 187.2517588 -63.2052785 13.159    nan       1.605   5.5658  12.5268     9.45      nan      nan    9.700  nan      nan    nan   0.932     nan                                None     -37.561     -11.765     -38.515       0.042     -14.907       0.081
Gaia DR3 6054478787194977280 182.5381538 -62.7348582 13.896  3.006       0.908   7.4332  12.5534    10.09      nan      nan   10.333  nan      nan    nan   1.425     nan                                None     -40.031      -9.773     -42.004       0.022      -9.921       0.022
Gaia DR3 6064650506677950848 205.8685592 -54.6121924  9.138  0.872       1.169   7.3096  12.5554     5.11      nan      nan   11.000  nan      nan    nan   1.075     nan                                None     -39.716     -27.465     -41.579       0.014     -25.496       0.014
Gaia DR3 5862844115301741056 190.5469275 -64.0517082 15.878  3.633       0.950   4.8933  12.5560     9.07      nan      nan    9.588  nan      nan    nan   1.085     nan                                None     -36.963     -13.262     -38.691       0.041     -14.100       0.044
Gaia DR3 5864076496104483072 202.8747412 -64.7982191 15.070  3.396       0.203   5.1648  12.6146     7.51      nan      nan    9.621  nan      nan    nan   1.011     nan                                None     -35.400     -20.150     -35.346       0.025     -20.558       0.031
Gaia DR3 6064117788975603072 204.5539860 -57.0523512 12.672  2.184       0.218   4.9704  12.6306     5.83      nan      nan    9.590  nan      nan    nan   1.171     nan                                None     -34.928     -22.813     -34.581       0.010     -22.539       0.011
Gaia DR3 6053684115167848192 185.3778553 -64.0646886 10.610  1.547       0.876   6.7026  12.6327     9.79      nan      nan    9.955  nan      nan    nan   2.619     nan                                None     -38.588     -10.641     -39.862       0.037     -11.965       0.036
Gaia DR3 6066863170749184768 197.6614722 -55.0378222 16.648  4.184       0.604   5.2738  12.6418     6.64      nan      nan    9.635  nan      nan    nan   0.943     nan                                None     -36.372     -19.795     -37.481       0.070     -20.323       0.067
Gaia DR3 6071792178303014912 184.4751043 -57.3033275 15.280  3.053       2.157   7.2831  12.6626     9.29      nan      nan   10.185  nan      nan    nan   6.112     nan                                None     -39.484     -12.766     -34.994       0.236     -11.630       0.222
Gaia DR3 5861423821187455360 189.1619745 -63.7454774  9.730  1.265       2.988   5.1357  12.7126     9.23      nan      nan    9.604  nan      nan    nan   4.600     nan                                None     -37.109     -12.579     -43.156       0.070     -12.406       0.069
Gaia DR3 6061934403756610688 197.7221883 -59.7580043 14.394  3.150       0.326   0.5864  12.7296     7.41      nan      nan   12.142  nan      nan    nan   1.179     nan                                None     -45.825     -23.504     -46.313       0.018     -22.825       0.022
Gaia DR3 6073532258504150656 189.8381327 -55.6541184  8.458  0.641       2.193   6.1070  12.8467     8.14      nan      nan   11.548  nan      nan    nan   9.756     nan                                None     -44.574     -18.573     -40.863       0.135     -14.734       0.164
Gaia DR3 5869699948251406464 198.4856769 -60.2810239 16.246  3.517       0.438   0.5797  12.8684     7.38      nan      nan    9.269  nan      nan    nan   1.036     nan                                None     -34.871     -18.214     -34.014       0.038     -18.206       0.043
Gaia DR3 5864358280321171328 207.3425781 -64.0101066 14.638  3.006       0.489   5.9574  12.8815     6.79      nan      nan    9.725  nan      nan    nan   1.224     nan                                None     -34.750     -23.051     -34.283       0.016     -23.940       0.019
Gaia DR3 6071362063101149312 183.0920690 -58.0196041 13.761  2.672       0.902   7.6248  12.8861     9.59      nan      nan   10.324  nan      nan    nan   1.807     nan                                None     -40.010     -11.867     -41.973       0.023     -11.898       0.026
Gaia DR3 6053774103316625664 185.4580479 -63.4111993 11.643  1.784       0.672   6.3824  12.8905     9.72      nan      nan    9.818  nan      nan    nan   0.821     nan                                None     -38.056     -10.773     -39.281       0.012     -11.431       0.013
Gaia DR3 5863747467220738432 203.4780496 -65.6116493 10.739  1.506       0.814   5.9910  12.9104     7.58      nan      nan    9.728  nan      nan    nan   0.865     nan                                None     -35.666     -20.495     -34.021       0.009     -20.781       0.012
Gaia DR3 6054981470168650624 187.6994205 -61.3611225 15.996  3.451       0.218   4.7990  12.9225     9.19      nan      nan    9.532  nan      nan    nan   1.667     nan                                None     -36.894     -12.420     -37.045       0.049     -12.831       0.063
Gaia DR3 5869422355930161408 199.7572223 -61.1165836 16.666  3.109       0.527   1.4414  12.9565     7.32      nan      nan    9.280  nan      nan    nan   1.232     nan                                None     -34.710     -18.699     -33.712       0.077     -18.957       0.085
Gaia DR3 6053530424082173696 186.5480104 -63.7633641 15.859  3.599       0.714   6.1065  12.9861     9.60      nan      nan    9.740  nan      nan    nan   1.123     nan                                None     -37.735     -11.209     -39.169       0.042     -11.510       0.048
Gaia DR3 6054576746800130560 186.8189623 -62.6539908 10.494  1.311       0.758   5.5255  13.0193     9.45      nan      nan    9.627  nan      nan    nan   0.861     nan                                None     -37.289     -11.610     -38.806       0.010     -11.868       0.014
Gaia DR3 6056418119517332480 192.9930286 -60.3976620 20.032  2.970       1.991   2.1404  13.0432     8.25      nan      nan    9.299  nan      nan    nan   1.109     nan                                None     -35.654     -15.297     -35.669       0.376     -11.395       0.446
Gaia DR3 5869620194975953024 198.3699764 -60.8254928 11.974  1.902       0.586   0.7314  13.0508     7.48      nan      nan    9.256  nan      nan    nan   4.438     nan                                None     -34.837     -17.988     -35.889       0.050     -17.541       0.051
Gaia DR3 6055915848895776000 197.5224988 -59.9491846 12.703  2.520       1.241   0.3735  13.1141     7.47      nan      nan    9.246  nan      nan    nan  10.392     nan                                None     -34.924     -17.745     -36.860       0.109     -19.196       0.138
Gaia DR3 6056799375198660352 193.8170632 -60.0349108 17.116  3.985       0.789   1.7621  13.1259     8.07      nan      nan    9.276  nan      nan    nan   1.061     nan                                None     -35.486     -15.803     -36.064       0.064     -17.234       0.076
Gaia DR3 6055269851418960384 193.5918974 -62.0689972 15.317  3.329       0.470   2.5138  13.1521     8.38      nan      nan    9.308  nan      nan    nan   1.102     nan                                None     -35.630     -15.162     -34.998       0.027     -15.834       0.035
Gaia DR3 6055507479067207936 191.5562622 -61.2990532 18.764  4.267       0.412   2.9784  13.1541     8.59      nan      nan    9.335  nan      nan    nan   1.067     nan                                None     -35.916     -14.311     -35.542       0.186     -15.030       0.215
Gaia DR3 6065381024758288128 205.4362079 -54.5595371  5.242 -0.104       1.762   7.2106  13.2056     5.18      nan      nan   11.281  nan      nan    nan   1.108     nan                                None     -40.851     -27.928     -43.783       0.066     -24.935       0.085
Gaia DR3 5870000870894500352 203.7301084 -59.2038530 11.363  1.667       1.588   3.4121  13.2392     6.38      nan      nan    9.358  nan      nan    nan   6.379     nan                                None     -34.259     -21.392     -32.092       0.075     -23.654       0.082
Gaia DR3 5863747462890662144 203.4781799 -65.6112816 14.597    nan       0.251   5.9908  13.2425     7.58      nan      nan    9.680  nan      nan    nan   0.612     nan                                None     -35.489     -20.394     -35.473       0.388     -19.882       0.076
Gaia DR3 5860587917472173056 185.1171357 -65.8427088  6.196 -0.060       1.117   7.7946  13.2623     9.98      nan      nan   10.278  nan      nan    nan   0.754     nan                                None     -39.842     -10.157     -41.880       0.032     -11.464       0.038
Gaia DR3 6054660378413458304 186.7847266 -62.1993576 14.356  2.952       0.690   5.3993  13.2644     9.41      nan      nan    9.576  nan      nan    nan   1.187     nan                                None     -37.092     -11.680     -38.464       0.016     -11.447       0.019
Gaia DR3 6068338371741297536 198.3800671 -53.2477685 14.778  3.371       1.355   7.0844  13.2696     6.20      nan      nan   11.349  nan      nan    nan   1.425     nan                                None     -42.714     -24.232     -41.811       0.039     -21.119       0.037
Gaia DR3 6053813582658757632 186.5614020 -62.9612950 17.239  3.319       0.780   5.7478  13.2900     9.52      nan      nan    9.629  nan      nan    nan   1.106     nan                                None     -37.304     -11.360     -38.788       0.069     -11.912       0.079
Gaia DR3 6065618072591696512 203.6100913 -54.0385793 13.415  2.724       1.189   7.1306  13.2920     5.40      nan      nan   11.338  nan      nan    nan   1.260     nan                                None     -41.535     -27.114     -40.104       0.015     -24.660       0.016
Gaia DR3 5858220149181921536 194.4240161 -66.8602745 12.841  2.683       1.502   6.6753  13.3197     8.90      nan      nan    9.818  nan      nan    nan  18.004     nan                                None     -37.494     -14.989     -34.477       0.249     -14.239       0.271
Gaia DR3 6057500245143971328 182.5055472 -62.4452886 14.574  2.921       1.150   7.3913  13.3348    10.07      nan      nan   10.042  nan      nan    nan   1.588     nan                                None     -38.902      -9.586     -41.285       0.026     -10.087       0.029
Gaia DR3 6065381029065308416 205.4369909 -54.5610146  6.601  0.072       0.748   7.2096  13.3391     5.18      nan      nan   11.320  nan      nan    nan   1.065     nan                                None     -40.993     -28.025     -42.707       0.026     -27.523       0.030
Gaia DR3 6062072839142616192 200.1065865 -58.8391889 13.675  2.716       0.606   2.0379  13.3585     6.88      nan      nan    9.266  nan      nan    nan   1.226     nan                                None     -34.600     -19.406     -33.527       0.012     -18.905       0.014
Gaia DR3 6064355184732362112 207.0563663 -55.4746559 15.353  3.428       1.113   7.0696  13.3827     5.09      nan      nan    9.917  nan      nan    nan   1.379     nan                                None     -35.511     -25.208     -33.251       0.035     -24.652       0.047
Gaia DR3 6053750734358971520 187.2526760 -63.2052408 10.943  1.560       0.289   5.5654  13.3896     9.45      nan      nan    9.586  nan      nan    nan   0.976     nan                                None     -37.118     -11.627     -37.653       0.012     -11.858       0.015
Gaia DR3 6053802862419772288 187.0325124 -63.0332887 12.281  2.477       1.893   5.5806  13.3973     9.46      nan      nan    9.587  nan      nan    nan   1.401     nan                                None     -37.130     -11.559     -40.563       0.018     -13.248       0.024
Gaia DR3 5863745955392204288 203.3990693 -65.6327877  6.356 -0.022       1.303   5.9928  13.4059     7.59      nan      nan    9.657  nan      nan    nan   0.795     nan                                None     -35.424     -20.297     -36.438       0.024     -22.748       0.032
Gaia DR3 6057235881321821696 195.6716790 -58.1789330 16.626  3.776       0.036   2.2895  13.4092     7.49      nan      nan    9.273  nan      nan    nan   0.996     nan                                None     -35.269     -17.274     -35.298       0.063     -17.338       0.073
Gaia DR3 6059927313983302272 190.5829288 -58.7834446 13.264  2.638       0.623   3.7362  13.4180     8.42      nan      nan    9.367  nan      nan    nan   1.058     nan                                None     -36.109     -14.566     -36.884       0.032     -15.520       0.036
Gaia DR3 6054195353727048960 183.0424038 -63.4541585  6.977  0.102       0.950   7.4057  13.4464    10.07      nan      nan   10.020  nan      nan    nan   0.864     nan                                None     -38.828      -9.514     -40.782       0.021      -9.974       0.023
Gaia DR3 6059997201683638016 190.3254339 -58.4322799  9.621  0.957       0.257   4.0232  13.4831     8.42      nan      nan    9.386  nan      nan    nan   5.199     nan                                None     -36.199     -14.559     -35.696       0.062     -14.488       0.069
Gaia DR3 5860870217105595136 185.1300375 -65.0669609 12.094  2.112       1.176   7.3212  13.4882     9.92      nan      nan    9.979  nan      nan    nan  14.230     nan                                None     -38.680     -10.152     -36.446       0.190     -11.215       0.216
Gaia DR3 5863794471348452480 203.4405373 -65.5857592 13.152  2.447       0.025   5.9609  13.4890     7.58      nan      nan    9.640  nan      nan    nan   1.048     nan                                None     -35.351     -20.296     -35.323       0.011     -20.337       0.014
Gaia DR3 5863794540067932416 203.4375959 -65.5836775 15.230  3.210       0.202   5.9585  13.4993     7.58      nan      nan    9.638  nan      nan    nan   1.010     nan                                None     -35.345     -20.291     -35.098       0.023     -20.619       0.027
Gaia DR3 6064355219092108928 207.0427874 -55.4672351 13.040  2.360       0.383   7.0698  13.5102     5.09      nan      nan    9.892  nan      nan    nan   1.245     nan                                None     -35.424     -25.138     -34.873       0.012     -24.560       0.017
Gaia DR3 5861952372686654464 193.3907377 -64.1226881 10.993  1.411       0.664   4.2288  13.5103     8.68      nan      nan    9.403  nan      nan    nan   0.794     nan                                None     -36.016     -14.598     -35.740       0.011     -15.885       0.014
Gaia DR3 5870290798365685248 202.5371218 -58.4846329  7.971  0.632       1.160   3.2217  13.5443     6.43      nan      nan    9.315  nan      nan    nan   0.952     nan                                None     -34.341     -20.842     -32.168       0.014     -20.157       0.017
Gaia DR3 6073106193460538240 188.3839291 -57.2362062 17.932  4.170       0.360   5.5506  13.5474     8.60      nan      nan    9.564  nan      nan    nan   1.081     nan                                None     -36.990     -14.134     -36.627       0.103     -14.763       0.129
Gaia DR3 6059166005256702976 186.2880757 -59.0994025 12.968  2.361       0.175   5.6864  13.6004     9.17      nan      nan    9.579  nan      nan    nan   1.196     nan                                None     -37.114     -12.419     -37.458       0.015     -12.503       0.016
Gaia DR3 6053751494606438656 187.3905841 -63.1472679 16.705  3.945       0.754   5.4838  13.6083     9.42      nan      nan    9.546  nan      nan    nan   1.022     nan                                None     -36.959     -11.678     -38.478       0.056     -11.698       0.061
Gaia DR3 6053783346069734656 186.1384999 -63.1989067 14.922    nan       0.977   6.0172  13.6313     9.61      nan      nan    9.631  nan      nan    nan   1.047     nan                                None     -37.319     -11.036     -39.242       0.124     -11.526       0.128
Gaia DR3 6059689544602969344 189.2142241 -59.5582948 14.907  2.976       1.495   4.1256  13.6314     8.74      nan      nan    9.381  nan      nan    nan   1.134     nan                                None     -36.243     -13.615     -37.362       0.021     -10.878       0.028
Gaia DR3 6064355253451851136 207.0484764 -55.4646412 12.224  2.318       1.491   7.0739  13.6427     5.09      nan      nan    9.868  nan      nan    nan   2.367     nan                                None     -35.335     -25.080     -32.995       0.028     -23.044       0.039
Gaia DR3 6053796677666775296 186.8413879 -63.2464980 14.207  2.815       0.564   5.7497  13.6470     9.51      nan      nan    9.583  nan      nan    nan   1.117     nan                                None     -37.117     -11.372     -37.917       0.017     -12.183       0.020
Gaia DR3 6053786301024452992 186.0615107 -63.1892999 13.561  3.005       1.559   6.0452  13.6592     9.62      nan      nan    9.632  nan      nan    nan   2.399     nan                                None     -37.325     -10.996     -40.465       0.031     -10.591       0.030
Gaia DR3 6059728989586223232 190.6317671 -59.0868497 17.323  3.931       0.331   3.5856  13.6762     8.45      nan      nan    9.329  nan      nan    nan   1.010     nan                                None     -35.961     -14.446     -35.329       0.072     -14.291       0.078
Gaia DR3 6053693083047384576 185.9254261 -63.8701254  7.391  0.202       0.571   6.3984  13.6792     9.70      nan      nan    9.698  nan      nan    nan   3.273     nan                                None     -37.581     -10.756     -36.468       0.088     -10.406       0.089
Gaia DR3 6060708276468392704 195.0867446 -56.2289653 11.667  1.663       0.513   4.2442  13.7112     7.29      nan      nan    9.384  nan      nan    nan   1.336     nan                                None     -35.761     -17.673     -34.754       0.013     -17.536       0.017
Gaia DR3 6057647854580472064 180.5506605 -62.2307931 15.729  3.497       2.100   8.2600  13.7237    10.35      nan      nan   10.479  nan      nan    nan   1.727     nan                                None     -40.524      -8.862     -39.565       0.053      -4.323       0.058
Gaia DR3 6074797246644014720 191.6299948 -54.0753409 14.594  3.094       0.762   6.9472  13.7260     7.59      nan      nan    9.818  nan      nan    nan   1.880     nan                                None     -37.767     -17.207     -38.666       0.033     -15.912       0.034
Gaia DR3 6056817104825270912 194.6500926 -59.8998185 14.617  2.939       0.391   1.3906  13.7496     7.92      nan      nan    9.210  nan      nan    nan   1.013     nan                                None     -35.145     -16.170     -34.477       0.018     -16.530       0.022
Gaia DR3 6061224875125668864 190.9571848 -56.5643954 13.358  2.478       0.382   5.0057  13.7628     8.07      nan      nan    9.463  nan      nan    nan   1.178     nan                                None     -36.452     -15.554     -36.878       0.011     -16.186       0.014
Gaia DR3 6053842719693029376 187.6639842 -63.1057205 17.200  3.911       1.338   5.3548  13.7682     9.38      nan      nan    9.508  nan      nan    nan   0.990     nan                                None     -36.804     -11.802     -38.943       0.072     -13.419       0.075
Gaia DR3 5871916701150932480 206.0257887 -57.2257011 17.575  3.746       1.258   5.4608  13.7769     5.62      nan      nan    9.522  nan      nan    nan   1.026     nan                                None     -34.345     -23.362     -35.909       0.086     -21.379       0.100
Gaia DR3 6059835539127874688 191.2109200 -58.7758824 15.800  3.226       0.110   3.4521  13.7877     8.32      nan      nan    9.309  nan      nan    nan   1.000     nan                                None     -35.839     -14.814     -35.675       0.029     -14.673       0.039
Gaia DR3 6053774412534875904 185.4624042 -63.4160509 17.092  3.825       1.024   6.3826  13.7998     9.72      nan      nan    9.677  nan      nan    nan   0.997     nan                                None     -37.506     -10.618     -39.461       0.069     -11.353       0.069
Gaia DR3 6067137292734936320 201.1985299 -54.3242343 14.976  3.201       0.407   6.3379  13.8677     5.88      nan      nan    9.658  nan      nan    nan   1.033     nan                                None     -35.865     -21.824     -35.550       0.027     -21.057       0.019
Gaia DR3 6064270144382706176 206.1812133 -56.0471140 10.683  1.111       0.648   6.3154  13.8820     5.36      nan      nan   11.717  nan      nan    nan   0.938     nan                                None     -42.214     -29.121     -41.786       0.008     -30.664       0.014
Gaia DR3 5845197224226679168 199.9865102 -68.5206444 12.041  2.125       0.236   8.2908  13.9000     8.47      nan      nan   10.376  nan      nan    nan   2.137     nan                                None     -38.769     -18.814     -39.116       0.025     -18.432       0.028
Gaia DR3 5860509641630862848 184.6984511 -66.3621829 17.776  4.566       0.635   8.2600  13.9619    10.08      nan      nan   10.312  nan      nan    nan   1.078     nan                                None     -39.974      -9.725     -41.042       0.130     -10.598       0.139
Gaia DR3 6054562521867883136 186.3735259 -63.0013282 15.204  3.317       1.892   5.8420  13.9829     9.55      nan      nan    9.555  nan      nan    nan   1.123     nan                                None     -37.020     -11.151     -40.792       0.028     -11.692       0.027
Gaia DR3 6053796677666775424 186.8393051 -63.2460403 13.020  2.335       1.814   5.7504  13.9859     9.51      nan      nan    9.540  nan      nan    nan   1.056     nan                                None     -36.952     -11.320     -39.054       0.012     -14.304       0.015
Gaia DR3 5855802671046171648 191.5695495 -68.1081470  3.549 -0.158       1.593   8.1824  13.9890     9.39      nan      nan   10.241  nan      nan    nan   2.731     nan                                None     -39.399     -13.397     -37.428       0.447     -10.578       0.703
Gaia DR3 6057329816508585088 195.5996815 -57.7650493 14.090  3.128       1.072   2.6923  14.0000     7.44      nan      nan    9.240  nan      nan    nan   1.884     nan                                None     -35.153     -17.282     -37.096       0.026     -18.048       0.032
Gaia DR3 6071556676645384832 186.4783053 -58.0703149 13.793  2.618       0.235   5.9771  14.0039     9.03      nan      nan    9.574  nan      nan    nan   1.181     nan                                None     -37.093     -12.849     -37.446       0.014     -13.166       0.015
Gaia DR3 5855730103274382464 192.1324901 -68.4816997 13.559  2.712       0.552   8.4676  14.0104     9.36      nan      nan   10.567  nan      nan    nan   1.071     nan                                None     -40.603     -14.058     -41.313       0.013     -15.061       0.016
Gaia DR3 6056007005247815424 193.9255087 -60.6711827 17.751  4.168       0.657   1.7093  14.0208     8.14      nan      nan    9.196  nan      nan    nan   1.005     nan                                None     -35.169     -15.550     -36.356       0.097     -16.015       0.121
Gaia DR3 6058943594666418944 183.3489945 -59.7859912 15.288  3.437       0.540   6.9804  14.0512     9.72      nan      nan    9.770  nan      nan    nan   4.419     nan                                None     -37.867     -10.762     -36.930       0.116     -10.161       0.127
Gaia DR3 5870290793999026560 202.5314976 -58.4841667 13.412  2.864       0.966   3.2196  14.0565     6.43      nan      nan    9.267  nan      nan    nan   5.064     nan                                None     -34.164     -20.732     -33.950       0.044     -18.857       0.049
Gaia DR3 5861952377041132544 193.3916563 -64.1227055 14.311    nan       1.680   4.2286  14.0640     8.68      nan      nan    9.347  nan      nan    nan   1.162     nan                                None     -35.799     -14.510     -38.375       0.050     -12.433       0.094
Gaia DR3 5859897836485814016 189.7330116 -66.8879680 14.099  2.845       0.677   7.3814  14.1284     9.48      nan      nan    9.865  nan      nan    nan   1.214     nan                                None     -38.082     -12.196     -39.300       0.018     -12.903       0.022
Gaia DR3 5860974155299146624 186.3552256 -65.4910222 18.314  4.025       1.628   7.1780  14.1334     9.79      nan      nan    9.807  nan      nan    nan   1.209     nan                                None     -37.996     -10.565     -37.550       0.144      -7.228       0.149
Gaia DR3 5861015833652416000 188.6951608 -65.4989870 16.029  3.550       0.734   6.4969  14.1788     9.48      nan      nan    9.645  nan      nan    nan   1.016     nan                                None     -37.288     -11.775     -38.300       0.040     -12.873       0.044
Gaia DR3 5335253699937967616 179.8729495 -60.6851730 15.347  3.175       1.863   8.5737  14.1978    10.34      nan      nan   10.542  nan      nan    nan   1.875     nan                                None     -40.730      -9.112     -38.703       0.052      -5.501       0.049
Gaia DR3 6062135889249883008 198.0614756 -59.4028497 16.531  3.720       0.709   0.9797  14.2044     7.30      nan      nan    9.161  nan      nan    nan   0.987     nan                                None     -34.528     -17.999     -33.215       0.044     -17.613       0.048
Gaia DR3 6061102588819689472 188.8521440 -57.2085864 13.542  2.692       0.649   5.3680  14.2351     8.52      nan      nan    9.456  nan      nan    nan   1.219     nan                                None     -36.551     -14.234     -37.836       0.013     -14.383       0.015
Gaia DR3 6053778913680093184 185.5134916 -63.2866942 14.349  3.040       0.549   6.3104  14.2375     9.71      nan      nan    9.601  nan      nan    nan   1.104     nan                                None     -37.214     -10.610     -37.973       0.018     -11.421       0.020
Gaia DR3 5856560337637521280 191.8311720 -67.8539968 11.025  1.403       2.984   7.9100  14.2382     9.33      nan      nan   11.296  nan      nan    nan   0.923     nan                                None     -43.432     -15.059     -46.353       0.013      -8.581       0.016
Gaia DR3 6061991269115435136 199.8311343 -59.4724260  8.148  0.497       0.869   1.5129  14.2427     7.03      nan      nan    9.171  nan      nan    nan   0.883     nan                                None     -34.289     -18.916     -32.737       0.016     -18.275       0.019
Gaia DR3 6072157628479298432 183.4314573 -57.5814921 10.009  0.875       2.869   7.6467  14.2954     9.49      nan      nan    9.914  nan      nan    nan   0.829     nan                                None     -38.423     -11.740     -32.450       0.010     -11.205       0.012
Gaia DR3 5864326428839452928 206.0357016 -64.3329602 14.242  2.790       0.751   5.7004  14.3076     7.02      nan      nan    9.493  nan      nan    nan   1.040     nan                                None     -34.238     -21.724     -33.017       0.013     -22.600       0.018
Gaia DR3 6053806848149824512 186.2169412 -63.1726612 13.649  2.675       0.870   5.9743  14.3220     9.59      nan      nan    9.533  nan      nan    nan   1.139     nan                                None     -36.940     -10.978     -37.879       0.014     -12.454       0.015
Gaia DR3 5851543918941235456 205.9809797 -66.2957410 15.220  3.392       0.297   7.1274  14.3222     7.39      nan      nan    9.761  nan      nan    nan   1.009     nan                                None     -35.217     -21.798     -34.846       0.023     -22.284       0.029
Gaia DR3 5872591904353080576 210.1695717 -55.2938278 13.190  2.543       0.347   8.4648  14.3303     4.53      nan      nan   10.297  nan      nan    nan   1.163     nan                                None     -35.985     -27.836     -35.319       0.009     -27.484       0.016
Gaia DR3 5860519953903225728 185.4195144 -66.1164750 12.550  2.258       0.671   7.8796  14.3465     9.96      nan      nan    9.984  nan      nan    nan   1.020     nan                                None     -38.699      -9.952     -40.103       0.012     -10.106       0.015
Gaia DR3 6061184846033257600 191.4235620 -56.7200475 17.393  4.010       0.715   4.7241  14.3560     8.01      nan      nan    9.366  nan      nan    nan   1.009     nan                                None     -36.045     -15.597     -37.096       0.082     -16.539       0.112
Gaia DR3 5862888576805796224 192.2887178 -63.5049099 15.457  3.167       0.572   3.9755  14.3865     8.76      nan      nan    9.292  nan      nan    nan   0.987     nan                                None     -35.691     -13.995     -35.509       0.026     -15.100       0.029
Gaia DR3 6053783346086953600 186.1389997 -63.1987228 13.775  2.732       0.798   6.0169  14.4097     9.61      nan      nan    9.529  nan      nan    nan   1.363     nan                                None     -36.925     -10.920     -37.911       0.051      -9.657       0.050
Gaia DR3 6060321488887211136 194.7610840 -57.7400728 14.678  2.921       0.558   2.8852  14.4131     7.58      nan      nan    9.214  nan      nan    nan   1.100     nan                                None     -35.149     -16.804     -34.195       0.017     -16.291       0.022
Gaia DR3 6058296600814080256 185.8657283 -60.2374357 13.177  2.615       1.229   5.6717  14.4317     9.36      nan      nan    9.474  nan      nan    nan  17.007     nan                                None     -36.718     -11.683     -37.927       0.184     -13.819       0.187
Gaia DR3 6067520678700736768 196.9953576 -55.1316636 15.290  3.549       0.887   5.1796  14.4451     6.78      nan      nan    9.408  nan      nan    nan   1.850     nan                                None     -35.611     -18.969     -35.319       0.053     -17.234       0.051
Gaia DR3 6054650963844303488 186.2844728 -62.3886785 14.581  3.021       0.776   5.6754  14.4581     9.51      nan      nan    9.472  nan      nan    nan   1.097     nan                                None     -36.700     -11.207     -37.977       0.020     -12.088       0.020
Gaia DR3 6071548670839838848 185.7056570 -57.6761832  5.356 -0.125       0.337   6.5239  14.4709     9.11      nan      nan    9.609  nan      nan    nan   0.971     nan                                None     -37.240     -12.596     -37.155       0.059     -11.919       0.068
Gaia DR3 6060189753658659840 193.5024014 -58.2652314 14.494  2.990       1.884   2.8224  14.4710     7.87      nan      nan    9.205  nan      nan    nan   1.128     nan                                None     -35.247     -15.995     -35.638       0.017     -12.359       0.021
Gaia DR3 5872473741218548352 208.6470317 -55.7431911 13.934  2.613       2.853   7.5224  14.4719     4.88      nan      nan    9.840  nan      nan    nan   2.398     nan                                None     -34.814     -25.765     -34.201       0.023     -19.879       0.035
Gaia DR3 5857263986382224128 194.7836721 -67.8629689 13.296  2.588       0.532   7.6336  14.4722     8.98      nan      nan    9.873  nan      nan    nan   1.125     nan                                None     -37.661     -14.965     -38.465       0.012     -15.728       0.016
Gaia DR3 6054524519999297792 184.4479735 -62.0472048 13.123  2.413       0.904   6.4310  14.4795     9.75      nan      nan    9.590  nan      nan    nan   1.137     nan                                None     -37.177     -10.409     -38.976       0.012     -10.733       0.014
Gaia DR3 6053739125100082432 186.8466326 -63.4046098 15.029  3.290       1.368   5.8186  14.4979     9.52      nan      nan    9.488  nan      nan    nan   1.203     nan                                None     -36.749     -11.209     -39.225       0.028     -12.375       0.033
Gaia DR3 6081034741745980288 195.6119301 -52.0141530 12.112  2.329       1.666   8.3477  14.5104     6.51      nan      nan   10.149  nan      nan    nan   2.847     nan                                None     -38.608     -20.488     -37.670       0.039     -17.050       0.032
Gaia DR3 5856965846936162816 193.7715131 -68.7552318 15.025  2.791       1.410   8.5798  14.5175     9.21      nan      nan   10.299  nan      nan    nan  14.448     nan                                None     -39.404     -14.656     -41.773       0.355     -16.595       0.335
Gaia DR3 6055162129329861248 190.0704568 -62.9166887 14.312  2.909       1.015   4.3171  14.5202     9.01      nan      nan    9.309  nan      nan    nan   1.227     nan                                None     -35.918     -12.961     -37.568       0.017     -14.076       0.021
Gaia DR3 5845026082698840576 197.1275252 -68.7469524 12.596  2.355       0.612   8.4389  14.5217     8.82      nan      nan   10.198  nan      nan    nan   1.167     nan                                None     -38.579     -16.634     -39.302       0.012     -17.733       0.016
Gaia DR3 6067533838480626432 196.4495840 -55.0428775 16.249  2.237       0.367   5.2858  14.5337     6.86      nan      nan    9.412  nan      nan    nan   1.137     nan                                None     -35.697     -18.718     -35.827       0.039     -19.435       0.041
Gaia DR3 5869620199316965632 198.3701102 -60.8235300 15.173  3.130       1.102   0.7301  14.5345     7.48      nan      nan    9.130  nan      nan    nan   1.085     nan                                None     -34.363     -17.744     -33.124       0.021     -19.466       0.025
Gaia DR3 6054526444144689792 184.7267182 -61.9764221 12.598  2.488       1.153   6.2900  14.5503     9.70      nan      nan    9.556  nan      nan    nan   3.931     nan                                None     -37.044     -10.556     -35.811       0.053      -8.586       0.051
Gaia DR3 5858971635414736000 198.2726518 -64.6137153 14.769  2.978       0.497   4.3278  14.5503     8.09      nan      nan    9.307  nan      nan    nan   1.006     nan                                None     -35.046     -17.025     -35.058       0.020     -18.000       0.025
Gaia DR3 6062015664532023680 200.3123182 -59.1183245 16.021  3.434       0.830   1.9228  14.5526     6.90      nan      nan    9.157  nan      nan    nan   0.990     nan                                None     -34.160     -19.219     -32.584       0.031     -18.923       0.041
Gaia DR3 6071705660474925952 184.7608214 -57.9345475 16.654  3.677       0.195   6.8545  14.5627     9.30      nan      nan    9.661  nan      nan    nan   1.025     nan                                None     -37.451     -12.058     -37.834       0.048     -11.951       0.052
Gaia DR3 6056418016438118016 192.9918266 -60.3972893 17.883  4.824       1.557   2.1410  14.5682     8.25      nan      nan    9.164  nan      nan    nan   1.041     nan                                None     -35.138     -15.075     -34.951       0.094     -12.074       0.113
Gaia DR3 5861726186890243584 191.7669468 -65.3908202 18.809  4.522       1.063   5.6735  14.5754     9.06      nan      nan    9.458  nan      nan    nan   1.054     nan                                None     -36.371     -13.360     -38.271       0.195     -14.299       0.220
Gaia DR3 5868923418178479360 205.9285429 -60.6284375 15.699  3.315       0.862   4.2536  14.5992     6.32      nan      nan    9.296  nan      nan    nan   1.077     nan                                None     -33.549     -22.062     -34.887       0.025     -21.032       0.025
Gaia DR3 5845050203239172608 196.8230436 -68.7363301 13.372  2.701       0.695   8.4305  14.6020     8.85      nan      nan   10.164  nan      nan    nan   1.173     nan                                None     -38.496     -16.392     -39.396       0.012     -17.577       0.015
Gaia DR3 6067196013523931264 199.4836735 -54.9282095 14.424  2.979       1.619   5.5032  14.6147     6.30      nan      nan   12.020  nan      nan    nan   1.118     nan                                None     -45.016     -25.904     -44.346       0.019     -21.857       0.019
Gaia DR3 5857261551179958016 194.3586617 -67.9607724  6.776  0.063       0.570   7.7582  14.6240     9.04      nan      nan    9.881  nan      nan    nan   0.769     nan                                None     -37.742     -14.686     -38.513       0.021     -15.589       0.026
Gaia DR3 6054900552974120064 185.3104740 -61.8530646 15.183  3.185       0.754   5.9984  14.6376     9.60      nan      nan    9.498  nan      nan    nan   1.112     nan                                None     -36.815     -10.864     -38.322       0.025     -10.786       0.029
Gaia DR3 6059526198381792000 186.8325689 -58.3095308  9.437  1.003       0.237   5.7049  14.6493     8.99      nan      nan    9.454  nan      nan    nan   0.892     nan                                None     -36.617     -12.804     -36.865       0.010     -13.205       0.011
Gaia DR3 5844952827734654720 194.5726302 -69.1060873 15.003  3.357       0.809   8.8732  14.6624     9.16      nan      nan   10.645  nan      nan    nan   1.049     nan                                None     -40.632     -15.554     -41.966       0.023     -16.784       0.031
Gaia DR3 6058229324440665472 186.0355484 -60.4987726 16.887  3.564       1.251   5.5682  14.6860     9.36      nan      nan    9.431  nan      nan    nan   3.938     nan                                None     -36.546     -11.638     -34.287       0.206     -10.596       0.222
Gaia DR3 6052983932435878656 182.8929353 -65.5159284 12.987  2.520       0.798   8.3492  14.6885    10.25      nan      nan   10.094  nan      nan    nan   1.184     nan                                None     -39.112      -8.713     -40.530       0.018      -9.648       0.021
Gaia DR3 5871907522767529728 205.7515730 -57.3931474 18.588  3.586       1.720   5.2412  14.7647     5.70      nan      nan    9.381  nan      nan    nan   1.185     nan                                None     -33.898     -22.846     -35.304       0.161     -19.748       0.189
Gaia DR3 6054752668651631872 187.8023103 -61.9087954  7.874  0.671       1.264   4.8623  14.7973     9.23      nan      nan    9.335  nan      nan    nan   1.456     nan                                None     -36.127     -12.046     -38.258       0.027     -10.764       0.030
Gaia DR3 5857778660909065344 197.9740530 -67.0093647 15.932  3.838       2.633   6.7072  14.8026     8.48      nan      nan    9.597  nan      nan    nan   3.498     nan                                None     -36.184     -16.682     -40.176       0.139     -20.210       0.165
Gaia DR3 6059079487430139264 186.2533831 -59.6816545 15.175  3.492       0.945   5.5614  14.8249     9.24      nan      nan    9.414  nan      nan    nan   1.153     nan                                None     -36.477     -12.001     -38.295       0.030     -12.459       0.031
Gaia DR3 5861474604890033792 192.4641007 -65.9381761 15.282  3.562       1.258   6.0379  14.8352     9.03      nan      nan    9.480  nan      nan    nan   2.563     nan                                None     -36.396     -13.622     -37.011       0.063     -11.185       0.076
Gaia DR3 6066594168367643776 198.2159161 -55.5953337 15.089  2.979       1.459   4.7371  14.8580     6.64      nan      nan    9.316  nan      nan    nan   1.084     nan                                None     -35.086     -19.292     -34.483       0.019     -16.491       0.020
Gaia DR3 5872499648456067200 208.0714620 -55.7812793 14.874  2.878       1.875   7.2579  14.8591     4.99      nan      nan    9.704  nan      nan    nan   1.087     nan                                None     -34.487     -25.118     -34.615       0.016     -21.285       0.026
Gaia DR3 6057338926175226496 196.1679522 -57.5398111 13.888  2.700       0.578   2.8313  14.8669     7.31      nan      nan    9.170  nan      nan    nan   1.185     nan                                None     -34.818     -17.499     -33.742       0.013     -17.201       0.015
Gaia DR3 6054539603925742336 186.0887017 -63.0285412 12.516  2.133       0.762   5.9719  14.8766     9.60      nan      nan    9.465  nan      nan    nan   0.974     nan                                None     -36.677     -10.875     -38.187       0.011     -10.702       0.013
Gaia DR3 5861354547596192512 189.5987709 -64.0806904 11.208  1.566       0.439   5.2079  14.8788     9.21      nan      nan    9.365  nan      nan    nan   0.936     nan                                None     -36.160     -12.406     -36.838       0.014     -12.945       0.015
Gaia DR3 6073570810148687744 191.1434372 -55.2128616 15.117  3.188       0.299   6.0616  14.8909     7.85      nan      nan    9.477  nan      nan    nan   1.099     nan                                None     -36.491     -16.050     -36.345       0.019     -15.470       0.025
Gaia DR3 6059079487430141312 186.2596102 -59.6801910 13.525  2.559       0.946   5.5586  14.9274     9.24      nan      nan    9.402  nan      nan    nan   1.146     nan                                None     -36.431     -11.990     -38.167       0.012     -12.698       0.013
Gaia DR3 6061962578725632640 199.4125868 -59.2926652 11.699  1.749       0.633   1.4637  14.9313     7.07      nan      nan    9.111  nan      nan    nan   1.364     nan                                None     -34.133     -18.621     -32.947       0.015     -18.353       0.018
Gaia DR3 6053706655144658688 185.4712212 -63.7926961 13.083  2.580       1.705   6.5398  14.9373     9.76      nan      nan    9.548  nan      nan    nan   3.541     nan                                None     -37.009     -10.354     -40.416       0.041     -10.777       0.040
Gaia DR3 6056356302043885056 191.2487549 -60.4455866 12.595  2.088       1.182   3.0016  14.9493     8.53      nan      nan    9.172  nan      nan    nan   0.948     nan                                None     -35.312     -14.142     -35.631       0.010     -16.406       0.012
Gaia DR3 6061310052916532096 192.6866313 -56.9134231 12.393  2.617       1.069   4.1623  14.9827     7.81      nan      nan    9.250  nan      nan    nan   2.218     nan                                None     -35.495     -16.008     -37.565       0.055     -15.758       0.068
Gaia DR3 6074279754632630272 189.1040481 -55.1195650 13.894  2.775       0.641   6.7849  14.9839     8.21      nan      nan    9.587  nan      nan    nan   1.201     nan                                None     -37.044     -15.183     -38.333       0.014     -15.054       0.017
Gaia DR3 6054631584949703552 185.7724085 -62.4076614 17.491  4.143       1.070   5.9086  15.0140     9.59      nan      nan    9.439  nan      nan    nan   1.126     nan                                None     -36.583     -10.873     -38.391       0.098     -11.998       0.102
Gaia DR3 6057854837642404608 182.8140036 -61.1861664 13.305  2.558       0.929   7.1262  15.0167     9.92      nan      nan    9.651  nan      nan    nan   1.162     nan                                None     -37.394      -9.837     -39.275       0.012     -10.015       0.013
Gaia DR3 6055162545962703616 190.1492235 -62.9414984 16.281  3.658       0.699   4.3014  15.0448     9.00      nan      nan    9.256  nan      nan    nan   1.074     nan                                None     -35.709     -12.923     -37.071       0.042     -12.854       0.047
Gaia DR3 6073372863701795968 190.7157363 -55.5219731 15.370  3.203       1.041   5.9274  15.0473     7.97      nan      nan    9.438  nan      nan    nan   1.078     nan                                None     -36.374     -15.677     -37.788       0.024     -14.163       0.031
Gaia DR3 5861082663349188864 190.3932704 -64.6375155 15.074  3.156       0.422   5.3770  15.0676     9.16      nan      nan    9.364  nan      nan    nan   1.088     nan                                None     -36.110     -12.681     -36.607       0.025     -13.348       0.029
Gaia DR3 6059722529954763392 189.9397739 -59.2755185 15.275  3.310       0.299   3.8506  15.0683     8.59      nan      nan    9.217  nan      nan    nan   1.096     nan                                None     -35.572     -13.849     -35.000       0.026     -13.747       0.029
Gaia DR3 6057937335386162560 185.4827269 -61.3038315 14.429  2.908       0.791   5.8491  15.0722     9.52      nan      nan    9.424  nan      nan    nan   1.251     nan                                None     -36.528     -11.059     -38.092       0.017     -11.213       0.019
Gaia DR3 6055586579497835904 192.1342571 -61.3174936 16.774  3.589       0.227   2.7205  15.0971     8.50      nan      nan    9.144  nan      nan    nan   0.958     nan                                None     -35.136     -14.324     -35.186       0.049     -14.759       0.057
Gaia DR3 6061899803505280512 198.8587625 -59.7331828 13.878  2.642       0.506   0.9614  15.1341     7.23      nan      nan    9.083  nan      nan    nan   1.036     nan                                None     -34.115     -18.175     -33.307       0.032     -17.642       0.036
Gaia DR3 6077824373954815744 189.0565215 -53.0258566 14.295  2.907       0.296   8.5671  15.1487     7.93      nan      nan   10.063  nan      nan    nan   1.176     nan                                None     -38.886     -16.536     -38.756       0.017     -15.921       0.017
Gaia DR3 5859820114746274944 186.2997714 -67.3624950 15.168  3.224       1.125   8.5383  15.1521     9.96      nan      nan   10.049  nan      nan    nan   1.055     nan                                None     -38.934     -10.107     -40.924       0.026     -11.418       0.028
Gaia DR3 6072551047476428160 184.5903305 -57.1415012 14.413  2.918       0.513   7.3110  15.1568     9.25      nan      nan    9.670  nan      nan    nan   1.216     nan                                None     -37.484     -12.236     -38.514       0.019     -12.420       0.018
Gaia DR3 6065011902400559872 206.5601698 -54.6834794  6.424  0.117       2.860   7.4904  15.1647     5.01      nan      nan    9.710  nan      nan    nan   1.022     nan                                None     -34.891     -24.576     -29.075       0.028     -25.237       0.045
Gaia DR3 6056473507450417024 193.2314226 -60.0747850 13.423  2.481       0.351   2.0441  15.2029     8.17      nan      nan    9.106  nan      nan    nan   1.053     nan                                None     -34.893     -15.195     -34.223       0.011     -15.269       0.013
Gaia DR3 5860899560245289472 186.2700236 -65.9950357 15.957  3.435       0.856   7.5438  15.2048     9.84      nan      nan    9.716  nan      nan    nan   1.042     nan                                None     -37.648     -10.239     -39.086       0.035     -11.242       0.043
Gaia DR3 6053435037081541888 186.1754169 -64.3141371 12.758  2.270       0.914   6.5309  15.2065     9.71      nan      nan    9.512  nan      nan    nan   1.037     nan                                None     -36.857     -10.544     -38.368       0.013     -11.582       0.015
Gaia DR3 5861176323636716288 185.5560407 -65.3179169 13.641  2.647       1.141   7.3255  15.2099     9.88      nan      nan    9.665  nan      nan    nan   1.236     nan                                None     -37.459      -9.997     -39.715       0.016     -10.557       0.018
Gaia DR3 5859373919170289024 185.4949864 -67.9152550 13.387  2.660       1.183   9.1593  15.2302    10.10      nan      nan   10.463  nan      nan    nan   1.210     nan                                None     -40.552      -9.783     -42.739       0.013     -11.205       0.017
Gaia DR3 6053807844583576064 186.6282900 -63.1222965  4.807 -0.183       2.090   5.7840  15.2392     9.53      nan      nan    9.396  nan      nan    nan   1.316     nan                                None     -36.400     -11.071     -39.548       0.117     -13.760       0.132
Gaia DR3 5861415334331564032 189.8932961 -63.7803819 13.895  2.762       0.797   4.9102  15.2410     9.13      nan      nan    9.294  nan      nan    nan   1.156     nan                                None     -35.871     -12.572     -37.118       0.017     -13.510       0.016
Gaia DR3 6054428548923150592 184.2077855 -62.7865777 18.785  3.847       0.831   6.7045  15.2478     9.85      nan      nan    9.536  nan      nan    nan   1.052     nan                                None     -36.967      -9.959     -38.452       0.162     -10.726       0.166
Gaia DR3 6065553579368264960 204.0483868 -54.3283092 15.298  3.100       0.875   6.9902  15.2593     5.37      nan      nan    9.588  nan      nan    nan   1.063     nan                                None     -35.030     -23.092     -35.163       0.029     -21.327       0.032
Gaia DR3 6059749704156480640 191.6707036 -59.2589707 14.439  2.876       1.579   3.0281  15.2684     8.31      nan      nan    9.146  nan      nan    nan   1.129     nan                                None     -35.177     -14.661     -37.679       0.016     -12.929       0.018
Gaia DR3 6073430618114925824 189.5299209 -55.9317994  8.715  0.764       2.650   5.9982  15.2695     8.23      nan      nan    9.422  nan      nan    nan   7.803     nan                                None     -36.386     -14.913     -31.190       0.144     -14.067       0.136
Gaia DR3 6053440057962585984 187.0798702 -64.3410389  6.043  0.032       0.289   6.2219  15.2795     9.58      nan      nan    9.454  nan      nan    nan   1.672     nan                                None     -36.610     -10.991     -37.176       0.057     -11.101       0.059
Gaia DR3 6059697722221724032 189.7678963 -59.3566683 16.030  3.385       0.150   3.9089  15.3013     8.63      nan      nan    9.200  nan      nan    nan   1.088     nan                                None     -35.514     -13.708     -35.297       0.035     -13.902       0.040
Gaia DR3 5860165876807095296 187.7346200 -65.8401357 12.878  2.807       0.853   7.0150  15.3214     9.64      nan      nan    9.584  nan      nan    nan   2.004     nan                                None     -37.093     -11.019     -38.155       0.033     -12.377       0.038
Gaia DR3 6053499603394694400 185.9474736 -64.0486372 10.503  1.322       0.874   6.4774  15.3278     9.71      nan      nan    9.488  nan      nan    nan   0.891     nan                                None     -36.767     -10.475     -38.485       0.012     -10.803       0.014
Gaia DR3 5867017380393034880 213.0336738 -59.6635024 11.945  2.294       2.565   7.8692  15.3969     5.09      nan      nan    9.767  nan      nan    nan   3.770     nan                                None     -33.270     -27.067     -29.853       0.050     -31.095       0.076
Gaia DR3 6053028904976989312 184.9396829 -64.8840565 13.601  2.633       0.794   7.2857  15.4058     9.93      nan      nan    9.626  nan      nan    nan   1.083     nan                                None     -37.315      -9.746     -38.611       0.015     -10.704       0.015
Gaia DR3 6055872796140503296 196.5082129 -60.5694422 14.872  3.048       0.282   0.4768  15.4097     7.73      nan      nan    9.054  nan      nan    nan   1.129     nan                                None     -34.335     -16.693     -33.929       0.022     -16.339       0.026
Gaia DR3 5863906724622406912 204.7066343 -65.0974466 14.997  3.031       0.553   5.8587  15.4271     7.33      nan      nan    9.385  nan      nan    nan   1.087     nan                                None     -34.147     -20.574     -33.743       0.019     -21.590       0.024
Gaia DR3 6053712801205938688 186.2688665 -63.5702606 15.981  3.601       2.004   6.1238  15.4314     9.62      nan      nan    9.421  nan      nan    nan   1.067     nan                                None     -36.503     -10.746     -39.319       0.038     -13.561       0.046
Gaia DR3 6072104302171949184 181.5174006 -57.7696005 17.090  3.159       1.110   8.4915  15.4392     9.84      nan      nan    9.956  nan      nan    nan   1.050     nan                                None     -38.540     -10.634     -38.762       0.069     -12.952       0.065
Gaia DR3 6070971354193194240 181.6703740 -59.3490968 12.506  2.111       0.207   7.9031  15.4808     9.95      nan      nan    9.761  nan      nan    nan   1.061     nan                                None     -37.791      -9.950     -38.114       0.011      -9.674       0.013
Gaia DR3 6075091537801867776 191.6941414 -53.0658073 14.498  2.957       1.127   7.8668  15.5123     7.43      nan      nan    9.746  nan      nan    nan   1.186     nan                                None     -37.484     -17.387     -38.221       0.021     -15.192       0.019
Gaia DR3 6071087597518919808 182.4237873 -58.9116144 13.097  2.203       1.806   7.6453  15.5138     9.79      nan      nan    9.690  nan      nan    nan   1.115     nan                                None     -37.539     -10.456     -34.484       0.058      -8.388       0.046
Gaia DR3 5862730487624412160 193.5764684 -63.6885945 18.652  3.978       2.702   3.8077  15.5150     8.60      nan      nan    9.173  nan      nan    nan   0.993     nan                                None     -35.115     -14.469     -37.579       0.151      -9.862       0.176
Gaia DR3 6053371716437088384 184.0133371 -63.9957196 14.778  3.176       0.920   7.2059  15.5168     9.98      nan      nan    9.594  nan      nan    nan   1.217     nan                                None     -37.188      -9.482     -38.954       0.022     -10.070       0.029
Gaia DR3 5854410483159608448 214.5202463 -62.3166103  9.287  0.857       2.876   8.4710  15.5692     5.49      nan      nan    9.918  nan      nan    nan   8.536     nan                                None     -33.299     -27.736     -34.174       0.082     -21.786       0.132
Gaia DR3 5872519748904513152 208.4379216 -55.7388316 14.619  2.981       2.080   7.4382  15.5716     4.92      nan      nan    9.634  nan      nan    nan   1.156     nan                                None     -34.141     -25.124     -34.463       0.017     -20.911       0.026
Gaia DR3 6071545372304560896 185.4782320 -57.7152690 14.627  2.943       0.064   6.6123  15.5855     9.16      nan      nan    9.477  nan      nan    nan   1.124     nan                                None     -36.732     -12.288     -36.859       0.020     -12.300       0.021
Gaia DR3 6054046850929570560 181.2032048 -64.1654139  9.244  0.901       1.952   8.4069  15.5881    10.39      nan      nan    9.892  nan      nan    nan   0.816     nan                                None     -38.280      -8.024     -38.221       0.012      -3.954       0.013
Gaia DR3 5861250373258628224 186.1001039 -64.8954996 14.633  3.023       1.005   6.8880  15.5937     9.77      nan      nan    9.523  nan      nan    nan   1.095     nan                                None     -36.902     -10.314     -38.600       0.019     -11.402       0.024
Gaia DR3 6058447199537519872 188.3527527 -59.2637156 15.327  3.302       0.072   4.6266  15.6155     8.85      nan      nan    9.229  nan      nan    nan   1.105     nan                                None     -35.698     -13.022     -35.558       0.028     -13.032       0.029
Gaia DR3 6061410520794760064 193.0022188 -56.2661013 13.049  2.317       0.452   4.6330  15.6298     7.66      nan      nan    9.229  nan      nan    nan   1.259     nan                                None     -35.384     -16.303     -36.255       0.011     -16.420       0.014
Gaia DR3 6054414843716969344 183.4871499 -62.9203004 10.833  1.436       0.634   7.0572  15.6301     9.97      nan      nan    9.549  nan      nan    nan   0.794     nan                                None     -37.010      -9.511     -38.251       0.009      -9.809       0.011
Gaia DR3 6072902994276659200 184.4713210 -55.9755823  7.699  0.592       0.584   8.0258  15.6309     9.15      nan      nan    9.767  nan      nan    nan   0.919     nan                                None     -37.863     -12.680     -39.066       0.014     -12.698       0.016
Gaia DR3 6065553583672729856 204.0502748 -54.3289139 13.989  2.817       0.665   6.9902  15.6360     5.37      nan      nan    9.536  nan      nan    nan   1.217     nan                                None     -34.840     -22.967     -33.945       0.018     -21.975       0.020
Gaia DR3 6058202936158625536 185.4966631 -60.6877851 16.059  3.592       0.622   5.8254  15.6670     9.46      nan      nan    9.354  nan      nan    nan   1.042     nan                                None     -36.254     -11.185     -37.475       0.040     -11.063       0.042
Gaia DR3 5869334223196698496 198.8861585 -61.6893018 12.405  2.012       0.654   1.5764  15.7048     7.54      nan      nan    9.049  nan      nan    nan   1.162     nan                                None     -33.984     -17.640     -32.943       0.010     -16.953       0.013
Gaia DR3 6059825467381589888 191.1001943 -58.9227429  9.786  1.256       2.798   3.4346  15.7062     8.36      nan      nan    9.130  nan      nan    nan   2.123     nan                                None     -35.162     -14.431     -30.032       0.024     -16.071       0.029
Gaia DR3 6065984179910876032 208.0120864 -52.8100417  7.512  0.372       0.906   9.5132  15.7121     4.36      nan      nan   10.693  nan      nan    nan   1.011     nan                                None     -38.016     -28.190     -39.982       0.025     -27.640       0.025
Gaia DR3 6081196404313313792 197.1355762 -50.8921302 13.403  2.499       1.309   9.4169  15.7198     6.02      nan      nan   10.930  nan      nan    nan   1.238     nan                                None     -41.349     -23.211     -40.376       0.016     -20.357       0.013
Gaia DR3 6065984557860591360 208.0199729 -52.8116489  5.245 -0.123       0.738   9.5145  15.7273     4.35      nan      nan   10.745  nan      nan    nan   1.102     nan                                None     -38.200     -28.332     -38.997       0.091     -26.863       0.094
Gaia DR3 5860846745058284672 184.7625073 -65.4295065 18.944  5.435       0.284   7.6570  15.7320     9.99      nan      nan    9.658  nan      nan    nan   1.206     nan                                None     -37.439      -9.480     -37.155       0.237      -8.976       0.226
Gaia DR3 6065494003889001600 205.4414680 -53.8593899 14.511  2.636       2.894   7.8032  15.7417     5.03      nan      nan    9.691  nan      nan    nan   2.358     nan                                None     -35.092     -24.122     -29.782       0.053     -26.725       0.042
Gaia DR3 5857292715465278976 193.1185940 -68.0241128 12.756  2.285       0.584   7.9251  15.7742     9.20      nan      nan    9.716  nan      nan    nan   1.008     nan                                None     -37.240     -13.673     -38.150       0.012     -14.449       0.015
Gaia DR3 6058704588327311744 182.7877147 -60.2835973 16.059  3.281       1.131   7.1851  15.8099     9.85      nan      nan    9.548  nan      nan    nan   1.022     nan                                None     -36.997     -10.032     -39.272       0.040      -9.965       0.042
Gaia DR3 6067275311492374784 199.5854435 -54.3590021  9.839  0.868       2.512   6.0732  15.8101     6.18      nan      nan    9.370  nan      nan    nan   1.896     nan                                None     -35.076     -20.367     -38.546       0.033     -16.821       0.028
Gaia DR3 6072104302171948544 181.5168739 -57.7700817 16.167  2.851       1.134   8.4915  15.8136     9.84      nan      nan    9.872  nan      nan    nan   1.076     nan                                None     -38.215     -10.544     -37.962       0.038     -12.891       0.039
Gaia DR3 6056707218046937728 192.8728189 -59.4060295 14.391  2.692       1.791   2.4067  15.8170     8.13      nan      nan    9.068  nan      nan    nan   1.056     nan                                None     -34.780     -15.125     -33.750       0.015     -11.860       0.019
Gaia DR3 6053492147331004032 185.5273907 -64.2198135 15.128  3.272       0.933   6.7219  15.8303     9.79      nan      nan    9.464  nan      nan    nan   1.076     nan                                None     -36.681     -10.149     -38.145       0.026     -11.299       0.028
Gaia DR3 5863528801796275456 195.3627320 -61.6889957 14.714  2.980       0.336   1.6743  15.8320     8.07      nan      nan    9.041  nan      nan    nan   1.130     nan                                None     -34.424     -15.773     -34.432       0.021     -16.414       0.024
Gaia DR3 6053552208106284160 188.5440097 -63.8781616 14.627  3.184       0.730   5.4326  15.8321     9.33      nan      nan    9.289  nan      nan    nan   1.111     nan                                None     -35.920     -11.776     -37.045       0.022     -12.658       0.026
Gaia DR3 6071734350857944704 185.5058522 -57.6324613 11.873  2.167       0.672   6.6386  15.8442     9.14      nan      nan    9.449  nan      nan    nan   1.477     nan                                None     -36.623     -12.292     -36.105       0.018     -11.059       0.019
Gaia DR3 5334717344428210432 179.2378899 -61.8470259 14.034  2.782       1.297   8.8477  15.8626    10.52      nan      nan    9.992  nan      nan    nan   1.389     nan                                None     -38.569      -7.816     -41.297       0.020      -7.969       0.021
Gaia DR3 6056913483887321344 195.0683831 -59.0960547 17.690  4.237       0.754   1.6602  15.8720     7.73      nan      nan    9.038  nan      nan    nan   0.958     nan                                None     -34.443     -16.294     -33.025       0.088     -16.071       0.114
Gaia DR3 6053744657018593280 187.1054401 -63.3496996  9.118  0.997       0.697   5.6904  15.9317     9.48      nan      nan    9.308  nan      nan    nan   0.877     nan                                None     -36.046     -11.161     -37.407       0.011     -11.292       0.013
Gaia DR3 5863239217929855488 196.2963539 -62.4455334 16.342  3.719       1.522   2.1923  15.9318     8.04      nan      nan    9.050  nan      nan    nan   1.033     nan                                None     -34.344     -16.080     -36.583       0.043     -14.231       0.055
Gaia DR3 5869395143014670720 198.9830456 -61.2347438 14.094  2.865       0.793   1.2327  15.9549     7.46      nan      nan    9.021  nan      nan    nan   1.305     nan                                None     -33.861     -17.747     -33.704       0.016     -16.247       0.019
Gaia DR3 5859866294238119040 187.9301949 -66.8040759 13.580  2.601       0.883   7.7065  15.9688     9.70      nan      nan    9.632  nan      nan    nan   1.121     nan                                None     -37.274     -10.861     -38.649       0.013     -12.012       0.015
Gaia DR3 6054321385237966336 180.1532846 -63.6182635 11.425  1.666       1.036   8.6864  15.9766    10.50      nan      nan    9.903  nan      nan    nan   0.917     nan                                None     -38.278      -7.611     -40.402       0.014      -8.015       0.016
Gaia DR3 6074516458849906560 187.7851798 -54.9457146 15.036  3.464       0.650   7.3893  16.0456     8.42      nan      nan    9.555  nan      nan    nan   3.135     nan                                None     -36.979     -14.486     -36.701       0.059     -13.207       0.067
Gaia DR3 6053468713987261824 187.2974108 -63.9486801 16.757  3.612       1.501   5.9213  16.0517     9.51      nan      nan    9.323  nan      nan    nan   1.038     nan                                None     -36.100     -11.092     -36.713       0.058      -8.206       0.057
Gaia DR3 6061015207686845312 188.9075022 -57.7719007 17.839  3.921       0.241   5.0097  16.0616     8.58      nan      nan    9.221  nan      nan    nan   1.071     nan                                None     -35.642     -13.746     -35.515       0.091     -13.295       0.099
Gaia DR3 6067613587435708672 196.8053138 -54.4590377 15.038  3.179       1.081   5.8559  16.0824     6.70      nan      nan    9.312  nan      nan    nan   1.069     nan                                None     -35.272     -18.835     -36.782       0.024     -17.345       0.024
Gaia DR3 6071149101451095552 180.7577824 -59.2321962 16.956  3.490       0.299   8.3836  16.0830    10.09      nan      nan    9.785  nan      nan    nan   1.087     nan                                None     -37.848      -9.498     -38.023       0.063      -8.908       0.070
Gaia DR3 6069224028358222464 205.7974153 -51.9365623 14.516  3.083       0.540   9.5969  16.0931     4.57      nan      nan   10.360  nan      nan    nan   1.208     nan                                None     -37.424     -26.324     -37.147       0.026     -25.177       0.025
Gaia DR3 5844296281847839232 200.5309359 -69.6368165  9.973  1.309       0.710   9.4237  16.1001     8.57      nan      nan   10.215  nan      nan    nan   0.963     nan                                None     -38.064     -18.502     -38.353       0.012     -20.004       0.015
Gaia DR3 5855699866702882944 191.0602721 -69.0432858 12.366  2.310       2.203   9.1244  16.1198     9.55      nan      nan   10.044  nan      nan    nan  30.702     nan                                None     -38.681     -12.491     -38.285       0.429     -17.139       0.476
Gaia DR3 6060542250205553024 192.9476601 -57.1348182 15.335  3.131       0.656   3.8993  16.1213     7.80      nan      nan    9.124  nan      nan    nan   1.045     nan                                None     -34.987     -15.865     -35.373       0.020     -14.664       0.024
Gaia DR3 6058046869882371200 187.0844226 -61.0703339 14.693  3.396       0.859   5.0616  16.1250     9.25      nan      nan    9.220  nan      nan    nan   1.478     nan                                None     -35.706     -11.768     -36.772       0.031     -13.054       0.033
Gaia DR3 5855802808484610304 191.6106228 -68.0866324 14.839  3.494       1.131   8.1569  16.1258     9.38      nan      nan    9.715  nan      nan    nan   2.103     nan                                None     -37.372     -12.741     -39.596       0.055     -13.388       0.057
Gaia DR3 5847335052788164224 209.9861174 -68.4547315 13.000  2.511       0.533   9.7754  16.1436     7.35      nan      nan   10.633  nan      nan    nan   1.236     nan                                None     -37.216     -25.562     -36.466       0.012     -26.490       0.018
Gaia DR3 5855802808484620288 191.6432092 -68.0794502 10.974  1.532       0.490   8.1459  16.1788     9.38      nan      nan    9.703  nan      nan    nan   0.797     nan                                None     -37.324     -12.747     -38.048       0.012     -13.440       0.014
Gaia DR3 5843962133384009728 199.1035510 -69.8146680 16.480    nan       1.958   9.5350  16.1792     8.75      nan      nan   10.260  nan      nan    nan   1.363     nan                                None     -38.494     -17.629     -36.921       0.183     -21.562       0.176
Gaia DR3 6080667951539303808 199.5960455 -50.9582640 14.384  3.017       0.247   9.4368  16.2050     5.55      nan      nan   10.182  nan      nan    nan   1.151     nan                                None     -38.115     -22.886     -38.421       0.021     -22.453       0.014
Gaia DR3 6065984592220370048 208.0372200 -52.7964279 14.891  3.114       2.138   9.5330  16.2083     4.35      nan      nan   11.125  nan      nan    nan   2.176     nan                                None     -39.546     -29.346     -38.909       0.423     -24.372       0.310
Gaia DR3 6071546781054234880 185.6198960 -57.6534375 13.096  2.396       0.138   6.5750  16.2280     9.13      nan      nan    9.393  nan      nan    nan   1.225     nan                                None     -36.403     -12.274     -36.146       0.011     -12.180       0.012
Gaia DR3 5843962129072074496 199.1040758 -69.8144970 14.595  3.540       0.987   9.5349  16.2363     8.75      nan      nan   10.235  nan      nan    nan   5.356     nan                                None     -38.399     -17.586     -40.505       0.098     -17.894       0.115
Gaia DR3 5844909156504879360 194.0340895 -69.4484248 11.187  1.824       1.944   9.2424  16.2603     9.26      nan      nan   10.059  nan      nan    nan  13.056     nan                                None     -38.456     -14.242     -41.706       0.198     -16.778       0.226
Gaia DR3 5860967833106246912 185.8653235 -65.6038622 13.666  2.878       1.003   7.4054  16.2675     9.86      nan      nan    9.527  nan      nan    nan   1.169     nan                                None     -36.921      -9.937     -38.633       0.015     -10.998       0.016
Gaia DR3 5855802430512817152 191.4237968 -68.1129222 10.964  1.521       0.390   8.2060  16.2852     9.41      nan      nan    9.700  nan      nan    nan   0.963     nan                                None     -37.331     -12.600     -38.088       0.013     -12.346       0.014
Gaia DR3 6089994077885752704 208.7546880 -52.6917129 16.705  3.181       0.732   9.8648  16.2858     4.20      nan      nan   10.664  nan      nan    nan   1.033     nan                                None     -37.699     -28.525     -39.171       0.070     -27.791       0.064
Gaia DR3 6057073394114097152 193.6850869 -59.3533486 13.607  2.587       0.532   2.0597  16.3315     7.99      nan      nan    9.012  nan      nan    nan   1.186     nan                                None     -34.489     -15.467     -33.490       0.012     -15.318       0.014
Gaia DR3 6070064325817708416 201.8924721 -51.2371135 12.914  2.430       0.285   9.4237  16.3338     5.16      nan      nan   10.129  nan      nan    nan   1.145     nan                                None     -37.474     -23.886     -37.673       0.019     -23.312       0.019
Gaia DR3 5856410391736766976 188.3530464 -68.8154468 15.676  3.486       1.374   9.3157  16.3346     9.84      nan      nan   10.072  nan      nan    nan   1.190     nan                                None     -38.957     -10.894     -41.286       0.040     -12.649       0.040
Gaia DR3 5844909156504880128 194.0367552 -69.4473730 16.166  3.410       0.756   9.2412  16.3618     9.26      nan      nan   10.029  nan      nan    nan   1.326     nan                                None     -38.343     -14.202     -37.244       0.050     -15.365       0.058
Gaia DR3 6053266232030676864 182.8227935 -64.7370331 18.960  2.646       1.550   7.9925  16.3630    10.20      nan      nan    9.636  nan      nan    nan   1.786     nan                                None     -37.337      -8.559     -40.395       0.431      -9.305       0.431
Gaia DR3 6073201958364804352 188.4976516 -56.5800615 15.795  2.965       0.444   5.9250  16.3729     8.50      nan      nan    9.289  nan      nan    nan   2.504     nan                                None     -35.922     -13.979     -35.053       0.090     -14.021       0.110
Gaia DR3 6058338931994173312 187.6064042 -60.0647466 14.716  3.245       1.180   4.8297  16.4103     9.06      nan      nan    9.170  nan      nan    nan   1.728     nan                                None     -35.498     -12.298     -33.642       0.035     -13.625       0.037
Gaia DR3 5856824731492431104 189.8766999 -67.3071099 17.728  4.468       2.684   7.7185  16.4240     9.51      nan      nan    9.567  nan      nan    nan   1.039     nan                                None     -36.924     -11.773     -40.899       0.101      -8.098       0.113
Gaia DR3 6053480911695755264 185.9781314 -64.2916837 16.016  3.902       0.602   6.5912  16.4254     9.73      nan      nan    9.372  nan      nan    nan   3.623     nan                                None     -36.317     -10.283     -37.287       0.161      -9.595       0.195
Gaia DR3 5855695468655866752 190.2162308 -68.9496313 11.448  2.029       0.950   9.1469  16.4528     9.63      nan      nan    9.965  nan      nan    nan   0.889     nan                                None     -38.437     -11.898     -39.512       0.013     -13.578       0.015
Gaia DR3 5861499069027473280 193.2813373 -65.5494933 14.547  2.987       0.652   5.5508  16.4923     8.88      nan      nan    9.233  nan      nan    nan   0.975     nan                                None     -35.376     -13.847     -36.411       0.018     -14.583       0.023
Gaia DR3 5857041236534485504 194.5440054 -68.4130194 13.575  2.796       0.753   8.1909  16.4996     9.08      nan      nan    9.661  nan      nan    nan   1.238     nan                                None     -36.879     -14.323     -37.691       0.014     -15.624       0.017
Gaia DR3 5855801434094995584 191.4957878 -68.1464915 13.558  2.710       1.086   8.2279  16.5219     9.40      nan      nan    9.666  nan      nan    nan   1.333     nan                                None     -37.194     -12.587     -38.111       0.016     -14.602       0.021
Gaia DR3 6062897988210000512 203.5298505 -56.4075043 13.873    nan       0.958   5.0790  16.5315     5.87      nan      nan   12.429  nan      nan    nan   1.217     nan                                None     -45.557     -29.062     -47.939       0.049     -29.856       0.078
Gaia DR3 6075976713390275968 184.9944001 -55.1150289 17.087  3.210       1.740   8.3624  16.5376     8.96      nan      nan    9.697  nan      nan    nan   2.259     nan                                None     -37.590     -13.150     -35.080       0.109     -10.630       0.117
Gaia DR3 6060917630348796288 191.3557987 -57.4158267 15.210  3.216       0.115   4.2243  16.5492     8.11      nan      nan    9.108  nan      nan    nan   1.110     nan                                None     -35.057     -14.945     -35.144       0.026     -15.147       0.032
Gaia DR3 6053364741409631360 183.6371339 -63.9219966 14.198  2.916       0.916   7.3268  16.5678    10.03      nan      nan    9.472  nan      nan    nan   1.095     nan                                None     -36.714      -9.171     -38.223       0.016     -10.204       0.018
Gaia DR3 6053080174073021696 183.3312305 -64.7972875 11.108  1.899       1.714   7.8287  16.5681    10.14      nan      nan   11.928  nan      nan    nan  15.573     nan                                None     -46.230     -10.940     -46.387       0.231      -6.632       0.276
Gaia DR3 6053782624532376576 186.0426976 -63.2387719 13.729  2.651       0.652   6.0728  16.5722     9.62      nan      nan    9.285  nan      nan    nan   1.125     nan                                None     -35.982     -10.574     -36.751       0.015     -11.593       0.016
Gaia DR3 5855801777692580992 191.6467647 -68.1283533 15.085  3.281       1.419   8.1914  16.5934     9.38      nan      nan    9.646  nan      nan    nan   1.101     nan                                None     -37.103     -12.658     -39.926       0.029     -13.250       0.031
Gaia DR3 6057325319718099072 195.6138290 -57.8800099 15.933  3.196       0.337   2.5810  16.6125     7.46      nan      nan    9.008  nan      nan    nan   1.535     nan                                None     -34.268     -16.826     -33.631       0.042     -16.883       0.053
Gaia DR3 6058819693458321536 180.1227331 -60.7429375 16.414  3.755       0.941   8.4471  16.6159    10.31      nan      nan    9.706  nan      nan    nan   1.070     nan                                None     -37.513      -8.511     -39.422       0.054      -8.763       0.052
Gaia DR3 5862876928853590144 191.1490688 -63.5305331 15.237  3.235       1.485   4.3335  16.6241     8.92      nan      nan    9.109  nan      nan    nan   1.057     nan                                None     -35.077     -13.088     -37.345       0.024     -14.817       0.029
Gaia DR3 6073980240787079680 191.9446700 -54.5224938 14.051  3.208       0.442   6.4641  16.6254     7.60      nan      nan    9.331  nan      nan    nan   1.417     nan                                None     -35.867     -16.396     -36.218       0.023     -15.600       0.024
Gaia DR3 5855713370080738176 191.7306849 -68.7250588 13.962  2.817       0.642   8.7444  16.6256     9.44      nan      nan    9.787  nan      nan    nan   1.193     nan                                None     -37.641     -12.693     -38.437       0.017     -13.753       0.019
Gaia DR3 6080564803602167680 199.4460395 -51.8948552 14.724  3.357       0.548   8.4958  16.6263     5.76      nan      nan    9.717  nan      nan    nan   1.324     nan                                None     -36.398     -21.576     -37.082       0.034     -22.465       0.025
Gaia DR3 6061638360216029440 192.2512944 -55.9775760 15.892  3.181       1.888   5.0865  16.6365     7.76      nan      nan    9.172  nan      nan    nan   1.034     nan                                None     -35.233     -15.896     -35.482       0.028     -12.253       0.037
Gaia DR3 6066244867244361984 207.6678117 -52.2929854 16.057  3.318       0.450   9.8361  16.6442     4.30      nan      nan   10.276  nan      nan    nan   1.063     nan                                None     -36.631     -27.003     -36.224       0.052     -26.117       0.050
Gaia DR3 5856545013160961408 190.9858298 -68.2105132 14.425  2.865       0.346   8.3565  16.6490     9.47      nan      nan    9.677  nan      nan    nan   1.542     nan                                None     -37.274     -12.272     -37.798       0.027     -12.746       0.033
Gaia DR3 6055915844558389888 197.5206801 -59.9500947 13.232  2.474       1.177   0.3724  16.6554     7.47      nan      nan    8.953  nan      nan    nan   1.115     nan                                None     -33.816     -17.180     -32.615       0.010     -19.050       0.013
Gaia DR3 5861013016154016640 188.2276186 -65.6509646 13.371  2.590       0.918   6.7388  16.6644     9.55      nan      nan    9.365  nan      nan    nan   1.066     nan                                None     -36.228     -11.114     -37.851       0.012     -11.919       0.014
Gaia DR3 5869895042887586176 203.0779352 -59.9856578 10.656  1.258       0.748   2.8848  16.6670     6.62      nan      nan    9.017  nan      nan    nan   0.961     nan                                None     -33.138     -20.119     -31.793       0.009     -19.659       0.012
Gaia DR3 6053728267396166912 187.0850279 -63.5015538 13.778  2.674       0.785   5.7705  16.6724     9.50      nan      nan    9.239  nan      nan    nan   1.025     nan                                None     -35.780     -11.017     -37.230       0.014     -11.500       0.015
Gaia DR3 6067400076009971712 201.5936688 -53.4115694 14.886  2.978       0.321   7.2786  16.6741     5.64      nan      nan    9.450  nan      nan    nan   1.040     nan                                None     -35.019     -21.732     -34.397       0.031     -21.587       0.022
Gaia DR3 6054236134385180032 184.2219143 -62.9345633 14.844  3.074       0.494   6.7401  16.6824     9.86      nan      nan    9.363  nan      nan    nan   1.158     nan                                None     -36.295      -9.736     -37.109       0.021     -10.274       0.025
Gaia DR3 6058696651227486464 182.4199386 -60.5611440 16.098  3.489       0.369   7.3391  16.6844     9.93      nan      nan    9.459  nan      nan    nan   1.007     nan                                None     -36.643      -9.638     -37.369       0.037      -9.762       0.042
Gaia DR3 6073143542490378752 189.4815379 -56.7736607 17.323  3.935       0.563   5.3991  16.7042     8.35      nan      nan    9.196  nan      nan    nan   1.086     nan                                None     -35.515     -14.294     -34.578       0.079     -13.736       0.087
Gaia DR3 6054493694983536384 183.8674070 -62.5390802  8.990  0.664       1.475   6.7941  16.7077     9.88      nan      nan    9.368  nan      nan    nan   0.926     nan                                None     -36.313      -9.676     -38.051       0.013      -7.337       0.015
Gaia DR3 6056421040125402112 193.3245556 -60.2333373 13.045  2.475       1.215   1.9810  16.7184     8.17      nan      nan    8.977  nan      nan    nan   3.704     nan                                None     -34.391     -14.985     -33.293       0.103     -17.006       0.116
Gaia DR3 6054691675792429952 187.5052532 -62.3074400 12.065  1.920       0.611   5.1108  16.7354     9.32      nan      nan    9.165  nan      nan    nan   0.900     nan                                None     -35.479     -11.540     -36.494       0.011     -12.141       0.012
Gaia DR3 6071830145812194176 185.5924350 -56.9103688 14.546  2.908       0.182   6.9749  16.7422     9.05      nan      nan    9.391  nan      nan    nan   1.119     nan                                None     -36.400     -12.491     -36.206       0.017     -12.186       0.020
Gaia DR3 5862863803432935680 190.6418093 -63.7937731 15.526  3.331       1.140   4.6789  16.7440     9.03      nan      nan    9.126  nan      nan    nan   1.100     nan                                None     -35.175     -12.753     -37.145       0.028     -13.718       0.035
Gaia DR3 6071087597497876480 182.4175718 -58.9113808 15.895    nan       0.496   7.6485  16.7465     9.79      nan      nan    9.507  nan      nan    nan   0.928     nan                                None     -36.830     -10.255     -37.524       0.092      -9.543       0.159
Gaia DR3 6066053552224632832 207.9599735 -52.3910515 13.804  2.786       0.441   9.8471  16.7472     4.27      nan      nan   10.237  nan      nan    nan   3.045     nan                                None     -36.412     -27.032     -35.905       0.047     -26.226       0.046
Gaia DR3 5861249509876340096 185.6884097 -64.8526937 11.660  1.850       1.613   7.0048  16.7500     9.82      nan      nan    9.395  nan      nan    nan   4.063     nan                                None     -36.413      -9.953     -36.596       0.059     -13.143       0.065
Gaia DR3 6058927479948251776 183.6844376 -59.8870321 14.963  3.062       0.063   6.7971  16.7561     9.67      nan      nan    9.363  nan      nan    nan   1.147     nan                                None     -36.291     -10.463     -36.355       0.022     -10.355       0.024
Gaia DR3 6081131979803083136 195.8238899 -51.8369555 13.927  2.661       1.249   8.5118  16.7719     6.44      nan      nan    9.696  nan      nan    nan   1.231     nan                                None     -36.857     -19.722     -37.506       0.019     -17.252       0.016
Gaia DR3 6074366203737599104 189.3697049 -54.4656832 13.592  2.578       0.283   7.2341  16.7741     8.07      nan      nan    9.429  nan      nan    nan   1.257     nan                                None     -36.423     -15.256     -36.980       0.012     -15.334       0.016
Gaia DR3 6061625097356185216 193.1375320 -55.7078674 14.468  2.911       0.400   5.1033  16.7744     7.56      nan      nan    9.160  nan      nan    nan   1.135     nan                                None     -35.109     -16.395     -34.414       0.014     -16.059       0.019
Gaia DR3 6055443986577628672 189.9843647 -62.1648244 15.212  3.228       0.965   3.9839  16.7778     8.93      nan      nan    9.070  nan      nan    nan   0.992     nan                                None     -35.002     -12.807     -36.427       0.023     -13.979       0.028
Gaia DR3 6074516458869049088 187.7851315 -54.9455013 17.911    nan       1.301   7.3895  16.7822     8.42      nan      nan    9.455  nan      nan    nan   1.288     nan                                None     -36.593     -14.335     -34.170       0.622     -15.259       0.205
Gaia DR3 5855799303791243776 191.8410335 -68.1445263 10.648  1.469       0.929   8.1822  16.7963     9.36      nan      nan    9.611  nan      nan    nan   0.952     nan                                None     -36.955     -12.723     -37.873       0.013     -14.366       0.013
Gaia DR3 6075520862741383808 182.2551642 -56.2368469 12.925  2.402       0.757   8.8781  16.8021     9.57      nan      nan    9.794  nan      nan    nan   5.149     nan                                None     -37.935     -11.407     -37.009       0.067     -10.149       0.071
Gaia DR3 6074445329897778688 189.8022808 -54.4715516 19.307  4.094       0.292   7.0948  16.8121     7.99      nan      nan    9.402  nan      nan    nan   1.098     nan                                None     -36.292     -15.433     -35.996       0.209     -14.935       0.237
Gaia DR3 6057147611155597440 193.8414409 -58.7782302 14.927  3.179       0.258   2.3330  16.8185     7.89      nan      nan    8.981  nan      nan    nan   1.106     nan                                None     -34.356     -15.645     -33.894       0.021     -15.805       0.025
Gaia DR3 6053047223081027712 185.0262490 -64.6949993 14.901  3.136       0.948   7.1527  16.8378     9.90      nan      nan    9.408  nan      nan    nan   1.197     nan                                None     -36.469      -9.639     -38.268       0.023     -10.183       0.027
Gaia DR3 5850293224436890496 207.3878028 -68.3082299 12.344  2.376       1.767   9.0877  16.8479     7.60      nan      nan    9.851  nan      nan    nan   6.391     nan                                None     -35.189     -22.254     -31.898       0.069     -20.628       0.096
Gaia DR3 5860165876792901376 187.7336675 -65.8403186 13.694    nan       0.924   7.0154  16.8554     9.64      nan      nan    9.384  nan      nan    nan   0.971     nan                                None     -36.320     -10.789     -36.770       0.046      -9.016       0.058
Gaia DR3 6067650627224743424 198.0312964 -54.6858279 12.325  2.050       1.405   5.6356  16.8561     6.52      nan      nan    9.205  nan      nan    nan  17.375     nan                                None     -34.698     -19.175     -32.382       0.196     -17.737       0.197
Gaia DR3 5855801434082120448 191.4963384 -68.1469649 14.394    nan       1.069   8.2283  16.8634     9.40      nan      nan    9.611  nan      nan    nan   1.195     nan                                None     -36.983     -12.516     -38.163       0.055     -14.332       0.063
Gaia DR3 5860992778279047936 187.6516494 -65.2577380 14.565  2.974       1.017   6.6220  16.8692     9.59      nan      nan    9.324  nan      nan    nan   1.110     nan                                None     -36.093     -10.866     -37.795       0.018     -11.913       0.022
Gaia DR3 6065296538473791104 203.3701080 -55.3172712 15.031  2.989       0.203   5.9367  16.8942     5.69      nan      nan    9.235  nan      nan    nan   0.922     nan                                None     -33.880     -21.729     -33.486       0.027     -21.754       0.029
Gaia DR3 5865523728206369152 206.9765794 -62.4162231 17.674  4.429       0.922   5.0803  16.8955     6.52      nan      nan    9.146  nan      nan    nan   1.038     nan                                None     -32.769     -21.850     -31.099       0.082     -21.241       0.081
Gaia DR3 6061855891747318144 198.5245227 -60.1023323 13.925  2.627       0.296   0.6344  16.9153     7.34      nan      nan    8.934  nan      nan    nan   1.169     nan                                None     -33.604     -17.618     -33.061       0.012     -17.745       0.014
Gaia DR3 6072769953355726080 185.9393751 -56.0354115 20.038  3.385       0.942   7.3505  16.9182     8.89      nan      nan    9.431  nan      nan    nan   1.124     nan                                None     -36.547     -13.000     -35.045       0.407     -11.881       0.431
Gaia DR3 5860886228720919936 186.5398462 -66.0313817 13.337  2.606       0.817   7.4905  16.9184     9.81      nan      nan    9.455  nan      nan    nan   1.111     nan                                None     -36.630     -10.109     -37.916       0.011     -11.107       0.013
Gaia DR3 6071087597518919040 182.4240895 -58.9125646 10.039  1.196       0.432   7.6449  16.9202     9.79      nan      nan    9.483  nan      nan    nan   0.909     nan                                None     -36.736     -10.232     -37.474       0.012     -10.681       0.013
Gaia DR3 5857058450764658304 194.4071322 -68.2638097 14.433  2.845       2.853   8.0527  16.9284     9.07      nan      nan   11.952  nan      nan    nan   1.112     nan                                None     -45.645     -17.679     -48.568       0.017     -11.111       0.020
Gaia DR3 6056608708681131776 190.2391649 -60.2292173 17.633  3.902       0.283   3.5094  16.9477     8.66      nan      nan    9.026  nan      nan    nan   1.044     nan                                None     -34.814     -13.445     -34.898       0.083     -13.976       0.092
Gaia DR3 6059187858047565056 187.3317843 -59.2121480 14.025  2.867       0.233   5.1415  16.9527     9.01      nan      nan    9.147  nan      nan    nan   1.206     nan                                None     -35.414     -12.378     -35.208       0.016     -11.980       0.019
Gaia DR3 6075834773312156416 183.2602150 -55.0904933 16.726  3.580       0.087   9.1168  16.9564     9.27      nan      nan    9.838  nan      nan    nan   1.057     nan                                None     -38.128     -12.402     -38.281       0.055     -12.306       0.054
Gaia DR3 5844573358774024320 194.6060529 -70.4803923  9.651  1.164       0.853  10.2319  16.9593     9.32      nan      nan   10.512  nan      nan    nan   0.981     nan                                None     -40.121     -14.890     -41.135       0.011     -16.485       0.015
Gaia DR3 6072705013458453248 185.9795452 -56.2776710 13.805  2.704       0.291   7.1791  16.9624     8.91      nan      nan    9.397  nan      nan    nan   1.270     nan                                None     -36.415     -12.900     -36.734       0.015     -13.379       0.017
Gaia DR3 6053715279439654912 185.9512434 -63.5468767 13.961  2.642       1.192   6.2397  16.9689     9.67      nan      nan    9.263  nan      nan    nan   1.889     nan                                None     -35.897     -10.396     -38.129       0.022     -11.058       0.027
Gaia DR3 5861248105514539008 185.6846006 -64.9115072 15.662  3.423       0.918   7.0400  16.9704     9.83      nan      nan    9.374  nan      nan    nan   1.074     nan                                None     -36.330      -9.909     -38.083       0.033     -10.378       0.040
Gaia DR3 5855682996070378624 189.8960797 -69.1380425 13.573  2.659       1.435   9.3650  16.9734     9.69      nan      nan    9.923  nan      nan    nan   1.195     nan                                None     -38.297     -11.581     -40.009       0.013     -14.047       0.016
Gaia DR3 6074757045753367552 189.8316010 -53.2710294 14.624  3.009       0.422   8.1332  16.9770     7.82      nan      nan    9.573  nan      nan    nan   1.050     nan                                None     -36.950     -16.063     -37.802       0.018     -16.084       0.020
Gaia DR3 6076081063914708864 186.0901863 -54.6994276 13.244  2.704       1.064   8.2167  16.9851     8.71      nan      nan    9.590  nan      nan    nan   5.897     nan                                None     -37.162     -13.716     -35.635       0.053     -12.201       0.053
Gaia DR3 6071831039165476224 185.9140957 -56.8746657 17.236  3.715       0.697   6.8501  16.9906     8.99      nan      nan    9.343  nan      nan    nan   0.998     nan                                None     -36.207     -12.608     -37.575       0.066     -12.720       0.070
Gaia DR3 6056595793764713728 189.7104350 -60.2929884 14.067  2.769       0.206   3.7667  17.0201     8.75      nan      nan    9.035  nan      nan    nan   1.186     nan                                None     -34.880     -13.161     -34.493       0.015     -13.230       0.017
Gaia DR3 6053647865614599296 189.0056902 -63.3522238 18.397  4.222       1.243   4.9596  17.0221     9.21      nan      nan    9.123  nan      nan    nan   1.039     nan                                None     -35.259     -11.985     -37.550       0.145     -12.667       0.186
Gaia DR3 5860192986637545728 188.7760704 -65.9848117 16.089  3.496       0.682   6.8505  17.0225     9.52      nan      nan    9.339  nan      nan    nan   1.040     nan                                None     -36.104     -11.290     -36.865       0.037     -12.396       0.040
Gaia DR3 5844015768940264320 201.1460664 -70.3406837 16.263  3.755       0.928  10.1539  17.0294     8.61      nan      nan   10.352  nan      nan    nan   0.998     nan                                None     -38.454     -18.908     -38.811       0.042     -20.901       0.052
Gaia DR3 6073160795396904576 189.3763367 -56.6162403 16.162  3.370       2.369   5.5507  17.0325     8.35      nan      nan    9.179  nan      nan    nan   0.998     nan                                None     -35.454     -14.257     -38.269       0.035     -10.639       0.041
Gaia DR3 6072591282731852416 185.6760840 -56.6032211 15.872  3.384       0.913   7.1140  17.0341     9.00      nan      nan    9.378  nan      nan    nan   4.532     nan                                None     -36.345     -12.613     -34.990       0.151     -11.420       0.151
Gaia DR3 6053443631375494528 187.0897833 -64.2668951 15.499  3.453       1.105   6.1754  17.0352     9.57      nan      nan    9.248  nan      nan    nan   3.172     nan                                None     -35.815     -10.782     -37.960       0.083     -10.968       0.086
Gaia DR3 6058870064830973056 182.0484090 -60.0017087 16.201  3.271       0.148   7.5877  17.0378     9.94      nan      nan    9.457  nan      nan    nan   2.190     nan                                None     -36.624      -9.623     -36.917       0.072      -9.590       0.079
Gaia DR3 6071348491003883136 182.4112956 -58.3497008  7.375  0.211       0.063   7.8330  17.0378     9.74      nan      nan    9.502  nan      nan    nan   0.912     nan                                None     -36.811     -10.439     -36.892       0.019     -10.341       0.020
Gaia DR3 6073980172067600000 191.9511127 -54.5259637 14.084  2.755       1.154   6.4594  17.0486     7.60      nan      nan    9.282  nan      nan    nan   1.432     nan                                None     -35.681     -16.314     -35.059       0.023     -18.485       0.023
Gaia DR3 5856567140866125440 190.7567738 -67.9390473 13.481  2.600       0.333   8.1394  17.0579     9.47      nan      nan    9.562  nan      nan    nan   1.096     nan                                None     -36.848     -12.080     -37.479       0.014     -11.848       0.016
Gaia DR3 5860949137043373568 185.9404594 -65.8412157 11.915  1.890       0.956   7.5380  17.0711     9.87      nan      nan    9.443  nan      nan    nan   0.844     nan                                None     -36.596      -9.812     -38.451       0.011     -10.241       0.012
Gaia DR3 5855593385874666368 189.2968785 -69.1394208 13.090  2.077       1.390   9.4531  17.0712     9.76      nan      nan    9.933  nan      nan    nan   1.108     nan                                None     -38.373     -11.218     -38.423       0.047      -8.308       0.073
Gaia DR3 6074733165738763264 189.8374756 -53.6326143 12.750  2.348       2.083   7.8115  17.0834     7.87      nan      nan   12.049  nan      nan    nan   1.376     nan                                None     -46.506     -20.096     -45.278       0.035     -14.950       0.035
Gaia DR3 6052999669198183168 183.1098596 -65.3397859 12.692  2.323       1.347   8.1801  17.1025    10.21      nan      nan    9.564  nan      nan    nan   0.967     nan                                None     -37.064      -8.447     -39.268       0.012     -10.035       0.016
Gaia DR3 6055724499479516800 194.0265702 -61.4558867 12.723  2.401       2.005   1.9695  17.1113     8.24      nan      nan   12.787  nan      nan    nan   1.107     nan                                None     -48.889     -21.396     -51.128       0.014     -16.478       0.016
Gaia DR3 6053025507724358784 185.2267171 -64.9567565 10.546  1.380       1.047   7.2250  17.1123     9.89      nan      nan    9.386  nan      nan    nan   0.999     nan                                None     -36.381      -9.642     -38.140       0.013     -10.735       0.015
Gaia DR3 6055629666612119296 193.4565193 -60.8253335 13.829  2.623       0.459   1.9660  17.1162     8.24      nan      nan    8.944  nan      nan    nan   1.194     nan                                None     -34.252     -14.839     -33.492       0.015     -14.428       0.016
Gaia DR3 5343524947923387520 179.8485796 -57.1680272  6.748  0.232       0.128   9.5597  17.1334    10.08      nan      nan    9.961  nan      nan    nan   4.492     nan                                None     -38.484      -9.913     -38.677       0.102      -9.727       0.103
Gaia DR3 6056846722922276352 195.0086167 -59.4804932 15.379  3.150       0.681   1.4233  17.1372     7.80      nan      nan    8.929  nan      nan    nan   1.123     nan                                None     -34.034     -15.969     -35.275       0.026     -16.292       0.034
Gaia DR3 6062980859593944960 197.7527511 -58.5956340 13.340  2.205       2.220   1.7270  17.1458     7.22      nan      nan    8.935  nan      nan    nan   1.012     nan                                None     -33.718     -17.591     -35.531       0.010     -13.823       0.011
Gaia DR3 6053316947019253632 184.4168901 -64.1608866 12.795  2.384       1.371   7.1187  17.1460     9.94      nan      nan    9.365  nan      nan    nan   1.626     nan                                None     -36.303      -9.430     -38.142       0.055      -7.442       0.062
Gaia DR3 6071978854760589696 180.1792125 -58.8361846 15.299  3.168       0.173   8.7774  17.1623    10.15      nan      nan    9.698  nan      nan    nan   1.124     nan                                None     -37.485      -9.232     -37.838       0.030      -9.235       0.031
Gaia DR3 6054609629050407680 185.8840746 -62.6781290 11.039  1.475       0.834   5.9385  17.1834     9.59      nan      nan    9.205  nan      nan    nan   0.771     nan                                None     -35.673     -10.577     -37.172       0.011     -11.185       0.012
Gaia DR3 6053049696982672768 182.9398799 -65.2454371 13.883  3.093       0.709   8.1928  17.1840    10.22      nan      nan    9.555  nan      nan    nan   5.630     nan                                None     -37.025      -8.373     -37.614       0.084      -9.673       0.089
Gaia DR3 6073390043570115584 187.9994927 -56.5087957  9.664  0.783       1.929   6.1763  17.1859     8.58      nan      nan    9.232  nan      nan    nan   0.843     nan                                None     -35.723     -13.655     -33.649       0.012     -16.784       0.015
Gaia DR3 5866123580530528896 212.7293907 -62.0842321 14.119  2.105       2.563   7.6153  17.2072     5.68      nan      nan    9.439  nan      nan    nan   1.010     nan                                None     -32.247     -25.558     -27.327       0.009     -24.217       0.014
Gaia DR3 6053539838651181824 187.3489151 -63.5718182 14.317  2.872       1.048   5.7030  17.2248     9.47      nan      nan    9.175  nan      nan    nan   1.109     nan                                None     -35.524     -11.065     -37.190       0.018     -12.220       0.018
Gaia DR3 6072881034095240960 184.9677575 -55.8864773 17.475  3.353       2.627   7.8641  17.2396     9.05      nan      nan   12.071  nan      nan    nan   1.025     nan                                None     -46.790     -16.041     -42.226       0.075     -11.158       0.085
Gaia DR3 5870670988828497408 208.0896361 -59.0636524 14.716  3.316       2.186   5.5711  17.2461     5.68      nan      nan    9.159  nan      nan    nan   4.479     nan                                None     -32.546     -23.125     -34.850       0.154     -26.661       0.447
Gaia DR3 6074262025006377856 188.2719564 -55.3060583 16.812  3.695       0.839   6.9344  17.2564     8.38      nan      nan    9.324  nan      nan    nan   1.040     nan                                None     -36.068     -14.284     -37.451       0.053     -13.385       0.059
Gaia DR3 6060517305022028672 192.9225915 -57.5210047 16.625  3.649       0.284   3.5926  17.2594     7.86      nan      nan    9.003  nan      nan    nan   1.174     nan                                None     -34.528     -15.543     -35.061       0.057     -15.626       0.075
Gaia DR3 6074374346993398144 189.8083096 -54.9130583 11.461  1.488       0.505   6.7209  17.2745     8.05      nan      nan    9.292  nan      nan    nan   1.180     nan                                None     -35.868     -15.135     -35.600       0.014     -14.183       0.016
Gaia DR3 6071887900211413120 187.6999152 -56.5708860 13.420  2.499       0.512   6.2596  17.2841     8.64      nan      nan    9.232  nan      nan    nan   1.116     nan                                None     -35.732     -13.481     -36.560       0.011     -14.034       0.012
Gaia DR3 6053561279077596672 187.9122590 -63.8494661 15.797  3.215       0.941   5.6415  17.2854     9.42      nan      nan    9.163  nan      nan    nan   1.115     nan                                None     -35.457     -11.274     -36.965       0.035     -12.290       0.039
Gaia DR3 6054163296087784960 183.8269323 -63.4251342  8.285  0.814       0.787   7.0651  17.2997     9.96      nan      nan    9.338  nan      nan    nan   0.897     nan                                None     -36.197      -9.320     -37.735       0.016      -9.507       0.018
Gaia DR3 5855795696018326272 191.1935365 -68.2135818 15.274  3.507       0.465   8.3308  17.2998     9.45      nan      nan    9.567  nan      nan    nan   1.251     nan                                None     -36.837     -12.256     -37.270       0.037     -13.088       0.039
Gaia DR3 6073601562115433856 189.7030795 -55.3269351 13.672  2.926       0.422   6.4152  17.3020     8.12      nan      nan    9.249  nan      nan    nan   1.502     nan                                None     -35.707     -14.897     -36.433       0.015     -15.287       0.018
Gaia DR3 5863636279063596800 196.5617143 -61.2531548 14.688  2.851       0.510   1.0141  17.3055     7.82      nan      nan    8.907  nan      nan    nan   1.067     nan                                None     -33.771     -16.275     -32.839       0.018     -16.056       0.021
Gaia DR3 6071357012219479040 182.9406081 -58.1761451 14.386  2.836       1.048   7.6377  17.3058     9.64      nan      nan    9.430  nan      nan    nan   1.310     nan                                None     -36.543     -10.705     -38.597       0.020     -11.052       0.022
Gaia DR3 6053369105097156480 184.2683972 -64.0156549 11.592  1.763       0.969   7.1130  17.3098     9.95      nan      nan    9.344  nan      nan    nan   0.809     nan                                None     -36.223      -9.374     -38.126       0.012      -9.536       0.015
Gaia DR3 5860044105883909376 186.8071252 -66.7389277 13.182  2.495       0.694   7.9345  17.3196     9.84      nan      nan    9.483  nan      nan    nan   3.954     nan                                None     -36.732     -10.053     -37.769       0.047     -10.976       0.050
Gaia DR3 6054102548071164544 182.2828806 -63.5982283 14.430  2.952       0.768   7.7725  17.3330    10.19      nan      nan    9.451  nan      nan    nan   1.093     nan                                None     -36.608      -8.488     -38.066       0.019      -8.951       0.021
Gaia DR3 6076672429371485184 183.3530120 -54.3240172 14.166  3.001       0.878   9.5941  17.3784     9.17      nan      nan    9.914  nan      nan    nan   1.188     nan                                None     -38.423     -12.807     -39.986       0.016     -11.844       0.016
Gaia DR3 5855405094500214016 190.5543226 -69.7301753 15.114  3.365       0.841   9.8308  17.3879     9.67      nan      nan   10.010  nan      nan    nan   1.187     nan                                None     -38.589     -11.887     -39.919       0.032     -13.063       0.035
Gaia DR3 5860707936033672064 182.6148618 -66.0661329 15.128  3.195       1.134   8.7447  17.4008    10.33      nan      nan    9.648  nan      nan    nan   1.042     nan                                None     -37.381      -7.962     -39.485       0.028      -8.910       0.030
Gaia DR3 6061369529628443392 192.8018432 -56.5129935 12.046  1.895       0.450   4.4698  17.4021     7.74      nan      nan    9.049  nan      nan    nan   1.045     nan                                None     -34.712     -15.821     -35.444       0.016     -16.271       0.019
Gaia DR3 6076342953840113280 185.8233285 -54.1882951 14.512  2.864       0.173   8.7021  17.4215     8.70      nan      nan    9.634  nan      nan    nan   1.156     nan                                None     -37.338     -13.795     -37.678       0.017     -13.887       0.019
Gaia DR3 6061701238539862016 193.1051113 -55.3034416 13.479  2.588       0.376   5.4824  17.4288     7.50      nan      nan    9.133  nan      nan    nan   1.254     nan                                None     -35.007     -16.431     -35.619       0.010     -16.819       0.013
Gaia DR3 6084648419845155072 193.8506732 -50.2677390 14.162  2.819       2.347  10.2293  17.4418     6.58      nan      nan   10.211  nan      nan    nan  20.603     nan                                None     -39.060     -20.111     -38.027       0.271     -15.166       0.285
Gaia DR3 5869560447765559936 201.0338600 -60.2054175 14.388  3.197       0.289   1.8466  17.4450     6.97      nan      nan    8.914  nan      nan    nan   1.459     nan                                None     -33.131     -18.822     -32.602       0.022     -18.942       0.029
Gaia DR3 6059176828570998400 186.6605215 -59.4810502 13.869  2.714       0.805   5.4027  17.4532     9.15      nan      nan    9.123  nan      nan    nan   1.300     nan                                None     -35.339     -11.908     -36.577       0.044     -10.978       0.049
Gaia DR3 5857065971210881408 194.8984263 -68.1337128 13.064  2.852       1.076   7.8941  17.4772     9.00      nan      nan    9.454  nan      nan    nan   2.794     nan                                None     -36.050     -14.312     -37.884       0.030     -15.422       0.038
Gaia DR3 6055724499479516544 194.0386748 -61.4571508  9.162  1.003       1.883   1.9655  17.4790     8.23      nan      nan   12.849  nan      nan    nan   0.975     nan                                None     -49.123     -21.508     -51.181       0.011     -16.842       0.012
Gaia DR3 6074670424850403712 189.4280908 -54.0756285 13.571  2.582       0.787   7.5466  17.4795     8.01      nan      nan    9.393  nan      nan    nan   1.217     nan                                None     -36.277     -15.335     -37.818       0.012     -15.568       0.015
Gaia DR3 5341341180412323840 178.7360302 -59.9465463 15.076  3.163       1.765   9.2311  17.4818    10.47      nan      nan   11.727  nan      nan    nan   1.081     nan                                None     -45.226      -9.688     -44.155       0.023      -5.457       0.025
Gaia DR3 5851107172306528256 209.3627296 -66.3089190 12.680  2.168       0.442   8.0530  17.5081     6.99      nan      nan    9.480  nan      nan    nan   0.991     nan                                None     -33.350     -22.993     -32.905       0.011     -23.756       0.013
Gaia DR3 6071472529664191360 185.2957234 -58.2200256 15.057  3.412       0.755   6.4782  17.5084     9.24      nan      nan    9.235  nan      nan    nan   6.151     nan                                None     -35.795     -11.719     -37.198       0.133     -12.154       0.160
Gaia DR3 6061623448093781504 193.0496011 -55.7954825 16.482  3.516       1.031   5.0439  17.5092     7.59      nan      nan    9.085  nan      nan    nan   1.104     nan                                None     -34.828     -16.193     -36.214       0.051     -14.786       0.065
Gaia DR3 6057307418292454912 195.6907266 -58.0999367 18.929  4.243       0.626   2.3601  17.5120     7.48      nan      nan    8.925  nan      nan    nan   1.090     nan                                None     -33.943     -16.655     -34.382       0.158     -17.749       0.201
Gaia DR3 6061474910941074688 195.3787710 -55.7787749 16.750  3.868       1.580   4.6439  17.5325     7.17      nan      nan    9.050  nan      nan    nan   1.031     nan                                None     -34.455     -17.298     -34.150       0.044     -14.299       0.057
Gaia DR3 5861241508444390784 185.3901504 -65.0941374 15.614  3.212       1.051   7.2475  17.5333     9.88      nan      nan    9.338  nan      nan    nan   3.834     nan                                None     -36.195      -9.640     -37.738       0.109     -11.019       0.118
Gaia DR3 5863137581817915904 195.6093125 -63.0953479 16.014  3.400       0.360   2.9019  17.5341     8.23      nan      nan    8.945  nan      nan    nan   1.013     nan                                None     -34.028     -15.357     -34.368       0.035     -15.945       0.042
Gaia DR3 6072502531530961664 182.6749994 -56.4423709  6.958  0.156       1.006   8.5709  17.5427     9.52      nan      nan    9.584  nan      nan    nan   1.638     nan                                None     -37.133     -11.320     -35.117       0.036     -11.062       0.038
Gaia DR3 6073534732422137216 190.1502244 -55.5431124 16.964  3.733       0.492   6.0915  17.5502     8.07      nan      nan    9.184  nan      nan    nan   1.020     nan                                None     -35.432     -14.961     -36.357       0.053     -14.737       0.065
Gaia DR3 6071706691267087104 184.6858135 -57.8985274 14.802  2.417       0.244   6.9060  17.5538     9.31      nan      nan    9.286  nan      nan    nan   1.138     nan                                None     -35.997     -11.561     -36.269       0.047     -11.954       0.053
Gaia DR3 5855642348500099072 189.3903639 -69.0011026 13.587  2.942       0.928   9.3136  17.5674     9.73      nan      nan    9.777  nan      nan    nan   3.036     nan                                None     -37.762     -11.147     -38.496       0.037     -12.914       0.045
Gaia DR3 5869330679822111744 199.4178557 -61.5583902 13.724  2.058       2.267   1.6135  17.5880     7.44      nan      nan    8.897  nan      nan    nan   1.005     nan                                None     -33.330     -17.647     -33.131       0.012     -21.894       0.016
Gaia DR3 6059650065260542592 190.3759945 -59.6359462 15.870  3.600       0.824   3.5362  17.6044     8.57      nan      nan    8.971  nan      nan    nan   1.211     nan                                None     -34.594     -13.603     -33.817       0.041     -14.955       0.052
Gaia DR3 6056856171851121536 193.6822953 -59.7849147 16.489  3.018       1.563   1.8886  17.6077     8.06      nan      nan    8.902  nan      nan    nan   0.996     nan                                None     -34.070     -15.164     -33.054       0.041     -17.915       0.055
Gaia DR3 6071432431847001088 185.2285638 -58.4059798 15.063  3.056       0.206   6.4377  17.6123     9.27      nan      nan    9.218  nan      nan    nan   1.123     nan                                None     -35.732     -11.604     -36.082       0.023     -11.800       0.025
Gaia DR3 6055724499483732096 194.0389421 -61.4578649 13.718    nan       1.066   1.9658  17.6214     8.23      nan      nan   12.873  nan      nan    nan   1.092     nan                                None     -49.215     -21.548     -52.082       0.082     -21.925       0.076
Gaia DR3 6060057503020288640 191.9130529 -58.2976369  6.902  0.352       0.403   3.4121  17.6272     8.14      nan      nan    8.962  nan      nan    nan   4.355     nan                                None     -34.453     -14.752     -33.808       0.087     -14.349       0.100
Gaia DR3 6076050346312676608 185.1166884 -54.5937162 13.855  2.761       0.316   8.6793  17.6306     8.88      nan      nan    9.595  nan      nan    nan   1.263     nan                                None     -37.194     -13.241     -37.681       0.015     -12.825       0.016
Gaia DR3 6072024999891475200 181.9930642 -58.1755353 14.625  2.950       0.154   8.1012  17.6392     9.80      nan      nan    9.471  nan      nan    nan   1.180     nan                                None     -36.679     -10.236     -36.864       0.020      -9.991       0.021
Gaia DR3 6071268089223877632 181.9562341 -58.4010859 16.967  4.084       0.197   8.0385  17.6412     9.82      nan      nan    9.459  nan      nan    nan   0.925     nan                                None     -36.630     -10.125     -37.013       0.065     -10.039       0.062
Gaia DR3 6061042699793311616 189.6126661 -57.5225631 16.006  3.398       0.626   4.8516  17.6448     8.43      nan      nan    9.056  nan      nan    nan   1.082     nan                                None     -34.968     -13.934     -36.131       0.036     -14.211       0.044
Gaia DR3 6071458923206941696 185.7384781 -58.1931941 12.806  2.183       0.225   6.2765  17.6462     9.16      nan      nan    9.196  nan      nan    nan   1.098     nan                                None     -35.639     -11.912     -35.933       0.013     -12.233       0.015
Gaia DR3 6057558691062793856 182.5920485 -62.1069608 14.132  2.873       0.953   7.2990  17.6470    10.03      nan      nan    9.332  nan      nan    nan   1.149     nan                                None     -36.156      -9.074     -37.991       0.015      -9.456       0.017
Gaia DR3 6060517305034461696 192.9217476 -57.5205182 14.049  2.786       0.399   3.5932  17.6647     7.86      nan      nan    8.969  nan      nan    nan   1.394     nan                                None     -34.394     -15.482     -33.650       0.018     -15.602       0.021
Gaia DR3 6059262899719316608 186.8485106 -58.9051506 13.933  2.823       0.253   5.4726  17.6729     9.06      nan      nan    9.108  nan      nan    nan   1.258     nan                                None     -35.278     -12.164     -34.848       0.015     -11.938       0.017
Gaia DR3 5333169609995989888 176.7186899 -63.3400926 12.592  2.160       1.571  10.1363  17.6742    10.97      nan      nan   10.073  nan      nan    nan   0.979     nan                                None     -38.686      -5.770     -40.176       0.012      -2.787       0.012
Gaia DR3 5855794837024822400 191.1454992 -68.2549244 15.122  3.244       0.587   8.3758  17.6799     9.46      nan      nan    9.521  nan      nan    nan   1.077     nan                                None     -36.660     -12.154     -37.345       0.025     -13.113       0.027
Gaia DR3 5856485807039227264 188.9877183 -68.3003323 14.795  2.884       0.653   8.7521  17.6976     9.71      nan      nan    9.602  nan      nan    nan   8.174     nan                                None     -37.108     -10.946     -38.037       0.151     -11.887       0.160
Gaia DR3 6057569342582583808 183.3847989 -61.8314856 12.921  2.327       0.926   6.8951  17.7024     9.89      nan      nan    9.268  nan      nan    nan   1.453     nan                                None     -35.919      -9.543     -37.635       0.022     -10.117       0.024
Gaia DR3 5862694066352385280 192.1009087 -63.7273504 14.998  3.082       0.980   4.2018  17.7309     8.81      nan      nan    9.000  nan      nan    nan   0.990     nan                                None     -34.585     -13.389     -36.258       0.023     -14.201       0.026
Gaia DR3 5860035206711187456 186.4332520 -66.8709815 15.431  3.392       0.882   8.1308  17.7524     9.90      nan      nan    9.461  nan      nan    nan   1.065     nan                                None     -36.656      -9.765     -38.187       0.033     -10.632       0.040
Gaia DR3 5869330684143106560 199.4199349 -61.5576198 14.257  2.235       2.395   1.6136  17.7595     7.44      nan      nan    8.883  nan      nan    nan   0.972     nan                                None     -33.278     -17.621     -34.848       0.015     -21.821       0.018
Gaia DR3 6053749982778076416 187.0458051 -63.2397217 15.477  3.324       1.107   5.6642  17.7631     9.48      nan      nan    9.118  nan      nan    nan   1.048     nan                                None     -35.311     -10.935     -37.221       0.030     -11.871       0.035
Gaia DR3 5862096103843250560 196.0672993 -64.0991970 15.568  3.198       0.526   3.8351  17.7661     8.31      nan      nan    8.974  nan      nan    nan   1.042     nan                                None     -34.084     -15.377     -34.243       0.028     -16.358       0.034
Gaia DR3 6054691748830295168 187.5042740 -62.3060350 13.566  2.573       0.664   5.1108  17.7958     9.32      nan      nan    9.064  nan      nan    nan   1.156     nan                                None     -35.088     -11.412     -36.356       0.015     -11.373       0.017
Gaia DR3 6073227208454695424 189.8320522 -56.0788060 12.599  2.086       0.391   5.7771  17.7990     8.20      nan      nan    9.126  nan      nan    nan   0.943     nan                                None     -35.224     -14.557     -34.748       0.009     -13.974       0.012
Gaia DR3 5863564776444944256 196.4756752 -61.6769557 18.603  4.367       0.457   1.4280  17.8082     7.90      nan      nan    8.875  nan      nan    nan   1.078     nan                                None     -33.658     -16.062     -33.626       0.157     -15.207       0.212
Gaia DR3 5860789299912353024 184.2758748 -65.6930034  6.055  0.023       1.111   7.9751  17.8128    10.08      nan      nan    9.424  nan      nan    nan   1.021     nan                                None     -36.532      -8.876     -38.514       0.035      -9.846       0.040
Gaia DR3 5869474548409857024 200.6577841 -60.9884770  4.471 -0.186       2.597   1.7728  17.8151     7.16      nan      nan    8.882  nan      nan    nan   0.943     nan                                None     -33.077     -18.385     -29.518       0.084     -21.698       0.124
Gaia DR3 5855744912322363264 190.4647353 -68.7451703 14.026  2.823       0.101   8.9237  17.8152     9.59      nan      nan    9.624  nan      nan    nan   1.307     nan                                None     -37.108     -11.711     -37.220       0.017     -11.539       0.020
Gaia DR3 6058311925258615424 186.0403447 -60.0616260 11.529  1.552       0.857   5.6054  17.8161     9.31      nan      nan    9.107  nan      nan    nan   0.943     nan                                None     -35.290     -11.378     -36.934       0.011     -11.462       0.013
Gaia DR3 5861202230882557696 187.3959328 -64.9796540 19.805  3.246       1.821   6.5133  17.8182     9.60      nan      nan    9.206  nan      nan    nan   1.100     nan                                None     -35.641     -10.673     -39.136       0.423     -11.192       0.452
Gaia DR3 6053316942666110720 184.4140384 -64.1616470 12.686  2.692       1.241   7.1202  17.8479     9.94      nan      nan    9.283  nan      nan    nan   1.425     nan                                None     -35.984      -9.345     -38.258       0.021     -10.195       0.024
Gaia DR3 6053442222625971072 186.7273701 -64.3557629 13.848  2.914       0.451   6.3551  17.8591     9.63      nan      nan    9.182  nan      nan    nan   6.766     nan                                None     -35.570     -10.474     -36.298       0.077      -9.994       0.088
Gaia DR3 6067650695944221696 198.0771496 -54.6757227 14.108  2.921       1.363   5.6474  17.8597     6.51      nan      nan    9.107  nan      nan    nan   5.700     nan                                None     -34.319     -18.994     -36.840       0.082     -19.695       0.075
Gaia DR3 6072502291012793472 182.7067180 -56.4454067 15.825  3.371       0.815   8.5545  17.8706     9.51      nan      nan    9.530  nan      nan    nan   1.121     nan                                None     -36.926     -11.273     -38.483       0.041     -10.765       0.038
Gaia DR3 6074023259181420672 191.7440563 -54.4467623 15.924  3.011       0.222   6.5814  17.8792     7.63      nan      nan    9.208  nan      nan    nan   1.042     nan                                None     -35.410     -16.099     -35.014       0.034     -16.266       0.033
Gaia DR3 6054187038669456768 183.5139265 -63.4727010 12.904  2.300       1.158   7.2128  17.8914    10.01      nan      nan    9.291  nan      nan    nan   1.126     nan                                None     -36.010      -9.080     -38.261       0.017      -9.362       0.017
Gaia DR3 6057198016896222208 194.3472596 -58.3404098 14.971  3.093       0.384   2.4832  17.9096     7.74      nan      nan    8.897  nan      nan    nan   1.079     nan                                None     -33.984     -15.867     -33.284       0.020     -15.700       0.024
Gaia DR3 5236079778323444736 178.3705668 -67.1869415 14.707  3.021       1.345  10.7663  17.9111    10.93      nan      nan   10.446  nan      nan    nan   0.974     nan                                None     -40.261      -5.416     -43.059       0.022      -6.392       0.028
Gaia DR3 6075936134538464768 184.8051629 -55.3388949 16.384  3.887       0.586   8.2901  17.9126     9.02      nan      nan    9.470  nan      nan    nan   1.659     nan                                None     -36.710     -12.672     -37.804       0.073     -13.085       0.074
Gaia DR3 6080127060538451072 197.1866849 -52.3999011 16.609  3.518       1.094   7.9089  17.9209     6.28      nan      nan    9.398  nan      nan    nan   1.047     nan                                None     -35.546     -19.662     -36.821       0.059     -17.908       0.053
Gaia DR3 6079389253876183808 190.2220060 -50.5298896 14.427  2.879       0.057  10.5610  17.9219     7.35      nan      nan   11.205  nan      nan    nan   1.201     nan                                None     -43.223     -19.893     -43.353       0.021     -19.863       0.019
Gaia DR3 6059176828538043904 186.6597445 -59.4809967 14.153    nan       1.627   5.4031  17.9231     9.15      nan      nan    9.078  nan      nan    nan   1.136     nan                                None     -35.165     -11.849     -36.599       0.047     -14.612       0.069
Gaia DR3 6053092268702464640 184.2980906 -64.6641384 16.288  3.563       1.023   7.4035  17.9292    10.00      nan      nan    9.315  nan      nan    nan   1.043     nan                                None     -36.108      -9.140     -38.043       0.039      -9.676       0.045
Gaia DR3 6053114636894633344 185.0945413 -64.3451118 13.525  2.617       1.218   6.9472  17.9354     9.86      nan      nan    9.249  nan      nan    nan   1.076     nan                                None     -35.851      -9.632     -37.754       0.012     -11.051       0.014
Gaia DR3 6055208691092923648 191.5507395 -62.3546991 17.609    nan       2.482   3.4389  17.9372     8.72      nan      nan    8.937  nan      nan    nan   1.212     nan                                None     -34.385     -13.397     -33.615       0.125      -8.783       0.170
Gaia DR3 6060864819427739904 190.5014864 -57.9969405 13.640    nan       1.081   4.1869  17.9615     8.34      nan      nan    8.979  nan      nan    nan   3.116     nan                                None     -34.618     -14.139     -32.619       0.280     -13.704       0.514
Gaia DR3 5850623284049165056 207.1136128 -67.4553247  9.208  0.781       1.796   8.3256  17.9642     7.48      nan      nan    9.470  nan      nan    nan   3.413     nan                                None     -33.894     -21.466     -31.995       0.047     -18.426       0.055
Gaia DR3 6054055784462350464 180.6170629 -64.1527362 16.772  3.770       1.590   8.6439  17.9691    10.47      nan      nan   12.037  nan      nan    nan   1.028     nan                                None     -46.553      -9.341     -47.472       0.056      -5.413       0.056
Gaia DR3 6071111718052648192 184.1629881 -58.4760241 15.692  3.242       0.336   6.9305  17.9758     9.46      nan      nan    9.242  nan      nan    nan   1.089     nan                                None     -35.825     -11.044     -36.307       0.031     -10.599       0.031
Gaia DR3 6059655700266897664 190.5457832 -59.5952942 15.254  2.917       1.229   3.4631  17.9989     8.53      nan      nan    8.933  nan      nan    nan   1.892     nan                                None     -34.439     -13.646     -32.138       0.084     -13.390       0.086
Gaia DR3 6077322206383021568 186.7015215 -52.2520682 11.199  1.695       0.808   9.9560  18.0022     8.29      nan      nan    9.904  nan      nan    nan   4.690     nan                                None     -38.364     -15.252     -39.248       0.067     -13.815       0.064
Gaia DR3 5859592996863478272 181.7237177 -67.5596728 14.249  2.821       1.249   9.9221  18.0127    10.53      nan      nan    9.888  nan      nan    nan   1.726     nan                                None     -38.286      -7.046     -40.688       0.030      -8.049       0.030
Gaia DR3 6053800697756393088 187.3513363 -63.0260294 17.172  3.769       0.890   5.4465  18.0216     9.41      nan      nan    9.072  nan      nan    nan   1.220     nan                                None     -35.125     -11.114     -36.420       0.077     -12.219       0.088
Gaia DR3 6053327426740164992 184.6089624 -64.0031146  4.040 -0.242       1.698   6.9732  18.0424     9.90      nan      nan    9.240  nan      nan    nan   2.271     nan                                None     -35.820      -9.465     -37.431       0.201      -6.576       0.246
Gaia DR3 6071333540197225856 183.3333101 -58.1196041 18.650  4.395       0.880   7.4681  18.0463     9.56      nan      nan    9.311  nan      nan    nan   1.089     nan                                None     -36.085     -10.798     -37.781       0.174     -11.126       0.193
Gaia DR3 6077283620395833088 185.8616619 -52.7122868 15.788  3.338       0.765   9.8541  18.0521     8.51      nan      nan    9.854  nan      nan    nan   1.111     nan                                None     -38.190     -14.592     -39.296       0.033     -13.450       0.039
Gaia DR3 6080181933041035776 195.4023536 -52.9988115 15.631  3.387       0.380   7.3842  18.0613     6.72      nan      nan    9.296  nan      nan    nan   1.098     nan                                None     -35.389     -18.441     -36.093       0.033     -18.197       0.028
Gaia DR3 6079389185156706944 190.2271295 -50.5320684 11.419  1.539       0.270  10.5578  18.0648     7.35      nan      nan   11.280  nan      nan    nan   1.703     nan                                None     -43.510     -20.027     -43.328       0.022     -19.411       0.020
Gaia DR3 5861241504060387328 185.3862074 -65.0967835 12.368  2.059       0.690   7.2504  18.0696     9.88      nan      nan    9.276  nan      nan    nan   1.245     nan                                None     -35.953      -9.573     -37.102       0.014     -10.279       0.016
Gaia DR3 5870226511245477888 203.3645551 -58.6633383 14.451  2.886       1.234   3.4817  18.0749     6.33      nan      nan    8.928  nan      nan    nan   1.656     nan                                None     -32.755     -20.343     -30.669       0.050     -19.321       0.052
Gaia DR3 6081307863001620352 194.8328453 -51.4514344 12.418  2.067       0.163   8.9643  18.0844     6.57      nan      nan    9.590  nan      nan    nan   1.063     nan                                None     -36.577     -19.101     -36.796       0.015     -18.853       0.014
Gaia DR3 5843249890363582848 188.8135021 -70.7188922 15.672  3.540       1.103  10.9659  18.0903     9.95      nan      nan   10.778  nan      nan    nan   1.124     nan                                None     -41.666     -11.225     -43.654       0.034     -12.749       0.041
Gaia DR3 6072813104887578752 187.0370836 -55.3817657 12.611  2.127       0.150   7.3478  18.0920     8.62      nan      nan    9.287  nan      nan    nan   1.009     nan                                None     -35.967     -13.568     -35.879       0.010     -13.287       0.013
Gaia DR3 6060821766683597184 188.9074224 -57.9686738 14.382  2.861       0.475   4.9026  18.0961     8.60      nan      nan    9.019  nan      nan    nan   1.111     nan                                None     -34.859     -13.388     -34.022       0.017     -13.050       0.019
Gaia DR3 6053372644150226560 184.2079807 -63.9493291 15.378  3.215       1.314   7.1089  18.1038     9.95      nan      nan    9.252  nan      nan    nan   1.023     nan                                None     -35.864      -9.270     -37.909       0.026     -10.813       0.030
Gaia DR3 6053326602097377024 184.6213044 -64.0228665 14.820  3.389       0.616   6.9771  18.1297     9.90      nan      nan    9.231  nan      nan    nan   1.211     nan                                None     -35.784      -9.456     -36.091       0.028     -10.616       0.032
Gaia DR3 5860783355676896512 185.2323711 -65.5768509 12.243  2.017       0.838   7.5908  18.1361     9.94      nan      nan    9.319  nan      nan    nan   0.979     nan                                None     -36.122      -9.366     -37.600       0.012     -10.090       0.015
Gaia DR3 6062452720415996416 202.7955283 -58.2598301 15.949  3.524       0.395   3.4662  18.1530     6.35      nan      nan    8.920  nan      nan    nan   1.131     nan                                None     -32.837     -20.132     -32.123       0.048     -20.335       0.052
Gaia DR3 5866123443091573888 212.8283028 -62.0805544 12.064  1.461       2.572   7.6609  18.1711     5.66      nan      nan    9.326  nan      nan    nan   3.495     nan                                None     -31.829     -25.299     -26.988       0.033     -26.759       0.050
Gaia DR3 6066279944238972032 206.7311891 -52.2799860 17.953  3.948       0.784   9.5582  18.1750     4.47      nan      nan    9.733  nan      nan    nan   0.984     nan                                None     -34.930     -25.126     -35.317       0.179     -23.565       0.147
Gaia DR3 6075184824495297536 191.7421777 -52.6383507 17.110  4.047       0.440   8.2580  18.1898     7.36      nan      nan    9.426  nan      nan    nan   1.053     nan                                None     -36.250     -16.950     -36.489       0.088     -17.792       0.076
Gaia DR3 6053323509720908160 184.7833072 -64.0603048 16.964  3.843       1.069   6.9306  18.1919     9.88      nan      nan    9.218  nan      nan    nan   0.992     nan                                None     -35.734      -9.521     -37.363       0.062     -10.809       0.064
Gaia DR3 6063094800829907712 197.8261026 -57.8778541 14.195  2.804       0.380   2.4446  18.1951     7.09      nan      nan    8.873  nan      nan    nan   1.168     nan                                None     -33.472     -17.672     -33.339       0.014     -16.974       0.018
Gaia DR3 6063337449296854656 196.9186348 -57.3966939 17.213  3.685       1.592   2.9190  18.2021     7.16      nan      nan    8.890  nan      nan    nan   1.070     nan                                None     -33.661     -17.371     -33.457       0.057     -14.394       0.066
Gaia DR3 6067750957662662272 198.2613720 -53.7547475 14.795  2.921       0.440   6.5736  18.2043     6.31      nan      nan    9.172  nan      nan    nan   1.141     nan                                None     -34.539     -19.420     -34.938       0.023     -20.172       0.023
Gaia DR3 5341835994999731584 179.8488025 -58.7112599 14.076  2.843       0.823   8.9782  18.2179    10.20      nan      nan    9.572  nan      nan    nan   1.159     nan                                None     -36.984      -8.975     -38.584       0.016      -9.422       0.016
Gaia DR3 5236118845347751552 178.0741174 -66.7626862 14.551  3.179       1.220  10.6597  18.2215    10.94      nan      nan   10.184  nan      nan    nan   1.116     nan                                None     -39.226      -5.267     -41.594       0.021      -6.388       0.024
Gaia DR3 6061957768380443136 198.8819124 -59.4014777 15.125  3.137       0.215   1.2000  18.2255     7.17      nan      nan    8.838  nan      nan    nan   1.143     nan                                None     -33.189     -17.773     -32.809       0.020     -17.650       0.025
Gaia DR3 6053080105353531520 183.3370776 -64.8165615 11.455  1.716       1.682   7.8357  18.2391    10.14      nan      nan   12.295  nan      nan    nan   0.855     nan                                None     -47.651     -11.271     -46.843       0.012      -6.986       0.016
Gaia DR3 5343603288130858112 178.9284760 -56.6253430 12.985    nan       0.522  10.2563  18.2516    10.19      nan      nan    9.963  nan      nan    nan   0.840     nan                                None     -38.438      -9.600     -38.911       0.227     -10.590       0.247
Gaia DR3 6067613724867826432 196.8534369 -54.4602112 14.486  3.025       1.647   5.8535  18.2542     6.69      nan      nan    9.089  nan      nan    nan   1.080     nan                                None     -34.420     -18.406     -37.553       0.148     -18.037       0.089
Gaia DR3 6070203521419422976 203.1082609 -50.4985131 13.895  2.781       1.926  10.3367  18.2545     4.78      nan      nan    9.998  nan      nan    nan  22.192     nan                                None     -36.737     -24.320     -33.823       0.268     -21.494       0.327
Gaia DR3 6061594998224040960 192.4615737 -56.0965168 14.338  2.737       1.601   4.9252  18.2632     7.73      nan      nan    9.005  nan      nan    nan   1.120     nan                                None     -34.575     -15.682     -34.269       0.013     -12.658       0.016
Gaia DR3 6075429981240520704 180.3325106 -56.8174356 13.309  2.633       0.951   9.4881  18.2778     9.96      nan      nan    9.693  nan      nan    nan   6.729     nan                                None     -37.475     -10.038     -36.402       0.073      -8.417       0.070
Gaia DR3 5843314967714767872 191.8999740 -70.5205628 13.249  2.507       1.135  10.4478  18.2899     9.61      nan      nan   10.041  nan      nan    nan   1.215     nan                                None     -38.601     -12.496     -40.255       0.012     -14.237       0.015
Gaia DR3 6053028978057952256 184.8397658 -64.9029007  9.696  1.274       1.172   7.3315  18.2901     9.94      nan      nan    9.262  nan      nan    nan  11.186     nan                                None     -35.903      -9.314     -37.383       0.195      -7.569       0.171
Gaia DR3 5864956895605575552 203.4334377 -63.9930032 10.978  1.361       0.455   4.6584  18.2936     7.30      nan      nan    8.983  nan      nan    nan   0.797     nan                                None     -32.942     -19.300     -32.129       0.010     -19.583       0.014
Gaia DR3 6075374902576831616 180.0388860 -57.1172616  8.463  0.606       0.315   9.4902  18.3002    10.04      nan      nan    9.690  nan      nan    nan   0.835     nan                                None     -37.447      -9.766     -37.535       0.013      -9.130       0.015
Gaia DR3 6072129071233432832 182.7071266 -57.8625632 14.669  2.843       1.254   7.8751  18.3130     9.65      nan      nan    9.343  nan      nan    nan   9.041     nan                                None     -36.199     -10.584     -38.203       0.343      -9.139       0.322
Gaia DR3 5890776589706463744 216.8277646 -59.4462097 19.184  4.139       2.365   9.7931  18.3162     4.50      nan      nan    9.777  nan      nan    nan   0.994     nan                                None     -32.036     -29.000     -33.740       0.213     -24.433       0.240
Gaia DR3 6053805645558973184 186.3484007 -63.2049393 15.594  3.432       1.174   5.9332  18.3181     9.58      nan      nan    9.090  nan      nan    nan   1.122     nan                                None     -35.221     -10.530     -37.289       0.035     -11.417       0.040
Gaia DR3 5860258884264509568 188.6664218 -65.7208756 16.147  3.429       0.664   6.6735  18.3221     9.50      nan      nan    9.172  nan      nan    nan   1.017     nan                                None     -35.462     -11.110     -36.402       0.036     -11.985       0.041
Gaia DR3 6127170730681831168 186.8621560 -50.8737641 11.476  1.314       0.968  11.1026  18.3222     8.08      nan      nan   10.630  nan      nan    nan   1.251     nan                                None     -41.172     -16.902     -39.884       0.017     -18.647       0.015
Gaia DR3 6072342483875171456 180.7954700 -57.3895982 15.582  2.894       0.212   9.0026  18.3222     9.93      nan      nan    9.562  nan      nan    nan   1.075     nan                                None     -36.987      -9.952     -37.377       0.030     -10.126       0.030
Gaia DR3 5856506049252350208 188.4976578 -68.1060607 18.405    nan       1.247   8.6713  18.3354     9.75      nan      nan    9.487  nan      nan    nan   1.105     nan                                None     -36.688     -10.590     -39.088       0.396     -11.265       0.189
Gaia DR3 5870079108003904512 204.7857435 -58.8578865 15.354  3.381       0.169   4.0472  18.3730     6.14      nan      nan    8.935  nan      nan    nan   1.296     nan                                None     -32.492     -21.010     -32.367       0.029     -20.719       0.028
Gaia DR3 5861247933715910144 185.5652323 -64.8668262 13.562  2.558       0.849   7.0558  18.3898     9.84      nan      nan    9.213  nan      nan    nan   1.088     nan                                None     -35.708      -9.686     -36.953       0.013     -10.766       0.015
Gaia DR3 6057675617243704704 182.3127979 -61.7834540 15.674  3.295       0.153   7.3943  18.3899    10.05      nan      nan    9.260  nan      nan    nan   1.066     nan                                None     -35.868      -8.960     -36.149       0.036      -9.057       0.034
Gaia DR3 6062009853387175808 199.6662053 -59.2358376 15.098  3.151       0.187   1.5964  18.3982     7.02      nan      nan    8.832  nan      nan    nan   1.109     nan                                None     -33.048     -18.189     -33.262       0.020     -18.465       0.025
Gaia DR3 6061594998224041344 192.4633635 -56.0963873 14.120  2.703       1.278   4.9248  18.3998     7.73      nan      nan    8.993  nan      nan    nan   1.164     nan                                None     -34.528     -15.661     -32.896       0.013     -13.870       0.016
Gaia DR3 5863877896797792768 206.0155948 -64.8875275 11.737  1.675       0.725   6.0718  18.4066     7.13      nan      nan    9.096  nan      nan    nan   0.870     nan                                None     -32.809     -20.673     -31.438       0.010     -20.905       0.013
Gaia DR3 5343603288120259072 178.9288233 -56.6254762 11.214  1.677       1.173  10.2561  18.4101    10.19      nan      nan    9.922  nan      nan    nan   1.857     nan                                None     -38.280      -9.561     -39.461       0.028      -7.409       0.026
Gaia DR3 6075780652415957248 182.2119169 -55.7231080 18.805  4.206       0.650   9.1912  18.4102     9.53      nan      nan    9.593  nan      nan    nan   1.043     nan                                None     -37.155     -11.323     -38.460       0.185     -11.490       0.180
Gaia DR3 6060901206399730304 191.4891474 -57.5667086 18.886  3.036       2.484   4.0667  18.4105     8.11      nan      nan    8.933  nan      nan    nan   1.192     nan                                None     -34.372     -14.684     -38.776       0.216     -16.261       0.334
Gaia DR3 5843299883788891392 190.7321249 -70.5724925 15.950  3.647       1.110  10.6079  18.4114     9.74      nan      nan   10.085  nan      nan    nan   1.040     nan                                None     -38.865     -11.786     -40.727       0.043     -13.236       0.049
Gaia DR3 6070301549753296640 204.6883755 -50.8866477 15.134  2.720       1.725  10.2864  18.4331     4.56      nan      nan   11.582  nan      nan    nan   1.003     nan                                None     -42.146     -28.999     -41.615       0.028     -33.178       0.027
Gaia DR3 6054414568839059456 183.3482744 -62.9014307 14.457  2.960       1.211   7.1132  18.4417     9.99      nan      nan    9.215  nan      nan    nan   1.224     nan                                None     -35.713      -9.108     -38.041       0.020      -9.448       0.022
Gaia DR3 6067799576694628352 196.3325676 -54.4161057 15.690  3.461       0.307   5.9160  18.4517     6.78      nan      nan    9.076  nan      nan    nan   0.976     nan                                None     -34.437     -18.135     -34.565       0.034     -18.709       0.032
Gaia DR3 5864970841345477120 203.9192953 -63.6569837 18.320  4.227       0.429   4.5597  18.4527     7.17      nan      nan    8.961  nan      nan    nan   0.981     nan                                None     -32.768     -19.585     -31.961       0.128     -19.659       0.146
Gaia DR3 5845204409739401600 199.0669232 -68.6045729 13.823  2.598       0.816   8.3295  18.4554     8.58      nan      nan    9.404  nan      nan    nan   1.143     nan                                None     -35.286     -16.499     -35.900       0.014     -17.996       0.015
Gaia DR3 5851690153982174208 203.9140574 -66.3521331 15.800  2.659       2.852   6.7217  18.4688     7.65      nan      nan    9.162  nan      nan    nan   0.896     nan                                None     -33.503     -19.347     -28.372       0.027     -21.353       0.033
Gaia DR3 6062066448230946432 199.9035850 -59.0099362 12.228  1.866       0.409   1.8418  18.4823     6.94      nan      nan    8.831  nan      nan    nan   1.032     nan                                None     -33.008     -18.357     -32.271       0.009     -18.543       0.011
Gaia DR3 6075374902576830208 180.0396113 -57.1184356 13.428  2.580       0.890   9.4893  18.5414    10.04      nan      nan    9.646  nan      nan    nan   2.286     nan                                None     -37.280      -9.723     -39.073       0.030      -9.968       0.030
Gaia DR3 6063931769670770688 200.9713897 -55.5439117 15.439  3.262       0.282   5.1426  18.5439     6.15      nan      nan    8.997  nan      nan    nan   1.074     nan                                None     -33.451     -19.980     -33.945       0.029     -20.187       0.032
Gaia DR3 6090351247365243392 208.0793493 -51.3994701 16.557  3.594       1.680  10.7348  18.5578     4.03      nan      nan   10.106  nan      nan    nan   1.006     nan                                None     -35.912     -26.897     -36.773       0.071     -23.423       0.064
Gaia DR3 6054457445454312832 182.7581551 -62.9347030 12.925  2.338       1.125   7.3815  18.5658    10.08      nan      nan    9.238  nan      nan    nan   1.635     nan                                None     -35.793      -8.791     -37.976       0.026      -8.970       0.032
Gaia DR3 5236154781294978176 179.4231590 -66.7431780 16.242  4.125       0.915  10.1859  18.5836    10.77      nan      nan    9.854  nan      nan    nan   0.953     nan                                None     -38.048      -5.927     -39.872       0.050      -6.460       0.054
Gaia DR3 5855749344728646912 190.1447089 -68.7069441 13.558  2.658       0.789   8.9337  18.5956     9.62      nan      nan    9.505  nan      nan    nan   1.245     nan                                None     -36.667     -11.387     -37.994       0.013     -12.247       0.016
Gaia DR3 5862876928853591040 191.1446650 -63.5295697 10.336  1.346       1.032   4.3342  18.6003     8.92      nan      nan    8.933  nan      nan    nan   5.986     nan                                None     -34.399     -12.833     -36.130       0.091     -13.718       0.107
Gaia DR3 6053682637686389248 185.2027245 -64.1511564 14.181  3.112       0.969   6.8112  18.6034     9.83      nan      nan    9.159  nan      nan    nan   3.882     nan                                None     -35.502      -9.664     -37.330       0.055     -10.057       0.059
Gaia DR3 5855209896823545344 185.5021567 -70.0177621 14.018  2.618       1.145  10.8602  18.6122    10.25      nan      nan   10.161  nan      nan    nan   1.279     nan                                None     -39.382      -8.705     -41.161       0.021     -10.393       0.021
Gaia DR3 6057183070408555904 194.7369299 -58.3723002 19.445  3.821       1.018   2.3405  18.6138     7.68      nan      nan    8.835  nan      nan    nan   1.125     nan                                None     -33.708     -15.944     -32.283       0.295     -14.692       0.342
Gaia DR3 6081815906097146880 199.2401772 -49.2947117 14.983  3.006       0.734  11.0682  18.6259     5.31      nan      nan   10.307  nan      nan    nan   1.108     nan                                None     -38.646     -23.326     -38.919       0.028     -21.755       0.020
Gaia DR3 6059510977016586240 187.4098102 -58.1664806 15.143  3.256       0.233   5.4946  18.6346     8.88      nan      nan    9.019  nan      nan    nan   5.082     nan                                None     -34.917     -12.557     -34.501       0.111     -12.712       0.113
Gaia DR3 5343603180734334592 178.9343910 -56.6441798 11.526  1.679       0.081  10.2445  18.6374    10.19      nan      nan    9.863  nan      nan    nan   0.963     nan                                None     -38.053      -9.500     -38.220       0.013      -9.474       0.013
Gaia DR3 6061730165117884928 193.8501713 -55.3512917 14.729  3.137       0.683   5.2879  18.6506     7.38      nan      nan    9.000  nan      nan    nan   1.197     nan                                None     -34.426     -16.549     -35.686       0.020     -16.246       0.027
Gaia DR3 6076017670200361984 184.4818384 -54.9495089 14.188  2.760       0.712   8.6897  18.6776     9.03      nan      nan    9.442  nan      nan    nan   1.590     nan                                None     -36.603     -12.587     -38.019       0.020     -12.612       0.023
Gaia DR3 6071272757816638208 181.9670474 -58.2705139 13.219  2.447       0.150   8.0793  18.6927     9.81      nan      nan    9.329  nan      nan    nan   1.106     nan                                None     -36.129     -10.037     -36.241       0.011      -9.763       0.012
Gaia DR3 6071935595840690048 186.5088525 -56.5552824 15.001  3.076       0.380   6.7772  18.6975     8.85      nan      nan    9.145  nan      nan    nan   1.116     nan                                None     -35.429     -12.744     -36.025       0.022     -13.170       0.027
Gaia DR3 6075924830183946240 183.9617765 -55.6652753 15.174  3.378       0.222   8.4429  18.7024     9.21      nan      nan    9.392  nan      nan    nan   1.154     nan                                None     -36.405     -12.023     -36.714       0.028     -11.710       0.028
Gaia DR3 6072607672327223808 185.6276636 -56.4740393 13.726  2.905       0.766   7.2124  18.7049     9.00      nan      nan    9.199  nan      nan    nan   1.366     nan                                None     -35.653     -12.387     -37.091       0.015     -12.760       0.016
Gaia DR3 6061207592181233024 191.5270143 -56.4890256 14.403  2.779       0.441   4.8741  18.7053     7.96      nan      nan    8.962  nan      nan    nan   1.227     nan                                None     -34.481     -15.037     -35.027       0.017     -15.667       0.019
Gaia DR3 6060171061959388800 193.3428213 -58.5021883 13.206  2.313       0.464   2.7110  18.7114     7.93      nan      nan    8.841  nan      nan    nan   1.131     nan                                None     -33.866     -15.220     -33.156       0.010     -14.726       0.014
Gaia DR3 6080288070269597440 196.2577170 -52.5640264 14.807  3.113       0.336   7.7663  18.7135     6.48      nan      nan    9.277  nan      nan    nan   1.194     nan                                None     -35.211     -18.920     -35.744       0.027     -18.537       0.024
Gaia DR3 6054199816140662272 183.0782030 -63.3598529 15.163  3.193       0.786   7.3608  18.7219    10.06      nan      nan    9.217  nan      nan    nan   1.099     nan                                None     -35.719      -8.804     -37.245       0.025      -8.875       0.027
Gaia DR3 6054030426982464512 182.1446312 -64.0152606 13.071  2.529       0.440   7.9690  18.7275    10.24      nan      nan    9.307  nan      nan    nan   3.803     nan                                None     -36.048      -8.135     -36.504       0.160      -8.869       0.185
Gaia DR3 6072069323956413056 180.4608996 -58.1513663 13.749  2.714       0.337   8.8623  18.7542    10.05      nan      nan    9.466  nan      nan    nan   1.166     nan                                None     -36.604      -9.407     -37.276       0.014      -9.445       0.014
Gaia DR3 6071075846487846272 182.9595562 -58.9256151 13.645  2.491       0.176   7.3766  18.7581     9.70      nan      nan    9.215  nan      nan    nan   1.153     nan                                None     -35.710     -10.225     -35.943       0.013     -10.474       0.015
Gaia DR3 6061213192814159232 190.1409479 -56.9251763 13.630  2.522       0.231   5.0361  18.7618     8.26      nan      nan    8.969  nan      nan    nan   1.125     nan                                None     -34.602     -14.233     -34.229       0.012     -14.005       0.015
Gaia DR3 6071281833115416192 182.6333767 -58.6316233 16.210  3.137       0.070   7.6280  18.7658     9.73      nan      nan    9.250  nan      nan    nan   1.054     nan                                None     -35.839     -10.186     -35.927       0.041     -10.290       0.045
Gaia DR3 6059471051006472320 186.5049466 -58.6369679 18.362  4.079       0.582   5.7332  18.7665     9.08      nan      nan    9.028  nan      nan    nan   1.065     nan                                None     -34.976     -11.959     -34.110       0.138     -11.268       0.153
Gaia DR3 6056736320743645312 191.6725217 -59.5391640 16.025  3.545       0.647   2.9305  18.7753     8.34      nan      nan    8.844  nan      nan    nan   1.001     nan                                None     -34.018     -14.103     -35.201       0.033     -14.343       0.037
Gaia DR3 6067650695933955968 198.0770839 -54.6754536 15.170    nan       1.205   5.6477  18.7881     6.51      nan      nan    9.018  nan      nan    nan   0.684     nan                                None     -33.985     -18.809     -31.965       0.119     -17.728       0.074
Gaia DR3 6072813104887578496 187.0536940 -55.3780451 15.185  3.185       0.276   7.3439  18.7894     8.61      nan      nan    9.207  nan      nan    nan   1.038     nan                                None     -35.658     -13.461     -36.156       0.023     -13.655       0.029
Gaia DR3 6061870872594433536 198.0727321 -59.9447669 14.023  2.747       0.650   0.5234  18.7941     7.39      nan      nan    8.785  nan      nan    nan   1.148     nan                                None     -33.109     -17.137     -31.993       0.014     -16.684       0.016
Gaia DR3 5892220587773726848 213.3098618 -57.0867834 14.976  3.132       1.303   8.8841  18.8047     4.45      nan      nan    9.464  nan      nan    nan   1.173     nan                                None     -32.153     -26.788     -34.342       0.023     -25.384       0.033
Gaia DR3 5859191606387521536 180.7584156 -69.0868973 13.522  2.530       2.578  11.2006  18.8238    10.73      nan      nan   10.319  nan      nan    nan   1.155     nan                                None     -39.915      -6.110     -38.468       0.014      -0.693       0.014
Gaia DR3 6069244403682918272 205.3571031 -52.0930978 10.910  1.778       2.687   9.3386  18.8248     4.68      nan      nan    9.561  nan      nan    nan   9.086     nan                                None     -34.642     -24.060     -39.961       0.135     -23.043       0.111
Gaia DR3 6071112989362835584 183.7433275 -58.5617270 16.073  3.589       0.434   7.1059  18.8377     9.54      nan      nan    9.171  nan      nan    nan   1.054     nan                                None     -35.547     -10.709     -35.169       0.039      -9.959       0.044
Gaia DR3 6057193240892194432 194.3620449 -58.4465732 15.067  3.417       0.861   2.3937  18.8482     7.75      nan      nan   13.064  nan      nan    nan   1.173     nan                                None     -49.897     -23.270     -51.164       0.025     -21.265       0.029
Gaia DR3 6059120375521329536 184.6149614 -59.7203201 10.455  1.296       1.868   6.3655  18.8589     9.51      nan      nan    9.082  nan      nan    nan   2.681     nan                                None     -35.206     -10.696     -37.372       0.031      -7.850       0.037
Gaia DR3 5844883348015456640 195.0185360 -69.4389661 13.299  2.693       1.039   9.1809  18.8611     9.15      nan      nan   12.103  nan      nan    nan   1.095     nan                                None     -46.132     -17.884     -47.434       0.010     -20.191       0.014
Gaia DR3 5871367460749900800 209.3694313 -57.4675633 13.848  2.705       0.809   6.8319  18.8750     5.14      nan      nan    9.133  nan      nan    nan   1.199     nan                                None     -32.127     -23.962     -30.674       0.014     -23.401       0.016
Gaia DR3 5343610331876174336 178.2830491 -56.7272947  8.159  0.556       0.717  10.5206  18.8789    10.31      nan      nan    9.912  nan      nan    nan   0.905     nan                                None     -38.196      -9.153     -39.435       0.017      -9.994       0.018
Gaia DR3 6061362107917642240 192.7525637 -56.7224306 13.242  2.355       0.320   4.3039  18.8873     7.77      nan      nan    8.907  nan      nan    nan   1.090     nan                                None     -34.171     -15.495     -33.610       0.010     -15.712       0.013
Gaia DR3 6066282903475062528 206.7308887 -52.2787545 14.354  2.834       0.676   9.5592  18.8975     4.47      nan      nan    9.604  nan      nan    nan   1.136     nan                                None     -34.468     -24.793     -35.774       0.026     -24.379       0.025
Gaia DR3 6054143161279392640 184.1772435 -63.6505447 14.187  2.849       0.908   7.0014  18.9021     9.93      nan      nan    9.151  nan      nan    nan   1.207     nan                                None     -35.472      -9.251     -37.167       0.019      -9.692       0.024
Gaia DR3 6075825457516261888 183.5937113 -55.1357086 19.969  3.285       1.312   8.9427  18.9057     9.22      nan      nan    9.461  nan      nan    nan   1.109     nan                                None     -36.672     -12.088     -34.662       0.366     -10.413       0.368
Gaia DR3 6082173767071772928 201.7226351 -50.3742792 19.275  3.844       0.218  10.2395  18.9065     5.03      nan      nan    9.802  nan      nan    nan   1.006     nan                                None     -36.298     -23.190     -36.724       0.410     -23.046       0.338
Gaia DR3 6074402384540954112 190.0679995 -54.5344377 14.625  3.161       0.029   6.9608  18.9070     7.95      nan      nan    9.145  nan      nan    nan   1.137     nan                                None     -35.285     -15.128     -35.304       0.017     -15.074       0.023
Gaia DR3 6056449558710562048 191.4406778 -60.4352443 16.161  3.506       0.772   2.9069  18.9230     8.50      nan      nan    8.831  nan      nan    nan   1.023     nan                                None     -33.986     -13.718     -35.228       0.037     -14.442       0.041
Gaia DR3 6074028997257749376 191.8166280 -54.4370707 16.200  3.675       0.776   6.5726  18.9285     7.61      nan      nan    9.097  nan      nan    nan   1.028     nan                                None     -34.981     -15.945     -36.469       0.042     -15.997       0.041
Gaia DR3 5863807042641766400 203.6022039 -65.2965577 12.572  2.033       0.258   5.7500  18.9305     7.51      nan      nan    9.014  nan      nan    nan   1.100     nan                                None     -33.024     -19.135     -33.206       0.012     -19.590       0.017
Gaia DR3 5855753394852554368 189.6729064 -68.7664597 13.026  2.451       0.715   9.0579  18.9320     9.68      nan      nan    9.482  nan      nan    nan   5.437     nan                                None     -36.607     -11.059     -37.211       0.076     -12.355       0.084
Gaia DR3 6075410155651501056 181.0451680 -56.7203838 15.221  3.129       0.431   9.1943  18.9387     9.83      nan      nan    9.510  nan      nan    nan   1.056     nan                                None     -36.799     -10.265     -37.656       0.023     -10.364       0.024
Gaia DR3 5857592641624233856 198.2125623 -67.0630072 14.274  2.556       1.621   6.7660  18.9501     8.46      nan      nan   12.641  nan      nan    nan   1.089     nan                                None     -47.611     -22.134     -50.513       0.014     -18.934       0.018
Gaia DR3 6074733165726906368 189.8372380 -53.6329968 12.899    nan       1.140   7.8112  18.9565     7.87      nan      nan   12.453  nan      nan    nan   1.383     nan                                None     -48.067     -20.770     -48.492       0.039     -17.808       0.036
Gaia DR3 6125625745046273792 185.7739010 -51.5979472 16.189  3.434       0.727  10.8136  18.9605     8.39      nan      nan   10.019  nan      nan    nan   1.034     nan                                None     -38.831     -15.136     -40.233       0.040     -14.513       0.037
Gaia DR3 6056997974488361600 195.4396489 -58.9914433 13.606  2.573       0.521   1.6229  18.9777     7.66      nan      nan    8.787  nan      nan    nan   1.135     nan                                None     -33.447     -16.055     -33.226       0.012     -16.994       0.014
Gaia DR3 5860899384145151616 186.4872422 -65.9543806 17.852  4.233       1.451   7.4519  18.9780     9.81      nan      nan    9.201  nan      nan    nan   1.066     nan                                None     -35.647      -9.833     -38.038       0.107     -11.318       0.124
Gaia DR3 6058218535481652608 185.3582823 -60.5798941 13.602  2.551       0.731   5.8970  19.0073     9.47      nan      nan    9.020  nan      nan    nan   1.136     nan                                None     -34.964     -10.747     -36.227       0.014     -11.324       0.015
Gaia DR3 5861225840401537152 185.5842131 -65.1640016 15.880  3.485       0.786   7.2230  19.0119     9.86      nan      nan    9.167  nan      nan    nan   1.072     nan                                None     -35.530      -9.549     -36.673       0.039     -10.549       0.047
Gaia DR3 6053129755141428608 180.7968926 -65.3921158 14.960  2.980       2.560   9.0498  19.0207    10.52      nan      nan    9.467  nan      nan    nan   0.986     nan                                None     -36.621      -6.997     -37.625       0.024      -1.989       0.027
Gaia DR3 6053407828523827328 185.6472495 -64.6997087 14.262  2.735       1.126   6.9326  19.0310     9.81      nan      nan    9.129  nan      nan    nan   1.153     nan                                None     -35.380      -9.698     -37.250       0.021     -10.795       0.023
Gaia DR3 5871467481937278336 211.3389304 -56.8505066 13.104  2.300       2.947   8.0653  19.0347     4.70      nan      nan    9.285  nan      nan    nan   1.241     nan                                None     -32.124     -25.401     -35.668       0.012     -20.849       0.016
Gaia DR3 6077972808024967680 187.6784909 -52.8725785 14.325  2.814       0.362   9.1159  19.0443     8.18      nan      nan    9.478  nan      nan    nan   1.154     nan                                None     -36.684     -14.914     -36.988       0.017     -14.259       0.017
Gaia DR3 6080068545902295040 197.7432144 -52.5669781  6.028 -0.104       0.791   7.7450  19.0466     6.20      nan      nan    9.235  nan      nan    nan   1.251     nan                                None     -34.851     -19.554     -34.764       0.057     -18.017       0.053
Gaia DR3 6072916532013619712 184.0194863 -55.8540157 16.334  3.395       0.104   8.3003  19.0566     9.22      nan      nan    9.321  nan      nan    nan   1.157     nan                                None     -36.132     -11.903     -36.303       0.043     -11.790       0.047
Gaia DR3 6056768210935590656 192.3512978 -59.2198617 12.451  1.943       0.422   2.7264  19.0735     8.19      nan      nan    8.812  nan      nan    nan   1.329     nan                                None     -33.842     -14.483     -33.178       0.013     -14.069       0.015
Gaia DR3 6061337609428171648 193.3440175 -56.6616158 13.806  2.632       0.392   4.1950  19.0991     7.66      nan      nan    8.882  nan      nan    nan   1.198     nan                                None     -34.023     -15.761     -34.743       0.013     -15.620       0.015
Gaia DR3 5334680613863027200 178.8698967 -62.1964529  7.765  0.551       0.841   9.0377  19.1047    10.60      nan      nan    9.452  nan      nan    nan   7.034     nan                                None     -36.464      -7.059     -37.274       0.157      -5.593       0.170
Gaia DR3 6061902483556566144 198.7735427 -59.7285769 15.529  3.162       0.681   0.9305  19.1249     7.24      nan      nan    8.764  nan      nan    nan   1.108     nan                                None     -32.928     -17.495     -31.758       0.026     -17.030       0.031
Gaia DR3 6071727753787733120 184.7414465 -57.6220372  9.565  1.199       1.671   7.0041  19.1399     9.27      nan      nan    9.126  nan      nan    nan   7.817     nan                                None     -35.376     -11.477     -38.581       0.083     -11.723       0.081
Gaia DR3 6056102387871359488 196.1321744 -59.9799331 17.365  3.779       0.405   0.6752  19.1711     7.70      nan      nan    8.757  nan      nan    nan   1.078     nan                                None     -33.254     -16.103     -32.549       0.079     -16.350       0.093
Gaia DR3 5341964225542588160 178.4475088 -57.7389495 16.242  3.545       0.367  10.0075  19.1811    10.36      nan      nan    9.675  nan      nan    nan   1.029     nan                                None     -37.294      -8.651     -37.933       0.048      -8.263       0.046
Gaia DR3 6059011558230752128 184.2905157 -59.1852597 14.870  3.011       0.149   6.6471  19.1903     9.51      nan      nan    9.079  nan      nan    nan   1.142     nan                                None     -35.196     -10.692     -35.060       0.020     -10.441       0.021
Gaia DR3 6056115169731484288 196.8118078 -59.8691821 15.464  3.394       0.622   0.5064  19.2018     7.57      nan      nan    8.754  nan      nan    nan   1.838     nan                                None     -33.157     -16.464     -32.019       0.044     -16.611       0.053
Gaia DR3 5858152189941308544 192.0690349 -67.1312703  7.582  0.228       0.563   7.2016  19.2036     9.22      nan      nan    9.144  nan      nan    nan   0.948     nan                                None     -35.139     -12.551     -36.034       0.020     -13.163       0.026
Gaia DR3 6075627824610577536 183.1485511 -55.3997510 16.773  3.747       0.660   8.9678  19.2074     9.33      nan      nan    9.424  nan      nan    nan   1.033     nan                                None     -36.520     -11.721     -37.831       0.055     -11.709       0.056
Gaia DR3 6069797114436048640 201.3750815 -52.3620358  7.628  0.327       1.439   8.2547  19.2224     5.48      nan      nan    9.293  nan      nan    nan   1.196     nan                                None     -34.478     -21.466     -36.779       0.030     -19.835       0.037
Gaia DR3 6054076984422770176 181.8369433 -63.9009226 13.753  2.873       0.886   8.0567  19.2796    10.28      nan      nan    9.255  nan      nan    nan   1.131     nan                                None     -35.836      -7.956     -37.366       0.016      -8.760       0.019
Gaia DR3 6054106911751513216 183.0182806 -64.0536438 14.410  2.818       0.613   7.6281  19.2872    10.12      nan      nan    9.191  nan      nan    nan   1.113     nan                                None     -35.616      -8.509     -36.744       0.020      -8.880       0.019
Gaia DR3 5860743975043966464 184.0498831 -66.0294764 15.131  3.421       1.518   8.2513  19.3001    10.14      nan      nan    9.283  nan      nan    nan   1.742     nan                                None     -35.984      -8.497     -38.586       0.045      -9.932       0.045
Gaia DR3 6061362107917643264 192.7510976 -56.7203365 14.597  2.858       0.278   4.3061  19.3012     7.77      nan      nan    8.871  nan      nan    nan   1.159     nan                                None     -34.036     -15.434     -33.765       0.018     -14.991       0.022
Gaia DR3 5845204405417681408 199.0636838 -68.6057725 20.029  3.664       1.121   8.3306  19.3099     8.58      nan      nan    9.295  nan      nan    nan   1.050     nan                                None     -34.877     -16.306     -35.912       0.398     -18.243       0.437
Gaia DR3 6059911783378070912 189.9833639 -59.1525511 14.590  3.327       0.866   3.8708  19.3269     8.57      nan      nan    8.844  nan      nan    nan   1.489     nan                                None     -34.129     -13.345     -35.291       0.029     -14.465       0.032
Gaia DR3 5855357197022512896 189.1402379 -69.9181619 13.658  2.674       0.938  10.1861  19.3332     9.85      nan      nan    9.699  nan      nan    nan   1.328     nan                                None     -37.475     -10.585     -38.988       0.016     -11.764       0.017
Gaia DR3 6070903944714468864 182.1754068 -59.5483222 16.286  3.722       0.010   7.6082  19.3358     9.89      nan      nan    9.183  nan      nan    nan   1.549     nan                                None     -35.567      -9.564     -35.550       0.072      -9.554       0.069
Gaia DR3 6057088443681190272 193.6629749 -59.1467681  4.572 -0.197       0.341   2.1773  19.3384     7.97      nan      nan    8.773  nan      nan    nan   0.871     nan                                None     -33.577     -15.099     -33.051       0.080     -14.751       0.103
Gaia DR3 5335755730084266624 174.0930286 -60.8873877 13.403  2.662       1.394  11.3564  19.3630    11.25      nan      nan   11.333  nan      nan    nan   1.039     nan                                None     -43.206      -5.872     -43.830       0.013      -2.601       0.012
Gaia DR3 6053371643364844800 183.9081407 -63.9873230 17.723  4.415       1.253   7.2444  19.3869     9.99      nan      nan    9.130  nan      nan    nan   1.020     nan                                None     -35.388      -8.968     -37.800       0.097      -8.914       0.125
Gaia DR3 6057193240892192256 194.3601718 -58.4487011 14.968  3.509       1.560   2.3927  19.3898     7.75      nan      nan   13.159  nan      nan    nan   8.543     nan                                None     -50.261     -23.437     -52.717       0.153     -19.872       0.176
Gaia DR3 5860815550755413376 183.6864855 -65.6979685 16.386  3.500       0.668   8.1753  19.4042    10.16      nan      nan    9.258  nan      nan    nan   2.574     nan                                None     -35.886      -8.381     -37.183       0.117      -8.247       0.110
Gaia DR3 6063404553855332480 199.0004554 -57.0709430 15.778  3.411       0.424   3.3533  19.4219     6.76      nan      nan    8.810  nan      nan    nan   1.129     nan                                None     -33.069     -18.303     -33.735       0.029     -18.723       0.034
Gaia DR3 5863352192753981056 197.5583752 -61.8172436 15.350  3.599       0.404   1.5133  19.4300     7.76      nan      nan    8.750  nan      nan    nan   1.221     nan                                None     -33.044     -16.352     -33.337       0.032     -17.037       0.040
Gaia DR3 5855622827840644224 187.4818966 -69.2693169 11.779  2.007       0.384   9.8637  19.4344     9.98      nan      nan    9.591  nan      nan    nan  10.691     nan                                None     -37.132      -9.688     -37.897       0.154      -9.822       0.149
Gaia DR3 5843083383076334720 191.4014695 -70.8957252 13.697  3.211       0.554  10.8532  19.4428     9.70      nan      nan    9.906  nan      nan    nan   2.663     nan                                None     -38.124     -11.883     -38.435       0.040     -12.998       0.043
Gaia DR3 6053366356317967104 184.0925429 -64.1262164 15.510  3.313       0.916   7.2302  19.4444     9.98      nan      nan    9.122  nan      nan    nan   0.988     nan                                None     -35.359      -9.016     -36.873       0.028      -9.917       0.032
Gaia DR3 6067700551925654656 197.4669736 -54.3289739 11.122  1.297       2.366   5.9800  19.4494     6.56      nan      nan    8.986  nan      nan    nan   1.178     nan                                None     -33.951     -18.524     -33.449       0.016     -14.070       0.014
Gaia DR3 5863411978681251200 194.8890624 -62.4704680 13.864  2.640       0.565   2.4544  19.4515     8.25      nan      nan    8.773  nan      nan    nan   1.102     nan                                None     -33.453     -14.854     -34.450       0.013     -15.164       0.018
Gaia DR3 6072812284566204032 187.1568118 -55.4090900 16.026  3.447       0.874   7.2810  19.4565     8.60      nan      nan    9.127  nan      nan    nan   1.025     nan                                None     -35.342     -13.386     -37.009       0.035     -13.616       0.044
Gaia DR3 5870226511288597248 203.3641907 -58.6629931 14.733    nan       0.452   3.4817  19.4654     6.33      nan      nan    8.813  nan      nan    nan   0.919     nan                                None     -32.333     -20.080     -31.544       0.051     -19.796       0.052
Gaia DR3 6081945068654385280 197.9124491 -49.4106632 14.450  3.042       0.435  10.9030  19.4771     5.60      nan      nan    9.918  nan      nan    nan   1.165     nan                                None     -37.401     -21.765     -37.840       0.020     -20.970       0.016
Gaia DR3 6082613262484373504 201.8861296 -49.0395391 13.445  2.655       0.622  11.5675  19.4810     4.73      nan      nan   10.293  nan      nan    nan   1.228     nan                                None     -38.085     -24.683     -37.711       0.016     -23.387       0.015
Gaia DR3 6082136589833877248 200.7725077 -50.8117255 13.479  2.608       0.230   9.6923  19.5052     5.30      nan      nan    9.537  nan      nan    nan   1.208     nan                                None     -35.495     -22.032     -35.628       0.017     -21.588       0.014
Gaia DR3 5332870744655014784 179.7667809 -64.2475872 16.781  4.082       1.629   9.0250  19.5104    10.59      nan      nan    9.393  nan      nan    nan   1.118     nan                                None     -36.286      -6.770     -39.311       0.066      -7.891       0.066
Gaia DR3 5891343113106300544 218.0464525 -58.4350817 11.053  1.514       0.668  10.6792  19.5175     4.08      nan      nan    9.822  nan      nan    nan   1.050     nan                                None     -31.742     -29.871     -30.434       0.015     -29.425       0.015
Gaia DR3 6060929656257918208 192.0318656 -57.0860662 14.202  2.765       0.366   4.2311  19.5252     7.95      nan      nan    8.848  nan      nan    nan   1.120     nan                                None     -34.005     -14.942     -34.481       0.015     -15.431       0.019
Gaia DR3 5858152189973114880 192.0785260 -67.1317862  8.629  0.607       1.366   7.2007  19.5373     9.22      nan      nan    9.108  nan      nan    nan   0.787     nan                                None     -35.002     -12.507     -36.673       0.018     -14.529       0.026
Gaia DR3 5855563626011876864 188.2058059 -69.6681399 14.001  2.805       1.152  10.0961  19.5458     9.93      nan      nan    9.634  nan      nan    nan   1.055     nan                                None     -37.269     -10.032     -38.782       0.014     -11.816       0.016
Gaia DR3 5861227111711889152 185.7142346 -65.1618421 15.088  3.090       0.950   7.1781  19.5461     9.84      nan      nan    9.105  nan      nan    nan   1.117     nan                                None     -35.286      -9.558     -37.032       0.026     -10.084       0.029
Gaia DR3 5855749344728646656 190.1436258 -68.7067196 14.834    nan       0.322   8.9337  19.5488     9.62      nan      nan    9.370  nan      nan    nan   1.050     nan                                None     -36.150     -11.226     -36.763       0.051     -11.393       0.066
Gaia DR3 6059655700228801408 190.5457990 -59.5956042 15.312  2.974       0.116   3.4630  19.5632     8.53      nan      nan    8.804  nan      nan    nan   1.370     nan                                None     -33.941     -13.449     -33.762       0.165     -13.328       0.134
Gaia DR3 6060826096011126272 189.5166566 -58.0480275 13.758  2.576       0.252   4.5875  19.5900     8.51      nan      nan    8.865  nan      nan    nan   1.089     nan                                None     -34.234     -13.446     -33.777       0.013     -13.333       0.015
Gaia DR3 6072145293332344064 182.5653908 -57.5943811 14.030  2.678       0.133   8.0572  19.6089     9.64      nan      nan    9.216  nan      nan    nan   1.129     nan                                None     -35.705     -10.454     -35.963       0.016     -10.468       0.017
Gaia DR3 5861209416444946816 187.2589950 -64.9168933  8.837  0.935       1.247   6.5162  19.6110     9.61      nan      nan    9.024  nan      nan    nan   2.832     nan                                None     -34.940     -10.407     -37.182       0.050     -11.186       0.054
Gaia DR3 6082617587508723200 201.7745352 -48.9384792 10.390  1.394       0.562  11.6525  19.6186     4.73      nan      nan   10.295  nan      nan    nan   1.317     nan                                None     -38.114     -24.649     -38.262       0.021     -25.861       0.018
Gaia DR3 6082617591804976512 201.7769799 -48.9383829 13.504  2.583       1.014  11.6529  19.6224     4.73      nan      nan   10.294  nan      nan    nan   1.427     nan                                None     -38.108     -24.647     -38.047       0.023     -22.447       0.026
Gaia DR3 6071853201184952576 186.8334777 -56.9695559 15.704  3.815       1.456   6.3858  19.6548     8.84      nan      nan    9.006  nan      nan    nan   1.103     nan                                None     -34.884     -12.595     -37.608       0.037     -12.129       0.041
Gaia DR3 6072576542403569280 185.1393471 -56.9716255 16.134  3.593       1.321   7.1474  19.6550     9.14      nan      nan    9.090  nan      nan    nan   1.590     nan                                None     -35.234     -11.838     -37.663       0.058     -12.548       0.060
Gaia DR3 5891843253451038976 214.6580877 -58.6681650 14.531  3.269       1.388   8.9284  19.7025     4.62      nan      nan    9.349  nan      nan    nan   1.474     nan                                None     -31.344     -26.845     -33.950       0.029     -26.014       0.043
Gaia DR3 5334707478834051840 179.3510548 -62.0821827 18.321  3.997       1.356   8.8060  19.7033    10.52      nan      nan    9.327  nan      nan    nan   2.155     nan                                None     -36.007      -7.273     -38.656       0.266      -7.588       0.248
Gaia DR3 6072021598277165312 181.4302652 -58.2209710 13.510  2.450       0.176   8.3606  19.7119     9.89      nan      nan    9.251  nan      nan    nan   1.143     nan                                None     -35.808      -9.683     -36.142       0.014      -9.764       0.014
Gaia DR3 5862577621189353472 191.4338079 -64.4802676 12.736  2.199       0.767   4.9792  19.7284     9.00      nan      nan    8.880  nan      nan    nan   1.028     nan                                None     -34.172     -12.632     -35.467       0.012     -13.253       0.014
Gaia DR3 5868537347826273920 201.0846061 -61.7214277 15.770  3.481       0.499   2.3080  19.7337     7.23      nan      nan    8.746  nan      nan    nan   1.077     nan                                None     -32.498     -18.145     -31.695       0.031     -17.696       0.042
Gaia DR3 6054875401651375104 186.5162269 -61.7712795 14.497  2.877       2.034   5.4233  19.7369     9.41      nan      nan    8.912  nan      nan    nan   1.159     nan                                None     -34.528     -10.860     -35.337       0.018      -7.125       0.021
Gaia DR3 6061045208061223680 189.9078546 -57.5280092  9.965  1.028       0.673   4.7245  19.7389     8.38      nan      nan    8.861  nan      nan    nan   0.804     nan                                None     -34.198     -13.781     -34.851       0.010     -14.856       0.012
Gaia DR3 5858017809064422016 199.8202283 -65.5555067 14.371  2.515       2.754   5.3682  19.7470     8.03      nan      nan   12.986  nan      nan    nan   1.057     nan                                None     -48.556     -24.584     -56.094       0.016     -24.704       0.019
Gaia DR3 6074796245904371968 191.4566706 -54.1781802 13.613  2.476       1.251   6.8956  19.8236     7.64      nan      nan    9.043  nan      nan    nan   1.193     nan                                None     -34.801     -15.739     -34.462       0.015     -13.377       0.014
Gaia DR3 6064976644997582080 207.5275226 -54.6827888 14.872  2.765       1.916   7.8417  19.8251     4.84      nan      nan    9.161  nan      nan    nan   1.117     nan                                None     -32.688     -23.638     -34.969       0.027     -20.725       0.026
Gaia DR3 5236539580341818624 175.4252213 -65.3583206 12.501  2.238       1.068  11.1199  19.8301    11.23      nan      nan    9.918  nan      nan    nan   1.148     nan                                None     -37.961      -4.089     -40.176       0.016      -4.376       0.019
Gaia DR3 6069957608771379584 202.7786386 -51.3099304 15.960  3.663       1.402   9.4996  19.8488     5.01      nan      nan    9.442  nan      nan    nan   1.068     nan                                None     -34.759     -22.673     -34.505       0.060     -19.894       0.052
Gaia DR3 6057093112266125696 193.7898763 -59.0717007 12.455  1.964       0.480   2.1671  19.8584     7.94      nan      nan    8.732  nan      nan    nan   0.944     nan                                None     -33.409     -15.111     -32.598       0.009     -14.759       0.011
Gaia DR3 5855362900730353792 189.2832408 -69.7701427 18.715  4.573       1.277  10.0307  19.8601     9.82      nan      nan    9.563  nan      nan    nan   0.971     nan                                None     -36.942     -10.574     -38.920       0.200     -12.224       0.173
Gaia DR3 6071398450055410048 183.3649137 -57.8611013 19.892  2.572       0.387   7.5573  19.8734     9.53      nan      nan    9.117  nan      nan    nan   1.073     nan                                None     -35.337     -10.673     -35.534       0.440      -9.955       0.473
Gaia DR3 6073430622416839296 189.5299297 -55.9312812  7.131  0.135       1.049   5.9986  19.8789     8.23      nan      nan    8.948  nan      nan    nan   1.044     nan                                None     -34.555     -14.163     -36.531       0.023     -14.054       0.026
Gaia DR3 6075566320680772736 183.7271111 -55.5681762 11.504  1.585       0.232   8.6070  19.8954     9.24      nan      nan    9.268  nan      nan    nan   1.282     nan                                None     -35.925     -11.774     -36.363       0.017     -11.895       0.018
Gaia DR3 5342965090351485440 175.5709754 -57.1340898 15.767  3.410       0.587  11.6679  19.9173    10.81      nan      nan   10.173  nan      nan    nan   1.031     nan                                None     -38.954      -7.682     -40.162       0.034      -7.325       0.030
Gaia DR3 5341614168525487744 177.1212712 -58.7827866 13.712  2.577       0.364  10.3075  19.9296    10.66      nan      nan    9.624  nan      nan    nan   1.059     nan                                None     -36.995      -7.487     -37.716       0.013      -7.329       0.013
Gaia DR3 6059928069863947008 189.7980653 -59.0266440 14.341    nan       0.706   4.0051  19.9527     8.58      nan      nan    8.800  nan      nan    nan   0.810     nan                                None     -33.968     -13.219     -34.319       0.069     -14.480       0.054
Gaia DR3 6059490326812989184 187.6806513 -58.3896649 13.266  2.434       0.965   5.2681  19.9552     8.86      nan      nan    8.881  nan      nan    nan   1.150     nan                                None     -34.375     -12.438     -36.161       0.011     -12.713       0.012
Gaia DR3 5859834202240159232 186.0040115 -67.3314587 16.819  3.429       1.587   8.5879  19.9555     9.99      nan      nan    9.258  nan      nan    nan   1.033     nan                                None     -35.876      -9.151     -38.710       0.059     -10.400       0.075
Gaia DR3 6059928069895140480 189.7984096 -59.0263407 14.168  2.829       1.237   4.0050  19.9582     8.58      nan      nan    8.799  nan      nan    nan   2.843     nan                                None     -33.966     -13.219     -36.238       0.116     -13.541       0.111
Gaia DR3 5341696666252037376 177.4731547 -58.7279537 14.598  3.064       0.314  10.1494  19.9656    10.59      nan      nan    9.575  nan      nan    nan   1.075     nan                                None     -36.838      -7.664     -37.448       0.021      -7.491       0.020
Gaia DR3 6074796250199371648 191.4532110 -54.1829836 10.998  1.265       0.947   6.8921  19.9688     7.64      nan      nan    9.029  nan      nan    nan   1.200     nan                                None     -34.744     -15.710     -34.843       0.017     -13.911       0.016
Gaia DR3 6061093586567798400 188.3375342 -57.4350001 14.610  2.867       0.060   5.4526  19.9746     8.63      nan      nan    8.893  nan      nan    nan   1.183     nan                                None     -34.399     -13.064     -34.356       0.022     -13.168       0.023
Gaia DR3 5870277501146071936 203.1073338 -58.5907743 16.415  3.436       0.161   3.4060  19.9800     6.36      nan      nan    8.768  nan      nan    nan   1.180     nan                                None     -32.217     -19.869     -31.929       0.038     -19.948       0.045
Gaia DR3 6075362052034659712 180.1843604 -57.1732908 15.607  3.253       0.530   9.3945  19.9919    10.02      nan      nan    9.400  nan      nan    nan   1.156     nan                                None     -36.333      -9.532     -37.320       0.034      -9.175       0.037
Gaia DR3 5333264885210739840 176.8713195 -63.2152930 13.142  2.534       1.840  10.0515  19.9919    10.94      nan      nan    9.546  nan      nan    nan   6.327     nan                                None     -36.676      -5.604     -33.489       0.062      -3.719       0.059
Gaia DR3 6056919565559981440 195.3550411 -59.6464475 13.853  2.684       0.451   1.1840  19.9951     7.77      nan      nan    8.701  nan      nan    nan   1.135     nan                                None     -33.127     -15.693     -32.422       0.013     -15.260       0.017
Gaia DR3 6081338614969765888 193.9517734 -51.5606601 12.534  2.183       0.696   8.9456  20.0013     6.76      nan      nan    9.313  nan      nan    nan   1.495     nan                                None     -35.615     -18.095     -34.446       0.019     -18.804       0.015
Gaia DR3 5344348546534128384 178.5722951 -54.0613521 15.330  3.239       1.244  11.8630  20.0075    10.04      nan      nan   10.275  nan      nan    nan   1.023     nan                                None     -39.617     -10.679     -42.278       0.026     -10.259       0.027
Gaia DR3 5343692279848232832 179.2907113 -56.0232607 14.239  2.803       0.396  10.3857  20.0140    10.08      nan      nan    9.630  nan      nan    nan   1.340     nan                                None     -37.176      -9.691     -37.500       0.020      -8.954       0.021
Gaia DR3 5840638344087346048 203.0482496 -71.7940591 15.767  3.511       0.920  11.7061  20.0448     8.65      nan      nan   10.148  nan      nan    nan   1.000     nan                                None     -37.301     -19.244     -36.532       0.030     -21.055       0.038
Gaia DR3 5332613291464347392 176.2169650 -64.6486063 11.437  1.701       0.953  10.6071  20.0524    11.10      nan      nan    9.687  nan      nan    nan   0.861     nan                                None     -37.159      -4.741     -39.094       0.013      -4.541       0.013
Gaia DR3 6072064101275680000 180.8494644 -58.1256311 13.806  2.634       0.116   8.6806  20.0537     9.98      nan      nan    9.261  nan      nan    nan   1.190     nan                                None     -35.826      -9.418     -35.764       0.015      -9.199       0.015
Gaia DR3 6057314187161287424 195.9362124 -57.8740079 16.604  2.850       0.499   2.5355  20.0571     7.40      nan      nan    8.728  nan      nan    nan   0.981     nan                                None     -33.165     -16.462     -32.295       0.055     -16.167       0.067
Gaia DR3 5857377206021342848 194.9755340 -67.5407230 18.457  3.855       1.783   7.3038  20.0641     8.91      nan      nan    9.066  nan      nan    nan   1.067     nan                                None     -34.562     -13.945     -37.279       0.162     -16.002       0.199
Gaia DR3 6090459411813210112 210.3562646 -50.5946166 15.368  3.042       0.473  12.1621  20.0827     3.44      nan      nan   10.590  nan      nan    nan   4.707     nan                                None     -36.952     -29.455     -36.997       0.145     -28.399       0.119
Gaia DR3 6056939425490190976 195.4981936 -59.3398966 14.676  2.832       0.479   1.3318  20.0900     7.70      nan      nan    8.696  nan      nan    nan   1.133     nan                                None     -33.093     -15.831     -32.215       0.019     -15.817       0.022
Gaia DR3 6071846466676062720 186.6679929 -57.1671915 17.295  3.806       0.313   6.3462  20.0962     8.89      nan      nan    8.960  nan      nan    nan   1.043     nan                                None     -34.710     -12.389     -34.176       0.068     -12.136       0.074
Gaia DR3 5855753399177548416 189.6777870 -68.7637000  8.012  0.479       0.791   9.0547  20.0997     9.68      nan      nan    9.320  nan      nan    nan   0.970     nan                                None     -35.983     -10.874     -36.641       0.020     -12.283       0.024
Gaia DR3 6062385577126938240 200.5460967 -57.7570571 17.841  3.470       1.835   3.0439  20.1393     6.62      nan      nan    8.740  nan      nan    nan   0.998     nan                                None     -32.564     -18.752     -33.655       0.076     -15.551       0.091
Gaia DR3 6072611417538844288 185.9169149 -56.2757619 10.535  1.226       0.161   7.2075  20.1407     8.92      nan      nan    9.047  nan      nan    nan   0.810     nan                                None     -35.060     -12.389     -34.969       0.009     -12.096       0.010
Gaia DR3 6061280400465216000 191.6448979 -55.9889418 13.644  2.551       0.087   5.2512  20.1500     7.86      nan      nan    8.863  nan      nan    nan   1.179     nan                                None     -34.091     -15.058     -33.929       0.013     -15.067       0.014
Gaia DR3 6067613724875324672 196.8532268 -54.4604691 14.357  2.851       1.751   5.8533  20.1527     6.69      nan      nan    8.910  nan      nan    nan   1.620     nan                                None     -33.745     -18.045     -36.120       0.112     -15.769       0.098
Gaia DR3 6073435948176417792 189.4291444 -55.8142360 16.644  3.459       0.338   6.1248  20.1563     8.24      nan      nan    8.934  nan      nan    nan   1.016     nan                                None     -34.506     -14.122     -34.098       0.050     -13.633       0.052
Gaia DR3 6073464191882261888 188.2349649 -55.9490353 16.267  3.467       0.353   6.4706  20.1583     8.47      nan      nan    8.966  nan      nan    nan   1.041     nan                                None     -34.685     -13.538     -34.692       0.039     -14.206       0.048
Gaia DR3 6074374346993397760 189.8075803 -54.9136339 14.299  2.457       0.766   6.7207  20.1588     8.05      nan      nan    8.992  nan      nan    nan   3.289     nan                                None     -34.708     -14.645     -34.442       0.096     -16.073       0.113
Gaia DR3 6059522143914665472 188.0890425 -57.8777367 18.912  3.978       0.166   5.3205  20.1697     8.73      nan      nan    8.866  nan      nan    nan   1.046     nan                                None     -34.303     -12.772     -34.426       0.186     -13.057       0.243
Gaia DR3 6053327735968773632 184.6510119 -63.9919957 14.926  3.175       0.892   6.9518  20.1846     9.89      nan      nan    9.014  nan      nan    nan   1.058     nan                                None     -34.941      -9.260     -36.385       0.025     -10.150       0.026
Gaia DR3 6073827992784478848 193.5873148 -54.7631166 14.402  2.673       0.626   5.8933  20.1851     7.33      nan      nan    8.911  nan      nan    nan   1.100     nan                                None     -34.112     -16.399     -34.741       0.020     -15.405       0.017
Gaia DR3 5891997081998802048 215.3131439 -57.8329477 13.316  2.564       1.306   9.5416  20.2014     4.32      nan      nan    9.400  nan      nan    nan   1.124     nan                                None     -31.304     -27.426     -29.261       0.012     -25.838       0.014
Gaia DR3 6072727312930029696 187.3694416 -55.9711087 14.044  2.803       0.254   6.7984  20.2079     8.63      nan      nan    8.995  nan      nan    nan   1.209     nan                                None     -34.826     -13.139     -34.624       0.014     -12.702       0.017
Gaia DR3 5860069978769202176 187.6482629 -66.5457028 13.177  2.679       0.790   7.5720  20.2328     9.72      nan      nan    9.081  nan      nan    nan   1.177     nan                                None     -35.151     -10.164     -36.355       0.013     -11.082       0.016
Gaia DR3 6070080754075553792 201.1501650 -51.5045409  6.999  0.107       1.377   9.0584  20.2358     5.36      nan      nan    9.303  nan      nan    nan   1.083     nan                                None     -34.556     -21.542     -33.921       0.029     -18.917       0.030
Gaia DR3 5842775554171002496 185.5925739 -71.6178478 12.526  2.348       1.204  12.2251  20.2363    10.35      nan      nan   10.528  nan      nan    nan   1.264     nan                                None     -40.803      -8.441     -42.995       0.015      -9.971       0.017
Gaia DR3 6060696147480052736 195.6266204 -56.2885031 16.192  3.678       0.232   4.1166  20.2423     7.21      nan      nan    8.782  nan      nan    nan   1.709     nan                                None     -33.407     -16.787     -33.571       0.059     -16.389       0.075
Gaia DR3 6061624891182052224 193.1353088 -55.7111727 18.538  4.595       0.232   5.1008  20.2765     7.56      nan      nan    8.841  nan      nan    nan   1.138     nan                                None     -33.885     -15.821     -34.007       0.122     -15.406       0.172
Gaia DR3 6067655368868988800 198.0093261 -54.5574149 15.974  3.206       0.196   5.7630  20.2971     6.50      nan      nan    8.890  nan      nan    nan   1.017     nan                                None     -33.511     -18.534     -33.791       0.035     -18.773       0.036
Gaia DR3 5368378549268711552 178.6319264 -53.4091142 12.583  2.061       0.464  12.2594  20.2987     9.98      nan      nan   10.522  nan      nan    nan   1.117     nan                                None     -40.571     -11.223     -40.984       0.012     -10.280       0.012
Gaia DR3 6054657629633828608 186.3322448 -62.2520530 15.585  3.342       0.987   5.6165  20.3116     9.49      nan      nan    8.877  nan      nan    nan   1.097     nan                                None     -34.393     -10.571     -36.041       0.031     -11.402       0.034
Gaia DR3 5868567588719201792 199.2770862 -61.8699830 15.404  3.471       0.769   1.8264  20.3200     7.52      nan      nan    8.688  nan      nan    nan   5.197     nan                                None     -32.569     -17.088     -32.889       0.134     -18.461       0.147
Gaia DR3 5863539144077717120 195.9073891 -61.4171648 14.880  2.954       0.648   1.3039  20.3224     7.95      nan      nan    8.678  nan      nan    nan   1.089     nan                                None     -32.977     -15.484     -32.215       0.018     -14.575       0.022
Gaia DR3 5344237706328583296 179.8032687 -54.6614375 17.073  4.317       0.551  10.9281  20.3304     9.87      nan      nan    9.733  nan      nan    nan   1.109     nan                                None     -37.601     -10.558     -38.726       0.079     -10.443       0.086
Gaia DR3 6075685995648175872 181.5788548 -55.9064640 12.582  2.163       0.233   9.3758  20.3356     9.66      nan      nan    9.349  nan      nan    nan   1.081     nan                                None     -36.192     -10.643     -36.380       0.013     -10.224       0.013
Gaia DR3 5341753428543461376 177.2851002 -58.0915471 15.272  3.007       0.963  10.4504  20.3605    10.58      nan      nan    9.587  nan      nan    nan   1.001     nan                                None     -36.867      -7.808     -38.753       0.026      -7.322       0.028
Gaia DR3 5341470132513014272 179.1103706 -58.8213807  8.392  0.567       0.152   9.3110  20.3815    10.33      nan      nan    9.330  nan      nan    nan   0.835     nan                                None     -36.007      -8.312     -36.276       0.017      -8.444       0.019
Gaia DR3 5848805310334669056 221.3295898 -66.7017286 13.182  2.497       2.117  12.3589  20.3922     5.77      nan      nan   10.932  nan      nan    nan   1.161     nan                                None     -33.933     -33.373     -38.259       0.009     -31.119       0.013
Gaia DR3 5860803662284763392 183.0331400 -65.9153088 11.090  1.446       0.845   8.5191  20.4016    10.26      nan      nan    9.194  nan      nan    nan   0.815     nan                                None     -35.627      -7.877     -37.218       0.013      -8.268       0.014
Gaia DR3 5863256707026042240 196.4071122 -62.2034891 11.584  1.743       0.195   1.9449  20.4599     7.99      nan      nan    8.680  nan      nan    nan   2.741     nan                                None     -32.928     -15.541     -32.838       0.033     -15.886       0.042
Gaia DR3 5860803696599969280 183.0543044 -65.9136929 16.972  3.470       0.811   8.5111  20.4612    10.26      nan      nan    9.186  nan      nan    nan   1.114     nan                                None     -35.596      -7.883     -37.026       0.068      -8.531       0.067
Gaia DR3 6053301382047406592 184.0952092 -64.3634753 11.453  1.707       1.894   7.3355  20.4618    10.00      nan      nan    9.029  nan      nan    nan   6.510     nan                                None     -35.000      -8.847     -38.570       0.100      -9.353       0.112
Gaia DR3 5235578263572650752 179.9095898 -68.4875716 19.726  3.638       1.936  11.0354  20.4621    10.80      nan      nan    9.741  nan      nan    nan   1.117     nan                                None     -37.638      -5.479     -41.328       0.398      -6.959       0.428
Gaia DR3 6062490722279396224 201.8059248 -58.1517770 13.862  2.597       0.111   3.1491  20.4681     6.48      nan      nan    8.718  nan      nan    nan   1.122     nan                                None     -32.270     -19.225     -32.434       0.012     -19.346       0.014
Gaia DR3 6071185037402269056 182.0855949 -58.8376211 14.349  2.950       0.442   7.8342  20.4688     9.84      nan      nan    9.090  nan      nan    nan   2.466     nan                                None     -35.204      -9.654     -35.885       0.095      -9.149       0.085
Gaia DR3 5860897842313432576 186.0882347 -65.9522171 13.816  2.631       0.928   7.5683  20.4688     9.86      nan      nan    9.056  nan      nan    nan   1.038     nan                                None     -35.093      -9.456     -36.490       0.014     -10.546       0.015
Gaia DR3 5855641145909188736 189.3433067 -69.0685047 11.932  1.981       2.380   9.3818  20.4793     9.75      nan      nan    9.331  nan      nan    nan  11.017     nan                                None     -36.042     -10.589     -40.724       0.134     -10.638       0.170
Gaia DR3 6053216444764558080 180.7296761 -64.8939038 12.983  2.297       1.050   8.8654  20.4837    10.50      nan      nan    9.239  nan      nan    nan   1.107     nan                                None     -35.736      -6.969     -37.467       0.015      -8.058       0.017
Gaia DR3 6071173737377334784 181.1358869 -59.1439888 15.297  3.190       1.209   8.2188  20.5032    10.02      nan      nan    9.138  nan      nan    nan   1.641     nan                                None     -35.361      -9.101     -36.999       0.044     -10.756       0.046
Gaia DR3 5342085785963213184 178.6912377 -57.1064467 12.295  1.991       0.317  10.1501  20.5312    10.27      nan      nan    9.484  nan      nan    nan   1.025     nan                                None     -36.575      -8.840     -36.761       0.010      -8.234       0.010
Gaia DR3 5856351499141796736 184.9474138 -68.3963791 13.691  2.689       0.883   9.6604  20.5462    10.20      nan      nan    9.376  nan      nan    nan   1.204     nan                                None     -36.344      -8.276     -37.612       0.016      -9.475       0.018
Gaia DR3 6081734890133180672 199.8098174 -49.7421721 15.764  3.344       1.193  10.6605  20.5502     5.28      nan      nan    9.611  nan      nan    nan   1.089     nan                                None     -35.938     -21.938     -35.664       0.045     -19.536       0.034
Gaia DR3 5859687932830033024 184.1247872 -67.1966395 10.409  1.460       0.878   8.9900  20.5598    10.21      nan      nan    9.250  nan      nan    nan   3.025     nan                                None     -35.858      -8.106     -37.519       0.038      -8.520       0.042
Gaia DR3 6069797114436049408 201.3781922 -52.3613835 14.631  2.256       0.625   8.2558  20.5851     5.48      nan      nan    9.134  nan      nan    nan   1.609     nan                                None     -33.888     -21.100     -34.934       0.037     -20.507       0.059
Gaia DR3 6077003756021639808 182.7353681 -53.3665918 18.869  3.408       0.831  10.5332  20.6094     9.19      nan      nan    9.566  nan      nan    nan   1.127     nan                                None     -37.065     -12.344     -38.740       0.205     -12.325       0.220
Gaia DR3 5343959151931499008 177.8197250 -55.4225351 12.998  2.344       0.306  11.4071  20.6141    10.29      nan      nan    9.839  nan      nan    nan   1.263     nan                                None     -37.881      -9.318     -38.153       0.016      -8.746       0.015
Gaia DR3 5856254531639542144 184.1161328 -68.9656079 18.537  4.646       1.538  10.2924  20.6206    10.34      nan      nan    9.504  nan      nan    nan   1.003     nan                                None     -36.840      -7.687     -39.280       0.198      -9.570       0.185
Gaia DR3 6056323321023273088 190.5872373 -61.0194677 11.781  1.733       0.413   3.3713  20.6267     8.70      nan      nan    8.715  nan      nan    nan   0.852     nan                                None     -33.594     -12.940     -34.350       0.009     -12.877       0.011
Gaia DR3 5842961268560899840 188.4579072 -71.4246421 14.489  3.041       1.670  11.6624  20.6298    10.05      nan      nan    9.940  nan      nan    nan   1.275     nan                                None     -38.442      -9.868     -40.944       0.022     -12.315       0.024
Gaia DR3 5341856262911551872 178.9737876 -58.4606772 12.477  2.015       0.321   9.4899  20.6792    10.33      nan      nan    9.324  nan      nan    nan   1.057     nan                                None     -35.976      -8.362     -35.814       0.012      -7.753       0.013
Gaia DR3 6061391691657352320 193.3719191 -56.4045868 13.403  2.506       0.219   4.4168  20.7126     7.62      nan      nan    8.760  nan      nan    nan   1.212     nan                                None     -33.556     -15.623     -33.156       0.011     -15.683       0.014
Gaia DR3 6072309940877054976 181.7758010 -57.3329660 15.546  3.173       0.656   8.5538  20.7141     9.76      nan      nan    9.163  nan      nan    nan   1.062     nan                                None     -35.478     -10.066     -36.731       0.029     -10.251       0.030
Gaia DR3 6077090140710315776 185.1129693 -53.6698777 13.488  2.773       0.689   9.3680  20.7262     8.77      nan      nan    9.296  nan      nan    nan   1.469     nan                                None     -36.032     -13.104     -37.369       0.015     -12.916       0.020
Gaia DR3 5342275627839946752 177.2611585 -57.0038558 14.320  2.819       0.463  10.8938  20.7359    10.51      nan      nan    9.643  nan      nan    nan   1.220     nan                                None     -37.082      -8.248     -37.932       0.018      -7.846       0.017
Gaia DR3 5854831974036429056 185.2702660 -71.2803976 11.195  1.717       1.071  11.9802  20.7375    10.36      nan      nan   10.064  nan      nan    nan   0.976     nan                                None     -39.008      -7.991     -40.556       0.015      -9.654       0.017
Gaia DR3 5860752431909299968 183.1703948 -66.0719042 15.362  3.193       1.094   8.5632  20.7382    10.25      nan      nan    9.161  nan      nan    nan   1.210     nan                                None     -35.504      -7.873     -37.441       0.034      -8.715       0.033
Gaia DR3 5843724192198636416 194.3011512 -71.3263311 15.444  3.361       1.011  11.0836  20.7401     9.45      nan      nan    9.700  nan      nan    nan   0.957     nan                                None     -37.056     -13.270     -37.851       0.027     -15.178       0.032
Gaia DR3 5342257726415267584 177.8025364 -57.2198137 14.138  2.746       0.324  10.5354  20.7448    10.43      nan      nan    9.544  nan      nan    nan   1.199     nan                                None     -36.742      -8.375     -37.345       0.016      -8.126       0.015
Gaia DR3 6071982256374864256 180.4718738 -58.6827354 12.816  2.759       2.105   8.6787  20.7519    10.09      nan      nan   12.663  nan      nan    nan   5.752     nan                                None     -48.965     -12.341     -49.854       0.087      -6.793       0.086
Gaia DR3 5861580639046056832 193.7862299 -65.5349440 13.048  2.608       0.904   5.4660  20.7827     8.81      nan      nan    8.824  nan      nan    nan   2.535     nan                                None     -33.759     -13.508     -35.314       0.029     -14.151       0.034
Gaia DR3 6082812342808458752 203.9198644 -48.3035494 10.906  1.368       1.458  12.5927  20.8095     4.17      nan      nan   10.565  nan      nan    nan   1.042     nan                                None     -38.631     -26.497     -37.917       0.020     -23.330       0.016
Gaia DR3 6060596263713813504 194.3065652 -57.1628435 17.200  3.716       1.923   3.5114  20.8137     7.57      nan      nan    8.706  nan      nan    nan   0.993     nan                                None     -33.259     -15.796     -33.028       0.052     -12.274       0.063
Gaia DR3 6061152101197951104 190.8765770 -57.0552178 13.790  2.626       1.148   4.6642  20.8285     8.15      nan      nan    8.766  nan      nan    nan   1.277     nan                                None     -33.771     -14.240     -34.691       0.014     -12.328       0.017
Gaia DR3 5842802835803988352 185.1410424 -71.5886027 13.192  2.897       2.047  12.2684  20.8373    10.40      nan      nan   10.204  nan      nan    nan   5.607     nan                                None     -39.552      -7.897     -43.584       0.060      -9.666       0.064
Gaia DR3 5863354937206512896 196.9432665 -62.0038210 15.995  3.573       0.350   1.7049  20.8462     7.88      nan      nan    8.645  nan      nan    nan   1.430     nan                                None     -32.730     -15.801     -32.147       0.056     -16.061       0.065
Gaia DR3 5334108214954967808 174.7507977 -62.2212507 17.176  4.020       1.322  10.9577  20.8525    11.21      nan      nan    9.640  nan      nan    nan   0.988     nan                                None     -36.828      -4.835     -39.511       0.088      -4.699       0.080
Gaia DR3 6071307396762179200 182.8806293 -58.2814987  9.933  1.098       0.126   7.6277  20.8598     9.66      nan      nan    9.023  nan      nan    nan   0.754     nan                                None     -34.964     -10.178     -35.200       0.009     -10.145       0.012
Gaia DR3 6061203984408690688 191.6830411 -56.5282448 13.887  2.606       0.305   4.7920  20.8751     7.93      nan      nan    8.770  nan      nan    nan   1.127     nan                                None     -33.731     -14.781     -33.518       0.013     -14.259       0.015
Gaia DR3 5332459321148384896 179.1674893 -64.9385718 17.122  3.877       1.384   9.4959  20.8850    10.71      nan      nan    9.298  nan      nan    nan   0.986     nan                                None     -35.887      -6.110     -38.535       0.073      -6.701       0.065
Gaia DR3 6056525459373974784 189.7907292 -60.6745215 16.418  3.589       0.610   3.7231  20.9260     8.79      nan      nan    8.707  nan      nan    nan   1.021     nan                                None     -33.610     -12.617     -34.690       0.041     -12.911       0.047
Gaia DR3 6073202027084283392 188.4925066 -56.5707563  7.545  0.180       0.798   5.9334  20.9333     8.50      nan      nan    8.847  nan      nan    nan   1.428     nan                                None     -34.214     -13.314     -34.460       0.031     -14.782       0.038
Gaia DR3 5870459813903215616 206.8613384 -60.2093443 15.967  2.772       1.120   4.7316  20.9483     6.10      nan      nan    8.760  nan      nan    nan   1.049     nan                                None     -31.410     -21.320     -29.476       0.043     -20.586       0.047
Gaia DR3 6075310478057303936 192.7140747 -51.9432201 11.471  1.580       0.494   8.7445  20.9606     7.07      nan      nan    9.163  nan      nan    nan   1.349     nan                                None     -35.158     -17.119     -34.362       0.020     -16.594       0.017
Gaia DR3 6058015224567244672 185.8777337 -61.0135191 13.501  2.593       0.610   5.6418  20.9794     9.43      nan      nan    8.820  nan      nan    nan   1.675     nan                                None     -34.181     -10.645     -33.587       0.021      -9.679       0.025
Gaia DR3 6078170994992439424 190.7998644 -52.7585754 14.526  3.089       1.325   8.3522  20.9811     7.56      nan      nan    9.104  nan      nan    nan   1.565     nan                                None     -35.079     -15.882     -34.645       0.029     -13.377       0.025
Gaia DR3 5861485526917386368 193.3461232 -65.6744872  8.997  0.968       0.253   5.6582  20.9825     8.89      nan      nan    8.821  nan      nan    nan   0.799     nan                                None     -33.790     -13.227     -34.255       0.012     -13.301       0.015
Gaia DR3 5336159388291513984 171.7451476 -59.5799156 14.409  2.937       1.709  12.7476  20.9969    11.57      nan      nan   10.675  nan      nan    nan   1.160     nan                                None     -40.357      -4.676     -40.042       0.018      -0.842       0.018
Gaia DR3 6053013477453338880 183.9254278 -64.9936239 14.771  3.099       0.912   7.7077  21.0038    10.07      nan      nan    9.018  nan      nan    nan   1.140     nan                                None     -34.956      -8.533     -36.651       0.024      -8.898       0.024
Gaia DR3 5336376503118529536 174.8752991 -59.0624176 15.650  3.349       0.494  11.3398  21.0114    11.04      nan      nan    9.728  nan      nan    nan   0.998     nan                                None     -37.176      -6.208     -38.036       0.034      -5.672       0.032
Gaia DR3 6055208691085032192 191.5502933 -62.3548356 17.159  3.616       2.020   3.4391  21.0324     8.72      nan      nan    8.686  nan      nan    nan   2.033     nan                                None     -33.418     -13.020     -34.428       0.173      -9.462       0.197
Gaia DR3 6072887188795984256 185.8093665 -55.6712813 13.350  2.406       0.509   7.6450  21.0590     8.87      nan      nan    9.005  nan      nan    nan   1.118     nan                                None     -34.899     -12.455     -35.120       0.010     -13.396       0.012
Gaia DR3 6075333808320438016 193.9509915 -51.5608989 12.688  2.271       1.680   8.9455  21.0602     6.76      nan      nan    9.183  nan      nan    nan   1.150     nan                                None     -35.116     -17.841     -37.822       0.033     -16.037       0.025
Gaia DR3 6053207201993945728 181.2674129 -64.7893504 16.601  3.640       1.190   8.6140  21.0604    10.42      nan      nan    9.132  nan      nan    nan   0.870     nan                                None     -35.343      -7.225     -37.288       0.053      -8.437       0.061
Gaia DR3 6082504921930049024 200.9548400 -49.4888204 14.812  2.937       0.664  11.0157  21.0796     5.01      nan      nan    9.615  nan      nan    nan   1.101     nan                                None     -35.751     -22.540     -34.848       0.030     -21.541       0.027
Gaia DR3 5859345503663163776 183.7273642 -68.2672447 16.911  3.964       1.355   9.8587  21.0926    10.34      nan      nan    9.340  nan      nan    nan   0.960     nan                                None     -36.202      -7.573     -38.710       0.088      -8.483       0.082
Gaia DR3 6072902547600437888 184.6044452 -55.9738321 15.457  3.207       0.238   7.9683  21.1078     9.12      nan      nan    9.039  nan      nan    nan   1.110     nan                                None     -35.041     -11.803     -35.088       0.027     -11.351       0.031
Gaia DR3 6080142110103643520 194.7175253 -53.4990548 15.580  3.120       1.940   6.9544  21.1108     6.93      nan      nan    8.924  nan      nan    nan   1.080     nan                                None     -34.049     -17.265     -33.331       0.033     -13.688       0.030
Gaia DR3 5343548243827108480 179.3782644 -56.9210462 13.908  2.872       0.243   9.8998  21.1285    10.14      nan      nan    9.343  nan      nan    nan   1.252     nan                                None     -36.072      -9.136     -36.547       0.016      -9.077       0.017
Gaia DR3 6083662127850142720 201.1033169 -47.9586686 15.107    nan       0.133  12.5422  21.1353     4.68      nan      nan   10.275  nan      nan    nan   0.787     nan                                None     -38.175     -24.441     -37.923       0.296     -24.582       0.077
Gaia DR3 6063328275221607296 196.6441309 -57.5643450 14.176  2.758       0.469   2.7659  21.1701     7.24      nan      nan    8.650  nan      nan    nan   4.493     nan                                None     -32.783     -16.729     -32.125       0.041     -16.183       0.052
Gaia DR3 6070093879497533824 201.4918409 -51.1957984 13.719  2.668       2.124   9.4059  21.1769     5.23      nan      nan    9.245  nan      nan    nan   4.152     nan                                None     -34.277     -21.622     -38.367       0.335     -20.985       0.332
Gaia DR3 6077086910894827392 184.8857946 -53.7033003 13.342  2.586       2.885   9.4295  21.2230     8.82      nan      nan    9.243  nan      nan    nan   7.744     nan                                None     -35.830     -12.906     -40.711       0.103     -15.692       0.123
Gaia DR3 5868895208831217792 205.3657074 -61.1001056 15.402  3.198       2.562   4.0144  21.2314     6.49      nan      nan    8.697  nan      nan    nan   1.059     nan                                None     -31.508     -20.274     -34.144       0.022     -16.386       0.025
Gaia DR3 6078885402671365504 189.4208279 -51.7186155 15.130  3.126       0.417   9.6421  21.2438     7.68      nan      nan    9.278  nan      nan    nan   1.114     nan                                None     -35.836     -15.777     -36.239       0.028     -15.068       0.023
Gaia DR3 6058292889962189952 185.6660496 -60.3401612 13.761  2.632       0.864   5.7609  21.2491     9.40      nan      nan    8.806  nan      nan    nan   1.134     nan                                None     -34.129     -10.724     -35.632       0.013     -11.282       0.014
Gaia DR3 5857276669466270592 194.6010666 -67.8032473 13.892  2.574       0.609   7.5866  21.2690     8.99      nan      nan    8.977  nan      nan    nan   1.044     nan                                None     -34.263     -13.523     -35.266       0.015     -14.091       0.017
Gaia DR3 6056277107171078400 190.8485879 -61.0302912 15.349  3.411       0.878   3.2483  21.2726     8.66      nan      nan    8.659  nan      nan    nan   1.108     nan                                None     -33.363     -12.988     -34.863       0.028     -13.555       0.033
Gaia DR3 6079171550571971712 189.2258003 -50.8160906 16.148  3.359       1.139  10.5197  21.2898     7.59      nan      nan    9.453  nan      nan    nan   1.009     nan                                None     -36.520     -16.216     -35.719       0.041     -14.093       0.036
Gaia DR3 5333128515745967616 176.4915273 -63.8794559 13.159  2.690       2.328  10.3237  21.2901    11.03      nan      nan    9.408  nan      nan    nan   3.093     nan                                None     -36.114      -5.056     -36.368       0.029      -0.446       0.030
Gaia DR3 6090846710488713344 210.8952932 -50.1779456 10.172  1.270       0.658  12.6976  21.2954     3.24      nan      nan   10.326  nan      nan    nan   1.044     nan                                None     -35.862     -29.032     -35.096       0.016     -27.822       0.015
Gaia DR3 6055665538166866560 195.1500234 -61.5084019 14.313  2.728       0.595   1.5967  21.2993     8.07      nan      nan    8.609  nan      nan    nan   1.067     nan                                None     -32.802     -14.958     -32.548       0.015     -16.008       0.018
Gaia DR3 5343805185945764224 177.9881904 -56.4741519 15.122  3.188       0.423  10.7835  21.3080    10.35      nan      nan    9.514  nan      nan    nan   1.155     nan                                None     -36.639      -8.719     -37.488       0.027      -8.748       0.026
Gaia DR3 6054899212944242432 185.2005666 -61.9600431 15.870  3.622       0.923   6.0679  21.3277     9.63      nan      nan    8.823  nan      nan    nan   1.445     nan                                None     -34.201     -10.001     -35.879       0.052      -9.640       0.055
Gaia DR3 6056842084357535360 194.9407223 -59.5328283 13.325  2.682       0.826   1.4212  21.3320     7.82      nan      nan    8.604  nan      nan    nan   1.240     nan                                None     -32.803     -15.342     -31.305       0.012     -15.285       0.015
Gaia DR3 6059984591659120000 190.0557245 -58.6719288 14.357  2.803       0.626   4.0306  21.3407     8.50      nan      nan    8.689  nan      nan    nan   1.052     nan                                None     -33.526     -13.278     -34.505       0.013     -13.874       0.016
Gaia DR3 6061130312817311744 189.3161800 -56.9497139 16.413  3.590       0.225   5.3445  21.3466     8.40      nan      nan    8.767  nan      nan    nan   1.021     nan                                None     -33.866     -13.497     -33.884       0.040     -13.081       0.050
Gaia DR3 6090846749152290944 210.9063769 -50.1800473 13.462  2.602       1.408  12.6996  21.3652     3.24      nan      nan   10.290  nan      nan    nan   1.126     nan                                None     -35.736     -28.938     -33.825       0.016     -26.557       0.015
Gaia DR3 6063429121069726208 199.3836915 -56.9238773 14.886  2.917       1.514   3.5511  21.3664     6.67      nan      nan    8.665  nan      nan    nan   1.144     nan                                None     -32.465     -18.214     -31.084       0.018     -15.817       0.022
Gaia DR3 5842130724965127040 190.9056602 -71.9975966 15.594  3.447       1.001  11.9569  21.3758     9.85      nan      nan    9.871  nan      nan    nan   1.107     nan                                None     -38.028     -11.138     -38.796       0.037     -13.075       0.041
Gaia DR3 6127895549362597504 192.6376986 -48.2537595 15.746  3.486       0.106  12.3526  21.3776     6.50      nan      nan   10.055  nan      nan    nan   1.188     nan                                None     -38.590     -19.674     -38.811       0.047     -19.629       0.040
Gaia DR3 6054476618191161472 182.8540707 -62.7228223 19.270  4.225       1.355   7.2893  21.3795    10.04      nan      nan    8.933  nan      nan    nan   0.968     nan                                None     -34.615      -8.623     -37.161       0.242      -8.785       0.303
Gaia DR3 6072865885757810048 185.1873114 -55.9566636 15.168  3.144       2.168   7.7244  21.3981     9.02      nan      nan    8.980  nan      nan    nan   1.048     nan                                None     -34.808     -12.024     -35.352       0.021      -7.955       0.024
Gaia DR3 5859187277060333184 180.6565667 -69.1923193  5.877 -0.101       0.995  11.2994  21.4132    10.75      nan      nan    9.636  nan      nan    nan   0.733     nan                                None     -37.268      -5.604     -38.824       0.047      -6.893       0.040
Gaia DR3 6054424116513484160 184.2534669 -62.8938168 13.252  2.647       0.709   6.7145  21.4242     9.85      nan      nan    8.872  nan      nan    nan   1.897     nan                                None     -34.390      -9.255     -35.585       0.019      -9.830       0.021
Gaia DR3 5865287470670930688 204.1314585 -62.5415809 17.457  3.866       0.851   3.9479  21.4253     6.94      nan      nan    8.678  nan      nan    nan   0.988     nan                                None     -31.691     -19.322     -30.187       0.063     -19.724       0.082
Gaia DR3 5855735910070408192 189.6903897 -68.9665175 16.521  3.563       1.308   9.2374  21.4420     9.70      nan      nan    9.184  nan      nan    nan   1.034     nan                                None     -35.456     -10.656     -37.385       0.050     -12.297       0.053
Gaia DR3 6061369529612187008 192.8006173 -56.5133575 13.654  2.751       1.445   4.4698  21.4444     7.74      nan      nan    8.704  nan      nan    nan   2.010     nan                                None     -33.389     -15.218     -35.968       0.021     -15.833       0.025
Gaia DR3 6076020968735293440 184.4816924 -54.8969954 14.091  2.685       0.196   8.7258  21.4490     9.03      nan      nan    9.105  nan      nan    nan   1.203     nan                                None     -35.294     -12.153     -35.553       0.015     -12.425       0.016
Gaia DR3 6061901040455950336 199.1362028 -59.6713584 19.946  3.146       0.508   1.1106  21.4555     7.18      nan      nan    8.590  nan      nan    nan   1.094     nan                                None     -32.222     -17.337     -33.003       0.362     -17.823       0.438
Gaia DR3 5871845576506673792 207.7381030 -56.8532240 14.440  3.002       1.164   6.4273  21.4689     5.27      nan      nan   13.190  nan      nan    nan   1.071     nan                                None     -46.994     -33.646     -49.299       0.015     -31.376       0.019
Gaia DR3 6059340002969193984 185.0629092 -59.1740126 15.422  3.155       1.195   6.2687  21.4752     9.38      nan      nan    8.827  nan      nan    nan   1.030     nan                                None     -34.216     -10.794     -36.422       0.024     -11.078       0.028
Gaia DR3 6075310478050174592 192.7155135 -51.9430808 14.644  2.778       0.682   8.7444  21.4759     7.07      nan      nan    9.104  nan      nan    nan   1.389     nan                                None     -34.933     -17.010     -34.250       0.026     -15.894       0.023
Gaia DR3 6071110171853010688 184.1443113 -58.5624124 18.685  3.035       1.065   6.9093  21.4798     9.47      nan      nan    8.885  nan      nan    nan   0.956     nan                                None     -34.442     -10.581     -36.328       0.163     -11.232       0.159
Gaia DR3 5335078224747810048 179.7741631 -61.8446327 14.742  2.907       1.403   8.5947  21.4918    10.44      nan      nan    9.081  nan      nan    nan   1.123     nan                                None     -35.083      -7.394     -37.734       0.021      -7.831       0.023
Gaia DR3 5860288472359403136 190.0798609 -65.3335994 15.413  3.212       1.008   6.0068  21.4929     9.28      nan      nan    8.804  nan      nan    nan   1.042     nan                                None     -33.968     -11.546     -35.610       0.031     -12.442       0.035
Gaia DR3 5855283735881031424 188.6917474 -70.3239696 15.982  3.491       0.522  10.6190  21.4953     9.93      nan      nan    9.444  nan      nan    nan   1.969     nan                                None     -36.513      -9.899     -37.416       0.143      -9.383       0.136
Gaia DR3 6056115131031531264 196.8043070 -59.8697947  9.884  1.187       2.163   0.5077  21.4963     7.57      nan      nan    8.581  nan      nan    nan   6.530     nan                                None     -32.505     -16.136     -30.455       0.080     -12.802       0.105
Gaia DR3 6057456092878899072 181.9261964 -62.4578433 10.525  1.324       0.886   7.6575  21.5067    10.16      nan      nan    8.961  nan      nan    nan   0.799     nan                                None     -34.703      -8.239     -36.371       0.009      -8.111       0.012
Gaia DR3 6059492147879059584 187.3991556 -58.4379520 15.240  3.054       0.203   5.3814  21.5284     8.91      nan      nan    8.754  nan      nan    nan   1.032     nan                                None     -33.892     -12.105     -33.539       0.022     -11.976       0.025
Gaia DR3 6079993847837920384 196.1435998 -53.0500986 16.438  3.429       1.393   7.2866  21.5429     6.59      nan      nan    8.917  nan      nan    nan   1.021     nan                                None     -33.860     -18.029     -33.394       0.053     -15.451       0.052
Gaia DR3 6071511184363936640 184.4595569 -58.0761101 14.652  2.851       0.053   6.9398  21.5598     9.37      nan      nan    8.881  nan      nan    nan   1.163     nan                                None     -34.425     -10.887     -34.325       0.019     -10.882       0.020
Gaia DR3 5336385612786530432 175.3251678 -59.0476016 17.118  3.836       1.653  11.1214  21.5771    10.97      nan      nan    9.556  nan      nan    nan   0.966     nan                                None     -36.567      -6.350     -36.939       0.065      -3.040       0.053
Gaia DR3 6055393958796328192 189.8849136 -62.3119012 11.581  1.562       0.291   4.0885  21.5780     8.96      nan      nan    8.673  nan      nan    nan   0.841     nan                                None     -33.474     -12.152     -32.969       0.011     -11.982       0.014
Gaia DR3 6060878047928016384 190.4827042 -57.8886987 17.082  4.011       0.547   4.2599  21.5848     8.32      nan      nan    8.681  nan      nan    nan   1.108     nan                                None     -33.471     -13.690     -32.567       0.068     -13.258       0.077
Gaia DR3 5344337005969313152 178.8025376 -54.1060434 18.457  3.698       0.269  11.7302  21.6019    10.01      nan      nan    9.735  nan      nan    nan   0.992     nan                                None     -37.549     -10.224     -37.681       0.142     -10.760       0.141
Gaia DR3 6079698074902470272 191.2059459 -49.3132827 12.164  1.833       0.243  11.5334  21.6034     6.97      nan      nan    9.670  nan      nan    nan   1.388     nan                                None     -37.233     -17.968     -37.447       0.014     -17.520       0.011
Gaia DR3 6072619457718489600 184.3550754 -56.7262759 16.467  3.618       0.302   7.6406  21.6075     9.25      nan      nan    8.949  nan      nan    nan   1.089     nan                                None     -34.692     -11.332     -34.196       0.053     -11.051       0.058
Gaia DR3 6058455170997352832 187.8167148 -59.2786553 16.502  3.519       1.901   4.8849  21.6157     8.94      nan      nan    8.714  nan      nan    nan   1.196     nan                                None     -33.725     -12.020     -35.718       0.049      -9.151       0.057
Gaia DR3 6124896592742959616 180.0037926 -54.2836519 19.152  3.621       0.415  11.0754  21.6173     9.80      nan      nan    9.537  nan      nan    nan   1.156     nan                                None     -36.855     -10.580     -37.685       0.280     -10.497       0.264
Gaia DR3 5854711092186163200 181.3299595 -71.8177384 13.816  2.939       0.610  13.1156  21.6389    10.79      nan      nan   10.604  nan      nan    nan  10.143     nan                                None     -41.042      -5.517     -39.960       0.174      -6.348       0.172
Gaia DR3 5343631531836865280 178.7025313 -56.4721419 15.198  3.170       0.444  10.4395  21.6635    10.22      nan      nan    9.379  nan      nan    nan   1.012     nan                                None     -36.170      -8.972     -37.047       0.023      -8.941       0.024
Gaia DR3 6053784067641276160 185.8160366 -63.2806344 12.112  1.936       0.635   6.1830  21.6682     9.66      nan      nan    8.803  nan      nan    nan   0.953     nan                                None     -34.115      -9.890     -35.261       0.011     -10.168       0.012
Gaia DR3 6068473886549055488 200.1839531 -52.4054382 14.587  2.874       1.358   8.0591  21.7167     5.71      nan      nan    8.988  nan      nan    nan   1.127     nan                                None     -33.547     -20.202     -33.396       0.022     -17.634       0.015
Gaia DR3 5859741293495781504 185.6338072 -66.5855301 17.015  3.621       1.067   8.1393  21.7288     9.98      nan      nan    8.996  nan      nan    nan   1.098     nan                                None     -34.867      -8.932     -36.432       0.071     -10.215       0.076
Gaia DR3 6078956321173255808 189.4411291 -51.2794996 13.832  2.705       0.130  10.0399  21.7296     7.62      nan      nan    9.289  nan      nan    nan   1.177     nan                                None     -35.876     -15.919     -35.965       0.016     -16.158       0.014
Gaia DR3 5341919587915807616 178.5196216 -58.0447394 13.850  2.731       0.234   9.8573  21.7298    10.37      nan      nan    9.255  nan      nan    nan   1.143     nan                                None     -35.679      -8.205     -35.911       0.014      -7.812       0.014
Gaia DR3 6060829738129386368 189.5488150 -57.9972590 16.034    nan       1.535   4.6010  21.7362     8.50      nan      nan    8.688  nan      nan    nan   1.193     nan                                None     -33.549     -13.207     -36.345       0.180     -12.930       0.175
Gaia DR3 6075840300923255424 183.4833495 -55.0318341 16.436  3.419       0.370   9.0586  21.7552     9.23      nan      nan    9.119  nan      nan    nan   1.119     nan                                None     -35.344     -11.627     -36.012       0.046     -11.379       0.046
Gaia DR3 6125707173327763200 186.3488925 -51.1023942 14.449  2.870       0.401  11.0568  21.7668     8.21      nan      nan    9.507  nan      nan    nan   1.091     nan                                None     -36.835     -14.795     -37.454       0.019     -14.281       0.018
Gaia DR3 6083709613047577344 201.8649782 -47.3189037 13.337  2.737       0.286  13.2563  21.8046     4.39      nan      nan   10.875  nan      nan    nan   1.196     nan                                None     -40.241     -26.381     -39.653       0.016     -26.089       0.016
Gaia DR3 5335090216297084416 179.6330385 -61.6173881 13.942  2.882       1.455   8.6549  21.8087    10.44      nan      nan   12.901  nan      nan    nan   1.220     nan                                None     -49.829     -10.509     -51.104       0.018      -6.762       0.018
Gaia DR3 6070042855282446080 201.5612641 -51.3058942 15.986  2.722       2.286   9.3083  21.8090     5.24      nan      nan    9.151  nan      nan    nan   8.331     nan                                None     -33.919     -21.416     -32.674       0.299     -17.185       0.352
Gaia DR3 6078776894618932224 188.2445304 -52.1162519 13.896  2.672       0.291   9.6019  21.8191     7.97      nan      nan    9.198  nan      nan    nan   1.168     nan                                None     -35.583     -14.961     -35.459       0.016     -14.410       0.014
Gaia DR3 5861936704646000128 193.6552052 -64.3258397 14.114  2.739       0.512   4.3611  21.8286     8.67      nan      nan    8.667  nan      nan    nan   7.101     nan                                None     -33.173     -13.537     -34.045       0.091     -13.196       0.112
Gaia DR3 6058192628235894912 184.9067907 -60.9669610 17.041  3.817       0.636   6.1113  21.8404     9.58      nan      nan    8.782  nan      nan    nan   1.011     nan                                None     -34.042     -10.109     -35.219       0.066     -10.151       0.066
Gaia DR3 5863444173757932672 195.9274577 -62.1070002 14.919  3.013       0.367   1.9190  21.8707     8.04      nan      nan    8.573  nan      nan    nan   1.062     nan                                None     -32.579     -15.134     -32.267       0.020     -15.718       0.022
Gaia DR3 5850293224423537280 207.3869378 -68.3081050 14.086    nan       1.969   9.0874  21.8983     7.60      nan      nan    9.107  nan      nan    nan   1.010     nan                                None     -32.530     -20.572     -31.502       0.051     -24.210       0.117
Gaia DR3 6057102290656741504 194.3276783 -59.0338445 14.281  3.283       0.837   1.9754  21.9194     7.84      nan      nan    8.571  nan      nan    nan   3.519     nan                                None     -32.740     -15.106     -34.097       0.054     -14.439       0.068
Gaia DR3 5854900865330300544 184.3770056 -71.0023765 13.974  2.701       1.294  11.8921  21.9401    10.44      nan      nan    9.718  nan      nan    nan   1.209     nan                                None     -37.673      -7.264     -39.372       0.016      -9.298       0.018
Gaia DR3 5839625109759558016 207.2873420 -73.0022103 15.726  2.736       2.768  13.2519  21.9418     8.46      nan      nan   10.515  nan      nan    nan   0.958     nan                                None     -37.587     -22.230     -36.151       0.027     -28.196       0.034
Gaia DR3 5891317583818993152 219.6666823 -58.2155411 13.931  3.002       0.672  11.5546  21.9459     3.80      nan      nan    9.611  nan      nan    nan   2.308     nan                                None     -30.468     -30.003     -29.397       0.032     -29.161       0.030
Gaia DR3 6062235223262541312 198.5170101 -58.7300047 14.671  2.969       1.926   1.6916  21.9559     7.12      nan      nan    8.562  nan      nan    nan   1.245     nan                                None     -32.207     -17.195     -34.020       0.017     -14.229       0.020
Gaia DR3 6076646109810324608 181.9648140 -54.7035603 14.536  3.103       0.282   9.9343  21.9832     9.47      nan      nan    9.236  nan      nan    nan   1.299     nan                                None     -35.768     -11.105     -35.785       0.021     -10.555       0.024
Gaia DR3 6060864815105080064 190.5021684 -57.9968835 12.816  2.313       1.315   4.1866  21.9842     8.33      nan      nan    8.646  nan      nan    nan   1.243     nan                                None     -33.333     -13.615     -35.423       0.028     -14.790       0.032
Gaia DR3 6061582594358025088 191.9176181 -56.3634734 17.542  4.144       0.534   4.8543  21.9847     7.87      nan      nan    8.682  nan      nan    nan   1.199     nan                                None     -33.378     -14.789     -34.345       0.095     -14.648       0.142
Gaia DR3 6085064761097406464 197.6349644 -48.2844500 11.156  1.439       0.198  12.0254  22.0091     5.46      nan      nan    9.749  nan      nan    nan   1.016     nan                                None     -36.808     -21.485     -36.677       0.018     -21.099       0.011
Gaia DR3 6059714038752731776 190.4525263 -59.2491182 16.287  3.392       0.212   3.6120  22.0410     8.50      nan      nan    8.615  nan      nan    nan   1.076     nan                                None     -33.217     -13.207     -32.886       0.039     -13.011       0.043
Gaia DR3 6071124323745142400 183.5340045 -58.4237797 16.703  3.498       0.960   7.2566  22.0878     9.56      nan      nan    8.863  nan      nan    nan   0.988     nan                                None     -34.350     -10.285     -36.049       0.052     -10.863       0.060
Gaia DR3 5867446052520757760 207.7393305 -60.2557047 14.119  2.758       0.803   5.1615  22.1121     5.98      nan      nan    8.691  nan      nan    nan   1.105     nan                                None     -30.963     -21.557     -29.779       0.011     -20.685       0.013
Gaia DR3 6126594208633921792 184.0706879 -50.9240536 13.723  2.659       2.918  11.9554  22.1175     8.65      nan      nan    9.702  nan      nan    nan   6.164     nan                                None     -37.610     -13.991     -32.655       0.420     -10.664       0.369
Gaia DR3 5237215367676211072 172.3029688 -65.6550566 12.399  2.124       1.400  12.4467  22.1181    11.65      nan      nan    9.886  nan      nan    nan   1.489     nan                                None     -37.453      -2.085     -40.340       0.018      -2.499       0.019
Gaia DR3 5860580633206845568 184.5309297 -66.0033852 14.459  2.913       1.114   8.0815  22.1192    10.07      nan      nan    8.949  nan      nan    nan   1.151     nan                                None     -34.692      -8.467     -36.666       0.020      -9.186       0.024
Gaia DR3 5236514527759257472 174.8354941 -65.6401937 17.718  4.270       1.732  11.4361  22.1214    11.32      nan      nan    9.546  nan      nan    nan   1.105     nan                                None     -36.479      -3.482     -39.928       0.121      -3.988       0.114
Gaia DR3 5856245430623577600 183.2893932 -69.1981696 17.486  4.172       1.477  10.6602  22.1242    10.45      nan      nan    9.360  nan      nan    nan   1.076     nan                                None     -36.274      -6.998     -38.697       0.092      -8.616       0.095
Gaia DR3 6061291017620573696 192.7228255 -57.1798890 13.601  2.500       0.471   3.9313  22.1265     7.84      nan      nan    8.622  nan      nan    nan   1.072     nan                                None     -33.083     -14.873     -33.722       0.010     -15.443       0.014
Gaia DR3 5344549276127010432 177.7372687 -53.6764715 13.361  2.597       1.102  12.4877  22.1389    10.17      nan      nan    9.898  nan      nan    nan   1.165     nan                                None     -38.099      -9.980     -40.353       0.012      -9.524       0.012
Gaia DR3 5854897321965963264 184.0103129 -71.0510200 12.284  2.087       1.152  11.9977  22.1532    10.48      nan      nan    9.709  nan      nan    nan   1.253     nan                                None     -37.636      -7.011     -39.406       0.016      -8.570       0.015
Gaia DR3 6075933969874743680 184.4749033 -55.4567905 14.517  2.872       0.339   8.3532  22.1661     9.09      nan      nan    8.978  nan      nan    nan   1.231     nan                                None     -34.802     -11.813     -35.389       0.018     -12.072       0.021
Gaia DR3 6061539610332260608 195.3738527 -55.5313361 15.358  3.306       0.427   4.8868  22.1662     7.13      nan      nan    8.670  nan      nan    nan   3.277     nan                                None     -33.007     -16.625     -32.571       0.060     -15.978       0.073
Gaia DR3 5343617135104503808 178.0260928 -56.5126653 13.785  2.880       0.666  10.7466  22.1682    10.34      nan      nan    9.372  nan      nan    nan   2.528     nan                                None     -36.096      -8.595     -37.355       0.031      -8.982       0.030
Gaia DR3 5839655827366901120 208.8034976 -72.7338276  8.653  0.666       2.872  13.1865  22.1698     8.29      nan      nan   10.292  nan      nan    nan   0.967     nan                                None     -36.369     -22.768     -42.173       0.013     -20.502       0.015
Gaia DR3 6077480432970657664 185.8211820 -52.4783021 13.217  2.342       0.303  10.0604  22.1715     8.49      nan      nan    9.235  nan      nan    nan   1.190     nan                                None     -35.789     -13.722     -36.341       0.011     -13.516       0.012
Gaia DR3 6074452790273813248 190.2711157 -54.3503073 14.674  2.820       0.756   7.0601  22.1835     7.89      nan      nan    8.834  nan      nan    nan   1.142     nan                                None     -34.075     -14.760     -34.863       0.016     -15.926       0.019
Gaia DR3 6056213125012402304 196.8299859 -59.0812866 17.697  3.625       0.597   1.2515  22.1853     7.45      nan      nan    8.538  nan      nan    nan   1.054     nan                                None     -32.338     -16.253     -32.776       0.086     -17.235       0.121
Gaia DR3 5865593822062087168 206.6471950 -62.0694676  7.932  0.618       0.596   4.8236  22.2269     6.50      nan      nan    8.661  nan      nan    nan   0.900     nan                                None     -31.103     -20.604     -30.018       0.013     -20.534       0.015
Gaia DR3 6053897076801756800 187.6839251 -62.8869288 14.168  2.884       0.725   5.2504  22.2280     9.35      nan      nan    8.687  nan      nan    nan   1.094     nan                                None     -33.624     -10.858     -34.808       0.015     -11.460       0.017
Gaia DR3 5862775773790724864 193.0886811 -63.6171470 16.286  3.367       0.384   3.8580  22.2318     8.66      nan      nan    8.611  nan      nan    nan   0.996     nan                                None     -33.008     -13.351     -32.311       0.039     -13.378       0.049
Gaia DR3 6072797338079356672 187.3033499 -55.6269132 14.638  2.998       0.209   7.0667  22.2410     8.60      nan      nan    8.830  nan      nan    nan   1.133     nan                                None     -34.189     -12.962     -33.809       0.018     -12.876       0.021
Gaia DR3 6059717479073117696 189.9996188 -59.3671638 15.929  3.303       0.234   3.7930  22.2568     8.59      nan      nan    8.606  nan      nan    nan   1.018     nan                                None     -33.209     -12.936     -32.785       0.033     -12.961       0.039
Gaia DR3 5842473841306561408 186.2157245 -72.6039442  6.600 -0.010       1.162  13.0201  22.2571    10.36      nan      nan   10.134  nan      nan    nan   0.915     nan                                None     -39.268      -8.151     -40.593       0.033     -10.251       0.031
Gaia DR3 5860870217087414528 185.1296120 -65.0664662 13.375    nan       1.496   7.3211  22.2631     9.92      nan      nan    8.853  nan      nan    nan   2.030     nan                                None     -34.315      -9.006     -35.818       0.103     -11.359       0.113
Gaia DR3 5342302050480208512 177.7881344 -56.6079780 16.669  3.598       0.413  10.8168  22.3131    10.39      nan      nan    9.366  nan      nan    nan   0.991     nan                                None     -36.056      -8.431     -36.664       0.051      -7.889       0.045
Gaia DR3 6059973046786361472 189.1532860 -58.8094475 15.017  2.945       0.550   4.3959  22.3153     8.66      nan      nan    8.630  nan      nan    nan   1.093     nan                                None     -33.347     -12.703     -34.315       0.021     -12.954       0.027
Gaia DR3 5864339141944616960 205.9121719 -64.2807139 16.841  3.680       0.515   5.6257  22.3418     7.02      nan      nan    8.703  nan      nan    nan   0.941     nan                                None     -31.414     -19.866     -30.550       0.045     -20.246       0.068
Gaia DR3 6056115135337482496 196.8042143 -59.8692684 13.911    nan       1.344   0.5082  22.3609     7.57      nan      nan    8.518  nan      nan    nan   0.745     nan                                None     -32.265     -16.017     -29.896       0.060     -16.472       0.059
Gaia DR3 5874313052400925056 221.9915039 -62.9933057 13.914  2.333       2.656  11.9399  22.3728     4.75      nan      nan   12.146  nan      nan    nan   2.348     nan                                None     -37.371     -38.343     -33.850       0.030     -44.162       0.037
Gaia DR3 6069597102094976128 206.4720614 -50.8927605 14.846  3.160       0.424  10.7201  22.3843     4.22      nan      nan    9.335  nan      nan    nan   1.130     nan                                None     -33.565     -24.188     -33.103       0.031     -23.492       0.027
Gaia DR3 5332517565237095936 178.5370872 -64.6803933 15.553  3.217       1.367   9.6629  22.3934    10.79      nan      nan    9.139  nan      nan    nan   1.228     nan                                None     -35.234      -5.748     -37.733       0.041      -6.580       0.048
Gaia DR3 5237270068366411392 173.9842259 -65.5033821 12.785  2.529       2.590  11.7358  22.3957    11.43      nan      nan    9.581  nan      nan    nan   8.891     nan                                None     -36.514      -3.055     -39.695       0.113      -7.209       0.110
Gaia DR3 6069025012455797760 203.5810936 -52.6772925 16.417  2.658       0.718   8.3693  22.3965     5.13      nan      nan    8.956  nan      nan    nan   1.103     nan                                None     -32.816     -21.642     -33.795       0.093     -20.703       0.090
Gaia DR3 5332319030334191744 179.0527685 -65.6319248 13.098  2.433       0.525   9.8058  22.4175    10.77      nan      nan    9.160  nan      nan    nan   1.298     nan                                None     -35.345      -5.704     -36.302       0.013      -6.039       0.014
Gaia DR3 6073962889118462976 191.8584616 -54.7543915 11.679  1.542       1.782   6.2748  22.4274     7.65      nan      nan    8.744  nan      nan    nan   1.195     nan                                None     -33.619     -15.268     -32.200       0.013     -12.306       0.016
Gaia DR3 6064807908636505856 208.9604234 -54.8235398 13.725  2.620       0.853   8.2905  22.4294     4.63      nan      nan    8.943  nan      nan    nan   1.197     nan                                None     -31.563     -23.703     -30.524       0.017     -22.477       0.018
Gaia DR3 5841860932297535488 189.8521840 -72.7350224 12.900  2.403       1.334  12.7541  22.4297    10.02      nan      nan    9.937  nan      nan    nan   1.322     nan                                None     -38.356     -10.273     -40.119       0.019     -12.442       0.024
Gaia DR3 5343078168255320448 174.6071929 -56.2618199 17.408  4.241       0.344  12.5311  22.4308    10.93      nan      nan    9.841  nan      nan    nan   1.030     nan                                None     -37.580      -7.246     -38.070       0.081      -6.726       0.075
Gaia DR3 6081328723666902912 195.1444695 -51.2182130 14.723  3.187       2.517   9.1708  22.4324     6.47      nan      nan   12.937  nan      nan    nan   1.110     nan                                None     -49.291     -26.048     -51.828       0.027     -19.671       0.030
Gaia DR3 5860326027522215296 181.2644951 -67.4353697 14.420  3.022       1.073   9.9819  22.4409    10.58      nan      nan    9.187  nan      nan    nan   1.117     nan                                None     -35.555      -6.327     -37.445       0.020      -7.191       0.021
Gaia DR3 5859941164119878400 189.9823278 -66.5111619  6.249 -0.067       2.946   7.0074  22.4410     9.41      nan      nan    8.806  nan      nan    nan   0.813     nan                                None     -33.982     -11.139     -34.839       0.031      -5.738       0.043
Gaia DR3 5869313126340343808 205.4059018 -59.1207494 14.029  2.763       0.821   4.2455  22.4439     6.10      nan      nan    8.613  nan      nan    nan   1.108     nan                                None     -31.195     -20.492     -29.756       0.012     -20.105       0.012
Gaia DR3 5236296171620605824 176.6069656 -66.6931447 13.726  3.094       1.791  11.1472  22.4555    11.13      nan      nan    9.419  nan      nan    nan   1.987     nan                                None     -36.165      -4.046     -39.621       0.029      -4.879       0.029
Gaia DR3 6125025583506021760 181.1416850 -53.1366338 15.556  3.338       0.619  11.3588  22.4562     9.47      nan      nan    9.470  nan      nan    nan   1.118     nan                                None     -36.647     -11.478     -36.977       0.030     -10.286       0.031
Gaia DR3 5233432944572581760 178.0493827 -70.6988701 16.208  3.566       1.533  12.9845  22.4744    11.09      nan      nan   10.038  nan      nan    nan   1.087     nan                                None     -38.664      -3.573     -41.424       0.048      -5.277       0.054
Gaia DR3 6127918089350574848 192.4433613 -47.9756437 13.722  2.713       0.659  12.6504  22.4748     6.50      nan      nan    9.880  nan      nan    nan   1.279     nan                                None     -37.933     -19.300     -38.610       0.023     -18.106       0.016
Gaia DR3 5235996662114005504 174.4698597 -66.5221662 13.884  2.726       1.292  11.8628  22.4768    11.39      nan      nan    9.603  nan      nan    nan   1.136     nan                                None     -36.654      -2.935     -39.205       0.016      -3.517       0.015
Gaia DR3 6064430604354365440 205.2537500 -55.7676446 12.691  2.081       0.234   6.1781  22.4864     5.46      nan      nan    8.731  nan      nan    nan   1.165     nan                                None     -31.657     -21.327     -31.579       0.011     -20.903       0.019
Gaia DR3 6127917333436329344 192.4562898 -47.9786342 13.474  2.526       0.416  12.6458  22.4953     6.49      nan      nan    9.872  nan      nan    nan   1.232     nan                                None     -37.904     -19.291     -37.853       0.020     -18.427       0.013
Gaia DR3 5341805449189956992 176.4221369 -57.8359378 17.573  3.958       0.396  10.9697  22.5244    10.71      nan      nan    9.368  nan      nan    nan   0.995     nan                                None     -35.954      -7.264     -35.999       0.095      -6.484       0.088
Gaia DR3 6056324729772558080 190.6130290 -61.0185678  7.255  0.250       1.488   3.3589  22.5409     8.70      nan      nan    8.566  nan      nan    nan   6.701     nan                                None     -33.020     -12.733     -35.333       0.130     -11.365       0.159
Gaia DR3 6072588705751425408 185.7558370 -56.6483746 16.104  3.319       0.144   7.0520  22.5970     8.99      nan      nan    8.796  nan      nan    nan   1.092     nan                                None     -34.090     -11.857     -33.972       0.036     -11.617       0.039
Gaia DR3 5868575766337375232 199.8205136 -61.6859458 15.084  3.044       1.217   1.8357  22.5985     7.41      nan      nan    8.518  nan      nan    nan   0.909     nan                                None     -31.850     -17.063     -30.405       0.069     -18.701       0.071
Gaia DR3 5341708481685201536 177.4332630 -58.4137564 19.801  3.742       0.155  10.2675  22.6018    10.58      nan      nan    9.217  nan      nan    nan   1.015     nan                                None     -35.457      -7.469     -35.758       0.442      -7.451       0.355
Gaia DR3 5863440943942345728 195.6956157 -62.2331375  9.940  1.121       0.339   2.0764  22.6031     8.10      nan      nan    8.523  nan      nan    nan   0.816     nan                                None     -32.413     -14.897     -32.978       0.010     -15.120       0.012
Gaia DR3 6083912679070170496 202.9903705 -47.1040831 14.296  3.213       0.338  13.6124  22.6063     4.11      nan      nan   10.457  nan      nan    nan   1.850     nan                                None     -38.448     -25.957     -37.759       0.045     -25.675       0.038
Gaia DR3 6057241207070752640 195.9619331 -58.3484782 11.373  1.441       0.044   2.0782  22.6176     7.47      nan      nan    8.522  nan      nan    nan   1.107     nan                                None     -32.379     -15.975     -32.455       0.016     -15.958       0.019
Gaia DR3 5341935191561820032 177.9804511 -57.9431088 14.294  2.820       0.358  10.1605  22.6198    10.46      nan      nan    9.196  nan      nan    nan   1.137     nan                                None     -35.414      -7.906     -36.027       0.017      -7.581       0.018
Gaia DR3 6078504834211081088 192.0212036 -51.0940506 16.612  3.654       0.185   9.6780  22.6210     7.07      nan      nan    9.115  nan      nan    nan   1.007     nan                                None     -35.031     -16.899     -34.763       0.054     -16.665       0.048
Gaia DR3 6064008082645049600 202.7723795 -55.0067338 14.931  2.958       0.735   6.0473  22.6218     5.73      nan      nan    8.710  nan      nan    nan   1.035     nan                                None     -32.066     -20.276     -30.895       0.023     -19.608       0.022
Gaia DR3 5842480953772012928 186.7673449 -72.4518516 15.218  3.290       1.486  12.8129  22.6458    10.29      nan      nan    9.905  nan      nan    nan   1.058     nan                                None     -38.366      -8.376     -40.294       0.026     -10.808       0.030
Gaia DR3 6072887188795984128 185.8098830 -55.6706814 14.857  2.542       0.860   7.6452  22.6512     8.87      nan      nan    8.849  nan      nan    nan   1.970     nan                                None     -34.295     -12.240     -34.844       0.027     -10.733       0.030
Gaia DR3 5336494533153779328 173.3369123 -59.3878024 15.552  3.588       1.501  12.0132  22.6594    11.30      nan      nan    9.613  nan      nan    nan   1.351     nan                                None     -36.558      -5.161     -39.600       0.044      -5.220       0.044
Gaia DR3 5234888938486545408 172.9909949 -68.9217577 13.468  2.663       1.384  13.3680  22.6662    11.61      nan      nan   10.201  nan      nan    nan   1.248     nan                                None     -38.747      -1.153     -41.494       0.014      -2.299       0.015
Gaia DR3 5234117008292638464 174.0696902 -69.4643178 13.451  2.966       2.144  13.3068  22.6734    11.49      nan      nan   10.157  nan      nan    nan   1.162     nan                                None     -38.719      -1.594     -42.815       0.018       0.479       0.016
Gaia DR3 6125218307275922176 181.0640803 -52.9607232 12.912  2.399       0.344  11.5174  22.6768     9.47      nan      nan    9.474  nan      nan    nan   2.102     nan                                None     -36.659     -11.501     -36.035       0.025     -11.791       0.027
Gaia DR3 6062149358268197248 197.5922640 -59.2943718 15.748  3.364       0.408   1.0235  22.7317     7.36      nan      nan    8.495  nan      nan    nan   0.986     nan                                None     -32.080     -16.490     -32.563       0.030     -17.037       0.034
Gaia DR3 6082250698528765184 201.6556213 -49.7941232 14.532  3.017       2.664  10.7982  22.7323     4.93      nan      nan    9.302  nan      nan    nan   3.070     nan                                None     -34.460     -22.076     -31.162       0.333     -18.026       0.423
Gaia DR3 6066618357619673856 198.4107505 -55.4991596 10.806  1.165       0.232   4.8441  22.7446     6.59      nan      nan    8.621  nan      nan    nan   0.871     nan                                None     -32.442     -17.964     -32.809       0.010     -17.758       0.010
Gaia DR3 6075939948475082880 184.1911398 -55.4890711 13.604  2.575       0.505   8.4547  22.7517     9.15      nan      nan    8.930  nan      nan    nan   1.147     nan                                None     -34.618     -11.600     -35.557       0.031     -11.751       0.032
Gaia DR3 6074062738522374016 192.4940155 -53.9999143 13.624  2.425       1.568   6.8250  22.7668     7.42      nan      nan    8.760  nan      nan    nan   1.140     nan                                None     -33.632     -15.783     -32.615       0.013     -13.073       0.012
Gaia DR3 6076333058240484736 185.2949263 -53.8480476 14.792  3.135       0.117   9.1624  22.7702     8.76      nan      nan    9.021  nan      nan    nan   1.087     nan                                None     -34.966     -12.755     -35.101       0.041     -12.578       0.048
Gaia DR3 6072351314328496384 180.3069292 -57.3873886 13.886  2.572       0.265   9.2409  22.7756    10.01      nan      nan    9.031  nan      nan    nan   1.092     nan                                None     -34.915      -9.150     -35.419       0.015      -9.163       0.015
Gaia DR3 5854711096488809728 181.3296478 -71.8175542 14.910    nan       1.260  13.1155  22.7875    10.79      nan      nan   10.007  nan      nan    nan   2.321     nan                                None     -38.733      -5.207     -40.552       0.396      -7.145       0.329
Gaia DR3 6126482672623423488 182.9299070 -50.6459869 19.229  3.864       1.168  12.5878  22.7935     8.85      nan      nan    9.777  nan      nan    nan   1.117     nan                                None     -37.887     -13.602     -39.875       0.274     -12.243       0.242
Gaia DR3 6083197412395551232 204.2588734 -47.1129769 13.436  2.679       0.816  13.8020  22.8041     3.86      nan      nan   11.122  nan      nan    nan   1.270     nan                                None     -40.583     -28.268     -40.915       0.017     -26.383       0.015
Gaia DR3 5855892624824190336 181.2878852 -70.0707571 12.828  2.333       1.350  11.7753  22.8138    10.72      nan      nan    9.518  nan      nan    nan   1.160     nan                                None     -36.838      -5.585     -39.201       0.015      -6.910       0.017
Gaia DR3 5343718805567082752 179.2979329 -55.8082719 15.689  3.287       0.213  10.4970  22.8199    10.06      nan      nan    9.231  nan      nan    nan   1.123     nan                                None     -35.636      -9.367     -35.957       0.034      -9.104       0.034
Gaia DR3 5856198632657339520 181.9071391 -69.2042451 15.952  3.563       1.284  10.9935  22.8305    10.60      nan      nan    9.329  nan      nan    nan   1.151     nan                                None     -36.126      -6.158     -38.288       0.042      -7.464       0.047
Gaia DR3 5342849298035172864 173.0711643 -56.8357984 14.805  3.128       1.112  13.0274  22.8354    11.23      nan      nan    9.950  nan      nan    nan   1.129     nan                                None     -37.802      -6.246     -40.133       0.024      -6.157       0.023
Gaia DR3 5368306084578529536 179.5386487 -53.8735520 15.541  3.336       0.281  11.5491  22.8812     9.85      nan      nan    9.449  nan      nan    nan   1.050     nan                                None     -36.489     -10.383     -37.026       0.029     -10.228       0.030
Gaia DR3 6075501415129209984 182.0284893 -56.4820913 14.538  2.950       0.060   8.8513  22.8975     9.63      nan      nan    8.965  nan      nan    nan   1.181     nan                                None     -34.721     -10.250     -34.754       0.019     -10.141       0.020
Gaia DR3 6083313960628561408 199.8287006 -49.0666235 14.141  2.842       0.596  11.3331  22.9078     5.15      nan      nan    9.393  nan      nan    nan   1.187     nan                                None     -35.121     -21.571     -34.868       0.024     -20.418       0.021
Gaia DR3 6060219612273995008 194.2834910 -58.0326003 16.800  3.709       0.720   2.7556  22.9445     7.70      nan      nan    8.516  nan      nan    nan   1.010     nan                                None     -32.533     -15.231     -33.825       0.060     -15.176       0.074
Gaia DR3 6060172298909732992 193.6443616 -58.4614316 13.991  2.636       0.278   2.6279  22.9701     7.87      nan      nan    8.510  nan      nan    nan   1.221     nan                                None     -32.572     -14.807     -32.086       0.015     -14.692       0.017
Gaia DR3 6071574337551138560 186.4377891 -57.8737763 15.730  3.231       0.105   6.0865  22.9749     9.01      nan      nan    8.683  nan      nan    nan   1.102     nan                                None     -33.641     -11.689     -33.563       0.028     -11.514       0.031
Gaia DR3 5841704664206507392 186.4089545 -72.8235744 13.435  3.043       1.508  13.1958  22.9785    10.35      nan      nan    9.989  nan      nan    nan   1.185     nan                                None     -38.703      -8.076     -40.830       0.016     -10.433       0.017
Gaia DR3 6093868241464544896 208.0999553 -49.1154712 16.890  3.626       0.776  12.7728  22.9937     3.52      nan      nan    9.801  nan      nan    nan   0.953     nan                                None     -34.821     -26.405     -35.584       0.088     -24.995       0.092
Gaia DR3 6069025016752691968 203.5841575 -52.6767894  9.157  0.876       1.443   8.3704  23.0064     5.13      nan      nan    8.895  nan      nan    nan   1.224     nan                                None     -32.591     -21.495     -34.899       0.016     -20.083       0.015
Gaia DR3 6072746966700664448 187.6118554 -55.6827684 14.941  3.044       0.758   6.9053  23.0169     8.55      nan      nan    8.745  nan      nan    nan   1.172     nan                                None     -33.852     -12.973     -35.249       0.021     -13.031       0.024
Gaia DR3 6068626546870629248 202.5964363 -53.8114799 13.253  2.224       1.401   7.0976  23.0203     5.53      nan      nan    8.762  nan      nan    nan   1.166     nan                                None     -32.291     -20.535     -33.738       0.015     -18.389       0.014
Gaia DR3 6093513339726262272 209.0348932 -50.3468656 15.116  3.189       1.434  11.9478  23.0315     3.62      nan      nan    9.527  nan      nan    nan   1.103     nan                                None     -33.604     -25.934     -32.888       0.034     -23.144       0.040
Gaia DR3 5879125816598787840 221.2529834 -58.7753105 17.443  4.065       2.248  12.1611  23.0365     3.73      nan      nan   12.265  nan      nan    nan   0.982     nan                                None     -38.106     -39.098     -43.654       0.085     -37.361       0.079
Gaia DR3 5879951932099030528 224.6978950 -58.2731438 13.210  2.497       2.275  14.0256  23.0377     3.14      nan      nan   10.830  nan      nan    nan   1.169     nan                                None     -32.081     -36.281     -35.981       0.015     -32.852       0.022
Gaia DR3 6056839679175180032 194.6620326 -59.5466219 14.312  3.063       0.510   1.5330  23.0562     7.86      nan      nan    8.479  nan      nan    nan   1.250     nan                                None     -32.356     -14.980     -31.776       0.020     -14.277       0.025
Gaia DR3 6079490168425944448 192.5819164 -49.8636746  8.826  0.623       0.555  10.7838  23.0563     6.77      nan      nan    9.255  nan      nan    nan   0.965     nan                                None     -35.523     -17.718     -35.295       0.015     -16.659       0.016
Gaia DR3 6079079152933658496 188.4560140 -51.1087384 18.960  4.034       0.190  10.4463  23.0626     7.79      nan      nan    9.191  nan      nan    nan   0.965     nan                                None     -35.544     -15.320     -35.618       0.203     -14.960       0.196
Gaia DR3 5852335807787563648 210.3785337 -64.2166301 16.410  3.431       0.544   7.2065  23.0678     6.44      nan      nan    8.768  nan      nan    nan   1.075     nan                                None     -30.587     -22.214     -29.750       0.036     -22.772       0.042
Gaia DR3 5332947920976420352 178.1858692 -63.6741846 13.472  2.696       1.517   9.5494  23.0879    10.78      nan      nan    9.041  nan      nan    nan   1.174     nan                                None     -34.834      -5.855     -37.207       0.014      -4.201       0.014
Gaia DR3 5341813867326388224 176.4279767 -57.6579829 11.139  1.475       0.360  11.0342  23.0977    10.70      nan      nan    9.300  nan      nan    nan   0.896     nan                                None     -35.691      -7.279     -36.275       0.013      -6.885       0.014
Gaia DR3 6057882153639512320 184.5431433 -60.7493814 16.044  3.397       0.132   6.2900  23.0984     9.62      nan      nan    8.688  nan      nan    nan   1.123     nan                                None     -33.679      -9.881     -33.913       0.043      -9.822       0.059
Gaia DR3 6057456092897714816 181.9254459 -62.4581335 13.226    nan       2.146   7.6578  23.1028    10.16      nan      nan    8.808  nan      nan    nan   1.031     nan                                None     -34.110      -8.098     -37.428       0.056     -10.304       0.061
Gaia DR3 6073936913158509568 193.9828425 -53.9254014 13.271  2.395       0.424   6.6326  23.1055     7.13      nan      nan    8.715  nan      nan    nan   1.154     nan                                None     -33.323     -16.420     -34.022       0.012     -16.076       0.012
Gaia DR3 6062531438572604032 201.9271899 -57.9143369 14.867  2.935       0.578   3.3650  23.1095     6.42      nan      nan    8.524  nan      nan    nan   1.078     nan                                None     -31.530     -18.902     -30.612       0.015     -18.416       0.017
Gaia DR3 6073671037505307904 192.1088492 -55.6378097 14.167  2.647       0.198   5.4225  23.1100     7.73      nan      nan    8.626  nan      nan    nan   1.139     nan                                None     -33.148     -14.965     -33.000       0.013     -15.293       0.016
Gaia DR3 6060681269694865408 194.5507718 -56.4324376 11.540  1.543       0.541   4.1377  23.1167     7.42      nan      nan    8.555  nan      nan    nan   1.357     nan                                None     -32.659     -15.811     -31.822       0.015     -15.308       0.018
Gaia DR3 5333073024779918592 178.5989448 -63.3096678 15.390  3.286       1.101   9.2982  23.1412    10.70      nan      nan    9.000  nan      nan    nan   1.135     nan                                None     -34.700      -6.182     -36.735       0.031      -6.652       0.034
Gaia DR3 5874556284989708672 225.9817536 -62.0773253 14.197  2.891       1.852  13.8092  23.1487     4.04      nan      nan   11.400  nan      nan    nan   1.289     nan                                None     -33.121     -38.266     -36.961       0.020     -36.017       0.020
Gaia DR3 6080446365584213120 197.9222962 -52.3836738 15.649  3.264       1.909   7.9318  23.1639     6.13      nan      nan    8.831  nan      nan    nan   1.433     nan                                None     -33.301     -18.817     -32.445       0.047     -15.368       0.044
Gaia DR3 6056694539305091328 192.5324876 -59.6325616 16.861  3.634       0.311   2.4874  23.1741     8.22      nan      nan    8.491  nan      nan    nan   1.023     nan                                None     -32.595     -13.938     -32.105       0.052     -13.672       0.073
Gaia DR3 5874603220396582016 225.9825819 -62.0745896 12.239  2.070       1.903  13.8099  23.1795     4.04      nan      nan   11.419  nan      nan    nan   1.178     nan                                None     -33.177     -38.331     -37.424       0.015     -36.612       0.015
Gaia DR3 5854812389000856832 182.9093771 -71.1771604 13.852    nan       1.409  12.3027  23.1816    10.60      nan      nan    9.602  nan      nan    nan   1.309     nan                                None     -37.206      -6.210     -39.222       0.090      -8.226       0.064
Gaia DR3 5343898988034171904 176.1223458 -55.7261292 14.954  3.057       0.372  12.0585  23.1833    10.62      nan      nan    9.531  nan      nan    nan   1.068     nan                                None     -36.550      -8.020     -37.247       0.022      -7.752       0.021
Gaia DR3 6080080090775083392 196.8893548 -52.9055665  8.739  0.720       0.297   7.4066  23.1865     6.42      nan      nan    8.776  nan      nan    nan   0.944     nan                                None     -33.231     -18.119     -32.867       0.015     -18.531       0.013
Gaia DR3 6075465543571374336 181.4780230 -56.3878184 15.429  3.467       0.334   9.1595  23.2017     9.72      nan      nan    8.974  nan      nan    nan   1.489     nan                                None     -34.738     -10.012     -35.056       0.040      -9.467       0.043
Gaia DR3 6080072286810323968 196.4617368 -53.0718057 12.080  1.630       1.802   7.2517  23.2072     6.53      nan      nan    8.760  nan      nan    nan   0.988     nan                                None     -33.222     -17.853     -31.627       0.011     -14.934       0.011
Gaia DR3 6064816945248121088 209.2322915 -54.6237573 14.940  2.715       2.306   8.5435  23.2281     4.54      nan      nan   13.235  nan      nan    nan   1.125     nan                                None     -46.608     -35.303     -53.042       0.024     -35.297       0.028
Gaia DR3 6078209031224201728 191.9382706 -52.2049698 15.956  3.628       0.333   8.6298  23.2285     7.26      nan      nan    8.904  nan      nan    nan   2.687     nan                                None     -34.226     -16.208     -33.607       0.118     -16.120       0.102
Gaia DR3 5856724508448810624 186.7454361 -68.0546825 18.222  3.522       2.818   8.9838  23.2303     9.96      nan      nan    8.948  nan      nan    nan   0.985     nan                                None     -34.660      -9.022     -37.725       0.161      -4.680       0.174
Gaia DR3 6066870764251516544 197.9982242 -54.9105509 15.785  3.131       1.731   5.4101  23.2320     6.56      nan      nan    8.616  nan      nan    nan   0.988     nan                                None     -32.480     -17.885     -31.670       0.029     -14.847       0.028
Gaia DR3 5839124831967651200 203.3756591 -73.6937207 15.945  3.635       1.187  13.5762  23.2353     8.91      nan      nan   10.113  nan      nan    nan   1.023     nan                                None     -37.101     -18.760     -37.318       0.039     -21.282       0.046
Gaia DR3 5879554699165302784 224.4118289 -59.3378694 15.860  2.915       2.939  13.5577  23.2498     3.47      nan      nan   10.097  nan      nan    nan   3.207     nan                                None     -30.034     -33.565     -35.976       0.109     -35.518       0.126
Gaia DR3 5842526858383628416 184.4427112 -72.3739224 13.346  2.629       1.281  13.0588  23.2501    10.51      nan      nan    9.852  nan      nan    nan   1.188     nan                                None     -38.192      -6.885     -40.191       0.014      -8.639       0.015
Gaia DR3 5233349416045094144 178.3585205 -71.1554264 17.545  3.302       2.724  13.2312  23.2526    11.07      nan      nan    9.927  nan      nan    nan   1.004     nan                                None     -38.258      -3.544     -38.550       0.099      -9.237       0.090
Gaia DR3 5798019241866519552 220.4479876 -70.8613278 18.204  4.211       1.542  14.0625  23.2550     6.88      nan      nan   10.536  nan      nan    nan   0.932     nan                                None     -33.074     -30.669     -36.009       0.113     -28.905       0.151
Gaia DR3 5842032249951369088 187.8709852 -72.8304213 17.185  3.719       1.522  13.0356  23.2562    10.22      nan      nan    9.841  nan      nan    nan   1.101     nan                                None     -38.084      -8.882     -39.711       0.077     -11.589       0.078
Gaia DR3 6079490168425945088 192.5879630 -49.8624567 13.425  2.483       0.152  10.7841  23.2598     6.77      nan      nan    9.228  nan      nan    nan   1.184     nan                                None     -35.418     -17.669     -35.513       0.013     -17.389       0.015
Gaia DR3 6077295749384317952 186.3145480 -52.6537529 16.409  3.472       0.526   9.7468  23.2817     8.42      nan      nan    9.049  nan      nan    nan   1.065     nan                                None     -35.061     -13.636     -35.251       0.044     -12.650       0.048
Gaia DR3 6076569040922734208 180.7743628 -54.9984773 15.713  3.317       0.731  10.2797  23.2823     9.72      nan      nan    9.134  nan      nan    nan   1.060     nan                                None     -35.333     -10.287     -36.270       0.030      -9.237       0.033
Gaia DR3 6072163126037800192 183.6604298 -57.5422932 13.964  2.569       1.037   7.5550  23.2854     9.45      nan      nan    8.781  nan      nan    nan   1.060     nan                                None     -34.037     -10.526     -35.944       0.015     -10.739       0.017
Gaia DR3 5842913371084380544 189.6963056 -71.6643237 13.050  2.511       1.121  11.7496  23.2857     9.94      nan      nan    9.433  nan      nan    nan   1.512     nan                                None     -36.419     -10.029     -37.679       0.016     -11.869       0.018
Gaia DR3 6078468756484893952 191.1882243 -51.5570974 15.499  3.474       1.730   9.3910  23.2960     7.31      nan      nan    8.996  nan      nan    nan   1.217     nan                                None     -34.636     -16.175     -31.751       0.035     -14.613       0.032
Gaia DR3 5368481662840656512 179.6619667 -52.7687536  7.470  0.309       1.431  12.2480  23.3224     9.72      nan      nan    9.559  nan      nan    nan   1.383     nan                                None     -36.923     -10.948     -34.103       0.028     -10.346       0.029
Gaia DR3 6068230310365894400 201.3434468 -52.7050941 12.188  1.747       0.220   7.9177  23.3231     5.55      nan      nan    8.814  nan      nan    nan   1.038     nan                                None     -32.708     -20.285     -32.327       0.012     -20.138       0.011
Gaia DR3 5838505428954577536 193.9794378 -74.2890481 14.252    nan       2.982  14.0345  23.3380     9.80      nan      nan   10.432  nan      nan    nan   1.099     nan                                None     -39.889     -12.962     -41.470       0.261      -6.599       0.088
Gaia DR3 6083158341074049536 204.8848518 -47.3002319 13.759  2.701       0.753  13.7331  23.3407     3.77      nan      nan   10.173  nan      nan    nan   1.162     nan                                None     -36.972     -26.126     -36.269       0.022     -24.672       0.019
Gaia DR3 6074096411059550464 193.4020838 -54.0910760 15.062  3.188       0.233   6.5663  23.3528     7.27      nan      nan    8.688  nan      nan    nan   1.038     nan                                None     -33.276     -16.059     -33.582       0.023     -16.355       0.023
Gaia DR3 6076654356147981056 182.5394673 -54.5112459 14.059  2.774       0.122   9.8114  23.3685     9.35      nan      nan    9.049  nan      nan    nan   1.177     nan                                None     -35.057     -11.227     -35.260       0.014     -11.111       0.016
Gaia DR3 6072564997530148224 184.2490502 -56.9662162 14.633  3.113       0.490   7.5606  23.3942     9.29      nan      nan    8.772  nan      nan    nan   1.314     nan                                None     -34.004     -10.982     -34.782       0.025     -11.446       0.026
Gaia DR3 6059846877842436864 192.1755268 -58.6390226 14.393  2.794       0.186   3.0983  23.4145     8.14      nan      nan    8.492  nan      nan    nan   1.117     nan                                None     -32.625     -14.019     -32.310       0.017     -14.123       0.019
Gaia DR3 6071180987282493440 182.0800107 -58.9010544 14.923  3.041       1.098   7.8183  23.4263     9.85      nan      nan    8.795  nan      nan    nan   1.093     nan                                None     -34.061      -9.318     -36.091       0.023      -9.465       0.022
Gaia DR3 5842018574775458688 188.1287393 -72.9186148 13.362  2.664       1.420  13.0911  23.4287    10.20      nan      nan    9.821  nan      nan    nan   1.336     nan                                None     -37.995      -8.995     -39.858       0.013     -11.269       0.014
Gaia DR3 6125052276724154112 182.6623980 -53.0976762 17.879  4.132       0.575  10.7607  23.4356     9.17      nan      nan    9.200  nan      nan    nan   1.017     nan                                None     -35.647     -11.920     -35.593       0.095     -10.806       0.104
Gaia DR3 5892169052489559168 214.0471687 -57.5150652 15.980  3.306       0.850   9.0501  23.4577     4.44      nan      nan    8.933  nan      nan    nan   1.015     nan                                None     -30.132     -25.550     -28.708       0.036     -24.818       0.046
Gaia DR3 6127521165654898176 186.7114845 -49.7771151 13.226  2.363       0.795  12.1252  23.4583     7.97      nan      nan    9.501  nan      nan    nan   1.063     nan                                None     -36.805     -15.341     -37.492       0.012     -13.904       0.011
Gaia DR3 5343142558397185024 175.5965411 -55.9012574 13.491  2.488       0.271  12.2241  23.4772    10.73      nan      nan    9.525  nan      nan    nan   1.129     nan                                None     -36.476      -7.672     -36.989       0.013      -7.490       0.013
Gaia DR3 5854827335488227840 184.1068747 -71.3946258 14.069  2.871       1.167  12.2700  23.4811    10.49      nan      nan    9.537  nan      nan    nan   1.156     nan                                None     -36.969      -6.820     -38.162       0.015      -8.841       0.017
Gaia DR3 5334681571583520512 179.3895781 -62.2429373 12.714  2.202       1.652   8.7996  23.4908    10.52      nan      nan    8.898  nan      nan    nan   9.280     nan                                None     -34.354      -6.904     -37.319       0.117      -7.807       0.123
Gaia DR3 5858851238887936512 199.0441645 -64.9929474 15.248  3.060       1.510   4.7508  23.4995     8.04      nan      nan   13.776  nan      nan    nan   1.057     nan                                None     -51.699     -25.675     -55.903       0.023     -24.430       0.030
Gaia DR3 5856118192189502208 181.0094386 -69.6157131 15.387  3.334       0.858  11.5089  23.5094    10.73      nan      nan    9.343  nan      nan    nan   1.332     nan                                None     -36.148      -5.485     -37.425       0.043      -6.592       0.040
Gaia DR3 5344333501282921216 178.9311734 -54.1807325  8.189  0.561       0.314  11.6246  23.5125     9.99      nan      nan    9.368  nan      nan    nan   0.971     nan                                None     -36.143      -9.879     -36.164       0.018      -9.260       0.019
Gaia DR3 5235460547101891840 178.6164612 -68.9244253 16.574  3.564       1.810  11.6750  23.5242    10.97      nan      nan    9.378  nan      nan    nan   1.053     nan                                None     -36.161      -4.350     -34.934       0.062      -0.988       0.058
Gaia DR3 6078337330486726528 192.5702336 -51.5103673 14.445  2.886       1.567   9.1857  23.5278     7.03      nan      nan    8.943  nan      nan    nan   1.206     nan                                None     -34.327     -16.741     -36.886       0.020     -15.264       0.017
Gaia DR3 6085907055723183360 193.9748029 -47.5850705 13.701  2.691       2.313  12.8704  23.5300     6.10      nan      nan    9.715  nan      nan    nan   3.619     nan                                None     -37.150     -19.803     -39.240       0.058     -15.552       0.040
Gaia DR3 6070203521419421440 203.1125505 -50.5047480 13.792  2.524       0.780  10.3315  23.5362     4.78      nan      nan    9.112  nan      nan    nan   1.123     nan                                None     -33.481     -22.166     -33.006       0.017     -20.744       0.019
Gaia DR3 6124951400828926976 181.3042023 -53.5647498 12.844  2.097       0.304  10.9881  23.5546     9.48      nan      nan    9.228  nan      nan    nan   1.161     nan                                None     -35.716     -11.128     -36.301       0.015     -11.043       0.014
Gaia DR3 6078337330476660992 192.5699044 -51.5108960 14.598  2.993       0.439   9.1852  23.5575     7.03      nan      nan    8.940  nan      nan    nan   0.900     nan                                None     -34.315     -16.735     -34.421       0.047     -15.914       0.040
Gaia DR3 6074543701831242496 188.0256805 -54.5316997 19.691  3.750       0.356   7.6280  23.5761     8.33      nan      nan    8.762  nan      nan    nan   1.092     nan                                None     -33.902     -13.512     -33.430       0.284     -13.056       0.291
Gaia DR3 5235055548862530560 173.2842843 -68.0252467 13.446  2.520       1.506  12.8705  23.5895    11.56      nan      nan    9.702  nan      nan    nan   1.258     nan                                None     -36.890      -1.643     -39.831       0.014      -2.556       0.014
Gaia DR3 5841643503871160576 187.5731109 -72.9852865  7.033  0.350       1.290  13.2117  23.6355    10.26      nan      nan    9.818  nan      nan    nan   0.997     nan                                None     -38.007      -8.616     -39.521       0.019     -10.816       0.021
Gaia DR3 6072437935220930560 183.3428088 -56.8932790  8.449  0.585       0.658   8.0210  23.6398     9.44      nan      nan    8.795  nan      nan    nan   0.995     nan                                None     -34.088     -10.582     -34.941       0.017      -9.710       0.018
Gaia DR3 5856059166484152320 185.4085342 -69.1439292 14.711  3.176       1.025  10.1538  23.6660    10.20      nan      nan    9.068  nan      nan    nan   1.220     nan                                None     -35.148      -8.013     -37.074       0.025      -7.656       0.028
Gaia DR3 5890919560600610432 216.9184350 -59.2648834 13.986  2.698       0.856   9.8817  23.7068     4.44      nan      nan    9.021  nan      nan    nan   1.106     nan                                None     -29.530     -26.825     -30.210       0.014     -25.346       0.017
Gaia DR3 6125831834760148992 183.8165655 -51.2263788 15.222  3.093       0.879  11.7932  23.7084     8.74      nan      nan    9.377  nan      nan    nan   1.243     nan                                None     -36.349     -13.306     -37.194       0.029     -11.788       0.027
Gaia DR3 5799673869426979456 222.9219795 -69.8023079 17.509  3.286       2.973  14.1852  23.7098     6.41      nan      nan   10.354  nan      nan    nan   1.051     nan                                None     -31.458     -31.710     -37.537       0.075     -33.981       0.092
Gaia DR3 5233727510607269888 174.3104813 -69.6742367  6.524  0.681       1.659  13.3484  23.7165    11.47      nan      nan    9.854  nan      nan    nan   8.924     nan                                None     -37.594      -1.607     -34.588       0.187       0.081       0.193
Gaia DR3 5342372419227246336 176.8235696 -56.2318966 14.886  3.068       0.348  11.4653  23.7208    10.53      nan      nan    9.302  nan      nan    nan   1.242     nan                                None     -35.735      -8.006     -36.227       0.023      -7.534       0.024
Gaia DR3 6076783308246106624 180.3392426 -54.7595857 15.715  3.480       0.905  10.6241  23.7261     9.78      nan      nan    9.139  nan      nan    nan   1.566     nan                                None     -35.333     -10.151     -37.007       0.053     -10.638       0.054
Gaia DR3 5855778103831180672 191.2646226 -68.4027878 15.360  3.149       0.611   8.4979  23.7488     9.46      nan      nan    8.837  nan      nan    nan   1.054     nan                                None     -34.020     -11.301     -34.748       0.024     -12.177       0.028
Gaia DR3 6089240152203670656 209.1945344 -52.7602254 14.787  2.961       0.495   9.9639  23.7567     4.14      nan      nan    9.028  nan      nan    nan   1.185     nan                                None     -31.804     -24.334     -30.980       0.029     -23.877       0.031
Gaia DR3 6071856534063706240 186.1428048 -57.0986755 18.438  4.376       0.503   6.6211  23.7802     8.97      nan      nan    8.656  nan      nan    nan   1.051     nan                                None     -33.542     -11.729     -32.933       0.153     -11.042       0.180
Gaia DR3 6074945440195177472 193.5983329 -53.1865036 15.423  2.929       0.362   7.4051  23.7864     7.09      nan      nan    8.722  nan      nan    nan   1.751     nan                                None     -33.388     -16.422     -33.874       0.047     -15.967       0.040
Gaia DR3 6067196288401603456 199.4685903 -54.9117784 14.621  3.100       0.813   5.5176  23.7888     6.30      nan      nan    8.578  nan      nan    nan   1.478     nan                                None     -32.128     -18.483     -33.106       0.026     -19.579       0.027
Gaia DR3 5868191246516227456 200.1307479 -63.3388367 15.611  3.147       0.349   3.3081  23.7892     7.63      nan      nan    8.471  nan      nan    nan   1.070     nan                                None     -31.628     -16.734     -32.150       0.027     -17.074       0.032
Gaia DR3 6077141920837435264 184.1913140 -53.5161407 14.575  2.810       0.563   9.8407  23.7999     8.93      nan      nan    9.005  nan      nan    nan   1.161     nan                                None     -34.907     -12.288     -35.042       0.017     -11.228       0.020
Gaia DR3 6060055475795600896 191.6316727 -58.3850756 15.832  3.341       0.746   3.4769  23.8049     8.20      nan      nan    8.476  nan      nan    nan   0.996     nan                                None     -32.606     -13.794     -32.494       0.029     -15.123       0.038
Gaia DR3 5332645555260538240 174.9842870 -64.7501249 14.923  2.959       1.625  11.1429  23.8058    11.27      nan      nan    9.225  nan      nan    nan   1.146     nan                                None     -35.264      -3.789     -34.860       0.023      -0.655       0.023
Gaia DR3 6125307127202400512 181.1850505 -52.3543941  8.319  0.540       0.496  11.9118  23.8068     9.38      nan      nan    9.390  nan      nan    nan   0.950     nan                                None     -36.339     -11.658     -37.316       0.016     -11.551       0.016
Gaia DR3 6090157046125935744 209.8214381 -51.6170570 15.017  3.119       0.737  11.1212  23.8075     3.77      nan      nan    9.220  nan      nan    nan   1.102     nan                                None     -32.315     -25.285     -31.142       0.033     -24.465       0.038
Gaia DR3 5870885045666821504 207.9586869 -58.5311817 15.828  3.577       0.502   5.6906  23.8181     5.59      nan      nan    8.587  nan      nan    nan   1.372     nan                                None     -30.541     -21.714     -29.631       0.045     -21.694       0.054
Gaia DR3 6075815841096386816 183.1487332 -55.3409641 10.243  1.157       0.197   9.0048  23.8204     9.32      nan      nan    8.890  nan      nan    nan   0.859     nan                                None     -34.452     -11.076     -34.083       0.010     -11.095       0.011
Gaia DR3 5336913343986807040 169.9571362 -62.4338937 14.896  2.911       1.434  13.1771  23.8444    11.91      nan      nan    9.756  nan      nan    nan   1.152     nan                                None     -36.602      -2.066     -34.775       0.024       0.249       0.023
Gaia DR3 5235954708871254144 174.6768448 -67.1157803 14.738  3.005       1.231  12.0112  23.8510    11.38      nan      nan    9.407  nan      nan    nan   1.200     nan                                None     -35.930      -2.760     -38.297       0.023      -3.355       0.022
Gaia DR3 5334136458661121280 175.1157364 -62.0260397 11.373  1.643       1.452  10.7885  23.8596    11.15      nan      nan    9.151  nan      nan    nan   0.895     nan                                None     -34.998      -4.860     -37.792       0.016      -4.671       0.014
Gaia DR3 5336913343986131584 169.9528970 -62.4309705 16.910  3.586       1.565  13.1792  23.8692    11.91      nan      nan    9.751  nan      nan    nan   0.972     nan                                None     -36.583      -2.064     -35.147       0.062       0.814       0.051
Gaia DR3 6063060647246465792 196.9530606 -58.2393588 17.591  3.887       0.175   2.0774  23.8751     7.29      nan      nan    8.430  nan      nan    nan   1.035     nan                                None     -31.915     -16.299     -31.645       0.080     -16.456       0.104
Gaia DR3 6053714557884987008 185.6967630 -63.6326059 15.257  3.603       0.906   6.3791  23.8752     9.71      nan      nan    8.630  nan      nan    nan   1.259     nan                                None     -33.446      -9.525     -34.955       0.034     -10.186       0.036
Gaia DR3 6075846936660175616 183.7172029 -54.8370560 14.740  2.968       0.938   9.0885  23.8777     9.16      nan      nan    8.895  nan      nan    nan   1.545     nan                                None     -34.476     -11.514     -33.190       0.028     -10.314       0.033
Gaia DR3 6073239650999092352 189.6347267 -56.0598526 15.521  3.260       0.827   5.8626  23.8810     8.23      nan      nan    8.593  nan      nan    nan   1.055     nan                                None     -33.177     -13.618     -34.625       0.025     -14.006       0.030
Gaia DR3 6056839885333611520 194.6596903 -59.5446692 13.409  2.557       0.911   1.5350  23.8845     7.86      nan      nan    8.420  nan      nan    nan   4.743     nan                                None     -32.129     -14.875     -31.215       0.044     -16.208       0.056
Gaia DR3 5233403459606590720 178.1574116 -70.9835293 13.203  2.620       0.317  13.1562  23.8865    11.09      nan      nan    9.739  nan      nan    nan   1.359     nan                                None     -37.519      -3.420     -37.236       0.014      -2.834       0.016
Gaia DR3 6059981911599397120 189.7009315 -58.7939915 15.626  3.215       0.800   4.1431  23.8896     8.57      nan      nan    8.497  nan      nan    nan   1.006     nan                                None     -32.804     -12.779     -32.865       0.030     -14.211       0.036
Gaia DR3 5368511555814070144 178.9901829 -52.9002957 10.797  1.344       0.761  12.4465  23.8898     9.86      nan      nan    9.514  nan      nan    nan   2.610     nan                                None     -36.708     -10.508     -35.780       0.029      -9.297       0.030
Gaia DR3 6078504486310920320 192.0413784 -51.1261200 14.829  3.063       0.178   9.6437  23.9103     7.07      nan      nan    8.965  nan      nan    nan   1.051     nan                                None     -34.453     -16.623     -34.714       0.020     -16.834       0.018
Gaia DR3 6076319726660327424 185.2596143 -53.9734158 16.728  3.641       0.132   9.0809  23.9285     8.78      nan      nan    8.888  nan      nan    nan   1.085     nan                                None     -34.453     -12.514     -34.514       0.051     -12.275       0.058
Gaia DR3 6077481120165562496 185.9636610 -52.4037435 17.715  3.518       0.772  10.0734  23.9313     8.45      nan      nan    9.025  nan      nan    nan   1.045     nan                                None     -34.974     -13.500     -35.111       0.083     -12.037       0.088
Gaia DR3 5240822208157707648 167.0324902 -63.6963393 11.170  1.725       2.358  14.4655  23.9337    12.33      nan      nan   11.231  nan      nan    nan   7.007     nan                                None     -41.522       0.159     -40.242       0.101       5.591       0.089
Gaia DR3 5841818184478099968 189.6512272 -73.0283040 17.015  2.411       1.198  13.0519  23.9399    10.07      nan      nan    9.690  nan      nan    nan   1.201     nan                                None     -37.414      -9.787     -39.061       0.072     -11.596       0.078
Gaia DR3 5854812388999707008 182.9084119 -71.1767068  8.845  0.932       1.216  12.3025  23.9448    10.60      nan      nan    9.466  nan      nan    nan   0.824     nan                                None     -36.679      -6.122     -38.777       0.014      -7.341       0.013
Gaia DR3 5855283735899225088 188.6920780 -70.3237833 15.956  3.401       1.084  10.6188  23.9486     9.93      nan      nan    9.111  nan      nan    nan   1.118     nan                                None     -35.225      -9.550     -36.334       0.101     -11.311       0.088
Gaia DR3 5335087948554484352 179.9574427 -61.6068752 11.415  1.746       1.572   8.5005  23.9632    10.39      nan      nan    8.817  nan      nan    nan   0.964     nan                                None     -34.069      -7.355     -36.923       0.018      -7.982       0.017
Gaia DR3 6059511664211365120 187.4670789 -58.1211738 13.377  2.376       0.269   5.4886  23.9690     8.86      nan      nan    8.562  nan      nan    nan   1.126     nan                                None     -33.146     -11.961     -33.294       0.011     -12.424       0.013
Gaia DR3 6086452963246923392 196.7092360 -46.1656620 11.602  1.467       2.587  14.1473  23.9726     5.27      nan      nan   10.196  nan      nan    nan   2.695     nan                                None     -38.633     -22.438     -41.892       0.040     -17.932       0.023
Gaia DR3 6060676356269456128 194.5191711 -56.5672113 15.182  3.348       0.490   4.0168  23.9748     7.44      nan      nan    8.485  nan      nan    nan   1.143     nan                                None     -32.393     -15.635     -31.662       0.023     -16.118       0.027
Gaia DR3 5867785423603800064 213.3470186 -59.1658386 17.951  4.638       0.820   8.1382  23.9784     4.93      nan      nan    8.776  nan      nan    nan   1.136     nan                                None     -29.807     -24.543     -28.455       0.146     -23.854       0.170
Gaia DR3 6072504073402829056 182.7741746 -56.4014038  7.317  0.164       0.964   8.5473  23.9896     9.49      nan      nan    8.819  nan      nan    nan   1.014     nan                                None     -34.172     -10.479     -35.956       0.021     -10.643       0.023
Gaia DR3 5890795350147435008 215.9473697 -59.5906755 10.707  1.344       1.813   9.3255  23.9995     4.66      nan      nan    8.912  nan      nan    nan   1.113     nan                                None     -29.482     -26.024     -27.166       0.014     -23.526       0.015
Gaia DR3 5858851238843331328 199.0457573 -64.9915285 16.356  3.068       1.633   4.7495  24.0047     8.04      nan      nan   13.879  nan      nan    nan   0.986     nan                                None     -52.083     -25.868     -56.391       0.036     -23.804       0.050
Gaia DR3 6077461328965244160 185.2834213 -52.2063634 11.359  1.537       0.266  10.4706  24.0313     8.56      nan      nan    9.076  nan      nan    nan   1.240     nan                                None     -35.180     -13.302     -35.113       0.017     -12.797       0.018
Gaia DR3 6125097872083714304 183.1488685 -52.7775440  7.377  0.133       2.479  10.8084  24.0324     9.05      nan      nan    9.133  nan      nan    nan   6.487     nan                                None     -35.395     -12.171     -40.005       0.130     -13.411       0.156
Gaia DR3 6086452963246923648 196.7102414 -46.1656548 15.575  2.508       1.396  14.1473  24.0505     5.27      nan      nan   10.164  nan      nan    nan   1.169     nan                                None     -38.512     -22.368     -35.979       0.123     -23.960       0.080
Gaia DR3 5841638968385624960 187.7068959 -73.0789758 15.074  3.147       1.268  13.2848  24.0528    10.25      nan      nan    9.748  nan      nan    nan   1.147     nan                                None     -37.731      -8.604     -39.381       0.025     -10.620       0.026
Gaia DR3 5854813312408616320 182.9836317 -71.1373880 13.001  2.698       1.445  12.2564  24.0663    10.59      nan      nan    9.434  nan      nan    nan   1.329     nan                                None     -36.556      -6.161     -38.683       0.020      -8.092       0.019
Gaia DR3 5842689105069822464 182.6121730 -72.1126033 13.501  2.566       1.412  13.1269  24.0732    10.68      nan      nan    9.688  nan      nan    nan   1.176     nan                                None     -37.533      -5.726     -39.487       0.015      -7.847       0.016
Gaia DR3 6125889730915656832 185.6033036 -51.0262691  8.728  0.633       0.674  11.3574  24.0976     8.35      nan      nan    9.228  nan      nan    nan   0.962     nan                                None     -35.765     -14.020     -36.482       0.015     -12.922       0.015
Gaia DR3 5845487911944804864 198.7911824 -67.8804629  7.316  0.190       2.419   7.5988  24.0978     8.51      nan      nan    8.712  nan      nan    nan   0.980     nan                                None     -32.732     -15.338     -31.058       0.021     -11.222       0.027
Gaia DR3 5841324542416019712 185.7019614 -74.1723818 16.155  4.042       1.333  14.5107  24.1006    10.50      nan      nan   10.448  nan      nan    nan   1.069     nan                                None     -40.495      -7.427     -42.727       0.050      -9.333       0.062
Gaia DR3 6091088744790298624 211.9198009 -48.7041529  6.422 -0.016       0.662  14.3035  24.1184     2.70      nan      nan   10.246  nan      nan    nan   1.201     nan                                None     -35.263     -29.454     -34.532       0.049     -28.224       0.055
Gaia DR3 5368968226787734656 179.1210606 -51.7881914 15.684  3.281       1.811  13.1842  24.1273     9.73      nan      nan    9.696  nan      nan    nan   1.056     nan                                None     -37.419     -11.166     -35.235       0.087      -8.177       0.134
Gaia DR3 6077397248051191680 183.7920040 -53.1008949 16.517  3.770       0.680  10.3110  24.1608     8.96      nan      nan    9.035  nan      nan    nan   1.040     nan                                None     -35.023     -12.257     -36.311       0.045     -12.116       0.047
Gaia DR3 5861869398265881344 194.1635486 -64.5755857 13.632  2.854       0.959   4.5083  24.1946     8.64      nan      nan    8.491  nan      nan    nan   7.203     nan                                None     -32.450     -13.454     -34.144       0.074     -13.729       0.081
Gaia DR3 6075816592695096576 183.1506135 -55.3334666 12.567  2.140       0.689   9.0087  24.1955     9.32      nan      nan    8.853  nan      nan    nan   2.346     nan                                None     -34.308     -11.033     -33.772       0.026      -9.863       0.028
Gaia DR3 6076989501035802880 182.4189459 -53.5410052 16.565  3.587       1.646  10.5367  24.2025     9.27      nan      nan    9.067  nan      nan    nan   1.070     nan                                None     -35.123     -11.490     -32.701       0.047      -9.484       0.049
Gaia DR3 5892925585210332928 217.4163221 -55.0252155 15.822  3.689       1.116  11.9136  24.2036     3.31      nan      nan    9.330  nan      nan    nan   1.108     nan                                None     -30.372     -28.531     -28.696       0.040     -27.113       0.058
Gaia DR3 5862618371843111552 191.6378056 -64.2317244 14.861  2.898       0.663   4.7264  24.2228     8.94      nan      nan    8.499  nan      nan    nan   1.062     nan                                None     -32.695     -12.266     -33.753       0.020     -12.806       0.021
Gaia DR3 6075022573500901248 192.7729498 -52.8867861 11.623  1.592       0.122   7.8274  24.2240     7.20      nan      nan    8.723  nan      nan    nan   1.064     nan                                None     -33.463     -16.107     -33.546       0.014     -15.899       0.013
Gaia DR3 5841908486180999424 193.5858772 -72.6676169 15.265  3.400       1.114  12.4426  24.2680     9.66      nan      nan    9.448  nan      nan    nan   0.902     nan                                None     -36.169     -12.051     -36.844       0.053     -14.165       0.057
Gaia DR3 5850623284050054144 207.1117929 -67.4534822 18.586  2.012       1.124   8.3237  24.2855     7.48      nan      nan    8.767  nan      nan    nan   0.986     nan                                None     -31.378     -19.872     -32.689       0.430     -18.260       0.327
Gaia DR3 5841762251126306816 189.6249601 -73.2662534 14.102  2.905       1.448  13.2818  24.2950    10.09      nan      nan    9.694  nan      nan    nan   1.079     nan                                None     -37.429      -9.689     -38.741       0.018     -12.340       0.018
Gaia DR3 5851828177070848896 205.5688447 -65.4061199 15.606  3.515       0.588   6.3263  24.3220     7.28      nan      nan    8.589  nan      nan    nan   1.453     nan                                None     -31.075     -19.183     -30.801       0.038     -20.213       0.057
Gaia DR3 6077388658116297088 185.0949684 -52.7051184 11.712  1.658       1.758  10.1320  24.3228     8.66      nan      nan    8.990  nan      nan    nan   1.771     nan                                None     -34.847     -12.943     -32.925       0.017     -10.221       0.020
Gaia DR3 6072375022549267072 181.7597568 -57.0938676 16.807  3.678       1.387   8.6721  24.3266     9.74      nan      nan    8.801  nan      nan    nan   1.080     nan                                None     -34.077      -9.736     -36.045       0.057      -8.081       0.055
Gaia DR3 6061537102071013632 194.9714330 -55.5244367 11.915  1.363       2.349   4.9428  24.3402     7.20      nan      nan    8.502  nan      nan    nan   1.352     nan                                None     -32.411     -16.117     -36.610       0.010     -15.805       0.014
Gaia DR3 6074099125479325184 193.6839097 -54.0280073 14.476  2.774       1.062   6.5796  24.3537     7.20      nan      nan    8.605  nan      nan    nan   1.086     nan                                None     -32.932     -16.051     -32.854       0.018     -14.127       0.018
Gaia DR3 5798902806849491328 223.6745834 -70.0611392 15.417  2.723       2.241  14.5365  24.3698     6.41      nan      nan   10.312  nan      nan    nan   1.000     nan                                None     -31.000     -31.901     -26.130       0.022     -32.017       0.027
Gaia DR3 6084506690219624192 195.5677781 -50.2955907 13.543  2.500       1.430  10.0613  24.3785     6.23      nan      nan    8.973  nan      nan    nan   4.643     nan                                None     -34.141     -18.456     -32.453       0.163     -16.342       0.109
Gaia DR3 6089985247435509504 213.1535790 -49.9911390 14.136    nan       0.501  13.6528  24.3799     2.78      nan      nan    9.813  nan      nan    nan   1.119     nan                                None     -33.389     -28.630     -34.111       0.059     -27.886       0.069
Gaia DR3 6087261722767771008 201.7918413 -45.8394626 15.410  3.269       2.743  14.7082  24.3879     4.11      nan      nan   11.308  nan      nan    nan   1.142     nan                                None     -41.859     -27.653     -44.757       0.040     -21.792       0.035
Gaia DR3 6077986242682777216 187.6805945 -52.7604890 14.466  2.776       0.272   9.2109  24.3912     8.16      nan      nan    8.858  nan      nan    nan   1.179     nan                                None     -34.285     -13.970     -33.823       0.019     -13.761       0.018
Gaia DR3 5861499275136691712 193.4377393 -65.5334149 11.061  1.000       1.616   5.5128  24.3987     8.86      nan      nan    8.529  nan      nan    nan   0.810     nan                                None     -32.665     -12.877     -35.422       0.014     -13.792       0.015
Gaia DR3 5841786783980215680 190.4812409 -73.1848060 12.444  2.388       1.216  13.1357  24.4185    10.00      nan      nan    9.620  nan      nan    nan   3.336     nan                                None     -37.089     -10.175     -39.219       0.038     -11.418       0.043
Gaia DR3 6057216261898609536 195.6619137 -58.5048145 14.794  2.864       2.163   1.9905  24.4263     7.55      nan      nan    8.389  nan      nan    nan   1.129     nan                                None     -31.908     -15.548     -33.481       0.019     -12.061       0.023
Gaia DR3 6125307127202400000 181.1831753 -52.3546344 13.442  1.902       0.882  11.9123  24.4319     9.38      nan      nan    9.297  nan      nan    nan   1.074     nan                                None     -35.977     -11.541     -35.406       0.030      -9.908       0.034
Gaia DR3 5798227912866968576 216.0124989 -70.6013880 15.806  2.632       1.691  12.7801  24.4353     7.21      nan      nan    9.510  nan      nan    nan   1.008     nan                                None     -31.439     -25.508     -32.261       0.029     -22.220       0.035
Gaia DR3 6124925974621818112 180.8962289 -53.7040032 15.066  3.054       0.345  11.0668  24.4597     9.57      nan      nan    9.126  nan      nan    nan   1.079     nan                                None     -35.306     -10.758     -35.683       0.024     -10.211       0.027
Gaia DR3 5343960938637292800 177.5593350 -55.6392098 17.664  3.741       0.551  11.4139  24.4831    10.36      nan      nan    9.187  nan      nan    nan   1.144     nan                                None     -35.351      -8.493     -36.299       0.100      -8.001       0.099
Gaia DR3 6077114158167878016 185.3184030 -53.2958786  9.266  0.889       0.403   9.5810  24.4921     8.69      nan      nan    8.895  nan      nan    nan   1.000     nan                                None     -34.477     -12.745     -34.917       0.011     -12.131       0.012
Gaia DR3 5844229349079517824 203.6810877 -69.1015235 15.420  3.134       2.809   9.1922  24.4957     8.15      nan      nan    8.845  nan      nan    nan   0.995     nan                                None     -32.390     -17.848     -35.132       0.023     -13.385       0.030
Gaia DR3 5839112118864486272 202.9425928 -73.9425514 12.668  2.153       1.781  13.7936  24.4959     8.99      nan      nan    9.842  nan      nan    nan   1.146     nan                                None     -36.197     -17.913     -39.145       0.014     -15.683       0.017
Gaia DR3 6062823324521456640 201.8410839 -56.8763323 16.076  3.230       2.583   4.1618  24.5042     6.24      nan      nan    8.452  nan      nan    nan   1.015     nan                                None     -31.278     -18.907     -27.045       0.028     -17.100       0.033
Gaia DR3 6074814529592577792 191.5439539 -53.9188550 13.244  2.337       0.316   7.1108  24.5063     7.59      nan      nan    8.634  nan      nan    nan   1.113     nan                                None     -33.219     -15.130     -33.725       0.011     -15.404       0.012
Gaia DR3 6089985243133173632 213.1532495 -49.9915661 13.750  2.654       0.870  13.6523  24.5225     2.78      nan      nan    9.778  nan      nan    nan   0.975     nan                                None     -33.271     -28.529     -34.854       0.053     -29.375       0.062
Gaia DR3 6075548419252913152 183.7176740 -55.7843924  9.559  1.067       0.685   8.4769  24.5234     9.26      nan      nan    8.761  nan      nan    nan   0.937     nan                                None     -33.958     -11.060     -35.214       0.011     -11.205       0.011
Gaia DR3 5344237500170145536 179.8419526 -54.6741532 11.549  1.941       0.462  10.9026  24.5335     9.86      nan      nan    9.088  nan      nan    nan   3.362     nan                                None     -35.112      -9.873     -35.845       0.045      -9.375       0.047
Gaia DR3 5368311994453728512 179.3216123 -53.9610640 15.193  3.196       0.442  11.5890  24.5604     9.90      nan      nan    9.211  nan      nan    nan   1.009     nan                                None     -35.560      -9.984     -36.325       0.023      -9.595       0.024
Gaia DR3 5344276910791317120 179.6218173 -54.2162005 14.635  3.131       0.592  11.2900  24.5645     9.86      nan      nan    9.153  nan      nan    nan   1.254     nan                                None     -35.352      -9.986     -36.396       0.022      -9.521       0.023
Gaia DR3 5879611667617700096 225.9893617 -59.2457583 10.158  0.940       1.285  14.3571  24.5691     3.25      nan      nan   10.099  nan      nan    nan   0.853     nan                                None     -29.337     -34.286     -31.985       0.015     -34.974       0.021
Gaia DR3 6080558825010747136 198.7662776 -51.5188189 17.236  3.692       0.147   8.8265  24.5811     5.82      nan      nan    8.794  nan      nan    nan   0.991     nan                                None     -33.042     -19.290     -32.818       0.075     -19.134       0.060
Gaia DR3 5841358038860765568 187.3205978 -73.9115682 18.047  4.691       1.161  14.1018  24.5925    10.34      nan      nan    9.954  nan      nan    nan   1.056     nan                                None     -38.541      -8.222     -39.029       0.147     -10.608       0.157
Gaia DR3 5343771547768311168 178.8338479 -55.6166208 13.838  2.826       0.898  10.8206  24.6109    10.13      nan      nan    9.065  nan      nan    nan   2.241     nan                                None     -34.967      -9.029     -36.260       0.029      -7.900       0.027
Gaia DR3 6080364791268622336 196.6643880 -51.9957512 14.228  2.669       0.445   8.3205  24.6287     6.31      nan      nan    8.735  nan      nan    nan   1.036     nan                                None     -33.103     -18.117     -32.355       0.017     -17.782       0.018
Gaia DR3 6076996441702775936 181.8412668 -53.6558494 13.354  2.444       0.361  10.6967  24.6569     9.39      nan      nan    9.039  nan      nan    nan   4.274     nan                                None     -35.002     -11.136     -34.835       0.039     -10.469       0.038
Gaia DR3 5368420708668660736 178.3690293 -53.1400298 15.664  3.765       0.692  12.5562  24.6683    10.00      nan      nan    9.411  nan      nan    nan   1.287     nan                                None     -36.273      -9.998     -37.579       0.041      -9.576       0.041
Gaia DR3 5235128047906547968 172.3367215 -67.6395418 14.395  3.059       1.508  13.0440  24.6808    11.67      nan      nan    9.542  nan      nan    nan   1.087     nan                                None     -36.154      -1.219     -39.122       0.019      -1.838       0.021
Gaia DR3 5855952754369947392 183.7640040 -69.9635265 13.391  2.464       1.257  11.1544  24.6821    10.44      nan      nan    9.114  nan      nan    nan   1.157     nan                                None     -35.326      -6.820     -37.300       0.012      -8.211       0.013
Gaia DR3 6060897598620370048 191.6217420 -57.6493460 13.897  2.560       1.367   3.9581  24.7171     8.10      nan      nan    8.427  nan      nan    nan   6.073     nan                                None     -32.419     -13.896     -34.727       0.073     -14.649       0.102
Gaia DR3 6060690473793331840 195.0869036 -56.3909076 15.544  3.394       1.534   4.0880  24.7507     7.32      nan      nan    8.430  nan      nan    nan   1.322     nan                                None     -32.127     -15.840     -33.643       0.034     -13.574       0.042
Gaia DR3 6080364825623490688 196.6669481 -51.9941374 10.299  1.128       0.674   8.3221  24.7546     6.31      nan      nan    8.723  nan      nan    nan   0.923     nan                                None     -33.060     -18.095     -32.165       0.012     -17.237       0.013
Gaia DR3 5344965819233212928 174.3020840 -54.5988163 11.455  1.614       0.626  13.5419  24.7667    10.88      nan      nan    9.683  nan      nan    nan   1.076     nan                                None     -36.940      -7.614     -37.959       0.014      -6.845       0.014
Gaia DR3 5842105814153598464 187.6051396 -72.4316591 15.037  3.239       1.452  12.6946  24.7670    10.21      nan      nan    9.430  nan      nan    nan   1.104     nan                                None     -36.504      -8.492     -38.133       0.023     -10.874       0.028
Gaia DR3 6075485777142123136 181.3110127 -56.2179769 14.936  3.005       0.436   9.3285  24.7675     9.74      nan      nan    8.835  nan      nan    nan   1.048     nan                                None     -34.194      -9.827     -34.940       0.021      -9.510       0.022
Gaia DR3 6075548419252906368 183.7110630 -55.7899175  8.335  0.639       1.036   8.4765  24.7989     9.26      nan      nan    8.735  nan      nan    nan   0.938     nan                                None     -33.859     -11.023     -35.765       0.013     -10.960       0.014
Gaia DR3 6062591121418107776 204.0261977 -57.5296076 15.311  3.186       2.120   4.4369  24.8011     6.01      nan      nan    8.442  nan      nan    nan   1.031     nan                                None     -30.848     -19.756     -32.701       0.021     -16.470       0.019
Gaia DR3 6067249683436132736 199.9925682 -54.3123505 13.612  2.417       0.498   6.1664  24.8167     6.10      nan      nan    8.538  nan      nan    nan   1.056     nan                                None     -31.899     -18.751     -31.094       0.014     -19.146       0.013
Gaia DR3 6129159884655362944 190.3729163 -46.6873812 15.533  3.596       0.455  14.2148  24.8303     6.74      nan      nan    9.939  nan      nan    nan   1.177     nan                                None     -38.328     -18.711     -38.323       0.048     -17.757       0.047
Gaia DR3 5890919526244293632 216.8801657 -59.2556785 14.154  2.887       0.618   9.8651  24.8332     4.45      nan      nan    8.897  nan      nan    nan   3.964     nan                                None     -29.135     -26.440     -29.526       0.295     -25.349       0.345
Gaia DR3 5841584645637332480 183.5717202 -73.3594692 11.626  1.921       2.499  14.0446  24.8355    10.65      nan      nan    9.860  nan      nan    nan   8.270     nan                                None     -38.218      -5.956     -39.365       0.116     -11.023       0.119
Gaia DR3 5227167240115285248 179.8743101 -72.6404899 15.053  3.242       1.514  14.0391  24.8515    10.97      nan      nan    9.854  nan      nan    nan   1.154     nan                                None     -38.072      -3.880     -40.734       0.029      -5.553       0.027
Gaia DR3 6075099062584417792 191.2085020 -53.1239954 15.003  2.948       0.232   7.9202  24.8533     7.54      nan      nan    8.675  nan      nan    nan   1.049     nan                                None     -33.401     -15.237     -33.775       0.022     -15.436       0.022
Gaia DR3 6074563978391541888 189.2454244 -54.2050585 10.131  1.093       1.021   7.4927  24.8584     8.06      nan      nan    8.636  nan      nan    nan   0.800     nan                                None     -33.364     -13.981     -35.017       0.008     -13.129       0.011
Gaia DR3 6076735097226657920 183.1061499 -54.0837093 18.147    nan       0.375   9.8655  24.8712     9.20      nan      nan    8.893  nan      nan    nan   1.047     nan                                None     -34.463     -11.440     -34.152       0.152     -10.810       0.189
Gaia DR3 5369330447152203136 177.7308932 -50.5459240 19.821  3.277       0.334  14.6913  24.8927     9.89      nan      nan   10.188  nan      nan    nan   1.094     nan                                None     -39.217     -11.448     -39.232       0.357     -10.732       0.311
Gaia DR3 5235837782677760640 175.1715746 -67.4612558 15.852  3.372       1.328  11.9825  24.9062    11.33      nan      nan    9.244  nan      nan    nan   1.100     nan                                None     -35.357      -2.860     -37.880       0.039      -3.435       0.044
Gaia DR3 5853895155817289728 211.7210175 -63.3663416 15.336  3.117       0.952   7.4332  24.9068     6.09      nan      nan    8.627  nan      nan    nan   1.032     nan                                None     -29.745     -22.655     -28.110       0.019     -22.086       0.025
Gaia DR3 5339076530075075456 170.1592209 -59.6262799 16.871  3.189       1.389  13.5131  24.9088    11.82      nan      nan    9.643  nan      nan    nan   1.074     nan                                None     -36.213      -3.337     -34.517       0.068      -1.078       0.065
Gaia DR3 6073522431640945152 189.2445177 -55.3204557 17.128  3.412       0.173   6.5763  24.9254     8.21      nan      nan    8.558  nan      nan    nan   1.018     nan                                None     -33.062     -13.568     -32.750       0.052     -13.535       0.067
Gaia DR3 6067262980655050624 200.3899425 -54.0294211 16.311  3.388       1.636   6.4945  24.9314     5.97      nan      nan    8.551  nan      nan    nan   0.995     nan                                None     -31.887     -19.014     -30.734       0.043     -16.300       0.037
Gaia DR3 6081508322019767296 195.9763671 -50.2505877 14.269  3.020       0.234  10.0863  24.9342     6.14      nan      nan    8.917  nan      nan    nan   1.711     nan                                None     -33.877     -18.535     -33.868       0.034     -18.975       0.028
Gaia DR3 6074563978391541504 189.2355872 -54.2048538 12.990  2.199       1.074   7.4959  24.9378     8.06      nan      nan    8.630  nan      nan    nan   1.086     nan                                None     -33.340     -13.966     -35.126       0.010     -13.174       0.013
Gaia DR3 6125369661922536960 183.3268275 -51.9448453 13.499  2.876       0.421  11.3894  24.9466     8.92      nan      nan    9.123  nan      nan    nan   1.691     nan                                None     -35.357     -12.495     -36.066       0.016     -12.106       0.020
Gaia DR3 5841625739885718144 185.8738869 -73.1739867 16.713  2.773       1.637  13.5795  24.9502    10.43      nan      nan    9.657  nan      nan    nan   2.937     nan                                None     -37.425      -7.343     -39.683       0.138      -9.793       0.149
Gaia DR3 6077461328965240576 185.2781995 -52.2115107 15.778  3.608       0.083  10.4682  24.9524     8.56      nan      nan    8.970  nan      nan    nan   1.081     nan                                None     -34.769     -13.143     -34.684       0.037     -13.275       0.040
Gaia DR3 5870979985989877632 208.5996971 -57.8788633 13.465  2.607       0.811   6.2737  24.9553     5.35      nan      nan    8.534  nan      nan    nan   1.129     nan                                None     -30.205     -21.981     -28.846       0.012     -21.448       0.017
Gaia DR3 5341817578178557184 176.2950408 -57.7759477 15.494  3.353       0.319  11.0550  24.9589    10.73      nan      nan    9.063  nan      nan    nan   1.079     nan                                None     -34.769      -6.983     -35.302       0.033      -6.686       0.035
Gaia DR3 5870990603150495360 208.3508139 -57.7749527 16.228  3.595       0.716   6.2058  24.9894     5.37      nan      nan    8.527  nan      nan    nan   1.116     nan                                None     -30.237     -21.869     -29.279       0.044     -21.011       0.053
Gaia DR3 5871620795098194816 206.3194613 -58.3335591 14.472  2.840       0.657   4.9946  25.0083     5.80      nan      nan    8.453  nan      nan    nan   5.260     nan                                None     -30.428     -20.675     -30.957       0.158     -21.719       0.213
Gaia DR3 5848684638927564288 224.1582884 -66.3951130 13.177  2.586       2.408  13.3461  25.0278     5.41      nan      nan   12.430  nan      nan    nan   1.143     nan                                None     -37.110     -39.738     -42.053       0.008     -35.818       0.013
Gaia DR3 5896857782367929344 211.8023892 -53.4480538 14.423  2.864       0.639  10.4344  25.0369     3.84      nan      nan    8.955  nan      nan    nan   1.208     nan                                None     -30.856     -25.184     -29.801       0.025     -24.597       0.026
Gaia DR3 6075882219799263488 182.8010594 -54.8268478 18.693  3.845       0.556   9.4886  25.0413     9.33      nan      nan    8.827  nan      nan    nan   1.036     nan                                None     -34.202     -10.983     -35.215       0.164     -10.772       0.160
Gaia DR3 6060970132031898752 191.3119884 -57.2387562 14.401  2.784       0.418   4.3689  25.0422     8.10      nan      nan    8.421  nan      nan    nan   1.137     nan                                None     -32.415     -13.841     -31.688       0.016     -13.693       0.019
Gaia DR3 5853402643376661248 216.1818075 -62.9744433 16.691  2.928       1.628   9.3099  25.0468     5.44      nan      nan    8.805  nan      nan    nan   0.988     nan                                None     -29.054     -25.261     -27.284       0.031     -22.811       0.053
Gaia DR3 6125793901610972928 184.3707079 -51.3693980 12.776  2.279       2.726  11.4802  25.0538     8.64      nan      nan    9.126  nan      nan    nan  27.199     nan                                None     -35.376     -13.174     -31.903       0.309      -9.245       0.304
Gaia DR3 6089232116318121856 209.3154380 -52.8492657 18.299  3.895       1.585   9.9355  25.0631     4.13      nan      nan    8.882  nan      nan    nan   1.165     nan                                None     -31.260     -23.982     -29.866       0.271     -21.361       0.234
Gaia DR3 6127056274092731008 186.2351045 -48.9075767 11.469  1.605       1.059  13.0439  25.0687     7.95      nan      nan    9.472  nan      nan    nan   1.298     nan                                None     -36.703     -15.304     -37.651       0.021     -13.414       0.017
Gaia DR3 5369537464576925568 175.2323944 -51.5757985 17.473  3.436       2.685  15.0231  25.0767    10.48      nan      nan   11.475  nan      nan    nan   1.055     nan                                None     -43.899     -10.957     -37.425       0.087     -10.441       0.085
Gaia DR3 6079467216120374784 192.4253764 -49.8878132 14.637  2.872       0.184  10.7826  25.0898     6.80      nan      nan    9.003  nan      nan    nan   1.080     nan                                None     -34.568     -17.157     -34.555       0.020     -16.808       0.021
Gaia DR3 5841394189606679040 185.1501348 -73.8841605 13.121  2.485       1.667  14.3101  25.0944    10.54      nan      nan    9.909  nan      nan    nan   1.166     nan                                None     -38.408      -6.798     -40.716       0.013      -9.405       0.014
Gaia DR3 5891148705696002944 216.3039507 -58.6602790 14.743  2.932       0.698   9.7454  25.1079     4.38      nan      nan    8.853  nan      nan    nan   1.045     nan                                None     -29.173     -26.143     -29.914       0.020     -25.071       0.022
Gaia DR3 6077081825653455232 184.8246343 -53.8053723 14.777  2.925       1.173   9.3760  25.1388     8.84      nan      nan    8.804  nan      nan    nan   1.161     nan                                None     -34.127     -12.234     -34.404       0.019     -10.074       0.021
Gaia DR3 6061494736511439872 193.8484141 -56.1450333 13.705  2.525       0.308   4.5449  25.1753     7.50      nan      nan    8.419  nan      nan    nan   1.168     nan                                None     -32.205     -15.297     -31.730       0.011     -15.027       0.014
Gaia DR3 5791422313839597312 205.7002207 -73.9836646 14.987  3.304       2.085  14.0247  25.1956     8.77      nan      nan    9.763  nan      nan    nan   6.326     nan                                None     -35.291     -19.403     -39.108       0.140     -17.442       0.146
Gaia DR3 5868575766325418112 199.8208695 -61.6863219 15.069  2.983       1.790   1.8361  25.2002     7.41      nan      nan    8.332  nan      nan    nan   1.213     nan                                None     -31.154     -16.690     -33.402       0.062     -18.889       0.061
Gaia DR3 6077815131184288768 190.4985267 -52.6174838 13.784  2.790       0.610   8.5536  25.2142     7.60      nan      nan    8.705  nan      nan    nan   2.032     nan                                None     -33.562     -15.081     -34.545       0.027     -14.546       0.024
Gaia DR3 6064577526590550656 205.9390559 -55.1216337 14.699  2.908       0.231   6.9253  25.2464     5.21      nan      nan    8.557  nan      nan    nan   1.080     nan                                None     -30.883     -21.315     -30.785       0.022     -20.910       0.022
Gaia DR3 6063935240004587008 201.0234795 -55.4533231 14.002  2.720       0.309   5.2378  25.2494     6.12      nan      nan    8.448  nan      nan    nan   1.199     nan                                None     -31.401     -18.801     -31.487       0.016     -18.257       0.018
Gaia DR3 6129159919015101824 190.3802044 -46.6845989 14.276  2.751       0.729  14.2163  25.2580     6.74      nan      nan    9.824  nan      nan    nan   1.340     nan                                None     -37.885     -18.499     -38.915       0.022     -17.395       0.024
Gaia DR3 6067864237411487616 196.1756609 -54.1837232 14.686  3.019       2.812   6.1555  25.2940     6.77      nan      nan    8.499  nan      nan    nan   8.820     nan                                None     -32.269     -16.961     -31.941       0.133     -11.933       0.136
Gaia DR3 6077572207833916032 186.1133840 -51.6762612 14.272  2.736       0.256  10.6363  25.2954     8.33      nan      nan    8.957  nan      nan    nan   1.137     nan                                None     -34.708     -13.671     -34.969       0.019     -13.265       0.017
Gaia DR3 5871909519936415744 205.9422489 -57.3152560 16.052  2.299       0.186   5.3703  25.3474     5.66      nan      nan    8.448  nan      nan    nan   1.257     nan                                None     -30.487     -20.673     -30.813       0.061     -20.728       0.169
Gaia DR3 5841382846589454080 184.9314428 -74.0659445 12.135  2.081       1.519  14.5004  25.3708    10.57      nan      nan    9.919  nan      nan    nan   0.914     nan                                None     -38.451      -6.594     -40.355       0.010      -9.136       0.012
Gaia DR3 5233289252143166336 178.0155107 -71.5468193 17.613  4.402       1.487  13.5875  25.3768    11.12      nan      nan    9.574  nan      nan    nan   0.993     nan                                None     -36.874      -3.055     -39.854       0.092      -3.416       0.095
Gaia DR3 6086807143430195072 201.6042026 -46.4596286 15.356  3.231       0.418  14.0755  25.3923     4.27      nan      nan    9.736  nan      nan    nan   1.051     nan                                None     -36.079     -23.633     -35.376       0.035     -23.142       0.040
Gaia DR3 6076576874942770176 180.3374258 -55.0208248 14.740    nan       0.296  10.4649  25.4211     9.80      nan      nan    8.918  nan      nan    nan   1.342     nan                                None     -34.478      -9.820     -33.960       0.045      -9.616       0.047
Gaia DR3 5227282517035989632 175.7426345 -72.8146812 15.686  3.699       1.307  14.9793  25.4524    11.36      nan      nan   10.155  nan      nan    nan   4.424     nan                                None     -38.904      -1.235     -37.561       0.166      -3.689       0.149
Gaia DR3 6126172408477605120 182.2251529 -51.7341641 15.811  3.418       0.843  11.9737  25.4653     9.11      nan      nan    9.166  nan      nan    nan   1.222     nan                                None     -35.503     -12.081     -36.359       0.042     -10.696       0.051
Gaia DR3 6078152749974225024 190.4239904 -51.4841280 14.836  3.031       0.162   9.6214  25.4747     7.45      nan      nan    8.800  nan      nan    nan   0.960     nan                                None     -33.934     -15.487     -33.957       0.023     -15.787       0.021
Gaia DR3 6077530151513253376 186.6881200 -51.8971410 14.243  2.687       0.355  10.2634  25.4820     8.25      nan      nan    8.883  nan      nan    nan   1.237     nan                                None     -34.410     -13.770     -35.020       0.018     -14.033       0.019
Gaia DR3 6078760195785506048 187.6271317 -52.3746856 13.345  2.750       0.411   9.5594  25.4985     8.12      nan      nan    8.790  nan      nan    nan   1.794     nan                                None     -34.026     -13.940     -34.669       0.019     -14.347       0.020
Gaia DR3 5870224690222884736 203.2309704 -58.7811422 13.651  3.049       0.726   3.3625  25.5215     6.37      nan      nan    8.347  nan      nan    nan   2.332     nan                                None     -30.650     -18.936     -30.854       0.022     -17.674       0.025
Gaia DR3 5843184916096948224 189.9332847 -70.9462089 15.700  3.248       1.176  11.0462  25.5267     9.86      nan      nan    8.994  nan      nan    nan   1.112     nan                                None     -34.711      -9.934     -36.021       0.036     -11.739       0.039
Gaia DR3 6126370870340692864 181.4476260 -50.9984914 13.329  2.505       0.833  12.8523  25.5486     9.19      nan      nan    9.344  nan      nan    nan   1.300     nan                                None     -36.171     -12.164     -36.477       0.012     -10.552       0.014
Gaia DR3 5846631330987145216 214.3477531 -69.1797646 16.492  3.497       2.514  11.3868  25.5528     7.06      nan      nan    9.048  nan      nan    nan   1.039     nan                                None     -30.428     -23.781     -34.369       0.045     -21.048       0.045
Gaia DR3 5236935022238989568 169.0734422 -66.4387126 19.950  3.386       2.290  13.9019  25.5568    12.06      nan      nan   12.376  nan      nan    nan   1.023     nan                                None     -46.241       0.213     -49.882       0.533       4.949       0.406
Gaia DR3 6063860919887691136 201.1461068 -55.9567783  9.489  0.792       2.383   4.7964  25.5804     6.19      nan      nan    8.401  nan      nan    nan   0.884     nan                                None     -31.205     -18.655     -29.091       0.008     -15.002       0.014
Gaia DR3 5226891709370645376 175.3211009 -73.2602491 15.448  3.220       2.924  15.3830  25.5921    11.40      nan      nan   10.414  nan      nan    nan   1.068     nan                                None     -39.850      -0.791     -40.742       0.030       5.566       0.033
Gaia DR3 6079187145591732864 189.0734342 -50.7117530 11.056  1.358       0.976  10.6530  25.5982     7.61      nan      nan    8.926  nan      nan    nan   1.089     nan                                None     -34.493     -15.268     -35.419       0.016     -13.683       0.014
Gaia DR3 6062209590895370752 198.0929234 -58.9063797 16.889  3.634       2.807   1.4559  25.6059     7.21      nan      nan    8.298  nan      nan    nan   1.077     nan                                None     -31.268     -16.427     -31.446       0.052     -11.520       0.058
Gaia DR3 5342369292491441664 176.9634407 -56.3663795 14.798  3.110       0.425  11.3322  25.6155    10.52      nan      nan    9.031  nan      nan    nan   1.241     nan                                None     -34.703      -7.796     -35.489       0.024      -7.603       0.025
Gaia DR3 5868139878710683776 211.7920332 -58.2287037 17.495  3.725       0.580   7.6660  25.6354     4.94      nan      nan    8.585  nan      nan    nan   1.020     nan                                None     -29.581     -23.473     -28.531       0.083     -23.465       0.111
Gaia DR3 6077540115837955072 185.6956995 -52.2512525 14.647  2.898       0.257  10.2913  25.6486     8.49      nan      nan    8.869  nan      nan    nan   1.151     nan                                None     -34.375     -13.182     -34.644       0.018     -12.783       0.019
Gaia DR3 6129625905787938432 182.3187561 -49.6581013 15.746  3.294       0.363  13.6271  25.6508     8.86      nan      nan    9.534  nan      nan    nan   1.078     nan                                None     -36.931     -13.268     -37.291       0.031     -12.634       0.030
Gaia DR3 6126370801621215872 181.4475826 -51.0034077  8.926  0.884       0.226  12.8484  25.6681     9.19      nan      nan    9.325  nan      nan    nan   0.965     nan                                None     -36.096     -12.138     -36.508       0.011     -12.307       0.013
Gaia DR3 6070094085654316416 201.4830373 -51.1771455  7.825  0.312       0.241   9.4229  25.6835     5.23      nan      nan    8.756  nan      nan    nan   1.102     nan                                None     -32.468     -20.478     -32.685       0.029     -20.867       0.028
Gaia DR3 6128774334032083712 188.2350373 -47.4126827 14.825  3.079       0.581  13.9336  25.7015     7.31      nan      nan    9.620  nan      nan    nan   1.141     nan                                None     -37.214     -16.915     -38.047       0.024     -16.081       0.020
Gaia DR3 6074913038960084096 192.3661862 -53.1705607 19.951  3.544       0.466   7.6317  25.7095     7.32      nan      nan    8.576  nan      nan    nan   1.084     nan                                None     -32.932     -15.584     -33.550       0.403     -16.156       0.389
Gaia DR3 6076576870628229504 180.3376573 -55.0213337 13.248  2.226       1.153  10.4645  25.7135     9.80      nan      nan    8.886  nan      nan    nan   1.122     nan                                None     -34.356      -9.786     -34.185       0.010      -7.633       0.011
Gaia DR3 6076225203016235904 184.2153779 -54.6407800 16.396  3.655       0.428   9.0141  25.7190     9.05      nan      nan    8.707  nan      nan    nan   0.977     nan                                None     -33.752     -11.568     -34.530       0.042     -11.466       0.045
Gaia DR3 5227091236372916864 176.6936810 -72.8922553 14.833  3.183       2.670  14.8410  25.7275    11.27      nan      nan   11.966  nan      nan    nan   1.197     nan                                None     -45.952      -2.144     -46.737       0.027       4.544       0.025
Gaia DR3 6129878999619301120 182.5441663 -48.9299316 10.772  1.285       0.719  14.1666  25.7301     8.73      nan      nan    9.694  nan      nan    nan  16.935     nan                                None     -37.556     -13.831     -37.487       0.212     -12.364       0.199
Gaia DR3 6060466624423811712 193.1685643 -57.6360208 16.357  3.405       0.723   3.4213  25.7767     7.83      nan      nan    8.331  nan      nan    nan   1.090     nan                                None     -31.929     -14.470     -31.295       0.036     -15.571       0.051
Gaia DR3 6125355368271035392 182.8879295 -52.2894851 15.822  3.220       0.477  11.2853  25.7832     9.04      nan      nan    9.003  nan      nan    nan   1.125     nan                                None     -34.886     -12.017     -35.742       0.030     -11.720       0.034
Gaia DR3 5368668373660159360 176.4363672 -52.6905637  8.014  0.470       2.267  13.7224  25.7884    10.34      nan      nan    9.537  nan      nan    nan   0.996     nan                                None     -36.602      -9.305     -34.495       0.019     -13.347       0.020
Gaia DR3 6078062727456392192 189.4532539 -52.1629255 11.575  1.528       0.407   9.2294  25.7940     7.74      nan      nan    8.724  nan      nan    nan   1.264     nan                                None     -33.692     -14.738     -34.435       0.016     -14.821       0.015
Gaia DR3 6125408866384841216 182.2015458 -51.9953895 14.497  2.884       0.856  11.7794  25.8154     9.15      nan      nan    9.084  nan      nan    nan   1.125     nan                                None     -35.186     -11.882     -36.084       0.017     -10.511       0.019
Gaia DR3 5344945860538454272 173.8901410 -54.5543461 14.759  2.944       0.496  13.7645  25.8634    10.95      nan      nan    9.535  nan      nan    nan   1.227     nan                                None     -36.329      -7.302     -37.192       0.022      -6.803       0.021
Gaia DR3 6090811289904309504 212.8385020 -49.4155969 15.840  3.554       1.137  14.0155  25.8679     2.70      nan      nan    9.613  nan      nan    nan   1.006     nan                                None     -32.808     -27.967     -31.267       0.053     -26.252       0.060
Gaia DR3 6094004374748271872 209.8126801 -49.2155758 13.275  2.728       1.930  13.1815  25.8704     3.22      nan      nan    9.374  nan      nan    nan   2.117     nan                                None     -32.858     -25.994     -30.480       0.027     -23.011       0.030
Gaia DR3 6061190652829418496 191.6827077 -56.6356685 12.605  2.000       0.327   4.7051  25.8707     7.95      nan      nan    8.375  nan      nan    nan   0.973     nan                                None     -32.213     -14.089     -31.645       0.009     -13.983       0.012
Gaia DR3 5872060874605685632 206.2856807 -56.9765828 14.323  2.581       0.726   5.7266  25.8753     5.53      nan      nan    8.428  nan      nan    nan   1.092     nan                                None     -30.342     -20.836     -29.443       0.014     -19.910       0.021
Gaia DR3 5237368509020785536 172.3921543 -64.6462398 16.174  3.648       2.026  12.2097  25.8760    11.62      nan      nan    9.158  nan      nan    nan   2.049     nan                                None     -34.706      -2.376     -38.384       0.092      -1.046       0.094
Gaia DR3 5233349622203532160 178.3233042 -71.1434583 15.487  3.247       1.240  13.2308  25.8819    11.07      nan      nan    9.385  nan      nan    nan   1.127     nan                                None     -36.168      -3.334     -37.885       0.033      -5.087       0.035
Gaia DR3 6054349663304665984 181.1718661 -63.1483586 18.627  4.542       2.238   8.1308  25.8835    10.32      nan      nan    8.604  nan      nan    nan   1.039     nan                                None     -33.298      -7.297     -37.075       0.184      -8.786       0.185
Gaia DR3 6057100259092048000 194.1915836 -59.1317419 15.350  2.351       1.310   1.9665  25.8893     7.88      nan      nan    8.286  nan      nan    nan   3.163     nan                                None     -31.665     -14.516     -33.201       0.126     -16.212       0.112
Gaia DR3 6125324169627638016 181.9683965 -52.5551878 15.630  3.027       0.667  11.4447  25.9452     9.25      nan      nan    9.010  nan      nan    nan   1.195     nan                                None     -34.894     -11.503     -35.492       0.033     -10.385       0.036
Gaia DR3 6075476607407381888 181.6519531 -56.2070838 14.673  2.933       0.302   9.1750  25.9481     9.67      nan      nan    8.703  nan      nan    nan   1.098     nan                                None     -33.695      -9.851     -33.677       0.019      -9.297       0.020
Gaia DR3 6129199845030851840 190.0235082 -46.5663952 15.132  3.382       0.792  14.3916  26.0030     6.80      nan      nan   12.313  nan      nan    nan   1.133     nan                                None     -47.513     -23.008     -49.438       0.030     -22.288       0.031
Gaia DR3 6079330876679654400 190.9405230 -50.5683391 15.880  3.619       0.914  10.3786  26.0068     7.21      nan      nan    8.844  nan      nan    nan   1.177     nan                                None     -34.068     -16.021     -32.617       0.046     -15.129       0.040
Gaia DR3 6078944673221316224 190.2671245 -50.8812564 14.961  2.843       1.137  10.2206  26.0078     7.39      nan      nan    8.823  nan      nan    nan   1.434     nan                                None     -34.029     -15.599     -35.665       0.030     -14.258       0.027
Gaia DR3 6076996441693665536 181.8410153 -53.6561883 14.870    nan       1.397  10.6965  26.0235     9.39      nan      nan    8.886  nan      nan    nan   1.070     nan                                None     -34.409     -10.947     -37.025       0.183     -10.963       0.089
Gaia DR3 5332645589620288640 174.9848669 -64.7400511 14.630  3.140       2.210  11.1404  26.0342    11.27      nan      nan    8.951  nan      nan    nan   3.259     nan                                None     -34.219      -3.681     -34.242       0.061       0.489       0.056
Gaia DR3 5345011040956367104 173.2729544 -54.3246225  7.735  0.413       0.654  14.1904  26.0420    11.05      nan      nan    9.636  nan      nan    nan   1.081     nan                                None     -36.634      -7.147     -36.962       0.022      -5.860       0.023
Gaia DR3 5870395561188264320 203.2332840 -58.1197309 15.906  3.220       0.697   3.7341  26.0555     6.25      nan      nan    8.322  nan      nan    nan   1.307     nan                                None     -30.556     -19.007     -31.723       0.036     -19.370       0.035
Gaia DR3 5841316570956614656 184.9726859 -74.3359710 13.192  2.589       1.453  14.7407  26.0574    10.58      nan      nan    9.840  nan      nan    nan   1.242     nan                                None     -38.145      -6.465     -39.847       0.013      -8.951       0.014
Gaia DR3 6075816596995760640 183.1502689 -55.3341600 15.469  3.072       1.411   9.0085  26.0662     9.32      nan      nan    8.674  nan      nan    nan   3.589     nan                                None     -33.616     -10.810     -36.121       0.085     -10.193       0.080
Gaia DR3 5855018684872450816 181.9017036 -70.9272494 14.528  2.909       1.253  12.2983  26.0786    10.69      nan      nan    9.148  nan      nan    nan   1.131     nan                                None     -35.426      -5.417     -37.014       0.022      -7.239       0.023
Gaia DR3 5870224690222884608 203.2328857 -58.7819918 13.861  2.837       1.164   3.3630  26.0817     6.37      nan      nan    8.308  nan      nan    nan   1.605     nan                                None     -30.503     -18.846     -29.957       0.016     -16.883       0.019
Gaia DR3 6080177569354209024 195.4610118 -53.0828849 10.976  1.236       1.802   7.2963  26.1148     6.72      nan      nan    8.515  nan      nan    nan   0.954     nan                                None     -32.408     -16.900     -31.125       0.014     -13.931       0.012
Gaia DR3 6070035536658060288 201.4480273 -51.5531526 17.080  3.969       1.455   9.0515  26.1302     5.31      nan      nan    8.673  nan      nan    nan   1.032     nan                                None     -32.165     -20.205     -31.688       0.093     -17.588       0.097
Gaia DR3 5341348533396946304 178.8422349 -59.8141125 15.251  3.131       1.603   9.2033  26.1468    10.44      nan      nan    8.688  nan      nan    nan   6.992     nan                                None     -33.512      -7.275     -30.777       0.166      -6.208       0.158
Gaia DR3 6058520798094026112 181.3372711 -61.3060113 16.814  3.505       0.880   7.8376  26.1488    10.16      nan      nan    8.556  nan      nan    nan   1.102     nan                                None     -33.116      -7.935     -34.682       0.054      -8.194       0.060
Gaia DR3 5855198832989286400 184.1672644 -70.1267614 10.356  1.260       1.157  11.2050  26.1547    10.41      nan      nan    8.948  nan      nan    nan   0.930     nan                                None     -34.685      -6.869     -36.100       0.014      -8.530       0.013
Gaia DR3 5877200850992017024 220.1119943 -63.2853852 13.349  2.536       0.714  11.1100  26.1620     5.04      nan      nan    8.932  nan      nan    nan   1.080     nan                                None     -28.159     -27.336     -26.816       0.007     -27.276       0.015
Gaia DR3 5235454293629405824 178.8558339 -69.0780578 13.483  2.633       1.402  11.7045  26.1680    10.95      nan      nan    9.028  nan      nan    nan   1.191     nan                                None     -34.825      -4.267     -37.326       0.016      -5.196       0.015
Gaia DR3 6067307815804875520 200.0365203 -54.1008718 12.170  1.966       2.991   6.3785  26.1742     6.05      nan      nan    8.445  nan      nan    nan  29.292     nan                                None     -31.544     -18.606     -32.500       0.356     -23.845       0.335
Gaia DR3 6065910375195211392 206.4644496 -53.2669451 14.254  2.753       0.481   8.6253  26.1859     4.73      nan      nan    8.625  nan      nan    nan   1.212     nan                                None     -31.013     -22.007     -30.290       0.021     -21.514       0.020
Gaia DR3 5344477812183609728 176.8893203 -54.1078063 14.391  2.831       0.415  12.6076  26.1971    10.36      nan      nan    9.195  nan      nan    nan   1.187     nan                                None     -35.327      -8.698     -35.940       0.018      -8.177       0.019
Gaia DR3 5863380573895943424 198.3293847 -61.6320682 15.104  2.914       0.326   1.4118  26.2048     7.62      nan      nan    8.256  nan      nan    nan   1.076     nan                                None     -31.079     -15.841     -30.513       0.024     -15.870       0.030
Gaia DR3 6066589770321048704 198.2671876 -55.6855375 13.344  2.362       0.420   4.6501  26.2158     6.64      nan      nan    8.347  nan      nan    nan   1.078     nan                                None     -31.432     -17.291     -32.122       0.009     -17.028       0.010
Gaia DR3 6084506690226614912 195.5677566 -50.2959424 13.764  2.548       0.843  10.0610  26.2201     6.23      nan      nan    8.781  nan      nan    nan   1.157     nan                                None     -33.408     -18.060     -32.154       0.075     -17.132       0.043
Gaia DR3 5891368195694050688 218.2493967 -58.1194255 16.189  3.358       0.616  10.8860  26.2248     3.97      nan      nan    8.892  nan      nan    nan   1.066     nan                                None     -28.669     -27.171     -29.701       0.041     -26.654       0.050
Gaia DR3 6125006582570593280 180.9472426 -53.4021481 15.691  3.250       0.916  11.2537  26.2421     9.53      nan      nan    8.945  nan      nan    nan   1.127     nan                                None     -34.609     -10.665     -35.341       0.031      -9.100       0.033
Gaia DR3 6074699149583735552 190.9851575 -53.5731212 13.254  2.324       0.143   7.5615  26.2975     7.64      nan      nan    8.521  nan      nan    nan   1.509     nan                                None     -32.821     -14.756     -32.689       0.014     -14.976       0.017
Gaia DR3 5844510549181107584 202.6996434 -68.3862392 16.639  3.109       1.114   8.3995  26.3018     8.14      nan      nan    8.593  nan      nan    nan   1.172     nan                                None     -31.649     -17.020     -33.653       0.052     -16.779       0.075
Gaia DR3 6082109102044905216 199.1736279 -48.3238374 14.233  2.734       0.524  12.0322  26.3095     5.14      nan      nan    9.068  nan      nan    nan   1.203     nan                                None     -34.011     -20.662     -34.282       0.023     -19.697       0.017
Gaia DR3 6075552027025817600 183.2595369 -55.9060609 16.692  3.250       1.368   8.6085  26.3426     9.36      nan      nan   13.924  nan      nan    nan   1.010     nan                                None     -53.965     -17.164     -52.283       0.046     -13.516       0.053
Gaia DR3 5851696304375719808 204.2069061 -66.1725327 16.003  3.009       1.884   6.6252  26.3654     7.58      nan      nan   14.195  nan      nan    nan   0.984     nan                                None     -51.814     -30.289     -47.215       0.028     -27.027       0.037
Gaia DR3 6126270677337087744 182.9930985 -51.0586284 19.923  3.309       0.966  12.2264  26.3708     8.88      nan      nan    9.096  nan      nan    nan   1.074     nan                                None     -35.249     -12.562     -34.633       0.363     -10.815       0.349
Gaia DR3 6125412641649888256 182.0316554 -51.9656366 12.523  2.013       0.413  11.8687  26.3868     9.18      nan      nan    9.030  nan      nan    nan   1.013     nan                                None     -34.970     -11.738     -35.488       0.011     -11.147       0.012
Gaia DR3 5838713408461840256 189.2070131 -73.9389975 12.889  2.576       2.749  13.9599  26.4101    10.18      nan      nan    9.492  nan      nan    nan   3.031     nan                                None     -36.674      -8.993     -41.270       0.045     -12.013       0.056
Gaia DR3 6125006651290070144 180.9461506 -53.4017084 14.914  3.062       0.829  11.2544  26.4134     9.53      nan      nan    8.926  nan      nan    nan   1.152     nan                                None     -34.535     -10.641     -36.067       0.021     -10.354       0.023
Gaia DR3 5897410561829711360 214.2690060 -51.8946634 17.682  3.835       1.070  12.5898  26.4295     3.05      nan      nan    9.159  nan      nan    nan   0.993     nan                                None     -30.828     -27.005     -32.750       0.135     -26.243       0.151
Gaia DR3 6084194600723534976 202.6576504 -46.2871794 12.258  1.815       0.123  14.3684  26.4819     4.02      nan      nan    9.604  nan      nan    nan   1.215     nan                                None     -35.383     -23.810     -35.497       0.018     -23.587       0.019
Gaia DR3 5368539249764061056 179.1019269 -52.7025546 13.971  2.722       0.907  12.5356  26.4998     9.82      nan      nan    9.139  nan      nan    nan   1.203     nan                                None     -35.269     -10.214     -36.901       0.015      -9.593       0.015
Gaia DR3 6068933963447850880 203.1677363 -52.6989072 17.076  3.578       0.153   8.2586  26.5153     5.21      nan      nan    8.562  nan      nan    nan   0.991     nan                                None     -31.448     -20.505     -31.625       0.087     -20.293       0.103
Gaia DR3 6092057311453787008 215.4510412 -48.0720340  8.306  0.803       2.850  16.0870  26.5203     1.89      nan      nan   11.332  nan      nan    nan  16.939     nan                                None     -37.684     -34.405     -30.891       0.428     -34.840       0.527
Gaia DR3 5227091781824686080 176.4486436 -72.9903604    nan    nan       1.864  14.9617  26.5211    11.30      nan      nan    9.815  nan      nan    nan   1.133     nan                                None     -37.669      -1.565     -40.806       0.465      -3.808       0.445
Gaia DR3 6132975155641172736 188.3280986 -45.0198963 13.096  1.983       2.670  16.1967  26.5333     6.94      nan      nan   10.836  nan      nan    nan   1.031     nan                                None     -41.915     -19.784     -45.999       0.012     -24.313       0.011
Gaia DR3 6057138535846211840 193.2835707 -58.9923335 17.353  2.874       0.386   2.4254  26.5366     8.01      nan      nan    8.251  nan      nan    nan   0.975     nan                                None     -31.611     -14.058     -32.140       0.091     -14.473       0.127
Gaia DR3 6080650943468764160 199.7311124 -51.1164845 15.250  3.077       0.192   9.2904  26.5566     5.56      nan      nan    8.659  nan      nan    nan   1.146     nan                                None     -32.392     -19.494     -32.644       0.036     -19.739       0.022
Gaia DR3 5849893070956936576 221.1745125 -64.3022525 10.925  1.029       1.868  11.7011  26.5623     5.18      nan      nan    8.980  nan      nan    nan   1.051     nan                                None     -27.930     -27.780     -27.184       0.008     -31.236       0.016
Gaia DR3 6125680304011636608 185.7749504 -51.3007808 13.229  2.437       0.823  11.0666  26.5929     8.35      nan      nan    8.878  nan      nan    nan   5.693     nan                                None     -34.408     -13.494     -35.467       0.069     -12.375       0.065
Gaia DR3 6066040976559932032 208.2452515 -52.5734400 15.236  3.202       0.506   9.7885  26.5994     4.26      nan      nan    8.711  nan      nan    nan   1.122     nan                                None     -30.915     -23.098     -30.360       0.035     -22.353       0.033
Gaia DR3 5341779851183502464 176.1968887 -58.2648332  8.577  0.712       1.630  10.9291  26.6143    10.78      nan      nan   13.560  nan      nan    nan   0.831     nan                                None     -52.009     -10.110     -54.120       0.014     -14.264       0.014
Gaia DR3 5866627088128012672 213.3952755 -60.8707363 15.597  3.293       0.845   7.8954  26.6169     5.31      nan      nan    8.522  nan      nan    nan   1.038     nan                                None     -28.929     -23.579     -27.489       0.030     -23.100       0.042
Gaia DR3 6094004237309316608 209.7909454 -49.2349312 14.089  2.712       1.936  13.1578  26.6182     3.23      nan      nan    9.254  nan      nan    nan   1.198     nan                                None     -32.441     -25.648     -30.076       0.025     -22.704       0.025
Gaia DR3 6066859150662290048 197.3335291 -55.2637086 14.926  3.038       0.732   5.0447  26.6313     6.74      nan      nan    8.335  nan      nan    nan   3.500     nan                                None     -31.507     -16.931     -31.771       0.280     -15.672       0.282
Gaia DR3 5841257781444541824 180.0105025 -74.7352211 14.297  2.877       1.755  15.7273  26.6489    11.02      nan      nan   10.173  nan      nan    nan   1.202     nan                                None     -39.313      -3.233     -42.205       0.019      -5.641       0.020
Gaia DR3 5855805900841585920 180.1223930 -70.8445844 14.681  3.357       1.049  12.6109  26.6619    10.88      nan      nan    9.132  nan      nan    nan   2.326     nan                                None     -35.297      -4.401     -36.648       0.053      -5.901       0.053
Gaia DR3 6095194836601599872 209.4919047 -46.7400825 14.159  2.822       0.688  15.3220  26.6699     2.71      nan      nan    9.936  nan      nan    nan   1.301     nan                                None     -34.918     -27.675     -35.098       0.026     -26.245       0.021
Gaia DR3 6067700655004898048 197.4930135 -54.2971259 13.638  2.736       0.614   6.0121  26.6742     6.55      nan      nan    8.384  nan      nan    nan   1.375     nan                                None     -31.670     -17.300     -30.808       0.016     -17.959       0.016
Gaia DR3 5241865163655827968 164.0171662 -61.8681505 11.157  1.558       1.635  15.9957  26.6869    12.76      nan      nan   11.591  nan      nan    nan   0.833     nan                                None     -42.085       1.173     -42.042       0.013       5.168       0.011
Gaia DR3 6066518164624625152 198.5434991 -56.1250525 15.981  3.303       0.417   4.2328  26.7093     6.67      nan      nan    8.294  nan      nan    nan   1.033     nan                                None     -31.194     -17.217     -30.523       0.026     -16.933       0.032
Gaia DR3 6126517517699891712 182.0215310 -50.6613223  4.397 -0.212       1.595  12.9064  26.7120     9.04      nan      nan    9.186  nan      nan    nan   1.440     nan                                None     -35.574     -12.338     -32.587       0.132     -11.550       0.138
Gaia DR3 6073132448610641792 188.7179979 -56.8802233 15.262  3.316       0.729   5.6347  26.7244     8.50      nan      nan    8.358  nan      nan    nan   1.009     nan                                None     -32.315     -12.604     -33.600       0.054     -12.610       0.063
Gaia DR3 5336418941735368576 174.2480350 -59.1242969 14.907  3.109       0.565  11.6329  26.7369    11.14      nan      nan    8.949  nan      nan    nan   1.093     nan                                None     -34.134      -5.367     -35.195       0.024      -5.260       0.027
Gaia DR3 5236792880333011968 171.9802660 -66.4345733 10.524  1.169       1.977  12.7765  26.7503    11.70      nan      nan    9.154  nan      nan    nan   0.923     nan                                None     -34.637      -1.445     -34.025       0.013       2.319       0.011
Gaia DR3 5369537468876948864 175.2308758 -51.5769351 18.165  2.636       2.834  15.0230  26.7680    10.48      nan      nan   12.293  nan      nan    nan   2.102     nan                                None     -47.028     -11.736     -39.747       0.278     -12.697       0.277
Gaia DR3 6072458688503106432 183.0112038 -56.6731534 15.498  3.183       0.174   8.2909  26.8217     9.48      nan      nan    8.538  nan      nan    nan   1.048     nan                                None     -33.088     -10.178     -33.264       0.029      -9.919       0.030
Gaia DR3 6091582146329270784 215.4629287 -49.0774735 14.126  2.793       0.556  15.2660  26.8297     2.14      nan      nan    9.865  nan      nan    nan   1.288     nan                                None     -32.802     -29.883     -33.648       0.026     -29.096       0.031
Gaia DR3 6058666208503986944 183.5336236 -60.4355098 16.335  3.476       1.924   6.8029  26.8446     9.75      nan      nan    8.421  nan      nan    nan   1.057     nan                                None     -32.638      -9.170     -31.790       0.046      -5.862       0.048
Gaia DR3 5892277560548544000 214.7369375 -56.9955343 15.647  3.623       1.081   9.6142  26.8581     4.21      nan      nan    8.667  nan      nan    nan   1.122     nan                                None     -29.033     -25.155     -27.163       0.041     -24.518       0.049
Gaia DR3 6057276146599994368 194.8991145 -58.3791747 18.029  3.501       2.043   2.2892  26.8651     7.65      nan      nan    8.225  nan      nan    nan   1.250     nan                                None     -31.364     -14.918     -34.581       0.149     -16.403       0.176
Gaia DR3 5228153089728736000 172.4397578 -71.9034984 16.842  3.207       2.917  15.1344  26.8809    11.67      nan      nan    9.796  nan      nan    nan   0.990     nan                                None     -37.131       0.482     -32.564       0.060      -3.445       0.055
Gaia DR3 6058705619119861888 183.0601299 -60.3371878  9.218  0.737       1.475   7.0451  26.8935     9.81      nan      nan    8.434  nan      nan    nan   1.035     nan                                None     -32.682      -8.979     -31.742       0.013      -6.530       0.015
Gaia DR3 6073869426330817536 194.5252922 -54.3233902 17.148  4.170       0.852   6.1706  26.9009     7.09      nan      nan    8.376  nan      nan    nan   1.023     nan                                None     -31.976     -15.940     -33.338       0.099     -16.578       0.106
Gaia DR3 5838450865699668736 189.7758326 -74.5740214  9.145  0.783       2.137  14.5282  26.9016    10.18      nan      nan   12.569  nan      nan    nan   0.911     nan                                None     -48.518     -12.072     -50.489       0.012      -6.764       0.014
Gaia DR3 6065183215744908928 207.9469967 -53.4575001 12.428  2.153       2.800   8.9595  26.9536     4.51      nan      nan    8.590  nan      nan    nan  11.546     nan                                None     -30.554     -22.527     -25.610       0.167     -21.405       0.150
Gaia DR3 6085297995001143680 196.3369695 -48.1865602 13.791  2.908       0.518  12.1351  26.9540     5.71      nan      nan    9.007  nan      nan    nan  23.030     nan                                None     -34.177     -19.292     -33.809       0.356     -18.381       0.275
Gaia DR3 6078910588360429696 189.7809145 -51.5047218 15.705  3.240       0.261   9.7503  26.9584     7.58      nan      nan    8.672  nan      nan    nan   1.044     nan                                None     -33.477     -14.963     -33.517       0.033     -14.488       0.029
Gaia DR3 6079952405687110784 194.8422270 -53.6024005 19.113  3.663       0.627   6.8392  26.9620     6.92      nan      nan    8.414  nan      nan    nan   1.014     nan                                None     -32.089     -16.312     -33.127       0.214     -16.712       0.184
Gaia DR3 5847117628686974336 208.2404967 -69.6518198 14.520  2.849       0.303  10.3870  26.9756     7.77      nan      nan    8.747  nan      nan    nan   1.112     nan                                None     -31.043     -19.858     -30.782       0.017     -20.353       0.019
Gaia DR3 5855198828676205696 184.1646790 -70.1266183 13.779  2.363       1.225  11.2054  26.9896    10.41      nan      nan    8.856  nan      nan    nan   1.330     nan                                None     -34.328      -6.797     -36.387       0.076      -7.795       0.078
Gaia DR3 5837552805215620224 191.9770820 -75.4255701 15.259  3.379       1.592  15.2355  27.0016    10.07      nan      nan    9.807  nan      nan    nan   1.082     nan                                None     -37.696     -10.510     -38.337       0.030     -13.738       0.035
Gaia DR3 5842677285319229184 181.0290811 -72.2687745 16.540  3.580       1.502  13.5327  27.0206    10.84      nan      nan    9.280  nan      nan    nan   1.074     nan                                None     -35.907      -4.482     -37.966       0.051      -6.577       0.054
Gaia DR3 5823390884996045952 231.3215144 -67.8330410 14.864  2.611       2.206  16.3766  27.0263     5.16      nan      nan   11.400  nan      nan    nan   1.088     nan                                None     -30.255     -39.835     -24.959       0.014     -39.565       0.020
Gaia DR3 6064432081823385856 204.6838446 -55.9539205 16.964  4.052       1.944   5.8319  27.0310     5.59      nan      nan    8.346  nan      nan    nan   2.103     nan                                None     -30.373     -20.105     -27.032       0.105     -19.374       0.172
Gaia DR3 6078760195785278208 187.6230205 -52.3742171 11.255  1.401       0.232   9.5611  27.0452     8.13      nan      nan    8.643  nan      nan    nan   1.353     nan                                None     -33.457     -13.705     -33.601       0.018     -13.307       0.018
Gaia DR3 5838361599097855104 189.8379909 -75.0442728  9.975  1.217       1.543  14.9788  27.0466    10.21      nan      nan    9.696  nan      nan    nan   0.900     nan                                None     -37.425      -9.181     -38.300       0.010     -12.210       0.013
Gaia DR3 5369050449640957184 179.4669175 -51.2242390 12.505  2.016       1.058  13.4621  27.0525     9.61      nan      nan    9.259  nan      nan    nan   4.340     nan                                None     -35.752     -11.017     -37.369       0.045      -9.734       0.047
Gaia DR3 5895049498073090176 220.6352578 -52.4640922 14.467  2.619       2.003  14.9851  27.1280     2.14      nan      nan   12.447  nan      nan    nan   1.491     nan                                None     -38.981     -40.183     -35.665       0.031     -44.261       0.046
Gaia DR3 5826929426993834624 231.4008623 -63.1459866 16.319  2.957       1.304  16.1909  27.1914     3.78      nan      nan   10.272  nan      nan    nan   0.992     nan                                None     -27.220     -36.718     -27.625       0.052     -39.513       0.047
Gaia DR3 5227745686309940224 171.7705189 -72.3293730 14.973  3.171       1.653  15.5553  27.2158    11.74      nan      nan    9.890  nan      nan    nan   1.134     nan                                None     -37.393       1.084     -40.247       0.027      -0.848       0.028
Gaia DR3 5346463427106534784 170.7221897 -54.7695930 17.275  4.066       1.125  15.1822  27.2245    11.53      nan      nan    9.731  nan      nan    nan   1.091     nan                                None     -36.634      -5.703     -38.868       0.081      -5.125       0.081
Gaia DR3 5849893066595895552 221.1743716 -64.3042302 18.547  3.060       1.130  11.7013  27.2278     5.18      nan      nan    8.904  nan      nan    nan   1.071     nan                                None     -27.693     -27.544     -26.393       0.134     -29.221       0.187
Gaia DR3 6132134299824086144 188.7343388 -45.6356014 12.255  2.344       2.422  15.5259  27.2477     6.94      nan      nan   12.219  nan      nan    nan  10.459     nan                                None     -47.239     -22.354     -48.795       0.155     -16.311       0.131
Gaia DR3 5368632811329281152 177.3790158 -52.7246685 14.831  2.980       1.203  13.2768  27.2500    10.16      nan      nan    9.189  nan      nan    nan   1.451     nan                                None     -35.344      -9.416     -37.673       0.027      -9.359       0.027
Gaia DR3 5235454293629405568 178.8536998 -69.0781614 15.266  3.155       0.870  11.7052  27.2554    10.95      nan      nan    8.902  nan      nan    nan   1.601     nan                                None     -34.338      -4.206     -34.895       0.042      -5.740       0.043
Gaia DR3 6077605639860150400 186.8065424 -51.4120789 16.025  3.297       0.369  10.6464  27.2563     8.16      nan      nan    8.752  nan      nan    nan   0.995     nan                                None     -33.899     -13.749     -33.816       0.038     -13.074       0.035
Gaia DR3 5838464334717629056 190.7664106 -74.4605171 15.047  2.742       1.706  14.3537  27.2630    10.09      nan      nan   12.758  nan      nan    nan   1.076     nan                                None     -49.165     -13.128     -44.686       0.024     -14.123       0.026
Gaia DR3 5332396137919486208 177.9630647 -65.2059392  4.990 -0.198       1.168  10.0649  27.2677    10.89      nan      nan    8.679  nan      nan    nan   1.272     nan                                None     -33.425      -4.973     -34.879       0.129      -6.538       0.155
Gaia DR3 6062314250648623360 200.8728192 -58.1714825 14.491  3.051       1.207   2.8052  27.2715     6.64      nan      nan    8.209  nan      nan    nan   6.079     nan                                None     -30.537     -17.678     -29.307       0.080     -15.990       0.108
Gaia DR3 5837190997169864704 186.4920347 -75.8532873 15.338  3.290       1.913  15.9990  27.2783    10.54      nan      nan   10.104  nan      nan    nan   1.059     nan                                None     -39.145      -7.046     -41.143       0.029     -10.596       0.032
Gaia DR3 6068618777262564352 202.5125806 -54.0707311 12.746  2.041       0.170   6.8386  27.2847     5.60      nan      nan    8.389  nan      nan    nan   1.099     nan                                None     -30.930     -19.578     -30.810       0.013     -19.303       0.014
Gaia DR3 6073874172274613248 194.5416091 -54.1857933  7.363  0.077       1.499   6.3027  27.2906     7.07      nan      nan    8.354  nan      nan    nan   0.975     nan                                None     -31.892     -15.936     -31.138       0.024     -13.406       0.024
Gaia DR3 6071474728687559168 185.5313507 -58.1279885 16.813  3.781       0.359   6.4030  27.2969     9.19      nan      nan    8.360  nan      nan    nan   1.052     nan                                None     -32.402     -10.748     -31.944       0.058     -10.313       0.060
Gaia DR3 6126551362043068928 182.7605908 -50.3747002 15.070  3.346       0.983  12.8727  27.2989     8.85      nan      nan    9.100  nan      nan    nan   1.207     nan                                None     -35.258     -12.659     -36.086       0.030     -10.964       0.027
Gaia DR3 6127071431038402816 186.3195538 -48.7664517 14.714  2.454       2.410  13.1488  27.3254     7.91      nan      nan    9.152  nan      nan    nan   1.079     nan                                None     -35.459     -14.863     -39.082       0.022     -11.951       0.017
Gaia DR3 5231643386314617216 166.0988605 -69.8227175 13.774  2.793       1.796  15.9494  27.3335    12.35      nan      nan   10.055  nan      nan    nan   1.449     nan                                None     -36.981       3.500     -40.667       0.021       2.547       0.020
Gaia DR3 6133420114251217664 189.2706624 -44.3221384 15.653  3.597       0.969  16.6968  27.3394     6.62      nan      nan   11.137  nan      nan    nan   1.262     nan                                None     -43.026     -21.025     -44.414       0.044     -19.221       0.044
Gaia DR3 6125680308308209536 185.7758137 -51.3040047 16.297  3.734       0.116  11.0636  27.3409     8.35      nan      nan    8.798  nan      nan    nan   1.038     nan                                None     -34.099     -13.373     -34.140       0.062     -13.162       0.058
Gaia DR3 6080376271719420032 196.1157754 -52.0169949 17.169  3.678       1.772   8.3180  27.3648     6.42      nan      nan    8.495  nan      nan    nan   1.010     nan                                None     -32.260     -17.373     -30.886       0.076     -14.513       0.065
Gaia DR3 6078033899635553664 189.3415798 -52.5749881 18.642  4.030       0.138   8.8877  27.3864     7.82      nan      nan    8.545  nan      nan    nan   1.045     nan                                None     -33.007     -14.284     -33.117       0.174     -14.062       0.187
Gaia DR3 6079878777071626368 195.0401768 -54.0315829  9.696  0.767       1.432   6.3961  27.3868     6.95      nan      nan    8.353  nan      nan    nan   1.413     nan                                None     -31.836     -16.191     -32.019       0.017     -13.677       0.017
Gaia DR3 5891970418848508288 214.8681609 -57.5225110 14.958  3.024       0.902   9.4475  27.3890     4.32      nan      nan    8.600  nan      nan    nan   1.058     nan                                None     -28.772     -24.947     -27.257       0.020     -24.328       0.024
Gaia DR3 5837286379802373120 191.9880127 -76.1025769 15.187  3.389       1.893  15.9020  27.4084    10.13      nan      nan   10.004  nan      nan    nan   1.174     nan                                None     -38.453     -10.477     -40.218       0.031     -14.058       0.035
Gaia DR3 5339106732288098048 169.3103247 -59.7696940  7.104  0.359       1.644  13.8919  27.4134    11.95      nan      nan   12.972  nan      nan    nan   0.915     nan                                None     -48.523      -3.785     -47.078       0.018       0.471       0.017
Gaia DR3 6108216966982415360 206.7936534 -44.6580845 12.936  2.341       0.656  16.6411  27.4145     2.80      nan      nan   10.602  nan      nan    nan   1.315     nan                                None     -38.035     -28.485     -38.273       0.027     -27.038       0.026
Gaia DR3 6061471337528137600 195.2068112 -55.9473761 17.648  3.996       0.863   4.5006  27.4177     7.23      nan      nan    8.254  nan      nan    nan   1.064     nan                                None     -31.444     -15.662     -32.753       0.083     -16.397       0.114
Gaia DR3 6126456323004637696 182.4648097 -50.8459411 13.305  2.339       0.672  12.5928  27.4209     8.97      nan      nan    9.031  nan      nan    nan   1.288     nan                                None     -34.987     -12.285     -35.905       0.012     -11.394       0.013
Gaia DR3 6093702902403154432 208.1901069 -49.6425376 14.809  3.125       0.758  12.3217  27.4334     3.62      nan      nan    8.982  nan      nan    nan   1.118     nan                                None     -31.890     -24.175     -30.911       0.030     -23.127       0.030
Gaia DR3 5904227499576770048 221.5838795 -50.9292919 11.266  1.719       1.194  16.4542  27.4339     1.58      nan      nan   11.641  nan      nan    nan   4.220     nan                                None     -36.013     -38.176     -38.943       0.136     -38.202       0.143
Gaia DR3 5369029700665232640 179.9510854 -51.6183064 13.852  2.597       0.559  12.9666  27.4480     9.55      nan      nan    9.098  nan      nan    nan   1.170     nan                                None     -35.158     -10.932     -35.898       0.013     -10.156       0.013
Gaia DR3 5334979333081018112 177.1139119 -61.2592022 12.063  1.889       1.068   9.8670  27.4683    10.81      nan      nan    8.638  nan      nan    nan   0.797     nan                                None     -33.205      -5.872     -35.149       0.010      -5.947       0.010
Gaia DR3 6066665533542106368 196.8973453 -56.2103624 15.310  3.032       2.422   4.1040  27.4752     6.97      nan      nan    8.235  nan      nan    nan   1.111     nan                                None     -31.182     -16.335     -30.501       0.019     -12.185       0.025
Gaia DR3 6080720895592477056 198.1464869 -51.5273939 16.346  3.404       0.164   8.7932  27.4946     5.94      nan      nan    8.527  nan      nan    nan   0.964     nan                                None     -32.124     -18.430     -31.830       0.046     -18.461       0.038
Gaia DR3 6090949828366972544 210.9730108 -49.4218374 11.837  1.280       2.799  13.3706  27.4954     3.05      nan      nan    9.175  nan      nan    nan   1.451     nan                                None     -31.843     -25.909     -26.876       0.022     -28.062       0.018
Gaia DR3 6130971020821058560 181.7666718 -47.7062520 16.195  3.628       0.537  15.4836  27.5146     8.75      nan      nan    9.781  nan      nan    nan   0.970     nan                                None     -37.871     -13.956     -38.634       0.044     -13.154       0.039
Gaia DR3 6125287920108336256 181.1147464 -52.5826175 17.013  4.306       1.333  11.7716  27.5610     9.42      nan      nan    8.878  nan      nan    nan   1.325     nan                                None     -34.353     -10.918     -32.911       0.096      -8.883       0.092
Gaia DR3 6074418190022247936 191.1105320 -54.3467677  8.794  0.590       1.934   6.8320  27.5747     7.73      nan      nan    8.366  nan      nan    nan   0.932     nan                                None     -32.217     -14.362     -35.626       0.019     -14.233       0.022
Gaia DR3 5859601380640154112 182.3487328 -67.4046139 13.683  2.465       2.974   9.6389  27.5799    10.45      nan      nan    8.603  nan      nan    nan   1.122     nan                                None     -33.325      -6.517     -33.025       0.013      -1.132       0.013
Gaia DR3 5791211963519879296 210.0295473 -74.4344160 15.586  2.891       2.933  14.8716  27.5818     8.50      nan      nan    9.548  nan      nan    nan   1.018     nan                                None     -33.405     -21.309     -33.830       0.029     -27.197       0.038
Gaia DR3 6126298474370909696 182.9948710 -50.7701948  8.390  0.532       0.803  12.4621  27.6051     8.85      nan      nan    8.985  nan      nan    nan   1.006     nan                                None     -34.820     -12.494     -34.992       0.017     -10.984       0.018
Gaia DR3 6068933959157503616 203.1651784 -52.6998289 13.674  2.510       0.300   8.2572  27.6065     5.21      nan      nan    8.470  nan      nan    nan   1.211     nan                                None     -31.111     -20.284     -30.682       0.019     -19.963       0.023
Gaia DR3 6067730685412045568 198.3340059 -54.0304533 13.215    nan       1.423   6.3019  27.6192     6.35      nan      nan    8.330  nan      nan    nan   0.963     nan                                None     -31.356     -17.615     -29.641       0.040     -15.799       0.044
Gaia DR3 6127629158312984064 189.2157537 -48.8857674 15.086  3.020       0.657  12.3277  27.6230     7.32      nan      nan    8.960  nan      nan    nan   1.196     nan                                None     -34.618     -15.841     -35.395       0.035     -14.875       0.025
Gaia DR3 5869225161065501184 205.8721688 -59.6810676 13.132  2.208       0.819   4.3208  27.6250     6.14      nan      nan    8.233  nan      nan    nan   1.021     nan                                None     -29.725     -19.693     -28.918       0.008     -18.523       0.009
Gaia DR3 6066015241114880640 207.2777815 -52.8865832 15.092  3.032       0.430   9.2070  27.6295     4.50      nan      nan    8.554  nan      nan    nan   1.180     nan                                None     -30.581     -22.231     -30.167       0.032     -21.575       0.032
Gaia DR3 5226532233485499136 175.8729169 -74.3105190 14.149  2.783       1.752  16.0514  27.6355    11.36      nan      nan   10.011  nan      nan    nan   1.193     nan                                None     -38.366      -0.674     -41.161       0.018      -3.094       0.020
Gaia DR3 6108047680853488896 205.3061877 -46.0284112  6.437  1.172       1.580  15.0358  27.6483     3.41      nan      nan    9.587  nan      nan    nan   1.200     nan                                None     -34.747     -24.969     -37.622       0.025     -23.580       0.018
Gaia DR3 5892587416672487040 218.7104194 -55.8976287 14.717  2.797       2.214  12.0672  27.6584     3.34      nan      nan    8.913  nan      nan    nan   1.111     nan                                None     -28.583     -27.696     -30.557       0.021     -24.034       0.031
Gaia DR3 6132146982868270976 187.9083037 -45.9832759 12.060  2.520       0.724  15.3608  27.6628     7.17      nan      nan   12.468  nan      nan    nan   1.435     nan                                None     -48.247     -22.198     -49.682       0.019     -20.950       0.015
Gaia DR3 5851359407126212096 204.8278880 -67.2209241 13.943  2.552       2.652   7.6560  27.6785     7.70      nan      nan   14.368  nan      nan    nan   1.112     nan                                None     -52.239     -30.755     -45.816       0.013     -25.933       0.017
Gaia DR3 5839124003032696064 203.4085380 -73.7161251 18.787  4.418       0.987  13.6001  27.7063     8.91      nan      nan    9.194  nan      nan    nan   1.119     nan                                None     -33.724     -17.067     -32.886       0.192     -18.787       0.237
Gaia DR3 5838482579738795776 190.9345885 -74.2017474 12.855  2.936       1.778  14.0914  27.7192    10.05      nan      nan    9.306  nan      nan    nan  10.585     nan                                None     -35.851      -9.767     -37.650       0.176     -12.756       0.180
Gaia DR3 6062261577184476416 198.8606219 -58.3571006 14.097  2.751       1.801   2.1040  27.7329     7.00      nan      nan    8.163  nan      nan    nan   2.136     nan                                None     -30.659     -16.629     -28.165       0.025     -14.788       0.031
Gaia DR3 6093660880442332928 207.4768950 -50.2400590  8.320  0.483       1.859  11.5837  27.7528     3.89      nan      nan    8.829  nan      nan    nan   1.197     nan                                None     -31.515     -23.390     -29.040       0.025     -20.972       0.024
Gaia DR3 6066553039756468352 199.1508619 -55.7169511 15.374  3.514       1.428   4.6926  27.7534     6.50      nan      nan   14.685  nan      nan    nan   1.091     nan                                None     -55.082     -31.113     -56.225       0.027     -26.842       0.031
Gaia DR3 5225172897817489024 175.2062492 -74.9942456 16.398  3.844       1.842  16.6848  27.7562    11.42      nan      nan   10.404  nan      nan    nan   1.015     nan                                None     -39.800       0.044     -43.134       0.058      -2.237       0.048
Gaia DR3 5342193989107323392 176.7734347 -57.4990579 20.003  3.586       1.732  10.9261  27.7629    10.63      nan      nan    8.737  nan      nan    nan   1.145     nan                                None     -33.559      -7.064     -36.710       0.496      -7.557       0.456
Gaia DR3 6078434087512176384 193.6039776 -50.7366695 15.265  3.152       0.624   9.7959  27.7759     6.70      nan      nan    8.602  nan      nan    nan   1.053     nan                                None     -32.928     -16.734     -32.508       0.028     -15.683       0.029
Gaia DR3 6129029661247080960 191.7040331 -46.7516903 14.761  3.075       0.182  13.9489  27.7801     6.46      nan      nan    9.263  nan      nan    nan   1.123     nan                                None     -35.626     -18.027     -35.583       0.027     -18.380       0.025
Gaia DR3 6066188512972304768 206.4830726 -52.3738396 10.811  1.283       0.467   9.4025  27.7829     4.54      nan      nan    8.560  nan      nan    nan   0.924     nan                                None     -30.777     -21.981     -30.316       0.013     -21.276       0.017
Gaia DR3 5345926521837097216 171.8830259 -56.1995410 12.634  2.383       2.527  13.8984  27.7901    11.40      nan      nan    9.249  nan      nan    nan   6.576     nan                                None     -34.986      -5.444     -39.029       0.080      -8.262       0.077
Gaia DR3 5233604915060520576 173.3554957 -70.1947897  6.686  0.051       1.854  13.9072  27.8040    11.58      nan      nan    9.249  nan      nan    nan   1.298     nan                                None     -35.176      -0.752     -38.730       0.046      -0.097       0.039
Gaia DR3 6055390591541938432 189.8943327 -62.3727514 14.414  2.663       2.157   4.1117  27.8143     8.97      nan      nan    8.212  nan      nan    nan   1.084     nan                                None     -31.693     -11.494     -29.747       0.018      -8.307       0.022
Gaia DR3 6124958749509664640 181.5282809 -53.4495165 18.997  3.644       0.921  10.9740  27.8509     9.43      nan      nan    8.734  nan      nan    nan   1.028     nan                                None     -33.812     -10.674     -35.166       0.188      -9.654       0.181
Gaia DR3 5875156652700438400 231.3867616 -61.5984061 12.604  2.070       2.194  16.4014  27.8588     3.32      nan      nan   10.137  nan      nan    nan   0.979     nan                                None     -26.869     -36.435     -30.994       0.016     -34.206       0.015
Gaia DR3 5838183443852841216 182.7261660 -75.1319305 14.460  3.202       1.507  15.7153  27.8664    10.80      nan      nan    9.788  nan      nan    nan   1.186     nan                                None     -37.925      -4.689     -39.337       0.022      -7.459       0.023
Gaia DR3 6081228118352521856 196.0565062 -51.0811873 13.957  2.653       0.155   9.2541  27.8834     6.27      nan      nan    8.537  nan      nan    nan   1.195     nan                                None     -32.425     -17.619     -32.704       0.017     -17.597       0.014
Gaia DR3 6078570392593197696 191.8997062 -50.8478133 13.778  2.577       0.110   9.9357  27.8852     7.06      nan      nan    8.607  nan      nan    nan   1.177     nan                                None     -33.090     -15.959     -33.226       0.015     -16.105       0.012
Gaia DR3 6126974467857636992 184.4672381 -49.5076291 14.700  2.904       0.478  13.0358  27.8949     8.40      nan      nan    9.054  nan      nan    nan   1.162     nan                                None     -35.097     -13.645     -35.432       0.021     -12.796       0.020
Gaia DR3 6127032325352993024 185.2196208 -49.1849873 12.332  1.947       0.215  13.0879  27.9010     8.20      nan      nan    9.063  nan      nan    nan   1.110     nan                                None     -35.130     -14.098     -35.453       0.012     -13.845       0.012
Gaia DR3 6080448564607484032 198.1090306 -52.2860387 16.550  3.547       0.368   8.0343  27.9027     6.08      nan      nan    8.427  nan      nan    nan   1.043     nan                                None     -31.755     -18.058     -32.122       0.055     -17.517       0.046
Gaia DR3 6077829871513329536 189.7156164 -52.8690771 14.108  2.686       0.806   8.5236  27.9116     7.79      nan      nan    8.467  nan      nan    nan   1.168     nan                                None     -32.689     -14.253     -34.080       0.018     -14.623       0.018
Gaia DR3 6077499949302379264 185.9882131 -52.2168873 14.605  2.811       0.634  10.2208  27.9202     8.43      nan      nan    8.636  nan      nan    nan   1.042     nan                                None     -33.466     -12.979     -34.333       0.018     -12.218       0.019
Gaia DR3 5876963493870292224 229.1336963 -58.9237613 11.823  1.902       1.656  15.9942  27.9227     2.78      nan      nan   12.240  nan      nan    nan   1.224     nan                                None     -33.781     -43.231     -36.481       0.018     -39.919       0.020
Gaia DR3 5337130321418993920 166.7508065 -61.9078668 16.022  3.355       1.688  14.7156  27.9523    12.37      nan      nan    9.432  nan      nan    nan   1.146     nan                                None     -34.818      -0.482     -33.091       0.047       2.397       0.049
Gaia DR3 6083262244920009088 200.1114945 -49.2237600  7.913  0.329       0.195  11.1987  27.9599     5.12      nan      nan    8.753  nan      nan    nan   1.068     nan                                None     -32.684     -20.198     -32.750       0.027     -20.552       0.026
Gaia DR3 6080420797642203392 197.2769733 -51.3848833 19.959  3.446       0.820   8.9236  27.9713     6.08      nan      nan    8.498  nan      nan    nan   1.114     nan                                None     -32.130     -18.014     -33.598       0.518     -17.973       0.373
Gaia DR3 6061839708272329088 194.8941620 -54.5382531 19.679  3.228       2.088   5.9148  27.9720     7.06      nan      nan    8.281  nan      nan    nan   1.110     nan                                None     -31.579     -15.879     -34.690       0.335     -17.780       0.318
Gaia DR3 5842390312782413568 180.5915923 -73.0536652 13.128  2.407       1.378  14.2449  27.9724    10.91      nan      nan    9.305  nan      nan    nan   1.090     nan                                None     -35.984      -3.939     -37.626       0.012      -6.087       0.015
Gaia DR3 5226962112476020096 173.5246894 -72.8791542 14.631  2.334       1.003  15.4989  27.9837    11.57      nan      nan    9.677  nan      nan    nan   1.951     nan                                None     -36.822       0.217     -38.735       0.034      -0.509       0.032
Gaia DR3 6129477471725883392 180.2631173 -50.5721155 16.544  3.478       1.205  13.6480  28.0424     9.38      nan      nan    9.157  nan      nan    nan   1.015     nan                                None     -35.399     -11.487     -37.081       0.045      -9.878       0.046
Gaia DR3 6132672029732817024 191.3087157 -44.4855801 19.359  3.492       0.654  16.2258  28.0440     6.18      nan      nan   12.155  nan      nan    nan   0.998     nan                                None     -46.789     -24.066     -46.152       0.309     -22.517       0.240
Gaia DR3 6126038676083234688 180.8846880 -52.2551721 20.026    nan       0.473  12.1082  28.0486     9.43      nan      nan    8.876  nan      nan    nan   1.102     nan                                None     -34.337     -10.907     -35.105       0.412     -11.348       0.439
Gaia DR3 6068270408181443712 200.1573833 -52.7478973  5.434 -0.174       1.522   7.7193  28.0638     5.78      nan      nan    8.390  nan      nan    nan   1.078     nan                                None     -31.322     -18.787     -30.282       0.077     -16.303       0.055
Gaia DR3 5241455011463200000 161.1794627 -63.2406114 19.676  4.138       1.575  17.1021  28.0670    13.12      nan      nan   11.321  nan      nan    nan   1.133     nan                                None     -40.291       3.675     -40.967       0.417       7.374       0.383
Gaia DR3 6125042862148937728 182.0882924 -53.3542363 19.373  3.647       0.844  10.8079  28.0863     9.31      nan      nan    8.690  nan      nan    nan   1.087     nan                                None     -33.656     -10.912     -35.175       0.273     -11.201       0.267
Gaia DR3 6067137224015451392 201.2093137 -54.3402376 11.381  1.591       0.973   6.3246  28.1118     5.88      nan      nan    8.294  nan      nan    nan   1.637     nan                                None     -30.799     -18.744     -30.112       0.024     -17.188       0.016
Gaia DR3 6071807193506395904 185.1941427 -57.2184018 16.744  3.461       1.338   6.9911  28.1183     9.15      nan      nan    8.335  nan      nan    nan   1.014     nan                                None     -32.308     -10.811     -32.660       0.046      -8.487       0.046
Gaia DR3 5335220267909593216 179.9416886 -61.0203794 10.993  1.328       0.979   8.5170  28.1491    10.36      nan      nan    8.447  nan      nan    nan   0.864     nan                                None     -32.640      -7.228     -34.322       0.014      -7.684       0.014
Gaia DR3 6073132448590048640 188.7183809 -56.8805912 15.323  3.150       0.901   5.6343  28.1605     8.50      nan      nan    8.253  nan      nan    nan   0.799     nan                                None     -31.908     -12.446     -33.083       0.053     -13.484       0.060
Gaia DR3 5342804389862675200 172.0843957 -57.0656986 13.164  2.405       1.447  13.4179  28.1857    11.41      nan      nan    9.090  nan      nan    nan   1.156     nan                                None     -34.411      -5.121     -36.854       0.012      -3.810       0.012
Gaia DR3 6129443352505153024 181.2856811 -50.6420737 16.413  3.488       0.920  13.1982  28.2027     9.18      nan      nan    9.045  nan      nan    nan   0.998     nan                                None     -35.008     -11.807     -36.097       0.042     -10.431       0.047
Gaia DR3 5866292630436068480 208.9901274 -62.2131511 14.717  2.788       2.861   5.9173  28.2277     6.21      nan      nan    8.263  nan      nan    nan   1.054     nan                                None     -29.156     -20.693     -31.688       0.014     -16.402       0.016
Gaia DR3 6085097093610966912 198.4679629 -48.3065846 14.455  2.729       0.245  12.0202  28.2486     5.29      nan      nan    8.840  nan      nan    nan   1.162     nan                                None     -33.258     -19.839     -33.677       0.024     -19.657       0.015
Gaia DR3 5895006440999427840 219.8936316 -53.0069800 12.779  2.597       2.979  14.2918  28.2562     2.41      nan      nan    9.272  nan      nan    nan   2.732     nan                                None     -29.309     -29.590     -24.715       0.064     -26.012       0.107
Gaia DR3 6077365602731102592 184.8723454 -52.9481265 14.841  2.890       0.489  10.0198  28.2614     8.73      nan      nan    8.582  nan      nan    nan   1.074     nan                                None     -33.267     -12.186     -33.937       0.019     -11.609       0.023
Gaia DR3 6064679300141091328 207.3286378 -55.5468508 15.351  3.103       0.803   7.1232  28.2807     5.06      nan      nan    8.331  nan      nan    nan   1.070     nan                                None     -29.772     -21.282     -28.547       0.024     -20.585       0.041
Gaia DR3 5789860491928908288 206.6088317 -75.9560170 15.657  3.209       1.831  15.9792  28.2877     9.02      nan      nan    9.792  nan      nan    nan   1.049     nan                                None     -35.173     -19.369     -38.306       0.030     -17.255       0.039
Gaia DR3 6083166900941147520 203.8877630 -47.7267998 15.058  3.136       2.599  13.1449  28.2969     4.06      nan      nan    9.023  nan      nan    nan   7.225     nan                                None     -33.000     -22.696     -29.243       0.213     -19.484       0.162
Gaia DR3 6057051335166859392 196.4349684 -58.5037560 17.442  4.150       1.246   1.8596  28.3015     7.42      nan      nan    8.121  nan      nan    nan   1.022     nan                                None     -30.803     -15.406     -32.380       0.080     -16.842       0.105
Gaia DR3 6128420115185665280 188.2983877 -48.6930610 12.504  1.548       1.506  12.7145  28.3029     7.48      nan      nan    8.946  nan      nan    nan   0.986     nan                                None     -34.602     -15.446     -34.026       0.012     -18.227       0.009
Gaia DR3 6071597977052900608 187.5399687 -57.5411108 15.531  3.382       0.104   5.7476  28.3041     8.78      nan      nan    8.249  nan      nan    nan   1.047     nan                                None     -31.931     -11.714     -31.762       0.028     -11.649       0.034
Gaia DR3 5896470891729962368 211.7246740 -54.6458050 12.620  2.043       0.574   9.5621  28.3186     4.13      nan      nan    8.529  nan      nan    nan   1.075     nan                                None     -29.408     -23.803     -28.796       0.014     -22.971       0.014
Gaia DR3 5841640647709452928 187.0790106 -73.1096855 11.680  1.745       0.732  13.3809  28.3259    10.31      nan      nan    9.064  nan      nan    nan   7.198     nan                                None     -35.104      -7.622     -36.402       0.097      -8.142       0.118
Gaia DR3 6080049338811098240 197.7622228 -52.7940476 13.816  2.662       2.447   7.5183  28.3333     6.24      nan      nan    8.354  nan      nan    nan   7.724     nan                                None     -31.526     -17.654     -30.977       0.215     -13.380       0.170
Gaia DR3 6058191425644830208 184.6214386 -61.0375623 14.368  2.634       2.760   6.2508  28.3344     9.63      nan      nan    8.274  nan      nan    nan   1.066     nan                                None     -32.072      -9.363     -33.949       0.016      -4.930       0.017
Gaia DR3 6073746732001084928 192.1169327 -55.2072725 19.879  4.187       0.937   5.8027  28.3409     7.67      nan      nan    8.249  nan      nan    nan   1.056     nan                                None     -31.696     -14.415     -33.242       0.288     -14.927       0.405
Gaia DR3 6078011355343647232 188.7365289 -52.3355582 14.958  2.897       1.150   9.2679  28.3617     7.90      nan      nan    8.497  nan      nan    nan   1.093     nan                                None     -32.849     -13.988     -33.676       0.023     -12.101       0.021
Gaia DR3 6067730685416937984 198.3332776 -54.0309291  9.910  0.974       0.859   6.3014  28.3676     6.35      nan      nan    8.274  nan      nan    nan   0.921     nan                                None     -31.147     -17.496     -29.652       0.012     -17.400       0.013
Gaia DR3 5368932119010787456 178.6932921 -52.1256008 15.313  3.045       0.647  13.1205  28.3863     9.85      nan      nan    9.007  nan      nan    nan   1.003     nan                                None     -34.737     -10.059     -35.757       0.024      -9.374       0.026
Gaia DR3 6081593877767016064 198.3793078 -50.5530689 13.473  2.437       0.282   9.7736  28.3885     5.72      nan      nan    8.545  nan      nan    nan   1.110     nan                                None     -32.160     -18.749     -31.653       0.013     -18.716       0.012
Gaia DR3 5872688764458062080 209.9282429 -54.5358766 13.288  2.222       0.664   8.8868  28.4153     4.41      nan      nan    8.457  nan      nan    nan   1.118     nan                                None     -29.615     -22.865     -30.702       0.013     -22.397       0.016
Gaia DR3 5904259793414798976 221.8463314 -50.7121383 16.289  3.590       1.216  16.7245  28.4190     1.48      nan      nan   12.001  nan      nan    nan   1.036     nan                                None     -36.996     -39.501     -39.872       0.068     -38.407       0.064
Gaia DR3 6081462383048737536 196.2663447 -50.5356641 17.059  3.748       0.282   9.7906  28.4256     6.13      nan      nan    8.543  nan      nan    nan   1.039     nan                                None     -32.424     -17.830     -32.898       0.081     -17.649       0.071
Gaia DR3 6086467153818936576 196.6485576 -46.0339218  8.253  0.605       0.445  14.2800  28.4296     5.26      nan      nan    9.242  nan      nan    nan   0.785     nan                                None     -35.029     -20.337     -35.658       0.034     -20.934       0.028
Gaia DR3 6079067814219997824 188.5985049 -51.0765872 18.903  4.268       1.283  10.4381  28.4296     7.76      nan      nan    8.613  nan      nan    nan   1.039     nan                                None     -33.304     -14.429     -35.314       0.237     -15.606       0.232
Gaia DR3 6135052403685187072 192.4818342 -46.1270928 12.762  2.189       0.298  14.4643  28.4607     6.18      nan      nan    9.282  nan      nan    nan   1.127     nan                                None     -35.635     -18.550     -35.554       0.015     -17.973       0.012
Gaia DR3 6126285314591273984 182.6116850 -51.0451022 17.329  4.267       1.321  12.3771  28.4611     8.96      nan      nan    8.872  nan      nan    nan   1.147     nan                                None     -34.372     -12.078     -33.657       0.099      -9.712       0.115
Gaia DR3 5348165127505382400 171.0078787 -52.8448647 14.749  3.276       0.512  16.1497  28.4654    11.38      nan      nan   12.382  nan      nan    nan   1.187     nan                                None     -46.671      -8.449     -47.847       0.026      -7.815       0.027
Gaia DR3 5875591509559619456 231.6693715 -61.1823748 13.342  2.465       2.062  16.6166  28.4894     3.17      nan      nan   10.039  nan      nan    nan   1.073     nan                                None     -26.469     -36.247     -30.389       0.015     -34.331       0.014
Gaia DR3 5344600820043829760 176.5364348 -53.5306078 16.877  3.697       0.491  13.1298  28.4903    10.38      nan      nan    8.996  nan      nan    nan   1.025     nan                                None     -34.535      -8.537     -35.324       0.059      -8.041       0.054
Gaia DR3 6125406255045171584 181.9222169 -52.1560797 17.451  3.933       0.868  11.7654  28.5129     9.22      nan      nan    8.774  nan      nan    nan   1.105     nan                                None     -33.978     -11.298     -35.253       0.085     -10.324       0.100
Gaia DR3 5838209763412855296 183.6416667 -74.7780520 14.580  3.055       1.704  15.2922  28.5372    10.71      nan      nan    9.495  nan      nan    nan   1.055     nan                                None     -36.801      -5.249     -38.847       0.020      -7.978       0.022
Gaia DR3 5369024409265032704 179.3885301 -51.4589553 16.431  3.541       1.098  13.3173  28.5392     9.65      nan      nan    9.025  nan      nan    nan   0.999     nan                                None     -34.844     -10.627     -36.742       0.041      -9.753       0.043
Gaia DR3 6084930448879211392 196.6402380 -49.5955867 13.299  2.148       2.333  10.7198  28.5811     5.90      nan      nan   14.096  nan      nan    nan   1.111     nan                                None     -53.427     -29.980     -48.339       0.014     -25.271       0.012
Gaia DR3 5336687737963799680 173.0344710 -58.0555961  9.548  1.148       1.777  12.5674  28.5894    11.29      nan      nan    8.888  nan      nan    nan   0.796     nan                                None     -33.762      -5.111     -36.920       0.011      -4.059       0.010
Gaia DR3 6064719810255388288 208.1034708 -55.0338709 16.920  3.632       0.952   7.7990  28.5896     4.82      nan      nan    8.355  nan      nan    nan   1.096     nan                                None     -29.684     -21.751     -28.666       0.078     -20.419       0.077
Gaia DR3 6085073969506432768 198.2356188 -48.6475407 15.205  3.320       0.476  11.6728  28.5897     5.40      nan      nan    8.753  nan      nan    nan   1.118     nan                                None     -32.965     -19.485     -32.791       0.039     -18.625       0.022
Gaia DR3 6062196431114002688 199.0107791 -58.6148375 14.280  2.569       2.625   1.8996  28.5917     7.02      nan      nan   15.018  nan      nan    nan   1.033     nan                                None     -56.367     -30.619     -51.070       0.014     -24.216       0.017
Gaia DR3 6124952431621117056 181.3019861 -53.5232196 12.446  1.959       0.366  11.0180  28.5972     9.48      nan      nan    8.666  nan      nan    nan   1.095     nan                                None     -33.542     -10.462     -33.786       0.010      -9.840       0.011
Gaia DR3 6069812606375245568 201.8872764 -51.9632350 16.028  2.687       1.751   8.7199  28.6116     5.30      nan      nan    8.426  nan      nan    nan   1.065     nan                                None     -31.177     -19.751     -29.780       0.102     -16.973       0.104
Gaia DR3 5869980461212011648 202.4985451 -59.5408686  9.714  0.735       2.712   2.7069  28.6149     6.63      nan      nan    8.116  nan      nan    nan   0.946     nan                                None     -29.927     -17.936     -30.183       0.010     -13.303       0.012
Gaia DR3 5339245786144002688 169.9146817 -58.7944575 14.037  2.387       2.091  13.8668  28.6204    11.83      nan      nan   13.340  nan      nan    nan   1.113     nan                                None     -50.040      -4.915     -50.822       0.036     -10.743       0.033
Gaia DR3 6132134304124539264 188.7341585 -45.6355006 12.343  2.344       1.482  15.5261  28.6218     6.94      nan      nan   12.742  nan      nan    nan   7.805     nan                                None     -49.261     -23.310     -51.244       0.132     -26.764       0.119
Gaia DR3 6079629222288915968 191.5563220 -49.6277098 15.724  3.244       0.486  11.1706  28.6393     6.94      nan      nan    8.681  nan      nan    nan   1.051     nan                                None     -33.400     -16.215     -33.418       0.031     -15.325       0.024
Gaia DR3 5332396137938924672 177.9634299 -65.2063147  7.501    nan       1.926  10.0649  28.6529    10.89      nan      nan    8.551  nan      nan    nan   0.860     nan                                None     -32.932      -4.900     -35.920       0.092      -3.133       0.131
Gaia DR3 5905457917492887552 220.1860297 -48.6403911 16.513  3.955       0.942  17.5207  28.6945     1.20      nan      nan   11.295  nan      nan    nan   0.962     nan                                None     -35.575     -36.515     -37.773       0.096     -36.074       0.104
Gaia DR3 6094816948198531584 206.9913893 -48.2688376 13.665  2.384       2.381  13.2661  28.7007     3.55      nan      nan   13.538  nan      nan    nan   1.409     nan                                None     -48.497     -35.922     -46.646       0.021     -29.385       0.018
Gaia DR3 5224879500011370496 179.9253749 -76.0239652 10.810  1.441       1.863  16.8337  28.7013    11.05      nan      nan   10.090  nan      nan    nan   0.944     nan                                None     -38.988      -2.622     -41.027       0.012      -6.020       0.011
Gaia DR3 5855778103831179648 191.2581230 -68.4033719 14.573  3.217       1.997   8.4993  28.7179     9.46      nan      nan    8.399  nan      nan    nan   8.884     nan                                None     -32.335     -10.738     -34.896       0.136     -13.175       0.150
Gaia DR3 6068224056893460864 201.3548287 -52.8634355 14.273  2.763       0.143   7.7663  28.7180     5.58      nan      nan    8.342  nan      nan    nan   1.118     nan                                None     -30.954     -19.176     -30.807       0.024     -18.973       0.019
Gaia DR3 5892383216749227392 214.8726825 -56.2503951 16.042  3.258       1.176  10.0434  28.7243     4.01      nan      nan    8.543  nan      nan    nan   1.041     nan                                None     -28.579     -24.949     -26.638       0.035     -24.102       0.041
Gaia DR3 5333858797597248128 172.2675216 -62.7532639 14.543  3.074       1.839  12.1064  28.7541    11.59      nan      nan    8.798  nan      nan    nan   1.823     nan                                None     -33.327      -2.929     -32.227       0.032       0.300       0.031
Gaia DR3 5344457574296329600 176.5097354 -54.2848322 13.471  2.493       0.577  12.6777  28.7541    10.45      nan      nan    8.887  nan      nan    nan   1.270     nan                                None     -34.113      -8.163     -35.183       0.013      -8.014       0.014
Gaia DR3 5905397139423601792 220.6812899 -48.7997843  8.309  0.731       0.630  17.6094  28.7626     1.15      nan      nan   11.107  nan      nan    nan   0.952     nan                                None     -34.765     -36.127     -36.090       0.022     -35.476       0.027
Gaia DR3 6068600600960975744 202.5240837 -54.2994163 14.564  2.839       1.509   6.6299  28.7760     5.64      nan      nan    8.263  nan      nan    nan   1.820     nan                                None     -30.464     -19.251     -33.025       0.035     -18.659       0.039
Gaia DR3 6136589834475210752 199.3703942 -42.9330768  8.182  0.590       0.932  17.4200  28.7763     4.06      nan      nan   10.530  nan      nan    nan   0.917     nan                                None     -39.456     -25.051     -40.275       0.033     -23.152       0.031
Gaia DR3 6062802124561817344 201.6767034 -57.1346992 11.878  1.222       1.885   3.8964  28.7927     6.32      nan      nan    8.137  nan      nan    nan   1.199     nan                                None     -30.140     -18.082     -27.684       0.011     -20.184       0.013
Gaia DR3 5368703661111921792 176.5302277 -52.2916350 13.665  2.905       0.561  13.9500  28.8085    10.29      nan      nan    9.115  nan      nan    nan   5.024     nan                                None     -34.990      -9.077     -36.057       0.054      -8.923       0.055
Gaia DR3 6086467149517306368 196.6491112 -46.0339687  8.058  0.554       1.815  14.2799  28.8314     5.26      nan      nan    9.183  nan      nan    nan   1.068     nan                                None     -34.804     -20.206     -32.980       0.027     -17.204       0.020
Gaia DR3 5842870176587063680 188.9190974 -71.9798731 12.592  2.360       2.844  12.1280  28.8351    10.05      nan      nan    8.792  nan      nan    nan  32.535     nan                                None     -33.984      -8.808     -28.727       0.432      -8.426       0.408
Gaia DR3 5867732303487465728 211.3374459 -59.3734564 17.470  3.117       2.177   7.0918  28.8466     5.26      nan      nan    8.286  nan      nan    nan   0.976     nan                                None     -28.669     -22.285     -30.004       0.080     -18.724       0.111
Gaia DR3 5368305328664168704 179.5935916 -53.9694309 14.453  2.803       0.302  11.4619  28.8724     9.84      nan      nan    8.696  nan      nan    nan   1.176     nan                                None     -33.585      -9.551     -34.021       0.017      -9.211       0.018
Gaia DR3 6078223359226756864 192.2462385 -51.8624460 19.674  3.465       1.748   8.9009  28.8724     7.15      nan      nan    8.421  nan      nan    nan   1.060     nan                                None     -32.346     -15.542     -31.767       0.413     -12.494       0.294
Gaia DR3 6081540963771765376 196.4097821 -49.9931382 14.768  2.880       1.150  10.3281  28.8884     6.01      nan      nan    8.559  nan      nan    nan   1.120     nan                                None     -32.466     -18.028     -31.506       0.023     -16.189       0.019
Gaia DR3 6052840755393506176 180.5814058 -66.2719914 17.642  4.092       2.161   9.5484  28.9125    10.60      nan      nan    8.476  nan      nan    nan   1.241     nan                                None     -32.781      -5.863     -31.721       0.120      -2.148       0.123
Gaia DR3 5339717167384477952 169.8429640 -57.5912407 17.040  3.719       1.093  14.3187  28.9173    11.80      nan      nan    9.179  nan      nan    nan   7.783     nan                                None     -34.421      -3.826     -32.309       0.456      -3.957       0.452
Gaia DR3 6077545647755931904 185.6590759 -52.0970200 13.402  2.673       0.608  10.4320  28.9578     8.48      nan      nan    8.564  nan      nan    nan   1.536     nan                                None     -33.190     -12.752     -33.556       0.018     -11.717       0.017
Gaia DR3 6135468641852927744 193.5115168 -44.7328840 12.915  2.186       0.326  15.7403  28.9644     5.72      nan      nan    9.553  nan      nan    nan   1.083     nan                                None     -36.577     -19.852     -36.475       0.017     -19.204       0.013
Gaia DR3 6143632653128880896 184.5775911 -45.4782477 14.704  3.305       1.072  16.6368  28.9687     7.85      nan      nan   12.323  nan      nan    nan   1.192     nan                                None     -47.769     -20.124     -50.405       0.028     -19.228       0.020
Gaia DR3 5897449869378907520 214.3660910 -51.6186070 14.343  2.787       0.954  12.8372  28.9931     2.96      nan      nan    8.885  nan      nan    nan   1.173     nan                                None     -29.878     -26.265     -28.347       0.025     -25.344       0.026
Gaia DR3 6143984423832713856 184.4746417 -44.2976980 14.310  2.902       0.982  17.7602  29.0041     7.71      nan      nan   10.961  nan      nan    nan   0.727     nan                                None     -42.488     -18.216     -42.840       0.041     -15.976       0.035
Gaia DR3 5842374850900383104 181.4632069 -73.1793456 15.248  3.242       1.964  14.2054  29.0180    10.84      nan      nan    9.140  nan      nan    nan   1.137     nan                                None     -35.380      -4.338     -37.642       0.030      -7.373       0.032
Gaia DR3 5242048923891529472 161.5936379 -61.2271443 11.275  1.781       1.807  17.2517  29.0391    13.11      nan      nan   10.230  nan      nan    nan   2.033     nan                                None     -36.524       2.093     -32.633       0.032       1.868       0.029
Gaia DR3 6127257931398840448 187.7748214 -50.3001224 19.136  3.399       1.020  11.3612  29.0437     7.82      nan      nan    8.666  nan      nan    nan   1.057     nan                                None     -33.539     -14.338     -31.953       0.260     -13.359       0.224
Gaia DR3 5370630795756868352 178.6612019 -50.6406711 14.064  2.737       1.141  14.2356  29.0460     9.71      nan      nan   13.352  nan      nan    nan  18.470     nan                                None     -51.487     -15.602     -48.985       0.418     -13.589       0.446
Gaia DR3 5875723691479189376 232.4764909 -60.6043789 13.623  2.852       1.904  17.1319  29.0461     2.91      nan      nan   10.146  nan      nan    nan  16.830     nan                                None     -26.343     -37.027     -27.830       0.470     -33.235       0.417
Gaia DR3 6125289397577090176 181.1241201 -52.5815891 13.856  2.771       0.515  11.7685  29.0505     9.42      nan      nan    8.719  nan      nan    nan   3.038     nan                                None     -33.739     -10.728     -34.367       0.035     -10.020       0.032
Gaia DR3 6093390744181536896 207.8070388 -50.8787581 16.821  3.216       1.050  11.1085  29.0748     3.97      nan      nan    8.631  nan      nan    nan   1.002     nan                                None     -30.735     -22.925     -32.228       0.079     -21.733       0.088
Gaia DR3 6078110109537557632 189.4640579 -52.0986862 17.138  3.656       0.746   9.2849  29.0779     7.73      nan      nan    8.438  nan      nan    nan   0.963     nan                                None     -32.587     -14.276     -33.755       0.070     -13.647       0.065
Gaia DR3 5882050006509860224 232.7333111 -58.7275049 11.892  1.834       1.783  17.8166  29.0851     2.31      nan      nan   11.027  nan      nan    nan   1.128     nan                                None     -28.487     -40.550     -31.676       0.017     -37.902       0.017
Gaia DR3 6081151015098289792 196.0870390 -51.5603371 16.357  3.229       1.504   8.7748  29.0885     6.35      nan      nan    8.392  nan      nan    nan   1.016     nan                                None     -31.872     -17.240     -31.530       0.048     -14.601       0.041
Gaia DR3 6081374903156361472 194.8910407 -51.1197808 14.930  2.941       0.346   9.2881  29.1239     6.51      nan      nan    8.434  nan      nan    nan   1.097     nan                                None     -32.161     -16.891     -31.666       0.024     -16.526       0.026
Gaia DR3 6080612151322801024 200.4878299 -51.2823290  7.069  0.278       1.721   9.1977  29.1284     5.44      nan      nan    8.426  nan      nan    nan   8.727     nan                                None     -31.403     -19.264     -29.548       0.238     -16.834       0.154
Gaia DR3 6081540826332813568 196.4520089 -49.9909276 14.642  2.850       1.114  10.3291  29.1329     6.00      nan      nan    8.537  nan      nan    nan   1.123     nan                                None     -32.378     -18.001     -31.552       0.022     -16.174       0.019
Gaia DR3 6081726918673540224 199.5650137 -49.9269590 16.996  4.176       0.283  10.4592  29.1421     5.37      nan      nan    8.550  nan      nan    nan   0.944     nan                                None     -32.008     -19.381     -32.323       0.114     -18.980       0.066
Gaia DR3 6091975019879897472 216.3211980 -48.5755539 15.500  2.826       2.617  16.0038  29.1545     1.86      nan      nan    9.602  nan      nan    nan   1.224     nan                                None     -31.636     -29.479     -27.421       0.045     -32.688       0.049
Gaia DR3 6127107646203236352 185.6549018 -48.6497275  9.306  0.843       1.535  13.4402  29.1547     8.04      nan      nan    8.971  nan      nan    nan  10.063     nan                                None     -34.768     -14.297     -34.379       0.137     -11.419       0.111
Gaia DR3 6074703719438091008 190.9190905 -53.4595505 16.253  3.405       0.835   7.6811  29.1568     7.64      nan      nan    8.302  nan      nan    nan   1.069     nan                                None     -31.984     -14.375     -33.190       0.040     -15.199       0.044
Gaia DR3 5335141584110229504 179.2552765 -61.0383323 16.898  3.270       2.903   8.8481  29.1655    10.46      nan      nan    8.392  nan      nan    nan   1.070     nan                                None     -32.394      -6.835     -29.215       0.065      -2.801       0.061
Gaia DR3 5336664854376526976 173.3424233 -58.3779521 14.430  2.879       0.538  12.3052  29.1818    11.26      nan      nan    8.781  nan      nan    nan   1.136     nan                                None     -33.395      -5.085     -34.298       0.020      -4.664       0.019
Gaia DR3 5839533300537716096 205.9289437 -73.2320098 12.020  1.766       1.127  13.3300  29.1843     8.62      nan      nan    8.947  nan      nan    nan   0.963     nan                                None     -32.292     -18.121     -31.668       0.012     -20.153       0.013
Gaia DR3 6081588311489229952 197.9753329 -50.7094716 14.827  2.926       0.248   9.6061  29.1917     5.83      nan      nan    8.458  nan      nan    nan   2.852     nan                                None     -31.889     -18.358     -31.448       0.070     -18.311       0.050
Gaia DR3 5795113752331085184 228.6856432 -73.0452270 15.027  2.472       1.708  17.3923  29.1993     6.81      nan      nan   11.907  nan      nan    nan   1.021     nan                                None     -33.114     -38.834     -35.742       0.018     -35.447       0.021
Gaia DR3 6068128223285238272 198.7014497 -53.5836936 17.506  3.706       1.344   6.7666  29.2066     6.20      nan      nan    8.239  nan      nan    nan   1.031     nan                                None     -30.967     -17.669     -30.482       0.104     -15.386       0.082
Gaia DR3 5373374523938839680 173.0992986 -49.1705807 15.129  2.584       1.549  17.6995  29.2331    10.72      nan      nan   11.607  nan      nan    nan   1.096     nan                                None     -44.103     -10.903     -40.838       0.022      -8.977       0.022
Gaia DR3 6090079045219047552 209.0043915 -51.9483901 15.380  3.048       1.415  10.5660  29.2473     3.99      nan      nan    8.552  nan      nan    nan   1.098     nan                                None     -30.172     -23.075     -31.594       0.039     -20.958       0.038
Gaia DR3 5370546648753987200 179.8500509 -51.0016428 13.980  2.724       1.015  13.4770  29.2496     9.51      nan      nan    8.966  nan      nan    nan   1.214     nan                                None     -34.639     -10.919     -35.804       0.014      -9.394       0.015
Gaia DR3 5876885394205151488 230.2308719 -58.7931147 13.774  3.144       2.439  16.5732  29.2518     2.61      nan      nan   12.480  nan      nan    nan   1.748     nan                                None     -33.785     -44.653     -38.537       0.032     -40.342       0.034
Gaia DR3 5856435611786478464 188.6265744 -68.4945723 13.314  2.341       0.887   8.9862  29.2610     9.78      nan      nan    8.396  nan      nan    nan   1.078     nan                                None     -32.464      -9.323     -33.868       0.011     -10.023       0.015
Gaia DR3 6135881371030435072 194.9701085 -43.8563020 16.157  3.643       0.786  16.5126  29.2665     5.24      nan      nan    9.767  nan      nan    nan   1.044     nan                                None     -37.234     -21.133     -37.259       0.054     -19.516       0.040
Gaia DR3 6080182860754037248 195.6279095 -52.9526462 13.417  2.612       0.646   7.4136  29.2727     6.67      nan      nan    8.275  nan      nan    nan   2.884     nan                                None     -31.479     -16.524     -30.916       0.032     -15.549       0.028
Gaia DR3 6089557503051668096 212.4199634 -51.6876683 16.593  3.696       0.661  12.0144  29.2802     3.32      nan      nan    8.729  nan      nan    nan   1.020     nan                                None     -29.908     -25.007     -28.961       0.073     -24.243       0.059
Gaia DR3 5871203874031106560 211.8430278 -57.4094872 14.661  2.845       0.933   8.0313  29.2999     4.75      nan      nan    8.317  nan      nan    nan   1.115     nan                                None     -28.644     -22.883     -27.083       0.017     -22.395       0.027
Gaia DR3 6126139663664234624 181.6441649 -51.6168658 15.459  3.374       0.894  12.2905  29.3241     9.22      nan      nan    8.764  nan      nan    nan   1.146     nan                                None     -33.931     -11.316     -34.856       0.027      -9.947       0.028
Gaia DR3 6125569017126326144 184.5127303 -51.8648841 17.602  3.832       0.762  11.0218  29.3417     8.67      nan      nan    8.596  nan      nan    nan   1.033     nan                                None     -33.321     -12.338     -33.785       0.086     -11.037       0.086
Gaia DR3 6143984428129994624 184.4744257 -44.2980513 14.399  3.292       1.240  17.7599  29.3635     7.71      nan      nan   11.643  nan      nan    nan   2.278     nan                                None     -45.134     -19.351     -47.866       0.255     -20.692       0.163
Gaia DR3 5789221641309120128 193.0618756 -76.4744108 14.328  3.023       1.827  16.2316  29.3763    10.08      nan      nan    9.634  nan      nan    nan   1.202     nan                                None     -36.933     -10.629     -37.579       0.021     -14.283       0.022
Gaia DR3 6079610324432101632 190.5319807 -49.8842085 15.149  3.082       0.320  11.1098  29.4159     7.19      nan      nan    8.599  nan      nan    nan   1.039     nan                                None     -33.151     -15.552     -33.722       0.023     -15.657       0.020
Gaia DR3 5226638821696840576 177.6868177 -74.1871142 13.465  2.716       1.418  15.6429  29.4160    11.20      nan      nan    9.437  nan      nan    nan   2.898     nan                                None     -36.321      -1.788     -38.278       0.040      -3.818       0.051
Gaia DR3 6068156058972561024 199.9134906 -53.1398226 13.867  2.493       1.257   7.3073  29.4396     5.90      nan      nan    8.256  nan      nan    nan   1.074     nan                                None     -30.856     -18.311     -30.082       0.017     -16.266       0.013
Gaia DR3 5227840175588831744 167.7165514 -72.9202725 14.279  3.286       1.701  16.8859  29.4603    12.10      nan      nan    9.878  nan      nan    nan   1.613     nan                                None     -36.657       3.839     -38.902       0.032       1.099       0.030
Gaia DR3 6126993159555441664 184.4485333 -49.2636898 15.495  3.142       0.427  13.2550  29.4988     8.37      nan      nan    8.897  nan      nan    nan   1.018     nan                                None     -34.488     -13.466     -34.810       0.028     -12.733       0.025
Gaia DR3 5346631549304601856 170.1262228 -54.7473459 14.437  2.990       1.885  15.4854  29.5010    11.64      nan      nan    9.377  nan      nan    nan   7.272     nan                                None     -35.207      -5.204     -38.657       0.108      -6.611       0.122
Gaia DR3 6077506851305480960 186.2559468 -52.2707489 12.914  2.499       1.686  10.0862  29.5049     8.38      nan      nan    8.478  nan      nan    nan  13.986     nan                                None     -32.851     -12.850     -30.257       0.179     -11.318       0.171
Gaia DR3 6090845512200660352 210.7130067 -50.1284229 15.747  3.095       2.460  12.6783  29.5731     3.26      nan      nan    8.795  nan      nan    nan   0.957     nan                                None     -30.595     -24.660     -27.377       0.046     -21.427       0.050
Gaia DR3 6056210483653873920 197.0143969 -59.0938384 16.051  3.559       0.149   1.2242  29.5772     7.42      nan      nan    8.029  nan      nan    nan   1.429     nan                                None     -30.390     -15.366     -30.206       0.049     -15.539       0.059
Gaia DR3 6125497102191700992 184.7485880 -52.2309222 13.378  2.426       0.603  10.6393  29.5989     8.67      nan      nan    8.528  nan      nan    nan   1.297     nan                                None     -33.060     -12.249     -33.227       0.012     -11.178       0.014
Gaia DR3 5368919371546982528 179.4034187 -51.7700574 15.263  3.112       0.892  13.0795  29.6097     9.68      nan      nan    8.854  nan      nan    nan   1.086     nan                                None     -34.187     -10.335     -35.557       0.026      -9.387       0.027
Gaia DR3 5370612241495127040 179.1925045 -50.1761274 15.473  3.160       1.062  14.3813  29.6145     9.56      nan      nan    9.095  nan      nan    nan   1.045     nan                                None     -35.102     -11.028     -36.699       0.028      -9.764       0.028
Gaia DR3 6089387662864965504 210.4637072 -51.8843856 14.687  2.898       0.571  11.1282  29.6595     3.71      nan      nan    8.578  nan      nan    nan   1.118     nan                                None     -29.904     -23.757     -29.024       0.027     -23.216       0.026
Gaia DR3 6089099144144024832 210.9048286 -52.7834383 14.182  2.766       0.574  10.5790  29.6621     3.84      nan      nan    8.516  nan      nan    nan   1.156     nan                                None     -29.575     -23.659     -28.568       0.025     -23.440       0.026
Gaia DR3 6125788094812375680 185.0805673 -51.2186251  7.642  0.238       0.703  11.3645  29.6772     8.48      nan      nan    8.605  nan      nan    nan   0.937     nan                                None     -33.356     -12.786     -33.079       0.022     -11.541       0.019
Gaia DR3 5891560129204634752 217.8457556 -57.8592140 15.683  3.250       1.195  10.7801  29.6808     3.96      nan      nan    8.536  nan      nan    nan   1.113     nan                                None     -27.652     -25.953     -25.685       0.034     -25.081       0.036
Gaia DR3 6073300914407001728 191.0276233 -55.9050628 14.071  2.527       0.554   5.5115  29.6865     7.96      nan      nan    8.139  nan      nan    nan   1.095     nan                                None     -31.348     -13.569     -31.947       0.013     -12.830       0.015
Gaia DR3 6133425852327584896 189.3991422 -44.1630376 14.369  2.806       0.205  16.8293  29.6938     6.56      nan      nan    9.791  nan      nan    nan   1.312     nan                                None     -37.817     -18.580     -38.220       0.023     -18.712       0.022
Gaia DR3 5240447961891088640 165.4476518 -64.0611091 17.405  3.871       2.636  15.1610  29.7070    12.54      nan      nan    9.258  nan      nan    nan   1.171     nan                                None     -33.919       1.132     -33.294       0.113       6.239       0.106
Gaia DR3 6073016072172414336 187.5850639 -54.9400407 14.206  2.948       0.410   7.4674  29.7101     8.46      nan      nan    8.246  nan      nan    nan  17.317     nan                                None     -31.920     -12.412     -32.627       0.201     -12.318       0.239
Gaia DR3 6083278020342514560 200.6183666 -49.1362581 14.883  3.015       0.122  11.3301  29.7243     5.00      nan      nan    8.596  nan      nan    nan   1.074     nan                                None     -32.018     -20.065     -31.882       0.026     -20.238       0.025
Gaia DR3 6125391720875822080 182.0052267 -52.2200433 16.180  3.613       0.880  11.6837  29.7352     9.21      nan      nan    8.639  nan      nan    nan   1.108     nan                                None     -33.458     -11.144     -34.551       0.044      -9.972       0.049
Gaia DR3 6080993029022903424 194.6998960 -52.4836535 17.220  4.166       0.328   7.9561  29.7364     6.77      nan      nan    8.278  nan      nan    nan   0.884     nan                                None     -31.583     -16.218     -32.086       0.115     -16.495       0.100
Gaia DR3 6090091212867907968 208.7512229 -51.8838944 16.181  3.301       0.451  10.5356  29.7645     4.02      nan      nan    8.502  nan      nan    nan   1.136     nan                                None     -30.056     -22.844     -29.496       0.061     -22.261       0.060
Gaia DR3 5788888867242670336 191.7870803 -77.6931026 16.386  2.995       1.838  17.4786  29.7742    10.28      nan      nan   10.089  nan      nan    nan   0.980     nan                                None     -38.797      -9.830     -37.459       0.047     -13.503       0.048
Gaia DR3 5239482796835388288 162.0744962 -65.5468969 14.893  2.593       2.852  16.6160  29.7827    12.94      nan      nan   12.672  nan      nan    nan   1.112     nan                                None     -45.398       4.879     -38.185       0.023       2.432       0.023
Gaia DR3 6072624439880759936 184.8911853 -56.6018827 13.321  2.283       0.957   7.4664  29.7849     9.14      nan      nan    8.240  nan      nan    nan   1.177     nan                                None     -31.943     -10.718     -31.562       0.011      -9.101       0.013
Gaia DR3 6062446600023242752 202.4074873 -58.3705398 13.594  2.337       0.574   3.2380  29.7902     6.43      nan      nan    8.051  nan      nan    nan   1.099     nan                                None     -29.702     -17.978     -29.523       0.010     -17.021       0.011
Gaia DR3 6074699149593046912 190.9857932 -53.5731139 14.852    nan       1.180   7.5613  29.7999     7.64      nan      nan    8.246  nan      nan    nan   1.779     nan                                None     -31.761     -14.280     -31.090       0.108     -12.342       0.209
Gaia DR3 5879757696490991744 223.9147707 -59.2189206 10.301  0.998       2.820  13.3462  29.8119     3.50      nan      nan    8.875  nan      nan    nan   0.860     nan                                None     -26.591     -29.320     -30.011       0.014     -25.302       0.016
Gaia DR3 6094639239634170624 207.9727859 -48.7808117 11.983  1.638       0.959  13.0432  29.8242     3.47      nan      nan    8.824  nan      nan    nan   1.284     nan                                None     -31.383     -23.761     -31.405       0.020     -21.977       0.023
Gaia DR3 6137297713805134848 197.8707175 -42.8783542 12.588  2.167       0.624  17.4333  29.8321     4.39      nan      nan   10.043  nan      nan    nan   1.261     nan                                None     -37.880     -23.229     -37.730       0.019     -21.916       0.023
Gaia DR3 5875779178087928320 232.5053406 -60.0267386 18.963  4.195       1.770  17.2988  29.8342     2.73      nan      nan    9.970  nan      nan    nan   0.995     nan                                None     -25.871     -36.455     -29.111       0.238     -34.628       0.270
Gaia DR3 5347541532614938752 167.9876097 -53.6734208 17.305  3.926       1.008  17.1201  29.8421    11.98      nan      nan    9.880  nan      nan    nan   0.979     nan                                None     -36.715      -4.827     -38.562       0.092      -3.829       0.087
Gaia DR3 6092600435838600576 212.5605742 -48.2957967 15.605  3.171       0.958  14.8706  29.8426     2.48      nan      nan    9.169  nan      nan    nan   1.154     nan                                None     -31.374     -26.658     -31.599       0.046     -24.821       0.059
Gaia DR3 6055390587233119872 189.8911281 -62.3740736 18.549  3.879       1.661   4.1136  29.8709     8.97      nan      nan    8.071  nan      nan    nan   1.131     nan                                None     -31.152     -11.296     -29.473       0.182      -9.021       0.231
Gaia DR3 6130780938452642304 182.9342343 -47.8435700 14.809  2.811       1.371  14.9816  29.8889     8.52      nan      nan    9.188  nan      nan    nan   5.104     nan                                None     -35.602     -13.607     -33.525       0.109     -11.953       0.093
Gaia DR3 6074439042065688192 191.0335015 -54.1104839  9.130  0.648       1.357   7.0636  29.8896     7.71      nan      nan    8.207  nan      nan    nan   1.025     nan                                None     -31.610     -14.110     -33.002       0.014     -12.220       0.015
Gaia DR3 6106906044187172480 205.7813693 -47.6568131 13.561  2.849       0.164  13.5696  29.9131     3.66      nan      nan    8.902  nan      nan    nan   1.230     nan                                None     -32.160     -23.190     -32.391       0.245     -22.987       0.134
Gaia DR3 5881409884543907712 225.6970735 -55.4144084 13.050  1.790       1.544  15.7275  29.9137     2.21      nan      nan    9.373  nan      nan    nan   0.955     nan                                None     -27.350     -32.064     -30.003       0.012     -30.558       0.013
Gaia DR3 5796793153264201856 220.3695471 -73.0311261 16.550  3.067       2.937  15.4413  29.9326     7.40      nan      nan   13.220  nan      nan    nan   0.969     nan                                None     -41.542     -37.675     -47.394       0.040     -31.950       0.049
Gaia DR3 6124952431621118848 181.3007567 -53.5212998 16.471  3.461       0.718  11.0199  29.9405     9.48      nan      nan    8.540  nan      nan    nan   1.004     nan                                None     -33.052     -10.309     -34.327       0.042     -10.518       0.045
Gaia DR3 5226236778397099776 164.6072584 -73.8633442 14.035  2.866       1.873  18.1371  29.9491    12.33      nan      nan   10.531  nan      nan    nan   1.170     nan                                None     -38.382       6.554     -42.144       0.018       4.782       0.016
Gaia DR3 6062582943799800576 203.3583043 -57.5159323 16.850  3.653       0.499   4.1838  29.9693     6.11      nan      nan    8.067  nan      nan    nan   1.038     nan                                None     -29.598     -18.591     -29.239       0.046     -17.822       0.044
Gaia DR3 5796793153264201600 220.3637003 -73.0315645 12.678  1.917       2.769  15.4404  29.9831     7.40      nan      nan   13.237  nan      nan    nan   1.038     nan                                None     -41.598     -37.718     -46.925       0.010     -32.121       0.012
Gaia DR3 6080641357101343616 199.3466426 -51.3715142 15.973  3.077       1.555   9.0082  29.9862     5.68      nan      nan    8.339  nan      nan    nan   1.057     nan                                None     -31.251     -18.566     -30.515       0.045     -15.933       0.027
Gaia DR3 5875779182463512832 232.5023646 -60.0271605 14.013  2.774       2.091  17.2973  29.9961     2.73      nan      nan    9.920  nan      nan    nan   1.127     nan                                None     -25.744     -36.272     -29.751       0.019     -34.524       0.020
