GaiaDR3                               RA         DEC   Gmag  Bp-Rp  Voff(km/s) Sep(deg)   3D(pc) Vr(pred)  Vr(obs)    Vrerr Plx(mas)  SpT    FnuvJ  W1-W3    RUWE  XCrate                               RVsrc    PMRApred   PMDecpred        PMRA     PMRAerr       PMDec    PMDecerr
Gaia DR3 1956328333130770048 331.5031729  39.2987646 11.639  2.519       0.000   0.0000   0.0000   -17.82      nan      nan   49.054  nan      nan    nan   1.392     nan                                None      69.116    -459.053      69.116       0.018    -459.053       0.020
Gaia DR3 2814501281775322240 350.8529963  15.5692188 10.709  2.221       1.411  29.1501  10.5460     2.89      nan      nan   46.825  nan      nan    nan   1.132     nan                                None      15.435    -475.723       4.256       0.022    -467.419       0.019
Gaia DR3 2211393521580984320 341.0247963  64.5693494  7.312  0.903       2.750  25.8782  11.1904   -34.67      nan      nan   39.796  nan      nan    nan   0.931     nan                                None      35.436    -279.778      50.406       0.016    -297.337       0.015
Gaia DR3 1603272950424941440 233.8585360  60.0847083 12.156  2.777       2.520  60.1562  19.9931   -43.79      nan      nan   51.346  nan      nan    nan   1.356     nan                                None     143.928    -166.411     171.102       0.024    -163.988       0.024
Gaia DR3 1603267143629157120 233.8350486  60.0862687  8.033  1.292       2.645  60.1659  20.0181   -43.79      nan      nan   51.222  nan      nan    nan   0.969     nan                                None     143.543    -165.946     171.924       0.021    -162.744       0.021
Gaia DR3 1058284412796260480 177.7183379  68.5209207 15.127  0.581       2.044  70.4172  21.7739   -48.23      nan      nan   58.513  nan      nan    nan   0.988     nan                                None       4.029     -24.896      23.396       0.021     -41.046       0.026
Gaia DR3 1908034002868373376 339.8862868  38.6814328 11.911  2.295       2.816   6.5426  22.8867   -16.70      nan      nan   23.244  nan      nan    nan   1.237     nan                                None      22.175    -220.966      13.106       0.028    -210.564       0.030
   Gaia DR3 4267552520347776  47.5639217   5.9062388 10.886  2.335       2.643  75.4870  23.6287     5.18      nan      nan   55.241  nan      nan    nan   1.385     nan                                None    -143.023    -540.674    -122.203       0.031    -563.343       0.028
Gaia DR3 6622318573720116864 337.0970296 -25.9044179 12.272  2.598       2.655  65.4122  23.9045    33.32      nan      nan   42.417  nan      nan    nan   1.208     nan                                None      47.004    -308.984      30.129       0.025    -325.677       0.021
Gaia DR3 1721432517260428160 230.8025438  81.7103454 15.799  3.763       1.238  52.6970  25.6281   -46.47      nan      nan   31.056  nan      nan    nan   1.158     nan                                None      83.952      16.676      91.906       0.048      15.127       0.047
Gaia DR3 2811448453380206976 346.8590310  11.2852831 15.303  3.435       2.599  31.1579  26.3827     6.33      nan      nan   24.023  nan      nan    nan   4.611     nan                                None      13.444    -242.137      19.972       0.163    -253.566       0.141
Gaia DR3 6853784501721502720 302.5734901 -21.7808052 14.373  0.173       1.758  66.8012  26.6002    25.55      nan      nan   37.159  nan      nan    nan   0.929     nan                                None     100.061    -305.048     101.155       0.023    -318.774       0.015
Gaia DR3 6698960688866464768 300.0850604 -33.7047373  5.526  0.659       2.756  78.5842  26.9689    32.57      nan      nan   45.154  nan      nan    nan   0.885     nan                                None     125.314    -315.367     128.794       0.053    -289.360       0.032
Gaia DR3 2153268423490051072 282.5909570  56.9742591 13.390  2.677       2.549  36.0779  27.8668   -35.87      nan      nan   24.024  nan      nan    nan   1.232     nan                                None      76.882    -144.556      65.204       0.014    -139.056       0.015
 Gaia DR3 313195066834107520  17.6832934  31.2862451 15.883  3.371       1.006  38.1116  28.0462   -11.11      nan      nan   24.328  nan      nan    nan   1.161     nan                                None     -29.230    -239.306     -25.904       0.052    -243.253       0.047
Gaia DR3 2309132133824849152   4.6864560 -34.8387413 11.791  2.577       2.473  80.2266  28.5818    38.89      nan      nan   42.033  nan      nan    nan   1.376     nan                                None     -19.850    -252.837     -26.739       0.017    -273.636       0.026
 Gaia DR3 907066684548911872 121.7008802  36.7590346 11.739  2.613       1.537  99.1458  29.0229   -34.58      nan      nan   56.592  nan      nan    nan   1.325     nan                                None    -154.058    -371.348    -150.682       0.035    -389.374       0.023
Gaia DR3 1693272581363394304 183.0499921  77.6163303  5.062  0.449       2.324  61.4976  30.0126   -47.92      nan      nan   29.579  nan      nan    nan   1.161     nan                                None      11.179      34.544      10.754       0.107      20.059       0.115
 Gaia DR3 460262409276830848  46.8386858  57.4607360 13.681  2.634       2.472  50.2592  30.3005   -33.03      nan      nan   25.665  nan      nan    nan   1.166     nan                                None     -65.763    -178.864     -55.745       0.015    -170.004       0.019
Gaia DR3 6505203753385335296 338.1751784 -56.1917783 13.656  2.932       1.125  95.6584  30.8067    46.24      nan      nan   47.226  nan      nan    nan   1.230     nan                                None      49.534    -128.849      51.096       0.015    -117.756       0.016
Gaia DR3 2297501568546304256 319.8348539  80.6777702 12.249  2.204       2.188  41.6030  30.8972   -42.97      nan      nan   23.246  nan      nan    nan   1.246     nan                                None      46.262     -97.484      54.243       0.016    -104.648       0.013
 Gaia DR3 859567752163281792 173.6859626  61.1404218 15.372  0.437       1.456  77.9458  31.0845   -47.56      nan      nan   35.579  nan      nan    nan   1.094     nan                                None      -5.886     -61.617      -5.903       0.026     -72.538       0.027
 Gaia DR3 859479413275804928 173.0861067  61.0821995  5.564  0.708       2.477  78.0868  31.2528   -47.55      nan      nan   35.376  nan      nan    nan   2.097     nan                                None      -7.084     -61.686     -24.799       0.097     -66.931       0.086
Gaia DR3 3460806448649173504 178.9149747 -37.4633780 17.626  4.744       2.333 158.5161  31.6642    15.23      nan      nan   84.730  nan      nan    nan   0.843     nan                                None      11.724    -818.669      42.968       0.155    -791.104       0.114
Gaia DR3 6537766271277300608 356.2941737 -38.5408652 12.577  2.680       2.900  81.0909  31.7524    40.77      nan      nan   36.094  nan      nan    nan   1.635     nan                                None       0.502    -196.787     -21.146       0.021    -201.054       0.023
Gaia DR3 3453257133093515648  91.5348869  35.3864245  5.971  0.774       0.778  87.0753  31.9407   -27.54      nan      nan   38.984  nan      nan    nan   1.063     nan                                None    -129.327    -299.293    -123.998       0.033    -295.765       0.023
Gaia DR3 4690736923033593728  18.2713062 -70.8437634 13.809  3.313       1.811 115.1101  31.9859    47.90      nan      nan   57.237  nan      nan    nan   1.357     nan                                None     -70.591     -13.496     -74.178       0.032       8.056       0.025
Gaia DR3 3188811632989991168  62.6995150 -12.8634434 14.884  3.627       1.592  99.0187  32.4860    16.37      nan      nan   44.845  nan      nan    nan   1.302     nan                                None    -136.602    -407.284    -146.335       0.034    -395.807       0.034
Gaia DR3 3188811632992226176  62.6999231 -12.8637088 16.174    nan       2.316  99.0191  33.4051    16.38      nan      nan   42.625  nan      nan    nan  16.402     nan                                None    -129.841    -387.126    -150.280       0.672    -391.055       0.688
Gaia DR3 1401050531326713984 234.5681453  46.7971292  5.665  0.511       1.182  66.5646  33.6696   -38.97      nan      nan   27.698  nan      nan    nan   4.952     nan                                None      78.250    -146.874      71.731       0.229    -144.601       0.291
Gaia DR3 5036553052456200320  20.5314328 -26.8940990  8.482  1.157       2.509  80.4430  33.9218    33.50      nan      nan   32.565  nan      nan    nan   1.030     nan                                None     -44.104    -234.669     -58.320       0.026    -224.943       0.015
Gaia DR3 5036552983736723968  20.5410387 -26.9073755 14.181  3.017       2.432  80.4588  33.9726    33.50      nan      nan   32.505  nan      nan    nan   1.120     nan                                None     -44.039    -234.186     -57.216       0.027    -223.984       0.017
 Gaia DR3 542055319780798080  40.6534235  69.9498962 14.572  2.643       0.823  46.4169  33.9848   -38.97      nan      nan   22.390  nan      nan    nan   1.069     nan                                None     -51.906    -124.152     -50.138       0.014    -120.693       0.019
 Gaia DR3 602079652404802688 129.9611371  11.5204477  7.361  1.055       2.262 125.3664  34.5010   -19.74      nan      nan   54.251  nan      nan    nan   0.993     nan                                None    -131.205    -486.750    -109.222       0.026    -500.395       0.019
Gaia DR3 2854372012939459200 358.8785259  27.0721691 15.434  2.947       2.528  25.8220  34.6972    -6.72      nan      nan   19.271  nan      nan    nan   1.042     nan                                None      -2.626    -194.310      -3.029       0.032    -204.573       0.023
Gaia DR3 5950974851364748160 259.8314904 -47.6063545 16.478  4.361       2.506 107.6793  35.0298    32.45      nan      nan   43.552  nan      nan    nan   1.085     nan                                None     144.040    -295.070     130.733       0.109    -276.297       0.102
Gaia DR3 2114395494829544448 270.0861581  44.3080920 11.302  1.765       2.847  44.9800  35.3284   -31.17      nan      nan   21.424  nan      nan    nan   0.843     nan                                None      71.208    -150.622      58.354       0.014    -150.975       0.014
Gaia DR3 2867224032558304512 358.6210641  29.6315869 15.167  3.051       1.371  24.2369  35.6086    -8.84      nan      nan   18.797  nan      nan    nan   1.010     nan                                None      -2.280    -188.160       2.596       0.044    -190.553       0.023
Gaia DR3 2867224032558303744 358.6237082  29.6373953  8.344  0.911       1.015  24.2359  35.7826    -8.85      nan      nan   18.734  nan      nan    nan   1.148     nan                                None      -2.275    -187.524       0.041       0.028    -190.798       0.016
Gaia DR3 1113236389045845888 100.8197603  71.8251570 12.453  2.344       2.382  63.3316  36.0969   -44.56      nan      nan   24.806  nan      nan    nan   1.241     nan                                None     -80.053     -55.092     -72.021       0.012     -64.614       0.015
Gaia DR3 2868348386276701824 357.4812232  31.0844778 13.892  2.563       2.064  22.6642  36.2690   -10.04      nan      nan   18.444  nan      nan    nan   1.183     nan                                None      -1.016    -183.706       6.770       0.018    -185.643       0.013
Gaia DR3 6357835694518769408 336.4641325 -75.0156308  5.977  0.768       1.458 114.3615  36.8391    47.90      nan      nan   42.722  nan      nan    nan   1.017     nan                                None      48.821      22.788      57.385       0.021      12.835       0.023
Gaia DR3 6357834388848708224 336.6860783 -75.0617624 16.798  5.043       1.734 114.4118  36.8899    47.90      nan      nan   42.637  nan      nan    nan   1.189     nan                                None      48.207      23.271      58.739       0.084      11.779       0.092
Gaia DR3 1682667654274243968 191.8152233  68.2059855 15.193  3.220       2.182  68.3453  37.0133   -48.01      nan      nan   25.433  nan      nan    nan   1.111     nan                                None      22.322     -15.007      17.018       0.031      -4.581       0.030
Gaia DR3 6668401171919059584 308.1411242 -47.7279274 12.855  2.698       2.937  89.4731  37.2385    40.81      nan      nan   31.897  nan      nan    nan   1.178     nan                                None      79.422    -154.279      98.137       0.024    -147.972       0.021
 Gaia DR3 217698118275647104  54.3505979  33.1572801 17.032  4.179       0.915  64.7178  37.2403   -17.91      nan      nan   24.352  nan      nan    nan   0.973     nan                                None     -68.634    -219.809     -71.606       0.121    -216.170       0.081
Gaia DR3 6668403989418902016 308.0390034 -47.7025087 10.119  1.775       2.988  89.4700  37.2440    40.78      nan      nan   31.889  nan      nan    nan   1.130     nan                                None      79.528    -154.468      99.310       0.018    -150.993       0.017
Gaia DR3 2195121604182537472 312.1275096  61.7889208 12.565  2.028       2.527  25.4145  37.5060   -34.87      nan      nan   18.220  nan      nan    nan   1.288     nan                                None      42.457    -121.082      41.789       0.016    -111.399       0.014
Gaia DR3 6557393859504253440 330.8396763 -53.1438676 14.893  3.222       2.869  92.4444  37.6584    45.03      nan      nan   32.461  nan      nan    nan   1.050     nan                                None      46.868    -109.425      33.485       0.022    -123.791       0.024
Gaia DR3 1513382308576147072 191.8339517  31.2125250  9.326  1.543       2.440 100.1552  38.1900   -36.66      nan      nan   34.603  nan      nan    nan   1.093     nan                                None      30.407    -227.194      26.274       0.017    -244.510       0.019
Gaia DR3 4732538568412966784  53.0703254 -54.1618497 14.869  3.484       2.362 116.5518  38.6353    42.08      nan      nan   40.082  nan      nan    nan   6.195     nan                                None    -111.353    -166.173    -128.197       0.155    -176.875       0.185
Gaia DR3 1642890828274926336 241.3077732  66.5039248 14.649  2.863       2.232  54.5637  39.6207   -44.52      nan      nan   20.925  nan      nan    nan   1.200     nan                                None      63.036     -53.045      55.628       0.022     -46.559       0.027
Gaia DR3 6701116006534243200 303.3116838 -31.5529255 12.116  2.306       2.688  75.5351  39.7742    31.93      nan      nan   25.238  nan      nan    nan   1.130     nan                                None      67.318    -180.634      64.295       0.017    -166.657       0.013
 Gaia DR3 441949974395380480  53.4519901  50.3786128  9.388  1.174       2.004  56.1526  39.8972   -29.64      nan      nan   21.061  nan      nan    nan   1.089     nan                                None     -58.766    -158.735     -51.299       0.016    -153.899       0.017
Gaia DR3 2713229526347323520 341.9912948   8.4318988 13.719  2.573       1.583  32.2667  40.4462     8.43      nan      nan   17.796  nan      nan    nan   1.182     nan                                None      14.881    -177.816      17.930       0.022    -182.911       0.020
Gaia DR3 1575285393040396416 183.8686621  56.9858710 12.150  2.235       2.530  79.9232  40.9897   -46.78      nan      nan   25.441  nan      nan    nan   1.376     nan                                None      10.816     -62.931      14.187       0.017     -76.075       0.019
Gaia DR3 6666178680963755008 301.8496793 -51.7915439 10.053  1.589       2.495  94.6872  41.0997    41.49      nan      nan   29.359  nan      nan    nan   1.039     nan                                None      79.777    -130.341      88.306       0.015    -143.216       0.013
Gaia DR3 2867990323444223872 355.4272581  29.8407775 13.040  2.295       1.686  21.7615  41.1909    -9.01      nan      nan   16.828  nan      nan    nan   1.213     nan                                None       1.082    -168.348       1.596       0.017    -162.389       0.011
Gaia DR3 4709450095539630080  15.5565675 -63.3791891 16.651  4.301       2.859 108.4825  41.4676    47.47      nan      nan   33.088  nan      nan    nan   1.061     nan                                None     -35.915     -49.550     -26.917       0.066     -31.756       0.064
Gaia DR3 4709450095539630208  15.5595914 -63.3803481 14.606  3.115       2.083 108.4842  41.4832    47.47      nan      nan   33.070  nan      nan    nan   1.102     nan                                None     -35.900     -49.517     -31.366       0.022     -35.722       0.021
Gaia DR3 2003682099922238592 342.9525645  55.2411860 16.061  2.911       2.305  17.6817  41.6294   -28.73      nan      nan   16.505  nan      nan    nan   1.015     nan                                None      12.906    -134.444      20.739       0.037    -136.170       0.035
Gaia DR3 2682451305374666240 331.8934226   2.2234523 17.043  3.716       2.720  37.0770  41.6900    12.57      nan      nan   17.825  nan      nan    nan   0.971     nan                                None      24.748    -173.496      31.081       0.130    -181.518       0.174
Gaia DR3 2044026376999968512 284.9339997  33.6066085 14.702  2.775       2.678  37.4725  41.8535   -21.10      nan      nan   17.809  nan      nan    nan   1.050     nan                                None      56.272    -153.093      46.219       0.019    -153.265       0.020
Gaia DR3 1009415415909521152 137.0291468  44.1859802 13.615  2.849       2.692  95.5005  42.8004   -40.53      nan      nan   27.987  nan      nan    nan   1.205     nan                                None     -59.289    -143.008     -70.192       0.018    -131.459       0.016
Gaia DR3 4867388068920821504  69.1197079 -35.9156395 12.192  2.309       2.395 117.0389  43.5469    30.59      nan      nan   32.988  nan      nan    nan   1.271     nan                                None    -104.820    -237.815    -105.008       0.015    -221.158       0.017
Gaia DR3 1122837217203600000 122.0748721  72.2647114 14.662  2.824       0.723  66.5500  44.0284   -46.25      nan      nan   20.846  nan      nan    nan   1.220     nan                                None     -56.486     -22.673     -53.390       0.019     -23.388       0.024
Gaia DR3 1365451231037051520 261.2069160  47.8532795 13.518  2.678       2.610  49.8588  44.0566   -34.81      nan      nan   18.399  nan      nan    nan   1.133     nan                                None      61.007    -114.595      59.594       0.013    -104.571       0.014
Gaia DR3 1595423983590690944 229.7875900  50.1418999 15.365  3.017       2.406  67.3260  44.0733   -41.07      nan      nan   20.957  nan      nan    nan   1.058     nan                                None      55.922     -97.201      51.178       0.026     -87.689       0.030
Gaia DR3 1595446076902498816 230.6882033  50.4173263 15.787  3.265       1.674  66.6957  44.8671   -41.05      nan      nan   20.475  nan      nan    nan   1.060     nan                                None      55.271     -94.778      61.968       0.033     -97.496       0.041
Gaia DR3 1397405203603880192 235.9468007  44.5909629 15.777  3.289       1.039  66.9653  44.9234   -37.75      nan      nan   20.494  nan      nan    nan   6.332     nan                                None      58.750    -116.065      60.085       0.149    -120.349       0.219
Gaia DR3 1454974189324720384 204.6133432  28.4579857 12.871  2.535       2.336  96.1188  45.7162   -33.98      nan      nan   25.770  nan      nan    nan   1.275     nan                                None      40.395    -181.948      30.590       0.027    -173.892       0.015
 Gaia DR3 840203359533587328 173.0461002  52.0909431 16.261  3.352       2.616  86.7056  45.9306   -45.67      nan      nan   23.614  nan      nan    nan   1.176     nan                                None      -4.784     -77.692     -15.470       0.039     -85.136       0.049
 Gaia DR3 844320686982040320 171.1458369  56.3432726 17.595  4.467       2.447  82.9191  46.1689   -46.68      nan      nan   22.720  nan      nan    nan   1.064     nan                                None      -7.104     -58.475     -10.497       0.080     -69.691       0.100
 Gaia DR3 954657606543115264 104.0922454  46.9899665 14.114    nan       0.188  83.9203  46.5541   -36.61      nan      nan   22.692  nan      nan    nan   1.090     nan                                None     -72.046    -132.286     -71.564       0.289    -131.527       0.219
  Gaia DR3 64114210941134848  57.3165076  22.6133002 16.517  3.566       2.185  72.8012  46.6989   -10.43      nan      nan   20.630  nan      nan    nan   1.130     nan                                None     -59.961    -196.161     -68.388       0.088    -191.769       0.052
Gaia DR3 1251857454955568256 207.3560071  23.8483463 15.120  3.245       2.970  98.1180  46.8818   -30.84      nan      nan   25.357  nan      nan    nan   1.119     nan                                None      43.266    -193.861      47.442       0.036    -209.176       0.025
 Gaia DR3 787120862290366848 175.0309557  47.6858234 14.414  2.941       0.857  90.5326  47.0889   -44.36      nan      nan   23.664  nan      nan    nan   1.114     nan                                None      -2.067     -95.050      -6.152       0.017     -96.305       0.019
 Gaia DR3 435854896106562688  46.4113645  47.9080128 17.114  3.780       2.073  52.7668  47.0970   -27.03      nan      nan   17.685  nan      nan    nan   0.997     nan                                None     -45.033    -142.239     -48.626       0.108    -149.082       0.092
Gaia DR3 4906404479551822080   5.0899658 -59.2872208 13.989  2.722       2.944 102.4319  47.5576    47.19      nan      nan   25.772  nan      nan    nan   1.264     nan                                None     -12.769     -53.702       2.919       0.018     -50.570       0.019
Gaia DR3 3301334793985419904  60.0734510   8.3581031 12.801  2.453       2.770  83.6173  48.4631     0.33      nan      nan   21.602  nan      nan    nan   1.927     nan                                None     -64.402    -210.333     -73.849       0.040    -201.976       0.026
 Gaia DR3 285669274270011008  79.7693283  62.2204913 13.496  2.472       2.054  63.4280  48.4687   -39.49      nan      nan   18.509  nan      nan    nan   1.180     nan                                None     -61.208     -89.438     -69.103       0.013     -88.061       0.014
 Gaia DR3 544708888015594752  51.5660845  73.8285864 13.912  2.604       1.289  49.7971  48.8341   -41.29      nan      nan   16.822  nan      nan    nan   1.118     nan                                None     -45.908     -75.923     -41.455       0.012     -76.954       0.013
Gaia DR3 5481783724731447680  95.6562423 -60.4398166 14.950  3.422       1.294 139.9295  49.1969    38.45      nan      nan   31.432  nan      nan    nan   8.036     nan                                None    -103.349    -163.660     -94.776       0.235    -163.586       0.265
Gaia DR3 1711312436143643136 263.3061709  83.4487964 15.166  2.879       2.203  48.5458  49.2712   -45.42      nan      nan   16.573  nan      nan    nan   1.011     nan                                None      55.103     -15.109      59.529       0.028     -21.405       0.031
Gaia DR3 3908536826248667136 184.4068502  12.8766034 12.753  2.635       0.629 119.4873  49.2867   -25.41      nan      nan   27.819  nan      nan    nan   1.545     nan                                None      12.690    -240.522      16.218       0.035    -239.438       0.024
 Gaia DR3 954657606543027328 104.0916123  46.9902202 10.442  1.530       1.204  83.9198  49.3598   -36.61      nan      nan   21.202  nan      nan    nan   0.975     nan                                None     -67.317    -123.601     -72.584       0.018    -122.507       0.018
Gaia DR3 6667552722604011264 302.0113055 -48.5686845 12.175  2.107       2.546  91.6699  49.9836    40.27      nan      nan   22.199  nan      nan    nan   1.278     nan                                None      60.200    -109.192      63.062       0.018     -97.626       0.014
Gaia DR3 2461938858238571904  32.8476750  -9.9933512 12.447  2.264       2.984  75.1935  50.1364    20.44      nan      nan   19.489  nan      nan    nan   8.258     nan                                None     -38.436    -175.630     -26.877       0.149    -179.714       0.109
Gaia DR3 6401531626637387008 321.1827546 -64.8625845 14.285  2.577       2.341 104.4758  50.1900    46.77      nan      nan   24.361  nan      nan    nan   1.097     nan                                None      46.936     -39.683      46.277       0.011     -27.680       0.015
Gaia DR3 2133163849079506816 290.1185308  50.6915483 17.805  3.645       1.167  30.9207  50.2590   -31.30      nan      nan   15.005  nan      nan    nan   0.940     nan                                None      45.795    -106.945      49.271       0.141    -108.187       0.126
Gaia DR3 2696729773824617216 328.3932402   4.7958945 15.402  3.057       2.248  34.6176  50.2971    10.06      nan      nan   15.216  nan      nan    nan   2.261     nan                                None      23.897    -149.645      30.873       0.082    -147.819       0.080
Gaia DR3 2244513487568093440 304.5946521  64.0068686 17.899  3.947       2.486  29.3398  50.3871   -36.74      nan      nan   14.890  nan      nan    nan   0.922     nan                                None      39.042     -90.278      33.791       0.159     -96.050       0.126
 Gaia DR3 542262646444555520  46.5654936  70.2146658 13.060    nan       1.317  48.4329  50.3880   -39.49      nan      nan   16.247  nan      nan    nan   1.858     nan                                None     -41.465     -85.626     -37.439       0.048     -87.657       0.116
Gaia DR3 1071336715329856768 148.9452908  70.0412120  8.296  0.871       2.603  70.6440  50.3941   -47.65      nan      nan   18.749  nan      nan    nan   3.960     nan                                None     -28.915      -9.574     -29.787       0.054       0.678       0.056
Gaia DR3 4330726132852774400 246.8814678 -12.6397670 16.373  3.596       2.807  93.8886  50.4500     4.80      nan      nan   22.328  nan      nan    nan   1.071     nan                                None      70.025    -215.135      56.955       0.076    -213.190       0.056
Gaia DR3 3153019059176624768 106.5513458   6.4598976 13.571  2.834       2.887 118.2241  50.4512   -10.50      nan      nan   26.663  nan      nan    nan   1.315     nan                                None     -83.427    -251.537     -78.317       0.021    -266.937       0.018
Gaia DR3 2431370854438625280   4.0982169  -6.1789716 15.108  2.823       1.482  54.5486  50.4564    20.47      nan      nan   16.815  nan      nan    nan   1.084     nan                                None      -7.372    -154.903      -9.351       0.040    -159.769       0.027
Gaia DR3 6751641245892692992 297.6737900 -30.1007019 14.511  2.802       2.853  76.2017  50.5057    29.94      nan      nan   19.483  nan      nan    nan  13.535     nan                                None      55.532    -145.381      59.985       0.284    -134.542       0.194
Gaia DR3 1713071109287327616 206.7050415  75.7022779 16.213  3.165       0.570  59.6898  50.8652   -47.58      nan      nan   17.238  nan      nan    nan   1.048     nan                                None      28.851       7.123      27.427       0.055       8.627       0.043
Gaia DR3 1012909801301183616 138.8218228  49.2539367 12.206  2.092       2.979  90.7412  50.9323   -42.71      nan      nan   21.546  nan      nan    nan   1.411     nan                                None     -43.890     -92.331     -56.198       0.015     -86.715       0.016
Gaia DR3 4311724677861267968 283.6451677  10.1951494 12.529  2.030       0.825  51.4541  51.0893    -3.50      nan      nan   16.329  nan      nan    nan   1.452     nan                                None      51.970    -157.488      49.596       0.021    -159.046       0.023
Gaia DR3 4790610443265425024  70.7348562 -44.1964583  9.546  1.428       1.268 122.0419  51.1401    34.88      nan      nan   26.798  nan      nan    nan   0.994     nan                                None     -85.867    -167.949     -80.375       0.011    -172.547       0.013
 Gaia DR3 542262642146445568  46.5661684  70.2146798 12.916  2.232       0.671  48.4331  51.2228   -39.49      nan      nan   16.019  nan      nan    nan   2.855     nan                                None     -40.885     -84.425     -42.316       0.046     -82.667       0.068
Gaia DR3 3979553453361445888 175.9952240  21.4596049 11.818  2.171       2.085 115.0677  51.2514   -31.38      nan      nan   25.528  nan      nan    nan   2.141     nan                                None      -0.799    -197.533      -7.484       0.108    -188.522       0.072
Gaia DR3 4970034901079522688  32.9746638 -34.4296961 12.965  2.246       1.332  93.0528  51.3273    36.27      nan      nan   21.724  nan      nan    nan   1.351     nan                                None     -42.971    -139.527     -36.979       0.009    -140.665       0.017
Gaia DR3 4970034901079522816  32.9738817 -34.4305437 14.943  2.736       1.726  93.0530  51.4725    36.27      nan      nan   21.650  nan      nan    nan   1.100     nan                                None     -42.823    -139.047     -35.197       0.011    -141.016       0.021
 Gaia DR3 519212239864092032  26.7419178  66.2579352 12.111  1.733       1.616  40.7641  51.8809   -36.26      nan      nan   15.248  nan      nan    nan   1.008     nan                                None     -25.548     -99.243     -23.355       0.008     -94.535       0.012
Gaia DR3 2360000833125244032   5.7748554 -23.7742884 12.778  2.112       1.921  70.7375  52.4711    32.65      nan      nan   18.005  nan      nan    nan   1.285     nan                                None      -9.629    -134.705     -14.864       0.024    -139.782       0.015
Gaia DR3 2059691256636949504 298.8142404  36.2780407 15.564  2.951       2.984  25.8679  52.5697   -20.20      nan      nan   14.254  nan      nan    nan   1.138     nan                                None      40.131    -125.581      33.486       0.047    -131.602       0.059
Gaia DR3 6590673636935814144 323.8072434 -34.3302123  6.744  0.651       1.179  73.9724  52.9421    36.69      nan      nan   18.244  nan      nan    nan   1.111     nan                                None      32.846    -116.160      35.588       0.029    -112.550       0.019
Gaia DR3 2362018986717947520   5.5197622 -20.3887776 16.636  3.345       2.194  67.6300  52.9860    30.51      nan      nan   17.459  nan      nan    nan   1.045     nan                                None      -9.081    -137.478     -16.088       0.077    -133.464       0.062
 Gaia DR3 797829487069829632 144.5926254  35.3672817 17.447  4.127       0.955 105.0618  53.0208   -37.33      nan      nan   22.762  nan      nan    nan   1.007     nan                                None     -40.101    -141.387     -36.147       0.106    -143.702       0.092
Gaia DR3 1395137598310515584 230.1739243  44.4339207  6.059  0.499       2.236  70.4361  53.2952   -38.62      nan      nan   17.687  nan      nan    nan   0.926     nan                                None      47.432     -97.089      41.352       0.017    -102.796       0.019
Gaia DR3 2865079228969583488 356.3100730  27.3286567 14.513  2.708       1.863  23.8198  53.4948    -6.92      nan      nan   13.985  nan      nan    nan  36.997     nan                                None       0.182    -140.937      -5.104       0.777    -142.427       0.661
Gaia DR3 2261425698686198272 293.9827738  68.6815420 17.208  3.992       1.828  35.5938  53.5596   -39.85      nan      nan   14.534  nan      nan    nan   1.053     nan                                None      42.950     -71.630      46.046       0.084     -66.964       0.083
Gaia DR3 6766143215849351552 293.0755732 -26.5907582 13.239  2.236       1.490  75.0126  53.6214    26.73      nan      nan   18.134  nan      nan    nan   1.025     nan                                None      54.022    -143.966      59.531       0.016    -145.414       0.014
Gaia DR3 1713261221719737216 208.9316514  76.9231376 15.507  3.035       2.803  58.4879  53.7212   -47.45      nan      nan   16.263  nan      nan    nan   1.103     nan                                None      29.018       9.132      38.411       0.035       7.099       0.033
 Gaia DR3 830920114149557376 161.9652578  45.2099797 14.946  2.885       2.374  94.9698  53.7849   -43.14      nan      nan   20.817  nan      nan    nan   1.220     nan                                None     -17.437     -93.517      -9.727       0.021     -86.507       0.029
Gaia DR3 6681832767309567104 311.9210459 -38.8687973 13.670  2.700       2.548  80.2004  54.0316    37.38      nan      nan   18.647  nan      nan    nan   9.959     nan                                None      43.611    -111.971      39.337       0.117    -102.914       0.117
Gaia DR3 2411333904289631488 346.2566089 -13.2993317 10.739  1.376       2.753  54.3683  54.0881    25.61      nan      nan   15.782  nan      nan    nan   1.068     nan                                None       9.376    -135.903      12.853       0.019    -127.428       0.015
Gaia DR3 2411334282246752640 346.2640461 -13.2988643 13.723  2.488       2.745  54.3696  54.1540    25.61      nan      nan   15.765  nan      nan    nan   1.209     nan                                None       9.359    -135.756      13.650       0.021    -127.705       0.019
Gaia DR3 2923260500933654144  98.4290874 -25.8052710 12.406  2.420       1.882 133.9689  54.3175    16.93      nan      nan   26.215  nan      nan    nan   1.305     nan                                None     -85.425    -234.952     -84.106       0.012    -224.633       0.016
Gaia DR3 4738294614863847296  36.2116925 -58.1065916 15.121  2.893       2.916 111.2890  54.4010    45.15      nan      nan   22.949  nan      nan    nan   1.356     nan                                None     -48.793     -66.740     -62.365       0.033     -62.888       0.032
Gaia DR3 4875452570098748672  75.0469482 -31.7029753  8.778  0.979       2.991 119.1454  54.6287    26.65      nan      nan   23.971  nan      nan    nan   0.995     nan                                None     -78.226    -187.901     -82.702       0.012    -173.465       0.014
Gaia DR3 2417868439332894976   1.4611064 -13.3493903 17.959  4.224       2.235  59.5950  55.1340    25.84      nan      nan   15.981  nan      nan    nan   1.097     nan                                None      -4.571    -137.394       1.185       0.196    -132.538       0.133
Gaia DR3 6585856539056895872 325.3920768 -37.9717545 17.068  3.667       2.612  77.4741  55.2501    38.72      nan      nan   17.869  nan      nan    nan   1.209     nan                                None      30.774    -104.220      28.465       0.084    -113.785       0.082
Gaia DR3 4095289902725567872 270.6199824 -19.3226105 13.169  2.346       1.684  81.6182  55.3412    16.16      nan      nan   18.346  nan      nan    nan   1.049     nan                                None      60.940    -165.164      55.151       0.021    -168.149       0.015
Gaia DR3 2290367696587782528 302.4933318  76.2681726 14.302  2.517       2.437  39.1124  55.4061   -42.11      nan      nan   14.345  nan      nan    nan   1.194     nan                                None      38.667     -60.019      45.749       0.020     -62.053       0.023
  Gaia DR3 47762235355241856  65.2126543  18.9231843 18.634  1.273       0.373  80.9069  55.4108    -9.36      nan      nan   18.233  nan      nan    nan   0.984     nan                                None     -56.561    -173.132     -55.410       0.260    -172.275       0.173
Gaia DR3 1084642214775522816 118.0531334  60.7751064 14.305  2.698       1.190  76.2611  55.4790   -43.84      nan      nan   17.647  nan      nan    nan   1.117     nan                                None     -50.097     -56.102     -45.671       0.017     -56.071       0.016
 Gaia DR3 938740217226624000 100.3951557  33.8513355  8.519  0.869       2.576  92.9060  55.5556   -28.55      nan      nan   19.741  nan      nan    nan   4.518     nan                                None     -63.824    -148.992     -73.416       0.111    -153.774       0.096
Gaia DR3 2813319581654067712 353.8699786  14.7849029 14.284  2.472       1.215  31.3980  55.6112     3.61      nan      nan   13.891  nan      nan    nan   1.274     nan                                None       2.150    -141.044       4.968       0.031    -138.871       0.021
  Gaia DR3 32676184203112960  40.6164833  13.6313358 10.243  1.097       1.033  65.3300  55.6615     0.27      nan      nan   16.394  nan      nan    nan   1.106     nan                                None     -37.981    -162.563     -36.509       0.021    -165.817       0.019
Gaia DR3 1051778258897462400 156.1836080  61.9310817 15.192  2.732       1.491  78.6992  55.7114   -47.22      nan      nan   17.858  nan      nan    nan   1.084     nan                                None     -20.681     -31.663     -19.150       0.019     -26.261       0.022
Gaia DR3 4592058297063300864 276.6462306  31.9151653 10.669  1.276       2.842  44.5250  56.1370   -21.76      nan      nan   14.531  nan      nan    nan   0.964     nan                                None      47.637    -123.184      40.263       0.010    -118.558       0.011
 Gaia DR3 196904218796107520  89.0912420  45.4003986 11.477  1.844       2.947  78.5017  56.1570   -32.98      nan      nan   17.684  nan      nan    nan   1.143     nan                                None     -58.832    -117.620     -62.682       0.019    -127.910       0.014
Gaia DR3 1809101492793189760 304.8268851  16.9980482 16.950  3.323       2.238  32.1743  56.7393    -3.98      nan      nan   13.709  nan      nan    nan   0.988     nan                                None      35.830    -134.429      42.281       0.073    -134.897       0.067
Gaia DR3 1718786095851429760 202.5819035  80.6859331 15.628  2.968       2.260  56.8845  56.9118   -47.31      nan      nan   15.284  nan      nan    nan   1.062     nan                                None      22.351      21.320      28.103       0.038      25.785       0.032
 Gaia DR3 928878937953274240 122.1033202  43.7982760 13.617  3.016       2.861  92.7659  56.9694   -38.20      nan      nan   19.149  nan      nan    nan   1.280     nan                                None     -51.869    -107.332     -50.086       0.020    -118.742       0.016
Gaia DR3 6554539488662710016 345.9744610 -34.6545407  9.164  0.911       2.846  75.1539  56.9990    38.71      nan      nan   17.034  nan      nan    nan   0.995     nan                                None      10.395    -103.129       0.176       0.015    -103.358       0.014
Gaia DR3 5108858895603072768  55.7226709 -16.4558929 19.903  3.011       2.494  96.0081  58.1305    20.68      nan      nan   19.103  nan      nan    nan   1.064     nan                                None     -54.637    -167.074     -64.038       0.492    -163.538       0.409
Gaia DR3 6671654695546814080 299.5508573 -46.7868285 11.819  1.907       2.573  90.6884  58.1754    39.14      nan      nan   18.436  nan      nan    nan   1.122     nan                                None      51.478     -97.095      61.350       0.015     -95.500       0.012
Gaia DR3 1416314501499179520 261.2653360  53.3558993 15.009  2.591       0.710  48.3675  58.2237   -37.47      nan      nan   14.339  nan      nan    nan   1.007     nan                                None      47.550     -78.841      46.354       0.022     -77.058       0.029
Gaia DR3 2680718097090147200 330.0822299   0.6189537 17.015  3.330       2.259  38.7016  58.2333    13.64      nan      nan   13.749  nan      nan    nan   1.177     nan                                None      20.395    -132.749      25.044       0.161    -128.137       0.118
Gaia DR3 4253641640453451008 281.3039776  -5.0261547 13.676  2.319       2.673  64.0258  58.2711     8.01      nan      nan   15.566  nan      nan    nan   1.080     nan                                None      50.124    -148.061      42.931       0.022    -143.040       0.018
Gaia DR3 4707185479543681792   6.3963239 -66.5898541 13.924  2.538       1.591 109.2107  58.8398    48.04      nan      nan   20.452  nan      nan    nan   1.093     nan                                None     -11.666     -16.619     -11.237       0.013      -9.774       0.014
Gaia DR3 6799271058813651968 310.3029543 -26.4705822 16.692  0.144       2.469  68.6829  58.8576    30.11      nan      nan   15.843  nan      nan    nan   0.992     nan                                None      38.098    -120.207      38.566       0.078    -111.976       0.054
Gaia DR3 6799271058813652864 310.3008861 -26.4685085 10.549  1.300       2.653  68.6815  58.9235    30.11      nan      nan   15.825  nan      nan    nan   1.043     nan                                None      38.057    -120.078      37.198       0.018    -111.270       0.012
Gaia DR3 2241867310975229696 293.9868882  63.5258229 18.060  3.888       1.853  32.7988  58.9627   -37.59      nan      nan   13.324  nan      nan    nan   1.020     nan                                None      39.372     -75.468      40.277       0.168     -80.594       0.158
Gaia DR3 6544793731127211392 341.3482371 -41.0963645 13.512  2.611       2.514  80.8938  59.1348    41.47      nan      nan   16.998  nan      nan    nan   4.192     nan                                None      14.827     -87.363      16.038       0.053     -78.435       0.048
Gaia DR3 1065778993288893184 154.5726011  65.9415772 15.971  3.223       2.519  74.7328  59.1519   -47.62      nan      nan   16.352  nan      nan    nan   0.995     nan                                None     -20.364     -18.034     -28.422       0.036     -21.270       0.034
Gaia DR3 2761050276336919680 351.2595366   8.4547258 17.168  3.401       2.521  35.5596  59.2015     8.84      nan      nan   13.407  nan      nan    nan   0.973     nan                                None       4.104    -134.156      -0.743       0.100    -139.379       0.091
Gaia DR3 6377858213577369088 358.1126743 -75.3921184 11.439  1.840       2.696 116.0015  59.2992    48.12      nan      nan   21.070  nan      nan    nan   1.103     nan                                None      -1.933      16.735      -2.806       0.016      28.677       0.018
Gaia DR3 6646590503358530688 292.1572005 -50.7663083 13.392  2.525       2.280  96.4352  59.6428    39.65      nan      nan   18.583  nan      nan    nan   1.146     nan                                None      55.797     -92.377      64.672       0.016     -91.378       0.012
Gaia DR3 6647851265236712704 273.7872143 -57.8548423  8.363  0.885       2.919 108.4425  59.6830    39.69      nan      nan   19.994  nan      nan    nan   1.100     nan                                None      66.051     -95.257      59.978       0.024    -105.958       0.025
Gaia DR3 6617791476326267136 328.3447085 -28.7633662 12.842  2.054       0.874  68.1258  59.8951    34.15      nan      nan   15.522  nan      nan    nan   1.230     nan                                None      24.418    -109.019      22.091       0.020    -107.358       0.014
Gaia DR3 1050102087781148800 152.1654203  60.4809753 19.396  2.449       2.067  80.2188  59.9676   -46.78      nan      nan   16.676  nan      nan    nan   3.674     nan                                None     -22.913     -35.050     -15.646       0.809     -34.950       0.830
 Gaia DR3 954106918719557504 103.5982771  45.7819265 17.246  3.868       2.269  84.7130  60.0390   -35.92      nan      nan   17.129  nan      nan    nan   0.971     nan                                None     -54.529    -102.956     -47.250       0.103    -106.717       0.090
Gaia DR3 6687109632850556672 298.9490663 -41.6221157 19.204  3.829       2.548  86.1636  60.0423    36.63      nan      nan   17.284  nan      nan    nan   1.068     nan                                None      48.590    -103.845      45.890       0.300     -94.960       0.233
Gaia DR3 6782046689470449664 316.3331971 -31.3641828  9.724  1.077       1.283  72.0553  60.1869    34.04      nan      nan   15.808  nan      nan    nan   1.979     nan                                None      33.980    -108.970      30.248       0.031    -111.058       0.027
Gaia DR3 5055975238166788352  55.0759511 -30.2606106 15.930  0.153       2.303 104.1435  60.2065    30.10      nan      nan   19.272  nan      nan    nan   0.986     nan                                None     -54.746    -143.313     -62.651       0.026    -148.317       0.035
Gaia DR3 5863220079553975936 195.0428251 -62.5591170 15.864  3.423       0.878 145.1463  60.4633    33.59      nan      nan   23.473  nan      nan    nan   1.103     nan                                None      24.815    -169.881      25.712       0.034    -165.630       0.041
Gaia DR3 6687119910707714048 298.9422966 -41.4786055 11.096  1.576       2.580  86.0353  60.4886    36.55      nan      nan   17.130  nan      nan    nan   1.064     nan                                None      48.160    -103.253      46.014       0.016     -94.185       0.011
Gaia DR3 6757337540766754432 287.7244821 -31.2150152 16.326  0.576       2.260  81.3959  60.6059    28.52      nan      nan   16.610  nan      nan    nan   0.999     nan                                None      51.572    -126.337      51.169       0.060    -134.240       0.052
 Gaia DR3 808875249601778816 152.9661314  44.2331441 15.419  2.791       2.433  96.4577  60.6617   -42.19      nan      nan   18.219  nan      nan    nan   1.051     nan                                None     -24.258     -86.830     -18.256       0.026     -93.992       0.028
Gaia DR3 1702048848816634496 227.2928837  76.9744400 15.050  2.795       2.361  54.9528  60.7156   -46.70      nan      nan   14.269  nan      nan    nan   1.140     nan                                None      36.801      -1.663      31.000       0.026      -5.758       0.025
Gaia DR3 5054173825803953792  49.3583372 -34.0057407 15.212  2.937       1.033 102.6657  60.8763    33.42      nan      nan   18.845  nan      nan    nan   1.097     nan                                None     -50.002    -129.124     -49.778       0.019    -133.221       0.029
 Gaia DR3 715129548186464256 137.5164595  35.5608818 13.174  2.422       2.215 104.0353  60.9186   -36.51      nan      nan   18.984  nan      nan    nan   1.282     nan                                None     -39.800    -120.052     -31.835       0.016    -123.940       0.016
Gaia DR3 1362086038262104832 261.3614916  46.3028877  9.935  0.967       2.227  50.2433  60.9650   -33.97      nan      nan   13.898  nan      nan    nan   1.271     nan                                None      46.093     -89.379      52.167       0.014     -91.761       0.015
Gaia DR3 1068531792448058112 138.0459691  65.5311978 14.002  2.464       0.945  74.6478  60.9797   -46.64      nan      nan   15.843  nan      nan    nan   1.109     nan                                None     -32.833     -25.560     -35.947       0.012     -26.079       0.015
Gaia DR3 4923556448629321984   6.9174485 -53.0293196 14.032  2.496       2.001  97.2806  61.4754    45.79      nan      nan   18.027  nan      nan    nan   1.216     nan                                None     -10.820     -57.155     -14.201       0.014     -63.965       0.016
Gaia DR3 6560067493827212544 333.5497345 -49.3245231 11.598 -0.543       2.983  88.6417  61.7314    44.07      nan      nan   17.020  nan      nan    nan   1.281     nan                                None      22.132     -67.180      11.442       0.039     -66.671       0.050
 Gaia DR3 983025006538754944 113.0341742  50.6925142 15.885  3.145       1.509  83.9006  61.7479   -39.76      nan      nan   16.531  nan      nan    nan   1.110     nan                                None     -49.266     -81.769     -53.859       0.048     -79.210       0.040
Gaia DR3 1016203560180988672 136.2482505  50.4174259  9.861  1.134       2.868  89.2883  61.9691   -42.83      nan      nan   17.014  nan      nan    nan   1.036     nan                                None     -36.636     -71.017     -46.797       0.015     -69.411       0.012
Gaia DR3 1735322097898517888 310.1445832   4.5802023 16.921  3.379       1.197  39.7376  62.0537     7.21      nan      nan   13.098  nan      nan    nan   1.025     nan                                None      31.582    -128.047      28.475       0.123    -129.173       0.087
Gaia DR3 6704940138043280768 279.5343966 -47.9188323 16.733  3.329       2.230  98.6595  62.1288    36.24      nan      nan   17.953  nan      nan    nan   1.034     nan                                None      58.254    -105.804      57.407       0.080    -114.199       0.074
Gaia DR3 6617440388519681664 327.3563202 -29.0257369 16.018  2.989       0.802  68.4337  62.1380    34.19      nan      nan   15.000  nan      nan    nan   0.997     nan                                None      24.351    -105.054      24.951       0.047    -102.589       0.040
Gaia DR3 6591574171318785664 326.2368722 -33.0262009  4.316 -0.041       2.364  72.4896  62.1947    36.29      nan      nan   15.335  nan      nan    nan   0.964     nan                                None      25.762     -99.694      31.169       0.137     -94.291       0.091
 Gaia DR3 998486339048759936  94.3468774  57.4144056  7.032  0.661       2.155  72.0834  62.2058   -39.59      nan      nan   15.296  nan      nan    nan  20.669     nan                                None     -50.465     -73.440     -46.524       0.424     -67.717       0.434
 Gaia DR3 139660825953838848  42.6610593  33.5047867 12.157  1.921       0.970  56.0811  62.2398   -16.06      nan      nan   14.031  nan      nan    nan   1.390     nan                                None     -33.682    -130.460     -35.041       0.025    -127.933       0.020
Gaia DR3 1851406714496028544 317.7766641  28.7913637 16.198  2.895       2.970  15.4503  62.2400   -11.18      nan      nan   12.247  nan      nan    nan   1.046     nan                                None      25.532    -118.605      30.616       0.040    -124.344       0.045
Gaia DR3 2215457316555734912 359.0609780  71.0929267 16.539  3.040       1.227  34.7651  62.2944   -38.05      nan      nan   12.829  nan      nan    nan   0.972     nan                                None      -1.884     -80.383      -3.567       0.049     -77.524       0.049
Gaia DR3 6482955204317676160 314.6664681 -47.7306566 13.023  2.424       1.983  88.3089  62.4136    41.66      nan      nan   16.780  nan      nan    nan   2.722     nan                                None      37.294     -77.818      32.958       0.030     -83.331       0.032
 Gaia DR3 941247584773550976 104.1611225  38.5453329 10.196  1.237       0.955  90.8855  62.7642   -32.17      nan      nan   16.936  nan      nan    nan   1.053     nan                                None     -53.749    -116.823     -52.129       0.019    -113.825       0.016
Gaia DR3 1439762583393238272 265.1766272  62.9473322 14.810  2.598       2.828  45.1393  63.0314   -40.80      nan      nan   13.204  nan      nan    nan   2.455     nan                                None      43.960     -56.864      50.919       0.053     -60.542       0.057
Gaia DR3 4402140615665783296 233.6913668  -3.2586358 13.451  2.539       1.959  98.1066  63.0640    -5.95      nan      nan   17.583  nan      nan    nan   1.304     nan                                None      49.195    -170.737      42.225       0.022    -172.769       0.018
Gaia DR3 4987438585302548224  14.6384854 -39.9038474 18.266  4.088       2.923  88.4586  63.1874    40.77      nan      nan   16.567  nan      nan    nan   0.915     nan                                None     -17.145     -88.663     -23.774       0.100     -80.899       0.117
Gaia DR3 1729549936729826304 315.7506041   0.9476467 18.731  4.020       2.890  40.9603  63.2254    11.20      nan      nan   12.955  nan      nan    nan   1.002     nan                                None      28.179    -125.190      25.078       0.242    -117.931       0.195
 Gaia DR3 835889425661441024 162.6231744  50.4511223 14.682  2.849       1.304  89.7201  63.2586   -44.93      nan      nan   16.671  nan      nan    nan   1.235     nan                                None     -13.347     -60.599     -10.411       0.021     -57.079       0.027
 Gaia DR3 957371166880550656  97.2963303  39.9424244 14.019  2.831       0.515  86.5815  63.3442   -31.55      nan      nan   16.339  nan      nan    nan   8.379     nan                                None     -53.454    -114.028     -55.124       0.245    -114.625       0.230
 Gaia DR3 929639800000008832 123.6825863  46.8474993 16.479  3.832       2.194  90.3457  63.3826   -39.80      nan      nan   16.697  nan      nan    nan   1.133     nan                                None     -44.318     -85.397     -42.429       0.075     -77.909       0.060
Gaia DR3 1565942984473643648 200.9098469  57.5060356 16.610  3.182       2.616  74.7100  63.6343   -46.20      nan      nan   15.176  nan      nan    nan   1.022     nan                                None      20.858     -39.628      22.451       0.045     -31.413       0.042
Gaia DR3 6418533203139999488 279.6897893 -72.3181833 13.290  2.365       2.349 117.2667  63.6766    44.55      nan      nan   19.341  nan      nan    nan   1.184     nan                                None      62.716     -42.563      57.569       0.010     -50.638       0.012
 Gaia DR3 947626504561429376 107.7894646  40.0422895  7.183  0.655       2.631  91.1884  63.9452   -33.73      nan      nan   16.615  nan      nan    nan   0.997     nan                                None     -51.565    -109.500     -60.501       0.023    -107.244       0.021
Gaia DR3 4024651885570338944 175.9510584  32.5548374 10.681  1.431       0.407 104.6529  64.1156   -37.85      nan      nan   17.905  nan      nan    nan   1.250     nan                                None      -0.606    -113.148       0.639       0.013    -112.246       0.015
Gaia DR3 4689643699250419840   6.0601074 -71.9803882  8.901  0.953       2.932 113.9004  64.1541    48.20      nan      nan   18.822  nan      nan    nan   5.031     nan                                None     -10.374       2.752      -9.260       0.066      -8.829       0.078
Gaia DR3 1356461314730503296 251.0190173  41.6771916  8.726  0.755       2.669  58.8889  64.1848   -33.49      nan      nan   13.831  nan      nan    nan   1.132     nan                                None      44.382     -91.222      48.913       0.013     -97.548       0.017
Gaia DR3 6545052356877711744 339.8766695 -41.8373545 14.057  2.542       1.700  81.4924  64.1870    41.70      nan      nan   15.636  nan      nan    nan   1.190     nan                                None      14.925     -78.832      18.659       0.021     -74.654       0.019
Gaia DR3 6898958452342387968 320.6551041  -6.9890445 15.226  2.683       1.697  47.3662  64.2399    18.25      nan      nan   13.111  nan      nan    nan   1.187     nan                                None      25.588    -120.927      24.882       0.039    -116.291       0.032
Gaia DR3 2756500634660025856 353.9158325   5.7695923 17.279  0.345       2.196  39.1546  64.2498    11.10      nan      nan   12.698  nan      nan    nan   0.979     nan                                None       1.931    -125.819       5.277       0.150    -130.653       0.082
Gaia DR3 1721284113253562112 231.3787117  81.4003142 18.567  0.737       2.695  52.7062  64.5825   -46.46      nan      nan   13.357  nan      nan    nan   1.038     nan                                None      36.368       6.103      29.040       0.176       4.131       0.155
Gaia DR3 4733791633714163840  48.5843210 -55.0355484 17.604  4.082       2.611 114.8283  64.6060    42.95      nan      nan   18.748  nan      nan    nan   1.046     nan                                None     -49.230     -71.925     -45.253       0.096     -81.447       0.121
Gaia DR3 1716967430602988160 194.2195143  79.2104200 16.244  3.111       0.932  58.9537  64.7025   -47.63      nan      nan   13.734  nan      nan    nan   1.077     nan                                None      13.894      18.062      14.475       0.055      15.427       0.053
Gaia DR3 3471511259496740736 186.1070638 -30.0970605 16.968  3.847       2.132 150.3070  64.7064     9.41      nan      nan   21.643  nan      nan    nan   1.053     nan                                None      11.986    -215.831      12.687       0.093    -225.531       0.087
Gaia DR3 6773858630675557888 314.8002869 -39.8637632 14.573  2.843       2.232  80.6211  64.7406    38.28      nan      nan   15.418  nan      nan    nan   1.158     nan                                None      34.178     -89.326      34.464       0.023     -82.076       0.023
Gaia DR3 1650350636712271232 251.9174313  70.9889668 14.984  2.677       2.166  49.8804  64.7414   -44.43      nan      nan   13.163  nan      nan    nan   1.055     nan                                None      42.414     -30.804      36.441       0.022     -30.144       0.027
Gaia DR3 2631298867647776768 346.9936991  -8.0447611 15.414  2.732       1.065  49.4759  64.8342    21.80      nan      nan   13.123  nan      nan    nan   1.028     nan                                None       7.243    -119.013       7.306       0.037    -121.960       0.034
 Gaia DR3 963977715639378432 101.0972547  43.5943529  9.815  1.063       2.113  85.4383  64.9834   -34.33      nan      nan   15.786  nan      nan    nan   2.492     nan                                None     -50.881    -100.908     -46.141       0.039    -106.103       0.033
Gaia DR3 5975580237918967552 260.1865658 -35.4401728 18.552  3.946       0.248  99.5142  65.1769    25.03      nan      nan   17.056  nan      nan    nan   1.005     nan                                None      56.452    -137.367      55.854       0.266    -136.706       0.186
Gaia DR3 1645651835115944576 232.3882360  67.5058466 20.800  1.651       0.655  57.4337  65.3565   -45.54      nan      nan   13.508  nan      nan    nan   1.429     nan                                None      37.228     -26.405      38.623       1.571     -27.644       2.065
 Gaia DR3 130814090972997888  37.6764207  28.8992172 15.963  2.979       1.438  54.5655  65.4285   -11.64      nan      nan   13.315  nan      nan    nan   1.201     nan                                None     -29.173    -128.312     -25.797       0.063    -130.526       0.053
Gaia DR3 2769138558748712960   1.1648486  15.4230153 13.995  2.398       2.197  35.2468  65.5137     3.04      nan      nan   12.331  nan      nan    nan   1.099     nan                                None      -3.316    -125.274      -5.720       0.026    -120.094       0.024
 Gaia DR3 127429927326231936  39.0455324  27.3790836 19.011  0.941       2.819  56.3741  65.6861   -10.65      nan      nan   13.379  nan      nan    nan   1.046     nan                                None     -30.107    -129.430     -22.750       0.278    -126.417       0.269
Gaia DR3 1014449461177048576 130.4089967  46.9449503 16.902  3.493       1.090  91.7255  65.7111   -40.80      nan      nan   16.166  nan      nan    nan   0.989     nan                                None     -38.807     -78.943     -38.934       0.082     -82.655       0.086
Gaia DR3 3984681682963524480 164.7528361  19.2503206 13.839  2.682       2.999 120.1536  65.8357   -29.63      nan      nan   18.800  nan      nan    nan   1.155     nan                                None     -12.782    -150.593      -5.812       0.027    -140.966       0.023
Gaia DR3 2071343399797749248 309.6118978  46.8389357 15.712  2.813       2.800  17.6015  65.9296   -25.90      nan      nan   11.755  nan      nan    nan   1.048     nan                                None      28.592     -96.881      24.642       0.052     -91.175       0.051
Gaia DR3 6660973210663673856 285.5104480 -50.1301037 11.297  1.705       1.724  98.1323  65.9717    38.30      nan      nan   16.687  nan      nan    nan   1.562     nan                                None      52.550     -89.074      54.381       0.022     -83.291       0.020
Gaia DR3 4982309432278197760  14.6557167 -44.9617595 15.326  2.866       1.581  92.7565  66.0270    42.85      nan      nan   16.174  nan      nan    nan   1.085     nan                                None     -16.753     -73.958     -12.817       0.018     -70.275       0.021
Gaia DR3 3403480038384584192  85.5503769  22.4105922 14.507  2.874       1.773  92.8692  66.0862   -17.14      nan      nan   16.168  nan      nan    nan   1.130     nan                                None     -53.833    -144.188     -59.640       0.030    -142.519       0.019
Gaia DR3 6644561801326191488 289.8122599 -53.4333586 16.708  3.444       2.747  99.4638  66.1267    40.36      nan      nan   16.766  nan      nan    nan   0.996     nan                                None      51.288     -78.401      47.211       0.060     -69.588       0.045
Gaia DR3 3264721052483465216  54.1799718   1.0887787 12.387  2.023       2.406  83.6468  66.1518     7.58      nan      nan   15.331  nan      nan    nan   1.265     nan                                None     -43.127    -148.023     -48.661       0.017    -142.558       0.015
Gaia DR3 1695366498178184960 224.2003848  70.8323351  8.968  0.753       2.174  58.4877  66.1729   -46.58      nan      nan   13.422  nan      nan    nan   0.944     nan                                None      33.041     -13.976      28.593       0.018     -18.226       0.016
Gaia DR3 1582677310930460800 183.2383062  61.9305132 14.885  2.577       1.236  75.5712  66.6596   -47.63      nan      nan   14.546  nan      nan    nan   1.183     nan                                None       5.655     -23.416       6.192       0.043     -27.168       0.042
Gaia DR3 5820533877059029504 239.0622084 -68.0094877 14.194  2.694       2.399 126.8431  66.7203    39.57      nan      nan   19.058  nan      nan    nan   1.181     nan                                None      56.309     -95.821      64.767       0.011     -91.198       0.016
Gaia DR3 5820533877059028608 239.0607375 -68.0103614 13.558  2.581       1.963 126.8439  66.7591    39.57      nan      nan   19.044  nan      nan    nan   1.188     nan                                None      56.265     -95.747      63.285       0.009     -92.168       0.013
 Gaia DR3 557331247142588544  65.5437967  80.0747166 16.641  3.164       2.624  52.0854  66.7830   -43.96      nan      nan   12.929  nan      nan    nan   1.004     nan                                None     -40.199     -36.637     -45.088       0.059     -31.419       0.054
Gaia DR3 6784276812585658112 321.1257937 -31.6041021 12.789  2.263       2.699  71.5553  67.0325    34.86      nan      nan   14.158  nan      nan    nan   9.034     nan                                None      27.317     -95.900      35.370       0.128     -96.062       0.110
Gaia DR3 2525974278001439104  13.9065300  -4.5862140 14.014  2.511       1.602  58.7379  67.1123    18.67      nan      nan   13.264  nan      nan    nan   1.132     nan                                None     -13.189    -123.867     -13.016       0.026    -128.343       0.022
Gaia DR3 1884980233327811072 346.5637294  28.6514126 12.954  1.927       2.779  16.3709  67.2290    -8.23      nan      nan   11.555  nan      nan    nan   1.166     nan                                None       6.662    -115.753       8.328       0.016    -122.313       0.020
Gaia DR3 4654199120848336384  64.8052938 -71.3533181 14.142  2.883       2.873 127.9061  67.2590    45.09      nan      nan   18.945  nan      nan    nan   2.537     nan                                None     -58.608     -36.162     -52.681       0.106     -45.985       0.124
Gaia DR3 6561696381647008384 329.6101262 -45.8503738 11.495  1.603       2.213  85.1661  67.3224    42.54      nan      nan   15.174  nan      nan    nan   1.073     nan                                None      22.880     -69.382      17.943       0.013     -74.455       0.013
Gaia DR3 6489054710712343296 352.1555206 -59.9498887 12.969  2.263       2.246 100.6974  67.3903    47.37      nan      nan   16.512  nan      nan    nan   1.236     nan                                None       4.198     -32.113      11.303       0.016     -35.379       0.016
Gaia DR3 1607422094990328192 222.1837735  55.9401912 10.725  1.252       2.870  67.5840  67.3980   -43.97      nan      nan   13.796  nan      nan    nan   0.996     nan                                None      32.853     -47.749      39.981       0.009     -52.091       0.011
  Gaia DR3 73686490450234496  32.1204089  12.5835864 13.925  2.421       2.846  59.4326  67.4148     2.59      nan      nan   13.253  nan      nan    nan   1.044     nan                                None     -25.682    -132.288     -22.551       0.023    -124.980       0.018
Gaia DR3 1823383083708557440 299.1954268  20.4136432 15.152  2.546       2.977  33.4993  67.4572    -7.93      nan      nan   11.974  nan      nan    nan   0.978     nan                                None      33.570    -115.501      36.412       0.027    -108.543       0.024
 Gaia DR3 899201126257253632 114.7748319  38.4891368 12.407  2.065       0.648  95.2375  67.5184   -34.24      nan      nan   15.991  nan      nan    nan   1.244     nan                                None     -46.914    -104.770     -44.747       0.016    -105.049       0.011
Gaia DR3 2508703561668907648  26.1496412  -1.1962163 13.123  2.230       2.446  64.2499  67.5287    14.67      nan      nan   13.543  nan      nan    nan   1.407     nan                                None     -22.287    -129.476     -19.965       0.070    -122.890       0.052
Gaia DR3 1798739931432035200 323.5986793  25.5077230 13.322  2.235       2.852  15.3047  67.5733    -7.69      nan      nan   11.491  nan      nan    nan   1.109     nan                                None      20.806    -113.636      20.476       0.013    -106.736       0.008
Gaia DR3 2179462295164105856 322.3170602  58.2784736 16.217  2.684       2.678  19.8785  67.6868   -31.94      nan      nan   11.560  nan      nan    nan   1.033     nan                                None      21.648     -85.572      20.192       0.045     -79.210       0.037
 Gaia DR3 812761988846068352 140.7711981  40.4365211 14.905  2.782       2.793  99.6654  67.7582   -39.34      nan      nan   16.317  nan      nan    nan   1.104     nan                                None     -31.756     -90.913     -40.516       0.026     -86.966       0.022
 Gaia DR3 815129787135875584 144.0393746  44.5668994  9.881  0.999       1.723  95.8652  67.7607   -41.50      nan      nan   15.982  nan      nan    nan   0.939     nan                                None     -28.591     -78.068     -23.166       0.014     -76.001       0.016
Gaia DR3 1054809097059036928 167.0226090  63.9227282 15.734  3.273       2.375  76.0474  67.7787   -47.82      nan      nan   14.338  nan      nan    nan  10.115     nan                                None      -7.890     -18.356      -0.991       0.286     -20.344       0.298
Gaia DR3 1923681118481130368 352.7772713  40.9677659 12.931  2.084       2.037  16.3098  67.8113   -18.01      nan      nan   11.477  nan      nan    nan   2.669     nan                                None       2.504    -108.395       1.247       0.053    -113.160       0.057
 Gaia DR3 957078662427678848  98.7927371  39.6253545 15.109  2.726       0.436  87.5455  67.9661   -31.68      nan      nan   15.217  nan      nan    nan   1.065     nan                                None     -49.519    -105.928     -48.305       0.032    -105.233       0.025
Gaia DR3 6806814155255473664 313.3838903 -23.3718926 15.609  2.854       2.175  64.9203  68.0800    28.67      nan      nan   13.483  nan      nan    nan   1.096     nan                                None      30.707    -106.106      24.753       0.057    -104.443       0.039
Gaia DR3 6470519830886970880 313.1737263 -53.2736628  7.572  0.604       1.215  93.9198  68.1670    43.43      nan      nan   15.706  nan      nan    nan   1.044     nan                                None      35.911     -59.904      37.805       0.026     -56.354       0.020
Gaia DR3 4594775636969949696 265.8731679  28.2358381 14.243  2.632       2.387  54.4817  68.1688   -21.74      nan      nan   12.827  nan      nan    nan   1.106     nan                                None      42.712    -108.514      41.043       0.013    -114.750       0.017
Gaia DR3 2522682202749177984  12.3006400  -7.6089465 10.423  1.056       2.947  60.2113  68.2067    21.10      nan      nan   13.158  nan      nan    nan   0.939     nan                                None     -11.906    -119.923     -11.097       0.021    -111.789       0.018
 Gaia DR3 709237231014033408 126.7350508  32.1959371  9.310  1.003       1.323 104.9012  68.2358   -32.93      nan      nan   16.642  nan      nan    nan   5.019     nan                                None     -42.329    -116.465     -46.611       0.126    -118.253       0.078
 Gaia DR3 709237437172460800 126.7431174  32.2249755  8.204  0.838       2.287 104.8761  68.3451   -32.95      nan      nan   16.609  nan      nan    nan  13.911     nan                                None     -42.238    -116.167     -44.907       0.326    -123.715       0.244
Gaia DR3 3840388717601012096 144.5495025   0.5910524 15.548  3.083       1.124 139.6043  68.3716   -13.86      nan      nan   19.396  nan      nan    nan   1.025     nan                                None     -34.212    -186.074     -31.499       0.046    -182.366       0.027
Gaia DR3 1396789030415491200 238.2602255  44.3601550 14.837  2.603       2.882  65.6991  68.3959   -37.24      nan      nan   13.475  nan      nan    nan   1.067     nan                                None      39.519     -77.848      33.922       0.018     -71.871       0.023
Gaia DR3 6455829427826823168 311.2011229 -58.0582699 14.467  3.330       2.064  98.8290  68.4037    44.58      nan      nan   16.066  nan      nan    nan   1.047     nan                                None      38.051     -49.881      39.319       0.018     -56.755       0.019
Gaia DR3 2802153697474976256  12.2918934  22.3211503 14.386  2.414       1.840  38.5052  68.5520    -3.27      nan      nan   12.002  nan      nan    nan   1.174     nan                                None     -10.854    -121.452     -15.107       0.027    -119.557       0.022
Gaia DR3 6540226256746783872 346.3083840 -44.6047929 16.267  3.204       1.242  84.9566  68.6906    43.09      nan      nan   14.834  nan      nan    nan   1.468     nan                                None       8.769     -67.496      11.491       0.081     -64.726       0.223
Gaia DR3 1569132186669892480 190.4065954  52.8257850 13.374  2.335       2.467  81.9069  68.7382   -45.61      nan      nan   14.582  nan      nan    nan  10.155     nan                                None      11.643     -47.226      19.200       0.085     -46.594       0.106
Gaia DR3 4586888565188276480 275.6503358  29.5772927 15.988  2.779       2.684  46.3380  68.7592   -20.34      nan      nan   12.310  nan      nan    nan   1.024     nan                                None      40.476    -106.233      44.455       0.030    -111.950       0.034
Gaia DR3 6660833851863080448 284.2100101 -50.9811897 13.446  2.661       2.363  99.3023  68.7780    38.46      nan      nan   16.006  nan      nan    nan   1.261     nan                                None      50.787     -84.401      43.618       0.016     -87.889       0.015
Gaia DR3 3939159084075075200 201.8507312  19.4287570 14.416  2.611       1.244 104.7748  68.9613   -28.63      nan      nan   16.424  nan      nan    nan   1.140     nan                                None      23.389    -132.608      24.366       0.025    -136.802       0.018
Gaia DR3 1327410735760706304 251.8682937  36.6782036 11.934  1.640       2.908  60.6604  69.0102   -30.45      nan      nan   13.043  nan      nan    nan   0.994     nan                                None      42.018     -94.093      36.222       0.010     -88.584       0.013
Gaia DR3 1343239270794534528 263.1950511  37.6958322 16.378  2.766       2.525  52.1492  69.0280   -28.62      nan      nan   12.558  nan      nan    nan   0.947     nan                                None      41.747     -94.130      35.150       0.039     -95.213       0.039
Gaia DR3 6767392986911554432 297.3256642 -24.8506425 16.176  2.945       2.868  71.6539  69.1424    26.50      nan      nan   13.737  nan      nan    nan   1.046     nan                                None      39.297    -110.112      42.303       0.055    -102.370       0.034
Gaia DR3 3127606905918654080 100.4613513   4.0878319 13.393  2.305       2.967 116.1151  69.1563    -7.04      nan      nan   17.326  nan      nan    nan   1.152     nan                                None     -56.001    -165.318     -57.866       0.017    -175.994       0.014
Gaia DR3 6326608189900099840 221.9043286  -9.8359191 14.930 -0.181       1.498 111.3434  69.1589    -3.13      nan      nan   16.926  nan      nan    nan   1.049     nan                                None      40.112    -167.249      44.957       0.043    -164.995       0.036
 Gaia DR3 926439911925844352 117.7380125  45.0427602 14.433  2.584       1.416  90.3648  69.2134   -38.06      nan      nan   15.148  nan      nan    nan   1.199     nan                                None     -43.148     -84.508     -38.665       0.025     -85.090       0.020
Gaia DR3 1541194592641944192 189.5547044  45.3421039 16.294  3.253       2.058  88.7274  69.2783   -43.26      nan      nan   15.000  nan      nan    nan   0.985     nan                                None      11.255     -66.842       5.714       0.032     -70.253       0.037
Gaia DR3 6680131105563170944 305.6148380 -42.0499374  5.572  0.005       1.036  84.6779  69.4908    37.94      nan      nan   14.630  nan      nan    nan   1.252     nan                                None      37.819     -83.974      40.977       0.077     -84.466       0.064
 Gaia DR3 931224913518201856 123.9685519  47.3873678 13.831  2.612       1.834  89.9118  69.5355   -40.07      nan      nan   15.035  nan      nan    nan  25.591     nan                                None     -39.756     -75.559     -34.519       0.355     -78.082       0.292
Gaia DR3 5833517460162327040 236.5239833 -60.5083908 15.501  2.667       2.211 125.7580  69.8124    35.82      nan      nan   17.885  nan      nan    nan   1.015     nan                                None      51.576    -110.660      43.281       0.033    -111.499       0.032
Gaia DR3 6430022309376710784 301.8681602 -64.6497271 13.245  2.359       2.712 106.5223  69.8719    45.13      nan      nan   16.317  nan      nan    nan   1.063     nan                                None      44.328     -38.829      35.533       0.010     -35.716       0.011
 Gaia DR3 142326252594669056  45.3054898  37.7747994 14.156  2.439       2.594  56.0409  69.8862   -19.72      nan      nan   12.627  nan      nan    nan   1.171     nan                                None     -31.624    -113.019     -37.790       0.023    -116.127       0.022
Gaia DR3 6892448690671265152 321.2294157 -10.6427627 15.799  2.801       1.345  50.8483  69.9458    21.09      nan      nan   12.345  nan      nan    nan   0.954     nan                                None      23.758    -110.555      21.695       0.047    -107.729       0.036
 Gaia DR3 900396020516766464 112.8262144  40.3528262 14.870  2.877       1.218  92.8829  70.3978   -34.87      nan      nan   15.068  nan      nan    nan   1.547     nan                                None     -44.988     -96.113     -41.129       0.039     -96.407       0.032
Gaia DR3 3378732715997914240 103.2762472  22.6810451 19.921  2.738       2.479 103.3815  70.4493   -21.79      nan      nan   15.903  nan      nan    nan   1.306     nan                                None     -50.713    -135.318     -53.839       0.742    -127.616       0.621
Gaia DR3 2709041413542431488 337.4221340   5.6725289 20.122  2.573       2.954  34.0487  70.6255    10.33      nan      nan   11.549  nan      nan    nan   1.055     nan                                None      12.592    -114.186      12.959       0.688    -107.004       0.727
Gaia DR3 3842468409485415296 138.7693989  -0.0786389 15.206  3.072       2.604 139.0856  70.6452   -12.42      nan      nan   18.530  nan      nan    nan   0.941     nan                                None     -37.790    -178.383     -28.571       0.036    -174.087       0.031
 Gaia DR3 588373651552837760 144.4740617   9.0012300 12.743  2.155       1.886 131.2607  70.7788   -20.35      nan      nan   17.968  nan      nan    nan   1.472     nan                                None     -31.760    -162.842     -38.009       0.026    -159.381       0.021
Gaia DR3 4293299444288123648 288.4988207   4.9168156  9.098  0.878       1.530  51.8208  70.8800     1.97      nan      nan   12.248  nan      nan    nan   2.366     nan                                None      37.827    -118.739      34.389       0.051    -120.687       0.043
Gaia DR3 1107525731809923840  95.9754981  70.9968120 14.639  2.603       1.264  62.8564  71.1280   -43.98      nan      nan   12.808  nan      nan    nan   1.040     nan                                None     -42.074     -33.518     -40.635       0.014     -30.424       0.018
Gaia DR3 4633181951787913344  25.9064107 -78.7653704 17.819  3.923       2.523 122.2401  71.1949    47.42      nan      nan   17.182  nan      nan    nan   1.025     nan                                None     -28.065      16.693     -18.970       0.135      17.604       0.103
Gaia DR3 3440367489561886336  96.5884789  33.9668878 15.361  2.749       2.603  90.8616  71.3528   -27.77      nan      nan   14.690  nan      nan    nan   1.060     nan                                None     -48.168    -112.471     -54.336       0.043    -107.279       0.033
 Gaia DR3 139108634893537792  48.0219713  36.4919655 17.666  3.619       1.310  58.5534  71.4497   -19.23      nan      nan   12.510  nan      nan    nan   1.043     nan                                None     -32.598    -112.210     -30.708       0.142    -109.318       0.123
 Gaia DR3 902973378851513984 126.5627892  32.8902844 14.058  2.504       1.567 104.1984  71.4991   -33.30      nan      nan   15.695  nan      nan    nan   1.156     nan                                None     -40.022    -108.574     -34.837       0.020    -108.551       0.016
Gaia DR3 2583451695019820928  18.0355320  11.2935349 16.482  3.006       2.954  49.7521  71.5205     5.47      nan      nan   12.051  nan      nan    nan   0.996     nan                                None     -14.710    -121.039     -11.635       0.077    -127.884       0.054
Gaia DR3 3232222241842462208  74.3036249   2.2856910 11.175  1.421       0.946  98.3984  71.5942     1.52      nan      nan   15.217  nan      nan    nan   1.065     nan                                None     -49.523    -146.744     -47.683       0.023    -144.330       0.018
  Gaia DR3 22797621983365888  37.2250045   8.8731981 15.698  2.830       1.333  65.6650  71.6871     4.79      nan      nan   12.880  nan      nan    nan   1.055     nan                                None     -27.965    -127.481     -24.705       0.051    -125.908       0.042
Gaia DR3 5455320060400120704 158.4352165 -30.0843060 13.091  2.422       2.456 169.1737  71.8435     9.88      nan      nan   19.335  nan      nan    nan   1.380     nan                                None     -20.002    -191.682     -16.983       0.010    -201.228       0.014
Gaia DR3 2817650935911985536 350.0236604  16.3986561 15.340  2.729       1.368  28.0257  71.8445     2.17      nan      nan   11.211  nan      nan    nan   1.019     nan                                None       4.233    -113.969       7.270       0.034    -112.861       0.028
Gaia DR3 4015649153081878528 186.9622575  32.4725898  8.912  0.920       0.408 101.0534  71.9258   -37.59      nan      nan   15.342  nan      nan    nan   2.824     nan                                None       9.248     -97.581      10.554       0.083     -97.763       0.083
Gaia DR3 2415250261629232128 359.4014658 -17.0316532 15.560  2.808       2.775  62.0689  72.0502    28.44      nan      nan   12.609  nan      nan    nan   1.066     nan                                None      -2.101    -103.730       2.847       0.041    -109.201       0.029
Gaia DR3 1655361214279075712 254.6568511  73.3403103 17.115  3.530       1.742  48.9084  72.0939   -44.64      nan      nan   11.928  nan      nan    nan   2.982     nan                                None      38.871     -25.076      37.320       0.261     -20.979       0.231
Gaia DR3 4857981025392468864  59.6815395 -36.3189635 14.900  2.657       0.468 110.8123  72.1936    32.76      nan      nan   16.028  nan      nan    nan   1.077     nan                                None     -47.620    -109.999     -48.975       0.019    -110.812       0.025
Gaia DR3 4994315412058791680   7.3506162 -39.9059196 18.216  0.476       2.364  85.7070  72.2007    41.16      nan      nan   14.123  nan      nan    nan   1.063     nan                                None      -8.826     -74.620      -2.825       0.102     -70.944       0.148
 Gaia DR3 556282347408871296  68.4372861  79.1662600 18.362  3.654       0.411  52.8060  72.3008   -43.88      nan      nan   12.081  nan      nan    nan   0.988     nan                                None     -38.240     -34.125     -39.286       0.134     -34.107       0.160
Gaia DR3 1165158832802119040 234.1234182  10.0095964  5.015  1.087       2.567  89.3008  72.5569   -16.26      nan      nan   14.310  nan      nan    nan   1.292     nan                                None      40.230    -131.168      42.906       0.094    -123.903       0.095
 Gaia DR3 562506442216032512  33.2871249  79.3796380 16.344  3.173       2.973  46.3742  72.5766   -42.51      nan      nan   11.747  nan      nan    nan   2.791     nan                                None     -23.408     -51.641     -16.802       0.099     -54.893       0.107
 Gaia DR3 645196790435981824 142.2393327  23.9523452 13.527    nan       2.674 116.1586  72.5771   -30.44      nan      nan   16.328  nan      nan    nan   2.571     nan                                None     -30.636    -125.357     -32.181       0.219    -134.430       0.288
Gaia DR3 1086527976000456064 110.8217319  59.6056819 17.128  3.370       2.247  75.5579  72.7390   -42.63      nan      nan   13.317  nan      nan    nan   1.003     nan                                None     -40.421     -49.104     -42.430       0.067     -55.083       0.066
 Gaia DR3 902972034525449088 126.5485573  32.8329607 18.082  0.730       1.353 104.2483  72.7497   -33.26      nan      nan   15.385  nan      nan    nan   0.997     nan                                None     -39.239    -106.542     -35.610       0.151    -109.009       0.114
Gaia DR3 5181575990459717120  48.8836725  -5.9991202  9.835  0.969       2.138  84.1487  72.7859    14.36      nan      nan   13.892  nan      nan    nan   1.129     nan                                None     -36.629    -130.003     -30.931       0.018    -132.596       0.016
Gaia DR3 6060309153740354304 195.2761795 -57.8047241 13.321  2.293       2.402 146.4810  72.7900    30.64      nan      nan   18.209  nan      nan    nan   1.102     nan                                None      19.484    -141.954      28.132       0.010    -145.150       0.013
   Gaia DR3 9984085271846656  51.3206648   7.5497904 15.611  2.947       2.495  77.3594  72.8663     3.03      nan      nan   13.412  nan      nan    nan   1.002     nan                                None     -36.491    -131.332     -34.886       0.046    -124.462       0.036
Gaia DR3 6545513705085055488 339.7907428 -40.9907476 16.725  3.036       0.191  80.6439  72.9090    41.33      nan      nan   13.625  nan      nan    nan  11.465     nan                                None      13.071     -70.469      12.534       0.663     -70.579       0.615
Gaia DR3 6485320700504693760 357.5338502 -65.1344869 15.205  2.858       2.685 106.3952  72.9331    48.03      nan      nan   15.502  nan      nan    nan   1.031     nan                                None      -0.901     -15.898      -8.945       0.022     -12.394       0.028
Gaia DR3 6675682412797465344 308.0388886 -45.0407042 15.965  3.080       2.917  86.9379  73.1530    39.67      nan      nan   14.015  nan      nan    nan   1.005     nan                                None      34.952     -73.413      28.496       0.045     -79.121       0.040
Gaia DR3 6525369243315876736 355.8569419 -46.7846148 15.064  2.852       2.312  88.7879  73.2132    44.05      nan      nan   14.134  nan      nan    nan   1.397     nan                                None       0.556     -58.836       2.170       0.040     -52.138       0.066
Gaia DR3 3265273836249677952  48.1884234  -1.5051316 15.630  2.983       2.555  80.7048  73.2218    10.99      nan      nan   13.569  nan      nan    nan   3.248     nan                                None     -35.439    -129.797     -42.150       0.169    -126.902       0.153
Gaia DR3 6584533654768759040 326.7777158 -39.7576418 10.677  1.177       1.682  79.1744  73.2560    39.71      nan      nan   13.460  nan      nan    nan   1.075     nan                                None      22.246     -74.688      22.330       0.014     -79.459       0.017
Gaia DR3 6692729378514042496 302.7084662 -40.0492486 14.886  2.688       2.095  83.5927  73.3543    36.49      nan      nan   13.741  nan      nan    nan   1.135     nan                                None      36.937     -83.842      30.949       0.027     -84.825       0.020
Gaia DR3 1901665768954218624 336.0425945  31.7629822 15.429  3.037       1.630   8.3894  73.5890   -11.44      nan      nan   10.673  nan      nan    nan   6.153     nan                                None      12.442    -104.850      15.133       0.114    -102.359       0.144
 Gaia DR3 645196794728998912 142.2397764  23.9523890 12.849  2.327       2.836 116.1586  73.6830   -30.44      nan      nan   16.029  nan      nan    nan   2.658     nan                                None     -30.075    -123.062     -36.430       0.110    -130.237       0.091
Gaia DR3 6807584668092455424 314.3110381 -23.1121127 12.646  2.045       2.869  64.4482  73.6939    28.66      nan      nan   12.476  nan      nan    nan  10.083     nan                                None      27.919     -98.345      20.660       0.173    -100.409       0.139
 Gaia DR3 857794652224278528 168.9866283  59.6302027 13.177  2.192       2.523  80.0212  73.7165   -47.27      nan      nan   13.430  nan      nan    nan   1.084     nan                                None      -5.874     -27.088       1.095       0.010     -28.649       0.012
Gaia DR3 2720111094747755520 342.8387088  13.7780960 11.240  1.330       0.869  27.4058  73.7553     4.03      nan      nan   10.958  nan      nan    nan   0.948     nan                                None       8.640    -110.865       6.711       0.020    -110.305       0.019
Gaia DR3 4687424163244366592  15.9253588 -72.7395445 20.326  0.169       2.545 116.1581  73.7923    47.98      nan      nan   16.000  nan      nan    nan   1.663     nan                                None     -17.691       2.310     -15.181       1.801      -5.900       2.112
Gaia DR3 4171028837787268096 271.4701947  -7.4186219 16.054    nan       0.521  72.4507  73.8526     7.24      nan      nan   12.921  nan      nan    nan   0.802     nan                                None      42.867    -122.819      44.274       0.199    -122.993       0.197
Gaia DR3 4295412155851537536 290.7831137   6.8012474 17.716  3.584       2.927  48.8991  73.8779     1.04      nan      nan   11.673  nan      nan    nan   0.973     nan                                None      35.444    -113.436      39.973       0.141    -107.837       0.131
Gaia DR3 5175957760919117824  36.1509942  -9.6368288 16.804  2.537       2.617  77.2530  74.1279    19.63      nan      nan   13.174  nan      nan    nan   1.178     nan                                None     -27.974    -119.326     -24.561       0.312    -125.743       0.195
Gaia DR3 6422510308496371072 298.0799837 -70.8358839 15.247  2.870       1.886 112.7207  74.1834    45.80      nan      nan   15.653  nan      nan    nan   1.042     nan                                None      44.422     -23.688      38.208       0.020     -23.333       0.025
Gaia DR3 6651276484478670208 281.3501400 -53.9475381 17.837  2.699       2.906 102.7236  74.3382    39.26      nan      nan   14.894  nan      nan    nan   0.904     nan                                None      47.951     -74.100      54.556       0.133     -80.395       0.133
Gaia DR3 4844215964446407552  63.2115750 -39.6546724 16.958  3.621       2.870 114.9577  74.3511    33.92      nan      nan   15.769  nan      nan    nan   1.009     nan                                None     -48.222    -103.564     -57.690       0.054    -102.405       0.072
Gaia DR3 2851364986076253568 358.2617212  23.6561748 11.187  1.200       1.431  27.4945  74.6220    -3.85      nan      nan   10.857  nan      nan    nan   0.949     nan                                None      -1.090    -110.197      -1.180       0.020    -106.924       0.012
Gaia DR3 1359632924740905216 255.7937235  46.0060802 16.710  3.071       2.418  53.9615  74.6755   -34.86      nan      nan   11.789  nan      nan    nan   1.056     nan                                None      38.570     -73.534      32.561       0.049     -73.425       0.054
Gaia DR3 3275831823640648192  53.2732705   5.1936417 18.556  0.656       1.129  80.3487  74.8004     4.49      nan      nan   13.251  nan      nan    nan   1.053     nan                                None     -36.898    -129.181     -34.177       0.278    -130.777       0.245
Gaia DR3 1010242076855747840 132.7273432  44.7383622 15.569  2.911       2.171  94.2801  74.8767   -40.20      nan      nan   14.176  nan      nan    nan   1.041     nan                                None     -32.678     -72.921     -32.769       0.043     -66.433       0.040
Gaia DR3 6440909325620769920 299.0181080 -63.4335622 20.644  2.224       2.326 105.9352  74.9072    44.59      nan      nan   14.992  nan      nan    nan   1.085     nan                                None      42.115     -40.542      43.319       0.953     -33.290       0.928
Gaia DR3 6437553684850180608 278.9425120 -65.0026595 10.786  1.358       2.902 112.0390  75.0304    42.78      nan      nan   15.393  nan      nan    nan   0.987     nan                                None      50.064     -52.614      41.352       0.009     -56.192       0.011
Gaia DR3 2627757375054510848 335.2754149  -2.9675460 14.924  2.781       2.708  42.4088  75.0305    17.05      nan      nan   11.260  nan      nan    nan   2.013     nan                                None      13.595    -106.400      18.841       0.063    -110.114       0.055
Gaia DR3 5136101804442807040  27.3808023 -20.9735129 15.409  2.957       1.325  79.7096  75.1125    28.98      nan      nan   13.153  nan      nan    nan   1.187     nan                                None     -22.459    -104.730     -18.794       0.039    -104.977       0.030
Gaia DR3 2860007692933507712   3.3198079  28.5990244 17.769  3.454       1.349  28.2947  75.1386    -8.07      nan      nan   10.815  nan      nan    nan   0.955     nan                                None      -4.256    -108.495      -7.253       0.190    -109.182       0.133
Gaia DR3 4131699994053699456 251.3075253 -17.9802519 18.074  3.778       2.792  94.0239  75.1737    10.14      nan      nan   14.096  nan      nan    nan   0.958     nan                                None      45.294    -132.832      40.487       0.197    -126.070       0.139
Gaia DR3 4171028833492749440 271.4698641  -7.4186248 11.986  1.597       1.038  72.4509  75.2060     7.24      nan      nan   12.691  nan      nan    nan   0.939     nan                                None      42.105    -120.634      42.965       0.017    -117.993       0.014
Gaia DR3 4689136515144488704  10.6413885 -72.4822371 20.571    nan       1.331 115.0446  75.2064    48.11      nan      nan   15.558  nan      nan    nan   1.428     nan                                None     -12.629       2.852      -9.383       1.117      -0.067       1.990
Gaia DR3 6393670805692177920 348.5951528 -63.2966439 16.032  3.071       0.160 103.4987  75.4149    47.78      nan      nan   14.705  nan      nan    nan   1.016     nan                                None       6.763     -20.263       6.556       0.034     -19.812       0.039
Gaia DR3 1409592465363701888 255.7110829  50.5913668 15.568  2.502       1.049  52.4147  75.6703   -37.13      nan      nan   11.579  nan      nan    nan   1.007     nan                                None      37.875     -65.148      40.068       0.033     -63.827       0.037
Gaia DR3 5151949026878798464  33.0202107 -10.6067436 12.083  1.780       2.707  75.7495  75.7388    20.87      nan      nan   12.798  nan      nan    nan   1.277     nan                                None     -25.343    -114.750     -18.132       0.019    -115.907       0.015
Gaia DR3 1681267151338322432 182.1774749  66.1936766 12.983  1.980       2.517  71.8915  75.8176   -48.08      nan      nan   12.557  nan      nan    nan   1.130     nan                                None       4.112     -10.703      10.200       0.015     -13.410       0.017
 Gaia DR3 990078133113405312 106.7566130  57.8755521 13.451    nan       2.435  75.8695  75.8638   -41.54      nan      nan   12.785  nan      nan    nan   2.805     nan                                None     -39.949     -52.958     -45.745       0.113     -56.033       0.094
 Gaia DR3 411956843382410496  17.1887266  56.1361854 15.456  2.615       1.267  34.1916  76.0214   -29.65      nan      nan   10.868  nan      nan    nan   1.056     nan                                None     -12.766     -86.395     -13.194       0.021     -83.524       0.026
Gaia DR3 1994051786802600704 353.4863898  53.5930056 19.213  3.861       2.996  20.6671  76.0468   -27.36      nan      nan   10.551  nan      nan    nan   1.054     nan                                None       1.868     -88.499       0.765       0.238     -95.071       0.215
Gaia DR3 2682987149787718400 333.4137731   3.1268035 17.912  3.378       2.721  36.2136  76.0550    12.01      nan      nan   10.924  nan      nan    nan   1.038     nan                                None      14.284    -106.791      20.293       0.221    -108.565       0.320
Gaia DR3 6468991303565458816 307.0004851 -56.1634753 13.178  2.671       2.469  97.7006  76.1323    43.60      nan      nan   14.150  nan      nan    nan   1.216     nan                                None      35.849     -50.420      29.031       0.014     -53.208       0.013
 Gaia DR3 719707193051500928 134.4695449  39.0330907 17.916  0.623       0.799 100.1295  76.1723   -37.83      nan      nan   14.307  nan      nan    nan   1.046     nan                                None     -31.919     -84.671     -33.292       0.138     -86.652       0.111
 Gaia DR3 967836868307749120  98.6513274  49.2779963 18.924  3.599       2.263  79.9128  76.1880   -36.74      nan      nan   12.976  nan      nan    nan   1.033     nan                                None     -42.248     -74.588     -42.527       0.316     -80.770       0.271
Gaia DR3 1527411041859373568 195.1849561  41.3486692 19.677  3.350       1.573  90.0973  76.2592   -41.37      nan      nan   13.615  nan      nan    nan   1.044     nan                                None      14.500     -69.976      12.905       0.326     -74.199       0.285
 Gaia DR3 917370521544390656 130.1505810  44.9352495 13.075  2.055       2.795  93.6041  76.2907   -39.93      nan      nan   13.842  nan      nan    nan   1.010     nan                                None     -33.370     -71.834     -40.202       0.015     -67.380       0.013
Gaia DR3 1365893475228201984 259.7785166  47.8538525 20.012  3.344       1.950  50.7700  76.3229   -35.07      nan      nan   11.420  nan      nan    nan   1.098     nan                                None      37.767     -70.428      33.764       0.428     -67.976       0.410
 Gaia DR3 961792371855413632  94.6303527  43.8816098 14.842  2.651       2.197  82.2873  76.3332   -33.22      nan      nan   13.098  nan      nan    nan   1.088     nan                                None     -43.183     -86.591     -38.726       0.026     -90.708       0.023
Gaia DR3 6813493477939564672 328.9968470 -23.8447603 16.038  3.045       1.796  63.1870  76.5192    31.24      nan      nan   11.973  nan      nan    nan   1.176     nan                                None      18.433     -91.093      15.197       0.072     -94.268       0.049
Gaia DR3 3619012221831259904 206.8891758  -8.4801897  9.378  0.904       2.141 121.8825  76.7224    -6.75      nan      nan   15.631  nan      nan    nan   0.966     nan                                None      26.305    -155.396      29.134       0.021    -161.859       0.017
Gaia DR3 5163096429812263680  49.9469462 -11.3259555 16.564  3.184       0.727  88.4173  76.7517    18.19      nan      nan   13.412  nan      nan    nan   0.947     nan                                None     -35.863    -121.325     -34.525       0.065    -122.884       0.065
 Gaia DR3 737028212039090176 164.3726859  32.4375824 13.444  2.221       2.816 107.2765  76.8514   -37.49      nan      nan   14.643  nan      nan    nan   1.209     nan                                None     -10.272     -93.360     -13.294       0.015     -85.210       0.016
Gaia DR3 1147097391515007872 161.6144937  84.2078315 18.995  3.742       2.020  56.4100  76.9398   -46.93      nan      nan   11.585  nan      nan    nan   1.089     nan                                None      -9.932      25.837      -5.559       0.237      28.118       0.285
Gaia DR3 1082548980858594560 115.7514132  58.7101264  4.914  0.156       2.451  77.5806  76.9946   -42.99      nan      nan   12.697  nan      nan    nan   1.338     nan                                None     -36.902     -45.821     -37.323       0.093     -52.367       0.088
Gaia DR3 1727460310585903616 222.2606329  85.5350224 19.752  3.239       1.537  52.2956  77.0290   -46.34      nan      nan   11.391  nan      nan    nan   1.197     nan                                None      27.161      17.866      30.417       0.504      19.601       0.493
 Gaia DR3 923915635091075328 116.8912405  41.2765007  9.641  0.953       2.159  93.4871  77.0700   -36.09      nan      nan   13.681  nan      nan    nan   1.121     nan                                None     -39.312     -83.752     -37.609       0.016     -77.763       0.013
Gaia DR3 4286775766899403136 280.3407533   7.9031721  7.877  0.717       0.634  55.4049  77.1540    -2.54      nan      nan   11.510  nan      nan    nan   0.951     nan                                None      37.222    -110.968      38.571       0.030    -110.230       0.025
Gaia DR3 6830887889329783680 322.1890890 -20.2166566 12.070  1.700       1.453  60.1499  77.1567    28.00      nan      nan   11.730  nan      nan    nan   1.167     nan                                None      22.038     -94.782      20.083       0.021     -91.767       0.015
Gaia DR3 6573195009827380480 333.1245866 -40.2034376  6.353  1.102       2.912  79.5160  77.2509    40.51      nan      nan   12.769  nan      nan    nan   1.035     nan                                None      16.894     -68.661      14.101       0.017     -61.336       0.017
Gaia DR3 6578528740733072640 325.1613577 -41.3417376 14.183  2.411       2.310  80.8469  77.7291    40.25      nan      nan   12.768  nan      nan    nan   1.032     nan                                None      22.135     -68.268      15.918       0.019     -68.306       0.018
Gaia DR3 6577165449393697408 321.3372878 -43.5120793 11.725  1.520       1.682  83.3194  77.7330    40.76      nan      nan   12.916  nan      nan    nan   1.110     nan                                None      24.792     -65.943      28.135       0.014     -69.074       0.011
Gaia DR3 1708650316630237568 235.5942511  79.0896011 14.375  2.414       2.905  52.6389  77.7727   -46.33      nan      nan   11.308  nan      nan    nan   3.349     nan                                None      32.297      -1.586      34.796       0.054       4.872       0.058
Gaia DR3 5026482659817491200  17.1626838 -33.5925811 16.540  3.523       2.463  84.2548  77.8310    37.55      nan      nan   12.956  nan      nan    nan   0.999     nan                                None     -15.201     -81.517     -12.188       0.048     -87.532       0.042
Gaia DR3 1082110967209303168 117.0511638  57.0590445 14.698  2.578       1.653  79.3654  77.8965   -42.64      nan      nan   12.652  nan      nan    nan   1.012     nan                                None     -36.296     -48.251     -35.774       0.022     -43.872       0.020
Gaia DR3 5705836328724058368 131.7621179 -18.1440840 12.688  2.054       2.631 152.7968  77.9211     3.56      nan      nan   16.883  nan      nan    nan   1.102     nan                                None     -39.596    -166.819     -30.732       0.012    -169.833       0.012
Gaia DR3 5107892081286860032  58.3987821 -16.8793524 14.953  2.695       2.356  98.2677  77.9375    20.37      nan      nan   13.822  nan      nan    nan   1.087     nan                                None     -40.589    -120.977     -44.521       0.042    -115.349       0.033
 Gaia DR3 691906969255564160 136.6871744  26.5007358 16.433  3.069       2.194 112.7621  77.9523   -31.20      nan      nan   14.757  nan      nan    nan   1.089     nan                                None     -31.487    -110.253     -24.725       0.083    -111.189       0.059
Gaia DR3 1269278460783482368 222.9879815  27.3826070 13.999  2.336       1.140  85.8082  77.9974   -30.64      nan      nan   13.022  nan      nan    nan   1.154     nan                                None      31.433     -97.534      28.426       0.015     -98.403       0.016
Gaia DR3 6112731359870498304 204.4356783 -41.9083055 15.568  3.007       2.916 140.3705  78.0234    20.09      nan      nan   16.331  nan      nan    nan   1.053     nan                                None      25.450    -149.064      19.868       0.050    -140.721       0.034
Gaia DR3 2251210720268131584 298.6037993  70.4118747 15.481  2.705       2.485  35.4579  78.0915   -40.17      nan      nan   10.661  nan      nan    nan   1.276     nan                                None      30.086     -52.156      26.046       0.039     -48.301       0.043
Gaia DR3 6622499546461398272 337.1262615 -25.2492695 11.903  1.556       2.202  64.7616  78.1119    32.93      nan      nan   11.821  nan      nan    nan   1.011     nan                                None      13.080     -87.049       8.754       0.014     -83.675       0.012
Gaia DR3 1582974213429563264 180.5992360  62.8797586 14.009  2.617       2.275  75.1982  78.3436   -47.78      nan      nan   12.341  nan      nan    nan   3.355     nan                                None       2.914     -17.651       6.742       0.049     -22.165       0.047
Gaia DR3 6666936862950848768 299.9399693 -50.3474609 12.450  1.941       2.423  93.8348  78.4042    40.67      nan      nan   13.449  nan      nan    nan   1.289     nan                                None      37.386     -63.602      31.430       0.017     -60.181       0.014
Gaia DR3 4314421956005640960 286.8843412  14.1519461 12.266  1.752       2.689  46.4520  78.4850    -5.83      nan      nan   10.974  nan      nan    nan   1.268     nan                                None      34.263    -105.505      28.941       0.013    -102.286       0.013
 Gaia DR3 641990721901136256 149.5792468  23.4007964 14.325  2.589       1.894 117.2746  78.5439   -31.03      nan      nan   14.907  nan      nan    nan   1.142     nan                                None     -22.501    -114.078     -17.803       0.030    -117.729       0.024
Gaia DR3 3107308993558950912 100.4878341  -1.1326806 18.922  0.757       1.322 119.9515  78.6250    -2.90      nan      nan   15.052  nan      nan    nan   1.015     nan                                None     -48.645    -145.056     -48.748       0.233    -140.862       0.234
 Gaia DR3 641990721901135872 149.5785201  23.4025411 15.426  2.856       1.711 117.2729  78.6682   -31.03      nan      nan   14.878  nan      nan    nan   0.987     nan                                None     -22.459    -113.857     -17.800       0.042    -116.523       0.033
Gaia DR3 2555708645829343104   8.6524808   6.6032180 16.484  3.103       2.446  46.7210  78.8682    10.09      nan      nan   10.937  nan      nan    nan   1.039     nan                                None      -7.646    -108.643     -12.293       0.077    -111.841       0.051
Gaia DR3 1511803856555982464 212.2185293  50.6239448  8.559  0.760       1.756  75.5552  78.9284   -43.40      nan      nan   12.269  nan      nan    nan   1.734     nan                                None      23.833     -49.251      28.367       0.023     -48.987       0.026
Gaia DR3 1060494568607114496 166.6892153  68.4516313 17.130  3.477       2.901  71.6515  78.9738   -48.14      nan      nan   12.051  nan      nan    nan   1.009     nan                                None      -6.861      -5.817      -0.518       0.064      -2.065       0.074
Gaia DR3 1012728862918973312 136.8794862  49.4377419 14.296  2.484       2.774  90.3294  79.0575   -42.56      nan      nan   13.112  nan      nan    nan   1.128     nan                                None     -27.864     -56.511     -28.946       0.019     -64.103       0.014
Gaia DR3 4627481228811479808  66.2183639 -77.6850631  7.897  0.640       1.930 129.2243  79.1672    45.74      nan      nan   15.459  nan      nan    nan   1.090     nan                                None     -48.279     -14.268     -50.600       0.023      -8.422       0.023
Gaia DR3 2343338455960680064   9.2412843 -27.2178668 17.571  3.687       1.384  75.2543  79.2332    34.56      nan      nan   12.206  nan      nan    nan   0.920     nan                                None      -8.941     -86.316     -12.265       0.112     -85.039       0.114
Gaia DR3 4627482701984334336  66.2308652 -77.6839513  8.097  0.682       2.264 129.2269  79.2744    45.74      nan      nan   15.434  nan      nan    nan   0.974     nan                                None     -48.202     -14.257     -48.400       0.020      -6.893       0.020
 Gaia DR3 352800880120569216  30.7217442  45.2707819 13.462  1.923       2.686  43.2244  79.2813   -23.22      nan      nan   10.765  nan      nan    nan   3.578     nan                                None     -20.143     -93.969     -15.614       0.480     -89.891       0.812
Gaia DR3 6399410771785978112 329.0044631 -65.0903083 17.517  3.699       2.781 104.4074  79.3727    47.27      nan      nan   13.927  nan      nan    nan   0.959     nan                                None      21.435     -19.147      28.228       0.080     -14.615       0.107
Gaia DR3 6808266502740715008 315.9357758 -21.4195762 18.827  0.565       2.536  62.4401  79.4562    27.82      nan      nan   11.520  nan      nan    nan   0.967     nan                                None      24.964     -92.565      19.820       0.227     -89.179       0.197
Gaia DR3 4689643046418385536   5.7518749 -72.0108076 20.077    nan       2.837 113.8816  79.4785    48.20      nan      nan   14.491  nan      nan    nan   1.282     nan                                None      -7.730       2.237      -1.347       1.048       8.100       1.423
Gaia DR3 3419458519315799168  74.2355654  24.1547146 10.431  1.052       2.453  84.0563  79.5020   -15.60      nan      nan   12.661  nan      nan    nan   1.040     nan                                None     -41.194    -114.845     -36.341       0.021    -110.449       0.014
Gaia DR3 6657431138253717632 289.6186579 -50.1296720 16.384  3.109       2.172  96.7061  79.5116    38.98      nan      nan   13.421  nan      nan    nan   1.059     nan                                None      41.114     -69.344      38.268       0.062     -63.897       0.050
Gaia DR3 4260668138175919104 287.7098620  -3.2242236 16.675  3.054       2.639  58.5273  79.5377     8.26      nan      nan   11.331  nan      nan    nan   1.050     nan                                None      35.184    -108.097      41.365       0.079    -109.328       0.063
Gaia DR3 5054270823345309568  49.2796039 -33.4418634 15.533  2.858       2.562 102.2584  79.5447    33.11      nan      nan   13.759  nan      nan    nan   2.001     nan                                None     -36.469     -95.197     -33.965       0.038    -102.195       0.053
 Gaia DR3 454745678404896000  40.7180138  56.2468448 15.762  2.599       2.469  47.2201  79.5554   -31.64      nan      nan   10.872  nan      nan    nan   1.081     nan                                None     -25.233     -79.715     -24.699       0.031     -74.081       0.043
Gaia DR3 2241804501373627520 292.3650211  63.2645636 14.701  2.322       1.815  33.3137  79.5655   -37.65      nan      nan   10.437  nan      nan    nan   1.191     nan                                None      31.285     -58.711      27.786       0.028     -60.635       0.027
Gaia DR3 6685135391002659328 297.0258477 -43.8895587 17.689  3.639       1.343  88.8170  79.5763    37.40      nan      nan   12.929  nan      nan    nan   0.997     nan                                None      37.102     -74.522      33.756       0.168     -73.032       0.107
Gaia DR3 1675787666421909376 196.1788204  62.3361572 14.765  2.314       0.828  72.2133  79.6501   -47.31      nan      nan   11.980  nan      nan    nan   0.968     nan                                None      13.412     -20.247      11.382       0.020     -20.753       0.021
Gaia DR3 2866676956803934976 357.2717583  28.4651332 17.212  3.159       1.916  23.8615  79.7500    -7.87      nan      nan   10.208  nan      nan    nan   1.022     nan                                None      -0.438    -102.555       0.284       0.080    -106.616       0.061
Gaia DR3 4098368535286930816 280.6336495 -18.8416009 15.911  2.854       1.764  75.0691  79.7880    18.37      nan      nan   12.111  nan      nan    nan   1.071     nan                                None      39.115    -107.127      41.905       0.048    -103.591       0.040
Gaia DR3 4678184623410669184  65.4725705 -61.5362709 13.428  2.099       2.921 125.6148  79.8182    42.81      nan      nan   15.104  nan      nan    nan   1.023     nan                                None     -46.938     -53.383     -48.659       0.012     -44.244       0.012
Gaia DR3 4073923539936215296 283.4442530 -25.3957735 11.949  1.668       2.823  78.7198  79.8303    23.71      nan      nan   12.304  nan      nan    nan   2.165     nan                                None      39.202    -101.851      37.189       0.036     -94.812       0.031
 Gaia DR3 374343272141902336  14.2158751  41.5347046 15.809  2.729       2.678  32.2642  79.9369   -18.99      nan      nan   10.370  nan      nan    nan   0.981     nan                                None     -10.489     -96.518     -12.537       0.036     -91.033       0.027
Gaia DR3 4944744827970323456  32.3284555 -43.5933078 17.946  3.707       2.626  99.4109  80.0073    40.73      nan      nan   13.494  nan      nan    nan   0.991     nan                                None     -26.283     -68.917     -18.882       0.076     -67.893       0.097
Gaia DR3 1208106822134819456 229.4233991  16.0918137 14.974  2.255       2.779  88.8567  80.1852   -21.80      nan      nan   12.827  nan      nan    nan   1.103     nan                                None      34.065    -111.460      34.309       0.031    -118.972       0.027
Gaia DR3 6575703236368527232 320.8725759 -46.0851217 14.890  2.854       2.507  85.9132  80.1989    41.76      nan      nan   12.653  nan      nan    nan   1.087     nan                                None      24.565     -59.793      26.233       0.050     -66.270       0.042
Gaia DR3 6361246723186170880 291.5351071 -79.1485213 15.590  3.029       1.867 120.6893  80.2522    46.06      nan      nan   14.725  nan      nan    nan   1.022     nan                                None      44.442      -6.324      40.814       0.029     -10.841       0.039
Gaia DR3 6410655236684463360 327.3486508 -58.7883561 17.077  3.443       2.395  98.1481  80.3011    46.16      nan      nan   13.363  nan      nan    nan   1.048     nan                                None      21.699     -33.410      20.793       0.049     -26.725       0.072
Gaia DR3 4187318308719372544 290.5387678 -12.5236952 14.461  2.302       2.947  64.3352  80.3230    16.16      nan      nan   11.491  nan      nan    nan   1.103     nan                                None      34.957    -104.576      30.313       0.026     -99.155       0.021
Gaia DR3 5767707737805513344 256.7645105 -84.6654783  8.537  0.740       0.426 127.7113  80.3261    45.17      nan      nan   15.101  nan      nan    nan   1.004     nan                                None      49.558     -22.006      50.889       0.016     -21.748       0.016
Gaia DR3 4320642614790993664 289.6832312  14.5722597 20.205  1.070       2.687  44.1505  80.3274    -5.47      nan      nan   10.674  nan      nan    nan   1.029     nan                                None      32.682    -102.926      33.638       0.556     -96.957       0.507
 Gaia DR3 909488500642352896 123.4435082  40.1664938 19.802  2.940       1.097  96.5069  80.3578   -36.67      nan      nan   13.253  nan      nan    nan   0.962     nan                                None     -35.289     -80.365     -38.260       0.469     -81.125       0.360
Gaia DR3 6703440511554377216 274.4997944 -49.3808303 19.585  3.959       2.543 101.9110  80.4924    36.05      nan      nan   13.555  nan      nan    nan   1.092     nan                                None      44.703     -80.172      50.259       0.422     -75.489       0.396
Gaia DR3 3450880641788813056  91.3450389  34.0889572  9.915  0.920       2.166  87.9323  80.5815   -26.66      nan      nan   12.707  nan      nan    nan   0.972     nan                                None     -42.165     -99.278     -47.857       0.016    -100.398       0.012
Gaia DR3 1667182716624223232 216.2243305  62.9361645  7.227  0.589       1.513  65.5650  80.6190   -46.15      nan      nan   11.509  nan      nan    nan   0.969     nan                                None      24.477     -24.129      22.789       0.021     -27.389       0.020
Gaia DR3 6376478223406622720 311.2865600 -68.6850728  9.147  0.850       1.406 109.0309  80.6444    46.54      nan      nan   13.955  nan      nan    nan   0.997     nan                                None      33.001     -18.333      31.131       0.010     -14.644       0.012
 Gaia DR3 761677269868775040 167.2031641  34.4264763 18.322  0.856       1.406 104.8583  80.6965   -38.64      nan      nan   13.694  nan      nan    nan   1.021     nan                                None      -7.393     -83.257     -11.124       0.142     -81.658       0.191
Gaia DR3 2173977347049966976 328.1418638  54.5557875 14.406  2.540       2.978  15.4242  80.7078   -29.11      nan      nan    9.982  nan      nan    nan   1.143     nan                                None      15.807     -79.532      18.648       0.021     -73.946       0.020
 Gaia DR3 909760354892174720 129.3928978  36.3034001 16.679  3.548       2.528 101.7002  80.7362   -35.66      nan      nan   13.496  nan      nan    nan   1.021     nan                                None     -32.945     -86.566     -25.864       0.075     -87.836       0.062
Gaia DR3 2546086613416560640   1.3067495   0.1070600 15.412  2.876       2.688  47.7256  80.8084    15.65      nan      nan   10.741  nan      nan    nan   0.930     nan                                None      -2.976    -103.429      -7.775       0.050    -107.175       0.027
Gaia DR3 1581367895660331392 188.2954646  59.5428641 15.623  2.699       1.810  76.5947  80.8398   -47.16      nan      nan   12.034  nan      nan    nan   1.069     nan                                None       8.169     -24.882       3.882       0.032     -23.236       0.032
Gaia DR3 1636250327798670336 249.1963918  66.1311673 20.471  2.683       1.549  51.6024  80.9377   -43.62      nan      nan   10.869  nan      nan    nan   1.289     nan                                None      34.550     -32.459      37.251       0.950     -34.762       0.838
 Gaia DR3 840389486236147328 176.0346089  53.5216676 13.456    nan       1.887  84.7941  80.9941   -46.07      nan      nan   12.460  nan      nan    nan   2.927     nan                                None      -0.361     -37.923      -2.991       0.222     -33.721       0.259
 Gaia DR3 768235714994539904 176.0041962  40.1762382 17.440  3.636       0.197  97.4362  81.0356   -41.49      nan      nan   13.186  nan      nan    nan   1.052     nan                                None      -0.406     -68.628      -0.455       0.086     -69.173       0.087
Gaia DR3 4688826143622197888   9.8100842 -73.4230026 20.837 -0.429       1.087 115.7084  81.1353    48.11      nan      nan   14.248  nan      nan    nan   1.681     nan                                None     -10.896       5.141     -10.909       2.094       1.877       2.692
Gaia DR3 4808732662634331520  83.1031751 -39.8342642 15.018  2.932       2.458 128.6432  81.2004    29.95      nan      nan   14.949  nan      nan    nan   1.087     nan                                None     -49.693    -108.560     -45.997       0.024    -101.751       0.031
 Gaia DR3 718117539756671232 131.0420681  36.9179844  6.440  0.593       2.063 101.4911  81.2341   -36.25      nan      nan   13.391  nan      nan    nan   1.321     nan                                None     -31.801     -84.248     -27.356       0.030     -80.487       0.032
Gaia DR3 5133506024992733184  38.0248241 -16.2696169 19.456  0.735       2.487  83.1935  81.2572    24.13      nan      nan   12.329  nan      nan    nan   1.031     nan                                None     -27.200    -105.274     -27.432       0.309    -111.733       0.306
Gaia DR3 4748222002271679360  42.2959641 -51.6479853 15.231  2.676       0.139 109.7991  81.2815    42.61      nan      nan   13.873  nan      nan    nan   1.154     nan                                None     -33.100     -57.563     -32.861       0.026     -57.893       0.029
Gaia DR3 6578543412341456128 325.3630159 -40.9537425 15.938  3.066       1.155  80.4474  81.3209    40.10      nan      nan   12.168  nan      nan    nan   1.092     nan                                None      20.974     -65.712      21.111       0.039     -62.753       0.038
Gaia DR3 6558358337360755328 330.1611657 -50.0385075 16.425  0.077       2.844  89.3451  81.3424    44.05      nan      nan   12.661  nan      nan    nan   0.996     nan                                None      18.729     -49.303      26.030       0.037     -51.377       0.038
Gaia DR3 3744991824600484864 203.3179863  15.8448211 17.954  0.318       1.699 106.6960  81.4264   -26.01      nan      nan   13.662  nan      nan    nan   1.068     nan                                None      20.502    -115.391      24.400       0.124    -112.431       0.073
 Gaia DR3 480134123439073664  82.2828489  65.6191984 16.825  3.101       1.743  62.3836  81.4649   -41.07      nan      nan   11.250  nan      nan    nan   1.025     nan                                None     -37.361     -47.220     -33.323       0.045     -48.105       0.052
Gaia DR3 6587839267758183936 328.4941493 -35.6623531 17.267  3.507       2.634  75.0125  81.5060    37.92      nan      nan   11.854  nan      nan    nan   1.046     nan                                None      18.556     -72.365      15.511       0.105     -78.199       0.090
Gaia DR3 4126030946460774144 255.2736804 -22.1845688 19.044  1.038       2.861  93.9328  81.7321    14.37      nan      nan   12.860  nan      nan    nan   1.097     nan                                None      41.999    -117.746      35.340       0.352    -113.771       0.231
Gaia DR3 4685929961298616064  12.0863799 -73.3200807 20.599    nan       2.730 115.9780  81.7894    48.06      nan      nan   14.128  nan      nan    nan   1.560     nan                                None     -12.615       4.395      -4.522       2.030       5.183       2.740
Gaia DR3 2188312470409646336 306.4712033  58.5269823 11.054  1.171       2.279  25.0058  81.8508   -33.62      nan      nan   10.013  nan      nan    nan   2.113     nan                                None      25.566     -68.564      27.962       0.029     -72.736       0.026
Gaia DR3 1464978606970170880 193.7017635  29.8719666 17.653  3.734       2.147 100.4668  81.9728   -35.80      nan      nan   13.196  nan      nan    nan   0.958     nan                                None      12.971     -89.204      17.776       0.116     -85.658       0.150
Gaia DR3 4011283026767979776 190.4403881  30.2575278 15.351  3.026       2.363 101.5829  82.0169   -36.22      nan      nan   13.253  nan      nan    nan   1.257     nan                                None      10.607     -88.574       8.371       0.043     -82.362       0.051
Gaia DR3 4376634209351828480 263.7767452   2.7108258 19.932  3.087       2.327  71.1592  82.0272    -2.92      nan      nan   11.586  nan      nan    nan   1.009     nan                                None      38.539    -111.284      42.046       0.500    -106.811       0.396
Gaia DR3 6377204794432974848 356.8096988 -77.3803397 16.126  2.881       2.112 117.7243  82.0306    47.97      nan      nan   14.177  nan      nan    nan   1.022     nan                                None      -0.227      16.263      -5.072       0.040      12.215       0.039
Gaia DR3 4515141304012201728 288.9381932  17.6481617 18.198  3.670       2.328  42.6805  82.0630    -8.10      nan      nan   10.430  nan      nan    nan   1.076     nan                                None      32.111     -99.660      36.195       0.128    -102.745       0.145
Gaia DR3 1631268814275302528 257.0245417  63.8711223 18.236  3.528       2.519  48.7127  82.1192   -42.11      nan      nan   10.624  nan      nan    nan   0.864     nan                                None      34.892     -39.776      29.891       0.136     -37.165       0.157
Gaia DR3 2597445557463916800 341.8537269 -13.3793395 15.184  2.453       1.323  53.5557  82.4008    25.41      nan      nan   10.769  nan      nan    nan   1.055     nan                                None       9.088     -92.789      10.649       0.037     -90.224       0.034
Gaia DR3 1759978813654426752 317.3371588  14.5027996 16.348  2.729       2.986  27.7455  82.5126     0.42      nan      nan    9.999  nan      nan    nan   0.941     nan                                None      21.044     -99.622      27.318       0.043    -100.148       0.038
 Gaia DR3 925671074123881344 118.6645111  43.2358076 18.922  3.648       1.196  92.2830  82.5961   -37.37      nan      nan   12.621  nan      nan    nan   1.039     nan                                None     -35.592     -73.172     -32.932       0.285     -71.424       0.226
Gaia DR3 4726916799819660160  43.9100252 -58.7775256 14.646  2.621       2.847 114.8587  82.6189    44.55      nan      nan   13.898  nan      nan    nan   1.145     nan                                None     -34.055     -42.526     -29.793       0.020     -35.355       0.021
Gaia DR3 3141495112164403584 112.5770831   5.9831721  9.604  0.814       1.458 122.1898  82.6301   -11.65      nan      nan   14.296  nan      nan    nan   0.911     nan                                None     -42.773    -134.646     -45.365       0.015    -138.194       0.011
Gaia DR3 6658975436693953024 291.3662411 -49.2069010 13.665  2.409       1.798  95.3353  82.7676    38.87      nan      nan   12.764  nan      nan    nan   1.168     nan                                None      38.576     -66.735      33.800       0.014     -65.961       0.011
Gaia DR3 1653684111154181120 248.4059998  71.9442879 11.317  1.531       1.080  50.8760  82.7883   -44.89      nan      nan   10.624  nan      nan    nan  13.514     nan                                None      33.623     -21.222      31.275       0.245     -21.806       0.254
Gaia DR3 1169245545724040576 230.6907098  11.9380487 12.689  2.019       2.604  90.6313  82.9758   -18.48      nan      nan   12.468  nan      nan    nan   1.302     nan                                None      33.656    -112.354      26.871       0.018    -111.452       0.014
Gaia DR3 1418171194385361408 266.9342418  55.2929233 16.715  3.028       2.615  44.7745  83.1181   -37.44      nan      nan   10.380  nan      nan    nan   1.124     nan                                None      34.565     -57.073      28.958       0.056     -55.928       0.063
 Gaia DR3 904914875867709056 127.2151372  37.4439969 15.223  2.700       2.813 100.0753  83.2750   -35.91      nan      nan   12.944  nan      nan    nan   0.998     nan                                None     -32.689     -81.815     -33.680       0.033     -89.428       0.029
 Gaia DR3 845850726131871360 172.0705887  56.9105416 17.420  3.486       2.973  82.2362  83.6085   -46.81      nan      nan   11.921  nan      nan    nan   2.435     nan                                None      -3.089     -29.471      -3.863       0.419     -36.902       0.467
Gaia DR3 4022294017244270976 173.1065292  29.0449635  7.711  0.576       0.646 108.7545  83.6897   -35.92      nan      nan   13.355  nan      nan    nan   1.058     nan                                None      -2.659     -90.801      -1.193       0.031     -89.723       0.038
Gaia DR3 6720102098455647616 274.9134654 -45.3011165 13.460  2.331       1.747  98.6552  83.7133    34.04      nan      nan   12.790  nan      nan    nan   1.105     nan                                None      42.139     -82.163      46.320       0.017     -84.332       0.014
Gaia DR3 2699954705853117824 326.9086888   5.3590657 17.381  3.205       0.637  34.1929  83.8969     9.40      nan      nan   10.003  nan      nan    nan   1.056     nan                                None      16.466     -98.542      16.480       0.116     -97.198       0.112
Gaia DR3 1648394326352335104 247.2210350  67.0754738 13.302  2.054       2.706  52.1663  83.9390   -44.05      nan      nan   10.539  nan      nan    nan  38.749     nan                                None      33.122     -28.815      33.190       0.440     -34.827       0.469
Gaia DR3 1525729824158732544 198.3299124  41.6089548 14.763  2.800       0.982  88.5849  83.9493   -41.25      nan      nan   12.204  nan      nan    nan   4.190     nan                                None      15.090     -62.752      17.004       0.134     -61.103       0.140
Gaia DR3 4842708018608486528  58.0252960 -42.1014481 14.609  2.743       2.254 112.9424  83.9731    36.18      nan      nan   13.532  nan      nan    nan   1.143     nan                                None     -39.598     -82.196     -33.341       0.023     -80.717       0.029
Gaia DR3 3421404453035034880  78.9876098  27.1272665  9.686  0.815       1.903  85.3040  83.9815   -18.96      nan      nan   12.026  nan      nan    nan   1.100     nan                                None     -39.700    -105.393     -34.904       0.018    -105.918       0.013
Gaia DR3 4020549916925033856 178.1811050  30.8753515 13.712  2.284       0.537 105.5724  83.9972   -36.95      nan      nan   13.124  nan      nan    nan   1.214     nan                                None       1.256     -85.978      -0.201       0.019     -86.267       0.015
Gaia DR3 4945719545026640768  41.6556244 -44.8280657 14.514  2.676       2.806 105.0801  84.0045    40.06      nan      nan   13.095  nan      nan    nan   2.428     nan                                None     -30.902     -67.684     -33.507       0.090     -60.389       0.109
 Gaia DR3 622868599786557184 150.8328313  17.2390629 15.184  2.733       1.605 123.4587  84.0782   -27.10      nan      nan   14.065  nan      nan    nan   1.035     nan                                None     -20.312    -116.758     -16.462       0.034    -119.556       0.029
Gaia DR3 6845869147575584128 303.2507460 -28.3239106 18.402  3.557       2.556  72.5693  84.0966    29.95      nan      nan   11.374  nan      nan    nan   1.090     nan                                None      30.361     -85.603      34.448       0.199     -81.037       0.155
Gaia DR3 4706863734953456896   7.9551819 -67.3418719 15.273  3.085       2.980 110.1630  84.2145    48.06      nan      nan   13.336  nan      nan    nan   1.152     nan                                None      -8.794      -9.268      -5.775       0.029      -1.454       0.032
Gaia DR3 1250780483316214784 210.1742256  22.6389720 15.506  2.824       0.710  97.3290  84.3439   -29.69      nan      nan   12.613  nan      nan    nan   1.068     nan                                None      23.268     -98.564      22.236       0.034     -96.983       0.030
Gaia DR3 1286035121070741632 220.3585616  31.6784720 16.215  3.051       2.912  84.5455  84.3824   -33.65      nan      nan   11.927  nan      nan    nan   1.053     nan                                None      27.503     -82.627      20.182       0.033     -82.582       0.041
Gaia DR3 4642612020637636992  47.5918156 -71.3938467 10.292  1.118       1.932 122.7449  84.3922    46.40      nan      nan   13.965  nan      nan    nan   1.312     nan                                None     -36.172     -15.176     -41.852       0.017     -15.500       0.015
Gaia DR3 1052409756529363968 159.2307857  63.7167118 13.930  2.324       1.460  76.8015  84.4345   -47.58      nan      nan   11.531  nan      nan    nan   4.779     nan                                None     -11.421     -16.265     -12.794       0.128     -19.538       0.149
Gaia DR3 2461365870946079104  31.6176009 -11.1829509 16.060  2.892       2.629  75.2009  84.4597    21.52      nan      nan   11.450  nan      nan    nan   1.041     nan                                None     -21.916    -102.044     -19.815       0.051    -108.032       0.041
Gaia DR3 6565315668985630848 326.7466722 -44.8520208  9.893  0.959       2.692  84.2596  84.4704    41.89      nan      nan   11.899  nan      nan    nan   0.930     nan                                None      19.685     -56.925      25.882       0.014     -59.607       0.011
Gaia DR3 6375628026039995520 319.0447392 -69.4528882 17.743  3.671       2.520 109.1391  84.4886    47.11      nan      nan   13.231  nan      nan    nan   1.013     nan                                None      26.815     -11.951      20.822       0.092     -15.620       0.098
Gaia DR3 6782563051913642624 321.3157365 -34.8570975  6.820  0.646       2.844  74.7513  84.4932    36.66      nan      nan   11.424  nan      nan    nan   2.988     nan                                None      21.939     -72.449      26.634       0.074     -77.436       0.074
Gaia DR3 3447708791262690944  85.4697546  31.4837491 15.465  2.875       2.717  86.4046  84.5532   -23.57      nan      nan   11.998  nan      nan    nan   1.040     nan                                None     -39.948     -98.849     -42.688       0.046     -92.546       0.023
Gaia DR3 6684551142307626496 295.0776331 -45.7135326 13.220  2.226       2.093  91.0672  84.5882    37.92      nan      nan   12.237  nan      nan    nan   1.256     nan                                None      35.799     -68.288      39.794       0.016     -71.919       0.011
Gaia DR3 6146284331575772800 189.7166253 -40.4470579 13.130  2.135       2.176 150.8801  84.7001    17.90      nan      nan   15.081  nan      nan    nan   1.125     nan                                None      11.454    -142.166      14.919       0.012    -136.179       0.013
Gaia DR3 1749753188013586176 311.7698432   7.9912329 15.790  2.632       2.044  35.9639  84.8089     4.76      nan      nan    9.954  nan      nan    nan   0.949     nan                                None      23.343     -98.134      25.638       0.040    -101.758       0.035
Gaia DR3 4111935409259115264 256.5961734 -26.3378048 14.615  2.494       2.795  95.7631  84.8364    17.80      nan      nan   12.449  nan      nan    nan   0.976     nan                                None      40.834    -110.535      38.961       0.032    -117.628       0.021
Gaia DR3 5773666678510896640 267.7822807 -83.3339515 13.595  2.330       1.951 126.1081  84.8831    45.35      nan      nan   14.034  nan      nan    nan   1.129     nan                                None      46.723     -14.665      48.130       0.015      -9.066       0.014
Gaia DR3 1348299949155694336 262.1425482  42.5642503 15.929  2.621       1.592  51.0001  84.9244   -31.75      nan      nan   10.388  nan      nan    nan   1.143     nan                                None      34.492     -71.837      31.950       0.038     -69.452       0.035
Gaia DR3 5787481625501042048 181.4686569 -79.8855166 18.035  3.985       1.731 137.8385  84.9404    42.15      nan      nan   14.552  nan      nan    nan   1.020     nan                                None       4.169     -72.121       7.397       0.144     -67.903       0.145
Gaia DR3 1025598199845159424 146.2288555  58.0058861 10.865  1.207       2.879  82.5951  84.9626   -45.91      nan      nan   11.744  nan      nan    nan   1.004     nan                                None     -19.734     -31.243     -20.642       0.014     -24.173       0.012
Gaia DR3 2395729600908439424 353.1068546 -15.6229576 14.492  2.288       2.416  58.5105  84.9942    27.46      nan      nan   10.656  nan      nan    nan   1.086     nan                                None       2.121     -89.215       7.314       0.028     -87.638       0.022
 Gaia DR3 568797091835058176  38.9427468  81.1048734 14.710  2.471       2.934  47.8051  84.9959   -43.27      nan      nan   10.274  nan      nan    nan   1.098     nan                                None     -23.074     -40.244     -16.767       0.021     -41.020       0.023
Gaia DR3 6851665089976625536 300.8920254 -24.5597862 19.004  3.857       1.196  69.9705  85.0582    27.06      nan      nan   11.129  nan      nan    nan   1.187     nan                                None      30.594     -88.713      32.960       0.340     -87.203       0.237
Gaia DR3 1477550667735263488 212.5648271  31.2598480 14.647    nan       1.440  89.5082  85.0723   -34.59      nan      nan   12.082  nan      nan    nan   0.826     nan                                None      23.667     -82.503      20.903       0.102     -84.916       0.193
Gaia DR3 4712307313943045760  21.9514587 -62.9099199 12.739  2.108       2.161 109.8449  85.1369    47.11      nan      nan   13.153  nan      nan    nan   2.426     nan                                None     -18.800     -22.420     -14.228       0.030     -26.291       0.026
Gaia DR3 1558424489604907392 206.4590692  49.5117490 14.752  2.605       0.852  78.8613  85.2272   -43.58      nan      nan   11.523  nan      nan    nan   0.919     nan                                None      19.143     -46.705      17.085       0.033     -46.925       0.044
Gaia DR3 3356185031049661440  99.7120522  14.6775758 11.983  1.682       0.925 107.6109  85.2326   -15.04      nan      nan   13.017  nan      nan    nan   3.683     nan                                None     -42.207    -118.676     -40.320       0.052    -116.980       0.045
 Gaia DR3 872128538640246144 113.9804614  26.8952734  3.386  1.818       2.521 105.1209  85.2829   -27.13      nan      nan   12.876  nan      nan    nan   2.181     nan                                None     -38.052    -101.566     -32.841       0.255    -106.002       0.244
Gaia DR3 6472592479024916352 304.0738251 -54.5612965 15.539 -0.164       1.310  96.7630  85.3621    42.74      nan      nan   12.418  nan      nan    nan   1.012     nan                                None      32.791     -48.762      30.397       0.047     -46.306       0.049
Gaia DR3 4027987460251980672 179.7577844  33.4200603 14.089  2.581       1.639 102.7151  85.4624   -38.28      nan      nan   12.718  nan      nan    nan  10.563     nan                                None       2.382     -78.861       6.764       0.216     -78.543       0.240
Gaia DR3 5924562898411728128 261.4314151 -53.6852923 16.581  3.126       0.491 110.7410  85.5301    35.93      nan      nan   13.130  nan      nan    nan   1.022     nan                                None      43.552     -77.964      44.339       0.057     -79.073       0.048
Gaia DR3 4500148780065654528 268.8146610  15.2799545  7.773  0.739       1.153  59.3743  85.6246   -11.42      nan      nan   10.616  nan      nan    nan   1.000     nan                                None      35.326     -98.924      33.314       0.016    -100.538       0.017
Gaia DR3 1389851249483378304 233.7680152  41.2788002 12.816  2.080       2.830  70.1493  85.6589   -36.52      nan      nan   11.061  nan      nan    nan  15.568     nan                                None      30.974     -66.841      35.700       0.167     -62.235       0.198
Gaia DR3 4845179583308803584  60.6396108 -38.3909107  8.382  0.769       2.582 112.5936  85.7829    33.73      nan      nan   13.182  nan      nan    nan   0.962     nan                                None     -39.490     -87.521     -34.102       0.013     -82.781       0.017
Gaia DR3 4838907655449959808  61.4677482 -43.6962561 12.388  1.794       1.368 115.9256  85.8599    36.35      nan      nan   13.339  nan      nan    nan   1.296     nan                                None     -40.237     -79.809     -36.640       0.011     -81.169       0.013
 Gaia DR3 919084557093201792 117.8277409  37.4207373 16.030  2.999       0.743  97.2723  85.8906   -34.23      nan      nan   12.362  nan      nan    nan   1.091     nan                                None     -35.176     -81.482     -35.421       0.048     -79.561       0.039
 Gaia DR3 927731975526769664 115.5473257  47.8526485 18.661  3.786       2.898  87.1774  85.9265   -38.96      nan      nan   11.837  nan      nan    nan   0.983     nan                                None     -34.471     -62.261     -32.453       0.213     -55.318       0.186
Gaia DR3 4952559916102219392  40.0383497 -39.2031889 14.499  2.460       1.538 100.4220  85.9846    37.71      nan      nan   12.511  nan      nan    nan   1.111     nan                                None     -28.682     -74.198     -32.568       0.014     -75.366       0.017
 Gaia DR3 954560535986739840 102.8201195  46.5128465 19.835  3.102       1.387  83.8049  86.1095   -36.14      nan      nan   11.643  nan      nan    nan   1.164     nan                                None     -37.216     -69.216     -34.954       0.561     -66.671       0.498
 Gaia DR3 174617564775714176  68.4434474  35.1650873 10.211  0.928       1.915  73.2418  86.2100   -22.27      nan      nan   11.130  nan      nan    nan   0.809     nan                                None     -35.231     -94.185     -33.905       0.024     -89.892       0.017
 Gaia DR3 916605708127695616 129.0942460  42.8399718 14.388    nan       1.790  95.3895  86.3320   -38.85      nan      nan   12.195  nan      nan    nan   1.114     nan                                None     -29.913     -67.377     -29.353       0.046     -62.808       0.039
Gaia DR3 2313500493521734656   0.7830100 -32.8251459 15.130  2.647       2.097  77.0630  86.3660    37.96      nan      nan   11.285  nan      nan    nan   1.066     nan                                None      -2.785     -70.942      -6.143       0.021     -67.254       0.025
Gaia DR3 1053712261195246080 156.8328451  65.2878332 17.750  3.866       1.721  75.3306  86.5841   -47.65      nan      nan   11.177  nan      nan    nan   1.291     nan                                None     -12.547     -13.133     -16.482       0.104     -14.109       0.125
 Gaia DR3 916605708127695744 129.0949510  42.8397945 14.240  2.356       2.186  95.3898  86.6264   -38.85      nan      nan   12.151  nan      nan    nan   1.391     nan                                None     -29.803     -67.129     -28.425       0.026     -61.702       0.023
 Gaia DR3 846076126014143744 174.3403332  58.3812143 20.432  2.056       2.844  80.4771  86.6308   -47.12      nan      nan   11.411  nan      nan    nan   3.043     nan                                None      -1.454     -25.233      -5.694       2.539     -19.863       2.733
Gaia DR3 6406079447246217216 334.4018122 -61.4719617 20.083  2.412       2.703 100.7983  86.6486    47.06      nan      nan   12.425  nan      nan    nan   3.576     nan                                None      15.588     -23.430      15.376       1.218     -16.352       1.527
Gaia DR3 1784336986233188096 321.5480562  17.0942235 18.708  3.485       2.074  23.8363  86.6545    -1.05      nan      nan    9.532  nan      nan    nan   0.978     nan                                None      18.200     -95.321      16.449       0.202     -91.539       0.198
Gaia DR3 6468212814973450752 309.0451186 -56.6352545 12.625  1.975       2.243  97.7968  86.8658    43.97      nan      nan   12.237  nan      nan    nan   1.474     nan                                None      30.039     -41.765      33.358       0.018     -37.027       0.015
Gaia DR3 1415225538311085952 262.0990611  52.1584316 15.060  2.438       2.537  48.1504  86.9923   -36.77      nan      nan   10.075  nan      nan    nan   1.072     nan                                None      33.450     -57.429      35.530       0.024     -52.460       0.024
Gaia DR3 1632134993216118400 257.4899668  64.3183073 16.984  2.974       1.572  48.4585  86.9958   -42.19      nan      nan   10.084  nan      nan    nan   1.003     nan                                None      33.164     -37.298      29.868       0.061     -36.739       0.079
Gaia DR3 6824597892545209344 327.1450456 -18.7338939 17.385  0.201       0.842  58.1757  87.0200    27.68      nan      nan   10.414  nan      nan    nan   0.986     nan                                None      17.018     -85.198      15.822       0.104     -83.789       0.077
Gaia DR3 6495833131178943104 352.0190263 -56.5892821 15.540  2.747       2.276  97.4471  87.0863    46.75      nan      nan   12.185  nan      nan    nan   1.011     nan                                None       3.194     -30.801       6.938       0.037     -26.311       0.043
Gaia DR3 2500469383512827648  37.2128183   0.3331206 12.334  1.553       2.103  71.2155  87.1391    11.71      nan      nan   10.924  nan      nan    nan   1.321     nan                                None     -23.713    -105.285     -24.069       0.018    -110.115       0.014
Gaia DR3 1397729456454630016 236.2234253  46.0131593 19.563  3.250       2.342  66.0305  87.1874   -38.36      nan      nan   10.700  nan      nan    nan   0.991     nan                                None      30.762     -58.573      36.041       0.317     -58.797       0.424
Gaia DR3 1666478445067054208 216.6092595  61.3726590 20.373  1.755       2.304  66.4299  87.2067   -45.83      nan      nan   10.714  nan      nan    nan   1.797     nan                                None      22.971     -25.435      18.174       2.465     -23.420       1.548
 Gaia DR3 530223161619788928   9.0149702  70.3472283 17.053  2.994       2.130  36.5905  87.3485   -37.78      nan      nan    9.721  nan      nan    nan   1.075     nan                                None      -6.996     -61.229      -5.153       0.063     -57.272       0.071
Gaia DR3 3439276018114007168  97.3933406  32.6248270 14.877  2.440       2.636  92.3275  87.3774   -27.10      nan      nan   11.885  nan      nan    nan  10.853     nan                                None     -38.868     -92.303     -44.027       0.269     -88.179       0.227
 Gaia DR3 969062995573565184  95.3074813  48.1998623 15.999  3.124       2.209  79.3280  87.4030   -35.61      nan      nan   11.255  nan      nan    nan   1.106     nan                                None     -37.041     -67.928     -32.693       0.050     -65.003       0.041
Gaia DR3 6679709477213146112 307.2091614 -42.1452923  9.329  0.796       1.185  84.3780  87.4171    38.24      nan      nan   11.491  nan      nan    nan   0.882     nan                                None      29.021     -65.251      28.382       0.014     -62.453       0.011
Gaia DR3 4639823796588598016  48.6123021 -74.1423163 15.078  2.889       0.832 124.2002  87.4841    46.53      nan      nan   13.443  nan      nan    nan   6.247     nan                                None     -35.316      -8.883     -35.742       0.149     -11.201       0.130
 Gaia DR3 487611764583165824  51.6463183  62.7442081 17.040  3.029       2.816  51.4124  87.5263   -36.42      nan      nan   10.124  nan      nan    nan   0.971     nan                                None     -27.654     -61.758     -28.839       0.071     -55.866       0.082
Gaia DR3 5639884322767300608 128.6330065 -32.5993761  6.214  0.962       2.920 160.3768  87.5314    15.66      nan      nan   14.693  nan      nan    nan  26.260     nan                                None     -36.304    -136.787     -27.287       0.389    -137.519       0.352
Gaia DR3 1817928883233144576 311.2757654  21.7082823 18.953  3.919       1.258  24.6462  87.5473    -6.55      nan      nan    9.464  nan      nan    nan   1.001     nan                                None      22.386     -92.822      24.290       0.229     -94.458       0.247
Gaia DR3 6739550977374492416 292.6845672 -36.4503830 16.776  0.099       1.619  83.7604  87.5796    32.70      nan      nan   11.439  nan      nan    nan   0.978     nan                                None      34.194     -78.572      34.209       0.071     -74.668       0.065
Gaia DR3 1709108705603899008 239.1159643  80.9479253 17.724  3.323       1.478  51.6543  87.6704   -46.19      nan      nan   10.117  nan      nan    nan   1.009     nan                                None      29.905       0.003      28.374       0.126       2.759       0.114
 Gaia DR3 983273079553938944 111.4830370  51.2042861 15.391  2.640       2.423  82.9738  87.6988   -39.73      nan      nan   11.386  nan      nan    nan   1.059     nan                                None     -34.378     -56.185     -32.721       0.035     -61.760       0.026
Gaia DR3 6647081332218903296 294.6079914 -49.7198693 18.259    nan       2.336  94.7650  87.7322    39.61      nan      nan   11.954  nan      nan    nan   1.148     nan                                None      35.124     -60.081      39.970       0.202     -63.423       0.151
Gaia DR3 4071766504282320896 280.7908889 -28.0180494 14.565  2.440       2.313  82.2377  87.8166    24.86      nan      nan   11.336  nan      nan    nan   1.038     nan                                None      36.587     -91.935      31.495       0.029     -89.787       0.024
Gaia DR3 5112523636578639360  53.5222375 -14.4763733 12.884  1.891       0.940  93.1124  87.8198    19.73      nan      nan   11.859  nan      nan    nan   1.001     nan                                None     -33.117    -105.123     -34.285       0.023    -103.085       0.017
 Gaia DR3 288270237743785216  22.7462793  19.8927607 15.817  2.651       2.942  47.8520  87.8229    -2.20      nan      nan    9.981  nan      nan    nan   1.145     nan                                None     -14.681    -100.463     -15.234       0.055     -94.297       0.033
Gaia DR3 6757097056956785536 286.8809839 -32.4555177 15.952  2.852       1.158  82.8266  87.8281    29.11      nan      nan   11.362  nan      nan    nan   1.054     nan                                None      35.476     -85.200      37.292       0.055     -87.297       0.048
Gaia DR3 1688758227137463680 200.8676828  74.6083363 14.200  2.251       2.961  61.5177  88.3302   -47.80      nan      nan   10.393  nan      nan    nan   1.038     nan                                None      14.262       3.859      13.342       0.019      -2.563       0.019
Gaia DR3 2184701120169184640 304.0251346  53.4159164 19.158  0.656       1.992  23.3981  88.3642   -30.90      nan      nan    9.372  nan      nan    nan   1.063     nan                                None      24.763     -69.005      20.982       0.285     -70.093       0.266
Gaia DR3 6224302721755838976 224.8890378 -28.6584244 15.709  2.826       2.234 119.8619  88.3859    12.67      nan      nan   13.081  nan      nan    nan   1.048     nan                                None      32.551    -124.338      33.367       0.058    -118.231       0.060
 Gaia DR3 992162223042541568  98.8542835  51.4943307 19.188  3.793       0.910  78.2681  88.4150   -37.80      nan      nan   11.077  nan      nan    nan   0.954     nan                                None     -36.038     -60.206     -38.159       0.303     -60.096       0.323
Gaia DR3 5817297945610451456 256.6696308 -63.4990731 17.450  3.582       0.863 118.4554  88.4164    39.62      nan      nan   13.009  nan      nan    nan   1.047     nan                                None      42.682     -62.504      43.358       0.073     -60.235       0.082
Gaia DR3 3676415043858845440 188.7854114  -7.4752958 15.580  2.735       1.395 133.8595  88.4180    -9.36      nan      nan   13.687  nan      nan    nan   0.923     nan                                None       9.672    -136.387      13.191       0.074    -134.432       0.051
 Gaia DR3 973886759242127488 111.7984145  46.0941265 15.161  2.621       2.364  87.5093  88.5364   -37.54      nan      nan   11.488  nan      nan    nan   1.097     nan                                None     -34.597     -64.900     -30.777       0.029     -69.165       0.022
 Gaia DR3 552325617378601472  79.9254979  77.2866873 11.371  1.230       1.595  55.6659  88.5374   -44.10      nan      nan   10.161  nan      nan    nan   0.913     nan                                None     -33.611     -25.316     -36.870       0.011     -24.289       0.013
 Gaia DR3 929437902177290368 122.9494938  45.3026554 17.240  3.368       1.451  91.5976  88.5779   -39.02      nan      nan   11.678  nan      nan    nan   1.017     nan                                None     -31.294     -62.631     -27.847       0.082     -63.570       0.066
Gaia DR3 6647081332220851712 294.6079831 -49.7196085 17.619  3.541       1.934  94.7647  88.5949    39.61      nan      nan   11.829  nan      nan    nan   1.086     nan                                None      34.756     -59.451      39.573       0.116     -59.704       0.095
 Gaia DR3 772153309283751040 172.3881240  43.6262296  8.859  0.828       2.687  94.9545  88.6883   -42.87      nan      nan   11.824  nan      nan    nan   0.786     nan                                None      -2.847     -55.270       0.753       0.015     -49.620       0.012
 Gaia DR3 428099632583836160   7.4752042  59.2545569  8.014  1.051       2.207  30.1727  88.8377   -31.28      nan      nan    9.446  nan      nan    nan   0.910     nan                                None      -5.970     -73.012      -3.065       0.016     -69.716       0.017
Gaia DR3 6432277265990386944 271.3528743 -70.5998880 20.698  2.540       2.197 117.9995  88.9362    43.47      nan      nan   12.899  nan      nan    nan   1.052     nan                                None      42.803     -37.827      41.858       0.638     -31.929       0.869
 Gaia DR3 216682238251347456  55.9993836  32.1873795 15.044  2.689       2.323  66.4092  89.1796   -17.51      nan      nan   10.487  nan      nan    nan   1.088     nan                                None     -30.079     -94.857     -25.469       0.045     -92.593       0.029
Gaia DR3 3975786595240126208 175.8891875  19.4810173 19.933  3.251       1.801 116.9518  89.1940   -30.10      nan      nan   12.807  nan      nan    nan   1.136     nan                                None      -0.480    -101.965       4.079       0.900    -103.658       0.937
 Gaia DR3 933929647695120640 116.6663313  49.4312080 14.924  2.847       2.359  86.0990  89.3414   -39.81      nan      nan   11.314  nan      nan    nan  11.640     nan                                None     -32.587     -56.444     -32.409       0.289     -62.069       0.261
Gaia DR3 2265956747448529280 282.3910319  71.6843799 18.866  3.771       1.232  40.4951  89.4288   -41.95      nan      nan    9.620  nan      nan    nan   0.994     nan                                None      30.818     -37.403      28.861       0.170     -38.958       0.192
 Gaia DR3 803740289783472384 150.9150933  40.6401714  9.205  0.828       1.462 100.0593  89.4407   -40.51      nan      nan   11.962  nan      nan    nan   0.898     nan                                None     -17.224     -63.955     -20.910       0.010     -63.947       0.010
Gaia DR3 2503277609224846208  37.3732429   2.7309735 12.741  1.793       2.643  69.7464  89.4467     9.76      nan      nan   10.589  nan      nan    nan   1.349     nan                                None     -23.060    -103.058     -19.916       0.025    -108.052       0.018
 Gaia DR3 906151895168451840 121.3555255  35.6473427 16.349  3.244       2.397 100.0592  89.5123   -33.91      nan      nan   11.951  nan      nan    nan   1.050     nan                                None     -32.673     -80.215     -32.481       0.069     -74.179       0.054
Gaia DR3 1701925222477693952 224.7015082  76.5279829  7.248  1.045       2.838  55.6794  89.5291   -46.82      nan      nan   10.058  nan      nan    nan   1.099     nan                                None      24.956      -0.825      28.137       0.021       4.284       0.023
Gaia DR3 6417291923232793088 295.1911000 -70.9398692 11.802  1.600       1.712 113.2664  89.5293    45.59      nan      nan   12.579  nan      nan    nan  18.882     nan                                None      36.759     -20.543      40.307       0.145     -17.712       0.180
Gaia DR3 6567336021600671616 333.5605902 -43.9971699 12.668  1.751       0.664  83.3166  89.5400    42.14      nan      nan   11.162  nan      nan    nan   1.000     nan                                None      14.507     -53.497      13.080       0.010     -54.132       0.012
Gaia DR3 6459924039191491456 322.7497761 -56.8241054 19.219  2.308       1.550  96.4072  89.5853    45.36      nan      nan   11.766  nan      nan    nan   2.733     nan                                None      21.788     -34.702      23.814       1.124     -37.968       0.926
 Gaia DR3 739187446717309952 153.2299472  26.5041346 16.561  2.873       0.835 114.1773  89.7265   -33.33      nan      nan   12.590  nan      nan    nan   1.095     nan                                None     -16.586     -91.238     -17.619       0.068     -89.278       0.067
Gaia DR3 5817822790629014784 251.7904404 -63.7635158 12.097  1.632       2.513 120.4655  89.7652    39.14      nan      nan   12.871  nan      nan    nan   1.064     nan                                None      41.451     -64.541      34.732       0.017     -65.701       0.017
Gaia DR3 2664202058051483520 348.3414684   5.8722596 19.069  3.757       2.088  36.7179  89.8256    10.88      nan      nan    9.493  nan      nan    nan   1.452     nan                                None       4.505     -94.079       3.978       0.452     -98.224       0.383
Gaia DR3 6522360876424060416 355.7418708 -52.4071820 12.296  1.687       1.021  94.0937  89.8619    45.78      nan      nan   11.618  nan      nan    nan   1.221     nan                                None       0.535     -37.550      -1.121       0.008     -39.424       0.012
Gaia DR3 6595079345667592448 337.6052983 -37.4915036 13.047  2.035       1.316  76.9949  89.8874    39.61      nan      nan   10.840  nan      nan    nan   1.008     nan                                None      11.710     -61.984      12.254       0.013     -59.027       0.011
