GaiaDR3                               RA         DEC   Gmag  Bp-Rp  Voff(km/s) Sep(deg)   3D(pc) Vr(pred)  Vr(obs)    Vrerr Plx(mas)  SpT    FnuvJ  W1-W3    RUWE  XCrate                               RVsrc    PMRApred   PMDecpred        PMRA     PMRAerr       PMDec    PMDecerr
Gaia DR3 4923860051276772608   0.1855575 -54.8308328 10.588  1.377       0.000   0.0000   0.0000    21.18      nan      nan   16.164  nan      nan    nan   0.906     nan                                None    -202.711     -71.613    -202.711       0.008     -71.613       0.009
Gaia DR3 4923860051276772480   0.1844334 -54.8299947 15.392  2.529       0.893   0.0011   0.5234    21.18      nan      nan   16.302  nan      nan    nan   1.042     nan                                None    -204.441     -72.221    -207.506       0.060     -72.386       0.065
Gaia DR3 4923848227231122688   0.1967239 -54.8502449 18.578  3.926       1.991   0.0204   1.8770    21.18      nan      nan   15.688  nan      nan    nan   1.133     nan                                None    -196.739     -69.512    -203.322       0.151     -69.304       0.169
Gaia DR3 6491596403638720512 345.9880746 -59.0376148 16.079  3.281       2.146   8.7902   9.6157    30.25      nan      nan   15.900  nan      nan    nan   1.386     nan                                None    -197.388     -22.667    -203.614       0.047     -26.271       0.055
Gaia DR3 4702658893251422592   8.5300634 -69.4102798 15.704  3.088       1.616  15.0598  18.3999    22.77      nan      nan   14.557  nan      nan    nan   0.962     nan                                None    -178.413     -70.692    -175.274       0.039     -66.854       0.038
Gaia DR3 6535472552583868928 354.2668516 -41.8563957 15.996  2.874       2.694  13.5457  25.1230    20.51      nan      nan   12.397  nan      nan    nan   0.953     nan                                None    -155.973     -55.213    -161.079       0.045     -60.061       0.039
Gaia DR3 6585308088911800192 327.8521964 -37.8271936 14.936  2.824       1.614  27.6566  29.4178    39.84      nan      nan   16.344  nan      nan    nan   5.098     nan                                None    -182.346     -21.744    -177.566       0.124     -24.588       0.125
Gaia DR3 5033093954515880832  16.4279861 -28.8442215 12.783  2.207       2.831  28.5070  29.7758    -4.55      nan      nan   19.795  nan      nan    nan   1.427     nan                                None    -232.536    -150.690    -221.158       0.021    -147.508       0.029
Gaia DR3 6392691308334691328 339.9264048 -64.6544511 18.192  0.370       2.773  14.0501  30.2420    33.40      nan      nan   11.592  nan      nan    nan   0.955     nan                                None    -140.589       4.406    -140.673       0.100      -2.371       0.124
Gaia DR3 6442469090237336704 301.1578723 -62.4024611 19.130  3.400       2.284  30.4845  32.4446    48.50      nan      nan   16.250  nan      nan    nan   0.997     nan                                None    -119.469     100.376    -126.689       0.196     103.396       0.200
Gaia DR3 4687800672935664384  24.2354959 -71.3069749 17.342  3.226       1.769  19.4534  33.9861    18.64      nan      nan   11.715  nan      nan    nan   0.967     nan                                None    -129.158     -90.626    -128.505       0.103     -86.306       0.077
Gaia DR3 4741721930046784768  39.7444053 -52.9596817 14.833  2.591       1.506  23.0737  34.3858    -1.63      nan      nan   12.300  nan      nan    nan   1.077     nan                                None    -110.720    -132.321    -112.030       0.019    -135.999       0.020
Gaia DR3 5017679969726394880  29.4665359 -33.4109484  9.226  0.834       2.634  29.5997  34.7864   -11.69      nan      nan   14.202  nan      nan    nan   0.947     nan                                None    -148.067    -128.667    -141.241       0.009    -132.618       0.012
Gaia DR3 6493539408187567104 345.6295007 -56.4940237 19.342  0.676       0.687   8.3605  36.0450    30.12      nan      nan   10.404  nan      nan    nan   0.997     nan                                None    -129.032     -17.091    -129.619       0.171     -18.479       0.228
Gaia DR3 2377940082591656576 349.2039780 -29.4187601 11.831  1.579       1.748  26.6124  37.3152    20.07      nan      nan   12.453  nan      nan    nan   1.054     nan                                None    -155.800     -58.985    -153.022       0.013     -55.334       0.012
Gaia DR3 4621352894595893632  82.0753999 -81.7773402  9.632  1.490       0.867  34.8478  40.8189    20.59      nan      nan   32.937  nan      nan    nan   0.971     nan                                None     -24.113    -438.770     -29.644       0.012    -441.140       0.012
Gaia DR3 6473342345954736640 302.5706159 -53.1207419 16.237  2.996       2.092  32.9624  40.9564    52.06      nan      nan   13.291  nan      nan    nan   1.009     nan                                None    -101.032      57.133    -105.733       0.049      53.630       0.042
Gaia DR3 4713418988918539392  29.9793987 -61.5349384 15.209  2.689       2.461  16.8880  43.0848     9.73      nan      nan   10.167  nan      nan    nan   1.137     nan                                None    -105.359     -93.890    -110.061       0.030     -96.283       0.027
Gaia DR3 6474757451779039488 310.3981660 -50.8247739 15.509  2.459       1.599  29.7017  48.4243    49.46      nan      nan   10.962  nan      nan    nan   1.043     nan                                None     -97.525      32.669     -98.697       0.032      29.165       0.032
Gaia DR3 5482551183847322496  94.0635828 -59.2201887  7.642  0.632       0.931  46.9706  50.9287    -4.91      nan      nan   15.235  nan      nan    nan   0.937     nan                                None      28.846    -211.226      26.933       0.022    -208.928       0.021
Gaia DR3 6725883502428671616 272.5198328 -40.4043205 10.066  1.488       2.261  56.7892  52.0118    64.14      nan      nan   25.646  nan      nan    nan   0.890     nan                                None     -39.943      86.408     -50.975       0.016      91.669       0.012
Gaia DR3 5208967402089840512 123.3199735 -78.6123419 14.129  2.434       2.362  42.3368  52.0665    19.54      nan      nan   12.995  nan      nan    nan   1.130     nan                                None     100.477    -142.404      94.007       0.016    -142.392       0.020
Gaia DR3 4626674977550598656  46.4452630 -78.5958321 15.660  2.673       2.085  28.3506  52.1144    19.66      nan      nan   10.257  nan      nan    nan   1.116     nan                                None     -81.175    -110.970     -77.522       0.034    -108.325       0.036
Gaia DR3 6726779325188516992 276.6224959 -39.4972870 14.709  2.827       2.527  55.2662  52.6373    63.86      nan      nan   20.458  nan      nan    nan   1.034     nan                                None     -50.059      62.672     -51.814       0.029      51.914       0.024
Gaia DR3 6475610668507059456 306.5329081 -49.8503598 19.440  3.268       0.717  32.3336  53.2965    51.46      nan      nan   10.632  nan      nan    nan   1.059     nan                                None     -87.996      34.505     -86.812       0.337      33.418       0.360
Gaia DR3 2486388560866377856  33.1180079  -8.0717142 13.719  0.315       1.721  53.5993  53.6528   -32.00      nan      nan   59.757  nan      nan    nan   0.975     nan                                None    -594.946    -431.695    -609.242       0.020    -447.997       0.019
Gaia DR3 5484357574075622784  99.2384348 -58.0161816  9.827  1.041       2.095  49.8074  54.3462    -5.73      nan      nan   14.979  nan      nan    nan   0.915     nan                                None      45.052    -204.477      51.581       0.012    -205.539       0.014
Gaia DR3 4699637881974468864  33.9214089 -65.1966188 12.589  1.670       2.042  19.4401  54.5153    11.12      nan      nan    9.190  nan      nan    nan   1.236     nan                                None     -90.494     -89.289     -88.835       0.014     -85.698       0.013
Gaia DR3 5271650010235862144 131.5818179 -67.9941253  9.754  0.989       2.370  52.0348  54.8820    11.79      nan      nan   15.818  nan      nan    nan   0.944     nan                                None     143.601    -164.579     136.482       0.012    -168.008       0.012
Gaia DR3 4699637881974468992  33.9218584 -65.1975393 15.993  2.699       2.200  19.4405  56.0030    11.12      nan      nan    9.056  nan      nan    nan   1.311     nan                                None     -89.180     -87.993     -89.288       0.050     -83.795       0.046
Gaia DR3 4953252780224555008  37.1666483 -38.1103007 19.622  1.023       2.899  29.9398  56.2595   -13.11      nan      nan    9.937  nan      nan    nan   1.008     nan                                None     -93.282     -99.908     -91.509       0.252     -94.101       0.408
Gaia DR3 5080860106881073152  57.7693290 -27.1789974 15.698  2.911       1.554  49.6040  56.3225   -33.58      nan      nan   14.094  nan      nan    nan   1.023     nan                                None     -82.285    -149.563     -77.671       0.021    -149.427       0.030
Gaia DR3 4050221848996574080 270.2807989 -30.0839050 18.652  1.280       2.822  65.7580  56.6231    66.18      nan      nan   32.993  nan      nan    nan   2.035     nan                                None     -35.251      30.234     -20.521       0.649      17.264       0.498
Gaia DR3 4062391862176231040 270.7871123 -29.0932375 18.803  1.914       2.387  66.2493  56.8513    66.20      nan      nan   33.361  nan      nan    nan   1.803     nan                                None     -39.339      22.353     -28.764       0.766       9.313       0.562
Gaia DR3 4050386642522109824 270.9276274 -29.1377873 19.311  2.179       2.326  66.1374  56.9396    66.19      nan      nan   31.803  nan      nan    nan   2.145     nan                                None     -38.479      21.609     -24.795       1.117      14.133       0.715
Gaia DR3 4062820637237883520 271.5616305 -28.3281863 19.020  2.205       2.994  66.4171  57.0154    66.17      nan      nan   32.516  nan      nan    nan   1.857     nan                                None     -43.846      15.458     -23.347       0.803      16.459       0.561
Gaia DR3 4062546549552946432 269.1553031 -29.0839775 18.814  2.400       1.481  67.1508  57.0996    66.32      nan      nan   36.756  nan      nan    nan   1.884     nan                                None     -30.211      25.054     -23.290       0.724      15.899       0.508
Gaia DR3 4056334446338479616 269.3556765 -29.4051679 19.118  1.401       2.220  66.7909  57.1087    66.29      nan      nan   33.649  nan      nan    nan   1.767     nan                                None     -29.135      25.526     -17.206       0.986      15.242       0.600
Gaia DR3 4062254977122597120 269.9564711 -29.7301075 19.251    nan       2.247  66.2098  57.3021    66.23      nan      nan   29.547  nan      nan    nan   1.461     nan                                None     -29.472      24.614     -29.163       1.022      10.622       0.758
Gaia DR3 4044030739471950208 269.1729145 -31.4952638 19.453    nan       2.597  65.2676  57.4066    66.13      nan      nan   26.570  nan      nan    nan   1.212     nan                                None     -21.941      33.730     -16.604       0.777      20.201       0.570
Gaia DR3 4050175016764290304 270.6770784 -30.1588348 18.893  1.666       2.924  65.4832  57.5821    66.14      nan      nan   26.446  nan      nan    nan   1.614     nan                                None     -30.549      24.615     -27.380       0.896       8.621       0.502
Gaia DR3 4062339914379652992 269.4552404 -29.3189515 19.187  1.996       1.858  66.8037  57.5945    66.29      nan      nan   29.841  nan      nan    nan   1.619     nan                                None     -26.489      21.987     -28.006       0.865      10.398       0.633
Gaia DR3 2472817529363397760  13.5216549 -10.7501581 15.529  2.753       2.330  45.3237  57.6156   -12.73      nan      nan   12.391  nan      nan    nan   1.123     nan                                None    -148.209     -84.577    -146.601       0.043     -90.448       0.040
Gaia DR3 4062295796464762112 270.4855603 -29.3408828 19.437  1.735       2.166  66.2225  57.8604    66.21      nan      nan   27.109  nan      nan    nan   2.102     nan                                None     -30.179      19.880     -22.255       1.222      10.368       0.901
Gaia DR3 4062396539246882048 270.9023040 -29.1120200 18.933  1.702       2.346  66.1714  57.9120    66.19      nan      nan   26.818  nan      nan    nan   1.313     nan                                None     -32.299      18.060     -24.047       1.088       7.680       0.601
Gaia DR3 4702783344222728960  11.2390606 -68.8945862 19.186  2.833       1.455  14.9440  58.1934    21.58      nan      nan    8.640  nan      nan    nan   1.019     nan                                None    -104.611     -46.974    -103.646       0.255     -44.505       0.269
Gaia DR3 4063248557703531776 271.5403459 -26.8814560 19.128    nan       2.937  67.5575  58.2564    66.21      nan      nan   28.764  nan      nan    nan   1.712     nan                                None     -38.654       3.540     -20.876       1.031       4.600       0.657
Gaia DR3 4057324973103063040 267.9647863 -29.1224675 19.207  3.908       2.825  67.7692  58.3725    66.38      nan      nan   28.807  nan      nan    nan   1.490     nan                                None     -16.156      20.108      -8.474       0.643       4.768       0.405
Gaia DR3 4050233707300299520 270.2632423 -30.0436726 18.861  1.524       2.678  65.7987  58.5128    66.18      nan      nan   24.485  nan      nan    nan   2.046     nan                                None     -26.067      22.201     -20.895       0.740       9.381       0.553
Gaia DR3 4188741454718209024 297.4629358 -13.0557350 15.819  3.234       2.851  63.7803  58.5794    55.90      nan      nan   21.703  nan      nan    nan   1.014     nan                                None    -144.943     -78.891    -157.895       0.045     -80.426       0.026
Gaia DR3 4056190414645248768 268.6833846 -30.1306878 19.530    nan       2.829  66.5916  58.6836    66.28      nan      nan   25.363  nan      nan    nan   1.441     nan                                None     -18.223      23.848     -14.189       0.948       9.267       0.692
Gaia DR3 4062489512600267904 270.3133253 -28.4560735 18.754  1.423       2.167  67.0060  58.7182    66.27      nan      nan   25.995  nan      nan    nan   1.868     nan                                None     -27.959      13.495     -17.907       0.859       7.175       0.621
Gaia DR3 4061724050434516352 264.6848354 -26.8145783 19.840  3.215       2.030  71.3685  58.8152    66.51      nan      nan   40.793  nan      nan    nan   1.715     nan                                None       6.501       5.661     -10.352       1.213       1.098       0.952
Gaia DR3 4062335580891357184 269.5289351 -29.4071675 18.996    nan       2.552  66.6947  58.9028    66.28      nan      nan   24.994  nan      nan    nan   1.319     nan                                None     -22.590      18.940     -17.982       0.718       6.305       0.447
Gaia DR3 4063395823493383808 268.3668818 -28.2609109 19.254  3.990       0.911  68.2256  58.9879    66.40      nan      nan   27.529  nan      nan    nan   1.753     nan                                None     -17.868      13.362     -12.585       0.945      13.572       0.672
Gaia DR3 4057390428444109056 268.1931965 -28.3842740 19.571    nan       2.257  68.2235  59.0530    66.41      nan      nan   27.311  nan      nan    nan   1.412     nan                                None     -16.686      14.105     -10.117       0.967       2.896       0.647
Gaia DR3 4062531092001359488 269.4274225 -29.1772400 18.799  1.877       1.011  66.9294  59.0546    66.30      nan      nan   25.009  nan      nan    nan   1.952     nan                                None     -22.047      17.567     -22.933       0.906      12.313       0.592
Gaia DR3 4050388940258967680 270.9985022 -29.0499781 19.165  2.131       1.691  66.1667  59.1421    66.19      nan      nan   23.705  nan      nan    nan   2.157     nan                                None     -29.048      15.582     -24.396       1.009       8.530       0.672
Gaia DR3 4062887952263050624 270.9994479 -28.0576753 18.834  1.654       2.403  66.9385  59.2560    66.23      nan      nan   24.568  nan      nan    nan   1.693     nan                                None     -30.112      10.206     -17.767       0.801       8.627       0.595
Gaia DR3 4044185805051149568 269.3758429 -30.6657613 19.824  1.574       2.620  65.7999  59.2654    66.19      nan      nan   23.001  nan      nan    nan   1.449     nan                                None     -20.017      24.517     -14.885       1.540      12.896       1.088
Gaia DR3 4062689623488640256 269.9655904 -28.2882184 18.855    nan       2.707  67.3283  59.2655    66.31      nan      nan   25.142  nan      nan    nan   1.527     nan                                None     -25.128      12.097     -11.100       0.734       9.077       0.485
Gaia DR3 5602715022944682752 107.0736125 -34.1144484 15.619  3.739       2.415  71.3410  59.3625   -29.41      nan      nan   34.256  nan      nan    nan   1.045     nan                                None     159.139    -400.681     146.837       0.033    -388.317       0.039
Gaia DR3 4050738520614279424 271.9954297 -28.7848945 18.469  1.768       2.744  65.8224  59.4486    66.10      nan      nan   22.719  nan      nan    nan   2.268     nan                                None     -32.788      13.213     -20.428       0.746       8.752       0.568
Gaia DR3 4057429392414531456 268.0286214 -28.4862258 19.181  2.886       1.009  68.2332  59.4530    66.41      nan      nan   26.159  nan      nan    nan   1.124     nan                                None     -15.038      14.183     -17.058       1.062       8.996       0.684
Gaia DR3 4062982024937124864 272.0930215 -27.4538545 18.740  1.194       1.926  66.8034  59.4589    66.14      nan      nan   23.957  nan      nan    nan   1.536     nan                                None     -35.084       6.141     -25.975       0.990       2.728       0.704
Gaia DR3 4061752083667496960 264.7232612 -26.4360843 18.777  2.973       2.821  71.6492  59.4947    66.51      nan      nan   34.422  nan      nan    nan   3.092     nan                                None       5.195       1.588       9.036       0.902      21.692       0.688
Gaia DR3 4063188149103438336 270.3546635 -27.2408004 19.404    nan       0.828  67.9333  59.5319    66.31      nan      nan   25.464  nan      nan    nan   1.642     nan                                None     -27.619       5.657     -23.848       0.954       8.006       0.657
Gaia DR3 4060952846151121792 265.0280982 -27.0367387 19.543    nan       2.862  71.0063  59.6220    66.51      nan      nan   31.583  nan      nan    nan   1.102     nan                                None       2.652       6.111     -15.537       0.798       0.425       0.343
Gaia DR3 5771200989326995456 204.5126019 -82.3042078 12.098  1.521       2.064  42.2850  59.6371    33.03      nan      nan   11.302  nan      nan    nan   1.065     nan                                None     124.278      59.164     129.195       0.011      59.060       0.012
Gaia DR3 4068342728293949056 266.3492648 -24.0917756 20.225    nan       2.767  72.6322  59.6386    66.46      nan      nan   37.227  nan      nan    nan   1.006     nan                                None      -7.676     -19.661     -18.894       1.027      -1.068       0.610
Gaia DR3 5100141486382405120  49.4192962 -20.6243290 14.927  2.450       2.744  50.2124  59.6731   -34.81      nan      nan   13.217  nan      nan    nan   1.070     nan                                None     -97.746    -124.160    -100.532       0.028    -131.280       0.028
Gaia DR3 4063185881313812992 270.1871592 -27.2521878 19.447  2.469       0.488  68.0169  59.6899    66.32      nan      nan   25.223  nan      nan    nan   1.129     nan                                None     -26.432       5.710     -24.261       0.805       4.290       0.522
Gaia DR3 4062599124243089920 268.9362033 -28.9181344 17.874    nan       1.645  67.4000  59.7427    66.34      nan      nan   24.214  nan      nan    nan   2.022     nan                                None     -18.739      15.560     -13.233       0.540       9.220       0.361
Gaia DR3 4068546245252261120 267.1196738 -23.8937855 19.364    nan       1.905  72.3659  59.7431    66.43      nan      nan   35.219  nan      nan    nan   1.623     nan                                None     -13.220     -20.362      -5.135       0.930      -8.759       0.742
Gaia DR3 4062269270781641344 269.7329870 -29.6913388 18.583  1.606       1.772  66.3621  59.7768    66.25      nan      nan   22.825  nan      nan    nan   1.863     nan                                None     -21.650      18.841     -19.964       0.651      10.481       0.463
Gaia DR3 4068587025932863360 267.8659750 -23.7507803 19.917  2.507       2.814  72.0673  59.9036    66.40      nan      nan   33.132  nan      nan    nan   1.158     nan                                None     -17.864     -20.393     -20.603       1.174      -0.931       0.686
Gaia DR3 4062353898893890560 269.9327993 -29.2090816 18.786  2.058       0.415  66.6281  59.9551    66.26      nan      nan   22.848  nan      nan    nan   3.388     nan                                None     -22.671      16.135     -24.622       1.165      15.696       0.845
Gaia DR3 4050382343396487168 271.0012826 -29.2256678 18.831    nan       1.947  66.0287  60.0124    66.18      nan      nan   22.084  nan      nan    nan   1.349     nan                                None     -27.075      15.461     -18.041       0.689      14.706       0.487
Gaia DR3 4044169690159327488 269.7002774 -30.7503855 19.498  1.923       1.458  65.5580  60.0142    66.16      nan      nan   21.586  nan      nan    nan   2.250     nan                                None     -20.320      23.397     -16.349       1.340      18.082       0.984
Gaia DR3 6771864185306391936 293.9492489 -22.1080334 15.103  2.956       1.307  58.4870  60.1133    59.62      nan      nan   16.345  nan      nan    nan   1.861     nan                                None     -98.272     -25.955    -100.003       0.051     -21.796       0.041
Gaia DR3 4056323764846895616 269.0789233 -29.6297035 19.137    nan       2.906  66.7668  60.1753    66.29      nan      nan   22.658  nan      nan    nan   1.441     nan                                None     -18.244      18.475      -5.551       0.867      12.860       0.716
Gaia DR3 4050452368355267456 272.8519966 -29.5388994 19.112  1.487       2.974  64.7651  60.2623    65.97      nan      nan   20.520  nan      nan    nan   2.331     nan                                None     -33.445      15.466     -24.581       1.227       6.139       0.754
Gaia DR3 4056213469930386304 269.1894092 -30.4337755 18.892  2.361       2.941  66.0812  60.3312    66.22      nan      nan   21.693  nan      nan    nan   2.200     nan                                None     -17.992      21.926     -22.047       0.968       9.104       0.626
Gaia DR3 4050382725510787328 271.0728892 -29.2021902 18.485  1.743       1.498  66.0075  60.3972    66.17      nan      nan   21.530  nan      nan    nan   3.777     nan                                None     -26.734      14.934     -21.280       1.045      10.873       0.766
Gaia DR3 4062339360337521408 269.3996673 -29.3654784 19.476    nan       2.754  66.7978  60.4491    66.29      nan      nan   22.278  nan      nan    nan   1.318     nan                                None     -19.504      16.677     -12.107       1.349       6.068       0.758
Gaia DR3 4050814795032814976 272.2432684 -28.4666190 19.420    nan       2.812  65.9321  60.4542    66.09      nan      nan   21.382  nan      nan    nan   2.088     nan                                None     -32.013      10.713     -19.382       1.174       9.643       0.931
Gaia DR3 4062599330405741696 268.9791575 -28.9130937 19.390    nan       2.529  67.3805  60.5975    66.34      nan      nan   22.694  nan      nan    nan   1.212     nan                                None     -17.777      14.549      -8.902       1.225       6.328       0.625
Gaia DR3 4057232850364922624 267.7057889 -29.1922065 19.846  2.967       2.773  67.8551  60.6284    66.38      nan      nan   23.187  nan      nan    nan   1.516     nan                                None     -11.687      16.608     -11.336       1.305       3.057       0.691
Gaia DR3 4062617128755722624 268.7992173 -28.7291736 19.247  2.261       2.203  67.6226  60.7185    66.36      nan      nan   22.778  nan      nan    nan   1.234     nan                                None     -16.944      13.605     -15.658       0.744       3.106       0.516
Gaia DR3 4096934226704112640 276.7626051 -16.7286304 14.608  3.085       2.500  72.6338  60.7688    64.48      nan      nan   30.455  nan      nan    nan   1.148     nan                                None     -75.440     -72.814     -72.174       0.029     -57.102       0.024
Gaia DR3 4050740994515598848 272.0697724 -28.6840852 19.107  1.631       2.844  65.8595  60.7785    66.10      nan      nan   20.914  nan      nan    nan   2.700     nan                                None     -30.521      11.630     -20.213       1.194       4.494       0.820
Gaia DR3 4062422137264191616 270.6699143 -28.6866839 18.412  1.398       1.854  66.6301  60.8990    66.23      nan      nan   21.491  nan      nan    nan   1.667     nan                                None     -24.792      12.294     -21.261       0.585       4.674       0.409
Gaia DR3 2969453703131743872  80.1666890 -18.9455818 16.477  0.467       2.395  68.8887  60.9137   -46.64      nan      nan   23.942  nan      nan    nan   0.973     nan                                None     -27.536    -237.919     -16.638       0.042    -232.687       0.045
Gaia DR3 5113744060126072320  54.0351357 -12.6449116 15.123  2.777       1.210  59.3036  60.9516   -43.26      nan      nan   16.304  nan      nan    nan   1.087     nan                                None    -106.826    -137.061    -106.777       0.033    -132.901       0.034
Gaia DR3 4062673268298811776 270.0554315 -28.4157245 18.615  1.134       1.144  67.1793  61.0074    66.29      nan      nan   21.891  nan      nan    nan   1.573     nan                                None     -22.309      11.198     -17.041       0.789      10.850       0.578
Gaia DR3 4063520446250771712 269.2568531 -27.7450089 19.466  3.683       1.096  68.1429  61.0773    66.37      nan      nan   22.802  nan      nan    nan   1.963     nan                                None     -19.250       8.068     -19.225       1.141       2.799       0.765
Gaia DR3 4062415879604695936 270.7213899 -28.8277530 18.762  1.653       2.810  66.4919  61.1391    66.22      nan      nan   21.065  nan      nan    nan   1.781     nan                                None     -24.537      12.765     -13.343       0.733       7.253       0.511
Gaia DR3 4068742886034378368 266.2224332 -23.6890080 19.349  1.865       1.879  73.0237  61.2415    66.44      nan      nan   29.535  nan      nan    nan   1.122     nan                                None      -5.267     -18.503      -5.852       0.829      -6.820       0.564
Gaia DR3 4062766318798978560 269.6397995 -27.8839564 19.790    nan       1.538  67.8236  61.2589    66.34      nan      nan   22.200  nan      nan    nan   1.462     nan                                None     -20.603       8.547     -16.290       1.159       2.785       0.746
Gaia DR3 4060844200586315904 264.9822279 -27.8222695 18.933  3.148       2.606  70.4072  61.3602    66.49      nan      nan   25.043  nan      nan    nan   1.711     nan                                None       2.355       9.661     -11.276       0.865      11.512       0.442
Gaia DR3 4060703050778664064 266.5935279 -27.7209961 20.241    nan       2.449  69.6162  61.4731    66.48      nan      nan   23.842  nan      nan    nan   1.544     nan                                None      -6.195       8.581     -16.243       1.291       1.471       0.815
Gaia DR3 4060894468911055360 265.3387365 -27.3487044 19.360  3.682       2.796  70.5906  61.4808    66.50      nan      nan   25.044  nan      nan    nan   2.354     nan                                None       0.394       6.762     -14.363       1.111       6.582       0.654
Gaia DR3 4056448589378589824 267.9299038 -29.7728744 19.401    nan       2.398  67.2792  61.5872    66.34      nan      nan   21.249  nan      nan    nan   1.934     nan                                None     -11.755      18.213      -7.281       1.156       8.447       0.751
Gaia DR3 6710985222902837376 286.1208288 -45.7666707 19.627  1.043       2.519  45.8910  61.5918    60.00      nan      nan   11.665  nan      nan    nan   0.968     nan                                None     -51.915      47.894     -54.949       0.414      53.294       0.386
Gaia DR3 4050808507278855680 271.7133017 -28.4572711 18.526  1.524       2.702  66.2328  61.5939    66.15      nan      nan   20.331  nan      nan    nan   2.127     nan                                None     -28.089      10.270     -16.670       0.752       8.348       0.567
Gaia DR3 4062553253976883968 269.2015940 -28.8884264 19.010    nan       2.404  67.2782  61.6063    66.33      nan      nan   21.226  nan      nan    nan   1.594     nan                                None     -17.661      13.447     -20.433       0.775       3.055       0.537
Gaia DR3 4062341250131120768 269.3698857 -29.2594873 19.414    nan       0.296  66.8967  61.6117    66.30      nan      nan   20.878  nan      nan    nan   1.454     nan                                None     -18.142      15.093     -19.422       0.993      14.840       0.693
Gaia DR3 4060897595656665728 265.1893661 -27.2604059 19.992  3.969       2.114  70.7414  61.6403    66.50      nan      nan   24.927  nan      nan    nan   1.160     nan                                None       1.210       6.190      -9.875       1.161       6.889       0.517
Gaia DR3 4057238283500541824 267.3420092 -29.3108913 19.798  2.635       2.734  67.9592  61.6887    66.39      nan      nan   21.759  nan      nan    nan   1.698     nan                                None      -9.230      16.247      -3.693       1.260       4.995       0.666
Gaia DR3 4761535056563994752  74.2179821 -60.8830816 19.849  1.073       2.380  37.6972  61.7065    -2.78      nan      nan   10.235  nan      nan    nan   0.987     nan                                None     -25.002    -141.291     -30.133       0.385    -141.075       0.402
Gaia DR3 4056614448130386944 268.4429756 -28.7891963 19.239    nan       2.736  67.7699  61.9695    66.37      nan      nan   21.238  nan      nan    nan   1.810     nan                                None     -14.140      13.042      -6.024       1.157       3.869       0.632
Gaia DR3 4067277786735081856 266.8337060 -25.0083210 20.314  2.858       2.399  71.6356  61.9824    66.48      nan      nan   25.412  nan      nan    nan   1.323     nan                                None      -7.943      -7.744       4.349       1.333     -11.497       1.000
Gaia DR3 4060948241943240832 265.2191789 -27.0867730 18.776    nan       2.399  70.8632  61.9848    66.51      nan      nan   24.436  nan      nan    nan   1.605     nan                                None       1.027       5.030     -11.289       0.981       6.050       0.467
Gaia DR3 4056563454107523968 268.4579737 -29.1993787 19.567  2.139       2.960  67.4408  61.9869    66.35      nan      nan   20.928  nan      nan    nan   1.298     nan                                None     -14.002      14.947      -1.542       1.559      11.036       0.869
Gaia DR3 4066773759422666240 266.8999109 -26.9460119 19.550  4.939       1.263  70.0621  62.2887    66.49      nan      nan   23.040  nan      nan    nan   1.666     nan                                None      -7.536       3.905     -13.485       0.890       2.403       0.546
Gaia DR3 4059264438645388672 259.4568746 -29.7319124 20.204    nan       2.223  71.8021  62.3174    66.11      nan      nan   24.973  nan      nan    nan   1.032     nan                                None      32.597      20.464      23.018       1.750      13.736       1.198
Gaia DR3 4062602624707201536 269.0268482 -28.7761460 19.202    nan       2.186  67.4615  62.3373    66.34      nan      nan   20.563  nan      nan    nan   1.592     nan                                None     -16.322      12.488      -7.294       1.160       9.615       0.687
Gaia DR3 4056402203762287616 268.1281207 -29.8726354 19.587    nan       2.380  67.0939  62.4288    66.32      nan      nan   20.173  nan      nan    nan   1.413     nan                                None     -12.037      17.761     -15.008       0.913       8.086       0.578
Gaia DR3 4056394404065937152 267.9612756 -29.9841016 19.690  2.698       2.203  67.0973  62.4308    66.32      nan      nan   20.174  nan      nan    nan   2.026     nan                                None     -11.299      18.328     -15.510       1.182       9.961       0.722
Gaia DR3 4063253471147898368 271.3116068 -26.9340081 18.775  1.359       1.344  67.6434  62.4553    66.23      nan      nan   20.587  nan      nan    nan   1.767     nan                                None     -26.637       2.846     -20.996       0.688       4.330       0.525
Gaia DR3 4062673268298825984 270.0603373 -28.4171164 18.869    nan       1.464  67.1755  62.4559    66.29      nan      nan   20.210  nan      nan    nan   1.378     nan                                None     -20.618      10.344     -16.187       0.826       5.955       0.577
Gaia DR3 2563654541485134336  21.2889045   5.7279532 15.708  3.032       1.882  63.0577  62.4929   -28.84      nan      nan   17.415  nan      nan    nan   1.054     nan                                None    -197.185     -97.974    -200.100       0.051    -104.240       0.029
Gaia DR3 4063555596280435840 269.6443583 -27.4018045 19.817    nan       2.528  68.1989  62.5575    66.36      nan      nan   20.940  nan      nan    nan   1.709     nan                                None     -19.455       5.595     -22.197       1.790      -5.223       0.951
Gaia DR3 4062410832861667328 270.4204277 -28.9773677 18.747    nan       2.999  66.5410  62.7410    66.24      nan      nan   19.463  nan      nan    nan   1.256     nan                                None     -21.390      12.560      -9.221       0.579      10.739       0.396
Gaia DR3 4050548305078827776 272.6593953 -29.0817532 18.586    nan       2.670  65.2249  62.7650    66.02      nan      nan   18.543  nan      nan    nan   1.782     nan                                None     -29.444      11.965     -20.648       0.732       6.345       0.540
Gaia DR3 4050364239986729984 271.2403852 -29.3917956 17.912  1.819       2.937  65.7682  62.7664    66.14      nan      nan   18.902  nan      nan    nan   1.815     nan                                None     -24.162      13.950     -13.681       0.506       8.741       0.371
Gaia DR3 4056444534928496384 267.9830982 -29.8258210 19.850    nan       2.614  67.2091  62.8661    66.33      nan      nan   19.839  nan      nan    nan   1.047     nan                                None     -11.206      17.255      -7.615       1.087       6.931       0.707
Gaia DR3 3246320420451065856  57.2849428  -4.5535115 12.569  2.356       1.922  67.8656  62.9620   -50.11      nan      nan   20.247  nan      nan    nan   1.511     nan                                None    -120.111    -143.071    -127.433       0.022    -146.769       0.019
Gaia DR3 4116474541188741632 265.4102218 -23.3575860 19.805  2.658       2.768  73.7354  62.9656    66.43      nan      nan   26.147  nan      nan    nan   1.417     nan                                None       0.001     -18.487      -1.950       1.703      -3.354       0.984
Gaia DR3 4062740029257617280 269.7034856 -28.2319932 19.403    nan       1.669  67.5162  62.9824    66.33      nan      nan   19.960  nan      nan    nan   1.278     nan                                None     -18.803       9.372     -20.779       1.547       2.632       0.793
Gaia DR3 4061001155874072448 265.6614208 -26.9623778 19.423  3.844       1.969  70.7225  62.9906    66.51      nan      nan   22.707  nan      nan    nan   1.642     nan                                None      -1.252       3.982       0.265       1.060      -5.321       0.693
Gaia DR3 4067911826992204160 266.1135851 -25.5841112 20.149    nan       0.060  71.5718  63.0130    66.51      nan      nan   23.537  nan      nan    nan   1.542     nan                                None      -3.635      -3.825      -3.391       1.405      -3.999       0.946
Gaia DR3 4060887253427464576 265.6370273 -27.2555486 19.349    nan       2.798  70.5032  63.0189    66.50      nan      nan   22.456  nan      nan    nan   1.477     nan                                None      -1.118       5.550     -13.637       0.868       9.871       0.511
Gaia DR3 4107468269717535872 260.0425123 -28.7205922  9.940  1.368       2.924  72.3103  63.1038    66.22      nan      nan   24.189  nan      nan    nan   1.003     nan                                None      28.478      14.012      17.405       0.023      23.999       0.018
Gaia DR3 4757227895862048512  81.5074967 -63.8936153 20.313  1.442       2.899  39.4392  63.1471     0.22      nan      nan   10.287  nan      nan    nan   0.998     nan                                None      -8.812    -144.074     -15.084       0.639    -143.637       0.511
Gaia DR3 4107469850266056832 260.0529499 -28.7007251 13.902  2.592       2.614  72.3208  63.1694    66.22      nan      nan   24.094  nan      nan    nan   0.905     nan                                None      28.311      13.843      17.328       0.026      21.307       0.019
Gaia DR3 4063521373964174336 269.2859029 -27.7007262 19.955  3.695       2.366  68.1616  63.2361    66.37      nan      nan   20.205  nan      nan    nan   1.705     nan                                None     -17.186       6.927      -9.833       1.789       0.037       0.989
Gaia DR3 4060479265830697600 264.7354340 -27.9007053 19.246    nan       1.592  70.4778  63.2446    66.48      nan      nan   22.140  nan      nan    nan   1.529     nan                                None       3.282       8.961      -4.060       0.911       7.811       0.831
Gaia DR3 4062604381285800704 268.8419990 -28.8068762 19.248    nan       1.215  67.5384  63.2599    66.35      nan      nan   19.719  nan      nan    nan   1.430     nan                                None     -14.853      12.147     -13.521       0.911       7.276       0.634
Gaia DR3 4062336719052866816 269.4927224 -29.3534882 19.353  1.959       2.350  66.7563  63.3250    66.28      nan      nan   19.112  nan      nan    nan   1.197     nan                                None     -17.122      14.238     -13.304       0.887       5.576       0.533
Gaia DR3 4063119536881224704 270.7158375 -27.4844752 19.378    nan       2.951  67.5429  63.3451    66.27      nan      nan   19.645  nan      nan    nan   1.959     nan                                None     -22.859       5.469     -10.647       1.105       5.901       0.774
Gaia DR3 4060853305922713984 265.1919645 -27.6372426 20.005    nan       1.972  70.4410  63.3622    66.49      nan      nan   21.959  nan      nan    nan   1.067     nan                                None       1.054       7.480      -7.055       1.164       3.289       0.769
Gaia DR3 4116389260339065856 264.1402272 -23.8341472 20.306  2.541       2.962  74.0476  63.4129    66.44      nan      nan   25.654  nan      nan    nan   1.417     nan                                None       7.157     -15.180      -3.378       1.664      -3.114       1.074
Gaia DR3 4062883794772209152 271.0864027 -28.1236807 18.794  1.478       2.909  66.8390  63.4576    66.22      nan      nan   19.059  nan      nan    nan   2.553     nan                                None     -23.721       8.208     -13.090       0.848       3.351       0.645
Gaia DR3 4061729990354327808 264.9147904 -26.6256032 19.324  2.758       0.729  71.3946  63.4791    66.51      nan      nan   22.693  nan      nan    nan   1.840     nan                                None       2.470       2.104      -0.821       1.112       3.254       0.542
Gaia DR3 4110625551666740864 263.0012600 -23.9236654 20.226  1.992       2.019  74.5945  63.5272    66.41      nan      nan   26.104  nan      nan    nan   1.692     nan                                None      13.809     -14.960       3.156       1.648     -11.810       1.314
Gaia DR3 4062325238611438848 269.5957000 -29.3944622 19.244  1.941       2.860  66.6681  63.5548    66.27      nan      nan   18.867  nan      nan    nan   2.061     nan                                None     -17.328      14.229      -9.830       0.871       5.674       0.531
Gaia DR3 4056494292139140480 268.4036478 -29.8027222 18.921  1.646       2.448  66.9991  63.5650    66.31      nan      nan   19.079  nan      nan    nan   1.008     nan                                None     -12.537      16.444     -10.896       0.834       6.736       0.512
Gaia DR3 4068024904870629760 266.4424102 -25.0468942 19.548  3.018       2.037  71.8195  63.5785    66.49      nan      nan   22.967  nan      nan    nan   2.038     nan                                None      -5.205      -6.764      -2.261       0.862       2.651       0.723
Gaia DR3 4061710993713306112 264.4408648 -26.8810906 20.207    nan       2.770  71.4471  63.6752    66.50      nan      nan   22.483  nan      nan    nan   1.384     nan                                None       4.788       3.478      -1.195       1.766      -8.207       1.101
Gaia DR3 4059617661137515392 262.8126056 -28.7274284 19.636    nan       1.332  70.8473  63.7717    66.40      nan      nan   21.824  nan      nan    nan   2.013     nan                                None      12.448      13.122       6.324       1.443      12.934       0.942
Gaia DR3 4056577301050163456 268.3178076 -29.1303001 19.078    nan       1.922  67.5711  63.7959    66.36      nan      nan   19.274  nan      nan    nan   1.167     nan                                None     -12.303      13.456      -9.787       0.905       6.063       0.499
Gaia DR3 4169232338868860160 262.8633877  -7.9979668 16.534  4.962       1.300  87.6477  63.8273    63.11      nan      nan   54.210  nan      nan    nan   0.891     nan                                None      30.317    -238.270      40.883       0.110    -227.831       0.081
Gaia DR3 4061990441459251712 263.5211410 -26.1911343 19.744  3.107       2.275  72.4935  63.8740    66.48      nan      nan   23.211  nan      nan    nan   1.438     nan                                None       9.630      -0.382      -0.417       1.384      -5.179       0.971
Gaia DR3 4062764905701455744 269.4578759 -27.8651491 19.147  2.328       0.811  67.9383  63.8990    66.36      nan      nan   19.438  nan      nan    nan   2.364     nan                                None     -17.266       7.421     -17.317       0.841       4.098       0.580
Gaia DR3 4093508148522934912 277.9064129 -18.3725193 13.486  2.672       0.683  70.6647  63.9038    64.55      nan      nan   21.514  nan      nan    nan   1.057     nan                                None     -58.580     -43.372     -55.567       0.021     -44.086       0.017
Gaia DR3 4062260367325269376 270.0812715 -29.6927818 19.222    nan       1.884  66.1706  63.9919    66.22      nan      nan   18.226  nan      nan    nan   2.638     nan                                None     -18.677      14.997     -16.749       1.060       8.018       0.848
Gaia DR3 4050384237319321856 271.0959103 -29.1767583 18.920  1.857       2.035  66.0146  64.0352    66.17      nan      nan   18.102  nan      nan    nan   3.182     nan                                None     -22.568      12.440     -20.561       1.065       4.938       0.767
Gaia DR3 4067036993792393216 266.4396781 -26.4624772 19.382  4.007       1.807  70.6960  64.0704    66.50      nan      nan   21.353  nan      nan    nan   1.303     nan                                None      -4.827       1.112     -11.933       1.020       5.069       0.629
Gaia DR3 4063391631603198848 268.4017896 -28.3729562 19.185  2.597       1.742  68.1186  64.0775    66.40      nan      nan   19.410  nan      nan    nan   1.478     nan                                None     -12.747       9.949     -10.085       0.731       3.338       0.478
Gaia DR3 4060887150348225792 265.6338127 -27.2702589 19.905  3.043       2.342  70.4932  64.0784    66.50      nan      nan   21.178  nan      nan    nan   1.329     nan                                None      -1.039       5.311     -11.191       1.282       2.802       0.745
Gaia DR3 4062816445338639616 271.4215542 -28.4377625 18.882    nan       2.428  66.4093  64.0793    66.18      nan      nan   18.308  nan      nan    nan   2.080     nan                                None     -24.127       9.220     -15.349       0.827      12.497       0.568
Gaia DR3 4068255424466003968 264.7435806 -24.5573151 19.967  2.455       2.760  73.1389  64.0949    66.48      nan      nan   23.531  nan      nan    nan   1.368     nan                                None       3.447      -9.738      -3.403       1.327       2.118       0.888
Gaia DR3 4120941272839761536 262.2377062 -21.1952325 13.704  2.739       1.155  77.2150  64.1029    66.17      nan      nan   28.286  nan      nan    nan   1.097     nan                                None      19.701     -35.138      25.500       0.020     -38.859       0.014
Gaia DR3 4050790811841053056 271.8797412 -28.6382646 19.072    nan       2.850  66.0002  64.1033    66.12      nan      nan   18.046  nan      nan    nan   2.040     nan                                None     -25.588       9.876     -14.820       0.729       8.616       0.539
Gaia DR3 4068206599183204864 265.4964513 -24.6537318 20.114  2.847       2.553  72.6509  64.1494    66.49      nan      nan   22.983  nan      nan    nan   1.081     nan                                None      -0.434      -8.961     -11.632       1.387      -3.703       0.687
Gaia DR3 4063302949193540352 271.1055293 -26.8924322 19.292    nan       1.592  67.7904  64.1861    66.25      nan      nan   19.100  nan      nan    nan   1.780     nan                                None     -23.852       2.487     -19.397       0.794      -2.122       0.539
Gaia DR3 4063004740999732352 272.2356211 -27.3602949 18.744    nan       2.521  66.7970  64.2661    66.13      nan      nan   18.408  nan      nan    nan   1.417     nan                                None     -27.531       4.268     -17.862       0.656       5.750       0.505
Gaia DR3 4062419143775787648 270.6641035 -28.8036477 18.545  1.975       1.923  66.5422  64.2940    66.23      nan      nan   18.235  nan      nan    nan   2.061     nan                                None     -21.012      10.952     -15.276       0.824       6.291       0.603
Gaia DR3 4059119307437987200 260.9492703 -29.8097878 19.279  2.233       2.726  70.9643  64.4109    66.23      nan      nan   21.200  nan      nan    nan   2.738     nan                                None      20.752      18.088       9.639       1.089      13.093       0.756
Gaia DR3 4060877357757313152 265.5038084 -27.4733996 19.818  3.077       2.214  70.4025  64.4185    66.50      nan      nan   20.751  nan      nan    nan   1.486     nan                                None      -0.426       6.236     -10.036       1.178       7.431       0.714
Gaia DR3 4062769445567982336 269.6827274 -27.7786588 19.302    nan       2.236  67.8824  64.4548    66.34      nan      nan   18.946  nan      nan    nan   1.759     nan                                None     -17.761       6.801     -19.569       0.921      -1.945       0.620
Gaia DR3 4056477073588817664 268.6030061 -29.9273165 19.140    nan       1.335  66.7937  64.5066    66.30      nan      nan   18.234  nan      nan    nan   1.074     nan                                None     -12.780      16.249      -9.979       0.894      11.950       0.569
Gaia DR3 4067900316558894208 265.5126371 -25.5712646 20.232    nan       2.703  71.9099  64.5205    66.51      nan      nan   21.856  nan      nan    nan   1.003     nan                                None      -0.491      -3.612     -11.709       1.508       1.792       0.950
Gaia DR3 4063408296088743040 268.9080923 -28.2460240 19.804  2.192       0.380  67.9414  64.5975    66.38      nan      nan   18.872  nan      nan    nan   1.060     nan                                None     -14.489       9.032     -12.993       1.809       8.806       0.859
Gaia DR3 4062550367758850944 269.0433381 -29.0264145 19.444  2.680       2.540  67.2569  64.6319    66.33      nan      nan   18.423  nan      nan    nan   2.166     nan                                None     -14.690      12.312      -6.813       1.238       6.371       0.816
Gaia DR3 4062318095993750272 269.6734190 -29.5693198 18.921    nan       1.833  66.4895  64.6441    66.26      nan      nan   17.962  nan      nan    nan   1.292     nan                                None     -16.803      14.301     -16.822       0.715       7.360       0.454
Gaia DR3 4060249227392292736 265.0769744 -28.3753263 19.550  3.497       2.367  69.9180  64.7524    66.47      nan      nan   20.071  nan      nan    nan   2.026     nan                                None       1.470      10.461       2.598       1.082       0.510       0.567
Gaia DR3 6770361767090259072 288.1340970 -24.7528915 13.976  2.544       2.914  59.7706  64.7579    62.29      nan      nan   14.770  nan      nan    nan   1.386     nan                                None     -71.801     -11.441     -64.568       0.026      -5.963       0.022
Gaia DR3 4061878944139198592 265.2086784 -26.0167704 18.414    nan       1.375  71.7202  64.7766    66.51      nan      nan   21.412  nan      nan    nan   2.395     nan                                None       0.949      -1.203      -2.124       0.595       4.188       0.479
Gaia DR3 4062539368504096384 269.5749086 -29.0424071 18.760  2.442       2.212  66.9539  64.8503    66.30      nan      nan   18.090  nan      nan    nan   2.115     nan                                None     -16.532      12.091     -19.651       0.809       4.254       0.472
Gaia DR3 4062690383691388416 269.8632747 -28.2851866 19.436    nan       2.837  67.3869  64.8560    66.31      nan      nan   18.340  nan      nan    nan   1.258     nan                                None     -17.919       8.826     -11.851       0.948      -0.309       0.654
Gaia DR3 4063028277430131968 271.8165398 -27.3677717 18.836    nan       1.403  67.0241  64.9212    66.17      nan      nan   18.082  nan      nan    nan   1.452     nan                                None     -25.389       4.314     -20.129       0.682       3.355       0.489
Gaia DR3 4066772767306099840 266.9228468 -26.9868651 19.340  4.736       1.014  70.0172  64.9255    66.49      nan      nan   19.985  nan      nan    nan   1.364     nan                                None      -6.638       3.586     -10.359       0.902       1.486       0.523
Gaia DR3 4056265692591803520 268.9792728 -30.3010695 19.353    nan       2.529  66.2985  64.9429    66.25      nan      nan   17.659  nan      nan    nan   1.779     nan                                None     -13.833      17.304     -14.665       1.020       7.925       0.756
Gaia DR3 4050383584481598080 271.1488930 -29.1608975 19.345    nan       2.228  65.9977  64.9476    66.17      nan      nan   17.492  nan      nan    nan   3.385     nan                                None     -22.011      11.943     -17.726       1.450       4.932       1.016
Gaia DR3 4062559503237512832 269.1890719 -28.8384934 19.580    nan       1.726  67.3241  65.0167    66.33      nan      nan   18.190  nan      nan    nan   1.548     nan                                None     -15.086      11.304      -9.027       1.076       8.643       0.745
Gaia DR3 4060902783969510528 265.4204342 -27.1667333 19.212  3.190       2.628  70.6909  65.0290    66.51      nan      nan   20.370  nan      nan    nan   1.452     nan                                None      -0.045       4.593      -1.416       0.759      -6.609       0.548
Gaia DR3 4057218625441333888 267.6527434 -29.4781861 19.693  3.996       2.255  67.6599  65.0334    66.37      nan      nan   18.376  nan      nan    nan   2.048     nan                                None      -9.048      14.450      -8.375       1.378       5.742       0.830
Gaia DR3 4116815973963724800 263.9878982 -22.4725738 20.196    nan       2.391  75.2262  65.0442    66.35      nan      nan   24.204  nan      nan    nan   1.271     nan                                None       7.562     -22.386       3.334       1.336     -10.939       0.933
Gaia DR3 4062766971632368384 269.6170537 -27.8921443 19.700  2.347       0.922  67.8297  65.1194    66.34      nan      nan   18.416  nan      nan    nan   1.507     nan                                None     -17.000       7.130     -20.409       1.232       6.037       0.803
Gaia DR3 4152881913785385216 277.0313436 -13.2264221 13.710  2.712       2.004  75.2934  65.1506    63.61      nan      nan   24.112  nan      nan    nan   1.192     nan                                None     -61.123     -77.641     -66.913       0.022     -69.262       0.017
Gaia DR3 4057388470002756352 268.0777047 -28.4629012 19.387  3.180       1.676  68.2248  65.2307    66.41      nan      nan   18.572  nan      nan    nan   1.187     nan                                None     -10.876       9.959     -13.517       0.797       3.952       0.541
Gaia DR3 4063094557339462912 270.8328018 -27.7597667 19.158  1.760       2.917  67.2631  65.3240    66.25      nan      nan   17.948  nan      nan    nan   2.839     nan                                None     -21.343       6.182     -27.432       1.222      -3.024       0.781
Gaia DR3 4062351081358434816 269.6873025 -29.0523067 18.242  2.001       1.146  66.8846  65.3268    66.29      nan      nan   17.736  nan      nan    nan   2.287     nan                                None     -16.645      11.882     -15.723       0.641       7.697       0.419
Gaia DR3 4064962696338228224 273.1774795 -25.4291601 19.434  1.956       2.042  67.7801  65.3461    66.01      nan      nan   18.228  nan      nan    nan   1.568     nan                                None     -31.001      -4.550     -23.796       1.165      -7.657       0.827
Gaia DR3 4062397497172517504 270.8326364 -29.0927235 18.743  1.635       2.159  66.2247  65.3581    66.20      nan      nan   17.362  nan      nan    nan   2.819     nan                                None     -20.646      11.623     -12.779       0.727      10.891       0.522
Gaia DR3 4062746626332729984 269.7045482 -28.0667195 19.569  2.545       1.571  67.6449  65.3682    66.33      nan      nan   18.135  nan      nan    nan   2.456     nan                                None     -17.088       7.783     -12.521       1.587      11.685       0.925
Gaia DR3 4063431557647378688 268.6349226 -27.9151150 19.252  3.295       2.636  68.3504  65.4258    66.40      nan      nan   18.506  nan      nan    nan   1.804     nan                                None     -13.100       7.391     -13.469       0.829      -2.885       0.561
Gaia DR3 4062534935999191808 269.2951550 -29.1277697 19.255    nan       0.038  67.0402  65.4355    66.31      nan      nan   17.752  nan      nan    nan   1.637     nan                                None     -15.135      12.272     -15.062       1.239      12.393       0.625
Gaia DR3 4057219076405635328 267.5617775 -29.4925542 19.738    nan       2.388  67.6979  65.4533    66.37      nan      nan   18.107  nan      nan    nan   1.239     nan                                None      -8.554      14.309      -3.073       1.229       7.024       0.704
Gaia DR3 4064603877604215552 272.4637699 -26.3157635 19.392    nan       1.191  67.4856  65.4698    66.11      nan      nan   17.976  nan      nan    nan   1.514     nan                                None     -27.778      -0.452     -31.196       1.260      -3.397       0.608
Gaia DR3 4060647181859673472 265.2095413 -28.0536062 19.213  3.771       1.915  70.1014  65.4786    66.48      nan      nan   19.564  nan      nan    nan   1.487     nan                                None       0.863       8.658       8.398       0.858      11.029       0.430
Gaia DR3 4917795282577181568  25.0174706 -49.5147058 15.817  2.573       2.534  16.0288  65.5998     3.24      nan      nan    8.144  nan      nan    nan   1.128     nan                                None     -89.101     -71.315     -89.046       0.029     -75.665       0.033
Gaia DR3 4068396368043019264 265.4678175 -23.8709459 20.014    nan       1.969  73.2926  65.7260    66.46      nan      nan   21.633  nan      nan    nan   1.261     nan                                None      -0.273     -12.579       3.333       1.218      -4.353       0.832
Gaia DR3 4062617231835335680 268.7918889 -28.7121905 19.180    nan       1.453  67.6399  65.7642    66.36      nan      nan   17.869  nan      nan    nan   1.201     nan                                None     -13.264      10.600     -17.102       0.842       6.699       0.598
Gaia DR3 6865792577446689152 301.1125343 -21.3969781 16.259  3.036       1.848  54.9805  65.8103    55.84      nan      nan   12.903  nan      nan    nan   0.982     nan                                None     -94.758     -26.437     -97.922       0.053     -30.342       0.037
Gaia DR3 4062678117313932160 270.1917531 -28.4060260 19.155    nan       2.791  67.1120  65.8403    66.28      nan      nan   17.536  nan      nan    nan   1.526     nan                                None     -18.395       8.908     -12.612       1.065       0.364       0.719
Gaia DR3 4062672409302178688 270.0476092 -28.4844888 18.717  1.629       0.385  67.1299  65.8648    66.29      nan      nan   17.531  nan      nan    nan   2.367     nan                                None     -17.836       9.263     -17.690       0.825       7.848       0.551
Gaia DR3 4043683572991162880 270.1292212 -32.4406268 19.031  1.547       2.791  64.0220  65.8805    65.95      nan      nan   16.022  nan      nan    nan   5.133     nan                                None     -16.587      23.891     -18.559       1.297      14.673       0.873
Gaia DR3 4116896753643358080 266.1164970 -22.7077353 20.217    nan       1.914  73.8675  65.9045    66.38      nan      nan   21.892  nan      nan    nan   1.271     nan                                None      -3.395     -18.966      -2.185       2.186     -10.214       1.461
Gaia DR3 4060887700040191488 265.6713732 -27.2363305 19.909  2.465       1.981  70.4998  65.9591    66.50      nan      nan   19.429  nan      nan    nan   1.022     nan                                None      -1.113       4.710      -7.106       1.040      10.180       0.604
Gaia DR3 4060690337712403712 265.7571529 -27.5632348 20.195    nan       0.826  70.1943  66.0213    66.50      nan      nan   19.186  nan      nan    nan   1.366     nan                                None      -1.461       6.186       0.730       1.695       3.664       1.098
Gaia DR3 4062529266611387776 269.3286011 -29.2181292 19.259  2.155       1.824  66.9515  66.0253    66.30      nan      nan   17.341  nan      nan    nan   1.679     nan                                None     -14.912      12.366     -11.649       0.940       6.551       0.656
Gaia DR3 4062892792815610496 271.2692941 -27.9261159 18.465  1.314       2.153  66.8920  66.0477    66.21      nan      nan   17.297  nan      nan    nan   2.598     nan                                None     -22.220       6.583     -14.370       0.611       6.698       0.492
Gaia DR3 4054153637998103552 265.3596154 -32.5477902 17.396  2.151       2.653  66.4877  66.0934    66.11      nan      nan   17.066  nan      nan    nan   3.386     nan                                None       0.191      26.284       1.840       0.561      16.881       0.524
Gaia DR3 4060248815074964096 265.1062339 -28.3784306 20.107    nan       1.953  69.8998  66.1221    66.47      nan      nan   18.927  nan      nan    nan   1.691     nan                                None       1.265       9.880      -3.735       1.314       3.904       0.753
Gaia DR3 4050937600899891712 272.3661852 -28.0015707 19.343  1.505       0.659  66.2252  66.1319    66.09      nan      nan   16.915  nan      nan    nan   1.724     nan                                None     -25.779       6.535     -23.614       0.896       5.626       0.679
Gaia DR3 4110692346954872960 260.1236566 -25.4246162 19.944  1.850       1.777  74.9260  66.1344    66.28      nan      nan   22.489  nan      nan    nan   1.801     nan                                None      26.077      -5.041      18.732       1.910      -0.911       1.282
Gaia DR3 4110685818690422784 260.0233730 -25.5016297 20.167  2.272       1.267  74.9169  66.1418    66.27      nan      nan   22.472  nan      nan    nan   1.435     nan                                None      26.551      -4.634      22.314       1.716      -8.887       0.921
Gaia DR3 5265062664279940480  90.8970103 -74.0593030 16.868  2.146       2.316  38.3665  66.1647    11.97      nan      nan    9.767  nan      nan    nan  11.805     nan                                None      11.752    -134.286       8.637       0.608    -130.674       0.636
Gaia DR3 4062390247274705536 270.8073524 -29.1584729 19.160    nan       2.878  66.1875  66.1689    66.20      nan      nan   16.876  nan      nan    nan   1.169     nan                                None     -19.975      11.573     -19.482       0.846       1.346       0.585
Gaia DR3 4050294313644663680 271.5516128 -29.7289496 19.018    nan       2.218  65.3359  66.1862    66.09      nan      nan   16.463  nan      nan    nan   2.569     nan                                None     -22.164      13.444     -15.622       0.876       9.385       0.673
Gaia DR3 4062483813062014080 270.1687762 -28.5334129 17.674  2.056       1.695  67.0252  66.2019    66.28      nan      nan   17.274  nan      nan    nan   2.450     nan                                None     -18.033       9.316     -19.030       0.539       3.225       0.376
Gaia DR3 4058704379247431424 262.5555503 -29.7142117 19.841  1.953       2.591  70.1981  66.2186    66.33      nan      nan   19.037  nan      nan    nan   1.618     nan                                None      11.932      16.011       7.229       1.811       6.736       1.128
Gaia DR3 4116816592398236672 264.0685052 -22.4158365 19.962  1.515       2.269  75.2278  66.2226    66.35      nan      nan   22.634  nan      nan    nan   1.153     nan                                None       6.671     -21.244       4.430       1.458     -10.653       0.843
Gaia DR3 4065804544240441472 272.5532025 -24.7478228 19.417  2.830       1.710  68.6652  66.2261    66.07      nan      nan   18.134  nan      nan    nan   2.744     nan                                None     -28.376      -7.394     -24.505       1.199     -12.660       0.918
Gaia DR3 4068814148097477248 265.9310450 -23.2940743 19.705    nan       1.676  73.5000  66.2752    66.42      nan      nan   21.217  nan      nan    nan   1.678     nan                                None      -2.426     -15.336      -1.983       1.225      -7.851       0.810
Gaia DR3 4050244904420150784 270.2545482 -29.8648401 18.460    nan       2.970  65.9422  66.2961    66.20      nan      nan   16.690  nan      nan    nan   2.584     nan                                None     -17.736      14.407     -19.673       0.685       4.139       0.453
Gaia DR3 4062248754015224960 270.0217356 -29.8672055 19.106    nan       2.444  66.0677  66.4541    66.21      nan      nan   16.665  nan      nan    nan   1.692     nan                                None     -16.861      14.430     -13.290       1.061       6.624       0.647
Gaia DR3 4061188279138478208 263.2130871 -27.7703268 19.111  2.882       2.461  71.3971  66.4908    66.45      nan      nan   19.573  nan      nan    nan   2.509     nan                                None       9.444       7.221       1.347       1.118       1.092       0.764
Gaia DR3 4068172583025024512 265.1398457 -24.9352470 20.010  2.535       0.926  72.6206  66.5015    66.50      nan      nan   20.374  nan      nan    nan   1.268     nan                                None       1.211      -6.541      -0.346       1.376      -2.882       1.052
Gaia DR3 4062558614164306048 269.3950771 -28.7712384 19.242    nan       1.638  67.2639  66.5068    66.32      nan      nan   17.218  nan      nan    nan   1.745     nan                                None     -15.057      10.392     -14.287       0.970       4.497       0.735
Gaia DR3 4061291942411561984 263.7550798 -27.4329072 19.100  1.898       2.825  71.3762  66.5070    66.48      nan      nan   19.546  nan      nan    nan   5.043     nan                                None       7.106       5.633      -0.688       1.366      -3.011       0.985
Gaia DR3 4056549778889783552 268.3874420 -29.5121798 19.364    nan       2.541  67.2347  66.5168    66.34      nan      nan   17.197  nan      nan    nan   1.151     nan                                None     -11.240      13.604     -14.297       1.066       4.912       0.615
Gaia DR3 4056612420959542144 268.6818170 -28.7858562 17.474    nan       2.199  67.6423  66.5350    66.36      nan      nan   17.393  nan      nan    nan   2.303     nan                                None     -12.491      10.643     -12.362       0.521       2.581       0.403
Gaia DR3 4062554383636944128 269.1350939 -28.8413479 19.861    nan       2.740  67.3514  66.5427    66.34      nan      nan   17.241  nan      nan    nan   1.031     nan                                None     -14.095      10.733     -17.190       1.199       1.268       0.682
Gaia DR3 4062745561178205056 269.5511416 -28.1025960 19.769    nan       1.578  67.7011  66.5624    66.34      nan      nan   17.407  nan      nan    nan   1.200     nan                                None     -15.817       7.643     -13.372       1.046       2.393       0.703
Gaia DR3 4064861060237915904 271.9335781 -26.0010525 19.448    nan       1.017  68.0280  66.5759    66.17      nan      nan   17.568  nan      nan    nan   1.573     nan                                None     -25.115      -1.681     -21.398       0.835      -1.080       0.642
Gaia DR3 4062760718098047744 269.4964790 -27.9505642 19.830  2.735       2.444  67.8502  66.6606    66.35      nan      nan   17.425  nan      nan    nan   1.249     nan                                None     -15.625       7.011      -8.381       1.071       1.706       0.801
Gaia DR3 4064653802270938112 273.5528165 -26.2864251 19.725    nan       2.944  66.8992  66.6676    65.97      nan      nan   16.947  nan      nan    nan   1.564     nan                                None     -30.207      -0.785     -20.674       1.653      -5.227       1.415
Gaia DR3 4062251300629483520 269.9126677 -29.8927359 19.171  1.529       1.035  66.1074  66.6774    66.22      nan      nan   16.567  nan      nan    nan   2.069     nan                                None     -16.366      14.464     -15.531       1.288      10.945       0.775
Gaia DR3 4050227110227456768 270.4333703 -30.0532198 19.319    nan       2.310  65.6983  66.7001    66.17      nan      nan   16.368  nan      nan    nan   2.050     nan                                None     -18.035      14.853     -12.477       1.191       9.140       0.801
Gaia DR3 4063968188097725056 269.9234843 -26.7511581 19.804  2.426       1.434  68.5557  66.7421    66.35      nan      nan   17.742  nan      nan    nan   1.699     nan                                None     -17.569       1.883     -12.820       1.084       4.377       0.751
Gaia DR3 4056387845624050048 268.3568054 -29.9232456 19.199    nan       2.923  66.9305  66.7432    66.31      nan      nan   16.921  nan      nan    nan   1.080     nan                                None     -10.945      15.086      -5.020       0.560       6.508       0.494
Gaia DR3 4062701099731057664 269.8902293 -28.1354638 19.526  1.892       2.334  67.4891  66.7723    66.32      nan      nan   17.178  nan      nan    nan   1.319     nan                                None     -16.885       7.635      -8.528       1.028       6.361       0.774
Gaia DR3 4042863612069424128 271.1112605 -32.9911665 19.729  0.846       2.786  63.0690  66.7793    65.81      nan      nan   15.228  nan      nan    nan   1.134     nan                                None     -19.037      24.580     -25.621       0.734      18.528       0.485
Gaia DR3 4061017682922263680 266.2104712 -26.8376091 19.200  3.775       2.862  70.5234  66.7881    66.50      nan      nan   18.809  nan      nan    nan   2.117     nan                                None      -3.305       2.714     -13.748       0.959      -1.721       0.560
Gaia DR3 4062529030354743424 269.3662706 -29.2322318 18.847    nan       2.970  66.9199  66.7966    66.30      nan      nan   16.887  nan      nan    nan   2.468     nan                                None     -14.660      12.096      -4.170       1.075      13.419       0.689
Gaia DR3 4062754224197931264 269.6900651 -27.9307863 19.279  2.544       1.965  67.7593  66.8146    66.34      nan      nan   17.288  nan      nan    nan   2.185     nan                                None     -16.236       6.847     -22.639       0.991       3.639       0.702
Gaia DR3 4057388332563390592 268.1207658 -28.4575454 19.583    nan       2.067  68.2055  66.8176    66.41      nan      nan   17.513  nan      nan    nan   1.360     nan                                None     -10.422       9.365      -4.706       0.945       4.308       0.676
Gaia DR3 4057335109228172416 268.0148483 -28.9737515 19.506  4.798       2.347  67.8584  66.8971    66.38      nan      nan   17.290  nan      nan    nan   1.256     nan                                None      -9.887      11.436      -4.022       1.384       5.210       0.953
Gaia DR3 4062619602657735424 268.8122211 -28.6696780 19.629  3.143       2.098  67.6620  66.9151    66.36      nan      nan   17.182  nan      nan    nan   1.062     nan                                None     -12.830      10.012      -8.963       0.954       3.470       0.713
Gaia DR3 4062529094812884096 269.3596648 -29.2283069 19.174  2.156       1.401  66.9266  66.9456    66.30      nan      nan   16.809  nan      nan    nan   1.318     nan                                None     -14.569      12.025      -9.604       0.693      11.974       0.485
Gaia DR3 4062602285343435392 268.9777798 -28.8121061 19.114    nan       2.700  67.4602  66.9501    66.35      nan      nan   17.063  nan      nan    nan   1.750     nan                                None     -13.361      10.518     -19.326       0.811       2.855       0.596
Gaia DR3 4050369217983758976 271.0815249 -29.3003528 18.408    nan       2.073  65.9266  66.9528    66.16      nan      nan   16.345  nan      nan    nan   2.439     nan                                None     -20.326      11.727     -18.676       0.824       4.777       0.559
Gaia DR3 4061871866027924096 265.7257192 -25.9279375 19.051    nan       1.794  71.5098  67.0074    66.51      nan      nan   19.236  nan      nan    nan   1.447     nan                                None      -1.332      -1.500      -6.410       0.852       3.710       0.644
Gaia DR3 4062819469002543360 271.6161515 -28.3678796 19.133    nan       2.963  66.3561  67.0378    66.16      nan      nan   16.496  nan      nan    nan   1.895     nan                                None     -22.440       7.992     -19.663       1.007      -1.932       0.632
Gaia DR3 4059589108073277440 262.4706797 -28.8893647 20.285  2.269       0.562  70.8994  67.0740    66.37      nan      nan   18.822  nan      nan    nan   1.326     nan                                None      12.148      12.029      12.275       1.794      14.254       1.418
Gaia DR3 4116506186541197824 264.6688097 -23.4995935 19.126  2.710       1.761  74.0277  67.0786    66.43      nan      nan   20.816  nan      nan    nan   1.743     nan                                None       3.391     -14.004      -1.597       0.951      -8.099       0.672
Gaia DR3 4056562457635968128 268.4063374 -29.2944313 19.355    nan       1.909  67.3946  67.0964    66.35      nan      nan   16.951  nan      nan    nan   1.500     nan                                None     -11.149      12.505      -8.525       1.106       6.207       0.655
Gaia DR3 4067880147304224512 265.8138771 -25.7600272 19.903    nan       2.854  71.5954  67.1160    66.51      nan      nan   19.205  nan      nan    nan   1.466     nan                                None      -1.702      -2.288     -12.394       1.131       2.097       0.803
Gaia DR3 5161837970034307968  52.9005305 -12.4372056 14.293    nan       1.957  58.8827  67.1176   -42.79      nan      nan   13.662  nan      nan    nan   1.165     nan                                None     -92.400    -114.004     -87.501       0.077    -116.792       0.074
Gaia DR3 4066753663266230656 267.3272390 -27.0976639 19.584  3.238       1.752  69.7090  67.1365    66.48      nan      nan   18.109  nan      nan    nan   1.556     nan                                None      -7.622       3.718      -1.001       0.728       2.784       0.498
Gaia DR3 4060677177929659136 265.8715189 -27.6408734 19.573  2.689       2.761  70.0709  67.1499    66.49      nan      nan   18.298  nan      nan    nan   1.679     nan                                None      -1.853       6.246      -0.925       1.088      -4.365       0.806
Gaia DR3 3308742032023794560  71.0333747  14.0223070 12.815  2.807       2.593  90.8440  67.2097   -63.19      nan      nan   39.418  nan      nan    nan   1.294     nan                                None    -123.171    -120.866    -113.684       0.029    -140.216       0.020
Gaia DR3 4067880284745305088 265.8530569 -25.7614156 19.792  2.469       2.918  71.5729  67.2169    66.51      nan      nan   19.115  nan      nan    nan   1.075     nan                                None      -1.858      -2.272     -12.982       0.856       1.535       0.555
Gaia DR3 4057402282591777152 267.7236373 -28.6643327 18.810  2.994       2.868  68.2594  67.3337    66.41      nan      nan   17.238  nan      nan    nan   1.286     nan                                None      -8.756      10.121     -14.275       0.663       1.279       0.410
Gaia DR3 4067879116496542080 265.9216602 -25.8106000 19.020  2.789       2.394  71.4964  67.3529    66.51      nan      nan   18.969  nan      nan    nan   2.106     nan                                None      -2.130      -2.027       5.725       0.954       3.447       0.740
Gaia DR3 4062890460467326464 271.1620550 -28.0201418 18.745  1.554       2.341  66.8779  67.3921    66.22      nan      nan   16.553  nan      nan    nan   1.586     nan                                None     -20.876       6.698     -12.785       0.737       5.581       0.548
Gaia DR3 4043832075700716032 270.5933909 -31.6758433 18.823  1.704       2.691  64.3581  67.4327    66.01      nan      nan   15.462  nan      nan    nan   1.860     nan                                None     -17.578      20.111     -15.501       0.598      11.590       0.446
Gaia DR3 4050367882073397120 271.1743327 -29.3661022 18.989  1.506       1.933  65.8245  67.4437    66.15      nan      nan   16.062  nan      nan    nan   1.953     nan                                None     -20.300      11.765     -19.707       0.683       5.247       0.461
Gaia DR3 4062546553967038080 269.1500487 -29.0781360 19.810  2.579       1.637  67.1582  67.4737    66.32      nan      nan   16.639  nan      nan    nan   1.383     nan                                None     -13.657      11.318     -12.651       1.267       5.665       0.725
Gaia DR3 4062190621309417472 264.1322161 -25.2713029 19.815  3.170       2.788  72.8995  67.4903    66.49      nan      nan   19.713  nan      nan    nan   1.321     nan                                None       5.534      -4.732      -6.049       1.412      -4.579       0.919
Gaia DR3 4060887150284581760 265.6240874 -27.2622645 19.991  1.930       2.699  70.5048  67.4923    66.50      nan      nan   18.309  nan      nan    nan   1.199     nan                                None      -0.859       4.555     -11.127       1.054       6.303       0.539
Gaia DR3 4061944674362468736 265.1524368 -25.6143014 20.455  2.938       1.697  72.0716  67.4989    66.51      nan      nan   19.201  nan      nan    nan   0.968     nan                                None       1.088      -2.972      -4.915       2.025       0.370       0.885
Gaia DR3 4062676296241797632 270.0364247 -28.4028423 19.068  1.884       1.212  67.1998  67.5085    66.30      nan      nan   16.640  nan      nan    nan   1.613     nan                                None     -16.889       8.462     -16.190       1.003       4.267       0.693
Gaia DR3 4062667912532840448 269.3307652 -28.0244664 19.463    nan       2.260  67.8833  67.5815    66.36      nan      nan   16.919  nan      nan    nan   1.737     nan                                None     -14.557       7.133      -9.096       0.948       1.204       0.677
Gaia DR3 4062907812204309888 271.0321823 -27.8803177 19.227  1.964       1.751  67.0588  67.5896    66.23      nan      nan   16.534  nan      nan    nan   1.276     nan                                None     -20.383       6.148     -22.426       0.835       0.396       0.497
Gaia DR3 4057452104201315072 267.6813463 -28.2025519 19.833  2.538       0.525  68.6452  67.6065    66.43      nan      nan   17.273  nan      nan    nan   1.369     nan                                None      -8.613       8.193     -10.399       0.973       8.875       0.694
Gaia DR3 4060843101076686336 265.1166261 -27.7895442 20.018  4.588       1.650  70.3608  67.6478    66.49      nan      nan   18.128  nan      nan    nan   1.397     nan                                None       1.170       6.850      -4.867       1.276       5.033       0.688
Gaia DR3 4062911901012191104 270.9855305 -27.7793853 18.979  2.448       2.965  67.1634  67.6509    66.24      nan      nan   16.550  nan      nan    nan   2.066     nan                                None     -20.234       5.755      -9.889       0.970       5.789       0.582
Gaia DR3 4050315582465918848 271.3479964 -29.5117492 19.100  1.247       2.712  65.6161  67.6648    66.13      nan      nan   15.872  nan      nan    nan   1.403     nan                                None     -20.662      12.158     -16.444       0.681       4.123       0.546
Gaia DR3 4063396923077476608 268.3346626 -28.2176902 19.255    nan       1.649  68.2771  67.6691    66.41      nan      nan   17.059  nan      nan    nan   1.920     nan                                None     -10.952       8.103     -16.880       0.974       8.186       0.716
Gaia DR3 4062700038834093056 269.9425821 -28.1644858 19.023  1.869       0.691  67.4376  67.7573    66.31      nan      nan   16.620  nan      nan    nan   2.908     nan                                None     -16.527       7.498     -16.358       1.148       9.914       0.848
Gaia DR3 4062655508665698176 269.2471151 -28.2442269 19.056  2.302       0.805  67.7571  67.7827    66.36      nan      nan   16.753  nan      nan    nan   2.479     nan                                None     -14.107       7.973     -12.186       1.092       5.877       0.803
Gaia DR3 4063054287763558912 271.7369962 -27.0679457 18.753  1.637       2.844  67.3024  67.8238    66.18      nan      nan   16.525  nan      nan    nan   1.793     nan                                None     -22.916       2.750     -13.172       0.662       4.540       0.499
Gaia DR3 4114003148273365120 255.9249402 -22.6415462 14.241  2.902       2.448  79.4123  67.8802    65.63      nan      nan   24.081  nan      nan    nan   1.051     nan                                None      49.941     -22.837      46.753       0.028     -10.827       0.019
Gaia DR3 4063105960491815296 270.7288816 -27.6019126 18.948  2.069       1.112  67.4439  67.9204    66.27      nan      nan   16.540  nan      nan    nan   1.587     nan                                None     -19.293       5.076     -15.435       0.738       4.671       0.545
Gaia DR3 4050356333051515776 271.0727307 -29.5390027 18.591  1.544       2.729  65.7463  67.9604    66.15      nan      nan   15.792  nan      nan    nan   2.987     nan                                None     -19.608      12.250     -20.061       0.892       3.175       0.602
Gaia DR3 4062337024006714368 269.5615657 -29.3852928 19.189    nan       1.877  66.6939  67.9921    66.28      nan      nan   16.175  nan      nan    nan   1.340     nan                                None     -14.735      12.167     -13.256       0.902       5.939       0.662
Gaia DR3 4057386717649246720 268.3477245 -28.4139682 19.586  3.219       2.853  68.1159  67.9930    66.40      nan      nan   16.809  nan      nan    nan   1.362     nan                                None     -10.839       8.789      -1.070       1.327      11.390       0.892
Gaia DR3 4057004976573176704 265.1326731 -29.9441522 19.847  4.151       2.938  68.6491  67.9986    66.37      nan      nan   17.055  nan      nan    nan   3.255     nan                                None       1.041      15.434       5.407       1.711       5.814       0.907
Gaia DR3 4060269598388681984 265.0912007 -28.1615647 18.738  3.787       1.974  70.0796  68.0753    66.48      nan      nan   17.714  nan      nan    nan   3.142     nan                                None       1.242       8.306       2.453       1.014      15.577       0.549
Gaia DR3 4056526586028095104 268.9780001 -29.2902324 19.217    nan       2.332  67.0866  68.0926    66.32      nan      nan   16.297  nan      nan    nan   1.554     nan                                None     -12.762      11.949     -18.225       1.118       6.090       0.696
Gaia DR3 4063256112573455488 271.1530073 -26.8762386 18.856  2.281       0.371  67.7767  68.1216    66.24      nan      nan   16.587  nan      nan    nan   2.556     nan                                None     -20.887       2.086     -19.859       1.033       2.876       0.735
Gaia DR3 5136739692985792640  29.8088934 -20.5637986 10.206  0.857       2.733  40.8930  68.1629   -21.22      nan      nan    9.843  nan      nan    nan   2.806     nan                                None    -102.210     -81.765    -101.564       0.051     -76.131       0.046
Gaia DR3 4062893415465422208 271.1594898 -28.0174700 18.891    nan       0.956  66.8814  68.1696    66.22      nan      nan   16.171  nan      nan    nan   2.187     nan                                None     -20.386       6.533     -17.217       1.129       7.299       0.740
Gaia DR3 4063447672376344448 268.1818637 -28.1742267 19.681  3.181       2.887  68.3946  68.1781    66.41      nan      nan   16.840  nan      nan    nan   1.244     nan                                None     -10.247       7.833     -17.283       0.918       0.383       0.668
Gaia DR3 4062603281776458752 268.8934899 -28.8382238 18.778  2.346       2.467  67.4858  68.2056    66.35      nan      nan   16.416  nan      nan    nan   2.766     nan                                None     -12.551      10.233      -4.437       1.019      12.895       0.806
Gaia DR3 4062484019220563200 270.1917516 -28.4989401 18.491  2.276       2.689  67.0395  68.2795    66.28      nan      nan   16.187  nan      nan    nan   2.026     nan                                None     -16.979       8.590     -12.849       0.740       0.398       0.518
Gaia DR3 4116339885369667840 264.7415316 -23.9743885 19.924  2.188       0.809  73.6071  68.3237    66.46      nan      nan   19.490  nan      nan    nan   1.949     nan                                None       2.863     -10.846       1.199       1.481      -7.967       0.802
Gaia DR3 4062627711563438592 269.0262800 -28.4908358 19.128  2.531       1.943  67.6850  68.3402    66.36      nan      nan   16.437  nan      nan    nan   1.884     nan                                None     -13.045       8.837      -9.762       0.905       2.958       0.556
Gaia DR3 4068809509529877888 266.0094061 -23.4051011 19.743  2.980       2.308  73.3680  68.3646    66.43      nan      nan   19.318  nan      nan    nan   2.090     nan                                None      -2.541     -13.440      -6.786       1.334      -5.055       0.916
Gaia DR3 4050286823391708416 271.5108701 -29.8497902 18.952    nan       2.751  65.2648  68.3685    66.09      nan      nan   15.424  nan      nan    nan   2.042     nan                                None     -20.627      13.056     -16.539       0.771       5.101       0.549
Gaia DR3 4062769514287781632 269.6745262 -27.7710918 18.968  3.052       2.635  67.8929  68.3887    66.34      nan      nan   16.505  nan      nan    nan   1.390     nan                                None     -15.443       5.895      -7.043       0.769       2.224       0.498
Gaia DR3 4060896771022544128 265.1627058 -27.3256086 19.960    nan       2.649  70.7041  68.3952    66.50      nan      nan   17.838  nan      nan    nan   1.117     nan                                None       0.971       4.715      -8.784       1.155       6.744       0.650
Gaia DR3 4062267037397371392 269.8923888 -29.6817726 18.423  1.775       2.345  66.2824  68.4283    66.24      nan      nan   15.803  nan      nan    nan   2.679     nan                                None     -15.540      12.987     -17.372       0.705       5.391       0.490
Gaia DR3 4062834140680343808 271.2514342 -28.2691735 18.583  1.578       1.945  66.6345  68.4551    66.20      nan      nan   15.935  nan      nan    nan   2.927     nan                                None     -20.408       7.400     -15.453       1.063       3.139       0.729
Gaia DR3 4116489831420026112 265.1841539 -23.2758944 19.876  1.948       2.433  73.9249  68.5143    66.42      nan      nan   19.534  nan      nan    nan   1.527     nan                                None       0.971     -14.202      -4.641       0.991      -5.903       0.815
Gaia DR3 4062701099667995008 269.8954688 -28.1314387 19.744    nan       0.923  67.4894  68.5250    66.32      nan      nan   16.262  nan      nan    nan   1.247     nan                                None     -16.003       7.212     -13.689       0.922       9.368       0.575
Gaia DR3 4060272523301461248 264.9660847 -28.1574585 18.763  3.631       0.704  70.1501  68.5266    66.48      nan      nan   17.483  nan      nan    nan   1.928     nan                                None       1.706       8.179      -0.889       0.678       8.218       0.487
Gaia DR3 4063194784738540928 270.3782885 -27.0831453 19.702    nan       2.936  68.0438  68.5311    66.31      nan      nan   16.500  nan      nan    nan   2.018     nan                                None     -17.982       3.027      -7.796       1.227       2.280       0.900
Gaia DR3 4068464537731834752 267.0457424 -24.1968089 19.654  2.422       2.642  72.1651  68.5835    66.45      nan      nan   18.486  nan      nan    nan   1.433     nan                                None      -6.639      -9.314     -10.756       1.043       0.121       0.630
Gaia DR3 4062761164833943808 269.5433140 -27.9188053 19.723    nan       1.019  67.8493  68.6547    66.35      nan      nan   16.355  nan      nan    nan   1.613     nan                                None     -14.833       6.448     -15.108       1.015       2.947       0.738
Gaia DR3 4062597646772049664 269.6163926 -28.3955075 18.981  1.409       2.784  67.4362  68.6623    66.33      nan      nan   16.174  nan      nan    nan   1.582     nan                                None     -14.928       8.251      -6.722       0.838       3.477       0.594
Gaia DR3 4060860521562698752 264.9661307 -27.6195329 19.246  3.307       2.405  70.5768  68.6985    66.49      nan      nan   17.593  nan      nan    nan   2.288     nan                                None       1.717       5.914      -7.114       0.848       4.669       0.510
Gaia DR3 4062341181411825408 269.3808440 -29.2671234 18.417  2.389       2.871  66.8847  68.7103    66.30      nan      nan   15.922  nan      nan    nan   1.751     nan                                None     -13.874      11.539     -16.669       0.637       2.315       0.398
Gaia DR3 4068036896420385152 266.3954725 -25.0334190 18.847  2.830       2.760  71.8560  68.7116    66.49      nan      nan   18.237  nan      nan    nan   1.352     nan                                None      -3.945      -5.430      -3.157       0.678       5.152       0.550
Gaia DR3 4050235940684453376 270.1150755 -30.0509356 19.405    nan       2.436  65.8741  68.7264    66.19      nan      nan   15.511  nan      nan    nan   1.562     nan                                None     -16.010      14.112     -15.085       1.119       6.202       0.795
Gaia DR3 4063182101741039872 270.3105289 -27.2901375 19.383  2.048       2.318  67.9190  68.7423    66.31      nan      nan   16.342  nan      nan    nan   1.847     nan                                None     -17.567       3.834     -21.027       0.946      -3.365       0.645
Gaia DR3 4062764051052333184 269.4762359 -27.9030266 19.226  2.848       0.686  67.8985  68.7450    66.35      nan      nan   16.332  nan      nan    nan   1.802     nan                                None     -14.573       6.384     -14.147       0.869       4.060       0.574
Gaia DR3 4066844510442915200 266.5809393 -26.5902387 18.999    nan       2.885  70.5177  68.7991    66.50      nan      nan   17.505  nan      nan    nan   2.299     nan                                None      -4.500       1.455      -1.073       1.105      11.535       0.693
Gaia DR3 4062336615902022400 269.4900114 -29.3609006 19.183  1.914       2.084  66.7520  68.8012    66.28      nan      nan   15.827  nan      nan    nan   1.381     nan                                None     -14.170      11.819      -7.815       0.769       8.995       0.611
Gaia DR3 4050371902109997952 271.2251527 -29.1864446 18.928    nan       1.856  65.9359  68.8451    66.16      nan      nan   15.485  nan      nan    nan   1.887     nan                                None     -19.742      10.656     -14.355       0.999       7.887       0.815
Gaia DR3 4061845718251477504 264.9789812 -26.2774355 19.915  2.883       1.375  71.6371  68.8460    66.51      nan      nan   18.038  nan      nan    nan   1.193     nan                                None       1.709       0.136      -2.355       1.222       3.422       0.736
Gaia DR3 4062617300622749696 268.8175731 -28.6937454 19.391    nan       1.315  67.6403  68.8708    66.36      nan      nan   16.162  nan      nan    nan   1.173     nan                                None     -12.088       9.512     -14.401       1.083       5.673       0.640
Gaia DR3 4056283735670723200 268.7987900 -30.1087758 18.847    nan       2.551  66.5461  68.9149    66.27      nan      nan   15.695  nan      nan    nan   2.021     nan                                None     -11.673      14.662     -11.109       0.748       6.241       0.538
Gaia DR3 4050784489663905792 271.7277638 -28.7409012 18.833  1.430       2.429  66.0045  68.9469    66.13      nan      nan   15.469  nan      nan    nan   1.895     nan                                None     -21.420       8.879     -16.000       0.638       3.104       0.449
Gaia DR3 4057708874469920128 267.2587625 -27.8552673 20.519  2.332       2.169  69.1486  68.9691    66.46      nan      nan   16.771  nan      nan    nan   1.412     nan                                None      -6.807       6.557      -5.308       2.137      -0.964       1.193
Gaia DR3 4067107602976262144 266.0529668 -26.1126995 18.058  2.374       1.186  71.1845  69.0344    66.51      nan      nan   17.695  nan      nan    nan   3.191     nan                                None      -2.497      -0.584      -2.872       0.506       3.826       0.407
Gaia DR3 4110691694120007040 260.0383065 -25.4920148 20.195  1.889       2.788  74.9167  69.0773    66.27      nan      nan   19.689  nan      nan    nan   1.912     nan                                None      23.197      -4.104      11.706       1.961      -5.475       1.528
Gaia DR3 4065679612235505920 271.6561672 -25.3456548 20.003  2.736       2.653  68.6974  69.0835    66.19      nan      nan   16.513  nan      nan    nan   1.368     nan                                None     -22.608      -4.169     -14.399       1.563      -8.397       1.212
Gaia DR3 4068206496103793152 265.4938924 -24.6734604 20.044  2.098       1.251  72.6365  69.1157    66.49      nan      nan   18.387  nan      nan    nan   1.323     nan                                None      -0.337      -7.080      -1.170       1.361      -2.305       0.829
Gaia DR3 4050218004946251008 270.3997564 -30.1293737 18.905    nan       2.320  65.6577  69.1522    66.17      nan      nan   15.253  nan      nan    nan   2.269     nan                                None     -16.694      14.129     -13.949       0.913       7.194       0.650
Gaia DR3 4056481574718460160 268.5498889 -29.8546026 19.247    nan       2.178  66.8792  69.1550    66.30      nan      nan   15.723  nan      nan    nan   1.185     nan                                None     -10.836      13.737     -12.586       0.877       6.732       0.571
Gaia DR3 4060867118548961664 265.0577844 -27.5420471 19.436  3.048       1.142  70.5889  69.1578    66.50      nan      nan   17.336  nan      nan    nan   2.567     nan                                None       1.343       5.499      -0.503       1.276       9.242       0.857
Gaia DR3 2987635983322855808  76.0663827 -13.8004416 17.973  4.141       0.579  70.6433  69.1767   -50.15      nan      nan   17.351  nan      nan    nan   1.008     nan                                None     -35.452    -155.947     -37.435       0.146    -156.693       0.119
Gaia DR3 4056079428487898112 268.4383608 -30.9598515 19.431  2.126       2.636  66.0794  69.1892    66.22      nan      nan   15.397  nan      nan    nan   2.023     nan                                None     -10.235      17.614      -9.799       1.006       9.069       0.821
Gaia DR3 4062786762865333632 270.2346232 -27.6344646 18.924  2.434       0.245  67.6913  69.2539    66.31      nan      nan   16.006  nan      nan    nan   1.813     nan                                None     -16.940       5.111     -16.955       1.246       5.938       0.755
Gaia DR3 4062395680212060032 270.6452247 -29.0451297 18.898  1.937       2.369  66.3647  69.3179    66.22      nan      nan   15.453  nan      nan    nan   2.214     nan                                None     -17.743      10.194     -11.867       0.841       5.192       0.622
Gaia DR3 4062266728159348864 269.9015258 -29.7119513 18.705  1.709       2.520  66.2540  69.3325    66.23      nan      nan   15.405  nan      nan    nan   2.754     nan                                None     -15.180      12.772     -12.098       0.741       5.190       0.616
Gaia DR3 4057051396569056384 266.0603499 -29.6698676 16.377  3.491       2.023  68.3683  69.3568    66.39      nan      nan   16.240  nan      nan    nan   1.644     nan                                None      -2.318      13.602      -6.778       0.116      18.898       0.066
Gaia DR3 4050401520290439808 271.7325058 -28.9615210 18.382    nan       2.422  65.8307  69.3612    66.12      nan      nan   15.234  nan      nan    nan   1.394     nan                                None     -21.110       9.562     -15.956       0.591       3.737       0.478
Gaia DR3 4171536949609819392 268.2569434  -7.8694728 14.671  3.085       2.432  84.6798  69.3864    63.05      nan      nan   26.543  nan      nan    nan   1.058     nan                                None     -16.588    -117.468     -27.491       0.031    -125.615       0.025
Gaia DR3 4171536571641999872 268.2561286  -7.8836809 15.331  3.356       2.408  84.6687  69.3872    63.05      nan      nan   26.532  nan      nan    nan   1.119     nan                                None     -16.576    -117.331     -27.403       0.047    -125.342       0.037
Gaia DR3 4068254462326875008 264.5433457 -24.4942881 19.659  2.869       2.818  73.2985  69.4022    66.48      nan      nan   18.549  nan      nan    nan   2.304     nan                                None       3.533      -7.967      -3.718       1.337       0.331       0.850
Gaia DR3 4062701718209153024 269.9267863 -28.0863085 19.328  2.036       1.886  67.5074  69.4277    66.32      nan      nan   15.854  nan      nan    nan   1.181     nan                                None     -15.710       6.852      -9.536       0.673       5.582       0.438
Gaia DR3 4116432656627604736 265.0854216 -23.8514554 19.315  2.282       1.690  73.5176  69.4292    66.45      nan      nan   18.648  nan      nan    nan   2.476     nan                                None       1.331     -10.934      -2.623       0.922      -5.597       0.555
Gaia DR3 4157462818512960512 273.8801674 -10.2895881 13.290  2.741       2.770  79.4825  69.4882    63.31      nan      nan   22.276  nan      nan    nan   1.114     nan                                None     -41.290     -86.471     -42.146       0.015     -99.451       0.013
Gaia DR3 4063939596432094976 270.1064297 -27.0933876 19.369  2.952       0.470  68.1860  69.5131    66.33      nan      nan   16.091  nan      nan    nan   1.739     nan                                None     -16.578       3.029     -15.203       0.798       3.838       0.550
Gaia DR3 4061022355848242688 266.0959463 -26.7377614 19.392  3.796       2.972  70.6648  69.5693    66.51      nan      nan   17.145  nan      nan    nan   1.876     nan                                None      -2.581       2.057     -12.922       0.866       4.958       0.495
Gaia DR3 4116448393402865536 264.9063666 -23.7981736 19.550  2.300       1.927  73.6583  69.6309    66.45      nan      nan   18.589  nan      nan    nan   1.426     nan                                None       2.058     -11.143      -1.419       0.877      -4.439       0.577
Gaia DR3 4062420006960999808 270.5716783 -28.7704450 19.189    nan       2.832  66.6189  69.6392    66.24      nan      nan   15.417  nan      nan    nan   1.442     nan                                None     -17.453       9.149     -17.136       0.998      -0.050       0.626
Gaia DR3 4062530267480422528 269.2815962 -29.1980491 18.102  2.504       2.892  66.9928  69.6580    66.31      nan      nan   15.552  nan      nan    nan   3.311     nan                                None     -13.213      11.020      -5.630       0.663       5.328       0.435
Gaia DR3 4067404879101835136 268.1232277 -25.2764790 19.448  3.585       2.413  70.7131  69.7138    66.44      nan      nan   17.089  nan      nan    nan   2.085     nan                                None     -10.179      -4.160     -14.263       1.222     -11.833       0.792
Gaia DR3 4057403347718904192 267.8295671 -28.6201875 20.075  3.174       2.210  68.2365  69.7445    66.41      nan      nan   16.006  nan      nan    nan   1.348     nan                                None      -8.502       9.217      -6.411       0.988       2.058       0.700
Gaia DR3 4062660727150950272 269.3110211 -28.2253637 19.288  2.332       2.767  67.7368  69.7482    66.35      nan      nan   15.804  nan      nan    nan   1.263     nan                                None     -13.529       7.441      -4.649       0.855       4.964       0.557
Gaia DR3 4062837988923500672 271.4225282 -28.1799539 17.671  1.273       2.986  66.6094  69.7648    66.19      nan      nan   15.362  nan      nan    nan   1.486     nan                                None     -20.249       6.772     -11.198       0.279       3.368       0.228
Gaia DR3 4050874138435473152 272.8495115 -28.2217646 18.605  1.392       2.353  65.7857  69.7813    66.03      nan      nan   15.052  nan      nan    nan   4.672     nan                                None     -24.525       6.527     -17.769       0.968       3.352       0.690
Gaia DR3 4060576710073152768 265.5676694 -28.4054769 20.446    nan       2.794  69.6301  69.7850    66.47      nan      nan   16.571  nan      nan    nan   1.500     nan                                None      -0.572       8.761      -3.959       2.027      -0.394       1.049
Gaia DR3 2383268217155376384 346.4315848 -24.9984903 14.670  2.364       2.290  31.5136  69.7899    20.87      nan      nan    8.727  nan      nan    nan   1.109     nan                                None    -108.478     -41.834    -104.346       0.034     -41.012       0.033
Gaia DR3 4068810574682801664 265.9892006 -23.3511659 20.089  0.670       2.501  73.4223  69.8315    66.43      nan      nan   18.336  nan      nan    nan   0.929     nan                                None      -2.331     -12.998      -6.356       1.308      -4.210       0.959
Gaia DR3 4062739964809804672 269.6475448 -28.2106753 19.823  3.486       1.061  67.5636  69.8546    66.33      nan      nan   15.690  nan      nan    nan   2.145     nan                                None     -14.589       7.292     -18.077       1.733       6.902       0.998
Gaia DR3 4050248275836535296 270.2791287 -29.7353102 19.095  2.401       2.790  66.0293  69.8606    66.20      nan      nan   15.110  nan      nan    nan   2.393     nan                                None     -16.139      12.563      -8.732       1.028       7.651       0.601
Gaia DR3 4056173956325383552 268.7493501 -30.3278785 19.453  2.871       2.478  66.4024  69.8682    66.26      nan      nan   15.244  nan      nan    nan   1.782     nan                                None     -11.173      15.060      -7.082       1.011       8.228       0.760
Gaia DR3 4063178081544770304 270.5571042 -27.1754646 19.752    nan       1.339  67.8725  69.9108    66.29      nan      nan   15.787  nan      nan    nan   1.063     nan                                None     -17.822       3.227     -17.690       0.789      -1.226       0.531
Gaia DR3 4043050426034460672 271.1748200 -32.0762129    nan    nan       1.086  63.7344  70.0703    65.91      nan      nan   14.249  nan      nan    nan   2.445     nan                                None     -18.010      19.827     -14.747       1.108      19.848       0.873
Gaia DR3 4060986346824783488 265.6809206 -27.0848392 19.186  2.984       1.183  70.6148  70.1120    66.51      nan      nan   16.837  nan      nan    nan   2.331     nan                                None      -1.000       3.457       1.535       0.776       6.805       0.568
Gaia DR3 4050806892346050560 271.8142385 -28.4431391 19.007  1.335       1.616  66.1880  70.1885    66.14      nan      nan   15.041  nan      nan    nan   2.711     nan                                None     -21.111       7.528     -20.739       0.855       2.418       0.569
Gaia DR3 4062270542092467584 269.7445048 -29.6294454 18.578  1.813       1.247  66.4039  70.1983    66.25      nan      nan   15.115  nan      nan    nan   1.663     nan                                None     -14.374      12.247     -13.006       0.532       8.518       0.385
Gaia DR3 4050831219050683648 271.9540234 -28.3556176 19.373  0.707       2.442  66.1786  70.2288    66.13      nan      nan   15.022  nan      nan    nan   2.153     nan                                None     -21.543       7.174     -15.635       1.042       2.186       0.715
Gaia DR3 4056561770327306368 268.2760126 -29.2981822 19.224    nan       2.211  67.4625  70.2406    66.35      nan      nan   15.489  nan      nan    nan   1.823     nan                                None      -9.745      11.452     -16.730       1.139       9.626       0.697
Gaia DR3 4062617060036056320 268.8256737 -28.7184490 19.421  2.168       2.300  67.6165  70.2869    66.36      nan      nan   15.528  nan      nan    nan   1.527     nan                                None     -11.641       9.232      -8.575       1.347       2.357       0.879
Gaia DR3 4064087003973954944 270.8812647 -26.3322180 19.875  3.271       2.161  68.3540  70.2926    66.27      nan      nan   15.810  nan      nan    nan   2.164     nan                                None     -18.969      -0.068     -12.200       1.898       2.389       1.155
Gaia DR3 4060986552989080192 265.6738922 -27.0770966 20.149    nan       1.309  70.6247  70.3039    66.51      nan      nan   16.744  nan      nan    nan   1.423     nan                                None      -0.969       3.406      -4.231       1.083       0.136       0.655
Gaia DR3 4064885898107267584 272.1268508 -25.9000700 19.206    nan       1.559  67.9992  70.3174    66.14      nan      nan   15.662  nan      nan    nan   2.800     nan                                None     -23.051      -1.918     -18.047       1.355      -0.715       0.816
Gaia DR3 4111419295933374464 262.5276616 -23.3778184 20.261  2.080       0.647  75.2913  70.3388    66.36      nan      nan   18.982  nan      nan    nan   1.019     nan                                None      12.014     -13.447      11.132       1.452     -15.881       0.970
Gaia DR3 4063122904136221312 270.6460321 -27.4592399 18.926    nan       0.566  67.6012  70.3894    66.28      nan      nan   15.480  nan      nan    nan   2.822     nan                                None     -17.777       4.224     -16.033       0.909       3.613       0.610
Gaia DR3 4068288856452614528 264.8965758 -24.2176848 19.337    nan       0.990  73.3274  70.3969    66.47      nan      nan   17.940  nan      nan    nan   3.183     nan                                None       2.025      -8.913       5.436       1.177      -7.367       0.769
Gaia DR3 4062418800128813952 270.6157462 -28.8244487 18.795  1.133       1.233  66.5526  70.4099    66.23      nan      nan   15.086  nan      nan    nan   1.423     nan                                None     -17.225       9.145     -17.028       0.798       5.229       0.526
Gaia DR3 4068037377458035200 266.3845147 -24.9660975 19.466  3.047       2.372  71.9156  70.4530    66.49      nan      nan   17.241  nan      nan    nan   1.544     nan                                None      -3.689      -5.417       2.824       0.757       0.231       0.600
Gaia DR3 4117395927635430400 265.8508369 -21.0207265 20.221  2.008       2.866  75.3693  70.4543    66.24      nan      nan   18.945  nan      nan    nan   2.349     nan                                None      -1.832     -24.212       4.563       1.679     -14.718       1.050
Gaia DR3 4067142100174396800 266.4143845 -25.8234493 19.003    nan       1.915  71.2172  70.5185    66.50      nan      nan   16.894  nan      nan    nan   2.008     nan                                None      -3.725      -1.763       2.573       0.856       0.856       0.543
Gaia DR3 4062599914521433088 268.9043387 -28.8995625 19.245    nan       1.698  67.4319  70.5775    66.35      nan      nan   15.341  nan      nan    nan   1.817     nan                                None     -11.765       9.792      -9.664       1.279       4.718       0.713
Gaia DR3 4052446508795930880 274.1014220 -27.2059813 19.190    nan       2.466  65.8758  70.5969    65.90      nan      nan   14.779  nan      nan    nan   1.962     nan                                None     -28.103       2.498     -22.732       1.221      -2.994       0.844
Gaia DR3 4044205355676991872 269.9416733 -30.4218970 19.649    nan       2.690  65.6811  70.6032    66.18      nan      nan   14.710  nan      nan    nan   1.928     nan                                None     -14.625      14.736     -15.598       0.875       6.451       0.624
Gaia DR3 4060481430565273088 264.7893742 -27.8114020 18.491  3.246       1.608  70.5197  70.6288    66.49      nan      nan   16.538  nan      nan    nan   3.736     nan                                None       2.256       6.333      -2.171       0.815       9.773       0.502
Gaia DR3 4068258242019142912 264.7453385 -24.4626419 20.344  2.140       2.043  73.2138  70.6585    66.48      nan      nan   17.732  nan      nan    nan   1.129     nan                                None       2.590      -7.749      -3.724       1.957      -3.456       1.137
Gaia DR3 4062461406202966144 270.4148111 -28.8045102 18.733    nan       2.541  66.6786  70.6668    66.25      nan      nan   15.033  nan      nan    nan   1.242     nan                                None     -16.503       9.068     -13.559       0.554       1.572       0.374
Gaia DR3 1952680497148998144 325.0511253  37.0566915 10.688  1.950       2.494  96.7009  70.6995     6.34      nan      nan   36.029  nan      nan    nan   1.062     nan                                None    -391.228    -316.497    -390.234       0.010    -297.577       0.011
Gaia DR3 4060633953400469376 265.2923461 -28.1456618 19.812  3.435       2.055  69.9839  70.7024    66.48      nan      nan   16.280  nan      nan    nan   1.774     nan                                None       0.422       7.572      -4.449       1.468       2.471       0.870
Gaia DR3 4060952846150972544 265.0329678 -27.0428418 19.394    nan       2.531  70.9988  70.7486    66.51      nan      nan   16.684  nan      nan    nan   1.611     nan                                None       1.383       3.253      -6.788       0.830       6.790       0.438
Gaia DR3 4050387359802241152 270.9486118 -29.0873597 19.379    nan       1.899  66.1651  70.7498    66.19      nan      nan   14.823  nan      nan    nan   1.429     nan                                None     -18.002       9.886     -12.559       0.922       7.521       0.895
Gaia DR3 4063374520438256768 268.6011360 -28.5127798 19.173  1.805       2.212  67.9002  70.7902    66.38      nan      nan   15.428  nan      nan    nan   1.116     nan                                None     -10.807       8.418      -3.835       0.540       6.636       0.384
Gaia DR3 4044226727347233280 270.1195299 -30.1697321 19.136  1.744       2.685  65.7795  70.8175    66.18      nan      nan   14.667  nan      nan    nan   1.313     nan                                None     -15.153      13.769     -13.696       0.809       5.596       0.496
Gaia DR3 4063531510089574144 269.1232165 -27.7270928 20.046    nan       1.667  68.2303  70.8889    66.38      nan      nan   15.511  nan      nan    nan   1.082     nan                                None     -12.640       5.434     -10.769       0.945       0.315       0.660
Gaia DR3 4050294214761944832 271.5603697 -29.7478505 19.074  1.396       2.296  65.3164  70.8948    66.09      nan      nan   14.485  nan      nan    nan   1.836     nan                                None     -19.529      11.894     -17.975       0.854       5.058       0.633
Gaia DR3 4116479282935700992 265.5201926 -23.3688225 19.237  2.108       2.206  73.6660  70.9344    66.43      nan      nan   17.787  nan      nan    nan   1.470     nan                                None      -0.429     -12.528      -2.756       0.932      -4.589       0.560
Gaia DR3 4068344141310550784 266.2621582 -24.0323236 19.795  2.127       2.401  72.7276  70.9426    66.46      nan      nan   17.346  nan      nan    nan   1.401     nan                                None      -3.245      -9.411      -1.068       1.325      -0.906       0.884
Gaia DR3 4061103341799773696 265.9578642 -26.1250368 17.705  3.398       2.992  71.2265  70.9469    66.51      nan      nan   16.683  nan      nan    nan   4.446     nan                                None      -2.006      -0.499       6.309       0.543       5.949       0.473
Gaia DR3 4214267132559864320 290.8579794  -3.2600075 16.902  3.197       0.946  75.5523  70.9703    55.45      nan      nan   18.697  nan      nan    nan   2.436     nan                                None    -101.102    -103.744     -99.421       0.185    -100.415       0.152
Gaia DR3 4050162891846188544 270.5393451 -30.3884616 18.370  1.550       2.958  65.3808  70.9749    66.13      nan      nan   14.479  nan      nan    nan   2.242     nan                                None     -16.289      14.306     -16.389       0.675       5.279       0.470
Gaia DR3 4050781023513642368 271.8496667 -28.7428187 19.077    nan       2.432  65.9356  70.9956    66.12      nan      nan   14.656  nan      nan    nan   2.143     nan                                None     -20.685       8.399     -14.579       0.951       4.021       0.811
Gaia DR3 4062548340596179840 269.2191671 -29.0209920 19.619    nan       2.318  67.1651  71.0172    66.32      nan      nan   15.072  nan      nan    nan   1.205     nan                                None     -12.599      10.035     -11.997       1.116       2.693       0.701
Gaia DR3 2410631247639970688 344.3358433 -15.2021430 15.969  2.660       2.135  41.4908  71.0534    18.77      nan      nan    9.580  nan      nan    nan   1.017     nan                                None    -118.317     -51.291    -121.020       0.057     -54.650       0.047
Gaia DR3 4090543074892025984 274.8616367 -22.4408889 19.719  1.457       2.693  69.1791  71.0730    65.62      nan      nan   15.795  nan      nan    nan   1.359     nan                                None     -32.639     -15.737     -23.967       1.167     -13.449       0.820
Gaia DR3 4060741293170806016 266.8980116 -27.3655128 17.202  2.222       1.197  69.7315  71.0820    66.48      nan      nan   16.006  nan      nan    nan   5.882     nan                                None      -5.229       4.356      -8.335       0.587       6.938       0.398
Gaia DR3 4066393053602396032 273.9842667 -23.1294182 19.367    nan       0.249  69.1332  71.0829    65.80      nan      nan   15.773  nan      nan    nan   1.719     nan                                None     -29.592     -12.903     -28.794       1.068     -13.126       0.785
Gaia DR3 4062844315372906496 271.3548217 -28.0300095 18.902    nan       0.845  66.7637  71.0936    66.20      nan      nan   14.903  nan      nan    nan   1.298     nan                                None     -19.423       6.036     -16.769       0.639       6.096       0.488
Gaia DR3 4063249038739489664 271.5392866 -26.8251444 18.838  1.748       1.809  67.6022  71.1206    66.21      nan      nan   15.188  nan      nan    nan   3.255     nan                                None     -20.407       1.661     -24.650       0.852      -2.281       0.558
Gaia DR3 4062529404023643392 269.3471111 -29.1914332 18.303  3.374       2.894  66.9622  71.1356    66.30      nan      nan   14.956  nan      nan    nan   2.067     nan                                None     -12.922      10.566     -15.032       0.600       1.689       0.380
Gaia DR3 4060255098590772736 265.2070757 -28.3243319 18.407  2.996       2.469  69.8884  71.1623    66.47      nan      nan   16.033  nan      nan    nan   2.318     nan                                None       0.716       8.157       8.260       0.735      11.722       0.335
Gaia DR3 4060273210528372736 265.0302226 -28.0957082 18.641    nan       0.861  70.1646  71.1763    66.48      nan      nan   16.136  nan      nan    nan   2.457     nan                                None       1.348       7.306       3.992       0.989       8.561       0.635
Gaia DR3 4058323501461329920 263.1689868 -30.8930707 19.851    nan       2.672  68.9407  71.1820    66.26      nan      nan   15.657  nan      nan    nan   1.656     nan                                None       7.706      17.721      15.357       1.795      13.336       1.012
Gaia DR3 4117743033979521024 262.7499845 -22.0723237 20.242    nan       0.791  76.2254  71.1943    66.28      nan      nan   18.897  nan      nan    nan   1.322     nan                                None      11.038     -19.394      11.911       1.675     -16.368       1.282
Gaia DR3 2577701897746162432  14.9683475   7.8285782 17.425  3.739       2.086  63.8711  71.2029   -23.79      nan      nan   13.928  nan      nan    nan   1.056     nan                                None    -165.167     -77.626    -159.162       0.154     -76.425       0.114
Gaia DR3 4063314764733179776 271.2472386 -26.6250014 19.392  2.479       1.988  67.9211  71.2054    66.24      nan      nan   15.270  nan      nan    nan   2.517     nan                                None     -19.542       0.971     -13.936       1.613       4.056       0.925
Gaia DR3 4064697920140166528 273.5812273 -25.9254802 19.059  1.702       2.700  67.1652  71.2069    65.97      nan      nan   15.001  nan      nan    nan   3.575     nan                                None     -26.829      -2.015     -26.078       1.088     -10.520       0.819
Gaia DR3 4057357958471280128 268.2266009 -28.8660724 19.568    nan       2.082  67.8276  71.2221    66.38      nan      nan   15.230  nan      nan    nan   2.181     nan                                None      -9.416       9.656     -15.244       1.414       6.381       0.792
Gaia DR3 4050151828003555456 270.7346341 -30.4004684 19.277  1.431       2.633  65.2647  71.2229    66.12      nan      nan   14.357  nan      nan    nan   1.837     nan                                None     -16.765      14.199     -16.955       1.178       6.231       0.747
Gaia DR3 4062689799629143808 269.9258987 -28.2784586 19.123  1.805       1.099  67.3577  71.2358    66.31      nan      nan   15.057  nan      nan    nan   1.366     nan                                None     -14.918       7.214     -12.117       0.795       9.293       0.489
Gaia DR3 4061090285092809344 265.6992825 -26.4921755 20.599    nan       1.213  71.0754  71.2403    66.51      nan      nan   16.477  nan      nan    nan   1.149     nan                                None      -1.045       0.992       1.696       1.862       4.193       1.278
Gaia DR3 4068755388721297920 266.4423098 -23.3672384 19.540    nan       2.113  73.1599  71.2407    66.42      nan      nan   17.381  nan      nan    nan   1.564     nan                                None      -3.939     -12.262      -3.937       1.259      -4.521       0.955
Gaia DR3 4063167022060497792 270.3032060 -27.4383498 19.278    nan       2.969  67.8070  71.2455    66.31      nan      nan   15.213  nan      nan    nan   1.661     nan                                None     -16.329       4.120     -14.747       0.854      -5.271       0.579
Gaia DR3 4063123385173014784 270.5858632 -27.4485095 19.246  1.526       1.368  67.6429  71.2560    66.28      nan      nan   15.151  nan      nan    nan   1.249     nan                                None     -17.199       4.103     -13.570       0.699       1.667       0.480
Gaia DR3 4050857194917473280 272.9841992 -28.3768394 18.922  1.392       1.866  65.5905  71.2725    66.01      nan      nan   14.446  nan      nan    nan   1.903     nan                                None     -23.961       6.782     -19.865       0.717      10.723       0.428
Gaia DR3 4056609740945254272 268.5311760 -28.9075295 19.016  2.145       2.586  67.6292  71.2976    66.36      nan      nan   15.130  nan      nan    nan   1.562     nan                                None     -10.365       9.721      -2.464       1.126       7.356       0.801
Gaia DR3 4060131442269129984 264.2929968 -28.8682298 19.322    nan       0.698  69.9476  71.3265    66.43      nan      nan   15.983  nan      nan    nan   1.691     nan                                None       3.923      10.241       1.596       0.994       9.904       0.911
Gaia DR3 4068227936591179136 265.4021347 -24.3514996 19.927  1.397       1.271  72.9440  71.3407    66.48      nan      nan   17.230  nan      nan    nan   1.469     nan                                None       0.031      -7.992      -0.040       1.793      -3.377       0.805
Gaia DR3 4149698273554691072 268.1075954 -13.3319990 15.761  3.230       2.820  80.3181  71.3622    64.77      nan      nan   21.068  nan      nan    nan   0.985     nan                                None     -12.476     -66.133      -4.356       0.050     -75.668       0.036
Gaia DR3 4044230408189302144 270.0192884 -30.1336712 18.482    nan       2.079  65.8622  71.4120    66.19      nan      nan   14.487  nan      nan    nan   1.373     nan                                None     -14.649      13.485     -15.242       0.415       7.163       0.283
Gaia DR3 4064911294140188544 271.8713444 -25.5296278 19.583  1.621       2.696  68.4326  71.4148    66.17      nan      nan   15.373  nan      nan    nan   2.000     nan                                None     -21.769      -3.227     -20.302       1.097     -11.840       0.714
Gaia DR3 4056289920372172416 268.7861294 -29.9541590 18.604    nan       2.999  66.6733  71.4726    66.28      nan      nan   14.734  nan      nan    nan   1.372     nan                                None     -10.918      13.210     -12.036       0.608       3.963       0.413
Gaia DR3 4044090697159593088 269.2516906 -30.7996527 19.891  1.153       1.351  65.7635  71.5048    66.19      nan      nan   14.423  nan      nan    nan   1.190     nan                                None     -12.159      15.858     -12.039       1.500      11.753       0.864
Gaia DR3 4056423133145933184 267.6526438 -29.9053081 19.603    nan       2.369  67.3258  71.5279    66.34      nan      nan   14.937  nan      nan    nan   2.003     nan                                None      -7.354      13.304      -9.951       1.212       6.310       0.784
Gaia DR3 5976239292079568384 261.1157693 -33.2541326 15.259  2.814       1.195  68.1409  71.5298    65.88      nan      nan   15.222  nan      nan    nan   1.140     nan                                None      14.346      25.764      14.280       0.043      21.930       0.031
Gaia DR3 3186007328584731648  71.0435608  -8.0095102 13.826  2.381       2.065  72.4863  71.5338   -53.13      nan      nan   16.929  nan      nan    nan   1.099     nan                                None     -52.863    -132.776     -52.773       0.015    -140.145       0.011
Gaia DR3 4060768987121706368 266.8414216 -26.9756220 20.176  2.199       0.651  70.0705  71.5838    66.49      nan      nan   15.918  nan      nan    nan   1.056     nan                                None      -5.003       2.816      -6.672       1.401       4.226       0.777
Gaia DR3 4062887299426663168 271.0527778 -28.0425955 18.894  1.979       0.763  66.9208  71.5976    66.23      nan      nan   14.773  nan      nan    nan   3.004     nan                                None     -18.278       6.075     -16.414       0.984       4.601       0.736
Gaia DR3 4060273863332508416 264.9764780 -28.1033572 19.048  3.414       1.933  70.1874  71.6292    66.48      nan      nan   15.944  nan      nan    nan   2.803     nan                                None       1.520       7.248       2.808       0.958      13.617       0.603
Gaia DR3 4128373932724304640 258.2448130 -19.1087942 13.746  2.654       2.343  81.0833  71.6304    65.56      nan      nan   21.301  nan      nan    nan   1.151     nan                                None      33.438     -37.820      25.457       0.023     -30.963       0.017
Gaia DR3 4051083148813006592 275.1828823 -29.2276725 19.474  2.234       2.671  63.7087  71.6713    65.67      nan      nan   13.738  nan      nan    nan   2.297     nan                                None     -29.344       8.801     -24.617       1.231       2.680       0.880
Gaia DR3 4062682309281654912 270.0914759 -28.3556659 19.095    nan       2.080  67.2064  71.6860    66.29      nan      nan   14.838  nan      nan    nan   1.683     nan                                None     -15.238       7.368      -9.226       0.844       4.881       0.591
Gaia DR3 4056471094970443264 268.0144300 -29.4542709 19.356  3.381       2.130  67.4825  71.6909    66.36      nan      nan   14.930  nan      nan    nan   1.880     nan                                None      -8.536      11.629      -8.774       1.155       4.930       0.666
Gaia DR3 4063374520438331264 268.5921289 -28.5159273 19.393    nan       0.992  67.9026  71.6988    66.38      nan      nan   15.073  nan      nan    nan   1.191     nan                                None     -10.528       8.237     -13.210       0.911       9.896       0.723
Gaia DR3 4049393577338438144 273.6940489 -30.6821486 19.140  1.003       2.902  63.4204  71.7148    65.78      nan      nan   13.641  nan      nan    nan   3.191     nan                                None     -24.732      13.890     -22.339       1.266       5.895       0.922
Gaia DR3 4068541744180253056 266.7423677 -23.8100935 20.130  2.397       2.731  72.6407  71.7381    66.44      nan      nan   16.892  nan      nan    nan   1.110     nan                                None      -4.941     -10.097     -10.033       1.268      -1.811       0.705
Gaia DR3 4116459835205336960 265.1744967 -23.4972924 19.652    nan       2.680  73.7527  71.7704    66.44      nan      nan   17.361  nan      nan    nan   1.457     nan                                None       0.900     -11.683      -3.279       1.019      -2.810       0.717
Gaia DR3 4068304077742097920 265.6503983 -24.4938290 20.059  1.961       1.125  72.6944  71.7861    66.48      nan      nan   16.891  nan      nan    nan   1.185     nan                                None      -0.890      -7.248      -4.884       1.156      -7.566       0.839
Gaia DR3 4062910801499900288 271.1167510 -27.7343886 19.019    nan       0.694  67.1259  71.7922    66.23      nan      nan   14.772  nan      nan    nan   1.744     nan                                None     -18.484       4.955     -16.365       1.047       4.536       0.639
Gaia DR3 4062909148115747072 271.1248797 -27.8179826 19.119  1.148       1.834  67.0562  71.7979    66.23      nan      nan   14.747  nan      nan    nan   1.570     nan                                None     -18.478       5.246     -13.306       0.838       2.849       0.607
Gaia DR3 4061145707306588160 262.8366765 -28.2433769 19.618    nan       2.588  71.2203  71.8055    66.42      nan      nan   16.272  nan      nan    nan   1.377     nan                                None       9.196       7.860      16.180       1.438      13.340       0.864
Gaia DR3 4043678144068285184 269.9697304 -32.4750912 19.718  1.962       2.871  64.0818  71.8190    65.96      nan      nan   13.803  nan      nan    nan   2.116     nan                                None     -13.808      20.719      -8.916       1.225      13.947       0.840
Gaia DR3 4062702444016302592 269.9717206 -28.0718602 18.977  2.651       1.044  67.4940  71.8204    66.31      nan      nan   14.887  nan      nan    nan   2.183     nan                                None     -14.898       6.376     -17.760       0.923       4.779       0.608
Gaia DR3 4062780543734329600 269.8630188 -27.7693174 19.698    nan       1.627  67.7905  71.8223    66.33      nan      nan   14.988  nan      nan    nan   1.810     nan                                None     -14.643       5.325      -9.588       1.560       4.393       1.075
Gaia DR3 4068352215816640512 265.9978250 -24.0535051 20.060  2.237       1.544  72.8558  71.8247    66.46      nan      nan   16.941  nan      nan    nan   1.009     nan                                None      -2.186      -9.098      -1.742       1.530      -3.602       0.599
Gaia DR3 4067925777053251584 266.2461798 -25.2636198 19.985  2.588       1.954  71.7544  71.8294    66.50      nan      nan   16.477  nan      nan    nan   1.266     nan                                None      -3.025      -3.973      -5.547       1.671       2.329       1.073
Gaia DR3 4061840564289511808 265.2585255 -26.2022040 19.726  3.126       2.830  71.5454  71.9205    66.51      nan      nan   16.350  nan      nan    nan   1.956     nan                                None       0.546      -0.176      -8.007       1.250      -4.869       0.884
Gaia DR3 4062967151507292160 272.2407164 -27.5420118 18.838  1.584       1.134  66.6526  71.9574    66.12      nan      nan   14.557  nan      nan    nan   2.034     nan                                None     -21.787       4.018     -18.741       0.924       2.337       0.634
Gaia DR3 4062259272092882176 270.1999519 -29.6560373 19.408  1.902       2.810  66.1342  71.9701    66.21      nan      nan   14.385  nan      nan    nan   1.655     nan                                None     -15.115      11.693      -8.290       1.072       6.593       0.543
Gaia DR3 4059655250699511936 262.2127334 -28.6157184 19.987  2.272       2.925  71.2541  71.9737    66.38      nan      nan   16.209  nan      nan    nan   1.823     nan                                None      11.379       9.251       4.878       1.719       1.661       1.274
Gaia DR3 4116341775149897984 264.8783597 -23.9094447 19.789    nan       2.747  73.5844  71.9868    66.46      nan      nan   17.173  nan      nan    nan   1.453     nan                                None       2.007      -9.827      -6.871       1.496      -5.344       0.899
Gaia DR3 4064518111383472384 272.6500925 -26.9823704 19.591    nan       2.600  66.8609  71.9959    66.08      nan      nan   14.612  nan      nan    nan   1.834     nan                                None     -23.173       1.970     -18.531       1.261      -4.556       0.952
Gaia DR3 4061876916911782784 265.6150492 -25.8322727 18.259  3.339       2.491  71.6462  72.0084    66.51      nan      nan   16.350  nan      nan    nan   3.335     nan                                None      -0.735      -1.657      -4.119       0.603       6.233       0.450
Gaia DR3 4116471964203618432 265.2897789 -23.4532076 19.276    nan       0.760  73.7248  72.0090    66.43      nan      nan   17.223  nan      nan    nan   1.946     nan                                None       0.456     -11.775       2.465       0.814      -9.884       0.476
Gaia DR3 4068741752162518784 266.3419277 -23.6679842 19.999    nan       1.850  72.9748  72.0641    66.44      nan      nan   16.871  nan      nan    nan   1.167     nan                                None      -3.452     -10.659      -2.396       0.942      -4.165       0.765
Gaia DR3 4061027264986076544 266.4224714 -26.6073781 19.025  3.620       0.835  70.5905  72.0685    66.50      nan      nan   15.909  nan      nan    nan   2.374     nan                                None      -3.536       1.394      -4.130       0.937      -1.341       0.582
Gaia DR3 4050229927669540096 270.6012799 -29.9137312 18.765  1.661       2.225  65.7145  72.0762    66.17      nan      nan   14.218  nan      nan    nan   2.681     nan                                None     -16.188      12.395     -10.414       0.861       9.059       0.593
Gaia DR3 4065452043390150656 273.5677078 -24.4682639 20.000  2.137       2.772  68.3146  72.0811    65.93      nan      nan   15.073  nan      nan    nan   1.268     nan                                None     -26.914      -7.356     -18.898       1.032     -11.005       0.709
Gaia DR3 4050164743226864896 270.5714666 -30.3393871 18.908    nan       2.644  65.4012  72.0969    66.14      nan      nan   14.114  nan      nan    nan   1.638     nan                                None     -15.978      13.773     -13.244       0.739       6.397       0.468
Gaia DR3 4116441280930016896 265.2708111 -23.7047011 19.628  1.756       2.218  73.5337  72.1335    66.45      nan      nan   17.075  nan      nan    nan   1.139     nan                                None       0.524     -10.623      -6.794       0.723      -7.430       0.494
Gaia DR3 4056613314260162176 268.4729269 -28.8468642 18.933    nan       2.263  67.7085  72.1400    66.37      nan      nan   14.843  nan      nan    nan   1.457     nan                                None      -9.979       9.322      -5.565       0.691       3.786       0.493
Gaia DR3 4055930719362798848 267.3602740 -30.9458876 19.470  2.828       2.210  66.6711  72.1426    66.26      nan      nan   14.500  nan      nan    nan   1.552     nan                                None      -6.208      16.615     -12.543       0.978      14.267       0.643
Gaia DR3 4063946296583156864 270.1919153 -26.9969939 19.303  2.143       1.509  68.2143  72.1559    66.32      nan      nan   15.010  nan      nan    nan   2.774     nan                                None     -15.745       2.462     -13.341       1.293      -1.662       0.780
Gaia DR3 4066198890991713024 273.0644056 -24.3275573 20.153  2.293       1.036  68.7085  72.1685    65.99      nan      nan   15.177  nan      nan    nan   1.695     nan                                None     -25.439      -7.830     -22.884       1.886      -9.941       1.270
Gaia DR3 4043887841574938368 270.3852796 -31.5061118 19.265  1.793       2.583  64.6019  72.1706    66.04      nan      nan   13.850  nan      nan    nan   1.728     nan                                None     -15.115      17.473     -14.688       0.756       9.944       0.557
Gaia DR3 4062249170426935296 270.0882608 -29.8812610 18.725  1.967       2.782  66.0204  72.2115    66.21      nan      nan   14.269  nan      nan    nan   2.571     nan                                None     -14.645      12.396      -7.334       0.964       8.325       0.546
Gaia DR3 4116860671627068032 265.8259738 -23.0424149 19.089  2.795       1.528  73.7594  72.2198    66.41      nan      nan   17.128  nan      nan    nan   2.595     nan                                None      -1.563     -13.433       0.098       0.989      -8.170       0.767
Gaia DR3 4061257857585506048 262.9235598 -27.4790396 20.276  3.405       0.284  71.7841  72.2426    66.45      nan      nan   16.298  nan      nan    nan   1.189     nan                                None       8.899       4.831       8.153       1.868       4.202       1.307
Gaia DR3 4089627765755813376 274.5963394 -23.3968409 19.556    nan       1.723  68.5761  72.2479    65.73      nan      nan   15.101  nan      nan    nan   2.436     nan                                None     -30.337     -11.500     -24.871       1.539     -11.951       1.213
Gaia DR3 4050214568919670912 270.4014353 -30.2633363 19.447  1.861       2.542  65.5530  72.2573    66.15      nan      nan   14.110  nan      nan    nan   2.378     nan                                None     -15.448      13.530      -8.029       1.385      14.986       0.976
Gaia DR3 2476498007097876480  16.6655664  -6.6237229 14.793  2.361       1.608  49.9889  72.2762   -18.09      nan      nan   10.599  nan      nan    nan   1.032     nan                                None    -124.305     -70.902    -127.574       0.042     -69.414       0.030
Gaia DR3 4050094584742056576 271.6539531 -29.9726565 19.262    nan       2.524  65.0912  72.3010    66.07      nan      nan   13.956  nan      nan    nan   2.199     nan                                None     -19.101      12.207     -15.791       1.476       5.559       0.976
Gaia DR3 4062709419048302592 270.3233465 -28.1209703 18.974    nan       1.307  67.2621  72.3062    66.28      nan      nan   14.636  nan      nan    nan   2.743     nan                                None     -15.774       6.400     -12.161       1.249       8.189       0.704
Gaia DR3 4060120099167027072 264.2235204 -29.0084684 19.085  2.957       2.759  69.8735  72.3570    66.43      nan      nan   15.520  nan      nan    nan   2.178     nan                                None       4.046      10.475       0.533       1.060       2.158       0.723
Gaia DR3 4063189179849443968 270.3176963 -27.2237850 19.179  2.137       2.406  67.9670  72.3694    66.31      nan      nan   14.847  nan      nan    nan   1.712     nan                                None     -15.984       3.242      -9.258       0.882       6.629       0.554
Gaia DR3 4062629184917585920 269.0606044 -28.4096653 19.048  2.985       1.794  67.7297  72.4086    66.36      nan      nan   14.754  nan      nan    nan   2.514     nan                                None     -11.821       7.636     -13.759       1.147       2.405       0.768
Gaia DR3 4062342899399832448 269.4138393 -29.2159173 19.262    nan       1.782  66.9066  72.4194    66.30      nan      nan   14.481  nan      nan    nan   1.400     nan                                None     -12.723      10.310      -9.957       0.686       5.625       0.458
Gaia DR3 4068259066649105920 264.6264671 -24.5172325 19.881  2.672       2.145  73.2348  72.4541    66.48      nan      nan   16.788  nan      nan    nan   1.117     nan                                None       2.891      -7.115      -3.392       1.389      -2.851       1.014
Gaia DR3 4060917215078103808 264.7738290 -27.3605308    nan    nan       2.983  70.8861  72.4609    66.50      nan      nan   15.853  nan      nan    nan   1.637     nan                                None       2.217       4.321      -3.040       1.531      -4.148       0.826
Gaia DR3 4062536864437266944 269.2690102 -29.0207183 18.492  1.962       2.278  67.1381  72.5082    66.32      nan      nan   14.526  nan      nan    nan   1.945     nan                                None     -12.301       9.665     -16.044       0.632       3.779       0.404
Gaia DR3 4061068775876633216 265.3057899 -26.7123011 20.089  3.736       2.836  71.1139  72.5110    66.51      nan      nan   15.918  nan      nan    nan   1.205     nan                                None       0.366       1.817      -7.248       1.434      -3.892       0.986
Gaia DR3 4044097947257801216 269.9501279 -31.1724021 19.140  1.697       2.204  65.0958  72.5244    66.11      nan      nan   13.889  nan      nan    nan   2.508     nan                                None     -13.834      16.451     -15.592       1.165      10.242       0.745
Gaia DR3 4117348343761622400 265.5585000 -21.5791200 19.940  3.726       1.885  75.0818  72.5300    66.29      nan      nan   17.544  nan      nan    nan   1.238     nan                                None      -0.571     -20.029      -1.324       1.025     -13.098       0.765
Gaia DR3 4062552356392606208 269.0149372 -28.9157790 18.377  2.187       1.216  67.3588  72.5441    66.34      nan      nan   14.585  nan      nan    nan   2.074     nan                                None     -11.539       9.356     -14.087       0.707       6.619       0.477
Gaia DR3 4062666228906807936 269.1726785 -28.0962028 19.184  2.546       2.112  67.9138  72.5794    66.37      nan      nan   14.754  nan      nan    nan   1.044     nan                                None     -12.183       6.495      -9.292       0.648       0.598       0.411
Gaia DR3 4044180101333196032 269.4755869 -30.8178079 19.643    nan       2.831  65.6279  72.5908    66.17      nan      nan   14.028  nan      nan    nan   1.289     nan                                None     -12.514      15.461     -10.774       0.921       7.271       0.581
Gaia DR3 4062272187079896192 269.7961594 -29.5880643 18.936  1.739       2.747  66.4079  72.5947    66.25      nan      nan   14.265  nan      nan    nan   1.585     nan                                None     -13.728      11.409     -10.588       0.659       3.767       0.466
Gaia DR3 4050235421112671104 270.2941873 -29.9629813 19.359  1.766       2.826  65.8444  72.6072    66.19      nan      nan   14.088  nan      nan    nan   1.814     nan                                None     -15.093      12.493     -14.179       0.931       4.151       0.663
Gaia DR3 4050304488327788544 271.3175224 -29.6676094 19.087  1.218       2.428  65.5121  72.6174    66.12      nan      nan   13.985  nan      nan    nan   2.710     nan                                None     -18.112      11.248     -13.099       1.197       6.140       0.734
Gaia DR3 4068725152066833152 266.5685412 -23.7402996 18.940  2.399       2.572  72.7922  72.6614    66.44      nan      nan   16.507  nan      nan    nan   2.755     nan                                None      -4.199     -10.143      -1.648       0.775      -1.564       0.639
Gaia DR3 4060678071283670784 265.8334516 -27.6204394 19.180  3.747       1.180  70.1077  72.6664    66.49      nan      nan   15.481  nan      nan    nan   2.556     nan                                None      -1.438       5.207      -1.106       0.932       1.370       0.579
Gaia DR3 4064579482181038208 272.6423935 -26.6843743 19.584  2.296       1.134  67.0978  72.7201    66.09      nan      nan   14.441  nan      nan    nan   1.377     nan                                None     -22.877       0.901     -19.443       0.960       1.248       0.845
Gaia DR3 4110882562516284160 260.6950529 -24.6471205 20.150  1.994       1.763  75.2512  72.7356    66.30      nan      nan   17.508  nan      nan    nan   1.380     nan                                None      18.112      -7.166      18.460       1.733      -0.668       1.077
Gaia DR3 4067954330018016896 265.4787048 -25.3491887 20.116  2.780       2.189  72.1054  72.7491    66.51      nan      nan   16.195  nan      nan    nan   1.368     nan                                None      -0.243      -3.557      -7.633       1.141      -2.445       0.716
Gaia DR3 4062349393678156544 269.4885833 -29.1540671 18.989    nan       1.890  66.9140  72.7528    66.30      nan      nan   14.372  nan      nan    nan   1.975     nan                                None     -12.862      10.007      -7.146       0.947      10.345       0.739
Gaia DR3 4062530817061443328 269.3717212 -29.1935567 19.274  1.013       2.509  66.9471  72.7678    66.30      nan      nan   14.377  nan      nan    nan   1.278     nan                                None     -12.499      10.162      -7.012       1.016       4.898       0.746
Gaia DR3 4062765253586154368 269.4322410 -27.8380456 19.671  2.114       1.941  67.9736  72.7695    66.36      nan      nan   14.707  nan      nan    nan   1.187     nan                                None     -12.981       5.520      -9.342       0.834       0.728       0.525
Gaia DR3 3124450070591418752  93.9000946   1.7194011 13.115  2.422       1.687  93.5447  72.7795   -59.86      nan      nan   28.819  nan      nan    nan   1.233     nan                                None      53.541    -167.973      43.946       0.019    -164.367       0.015
Gaia DR3 4056606820329771520 268.4319644 -28.9014353 19.136    nan       2.957  67.6881  72.7831    66.37      nan      nan   14.609  nan      nan    nan   1.013     nan                                None      -9.691       9.373     -10.976       0.617       0.358       0.498
Gaia DR3 3124450070595097472  93.9014104   1.7193601 10.195  1.577       1.362  93.5454  72.7857   -59.86      nan      nan   28.809  nan      nan    nan   1.065     nan                                None      53.532    -167.919      45.452       0.020    -169.684       0.016
Gaia DR3 4060114124956994816 264.4605864 -29.0146487 18.947    nan       0.979  69.7421  72.7882    66.43      nan      nan   15.303  nan      nan    nan   2.970     nan                                None       3.192      10.358       2.703       1.031       7.238       0.731
Gaia DR3 4062533699048920064 269.2476155 -29.1328085 19.683    nan       2.919  67.0623  72.7901    66.31      nan      nan   14.406  nan      nan    nan   1.697     nan                                None     -12.132       9.982      -3.564       1.460       7.708       0.782
Gaia DR3 4055758272149154432 267.8804090 -31.0339574 20.172  2.446       2.328  66.3227  72.8053    66.23      nan      nan   14.171  nan      nan    nan   1.066     nan                                None      -7.685      16.511      -5.034       1.493      10.081       0.789
Gaia DR3 4060267811684463104 265.0626702 -28.2761342 18.680  4.433       0.622  70.0042  72.8220    66.47      nan      nan   15.382  nan      nan    nan   2.586     nan                                None       1.175       7.644       1.260       0.849       5.630       0.573
Gaia DR3 4062477559552744448 270.1440024 -28.6735549 18.130  1.801       2.037  66.9295  72.8293    66.28      nan      nan   14.351  nan      nan    nan   1.327     nan                                None     -14.904       8.233     -15.279       0.437       2.083       0.338
Gaia DR3 4043901551117019904 270.2268929 -31.4124269 19.146  2.029       2.617  64.7602  72.8734    66.06      nan      nan   13.687  nan      nan    nan   2.362     nan                                None     -14.462      16.976     -17.288       1.292       9.973       0.784
Gaia DR3 4059632744977999232 262.4415699 -28.5513138 19.170  2.689       2.657  71.1843  72.8828    66.39      nan      nan   15.787  nan      nan    nan   2.067     nan                                None      10.290       8.782       1.569       1.037       7.326       0.664
Gaia DR3 4068319917649655168 265.6601341 -24.2674162 19.026  2.431       2.316  72.8701  72.8848    66.47      nan      nan   16.435  nan      nan    nan   3.251     nan                                None      -0.901      -7.963      -7.055       0.992      -2.813       0.870
Gaia DR3 4055026409696051456 263.9894491 -32.0314388 14.784  2.765       2.920  67.6129  72.8896    66.16      nan      nan   14.548  nan      nan    nan   1.078     nan                                None       4.540      20.547       4.019       0.042      11.608       0.027
Gaia DR3 4068021640693446784 266.4231222 -25.1743244 19.515  3.242       0.613  71.7287  72.8945    66.49      nan      nan   15.987  nan      nan    nan   2.012     nan                                None      -3.556      -4.209      -1.591       1.047      -3.573       0.738
Gaia DR3 4061026101132316160 266.3358704 -26.6415773 19.677    nan       2.279  70.6106  72.8963    66.51      nan      nan   15.571  nan      nan    nan   1.492     nan                                None      -3.165       1.497      -8.162       1.004      -4.072       0.612
Gaia DR3 4063378574972873216 268.4460241 -28.4558227 19.328  2.482       0.839  68.0295  72.9290    66.39      nan      nan   14.670  nan      nan    nan   1.274     nan                                None      -9.776       7.813     -10.069       1.067       5.235       0.586
Gaia DR3 4068792432795619456 266.1246957 -23.5627563 19.010  1.974       2.231  73.1785  72.9295    66.44      nan      nan   16.537  nan      nan    nan   1.890     nan                                None      -2.594     -10.869       0.307       0.891      -3.651       0.653
Gaia DR3 4063395686057112064 268.3542539 -28.2777180 19.304    nan       1.890  68.2193  72.9323    66.40      nan      nan   14.731  nan      nan    nan   1.568     nan                                None      -9.520       7.211      -6.288       0.955       2.314       0.670
Gaia DR3 4062609122933998720 269.0739240 -28.6872151 19.308    nan       2.781  67.5053  72.9470    66.35      nan      nan   14.494  nan      nan    nan   2.450     nan                                None     -11.655       8.483      -3.167       0.940       8.060       0.760
Gaia DR3 4118095698074968832 264.6585447 -21.0975510 20.243    nan       2.562  75.9664  72.9586    66.24      nan      nan   17.704  nan      nan    nan   1.077     nan                                None       2.924     -22.299      11.900       1.016     -19.006       0.772
Gaia DR3 4062558541210017152 269.3399423 -28.7783535 19.400  1.790       1.522  67.2885  72.9618    66.33      nan      nan   14.420  nan      nan    nan   1.876     nan                                None     -12.436       8.734      -9.363       1.180       5.274       0.715
Gaia DR3 4050376128416647040 270.9964247 -29.2792461 18.619  1.233       1.789  65.9898  72.9806    66.17      nan      nan   14.015  nan      nan    nan   1.531     nan                                None     -17.168       9.996     -12.024       0.569       8.785       0.401
Gaia DR3 4056253670973304064 269.3636025 -29.9851297 19.672  2.108       2.664  66.3351  73.0357    66.25      nan      nan   14.102  nan      nan    nan   2.005     nan                                None     -12.234      12.692      -8.300       1.892       5.818       0.968
Gaia DR3 4110768625647944448 260.2297207 -25.1588492 20.278  2.263       2.053  75.0848  73.0445    66.28      nan      nan   17.272  nan      nan    nan   1.116     nan                                None      19.627      -4.976      12.257       1.797      -3.722       1.287
Gaia DR3 4056379354544948352 268.2563363 -30.0664091 19.126  1.891       2.431  66.8733  73.0727    66.30      nan      nan   14.254  nan      nan    nan   1.447     nan                                None      -8.906      13.215      -6.649       0.758       6.269       0.603
Gaia DR3 4068594658053782144 267.9224588 -23.6369344 19.105    nan       2.417  72.1267  73.0982    66.39      nan      nan   16.050  nan      nan    nan   1.315     nan                                None      -8.852     -10.329     -12.300       0.727      -2.913       0.555
Gaia DR3 4062600739155811200 268.9217630 -28.8311085 19.054  2.337       1.836  67.4759  73.1010    66.35      nan      nan   14.433  nan      nan    nan   1.195     nan                                None     -11.124       8.969      -6.604       0.613       5.686       0.403
Gaia DR3 6449556542193090944 313.8556450 -64.5673609 17.864  3.178       2.170  24.6271  73.1098    43.56      nan      nan    8.022  nan      nan    nan   0.989     nan                                None     -75.548      39.101     -71.948       0.056      39.811       0.082
Gaia DR3 4056467525893438208 267.7384827 -29.5204300 20.181    nan       2.908  67.5803  73.1200    66.36      nan      nan   14.460  nan      nan    nan   1.389     nan                                None      -7.392      11.514      -4.624       1.602       3.092       1.139
Gaia DR3 4062660692790823936 269.2916011 -28.2437741 19.426  1.854       2.447  67.7330  73.1230    66.35      nan      nan   14.507  nan      nan    nan   1.260     nan                                None     -12.357       6.898      -6.573       1.224       2.148       0.891
Gaia DR3 4063187805462472320 270.1567290 -27.1516823 19.797    nan       1.047  68.1125  73.1425    66.32      nan      nan   14.622  nan      nan    nan   1.266     nan                                None     -15.226       2.955     -14.758       1.444      -0.239       0.885
Gaia DR3 4062341387571210240 269.3871832 -29.2375788 19.480  1.944       0.846  66.9043  73.1736    66.30      nan      nan   14.231  nan      nan    nan   1.244     nan                                None     -12.420      10.210     -14.123       1.181       8.328       0.648
Gaia DR3 4066657249910531712 273.4056944 -22.6526959 19.836    nan       2.814  69.8367  73.1895    65.85      nan      nan   15.182  nan      nan    nan   1.302     nan                                None     -26.574     -14.066     -17.801       1.119     -12.036       0.812
Gaia DR3 4117267598368219904 265.0156020 -21.6434618 20.151  1.698       2.430  75.3296  73.2016    66.30      nan      nan   17.296  nan      nan    nan   2.159     nan                                None       1.500     -19.475       3.358       1.730     -10.811       1.248
Gaia DR3 4116446228859170304 265.2697392 -23.6255039 19.800    nan       1.841  73.5977  73.2488    66.44      nan      nan   16.556  nan      nan    nan   1.509     nan                                None       0.512     -10.621       1.005       0.894      -4.214       0.655
Gaia DR3 4057452860115654656 267.7107932 -28.1479303 19.697  3.178       2.196  68.6721  73.2509    66.43      nan      nan   14.767  nan      nan    nan   1.440     nan                                None      -7.459       6.806      -9.903       1.256       0.420       0.809
Gaia DR3 4056582455049911424 268.5801435 -29.2804882 19.069  2.111       1.443  67.3109  73.2563    66.34      nan      nan   14.330  nan      nan    nan   1.407     nan                                None      -9.971      10.509      -6.990       0.818       7.328       0.473
Gaia DR3 4061828985047761408 265.1471249 -26.3837330 19.404  3.007       2.509  71.4613  73.2712    66.51      nan      nan   15.728  nan      nan    nan   2.217     nan                                None       0.910       0.529      -1.417       0.953      -7.457       0.697
Gaia DR3 4050166705734330880 270.4310993 -30.3501501 19.356    nan       2.699  65.4696  73.2920    66.15      nan      nan   13.768  nan      nan    nan   1.347     nan                                None     -15.163      13.490     -15.918       0.900       5.692       0.569
Gaia DR3 4065148097230377088 274.1183361 -25.2060092 19.807    nan       2.104  67.4260  73.2930    65.88      nan      nan   14.354  nan      nan    nan   2.022     nan                                None     -27.348      -4.542     -22.025       1.630      -8.033       1.189
Gaia DR3 4050716526050232064 272.2679907 -29.0477327 19.308  1.092       2.450  65.4679  73.3142    66.06      nan      nan   13.761  nan      nan    nan   2.672     nan                                None     -20.677       8.836     -20.214       1.354       1.744       0.895
Gaia DR3 4116962827460712320 265.8684561 -22.4592803 19.796  2.043       2.376  74.2036  73.3252    66.37      nan      nan   16.764  nan      nan    nan   2.164     nan                                None      -1.686     -15.537       5.782       1.331     -11.695       0.915
Gaia DR3 4062323554978454016 269.5325651 -29.4546746 19.262  1.879       0.613  66.6557  73.3255    66.27      nan      nan   14.107  nan      nan    nan   1.641     nan                                None     -12.761      10.853     -11.529       1.060       9.511       0.659
Gaia DR3 4063127817527233664 271.0292132 -27.5250926 19.143    nan       2.478  67.3378  73.3772    66.24      nan      nan   14.299  nan      nan    nan   1.771     nan                                None     -17.618       4.079     -11.104       1.164       0.426       0.761
Gaia DR3 4050733641530061184 272.1473329 -28.8829101 19.169    nan       2.682  65.6623  73.3798    66.08      nan      nan   13.797  nan      nan    nan   2.333     nan                                None     -20.369       8.327     -16.250       0.850       1.702       0.662
Gaia DR3 4062883554253908992 271.0879919 -28.1433639 18.541    nan       2.434  66.8228  73.3863    66.22      nan      nan   14.139  nan      nan    nan   2.830     nan                                None     -17.602       6.156     -11.688       0.860       1.952       0.633
Gaia DR3 4067878051346493568 265.7921552 -25.8353466 19.691  2.730       2.601  71.5473  73.4235    66.51      nan      nan   15.697  nan      nan    nan   1.187     nan                                None      -1.316      -1.581      -9.560       0.873       0.888       0.564
Gaia DR3 4068019201236320000 266.5040966 -25.1387662 19.712  3.300       2.638  71.7126  73.4390    66.49      nan      nan   15.751  nan      nan    nan   1.533     nan                                None      -3.783      -4.286      -3.963       1.060       4.470       0.838
Gaia DR3 4067110179957375872 266.1230273 -26.0236488 18.059    nan       2.706  71.2171  73.4467    66.51      nan      nan   15.568  nan      nan    nan   1.774     nan                                None      -2.436      -0.855      -8.029       0.673      -7.753       0.500
Gaia DR3 4180762608077527040 290.4231666 -17.2456068  7.286  0.627       2.525  64.3650  73.4565    60.35      nan      nan   13.411  nan      nan    nan   0.966     nan                                None     -71.359     -34.130     -75.205       0.026     -40.144       0.021
Gaia DR3 4067905814022426368 265.9034415 -25.4411370 19.647    nan       2.594  71.8004  73.4573    66.51      nan      nan   15.775  nan      nan    nan   1.584     nan                                None      -1.708      -3.113       5.093       1.342       2.192       0.850
Gaia DR3 4062912790252388864 270.9954863 -27.7465417 19.013  2.258       1.684  67.1835  73.4710    66.24      nan      nan   14.221  nan      nan    nan   2.117     nan                                None     -17.418       4.829     -14.669       0.880       0.596       0.645
Gaia DR3 4064629613059341568 272.5917931 -26.1992766 19.267    nan       2.858  67.5052  73.5136    66.09      nan      nan   14.306  nan      nan    nan   1.559     nan                                None     -22.506      -0.787     -21.212       0.888      -9.308       0.607
Gaia DR3 4060481808451462528 264.8749111 -27.7807088 18.827  2.666       1.608  70.4980  73.5186    66.49      nan      nan   15.285  nan      nan    nan   2.523     nan                                None       1.798       5.740      -1.152       0.583      10.000       0.400
Gaia DR3 4056351493069542400 268.0859923 -30.3020181 19.396  2.129       2.214  66.7818  73.5311    66.29      nan      nan   14.081  nan      nan    nan   2.296     nan                                None      -8.272      13.877      -4.224       1.375       8.699       0.740
Gaia DR3 4050233741659716352 270.2891599 -30.0559229 18.876    nan       2.903  65.7751  73.5362    66.18      nan      nan   13.783  nan      nan    nan   2.308     nan                                None     -14.752      12.536     -16.767       0.868       4.343       0.584
Gaia DR3 4095056359580563328 271.9224278 -19.9329050 17.317  0.179       2.747  72.8366  73.5369    65.75      nan      nan   16.129  nan      nan    nan   1.153     nan                                None     -23.019     -25.331     -17.836       0.171     -17.561       0.126
Gaia DR3 4044187699084777216 269.4160145 -30.5999943 19.058  2.039       2.076  65.8291  73.6198    66.20      nan      nan   13.774  nan      nan    nan   2.766     nan                                None     -12.109      14.457     -17.472       1.052      11.704       0.663
Gaia DR3 4116338476621000832 264.8287069 -24.0243536 19.259  2.361       0.537  73.5194  73.6315    66.46      nan      nan   16.349  nan      nan    nan   2.805     nan                                None       2.089      -8.897       3.881       1.009      -8.440       0.627
Gaia DR3 4061933473070450304 265.2070257 -25.7435562 20.335    nan       2.171  71.9389  73.6559    66.51      nan      nan   15.744  nan      nan    nan   1.311     nan                                None       0.703      -1.938      -3.797       1.687      -7.567       1.225
Gaia DR3 4065774788741592192 272.3488806 -25.0376763 19.732    nan       2.035  68.5519  73.6594    66.10      nan      nan   14.586  nan      nan    nan   1.332     nan                                None     -22.175      -4.885     -19.872       1.228     -10.703       0.954
Gaia DR3 4110953790195023616 259.7702350 -24.9574501 20.239  2.016       0.617  75.4920  73.6652    66.23      nan      nan   17.127  nan      nan    nan   1.969     nan                                None      21.183      -5.845      20.205       1.987      -7.846       1.330
Gaia DR3 4118170297342153984 265.5996880 -20.7193566 19.250  1.838       2.681  75.7511  73.6652    66.20      nan      nan   17.236  nan      nan    nan   1.264     nan                                None      -0.716     -23.292       5.349       0.855     -15.668       0.416
Gaia DR3 4063375791747749888 268.7121034 -28.4729836 19.040  2.870       1.260  67.8707  73.7222    66.38      nan      nan   14.351  nan      nan    nan   2.906     nan                                None     -10.401       7.681     -10.191       0.854       3.875       0.498
Gaia DR3 4062769956757136512 269.7246130 -27.7532549 19.504    nan       0.928  67.8793  73.7522    66.34      nan      nan   14.344  nan      nan    nan   1.792     nan                                None     -13.579       5.056     -11.117       1.318       3.709       0.956
Gaia DR3 4065668960775806720 271.9288872 -25.3959086 19.885    nan       1.994  68.5055  73.7557    66.16      nan      nan   14.539  nan      nan    nan   1.201     nan                                None     -20.771      -3.534     -14.974       1.134      -1.596       0.833
Gaia DR3 4056316441928473088 269.4344322 -29.6096566 19.178    nan       2.812  66.5886  73.7622    66.27      nan      nan   13.952  nan      nan    nan   2.040     nan                                None     -12.321      11.272     -11.550       1.076       3.036       0.696
Gaia DR3 4067133750743755648 266.0871094 -25.7943440 19.288  2.714       2.211  71.4190  73.7801    66.51      nan      nan   15.507  nan      nan    nan   2.585     nan                                None      -2.305      -1.721      -4.681       1.195      -8.546       0.684
Gaia DR3 4049964666359068416 270.9401560 -30.4964811 19.516  1.801       2.780  65.0781  73.7842    66.09      nan      nan   13.515  nan      nan    nan   2.210     nan                                None     -16.390      13.653     -13.558       1.020       6.256       0.653
Gaia DR3 4063171106517966336 270.5669355 -27.3700739 19.621    nan       2.805  67.7147  73.8119    66.29      nan      nan   14.274  nan      nan    nan   1.491     nan                                None     -16.145       3.595      -7.772       0.999       4.669       0.693
Gaia DR3 4068236560904776064 264.7249511 -24.6788787 20.321  2.094       2.705  73.0517  73.8176    66.48      nan      nan   16.088  nan      nan    nan   1.128     nan                                None       2.422      -6.180      -4.110       1.623       0.262       1.113
Gaia DR3 4050380522328325760 270.9097316 -29.1963830 18.163  1.402       2.500  66.1018  73.8631    66.19      nan      nan   13.781  nan      nan    nan   2.093     nan                                None     -16.620       9.563     -10.528       0.644       5.610       0.397
Gaia DR3 4050241919282912128 270.3470665 -29.8919599 18.671    nan       1.078  65.8706  73.8724    66.19      nan      nan   13.712  nan      nan    nan   2.048     nan                                None     -14.849      11.915     -16.967       0.928       9.628       0.601
Gaia DR3 5203593882605935104 147.2377731 -76.7523061 20.510  2.278       1.965  46.7695  73.8832    22.18      nan      nan    9.909  nan      nan    nan   1.150     nan                                None     109.931     -71.401     106.476       0.964     -69.184       0.961
Gaia DR3 4064579172943606784 272.6147194 -26.6812209 19.405  1.778       2.107  67.1157  73.8955    66.09      nan      nan   14.067  nan      nan    nan   1.641     nan                                None     -22.200       0.872     -17.078       0.996      -2.706       0.637
Gaia DR3 4060456828915375744 264.8236385 -28.0495586 19.273    nan       2.519  70.3123  73.9125    66.48      nan      nan   15.074  nan      nan    nan   1.774     nan                                None       1.943       6.652       0.492       1.273      -1.220       0.605
Gaia DR3 4060882271202350720 265.4770132 -27.3402446 20.301    nan       0.332  70.5226  73.9237    66.50      nan      nan   15.141  nan      nan    nan   1.826     nan                                None      -0.221       4.057      -0.981       1.199       3.316       0.720
Gaia DR3 4062555036453300864 269.2855772 -28.9204838 19.224    nan       2.603  67.2073  73.9673    66.32      nan      nan   14.072  nan      nan    nan   1.146     nan                                None     -11.968       9.017      -7.456       0.776       2.751       0.490
Gaia DR3 4064821233033354624 272.3284719 -26.0918937 19.590  0.861       2.943  67.7363  74.0626    66.12      nan      nan   14.200  nan      nan    nan   1.674     nan                                None     -21.525      -1.108     -14.463       1.447       4.159       1.000
Gaia DR3 4068255321312944768 264.7988242 -24.5407520 19.894  2.338       2.601  73.1221  74.1135    66.48      nan      nan   15.987  nan      nan    nan   1.188     nan                                None       2.148      -6.680       0.589       1.424       1.947       1.009
Gaia DR3 4110049441918943232 260.9550120 -25.3205024 19.863  1.952       2.536  74.5681  74.1198    66.34      nan      nan   16.535  nan      nan    nan   1.747     nan                                None      16.165      -4.017       8.208       1.552      -7.867       1.174
Gaia DR3 4116746464194910208 264.3350185 -22.7670280 20.202    nan       2.136  74.7991  74.1869    66.38      nan      nan   16.594  nan      nan    nan   1.184     nan                                None       3.920     -14.144      -0.486       1.053      -8.107       0.614
Gaia DR3 4064653561751523968 273.6483070 -26.2587640 19.209  1.744       2.519  66.8672  74.2013    65.96      nan      nan   13.900  nan      nan    nan   1.859     nan                                None     -25.064      -0.755     -18.299       0.865      -3.705       0.611
Gaia DR3 4050788376587516928 272.0613573 -28.6494714 18.221  1.610       2.720  65.8910  74.2138    66.10      nan      nan   13.619  nan      nan    nan   3.232     nan                                None     -19.850       7.460     -12.663       0.770       4.405       0.556
Gaia DR3 4063424617044793216 269.1161428 -27.8666460 19.744  2.682       1.702  68.1247  74.2410    66.38      nan      nan   14.261  nan      nan    nan   1.670     nan                                None     -11.599       5.483     -12.751       1.108       0.497       0.717
Gaia DR3 4060671680372420480 265.7372401 -27.6955371 19.288  4.055       1.608  70.1002  74.2451    66.49      nan      nan   14.883  nan      nan    nan   2.850     nan                                None      -1.068       5.281      -5.415       1.269       7.840       0.727
Gaia DR3 4063968222366838784 269.9012418 -26.7617018 19.077  3.657       0.385  68.5597  74.2514    66.35      nan      nan   14.391  nan      nan    nan   2.571     nan                                None     -14.180       1.567     -13.434       0.842       0.667       0.600
Gaia DR3 4062530301665990912 269.2885413 -29.1909569 19.477  2.078       2.397  66.9946  74.2536    66.31      nan      nan   13.921  nan      nan    nan   1.689     nan                                None     -11.849       9.840     -18.047       1.397       6.516       0.797
Gaia DR3 4068724400421240576 266.5136733 -23.8061207 20.085  1.622       2.873  72.7699  74.2898    66.44      nan      nan   15.785  nan      nan    nan   1.460     nan                                None      -3.825      -9.444       0.659       1.309      -1.000       1.076
Gaia DR3 4062623279155408640 268.7497891 -28.5719802 19.449  3.117       2.436  67.7726  74.3046    66.37      nan      nan   14.135  nan      nan    nan   1.265     nan                                None     -10.361       7.904      -9.936       1.222       0.659       0.773
Gaia DR3 4056546862490940672 268.9376111 -29.0060518 18.922  2.163       1.801  67.3305  74.3052    66.34      nan      nan   14.004  nan      nan    nan   1.402     nan                                None     -10.842       9.299     -14.947       0.571       5.921       0.395
Gaia DR3 4063032430758479360 272.0201275 -27.2922300 19.090  2.038       1.836  66.9700  74.3086    66.15      nan      nan   13.898  nan      nan    nan   2.493     nan                                None     -20.131       3.027     -15.516       1.231       5.792       0.780
Gaia DR3 4068174026223355264 265.3246338 -24.8566874 20.499    nan       1.981  72.5826  74.3163    66.49      nan      nan   15.706  nan      nan    nan   1.379     nan                                None       0.296      -5.344      -5.462       2.051      -8.483       1.350
Gaia DR3 4052522890533634304 273.2534622 -27.0007369 18.401    nan       1.879  66.5098  74.3189    66.01      nan      nan   13.763  nan      nan    nan   2.161     nan                                None     -23.634       1.808     -18.188       0.640       1.595       0.468
Gaia DR3 4063078442672343296 271.8096607 -26.9911716 19.267    nan       2.808  67.3220  74.3237    66.18      nan      nan   13.996  nan      nan    nan   1.925     nan                                None     -19.630       2.056     -13.860       1.225      -3.888       0.713
Gaia DR3 4117127960395533568 266.5589769 -21.6091328 20.424    nan       2.815  74.5039  74.3311    66.28      nan      nan   16.414  nan      nan    nan   1.081     nan                                None      -4.140     -18.633       0.789       1.515     -10.233       0.899
Gaia DR3 4061041081988274560 265.8852203 -26.5115019 20.037  2.683       1.096  70.9590  74.3333    66.51      nan      nan   15.136  nan      nan    nan   1.246     nan                                None      -1.578       0.981      -5.072       1.191       0.864       0.839
Gaia DR3 4050294829036503296 271.5911531 -29.6962927 19.223 -0.618       2.366  65.3394  74.3634    66.09      nan      nan   13.426  nan      nan    nan   2.250     nan                                None     -18.190      10.850     -14.180       0.832       5.486       0.560
Gaia DR3 4062893862204910208 271.1299667 -27.9690954 18.747  1.607       1.586  66.9355  74.3818    66.22      nan      nan   13.866  nan      nan    nan   3.056     nan                                None     -17.390       5.442     -12.923       1.145       4.204       0.760
Gaia DR3 4065029624773658240 272.9628577 -25.0941180 19.841  2.383       2.277  68.1633  74.4245    66.03      nan      nan   14.214  nan      nan    nan   1.263     nan                                None     -23.510      -4.668     -23.552       1.152     -11.489       0.797
Gaia DR3 4068309227578371072 265.9653442 -24.3389526 19.685  3.774       1.109  72.6456  74.4295    66.47      nan      nan   15.683  nan      nan    nan   1.197     nan                                None      -1.911      -7.327      -1.105       1.188      -3.750       0.931
Gaia DR3 4061101692568932608 265.9585897 -26.2035134 19.329    nan       2.863  71.1638  74.4449    66.51      nan      nan   15.163  nan      nan    nan   1.176     nan                                None      -1.826      -0.162      -9.322       0.839       5.087       0.592
Gaia DR3 4067066439980208768 266.4446303 -26.0174633 20.163    nan       0.469  71.0465  74.4780    66.50      nan      nan   15.112  nan      nan    nan   1.503     nan                                None      -3.432      -0.860      -2.924       1.611      -2.264       0.828
Gaia DR3 4068723782012556160 266.6400250 -23.7940337 20.078  1.899       2.475  72.7099  74.4824    66.44      nan      nan   15.685  nan      nan    nan   1.782     nan                                None      -4.236      -9.434      -9.269       1.630      -2.982       0.854
Gaia DR3 4058388407042146560 262.9088337 -30.6995530 19.878    nan       2.134  69.2305  74.5115    66.26      nan      nan   14.513  nan      nan    nan   1.217     nan                                None       7.972      15.723       5.381       1.526       9.731       1.292
Gaia DR3 4119741327678844288 265.5692550 -20.2453940 20.203  1.867       2.753  76.1500  74.5280    66.15      nan      nan   16.970  nan      nan    nan   1.369     nan                                None      -0.592     -24.892       7.406       1.193     -19.145       0.905
Gaia DR3 5295945540717463936 120.6870313 -55.3213910 16.306  2.848       2.570  59.6089  74.5336    -3.52      nan      nan   12.000  nan      nan    nan   1.024     nan                                None      87.216    -143.752      93.323       0.045    -141.520       0.040
Gaia DR3 4109889772211039104 260.6371278 -26.0782928 20.133  1.314       2.717  74.1254  74.5342    66.33      nan      nan   16.180  nan      nan    nan   1.152     nan                                None      16.944      -0.975       9.459       1.186      -6.439       0.828
Gaia DR3 4065108072331788544 274.8074246 -25.3334111 19.320    nan       2.276  66.9380  74.5428    65.78      nan      nan   13.819  nan      nan    nan   1.516     nan                                None     -28.394      -4.087     -21.770       1.365      -3.812       0.848
Gaia DR3 4117758289712199040 262.3799368 -21.9373910 20.463  1.989       2.072  76.5361  74.5499    66.25      nan      nan   17.116  nan      nan    nan   1.297     nan                                None      11.387     -18.155      17.653       2.236     -14.079       1.347
Gaia DR3 4161416632295254272 263.9414811 -13.8931310  8.953  0.964       1.856  82.2144  74.5653    64.95      nan      nan   19.669  nan      nan    nan   0.791     nan                                None       6.345     -59.060      13.548       0.019     -56.346       0.012
Gaia DR3 4061898323045115904 264.7697085 -26.1465139 19.907  2.526       1.943  71.8549  74.5749    66.51      nan      nan   15.349  nan      nan    nan   1.250     nan                                None       2.160      -0.379      -3.080       0.786       3.094       0.450
Gaia DR3 4068208523325979904 265.6067786 -24.5989281 19.895  2.117       0.625  72.6343  74.5885    66.49      nan      nan   15.615  nan      nan    nan   2.030     nan                                None      -0.673      -6.298      -0.047       1.380      -8.259       0.940
Gaia DR3 5865788710513220736 204.9038798 -61.4318626 17.765  0.451       2.203  62.1133  74.6075    39.88      nan      nan   12.548  nan      nan    nan   1.266     nan                                None     137.449      31.046     136.975       0.092      36.853       0.096
Gaia DR3 4050867128999070976 272.7364815 -28.3375405 18.174  1.394       0.882  65.7587  74.6141    66.04      nan      nan   13.470  nan      nan    nan   5.587     nan                                None     -21.616       6.241     -19.134       1.429       5.900       1.015
Gaia DR3 4062370632080695040 269.8542081 -29.0739394 18.703  1.765       1.142  66.7764  74.6354    66.28      nan      nan   13.746  nan      nan    nan   1.544     nan                                None     -13.403       9.263     -13.894       0.640      12.534       0.462
Gaia DR3 4063967741331497728 269.8891082 -26.7876664 19.994  2.684       2.257  68.5460  74.7051    66.35      nan      nan   14.240  nan      nan    nan   1.337     nan                                None     -13.993       1.642      -7.794       1.476      -1.093       0.869
Gaia DR3 4063172382182371456 270.5117908 -27.3364317 19.462  2.099       2.584  67.7715  74.7364    66.29      nan      nan   14.001  nan      nan    nan   1.196     nan                                None     -15.667       3.418      -8.336       0.922       1.308       0.611
Gaia DR3 4068247246777538560 264.4743213 -24.7034281 19.782    nan       2.860  73.1685  74.7379    66.48      nan      nan   15.745  nan      nan    nan   1.159     nan                                None       3.237      -5.958      -5.266       1.124      -1.738       0.540
Gaia DR3 4107420440942266496 258.6342411 -28.8118593 19.986    nan       1.395  72.9684  74.7605    66.08      nan      nan   15.665  nan      nan    nan   1.234     nan                                None      23.260       9.176      20.402       1.243       5.562       1.235
Gaia DR3 4050373616012074112 270.8084548 -29.3855920 18.267  1.448       1.543  66.0105  74.7685    66.18      nan      nan   13.496  nan      nan    nan   2.637     nan                                None     -15.977      10.001     -11.962       0.679      11.778       0.458
Gaia DR3 4052766359357211648 275.1188146 -26.6732922 19.392  1.207       2.453  65.7186  74.7898    65.75      nan      nan   13.411  nan      nan    nan   2.229     nan                                None     -28.460       0.318     -22.030       1.377      -2.277       1.118
Gaia DR3 4050835582719256832 271.8516447 -28.2837528 19.334  1.803       2.009  66.2912  74.8168    66.14      nan      nan   13.559  nan      nan    nan   1.667     nan                                None     -19.142       6.254     -14.007       0.948       3.682       0.703
Gaia DR3 4061735182982411008 264.9672952 -26.5283591 19.514    nan       2.278  71.4436  74.8308    66.51      nan      nan   15.114  nan      nan    nan   1.343     nan                                None       1.471       1.042      -5.448       0.985      -1.149       0.515
Gaia DR3 4068551948970071936 267.1821381 -23.7481053 20.082    nan       2.861  72.4476  74.8952    66.42      nan      nan   15.430  nan      nan    nan   1.400     nan                                None      -6.003      -9.473      -6.644       1.736     -18.757       1.447
Gaia DR3 4068223229306359936 265.4809937 -24.4264457 19.661  1.711       0.604  72.8410  74.9007    66.48      nan      nan   15.564  nan      nan    nan   2.000     nan                                None      -0.241      -6.934      -2.221       1.527      -6.817       0.943
Gaia DR3 5109735343811358720  58.4190928 -15.3935179 17.481  3.411       2.050  59.3796  74.9168   -43.44      nan      nan   11.874  nan      nan    nan   0.960     nan                                None     -67.817    -106.376     -64.702       0.110    -102.300       0.100
Gaia DR3 4061148353016529280 263.0242800 -28.1808662 19.616  2.719       2.642  71.1704  74.9314    66.43      nan      nan   14.987  nan      nan    nan   2.832     nan                                None       7.853       7.023       7.846       1.531      -1.325       1.002
Gaia DR3 4050294244928030720 271.5608173 -29.7416581 18.674  1.620       2.967  65.3210  74.9426    66.09      nan      nan   13.264  nan      nan    nan   1.026     nan                                None     -17.884      10.871     -12.139       0.408       4.883       0.292
Gaia DR3 4366882198342794496 260.0010020  -3.0852846 13.541  2.592       2.236  93.3079  74.9427    60.89      nan      nan   25.721  nan      nan    nan   1.128     nan                                None      30.515    -142.022      18.394       0.016    -141.738       0.012
Gaia DR3 4068537724023424768 266.8312569 -23.8793319 19.063  2.858       2.507  72.5365  74.9471    66.44      nan      nan   15.440  nan      nan    nan   2.242     nan                                None      -4.818      -8.971       3.193       1.108      -7.419       0.641
Gaia DR3 4067143130969889792 266.3808013 -25.7892671 20.016  2.407       1.528  71.2627  74.9625    66.50      nan      nan   15.006  nan      nan    nan   1.312     nan                                None      -3.198      -1.690      -5.052       1.582       2.773       0.945
Gaia DR3 4062390113974605440 270.7846875 -29.1792667 19.056  1.546       1.666  66.1838  74.9636    66.20      nan      nan   13.489  nan      nan    nan   1.391     nan                                None     -15.898       9.321     -12.474       0.704       6.049       0.496
Gaia DR3 4050167186815034368 270.4437577 -30.3068950 18.954    nan       2.257  65.4961  74.9848    66.15      nan      nan   13.299  nan      nan    nan   1.878     nan                                None     -14.683      12.888     -12.346       0.669       7.008       0.506
Gaia DR3 4050733431027269120 272.1467634 -28.8937978 18.681  1.568       2.404  65.6542  74.9917    66.08      nan      nan   13.339  nan      nan    nan   2.828     nan                                None     -19.690       8.086     -15.990       0.796       2.431       0.558
Gaia DR3 4063443961522877952 268.2627486 -28.2157306 19.441  4.131       2.414  68.3179  75.0579    66.41      nan      nan   14.062  nan      nan    nan   1.131     nan                                None      -8.806       6.678     -13.838       0.722       1.588       0.504
Gaia DR3 4064558381083934080 272.9603710 -26.5637228 19.230    nan       2.429  67.0143  75.0833    66.05      nan      nan   13.683  nan      nan    nan   4.711     nan                                None     -22.624       0.397     -15.694       1.349       1.434       0.926
Gaia DR3 4062468415614536320 270.5352194 -28.7082032 18.602    nan       1.251  66.6874  75.1019    66.24      nan      nan   13.587  nan      nan    nan   3.437     nan                                None     -15.273       7.862     -12.721       0.766       5.346       0.519
Gaia DR3 4056391384767878656 268.1573577 -30.0065715 19.631  2.590       2.725  66.9736  75.1097    66.31      nan      nan   13.664  nan      nan    nan   1.396     nan                                None      -8.241      12.475      -5.919       1.500       4.978       0.625
Gaia DR3 4061746762217100544 264.7181791 -26.5336790 19.424  3.061       2.965  71.5742  75.1117    66.51      nan      nan   15.055  nan      nan    nan   1.738     nan                                None       2.289       1.054      -5.636       0.881       6.125       0.535
Gaia DR3 4064724205401484032 273.2334582 -25.9561489 19.702    nan       1.855  67.3362  75.1376    66.01      nan      nan   13.757  nan      nan    nan   1.960     nan                                None     -23.564      -1.682     -21.460       1.134       3.270       0.913
Gaia DR3 4060688928966804864 265.5497581 -27.5461301 18.743  3.966       1.304  70.3200  75.1492    66.50      nan      nan   14.639  nan      nan    nan   2.599     nan                                None      -0.448       4.660      -1.334       1.109       8.585       0.779
Gaia DR3 4060269052965014272 265.0442549 -28.2073345 18.936  3.446       1.513  70.0686  75.1726    66.47      nan      nan   14.552  nan      nan    nan   2.074     nan                                None       1.170       6.986       1.395       0.862      11.623       0.460
Gaia DR3 4052626480847072000 273.7436037 -26.6493837 19.440    nan       2.859  66.5092  75.1841    65.95      nan      nan   13.515  nan      nan    nan   2.243     nan                                None     -24.650       0.529     -16.510       1.387       0.827       0.873
Gaia DR3 4061731506489745536 264.9316357 -26.6056155 19.826    nan       2.666  71.4014  75.1841    66.51      nan      nan   14.972  nan      nan    nan   1.127     nan                                None       1.575       1.315      -2.671       1.179       8.580       0.506
Gaia DR3 4063318750467766912 271.2703231 -26.5169452 19.450    nan       2.064  67.9930  75.1920    66.23      nan      nan   13.927  nan      nan    nan   1.474     nan                                None     -17.894       0.515     -14.961       1.311       5.818       0.881
Gaia DR3 4052603597384612864 274.4812052 -26.4278668 19.402  1.316       2.897  66.2679  75.2310    65.85      nan      nan   13.437  nan      nan    nan   1.914     nan                                None     -26.660      -0.343     -19.727       0.949       4.047       0.730
Gaia DR3 3299348148272174720  65.1571997   8.8798719 12.917    nan       1.773  83.4207  75.2489   -59.84      nan      nan   19.799  nan      nan    nan   2.151     nan                                None     -86.250     -85.293     -87.687       0.216     -78.036       0.129
Gaia DR3 4062676502400454784 270.0228704 -28.3904220 18.508  1.736       0.819  67.2170  75.2772    66.30      nan      nan   13.683  nan      nan    nan   1.457     nan                                None     -13.847       6.919     -13.744       0.651       4.558       0.442
Gaia DR3 4068956015173954304 266.5545068 -22.6078785 19.378  2.051       1.449  73.7056  75.2819    66.37      nan      nan   15.715  nan      nan    nan   1.371     nan                                None      -3.949     -14.007       0.366       0.955     -16.114       0.544
Gaia DR3 4056570192826881152 267.9370026 -29.3262854 19.233    nan       2.633  67.6247  75.2821    66.37      nan      nan   13.796  nan      nan    nan   1.496     nan                                None      -7.653      10.319     -13.537       0.872      15.218       0.637
Gaia DR3 4061179070727001856 263.0852331 -27.9448498 19.373  2.707       1.715  71.3261  75.2943    66.44      nan      nan   14.908  nan      nan    nan   3.225     nan                                None       7.612       6.129       2.368       1.411       4.888       0.844
Gaia DR3 4050293802447636864 271.6015956 -29.7528667 18.940  1.483       2.531  65.2899  75.2945    66.09      nan      nan   13.163  nan      nan    nan   3.079     nan                                None     -17.865      10.818     -14.660       1.208       4.570       0.880
Gaia DR3 4043817090609155200 270.7235876 -31.8564895 18.825  1.729       2.100  64.1484  75.3048    65.98      nan      nan   12.873  nan      nan    nan   3.049     nan                                None     -15.001      17.291     -18.974       1.080      13.207       0.769
Gaia DR3 4060874574615618688 265.0909278 -27.3079034 19.736    nan       2.283  70.7569  75.3054    66.50      nan      nan   14.723  nan      nan    nan   1.394     nan                                None       1.033       3.827      -5.970       1.087       4.894       0.662
Gaia DR3 4061873652735764352 265.5520912 -25.9599113 20.056  2.958       1.086  71.5788  75.3891    66.51      nan      nan   14.956  nan      nan    nan   2.246     nan                                None      -0.465      -1.048       1.320       1.267       1.872       0.775
Gaia DR3 4050375093500236800 271.0189308 -29.3119314 18.144  1.459       1.207  65.9520  75.3904    66.17      nan      nan   13.310  nan      nan    nan   1.772     nan                                None     -16.370       9.596     -13.182       0.565       8.456       0.487
Gaia DR3 4050785799519593728 271.9563703 -28.7543131 19.388  1.254       1.940  65.8677  75.3931    66.11      nan      nan   13.287  nan      nan    nan   1.235     nan                                None     -19.063       7.635     -19.449       0.904       2.214       0.594
Gaia DR3 4044124270868096128 269.9121927 -30.8423768 20.138    nan       2.834  65.3716  75.3940    66.14      nan      nan   13.158  nan      nan    nan   1.470     nan                                None     -12.997      14.533     -12.615       1.355       6.680       1.000
Gaia DR3 4060979509313052288 265.0150769 -26.6861119 20.004  3.101       2.167  71.2922  75.4024    66.51      nan      nan   14.859  nan      nan    nan   1.235     nan                                None       1.290       1.599      -5.458       1.105       0.850       0.561
Gaia DR3 4067147219833923456 266.6883662 -25.6820574 20.201  2.931       2.268  71.1797  75.4229    66.50      nan      nan   14.816  nan      nan    nan   1.280     nan                                None      -4.158      -2.066     -11.110       1.443      -0.695       0.994
Gaia DR3 4064245123199511168 269.2604948 -26.1694193 19.822  2.668       2.208  69.3797  75.4504    66.39      nan      nan   14.253  nan      nan    nan   1.145     nan                                None     -12.043      -0.446     -18.412       0.962      -2.300       0.561
Gaia DR3 4062266418922623232 269.8148438 -29.6928586 19.148    nan       1.902  66.3162  75.4655    66.24      nan      nan   13.386  nan      nan    nan   1.380     nan                                None     -12.937      11.046      -7.686       0.804       9.927       0.559
Gaia DR3 4143755726834531328 269.9132246 -17.8450913 10.771  1.389       2.697  75.6468  75.4820    65.62      nan      nan   16.334  nan      nan    nan   0.920     nan                                None     -16.138     -33.678      -9.771       0.020     -26.919       0.015
Gaia DR3 4062558781722804224 269.3968729 -28.7630244 18.876  2.101       2.853  67.2694  75.5019    66.32      nan      nan   13.634  nan      nan    nan   2.045     nan                                None     -11.928       8.201     -20.034       0.894       6.958       0.543
Gaia DR3 4116483749607975040 265.2855869 -23.4430001 19.419    nan       2.215  73.7353  75.5221    66.43      nan      nan   15.630  nan      nan    nan   1.688     nan                                None       0.429     -10.725      -0.450       1.038      -3.480       0.687
Gaia DR3 4063099092826503168 270.6633690 -27.7098066 19.355    nan       1.283  67.3957  75.5222    66.27      nan      nan   13.663  nan      nan    nan   1.150     nan                                None     -15.741       4.561     -14.732       0.937       1.005       0.652
Gaia DR3 4068242573847770112 264.7607513 -24.6503032 19.349  2.074       0.780  73.0551  75.5361    66.48      nan      nan   15.391  nan      nan    nan   3.064     nan                                None       2.196      -6.019       2.589       1.137      -3.518       0.795
Gaia DR3 4887062729989839616  59.8862935 -30.6424763 14.256  2.195       1.446  48.1902  75.5468   -31.33      nan      nan    9.893  nan      nan    nan   1.064     nan                                None     -53.644    -110.071     -51.935       0.013    -107.588       0.019
Gaia DR3 4063322534184080768 270.9287719 -26.6503742 19.895  2.307       1.031  68.0781  75.5549    66.26      nan      nan   13.843  nan      nan    nan   1.461     nan                                None     -16.753       1.009     -15.562       1.312       3.772       0.830
Gaia DR3 4068210722483021696 265.2545489 -24.7504169 19.787  2.239       3.000  72.7058  75.5787    66.49      nan      nan   15.258  nan      nan    nan   1.969     nan                                None       0.522      -5.588       0.230       1.800       4.056       1.114
Gaia DR3 4057323152037399680 267.8962590 -29.1592131 19.692    nan       2.979  67.7776  75.5854    66.38      nan      nan   13.750  nan      nan    nan   1.300     nan                                None      -7.505       9.726     -12.926       0.825       3.004       0.588
Gaia DR3 4068790813571664384 266.8530200 -23.0328520 19.903    nan       2.896  73.2005  75.5950    66.39      nan      nan   15.418  nan      nan    nan   1.194     nan                                None      -4.885     -12.150      -2.908       1.099      -2.947       0.808
Gaia DR3 4108334714834620544 260.4965188 -26.4396688 19.051  1.793       1.669  73.9083  75.5974    66.32      nan      nan   15.660  nan      nan    nan   2.895     nan                                None      16.881       0.420      12.856       1.185       4.184       0.884
Gaia DR3 4062506181229122432 270.9442115 -28.2423692 19.103  1.641       2.472  66.8250  75.6413    66.23      nan      nan   13.474  nan      nan    nan   1.607     nan                                None     -16.351       6.212     -12.146       0.989       0.588       0.689
Gaia DR3 4064828826629049728 272.5379092 -25.9806865 19.358    nan       0.851  67.7064  75.6554    66.10      nan      nan   13.710  nan      nan    nan   1.666     nan                                None     -21.408      -1.475     -20.420       1.321      -3.728       0.807
Gaia DR3 4063373558364418432 268.6556694 -28.5416121 18.726  2.207       1.404  67.8478  75.6745    66.38      nan      nan   13.744  nan      nan    nan   1.304     nan                                None      -9.791       7.592     -10.712       0.716       3.629       0.477
Gaia DR3 4063119326435801088 270.7047665 -27.5229553 19.065  1.708       2.666  67.5189  75.6754    66.27      nan      nan   13.653  nan      nan    nan   2.344     nan                                None     -15.854       3.930     -20.808       1.040      -1.927       0.623
Gaia DR3 4068404683174523776 265.8262706 -23.9240650 20.219  1.311       2.403  73.0535  75.6852    66.46      nan      nan   15.334  nan      nan    nan   1.083     nan                                None      -1.400      -8.719      -5.357       1.370      -2.033       1.165
Gaia DR3 4050237108916550144 270.0520505 -29.9998837 19.096    nan       0.645  65.9481  75.6988    66.20      nan      nan   13.228  nan      nan    nan   1.653     nan                                None     -13.470      11.878     -12.557       0.964      10.329       0.721
Gaia DR3 4116437123396570880 264.9696378 -23.7726608 19.593  2.242       2.927  73.6441  75.7206    66.45      nan      nan   15.521  nan      nan    nan   1.433     nan                                None       1.503      -9.400      -2.490       0.974      -0.694       0.589
Gaia DR3 4063373627088518656 268.6242805 -28.5386471 19.179  2.267       1.486  67.8673  75.7362    66.38      nan      nan   13.732  nan      nan    nan   1.656     nan                                None      -9.688       7.577     -13.603       0.875       5.797       0.557
Gaia DR3 4116993854380228480 266.4794739 -22.6352354 20.273  2.769       2.426  73.7252  75.7427    66.37      nan      nan   15.540  nan      nan    nan   1.075     nan                                None      -3.649     -13.745       1.310       1.773      -7.532       1.140
Gaia DR3 4050240098214128256 270.1899888 -29.8429899 18.995  1.731       2.549  65.9945  75.7706    66.20      nan      nan   13.221  nan      nan    nan   1.717     nan                                None     -13.863      11.350     -13.313       0.830       4.266       0.554
Gaia DR3 4068811364956141824 266.0430014 -23.3478421 19.680  2.327       2.661  73.3954  75.7726    66.43      nan      nan   15.416  nan      nan    nan   1.151     nan                                None      -2.142     -10.941      -2.016       0.755      -2.293       0.614
Gaia DR3 4063963613898370304 269.9569979 -26.8523643 19.297  3.375       2.306  68.4577  75.7749    66.34      nan      nan   13.886  nan      nan    nan   1.521     nan                                None     -13.852       1.813      -9.334       0.764      -3.204       0.533
Gaia DR3 4062528579415774848 269.3229153 -29.2602553 18.938  2.226       2.954  66.9217  75.8540    66.30      nan      nan   13.442  nan      nan    nan   1.930     nan                                None     -11.542       9.724      -3.187       0.778       9.204       0.548
Gaia DR3 4056482506741053184 268.4338076 -29.8206907 18.436    nan       1.722  66.9687  75.8848    66.31      nan      nan   13.446  nan      nan    nan   1.709     nan                                None      -8.924      11.645      -6.790       0.492       7.254       0.352
Gaia DR3 4063256559247507840 271.1976071 -26.8937618 19.197    nan       1.637  67.7382  75.8961    66.24      nan      nan   13.650  nan      nan    nan   2.386     nan                                None     -17.321       1.769     -16.216       1.381       6.348       0.871
Gaia DR3 4068077681457562368 266.6105222 -24.5545361 20.496  2.530       1.562  72.1195  75.9296    66.47      nan      nan   14.939  nan      nan    nan   1.410     nan                                None      -3.937      -6.204      -5.425       1.533      -1.516       1.043
Gaia DR3 4063101012736499200 270.8963233 -27.6899971 19.011  2.064       1.927  67.2825  75.9350    66.25      nan      nan   13.516  nan      nan    nan   1.191     nan                                None     -16.261       4.417     -12.072       0.530       7.968       0.372
Gaia DR3 4062616716438894848 268.7706315 -28.7517348 18.751  2.289       2.512  67.6205  75.9915    66.36      nan      nan   13.591  nan      nan    nan   1.750     nan                                None     -10.025       8.196      -5.332       0.818      13.651       0.685
Gaia DR3 4056265284430434048 269.6396625 -29.6991478 18.782    nan       2.484  66.4070  76.0289    66.25      nan      nan   13.259  nan      nan    nan   1.686     nan                                None     -12.306      10.980      -6.192       0.561       7.689       0.395
Gaia DR3 4063440800422642944 268.8568903 -27.7339995 19.670    nan       1.549  68.3710  76.0752    66.40      nan      nan   13.773  nan      nan    nan   1.306     nan                                None     -10.420       4.872     -12.347       1.382       0.810       0.653
Gaia DR3 4068835790464283136 266.7020604 -23.0823107 19.754    nan       2.574  73.2444  76.0817    66.40      nan      nan   15.249  nan      nan    nan   2.215     nan                                None      -4.326     -11.828       3.633       1.542      -9.561       0.973
Gaia DR3 4062482919673756800 270.2266358 -28.5497126 18.642  1.403       0.708  66.9807  76.1046    66.27      nan      nan   13.389  nan      nan    nan   1.506     nan                                None     -14.147       7.267     -12.213       0.783       6.764       0.539
Gaia DR3 4050223846051239424 270.5138086 -30.0956947 19.192  1.811       2.969  65.6214  76.1084    66.16      nan      nan   13.039  nan      nan    nan   3.210     nan                                None     -14.596      11.957     -20.416       1.138       6.235       0.676
Gaia DR3 4050810298077108864 271.8009032 -28.4164118 18.962  1.995       2.125  66.2161  76.1127    66.14      nan      nan   13.188  nan      nan    nan   2.532     nan                                None     -18.473       6.517     -14.744       0.994       1.935       0.666
Gaia DR3 4062404751185296640 270.8728235 -28.8542698 18.295    nan       2.909  66.3880  76.1376    66.21      nan      nan   13.226  nan      nan    nan   2.193     nan                                None     -15.844       8.080     -10.931       0.752       1.628       0.494
Gaia DR3 4049941030990689920 271.0600398 -30.7134848 19.543  1.385       2.608  64.8450  76.1498    66.06      nan      nan   12.837  nan      nan    nan   1.493     nan                                None     -15.903      13.629     -17.200       0.921       6.692       0.619
Gaia DR3 4060671439879298688 265.7696553 -27.7045238 20.191  3.857       2.297  70.0756  76.1709    66.49      nan      nan   14.231  nan      nan    nan   1.550     nan                                None      -1.123       5.081      -8.014       1.512       4.965       0.840
Gaia DR3 4068311121490963072 266.0021351 -24.2751325 19.495  1.781       2.357  72.6764  76.1886    66.47      nan      nan   15.025  nan      nan    nan   1.730     nan                                None      -1.953      -7.255      -0.270       1.218       0.018       0.925
Gaia DR3 4062695121156826752 269.8359477 -28.1605735 19.308  2.130       1.908  67.4993  76.2020    66.32      nan      nan   13.500  nan      nan    nan   2.675     nan                                None     -13.109       6.089     -18.504       1.332       5.466       0.799
Gaia DR3 4063542986299149056 269.3927776 -27.4456487 19.877    nan       1.095  68.3030  76.2638    66.37      nan      nan   13.700  nan      nan    nan   1.380     nan                                None     -11.974       3.833     -12.985       1.298       0.837       0.756
Gaia DR3 4060478922232805376 264.7162355 -27.9338341 19.097    nan       2.587  70.4618  76.2651    66.48      nan      nan   14.316  nan      nan    nan   1.864     nan                                None       2.183       5.910      -2.152       0.703      12.403       0.490
Gaia DR3 4118758845324072704 267.3794237 -20.8900540 19.335  2.071       2.959  74.6248  76.2885    66.19      nan      nan   15.635  nan      nan    nan   2.611     nan                                None      -6.760     -20.518      -7.435       1.012     -10.789       0.716
Gaia DR3 4062612692124534400 269.0979687 -28.6213754 19.127    nan       2.799  67.5436  76.2962    66.35      nan      nan   13.486  nan      nan    nan   1.326     nan                                None     -10.915       7.674      -3.406       0.825       5.045       0.440
Gaia DR3 4116540271432093696 265.1534308 -23.1267656 20.349    nan       1.970  74.0614  76.3030    66.41      nan      nan   15.438  nan      nan    nan   1.129     nan                                None       0.872     -11.788      -1.908       1.865      -6.009       1.352
Gaia DR3 4044094377887728512 270.0990714 -31.2302829 19.661  1.726       0.713  64.9702  76.3072    66.09      nan      nan   12.829  nan      nan    nan   2.013     nan                                None     -13.197      15.359     -13.948       1.397      13.582       0.849
Gaia DR3 4060196244716131584 265.2945797 -28.5096617 20.204    nan       1.932  69.6947  76.3080    66.46      nan      nan   14.078  nan      nan    nan   1.418     nan                                None       0.358       7.802      -1.536       1.897       2.389       0.663
Gaia DR3 4056551187636335104 268.2977119 -29.4512944 19.654    nan       2.538  67.3310  76.3133    66.34      nan      nan   13.425  nan      nan    nan   1.721     nan                                None      -8.510      10.427      -8.654       1.724       3.244       0.928
Gaia DR3 4062342594497838080 269.4170067 -29.2526359 19.054  1.953       1.587  66.8763  76.3162    66.29      nan      nan   13.305  nan      nan    nan   2.444     nan                                None     -11.699       9.592     -13.592       0.946       5.564       0.688
Gaia DR3 2925336245751402496 101.9279118 -23.1953857 10.937  1.509       2.500  77.6300  76.3331   -40.99      nan      nan   16.697  nan      nan    nan   1.148     nan                                None      59.740    -174.575      59.283       0.012    -165.788       0.017
Gaia DR3 4115209690489965440 257.8438115 -22.7301070 13.874  2.403       2.816  78.3282  76.3411    65.91      nan      nan   16.960  nan      nan    nan   1.095     nan                                None      28.105     -15.312      35.033       0.024      -8.008       0.015
Gaia DR3 4050525898398803840 272.5230368 -29.0940601 18.945  1.510       2.446  65.2909  76.3484    66.03      nan      nan   12.897  nan      nan    nan   2.019     nan                                None     -20.096       8.384     -15.206       0.995       3.877       0.679
Gaia DR3 2756854230727838976 355.2245389   6.4629667 15.992  2.995       2.604  61.4338  76.3797    -3.12      nan      nan   12.010  nan      nan    nan   1.181     nan                                None    -151.139     -74.103    -149.502       0.067     -80.489       0.039
Gaia DR3 4068004112973949312 265.5246302 -24.9910959 19.868  2.271       1.208  72.3661  76.3924    66.50      nan      nan   14.855  nan      nan    nan   1.502     nan                                None      -0.373      -4.565      -0.544       1.212      -0.787       0.828
Gaia DR3 4056396366930831104 268.0173637 -29.9516645 19.915    nan       1.920  67.0922  76.4024    66.32      nan      nan   13.338  nan      nan    nan   1.267     nan                                None      -7.635      12.009      -8.862       1.145       6.751       0.693
Gaia DR3 4063146715446326784 270.9761625 -27.2949930 17.706    nan       2.921  67.5470  76.4188    66.25      nan      nan   13.453  nan      nan    nan   2.640     nan                                None     -16.420       3.090      -8.890       0.512       6.545       0.417
Gaia DR3 4062270572305794304 269.7207710 -29.6375528 18.642  0.552       1.734  66.4106  76.4229    66.25      nan      nan   13.157  nan      nan    nan   1.505     nan                                None     -12.445      10.690      -9.949       0.545       6.578       0.362
Gaia DR3 2903687995664995968  88.6215943 -28.8753238 12.417  1.798       2.810  65.8881  76.4274   -37.95      nan      nan   13.025  nan      nan    nan   1.182     nan                                None       9.182    -149.799      14.334       0.009    -144.057       0.012
Gaia DR3 4043895675599505920 270.4473409 -31.3425255 19.562  1.355       1.672  64.6942  76.4423    66.05      nan      nan   12.730  nan      nan    nan   2.140     nan                                None     -14.065      15.545     -12.281       1.505      11.427       0.802
Gaia DR3 4058713725103735808 262.2438883 -29.6578019 20.342    nan       1.479  70.4070  76.4884    66.32      nan      nan   14.229  nan      nan    nan   1.244     nan                                None       9.891      11.746       5.516       1.961      11.002       1.184
Gaia DR3 4057376409667907328 268.1373054 -28.6646505 19.848  2.558       1.657  68.0341  76.4911    66.40      nan      nan   13.563  nan      nan    nan   1.116     nan                                None      -8.120       7.938      -4.848       0.886       4.511       0.529
Gaia DR3 4062825520541085568 271.5763000 -28.2543062 18.389    nan       2.457  66.4665  76.4932    66.17      nan      nan   13.154  nan      nan    nan   3.068     nan                                None     -17.779       6.014     -11.183       0.591       7.722       0.431
Gaia DR3 4050367706166141184 271.3246760 -29.2388979 18.711  1.871       2.736  65.8404  76.4954    66.15      nan      nan   12.996  nan      nan    nan   3.250     nan                                None     -16.852       9.095     -12.708       0.793       2.850       0.607
Gaia DR3 4062690448221785728 269.8602146 -28.2767999 19.139  2.364       1.848  67.3951  76.5178    66.31      nan      nan   13.387  nan      nan    nan   1.070     nan                                None     -13.070       6.415     -10.585       0.681       1.829       0.391
Gaia DR3 4061004591853397504 265.6349597 -26.9083619 20.032  3.497       2.877  70.7798  76.5194    66.51      nan      nan   14.329  nan      nan    nan   1.411     nan                                None      -0.707       2.323      -9.277       1.388       3.769       0.736
Gaia DR3 4063363250558540160 271.1700307 -26.1805133 19.846  3.166       2.341  68.3126  76.5298    66.24      nan      nan   13.628  nan      nan    nan   1.328     nan                                None     -17.210      -0.601     -19.953       1.912      -6.742       1.297
Gaia DR3 4050382416251277568 270.9848226 -29.2211440 18.438    nan       2.377  66.0412  76.5449    66.18      nan      nan   13.033  nan      nan    nan   2.409     nan                                None     -15.932       9.113      -9.963       0.695       6.460       0.502
Gaia DR3 6599298481021530496 332.8051391 -35.3541774 16.106  2.923       1.185  27.1079  76.5546    35.72      nan      nan    7.921  nan      nan    nan   1.097     nan                                None     -92.025     -17.915     -91.158       0.054     -19.694       0.043
Gaia DR3 4118184213053377152 265.5734672 -20.5720509 19.239    nan       1.902  75.8844  76.5637    66.19      nan      nan   15.961  nan      nan    nan   2.175     nan                                None      -0.572     -22.142      -2.053       1.299     -15.915       0.892
Gaia DR3 3299348148270798208  65.1571681   8.8796945 12.618  2.250       1.277  83.4206  76.5702   -59.84      nan      nan   18.954  nan      nan    nan   2.077     nan                                None     -82.569     -81.654     -80.967       0.074     -76.810       0.055
Gaia DR3 4060671817836727552 265.7810102 -27.6858845 20.373  3.731       2.463  70.0842  76.5709    66.49      nan      nan   14.110  nan      nan    nan   1.557     nan                                None      -1.148       4.973      -7.084       1.781       9.268       0.903
Gaia DR3 4116435165021148160 265.1700351 -23.7374276 19.751  1.384       2.892  73.5626  76.5879    66.45      nan      nan   15.168  nan      nan    nan   1.049     nan                                None       0.801      -9.316      -5.575       1.011      -2.617       0.523
Gaia DR3 4063248248401577728 271.5942613 -26.8706334 19.116    nan       2.488  67.5360  76.6024    66.20      nan      nan   13.401  nan      nan    nan   1.879     nan                                None     -18.166       1.606     -11.552       0.840      -0.770       0.609
Gaia DR3 4052667441942397312 274.0366592 -26.1719395 19.226  1.249       2.322  66.7171  76.6473    65.91      nan      nan   13.177  nan      nan    nan   2.819     nan                                None     -24.872      -1.067     -24.927       1.197      -7.517       0.774
Gaia DR3 4056571979533045376 268.1320772 -29.2132452 19.378    nan       2.599  67.6072  76.6674    66.37      nan      nan   13.402  nan      nan    nan   2.334     nan                                None      -8.008       9.641      -6.970       0.850       2.372       0.538
Gaia DR3 4064748703904684544 273.5782456 -25.7578380 19.595  1.739       2.469  67.2979  76.6948    65.97      nan      nan   13.314  nan      nan    nan   1.430     nan                                None     -23.804      -2.330     -21.167       1.246      -8.738       0.762
Gaia DR3 4060660685244792320 265.2935774 -27.7746773 20.309  2.978       2.755  70.2772  76.7018    66.49      nan      nan   14.125  nan      nan    nan   1.944     nan                                None       0.363       5.287      -2.088       1.907      -2.543       1.069
Gaia DR3 4056317305147768832 269.4322188 -29.5737073 19.139  1.125       2.098  66.6178  76.7455    66.27      nan      nan   13.127  nan      nan    nan   1.570     nan                                None     -11.586      10.490     -13.909       0.831       5.170       0.622
Gaia DR3 4060842826295171456 265.1377633 -27.8001658 20.461  3.293       1.211  70.3410  76.7691    66.49      nan      nan   14.123  nan      nan    nan   1.540     nan                                None       0.846       5.373      -2.375       1.578       3.750       0.810
Gaia DR3 4050382450633169152 271.0080122 -29.2121162 19.119    nan       2.628  66.0355  76.7978    66.18      nan      nan   12.969  nan      nan    nan   1.159     nan                                None     -15.919       9.036     -12.107       0.637       2.947       0.415
Gaia DR3 4061115161558833280 265.9345551 -26.0980093 19.472  3.226       2.477  71.2607  76.7988    66.51      nan      nan   14.382  nan      nan    nan   1.516     nan                                None      -1.656      -0.525      -6.663       0.937       5.071       0.560
Gaia DR3 4291750094943415680 294.3382241   6.1951918 10.239  1.274       1.358  81.5998  76.8081    48.73      nan      nan   18.035  nan      nan    nan   0.962     nan                                None    -109.784    -132.690    -114.818       0.013    -133.836       0.012
Gaia DR3 4114807166140488960 261.2157896 -21.8614242 20.175  1.774       2.398  77.2297  76.8719    66.17      nan      nan   16.311  nan      nan    nan   1.337     nan                                None      15.014     -17.701      23.260       1.872     -17.788       1.296
Gaia DR3 4056468449355361024 267.9320365 -29.5893458 19.164  2.407       2.998  67.4216  76.8827    66.35      nan      nan   13.296  nan      nan    nan   1.655     nan                                None      -7.362      10.800      -1.847       0.806       4.459       0.620
Gaia DR3 4062751406664674560 269.9569500 -27.9368041 19.627    nan       0.781  67.6078  76.9233    66.32      nan      nan   13.333  nan      nan    nan   1.319     nan                                None     -13.301       5.272     -13.675       0.869       7.437       0.646
Gaia DR3 4050649941208075520 273.3273994 -28.6293566 19.194    nan       2.928  65.2042  76.9331    65.96      nan      nan   12.735  nan      nan    nan   2.383     nan                                None     -22.074       6.699     -15.300       1.116       2.713       0.782
Gaia DR3 4050283838180720512 270.7058092 -29.3584263 18.792    nan       2.405  66.0880  76.9375    66.19      nan      nan   12.947  nan      nan    nan   2.396     nan                                None     -15.037       9.522      -9.079       0.832       6.765       0.556
Gaia DR3 4116451451563318784 265.0281688 -23.6482721 19.669  2.310       2.405  73.7118  76.9408    66.44      nan      nan   15.088  nan      nan    nan   1.398     nan                                None       1.267      -9.597      -1.590       1.082      -2.502       0.690
Gaia DR3 4050363411217274112 271.2178991 -29.4621941 19.290    nan       2.419  65.7260  76.9600    66.14      nan      nan   12.853  nan      nan    nan   1.319     nan                                None     -16.367       9.710     -11.600       0.680       5.213       0.489
Gaia DR3 4056483120913524608 268.5162265 -29.7732471 18.182    nan       2.566  66.9610  76.9666    66.31      nan      nan   13.157  nan      nan    nan   2.618     nan                                None      -8.971      11.236      -6.082       0.487       4.732       0.408
Gaia DR3 4065721496771359360 271.0895926 -25.2389792    nan    nan       1.686  69.0975  76.9797    66.24      nan      nan   13.713  nan      nan    nan   1.513     nan                                None     -17.077      -3.743     -20.065       1.304      -7.594       0.853
Gaia DR3 4050859088862461824 273.1154120 -28.2816559 18.645  1.104       2.715  65.5914  76.9986    66.00      nan      nan   12.812  nan      nan    nan   1.663     nan                                None     -21.616       5.696     -19.604       0.625      -1.355       0.490
Gaia DR3 4068946673598593408 266.8674855 -22.6513873 19.381  1.951       2.537  73.4977  77.0268    66.36      nan      nan   14.990  nan      nan    nan   1.647     nan                                None      -4.797     -13.210      -2.513       0.894      -5.525       0.523
Gaia DR3 4064747428218948736 273.5853255 -25.8339357 18.915  1.631       2.597  67.2344  77.0792    65.97      nan      nan   13.197  nan      nan    nan   2.365     nan                                None     -23.615      -2.067     -16.820       0.679       0.383       0.544
Gaia DR3 4109822667602874752 260.7606303 -26.3785030 20.324    nan       2.203  73.8177  77.0829    66.34      nan      nan   15.071  nan      nan    nan   1.727     nan                                None      15.375       0.212      12.195       2.291      -6.024       1.500
Gaia DR3 4061701647931225472 264.2218988 -27.0751926 19.875  2.943       0.791  71.4105  77.1218    66.50      nan      nan   14.323  nan      nan    nan   1.725     nan                                None       3.739       2.891       1.436       1.437       2.259       0.972
Gaia DR3 4062826340968881408 271.5553473 -28.2308823 19.090  1.841       2.276  66.4963  77.1289    66.17      nan      nan   13.000  nan      nan    nan   2.514     nan                                None     -17.512       5.873     -12.189       1.314       2.621       0.818
Gaia DR3 4116435783364597248 265.0504262 -23.8304755 19.645  2.827       2.726  73.5536  77.1341    66.45      nan      nan   14.970  nan      nan    nan   1.752     nan                                None       1.184      -8.854       0.161       1.243      -0.313       0.750
Gaia DR3 4068253191013984128 264.6066577 -24.5316113 19.381  2.409       2.129  73.2341  77.1435    66.48      nan      nan   14.867  nan      nan    nan   1.505     nan                                None       2.625      -6.248       1.453       0.808       0.319       0.445
Gaia DR3 4066364607975571072 273.8169013 -23.5777808 19.634    nan       1.837  68.8745  77.1451    65.85      nan      nan   13.606  nan      nan    nan   1.541     nan                                None     -25.033      -9.623     -23.964       1.624     -14.784       1.199
Gaia DR3 4055751503312026624 268.0217154 -31.0723417 19.773  2.020       2.090  66.2168  77.1618    66.22      nan      nan   12.923  nan      nan    nan   0.961     nan                                None      -7.409      15.169      -4.444       0.996      10.307       0.743
Gaia DR3 4060482839251532800 264.8344371 -27.7453656 20.380  2.167       2.167  70.5478  77.1735    66.49      nan      nan   14.059  nan      nan    nan   1.176     nan                                None       1.779       5.157      -2.273       2.012       0.174       1.059
Gaia DR3 3018299438475718656  90.9919736  -7.2435354 14.228  2.646       2.439  84.5470  77.1969   -55.19      nan      nan   19.075  nan      nan    nan   1.149     nan                                None      23.347    -147.534      13.539       0.023    -147.537       0.021
Gaia DR3 4110928948181818112 260.5983395 -24.3544125 20.343    nan       1.360  75.5398  77.2025    66.29      nan      nan   15.589  nan      nan    nan   1.300     nan                                None      16.457      -7.505      20.383       2.028      -5.366       1.107
Gaia DR3 4062556552514162432 269.3249723 -28.8443710 19.041    nan       2.972  67.2452  77.2060    66.32      nan      nan   13.167  nan      nan    nan   1.396     nan                                None     -11.312       8.189     -16.364       0.748       1.666       0.510
Gaia DR3 4068313350681698176 265.8198437 -24.2762955 19.257  1.930       2.422  72.7754  77.2530    66.47      nan      nan   14.688  nan      nan    nan   1.276     nan                                None      -1.321      -7.086      -6.757       1.011      -1.919       0.698
Gaia DR3 4068361969647253632 266.1707234 -23.8465043 19.839    nan       2.746  72.9263  77.2565    66.45      nan      nan   14.733  nan      nan    nan   0.992     nan                                None      -2.460      -8.661      -1.157       1.446      -0.232       0.755
Gaia DR3 4059611304614966656 262.7533371 -28.7646675 20.071  3.259       1.514  70.8491  77.2638    66.39      nan      nan   14.117  nan      nan    nan   1.501     nan                                None       8.236       8.612       4.024       2.134       7.013       1.348
Gaia DR3 4043819461431999616 270.8767126 -31.8630896 19.136  1.823       2.635  64.0601  77.2857    65.96      nan      nan   12.390  nan      nan    nan   3.213     nan                                None     -14.853      16.642     -15.874       1.143       9.836       0.867
Gaia DR3 4056356200413707520 267.8007772 -30.3620528 20.003    nan       1.337  66.8891  77.2871    66.30      nan      nan   13.057  nan      nan    nan   1.192     nan                                None      -6.853      13.077      -5.279       1.606       9.751       0.988
Gaia DR3 4060266540374292352 264.9586310 -28.1898719 18.720  4.029       0.998  70.1285  77.3233    66.47      nan      nan   13.897  nan      nan    nan   2.496     nan                                None       1.379       6.611       0.308       0.611       9.332       0.410
Gaia DR3 4062266930027892736 269.8842434 -29.7133444 19.350    nan       2.578  66.2623  77.3325    66.23      nan      nan   12.892  nan      nan    nan   1.021     nan                                None     -12.656      10.695     -10.931       0.840       3.905       0.653
Gaia DR3 4116467669234057984 265.4427001 -23.5389035 19.480    nan       1.840  73.5723  77.3554    66.44      nan      nan   14.898  nan      nan    nan   1.313     nan                                None      -0.106      -9.873      -1.484       0.905      -4.260       0.635
Gaia DR3 4062552566783327232 269.1367378 -28.9534355 20.024    nan       2.461  67.2629  77.3984    66.33      nan      nan   13.122  nan      nan    nan   1.094     nan                                None     -10.732       8.528      -7.026       1.097       2.816       0.605
Gaia DR3 4062267789026243712 269.8853055 -29.6785040 18.810    nan       2.157  66.2888  77.4442    66.24      nan      nan   12.872  nan      nan    nan   1.910     nan                                None     -12.638      10.568      -7.640       0.703       7.523       0.492
Gaia DR3 4062765597183521536 269.4649865 -27.8229448 19.683  2.904       1.624  67.9674  77.4591    66.36      nan      nan   13.284  nan      nan    nan   1.121     nan                                None     -11.820       4.934      -8.316       0.825       7.835       0.553
Gaia DR3 4117892223979330560 263.1291217 -21.4649856 20.136  1.460       1.316  76.5096  77.4663    66.24      nan      nan   15.813  nan      nan    nan   1.550     nan                                None       7.922     -18.551       4.130       1.500     -16.342       1.143
Gaia DR3 4050239995177174144 270.1465931 -29.8689095 19.202    nan       2.998  65.9981  77.4735    66.20      nan      nan   12.795  nan      nan    nan   1.738     nan                                None     -13.295      11.070     -16.513       1.399       3.652       0.921
Gaia DR3 5082488822902853376  60.1948951 -26.1915530 19.249  0.886       0.682  51.7455  77.4838   -35.45      nan      nan   10.135  nan      nan    nan   1.060     nan                                None     -54.337    -107.361     -53.982       0.142    -105.948       0.237
Gaia DR3 4044091281268381312 269.3040496 -30.7444287 19.451    nan       2.478  65.7779  77.5493    66.19      nan      nan   12.725  nan      nan    nan   3.028     nan                                None     -10.874      13.814     -13.013       1.472       7.522       0.996
Gaia DR3 4053040416925030912 274.8672440 -25.9392670 19.591    nan       2.922  66.4314  77.5539    65.78      nan      nan   12.879  nan      nan    nan   1.625     nan                                None     -26.630      -1.931     -20.196       1.166       2.711       0.847
Gaia DR3 4116342805942660736 264.9002317 -23.8109400 19.737    nan       2.072  73.6514  77.5634    66.45      nan      nan   14.851  nan      nan    nan   1.607     nan                                None       1.664      -8.857      -3.559       1.100      -5.009       0.677
Gaia DR3 4159302099621286784 276.1267392  -8.3065071 20.674  3.594       1.947  79.7997  77.5700    62.25      nan      nan   16.944  nan      nan    nan   3.008     nan                                None     -39.651     -73.767     -45.964       1.469     -70.849       1.158
Gaia DR3 2716372239817177600 341.7516216   9.4729876 13.905  2.368       1.385  66.1435  77.5707     9.05      nan      nan   12.806  nan      nan    nan   2.860     nan                                None    -156.602     -84.641    -153.182       0.053     -83.130       0.058
Gaia DR3 4068000853168886912 265.5753240 -25.0266349 20.164    nan       2.273  72.3100  77.5784    66.50      nan      nan   14.442  nan      nan    nan   1.810     nan                                None      -0.523      -4.313      -4.479       1.498       1.364       0.859
Gaia DR3 4044219374521985408 269.7312011 -30.3996908 19.416  2.303       2.099  65.8130  77.5792    66.19      nan      nan   12.726  nan      nan    nan   1.440     nan                                None     -12.066      12.703     -13.090       0.938       7.167       0.602
Gaia DR3 4049632068244039808 274.0966249 -29.8829818 19.326    nan       0.514  63.8103  77.5941    65.79      nan      nan   12.267  nan      nan    nan   1.461     nan                                None     -23.315      10.036     -22.626       1.042      11.174       0.669
Gaia DR3 4067014075734783872 268.0438491 -25.5033036 20.492  2.961       1.935  70.5771  77.6063    66.45      nan      nan   13.938  nan      nan    nan   1.145     nan                                None      -8.059      -2.615     -10.033       1.441       2.718       1.030
Gaia DR3 4062336753341258624 269.4425562 -29.3666206 19.083    nan       2.327  66.7735  77.6185    66.29      nan      nan   12.946  nan      nan    nan   1.441     nan                                None     -11.456       9.691     -13.187       0.618       3.580       0.450
Gaia DR3 4063101772888811776 270.8812149 -27.6790999 18.938  1.688       3.000  67.2994  77.6303    66.25      nan      nan   13.072  nan      nan    nan   1.430     nan                                None     -15.684       4.239     -11.799       0.563      -3.058       0.349
Gaia DR3 4056464944660080384 267.5820437 -29.6401780 19.052  3.681       2.269  67.5713  77.6394    66.36      nan      nan   13.138  nan      nan    nan   2.748     nan                                None      -6.265      10.855     -10.307       0.936       6.044       0.592
Gaia DR3 4064903902601226112 271.9646790 -25.7111790 19.528  1.460       2.741  68.2380  77.6647    66.16      nan      nan   13.299  nan      nan    nan   3.045     nan                                None     -19.104      -2.217     -20.669       1.265      -9.741       0.840
Gaia DR3 4060469645101116032 264.9293952 -27.8401561 19.394  3.352       2.190  70.4215  77.6648    66.49      nan      nan   13.878  nan      nan    nan   1.758     nan                                None       1.466       5.414      -4.149       0.817       2.327       0.505
Gaia DR3 4050364274299991808 271.2532016 -29.3908624 19.150  1.398       1.822  65.7619  77.6841    66.14      nan      nan   12.689  nan      nan    nan   2.182     nan                                None     -16.256       9.360     -16.892       1.044       4.528       0.851
Gaia DR3 4117375036881184128 265.5482286 -21.2211350 15.729  2.862       2.933  75.3755  77.6877    66.26      nan      nan   15.352  nan      nan    nan   0.966     nan                                None      -0.465     -18.867       1.311       0.054     -28.191       0.035
Gaia DR3 4056604655656279680 268.3194691 -28.9856330 19.396    nan       1.908  67.6834  77.6922    66.37      nan      nan   13.152  nan      nan    nan   2.150     nan                                None      -8.400       8.717     -11.592       1.124       4.499       0.848
Gaia DR3 4064512412017261568 272.9427475 -26.9755912 19.156    nan       2.899  66.7029  77.7368    66.05      nan      nan   12.900  nan      nan    nan   3.719     nan                                None     -21.281       1.669     -13.692       1.203      -0.463       0.862
Gaia DR3 4062764218686925056 269.5280472 -27.8892484 19.183    nan       0.915  67.8809  77.7483    66.35      nan      nan   13.187  nan      nan    nan   1.144     nan                                None     -11.916       5.105     -11.035       0.573       2.720       0.385
Gaia DR3 4065551484811151872 274.5012137 -23.7878066 19.389  1.769       0.913  68.3224  77.7530    65.77      nan      nan   13.298  nan      nan    nan   2.051     nan                                None     -26.440      -8.850     -23.944       1.288      -8.282       1.007
Gaia DR3 4050650486654822784 273.2368813 -28.6313441 19.161    nan       2.701  65.2530  77.7813    65.97      nan      nan   12.549  nan      nan    nan   1.741     nan                                None     -21.505       6.623     -17.221       1.197       0.903       0.731
Gaia DR3 4060898076746715904 265.1173923 -27.2765569 20.038  4.830       2.397  70.7675  77.7944    66.50      nan      nan   13.936  nan      nan    nan   2.180     nan                                None       0.897       3.516      -2.156       1.479      -2.829       0.911
Gaia DR3 4118115150045798016 264.4759003 -20.8389191 20.260  0.462       1.423  76.2759  77.8015    66.21      nan      nan   15.604  nan      nan    nan   1.157     nan                                None       3.203     -20.641       5.536       1.082     -16.583       0.631
Gaia DR3 4063399568713322240 268.6015853 -28.2413878 19.773  2.521       2.822  68.1126  77.8417    66.39      nan      nan   13.221  nan      nan    nan   1.556     nan                                None      -9.262       6.337      -6.263       1.220      -0.934       0.735
Gaia DR3 4063544360634019456 269.2053480 -27.5125128 19.121  3.062       1.569  68.3536  77.8533    66.38      nan      nan   13.279  nan      nan    nan   2.433     nan                                None     -11.060       3.949     -15.417       1.036       4.504       0.603
Gaia DR3 4056568337336403712 268.1168972 -29.2968601 19.921    nan       1.970  67.5500  77.8536    66.36      nan      nan   13.078  nan      nan    nan   1.082     nan                                None      -7.771       9.676      -7.701       0.883       4.244       0.714
Gaia DR3 4050030224809886848 272.0767805 -30.2849298 19.318    nan       2.177  64.6176  77.8641    66.00      nan      nan   12.387  nan      nan    nan   2.222     nan                                None     -18.096      11.710     -14.799       1.274       7.079       0.864
Gaia DR3 4060106462734522880 264.2102661 -29.1509913 19.860    nan       2.120  69.7677  77.8661    66.42      nan      nan   13.644  nan      nan    nan   1.730     nan                                None       3.596       9.683       1.198       1.774       4.077       1.053
Gaia DR3 4063533124999006848 269.0951338 -27.6524433 19.883    nan       1.968  68.3043  77.8722    66.38      nan      nan   13.262  nan      nan    nan   1.608     nan                                None     -10.726       4.407      -9.432       1.136      -0.942       0.805
Gaia DR3 4063547281212025856 269.3633404 -27.3528052 19.432  3.213       2.567  68.3921  77.8755    66.38      nan      nan   13.283  nan      nan    nan   2.100     nan                                None     -11.524       3.417      -6.266       0.833      -1.484       0.619
Gaia DR3 4068006586879097472 265.5910186 -24.8943474 20.325    nan       1.685  72.4071  77.8930    66.49      nan      nan   14.370  nan      nan    nan   1.572     nan                                None      -0.570      -4.757      -5.655       2.137      -4.300       0.885
Gaia DR3 3343242610960748544  88.2718545  12.3509352 15.267  3.195       2.155  98.9785  77.9556   -64.49      nan      nan   25.807  nan      nan    nan   1.154     nan                                None      16.212     -87.042      19.081       0.039     -75.677       0.028
Gaia DR3 4062594618978078208 269.5465939 -28.5028133 19.525  2.628       2.337  67.3906  77.9678    66.33      nan      nan   13.010  nan      nan    nan   1.206     nan                                None     -11.809       6.985     -18.106       1.129       8.179       0.857
Gaia DR3 4050014045529682816 272.3438188 -30.3943762 18.668  1.692       2.256  64.3863  77.9701    65.96      nan      nan   12.313  nan      nan    nan   4.033     nan                                None     -18.705      11.924     -12.851       1.073      11.820       0.811
Gaia DR3 4109778481023009280 261.8037925 -25.7538486 20.036  1.960       2.649  73.7656  78.0288    66.40      nan      nan   14.729  nan      nan    nan   1.260     nan                                None      11.660      -1.935       5.890       1.790      -7.795       1.227
Gaia DR3 4067198003403971200 266.9727604 -25.5514731 19.897    nan       1.952  71.1276  78.0576    66.49      nan      nan   13.958  nan      nan    nan   1.421     nan                                None      -4.789      -2.402     -10.077       1.086      -0.158       0.569
Gaia DR3 4063103589719155968 270.9293798 -27.6204101 19.197    nan       2.662  67.3186  78.0677    66.25      nan      nan   12.968  nan      nan    nan   1.485     nan                                None     -15.695       4.013      -9.605       0.881       0.028       0.539
Gaia DR3 4068310228262506240 266.0966086 -24.3068767 20.159    nan       2.751  72.5992  78.0937    66.47      nan      nan   14.363  nan      nan    nan   1.070     nan                                None      -2.165      -6.825     -10.452       1.582      -5.985       0.925
Gaia DR3 4062894343177238912 271.1875475 -27.9348373 18.684  1.996       1.897  66.9304  78.1151    66.22      nan      nan   12.863  nan      nan    nan   2.576     nan                                None     -16.294       4.934     -11.931       0.755       2.208       0.582
Gaia DR3 4060987824306618112 265.8416174 -27.0115163 20.454    nan       2.026  70.5858  78.1154    66.51      nan      nan   13.793  nan      nan    nan   1.495     nan                                None      -1.306       2.583      -2.364       1.860      -3.212       1.188
Gaia DR3 4050389558763195776 271.0258384 -29.0028319 18.526  1.324       2.688  66.1882  78.1186    66.19      nan      nan   12.687  nan      nan    nan   2.463     nan                                None     -15.623       8.190     -11.581       0.759       2.246       0.580
Gaia DR3 4050344311282778624 271.6369625 -29.2341211 18.789  1.358       2.884  65.6720  78.1221    66.12      nan      nan   12.567  nan      nan    nan   1.467     nan                                None     -17.153       8.736     -10.233       0.620       5.496       0.480
Gaia DR3 6796106355110848896 307.3304050 -31.4663839 17.124  2.970       2.302  43.6668  78.1497    53.22      nan      nan    9.075  nan      nan    nan   0.921     nan                                None     -76.298      -3.671     -78.307       0.081       0.248       0.078
Gaia DR3 4060858356814191360 264.8974647 -27.7019888 20.385    nan       0.571  70.5483  78.1519    66.49      nan      nan   13.772  nan      nan    nan   1.126     nan                                None       1.552       4.907       0.010       1.808       4.301       0.840
Gaia DR3 4065425380300051328 273.4503868 -24.6123974 20.168    nan       2.489  68.2674  78.1576    65.95      nan      nan   13.179  nan      nan    nan   1.187     nan                                None     -23.196      -5.951     -22.705       1.686     -12.848       1.402
Gaia DR3 4049869150438805248 271.4594325 -31.1540949 19.638  1.841       0.647  64.2871  78.1683    65.99      nan      nan   12.248  nan      nan    nan   1.887     nan                                None     -16.243      14.259     -17.634       1.558      13.335       1.105
Gaia DR3 6643308972248633472 287.5506837 -55.2490548 17.004  2.808       2.406  39.6782  78.1992    55.67      nan      nan    8.688  nan      nan    nan   0.967     nan                                None     -41.204      52.479     -37.685       0.056      49.827       0.050
Gaia DR3 4065423700942389632 273.2573686 -24.7086433 20.202  2.452       1.382  68.3004  78.2010    65.98      nan      nan   13.176  nan      nan    nan   1.371     nan                                None     -22.638      -5.609     -18.861       1.970      -4.923       1.204
Gaia DR3 4068053492305914240 266.7944410 -24.8775412 20.044    nan       2.088  71.7612  78.2360    66.48      nan      nan   14.081  nan      nan    nan   1.243     nan                                None      -4.280      -4.740      -2.131       1.485     -10.553       1.101
Gaia DR3 4057645515108073728 267.4983736 -28.0445824 20.269  2.341       1.695  68.8691  78.2366    66.45      nan      nan   13.310  nan      nan    nan   1.260     nan                                None      -6.102       5.809      -1.740       1.463       3.913       0.907
Gaia DR3 4062406194296844160 270.5886864 -29.0364686 18.864  1.536       1.256  66.4025  78.2477    66.22      nan      nan   12.707  nan      nan    nan   1.881     nan                                None     -14.432       8.363     -13.310       0.777       5.190       0.562
Gaia DR3 4059485719711952768 261.7606046 -29.4127183 19.680  2.459       2.064  70.8564  78.2576    66.31      nan      nan   13.825  nan      nan    nan   2.101     nan                                None      11.076      10.542       6.357       1.588       6.809       0.998
Gaia DR3 4064174277747537024 270.3950382 -25.8349448 19.787  3.948       1.556  69.0148  78.2677    66.31      nan      nan   13.339  nan      nan    nan   1.814     nan                                None     -14.585      -1.620     -11.945       1.195       1.870       0.810
Gaia DR3 4050305102760288256 271.2852065 -29.6792709 19.363  2.266       2.912  65.5208  78.2951    66.12      nan      nan   12.494  nan      nan    nan   1.578     nan                                None     -16.093      10.089      -9.275       0.850       6.574       0.658
Gaia DR3 4061931170984242944 265.1114120 -25.8515260 20.270  2.245       1.573  71.9047  78.3189    66.51      nan      nan   14.096  nan      nan    nan   1.750     nan                                None       0.926      -1.363      -0.300       1.761       3.148       1.190
Gaia DR3 4116462652707086208 265.0317432 -23.4454080 20.008    nan       2.519  73.8725  78.3222    66.43      nan      nan   14.663  nan      nan    nan   1.047     nan                                None       1.220     -10.054      -6.371       1.274      -8.312       1.060
Gaia DR3 4065536053038120832 274.7461632 -23.8737825 19.303  1.523       2.594  68.1163  78.3239    65.73      nan      nan   13.099  nan      nan    nan   1.785     nan                                None     -26.741      -8.491     -20.293       1.023     -11.611       0.710
Gaia DR3 4116750587365457152 264.8452540 -22.8212895 19.599  2.588       1.184  74.4758  78.3454    66.39      nan      nan   14.837  nan      nan    nan   2.798     nan                                None       1.842     -12.440       5.382       1.397     -11.353       0.767
Gaia DR3 4061311591852063872 264.0635422 -27.2661484 19.019  2.591       2.602  71.3435  78.3682    66.49      nan      nan   13.926  nan      nan    nan   2.625     nan                                None       4.119       3.456      -2.368       0.884       7.489       0.785
Gaia DR3 4052476814100215168 273.4460379 -27.3240199 19.215  1.573       2.525  66.1506  78.3693    65.98      nan      nan   12.620  nan      nan    nan   3.123     nan                                None     -22.201       2.616     -18.788       1.166      -3.172       0.825
Gaia DR3 4116936847233566336 265.4971467 -22.7193242 19.211  2.226       1.501  74.1995  78.3917    66.39      nan      nan   14.738  nan      nan    nan   1.582     nan                                None      -0.281     -12.720      -3.661       0.856      -9.507       0.684
Gaia DR3 4062529060453164032 269.3764201 -29.2268100 19.521  2.087       2.408  66.9186  78.4106    66.30      nan      nan   12.789  nan      nan    nan   1.263     nan                                None     -11.132       9.143      -6.112       1.196       5.026       0.627
Gaia DR3 4062343968889716224 269.6135369 -29.2744537 18.858  1.688       0.603  66.7518  78.4200    66.28      nan      nan   12.748  nan      nan    nan   1.398     nan                                None     -11.758       9.239     -10.921       0.739       7.852       0.574
Gaia DR3 4063189695293376128 270.3475000 -27.1896409 19.715  3.246       2.749  67.9773  78.4439    66.31      nan      nan   13.035  nan      nan    nan   1.483     nan                                None     -14.117       2.734      -7.605       0.948      -1.096       0.636
Gaia DR3 4050235695986490240 270.2741047 -29.9355556 19.109  2.577       1.843  65.8767  78.4834    66.19      nan      nan   12.532  nan      nan    nan   1.194     nan                                None     -13.371      11.031     -10.789       0.695       6.904       0.550
Gaia DR3 4063099711301764096 270.7307670 -27.6541134 19.447  2.061       2.236  67.4020  78.5178    66.27      nan      nan   12.878  nan      nan    nan   1.221     nan                                None     -15.027       4.116     -10.854       0.830      -0.293       0.722
Gaia DR3 4117294910061132672 265.6158237 -21.7144895 20.035    nan       2.680  74.9413  78.5590    66.31      nan      nan   14.906  nan      nan    nan   1.634     nan                                None      -0.672     -16.524      -3.591       1.789      -8.625       0.831
Gaia DR3 4090634643578716288 274.7186401 -21.8815936 19.885  2.235       2.613  69.7021  78.5640    65.59      nan      nan   13.436  nan      nan    nan   1.458     nan                                None     -27.348     -15.176     -21.960       1.091     -10.104       0.767
Gaia DR3 4079507860810225152 278.7385701 -22.0220250 19.768    nan       2.127  67.2985  78.5870    64.84      nan      nan   12.837  nan      nan    nan   1.817     nan                                None     -37.241     -14.898     -32.216       1.626     -17.705       1.325
Gaia DR3 4068211886309687296 265.2401690 -24.7037952 20.264  2.557       2.182  72.7509  78.6093    66.49      nan      nan   14.246  nan      nan    nan   1.224     nan                                None       0.533      -5.380      -0.130       1.322       1.138       0.848
Gaia DR3 2954316279878561408 100.6829215 -10.1517939 15.288  2.868       1.911  87.6626  78.6177   -51.46      nan      nan   19.569  nan      nan    nan   1.283     nan                                None      64.869    -161.397      57.456       0.039    -164.079       0.037
Gaia DR3 4063967569533317760 269.9602876 -26.7511800 20.032    nan       1.706  68.5353  78.6262    66.34      nan      nan   13.126  nan      nan    nan   1.487     nan                                None     -13.103       1.389     -17.815       1.744       1.123       0.948
Gaia DR3 4062798926201160192 269.8222775 -27.5791162 19.706    nan       1.833  67.9619  78.6338    66.34      nan      nan   12.984  nan      nan    nan   1.392     nan                                None     -12.569       4.014     -12.013       0.947      -0.972       0.750
Gaia DR3 4044143306215180032 270.5785803 -30.5780467 19.567  1.857       2.873  65.2127  78.6350    66.11      nan      nan   12.350  nan      nan    nan   1.778     nan                                None     -14.000      12.768     -14.092       1.252       5.288       0.860
Gaia DR3 4110541542047507840 262.8659620 -24.2657324 20.098    nan       2.359  74.3923  78.6350    66.42      nan      nan   14.715  nan      nan    nan   1.621     nan                                None       8.221      -7.210       3.939       1.543      -1.277       1.184
Gaia DR3 4064609169006746880 272.7635825 -26.4797074 18.647    nan       2.416  67.1899  78.6450    66.07      nan      nan   12.797  nan      nan    nan   2.117     nan                                None     -20.612       0.142     -18.934       0.828      -6.156       0.572
Gaia DR3 4068090635088967168 266.2682811 -24.7731346 19.591  2.786       1.772  72.1331  78.6694    66.49      nan      nan   14.054  nan      nan    nan   1.704     nan                                None      -2.648      -5.077      -4.823       1.116      -0.298       0.873
Gaia DR3 4042979778103531136 271.5488119 -32.4381660 19.541  2.315       2.360  63.2538  78.6734    65.84      nan      nan   11.925  nan      nan    nan   2.568     nan                                None     -16.048      17.587     -10.795       1.578      14.831       1.091
Gaia DR3 4068018097352429440 266.5314831 -25.1813405 18.760  3.415       1.574  71.6637  78.7136    66.49      nan      nan   13.913  nan      nan    nan   2.617     nan                                None      -3.425      -3.642      -4.166       0.559       0.914       0.472
Gaia DR3 4062764051052388864 269.4706508 -27.8927717 18.988    nan       2.011  67.9096  78.7157    66.35      nan      nan   12.951  nan      nan    nan   2.258     nan                                None     -11.540       5.031      -7.419       0.747       1.404       0.542
Gaia DR3 4059632504459264896 262.4282745 -28.5982027 19.651  2.317       2.972  71.1540  78.7176    66.39      nan      nan   13.774  nan      nan    nan   1.261     nan                                None       9.018       7.819       2.219       1.121       2.503       0.657
Gaia DR3 4064558591451714560 273.0281346 -26.5638564 19.476  1.741       2.644  66.9764  78.7207    66.04      nan      nan   12.730  nan      nan    nan   1.650     nan                                None     -21.236       0.358     -19.094       1.210      -6.405       0.755
Gaia DR3 4062695365854509824 269.8405054 -28.1381588 19.168  2.297       0.753  67.5143  78.7480    66.32      nan      nan   12.849  nan      nan    nan   1.346     nan                                None     -12.490       5.725     -12.060       0.735       3.732       0.527
Gaia DR3 4062614414403743360 269.1096846 -28.5784246 19.341  2.126       2.881  67.5708  78.7551    66.35      nan      nan   12.861  nan      nan    nan   1.357     nan                                None     -10.442       7.183     -12.715       1.224      -0.290       0.717
Gaia DR3 4050310088967385984 271.2175398 -29.5555011 18.707  1.448       2.751  65.6539  78.7725    66.14      nan      nan   12.417  nan      nan    nan   1.378     nan                                None     -15.811       9.662     -11.118       0.540       4.202       0.400
Gaia DR3 4063119193285430016 270.6536325 -27.5217748 18.579  1.779       1.959  67.5481  78.7815    66.28      nan      nan   12.849  nan      nan    nan   1.150     nan                                None     -14.777       3.701      -9.738       0.366       5.360       0.251
Gaia DR3 4053058902446463360 274.6501978 -25.7478925 19.195  1.638       2.483  66.7030  78.7833    65.81      nan      nan   12.652  nan      nan    nan   3.805     nan                                None     -25.565      -2.441     -19.663       1.297      -5.445       0.903
Gaia DR3 4060930099989756032 264.6550997 -27.3040797 19.427  3.280       1.147  70.9950  78.7867    66.50      nan      nan   13.712  nan      nan    nan   2.176     nan                                None       2.275       3.546       2.049       0.901       0.238       0.541
Gaia DR3 4044130524342988800 270.3860500 -30.8671736 18.390    nan       1.662  65.0944  78.7971    66.10      nan      nan   12.289  nan      nan    nan   1.701     nan                                None     -13.413      13.593     -17.142       0.576      11.440       0.350
Gaia DR3 4060479609498886016 264.7820337 -27.8647412 16.198  3.087       2.127  70.4813  78.8107    66.48      nan      nan   13.570  nan      nan    nan   5.809     nan                                None       1.873       5.374       1.069       0.555      11.405       0.290
Gaia DR3 4049946494238905088 271.1842147 -30.6825518 19.407  2.298       1.774  64.8009  78.8253    66.05      nan      nan   12.219  nan      nan    nan   2.140     nan                                None     -15.470      12.864     -17.841       1.247       8.959       0.933
Gaia DR3 4050887981218299264 273.0666112 -28.1220441 19.046    nan       2.658  65.7423  78.8268    66.01      nan      nan   12.425  nan      nan    nan   1.345     nan                                None     -20.832       5.050     -14.776       0.778       1.617       0.444
Gaia DR3 4118009803004606464 264.2884998 -21.5851382 19.935    nan       1.510  75.7768  78.8360    66.28      nan      nan   15.066  nan      nan    nan   1.646     nan                                None       3.712     -17.191       8.508       1.335     -17.148       0.835
Gaia DR3 4056270434228423808 268.8585169 -30.1785775 19.092    nan       2.480  66.4593  78.8395    66.26      nan      nan   12.583  nan      nan    nan   1.791     nan                                None      -9.524      11.964      -7.495       0.926       5.706       0.598
Gaia DR3 4116485020919764608 265.1759111 -23.4003311 19.477  1.602       1.357  73.8297  78.8461    66.43      nan      nan   14.481  nan      nan    nan   1.271     nan                                None       0.746     -10.088       0.025       1.047      -6.010       0.784
Gaia DR3 2954316279883018112 100.6827334 -10.1513204 15.362  2.929       2.499  87.6629  78.8664   -51.46      nan      nan   19.417  nan      nan    nan   1.290     nan                                None      64.363    -160.138      54.321       0.044    -162.081       0.041
Gaia DR3 4068421927419886592 265.6233856 -23.7640616 19.258  2.334       2.111  73.2928  78.8979    66.45      nan      nan   14.310  nan      nan    nan   1.157     nan                                None      -0.669      -8.696      -5.717       0.776      -4.811       0.420
Gaia DR3 4050665609211881088 273.3041957 -28.4363468 18.826  1.289       2.828  65.3665  78.9014    65.97      nan      nan   12.326  nan      nan    nan   3.058     nan                                None     -21.303       5.910     -15.357       1.420       1.593       0.836
Gaia DR3 4061310732857436288 264.1461868 -27.2890185 19.973  2.222       1.831  71.2809  78.9097    66.49      nan      nan   13.753  nan      nan    nan   1.272     nan                                None       3.819       3.493       0.530       1.988       7.659       0.916
Gaia DR3 4068861113562383488 266.5061182 -22.7152298 19.898  2.615       1.139  73.6464  78.9319    66.38      nan      nan   14.401  nan      nan    nan   1.654     nan                                None      -3.465     -12.456      -0.334       1.298     -10.993       0.757
Gaia DR3 4050885477153623040 273.2983209 -28.1175961 18.681  1.448       2.759  65.6167  78.9442    65.98      nan      nan   12.371  nan      nan    nan   3.006     nan                                None     -21.366       4.975     -15.068       0.887       1.494       0.740
Gaia DR3 4062341284490887424 269.3826852 -29.2535720 19.255    nan       1.300  66.8943  78.9464    66.30      nan      nan   12.658  nan      nan    nan   1.978     nan                                None     -11.035       9.131     -10.040       1.075       5.808       0.679
Gaia DR3 4060199955496803968 265.4876459 -28.4957879 19.268  3.542       1.382  69.6018  78.9713    66.46      nan      nan   13.303  nan      nan    nan   1.589     nan                                None      -0.226       7.327      -3.341       0.729       9.632       0.524
Gaia DR3 4110892458108074112 260.4783892 -24.5971963 19.806  1.565       2.856  75.4072  78.9747    66.29      nan      nan   14.905  nan      nan    nan   2.204     nan                                None      16.127      -6.307       7.238       1.162      -7.546       0.907
Gaia DR3 4068857647612180864 266.3942068 -22.8348953 19.976  2.309       2.504  73.6124  78.9777    66.39      nan      nan   14.376  nan      nan    nan   1.216     nan                                None      -3.106     -12.013       0.119       1.046      -5.143       0.772
Gaia DR3 4116324045506616064 264.4327804 -24.0257409 20.076    nan       2.079  73.7344  78.9845    66.46      nan      nan   14.409  nan      nan    nan   1.894     nan                                None       3.094      -7.843      -2.842       1.782      -5.688       1.163
Gaia DR3 4121624718041838208 263.5581507 -19.1042806 17.698  3.716       1.820  78.1864  79.0070    65.97      nan      nan   15.770  nan      nan    nan   0.968     nan                                None       6.415     -27.543       2.204       0.134     -31.888       0.088
Gaia DR3 4065777434390284672 272.3361959 -24.9712792 20.134    nan       0.417  68.6112  79.0264    66.10      nan      nan   13.044  nan      nan    nan   1.210     nan                                None     -19.794      -4.577     -20.540       1.705      -5.448       1.195
Gaia DR3 4043535443861020544 268.5844054 -32.5886752 19.883  1.274       2.562  64.7401  79.0447    66.03      nan      nan   12.160  nan      nan    nan   1.601     nan                                None      -8.473      18.723     -10.219       1.728      12.391       0.867
Gaia DR3 4116344524023879424 264.5532056 -24.0327849 20.075  2.067       2.860  73.6630  79.0510    66.46      nan      nan   14.368  nan      nan    nan   1.650     nan                                None       2.705      -7.794      -3.570       1.477     -13.764       0.890
Gaia DR3 4068358774187877504 265.9730696 -23.8980197 19.911  1.650       2.777  72.9937  79.0689    66.46      nan      nan   14.174  nan      nan    nan   1.071     nan                                None      -1.751      -8.151      -4.108       1.152      -0.197       0.910
Gaia DR3 4109890321963949440 260.5594048 -26.0804258 20.023  1.591       2.430  74.1649  79.0759    66.32      nan      nan   14.504  nan      nan    nan   1.582     nan                                None      15.436      -0.876       8.401       1.848       1.514       1.320
Gaia DR3 4060248471477993984 265.0727549 -28.3821386 19.870  3.641       2.704  69.9148  79.0844    66.47      nan      nan   13.352  nan      nan    nan   1.805     nan                                None       0.990       6.981      -5.259       1.111       2.638       0.633
Gaia DR3 4068226592298812032 265.4867336 -24.3995253 20.002    nan       1.533  72.8594  79.0903    66.48      nan      nan   14.130  nan      nan    nan   1.099     nan                                None      -0.237      -6.388      -4.661       1.756      -5.255       0.703
Gaia DR3 4110008519443973760 262.1340227 -25.1659205 19.862  2.369       2.133  74.0620  79.1107    66.41      nan      nan   14.464  nan      nan    nan   2.056     nan                                None      10.403      -3.952       4.311       1.609      -1.677       1.171
Gaia DR3 4067067573857960320 266.8449171 -26.2067896 20.145  3.198       0.631  70.6776  79.1293    66.50      nan      nan   13.535  nan      nan    nan   1.523     nan                                None      -4.264      -0.154      -5.905       1.422      -0.896       0.897
Gaia DR3 4063172416542162176 270.5158764 -27.3245722 19.580  2.137       1.768  67.7786  79.1328    66.29      nan      nan   12.820  nan      nan    nan   2.217     nan                                None     -14.356       3.092     -15.042       1.507       7.821       0.929
Gaia DR3 4050220371527839360 270.2623754 -30.0961204 18.804  1.556       2.413  65.7586  79.1397    66.18      nan      nan   12.360  nan      nan    nan   1.753     nan                                None     -13.156      11.365      -8.533       0.893       7.102       0.569
Gaia DR3 4050447764279641984 272.5829160 -29.6623149 19.065  1.399       2.743  64.8187  79.1557    65.99      nan      nan   12.154  nan      nan    nan   3.058     nan                                None     -19.096       9.569     -12.829       1.001       6.389       0.696
Gaia DR3 2909170774818624256  83.5508531 -25.5922917 10.182  1.017       2.772  65.5983  79.1569   -41.07      nan      nan   12.321  nan      nan    nan   0.984     nan                                None      -5.032    -135.893     -10.332       0.011    -140.765       0.013
Gaia DR3 4118017293433120640 264.8740459 -21.5200619 19.687  1.717       1.222  75.5070  79.1705    66.29      nan      nan   14.869  nan      nan    nan   1.535     nan                                None       1.752     -17.192       4.880       1.144     -14.982       0.674
Gaia DR3 4062479655496503168 270.2912595 -28.5735078 18.714    nan       1.101  66.9266  79.2017    66.27      nan      nan   12.607  nan      nan    nan   1.592     nan                                None     -13.498       6.908     -10.604       0.943       6.477       0.736
Gaia DR3 4119668828678051200 265.8162228 -20.6323835 19.330  1.990       1.022  75.7012  79.2074    66.19      nan      nan   14.915  nan      nan    nan   1.897     nan                                None      -1.329     -20.472       1.751       0.856     -19.551       0.509
Gaia DR3 4063144718355020672 270.9194034 -27.3797524 19.461    nan       0.535  67.5122  79.2165    66.26      nan      nan   12.738  nan      nan    nan   2.091     nan                                None     -15.389       3.196     -16.099       1.405       4.444       0.834
Gaia DR3 4116835279828267008 264.5467797 -22.2142258 19.578  1.388       1.794  75.1279  79.2432    66.34      nan      nan   14.732  nan      nan    nan   2.450     nan                                None       2.794     -14.541      -1.691       0.911     -11.235       0.534
Gaia DR3 4050244663905857920 270.2546255 -29.8883953 19.218    nan       1.545  65.9239  79.2944    66.19      nan      nan   12.362  nan      nan    nan   1.328     nan                                None     -13.138      10.742     -16.686       1.013       8.841       0.541
Gaia DR3 4116820986162948736 264.5094917 -22.4944222 19.978    nan       2.152  74.9229  79.2956    66.36      nan      nan   14.654  nan      nan    nan   1.634     nan                                None       2.900     -13.462      -3.706       1.571     -12.723       1.031
Gaia DR3 4060668965961396224 265.7543718 -27.7634167 19.558    nan       1.760  70.0372  79.3056    66.49      nan      nan   13.325  nan      nan    nan   1.585     nan                                None      -1.007       4.949      -5.455       1.404       7.108       0.662
Gaia DR3 5511608836630542336 109.3528900 -45.0255697 12.893  1.564       1.901  63.6009  79.3545   -17.73      nan      nan   11.861  nan      nan    nan   2.222     nan                                None      60.575    -148.527      58.268       0.028    -152.683       0.030
Gaia DR3 4057435061774519424 267.9023119 -28.3284137 19.556    nan       2.556  68.4259  79.3732    66.42      nan      nan   12.915  nan      nan    nan   2.250     nan                                None      -7.066       6.511      -4.845       1.256      -0.085       0.720
Gaia DR3 4109909254191944064 260.3007243 -25.9357682 19.939  1.935       2.824  74.4188  79.3759    66.30      nan      nan   14.482  nan      nan    nan   2.154     nan                                None      16.232      -1.417       8.311       1.602      -4.825       1.268
Gaia DR3 4111372635395960064 262.2904040 -23.7017395 20.368    nan       1.583  75.1582  79.3840    66.37      nan      nan   14.694  nan      nan    nan   1.070     nan                                None      10.065      -9.263      11.256       1.826     -14.020       1.396
Gaia DR3 4063168911890270208 270.3902822 -27.3748289 19.196    nan       1.536  67.8086  79.3890    66.30      nan      nan   12.766  nan      nan    nan   2.517     nan                                None     -13.946       3.250     -11.256       1.241       0.112       0.813
Gaia DR3 4995360192918817280   2.9830430 -42.1723345  6.261  1.179       2.196  12.7908  79.4056    13.92      nan      nan    7.218  nan      nan    nan   0.967     nan                                None     -90.041     -41.228     -87.724       0.017     -43.638       0.019
Gaia DR3 4060462292112349440 264.9357114 -28.0104921 19.252  3.919       2.679  70.2830  79.4226    66.48      nan      nan   13.356  nan      nan    nan   2.049     nan                                None       1.393       5.767      -5.764       1.112       3.388       0.475
Gaia DR3 4061835341598908672 265.2709570 -26.3060001 20.008  3.425       2.737  71.4561  79.4229    66.51      nan      nan   13.656  nan      nan    nan   1.249     nan                                None       0.418       0.200       1.878       0.918      -7.543       0.564
Gaia DR3 4090726040512038144 273.9925155 -21.9892660 19.917  2.839       2.717  70.0291  79.4266    65.71      nan      nan   13.291  nan      nan    nan   1.591     nan                                None     -24.960     -14.544     -18.544       1.292     -10.444       0.840
Gaia DR3 4060903741730758528 265.5098696 -27.1278169 19.575  4.361       2.827  70.6733  79.4321    66.51      nan      nan   13.452  nan      nan    nan   1.846     nan                                None      -0.294       2.904      -7.761       1.057      -0.012       0.539
Gaia DR3 4117470801784780928 263.1440305 -22.7018617 20.172  4.155       1.710  75.5020  79.4526    66.34      nan      nan   14.773  nan      nan    nan   1.145     nan                                None       7.352     -12.870       4.274       1.390      -8.524       0.852
Gaia DR3 4063418775898811904 269.1070875 -27.9877360 19.955    nan       1.856  68.0348  79.4621    66.37      nan      nan   12.801  nan      nan    nan   1.360     nan                                None     -10.387       5.302     -13.747       1.477       1.586       0.852
Gaia DR3 3507322593731193728 198.9963172 -19.9436112  4.926  1.194       1.102 103.5150  79.4661    32.47      nan      nan   26.688  nan      nan    nan   1.044     nan                                None     307.793    -109.826     304.278       0.098    -114.932       0.068
Gaia DR3 3209510450485474688  82.9854293  -5.0108053 18.533  4.241       0.499  81.7602  79.4714   -56.81      nan      nan   16.798  nan      nan    nan   1.085     nan                                None      -8.944    -122.277     -10.610       0.224    -121.683       0.174
Gaia DR3 4063400565143921024 268.5349490 -28.2067355 19.451    nan       2.810  68.1762  79.4820    66.40      nan      nan   12.830  nan      nan    nan   1.948     nan                                None      -8.800       6.045     -12.104       0.966      -0.800       0.591
Gaia DR3 4055621894015305728 267.0827625 -31.6593285 19.807  3.021       2.621  66.2643  79.4911    66.20      nan      nan   12.394  nan      nan    nan   2.805     nan                                None      -4.552      16.371      -2.249       1.786       9.922       0.947
Gaia DR3 4066236171260865792 273.2374065 -24.0187603 19.759    nan       2.160  68.8541  79.4914    65.96      nan      nan   12.988  nan      nan    nan   1.376     nan                                None     -22.258      -7.702     -17.532       0.952     -11.258       0.653
Gaia DR3 4060981502099227520 265.7773966 -27.1969187 19.806    nan       2.389  70.4736  79.4915    66.50      nan      nan   13.386  nan      nan    nan   1.606     nan                                None      -1.079       3.115      -5.969       1.287      -1.526       0.759
Gaia DR3 4062812326442969856 271.4807711 -28.5020132 19.459    nan       2.212  66.3266  79.5080    66.17      nan      nan   12.404  nan      nan    nan   1.858     nan                                None     -16.507       6.433     -11.939       1.227       2.886       0.704
Gaia DR3 4057450042609562880 267.5443353 -28.2924345 20.246    nan       2.414  68.6491  79.5282    66.43      nan      nan   12.930  nan      nan    nan   1.379     nan                                None      -6.059       6.425      -8.798       1.246       0.441       0.762
Gaia DR3 4068354311699084032 266.0978254 -23.9688222 19.842  2.184       1.417  72.8686  79.5411    66.46      nan      nan   13.999  nan      nan    nan   1.343     nan                                None      -2.113      -7.810      -4.171       1.267      -4.171       0.836
Gaia DR3 4050718209778439936 272.3967655 -28.9818133 19.286    nan       1.852  65.4477  79.5682    66.05      nan      nan   12.201  nan      nan    nan   1.959     nan                                None     -18.676       7.619     -14.336       1.329       5.652       0.899
Gaia DR3 4068056584568004352 266.9365854 -24.7350125 20.333  2.667       2.468  71.7966  79.5884    66.47      nan      nan   13.699  nan      nan    nan   1.124     nan                                None      -4.591      -5.094     -10.720       1.196      -1.456       0.703
Gaia DR3 4116563636104583936 265.0811843 -22.9100566 20.374  2.335       2.228  74.2750  79.5902    66.40      nan      nan   14.374  nan      nan    nan   1.576     nan                                None       1.039     -11.737       1.371       1.628      -4.995       1.129
Gaia DR3 4068291192926909184 265.0221174 -24.2134219 19.777  1.991       2.566  73.2623  79.6011    66.47      nan      nan   14.088  nan      nan    nan   1.278     nan                                None       1.202      -7.013       4.228       1.322     -14.006       0.718
Gaia DR3 4116983546435538176 265.6772539 -22.2586342 19.991  2.174       1.904  74.4701  79.6330    66.35      nan      nan   14.416  nan      nan    nan   1.345     nan                                None      -0.845     -14.066       3.021       1.398      -9.762       0.727
Gaia DR3 4062328060323173504 269.8023291 -29.3450342 19.026  1.702       0.421  66.5936  79.6829    66.26      nan      nan   12.424  nan      nan    nan   1.784     nan                                None     -11.973       9.199     -12.500       0.884      10.169       0.641
Gaia DR3 4052412217762107520 273.6403723 -27.5059293 18.847    nan       2.264  65.9006  79.6884    65.95      nan      nan   12.272  nan      nan    nan   2.483     nan                                None     -22.108       3.052     -16.984       0.801       0.213       0.533
Gaia DR3 4062269541371562368 269.8032895 -29.6695808 18.963  1.634       2.196  66.3406  79.6901    66.24      nan      nan   12.367  nan      nan    nan   3.105     nan                                None     -11.921      10.136      -6.214       1.154      10.611       0.690
Gaia DR3 4063500345867612032 268.3440725 -27.6764149 19.771  2.790       1.997  68.6971  79.7482    66.42      nan      nan   12.888  nan      nan    nan   1.988     nan                                None      -8.301       4.415     -13.704       1.397       4.918       0.896
Gaia DR3 4056177392299769088 268.7483616 -30.2089115 19.212  1.455       2.445  66.4955  79.7524    66.27      nan      nan   12.388  nan      nan    nan   1.878     nan                                None      -9.077      11.879      -3.100       0.843       9.636       0.849
Gaia DR3 4056586028449421312 268.6790808 -29.1303727 19.076    nan       1.491  67.3744  79.7545    66.34      nan      nan   12.582  nan      nan    nan   1.782     nan                                None      -9.028       8.758      -9.985       0.937       4.922       0.608
Gaia DR3 4063255154817892992 271.1126216 -26.9636762 18.924  2.430       2.130  67.7306  79.7593    66.25      nan      nan   12.662  nan      nan    nan   1.536     nan                                None     -15.832       1.868     -11.063       0.859       4.962       0.598
Gaia DR3 4056213607413829376 269.1536281 -30.4336376 18.574    nan       1.616  66.1008  79.7647    66.23      nan      nan   12.299  nan      nan    nan   2.157     nan                                None     -10.105      12.434     -13.111       0.718       9.517       0.464
Gaia DR3 4065495852163116416 274.5155087 -24.2705280 19.564  1.546       2.607  67.9352  79.7733    65.79      nan      nan   12.705  nan      nan    nan   1.971     nan                                None     -25.302      -6.974     -18.802       1.269      -9.521       0.822
Gaia DR3 4063037172407204096 271.9621369 -27.1938905 19.548  0.803       2.742  67.0789  79.7765    66.16      nan      nan   12.511  nan      nan    nan   2.043     nan                                None     -17.965       2.434     -11.637       1.266       5.933       0.847
Gaia DR3 4050933786966690432 272.6460493 -27.8672358 18.619    nan       2.789  66.1741  79.7845    66.07      nan      nan   12.311  nan      nan    nan   1.285     nan                                None     -19.513       4.310     -12.642       0.402       2.034       0.287
Gaia DR3 4062834625920834816 271.2646448 -28.2341525 18.912    nan       1.733  66.6545  79.7954    66.20      nan      nan   12.413  nan      nan    nan   1.279     nan                                None     -15.933       5.657     -11.674       0.534       7.214       0.407
Gaia DR3 4068398017303515520 265.5078554 -23.8339665 19.578  2.316       0.224  73.3002  79.8066    66.45      nan      nan   14.038  nan      nan    nan   1.243     nan                                None      -0.300      -8.290       0.107       0.967      -7.766       0.595
Gaia DR3 4050228652301165824 270.4373857 -29.9954881 19.368  1.298       2.752  65.7409  79.8193    66.17      nan      nan   12.210  nan      nan    nan   1.051     nan                                None     -13.464      10.908     -13.662       0.841       3.827       0.513
Gaia DR3 4061850185013486592 264.8840420 -26.1834149 20.070  1.954       2.748  71.7635  79.8229    66.51      nan      nan   13.626  nan      nan    nan   1.416     nan                                None       1.575      -0.212      -4.382       1.595      -5.391       0.920
Gaia DR3 4065663428792681728 271.7753135 -25.4418334 20.109    nan       2.110  68.5552  79.8545    66.18      nan      nan   12.830  nan      nan    nan   1.294     nan                                None     -17.899      -2.954     -18.513       1.285      -8.628       0.945
Gaia DR3 4064559789839848704 272.9923600 -26.4988538 19.805    nan       1.919  67.0471  79.8578    66.05      nan      nan   12.486  nan      nan    nan   1.165     nan                                None     -20.732       0.160     -20.141       1.027      -4.856       0.772
Gaia DR3 1371764351926288512 238.2778769  34.7516384 10.905  2.455       0.572 135.7338  79.8628    26.85      nan      nan   43.706  nan      nan    nan   7.395     nan                                None     250.838    -501.843     254.828       0.159    -498.399       0.233
Gaia DR3 4061256998581862400 263.0796137 -27.3910791 20.347  2.416       1.655  71.7710  79.8688    66.46      nan      nan   13.615  nan      nan    nan   1.119     nan                                None       6.968       3.752       2.812       1.850       1.454       1.128
Gaia DR3 1371764351925872384 238.2790383  34.7443093 11.935  2.719       1.116 135.7279  79.8943    26.86      nan      nan   43.632  nan      nan    nan   1.282     nan                                None     250.402    -500.961     257.121       0.017    -508.718       0.025
Gaia DR3 3229820015094077312  72.7800517  -0.2568188 15.049  2.706       1.480  79.8654  79.9093   -58.08      nan      nan   15.969  nan      nan    nan   1.041     nan                                None     -43.942     -99.962     -43.500       0.041    -104.924       0.028
Gaia DR3 4063315353062707072 271.3105817 -26.5732921 19.884    nan       1.790  67.9264  79.9120    66.23      nan      nan   12.671  nan      nan    nan   1.624     nan                                None     -16.392       0.638     -17.188       1.545       5.351       0.980
Gaia DR3 4067049981664489984 266.3212381 -26.3764483 20.262  2.960       1.966  70.8289  79.9316    66.51      nan      nan   13.359  nan      nan    nan   1.146     nan                                None      -2.672       0.417      -5.409       1.447      -4.397       0.686
Gaia DR3 4068103760563576192 266.3237269 -24.5483512 20.522    nan       0.823  72.2819  79.9360    66.48      nan      nan   13.729  nan      nan    nan   1.028     nan                                None      -2.754      -5.716      -0.805       2.249      -4.346       1.461
Gaia DR3 4049092066493152768 271.8384106 -31.5130237 19.332    nan       1.746  63.8041  79.9949    65.91      nan      nan   11.777  nan      nan    nan   2.462     nan                                None     -16.593      14.682     -15.659       1.305      10.448       0.997
Gaia DR3 4064648678377983744 273.6746734 -26.3804873 19.843    nan       2.972  66.7575  80.0039    65.96      nan      nan   12.390  nan      nan    nan   1.949     nan                                None     -22.412      -0.312     -18.363       1.593      -6.936       1.096
Gaia DR3 4060690543883316352 265.8348042 -27.5486283 20.477    nan       2.012  70.1638  80.0191    66.49      nan      nan   13.173  nan      nan    nan   1.123     nan                                None      -1.228       4.199      -6.805       1.846       3.846       0.826
Gaia DR3 4116869983117368576 265.9103486 -22.8897489 19.821  2.366       2.035  73.8353  80.0221    66.40      nan      nan   14.120  nan      nan    nan   1.555     nan                                None      -1.550     -11.601      -3.643       1.182      -5.918       0.720
Gaia DR3 4070490113071715840 267.6899131 -22.1036465 20.083  2.606       2.228  73.4796  80.0453    66.30      nan      nan   14.016  nan      nan    nan   1.182     nan                                None      -7.016     -14.259      -7.398       1.431      -7.687       0.889
Gaia DR3 5263602547190713088 106.9000749 -73.5123757 14.527  2.230       2.842  42.5382  80.0518    12.45      nan      nan    8.784  nan      nan    nan   1.012     nan                                None      40.496    -114.100      42.839       0.020    -109.388       0.018
Gaia DR3 4043369181406520576 269.4865638 -32.3455772 19.476  1.657       2.892  64.4422  80.0684    66.01      nan      nan   11.890  nan      nan    nan   2.097     nan                                None     -10.636      17.525      -4.367       1.563      13.885       1.234
Gaia DR3 4056102144447260288 269.1744090 -30.6660629 18.918    nan       1.036  65.9090  80.0768    66.21      nan      nan   12.192  nan      nan    nan   1.624     nan                                None     -10.072      13.015     -10.106       1.063      10.354       0.650
Gaia DR3 4050803288711924992 271.7843580 -28.5972052 18.661    nan       2.868  66.0848  80.0794    66.13      nan      nan   12.229  nan      nan    nan   1.971     nan                                None     -17.085       6.584     -15.290       0.674      -0.589       0.451
Gaia DR3 4064627890873911936 272.5626969 -26.2490840 19.062  1.613       2.585  67.4825  80.0833    66.10      nan      nan   12.532  nan      nan    nan   2.384     nan                                None     -19.636      -0.533     -22.817       0.965      -6.576       0.589
Gaia DR3 4064530481046953600 272.7560247 -26.7537969 19.136  2.005       2.717  66.9801  80.0891    66.07      nan      nan   12.420  nan      nan    nan   2.401     nan                                None     -19.983       0.967     -14.786       1.107       5.825       0.775
Gaia DR3 4118864497221079424 266.6976082 -20.8804471 18.713    nan       2.599  75.0121  80.1092    66.21      nan      nan   14.420  nan      nan    nan   2.443     nan                                None      -4.076     -18.936     -11.763       0.672     -17.106       0.535
Gaia DR3 4052426992406906240 273.4758193 -27.4333658 18.610  1.231       1.367  66.0489  80.1320    65.98      nan      nan   12.210  nan      nan    nan   3.138     nan                                None     -21.558       2.850     -18.607       0.809       4.764       0.545
Gaia DR3 4056527655454780160 269.1348358 -29.2413511 19.259  2.021       2.360  67.0392  80.1324    66.31      nan      nan   12.423  nan      nan    nan   1.487     nan                                None     -10.156       8.947      -3.976       1.026       8.859       0.727
Gaia DR3 4068393756750964608 265.2792966 -23.9109261 19.538  2.346       2.664  73.3638  80.1396    66.46      nan      nan   13.958  nan      nan    nan   1.127     nan                                None       0.402      -7.980      -3.589       1.233      -1.232       0.845
Gaia DR3 4064530000007995264 272.7639842 -26.8049772 19.426    nan       2.881  66.9357  80.1566    66.07      nan      nan   12.396  nan      nan    nan   1.248     nan                                None     -19.966       1.118     -12.608       1.098      -0.469       0.953
Gaia DR3 4063533434234159488 269.2304732 -27.6702682 19.870  2.511       1.023  68.2160  80.1761    66.38      nan      nan   12.676  nan      nan    nan   2.550     nan                                None     -10.628       4.256      -7.934       1.472       4.729       0.736
Gaia DR3 4061909421280851584 264.7747591 -25.9485247 20.409  2.730       2.121  72.0100  80.2042    66.51      nan      nan   13.585  nan      nan    nan   1.130     nan                                None       1.897      -0.994       0.354       1.619      -6.869       1.071
Gaia DR3 4068022465448787072 266.4403195 -25.1036449 19.291  3.005       2.124  71.7755  80.2057    66.49      nan      nan   13.525  nan      nan    nan   1.321     nan                                None      -3.059      -3.795       0.383       0.675       1.188       0.532
Gaia DR3 4067974155594650496 265.4585196 -25.1742741 20.274    nan       1.252  72.2560  80.2110    66.50      nan      nan   13.647  nan      nan    nan   1.169     nan                                None      -0.144      -3.582      -2.833       1.744      -5.980       1.210
Gaia DR3 2971187216355503104  85.3970764 -16.4351197  8.922  0.777       0.980  73.8949  80.2140   -48.90      nan      nan   14.079  nan      nan    nan   1.026     nan                                None      -0.041    -133.919      -2.120       0.015    -131.886       0.015
Gaia DR3 4060907766134702592 265.4322159 -27.0833971 20.161  3.026       2.029  70.7506  80.2174    66.51      nan      nan   13.266  nan      nan    nan   1.231     nan                                None      -0.063       2.720      -5.246       1.343       0.412       0.695
Gaia DR3 4063053531849601664 271.7024992 -27.0691019 18.846  1.578       2.839  67.3207  80.2273    66.19      nan      nan   12.464  nan      nan    nan   1.893     nan                                None     -17.191       2.082     -10.730       0.684      -1.645       0.523
Gaia DR3 4063123174728585984 270.5744477 -27.4853561 19.406    nan       0.488  67.6204  80.2529    66.28      nan      nan   12.525  nan      nan    nan   1.574     nan                                None     -14.187       3.506     -13.776       0.922       2.285       0.603
Gaia DR3 4057287727187660032 267.1917329 -29.1874676 20.120  2.000       2.808  68.1373  80.2536    66.40      nan      nan   12.641  nan      nan    nan   1.241     nan                                None      -4.945       9.064      -4.175       1.329       1.621       0.990
Gaia DR3 4063443824083154560 268.3087668 -28.2266039 19.096  3.569       0.375  68.2842  80.2620    66.41      nan      nan   12.672  nan      nan    nan   2.078     nan                                None      -8.063       6.048      -8.905       1.047       5.503       0.810
Gaia DR3 4064569101250190976 272.4450111 -26.9204982 19.532    nan       2.976  67.0235  80.2633    66.11      nan      nan   12.391  nan      nan    nan   1.874     nan                                None     -19.098       1.515     -11.688       1.210      -0.838       0.845
Gaia DR3 4064817457712766208 272.4466893 -26.1361721 19.414  2.048       2.641  67.6356  80.2701    66.11      nan      nan   12.525  nan      nan    nan   1.674     nan                                None     -19.307      -0.860     -17.002       1.028      -7.441       0.596
Gaia DR3 4065422837675076864 273.3924802 -24.7211784 20.359    nan       1.157  68.2146  80.2887    65.97      nan      nan   12.650  nan      nan    nan   1.381     nan                                None     -22.106      -5.368     -19.518       2.008      -7.046       1.258
Gaia DR3 1379416712336909440 241.6246534  38.6298590  8.283  1.183       2.531 136.5063  80.3382    24.28      nan      nan   43.019  nan      nan    nan   1.044     nan                                None     218.344    -517.784     232.567       0.016    -535.803       0.019
Gaia DR3 4062336512824652544 269.4882431 -29.3741716 18.844    nan       2.057  66.7426  80.3475    66.28      nan      nan   12.312  nan      nan    nan   1.676     nan                                None     -11.018       9.235      -5.730       0.845       9.962       0.571
Gaia DR3 4062335787055317760 269.5093246 -29.3871051 18.554    nan       1.888  66.7210  80.3509    66.28      nan      nan   12.307  nan      nan    nan   1.749     nan                                None     -11.070       9.268      -8.429       0.761       5.143       0.475
Gaia DR3 4065449329030282368 273.5840494 -24.5452284 19.775  1.630       2.652  68.2449  80.3575    65.93      nan      nan   12.641  nan      nan    nan   2.439     nan                                None     -22.617      -5.936     -21.307       1.300     -12.881       1.039
Gaia DR3 4065682670254113152 271.5167439 -25.2800267 19.385  4.125       2.645  68.8268  80.3706    66.20      nan      nan   12.771  nan      nan    nan   2.004     nan                                None     -17.096      -3.410      -9.986       1.314      -3.830       0.882
Gaia DR3 4064969151773257216 273.4311749 -25.2194755 19.831  1.785       1.962  67.8020  80.3761    65.98      nan      nan   12.538  nan      nan    nan   1.487     nan                                None     -22.016      -3.809     -17.157       1.521      -1.998       1.023
Gaia DR3 4061097775522266368 266.1080061 -26.2559491 20.204  2.658       2.626  71.0407  80.3832    66.51      nan      nan   13.294  nan      nan    nan   1.017     nan                                None      -2.037       0.027      -9.014       1.248       2.366       0.651
Gaia DR3 4065100268564873600 274.6467079 -25.4508865 19.006  1.300       1.063  66.9369  80.3897    65.81      nan      nan   12.345  nan      nan    nan   2.478     nan                                None     -24.936      -3.269     -22.226       1.010      -2.711       0.770
Gaia DR3 3015115424601250304  81.0361259  -7.7045726 16.580  0.075       2.042  78.4423  80.4026   -55.00      nan      nan   15.332  nan      nan    nan   1.011     nan                                None     -14.716    -120.065      -8.247       0.060    -121.374       0.047
Gaia DR3 4062888192780412800 270.9904023 -28.0380397 18.135  1.557       2.373  66.9588  80.4101    66.23      nan      nan   12.346  nan      nan    nan   1.801     nan                                None     -15.107       5.071      -8.983       0.388       5.879       0.299
Gaia DR3 4052644627070137600 274.3162487 -26.4521813 19.283  1.731       2.730  66.3417  80.4120    65.87      nan      nan   12.213  nan      nan    nan   2.108     nan                                None     -23.794      -0.209     -16.803       1.136      -0.931       0.869
Gaia DR3 4060273176159941888 265.0236249 -28.0971858 18.625  3.791       0.665  70.1670  80.4281    66.48      nan      nan   13.071  nan      nan    nan   3.252     nan                                None       1.111       5.923       0.838       0.861       4.112       0.562
Gaia DR3 3435263350428249472  97.6941286  29.4447325 13.926  2.727       2.619 117.8652  80.4411   -65.22      nan      nan   33.253  nan      nan    nan   1.247     nan                                None      89.031      21.325      83.001       0.025      38.667       0.020
Gaia DR3 4064844906967778816 272.6091575 -25.7605036 19.614  1.781       2.285  67.8390  80.4414    66.09      nan      nan   12.531  nan      nan    nan   1.570     nan                                None     -19.762      -2.030     -14.020       1.111      -0.166       0.945
Gaia DR3 4110924893730624896 260.6944598 -24.4056755 19.973  2.205       2.309  75.4469  80.4497    66.30      nan      nan   14.436  nan      nan    nan   2.431     nan                                None      14.936      -6.759       7.914       1.731      -6.469       1.184
Gaia DR3 4063596862343810176 269.1742991 -27.2453891 20.184    nan       2.671  68.5804  80.4613    66.39      nan      nan   12.693  nan      nan    nan   1.691     nan                                None     -10.486       2.948     -11.456       1.488      10.031       1.009
Gaia DR3 4068023874197942784 266.5172707 -25.0672492 19.085  3.840       2.477  71.7623  80.4791    66.49      nan      nan   13.449  nan      nan    nan   1.911     nan                                None      -3.269      -3.895      -0.694       0.621       2.638       0.509
Gaia DR3 4062466839308822272 270.5169151 -28.7830575 18.340    nan       1.697  66.6392  80.4898    66.24      nan      nan   12.260  nan      nan    nan   1.941     nan                                None     -13.732       7.320     -10.345       0.571       4.535       0.360
Gaia DR3 4060254553178527488 265.1758543 -28.3649957 20.100  2.798       1.484  69.8730  80.4914    66.47      nan      nan   12.986  nan      nan    nan   1.332     nan                                None       0.669       6.736       4.040       1.283       4.468       0.631
Gaia DR3 4060977241569912448 264.9408363 -26.7721507 19.503  2.736       2.254  71.2639  80.4968    66.51      nan      nan   13.320  nan      nan    nan   1.157     nan                                None       1.374       1.714      -4.945       0.819       1.342       0.506
Gaia DR3 4060825165318091392 266.4439971 -26.9115035 20.245    nan       0.775  70.3378  80.4985    66.50      nan      nan   13.095  nan      nan    nan   1.192     nan                                None      -2.972       2.122      -0.842       1.184       2.329       0.789
Gaia DR3 4063170939073063680 270.5180503 -27.3933045 19.407  2.702       2.552  67.7236  80.5031    66.29      nan      nan   12.492  nan      nan    nan   1.718     nan                                None     -13.996       3.222      -8.010       0.975       6.278       0.757
Gaia DR3 4118127588162749184 265.0596361 -21.1312191 19.546    nan       2.873  75.7180  80.5160    66.25      nan      nan   14.491  nan      nan    nan   1.798     nan                                None       1.117     -18.129       8.236       0.938     -12.999       0.518
Gaia DR3 4050034008537230464 272.0264425 -30.1790120 18.950    nan       2.657  64.7270  80.5205    66.01      nan      nan   11.859  nan      nan    nan   2.760     nan                                None     -17.194      10.913     -19.405       1.105       4.650       0.696
Gaia DR3 4068445364989188480 267.1010020 -24.4507916 20.024    nan       2.468  71.9323  80.5259    66.46      nan      nan   13.479  nan      nan    nan   1.529     nan                                None      -5.004      -5.955      -4.219       1.106       1.014       0.748
Gaia DR3 4277693732120376064 273.7657712   2.7208215 13.255  2.751       2.853  90.1648  80.5529    57.56      nan      nan   19.451  nan      nan    nan   2.579     nan                                None     -35.569    -132.051     -46.842       0.030    -128.929       0.027
Gaia DR3 5980206811127104000 257.1879239 -31.6738712 19.745    nan       2.295  71.3987  80.5972    65.69      nan      nan   13.327  nan      nan    nan   1.236     nan                                None      23.987      16.783      18.313       1.572      13.721       0.834
Gaia DR3 3349849778193723008  88.1293666  16.7137075 15.064 -0.015       0.378 102.4330  80.6123   -65.53      nan      nan   24.968  nan      nan    nan   1.003     nan                                None      14.905     -58.117      12.927       0.041     -57.890       0.029
Gaia DR3 4064835530891191424 272.3738381 -25.9755761 19.560  1.590       2.945  67.8021  80.6197    66.12      nan      nan   12.484  nan      nan    nan   2.110     nan                                None     -19.046      -1.334     -16.858       0.917      -8.769       0.712
Gaia DR3 4050806239537335552 271.8573770 -28.4509908 18.718  1.758       2.169  66.1580  80.6271    66.13      nan      nan   12.130  nan      nan    nan   2.475     nan                                None     -17.140       6.088     -11.672       0.639       5.156       0.469
Gaia DR3 6707983727969970688 275.3600875 -46.1337575 17.185  3.231       1.695  51.2920  80.6275    61.93      nan      nan    9.684  nan      nan    nan   1.002     nan                                None     -21.056      44.900     -18.302       0.077      42.806       0.065
Gaia DR3 4060486172207123968 264.8043605 -27.7034578 20.134  3.172       2.330  70.5973  80.6283    66.49      nan      nan   13.124  nan      nan    nan   1.812     nan                                None       1.747       4.679      -3.665       1.255       1.176       0.777
Gaia DR3 4060432399227593088 264.4422064 -28.2688654 19.623  3.971       2.787  70.3430  80.6327    66.46      nan      nan   13.063  nan      nan    nan   2.419     nan                                None       2.778       6.458      -0.609       1.292      -0.429       0.786
Gaia DR3 4068338227188210560 266.0408547 -24.1967297 20.002  2.060       1.286  72.7178  80.6434    66.47      nan      nan   13.647  nan      nan    nan   1.371     nan                                None      -1.890      -6.852       1.532       1.680      -5.442       0.875
Gaia DR3 4116353594920051968 264.7169334 -23.8425477 20.344  1.955       2.901  73.7262  80.6625    66.45      nan      nan   13.904  nan      nan    nan   1.261     nan                                None       2.118      -8.186      -1.910       1.179      -0.697       0.839
Gaia DR3 4116914517643388544 265.9449519 -22.5366728 20.293  1.469       2.300  74.0993  80.7120    66.37      nan      nan   13.989  nan      nan    nan   1.184     nan                                None      -1.642     -12.701      -7.724       1.404      -9.699       1.174
Gaia DR3 4111519076698184576 260.9587372 -23.6445404 20.383  1.765       1.877  75.9218  80.7542    66.28      nan      nan   14.474  nan      nan    nan   1.419     nan                                None      14.138      -9.438      19.832       2.057      -8.815       1.304
Gaia DR3 4116470418013920256 265.3531259 -23.5359850 19.653  2.288       0.332  73.6237  80.7583    66.44      nan      nan   13.850  nan      nan    nan   1.443     nan                                None       0.174      -9.188      -0.634       1.013      -9.726       0.689
Gaia DR3 4056512876518615552 268.9946324 -29.5395560 19.358    nan       1.903  66.8830  80.7596    66.30      nan      nan   12.255  nan      nan    nan   1.385     nan                                None      -9.641       9.730     -14.515       1.095      10.377       0.786
Gaia DR3 4050147326876685184 270.7967074 -30.4972006 19.576  2.094       2.901  65.1560  80.7692    66.10      nan      nan   11.896  nan      nan    nan   1.393     nan                                None     -14.053      12.038      -9.657       0.913       6.240       0.725
Gaia DR3 4063188222027846016 270.3831743 -27.2319912 19.486  1.527       1.775  67.9244  80.7693    66.30      nan      nan   12.477  nan      nan    nan   1.453     nan                                None     -13.611       2.742      -9.214       1.321       1.169       0.651
Gaia DR3 4057380876435475968 268.0753858 -28.5695414 20.210    nan       2.904  68.1424  80.7710    66.40      nan      nan   12.525  nan      nan    nan   1.317     nan                                None      -7.329       7.043      -5.493       2.043      -0.401       1.030
Gaia DR3 4062615788793483008 269.1400045 -28.5228301 19.681    nan       1.177  67.5977  80.7808    66.35      nan      nan   12.404  nan      nan    nan   1.234     nan                                None     -10.153       6.756     -10.303       1.418       3.682       0.723
Gaia DR3 5703146304808999040 128.1645900 -21.5318516 14.602  2.573       2.520  91.7016  80.7821   -29.95      nan      nan   19.943  nan      nan    nan   1.054     nan                                None     170.377    -182.747     164.701       0.019    -191.693       0.020
Gaia DR3 4068286416911068544 264.8381537 -24.2756286 19.483  2.452       2.194  73.3129  80.8005    66.47      nan      nan   13.757  nan      nan    nan   2.007     nan                                None       1.729      -6.640      -2.967       1.145     -10.933       0.784
Gaia DR3 4063098714947088896 270.7233052 -27.7130467 19.033    nan       2.712  67.3601  80.8044    66.26      nan      nan   12.347  nan      nan    nan   1.571     nan                                None     -14.387       4.125      -9.210       0.591      -0.673       0.416
Gaia DR3 4060540185686578944 264.5410136 -27.4839566 19.838  3.132       2.240  70.9134  80.8153    66.49      nan      nan   13.154  nan      nan    nan   1.226     nan                                None       2.512       3.978      -3.012       1.475       6.818       0.677
Gaia DR3 4067668628758610688 267.5696364 -24.8034896 20.373    nan       2.369  71.3936  80.8245    66.45      nan      nan   13.268  nan      nan    nan   1.210     nan                                None      -6.291      -4.736     -11.804       1.374      -1.062       1.078
Gaia DR3 4050947114381799168 272.5888126 -27.7609957 18.428  1.239       2.652  66.2886  80.8302    66.08      nan      nan   12.115  nan      nan    nan   2.912     nan                                None     -19.051       3.937     -16.498       0.828      -2.335       0.503
Gaia DR3 4064738082531100288 273.1318093 -25.8298624 19.990    nan       1.943  67.4920  80.8350    66.03      nan      nan   12.369  nan      nan    nan   1.991     nan                                None     -20.913      -1.876     -19.104       1.533      -6.607       1.134
Gaia DR3 4060939995600815488 264.7847951 -27.0862156 19.570  2.633       2.832  71.0983  80.8361    66.50      nan      nan   13.193  nan      nan    nan   3.148     nan                                None       1.813       2.710       2.590       1.281      -5.128       0.712
Gaia DR3 4117021307777156992 266.4317881 -22.2791987 20.036  2.562       2.696  74.0368  80.8586    66.35      nan      nan   13.930  nan      nan    nan   1.244     nan                                None      -3.125     -13.532       4.793       0.960     -13.465       0.666
Gaia DR3 4050165331387968640 270.6228099 -30.2784453 18.762  1.419       2.784  65.4203  80.8735    66.14      nan      nan   11.929  nan      nan    nan   2.243     nan                                None     -13.638      11.457      -8.782       0.667       6.413       0.511
Gaia DR3 4118191600466102144 264.6749894 -20.9601137 19.939    nan       1.285  76.0682  80.8890    66.23      nan      nan   14.473  nan      nan    nan   2.108     nan                                None       2.338     -18.713       4.871       1.597     -15.720       0.885
Gaia DR3 4050713060045360896 272.0975021 -29.1214044 18.782  1.387       2.999  65.5051  80.9103    66.08      nan      nan   11.938  nan      nan    nan   2.669     nan                                None     -17.495       7.905      -9.988       0.970       7.132       0.669
Gaia DR3 4060646013678008320 265.2677293 -28.1000566 20.105    nan       1.227  70.0333  80.9372    66.48      nan      nan   12.916  nan      nan    nan   1.178     nan                                None       0.405       5.863      -2.871       1.295       6.519       0.630
Gaia DR3 4050900011376395520 272.9958953 -28.0890040 18.046  1.276       2.254  65.8073  80.9635    66.02      nan      nan   11.989  nan      nan    nan   4.733     nan                                None     -19.916       4.788     -17.091       0.860      -0.160       0.566
Gaia DR3 4064886795690720768 272.0606739 -25.8910782 19.589    nan       2.084  68.0432  80.9653    66.15      nan      nan   12.460  nan      nan    nan   1.415     nan                                None     -18.159      -1.544     -16.269       0.934      -6.681       0.665
Gaia DR3 4110695576769296128 260.1360907 -25.3122887 20.097  1.897       2.635  75.0104  81.0063    66.28      nan      nan   14.147  nan      nan    nan   1.626     nan                                None      16.365      -3.557       8.672       1.700      -5.162       1.226
Gaia DR3 4066274860345822720 272.5850093 -23.8736926 20.263  2.716       2.031  69.3356  81.0218    66.03      nan      nan   12.735  nan      nan    nan   1.300     nan                                None     -20.016      -7.904     -16.152       1.883      -4.057       1.224
Gaia DR3 4062265216330710784 269.8867101 -29.7395708 18.813    nan       2.689  66.2406  81.0343    66.23      nan      nan   12.063  nan      nan    nan   1.792     nan                                None     -11.848      10.084     -14.659       0.819       3.851       0.620
Gaia DR3 4063050370754389888 271.8796869 -27.1194123 19.200  2.123       0.617  67.1829  81.0635    66.17      nan      nan   12.254  nan      nan    nan   2.168     nan                                None     -17.375       2.173     -16.397       1.130       0.914       0.784
Gaia DR3 4060647147499890432 265.2008078 -28.0651340 20.128  3.364       1.644  70.0970  81.0740    66.48      nan      nan   12.898  nan      nan    nan   1.351     nan                                None       0.594       5.744       0.660       1.161       1.275       0.643
Gaia DR3 4050312146495673600 271.3518755 -29.5560636 19.076    nan       2.195  65.5796  81.0815    66.12      nan      nan   11.920  nan      nan    nan   1.659     nan                                None     -15.527       9.259     -11.972       0.723       5.042       0.643
Gaia DR3 4116462446550716672 265.0207931 -23.4845208 19.415  1.845       0.879  73.8471  81.1530    66.44      nan      nan   13.797  nan      nan    nan   1.339     nan                                None       1.181      -9.328       0.155       0.742      -6.987       0.504
Gaia DR3 4056520504351410048 268.9538044 -29.3355101 19.078  2.061       2.224  67.0644  81.1563    66.32      nan      nan   12.209  nan      nan    nan   1.494     nan                                None      -9.496       9.089     -10.689       0.947       3.491       0.759
Gaia DR3 6887794354870858240 311.7568826 -13.7196517 20.774  2.236       2.047  55.5857  81.1742    46.98      nan      nan   10.195  nan      nan    nan   1.212     nan                                None     -92.828     -40.449     -95.953       1.868     -43.547       1.794
Gaia DR3 4062700068959880960 269.9286083 -28.1607900 18.551  1.678       1.463  67.4482  81.1861    66.31      nan      nan   12.284  nan      nan    nan   1.503     nan                                None     -12.178       5.532      -9.625       0.646       2.732       0.430
Gaia DR3 4062403407025562624 270.8812513 -28.9137519 18.889    nan       2.005  66.3371  81.1901    66.20      nan      nan   12.052  nan      nan    nan   1.533     nan                                None     -14.459       7.536     -11.231       0.839       3.595       0.516
Gaia DR3 4068107608855128832 266.0118376 -24.6597238 18.504  2.903       1.163  72.3641  81.1903    66.49      nan      nan   13.411  nan      nan    nan   6.567     nan                                None      -1.771      -5.213      -4.086       0.873      -2.879       0.705
Gaia DR3 4057246083190591488 267.5938105 -29.0961710 17.461  1.770       2.227  67.9911  81.1921    66.39      nan      nan   12.399  nan      nan    nan   2.777     nan                                None      -5.945       8.596      -3.225       0.444       3.449       0.268
Gaia DR3 4066295991593204096 272.9824393 -23.8029725 20.080  3.029       1.964  69.1677  81.1938    65.98      nan      nan   12.658  nan      nan    nan   1.389     nan                                None     -20.990      -8.131     -15.763       1.338      -7.736       1.065
Gaia DR3 4066449510929476096 273.6794082 -22.9533362 19.966  2.075       2.390  69.4445  81.1955    65.83      nan      nan   12.720  nan      nan    nan   1.363     nan                                None     -23.021     -10.900     -16.660       1.194     -10.114       0.818
Gaia DR3 4116390943973831296 264.0902003 -23.7807828 20.519  1.918       0.510  74.1178  81.2022    66.44      nan      nan   13.853  nan      nan    nan   1.234     nan                                None       4.017      -8.379       2.869       2.203      -7.431       1.316
Gaia DR3 4068398567117027584 265.5527099 -23.7827308 20.011  2.345       2.862  73.3166  81.2035    66.45      nan      nan   13.647  nan      nan    nan   1.363     nan                                None      -0.426      -8.230      -6.158       1.162      -2.320       0.671
Gaia DR3 5894144600015260928 219.3146578 -55.1074718 14.417  2.299       2.576  65.4867  81.2050    47.79      nan      nan   11.877  nan      nan    nan   1.041     nan                                None     107.687      42.857     111.919       0.020      37.989       0.027
Gaia DR3 4117046459160287616 267.0007851 -21.8882041 19.628  1.905       2.495  74.0349  81.2084    66.30      nan      nan   13.830  nan      nan    nan   1.993     nan                                None      -4.830     -14.770       1.345       1.425     -10.928       0.893
Gaia DR3 4062651415648984704 269.4672821 -28.1479371 19.218  2.545       2.874  67.7117  81.2151    66.35      nan      nan   12.334  nan      nan    nan   2.101     nan                                None     -10.981       5.560      -6.935       0.849      -0.721       0.548
Gaia DR3 4062246902581467904 270.0096568 -29.9840466 18.951    nan       0.415  65.9836  81.2214    66.21      nan      nan   11.973  nan      nan    nan   1.730     nan                                None     -12.082      10.710     -12.118       0.751       9.662       0.488
Gaia DR3 4056266276695462528 269.0002213 -30.2518587 19.294    nan       2.661  66.3253  81.2439    66.25      nan      nan   12.038  nan      nan    nan   1.821     nan                                None      -9.485      11.650      -6.395       1.120       5.646       0.761
Gaia DR3 4111525364512878848 260.8340859 -23.6651041 18.931  2.033       2.910  75.9720  81.2504    66.27      nan      nan   14.335  nan      nan    nan   3.296     nan                                None      14.393      -9.288       6.445       1.058      -5.530       0.776
Gaia DR3 4062634377360158848 269.2879208 -28.5751762 19.596    nan       2.125  67.4758  81.2964    66.34      nan      nan   12.267  nan      nan    nan   2.742     nan                                None     -10.439       6.826      -9.369       1.322       1.436       0.784
Gaia DR3 4064666893336419712 273.4699269 -26.2303053 19.330  1.324       2.181  66.9895  81.3014    65.99      nan      nan   12.164  nan      nan    nan   2.048     nan                                None     -21.461      -0.715     -15.995       0.947       0.464       0.730
Gaia DR3 4110819374891104384 260.6641859 -25.0573243 19.662  2.169       2.472  74.9358  81.3134    66.31      nan      nan   14.036  nan      nan    nan   1.935     nan                                None      14.616      -4.342      21.594       1.362      -2.152       0.958
Gaia DR3 4062617609793124480 268.7437561 -28.7166388 19.125  1.870       2.287  67.6627  81.3365    66.36      nan      nan   12.298  nan      nan    nan   1.524     nan                                None      -8.999       7.312      -7.334       0.831       1.621       0.538
Gaia DR3 4062409522974594432 270.6057018 -28.8999332 18.633  1.322       2.309  66.4994  81.3410    66.23      nan      nan   12.054  nan      nan    nan   2.389     nan                                None     -13.736       7.530     -17.184       0.920       2.783       0.568
Gaia DR3 4063189557808705280 270.3091004 -27.1862767 19.926    nan       2.195  68.0012  81.3849    66.31      nan      nan   12.360  nan      nan    nan   1.061     nan                                None     -13.282       2.586      -7.596       1.374       3.203       0.887
Gaia DR3 4064861541273574400 272.0288369 -26.0106606 18.973  2.271       0.555  67.9673  81.3852    66.16      nan      nan   12.352  nan      nan    nan   3.583     nan                                None     -17.916      -1.166     -17.202       1.184       0.091       0.961
Gaia DR3 4068265835497628672 265.1945635 -24.4923784 20.041  3.638       0.699  72.9448  81.4082    66.48      nan      nan   13.498  nan      nan    nan   1.207     nan                                None       0.640      -5.796      -0.836       1.529      -4.461       0.900
Gaia DR3 4060860727632158336 264.9055320 -27.6130516 18.776  2.704       2.896  70.6146  81.4351    66.49      nan      nan   12.931  nan      nan    nan   2.636     nan                                None       1.434       4.326       3.854       0.914      11.841       0.559
Gaia DR3 4062890563605465728 271.1700241 -28.0126733 19.121  1.672       2.120  66.8794  81.4369    66.22      nan      nan   12.113  nan      nan    nan   1.689     nan                                None     -15.297       4.878     -11.082       0.937       1.480       0.666
Gaia DR3 4061044586616751744 266.2694981 -26.4665368 20.201    nan       1.339  70.7856  81.4425    66.51      nan      nan   12.969  nan      nan    nan   1.364     nan                                None      -2.447       0.692      -6.107       1.255       0.566       0.732
Gaia DR3 4064667821049848832 273.5014253 -26.1405929 19.350    nan       2.669  67.0419  81.4485    65.98      nan      nan   12.144  nan      nan    nan   2.461     nan                                None     -21.510      -0.984     -16.113       1.193       3.208       0.872
Gaia DR3 4060787056063675520 265.9277830 -27.4065175 19.861  2.304       1.657  70.2260  81.4713    66.50      nan      nan   12.833  nan      nan    nan   1.831     nan                                None      -1.458       3.644       3.002       1.754       4.078       0.865
Gaia DR3 4063032121517591168 272.0354927 -27.3277754 19.573  3.143       2.329  66.9337  81.4878    66.15      nan      nan   12.114  nan      nan    nan   2.282     nan                                None     -17.588       2.741     -20.633       1.646       7.849       1.099
Gaia DR3 4062392759672845312 270.6766791 -29.1427224 19.139  1.973       1.258  66.2716  81.4921    66.21      nan      nan   11.977  nan      nan    nan   2.116     nan                                None     -13.835       8.183     -10.949       1.073       6.853       0.799
Gaia DR3 4044113550626480512 269.8906360 -30.9856823 19.129  2.526       2.215  65.2725  81.5202    66.13      nan      nan   11.773  nan      nan    nan   2.859     nan                                None     -11.574      13.416     -14.719       1.148       8.907       0.689
Gaia DR3 4050790193362757760 271.8715845 -28.6680511 19.466    nan       2.502  65.9815  81.5267    66.12      nan      nan   11.912  nan      nan    nan   1.529     nan                                None     -16.869       6.607     -13.217       1.073       1.495       0.717
Gaia DR3 3333017736935268480  83.3285055   5.8193476 10.895  1.533       1.985  90.8290  81.5928   -62.29      nan      nan   19.116  nan      nan    nan   1.123     nan                                None      -8.740     -93.629      -6.884       0.018     -85.846       0.013
Gaia DR3 5235881552663763840 175.9147336 -67.4842578 19.720  3.614       2.484  57.6434  81.6007    27.37      nan      nan   10.441  nan      nan    nan   1.090     nan                                None     131.384     -23.739     126.046       0.389     -24.923       0.342
Gaia DR3 4050216183867950848 270.4808721 -30.2177269 19.028  1.496       2.298  65.5449  81.6353    66.15      nan      nan   11.805  nan      nan    nan   1.344     nan                                None     -13.129      11.180     -14.543       1.013       5.638       0.702
Gaia DR3 4116471517529034496 265.3067474 -23.5033933 20.103  1.802       2.743  73.6753  81.6445    66.44      nan      nan   13.618  nan      nan    nan   1.255     nan                                None       0.310      -9.143       0.265       1.276      -1.267       0.883
Gaia DR3 4065180330938376320 274.4846668 -24.8753873 19.654    nan       2.113  67.4784  81.6571    65.82      nan      nan   12.192  nan      nan    nan   1.207     nan                                None     -24.197      -4.900     -19.324       1.413      -7.297       0.905
Gaia DR3 4109655713676177792 261.7451662 -26.2494887 19.108  2.470       2.115  73.3982  81.6580    66.40      nan      nan   13.545  nan      nan    nan   2.083     nan                                None      10.897      -0.143       6.379       0.992       3.866       0.706
Gaia DR3 3333017736935268352  83.3292223   5.8193509 13.279  2.229       2.668  90.8294  81.6585   -62.29      nan      nan   19.080  nan      nan    nan   1.745     nan                                None      -8.720     -93.450     -11.885       0.025     -83.197       0.020
Gaia DR3 4050754188600626560 272.6843690 -28.5957149 18.534  1.472       2.864  65.5874  81.6783    66.04      nan      nan   11.805  nan      nan    nan   1.548     nan                                None     -18.809       6.218     -14.490       0.629       0.548       0.418
Gaia DR3 4050245797774076160 270.2159917 -29.8453014 18.993  1.137       2.499  65.9785  81.7228    66.20      nan      nan   11.873  nan      nan    nan   1.484     nan                                None     -12.517      10.197      -8.314       0.789       5.565       0.593
Gaia DR3 4050927121120800640 272.6539130 -28.0508889 18.305    nan       2.731  66.0270  81.7271    66.06      nan      nan   11.882  nan      nan    nan   2.717     nan                                None     -18.854       4.690     -12.176       0.718       3.201       0.541
Gaia DR3 4050725944885144704 271.9157870 -29.0134301 19.154    nan       2.899  65.6892  81.7368    66.10      nan      nan   11.813  nan      nan    nan   1.429     nan                                None     -16.843       7.539     -13.045       0.651       1.399       0.488
Gaia DR3 4068424435673047296 265.6926551 -23.6604688 19.901  2.371       2.468  73.3377  81.7445    66.45      nan      nan   13.507  nan      nan    nan   1.593     nan                                None      -0.837      -8.550       6.072       1.243      -9.837       0.769
Gaia DR3 4064920086122376448 272.0508144 -25.3708656 19.428    nan       1.488  68.4570  81.7507    66.14      nan      nan   12.379  nan      nan    nan   1.723     nan                                None     -18.014      -3.101     -18.506       1.229      -6.953       0.784
Gaia DR3 4062558098768239360 269.3330791 -28.8162556 18.910  1.974       2.368  67.2627  81.7782    66.32      nan      nan   12.122  nan      nan    nan   3.297     nan                                None     -10.436       7.455      -4.408       1.220       6.910       0.834
Gaia DR3 4063225605376701312 270.8301836 -26.8207806 19.404  2.355       2.688  67.9992  81.7858    66.27      nan      nan   12.274  nan      nan    nan   1.442     nan                                None     -14.589       1.416      -7.644       0.686       1.788       0.517
Gaia DR3 4063178876174220288 270.5622615 -27.1565936 19.870  3.145       1.966  67.8845  81.8207    66.29      nan      nan   12.242  nan      nan    nan   1.177     nan                                None     -13.834       2.446     -13.537       1.298      -2.619       0.959
Gaia DR3 4062890765525213696 271.2568110 -28.0051542 18.483    nan       0.982  66.8372  81.8269    66.21      nan      nan   12.025  nan      nan    nan   3.223     nan                                None     -15.414       4.810     -12.985       0.657       4.270       0.498
Gaia DR3 4170004230390452224 264.4828944  -5.9889730 14.392  2.920       1.797  88.3743  81.8286    62.39      nan      nan   18.069  nan      nan    nan   4.010     nan                                None       3.681     -87.783       7.894       0.091     -93.176       0.063
Gaia DR3 4052260313356719872 274.7811837 -27.7776530 19.137  1.399       2.666  65.0517  81.8518    65.79      nan      nan   11.668  nan      nan    nan   3.196     nan                                None     -23.908       3.463     -17.352       1.117       3.352       0.783
Gaia DR3 4068403407481023232 265.3651152 -23.7242455 19.012  2.297       2.356  73.4663  81.8573    66.45      nan      nan   13.509  nan      nan    nan   2.334     nan                                None       0.135      -8.340      -5.927       0.904      -5.462       0.658
Gaia DR3 4058640435722507008 262.7909353 -29.8413980 19.791  2.757       2.973  69.9729  81.8624    66.33      nan      nan   12.685  nan      nan    nan   1.762     nan                                None       7.296      11.078      -0.627       1.566      10.414       0.835
Gaia DR3 4043834682739680896 270.5511562 -31.6904722 19.489  1.534       2.562  64.3698  81.8811    66.01      nan      nan   11.533  nan      nan    nan   1.607     nan                                None     -13.005      15.047     -10.563       1.178       9.317       0.751
Gaia DR3 4063396270242397312 268.2880374 -28.2732599 19.885  2.939       1.301  68.2589  81.9058    66.41      nan      nan   12.303  nan      nan    nan   1.133     nan                                None      -7.773       6.014      -7.883       1.048       2.641       0.698
Gaia DR3 4067940139434704000 266.2159756 -25.1882244 20.076  2.515       1.419  71.8310  81.9109    66.50      nan      nan   13.100  nan      nan    nan   1.813     nan                                None      -2.318      -3.400      -2.420       1.183       0.517       0.768
Gaia DR3 4987840873416038784  16.5468652 -40.7162587 13.039  1.606       0.691  17.7997  81.9212     2.88      nan      nan    7.214  nan      nan    nan   0.980     nan                                None     -84.681     -55.284     -85.643       0.010     -54.861       0.011
Gaia DR3 4065637624609199104 271.6753980 -25.5640530 19.601  1.969       2.279  68.5150  81.9242    66.19      nan      nan   12.354  nan      nan    nan   1.516     nan                                None     -16.965      -2.464     -11.351       0.919      -4.390       0.565
Gaia DR3 4064535806678753664 273.1520779 -26.8194345 19.226    nan       1.164  66.7077  81.9300    66.03      nan      nan   11.978  nan      nan    nan   1.718     nan                                None     -20.305       1.062     -17.563       1.130       2.117       0.849
Gaia DR3 4056556650895142400 268.4472214 -29.3980906 19.546    nan       2.727  67.2914  81.9328    66.34      nan      nan   12.096  nan      nan    nan   1.388     nan                                None      -8.064       9.227      -3.333       1.468       4.130       0.949
Gaia DR3 4052636891924339072 273.9389111 -26.3976560 19.321  1.884       1.689  66.5959  81.9953    65.92      nan      nan   11.943  nan      nan    nan   2.687     nan                                None     -22.289      -0.295     -20.557       1.545       3.589       1.064
Gaia DR3 4062803667848022272 270.0987857 -27.4744716 18.828  2.812       0.249  67.8915  82.0028    66.32      nan      nan   12.206  nan      nan    nan   1.709     nan                                None     -12.555       3.434     -12.163       0.710       2.929       0.462
Gaia DR3 4152404897529007488 275.4311291 -13.8367195 13.774  2.435       1.543  75.7218  82.0159    64.08      nan      nan   14.040  nan      nan    nan   1.082     nan                                None     -30.745     -42.979     -31.818       0.024     -47.417       0.022
Gaia DR3 4108037438697612544 261.3749414 -27.2429402 19.769  2.298       1.370  72.7966  82.0249    66.37      nan      nan   13.301  nan      nan    nan   1.590     nan                                None      11.780       3.057      15.308       1.518       1.539       0.990
Gaia DR3 4058758289607278592 263.0503036 -29.4829803 19.002  3.589       2.174  70.1205  82.0363    66.36      nan      nan   12.678  nan      nan    nan   2.276     nan                                None       6.570       9.978       1.670       0.957       6.858       0.627
Gaia DR3 4061399694538652288 263.5861724 -26.7610404 18.290  2.721       2.797  72.0029  82.0424    66.48      nan      nan   13.108  nan      nan    nan   3.673     nan                                None       5.251       1.615      -1.139       0.809      -2.734       0.636
Gaia DR3 4062336714773899264 269.5036679 -29.3471610 19.267  2.196       1.283  66.7553  82.0431    66.28      nan      nan   11.965  nan      nan    nan   2.511     nan                                None     -10.748       8.894      -9.268       1.287       6.017       0.768
Gaia DR3 4114641036852015744 260.4453818 -22.8668986 19.982    nan       1.534  76.8284  82.0581    66.19      nan      nan   14.323  nan      nan    nan   1.135     nan                                None      15.600     -12.108      13.411       1.095      -8.026       0.729
Gaia DR3 4061262461679174016 263.7247485 -27.8728030 20.167    nan       2.932  71.0420  82.0784    66.46      nan      nan   12.876  nan      nan    nan   1.638     nan                                None       4.767       5.096      -2.533       1.750       1.924       1.190
Gaia DR3 4063111599779646976 270.6145410 -27.6260231 19.106    nan       2.721  67.4882  82.1044    66.28      nan      nan   12.101  nan      nan    nan   2.013     nan                                None     -13.813       3.798     -17.815       1.146      -1.875       0.670
Gaia DR3 4056420934067625984 267.5553961 -29.9922367 20.264    nan       2.425  67.3104  82.1124    66.34      nan      nan   12.064  nan      nan    nan   1.544     nan                                None      -5.682      11.006      -1.645       2.098       6.344       1.115
Gaia DR3 5157837671854950656  40.3528340 -15.1508748 13.096  1.879       2.615  50.3196  82.1442   -32.99      nan      nan    9.395  nan      nan    nan   1.013     nan                                None     -83.686     -78.097     -78.579       0.015     -78.956       0.014
Gaia DR3 2938818148090230016  98.7934071 -20.8029876 15.904  3.148       2.031  77.8932  82.1893   -43.81      nan      nan   14.573  nan      nan    nan   1.195     nan                                None      42.449    -147.898      43.311       0.026    -141.718       0.037
Gaia DR3 4062901142305726080 270.9109254 -27.9731783 18.495  1.597       1.747  67.0533  82.1923    66.24      nan      nan   11.995  nan      nan    nan   2.782     nan                                None     -14.470       4.747     -10.079       0.726       4.252       0.556
Gaia DR3 4060663330946699904 265.4270144 -27.6603990 20.422    nan       2.127  70.2957  82.2135    66.49      nan      nan   12.677  nan      nan    nan   1.087     nan                                None      -0.046       4.390       5.558       1.229       5.333       0.810
Gaia DR3 4110671628023651712 260.4153286 -25.6787290 20.374  1.766       2.406  74.5658  82.2152    66.31      nan      nan   13.687  nan      nan    nan   1.335     nan                                None      14.998      -2.185       9.793       1.937      -6.779       1.279
Gaia DR3 4062601220187221376 269.0128904 -28.8436917 19.309  4.365       0.380  67.4163  82.2157    66.34      nan      nan   12.064  nan      nan    nan   4.236     nan                                None      -9.539       7.527      -9.053       1.174       6.693       0.940
Gaia DR3 4888853078517325184  62.7579479 -28.6365827 15.534  2.832       1.293  51.3449  82.2194   -34.22      nan      nan    9.508  nan      nan    nan   1.049     nan                                None     -46.085    -104.703     -43.566       0.024    -104.093       0.030
Gaia DR3 4062570056006727808 269.5472541 -28.7442429 19.215  1.943       1.347  67.2017  82.2324    66.31      nan      nan   12.017  nan      nan    nan   2.105     nan                                None     -10.910       7.160      -7.522       1.141       7.568       0.644
Gaia DR3 4060959993021969536 265.1653390 -26.9204999 19.678    nan       2.724  71.0245  82.2447    66.51      nan      nan   12.833  nan      nan    nan   1.434     nan                                None       0.691       2.119      -5.875       0.742      -1.229       0.411
Gaia DR3 4366954903548612864 261.1024799  -2.7145754 16.719  3.558       2.551  92.9872  82.2453    60.81      nan      nan   19.583  nan      nan    nan   0.910     nan                                None      18.512    -109.733       8.672       0.094    -105.978       0.071
Gaia DR3 4116990109110113664 265.7510275 -22.1814016 20.562    nan       2.975  74.4914  82.2461    66.35      nan      nan   13.660  nan      nan    nan   0.946     nan                                None      -1.022     -13.587      -1.864       1.454      -5.062       0.906
Gaia DR3 2545980888502156672   0.9800117  -0.1965435 12.627  1.670       1.298  54.6382  82.2462    -5.69      nan      nan    9.925  nan      nan    nan   1.207     nan                                None    -124.308     -61.623    -126.291       0.023     -59.769       0.011
Gaia DR3 4062617747232840448 268.6898292 -28.7187553 18.857    nan       1.554  67.6904  82.2563    66.37      nan      nan   12.112  nan      nan    nan   2.373     nan                                None      -8.719       7.212     -11.971       0.872       4.939       0.664
Gaia DR3 4062340773431836672 269.3522415 -29.2904336 19.678    nan       2.466  66.8822  82.2587    66.30      nan      nan   11.948  nan      nan    nan   1.020     nan                                None     -10.336       8.729     -16.484       1.542       9.615       0.874
Gaia DR3 4062303286940568320 270.1886038 -29.3174167 18.391    nan       2.737  66.4036  82.2616    66.24      nan      nan   11.852  nan      nan    nan   1.879     nan                                None     -12.424       8.657      -5.743       0.680       7.196       0.463
Gaia DR3 4060228233615616256 264.4457656 -28.6977412 20.305    nan       2.455  70.0010  82.2736    66.45      nan      nan   12.598  nan      nan    nan   1.061     nan                                None       2.669       7.551      -2.968       1.701       4.272       1.041
Gaia DR3 4106449915751542144 279.3866341 -12.3500761  6.843  0.619       1.192  74.6443  82.2790    62.84      nan      nan   13.690  nan      nan    nan   0.758     nan                                None     -41.608     -47.221     -44.738       0.019     -45.794       0.017
Gaia DR3 4057150047678113536 265.6930145 -29.1592267 19.298  2.463       2.727  68.9676  82.3103    66.43      nan      nan   12.367  nan      nan    nan   2.642     nan                                None      -0.768       8.818       4.054       0.880       3.595       0.567
Gaia DR3 4062531981063657216 269.3060571 -29.1492697 19.478    nan       1.068  67.0175  82.3179    66.31      nan      nan   11.963  nan      nan    nan   1.310     nan                                None     -10.228       8.332      -9.295       1.578       5.806       0.827
Gaia DR3 4116290716547177088 264.4155773 -24.5539870 19.538  2.389       2.679  73.3202  82.3211    66.48      nan      nan   13.352  nan      nan    nan   1.507     nan                                None       2.917      -5.542      -3.645       1.246      -1.829       0.533
Gaia DR3 4050971720075531136 272.5575810 -27.7003930 18.439  1.560       2.778  66.3531  82.3267    66.08      nan      nan   11.830  nan      nan    nan   2.606     nan                                None     -18.523       3.675     -15.174       0.746      -2.390       0.491
Gaia DR3 4065196858005813760 274.2653547 -24.8250051 19.780  1.858       2.856  67.6416  82.3399    65.85      nan      nan   12.085  nan      nan    nan   1.411     nan                                None     -23.410      -4.966     -19.275       1.448     -10.954       0.919
Gaia DR3 4062754086725889664 269.6658757 -27.9513159 19.749    nan       2.182  67.7565  82.3485    66.34      nan      nan   12.107  nan      nan    nan   1.507     nan                                None     -11.305       4.858     -15.500       1.036       1.197       0.720
Gaia DR3 4117176716779664896 265.4406096 -22.1189832 20.313    nan       2.641  74.7128  82.3608    66.34      nan      nan   13.685  nan      nan    nan   0.987     nan                                None      -0.091     -13.819       5.647       1.618      -8.805       1.196
Gaia DR3 4062535176515320448 269.3140737 -29.0928386 19.381    nan       2.437  67.0572  82.3653    66.31      nan      nan   11.962  nan      nan    nan   1.163     nan                                None     -10.248       8.166      -5.276       0.953       4.552       0.629
Gaia DR3 4050777553233077760 271.8177681 -28.8767061 19.300    nan       2.060  65.8494  82.4157    66.12      nan      nan   11.715  nan      nan    nan   1.998     nan                                None     -16.453       7.100     -15.369       1.152       2.129       0.768
Gaia DR3 4064513442736894720 272.8441422 -26.9146505 19.393  1.423       1.905  66.8054  82.4312    66.06      nan      nan   11.899  nan      nan    nan   2.248     nan                                None     -19.373       1.378     -14.598       0.965       1.213       0.644
Gaia DR3 4060860555832578432 264.9782661 -27.6212766 20.321    nan       2.797  70.5689  82.4442    66.49      nan      nan   12.685  nan      nan    nan   1.586     nan                                None       1.204       4.269       7.654       2.075       0.483       1.187
Gaia DR3 4117170463404907264 265.4954828 -22.2528114 20.175  1.822       3.000  74.5750  82.4478    66.35      nan      nan   13.627  nan      nan    nan   1.336     nan                                None      -0.255     -13.315       6.817       1.978      -8.391       0.966
Gaia DR3 4060961779683369088 265.2315914 -26.8482197 19.750  3.084       1.479  71.0461  82.4591    66.51      nan      nan   12.788  nan      nan    nan   1.805     nan                                None       0.502       1.885      -1.780       1.445      -1.385       0.674
Gaia DR3 4065628759792643200 271.4604394 -25.7282130 19.913    nan       2.466  68.5060  82.4702    66.21      nan      nan   12.236  nan      nan    nan   1.405     nan                                None     -16.229      -1.924     -15.090       1.381       4.333       0.922
Gaia DR3 4376972068658180992 264.7848682   2.7831437 16.940  3.812       2.352  95.3846  82.4722    58.15      nan      nan   20.391  nan      nan    nan   0.956     nan                                None       2.802    -138.837       6.665       0.070    -148.181       0.060
Gaia DR3 4050166362180861696 270.4590678 -30.3422958 19.293    nan       2.372  65.4604  82.4913    66.14      nan      nan   11.627  nan      nan    nan   1.658     nan                                None     -12.876      11.366     -12.655       1.259       5.557       0.737
Gaia DR3 4060959924279377152 265.1677762 -26.9230409 19.386  3.823       0.784  71.0211  82.5011    66.51      nan      nan   12.773  nan      nan    nan   1.461     nan                                None       0.681       2.117      -0.547       0.879       0.398       0.412
Gaia DR3 4063796045719052928 268.6440972 -27.1659307 19.623  2.573       0.692  68.9342  82.5040    66.42      nan      nan   12.319  nan      nan    nan   1.573     nan                                None      -8.745       2.662     -10.292       1.137       3.578       0.671
Gaia DR3 4068251129430465664 264.4772529 -24.6119268 19.713  2.491       1.199  73.2402  82.5058    66.48      nan      nan   13.286  nan      nan    nan   1.038     nan                                None       2.723      -5.325       1.875       1.293      -2.075       0.811
Gaia DR3 4061369492366278784 263.7701551 -27.1728863 19.323  2.337       2.331  71.5754  82.5176    66.48      nan      nan   12.894  nan      nan    nan   3.157     nan                                None       4.645       2.896      -1.566       1.440       4.155       0.972
Gaia DR3 4066525686416838016 272.3543742 -23.3001708 19.703  2.813       1.256  69.9181  82.5250    66.02      nan      nan   12.524  nan      nan    nan   2.802     nan                                None     -19.055      -9.488     -18.735       1.583     -12.788       1.110
Gaia DR3 4060185558765827200 265.4521043 -28.6381419 19.402  2.206       2.688  69.5084  82.5418    66.46      nan      nan   12.432  nan      nan    nan   2.431     nan                                None      -0.114       7.281      -6.808       1.113       9.480       0.617
Gaia DR3 4056570429158621952 267.8968370 -29.3158112 19.490    nan       2.858  67.6547  82.5573    66.37      nan      nan   12.044  nan      nan    nan   1.170     nan                                None      -6.575       8.980      -5.310       0.774       1.836       0.579
Gaia DR3 4063192615826884608 270.3020968 -27.1566523 19.253    nan       1.158  68.0283  82.5601    66.31      nan      nan   12.119  nan      nan    nan   1.180     nan                                None     -13.005       2.449     -10.096       0.661       1.908       0.431
Gaia DR3 4062293971308861440 270.6324164 -29.3018397 19.015  1.918       2.461  66.1722  82.5675    66.20      nan      nan   11.749  nan      nan    nan   2.859     nan                                None     -13.457       8.487      -7.713       1.162       6.451       0.799
Gaia DR3 4052449635594864384 273.6540742 -27.3316255 18.895  1.343       2.358  66.0284  82.5699    65.95      nan      nan   11.721  nan      nan    nan   5.016     nan                                None     -21.149       2.416     -16.052       1.289       5.239       0.839
Gaia DR3 4065611580014000896 273.9654071 -23.6832571 19.776  2.094       2.030  68.7075  82.5732    65.84      nan      nan   12.256  nan      nan    nan   1.435     nan                                None     -22.945      -8.379     -17.907       1.101      -9.844       0.711
Gaia DR3 4110378848715785088 263.6589315 -24.0179274 19.429  2.481       1.716  74.1618  82.5860    66.44      nan      nan   13.488  nan      nan    nan   1.715     nan                                None       5.188      -7.390       0.420       1.448      -6.352       0.944
Gaia DR3 4374694881291983360 261.7061069   0.2686064  9.361  0.970       2.191  95.0925  82.5945    59.39      nan      nan   20.200  nan      nan    nan   0.947     nan                                None      16.423    -126.525      23.919       0.016    -132.083       0.013
Gaia DR3 4116343355710567936 264.5481271 -24.0617536 20.083  2.394       1.151  73.6426  82.5967    66.46      nan      nan   13.359  nan      nan    nan   1.788     nan                                None       2.530      -7.152       0.678       1.913      -9.811       1.111
Gaia DR3 4119689307005967616 265.6870675 -20.3931375 19.942    nan       2.969  75.9656  82.5974    66.17      nan      nan   13.938  nan      nan    nan   2.770     nan                                None      -0.847     -19.943       3.310       1.376     -12.273       0.981
Gaia DR3 4062711338924434176 270.3404641 -28.0656958 19.157    nan       1.337  67.2958  82.6375    66.29      nan      nan   11.956  nan      nan    nan   2.505     nan                                None     -12.930       5.065     -14.612       1.073       2.146       0.734
Gaia DR3 4065558666039432832 273.7698383 -24.1973925 20.031    nan       2.442  68.4135  82.6436    65.89      nan      nan   12.181  nan      nan    nan   2.017     nan                                None     -22.286      -6.777     -16.079       2.030      -7.666       1.212
Gaia DR3 4061184770028155648 263.4212135 -27.8428994 18.805    nan       2.847  71.2281  82.6509    66.46      nan      nan   12.785  nan      nan    nan   3.379     nan                                None       5.585       4.953       1.070       1.000      -1.250       0.731
Gaia DR3 4063243640012210816 271.6966053 -26.9673933 18.898  2.410       1.709  67.4035  82.6830    66.19      nan      nan   11.968  nan      nan    nan   2.127     nan                                None     -16.491       1.703     -12.935       1.170       4.143       0.776
Gaia DR3 4111029416039048960 259.2324746 -24.5028911 20.506  2.215       1.908  76.1462  82.7585    66.17      nan      nan   13.938  nan      nan    nan   1.033     nan                                None      18.877      -6.372      13.282       2.131      -6.745       1.133
Gaia DR3 4068351558754227328 265.9708955 -24.0902641 19.985  0.871       1.073  72.8412  82.7652    66.46      nan      nan   13.127  nan      nan    nan   1.795     nan                                None      -1.616      -6.931       0.884       1.431      -8.531       0.960
Gaia DR3 4062828028852625024 271.2590140 -28.3941398 19.280  2.264       2.912  66.5330  82.7780    66.19      nan      nan   11.778  nan      nan    nan   1.068     nan                                None     -15.104       5.828     -12.447       0.690      -0.897       0.539
Gaia DR3 4061027471145421184 266.4444270 -26.5816199 19.026  3.210       1.949  70.5990  82.7807    66.50      nan      nan   12.616  nan      nan    nan   2.832     nan                                None      -2.865       1.025      -6.672       1.046       4.542       0.664
Gaia DR3 4056604002762834176 268.4885117 -28.9167100 18.591  2.368       2.451  67.6453  82.7849    66.37      nan      nan   11.996  nan      nan    nan   2.458     nan                                None      -8.106       7.737      -1.918       0.937       8.114       0.564
Gaia DR3 4062247585786336512 270.0725006 -29.9094479 18.178  1.774       2.218  66.0071  82.7911    66.21      nan      nan   11.675  nan      nan    nan   3.107     nan                                None     -11.942      10.224     -14.975       0.574       5.685       0.333
Gaia DR3 4068486390544466048 267.8124112 -23.9619376 19.712  2.893       2.580  71.9288  82.8026    66.41      nan      nan   12.907  nan      nan    nan   2.221     nan                                None      -6.807      -7.276      -6.810       1.238      -0.256       0.918
Gaia DR3 4065781725074657408 272.3225756 -24.8496191 20.040    nan       1.949  68.7145  82.8082    66.10      nan      nan   12.209  nan      nan    nan   1.797     nan                                None     -18.490      -4.644     -15.935       1.845      -0.328       1.203
Gaia DR3 4068259856803795456 264.6728894 -24.4564253 19.929  1.767       1.983  73.2582  82.8106    66.48      nan      nan   13.213  nan      nan    nan   1.678     nan                                None       2.140      -5.796      -2.652       1.424      -8.545       0.977
Gaia DR3 4064302473902562816 269.0187727 -25.9277005 19.952  2.413       1.599  69.7038  82.8570    66.41      nan      nan   12.406  nan      nan    nan   1.145     nan                                None      -9.826      -1.102      -9.721       0.891       3.079       0.666
Gaia DR3 4062335202928654848 269.4459424 -29.4338794 18.955    nan       1.724  66.7192  82.8738    66.28      nan      nan   11.796  nan      nan    nan   1.551     nan                                None     -10.447       9.023     -12.226       0.533       5.122       0.355
Gaia DR3 4064533745146039424 272.8177584 -26.6325472 19.280  1.287       2.097  67.0403  82.8979    66.07      nan      nan   11.854  nan      nan    nan   1.948     nan                                None     -19.232       0.564     -14.645       1.056       3.096       0.872
Gaia DR3 4109536622775993984 261.5455275 -27.1516573 19.878  2.298       1.966  72.7795  82.9158    66.38      nan      nan   13.075  nan      nan    nan   1.785     nan                                None      11.091       2.729       6.015       1.488       0.834       1.035
Gaia DR3 4110648057301163776 262.7696077 -23.6468513 20.066  2.377       1.527  74.9431  82.9263    66.39      nan      nan   13.590  nan      nan    nan   1.881     nan                                None       7.880      -8.720       4.484       1.586     -11.479       1.147
Gaia DR3 4052674034654055680 274.1231068 -26.0891915 19.281    nan       2.867  66.7331  82.9291    65.90      nan      nan   11.788  nan      nan    nan   1.501     nan                                None     -22.472      -1.206     -17.913       1.259      -6.681       0.763
Gaia DR3 4065401298345439360 273.6405534 -24.6082482 20.256  2.718       2.983  68.1636  82.9496    65.93      nan      nan   12.067  nan      nan    nan   1.407     nan                                None     -21.739      -5.491     -14.162       1.768      -5.097       1.312
Gaia DR3 4063409258167283456 268.9213445 -28.2057219 19.932    nan       2.806  67.9657  82.9648    66.38      nan      nan   12.024  nan      nan    nan   1.037     nan                                None      -9.267       5.635      -8.258       1.066      -1.405       0.694
Gaia DR3 4116708015678859392 263.6128476 -22.8838603 20.061  1.755       1.175  75.0997  82.9668    66.37      nan      nan   13.618  nan      nan    nan   1.331     nan                                None       5.376     -11.239       8.439       1.445      -9.830       1.034
Gaia DR3 4062667946892622336 269.3442535 -28.0023224 19.391  1.997       2.073  67.8932  82.9785    66.36      nan      nan   12.007  nan      nan    nan   2.103     nan                                None     -10.366       4.996      -5.664       1.042       2.670       0.766
Gaia DR3 4060407935096433024 263.4976682 -28.1893979 19.870  2.577       1.704  70.9113  82.9793    66.45      nan      nan   12.639  nan      nan    nan   1.197     nan                                None       5.309       5.972       5.385       1.424       1.431       0.974
Gaia DR3 4064709327672435328 273.8579468 -25.6631772 19.451  1.230       2.589  67.2148  82.9801    65.93      nan      nan   11.872  nan      nan    nan   3.145     nan                                None     -21.949      -2.397     -16.334       1.706       0.841       1.068
Gaia DR3 4062602216624543616 268.9989992 -28.8059092 18.886  2.983       2.556  67.4534  82.9833    66.34      nan      nan   11.919  nan      nan    nan   2.118     nan                                None      -9.388       7.327     -14.804       1.046      10.780       0.779
Gaia DR3 4065659992814547712 271.7854562 -25.5585094 19.576  2.490       1.221  68.4579  83.0021    66.18      nan      nan   12.116  nan      nan    nan   1.620     nan                                None     -16.931      -2.447     -13.865       0.855      -1.877       0.519
Gaia DR3 4062319848424941568 269.7281709 -29.5143922 19.245  2.099       1.054  66.5024  83.0035    66.26      nan      nan   11.730  nan      nan    nan   1.628     nan                                None     -11.113       9.177      -8.550       0.982       9.640       0.637
Gaia DR3 4060466655872443264 264.8720082 -27.9336072 19.826  2.794       0.882  70.3782  83.0124    66.48      nan      nan   12.516  nan      nan    nan   1.417     nan                                None       1.480       5.168       0.142       1.065       3.265       0.565
Gaia DR3 4068400422486504576 265.4054738 -23.8210307 19.634    nan       2.404  73.3667  83.0162    66.45      nan      nan   13.188  nan      nan    nan   1.906     nan                                None       0.014      -7.829       5.863       1.143     -11.061       0.837
Gaia DR3 2927383811282021248 107.3948130 -24.1091594 12.661  1.963       2.794  79.7256  83.0497   -38.48      nan      nan   14.808  nan      nan    nan   1.029     nan                                None      69.763    -154.456      68.432       0.008    -163.077       0.011
Gaia DR3 4062743499649915136 269.7495073 -28.0817650 19.761    nan       1.260  67.6085  83.0989    66.33      nan      nan   11.927  nan      nan    nan   1.049     nan                                None     -11.356       5.158      -9.361       1.030       2.697       0.722
Gaia DR3 4060979852909549056 265.1154823 -26.6567097 19.908    nan       2.814  71.2612  83.0996    66.51      nan      nan   12.689  nan      nan    nan   1.298     nan                                None       0.822       1.275      -6.077       1.334       4.287       0.608
Gaia DR3 4050856752402667008 273.0207208 -28.3867978 18.746  1.346       1.977  65.5625  83.1320    66.00      nan      nan   11.529  nan      nan    nan   2.939     nan                                None     -19.214       5.435     -15.827       1.139       2.027       0.745
Gaia DR3 4116963853956188928 265.7060663 -22.5088825 19.425    nan       2.124  74.2533  83.1347    66.37      nan      nan   13.368  nan      nan    nan   1.150     nan                                None      -0.868     -12.226      -6.007       0.790      -9.160       0.609
Gaia DR3 4063313940097987200 271.3555906 -26.6404252 19.658  1.160       2.005  67.8488  83.1375    66.23      nan      nan   11.967  nan      nan    nan   1.809     nan                                None     -15.598       0.793     -16.491       1.256      -4.187       0.753
Gaia DR3 2997195309213486208  90.3754600 -13.8746797 13.400  2.310       0.264  78.8037  83.1391   -50.64      nan      nan   14.527  nan      nan    nan   1.206     nan                                None      15.822    -131.182      15.505       0.013    -131.926       0.014
Gaia DR3 4108385846477098368 260.4096941 -26.2735835 20.274    nan       2.310  74.0883  83.1457    66.31      nan      nan   13.326  nan      nan    nan   1.086     nan                                None      14.618      -0.193       8.755       1.883       2.587       1.389
Gaia DR3 4052285052430250752 274.9984646 -27.4123364 19.428    nan       2.397  65.2128  83.1484    65.76      nan      nan   11.462  nan      nan    nan   3.139     nan                                None     -24.025       2.346     -20.284       1.319      -2.078       0.976
Gaia DR3 4062336409815424000 269.4203253 -29.3728111 19.793  2.102       1.380  66.7808  83.1589    66.29      nan      nan   11.754  nan      nan    nan   1.406     nan                                None     -10.344       8.818     -12.479       1.250       6.146       0.706
Gaia DR3 4111734168588616192 261.0233719 -22.7630031 20.556  1.728       2.698  76.6018  83.1890    66.23      nan      nan   13.934  nan      nan    nan   1.220     nan                                None      13.413     -12.076       5.488       2.576     -12.134       1.371
Gaia DR3 4063066240766363392 272.2626543 -27.0265165 19.522    nan       2.327  67.0424  83.1913    66.13      nan      nan   11.798  nan      nan    nan   1.771     nan                                None     -17.714       1.773     -12.709       1.099      -1.131       0.811
Gaia DR3 4064816220761432320 272.4720174 -26.2014697 19.316    nan       2.559  67.5704  83.1917    66.11      nan      nan   11.901  nan      nan    nan   1.689     nan                                None     -18.412      -0.632     -12.736       0.875      -3.633       0.666
Gaia DR3 4116488388175023616 265.1641414 -23.3400005 19.399  2.101       1.532  73.8845  83.2097    66.43      nan      nan   13.261  nan      nan    nan   2.264     nan                                None       0.717      -9.434       0.882       1.015      -5.154       0.656
Gaia DR3 4068041294550320000 266.3126361 -24.9422607 18.063  3.373       2.809  71.9740  83.2190    66.49      nan      nan   12.820  nan      nan    nan   2.320     nan                                None      -2.540      -4.101      -6.694       0.547       2.255       0.330
Gaia DR3 4062603487932114048 268.8359263 -28.8399808 19.169  1.567       2.825  67.5159  83.2244    66.35      nan      nan   11.884  nan      nan    nan   1.471     nan                                None      -8.936       7.418      -2.079       1.043       9.172       0.733
Gaia DR3 4067261706373658496 266.7011647 -25.3346684 18.625  2.999       2.602  71.4487  83.2310    66.49      nan      nan   12.700  nan      nan    nan   2.695     nan                                None      -3.600      -2.852      -1.392       0.591       3.755       0.470
Gaia DR3 4068352731149977856 265.8904954 -24.0686253 19.910    nan       2.589  72.9027  83.2359    66.46      nan      nan   13.026  nan      nan    nan   1.142     nan                                None      -1.373      -6.947      -3.575       1.476      -0.188       0.848
Gaia DR3 4062402135726370560 270.7719959 -28.9613197 18.904    nan       2.658  66.3602  83.2827    66.21      nan      nan   11.651  nan      nan    nan   1.654     nan                                None     -13.700       7.433      -8.604       0.776       3.351       0.563
Gaia DR3 4050797855500375552 271.6341403 -28.6306317 18.839  1.386       2.974  66.1419  83.2872    66.15      nan      nan   11.609  nan      nan    nan   2.222     nan                                None     -15.838       6.364     -14.867       0.691      -0.849       0.476
Gaia DR3 4050484773895436544 272.9753051 -29.2482767 19.064    nan       2.394  64.9212  83.2984    65.97      nan      nan   11.382  nan      nan    nan   2.375     nan                                None     -18.857       7.755     -17.003       0.799       2.317       0.642
Gaia DR3 4063330540010199424 271.0568813 -26.4961657 18.841  3.264       0.627  68.1279  83.3105    66.25      nan      nan   11.988  nan      nan    nan   3.167     nan                                None     -14.843       0.408     -14.487       0.941      -1.136       0.669
Gaia DR3 4068803732879104768 266.3499915 -23.2965924 20.228    nan       2.650  73.2673  83.3220    66.42      nan      nan   13.089  nan      nan    nan   1.127     nan                                None      -2.701      -9.459      -6.140       2.030      -3.006       1.429
Gaia DR3 4043733738146437504 270.4516443 -31.9379224 19.676  1.906       2.721  64.2336  83.3271    65.99      nan      nan   11.254  nan      nan    nan   1.906     nan                                None     -12.445      15.371     -11.960       1.210       8.935       0.738
Gaia DR3 4067877604669732480 265.7603098 -25.8689189 19.572    nan       2.656  71.5379  83.3436    66.51      nan      nan   12.694  nan      nan    nan   1.139     nan                                None      -0.975      -1.174      -7.825       0.871      -3.068       0.626
Gaia DR3 4116480485425524480 265.4854871 -23.3238720 19.977    nan       1.625  73.7211  83.3497    66.43      nan      nan   13.188  nan      nan    nan   1.390     nan                                None      -0.217      -9.433      -4.400       1.153      -7.726       0.792
Gaia DR3 4110899330056116992 260.4993660 -24.5501207 19.707  1.716       1.061  75.4341  83.3655    66.29      nan      nan   13.594  nan      nan    nan   2.490     nan                                None      14.645      -5.906      11.610       1.522      -5.705       1.046
Gaia DR3 4117531034433561984 263.2234599 -22.4315402 20.221    nan       2.218  75.6769  83.3659    66.33      nan      nan   13.653  nan      nan    nan   1.418     nan                                None       6.557     -12.792       0.274       1.825     -11.650       1.261
Gaia DR3 4050241915125594240 270.3349046 -29.8894779 18.960    nan       2.740  65.8791  83.3667    66.19      nan      nan   11.545  nan      nan    nan   1.519     nan                                None     -12.472      10.027      -8.603       1.071       4.595       0.590
Gaia DR3 4063162280459778304 270.3863497 -27.5442654 18.272  2.512       1.042  67.6782  83.4035    66.30      nan      nan   11.881  nan      nan    nan   2.743     nan                                None     -12.969       3.516     -14.608       0.819       1.487       0.566
Gaia DR3 4063338747833785344 271.3534159 -26.5548399 19.357  1.566       2.825  67.9171  83.4054    66.23      nan      nan   11.928  nan      nan    nan   2.066     nan                                None     -15.541       0.541     -16.959       1.008      -6.419       0.674
Gaia DR3 4052664792018903680 273.9485711 -26.2772201 19.312    nan       2.763  66.6844  83.4206    65.92      nan      nan   11.686  nan      nan    nan   2.693     nan                                None     -21.835      -0.632     -19.603       1.397      -7.062       1.027
Gaia DR3 4062863350678093952 271.6332839 -28.0421305 19.076    nan       2.939  66.6001  83.4395    66.17      nan      nan   11.667  nan      nan    nan   2.379     nan                                None     -15.915       4.724      -9.409       0.878       1.573       0.606
Gaia DR3 4064750662356696960 273.3983750 -25.7759767 19.627  1.722       1.850  67.3846  83.4429    65.99      nan      nan   11.816  nan      nan    nan   2.191     nan                                None     -20.664      -1.988     -16.205       1.221      -3.150       0.864
Gaia DR3 4063186813215104640 270.2158992 -27.1917621 19.419    nan       1.113  68.0484  83.4437    66.32      nan      nan   11.946  nan      nan    nan   1.636     nan                                None     -12.594       2.525      -9.998       0.755       3.580       0.543
Gaia DR3 4067957353672939008 265.6425029 -25.3229977 19.284  2.652       1.951  72.0370  83.4437    66.50      nan      nan   12.782  nan      nan    nan   2.745     nan                                None      -0.651      -2.890       3.863       1.158      -0.197       0.892
Gaia DR3 4061006790870108928 265.8115391 -26.9062566 19.508  2.956       0.954  70.6856  83.4484    66.51      nan      nan   12.487  nan      nan    nan   2.232     nan                                None      -1.100       2.017      -1.926       1.363       4.389       0.876
Gaia DR3 4058855562108551552 262.9125804 -28.9389710 18.724  3.108       2.768  70.6259  83.4659    66.39      nan      nan   12.470  nan      nan    nan   3.606     nan                                None       6.839       8.148       5.910       0.999       0.931       0.713
Gaia DR3 4110580952688830208 263.1456590 -23.8526932 20.358  1.769       2.503  74.5734  83.4694    66.41      nan      nan   13.359  nan      nan    nan   1.518     nan                                None       6.643      -7.880       4.111       1.696     -14.459       1.031
Gaia DR3 4064837519557024384 272.2158642 -25.9851754 19.298    nan       2.164  67.8828  83.5232    66.14      nan      nan   11.898  nan      nan    nan   1.930     nan                                None     -17.742      -1.222     -12.801       0.865       1.023       0.653
Gaia DR3 4061733258837203712 264.8669084 -26.6004474 19.067    nan       2.766  71.4405  83.5301    66.51      nan      nan   12.631  nan      nan    nan   1.539     nan                                None       1.508       1.093      -5.652       0.823       2.817       0.472
Gaia DR3 4089890751005116672 277.1190652 -22.5966796 19.595    nan       1.793  67.7719  83.5320    65.23      nan      nan   11.874  nan      nan    nan   1.273     nan                                None     -30.325     -11.800     -27.920       1.464     -15.590       1.195
Gaia DR3 4068024733071288192 266.5137686 -25.0208538 20.010  2.885       2.801  71.8012  83.5534    66.49      nan      nan   12.705  nan      nan    nan   1.159     nan                                None      -3.079      -3.824       0.828       1.029       2.578       0.767
Gaia DR3 4116962621304328960 265.8808861 -22.4754415 20.038  2.406       2.316  74.1838  83.5563    66.37      nan      nan   13.245  nan      nan    nan   1.251     nan                                None      -1.369     -12.223       2.450       1.139      -7.003       0.852
Gaia DR3 4116831916847628544 264.4779349 -22.3402859 19.921  1.740       1.568  75.0642  83.5583    66.35      nan      nan   13.453  nan      nan    nan   1.304     nan                                None       2.755     -12.866       4.815       1.778     -16.809       0.915
Gaia DR3 4063067580886710400 272.3594599 -26.9689368 19.584    nan       2.420  67.0334  83.5939    66.12      nan      nan   11.720  nan      nan    nan   1.616     nan                                None     -17.845       1.583     -13.462       1.039      -2.484       0.767
Gaia DR3 4062311945546023552 270.4087818 -29.1392294 18.588    nan       2.929  66.4214  83.6022    66.23      nan      nan   11.603  nan      nan    nan   1.845     nan                                None     -12.722       7.947      -5.557       0.506       7.961       0.366
Gaia DR3 4062536413464999168 269.2282871 -29.0531022 18.864  2.307       1.061  67.1350  83.6863    66.32      nan      nan   11.722  nan      nan    nan   2.692     nan                                None      -9.822       7.896      -7.427       1.023       6.830       0.767
Gaia DR3 4063129943535606144 271.1308428 -27.4481461 19.185    nan       2.901  67.3417  83.6866    66.24      nan      nan   11.762  nan      nan    nan   2.316     nan                                None     -14.753       3.122      -9.257       1.363      -1.518       0.797
Gaia DR3 4061737691302665728 264.6135415 -26.6738552 20.215  2.047       2.342  71.5190  83.6954    66.51      nan      nan   12.611  nan      nan    nan   1.000     nan                                None       2.207       1.314       2.145       1.420       7.541       0.764
Gaia DR3 4121600189528575744 263.2395431 -19.2967724 20.210  1.697       2.920  78.2060  83.7328    65.98      nan      nan   14.190  nan      nan    nan   1.551     nan                                None       6.765     -24.132       3.262       1.287     -16.130       0.707
Gaia DR3 4123277425863392000 264.6890586 -18.1800506  9.238  1.036       2.162  78.3091  83.7329    65.85      nan      nan   14.217  nan      nan    nan   2.176     nan                                None       2.253     -27.994       7.526       0.054     -24.230       0.035
Gaia DR3 4068395268521142400 265.2509395 -23.8265553 19.465  2.100       0.561  73.4469  83.7471    66.45      nan      nan   13.028  nan      nan    nan   1.091     nan                                None       0.456      -7.717      -0.786       0.876      -6.806       0.510
Gaia DR3 4064552058879200512 273.0267873 -26.7193390 19.165  1.526       2.274  66.8558  83.7485    66.04      nan      nan   11.658  nan      nan    nan   1.970     nan                                None     -19.444       0.769     -16.850       0.839      -4.182       0.567
Gaia DR3 4062564386602641920 269.6819603 -28.8911975 18.884  3.631       2.919  67.0132  83.7495    66.30      nan      nan   11.687  nan      nan    nan   1.476     nan                                None     -10.955       7.371      -5.162       0.592       3.107       0.385
Gaia DR3 4050100941221244928 271.6919892 -29.9121164 19.375    nan       2.654  65.1170  83.7628    66.07      nan      nan   11.336  nan      nan    nan   2.048     nan                                None     -15.609       9.743     -10.602       1.149       5.850       0.714
Gaia DR3 4062796826064473344 269.7490143 -27.6531184 19.498    nan       0.532  67.9443  83.7988    66.34      nan      nan   11.856  nan      nan    nan   1.579     nan                                None     -11.288       3.887     -10.071       1.071       4.421       0.734
Gaia DR3 4050418425275752704 271.4925873 -28.8496789 18.797  1.806       0.585  66.0499  83.8091    66.15      nan      nan   11.497  nan      nan    nan   1.932     nan                                None     -15.330       6.935     -14.206       0.880       7.799       0.637
Gaia DR3 4067065821586382464 266.4905140 -26.0261185 20.043    nan       2.326  71.0146  83.8394    66.50      nan      nan   12.471  nan      nan    nan   1.748     nan                                None      -2.958      -0.684       2.209       1.402      -3.954       1.017
Gaia DR3 4049261185048780288 272.3678349 -30.4824541 19.516    nan       2.866  64.3053  83.8543    65.95      nan      nan   11.178  nan      nan    nan   2.273     nan                                None     -17.039      11.060     -15.745       1.431       4.432       1.124
Gaia DR3 4062279166346147712 269.8696071 -29.4701245 18.353  1.951       2.650  66.4595  83.8598    66.25      nan      nan   11.563  nan      nan    nan   1.472     nan                                None     -11.314       8.908     -11.759       0.373       2.463       0.263
Gaia DR3 4117568928926760704 263.9199068 -22.3567029 20.125  2.171       2.579  75.3568  83.8696    66.34      nan      nan   13.443  nan      nan    nan   1.432     nan                                None       4.401     -12.816       3.436       1.582      -5.571       1.087
Gaia DR3 4052300582984867840 275.4560909 -27.2967212 19.807  2.946       2.567  65.0453  83.8725    65.69      nan      nan   11.305  nan      nan    nan   1.947     nan                                None     -24.815       1.908     -18.703       1.503       2.143       1.019
Gaia DR3 4067674263761186048 267.7256695 -24.7530655 19.976  1.510       2.849  71.3477  83.8740    66.45      nan      nan   12.535  nan      nan    nan   1.267     nan                                None      -6.372      -4.636      -7.601       1.141       2.791       0.579
Gaia DR3 4064994852833614208 272.4890596 -25.4482852 19.596  2.786       1.207  68.1510  83.9005    66.10      nan      nan   11.877  nan      nan    nan   1.659     nan                                None     -18.419      -2.810     -18.788       0.994       0.189       0.679
Gaia DR3 4066826540283949056 266.7211996 -26.7737190 19.122  3.259       0.926  70.2959  83.9051    66.50      nan      nan   12.307  nan      nan    nan   1.458     nan                                None      -3.543       1.572      -5.634       0.881       2.754       0.446
Gaia DR3 4068546485773673984 267.1420845 -23.8639212 20.053    nan       2.008  72.3773  83.9094    66.43      nan      nan   12.750  nan      nan    nan   1.292     nan                                None      -4.849      -7.465      -9.030       1.561      -4.051       0.949
Gaia DR3 4056400073462235008 268.3214347 -29.8616063 18.248  1.930       2.971  66.9977  83.9119    66.31      nan      nan   11.654  nan      nan    nan   2.476     nan                                None      -7.448      10.218      -0.771       0.565       7.268       0.515
Gaia DR3 4056283971948040320 268.7999110 -30.0942207 19.305  2.106       2.386  66.5568  83.9201    66.27      nan      nan   11.570  nan      nan    nan   1.602     nan                                None      -8.609      10.768      -3.876       1.180       7.380       0.666
Gaia DR3 4063171763708266368 270.5011711 -27.3658476 19.366  2.226       2.366  67.7544  83.9235    66.29      nan      nan   11.796  nan      nan    nan   2.137     nan                                None     -13.172       2.965     -12.193       1.244       8.767       0.676
Gaia DR3 4068774114825125120 266.7022181 -23.4271933 19.833  1.996       2.977  72.9686  83.9429    66.42      nan      nan   12.873  nan      nan    nan   1.131     nan                                None      -3.652      -8.899      -7.759       1.364      -1.942       0.921
Gaia DR3 4116456502306021120 264.8574876 -23.5510020 18.888  2.167       2.150  73.8832  83.9500    66.44      nan      nan   13.078  nan      nan    nan   2.025     nan                                None       1.588      -8.631      -2.402       0.547      -4.248       0.426
Gaia DR3 4116504056247382272 264.8807019 -23.4907170 19.648  1.981       1.422  73.9189  83.9683    66.43      nan      nan   13.082  nan      nan    nan   1.401     nan                                None       1.522      -8.826       1.400       1.198      -4.906       0.677
Gaia DR3 4050779305528275072 271.8151186 -28.8468345 19.097  1.197       2.617  65.8740  83.9799    66.12      nan      nan   11.435  nan      nan    nan   2.405     nan                                None     -16.052       6.847     -10.119       0.962       4.703       0.684
Gaia DR3 2938818148089618048  98.8023654 -20.8023638 13.955  2.325       0.431  77.8986  83.9854   -43.80      nan      nan   14.039  nan      nan    nan   3.949     nan                                None      40.919    -142.468      40.203       0.030    -143.523       0.043
Gaia DR3 4062802774493870848 270.0059586 -27.4957911 19.109  2.256       1.013  67.9260  84.0095    66.33      nan      nan   11.812  nan      nan    nan   1.435     nan                                None     -11.910       3.394     -12.119       0.632       0.881       0.404
Gaia DR3 4063391459804380288 268.3769946 -28.4030142 18.868    nan       1.516  68.1086  84.0234    66.40      nan      nan   11.845  nan      nan    nan   2.386     nan                                None      -7.714       6.160      -4.411       0.880       4.310       0.509
Gaia DR3 4060197030631117568 265.2609538 -28.5067271 19.532  4.440       1.175  69.7151  84.0395    66.46      nan      nan   12.160  nan      nan    nan   1.926     nan                                None       0.399       6.730      -2.613       1.080       6.764       0.525
Gaia DR3 4050861352351470336 272.9253200 -28.2703488 18.654    nan       2.658  65.7058  84.0403    66.02      nan      nan   11.394  nan      nan    nan   2.580     nan                                None     -18.752       5.064     -12.369       0.813       5.175       0.546
Gaia DR3 4117746229443569792 262.7074689 -22.0546529 20.367  1.770       0.569  76.2628  84.0828    66.27      nan      nan   13.606  nan      nan    nan  10.882     nan                                None       8.074     -14.024       7.741       1.741     -12.425       1.323
Gaia DR3 4062527205301035136 270.7479503 -27.9985016 19.032    nan       1.253  67.1236  84.0985    66.25      nan      nan   11.643  nan      nan    nan   1.318     nan                                None     -13.630       4.698     -11.912       0.778       2.147       0.553
Gaia DR3 4056494498297581952 268.4024610 -29.7933594 19.042  1.948       0.915  67.0070  84.1204    66.32      nan      nan   11.618  nan      nan    nan   1.561     nan                                None      -7.631       9.987      -9.254       1.132       8.441       0.608
Gaia DR3 4064700492950684672 273.6800875 -25.8323023 19.051  1.326       2.895  67.1825  84.1736    65.95      nan      nan   11.641  nan      nan    nan   3.568     nan                                None     -21.070      -1.843     -23.153       1.042      -8.634       0.756
Gaia DR3 4066821214517812608 266.8101424 -26.8940408 19.652  3.686       2.426  70.1521  84.1842    66.49      nan      nan   12.219  nan      nan    nan   1.625     nan                                None      -3.756       1.918      -9.934       1.123       0.977       0.612
Gaia DR3 4067612450574677888 268.0644644 -24.7933366 20.542    nan       2.206  71.1287  84.2038    66.43      nan      nan   12.417  nan      nan    nan   1.106     nan                                None      -7.236      -4.487      -3.873       1.491       0.206       0.823
Gaia DR3 4060255854505549312 265.1363187 -28.3029951 19.256  3.382       1.876  69.9433  84.2041    66.47      nan      nan   12.173  nan      nan    nan   1.570     nan                                None       0.733       6.129       2.401       1.114      10.646       0.528
Gaia DR3 4116290269870242944 264.3886382 -24.5895251 19.426  2.319       2.814  73.3064  84.2073    66.48      nan      nan   12.887  nan      nan    nan   1.340     nan                                None       2.892      -5.238      -3.507       0.877      -1.056       0.431
Gaia DR3 4123334600354362112 263.7161288 -18.5814272 20.169    nan       2.956  78.5234  84.2084    65.89      nan      nan   14.134  nan      nan    nan   1.311     nan                                None       5.259     -26.476      10.266       1.659     -19.229       1.064
Gaia DR3 4076410944480950656 279.4299664 -25.3240513 12.149  1.620       1.334  64.3231  84.2479    64.90      nan      nan   11.116  nan      nan    nan   0.867     nan                                None     -33.887      -4.292     -35.024       0.016      -7.203       0.013
Gaia DR3 4065006676755176704 272.6500257 -25.2606406 19.575  1.602       2.660  68.2081  84.2516    66.07      nan      nan   11.821  nan      nan    nan   1.948     nan                                None     -18.746      -3.358     -18.956       1.100      -9.983       0.697
Gaia DR3 4068020816068353024 266.5212688 -25.1098075 20.152  3.346       2.692  71.7262  84.2523    66.49      nan      nan   12.533  nan      nan    nan   1.115     nan                                None      -3.058      -3.500       0.265       0.914       2.788       0.736
Gaia DR3 4108315477775790208 260.7527525 -26.6116128 19.416  3.126       2.423  73.6340  84.2620    66.34      nan      nan   12.947  nan      nan    nan   1.790     nan                                None      13.231       0.918       7.490       0.952      -2.367       0.691
Gaia DR3 4050972579129363072 272.7273413 -27.6734299 19.066    nan       1.470  66.2796  84.2729    66.06      nan      nan   11.456  nan      nan    nan   1.535     nan                                None     -18.361       3.459     -15.180       0.944       5.032       0.689
Gaia DR3 4066373674673469952 273.9687871 -23.3981623 19.493    nan       2.686  68.9301  84.3102    65.82      nan      nan   11.949  nan      nan    nan   1.669     nan                                None     -22.378      -8.995     -16.272       0.881      -6.082       0.576
Gaia DR3 4260625703897944448 287.4487458  -3.6806852  8.034  0.859       2.884  77.1114  84.3312    57.07      nan      nan   13.746  nan      nan    nan   0.886     nan                                None     -64.910     -74.824     -56.604       0.023     -75.762       0.020
Gaia DR3 4144686459041918976 269.3817926 -16.8246296 12.093  1.790       2.458  76.7693  84.3413    65.48      nan      nan   13.660  nan      nan    nan   0.872     nan                                None     -11.906     -31.494      -5.084       0.018     -33.380       0.013
Gaia DR3 4061845855684150784 264.9360812 -26.2806313 20.170  2.849       1.754  71.6578  84.3431    66.51      nan      nan   12.498  nan      nan    nan   1.154     nan                                None       1.302       0.103      -3.098       1.076      -1.305       0.918
Gaia DR3 4063964167916099968 270.0051894 -26.8130149 19.736  2.725       2.894  68.4619  84.3434    66.34      nan      nan   11.852  nan      nan    nan   1.987     nan                                None     -11.948       1.429     -12.569       1.293       8.632       0.793
Gaia DR3 4058746332411488896 262.7807613 -29.7831390 19.915  3.203       1.287  70.0246  84.3467    66.33      nan      nan   12.160  nan      nan    nan   1.953     nan                                None       7.021      10.446       8.003       1.741      13.596       1.030
Gaia DR3 4050322939468479488 271.7797604 -29.4868119 19.246    nan       1.208  65.3976  84.3550    66.09      nan      nan   11.284  nan      nan    nan   2.318     nan                                None     -15.754       8.519     -17.094       1.376       5.977       0.998
Gaia DR3 4050297719456537216 271.4640219 -29.6919509 19.298    nan       2.494  65.4127  84.3625    66.10      nan      nan   11.286  nan      nan    nan   1.844     nan                                None     -14.978       9.125     -16.778       1.156       3.473       0.804
Gaia DR3 4068295865919538048 264.9972531 -24.1103784 20.445  2.096       1.682  73.3584  84.3723    66.47      nan      nan   12.860  nan      nan    nan   1.146     nan                                None       1.167      -6.726      -1.138       1.529      -2.790       0.789
Gaia DR3 4052499418628275840 273.1820108 -27.0333330 19.038  1.200       2.853  66.5243  84.4037    66.02      nan      nan   11.478  nan      nan    nan   2.869     nan                                None     -19.531       1.610     -13.824       1.056       5.494       0.716
Gaia DR3 4068281847068925312 264.9383396 -24.3754439 20.236  2.517       1.723  73.1783  84.4052    66.48      nan      nan   12.813  nan      nan    nan   1.412     nan                                None       1.329      -5.870       0.489       1.875      -1.293       1.060
Gaia DR3 4050739173388285056 271.9903726 -28.7564852 19.191    nan       2.755  65.8472  84.4141    66.11      nan      nan   11.354  nan      nan    nan   1.530     nan                                None     -16.373       6.525     -11.536       0.835       2.044       0.555
Gaia DR3 3446387075207100032  80.1854248  28.8932315  8.319  1.039       1.175 107.9030  84.4172   -66.23      nan      nan   24.105  nan      nan    nan   7.120     nan                                None     -27.625      15.012     -30.792       0.156       9.950       0.120
Gaia DR3 4062827960083783040 271.2711993 -28.4103247 18.819    nan       0.838  66.5137  84.4309    66.19      nan      nan   11.471  nan      nan    nan   2.294     nan                                None     -14.740       5.719     -12.958       0.778       4.756       0.597
Gaia DR3 4064126169787869824 271.1160010 -25.9323209 19.775  3.415       0.200  68.5375  84.4434    66.25      nan      nan   11.847  nan      nan    nan   1.265     nan                                None     -14.822      -1.233     -14.840       1.382      -0.735       0.988
Gaia DR3 4061044857173691392 266.2591890 -26.4382039 19.566  4.093       1.744  70.8137  84.4510    66.51      nan      nan   12.299  nan      nan    nan   2.179     nan                                None      -2.293       0.571      -0.625       0.891       4.775       0.671
Gaia DR3 4068871597542789632 267.3608223 -23.0722559 20.064  2.331       0.886  72.8881  84.4524    66.38      nan      nan   12.738  nan      nan    nan   1.027     nan                                None      -5.456      -9.932      -6.839       1.278     -11.869       0.889
Gaia DR3 4060843960166055680 264.9847418 -27.8460791 19.136    nan       2.046  70.3870  84.4586    66.49      nan      nan   12.210  nan      nan    nan   2.701     nan                                None       1.142       4.782       4.090       1.145       9.146       0.694
Gaia DR3 4064909266915270144 271.7862697 -25.5875761 19.646    nan       2.898  68.4346  84.4713    66.18      nan      nan   11.822  nan      nan    nan   1.198     nan                                None     -16.521      -2.304     -10.482       0.897       1.659       0.645
Gaia DR3 4050361865026760704 271.1276005 -29.3948927 18.918  1.838       1.502  65.8279  84.4764    66.15      nan      nan   11.340  nan      nan    nan   2.835     nan                                None     -14.216       8.391     -13.903       0.983       4.815       0.641
Gaia DR3 4050312146495672320 271.3520011 -29.5495410 19.195  0.803       1.599  65.5846  84.4890    66.12      nan      nan   11.294  nan      nan    nan   1.608     nan                                None     -14.713       8.755     -11.425       0.727       6.834       0.680
Gaia DR3 4063112115173828096 270.6476647 -27.6000708 19.031    nan       1.259  67.4902  84.5373    66.27      nan      nan   11.631  nan      nan    nan   1.462     nan                                None     -13.361       3.573     -10.283       0.713       3.348       0.543
Gaia DR3 4064630575075477248 272.6327080 -26.1195421 19.407  1.803       2.545  67.5447  84.5461    66.09      nan      nan   11.640  nan      nan    nan   2.167     nan                                None     -18.415      -0.872     -13.338       1.288      -4.506       0.791
Gaia DR3 4063967707044597376 269.8675485 -26.7856283 19.636  2.671       2.220  68.5595  84.5727    66.35      nan      nan   11.827  nan      nan    nan   2.178     nan                                None     -11.566       1.360      -8.897       1.415       6.208       0.847
Gaia DR3 5505488508232957952 107.9189971 -49.3230179 15.301  2.326       2.543  59.6286  84.5758   -13.61      nan      nan   10.321  nan      nan    nan   1.035     nan                                None      49.725    -132.747      44.288       0.027    -133.777       0.030
Gaia DR3 4056306825423759872 269.1936855 -29.8111549 19.225  2.026       2.815  66.5630  84.5821    66.27      nan      nan   11.453  nan      nan    nan   1.214     nan                                None      -9.510       9.836      -3.493       1.097       6.677       0.543
Gaia DR3 4067392754407844352 268.4499101 -25.4009521 19.366  2.838       2.189  70.4343  84.5927    66.43      nan      nan   12.192  nan      nan    nan   1.226     nan                                None      -8.136      -2.616      -3.345       1.078       0.337       0.575
Gaia DR3 2334814629505621376   0.8082648 -25.5887294 12.614  1.454       1.989  29.2457  84.6037     7.64      nan      nan    7.519  nan      nan    nan   1.329     nan                                None     -94.200     -45.922     -91.109       0.017     -45.298       0.014
Gaia DR3 4107810969379032960 258.7150803 -27.9103452 19.351  1.674       1.837  73.6549  84.6273    66.13      nan      nan   12.866  nan      nan    nan   2.589     nan                                None      18.878       4.726      17.639       1.327      -0.101       0.829
Gaia DR3 4062264800009130112 269.7891970 -29.7911956 16.530    nan       2.480  66.2537  84.6329    66.24      nan      nan   11.388  nan      nan    nan   3.728     nan                                None     -10.942       9.673      -7.540       0.293       4.786       0.202
Gaia DR3 4059053233605871744 261.1743529 -30.0673398 19.972    nan       1.218  70.6412  84.6735    66.22      nan      nan   12.218  nan      nan    nan   1.767     nan                                None      11.357      11.214      12.615       1.590       8.341       0.989
Gaia DR3 4050416982165170944 271.4401384 -28.8931320 19.220  2.678       2.112  66.0451  84.6999    66.15      nan      nan   11.339  nan      nan    nan   1.661     nan                                None     -14.990       6.967     -10.783       0.941       4.174       0.618
Gaia DR3 4063144580915822592 270.8807601 -27.3730367 19.642  2.396       1.266  67.5388  84.7058    66.26      nan      nan   11.609  nan      nan    nan   1.497     nan                                None     -13.927       2.898     -10.881       1.037       2.332       0.747
Gaia DR3 4063188870659817216 270.3805541 -27.2028550 19.176    nan       2.720  67.9487  84.7076    66.30      nan      nan   11.685  nan      nan    nan   1.538     nan                                None     -12.740       2.485      -6.070       0.751       1.839       0.497
Gaia DR3 4068466942909089024 267.1664980 -24.2334765 19.706  2.323       2.117  72.0693  84.7140    66.45      nan      nan   12.504  nan      nan    nan   1.460     nan                                None      -4.822      -6.192      -1.470       0.954      -1.730       0.792
Gaia DR3 4050902446678222080 273.0500119 -27.9980359 18.999  0.052       2.360  65.8478  84.7224    66.02      nan      nan   11.301  nan      nan    nan   2.366     nan                                None     -18.906       4.255     -13.380       0.951       3.216       0.748
Gaia DR3 4052282131801538560 274.8950854 -27.5435506 19.323  1.067       2.991  65.1691  84.7246    65.77      nan      nan   11.182  nan      nan    nan   2.582     nan                                None     -23.188       2.663     -17.065       1.091       6.157       0.827
Gaia DR3 4043823829440673152 270.7698381 -31.7774570 19.682    nan       2.310  64.1840  84.7260    65.98      nan      nan   11.014  nan      nan    nan   2.129     nan                                None     -12.946      14.577     -12.374       1.254       9.244       1.058
Gaia DR3 4062614169589339648 269.1103978 -28.6059139 19.685    nan       2.850  67.5489  84.7361    66.35      nan      nan   11.606  nan      nan    nan   1.256     nan                                None      -9.425       6.559      -4.270       1.110       1.865       0.959
Gaia DR3 4060890826777057792 265.6642094 -27.1949390 19.901  3.327       1.553  70.5365  84.7361    66.50      nan      nan   12.184  nan      nan    nan   1.305     nan                                None      -0.679       2.830      -4.663       0.993       3.019       0.611
Gaia DR3 6389692532104608128 353.1926285 -66.1463950 14.995  2.280       0.626  11.8108  84.7614    27.84      nan      nan    6.927  nan      nan    nan   1.043     nan                                None     -87.105     -14.296     -86.317       0.022     -13.834       0.025
Gaia DR3 4056478246134069504 268.5589429 -29.8810333 18.797    nan       2.876  66.8537  84.7882    66.30      nan      nan   11.469  nan      nan    nan   1.776     nan                                None      -7.927      10.094      -1.192       0.893       8.361       0.505
Gaia DR3 4050382858792263296 271.0323273 -29.2025705 18.774  1.339       1.426  66.0295  84.7914    66.17      nan      nan   11.321  nan      nan    nan   3.287     nan                                None     -13.957       7.859     -16.020       1.080       5.151       0.617
Gaia DR3 4061880696486429440 265.3796843 -25.9130701 20.233    nan       2.964  71.7099  84.8060    66.51      nan      nan   12.409  nan      nan    nan   1.352     nan                                None       0.084      -1.012      -7.321       1.244      -3.312       0.860
Gaia DR3 4064769246903711616 273.3372425 -25.5747833 19.936  2.615       2.240  67.5764  84.8160    65.99      nan      nan   11.596  nan      nan    nan   1.455     nan                                None     -20.125      -2.508     -15.190       1.187      -4.879       0.826
Gaia DR3 4050809812677847424 271.7544479 -28.4410060 19.107    nan       1.104  66.2227  84.8193    66.14      nan      nan   11.350  nan      nan    nan   1.845     nan                                None     -15.783       5.683     -14.437       1.011       3.411       0.691
Gaia DR3 4050952409894904320 272.4427106 -27.6686904 19.008    nan       2.765  66.4416  84.8313    66.10      nan      nan   11.387  nan      nan    nan   2.091     nan                                None     -17.544       3.466     -11.485       0.745       0.754       0.596
Gaia DR3 4068282568665687936 264.8506215 -24.3522614 19.412  2.085       1.239  73.2447  84.8436    66.47      nan      nan   12.727  nan      nan    nan   2.352     nan                                None       1.565      -5.904       2.631       1.257      -9.052       0.799
Gaia DR3 4056608160292792448 268.4398452 -28.8647882 19.643  2.587       2.989  67.7125  84.8536    66.37      nan      nan   11.615  nan      nan    nan   1.187     nan                                None      -7.724       7.347     -11.289       1.217       0.956       0.961
Gaia DR3 4089761008666220160 275.9841908 -22.3568841 19.930  1.705       2.934  68.6073  84.8959    65.42      nan      nan   11.774  nan      nan    nan   1.329     nan                                None     -27.190     -12.163     -19.996       1.475     -13.302       1.002
Gaia DR3 4062830674552549248 271.3663327 -28.2649577 19.096  1.020       1.766  66.5743  84.9066    66.19      nan      nan   11.398  nan      nan    nan   2.320     nan                                None     -14.883       5.267     -11.075       1.020       7.137       0.735
Gaia DR3 4064811685273483520 272.0796820 -26.1176308 19.880  1.970       1.441  67.8551  84.9206    66.15      nan      nan   11.629  nan      nan    nan   1.909     nan                                None     -16.996      -0.802     -20.422       1.478      -1.667       1.007
Gaia DR3 4057338304768660608 268.0805074 -28.8483128 19.099  2.915       0.877  67.9210  84.9309    66.39      nan      nan   11.639  nan      nan    nan   3.310     nan                                None      -6.823       7.338      -4.936       1.074       6.306       0.677
Gaia DR3 4067116880116322688 266.1477366 -25.9533246 20.382    nan       2.177  71.2595  84.9328    66.51      nan      nan   12.290  nan      nan    nan   1.025     nan                                None      -1.990      -0.887       0.296       1.213      -6.043       1.103
Gaia DR3 4063176123206472192 270.4248953 -27.2752871 19.724    nan       2.186  67.8675  84.9345    66.30      nan      nan   11.628  nan      nan    nan   1.310     nan                                None     -12.791       2.674      -7.447       0.889       3.070       0.619
Gaia DR3 4056078470520648320 268.3236692 -30.9853563 19.681  2.177       2.579  66.1216  84.9370    66.22      nan      nan   11.312  nan      nan    nan   1.596     nan                                None      -7.235      13.019      -6.313       1.441       6.939       0.832
Gaia DR3 4062695915664302592 270.0109531 -28.2363922 18.691  1.615       1.856  67.3438  84.9391    66.30      nan      nan   11.531  nan      nan    nan   2.177     nan                                None     -11.639       5.398     -15.237       0.730       2.675       0.507
Gaia DR3 4063196017442796800 270.2771068 -27.0366657 19.932  2.656       1.689  68.1361  84.9425    66.32      nan      nan   11.677  nan      nan    nan   1.867     nan                                None     -12.467       2.020     -15.862       1.543      -0.380       0.976
Gaia DR3 4055506861933323008 267.3678964 -32.4348431 14.050  2.192       1.301  65.5099  84.9471    66.10      nan      nan   11.204  nan      nan    nan   0.838     nan                                None      -4.816      16.903      -4.740       0.030      19.974       0.018
Gaia DR3 4050406532499494784 271.5199994 -28.8888720 18.865  1.501       2.545  66.0044  84.9562    66.15      nan      nan   11.288  nan      nan    nan   2.098     nan                                None     -15.119       6.913      -9.064       0.973       6.796       0.710
Gaia DR3 4117610061808833536 263.8993040 -22.1201867 20.490    nan       1.240  75.5588  84.9604    66.32      nan      nan   13.215  nan      nan    nan   1.231     nan                                None       4.386     -13.363       2.489       1.634     -16.251       1.079
Gaia DR3 4065520698511304960 274.5783048 -24.1974528 19.121  0.889       2.991  67.9571  84.9734    65.78      nan      nan   11.638  nan      nan    nan   2.629     nan                                None     -23.335      -6.604     -16.394       1.245      -4.221       0.907
Gaia DR3 4061669796421243264 262.8735830 -26.2815846 19.154  3.600       2.903  72.7690  84.9824    66.46      nan      nan   12.594  nan      nan    nan   2.791     nan                                None       7.015       0.041       0.967       1.168      -4.735       0.765
Gaia DR3 4062964196569420160 272.2036298 -27.6350224 18.255  1.733       1.939  66.6007  84.9857    66.12      nan      nan   11.389  nan      nan    nan   3.148     nan                                None     -16.953       3.407     -20.779       1.001       0.756       0.662
Gaia DR3 4116517490949625344 264.9191331 -23.2264786 19.461  2.157       1.467  74.1099  84.9889    66.42      nan      nan   12.883  nan      nan    nan   1.711     nan                                None       1.390      -9.524      -2.351       1.100      -8.153       0.833
Gaia DR3 4059317180881046784 259.9382318 -29.5356933 19.935  2.258       2.633  71.7101  84.9891    66.17      nan      nan   12.370  nan      nan    nan   1.219     nan                                None      14.846       9.610       8.159       1.566      11.175       0.915
Gaia DR3 4050315002366403712 271.3290064 -29.5580377 18.317    nan       2.855  65.5907  84.9992    66.13      nan      nan   11.209  nan      nan    nan   2.503     nan                                None     -14.545       8.715     -13.182       0.630       2.107       0.470
Gaia DR3 4067979206529111040 265.3544127 -25.1031081 20.516    nan       1.240  72.3696  85.0315    66.50      nan      nan   12.499  nan      nan    nan   1.198     nan                                None       0.154      -3.498       0.152       1.392      -6.765       0.865
Gaia DR3 4068720895730093696 266.4821442 -23.9465382 19.650  2.222       1.249  72.6751  85.0388    66.45      nan      nan   12.561  nan      nan    nan   1.189     nan                                None      -2.957      -7.083      -0.358       1.199      -5.035       0.873
Gaia DR3 4065716342812319488 270.9249298 -25.2594869 20.001  3.110       2.822  69.1731  85.0495    66.25      nan      nan   11.853  nan      nan    nan   1.540     nan                                None     -14.335      -3.158     -16.809       1.279       3.444       0.928
Gaia DR3 4803761938067258112  89.1010734 -42.4868976 17.608  3.392       2.273  55.9327  85.0612   -24.03      nan      nan    9.752  nan      nan    nan   1.015     nan                                None       7.899    -127.338       3.829       0.089    -129.633       0.092
Gaia DR3 4109905646417369984 260.2925926 -26.0052955 19.947  1.901       2.760  74.3669  85.0781    66.30      nan      nan   12.919  nan      nan    nan   1.317     nan                                None      14.502      -1.046       7.032       1.504      -0.204       0.979
Gaia DR3 4062649972537993856 269.5432079 -28.2229447 19.719    nan       0.380  67.6113  85.0883    66.34      nan      nan   11.553  nan      nan    nan   1.572     nan                                None     -10.478       5.413      -9.633       1.178       5.037       0.658
Gaia DR3 4062759756084340224 269.5618203 -27.9701074 19.526  2.834       0.980  67.7990  85.0985    66.35      nan      nan   11.586  nan      nan    nan   1.602     nan                                None     -10.555       4.711      -8.282       0.824       3.962       0.588
Gaia DR3 4068136608450945280 266.6327163 -24.3009676 19.890  2.233       1.547  72.3095  85.0991    66.46      nan      nan   12.471  nan      nan    nan   1.243     nan                                None      -3.348      -5.954      -0.163       1.458      -8.483       0.797
Gaia DR3 4056438526263548416 267.3822091 -29.8127187 19.902  4.392       2.006  67.5443  85.1012    66.35      nan      nan   11.539  nan      nan    nan   1.398     nan                                None      -4.996      10.029      -0.593       0.865       7.929       0.655
Gaia DR3 4065125595855535104 274.6705070 -25.1499770 19.494  1.285       2.763  67.1587  85.1092    65.80      nan      nan   11.467  nan      nan    nan   1.662     nan                                None     -23.222      -3.877     -20.678       1.477       2.298       0.952
Gaia DR3 4067128459396984064 265.9512533 -25.8184652 20.280  3.151       0.610  71.4740  85.1372    66.51      nan      nan   12.291  nan      nan    nan   1.263     nan                                None      -1.460      -1.290      -0.794       1.475       0.142       1.118
Gaia DR3 4057382388321281536 268.0473376 -28.5012050 19.772  2.866       1.159  68.2113  85.1425    66.41      nan      nan   11.654  nan      nan    nan   2.185     nan                                None      -6.747       6.360      -7.627       1.325       3.651       0.865
Gaia DR3 4061026685178312832 266.3797178 -26.6603733 20.122    nan       2.855  70.5718  85.1521    66.50      nan      nan   12.106  nan      nan    nan   1.122     nan                                None      -2.577       1.219      -9.634       0.849       3.036       0.543
Gaia DR3 4068500959087492992 267.5255575 -23.9488264 19.965  2.964       1.874  72.0979  85.1580    66.42      nan      nan   12.415  nan      nan    nan   2.179     nan                                None      -5.766      -7.025      -1.108       1.588      -5.492       1.090
Gaia DR3 4049112239795405184 271.5976492 -31.3561605 19.548  1.334       1.780  64.0562  85.1629    65.95      nan      nan   10.923  nan      nan    nan   1.737     nan                                None     -14.815      13.235     -14.969       1.608       9.138       1.036
Gaia DR3 4044116157899434112 269.8568726 -30.9847265 19.780  2.496       2.662  65.2916  85.1644    66.13      nan      nan   11.130  nan      nan    nan   2.245     nan                                None     -10.859      12.684     -16.474       1.519       9.951       0.992
Gaia DR3 4062754082563040512 269.6663361 -27.9530910 19.480  1.961       0.885  67.7549  85.1866    66.34      nan      nan   11.562  nan      nan    nan   1.286     nan                                None     -10.798       4.644      -8.643       0.717       4.766       0.532
Gaia DR3 4050356955671418496 271.1571628 -29.5217146 19.280  1.654       2.808  65.7133  85.2187    66.14      nan      nan   11.193  nan      nan    nan   1.993     nan                                None     -14.105       8.625     -12.166       1.248       2.290       0.917
Gaia DR3 4043906460345809792 270.1804150 -31.2863829 19.166  2.065       0.739  64.8827  85.2225    66.08      nan      nan   11.051  nan      nan    nan   2.428     nan                                None     -11.565      13.373     -13.086       1.277      12.568       0.726
Gaia DR3 4050442472746153856 272.9967651 -29.4943475 19.082    nan       2.948  64.7194  85.2230    65.95      nan      nan   11.024  nan      nan    nan   2.450     nan                                None     -18.315       8.167     -13.432       0.928       3.361       0.713
Gaia DR3 4064705406463176448 273.7922493 -25.8385883 19.450    nan       2.357  67.1146  85.2250    65.94      nan      nan   11.439  nan      nan    nan   1.600     nan                                None     -20.984      -1.812     -20.719       1.268      -7.490       0.931
Gaia DR3 4060415730359120512 263.7176284 -28.0556719 18.287  2.353       2.422  70.9003  85.2300    66.46      nan      nan   12.156  nan      nan    nan   2.471     nan                                None       4.519       5.355      -0.984       0.828       8.223       0.623
Gaia DR3 4107360998529814912 258.3412708 -29.4127462 20.094  1.583       1.495  72.6346  85.2621    66.02      nan      nan   12.504  nan      nan    nan   1.608     nan                                None      19.366       9.104      17.886       1.835       5.452       1.516
Gaia DR3 4116448771503956480 264.8735517 -23.7565520 19.822  2.349       2.338  73.7096  85.2650    66.45      nan      nan   12.732  nan      nan    nan   1.151     nan                                None       1.501      -7.763      -2.347       1.102      -2.805       0.616
Gaia DR3 4056518030463290880 268.8886789 -29.4365852 18.950  1.953       2.732  67.0210  85.2651    66.31      nan      nan   11.415  nan      nan    nan   1.472     nan                                None      -8.715       8.784      -4.903       0.795       3.427       0.423
Gaia DR3 4056568749653316864 268.1386543 -29.2717654 20.073    nan       2.350  67.5578  85.2666    66.36      nan      nan   11.512  nan      nan    nan   1.163     nan                                None      -6.895       8.445      -2.201       1.185       5.208       0.927
Gaia DR3 4056130147722991488 268.2023391 -30.8528832 19.393    nan       2.668  66.2900  85.2834    66.24      nan      nan   11.283  nan      nan    nan   1.284     nan                                None      -6.916      12.628      -7.255       0.811       6.291       0.547
Gaia DR3 4061101898727003136 266.0367959 -26.1978309 18.960    nan       1.139  71.1257  85.3050    66.51      nan      nan   12.186  nan      nan    nan   1.640     nan                                None      -1.676      -0.148      -3.583       0.695       2.072       0.394
Gaia DR3 6786773631693806208 322.6361210 -28.2087310 16.573  2.809       1.740  37.9242  85.3574    42.36      nan      nan    7.986  nan      nan    nan   1.021     nan                                None     -84.499     -17.951     -84.839       0.069     -20.860       0.049
Gaia DR3 4044181754781426560 269.4755592 -30.7301908 19.504  2.159       2.301  65.6958  85.3696    66.18      nan      nan   11.165  nan      nan    nan   1.332     nan                                None      -9.961      12.067      -6.251       0.775       8.123       0.528
Gaia DR3 4056961889452668288 265.3640554 -29.9020619 18.175  2.525       2.552  68.5587  85.3726    66.38      nan      nan   11.676  nan      nan    nan   3.086     nan                                None       0.119      10.447       6.337       0.816       9.548       0.425
Gaia DR3 4056285724297922048 268.8563356 -30.0382354 19.200    nan       2.808  66.5697  85.3785    66.27      nan      nan   11.315  nan      nan    nan   1.915     nan                                None      -8.559      10.372      -7.675       0.984       3.731       0.521
Gaia DR3 4116357340208817664 264.6097807 -23.8083110 19.542  2.503       1.568  73.8122  85.4072    66.45      nan      nan   12.722  nan      nan    nan   1.478     nan                                None       2.237      -7.599       4.206       0.866     -11.314       0.520
Gaia DR3 4055481293968126080 264.2291907 -30.2720076 19.126  2.612       2.444  68.8714  85.4281    66.34      nan      nan   11.724  nan      nan    nan   1.613     nan                                None       3.042      11.534       3.350       0.843       5.500       0.681
Gaia DR3 4068811914711858816 266.0942402 -23.3099319 19.557  1.769       2.929  73.3975  85.4559    66.42      nan      nan   12.623  nan      nan    nan   1.498     nan                                None      -1.896      -9.076      -1.422       0.870      -1.298       0.637
Gaia DR3 4064786052850539904 271.9765535 -26.4364799 19.646  2.073       1.698  67.6629  85.4685    66.16      nan      nan   11.495  nan      nan    nan   2.567     nan                                None     -16.541       0.114     -15.223       1.298       4.011       0.916
Gaia DR3 4064589343466015872 272.3746241 -26.6267919 19.186  2.242       2.642  67.2921  85.4915    66.12      nan      nan   11.424  nan      nan    nan   5.771     nan                                None     -17.431       0.590     -13.352       1.406      -4.293       0.948
Gaia DR3 4043041664336577536 271.0022868 -32.2310296 19.064  1.858       2.849  63.7095  85.4924    65.91      nan      nan   10.816  nan      nan    nan   2.699     nan                                None     -13.263      15.478     -19.530       1.337      13.769       1.077
Gaia DR3 4068023667920748288 266.3947097 -25.0516999 20.008  3.003       2.006  71.8419  85.4992    66.49      nan      nan   12.290  nan      nan    nan   1.151     nan                                None      -2.657      -3.604      -4.556       0.756       1.233       0.630
Gaia DR3 4058744064664130432 263.1670138 -29.5958628 19.746  2.778       2.053  69.9692  85.5082    66.36      nan      nan   11.918  nan      nan    nan   1.444     nan                                None       5.871       9.714       3.809       1.393       4.986       0.885
Gaia DR3 4068250167355730432 264.6420152 -24.5487200 19.924  2.726       2.529  73.2011  85.5145    66.48      nan      nan   12.568  nan      nan    nan   1.725     nan                                None       2.121      -5.229       3.423       1.530       1.344       1.052
Gaia DR3 4064789828172610560 272.2957209 -26.3578465 19.243    nan       2.724  67.5465  85.5193    66.13      nan      nan   11.465  nan      nan    nan   1.338     nan                                None     -17.296      -0.148     -14.612       0.755       5.863       0.516
Gaia DR3 4089779150523910912 275.1006748 -22.7551474 19.769    nan       2.269  68.7956  85.5227    65.61      nan      nan   11.693  nan      nan    nan   1.573     nan                                None     -24.768     -10.802     -19.674       1.241     -13.111       0.915
Gaia DR3 4117269763031432320 265.1416821 -21.5612066 20.138  1.652       2.396  75.3263  85.5256    66.29      nan      nan   13.026  nan      nan    nan   1.512     nan                                None       0.769     -14.928       2.502       1.432      -8.582       1.001
Gaia DR3 4060209644995773568 264.8035119 -28.8021502 20.082    nan       2.591  69.7268  85.5796    66.44      nan      nan   11.858  nan      nan    nan   1.748     nan                                None       1.581       7.416       5.098       1.981       1.978       1.009
Gaia DR3 4063220554550415744 270.4309917 -26.9179711 20.022  1.415       2.319  68.1441  85.5872    66.30      nan      nan   11.561  nan      nan    nan   1.340     nan                                None     -12.732       1.650      -8.208       1.679       5.038       1.110
Gaia DR3 4068739274069886336 266.3235710 -23.7216622 19.875  2.106       2.489  72.9420  85.6090    66.44      nan      nan   12.493  nan      nan    nan   1.461     nan                                None      -2.506      -7.729      -7.991       1.227      -4.138       0.752
Gaia DR3 4062829368880342016 271.2148186 -28.3293747 18.794    nan       2.496  66.6079  85.6159    66.20      nan      nan   11.282  nan      nan    nan   1.953     nan                                None     -14.358       5.409     -14.610       1.008      -0.521       0.669
Gaia DR3 4109144715616518912 259.3002807 -26.0920061 20.459  1.558       1.933  74.8207  85.6216    66.21      nan      nan   12.892  nan      nan    nan   0.975     nan                                None      17.269      -0.892      13.976       2.089      -4.985       0.974
Gaia DR3 4065823888772656384 272.1365101 -24.6267491 20.319  2.942       1.710  68.9942  85.6303    66.11      nan      nan   11.710  nan      nan    nan   1.132     nan                                None     -17.259      -5.066     -13.116       1.715      -4.253       1.197
Gaia DR3 4068120665558017152 266.1461819 -24.4148290 20.230    nan       1.695  72.4859  85.6371    66.48      nan      nan   12.393  nan      nan    nan   1.299     nan                                None      -2.003      -5.562       1.692       1.677      -3.120       1.103
Gaia DR3 4116338506668609408 264.7992645 -24.0285252 19.575  2.246       2.385  73.5321  85.6410    66.46      nan      nan   12.610  nan      nan    nan   1.986     nan                                None       1.693      -6.850       0.853       0.862      -0.566       0.561
Gaia DR3 4065517399890527616 274.2710643 -24.0663753 19.834  1.653       2.734  68.2336  85.6590    65.82      nan      nan   11.564  nan      nan    nan   1.930     nan                                None     -22.416      -6.879     -21.144       1.345     -13.421       0.981
Gaia DR3 4064884493585982976 271.8141810 -25.6826684 19.226  1.931       0.914  68.3444  85.6645    66.17      nan      nan   11.583  nan      nan    nan   1.629     nan                                None     -16.258      -1.992     -16.654       0.743       0.203       0.473
Gaia DR3 4061815962766554112 264.3716911 -26.2429353 19.163  4.342       0.704  71.9933  85.6728    66.50      nan      nan   12.285  nan      nan    nan   1.576     nan                                None       2.803      -0.021       1.779       1.056      -1.528       0.650
Gaia DR3 4116682245816445440 263.6352062 -23.1545730 20.242  1.969       1.138  74.8694  85.6925    66.39      nan      nan   12.886  nan      nan    nan   2.007     nan                                None       5.024      -9.782       8.064       1.565     -10.335       1.086
Gaia DR3 4110467290721623168 261.7540354 -24.7390241 20.038    nan       2.874  74.6100  85.7023    66.38      nan      nan   12.827  nan      nan    nan   2.173     nan                                None      10.295      -4.871       2.983       1.892      -2.233       1.379
Gaia DR3 4063329474856912768 271.1224314 -26.5384521 19.930    nan       2.103  68.0583  85.7185    66.25      nan      nan   11.522  nan      nan    nan   1.352     nan                                None     -14.431       0.503     -10.582       1.176       3.861       0.840
Gaia DR3 4121069022342144768 262.3459687 -20.2875082 20.288  1.746       2.180  77.8926  85.7187    66.07      nan      nan   13.566  nan      nan    nan   1.549     nan                                None       9.127     -19.845       5.985       1.471     -14.461       1.095
Gaia DR3 4060895912022112768 265.2635510 -27.2796996 18.658    nan       1.262  70.6860  85.7240    66.50      nan      nan   12.015  nan      nan    nan   2.414     nan                                None       0.388       3.041       2.056       0.691       0.315       0.424
Gaia DR3 4063036657070323712 271.8959477 -27.2358263 19.034  1.787       2.642  67.0830  85.7478    66.16      nan      nan   11.342  nan      nan    nan   3.433     nan                                None     -16.122       2.331     -21.323       1.066      -1.255       0.734
Gaia DR3 4064723754534080768 273.3189382 -25.9393603 19.494    nan       2.045  67.3014  85.7481    66.00      nan      nan   11.381  nan      nan    nan   2.002     nan                                None     -19.706      -1.451     -16.129       1.164       1.906       0.762
Gaia DR3 4062253568372416128 270.0011146 -29.7930041 19.197  1.403       2.518  66.1366  85.7663    66.22      nan      nan   11.175  nan      nan    nan   1.267     nan                                None     -11.255       9.476      -7.167       0.660       5.179       0.502
Gaia DR3 4044094240490673280 270.0758311 -31.2555943 18.708  2.114       2.909  64.9633  85.7739    66.09      nan      nan   10.976  nan      nan    nan   3.631     nan                                None     -11.235      13.211     -11.745       1.154       6.499       0.667
Gaia DR3 4067823178853983488 268.4322276 -23.8578103 19.580  3.575       2.995  71.6683  85.7888    66.38      nan      nan   12.196  nan      nan    nan   2.630     nan                                None      -8.091      -7.217     -12.243       1.428      -0.732       0.843
Gaia DR3 4056295658504711808 269.0050525 -29.8071227 18.847    nan       1.718  66.6688  85.7996    66.28      nan      nan   11.261  nan      nan    nan   4.435     nan                                None      -8.885       9.675     -11.532       1.019       6.574       0.659
Gaia DR3 4061267546922691712 263.5153365 -27.7865874 19.990  2.940       2.423  71.2227  85.8342    66.46      nan      nan   12.098  nan      nan    nan   1.645     nan                                None       5.035       4.525       2.955       1.506      -1.295       1.080
Gaia DR3 4056288301176055424 268.7489298 -29.9869881 19.093  1.385       1.433  66.6680  85.8478    66.28      nan      nan   11.253  nan      nan    nan   1.626     nan                                None      -8.247      10.181      -9.404       0.745       6.986       0.598
Gaia DR3 4062534489323654144 269.2115374 -29.1096149 19.433  1.565       0.606  67.1001  85.8726    66.32      nan      nan   11.324  nan      nan    nan   1.678     nan                                None      -9.447       7.785     -10.059       1.130       6.475       0.672
Gaia DR3 4062270091266458880 269.7197504 -29.6619913 19.489    nan       2.823  66.3921  85.8804    66.25      nan      nan   11.200  nan      nan    nan   1.090     nan                                None     -10.590       9.166      -6.605       1.336       3.823       0.684
Gaia DR3 4111094184087691136 260.4117347 -24.3291744 20.162    nan       2.167  75.6599  85.9002    66.27      nan      nan   13.011  nan      nan    nan   2.044     nan                                None      14.267      -6.363      11.449       1.742     -11.595       1.246
Gaia DR3 4043382646188580864 269.3389158 -32.2811592 19.027    nan       2.933  64.5714  85.9039    66.03      nan      nan   10.891  nan      nan    nan   3.699     nan                                None      -9.390      15.895     -11.437       1.089       9.479       0.704
Gaia DR3 4062976974098303744 272.1190791 -27.5923525 18.564  2.261       0.343  66.6810  85.9044    66.13      nan      nan   11.245  nan      nan    nan   3.714     nan                                None     -16.532       3.258     -17.215       1.004       2.818       0.726
Gaia DR3 4068938045069970816 266.7454659 -22.7934153 19.750  1.609       1.615  73.4515  85.9335    66.38      nan      nan   12.529  nan      nan    nan   1.291     nan                                None      -3.674     -10.604      -5.389       0.925      -6.699       0.763
Gaia DR3 4056566786967467648 268.1587097 -29.3817451 19.451    nan       0.363  67.4609  85.9478    66.35      nan      nan   11.374  nan      nan    nan   1.634     nan                                None      -6.863       8.649      -6.171       0.949       8.123       0.433
Gaia DR3 4043808706938523392 270.0505917 -31.4892111 19.309  1.734       2.701  64.7967  85.9554    66.07      nan      nan   10.920  nan      nan    nan   2.104     nan                                None     -11.117      13.766     -10.634       0.804       7.568       0.500
Gaia DR3 4068376022865908992 265.4254750 -24.0747557 18.347  1.879       2.936  73.1527  85.9631    66.47      nan      nan   12.461  nan      nan    nan   5.121     nan                                None      -0.041      -6.624      -4.983       0.811      -0.703       0.556
Gaia DR3 4067903889877830272 265.7416513 -25.5497368 19.686  2.551       1.010  71.8022  85.9660    66.51      nan      nan   12.186  nan      nan    nan   2.196     nan                                None      -0.887      -2.079       1.436       1.114      -0.924       0.817
Gaia DR3 4064003956518365184 270.3379236 -26.4149505 19.509  1.803       2.121  68.5904  85.9717    66.32      nan      nan   11.573  nan      nan    nan   1.266     nan                                None     -12.510       0.239      -8.876       0.758      -3.446       0.503
Gaia DR3 4065615767677359104 274.2137448 -23.6369648 19.020  1.585       0.531  68.6036  85.9774    65.80      nan      nan   11.574  nan      nan    nan   2.384     nan                                None     -22.291      -8.081     -23.060       0.956      -9.125       0.794
Gaia DR3 4062763432520027648 269.3510847 -27.9032902 19.146    nan       2.514  67.9671  85.9798    66.36      nan      nan   11.459  nan      nan    nan   1.715     nan                                None      -9.910       4.490      -7.590       0.931      -1.121       0.606
Gaia DR3 2030879447774285440 300.6675529  31.1613431 13.144  2.396       2.353  99.9604  85.9910    26.46      nan      nan   20.010  nan      nan    nan   1.011     nan                                None    -145.357    -212.642    -141.519       0.009    -221.798       0.010
Gaia DR3 4062341525100013952 269.4739505 -29.2903322 19.268    nan       2.379  66.8158  85.9923    66.29      nan      nan   11.254  nan      nan    nan   2.493     nan                                None     -10.036       8.212      -6.314       1.161      12.453       0.750
Gaia DR3 4050385847897405824 270.9665605 -29.1557013 19.286    nan       2.734  66.1021  85.9984    66.18      nan      nan   11.131  nan      nan    nan   2.184     nan                                None     -13.562       7.607      -9.207       1.334       2.895       0.838
Gaia DR3 4158444033870437504 271.1568116  -9.1409767 14.942  2.522       2.857  81.9809  86.0189    63.28      nan      nan   14.489  nan      nan    nan   1.012     nan                                None     -18.257     -59.941     -25.272       0.031     -54.752       0.024
Gaia DR3 6904472846755480320 306.4294366 -10.3247481 13.071  1.755       1.870  61.2142  86.0200    49.55      nan      nan   10.355  nan      nan    nan   0.994     nan                                None     -85.526     -45.590     -81.450       0.016     -45.803       0.013
Gaia DR3 4061097981677394560 266.0030931 -26.2920234 19.911    nan       1.766  71.0692  86.0247    66.51      nan      nan   12.030  nan      nan    nan   1.297     nan                                None      -1.566       0.132      -3.620       1.299       4.111       0.823
Gaia DR3 6632427041247937536 284.1816428 -60.6364298 15.513  2.419       0.626  38.6714  86.0264    53.33      nan      nan    7.990  nan      nan    nan   0.977     nan                                None     -32.357      58.662     -33.333       0.039      58.264       0.039
Gaia DR3 4065099654242957184 274.7080935 -25.4601964 19.017    nan       2.416  66.8950  86.0289    65.80      nan      nan   11.261  nan      nan    nan   2.562     nan                                None     -22.897      -2.968     -17.649       1.044      -5.284       0.781
Gaia DR3 4050816448476226944 272.0229632 -28.5170380 19.178  1.658       1.853  66.0150  86.0302    66.11      nan      nan   11.111  nan      nan    nan   2.529     nan                                None     -16.101       5.733     -19.916       0.962       7.805       0.726
Gaia DR3 4050244938784394752 270.2300661 -29.8800036 19.066  1.591       2.582  65.9438  86.0389    66.20      nan      nan   11.097  nan      nan    nan   1.744     nan                                None     -11.733       9.623      -5.893       0.741       8.078       0.617
Gaia DR3 4060332996432608256 263.8683713 -28.6188282 19.317    nan       1.983  70.3721  86.0607    66.44      nan      nan   11.889  nan      nan    nan   1.563     nan                                None       4.026       6.880       0.066       1.283       3.875       0.824
Gaia DR3 4065786883315268992 272.0463774 -24.9290572 20.034  2.851       1.294  68.8068  86.0771    66.13      nan      nan   11.593  nan      nan    nan   1.267     nan                                None     -16.860      -4.151     -13.856       1.550      -3.163       1.014
Gaia DR3 4062739960537597184 269.6471329 -28.2157875 19.825  2.592       2.550  67.5599  86.0800    66.33      nan      nan   11.369  nan      nan    nan   1.656     nan                                None     -10.570       5.298     -16.607       1.480       6.253       0.913
Gaia DR3 4056247554847058560 269.8666233 -29.8718698 18.734  0.725       2.865  66.1488  86.0894    66.22      nan      nan   11.124  nan      nan    nan   2.227     nan                                None     -10.876       9.659     -14.061       0.887       3.744       0.674
Gaia DR3 4063112488840628736 270.5650310 -27.6125077 18.634    nan       0.907  67.5261  86.0978    66.28      nan      nan   11.360  nan      nan    nan   2.871     nan                                None     -12.844       3.533     -11.879       1.004       5.480       0.712
Gaia DR3 4068210821156702592 265.2710485 -24.7518388 20.249    nan       1.575  72.6956  86.1082    66.49      nan      nan   12.337  nan      nan    nan   1.438     nan                                None       0.378      -4.514      -3.085       1.812      -2.328       1.147
Gaia DR3 4062226561604760960 264.4811699 -24.9317895 19.860  2.727       2.991  72.9819  86.1108    66.49      nan      nan   12.394  nan      nan    nan   2.271     nan                                None       2.530      -3.997      -4.192       1.113      -0.010       0.670
Gaia DR3 4060906116873238016 265.3802649 -27.1212850 20.368    nan       2.185  70.7487  86.1113    66.51      nan      nan   11.951  nan      nan    nan   1.269     nan                                None       0.079       2.561      -3.101       1.766       7.055       0.951
Gaia DR3 4067891760884616832 265.9542455 -25.5962289 19.511  2.916       2.698  71.6492  86.1167    66.51      nan      nan   12.126  nan      nan    nan   1.503     nan                                None      -1.448      -1.933       2.981       0.957      -7.221       0.758
Gaia DR3 4117032818194684416 266.9320325 -22.1592733 20.244    nan       1.976  73.8559  86.1212    66.33      nan      nan   12.573  nan      nan    nan   1.209     nan                                None      -4.201     -12.593      -4.154       1.637      -7.356       1.274
Gaia DR3 4062410489388724992 270.4490482 -28.9747637 19.467  1.870       2.771  66.5273  86.1227    66.24      nan      nan   11.182  nan      nan    nan   1.939     nan                                None     -12.359       7.206      -5.828       1.207       7.153       0.851
Gaia DR3 4118376284032206080 263.8166863 -20.4862536 20.285    nan       2.827  76.9241  86.1277    66.16      nan      nan   13.239  nan      nan    nan   1.545     nan                                None       4.634     -18.665      -2.605       1.752     -15.526       1.355
Gaia DR3 4107650994756611584 257.8826380 -28.5487178 19.827    nan       2.327  73.5692  86.1296    66.01      nan      nan   12.511  nan      nan    nan   2.061     nan                                None      20.627       6.405      14.652       1.262       5.001       0.808
Gaia DR3 4062268682388413184 269.8911059 -29.5949668 18.913  1.692       0.783  66.3506  86.1507    66.24      nan      nan   11.148  nan      nan    nan   2.619     nan                                None     -10.960       8.925     -12.666       1.134       9.613       0.624
Gaia DR3 4064440737496463360 269.8282145 -25.2861352 19.655  2.413       2.421  69.7621  86.1540    66.34      nan      nan   11.756  nan      nan    nan   2.638     nan                                None     -11.396      -2.951     -17.345       1.647      -2.177       0.996
Gaia DR3 4064655073530122112 273.6676494 -26.2424415 19.269  1.783       0.870  66.8691  86.1644    65.96      nan      nan   11.234  nan      nan    nan   3.246     nan                                None     -20.304      -0.658     -20.661       1.251       1.371       0.905
Gaia DR3 4061311080793019520 264.1655281 -27.2573594 19.513  2.245       2.763  71.2957  86.1689    66.49      nan      nan   12.046  nan      nan    nan   1.213     nan                                None       3.293       2.967      -3.174       1.061       5.690       0.732
Gaia DR3 4068502848947579904 267.5253471 -23.8528414 20.411    nan       2.723  72.1745  86.1760    66.42      nan      nan   12.218  nan      nan    nan   1.205     nan                                None      -5.674      -7.201      -6.266       2.028      -0.213       1.147
Gaia DR3 4117464135992429568 263.5447944 -22.6284766 20.250  2.138       1.109  75.3427  86.1829    66.35      nan      nan   12.876  nan      nan    nan   1.218     nan                                None       5.275     -11.432       8.001       1.634     -10.154       1.070
Gaia DR3 4062278032589792896 269.8902233 -29.5250563 19.176  2.420       2.722  66.4055  86.1858    66.25      nan      nan   11.151  nan      nan    nan   4.351     nan                                None     -10.961       8.738     -14.391       1.299       3.337       0.810
Gaia DR3 4062693476068187520 269.8379718 -28.2510533 19.209  1.759       1.299  67.4275  86.1933    66.32      nan      nan   11.326  nan      nan    nan   1.065     nan                                None     -11.003       5.359     -13.183       0.730       3.152       0.559
Gaia DR3 4116559925201098112 264.7613320 -22.9691005 19.972  2.195       1.499  74.4031  86.2054    66.40      nan      nan   12.670  nan      nan    nan   1.620     nan                                None       1.806     -10.166       2.854       1.220      -6.300       0.841
Gaia DR3 4060848117597870464 265.0578848 -27.6480044 18.476    nan       2.341  70.5047  86.2194    66.49      nan      nan   11.884  nan      nan    nan   1.427     nan                                None       0.920       4.078      -4.491       0.601       1.820       0.451
Gaia DR3 4064813437620311040 272.1053854 -26.0669295 19.698  2.567       1.468  67.8805  86.2331    66.15      nan      nan   11.399  nan      nan    nan   2.149     nan                                None     -16.724      -0.930     -20.207       1.323      -1.482       0.887
Gaia DR3 4068432720659555968 265.8659760 -23.5464505 18.791    nan       2.634  73.3338  86.2336    66.44      nan      nan   12.441  nan      nan    nan   1.752     nan                                None      -1.245      -8.223      -1.461       0.546      -1.319       0.400
Gaia DR3 4067894784545592576 265.6266123 -25.7063047 19.712    nan       1.132  71.7402  86.2339    66.51      nan      nan   12.120  nan      nan    nan   1.366     nan                                None      -0.575      -1.602      -2.719       0.990       0.341       0.593
Gaia DR3 4059498119221112192 261.8387458 -29.1996942 20.290    nan       1.396  70.9853  86.2620    66.32      nan      nan   11.967  nan      nan    nan   1.314     nan                                None       9.382       8.510       6.498       1.968       6.488       1.663
Gaia DR3 4068831774657178112 266.4324791 -23.1317561 19.884    nan       2.110  73.3537  86.2990    66.41      nan      nan   12.431  nan      nan    nan   1.483     nan                                None      -2.790      -9.485      -8.319       1.604      -9.519       1.134
Gaia DR3 4068746627049266688 266.3073275 -23.5578659 19.702  1.769       1.744  73.0818  86.3015    66.43      nan      nan   12.375  nan      nan    nan   1.633     nan                                None      -2.438      -8.151      -6.987       1.027      -8.131       0.743
Gaia DR3 4049872517651216640 271.5771366 -31.0928772 19.798  1.636       2.392  64.2698  86.3155    65.98      nan      nan   10.779  nan      nan    nan   2.305     nan                                None     -14.572      12.374     -15.960       1.611       7.118       1.194
Gaia DR3 2627430442143854208 335.4607985  -4.0908100 16.764  3.086       2.337  54.5374  86.3173    22.40      nan      nan    9.436  nan      nan    nan   1.104     nan                                None    -111.623     -55.511    -107.176       0.085     -56.865       0.091
Gaia DR3 4067675809944046208 267.7112560 -24.6710226 20.059  3.607       2.309  71.4208  86.3479    66.44      nan      nan   12.035  nan      nan    nan   1.244     nan                                None      -6.080      -4.692      -7.476       1.427       0.998       1.002
Gaia DR3 4044688629576610816 275.6656835 -33.5813885 19.360  1.309       2.652  60.1337  86.3534    65.18      nan      nan   10.155  nan      nan    nan   3.521     nan                                None     -22.752      17.063     -19.122       1.254      12.698       0.878
Gaia DR3 4062405232265478272 270.5424910 -29.1173215 18.894  2.196       2.620  66.3650  86.3736    66.22      nan      nan   11.113  nan      nan    nan   3.239     nan                                None     -12.510       7.538     -18.421       1.210       5.887       0.743
Gaia DR3 4062891899463953408 271.3872364 -27.9521291 19.091  1.697       2.506  66.8064  86.3813    66.20      nan      nan   11.187  nan      nan    nan   1.742     nan                                None     -14.659       4.315      -8.928       1.083       2.868       0.765
Gaia DR3 4068902418292743424 267.4188330 -22.8406440 20.213  2.285       2.617  73.0410  86.3951    66.36      nan      nan   12.347  nan      nan    nan   1.223     nan                                None      -5.445     -10.327      -6.239       1.726      -3.561       1.266
Gaia DR3 4063464061995747456 268.1124013 -27.9758899 20.105  3.045       1.728  68.5883  86.3993    66.42      nan      nan   11.496  nan      nan    nan   1.388     nan                                None      -6.820       4.794     -10.119       1.112       2.216       0.820
Gaia DR3 4051332153747502464 275.2475181 -28.5617620 19.441  1.389       2.775  64.1850  86.4109    65.69      nan      nan   10.751  nan      nan    nan   2.323     nan                                None     -23.116       5.144     -16.846       1.229       4.650       0.852
Gaia DR3 4060256472980841344 265.1345510 -28.2595579 19.039  3.960       2.032  69.9787  86.4170    66.47      nan      nan   11.747  nan      nan    nan   1.797     nan                                None       0.712       5.790       3.698       1.182       9.840       0.521
Gaia DR3 4062661074946308736 269.3627019 -28.1989566 19.242    nan       1.358  67.7291  86.4365    66.35      nan      nan   11.337  nan      nan    nan   1.434     nan                                None      -9.834       5.261      -8.436       0.901       2.332       0.680
Gaia DR3 4061456010162908800 262.5062260 -27.3619134 20.162  2.603       1.961  72.1003  86.4380    66.43      nan      nan   12.150  nan      nan    nan   1.331     nan                                None       7.747       3.230       2.861       1.680       4.396       1.162
Gaia DR3 4050365064576494720 271.2250825 -29.3737760 19.193    nan       0.716  65.7906  86.4730    66.15      nan      nan   11.001  nan      nan    nan   1.230     nan                                None     -14.026       8.073     -12.464       0.748       7.510       0.523
Gaia DR3 4068106921616033536 265.9698581 -24.6633880 20.299  2.804       2.645  72.3842  86.4781    66.49      nan      nan   12.198  nan      nan    nan   1.363     nan                                None      -1.499      -4.730      -5.188       1.702       0.983       0.802
Gaia DR3 4068319539691176960 265.6352623 -24.3211323 17.208  2.352       2.383  72.8407  86.4833    66.48      nan      nan   12.288  nan      nan    nan   4.621     nan                                None      -0.607      -5.792      -5.056       0.435      -1.514       0.398
Gaia DR3 4061077228372672768 265.4518428 -26.5547975 19.445    nan       2.613  71.1600  86.4878    66.51      nan      nan   11.957  nan      nan    nan   1.172     nan                                None      -0.109       0.904      -5.957       1.153      -2.124       0.553
Gaia DR3 4064753995252638336 273.7168694 -25.7262340 19.676    nan       0.793  67.2448  86.4910    65.95      nan      nan   11.244  nan      nan    nan   1.717     nan                                None     -20.442      -2.076     -18.608       1.373      -1.668       0.892
Gaia DR3 4063396751208047232 268.3022014 -28.2490087 19.074  3.414       1.690  68.2702  86.5012    66.41      nan      nan   11.421  nan      nan    nan   1.635     nan                                None      -7.251       5.514      -6.668       0.786       1.488       0.614
Gaia DR3 4062370666420584576 269.8650023 -29.0648017 18.345  1.793       2.514  66.7776  86.5138    66.28      nan      nan   11.160  nan      nan    nan   2.085     nan                                None     -10.908       7.494      -9.273       0.522       1.810       0.382
Gaia DR3 4059632435867726976 262.4559098 -28.5907853 18.331  2.119       1.905  71.1453  86.5175    66.39      nan      nan   11.948  nan      nan    nan   3.820     nan                                None       7.750       6.763       3.034       0.888       7.646       0.676
Gaia DR3 4062617300641257472 268.8203494 -28.7000473 19.101  0.905       1.207  67.6338  86.5457    66.36      nan      nan   11.302  nan      nan    nan   2.025     nan                                None      -8.460       6.669      -5.638       0.813       7.227       0.635
Gaia DR3 4062696809018218880 269.9689290 -28.1957167 18.740  1.442       2.477  67.3987  86.5589    66.31      nan      nan   11.259  nan      nan    nan   1.678     nan                                None     -11.261       5.163     -11.291       0.746      -0.715       0.528
Gaia DR3 4062516798392714624 270.4443216 -28.2758446 19.258    nan       0.506  67.0745  86.5820    66.27      nan      nan   11.200  nan      nan    nan   1.676     nan                                None     -12.367       5.308     -12.607       0.969       4.138       0.772
Gaia DR3 4050506141447278336 272.6427384 -29.3457237 18.973    nan       2.770  65.0301  86.5935    66.00      nan      nan   10.858  nan      nan    nan   2.563     nan                                None     -17.203       7.705     -14.785       0.712       1.843       0.574
Gaia DR3 4050014835733037184 272.3362100 -30.3615371 18.759  1.777       2.158  64.4158  86.5940    65.97      nan      nan   10.760  nan      nan    nan   4.138     nan                                None     -16.328      10.336     -15.943       0.962       5.456       0.697
Gaia DR3 4066839042927284864 266.6908848 -26.7060597 19.517  3.849       0.373  70.3660  86.5944    66.50      nan      nan   11.786  nan      nan    nan   1.613     nan                                None      -3.314       1.311      -4.203       1.084       1.050       0.627
Gaia DR3 4056466147167494400 267.7178490 -29.5732397 19.386  3.799       2.578  67.5502  86.6039    66.36      nan      nan   11.278  nan      nan    nan   2.988     nan                                None      -5.714       9.127      -3.455       1.076       3.431       0.680
Gaia DR3 4056354001388758272 267.7181144 -30.4396122 20.022    nan       1.378  66.8732  86.6147    66.29      nan      nan   11.160  nan      nan    nan   1.355     nan                                None      -5.655      11.393      -3.048       1.879       9.466       0.970
Gaia DR3 4060404877048027136 263.4673947 -28.2814872 20.216    nan       0.508  70.8542  86.6187    66.44      nan      nan   11.874  nan      nan    nan   1.368     nan                                None       5.066       5.876       6.076       1.926       6.647       1.347
Gaia DR3 4064034467977300608 269.6093229 -26.4876550 18.988  2.602       2.622  68.9364  86.6304    66.37      nan      nan   11.517  nan      nan    nan   1.663     nan                                None     -10.612       0.508      -5.322       0.602       4.047       0.418
Gaia DR3 4057647606760427648 267.6725268 -28.0729733 19.249  3.627       1.126  68.7519  86.6391    66.44      nan      nan   11.483  nan      nan    nan   1.599     nan                                None      -5.704       5.083      -2.998       0.849       5.417       0.549
Gaia DR3 4063621910601978368 269.4357785 -27.1256704 20.215    nan       0.785  68.5305  86.6477    66.37      nan      nan   11.442  nan      nan    nan   1.194     nan                                None     -10.108       2.303     -10.799       1.809       0.541       0.908
Gaia DR3 4050103037216859648 271.7755970 -29.8370768 18.214  1.467       2.449  65.1290  86.6550    66.06      nan      nan   10.865  nan      nan    nan   4.102     nan                                None     -15.158       9.129     -14.644       0.879       3.544       0.511
Gaia DR3 4109602524773022336 261.8473595 -26.3880747 19.550  2.345       2.915  73.2323  86.6657    66.41      nan      nan   12.329  nan      nan    nan   1.867     nan                                None       9.642       0.295       2.736       1.420       3.409       1.017
Gaia DR3 4117071335490884096 266.1610691 -22.1293884 20.327    nan       2.430  74.3067  86.6741    66.34      nan      nan   12.547  nan      nan    nan   1.292     nan                                None      -2.068     -12.643       3.932       2.051     -10.336       1.227
Gaia DR3 4068822390132175232 266.0595736 -23.1721506 19.337    nan       2.257  73.5269  86.6825    66.41      nan      nan   12.385  nan      nan    nan   1.178     nan                                None      -1.766      -9.322      -3.465       0.855      -3.681       0.587
Gaia DR3 4068056515847805440 266.9021196 -24.7393074 20.234    nan       0.198  71.8121  86.6997    66.47      nan      nan   12.041  nan      nan    nan   1.583     nan                                None      -3.945      -4.464      -3.666       1.660      -4.046       0.985
Gaia DR3 3024364237239506048  90.9000713  -3.5919284 11.991  2.029       2.780  87.4756  86.7056   -57.42      nan      nan   15.739  nan      nan    nan  12.466     nan                                None      18.948    -109.820      20.677       0.203    -100.761       0.210
Gaia DR3 4050168492484591488 270.5641229 -30.2559381 18.743    nan       1.295  65.4698  86.7129    66.14      nan      nan   10.911  nan      nan    nan   2.559     nan                                None     -12.334      10.426     -12.331       0.722       7.448       0.513
Gaia DR3 4120844240887984384 262.0934795 -21.3727594 19.454  1.806       2.389  77.1497  86.7139    66.18      nan      nan   13.148  nan      nan    nan   2.296     nan                                None       9.573     -15.773       6.298       1.234     -10.019       0.864
Gaia DR3 4064839168831001984 272.2081984 -25.9086544 19.490  2.424       0.947  67.9471  86.7216    66.14      nan      nan   11.326  nan      nan    nan   2.292     nan                                None     -16.871      -1.374     -18.922       1.396      -2.325       0.930
Gaia DR3 4067881453090751744 265.7607617 -25.7840040 19.614    nan       2.470  71.6052  86.7281    66.51      nan      nan   11.996  nan      nan    nan   1.439     nan                                None      -0.923      -1.359      -6.758       0.963      -3.589       0.638
Gaia DR3 4068342212900324864 266.1367755 -24.0130224 19.896    nan       0.829  72.8119  86.7331    66.46      nan      nan   12.231  nan      nan    nan   1.203     nan                                None      -1.951      -6.692      -4.011       1.045      -6.126       0.779
Gaia DR3 4061107842928213760 265.5028840 -26.3380935 19.741    nan       2.721  71.3046  86.7394    66.51      nan      nan   11.936  nan      nan    nan   2.935     nan                                None      -0.242       0.269      -6.467       1.152      -2.581       0.662
Gaia DR3 4056247310209657600 269.7697744 -29.8872682 19.017    nan       1.110  66.1897  86.7624    66.23      nan      nan   11.021  nan      nan    nan   1.374     nan                                None     -10.542       9.621     -10.662       1.012       7.046       0.654
Gaia DR3 4052983792013281152 274.6915297 -26.1961813 18.944  1.569       1.893  66.3301  86.7761    65.81      nan      nan   11.042  nan      nan    nan   2.093     nan                                None     -22.411      -0.938     -19.064       0.712      -3.802       0.515
Gaia DR3 4118378002023162112 263.9798792 -20.4018879 20.250  1.730       2.229  76.9025  86.7838    66.15      nan      nan   13.076  nan      nan    nan   1.209     nan                                None       4.108     -18.700       0.658       1.668     -13.617       0.940
Gaia DR3 4062337058366397440 269.5704562 -29.3806408 18.442    nan       2.868  66.6927  86.8036    66.28      nan      nan   11.098  nan      nan    nan   3.344     nan                                None     -10.132       8.335      -4.102       0.717       5.390       0.547
Gaia DR3 4066361927983776384 273.5835362 -23.4132902 19.364    nan       1.611  69.1359  86.8052    65.88      nan      nan   11.522  nan      nan    nan   4.824     nan                                None     -20.614      -8.575     -19.518       1.505      -4.817       1.185
Gaia DR3 4066250430556104832 273.1438603 -23.8827426 19.978    nan       2.439  69.0139  86.8129    65.96      nan      nan   11.499  nan      nan    nan   1.466     nan                                None     -19.473      -7.186     -16.104       1.146     -12.043       0.847
Gaia DR3 4061115092839144192 265.9380862 -26.1096767 18.682  2.898       2.522  71.2495  86.8163    66.51      nan      nan   11.911  nan      nan    nan   3.713     nan                                None      -1.380      -0.401       0.980       0.662       5.476       0.454
Gaia DR3 4730516703968564224  53.8662301 -56.5793532 12.773  1.677       0.338  29.5195  86.8185    -3.45      nan      nan    7.401  nan      nan    nan   1.738     nan                                None     -48.722     -91.538     -49.153       0.020     -91.844       0.020
Gaia DR3 4068112208671074816 265.9994840 -24.5806343 17.923  2.586       2.136  72.4340  86.8196    66.48      nan      nan   12.139  nan      nan    nan   2.740     nan                                None      -1.570      -4.953      -3.866       0.555       0.007       0.454
Gaia DR3 4068115644671910144 266.1574928 -24.5042617 20.271    nan       2.936  72.4083  86.8217    66.48      nan      nan   12.133  nan      nan    nan   1.301     nan                                None      -1.991      -5.180       3.757       1.627      -0.349       0.945
Gaia DR3 4063968497245211648 269.8832742 -26.7411417 19.141    nan       2.553  68.5857  86.8229    66.35      nan      nan   11.421  nan      nan    nan   2.132     nan                                None     -11.209       1.188     -17.071       1.153      -0.663       0.657
Gaia DR3 4062809199793981184 269.9531207 -27.3404705 19.323    nan       1.104  68.0768  86.8274    66.34      nan      nan   11.331  nan      nan    nan   1.450     nan                                None     -11.294       2.831      -8.786       0.947       2.015       0.608
Gaia DR3 4062863934794404864 271.5616597 -28.0313738 18.966    nan       2.656  66.6481  86.8316    66.18      nan      nan   11.086  nan      nan    nan   1.682     nan                                None     -14.949       4.469     -10.595       0.617       0.045       0.384
Gaia DR3 4062269854897164800 269.7924909 -29.6425073 18.801  1.435       0.958  66.3675  86.8597    66.25      nan      nan   11.035  nan      nan    nan   1.614     nan                                None     -10.611       8.972     -11.537       0.647       6.946       0.507
Gaia DR3 4062959420483844736 272.2754794 -27.7703080 19.746    nan       2.551  66.4555  86.8804    66.11      nan      nan   11.046  nan      nan    nan   1.735     nan                                None     -16.616       3.658     -17.552       1.612      -2.209       0.999
Gaia DR3 4052491172294871552 272.9244257 -27.2034153 19.128    nan       2.127  66.5356  86.8817    66.05      nan      nan   11.059  nan      nan    nan   1.731     nan                                None     -18.200       2.046     -13.241       0.875       2.126       0.573
Gaia DR3 4056576274503433088 268.3983585 -29.1584926 19.105    nan       1.167  67.5052  86.8840    66.36      nan      nan   11.223  nan      nan    nan   1.347     nan                                None      -7.362       7.907      -5.451       1.022       5.915       0.604
Gaia DR3 4063462859384044928 268.0593028 -27.9709935 19.737  2.875       2.051  68.6212  86.8950    66.43      nan      nan   11.415  nan      nan    nan   1.483     nan                                None      -6.639       4.749     -11.205       1.230       6.621       0.757
Gaia DR3 4062603999035152384 268.8615135 -28.7992264 19.464    nan       1.518  67.5338  86.8979    66.35      nan      nan   11.225  nan      nan    nan   1.289     nan                                None      -8.504       6.893     -11.807       1.061       5.479       0.671
Gaia DR3 4057393898784050816 267.6052500 -28.8564133 19.528  1.319       2.011  68.1730  86.9213    66.41      nan      nan   11.332  nan      nan    nan   1.419     nan                                None      -5.461       7.191      -2.577       0.652       3.350       0.494
Gaia DR3 4062676914805514752 269.9727043 -28.3821602 19.229  1.805       2.703  67.2510  86.9299    66.30      nan      nan   11.172  nan      nan    nan   1.968     nan                                None     -11.183       5.631      -5.532       1.046       2.698       0.570
Gaia DR3 4068019922704764544 266.6055154 -25.1291441 19.269  3.467       2.636  71.6647  86.9345    66.49      nan      nan   11.967  nan      nan    nan   2.033     nan                                None      -3.141      -3.287      -3.348       0.655       3.360       0.525
Gaia DR3 4049050594141930240 272.0948586 -31.5475160 19.014  1.368       2.487  63.6373  86.9410    65.88      nan      nan   10.588  nan      nan    nan   3.071     nan                                None     -15.509      13.252     -15.220       1.164       7.708       0.800
Gaia DR3 4063655273863146240 267.9192010 -27.8513232 20.151    nan       1.107  68.7918  86.9419    66.44      nan      nan   11.437  nan      nan    nan   0.964     nan                                None      -6.300       4.431      -3.655       1.248       4.783       1.087
Gaia DR3 4044224601396247552 270.0253951 -30.2474648 19.293  2.067       1.250  65.7706  86.9437    66.18      nan      nan   10.924  nan      nan    nan   1.552     nan                                None     -11.061      10.471     -12.399       1.176       7.922       0.785
Gaia DR3 4110875553133410432 260.6108431 -24.7668149 20.078  1.993       2.799  75.1992  86.9480    66.30      nan      nan   12.673  nan      nan    nan   1.082     nan                                None      13.344      -4.824       9.617       1.423     -11.306       1.134
Gaia DR3 4064731279235875712 273.0555337 -25.9247675 19.215    nan       2.703  67.4604  86.9563    66.04      nan      nan   11.203  nan      nan    nan   3.490     nan                                None     -18.756      -1.429     -12.425       1.387      -0.612       0.942
Gaia DR3 4060504176668635008 264.1734966 -27.8883690 19.850  2.872       0.973  70.7893  86.9698    66.47      nan      nan   11.795  nan      nan    nan   2.343     nan                                None       3.204       4.727       2.930       1.950       2.324       1.091
Gaia DR3 6875474361441238784 308.5003622 -14.6987893 15.394  2.465       2.816  56.4381  86.9742    49.60      nan      nan    9.592  nan      nan    nan   0.917     nan                                None     -82.465     -35.203     -80.707       0.046     -40.620       0.039
Gaia DR3 4061947113899586688 265.2099982 -25.5126168 20.336    nan       2.959  72.1214  86.9825    66.51      nan      nan   12.045  nan      nan    nan   1.209     nan                                None       0.530      -2.164      -6.505       2.000       0.474       0.941
Gaia DR3 4060033963620805632 264.7616045 -29.4725829 20.177  2.915       2.880  69.2192  86.9856    66.40      nan      nan   11.505  nan      nan    nan   1.305     nan                                None       1.640       9.081      -3.897       1.435       4.824       0.966
Gaia DR3 4060456343574636800 264.8322834 -28.1010501 19.817    nan       1.774  70.2668  86.9928    66.48      nan      nan   11.694  nan      nan    nan   1.641     nan                                None       1.485       5.308      -2.299       1.557       3.115       0.767
Gaia DR3 4062636297339594368 269.3932183 -28.4977442 19.643    nan       0.924  67.4787  86.9959    66.34      nan      nan   11.200  nan      nan    nan   2.050     nan                                None      -9.789       6.012      -7.922       1.373       7.142       0.758
Gaia DR3 4065401878239522944 273.5653684 -24.5925378 20.152    nan       2.033  68.2183  87.0015    65.94      nan      nan   11.326  nan      nan    nan   1.520     nan                                None     -20.218      -5.185     -22.988       1.554      -9.172       1.149
Gaia DR3 4062522704170549760 270.8255542 -28.1129136 18.090  1.554       0.929  66.9915  87.0093    66.24      nan      nan   11.115  nan      nan    nan   1.400     nan                                None     -13.200       4.786     -14.653       0.431       6.409       0.321
Gaia DR3 4056165430815103744 268.5523189 -30.4853036 19.184    nan       2.366  66.3867  87.0236    66.25      nan      nan   11.012  nan      nan    nan   1.624     nan                                None      -7.595      11.316     -10.183       1.029       6.472       0.560
Gaia DR3 4067734255876537984 267.9227027 -24.0608147 20.268    nan       1.674  71.7891  87.0280    66.41      nan      nan   11.973  nan      nan    nan   1.118     nan                                None      -6.604      -6.464      -6.480       1.401      -2.240       1.095
Gaia DR3 4064369853342377728 270.2922212 -25.6004313 20.314  2.087       2.844  69.2566  87.0292    66.31      nan      nan   11.504  nan      nan    nan   1.292     nan                                None     -12.320      -2.046      -8.895       1.647       3.941       1.056
Gaia DR3 4050257587330414848 270.6699115 -29.7081517 19.019    nan       2.185  65.8363  87.0336    66.17      nan      nan   10.920  nan      nan    nan   2.698     nan                                None     -12.597       8.966      -8.642       1.043       5.858       0.746
Gaia DR3 4065131467231080704 274.5781578 -25.0155745 19.539  1.790       2.083  67.3159  87.0390    65.81      nan      nan   11.165  nan      nan    nan   1.552     nan                                None     -22.386      -4.123     -20.252       1.099      -8.536       0.862
Gaia DR3 4062894167035099520 271.2064125 -27.9481944 19.140    nan       0.860  66.9095  87.0404    66.21      nan      nan   11.096  nan      nan    nan   1.862     nan                                None     -14.102       4.290     -12.132       0.908       4.697       0.657
Gaia DR3 4066445593917679232 273.8448438 -22.9862054 19.337    nan       0.246  69.3250  87.0480    65.81      nan      nan   11.513  nan      nan    nan   1.699     nan                                None     -21.251      -9.798     -21.729       0.920      -9.440       0.682
Gaia DR3 4121229619761606784 261.6981617 -20.4559409 20.319  1.654       2.923  78.1097  87.0484    66.06      nan      nan   13.281  nan      nan    nan   1.514     nan                                None      10.821     -18.922      12.995       1.503     -26.811       1.024
Gaia DR3 4062743503921917824 269.7478520 -28.0855297 19.391  2.403       1.690  67.6064  87.0504    66.33      nan      nan   11.212  nan      nan    nan   1.753     nan                                None     -10.671       4.860      -7.109       0.992       6.664       0.643
Gaia DR3 4064838314030115072 272.2540040 -25.9194606 19.205  2.040       2.997  67.9130  87.0579    66.13      nan      nan   11.264  nan      nan    nan   1.561     nan                                None     -16.890      -1.342     -18.879       0.784      -8.176       0.579
Gaia DR3 4065344604755980416 273.4721107 -25.1967679 19.425    nan       2.076  67.7968  87.0623    65.97      nan      nan   11.243  nan      nan    nan   2.616     nan                                None     -19.842      -3.484     -21.569       1.391       1.124       1.014
Gaia DR3 6709245791215762432 276.4655718 -46.2664835 11.530  1.233       2.353  50.6379  87.0856    61.73      nan      nan    8.928  nan      nan    nan   0.946     nan                                None     -21.544      41.379     -19.563       0.023      45.340       0.019
Gaia DR3 4065156103006963328 273.5903242 -25.2276768 19.636  1.987       1.319  67.7061  87.1204    65.95      nan      nan   11.218  nan      nan    nan   1.399     nan                                None     -20.085      -3.410     -19.247       1.632      -6.414       1.026
Gaia DR3 4056236486852076672 269.5618554 -30.1367832 19.646    nan       1.225  66.1093  87.1314    66.22      nan      nan   10.949  nan      nan    nan   1.374     nan                                None      -9.975      10.243     -11.262       0.919       7.724       0.712
Gaia DR3 4117956236239609216 263.1899138 -21.0440857 20.162  2.057       1.025  76.8169  87.1407    66.20      nan      nan   12.974  nan      nan    nan   1.779     nan                                None       6.326     -16.548       7.593       1.371     -14.048       1.047
Gaia DR3 4063460900880710144 268.1014267 -28.0780833 19.877  3.340       0.507  68.5140  87.1428    66.42      nan      nan   11.353  nan      nan    nan   1.190     nan                                None      -6.708       5.018      -5.565       1.083       5.427       0.705
Gaia DR3 4063109602616232448 270.6095421 -27.6951684 18.993  1.688       1.713  67.4369  87.1430    66.28      nan      nan   11.168  nan      nan    nan   1.715     nan                                None     -12.736       3.694     -13.381       0.870      -0.287       0.630
Gaia DR3 4090423777849736704 274.3308525 -22.8492582 19.892    nan       1.317  69.1579  87.1474    65.73      nan      nan   11.466  nan      nan    nan   1.456     nan                                None     -22.374     -10.210     -19.633       1.627      -8.590       1.194
Gaia DR3 4118984313880049920 267.1030420 -20.4452726 19.997  2.162       2.618  75.1360  87.1599    66.15      nan      nan   12.613  nan      nan    nan   1.783     nan                                None      -4.688     -17.911       1.680       1.676     -15.102       1.049
Gaia DR3 4061148043779575296 263.0327713 -28.2240936 19.984  3.202       2.670  71.1314  87.1776    66.43      nan      nan   11.820  nan      nan    nan   1.803     nan                                None       6.171       5.664       5.175       1.379      -0.914       1.042
Gaia DR3 4068424268209571840 265.6630934 -23.6872423 20.298  1.787       2.664  73.3325  87.1799    66.45      nan      nan   12.243  nan      nan    nan   1.043     nan                                None      -0.679      -7.670       6.060       1.793      -6.312       1.215
Gaia DR3 4062616407201008768 268.7717755 -28.7659900 18.992    nan       1.175  67.6088  87.1804    66.36      nan      nan   11.191  nan      nan    nan   2.515     nan                                None      -8.257       6.787      -9.097       1.161       4.146       0.824
Gaia DR3 4064738666647494784 273.2428878 -25.8138792 19.487  1.604       1.213  67.4422  87.1848    66.01      nan      nan   11.162  nan      nan    nan   1.965     nan                                None     -19.143      -1.752     -17.493       1.296      -4.082       0.798
Gaia DR3 4062962787819238528 272.3539165 -27.6273924 19.422    nan       2.352  66.5232  87.1909    66.11      nan      nan   11.008  nan      nan    nan   2.145     nan                                None     -16.746       3.252     -11.416       1.361       4.424       0.942
Gaia DR3 4067980301671239040 265.4876981 -25.0622128 20.020  2.658       2.278  72.3295  87.2205    66.50      nan      nan   12.039  nan      nan    nan   1.524     nan                                None      -0.204      -3.490      -0.567       1.181      -9.260       0.691
Gaia DR3 4117173005923676288 265.4788293 -22.2051112 19.885  2.074       0.347  74.6225  87.2360    66.35      nan      nan   12.491  nan      nan    nan   1.591     nan                                None      -0.188     -12.350      -0.071       1.337     -13.256       0.892
Gaia DR3 4065665112483837440 271.7190342 -25.4348997 19.114    nan       0.857  68.5921  87.2395    66.18      nan      nan   11.350  nan      nan    nan   2.661     nan                                None     -15.695      -2.626     -14.321       1.178      -1.102       0.684
Gaia DR3 4050309573570825088 271.1813698 -29.5784399 18.994  1.388       2.884  65.6560  87.2448    66.14      nan      nan   10.858  nan      nan    nan   1.348     nan                                None     -13.740       8.514      -8.467       0.588       4.543       0.402
Gaia DR3 4870633964686639616  64.5000730 -33.0233945 17.464  3.164       1.315  49.0941  87.2538   -30.69      nan      nan    8.758  nan      nan    nan   0.996     nan                                None     -39.337    -101.675     -36.953       0.061    -102.137       0.086
Gaia DR3 4050153129664157824 270.8868037 -30.4325040 19.393  1.177       1.422  65.1567  87.2561    66.10      nan      nan   10.777  nan      nan    nan   1.483     nan                                None     -12.943      10.725     -11.748       1.076       7.723       0.708
Gaia DR3 4110856002480787456 261.0150367 -24.6682236 19.982  2.217       1.585  75.0631  87.2578    66.33      nan      nan   12.576  nan      nan    nan   1.166     nan                                None      12.129      -5.053      11.057       1.810      -9.116       1.104
Gaia DR3 4117691150860058112 263.7460863 -21.5774334 19.592    nan       0.854  76.0808  87.2658    66.27      nan      nan   12.787  nan      nan    nan   1.858     nan                                None       4.674     -14.628       5.766       1.043     -12.603       0.607
Gaia DR3 4064718875443492608 273.3333060 -26.0649717 19.321  2.264       2.597  67.1952  87.2682    66.00      nan      nan   11.107  nan      nan    nan   2.548     nan                                None     -19.266      -1.079     -20.263       1.106      -7.077       0.815
Gaia DR3 4108335200179525248 260.3755305 -26.4574566 19.883  2.321       2.779  73.9579  87.2908    66.31      nan      nan   12.345  nan      nan    nan   1.715     nan                                None      13.634       0.372       6.749       1.534       2.589       1.112
Gaia DR3 4061729925948473856 264.8778124 -26.6370345 20.375    nan       1.565  71.4055  87.3368    66.51      nan      nan   11.841  nan      nan    nan   1.166     nan                                None       1.385       1.131      -1.826       1.845       3.357       1.069
Gaia DR3 4063244262671090176 271.6471121 -26.9561643 18.879  1.381       2.756  67.4398  87.3394    66.19      nan      nan   11.136  nan      nan    nan   2.411     nan                                None     -15.225       1.561      -8.768       1.076       1.158       0.773
Gaia DR3 4060592511206593280 265.7299816 -28.0251445    nan    nan       1.315  69.8433  87.3419    66.48      nan      nan   11.553  nan      nan    nan   4.398     nan                                None      -0.811       5.032      -1.228       1.642       1.856       0.887
Gaia DR3 4056039884570985344 267.1390672 -30.3438243 19.053  1.822       2.813  67.2600  87.3426    66.32      nan      nan   11.106  nan      nan    nan   1.795     nan                                None      -4.216      11.103      -6.199       0.583       4.823       0.382
Gaia DR3 4066339692908136704 273.7850687 -23.6612803 19.350  1.022       1.947  68.8267  87.3527    65.86      nan      nan   11.372  nan      nan    nan   1.864     nan                                None     -20.843      -7.808     -22.983       1.366      -3.661       0.874
Gaia DR3 4052978397585377792 274.8318871 -26.3065352 18.066  2.025       2.383  66.1652  87.3662    65.79      nan      nan   10.922  nan      nan    nan   1.803     nan                                None     -22.499      -0.660     -21.321       0.465      -6.018       0.337
Gaia DR3 3394865197277853184  78.1412073  17.4805317 10.693  1.439       0.905  97.5220  87.3669   -65.28      nan      nan   18.477  nan      nan    nan   1.003     nan                                None     -29.422     -40.069     -31.807       0.017     -37.471       0.012
Gaia DR3 4063391562888558464 268.3769595 -28.3849514 19.672  3.892       2.818  68.1228  87.3706    66.40      nan      nan   11.247  nan      nan    nan   1.690     nan                                None      -7.325       5.799     -13.114       1.292       2.463       0.728
Gaia DR3 4067959999384423552 265.4991179 -25.3477345 20.215  2.429       1.505  72.0955  87.4037    66.51      nan      nan   11.958  nan      nan    nan   1.322     nan                                None      -0.233      -2.631      -3.672       1.545      -4.234       0.779
Gaia DR3 4056445295181755136 267.9722664 -29.8140952 19.521  3.534       1.624  67.2241  87.4044    66.33      nan      nan   11.090  nan      nan    nan   2.250     nan                                None      -6.238       9.614      -7.753       1.582       6.133       0.998
Gaia DR3 4062609565391862528 269.1263609 -28.6604912 19.390  1.594       2.903  67.4975  87.4179    66.34      nan      nan   11.133  nan      nan    nan   1.634     nan                                None      -9.080       6.439      -7.797       0.854      -0.251       0.509
Gaia DR3 4067934538795265920 265.9291861 -25.2609912 20.213    nan       1.389  71.9299  87.4239    66.50      nan      nan   11.923  nan      nan    nan   1.733     nan                                None      -1.358      -2.879      -1.543       1.475       0.608       0.735
Gaia DR3 4061306717046501760 264.2249420 -27.3398409 19.027    nan       1.763  71.1981  87.4314    66.49      nan      nan   11.784  nan      nan    nan   2.120     nan                                None       3.068       3.142       0.421       0.946       6.630       0.740
Gaia DR3 4064830102156798336 272.5013986 -25.9242417 19.659  1.196       2.452  67.7710  87.5095    66.10      nan      nan   11.164  nan      nan    nan   1.398     nan                                None     -17.343      -1.350     -19.723       1.316      -6.607       0.862
Gaia DR3 4062770751204557952 269.5597491 -27.7947394 19.822  2.625       1.068  67.9375  87.5146    66.35      nan      nan   11.191  nan      nan    nan   1.095     nan                                None     -10.190       4.072     -10.135       0.904       1.553       0.646
Gaia DR3 4063395273737464064 268.3343037 -28.2966194 19.933    nan       2.159  68.2153  87.5166    66.40      nan      nan   11.238  nan      nan    nan   1.021     nan                                None      -7.214       5.555     -11.997       0.947       3.741       0.680
Gaia DR3 4386693439368034560 260.0542368   1.1686552 11.759  1.919       2.484  96.7750  87.5186    58.78      nan      nan   18.170  nan      nan    nan   1.553     nan                                None      21.345    -117.364      12.925       0.021    -121.799       0.014
Gaia DR3 4068751029294666624 266.5738493 -23.4628732 20.072    nan       1.763  73.0109  87.5264    66.42      nan      nan   12.110  nan      nan    nan   1.555     nan                                None      -3.094      -8.263      -7.452       1.922      -7.139       0.913
Gaia DR3 4066086294081374464 271.8287482 -24.0752387 20.030    nan       1.811  69.6014  87.5318    66.12      nan      nan   11.477  nan      nan    nan   1.654     nan                                None     -16.145      -6.469     -17.844       1.770      -2.430       1.106
Gaia DR3 4061319292721118080 263.7601620 -27.3166107 20.087  2.537       2.674  71.4661  87.5361    66.48      nan      nan   11.815  nan      nan    nan   2.377     nan                                None       4.282       3.069      -2.255       1.593       1.790       0.995
Gaia DR3 4061872106546396800 265.6864864 -25.9383630 19.812  2.683       1.585  71.5228  87.5393    66.51      nan      nan   11.825  nan      nan    nan   2.050     nan                                None      -0.717      -0.892      -4.666       0.973      -0.763       0.624
Gaia DR3 4068450037911254656 267.3490190 -24.3493856 20.044  3.355       0.892  71.8764  87.5419    66.45      nan      nan   11.890  nan      nan    nan   1.371     nan                                None      -5.062      -5.557      -5.900       0.935      -3.483       0.735
Gaia DR3 4116798961527997440 264.2190990 -22.5725251 19.368  1.918       1.143  75.0191  87.5462    66.37      nan      nan   12.505  nan      nan    nan   2.031     nan                                None       3.272     -11.255       1.391       0.994      -8.902       0.661
Gaia DR3 4063054902083767680 271.8116539 -27.0082213 19.146  1.598       0.732  67.3076  87.5504    66.18      nan      nan   11.080  nan      nan    nan   1.569     nan                                None     -15.545       1.673     -16.911       0.920       0.643       0.604
Gaia DR3 4116397472345364352 264.3827482 -23.8534644 20.437    nan       1.329  73.8999  87.5641    66.45      nan      nan   12.277  nan      nan    nan   0.893     nan                                None       2.771      -7.201      -0.079       1.898      -5.278       1.213
Gaia DR3 4116306556392284800 264.5096175 -24.2509404 20.180  2.128       0.758  73.5119  87.5779    66.47      nan      nan   12.197  nan      nan    nan   1.754     nan                                None       2.413      -5.966       3.200       1.404      -4.182       0.871
Gaia DR3 4117572403614402944 263.8398736 -22.3098855 18.780  1.797       2.879  75.4383  87.5816    66.34      nan      nan   12.583  nan      nan    nan   3.595     nan                                None       4.340     -12.142       3.543       0.908      -4.547       0.722
Gaia DR3 3373563082906743552  91.8263312  18.2334338 11.871  1.928       2.450 105.7498  87.5913   -65.51      nan      nan   21.076  nan      nan    nan   1.221     nan                                None      29.637     -41.739      18.761       0.022     -42.120       0.015
Gaia DR3 4067610423348565376 268.0876568 -24.9218974 20.084  2.016       1.314  71.0139  87.5968    66.44      nan      nan   11.720  nan      nan    nan   1.798     nan                                None      -6.889      -3.868      -9.928       1.413      -2.725       0.860
Gaia DR3 4065609518382165888 274.0926768 -23.6859807 19.434    nan       2.587  68.6335  87.6213    65.82      nan      nan   11.292  nan      nan    nan   1.725     nan                                None     -21.452      -7.731     -15.332       1.302      -7.039       1.003
Gaia DR3 4063176844749805952 270.4053612 -27.2365237 19.658  2.375       1.412  67.9086  87.6251    66.30      nan      nan   11.168  nan      nan    nan   1.536     nan                                None     -12.237       2.464      -9.102       0.894       1.361       0.626
Gaia DR3 4110396475288581248 262.4099161 -24.8343091 20.136  2.927       2.784  74.1806  87.6329    66.42      nan      nan   12.318  nan      nan    nan   1.522     nan                                None       8.114      -4.347       1.748       1.826      -0.920       1.172
Gaia DR3 4064560446878358784 273.1661316 -26.5697199 19.490  1.581       2.197  66.8946  87.6332    66.02      nan      nan   10.998  nan      nan    nan   1.500     nan                                None     -18.678       0.305     -13.959       1.112      -1.612       0.822
Gaia DR3 4116483612264611200 265.2666905 -23.4552186 19.695    nan       2.730  73.7359  87.6418    66.43      nan      nan   12.228  nan      nan    nan   1.551     nan                                None       0.386      -8.354      -3.834       1.029      -2.723       0.735
Gaia DR3 6875474361442996352 308.5005052 -14.6991315 16.001    nan       2.361  56.4378  87.6461    49.60      nan      nan    9.516  nan      nan    nan   0.918     nan                                None     -81.811     -34.923     -82.798       0.053     -39.555       0.044
Gaia DR3 4056454567991429760 268.1401131 -29.5990684 18.492  2.230       2.480  67.3011  87.7032    66.34      nan      nan   11.054  nan      nan    nan   1.827     nan                                None      -6.625       8.993      -3.667       0.498       4.029       0.405
Gaia DR3 4060254656268630400 265.1605468 -28.3469471 19.159  3.918       1.415  69.8955  87.7235    66.47      nan      nan   11.495  nan      nan    nan   2.721     nan                                None       0.631       5.912      -1.773       1.121       8.358       0.646
Gaia DR3 4068388014415147520 265.1918284 -24.0428323 19.952    nan       2.659  73.3061  87.7301    66.46      nan      nan   12.127  nan      nan    nan   1.076     nan                                None       0.582      -6.542      -0.152       1.120       0.216       0.803
Gaia DR3 4067150346518954112 266.7594714 -25.5780064 20.061  3.831       2.303  71.2234  87.7316    66.49      nan      nan   11.733  nan      nan    nan   1.143     nan                                None      -3.476      -1.937      -9.020       1.191      -3.247       0.570
Gaia DR3 4062603037020029696 269.0217696 -28.7388033 19.504    nan       1.287  67.4935  87.7323    66.35      nan      nan   11.081  nan      nan    nan   1.240     nan                                None      -8.784       6.629     -11.622       1.214       7.621       0.776
Gaia DR3 4064677682245751424 273.9647254 -26.1135557 18.167    nan       2.622  66.8030  87.7400    65.92      nan      nan   10.966  nan      nan    nan   5.607     nan                                None     -20.528      -1.032     -16.480       0.757      -5.543       0.495
Gaia DR3 4050239578666270208 270.1259173 -29.8934139 19.288  1.805       1.151  65.9904  87.7401    66.20      nan      nan   10.836  nan      nan    nan   2.467     nan                                None     -11.210       9.442     -12.328       1.113       7.063       0.655
Gaia DR3 4049122715353410176 271.7890110 -31.0795020 19.716    nan       2.258  64.1640  87.7437    65.96      nan      nan   10.552  nan      nan    nan   2.596     nan                                None     -14.752      12.050     -14.903       1.523       7.029       0.989
Gaia DR3 4050526929186877952 272.4061700 -29.1444195 18.995    nan       1.057  65.3166  87.7447    66.04      nan      nan   10.729  nan      nan    nan   3.196     nan                                None     -16.444       7.122     -16.128       0.970       4.752       0.775
Gaia DR3 4062594863704930560 269.6073196 -28.4983964 19.513  1.851       2.533  67.3608  87.7495    66.32      nan      nan   11.056  nan      nan    nan   1.246     nan                                None     -10.183       5.919      -8.051       1.001       0.412       0.584
Gaia DR3 4114591313977218560 258.5273702 -22.2949641 19.610  1.605       2.236  78.3209  87.7871    65.96      nan      nan   13.149  nan      nan    nan   4.140     nan                                None      19.830     -13.165      13.706       1.602     -14.112       1.181
Gaia DR3 4062320844720244480 269.6788561 -29.4820428 18.609  1.881       1.765  66.5545  87.7899    66.26      nan      nan   10.918  nan      nan    nan   1.769     nan                                None     -10.227       8.460     -12.884       0.785       5.387       0.399
Gaia DR3 4116472892055843840 265.4214868 -23.4417481 19.787    nan       2.249  73.6617  87.8008    66.43      nan      nan   12.182  nan      nan    nan   1.409     nan                                None      -0.030      -8.362       4.718       1.100      -5.072       0.689
Gaia DR3 4063188492702509056 270.3652149 -27.2163383 19.741    nan       2.287  67.9466  87.8023    66.31      nan      nan   11.145  nan      nan    nan   1.025     nan                                None     -12.114       2.408     -12.115       0.961      -2.966       0.600
Gaia DR3 4065633909488897792 271.6255097 -25.7293004 19.739    nan       2.121  68.4131  87.8090    66.20      nan      nan   11.223  nan      nan    nan   1.459     nan                                None     -15.290      -1.781     -20.071       1.164      -3.308       0.762
Gaia DR3 4062662101546495360 269.3303033 -28.1701297 19.770    nan       2.820  67.7695  87.8184    66.35      nan      nan   11.113  nan      nan    nan   1.732     nan                                None      -9.561       5.081      -3.882       1.502       1.705       0.892
Gaia DR3 4067133578950014080 266.0294421 -25.8027692 20.298  2.394       0.267  71.4438  87.8219    66.51      nan      nan   11.757  nan      nan    nan   1.098     nan                                None      -1.598      -1.280      -0.951       1.220      -1.411       0.975
Gaia DR3 4056308882669993600 269.2415745 -29.7150301 19.409  2.270       2.883  66.6117  87.8464    66.28      nan      nan   10.919  nan      nan    nan   1.314     nan                                None      -9.181       9.118      -5.000       0.853       3.963       0.629
Gaia DR3 4061009471012715392 265.9230127 -26.7882211 20.294    nan       1.793  70.7188  87.8467    66.51      nan      nan   11.620  nan      nan    nan   1.004     nan                                None      -1.308       1.540       1.529       1.551      -1.814       1.125
Gaia DR3 4067391654902486528 268.2271494 -25.3642146 20.387  2.897       1.367  70.5863  87.8517    66.44      nan      nan   11.596  nan      nan    nan   1.263     nan                                None      -7.171      -2.579      -6.411       2.317       0.675       1.074
Gaia DR3 4062397428449022848 270.9040766 -29.0367161 18.616  1.705       1.963  66.2289  87.8893    66.20      nan      nan   10.851  nan      nan    nan   2.725     nan                                None     -13.073       7.108     -10.154       0.676       3.694       0.396
Gaia DR3 4064716951297485184 273.2148304 -26.0545303 19.355  1.031       1.406  67.2697  87.8915    66.02      nan      nan   11.019  nan      nan    nan   2.550     nan                                None     -18.829      -1.081     -18.611       1.093      -4.339       0.764
Gaia DR3 4056494567015137024 268.3803276 -29.7852929 18.584  2.041       1.108  67.0253  87.9001    66.32      nan      nan   10.977  nan      nan    nan   2.983     nan                                None      -7.157       9.416      -4.673       1.024       8.787       0.751
Gaia DR3 6498798926355152768 350.1531733 -56.3515861  9.981  0.784       1.340   5.8637  87.9024    27.51      nan      nan    6.702  nan      nan    nan   1.114     nan                                None     -83.982     -16.608     -85.750       0.012     -15.930       0.014
Gaia DR3 4043912473273043072 270.3179516 -31.1806621 19.353  2.247       2.757  64.8894  87.9041    66.08      nan      nan   10.639  nan      nan    nan   2.144     nan                                None     -11.453      12.586     -15.975       0.927       8.369       0.544
Gaia DR3 4050216626414703488 270.4696580 -30.1938770 19.303  1.888       2.205  65.5695  87.9041    66.15      nan      nan   10.744  nan      nan    nan   2.788     nan                                None     -11.923      10.114     -16.907       1.407       9.788       0.844
Gaia DR3 4050366198491621760 271.3558124 -29.3219282 19.255  1.088       2.588  65.7589  87.9129    66.14      nan      nan   10.773  nan      nan    nan   1.636     nan                                None     -14.042       7.753     -18.847       1.164       4.367       0.861
Gaia DR3 4064172284884653184 270.1715438 -25.8632943 19.784    nan       2.607  69.1166  87.9153    66.33      nan      nan   11.326  nan      nan    nan   1.508     nan                                None     -11.830      -1.276      -9.176       1.107      -6.907       0.820
Gaia DR3 4064539075111162240 273.0998331 -26.7923059 19.044    nan       2.040  66.7580  87.9167    66.03      nan      nan   10.931  nan      nan    nan   3.180     nan                                None     -18.407       0.905     -14.668       1.268      -1.945       0.862
Gaia DR3 4050240098155405824 270.1848633 -29.8555213 18.963  1.418       2.178  65.9876  87.9183    66.20      nan      nan   10.808  nan      nan    nan   3.068     nan                                None     -11.321       9.312     -11.137       1.296       4.352       0.750
Gaia DR3 4066232941444337920 273.2719667 -24.0522951 20.212  2.196       2.558  68.8083  87.9225    65.95      nan      nan   11.271  nan      nan    nan   1.152     nan                                None     -19.401      -6.597     -14.364       1.941      -9.997       1.083
Gaia DR3 4068767831150928896 267.1270553 -23.3204355 19.069  2.071       2.176  72.8193  87.9244    66.40      nan      nan   11.995  nan      nan    nan   1.300     nan                                None      -4.522      -8.617       0.450       0.527     -10.976       0.295
Gaia DR3 4062911213818512896 270.9926299 -27.8228241 19.052  1.791       2.340  67.1255  87.9328    66.24      nan      nan   10.989  nan      nan    nan   1.070     nan                                None     -13.451       3.936     -13.946       0.596      -1.462       0.483
Gaia DR3 4064104974125378688 270.6883339 -26.1281562 20.158    nan       2.599  68.6214  87.9361    66.29      nan      nan   11.237  nan      nan    nan   1.607     nan                                None     -13.008      -0.588      -7.341       1.339       1.820       0.879
Gaia DR3 4065101093161021440 274.6723883 -25.3885032 18.948    nan       2.961  66.9711  87.9379    65.80      nan      nan   10.963  nan      nan    nan   2.800     nan                                None     -22.204      -3.073     -18.803       1.022      -9.011       0.778
Gaia DR3 4056396499975076224 268.0501967 -29.9236668 19.799    nan       2.744  67.0963  87.9683    66.32      nan      nan   10.978  nan      nan    nan   1.222     nan                                None      -6.363       9.807      -2.461       1.304       4.797       1.051
Gaia DR3 4060479781295394432 264.7477359 -27.8660828 18.559  3.596       1.150  70.4986  87.9722    66.48      nan      nan   11.558  nan      nan    nan   2.309     nan                                None       1.682       4.580       4.464       0.700       4.229       0.482
Gaia DR3 4116500654613463552 265.4468122 -23.0517153 19.497    nan       2.456  73.9605  87.9756    66.41      nan      nan   12.205  nan      nan    nan   1.050     nan                                None      -0.097      -9.542      -3.505       0.825      -4.220       0.603
Gaia DR3 4063968531605063808 269.8873041 -26.7283425 19.649    nan       0.931  68.5936  87.9768    66.35      nan      nan   11.226  nan      nan    nan   2.139     nan                                None     -11.027       1.132      -9.677       1.441       2.874       0.826
Gaia DR3 4050861008851341312 272.9738800 -28.3000777 18.934    nan       2.097  65.6558  88.0022    66.01      nan      nan   10.743  nan      nan    nan   2.292     nan                                None     -17.795       4.845     -15.185       0.942       0.878       0.632
Gaia DR3 4067102792608802688 266.1191811 -26.2137185 18.637  3.140       2.903  71.0682  88.0413    66.51      nan      nan   11.648  nan      nan    nan   2.661     nan                                None      -1.813      -0.097      -1.461       0.999       7.022       0.569
Gaia DR3 4116472239188133888 265.3576434 -23.4421920 20.076    nan       1.452  73.6964  88.0547    66.43      nan      nan   12.137  nan      nan    nan   1.304     nan                                None       0.141      -8.331       0.675       1.272     -12.007       0.819
Gaia DR3 4060904295797618432 265.5430398 -27.0895065 20.054    nan       2.357  70.6858  88.0558    66.51      nan      nan   11.577  nan      nan    nan   1.150     nan                                None      -0.337       2.391      -5.639       1.350       0.158       0.811
Gaia DR3 4119209159712016512 268.3068473 -19.8473695 16.273  3.027       1.788  74.9432  88.0592    66.03      nan      nan   12.381  nan      nan    nan   0.972     nan                                None      -7.873     -19.429     -11.585       0.066     -22.260       0.047
Gaia DR3 4068465156207742720 267.0141678 -24.2049410 19.922  2.516       2.546  72.1760  88.0609    66.45      nan      nan   11.848  nan      nan    nan   1.260     nan                                None      -4.173      -5.945      -2.507       1.086       0.193       0.867
Gaia DR3 4109864311627072384 261.4456028 -25.9083983 19.270    nan       2.948  73.8324  88.0890    66.38      nan      nan   12.157  nan      nan    nan   1.389     nan                                None      10.578      -1.165       3.028       1.157      -0.915       0.859
Gaia DR3 4062412997568887808 270.4832436 -28.9001502 18.695  1.571       2.592  66.5666  88.1089    66.24      nan      nan   10.871  nan      nan    nan   1.378     nan                                None     -12.096       6.804      -8.487       0.686       2.087       0.441
Gaia DR3 4064721177498926976 273.4247156 -25.9700819 19.392  1.552       2.652  67.2181  88.1225    65.99      nan      nan   10.974  nan      nan    nan   2.068     nan                                None     -19.253      -1.332     -13.141       0.939      -0.811       0.651
Gaia DR3 4067876608236082816 265.8047662 -25.8842850 19.384    nan       2.141  71.5014  88.1256    66.51      nan      nan   11.711  nan      nan    nan   1.386     nan                                None      -1.014      -1.039       0.467       1.045       4.036       0.528
Gaia DR3 4070551823132201472 268.5166777 -21.9418261 19.359  2.531       2.076  73.1484  88.1292    66.24      nan      nan   12.018  nan      nan    nan   1.887     nan                                None      -8.195     -12.738      -4.815       1.227      -8.711       0.843
Gaia DR3 4066652508216675456 273.2215960 -22.7257397 20.030  2.619       1.033  69.8830  88.1396    65.88      nan      nan   11.420  nan      nan    nan   1.559     nan                                None     -19.532     -10.354     -18.550       1.357      -8.068       1.001
Gaia DR3 4116433721777731456 265.2513209 -23.8081545 19.520    nan       2.970  73.4615  88.1553    66.45      nan      nan   12.072  nan      nan    nan   1.108     nan                                None       0.422      -7.205      -6.918       0.836      -5.405       0.518
Gaia DR3 4043311349704313216 269.7131913 -32.6758040 20.093    nan       2.657  64.0661  88.1883    65.95      nan      nan   10.473  nan      nan    nan   1.363     nan                                None      -9.889      16.256      -8.261       1.827      10.621       1.544
Gaia DR3 2919284426368107392 101.9789158 -27.1463349 12.913  2.210       2.209  74.4416  88.1894   -37.46      nan      nan   12.255  nan      nan    nan   7.980     nan                                None      43.980    -135.114      38.373       0.086    -136.181       0.108
Gaia DR3 4116830267620450944 264.5624136 -22.3423777 20.053    nan       0.887  75.0162  88.2001    66.35      nan      nan   12.367  nan      nan    nan   1.455     nan                                None       2.303     -11.819       0.611       1.415     -13.396       1.042
Gaia DR3 4043898282625156096 270.1678437 -31.5407545 18.928  1.850       1.626  64.6933  88.2089    66.05      nan      nan   10.564  nan      nan    nan   3.025     nan                                None     -11.026      13.439     -13.669       1.028      10.964       0.679
Gaia DR3 4042573371054467328 271.4429116 -33.7049114 15.144  2.611       2.655  62.3459  88.2327    65.68      nan      nan   10.218  nan      nan    nan   1.007     nan                                None     -13.514      18.216      -7.795       0.034      18.262       0.024
Gaia DR3 4060698549694557952 265.7452919 -27.3221540 19.645  3.898       2.327  70.3917  88.2384    66.50      nan      nan   11.492  nan      nan    nan   1.395     nan                                None      -0.845       3.027      -6.479       1.217       2.832       0.482
Gaia DR3 4068095067498384768 266.1866564 -24.6862712 18.641  3.006       1.346  72.2471  88.2674    66.48      nan      nan   11.822  nan      nan    nan   1.777     nan                                None      -2.015      -4.521      -5.007       0.526      -3.001       0.405
Gaia DR3 4050499338229416832 272.5521512 -29.4433677 19.336    nan       2.976  65.0047  88.2697    66.01      nan      nan   10.603  nan      nan    nan   2.053     nan                                None     -16.589       7.789     -12.651       1.160       2.428       0.923
Gaia DR3 4064776702958575360 273.4679558 -25.4365324 20.083    nan       2.309  67.6113  88.2758    65.98      nan      nan   11.013  nan      nan    nan   1.009     nan                                None     -19.427      -2.771     -14.581       1.124      -5.065       0.725
Gaia DR3 4062966842190226560 272.2980736 -27.5355472 18.892  1.570       2.666  66.6257  88.3084    66.12      nan      nan   10.849  nan      nan    nan   2.026     nan                                None     -16.373       2.970     -10.287       0.968       2.601       0.585
Gaia DR3 4064034845932726784 269.7782151 -26.4836867 19.869    nan       2.901  68.8462  88.3346    66.36      nan      nan   11.209  nan      nan    nan   2.258     nan                                None     -10.743       0.470     -14.631       1.401       6.116       0.939
Gaia DR3 4057295458129048832 267.4325655 -29.0509942 20.088    nan       2.977  68.1140  88.3379    66.40      nan      nan   11.086  nan      nan    nan   1.105     nan                                None      -4.923       7.570       1.724       0.929       5.513       0.734
Gaia DR3 4116432141364030720 265.0585626 -23.8721690 19.611  2.392       1.207  73.5157  88.3551    66.46      nan      nan   12.043  nan      nan    nan   1.282     nan                                None       0.931      -7.000       3.665       0.977      -5.619       0.583
Gaia DR3 4065401569001839104 273.5792105 -24.6225233 20.373    nan       2.181  68.1870  88.3653    65.94      nan      nan   11.094  nan      nan    nan   1.304     nan                                None     -19.837      -5.000     -15.191       1.629      -7.108       1.263
Gaia DR3 4117993653912594560 264.4316215 -21.6871829 20.025    nan       0.581  75.6158  88.3660    66.30      nan      nan   12.452  nan      nan    nan   1.478     nan                                None       2.677     -13.895       3.045       1.183     -12.416       0.784
Gaia DR3 4062482507391697920 270.1471565 -28.5933437 18.613  1.958       2.312  66.9903  88.3672    66.28      nan      nan   10.898  nan      nan    nan   1.243     nan                                None     -11.326       6.039      -6.439       0.476       3.956       0.338
Gaia DR3 4050187115472497536 271.0785023 -30.0360515 18.784  1.507       2.510  65.3582  88.3701    66.12      nan      nan   10.642  nan      nan    nan   2.409     nan                                None     -13.227       9.542     -10.415       1.101       4.664       0.718
Gaia DR3 4052354901512377216 274.5842308 -27.1133649 19.296  1.677       0.710  65.6771  88.3781    65.83      nan      nan   10.690  nan      nan    nan   2.673     nan                                None     -21.448       1.486     -21.714       1.151      -0.091       0.771
Gaia DR3 4050084448590826752 271.9913539 -30.0302312 19.106    nan       2.846  64.8610  88.3859    66.03      nan      nan   10.564  nan      nan    nan   1.631     nan                                None     -15.236       9.344     -15.675       1.153       3.020       0.766
Gaia DR3 4056330769841922304 269.3241170 -29.4769290 19.306  2.194       1.451  66.7522  88.3935    66.29      nan      nan   10.856  nan      nan    nan   1.302     nan                                None      -9.325       8.428     -10.265       0.763       5.244       0.484
Gaia DR3 4062623519669839744 268.7983101 -28.5711316 19.788  2.099       1.314  67.7468  88.4083    66.37      nan      nan   11.014  nan      nan    nan   1.899     nan                                None      -8.191       6.154     -11.140       1.275       6.933       0.766
Gaia DR3 4050084689166023936 272.0556218 -30.0228026 19.467  1.366       2.205  64.8314  88.4295    66.02      nan      nan   10.554  nan      nan    nan   1.920     nan                                None     -15.369       9.307     -12.892       0.989       5.073       0.683
Gaia DR3 4062911622019314688 271.0145300 -27.8015463 18.543  1.682       2.613  67.1300  88.4364    66.24      nan      nan   10.910  nan      nan    nan   1.295     nan                                None     -13.408       3.849     -11.078       0.557      -1.691       0.423
Gaia DR3 4060461948513013632 264.9691229 -28.0527408 19.665    nan       2.686  70.2315  88.4378    66.48      nan      nan   11.429  nan      nan    nan   1.064     nan                                None       1.108       5.054      -4.758       0.936       2.318       0.566
Gaia DR3 2963651271035637248  83.6488078 -23.8977565 16.590  3.213       2.534  66.9767  88.4414   -42.60      nan      nan   10.885  nan      nan    nan   1.070     nan                                None      -4.211    -117.213       1.192       0.038    -115.063       0.054
Gaia DR3 4062951345899094144 272.1756800 -27.8520536 19.064  1.859       2.034  66.4473  88.4711    66.12      nan      nan   10.796  nan      nan    nan   2.230     nan                                None     -16.005       3.804     -13.484       1.086      -0.079       0.690
Gaia DR3 4110149222572199296 263.5315717 -25.1792008 18.801  3.231       2.519  73.2984  88.4803    66.47      nan      nan   11.978  nan      nan    nan   1.507     nan                                None       4.942      -3.164       0.472       0.553      -7.688       0.477
Gaia DR3 4063167812379205120 270.2608261 -27.4118452 18.879  2.487       2.438  67.8511  88.4916    66.31      nan      nan   11.018  nan      nan    nan   3.082     nan                                None     -11.724       2.917     -17.369       1.238       3.352       0.812
Gaia DR3 4111188329805238144 260.1572159 -23.9652203 19.880  1.825       0.823  76.0909  88.4960    66.23      nan      nan   12.520  nan      nan    nan   2.872     nan                                None      14.425      -7.260      12.352       1.620      -6.609       1.113
Gaia DR3 4118251661254062336 265.0689198 -20.4106839 20.384  2.003       2.786  76.2939  88.5056    66.17      nan      nan   12.559  nan      nan    nan   1.148     nan                                None       0.942     -17.916      -1.515       1.240     -10.963       0.704
Gaia DR3 4056271744064155904 268.8901562 -30.1246958 18.646  2.006       2.351  66.4840  88.5096    66.27      nan      nan   10.796  nan      nan    nan   2.678     nan                                None      -8.246      10.121     -11.939       0.888       6.250       0.605
Gaia DR3 4050248928672033152 270.3310776 -29.6776673 19.135  2.330       2.219  66.0456  88.5227    66.20      nan      nan   10.726  nan      nan    nan   2.735     nan                                None     -11.578       8.762      -9.478       1.051       4.204       0.684
Gaia DR3 3013813053075871744  82.3956022  -9.5407213 15.986    nan       2.923  77.7321  88.5276   -53.87      nan      nan   12.850  nan      nan    nan   0.935     nan                                None      -8.505    -105.400     -13.106       0.165    -111.845       0.140
Gaia DR3 4061086264998121088 265.7663191 -26.5461762 19.384  2.712       2.802  70.9961  88.5334    66.51      nan      nan   11.547  nan      nan    nan   2.683     nan                                None      -0.903       0.847      -6.841       1.146       4.203       0.670
Gaia DR3 4117129128624883712 266.5517590 -21.5506582 20.228    nan       1.820  74.5548  88.5350    66.28      nan      nan   12.207  nan      nan    nan   1.322     nan                                None      -3.060     -14.032       0.228       1.735     -10.695       0.880
Gaia DR3 4063578273719480192 269.8010705 -27.0911063 19.156  3.026       2.524  68.3563  88.5511    66.35      nan      nan   11.092  nan      nan    nan   2.057     nan                                None     -10.686       2.109      -6.458       0.929       6.227       0.659
Gaia DR3 4050971479620452608 272.5924953 -27.7067366 18.821  1.524       2.947  66.3287  88.5520    66.08      nan      nan   10.765  nan      nan    nan   2.322     nan                                None     -16.938       3.356     -19.092       0.999      -2.975       0.567
Gaia DR3 4062389388288459136 270.7224754 -29.1891461 18.644    nan       2.963  66.2103  88.5685    66.20      nan      nan   10.744  nan      nan    nan   1.348     nan                                None     -12.518       7.457     -10.929       0.551       0.936       0.341
Gaia DR3 4044230992372774144 270.0792074 -30.0893409 19.254  1.684       1.899  65.8639  88.5762    66.19      nan      nan   10.690  nan      nan    nan   1.735     nan                                None     -10.949       9.829      -6.723       1.041       9.151       0.604
Gaia DR3 4063029308222158080 271.7764832 -27.3325414 19.236  1.465       2.648  67.0739  88.5834    66.17      nan      nan   10.878  nan      nan    nan   2.126     nan                                None     -15.179       2.507     -10.208       1.009      -0.983       0.712
Gaia DR3 4044161615741280000 270.3463056 -30.4121354 18.374  1.716       0.761  65.4679  88.5906    66.15      nan      nan   10.627  nan      nan    nan   3.181     nan                                None     -11.506      10.581     -10.839       0.760       9.012       0.496
Gaia DR3 4159810348869733632 277.6000725  -7.3082464 15.287  2.674       2.972  79.7635  88.5960    61.58      nan      nan   13.270  nan      nan    nan   1.018     nan                                None     -35.260     -60.905     -43.250       0.034     -58.603       0.029
Gaia DR3 4068932203968497920 266.8251370 -22.9467357 19.791    nan       1.421  73.2848  88.6032    66.39      nan      nan   11.952  nan      nan    nan   1.598     nan                                None      -3.713      -9.669      -6.860       0.976      -7.959       0.615
Gaia DR3 4953363315504000256  37.9882711 -37.7787233 15.575  2.687       2.009  30.6281  88.6097   -13.88      nan      nan    7.350  nan      nan    nan   1.099     nan                                None     -68.113     -74.387     -69.374       0.023     -71.542       0.032
Gaia DR3 4067120350513141504 265.9617778 -26.0496892 19.572  2.837       1.041  71.2843  88.6286    66.51      nan      nan   11.581  nan      nan    nan   1.606     nan                                None      -1.402      -0.560      -3.939       0.989      -0.387       0.441
Gaia DR3 4068112934615051520 265.9479747 -24.5405459 19.102  2.850       2.477  72.4942  88.6338    66.48      nan      nan   11.799  nan      nan    nan   2.318     nan                                None      -1.393      -4.930       0.160       1.290       1.033       0.673
Gaia DR3 4056131620909532928 268.2686076 -30.8087293 18.609    nan       2.536  66.2886  88.6454    66.24      nan      nan   10.745  nan      nan    nan   1.728     nan                                None      -6.743      11.907      -7.419       0.823       6.204       0.556
Gaia DR3 4065340653480005760 274.8269979 -24.0947652 19.018  1.470       2.952  67.8971  88.6462    65.73      nan      nan   11.001  nan      nan    nan   3.187     nan                                None     -22.651      -6.556     -16.093       1.273      -8.523       0.931
Gaia DR3 4068413066930387968 265.9800973 -23.7787384 19.975    nan       0.767  73.0852  88.6538    66.45      nan      nan   11.905  nan      nan    nan   1.676     nan                                None      -1.489      -7.194      -2.507       1.229      -8.827       0.824
Gaia DR3 4063073662587534336 272.2799623 -26.7920407 19.744  1.332       2.323  67.2158  88.6761    66.13      nan      nan   10.887  nan      nan    nan   1.043     nan                                None     -16.387       1.012     -14.305       0.934      -3.897       0.713
Gaia DR3 4061054688459538432 265.5386895 -26.7171611 19.632  4.163       2.365  70.9838  88.6801    66.51      nan      nan   11.519  nan      nan    nan   1.477     nan                                None      -0.324       1.329       4.588       1.601       4.303       0.681
Gaia DR3 2336230040271942400   3.9782129 -23.6397758 17.870  3.321       2.231  31.3187  88.6899     3.65      nan      nan    7.380  nan      nan    nan   0.966     nan                                None     -91.834     -47.496     -95.232       0.116     -46.787       0.098
Gaia DR3 4118283959343784832 263.3521740 -21.0499760 19.930  2.237       0.730  76.7232  88.6903    66.20      nan      nan   12.606  nan      nan    nan   1.965     nan                                None       5.698     -16.055       7.140       1.407     -14.759       0.891
Gaia DR3 4077733248993126784 277.6818258 -23.8084538 19.259  1.374       2.743  66.5005  88.7047    65.21      nan      nan   10.769  nan      nan    nan   1.831     nan                                None     -28.805      -7.677     -23.374       0.976     -10.723       0.762
Gaia DR3 4043886638984967808 270.2149473 -31.5303037 19.628  1.709       2.555  64.6758  88.7077    66.05      nan      nan   10.491  nan      nan    nan   1.537     nan                                None     -11.057      13.313     -13.397       0.829       8.169       0.526
Gaia DR3 4063360432998710784 271.1683006 -26.2771122 20.351    nan       1.999  68.2377  88.7150    66.24      nan      nan   11.046  nan      nan    nan   1.023     nan                                None     -13.946      -0.226      -9.321       1.158      -0.751       1.063
Gaia DR3 4067880525248742528 265.8548057 -25.7377504 19.866  2.694       2.286  71.5908  88.7342    66.51      nan      nan   11.617  nan      nan    nan   1.439     nan                                None      -1.134      -1.448       2.142       1.110      -5.986       0.796
Gaia DR3 4064609718783772160 272.6782754 -26.4677584 19.085    nan       1.950  67.2469  88.7420    66.08      nan      nan   10.881  nan      nan    nan   1.583     nan                                None     -17.323       0.100     -15.299       1.078      -3.888       0.637
Gaia DR3 4068292837871852928 265.2061334 -24.1351974 19.212    nan       2.666  73.2243  88.7573    66.47      nan      nan   11.911  nan      nan    nan   2.524     nan                                None       0.535      -6.156       2.551       1.041       0.228       0.684
Gaia DR3 4061963915804597632 265.1568997 -25.3636540 19.087  2.608       1.895  72.2692  88.7682    66.51      nan      nan   11.733  nan      nan    nan   2.448     nan                                None       0.653      -2.536      -2.773       0.758       0.664       0.553
Gaia DR3 4089688926108461056 274.9323022 -22.7663971 19.424  2.084       2.447  68.8823  88.7822    65.63      nan      nan   11.141  nan      nan    nan   2.063     nan                                None     -23.194     -10.235     -17.501       1.157     -11.023       0.813
Gaia DR3 4049823963174330496 273.7294693 -29.1219911 18.569    nan       2.244  64.6000  88.7925    65.88      nan      nan   10.467  nan      nan    nan   6.406     nan                                None     -19.059       6.694     -15.971       1.356      10.565       1.139
Gaia DR3 4062554868952686720 269.3137669 -28.9435024 18.664  1.623       1.727  67.1739  88.7927    66.32      nan      nan   10.862  nan      nan    nan   3.222     nan                                None      -9.305       7.019      -5.354       0.969       7.191       0.677
Gaia DR3 4049941817052588288 271.2986205 -30.7863371 19.512  1.870       2.601  64.6582  88.7973    66.03      nan      nan   10.475  nan      nan    nan   1.075     nan                                None     -13.524      11.279      -8.591       0.749       8.338       0.553
Gaia DR3 4110057482158556672 261.3045444 -25.1046447 20.152    nan       1.796  74.5557  88.7974    66.36      nan      nan   12.155  nan      nan    nan   2.144     nan                                None      10.952      -3.564       8.029       1.970      -7.117       1.284
Gaia DR3 4068334653750885888 266.1406023 -24.2102517 20.257    nan       2.871  72.6522  88.8007    66.47      nan      nan   11.797  nan      nan    nan   1.014     nan                                None      -1.892      -5.885      -3.001       1.841       1.169       0.905
Gaia DR3 4068228761227359488 264.7706173 -24.8933337 19.863  1.820       2.346  72.8553  88.8158    66.49      nan      nan   11.831  nan      nan    nan   1.095     nan                                None       1.663      -3.923      -3.882       0.932      -2.052       0.498
Gaia DR3 4063329818558131200 271.0856718 -26.5007590 20.133  2.759       2.439  68.1083  88.8281    66.25      nan      nan   11.007  nan      nan    nan   1.030     nan                                None     -13.697       0.384      -8.901       1.370       3.388       0.906
Gaia DR3 4062394993148687616 270.7631521 -29.0459332 18.593  1.756       2.734  66.2993  88.8333    66.21      nan      nan   10.719  nan      nan    nan   1.806     nan                                None     -12.583       7.061      -7.095       0.468       4.226       0.336
Gaia DR3 4050529819565246464 272.4257371 -29.0321277 18.814  1.704       2.602  65.3927  88.8409    66.04      nan      nan   10.579  nan      nan    nan   2.835     nan                                None     -16.260       6.731     -12.997       0.844       1.932       0.539
Gaia DR3 4066380477923280768 274.0359467 -23.2272894 19.794  1.811       1.616  69.0268  88.8430    65.80      nan      nan   11.155  nan      nan    nan   1.193     nan                                None     -21.054      -8.869     -18.637       1.243     -11.800       0.865
Gaia DR3 4118868040624685696 267.0877147 -20.8265489 19.993  2.062       1.846  74.8383  88.8573    66.19      nan      nan   12.197  nan      nan    nan   1.065     nan                                None      -4.493     -16.187      -9.180       1.472     -15.436       0.809
Gaia DR3 4060483801319431552 264.6860794 -27.8226666 18.577  3.100       2.880  70.5663  88.8591    66.48      nan      nan   11.414  nan      nan    nan   2.954     nan                                None       1.816       4.401      -4.915       0.629       6.049       0.410
Gaia DR3 4111208086668098304 259.9822047 -23.6495380 19.730  1.891       2.160  76.4407  88.8642    66.20      nan      nan   12.512  nan      nan    nan   2.467     nan                                None      14.895      -8.236      11.667       1.693     -12.931       1.217
Gaia DR3 4056323382481480192 269.0976313 -29.6694600 18.826  2.097       2.418  66.7257  88.8713    66.29      nan      nan   10.779  nan      nan    nan   1.767     nan                                None      -8.724       8.892      -3.434       0.742      10.378       0.501
Gaia DR3 4045504123687064192 274.8675997 -33.3605080 19.686  1.315       2.903  60.7388  88.8767    65.32      nan      nan    9.916  nan      nan    nan   3.211     nan                                None     -20.503      16.298     -21.269       1.526      10.279       1.089
Gaia DR3 4058859479148978304 262.7635099 -28.8826349 18.840  2.616       0.514  70.7498  88.9060    66.39      nan      nan   11.438  nan      nan    nan   2.621     nan                                None       6.648       7.308       7.225       0.885       6.212       0.725
Gaia DR3 4056544148136482816 268.8256982 -29.1284106 18.983  2.794       2.205  67.2960  88.9246    66.34      nan      nan   10.861  nan      nan    nan   1.252     nan                                None      -8.142       7.545      -3.154       0.651       6.773       0.596
Gaia DR3 4117067899652028032 266.1583772 -22.1663184 19.982  2.340       1.853  74.2786  88.9587    66.34      nan      nan   12.070  nan      nan    nan   1.423     nan                                None      -1.983     -12.054      -6.693       1.274     -11.843       1.009
Gaia DR3 4061946083096710784 265.2508004 -25.5503522 19.639    nan       1.913  72.0691  88.9592    66.51      nan      nan   11.662  nan      nan    nan   2.194     nan                                None       0.409      -1.987       2.163       1.173       2.378       0.765
Gaia DR3 4091084446925514752 275.5678726 -21.0312807 19.915  2.671       2.898  69.8917  88.9683    65.37      nan      nan   11.280  nan      nan    nan   1.306     nan                                None     -25.034     -15.184     -19.393       1.442     -11.224       1.185
Gaia DR3 4062826654550979584 271.5013208 -28.2053340 16.154  1.976       1.763  66.5461  88.9870    66.18      nan      nan   10.734  nan      nan    nan   4.488     nan                                None     -14.333       4.789     -13.821       0.641       8.745       0.472
Gaia DR3 4116318788557641472 264.4844020 -24.1756283 19.908  2.291       2.919  73.5860  88.9916    66.46      nan      nan   11.934  nan      nan    nan   1.471     nan                                None       2.427      -6.057      -3.295       1.132      -1.455       0.734
Gaia DR3 4064932318020389888 273.0838901 -25.6293072 19.678    nan       1.367  67.6758  88.9970    66.03      nan      nan   10.910  nan      nan    nan   3.043     nan                                None     -18.333      -2.180     -17.443       1.674      -5.196       0.938
Gaia DR3 4117638717860170752 263.6334978 -22.0320188 20.362  1.347       2.631  75.7754  88.9977    66.31      nan      nan   12.352  nan      nan    nan   1.097     nan                                None       4.820     -12.763       0.586       2.396      -7.376       0.906
Gaia DR3 6593300267134509952 337.6242403 -41.1549795 16.922  2.712       1.787  20.2057  88.9987    33.08      nan      nan    6.923  nan      nan    nan   1.057     nan                                None     -82.954     -14.829     -84.307       0.074     -12.599       0.069
Gaia DR3 4117482999496350336 263.2788623 -22.4738720 20.003  1.801       2.202  75.6126  89.0009    66.33      nan      nan   12.319  nan      nan    nan   1.995     nan                                None       5.766     -11.413       8.644       1.619     -16.356       1.316
Gaia DR3 4061132788034192640 263.2630575 -28.3031780 18.804    nan       0.958  70.9458  89.0012    66.43      nan      nan   11.456  nan      nan    nan   2.414     nan                                None       5.402       5.722       3.091       0.951       5.614       0.720
Gaia DR3 4065644801514631168 271.3350133 -25.6367813 19.293  1.785       2.538  68.6477  89.0072    66.22      nan      nan   11.066  nan      nan    nan   2.696     nan                                None     -14.374      -1.973     -12.667       1.268       3.695       0.827
Gaia DR3 4116678088291503104 263.7238509 -23.2179297 20.093  2.634       1.144  74.7701  89.0365    66.40      nan      nan   12.149  nan      nan    nan   1.925     nan                                None       4.500      -9.031       1.899       1.406     -10.379       0.960
Gaia DR3 4067122790039972096 266.1092785 -25.9586874 20.220  4.369       0.924  71.2763  89.0482    66.51      nan      nan   11.505  nan      nan    nan   1.080     nan                                None      -1.766      -0.814      -1.590       1.156      -3.049       0.958
Gaia DR3 4068279957323116416 265.2065382 -24.2361438 17.013  2.559       2.552  73.1433  89.0697    66.47      nan      nan   11.837  nan      nan    nan   5.225     nan                                None       0.530      -5.825      -5.814       0.544      -6.388       0.361
Gaia DR3 4062269476939897216 269.7675146 -29.6793747 18.567  2.020       2.360  66.3525  89.0883    66.24      nan      nan   10.689  nan      nan    nan   1.658     nan                                None     -10.219       8.789      -7.657       0.585       4.128       0.416
Gaia DR3 4064626825716733440 272.5819096 -26.3008420 19.272    nan       2.601  67.4312  89.0905    66.10      nan      nan   10.857  nan      nan    nan   1.880     nan                                None     -17.057      -0.328     -11.784       0.907      -3.092       0.547
Gaia DR3 4061857537998166784 264.9992620 -26.0534332 19.957  2.454       1.534  71.8046  89.0935    66.51      nan      nan   11.591  nan      nan    nan   1.560     nan                                None       1.047      -0.548       0.791       0.907      -4.288       0.590
Gaia DR3 4065285707990276352 274.7977358 -24.5781135 19.528    nan       2.423  67.5345  89.1046    65.76      nan      nan   10.871  nan      nan    nan   3.417     nan                                None     -22.314      -5.202     -18.618       1.426      -1.058       1.038
Gaia DR3 5119595145612394752  34.9623810 -24.9538750 17.697  3.169       2.492  39.3020  89.1188   -22.03      nan      nan    7.818  nan      nan    nan   1.061     nan                                None     -75.858     -70.410     -73.317       0.089     -73.637       0.102
Gaia DR3 4064020758439767040 269.6656596 -26.5968391 19.636  2.679       2.933  68.8194  89.1193    66.37      nan      nan   11.076  nan      nan    nan   1.706     nan                                None     -10.343       0.779      -5.737       0.927       5.848       0.530
Gaia DR3 4116499623820449792 265.4807968 -23.0858049 20.171    nan       2.807  73.9145  89.1400    66.41      nan      nan   11.966  nan      nan    nan   1.183     nan                                None      -0.185      -9.256       0.952       1.034      -2.267       0.676
Gaia DR3 4050413335693942912 271.1010421 -28.9357179 19.266    nan       1.751  66.1990  89.1456    66.18      nan      nan   10.657  nan      nan    nan   1.898     nan                                None     -13.298       6.697      -9.476       1.388       5.768       0.935
Gaia DR3 4116686643870698752 263.8998250 -23.0698446 20.395    nan       0.639  74.7933  89.1487    66.39      nan      nan   12.131  nan      nan    nan   1.382     nan                                None       4.024      -9.451       4.579       2.251     -10.990       0.979
Gaia DR3 4118657415413816448 267.3175883 -21.1548528 20.123    nan       2.735  74.4468  89.1506    66.22      nan      nan   12.064  nan      nan    nan   1.596     nan                                None      -5.053     -15.052      -8.199       1.912      -8.847       1.017
Gaia DR3 4067897258447620608 265.6553081 -25.6482388 17.014  2.703       2.407  71.7708  89.1635    66.51      nan      nan   11.572  nan      nan    nan   3.412     nan                                None      -0.622      -1.695      -2.502       0.266       3.869       0.241
Gaia DR3 4062374549090212864 269.7557025 -29.0318747 18.555    nan       1.844  66.8631  89.1744    66.29      nan      nan   10.755  nan      nan    nan   3.501     nan                                None     -10.255       7.146      -6.347       1.039       5.661       0.657
Gaia DR3 4066335127295384576 273.4961804 -23.7821815 19.725  2.630       2.350  68.8945  89.1757    65.91      nan      nan   11.080  nan      nan    nan   1.462     nan                                None     -19.611      -7.242     -19.012       1.493     -12.697       1.152
Gaia DR3 4063285391363153920 271.6382954 -26.7196065 19.025  1.409       1.516  67.6297  89.1838    66.20      nan      nan   10.874  nan      nan    nan   1.818     nan                                None     -14.845       0.898     -11.446       0.764       0.177       0.598
Gaia DR3 4823023560719289600  81.8280405 -34.2548838 18.233  3.502       1.486  58.0402  89.1941   -32.66      nan      nan    9.536  nan      nan    nan   0.942     nan                                None      -7.499    -116.327      -5.430       0.113    -118.481       0.129
Gaia DR3 4060467033761512832 264.7557190 -27.9650182 18.471  2.847       0.605  70.4158  89.2131    66.48      nan      nan   11.328  nan      nan    nan   2.765     nan                                None       1.629       4.763       0.215       0.747       5.063       0.546
Gaia DR3 4116614454080827136 263.9843342 -23.4160676 20.291  2.142       2.547  74.4686  89.2239    66.42      nan      nan   12.054  nan      nan    nan   1.221     nan                                None       3.775      -8.369      -1.023       1.712      -4.026       1.003
Gaia DR3 4116979625052964224 265.6862441 -22.3525547 19.517  1.788       0.171  74.3898  89.2548    66.36      nan      nan   12.033  nan      nan    nan   1.851     nan                                None      -0.729     -11.465      -0.565       0.857     -11.063       0.568
Gaia DR3 4068881832624081024 267.1017044 -23.0104391 20.011  0.975       1.493  73.0809  89.2570    66.38      nan      nan   11.790  nan      nan    nan   1.163     nan                                None      -4.379      -9.363      -7.810       1.211      -7.948       0.624
Gaia DR3 4068928802316725760 267.4150324 -22.5028257 20.204  2.009       2.632  73.3130  89.2570    66.34      nan      nan   11.833  nan      nan    nan   1.476     nan                                None      -5.209     -10.874      -4.061       1.465      -4.409       1.020
Gaia DR3 4059704831780926080 262.2842057 -28.2725061 20.382    nan       2.654  71.4903  89.2601    66.39      nan      nan   11.506  nan      nan    nan   1.183     nan                                None       7.896       5.606       1.480       1.456       6.135       1.126
Gaia DR3 4056479341337191040 268.6852170 -29.8434507 18.187    nan       2.268  66.8144  89.2608    66.30      nan      nan   10.735  nan      nan    nan   1.993     nan                                None      -7.717       9.341      -9.749       0.613       4.627       0.402
Gaia DR3 4043902581858352896 270.2613133 -31.3159908 19.403    nan       2.214  64.8158  89.2608    66.07      nan      nan   10.433  nan      nan    nan   2.164     nan                                None     -11.103      12.692     -12.178       0.930       7.943       0.707
Gaia DR3 4060456794639840768 264.8064037 -28.0549385 19.989    nan       1.845  70.3173  89.2619    66.48      nan      nan   11.303  nan      nan    nan   1.780     nan                                None       1.500       5.002      -2.893       1.680       5.207       0.875
Gaia DR3 4063937779719683456 270.0001529 -27.1534557 19.610    nan       2.094  68.1975  89.2757    66.34      nan      nan   10.950  nan      nan    nan   1.896     nan                                None     -11.027       2.232      -8.045       1.236       6.036       0.758
Gaia DR3 4063443785386001664 268.2947425 -28.2197674 19.409  3.554       2.129  68.2972  89.2777    66.41      nan      nan   10.966  nan      nan    nan   1.107     nan                                None      -6.944       5.217      -8.457       0.828       0.534       0.580
Gaia DR3 4064590030624136704 272.3205034 -26.6187456 19.422    nan       1.701  67.3286  89.2798    66.12      nan      nan   10.812  nan      nan    nan   2.172     nan                                None     -16.370       0.544     -13.593       1.274       3.249       0.849
Gaia DR3 4068755633501271680 266.4882890 -23.3558354 20.096    nan       0.525  73.1437  89.2937    66.42      nan      nan   11.795  nan      nan    nan   1.406     nan                                None      -2.792      -8.355      -2.695       1.714      -9.656       1.110
Gaia DR3 4057438600817384064 268.2116632 -28.2754511 18.958  2.713       2.725  68.2989  89.3002    66.41      nan      nan   10.963  nan      nan    nan   1.261     nan                                None      -6.742       5.369      -4.350       0.684      -0.457       0.419
Gaia DR3 4062747519688427520 269.5814358 -28.0194819 19.245  2.742       2.791  67.7495  89.3162    66.34      nan      nan   10.873  nan      nan    nan   1.926     nan                                None      -9.952       4.551     -14.823       0.962       0.403       0.584
Gaia DR3 4068325724446675584 265.8380025 -24.2083941 19.846  2.255       2.983  72.8197  89.3205    66.47      nan      nan   11.731  nan      nan    nan   1.094     nan                                None      -1.102      -5.854      -7.318       1.185      -1.880       0.748
Gaia DR3 4064309517650514816 268.8608368 -25.8777326 20.020    nan       2.983  69.8305  89.3311    66.41      nan      nan   11.209  nan      nan    nan   1.669     nan                                None      -8.490      -1.123      -3.387       1.480       3.739       0.778
Gaia DR3 4062802701569344000 270.0075097 -27.5052242 18.974    nan       0.670  67.9177  89.3470    66.33      nan      nan   10.895  nan      nan    nan   1.495     nan                                None     -10.989       3.155     -10.906       0.819       1.619       0.551
Gaia DR3 4068401174097747456 265.2703285 -23.8047618 19.205  2.311       2.317  73.4538  89.3560    66.45      nan      nan   11.840  nan      nan    nan   1.027     nan                                None       0.364      -7.077      -4.477       0.717      -3.914       0.442
Gaia DR3 4062433815300123520 271.3318456 -28.6890850 19.088    nan       1.381  66.2634  89.3580    66.17      nan      nan   10.636  nan      nan    nan   3.250     nan                                None     -13.808       6.018     -16.192       1.272       4.043       0.829
Gaia DR3 4060662540672606720 265.3781142 -27.7229427 20.217  3.026       2.084  70.2726  89.3599    66.49      nan      nan   11.279  nan      nan    nan   1.250     nan                                None       0.080       4.079      -1.698       1.122      -0.547       0.655
Gaia DR3 4062577889917745536 269.6889400 -28.6520918 19.112    nan       2.972  67.1960  89.3808    66.31      nan      nan   10.776  nan      nan    nan   1.479     nan                                None     -10.117       6.166      -7.965       1.006      -0.234       0.901
Gaia DR3 4052567111420807168 274.0965385 -26.8141883 19.435  1.410       2.276  66.1831  89.3951    65.90      nan      nan   10.618  nan      nan    nan   1.657     nan                                None     -20.180       0.786     -15.420       0.820      -1.032       0.562
Gaia DR3 4062252842822912640 269.8609301 -29.8098955 18.221  1.819       1.961  66.2000  89.4514    66.23      nan      nan   10.612  nan      nan    nan   2.562     nan                                None     -10.363       9.056      -8.821       0.548       4.950       0.368
Gaia DR3 5979577993540851840 260.6421934 -31.9533636 20.183  2.790       2.531  69.4151  89.4517    66.01      nan      nan   11.121  nan      nan    nan   1.596     nan                                None      11.633      15.261      15.926       2.013      11.166       1.225
Gaia DR3 4056545831696703872 268.9735207 -29.0408200 19.528    nan       1.910  67.2838  89.4549    66.33      nan      nan   10.778  nan      nan    nan   1.472     nan                                None      -8.430       7.247     -11.492       1.383       4.173       0.844
Gaia DR3 4366054369165757952 254.6337440  -3.5127551 13.792  2.540       2.280  95.9726  89.4596    60.30      nan      nan   17.093  nan      nan    nan   1.111     nan                                None      40.222     -92.916      48.375       0.018     -91.914       0.014
Gaia DR3 4065669166934953600 271.9596940 -25.3828520 19.756    nan       2.484  68.4985  89.4691    66.15      nan      nan   10.968  nan      nan    nan   1.639     nan                                None     -15.744      -2.705     -12.697       1.870      -7.573       1.129
Gaia DR3 4062599158602756480 268.9561366 -28.9076615 19.100  2.630       1.291  67.3973  89.4697    66.34      nan      nan   10.794  nan      nan    nan   1.938     nan                                None      -8.401       6.907      -6.967       1.023       4.343       0.606
Gaia DR3 4062325719659680000 269.6676315 -29.3397856 19.029    nan       2.970  66.6714  89.4726    66.27      nan      nan   10.681  nan      nan    nan   1.130     nan                                None      -9.978       7.907      -9.725       0.579       1.224       0.415
Gaia DR3 4063967260367730304 269.9682509 -26.7773627 19.668    nan       1.449  68.5103  89.4776    66.34      nan      nan   10.969  nan      nan    nan   1.801     nan                                None     -10.969       1.231     -13.979       1.390      -0.241       0.799
Gaia DR3 4065606907040967936 274.3874897 -23.4995999 19.247    nan       2.696  68.6135  89.4821    65.77      nan      nan   10.985  nan      nan    nan   1.605     nan                                None     -21.571      -8.061     -15.664       1.052      -6.039       0.691
Gaia DR3 4068250442234134656 264.4866212 -24.6610373 19.725  2.332       2.428  73.1958  89.4833    66.48      nan      nan   11.769  nan      nan    nan   1.060     nan                                None       2.388      -4.576      -3.038       0.936      -1.961       0.454
Gaia DR3 4063107029929970176 270.8462790 -27.5758262 19.048  2.237       2.487  67.3994  89.4998    66.26      nan      nan   10.790  nan      nan    nan   1.635     nan                                None     -12.863       3.231     -10.299       0.641      -1.812       0.413
Gaia DR3 4062882042387761152 271.0643689 -28.1574126 18.662  2.008       1.734  66.8249  89.5175    66.22      nan      nan   10.698  nan      nan    nan   1.405     nan                                None     -13.264       4.697      -9.545       0.524       3.490       0.380
Gaia DR3 4056507074027658368 268.7022551 -29.4405977 19.172    nan       2.049  67.1194  89.5360    66.32      nan      nan   10.741  nan      nan    nan   1.545     nan                                None      -7.761       8.288      -5.639       1.160       4.163       0.825
Gaia DR3 4052223067385907584 274.2785056 -27.7637175 19.160    nan       2.996  65.3439  89.5383    65.86      nan      nan   10.472  nan      nan    nan   1.943     nan                                None     -20.316       3.158     -15.767       1.271      -1.643       0.736
Gaia DR3 4062821397371129856 271.7278559 -28.3136469 19.161    nan       0.906  66.3364  89.5458    66.15      nan      nan   10.619  nan      nan    nan   3.052     nan                                None     -14.705       4.991     -14.859       1.335       2.967       0.885
Gaia DR3 4053144591378186368 276.1572334 -25.3467535 19.777  1.472       2.373  66.1650  89.5567    65.56      nan      nan   10.592  nan      nan    nan   1.581     nan                                None     -24.855      -3.333     -20.263       1.364      -5.978       1.050
Gaia DR3 4116754293873901952 264.7479719 -22.7733704 20.015    nan       0.416  74.5677  89.5579    66.39      nan      nan   12.008  nan      nan    nan   1.425     nan                                None       1.747     -10.209       0.736       1.159      -9.920       0.745
Gaia DR3 4060196961911665536 265.2797220 -28.5135569 19.054  4.047       1.413  69.6996  89.5634    66.46      nan      nan   11.149  nan      nan    nan   1.974     nan                                None       0.320       6.189       1.060       0.969       9.426       0.459
Gaia DR3 4118029319351139200 264.7990992 -21.3332459 20.342    nan       0.982  75.6989  89.5994    66.27      nan      nan   12.214  nan      nan    nan   1.222     nan                                None       1.640     -14.680      -0.342       1.566     -13.111       1.024
Gaia DR3 4056523360419276416 269.2508027 -29.3398432 19.128    nan       2.369  66.8990  89.6019    66.30      nan      nan   10.697  nan      nan    nan   2.172     nan                                None      -9.016       7.952      -8.343       1.106       2.653       0.816
Gaia DR3 4068478487800651520 267.6459407 -24.1076621 20.459    nan       2.046  71.9049  89.6346    66.43      nan      nan   11.512  nan      nan    nan   1.134     nan                                None      -5.651      -6.072      -3.502       1.440      -1.597       0.941
Gaia DR3 4050923032311021824 272.3365256 -28.1463945 18.872  1.499       1.622  66.1291  89.6355    66.09      nan      nan   10.575  nan      nan    nan   1.375     nan                                None     -16.048       4.462     -13.206       0.734       2.226       0.460
Gaia DR3 4065011624559677184 272.4277685 -25.3067315 19.176  1.626       2.287  68.2964  89.6427    66.10      nan      nan   10.909  nan      nan    nan   2.488     nan                                None     -16.772      -2.949     -12.307       1.101      -0.171       0.824
Gaia DR3 4068957389598137600 266.6223794 -22.5881269 19.362  2.067       2.491  73.6839  89.6439    66.37      nan      nan   11.828  nan      nan    nan   2.146     nan                                None      -3.148     -10.601       2.973       1.237      -9.545       0.948
Gaia DR3 2892503827809081856  94.5395681 -33.3095028  8.431  0.655       0.816  65.6462  89.6547   -33.07      nan      nan   10.500  nan      nan    nan   0.903     nan                                None      20.965    -126.097      19.331       0.014    -125.327       0.015
Gaia DR3 4116462652707008896 265.0273236 -23.4531867 19.660    nan       1.979  73.8687  89.6549    66.43      nan      nan   11.860  nan      nan    nan   1.551     nan                                None       0.998      -8.110       4.355       1.085      -4.476       0.714
Gaia DR3 4061746521702270976 264.7598252 -26.5140407 19.662  2.372       2.691  71.5673  89.6574    66.51      nan      nan   11.450  nan      nan    nan   1.460     nan                                None       1.636       0.747      -3.697       0.997       4.453       0.607
Gaia DR3 4062599055523725696 268.9174794 -28.9241278 19.217    nan       1.892  67.4055  89.6626    66.34      nan      nan   10.766  nan      nan    nan   2.046     nan                                None      -8.288       6.935      -4.724       1.379       4.539       0.857
Gaia DR3 4062275077535970048 270.0326351 -29.5189370 19.563    nan       2.360  66.3323  89.6870    66.24      nan      nan   10.598  nan      nan    nan   1.833     nan                                None     -10.748       8.276      -5.744       1.476       6.613       0.791
Gaia DR3 4065104185584009472 274.6414220 -25.3581267 19.150  1.683       2.737  67.0123  89.7033    65.81      nan      nan   10.699  nan      nan    nan   1.733     nan                                None     -21.599      -3.073     -17.599       0.936      -7.775       0.743
Gaia DR3 4116727978593506048 264.5420233 -22.9499243 19.921  1.921       1.340  74.5387  89.7122    66.40      nan      nan   11.973  nan      nan    nan   1.270     nan                                None       2.284      -9.666       4.472       1.187      -7.088       0.621
Gaia DR3 4060912679649931008 264.8541934 -27.4692499 20.411    nan       2.891  70.7564  89.7164    66.50      nan      nan   11.301  nan      nan    nan   1.028     nan                                None       1.381       3.382      -5.062       1.666       0.943       0.874
Gaia DR3 3016165080248839424  85.7273747  -6.9242051 16.442  3.229       2.654  81.7788  89.7178   -55.67      nan      nan   13.437  nan      nan    nan   1.039     nan                                None       0.935    -103.151      -5.289       0.045     -98.935       0.039
Gaia DR3 4062468488577167872 270.5116841 -28.6888402 18.754    nan       2.314  66.7155  89.7214    66.25      nan      nan   10.651  nan      nan    nan   2.369     nan                                None     -11.918       6.115     -10.722       1.006       1.059       0.573
Gaia DR3 4090505691444008576 274.0648574 -22.5231434 19.722    nan       2.521  69.5660  89.7255    65.75      nan      nan   11.101  nan      nan    nan   1.409     nan                                None     -21.021     -10.723     -15.150       1.343     -10.145       1.003
Gaia DR3 4067947492426392320 265.4819203 -25.5319302 19.667    nan       1.397  71.9580  89.7323    66.51      nan      nan   11.504  nan      nan    nan   1.699     nan                                None      -0.181      -2.012      -2.828       1.039       0.101       0.688
Gaia DR3 4118031999415533056 264.5383059 -21.5065145 19.919    nan       2.064  75.7028  89.7354    66.28      nan      nan   12.188  nan      nan    nan   1.340     nan                                None       2.335     -14.136       1.635       1.069      -8.880       0.848
Gaia DR3 4123189705340036864 265.1332147 -18.6904738 20.194  2.408       2.066  77.6485  89.7428    65.94      nan      nan   12.566  nan      nan    nan   1.743     nan                                None       0.765     -23.184       3.657       1.363     -18.538       0.868
Gaia DR3 5122052137488443648  29.3046467 -24.5458327 18.967  2.183       2.040  37.1263  89.7465   -18.04      nan      nan    7.637  nan      nan    nan   1.976     nan                                None     -79.780     -65.372     -79.671       0.947     -62.090       0.859
Gaia DR3 4068468248579116928 267.2415261 -24.1700245 20.145  1.737       1.942  72.0785  89.7511    66.44      nan      nan   11.522  nan      nan    nan   1.048     nan                                None      -4.633      -5.887      -9.303       1.196      -5.222       0.850
Gaia DR3 4064934486921984256 272.9005073 -25.6394475 19.398  1.804       2.350  67.7707  89.7519    66.05      nan      nan   10.809  nan      nan    nan   2.794     nan                                None     -17.732      -2.108     -13.334       1.317       0.948       1.024
Gaia DR3 4063654243081123072 267.8924306 -27.9370497 17.552  1.701       2.994  68.7389  89.7533    66.44      nan      nan   10.962  nan      nan    nan   2.435     nan                                None      -5.974       4.478      -2.264       0.333      -1.362       0.247
Gaia DR3 4062887265066818944 271.0487040 -28.0579108 19.018  2.034       2.040  66.9111  89.7629    66.23      nan      nan   10.675  nan      nan    nan   2.147     nan                                None     -13.198       4.430      -9.239       0.824       2.107       0.632
Gaia DR3 4056452094121748480 268.0782475 -29.6922554 19.391  1.752       2.748  67.2619  89.7659    66.34      nan      nan   10.728  nan      nan    nan   1.266     nan                                None      -6.284       8.976      -8.973       1.235       3.372       0.792
Gaia DR3 4062839608086765056 271.4563714 -28.1365781 18.737  1.332       1.927  66.6245  89.7837    66.18      nan      nan   10.628  nan      nan    nan   2.552     nan                                None     -14.087       4.569     -10.278       0.738       6.599       0.604
Gaia DR3 4064885726327256576 272.1208547 -25.9272735 19.444  2.207       1.510  67.9813  89.8133    66.15      nan      nan   10.833  nan      nan    nan   1.490     nan                                None     -15.930      -1.254     -12.486       1.011      -1.433       0.725
Gaia DR3 4068477903681584768 267.5820059 -24.1364111 19.887  3.459       2.388  71.9173  89.8386    66.43      nan      nan   11.479  nan      nan    nan   2.998     nan                                None      -5.474      -5.971      -0.012       1.440      -7.855       1.021
Gaia DR3 4116389535269410048 264.1122859 -23.8165858 20.116  2.659       2.943  74.0770  89.8418    66.44      nan      nan   11.863  nan      nan    nan   2.656     nan                                None       3.382      -7.071      -2.219       1.417      -2.296       0.940
Gaia DR3 4056520538710845952 268.9308057 -29.3405722 19.335  0.128       0.990  67.0730  89.8441    66.32      nan      nan   10.688  nan      nan    nan   1.413     nan                                None      -8.259       7.971      -7.529       1.278       5.863       0.632
Gaia DR3 4065664150411567616 271.6674653 -25.5121063 19.680    nan       2.513  68.5602  89.8554    66.19      nan      nan   10.918  nan      nan    nan   2.168     nan                                None     -14.975      -2.315     -15.388       1.366       3.455       0.863
Gaia DR3 4065559451992800256 273.8110053 -24.1353143 19.686  1.875       1.641  68.4391  89.8558    65.88      nan      nan   10.899  nan      nan    nan   2.101     nan                                None     -20.037      -6.234     -20.065       1.890      -2.465       1.094
Gaia DR3 4116342805942549760 264.9030765 -23.8237035 19.237  2.156       1.686  73.6396  89.8577    66.45      nan      nan   11.781  nan      nan    nan   1.497     nan                                None       1.313      -6.989      -2.063       0.769      -4.514       0.465
Gaia DR3 4068728004042545280 266.5176137 -23.7363977 19.744  1.868       2.560  72.8234  89.8598    66.44      nan      nan   11.634  nan      nan    nan   1.633     nan                                None      -2.829      -7.159      -7.575       1.200      -3.046       0.866
Gaia DR3 4052807762764461568 275.4159574 -26.1921640 19.707    nan       2.769  65.9253  89.8684    65.70      nan      nan   10.511  nan      nan    nan   1.271     nan                                None     -22.983      -1.027     -16.846       0.758      -0.976       0.525
Gaia DR3 4116471002129732480 265.3756065 -23.4931311 19.644    nan       0.868  73.6457  89.8704    66.44      nan      nan   11.779  nan      nan    nan   2.583     nan                                None       0.090      -7.938       2.099       1.377      -8.717       0.856
Gaia DR3 4050958629070285824 272.6950721 -27.7622798 19.018    nan       2.330  66.2285  89.8705    66.06      nan      nan   10.556  nan      nan    nan   2.191     nan                                None     -16.844       3.420     -14.548       0.909      -1.229       0.612
Gaia DR3 4064620469250658304 273.0167863 -26.1911403 19.341  1.822       2.323  67.2738  89.8747    66.04      nan      nan   10.714  nan      nan    nan   3.122     nan                                None     -17.847      -0.668     -22.733       1.271       1.243       1.015
Gaia DR3 4063032263161479680 271.9832471 -27.3217124 19.113    nan       1.491  66.9674  89.8760    66.15      nan      nan   10.667  nan      nan    nan   2.862     nan                                None     -15.365       2.405     -12.104       1.108       1.627       0.700
Gaia DR3 4117083155322494464 265.8847432 -22.1092214 19.561    nan       2.817  74.4756  89.8975    66.34      nan      nan   11.926  nan      nan    nan   2.364     nan                                None      -1.242     -12.073       5.120       1.480     -15.183       0.828
Gaia DR3 4050170004315606400 270.7285630 -30.3027633 18.375  1.797       2.719  65.3436  89.9211    66.13      nan      nan   10.418  nan      nan    nan   2.472     nan                                None     -12.152      10.057      -8.893       0.710       5.052       0.489
Gaia DR3 4062560568385863680 269.1371834 -28.7993957 19.480    nan       2.812  67.3830  89.9234    66.34      nan      nan   10.723  nan      nan    nan   1.327     nan                                None      -8.771       6.566      -4.632       0.855       1.742       0.553
Gaia DR3 4062746969909228416 269.6697681 -28.0335480    nan    nan       1.223  67.6900  89.9302    66.34      nan      nan   10.770  nan      nan    nan   1.761     nan                                None     -10.066       4.538      -7.762       1.150       2.988       0.780
Gaia DR3 4061024245636260992 266.3201114 -26.7622425 19.125  2.655       0.178  70.5235  89.9303    66.50      nan      nan   11.226  nan      nan    nan   1.595     nan                                None      -2.243       1.411      -1.822       0.853       1.426       0.590
Gaia DR3 4063943449061288320 269.9675777 -27.0550068 19.616    nan       1.097  68.2927  89.9590    66.34      nan      nan   10.860  nan      nan    nan   1.767     nan                                None     -10.858       1.955     -13.361       1.071       2.177       0.765
Gaia DR3 4060479437628673024 264.7814718 -27.8875679 18.789  3.550       1.778  70.4635  89.9648    66.48      nan      nan   11.210  nan      nan    nan   1.272     nan                                None       1.549       4.502       5.746       0.520       4.723       0.398
Gaia DR3 4068381863973393792 265.6694488 -23.9309977 19.966  1.786       2.709  73.1340  89.9672    66.46      nan      nan   11.670  nan      nan    nan   1.446     nan                                None      -0.664      -6.615       2.515       1.731      -0.757       1.192
Gaia DR3 4116456330507147648 264.8759415 -23.5457552 19.252  1.828       2.939  73.8773  89.9808    66.44      nan      nan   11.801  nan      nan    nan   1.264     nan                                None       1.385      -7.803      -3.944       0.721      -2.797       0.430
Gaia DR3 4056558300157271040 268.5014213 -29.3518562 19.605    nan       1.693  67.2980  89.9923    66.34      nan      nan   10.700  nan      nan    nan   0.986     nan                                None      -7.261       8.038      -5.390       0.823       4.709       0.532
Gaia DR3 4062460276661145472 270.4387651 -28.8589436 18.456  2.100       1.004  66.6231  89.9948    66.24      nan      nan   10.597  nan      nan    nan   1.654     nan                                None     -11.689       6.531     -12.151       0.664       4.336       0.485
